Num_Acc,an,mois,jour,hrmn,lum,agg,int,atm,col,com,gps,lat,long,dep
201000000652,10,11,25,1900,3,1,1,1.0,7.0,02080,M,0.0,0.0,02
201000000653,10,12,11,2000,3,1,1,1.0,6.0,02037,M,0.0,0.0,02
201000000654,10,1,3,1620,1,2,1,1.0,6.0,02173,M,0.0,0.0,02
201000000655,10,2,5,2115,5,2,1,1.0,6.0,02820,M,0.0,0.0,02
201000000656,10,2,7,300,3,1,1,1.0,6.0,02262,M,0.0,0.0,02
201000000657,10,2,20,2100,3,1,1,4.0,1.0,02001,M,0.0,0.0,02
201000000658,10,2,21,1700,1,1,3,1.0,1.0,02335,M,0.0,0.0,02
201000000659,10,2,22,1940,2,2,1,2.0,3.0,02336,M,0.0,0.0,02
201000000660,10,2,27,1440,1,1,1,1.0,5.0,02820,M,0.0,0.0,02
201000000661,10,3,2,730,2,1,1,1.0,1.0,02074,M,0.0,0.0,02
201000000662,10,4,3,1345,1,1,1,1.0,3.0,02262,M,0.0,0.0,02
201000000663,10,4,4,500,3,1,1,2.0,6.0,02081,M,0.0,0.0,02
201000000664,10,4,21,1200,1,2,1,1.0,6.0,02173,M,0.0,0.0,02
201000000665,10,4,23,1430,1,2,6,1.0,3.0,02173,M,0.0,0.0,02
201000000666,10,5,1,1530,1,1,1,1.0,3.0,02820,M,0.0,0.0,02
201000000667,10,5,14,2245,3,1,6,1.0,7.0,02566,M,0.0,0.0,02
201000000668,10,5,21,730,1,1,1,1.0,1.0,02145,M,0.0,0.0,02
201000000669,10,5,27,1345,1,1,3,1.0,3.0,02746,M,0.0,0.0,02
201000000670,10,5,30,1215,1,1,2,2.0,1.0,02820,M,0.0,0.0,02
201000000671,10,6,4,1800,1,1,4,1.0,1.0,02680,M,0.0,0.0,02
201000000672,10,8,10,245,4,2,1,5.0,6.0,02456,M,0.0,0.0,02
201000000673,10,8,13,640,2,1,1,1.0,6.0,02461,M,0.0,0.0,02
201000000674,10,10,5,2215,3,1,1,2.0,2.0,02651,M,0.0,0.0,02
201000000675,10,10,16,1635,1,1,1,1.0,6.0,02335,M,0.0,0.0,02
201000000676,10,11,9,1920,5,2,3,2.0,3.0,02002,M,0.0,0.0,02
201000000677,10,12,12,1330,1,1,1,1.0,7.0,02820,M,0.0,0.0,02
201000000678,10,3,5,1930,5,2,1,1.0,6.0,02299,M,0.0,0.0,02
201000000679,10,3,6,1045,1,1,1,1.0,3.0,02453,M,0.0,0.0,02
201000000680,10,3,14,1600,1,1,1,1.0,7.0,02234,M,0.0,0.0,02
201000000681,10,7,10,2200,3,1,1,1.0,6.0,02613,M,0.0,0.0,02
201000000682,10,8,12,1450,1,1,2,1.0,3.0,02656,M,0.0,0.0,02
201000000683,10,10,11,1220,1,2,3,1.0,3.0,02572,M,0.0,0.0,02
201000000684,10,10,23,1430,1,2,1,2.0,6.0,02360,M,0.0,0.0,02
201000000685,10,12,14,545,3,1,1,9.0,1.0,02033,M,0.0,0.0,02
201000000686,10,12,26,1745,3,1,1,1.0,3.0,02073,M,0.0,0.0,02
201000000687,10,2,6,1800,3,1,1,1.0,7.0,02750,M,0.0,0.0,02
201000000688,10,4,4,1130,1,2,3,1.0,1.0,02217,M,0.0,0.0,02
201000000689,10,4,17,545,3,1,1,1.0,7.0,02159,M,0.0,0.0,02
201000000690,10,6,16,2150,2,1,3,1.0,3.0,02107,M,0.0,0.0,02
201000000691,10,7,1,100,4,2,1,1.0,7.0,02619,M,0.0,0.0,02
201000000692,10,11,4,755,2,1,1,1.0,3.0,02704,M,0.0,0.0,02
201000000693,10,6,8,1700,1,1,2,1.0,3.0,02498,M,0.0,0.0,02
201000000694,10,6,10,700,1,1,3,1.0,3.0,02309,M,0.0,0.0,02
201000000695,10,6,27,945,1,1,1,1.0,3.0,02498,M,0.0,0.0,02
201000000696,10,7,2,1800,1,1,3,1.0,3.0,02720,M,0.0,0.0,02
201000000697,10,9,21,1945,3,1,1,1.0,6.0,02690,M,0.0,0.0,02
201000000698,10,10,1,850,1,2,1,1.0,6.0,02720,M,0.0,0.0,02
201000000699,10,10,9,200,3,1,1,1.0,7.0,02676,M,0.0,0.0,02
201000000700,10,1,12,2000,3,1,1,1.0,1.0,02228,M,0.0,0.0,02
201000000701,10,2,18,1900,3,1,1,1.0,1.0,02290,M,0.0,0.0,02
201000000702,10,2,23,1355,1,1,1,8.0,3.0,02290,M,0.0,0.0,02
201000000703,10,2,24,1730,1,1,1,2.0,3.0,02781,M,0.0,0.0,02
201000000704,10,3,11,1140,1,1,1,1.0,6.0,02146,M,0.0,0.0,02
201000000705,10,5,25,815,1,1,1,1.0,3.0,02085,M,0.0,0.0,02
201000000706,10,6,29,745,1,2,1,3.0,6.0,02228,M,0.0,0.0,02
201000000707,10,8,6,800,1,1,2,1.0,3.0,02540,M,0.0,0.0,02
201000000708,10,8,14,810,1,1,1,1.0,6.0,02677,M,0.0,0.0,02
201000000709,10,8,30,1415,1,1,1,1.0,1.0,02053,M,0.0,0.0,02
201000000710,10,10,16,1830,1,1,3,1.0,3.0,02290,M,0.0,0.0,02
201000000711,10,11,17,2015,3,1,1,1.0,7.0,02524,M,0.0,0.0,02
201000000712,10,11,19,1400,1,2,9,1.0,3.0,02554,M,0.0,0.0,02
201000000713,10,1,15,1915,3,2,1,2.0,6.0,02521,M,0.0,0.0,02
201000000714,10,9,12,1000,1,1,3,1.0,3.0,02163,M,0.0,0.0,02
201000000715,10,10,26,1710,1,1,9,1.0,3.0,02555,M,0.0,0.0,02
201000000716,10,2,7,800,2,1,1,8.0,6.0,02655,M,0.0,0.0,02
201000000717,10,4,18,1700,1,1,3,1.0,7.0,02227,M,0.0,0.0,02
201000000718,10,4,27,1245,1,1,3,7.0,1.0,02307,M,0.0,0.0,02
201000000719,10,5,24,1800,1,2,1,1.0,7.0,02307,M,0.0,0.0,02
201000000720,10,6,27,1435,1,2,2,1.0,3.0,02792,M,0.0,0.0,02
201000000721,10,8,5,830,1,2,3,1.0,1.0,02307,M,0.0,0.0,02
201000000722,10,8,11,905,1,2,9,2.0,6.0,02512,M,0.0,0.0,02
201000000723,10,10,31,1445,1,1,1,1.0,6.0,02449,M,0.0,0.0,02
201000000724,10,1,8,1900,3,1,1,8.0,7.0,02315,M,0.0,0.0,02
201000000725,10,1,12,1300,1,2,2,8.0,3.0,02060,M,0.0,0.0,02
201000000726,10,2,4,1515,1,1,1,1.0,6.0,02658,M,0.0,0.0,02
201000000727,10,4,2,930,1,1,1,1.0,2.0,02383,M,0.0,0.0,02
201000000728,10,4,25,1700,1,2,1,1.0,6.0,02420,M,0.0,0.0,02
201000000729,10,5,2,1730,1,1,1,1.0,7.0,02270,M,0.0,0.0,02
201000000730,10,5,22,1945,1,2,1,1.0,3.0,02032,M,0.0,0.0,02
201000000731,10,6,6,430,2,1,1,1.0,3.0,02355,M,0.0,0.0,02
201000000732,10,7,2,2045,2,1,1,1.0,6.0,02756,M,0.0,0.0,02
201000000733,10,8,30,1400,1,2,1,1.0,7.0,02019,M,0.0,0.0,02
201000000734,10,9,13,715,1,1,3,5.0,3.0,02785,M,0.0,0.0,02
201000000735,10,10,24,915,1,1,1,5.0,7.0,02383,M,0.0,0.0,02
201000000736,10,11,11,1715,2,2,1,2.0,6.0,02315,M,0.0,0.0,02
201000000737,10,11,15,1715,2,1,4,2.0,3.0,02774,M,0.0,0.0,02
201000000738,10,12,5,1530,1,1,1,4.0,6.0,02032,M,0.0,0.0,02
201000000739,10,12,13,1730,5,2,6,8.0,3.0,02420,M,0.0,0.0,02
201000000740,10,2,2,915,1,1,1,2.0,1.0,02112,M,0.0,0.0,02
201000000741,10,2,11,1415,1,1,1,4.0,3.0,02374,M,0.0,0.0,02
201000000742,10,3,27,300,3,2,1,1.0,6.0,02322,M,0.0,0.0,02
201000000743,10,3,15,1645,1,2,1,1.0,6.0,02095,M,0.0,0.0,02
201000000744,10,8,11,2050,1,2,1,1.0,6.0,02095,M,0.0,0.0,02
201000000745,10,9,1,1400,1,1,1,1.0,7.0,02539,M,0.0,0.0,02
201000000746,10,9,10,2130,3,1,3,1.0,6.0,02095,M,0.0,0.0,02
201000000747,10,2,19,1640,1,1,1,1.0,3.0,02741,M,0.0,0.0,02
201000000748,10,4,12,2115,3,1,1,1.0,6.0,02306,M,0.0,0.0,02
201000000749,10,5,16,2015,1,2,1,1.0,6.0,02009,M,0.0,0.0,02
201000000750,10,6,25,1720,1,2,1,1.0,6.0,02575,M,0.0,0.0,02
201000000751,10,6,28,1715,1,1,3,1.0,3.0,02287,M,0.0,0.0,02
201000000752,10,8,24,800,2,1,2,1.0,1.0,02636,M,0.0,0.0,02
201000000753,10,8,28,1445,1,2,1,1.0,1.0,02775,M,0.0,0.0,02
201000000754,10,9,23,1520,1,1,2,1.0,6.0,02775,M,0.0,0.0,02
201000000755,10,10,9,1545,1,1,1,1.0,6.0,02287,M,0.0,0.0,02
201000000756,10,10,23,200,4,2,1,1.0,6.0,02575,M,0.0,0.0,02
201000000757,10,3,19,1930,3,1,1,2.0,2.0,02226,M,0.0,0.0,02
201000000758,10,3,30,1040,1,1,3,8.0,3.0,02485,M,0.0,0.0,02
201000000759,10,4,25,1400,1,2,1,1.0,1.0,02245,M,0.0,0.0,02
201000000760,10,5,1,1345,1,1,1,1.0,7.0,02580,M,0.0,0.0,02
201000000761,10,7,16,1530,1,1,1,1.0,1.0,02372,M,0.0,0.0,02
201000000762,10,8,6,2220,3,1,1,1.0,2.0,02739,M,0.0,0.0,02
201000000763,10,8,27,730,2,1,1,3.0,1.0,02477,M,0.0,0.0,02
201000000764,10,9,25,1300,1,2,1,1.0,6.0,02226,M,0.0,0.0,02
201000000765,10,11,11,15,3,1,1,1.0,3.0,02131,M,0.0,0.0,02
201000000766,10,2,5,700,3,1,1,2.0,1.0,02224,M,0.0,0.0,02
201000000767,10,2,25,1430,1,1,1,3.0,6.0,02766,M,0.0,0.0,02
201000000768,10,3,2,645,2,1,2,1.0,2.0,02036,M,0.0,0.0,02
201000000769,10,7,30,1605,1,1,2,1.0,3.0,02003,M,0.0,0.0,02
201000000770,10,8,23,1255,1,1,9,8.0,1.0,02255,M,0.0,0.0,02
201000000771,10,9,13,1100,1,1,9,1.0,6.0,02263,M,0.0,0.0,02
201000000772,10,10,21,1325,1,2,2,1.0,1.0,02110,M,0.0,0.0,02
201000000773,10,10,27,1750,1,1,2,1.0,1.0,02620,M,0.0,0.0,02
201000000774,10,11,29,700,5,1,1,4.0,6.0,02110,M,0.0,0.0,02
201000000775,10,12,11,1230,1,2,1,1.0,1.0,02439,M,0.0,0.0,02
201000000776,10,1,10,300,3,1,1,9.0,7.0,02822,M,0.0,0.0,02
201000000777,10,2,5,2145,3,1,1,1.0,6.0,02506,M,0.0,0.0,02
201000000778,10,3,2,1640,1,2,3,1.0,1.0,02810,M,0.0,0.0,02
201000000779,10,3,16,830,1,1,1,1.0,7.0,02810,M,0.0,0.0,02
201000000780,10,4,2,1800,1,2,3,2.0,2.0,02810,M,0.0,0.0,02
201000000781,10,4,19,1650,1,1,1,1.0,1.0,02232,M,0.0,0.0,02
201000000782,10,6,14,1915,1,1,1,1.0,7.0,02011,M,0.0,0.0,02
201000000783,10,6,25,730,1,1,1,1.0,5.0,02810,M,0.0,0.0,02
201000000784,10,7,3,630,2,1,1,8.0,7.0,02011,M,0.0,0.0,02
201000000785,10,7,15,1600,1,1,1,1.0,5.0,02232,M,0.0,0.0,02
201000000786,10,7,17,2030,2,1,1,1.0,6.0,02410,M,0.0,0.0,02
201000000787,10,7,23,2230,3,1,1,1.0,7.0,02734,M,0.0,0.0,02
201000000788,10,8,4,1530,1,1,1,1.0,6.0,02071,M,0.0,0.0,02
201000000789,10,8,13,2100,2,2,1,1.0,2.0,02810,M,0.0,0.0,02
201000000790,10,8,30,1800,1,1,1,1.0,7.0,02015,M,0.0,0.0,02
201000000791,10,9,18,1950,5,2,2,1.0,3.0,02810,M,0.0,0.0,02
201000000792,10,9,28,900,1,1,1,1.0,6.0,02368,M,0.0,0.0,02
201000000793,10,10,23,2245,3,1,1,9.0,7.0,02201,M,0.0,0.0,02
201000000794,10,11,10,730,5,2,4,2.0,6.0,02810,M,0.0,0.0,02
201000000795,10,11,17,1830,3,1,9,1.0,1.0,02810,M,0.0,0.0,02
201000000796,10,1,2,1600,1,2,1,1.0,1.0,02109,M,0.0,0.0,02
201000000797,10,2,12,1615,1,2,3,1.0,1.0,02373,M,0.0,0.0,02
201000000798,10,4,20,710,1,1,1,1.0,6.0,02801,M,0.0,0.0,02
201000000799,10,4,30,2200,5,2,1,1.0,7.0,02369,M,0.0,0.0,02
201000000800,10,5,11,1820,1,2,3,2.0,3.0,02789,M,0.0,0.0,02
201000000801,10,7,25,30,5,2,1,1.0,6.0,02666,M,0.0,0.0,02
201000000802,10,10,8,2215,3,1,1,1.0,6.0,02574,M,0.0,0.0,02
201000000803,10,1,20,1030,1,1,1,1.0,2.0,02135,M,0.0,0.0,02
201000000804,10,1,23,1555,1,1,9,2.0,6.0,02832,M,0.0,0.0,02
201000000805,10,5,22,1930,1,1,1,1.0,6.0,02197,M,0.0,0.0,02
201000000806,10,5,22,2200,3,1,1,1.0,6.0,02197,M,0.0,0.0,02
201000000807,10,6,12,940,1,1,1,1.0,1.0,02650,M,0.0,0.0,02
201000000808,10,6,15,1530,1,1,1,1.0,6.0,02558,M,0.0,0.0,02
201000000809,10,6,25,45,3,2,1,1.0,6.0,02650,M,0.0,0.0,02
201000000810,10,10,4,1915,2,2,1,1.0,1.0,02286,M,0.0,0.0,02
201000000811,10,10,9,2045,4,1,1,1.0,1.0,02688,M,0.0,0.0,02
201000000812,10,10,24,1235,1,2,3,8.0,1.0,02141,M,0.0,0.0,02
201000000813,10,3,9,1800,1,1,1,1.0,1.0,02753,M,0.0,0.0,02
201000000814,10,4,1,1324,1,1,2,4.0,1.0,02366,M,0.0,0.0,02
201000000815,10,4,1,1750,1,1,1,1.0,6.0,02753,M,0.0,0.0,02
201000000816,10,4,23,815,1,2,9,1.0,6.0,02361,M,0.0,0.0,02
201000000817,10,4,25,515,3,1,1,1.0,6.0,02769,M,0.0,0.0,02
201000000818,10,4,30,1910,1,2,3,1.0,3.0,02488,M,0.0,0.0,02
201000000819,10,5,16,1130,1,2,1,1.0,6.0,02422,M,0.0,0.0,02
201000000820,10,5,31,1800,1,2,1,1.0,6.0,02361,M,0.0,0.0,02
201000000821,10,6,13,530,1,2,1,1.0,6.0,02830,M,0.0,0.0,02
201000000822,10,8,2,1830,1,1,1,1.0,1.0,02469,M,0.0,0.0,02
201000000823,10,9,12,215,5,2,1,1.0,6.0,02814,M,0.0,0.0,02
201000000824,10,9,13,1100,1,2,1,1.0,1.0,02298,M,0.0,0.0,02
201000000825,10,9,22,1255,1,2,1,1.0,1.0,02830,M,0.0,0.0,02
201000000826,10,9,23,1520,1,1,1,1.0,3.0,02366,M,0.0,0.0,02
201000000827,10,3,25,2045,3,1,1,2.0,2.0,02495,M,0.0,0.0,02
201000000828,10,3,27,1730,1,2,1,1.0,3.0,02425,M,0.0,0.0,02
201000000829,10,4,17,1000,1,2,2,1.0,1.0,02020,M,0.0,0.0,02
201000000830,10,4,25,1705,1,2,1,1.0,1.0,02574,M,0.0,0.0,02
201000000831,10,5,29,1300,1,2,1,1.0,6.0,02381,M,0.0,0.0,02
201000000832,10,6,21,1825,1,2,1,1.0,3.0,02684,M,0.0,0.0,02
201000000833,10,9,15,1200,1,1,1,1.0,3.0,02381,M,0.0,0.0,02
201000000834,10,9,17,1645,1,2,1,1.0,7.0,02831,M,0.0,0.0,02
201000000835,10,10,29,1755,1,2,9,1.0,6.0,02684,M,0.0,0.0,02
201000000836,10,10,21,750,2,1,1,9.0,3.0,02381,M,0.0,0.0,02
201000000837,10,1,5,1845,3,1,1,1.0,6.0,60103,M,0.0,0.0,60
201000000838,10,2,23,2000,5,2,1,1.0,6.0,60041,M,0.0,0.0,60
201000000839,10,6,12,1515,1,2,1,1.0,1.0,60041,M,0.0,0.0,60
201000000840,10,6,26,1530,1,1,1,1.0,3.0,60103,M,4939800.0,225200.0,60
201000000841,10,7,4,2145,1,1,1,1.0,7.0,60009,M,0.0,0.0,60
201000000842,10,7,21,1645,1,1,1,1.0,3.0,60542,M,0.0,0.0,60
201000000843,10,7,30,145,5,2,1,1.0,7.0,60250,M,0.0,0.0,60
201000000844,10,8,18,1930,1,1,3,1.0,1.0,60310,M,0.0,0.0,60
201000000845,10,9,16,1800,1,1,1,1.0,1.0,60428,M,4946200.0,200000.0,60
201000000846,10,9,18,1830,1,1,1,1.0,3.0,60542,M,0.0,0.0,60
201000000847,10,10,27,2015,5,2,1,2.0,1.0,60628,M,0.0,0.0,60
201000000848,10,11,4,1700,2,1,1,2.0,1.0,60009,M,4940000.0,210400.0,60
201000000849,10,3,1,45,3,2,1,8.0,6.0,60577,M,4944900.0,174500.0,60
201000000850,10,3,26,530,2,1,1,1.0,5.0,60030,M,4936700.0,210700.0,60
201000000851,10,4,16,2130,3,1,3,1.0,3.0,60029,M,4936500.0,201700.0,60
201000000852,10,6,19,1030,1,1,1,1.0,3.0,60577,M,0.0,0.0,60
201000000853,10,6,18,1930,1,1,3,1.0,3.0,60220,M,0.0,0.0,60
201000000854,10,7,5,2300,5,2,1,1.0,6.0,60029,M,4937700.0,198700.0,60
201000000855,10,7,6,1500,1,1,1,7.0,1.0,60591,M,4942600.0,197300.0,60
201000000856,10,7,23,415,2,1,1,2.0,3.0,60063,M,0.0,0.0,60
201000000857,10,8,10,1730,1,2,1,2.0,2.0,60029,M,0.0,0.0,60
201000000858,10,8,13,2200,2,1,1,2.0,7.0,60029,M,0.0,0.0,60
201000000859,10,9,1,1400,1,1,1,1.0,1.0,60616,M,4934700.0,177500.0,60
201000000860,10,10,23,530,2,1,1,8.0,6.0,60616,M,0.0,0.0,60
201000000861,10,11,6,1530,1,1,1,2.0,1.0,60030,M,4933000.0,208999.0,60
201000000862,10,11,9,1615,1,1,1,1.0,4.0,60029,M,4938000.0,197000.0,60
201000000863,10,11,10,715,3,1,1,8.0,1.0,60030,M,0.0,0.0,60
201000000864,10,11,23,1330,1,2,3,1.0,2.0,60567,M,4944000.0,190100.0,60
201000000865,10,12,23,2300,3,1,1,4.0,1.0,60477,M,0.0,0.0,60
201000000866,10,3,15,630,2,1,2,1.0,3.0,60089,M,0.0,0.0,60
201000000867,10,4,16,945,1,1,1,1.0,1.0,60363,M,0.0,0.0,60
201000000868,10,5,9,430,4,1,1,1.0,6.0,60169,M,0.0,0.0,60
201000000869,10,5,26,1500,1,1,1,1.0,3.0,60528,M,0.0,0.0,60
201000000870,10,6,24,800,1,1,1,1.0,2.0,60211,M,0.0,0.0,60
201000000871,10,7,31,2145,1,2,1,1.0,7.0,60097,M,0.0,0.0,60
201000000872,10,8,12,1745,1,1,2,1.0,3.0,60195,M,0.0,0.0,60
201000000873,10,9,21,2000,3,1,1,1.0,3.0,60090,M,0.0,0.0,60
201000000874,10,10,7,1600,1,1,1,1.0,4.0,60143,M,0.0,0.0,60
201000000875,10,11,17,615,3,1,1,5.0,7.0,60645,M,0.0,0.0,60
201000000876,10,12,11,1845,3,1,1,2.0,3.0,60211,M,0.0,0.0,60
201000000877,10,1,20,930,1,2,2,1.0,5.0,60403,M,0.0,0.0,60
201000000878,10,2,11,1630,1,1,1,4.0,6.0,60286,M,0.0,0.0,60
201000000879,10,2,12,1615,1,2,1,4.0,1.0,60289,M,0.0,0.0,60
201000000880,10,2,1,1630,1,1,1,8.0,3.0,60217,M,0.0,0.0,60
201000000881,10,3,20,1545,1,1,1,1.0,5.0,60286,M,0.0,0.0,60
201000000882,10,3,27,2100,3,1,1,1.0,6.0,60314,M,0.0,0.0,60
201000000883,10,4,24,1900,1,2,3,1.0,3.0,60001,M,0.0,0.0,60
201000000884,10,4,27,1700,1,2,1,1.0,6.0,60286,M,0.0,0.0,60
201000000885,10,5,8,1800,1,1,1,1.0,1.0,60403,M,0.0,0.0,60
201000000886,10,6,4,2100,2,1,1,1.0,6.0,60697,M,0.0,0.0,60
201000000887,10,6,12,415,3,1,1,1.0,6.0,60588,M,0.0,0.0,60
201000000888,10,6,13,100,4,2,2,1.0,3.0,60405,M,0.0,0.0,60
201000000889,10,6,25,30,5,2,6,1.0,6.0,60286,M,0.0,0.0,60
201000000890,10,6,27,1245,1,2,3,1.0,1.0,60286,M,0.0,0.0,60
201000000891,10,7,4,1115,1,2,1,1.0,2.0,60286,M,0.0,0.0,60
201000000892,10,7,7,1730,1,1,1,1.0,1.0,60623,M,4954200.0,187400.0,60
201000000893,10,7,14,2100,2,1,1,1.0,6.0,60633,M,0.0,0.0,60
201000000894,10,8,8,1945,1,1,1,1.0,5.0,60180,M,0.0,0.0,60
201000000895,10,8,20,1530,1,1,1,1.0,3.0,60004,M,0.0,0.0,60
201000000896,10,9,7,1200,1,2,1,1.0,3.0,60109,M,0.0,0.0,60
201000000897,10,10,2,1600,1,1,1,1.0,6.0,60604,M,4968300.0,189900.0,60
201000000898,10,10,29,1500,2,1,1,8.0,6.0,60295,M,0.0,0.0,60
201000000899,10,11,8,1500,1,2,1,3.0,6.0,60286,M,0.0,0.0,60
201000000900,10,11,10,715,1,2,1,1.0,1.0,60458,M,0.0,0.0,60
201000000901,10,11,29,1745,3,1,1,1.0,3.0,60444,M,4962700.0,179200.0,60
201000000902,10,12,15,1630,1,2,1,3.0,2.0,60245,M,0.0,0.0,60
201000000903,10,2,14,1300,1,1,2,1.0,3.0,60395,M,0.0,0.0,60
201000000904,10,2,26,2230,3,1,1,1.0,1.0,60395,M,0.0,0.0,60
201000000905,10,3,28,1645,1,1,2,1.0,3.0,60395,M,0.0,0.0,60
201000000906,10,5,5,1900,1,2,1,1.0,1.0,60246,M,0.0,0.0,60
201000000907,10,5,10,2100,2,1,1,1.0,1.0,60395,M,0.0,0.0,60
201000000908,10,6,9,1215,1,1,1,1.0,7.0,60309,M,0.0,0.0,60
201000000909,10,6,22,1715,1,1,1,1.0,3.0,60162,M,0.0,0.0,60
201000000910,10,6,26,1800,1,1,1,1.0,5.0,60162,M,0.0,0.0,60
201000000911,10,7,28,1900,1,1,1,1.0,3.0,60417,M,0.0,0.0,60
201000000912,10,8,14,2345,3,1,1,1.0,6.0,60309,M,0.0,0.0,60
201000000913,10,8,26,730,1,1,1,1.0,1.0,60395,M,0.0,0.0,60
201000000914,10,9,17,1730,1,1,1,1.0,7.0,60570,M,0.0,0.0,60
201000000915,10,9,18,1000,1,2,1,1.0,6.0,60395,M,0.0,0.0,60
201000000916,10,9,23,1315,1,1,1,1.0,1.0,60570,M,0.0,0.0,60
201000000917,10,10,22,2015,3,2,1,1.0,1.0,60088,M,0.0,0.0,60
201000000918,10,11,17,800,2,1,2,1.0,1.0,60678,M,0.0,0.0,60
201000000919,10,1,30,1515,1,1,1,9.0,6.0,60620,M,0.0,0.0,60
201000000920,10,2,21,1900,3,1,2,1.0,1.0,60316,M,0.0,0.0,60
201000000921,10,4,21,1430,1,1,1,1.0,2.0,60700,M,0.0,0.0,60
201000000922,10,4,25,1645,1,2,1,1.0,1.0,60575,M,0.0,0.0,60
201000000923,10,5,29,1630,1,2,1,1.0,7.0,60462,M,0.0,0.0,60
201000000924,10,8,25,1830,1,2,1,8.0,3.0,60462,M,0.0,0.0,60
201000000925,10,11,10,1745,3,1,1,2.0,2.0,60575,M,0.0,0.0,60
201000000926,10,11,30,1630,1,1,1,1.0,1.0,60620,M,4931400.0,216300.0,60
201000000927,10,12,7,1415,1,2,1,2.0,3.0,60135,M,0.0,0.0,60
201000000928,10,1,15,745,3,1,1,5.0,1.0,60529,M,0.0,0.0,60
201000000929,10,2,9,1915,5,2,1,1.0,1.0,60157,M,0.0,0.0,60
201000000930,10,3,6,1900,5,2,1,1.0,5.0,60157,M,0.0,0.0,60
201000000931,10,3,3,1445,1,2,1,1.0,2.0,60157,M,0.0,0.0,60
201000000932,10,3,26,1815,1,1,9,1.0,6.0,60234,M,0.0,0.0,60
201000000933,10,3,29,800,1,1,1,8.0,5.0,60008,M,0.0,0.0,60
201000000934,10,4,6,945,1,2,9,7.0,6.0,60157,M,0.0,0.0,60
201000000935,10,5,28,15,5,1,1,1.0,1.0,60106,M,0.0,0.0,60
201000000936,10,6,18,930,1,1,1,2.0,1.0,60008,M,0.0,0.0,60
201000000937,10,6,29,2000,1,2,1,1.0,3.0,60115,M,0.0,0.0,60
201000000938,10,7,2,1830,1,1,1,2.0,3.0,60107,M,0.0,0.0,60
201000000939,10,8,3,1115,1,2,9,1.0,2.0,60007,M,0.0,0.0,60
201000000940,10,8,18,1045,1,1,2,1.0,3.0,60008,M,0.0,0.0,60
201000000941,10,8,26,2015,2,2,3,3.0,3.0,60157,M,0.0,0.0,60
201000000942,10,8,31,1830,1,2,1,1.0,6.0,60115,M,0.0,0.0,60
201000000943,10,9,5,100,5,2,1,1.0,6.0,60107,M,0.0,0.0,60
201000000944,10,9,12,645,2,1,1,2.0,2.0,60524,M,0.0,0.0,60
201000000945,10,10,15,1645,1,1,1,1.0,6.0,60568,M,0.0,0.0,60
201000000946,10,10,11,1930,4,1,2,1.0,1.0,60559,M,0.0,0.0,60
201000000947,10,5,30,1545,1,2,1,1.0,6.0,60664,M,0.0,0.0,60
201000000948,10,6,3,1615,1,1,2,1.0,3.0,60615,M,0.0,0.0,60
201000000949,10,6,13,330,3,1,1,1.0,2.0,60058,M,0.0,0.0,60
201000000950,10,7,7,1600,1,2,9,1.0,3.0,60104,M,0.0,0.0,60
201000000951,10,8,18,2230,3,1,1,1.0,3.0,60003,M,0.0,0.0,60
201000000952,10,9,23,1500,1,1,1,1.0,6.0,60026,M,0.0,0.0,60
201000000953,10,10,15,1130,1,1,1,1.0,1.0,60039,M,0.0,0.0,60
201000000954,10,11,3,1715,2,1,2,1.0,1.0,60026,M,0.0,0.0,60
201000000955,10,12,3,1900,3,1,1,5.0,6.0,60565,M,0.0,0.0,60
201000000956,10,1,11,1045,1,1,1,9.0,6.0,60130,M,4936900.0,253100.0,60
201000000957,10,2,8,1830,3,1,1,1.0,2.0,60134,M,4932200.0,244100.0,60
201000000958,10,2,17,1645,1,1,1,5.0,1.0,60040,M,0.0,0.0,60
201000000959,10,3,28,715,2,1,1,1.0,6.0,60524,M,0.0,0.0,60
201000000960,10,4,14,2030,1,1,1,1.0,1.0,60134,M,0.0,0.0,60
201000000961,10,8,5,1415,1,1,1,1.0,1.0,60130,M,4938400.0,256700.0,60
201000000962,10,10,5,1015,1,1,1,8.0,7.0,60409,M,0.0,0.0,60
201000000963,10,10,17,800,1,1,1,1.0,6.0,60464,M,0.0,0.0,60
201000000964,10,1,13,1145,1,2,7,1.0,6.0,60439,M,4932500.0,232100.0,60
201000000965,10,2,5,1815,5,2,1,8.0,6.0,60439,M,4931700.0,232700.0,60
201000000966,10,6,4,1600,1,2,6,1.0,3.0,60116,M,4932500.0,233000.0,60
201000000967,10,8,28,1730,1,2,1,1.0,2.0,60317,M,4934200.0,230300.0,60
201000000968,10,9,11,30,5,2,2,1.0,6.0,60439,M,4932100.0,232600.0,60
201000000969,10,9,17,1100,1,1,6,1.0,3.0,60116,M,0.0,0.0,60
201000000970,10,2,6,300,3,1,1,2.0,7.0,60701,M,0.0,0.0,60
201000000971,10,2,7,1,3,1,1,1.0,6.0,60222,M,0.0,0.0,60
201000000972,10,3,7,1445,1,1,1,1.0,1.0,60495,M,0.0,0.0,60
201000000973,10,3,16,1030,1,1,1,1.0,3.0,60222,M,0.0,0.0,60
201000000974,10,3,30,1730,1,1,2,3.0,3.0,60177,M,0.0,0.0,60
201000000975,10,4,21,700,1,1,2,1.0,3.0,60468,M,0.0,0.0,60
201000000976,10,7,15,1645,1,1,3,1.0,4.0,60526,M,4952300.0,249000.0,60
201000000977,10,8,21,1830,1,1,1,1.0,2.0,60702,M,0.0,0.0,60
201000000978,10,10,13,600,3,1,1,1.0,7.0,60497,M,4949300.0,231000.0,60
201000000979,10,10,16,1730,1,2,2,1.0,3.0,60252,M,4947100.0,238200.0,60
201000000980,10,10,17,100,3,1,1,1.0,6.0,60581,M,4948900.0,245200.0,60
201000000981,10,1,3,230,3,1,1,9.0,6.0,60151,M,0.0,0.0,60
201000000982,10,2,3,815,1,2,1,1.0,6.0,60534,M,0.0,0.0,60
201000000983,10,2,9,1445,1,1,6,1.0,3.0,60151,M,0.0,0.0,60
201000000984,10,2,9,615,3,1,1,4.0,5.0,60636,M,0.0,0.0,60
201000000985,10,2,11,1300,1,1,1,4.0,3.0,60129,M,0.0,0.0,60
201000000986,10,2,24,1700,1,1,2,1.0,4.0,60150,M,0.0,0.0,60
201000000987,10,3,19,1700,1,2,1,1.0,2.0,60636,M,0.0,0.0,60
201000000988,10,4,1,700,1,2,2,1.0,3.0,60119,M,4950300.0,290100.0,60
201000000989,10,4,1,1045,1,1,1,1.0,3.0,60156,M,0.0,0.0,60
201000000990,10,4,1,1745,1,1,1,1.0,1.0,60373,M,0.0,0.0,60
201000000991,10,4,4,1200,1,2,1,2.0,6.0,60151,M,0.0,0.0,60
201000000992,10,4,25,1730,1,2,1,1.0,3.0,60156,M,0.0,0.0,60