Num_Acc,an,mois,jour,hrmn,lum,agg,int,atm,col,com,gps,lat,long,dep
201000000993,10,4,23,1800,1,1,1,1.0,7.0,60064,M,4941700.0,302200.0,60
201000000994,10,4,29,1215,1,2,1,1.0,1.0,60537,M,4951900.0,292800.0,60
201000000995,10,5,2,2130,3,1,1,1.0,1.0,60070,M,0.0,0.0,60
201000000996,10,5,13,1600,1,2,2,2.0,4.0,60150,M,0.0,0.0,60
201000000997,10,5,24,945,1,2,1,1.0,1.0,60537,M,0.0,0.0,60
201000000998,10,6,24,1745,1,1,1,1.0,3.0,60119,M,0.0,0.0,60
201000000999,10,6,27,1800,1,1,1,1.0,1.0,60534,M,0.0,0.0,60
201000001000,10,6,30,745,1,2,2,1.0,3.0,60368,M,0.0,0.0,60
201000001001,10,7,7,2000,1,1,1,1.0,1.0,60438,M,0.0,0.0,60
201000001002,10,7,5,1415,1,2,1,1.0,2.0,60636,M,4948400.0,287600.0,60
201000001003,10,7,24,300,3,1,1,1.0,6.0,60151,M,0.0,0.0,60
201000001004,10,8,8,2300,3,2,1,1.0,6.0,60119,M,0.0,0.0,60
201000001005,10,9,3,415,3,1,1,1.0,6.0,60156,M,4944200.0,284100.0,60
201000001006,10,9,6,815,1,1,1,1.0,3.0,60537,M,0.0,0.0,60
201000001007,10,9,15,1630,1,1,1,1.0,5.0,60378,M,4951400.0,280700.0,60
201000001008,10,9,26,1915,1,1,1,1.0,1.0,60593,M,4943500.0,310200.0,60
201000001009,10,10,14,1530,1,2,1,1.0,1.0,60636,M,0.0,0.0,60
201000001010,10,10,14,1800,1,2,1,1.0,1.0,60537,M,4951300.0,292100.0,60
201000001011,10,10,16,1100,1,2,1,1.0,7.0,60641,M,4948200.0,300400.0,60
201000001012,10,10,31,1900,4,2,1,1.0,1.0,60582,M,0.0,0.0,60
201000001013,10,11,5,1900,5,2,1,1.0,1.0,60025,M,4941800.0,304100.0,60
201000001014,10,12,14,1430,1,2,9,8.0,6.0,60151,M,0.0,0.0,60
201000001015,10,12,26,1030,1,1,1,4.0,1.0,60492,M,0.0,0.0,60
201000001016,10,1,14,1800,5,2,3,1.0,3.0,60325,M,0.0,0.0,60
201000001017,10,3,25,815,1,1,1,1.0,7.0,60579,M,0.0,0.0,60
201000001018,10,3,31,1445,1,1,1,1.0,1.0,60326,M,0.0,0.0,60
201000001019,10,4,7,1015,1,2,1,1.0,6.0,60338,M,0.0,0.0,60
201000001020,10,5,28,1615,1,1,1,1.0,1.0,60491,M,0.0,0.0,60
201000001021,10,6,16,900,1,2,1,1.0,1.0,60491,M,4935600.0,298100.0,60
201000001022,10,7,1,1600,1,1,2,1.0,3.0,60579,M,0.0,0.0,60
201000001023,10,7,4,1915,1,1,1,1.0,3.0,60674,M,4941600.0,292400.0,60
201000001024,10,8,2,1145,1,2,1,1.0,6.0,60402,M,0.0,0.0,60
201000001025,10,8,24,1545,1,1,1,1.0,2.0,60369,M,0.0,0.0,60
201000001026,10,9,1,1500,1,1,1,1.0,3.0,60674,M,4939000.0,289500.0,60
201000001027,10,9,17,1345,1,2,1,1.0,2.0,60402,M,0.0,0.0,60
201000001028,10,10,22,1715,1,1,2,1.0,3.0,60579,M,4935300.0,284400.0,60
201000001029,10,11,17,30,3,2,4,1.0,6.0,60579,M,0.0,0.0,60
201000001030,10,4,9,2230,5,2,1,1.0,3.0,60166,M,0.0,0.0,60
201000001031,10,6,29,1715,1,2,1,1.0,6.0,60383,M,4952700.0,277400.0,60
201000001032,10,7,28,1930,1,1,1,1.0,6.0,60533,M,4951200.0,272600.0,60
201000001033,10,8,24,600,2,1,1,1.0,2.0,60024,M,0.0,0.0,60
201000001034,10,9,6,1200,1,1,1,8.0,5.0,60125,M,0.0,0.0,60
201000001035,10,9,16,1100,1,1,1,1.0,2.0,60281,M,4949900.0,267100.0,60
201000001036,10,9,18,1800,1,1,1,1.0,6.0,60318,M,4934900.0,265000.0,60
201000001037,10,9,29,845,1,1,2,1.0,3.0,60166,M,0.0,0.0,60
201000001038,10,10,31,1530,1,1,2,1.0,3.0,60019,M,4950900.0,272900.0,60
201000001039,10,11,15,1715,1,2,2,2.0,3.0,60408,M,0.0,0.0,60
201000001040,10,12,16,1115,1,1,1,4.0,3.0,60223,M,0.0,0.0,60
201000001041,10,12,23,800,2,1,1,4.0,6.0,60441,M,0.0,0.0,60
201000001042,10,3,3,645,3,2,1,1.0,3.0,60471,M,0.0,0.0,60
201000001043,10,3,27,1815,1,1,1,1.0,7.0,60379,M,4956200.0,282300.0,60
201000001044,10,4,5,600,2,2,1,1.0,6.0,60558,M,4959600.0,277600.0,60
201000001045,10,4,13,630,2,1,1,1.0,1.0,60471,M,0.0,0.0,60
201000001046,10,4,24,1030,1,1,9,1.0,3.0,60053,M,4967400.0,293500.0,60
201000001047,10,5,2,45,3,1,1,2.0,5.0,60471,M,0.0,0.0,60
201000001048,10,5,15,215,3,1,1,1.0,6.0,60035,M,0.0,0.0,60
201000001049,10,5,30,1615,1,2,2,1.0,3.0,60471,M,0.0,0.0,60
201000001050,10,6,2,1830,1,1,1,1.0,3.0,60181,M,4961700.0,302300.0,60
201000001051,10,6,28,745,1,2,1,1.0,1.0,60610,M,0.0,0.0,60
201000001052,10,7,31,1715,1,1,1,1.0,5.0,60488,M,0.0,0.0,60
201000001053,10,7,30,2130,2,1,1,1.0,7.0,60181,M,4962100.0,300200.0,60
201000001054,10,10,12,2115,4,2,1,1.0,3.0,60127,M,4960200.0,279700.0,60
201000001055,10,10,21,1900,2,1,1,1.0,3.0,60410,M,4959700.0,311700.0,60
201000001056,10,10,27,745,3,1,1,1.0,2.0,60124,M,0.0,0.0,60
201000001057,10,10,28,1945,5,2,1,1.0,1.0,60471,M,4958800.0,300100.0,60
201000001058,10,11,16,1800,3,1,3,5.0,1.0,60124,M,0.0,0.0,60
201000001059,10,12,5,1100,1,1,1,4.0,1.0,60206,M,0.0,0.0,60
201000001060,10,1,6,900,1,2,1,8.0,1.0,60612,M,0.0,0.0,60
201000001061,10,8,4,900,1,1,1,1.0,7.0,60138,M,0.0,0.0,60
201000001062,10,8,30,1900,1,2,1,1.0,3.0,60612,M,0.0,0.0,60
201000001063,10,9,10,1915,1,1,1,1.0,6.0,60138,M,0.0,0.0,60
201000001064,10,10,5,915,1,1,3,7.0,3.0,60612,M,0.0,0.0,60
201000001065,10,11,9,1315,1,1,1,2.0,3.0,60612,M,0.0,0.0,60
201000001066,10,12,3,615,3,1,1,1.0,1.0,60612,M,0.0,0.0,60
201000001067,10,12,6,830,1,1,1,1.0,4.0,60138,M,0.0,0.0,60
201000001068,10,1,20,1745,2,1,1,2.0,4.0,60139,M,0.0,0.0,60
201000001069,10,2,24,1030,1,1,1,3.0,1.0,60517,M,0.0,0.0,60
201000001070,10,5,28,1645,1,1,1,1.0,3.0,60259,M,0.0,0.0,60
201000001071,10,5,31,1500,1,1,1,1.0,1.0,60060,M,0.0,0.0,60
201000001072,10,6,4,1800,1,2,1,1.0,3.0,60139,M,0.0,0.0,60
201000001073,10,6,18,2000,1,1,1,1.0,3.0,60450,M,0.0,0.0,60
201000001074,10,10,24,1330,1,1,1,1.0,3.0,60517,M,0.0,0.0,60
201000001075,10,12,3,1700,3,1,1,1.0,5.0,60197,M,4923300.0,222600.0,60
201000001076,10,1,18,1245,1,2,6,1.0,3.0,60282,M,0.0,0.0,60
201000001077,10,1,20,2130,5,2,6,8.0,6.0,60346,M,0.0,0.0,60
201000001078,10,2,4,1500,1,2,4,1.0,3.0,60141,M,0.0,0.0,60
201000001079,10,2,17,930,1,1,1,8.0,1.0,60141,M,4918600.0,249400.0,60
201000001080,10,3,7,1300,1,2,1,1.0,2.0,60346,M,0.0,0.0,60
201000001081,10,3,24,915,1,2,1,1.0,6.0,60141,M,0.0,0.0,60
201000001082,10,5,4,1845,1,2,3,1.0,1.0,60141,M,0.0,0.0,60
201000001083,10,5,10,1700,1,2,1,2.0,7.0,60141,M,0.0,0.0,60
201000001084,10,5,22,1230,1,2,1,1.0,6.0,60346,M,0.0,0.0,60
201000001085,10,6,21,1830,1,2,1,1.0,6.0,60282,M,0.0,0.0,60
201000001086,10,7,4,1845,1,2,1,1.0,6.0,60141,M,0.0,0.0,60
201000001087,10,7,15,1615,1,1,1,1.0,1.0,60141,M,0.0,0.0,60
201000001088,10,7,21,30,3,2,1,1.0,6.0,60282,M,0.0,0.0,60
201000001089,10,8,7,1845,1,1,1,2.0,3.0,60346,M,0.0,0.0,60
201000001090,10,8,21,1100,1,2,1,1.0,6.0,60141,M,0.0,0.0,60
201000001091,10,8,27,1945,1,1,6,2.0,2.0,60141,M,0.0,0.0,60
201000001092,10,8,30,1815,1,2,1,1.0,6.0,60141,M,0.0,0.0,60
201000001093,10,9,1,45,5,2,1,1.0,2.0,60141,M,0.0,0.0,60
201000001094,10,9,2,1400,1,2,1,1.0,6.0,60282,M,0.0,0.0,60
201000001095,10,9,2,1615,1,2,1,1.0,6.0,60346,M,0.0,0.0,60
201000001096,10,9,9,800,1,2,1,1.0,6.0,60346,M,0.0,0.0,60
201000001097,10,9,18,1345,1,2,1,1.0,1.0,60141,M,0.0,0.0,60
201000001098,10,9,21,1030,1,2,1,1.0,6.0,60141,M,0.0,0.0,60
201000001099,10,9,25,1715,1,2,1,1.0,6.0,60141,M,0.0,0.0,60
201000001100,10,9,30,1200,1,2,1,1.0,6.0,60141,M,0.0,0.0,60
201000001101,10,10,21,1415,1,2,1,1.0,1.0,60141,M,0.0,0.0,60
201000001102,10,12,7,1930,5,2,1,4.0,6.0,60141,M,4919800.0,246500.0,60
201000001103,10,8,16,1345,1,2,1,3.0,3.0,60670,M,0.0,0.0,60
201000001104,10,8,15,1715,1,1,1,3.0,6.0,60670,M,4928300.0,251000.0,60
201000001105,10,9,9,1115,1,2,2,1.0,3.0,60589,M,0.0,0.0,60
201000001106,10,9,22,1730,1,2,1,1.0,6.0,60589,M,0.0,0.0,60
201000001107,10,11,18,900,1,2,1,1.0,3.0,60589,M,0.0,0.0,60
201000001108,10,1,23,230,4,1,1,1.0,7.0,60031,M,0.0,0.0,60
201000001109,10,2,2,1130,1,1,1,3.0,3.0,60176,M,0.0,0.0,60
201000001110,10,2,9,1000,2,1,1,4.0,1.0,60079,M,0.0,0.0,60
201000001111,10,3,6,1115,1,1,1,1.0,6.0,60069,M,0.0,0.0,60
201000001112,10,3,12,815,1,2,1,1.0,6.0,60176,M,0.0,0.0,60
201000001113,10,4,24,1215,1,1,1,1.0,5.0,60358,M,4921100.0,292900.0,60
201000001114,10,4,25,200,4,2,1,1.0,6.0,60554,M,0.0,0.0,60
201000001115,10,5,7,1930,1,1,1,1.0,6.0,60005,M,0.0,0.0,60
201000001116,10,8,2,330,3,1,1,1.0,1.0,60658,M,4924000.0,303500.0,60
201000001117,10,8,30,800,1,2,1,1.0,6.0,60176,M,0.0,0.0,60
201000001118,10,9,10,1415,1,1,1,1.0,3.0,60683,M,4915300.0,291000.0,60
201000001119,10,9,22,2015,1,1,3,1.0,5.0,60561,M,0.0,0.0,60
201000001120,10,10,15,2300,3,1,1,1.0,6.0,60448,M,0.0,0.0,60
201000001121,10,10,17,830,1,1,1,1.0,6.0,60176,M,0.0,0.0,60
201000001122,10,12,8,900,1,1,1,1.0,1.0,60479,M,0.0,0.0,60
201000001123,10,12,12,1200,1,1,1,8.0,1.0,60027,M,0.0,0.0,60
201000001124,10,12,21,815,1,2,2,8.0,3.0,60176,M,0.0,0.0,60
201000001125,10,2,9,730,3,1,1,4.0,6.0,60500,M,0.0,0.0,60
201000001126,10,2,11,1000,1,1,1,1.0,1.0,60446,M,4915200.0,281400.0,60
201000001127,10,2,17,1130,1,1,3,1.0,1.0,60489,M,4915900.0,283800.0,60
201000001128,10,3,28,1430,1,1,1,1.0,6.0,60489,M,0.0,0.0,60
201000001129,10,5,24,1630,1,2,1,1.0,6.0,60666,M,4910600.0,268600.0,60
201000001130,10,6,4,1345,1,1,1,1.0,2.0,60341,M,0.0,0.0,60
201000001131,10,7,29,1745,1,2,1,1.0,4.0,60619,M,4911000.0,278600.0,60
201000001132,10,7,30,2230,3,1,1,1.0,1.0,60489,M,4916100.0,284200.0,60
201000001133,10,8,16,1845,1,1,1,2.0,1.0,60666,M,0.0,0.0,60
201000001134,10,8,30,630,2,1,1,1.0,1.0,60489,M,0.0,0.0,60
201000001135,10,9,23,1515,1,1,1,2.0,1.0,60087,M,0.0,0.0,60
201000001136,10,10,29,730,3,1,1,1.0,5.0,60446,M,0.0,0.0,60
201000001137,10,11,9,1545,1,1,1,2.0,3.0,60213,M,0.0,0.0,60
201000001138,10,11,25,2015,3,1,1,8.0,5.0,60446,M,0.0,0.0,60
201000001139,10,12,28,830,1,1,1,9.0,6.0,60341,M,0.0,0.0,60
201000001140,10,3,13,345,3,1,1,1.0,6.0,60650,M,0.0,0.0,60
201000001141,10,4,15,1200,1,2,1,1.0,1.0,60509,M,0.0,0.0,60
201000001142,10,9,29,1645,1,2,1,1.0,6.0,60509,M,0.0,0.0,60
201000001143,10,10,3,215,5,2,1,1.0,6.0,60667,M,0.0,0.0,60
201000001144,10,12,16,1700,5,2,1,2.0,6.0,60509,M,0.0,0.0,60
201000001145,10,4,4,1515,1,1,1,1.0,5.0,76541,M,0.0,0.0,76
201000001146,10,5,8,1700,1,1,1,1.0,6.0,76550,M,4936100.0,96200.0,76
201000001147,10,5,24,145,3,1,1,1.0,7.0,76367,M,0.0,0.0,76
201000001148,10,6,21,1,3,1,1,1.0,6.0,76550,M,0.0,0.0,76
201000001149,10,6,26,2330,3,1,1,1.0,7.0,76367,M,0.0,0.0,76
201000001150,10,7,21,2000,1,1,1,1.0,7.0,76614,M,4945100.0,97600.0,76
201000001151,10,7,31,1415,1,1,1,1.0,6.0,76614,M,0.0,0.0,76
201000001152,10,8,16,2200,3,1,1,1.0,3.0,76594,M,4951500.0,99100.0,76
201000001153,10,8,27,1630,1,1,1,1.0,7.0,76446,M,0.0,0.0,76
201000001154,10,9,3,1900,1,1,1,1.0,1.0,76728,M,0.0,0.0,76
201000001155,10,9,18,1600,1,2,1,1.0,5.0,76728,M,0.0,0.0,76
201000001156,10,11,7,2115,3,1,1,1.0,6.0,76550,M,0.0,0.0,76
201000001157,10,12,14,630,3,1,1,5.0,7.0,76354,M,0.0,0.0,76
201000001158,10,4,23,1400,1,1,1,1.0,1.0,76377,M,0.0,0.0,76
201000001159,10,5,10,1815,1,2,1,1.0,6.0,76123,M,4954700.0,111500.0,76
201000001160,10,7,1,915,1,1,1,1.0,2.0,76517,M,0.0,0.0,76
201000001161,10,7,5,1330,1,1,1,1.0,4.0,76287,M,0.0,0.0,76
201000001162,10,7,15,1715,1,2,1,1.0,3.0,76452,M,0.0,0.0,76
201000001163,10,7,25,1530,1,2,1,1.0,1.0,76105,M,4960600.0,109300.0,76
201000001164,10,8,26,1300,1,1,1,1.0,1.0,76555,M,0.0,0.0,76
201000001165,10,9,1,1300,1,2,2,1.0,3.0,76377,M,4950100.0,113900.0,76
201000001166,10,10,15,1600,1,2,1,1.0,2.0,76377,M,0.0,0.0,76
201000001167,10,10,25,1500,1,1,1,1.0,6.0,76547,M,0.0,0.0,76
201000001168,10,11,30,1445,1,1,1,1.0,6.0,76179,M,0.0,0.0,76
201000001169,10,2,5,1615,1,2,1,1.0,1.0,76235,M,0.0,0.0,76
201000001170,10,4,3,1200,1,1,1,1.0,1.0,76235,M,0.0,0.0,76
201000001171,10,4,6,1530,1,1,1,1.0,3.0,76413,M,0.0,0.0,76
201000001172,10,9,2,1830,1,2,1,1.0,6.0,76624,M,0.0,0.0,76
201000001173,10,9,26,1500,1,2,1,3.0,6.0,76630,M,0.0,0.0,76
201000001174,10,10,30,615,5,1,1,1.0,6.0,76562,M,4945000.0,130200.0,76
201000001175,10,4,5,545,3,1,1,1.0,6.0,76075,M,4977700.0,105100.0,76
201000001176,10,6,2,745,1,1,1,2.0,1.0,76662,M,4977900.0,90400.0,76
201000001177,10,7,10,300,4,2,1,1.0,3.0,76397,M,0.0,0.0,76
201000001178,10,9,17,715,2,2,1,1.0,6.0,76482,M,4988000.0,104299.0,76
201000001179,10,10,10,2200,3,1,1,1.0,6.0,76170,M,4982500.0,114900.0,76
201000001180,10,10,20,2030,3,1,1,1.0,7.0,76050,M,0.0,0.0,76
201000001181,10,10,29,1045,1,1,1,1.0,5.0,76482,M,0.0,0.0,76
201000001182,10,1,20,1045,1,1,1,2.0,1.0,76063,M,4974300.0,103800.0,76
201000001183,10,3,9,1630,1,2,1,1.0,6.0,76700,M,4968500.0,104699.0,76
201000001184,10,5,20,715,1,1,1,5.0,3.0,76602,M,4967600.0,108000.0,76
201000001185,10,7,10,320,3,1,1,1.0,6.0,76070,M,4971000.0,122300.0,76
201000001186,10,10,2,2045,3,1,1,2.0,7.0,76700,M,0.0,0.0,76
201000001187,10,10,5,1045,1,2,1,1.0,6.0,76321,M,4978900.0,123000.0,76
201000001188,10,10,20,1615,1,1,2,8.0,3.0,76449,M,4967900.0,114800.0,76
201000001189,10,7,4,1600,1,1,1,1.0,6.0,76514,M,4936000.0,119900.0,76
201000001190,10,10,6,945,1,1,1,1.0,5.0,76464,M,4938900.0,125500.0,76
201000001191,10,11,9,1515,1,1,1,2.0,1.0,76475,M,4939609.0,115927.0,76
201000001192,10,11,12,1600,2,2,1,2.0,4.0,76475,M,4941600.0,115600.0,76
201000001193,10,12,13,1300,1,2,1,1.0,2.0,76069,M,4937900.0,112700.0,76
201000001194,10,1,16,45,5,2,1,1.0,6.0,76709,M,0.0,0.0,76
201000001195,10,3,28,1700,1,2,1,2.0,6.0,76759,M,4939800.0,87700.0,76
201000001196,10,4,9,1930,1,2,1,1.0,6.0,76709,M,4948400.0,81800.0,76
201000001197,10,4,16,1300,1,2,3,1.0,3.0,76378,M,0.0,0.0,76
201000001198,10,5,17,1730,1,1,1,1.0,1.0,76398,M,0.0,0.0,76
201000001199,10,7,2,2100,1,1,1,1.0,7.0,76473,M,0.0,0.0,76
201000001200,10,7,14,1700,1,1,1,1.0,6.0,76631,M,4953300.0,89200.0,76
201000001201,10,7,29,2015,1,1,1,1.0,7.0,76626,M,0.0,0.0,76
201000001202,10,9,5,2130,5,1,1,1.0,1.0,76636,M,4949100.0,89900.0,76
201000001203,10,10,27,2015,3,1,1,1.0,6.0,76378,M,0.0,0.0,76
201000001204,10,11,20,1845,5,2,1,1.0,2.0,76222,M,4947700.0,86100.0,76
201000001205,10,12,13,1745,2,1,2,1.0,3.0,76750,M,4946400.0,82900.0,76
201000001206,10,1,1,1430,1,1,1,9.0,6.0,76117,M,4970500.0,25000.0,76
201000001207,10,4,17,2015,1,1,1,1.0,1.0,76390,M,0.0,0.0,76
201000001208,10,5,11,1630,1,1,1,1.0,1.0,76609,M,4966700.0,19600.0,76
201000001209,10,5,17,830,1,1,1,8.0,1.0,76361,M,4961500.0,15600.0,76
201000001210,10,6,14,1645,1,2,1,1.0,1.0,76014,M,4959400.0,28200.0,76
201000001211,10,6,17,1745,1,1,1,1.0,3.0,76064,M,0.0,0.0,76
201000001212,10,6,21,1415,1,1,1,1.0,3.0,76357,M,0.0,0.0,76
201000001213,10,6,22,930,1,1,1,1.0,3.0,76501,M,4968400.0,23500.0,76
201000001214,10,7,19,2015,1,1,1,1.0,1.0,76595,M,4965600.0,17300.0,76
201000001215,10,8,6,2245,3,1,2,1.0,3.0,76141,M,4960900.0,41500.0,76
201000001216,10,10,10,1115,1,1,1,1.0,3.0,76302,M,0.0,0.0,76
201000001217,10,10,10,2130,3,1,2,1.0,3.0,76224,M,4965100.0,31100.0,76
201000001218,10,10,8,1630,1,1,1,1.0,3.0,76307,M,4963900.0,22400.0,76
201000001219,10,10,16,445,3,1,1,2.0,3.0,76357,M,4959300.0,25900.0,76
201000001220,10,10,16,1730,1,1,1,2.0,3.0,76064,M,4964000.0,20400.0,76
201000001221,10,4,2,1500,1,1,2,1.0,3.0,76167,M,0.0,0.0,76
201000001222,10,4,3,130,3,1,1,1.0,6.0,76167,M,4960800.0,14700.0,76
201000001223,10,1,6,1645,1,1,1,1.0,6.0,76476,M,4969000.0,67700.0,76
201000001224,10,2,6,1900,5,2,1,1.0,1.0,76439,M,4961100.0,44400.0,76
201000001225,10,4,17,1945,1,2,1,1.0,5.0,76258,M,4965700.0,59300.0,76
201000001226,10,5,16,1730,1,2,1,1.0,2.0,76258,M,0.0,0.0,76
201000001227,10,8,20,1100,1,1,1,1.0,3.0,76543,M,0.0,0.0,76
201000001228,10,8,21,2245,3,1,1,1.0,2.0,76715,M,0.0,0.0,76
201000001229,10,9,3,730,1,1,9,1.0,6.0,76439,M,4961200.0,44700.0,76
201000001230,10,9,11,1845,1,1,2,1.0,3.0,76543,M,0.0,0.0,76
201000001231,10,10,7,245,3,1,1,5.0,7.0,76471,M,4947600.0,63600.0,76
201000001232,10,11,17,1330,1,1,9,1.0,1.0,76499,M,4946700.0,58500.0,76
201000001233,10,11,20,1615,1,1,1,1.0,7.0,76518,M,0.0,0.0,76
201000001234,10,12,9,2100,3,1,1,1.0,6.0,76592,M,0.0,0.0,76
201000001235,10,1,24,1245,1,1,2,1.0,3.0,76714,M,0.0,0.0,76
201000001236,10,1,28,1815,5,2,1,1.0,6.0,76657,M,4949200.0,34700.0,76
201000001237,10,4,13,1545,1,1,1,1.0,1.0,76647,M,4954000.0,36700.0,76
201000001238,10,4,30,1800,1,2,1,1.0,1.0,76658,M,4950700.0,36000.0,76
201000001239,10,6,22,1000,1,2,1,1.0,3.0,76647,M,4953500.0,36200.0,76
201000001240,10,7,12,1930,1,2,1,1.0,3.0,76647,M,0.0,0.0,76
201000001241,10,8,2,1445,1,1,1,1.0,2.0,76657,M,4947800.0,30700.0,76
201000001242,10,8,10,1530,1,1,1,2.0,3.0,76660,M,4948400.0,28300.0,76
201000001243,10,10,26,715,3,1,1,1.0,2.0,76647,M,4953000.0,38200.0,76
201000001244,10,12,25,1145,1,1,1,1.0,1.0,76596,M,4953400.0,25300.0,76
201000001245,10,1,8,1100,1,1,1,4.0,6.0,76584,M,4978200.0,153000.0,76
201000001246,10,4,8,1600,1,1,9,7.0,3.0,76244,M,4971000.0,140000.0,76
201000001247,10,4,10,1700,1,1,1,1.0,3.0,76427,M,4975700.0,140400.0,76
201000001248,10,7,30,1145,1,1,1,1.0,1.0,76454,M,4975600.0,155500.0,76
201000001249,10,8,5,1415,1,1,1,1.0,6.0,76584,M,4974600.0,147900.0,76
201000001250,10,8,9,1230,1,1,4,1.0,1.0,76175,M,4980900.0,145500.0,76
201000001251,10,8,18,1930,1,1,1,1.0,6.0,76399,M,4978400.0,144300.0,76
201000001252,10,9,2,1445,1,1,1,1.0,1.0,76516,M,0.0,0.0,76
201000001253,10,10,20,1415,1,1,3,1.0,3.0,76283,M,4973600.0,134100.0,76
201000001254,10,10,25,2015,5,2,1,1.0,6.0,76427,M,4976900.0,138200.0,76
201000001255,10,3,13,1830,2,2,1,8.0,6.0,76035,M,0.0,0.0,76
201000001256,10,4,21,1815,1,1,1,1.0,7.0,76527,M,0.0,0.0,76
201000001257,10,8,5,1000,1,2,1,8.0,3.0,76101,M,0.0,0.0,76
201000001258,10,8,5,1845,1,1,1,1.0,6.0,76460,M,4990900.0,168000.0,76
201000001259,10,9,2,1545,1,1,1,1.0,6.0,76101,M,0.0,0.0,76
201000001260,10,9,19,500,3,2,1,1.0,6.0,76278,M,0.0,0.0,76
201000001261,10,10,24,1315,1,2,2,1.0,3.0,76035,M,4976900.0,175400.0,76
201000001262,10,11,25,1330,1,1,1,1.0,6.0,76363,M,4988500.0,170600.0,76
201000001263,10,2,20,1500,1,2,1,2.0,6.0,76295,M,4965900.0,162400.0,76
201000001264,10,5,27,1830,1,1,1,1.0,7.0,76666,M,0.0,0.0,76
201000001265,10,6,20,1900,1,1,2,1.0,3.0,76139,M,4965800.0,138300.0,76
201000001266,10,5,16,1645,1,1,1,1.0,6.0,76733,M,4972400.0,130400.0,76
201000001267,10,7,5,1815,1,1,1,1.0,3.0,76343,M,0.0,0.0,76
201000001268,10,8,17,1115,1,1,9,2.0,3.0,76295,M,0.0,0.0,76
201000001269,10,10,18,2030,3,1,1,2.0,6.0,76277,M,0.0,0.0,76
201000001270,10,10,28,1045,1,1,1,2.0,1.0,76535,M,0.0,0.0,76
201000001271,10,10,25,1230,1,1,1,1.0,3.0,76332,M,0.0,0.0,76
201000001272,10,11,6,1545,1,1,1,1.0,6.0,76065,M,0.0,0.0,76
201000001273,10,1,13,2200,3,1,1,5.0,3.0,76263,M,4946800.0,147400.0,76
201000001274,10,4,24,1830,1,1,1,1.0,3.0,76048,M,4947700.0,165400.0,76
201000001275,10,5,6,1730,1,1,1,1.0,3.0,76208,M,4949600.0,170300.0,76
201000001276,10,5,25,1,3,1,1,1.0,7.0,76263,M,0.0,0.0,76
201000001277,10,7,23,2230,5,2,2,1.0,3.0,76312,M,4948800.0,172200.0,76
201000001278,10,11,20,1630,2,1,1,7.0,6.0,76124,M,4945900.0,168200.0,76
201000001279,10,12,17,2030,3,2,1,4.0,1.0,76142,M,0.0,0.0,76
201000001280,10,12,28,845,1,1,1,9.0,2.0,76463,M,0.0,0.0,76
201000001281,10,1,26,800,2,1,1,1.0,5.0,76568,M,0.0,0.0,76
201000001282,10,1,27,1715,1,1,1,1.0,3.0,76702,M,4959000.0,73200.0,76
201000001283,10,2,3,1830,5,2,1,1.0,3.0,76758,M,0.0,0.0,76
201000001284,10,6,19,445,5,2,1,8.0,3.0,76758,M,0.0,0.0,76
201000001285,10,6,28,1115,1,1,1,1.0,1.0,76718,M,0.0,0.0,76
201000001286,10,7,31,2345,3,2,1,1.0,6.0,76758,M,4960900.0,75700.0,76
201000001287,10,8,22,1015,1,1,1,1.0,2.0,76718,M,0.0,0.0,76
201000001288,10,10,15,1515,1,1,1,1.0,3.0,76568,M,4961700.0,78300.0,76
201000001289,10,11,25,1830,3,1,1,4.0,1.0,76729,M,0.0,0.0,76
201000001290,10,5,16,515,2,1,1,5.0,6.0,76433,M,4958800.0,88700.0,76
201000001291,10,5,26,1900,1,2,1,1.0,3.0,76057,M,4955200.0,95600.0,76
201000001292,10,7,27,1945,1,2,1,1.0,1.0,76057,M,4955600.0,94200.0,76
201000001293,10,8,19,1730,1,1,1,1.0,7.0,76289,M,4957000.0,83300.0,76
201000001294,10,8,20,1715,1,1,1,1.0,2.0,76057,M,4953100.0,96300.0,76
201000001295,10,9,18,1345,1,2,1,1.0,1.0,76057,M,0.0,0.0,76
201000001296,10,10,5,1645,1,1,1,2.0,4.0,76203,M,4961300.0,84700.0,76
201000001297,10,11,2,1745,4,2,1,1.0,3.0,76057,M,0.0,0.0,76
201000001298,10,12,30,1100,1,2,1,8.0,6.0,76159,M,0.0,0.0,76
201000001299,10,4,19,1815,1,1,1,1.0,3.0,76241,M,0.0,0.0,76
201000001300,10,5,14,1545,1,1,2,1.0,3.0,76189,M,0.0,0.0,76
201000001301,10,6,3,1745,1,2,1,1.0,3.0,76151,M,0.0,0.0,76
201000001302,10,7,16,145,3,1,1,1.0,6.0,76134,M,0.0,0.0,76
201000001303,10,8,3,1230,1,1,1,1.0,3.0,76407,M,0.0,0.0,76
201000001304,10,12,12,1245,1,1,2,1.0,3.0,76241,M,0.0,0.0,76
201000001305,10,1,4,745,3,1,1,9.0,1.0,76689,M,4971000.0,50600.0,76
201000001306,10,2,26,1930,5,2,1,1.0,3.0,76755,M,0.0,0.0,76
201000001307,10,6,30,845,1,2,1,8.0,3.0,76240,M,4971300.0,36500.0,76
201000001308,10,7,27,1630,1,1,1,1.0,1.0,76587,M,0.0,0.0,76
201000001309,10,8,14,730,1,1,1,1.0,6.0,76300,M,0.0,0.0,76
201000001310,10,8,27,1400,1,1,1,2.0,6.0,76240,M,0.0,0.0,76
201000001311,10,9,15,1700,1,1,1,1.0,3.0,76013,M,0.0,0.0,76
201000001312,10,10,6,800,2,1,1,1.0,1.0,76706,M,0.0,0.0,76
201000001313,10,10,13,1715,1,1,1,1.0,1.0,76298,M,0.0,0.0,76
201000001314,10,4,8,1730,1,1,1,1.0,7.0,76668,M,4964800.0,91000.0,76
201000001315,10,4,30,2300,3,1,1,1.0,1.0,76597,M,0.0,0.0,76