Num_Acc,an,mois,jour,hrmn,lum,agg,int,atm,col,com,gps,lat,long,dep
201000001316,10,6,21,1500,1,1,2,1.0,3.0,76387,M,4970900.0,88900.0,76
201000001317,10,11,25,1800,3,1,1,1.0,3.0,76692,M,0.0,0.0,76
201000001318,10,11,30,1615,2,2,1,1.0,1.0,76456,M,0.0,0.0,76
201000001319,10,1,14,2045,3,1,1,1.0,5.0,27217,M,4906040.0,92365.0,27
201000001320,10,1,27,615,3,1,1,1.0,6.0,27099,M,4907510.0,118551.0,27
201000001321,10,2,6,2115,3,1,1,1.0,6.0,27424,M,4894590.0,94592.0,27
201000001322,10,2,23,1300,1,1,1,2.0,5.0,27568,M,4894120.0,87153.0,27
201000001323,10,2,26,1345,1,1,1,6.0,3.0,27650,M,4905730.0,97293.0,27
201000001324,10,3,1,815,1,1,1,1.0,5.0,27031,M,4905370.0,110467.0,27
201000001325,10,3,5,815,1,1,1,7.0,5.0,27486,M,4909530.0,102638.0,27
201000001326,10,3,5,1715,1,2,1,1.0,1.0,27216,M,4909470.0,115830.0,27
201000001327,10,3,8,645,1,1,1,1.0,6.0,27165,M,4894840.0,95853.0,27
201000001328,10,3,21,1145,1,1,1,1.0,2.0,27641,M,4908730.0,91866.0,27
201000001329,10,4,3,1800,1,1,6,2.0,1.0,27031,M,4903970.0,112924.0,27
201000001330,10,4,17,1930,1,1,6,7.0,3.0,27641,M,4907490.0,92099.0,27
201000001331,10,4,22,1630,1,1,1,1.0,6.0,27238,M,4902300.0,99005.0,27
201000001332,10,4,22,1530,1,1,2,1.0,1.0,27017,M,4899260.0,115589.0,27
201000001333,10,4,25,600,5,1,9,1.0,6.0,27439,M,4905970.0,117440.0,27
201000001334,10,5,5,1600,1,1,1,1.0,6.0,27044,M,4895920.0,112970.0,27
201000001335,10,5,14,1145,1,1,6,1.0,3.0,27234,M,4901510.0,119548.0,27
201000001336,10,5,13,1200,1,1,2,1.0,5.0,27165,M,4895620.0,92901.0,27
201000001337,10,6,9,1315,1,1,2,1.0,5.0,27287,M,4898610.0,102240.0,27
201000001338,10,6,12,2330,3,1,1,1.0,6.0,27641,M,4907840.0,92037.0,27
201000001339,10,7,28,1100,1,1,2,1.0,3.0,27524,M,4910100.0,94470.0,27
201000001340,10,7,30,530,3,1,1,1.0,1.0,27602,M,4900590.0,107393.0,27
201000001341,10,8,4,1500,1,1,1,1.0,1.0,27306,M,4895800.0,116154.0,27
201000001342,10,8,3,1445,1,1,1,1.0,7.0,27235,M,4901190.0,91974.0,27
201000001343,10,8,23,1045,1,1,3,1.0,1.0,27535,M,4899490.0,96017.0,27
201000001344,10,8,28,1700,1,1,1,1.0,7.0,27099,M,4907970.0,117846.0,27
201000001345,10,9,2,1430,1,1,1,1.0,1.0,27165,M,4895440.0,93137.0,27
201000001346,10,9,14,2045,2,1,1,1.0,3.0,27242,M,4893660.0,82513.0,27
201000001347,10,9,17,1130,1,1,2,7.0,1.0,27282,M,4904910.0,106376.0,27
201000001348,10,9,20,1630,1,1,3,1.0,1.0,27489,M,4907180.0,122183.0,27
201000001349,10,10,10,1700,1,2,2,1.0,3.0,27057,M,4908040.0,101271.0,27
201000001350,10,10,11,1000,1,1,1,1.0,3.0,27268,M,4896010.0,95802.0,27
201000001351,10,10,31,1100,1,1,1,1.0,2.0,27353,M,4909900.0,118891.0,27
201000001352,10,11,7,2300,3,1,1,1.0,6.0,27568,M,4896530.0,89218.0,27
201000001353,10,11,18,830,1,1,1,1.0,1.0,27568,M,4893890.0,86266.0,27
201000001354,10,12,28,2230,3,1,2,8.0,6.0,27165,M,4895260.0,95125.0,27
201000001355,10,8,8,1030,1,2,1,1.0,7.0,27507,M,4891100.0,127689.0,27
201000001356,10,8,26,2200,5,2,3,2.0,3.0,27507,M,4890730.0,128474.0,27
201000001357,10,10,1,1315,1,2,3,2.0,1.0,27278,M,4891500.0,143300.0,27
201000001358,10,11,6,1630,1,1,1,2.0,1.0,27256,M,4895050.0,122368.0,27
201000001359,10,11,28,1400,1,1,1,1.0,6.0,27507,M,4889590.0,125868.0,27
201000001360,10,1,30,2300,3,1,1,1.0,6.0,27507,M,4892510.0,128713.0,27
201000001361,10,2,13,2230,3,1,1,1.0,5.0,27172,M,4888280.0,114623.0,27
201000001362,10,2,17,815,1,1,1,9.0,7.0,27491,M,4884710.0,104834.0,27
201000001363,10,2,26,1,3,1,1,2.0,7.0,27688,M,4893790.0,105119.0,27
201000001364,10,3,21,1845,2,1,1,1.0,3.0,27438,M,4876280.0,122554.0,27
201000001365,10,3,23,1715,2,1,2,1.0,3.0,27360,M,4891610.0,120204.0,27
201000001366,10,3,29,2000,2,1,1,2.0,1.0,27543,M,4879930.0,135340.0,27
201000001367,10,3,30,1945,1,1,1,1.0,5.0,27543,M,4879930.0,135340.0,27
201000001368,10,4,26,1800,1,1,2,1.0,3.0,27416,M,4885000.0,113665.0,27
201000001369,10,4,27,1345,1,1,3,1.0,3.0,27198,M,4887550.0,108532.0,27
201000001370,10,5,24,1845,1,1,2,7.0,3.0,27350,M,4881600.0,129497.0,27
201000001371,10,6,4,515,2,1,1,1.0,5.0,27002,M,4877450.0,110729.0,27
201000001372,10,6,12,2315,3,1,9,1.0,6.0,27172,M,4887970.0,112757.0,27
201000001373,10,6,15,1915,1,1,1,1.0,7.0,27378,M,4879100.0,120657.0,27
201000001374,10,6,29,830,1,1,1,1.0,6.0,27390,M,4881430.0,121612.0,27
201000001375,10,7,2,400,3,1,1,1.0,7.0,27144,M,4887410.0,129770.0,27
201000001376,10,7,17,1630,1,1,2,1.0,3.0,27484,M,4893220.0,129288.0,27
201000001377,10,8,24,1230,1,1,1,1.0,7.0,27416,M,4885760.0,109050.0,27
201000001378,10,11,2,1130,1,2,1,1.0,6.0,27543,M,4878380.0,135623.0,27
201000001379,10,11,20,530,3,1,1,1.0,6.0,27198,M,4887210.0,107258.0,27
201000001380,10,12,27,1115,1,2,3,1.0,2.0,27293,M,4884920.0,99896.0,27
201000001381,10,3,30,1845,1,2,4,1.0,1.0,27355,M,4888970.0,145988.0,27
201000001382,10,4,10,2030,2,1,1,1.0,7.0,27076,M,4895980.0,134559.0,27
201000001383,10,5,28,2315,3,1,1,1.0,6.0,27510,M,4900440.0,136632.0,27
201000001384,10,5,28,100,5,1,1,1.0,1.0,27555,M,4885190.0,132210.0,27
201000001385,10,6,1,1900,1,1,1,2.0,1.0,27278,M,4889960.0,145223.0,27
201000001386,10,7,1,2045,1,1,1,1.0,2.0,27510,M,4900800.0,136630.0,27
201000001387,10,7,10,1300,1,1,3,1.0,3.0,27273,M,4897760.0,140211.0,27
201000001388,10,8,20,1830,1,2,6,1.0,3.0,27448,M,4901420.0,138515.0,27
201000001389,10,9,17,1930,2,2,1,1.0,1.0,27510,M,4901190.0,136840.0,27
201000001390,10,9,18,1845,1,1,1,1.0,7.0,27254,M,4905670.0,125847.0,27
201000001391,10,11,6,915,1,1,1,3.0,3.0,27510,M,4901040.0,135425.0,27
201000001392,10,11,18,1745,3,1,1,8.0,7.0,27410,M,4901300.0,127777.0,27
201000001393,10,12,25,1815,5,2,8,1.0,6.0,27119,M,4893110.0,143772.0,27
201000001394,10,4,19,830,1,1,1,1.0,6.0,27532,M,4886020.0,95368.0,27
201000001395,10,5,11,2015,2,1,1,2.0,1.0,27009,M,4882900.0,71530.0,27
201000001396,10,6,27,2030,1,1,2,1.0,3.0,27491,M,4882380.0,100776.0,27
201000001397,10,7,10,515,2,1,1,1.0,6.0,27112,M,4885180.0,93685.0,27
201000001398,10,8,17,2245,3,1,1,1.0,6.0,27532,M,4886750.0,92591.0,27
201000001399,10,8,27,1315,1,2,1,1.0,3.0,27112,M,4883870.0,90775.0,27
201000001400,10,8,31,1400,1,1,1,7.0,7.0,27195,M,4880030.0,99440.0,27
201000001401,10,9,2,845,1,1,1,1.0,6.0,27685,M,4891380.0,75368.0,27
201000001402,10,10,11,1600,1,1,1,1.0,6.0,27578,M,4880240.0,94866.0,27
201000001403,10,10,22,1500,1,1,2,1.0,3.0,27108,M,4874610.0,81847.0,27
201000001404,10,10,24,2100,3,1,1,1.0,6.0,27108,M,4878130.0,81445.0,27
201000001405,10,2,20,1215,1,2,1,1.0,6.0,27016,M,4925040.0,144237.0,27
201000001406,10,3,23,945,1,1,1,1.0,6.0,27408,M,4918550.0,149457.0,27
201000001407,10,7,12,1815,1,1,1,1.0,6.0,27683,M,4922300.0,139571.0,27
201000001408,10,9,10,600,5,2,1,1.0,1.0,27270,M,4928190.0,141092.0,27
201000001409,10,11,16,1315,1,2,1,1.0,6.0,27016,M,4924480.0,142860.0,27
201000001410,10,1,12,1300,1,1,1,8.0,2.0,27279,M,4909590.0,158966.0,27
201000001411,10,4,8,2345,5,2,1,1.0,6.0,27279,M,4909080.0,160943.0,27
201000001412,10,5,23,115,5,2,1,1.0,6.0,27540,M,4908240.0,158277.0,27
201000001413,10,6,26,1700,1,2,1,1.0,7.0,27262,M,4912980.0,164722.0,27
201000001414,10,7,30,2300,3,1,2,1.0,3.0,27644,M,4914740.0,153516.0,27
201000001415,10,8,15,1600,1,1,2,3.0,3.0,27408,M,4918760.0,150110.0,27
201000001416,10,9,2,1530,1,1,2,1.0,3.0,27408,M,4917220.0,151899.0,27
201000001417,10,9,11,1115,1,1,2,1.0,3.0,27408,M,4917220.0,151899.0,27
201000001418,10,9,16,1030,1,1,1,1.0,2.0,27644,M,4915060.0,153336.0,27
201000001419,10,10,17,2045,3,1,6,1.0,7.0,27644,M,4914360.0,153804.0,27
201000001420,10,12,17,1015,1,1,1,9.0,3.0,27644,M,4913630.0,154507.0,27
201000001421,10,1,26,1900,5,2,3,1.0,1.0,27493,M,4932820.0,124873.0,27
201000001422,10,3,17,1000,1,2,9,7.0,6.0,27246,M,4936250.0,135528.0,27
201000001423,10,3,21,630,2,1,1,8.0,6.0,27066,M,4940510.0,162178.0,27
201000001424,10,5,31,1630,1,1,1,1.0,1.0,27205,M,4934020.0,130347.0,27
201000001425,10,6,1,2000,1,1,1,2.0,7.0,27294,M,4933470.0,138015.0,27
201000001426,10,9,17,1845,1,2,1,1.0,2.0,27012,M,4931410.0,130796.0,27
201000001427,10,10,20,130,3,2,1,2.0,6.0,27672,M,4944510.0,138401.0,27
201000001428,10,11,5,1030,1,2,1,2.0,6.0,27493,M,4933220.0,125982.0,27
201000001429,10,2,22,430,3,2,1,1.0,6.0,27026,M,4921850.0,164557.0,27
201000001430,10,4,27,1915,1,1,1,1.0,7.0,27480,M,4933920.0,152553.0,27
201000001431,10,6,7,1715,1,1,2,1.0,3.0,27632,M,4929690.0,155342.0,27
201000001432,10,6,18,645,1,1,2,1.0,1.0,27567,M,4925550.0,156240.0,27
201000001433,10,6,29,1530,1,2,1,7.0,6.0,27284,M,4927600.0,177463.0,27
201000001434,10,7,27,2300,5,2,1,1.0,3.0,27284,M,4927970.0,178427.0,27
201000001435,10,7,31,2030,2,2,3,1.0,1.0,27284,M,4927420.0,178006.0,27
201000001436,10,8,21,1730,1,2,1,1.0,6.0,27284,M,4928330.0,178674.0,27
201000001437,10,9,22,1615,1,1,1,1.0,2.0,27617,M,4930990.0,149771.0,27
201000001438,10,10,7,15,5,2,1,1.0,7.0,27067,M,4929500.0,169064.0,27
201000001439,10,10,15,1930,3,1,9,9.0,3.0,27226,M,4931410.0,160350.0,27
201000001440,10,10,21,815,1,2,1,1.0,2.0,27284,M,4927920.0,177127.0,27
201000001441,10,2,16,1615,1,2,1,1.0,6.0,27056,M,4909150.0,60213.0,27
201000001442,10,2,17,1230,1,1,2,1.0,1.0,27569,M,4911630.0,54023.0,27
201000001443,10,3,1,1815,2,1,1,1.0,1.0,27455,M,4918200.0,40860.0,27
201000001444,10,3,3,1800,1,2,1,1.0,6.0,27056,M,4909290.0,60223.0,27
201000001445,10,3,6,1600,1,1,1,1.0,6.0,27106,M,4912680.0,48706.0,27
201000001446,10,3,16,830,1,2,1,2.0,1.0,27056,M,4909030.0,59239.0,27
201000001447,10,3,23,1730,1,2,1,1.0,6.0,27056,M,4909350.0,60173.0,27
201000001448,10,4,6,930,1,2,1,1.0,4.0,27414,M,4894070.0,48103.0,27
201000001449,10,4,11,1045,1,1,1,1.0,2.0,27629,M,4914480.0,45076.0,27
201000001450,10,4,29,1045,1,1,6,1.0,1.0,27056,M,4909500.0,59401.0,27
201000001451,10,4,30,1945,2,1,1,1.0,3.0,27248,M,4915450.0,51212.0,27
201000001452,10,5,9,2115,2,1,1,1.0,7.0,27462,M,4908950.0,42819.0,27
201000001453,10,5,26,1830,1,1,1,1.0,2.0,27129,M,4907860.0,55770.0,27
201000001454,10,6,8,1415,1,1,2,1.0,3.0,27569,M,4911630.0,54023.0,27
201000001455,10,7,23,300,3,1,1,1.0,6.0,27239,M,4902160.0,58074.0,27
201000001456,10,9,5,1700,1,2,2,1.0,3.0,27512,M,4917150.0,47539.0,27
201000001457,10,10,22,1130,1,2,9,1.0,6.0,27056,M,4908800.0,59283.0,27
201000001458,10,10,22,1815,2,1,1,8.0,6.0,27463,M,4915470.0,60236.0,27
201000001459,10,10,23,1615,1,1,1,3.0,4.0,27295,M,4904420.0,56289.0,27
201000001460,10,10,30,1815,1,1,1,1.0,7.0,27056,M,4909130.0,61148.0,27
201000001461,10,2,6,1330,1,1,1,1.0,6.0,27300,M,4906010.0,79998.0,27
201000001462,10,2,9,500,3,1,1,9.0,6.0,27037,M,4908200.0,82093.0,27
201000001463,10,3,17,730,1,2,1,1.0,7.0,27116,M,4919210.0,72111.0,27
201000001464,10,5,14,930,1,2,2,1.0,1.0,27116,M,4919540.0,72041.0,27
201000001465,10,5,15,1045,1,1,2,1.0,3.0,27210,M,4913060.0,81304.0,27
201000001466,10,5,16,2115,2,1,2,1.0,3.0,27356,M,4902620.0,62694.0,27
201000001467,10,5,20,2145,3,1,1,1.0,3.0,27116,M,4920210.0,69746.0,27
201000001468,10,6,21,2045,1,2,1,1.0,7.0,27116,M,4919550.0,70620.0,27
201000001469,10,7,24,2245,3,1,1,1.0,6.0,27251,M,4909420.0,68544.0,27
201000001470,10,9,12,1530,1,1,1,1.0,7.0,27515,M,4904800.0,68726.0,27
201000001471,10,10,15,545,3,1,1,1.0,1.0,27116,M,4921020.0,72072.0,27
201000001472,10,10,17,1045,1,2,1,1.0,6.0,27041,M,4894640.0,66379.0,27
201000001473,10,10,23,1930,3,1,1,1.0,6.0,27125,M,4917690.0,76336.0,27
201000001474,10,11,4,830,1,1,2,1.0,3.0,27640,M,4900960.0,90125.0,27
201000001475,10,11,9,900,1,1,1,1.0,1.0,27041,M,4892470.0,64051.0,27
201000001476,10,11,16,745,2,1,3,5.0,3.0,27051,M,4908180.0,76180.0,27
201000001477,10,11,20,2145,3,1,1,8.0,6.0,27221,M,4899100.0,63776.0,27
201000001478,10,11,26,1130,1,2,1,8.0,3.0,27622,M,4910970.0,71921.0,27
201000001479,10,12,10,2230,3,1,1,1.0,7.0,27131,M,4915470.0,67961.0,27
201000001480,10,1,24,130,5,2,1,2.0,6.0,27697,M,4920670.0,122070.0,27
201000001481,10,4,9,1815,1,2,1,1.0,7.0,27666,M,4912780.0,111588.0,27
201000001482,10,4,22,700,1,2,2,1.0,3.0,27003,M,4917200.0,117548.0,27
201000001483,10,5,15,1715,1,1,2,1.0,3.0,27003,M,4915660.0,117762.0,27
201000001484,10,7,28,1115,1,2,1,1.0,6.0,27624,M,4920890.0,110874.0,27
201000001485,10,8,28,1815,1,1,3,1.0,2.0,27403,M,4919080.0,116721.0,27
201000001486,10,11,16,1315,1,1,2,1.0,3.0,27003,M,4915660.0,117762.0,27
201000001487,10,1,7,1300,1,1,2,1.0,3.0,27599,M,4914830.0,138868.0,27
201000001488,10,2,12,1715,1,1,2,1.0,3.0,27343,M,4906430.0,137453.0,27
201000001489,10,3,8,330,5,2,1,1.0,6.0,27022,M,4917010.0,135673.0,27
201000001490,10,7,9,1700,1,1,2,1.0,3.0,27249,M,4919350.0,127020.0,27
201000001491,10,7,13,1500,1,2,1,1.0,1.0,27589,M,4912380.0,139211.0,27
201000001492,10,9,3,1330,1,1,1,1.0,1.0,27517,M,4914390.0,132474.0,27
201000001493,10,9,11,2315,3,1,1,1.0,2.0,27519,M,4916480.0,131800.0,27
201000001494,10,10,30,715,3,1,1,1.0,7.0,27005,M,4916810.0,125237.0,27
201000001495,10,2,25,1945,3,2,1,2.0,1.0,27322,M,4923340.0,108196.0,27
201000001496,10,3,2,1715,1,1,1,1.0,3.0,27188,M,4930200.0,109139.0,27
201000001497,10,3,29,600,3,1,1,2.0,3.0,27365,M,4928140.0,119925.0,27
201000001498,10,4,30,845,1,2,3,1.0,3.0,27458,M,4932200.0,122400.0,27
201000001499,10,5,24,1830,1,2,1,1.0,6.0,27458,M,4931050.0,120344.0,27
201000001500,10,7,12,1515,1,2,2,1.0,3.0,27458,M,4932130.0,122987.0,27
201000001501,10,7,21,1430,1,1,1,2.0,4.0,27394,M,4929380.0,105664.0,27
201000001502,10,8,24,1030,1,2,6,1.0,6.0,27469,M,4930310.0,115511.0,27
201000001503,10,9,10,2315,3,2,6,1.0,6.0,27469,M,4930260.0,116028.0,27
201000001504,10,9,26,1630,1,2,6,8.0,2.0,27348,M,4931890.0,115756.0,27
201000001505,10,10,11,1530,1,2,7,7.0,6.0,27469,M,4930310.0,115511.0,27
201000001506,10,10,20,1415,1,1,1,1.0,4.0,27188,M,4929780.0,107382.0,27
201000001507,10,10,27,545,5,1,6,8.0,3.0,27348,M,4931530.0,115842.0,27
201000001508,10,11,14,900,1,1,1,1.0,1.0,27196,M,4930010.0,119103.0,27
201000001509,10,11,15,715,2,1,1,9.0,1.0,27348,M,4932770.0,115228.0,27
201000001510,10,11,15,1245,1,1,1,1.0,3.0,27469,M,4929330.0,115685.0,27
201000001511,10,11,24,445,3,1,2,2.0,3.0,27188,M,4929900.0,107855.0,27
201000001512,10,1,4,915,1,1,3,1.0,3.0,27595,M,4926480.0,88646.0,27
201000001513,10,2,15,1800,2,1,1,8.0,3.0,27382,M,4920670.0,101762.0,27
201000001514,10,4,6,1745,1,2,6,1.0,3.0,27593,M,4924860.0,96420.0,27
201000001515,10,5,29,1800,1,1,1,1.0,7.0,27638,M,4924360.0,93994.0,27
201000001516,10,6,11,645,2,1,1,5.0,7.0,27187,M,4919760.0,98970.0,27
201000001517,10,6,20,1900,1,2,1,1.0,3.0,27616,M,4925580.0,97782.0,27
201000001518,10,6,26,145,3,1,1,1.0,7.0,27677,M,4917250.0,105291.0,27
201000001519,10,7,9,2315,3,2,1,1.0,7.0,27192,M,4916040.0,93783.0,27
201000001520,10,7,13,1530,1,1,1,1.0,7.0,27320,M,4923350.0,86587.0,27
201000001521,10,9,5,1330,1,1,1,1.0,6.0,27389,M,4914710.0,94594.0,27
201000001522,10,9,18,1800,1,1,1,1.0,7.0,27511,M,4914910.0,98872.0,27
201000001523,10,9,22,1715,1,1,1,1.0,1.0,27638,M,4924450.0,94380.0,27
201000001524,10,9,26,1045,1,1,1,1.0,3.0,27695,M,4914850.0,86624.0,27
201000001525,10,10,3,1230,1,2,3,1.0,3.0,27616,M,4926040.0,98457.0,27
201000001526,10,10,24,745,2,1,1,1.0,7.0,27658,M,4913050.0,90695.0,27
201000001527,10,11,26,1830,2,2,3,2.0,3.0,27354,M,4917620.0,92336.0,27
201000001528,10,12,31,1845,3,1,1,4.0,3.0,27482,M,4919900.0,89397.0,27
201000001529,10,1,23,530,3,1,1,2.0,6.0,27526,M,4941180.0,62471.0,27
201000001530,10,1,29,1930,5,1,3,4.0,2.0,27655,M,4933200.0,50532.0,27
201000001531,10,2,3,2030,3,1,1,1.0,6.0,27665,M,4944050.0,56103.0,27
201000001532,10,2,4,1600,1,1,1,8.0,1.0,27467,M,4933660.0,56822.0,27
201000001533,10,4,13,2200,3,1,1,1.0,6.0,27656,M,4935970.0,45424.0,27
201000001534,10,4,15,1245,1,1,2,1.0,3.0,27607,M,4940190.0,55757.0,27
201000001535,10,4,17,2200,5,2,1,1.0,6.0,27126,M,4931920.0,56493.0,27
201000001536,10,4,27,1815,1,1,1,1.0,1.0,27655,M,4933250.0,50593.0,27
201000001537,10,5,20,1745,1,1,1,1.0,1.0,27064,M,4942750.0,36570.0,27
201000001538,10,6,24,1830,1,1,1,1.0,1.0,27656,M,4936820.0,45978.0,27
201000001539,10,7,7,1600,1,1,1,1.0,1.0,27243,M,4939860.0,31413.0,27
201000001540,10,7,8,1800,1,1,2,1.0,2.0,27597,M,4937350.0,37070.0,27
201000001541,10,7,23,1315,1,1,2,1.0,3.0,27243,M,4939650.0,32588.0,27
201000001542,10,8,2,1130,1,2,1,1.0,6.0,27467,M,4935630.0,52337.0,27
201000001543,10,8,3,1530,1,2,1,1.0,1.0,27393,M,4930460.0,40624.0,27
201000001544,10,8,8,1845,1,1,1,1.0,1.0,27174,M,4934860.0,59727.0,27
201000001545,10,8,11,1600,1,1,1,1.0,6.0,27101,M,4939680.0,50219.0,27
201000001546,10,8,28,1515,1,1,1,1.0,1.0,27174,M,4934710.0,59582.0,27
201000001547,10,8,29,630,2,1,1,1.0,6.0,27607,M,4940730.0,53872.0,27
201000001548,10,9,4,1215,1,1,1,1.0,1.0,27467,M,4934890.0,52488.0,27
201000001549,10,9,17,1500,1,1,1,1.0,4.0,27646,M,4932550.0,37050.0,27
201000001550,10,10,1,1045,1,2,1,1.0,3.0,27467,M,4935180.0,52497.0,27
201000001551,10,11,11,1100,1,2,3,3.0,6.0,27467,M,4935780.0,51195.0,27
201000001552,10,11,26,1345,1,2,1,1.0,6.0,27467,M,4935590.0,51447.0,27
201000001553,10,12,27,2100,5,2,8,1.0,6.0,27656,M,4936310.0,46811.0,27
201000001554,10,2,11,1915,3,1,3,1.0,1.0,27340,M,4936730.0,81400.0,27
201000001555,10,3,15,1900,2,2,1,1.0,6.0,27316,M,4939680.0,76895.0,27
201000001556,10,5,8,1915,1,1,2,1.0,2.0,27228,M,4935850.0,68541.0,27
201000001557,10,5,31,1015,1,1,1,1.0,3.0,27105,M,4928130.0,89575.0,27
201000001558,10,7,3,300,3,1,1,1.0,6.0,27244,M,4932840.0,76550.0,27
201000001559,10,7,18,1415,1,1,1,1.0,3.0,27091,M,4935990.0,85289.0,27
201000001560,10,7,29,915,1,1,1,1.0,3.0,27340,M,4937750.0,80546.0,27
201000001561,10,8,5,1945,1,1,1,1.0,6.0,27317,M,4938130.0,68120.0,27
201000001562,10,8,15,945,1,1,1,2.0,6.0,27092,M,4928050.0,86609.0,27
201000001563,10,9,16,1130,1,2,7,1.0,3.0,27077,M,4927110.0,78473.0,27
201000001564,10,11,18,1830,5,2,2,1.0,3.0,27105,M,4929900.0,87419.0,27
201000001565,10,3,1,830,1,1,1,1.0,6.0,27367,M,4924320.0,50510.0,27
201000001566,10,3,11,1915,2,1,1,1.0,1.0,27657,M,4930550.0,76271.0,27
201000001567,10,3,20,930,1,1,1,1.0,2.0,27146,M,4926600.0,40789.0,27
201000001568,10,5,14,1815,1,1,1,1.0,1.0,27367,M,4922290.0,52585.0,27
201000001569,10,5,16,1915,1,1,1,1.0,6.0,27018,M,4932850.0,66680.0,27
201000001570,10,6,2,1630,1,1,1,1.0,6.0,27367,M,4922800.0,51498.0,27
201000001571,10,6,5,730,1,1,1,1.0,7.0,27468,M,4922990.0,70816.0,27
201000001572,10,6,20,1600,1,1,1,1.0,7.0,27018,M,4931780.0,66188.0,27
201000001573,10,7,11,1430,1,2,2,1.0,1.0,27468,M,4924330.0,69993.0,27
201000001574,10,7,12,730,1,1,1,1.0,3.0,27367,M,4922840.0,47646.0,27
201000001575,10,7,28,1745,1,1,1,1.0,6.0,27167,M,4932250.0,59455.0,27
201000001576,10,9,19,1000,1,1,1,1.0,6.0,27413,M,4928770.0,67363.0,27
201000001577,10,1,29,630,3,1,1,2.0,1.0,35066,M,0.0,0.0,35
201000001578,10,6,3,1600,1,1,1,1.0,3.0,35363,M,0.0,0.0,35
201000001579,10,7,5,945,1,1,1,1.0,2.0,35047,M,0.0,0.0,35
201000001580,10,7,31,1030,1,2,1,1.0,6.0,35047,M,0.0,0.0,35
201000001581,10,9,18,1845,1,2,1,1.0,3.0,35066,M,0.0,0.0,35
201000001582,10,1,19,1045,1,1,1,1.0,1.0,35128,M,4828100.0,-171100.0,35
201000001583,10,3,6,1445,1,1,1,1.0,1.0,35177,M,0.0,0.0,35
201000001584,10,4,9,1900,1,1,1,1.0,7.0,35177,M,4821700.0,-173800.0,35
201000001585,10,4,20,1645,1,1,1,1.0,1.0,35216,M,4819700.0,-183100.0,35
201000001586,10,4,29,1745,1,1,1,1.0,6.0,35326,M,0.0,0.0,35
201000001587,10,5,10,15,3,1,1,1.0,6.0,35120,M,4822300.0,-181400.0,35
201000001588,10,6,19,1,3,1,1,1.0,4.0,35317,M,4828800.0,-180000.0,35
201000001589,10,6,24,1630,1,1,1,1.0,3.0,35193,M,4825900.0,-172100.0,35
201000001590,10,7,23,1400,1,1,1,1.0,3.0,35120,M,4823000.0,-178500.0,35
201000001591,10,8,5,2100,1,2,1,1.0,3.0,35120,M,0.0,0.0,35
201000001592,10,8,13,1415,1,1,1,1.0,7.0,35079,M,4821400.0,-163700.0,35
201000001593,10,9,13,1015,1,1,9,1.0,3.0,35177,M,4820600.0,-173100.0,35
201000001594,10,10,12,1230,1,1,1,1.0,3.0,35317,M,0.0,0.0,35
201000001595,10,12,18,1900,3,1,1,9.0,4.0,35356,M,4825000.0,-176100.0,35
201000001596,10,12,21,2300,3,1,1,5.0,6.0,35130,M,0.0,0.0,35
201000001597,10,12,23,1530,1,1,2,2.0,5.0,35326,M,4833500.0,-152600.0,35
201000001598,10,12,23,1945,3,2,1,2.0,3.0,35326,M,4833600.0,-153400.0,35
201000001599,10,2,12,100,3,1,1,1.0,6.0,35184,M,4822400.0,-202700.0,35
201000001600,10,2,16,1730,1,1,1,1.0,2.0,35144,M,4824400.0,-186400.0,35
201000001601,10,3,26,2115,3,1,1,1.0,3.0,35117,M,4815100.0,-221600.0,35
201000001602,10,5,31,800,1,1,1,2.0,5.0,35302,M,4819500.0,-212000.0,35
201000001603,10,8,18,1945,1,2,3,1.0,1.0,35297,M,4818900.0,-218500.0,35
201000001604,10,8,26,830,1,1,1,8.0,1.0,35184,M,4820300.0,-200900.0,35
201000001605,10,10,9,2030,3,1,1,1.0,5.0,35117,M,4814800.0,-221700.0,35
201000001606,10,10,24,1500,1,1,3,1.0,1.0,35117,M,4812300.0,-219900.0,35
201000001607,10,11,8,730,3,1,1,1.0,6.0,35184,M,4819500.0,-202000.0,35
201000001608,10,1,29,230,3,1,1,1.0,7.0,35133,M,4808000.0,-199100.0,35
201000001609,10,1,29,2000,3,1,1,3.0,7.0,35227,M,4817300.0,-187700.0,35
201000001610,10,6,26,30,3,1,1,1.0,7.0,35227,M,4817600.0,-190700.0,35