Num_Acc,an,mois,jour,hrmn,lum,agg,int,atm,col,com,gps,lat,long,dep
201000001611,10,8,15,1915,1,1,1,1.0,6.0,35223,M,4801600.0,-207200.0,35
201000001612,10,9,25,1415,1,1,1,1.0,6.0,35223,M,0.0,0.0,35
201000001613,10,12,28,1045,1,1,1,5.0,3.0,35223,M,4800200.0,-208400.0,35
201000001614,10,4,21,1615,1,2,6,1.0,6.0,35240,M,0.0,0.0,35
201000001615,10,4,24,1245,1,1,1,1.0,3.0,35196,M,0.0,0.0,35
201000001616,10,10,25,1800,1,2,1,1.0,1.0,35240,M,0.0,0.0,35
201000001617,10,12,17,815,2,1,1,9.0,1.0,35240,M,0.0,0.0,35
201000001618,10,12,18,1745,2,2,1,8.0,6.0,35196,M,4810700.0,-179600.0,35
201000001619,10,3,1,1930,3,1,3,2.0,3.0,35137,M,0.0,0.0,35
201000001620,10,3,9,700,2,1,1,1.0,6.0,35137,M,0.0,0.0,35
201000001621,10,4,10,2030,2,1,1,1.0,7.0,35271,M,0.0,0.0,35
201000001622,10,5,7,1445,1,1,1,1.0,6.0,35142,M,0.0,0.0,35
201000001623,10,5,21,2330,3,1,1,1.0,7.0,35163,M,0.0,0.0,35
201000001624,10,6,13,1730,1,1,1,1.0,7.0,35357,M,0.0,0.0,35
201000001625,10,7,10,115,5,1,6,1.0,6.0,35021,M,0.0,0.0,35
201000001626,10,8,20,1430,1,2,1,1.0,7.0,35271,M,0.0,0.0,35
201000001627,10,12,27,1215,1,1,1,1.0,1.0,35243,M,0.0,0.0,35
201000001628,10,2,1,830,1,2,6,4.0,6.0,35253,M,0.0,0.0,35
201000001629,10,2,1,1715,1,1,1,1.0,3.0,35113,M,0.0,0.0,35
201000001630,10,5,11,1700,1,2,1,1.0,6.0,35257,M,0.0,0.0,35
201000001631,10,6,26,630,1,1,1,1.0,7.0,35075,M,0.0,0.0,35
201000001632,10,7,15,1900,1,1,1,9.0,1.0,35115,M,0.0,0.0,35
201000001633,10,7,28,2100,2,1,2,1.0,3.0,35178,M,0.0,0.0,35
201000001634,10,8,8,1045,1,1,1,1.0,3.0,35063,M,0.0,0.0,35
201000001635,10,8,14,1315,1,1,1,3.0,2.0,35273,M,0.0,0.0,35
201000001636,10,8,21,1000,1,1,1,1.0,7.0,35019,M,0.0,0.0,35
201000001637,10,8,27,830,1,1,9,1.0,3.0,35063,M,0.0,0.0,35
201000001638,10,9,19,1945,1,1,1,1.0,5.0,35113,M,0.0,0.0,35
201000001639,10,9,20,1315,1,1,1,1.0,5.0,35253,M,0.0,0.0,35
201000001640,10,12,11,1900,3,1,1,1.0,7.0,35303,M,0.0,0.0,35
201000001641,10,12,11,1730,2,1,2,1.0,3.0,35075,M,0.0,0.0,35
201000001642,10,12,25,1230,1,1,1,9.0,1.0,35063,M,0.0,0.0,35
201000001643,10,1,16,1745,3,1,1,2.0,1.0,35237,M,0.0,0.0,35
201000001644,10,1,26,1115,1,1,1,1.0,2.0,35236,M,0.0,0.0,35
201000001645,10,2,3,500,3,1,1,1.0,6.0,35237,M,0.0,0.0,35
201000001646,10,6,4,845,1,1,1,1.0,3.0,35013,M,4771700.0,-207900.0,35
201000001647,10,6,9,1500,1,2,1,1.0,3.0,35236,M,4765700.0,-208599.0,35
201000001648,10,6,22,1600,1,2,2,1.0,6.0,35236,M,4765600.0,-209700.0,35
201000001649,10,7,8,1830,1,1,6,1.0,3.0,35236,M,4766700.0,-209800.0,35
201000001650,10,7,19,730,1,2,1,1.0,3.0,35236,M,4765200.0,-208800.0,35
201000001651,10,11,1,1730,1,1,1,1.0,1.0,35064,M,4769300.0,-193300.0,35
201000001652,10,12,10,1915,3,1,1,1.0,3.0,35236,M,4767500.0,-208000.0,35
201000001653,10,1,8,2115,3,1,1,1.0,6.0,35012,M,,,35
201000001654,10,2,14,1900,3,1,1,1.0,6.0,35145,M,0.0,0.0,35
201000001655,10,2,26,1445,1,2,1,1.0,1.0,35054,M,0.0,0.0,35
201000001656,10,4,18,45,3,1,1,1.0,7.0,35054,M,,,35
201000001657,10,6,12,615,2,1,1,1.0,6.0,35145,M,0.0,0.0,35
201000001658,10,6,27,1715,1,2,1,1.0,6.0,35332,M,0.0,0.0,35
201000001659,10,7,2,1215,1,1,1,1.0,2.0,35221,M,0.0,0.0,35
201000001660,10,7,29,1900,1,1,1,1.0,2.0,35012,M,0.0,0.0,35
201000001661,10,8,9,1345,1,1,1,1.0,1.0,35054,M,0.0,0.0,35
201000001662,10,10,9,1700,1,1,1,1.0,1.0,35332,M,0.0,0.0,35
201000001663,10,10,30,1715,1,1,1,1.0,1.0,35212,M,4791900.0,-163700.0,35
201000001664,10,10,30,1315,1,1,1,1.0,6.0,35212,M,4789400.0,-164300.0,35
201000001665,10,11,10,1630,1,1,1,1.0,3.0,35012,M,0.0,0.0,35
201000001666,10,1,29,2345,3,1,1,1.0,6.0,35016,M,0.0,0.0,35
201000001667,10,3,1,845,1,1,1,1.0,1.0,35127,M,0.0,0.0,35
201000001668,10,4,16,1130,1,1,1,1.0,1.0,35033,M,0.0,0.0,35
201000001669,10,4,28,1545,1,1,1,1.0,3.0,35123,M,4803000.0,-178500.0,35
201000001670,10,5,25,700,1,1,1,1.0,3.0,35033,M,4793300.0,-173300.0,35
201000001671,10,6,16,2130,2,1,9,1.0,7.0,35126,M,4797200.0,-180000.0,35
201000001672,10,7,7,2245,3,1,1,1.0,6.0,35312,M,0.0,0.0,35
201000001673,10,9,3,1415,1,1,1,1.0,2.0,35127,M,0.0,0.0,35
201000001674,10,9,16,1630,1,1,1,1.0,1.0,35126,M,0.0,0.0,35
201000001675,10,10,13,1630,1,1,3,1.0,3.0,35127,M,0.0,0.0,35
201000001676,10,10,15,2245,3,1,1,1.0,6.0,35123,M,0.0,0.0,35
201000001677,10,10,23,1215,1,1,2,1.0,3.0,35127,M,0.0,0.0,35
201000001678,10,10,27,745,2,1,1,1.0,2.0,35126,M,0.0,0.0,35
201000001679,10,12,18,1200,1,1,1,3.0,2.0,35149,M,0.0,0.0,35
201000001680,10,4,1,1700,1,1,1,1.0,7.0,35155,M,0.0,0.0,35
201000001681,10,4,6,1730,1,1,1,1.0,3.0,35168,M,0.0,0.0,35
201000001682,10,4,9,2115,3,1,1,1.0,1.0,35219,M,4779700.0,-192300.0,35
201000001683,10,5,15,1530,1,1,1,1.0,7.0,35057,M,4792500.0,-193500.0,35
201000001684,10,7,4,1600,1,1,1,1.0,1.0,35219,M,4782700.0,-196300.0,35
201000001685,10,9,24,1600,1,1,1,8.0,3.0,35175,M,4789200.0,-197100.0,35
201000001686,10,10,1,1300,1,1,1,3.0,7.0,35045,M,4781600.0,-199100.0,35
201000001687,10,11,21,600,3,1,1,1.0,7.0,35045,M,0.0,0.0,35
201000001688,10,11,28,900,2,1,1,1.0,7.0,35057,M,4792800.0,-192100.0,35
201000001689,10,12,6,1700,2,2,1,2.0,3.0,35057,M,4793300.0,-194200.0,35
201000001690,10,1,7,1230,1,1,1,4.0,7.0,35132,M,0.0,0.0,35
201000001691,10,1,13,145,3,1,1,4.0,6.0,35337,M,0.0,0.0,35
201000001692,10,1,15,1315,1,2,1,1.0,3.0,35337,M,0.0,0.0,35
201000001693,10,1,17,1530,1,1,1,1.0,6.0,35263,M,0.0,0.0,35
201000001694,10,1,26,1530,1,1,1,1.0,6.0,35345,M,0.0,0.0,35
201000001695,10,2,16,1230,1,1,1,1.0,2.0,35265,M,0.0,0.0,35
201000001696,10,3,14,30,3,1,1,1.0,1.0,35306,M,0.0,0.0,35
201000001697,10,3,21,630,2,1,1,1.0,7.0,35299,M,0.0,0.0,35
201000001698,10,4,3,1630,1,1,1,3.0,6.0,35224,M,0.0,0.0,35
201000001699,10,4,4,2100,3,1,1,1.0,6.0,35308,M,0.0,0.0,35
201000001700,10,4,9,1630,1,1,1,1.0,3.0,35263,M,0.0,0.0,35
201000001701,10,4,19,1400,1,1,1,1.0,3.0,35299,M,0.0,0.0,35
201000001702,10,4,17,145,3,1,1,1.0,6.0,35049,M,0.0,0.0,35
201000001703,10,4,24,1615,1,1,9,1.0,5.0,35070,M,0.0,0.0,35
201000001704,10,5,22,1700,1,2,1,1.0,7.0,35308,M,0.0,0.0,35
201000001705,10,6,3,1145,1,1,1,1.0,3.0,35224,M,0.0,0.0,35
201000001706,10,6,10,1215,1,1,1,1.0,4.0,35179,M,0.0,0.0,35
201000001707,10,6,11,1100,1,1,1,1.0,1.0,35156,M,0.0,0.0,35
201000001708,10,6,26,1115,1,1,1,1.0,6.0,35306,M,0.0,0.0,35
201000001709,10,7,3,1100,1,1,1,1.0,5.0,35358,M,0.0,0.0,35
201000001710,10,7,3,2030,1,1,1,1.0,6.0,35116,M,0.0,0.0,35
201000001711,10,7,5,1915,1,1,1,1.0,3.0,35284,M,0.0,0.0,35
201000001712,10,7,16,1830,1,2,1,1.0,1.0,35314,M,0.0,0.0,35
201000001713,10,7,23,1900,1,1,1,1.0,6.0,35179,M,0.0,0.0,35
201000001714,10,7,25,1845,1,1,1,1.0,7.0,35132,M,0.0,0.0,35
201000001715,10,7,26,1630,1,1,9,1.0,1.0,35308,M,0.0,0.0,35
201000001716,10,7,30,1630,1,1,1,1.0,6.0,35156,M,0.0,0.0,35
201000001717,10,8,9,1845,1,1,1,1.0,1.0,35263,M,0.0,0.0,35
201000001718,10,8,12,945,1,1,2,1.0,3.0,35299,M,0.0,0.0,35
201000001719,10,8,13,1,5,2,1,1.0,7.0,35255,M,0.0,0.0,35
201000001720,10,8,19,1430,1,2,1,1.0,7.0,35049,M,0.0,0.0,35
201000001721,10,8,20,1615,1,1,1,1.0,1.0,35358,M,0.0,0.0,35
201000001722,10,8,22,945,1,1,1,1.0,2.0,35299,M,0.0,0.0,35
201000001723,10,8,16,1230,1,1,1,1.0,1.0,35345,M,0.0,0.0,35
201000001724,10,9,1,115,5,2,1,1.0,6.0,35049,M,0.0,0.0,35
201000001725,10,9,4,2200,3,1,1,1.0,6.0,35263,M,0.0,0.0,35
201000001726,10,9,10,1330,1,2,1,1.0,2.0,35263,M,0.0,0.0,35
201000001727,10,9,24,1915,2,1,1,2.0,1.0,35179,M,0.0,0.0,35
201000001728,10,10,6,1345,1,1,1,2.0,3.0,35337,M,0.0,0.0,35
201000001729,10,11,1,1100,1,1,1,1.0,2.0,35306,M,0.0,0.0,35
201000001730,10,11,16,1200,1,1,1,1.0,1.0,35299,M,0.0,0.0,35
201000001731,10,11,22,1545,1,1,1,2.0,7.0,35265,M,0.0,0.0,35
201000001732,10,11,23,1400,1,1,1,1.0,6.0,35263,M,0.0,0.0,35
201000001733,10,12,30,1415,1,1,1,1.0,5.0,35224,M,0.0,0.0,35
201000001734,10,12,10,2230,3,1,1,1.0,3.0,35085,M,0.0,0.0,35
201000001735,10,2,1,1015,1,1,1,2.0,6.0,35085,M,0.0,0.0,35
201000001736,10,2,4,1930,5,2,1,1.0,3.0,35085,M,0.0,0.0,35
201000001737,10,2,10,615,3,1,1,1.0,1.0,35172,M,0.0,0.0,35
201000001738,10,2,11,815,1,1,1,4.0,1.0,35085,M,0.0,0.0,35
201000001739,10,3,27,1930,2,1,1,1.0,7.0,35009,M,0.0,0.0,35
201000001740,10,3,31,815,1,1,3,7.0,1.0,35342,M,0.0,0.0,35
201000001741,10,3,31,1030,1,2,1,1.0,6.0,35085,M,0.0,0.0,35
201000001742,10,4,4,1200,1,2,1,1.0,1.0,35010,M,0.0,0.0,35
201000001743,10,4,7,1030,1,2,6,1.0,6.0,35095,M,0.0,0.0,35
201000001744,10,5,14,415,3,1,1,1.0,7.0,35085,M,0.0,0.0,35
201000001745,10,6,14,1830,1,1,1,1.0,3.0,35078,M,4859300.0,-169800.0,35
201000001746,10,6,26,1115,1,2,1,1.0,3.0,35085,M,0.0,0.0,35
201000001747,10,6,26,1800,1,1,1,1.0,3.0,35222,M,4854100.0,-154900.0,35
201000001748,10,6,30,1445,1,2,1,1.0,3.0,35247,M,0.0,0.0,35
201000001749,10,7,6,1200,1,1,1,1.0,3.0,35034,M,0.0,0.0,35
201000001750,10,7,13,1530,1,1,1,1.0,1.0,35186,M,4859700.0,-177500.0,35
201000001751,10,7,25,1130,1,1,1,1.0,3.0,35095,M,0.0,0.0,35
201000001752,10,7,30,1730,1,1,1,1.0,6.0,35095,M,4855300.0,-171800.0,35
201000001753,10,9,12,1000,1,1,1,1.0,6.0,35270,M,4856700.0,-154400.0,35
201000001754,10,10,11,1630,1,1,1,1.0,3.0,35009,M,4852300.0,-174500.0,35
201000001755,10,11,24,1500,1,2,1,1.0,3.0,35222,M,4855600.0,-155600.0,35
201000001756,10,3,19,1500,1,1,1,8.0,2.0,35228,M,0.0,0.0,35
201000001757,10,7,11,1000,1,2,1,1.0,3.0,35287,M,0.0,0.0,35
201000001758,10,7,21,1445,1,2,1,1.0,3.0,35181,M,0.0,0.0,35
201000001759,10,9,4,915,1,1,1,1.0,2.0,35228,M,0.0,0.0,35
201000001760,10,9,19,715,2,1,1,1.0,1.0,35287,M,0.0,0.0,35
201000001761,10,10,8,2300,5,2,1,1.0,2.0,35256,M,0.0,0.0,35
201000001762,10,10,25,1045,1,1,1,1.0,5.0,35228,M,0.0,0.0,35
201000001763,10,3,1,1130,1,1,1,1.0,3.0,35105,M,0.0,0.0,35
201000001764,10,3,17,515,5,2,3,1.0,3.0,35360,M,0.0,0.0,35
201000001765,10,4,12,1100,1,1,1,1.0,1.0,35119,M,0.0,0.0,35
201000001766,10,4,18,1345,1,1,1,1.0,7.0,35006,M,0.0,0.0,35
201000001767,10,6,11,1230,1,1,1,2.0,6.0,35006,M,4804100.0,-120000.0,35
201000001768,10,6,29,730,1,1,1,1.0,7.0,35166,M,0.0,0.0,35
201000001769,10,7,30,2330,3,1,1,1.0,6.0,35347,M,0.0,0.0,35
201000001770,10,7,31,145,5,2,1,1.0,6.0,35360,M,0.0,0.0,35
201000001771,10,8,16,415,3,1,1,1.0,2.0,35006,M,0.0,0.0,35
201000001772,10,9,1,1715,1,1,1,1.0,6.0,35015,M,0.0,0.0,35
201000001773,10,9,30,2345,3,2,4,1.0,3.0,35360,M,0.0,0.0,35
201000001774,10,10,17,730,1,1,1,1.0,1.0,35272,M,0.0,0.0,35
201000001775,10,10,27,745,2,1,1,1.0,1.0,35087,M,4807900.0,-129100.0,35
201000001776,10,1,4,1200,1,1,1,1.0,6.0,35069,M,0.0,0.0,35
201000001777,10,3,15,830,3,1,1,5.0,2.0,35283,M,0.0,0.0,35
201000001778,10,4,18,1000,1,2,1,1.0,7.0,35068,M,4811400.0,-138600.0,35
201000001779,10,4,25,415,3,1,1,1.0,6.0,35099,M,0.0,0.0,35
201000001780,10,5,10,1630,1,2,2,2.0,1.0,35207,M,0.0,0.0,35
201000001781,10,5,21,900,1,1,1,1.0,6.0,35039,M,0.0,0.0,35
201000001782,10,6,4,830,1,1,1,1.0,7.0,35264,M,0.0,0.0,35
201000001783,10,6,8,1000,1,1,1,1.0,6.0,35099,M,0.0,0.0,35
201000001784,10,6,7,1200,1,2,6,1.0,3.0,35096,M,0.0,0.0,35
201000001785,10,6,12,445,3,1,1,1.0,1.0,35207,M,0.0,0.0,35
201000001786,10,6,11,2315,5,2,1,1.0,6.0,35069,M,0.0,0.0,35
201000001787,10,6,19,1430,1,1,2,1.0,3.0,35099,M,0.0,0.0,35
201000001788,10,8,10,900,1,1,1,2.0,6.0,35099,M,0.0,0.0,35
201000001789,10,8,30,2300,3,1,1,1.0,6.0,35068,M,0.0,0.0,35
201000001790,10,8,30,2300,3,1,1,1.0,6.0,35068,M,0.0,0.0,35
201000001791,10,9,3,1800,1,1,2,1.0,3.0,35068,M,0.0,0.0,35
201000001792,10,9,21,1715,1,2,1,1.0,3.0,35204,M,0.0,0.0,35
201000001793,10,9,25,1100,1,2,6,1.0,3.0,35068,M,0.0,0.0,35
201000001794,10,10,18,2030,3,1,1,1.0,3.0,35099,M,0.0,0.0,35
201000001795,10,12,8,1815,3,2,1,1.0,6.0,35327,M,0.0,0.0,35
201000001796,10,12,16,315,3,1,1,9.0,3.0,35068,M,0.0,0.0,35
201000001797,10,12,13,730,3,1,1,4.0,7.0,35283,M,0.0,0.0,35
201000001798,10,1,24,1230,1,1,1,1.0,6.0,35102,M,4791700.0,-124700.0,35
201000001799,10,1,30,1800,1,1,1,1.0,3.0,35014,M,4801100.0,-128900.0,35
201000001800,10,2,3,1815,1,1,1,1.0,1.0,35239,M,4792600.0,-133600.0,35
201000001801,10,5,4,800,1,1,1,1.0,1.0,35359,M,4798200.0,-133600.0,35
201000001802,10,6,12,1430,1,1,1,1.0,5.0,35167,M,4782300.0,-129600.0,35
201000001803,10,6,17,1045,1,1,1,1.0,3.0,35014,M,4803400.0,-131700.0,35
201000001804,10,9,6,1200,1,1,1,1.0,7.0,35167,M,4786600.0,-134000.0,35
201000001805,10,9,9,1800,1,1,1,1.0,1.0,35235,M,4794100.0,-122500.0,35
201000001806,10,9,14,1730,1,1,1,1.0,7.0,35008,M,4795600.0,-117700.0,35
201000001807,10,12,11,2000,3,1,1,1.0,1.0,35333,M,4792000.0,-139300.0,35
201000001808,10,12,16,830,2,1,1,2.0,1.0,35167,M,4785200.0,-134500.0,35
201000001809,10,12,18,1815,5,2,1,2.0,6.0,35239,M,4791700.0,-138000.0,35
201000001810,10,2,18,1330,1,1,1,4.0,3.0,35333,M,4793000.0,-143800.0,35
201000001811,10,6,2,900,1,1,2,1.0,3.0,35041,M,0.0,0.0,35
201000001812,10,9,17,1900,2,1,2,1.0,3.0,35041,M,0.0,0.0,35
201000001813,10,9,26,1,3,1,2,1.0,2.0,35220,M,0.0,0.0,35
201000001814,10,6,26,1900,1,2,1,1.0,6.0,22047,M,4832100.0,-305800.0,22
201000001815,10,8,19,1830,1,1,1,1.0,7.0,22295,M,4824761.0,-296457.0,22
201000001816,10,6,4,2345,3,2,4,1.0,7.0,22055,M,4862265.0,-284270.0,22
201000001817,10,7,5,1815,1,1,1,1.0,1.0,22055,M,4863503.0,-282630.0,22
201000001818,10,7,8,1945,1,1,1,1.0,7.0,22178,M,4871099.0,-301920.0,22
201000001819,10,10,1,1430,1,1,1,2.0,1.0,22055,M,4862500.0,-285300.0,22
201000001820,10,11,16,830,1,1,1,1.0,1.0,22232,M,4862499.0,-286119.0,22
201000001821,10,12,20,700,3,1,1,9.0,6.0,22007,M,0.0,0.0,22
201000001822,10,12,30,1630,1,1,1,1.0,1.0,22222,M,4867000.0,-289400.0,22
201000001823,10,1,29,1015,1,2,1,1.0,7.0,22002,M,4848810.0,-256161.0,22
201000001824,10,2,12,2300,3,1,1,1.0,7.0,22142,M,4842746.0,-250786.0,22
201000001825,10,9,26,445,3,1,1,1.0,7.0,22002,M,4848570.0,-255510.0,22
201000001826,10,10,8,1830,5,2,3,1.0,3.0,22151,M,4843600.0,-260600.0,22
201000001827,10,11,9,1300,1,1,1,1.0,7.0,22270,M,0.0,0.0,22
201000001828,10,12,15,2200,5,2,2,1.0,3.0,22093,M,4847127.0,-251599.0,22
201000001829,10,1,1,845,2,1,1,8.0,7.0,22258,M,4843730.0,-268197.0,22
201000001830,10,3,15,900,1,1,1,5.0,7.0,22345,M,4832115.0,-255491.0,22
201000001831,10,3,19,2015,3,1,1,1.0,1.0,22376,M,4821779.0,-280064.0,22
201000001832,10,3,24,945,1,1,4,1.0,6.0,22296,M,4837530.0,-252753.0,22
201000001833,10,5,14,1745,1,2,7,1.0,3.0,22219,M,4828074.0,-270358.0,22
201000001834,10,6,22,1030,1,1,4,1.0,5.0,22184,M,4834921.0,-271606.0,22
201000001835,10,7,16,1145,1,1,3,1.0,3.0,22346,M,4836968.0,-261947.0,22
201000001836,10,8,10,845,1,1,1,3.0,7.0,22219,M,4827916.0,-269442.0,22
201000001837,10,9,21,1630,1,1,4,1.0,1.0,22079,M,4836685.0,-262749.0,22
201000001838,10,10,8,2030,5,2,4,1.0,7.0,22258,M,4842226.0,-266254.0,22
201000001839,10,10,10,1615,1,1,4,1.0,3.0,22346,M,4836495.0,-262689.0,22
201000001840,10,10,24,1715,3,1,1,1.0,7.0,22079,M,4839376.0,-262675.0,22
201000001841,10,11,16,1715,1,1,1,1.0,5.0,22203,M,4836160.0,-277389.0,22
201000001842,10,11,18,800,2,1,2,1.0,3.0,22079,M,4840638.0,-265182.0,22
201000001843,10,1,4,1600,1,1,1,1.0,1.0,22260,M,4822900.0,-292293.0,22
201000001844,10,2,5,1945,5,2,1,2.0,2.0,22136,M,0.0,0.0,22
201000001845,10,1,25,1600,1,2,1,1.0,6.0,22384,M,4827976.0,-284063.0,22
201000001846,10,3,23,1215,1,2,6,1.0,3.0,22136,M,0.0,0.0,22
201000001847,10,4,6,1300,1,2,1,1.0,3.0,22136,M,4818230.0,-275707.0,22
201000001848,10,4,9,145,4,2,2,1.0,3.0,22279,M,0.0,0.0,22
201000001849,10,4,22,1300,1,2,1,1.0,3.0,22260,M,0.0,0.0,22
201000001850,10,6,7,1500,1,1,2,1.0,3.0,22136,M,4815733.0,-269757.0,22
201000001851,10,7,12,700,1,1,1,2.0,1.0,22300,M,4827802.0,-280391.0,22
201000001852,10,8,9,1515,1,1,1,1.0,2.0,22068,M,0.0,0.0,22
201000001853,10,8,22,1015,1,2,1,1.0,6.0,22136,M,4817437.0,-275606.0,22
201000001854,10,10,22,715,2,1,1,1.0,7.0,22136,M,4823560.0,-272122.0,22
201000001855,10,12,29,1600,1,1,1,2.0,1.0,22384,M,0.0,0.0,22
201000001856,10,12,29,130,3,1,1,5.0,6.0,22279,M,4820900.0,-290200.0,22
201000001857,10,1,25,1615,1,2,1,7.0,6.0,22162,M,4878230.0,-304873.0,22
201000001858,10,4,11,1845,1,2,1,1.0,6.0,22162,M,4877800.0,-303000.0,22
201000001859,10,5,30,300,5,2,6,1.0,7.0,22162,M,4877525.0,-304857.0,22
201000001860,10,7,12,1715,1,2,2,2.0,3.0,22214,M,4875169.0,-297564.0,22
201000001861,10,9,18,1730,1,1,1,1.0,3.0,22214,M,4871963.0,-298200.0,22
201000001862,10,1,12,1900,5,2,1,4.0,7.0,22186,M,4857820.0,-256728.0,22
201000001863,10,2,13,1700,1,1,1,2.0,7.0,22154,M,4851698.0,-259196.0,22
201000001864,10,3,1,745,2,1,1,9.0,1.0,22081,M,4850340.0,-261799.0,22
201000001865,10,6,11,915,1,1,1,2.0,1.0,22173,M,4852043.0,-252688.0,22
201000001866,10,8,13,1115,1,2,1,1.0,6.0,22186,M,4858951.0,-255391.0,22
201000001867,10,10,5,1400,1,2,1,2.0,4.0,22389,M,4847127.0,-265243.0,22
201000001868,10,10,23,315,3,1,1,1.0,7.0,22389,M,4847781.0,-266400.0,22
201000001869,10,11,13,1930,3,1,1,2.0,2.0,22242,M,0.0,0.0,22
201000001870,10,2,8,900,1,1,1,8.0,1.0,22277,M,4839290.0,-282890.0,22
201000001871,10,2,18,1445,1,2,1,1.0,7.0,22176,M,4844890.0,-274695.0,22
201000001872,10,3,21,1515,1,2,3,1.0,1.0,22171,M,4841026.0,-282209.0,22
201000001873,10,5,1,2100,2,2,1,1.0,1.0,22176,M,4847300.0,-276300.0,22
201000001874,10,6,19,1630,1,2,1,1.0,6.0,22262,M,0.0,0.0,22
201000001875,10,7,12,1445,1,2,1,1.0,3.0,22262,M,4840220.0,-290840.0,22
201000001876,10,9,20,1415,1,2,3,1.0,1.0,22287,M,4846982.0,-288391.0,22
201000001877,10,11,2,915,1,1,1,8.0,7.0,22045,M,4848100.0,-294400.0,22
201000001878,10,11,13,1030,1,1,1,2.0,1.0,22386,M,4839218.0,-295679.0,22
201000001879,10,11,27,130,3,1,1,1.0,6.0,22171,M,0.0,0.0,22
201000001880,10,11,26,1200,1,1,1,8.0,3.0,22176,M,4846400.0,-281100.0,22
201000001881,10,1,7,1445,1,1,1,7.0,7.0,22026,M,4840600.0,-204157.0,22
201000001882,10,1,18,1430,1,1,1,5.0,1.0,22123,M,4843650.0,-204410.0,22
201000001883,10,2,8,730,2,2,1,1.0,3.0,22197,M,4852508.0,-194053.0,22
201000001884,10,2,12,1530,1,1,2,1.0,3.0,22213,M,4853105.0,-201271.0,22
201000001885,10,2,24,930,1,2,4,1.0,1.0,22118,M,4845430.0,-202702.0,22
201000001886,10,4,30,1930,1,1,1,1.0,1.0,22280,M,4842073.0,-203502.0,22
201000001887,10,5,2,1630,1,1,2,1.0,3.0,22008,M,4841776.0,-208839.0,22
201000001888,10,5,9,1930,1,1,2,1.0,3.0,22299,M,4845651.0,-197552.0,22
201000001889,10,5,26,1800,1,1,6,1.0,1.0,22388,M,4843825.0,-214484.0,22
201000001890,10,6,6,1600,1,1,2,1.0,3.0,22197,M,4850389.0,-195903.0,22
201000001891,10,6,27,1245,1,1,1,1.0,1.0,22213,M,4851993.0,-199802.0,22
201000001892,10,7,3,1430,1,1,3,1.0,3.0,22327,M,4849635.0,-202656.0,22
201000001893,10,8,1,15,4,1,1,1.0,7.0,22388,M,4843921.0,-215028.0,22
201000001894,10,8,3,1730,1,1,1,1.0,1.0,22327,M,4849575.0,-199993.0,22
201000001895,10,8,5,1430,1,1,1,1.0,1.0,22048,M,4846000.0,-211000.0,22
201000001896,10,9,5,2045,2,1,1,1.0,7.0,22082,M,4838812.0,-208709.0,22
201000001897,10,9,9,1945,1,1,2,1.0,1.0,22118,M,4846132.0,-201413.0,22
201000001898,10,10,8,2145,5,2,1,1.0,6.0,22339,M,4846767.0,-205995.0,22
201000001899,10,10,16,1300,1,1,2,1.0,2.0,22197,M,4852015.0,-194242.0,22
201000001900,10,10,30,1600,1,1,1,1.0,1.0,22056,M,0.0,0.0,22
201000001901,10,10,30,1600,1,2,7,1.0,6.0,22197,M,4851038.0,-195201.0,22
201000001902,10,2,20,1130,1,1,1,1.0,3.0,22267,M,4831666.0,-240625.0,22
201000001903,10,4,7,700,3,1,2,2.0,2.0,22391,M,4836152.0,-216359.0,22
201000001904,10,4,10,1145,1,1,1,1.0,1.0,22240,M,4820828.0,-220289.0,22
201000001905,10,8,3,1945,1,1,1,1.0,1.0,22337,M,4833110.0,-235575.0,22
201000001906,10,8,4,1845,1,1,1,1.0,1.0,22185,M,4838044.0,-241939.0,22
201000001907,10,9,3,1715,1,2,2,1.0,3.0,22185,M,4836842.0,-239733.0,22
201000001908,10,9,4,15,3,1,1,1.0,7.0,22193,M,4843026.0,-243824.0,22
201000001909,10,10,31,500,3,1,1,2.0,7.0,22051,M,4837100.0,-232400.0,22
201000001910,10,1,23,1100,1,2,1,1.0,6.0,22190,M,4853420.0,-205460.0,22
201000001911,10,2,28,115,3,2,2,3.0,3.0,22172,M,4852361.0,-223538.0,22
201000001912,10,3,2,1515,1,1,3,1.0,3.0,22143,M,4860903.0,-231127.0,22
201000001913,10,5,2,15,3,1,1,1.0,7.0,22014,M,4848742.0,-223308.0,22
201000001914,10,5,21,2330,3,2,1,1.0,7.0,22048,M,4847852.0,-215786.0,22
201000001915,10,6,4,2300,3,1,1,1.0,6.0,22076,M,4857246.0,-240261.0,22
201000001916,10,6,22,1700,1,1,1,1.0,1.0,22209,M,4858607.0,-211967.0,22
201000001917,10,7,5,1830,1,1,5,1.0,3.0,22282,M,4859715.0,-224939.0,22
201000001918,10,7,8,1945,1,2,1,1.0,3.0,22143,M,4860000.0,-229000.0,22
201000001919,10,7,23,1930,1,1,4,1.0,2.0,22286,M,4852423.0,-239022.0,22
201000001920,10,8,1,200,3,1,1,1.0,7.0,22209,M,4854829.0,-215425.0,22
201000001921,10,8,14,115,3,2,3,1.0,1.0,22357,M,4856998.0,-218189.0,22
201000001922,10,8,31,2130,2,1,1,1.0,3.0,22209,M,4854800.0,-210000.0,22
201000001923,10,8,30,2015,1,1,1,1.0,3.0,22077,M,4851800.0,-244900.0,22
201000001924,10,9,19,1545,1,2,1,1.0,3.0,22209,M,4858600.0,-214400.0,22
201000001925,10,10,10,130,3,1,1,1.0,6.0,22368,M,4856281.0,-205452.0,22
201000001926,10,12,21,1200,1,2,1,9.0,5.0,22192,M,4853823.0,-214443.0,22