Num_Acc,an,mois,jour,hrmn,lum,agg,int,atm,col,com,gps,lat,long,dep
201000001927,10,12,21,100,3,1,1,4.0,7.0,22048,M,4847957.0,-216012.0,22
201000001928,10,4,3,1030,1,1,1,1.0,1.0,22241,M,4809403.0,-255618.0,22
201000001929,10,5,2,1430,1,1,1,1.0,3.0,22066,M,4831548.0,-250367.0,22
201000001930,10,5,22,1430,1,1,2,1.0,3.0,22027,M,4807028.0,-264154.0,22
201000001931,10,6,5,2245,3,1,2,2.0,3.0,22046,M,4829511.0,-254410.0,22
201000001932,10,6,6,315,3,2,1,1.0,6.0,22102,M,4828264.0,-241378.0,22
201000001933,10,7,7,1300,1,2,1,1.0,1.0,22333,M,4823396.0,-244366.0,22
201000001934,10,7,9,1630,1,1,1,1.0,1.0,22122,M,4821433.0,-248376.0,22
201000001935,10,10,21,545,3,1,3,1.0,3.0,22371,M,4819925.0,-226754.0,22
201000001936,10,11,23,1100,1,1,1,8.0,2.0,22183,M,4817600.0,-258600.0,22
201000001937,10,8,20,1630,1,1,1,8.0,5.0,22040,M,4852967.0,-316595.0,22
201000001938,10,9,16,1645,1,2,1,1.0,1.0,22070,M,4856400.0,-315100.0,22
201000001939,10,12,12,745,3,2,1,1.0,1.0,22225,M,4855100.0,-311900.0,22
201000001940,10,5,23,1400,1,2,1,1.0,1.0,22004,M,4863653.0,-331626.0,22
201000001941,10,6,27,200,3,1,1,1.0,7.0,22358,M,4861225.0,-317093.0,22
201000001942,10,8,2,2330,3,1,1,1.0,7.0,22248,M,4864135.0,-312871.0,22
201000001943,10,8,22,115,3,2,1,1.0,7.0,22004,M,4863500.0,-330100.0,22
201000001944,10,9,2,645,2,2,1,5.0,6.0,22004,M,4863084.0,-330017.0,22
201000001945,10,2,21,445,3,1,1,9.0,7.0,22072,M,4849827.0,-326192.0,22
201000001946,10,6,25,1545,1,1,1,1.0,7.0,22072,M,4851774.0,-326809.0,22
201000001947,10,7,31,1100,1,1,1,2.0,3.0,22013,M,4845497.0,-319780.0,22
201000001948,10,8,2,1630,1,1,1,1.0,7.0,22243,M,4841478.0,-347420.0,22
201000001949,10,9,12,1315,1,1,1,1.0,2.0,22231,M,4843216.0,-357490.0,22
201000001950,10,9,19,1645,1,1,1,1.0,1.0,22025,M,4843100.0,-346800.0,22
201000001951,10,9,7,1645,1,1,1,8.0,1.0,22316,M,4829900.0,-304000.0,22
201000001952,10,1,15,1715,2,1,1,5.0,1.0,22029,M,4831889.0,-309075.0,22
201000001953,10,2,9,800,2,1,1,8.0,3.0,22321,M,4831900.0,-314700.0,22
201000001954,10,2,9,1745,2,1,1,1.0,1.0,22220,M,4824800.0,-329200.0,22
201000001955,10,4,6,1545,1,1,3,1.0,4.0,22266,M,4825112.0,-330461.0,22
201000001956,10,4,28,1800,1,2,1,1.0,6.0,22344,M,0.0,0.0,22
201000001957,10,7,2,1800,1,1,2,1.0,3.0,22331,M,4826572.0,-317668.0,22
201000001958,10,11,9,2000,3,1,1,2.0,6.0,22163,M,4826100.0,-344900.0,22
201000001959,10,2,9,1530,1,1,1,1.0,3.0,22226,M,4866000.0,-344400.0,22
201000001960,10,2,19,1215,1,1,1,1.0,3.0,22226,M,4870000.0,-352000.0,22
201000001961,10,2,20,930,1,2,1,9.0,1.0,22224,M,4872200.0,-349900.0,22
201000001962,10,2,20,2215,3,1,1,2.0,6.0,22226,M,4868500.0,-354300.0,22
201000001963,10,4,26,100,4,1,1,1.0,6.0,22226,M,4868800.0,-355800.0,22
201000001964,10,5,5,1800,1,1,1,1.0,2.0,22343,M,4875800.0,-352000.0,22
201000001965,10,5,29,500,2,2,1,2.0,6.0,22227,M,4857000.0,-353900.0,22
201000001966,10,6,27,1045,1,2,1,1.0,1.0,22194,M,4866022.0,-363250.0,22
201000001967,10,9,11,830,1,2,1,2.0,6.0,22207,M,4861500.0,-348100.0,22
201000001968,10,11,2,1815,3,1,1,1.0,4.0,22207,M,4859400.0,-349600.0,22
201000001969,10,1,15,1100,1,2,2,1.0,1.0,22168,M,4882200.0,-347000.0,22
201000001970,10,2,27,1630,1,2,1,1.0,3.0,22353,M,4882300.0,-351800.0,22
201000001971,10,3,28,2045,5,2,1,2.0,6.0,22379,M,4882400.0,-335700.0,22
201000001972,10,5,12,2100,1,1,1,1.0,1.0,22134,M,4876900.0,-343000.0,22
201000001973,10,6,13,1630,1,1,1,1.0,1.0,22198,M,0.0,0.0,22
201000001974,10,8,19,30,5,1,1,1.0,6.0,22168,M,0.0,0.0,22
201000001975,10,9,12,1200,1,2,7,1.0,2.0,22353,M,4883200.0,-351300.0,22
201000001976,10,11,1,30,3,1,3,1.0,3.0,22168,M,4879316.0,-347075.0,22
201000001977,10,12,6,1815,5,1,1,1.0,3.0,22090,M,4877600.0,-336500.0,22
201000001978,10,2,20,1715,1,1,1,2.0,1.0,22195,M,4885600.0,-312700.0,22
201000001979,10,3,12,845,1,2,1,1.0,3.0,22195,M,4884500.0,-314200.0,22
201000001980,10,4,23,1530,1,2,1,1.0,6.0,22362,M,4878300.0,-323500.0,22
201000001981,10,5,20,2230,3,1,1,1.0,1.0,22347,M,4878800.0,-321000.0,22
201000001982,10,6,28,1115,1,2,1,1.0,3.0,22166,M,4881800.0,-329700.0,22
201000001983,10,6,29,645,1,1,1,1.0,6.0,22042,M,4875900.0,-332300.0,22
201000001984,10,7,28,1500,1,1,3,1.0,3.0,22101,M,4872900.0,-328700.0,22
201000001985,10,10,8,700,3,2,1,2.0,6.0,22166,M,4883800.0,-331400.0,22
201000001986,10,10,24,130,3,1,1,1.0,7.0,22042,M,4877300.0,-335000.0,22
201000001987,10,11,16,1315,1,2,1,7.0,3.0,22195,M,4882800.0,-314200.0,22
201000001988,10,2,17,1715,1,2,1,1.0,1.0,29197,M,4802001.0,-451433.0,29
201000001989,10,3,4,1745,1,2,1,1.0,6.0,29215,M,4798911.0,-442244.0,29
201000001990,10,5,6,1915,1,1,1,1.0,3.0,29215,M,4809099.0,-400358.0,29
201000001991,10,5,15,100,3,1,6,1.0,7.0,29216,M,4797227.0,-413462.0,29
201000001992,10,5,14,1900,1,2,1,1.0,6.0,29167,M,4798356.0,-427066.0,29
201000001993,10,6,13,2230,5,2,1,1.0,6.0,29063,M,4805587.0,-459307.0,29
201000001994,10,7,7,1600,1,1,1,1.0,3.0,29225,M,4796085.0,-434353.0,29
201000001995,10,7,11,900,1,2,1,1.0,6.0,29214,M,4791491.0,-436050.0,29
201000001996,10,8,23,100,3,1,1,3.0,6.0,29215,M,4798678.0,-442743.0,29
201000001997,10,8,23,1515,1,2,1,1.0,3.0,29218,M,4804827.0,-448507.0,29
201000001998,10,9,8,1000,1,1,1,1.0,3.0,29215,M,4798556.0,-442581.0,29
201000001999,10,10,1,1700,1,1,1,3.0,3.0,29145,M,4804652.0,-446580.0,29
201000002000,10,11,4,1815,2,2,1,8.0,6.0,29197,M,4801500.0,-450767.0,29
201000002001,10,1,7,1830,5,2,1,1.0,6.0,29046,M,4885819.0,-354484.0,29
201000002002,10,4,14,1745,1,1,1,1.0,5.0,29169,M,4807459.0,-418931.0,29
201000002003,10,7,7,1630,1,1,1,1.0,1.0,29226,M,4805197.0,-440307.0,29
201000002004,10,10,31,1400,1,2,6,1.0,1.0,29046,M,4808473.0,-431283.0,29
201000002005,10,4,2,1700,1,1,1,1.0,1.0,29247,M,4794165.0,-401107.0,29
201000002006,10,4,5,1800,1,1,1,1.0,3.0,29057,M,4791792.0,-396190.0,29
201000002007,10,4,24,1200,1,1,1,1.0,3.0,29032,M,4779697.0,-358654.0,29
201000002008,10,7,11,815,1,2,6,1.0,7.0,29058,M,4789821.0,-401453.0,29
201000002009,10,7,26,445,3,1,1,1.0,2.0,29058,M,4790275.0,-400612.0,29
201000002010,10,8,15,600,2,1,1,1.0,1.0,29058,M,4788623.0,-403175.0,29
201000002011,10,9,7,1700,1,1,1,2.0,2.0,29247,M,4793612.0,-399467.0,29
201000002012,10,9,11,215,3,1,1,1.0,6.0,29032,M,4789962.0,-406863.0,29
201000002013,10,10,31,600,4,1,1,2.0,6.0,29161,M,4790244.0,-402868.0,29
201000002014,10,12,4,830,3,1,1,1.0,6.0,29058,M,4789443.0,-401157.0,29
201000002015,10,1,20,1315,1,1,1,1.0,3.0,29284,M,4779564.0,-427370.0,29
201000002016,10,2,1,815,2,1,1,9.0,2.0,29174,M,4792717.0,-424216.0,29
201000002017,10,2,25,545,3,1,1,1.0,1.0,29174,M,4791454.0,-427681.0,29
201000002018,10,3,15,2000,3,1,1,1.0,7.0,29165,M,4782214.0,-424142.0,29
201000002019,10,4,23,1815,1,1,1,1.0,2.0,29037,M,4787714.0,-416609.0,29
201000002020,10,4,25,200,4,1,1,2.0,6.0,29037,M,4788438.0,-415566.0,29
201000002021,10,5,24,1745,1,1,1,1.0,3.0,29158,M,4781162.0,-433854.0,29
201000002022,10,7,7,1800,1,2,1,1.0,3.0,29135,M,4783248.0,-417669.0,29
201000002023,10,7,14,200,5,1,6,1.0,6.0,29037,M,4788487.0,-417256.0,29
201000002024,10,8,7,245,3,1,6,2.0,1.0,29220,M,4785774.0,-421242.0,29
201000002025,10,8,8,500,3,1,1,2.0,6.0,29158,M,4780592.0,-433915.0,29
201000002026,10,8,9,1145,1,1,1,1.0,7.0,29037,M,4788620.0,-417089.0,29
201000002027,10,8,14,1915,1,1,3,1.0,3.0,29284,M,4782124.0,-426707.0,29
201000002028,10,10,12,1545,1,1,1,1.0,3.0,29158,M,4781825.0,-431080.0,29
201000002029,10,11,10,1845,5,2,1,1.0,6.0,29037,M,4788538.0,-416133.0,29
201000002030,10,12,21,1030,1,2,6,1.0,3.0,29220,M,4786406.0,-423752.0,29
201000002031,10,1,13,715,3,1,1,9.0,3.0,29056,M,4842755.0,-431601.0,29
201000002032,10,4,23,1845,1,1,1,7.0,5.0,29245,M,4843886.0,-432287.0,29
201000002033,10,7,16,1215,1,1,1,2.0,1.0,29061,M,4845743.0,-447558.0,29
201000002034,10,8,5,1815,1,2,1,1.0,2.0,29235,M,4839369.0,-440529.0,29
201000002035,10,9,19,1745,1,2,1,1.0,3.0,29061,M,4845727.0,-446542.0,29
201000002036,10,10,12,1815,1,1,1,1.0,1.0,29075,M,4843495.0,-436618.0,29
201000002037,10,10,31,1945,3,1,3,9.0,3.0,29061,M,4844644.0,-446382.0,29
201000002038,10,11,13,1800,3,1,3,8.0,1.0,29056,M,4844577.0,-429211.0,29
201000002039,10,11,17,1800,2,1,1,8.0,1.0,29075,M,4843598.0,-440072.0,29
201000002040,10,12,17,915,1,2,1,4.0,1.0,29268,M,4846317.0,-430859.0,29
201000002041,10,1,13,815,5,1,1,9.0,1.0,29103,M,4791454.0,-427681.0,29
201000002042,10,1,17,1530,1,2,1,1.0,1.0,29103,M,4844992.0,-424269.0,29
201000002043,10,2,13,1100,1,1,6,1.0,6.0,29103,M,4846137.0,-427166.0,29
201000002044,10,3,25,1800,1,2,1,3.0,6.0,29103,M,4845212.0,-424120.0,29
201000002045,10,3,29,1445,1,1,1,3.0,6.0,29181,M,4848431.0,-424555.0,29
201000002046,10,4,9,700,2,1,1,1.0,1.0,29181,M,4845743.0,-424645.0,29
201000002047,10,4,26,1700,1,1,1,1.0,3.0,29144,M,4843736.0,-416713.0,29
201000002048,10,6,12,1915,1,2,1,1.0,2.0,29103,M,4846149.0,-424739.0,29
201000002049,10,7,5,30,3,2,1,2.0,6.0,29144,M,4844850.0,-415894.0,29
201000002050,10,7,28,1030,1,1,1,1.0,1.0,29128,M,4849278.0,-407729.0,29
201000002051,10,8,23,1800,1,1,1,1.0,2.0,29181,M,4847202.0,-421583.0,29
201000002052,10,8,30,1800,1,2,1,7.0,1.0,29103,M,4844919.0,-423521.0,29
201000002053,10,1,22,830,2,2,1,2.0,6.0,29055,M,4856650.0,-433688.0,29
201000002054,10,2,9,1815,1,2,1,1.0,1.0,29055,M,4856305.0,-433393.0,29
201000002055,10,2,10,1100,1,1,1,1.0,2.0,29198,M,4860969.0,-433312.0,29
201000002056,10,2,17,1915,2,1,1,2.0,5.0,29179,M,4850269.0,-430013.0,29
201000002057,10,3,31,1330,1,1,1,1.0,2.0,29179,M,4855391.0,-430948.0,29
201000002058,10,7,2,1500,1,2,1,2.0,6.0,29124,M,4857255.0,-431798.0,29
201000002059,10,7,12,1045,1,2,1,8.0,5.0,29055,M,4856449.0,-434370.0,29
201000002060,10,7,22,1830,1,1,1,1.0,3.0,29064,M,4861896.0,-429791.0,29
201000002061,10,8,29,130,3,1,1,1.0,1.0,29124,M,4858532.0,-432794.0,29
201000002062,10,9,25,1715,1,1,1,1.0,3.0,29198,M,4861668.0,-433178.0,29
201000002063,10,10,8,1815,1,1,1,1.0,3.0,29124,M,4857779.0,-431430.0,29
201000002064,10,11,1,1645,1,1,1,1.0,1.0,29198,M,4860774.0,-426898.0,29
201000002065,10,11,14,1630,1,1,1,1.0,3.0,29179,M,4850261.0,-430275.0,29
201000002066,10,1,30,2045,3,1,1,1.0,6.0,29077,M,4863395.0,-439841.0,29
201000002067,10,2,2,1800,2,2,1,1.0,1.0,29117,M,4857676.0,-452158.0,29
201000002068,10,3,27,1630,1,1,1,1.0,1.0,29195,M,4860663.0,-450729.0,29
201000002069,10,4,4,1645,1,1,1,1.0,3.0,29093,M,4857055.0,-439254.0,29
201000002070,10,5,5,1130,1,2,1,1.0,1.0,29101,M,4858650.0,-457258.0,29
201000002071,10,5,24,1930,1,1,1,1.0,3.0,29093,M,4857012.0,-440751.0,29
201000002072,10,9,19,1700,1,2,2,7.0,3.0,29195,M,4860853.0,-449686.0,29
201000002073,10,10,1,2115,3,1,1,8.0,3.0,29047,M,4853414.0,-437260.0,29
201000002074,10,4,18,1430,1,1,1,1.0,6.0,29208,M,4848650.0,-467110.0,29
201000002075,10,6,3,1215,1,2,1,1.0,3.0,29178,M,4854221.0,-466464.0,29
201000002076,10,6,5,1715,1,1,1,1.0,1.0,29109,M,4853008.0,-473744.0,29
201000002077,10,7,5,1000,1,1,1,1.0,6.0,29260,M,4843688.0,-466900.0,29
201000002078,10,7,15,1530,1,1,1,1.0,1.0,29109,M,4853220.0,-473338.0,29
201000002079,10,7,25,500,2,1,1,2.0,6.0,29076,M,4850271.0,-457948.0,29
201000002080,10,8,21,1715,1,2,1,1.0,6.0,29260,M,4843514.0,-462030.0,29
201000002081,10,9,25,1845,1,1,1,7.0,2.0,29260,M,4843433.0,-462138.0,29
201000002082,10,10,24,1815,1,1,1,1.0,3.0,29208,M,4848813.0,-467394.0,29
201000002083,10,10,31,1500,1,1,1,1.0,5.0,29260,M,4841831.0,-463669.0,29
201000002084,10,3,13,115,5,2,1,2.0,6.0,29134,M,4809687.0,-419765.0,29
201000002085,10,7,22,1745,1,1,1,7.0,3.0,29302,M,4826175.0,-407810.0,29
201000002086,10,8,6,1215,1,1,1,1.0,3.0,29176,M,4809658.0,-423522.0,29
201000002087,10,10,6,1530,1,2,1,1.0,1.0,29139,M,4827736.0,-404796.0,29
201000002088,10,10,9,230,3,1,1,2.0,6.0,29243,M,4816906.0,-406157.0,29
201000002089,10,10,30,1930,5,2,1,3.0,7.0,29026,M,4819689.0,-409924.0,29
201000002090,10,11,30,1815,5,2,1,1.0,6.0,29053,M,4829083.0,-416946.0,29
201000002091,10,2,13,2115,3,1,1,8.0,6.0,29205,M,4785819.0,-354484.0,29
201000002092,10,4,11,2215,3,1,1,1.0,3.0,29089,M,4827419.0,-361705.0,29
201000002093,10,4,30,1145,1,1,2,1.0,1.0,29211,M,4834563.0,-374090.0,29
201000002094,10,5,16,2245,3,1,1,1.0,6.0,29227,M,4832747.0,-364232.0,29
201000002095,10,6,23,1745,1,2,1,1.0,6.0,29024,M,4827883.0,-356200.0,29
201000002096,10,9,3,1200,1,2,1,1.0,3.0,29024,M,4827838.0,-356472.0,29
201000002097,10,9,19,1315,1,2,1,1.0,1.0,29081,M,4836325.0,-374829.0,29
201000002098,10,10,2,1000,1,1,1,2.0,1.0,29275,M,4842639.0,-368737.0,29
201000002099,10,11,3,1215,1,1,1,2.0,6.0,29152,M,4819824.0,-357845.0,29
201000002100,10,11,10,930,1,2,1,1.0,5.0,29275,M,4842656.0,-368614.0,29
201000002101,10,12,30,1130,1,2,1,1.0,6.0,29024,M,4827382.0,-356185.0,29
201000002102,10,1,15,900,1,1,1,9.0,6.0,29175,M,4827229.0,-379744.0,29
201000002103,10,4,18,1630,1,1,1,1.0,6.0,29027,M,4831013.0,-395823.0,29
201000002104,10,5,9,1700,1,1,1,1.0,2.0,29106,M,4810603.0,-407789.0,29
201000002105,10,5,15,1215,1,2,9,1.0,1.0,29041,M,4805657.0,-384329.0,29
201000002106,10,5,22,1700,1,1,1,1.0,2.0,29020,M,4809099.0,-400358.0,29
201000002107,10,6,5,2000,1,1,1,1.0,1.0,29175,M,4821446.0,-379286.0,29
201000002108,10,6,30,1000,1,2,1,1.0,3.0,29027,M,4818644.0,-382473.0,29
201000002109,10,7,15,145,3,1,1,8.0,6.0,29016,M,4832554.0,-395905.0,29
201000002110,10,7,17,1445,1,1,1,1.0,6.0,29020,M,4810222.0,-399964.0,29
201000002111,10,8,18,1215,1,1,1,1.0,2.0,29110,M,4807027.0,-393094.0,29
201000002112,10,8,25,1345,1,1,1,2.0,7.0,29062,M,4816911.0,-400339.0,29
201000002113,10,9,12,600,3,2,1,1.0,3.0,29027,M,4818704.0,-381490.0,29
201000002114,10,10,10,115,3,1,1,3.0,1.0,29041,M,4806945.0,-381458.0,29
201000002115,10,11,15,915,1,1,1,1.0,6.0,29291,M,4809802.0,-387655.0,29
201000002116,10,6,11,745,1,1,1,2.0,1.0,29001,M,4826849.0,-427699.0,29
201000002117,10,7,29,1700,2,1,1,2.0,6.0,29042,M,4826874.0,-456883.0,29
201000002118,10,10,24,1530,1,1,1,1.0,7.0,29001,M,4825195.0,-430445.0,29
201000002119,10,12,9,745,3,1,1,1.0,3.0,29280,M,4825540.0,-437344.0,29
201000002120,10,2,2,2315,3,1,1,2.0,7.0,29067,M,4853385.0,-359776.0,29
201000002121,10,4,8,1830,1,1,1,1.0,7.0,29199,M,4860447.0,-368751.0,29
201000002122,10,5,5,1545,1,1,1,8.0,1.0,29207,M,4854769.0,-380510.0,29
201000002123,10,8,27,1045,1,1,1,1.0,1.0,29059,M,4861399.0,-377992.0,29
201000002124,10,8,29,1615,1,1,2,1.0,3.0,29251,M,4868475.0,-377777.0,29
201000002125,10,9,17,1315,1,1,1,1.0,3.0,29113,M,4864651.0,-371407.0,29
201000002126,10,9,23,1215,1,2,1,2.0,6.0,29199,M,4857624.0,-382446.0,29
201000002127,10,10,24,700,3,1,1,1.0,7.0,29188,M,4868069.0,-378388.0,29
201000002128,10,10,29,2215,3,1,1,8.0,6.0,29199,M,4857847.0,-379420.0,29
201000002129,10,3,17,1600,1,2,1,1.0,6.0,29204,M,4850783.0,-421841.0,29
201000002130,10,4,7,2245,3,1,1,1.0,3.0,29010,M,4850777.0,-410098.0,29
201000002131,10,4,10,1415,1,2,1,1.0,3.0,29097,M,4849268.0,-404162.0,29
201000002132,10,4,28,1800,1,1,1,1.0,3.0,29105,M,4851041.0,-404907.0,29
201000002133,10,5,5,2115,2,1,1,1.0,1.0,29010,M,4849254.0,-411936.0,29
201000002134,10,7,2,1830,1,2,6,1.0,3.0,29105,M,4852098.0,-406795.0,29
201000002135,10,7,3,915,1,1,1,1.0,7.0,29010,M,4849315.0,-411885.0,29
201000002136,10,9,10,1015,1,2,1,1.0,1.0,29097,M,4849303.0,-404052.0,29
201000002137,10,9,12,1645,1,1,1,1.0,1.0,29163,M,4849383.0,-390264.0,29
201000002138,10,2,4,1045,1,1,2,1.0,3.0,29068,M,4857978.0,-394206.0,29
201000002139,10,2,12,1230,1,2,1,2.0,3.0,29259,M,4868479.0,-397632.0,29
201000002140,10,2,20,2100,3,1,1,1.0,3.0,29271,M,4858258.0,-413833.0,29
201000002141,10,4,11,1430,1,1,1,1.0,3.0,29279,M,4862965.0,-385956.0,29
201000002142,10,5,13,1400,1,1,1,1.0,3.0,29192,M,4867627.0,-402783.0,29
201000002143,10,6,22,745,1,1,1,1.0,3.0,29273,M,4869706.0,-401289.0,29
201000002144,10,6,26,2100,1,1,2,1.0,1.0,29192,M,4862203.0,-407317.0,29
201000002145,10,6,27,1415,1,1,6,1.0,6.0,29271,M,4860536.0,-412348.0,29
201000002146,10,8,6,1800,1,1,1,2.0,1.0,29210,M,4862105.0,-404301.0,29
201000002147,10,8,10,1330,1,1,1,2.0,1.0,29259,M,4865682.0,-398730.0,29
201000002148,10,8,15,445,3,1,1,8.0,6.0,29079,M,4863721.0,-392597.0,29
201000002149,10,8,27,900,1,1,1,2.0,1.0,29279,M,4863088.0,-385961.0,29
201000002150,10,8,31,1900,1,1,4,1.0,3.0,29132,M,4797893.0,-342548.0,29
201000002151,10,9,4,1145,1,1,9,7.0,3.0,29259,M,4867085.0,-395891.0,29
201000002152,10,9,26,1315,1,1,1,1.0,6.0,29279,M,4860440.0,-389986.0,29
201000002153,10,10,18,1200,1,2,1,1.0,3.0,29111,M,4857973.0,-421068.0,29
201000002154,10,1,2,1030,1,2,1,7.0,6.0,56106,M,0.0,0.0,56
201000002155,10,1,9,1145,1,1,1,1.0,6.0,56115,M,0.0,0.0,56
201000002156,10,3,15,1445,1,1,1,1.0,6.0,56067,M,0.0,0.0,56
201000002157,10,3,16,1215,1,1,1,1.0,1.0,56022,M,0.0,0.0,56
201000002158,10,3,19,930,1,1,1,1.0,6.0,56022,M,0.0,0.0,56
201000002159,10,3,29,1530,1,1,1,2.0,3.0,56042,M,0.0,0.0,56
201000002160,10,4,21,1830,1,1,2,1.0,5.0,56067,M,0.0,0.0,56
201000002161,10,4,28,1015,1,1,1,1.0,3.0,56003,M,0.0,0.0,56
201000002162,10,5,26,1930,1,1,1,1.0,2.0,56206,M,4767437.0,-274468.0,56
201000002163,10,5,27,2315,3,1,1,1.0,1.0,56003,M,0.0,0.0,56
201000002164,10,6,3,1300,1,1,1,1.0,6.0,56042,M,0.0,0.0,56
201000002165,10,6,6,1530,1,1,1,1.0,2.0,56067,M,0.0,0.0,56
201000002166,10,6,11,1500,1,1,1,8.0,5.0,56137,M,0.0,0.0,56
201000002167,10,6,25,1545,1,1,1,7.0,1.0,56157,M,0.0,0.0,56
201000002168,10,6,25,1700,1,1,1,1.0,2.0,56164,M,0.0,0.0,56
201000002169,10,7,9,630,1,2,1,1.0,3.0,56206,M,4769614.0,-274841.0,56
201000002170,10,7,10,1300,1,1,1,1.0,6.0,56115,M,0.0,0.0,56
201000002171,10,7,15,1400,1,1,1,1.0,6.0,56120,M,0.0,0.0,56
201000002172,10,7,26,1345,1,1,1,1.0,6.0,56067,M,0.0,0.0,56
201000002173,10,8,16,1445,1,2,1,1.0,3.0,56042,M,4782091.0,-281053.0,56
201000002174,10,8,18,1945,1,1,1,1.0,2.0,56206,M,0.0,0.0,56
201000002175,10,10,4,830,2,1,1,2.0,1.0,56042,M,0.0,0.0,56
201000002176,10,10,11,1300,1,1,1,1.0,2.0,56132,M,0.0,0.0,56
201000002177,10,10,12,1815,2,1,1,1.0,3.0,56120,M,0.0,0.0,56
201000002178,10,10,17,915,1,2,1,1.0,6.0,56067,M,0.0,0.0,56
201000002179,10,10,31,200,3,1,1,8.0,6.0,56158,M,0.0,0.0,56
201000002180,10,2,7,545,3,1,1,1.0,6.0,56154,M,0.0,0.0,56
201000002181,10,2,22,1845,2,1,1,2.0,3.0,56232,M,0.0,0.0,56
201000002182,10,2,26,1115,1,1,1,1.0,1.0,56033,M,0.0,0.0,56
201000002183,10,4,16,2130,3,1,1,1.0,2.0,56001,M,0.0,0.0,56
201000002184,10,6,12,1400,1,2,1,1.0,6.0,56154,M,0.0,0.0,56
201000002185,10,7,12,1130,1,1,1,1.0,7.0,56011,M,4760420.0,-220451.0,56
201000002186,10,7,13,1545,1,2,1,1.0,3.0,56061,M,0.0,0.0,56
201000002187,10,7,28,1630,1,1,1,1.0,7.0,56001,M,4762042.0,-215328.0,56
201000002188,10,9,1,1145,1,2,1,1.0,6.0,56061,M,4776508.0,-213109.0,56
201000002189,10,10,5,900,3,1,1,2.0,6.0,56194,M,4762203.0,-210780.0,56
201000002190,10,10,31,1745,1,1,1,1.0,3.0,56001,M,0.0,0.0,56
201000002191,10,11,8,1145,1,1,9,9.0,6.0,56154,M,4771827.0,-223720.0,56
201000002192,10,11,18,1245,1,2,1,1.0,1.0,56194,M,4763136.0,-210211.0,56
201000002193,10,12,14,815,3,1,1,1.0,1.0,56194,M,4761239.0,-215640.0,56
201000002194,10,2,20,1700,1,1,1,1.0,3.0,56147,M,4757212.0,-224549.0,56
201000002195,10,2,24,1115,1,1,1,8.0,6.0,56058,M,0.0,0.0,56
201000002196,10,3,13,1100,1,2,1,1.0,6.0,56147,M,4751765.0,-229525.0,56
201000002197,10,4,24,345,3,1,1,1.0,7.0,56002,M,0.0,0.0,56
201000002198,10,5,2,745,2,1,1,7.0,6.0,56147,M,0.0,0.0,56
201000002199,10,7,26,2130,1,1,1,7.0,1.0,56058,M,4746905.0,-234615.0,56
201000002200,10,7,31,1245,1,2,1,1.0,3.0,56143,M,4755521.0,-248019.0,56
201000002201,10,8,1,2145,3,1,1,1.0,6.0,56212,M,0.0,0.0,56
201000002202,10,8,6,1845,1,1,1,1.0,1.0,56077,M,0.0,0.0,56
201000002203,10,10,10,1400,1,1,1,1.0,6.0,56155,M,4748945.0,-243611.0,56
201000002204,10,10,24,1330,1,2,1,1.0,6.0,56153,M,4758179.0,-235797.0,56
201000002205,10,10,31,1115,1,1,1,7.0,1.0,56250,M,4757338.0,-212418.0,56
201000002206,10,12,3,1000,1,1,1,9.0,1.0,56155,M,4748957.0,-245166.0,56
201000002207,10,1,3,700,3,1,1,1.0,7.0,56231,M,0.0,0.0,56
201000002208,10,2,12,1615,1,1,1,1.0,1.0,56159,M,4779284.0,-236847.0,56
201000002209,10,2,28,530,3,1,1,6.0,6.0,56184,M,0.0,0.0,56
201000002210,10,3,2,930,1,2,1,7.0,6.0,56184,M,4766085.0,-245985.0,56
201000002211,10,3,7,30,3,2,1,1.0,5.0,56184,M,4765654.0,-244811.0,56
201000002212,10,6,12,2215,1,1,1,1.0,1.0,56159,M,4775872.0,-236897.0,56
201000002213,10,7,18,15,3,1,1,1.0,1.0,56231,M,0.0,0.0,56
201000002214,10,7,19,1000,1,1,9,1.0,3.0,56028,M,0.0,0.0,56
201000002215,10,7,22,1745,1,1,1,1.0,6.0,56028,M,0.0,0.0,56
201000002216,10,9,10,1400,1,2,1,1.0,6.0,56196,M,4769919.0,-233463.0,56
201000002217,10,10,3,1915,1,1,1,3.0,6.0,56135,M,4774233.0,-245900.0,56
201000002218,10,11,1,1245,1,1,1,1.0,7.0,56137,M,0.0,0.0,56
201000002219,10,11,26,1330,1,1,1,1.0,5.0,56053,M,0.0,0.0,56
201000002220,10,2,18,1930,5,1,1,8.0,2.0,56046,M,0.0,0.0,56
201000002221,10,3,7,1000,1,1,1,1.0,3.0,56176,M,0.0,0.0,56