Num_Acc,an,mois,jour,hrmn,lum,agg,int,atm,col,com,gps,lat,long,dep
201000002222,10,3,16,1130,1,1,1,1.0,2.0,56167,M,4766618.0,-289693.0,56
201000002223,10,5,23,1500,1,1,1,1.0,5.0,56167,M,4766387.0,-288854.0,56
201000002224,10,6,7,1630,1,2,1,1.0,6.0,56007,M,4767383.0,-300046.0,56
201000002225,10,8,11,1200,1,1,4,1.0,1.0,56176,M,4768069.0,-293806.0,56
201000002226,10,8,10,1745,1,2,1,8.0,6.0,56176,M,0.0,0.0,56
201000002227,10,10,15,800,5,2,1,1.0,6.0,56007,M,4766618.0,-298537.0,56
201000002228,10,10,28,2345,3,1,1,2.0,2.0,56167,M,4766943.0,-292091.0,56
201000002229,10,12,13,1300,1,1,1,1.0,1.0,56263,M,0.0,0.0,56
201000002230,10,6,11,1930,1,2,1,1.0,3.0,56241,M,4737129.0,-322159.0,56
201000002231,10,7,23,1245,1,1,1,1.0,1.0,56009,M,0.0,0.0,56
201000002232,10,8,12,1900,1,1,1,1.0,2.0,56152,M,0.0,0.0,56
201000002233,10,1,11,1500,1,2,1,1.0,6.0,56186,M,4748170.0,-312084.0,56
201000002234,10,3,28,2315,5,2,1,1.0,6.0,56186,M,4747836.0,-311564.0,56
201000002235,10,4,2,830,1,2,1,3.0,3.0,56186,M,4748738.0,-312411.0,56
201000002236,10,5,2,445,5,2,1,1.0,6.0,56034,M,4757464.0,-306779.0,56
201000002237,10,6,10,615,2,1,1,1.0,6.0,56168,M,0.0,0.0,56
201000002238,10,7,4,2100,1,2,1,1.0,1.0,56034,M,4757267.0,-307935.0,56
201000002239,10,7,16,1715,1,2,6,1.0,1.0,56186,M,4749095.0,-312141.0,56
201000002240,10,7,28,1830,1,1,1,1.0,6.0,56233,M,0.0,0.0,56
201000002241,10,8,15,930,1,2,1,1.0,6.0,56034,M,4756931.0,-307922.0,56
201000002242,10,8,25,530,5,2,1,8.0,1.0,56258,M,4758622.0,-302696.0,56
201000002243,10,8,27,930,5,1,2,3.0,3.0,56116,M,4758238.0,-296476.0,56
201000002244,10,10,26,2045,3,1,1,1.0,1.0,56168,M,0.0,0.0,56
201000002245,10,11,15,1700,3,1,1,4.0,1.0,56168,M,4758858.0,-313317.0,56
201000002246,10,11,19,45,5,2,1,1.0,6.0,56034,M,4757443.0,-306206.0,56
201000002247,10,1,1,630,3,1,1,1.0,3.0,56078,M,0.0,0.0,56
201000002248,10,2,21,230,3,1,1,9.0,7.0,56036,M,4780438.0,-332968.0,56
201000002249,10,4,1,1345,1,2,3,1.0,2.0,56036,M,4778016.0,-333365.0,56
201000002250,10,4,8,1700,1,2,1,1.0,3.0,56185,M,4778782.0,-342224.0,56
201000002251,10,4,10,1600,1,1,1,1.0,1.0,56036,M,0.0,0.0,56
201000002252,10,4,14,1445,1,1,1,1.0,5.0,56185,M,0.0,0.0,56
201000002253,10,4,14,1815,1,1,1,1.0,3.0,56036,M,0.0,0.0,56
201000002254,10,4,19,1845,1,1,1,1.0,3.0,56166,M,0.0,0.0,56
201000002255,10,5,22,1700,1,1,1,1.0,1.0,56078,M,4778239.0,-350364.0,56
201000002256,10,5,24,915,1,1,1,1.0,6.0,56036,M,0.0,0.0,56
201000002257,10,6,26,2230,2,1,1,1.0,7.0,56166,M,0.0,0.0,56
201000002258,10,7,5,1715,1,2,1,1.0,1.0,56179,M,4783423.0,-340479.0,56
201000002259,10,7,23,1700,1,1,1,1.0,7.0,56185,M,4780180.0,-340074.0,56
201000002260,10,7,25,1830,1,2,1,1.0,1.0,56040,M,4785342.0,-338167.0,56
201000002261,10,7,28,1715,1,1,1,1.0,6.0,56166,M,0.0,0.0,56
201000002262,10,8,25,1845,1,1,1,8.0,1.0,56188,M,0.0,0.0,56
201000002263,10,10,12,1515,1,2,1,1.0,3.0,56063,M,4780358.0,-344373.0,56
201000002264,10,11,8,815,1,1,1,8.0,5.0,56166,M,0.0,0.0,56
201000002265,10,11,20,1415,1,1,1,1.0,1.0,56185,M,4777988.0,-344492.0,56
201000002266,10,1,19,715,3,1,1,1.0,6.0,56119,M,0.0,0.0,56
201000002267,10,1,22,745,3,1,1,3.0,1.0,56193,M,0.0,0.0,56
201000002268,10,1,26,615,3,1,1,9.0,5.0,56193,M,0.0,0.0,56
201000002269,10,2,8,1115,1,1,1,1.0,3.0,56161,M,0.0,0.0,56
201000002270,10,4,15,1600,1,1,1,1.0,1.0,56054,M,4765571.0,-312452.0,56
201000002271,10,4,15,1845,1,1,1,1.0,4.0,56169,M,0.0,0.0,56
201000002272,10,4,20,1400,1,2,1,1.0,1.0,56054,M,4764344.0,-315930.0,56
201000002273,10,4,30,1100,1,2,1,1.0,3.0,56055,M,4765756.0,-319836.0,56
201000002274,10,5,7,1615,1,1,1,1.0,1.0,56130,M,0.0,0.0,56
201000002275,10,6,25,1845,1,2,6,1.0,7.0,56013,M,0.0,0.0,56
201000002276,10,6,27,200,3,1,1,1.0,7.0,56119,M,0.0,0.0,56
201000002277,10,6,28,1645,1,2,1,1.0,2.0,56055,M,0.0,0.0,56
201000002278,10,7,5,1930,1,1,1,1.0,6.0,56161,M,0.0,0.0,56
201000002279,10,7,10,1800,1,2,1,1.0,3.0,56193,M,4771994.0,-331787.0,56
201000002280,10,7,23,1945,1,1,1,1.0,3.0,56169,M,0.0,0.0,56
201000002281,10,8,6,1900,1,1,1,1.0,1.0,56161,M,0.0,0.0,56
201000002282,10,10,1,1645,1,2,6,3.0,7.0,56130,M,0.0,0.0,56
201000002283,10,10,12,215,3,1,9,1.0,6.0,56130,M,0.0,0.0,56
201000002284,10,11,3,1530,1,2,1,8.0,2.0,56055,M,4765750.0,-320008.0,56
201000002285,10,12,10,900,1,1,1,7.0,1.0,56054,M,4765225.0,-313351.0,56
201000002286,10,12,16,545,3,1,1,1.0,2.0,56118,M,0.0,0.0,56
201000002287,10,1,1,515,3,1,1,1.0,7.0,56127,M,4806656.0,-226260.0,56
201000002288,10,1,15,745,2,1,1,9.0,6.0,56249,M,4796160.0,-245993.0,56
201000002289,10,3,5,915,1,1,1,1.0,6.0,56122,M,0.0,0.0,56
201000002290,10,3,9,1415,1,1,1,1.0,7.0,56032,M,0.0,0.0,56
201000002291,10,3,23,1715,1,1,1,1.0,1.0,56165,M,0.0,0.0,56
201000002292,10,4,6,1745,1,1,1,1.0,1.0,56134,M,4803799.0,-246493.0,56
201000002293,10,4,30,1615,1,1,1,1.0,1.0,56257,M,4810252.0,-250916.0,56
201000002294,10,5,23,845,1,2,1,1.0,6.0,56165,M,4793670.0,-240162.0,56
201000002295,10,6,9,900,1,1,1,1.0,2.0,56165,M,0.0,0.0,56
201000002296,10,6,11,1515,1,1,1,1.0,6.0,56165,M,0.0,0.0,56
201000002297,10,6,10,2315,3,1,1,1.0,6.0,56138,M,4788553.0,-235917.0,56
201000002298,10,7,9,1800,1,2,1,1.0,3.0,56165,M,4793339.0,-239261.0,56
201000002299,10,7,21,1830,1,2,1,1.0,3.0,56208,M,0.0,0.0,56
201000002300,10,8,17,1230,1,1,1,1.0,7.0,56080,M,0.0,0.0,56
201000002301,10,8,17,1315,1,1,1,1.0,3.0,56129,M,0.0,0.0,56
201000002302,10,8,25,715,2,1,1,1.0,6.0,56043,M,0.0,0.0,56
201000002303,10,8,30,1815,1,1,1,7.0,6.0,56249,M,4793768.0,-244096.0,56
201000002304,10,9,4,1630,1,1,1,1.0,1.0,56197,M,0.0,0.0,56
201000002305,10,10,9,1600,1,1,1,1.0,3.0,56043,M,0.0,0.0,56
201000002306,10,11,10,1845,5,2,1,1.0,6.0,56165,M,4793882.0,-240625.0,56
201000002307,10,11,12,900,5,2,1,1.0,1.0,56165,M,4792582.0,-240079.0,56
201000002308,10,11,12,1745,5,2,1,3.0,6.0,56165,M,4792859.0,-239912.0,56
201000002309,10,11,23,1345,1,1,1,1.0,1.0,56122,M,4797259.0,-238221.0,56
201000002310,10,11,25,1845,3,1,1,4.0,1.0,56127,M,0.0,0.0,56
201000002311,10,12,21,1430,1,1,1,1.0,2.0,56032,M,0.0,0.0,56
201000002312,10,12,25,1015,1,1,1,1.0,1.0,56145,M,0.0,0.0,56
201000002313,10,1,31,530,5,2,1,1.0,7.0,56020,M,4778104.0,-243767.0,56
201000002314,10,5,24,500,3,1,1,1.0,6.0,56180,M,4791605.0,-226584.0,56
201000002315,10,6,2,1545,1,1,1,1.0,3.0,56020,M,0.0,0.0,56
201000002316,10,6,16,745,1,1,1,1.0,1.0,56075,M,0.0,0.0,56
201000002317,10,6,29,830,1,2,1,1.0,3.0,56075,M,4790848.0,-210984.0,56
201000002318,10,7,2,1415,1,1,1,1.0,3.0,56228,M,0.0,0.0,56
201000002319,10,7,23,1715,1,1,6,1.0,7.0,56228,M,0.0,0.0,56
201000002320,10,7,27,1945,1,1,1,1.0,7.0,56075,M,0.0,0.0,56
201000002321,10,8,12,1215,1,1,1,1.0,2.0,56219,M,0.0,0.0,56
201000002322,10,8,14,1715,1,2,2,8.0,3.0,56200,M,0.0,0.0,56
201000002323,10,8,15,1930,1,1,1,1.0,3.0,56200,M,0.0,0.0,56
201000002324,10,8,15,1500,1,2,1,8.0,2.0,56075,M,4795100.0,-212700.0,56
201000002325,10,9,5,815,1,1,1,1.0,7.0,56124,M,0.0,0.0,56
201000002326,10,9,8,1215,1,1,1,1.0,6.0,56012,M,4796060.0,-217219.0,56
201000002327,10,9,29,1800,1,1,2,2.0,3.0,56012,M,0.0,0.0,56
201000002328,10,11,3,1815,3,1,2,1.0,3.0,56200,M,0.0,0.0,56
201000002329,10,2,7,1815,2,1,1,1.0,2.0,56102,M,0.0,0.0,56
201000002330,10,2,20,1100,1,1,1,5.0,1.0,56091,M,0.0,0.0,56
201000002331,10,4,25,215,5,2,2,1.0,3.0,56204,M,0.0,0.0,56
201000002332,10,4,25,1900,1,2,1,1.0,3.0,56172,M,4783816.0,-264438.0,56
201000002333,10,7,12,930,1,1,9,1.0,6.0,56091,M,0.0,0.0,56
201000002334,10,8,1,1415,1,1,1,2.0,1.0,56070,M,0.0,0.0,56
201000002335,10,8,12,1815,1,1,1,1.0,3.0,56079,M,0.0,0.0,56
201000002336,10,8,30,1845,1,1,1,1.0,2.0,56160,M,0.0,0.0,56
201000002337,10,9,6,830,1,1,1,5.0,1.0,56160,M,0.0,0.0,56
201000002338,10,9,25,1815,1,1,1,1.0,1.0,56024,M,4812568.0,-268858.0,56
201000002339,10,9,25,1645,1,1,1,1.0,6.0,56070,M,0.0,0.0,56
201000002340,10,1,17,1230,1,1,1,1.0,4.0,56125,M,4806042.0,-306285.0,56
201000002341,10,1,20,1600,1,1,1,1.0,3.0,56092,M,0.0,0.0,56
201000002342,10,1,29,330,3,1,1,2.0,1.0,56092,M,0.0,0.0,56
201000002343,10,1,29,1315,1,2,1,2.0,6.0,56246,M,4804823.0,-298208.0,56
201000002344,10,3,9,1015,1,1,1,1.0,2.0,56041,M,0.0,0.0,56
201000002345,10,3,11,1430,1,2,2,1.0,3.0,56163,M,0.0,0.0,56
201000002346,10,3,26,1830,1,1,1,8.0,1.0,56041,M,0.0,0.0,56
201000002347,10,4,20,1815,1,2,6,1.0,1.0,56178,M,4805563.0,-294643.0,56
201000002348,10,5,9,1445,1,1,1,1.0,3.0,56246,M,0.0,0.0,56
201000002349,10,6,27,230,3,1,1,1.0,6.0,56237,M,0.0,0.0,56
201000002350,10,7,30,1645,1,1,9,1.0,3.0,56213,M,0.0,0.0,56
201000002351,10,8,20,1445,1,1,1,1.0,6.0,56113,M,0.0,0.0,56
201000002352,10,7,25,2200,1,2,1,1.0,6.0,56178,M,4807592.0,-296064.0,56
201000002353,10,9,18,1000,1,2,9,1.0,6.0,56041,M,4812538.0,-306497.0,56
201000002354,10,9,29,1145,1,2,1,8.0,7.0,56178,M,4806492.0,-296605.0,56
201000002355,10,10,18,1800,1,1,1,1.0,3.0,56151,M,4802491.0,-290847.0,56
201000002356,10,12,13,715,3,1,1,9.0,3.0,56092,M,0.0,0.0,56
201000002357,10,12,16,900,1,1,1,8.0,5.0,56242,M,0.0,0.0,56
201000002358,10,12,22,1845,3,1,1,1.0,5.0,56237,M,0.0,0.0,56
201000002359,10,12,31,2145,3,1,1,1.0,6.0,56010,M,0.0,0.0,56
201000002360,10,1,14,1615,1,2,1,2.0,3.0,56010,M,4787426.0,-301485.0,56
201000002361,10,1,25,845,2,2,1,2.0,1.0,56117,M,0.0,0.0,56
201000002362,10,2,17,1715,1,2,2,1.0,3.0,56207,M,0.0,0.0,56
201000002363,10,2,20,1100,1,2,9,1.0,6.0,56010,M,4786347.0,-301756.0,56
201000002364,10,2,28,2045,3,1,1,2.0,6.0,56128,M,0.0,0.0,56
201000002365,10,4,19,515,3,1,1,1.0,7.0,56174,M,0.0,0.0,56
201000002366,10,4,20,915,1,1,1,1.0,3.0,56144,M,0.0,0.0,56
201000002367,10,4,25,1745,1,1,1,1.0,1.0,56016,M,0.0,0.0,56
201000002368,10,4,27,1845,2,1,3,1.0,3.0,56010,M,0.0,0.0,56
201000002369,10,6,24,1200,1,2,1,7.0,1.0,56010,M,4787672.0,-301951.0,56
201000002370,10,6,30,1845,1,1,1,1.0,1.0,56074,M,0.0,0.0,56
201000002371,10,8,14,1200,1,2,6,1.0,7.0,56173,M,4795767.0,-297242.0,56
201000002372,10,8,24,1645,1,2,1,1.0,2.0,56010,M,4788700.0,-301700.0,56
201000002373,10,9,4,1600,1,1,1,1.0,6.0,56010,M,4789330.0,-303775.0,56
201000002374,10,9,4,1215,1,1,1,1.0,6.0,56010,M,0.0,0.0,56
201000002375,10,9,5,1830,1,1,1,1.0,7.0,56117,M,0.0,0.0,56
201000002376,10,9,12,1045,1,2,1,1.0,1.0,56074,M,4790774.0,-297954.0,56
201000002377,10,9,21,2215,3,1,1,1.0,6.0,56174,M,4788368.0,-287988.0,56
201000002378,10,11,12,1815,5,2,1,3.0,6.0,56010,M,4787581.0,-301923.0,56
201000002379,10,1,25,900,1,2,1,2.0,3.0,56066,M,4814017.0,-360195.0,56
201000002380,10,3,22,115,3,1,1,5.0,5.0,56057,M,0.0,0.0,56
201000002381,10,5,7,2030,1,1,1,1.0,6.0,56182,M,0.0,0.0,56
201000002382,10,8,15,2215,2,1,1,1.0,1.0,56081,M,0.0,0.0,56
201000002383,10,9,29,1600,1,1,1,3.0,3.0,56182,M,0.0,0.0,56
201000002384,10,12,17,1145,1,1,3,7.0,3.0,56014,M,0.0,0.0,56
201000002385,10,12,26,530,4,1,1,1.0,1.0,56066,M,4813677.0,-358955.0,56
201000002386,10,1,16,1820,2,1,2,1.0,3.0,14228,M,4928380.0,-40855.0,14
201000002387,10,7,19,1745,1,1,2,1.0,3.0,14228,M,4929500.0,-41600.0,14
201000002388,10,2,27,1930,3,1,3,3.0,3.0,14738,M,4915940.0,-46917.0,14
201000002389,10,6,18,1800,1,2,1,1.0,6.0,14034,M,4910300.0,-46700.0,14
201000002390,10,10,8,1300,1,1,1,1.0,3.0,14721,M,4908800.0,-53900.0,14
201000002391,10,10,30,1530,1,2,1,1.0,3.0,14123,M,0.0,0.0,14
201000002392,10,11,25,1400,1,1,1,4.0,5.0,14610,M,4918700.0,-47900.0,14
201000002393,10,2,2,2030,3,1,1,2.0,7.0,14623,M,4911890.0,-36421.0,14
201000002394,10,3,17,1630,1,2,1,1.0,3.0,14516,M,0.0,0.0,14
201000002395,10,3,27,2100,3,1,1,1.0,5.0,14456,M,4912600.0,-12800.0,14
201000002396,10,4,11,1630,1,1,1,1.0,6.0,14623,M,4911200.0,-34600.0,14
201000002397,10,4,24,30,3,1,1,1.0,7.0,14290,M,0.0,0.0,14
201000002398,10,4,30,2230,3,1,1,1.0,7.0,14268,M,4905300.0,-16200.0,14
201000002399,10,5,15,1400,1,1,2,1.0,3.0,14160,M,4906600.0,-28900.0,14
201000002400,10,6,1,1415,1,2,1,3.0,6.0,14276,M,0.0,0.0,14
201000002401,10,7,19,1300,1,2,2,1.0,3.0,14092,M,4912300.0,-29300.0,14
201000002402,10,7,22,215,3,2,1,1.0,1.0,14268,M,0.0,0.0,14
201000002403,10,9,20,500,3,1,1,1.0,7.0,14276,M,4898400.0,-29300.0,14
201000002404,10,9,21,2115,5,2,6,1.0,7.0,14319,M,4915200.0,-28500.0,14
201000002405,10,9,21,515,3,1,1,5.0,6.0,14149,M,0.0,0.0,14
201000002406,10,9,23,1515,1,2,1,1.0,3.0,14516,M,0.0,0.0,14
201000002407,10,10,8,215,3,1,1,1.0,6.0,14057,M,4912000.0,-24400.0,14
201000002408,10,11,13,2145,3,1,1,3.0,1.0,14456,M,4910300.0,-16200.0,14
201000002409,10,12,27,1800,1,2,1,1.0,2.0,14408,M,4910400.0,-37300.0,14
201000002410,10,2,16,1200,1,1,3,1.0,2.0,14068,M,4925020.0,-33028.0,14
201000002411,10,3,13,1600,1,2,1,1.0,6.0,14488,M,0.0,0.0,14
201000002412,10,4,1,1115,1,2,1,1.0,3.0,14488,M,4927900.0,-25300.0,14
201000002413,10,4,25,1830,1,1,1,1.0,7.0,14060,M,4924800.0,-28000.0,14
201000002414,10,7,5,2345,5,1,1,1.0,6.0,14076,M,0.0,0.0,14
201000002415,10,9,5,1400,1,2,3,1.0,3.0,14488,M,0.0,0.0,14
201000002416,10,10,20,745,2,1,1,1.0,3.0,14325,M,0.0,0.0,14
201000002417,10,2,3,1400,1,1,2,2.0,1.0,14760,M,4909300.0,-66109.0,14
201000002418,10,2,6,1430,1,1,1,1.0,1.0,14695,M,4918030.0,-73596.0,14
201000002419,10,5,5,2030,1,1,1,1.0,1.0,14011,M,4912000.0,-68600.0,14
201000002420,10,6,4,1200,1,2,1,1.0,5.0,14182,M,4912700.0,-85900.0,14
201000002421,10,8,3,1715,1,2,1,1.0,1.0,14364,M,4917900.0,-67300.0,14
201000002422,10,8,17,945,1,2,1,2.0,3.0,14432,M,4913500.0,-54700.0,14
201000002423,10,8,20,1400,1,1,1,1.0,1.0,14760,M,4911600.0,-64900.0,14
201000002424,10,10,2,1500,1,1,1,2.0,7.0,14374,M,4905400.0,-81700.0,14
201000002425,10,11,16,1615,1,1,1,7.0,3.0,14372,M,4911600.0,-77000.0,14
201000002426,10,1,6,1345,1,2,1,4.0,1.0,14237,M,4915380.0,-22182.0,14
201000002427,10,5,3,1815,1,1,2,1.0,5.0,14698,M,0.0,0.0,14
201000002428,10,5,5,1830,1,1,1,1.0,1.0,14530,M,4922600.0,-26700.0,14
201000002429,10,5,19,1830,1,1,1,1.0,3.0,14328,M,4921200.0,-27800.0,14
201000002430,10,8,2,1830,1,2,1,1.0,6.0,14409,M,0.0,0.0,14
201000002431,10,9,8,2100,3,1,1,1.0,6.0,14306,M,0.0,0.0,14
201000002432,10,10,29,2345,3,1,1,3.0,6.0,14046,M,4923500.0,-20400.0,14
201000002433,10,11,5,1815,3,1,1,1.0,3.0,14530,M,4924200.0,-25900.0,14
201000002434,10,11,24,2130,3,1,1,2.0,6.0,14046,M,0.0,0.0,14
201000002435,10,12,2,945,1,1,1,4.0,3.0,14306,M,0.0,0.0,14
201000002436,10,2,2,1500,1,1,1,1.0,7.0,14663,M,0.0,0.0,14
201000002437,10,6,6,2215,2,2,3,1.0,3.0,14047,M,4927500.0,-71300.0,14
201000002438,10,6,8,1600,1,1,1,2.0,2.0,14680,M,4930800.0,-73600.0,14
201000002439,10,7,14,45,4,2,1,1.0,6.0,14047,M,4927800.0,-71300.0,14
201000002440,10,8,8,1930,1,1,2,7.0,3.0,14250,M,4927300.0,-60400.0,14
201000002441,10,8,17,1000,1,1,1,1.0,3.0,14465,M,4925600.0,-63400.0,14
201000002442,10,9,8,1600,1,2,6,1.0,1.0,14047,M,4928800.0,-71300.0,14
201000002443,10,9,20,1600,1,2,1,1.0,3.0,14047,M,4929300.0,-71900.0,14
201000002444,10,10,16,345,3,2,1,2.0,6.0,14663,M,4928200.0,-69700.0,14
201000002445,10,12,11,915,5,2,1,1.0,6.0,14047,M,4927600.0,-68600.0,14
201000002446,10,2,8,1500,1,1,1,1.0,6.0,14370,M,0.0,0.0,14
201000002447,10,3,13,200,3,1,1,1.0,7.0,14367,M,4925000.0,-105000.0,14
201000002448,10,4,1,1315,1,1,1,1.0,1.0,14445,M,0.0,0.0,14
201000002449,10,4,30,1145,1,2,1,1.0,1.0,14342,M,0.0,0.0,14
201000002450,10,5,7,1,4,2,1,1.0,6.0,14468,M,0.0,0.0,14
201000002451,10,5,8,600,3,1,1,1.0,7.0,14103,M,0.0,0.0,14
201000002452,10,5,28,1600,1,1,1,1.0,1.0,14107,M,0.0,0.0,14
201000002453,10,7,4,1615,1,2,1,1.0,6.0,14745,M,0.0,0.0,14
201000002454,10,8,13,2330,3,2,1,1.0,6.0,14705,M,0.0,0.0,14
201000002455,10,10,28,1800,1,1,1,1.0,1.0,14369,M,0.0,0.0,14
201000002456,10,1,5,1600,1,2,1,1.0,3.0,14258,M,4889500.0,-19000.0,14
201000002457,10,1,24,15,3,1,1,2.0,1.0,14759,M,4889120.0,-15368.0,14
201000002458,10,1,26,1830,3,1,1,1.0,1.0,14332,M,4884400.0,-15100.0,14
201000002459,10,4,16,1645,1,2,1,1.0,3.0,14258,M,0.0,0.0,14
201000002460,10,4,24,1630,1,2,1,1.0,2.0,14258,M,0.0,0.0,14
201000002461,10,5,1,2230,5,1,1,2.0,3.0,14258,M,0.0,0.0,14
201000002462,10,5,7,1445,1,1,1,1.0,3.0,14088,M,0.0,0.0,14
201000002463,10,8,27,1430,1,2,1,2.0,2.0,14258,M,0.0,0.0,14
201000002464,10,9,11,1800,3,1,1,1.0,2.0,14467,M,0.0,0.0,14
201000002465,10,10,22,2015,3,1,1,1.0,6.0,14332,M,0.0,0.0,14
201000002466,10,11,24,1830,5,2,1,2.0,6.0,14258,M,0.0,0.0,14
201000002467,10,1,1,1900,3,1,1,4.0,7.0,14162,M,4889070.0,-49034.0,14
201000002468,10,1,30,15,4,2,1,4.0,6.0,14411,M,4895980.0,-38735.0,14
201000002469,10,3,14,1145,1,1,1,1.0,3.0,14404,M,4896200.0,-36600.0,14
201000002470,10,5,13,2300,5,2,1,1.0,6.0,14162,M,0.0,0.0,14
201000002471,10,7,7,1815,1,1,1,1.0,3.0,14764,M,4887400.0,-41400.0,14
201000002472,10,7,11,1130,1,1,1,1.0,6.0,14501,M,4892700.0,-40400.0,14
201000002473,10,7,27,930,1,1,1,1.0,2.0,14251,M,0.0,0.0,14
201000002474,10,10,1,745,2,1,1,2.0,1.0,14223,M,0.0,0.0,14
201000002475,10,10,30,1100,1,2,1,1.0,6.0,14764,M,0.0,0.0,14
201000002476,10,11,21,1945,5,1,1,1.0,5.0,14207,M,0.0,0.0,14
201000002477,10,11,25,2015,3,1,1,4.0,1.0,14207,M,0.0,0.0,14
201000002478,10,1,2,1900,5,2,2,1.0,3.0,14654,M,4901370.0,-3425.0,14
201000002479,10,2,18,1800,2,1,1,4.0,1.0,14081,M,4901960.0,6237.0,14
201000002480,10,3,14,630,3,2,1,1.0,1.0,14431,M,4898100.0,-8700.0,14
201000002481,10,4,1,1815,1,1,1,1.0,7.0,14527,M,0.0,0.0,14
201000002482,10,4,6,1900,1,1,1,1.0,1.0,14422,M,4908900.0,3200.0,14
201000002483,10,4,13,1845,1,1,9,1.0,3.0,14735,M,4899300.0,-4400.0,14
201000002484,10,4,23,2230,3,2,9,1.0,3.0,14697,M,4900900.0,-1100.0,14
201000002485,10,7,17,1745,1,2,1,1.0,1.0,14173,M,4904600.0,-12600.0,14
201000002486,10,8,8,2330,3,1,1,1.0,6.0,14697,M,4891900.0,1200.0,14
201000002487,10,8,17,1600,1,2,1,1.0,6.0,14431,M,4908500.0,-5400.0,14
201000002488,10,8,22,215,3,2,1,1.0,2.0,14520,M,4914300.0,18300.0,14
201000002489,10,8,20,1015,1,1,1,1.0,6.0,14648,M,4912400.0,16900.0,14
201000002490,10,8,29,1545,1,2,1,1.0,6.0,14654,M,4900900.0,-4600.0,14
201000002491,10,9,1,2215,5,2,1,1.0,6.0,14688,M,4904000.0,-2600.0,14
201000002492,10,9,3,2315,3,1,1,1.0,6.0,14410,M,0.0,0.0,14
201000002493,10,9,4,1545,1,1,1,7.0,2.0,14520,M,0.0,0.0,14
201000002494,10,10,14,1730,1,1,1,1.0,1.0,14616,M,0.0,0.0,14
201000002495,10,10,19,1515,1,2,1,1.0,1.0,14735,M,4899100.0,-8200.0,14
201000002496,10,10,22,1530,1,2,1,1.0,3.0,14431,M,0.0,0.0,14
201000002497,10,11,30,700,2,1,1,5.0,2.0,14654,M,4901200.0,-2600.0,14
201000002498,10,1,11,430,3,1,1,4.0,3.0,14403,M,4914360.0,35849.0,14
201000002499,10,1,29,1500,1,1,1,2.0,6.0,14460,M,4920420.0,34392.0,14
201000002500,10,1,31,1425,1,2,1,1.0,1.0,14293,M,4917310.0,37022.0,14
201000002501,10,4,10,1630,1,1,1,1.0,3.0,14582,M,4908700.0,19600.0,14
201000002502,10,8,28,1215,1,1,1,1.0,1.0,14334,M,4914900.0,40700.0,14
201000002503,10,9,12,1615,1,1,1,7.0,3.0,14326,M,4915600.0,26400.0,14
201000002504,10,9,17,2000,1,1,1,1.0,2.0,14599,M,0.0,0.0,14
201000002505,10,9,21,1500,1,1,2,1.0,3.0,14599,M,4910000.0,34100.0,14
201000002506,10,9,28,1745,1,1,1,1.0,4.0,14599,M,4908700.0,32200.0,14
201000002507,10,10,24,1545,1,1,1,7.0,5.0,14371,M,4902800.0,15500.0,14
201000002508,10,11,6,1915,3,1,1,1.0,5.0,14599,M,4908800.0,32100.0,14
201000002509,10,12,17,1400,1,1,1,8.0,3.0,14522,M,4908200.0,24700.0,14
201000002510,10,2,4,2330,3,1,1,1.0,7.0,14185,M,4930700.0,18404.0,14
201000002511,10,4,11,1315,1,1,1,1.0,2.0,14185,M,4930900.0,18600.0,14
201000002512,10,4,17,730,1,1,1,1.0,1.0,14104,M,0.0,0.0,14
201000002513,10,4,17,1915,1,1,1,1.0,1.0,14041,M,0.0,0.0,14
201000002514,10,5,16,1,3,1,1,1.0,2.0,14102,M,0.0,0.0,14
201000002515,10,5,28,1530,1,1,1,1.0,7.0,14578,M,4936400.0,15900.0,14
201000002516,10,6,27,2330,3,1,1,1.0,7.0,14644,M,4920200.0,29000.0,14
201000002517,10,6,27,1830,1,1,1,1.0,6.0,14514,M,0.0,0.0,14
201000002518,10,8,10,1515,1,1,1,3.0,3.0,14269,M,0.0,0.0,14
201000002519,10,10,16,1830,2,1,1,1.0,7.0,14286,M,4935300.0,24500.0,14
201000002520,10,12,8,800,3,1,1,8.0,1.0,14426,M,0.0,0.0,14
201000002521,10,1,30,230,4,2,1,8.0,6.0,14731,M,4932600.0,6300.0,14
201000002522,10,2,24,1145,1,2,2,1.0,3.0,14229,M,4923090.0,-4512.0,14
201000002523,10,3,1,1045,1,2,1,1.0,1.0,14398,M,0.0,0.0,14
201000002524,10,4,11,1715,1,1,1,1.0,5.0,14203,M,0.0,0.0,14
201000002525,10,4,25,215,3,1,1,1.0,6.0,14308,M,0.0,0.0,14
201000002526,10,5,1,1215,1,1,1,1.0,3.0,14016,M,4926100.0,5500.0,14
201000002527,10,7,4,745,1,1,1,1.0,6.0,14126,M,0.0,0.0,14
201000002528,10,7,16,1230,1,1,1,1.0,6.0,14016,M,4925200.0,7700.0,14
201000002529,10,8,28,1845,1,1,1,1.0,6.0,14198,M,0.0,0.0,14
201000002530,10,10,7,1900,1,1,1,1.0,6.0,14083,M,0.0,0.0,14
201000002531,10,11,12,1645,2,1,1,2.0,1.0,14606,M,4923400.0,-3100.0,14
201000002532,10,1,4,1515,1,2,3,1.0,3.0,14762,M,4882830.0,-88776.0,14
201000002533,10,2,4,745,3,1,3,3.0,3.0,14584,M,4880800.0,-89106.0,14
201000002534,10,3,5,845,2,2,1,7.0,6.0,14762,M,0.0,0.0,14
201000002535,10,4,9,1615,1,1,1,1.0,7.0,14545,M,0.0,0.0,14
201000002536,10,5,3,1745,1,2,9,1.0,1.0,14762,M,0.0,0.0,14
201000002537,10,5,24,2145,3,1,1,1.0,7.0,14559,M,0.0,0.0,14