Num_Acc,an,mois,jour,hrmn,lum,agg,int,atm,col,com,gps,lat,long,dep
201000002538,10,7,22,45,3,1,1,1.0,6.0,14584,M,0.0,0.0,14
201000002539,10,8,24,2100,2,1,1,1.0,7.0,14762,M,0.0,0.0,14
201000002540,10,9,7,1515,1,2,1,1.0,7.0,14762,M,0.0,0.0,14
201000002541,10,9,22,830,1,1,1,1.0,6.0,14545,M,0.0,0.0,14
201000002542,10,11,4,1815,5,2,1,2.0,6.0,14762,M,0.0,0.0,14
201000002543,10,11,17,1230,1,1,1,2.0,3.0,14730,M,0.0,0.0,14
201000002544,10,11,24,1100,1,1,1,1.0,1.0,14416,M,0.0,0.0,14
201000002545,10,11,27,1100,1,2,1,1.0,6.0,14762,M,0.0,0.0,14
201000002546,10,12,6,1800,5,2,1,1.0,6.0,14762,M,0.0,0.0,14
201000002547,10,12,30,1945,3,1,1,8.0,1.0,14513,M,0.0,0.0,14
201000002548,10,1,17,1630,1,1,1,1.0,7.0,14347,M,4900950.0,-74454.0,14
201000002549,10,2,20,800,1,1,1,5.0,6.0,14347,M,4901230.0,-74294.0,14
201000002550,10,9,17,1815,1,2,9,1.0,6.0,14027,M,4902400.0,-63500.0,14
201000002551,10,9,19,2215,3,1,3,1.0,1.0,14704,M,4900200.0,-84200.0,14
201000002552,10,10,11,1730,1,1,1,7.0,3.0,14650,M,4904300.0,-76400.0,14
201000002553,10,2,5,745,2,2,2,1.0,6.0,14174,M,4885030.0,-54914.0,14
201000002554,10,7,25,1100,1,2,1,1.0,2.0,14572,M,0.0,0.0,14
201000002555,10,8,5,1315,1,1,1,1.0,1.0,14174,M,0.0,0.0,14
201000002556,10,10,3,1115,1,1,1,3.0,6.0,14065,M,4881100.0,-72600.0,14
201000002557,10,1,30,230,3,1,1,1.0,7.0,50298,M,4929470.0,-132888.0,50
201000002558,10,7,2,2200,3,1,1,1.0,7.0,50422,M,4921690.0,-134737.0,50
201000002559,10,7,23,1615,1,1,9,1.0,1.0,50445,M,4923660.0,-126280.0,50
201000002560,10,9,7,1200,1,2,1,1.0,2.0,50534,M,4930000.0,-117951.0,50
201000002561,10,11,1,1215,1,2,1,1.0,6.0,50099,M,4930430.0,-124342.0,50
201000002562,10,2,20,1045,1,1,1,3.0,5.0,50348,M,4926520.0,-115154.0,50
201000002563,10,3,8,1415,1,1,1,1.0,1.0,50123,M,4911630.0,-121911.0,50
201000002564,10,4,7,1845,1,1,3,1.0,3.0,50431,M,4917630.0,-125248.0,50
201000002565,10,4,8,1830,1,1,1,1.0,7.0,50446,M,4912320.0,-101970.0,50
201000002566,10,4,10,1630,1,2,1,1.0,3.0,50409,M,4916460.0,-112750.0,50
201000002567,10,5,8,1800,1,1,1,1.0,7.0,50239,M,4909030.0,-117537.0,50
201000002568,10,5,30,1045,1,1,2,1.0,3.0,50280,M,4915670.0,-126334.0,50
201000002569,10,6,6,730,1,1,1,1.0,7.0,50409,M,4918990.0,-113473.0,50
201000002570,10,7,1,1145,1,1,1,1.0,1.0,50446,M,4912810.0,-100201.0,50
201000002571,10,8,10,1645,1,1,1,2.0,6.0,50348,M,4928910.0,-118069.0,50
201000002572,10,8,24,145,4,2,1,1.0,6.0,50292,M,4909680.0,-124580.0,50
201000002573,10,9,11,700,2,1,1,1.0,6.0,50119,M,4917220.0,-122317.0,50
201000002574,10,9,26,1545,1,1,1,1.0,5.0,50216,M,4923620.0,-116951.0,50
201000002575,10,10,8,1515,1,1,2,1.0,3.0,50476,M,4912770.0,-89590.0,50
201000002576,10,10,11,1000,1,1,2,1.0,3.0,50455,M,4919050.0,-104097.0,50
201000002577,10,10,26,1500,1,1,1,1.0,3.0,50538,M,4912740.0,-99012.0,50
201000002578,10,11,1,1230,1,1,1,1.0,1.0,50356,M,4920560.0,-105421.0,50
201000002579,10,11,5,2030,3,1,2,1.0,3.0,50098,M,4905540.0,-123123.0,50
201000002580,10,12,9,1100,1,1,1,7.0,6.0,50409,M,4917770.0,-113300.0,50
201000002581,10,2,18,745,2,1,1,4.0,5.0,50393,M,4892220.0,-115395.0,50
201000002582,10,4,9,430,4,1,3,1.0,3.0,50137,M,4887850.0,-120127.0,50
201000002583,10,5,31,1830,1,1,2,1.0,3.0,50545,M,4905100.0,-109854.0,50
201000002584,10,6,4,1830,1,1,2,1.0,1.0,50295,M,4895680.0,-120078.0,50
201000002585,10,9,11,845,1,1,1,1.0,2.0,50420,M,4909560.0,-121611.0,50
201000002586,10,10,3,1200,1,1,1,2.0,7.0,50214,M,4893250.0,-111501.0,50
201000002587,10,10,14,715,2,1,1,2.0,3.0,50592,M,4896570.0,-106190.0,50
201000002588,10,11,16,1730,1,1,2,1.0,3.0,50295,M,4895680.0,-120078.0,50
201000002589,10,11,14,1700,2,1,1,2.0,6.0,50608,M,4900530.0,-106096.0,50
201000002590,10,11,24,1830,5,2,1,3.0,6.0,50581,M,4901380.0,-118943.0,50
201000002591,10,12,15,1115,1,1,2,4.0,3.0,50137,M,4885420.0,-121017.0,50
201000002592,10,1,5,920,1,1,3,1.0,2.0,94054,M,4873140.0,237198.0,94
201000002593,10,2,8,1110,1,1,1,8.0,2.0,94054,M,4873320.0,236742.0,94
201000002594,10,1,28,1845,3,1,1,1.0,6.0,50444,M,4905200.0,-99861.0,50
201000002595,10,3,12,1330,1,1,1,1.0,7.0,94054,M,4873270.0,237181.0,94
201000002596,10,5,31,1645,1,1,4,8.0,7.0,94054,M,4873090.0,237028.0,94
201000002597,10,6,3,1900,1,1,4,1.0,7.0,94054,M,4873090.0,237028.0,94
201000002598,10,6,7,1650,1,1,1,1.0,2.0,94054,M,4872980.0,236402.0,94
201000002599,10,6,14,1200,1,1,2,1.0,3.0,94054,M,4871620.0,238906.0,94
201000002600,10,6,18,1620,1,1,1,1.0,2.0,94054,M,4873910.0,236383.0,94
201000002601,10,6,22,605,2,1,1,1.0,3.0,94054,M,4873070.0,236848.0,94
201000002602,10,5,10,1115,1,2,1,1.0,7.0,50139,M,4905340.0,-103638.0,50
201000002603,10,5,26,1715,1,1,3,1.0,3.0,50444,M,4905520.0,-91900.0,50
201000002604,10,6,6,1600,1,1,1,1.0,6.0,50444,M,4905900.0,-95341.0,50
201000002605,10,6,10,2245,3,1,1,3.0,7.0,50139,M,4906480.0,-103224.0,50
201000002606,10,6,27,145,3,1,2,1.0,3.0,50224,M,4898580.0,-95514.0,50
201000002607,10,7,2,2045,1,1,3,1.0,2.0,50139,M,4904990.0,-102855.0,50
201000002608,10,7,20,1915,1,1,6,1.0,3.0,50444,M,4904590.0,-99111.0,50
201000002609,10,8,19,2230,5,1,1,1.0,2.0,94054,M,4874090.0,236287.0,94
201000002610,10,9,20,920,1,1,1,1.0,7.0,94054,M,4873100.0,236979.0,94
201000002611,10,10,30,700,5,1,1,2.0,2.0,94054,M,,,94
201000002612,10,10,25,1430,1,1,2,1.0,2.0,50224,M,4900200.0,-95909.0,50
201000002613,10,10,29,2315,3,1,1,2.0,6.0,50444,M,4901320.0,-92183.0,50
201000002614,10,11,25,1650,1,1,2,2.0,1.0,94054,M,,,94
201000002615,10,12,12,2155,4,1,1,1.0,1.0,94054,M,,,94
201000002616,10,12,25,2345,3,1,1,1.0,2.0,50224,M,4898240.0,-95639.0,50
201000002617,10,1,2,1830,3,1,1,8.0,1.0,50554,M,4869470.0,-133790.0,50
201000002618,10,1,18,1645,1,1,6,1.0,3.0,50516,M,4865530.0,-135304.0,50
201000002619,10,4,19,1045,1,1,3,1.0,3.0,50554,M,4867540.0,-132450.0,50
201000002620,10,4,23,1645,1,2,2,1.0,5.0,50025,M,4868340.0,-135208.0,50
201000002621,10,7,4,1615,1,2,3,1.0,2.0,50025,M,4867930.0,-135523.0,50
201000002622,10,9,11,1430,1,2,3,1.0,1.0,50489,M,4869850.0,-136175.0,50
201000002623,10,10,14,1800,1,1,4,1.0,1.0,50288,M,4870830.0,-139412.0,50
201000002624,10,12,27,1800,5,2,1,2.0,6.0,50516,M,4867840.0,-134095.0,50
201000002625,10,1,30,1100,1,2,1,7.0,6.0,50237,M,4880180.0,-139619.0,50
201000002626,10,4,6,1800,1,1,1,8.0,6.0,50276,M,4872830.0,-142246.0,50
201000002627,10,4,8,1930,1,1,1,1.0,6.0,50565,M,4873750.0,-146049.0,50
201000002628,10,4,24,1730,1,1,2,1.0,6.0,50526,M,4874680.0,-149966.0,50
201000002629,10,5,7,2330,5,1,1,1.0,6.0,50237,M,4880270.0,-138541.0,50
201000002630,10,5,30,1730,1,1,1,8.0,2.0,50355,M,4873360.0,-142985.0,50
201000002631,10,6,24,330,5,2,6,1.0,6.0,50066,M,4877590.0,-156767.0,50
201000002632,10,7,25,2330,5,2,1,1.0,6.0,50434,M,4875780.0,-144460.0,50
201000002633,10,8,7,1830,1,1,4,1.0,5.0,50066,M,4877770.0,-153957.0,50
201000002634,10,8,12,1800,1,2,1,1.0,6.0,50540,M,4878770.0,-150647.0,50
201000002635,10,8,24,1530,1,2,1,1.0,6.0,50565,M,4875100.0,-145442.0,50
201000002636,10,9,3,1030,1,1,3,1.0,5.0,50493,M,4883650.0,-146348.0,50
201000002637,10,9,11,2115,3,1,1,1.0,1.0,50565,M,4874710.0,-144866.0,50
201000002638,10,9,14,1515,1,2,1,1.0,3.0,50565,M,4875110.0,-146054.0,50
201000002639,10,10,13,2015,3,1,1,1.0,6.0,50541,M,4883010.0,-147225.0,50
201000002640,10,10,14,1715,1,1,2,1.0,2.0,50541,M,4883690.0,-149850.0,50
201000002641,10,10,23,1945,3,1,1,8.0,2.0,50247,M,4882170.0,-138629.0,50
201000002642,10,12,31,1930,3,1,1,1.0,3.0,50410,M,4856160.0,-152420.0,50
201000002643,10,1,13,2230,3,1,1,1.0,1.0,50410,M,4856020.0,-149205.0,50
201000002644,10,2,24,2245,3,1,1,6.0,6.0,50353,M,4862600.0,-150817.0,50
201000002645,10,3,24,930,1,1,1,2.0,1.0,50347,M,4852320.0,-131450.0,50
201000002646,10,4,24,600,3,1,1,1.0,7.0,50487,M,4853190.0,-133058.0,50
201000002647,10,5,19,1215,1,1,3,1.0,3.0,50553,M,4855530.0,-133148.0,50
201000002648,10,6,9,1715,1,1,2,1.0,3.0,50168,M,4861180.0,-129681.0,50
201000002649,10,8,18,1430,1,1,1,1.0,6.0,50331,M,4858490.0,-151126.0,50
201000002650,10,8,29,1630,1,1,3,1.0,3.0,50410,M,4858170.0,-150472.0,50
201000002651,10,9,17,2200,3,1,1,1.0,7.0,50132,M,4862910.0,-126764.0,50
201000002652,10,9,17,845,1,1,3,7.0,1.0,50157,M,4855570.0,-145589.0,50
201000002653,10,10,17,15,3,1,1,2.0,6.0,50290,M,4865800.0,-123423.0,50
201000002654,10,11,8,2230,3,1,1,1.0,6.0,50353,M,4862080.0,-151046.0,50
201000002655,10,11,20,1030,1,2,1,1.0,6.0,50410,M,4855290.0,-151088.0,50
201000002656,10,12,16,1730,3,1,9,3.0,1.0,50168,M,4861680.0,-127263.0,50
201000002657,10,12,25,1730,5,2,1,1.0,6.0,50487,M,4852420.0,-132425.0,50
201000002658,10,2,19,1345,1,2,2,1.0,3.0,50130,M,4879180.0,-119631.0,50
201000002659,10,4,19,1845,1,1,3,1.0,3.0,50158,M,4872060.0,-109131.0,50
201000002660,10,5,17,1415,1,1,1,1.0,7.0,50074,M,4872220.0,-115318.0,50
201000002661,10,5,23,1115,1,2,1,1.0,3.0,50639,M,4884160.0,-122014.0,50
201000002662,10,7,29,2100,1,2,1,1.0,6.0,50639,M,4884570.0,-122879.0,50
201000002663,10,8,30,730,2,2,1,1.0,1.0,50628,M,4871560.0,-122484.0,50
201000002664,10,9,30,2045,3,1,1,1.0,1.0,50074,M,4873530.0,-117842.0,50
201000002665,10,10,22,830,1,1,2,1.0,2.0,50118,M,4883630.0,-135141.0,50
201000002666,10,1,18,745,3,1,3,5.0,3.0,50599,M,4958430.0,-159951.0,50
201000002667,10,2,15,1645,1,2,3,2.0,3.0,50220,M,4965980.0,-182187.0,50
201000002668,10,3,13,1230,1,1,3,1.0,3.0,50294,M,4960050.0,-166760.0,50
201000002669,10,6,13,1145,1,2,1,1.0,5.0,50041,M,4965890.0,-184241.0,50
201000002670,10,6,19,2115,1,2,1,1.0,1.0,50611,M,4967780.0,-176028.0,50
201000002671,10,6,30,1045,1,1,1,1.0,1.0,50294,M,4959270.0,-167593.0,50
201000002672,10,7,20,2220,3,1,1,2.0,7.0,50041,M,4965750.0,-181555.0,50
201000002673,10,7,30,2345,3,1,1,1.0,6.0,50220,M,4967160.0,-179206.0,50
201000002674,10,12,21,1730,3,1,2,8.0,2.0,50460,M,4964420.0,-177167.0,50
201000002675,10,2,1,815,2,1,1,9.0,6.0,50435,M,4949500.0,-160854.0,50
201000002676,10,2,18,1845,3,1,2,2.0,3.0,50402,M,4950310.0,-180117.0,50
201000002677,10,6,10,1245,1,2,1,2.0,1.0,50442,M,4948580.0,-182902.0,50
201000002678,10,6,22,715,1,1,1,1.0,1.0,50332,M,4941150.0,-178344.0,50
201000002679,10,7,2,2345,3,1,1,1.0,1.0,50396,M,4944040.0,-165320.0,50
201000002680,10,9,24,1015,1,1,1,2.0,6.0,50045,M,4953560.0,-177526.0,50
201000002681,10,12,28,1445,1,1,2,2.0,3.0,50425,M,4951270.0,-168095.0,50
201000002682,10,1,21,745,5,2,2,5.0,1.0,50341,M,4948780.0,-137601.0,50
201000002683,10,4,30,2000,1,1,1,1.0,2.0,50467,M,4949460.0,-137145.0,50
201000002684,10,5,13,1630,1,1,2,1.0,3.0,50370,M,4942650.0,-158322.0,50
201000002685,10,6,19,2000,1,1,1,1.0,7.0,50551,M,4935210.0,-153303.0,50
201000002686,10,9,5,1200,1,2,1,1.0,2.0,50421,M,4951200.0,-128378.0,50
201000002687,10,9,25,1745,1,1,1,1.0,6.0,50400,M,4937290.0,-139829.0,50
201000002688,10,10,1,115,3,1,1,1.0,6.0,50175,M,4946330.0,-140366.0,50
201000002689,10,10,19,1545,1,1,1,1.0,1.0,50258,M,4947610.0,-135868.0,50
201000002690,10,11,19,845,1,1,2,7.0,3.0,50177,M,4937800.0,-142467.0,50
201000002691,10,12,24,1945,3,1,1,1.0,5.0,50523,M,4942800.0,-130513.0,50
201000002692,10,1,2,1815,5,2,1,1.0,6.0,50615,M,4950910.0,-147068.0,50
201000002693,10,1,26,1830,5,1,1,1.0,1.0,50162,M,4961890.0,-153674.0,50
201000002694,10,2,12,1330,1,1,1,1.0,6.0,50150,M,4955120.0,-131757.0,50
201000002695,10,3,1,915,1,1,2,7.0,3.0,50567,M,4958570.0,-151494.0,50
201000002696,10,3,11,1615,1,1,2,1.0,3.0,50469,M,4965130.0,-130579.0,50
201000002697,10,3,31,1400,1,1,2,1.0,3.0,50087,M,4954990.0,-155904.0,50
201000002698,10,4,11,545,3,1,1,1.0,6.0,50498,M,4952520.0,-154720.0,50
201000002699,10,4,25,1230,1,1,1,1.0,1.0,50395,M,4961050.0,-129268.0,50
201000002700,10,5,2,2230,3,1,1,1.0,6.0,50209,M,4964530.0,-145519.0,50
201000002701,10,5,14,1800,1,1,2,1.0,3.0,50342,M,4964790.0,-126303.0,50
201000002702,10,6,8,630,1,1,1,1.0,7.0,50087,M,4955990.0,-161748.0,50
201000002703,10,7,14,1930,1,1,3,1.0,3.0,50615,M,4950230.0,-148881.0,50
201000002704,10,7,17,1400,1,2,1,1.0,6.0,50150,M,4954290.0,-134996.0,50
201000002705,10,8,14,1045,1,1,1,2.0,1.0,50335,M,4956220.0,-139169.0,50
201000002706,10,8,31,2330,3,1,1,1.0,6.0,50417,M,4958370.0,-133639.0,50
201000002707,10,9,15,930,1,2,1,7.0,1.0,50077,M,4965670.0,-152152.0,50
201000002708,10,10,24,1430,1,1,1,1.0,1.0,50615,M,4950960.0,-147331.0,50
201000002709,10,11,16,1430,1,2,1,1.0,2.0,50417,M,4959140.0,-130901.0,50
201000002710,10,11,22,1715,2,2,1,2.0,6.0,50615,M,4950370.0,-146363.0,50
201000002711,10,11,25,2230,5,2,1,4.0,6.0,50598,M,4967080.0,-133834.0,50
201000002712,10,12,8,1130,1,2,1,1.0,6.0,50417,M,4959490.0,-130322.0,50
201000002713,10,12,8,800,5,2,1,1.0,6.0,50615,M,4950850.0,-146779.0,50
201000002714,10,1,20,1530,1,1,2,7.0,3.0,50389,M,4901270.0,-136168.0,50
201000002715,10,4,7,1045,1,1,1,1.0,6.0,50389,M,4901740.0,-139135.0,50
201000002716,10,5,8,600,2,1,1,1.0,6.0,50215,M,4908650.0,-158557.0,50
201000002717,10,5,9,1800,1,1,2,1.0,3.0,50215,M,4909300.0,-159947.0,50
201000002718,10,5,20,1330,1,1,3,1.0,3.0,50061,M,4908460.0,-154582.0,50
201000002719,10,5,26,1200,1,1,1,3.0,7.0,50084,M,4903210.0,-146199.0,50
201000002720,10,5,26,2100,2,1,1,1.0,1.0,50438,M,4911720.0,-144625.0,50
201000002721,10,7,18,1945,2,1,1,7.0,1.0,50603,M,4904490.0,-155504.0,50
201000002722,10,7,28,1815,1,1,7,8.0,7.0,50215,M,4909920.0,-160898.0,50
201000002723,10,7,28,1800,1,1,2,1.0,3.0,50058,M,4907640.0,-158603.0,50
201000002724,10,8,1,2345,3,1,2,1.0,3.0,50111,M,4904180.0,-127134.0,50
201000002725,10,8,15,2300,3,1,1,1.0,6.0,50389,M,4901810.0,-139282.0,50
201000002726,10,9,10,800,1,1,1,1.0,7.0,50340,M,4910780.0,-135019.0,50
201000002727,10,9,17,1700,1,2,3,7.0,6.0,50215,M,4909710.0,-158087.0,50
201000002728,10,9,17,1315,1,1,1,1.0,7.0,50058,M,4906900.0,-155136.0,50
201000002729,10,10,20,945,1,1,1,1.0,2.0,50603,M,4905480.0,-150359.0,50
201000002730,10,12,17,945,1,1,1,4.0,1.0,50550,M,4915330.0,-141203.0,50
201000002731,10,1,20,1045,1,2,1,8.0,6.0,50419,M,4897300.0,-146801.0,50
201000002732,10,2,1,1830,3,1,1,8.0,1.0,50109,M,4890890.0,-146297.0,50
201000002733,10,2,8,800,2,2,2,8.0,3.0,50266,M,4893380.0,-138067.0,50
201000002734,10,2,17,1615,1,1,3,1.0,3.0,50419,M,4897190.0,-144747.0,50
201000002735,10,4,3,1100,1,2,1,1.0,6.0,50109,M,4891470.0,-143786.0,50
201000002736,10,4,13,1315,1,2,3,1.0,3.0,50463,M,4894020.0,-132934.0,50
201000002737,10,4,27,1200,1,1,1,1.0,1.0,50143,M,4888520.0,-151759.0,50
201000002738,10,6,11,1900,1,1,1,2.0,6.0,50252,M,4887540.0,-146713.0,50
201000002739,10,6,22,1945,1,1,1,1.0,6.0,50365,M,4893130.0,-149289.0,50
201000002740,10,6,30,745,1,1,3,1.0,3.0,50419,M,4897540.0,-148579.0,50
201000002741,10,7,9,1730,1,1,3,1.0,4.0,50419,M,4898360.0,-146852.0,50
201000002742,10,7,15,1015,1,1,2,1.0,3.0,50140,M,4897440.0,-144310.0,50
201000002743,10,8,4,645,1,1,1,8.0,6.0,50252,M,4886950.0,-145406.0,50
201000002744,10,8,8,1845,1,1,1,1.0,6.0,50143,M,4887970.0,-154049.0,50
201000002745,10,8,13,1630,1,1,2,1.0,6.0,50272,M,4893560.0,-152663.0,50
201000002746,10,8,30,1445,1,2,1,1.0,1.0,50120,M,4889870.0,-148709.0,50
201000002747,10,9,1,1715,1,2,1,1.0,1.0,50197,M,4891100.0,-134729.0,50
201000002748,10,9,2,1700,1,1,3,7.0,1.0,50255,M,4898820.0,-150506.0,50
201000002749,10,9,8,1630,1,2,9,1.0,6.0,50076,M,4890300.0,-156905.0,50
201000002750,10,11,4,1800,2,1,2,2.0,1.0,50605,M,4896500.0,-144227.0,50
201000002751,10,11,5,1730,2,1,2,1.0,3.0,50076,M,4889590.0,-150256.0,50
201000002752,10,11,24,1530,1,1,1,2.0,1.0,50326,M,4886340.0,-131925.0,50
201000002753,10,3,7,1415,1,1,2,1.0,3.0,50481,M,4923310.0,-157366.0,50
201000002754,10,4,15,1715,1,1,1,1.0,1.0,50198,M,4913600.0,-159170.0,50
201000002755,10,4,30,915,1,1,1,1.0,1.0,50063,M,4929650.0,-159447.0,50
201000002756,10,7,5,2115,1,1,1,1.0,7.0,50552,M,4920040.0,-138022.0,50
201000002757,10,8,28,1215,1,1,2,1.0,2.0,50642,M,4933810.0,-142989.0,50
201000002758,10,8,29,2015,1,1,1,1.0,3.0,50267,M,4921150.0,-151841.0,50
201000002759,10,11,7,900,1,1,1,4.0,6.0,50403,M,4916790.0,-151582.0,50
201000002760,10,11,25,1215,1,1,1,8.0,5.0,50151,M,4922060.0,-156706.0,50
201000002761,10,12,27,1015,1,2,2,8.0,3.0,50394,M,4918430.0,-140661.0,50
201000002762,10,1,16,700,3,1,1,3.0,6.0,50029,M,4860940.0,-86137.0,50
201000002763,10,1,23,1100,1,1,1,8.0,3.0,50494,M,4861720.0,-88075.0,50
201000002764,10,3,12,2245,5,2,1,1.0,6.0,50582,M,4872010.0,-92205.0,50
201000002765,10,4,6,1730,1,1,1,1.0,3.0,50359,M,4865460.0,-94136.0,50
201000002766,10,5,14,1745,1,1,1,1.0,7.0,50043,M,4867200.0,-99426.0,50
201000002767,10,9,23,1645,1,1,1,1.0,7.0,50381,M,4856250.0,-96208.0,50
201000002768,10,10,2,1545,1,2,1,3.0,6.0,50029,M,4859950.0,-83392.0,50
201000002769,10,10,7,1515,1,1,2,1.0,3.0,50436,M,4863710.0,-95177.0,50
201000002770,10,11,20,900,1,1,1,1.0,1.0,50029,M,4860760.0,-85686.0,50
201000002771,10,11,28,1215,1,1,3,9.0,3.0,50195,M,4875500.0,-94710.0,50
201000002772,10,11,29,1845,5,2,1,1.0,6.0,50359,M,4865300.0,-94099.0,50
201000002773,10,2,12,1530,1,2,1,1.0,6.0,50484,M,4857910.0,-109270.0,50
201000002774,10,3,21,1600,1,1,1,1.0,1.0,50322,M,4860170.0,-120436.0,50
201000002775,10,5,20,1930,1,1,1,1.0,7.0,50256,M,4863450.0,-111791.0,50
201000002776,10,5,23,630,2,2,1,1.0,7.0,50256,M,4861930.0,-117195.0,50
201000002777,10,7,3,2235,2,1,1,1.0,2.0,50274,M,4855950.0,-109404.0,50
201000002778,10,8,19,1300,1,1,1,1.0,1.0,50256,M,4859810.0,-119589.0,50
201000002779,10,9,18,1545,1,1,3,1.0,1.0,50452,M,4855520.0,-111874.0,50
201000002780,10,9,30,2130,4,2,1,8.0,6.0,50484,M,4857950.0,-109406.0,50
201000002781,10,10,16,1900,3,1,1,1.0,1.0,50515,M,4857280.0,-117978.0,50
201000002782,10,10,22,1630,1,1,3,1.0,3.0,50315,M,4863040.0,-106451.0,50
201000002783,10,10,28,1015,1,1,1,1.0,6.0,50263,M,4854520.0,-100918.0,50
201000002784,10,10,28,1215,1,1,1,1.0,6.0,50570,M,4850440.0,-103482.0,50
201000002785,10,11,10,1845,5,2,1,1.0,7.0,50484,M,4857790.0,-109611.0,50
201000002786,10,11,20,1515,1,1,1,1.0,6.0,50391,M,4859250.0,-111545.0,50
201000002787,10,1,8,1525,1,1,1,4.0,1.0,01451,M,,,01
201000002788,10,1,20,1505,1,2,1,2.0,2.0,01053,M,,,01
201000002789,10,1,22,1435,1,2,1,1.0,6.0,01053,M,,,01
201000002790,10,1,24,1755,2,2,2,1.0,3.0,01053,M,,,01
201000002791,10,1,25,1200,1,2,1,1.0,6.0,01053,M,,,01
201000002792,10,1,25,1405,1,1,9,1.0,4.0,01289,M,,,01
201000002793,10,1,30,740,1,1,1,1.0,1.0,01451,M,,,01
201000002794,10,1,30,1830,3,1,2,1.0,3.0,01344,M,,,01
201000002795,10,2,4,825,1,2,2,1.0,6.0,01289,M,,,01
201000002796,10,2,5,1700,1,2,1,1.0,3.0,01053,M,,,01
201000002797,10,2,8,1650,1,2,1,1.0,4.0,01053,M,,,01
201000002798,10,2,10,1050,1,2,1,4.0,6.0,01344,M,,,01
201000002799,10,2,10,1710,1,2,3,1.0,3.0,01053,M,,,01
201000002800,10,2,11,735,2,1,1,1.0,1.0,01451,M,,,01
201000002801,10,2,9,1020,1,2,3,4.0,6.0,01344,M,,,01
201000002802,10,2,17,1205,1,2,2,1.0,4.0,01053,M,,,01
201000002803,10,2,21,455,5,1,1,1.0,6.0,01451,M,,,01
201000002804,10,2,22,1320,1,1,4,1.0,1.0,01451,M,,,01
201000002805,10,2,24,740,2,1,8,1.0,6.0,01053,M,,,01
201000002806,10,2,24,1530,1,2,2,1.0,6.0,01053,M,,,01
201000002807,10,2,26,1420,1,1,1,2.0,1.0,01451,M,,,01
201000002808,10,3,4,1425,1,1,1,1.0,7.0,01451,M,,,01
201000002809,10,3,10,1015,1,1,1,1.0,1.0,01451,M,,,01
201000002810,10,3,10,2125,5,2,1,1.0,3.0,01451,M,,,01
201000002811,10,3,13,1600,1,1,1,1.0,1.0,01451,M,,,01
201000002812,10,3,17,1615,1,2,1,1.0,7.0,01053,M,,,01
201000002813,10,3,18,837,1,2,1,1.0,7.0,01053,M,,,01
201000002814,10,3,25,910,1,1,1,1.0,2.0,01451,M,,,01
201000002815,10,4,6,915,1,2,9,1.0,6.0,01053,M,,,01
201000002816,10,4,6,1710,1,2,1,1.0,7.0,01053,M,,,01
201000002817,10,4,8,2245,5,2,1,1.0,7.0,01053,M,,,01
201000002818,10,4,11,1550,1,2,1,1.0,6.0,01053,M,,,01
201000002819,10,4,16,1620,1,1,1,1.0,4.0,01451,M,,,01
201000002820,10,4,17,2310,5,2,6,1.0,3.0,01451,M,,,01
201000002821,10,4,29,1155,1,2,1,1.0,6.0,01053,M,,,01
201000002822,10,4,30,1725,1,1,1,1.0,4.0,01451,M,,,01
201000002823,10,5,2,1720,1,1,1,1.0,6.0,01451,M,,,01
201000002824,10,5,3,715,1,1,1,1.0,7.0,01053,M,,,01
201000002825,10,5,5,2000,2,2,1,3.0,6.0,01053,M,,,01
201000002826,10,5,6,1530,1,1,1,2.0,2.0,01451,M,,,01
201000002827,10,5,9,1150,1,1,6,2.0,6.0,01451,M,,,01
201000002828,10,5,10,1150,1,2,1,1.0,6.0,01053,M,,,01
201000002829,10,5,11,1835,1,2,1,3.0,1.0,01053,M,,,01
201000002830,10,5,12,940,1,2,1,2.0,2.0,01053,M,,,01
201000002831,10,5,20,1900,1,2,1,1.0,6.0,01053,M,,,01
201000002832,10,5,22,1400,1,2,1,1.0,2.0,01053,M,,,01
201000002833,10,5,23,1710,1,1,1,1.0,6.0,01451,M,,,01
201000002834,10,5,26,1645,1,2,3,2.0,6.0,01053,M,,,01
201000002835,10,5,31,730,1,1,1,2.0,7.0,01289,M,,,01
201000002836,10,6,8,1315,1,1,2,2.0,3.0,01344,M,,,01
201000002837,10,6,8,2155,3,1,1,1.0,6.0,01053,M,,,01
201000002838,10,6,10,1325,1,1,2,1.0,3.0,01289,M,,,01
201000002839,10,6,14,2010,1,2,3,1.0,3.0,01451,M,,,01
201000002840,10,6,16,1525,1,2,2,1.0,3.0,01289,M,,,01
201000002841,10,6,18,2255,3,1,1,1.0,1.0,01289,M,,,01