Num_Acc,an,mois,jour,hrmn,lum,agg,int,atm,col,com,gps,lat,long,dep
201000002842,10,6,19,935,1,2,1,1.0,6.0,01053,M,,,01
201000002843,10,6,21,1320,1,2,1,8.0,2.0,01053,M,,,01
201000002844,10,6,23,1530,1,2,1,1.0,6.0,01053,M,,,01
201000002845,10,6,24,1730,1,2,3,1.0,3.0,01053,M,,,01
201000002846,10,6,27,1450,1,1,9,1.0,3.0,01451,M,,,01
201000002847,10,6,29,1405,1,1,1,1.0,7.0,01289,M,,,01
201000002848,10,6,29,1625,1,2,1,1.0,6.0,01053,M,,,01
201000002849,10,7,1,1650,1,1,6,1.0,2.0,01451,M,,,01
201000002850,10,7,2,2105,1,2,2,1.0,3.0,01053,M,,,01
201000002851,10,7,6,1055,1,2,1,1.0,6.0,01053,M,,,01
201000002852,10,7,7,840,1,1,2,1.0,3.0,01289,M,,,01
201000002853,10,7,9,200,5,2,1,1.0,2.0,01289,M,,,01
201000002854,10,7,13,945,1,2,1,1.0,6.0,01053,M,,,01
201000002855,10,7,14,1010,1,1,2,1.0,5.0,01289,M,,,01
201000002856,10,7,15,1635,1,1,1,1.0,6.0,01451,M,,,01
201000002857,10,7,16,1715,1,2,1,1.0,6.0,01053,M,,,01
201000002858,10,7,21,1945,1,2,3,2.0,3.0,01053,M,,,01
201000002859,10,7,22,1745,1,2,1,2.0,1.0,01344,M,,,01
201000002860,10,7,23,1525,1,2,3,1.0,3.0,01053,M,,,01
201000002861,10,7,24,1800,1,2,5,1.0,2.0,01053,M,,,01
201000002862,10,7,27,1010,1,1,1,2.0,7.0,01289,M,,,01
201000002863,10,8,3,1625,1,2,3,1.0,5.0,01053,M,,,01
201000002864,10,8,3,2020,1,1,3,1.0,3.0,01289,M,,,01
201000002865,10,8,4,1500,1,2,1,1.0,6.0,01053,M,,,01
201000002866,10,8,5,1025,1,2,2,1.0,3.0,01053,M,,,01
201000002867,10,8,13,1505,1,1,2,1.0,3.0,01451,M,,,01
201000002868,10,8,14,120,5,2,1,1.0,4.0,01344,M,,,01
201000002869,10,8,14,1915,1,2,1,1.0,6.0,01053,M,,,01
201000002870,10,8,23,745,1,2,1,2.0,4.0,01053,M,,,01
201000002871,10,8,31,1420,1,1,1,1.0,3.0,01344,M,,,01
201000002872,10,9,1,1010,1,2,1,1.0,2.0,01053,M,,,01
201000002873,10,9,2,1350,1,2,1,1.0,2.0,01344,M,,,01
201000002874,10,9,3,1900,1,2,1,1.0,3.0,01053,M,,,01
201000002875,10,9,9,55,3,1,1,1.0,6.0,01451,M,,,01
201000002876,10,9,17,1435,1,2,1,1.0,6.0,01053,M,,,01
201000002877,10,9,18,1815,1,2,1,1.0,6.0,01053,M,,,01
201000002878,10,9,18,1955,5,2,1,1.0,2.0,01053,M,,,01
201000002879,10,9,24,1430,1,2,1,2.0,7.0,01053,M,,,01
201000002880,10,9,28,1815,1,2,1,1.0,6.0,01344,M,,,01
201000002881,10,10,6,1715,1,1,2,1.0,6.0,01451,M,,,01
201000002882,10,10,9,1150,1,2,1,7.0,2.0,01053,M,,,01
201000002883,10,10,9,1930,5,2,1,1.0,3.0,01053,M,,,01
201000002884,10,10,13,1215,1,2,1,1.0,6.0,01053,M,,,01
201000002885,10,10,13,1610,1,2,2,1.0,6.0,01053,M,,,01
201000002886,10,10,13,2350,5,2,1,1.0,6.0,01053,M,,,01
201000002887,10,10,14,1725,1,1,1,1.0,5.0,01053,M,,,01
201000002888,10,10,16,1140,1,1,6,2.0,1.0,01053,M,,,01
201000002889,10,10,23,450,5,2,1,1.0,7.0,01289,M,,,01
201000002890,10,10,25,1805,2,2,2,1.0,3.0,01053,M,,,01
201000002891,10,10,28,1730,1,2,3,1.0,3.0,01053,M,,,01
201000002892,10,10,29,1125,1,1,3,1.0,7.0,01289,M,,,01
201000002893,10,10,30,1055,1,1,6,3.0,2.0,01451,M,,,01
201000002894,10,10,31,1335,1,2,3,2.0,3.0,01053,M,,,01
201000002895,10,10,31,2010,5,2,2,2.0,3.0,01053,M,,,01
201000002896,10,11,2,1100,1,2,1,1.0,1.0,01053,M,,,01
201000002897,10,11,3,1715,2,2,2,1.0,6.0,01053,M,,,01
201000002898,10,11,7,1825,3,1,2,1.0,5.0,01451,M,,,01
201000002899,10,11,15,1840,3,1,1,2.0,3.0,01451,M,,,01
201000002900,10,11,16,1310,1,2,3,1.0,6.0,01344,M,,,01
201000002901,10,11,17,1945,5,2,2,1.0,5.0,01053,M,,,01
201000002902,10,11,19,1155,1,2,1,1.0,3.0,01053,M,,,01
201000002903,10,11,23,915,1,2,1,2.0,2.0,01451,M,,,01
201000002904,10,11,30,1730,3,1,3,4.0,5.0,01344,M,,,01
201000002905,10,12,3,1140,1,2,3,4.0,6.0,01053,M,,,01
201000002906,10,12,10,1310,1,2,3,1.0,6.0,01053,M,,,01
201000002907,10,12,13,1745,5,2,2,1.0,3.0,01451,M,,,01
201000002908,10,12,14,655,5,2,3,1.0,3.0,01053,M,,,01
201000002909,10,12,14,925,1,1,1,1.0,4.0,01451,M,,,01
201000002910,10,12,19,925,1,2,1,1.0,6.0,01053,M,,,01
201000002911,10,12,24,2056,5,2,9,4.0,6.0,01053,M,,,01
201000002912,10,12,30,2020,4,2,3,1.0,3.0,01053,M,,,01
201000002913,10,9,11,2145,3,1,1,1.0,7.0,61213,M,4847690.0,-14946.0,61
201000002914,10,10,11,2030,3,1,1,1.0,7.0,61424,M,4854050.0,-13714.0,61
201000002915,10,1,27,1715,1,1,1,1.0,7.0,61263,M,4852210.0,19918.0,61
201000002916,10,6,5,1530,1,1,2,1.0,3.0,61015,M,4859290.0,22892.0,61
201000002917,10,6,18,1715,1,1,1,1.0,1.0,61294,M,4865040.0,10866.0,61
201000002918,10,7,5,1700,1,1,1,1.0,1.0,61098,M,4857200.0,16914.0,61
201000002919,10,10,7,1700,1,1,3,1.0,3.0,61412,M,4850620.0,37003.0,61
201000002920,10,10,14,1400,1,2,9,1.0,2.0,61464,M,4860030.0,16662.0,61
201000002921,10,11,3,845,2,1,2,1.0,3.0,61454,M,4858940.0,39904.0,61
201000002922,10,11,5,845,1,2,2,1.0,3.0,61133,M,4863530.0,34514.0,61
201000002923,10,1,14,700,3,1,1,8.0,1.0,61462,M,4872540.0,-5032.0,61
201000002924,10,6,19,1945,1,1,1,1.0,1.0,61023,M,4881360.0,-2540.0,61
201000002925,10,7,4,1045,1,2,2,1.0,3.0,61153,M,4871420.0,-12392.0,61
201000002926,10,7,25,2115,2,1,1,1.0,7.0,61339,M,4876050.0,-23152.0,61
201000002927,10,8,21,815,1,1,1,1.0,7.0,61474,M,4875890.0,8803.0,61
201000002928,10,10,15,1145,1,1,2,8.0,5.0,61106,M,4877090.0,-34189.0,61
201000002929,10,10,21,1415,1,1,1,1.0,7.0,61238,M,4886370.0,2620.0,61
201000002930,10,1,23,1100,1,2,2,1.0,6.0,61508,M,0.0,0.0,61
201000002931,10,1,25,15,3,1,1,1.0,7.0,61157,M,4875730.0,20021.0,61
201000002932,10,3,5,1845,3,1,1,1.0,7.0,61485,M,0.0,0.0,61
201000002933,10,5,3,1530,1,2,1,1.0,6.0,61508,M,4892740.0,19682.0,61
201000002934,10,6,18,1730,1,2,3,1.0,3.0,61150,M,4873900.0,38710.0,61
201000002935,10,6,20,1900,1,1,1,1.0,7.0,61110,M,4871530.0,18239.0,61
201000002936,10,7,1,1845,1,1,1,1.0,7.0,61460,M,4891050.0,34180.0,61
201000002937,10,7,24,2245,3,1,1,1.0,6.0,61110,M,4872640.0,17187.0,61
201000002938,10,9,4,1145,1,1,4,1.0,2.0,61017,M,4869910.0,33118.0,61
201000002939,10,9,18,1530,1,1,2,1.0,3.0,61485,M,4891480.0,24017.0,61
201000002940,10,9,20,1330,1,1,1,1.0,7.0,61317,M,4875650.0,34918.0,61
201000002941,10,1,8,1630,1,2,1,4.0,6.0,61369,M,4864620.0,-62195.0,61
201000002942,10,1,27,1615,1,2,1,1.0,7.0,61145,M,4859020.0,-65556.0,61
201000002943,10,2,1,1530,1,1,1,1.0,7.0,61278,M,4872640.0,-54379.0,61
201000002944,10,4,4,1330,1,1,4,1.0,3.0,61362,M,4870280.0,-52922.0,61
201000002945,10,6,5,1915,1,2,1,1.0,6.0,61145,M,4858930.0,-63678.0,61
201000002946,10,6,10,1000,1,1,1,2.0,5.0,61370,M,4856010.0,-64929.0,61
201000002947,10,7,9,1400,1,1,3,1.0,5.0,61421,M,4856650.0,-69700.0,61
201000002948,10,9,3,2030,1,2,3,1.0,7.0,61421,M,4855920.0,-72944.0,61
201000002949,10,9,30,1300,1,2,2,1.0,3.0,61145,M,0.0,0.0,61
201000002950,10,10,6,1430,1,1,1,1.0,7.0,61278,M,4873060.0,-51840.0,61
201000002951,10,10,12,945,1,2,1,7.0,6.0,61145,M,4859150.0,-64710.0,61
201000002952,10,11,26,1830,5,2,1,1.0,6.0,61145,M,4859140.0,-64382.0,61
201000002953,10,12,10,1515,1,1,1,1.0,3.0,61369,M,4863010.0,-63594.0,61
201000002954,10,2,1,1200,1,1,1,9.0,7.0,61186,M,4851150.0,-49556.0,61
201000002955,10,3,6,1415,1,2,3,1.0,3.0,61326,M,0.0,0.0,61
201000002956,10,3,19,1345,1,1,1,8.0,2.0,61200,M,4852280.0,-45575.0,61
201000002957,10,5,6,1515,1,1,1,1.0,7.0,61260,M,4865810.0,-35824.0,61
201000002958,10,8,13,1045,1,1,1,1.0,2.0,61332,M,4870390.0,-34497.0,61
201000002959,10,9,19,1545,1,1,1,1.0,3.0,61243,M,4858550.0,-31653.0,61
201000002960,10,10,9,1715,1,1,1,1.0,1.0,61243,M,0.0,0.0,61
201000002961,10,12,6,815,3,1,1,8.0,6.0,61402,M,4870700.0,-33215.0,61
201000002962,10,2,1,830,1,1,1,4.0,5.0,61222,M,4875580.0,-63460.0,61
201000002963,10,3,1,1730,1,1,1,1.0,1.0,61007,M,4879790.0,-47442.0,61
201000002964,10,5,18,1730,1,1,1,1.0,7.0,61377,M,4873300.0,-70550.0,61
201000002965,10,5,19,1845,1,1,1,1.0,7.0,61177,M,0.0,0.0,61
201000002966,10,6,15,1930,1,1,3,1.0,3.0,61044,M,4884100.0,-49404.0,61
201000002967,10,6,17,45,3,1,1,1.0,1.0,61007,M,4880530.0,-48958.0,61
201000002968,10,6,18,715,1,1,1,1.0,1.0,61287,M,0.0,0.0,61
201000002969,10,7,22,1145,1,1,3,1.0,3.0,61287,M,4878900.0,-56595.0,61
201000002970,10,9,6,1415,1,1,2,8.0,3.0,61007,M,4878730.0,-53236.0,61
201000002971,10,10,23,1130,1,1,2,1.0,3.0,61221,M,4874960.0,-49667.0,61
201000002972,10,1,6,1030,1,1,1,4.0,1.0,61404,M,4855750.0,50861.0,61
201000002973,10,1,21,1645,1,2,4,1.0,3.0,61293,M,4852070.0,54469.0,61
201000002974,10,2,16,1715,1,2,3,7.0,3.0,61293,M,0.0,0.0,61
201000002975,10,3,26,1730,1,1,2,8.0,3.0,61414,M,0.0,0.0,61
201000002976,10,4,4,1,3,1,1,2.0,7.0,61418,M,4851100.0,61715.0,61
201000002977,10,7,9,1930,1,2,2,1.0,2.0,61414,M,4850910.0,53489.0,61
201000002978,10,7,19,1730,1,1,1,1.0,1.0,61404,M,4853910.0,51346.0,61
201000002979,10,8,1,1930,1,1,1,1.0,7.0,61373,M,0.0,0.0,61
201000002980,10,8,13,230,3,1,6,1.0,7.0,61404,M,4854550.0,55178.0,61
201000002981,10,11,8,1445,1,1,1,8.0,1.0,61414,M,4850580.0,54885.0,61
201000002982,10,11,19,915,1,1,1,5.0,3.0,61414,M,4850630.0,52869.0,61
201000002983,10,3,28,1815,1,1,1,8.0,1.0,61099,M,4831210.0,60793.0,61
201000002984,10,6,25,2145,1,1,1,1.0,2.0,61309,M,4835610.0,67567.0,61
201000002985,10,7,5,1930,1,2,3,1.0,3.0,61405,M,4831280.0,73860.0,61
201000002986,10,10,10,500,3,1,1,1.0,7.0,61426,M,4837700.0,54223.0,61
201000002987,10,12,3,400,3,1,1,4.0,2.0,61356,M,4830200.0,71236.0,61
201000002988,10,12,10,1600,1,1,1,4.0,1.0,61246,M,4826460.0,75409.0,61
201000002989,10,12,23,1630,1,1,2,2.0,3.0,61409,M,4836490.0,65061.0,61
201000002990,10,12,23,1815,5,1,1,2.0,3.0,61471,M,4837200.0,58033.0,61
201000002991,10,3,14,1330,1,1,1,1.0,7.0,61425,M,4862620.0,48170.0,61
201000002992,10,5,25,1845,1,1,1,1.0,1.0,61214,M,0.0,0.0,61
201000002993,10,7,8,1530,1,1,1,1.0,1.0,61151,M,4873860.0,58432.0,61
201000002994,10,8,8,200,3,1,1,1.0,7.0,61342,M,4876440.0,58217.0,61
201000002995,10,9,4,2000,2,1,2,1.0,3.0,61406,M,4873320.0,51576.0,61
201000002996,10,9,9,1115,1,2,6,1.0,7.0,61456,M,0.0,0.0,61
201000002997,10,10,8,1800,1,1,1,1.0,2.0,61456,M,4878400.0,66153.0,61
201000002998,10,10,9,600,3,1,1,5.0,6.0,61456,M,4878070.0,63392.0,61
201000002999,10,10,12,1400,1,1,1,1.0,3.0,61140,M,4871080.0,66607.0,61
201000003000,10,10,13,1515,1,1,3,1.0,3.0,61342,M,0.0,0.0,61
201000003001,10,10,30,445,3,1,3,1.0,3.0,61140,M,4872990.0,65024.0,61
201000003002,10,11,7,500,3,1,1,1.0,7.0,61151,M,4873830.0,58398.0,61
201000003003,10,12,5,345,3,1,1,9.0,7.0,61342,M,4875840.0,58305.0,61
201000003004,10,1,23,1715,3,1,1,2.0,5.0,61500,M,4860940.0,70697.0,61
201000003005,10,2,27,1700,1,2,1,2.0,1.0,61147,M,4842370.0,80185.0,61
201000003006,10,5,1,215,3,2,1,1.0,7.0,61034,M,4867870.0,74567.0,61
201000003007,10,5,23,1730,1,2,1,1.0,7.0,61116,M,0.0,0.0,61
201000003008,10,8,7,100,3,2,1,1.0,7.0,61343,M,4864760.0,67432.0,61
201000003009,10,8,12,1115,1,2,1,1.0,1.0,61429,M,4864950.0,75786.0,61
201000003010,10,9,27,1415,1,1,1,1.0,1.0,61128,M,4845130.0,66231.0,61
201000003011,10,10,1,1345,1,1,1,3.0,3.0,61429,M,4862470.0,72823.0,61
201000003012,10,10,17,1245,1,1,1,1.0,7.0,61491,M,4856780.0,62913.0,61
201000003013,10,10,28,730,1,1,3,2.0,5.0,61125,M,4840070.0,91849.0,61
201000003014,10,6,16,700,1,2,6,1.0,3.0,44172,M,4726200.0,-146100.0,44
201000003015,10,9,10,2015,2,1,2,1.0,3.0,44204,M,4729900.0,-141400.0,44
201000003016,10,9,10,2230,3,1,1,1.0,6.0,44204,M,4728200.0,-142200.0,44
201000003017,10,10,4,1815,1,2,1,3.0,6.0,44172,M,4725700.0,-150300.0,44
201000003018,10,11,25,800,5,2,1,8.0,3.0,44172,M,0.0,0.0,44
201000003019,10,6,18,1900,1,1,6,1.0,3.0,44026,M,4731300.0,-148100.0,44
201000003020,10,10,26,1800,1,1,1,1.0,2.0,44026,M,4729800.0,-147100.0,44
201000003021,10,10,31,1545,1,1,1,1.0,5.0,44026,M,4729200.0,-146300.0,44
201000003022,10,1,17,1545,1,2,1,7.0,3.0,44100,M,4715000.0,-135200.0,44
201000003023,10,1,19,730,5,2,1,1.0,3.0,44223,M,0.0,0.0,44
201000003024,10,1,22,2300,3,1,1,2.0,6.0,44064,M,0.0,0.0,44
201000003025,10,1,30,1645,1,1,1,1.0,1.0,44173,M,0.0,0.0,44
201000003026,10,2,6,1700,1,1,1,1.0,1.0,44173,M,0.0,0.0,44
201000003027,10,3,28,2300,3,1,1,1.0,1.0,44014,M,4710400.0,-147200.0,44
201000003028,10,3,28,2030,2,1,1,1.0,5.0,44064,M,4711100.0,-128100.0,44
201000003029,10,4,10,530,5,2,1,1.0,6.0,44043,M,0.0,0.0,44
201000003030,10,4,16,1700,1,2,1,1.0,5.0,44142,M,0.0,0.0,44
201000003031,10,4,17,1715,1,1,1,1.0,5.0,44223,M,4706000.0,-152300.0,44
201000003032,10,4,18,1030,1,1,2,1.0,3.0,44173,M,0.0,0.0,44
201000003033,10,4,20,1630,1,1,1,7.0,3.0,44127,M,0.0,0.0,44
201000003034,10,5,12,1130,1,1,1,1.0,6.0,44064,M,4711400.0,-129600.0,44
201000003035,10,5,25,1815,1,1,2,1.0,3.0,44100,M,4711800.0,-134900.0,44
201000003036,10,6,3,1815,1,2,6,7.0,3.0,44223,M,0.0,0.0,44
201000003037,10,6,26,1800,1,1,1,1.0,5.0,44014,M,4710200.0,-153200.0,44
201000003038,10,8,12,1515,1,1,1,1.0,3.0,44216,M,0.0,0.0,44
201000003039,10,8,7,1815,1,1,1,1.0,7.0,44127,M,0.0,0.0,44
201000003040,10,8,30,1500,1,1,1,1.0,5.0,44063,M,0.0,0.0,44
201000003041,10,9,4,1545,1,1,1,1.0,3.0,44063,M,0.0,0.0,44
201000003042,10,10,17,1,3,1,1,1.0,1.0,44100,M,4712800.0,-134900.0,44
201000003043,10,10,26,1430,1,2,1,7.0,3.0,44100,M,4713600.0,-135300.0,44
201000003044,10,10,31,2030,3,1,3,8.0,3.0,44216,M,4696700.0,-142400.0,44
201000003045,10,11,6,1815,3,1,1,3.0,1.0,44216,M,4698000.0,-141400.0,44
201000003046,10,1,14,1730,1,1,2,1.0,3.0,44041,M,0.0,0.0,44
201000003047,10,3,21,2015,3,1,1,1.0,1.0,44081,M,4690700.0,-156900.0,44
201000003048,10,6,24,1815,1,2,1,1.0,5.0,44081,M,4689100.0,-161200.0,44
201000003049,10,6,29,1500,1,1,1,1.0,6.0,44206,M,4688700.0,-164500.0,44
201000003050,10,7,29,1615,1,1,1,1.0,1.0,44041,M,4708600.0,-158400.0,44
201000003051,10,8,27,1000,1,1,1,2.0,2.0,44081,M,4692100.0,-154200.0,44
201000003052,10,9,5,1945,1,1,1,1.0,3.0,44188,M,4711400.0,-154600.0,44
201000003053,10,11,2,1130,1,1,1,2.0,6.0,44188,M,4704100.0,-161800.0,44
201000003054,10,12,4,730,3,1,1,9.0,6.0,44188,M,0.0,0.0,44
201000003055,10,4,12,800,1,2,6,1.0,1.0,44198,M,0.0,0.0,44
201000003056,10,9,19,2030,5,1,1,1.0,6.0,44198,M,0.0,0.0,44
201000003057,10,9,26,2045,3,1,1,1.0,3.0,44215,M,0.0,0.0,44
201000003058,10,11,3,1700,1,1,1,2.0,1.0,44198,M,0.0,0.0,44
201000003059,10,12,12,1215,1,2,1,1.0,2.0,44215,M,0.0,0.0,44
201000003060,10,12,25,1,3,1,1,1.0,5.0,44215,M,4716700.0,-151400.0,44
201000003061,10,2,2,1645,1,1,1,8.0,3.0,44003,M,0.0,0.0,44
201000003062,10,4,21,1845,1,1,1,1.0,2.0,44096,M,0.0,0.0,44
201000003063,10,4,23,2145,2,1,1,1.0,3.0,44004,M,,,44
201000003064,10,6,13,1500,1,1,1,1.0,7.0,44034,M,0.0,0.0,44
201000003065,10,6,29,1245,1,1,2,1.0,3.0,44219,M,0.0,0.0,44
201000003066,10,7,9,2345,3,1,1,1.0,3.0,44096,M,0.0,0.0,44
201000003067,10,8,24,1900,1,2,1,1.0,2.0,44003,M,0.0,0.0,44
201000003068,10,11,4,700,3,1,1,1.0,6.0,44219,M,0.0,0.0,44
201000003069,10,11,13,1300,1,2,1,3.0,3.0,44003,M,0.0,0.0,44
201000003070,10,11,15,915,1,2,1,1.0,6.0,44180,M,0.0,0.0,44
201000003071,10,11,13,1445,1,1,1,3.0,6.0,44017,M,0.0,0.0,44
201000003072,10,11,15,930,1,1,3,1.0,3.0,44003,M,0.0,0.0,44
201000003073,10,11,20,845,1,1,1,8.0,7.0,44163,M,,,44
201000003074,10,12,7,1745,5,2,1,2.0,6.0,44003,M,0.0,0.0,44
201000003075,10,12,11,2000,3,1,1,1.0,5.0,44147,M,0.0,0.0,44
201000003076,10,1,21,1815,5,2,1,1.0,6.0,44117,M,4714000.0,-133000.0,44
201000003077,10,3,19,1730,1,2,1,1.0,7.0,44029,M,0.0,0.0,44
201000003078,10,5,3,900,1,2,1,1.0,3.0,44169,M,4725400.0,-137700.0,44
201000003079,10,7,22,30,3,1,1,1.0,2.0,44169,M,4723100.0,-141500.0,44
201000003080,10,9,12,1700,1,1,1,1.0,7.0,44008,M,4727600.0,-129500.0,44
201000003081,10,9,13,1430,1,1,1,1.0,1.0,44117,M,4713500.0,-131900.0,44
201000003082,10,9,18,1045,1,2,2,1.0,5.0,44212,M,0.0,0.0,44
201000003083,10,1,23,1930,3,1,1,1.0,5.0,44107,M,4743100.0,-130500.0,44
201000003084,10,2,4,1945,3,1,3,1.0,1.0,44202,M,4746900.0,-127400.0,44
201000003085,10,5,21,1600,1,1,1,1.0,7.0,44118,M,4749700.0,-124100.0,44
201000003086,10,5,24,1545,1,1,1,7.0,7.0,44107,M,0.0,0.0,44
201000003087,10,6,5,1600,1,1,1,1.0,5.0,44144,M,4753600.0,-133400.0,44
201000003088,10,7,1,1945,1,1,1,1.0,1.0,44077,M,4750700.0,-147300.0,44
201000003089,10,8,26,1915,1,1,1,1.0,2.0,44077,M,0.0,0.0,44
201000003090,10,10,4,800,2,1,1,2.0,1.0,44028,M,4731400.0,-138900.0,44
201000003091,10,11,27,100,3,1,1,2.0,6.0,44115,M,4734800.0,-128000.0,44
201000003092,10,12,7,815,2,2,1,2.0,6.0,44118,M,4749100.0,-123700.0,44
201000003093,10,1,1,1845,3,1,1,1.0,3.0,44099,M,0.0,0.0,44
201000003094,10,1,17,2345,3,1,1,5.0,6.0,44075,M,4763100.0,-144700.0,44
201000003095,10,1,19,1215,1,1,1,1.0,1.0,44065,M,4760000.0,-132900.0,44
201000003096,10,1,22,845,1,1,1,1.0,1.0,44199,M,4774200.0,-130900.0,44
201000003097,10,3,6,1,3,1,1,1.0,1.0,44148,M,4776200.0,-146500.0,44
201000003098,10,3,12,700,2,1,1,1.0,2.0,44112,M,4778800.0,-135000.0,44
201000003099,10,3,15,830,1,1,1,5.0,1.0,44199,M,4775000.0,-126500.0,44
201000003100,10,3,24,1730,1,1,1,1.0,1.0,44153,M,4771600.0,-148300.0,44
201000003101,10,5,7,1800,1,1,1,1.0,1.0,44218,M,4775000.0,-125900.0,44
201000003102,10,6,26,945,1,1,1,1.0,3.0,44031,M,4762300.0,-119800.0,44
201000003103,10,8,26,1700,1,2,1,1.0,1.0,44078,M,0.0,0.0,44
201000003104,10,9,5,130,3,1,1,1.0,2.0,44095,M,4757500.0,-142000.0,44
201000003105,10,9,8,1900,2,1,1,2.0,1.0,44153,M,4772900.0,-151500.0,44
201000003106,10,11,9,2215,3,1,1,8.0,6.0,44065,M,4757800.0,-132000.0,44
201000003107,10,11,26,1800,3,1,1,8.0,3.0,44075,M,4766000.0,-141600.0,44
201000003108,10,1,5,1830,3,1,1,1.0,1.0,44056,M,4735400.0,-179100.0,44
201000003109,10,1,16,1530,1,1,1,9.0,6.0,44056,M,4742200.0,-181600.0,44
201000003110,10,3,28,1000,1,1,1,8.0,1.0,44015,M,4746200.0,-169200.0,44
201000003111,10,5,8,1600,1,1,1,1.0,3.0,44128,M,4755600.0,-180700.0,44
201000003112,10,6,5,2015,1,1,1,1.0,6.0,44023,M,4742000.0,-189000.0,44
201000003113,10,6,29,1615,1,2,1,1.0,3.0,44185,M,4765100.0,-207900.0,44
201000003114,10,7,1,1445,1,2,1,1.0,3.0,44015,M,0.0,0.0,44
201000003115,10,8,21,1815,1,1,9,1.0,3.0,44067,M,4766700.0,-186100.0,44
201000003116,10,9,4,1130,1,1,1,1.0,1.0,44128,M,4753700.0,-191800.0,44
201000003117,10,9,5,1400,1,2,1,1.0,3.0,44015,M,4747500.0,-176600.0,44
201000003118,10,10,2,1045,1,1,3,8.0,3.0,44007,M,4764100.0,-195900.0,44
201000003119,10,10,10,1830,1,2,6,1.0,3.0,44185,M,4764800.0,-206900.0,44
201000003120,10,10,20,1645,1,1,1,1.0,1.0,44007,M,4764200.0,-198600.0,44
201000003121,10,11,12,1630,1,1,1,3.0,1.0,44111,M,4741200.0,-173300.0,44
201000003122,10,11,27,1130,1,2,1,1.0,4.0,44185,M,0.0,0.0,44
201000003123,10,12,9,1615,1,1,1,1.0,1.0,44185,M,0.0,0.0,44
201000003124,10,12,18,1745,3,1,1,8.0,1.0,44056,M,4740500.0,-179400.0,44
201000003125,10,6,12,1800,1,1,1,1.0,7.0,44073,M,4744900.0,-158200.0,44
201000003126,10,6,27,115,3,1,1,1.0,3.0,44122,M,4742800.0,-143500.0,44
201000003127,10,7,3,1500,1,1,1,1.0,1.0,44122,M,4739600.0,-144500.0,44
201000003128,10,7,5,1100,1,2,1,1.0,6.0,44073,M,4741900.0,-165100.0,44
201000003129,10,8,22,1130,1,1,1,7.0,1.0,44205,M,0.0,0.0,44
201000003130,10,9,11,1715,1,1,2,1.0,3.0,44073,M,4743300.0,-168100.0,44
201000003131,10,10,13,2030,3,1,1,1.0,6.0,44073,M,4744800.0,-158100.0,44
201000003132,10,11,5,1845,3,1,1,1.0,1.0,44073,M,4742600.0,-165700.0,44
201000003133,10,12,1,1715,3,1,1,1.0,1.0,44179,M,4738800.0,-145400.0,44
201000003134,10,1,6,800,2,1,1,4.0,6.0,44149,M,4750500.0,-158900.0,44
201000003135,10,3,26,2015,3,1,1,2.0,1.0,44149,M,4749800.0,-162700.0,44
201000003136,10,4,10,630,3,1,1,1.0,6.0,44208,M,4762000.0,-154000.0,44
201000003137,10,4,11,900,1,1,1,1.0,2.0,44086,M,4768100.0,-156500.0,44
201000003138,10,4,20,1830,1,2,2,1.0,3.0,44051,M,4767200.0,-166700.0,44
201000003139,10,6,8,1245,2,1,1,8.0,1.0,44051,M,4767100.0,-164300.0,44
201000003140,10,7,11,1930,1,1,1,1.0,6.0,44149,M,4749300.0,-159500.0,44
201000003141,10,8,24,1700,1,2,1,1.0,6.0,44113,M,4756900.0,-162500.0,44
201000003142,10,9,12,2000,1,1,1,1.0,4.0,44193,M,4767900.0,-148400.0,44
201000003143,10,9,8,1530,1,1,1,1.0,1.0,44113,M,4756700.0,-159200.0,44
201000003144,10,9,21,1000,1,1,1,7.0,1.0,44001,M,4756000.0,-147100.0,44
201000003145,10,10,12,1300,1,1,5,1.0,3.0,44086,M,4766100.0,-160400.0,44
201000003146,10,11,19,1015,1,1,1,1.0,7.0,44113,M,4758500.0,-164500.0,44
201000003147,10,3,14,530,3,1,1,1.0,7.0,44018,M,0.0,0.0,44
201000003148,10,5,14,1245,1,1,1,1.0,1.0,44171,M,0.0,0.0,44
201000003149,10,8,29,215,3,1,1,1.0,1.0,44150,M,0.0,0.0,44
201000003150,10,9,18,1045,1,1,1,1.0,5.0,44130,M,0.0,0.0,44
201000003151,10,11,24,1645,2,1,1,7.0,3.0,44120,M,0.0,0.0,44
201000003152,10,1,12,845,1,2,6,1.0,6.0,44131,M,0.0,0.0,44
201000003153,10,2,26,2000,3,2,1,1.0,1.0,44131,M,4711900.0,-210500.0,44
201000003154,10,3,19,2100,3,1,9,3.0,2.0,44131,M,4711700.0,-202500.0,44
201000003155,10,6,27,1800,1,2,1,1.0,7.0,44059,M,4702800.0,-187500.0,44
201000003156,10,7,7,1100,1,2,1,1.0,6.0,44131,M,0.0,0.0,44
201000003157,10,7,20,800,1,1,1,1.0,7.0,44131,M,0.0,0.0,44
201000003158,10,7,31,1,3,1,1,1.0,7.0,44021,M,0.0,0.0,44
201000003159,10,9,4,1600,1,2,1,1.0,2.0,44136,M,0.0,0.0,44
201000003160,10,9,5,1130,1,2,1,1.0,6.0,44131,M,0.0,0.0,44
201000003161,10,9,4,1830,1,1,1,1.0,5.0,44131,M,0.0,0.0,44