Num_Acc,an,mois,jour,hrmn,lum,agg,int,atm,col,com,gps,lat,long,dep
201000003162,10,9,5,1545,1,2,1,1.0,6.0,44131,M,0.0,0.0,44
201000003163,10,9,22,1300,1,1,1,1.0,7.0,44131,M,0.0,0.0,44
201000003164,10,10,7,1815,3,1,1,1.0,7.0,44021,M,4706300.0,-191900.0,44
201000003165,10,10,9,1715,1,2,1,1.0,7.0,44131,M,4711900.0,-207200.0,44
201000003166,10,10,19,2100,3,1,1,1.0,6.0,44131,M,0.0,0.0,44
201000003167,10,11,16,930,1,2,6,1.0,1.0,44131,M,0.0,0.0,44
201000003168,10,1,16,1415,1,1,1,1.0,1.0,44046,M,4724800.0,-209399.0,44
201000003169,10,2,12,1730,1,1,1,1.0,1.0,44046,M,4726100.0,-208300.0,44
201000003170,10,3,14,1215,1,1,1,1.0,3.0,44154,M,4724000.0,-215700.0,44
201000003171,10,3,19,1915,2,1,1,2.0,3.0,44182,M,4717000.0,-214000.0,44
201000003172,10,3,21,1715,1,1,1,1.0,3.0,44187,M,4721000.0,-204999.0,44
201000003173,10,4,18,2100,1,1,2,1.0,3.0,44005,M,4718800.0,-196300.0,44
201000003174,10,5,22,730,1,1,1,1.0,6.0,44038,M,4719500.0,-199400.0,44
201000003175,10,6,4,2030,1,1,1,1.0,7.0,44187,M,4722600.0,-208500.0,44
201000003176,10,6,22,830,1,1,3,1.0,3.0,44061,M,4723500.0,-197000.0,44
201000003177,10,7,28,1530,1,2,1,1.0,6.0,44154,M,4725000.0,-215000.0,44
201000003178,10,7,28,1800,1,1,1,1.0,2.0,44046,M,0.0,0.0,44
201000003179,10,8,1,2300,3,1,1,1.0,7.0,44182,M,0.0,0.0,44
201000003180,10,8,23,1645,1,1,1,2.0,3.0,44005,M,0.0,0.0,44
201000003181,10,9,9,1500,1,1,1,1.0,1.0,44038,M,0.0,0.0,44
201000003182,10,10,4,800,1,1,1,2.0,1.0,44187,M,0.0,0.0,44
201000003183,10,10,24,1700,1,2,6,1.0,3.0,44154,M,0.0,0.0,44
201000003184,10,12,20,1200,1,1,1,1.0,4.0,44154,M,0.0,0.0,44
201000003185,10,2,6,1900,3,1,1,1.0,1.0,44186,M,4709900.0,-181300.0,44
201000003186,10,2,16,800,2,1,1,1.0,1.0,44087,M,4699700.0,-177500.0,44
201000003187,10,2,19,1145,1,2,1,1.0,1.0,44220,M,4718900.0,-185800.0,44
201000003188,10,3,21,1300,1,2,1,1.0,6.0,44178,M,0.0,0.0,44
201000003189,10,4,15,2300,3,1,1,1.0,6.0,44087,M,4702900.0,-173600.0,44
201000003190,10,4,21,1815,1,1,1,1.0,3.0,44145,M,4720100.0,-182600.0,44
201000003191,10,4,26,1515,1,1,2,1.0,3.0,44157,M,4694700.0,-173100.0,44
201000003192,10,6,24,1245,1,2,1,1.0,3.0,44087,M,0.0,0.0,44
201000003193,10,7,2,1515,1,1,1,1.0,1.0,44087,M,4699600.0,-177700.0,44
201000003194,10,7,27,1815,1,1,1,1.0,1.0,44178,M,0.0,0.0,44
201000003195,10,8,12,1500,1,1,1,1.0,1.0,44145,M,0.0,0.0,44
201000003196,10,8,25,2200,3,1,1,2.0,7.0,44186,M,0.0,0.0,44
201000003197,10,9,3,2000,1,2,1,1.0,1.0,44133,M,0.0,0.0,44
201000003198,10,9,20,1830,1,1,1,1.0,2.0,44220,M,0.0,0.0,44
201000003199,10,9,27,1045,1,1,2,1.0,3.0,44186,M,4708300.0,-179900.0,44
201000003200,10,1,21,1930,3,1,1,8.0,1.0,44047,M,4722800.0,-171900.0,44
201000003201,10,4,21,115,3,1,1,1.0,6.0,44047,M,4723800.0,-169000.0,44
201000003202,10,5,12,100,5,1,1,1.0,6.0,44047,M,4721500.0,-168900.0,44
201000003203,10,6,3,1300,1,1,2,1.0,3.0,44047,M,4724900.0,-170600.0,44
201000003204,10,7,17,1545,1,1,1,1.0,7.0,44047,M,4721800.0,-174500.0,44
201000003205,10,9,7,1600,1,2,1,1.0,1.0,44047,M,4722000.0,-172800.0,44
201000003206,10,11,8,1900,5,2,1,2.0,2.0,44047,M,4721800.0,-170100.0,44
201000003207,10,11,24,1600,1,2,6,7.0,4.0,44047,M,4721900.0,-172800.0,44
201000003208,10,11,28,1945,5,2,1,2.0,7.0,44047,M,4721500.0,-172800.0,44
201000003209,10,1,17,1715,1,1,6,8.0,1.0,44069,M,4732400.0,-241400.0,44
201000003210,10,2,5,800,5,2,1,2.0,6.0,44069,M,4733500.0,-242600.0,44
201000003211,10,2,20,1430,1,1,1,1.0,2.0,44183,M,4738800.0,-242900.0,44
201000003212,10,3,7,1130,1,1,9,1.0,6.0,44125,M,4738500.0,-251300.0,44
201000003213,10,4,5,1500,1,1,1,1.0,7.0,44069,M,4733400.0,-245700.0,44
201000003214,10,4,14,1015,1,1,1,1.0,3.0,44072,M,4739400.0,-237200.0,44
201000003215,10,5,8,545,3,1,9,8.0,6.0,44069,M,0.0,0.0,44
201000003216,10,5,16,1115,1,2,1,1.0,2.0,44125,M,4739100.0,-252600.0,44
201000003217,10,5,24,2330,5,1,1,1.0,7.0,44072,M,0.0,0.0,44
201000003218,10,5,21,1515,1,1,1,1.0,7.0,44175,M,4739400.0,-235500.0,44
201000003219,10,5,29,100,5,1,1,1.0,7.0,44069,M,4730900.0,-237800.0,44
201000003220,10,5,30,2045,1,1,1,2.0,1.0,44183,M,4737200.0,-243000.0,44
201000003221,10,7,4,1915,1,1,1,1.0,3.0,44072,M,4742900.0,-230500.0,44
201000003222,10,7,19,2045,2,1,1,1.0,5.0,44069,M,4733200.0,-247200.0,44
201000003223,10,7,21,1730,1,1,1,1.0,1.0,44069,M,4735000.0,-235000.0,44
201000003224,10,8,14,1630,1,1,1,2.0,1.0,44069,M,0.0,0.0,44
201000003225,10,8,26,545,3,1,1,1.0,5.0,44069,M,4731400.0,-242900.0,44
201000003226,10,8,25,1800,1,1,1,1.0,5.0,44069,M,4730400.0,-238900.0,44
201000003227,10,8,29,1815,1,1,1,1.0,2.0,44072,M,4742400.0,-234200.0,44
201000003228,10,8,31,1245,1,1,1,1.0,7.0,44072,M,4745900.0,-236800.0,44
201000003229,10,9,5,1600,1,1,1,1.0,5.0,44069,M,4733300.0,-244800.0,44
201000003230,10,9,7,1730,1,2,1,3.0,3.0,44069,M,4733900.0,-245800.0,44
201000003231,10,9,12,1815,1,2,1,1.0,3.0,44125,M,4739100.0,-252800.0,44
201000003232,10,9,16,2115,3,1,1,1.0,5.0,44183,M,4738400.0,-243100.0,44
201000003233,10,9,21,1815,1,1,1,1.0,2.0,44072,M,4748400.0,-226800.0,44
201000003234,10,9,26,1915,1,1,1,1.0,3.0,44069,M,4734100.0,-246300.0,44
201000003235,10,10,16,1645,1,2,1,1.0,1.0,44030,M,4745400.0,-223900.0,44
201000003236,10,10,23,1730,1,1,1,1.0,3.0,44030,M,4744600.0,-223300.0,44
201000003237,10,10,25,1730,1,2,1,1.0,6.0,44069,M,4733500.0,-243100.0,44
201000003238,10,11,3,1800,5,2,1,5.0,3.0,44069,M,4733900.0,-241900.0,44
201000003239,10,11,26,2000,3,2,1,1.0,3.0,44072,M,4744700.0,-232300.0,44
201000003240,10,12,9,845,1,1,1,9.0,6.0,44006,M,4742400.0,-237300.0,44
201000003241,10,12,12,1745,5,2,1,1.0,2.0,44125,M,4738400.0,-252200.0,44
201000003242,10,2,17,1930,3,1,1,1.0,7.0,44210,M,0.0,0.0,44
201000003243,10,3,21,1800,1,1,1,1.0,6.0,44052,M,4738700.0,-213400.0,44
201000003244,10,4,3,1630,1,2,1,9.0,3.0,44103,M,0.0,0.0,44
201000003245,10,4,22,1800,1,1,1,1.0,6.0,44103,M,4728800.0,-217000.0,44
201000003246,10,5,19,1545,1,1,1,1.0,1.0,44103,M,4728200.0,-216500.0,44
201000003247,10,6,4,2045,1,2,1,1.0,1.0,44168,M,4739000.0,-220600.0,44
201000003248,10,6,19,1645,1,2,1,1.0,6.0,44210,M,4730300.0,-220500.0,44
201000003249,10,8,28,1515,1,2,2,1.0,3.0,44052,M,4732400.0,-207100.0,44
201000003250,10,8,29,1130,1,2,1,1.0,3.0,44052,M,4732300.0,-206999.0,44
201000003251,10,8,30,845,1,1,6,1.0,7.0,44052,M,4734000.0,-209399.0,44
201000003252,10,9,16,645,3,1,6,1.0,7.0,44052,M,4734100.0,-209600.0,44
201000003253,10,10,6,645,2,2,1,2.0,3.0,44103,M,4733500.0,-218400.0,44
201000003254,10,10,10,2030,5,2,1,1.0,3.0,44210,M,0.0,0.0,44
201000003255,10,2,8,1915,5,1,1,1.0,3.0,44161,M,4749400.0,-204999.0,44
201000003256,10,3,20,1915,3,1,1,2.0,3.0,44189,M,4744200.0,-216700.0,44
201000003257,10,4,15,745,1,1,1,1.0,3.0,44129,M,4746700.0,-211300.0,44
201000003258,10,4,23,1330,1,1,1,1.0,6.0,44050,M,4740300.0,-218400.0,44
201000003259,10,5,23,1815,1,2,1,1.0,1.0,44098,M,4748100.0,-216200.0,44
201000003260,10,5,28,2000,1,1,1,1.0,6.0,44196,M,4754700.0,-212000.0,44
201000003261,10,6,22,1730,1,1,9,1.0,6.0,44050,M,4739600.0,-212300.0,44
201000003262,10,6,27,1345,1,2,1,1.0,3.0,44098,M,4748600.0,-215400.0,44
201000003263,10,6,30,1530,1,1,1,1.0,3.0,44161,M,4752200.0,-203799.0,44
201000003264,10,8,4,1015,1,2,1,1.0,1.0,44129,M,4744000.0,-208599.0,44
201000003265,10,8,20,145,3,1,1,1.0,2.0,44129,M,4742300.0,-212400.0,44
201000003266,10,8,29,1730,1,1,1,1.0,6.0,44098,M,4752200.0,-211000.0,44
201000003267,10,9,20,1715,1,1,1,1.0,6.0,44196,M,0.0,0.0,44
201000003268,10,11,6,1245,1,1,1,2.0,3.0,44129,M,4743300.0,-211500.0,44
201000003269,10,12,20,1645,1,1,2,1.0,3.0,44196,M,4755600.0,-204700.0,44
201000003270,10,1,13,1000,1,1,1,9.0,7.0,44194,M,0.0,0.0,44
201000003271,10,2,5,1345,1,1,1,1.0,1.0,44217,M,0.0,0.0,44
201000003272,10,2,11,1130,1,1,1,4.0,6.0,44217,M,,,44
201000003273,10,2,21,1645,1,1,1,1.0,3.0,44217,M,0.0,0.0,44
201000003274,10,3,12,1300,1,1,1,1.0,3.0,44217,M,0.0,0.0,44
201000003275,10,4,1,1745,1,1,4,1.0,3.0,44158,M,,,44
201000003276,10,4,25,1515,1,1,1,1.0,1.0,44045,M,0.0,0.0,44
201000003277,10,4,30,1800,1,1,1,1.0,1.0,44045,M,0.0,0.0,44
201000003278,10,5,30,630,2,1,1,2.0,7.0,44217,M,0.0,0.0,44
201000003279,10,6,16,1700,1,2,1,1.0,6.0,44158,M,0.0,0.0,44
201000003280,10,7,23,1830,1,1,1,1.0,2.0,44194,M,0.0,0.0,44
201000003281,10,8,28,1200,1,1,1,1.0,7.0,44158,M,0.0,0.0,44
201000003282,10,9,6,2015,1,1,1,1.0,6.0,44158,M,0.0,0.0,44
201000003283,10,9,14,1945,1,1,1,1.0,6.0,44045,M,0.0,0.0,44
201000003284,10,10,17,915,3,1,1,1.0,6.0,44158,M,0.0,0.0,44
201000003285,10,10,22,1945,3,1,1,1.0,3.0,44045,M,0.0,0.0,44
201000003286,10,11,3,2215,3,1,1,2.0,6.0,44158,M,0.0,0.0,44
201000003287,10,11,5,1730,1,1,1,1.0,3.0,44217,M,0.0,0.0,44
201000003288,10,3,3,1630,1,1,1,1.0,1.0,44025,M,0.0,0.0,44
201000003289,10,4,24,945,1,1,1,1.0,3.0,44089,M,4733100.0,-188100.0,44
201000003290,10,6,15,1430,2,1,1,1.0,3.0,44195,M,4734900.0,-191700.0,44
201000003291,10,6,15,1215,1,1,1,1.0,1.0,44137,M,4738800.0,-200599.0,44
201000003292,10,9,19,2145,3,1,1,1.0,1.0,44025,M,4741100.0,-198000.0,44
201000003293,10,5,20,2000,1,1,3,1.0,2.0,49278,M,4742360.0,-57065.0,49
201000003294,10,5,24,400,5,2,1,1.0,7.0,49020,M,4745720.0,-61872.0,49
201000003295,10,5,27,1830,1,1,2,7.0,3.0,49214,M,4753160.0,-64443.0,49
201000003296,10,5,29,1700,1,1,1,2.0,4.0,49020,M,4746910.0,-62091.0,49
201000003297,10,8,20,630,2,1,1,1.0,7.0,49196,M,4754040.0,-67309.0,49
201000003298,10,9,1,1815,1,1,1,1.0,3.0,49035,M,4742840.0,-61454.0,49
201000003299,10,10,27,945,1,2,6,1.0,6.0,49278,M,4742780.0,-54993.0,49
201000003300,10,11,4,200,3,1,1,2.0,7.0,49055,M,4752030.0,-57122.0,49
201000003301,10,11,13,1230,1,1,1,3.0,7.0,49055,M,4751710.0,-57003.0,49
201000003302,10,11,19,845,1,2,2,1.0,6.0,49196,M,4751930.0,-66826.0,49
201000003303,10,2,17,1915,3,1,1,5.0,1.0,49194,M,4745050.0,-26142.0,49
201000003304,10,2,18,800,1,1,1,9.0,4.0,49194,M,4743840.0,-27738.0,49
201000003305,10,3,21,1100,1,1,1,1.0,7.0,49021,M,4746370.0,-17564.0,49
201000003306,10,4,7,845,1,1,1,1.0,7.0,49138,M,4746740.0,-19424.0,49
201000003307,10,5,23,1330,1,2,3,1.0,2.0,49194,M,4745710.0,-26265.0,49
201000003308,10,7,17,515,3,1,3,1.0,1.0,49021,M,4744120.0,-23249.0,49
201000003309,10,7,31,1030,1,1,3,1.0,2.0,49201,M,4741580.0,-25050.0,49
201000003310,10,8,17,1515,1,1,2,1.0,3.0,49021,M,4743540.0,-21485.0,49
201000003311,10,10,23,445,3,1,1,1.0,7.0,49138,M,4746750.0,-17256.0,49
201000003312,10,11,9,1115,1,2,1,2.0,6.0,49021,M,4744100.0,-21406.0,49
201000003313,10,11,20,315,3,1,1,2.0,3.0,49106,M,4747450.0,-35810.0,49
201000003314,10,11,23,1715,3,1,2,1.0,3.0,49021,M,4743540.0,-21484.0,49
201000003315,10,12,30,1430,1,2,2,1.0,3.0,49194,M,4745640.0,-26705.0,49
201000003316,10,1,22,1430,1,2,1,1.0,6.0,49022,M,4731360.0,-59630.0,49
201000003317,10,2,1,1730,1,1,1,1.0,1.0,49222,M,4738600.0,-59054.0,49
201000003318,10,2,4,1830,2,1,3,1.0,3.0,49167,M,4738780.0,-49372.0,49
201000003319,10,2,10,745,2,1,2,1.0,3.0,49167,M,4738780.0,-49372.0,49
201000003320,10,4,11,1845,2,1,1,1.0,6.0,49317,M,4740250.0,-33362.0,49
201000003321,10,4,17,2130,3,1,1,1.0,7.0,49066,M,4728330.0,-55746.0,49
201000003322,10,5,3,1630,1,1,6,1.0,3.0,49050,M,4734350.0,-43724.0,49
201000003323,10,5,16,2300,3,1,1,1.0,6.0,49133,M,4723660.0,-49439.0,49
201000003324,10,6,25,930,1,1,3,1.0,3.0,49001,M,4732890.0,-38926.0,49
201000003325,10,7,15,1645,1,1,1,1.0,7.0,49071,M,4724960.0,-62984.0,49
201000003326,10,7,19,730,1,1,1,1.0,7.0,49317,M,4739120.0,-32251.0,49
201000003327,10,7,29,1515,1,1,1,1.0,5.0,49222,M,0.0,0.0,49
201000003328,10,8,14,2130,3,1,1,1.0,6.0,49223,M,4740080.0,-55466.0,49
201000003329,10,8,21,1830,1,1,1,1.0,2.0,49223,M,4740190.0,-54166.0,49
201000003330,10,9,20,1845,2,1,1,1.0,7.0,49133,M,4721960.0,-51037.0,49
201000003331,10,9,21,1330,1,1,3,1.0,3.0,49308,M,4739090.0,-51382.0,49
201000003332,10,10,4,2315,3,1,3,8.0,3.0,49227,M,4728500.0,-47763.0,49
201000003333,10,10,5,1000,1,1,1,2.0,1.0,49345,M,4727390.0,-49043.0,49
201000003334,10,10,6,1900,1,1,1,1.0,6.0,49338,M,4737620.0,-52558.0,49
201000003335,10,11,4,745,1,1,1,2.0,6.0,49223,M,4741070.0,-58070.0,49
201000003336,10,11,6,1430,1,2,1,1.0,1.0,49223,M,4739690.0,-53510.0,49
201000003337,10,1,20,1330,1,1,3,1.0,3.0,49129,M,4750700.0,-51661.0,49
201000003338,10,1,25,800,2,2,1,1.0,3.0,49042,M,4744600.0,-41204.0,49
201000003339,10,3,13,1345,1,2,3,1.0,3.0,49323,M,4752060.0,-44680.0,49
201000003340,10,5,17,1530,1,1,1,1.0,6.0,49129,M,4749730.0,-52559.0,49
201000003341,10,5,19,1545,1,1,3,1.0,3.0,49323,M,4750370.0,-48072.0,49
201000003342,10,6,16,1800,1,2,2,1.0,2.0,49238,M,4752180.0,-44031.0,49
201000003343,10,6,25,2015,1,1,1,1.0,6.0,49241,M,4748840.0,-42308.0,49
201000003344,10,6,28,1730,1,2,1,7.0,6.0,49238,M,4755940.0,-42215.0,49
201000003345,10,7,4,630,1,1,1,1.0,6.0,49377,M,4755490.0,-44874.0,49
201000003346,10,7,8,1515,1,1,1,1.0,7.0,49032,M,4743140.0,-40106.0,49
201000003347,10,8,6,2030,1,1,1,1.0,3.0,49377,M,4755820.0,-41540.0,49
201000003348,10,10,1,1330,1,1,2,1.0,3.0,49323,M,4751560.0,-45787.0,49
201000003349,10,10,5,1145,1,1,3,8.0,3.0,49238,M,4752390.0,-50042.0,49
201000003350,10,10,15,1400,1,2,1,1.0,6.0,49129,M,4750430.0,-51809.0,49
201000003351,10,10,22,1650,1,2,1,1.0,1.0,49267,M,4747280.0,-45426.0,49
201000003352,10,11,28,1615,1,1,1,4.0,6.0,49129,M,4750170.0,-50249.0,49
201000003353,10,12,15,1835,3,1,1,1.0,4.0,49323,M,4749230.0,-49692.0,49
201000003354,10,1,9,1915,3,1,1,1.0,1.0,49068,M,4741420.0,-88257.0,49
201000003355,10,1,16,1830,5,2,1,3.0,7.0,49063,M,4735040.0,-76629.0,49
201000003356,10,2,26,2115,3,1,1,1.0,6.0,49068,M,4740350.0,-85660.0,49
201000003357,10,3,12,1615,1,1,3,1.0,2.0,49306,M,4744680.0,-68193.0,49
201000003358,10,3,27,30,3,1,1,3.0,6.0,49212,M,4737550.0,-85883.0,49
201000003359,10,5,20,740,1,2,3,1.0,3.0,49068,M,4741220.0,-84704.0,49
201000003360,10,6,2,1915,1,1,1,1.0,2.0,49082,M,4732540.0,-74086.0,49
201000003361,10,7,3,1115,1,1,3,1.0,3.0,49068,M,4741220.0,-84704.0,49
201000003362,10,7,8,1730,1,1,1,1.0,6.0,49283,M,4737380.0,-75139.0,49
201000003363,10,7,16,1330,1,2,1,1.0,1.0,49259,M,4735570.0,-66190.0,49
201000003364,10,9,1,1915,1,2,3,1.0,1.0,49160,M,4740320.0,-92385.0,49
201000003365,10,9,4,1100,1,1,3,1.0,2.0,49160,M,4741130.0,-92964.0,49
201000003366,10,9,12,1830,1,2,1,1.0,4.0,49212,M,4738950.0,-86279.0,49
201000003367,10,9,17,1730,1,1,1,1.0,3.0,49063,M,4733730.0,-75101.0,49
201000003368,10,10,9,1030,1,2,1,1.0,1.0,49283,M,4740230.0,-75967.0,49
201000003369,10,11,7,945,1,2,6,1.0,6.0,49289,M,4745500.0,-66573.0,49
201000003370,10,11,11,1855,5,2,1,2.0,6.0,49212,M,4739170.0,-86121.0,49
201000003371,10,12,11,1500,1,1,1,1.0,5.0,49283,M,4737740.0,-75221.0,49
201000003372,10,1,3,1530,1,1,1,1.0,1.0,49163,M,4755470.0,-22229.0,49
201000003373,10,1,13,1430,1,1,1,9.0,1.0,49127,M,4768130.0,-25755.0,49
201000003374,10,1,21,1045,1,1,2,5.0,3.0,49188,M,4756440.0,-29743.0,49
201000003375,10,1,27,1500,1,2,1,1.0,3.0,49110,M,4756810.0,-36284.0,49
201000003376,10,2,4,900,1,2,1,1.0,1.0,49333,M,4757480.0,-35970.0,49
201000003377,10,3,11,545,2,1,1,1.0,6.0,49333,M,4758640.0,-34627.0,49
201000003378,10,4,9,1745,1,1,1,1.0,1.0,49110,M,4753910.0,-32826.0,49
201000003379,10,5,13,1015,1,2,1,1.0,6.0,49209,M,4761480.0,-20916.0,49
201000003380,10,5,22,1245,1,1,9,1.0,2.0,49163,M,4755440.0,-21698.0,49
201000003381,10,6,11,1915,1,2,1,7.0,1.0,49127,M,4767550.0,-23899.0,49
201000003382,10,6,19,300,3,1,1,1.0,7.0,49019,M,4749460.0,-35230.0,49
201000003383,10,6,24,1115,1,1,1,1.0,7.0,49159,M,4766070.0,-27533.0,49
201000003384,10,7,9,745,1,1,1,1.0,1.0,49019,M,4752400.0,-33361.0,49
201000003385,10,9,9,1600,1,1,1,1.0,1.0,49119,M,4768370.0,-41948.0,49
201000003386,10,1,13,945,1,1,1,9.0,1.0,49006,M,4716520.0,-97919.0,49
201000003387,10,1,28,1830,3,1,1,8.0,1.0,49239,M,4724810.0,-91515.0,49
201000003388,10,3,2,1745,1,1,1,1.0,3.0,49243,M,4724070.0,-92822.0,49
201000003389,10,4,15,1845,1,1,3,1.0,3.0,49375,M,4717470.0,-104509.0,49
201000003390,10,4,20,1330,1,2,6,1.0,3.0,49092,M,4721190.0,-71992.0,49
201000003391,10,4,26,915,1,1,1,1.0,1.0,49281,M,4719200.0,-74124.0,49
201000003392,10,5,3,830,1,1,1,1.0,1.0,49111,M,4717650.0,-67128.0,49
201000003393,10,6,7,1030,1,1,1,1.0,6.0,49199,M,4718260.0,-71072.0,49
201000003394,10,6,22,1900,1,2,8,1.0,1.0,49092,M,4720870.0,-73379.0,49
201000003395,10,7,28,515,3,1,1,1.0,3.0,49092,M,4719580.0,-71381.0,49
201000003396,10,8,18,1715,1,1,2,1.0,3.0,49169,M,4731180.0,-74452.0,49
201000003397,10,8,23,2215,5,2,1,2.0,3.0,49092,M,4721560.0,-72380.0,49
201000003398,10,8,26,2115,3,1,6,1.0,6.0,49092,M,4724250.0,-70574.0,49
201000003399,10,9,9,1700,1,2,1,1.0,6.0,49023,M,4720400.0,-98299.0,49
201000003400,10,10,1,745,2,1,2,2.0,3.0,49023,M,4722020.0,-99650.0,49
201000003401,10,10,16,1900,1,1,1,1.0,6.0,49006,M,4716630.0,-93472.0,49
201000003402,10,10,11,800,2,1,1,1.0,6.0,49165,M,4716460.0,-91313.0,49
201000003403,10,2,9,530,3,1,1,4.0,6.0,49264,M,4709580.0,-101200.0,49
201000003404,10,2,14,115,3,1,1,1.0,3.0,49269,M,4702190.0,-98593.0,49
201000003405,10,4,5,130,3,1,1,1.0,7.0,49301,M,4711680.0,-96908.0,49
201000003406,10,5,2,1730,1,1,1,1.0,6.0,49258,M,4709910.0,-106096.0,49
201000003407,10,6,12,1545,1,1,2,1.0,7.0,49099,M,4709690.0,-84903.0,49
201000003408,10,6,18,1200,1,2,2,1.0,3.0,49301,M,4712170.0,-100441.0,49
201000003409,10,6,19,1930,1,1,1,1.0,3.0,49371,M,4713040.0,-70760.0,49
201000003410,10,7,4,1930,1,1,1,1.0,6.0,49058,M,4700620.0,-67642.0,49
201000003411,10,7,15,1700,1,2,1,1.0,6.0,49299,M,4709580.0,-91359.0,49
201000003412,10,7,28,2315,3,1,1,1.0,6.0,49285,M,4712860.0,-108711.0,49
201000003413,10,8,31,600,3,1,1,1.0,6.0,49355,M,4710290.0,-76175.0,49
201000003414,10,9,3,1000,1,2,1,1.0,6.0,49301,M,4712380.0,-99509.0,49
201000003415,10,9,5,1115,1,1,1,1.0,3.0,49343,M,4701900.0,-84018.0,49
201000003416,10,9,22,445,3,1,1,1.0,6.0,49299,M,4710060.0,-90721.0,49
201000003417,10,10,8,1215,1,1,3,1.0,1.0,49258,M,4712690.0,-103852.0,49
201000003418,10,11,15,1915,5,2,1,1.0,1.0,49264,M,4710270.0,-99157.0,49
201000003419,10,11,21,1145,1,2,2,2.0,3.0,49179,M,4702160.0,-106150.0,49
201000003420,10,1,9,2000,3,1,1,1.0,6.0,49145,M,4725690.0,-112885.0,49
201000003421,10,1,14,1730,1,2,1,1.0,7.0,49177,M,4734770.0,-116462.0,49
201000003422,10,2,9,1900,3,1,1,1.0,1.0,49204,M,4737280.0,-92100.0,49
201000003423,10,3,16,730,1,1,3,1.0,1.0,49069,M,4733350.0,-124708.0,49
201000003424,10,4,4,2030,1,1,1,8.0,7.0,49190,M,4735860.0,-107027.0,49
201000003425,10,4,26,1600,1,1,1,1.0,7.0,49069,M,4730500.0,-128357.0,49
201000003426,10,5,10,1400,1,1,1,1.0,7.0,49297,M,4737500.0,-95562.0,49
201000003427,10,5,28,1800,1,2,1,1.0,6.0,49126,M,4733870.0,-120760.0,49
201000003428,10,6,19,900,1,1,1,2.0,7.0,49204,M,4737070.0,-91348.0,49
201000003429,10,6,29,1830,1,1,1,1.0,1.0,49024,M,4732980.0,-92264.0,49
201000003430,10,7,30,715,1,1,1,1.0,2.0,49177,M,4731380.0,-116247.0,49
201000003431,10,9,11,2145,3,1,1,1.0,7.0,49313,M,4728500.0,-102528.0,49
201000003432,10,11,1,215,3,1,1,8.0,6.0,49137,M,4719700.0,-106200.0,49
201000003433,10,11,1,1515,1,2,1,1.0,6.0,49085,M,4720090.0,-114756.0,49
201000003434,10,12,28,1830,3,1,1,1.0,1.0,49172,M,4727560.0,-121693.0,49
201000003435,10,1,20,1915,5,2,1,8.0,1.0,49368,M,4739320.0,5486.0,49
201000003436,10,4,1,845,1,1,1,1.0,3.0,49018,M,4754770.0,-12722.0,49
201000003437,10,5,6,1900,1,2,1,1.0,2.0,49116,M,4747500.0,-10200.0,49
201000003438,10,7,2,415,3,1,1,1.0,6.0,49157,M,4751740.0,-3833.0,49
201000003439,10,7,11,2145,1,1,1,1.0,6.0,49128,M,4755100.0,-16242.0,49
201000003440,10,7,20,2140,1,1,1,1.0,6.0,49369,M,4740830.0,7832.0,49
201000003441,10,8,13,1515,1,1,1,1.0,6.0,49044,M,4746050.0,16001.0,49
201000003442,10,9,12,1845,1,1,1,1.0,1.0,49116,M,4749130.0,-10156.0,49
201000003443,10,9,26,1545,1,1,1,1.0,1.0,49101,M,4765400.0,-7272.0,49
201000003444,10,10,14,2115,3,1,1,1.0,7.0,49228,M,4746330.0,8993.0,49
201000003445,10,10,15,900,1,2,1,1.0,6.0,49372,M,4753190.0,-11801.0,49
201000003446,10,12,4,2015,3,1,1,8.0,6.0,49303,M,4757260.0,-7149.0,49
201000003447,10,1,18,845,2,2,1,5.0,6.0,49191,M,4723320.0,-42991.0,49
201000003448,10,3,17,1245,1,1,2,1.0,3.0,49121,M,4724270.0,-27774.0,49
201000003449,10,3,17,1400,1,1,1,1.0,1.0,49191,M,4723050.0,-41417.0,49
201000003450,10,3,24,1530,1,1,2,1.0,3.0,49121,M,4724270.0,-27774.0,49
201000003451,10,4,13,1730,1,2,1,1.0,1.0,49373,M,4714610.0,-52773.0,49
201000003452,10,4,22,1145,1,1,3,1.0,3.0,49373,M,4713850.0,-57027.0,49
201000003453,10,4,25,1415,1,1,3,1.0,3.0,49121,M,4725890.0,-27119.0,49
201000003454,10,5,27,1500,1,1,1,1.0,1.0,49125,M,4719550.0,-24508.0,49
201000003455,10,5,30,45,3,2,1,2.0,7.0,49125,M,4718290.0,-24846.0,49
201000003456,10,6,14,1015,1,2,1,1.0,1.0,49125,M,4719320.0,-27620.0,49
201000003457,10,7,9,1030,1,2,3,1.0,2.0,49125,M,4719030.0,-26012.0,49
201000003458,10,7,13,2000,1,2,3,1.0,3.0,49125,M,4718730.0,-27444.0,49