Num_Acc,an,mois,jour,hrmn,lum,agg,int,atm,col,com,gps,lat,long,dep
201000003459,10,9,17,630,5,2,1,1.0,6.0,49125,M,4718660.0,-27996.0,49
201000003460,10,9,21,1430,1,1,2,1.0,3.0,49356,M,4715020.0,-47701.0,49
201000003461,10,11,4,745,2,1,1,8.0,1.0,49125,M,4718060.0,-26432.0,49
201000003462,10,11,14,1930,3,1,1,1.0,2.0,49191,M,4722630.0,-43268.0,49
201000003463,10,11,24,1545,1,2,2,1.0,3.0,49325,M,4715520.0,-63527.0,49
201000003464,10,12,9,945,1,1,2,4.0,3.0,49012,M,4720720.0,-46806.0,49
201000003465,10,12,22,1730,1,1,1,2.0,4.0,49125,M,4718070.0,-26367.0,49
201000003466,10,1,19,830,2,1,1,1.0,5.0,49180,M,4736630.0,-9458.0,49
201000003467,10,1,22,1215,1,1,1,1.0,2.0,49002,M,4730010.0,-606.0,49
201000003468,10,1,29,515,3,1,1,1.0,3.0,49374,M,4725670.0,-4097.0,49
201000003469,10,3,25,1345,1,1,2,1.0,3.0,49261,M,4738950.0,-21097.0,49
201000003470,10,3,28,2030,3,1,1,1.0,6.0,49002,M,4732910.0,1701.0,49
201000003471,10,4,2,1215,1,1,1,4.0,1.0,49149,M,4732500.0,-26485.0,49
201000003472,10,4,6,1930,1,1,1,1.0,6.0,49361,M,4725200.0,4997.0,49
201000003473,10,5,9,1615,1,1,2,1.0,3.0,49261,M,4736550.0,-24096.0,49
201000003474,10,6,7,1945,1,1,2,1.0,3.0,49180,M,4740490.0,-14818.0,49
201000003475,10,6,18,1800,1,2,1,1.0,6.0,49180,M,4737270.0,-11068.0,49
201000003476,10,6,30,1900,1,2,1,1.0,2.0,49311,M,4739200.0,-4836.0,49
201000003477,10,7,5,1615,1,1,1,1.0,7.0,49002,M,4733730.0,3431.0,49
201000003478,10,7,16,1215,1,1,1,1.0,1.0,49361,M,4724760.0,-559.0,49
201000003479,10,7,16,2200,2,2,1,1.0,1.0,49378,M,4732540.0,-5514.0,49
201000003480,10,7,31,1530,1,1,1,1.0,3.0,49180,M,4737030.0,-10140.0,49
201000003481,10,8,4,1700,1,2,2,1.0,3.0,49304,M,4731090.0,-14228.0,49
201000003482,10,8,15,1830,1,1,1,1.0,7.0,49180,M,4737600.0,-22330.0,49
201000003483,10,9,2,1625,1,1,3,1.0,3.0,49346,M,4734740.0,-25417.0,49
201000003484,10,10,10,1700,1,1,4,1.0,2.0,49180,M,4742610.0,-4299.0,49
201000003485,10,10,11,1800,1,2,6,1.0,7.0,49180,M,4730780.0,-3178.0,49
201000003486,10,10,18,1415,1,1,1,1.0,1.0,49180,M,4740260.0,-11286.0,49
201000003487,10,10,30,1145,1,1,3,1.0,6.0,49180,M,4737360.0,-9833.0,49
201000003488,10,11,20,1430,1,2,1,2.0,3.0,49311,M,4738940.0,-5120.0,49
201000003489,10,11,23,1700,1,1,1,1.0,6.0,49378,M,4730450.0,-3624.0,49
201000003490,10,12,26,1930,3,1,1,1.0,2.0,49378,M,4731930.0,-4953.0,49
201000003491,10,1,29,415,3,1,1,1.0,6.0,49215,M,4718830.0,-4607.0,49
201000003492,10,2,4,1400,1,2,1,1.0,6.0,49215,M,4713190.0,-15245.0,49
201000003493,10,2,5,1245,1,1,1,1.0,3.0,49358,M,4720990.0,3449.0,49
201000003494,10,2,4,1745,1,2,1,1.0,3.0,49215,M,4712880.0,-15159.0,49
201000003495,10,4,10,1215,1,1,1,1.0,7.0,49364,M,4711680.0,-19758.0,49
201000003496,10,4,11,230,3,1,1,1.0,6.0,49215,M,4709910.0,-9318.0,49
201000003497,10,4,28,2330,5,2,2,1.0,6.0,49215,M,4713010.0,-15507.0,49
201000003498,10,5,14,515,2,2,1,1.0,6.0,49215,M,4714100.0,-15406.0,49
201000003499,10,6,5,1020,1,2,1,1.0,3.0,49215,M,4712810.0,-15119.0,49
201000003500,10,6,13,1730,1,1,1,1.0,1.0,49046,M,4718780.0,-1045.0,49
201000003501,10,7,27,1830,1,1,1,1.0,2.0,49053,M,4716800.0,-21334.0,49
201000003502,10,8,14,1100,1,1,1,1.0,1.0,49046,M,4715820.0,-4312.0,49
201000003503,10,10,22,1300,1,1,3,1.0,3.0,49215,M,4710830.0,-11178.0,49
201000003504,10,10,28,745,2,1,1,5.0,3.0,49364,M,4712050.0,-19400.0,49
201000003505,10,11,18,1645,2,1,2,1.0,3.0,49046,M,4718830.0,-4609.0,49
201000003506,10,2,18,1345,1,1,1,4.0,6.0,49036,M,4775210.0,-98312.0,49
201000003507,10,2,26,725,2,2,6,1.0,3.0,49331,M,4769710.0,-87010.0,49
201000003508,10,3,2,1930,3,1,3,1.0,3.0,49108,M,4754300.0,-95929.0,49
201000003509,10,3,19,1930,3,1,1,2.0,3.0,49161,M,4771790.0,-70913.0,49
201000003510,10,4,20,1815,1,1,2,1.0,3.0,49331,M,4771600.0,-86456.0,49
201000003511,10,5,28,1830,1,1,1,1.0,7.0,49008,M,4760220.0,-99365.0,49
201000003512,10,6,2,945,1,1,3,1.0,3.0,49187,M,4764810.0,-86053.0,49
201000003513,10,6,5,430,3,1,1,1.0,6.0,49161,M,4773930.0,-70900.0,49
201000003514,10,6,13,1030,1,2,1,1.0,6.0,49233,M,4771060.0,-91300.0,49
201000003515,10,7,2,1500,1,1,4,1.0,1.0,49331,M,4771350.0,-96795.0,49
201000003516,10,7,4,530,3,1,1,1.0,6.0,49010,M,4773230.0,-112408.0,49
201000003517,10,7,8,1415,1,1,1,1.0,1.0,49331,M,4770870.0,-84172.0,49
201000003518,10,8,20,2015,1,1,6,1.0,6.0,49233,M,4770160.0,-94279.0,49
201000003519,10,10,27,1645,1,1,1,1.0,3.0,49103,M,4771400.0,-100628.0,49
201000003520,10,1,12,1600,1,1,1,4.0,6.0,49367,M,4758990.0,-84738.0,49
201000003521,10,1,21,1730,2,1,1,8.0,1.0,49294,M,4748810.0,-66860.0,49
201000003522,10,2,5,715,3,1,1,8.0,1.0,49249,M,4754440.0,-80827.0,49
201000003523,10,2,18,930,1,1,1,4.0,7.0,49043,M,4757310.0,-78771.0,49
201000003524,10,3,27,2215,3,1,1,2.0,6.0,49183,M,4751410.0,-92662.0,49
201000003525,10,4,8,2000,1,1,1,1.0,6.0,49271,M,4753980.0,-71337.0,49
201000003526,10,4,27,1745,1,1,2,1.0,2.0,49367,M,4760290.0,-82298.0,49
201000003527,10,5,9,130,4,2,1,1.0,6.0,49183,M,4751960.0,-89560.0,49
201000003528,10,6,11,930,1,1,1,1.0,1.0,49043,M,4758920.0,-79688.0,49
201000003529,10,6,27,1,3,1,1,1.0,6.0,49183,M,4752680.0,-87317.0,49
201000003530,10,7,11,830,1,1,1,1.0,6.0,49043,M,4757850.0,-74270.0,49
201000003531,10,7,11,145,5,2,6,1.0,7.0,49026,M,4750330.0,-80146.0,49
201000003532,10,6,17,720,1,2,1,1.0,7.0,49266,M,4746750.0,-80797.0,49
201000003533,10,7,25,1745,1,1,1,1.0,6.0,49294,M,4748300.0,-68952.0,49
201000003534,10,8,29,2000,2,2,1,1.0,7.0,49294,M,4747280.0,-68544.0,49
201000003535,10,11,1,800,2,1,1,1.0,6.0,49298,M,4747990.0,-72039.0,49
201000003536,10,12,16,840,3,1,1,9.0,1.0,49271,M,4752460.0,-78187.0,49
201000003537,10,12,24,1115,1,1,2,1.0,1.0,49367,M,4760540.0,-81077.0,49
201000003538,10,3,20,1200,1,1,1,1.0,7.0,49347,M,4759780.0,-46064.0,49
201000003539,10,4,29,1030,1,1,6,1.0,3.0,49132,M,4768300.0,-43797.0,49
201000003540,10,4,28,1800,1,1,1,1.0,7.0,49090,M,4762620.0,-52794.0,49
201000003541,10,5,28,1830,1,1,1,1.0,6.0,49080,M,4768380.0,-50222.0,49
201000003542,10,6,12,1400,1,1,1,1.0,7.0,49205,M,4775170.0,-51571.0,49
201000003543,10,7,6,1530,1,1,2,1.0,3.0,49132,M,4767940.0,-44040.0,49
201000003544,10,8,9,2215,3,1,1,1.0,1.0,49065,M,4765820.0,-58777.0,49
201000003545,10,9,24,1645,1,2,1,1.0,2.0,49347,M,4761570.0,-46657.0,49
201000003546,10,10,27,1530,1,2,4,1.0,3.0,49132,M,4764890.0,-44416.0,49
201000003547,10,11,25,1715,2,2,2,1.0,1.0,49048,M,4756660.0,-50243.0,49
201000003548,10,1,9,1930,1,1,1,9.0,3.0,53119,M,4800100.0,-74200.0,53
201000003549,10,1,26,915,1,1,1,1.0,1.0,53094,M,4802900.0,-73500.0,53
201000003550,10,2,17,1315,1,1,1,1.0,1.0,53119,M,4804300.0,-76400.0,53
201000003551,10,2,28,2100,3,1,1,1.0,7.0,53011,M,0.0,0.0,53
201000003552,10,5,31,1100,1,1,2,1.0,3.0,53001,M,4804000.0,-89800.0,53
201000003553,10,6,21,1400,1,1,1,1.0,7.0,53082,M,4799100.0,-87400.0,53
201000003554,10,8,22,1730,1,1,1,1.0,7.0,53168,M,4796700.0,-79100.0,53
201000003555,10,8,23,2315,3,1,1,2.0,1.0,53119,M,4804300.0,-76400.0,53
201000003556,10,10,3,2130,5,2,1,2.0,2.0,53158,M,4800500.0,-97100.0,53
201000003557,10,12,23,1600,1,1,1,1.0,1.0,53157,M,4801100.0,-83500.0,53
201000003558,10,2,8,45,5,2,1,1.0,6.0,53152,M,0.0,0.0,53
201000003559,10,4,1,1615,1,1,3,1.0,2.0,53007,M,4811000.0,-60700.0,53
201000003560,10,4,5,1315,1,1,1,1.0,6.0,53046,M,4794100.0,-50900.0,53
201000003561,10,4,19,730,1,1,1,1.0,7.0,53267,M,4808100.0,-50400.0,53
201000003562,10,7,19,1830,1,1,1,1.0,3.0,53030,M,4795900.0,-62300.0,53
201000003563,10,8,6,1430,1,1,1,1.0,1.0,53141,M,4806800.0,-62500.0,53
201000003564,10,9,5,630,2,1,1,1.0,7.0,53056,M,4813100.0,-67100.0,53
201000003565,10,9,15,1515,1,1,2,1.0,3.0,53141,M,4806100.0,-63200.0,53
201000003566,10,9,30,730,3,1,1,1.0,3.0,53141,M,4806800.0,-62600.0,53
201000003567,10,10,8,830,1,1,1,7.0,3.0,53049,M,4815600.0,-62700.0,53
201000003568,10,2,1,1530,1,1,1,1.0,6.0,53276,M,4815600.0,-24200.0,53
201000003569,10,2,18,1745,1,2,1,1.0,6.0,53097,M,4815600.0,-40600.0,53
201000003570,10,4,25,1645,1,1,1,1.0,6.0,53276,M,4815300.0,-25800.0,53
201000003571,10,6,19,2045,1,2,1,1.0,6.0,53059,M,4811500.0,-52200.0,53
201000003572,10,6,23,1215,1,2,3,1.0,1.0,53097,M,4815200.0,-39500.0,53
201000003573,10,7,10,1515,1,2,1,1.0,6.0,53097,M,4816200.0,-41600.0,53
201000003574,10,8,31,45,3,1,1,1.0,6.0,53276,M,4812100.0,-31700.0,53
201000003575,10,9,13,1745,1,1,1,1.0,1.0,53097,M,4815400.0,-41300.0,53
201000003576,10,11,4,1330,1,2,1,1.0,6.0,53097,M,4816000.0,-40300.0,53
201000003577,10,11,15,1215,1,1,1,9.0,6.0,53205,M,4811100.0,-60400.0,53
201000003578,10,1,13,1730,1,2,1,1.0,3.0,53062,M,0.0,0.0,53
201000003579,10,2,18,900,1,1,1,4.0,7.0,53006,M,0.0,0.0,53
201000003580,10,3,13,930,1,1,1,1.0,2.0,53062,M,0.0,0.0,53
201000003581,10,3,19,1700,1,1,1,3.0,1.0,53104,M,4786400.0,-58200.0,53
201000003582,10,4,11,2230,3,1,1,1.0,2.0,53036,M,4787600.0,-49000.0,53
201000003583,10,5,2,1400,1,1,1,1.0,6.0,53210,M,4780100.0,-47500.0,53
201000003584,10,6,26,115,5,2,6,1.0,6.0,53014,M,0.0,0.0,53
201000003585,10,7,1,800,1,1,1,1.0,7.0,53037,M,0.0,0.0,53
201000003586,10,7,14,830,1,2,1,1.0,7.0,53062,M,0.0,0.0,53
201000003587,10,7,22,2130,3,2,1,1.0,7.0,53233,M,0.0,0.0,53
201000003588,10,8,10,15,3,1,1,1.0,7.0,53036,M,0.0,0.0,53
201000003589,10,8,30,1515,1,1,1,1.0,6.0,53193,M,4790800.0,-64900.0,53
201000003590,10,10,13,1415,1,2,1,1.0,3.0,53037,M,4787900.0,-39100.0,53
201000003591,10,10,14,315,3,1,1,1.0,7.0,53101,M,4788100.0,-68600.0,53
201000003592,10,10,19,1700,1,2,1,7.0,6.0,53066,M,4779300.0,-77100.0,53
201000003593,10,10,28,2200,3,1,1,1.0,6.0,53138,M,4788100.0,-61800.0,53
201000003594,10,12,16,800,2,1,1,1.0,6.0,53215,M,0.0,0.0,53
201000003595,10,2,1,700,3,1,1,9.0,4.0,53186,M,4790000.0,-77400.0,53
201000003596,10,2,18,700,3,1,1,9.0,6.0,53077,M,0.0,0.0,53
201000003597,10,3,27,1430,1,1,1,1.0,3.0,53135,M,4788900.0,-97600.0,53
201000003598,10,4,10,2000,2,2,1,1.0,7.0,53188,M,0.0,0.0,53
201000003599,10,5,8,430,3,1,9,1.0,1.0,53084,M,0.0,0.0,53
201000003600,10,5,8,2130,2,2,1,1.0,3.0,53088,M,0.0,0.0,53
201000003601,10,6,26,930,1,2,9,1.0,6.0,53077,M,0.0,0.0,53
201000003602,10,6,28,1800,1,1,1,7.0,3.0,53102,M,0.0,0.0,53
201000003603,10,7,20,1945,1,1,2,1.0,3.0,53192,M,4783700.0,-121300.0,53
201000003604,10,8,27,2215,5,2,1,1.0,1.0,53188,M,0.0,0.0,53
201000003605,10,10,8,2215,5,2,1,1.0,7.0,53186,M,0.0,0.0,53
201000003606,10,10,30,1230,1,2,9,1.0,1.0,53077,M,0.0,0.0,53
201000003607,10,11,7,1530,1,1,2,1.0,3.0,53088,M,0.0,0.0,53
201000003608,10,12,24,1315,1,1,1,1.0,1.0,53077,M,0.0,0.0,53
201000003609,10,1,29,2200,3,1,1,1.0,5.0,53146,M,4818600.0,-67500.0,53
201000003610,10,4,1,1800,1,1,1,1.0,1.0,53162,M,0.0,0.0,53
201000003611,10,5,15,1445,1,2,1,1.0,7.0,53147,M,4830200.0,-61900.0,53
201000003612,10,7,17,2130,1,1,1,1.0,6.0,53008,M,4830400.0,-58700.0,53
201000003613,10,7,31,1430,1,1,1,1.0,6.0,53219,M,4832400.0,-70100.0,53
201000003614,10,10,2,1300,1,1,1,1.0,7.0,53249,M,4821800.0,-15600.0,53
201000003615,10,11,4,1000,1,1,1,8.0,7.0,53002,M,0.0,0.0,53
201000003616,10,11,17,1715,1,1,1,9.0,5.0,53122,M,0.0,0.0,53
201000003617,10,11,29,1345,1,1,1,1.0,1.0,53146,M,4819500.0,-66900.0,53
201000003618,10,5,1,1545,1,1,1,1.0,1.0,53245,M,4829300.0,-104400.0,53
201000003619,10,6,18,1430,1,1,1,1.0,3.0,53093,M,0.0,0.0,53
201000003620,10,6,19,1745,1,2,3,1.0,1.0,53154,M,4839000.0,-98800.0,53
201000003621,10,6,20,1715,1,1,1,1.0,3.0,53181,M,4843500.0,-106600.0,53
201000003622,10,6,26,1330,1,1,1,1.0,6.0,53245,M,4826800.0,-103699.0,53
201000003623,10,9,4,1915,1,1,1,1.0,7.0,53096,M,4830300.0,-89600.0,53
201000003624,10,9,11,2000,1,1,1,1.0,1.0,53131,M,4844300.0,-80600.0,53
201000003625,10,1,20,1000,1,1,1,8.0,3.0,53112,M,4840000.0,-37700.0,53
201000003626,10,3,7,945,1,2,1,1.0,6.0,53127,M,4844300.0,-49400.0,53
201000003627,10,3,25,1930,2,1,1,1.0,1.0,53127,M,4841900.0,-49400.0,53
201000003628,10,3,28,1400,1,1,1,2.0,1.0,53111,M,4836300.0,-61000.0,53
201000003629,10,4,22,2330,3,1,1,1.0,1.0,53170,M,4835000.0,-66400.0,53
201000003630,10,5,5,245,3,1,2,1.0,3.0,53116,M,4836600.0,-45100.0,53
201000003631,10,5,29,1715,1,1,1,1.0,1.0,53144,M,4831300.0,-51300.0,53
201000003632,10,6,2,1815,1,1,1,1.0,1.0,53055,M,4841100.0,-59900.0,53
201000003633,10,8,22,1315,1,2,1,1.0,3.0,53170,M,4835900.0,-67000.0,53
201000003634,10,8,24,1145,1,1,1,1.0,1.0,53144,M,4831300.0,-51600.0,53
201000003635,10,9,13,1530,1,2,1,1.0,6.0,53127,M,4844300.0,-49500.0,53
201000003636,10,10,12,715,3,1,1,1.0,6.0,53111,M,4835200.0,-61300.0,53
201000003637,10,11,14,1845,3,1,1,8.0,2.0,53144,M,4831100.0,-50500.0,53
201000003638,10,12,10,1915,3,1,1,1.0,1.0,53003,M,4841500.0,-65100.0,53
201000003639,10,2,2,1330,1,1,1,1.0,3.0,53052,M,0.0,0.0,53
201000003640,10,3,14,1815,1,1,1,1.0,7.0,53083,M,4833400.0,-26700.0,53
201000003641,10,4,25,1315,1,1,1,1.0,6.0,53196,M,0.0,0.0,53
201000003642,10,6,4,1030,1,1,1,1.0,6.0,53121,M,4842100.0,-38200.0,53
201000003643,10,8,10,1430,1,2,1,2.0,6.0,53271,M,0.0,0.0,53
201000003644,10,9,18,1615,1,1,1,1.0,6.0,53083,M,0.0,0.0,53
201000003645,10,10,8,1300,1,1,1,1.0,1.0,53185,M,0.0,0.0,53
201000003646,10,10,12,100,3,1,1,1.0,6.0,53185,M,4847500.0,-21400.0,53
201000003647,10,10,22,2200,3,1,1,1.0,6.0,53246,M,0.0,0.0,53
201000003648,10,11,19,1915,3,1,1,2.0,1.0,53142,M,4845600.0,-36600.0,53
201000003649,10,12,5,715,2,1,9,1.0,2.0,53185,M,0.0,0.0,53
201000003650,10,3,5,955,1,2,2,1.0,5.0,01283,M,,,01
201000003651,10,3,19,1930,2,2,1,1.0,3.0,01283,M,,,01
201000003652,10,4,10,1545,1,2,1,1.0,1.0,01014,M,,,01
201000003653,10,4,17,1955,2,2,1,1.0,3.0,01014,M,,,01
201000003654,10,5,22,2015,5,1,1,1.0,2.0,01014,M,,,01
201000003655,10,6,5,1925,1,2,2,1.0,3.0,01283,M,,,01
201000003656,10,6,10,1430,1,2,1,1.0,3.0,01283,M,,,01
201000003657,10,7,5,1730,1,2,1,1.0,3.0,01283,M,,,01
201000003658,10,7,13,1810,1,2,3,1.0,2.0,01283,M,,,01
201000003659,10,7,13,1945,1,2,3,1.0,3.0,01283,M,,,01
201000003660,10,8,22,2010,1,2,1,1.0,6.0,01283,M,,,01
201000003661,10,10,3,1745,1,2,1,1.0,2.0,01014,M,,,01
201000003662,10,11,8,2005,3,1,1,2.0,1.0,01283,M,,,01
201000003663,10,11,11,1330,1,2,1,1.0,2.0,01283,M,,,01
201000003664,10,12,20,1345,1,2,3,1.0,6.0,01283,M,,,01
201000003665,10,1,13,1600,1,1,1,1.0,6.0,72118,M,0.0,0.0,72
201000003666,10,1,17,145,3,1,6,2.0,7.0,72042,M,4798100.0,54000.0,72
201000003667,10,6,23,715,1,2,2,1.0,3.0,72042,M,4797700.0,55300.0,72
201000003668,10,1,26,745,3,1,1,1.0,7.0,72358,M,4803300.0,49500.0,72
201000003669,10,2,25,1700,1,1,2,1.0,3.0,72300,M,0.0,0.0,72
201000003670,10,4,12,1800,1,2,1,1.0,3.0,72046,M,0.0,0.0,72
201000003671,10,5,15,315,5,2,1,1.0,6.0,72046,M,4801600.0,47900.0,72
201000003672,10,5,29,15,3,1,1,1.0,7.0,72386,M,4800600.0,28700.0,72
201000003673,10,6,6,200,3,1,1,1.0,7.0,72129,M,4804300.0,34300.0,72
201000003674,10,6,5,1715,1,2,1,1.0,7.0,72386,M,4802300.0,26300.0,72
201000003675,10,7,4,1900,1,1,1,1.0,7.0,72165,M,4808600.0,42600.0,72
201000003676,10,7,8,1845,1,1,1,1.0,3.0,72300,M,0.0,0.0,72
201000003677,10,7,27,1730,1,1,1,1.0,1.0,72386,M,4800600.0,25100.0,72
201000003678,10,8,5,1100,1,1,2,1.0,6.0,72386,M,4800700.0,25200.0,72
201000003679,10,8,9,545,3,1,1,1.0,1.0,72046,M,0.0,0.0,72
201000003680,10,8,29,630,2,1,1,1.0,7.0,72341,M,4802600.0,45500.0,72
201000003681,10,10,28,1745,1,2,6,1.0,3.0,72054,M,0.0,0.0,72
201000003682,10,11,1,100,3,1,1,1.0,6.0,72358,M,4803900.0,54700.0,72
201000003683,10,2,2,830,1,1,1,1.0,3.0,72026,M,4816600.0,40700.0,72
201000003684,10,4,3,1745,1,1,1,3.0,5.0,72328,M,4804700.0,25200.0,72
201000003685,10,4,2,1700,1,1,9,3.0,6.0,72217,M,4808100.0,17900.0,72
201000003686,10,4,19,1730,1,1,1,1.0,3.0,72150,M,4811500.0,20700.0,72
201000003687,10,4,29,1745,1,2,6,1.0,1.0,72205,M,0.0,0.0,72
201000003688,10,7,31,1815,1,1,1,1.0,2.0,72289,M,4815500.0,15300.0,72
201000003689,10,8,6,745,2,1,2,1.0,3.0,72275,M,4809500.0,35400.0,72
201000003690,10,8,18,2330,3,1,1,1.0,6.0,72147,M,4813100.0,20100.0,72
201000003691,10,9,6,815,1,2,1,2.0,7.0,72290,M,4815700.0,12600.0,72
201000003692,10,10,8,745,1,1,1,1.0,2.0,72217,M,4806500.0,21200.0,72
201000003693,10,10,12,730,2,1,1,1.0,3.0,72329,M,4807500.0,29200.0,72
201000003694,10,11,20,1145,1,1,1,8.0,7.0,72023,M,4819500.0,21800.0,72
201000003695,10,1,20,1445,1,1,1,1.0,7.0,72146,M,4787300.0,9000.0,72
201000003696,10,1,22,300,3,1,1,1.0,6.0,72346,M,4787700.0,1400.0,72
201000003697,10,1,31,1215,1,1,1,1.0,7.0,72075,M,4793000.0,-2100.0,72
201000003698,10,2,23,1830,3,1,1,1.0,3.0,72381,M,4791800.0,7000.0,72
201000003699,10,2,24,1900,5,2,1,3.0,6.0,72360,M,4802700.0,9500.0,72
201000003700,10,2,27,2330,3,1,1,3.0,1.0,72073,M,0.0,0.0,72
201000003701,10,3,6,1900,3,1,1,1.0,6.0,72247,M,0.0,0.0,72
201000003702,10,3,19,100,3,1,1,1.0,7.0,72344,M,4793200.0,15800.0,72
201000003703,10,4,15,1745,1,1,1,1.0,5.0,72107,M,4797400.0,-3400.0,72
201000003704,10,4,28,1715,1,1,1,1.0,3.0,72346,M,4789500.0,4300.0,72
201000003705,10,5,19,1315,1,1,1,1.0,7.0,72168,M,4800300.0,-16300.0,72
201000003706,10,5,23,615,2,1,1,1.0,6.0,72339,M,4798100.0,1200.0,72
201000003707,10,6,1,1745,1,1,1,1.0,4.0,72096,M,0.0,0.0,72
201000003708,10,6,17,2000,1,2,1,1.0,1.0,72146,M,4788300.0,14400.0,72
201000003709,10,7,26,1545,1,1,1,1.0,1.0,72253,M,4792300.0,6500.0,72
201000003710,10,8,24,1115,1,1,1,1.0,1.0,72360,M,4802300.0,13100.0,72
201000003711,10,9,6,1830,1,1,1,1.0,6.0,72096,M,4802500.0,2100.0,72
201000003712,10,9,22,730,1,1,1,1.0,1.0,72253,M,0.0,0.0,72
201000003713,10,10,14,1745,1,1,1,1.0,1.0,72253,M,0.0,0.0,72
201000003714,10,10,16,1215,1,1,2,8.0,3.0,72247,M,4798200.0,11400.0,72
201000003715,10,11,5,1645,1,1,1,1.0,3.0,72346,M,0.0,0.0,72
201000003716,10,7,14,1345,1,1,1,1.0,1.0,72084,M,4773200.0,-900.0,72
201000003717,10,9,17,730,2,2,1,5.0,3.0,72154,M,4770100.0,-7400.0,72
201000003718,10,10,6,1715,1,2,1,8.0,6.0,72154,M,4770200.0,-7000.0,72
201000003719,10,11,13,1100,1,2,1,2.0,1.0,72154,M,4770900.0,-9000.0,72
201000003720,10,11,15,1730,2,1,1,1.0,6.0,72110,M,0.0,0.0,72
201000003721,10,12,20,915,1,1,2,2.0,3.0,72154,M,4771300.0,-4200.0,72
201000003722,10,12,17,1230,1,2,6,1.0,1.0,72154,M,4770600.0,-8500.0,72
201000003723,10,1,22,1515,1,1,1,1.0,1.0,72028,M,4774500.0,39100.0,72
201000003724,10,3,1,1400,1,1,1,1.0,7.0,72376,M,4786400.0,48600.0,72
201000003725,10,6,6,530,1,1,1,1.0,7.0,72384,M,4770900.0,46600.0,72
201000003726,10,8,1,2115,2,1,1,1.0,6.0,72248,M,4783100.0,42600.0,72
201000003727,10,8,4,1200,1,2,7,1.0,1.0,72173,M,0.0,0.0,72
201000003728,10,9,11,1745,1,1,1,1.0,1.0,72161,M,0.0,0.0,72
201000003729,10,9,25,1915,1,1,1,1.0,5.0,72161,M,0.0,0.0,72
201000003730,10,10,30,2130,5,2,1,1.0,3.0,72143,M,4786800.0,47700.0,72
201000003731,10,11,3,515,5,2,1,1.0,1.0,72384,M,0.0,0.0,72
201000003732,10,1,11,1830,3,1,1,1.0,3.0,72022,M,4776900.0,-19000.0,72
201000003733,10,1,18,800,3,1,1,5.0,1.0,72050,M,4800400.0,-22100.0,72
201000003734,10,2,27,1715,1,1,1,8.0,6.0,72050,M,4798000.0,-22400.0,72
201000003735,10,6,3,2230,3,1,1,1.0,7.0,72195,M,4785300.0,2800.0,72
201000003736,10,6,25,1945,1,1,1,1.0,1.0,72274,M,4796400.0,-13900.0,72
201000003737,10,7,8,1600,1,2,1,1.0,2.0,72377,M,4776900.0,-9900.0,72
201000003738,10,8,10,1430,1,1,1,1.0,7.0,72223,M,4786500.0,-10500.0,72
201000003739,10,9,19,730,1,1,1,1.0,6.0,72195,M,4781200.0,-7300.0,72
201000003740,10,9,21,1515,1,1,1,7.0,2.0,72223,M,4787600.0,-11400.0,72
201000003741,10,11,15,2030,3,1,1,1.0,6.0,72050,M,4797800.0,-23000.0,72
201000003742,10,1,26,1730,1,1,1,1.0,1.0,72077,M,4758800.0,36300.0,72
201000003743,10,2,27,1500,1,1,2,8.0,3.0,72117,M,0.0,0.0,72
201000003744,10,2,28,500,3,1,1,6.0,2.0,72357,M,0.0,0.0,72
201000003745,10,4,3,1945,2,1,1,2.0,6.0,72049,M,4765500.0,35600.0,72
201000003746,10,4,28,2200,3,1,1,1.0,1.0,72176,M,4765400.0,13800.0,72
201000003747,10,5,15,1530,1,1,1,1.0,6.0,72182,M,4771900.0,13300.0,72
201000003748,10,5,15,1815,1,2,1,1.0,2.0,72243,M,4775900.0,19300.0,72
201000003749,10,5,20,715,1,1,2,1.0,3.0,72077,M,4759200.0,36500.0,72
201000003750,10,5,20,2100,1,1,1,1.0,6.0,72226,M,4780900.0,12200.0,72
201000003751,10,6,19,1515,1,1,1,1.0,3.0,72182,M,4776500.0,12300.0,72
201000003752,10,7,7,915,1,1,1,1.0,3.0,72291,M,4777800.0,2600.0,72
201000003753,10,7,27,1700,1,1,1,1.0,7.0,72226,M,4782300.0,9400.0,72
201000003754,10,8,1,330,3,1,1,1.0,7.0,72191,M,0.0,0.0,72
201000003755,10,8,14,1130,1,1,1,2.0,7.0,72013,M,4767900.0,31000.0,72
201000003756,10,9,3,1100,1,2,1,1.0,1.0,72182,M,4775300.0,13500.0,72
201000003757,10,9,9,2230,3,1,1,1.0,7.0,72191,M,0.0,0.0,72
201000003758,10,9,9,645,2,1,1,5.0,1.0,72175,M,4771500.0,5300.0,72
201000003759,10,9,18,1430,1,1,1,1.0,7.0,72283,M,0.0,0.0,72
201000003760,10,10,21,900,1,1,1,7.0,2.0,72051,M,0.0,0.0,72
201000003761,10,11,20,1130,1,2,1,1.0,7.0,72051,M,4783200.0,7900.0,72
201000003762,10,11,29,830,2,1,1,1.0,1.0,72357,M,4769300.0,4600.0,72
201000003763,10,12,2,1000,1,2,1,1.0,6.0,72176,M,4764900.0,15700.0,72