Num_Acc,an,mois,jour,hrmn,lum,agg,int,atm,col,com,gps,lat,long,dep
201000003764,10,12,11,1345,1,1,1,1.0,6.0,72357,M,4767800.0,5300.0,72
201000003765,10,1,22,2145,5,2,1,1.0,6.0,72264,M,4784300.0,-32400.0,72
201000003766,10,4,29,1430,1,1,1,1.0,5.0,72378,M,0.0,0.0,72
201000003767,10,5,3,1015,1,1,1,8.0,5.0,72167,M,4779400.0,-24600.0,72
201000003768,10,6,4,930,1,1,1,1.0,5.0,72378,M,4781100.0,-27400.0,72
201000003769,10,6,5,900,1,1,1,1.0,6.0,72061,M,0.0,0.0,72
201000003770,10,7,8,1015,1,1,1,1.0,6.0,72264,M,4785400.0,-35000.0,72
201000003771,10,7,17,1545,1,1,1,1.0,1.0,72061,M,4774100.0,-23400.0,72
201000003772,10,7,17,1015,1,2,1,1.0,1.0,72151,M,4786000.0,-29000.0,72
201000003773,10,7,20,930,1,1,1,1.0,2.0,72167,M,4778000.0,-23000.0,72
201000003774,10,9,23,100,5,2,1,1.0,1.0,72343,M,4783000.0,-38900.0,72
201000003775,10,10,2,2000,1,1,1,1.0,6.0,72016,M,4791300.0,-36600.0,72
201000003776,10,10,1,1830,1,1,1,2.0,6.0,72236,M,4780300.0,-35500.0,72
201000003777,10,10,4,1115,1,2,1,8.0,6.0,72264,M,4784900.0,-34500.0,72
201000003778,10,10,7,915,1,1,1,1.0,2.0,72378,M,4780200.0,-26000.0,72
201000003779,10,1,4,1730,2,2,1,1.0,1.0,72188,M,0.0,0.0,72
201000003780,10,3,13,1100,1,1,1,8.0,1.0,72202,M,4828900.0,34700.0,72
201000003781,10,4,2,1615,1,1,1,1.0,1.0,72295,M,4835700.0,34600.0,72
201000003782,10,7,4,1700,1,1,1,1.0,1.0,72316,M,4833100.0,38700.0,72
201000003783,10,7,9,1645,1,1,1,1.0,6.0,72276,M,4826400.0,44900.0,72
201000003784,10,7,15,1615,1,1,1,1.0,7.0,72189,M,4825000.0,35900.0,72
201000003785,10,7,16,1730,1,2,1,1.0,1.0,72116,M,0.0,0.0,72
201000003786,10,9,1,1830,1,1,1,1.0,1.0,72220,M,0.0,0.0,72
201000003787,10,9,13,2315,3,1,1,1.0,6.0,72189,M,4826400.0,32300.0,72
201000003788,10,10,1,2230,3,1,1,3.0,3.0,72201,M,4827100.0,34500.0,72
201000003789,10,12,5,1230,1,2,1,8.0,1.0,72189,M,0.0,0.0,72
201000003790,10,1,10,1045,1,2,1,4.0,6.0,72020,M,4823100.0,67900.0,72
201000003791,10,2,2,45,3,1,1,9.0,7.0,72062,M,4822100.0,60000.0,72
201000003792,10,4,8,1715,1,2,1,1.0,6.0,72080,M,4817600.0,66200.0,72
201000003793,10,4,26,945,1,1,1,1.0,7.0,72375,M,0.0,0.0,72
201000003794,10,5,19,1845,1,2,1,1.0,3.0,72038,M,0.0,0.0,72
201000003795,10,6,14,1845,1,1,1,1.0,3.0,72062,M,0.0,0.0,72
201000003796,10,6,15,715,1,1,1,8.0,2.0,72363,M,0.0,0.0,72
201000003797,10,7,13,130,3,1,1,1.0,6.0,72040,M,0.0,0.0,72
201000003798,10,7,15,800,1,1,1,1.0,1.0,72080,M,4815200.0,63200.0,72
201000003799,10,7,23,1215,1,1,1,1.0,1.0,72132,M,4819000.0,60900.0,72
201000003800,10,8,3,1445,1,2,7,1.0,6.0,72363,M,0.0,0.0,72
201000003801,10,8,6,1630,1,1,1,1.0,3.0,72172,M,4807500.0,57400.0,72
201000003802,10,9,12,2230,3,1,1,1.0,7.0,72132,M,4818300.0,66900.0,72
201000003803,10,9,14,1915,1,1,1,1.0,3.0,72156,M,4810700.0,71900.0,72
201000003804,10,10,5,1045,1,1,1,8.0,2.0,72193,M,4808300.0,77100.0,72
201000003805,10,10,8,1845,1,2,1,7.0,3.0,72132,M,0.0,0.0,72
201000003806,10,10,11,1645,1,1,1,1.0,3.0,72093,M,4818000.0,68000.0,72
201000003807,10,12,14,1345,1,1,9,1.0,1.0,72375,M,4816000.0,71200.0,72
201000003808,10,2,2,1645,1,1,3,1.0,3.0,72006,M,4839900.0,6000.0,72
201000003809,10,2,16,115,4,1,1,1.0,7.0,72212,M,4835600.0,-1900.0,72
201000003810,10,2,19,130,3,1,1,2.0,6.0,72056,M,4839400.0,12000.0,72
201000003811,10,2,28,715,2,1,1,6.0,6.0,72006,M,4839400.0,9000.0,72
201000003812,10,3,27,2015,3,1,1,2.0,5.0,72337,M,4831700.0,-5300.0,72
201000003813,10,3,28,1100,1,1,1,1.0,3.0,72011,M,4830000.0,1600.0,72
201000003814,10,4,23,1215,1,1,1,1.0,1.0,72209,M,4825600.0,-2300.0,72
201000003815,10,6,17,1600,1,1,1,1.0,6.0,72137,M,0.0,0.0,72
201000003816,10,7,1,2315,3,2,1,1.0,1.0,72006,M,4840100.0,9200.0,72
201000003817,10,7,21,1300,1,1,1,2.0,7.0,72332,M,4820800.0,800.0,72
201000003818,10,8,4,1245,1,1,1,1.0,3.0,72235,M,4826700.0,11300.0,72
201000003819,10,8,11,615,2,1,1,1.0,7.0,72186,M,0.0,0.0,72
201000003820,10,8,21,630,1,1,1,1.0,1.0,72152,M,0.0,0.0,72
201000003821,10,2,3,730,5,1,1,2.0,6.0,85135,M,0.0,0.0,85
201000003822,10,2,21,700,2,1,1,1.0,6.0,85135,M,0.0,0.0,85
201000003823,10,3,21,1500,1,1,1,1.0,5.0,85093,M,0.0,0.0,85
201000003824,10,5,28,1115,1,1,1,1.0,3.0,85135,M,4652487.0,-120651.0,85
201000003825,10,5,31,930,1,1,1,2.0,2.0,85046,M,0.0,0.0,85
201000003826,10,6,25,1545,1,1,1,1.0,6.0,85069,M,4662205.0,-151270.0,85
201000003827,10,6,26,1130,1,1,1,1.0,1.0,85213,M,0.0,0.0,85
201000003828,10,7,8,1545,1,1,1,1.0,2.0,85008,M,0.0,0.0,85
201000003829,10,7,10,215,3,1,1,1.0,6.0,85213,M,0.0,0.0,85
201000003830,10,7,25,1100,1,1,1,1.0,2.0,85046,M,0.0,0.0,85
201000003831,10,8,21,800,1,1,1,5.0,6.0,85073,M,0.0,0.0,85
201000003832,10,8,24,1400,1,1,1,1.0,1.0,85036,M,0.0,0.0,85
201000003833,10,10,1,1800,1,1,1,2.0,1.0,85157,M,0.0,0.0,85
201000003834,10,11,19,1015,1,1,2,2.0,3.0,85175,M,0.0,0.0,85
201000003835,10,11,19,1915,3,1,1,1.0,7.0,85171,M,0.0,0.0,85
201000003836,10,12,4,2115,3,1,1,2.0,6.0,85069,M,4665018.0,-146632.0,85
201000003837,10,3,18,1700,1,1,1,1.0,6.0,85246,M,0.0,0.0,85
201000003838,10,3,19,1515,1,1,1,3.0,1.0,85089,M,0.0,0.0,85
201000003839,10,4,16,1400,1,1,1,1.0,7.0,85084,M,0.0,0.0,85
201000003840,10,4,19,1800,1,1,1,1.0,2.0,85084,M,0.0,0.0,85
201000003841,10,4,18,1930,1,1,1,1.0,2.0,85084,M,0.0,0.0,85
201000003842,10,4,27,100,3,1,1,1.0,6.0,85084,M,0.0,0.0,85
201000003843,10,5,14,30,4,2,1,1.0,6.0,85276,M,0.0,0.0,85
201000003844,10,5,11,1800,1,2,1,1.0,3.0,85034,M,0.0,0.0,85
201000003845,10,6,9,1415,1,1,1,3.0,2.0,85051,M,0.0,0.0,85
201000003846,10,6,26,1815,1,2,6,1.0,7.0,85051,M,0.0,0.0,85
201000003847,10,7,2,1200,1,1,1,1.0,3.0,85165,M,0.0,0.0,85
201000003848,10,7,13,1500,1,1,1,1.0,1.0,85051,M,0.0,0.0,85
201000003849,10,8,22,2315,5,2,1,1.0,6.0,85089,M,0.0,0.0,85
201000003850,10,9,3,1745,1,1,3,1.0,3.0,85051,M,0.0,0.0,85
201000003851,10,9,6,1830,1,1,1,2.0,3.0,85084,M,0.0,0.0,85
201000003852,10,9,15,1715,1,1,1,1.0,1.0,85266,M,0.0,0.0,85
201000003853,10,9,18,1600,1,2,1,1.0,3.0,85084,M,0.0,0.0,85
201000003854,10,9,19,945,1,1,1,7.0,3.0,85030,M,0.0,0.0,85
201000003855,10,9,29,1400,1,1,1,1.0,3.0,85153,M,0.0,0.0,85
201000003856,10,11,14,2100,3,1,1,1.0,1.0,85034,M,0.0,0.0,85
201000003857,10,11,29,1745,5,2,1,1.0,1.0,85084,M,0.0,0.0,85
201000003858,10,12,5,915,1,2,1,1.0,2.0,85051,M,0.0,0.0,85
201000003859,10,1,23,700,3,1,1,2.0,6.0,85109,M,0.0,0.0,85
201000003860,10,1,26,1830,5,2,1,1.0,3.0,85215,M,4685777.0,-117274.0,85
201000003861,10,2,2,2045,5,1,2,2.0,3.0,85153,M,0.0,0.0,85
201000003862,10,3,2,1800,1,2,1,1.0,3.0,85215,M,0.0,0.0,85
201000003863,10,3,8,1700,1,2,1,1.0,2.0,85301,M,0.0,0.0,85
201000003864,10,4,23,1330,1,2,1,1.0,3.0,85242,M,0.0,0.0,85
201000003865,10,5,2,200,5,2,1,1.0,6.0,85242,M,4686266.0,-92626.0,85
201000003866,10,5,22,2345,3,1,1,1.0,6.0,85109,M,0.0,0.0,85
201000003867,10,6,5,145,3,1,1,1.0,6.0,85109,M,0.0,0.0,85
201000003868,10,6,15,1730,1,1,1,1.0,1.0,85215,M,0.0,0.0,85
201000003869,10,7,2,2330,5,1,1,1.0,1.0,85196,M,0.0,0.0,85
201000003870,10,7,4,1030,1,1,1,1.0,2.0,85013,M,0.0,0.0,85
201000003871,10,7,7,415,5,2,1,1.0,6.0,85109,M,4685635.0,-102011.0,85
201000003872,10,7,10,2045,1,1,1,7.0,6.0,85109,M,0.0,0.0,85
201000003873,10,7,13,345,3,1,1,1.0,1.0,85109,M,0.0,0.0,85
201000003874,10,7,30,1815,1,1,1,1.0,2.0,85082,M,0.0,0.0,85
201000003875,10,8,8,600,2,1,1,1.0,6.0,85144,M,0.0,0.0,85
201000003876,10,8,8,2230,3,1,1,1.0,1.0,85065,M,0.0,0.0,85
201000003877,10,8,12,2345,3,1,1,1.0,6.0,85064,M,0.0,0.0,85
201000003878,10,8,20,1800,1,1,1,1.0,3.0,85153,M,0.0,0.0,85
201000003879,10,9,15,1045,1,1,1,1.0,2.0,85017,M,0.0,0.0,85
201000003880,10,9,18,1115,1,1,2,1.0,3.0,85064,M,0.0,0.0,85
201000003881,10,9,23,1930,2,1,1,3.0,1.0,85109,M,0.0,0.0,85
201000003882,10,11,2,1530,1,1,1,2.0,6.0,85038,M,0.0,0.0,85
201000003883,10,12,9,1330,1,1,1,1.0,6.0,85109,M,0.0,0.0,85
201000003884,10,12,29,1230,1,1,1,1.0,1.0,85109,M,0.0,0.0,85
201000003885,10,1,6,2000,3,1,1,4.0,6.0,85039,M,0.0,0.0,85
201000003886,10,3,3,1900,2,1,2,1.0,3.0,85272,M,0.0,0.0,85
201000003887,10,4,19,2100,3,2,1,1.0,6.0,85190,M,0.0,0.0,85
201000003888,10,5,21,15,3,1,2,1.0,2.0,85217,M,0.0,0.0,85
201000003889,10,6,7,800,1,1,1,7.0,3.0,85027,M,0.0,0.0,85
201000003890,10,11,6,1015,1,1,1,8.0,2.0,85217,M,0.0,0.0,85
201000003891,10,11,15,1045,1,2,1,1.0,6.0,85146,M,0.0,0.0,85
201000003892,10,7,5,1300,1,2,1,1.0,1.0,85151,M,4699108.0,-93656.0,85
201000003893,10,7,11,1600,1,1,1,1.0,2.0,85151,M,0.0,0.0,85
201000003894,10,8,22,330,5,2,1,8.0,6.0,85151,M,4698482.0,-94800.0,85
201000003895,10,11,14,900,1,2,1,8.0,1.0,85151,M,0.0,0.0,85
201000003896,10,1,10,1645,1,2,1,1.0,6.0,85003,M,0.0,0.0,85
201000003897,10,2,19,2130,3,1,1,1.0,7.0,85015,M,0.0,0.0,85
201000003898,10,3,5,1515,1,1,6,1.0,6.0,85178,M,0.0,0.0,85
201000003899,10,3,6,2045,3,1,1,1.0,6.0,85129,M,0.0,0.0,85
201000003900,10,3,19,1645,1,2,1,3.0,3.0,85155,M,4672770.0,-146556.0,85
201000003901,10,4,1,1315,1,2,1,1.0,2.0,85003,M,0.0,0.0,85
201000003902,10,5,30,315,3,1,1,2.0,1.0,85129,M,4684531.0,-151095.0,85
201000003903,10,6,5,1945,1,1,1,1.0,7.0,85300,M,0.0,0.0,85
201000003904,10,7,10,1945,1,1,1,1.0,6.0,85129,M,4685097.0,-152597.0,85
201000003905,10,7,31,1015,1,1,1,1.0,1.0,85129,M,0.0,0.0,85
201000003906,10,8,15,630,4,2,6,1.0,6.0,85003,M,0.0,0.0,85
201000003907,10,8,17,1845,1,1,1,1.0,2.0,85003,M,0.0,0.0,85
201000003908,10,8,31,1745,1,1,1,1.0,3.0,85015,M,0.0,0.0,85
201000003909,10,9,6,1800,1,2,1,1.0,6.0,85178,M,0.0,0.0,85
201000003910,10,9,14,1815,1,2,1,7.0,6.0,85300,M,4668575.0,-150925.0,85
201000003911,10,10,23,1945,3,1,1,2.0,1.0,85129,M,0.0,0.0,85
201000003912,10,11,13,845,1,1,1,2.0,6.0,85300,M,0.0,0.0,85
201000003913,10,12,19,15,3,1,1,2.0,6.0,85003,M,0.0,0.0,85
201000003914,10,3,2,1215,1,2,1,1.0,6.0,85092,M,4646366.0,-79854.0,85
201000003915,10,3,15,1600,1,1,1,1.0,2.0,85092,M,0.0,0.0,85
201000003916,10,3,24,730,1,1,1,1.0,7.0,85281,M,0.0,0.0,85
201000003917,10,4,19,1800,1,2,1,1.0,3.0,85092,M,4645800.0,-82482.0,85
201000003918,10,5,7,1615,1,1,3,1.0,3.0,85177,M,0.0,0.0,85
201000003919,10,6,18,1815,1,2,6,1.0,3.0,85092,M,4646482.0,-81779.0,85
201000003920,10,6,21,1915,1,2,1,1.0,2.0,85092,M,0.0,0.0,85
201000003921,10,7,13,1745,1,2,1,1.0,6.0,85092,M,4645907.0,-80008.0,85
201000003922,10,8,15,1700,1,2,1,1.0,2.0,85091,M,4642676.0,-81428.0,85
201000003923,10,9,18,2045,3,1,1,1.0,1.0,85091,M,0.0,0.0,85
201000003924,10,9,25,630,5,2,1,1.0,6.0,85092,M,4647144.0,-79206.0,85
201000003925,10,11,28,615,3,1,1,1.0,7.0,85158,M,0.0,0.0,85
201000003926,10,12,9,1515,1,1,1,7.0,2.0,85299,M,0.0,0.0,85
201000003927,10,3,25,1500,1,2,1,1.0,6.0,85297,M,0.0,0.0,85
201000003928,10,5,8,745,1,1,1,1.0,1.0,85185,M,0.0,0.0,85
201000003929,10,5,26,1545,1,2,1,8.0,1.0,85128,M,0.0,0.0,85
201000003930,10,6,15,915,1,2,1,1.0,6.0,85128,M,4645490.0,-116711.0,85
201000003931,10,6,18,2030,1,2,1,3.0,3.0,85128,M,0.0,0.0,85
201000003932,10,6,20,1930,1,1,1,1.0,3.0,85297,M,0.0,0.0,85
201000003933,10,7,15,1315,1,1,1,1.0,2.0,85149,M,0.0,0.0,85
201000003934,10,7,20,1615,1,1,1,1.0,1.0,85049,M,0.0,0.0,85
201000003935,10,8,18,400,3,1,1,2.0,6.0,85104,M,0.0,0.0,85
201000003936,10,9,18,1515,1,2,1,1.0,1.0,85216,M,0.0,0.0,85
201000003937,10,10,2,930,1,1,1,1.0,1.0,85267,M,0.0,0.0,85
201000003938,10,10,22,1500,1,2,1,1.0,3.0,85128,M,4645504.0,-116627.0,85
201000003939,10,11,20,2100,5,2,1,2.0,6.0,85255,M,4635001.0,-126179.0,85
201000003940,10,12,28,1715,1,1,1,1.0,7.0,85040,M,0.0,0.0,85
201000003941,10,2,27,1815,2,2,1,2.0,1.0,85303,M,0.0,0.0,85
201000003942,10,3,6,1530,1,1,1,1.0,1.0,85020,M,4636435.0,-61217.0,85
201000003943,10,4,14,430,4,2,1,1.0,3.0,85158,M,0.0,0.0,85
201000003944,10,4,24,1800,2,1,1,1.0,3.0,85181,M,0.0,0.0,85
201000003945,10,5,6,2245,5,2,1,1.0,6.0,85181,M,0.0,0.0,85
201000003946,10,5,9,1100,1,1,1,1.0,3.0,85265,M,0.0,0.0,85
201000003947,10,5,15,30,3,1,1,1.0,6.0,85158,M,4643777.0,-98148.0,85
201000003948,10,5,24,815,1,1,1,1.0,5.0,85158,M,0.0,0.0,85
201000003949,10,6,19,1400,1,1,1,8.0,6.0,85227,M,4643080.0,-64299.0,85
201000003950,10,6,30,830,1,1,1,1.0,7.0,85256,M,0.0,0.0,85
201000003951,10,7,8,1030,1,1,1,1.0,3.0,85174,M,0.0,0.0,85
201000003952,10,7,23,1245,1,1,1,1.0,3.0,85265,M,0.0,0.0,85
201000003953,10,9,21,2000,2,1,2,1.0,3.0,85306,M,4644200.0,-69800.0,85
201000003954,10,10,5,1730,1,1,1,3.0,1.0,85227,M,0.0,0.0,85
201000003955,10,10,5,1030,1,2,1,2.0,6.0,85159,M,0.0,0.0,85
201000003956,10,10,28,2015,5,2,1,1.0,6.0,85181,M,0.0,0.0,85
201000003957,10,12,13,930,1,1,1,9.0,1.0,85159,M,0.0,0.0,85
201000003958,10,2,3,1545,1,1,1,1.0,1.0,85147,M,0.0,0.0,85
201000003959,10,2,8,1645,1,1,1,1.0,1.0,85147,M,0.0,0.0,85
201000003960,10,2,10,1400,1,2,6,1.0,1.0,85182,M,0.0,0.0,85
201000003961,10,3,20,830,1,1,1,3.0,6.0,85182,M,0.0,0.0,85
201000003962,10,4,3,2245,5,2,1,1.0,6.0,85063,M,4685771.0,-82224.0,85
201000003963,10,4,9,1845,2,2,2,1.0,3.0,85059,M,4664501.0,-73378.0,85
201000003964,10,4,12,1115,1,1,1,1.0,3.0,85005,M,0.0,0.0,85
201000003965,10,4,16,1700,1,1,1,1.0,2.0,85254,M,0.0,0.0,85
201000003966,10,4,17,500,3,1,1,1.0,6.0,85154,M,0.0,0.0,85
201000003967,10,5,21,1915,1,1,1,1.0,1.0,85031,M,0.0,0.0,85
201000003968,10,7,8,1545,1,1,1,1.0,6.0,85041,M,0.0,0.0,85
201000003969,10,9,26,1315,1,1,1,1.0,6.0,85014,M,0.0,0.0,85
201000003970,10,9,28,2030,3,1,1,1.0,5.0,85289,M,0.0,0.0,85
201000003971,10,11,26,2230,3,1,1,1.0,1.0,85187,M,0.0,0.0,85
201000003972,10,12,16,900,1,1,1,8.0,6.0,85140,M,0.0,0.0,85
201000003973,10,12,29,800,3,1,1,1.0,3.0,85257,M,0.0,0.0,85
201000003974,10,1,3,1330,1,2,1,1.0,1.0,85204,M,0.0,0.0,85
201000003975,10,1,18,845,1,1,1,9.0,7.0,85169,M,0.0,0.0,85
201000003976,10,1,25,1200,1,1,1,1.0,1.0,85210,M,0.0,0.0,85
201000003977,10,2,16,1600,1,1,1,7.0,6.0,85102,M,0.0,0.0,85
201000003978,10,2,26,615,3,1,1,1.0,2.0,85096,M,4689400.0,-188800.0,85
201000003979,10,3,19,1800,3,1,1,8.0,1.0,85096,M,0.0,0.0,85
201000003980,10,4,8,1715,1,2,1,1.0,1.0,85169,M,0.0,0.0,85
201000003981,10,4,11,1330,1,1,6,1.0,3.0,85047,M,4682763.0,-187378.0,85
201000003982,10,4,24,2030,1,2,1,1.0,1.0,85086,M,0.0,0.0,85
201000003983,10,5,7,1330,1,1,3,1.0,3.0,85024,M,0.0,0.0,85
201000003984,10,6,6,1545,1,1,1,1.0,1.0,85024,M,4698389.0,-192428.0,85
201000003985,10,6,7,1745,1,2,1,1.0,3.0,85047,M,0.0,0.0,85
201000003986,10,6,8,630,2,1,1,1.0,7.0,85095,M,0.0,0.0,85
201000003987,10,8,15,145,3,1,1,1.0,6.0,85204,M,0.0,0.0,85
201000003988,10,8,24,1345,1,1,1,1.0,6.0,85096,M,0.0,0.0,85
201000003989,10,9,5,1215,1,1,1,1.0,1.0,85006,M,0.0,0.0,85
201000003990,10,9,6,815,1,2,6,1.0,3.0,85047,M,4684850.0,-187847.0,85
201000003991,10,9,17,800,1,1,2,7.0,3.0,85047,M,0.0,0.0,85
201000003992,10,9,24,1730,1,2,1,1.0,1.0,85047,M,0.0,0.0,85
201000003993,10,9,28,900,1,1,1,1.0,1.0,85047,M,0.0,0.0,85
201000003994,10,11,24,1615,1,1,1,1.0,1.0,85130,M,0.0,0.0,85
201000003995,10,12,10,2145,5,2,1,1.0,3.0,85047,M,4684921.0,-187357.0,85
201000003996,10,3,6,445,5,2,1,1.0,6.0,85113,M,4672343.0,-235552.0,85
201000003997,10,1,6,900,1,1,1,4.0,2.0,85016,M,0.0,0.0,85
201000003998,10,1,26,1945,3,1,1,1.0,3.0,85250,M,4656688.0,-170352.0,85
201000003999,10,2,2,1845,3,1,1,1.0,1.0,85118,M,0.0,0.0,85
201000004000,10,2,21,745,1,1,1,1.0,6.0,85211,M,0.0,0.0,85
201000004001,10,4,5,1030,1,1,1,1.0,3.0,85298,M,0.0,0.0,85
201000004002,10,5,13,930,1,1,1,1.0,2.0,85250,M,4658400.0,-169700.0,85
201000004003,10,7,3,845,1,1,1,1.0,3.0,85118,M,0.0,0.0,85
201000004004,10,7,23,2230,2,1,1,1.0,3.0,85236,M,0.0,0.0,85
201000004005,10,8,8,1000,1,1,6,1.0,3.0,85250,M,0.0,0.0,85
201000004006,10,8,7,2245,3,1,1,1.0,7.0,85002,M,0.0,0.0,85
201000004007,10,8,27,2230,3,1,1,1.0,6.0,85099,M,4657576.0,-156270.0,85
201000004008,10,11,14,2215,3,1,1,8.0,2.0,85236,M,0.0,0.0,85
201000004009,10,12,11,530,1,1,1,9.0,6.0,85211,M,0.0,0.0,85
201000004010,10,7,27,1630,1,2,1,1.0,6.0,85163,M,0.0,0.0,85
201000004011,10,9,30,2015,5,1,6,1.0,7.0,85083,M,0.0,0.0,85
201000004012,10,1,13,1045,1,2,1,1.0,5.0,85222,M,0.0,0.0,85
201000004013,10,2,14,45,3,1,1,1.0,3.0,85120,M,0.0,0.0,85
201000004014,10,2,20,2000,3,1,1,2.0,6.0,85071,M,0.0,0.0,85
201000004015,10,3,16,1715,1,2,1,1.0,6.0,85002,M,0.0,0.0,85
201000004016,10,4,11,1815,1,1,1,1.0,5.0,85243,M,0.0,0.0,85
201000004017,10,4,17,1545,1,2,1,1.0,6.0,85222,M,4669994.0,-194830.0,85
201000004018,10,4,29,2015,2,1,1,1.0,1.0,85226,M,0.0,0.0,85
201000004019,10,5,17,1500,1,1,1,1.0,1.0,85226,M,0.0,0.0,85
201000004020,10,7,10,1530,1,2,1,1.0,1.0,85222,M,0.0,0.0,85
201000004021,10,7,11,1245,1,2,1,1.0,1.0,85243,M,4662070.0,-180547.0,85
201000004022,10,7,13,2015,1,1,3,1.0,3.0,85071,M,0.0,0.0,85
201000004023,10,8,2,2045,1,2,6,1.0,3.0,85222,M,0.0,0.0,85
201000004024,10,8,8,1000,1,1,1,1.0,3.0,85243,M,0.0,0.0,85
201000004025,10,8,24,2245,5,2,1,1.0,6.0,85243,M,4660528.0,-183289.0,85
201000004026,10,8,29,1830,1,1,1,1.0,5.0,85070,M,0.0,0.0,85
201000004027,10,9,6,1545,1,2,6,2.0,2.0,85226,M,4670977.0,-196097.0,85
201000004028,10,9,18,1845,1,1,1,1.0,1.0,85100,M,4669023.0,-187731.0,85
201000004029,10,10,7,1515,1,2,1,1.0,3.0,85071,M,0.0,0.0,85
201000004030,10,11,20,1045,1,1,1,2.0,6.0,85002,M,0.0,0.0,85
201000004031,10,12,3,1645,1,1,1,8.0,6.0,85035,M,0.0,0.0,85
201000004032,10,1,31,1230,1,1,1,1.0,3.0,85029,M,0.0,0.0,85
201000004033,10,5,13,1930,1,2,1,1.0,1.0,85234,M,0.0,0.0,85
201000004034,10,6,8,1645,1,1,1,1.0,6.0,85012,M,0.0,0.0,85
201000004035,10,6,23,1400,1,1,1,1.0,1.0,85234,M,0.0,0.0,85
201000004036,10,7,16,1645,1,1,1,1.0,5.0,85234,M,0.0,0.0,85
201000004037,10,8,1,1500,1,2,1,1.0,3.0,85234,M,4678637.0,-206486.0,85
201000004038,10,8,4,530,3,1,1,1.0,6.0,85172,M,0.0,0.0,85
201000004039,10,8,4,515,5,2,1,1.0,3.0,85234,M,0.0,0.0,85
201000004040,10,8,5,1445,1,1,1,1.0,1.0,85284,M,0.0,0.0,85
201000004041,10,8,21,1915,1,1,1,1.0,1.0,85012,M,0.0,0.0,85
201000004042,10,8,29,1145,1,2,1,1.0,3.0,85012,M,0.0,0.0,85
201000004043,10,8,31,1200,1,1,1,1.0,1.0,85029,M,0.0,0.0,85
201000004044,10,11,21,1730,2,2,1,2.0,1.0,85234,M,4676268.0,-198904.0,85
201000004045,10,1,11,1730,2,1,1,1.0,7.0,85288,M,0.0,0.0,85
201000004046,10,4,18,415,3,1,1,1.0,7.0,85288,M,0.0,0.0,85
201000004047,10,4,19,1715,1,2,6,1.0,3.0,85127,M,0.0,0.0,85
201000004048,10,5,12,1815,1,2,1,1.0,3.0,85026,M,0.0,0.0,85
201000004049,10,5,15,745,1,1,1,1.0,6.0,85101,M,0.0,0.0,85
201000004050,10,7,6,1830,1,1,2,1.0,3.0,85214,M,0.0,0.0,85
201000004051,10,7,17,1415,1,1,1,1.0,6.0,85288,M,0.0,0.0,85
201000004052,10,8,4,1145,1,1,1,1.0,3.0,85294,M,4637356.0,-146220.0,85
201000004053,10,8,11,1145,1,1,1,8.0,1.0,85050,M,0.0,0.0,85
201000004054,10,8,13,915,1,2,1,1.0,2.0,85127,M,4641238.0,-153164.0,85
201000004055,10,8,27,1645,1,2,1,1.0,2.0,85114,M,4642046.0,-157565.0,85
201000004056,10,9,9,2330,3,1,1,1.0,6.0,85004,M,0.0,0.0,85
201000004057,10,10,27,2110,3,1,1,1.0,6.0,85277,M,0.0,0.0,85
201000004058,10,12,18,545,3,1,1,4.0,6.0,85206,M,0.0,0.0,85
201000004059,10,1,29,930,1,2,1,2.0,1.0,33260,M,4445400.0,-97100.0,33
201000004060,10,2,6,1345,1,2,1,1.0,3.0,33498,M,4456100.0,-87100.0,33
201000004061,10,7,17,200,3,1,1,1.0,3.0,33498,M,4450400.0,-87800.0,33
201000004062,10,8,17,2230,3,1,1,1.0,6.0,33498,M,4457600.0,-88200.0,33
201000004063,10,9,8,1730,1,2,1,1.0,3.0,33498,M,4455500.0,-86700.0,33
201000004064,10,11,24,1330,1,1,1,1.0,2.0,33029,M,4467500.0,-73000.0,33
201000004065,10,12,9,1815,5,2,1,1.0,1.0,33498,M,4455200.0,-87200.0,33
201000004066,10,1,8,1715,1,2,1,1.0,6.0,33051,M,0.0,0.0,33
201000004067,10,3,8,900,1,2,1,1.0,3.0,33019,M,0.0,0.0,33
201000004068,10,7,12,1730,1,1,3,1.0,3.0,33284,M,0.0,0.0,33
201000004069,10,8,5,930,1,1,6,1.0,5.0,33555,M,0.0,0.0,33
201000004070,10,2,15,2115,4,1,9,1.0,5.0,33312,M,4496400.0,-62600.0,33
201000004071,10,3,17,1845,1,1,1,1.0,1.0,33519,M,4490600.0,-68400.0,33
201000004072,10,4,3,1230,1,2,1,8.0,4.0,33056,M,0.0,0.0,33
201000004073,10,5,14,1015,1,2,1,1.0,6.0,33056,M,0.0,0.0,33
201000004074,10,6,10,745,1,2,9,3.0,6.0,33519,M,4490700.0,-65000.0,33
201000004075,10,6,21,715,1,1,1,1.0,5.0,33519,M,0.0,0.0,33
201000004076,10,7,4,2115,1,2,1,1.0,5.0,33056,M,4495100.0,-58900.0,33
201000004077,10,7,28,1600,1,1,1,1.0,3.0,33056,M,0.0,0.0,33
201000004078,10,10,6,845,1,1,1,1.0,6.0,33056,M,0.0,0.0,33
201000004079,10,10,18,730,5,2,1,1.0,6.0,33056,M,0.0,0.0,33
201000004080,10,10,31,1115,1,2,1,1.0,3.0,33056,M,4492100.0,-62500.0,33
201000004081,10,11,15,745,2,2,1,1.0,1.0,33519,M,0.0,0.0,33
201000004082,10,11,29,815,2,1,1,9.0,1.0,33519,M,0.0,0.0,33
201000004083,10,12,6,1730,3,2,1,3.0,5.0,33519,M,0.0,0.0,33
201000004084,10,12,18,830,1,1,1,2.0,6.0,33056,M,0.0,0.0,33
201000004085,10,3,5,1645,1,2,1,1.0,3.0,33162,M,0.0,0.0,33
201000004086,10,5,8,1145,1,2,1,1.0,7.0,33162,M,0.0,0.0,33
201000004087,10,5,13,1045,1,2,1,1.0,3.0,33162,M,0.0,0.0,33
201000004088,10,6,4,1630,1,2,1,1.0,6.0,33162,M,0.0,0.0,33
201000004089,10,6,12,1830,1,2,1,1.0,6.0,33162,M,0.0,0.0,33
201000004090,10,10,9,1600,1,2,1,1.0,3.0,33162,M,0.0,0.0,33
201000004091,10,10,11,1645,1,2,2,1.0,1.0,33162,M,0.0,0.0,33
201000004092,10,11,9,2145,5,2,3,3.0,3.0,33162,M,0.0,0.0,33