Num_Acc,an,mois,jour,hrmn,lum,agg,int,atm,col,com,gps,lat,long,dep
201000004093,10,12,19,1845,5,2,1,1.0,3.0,33162,M,0.0,0.0,33
201000004094,10,12,27,2015,5,2,1,1.0,1.0,33162,M,0.0,0.0,33
201000004095,10,2,12,900,1,2,6,1.0,2.0,33011,M,0.0,0.0,33
201000004096,10,4,11,1845,1,2,1,1.0,1.0,33236,M,0.0,0.0,33
201000004097,10,4,22,1500,1,2,1,2.0,6.0,33236,M,0.0,0.0,33
201000004098,10,4,24,2000,1,1,6,1.0,7.0,33236,M,4478300.0,-116700.0,33
201000004099,10,5,30,445,5,2,1,2.0,6.0,33236,M,0.0,0.0,33
201000004100,10,8,5,1345,1,2,1,1.0,2.0,33236,M,4474600.0,-118400.0,33
201000004101,10,9,8,1430,1,1,1,8.0,1.0,33236,M,4477900.0,-116900.0,33
201000004102,10,12,3,1515,1,2,1,1.0,6.0,33011,M,4475900.0,-113200.0,33
201000004103,10,12,31,1830,5,2,1,1.0,6.0,33011,M,4476500.0,-114000.0,33
201000004104,10,4,17,1745,1,1,1,1.0,3.0,33422,M,0.0,0.0,33
201000004105,10,6,21,1615,1,2,1,1.0,6.0,33422,M,0.0,0.0,33
201000004106,10,11,13,1115,1,2,1,1.0,3.0,33273,M,0.0,0.0,33
201000004107,10,1,12,1230,1,2,1,1.0,3.0,33200,M,0.0,0.0,33
201000004108,10,1,24,430,5,1,2,1.0,3.0,33449,M,0.0,0.0,33
201000004109,10,2,5,1500,1,2,1,1.0,3.0,33200,M,0.0,0.0,33
201000004110,10,2,5,1700,1,2,1,8.0,6.0,33449,M,0.0,0.0,33
201000004111,10,2,21,1530,1,2,1,1.0,6.0,33449,M,0.0,0.0,33
201000004112,10,3,12,1915,1,1,1,1.0,5.0,33200,M,0.0,0.0,33
201000004113,10,4,1,1700,1,2,6,1.0,6.0,33449,M,0.0,0.0,33
201000004114,10,4,17,1700,1,1,9,1.0,3.0,33200,M,0.0,0.0,33
201000004115,10,5,21,1815,1,2,1,1.0,2.0,33449,M,0.0,0.0,33
201000004116,10,6,9,1945,1,2,1,1.0,1.0,33200,M,0.0,0.0,33
201000004117,10,6,11,930,1,1,6,2.0,3.0,33200,M,0.0,0.0,33
201000004118,10,6,10,2115,1,2,1,2.0,7.0,33449,M,0.0,0.0,33
201000004119,10,6,9,1515,1,2,3,1.0,3.0,33449,M,0.0,0.0,33
201000004120,10,6,30,1130,1,1,1,1.0,1.0,33449,M,0.0,0.0,33
201000004121,10,7,18,2030,1,1,6,1.0,2.0,33200,M,0.0,0.0,33
201000004122,10,7,22,2300,4,2,3,1.0,3.0,33200,M,0.0,0.0,33
201000004123,10,9,3,1800,1,2,1,1.0,1.0,33449,M,0.0,0.0,33
201000004124,10,9,14,1145,1,2,1,1.0,3.0,33449,M,0.0,0.0,33
201000004125,10,9,25,1900,1,2,1,1.0,6.0,33449,M,0.0,0.0,33
201000004126,10,10,16,1430,1,2,1,1.0,6.0,33200,M,0.0,0.0,33
201000004127,10,11,2,1930,3,2,1,2.0,1.0,33376,M,0.0,0.0,33
201000004128,10,11,25,1530,1,2,6,1.0,3.0,33200,M,0.0,0.0,33
201000004129,10,11,13,1800,2,1,1,1.0,3.0,33200,M,4485700.0,-68900.0,33
201000004130,10,12,9,1530,1,2,1,1.0,2.0,33376,M,0.0,0.0,33
201000004131,10,12,15,1715,3,1,1,1.0,3.0,33200,M,0.0,0.0,33
201000004132,10,3,22,2100,5,2,1,1.0,6.0,33058,M,4513600.0,-65800.0,33
201000004133,10,7,2,1345,1,1,1,1.0,5.0,33047,M,0.0,0.0,33
201000004134,10,9,30,1745,1,1,1,1.0,6.0,33267,M,0.0,0.0,33
201000004135,10,10,10,645,3,1,1,2.0,6.0,33351,M,0.0,0.0,33
201000004136,10,10,14,1500,1,2,1,1.0,1.0,33389,M,0.0,0.0,33
201000004137,10,10,14,1545,1,2,1,1.0,3.0,33477,M,0.0,0.0,33
201000004138,10,11,18,1345,1,2,3,7.0,3.0,33101,M,4518400.0,-58900.0,33
201000004139,10,12,1,1730,3,1,1,1.0,6.0,33389,M,4527900.0,-61600.0,33
201000004140,10,1,21,1715,2,1,1,1.0,1.0,33182,M,4507200.0,-62100.0,33
201000004141,10,3,2,1700,1,1,1,1.0,1.0,33339,M,4503600.0,-49000.0,33
201000004142,10,4,13,1545,1,1,2,1.0,3.0,33530,M,4510200.0,-54300.0,33
201000004143,10,5,9,1000,1,1,1,2.0,6.0,33341,M,4508500.0,-47200.0,33
201000004144,10,6,16,945,1,1,1,3.0,4.0,33525,M,4504000.0,-51500.0,33
201000004145,10,7,2,2115,2,1,2,1.0,3.0,33489,M,4510000.0,-52800.0,33
201000004146,10,8,23,1215,1,1,3,1.0,3.0,33035,M,4505900.0,-59800.0,33
201000004147,10,10,8,1630,1,2,1,1.0,3.0,33341,M,4510100.0,-48200.0,33
201000004148,10,10,20,1045,1,1,1,1.0,3.0,33551,M,4508900.0,-63700.0,33
201000004149,10,11,21,1830,3,1,1,8.0,1.0,33475,M,4505800.0,-56600.0,33
201000004150,10,1,28,1730,2,1,1,9.0,1.0,33473,M,0.0,0.0,33
201000004151,10,4,2,130,3,1,1,1.0,6.0,33382,M,0.0,0.0,33
201000004152,10,4,3,800,2,1,1,3.0,6.0,33114,M,0.0,0.0,33
201000004153,10,4,18,1115,1,1,1,1.0,3.0,33272,M,0.0,0.0,33
201000004154,10,4,21,1445,1,1,1,1.0,7.0,33233,M,0.0,0.0,33
201000004155,10,4,22,1900,1,2,1,1.0,6.0,33473,M,4514200.0,-44900.0,33
201000004156,10,4,29,1900,1,2,1,1.0,6.0,33114,M,0.0,0.0,33
201000004157,10,9,9,2200,3,1,1,1.0,6.0,33382,M,0.0,0.0,33
201000004158,10,10,13,1400,1,1,1,1.0,3.0,33473,M,0.0,0.0,33
201000004159,10,11,19,1615,1,1,1,1.0,6.0,33114,M,4508500.0,-38100.0,33
201000004160,10,2,16,1930,2,1,1,2.0,1.0,33434,M,4492900.0,-54400.0,33
201000004161,10,6,13,2015,1,2,1,1.0,1.0,33003,M,0.0,0.0,33
201000004162,10,7,17,1715,1,1,1,1.0,6.0,33004,M,0.0,0.0,33
201000004163,10,9,8,930,1,2,1,1.0,3.0,33487,M,0.0,0.0,33
201000004164,10,9,30,1915,1,2,1,1.0,6.0,33487,M,0.0,0.0,33
201000004165,10,11,1,1630,1,1,1,1.0,3.0,33003,M,4493000.0,-46000.0,33
201000004166,10,11,12,2215,5,2,1,8.0,6.0,33003,M,0.0,0.0,33
201000004167,10,1,1,415,3,1,1,8.0,6.0,33111,M,0.0,0.0,33
201000004168,10,1,15,1815,2,1,1,1.0,2.0,33355,M,0.0,0.0,33
201000004169,10,4,16,1345,1,1,1,1.0,1.0,33392,M,4460200.0,-28300.0,33
201000004170,10,4,17,1830,1,1,9,1.0,3.0,33323,M,0.0,0.0,33
201000004171,10,4,24,1045,1,1,1,1.0,3.0,33435,M,4457200.0,-22800.0,33
201000004172,10,7,3,1515,1,1,1,1.0,2.0,33392,M,4459500.0,-28300.0,33
201000004173,10,8,26,1800,1,1,1,1.0,3.0,33444,M,4457800.0,-17100.0,33
201000004174,10,9,18,1915,1,2,1,1.0,1.0,33438,M,4457800.0,-25100.0,33
201000004175,10,9,22,1815,1,1,1,2.0,3.0,33040,M,0.0,0.0,33
201000004176,10,10,7,1115,1,1,2,1.0,3.0,33323,M,0.0,0.0,33
201000004177,10,3,28,1400,2,2,1,2.0,6.0,33096,M,0.0,0.0,33
201000004178,10,4,15,930,1,1,1,7.0,6.0,33049,M,0.0,0.0,33
201000004179,10,9,1,1800,1,1,1,1.0,1.0,33293,M,0.0,0.0,33
201000004180,10,9,29,330,3,1,1,1.0,6.0,33483,M,0.0,0.0,33
201000004181,10,9,30,745,1,1,1,1.0,3.0,33003,M,0.0,0.0,33
201000004182,10,9,30,1645,1,2,9,1.0,3.0,33483,M,0.0,0.0,33
201000004183,10,10,13,2015,4,2,1,1.0,3.0,33554,M,0.0,0.0,33
201000004184,10,12,20,2130,3,1,1,1.0,2.0,33049,M,0.0,0.0,33
201000004185,10,3,19,2000,3,2,1,2.0,1.0,33213,M,0.0,0.0,33
201000004186,10,3,20,1715,1,1,1,1.0,3.0,33213,M,0.0,0.0,33
201000004187,10,3,27,430,5,2,1,2.0,6.0,33109,M,0.0,0.0,33
201000004188,10,5,26,1900,1,1,1,1.0,7.0,33454,M,4462500.0,50200.0,33
201000004189,10,5,29,2000,1,1,1,1.0,6.0,33023,M,0.0,0.0,33
201000004190,10,10,13,700,3,1,1,1.0,3.0,33023,M,0.0,0.0,33
201000004191,10,10,27,745,1,2,1,1.0,1.0,33213,M,0.0,0.0,33
201000004192,10,1,14,1900,3,1,1,2.0,1.0,33363,M,0.0,0.0,33
201000004193,10,2,23,2130,5,2,1,1.0,6.0,33505,M,0.0,0.0,33
201000004194,10,2,27,2030,5,1,1,1.0,7.0,33335,M,0.0,0.0,33
201000004195,10,4,16,2000,1,1,1,1.0,6.0,33518,M,0.0,0.0,33
201000004196,10,4,21,900,1,1,1,1.0,7.0,33140,M,0.0,0.0,33
201000004197,10,6,24,1245,1,1,1,1.0,1.0,33505,M,0.0,0.0,33
201000004198,10,6,27,2000,1,2,1,1.0,1.0,33033,M,0.0,0.0,33
201000004199,10,7,6,1615,1,2,1,1.0,1.0,33263,M,0.0,0.0,33
201000004200,10,7,13,1830,1,1,1,1.0,7.0,33363,M,0.0,0.0,33
201000004201,10,8,17,1815,2,1,1,7.0,1.0,33033,M,0.0,0.0,33
201000004202,10,8,21,200,3,1,1,1.0,6.0,33201,M,0.0,0.0,33
201000004203,10,9,2,1645,1,1,1,1.0,1.0,33363,M,0.0,0.0,33
201000004204,10,9,14,930,1,1,1,1.0,1.0,33201,M,0.0,0.0,33
201000004205,10,9,17,2315,3,1,1,1.0,6.0,33363,M,0.0,0.0,33
201000004206,10,10,7,1445,1,2,1,1.0,6.0,33140,M,0.0,0.0,33
201000004207,10,12,8,1815,5,2,1,8.0,1.0,33241,M,0.0,0.0,33
201000004208,10,2,1,645,4,2,1,1.0,7.0,33013,M,0.0,0.0,33
201000004209,10,5,8,1245,1,1,1,1.0,7.0,33330,M,0.0,0.0,33
201000004210,10,6,15,845,1,2,6,1.0,2.0,33013,M,4484600.0,-49500.0,33
201000004211,10,9,14,745,2,1,1,1.0,2.0,33165,M,0.0,0.0,33
201000004212,10,9,24,1730,1,2,1,1.0,1.0,33165,M,0.0,0.0,33
201000004213,10,10,10,745,1,1,1,2.0,3.0,33165,M,0.0,0.0,33
201000004214,10,10,15,1800,1,2,1,1.0,2.0,33535,M,0.0,0.0,33
201000004215,10,11,19,1800,5,2,1,1.0,6.0,33013,M,0.0,0.0,33
201000004216,10,2,23,1715,1,1,1,1.0,3.0,33080,M,0.0,0.0,33
201000004217,10,8,1,200,3,1,1,1.0,7.0,33274,M,0.0,0.0,33
201000004218,10,8,4,1300,1,2,2,8.0,3.0,33080,M,4475400.0,-55000.0,33
201000004219,10,8,20,1545,1,2,1,1.0,7.0,33080,M,0.0,0.0,33
201000004220,10,8,28,2045,2,2,1,1.0,7.0,33274,M,0.0,0.0,33
201000004221,10,10,13,1315,1,1,1,1.0,1.0,33080,M,0.0,0.0,33
201000004222,10,11,4,830,1,1,1,2.0,1.0,33501,M,0.0,0.0,33
201000004223,10,11,24,1845,3,1,1,1.0,5.0,33274,M,4472100.0,-52700.0,33
201000004224,10,1,6,915,1,2,1,4.0,6.0,33076,M,4454000.0,-38300.0,33
201000004225,10,3,8,2045,3,1,1,1.0,6.0,33030,M,4462500.0,-32400.0,33
201000004226,10,4,1,2300,3,1,1,1.0,6.0,33334,M,0.0,0.0,33
201000004227,10,4,11,1745,1,2,1,1.0,7.0,33343,M,4456600.0,-35700.0,33
201000004228,10,4,18,1245,1,1,1,1.0,1.0,33030,M,0.0,0.0,33
201000004229,10,4,26,830,1,1,1,1.0,1.0,33337,M,4455500.0,-31500.0,33
201000004230,10,5,1,1715,1,1,1,1.0,3.0,33334,M,4466400.0,-44600.0,33
201000004231,10,5,20,745,1,2,1,1.0,3.0,33337,M,0.0,0.0,33
201000004232,10,6,2,2345,3,1,1,1.0,6.0,33337,M,4460000.0,-30400.0,33
201000004233,10,7,11,45,3,1,1,1.0,7.0,33225,M,4456200.0,-45300.0,33
201000004234,10,7,17,1800,1,1,1,1.0,6.0,33060,M,0.0,0.0,33
201000004235,10,7,24,1745,5,2,3,1.0,1.0,33007,M,0.0,0.0,33
201000004236,10,9,28,1415,1,1,1,1.0,1.0,33205,M,4461800.0,-40800.0,33
201000004237,10,10,9,2245,5,2,6,2.0,6.0,33327,M,0.0,0.0,33
201000004238,10,11,7,745,1,2,1,2.0,6.0,33337,M,4458000.0,-29000.0,33
201000004239,10,12,5,1745,3,1,1,2.0,7.0,33225,M,4458800.0,-43600.0,33
201000004240,10,1,30,1715,1,2,1,1.0,6.0,33143,M,0.0,0.0,33
201000004241,10,3,16,1100,1,2,1,1.0,6.0,33366,M,0.0,0.0,33
201000004242,10,5,3,1715,1,2,1,1.0,3.0,33366,M,4499900.0,-44600.0,33
201000004243,10,7,6,2230,3,1,1,1.0,3.0,33366,M,4498400.0,-40100.0,33
201000004244,10,7,6,1430,1,1,2,1.0,3.0,33415,M,4502800.0,-47700.0,33
201000004245,10,7,30,1800,1,2,1,1.0,1.0,33018,M,0.0,0.0,33
201000004246,10,8,8,415,3,1,1,1.0,3.0,33425,M,4504100.0,-46100.0,33
201000004247,10,9,14,1745,1,2,1,1.0,1.0,33366,M,0.0,0.0,33
201000004248,10,10,1,1800,1,1,1,1.0,1.0,33018,M,4501400.0,-40400.0,33
201000004249,10,10,12,900,1,1,1,1.0,3.0,33415,M,0.0,0.0,33
201000004250,10,10,20,1000,1,2,1,1.0,6.0,33366,M,4499800.0,-44100.0,33
201000004251,10,10,29,515,3,1,1,1.0,6.0,33183,M,4502700.0,-42400.0,33
201000004252,10,11,14,1400,1,2,1,1.0,3.0,33366,M,4501400.0,-42300.0,33
201000004253,10,12,8,1215,1,2,6,1.0,3.0,33366,M,4499700.0,-43300.0,33
201000004254,10,4,10,1200,1,1,1,1.0,3.0,33227,M,0.0,0.0,33
201000004255,10,5,19,1430,1,1,1,1.0,5.0,33227,M,0.0,0.0,33
201000004256,10,5,21,1400,1,1,1,1.0,2.0,33164,M,0.0,0.0,33
201000004257,10,6,23,1315,1,2,1,1.0,3.0,33227,M,0.0,0.0,33
201000004258,10,7,9,200,3,1,1,1.0,7.0,33164,M,4454200.0,-31000.0,33
201000004259,10,7,12,615,2,2,1,1.0,7.0,33533,M,4444800.0,-26800.0,33
201000004260,10,7,31,1200,1,1,1,1.0,1.0,33337,M,0.0,0.0,33
201000004261,10,8,10,2245,3,1,1,1.0,6.0,33465,M,0.0,0.0,33
201000004262,10,9,5,130,3,1,1,1.0,6.0,33164,M,,,33
201000004263,10,11,16,1545,1,1,1,1.0,3.0,33279,M,0.0,0.0,33
201000004264,10,12,31,1945,3,1,1,1.0,6.0,33346,M,4455800.0,-6900.0,33
201000004265,10,1,3,1915,3,1,1,3.0,1.0,33021,M,0.0,0.0,33
201000004266,10,4,7,2130,2,1,1,1.0,1.0,33036,M,4441700.0,-22000.0,33
201000004267,10,4,23,1145,1,1,1,2.0,7.0,33021,M,4451300.0,-16300.0,33
201000004268,10,5,28,1130,1,2,1,1.0,3.0,33036,M,0.0,0.0,33
201000004269,10,7,3,1600,1,1,1,1.0,7.0,33508,M,0.0,0.0,33
201000004270,10,7,16,1700,1,1,1,1.0,1.0,33130,M,4449400.0,-22600.0,33
201000004271,10,7,30,1715,1,1,1,1.0,1.0,33144,M,4439900.0,-23400.0,33
201000004272,10,8,10,2015,1,1,1,1.0,1.0,33021,M,4449600.0,-15000.0,33
201000004273,10,9,12,2015,1,1,1,1.0,6.0,33271,M,4439600.0,-8300.0,33
201000004274,10,9,25,1015,1,2,1,1.0,3.0,33195,M,4439300.0,-5100.0,33
201000004275,10,10,20,1745,1,1,1,1.0,7.0,33095,M,4431800.0,-24800.0,33
201000004276,10,11,5,1045,1,1,1,2.0,6.0,33130,M,4450500.0,-22500.0,33
201000004277,10,11,12,830,1,2,1,2.0,6.0,33036,M,4443700.0,-20500.0,33
201000004278,10,11,11,1030,1,2,1,1.0,6.0,33195,M,4439400.0,-4400.0,33
201000004279,10,11,24,1515,1,1,1,1.0,2.0,33212,M,4445300.0,-9600.0,33
201000004280,10,1,6,1445,1,2,1,1.0,6.0,33289,M,4465500.0,8400.0,33
201000004281,10,2,7,1845,3,1,1,1.0,1.0,33289,M,0.0,0.0,33
201000004282,10,4,2,1700,1,1,1,1.0,6.0,33283,M,0.0,0.0,33
201000004283,10,4,25,2045,1,1,3,1.0,3.0,33117,M,0.0,0.0,33
201000004284,10,6,26,1915,1,2,1,1.0,6.0,33316,M,0.0,0.0,33
201000004285,10,9,24,1630,2,2,1,1.0,3.0,33289,M,0.0,0.0,33
201000004286,10,10,20,815,1,1,1,1.0,1.0,33277,M,0.0,0.0,33
201000004287,10,12,14,1800,3,1,3,1.0,1.0,33289,M,0.0,0.0,33
201000004288,10,3,12,1845,2,1,1,1.0,1.0,33254,M,4452000.0,-4100.0,33
201000004289,10,5,12,1145,1,2,1,8.0,6.0,33352,M,0.0,0.0,33
201000004290,10,5,17,2045,1,2,1,1.0,7.0,33352,M,0.0,0.0,33
201000004291,10,5,21,1230,1,1,1,1.0,1.0,33170,M,4457200.0,-3200.0,33
201000004292,10,8,22,2330,3,1,1,9.0,1.0,33066,M,4457100.0,-600.0,33
201000004293,10,8,28,1145,1,1,1,1.0,1.0,33352,M,0.0,0.0,33
201000004294,10,9,23,1530,1,1,1,1.0,1.0,33294,M,4460800.0,-8600.0,33
201000004295,10,10,4,1245,1,1,1,2.0,6.0,33250,M,4462600.0,-3400.0,33
201000004296,10,10,23,1900,2,2,1,2.0,6.0,33102,M,4458800.0,-11800.0,33
201000004297,10,11,29,445,3,1,1,9.0,3.0,33170,M,4455000.0,-3300.0,33
201000004298,10,3,30,915,1,1,1,3.0,7.0,33484,M,0.0,0.0,33
201000004299,10,5,21,1530,1,1,1,1.0,6.0,33537,M,0.0,0.0,33
201000004300,10,7,29,1545,1,2,1,1.0,3.0,33547,M,0.0,0.0,33
201000004301,10,8,1,1115,1,1,1,1.0,1.0,33429,M,0.0,0.0,33
201000004302,10,10,31,1730,3,1,1,3.0,6.0,33484,M,0.0,0.0,33
201000004303,10,4,11,2100,2,1,1,1.0,6.0,33506,M,4471000.0,-6800.0,33
201000004304,10,9,6,815,1,1,1,2.0,1.0,33175,M,4473300.0,-16900.0,33
201000004305,10,9,25,1000,1,1,1,1.0,5.0,33523,M,4475900.0,-28100.0,33
201000004306,10,9,26,1730,1,1,1,7.0,6.0,33215,M,4472100.0,-25600.0,33
201000004307,10,10,5,1200,1,1,1,1.0,6.0,33506,M,4468900.0,-5200.0,33
201000004308,10,11,13,1645,1,1,1,1.0,7.0,33057,M,0.0,0.0,33
201000004309,10,1,23,1900,5,2,1,1.0,6.0,33177,M,0.0,0.0,33
201000004310,10,3,6,1830,1,1,1,7.0,3.0,33412,M,0.0,0.0,33
201000004311,10,4,9,1815,1,2,1,1.0,1.0,33240,M,0.0,0.0,33
201000004312,10,7,31,2100,2,2,1,1.0,7.0,33412,M,0.0,0.0,33
201000004313,10,9,2,655,2,1,1,1.0,1.0,33300,M,0.0,0.0,33
201000004314,10,11,6,1430,1,2,1,1.0,3.0,33240,M,4531800.0,-92500.0,33
201000004315,10,11,22,1230,1,1,1,1.0,6.0,33412,M,0.0,0.0,33
201000004316,10,2,1,1545,1,1,1,1.0,6.0,33297,M,0.0,0.0,33
201000004317,10,3,8,1830,1,1,1,1.0,1.0,33494,M,0.0,0.0,33
201000004318,10,4,18,1545,1,1,1,1.0,1.0,33297,M,0.0,0.0,33
201000004319,10,4,19,1315,1,1,1,1.0,3.0,33248,M,0.0,0.0,33
201000004320,10,6,4,630,1,1,1,1.0,6.0,33022,M,0.0,0.0,33
201000004321,10,6,19,645,1,1,1,1.0,6.0,33022,M,0.0,0.0,33
201000004322,10,6,22,1700,1,1,1,1.0,7.0,33248,M,0.0,0.0,33
201000004323,10,6,26,100,3,1,1,1.0,2.0,33022,M,0.0,0.0,33
201000004324,10,6,26,1900,1,1,1,1.0,3.0,33417,M,0.0,0.0,33
201000004325,10,7,7,1500,1,1,1,1.0,7.0,33494,M,4495600.0,-82500.0,33
201000004326,10,8,10,1715,1,1,1,1.0,6.0,33104,M,0.0,0.0,33
201000004327,10,9,29,1345,1,1,1,1.0,1.0,33297,M,0.0,0.0,33
201000004328,10,12,7,700,2,1,1,1.0,1.0,33248,M,0.0,0.0,33
201000004329,10,2,20,1715,1,1,1,1.0,3.0,33322,M,4497200.0,-64800.0,33
201000004330,10,5,18,815,1,1,2,1.0,3.0,33268,M,4505200.0,-69000.0,33
201000004331,10,5,27,1745,1,1,1,1.0,1.0,33211,M,4500600.0,-64500.0,33
201000004332,10,7,27,1145,1,2,1,1.0,6.0,33268,M,4504800.0,-67700.0,33
201000004333,10,8,20,1000,1,1,2,1.0,3.0,33256,M,4497000.0,-62000.0,33
201000004334,10,8,27,700,2,1,1,1.0,1.0,33091,M,0.0,0.0,33
201000004335,10,9,10,900,3,1,1,1.0,1.0,33091,M,4502300.0,-67900.0,33
201000004336,10,11,19,1730,2,1,1,8.0,3.0,33322,M,4495500.0,-69800.0,33
201000004337,10,1,28,600,3,1,1,1.0,1.0,33424,M,0.0,0.0,33
201000004338,10,3,18,1430,1,1,1,8.0,3.0,33424,M,4515500.0,-80800.0,33
201000004339,10,4,20,1815,1,1,1,1.0,1.0,33424,M,0.0,0.0,33
201000004340,10,5,15,1730,1,1,1,1.0,3.0,33125,M,0.0,0.0,33
201000004341,10,8,26,815,1,2,1,1.0,3.0,33423,M,4517100.0,-74200.0,33
201000004342,10,8,24,2115,3,1,1,1.0,6.0,33314,M,4518100.0,-77100.0,33
201000004343,10,9,10,1845,1,2,2,1.0,3.0,33125,M,0.0,0.0,33
201000004344,10,9,26,1900,1,1,1,1.0,7.0,33424,M,4516500.0,-82800.0,33
201000004345,10,10,2,745,2,1,2,1.0,3.0,33125,M,0.0,0.0,33
201000004346,10,12,22,1245,1,1,1,2.0,3.0,33424,M,4515600.0,-81000.0,33
201000004347,10,6,24,2300,3,1,1,1.0,3.0,33514,M,0.0,0.0,33
201000004348,10,9,2,830,1,1,1,1.0,3.0,33540,M,4536600.0,-107900.0,33
201000004349,10,11,7,330,3,1,1,2.0,1.0,33490,M,4542800.0,-104099.0,33
201000004350,10,6,27,2100,2,2,1,1.0,2.0,33207,M,0.0,0.0,33
201000004351,10,7,2,1530,1,1,1,1.0,5.0,33302,M,0.0,0.0,33
201000004352,10,7,13,345,3,1,1,1.0,6.0,33015,M,0.0,0.0,33
201000004353,10,8,28,1000,1,1,1,1.0,3.0,33222,M,,,33
201000004354,10,10,3,2115,3,1,1,2.0,3.0,33015,M,0.0,0.0,33
201000004355,10,10,13,2115,1,1,1,1.0,1.0,33328,M,0.0,0.0,33
201000004356,10,12,8,1600,1,1,1,1.0,5.0,33222,M,,,33
201000004357,10,4,29,945,1,1,1,1.0,1.0,33344,M,4483100.0,-4300.0,33
201000004358,10,6,14,1730,1,1,1,8.0,1.0,33028,M,4482100.0,-32900.0,33
201000004359,10,8,21,1830,1,1,1,1.0,2.0,33296,M,4484400.0,-3700.0,33
201000004360,10,10,16,1445,1,1,1,1.0,1.0,33071,M,4479200.0,-11600.0,33
201000004361,10,2,6,1700,1,1,1,1.0,7.0,33396,M,4489200.0,-7900.0,33
201000004362,10,2,21,1945,3,1,1,2.0,7.0,33485,M,0.0,0.0,33
201000004363,10,3,14,1545,1,1,1,1.0,3.0,33045,M,,,33
201000004364,10,4,26,1630,1,1,2,1.0,3.0,33394,M,0.0,0.0,33
201000004365,10,4,27,1430,1,2,1,1.0,6.0,33394,M,0.0,0.0,33
201000004366,10,7,18,830,1,1,1,1.0,1.0,33394,M,0.0,0.0,33
201000004367,10,10,25,915,1,1,1,8.0,3.0,33480,M,0.0,0.0,33
201000004368,10,11,5,1845,5,2,1,8.0,1.0,33396,M,0.0,0.0,33
201000004369,10,11,17,745,1,1,1,2.0,1.0,33546,M,0.0,0.0,33
201000004370,10,12,10,815,1,1,2,1.0,3.0,33426,M,0.0,0.0,33
201000004371,10,12,15,830,1,2,1,1.0,6.0,33485,M,0.0,0.0,33
201000004372,10,12,23,430,3,1,1,1.0,1.0,33437,M,0.0,0.0,33
201000004373,10,1,5,1715,2,1,3,1.0,4.0,33154,M,0.0,0.0,33
201000004374,10,2,18,1900,3,1,1,1.0,1.0,33154,M,0.0,0.0,33
201000004375,10,4,19,1630,1,1,1,1.0,7.0,33124,M,0.0,0.0,33
201000004376,10,4,25,1830,1,2,1,1.0,1.0,33138,M,0.0,0.0,33
201000004377,10,6,3,330,3,1,1,1.0,7.0,33138,M,0.0,0.0,33
201000004378,10,9,5,615,2,2,1,1.0,6.0,33001,M,0.0,0.0,33
201000004379,10,10,26,1900,2,2,1,1.0,3.0,33138,M,0.0,0.0,33
201000004380,10,11,6,250,3,1,1,1.0,3.0,33154,M,0.0,0.0,33
201000004381,10,5,6,1830,1,1,1,1.0,3.0,33393,M,0.0,0.0,33
201000004382,10,5,24,2030,1,2,1,1.0,3.0,33198,M,0.0,0.0,33
201000004383,10,5,27,2330,3,1,2,1.0,3.0,33393,M,0.0,0.0,33
201000004384,10,8,22,15,5,2,1,1.0,6.0,33393,M,0.0,0.0,33
201000004385,10,8,20,930,1,1,1,1.0,7.0,33393,M,0.0,0.0,33
201000004386,10,11,16,1845,3,1,1,1.0,1.0,33393,M,0.0,0.0,33
201000004387,10,11,23,2100,3,1,1,1.0,6.0,33509,M,0.0,0.0,33
201000004388,10,1,5,1300,1,2,5,1.0,3.0,33402,M,0.0,0.0,33
201000004389,10,1,16,45,3,1,1,1.0,6.0,33242,M,0.0,0.0,33
201000004390,10,3,25,745,1,2,1,1.0,2.0,33186,M,0.0,0.0,33
201000004391,10,4,30,800,1,1,1,2.0,3.0,33378,M,0.0,0.0,33
201000004392,10,5,27,2115,1,2,1,1.0,6.0,33242,M,0.0,0.0,33
201000004393,10,8,26,1145,1,2,1,1.0,2.0,33402,M,0.0,0.0,33
201000004394,10,9,2,1325,1,2,1,1.0,3.0,33402,M,0.0,0.0,33
201000004395,10,11,29,1745,2,2,1,9.0,6.0,33402,M,0.0,0.0,33
201000004396,10,3,14,2000,5,2,1,1.0,1.0,33447,M,0.0,0.0,33
201000004397,10,7,2,1700,1,1,2,1.0,3.0,33261,M,0.0,0.0,33
201000004398,10,7,3,2145,2,1,1,1.0,6.0,33088,M,4501500.0,-3300.0,33
201000004399,10,9,25,445,3,1,1,1.0,6.0,33290,M,4493300.0,-12200.0,33
201000004400,10,10,29,1645,1,2,1,1.0,6.0,33478,M,4501000.0,-300.0,33
201000004401,10,12,17,830,2,1,1,8.0,1.0,33320,M,0.0,0.0,33
201000004402,10,2,21,1700,1,1,1,1.0,1.0,33407,M,4503700.0,-35300.0,33
201000004403,10,4,8,1230,1,1,1,1.0,3.0,33179,M,0.0,0.0,33
201000004404,10,5,21,1600,1,1,1,1.0,3.0,33219,M,0.0,0.0,33
201000004405,10,6,21,2345,3,1,1,1.0,6.0,33179,M,0.0,0.0,33
201000004406,10,7,9,930,1,1,1,1.0,6.0,33259,M,0.0,0.0,33
201000004407,10,8,14,415,3,1,1,1.0,7.0,33016,M,0.0,0.0,33
201000004408,10,11,24,730,2,1,1,1.0,6.0,33179,M,0.0,0.0,33
201000004409,10,2,5,700,3,1,1,2.0,7.0,24026,M,0.0,0.0,24
201000004410,10,3,23,145,3,1,1,1.0,7.0,24103,M,0.0,0.0,24
201000004411,10,3,28,445,3,1,1,2.0,6.0,24270,M,4512500.0,97000.0,24
201000004412,10,6,10,1915,1,1,1,1.0,7.0,24571,M,4504300.0,71800.0,24
201000004413,10,6,18,1600,1,1,1,1.0,1.0,24220,M,0.0,0.0,24
201000004414,10,7,2,1630,1,1,1,1.0,1.0,24115,M,4523800.0,70000.0,24
201000004415,10,7,31,1400,1,2,1,1.0,3.0,24390,M,4512800.0,89200.0,24
201000004416,10,8,18,1700,1,2,1,1.0,1.0,24156,M,4506800.0,86000.0,24
201000004417,10,8,27,130,3,1,1,1.0,7.0,24098,M,0.0,0.0,24
201000004418,10,9,6,1645,1,1,1,1.0,2.0,24270,M,4513100.0,91600.0,24