Num_Acc,an,mois,jour,hrmn,lum,agg,int,atm,col,com,gps,lat,long,dep
201000004419,10,9,24,1745,1,1,1,1.0,7.0,24220,M,0.0,0.0,24
201000004420,10,9,27,1830,1,1,1,1.0,7.0,24098,M,0.0,0.0,24
201000004421,10,9,24,745,1,1,1,1.0,7.0,24065,M,0.0,0.0,24
201000004422,10,10,3,1845,1,2,1,1.0,1.0,24092,M,0.0,0.0,24
201000004423,10,12,29,1100,1,2,1,1.0,6.0,24571,M,0.0,0.0,24
201000004424,10,1,31,445,5,2,1,1.0,6.0,24353,M,0.0,0.0,24
201000004425,10,2,23,1100,1,1,1,1.0,1.0,24064,M,,,24
201000004426,10,4,20,1145,1,1,1,1.0,6.0,24253,M,0.0,0.0,24
201000004427,10,4,30,645,2,1,1,2.0,3.0,24079,M,0.0,0.0,24
201000004428,10,10,30,1430,1,1,1,1.0,7.0,24353,M,0.0,0.0,24
201000004429,10,12,9,1900,5,2,1,1.0,6.0,24002,M,0.0,0.0,24
201000004430,10,1,7,1900,2,1,1,1.0,1.0,24372,M,0.0,0.0,24
201000004431,10,1,28,900,1,1,1,4.0,1.0,24442,M,4510700.0,49100.0,24
201000004432,10,1,29,1830,5,2,1,1.0,2.0,24350,M,4516400.0,59500.0,24
201000004433,10,2,13,1900,5,1,1,1.0,2.0,24372,M,4515200.0,53900.0,24
201000004434,10,4,13,1745,1,1,1,1.0,3.0,24442,M,0.0,0.0,24
201000004435,10,6,5,1545,1,1,1,1.0,6.0,24266,M,0.0,0.0,24
201000004436,10,7,5,1845,1,1,1,1.0,7.0,24266,M,0.0,0.0,24
201000004437,10,7,17,1915,1,1,3,1.0,3.0,24010,M,0.0,0.0,24
201000004438,10,7,25,415,4,2,1,1.0,7.0,24372,M,4515200.0,52800.0,24
201000004439,10,7,26,1715,1,2,9,1.0,3.0,24372,M,4515400.0,52900.0,24
201000004440,10,8,29,1245,1,1,6,1.0,1.0,24372,M,0.0,0.0,24
201000004441,10,8,31,1845,1,1,1,1.0,3.0,24251,M,0.0,0.0,24
201000004442,10,9,25,2315,3,1,1,1.0,7.0,24139,M,0.0,0.0,24
201000004443,10,10,22,2115,5,1,1,1.0,5.0,24350,M,4517700.0,61000.0,24
201000004444,10,12,12,1745,1,2,1,1.0,7.0,24372,M,0.0,0.0,24
201000004445,10,12,26,1715,1,1,1,1.0,7.0,24010,M,0.0,0.0,24
201000004446,10,1,5,415,3,1,1,8.0,1.0,24210,M,4527100.0,114000.0,24
201000004447,10,2,7,515,5,2,1,5.0,6.0,24239,M,0.0,0.0,24
201000004448,10,3,20,1645,1,1,1,1.0,3.0,24302,M,0.0,0.0,24
201000004449,10,3,18,1745,1,2,1,1.0,5.0,24308,M,0.0,0.0,24
201000004450,10,4,2,845,1,2,1,1.0,5.0,24011,M,4522000.0,83000.0,24
201000004451,10,4,11,1745,1,1,1,1.0,1.0,24550,M,4514100.0,106600.0,24
201000004452,10,5,14,2030,1,1,1,1.0,1.0,24011,M,4521100.0,81700.0,24
201000004453,10,5,27,1745,1,1,1,1.0,6.0,24004,M,4514000.0,102600.0,24
201000004454,10,5,31,500,3,1,1,2.0,7.0,24521,M,4525700.0,86200.0,24
201000004455,10,6,5,215,3,1,1,1.0,1.0,24262,M,4529400.0,93900.0,24
201000004456,10,8,7,1845,1,1,1,1.0,1.0,24550,M,4513700.0,109700.0,24
201000004457,10,9,14,1415,1,1,1,7.0,3.0,24429,M,4533600.0,95800.0,24
201000004458,10,11,21,1,3,1,1,2.0,3.0,24011,M,4521200.0,82300.0,24
201000004459,10,3,25,1945,5,2,1,1.0,6.0,24237,M,0.0,0.0,24
201000004460,10,4,14,1230,1,1,1,1.0,1.0,24340,M,0.0,0.0,24
201000004461,10,4,28,1245,1,1,2,1.0,3.0,24034,M,4498500.0,47800.0,24
201000004462,10,9,7,1515,1,1,1,8.0,1.0,24456,M,0.0,0.0,24
201000004463,10,11,20,730,2,1,1,2.0,6.0,24431,M,4495800.0,51300.0,24
201000004464,10,12,3,830,2,1,1,1.0,7.0,24225,M,0.0,0.0,24
201000004465,10,1,23,1015,1,1,1,1.0,1.0,24497,M,4468300.0,76700.0,24
201000004466,10,3,26,1400,1,1,1,1.0,7.0,24028,M,0.0,0.0,24
201000004467,10,4,30,845,1,1,1,1.0,5.0,24068,M,4484500.0,85100.0,24
201000004468,10,6,5,1630,1,1,1,1.0,1.0,24073,M,0.0,0.0,24
201000004469,10,7,23,900,1,1,1,1.0,6.0,24028,M,0.0,0.0,24
201000004470,10,8,7,1015,1,1,1,1.0,1.0,24068,M,0.0,0.0,24
201000004471,10,9,10,30,3,1,9,1.0,7.0,24080,M,4468200.0,91700.0,24
201000004472,10,9,30,1745,1,1,1,1.0,3.0,24073,M,4485400.0,80400.0,24
201000004473,10,4,19,1615,1,1,1,1.0,1.0,24407,M,0.0,0.0,24
201000004474,10,4,25,630,2,1,1,1.0,6.0,24228,M,0.0,0.0,24
201000004475,10,9,4,1530,1,2,1,1.0,3.0,24143,M,0.0,0.0,24
201000004476,10,1,7,1500,1,1,1,1.0,1.0,24048,M,4489300.0,8300.0,24
201000004477,10,2,12,1600,1,1,1,1.0,1.0,24289,M,0.0,0.0,24
201000004478,10,4,16,1815,1,2,1,1.0,3.0,24461,M,0.0,0.0,24
201000004479,10,5,8,1730,1,1,1,1.0,1.0,24568,M,0.0,0.0,24
201000004480,10,7,18,15,3,1,1,1.0,5.0,24297,M,0.0,0.0,24
201000004481,10,8,19,1815,1,2,1,1.0,7.0,24292,M,0.0,0.0,24
201000004482,10,8,30,1200,1,1,1,1.0,5.0,24289,M,4485100.0,8700.0,24
201000004483,10,9,26,1745,1,1,1,1.0,6.0,24461,M,0.0,0.0,24
201000004484,10,9,28,1145,1,2,6,1.0,6.0,24335,M,0.0,0.0,24
201000004485,10,10,21,1715,1,1,1,1.0,3.0,24289,M,0.0,0.0,24
201000004486,10,10,22,1300,1,1,1,1.0,1.0,24370,M,0.0,0.0,24
201000004487,10,12,6,1545,1,2,1,1.0,7.0,24494,M,0.0,0.0,24
201000004488,10,1,27,1015,1,1,1,1.0,6.0,24016,M,0.0,0.0,24
201000004489,10,3,8,1945,5,2,1,1.0,3.0,24311,M,4552800.0,66300.0,24
201000004490,10,4,30,1945,1,1,1,1.0,7.0,24479,M,4550100.0,72100.0,24
201000004491,10,5,18,1900,1,1,1,1.0,2.0,24311,M,4556000.0,67800.0,24
201000004492,10,6,20,1930,1,1,1,1.0,6.0,24248,M,4553500.0,61000.0,24
201000004493,10,7,5,1200,1,1,1,1.0,3.0,24451,M,0.0,0.0,24
201000004494,10,7,18,1500,1,1,1,1.0,6.0,24016,M,4556500.0,68900.0,24
201000004495,10,8,4,215,3,2,1,1.0,3.0,24328,M,0.0,0.0,24
201000004496,10,8,6,1345,1,1,1,1.0,1.0,24528,M,0.0,0.0,24
201000004497,10,8,28,2200,5,2,1,1.0,7.0,24311,M,4553300.0,66200.0,24
201000004498,10,11,6,1615,1,1,1,1.0,7.0,24016,M,0.0,0.0,24
201000004499,10,1,12,1600,1,2,1,3.0,6.0,24133,M,0.0,0.0,24
201000004500,10,4,24,1815,1,1,1,1.0,1.0,24305,M,4540900.0,97900.0,24
201000004501,10,5,17,2230,3,1,1,1.0,6.0,24453,M,4546200.0,86000.0,24
201000004502,10,5,25,1915,1,1,1,1.0,1.0,24428,M,4548500.0,86800.0,24
201000004503,10,6,3,1715,1,2,1,1.0,6.0,24133,M,4554600.0,97800.0,24
201000004504,10,7,6,730,1,1,1,1.0,1.0,24551,M,4541400.0,92400.0,24
201000004505,10,7,20,1300,1,2,1,1.0,1.0,24551,M,4541800.0,92300.0,24
201000004506,10,10,7,1830,1,1,1,1.0,1.0,24218,M,4548800.0,105700.0,24
201000004507,10,10,8,1815,1,1,1,1.0,1.0,24551,M,0.0,0.0,24
201000004508,10,12,17,830,1,1,1,1.0,3.0,24505,M,4540000.0,102899.0,24
201000004509,10,4,4,300,3,1,1,1.0,6.0,24564,M,4524600.0,28500.0,24
201000004510,10,6,20,1300,1,1,1,1.0,1.0,24090,M,4526700.0,39500.0,24
201000004511,10,6,27,800,1,1,1,1.0,6.0,24038,M,0.0,0.0,24
201000004512,10,7,14,1815,1,1,1,1.0,3.0,24352,M,0.0,0.0,24
201000004513,10,7,24,1630,1,1,1,1.0,5.0,24504,M,4519100.0,37900.0,24
201000004514,10,7,25,2130,3,2,1,8.0,7.0,24128,M,4528000.0,28000.0,24
201000004515,10,8,30,1130,1,1,1,1.0,3.0,24553,M,4524800.0,52800.0,24
201000004516,10,10,26,1900,2,2,1,1.0,3.0,24352,M,0.0,0.0,24
201000004517,10,10,28,1645,1,1,2,1.0,3.0,24119,M,4539600.0,38500.0,24
201000004518,10,10,29,1515,1,2,1,1.0,6.0,24352,M,4525100.0,34000.0,24
201000004519,10,12,1,1815,4,1,1,1.0,2.0,24586,M,4527300.0,32900.0,24
201000004520,10,3,12,645,2,1,1,1.0,7.0,24264,M,0.0,0.0,24
201000004521,10,5,4,1630,1,1,1,3.0,3.0,24543,M,0.0,0.0,24
201000004522,10,5,11,1030,1,2,1,1.0,6.0,24294,M,0.0,0.0,24
201000004523,10,6,25,945,1,1,1,1.0,2.0,24462,M,0.0,0.0,24
201000004524,10,7,29,1630,1,1,1,1.0,7.0,24294,M,0.0,0.0,24
201000004525,10,9,26,1115,1,2,1,1.0,7.0,24309,M,0.0,0.0,24
201000004526,10,10,1,730,2,1,1,1.0,3.0,24543,M,0.0,0.0,24
201000004527,10,10,14,1330,1,2,2,1.0,3.0,24294,M,0.0,0.0,24
201000004528,10,5,16,630,1,1,1,1.0,6.0,24354,M,4513500.0,-600.0,24
201000004529,10,7,13,1015,1,1,1,1.0,3.0,24316,M,4520000.0,3600.0,24
201000004530,10,12,2,1100,1,1,1,4.0,1.0,24469,M,4514700.0,5400.0,24
201000004531,10,2,14,1845,3,1,1,1.0,7.0,24587,M,0.0,0.0,24
201000004532,10,3,3,1200,1,2,1,1.0,6.0,24520,M,0.0,0.0,24
201000004533,10,3,12,1930,5,2,1,1.0,1.0,24520,M,0.0,0.0,24
201000004534,10,4,2,1215,1,2,1,1.0,3.0,24089,M,0.0,0.0,24
201000004535,10,4,10,1415,1,1,1,1.0,3.0,24432,M,0.0,0.0,24
201000004536,10,4,15,1630,1,1,1,1.0,6.0,24520,M,0.0,0.0,24
201000004537,10,5,21,1415,1,1,2,1.0,1.0,24341,M,0.0,0.0,24
201000004538,10,5,24,1000,1,2,9,1.0,3.0,24089,M,0.0,0.0,24
201000004539,10,6,20,1315,1,1,1,1.0,1.0,24587,M,0.0,0.0,24
201000004540,10,7,2,1615,1,1,1,1.0,1.0,24074,M,0.0,0.0,24
201000004541,10,8,16,1345,1,1,1,1.0,1.0,24520,M,0.0,0.0,24
201000004542,10,8,16,1300,1,1,1,1.0,3.0,24355,M,0.0,0.0,24
201000004543,10,8,18,2030,3,1,1,8.0,6.0,24587,M,0.0,0.0,24
201000004544,10,8,21,1745,1,2,1,1.0,1.0,24520,M,0.0,0.0,24
201000004545,10,8,25,15,5,2,3,1.0,3.0,24520,M,0.0,0.0,24
201000004546,10,9,6,1215,1,1,1,2.0,3.0,24082,M,4484900.0,127600.0,24
201000004547,10,9,25,1000,1,1,1,1.0,6.0,24317,M,0.0,0.0,24
201000004548,10,10,8,1645,1,1,1,1.0,1.0,24520,M,0.0,0.0,24
201000004549,10,11,12,1830,3,1,1,3.0,3.0,24412,M,0.0,0.0,24
201000004550,10,12,21,1330,1,1,1,8.0,1.0,24587,M,0.0,0.0,24
201000004551,10,5,21,1900,1,1,1,7.0,3.0,24585,M,4463600.0,110400.0,24
201000004552,10,6,13,1400,1,1,1,1.0,1.0,24263,M,4468200.0,102200.0,24
201000004553,10,8,22,1900,1,1,1,1.0,3.0,24386,M,0.0,0.0,24
201000004554,10,10,2,45,3,1,1,1.0,1.0,24538,M,4482600.0,98100.0,24
201000004555,10,10,5,800,1,1,1,2.0,1.0,24585,M,0.0,0.0,24
201000004556,10,11,23,2000,5,2,1,1.0,6.0,24538,M,4482800.0,99000.0,24
201000004557,10,12,15,1700,2,1,1,1.0,6.0,24184,M,0.0,0.0,24
201000004558,10,1,20,2220,3,1,1,2.0,6.0,24142,M,0.0,0.0,24
201000004559,10,1,23,430,3,1,1,1.0,6.0,24268,M,0.0,0.0,24
201000004560,10,1,28,1045,1,1,1,2.0,6.0,24552,M,4503700.0,112900.0,24
201000004561,10,2,2,1300,1,2,1,1.0,1.0,24172,M,0.0,0.0,24
201000004562,10,4,5,1845,1,1,1,1.0,6.0,24356,M,0.0,0.0,24
201000004563,10,5,19,845,1,2,1,1.0,6.0,24067,M,4492200.0,92900.0,24
201000004564,10,6,4,1800,1,2,1,1.0,3.0,24356,M,4505400.0,97800.0,24
201000004565,10,6,8,1515,1,1,1,8.0,1.0,24142,M,0.0,0.0,24
201000004566,10,6,16,1600,1,1,1,2.0,6.0,24388,M,0.0,0.0,24
201000004567,10,8,3,1515,1,2,1,1.0,1.0,24396,M,0.0,0.0,24
201000004568,10,8,6,1930,1,1,1,1.0,1.0,24443,M,0.0,0.0,24
201000004569,10,9,24,915,1,1,1,2.0,6.0,24076,M,4489800.0,97300.0,24
201000004570,10,11,26,1900,3,1,1,1.0,6.0,24142,M,0.0,0.0,24
201000004571,10,1,17,1900,3,1,1,5.0,1.0,24291,M,0.0,0.0,24
201000004572,10,1,29,1600,1,1,1,1.0,6.0,24547,M,0.0,0.0,24
201000004573,10,2,27,1030,1,2,1,1.0,3.0,24291,M,0.0,0.0,24
201000004574,10,3,1,1830,2,1,1,8.0,1.0,24563,M,0.0,0.0,24
201000004575,10,3,29,2130,3,1,1,8.0,1.0,24547,M,0.0,0.0,24
201000004576,10,4,12,600,3,1,1,1.0,3.0,24324,M,4515000.0,116000.0,24
201000004577,10,5,20,1100,1,1,3,1.0,1.0,24229,M,4513300.0,125100.0,24
201000004578,10,5,20,1200,1,2,1,1.0,6.0,24291,M,4507000.0,116200.0,24
201000004579,10,6,24,2000,1,1,4,1.0,1.0,24291,M,4505300.0,114500.0,24
201000004580,10,9,3,1815,1,1,1,1.0,6.0,24018,M,0.0,0.0,24
201000004581,10,2,5,735,2,2,3,1.0,1.0,40245,M,0.0,0.0,40
201000004582,10,2,12,845,1,1,1,1.0,7.0,40170,M,0.0,0.0,40
201000004583,10,5,3,1215,1,2,3,1.0,3.0,40245,M,0.0,0.0,40
201000004584,10,5,26,45,3,1,1,8.0,1.0,40062,M,0.0,0.0,40
201000004585,10,6,1,2130,3,1,1,1.0,7.0,40262,M,0.0,0.0,40
201000004586,10,6,20,1715,1,1,1,1.0,3.0,40105,M,0.0,0.0,40
201000004587,10,7,5,1545,1,1,3,1.0,3.0,40234,M,0.0,0.0,40
201000004588,10,7,8,1745,1,1,1,1.0,1.0,40245,M,0.0,0.0,40
201000004589,10,7,15,615,2,1,1,1.0,2.0,40250,M,0.0,0.0,40
201000004590,10,9,20,630,3,1,1,1.0,1.0,40274,M,0.0,0.0,40
201000004591,10,10,15,2330,3,1,1,1.0,7.0,40274,M,0.0,0.0,40
201000004592,10,10,20,730,3,1,1,2.0,2.0,40169,M,0.0,0.0,40
201000004593,10,11,8,710,3,1,1,3.0,3.0,40056,M,0.0,0.0,40
201000004594,10,1,18,2145,3,1,1,1.0,7.0,40067,M,0.0,0.0,40
201000004595,10,1,24,630,3,1,1,8.0,7.0,40285,M,0.0,0.0,40
201000004596,10,3,1,1215,1,1,1,1.0,7.0,40243,M,0.0,0.0,40
201000004597,10,3,26,1340,1,2,2,1.0,3.0,40309,M,0.0,0.0,40
201000004598,10,3,30,1400,1,1,1,8.0,1.0,40115,M,0.0,0.0,40
201000004599,10,5,3,1040,1,1,1,8.0,7.0,40330,M,0.0,0.0,40
201000004600,10,7,11,225,3,1,1,1.0,7.0,40067,M,0.0,0.0,40
201000004601,10,8,1,230,3,1,1,1.0,7.0,40309,M,0.0,0.0,40
201000004602,10,8,17,2245,3,1,1,1.0,7.0,40040,M,0.0,0.0,40
201000004603,10,8,18,2100,2,2,3,1.0,3.0,40309,M,0.0,0.0,40
201000004604,10,8,19,715,1,1,1,1.0,7.0,40243,M,0.0,0.0,40
201000004605,10,8,22,1825,1,2,1,1.0,1.0,40068,M,0.0,0.0,40
201000004606,10,8,29,1530,1,1,1,1.0,7.0,40180,M,0.0,0.0,40
201000004607,10,9,1,1425,1,1,1,1.0,7.0,40243,M,0.0,0.0,40
201000004608,10,10,10,1815,1,1,1,3.0,1.0,40115,M,0.0,0.0,40
201000004609,10,10,19,645,3,1,1,1.0,6.0,40243,M,0.0,0.0,40
201000004610,10,10,19,1105,1,1,1,1.0,7.0,40285,M,0.0,0.0,40
201000004611,10,2,8,1445,1,1,1,2.0,7.0,40123,M,0.0,0.0,40
201000004612,10,2,27,230,3,1,1,1.0,7.0,40277,M,0.0,0.0,40
201000004613,10,3,3,940,1,1,1,1.0,2.0,40179,M,0.0,0.0,40
201000004614,10,3,21,1130,1,2,1,2.0,1.0,40202,M,0.0,0.0,40
201000004615,10,8,3,1950,1,1,1,1.0,7.0,40123,M,0.0,0.0,40
201000004616,10,11,19,725,3,1,3,1.0,3.0,40125,M,0.0,0.0,40
201000004617,10,1,10,220,3,1,1,1.0,7.0,40150,M,0.0,0.0,40
201000004618,10,4,25,400,5,2,1,1.0,7.0,40326,M,0.0,0.0,40
201000004619,10,5,1,1650,1,2,1,1.0,7.0,40266,M,0.0,0.0,40
201000004620,10,6,8,1915,1,1,1,2.0,7.0,40276,M,0.0,0.0,40
201000004621,10,7,16,1825,1,1,1,1.0,7.0,40157,M,0.0,0.0,40
201000004622,10,8,1,530,2,2,1,1.0,7.0,40266,M,0.0,0.0,40
201000004623,10,8,27,1820,1,1,1,1.0,3.0,40322,M,0.0,0.0,40
201000004624,10,10,30,1100,1,1,1,1.0,1.0,40075,M,0.0,0.0,40
201000004625,10,1,4,810,3,1,1,2.0,6.0,40074,M,0.0,0.0,40
201000004626,10,2,15,1250,1,1,1,1.0,1.0,40236,M,0.0,0.0,40
201000004627,10,3,9,830,1,1,1,7.0,3.0,40071,M,0.0,0.0,40
201000004628,10,3,20,835,1,1,3,2.0,1.0,40078,M,0.0,0.0,40
201000004629,10,3,30,1735,1,1,2,2.0,5.0,40253,M,0.0,0.0,40
201000004630,10,7,12,2330,3,1,1,1.0,7.0,40069,M,0.0,0.0,40
201000004631,10,7,28,900,1,2,1,1.0,6.0,40194,M,0.0,0.0,40
201000004632,10,9,21,1210,1,1,3,1.0,1.0,40078,M,0.0,0.0,40
201000004633,10,1,11,1845,3,1,1,1.0,3.0,40118,M,0.0,0.0,40
201000004634,10,2,7,1830,3,1,2,8.0,3.0,40183,M,0.0,0.0,40
201000004635,10,3,7,1,3,2,6,1.0,7.0,40224,M,4355500.0,-112400.0,40
201000004636,10,4,8,720,2,1,1,1.0,1.0,40269,M,0.0,0.0,40
201000004637,10,4,19,1645,1,1,1,1.0,7.0,40183,M,0.0,0.0,40
201000004638,10,4,20,1540,1,1,1,1.0,7.0,40212,M,0.0,0.0,40
201000004639,10,5,19,1945,1,1,1,1.0,7.0,40077,M,0.0,0.0,40
201000004640,10,5,29,1115,1,2,1,1.0,2.0,40132,M,0.0,0.0,40
201000004641,10,8,8,1635,1,1,1,1.0,7.0,40269,M,0.0,0.0,40
201000004642,10,8,20,1815,1,1,1,1.0,6.0,40183,M,0.0,0.0,40
201000004643,10,8,21,2030,1,1,1,1.0,1.0,40269,M,0.0,0.0,40
201000004644,10,9,6,1710,1,1,1,1.0,3.0,40269,M,0.0,0.0,40
201000004645,10,9,12,1300,1,1,1,1.0,3.0,40118,M,,,40
201000004646,10,9,22,645,2,1,1,1.0,7.0,40118,M,0.0,0.0,40
201000004647,10,9,25,1640,2,2,3,1.0,3.0,40132,M,,,40
201000004648,10,10,20,1015,1,1,1,8.0,1.0,40211,M,0.0,0.0,40
201000004649,10,10,25,1215,1,1,3,1.0,3.0,40132,M,0.0,0.0,40
201000004650,10,10,30,2100,3,1,1,1.0,7.0,40186,M,0.0,0.0,40
201000004651,10,11,13,1545,1,1,1,1.0,1.0,40095,M,0.0,0.0,40
201000004652,10,12,15,1500,1,2,1,1.0,6.0,40224,M,0.0,0.0,40
201000004653,10,1,24,1815,5,2,6,1.0,3.0,40133,M,,,40
201000004654,10,2,4,1300,1,1,1,1.0,6.0,40261,M,0.0,0.0,40
201000004655,10,2,3,1000,1,1,1,1.0,1.0,40036,M,0.0,0.0,40
201000004656,10,4,7,1015,1,2,3,2.0,6.0,40284,M,0.0,0.0,40
201000004657,10,5,1,130,3,1,1,2.0,1.0,40284,M,0.0,0.0,40
201000004658,10,5,10,720,1,2,1,1.0,1.0,40284,M,0.0,0.0,40
201000004659,10,5,24,1830,1,1,1,1.0,4.0,40129,M,0.0,0.0,40
201000004660,10,6,8,430,5,2,6,1.0,3.0,40065,M,0.0,0.0,40
201000004661,10,6,25,845,1,1,1,1.0,7.0,40261,M,0.0,0.0,40
201000004662,10,6,28,1620,1,2,1,1.0,5.0,40284,M,0.0,0.0,40
201000004663,10,7,1,1,3,1,3,1.0,3.0,40261,M,0.0,0.0,40
201000004664,10,7,25,515,3,1,2,1.0,3.0,40261,M,0.0,0.0,40
201000004665,10,8,1,845,1,2,1,1.0,6.0,40261,M,0.0,0.0,40
201000004666,10,8,13,1410,1,1,1,1.0,3.0,40036,M,0.0,0.0,40
201000004667,10,8,27,830,1,2,3,1.0,5.0,40133,M,0.0,0.0,40
201000004668,10,8,28,1830,1,2,1,1.0,3.0,40065,M,0.0,0.0,40
201000004669,10,9,12,600,3,1,1,1.0,7.0,40129,M,0.0,0.0,40
201000004670,10,9,17,515,1,1,1,1.0,7.0,40284,M,0.0,0.0,40
201000004671,10,10,12,1300,1,2,3,1.0,3.0,40284,M,0.0,0.0,40
201000004672,10,10,19,900,1,2,1,7.0,6.0,40065,M,0.0,0.0,40
201000004673,10,11,15,845,1,1,1,1.0,6.0,40036,M,0.0,0.0,40
201000004674,10,11,19,2115,5,2,1,1.0,1.0,40284,M,0.0,0.0,40
201000004675,10,12,1,850,1,1,1,2.0,2.0,40264,M,0.0,0.0,40
201000004676,10,2,27,400,5,2,1,1.0,7.0,40304,M,0.0,0.0,40
201000004677,10,3,22,1030,1,1,1,1.0,3.0,40310,M,0.0,0.0,40
201000004678,10,3,27,145,3,1,1,1.0,7.0,40187,M,0.0,0.0,40
201000004679,10,4,8,1905,1,2,1,1.0,4.0,40310,M,0.0,0.0,40
201000004680,10,5,27,1100,1,2,2,1.0,3.0,40304,M,0.0,0.0,40
201000004681,10,5,29,110,5,2,1,1.0,1.0,40304,M,0.0,0.0,40
201000004682,10,6,3,2030,1,1,1,1.0,7.0,40310,M,0.0,0.0,40
201000004683,10,7,10,1300,1,2,3,1.0,1.0,40168,M,0.0,0.0,40
201000004684,10,7,24,1,5,2,1,1.0,1.0,40328,M,0.0,0.0,40
201000004685,10,8,1,1450,1,2,1,1.0,3.0,40296,M,0.0,0.0,40
201000004686,10,8,3,1220,1,2,1,1.0,6.0,40304,M,0.0,0.0,40
201000004687,10,8,16,230,5,2,1,1.0,7.0,40296,M,0.0,0.0,40
201000004688,10,8,21,1045,1,2,2,1.0,6.0,40310,M,0.0,0.0,40
201000004689,10,8,27,1930,1,2,7,1.0,6.0,40304,M,0.0,0.0,40
201000004690,10,9,4,1130,1,1,1,1.0,2.0,40181,M,0.0,0.0,40
201000004691,10,9,25,515,5,2,1,2.0,6.0,40304,M,4368200.0,-143900.0,40
201000004692,10,2,12,1430,1,1,1,4.0,7.0,40271,M,0.0,0.0,40
201000004693,10,3,10,1455,1,2,1,2.0,3.0,40273,M,0.0,0.0,40
201000004694,10,3,16,1320,1,2,1,1.0,5.0,40209,M,0.0,0.0,40
201000004695,10,3,23,1715,1,2,1,1.0,1.0,40273,M,0.0,0.0,40
201000004696,10,3,23,2145,5,2,1,1.0,3.0,40273,M,0.0,0.0,40
201000004697,10,3,29,1415,1,1,1,1.0,1.0,40312,M,0.0,0.0,40
201000004698,10,4,1,1700,1,1,1,1.0,2.0,40273,M,0.0,0.0,40
201000004699,10,5,17,2045,2,1,8,1.0,3.0,40209,M,0.0,0.0,40
201000004700,10,7,12,115,5,2,6,1.0,7.0,40312,M,0.0,0.0,40
201000004701,10,7,15,1855,1,2,1,1.0,3.0,40209,M,0.0,0.0,40
201000004702,10,7,31,1945,1,2,1,1.0,2.0,40312,M,0.0,0.0,40
201000004703,10,7,31,1000,1,2,1,1.0,6.0,40209,M,,,40
201000004704,10,9,14,1250,1,1,1,1.0,1.0,40251,M,0.0,0.0,40
201000004705,10,9,20,1430,1,2,1,1.0,3.0,40312,M,0.0,0.0,40
201000004706,10,9,21,1945,2,2,1,1.0,7.0,40312,M,0.0,0.0,40
201000004707,10,10,14,1700,1,1,1,1.0,3.0,40268,M,0.0,0.0,40
201000004708,10,10,18,1730,1,2,1,1.0,7.0,40251,M,0.0,0.0,40
201000004709,10,10,21,1330,1,2,3,1.0,3.0,40312,M,0.0,0.0,40
201000004710,10,11,9,1905,1,2,1,3.0,3.0,40312,M,0.0,0.0,40
201000004711,10,12,20,505,3,1,1,1.0,6.0,40042,M,0.0,0.0,40
201000004712,10,2,27,10,5,2,3,1.0,3.0,40046,M,0.0,0.0,40
201000004713,10,3,7,1415,1,1,2,1.0,3.0,40217,M,0.0,0.0,40
201000004714,10,3,14,2130,3,1,1,1.0,1.0,40287,M,0.0,0.0,40
201000004715,10,3,16,1845,1,1,1,1.0,5.0,40257,M,0.0,0.0,40
201000004716,10,3,21,1035,1,2,1,1.0,6.0,40046,M,0.0,0.0,40
201000004717,10,4,10,915,1,1,2,1.0,3.0,40287,M,0.0,0.0,40
201000004718,10,4,10,1725,1,1,1,1.0,7.0,40217,M,0.0,0.0,40
201000004719,10,4,21,1815,1,1,3,1.0,3.0,40217,M,0.0,0.0,40
201000004720,10,4,21,1530,1,2,1,1.0,2.0,40046,M,0.0,0.0,40
201000004721,10,4,28,1640,1,1,1,1.0,1.0,40046,M,0.0,0.0,40
201000004722,10,6,14,1245,1,1,1,2.0,1.0,40287,M,0.0,0.0,40
201000004723,10,6,10,2010,1,1,1,1.0,7.0,40217,M,0.0,0.0,40
201000004724,10,6,26,2200,2,2,2,1.0,3.0,40046,M,0.0,0.0,40
201000004725,10,6,27,2245,3,1,1,1.0,6.0,40046,M,0.0,0.0,40
201000004726,10,7,3,735,1,1,1,1.0,1.0,40046,M,0.0,0.0,40
201000004727,10,7,4,1710,1,2,1,1.0,7.0,40217,M,,,40
201000004728,10,8,7,1500,1,1,2,1.0,3.0,40287,M,0.0,0.0,40
201000004729,10,8,12,1800,1,1,1,1.0,1.0,40046,M,0.0,0.0,40
201000004730,10,9,22,1320,1,2,1,1.0,1.0,40217,M,0.0,0.0,40
201000004731,10,10,16,1645,1,2,1,1.0,3.0,40046,M,0.0,0.0,40
201000004732,10,1,29,1330,1,1,1,2.0,7.0,40163,M,0.0,0.0,40
201000004733,10,2,1,1430,1,1,1,1.0,7.0,40215,M,0.0,0.0,40
201000004734,10,5,14,1345,1,1,1,1.0,1.0,40333,M,0.0,0.0,40
201000004735,10,6,17,1900,1,2,1,2.0,7.0,40210,M,0.0,0.0,40
201000004736,10,7,8,2245,5,2,1,8.0,7.0,40134,M,0.0,0.0,40
201000004737,10,7,18,2145,3,1,1,1.0,7.0,40163,M,0.0,0.0,40
201000004738,10,7,25,1400,1,1,1,1.0,7.0,40197,M,0.0,0.0,40
201000004739,10,8,4,1350,1,1,1,1.0,7.0,40163,M,0.0,0.0,40
201000004740,10,8,11,2300,3,1,1,2.0,7.0,40134,M,0.0,0.0,40
201000004741,10,10,8,1340,1,1,8,1.0,5.0,40197,M,0.0,0.0,40
201000004742,10,11,15,1810,3,1,1,3.0,1.0,40197,M,0.0,0.0,40
201000004743,10,1,5,1045,1,2,1,8.0,6.0,40246,M,0.0,0.0,40
201000004744,10,4,10,1315,1,2,9,1.0,6.0,40246,M,0.0,0.0,40
201000004745,10,5,15,800,1,1,1,1.0,7.0,40227,M,0.0,0.0,40
201000004746,10,5,19,1950,1,2,1,1.0,3.0,40227,M,,,40
201000004747,10,6,24,540,2,1,2,1.0,3.0,40165,M,0.0,0.0,40
201000004748,10,7,7,1245,1,1,1,1.0,2.0,40295,M,0.0,0.0,40
201000004749,10,7,30,630,2,1,1,5.0,7.0,40295,M,0.0,0.0,40
201000004750,10,8,29,815,1,1,1,1.0,7.0,40171,M,0.0,0.0,40
201000004751,10,8,29,1315,1,1,1,1.0,7.0,40246,M,0.0,0.0,40
201000004752,10,8,31,900,1,2,1,1.0,5.0,40200,M,0.0,0.0,40
201000004753,10,9,3,810,1,1,1,5.0,7.0,40167,M,0.0,0.0,40
201000004754,10,12,1,1050,1,1,1,8.0,7.0,40156,M,0.0,0.0,40