Num_Acc,an,mois,jour,hrmn,lum,agg,int,atm,col,com,gps,lat,long,dep
201000004755,10,12,3,1700,1,1,1,1.0,4.0,40319,M,0.0,0.0,40
201000004756,10,12,20,1715,2,1,1,1.0,1.0,40319,M,0.0,0.0,40
201000004757,10,12,20,620,3,1,1,5.0,7.0,40167,M,0.0,0.0,40
201000004758,10,3,2,820,1,2,3,7.0,3.0,40184,M,,,40
201000004759,10,8,9,1800,1,1,1,1.0,1.0,40184,M,0.0,0.0,40
201000004760,10,12,30,1715,1,2,1,1.0,3.0,40182,M,0.0,0.0,40
201000004761,10,3,3,1205,1,1,1,1.0,3.0,40122,M,0.0,0.0,40
201000004762,10,5,11,1000,1,1,1,1.0,7.0,40282,M,0.0,0.0,40
201000004763,10,5,27,1600,1,1,1,1.0,1.0,40280,M,0.0,0.0,40
201000004764,10,5,31,1800,1,1,1,1.0,1.0,40017,M,0.0,0.0,40
201000004765,10,7,9,1500,1,1,1,1.0,7.0,40280,M,0.0,0.0,40
201000004766,10,7,14,2130,1,1,1,1.0,3.0,40282,M,4376500.0,-56800.0,40
201000004767,10,8,1,2345,3,1,1,1.0,2.0,40119,M,0.0,0.0,40
201000004768,10,8,27,730,2,1,1,1.0,7.0,40232,M,0.0,0.0,40
201000004769,10,10,4,1815,1,1,1,1.0,1.0,40119,M,0.0,0.0,40
201000004770,10,10,4,915,1,1,1,3.0,7.0,40017,M,0.0,0.0,40
201000004771,10,10,16,1840,1,1,1,1.0,7.0,40122,M,0.0,0.0,40
201000004772,10,10,18,855,1,1,1,1.0,7.0,40188,M,0.0,0.0,40
201000004773,10,10,22,1230,1,2,7,1.0,6.0,40119,M,,,40
201000004774,10,10,26,1700,1,2,3,1.0,3.0,40282,M,0.0,0.0,40
201000004775,10,12,18,1625,1,1,1,1.0,1.0,40128,M,0.0,0.0,40
201000004776,10,12,17,1635,1,1,1,2.0,7.0,40282,M,0.0,0.0,40
201000004777,10,1,30,115,3,1,1,2.0,7.0,40001,M,0.0,0.0,40
201000004778,10,2,17,1040,1,1,1,1.0,7.0,40001,M,0.0,0.0,40
201000004779,10,4,19,1720,1,1,1,1.0,7.0,40001,M,0.0,0.0,40
201000004780,10,7,9,1645,1,1,2,1.0,1.0,40091,M,0.0,0.0,40
201000004781,10,8,9,1525,1,1,1,1.0,5.0,40329,M,0.0,0.0,40
201000004782,10,11,7,245,5,2,1,8.0,7.0,40001,M,0.0,0.0,40
201000004783,10,12,16,1810,3,1,1,3.0,6.0,40175,M,0.0,0.0,40
201000004784,10,1,17,1850,3,1,2,1.0,3.0,40234,M,0.0,0.0,40
201000004785,10,1,19,900,1,1,3,1.0,3.0,40259,M,0.0,0.0,40
201000004786,10,1,21,715,3,1,1,5.0,3.0,40267,M,0.0,0.0,40
201000004787,10,4,9,550,3,1,1,1.0,7.0,40051,M,0.0,0.0,40
201000004788,10,4,17,1450,1,1,3,1.0,3.0,40259,M,0.0,0.0,40
201000004789,10,6,14,1630,1,1,1,2.0,7.0,40158,M,0.0,0.0,40
201000004790,10,6,15,820,1,1,1,1.0,7.0,40093,M,,,40
201000004791,10,6,21,500,3,1,1,1.0,7.0,40127,M,0.0,0.0,40
201000004792,10,7,16,1945,1,1,1,1.0,7.0,40259,M,0.0,0.0,40
201000004793,10,7,27,1645,1,1,1,1.0,1.0,40096,M,0.0,0.0,40
201000004794,10,8,4,345,3,1,1,1.0,7.0,40259,M,0.0,0.0,40
201000004795,10,8,14,2020,1,1,4,1.0,1.0,40331,M,0.0,0.0,40
201000004796,10,8,16,545,5,1,2,1.0,1.0,40259,M,0.0,0.0,40
201000004797,10,9,21,1600,1,1,1,1.0,7.0,40137,M,,,40
201000004798,10,9,26,2000,2,1,1,1.0,1.0,40137,M,0.0,0.0,40
201000004799,10,10,24,930,1,1,1,2.0,5.0,40267,M,0.0,0.0,40
201000004800,10,11,6,1620,1,1,1,1.0,7.0,40161,M,0.0,0.0,40
201000004801,10,11,25,930,2,1,1,5.0,3.0,40102,M,0.0,0.0,40
201000004802,10,1,4,1045,1,1,1,2.0,6.0,47145,M,4412200.0,64648.0,47
201000004803,10,1,15,1545,1,1,1,1.0,3.0,47040,M,4420420.0,54758.0,47
201000004804,10,1,20,1930,3,1,1,1.0,2.0,47092,M,0.0,0.0,47
201000004805,10,1,29,745,3,1,1,1.0,6.0,47246,M,4423380.0,50317.0,47
201000004806,10,2,15,915,1,1,1,1.0,6.0,47016,M,4414100.0,57500.0,47
201000004807,10,2,21,345,3,1,1,2.0,6.0,47100,M,0.0,0.0,47
201000004808,10,3,3,715,2,1,1,1.0,5.0,47016,M,4413300.0,55118.0,47
201000004809,10,3,8,1700,1,1,1,1.0,1.0,47100,M,4426040.0,63980.0,47
201000004810,10,3,13,1045,1,1,1,1.0,6.0,47019,M,4427260.0,68648.0,47
201000004811,10,4,12,1830,1,1,1,1.0,1.0,47209,M,0.0,0.0,47
201000004812,10,4,13,1530,1,1,1,1.0,3.0,47069,M,0.0,0.0,47
201000004813,10,4,27,1745,1,2,1,1.0,6.0,47225,M,0.0,0.0,47
201000004814,10,5,3,1745,1,1,1,1.0,1.0,47069,M,4422220.0,57140.0,47
201000004815,10,5,4,1845,1,1,1,2.0,1.0,47060,M,4412900.0,73200.0,47
201000004816,10,6,2,1830,1,2,1,1.0,1.0,47225,M,0.0,0.0,47
201000004817,10,6,16,1345,1,1,1,2.0,6.0,47100,M,4426900.0,63000.0,47
201000004818,10,7,11,700,1,1,1,1.0,3.0,47019,M,4427300.0,68300.0,47
201000004819,10,7,12,2215,3,1,4,1.0,3.0,47091,M,0.0,0.0,47
201000004820,10,7,25,645,1,1,1,1.0,6.0,47158,M,4408710.0,60102.0,47
201000004821,10,8,11,1815,1,1,1,1.0,1.0,47246,M,4425480.0,56178.0,47
201000004822,10,9,24,815,1,1,1,2.0,5.0,47015,M,4402910.0,67038.0,47
201000004823,10,10,6,1615,1,1,1,1.0,7.0,47145,M,4412230.0,65830.0,47
201000004824,10,10,7,1630,1,1,1,1.0,5.0,47209,M,4423890.0,70011.0,47
201000004825,10,10,4,1715,1,1,1,3.0,3.0,47100,M,4424920.0,64703.0,47
201000004826,10,10,10,400,5,1,6,2.0,7.0,47069,M,4421670.0,59808.0,47
201000004827,10,10,17,1530,1,1,1,1.0,5.0,47040,M,4419370.0,0.0,47
201000004828,10,10,26,1000,1,1,1,1.0,2.0,47145,M,4412030.0,47944.0,47
201000004829,10,12,31,1800,3,1,1,1.0,6.0,47209,M,0.0,0.0,47
201000004830,10,4,9,730,2,1,3,1.0,3.0,47004,M,4429800.0,34300.0,47
201000004831,10,4,20,1930,1,1,1,1.0,1.0,47213,M,4424200.0,50000.0,47
201000004832,10,4,28,1430,1,1,1,1.0,3.0,47066,M,4424500.0,46100.0,47
201000004833,10,7,13,1445,1,1,1,1.0,3.0,47004,M,0.0,0.0,47
201000004834,10,9,2,745,1,2,1,1.0,6.0,47107,M,4431740.0,40136.0,47
201000004835,10,9,12,1000,1,1,1,1.0,5.0,47066,M,4424340.0,41855.0,47
201000004836,10,9,22,1545,1,1,2,1.0,3.0,47275,M,4434240.0,47263.0,47
201000004837,10,10,15,1800,1,2,2,1.0,3.0,47210,M,4425010.0,39484.0,47
201000004838,10,2,2,1845,3,1,1,1.0,1.0,47128,M,0.0,0.0,47
201000004839,10,7,12,1415,1,2,9,1.0,3.0,47051,M,4418000.0,68000.0,47
201000004840,10,7,13,1415,1,1,1,1.0,1.0,47138,M,4426000.0,75000.0,47
201000004841,10,8,1,700,2,1,1,1.0,1.0,47288,M,4425040.0,77895.0,47
201000004842,10,8,8,1115,2,1,2,1.0,3.0,47025,M,0.0,0.0,47
201000004843,10,10,4,1630,1,1,1,2.0,7.0,47269,M,4418450.0,74662.0,47
201000004844,10,10,10,1530,1,1,1,3.0,6.0,47269,M,4418740.0,76004.0,47
201000004845,10,11,2,1845,3,1,1,1.0,6.0,47305,M,4419670.0,81524.0,47
201000004846,10,1,28,1030,1,1,2,2.0,3.0,47150,M,4446110.0,21895.0,47
201000004847,10,3,6,845,1,2,1,7.0,6.0,47157,M,4449730.0,16626.0,47
201000004848,10,9,15,1545,1,1,2,1.0,3.0,47157,M,4451550.0,21319.0,47
201000004849,10,9,25,745,2,1,1,8.0,1.0,47024,M,4452020.0,14438.0,47
201000004850,10,10,25,845,1,2,6,7.0,6.0,47157,M,4450390.0,16401.0,47
201000004851,10,12,31,1830,3,2,1,1.0,1.0,47157,M,0.0,0.0,47
201000004852,10,3,27,1800,1,1,1,1.0,6.0,47088,M,4454480.0,23078.0,47
201000004853,10,4,22,1815,1,1,1,8.0,3.0,47301,M,4456000.0,29800.0,47
201000004854,10,5,15,2115,2,1,1,1.0,3.0,47189,M,4454840.0,36921.0,47
201000004855,10,5,24,1630,1,1,2,1.0,1.0,47229,M,4473280.0,27557.0,47
201000004856,10,7,11,1130,1,1,1,1.0,3.0,47301,M,4456700.0,27000.0,47
201000004857,10,8,7,2300,5,2,3,1.0,3.0,47168,M,4459280.0,34948.0,47
201000004858,10,8,26,1300,1,1,1,1.0,1.0,47226,M,4462000.0,34300.0,47
201000004859,10,9,19,315,3,1,1,1.0,7.0,47216,M,4451760.0,33980.0,47
201000004860,10,10,18,1815,1,2,4,7.0,3.0,47086,M,4467680.0,18663.0,47
201000004861,10,2,12,1745,1,2,2,1.0,3.0,47233,M,4453300.0,9500.0,47
201000004862,10,5,3,1045,1,1,2,1.0,3.0,47059,M,4458800.0,16700.0,47
201000004863,10,5,28,1715,1,1,3,1.0,3.0,47115,M,4439800.0,2900.0,47
201000004864,10,7,19,930,1,1,1,1.0,3.0,47191,M,4445700.0,8600.0,47
201000004865,10,8,2,1015,1,1,1,2.0,6.0,47056,M,4457720.0,15868.0,47
201000004866,10,10,1,300,3,1,1,1.0,6.0,47034,M,4440040.0,12033.0,47
201000004867,10,10,19,130,3,1,1,1.0,6.0,47013,M,4438240.0,8669.0,47
201000004868,10,3,14,545,3,1,1,1.0,6.0,47310,M,4437000.0,31897.0,47
201000004869,10,3,16,1415,1,1,1,1.0,2.0,47310,M,4437160.0,31887.0,47
201000004870,10,5,8,530,3,1,1,2.0,6.0,47046,M,4437680.0,24188.0,47
201000004871,10,6,18,745,1,1,2,1.0,3.0,47317,M,0.0,0.0,47
201000004872,10,6,25,2100,1,1,1,1.0,6.0,47310,M,4437900.0,31800.0,47
201000004873,10,8,2,1500,1,1,1,2.0,1.0,47065,M,4434750.0,36366.0,47
201000004874,10,8,29,300,3,1,1,1.0,6.0,47071,M,4445240.0,48527.0,47
201000004875,10,9,4,1200,1,1,2,1.0,3.0,47298,M,4441390.0,22434.0,47
201000004876,10,9,30,1245,1,1,1,5.0,6.0,47061,M,4443240.0,19096.0,47
201000004877,10,10,7,1930,5,2,1,1.0,7.0,47054,M,4439670.0,49198.0,47
201000004878,10,11,12,1445,1,1,1,1.0,6.0,47112,M,4441020.0,36665.0,47
201000004879,10,11,29,1315,1,1,1,1.0,1.0,47065,M,4433500.0,35083.0,47
201000004880,10,5,5,1430,1,1,3,2.0,2.0,47043,M,4425100.0,28860.0,47
201000004881,10,5,21,1030,1,1,1,1.0,6.0,47008,M,4423700.0,22700.0,47
201000004882,10,5,30,530,2,1,1,1.0,6.0,47267,M,4428200.0,28100.0,47
201000004883,10,6,20,1045,1,1,3,1.0,7.0,47148,M,4433200.0,20300.0,47
201000004884,10,7,6,930,1,2,1,1.0,2.0,47052,M,4431200.0,7900.0,47
201000004885,10,8,2,630,2,1,1,2.0,1.0,47039,M,4415440.0,2160.0,47
201000004886,10,8,8,430,3,1,1,1.0,2.0,47254,M,4434530.0,3904.0,47
201000004887,10,8,8,2000,1,1,4,1.0,1.0,47052,M,4429920.0,9793.0,47
201000004888,10,9,23,1900,1,2,1,1.0,6.0,47052,M,4431400.0,8530.0,47
201000004889,10,9,24,1530,1,1,1,2.0,1.0,47043,M,4426180.0,28753.0,47
201000004890,10,11,26,1145,1,2,1,8.0,3.0,47052,M,4431690.0,9351.0,47
201000004891,10,2,1,1730,1,2,4,1.0,3.0,47203,M,4438740.0,80305.0,47
201000004892,10,2,22,1845,2,1,1,8.0,2.0,47203,M,4440800.0,85100.0,47
201000004893,10,3,15,1845,1,1,1,1.0,6.0,47315,M,4442420.0,84389.0,47
201000004894,10,6,2,1845,1,2,1,7.0,2.0,47280,M,4440300.0,79400.0,47
201000004895,10,6,22,815,1,1,2,1.0,3.0,47237,M,4435900.0,64800.0,47
201000004896,10,6,23,1400,1,1,1,1.0,1.0,47228,M,4433800.0,71300.0,47
201000004897,10,7,5,1015,1,1,1,1.0,6.0,47203,M,4437100.0,77800.0,47
201000004898,10,7,25,45,3,1,1,1.0,7.0,47109,M,0.0,0.0,47
201000004899,10,8,7,745,1,2,1,7.0,6.0,47175,M,4453140.0,76667.0,47
201000004900,10,8,29,1630,1,1,3,1.0,1.0,47203,M,4438730.0,79420.0,47
201000004901,10,9,8,745,2,1,1,1.0,6.0,47315,M,4445560.0,89796.0,47
201000004902,10,9,8,1230,1,1,1,1.0,3.0,47315,M,4445140.0,89578.0,47
201000004903,10,9,10,2000,1,1,1,1.0,1.0,47175,M,4449320.0,74910.0,47
201000004904,10,9,24,1945,3,1,1,1.0,6.0,47146,M,4443110.0,67059.0,47
201000004905,10,10,20,1415,1,2,1,1.0,3.0,47280,M,4440170.0,80016.0,47
201000004906,10,10,31,130,3,1,1,1.0,7.0,47315,M,4445060.0,88844.0,47
201000004907,10,11,4,2145,3,1,1,1.0,6.0,47146,M,4443070.0,67215.0,47
201000004908,10,11,18,845,1,1,1,1.0,3.0,47124,M,4450590.0,83427.0,47
201000004909,10,2,5,1800,1,1,1,2.0,1.0,47240,M,4461600.0,76500.0,47
201000004910,10,2,7,1800,1,1,1,1.0,7.0,47272,M,0.0,0.0,47
201000004911,10,4,10,1815,1,1,1,1.0,3.0,47164,M,0.0,0.0,47
201000004912,10,6,16,1130,1,1,1,3.0,1.0,47055,M,4449600.0,67100.0,47
201000004913,10,6,26,1400,1,1,1,1.0,3.0,47164,M,4467300.0,71300.0,47
201000004914,10,7,2,1400,1,1,1,1.0,6.0,47037,M,0.0,0.0,47
201000004915,10,7,28,1130,1,1,1,1.0,6.0,47223,M,0.0,0.0,47
201000004916,10,8,10,1500,1,1,2,1.0,3.0,47057,M,4465750.0,58979.0,47
201000004917,10,8,18,1930,1,1,1,1.0,3.0,47048,M,4453460.0,64943.0,47
201000004918,10,1,1,1500,1,1,1,2.0,6.0,47106,M,0.0,0.0,47
201000004919,10,1,7,715,3,1,9,9.0,1.0,47185,M,0.0,0.0,47
201000004920,10,1,7,730,2,1,1,9.0,1.0,47070,M,0.0,0.0,47
201000004921,10,1,24,1045,1,2,6,1.0,6.0,47179,M,0.0,0.0,47
201000004922,10,2,18,830,1,1,1,1.0,6.0,47106,M,0.0,0.0,47
201000004923,10,3,29,900,1,1,4,1.0,1.0,47312,M,0.0,0.0,47
201000004924,10,4,6,1415,1,2,1,7.0,3.0,47106,M,0.0,0.0,47
201000004925,10,4,13,1130,1,1,1,1.0,1.0,47036,M,0.0,0.0,47
201000004926,10,4,21,2200,3,1,1,1.0,6.0,47185,M,0.0,0.0,47
201000004927,10,4,30,1530,1,1,1,1.0,2.0,47328,M,0.0,0.0,47
201000004928,10,6,15,900,1,1,1,1.0,6.0,47312,M,0.0,0.0,47
201000004929,10,6,18,1230,1,2,2,2.0,1.0,47179,M,0.0,0.0,47
201000004930,10,6,19,1645,1,1,1,3.0,6.0,47312,M,0.0,0.0,47
201000004931,10,7,9,1600,1,1,1,1.0,1.0,47070,M,4449700.0,89600.0,47
201000004932,10,7,17,1300,1,1,1,1.0,6.0,47064,M,4439500.0,93500.0,47
201000004933,10,7,18,1215,1,1,1,1.0,5.0,47185,M,4448700.0,96900.0,47
201000004934,10,9,12,2230,3,1,1,1.0,6.0,47328,M,4444910.0,92163.0,47
201000004935,10,10,8,1915,3,1,3,1.0,5.0,47036,M,4443300.0,97696.0,47
201000004936,10,10,11,830,1,1,2,2.0,3.0,47185,M,0.0,0.0,47
201000004937,10,10,22,1315,1,1,2,1.0,3.0,47106,M,4450600.0,94926.0,47
201000004938,10,10,31,1345,1,2,1,1.0,6.0,47106,M,4448710.0,95149.0,47
201000004939,10,10,30,830,1,1,1,1.0,2.0,47185,M,4448200.0,95466.0,47
201000004940,10,4,2,1015,1,2,1,1.0,6.0,47252,M,0.0,0.0,47
201000004941,10,5,20,1245,1,2,1,1.0,3.0,47252,M,0.0,0.0,47
201000004942,10,7,16,715,1,2,1,1.0,3.0,47252,M,0.0,0.0,47
201000004943,10,8,1,2100,1,1,1,1.0,7.0,47239,M,4442420.0,55085.0,47
201000004944,10,8,20,945,1,1,1,1.0,1.0,47306,M,4438790.0,49014.0,47
201000004945,10,9,1,1130,1,1,2,1.0,3.0,47252,M,4439610.0,60614.0,47
201000004946,10,2,7,930,1,2,1,1.0,1.0,64315,M,4330210.0,-44120.0,64
201000004947,10,3,21,715,2,1,1,1.0,1.0,64230,M,4324250.0,-38681.0,64
201000004948,10,5,19,1900,1,1,1,1.0,6.0,64230,M,4321580.0,-40274.0,64
201000004949,10,5,31,1745,1,1,1,1.0,7.0,64230,M,4319500.0,-39000.0,64
201000004950,10,10,15,2145,3,1,1,1.0,3.0,64230,M,4322770.0,-42503.0,64
201000004951,10,1,8,1915,3,1,1,8.0,6.0,64549,M,4338980.0,-41393.0,64
201000004952,10,5,7,1615,1,1,1,1.0,1.0,64335,M,4336050.0,-44411.0,64
201000004953,10,6,17,845,1,2,1,1.0,3.0,64519,M,4336380.0,-37527.0,64
201000004954,10,7,22,1845,1,1,1,1.0,5.0,64511,M,4339430.0,-37818.0,64
201000004955,10,11,13,2300,5,1,1,1.0,7.0,64519,M,4335750.0,-38009.0,64
201000004956,10,11,15,1245,1,2,1,1.0,1.0,64519,M,4336910.0,-38103.0,64
201000004957,10,11,23,1800,3,1,1,2.0,7.0,64511,M,4339780.0,-37357.0,64
201000004958,10,1,23,1815,3,2,1,1.0,3.0,64343,M,4327660.0,-18282.0,64
201000004959,10,1,24,1145,1,2,4,2.0,1.0,64405,M,4335090.0,-26365.0,64
201000004960,10,2,16,830,1,2,1,7.0,6.0,64405,M,4334300.0,-25972.0,64
201000004961,10,2,28,1845,2,2,1,1.0,3.0,64439,M,4328930.0,-27133.0,64
201000004962,10,3,19,630,2,1,1,1.0,6.0,64488,M,4336850.0,-18855.0,64
201000004963,10,4,4,315,5,2,9,2.0,6.0,64152,M,4335820.0,-31297.0,64
201000004964,10,5,13,1045,1,2,1,3.0,6.0,64526,M,4326590.0,-18774.0,64
201000004965,10,5,19,845,1,1,1,1.0,1.0,64216,M,4325980.0,-16663.0,64
201000004966,10,6,1,1700,1,1,1,1.0,6.0,64152,M,4333550.0,-33010.0,64
201000004967,10,6,14,1830,1,2,2,3.0,3.0,64238,M,4325050.0,-4644.0,64
201000004968,10,8,17,900,1,1,1,1.0,7.0,64211,M,4329170.0,-13455.0,64
201000004969,10,9,10,1615,1,1,1,1.0,1.0,64524,M,4343830.0,-17474.0,64
201000004970,10,9,13,1900,2,1,1,1.0,1.0,64216,M,4325460.0,-13722.0,64
201000004971,10,11,9,1045,1,1,2,1.0,3.0,64238,M,4324860.0,-6358.0,64
201000004972,10,12,11,830,1,1,1,1.0,6.0,64059,M,4328550.0,-25761.0,64
201000004973,10,2,24,830,1,1,1,1.0,6.0,64109,M,4319010.0,-22265.0,64
201000004974,10,4,7,1130,1,2,1,1.0,1.0,64417,M,4317750.0,-26209.0,64
201000004975,10,5,7,1845,1,2,1,2.0,3.0,64109,M,4318640.0,-20450.0,64
201000004976,10,5,4,1100,1,2,1,2.0,3.0,64417,M,4318330.0,-26138.0,64
201000004977,10,6,9,1530,1,2,1,1.0,6.0,64417,M,4318050.0,-25785.0,64
201000004978,10,7,7,1,5,2,1,1.0,6.0,64400,M,4312660.0,-20058.0,64
201000004979,10,8,3,1215,1,1,3,1.0,3.0,64270,M,4316480.0,-23219.0,64
201000004980,10,11,13,1745,1,1,1,1.0,3.0,64097,M,4320950.0,-13656.0,64
201000004981,10,11,13,2245,3,2,1,1.0,1.0,64133,M,4321730.0,-26453.0,64
201000004982,10,2,18,1630,1,1,1,1.0,5.0,64380,M,4350620.0,-38207.0,64
201000004983,10,3,9,1845,1,1,1,1.0,1.0,64074,M,4357810.0,-13551.0,64
201000004984,10,8,17,1645,1,2,1,1.0,6.0,64233,M,4355680.0,-28612.0,64
201000004985,10,12,17,1430,1,1,3,1.0,1.0,64043,M,4343290.0,-33370.0,64
201000004986,10,3,16,930,1,2,8,1.0,1.0,64407,M,4348240.0,-142249.0,64
201000004987,10,7,21,1415,1,1,1,2.0,7.0,64496,M,4346370.0,-144243.0,64
201000004988,10,12,18,815,2,1,1,9.0,6.0,64304,M,4348890.0,-141720.0,64
201000004989,10,4,10,2015,1,1,9,1.0,6.0,64546,M,4346600.0,-127896.0,64
201000004990,10,4,16,145,3,1,1,1.0,7.0,64147,M,4342940.0,-131781.0,64
201000004991,10,7,14,2100,2,2,1,1.0,7.0,64147,M,4345910.0,-134131.0,64
201000004992,10,7,17,1800,1,1,1,2.0,1.0,64377,M,4334140.0,-129343.0,64
201000004993,10,9,16,1515,1,1,1,2.0,7.0,64377,M,4332310.0,-126843.0,64
201000004994,10,11,10,815,1,1,1,2.0,1.0,64094,M,4347980.0,-118098.0,64
201000004995,10,11,18,1230,1,1,1,2.0,1.0,64123,M,4348060.0,-117903.0,64
201000004996,10,11,20,1330,1,1,1,8.0,6.0,64134,M,4336400.0,-126733.0,64
201000004997,10,11,19,1600,1,1,1,8.0,1.0,64256,M,4341650.0,-131177.0,64
201000004998,10,11,24,745,2,1,1,5.0,6.0,64147,M,4344510.0,-132810.0,64
201000004999,10,1,20,1545,1,2,1,1.0,6.0,64504,M,4331050.0,-157240.0,64
201000005000,10,2,20,1500,1,1,1,1.0,1.0,64495,M,4336170.0,-158403.0,64
201000005001,10,3,28,700,2,1,1,1.0,6.0,64495,M,4330010.0,-151097.0,64
201000005002,10,5,2,630,3,1,1,1.0,6.0,64504,M,4331460.0,-156195.0,64
201000005003,10,5,12,1400,1,1,1,1.0,1.0,64009,M,4341890.0,-157605.0,64
201000005004,10,5,13,1145,1,1,1,2.0,3.0,64495,M,4337240.0,-151792.0,64
201000005005,10,7,15,1615,1,1,1,1.0,1.0,64504,M,4329420.0,-156619.0,64
201000005006,10,7,30,1030,1,1,1,1.0,1.0,64504,M,4332010.0,-153948.0,64
201000005007,10,8,7,600,3,1,1,1.0,6.0,64527,M,4333580.0,-150466.0,64
201000005008,10,8,18,1645,1,1,1,1.0,7.0,64495,M,4335410.0,-153462.0,64
201000005009,10,9,3,1430,1,2,1,1.0,1.0,64009,M,4340720.0,-158948.0,64
201000005010,10,9,27,1130,1,1,1,1.0,1.0,64065,M,4333290.0,-160687.0,64
201000005011,10,10,6,1945,1,1,1,1.0,3.0,64065,M,4336400.0,-163650.0,64
201000005012,10,10,29,2000,3,1,1,3.0,3.0,64495,M,4338230.0,-161771.0,64
201000005013,10,11,3,1630,1,2,1,1.0,3.0,64065,M,4334220.0,-163725.0,64
201000005014,10,11,29,645,3,1,1,9.0,6.0,64065,M,4335800.0,-163235.0,64
201000005015,10,1,3,1545,1,1,1,8.0,1.0,64014,M,4331980.0,-148666.0,64
201000005016,10,2,2,1245,1,1,1,1.0,7.0,64035,M,4341270.0,-154737.0,64
201000005017,10,3,24,1015,1,2,1,1.0,6.0,64547,M,4339530.0,-145308.0,64
201000005018,10,4,13,1500,1,2,6,1.0,3.0,64350,M,4331620.0,-135047.0,64
201000005019,10,5,31,1230,1,1,1,2.0,1.0,64317,M,4337700.0,-146100.0,64
201000005020,10,6,4,1730,1,1,1,1.0,1.0,64547,M,4340450.0,-144969.0,64
201000005021,10,6,8,1815,1,1,1,3.0,5.0,64014,M,4331890.0,-148726.0,64
201000005022,10,6,17,1600,1,1,1,2.0,6.0,64160,M,4335350.0,-142009.0,64
201000005023,10,7,5,1500,1,1,1,1.0,5.0,64279,M,4331980.0,-136751.0,64
201000005024,10,7,12,1630,1,1,1,1.0,1.0,64160,M,4334980.0,-141342.0,64
201000005025,10,9,13,1000,1,2,1,1.0,6.0,64160,M,4336030.0,-139975.0,64
201000005026,10,9,25,1830,1,2,1,1.0,3.0,64160,M,4335890.0,-140504.0,64
201000005027,10,10,23,1945,3,2,1,1.0,5.0,64547,M,4338850.0,-146098.0,64
201000005028,10,11,3,1400,1,2,1,1.0,1.0,64160,M,4335530.0,-139285.0,64
201000005029,10,11,28,1130,1,1,1,8.0,1.0,64527,M,4332600.0,-147650.0,64
201000005030,10,12,18,745,1,1,1,1.0,5.0,64547,M,4341460.0,-147596.0,64
201000005031,10,12,19,615,5,2,1,1.0,2.0,64350,M,4331620.0,-135048.0,64
201000005032,10,1,25,530,3,1,1,2.0,7.0,64468,M,4321500.0,-82921.0,64
201000005033,10,4,4,1630,1,1,1,1.0,7.0,64012,M,4323990.0,-91749.0,64
201000005034,10,4,11,1700,1,1,1,1.0,7.0,64187,M,4329590.0,-87481.0,64
201000005035,10,6,4,1830,1,2,1,1.0,2.0,64371,M,4322370.0,-89004.0,64
201000005036,10,6,12,1130,1,1,1,2.0,6.0,64424,M,4319400.0,-92318.0,64
201000005037,10,10,28,1615,1,2,1,7.0,6.0,64371,M,4322480.0,-88001.0,64
201000005038,10,12,6,1745,5,2,6,1.0,3.0,64188,M,4322780.0,-88206.0,64
201000005039,10,1,16,845,1,1,1,9.0,6.0,64379,M,4301950.0,-96257.0,64
201000005040,10,4,3,1045,1,1,1,2.0,3.0,64124,M,4329200.0,-135293.0,64
201000005041,10,6,8,2230,3,1,1,2.0,1.0,64124,M,4326100.0,-132143.0,64
201000005042,10,7,28,1245,1,1,1,1.0,6.0,64538,M,4313670.0,-126411.0,64
201000005043,10,7,29,1445,1,1,1,2.0,6.0,64297,M,4317990.0,-117908.0,64
201000005044,10,9,29,2045,2,1,1,1.0,6.0,64066,M,4318880.0,-125259.0,64
201000005045,10,10,11,930,1,2,1,1.0,1.0,64275,M,4316860.0,-122777.0,64
201000005046,10,10,16,1245,1,1,1,1.0,7.0,64379,M,4302180.0,-96947.0,64
201000005047,10,4,4,1915,2,1,1,2.0,6.0,64425,M,4343080.0,-118197.0,64
201000005048,10,4,18,1900,1,1,1,1.0,7.0,64345,M,4326830.0,-96131.0,64
201000005049,10,4,25,1415,1,1,1,1.0,3.0,64202,M,4332530.0,-97055.0,64
201000005050,10,5,4,2345,3,2,1,1.0,6.0,64539,M,4328530.0,-102271.0,64
201000005051,10,6,26,1130,1,1,1,1.0,7.0,64273,M,4322450.0,-118462.0,64
201000005052,10,7,17,915,1,1,1,2.0,6.0,64051,M,4341980.0,-110116.0,64
201000005053,10,7,22,730,1,1,1,2.0,6.0,64259,M,4328710.0,-124447.0,64
201000005054,10,8,12,1745,1,2,1,2.0,3.0,64051,M,4340680.0,-111082.0,64
201000005055,10,9,11,2015,1,1,1,1.0,1.0,64051,M,4340770.0,-111129.0,64
201000005056,10,2,27,1945,5,2,1,1.0,6.0,64252,M,4315560.0,-59678.0,64
201000005057,10,3,25,845,1,1,1,1.0,6.0,64007,M,4317670.0,-61818.0,64
201000005058,10,4,11,1700,1,1,1,1.0,3.0,64261,M,4317060.0,-53194.0,64
201000005059,10,4,29,2045,2,1,1,1.0,6.0,64126,M,4316940.0,-60134.0,64