Num_Acc,an,mois,jour,hrmn,lum,agg,int,atm,col,com,gps,lat,long,dep
201000005060,10,5,15,1900,1,1,1,8.0,6.0,64328,M,4322170.0,-63213.0,64
201000005061,10,11,20,1130,1,1,1,1.0,5.0,64206,M,4307250.0,-60723.0,64
201000005062,10,6,8,1730,1,1,1,1.0,7.0,64040,M,4297060.0,-76519.0,64
201000005063,10,9,21,830,1,1,1,2.0,7.0,64310,M,4311340.0,-74314.0,64
201000005064,10,4,25,1645,1,2,1,1.0,6.0,64353,M,4309500.0,-41856.0,64
201000005065,10,5,14,1500,1,1,1,1.0,6.0,64353,M,4309230.0,-37346.0,64
201000005066,10,5,23,1145,1,1,1,7.0,6.0,64128,M,4305990.0,-45378.0,64
201000005067,10,11,26,1900,5,2,1,1.0,6.0,64062,M,4310290.0,-42212.0,64
201000005068,10,2,28,1830,1,2,1,1.0,6.0,64393,M,4335350.0,-52813.0,64
201000005069,10,6,22,1615,1,1,1,1.0,3.0,64529,M,4330360.0,-76220.0,64
201000005070,10,6,27,1600,1,2,1,1.0,3.0,64393,M,4332250.0,-56969.0,64
201000005071,10,1,13,1530,1,2,1,1.0,6.0,64430,M,4348750.0,-77307.0,64
201000005072,10,1,16,1830,5,2,1,2.0,6.0,64430,M,4349050.0,-76861.0,64
201000005073,10,5,14,1900,1,1,1,1.0,2.0,64430,M,4348840.0,-82270.0,64
201000005074,10,5,23,1215,1,1,1,1.0,6.0,64177,M,4346290.0,-70008.0,64
201000005075,10,9,14,800,1,2,1,7.0,4.0,64430,M,4349000.0,-78959.0,64
201000005076,10,6,17,1500,1,1,1,2.0,6.0,64301,M,4339070.0,-64510.0,64
201000005077,10,1,4,745,2,1,1,1.0,1.0,64061,M,4340300.0,-58994.0,64
201000005078,10,2,20,915,1,1,1,2.0,3.0,64450,M,4348890.0,-56190.0,64
201000005079,10,2,26,1115,1,1,1,1.0,2.0,64087,M,4351080.0,-84457.0,64
201000005080,10,4,18,1900,1,2,1,1.0,1.0,64462,M,4352090.0,-88582.0,64
201000005081,10,8,15,1800,1,1,2,1.0,3.0,64403,M,4337380.0,-86260.0,64
201000005082,10,12,22,1430,1,2,1,1.0,6.0,64499,M,4347080.0,-92915.0,64
201000005083,10,2,2,830,1,1,1,1.0,7.0,86031,M,0.0,0.0,86
201000005084,10,2,16,415,3,2,1,1.0,6.0,86226,M,4655900.0,50300.0,86
201000005085,10,2,26,1330,1,2,1,1.0,1.0,86297,M,0.0,0.0,86
201000005086,10,4,10,415,3,1,1,8.0,6.0,86226,M,4657100.0,52700.0,86
201000005087,10,4,17,1315,1,1,1,1.0,1.0,86114,M,0.0,0.0,86
201000005088,10,7,29,2045,1,2,2,1.0,3.0,86256,M,4653400.0,49100.0,86
201000005089,10,8,8,1900,1,1,1,1.0,3.0,86194,M,0.0,0.0,86
201000005090,10,9,19,1745,1,1,1,1.0,5.0,86100,M,0.0,0.0,86
201000005091,10,4,22,1930,2,1,1,1.0,6.0,86062,M,0.0,0.0,86
201000005092,10,5,26,1930,1,1,1,1.0,3.0,86222,M,0.0,0.0,86
201000005093,10,9,24,1400,1,1,1,1.0,7.0,86115,M,0.0,0.0,86
201000005094,10,2,10,2100,5,2,9,9.0,6.0,86139,M,4644500.0,13300.0,86
201000005095,10,2,28,1000,1,1,1,6.0,1.0,86145,M,0.0,0.0,86
201000005096,10,6,19,1745,1,1,1,1.0,3.0,86188,M,0.0,0.0,86
201000005097,10,6,28,1700,1,1,1,1.0,6.0,86213,M,4642400.0,-400.0,86
201000005098,10,7,3,2100,1,1,1,1.0,7.0,86065,M,0.0,0.0,86
201000005099,10,7,18,230,3,1,1,1.0,6.0,86244,M,0.0,0.0,86
201000005100,10,8,26,1700,1,1,1,1.0,2.0,86213,M,0.0,0.0,86
201000005101,10,9,18,30,3,1,1,1.0,6.0,86065,M,4641500.0,33000.0,86
201000005102,10,10,15,1000,1,1,1,1.0,1.0,86211,M,4626700.0,28900.0,86
201000005103,10,1,11,745,5,2,1,1.0,6.0,86177,M,4669000.0,24600.0,86
201000005104,10,1,15,2030,3,1,1,8.0,1.0,86102,M,0.0,0.0,86
201000005105,10,1,26,1915,3,1,1,1.0,7.0,86056,M,0.0,0.0,86
201000005106,10,1,30,1600,1,1,1,4.0,1.0,86076,M,0.0,0.0,86
201000005107,10,2,3,2330,5,2,1,1.0,6.0,86074,M,0.0,0.0,86
201000005108,10,3,6,1130,1,1,1,1.0,6.0,86292,M,0.0,0.0,86
201000005109,10,3,11,1115,1,1,1,1.0,1.0,86076,M,0.0,0.0,86
201000005110,10,3,18,1800,1,1,1,1.0,2.0,86281,M,4673100.0,30200.0,86
201000005111,10,5,2,630,2,1,1,1.0,7.0,86204,M,0.0,0.0,86
201000005112,10,5,12,845,1,2,1,1.0,2.0,86121,M,4662400.0,7400.0,86
201000005113,10,5,10,1215,1,1,1,2.0,1.0,86071,M,0.0,0.0,86
201000005114,10,5,21,1630,1,1,1,1.0,1.0,86281,M,0.0,0.0,86
201000005115,10,5,21,2015,1,1,1,1.0,1.0,86048,M,4671500.0,25300.0,86
201000005116,10,6,4,830,1,2,2,1.0,3.0,86016,M,0.0,0.0,86
201000005117,10,6,11,130,4,1,1,1.0,6.0,86016,M,4666400.0,33300.0,86
201000005118,10,6,18,1800,1,1,1,1.0,7.0,86177,M,0.0,0.0,86
201000005119,10,7,11,1045,1,2,1,2.0,6.0,86177,M,4669000.0,24500.0,86
201000005120,10,7,13,315,3,1,2,1.0,3.0,86102,M,4665700.0,13000.0,86
201000005121,10,7,14,1015,1,1,1,2.0,3.0,86030,M,0.0,0.0,86
201000005122,10,7,17,1815,1,1,1,1.0,3.0,86271,M,0.0,0.0,86
201000005123,10,7,17,1615,1,1,2,1.0,3.0,86074,M,4664600.0,14300.0,86
201000005124,10,9,8,1030,1,1,2,1.0,3.0,86002,M,4676300.0,16100.0,86
201000005125,10,9,18,1830,1,1,1,1.0,6.0,86076,M,0.0,0.0,86
201000005126,10,12,3,1800,2,2,1,1.0,6.0,86294,M,0.0,0.0,86
201000005127,10,6,5,1545,1,1,1,1.0,7.0,86097,M,0.0,0.0,86
201000005128,10,6,8,1730,1,1,1,1.0,7.0,86248,M,0.0,0.0,86
201000005129,10,7,14,1430,1,2,1,1.0,3.0,86103,M,0.0,0.0,86
201000005130,10,8,4,645,1,2,1,1.0,6.0,86263,M,0.0,0.0,86
201000005131,10,8,8,1700,1,1,1,1.0,7.0,86103,M,0.0,0.0,86
201000005132,10,10,4,630,3,2,1,1.0,6.0,86103,M,0.0,0.0,86
201000005133,10,10,14,745,2,1,1,1.0,7.0,86248,M,0.0,0.0,86
201000005134,10,11,4,1830,3,1,3,2.0,1.0,86010,M,0.0,0.0,86
201000005135,10,2,14,1830,3,1,1,1.0,1.0,86111,M,4688000.0,59500.0,86
201000005136,10,4,1,1745,1,1,1,1.0,6.0,86092,M,0.0,0.0,86
201000005137,10,4,16,1445,1,2,1,1.0,1.0,86092,M,4693200.0,61000.0,86
201000005138,10,5,6,745,1,1,3,1.0,3.0,86186,M,4688500.0,61200.0,86
201000005139,10,5,22,930,1,1,1,1.0,3.0,86183,M,0.0,0.0,86
201000005140,10,7,12,2030,1,1,1,1.0,2.0,86042,M,4696000.0,69000.0,86
201000005141,10,9,29,1230,1,1,1,1.0,2.0,86174,M,0.0,0.0,86
201000005142,10,11,18,1815,3,1,1,1.0,4.0,86092,M,0.0,0.0,86
201000005143,10,1,17,1415,1,1,1,1.0,7.0,86221,M,0.0,0.0,86
201000005144,10,3,24,1445,1,1,1,1.0,2.0,86047,M,0.0,0.0,86
201000005145,10,5,9,530,3,1,1,5.0,7.0,86224,M,0.0,0.0,86
201000005146,10,7,8,815,1,1,1,7.0,1.0,86272,M,0.0,0.0,86
201000005147,10,7,31,800,1,1,1,1.0,3.0,86258,M,0.0,0.0,86
201000005148,10,8,11,830,1,1,1,2.0,7.0,86272,M,0.0,0.0,86
201000005149,10,8,19,930,1,1,1,1.0,1.0,86265,M,4687000.0,37000.0,86
201000005150,10,9,17,2245,3,1,2,1.0,3.0,86258,M,0.0,0.0,86
201000005151,10,10,3,815,1,1,1,1.0,1.0,86272,M,4681700.0,43300.0,86
201000005152,10,11,6,1230,1,1,1,8.0,1.0,86128,M,0.0,0.0,86
201000005153,10,12,6,1315,1,2,1,2.0,2.0,86258,M,0.0,0.0,86
201000005154,10,3,29,945,1,1,1,1.0,5.0,86036,M,4705500.0,4200.0,86
201000005155,10,4,2,1200,1,1,1,2.0,1.0,86137,M,4701500.0,6600.0,86
201000005156,10,4,22,1845,1,2,2,1.0,1.0,86137,M,0.0,0.0,86
201000005157,10,9,22,1100,1,2,9,1.0,1.0,86229,M,0.0,0.0,86
201000005158,10,10,14,2000,1,1,1,1.0,1.0,86137,M,4702300.0,6800.0,86
201000005159,10,11,25,1145,1,1,1,8.0,1.0,86137,M,4699800.0,12100.0,86
201000005160,10,3,1,1800,1,2,1,2.0,6.0,86032,M,0.0,0.0,86
201000005161,10,3,21,1730,1,2,1,1.0,6.0,86086,M,0.0,0.0,86
201000005162,10,10,11,1415,1,1,1,1.0,1.0,86125,M,0.0,0.0,86
201000005163,10,11,18,700,2,1,1,1.0,6.0,86245,M,0.0,0.0,86
201000005164,10,3,15,1500,1,2,1,1.0,6.0,86225,M,0.0,0.0,86
201000005165,10,4,7,1900,1,1,1,1.0,3.0,86201,M,0.0,0.0,86
201000005166,10,5,1,1230,1,2,6,1.0,3.0,86167,M,4692000.0,20500.0,86
201000005167,10,6,26,200,3,1,1,1.0,1.0,86075,M,0.0,0.0,86
201000005168,10,8,1,230,3,1,1,1.0,7.0,86225,M,4683100.0,9100.0,86
201000005169,10,1,14,1400,1,2,1,1.0,3.0,86165,M,0.0,0.0,86
201000005170,10,1,15,2200,3,1,1,1.0,7.0,86117,M,0.0,0.0,86
201000005171,10,7,27,1530,1,1,1,1.0,1.0,86170,M,4635400.0,78900.0,86
201000005172,10,9,21,1600,1,1,1,1.0,5.0,86191,M,0.0,0.0,86
201000005173,10,10,7,1115,1,1,1,1.0,5.0,86153,M,0.0,0.0,86
201000005174,10,11,3,1115,1,1,1,1.0,5.0,86153,M,0.0,0.0,86
201000005175,10,3,21,1515,1,1,1,1.0,3.0,86070,M,4659000.0,64900.0,86
201000005176,10,5,22,1445,1,1,1,1.0,7.0,86122,M,0.0,0.0,86
201000005177,10,6,27,415,5,2,6,1.0,6.0,86126,M,0.0,0.0,86
201000005178,10,6,28,1030,1,1,1,1.0,2.0,86126,M,4653200.0,73200.0,86
201000005179,10,7,1,345,3,1,1,1.0,1.0,86070,M,0.0,0.0,86
201000005180,10,10,2,1830,1,1,1,1.0,1.0,86239,M,4661300.0,69000.0,86
201000005181,10,10,14,2000,3,1,1,1.0,1.0,86114,M,4657100.0,60600.0,86
201000005182,10,10,17,815,1,1,1,1.0,6.0,86261,M,4656500.0,43900.0,86
201000005183,10,10,17,1545,1,1,1,1.0,5.0,86114,M,4656000.0,58000.0,86
201000005184,10,4,8,1615,1,1,1,1.0,3.0,86237,M,0.0,0.0,86
201000005185,10,7,13,1745,1,2,1,1.0,3.0,86061,M,0.0,0.0,86
201000005186,10,9,11,1930,1,2,1,1.0,1.0,86078,M,4614900.0,30300.0,86
201000005187,10,11,10,2100,3,2,1,2.0,3.0,86237,M,0.0,0.0,86
201000005188,10,3,14,845,1,1,1,1.0,6.0,86203,M,4633200.0,63100.0,86
201000005189,10,10,19,1545,1,1,1,1.0,6.0,86289,M,4625100.0,67000.0,86
201000005190,10,5,22,1945,1,1,1,1.0,7.0,86273,M,4647500.0,105900.0,86
201000005191,10,3,6,1930,2,1,3,1.0,3.0,16078,M,5079000.0,296000.0,16
201000005192,10,4,28,815,1,1,1,1.0,3.0,16078,M,5079000.0,296000.0,16
201000005193,10,7,15,1345,1,1,1,1.0,2.0,16061,M,5082000.0,250000.0,16
201000005194,10,8,4,1700,1,1,1,1.0,1.0,16061,M,5082000.0,250000.0,16
201000005195,10,12,5,1745,3,1,3,2.0,3.0,16146,M,4562020.0,26310.0,16
201000005196,10,12,19,1730,2,1,3,1.0,3.0,16078,M,4571670.0,22960.0,16
201000005197,10,1,31,1230,1,1,1,1.0,6.0,16198,M,5055300.0,231710.0,16
201000005198,10,2,6,1545,1,1,2,1.0,3.0,16283,M,5053000.0,248000.0,16
201000005199,10,2,14,30,3,1,1,1.0,6.0,16120,M,5067000.0,230000.0,16
201000005200,10,6,19,2330,3,1,1,1.0,7.0,16143,M,5058500.0,236200.0,16
201000005201,10,7,11,1530,1,1,1,1.0,7.0,16120,M,5067000.0,230000.0,16
201000005202,10,7,23,1930,1,1,6,1.0,7.0,16287,M,5063000.0,253000.0,16
201000005203,10,8,26,1630,1,1,1,1.0,1.0,16101,M,5065000.0,283000.0,16
201000005204,10,8,30,900,1,1,1,1.0,7.0,16420,M,5056600.0,245850.0,16
201000005205,10,9,9,900,1,1,2,8.0,3.0,16408,M,4548750.0,27240.0,16
201000005206,10,10,2,400,3,1,1,1.0,6.0,16418,M,4559580.0,15130.0,16
201000005207,10,11,11,700,2,1,1,9.0,7.0,16283,M,4546060.0,26090.0,16
201000005208,10,12,19,900,1,1,1,8.0,7.0,16382,M,4559830.0,19820.0,16
201000005209,10,9,10,1400,1,2,1,1.0,6.0,16230,M,4539920.0,13210.0,16
201000005210,10,12,7,1900,3,1,1,8.0,1.0,16222,M,4532950.0,7340.0,16
201000005211,10,2,5,745,2,2,1,1.0,1.0,16304,M,5075000.0,290000.0,16
201000005212,10,2,21,1100,1,1,1,2.0,6.0,16330,M,5080000.0,304400.0,16
201000005213,10,3,8,1100,1,1,1,6.0,1.0,16097,M,5082000.0,298000.0,16
201000005214,10,3,12,1545,1,1,1,7.0,6.0,16169,M,5075000.0,299000.0,16
201000005215,10,5,14,1430,1,2,1,1.0,3.0,16097,M,5082000.0,298000.0,16
201000005216,10,7,7,2115,2,1,3,1.0,3.0,16097,M,5082000.0,298000.0,16
201000005217,10,7,19,2230,5,2,9,1.0,1.0,16097,M,5082000.0,298000.0,16
201000005218,10,7,31,30,5,1,2,1.0,3.0,16097,M,5082000.0,298000.0,16
201000005219,10,9,15,915,1,2,1,1.0,2.0,16217,M,4566850.0,-35280.0,16
201000005220,10,9,26,1015,1,2,1,1.0,7.0,16060,M,4577560.0,-27300.0,16
201000005221,10,10,1,1745,2,1,1,1.0,7.0,16097,M,4572250.0,-34340.0,16
201000005222,10,1,6,1000,1,1,1,4.0,2.0,16276,M,5046000.0,270000.0,16
201000005223,10,1,30,2030,3,1,1,1.0,6.0,16028,M,5055000.0,275000.0,16
201000005224,10,2,15,1730,1,2,1,1.0,6.0,16028,M,5055000.0,275000.0,16
201000005225,10,2,18,1400,1,1,1,1.0,1.0,16105,M,5045200.0,274900.0,16
201000005226,10,2,21,600,3,1,1,2.0,6.0,16028,M,5055000.0,275000.0,16
201000005227,10,4,18,1730,1,1,1,1.0,7.0,16025,M,5046700.0,253200.0,16
201000005228,10,5,15,1330,1,1,9,1.0,3.0,16030,M,5054200.0,282500.0,16
201000005229,10,7,22,1915,2,1,2,1.0,3.0,16028,M,5055000.0,275000.0,16
201000005230,10,8,22,1645,1,1,1,1.0,7.0,16099,M,0.0,0.0,16
201000005231,10,10,31,1700,2,1,1,8.0,3.0,16041,M,4573340.0,-2700.0,16
201000005232,10,11,11,930,1,1,1,2.0,7.0,16276,M,4543550.0,-15800.0,16
201000005233,10,1,16,115,3,1,1,1.0,2.0,16056,M,5074900.0,284420.0,16
201000005234,10,2,25,1800,2,1,1,2.0,1.0,16234,M,5073500.0,263700.0,16
201000005235,10,3,4,745,2,1,1,1.0,3.0,16351,M,5069500.0,266257.0,16
201000005236,10,5,8,1830,1,2,2,1.0,3.0,16057,M,4560360.0,-13660.0,16
201000005237,10,8,6,730,1,2,1,1.0,2.0,16243,M,5079400.0,286500.0,16
201000005238,10,8,20,1530,1,1,1,1.0,1.0,16013,M,5072500.0,273000.0,16
201000005239,10,8,21,1515,1,1,1,1.0,6.0,16150,M,5072500.0,287420.0,16
201000005240,10,8,29,1115,1,2,1,1.0,3.0,16167,M,5075000.0,280000.0,16
201000005241,10,9,4,100,3,1,1,1.0,6.0,16186,M,4558090.0,-17800.0,16
201000005242,10,9,7,2115,3,1,1,1.0,6.0,16056,M,4566740.0,-21400.0,16
201000005243,10,9,19,1730,1,1,1,1.0,3.0,16050,M,4558290.0,-12620.0,16
201000005244,10,9,20,1900,1,2,3,1.0,2.0,16088,M,4571860.0,-20650.0,16
201000005245,10,9,29,1800,1,1,1,1.0,2.0,16277,M,4574760.0,-26480.0,16
201000005246,10,10,27,800,3,1,1,1.0,1.0,16013,M,4561710.0,-7240.0,16
201000005247,10,10,28,630,3,1,1,2.0,5.0,16349,M,4578200.0,-25100.0,16
201000005248,10,12,22,1400,1,1,1,3.0,1.0,16366,M,4560930.0,-21540.0,16
201000005249,10,1,15,2100,5,2,7,1.0,7.0,16065,M,5115000.0,175000.0,16
201000005250,10,1,18,630,3,1,1,9.0,6.0,16065,M,5115000.0,175000.0,16
201000005251,10,2,4,1815,2,1,2,1.0,3.0,16009,M,5095000.0,252200.0,16
201000005252,10,2,4,1800,2,1,1,1.0,1.0,16106,M,5110000.0,185000.0,16
201000005253,10,5,30,1400,1,1,1,2.0,6.0,16134,M,5098500.0,184700.0,16
201000005254,10,6,23,2200,2,1,1,1.0,1.0,16132,M,5100000.0,170000.0,16
201000005255,10,7,8,930,1,1,1,1.0,1.0,16086,M,5094600.0,174800.0,16
201000005256,10,7,17,1600,1,1,1,1.0,3.0,16337,M,5107000.0,182000.0,16
201000005257,10,7,21,100,3,1,1,1.0,6.0,16100,M,5101700.0,186900.0,16
201000005258,10,8,2,1415,1,1,1,1.0,1.0,16181,M,5118700.0,184700.0,16
201000005259,10,8,16,1945,2,1,2,1.0,3.0,16164,M,4604600.0,62700.0,16
201000005260,10,8,24,2000,2,2,1,1.0,1.0,16009,M,5108800.0,199140.0,16
201000005261,10,9,1,745,1,2,1,7.0,3.0,16132,M,4589480.0,78400.0,16
201000005262,10,9,1,1130,1,2,3,1.0,3.0,16106,M,4601790.0,67150.0,16
201000005263,10,9,8,1515,1,1,1,1.0,6.0,16001,M,4548750.0,27240.0,16
201000005264,10,11,29,1745,5,2,1,1.0,1.0,16259,M,4588110.0,61760.0,16
201000005265,10,3,10,900,1,1,1,4.0,1.0,16085,M,5092000.0,210000.0,16
201000005266,10,3,25,1000,1,1,1,1.0,6.0,16336,M,5092500.0,254700.0,16
201000005267,10,7,9,1230,1,1,1,1.0,5.0,16085,M,5092000.0,210000.0,16
201000005268,10,7,25,1830,1,1,1,1.0,6.0,16085,M,5092000.0,210000.0,16
201000005269,10,8,6,1215,1,2,1,1.0,3.0,16192,M,5098500.0,194900.0,16
201000005270,10,9,12,2100,3,1,1,1.0,1.0,16225,M,4576470.0,56150.0,16
201000005271,10,10,13,1045,1,1,1,1.0,6.0,16245,M,4586840.0,52830.0,16
201000005272,10,10,14,1945,5,2,3,1.0,5.0,16192,M,4588290.0,57270.0,16
201000005273,10,11,21,1845,5,2,2,2.0,3.0,16192,M,4588290.0,57260.0,16
201000005274,10,1,2,2145,3,1,1,1.0,6.0,16038,M,5115300.0,209310.0,16
201000005275,10,3,11,1715,1,2,1,1.0,1.0,16229,M,5121000.0,246000.0,16
201000005276,10,3,28,2115,3,1,1,1.0,7.0,16253,M,5114500.0,260000.0,16
201000005277,10,4,15,1730,1,2,1,1.0,1.0,16292,M,5114200.0,237400.0,16
201000005278,10,4,28,1430,1,2,3,1.0,3.0,16391,M,4598100.0,15800.0,16
201000005279,10,10,4,1615,1,2,1,8.0,6.0,16292,M,4603080.0,20410.0,16
201000005280,10,10,30,1015,1,1,2,8.0,3.0,16410,M,4599120.0,20050.0,16
201000005281,10,1,7,945,1,1,1,4.0,6.0,16244,M,5064000.0,255000.0,16
201000005282,10,5,12,1400,1,2,1,1.0,1.0,16138,M,5071000.0,253000.0,16
201000005283,10,8,6,1315,1,1,9,1.0,1.0,16163,M,5074500.0,259000.0,16
201000005284,10,8,6,1630,1,1,1,1.0,3.0,16388,M,4564200.0,4700.0,16
201000005285,10,8,14,1600,1,2,1,1.0,6.0,16187,M,5075000.0,250700.0,16
201000005286,10,8,24,1300,1,1,1,1.0,3.0,16163,M,5074500.0,259000.0,16
201000005287,10,12,13,2115,5,1,1,1.0,1.0,16244,M,,,16
201000005288,10,1,6,1,3,2,1,4.0,6.0,16272,M,5096000.0,237000.0,16
201000005289,10,3,11,2215,3,1,1,1.0,6.0,16295,M,5083500.0,256200.0,16
201000005290,10,7,14,630,2,1,1,1.0,6.0,16200,M,5094300.0,239900.0,16
201000005291,10,8,21,2130,3,1,1,1.0,6.0,16081,M,5093300.0,255100.0,16
201000005292,10,9,21,2345,3,2,1,1.0,6.0,16081,M,4582790.0,6170.0,16
201000005293,10,12,15,1945,3,1,1,1.0,1.0,16011,M,4570500.0,18750.0,16
201000005294,10,7,3,615,2,2,1,2.0,6.0,16093,M,5072000.0,218570.0,16
201000005295,10,8,7,1400,1,1,1,1.0,6.0,16421,M,5074200.0,208140.0,16
201000005296,10,9,26,1430,1,1,1,1.0,6.0,16158,M,4558190.0,40340.0,16
201000005297,10,9,29,645,2,1,9,1.0,3.0,16344,M,4573610.0,35660.0,16
201000005298,10,10,7,1800,2,1,1,1.0,6.0,16250,M,4569550.0,47280.0,16
201000005299,10,10,21,1945,5,2,2,1.0,3.0,16281,M,4574540.0,38430.0,16
201000005300,10,10,31,145,3,1,1,2.0,6.0,16344,M,4573340.0,33830.0,16
201000005301,10,11,2,1215,1,1,2,1.0,3.0,16406,M,4567530.0,41440.0,16
201000005302,10,11,2,1430,1,1,1,1.0,6.0,16003,M,4576780.0,30200.0,16
201000005303,10,11,12,1345,1,1,1,3.0,2.0,16379,M,4577720.0,40460.0,16
201000005304,10,12,6,1715,5,1,2,3.0,3.0,16379,M,4577340.0,44870.0,16
201000005305,10,12,8,1700,1,2,1,1.0,2.0,16281,M,4573640.0,38670.0,16
201000005306,10,12,21,1800,5,2,1,2.0,6.0,16281,M,4573960.0,38740.0,16
201000005307,10,12,30,830,1,1,1,1.0,6.0,16274,M,4571900.0,40990.0,16
201000005308,10,3,18,1500,1,2,2,2.0,3.0,16286,M,5086100.0,266500.0,16
201000005309,10,4,19,700,2,1,1,1.0,3.0,16156,M,5090000.0,258000.0,16
201000005310,10,5,23,1730,1,1,1,1.0,1.0,16207,M,5095000.0,255000.0,16
201000005311,10,11,12,1600,1,1,1,3.0,6.0,16312,M,4576630.0,-1170.0,16
201000005312,10,1,5,800,5,2,1,1.0,3.0,17193,M,4613400.0,-107700.0,17
201000005313,10,3,17,745,1,1,1,1.0,3.0,17315,M,0.0,0.0,17
201000005314,10,4,10,1300,1,1,1,1.0,2.0,17109,M,0.0,0.0,17
201000005315,10,4,20,1945,1,2,1,1.0,3.0,17315,M,0.0,0.0,17
201000005316,10,5,2,1715,1,2,1,1.0,3.0,17420,M,0.0,0.0,17
201000005317,10,5,6,1730,1,2,1,1.0,3.0,17094,M,0.0,0.0,17
201000005318,10,5,23,2330,5,2,1,1.0,3.0,17094,M,0.0,0.0,17
201000005319,10,6,5,1115,1,1,2,1.0,3.0,17315,M,4614000.0,-94300.0,17
201000005320,10,6,25,1745,1,2,1,1.0,3.0,17094,M,4608500.0,-109200.0,17
201000005321,10,7,5,1200,1,1,1,1.0,1.0,17413,M,4607800.0,-102899.0,17
201000005322,10,7,2,1730,1,1,1,1.0,2.0,17010,M,4611600.0,-110100.0,17
201000005323,10,7,29,1615,1,1,1,1.0,1.0,17109,M,0.0,0.0,17
201000005324,10,8,13,1345,1,1,1,1.0,3.0,17109,M,4614600.0,-103699.0,17
201000005325,10,9,30,2015,2,2,1,1.0,6.0,17094,M,0.0,0.0,17
201000005326,10,10,11,945,1,2,1,1.0,3.0,17094,M,0.0,0.0,17
201000005327,10,11,7,1500,1,1,2,1.0,1.0,17373,M,4614300.0,-99200.0,17
201000005328,10,12,12,745,3,1,1,9.0,7.0,17420,M,0.0,0.0,17
201000005329,10,2,18,1945,3,2,1,1.0,3.0,17396,M,0.0,0.0,17
201000005330,10,3,23,1845,1,1,2,1.0,3.0,17376,M,4623900.0,-101800.0,17
201000005331,10,3,28,100,3,1,1,2.0,7.0,17218,M,0.0,0.0,17
201000005332,10,4,18,1730,1,1,1,1.0,7.0,17218,M,4630300.0,-108600.0,17
201000005333,10,6,13,1815,1,1,1,1.0,3.0,17349,M,4628700.0,-84700.0,17
201000005334,10,6,27,1145,1,1,1,1.0,2.0,17439,M,4632500.0,-83500.0,17
201000005335,10,7,4,1800,1,2,1,1.0,3.0,17472,M,0.0,0.0,17
201000005336,10,7,10,245,5,2,1,1.0,6.0,17091,M,4630400.0,-109600.0,17
201000005337,10,8,19,945,1,1,1,1.0,3.0,17008,M,0.0,0.0,17
201000005338,10,8,22,45,4,2,1,1.0,3.0,17008,M,4625000.0,-103000.0,17
201000005339,10,8,19,1700,1,1,1,1.0,3.0,17472,M,0.0,0.0,17
201000005340,10,10,13,2015,3,1,1,1.0,6.0,17008,M,0.0,0.0,17
201000005341,10,10,17,715,2,1,1,1.0,6.0,17008,M,0.0,0.0,17
201000005342,10,11,3,1030,1,2,1,1.0,6.0,17132,M,4622000.0,-70400.0,17
201000005343,10,11,18,1915,5,1,1,3.0,3.0,17158,M,4623700.0,-84200.0,17
201000005344,10,2,6,900,1,1,1,2.0,3.0,17369,M,0.0,0.0,17
201000005345,10,4,2,830,1,2,1,2.0,1.0,17051,M,4619100.0,-139900.0,17
201000005346,10,4,8,1715,1,2,1,1.0,3.0,17161,M,4619200.0,-132900.0,17
201000005347,10,4,15,1830,1,2,1,1.0,1.0,17161,M,4619100.0,-132200.0,17
201000005348,10,5,15,1500,1,1,1,1.0,2.0,17360,M,4616000.0,-133900.0,17
201000005349,10,5,25,1445,1,1,1,1.0,2.0,17369,M,4620400.0,-139600.0,17
201000005350,10,6,7,900,1,1,1,1.0,3.0,17121,M,0.0,0.0,17
201000005351,10,7,20,1400,1,1,1,1.0,2.0,17019,M,0.0,0.0,17
201000005352,10,7,24,715,1,1,1,1.0,6.0,17318,M,0.0,0.0,17
201000005353,10,7,26,1200,1,2,6,1.0,3.0,17369,M,0.0,0.0,17
201000005354,10,7,30,1445,1,2,1,1.0,3.0,17019,M,0.0,0.0,17
201000005355,10,8,11,215,5,1,1,1.0,6.0,17051,M,4619100.0,-140300.0,17
201000005356,10,8,25,2215,3,1,1,1.0,1.0,17051,M,4617000.0,-135500.0,17
201000005357,10,1,18,1245,1,2,3,7.0,3.0,17233,M,0.0,0.0,17
201000005358,10,3,7,1000,1,1,1,1.0,2.0,17476,M,0.0,0.0,17
201000005359,10,3,21,1345,1,1,1,1.0,1.0,17270,M,0.0,0.0,17
201000005360,10,4,25,1200,1,2,1,1.0,6.0,17016,M,0.0,0.0,17
201000005361,10,5,2,315,3,1,1,1.0,7.0,17363,M,0.0,0.0,17
201000005362,10,5,2,1145,1,1,1,1.0,2.0,17082,M,0.0,0.0,17
201000005363,10,5,29,1215,1,1,1,1.0,6.0,17082,M,0.0,0.0,17
201000005364,10,6,6,1945,1,2,8,1.0,3.0,17339,M,0.0,0.0,17
201000005365,10,6,8,1000,1,2,2,1.0,3.0,17197,M,0.0,0.0,17
201000005366,10,6,12,600,2,1,1,1.0,6.0,17192,M,0.0,0.0,17
201000005367,10,6,19,330,3,1,1,2.0,1.0,17339,M,0.0,0.0,17
201000005368,10,7,5,1200,1,1,1,1.0,1.0,17106,M,0.0,0.0,17
201000005369,10,7,7,1900,1,1,1,1.0,3.0,17403,M,0.0,0.0,17