Num_Acc,an,mois,jour,hrmn,lum,agg,int,atm,col,com,gps,lat,long,dep
201000005370,10,10,10,1845,2,1,1,8.0,1.0,17371,M,0.0,0.0,17
201000005371,10,10,16,30,3,1,9,1.0,6.0,17403,M,0.0,0.0,17
201000005372,10,10,22,745,1,2,1,1.0,3.0,17197,M,0.0,0.0,17
201000005373,10,1,31,1715,1,1,1,7.0,1.0,17052,M,4531900.0,-54300.0,17
201000005374,10,2,16,1700,1,1,2,1.0,3.0,17390,M,4543400.0,-65900.0,17
201000005375,10,2,17,1315,1,2,1,1.0,1.0,17379,M,4552100.0,-59500.0,17
201000005376,10,4,5,1430,1,2,1,1.0,1.0,17084,M,4551800.0,-64100.0,17
201000005377,10,6,1,2115,2,1,1,1.0,6.0,17111,M,0.0,0.0,17
201000005378,10,6,30,2100,1,1,6,7.0,3.0,17328,M,0.0,0.0,17
201000005379,10,8,13,700,1,1,1,1.0,7.0,17236,M,4539000.0,-57900.0,17
201000005380,10,8,30,2030,1,1,1,1.0,3.0,17263,M,4541000.0,-53200.0,17
201000005381,10,11,15,900,1,1,1,2.0,7.0,17328,M,4544300.0,-74500.0,17
201000005382,10,1,12,1630,1,1,1,2.0,1.0,17454,M,4535300.0,-42800.0,17
201000005383,10,2,5,1230,1,1,1,1.0,6.0,17243,M,4523500.0,-34500.0,17
201000005384,10,3,16,430,3,1,1,1.0,6.0,17074,M,4519800.0,-45600.0,17
201000005385,10,3,29,1630,1,1,1,1.0,1.0,17240,M,4530600.0,-39900.0,17
201000005386,10,5,4,1030,1,1,1,6.0,1.0,17092,M,0.0,0.0,17
201000005387,10,7,16,2315,3,1,1,1.0,7.0,17454,M,0.0,0.0,17
201000005388,10,12,24,1715,2,1,1,1.0,6.0,17118,M,4525200.0,-40400.0,17
201000005389,10,4,11,1645,1,1,1,1.0,6.0,17365,M,4522600.0,-19900.0,17
201000005390,10,4,20,1800,1,1,4,1.0,3.0,17309,M,4517400.0,-5100.0,17
201000005391,10,7,25,1445,1,1,1,1.0,7.0,17366,M,4514400.0,-11600.0,17
201000005392,10,8,21,1830,1,1,3,1.0,3.0,17241,M,4522500.0,-19200.0,17
201000005393,10,8,31,45,5,2,1,1.0,6.0,17241,M,4521500.0,-18700.0,17
201000005394,10,10,22,1715,1,1,1,1.0,5.0,17309,M,0.0,0.0,17
201000005395,10,12,11,2345,5,2,9,1.0,6.0,17365,M,4522300.0,-19100.0,17
201000005396,10,1,19,1915,3,1,1,2.0,6.0,17058,M,4583900.0,-113100.0,17
201000005397,10,3,19,800,1,1,1,1.0,7.0,17185,M,4575000.0,-94800.0,17
201000005398,10,4,8,1800,1,1,1,1.0,3.0,17185,M,0.0,0.0,17
201000005399,10,5,8,1700,1,1,1,1.0,1.0,17189,M,4582800.0,-104400.0,17
201000005400,10,5,16,1045,1,1,1,1.0,3.0,17058,M,4584000.0,-113200.0,17
201000005401,10,8,3,1630,1,1,1,7.0,1.0,17219,M,4583100.0,-109300.0,17
201000005402,10,8,5,800,1,1,1,1.0,1.0,17058,M,0.0,0.0,17
201000005403,10,8,23,1545,1,1,1,1.0,4.0,17058,M,4584400.0,-114700.0,17
201000005404,10,9,21,1830,1,1,1,1.0,1.0,17406,M,4576800.0,-97900.0,17
201000005405,10,10,18,915,1,1,1,1.0,1.0,17351,M,0.0,0.0,17
201000005406,10,10,25,1600,1,1,1,1.0,1.0,17406,M,0.0,0.0,17
201000005407,10,12,11,915,1,1,9,9.0,2.0,17058,M,0.0,0.0,17
201000005408,10,8,13,1915,1,1,2,1.0,3.0,17429,M,0.0,0.0,17
201000005409,10,8,21,2000,1,2,1,1.0,6.0,17375,M,0.0,0.0,17
201000005410,10,9,8,1745,1,1,1,1.0,6.0,17308,M,0.0,0.0,17
201000005411,10,11,23,1745,2,2,1,1.0,1.0,17308,M,0.0,0.0,17
201000005412,10,12,4,1145,1,1,1,4.0,3.0,17083,M,0.0,0.0,17
201000005413,10,2,10,1900,5,2,9,8.0,1.0,17385,M,0.0,0.0,17
201000005414,10,4,10,2115,3,2,1,1.0,6.0,17385,M,0.0,0.0,17
201000005415,10,4,14,2115,5,1,1,1.0,3.0,17385,M,0.0,0.0,17
201000005416,10,5,14,1900,1,2,1,1.0,7.0,17323,M,0.0,0.0,17
201000005417,10,6,2,1430,1,2,1,1.0,1.0,17337,M,4597600.0,-135000.0,17
201000005418,10,6,6,700,1,1,1,1.0,6.0,17385,M,4592900.0,-134300.0,17
201000005419,10,6,5,1230,1,1,1,1.0,6.0,17385,M,0.0,0.0,17
201000005420,10,6,8,1700,1,2,1,1.0,3.0,17323,M,0.0,0.0,17
201000005421,10,6,18,945,1,2,2,1.0,1.0,17486,M,0.0,0.0,17
201000005422,10,6,30,1215,1,1,1,1.0,1.0,17337,M,4596600.0,-132100.0,17
201000005423,10,6,30,1530,1,1,1,1.0,1.0,17486,M,4600000.0,-136200.0,17
201000005424,10,7,4,845,1,2,1,1.0,6.0,17140,M,0.0,0.0,17
201000005425,10,7,5,1945,1,2,1,1.0,1.0,17411,M,0.0,0.0,17
201000005426,10,7,16,1330,1,2,1,1.0,7.0,17486,M,0.0,0.0,17
201000005427,10,7,18,1545,1,1,1,1.0,3.0,17385,M,4591800.0,-129900.0,17
201000005428,10,7,18,1915,1,2,1,1.0,7.0,17140,M,4590900.0,-125700.0,17
201000005429,10,7,22,2100,2,1,1,1.0,1.0,17385,M,0.0,0.0,17
201000005430,10,7,28,1115,1,2,1,1.0,3.0,17411,M,0.0,0.0,17
201000005431,10,8,4,900,1,2,1,1.0,3.0,17323,M,0.0,0.0,17
201000005432,10,8,17,1545,1,1,1,1.0,1.0,17093,M,0.0,0.0,17
201000005433,10,8,20,1315,1,2,1,1.0,3.0,17411,M,4584100.0,-120800.0,17
201000005434,10,8,23,1445,1,1,1,1.0,1.0,17337,M,4597600.0,-130800.0,17
201000005435,10,9,3,1015,1,1,1,1.0,6.0,17385,M,0.0,0.0,17
201000005436,10,9,8,1530,1,1,1,1.0,3.0,17337,M,0.0,0.0,17
201000005437,10,10,10,1800,1,2,1,1.0,3.0,17385,M,0.0,0.0,17
201000005438,10,10,20,930,1,1,3,1.0,3.0,17093,M,4587000.0,-119900.0,17
201000005439,10,11,10,1115,1,2,1,1.0,1.0,17093,M,4589000.0,-120600.0,17
201000005440,10,11,16,930,1,1,2,7.0,3.0,17323,M,0.0,0.0,17
201000005441,10,12,10,1530,1,1,1,1.0,1.0,17385,M,0.0,0.0,17
201000005442,10,12,22,1615,1,2,9,2.0,3.0,17140,M,0.0,0.0,17
201000005443,10,1,20,2115,3,1,1,2.0,3.0,17409,M,0.0,0.0,17
201000005444,10,1,24,245,3,1,1,2.0,6.0,17452,M,4578200.0,-116400.0,17
201000005445,10,1,29,1630,1,1,1,8.0,1.0,17247,M,4570800.0,-103400.0,17
201000005446,10,2,2,1815,1,1,6,1.0,3.0,17021,M,0.0,0.0,17
201000005447,10,3,6,1715,1,1,1,1.0,2.0,17452,M,4579200.0,-121300.0,17
201000005448,10,3,9,1545,1,1,1,1.0,7.0,17225,M,4573000.0,-113800.0,17
201000005449,10,3,27,1845,2,2,2,1.0,3.0,17021,M,0.0,0.0,17
201000005450,10,4,12,1030,1,2,1,1.0,7.0,17409,M,4567800.0,-100899.0,17
201000005451,10,4,17,1600,1,2,1,1.0,3.0,17452,M,4577400.0,-114100.0,17
201000005452,10,4,21,1415,1,1,1,1.0,3.0,17064,M,0.0,0.0,17
201000005453,10,6,16,800,1,1,1,3.0,1.0,17409,M,4567400.0,-100600.0,17
201000005454,10,7,24,1900,1,2,1,1.0,3.0,17151,M,0.0,0.0,17
201000005455,10,7,24,1845,1,1,1,1.0,2.0,17225,M,0.0,0.0,17
201000005456,10,7,31,2015,1,2,1,1.0,6.0,17452,M,0.0,0.0,17
201000005457,10,8,1,1730,1,1,1,1.0,5.0,17452,M,0.0,0.0,17
201000005458,10,8,21,600,3,1,1,5.0,6.0,17409,M,0.0,0.0,17
201000005459,10,8,25,2115,2,1,1,1.0,3.0,17452,M,4576400.0,-115700.0,17
201000005460,10,9,1,2015,1,1,1,1.0,7.0,17064,M,4568800.0,-103699.0,17
201000005461,10,10,7,1715,1,2,1,7.0,3.0,17064,M,4570000.0,-104499.0,17
201000005462,10,11,17,1430,1,1,1,3.0,3.0,17064,M,4568900.0,-105700.0,17
201000005463,10,3,5,1130,1,1,1,1.0,4.0,17463,M,4597900.0,-99100.0,17
201000005464,10,4,15,2215,5,2,1,1.0,3.0,17168,M,4598900.0,-108500.0,17
201000005465,10,5,14,2215,3,1,1,1.0,2.0,17346,M,4592500.0,-88400.0,17
201000005466,10,5,24,1600,1,1,1,1.0,3.0,17483,M,4603300.0,-104800.0,17
201000005467,10,7,18,215,5,1,1,1.0,1.0,17004,M,0.0,0.0,17
201000005468,10,7,30,1915,1,1,1,1.0,6.0,17346,M,4592300.0,-90000.0,17
201000005469,10,8,7,1730,1,1,1,1.0,3.0,17065,M,4598600.0,-95400.0,17
201000005470,10,8,9,1600,1,1,1,1.0,5.0,17353,M,0.0,0.0,17
201000005471,10,8,15,1045,1,1,1,1.0,1.0,17075,M,0.0,0.0,17
201000005472,10,9,12,630,3,1,1,1.0,6.0,17216,M,0.0,0.0,17
201000005473,10,9,26,1445,1,2,1,1.0,7.0,17253,M,4601800.0,-86200.0,17
201000005474,10,9,27,1915,2,1,1,1.0,7.0,17075,M,4593000.0,-84400.0,17
201000005475,10,11,28,700,3,1,1,1.0,7.0,17253,M,0.0,0.0,17
201000005476,10,3,6,1145,1,1,1,1.0,7.0,17080,M,0.0,0.0,17
201000005477,10,3,5,1515,1,1,1,1.0,6.0,17003,M,0.0,0.0,17
201000005478,10,4,10,1930,1,1,2,1.0,3.0,17057,M,0.0,0.0,17
201000005479,10,4,13,2100,3,1,1,1.0,1.0,17057,M,0.0,0.0,17
201000005480,10,5,4,2100,2,1,1,1.0,6.0,17340,M,0.0,0.0,17
201000005481,10,5,10,2200,2,1,1,1.0,3.0,17359,M,0.0,0.0,17
201000005482,10,6,23,1500,1,1,1,1.0,6.0,17482,M,0.0,0.0,17
201000005483,10,6,30,1815,1,2,1,1.0,3.0,17434,M,0.0,0.0,17
201000005484,10,7,7,1945,1,1,2,1.0,3.0,17394,M,0.0,0.0,17
201000005485,10,7,29,1845,1,2,1,1.0,6.0,17457,M,0.0,0.0,17
201000005486,10,7,31,1800,1,1,1,1.0,1.0,17382,M,0.0,0.0,17
201000005487,10,8,29,1530,1,2,1,1.0,1.0,17434,M,0.0,0.0,17
201000005488,10,10,11,300,3,1,1,1.0,7.0,17359,M,0.0,0.0,17
201000005489,10,10,12,1500,1,1,1,1.0,3.0,17166,M,0.0,0.0,17
201000005490,10,10,21,1430,1,2,1,1.0,6.0,17457,M,0.0,0.0,17
201000005491,10,10,26,1100,1,2,1,1.0,6.0,17394,M,0.0,0.0,17
201000005492,10,10,29,700,3,1,1,2.0,6.0,17382,M,0.0,0.0,17
201000005493,10,12,17,1930,3,1,1,1.0,7.0,17359,M,0.0,0.0,17
201000005494,10,12,17,1230,1,1,2,1.0,3.0,17203,M,0.0,0.0,17
201000005495,10,12,18,1115,1,2,1,4.0,3.0,17434,M,0.0,0.0,17
201000005496,10,12,17,1515,1,2,1,1.0,2.0,17434,M,0.0,0.0,17
201000005497,10,1,17,115,3,1,1,1.0,6.0,17171,M,0.0,0.0,17
201000005498,10,1,25,1715,1,2,2,1.0,3.0,17408,M,0.0,0.0,17
201000005499,10,2,27,2115,5,2,1,2.0,7.0,17089,M,0.0,0.0,17
201000005500,10,3,5,2345,3,1,1,1.0,6.0,17336,M,0.0,0.0,17
201000005501,10,4,23,1015,1,1,1,1.0,1.0,17387,M,4580300.0,-74200.0,17
201000005502,10,4,30,1930,1,2,3,1.0,3.0,17387,M,0.0,0.0,17
201000005503,10,5,10,1715,1,1,1,1.0,6.0,17100,M,4571000.0,-46500.0,17
201000005504,10,6,4,1700,1,1,1,1.0,1.0,17453,M,4589500.0,-91400.0,17
201000005505,10,6,20,845,1,1,1,1.0,6.0,17275,M,0.0,0.0,17
201000005506,10,6,27,1445,1,1,1,7.0,1.0,17147,M,0.0,0.0,17
201000005507,10,7,20,1300,1,1,1,1.0,3.0,17387,M,4581700.0,-79500.0,17
201000005508,10,7,24,30,3,1,1,1.0,1.0,17154,M,4580200.0,-77300.0,17
201000005509,10,7,28,1845,1,1,1,1.0,1.0,17330,M,4575000.0,-91400.0,17
201000005510,10,7,29,1545,1,1,1,1.0,1.0,17179,M,0.0,0.0,17
201000005511,10,7,30,500,4,2,1,1.0,6.0,17453,M,4590900.0,-92100.0,17
201000005512,10,8,8,1145,1,1,1,1.0,3.0,17330,M,4575500.0,-91200.0,17
201000005513,10,8,29,2200,3,2,1,1.0,6.0,17083,M,0.0,0.0,17
201000005514,10,9,16,1300,1,1,1,1.0,1.0,17141,M,0.0,0.0,17
201000005515,10,9,18,145,3,1,1,1.0,7.0,17302,M,0.0,0.0,17
201000005516,10,9,10,1745,1,1,1,1.0,3.0,17147,M,4583800.0,-49300.0,17
201000005517,10,9,26,245,5,1,1,1.0,6.0,17164,M,0.0,0.0,17
201000005518,10,9,27,1115,1,1,2,1.0,1.0,17389,M,4584600.0,-85700.0,17
201000005519,10,10,31,2345,3,1,1,1.0,7.0,17444,M,0.0,0.0,17
201000005520,10,11,1,1145,1,2,1,2.0,7.0,17089,M,0.0,0.0,17
201000005521,10,11,16,1730,2,1,1,8.0,7.0,17395,M,4575200.0,-50900.0,17
201000005522,10,12,8,1945,3,1,1,1.0,6.0,17086,M,0.0,0.0,17
201000005523,10,2,17,430,3,1,1,2.0,6.0,17220,M,0.0,0.0,17
201000005524,10,4,25,230,4,1,1,1.0,6.0,17056,M,0.0,0.0,17
201000005525,10,6,8,745,1,1,2,8.0,3.0,17469,M,4560200.0,-63500.0,17
201000005526,10,8,5,1130,1,2,1,1.0,1.0,17296,M,0.0,0.0,17
201000005527,10,10,7,1630,1,1,1,1.0,3.0,17172,M,0.0,0.0,17
201000005528,10,12,22,730,3,1,1,2.0,6.0,17354,M,0.0,0.0,17
201000005529,10,1,17,745,2,1,1,1.0,1.0,17228,M,0.0,0.0,17
201000005530,10,1,25,1900,3,1,1,1.0,3.0,17097,M,0.0,0.0,17
201000005531,10,3,9,1445,1,1,1,1.0,1.0,17393,M,0.0,0.0,17
201000005532,10,6,6,1445,1,2,1,1.0,1.0,17421,M,0.0,0.0,17
201000005533,10,6,24,1900,1,2,9,1.0,3.0,17421,M,0.0,0.0,17
201000005534,10,7,13,1530,1,1,1,1.0,5.0,17425,M,0.0,0.0,17
201000005535,10,7,22,1900,1,2,1,1.0,3.0,17421,M,0.0,0.0,17
201000005536,10,7,26,645,1,2,1,1.0,6.0,17307,M,0.0,0.0,17
201000005537,10,8,16,1830,1,2,1,1.0,3.0,17425,M,0.0,0.0,17
201000005538,10,8,18,545,3,1,1,2.0,7.0,17232,M,0.0,0.0,17
201000005539,10,9,4,2230,3,1,1,1.0,6.0,17230,M,4559400.0,-92500.0,17
201000005540,10,9,27,1630,1,1,1,1.0,3.0,17437,M,0.0,0.0,17
201000005541,10,10,26,1230,1,2,1,1.0,6.0,17228,M,0.0,0.0,17
201000005542,10,11,20,2130,3,2,1,1.0,2.0,17097,M,0.0,0.0,17
201000005543,10,12,18,1300,1,1,1,9.0,6.0,17119,M,0.0,0.0,17
201000005544,10,1,25,1800,5,2,1,1.0,1.0,17448,M,0.0,0.0,17
201000005545,10,2,20,1745,1,2,1,8.0,3.0,17436,M,0.0,0.0,17
201000005546,10,3,12,2200,3,1,1,1.0,6.0,17459,M,0.0,0.0,17
201000005547,10,3,12,1615,1,1,2,1.0,3.0,17053,M,0.0,0.0,17
201000005548,10,3,13,1330,1,2,1,1.0,1.0,17347,M,4595000.0,-51000.0,17
201000005549,10,3,26,1830,1,2,1,1.0,6.0,17277,M,4599000.0,-52000.0,17
201000005550,10,3,27,215,4,2,1,6.0,6.0,17397,M,0.0,0.0,17
201000005551,10,3,29,1115,1,2,1,1.0,6.0,17347,M,4593000.0,-52000.0,17
201000005552,10,4,18,1730,1,2,3,1.0,3.0,17347,M,0.0,0.0,17
201000005553,10,5,8,1500,1,1,1,1.0,1.0,17350,M,0.0,0.0,17
201000005554,10,5,22,1400,1,1,2,1.0,3.0,17350,M,0.0,0.0,17
201000005555,10,6,21,1115,1,1,1,1.0,7.0,17292,M,4596900.0,-73000.0,17
201000005556,10,7,23,1845,1,1,1,1.0,6.0,17450,M,0.0,0.0,17
201000005557,10,7,28,715,1,1,1,1.0,2.0,17347,M,4592700.0,-51300.0,17
201000005558,10,9,7,1945,1,1,1,1.0,1.0,17013,M,0.0,0.0,17
201000005559,10,11,2,1815,4,2,1,3.0,2.0,17040,M,0.0,0.0,17
201000005560,10,11,13,2245,3,1,1,8.0,6.0,17266,M,4595500.0,-62200.0,17
201000005561,10,11,20,1715,2,1,1,1.0,3.0,17022,M,4589100.0,-51200.0,17
201000005562,10,12,9,1945,3,2,1,1.0,6.0,17150,M,4599400.0,-44400.0,17
201000005563,10,12,24,1645,1,1,1,1.0,1.0,17226,M,0.0,0.0,17
201000005564,10,1,21,1600,1,1,1,1.0,6.0,17271,M,4599400.0,-38000.0,17
201000005565,10,6,18,2100,1,1,1,1.0,7.0,17188,M,0.0,0.0,17
201000005566,10,6,24,1745,2,1,1,1.0,1.0,17384,M,4602000.0,-45000.0,17
201000005567,10,6,28,900,1,1,1,1.0,5.0,17471,M,4604700.0,-34000.0,17
201000005568,10,7,8,1500,1,2,1,1.0,6.0,17024,M,4602400.0,-34700.0,17
201000005569,10,9,25,600,3,1,1,1.0,7.0,17124,M,0.0,0.0,17
201000005570,10,10,22,1515,1,1,1,1.0,3.0,17149,M,0.0,0.0,17
201000005571,10,11,22,1145,1,2,1,1.0,1.0,17211,M,4605000.0,-50000.0,17
201000005572,10,1,20,300,3,1,1,8.0,6.0,17048,M,4587600.0,-35900.0,17
201000005573,10,7,25,1100,1,1,1,1.0,3.0,17048,M,4587700.0,-33600.0,17
201000005574,10,8,8,1845,1,1,1,1.0,3.0,17290,M,4583400.0,-36000.0,17
201000005575,10,10,24,1145,1,1,2,8.0,3.0,17224,M,4588300.0,-31600.0,17
201000005576,10,11,5,915,1,1,1,1.0,5.0,17188,M,4587700.0,-26000.0,17
201000005577,10,1,13,830,2,1,1,8.0,1.0,79109,M,0.0,0.0,79
201000005578,10,2,3,1515,1,1,1,1.0,1.0,79109,M,0.0,0.0,79
201000005579,10,3,3,2045,3,1,1,1.0,6.0,79059,M,0.0,0.0,79
201000005580,10,3,18,730,1,1,9,1.0,1.0,79109,M,0.0,0.0,79
201000005581,10,7,30,730,1,1,1,1.0,3.0,79109,M,0.0,0.0,79
201000005582,10,8,5,615,2,1,1,1.0,7.0,79249,M,0.0,0.0,79
201000005583,10,11,26,2345,3,1,1,1.0,7.0,79308,M,0.0,0.0,79
201000005584,10,12,18,45,3,1,1,1.0,6.0,79109,M,0.0,0.0,79
201000005585,10,2,10,1100,1,1,2,1.0,3.0,79127,M,0.0,0.0,79
201000005586,10,3,10,1545,1,1,3,1.0,1.0,79137,M,0.0,0.0,79
201000005587,10,3,15,445,3,1,6,1.0,6.0,79034,M,0.0,0.0,79
201000005588,10,3,22,800,1,1,1,1.0,6.0,79166,M,0.0,0.0,79
201000005589,10,3,31,1200,1,1,2,2.0,3.0,79130,M,0.0,0.0,79
201000005590,10,4,16,745,1,2,2,1.0,3.0,79130,M,0.0,0.0,79
201000005591,10,5,20,1600,1,1,1,1.0,2.0,79254,M,0.0,0.0,79
201000005592,10,6,10,1830,1,1,9,2.0,2.0,79034,M,0.0,0.0,79
201000005593,10,7,7,2215,3,1,1,1.0,1.0,79130,M,0.0,0.0,79
201000005594,10,7,10,330,3,1,1,1.0,7.0,79078,M,0.0,0.0,79
201000005595,10,7,10,300,3,1,2,1.0,3.0,79003,M,0.0,0.0,79
201000005596,10,7,15,1200,1,1,2,1.0,3.0,79078,M,0.0,0.0,79
201000005597,10,8,12,2045,2,1,1,1.0,7.0,79355,M,0.0,0.0,79
201000005598,10,8,17,530,3,1,6,5.0,6.0,79034,M,0.0,0.0,79
201000005599,10,11,13,2000,3,1,1,1.0,6.0,79220,M,0.0,0.0,79
201000005600,10,12,18,615,2,1,1,4.0,7.0,79100,M,0.0,0.0,79
201000005601,10,2,7,45,5,2,1,1.0,6.0,79270,M,0.0,0.0,79
201000005602,10,3,22,1545,1,1,1,1.0,1.0,79189,M,0.0,0.0,79
201000005603,10,3,30,945,1,2,9,2.0,6.0,79270,M,0.0,0.0,79
201000005604,10,4,23,1530,1,2,1,1.0,1.0,79283,M,0.0,0.0,79
201000005605,10,5,10,1045,1,1,1,1.0,6.0,79184,M,0.0,0.0,79
201000005606,10,5,14,545,2,1,1,1.0,6.0,79302,M,0.0,0.0,79
201000005607,10,5,22,1245,1,2,1,1.0,1.0,79276,M,0.0,0.0,79
201000005608,10,5,18,830,1,2,1,1.0,6.0,79270,M,0.0,0.0,79
201000005609,10,8,30,1900,1,1,1,1.0,2.0,79189,M,0.0,0.0,79
201000005610,10,8,15,1115,1,1,2,1.0,3.0,79048,M,0.0,0.0,79
201000005611,10,8,27,615,3,1,1,8.0,6.0,79189,M,0.0,0.0,79
201000005612,10,10,4,1730,1,1,1,2.0,6.0,79128,M,0.0,0.0,79
201000005613,10,10,16,515,5,1,1,8.0,6.0,79048,M,0.0,0.0,79
201000005614,10,10,21,2200,3,1,1,1.0,7.0,79024,M,0.0,0.0,79
201000005615,10,2,3,845,1,1,1,1.0,1.0,79049,M,0.0,0.0,79
201000005616,10,2,10,1600,1,2,1,1.0,7.0,79049,M,0.0,0.0,79
201000005617,10,2,16,1200,1,2,1,7.0,2.0,79049,M,0.0,0.0,79
201000005618,10,3,2,1945,5,2,1,1.0,6.0,79049,M,0.0,0.0,79
201000005619,10,4,12,2200,5,2,2,1.0,3.0,79049,M,0.0,0.0,79
201000005620,10,5,31,745,1,1,1,2.0,3.0,79049,M,0.0,0.0,79
201000005621,10,7,11,1030,1,2,1,1.0,6.0,79280,M,0.0,0.0,79
201000005622,10,8,27,1215,1,1,1,2.0,1.0,79049,M,0.0,0.0,79
201000005623,10,11,23,2245,3,1,1,1.0,6.0,79049,M,0.0,0.0,79
201000005624,10,12,6,1810,3,1,2,5.0,3.0,79088,M,0.0,0.0,79
201000005625,10,1,7,1215,1,2,1,1.0,1.0,79195,M,0.0,0.0,79
201000005626,10,2,25,700,3,1,1,2.0,1.0,79207,M,0.0,0.0,79
201000005627,10,3,16,1700,1,1,2,1.0,3.0,79289,M,0.0,0.0,79
201000005628,10,4,1,430,3,1,1,1.0,6.0,79123,M,0.0,0.0,79
201000005629,10,4,16,1330,1,1,1,1.0,5.0,79079,M,0.0,0.0,79
201000005630,10,4,24,1530,1,1,1,1.0,1.0,79242,M,0.0,0.0,79
201000005631,10,7,17,1730,1,1,4,1.0,3.0,79091,M,0.0,0.0,79
201000005632,10,7,18,1745,1,2,3,1.0,2.0,79079,M,0.0,0.0,79
201000005633,10,10,26,1200,1,1,1,1.0,6.0,79079,M,0.0,0.0,79
201000005634,10,11,5,700,2,1,3,1.0,3.0,79210,M,0.0,0.0,79
201000005635,10,12,11,2030,3,1,1,9.0,7.0,79235,M,0.0,0.0,79
201000005636,10,2,11,1330,1,1,1,1.0,6.0,79265,M,0.0,0.0,79
201000005637,10,2,13,1400,1,2,1,1.0,6.0,79265,M,0.0,0.0,79
201000005638,10,3,5,2100,3,1,1,1.0,1.0,79299,M,0.0,0.0,79
201000005639,10,3,20,1830,2,1,1,2.0,6.0,79043,M,0.0,0.0,79
201000005640,10,4,20,1730,1,1,2,1.0,3.0,79321,M,0.0,0.0,79
201000005641,10,4,23,2230,3,2,1,1.0,6.0,79277,M,0.0,0.0,79
201000005642,10,5,7,1945,1,1,2,1.0,3.0,79063,M,0.0,0.0,79
201000005643,10,5,10,915,1,1,1,2.0,1.0,79265,M,0.0,0.0,79
201000005644,10,7,6,245,3,1,1,1.0,6.0,79157,M,0.0,0.0,79
201000005645,10,8,6,945,1,1,2,1.0,3.0,79171,M,0.0,0.0,79
201000005646,10,9,16,430,3,1,2,1.0,1.0,79292,M,0.0,0.0,79
201000005647,10,11,18,345,3,1,1,8.0,7.0,79265,M,0.0,0.0,79
201000005648,10,1,27,1330,1,1,2,1.0,3.0,79314,M,0.0,0.0,79
201000005649,10,2,24,1830,2,1,1,8.0,1.0,79185,M,0.0,0.0,79
201000005650,10,3,6,1745,1,1,1,1.0,6.0,79217,M,0.0,0.0,79
201000005651,10,6,2,1245,1,1,2,1.0,3.0,79030,M,0.0,0.0,79
201000005652,10,6,6,1200,1,1,1,1.0,2.0,79327,M,0.0,0.0,79
201000005653,10,7,1,1030,1,1,1,7.0,1.0,79264,M,0.0,0.0,79
201000005654,10,8,3,815,1,2,1,1.0,3.0,79185,M,0.0,0.0,79
201000005655,10,8,21,1530,1,2,3,1.0,5.0,79061,M,0.0,0.0,79
201000005656,10,9,12,2245,3,2,1,1.0,6.0,79090,M,0.0,0.0,79
201000005657,10,9,30,2015,3,1,1,1.0,1.0,79301,M,0.0,0.0,79
201000005658,10,10,7,1215,1,1,1,1.0,6.0,79264,M,0.0,0.0,79
201000005659,10,10,8,900,1,1,2,7.0,1.0,79279,M,0.0,0.0,79
201000005660,10,10,9,1700,1,1,1,1.0,7.0,79310,M,0.0,0.0,79
201000005661,10,11,3,2330,4,2,6,3.0,6.0,79264,M,0.0,0.0,79
201000005662,10,11,23,800,1,2,2,8.0,2.0,79061,M,0.0,0.0,79
201000005663,10,12,17,1330,1,2,1,1.0,1.0,79164,M,0.0,0.0,79
201000005664,10,3,24,815,1,2,2,1.0,3.0,79011,M,0.0,0.0,79
201000005665,10,5,22,1230,1,1,2,1.0,3.0,79336,M,0.0,0.0,79
201000005666,10,5,21,1915,1,1,4,1.0,1.0,79083,M,0.0,0.0,79
201000005667,10,6,4,1815,1,1,1,1.0,3.0,79083,M,0.0,0.0,79
201000005668,10,6,17,1100,1,1,3,3.0,3.0,79136,M,0.0,0.0,79
201000005669,10,8,16,2030,1,1,1,1.0,7.0,79083,M,0.0,0.0,79
201000005670,10,9,13,1200,1,1,1,1.0,3.0,79087,M,0.0,0.0,79
201000005671,10,11,1,1700,1,1,2,1.0,3.0,79140,M,0.0,0.0,79
201000005672,10,12,1,430,3,1,1,9.0,2.0,79163,M,0.0,0.0,79
201000005673,10,3,30,800,1,1,1,1.0,1.0,79172,M,0.0,0.0,79
201000005674,10,6,12,2130,1,1,1,1.0,7.0,79172,M,0.0,0.0,79
201000005675,10,6,15,830,1,1,1,1.0,1.0,79213,M,0.0,0.0,79
201000005676,10,6,24,1615,1,1,1,1.0,1.0,79124,M,0.0,0.0,79
201000005677,10,7,24,1500,1,1,1,1.0,7.0,79121,M,0.0,0.0,79
201000005678,10,8,1,1315,1,1,1,1.0,1.0,79071,M,0.0,0.0,79
201000005679,10,8,8,645,1,2,1,1.0,6.0,79253,M,0.0,0.0,79
201000005680,10,9,14,715,2,2,1,1.0,1.0,79029,M,0.0,0.0,79
201000005681,10,9,15,2215,3,1,1,1.0,3.0,79029,M,0.0,0.0,79
201000005682,10,9,23,1645,1,2,1,1.0,7.0,79202,M,0.0,0.0,79
201000005683,10,10,13,2115,3,1,1,1.0,7.0,79121,M,0.0,0.0,79
201000005684,10,11,8,945,3,1,1,3.0,3.0,79213,M,0.0,0.0,79
201000005685,10,11,13,2030,3,1,1,1.0,6.0,79322,M,0.0,0.0,79
201000005686,10,11,21,2315,3,2,1,3.0,6.0,79339,M,0.0,0.0,79
201000005687,10,12,16,2015,3,1,1,2.0,6.0,79347,M,0.0,0.0,79
201000005688,10,4,23,1730,1,1,2,1.0,3.0,79005,M,0.0,0.0,79
201000005689,10,5,15,1700,1,1,1,8.0,7.0,79252,M,0.0,0.0,79
201000005690,10,8,1,200,5,2,1,1.0,7.0,79005,M,0.0,0.0,79
201000005691,10,8,19,1000,1,1,1,1.0,1.0,79120,M,0.0,0.0,79
201000005692,10,1,20,515,3,1,1,5.0,6.0,79179,M,0.0,0.0,79
201000005693,10,4,2,2215,3,1,1,2.0,6.0,79007,M,0.0,0.0,79
201000005694,10,4,10,730,2,1,1,1.0,6.0,79069,M,0.0,0.0,79
201000005695,10,4,15,1800,1,1,1,1.0,6.0,79147,M,0.0,0.0,79
201000005696,10,5,18,1200,1,1,2,1.0,5.0,79226,M,0.0,0.0,79
201000005697,10,5,25,1030,1,1,1,1.0,6.0,79311,M,0.0,0.0,79
201000005698,10,7,16,100,3,1,1,1.0,6.0,79239,M,0.0,0.0,79