Num_Acc,an,mois,jour,hrmn,lum,agg,int,atm,col,com,gps,lat,long,dep
201000005699,10,8,26,1945,1,2,1,1.0,1.0,79239,M,0.0,0.0,79
201000005700,10,12,11,1415,1,1,9,7.0,3.0,79179,M,0.0,0.0,79
201000005701,10,3,20,30,5,1,1,1.0,3.0,87201,M,4587820.0,109664.0,87
201000005702,10,5,14,1000,1,1,1,1.0,6.0,87177,M,4581290.0,108205.0,87
201000005703,10,5,15,245,3,1,1,1.0,1.0,87202,M,4587540.0,110475.0,87
201000005704,10,5,28,900,1,1,1,1.0,1.0,87038,M,4589990.0,125241.0,87
201000005705,10,7,3,1830,1,1,1,1.0,1.0,87201,M,4586140.0,113134.0,87
201000005706,10,8,14,2145,3,1,1,2.0,5.0,87202,M,4587810.0,109730.0,87
201000005707,10,8,27,2345,3,1,1,3.0,7.0,87038,M,0.0,0.0,87
201000005708,10,11,19,2115,5,1,1,1.0,2.0,87107,M,0.0,0.0,87
201000005709,10,11,26,745,2,1,1,4.0,1.0,87177,M,0.0,0.0,87
201000005710,10,4,5,1330,1,1,4,1.0,6.0,87178,M,4590950.0,139703.0,87
201000005711,10,6,4,1400,1,1,6,1.0,3.0,87020,M,4593600.0,130869.0,87
201000005712,10,5,10,1430,1,1,3,1.0,3.0,87040,M,4570580.0,158844.0,87
201000005713,10,6,12,945,1,2,1,1.0,6.0,87117,M,4581730.0,177247.0,87
201000005714,10,7,27,2000,1,1,1,1.0,1.0,87105,M,4573300.0,168700.0,87
201000005715,10,2,3,1030,1,2,1,8.0,2.0,87161,M,4583220.0,147982.0,87
201000005716,10,3,14,2030,3,1,1,1.0,1.0,87099,M,4587370.0,153881.0,87
201000005717,10,3,26,1400,1,1,3,1.0,3.0,87099,M,4587660.0,154476.0,87
201000005718,10,7,16,1815,1,1,1,1.0,6.0,87099,M,0.0,0.0,87
201000005719,10,7,23,1130,1,2,1,1.0,6.0,87161,M,4583780.0,149177.0,87
201000005720,10,12,22,1900,3,1,1,8.0,7.0,87035,M,0.0,0.0,87
201000005721,10,2,27,830,1,2,1,1.0,6.0,87106,M,4567690.0,119011.0,87
201000005722,10,4,2,2015,2,1,1,2.0,7.0,87032,M,4566010.0,103289.0,87
201000005723,10,4,21,1630,1,1,1,1.0,6.0,87029,M,4567340.0,105896.0,87
201000005724,10,4,21,2130,2,1,3,1.0,3.0,87112,M,4570050.0,101255.0,87
201000005725,10,5,23,1045,1,1,1,1.0,3.0,87150,M,4563860.0,114518.0,87
201000005726,10,6,12,1200,1,1,1,1.0,1.0,87127,M,4558810.0,125435.0,87
201000005727,10,7,4,115,5,2,1,1.0,6.0,87106,M,4567640.0,119395.0,87
201000005728,10,7,9,700,2,1,1,1.0,6.0,87150,M,4565420.0,116972.0,87
201000005729,10,8,9,1515,1,2,1,1.0,1.0,87187,M,,,87
201000005730,10,9,16,1115,1,1,1,2.0,1.0,87027,M,4562030.0,106037.0,87
201000005731,10,9,18,1700,1,1,1,1.0,3.0,87060,M,4561720.0,89114.0,87
201000005732,10,10,2,1600,1,1,3,1.0,1.0,87082,M,4560160.0,108642.0,87
201000005733,10,10,15,1645,1,1,1,1.0,3.0,87106,M,0.0,0.0,87
201000005734,10,11,15,1700,1,1,1,8.0,6.0,87032,M,0.0,0.0,87
201000005735,10,11,18,1915,5,2,1,3.0,6.0,87187,M,0.0,0.0,87
201000005736,10,3,1,600,3,1,6,1.0,7.0,87011,M,4613830.0,105660.0,87
201000005737,10,4,30,1515,1,1,1,1.0,5.0,87116,M,4612950.0,103350.0,87
201000005738,10,6,6,600,2,1,1,1.0,6.0,87055,M,4624390.0,96268.0,87
201000005739,10,6,10,1800,1,1,1,1.0,7.0,87028,M,4625420.0,90616.0,87
201000005740,10,6,30,1400,1,1,1,1.0,3.0,87139,M,4617890.0,94108.0,87
201000005741,10,7,14,1800,1,1,1,1.0,1.0,87055,M,4623000.0,98348.0,87
201000005742,10,7,20,930,1,1,1,1.0,1.0,87055,M,4623260.0,93315.0,87
201000005743,10,7,25,1445,1,1,1,1.0,2.0,87139,M,4615550.0,96126.0,87
201000005744,10,8,19,2130,3,1,1,1.0,6.0,87017,M,4614020.0,109792.0,87
201000005745,10,10,4,1615,1,1,1,2.0,6.0,87012,M,4606440.0,111522.0,87
201000005746,10,3,17,2045,3,1,1,1.0,6.0,87159,M,4601150.0,146212.0,87
201000005747,10,5,24,815,1,1,1,1.0,7.0,87067,M,4613900.0,144343.0,87
201000005748,10,8,7,1715,1,2,4,1.0,1.0,87103,M,4600200.0,116399.0,87
201000005749,10,1,1,1200,1,1,3,2.0,3.0,87133,M,4617700.0,137196.0,87
201000005750,10,1,28,830,1,1,1,4.0,1.0,87089,M,0.0,0.0,87
201000005751,10,8,21,2300,3,1,1,1.0,6.0,87041,M,4613940.0,128669.0,87
201000005752,10,10,5,1130,1,1,1,2.0,2.0,87180,M,4619710.0,128658.0,87
201000005753,10,10,11,1200,1,1,1,1.0,3.0,87206,M,4618350.0,121858.0,87
201000005754,10,10,16,1100,1,1,2,8.0,1.0,87087,M,4632240.0,120503.0,87
201000005755,10,11,3,800,2,1,1,2.0,1.0,87090,M,4631310.0,130789.0,87
201000005756,10,11,12,1000,1,2,4,2.0,1.0,87041,M,0.0,0.0,87
201000005757,10,12,11,530,5,2,1,1.0,6.0,87089,M,0.0,0.0,87
201000005758,10,12,18,830,1,1,1,4.0,1.0,87089,M,0.0,0.0,87
201000005759,10,12,23,1830,3,1,1,2.0,6.0,87121,M,0.0,0.0,87
201000005760,10,2,3,1900,3,1,1,1.0,5.0,87154,M,4587880.0,89669.0,87
201000005761,10,4,18,2045,3,1,1,1.0,6.0,87199,M,4578400.0,81967.0,87
201000005762,10,5,8,1545,1,1,4,1.0,3.0,87110,M,4592990.0,104505.0,87
201000005763,10,6,6,700,2,2,6,1.0,6.0,87126,M,4583760.0,84163.0,87
201000005764,10,6,12,1930,1,1,1,1.0,1.0,87154,M,4589900.0,93200.0,87
201000005765,10,8,4,1515,1,2,1,1.0,3.0,87154,M,4588500.0,89401.0,87
201000005766,10,8,6,1315,1,1,1,1.0,7.0,87185,M,4590120.0,100523.0,87
201000005767,10,9,11,2145,2,1,1,1.0,1.0,87030,M,4585290.0,86451.0,87
201000005768,10,9,18,830,1,2,1,1.0,6.0,87154,M,0.0,0.0,87
201000005769,10,10,9,1930,4,1,1,1.0,6.0,87030,M,4585910.0,87537.0,87
201000005770,10,11,4,1945,3,1,1,2.0,1.0,87154,M,4588830.0,87447.0,87
201000005771,10,11,10,1100,1,2,1,2.0,1.0,87154,M,4589900.0,89900.0,87
201000005772,10,12,21,1800,5,2,1,2.0,6.0,87154,M,0.0,0.0,87
201000005773,10,3,3,930,1,2,6,1.0,3.0,87111,M,4573190.0,86937.0,87
201000005774,10,3,26,1715,1,1,1,1.0,6.0,87191,M,4576560.0,107254.0,87
201000005775,10,4,24,1545,1,1,1,1.0,6.0,87168,M,4573050.0,78410.0,87
201000005776,10,5,14,1115,1,2,2,1.0,3.0,87111,M,4572960.0,86917.0,87
201000005777,10,6,24,1930,1,1,1,1.0,1.0,87191,M,4576540.0,108867.0,87
201000005778,10,8,1,915,1,1,2,1.0,3.0,87034,M,4572170.0,90747.0,87
201000005779,10,8,29,2230,3,1,1,1.0,6.0,87046,M,0.0,0.0,87
201000005780,10,11,22,1900,2,1,1,1.0,1.0,87168,M,0.0,0.0,87
201000005781,10,3,19,2030,3,1,1,8.0,1.0,19082,M,4527304.0,166982.0,19
201000005782,10,6,16,1330,1,1,1,3.0,1.0,19061,M,4521593.0,169421.0,19
201000005783,10,7,21,1800,1,1,1,2.0,5.0,19038,M,4523282.0,172245.0,19
201000005784,10,9,9,700,1,1,2,2.0,3.0,19207,M,4524558.0,162785.0,19
201000005785,10,10,14,1400,1,1,1,1.0,1.0,19096,M,4522639.0,181205.0,19
201000005786,10,11,10,1015,1,1,2,2.0,3.0,19236,M,4532959.0,186912.0,19
201000005787,10,11,17,1230,1,1,1,1.0,6.0,19041,M,4526078.0,181152.0,19
201000005788,10,11,20,1645,1,1,1,2.0,6.0,19038,M,4523246.0,172503.0,19
201000005789,10,12,16,1300,1,1,1,4.0,1.0,19227,M,4527798.0,165306.0,19
201000005790,10,1,14,930,1,2,1,2.0,7.0,19192,M,4513240.0,188388.0,19
201000005791,10,5,9,115,5,2,1,2.0,1.0,19010,M,4509673.0,192400.0,19
201000005792,10,5,8,2315,3,1,1,1.0,6.0,19171,M,4502595.0,189035.0,19
201000005793,10,6,22,730,1,2,1,1.0,6.0,19010,M,4509334.0,193064.0,19
201000005794,10,7,8,1900,1,1,1,1.0,6.0,19192,M,4514261.0,187968.0,19
201000005795,10,7,24,2045,1,1,1,1.0,1.0,19091,M,4508437.0,197188.0,19
201000005796,10,7,26,945,1,1,1,1.0,1.0,19192,M,4511999.0,190858.0,19
201000005797,10,8,4,1430,1,1,1,1.0,1.0,19221,M,4511259.0,196224.0,19
201000005798,10,8,8,1415,1,1,1,1.0,7.0,19004,M,4512708.0,183461.0,19
201000005799,10,8,8,1245,1,1,1,1.0,1.0,19032,M,4504826.0,186343.0,19
201000005800,10,8,20,1900,1,1,1,1.0,5.0,19091,M,4510406.0,200523.0,19
201000005801,10,9,9,1645,1,1,1,9.0,3.0,19084,M,4516565.0,186569.0,19
201000005802,10,10,21,2030,3,1,1,1.0,7.0,19007,M,4495460.0,185490.0,19
201000005803,10,11,12,1200,1,1,1,2.0,1.0,19084,M,4516672.0,186553.0,19
201000005804,10,12,9,745,2,1,1,1.0,6.0,19091,M,4510076.0,199750.0,19
201000005805,10,1,21,1745,2,2,1,1.0,1.0,19073,M,4539942.0,204197.0,19
201000005806,10,2,18,1915,5,2,1,1.0,1.0,19176,M,4538039.0,200979.0,19
201000005807,10,3,5,1400,1,1,1,1.0,2.0,19155,M,4538586.0,180773.0,19
201000005808,10,9,2,630,2,2,1,1.0,7.0,19176,M,4537678.0,200863.0,19
201000005809,10,11,3,2230,3,1,1,2.0,1.0,19081,M,4535560.0,197048.0,19
201000005810,10,11,22,745,3,2,1,2.0,6.0,19073,M,4540633.0,204226.0,19
201000005811,10,2,3,1315,1,1,1,8.0,1.0,19125,M,4527874.0,201283.0,19
201000005812,10,10,12,245,3,2,1,2.0,7.0,19089,M,4522537.0,200671.0,19
201000005813,10,12,7,1945,3,1,1,5.0,7.0,19231,M,4524745.0,194146.0,19
201000005814,10,3,11,1645,1,1,1,1.0,6.0,19213,M,4538176.0,166594.0,19
201000005815,10,4,11,2130,3,1,9,1.0,6.0,19248,M,4546547.0,149662.0,19
201000005816,10,5,27,1430,1,2,1,1.0,1.0,19100,M,4535201.0,163141.0,19
201000005817,10,6,4,945,1,1,1,1.0,3.0,19060,M,4545515.0,158363.0,19
201000005818,10,7,4,1830,1,1,1,1.0,1.0,19165,M,4550759.0,169748.0,19
201000005819,10,8,14,1800,1,1,1,1.0,7.0,19079,M,4544010.0,161456.0,19
201000005820,10,8,14,45,3,1,1,1.0,6.0,19129,M,4552501.0,154034.0,19
201000005821,10,8,21,1015,2,1,1,1.0,1.0,19194,M,4532979.0,168352.0,19
201000005822,10,8,30,1345,1,1,1,1.0,1.0,19100,M,4534800.0,166000.0,19
201000005823,10,9,26,2100,3,1,1,1.0,6.0,19037,M,4543949.0,171543.0,19
201000005824,10,10,13,800,2,1,1,1.0,3.0,19248,M,4545899.0,155566.0,19
201000005825,10,10,26,1215,1,1,1,1.0,3.0,19248,M,4544375.0,150141.0,19
201000005826,10,11,18,1830,3,1,1,3.0,6.0,19209,M,4562244.0,185015.0,19
201000005827,10,7,9,945,1,2,9,1.0,1.0,19123,M,4516860.0,156029.0,19
201000005828,10,9,24,1345,1,1,1,8.0,3.0,19151,M,4509210.0,152017.0,19
201000005829,10,9,30,1200,1,1,1,2.0,6.0,19093,M,4510202.0,155752.0,19
201000005830,10,10,12,1500,1,1,1,1.0,1.0,19063,M,4512138.0,155587.0,19
201000005831,10,10,20,1015,1,1,1,1.0,1.0,19093,M,4508751.0,156936.0,19
201000005832,10,10,28,615,3,1,1,1.0,7.0,19229,M,4513783.0,144285.0,19
201000005833,10,10,26,1830,1,1,1,1.0,2.0,19063,M,4514614.0,157553.0,19
201000005834,10,11,23,1645,1,1,1,1.0,3.0,19123,M,4517559.0,162285.0,19
201000005835,10,1,27,1830,3,1,1,8.0,6.0,19273,M,4506564.0,156266.0,19
201000005836,10,5,27,1700,1,1,1,1.0,6.0,19105,M,4512034.0,165782.0,19
201000005837,10,8,7,2030,1,1,1,1.0,6.0,19013,M,4518078.0,170694.0,19
201000005838,10,10,8,1545,1,2,1,1.0,6.0,19217,M,4503828.0,171063.0,19
201000005839,10,10,20,1915,2,1,3,1.0,3.0,19019,M,4499112.0,182351.0,19
201000005840,10,10,23,1900,2,1,9,1.0,7.0,19273,M,4503670.0,160473.0,19
201000005841,10,11,9,1530,1,1,1,3.0,1.0,19119,M,4506955.0,178769.0,19
201000005842,10,2,6,1445,1,2,1,1.0,1.0,19005,M,4525502.0,146925.0,19
201000005843,10,4,26,1900,1,1,1,1.0,6.0,19202,M,4521109.0,158635.0,19
201000005844,10,7,15,1415,1,1,1,1.0,6.0,19005,M,4525501.0,147929.0,19
201000005845,10,8,2,1200,1,1,1,2.0,1.0,19005,M,4523768.0,149789.0,19
201000005846,10,12,27,1615,1,1,1,1.0,1.0,19202,M,4519943.0,157842.0,19
201000005847,10,1,18,1730,2,1,1,1.0,6.0,19121,M,4542871.0,139311.0,19
201000005848,10,3,7,2115,3,1,1,1.0,6.0,19162,M,4531797.0,153163.0,19
201000005849,10,6,4,1645,1,1,1,7.0,7.0,19121,M,4541616.0,139004.0,19
201000005850,10,10,15,1400,1,1,1,1.0,1.0,19254,M,4542875.0,130627.0,19
201000005851,10,4,13,1345,1,2,3,1.0,3.0,19015,M,4524872.0,132601.0,19
201000005852,10,4,30,1500,2,1,1,1.0,6.0,19182,M,4524335.0,140402.0,19
201000005853,10,5,13,2045,1,1,1,1.0,6.0,19288,M,4528708.0,142067.0,19
201000005854,10,10,9,1730,1,1,1,1.0,3.0,19182,M,4523093.0,141861.0,19
201000005855,10,8,19,1845,1,1,1,1.0,7.0,19002,M,4559111.0,238833.0,19
201000005856,10,10,17,1915,3,1,1,2.0,1.0,19180,M,4550577.0,223970.0,19
201000005857,10,2,13,530,3,1,1,4.0,6.0,19283,M,4548334.0,239741.0,19
201000005858,10,10,30,1230,1,1,1,1.0,6.0,19102,M,4537388.0,216501.0,19
201000005859,10,11,11,2000,3,2,1,2.0,6.0,19219,M,4543342.0,234297.0,19
201000005860,10,4,5,530,3,1,1,1.0,6.0,19033,M,4557030.0,190469.0,19
201000005861,10,8,30,1600,1,1,1,1.0,6.0,19284,M,4561897.0,188040.0,19
201000005862,10,2,27,2000,3,2,1,3.0,7.0,23247,M,4620900.0,176400.0,23
201000005863,10,5,5,1845,1,1,1,2.0,3.0,23245,M,0.0,0.0,23
201000005864,10,5,13,1645,1,2,1,1.0,6.0,23154,M,4617400.0,202800.0,23
201000005865,10,5,22,1630,1,1,1,1.0,3.0,23001,M,4606800.0,205100.0,23
201000005866,10,6,2,1015,1,1,1,1.0,3.0,23193,M,4618600.0,191200.0,23
201000005867,10,6,16,1230,1,1,1,3.0,1.0,23193,M,0.0,0.0,23
201000005868,10,7,5,130,5,1,1,1.0,6.0,23132,M,0.0,0.0,23
201000005869,10,7,19,1700,1,2,1,1.0,6.0,23001,M,4609100.0,204400.0,23
201000005870,10,8,4,1730,1,1,1,3.0,6.0,23004,M,0.0,0.0,23
201000005871,10,9,24,745,2,1,1,3.0,6.0,23193,M,4614400.0,191100.0,23
201000005872,10,1,1,2015,3,1,1,1.0,7.0,23038,M,0.0,0.0,23
201000005873,10,3,11,1845,2,2,1,1.0,2.0,23025,M,4633200.0,190500.0,23
201000005874,10,4,17,1100,1,1,1,1.0,7.0,23254,M,0.0,0.0,23
201000005875,10,4,18,1630,1,1,1,1.0,1.0,23032,M,4663800.0,203399.0,23
201000005876,10,5,21,1615,1,1,1,1.0,3.0,23057,M,4631500.0,200599.0,23
201000005877,10,6,1,145,5,2,1,1.0,6.0,23108,M,0.0,0.0,23
201000005878,10,6,28,1745,1,1,1,3.0,3.0,23109,M,0.0,0.0,23
201000005879,10,7,7,2230,3,1,1,1.0,7.0,23057,M,4630900.0,205500.0,23
201000005880,10,10,25,1300,1,1,1,1.0,3.0,23148,M,4642500.0,192300.0,23
201000005881,10,11,12,1900,3,1,1,2.0,5.0,23213,M,4641500.0,218500.0,23
201000005882,10,1,17,400,5,2,1,2.0,6.0,23045,M,4619300.0,242000.0,23
201000005883,10,2,16,1630,1,1,1,4.0,1.0,23234,M,4609800.0,234600.0,23
201000005884,10,3,19,1715,1,1,1,8.0,1.0,23259,M,0.0,0.0,23
201000005885,10,8,30,1200,1,2,1,1.0,1.0,23076,M,0.0,0.0,23
201000005886,10,10,17,945,3,1,1,1.0,6.0,23145,M,4629700.0,241600.0,23
201000005887,10,1,28,845,1,1,1,4.0,6.0,23143,M,4624000.0,154100.0,23
201000005888,10,3,29,1645,1,1,1,8.0,3.0,23070,M,4640600.0,159400.0,23
201000005889,10,4,3,1630,1,1,1,1.0,6.0,23219,M,4622500.0,139300.0,23
201000005890,10,6,3,1045,1,1,1,1.0,6.0,23050,M,4637200.0,156400.0,23
201000005891,10,8,8,2300,3,1,1,1.0,6.0,23075,M,4630300.0,164600.0,23
201000005892,10,10,3,715,2,1,1,1.0,6.0,23117,M,4634300.0,165300.0,23
201000005893,10,10,4,2000,3,1,1,2.0,1.0,23192,M,4616100.0,153700.0,23
201000005894,10,11,26,2300,3,1,1,2.0,6.0,23117,M,4634300.0,165400.0,23
201000005895,10,2,1,1945,3,1,1,1.0,7.0,23220,M,4602300.0,214400.0,23
201000005896,10,5,12,930,1,2,1,2.0,3.0,23008,M,0.0,0.0,23
201000005897,10,5,21,2250,3,1,1,1.0,6.0,23222,M,4594700.0,207700.0,23
201000005898,10,6,4,1245,1,1,1,7.0,3.0,23142,M,0.0,0.0,23
201000005899,10,8,6,1430,1,2,1,1.0,6.0,23105,M,0.0,0.0,23
201000005900,10,11,22,1145,1,1,1,3.0,7.0,23185,M,0.0,0.0,23
201000005901,10,11,24,1800,5,2,1,2.0,6.0,23008,M,0.0,0.0,23
201000005902,10,12,11,1200,1,2,1,1.0,6.0,23008,M,0.0,0.0,23
201000005903,10,4,7,1630,1,1,1,1.0,6.0,23218,M,4585600.0,230500.0,23
201000005904,10,4,17,30,3,1,1,1.0,6.0,23266,M,4594300.0,232500.0,23
201000005905,10,6,13,345,3,2,1,1.0,6.0,23013,M,0.0,0.0,23
201000005906,10,9,5,1230,1,1,3,1.0,3.0,23113,M,0.0,0.0,23
201000005907,10,11,5,1830,3,1,1,1.0,1.0,23179,M,0.0,0.0,23
201000005908,10,11,12,1830,3,1,1,2.0,1.0,23013,M,4602400.0,252300.0,23
201000005909,10,7,9,1130,1,2,1,1.0,6.0,23224,M,4573200.0,232000.0,23
201000005910,10,9,24,45,5,2,1,1.0,6.0,23067,M,4571800.0,224800.0,23
201000005911,10,2,27,1545,1,1,1,2.0,6.0,23202,M,4599800.0,189200.0,23
201000005912,10,4,22,1800,1,2,1,1.0,6.0,23030,M,0.0,0.0,23
201000005913,10,6,13,1730,1,2,1,1.0,2.0,23030,M,0.0,0.0,23
201000005914,10,6,19,1045,1,1,1,8.0,7.0,23099,M,0.0,0.0,23
201000005915,10,7,8,230,5,2,1,1.0,7.0,23030,M,0.0,0.0,23
201000005916,10,10,10,2130,1,1,1,2.0,6.0,23078,M,4592000.0,175900.0,23
201000005917,10,12,14,715,3,1,1,5.0,1.0,23155,M,4601000.0,186200.0,23
201000005918,10,12,21,1815,3,1,1,3.0,1.0,23030,M,4597600.0,175100.0,23
201000005919,10,12,30,2215,3,1,1,5.0,1.0,23124,M,4611200.0,161100.0,23
201000005920,10,2,11,700,3,1,1,4.0,1.0,31573,M,0.0,0.0,31
201000005921,10,2,25,1815,1,2,1,1.0,6.0,31163,M,0.0,0.0,31
201000005922,10,3,29,1900,1,1,1,1.0,3.0,31271,M,0.0,0.0,31
201000005923,10,4,6,2015,2,2,1,1.0,3.0,31573,M,0.0,0.0,31
201000005924,10,4,10,1900,1,1,1,1.0,5.0,31044,M,0.0,0.0,31
201000005925,10,4,21,1845,1,1,1,1.0,7.0,31480,M,0.0,0.0,31
201000005926,10,5,23,115,4,1,1,1.0,6.0,31082,M,0.0,0.0,31
201000005927,10,6,8,1745,1,1,2,1.0,3.0,31501,M,0.0,0.0,31
201000005928,10,7,29,630,1,1,1,1.0,1.0,31163,M,0.0,0.0,31
201000005929,10,7,31,745,1,1,1,1.0,1.0,31053,M,0.0,0.0,31
201000005930,10,8,27,1000,1,2,1,1.0,3.0,31163,M,0.0,0.0,31
201000005931,10,10,12,2030,3,1,1,1.0,3.0,31003,M,0.0,0.0,31
201000005932,10,12,26,745,3,2,1,9.0,6.0,31573,M,4363500.0,164000.0,31
201000005933,10,5,31,1815,1,1,1,1.0,1.0,31402,M,4354200.0,160000.0,31
201000005934,10,6,23,615,2,1,1,1.0,6.0,31025,M,0.0,0.0,31
201000005935,10,6,25,1630,1,2,1,1.0,3.0,31162,M,0.0,0.0,31
201000005936,10,8,14,2300,4,2,1,1.0,6.0,31113,M,0.0,0.0,31
201000005937,10,8,25,1430,1,2,1,1.0,3.0,31402,M,0.0,0.0,31
201000005938,10,9,2,1930,1,2,1,1.0,6.0,31113,M,0.0,0.0,31
201000005939,10,9,12,730,3,1,1,1.0,7.0,31025,M,0.0,0.0,31
201000005940,10,10,1,1730,1,2,3,1.0,5.0,31169,M,0.0,0.0,31
201000005941,10,12,10,1500,1,1,1,1.0,1.0,31575,M,0.0,0.0,31
201000005942,10,1,24,1630,1,1,1,8.0,1.0,31346,M,,,31
201000005943,10,2,21,2200,3,1,1,1.0,7.0,31077,M,0.0,0.0,31
201000005944,10,3,18,1230,1,1,1,1.0,3.0,31490,M,4374700.0,135100.0,31
201000005945,10,3,27,830,1,1,6,2.0,3.0,31516,M,0.0,0.0,31
201000005946,10,4,21,1845,1,1,1,1.0,7.0,31579,M,4374700.0,148500.0,31
201000005947,10,4,30,1630,1,2,1,1.0,3.0,31584,M,0.0,0.0,31
201000005948,10,5,21,445,2,1,1,1.0,7.0,31587,M,0.0,0.0,31
201000005949,10,7,10,730,5,1,1,1.0,6.0,31311,M,0.0,0.0,31
201000005950,10,7,15,2200,5,2,9,1.0,6.0,31091,M,4373200.0,141200.0,31
201000005951,10,7,18,145,3,1,1,1.0,7.0,31202,M,4381900.0,138500.0,31
201000005952,10,8,4,915,1,1,1,1.0,5.0,31587,M,4379900.0,145200.0,31
201000005953,10,8,28,145,3,1,1,1.0,6.0,31584,M,0.0,0.0,31
201000005954,10,8,29,2015,3,1,1,1.0,7.0,31587,M,0.0,0.0,31
201000005955,10,9,16,1930,3,1,1,3.0,1.0,31587,M,0.0,0.0,31
201000005956,10,10,3,400,3,1,1,1.0,7.0,31293,M,4372700.0,138100.0,31
201000005957,10,10,8,2300,3,1,1,1.0,6.0,31118,M,0.0,0.0,31
201000005958,10,10,14,2215,3,1,1,1.0,2.0,31293,M,0.0,0.0,31
201000005959,10,11,1,415,3,1,1,3.0,1.0,31584,M,4386200.0,151300.0,31
201000005960,10,11,15,1345,1,1,1,1.0,6.0,31091,M,4371400.0,140900.0,31
201000005961,10,11,24,1930,5,2,1,1.0,3.0,31079,M,0.0,0.0,31
201000005962,10,12,15,1515,1,1,1,1.0,6.0,31091,M,4374600.0,140000.0,31
201000005963,10,1,13,1000,1,2,6,7.0,3.0,31232,M,,,31
201000005964,10,1,20,145,3,1,1,2.0,6.0,31341,M,,,31
201000005965,10,1,26,900,1,2,7,1.0,6.0,31160,M,,,31
201000005966,10,1,30,1215,1,1,3,1.0,6.0,31232,M,,,31
201000005967,10,1,30,2145,5,2,1,1.0,6.0,31507,M,,,31
201000005968,10,2,17,2045,3,2,1,2.0,1.0,31341,M,0.0,0.0,31
201000005969,10,2,26,515,3,1,1,1.0,1.0,31341,M,0.0,0.0,31
201000005970,10,1,15,1815,5,2,9,1.0,3.0,31232,M,,,31
201000005971,10,3,1,1715,1,1,1,1.0,4.0,31341,M,0.0,0.0,31
201000005972,10,3,13,1145,1,1,1,1.0,7.0,31341,M,0.0,0.0,31
201000005973,10,3,22,830,1,1,1,2.0,3.0,31232,M,0.0,0.0,31
201000005974,10,3,25,1845,2,1,1,1.0,3.0,31356,M,0.0,0.0,31
201000005975,10,4,14,1445,1,1,1,1.0,6.0,31281,M,0.0,0.0,31
201000005976,10,4,18,1545,1,1,1,1.0,6.0,31592,M,0.0,0.0,31
201000005977,10,4,21,1530,1,1,1,1.0,7.0,31232,M,0.0,0.0,31
201000005978,10,4,26,2115,5,2,1,1.0,3.0,31507,M,0.0,0.0,31
201000005979,10,5,21,1945,1,2,4,1.0,1.0,31356,M,,,31
201000005980,10,6,19,300,3,1,1,2.0,6.0,31553,M,0.0,0.0,31
201000005981,10,7,16,515,2,1,1,1.0,3.0,31160,M,0.0,0.0,31
201000005982,10,7,30,1830,1,1,1,1.0,6.0,31232,M,0.0,0.0,31
201000005983,10,8,2,1200,1,1,1,3.0,1.0,31232,M,0.0,0.0,31
201000005984,10,8,7,415,3,2,1,1.0,1.0,31098,M,0.0,0.0,31
201000005985,10,8,30,700,2,2,1,1.0,1.0,31232,M,0.0,0.0,31
201000005986,10,9,2,1000,1,1,1,1.0,6.0,31413,M,0.0,0.0,31
201000005987,10,9,9,1745,1,2,1,1.0,6.0,31341,M,0.0,0.0,31
201000005988,10,9,11,1715,1,1,1,1.0,6.0,31160,M,0.0,0.0,31
201000005989,10,9,19,1900,1,1,1,1.0,6.0,31341,M,0.0,0.0,31
201000005990,10,10,8,1545,1,1,9,1.0,2.0,31341,M,0.0,0.0,31
201000005991,10,12,2,1745,2,1,1,2.0,7.0,31098,M,0.0,0.0,31
201000005992,10,12,7,1645,1,1,2,1.0,3.0,31592,M,0.0,0.0,31
201000005993,10,12,19,700,3,1,1,1.0,7.0,31592,M,0.0,0.0,31
201000005994,10,12,31,600,3,1,1,3.0,2.0,31356,M,0.0,0.0,31
201000005995,10,1,9,1330,1,1,6,4.0,3.0,31291,M,,,31
201000005996,10,1,26,530,3,1,1,1.0,6.0,31291,M,,,31
201000005997,10,4,21,545,5,2,1,1.0,6.0,31291,M,0.0,0.0,31
201000005998,10,8,7,2145,3,2,1,1.0,3.0,31291,M,0.0,0.0,31
201000005999,10,8,21,1900,1,2,1,1.0,3.0,31291,M,4359900.0,121600.0,31
201000006000,10,9,26,800,1,1,1,1.0,7.0,31297,M,4366100.0,119900.0,31
201000006001,10,9,25,1445,1,2,1,1.0,2.0,31291,M,4359900.0,124800.0,31
201000006002,10,10,9,745,2,1,1,1.0,3.0,31291,M,4358300.0,121600.0,31
201000006003,10,10,24,200,3,1,1,1.0,1.0,31417,M,4360900.0,127700.0,31
201000006004,10,12,7,1730,2,2,1,1.0,3.0,31291,M,4360600.0,125600.0,31
201000006005,10,12,25,1230,1,1,1,1.0,5.0,31291,M,4361000.0,127700.0,31
201000006006,10,3,15,2145,5,2,3,1.0,3.0,31420,M,4351400.0,139000.0,31
201000006007,10,4,4,1515,1,2,1,8.0,3.0,31433,M,4354000.0,140800.0,31
201000006008,10,5,4,1800,1,1,1,3.0,1.0,31458,M,4351200.0,135200.0,31