Num_Acc,an,mois,jour,hrmn,lum,agg,int,atm,col,com,gps,lat,long,dep
201000006009,10,5,16,945,1,2,6,1.0,6.0,31460,M,4350400.0,136700.0,31
201000006010,10,6,5,1145,1,1,6,1.0,3.0,31458,M,4352000.0,137000.0,31
201000006011,10,6,9,1715,1,1,1,1.0,1.0,31420,M,4350000.0,140000.0,31
201000006012,10,8,2,1145,1,1,3,1.0,3.0,31433,M,4354000.0,139500.0,31
201000006013,10,8,6,730,1,2,1,1.0,1.0,31458,M,4351400.0,134100.0,31
201000006014,10,9,6,1100,1,1,1,1.0,2.0,31458,M,4351000.0,136300.0,31
201000006015,10,12,28,715,3,2,1,1.0,6.0,31433,M,4353000.0,139000.0,31
201000006016,10,3,10,750,1,2,2,1.0,3.0,31506,M,,,31
201000006017,10,4,13,1600,1,1,1,1.0,5.0,31254,M,,,31
201000006018,10,4,20,1100,1,2,1,1.0,6.0,31446,M,0.0,0.0,31
201000006019,10,5,25,800,1,2,1,1.0,6.0,31446,M,0.0,0.0,31
201000006020,10,7,12,1730,1,1,1,1.0,3.0,31254,M,0.0,0.0,31
201000006021,10,12,9,1745,3,2,1,1.0,6.0,31446,M,4391900.0,179800.0,31
201000006022,10,1,5,1845,5,2,1,8.0,3.0,31561,M,,,31
201000006023,10,3,3,2215,3,1,1,2.0,1.0,31117,M,0.0,0.0,31
201000006024,10,3,14,315,5,1,1,1.0,6.0,31117,M,0.0,0.0,31
201000006025,10,4,16,200,5,2,1,1.0,6.0,31561,M,0.0,0.0,31
201000006026,10,5,10,1715,1,1,1,1.0,3.0,31383,M,0.0,0.0,31
201000006027,10,6,6,330,5,2,1,1.0,7.0,31358,M,0.0,0.0,31
201000006028,10,6,24,1815,1,1,1,1.0,6.0,31561,M,0.0,0.0,31
201000006029,10,6,29,1745,1,2,2,1.0,1.0,31561,M,0.0,0.0,31
201000006030,10,7,8,845,1,2,1,1.0,7.0,31212,M,0.0,0.0,31
201000006031,10,7,15,930,1,2,1,1.0,1.0,31094,M,0.0,0.0,31
201000006032,10,8,5,1330,1,2,6,1.0,3.0,31497,M,0.0,0.0,31
201000006033,10,8,14,215,3,1,1,1.0,7.0,31407,M,0.0,0.0,31
201000006034,10,9,8,1300,1,2,1,1.0,6.0,31117,M,0.0,0.0,31
201000006035,10,9,28,1930,1,2,1,1.0,1.0,31358,M,0.0,0.0,31
201000006036,10,11,10,1930,3,2,1,2.0,5.0,31066,M,0.0,0.0,31
201000006037,10,11,20,2330,5,2,3,2.0,3.0,31561,M,0.0,0.0,31
201000006038,10,12,8,1145,1,2,1,1.0,6.0,31561,M,0.0,0.0,31
201000006039,10,12,8,1745,2,1,1,1.0,1.0,31094,M,4377100.0,164700.0,31
201000006040,10,12,13,1615,1,2,1,1.0,6.0,31497,M,0.0,0.0,31
201000006041,10,2,25,100,5,1,1,1.0,1.0,31395,M,0.0,0.0,31
201000006042,10,3,16,830,1,2,1,7.0,6.0,31395,M,0.0,0.0,31
201000006043,10,3,16,1730,1,2,9,1.0,4.0,31395,M,0.0,0.0,31
201000006044,10,3,20,2100,3,1,1,1.0,1.0,31395,M,0.0,0.0,31
201000006045,10,4,28,1800,1,2,1,1.0,5.0,31395,M,0.0,0.0,31
201000006046,10,6,14,845,1,2,1,2.0,1.0,31165,M,0.0,0.0,31
201000006047,10,7,9,730,1,2,6,1.0,1.0,31395,M,0.0,0.0,31
201000006048,10,12,16,1615,1,2,1,1.0,6.0,31395,M,0.0,0.0,31
201000006049,10,12,27,1030,1,1,1,1.0,6.0,31165,M,0.0,0.0,31
201000006050,10,1,16,1630,1,2,1,2.0,6.0,31033,M,,,31
201000006051,10,1,22,800,2,2,6,1.0,2.0,31033,M,,,31
201000006052,10,3,8,1645,1,1,1,4.0,6.0,31145,M,0.0,0.0,31
201000006053,10,3,17,1445,1,2,1,1.0,1.0,31233,M,0.0,0.0,31
201000006054,10,3,19,1545,1,2,3,1.0,3.0,31033,M,,,31
201000006055,10,5,1,1415,1,2,1,2.0,6.0,31233,M,0.0,0.0,31
201000006056,10,6,5,530,2,1,1,1.0,6.0,31442,M,0.0,0.0,31
201000006057,10,6,8,1815,1,1,1,2.0,6.0,31145,M,0.0,0.0,31
201000006058,10,7,1,2345,3,1,1,1.0,7.0,31231,M,0.0,0.0,31
201000006059,10,7,18,1930,1,2,9,1.0,1.0,31574,M,0.0,0.0,31
201000006060,10,8,9,1815,1,2,1,1.0,6.0,31033,M,0.0,0.0,31
201000006061,10,9,11,1130,1,1,1,1.0,3.0,31345,M,0.0,0.0,31
201000006062,10,10,22,1915,2,1,1,1.0,7.0,31100,M,0.0,0.0,31
201000006063,10,12,17,2115,3,1,1,1.0,3.0,31145,M,0.0,0.0,31
201000006064,10,2,27,1745,1,1,1,6.0,6.0,31326,M,0.0,0.0,31
201000006065,10,4,2,2200,5,2,1,1.0,1.0,31517,M,0.0,0.0,31
201000006066,10,4,5,1730,1,1,1,1.0,1.0,31219,M,0.0,0.0,31
201000006067,10,4,27,700,1,1,3,1.0,3.0,31052,M,0.0,0.0,31
201000006068,10,7,8,15,5,1,1,1.0,7.0,31492,M,0.0,0.0,31
201000006069,10,8,27,315,3,1,1,1.0,6.0,31361,M,0.0,0.0,31
201000006070,10,8,29,430,5,2,6,1.0,1.0,31375,M,0.0,0.0,31
201000006071,10,10,5,1615,1,1,1,1.0,5.0,31517,M,4333600.0,137300.0,31
201000006072,10,10,17,115,3,1,1,1.0,6.0,31326,M,4323000.0,138000.0,31
201000006073,10,10,19,1015,1,2,1,1.0,3.0,31107,M,0.0,0.0,31
201000006074,10,11,21,600,3,1,1,1.0,6.0,31303,M,4336300.0,121200.0,31
201000006075,10,1,23,1800,3,1,1,1.0,6.0,31135,M,,,31
201000006076,10,4,5,1230,1,1,1,1.0,7.0,31193,M,4328100.0,110400.0,31
201000006077,10,5,30,315,5,2,1,1.0,7.0,31324,M,4320200.0,100600.0,31
201000006078,10,6,1,830,1,2,1,1.0,3.0,31324,M,4319800.0,99800.0,31
201000006079,10,6,10,1630,1,2,1,7.0,3.0,31229,M,4332600.0,111600.0,31
201000006080,10,6,13,915,1,1,1,2.0,6.0,31119,M,4330100.0,101899.0,31
201000006081,10,7,31,2000,1,2,1,1.0,3.0,31135,M,4320800.0,108100.0,31
201000006082,10,9,3,745,1,1,1,1.0,5.0,31135,M,0.0,0.0,31
201000006083,10,9,17,445,5,2,1,2.0,6.0,31084,M,0.0,0.0,31
201000006084,10,10,10,300,3,1,1,3.0,6.0,31261,M,4331500.0,114600.0,31
201000006085,10,10,23,1430,1,1,1,1.0,3.0,31349,M,4323300.0,105700.0,31
201000006086,10,1,13,1830,5,1,2,8.0,3.0,31187,M,,,31
201000006087,10,1,29,1515,1,2,6,1.0,3.0,31526,M,,,31
201000006088,10,3,24,1600,1,2,1,1.0,3.0,31526,M,4358400.0,128600.0,31
201000006089,10,4,13,1530,1,1,1,1.0,6.0,31101,M,4348800.0,118400.0,31
201000006090,10,6,11,730,1,2,6,1.0,3.0,31424,M,4356200.0,129900.0,31
201000006091,10,6,30,1845,1,1,1,1.0,6.0,31499,M,4353000.0,120400.0,31
201000006092,10,8,21,1615,1,2,1,1.0,3.0,31424,M,4357200.0,130400.0,31
201000006093,10,9,3,1830,1,1,1,1.0,5.0,31187,M,4353200.0,125200.0,31
201000006094,10,10,26,1745,1,2,1,1.0,1.0,31499,M,4351600.0,119600.0,31
201000006095,10,11,6,2115,3,1,1,1.0,1.0,31187,M,4353300.0,124900.0,31
201000006096,10,12,1,1100,1,2,1,1.0,6.0,31526,M,4357700.0,125300.0,31
201000006097,10,3,27,145,3,1,1,1.0,6.0,31041,M,0.0,0.0,31
201000006098,10,3,26,2045,5,1,1,1.0,1.0,31564,M,0.0,0.0,31
201000006099,10,3,30,1730,1,1,1,1.0,7.0,31207,M,0.0,0.0,31
201000006100,10,5,28,2300,3,1,1,1.0,6.0,31502,M,0.0,0.0,31
201000006101,10,6,11,1645,1,2,1,8.0,1.0,31585,M,0.0,0.0,31
201000006102,10,6,14,1130,1,1,1,3.0,6.0,31207,M,4299500.0,63000.0,31
201000006103,10,6,26,1530,1,1,1,1.0,5.0,31308,M,0.0,0.0,31
201000006104,10,7,12,1700,1,1,9,1.0,5.0,31537,M,4311700.0,80300.0,31
201000006105,10,8,25,1700,1,1,1,1.0,1.0,31369,M,4298600.0,64000.0,31
201000006106,10,9,8,745,1,1,1,1.0,1.0,31308,M,4302300.0,62100.0,31
201000006107,10,10,26,1800,1,1,1,1.0,1.0,31390,M,0.0,0.0,31
201000006108,10,11,9,1915,3,2,9,2.0,6.0,31585,M,4312200.0,66600.0,31
201000006109,10,11,12,2145,3,1,1,1.0,7.0,31585,M,0.0,0.0,31
201000006110,10,11,28,2130,3,1,1,9.0,5.0,31076,M,0.0,0.0,31
201000006111,10,12,17,1500,1,1,1,4.0,1.0,31159,M,4313800.0,61800.0,31
201000006112,10,12,22,1715,1,1,9,1.0,1.0,31247,M,0.0,0.0,31
201000006113,10,2,6,1400,1,1,1,2.0,1.0,31190,M,4285500.0,73700.0,31
201000006114,10,5,20,1630,1,1,1,1.0,1.0,31042,M,0.0,0.0,31
201000006115,10,6,25,1415,1,2,6,1.0,3.0,31042,M,0.0,0.0,31
201000006116,10,6,25,1715,1,1,1,1.0,3.0,31144,M,0.0,0.0,31
201000006117,10,8,7,1115,1,2,1,1.0,3.0,31042,M,4280700.0,60000.0,31
201000006118,10,9,17,1715,1,1,1,1.0,1.0,31132,M,0.0,0.0,31
201000006119,10,1,28,745,2,1,1,8.0,1.0,31141,M,,,31
201000006120,10,5,9,300,3,1,1,2.0,6.0,31251,M,0.0,0.0,31
201000006121,10,5,23,1945,1,1,1,1.0,3.0,31528,M,0.0,0.0,31
201000006122,10,7,8,30,3,1,1,1.0,6.0,31347,M,0.0,0.0,31
201000006123,10,7,10,1200,1,1,1,1.0,3.0,31301,M,0.0,0.0,31
201000006124,10,7,24,1615,1,1,1,1.0,3.0,31528,M,0.0,0.0,31
201000006125,10,7,31,545,5,2,1,1.0,6.0,31028,M,0.0,0.0,31
201000006126,10,8,19,1200,1,1,1,1.0,1.0,31482,M,0.0,0.0,31
201000006127,10,8,20,945,1,1,1,7.0,3.0,31386,M,0.0,0.0,31
201000006128,10,9,17,1115,1,1,1,1.0,3.0,31028,M,0.0,0.0,31
201000006129,10,4,30,1230,1,1,1,1.0,1.0,31034,M,4316500.0,88300.0,31
201000006130,10,5,6,1145,1,1,1,1.0,6.0,31124,M,0.0,0.0,31
201000006131,10,5,30,1845,1,2,1,8.0,3.0,31315,M,4309500.0,95000.0,31
201000006132,10,6,26,1945,1,1,2,1.0,3.0,31314,M,4316700.0,96000.0,31
201000006133,10,7,8,1500,1,1,1,1.0,1.0,31523,M,4310900.0,94100.0,31
201000006134,10,7,10,1830,1,1,1,1.0,1.0,31391,M,4312300.0,93200.0,31
201000006135,10,7,14,800,1,1,1,1.0,6.0,31131,M,4298900.0,73100.0,31
201000006136,10,8,8,1245,1,2,2,1.0,2.0,31020,M,0.0,0.0,31
201000006137,10,9,17,1400,1,2,1,2.0,3.0,31020,M,0.0,0.0,31
201000006138,10,1,6,1500,1,2,1,1.0,1.0,31582,M,,,31
201000006139,10,1,15,1200,1,1,2,1.0,4.0,31102,M,,,31
201000006140,10,2,3,1015,1,1,1,1.0,6.0,31106,M,4352700.0,175300.0,31
201000006141,10,2,21,1800,1,1,1,1.0,1.0,31310,M,4343000.0,177000.0,31
201000006142,10,4,17,1700,1,2,1,1.0,1.0,31582,M,4339600.0,172600.0,31
201000006143,10,6,4,1515,1,1,1,1.0,1.0,31106,M,4352500.0,175600.0,31
201000006144,10,8,17,2200,3,1,1,1.0,6.0,31054,M,4334700.0,174900.0,31
201000006145,10,9,10,700,2,1,1,1.0,5.0,31571,M,4358500.0,177300.0,31
201000006146,10,10,1,1900,1,1,1,1.0,3.0,31304,M,4358600.0,178900.0,31
201000006147,10,11,17,830,1,1,2,5.0,3.0,31571,M,4358600.0,176600.0,31
201000006148,10,11,26,815,1,1,1,1.0,6.0,31037,M,4339800.0,180600.0,31
201000006149,10,2,22,745,1,1,1,1.0,6.0,31478,M,4345300.0,189100.0,31
201000006150,10,3,4,1645,1,2,1,1.0,1.0,31451,M,0.0,0.0,31
201000006151,10,3,18,1600,1,1,1,1.0,1.0,31478,M,4345300.0,189200.0,31
201000006152,10,4,16,1930,1,2,1,1.0,6.0,31451,M,0.0,0.0,31
201000006153,10,8,10,200,3,2,1,1.0,6.0,31371,M,4348000.0,191900.0,31
201000006154,10,9,6,300,5,2,1,1.0,6.0,31451,M,4346700.0,200700.0,31
201000006155,10,9,13,1515,1,1,1,1.0,3.0,31451,M,4344800.0,202100.0,31
201000006156,10,11,9,2130,5,2,2,2.0,3.0,31451,M,0.0,0.0,31
201000006157,10,11,25,1715,2,1,1,2.0,1.0,31400,M,0.0,0.0,31
201000006158,10,1,1,300,3,1,1,4.0,7.0,09206,M,,,09
201000006159,10,1,18,900,1,2,1,1.0,6.0,09160,M,0.0,0.0,09
201000006160,10,1,30,1645,1,2,2,1.0,3.0,09160,M,4292800.0,184100.0,09
201000006161,10,3,28,1700,1,1,1,1.0,7.0,09206,M,0.0,0.0,09
201000006162,10,5,22,1630,1,1,1,1.0,7.0,09047,M,0.0,0.0,09
201000006163,10,10,18,1415,1,2,1,1.0,1.0,09047,M,,,09
201000006164,10,11,11,1015,1,2,6,1.0,2.0,09160,M,,,09
201000006165,10,11,2,1500,1,1,1,1.0,7.0,09262,M,,,09
201000006166,10,11,24,830,1,2,1,7.0,6.0,09160,M,0.0,0.0,09
201000006167,10,12,29,1415,1,2,1,1.0,6.0,09160,M,0.0,0.0,09
201000006168,10,1,7,1630,1,2,1,4.0,6.0,09306,M,0.0,0.0,09
201000006169,10,3,1,1415,1,1,1,1.0,1.0,09221,M,0.0,0.0,09
201000006170,10,4,25,1050,1,1,1,1.0,5.0,09303,M,0.0,0.0,09
201000006171,10,6,30,2100,2,1,1,1.0,1.0,09306,M,0.0,0.0,09
201000006172,10,8,20,2215,3,1,1,1.0,7.0,09217,M,0.0,0.0,09
201000006173,10,8,21,1050,1,2,1,1.0,6.0,09188,M,0.0,0.0,09
201000006174,10,9,14,1315,1,1,1,1.0,7.0,09272,M,0.0,0.0,09
201000006175,10,10,7,1440,1,2,3,1.0,2.0,09272,M,,,09
201000006176,10,12,18,1930,3,1,3,8.0,6.0,09071,M,0.0,0.0,09
201000006177,10,9,24,1945,5,2,4,1.0,1.0,09066,M,0.0,0.0,09
201000006178,10,4,3,745,2,1,1,1.0,6.0,09060,M,0.0,0.0,09
201000006179,10,7,1,2100,2,1,1,1.0,7.0,09339,M,0.0,0.0,09
201000006180,10,7,12,1545,1,1,1,1.0,7.0,09332,M,0.0,0.0,09
201000006181,10,7,19,1030,1,1,1,1.0,6.0,09185,M,0.0,0.0,09
201000006182,10,7,20,2115,1,1,3,1.0,3.0,09147,M,0.0,0.0,09
201000006183,10,7,20,1750,1,2,1,1.0,6.0,09324,M,0.0,0.0,09
201000006184,10,7,29,2000,1,1,1,1.0,6.0,09282,M,0.0,0.0,09
201000006185,10,8,8,1110,1,2,3,1.0,1.0,09238,M,0.0,0.0,09
201000006186,10,8,17,2150,3,1,3,1.0,1.0,09312,M,0.0,0.0,09
201000006187,10,8,21,1415,1,1,1,1.0,6.0,09185,M,0.0,0.0,09
201000006188,10,9,23,700,2,1,2,1.0,3.0,09199,M,,,09
201000006189,10,10,5,1200,1,1,1,1.0,1.0,09264,M,0.0,0.0,09
201000006190,10,10,29,2000,3,1,1,1.0,1.0,09103,M,0.0,0.0,09
201000006191,10,12,28,1515,1,2,4,7.0,6.0,09324,M,0.0,0.0,09
201000006192,10,3,3,1115,1,1,1,6.0,6.0,09269,M,0.0,0.0,09
201000006193,10,3,21,800,1,1,1,8.0,6.0,09277,M,0.0,0.0,09
201000006194,10,3,24,1440,1,1,3,1.0,1.0,09042,M,0.0,0.0,09
201000006195,10,5,2,1300,1,1,1,1.0,7.0,09044,M,0.0,0.0,09
201000006196,10,6,17,1800,1,1,1,1.0,7.0,09273,M,0.0,0.0,09
201000006197,10,6,27,1310,1,1,1,1.0,6.0,09293,M,0.0,0.0,09
201000006198,10,8,23,1345,1,2,3,1.0,1.0,09167,M,0.0,0.0,09
201000006199,10,8,23,1230,1,1,1,1.0,2.0,09108,M,,,09
201000006200,10,2,18,1030,1,2,2,1.0,3.0,09194,M,4309100.0,186700.0,09
201000006201,10,3,4,1730,2,2,3,8.0,3.0,09039,M,4305700.0,188700.0,09
201000006202,10,3,14,15,5,2,1,1.0,3.0,09157,M,4296700.0,187500.0,09
201000006203,10,6,26,2200,2,1,1,1.0,6.0,09107,M,0.0,0.0,09
201000006204,10,7,8,1915,1,1,1,1.0,6.0,09161,M,0.0,0.0,09
201000006205,10,7,25,1820,1,1,1,1.0,1.0,09039,M,4306500.0,188100.0,09
201000006206,10,10,19,1430,1,1,1,1.0,5.0,09039,M,4305000.0,189000.0,09
201000006207,10,10,12,1930,3,1,1,1.0,2.0,09185,M,0.0,0.0,09
201000006208,10,10,16,1740,1,1,1,1.0,7.0,09185,M,0.0,0.0,09
201000006209,10,10,18,730,3,1,3,1.0,5.0,09199,M,0.0,0.0,09
201000006210,10,11,13,710,2,2,4,1.0,3.0,09331,M,0.0,0.0,09
201000006211,10,11,21,1915,3,1,1,3.0,1.0,09185,M,0.0,0.0,09
201000006212,10,11,30,1900,5,1,1,1.0,5.0,09331,M,0.0,0.0,09
201000006213,10,1,18,500,3,1,1,1.0,6.0,09246,M,0.0,0.0,09
201000006214,10,3,13,1100,1,1,4,1.0,1.0,09268,M,,,09
201000006215,10,3,23,1650,1,2,1,1.0,6.0,09261,M,0.0,0.0,09
201000006216,10,4,17,1045,1,1,1,1.0,1.0,09209,M,0.0,0.0,09
201000006217,10,4,15,1830,1,1,1,2.0,3.0,09209,M,,,09
201000006218,10,8,15,130,5,2,1,1.0,6.0,09268,M,,,09
201000006219,10,8,22,1745,1,1,1,1.0,3.0,09111,M,0.0,0.0,09
201000006220,10,9,10,1730,1,2,1,1.0,6.0,09219,M,4255100.0,-1600.0,09
201000006221,10,9,12,214,3,1,1,1.0,6.0,09209,M,0.0,0.0,09
201000006222,10,9,17,2300,3,1,1,3.0,7.0,09247,M,0.0,0.0,09
201000006223,10,9,26,615,3,1,1,3.0,6.0,09017,M,0.0,0.0,09
201000006224,10,9,26,349,3,1,1,3.0,6.0,09149,M,0.0,0.0,09
201000006225,10,10,10,745,2,1,1,3.0,6.0,09055,M,0.0,0.0,09
201000006226,10,10,14,900,1,2,6,1.0,7.0,09261,M,0.0,0.0,09
201000006227,10,10,17,400,3,1,1,2.0,7.0,09097,M,,,09
201000006228,10,11,9,15,3,1,1,3.0,7.0,09219,M,0.0,0.0,09
201000006229,10,11,8,1745,2,2,1,1.0,7.0,09261,M,,,09
201000006230,10,11,17,2010,3,2,1,2.0,7.0,09014,M,0.0,0.0,09
201000006231,10,8,13,1100,1,1,1,1.0,3.0,09065,M,,,09
201000006232,10,9,4,1410,1,1,1,1.0,7.0,09057,M,0.0,0.0,09
201000006233,10,12,11,2130,3,1,1,4.0,1.0,09149,M,0.0,0.0,09
201000006234,10,12,17,1500,1,1,1,4.0,7.0,09113,M,0.0,0.0,09
201000006235,10,2,4,930,1,2,1,1.0,6.0,02168,M,,,02
201000006236,10,4,17,8,5,2,1,1.0,2.0,02168,M,,,02
201000006237,10,6,18,130,3,1,1,1.0,7.0,02168,M,,,02
201000006238,10,7,24,55,5,2,6,1.0,7.0,02168,M,,,02
201000006239,10,9,22,2353,5,2,1,1.0,6.0,02168,M,,,02
201000006240,10,9,24,1605,1,2,2,2.0,3.0,02168,M,,,02
201000006241,10,10,10,1545,1,2,1,1.0,3.0,02168,M,,,02
201000006242,10,12,16,748,2,2,6,2.0,3.0,02168,M,,,02
201000006243,10,10,13,1955,5,2,3,1.0,3.0,02168,M,,,02
201000006244,10,2,20,1735,2,2,3,1.0,3.0,02168,M,,,02
201000006245,10,2,16,1215,1,1,1,1.0,6.0,12202,M,4437300.0,248500.0,12
201000006246,10,3,17,815,1,1,1,1.0,7.0,12001,M,4435400.0,268700.0,12
201000006247,10,5,3,430,3,1,1,1.0,6.0,12001,M,4436000.0,267600.0,12
201000006248,10,7,21,1830,1,1,1,1.0,1.0,12102,M,4431600.0,258500.0,12
201000006249,10,8,16,1600,1,1,1,1.0,6.0,12056,M,4431400.0,249100.0,12
201000006250,10,8,27,1845,1,1,1,8.0,1.0,12056,M,4428500.0,243800.0,12
201000006251,10,10,4,830,1,2,1,3.0,6.0,12133,M,0.0,0.0,12
201000006252,10,10,17,1530,1,1,1,1.0,1.0,12185,M,4430000.0,270100.0,12
201000006253,10,10,30,215,3,1,1,1.0,6.0,12032,M,0.0,0.0,12
201000006254,10,12,24,2330,3,1,1,4.0,6.0,12001,M,4434600.0,271300.0,12
201000006255,10,3,5,1130,1,1,1,1.0,1.0,12106,M,4445700.0,278900.0,12
201000006256,10,5,25,845,1,1,1,1.0,5.0,12157,M,4440400.0,272100.0,12
201000006257,10,5,29,830,1,2,1,1.0,6.0,12057,M,4417500.0,252700.0,12
201000006258,10,7,12,1830,1,1,1,1.0,5.0,12276,M,4415700.0,233000.0,12
201000006259,10,7,16,1430,1,1,1,1.0,1.0,12015,M,4416100.0,260900.0,12
201000006260,10,7,22,1915,1,1,2,1.0,3.0,12194,M,4421300.0,241100.0,12
201000006261,10,7,29,1400,1,1,1,1.0,7.0,12046,M,0.0,0.0,12
201000006262,10,9,25,1415,1,1,1,8.0,1.0,12043,M,4424600.0,252800.0,12
201000006263,10,9,23,2045,3,1,1,9.0,5.0,12194,M,4425100.0,240900.0,12
201000006264,10,10,23,2015,3,1,1,1.0,1.0,12043,M,4426000.0,254400.0,12
201000006265,10,11,1,1745,1,1,1,9.0,1.0,12234,M,4422500.0,254300.0,12
201000006266,10,11,18,2045,3,1,1,2.0,7.0,12046,M,4420400.0,240200.0,12
201000006267,10,3,28,1530,1,1,1,1.0,6.0,12254,M,4449000.0,255100.0,12
201000006268,10,6,3,1115,1,1,1,1.0,3.0,12171,M,4454700.0,240900.0,12
201000006269,10,6,8,1600,1,1,1,1.0,1.0,12016,M,0.0,0.0,12
201000006270,10,7,2,1600,1,1,1,1.0,1.0,12221,M,4458500.0,252100.0,12
201000006271,10,7,7,1530,1,2,1,1.0,6.0,12020,M,4440800.0,244700.0,12
201000006272,10,7,13,2315,3,1,1,1.0,1.0,12114,M,4462600.0,236300.0,12
201000006273,10,7,18,1915,1,1,1,1.0,6.0,12138,M,4445900.0,245500.0,12
201000006274,10,8,15,115,3,1,2,2.0,1.0,12142,M,4440400.0,236400.0,12
201000006275,10,8,17,2115,2,1,1,1.0,7.0,12254,M,4442600.0,247100.0,12
201000006276,10,10,30,2015,3,1,1,1.0,1.0,12171,M,4453000.0,241400.0,12
201000006277,10,6,5,1500,1,1,1,1.0,6.0,12034,M,4438900.0,213900.0,12
201000006278,10,8,11,1445,1,2,1,1.0,6.0,12148,M,4448200.0,223100.0,12
201000006279,10,8,19,1700,1,1,1,7.0,6.0,12289,M,4450100.0,220400.0,12
201000006280,10,8,24,1345,1,1,1,1.0,6.0,12121,M,0.0,0.0,12
201000006281,10,12,3,1100,1,1,1,8.0,1.0,12121,M,4443700.0,219500.0,12
201000006282,10,12,23,830,1,1,1,1.0,6.0,12271,M,4437500.0,284100.0,12
201000006283,10,7,4,1600,1,1,1,1.0,1.0,12048,M,0.0,0.0,12
201000006284,10,8,11,1900,1,2,1,1.0,6.0,12103,M,4463000.0,263000.0,12
201000006285,10,5,26,1845,1,1,1,1.0,3.0,12156,M,4462000.0,282000.0,12
201000006286,10,9,26,130,3,1,1,1.0,6.0,12273,M,4466900.0,278300.0,12
201000006287,10,5,30,1800,1,2,1,2.0,1.0,12224,M,0.0,0.0,12
201000006288,10,2,1,745,2,2,1,1.0,7.0,12225,M,0.0,0.0,12
201000006289,10,7,4,1545,1,1,1,1.0,1.0,12002,M,4416900.0,308700.0,12
201000006290,10,7,19,100,3,1,1,1.0,7.0,12220,M,0.0,0.0,12
201000006291,10,8,20,1200,1,1,1,1.0,1.0,12086,M,0.0,0.0,12
201000006292,10,6,19,1045,1,1,1,1.0,6.0,12294,M,4428000.0,296500.0,12
201000006293,10,7,3,1630,1,1,1,1.0,7.0,12266,M,0.0,0.0,12
201000006294,10,10,12,1745,1,1,1,1.0,1.0,12266,M,0.0,0.0,12
201000006295,10,11,3,2315,3,1,1,2.0,6.0,12294,M,4424000.0,288300.0,12
201000006296,10,12,22,1815,3,1,1,2.0,1.0,12294,M,4424500.0,290600.0,12
201000006297,10,4,16,2000,2,2,1,1.0,7.0,12270,M,4432700.0,307400.0,12
201000006298,10,7,26,1015,1,1,1,8.0,1.0,12196,M,4435600.0,294200.0,12
201000006299,10,3,23,1700,1,2,1,1.0,6.0,12208,M,4395800.0,289000.0,12
201000006300,10,4,1,1415,1,2,1,1.0,6.0,12208,M,4396200.0,288400.0,12
201000006301,10,7,5,1215,1,2,1,1.0,3.0,12208,M,4396400.0,288500.0,12
201000006302,10,7,30,1830,1,1,1,1.0,7.0,12296,M,4406400.0,287200.0,12
201000006303,10,9,10,1730,1,1,1,7.0,7.0,12208,M,4395500.0,291500.0,12
201000006304,10,9,13,1730,1,1,1,1.0,2.0,12208,M,4395700.0,292300.0,12
201000006305,10,9,26,245,3,2,1,1.0,1.0,12208,M,4394500.0,289600.0,12
201000006306,10,10,16,145,5,2,1,1.0,6.0,12208,M,4396200.0,288800.0,12
201000006307,10,10,29,1015,1,2,1,1.0,6.0,12208,M,4396000.0,285800.0,12
201000006308,10,11,8,1500,1,1,1,3.0,7.0,12203,M,4399100.0,296800.0,12
201000006309,10,11,25,1230,1,1,1,2.0,7.0,12228,M,4396600.0,273900.0,12
201000006310,10,12,4,500,3,1,1,1.0,7.0,12203,M,4398000.0,296300.0,12
201000006311,10,12,8,945,1,2,1,1.0,6.0,12208,M,0.0,0.0,12
201000006312,10,12,18,1445,1,1,1,1.0,5.0,12286,M,0.0,0.0,12
201000006313,10,12,27,900,1,1,1,1.0,6.0,12155,M,4387300.0,309100.0,12
201000006314,10,5,30,1415,1,1,1,2.0,6.0,12233,M,4393400.0,273300.0,12
201000006315,10,8,1,630,1,1,1,1.0,7.0,12009,M,4374100.0,295200.0,12
201000006316,10,10,1,1545,1,1,1,1.0,7.0,12069,M,4387800.0,267200.0,12
201000006317,10,10,1,1845,1,2,1,1.0,6.0,12025,M,4382000.0,275500.0,12
201000006318,10,1,31,1445,1,1,1,1.0,1.0,12044,M,4384900.0,289900.0,12
201000006319,10,6,19,1445,1,1,1,1.0,6.0,12077,M,4391300.0,317800.0,12
201000006320,10,1,8,2115,5,2,1,4.0,3.0,12287,M,4432600.0,189800.0,12
201000006321,10,1,8,1700,3,1,1,4.0,6.0,12159,M,4434100.0,210300.0,12
201000006322,10,1,23,2115,3,1,1,1.0,6.0,12263,M,4435000.0,196000.0,12
201000006323,10,6,30,745,1,1,1,1.0,5.0,12136,M,0.0,0.0,12
201000006324,10,7,16,1145,1,2,1,1.0,1.0,12300,M,4436600.0,204199.0,12
201000006325,10,9,19,530,3,1,1,1.0,6.0,12300,M,0.0,0.0,12
201000006326,10,10,24,530,3,1,1,2.0,6.0,12136,M,4442800.0,212500.0,12
201000006327,10,11,6,1800,3,2,1,2.0,6.0,12300,M,0.0,0.0,12
201000006328,10,11,9,1200,1,2,1,2.0,6.0,12300,M,0.0,0.0,12
201000006329,10,12,13,1300,1,1,1,1.0,3.0,12300,M,0.0,0.0,12
201000006330,10,1,25,1630,1,1,1,1.0,7.0,12104,M,0.0,0.0,12
201000006331,10,4,16,2145,3,1,1,1.0,7.0,12003,M,4454200.0,219600.0,12
201000006332,10,5,22,230,5,2,1,1.0,6.0,12052,M,0.0,0.0,12
201000006333,10,10,11,1830,1,1,1,2.0,1.0,12242,M,4440200.0,204199.0,12