Num_Acc,an,mois,jour,hrmn,lum,agg,int,atm,col,com,gps,lat,long,dep
201000006334,10,8,16,1800,1,1,1,1.0,6.0,12285,M,0.0,0.0,12
201000006335,10,12,20,945,1,1,1,1.0,3.0,12198,M,4431200.0,227500.0,12
201000006336,10,3,29,1630,1,1,1,1.0,7.0,32029,M,4364680.0,40473.0,32
201000006337,10,6,3,1300,1,1,1,1.0,6.0,32307,M,4360550.0,56719.0,32
201000006338,10,6,13,830,1,1,2,1.0,3.0,32368,M,4375540.0,62000.0,32
201000006339,10,7,16,1000,1,1,1,1.0,1.0,32307,M,4359690.0,60396.0,32
201000006340,10,7,16,1430,1,1,3,7.0,3.0,32258,M,4374640.0,65970.0,32
201000006341,10,7,26,1045,1,1,1,1.0,3.0,32381,M,4358130.0,54034.0,32
201000006342,10,8,10,1230,1,1,1,1.0,6.0,32307,M,4361530.0,58030.0,32
201000006343,10,8,14,1930,1,1,1,1.0,1.0,32183,M,4365320.0,67429.0,32
201000006344,10,8,26,1715,1,1,2,7.0,3.0,32207,M,4366040.0,65833.0,32
201000006345,10,9,19,1915,1,1,1,1.0,1.0,32307,M,4360550.0,56719.0,32
201000006346,10,9,22,1715,1,2,1,1.0,1.0,32307,M,4361450.0,58609.0,32
201000006347,10,11,25,815,2,1,3,2.0,3.0,32331,M,4370540.0,61846.0,32
201000006348,10,12,19,700,2,1,1,9.0,7.0,32183,M,4365300.0,67491.0,32
201000006349,10,1,8,1815,3,1,1,8.0,1.0,32249,M,4370760.0,85311.0,32
201000006350,10,1,25,1415,1,1,1,1.0,6.0,32012,M,4364760.0,75958.0,32
201000006351,10,2,27,1830,1,1,1,6.0,6.0,32406,M,4369190.0,82320.0,32
201000006352,10,3,14,930,1,1,1,1.0,1.0,32123,M,4364770.0,91299.0,32
201000006353,10,6,18,1530,1,2,1,1.0,6.0,32147,M,4362910.0,87444.0,32
201000006354,10,8,4,1315,1,1,1,1.0,6.0,32436,M,4380490.0,88053.0,32
201000006355,10,8,24,1900,1,1,1,1.0,7.0,32436,M,4378100.0,88868.0,32
201000006356,10,9,27,845,1,1,8,1.0,3.0,32147,M,4364160.0,90813.0,32
201000006357,10,10,7,1600,1,1,1,1.0,7.0,32012,M,4365200.0,79047.0,32
201000006358,10,12,4,900,1,1,1,1.0,1.0,32123,M,4364890.0,90832.0,32
201000006359,10,12,31,1400,1,1,1,1.0,1.0,32372,M,4369680.0,97705.0,32
201000006360,10,3,23,1415,1,1,1,1.0,1.0,32268,M,4360380.0,99694.0,32
201000006361,10,4,15,45,3,1,9,1.0,2.0,32334,M,4359020.0,117091.0,32
201000006362,10,6,11,1500,1,1,1,1.0,1.0,32268,M,4361280.0,94620.0,32
201000006363,10,9,21,1900,1,1,1,1.0,2.0,32160,M,4360240.0,103353.0,32
201000006364,10,10,3,1915,2,1,1,1.0,2.0,32334,M,4359290.0,118769.0,32
201000006365,10,10,5,1315,1,1,1,1.0,5.0,32121,M,4353820.0,99764.0,32
201000006366,10,11,26,1545,1,1,1,1.0,1.0,32160,M,4357660.0,104035.0,32
201000006367,10,12,10,1800,3,2,1,1.0,6.0,32160,M,4361190.0,107800.0,32
201000006368,10,12,16,515,3,1,1,1.0,3.0,32160,M,4360360.0,105246.0,32
201000006369,10,1,26,1515,1,1,3,1.0,2.0,32213,M,4346390.0,88953.0,32
201000006370,10,2,10,1930,3,1,1,1.0,6.0,32410,M,4350200.0,97133.0,32
201000006371,10,5,12,2000,2,1,3,3.0,5.0,32322,M,4353150.0,99096.0,32
201000006372,10,5,15,2200,3,1,1,2.0,6.0,32051,M,4353880.0,88533.0,32
201000006373,10,5,17,800,1,1,1,1.0,3.0,32410,M,4350780.0,94840.0,32
201000006374,10,5,25,900,1,1,1,1.0,3.0,32451,M,4342890.0,77455.0,32
201000006375,10,8,5,1730,1,1,2,1.0,3.0,32336,M,4344880.0,95006.0,32
201000006376,10,11,14,1330,1,1,1,1.0,7.0,32284,M,4344410.0,95145.0,32
201000006377,10,12,11,1345,1,2,1,1.0,6.0,32410,M,4349920.0,93646.0,32
201000006378,10,1,27,2215,3,2,1,1.0,6.0,32162,M,4375770.0,46639.0,32
201000006379,10,5,28,1815,1,1,1,8.0,6.0,32043,M,4367450.0,23781.0,32
201000006380,10,6,6,1845,1,1,1,1.0,6.0,32054,M,4372100.0,41387.0,32
201000006381,10,6,23,1830,1,2,2,1.0,3.0,32162,M,4375760.0,46137.0,32
201000006382,10,7,5,1730,1,2,2,1.0,3.0,32462,M,4375560.0,30263.0,32
201000006383,10,7,23,1645,1,2,2,1.0,3.0,32462,M,4375560.0,30263.0,32
201000006384,10,7,27,1045,1,1,1,1.0,6.0,32384,M,4371620.0,50300.0,32
201000006385,10,7,28,1630,1,1,1,1.0,7.0,32462,M,4374700.0,33955.0,32
201000006386,10,8,27,1215,1,1,1,1.0,6.0,32382,M,4373270.0,37482.0,32
201000006387,10,9,29,1315,1,1,1,1.0,6.0,32382,M,4375000.0,37800.0,32
201000006388,10,12,5,1800,5,2,2,1.0,3.0,32462,M,4375480.0,30751.0,32
201000006389,10,1,31,745,1,1,1,5.0,6.0,32107,M,4400870.0,40370.0,32
201000006390,10,2,3,1530,1,2,7,1.0,6.0,32107,M,4395800.0,37367.0,32
201000006391,10,2,23,1730,1,1,1,1.0,1.0,32143,M,4402840.0,46058.0,32
201000006392,10,3,27,1515,1,1,1,2.0,1.0,32107,M,4397560.0,42975.0,32
201000006393,10,4,8,1800,1,2,3,1.0,6.0,32459,M,4388240.0,38144.0,32
201000006394,10,6,30,1430,1,1,1,1.0,6.0,32075,M,4390470.0,32799.0,32
201000006395,10,7,3,915,1,1,1,1.0,6.0,32212,M,4404690.0,45454.0,32
201000006396,10,7,2,1030,1,2,1,1.0,3.0,32459,M,4386960.0,39125.0,32
201000006397,10,7,6,1000,1,2,1,1.0,6.0,32107,M,4395670.0,36895.0,32
201000006398,10,7,15,1830,1,1,1,1.0,6.0,32402,M,4377350.0,38001.0,32
201000006399,10,7,17,2245,3,1,1,1.0,6.0,32107,M,4400860.0,41027.0,32
201000006400,10,7,24,2215,3,1,1,1.0,6.0,32080,M,4396910.0,46518.0,32
201000006401,10,9,5,815,1,1,1,1.0,6.0,32212,M,4403520.0,48839.0,32
201000006402,10,9,16,1815,1,2,1,2.0,3.0,32107,M,4395880.0,36776.0,32
201000006403,10,12,15,1845,3,1,1,1.0,6.0,32404,M,4389250.0,43365.0,32
201000006404,10,1,9,1215,1,1,1,8.0,6.0,32079,M,4392800.0,9122.0,32
201000006405,10,4,7,1415,1,1,3,2.0,3.0,32155,M,4378000.0,-19670.0,32
201000006406,10,4,11,1715,1,1,1,1.0,2.0,32125,M,4382890.0,9259.0,32
201000006407,10,4,25,1815,1,1,1,1.0,4.0,32005,M,4374900.0,-5914.0,32
201000006408,10,5,14,1600,1,2,3,1.0,3.0,32296,M,4376400.0,-3600.0,32
201000006409,10,7,15,1045,1,1,1,1.0,1.0,32119,M,4387750.0,10295.0,32
201000006410,10,7,14,1715,1,2,3,7.0,2.0,32227,M,4380090.0,4604.0,32
201000006411,10,8,3,1800,1,2,1,1.0,1.0,32149,M,4387800.0,23387.0,32
201000006412,10,8,2,1830,1,2,1,1.0,6.0,32155,M,4377620.0,-18514.0,32
201000006413,10,8,10,730,1,2,1,7.0,6.0,32310,M,4377680.0,-13739.0,32
201000006414,10,9,1,15,3,1,1,1.0,5.0,32222,M,4376430.0,-11455.0,32
201000006415,10,9,5,1630,1,1,1,1.0,6.0,32133,M,4398120.0,25846.0,32
201000006416,10,9,10,1200,1,1,1,1.0,1.0,32096,M,4394730.0,-4603.0,32
201000006417,10,9,17,1830,1,1,2,1.0,6.0,32458,M,4373550.0,-1230.0,32
201000006418,10,9,26,1215,1,2,1,1.0,6.0,32119,M,4386400.0,10300.0,32
201000006419,10,10,24,415,3,1,3,2.0,7.0,32340,M,4388130.0,2813.0,32
201000006420,10,10,28,1515,1,1,2,1.0,3.0,32220,M,4373400.0,-15823.0,32
201000006421,10,12,11,1530,1,2,1,7.0,6.0,32296,M,4375780.0,-3459.0,32
201000006422,10,1,15,1215,1,2,1,1.0,4.0,32132,M,4383680.0,65876.0,32
201000006423,10,2,3,1745,1,1,2,1.0,3.0,32132,M,4385480.0,67766.0,32
201000006424,10,2,14,1430,1,2,1,1.0,6.0,32132,M,4385180.0,66443.0,32
201000006425,10,3,25,1345,1,1,1,1.0,2.0,32208,M,4391250.0,62990.0,32
201000006426,10,3,28,1345,1,1,3,1.0,3.0,32208,M,4396300.0,66051.0,32
201000006427,10,5,9,2000,1,1,1,8.0,6.0,32286,M,4381010.0,64754.0,32
201000006428,10,5,12,1730,1,1,1,1.0,7.0,32452,M,4386120.0,80828.0,32
201000006429,10,5,13,1145,1,1,1,8.0,7.0,32208,M,4393360.0,63988.0,32
201000006430,10,5,14,1445,1,1,1,1.0,7.0,32208,M,4393340.0,59593.0,32
201000006431,10,5,28,745,1,1,3,1.0,3.0,32208,M,4396540.0,66413.0,32
201000006432,10,5,28,1915,1,1,2,1.0,3.0,32208,M,4394640.0,67985.0,32
201000006433,10,7,7,1145,1,1,1,1.0,3.0,32208,M,4392330.0,62367.0,32
201000006434,10,7,8,1830,1,1,1,1.0,1.0,32208,M,4395520.0,65141.0,32
201000006435,10,7,13,1330,1,2,1,1.0,1.0,32132,M,4385510.0,65499.0,32
201000006436,10,8,1,1615,1,1,3,1.0,3.0,32452,M,4386130.0,80160.0,32
201000006437,10,8,13,1445,1,2,1,1.0,6.0,32208,M,4393400.0,61763.0,32
201000006438,10,8,26,930,1,2,1,1.0,6.0,32208,M,4393390.0,62804.0,32
201000006439,10,9,11,1000,1,1,4,1.0,3.0,32078,M,4387620.0,67128.0,32
201000006440,10,9,26,130,3,2,1,1.0,7.0,32132,M,4384660.0,67053.0,32
201000006441,10,9,29,1745,1,2,1,1.0,4.0,32370,M,4388440.0,76253.0,32
201000006442,10,9,30,1700,1,1,1,1.0,5.0,32306,M,4388080.0,65280.0,32
201000006443,10,10,3,1700,1,1,1,1.0,3.0,32132,M,4384590.0,69499.0,32
201000006444,10,11,7,145,5,2,2,2.0,3.0,32132,M,4384920.0,66269.0,32
201000006445,10,11,24,115,3,1,1,5.0,7.0,32158,M,4391370.0,74178.0,32
201000006446,10,12,20,700,3,1,1,9.0,6.0,32208,M,4395630.0,60771.0,32
201000006447,10,12,21,1700,2,1,2,2.0,3.0,32158,M,4393560.0,75683.0,32
201000006448,10,12,22,1330,1,2,2,1.0,2.0,32132,M,4383850.0,65944.0,32
201000006449,10,1,29,1600,1,1,1,8.0,2.0,32254,M,4354560.0,46975.0,32
201000006450,10,2,3,1845,3,1,1,1.0,3.0,32103,M,4336470.0,55384.0,32
201000006451,10,2,6,620,3,1,1,2.0,6.0,32426,M,4350120.0,56776.0,32
201000006452,10,4,10,1115,1,1,2,1.0,3.0,32169,M,4347090.0,58377.0,32
201000006453,10,4,17,1515,1,1,1,1.0,7.0,32397,M,4344770.0,41471.0,32
201000006454,10,9,16,1645,1,1,1,2.0,1.0,32254,M,4354150.0,46776.0,32
201000006455,10,10,6,845,1,1,1,1.0,6.0,32254,M,4353680.0,44409.0,32
201000006456,10,10,26,100,3,1,1,2.0,6.0,32103,M,4334610.0,54470.0,32
201000006457,10,10,31,145,3,2,1,1.0,6.0,32438,M,4347190.0,66537.0,32
201000006458,10,2,26,2200,5,2,1,1.0,6.0,32233,M,4352300.0,16068.0,32
201000006459,10,5,21,2245,3,1,1,1.0,6.0,32233,M,4353310.0,16207.0,32
201000006460,10,5,29,815,3,1,1,1.0,6.0,32181,M,4342280.0,27259.0,32
201000006461,10,8,31,1730,1,1,2,1.0,5.0,32181,M,4342570.0,28960.0,32
201000006462,10,11,14,1845,3,1,1,3.0,6.0,32252,M,4344700.0,31421.0,32
201000006463,10,12,30,845,1,2,1,1.0,3.0,32283,M,4337640.0,21179.0,32
201000006464,10,2,3,1445,1,2,4,1.0,3.0,32027,M,4370330.0,-23632.0,32
201000006465,10,3,23,1600,1,2,2,1.0,3.0,32344,M,4365520.0,-8891.0,32
201000006466,10,5,15,1815,1,1,1,1.0,3.0,32070,M,4364440.0,-3738.0,32
201000006467,10,10,2,745,1,2,1,1.0,3.0,32163,M,4358290.0,501.0,32
201000006468,10,12,27,1815,3,1,1,1.0,7.0,32109,M,4362330.0,10771.0,32
201000006469,10,8,24,1900,1,1,1,1.0,7.0,46202,M,4429180.0,150773.0,46
201000006470,10,12,27,1245,1,1,1,1.0,7.0,46149,M,4448600.0,149864.0,46
201000006471,10,3,9,1245,1,1,1,1.0,6.0,46091,M,4436500.0,161134.0,46
201000006472,10,3,14,345,3,1,1,1.0,6.0,46023,M,4426040.0,152994.0,46
201000006473,10,5,3,1515,1,1,1,1.0,1.0,46340,M,4452590.0,146151.0,46
201000006474,10,6,6,1700,1,1,1,1.0,6.0,46063,M,4432570.0,136907.0,46
201000006475,10,7,14,2130,2,1,1,1.0,7.0,46023,M,4429880.0,152847.0,46
201000006476,10,7,18,1915,1,1,1,1.0,3.0,46188,M,4456660.0,145877.0,46
201000006477,10,8,8,1830,1,2,1,1.0,1.0,46148,M,4434810.0,153801.0,46
201000006478,10,8,22,2330,3,1,1,1.0,1.0,46172,M,4435090.0,140577.0,46
201000006479,10,9,16,1630,1,1,1,2.0,7.0,46137,M,4440850.0,140852.0,46
201000006480,10,10,15,1630,1,1,1,1.0,1.0,46070,M,4438400.0,147600.0,46
201000006481,10,11,12,845,1,1,1,2.0,6.0,46014,M,4436090.0,124735.0,46
201000006482,10,12,8,1115,1,2,1,7.0,6.0,46137,M,4441560.0,143744.0,46
201000006483,10,2,1,930,1,1,1,1.0,7.0,46285,M,4436470.0,127869.0,46
201000006484,10,2,24,945,1,1,1,1.0,6.0,46066,M,4463660.0,123006.0,46
201000006485,10,4,27,2245,3,1,1,1.0,6.0,46022,M,4446110.0,121142.0,46
201000006486,10,4,26,1545,1,2,1,1.0,6.0,46231,M,4451020.0,113727.0,46
201000006487,10,5,28,1715,1,1,2,1.0,3.0,46099,M,4440100.0,121985.0,46
201000006488,10,6,26,1630,1,1,1,1.0,1.0,46201,M,4432530.0,118003.0,46
201000006489,10,7,16,215,3,1,1,1.0,7.0,46321,M,4449580.0,106858.0,46
201000006490,10,8,21,1200,1,2,1,1.0,6.0,46225,M,4450380.0,118765.0,46
201000006491,10,9,5,1915,1,1,1,1.0,7.0,46184,M,4465160.0,121443.0,46
201000006492,10,9,8,800,1,1,1,8.0,3.0,46112,M,4455430.0,147688.0,46
201000006493,10,9,8,945,1,1,1,2.0,1.0,46089,M,4450960.0,110555.0,46
201000006494,10,9,14,2015,3,1,1,1.0,7.0,46044,M,4449040.0,135032.0,46
201000006495,10,10,4,1245,1,1,1,2.0,3.0,46225,M,4451210.0,118956.0,46
201000006496,10,11,3,1600,1,1,1,8.0,6.0,46060,M,4440410.0,124422.0,46
201000006497,10,11,10,1430,1,1,1,1.0,6.0,46044,M,4449930.0,137027.0,46
201000006498,10,11,20,1845,3,1,4,8.0,6.0,46307,M,0.0,0.0,46
201000006499,10,11,20,1600,1,1,1,1.0,3.0,46064,M,4455820.0,134635.0,46
201000006500,10,12,4,1545,1,1,2,1.0,1.0,46199,M,4454360.0,107109.0,46
201000006501,10,4,29,900,1,2,1,1.0,2.0,46102,M,4460890.0,202039.0,46
201000006502,10,8,12,1945,1,1,1,1.0,6.0,46175,M,4463490.0,196785.0,46
201000006503,10,8,21,1630,1,1,1,1.0,3.0,46052,M,4459770.0,197178.0,46
201000006504,10,8,22,1000,1,1,9,1.0,3.0,46102,M,4459880.0,204401.0,46
201000006505,10,10,12,1130,1,1,1,1.0,6.0,46108,M,4467500.0,195006.0,46
201000006506,10,10,13,730,2,1,1,1.0,6.0,46102,M,4459440.0,198568.0,46
201000006507,10,11,17,1815,3,1,1,2.0,5.0,46085,M,4457360.0,213262.0,46
201000006508,10,4,18,1600,1,1,1,1.0,7.0,46034,M,4471650.0,191303.0,46
201000006509,10,4,25,530,2,1,1,1.0,7.0,46230,M,4439770.0,186724.0,46
201000006510,10,5,22,1400,1,1,1,1.0,6.0,46243,M,4473390.0,184941.0,46
201000006511,10,7,10,300,3,1,1,1.0,6.0,46057,M,4469870.0,201437.0,46
201000006512,10,7,24,1915,1,2,1,1.0,6.0,46034,M,4470850.0,190313.0,46
201000006513,10,9,26,1,3,1,1,1.0,1.0,46133,M,4469380.0,190885.0,46
201000006514,10,2,17,1915,5,2,1,3.0,6.0,46038,M,4491490.0,183952.0,46
201000006515,10,4,23,1315,1,1,1,1.0,1.0,46229,M,4491940.0,179690.0,46
201000006516,10,6,2,2030,1,1,1,7.0,7.0,46177,M,4489140.0,180084.0,46
201000006517,10,6,23,1215,1,1,3,1.0,3.0,46229,M,4491910.0,179559.0,46
201000006518,10,6,25,930,1,1,3,1.0,1.0,46228,M,4489320.0,178655.0,46
201000006519,10,7,18,1445,1,2,1,1.0,7.0,46029,M,4492710.0,186475.0,46
201000006520,10,8,6,1545,1,2,1,1.0,1.0,46229,M,4491720.0,179180.0,46
201000006521,10,8,20,1830,1,2,1,1.0,3.0,46123,M,4491940.0,180904.0,46
201000006522,10,8,21,1930,1,1,1,1.0,1.0,46228,M,4489870.0,179971.0,46
201000006523,10,10,9,1415,1,1,1,1.0,1.0,46011,M,4488100.0,182800.0,46
201000006524,10,10,30,1730,1,1,1,1.0,7.0,46311,M,4486970.0,204420.0,46
201000006525,10,3,23,1815,1,1,1,1.0,7.0,46127,M,4470180.0,135689.0,46
201000006526,10,4,9,1515,1,1,1,1.0,7.0,46297,M,4468190.0,124276.0,46
201000006527,10,4,9,1845,1,2,1,1.0,3.0,46138,M,4464710.0,156790.0,46
201000006528,10,4,26,1145,1,2,3,1.0,3.0,46127,M,4474690.0,139212.0,46
201000006529,10,5,26,1145,1,2,1,1.0,6.0,46127,M,4473560.0,138045.0,46
201000006530,10,6,25,1715,1,1,1,1.0,1.0,46334,M,4474350.0,145826.0,46
201000006531,10,7,30,2345,3,1,6,1.0,6.0,46204,M,4468550.0,160524.0,46
201000006532,10,9,8,900,1,1,1,1.0,7.0,46290,M,4473610.0,149443.0,46
201000006533,10,9,8,1745,1,2,1,2.0,6.0,46127,M,4473630.0,138032.0,46
201000006534,10,9,11,600,2,1,1,1.0,6.0,46259,M,4470030.0,136735.0,46
201000006535,10,10,16,1715,1,1,1,2.0,6.0,46334,M,4474130.0,141677.0,46
201000006536,10,10,26,1300,1,1,1,1.0,6.0,46304,M,4470220.0,156110.0,46
201000006537,10,11,7,200,3,1,1,2.0,6.0,46334,M,4476230.0,146203.0,46
201000006538,10,11,20,1000,5,2,1,2.0,7.0,46127,M,4473820.0,138665.0,46
201000006539,10,11,28,915,1,2,1,9.0,6.0,46127,M,4473980.0,139016.0,46
201000006540,10,12,8,2000,3,1,1,1.0,6.0,46258,M,4471700.0,143700.0,46
201000006541,10,2,6,1345,1,1,4,2.0,3.0,46058,M,4491630.0,174566.0,46
201000006542,10,4,6,1600,1,2,1,1.0,3.0,46128,M,4478610.0,173812.0,46
201000006543,10,5,4,900,1,1,1,1.0,3.0,46185,M,4494430.0,159135.0,46
201000006544,10,5,22,1800,1,1,1,1.0,6.0,46238,M,4466680.0,135597.0,46
201000006545,10,7,2,2315,3,1,4,2.0,6.0,46208,M,4487180.0,162522.0,46
201000006546,10,7,22,2015,1,1,1,1.0,3.0,46283,M,4497290.0,169712.0,46
201000006547,10,8,26,2045,2,1,1,1.0,6.0,46165,M,4480630.0,178621.0,46
201000006548,10,9,8,915,1,1,1,8.0,1.0,46018,M,4471320.0,164139.0,46
201000006549,10,10,5,715,2,1,1,1.0,3.0,46238,M,4479770.0,168368.0,46
201000006550,10,10,8,1845,1,1,1,1.0,7.0,46074,M,4499770.0,167825.0,46
201000006551,10,7,14,1615,1,1,2,1.0,3.0,46215,M,4480360.0,142746.0,46
201000006552,10,8,19,1630,1,1,9,1.0,6.0,46144,M,4484310.0,155298.0,46
201000006553,10,9,7,1900,1,1,1,2.0,1.0,46209,M,4484040.0,146187.0,46
201000006554,10,10,8,1645,1,1,1,1.0,7.0,46236,M,4477930.0,154018.0,46
201000006555,10,12,3,1745,5,2,1,1.0,6.0,46309,M,4489560.0,147889.0,46
201000006556,10,2,6,1245,1,1,1,3.0,1.0,65344,M,0.0,0.0,65
201000006557,10,2,25,1045,1,2,1,1.0,4.0,65401,M,4319200.0,10300.0,65
201000006558,10,2,27,1400,1,1,1,1.0,1.0,65392,M,4317400.0,8800.0,65
201000006559,10,3,17,1030,1,2,1,1.0,7.0,65221,M,4314000.0,9000.0,65
201000006560,10,4,9,1015,1,1,9,1.0,3.0,65019,M,0.0,0.0,65
201000006561,10,4,21,945,1,1,1,1.0,6.0,65257,M,0.0,0.0,65
201000006562,10,4,25,345,3,2,1,1.0,6.0,65080,M,0.0,0.0,65
201000006563,10,8,6,730,1,1,1,1.0,3.0,65257,M,0.0,0.0,65
201000006564,10,8,28,530,3,1,1,1.0,7.0,65057,M,0.0,0.0,65
201000006565,10,8,29,1430,1,1,1,1.0,7.0,65062,M,0.0,0.0,65
201000006566,10,9,26,2215,5,2,1,1.0,2.0,65392,M,4316300.0,8800.0,65
201000006567,10,10,8,1230,1,1,1,1.0,1.0,65344,M,4319100.0,-5000.0,65
201000006568,10,11,1,445,3,1,1,3.0,1.0,65284,M,4318300.0,900.0,65
201000006569,10,5,22,1530,1,1,1,1.0,6.0,65129,M,0.0,0.0,65
201000006570,10,10,31,1245,1,1,1,1.0,6.0,65148,M,0.0,0.0,65
201000006571,10,2,28,745,1,1,1,6.0,6.0,65272,M,4319640.0,19190.0,65
201000006572,10,7,7,1945,1,1,2,1.0,3.0,65156,M,0.0,0.0,65
201000006573,10,7,26,1445,1,1,1,1.0,6.0,65375,M,4337700.0,15600.0,65
201000006574,10,2,12,1430,1,2,1,8.0,1.0,65462,M,4344700.0,-5300.0,65
201000006575,10,3,22,1645,1,1,1,1.0,1.0,65007,M,4330900.0,7000.0,65
201000006576,10,5,1,1900,1,1,2,1.0,3.0,65049,M,4348100.0,9600.0,65
201000006577,10,5,7,1100,1,1,1,1.0,4.0,65460,M,4339100.0,7800.0,65
201000006578,10,6,7,645,1,1,1,1.0,6.0,65304,M,4346500.0,1800.0,65
201000006579,10,8,22,15,3,1,1,1.0,7.0,65304,M,0.0,0.0,65
201000006580,10,8,27,1600,1,1,1,1.0,6.0,65121,M,4336600.0,6900.0,65
201000006581,10,9,13,430,5,1,6,1.0,6.0,65460,M,0.0,0.0,65
201000006582,10,11,8,1830,5,2,1,3.0,6.0,65007,M,0.0,0.0,65
201000006583,10,12,13,1745,2,1,1,1.0,1.0,65330,M,0.0,0.0,65
201000006584,10,2,27,115,3,1,6,1.0,7.0,65025,M,0.0,0.0,65
201000006585,10,9,21,330,5,2,1,1.0,6.0,65004,M,0.0,0.0,65
201000006586,10,11,9,1530,1,1,1,1.0,6.0,65045,M,0.0,0.0,65
201000006587,10,4,2,1630,1,1,1,1.0,2.0,65164,M,4311400.0,3700.0,65
201000006588,10,4,28,800,1,1,1,1.0,3.0,65271,M,4310300.0,-700.0,65
201000006589,10,7,13,115,5,2,1,1.0,6.0,65002,M,0.0,0.0,65
201000006590,10,8,11,1700,1,1,1,1.0,6.0,65192,M,4280100.0,1700.0,65
201000006591,10,11,18,1500,1,1,1,1.0,7.0,65295,M,0.0,0.0,65
201000006592,10,1,7,1400,1,1,1,4.0,3.0,65370,M,4308700.0,14900.0,65
201000006593,10,1,23,1030,1,2,1,1.0,1.0,65059,M,4312500.0,21400.0,65
201000006594,10,2,24,645,5,2,1,1.0,1.0,65451,M,0.0,0.0,65
201000006595,10,4,25,1230,1,1,1,1.0,1.0,65123,M,4300600.0,19600.0,65
201000006596,10,12,9,745,5,2,9,2.0,6.0,65059,M,0.0,0.0,65
201000006597,10,2,13,2330,3,1,1,4.0,6.0,65069,M,4308500.0,38300.0,65
201000006598,10,5,22,1000,1,1,1,1.0,6.0,65258,M,0.0,0.0,65
201000006599,10,6,10,1630,1,1,1,1.0,7.0,65218,M,4299300.0,37400.0,65
201000006600,10,7,4,100,5,1,1,2.0,7.0,65127,M,4311000.0,32900.0,65
201000006601,10,7,18,1100,1,1,1,1.0,2.0,65069,M,4309200.0,37500.0,65
201000006602,10,7,17,1000,1,1,1,2.0,7.0,65165,M,4305100.0,31100.0,65
201000006603,10,8,25,1745,1,2,6,1.0,6.0,65258,M,4312500.0,40200.0,65
201000006604,10,9,5,1800,1,1,1,1.0,5.0,65444,M,4304600.0,55800.0,65
201000006605,10,11,14,1815,3,1,1,3.0,1.0,65258,M,4310700.0,40000.0,65
201000006606,10,1,23,1445,1,1,1,1.0,5.0,81317,M,4389860.0,231462.0,81
201000006607,10,1,24,1645,1,1,1,1.0,1.0,81147,M,4379790.0,218643.0,81
201000006608,10,1,28,1800,2,1,1,4.0,7.0,81096,M,4389400.0,238116.0,81
201000006609,10,2,10,1330,1,2,1,1.0,7.0,81052,M,4391000.0,220900.0,81
201000006610,10,3,7,600,2,1,1,1.0,6.0,81147,M,4380080.0,218389.0,81
201000006611,10,4,1,1530,1,1,1,1.0,5.0,81079,M,4382790.0,219033.0,81
201000006612,10,4,2,1630,1,2,9,1.0,6.0,81222,M,4377320.0,218479.0,81
201000006613,10,5,8,500,3,1,1,1.0,6.0,81226,M,4379540.0,220809.0,81
201000006614,10,5,24,900,1,1,1,1.0,1.0,81167,M,4388340.0,253294.0,81
201000006615,10,6,26,315,3,1,1,1.0,6.0,81240,M,4392600.0,246611.0,81
201000006616,10,6,26,1830,1,2,1,1.0,6.0,81222,M,4377520.0,218789.0,81
201000006617,10,7,6,1330,1,1,1,1.0,6.0,81297,M,4392510.0,208361.0,81
201000006618,10,7,23,2000,1,2,1,1.0,6.0,81156,M,4391600.0,202999.0,81
201000006619,10,7,27,1700,1,1,1,1.0,6.0,81155,M,4391660.0,227950.0,81
201000006620,10,8,1,1900,1,1,1,2.0,3.0,81096,M,4389740.0,239891.0,81
201000006621,10,8,9,930,1,2,1,1.0,2.0,81222,M,4377010.0,217244.0,81
201000006622,10,8,10,1230,1,1,1,1.0,1.0,81233,M,4379390.0,226039.0,81
201000006623,10,8,19,1615,1,1,1,1.0,3.0,81222,M,4378530.0,218786.0,81
201000006624,10,9,15,2345,3,1,1,1.0,6.0,81222,M,4377670.0,216189.0,81
201000006625,10,9,30,1430,1,1,1,1.0,3.0,81010,M,0.0,0.0,81
201000006626,10,10,6,1,3,1,1,1.0,6.0,81147,M,4378230.0,214787.0,81
201000006627,10,11,3,1030,1,1,1,2.0,3.0,81147,M,4380100.0,218364.0,81
201000006628,10,12,26,1030,1,1,1,1.0,1.0,81010,M,4394040.0,238131.0,81
201000006629,10,8,18,1630,1,1,1,1.0,3.0,81170,M,4406750.0,209460.0,81
201000006630,10,8,23,215,3,1,1,1.0,6.0,81230,M,4405780.0,220740.0,81
201000006631,10,9,21,1200,1,1,2,1.0,3.0,81319,M,4399610.0,201768.0,81