Num_Acc,an,mois,jour,hrmn,lum,agg,int,atm,col,com,gps,lat,long,dep
201000006632,10,3,1,815,1,1,1,1.0,7.0,81094,M,4395910.0,251733.0,81
201000006633,10,3,13,1630,1,1,1,1.0,1.0,81277,M,4398740.0,226275.0,81
201000006634,10,7,6,1645,1,1,1,1.0,3.0,81047,M,4394570.0,247085.0,81
201000006635,10,7,24,730,1,1,1,1.0,6.0,81168,M,4412900.0,217398.0,81
201000006636,10,9,13,1745,1,1,1,7.0,3.0,81249,M,4407710.0,218999.0,81
201000006637,10,10,28,830,1,2,1,1.0,1.0,81008,M,4410830.0,220324.0,81
201000006638,10,1,28,2145,3,1,1,2.0,6.0,81040,M,4371820.0,207795.0,81
201000006639,10,3,10,745,1,1,1,1.0,1.0,81139,M,4372990.0,215060.0,81
201000006640,10,3,18,715,1,1,1,1.0,6.0,81132,M,4364110.0,205514.0,81
201000006641,10,4,2,2045,5,1,1,1.0,6.0,81281,M,4358770.0,211238.0,81
201000006642,10,6,18,2315,3,1,1,1.0,6.0,81075,M,4365100.0,210325.0,81
201000006643,10,7,6,1100,1,1,1,1.0,7.0,81207,M,0.0,0.0,81
201000006644,10,8,23,1945,1,1,1,1.0,6.0,81195,M,4357070.0,222536.0,81
201000006645,10,8,23,2030,1,1,1,1.0,1.0,81286,M,4364550.0,203874.0,81
201000006646,10,11,8,1430,1,1,2,2.0,3.0,81174,M,4378040.0,210413.0,81
201000006647,10,4,3,1530,1,2,1,1.0,2.0,81193,M,4367460.0,277891.0,81
201000006648,10,7,31,1500,1,2,1,1.0,6.0,81062,M,4364680.0,251714.0,81
201000006649,10,9,13,1215,1,1,1,1.0,1.0,81124,M,4371220.0,274317.0,81
201000006650,10,11,19,2000,3,1,1,1.0,1.0,81124,M,0.0,0.0,81
201000006651,10,1,4,1600,1,1,1,1.0,6.0,81271,M,4377900.0,167077.0,81
201000006652,10,1,6,2315,3,1,1,1.0,7.0,81248,M,4375730.0,184463.0,81
201000006653,10,1,23,1615,1,1,1,1.0,2.0,81025,M,4365720.0,175624.0,81
201000006654,10,2,4,2015,3,1,1,2.0,7.0,81104,M,4376040.0,178276.0,81
201000006655,10,3,3,1915,3,1,1,2.0,6.0,81215,M,4376130.0,187095.0,81
201000006656,10,3,12,1530,1,1,1,1.0,6.0,81044,M,4372490.0,193015.0,81
201000006657,10,3,18,1630,1,1,1,1.0,6.0,81076,M,4356990.0,188327.0,81
201000006658,10,4,2,1000,1,1,2,1.0,3.0,81078,M,4366240.0,198753.0,81
201000006659,10,4,12,1115,1,2,1,1.0,6.0,81039,M,4375130.0,190809.0,81
201000006660,10,4,20,1745,1,2,1,1.0,1.0,81011,M,4373000.0,182335.0,81
201000006661,10,4,23,1015,1,1,1,1.0,1.0,81261,M,4375100.0,176119.0,81
201000006662,10,4,28,2215,3,1,1,1.0,3.0,81105,M,0.0,0.0,81
201000006663,10,5,18,945,1,2,1,1.0,6.0,81140,M,0.0,0.0,81
201000006664,10,5,28,1800,1,1,3,1.0,3.0,81271,M,4377390.0,166137.0,81
201000006665,10,6,5,600,1,2,1,1.0,6.0,81140,M,4369350.0,181725.0,81
201000006666,10,6,11,430,3,1,1,1.0,6.0,81271,M,4375380.0,169926.0,81
201000006667,10,6,12,1400,1,2,1,1.0,6.0,81140,M,4370360.0,180259.0,81
201000006668,10,6,16,1200,1,2,3,2.0,3.0,81140,M,0.0,0.0,81
201000006669,10,9,26,600,3,1,1,1.0,6.0,81104,M,4375290.0,179444.0,81
201000006670,10,10,5,645,3,1,1,1.0,6.0,81140,M,0.0,0.0,81
201000006671,10,10,27,2230,3,1,1,1.0,6.0,81261,M,4374770.0,176153.0,81
201000006672,10,11,4,1945,3,1,1,1.0,6.0,81271,M,4376160.0,169839.0,81
201000006673,10,11,15,1745,3,1,1,1.0,6.0,81323,M,4366990.0,191458.0,81
201000006674,10,4,18,2345,5,2,1,1.0,6.0,81305,M,4369470.0,242456.0,81
201000006675,10,5,15,1200,1,2,2,8.0,3.0,81182,M,4372010.0,232615.0,81
201000006676,10,6,17,830,1,1,1,1.0,6.0,81182,M,4372830.0,230989.0,81
201000006677,10,6,26,1800,1,1,3,1.0,3.0,81252,M,4366570.0,223136.0,81
201000006678,10,9,23,1645,1,1,2,1.0,3.0,81042,M,4362760.0,235336.0,81
201000006679,10,11,9,845,1,1,1,2.0,1.0,81042,M,4362730.0,236196.0,81
201000006680,10,2,2,1915,3,1,1,1.0,1.0,81225,M,4391920.0,196654.0,81
201000006681,10,2,26,1500,1,2,6,1.0,3.0,81038,M,4388470.0,190924.0,81
201000006682,10,3,12,1230,1,1,1,1.0,6.0,81093,M,4389770.0,203657.0,81
201000006683,10,4,3,1745,1,1,1,2.0,2.0,81099,M,4391350.0,192653.0,81
201000006684,10,5,21,1245,1,1,1,1.0,6.0,81099,M,4395100.0,191178.0,81
201000006685,10,6,22,1115,1,2,1,1.0,3.0,81099,M,4389290.0,187699.0,81
201000006686,10,8,28,600,3,1,1,1.0,7.0,81117,M,4378240.0,198826.0,81
201000006687,10,10,27,1000,1,2,1,7.0,6.0,81099,M,4389510.0,190087.0,81
201000006688,10,12,14,2230,3,1,2,1.0,3.0,81294,M,4385400.0,192951.0,81
201000006689,10,12,20,545,3,1,1,9.0,6.0,81099,M,4392150.0,193511.0,81
201000006690,10,1,5,1800,5,2,1,1.0,6.0,69089,M,0.0,0.0,69
201000006691,10,1,21,1815,5,2,1,1.0,7.0,69089,M,0.0,0.0,69
201000006692,10,3,2,745,1,2,1,1.0,6.0,69069,M,4575100.0,474400.0,69
201000006693,10,3,30,1530,1,2,1,8.0,3.0,69069,M,4574300.0,471799.0,69
201000006694,10,8,21,930,1,2,1,1.0,2.0,69069,M,0.0,0.0,69
201000006695,10,9,8,1545,1,2,1,1.0,3.0,69069,M,4574800.0,471100.0,69
201000006696,10,10,1,1900,5,2,1,1.0,3.0,69089,M,0.0,0.0,69
201000006697,10,10,6,1900,1,2,1,1.0,6.0,69089,M,0.0,0.0,69
201000006698,10,10,25,1330,1,2,1,6.0,3.0,69089,M,4575200.0,474700.0,69
201000006699,10,10,28,1830,1,2,9,1.0,3.0,69089,M,4574600.0,477300.0,69
201000006700,10,11,26,1730,5,2,1,1.0,6.0,69089,M,0.0,0.0,69
201000006701,10,12,20,1800,5,2,1,2.0,6.0,69069,M,0.0,0.0,69
201000006702,10,5,1,1101,1,2,2,1.0,6.0,02408,M,,,02
201000006703,10,4,29,920,1,2,2,1.0,3.0,02408,M,,,02
201000006704,10,10,13,1352,1,2,1,1.0,6.0,02408,M,,,02
201000006705,10,11,13,1340,3,1,1,2.0,6.0,02408,M,,,02
201000006706,10,5,15,1718,1,2,1,1.0,1.0,02157,M,,,02
201000006707,10,6,1,1850,1,2,1,2.0,1.0,02157,M,,,02
201000006708,10,7,23,435,5,2,1,1.0,6.0,02408,M,,,02
201000006709,10,8,17,2015,1,2,1,8.0,7.0,02408,M,,,02
201000006710,10,9,22,750,1,2,1,1.0,7.0,02408,M,,,02
201000006711,10,4,4,1145,1,1,1,8.0,1.0,81290,M,4403540.0,197057.0,81
201000006712,10,5,25,1000,1,1,1,1.0,1.0,81064,M,4396450.0,181739.0,81
201000006713,10,6,8,1745,1,1,1,1.0,6.0,81064,M,4397180.0,177899.0,81
201000006714,10,10,2,1115,1,1,1,1.0,1.0,81064,M,4395750.0,183778.0,81
201000006715,10,1,27,2045,3,1,1,1.0,6.0,81276,M,4391380.0,167285.0,81
201000006716,10,3,25,600,3,1,1,1.0,6.0,81070,M,4380680.0,178359.0,81
201000006717,10,3,27,2145,3,1,1,1.0,1.0,81070,M,4378070.0,173350.0,81
201000006718,10,3,31,1515,1,1,1,1.0,6.0,81070,M,4381290.0,177039.0,81
201000006719,10,4,11,600,2,1,1,1.0,7.0,81171,M,0.0,0.0,81
201000006720,10,6,19,2345,5,2,1,8.0,3.0,81145,M,0.0,0.0,81
201000006721,10,7,15,330,3,1,1,1.0,7.0,81178,M,4391930.0,160306.0,81
201000006722,10,7,24,2115,1,1,1,1.0,7.0,81145,M,4391000.0,171939.0,81
201000006723,10,8,25,1800,1,1,1,1.0,6.0,81272,M,4392050.0,162537.0,81
201000006724,10,9,3,1630,1,1,1,1.0,1.0,81038,M,4387120.0,188743.0,81
201000006725,10,10,10,1645,1,1,1,3.0,6.0,81279,M,4392120.0,165214.0,81
201000006726,10,11,12,1530,1,2,1,1.0,3.0,81171,M,4386480.0,188072.0,81
201000006727,10,11,13,2000,3,1,1,1.0,6.0,81202,M,4383160.0,182841.0,81
201000006728,10,12,3,1230,1,1,1,8.0,1.0,81145,M,4390930.0,176975.0,81
201000006729,10,12,27,1600,1,2,1,1.0,3.0,81145,M,4385340.0,180449.0,81
201000006730,10,6,3,800,1,1,1,1.0,3.0,81238,M,4348700.0,246460.0,81
201000006731,10,6,14,1845,1,1,1,3.0,3.0,81204,M,4356290.0,232154.0,81
201000006732,10,1,23,1830,3,1,1,1.0,1.0,81120,M,4355720.0,228067.0,81
201000006733,10,2,14,1145,1,1,1,1.0,7.0,81120,M,4352620.0,229428.0,81
201000006734,10,3,27,1830,1,1,1,1.0,7.0,81242,M,4352240.0,213314.0,81
201000006735,10,4,30,2200,3,1,1,1.0,6.0,81288,M,4345300.0,203562.0,81
201000006736,10,6,7,1630,1,2,1,1.0,6.0,81055,M,4341350.0,206947.0,81
201000006737,10,8,1,1145,1,2,1,8.0,6.0,81288,M,4343220.0,205054.0,81
201000006738,10,8,23,345,3,2,1,1.0,6.0,81288,M,4345150.0,204767.0,81
201000006739,10,9,19,1630,1,1,1,1.0,1.0,81081,M,4345830.0,213289.0,81
201000006740,10,10,8,1730,1,1,9,1.0,3.0,81235,M,0.0,0.0,81
201000006741,10,10,12,700,5,1,1,1.0,6.0,81130,M,0.0,0.0,81
201000006742,10,11,22,2215,3,1,1,8.0,6.0,81325,M,4355300.0,218197.0,81
201000006743,10,12,7,730,2,1,1,8.0,6.0,81120,M,4352360.0,222513.0,81
201000006744,10,1,27,1330,1,1,1,1.0,6.0,81200,M,4349690.0,201258.0,81
201000006745,10,1,29,1515,1,1,1,3.0,1.0,81251,M,4355810.0,206429.0,81
201000006746,10,2,4,1245,1,1,1,1.0,6.0,81219,M,4356780.0,195532.0,81
201000006747,10,2,12,1545,1,1,1,8.0,5.0,81219,M,4356810.0,195728.0,81
201000006748,10,2,23,1000,1,1,1,1.0,4.0,81251,M,4355810.0,206433.0,81
201000006749,10,4,17,1400,1,1,1,1.0,7.0,81032,M,4351750.0,200496.0,81
201000006750,10,4,24,100,3,1,2,1.0,3.0,81219,M,4355660.0,196347.0,81
201000006751,10,5,22,1230,1,1,1,1.0,1.0,81076,M,4356880.0,188755.0,81
201000006752,10,5,26,1815,1,1,1,1.0,6.0,81251,M,0.0,0.0,81
201000006753,10,6,21,1830,1,1,1,7.0,1.0,81219,M,0.0,0.0,81
201000006754,10,6,22,1830,1,1,1,1.0,3.0,81143,M,4352710.0,209528.0,81
201000006755,10,7,17,1400,1,2,1,1.0,6.0,81219,M,4357320.0,201005.0,81
201000006756,10,10,25,1615,1,2,1,1.0,6.0,81143,M,4354050.0,210743.0,81
201000006757,10,11,30,1230,1,1,1,6.0,6.0,81200,M,4348980.0,201359.0,81
201000006758,10,1,18,1215,1,1,1,1.0,5.0,82037,M,4419400.0,153100.0,82
201000006759,10,1,28,1830,3,1,2,2.0,3.0,82189,M,4419200.0,128700.0,82
201000006760,10,2,15,1645,1,1,2,1.0,3.0,82159,M,0.0,0.0,82
201000006761,10,4,9,2130,3,1,1,1.0,2.0,82113,M,4417900.0,136500.0,82
201000006762,10,5,22,2300,3,1,1,1.0,1.0,82119,M,4421100.0,152800.0,82
201000006763,10,6,8,1745,1,1,1,1.0,2.0,82087,M,0.0,0.0,82
201000006764,10,6,27,2015,1,1,1,1.0,6.0,82037,M,0.0,0.0,82
201000006765,10,7,12,2100,1,2,1,1.0,1.0,82179,M,4418300.0,161800.0,82
201000006766,10,8,22,745,1,1,1,1.0,6.0,82148,M,4425200.0,163400.0,82
201000006767,10,8,24,1500,1,2,1,1.0,6.0,82037,M,0.0,0.0,82
201000006768,10,8,29,1500,1,1,1,1.0,6.0,82087,M,4413900.0,119800.0,82
201000006769,10,9,24,1615,1,1,1,2.0,6.0,82037,M,4423600.0,159800.0,82
201000006770,10,9,30,1415,1,1,1,1.0,7.0,82037,M,4418300.0,163000.0,82
201000006771,10,10,5,1415,1,1,1,1.0,3.0,82119,M,4421300.0,152600.0,82
201000006772,10,11,3,1600,1,1,1,1.0,3.0,82119,M,0.0,0.0,82
201000006773,10,11,19,1915,3,1,1,1.0,6.0,82087,M,4413800.0,119200.0,82
201000006774,10,11,22,1900,3,1,1,8.0,6.0,82149,M,4414300.0,151600.0,82
201000006775,10,12,26,2245,3,1,1,1.0,7.0,82126,M,4417200.0,157600.0,82
201000006776,10,2,28,1645,1,1,1,1.0,2.0,82161,M,4404800.0,144000.0,82
201000006777,10,3,25,1145,1,1,1,1.0,1.0,82115,M,4400400.0,162800.0,82
201000006778,10,5,9,1945,1,1,1,2.0,6.0,82161,M,4404800.0,144500.0,82
201000006779,10,5,18,1530,1,1,1,1.0,6.0,82134,M,4406400.0,148500.0,82
201000006780,10,5,27,1945,1,1,1,1.0,3.0,82161,M,4405300.0,145400.0,82
201000006781,10,7,3,945,1,1,1,1.0,3.0,82002,M,4408900.0,144200.0,82
201000006782,10,7,4,1115,1,1,1,1.0,1.0,82145,M,0.0,0.0,82
201000006783,10,7,8,1915,1,2,6,7.0,7.0,82134,M,0.0,0.0,82
201000006784,10,7,23,1930,1,1,1,1.0,7.0,82026,M,0.0,0.0,82
201000006785,10,9,17,1915,1,1,1,2.0,7.0,82115,M,4398000.0,157900.0,82
201000006786,10,11,12,1900,3,1,3,1.0,3.0,82134,M,4406800.0,149700.0,82
201000006787,10,5,8,1800,1,1,1,1.0,1.0,82038,M,4422100.0,173500.0,82
201000006788,10,8,8,1715,1,1,4,1.0,3.0,82038,M,0.0,0.0,82
201000006789,10,8,16,1000,1,1,1,1.0,7.0,82038,M,4423100.0,184200.0,82
201000006790,10,9,29,1430,1,1,1,1.0,6.0,82155,M,4414500.0,180600.0,82
201000006791,10,11,9,1000,1,1,1,3.0,1.0,82172,M,4432000.0,172700.0,82
201000006792,10,12,30,2030,3,1,1,1.0,1.0,82038,M,4420800.0,171000.0,82
201000006793,10,1,9,1400,1,1,1,4.0,7.0,82156,M,4398500.0,96500.0,82
201000006794,10,2,5,1915,5,2,1,1.0,1.0,82093,M,4393500.0,108300.0,82
201000006795,10,6,2,2215,3,2,1,1.0,6.0,82068,M,4385500.0,93700.0,82
201000006796,10,10,14,1115,1,1,3,1.0,1.0,82093,M,4393400.0,109100.0,82
201000006797,10,10,16,615,3,1,1,1.0,6.0,82013,M,4384700.0,103400.0,82
201000006798,10,4,22,1630,1,1,1,1.0,1.0,82167,M,4395000.0,146300.0,82
201000006799,10,5,9,300,3,1,1,1.0,6.0,82075,M,4384000.0,129500.0,82
201000006800,10,6,11,1845,1,1,1,3.0,5.0,82136,M,0.0,0.0,82
201000006801,10,8,6,2100,1,1,1,1.0,1.0,82188,M,0.0,0.0,82
201000006802,10,4,3,1645,1,1,1,2.0,6.0,82042,M,4418600.0,120100.0,82
201000006803,10,4,9,130,3,1,1,1.0,6.0,82094,M,4426200.0,114200.0,82
201000006804,10,6,30,2230,3,1,1,1.0,1.0,82116,M,0.0,0.0,82
201000006805,10,7,11,1815,1,1,1,7.0,1.0,82021,M,0.0,0.0,82
201000006806,10,7,15,1445,1,1,2,1.0,3.0,82094,M,4427800.0,111100.0,82
201000006807,10,7,30,1715,1,1,1,1.0,6.0,82016,M,0.0,0.0,82
201000006808,10,9,4,1415,1,1,1,1.0,1.0,82183,M,4428300.0,119000.0,82
201000006809,10,9,24,1745,1,1,1,2.0,6.0,82021,M,4430000.0,110500.0,82
201000006810,10,10,25,215,3,2,1,1.0,6.0,82094,M,4426900.0,114000.0,82
201000006811,10,1,25,1330,1,2,1,1.0,6.0,82096,M,4404100.0,121100.0,82
201000006812,10,2,7,715,2,1,1,1.0,6.0,82112,M,4415200.0,118500.0,82
201000006813,10,2,24,1630,1,2,1,1.0,6.0,82112,M,4410000.0,110000.0,82
201000006814,10,3,5,1615,1,1,1,1.0,5.0,82096,M,0.0,0.0,82
201000006815,10,3,6,1230,1,1,1,1.0,5.0,82112,M,0.0,0.0,82
201000006816,10,3,7,30,3,1,1,1.0,6.0,82112,M,0.0,0.0,82
201000006817,10,3,11,745,1,1,1,1.0,1.0,82096,M,4403000.0,120000.0,82
201000006818,10,3,13,2045,3,1,1,1.0,6.0,82031,M,4404000.0,103000.0,82
201000006819,10,4,18,1,3,1,1,1.0,7.0,82127,M,0.0,0.0,82
201000006820,10,4,30,2200,3,2,1,1.0,7.0,82080,M,0.0,0.0,82
201000006821,10,5,16,500,3,1,1,1.0,6.0,82045,M,0.0,0.0,82
201000006822,10,6,1,1400,1,1,1,1.0,1.0,82035,M,0.0,0.0,82
201000006823,10,6,25,1045,1,2,1,1.0,1.0,82112,M,0.0,0.0,82
201000006824,10,7,29,800,1,1,3,1.0,3.0,82108,M,0.0,0.0,82
201000006825,10,7,29,1930,1,2,1,1.0,6.0,82112,M,0.0,0.0,82
201000006826,10,8,2,615,2,1,1,1.0,6.0,82019,M,0.0,0.0,82
201000006827,10,8,8,400,3,1,1,1.0,1.0,82170,M,0.0,0.0,82
201000006828,10,8,16,1645,1,1,1,1.0,6.0,82035,M,0.0,0.0,82
201000006829,10,9,23,1845,1,1,1,1.0,6.0,82118,M,4356800.0,120200.0,82
201000006830,10,10,3,715,1,1,1,1.0,6.0,82019,M,0.0,0.0,82
201000006831,10,10,26,1400,1,1,2,1.0,1.0,82108,M,0.0,0.0,82
201000006832,10,10,31,15,3,2,1,1.0,6.0,82096,M,0.0,0.0,82
201000006833,10,11,4,900,1,1,1,5.0,1.0,82112,M,0.0,0.0,82
201000006834,10,11,22,915,1,1,1,1.0,6.0,82096,M,0.0,0.0,82
201000006835,10,2,13,1800,1,1,1,1.0,1.0,82005,M,4380900.0,121200.0,82
201000006836,10,3,27,1630,1,1,1,2.0,1.0,82043,M,4386900.0,106200.0,82
201000006837,10,4,29,1130,1,2,1,1.0,3.0,82190,M,4385700.0,123800.0,82
201000006838,10,5,8,1945,1,1,1,1.0,6.0,82190,M,0.0,0.0,82
201000006839,10,5,23,1430,1,1,1,1.0,6.0,82023,M,4394200.0,112700.0,82
201000006840,10,6,10,2130,2,1,1,8.0,1.0,82123,M,4392700.0,131700.0,82
201000006841,10,6,27,1715,1,1,1,1.0,3.0,82178,M,4384700.0,120200.0,82
201000006842,10,7,17,1045,1,1,1,1.0,2.0,82125,M,4395700.0,118100.0,82
201000006843,10,9,5,645,2,2,1,1.0,6.0,82062,M,4392000.0,122100.0,82
201000006844,10,9,25,845,1,1,1,1.0,3.0,82124,M,0.0,0.0,82
201000006845,10,10,4,1600,1,1,1,1.0,6.0,82025,M,0.0,0.0,82
201000006846,10,10,9,630,3,1,1,1.0,6.0,82125,M,4395800.0,120700.0,82
201000006847,10,10,24,30,3,1,1,1.0,6.0,82085,M,4399700.0,130800.0,82
201000006848,10,11,20,1400,1,1,1,3.0,6.0,82190,M,4381500.0,125400.0,82
201000006849,10,12,19,1730,5,2,1,8.0,3.0,82124,M,4401400.0,127900.0,82
201000006850,10,8,13,1515,1,2,1,1.0,2.0,82089,M,0.0,0.0,82
201000006851,10,8,14,1700,1,1,1,1.0,3.0,82089,M,4414300.0,80200.0,82
201000006852,10,10,2,1030,1,1,1,1.0,2.0,82186,M,4410300.0,89800.0,82
201000006853,10,10,26,1015,1,1,1,1.0,1.0,82141,M,0.0,0.0,82
201000006854,10,3,12,1745,1,1,1,1.0,6.0,69076,M,4584800.0,472700.0,69
201000006855,10,3,25,1510,1,2,1,,6.0,69127,M,,,69
201000006856,10,4,16,900,1,2,1,1.0,3.0,69072,M,0.0,0.0,69
201000006857,10,5,12,1700,1,1,1,2.0,2.0,69072,M,0.0,0.0,69
201000006858,10,7,10,1600,1,1,1,1.0,4.0,69072,M,0.0,0.0,69
201000006859,10,9,4,300,5,1,1,1.0,6.0,69076,M,0.0,0.0,69
201000006860,10,9,21,845,1,1,1,1.0,3.0,69072,M,0.0,0.0,69
201000006861,10,10,9,1915,2,1,1,1.0,1.0,69072,M,0.0,0.0,69
201000006862,10,10,15,1115,1,1,1,1.0,6.0,69072,M,0.0,0.0,69
201000006863,10,12,16,345,3,1,1,8.0,1.0,69072,M,0.0,0.0,69
201000006864,10,6,3,1645,1,2,1,1.0,5.0,69285,M,0.0,0.0,69
201000006865,10,6,22,1715,1,2,9,1.0,1.0,69277,M,0.0,0.0,69
201000006866,10,10,24,430,5,2,1,2.0,6.0,69277,M,0.0,0.0,69
201000006867,10,11,22,1745,3,1,1,3.0,5.0,69277,M,4572900.0,503800.0,69
201000006868,10,1,2,1315,1,2,1,1.0,3.0,69055,M,,,69
201000006869,10,1,10,2130,3,1,1,9.0,3.0,69055,M,0.0,0.0,69
201000006870,10,1,24,445,5,2,1,1.0,7.0,69194,M,0.0,0.0,69
201000006871,10,1,24,1445,1,2,1,1.0,6.0,69055,M,0.0,0.0,69
201000006872,10,2,2,810,1,2,1,1.0,6.0,69191,M,,,69
201000006873,10,2,20,1830,2,2,3,1.0,2.0,69117,M,,,69
201000006874,10,3,24,1115,1,1,1,1.0,3.0,69194,M,0.0,0.0,69
201000006875,10,4,6,1715,1,2,1,1.0,3.0,69040,M,0.0,0.0,69
201000006876,10,4,6,835,1,2,6,1.0,6.0,69116,M,,,69
201000006877,10,4,25,1100,1,1,1,1.0,6.0,69055,M,0.0,0.0,69
201000006878,10,5,7,1500,1,2,1,1.0,3.0,69194,M,0.0,0.0,69
201000006879,10,7,4,1730,1,2,2,1.0,1.0,69191,M,0.0,0.0,69
201000006880,10,7,5,700,2,2,1,1.0,3.0,69117,M,0.0,0.0,69
201000006881,10,7,18,300,5,2,1,1.0,6.0,69194,M,0.0,0.0,69
201000006882,10,7,24,1930,1,2,1,1.0,2.0,69055,M,0.0,0.0,69
201000006883,10,7,30,1945,1,2,1,1.0,3.0,69055,M,0.0,0.0,69
201000006884,10,8,17,2215,5,1,1,1.0,7.0,69055,M,0.0,0.0,69
201000006885,10,8,19,2015,2,1,1,1.0,3.0,69194,M,0.0,0.0,69
201000006886,10,8,31,1115,1,2,1,1.0,1.0,69040,M,0.0,0.0,69
201000006887,10,9,8,745,1,2,1,1.0,6.0,69040,M,0.0,0.0,69
201000006888,10,9,21,1915,1,2,1,1.0,6.0,69040,M,0.0,0.0,69
201000006889,10,10,10,1930,5,2,1,1.0,4.0,69059,M,0.0,0.0,69
201000006890,10,3,2,715,2,2,1,1.0,1.0,69068,M,0.0,0.0,69
201000006891,10,3,17,1730,1,2,1,1.0,3.0,69143,M,0.0,0.0,69
201000006892,10,3,17,1645,1,1,1,1.0,7.0,69143,M,4589800.0,486300.0,69
201000006893,10,4,20,800,1,2,1,1.0,7.0,69003,M,4587000.0,483000.0,69
201000006894,10,4,19,1940,1,2,1,1.0,3.0,69143,M,,,69
201000006895,10,6,2,1045,1,2,2,1.0,6.0,69143,M,0.0,0.0,69
201000006896,10,6,5,1030,1,2,1,1.0,1.0,69278,M,0.0,0.0,69
201000006897,10,6,12,1330,1,2,1,1.0,6.0,69143,M,4587700.0,484600.0,69
201000006898,10,6,19,1725,1,2,1,2.0,1.0,69163,M,,,69
201000006899,10,7,2,745,1,2,1,1.0,3.0,69278,M,4590000.0,484400.0,69
201000006900,10,7,6,1745,1,2,1,1.0,1.0,69278,M,0.0,0.0,69
201000006901,10,7,13,1645,1,2,1,1.0,1.0,69233,M,0.0,0.0,69
201000006902,10,7,31,1815,1,1,1,1.0,1.0,69207,M,4588800.0,481100.0,69
201000006903,10,8,19,1720,1,1,1,1.0,3.0,69284,M,,,69
201000006904,10,8,27,1920,1,2,9,1.0,6.0,69003,M,,,69
201000006905,10,9,1,1120,1,2,3,1.0,1.0,69143,M,,,69
201000006906,10,9,4,1730,1,1,1,1.0,1.0,69284,M,0.0,0.0,69
201000006907,10,9,14,2100,5,1,1,1.0,7.0,69003,M,,,69
201000006908,10,10,11,1730,2,2,1,1.0,3.0,69143,M,4589300.0,482800.0,69
201000006909,10,10,4,2015,3,2,1,2.0,1.0,69071,M,0.0,0.0,69
201000006910,10,10,13,700,2,2,1,2.0,6.0,69143,M,4587800.0,484000.0,69
201000006911,10,10,19,1120,1,2,2,1.0,3.0,69085,M,,,69
201000006912,10,10,19,1505,1,2,1,1.0,6.0,69207,M,,,69
201000006913,10,10,20,1445,1,2,1,1.0,6.0,69143,M,0.0,0.0,69
201000006914,10,10,20,2115,5,2,1,1.0,1.0,69143,M,4587700.0,484000.0,69
201000006915,10,11,2,1730,2,1,1,1.0,7.0,69153,M,0.0,0.0,69
201000006916,10,11,12,2310,5,2,1,1.0,1.0,69003,M,,,69
201000006917,10,11,16,1130,1,2,1,1.0,1.0,69153,M,,,69
201000006918,10,12,7,915,1,2,1,3.0,3.0,69143,M,0.0,0.0,69
201000006919,10,1,13,1845,3,1,1,4.0,4.0,69286,M,0.0,0.0,69
201000006920,10,2,10,1845,5,2,1,4.0,6.0,69286,M,0.0,0.0,69
201000006921,10,3,22,1800,1,2,1,1.0,6.0,69286,M,0.0,0.0,69
201000006922,10,4,29,2045,5,2,1,1.0,2.0,69286,M,0.0,0.0,69
201000006923,10,6,8,1145,1,2,1,2.0,6.0,69286,M,0.0,0.0,69
201000006924,10,6,9,1300,1,1,1,1.0,5.0,69286,M,0.0,0.0,69
201000006925,10,7,1,1800,1,2,1,1.0,3.0,69286,M,,,69
201000006926,10,9,16,800,1,2,1,1.0,3.0,69286,M,0.0,0.0,69
201000006927,10,9,17,745,1,1,1,1.0,3.0,69286,M,0.0,0.0,69
201000006928,10,10,31,115,5,2,9,2.0,3.0,69286,M,0.0,0.0,69
201000006929,10,11,5,1700,2,2,1,1.0,3.0,69286,M,4581700.0,488800.0,69
201000006930,10,12,11,2345,5,2,1,1.0,3.0,69286,M,4583100.0,490800.0,69
201000006931,10,12,14,830,2,2,1,1.0,6.0,69286,M,0.0,0.0,69
201000006932,10,1,7,800,2,2,1,4.0,1.0,69204,M,0.0,0.0,69
201000006933,10,2,23,1915,5,2,1,1.0,6.0,69204,M,0.0,0.0,69
201000006934,10,6,1,1800,1,2,1,1.0,3.0,69204,M,0.0,0.0,69
201000006935,10,7,28,1915,1,2,1,1.0,6.0,69204,M,,,69
201000006936,10,8,5,1945,1,2,1,1.0,2.0,69204,M,4569900.0,478700.0,69
201000006937,10,9,11,1300,1,2,1,1.0,2.0,69204,M,0.0,0.0,69
201000006938,10,10,6,845,1,2,1,1.0,1.0,69204,M,4570000.0,482400.0,69
201000006939,10,11,29,1830,5,1,1,1.0,1.0,69204,M,4568800.0,478700.0,69
201000006940,10,11,26,1245,1,2,1,1.0,6.0,69204,M,4569300.0,478000.0,69
201000006941,10,4,17,1430,1,2,1,1.0,6.0,69289,M,0.0,0.0,69
201000006942,10,5,21,1500,1,1,6,1.0,7.0,69288,M,4570400.0,507200.0,69
201000006943,10,8,10,845,1,2,2,1.0,1.0,69288,M,4568800.0,504500.0,69
201000006944,10,8,12,845,1,2,1,1.0,1.0,69288,M,0.0,0.0,69
201000006945,10,9,4,1915,1,1,1,1.0,7.0,69289,M,0.0,0.0,69
201000006946,10,12,4,530,3,1,1,4.0,7.0,69287,M,0.0,0.0,69