Num_Acc,an,mois,jour,hrmn,lum,agg,int,atm,col,com,gps,lat,long,dep
201000006947,10,12,21,1030,1,1,2,2.0,1.0,69289,M,4566500.0,500900.0,69
201000006948,10,12,11,1100,1,2,1,1.0,6.0,69289,M,4564800.0,500000.0,69
201000006949,10,1,17,1645,1,2,1,1.0,1.0,69283,M,4565700.0,494900.0,69
201000006950,10,2,4,1715,1,2,1,1.0,3.0,69283,M,4567100.0,495600.0,69
201000006951,10,4,22,1100,1,1,1,1.0,3.0,69281,M,0.0,0.0,69
201000006952,10,6,3,1645,1,2,1,1.0,3.0,69273,M,4567200.0,490400.0,69
201000006953,10,6,5,1000,1,2,1,1.0,1.0,69281,M,0.0,0.0,69
201000006954,10,6,29,1130,1,2,1,1.0,3.0,69273,M,4567700.0,489999.0,69
201000006955,10,7,30,1945,1,1,9,1.0,1.0,69281,M,0.0,0.0,69
201000006956,10,1,5,1745,5,2,1,2.0,6.0,69010,M,0.0,0.0,69
201000006957,10,1,5,2030,3,1,1,4.0,7.0,69086,M,0.0,0.0,69
201000006958,10,1,26,1815,3,1,1,1.0,5.0,69086,M,0.0,0.0,69
201000006959,10,2,11,900,1,2,1,9.0,1.0,69032,M,0.0,0.0,69
201000006960,10,3,1,1745,1,1,1,1.0,1.0,69032,M,0.0,0.0,69
201000006961,10,3,5,1800,2,2,1,1.0,3.0,69171,M,0.0,0.0,69
201000006962,10,3,7,1945,3,1,1,2.0,5.0,69032,M,0.0,0.0,69
201000006963,10,4,26,1645,1,1,1,1.0,3.0,69171,M,0.0,0.0,69
201000006964,10,5,26,1745,1,1,1,3.0,3.0,69171,M,0.0,0.0,69
201000006965,10,5,31,2045,2,1,1,1.0,6.0,69021,M,0.0,0.0,69
201000006966,10,6,6,1915,2,1,1,8.0,6.0,69231,M,0.0,0.0,69
201000006967,10,6,26,915,1,2,1,1.0,3.0,69171,M,0.0,0.0,69
201000006968,10,8,8,845,1,2,1,1.0,3.0,69112,M,0.0,0.0,69
201000006969,10,8,21,1715,1,1,1,1.0,5.0,69032,M,0.0,0.0,69
201000006970,10,8,26,1700,1,1,1,1.0,7.0,69112,M,0.0,0.0,69
201000006971,10,8,30,1800,1,2,3,1.0,1.0,69231,M,0.0,0.0,69
201000006972,10,9,7,1100,1,1,1,3.0,5.0,69032,M,0.0,0.0,69
201000006973,10,9,16,1730,1,1,1,2.0,5.0,69032,M,0.0,0.0,69
201000006974,10,9,30,1800,1,1,1,2.0,6.0,69177,M,0.0,0.0,69
201000006975,10,10,6,715,2,1,1,1.0,2.0,69112,M,0.0,0.0,69
201000006976,10,10,11,1700,1,1,1,1.0,7.0,69112,M,0.0,0.0,69
201000006977,10,10,13,830,1,1,1,1.0,1.0,69177,M,0.0,0.0,69
201000006978,10,10,29,1945,5,1,1,1.0,3.0,69144,M,0.0,0.0,69
201000006979,10,11,13,445,3,1,1,1.0,6.0,69021,M,0.0,0.0,69
201000006980,10,11,19,600,3,1,1,2.0,1.0,69208,M,0.0,0.0,69
201000006981,10,11,19,1800,5,2,1,8.0,2.0,69171,M,0.0,0.0,69
201000006982,10,12,10,1830,3,1,1,1.0,6.0,69021,M,0.0,0.0,69
201000006983,10,12,20,1730,3,2,9,9.0,7.0,69112,M,0.0,0.0,69
201000006984,10,12,19,1645,1,2,1,1.0,6.0,69010,M,0.0,0.0,69
201000006985,10,1,20,945,1,1,1,9.0,1.0,69220,M,4574100.0,449600.0,69
201000006986,10,2,1,1715,1,1,1,1.0,1.0,69203,M,4572200.0,448600.0,69
201000006987,10,7,6,930,1,1,1,1.0,2.0,69220,M,0.0,0.0,69
201000006988,10,7,30,2300,5,2,1,1.0,1.0,69099,M,0.0,0.0,69
201000006989,10,9,30,1715,1,1,1,1.0,3.0,69220,M,0.0,0.0,69
201000006990,10,12,8,1945,3,1,1,1.0,7.0,69139,M,0.0,0.0,69
201000006991,10,12,3,1430,1,1,1,1.0,1.0,69120,M,0.0,0.0,69
201000006992,10,12,28,1815,3,1,1,1.0,5.0,69203,M,0.0,0.0,69
201000006993,10,1,25,1600,1,1,1,8.0,1.0,69155,M,0.0,0.0,69
201000006994,10,1,26,1815,2,1,1,4.0,5.0,69042,M,0.0,0.0,69
201000006995,10,4,11,1630,1,1,1,1.0,6.0,69238,M,4564700.0,452700.0,69
201000006996,10,5,6,845,1,1,1,1.0,1.0,69062,M,4563400.0,446300.0,69
201000006997,10,5,7,1,3,1,1,2.0,2.0,69227,M,4566100.0,454300.0,69
201000006998,10,5,7,1300,1,1,1,1.0,3.0,69042,M,0.0,0.0,69
201000006999,10,5,17,1200,1,1,1,1.0,6.0,69227,M,4563300.0,453200.0,69
201000007000,10,6,8,2230,3,1,1,8.0,1.0,69227,M,0.0,0.0,69
201000007001,10,6,21,1115,1,2,1,1.0,7.0,69155,M,,,69
201000007002,10,7,19,900,1,1,1,1.0,6.0,69042,M,0.0,0.0,69
201000007003,10,7,25,1930,1,1,1,1.0,7.0,69238,M,0.0,0.0,69
201000007004,10,8,1,2015,1,2,1,2.0,6.0,69238,M,0.0,0.0,69
201000007005,10,9,6,1645,1,2,7,1.0,6.0,69238,M,4563500.0,445900.0,69
201000007006,10,9,24,1945,2,1,1,8.0,5.0,69227,M,0.0,0.0,69
201000007007,10,9,26,1715,1,1,1,1.0,1.0,69155,M,4565300.0,443500.0,69
201000007008,10,12,24,1300,1,1,1,2.0,1.0,69155,M,0.0,0.0,69
201000007009,10,1,17,930,1,2,6,1.0,6.0,69028,M,,,69
201000007010,10,3,24,1800,1,1,1,1.0,2.0,69131,M,0.0,0.0,69
201000007011,10,4,24,900,1,2,1,1.0,6.0,69255,M,,,69
201000007012,10,5,11,300,3,1,1,1.0,7.0,69249,M,0.0,0.0,69
201000007013,10,6,22,1615,1,1,1,1.0,1.0,69255,M,0.0,0.0,69
201000007014,10,7,28,1700,1,2,1,1.0,1.0,69249,M,0.0,0.0,69
201000007015,10,8,1,1845,1,2,1,2.0,6.0,69028,M,0.0,0.0,69
201000007016,10,8,7,1045,1,1,1,1.0,3.0,69269,M,0.0,0.0,69
201000007017,10,9,4,1115,1,1,1,1.0,1.0,69094,M,0.0,0.0,69
201000007018,10,9,21,1030,1,1,1,1.0,1.0,69269,M,0.0,0.0,69
201000007019,10,9,25,1330,1,2,1,2.0,4.0,69028,M,0.0,0.0,69
201000007020,10,9,28,1300,1,1,1,2.0,3.0,69249,M,0.0,0.0,69
201000007021,10,10,1,1515,1,1,9,1.0,1.0,69154,M,0.0,0.0,69
201000007022,10,11,10,2000,5,2,6,1.0,2.0,69028,M,0.0,0.0,69
201000007023,10,11,20,545,3,1,1,1.0,6.0,69154,M,0.0,0.0,69
201000007024,10,1,1,630,5,2,1,1.0,6.0,69294,M,0.0,0.0,69
201000007025,10,1,3,330,5,2,1,1.0,6.0,69276,M,0.0,0.0,69
201000007026,10,1,29,1800,5,1,1,3.0,1.0,69297,M,0.0,0.0,69
201000007027,10,2,6,1945,3,1,1,2.0,1.0,69291,M,0.0,0.0,69
201000007028,10,7,9,1500,1,1,1,1.0,1.0,69291,M,0.0,0.0,69
201000007029,10,7,26,1230,1,1,1,1.0,1.0,69272,M,0.0,0.0,69
201000007030,10,10,6,1800,1,1,1,1.0,5.0,69272,M,0.0,0.0,69
201000007031,10,11,20,1300,1,2,1,1.0,6.0,69291,M,0.0,0.0,69
201000007032,10,12,19,1415,1,1,1,1.0,1.0,69272,M,0.0,0.0,69
201000007033,10,12,31,2245,3,1,1,5.0,7.0,69141,M,4561000.0,466800.0,69
201000007034,10,6,16,1245,1,1,1,3.0,5.0,69136,M,4565100.0,474700.0,69
201000007035,10,7,8,1845,1,1,1,1.0,1.0,69236,M,4557500.0,471300.0,69
201000007036,10,7,22,1945,1,1,1,1.0,1.0,69141,M,4562300.0,468600.0,69
201000007037,10,7,31,15,3,1,1,1.0,3.0,69170,M,0.0,0.0,69
201000007038,10,8,5,1045,1,1,1,1.0,1.0,69228,M,0.0,0.0,69
201000007039,10,8,7,645,1,1,1,1.0,7.0,69180,M,0.0,0.0,69
201000007040,10,8,17,1545,1,1,1,1.0,3.0,69228,M,0.0,0.0,69
201000007041,10,8,25,1745,1,1,2,1.0,3.0,69219,M,0.0,0.0,69
201000007042,10,9,14,1515,1,2,1,1.0,1.0,69136,M,0.0,0.0,69
201000007043,10,9,15,1645,1,1,1,1.0,3.0,69136,M,0.0,0.0,69
201000007044,10,9,17,1300,1,2,1,1.0,6.0,69141,M,4562300.0,468400.0,69
201000007045,10,9,25,1115,1,1,1,8.0,1.0,69141,M,4561000.0,468800.0,69
201000007046,10,9,4,1620,1,2,1,2.0,2.0,69228,M,,,69
201000007047,10,10,8,1830,1,1,1,1.0,1.0,69236,M,0.0,0.0,69
201000007048,10,10,19,1730,2,2,1,1.0,3.0,69176,M,0.0,0.0,69
201000007049,10,10,30,830,1,1,1,3.0,1.0,69176,M,0.0,0.0,69
201000007050,10,11,13,1530,1,1,1,7.0,1.0,69241,M,4564000.0,473600.0,69
201000007051,10,11,13,1445,1,1,1,1.0,5.0,69236,M,4556900.0,470100.0,69
201000007052,10,12,12,445,5,2,1,8.0,6.0,69141,M,4561900.0,467800.0,69
201000007053,10,12,17,1000,1,2,7,4.0,6.0,69213,M,0.0,0.0,69
201000007054,10,3,16,1815,1,1,1,1.0,5.0,69023,M,4605800.0,465701.0,69
201000007055,10,4,30,1830,1,1,1,8.0,1.0,69192,M,4603600.0,455400.0,69
201000007056,10,6,4,34,3,2,1,1.0,7.0,69074,M,,,69
201000007057,10,6,17,1330,1,1,1,1.0,2.0,69151,M,0.0,0.0,69
201000007058,10,7,9,1315,1,1,1,1.0,1.0,69023,M,4604600.0,466200.0,69
201000007059,10,10,11,1315,1,2,1,1.0,1.0,69023,M,4605100.0,467000.0,69
201000007060,10,3,24,1645,1,2,1,1.0,6.0,69106,M,4593000.0,470000.0,69
201000007061,10,4,3,1630,1,1,1,1.0,5.0,69121,M,4586300.0,468599.0,69
201000007062,10,4,8,1200,1,2,2,2.0,1.0,69052,M,0.0,0.0,69
201000007063,10,5,11,815,1,2,1,1.0,6.0,69009,M,0.0,0.0,69
201000007064,10,5,25,815,1,2,2,1.0,1.0,69052,M,0.0,0.0,69
201000007065,10,5,28,2030,1,2,1,1.0,3.0,69009,M,0.0,0.0,69
201000007066,10,6,2,2045,2,2,1,1.0,7.0,69009,M,4594000.0,471000.0,69
201000007067,10,6,6,1245,1,1,1,1.0,6.0,69126,M,4592000.0,468900.0,69
201000007068,10,6,29,1545,1,2,1,1.0,2.0,69121,M,0.0,0.0,69
201000007069,10,7,4,1545,2,2,1,1.0,6.0,69122,M,0.0,0.0,69
201000007070,10,7,1,1400,1,1,1,1.0,6.0,69121,M,4586200.0,467700.0,69
201000007071,10,7,7,1930,1,1,1,1.0,7.0,69009,M,4593200.0,472800.0,69
201000007072,10,7,25,1115,1,2,1,1.0,1.0,69009,M,0.0,0.0,69
201000007073,10,7,30,2030,2,1,1,1.0,2.0,69114,M,0.0,0.0,69
201000007074,10,9,11,1445,1,1,1,1.0,1.0,69159,M,4595900.0,464600.0,69
201000007075,10,9,16,1715,1,1,1,1.0,1.0,69140,M,4590800.0,470200.0,69
201000007076,10,10,22,1945,5,2,1,1.0,3.0,69121,M,4587200.0,469900.0,69
201000007077,10,12,18,1930,1,2,1,7.0,6.0,69121,M,4586200.0,469800.0,69
201000007078,10,12,26,1045,1,2,4,4.0,3.0,69009,M,4594000.0,471300.0,69
201000007079,10,1,28,1900,5,2,1,1.0,6.0,69018,M,0.0,0.0,69
201000007080,10,4,9,2015,1,2,2,1.0,3.0,69082,M,4623300.0,467800.0,69
201000007081,10,4,12,1700,1,1,1,1.0,1.0,69012,M,4618700.0,455300.0,69
201000007082,10,4,25,1115,1,1,1,1.0,3.0,69104,M,4624700.0,466300.0,69
201000007083,10,4,28,1645,1,1,1,1.0,1.0,69012,M,4618500.0,455200.0,69
201000007084,10,5,12,1800,1,1,1,8.0,3.0,69161,M,4620600.0,444600.0,69
201000007085,10,7,12,1430,1,1,1,1.0,6.0,69104,M,4623500.0,468400.0,69
201000007086,10,7,14,1730,1,1,1,1.0,7.0,69012,M,0.0,0.0,69
201000007087,10,7,28,1845,1,1,1,1.0,6.0,69261,M,0.0,0.0,69
201000007088,10,8,19,1945,2,1,1,1.0,6.0,69251,M,4629300.0,455900.0,69
201000007089,10,9,19,1800,1,1,1,1.0,2.0,69267,M,4617000.0,470100.0,69
201000007090,10,9,20,930,1,1,1,1.0,4.0,69162,M,4612400.0,464200.0,69
201000007091,10,9,19,1630,1,1,1,1.0,3.0,69186,M,4623900.0,441600.0,69
201000007092,10,10,21,730,2,1,9,1.0,1.0,69018,M,0.0,0.0,69
201000007093,10,10,25,1400,1,2,1,1.0,3.0,69267,M,4616300.0,467400.0,69
201000007094,10,11,6,845,1,2,1,1.0,6.0,69162,M,4612200.0,461600.0,69
201000007095,10,7,3,1400,1,1,1,1.0,2.0,69267,M,,,69
201000007096,10,1,23,1910,5,2,1,1.0,2.0,69019,M,,,69
201000007097,10,2,14,2145,5,2,1,1.0,1.0,69242,M,0.0,0.0,69
201000007098,10,2,23,1330,1,2,1,1.0,6.0,69019,M,0.0,0.0,69
201000007099,10,2,23,845,1,1,2,1.0,3.0,69242,M,0.0,0.0,69
201000007100,10,2,24,830,1,1,1,2.0,5.0,69206,M,0.0,0.0,69
201000007101,10,4,4,1445,1,2,1,1.0,3.0,69019,M,0.0,0.0,69
201000007102,10,4,5,1700,1,1,1,1.0,7.0,69077,M,0.0,0.0,69
201000007103,10,4,10,500,5,2,1,1.0,6.0,69019,M,0.0,0.0,69
201000007104,10,4,24,2245,3,1,1,1.0,6.0,69206,M,0.0,0.0,69
201000007105,10,5,29,615,2,1,1,1.0,1.0,69145,M,0.0,0.0,69
201000007106,10,6,5,500,3,1,1,1.0,6.0,69211,M,0.0,0.0,69
201000007107,10,6,7,1715,1,2,1,1.0,1.0,69019,M,0.0,0.0,69
201000007108,10,8,3,1030,1,1,1,1.0,6.0,69198,M,0.0,0.0,69
201000007109,10,8,4,2015,1,2,2,1.0,3.0,69019,M,0.0,0.0,69
201000007110,10,9,6,230,3,1,1,1.0,6.0,69206,M,0.0,0.0,69
201000007111,10,9,16,1600,1,1,1,1.0,2.0,69019,M,0.0,0.0,69
201000007112,10,10,14,1600,1,2,9,1.0,6.0,69197,M,0.0,0.0,69
201000007113,10,11,5,1945,3,2,1,1.0,7.0,69197,M,,,69
201000007114,10,11,7,1615,1,2,1,1.0,2.0,69211,M,0.0,0.0,69
201000007115,10,11,16,2015,5,2,1,1.0,1.0,69019,M,0.0,0.0,69
201000007116,10,12,31,45,3,1,1,1.0,6.0,69206,M,0.0,0.0,69
201000007117,10,1,8,700,3,1,3,8.0,3.0,69090,M,0.0,0.0,69
201000007118,10,1,22,830,1,1,3,1.0,3.0,69017,M,0.0,0.0,69
201000007119,10,2,21,1045,1,1,1,7.0,1.0,69056,M,0.0,0.0,69
201000007120,10,2,21,1930,3,1,1,1.0,1.0,69111,M,0.0,0.0,69
201000007121,10,3,4,1930,3,1,1,1.0,5.0,69050,M,0.0,0.0,69
201000007122,10,5,5,1930,1,1,1,3.0,6.0,69246,M,0.0,0.0,69
201000007123,10,5,6,2045,2,1,1,1.0,6.0,69246,M,0.0,0.0,69
201000007124,10,5,28,1600,1,1,3,1.0,3.0,69050,M,0.0,0.0,69
201000007125,10,6,19,1445,1,1,1,3.0,5.0,69017,M,0.0,0.0,69
201000007126,10,7,2,1745,5,2,1,1.0,1.0,69039,M,0.0,0.0,69
201000007127,10,8,24,1830,1,1,1,1.0,1.0,69024,M,0.0,0.0,69
201000007128,10,8,26,830,1,2,1,1.0,5.0,69245,M,0.0,0.0,69
201000007129,10,9,7,930,1,1,1,3.0,3.0,69090,M,0.0,0.0,69
201000007130,10,9,11,1700,1,1,1,1.0,6.0,69245,M,0.0,0.0,69
201000007131,10,9,20,1015,1,1,1,1.0,6.0,69050,M,0.0,0.0,69
201000007132,10,9,23,845,1,1,1,1.0,3.0,69050,M,0.0,0.0,69
201000007133,10,10,11,1400,1,2,1,1.0,7.0,69039,M,0.0,0.0,69
201000007134,10,10,22,1400,1,1,1,1.0,6.0,69222,M,0.0,0.0,69
201000007135,10,12,18,2015,3,1,1,8.0,5.0,69050,M,0.0,0.0,69
201000007136,10,2,17,815,1,1,1,4.0,1.0,69234,M,0.0,0.0,69
201000007137,10,3,17,2030,5,2,1,1.0,6.0,69243,M,0.0,0.0,69
201000007138,10,4,3,2330,5,2,1,1.0,1.0,69243,M,0.0,0.0,69
201000007139,10,5,6,1445,1,1,1,1.0,1.0,69234,M,0.0,0.0,69
201000007140,10,6,17,1745,1,1,1,3.0,5.0,69234,M,0.0,0.0,69
201000007141,10,7,7,2015,1,2,1,7.0,6.0,69243,M,0.0,0.0,69
201000007142,10,10,9,1810,1,2,9,1.0,1.0,69243,M,,,69
201000007143,10,11,19,1030,1,2,1,1.0,6.0,69243,M,0.0,0.0,69
201000007144,10,1,13,1215,1,2,1,1.0,2.0,69107,M,0.0,0.0,69
201000007145,10,2,19,1030,1,2,1,1.0,1.0,69107,M,0.0,0.0,69
201000007146,10,4,20,1200,1,1,1,1.0,6.0,69037,M,4603300.0,449700.0,69
201000007147,10,5,24,2045,2,1,1,1.0,1.0,69054,M,4617200.0,448200.0,69
201000007148,10,7,4,315,3,1,1,1.0,7.0,69160,M,4611800.0,446600.0,69
201000007149,10,7,4,1700,1,2,1,1.0,1.0,69107,M,0.0,0.0,69
201000007150,10,8,8,1815,1,2,1,1.0,1.0,69060,M,4610300.0,449100.0,69
201000007151,10,9,19,1830,1,1,1,1.0,3.0,69037,M,4601500.0,449800.0,69
201000007152,10,1,1,1530,1,2,1,4.0,6.0,69025,M,0.0,0.0,69
201000007153,10,1,4,1445,1,1,1,2.0,5.0,69214,M,0.0,0.0,69
201000007154,10,3,18,1015,1,2,1,1.0,3.0,69214,M,,,69
201000007155,10,3,22,1715,1,1,1,1.0,3.0,69169,M,0.0,0.0,69
201000007156,10,4,21,1500,1,1,1,1.0,1.0,69025,M,0.0,0.0,69
201000007157,10,5,9,1830,1,2,1,2.0,6.0,69025,M,0.0,0.0,69
201000007158,10,5,31,1930,1,2,1,1.0,1.0,69248,M,0.0,0.0,69
201000007159,10,6,11,1100,1,1,1,1.0,1.0,69214,M,0.0,0.0,69
201000007160,10,6,14,1500,1,2,2,1.0,3.0,69248,M,0.0,0.0,69
201000007161,10,7,12,815,3,1,1,1.0,6.0,69164,M,0.0,0.0,69
201000007162,10,7,16,1730,1,1,1,1.0,1.0,69070,M,0.0,0.0,69
201000007163,10,9,4,915,1,2,1,1.0,6.0,69025,M,0.0,0.0,69
201000007164,10,10,9,1645,2,1,1,1.0,1.0,69240,M,0.0,0.0,69
201000007165,10,1,13,2345,3,1,1,4.0,7.0,01405,M,0.0,0.0,01
201000007166,10,2,1,1115,1,2,1,1.0,6.0,01301,M,0.0,0.0,01
201000007167,10,11,13,30,3,1,1,2.0,6.0,01405,M,0.0,0.0,01
201000007168,10,11,16,2300,3,1,1,9.0,6.0,01264,M,0.0,0.0,01
201000007169,10,2,1,1945,3,1,1,1.0,2.0,01350,M,4629900.0,530000.0,01
201000007170,10,2,13,1200,1,1,1,7.0,3.0,01408,M,4625000.0,542400.0,01
201000007171,10,4,8,1315,1,1,1,2.0,6.0,01150,M,4623500.0,537000.0,01
201000007172,10,4,16,445,3,1,1,1.0,6.0,01254,M,4615700.0,527700.0,01
201000007173,10,4,21,1745,1,2,3,1.0,3.0,01447,M,4620700.0,539600.0,01
201000007174,10,6,5,1130,1,1,1,1.0,6.0,01125,M,0.0,0.0,01
201000007175,10,7,24,900,1,1,2,1.0,1.0,01245,M,0.0,0.0,01
201000007176,10,9,9,1315,1,1,1,1.0,3.0,01408,M,4625000.0,542500.0,01
201000007177,10,10,27,1645,1,1,1,1.0,7.0,01426,M,4630900.0,537600.0,01
201000007178,10,11,12,1200,1,1,1,8.0,6.0,01184,M,0.0,0.0,01
201000007179,10,11,14,1245,1,2,1,1.0,1.0,01245,M,0.0,0.0,01
201000007180,10,11,19,1700,2,1,1,1.0,1.0,01095,M,0.0,0.0,01
201000007181,10,12,21,1700,5,2,9,3.0,6.0,01369,M,4619600.0,527700.0,01
201000007182,10,12,23,1715,5,2,1,2.0,6.0,01072,M,0.0,0.0,01
201000007183,10,1,22,815,2,1,1,4.0,1.0,01236,M,0.0,0.0,01
201000007184,10,2,10,530,3,1,1,9.0,6.0,01230,M,0.0,0.0,01
201000007185,10,2,22,1730,2,1,1,6.0,1.0,01284,M,0.0,0.0,01
201000007186,10,2,27,30,3,1,1,6.0,1.0,01337,M,0.0,0.0,01
201000007187,10,3,2,930,1,1,1,1.0,2.0,01232,M,0.0,0.0,01
201000007188,10,3,26,1400,1,1,1,8.0,1.0,01445,M,0.0,0.0,01
201000007189,10,5,9,315,3,1,1,1.0,6.0,01388,M,0.0,0.0,01
201000007190,10,5,9,1130,1,1,1,2.0,6.0,01163,M,0.0,0.0,01
201000007191,10,5,15,700,2,2,2,1.0,3.0,01232,M,0.0,0.0,01
201000007192,10,5,27,1400,1,1,1,1.0,6.0,01388,M,0.0,0.0,01
201000007193,10,5,28,1530,1,1,1,1.0,1.0,01057,M,0.0,0.0,01
201000007194,10,5,29,1645,1,1,1,1.0,1.0,01212,M,0.0,0.0,01
201000007195,10,6,13,615,2,1,1,8.0,1.0,01346,M,0.0,0.0,01
201000007196,10,6,21,2045,1,2,1,1.0,1.0,01124,M,0.0,0.0,01
201000007197,10,6,20,200,3,1,1,1.0,6.0,01346,M,0.0,0.0,01
201000007198,10,7,10,1915,1,1,2,1.0,1.0,01364,M,0.0,0.0,01
201000007199,10,7,26,1715,1,1,1,1.0,3.0,01323,M,0.0,0.0,01
201000007200,10,8,1,1600,1,1,2,8.0,3.0,01352,M,0.0,0.0,01
201000007201,10,8,2,1100,1,2,7,2.0,6.0,01305,M,0.0,0.0,01
201000007202,10,8,6,1130,2,2,1,1.0,3.0,01337,M,0.0,0.0,01
201000007203,10,10,26,430,3,1,1,1.0,6.0,01305,M,0.0,0.0,01
201000007204,10,11,16,1600,1,1,1,1.0,3.0,01445,M,0.0,0.0,01
201000007205,10,11,19,345,5,1,1,2.0,6.0,01266,M,0.0,0.0,01
201000007206,10,12,10,1915,5,1,1,1.0,3.0,01391,M,0.0,0.0,01
201000007207,10,12,23,645,3,1,1,5.0,7.0,01231,M,0.0,0.0,01
201000007208,10,2,4,715,2,1,1,1.0,1.0,01069,M,0.0,0.0,01
201000007209,10,2,26,1815,5,2,1,1.0,7.0,01069,M,0.0,0.0,01
201000007210,10,2,28,1330,1,1,1,1.0,7.0,01068,M,0.0,0.0,01
201000007211,10,4,20,1730,1,2,1,1.0,6.0,01304,M,0.0,0.0,01
201000007212,10,4,29,930,1,1,1,1.0,7.0,01145,M,0.0,0.0,01
201000007213,10,5,5,1530,1,1,1,8.0,1.0,01422,M,0.0,0.0,01
201000007214,10,6,26,1045,1,1,1,1.0,1.0,01374,M,0.0,0.0,01
201000007215,10,7,18,1500,1,1,1,1.0,2.0,01068,M,0.0,0.0,01
201000007216,10,7,24,1030,1,1,1,1.0,2.0,01067,M,0.0,0.0,01
201000007217,10,8,1,1200,1,1,1,1.0,5.0,01374,M,0.0,0.0,01
201000007218,10,10,26,1445,1,2,1,1.0,3.0,01363,M,0.0,0.0,01
201000007219,10,11,22,1845,3,1,1,2.0,3.0,01422,M,0.0,0.0,01
201000007220,10,1,9,1945,3,1,1,4.0,3.0,01320,M,0.0,0.0,01
201000007221,10,1,13,600,5,2,1,8.0,1.0,01320,M,0.0,0.0,01
201000007222,10,3,15,2200,5,2,1,1.0,6.0,01026,M,0.0,0.0,01
201000007223,10,3,18,645,2,1,1,1.0,7.0,01203,M,0.0,0.0,01
201000007224,10,4,21,2145,5,1,1,1.0,1.0,01123,M,0.0,0.0,01
201000007225,10,6,25,1000,1,1,1,1.0,1.0,01159,M,0.0,0.0,01
201000007226,10,7,16,700,1,2,1,7.0,3.0,01026,M,0.0,0.0,01
201000007227,10,7,27,800,1,1,1,2.0,1.0,01365,M,0.0,0.0,01
201000007228,10,7,29,1615,1,1,1,1.0,6.0,01025,M,0.0,0.0,01
201000007229,10,8,17,1000,1,2,1,1.0,1.0,01026,M,0.0,0.0,01
201000007230,10,8,26,1315,1,1,1,1.0,1.0,01370,M,0.0,0.0,01
201000007231,10,10,3,545,3,1,1,1.0,3.0,01025,M,0.0,0.0,01
201000007232,10,10,5,1245,1,1,1,1.0,1.0,01136,M,0.0,0.0,01
201000007233,10,10,19,1245,1,2,1,2.0,6.0,01306,M,0.0,0.0,01
201000007234,10,12,4,1130,1,2,1,9.0,5.0,01320,M,0.0,0.0,01
201000007235,10,12,23,2345,5,1,1,2.0,1.0,01025,M,0.0,0.0,01
201000007236,10,2,17,945,1,1,1,2.0,5.0,01454,M,0.0,0.0,01
201000007237,10,3,28,330,3,1,1,1.0,7.0,01034,M,0.0,0.0,01
201000007238,10,4,28,630,2,2,1,1.0,7.0,01034,M,0.0,0.0,01
201000007239,10,5,3,2015,1,1,1,1.0,1.0,01034,M,0.0,0.0,01
201000007240,10,5,5,1030,1,1,1,2.0,3.0,01034,M,0.0,0.0,01
201000007241,10,5,28,1830,1,2,6,1.0,6.0,01034,M,0.0,0.0,01
201000007242,10,6,10,700,1,1,1,1.0,5.0,01310,M,0.0,0.0,01
201000007243,10,8,10,1530,1,1,3,1.0,3.0,01058,M,0.0,0.0,01
201000007244,10,9,8,2015,3,1,1,1.0,3.0,01454,M,0.0,0.0,01
201000007245,10,10,9,530,3,1,1,1.0,6.0,01310,M,0.0,0.0,01
201000007246,10,10,13,715,2,2,1,1.0,6.0,01034,M,0.0,0.0,01
201000007247,10,1,23,430,3,1,1,1.0,6.0,01118,M,0.0,0.0,01
201000007248,10,8,27,1600,1,1,1,1.0,3.0,01133,M,4579500.0,577000.0,01
201000007249,10,10,3,1515,1,1,1,1.0,7.0,01221,M,0.0,0.0,01
201000007250,10,10,4,1000,1,2,1,8.0,6.0,01452,M,0.0,0.0,01
201000007251,10,10,22,1115,1,1,1,1.0,1.0,01082,M,0.0,0.0,01
201000007252,10,10,30,1245,1,1,1,2.0,3.0,01066,M,0.0,0.0,01
201000007253,10,11,4,1730,2,2,1,1.0,6.0,01118,M,0.0,0.0,01
201000007254,10,1,21,1445,1,1,1,1.0,1.0,01080,M,0.0,0.0,01
201000007255,10,4,3,1945,1,1,1,2.0,1.0,01441,M,0.0,0.0,01
201000007256,10,4,17,930,1,1,1,1.0,6.0,01292,M,0.0,0.0,01
201000007257,10,6,13,2200,2,1,1,1.0,7.0,01060,M,0.0,0.0,01
201000007258,10,9,24,1815,1,1,3,2.0,3.0,01185,M,0.0,0.0,01
201000007259,10,10,8,1430,1,2,1,1.0,1.0,01121,M,4603200.0,550000.0,01
201000007260,10,11,4,1430,1,1,1,8.0,3.0,01228,M,0.0,0.0,01
201000007261,10,1,20,1245,1,1,1,4.0,4.0,01274,M,0.0,0.0,01
201000007262,10,2,15,130,3,1,1,1.0,1.0,01237,M,0.0,0.0,01
201000007263,10,2,23,1000,1,2,1,2.0,6.0,01265,M,0.0,0.0,01
201000007264,10,2,1,2245,3,1,1,6.0,3.0,01237,M,0.0,0.0,01
201000007265,10,4,29,730,1,1,1,1.0,1.0,01192,M,0.0,0.0,01
201000007266,10,5,24,1745,1,1,1,1.0,6.0,01152,M,0.0,0.0,01
201000007267,10,5,30,1900,1,1,1,2.0,1.0,01267,M,0.0,0.0,01
201000007268,10,5,31,1215,1,1,1,1.0,3.0,01404,M,0.0,0.0,01
201000007269,10,5,30,1900,1,1,1,3.0,1.0,01265,M,0.0,0.0,01
201000007270,10,7,30,1700,1,1,1,1.0,6.0,01228,M,0.0,0.0,01
201000007271,10,8,16,1430,1,1,1,3.0,1.0,01148,M,0.0,0.0,01
201000007272,10,9,15,1500,1,1,1,1.0,1.0,01240,M,0.0,0.0,01
201000007273,10,9,18,1945,2,2,1,1.0,1.0,01265,M,0.0,0.0,01
201000007274,10,9,25,130,3,1,1,3.0,7.0,01051,M,0.0,0.0,01
201000007275,10,7,10,1730,1,1,1,1.0,5.0,01173,M,0.0,0.0,01
201000007276,10,7,18,1615,1,1,6,1.0,3.0,01071,M,0.0,0.0,01
201000007277,10,7,30,1645,1,1,1,1.0,7.0,01143,M,4635400.0,613300.0,01
201000007278,10,10,3,1345,1,2,1,1.0,1.0,01436,M,4634300.0,607900.0,01
201000007279,10,2,19,800,2,1,1,2.0,1.0,01247,M,0.0,0.0,01
201000007280,10,3,11,1415,1,1,1,1.0,1.0,01247,M,0.0,0.0,01
201000007281,10,5,24,1145,1,1,1,1.0,3.0,01247,M,0.0,0.0,01