Num_Acc,an,mois,jour,hrmn,lum,agg,int,atm,col,com,gps,lat,long,dep
201000007282,10,10,17,1130,1,1,1,2.0,1.0,01104,M,0.0,0.0,01
201000007283,10,5,7,1700,1,2,1,1.0,1.0,01313,M,4625500.0,607500.0,01
201000007284,10,5,8,1730,1,2,1,2.0,2.0,01160,M,4626000.0,611100.0,01
201000007285,10,5,18,815,1,2,1,1.0,1.0,01071,M,0.0,0.0,01
201000007286,10,5,30,545,3,1,1,3.0,1.0,01103,M,4628900.0,604000.0,01
201000007287,10,6,5,1030,1,2,1,1.0,1.0,01173,M,0.0,0.0,01
201000007288,10,6,26,915,1,1,1,1.0,3.0,01160,M,0.0,0.0,01
201000007289,10,7,16,645,2,1,6,7.0,3.0,01313,M,4625000.0,608200.0,01
201000007290,10,7,20,1245,1,2,9,1.0,3.0,01313,M,4626400.0,609900.0,01
201000007291,10,7,23,930,1,2,1,1.0,3.0,01160,M,4626200.0,611100.0,01
201000007292,10,8,19,1800,1,2,1,7.0,3.0,01160,M,4625800.0,611200.0,01
201000007293,10,12,13,745,2,2,1,1.0,3.0,01281,M,0.0,0.0,01
201000007294,10,3,4,1230,1,1,4,2.0,1.0,01360,M,4620900.0,598600.0,01
201000007295,10,3,5,1830,1,2,1,1.0,3.0,01354,M,0.0,0.0,01
201000007296,10,3,23,1300,1,1,1,1.0,5.0,01354,M,0.0,0.0,01
201000007297,10,5,6,745,1,1,1,9.0,3.0,01194,M,0.0,0.0,01
201000007298,10,5,27,1900,1,2,1,1.0,6.0,01353,M,0.0,0.0,01
201000007299,10,7,16,1915,1,2,1,7.0,3.0,01194,M,0.0,0.0,01
201000007300,10,7,30,1830,1,2,1,1.0,2.0,01238,M,0.0,0.0,01
201000007301,10,8,28,1615,1,2,1,1.0,6.0,01427,M,0.0,0.0,01
201000007302,10,10,31,845,1,1,1,2.0,1.0,01194,M,0.0,0.0,01
201000007303,10,11,19,1730,2,1,1,8.0,2.0,01157,M,0.0,0.0,01
201000007304,10,12,10,1300,1,2,2,1.0,3.0,01194,M,0.0,0.0,01
201000007305,10,2,13,1915,3,1,1,1.0,7.0,01074,M,4598700.0,520100.0,01
201000007306,10,3,16,1945,3,1,1,1.0,7.0,01074,M,4604100.0,517900.0,01
201000007307,10,4,1,1630,1,1,1,1.0,1.0,01449,M,4601200.0,525200.0,01
201000007308,10,4,3,1730,1,1,1,6.0,1.0,01074,M,4602800.0,512500.0,01
201000007309,10,6,24,545,2,1,1,1.0,1.0,01235,M,4603400.0,506300.0,01
201000007310,10,7,15,1515,1,1,1,1.0,5.0,01074,M,4602900.0,515500.0,01
201000007311,10,8,1,1745,1,1,1,3.0,6.0,01090,M,4601800.0,520500.0,01
201000007312,10,8,5,700,1,1,1,1.0,6.0,01335,M,0.0,0.0,01
201000007313,10,9,5,530,5,1,1,1.0,7.0,01434,M,4598400.0,510100.0,01
201000007314,10,12,22,1815,3,1,1,1.0,2.0,01092,M,4596800.0,525900.0,01
201000007315,10,12,26,1400,1,2,1,1.0,1.0,01383,M,4610600.0,513400.0,01
201000007316,10,1,6,800,1,1,1,8.0,6.0,01093,M,0.0,0.0,01
201000007317,10,2,15,1515,1,1,1,8.0,1.0,01328,M,0.0,0.0,01
201000007318,10,5,16,2315,3,1,1,1.0,4.0,01272,M,0.0,0.0,01
201000007319,10,6,2,700,1,1,1,1.0,1.0,01368,M,0.0,0.0,01
201000007320,10,7,13,1145,1,1,1,1.0,1.0,01093,M,0.0,0.0,01
201000007321,10,8,20,930,1,2,1,1.0,6.0,01457,M,0.0,0.0,01
201000007322,10,11,28,1415,1,1,1,8.0,3.0,01457,M,4621200.0,498300.0,01
201000007323,10,1,2,1600,1,2,1,1.0,3.0,01361,M,0.0,0.0,01
201000007324,10,3,2,1245,1,1,1,1.0,6.0,01260,M,0.0,0.0,01
201000007325,10,3,6,1930,3,1,1,1.0,1.0,01325,M,0.0,0.0,01
201000007326,10,4,17,1400,1,1,1,1.0,1.0,01290,M,0.0,0.0,01
201000007327,10,5,23,1800,1,1,1,1.0,6.0,01450,M,0.0,0.0,01
201000007328,10,6,16,645,2,1,1,2.0,6.0,01156,M,0.0,0.0,01
201000007329,10,6,25,1500,1,2,1,1.0,6.0,01450,M,0.0,0.0,01
201000007330,10,7,18,1600,1,2,1,1.0,1.0,01361,M,0.0,0.0,01
201000007331,10,8,5,1415,1,2,1,1.0,1.0,01361,M,0.0,0.0,01
201000007332,10,9,15,1030,1,1,1,1.0,2.0,01290,M,0.0,0.0,01
201000007333,10,10,13,1530,1,1,1,1.0,1.0,01244,M,0.0,0.0,01
201000007334,10,10,27,1800,5,2,1,1.0,6.0,01244,M,0.0,0.0,01
201000007335,10,11,12,1045,1,1,1,2.0,7.0,01088,M,0.0,0.0,01
201000007336,10,3,2,1030,1,2,6,1.0,2.0,01043,M,0.0,0.0,01
201000007337,10,3,29,730,2,2,1,1.0,3.0,01249,M,0.0,0.0,01
201000007338,10,6,2,700,1,1,1,1.0,7.0,01249,M,4585900.0,492900.0,01
201000007339,10,6,23,1145,1,2,1,1.0,6.0,01043,M,4584500.0,500900.0,01
201000007340,10,7,3,915,1,2,9,1.0,1.0,01249,M,4582700.0,494900.0,01
201000007341,10,7,3,1215,1,2,1,1.0,2.0,01249,M,0.0,0.0,01
201000007342,10,10,17,1600,1,2,6,8.0,3.0,01376,M,0.0,0.0,01
201000007343,10,12,27,2015,3,1,1,9.0,1.0,01043,M,0.0,0.0,01
201000007344,10,6,6,100,4,2,1,1.0,6.0,01032,M,0.0,0.0,01
201000007345,10,6,9,815,1,2,1,1.0,1.0,01142,M,0.0,0.0,01
201000007346,10,6,11,1715,1,2,9,3.0,3.0,01049,M,0.0,0.0,01
201000007347,10,6,24,1015,1,1,1,1.0,3.0,01032,M,0.0,0.0,01
201000007348,10,7,11,2315,3,1,1,1.0,5.0,01027,M,0.0,0.0,01
201000007349,10,7,18,200,5,2,6,1.0,6.0,01032,M,0.0,0.0,01
201000007350,10,10,11,800,2,1,1,1.0,6.0,01027,M,0.0,0.0,01
201000007351,10,10,20,1715,1,1,1,1.0,3.0,01262,M,0.0,0.0,01
201000007352,10,1,30,745,2,1,1,1.0,1.0,01333,M,0.0,0.0,01
201000007353,10,2,10,645,2,2,1,4.0,1.0,01021,M,4599900.0,482100.0,01
201000007354,10,2,27,1415,1,1,2,8.0,1.0,01446,M,0.0,0.0,01
201000007355,10,4,4,1215,1,1,1,1.0,1.0,01105,M,0.0,0.0,01
201000007356,10,4,6,900,1,1,1,1.0,3.0,01248,M,0.0,0.0,01
201000007357,10,4,10,1915,1,2,1,1.0,3.0,01371,M,4595400.0,498700.0,01
201000007358,10,4,14,1430,1,2,1,1.0,3.0,01443,M,0.0,0.0,01
201000007359,10,4,24,1745,1,1,1,1.0,6.0,01207,M,4598900.0,497200.0,01
201000007360,10,5,15,400,3,1,1,1.0,1.0,01248,M,4591100.0,493700.0,01
201000007361,10,7,27,1545,1,2,1,1.0,3.0,01207,M,0.0,0.0,01
201000007362,10,9,12,515,3,1,1,1.0,3.0,01075,M,4603000.0,479000.0,01
201000007363,10,10,3,1730,1,1,1,1.0,1.0,01207,M,0.0,0.0,01
201000007364,10,10,26,1630,1,1,1,1.0,3.0,01446,M,4602000.0,483200.0,01
201000007365,10,11,7,1600,1,2,1,2.0,3.0,01021,M,4599700.0,482200.0,01
201000007366,10,11,28,1930,5,2,1,2.0,1.0,01021,M,0.0,0.0,01
201000007367,10,12,11,415,3,1,1,8.0,7.0,01362,M,4597700.0,490200.0,01
201000007368,10,12,24,2100,3,1,1,4.0,1.0,01333,M,4592300.0,494700.0,01
201000007369,10,2,13,1915,5,2,2,1.0,3.0,01183,M,0.0,0.0,01
201000007370,10,4,21,1315,1,2,1,1.0,2.0,01165,M,4608200.0,479100.0,01
201000007371,10,4,25,1830,1,2,1,1.0,1.0,01351,M,4615100.0,488200.0,01
201000007372,10,5,1,1400,1,1,1,2.0,7.0,01389,M,4608300.0,490800.0,01
201000007373,10,7,4,1915,1,1,2,1.0,3.0,01083,M,0.0,0.0,01
201000007374,10,7,9,2200,3,1,1,1.0,3.0,01348,M,4617400.0,482000.0,01
201000007375,10,8,17,1945,2,1,2,1.0,3.0,01188,M,4616000.0,490000.0,01
201000007376,10,8,17,2145,3,1,1,1.0,7.0,01252,M,0.0,0.0,01
201000007377,10,9,2,330,3,1,1,1.0,6.0,01393,M,0.0,0.0,01
201000007378,10,9,24,715,2,2,1,1.0,1.0,01083,M,0.0,0.0,01
201000007379,10,12,18,1930,3,1,1,4.0,6.0,01389,M,0.0,0.0,01
201000007380,10,1,19,815,1,2,9,1.0,1.0,07122,M,0.0,0.0,07
201000007381,10,6,25,2130,2,1,1,1.0,1.0,07011,M,0.0,0.0,07
201000007382,10,8,30,1500,1,1,1,1.0,4.0,07289,M,0.0,0.0,07
201000007383,10,10,28,1945,3,1,1,1.0,1.0,07296,M,0.0,0.0,07
201000007384,10,1,22,1815,3,1,1,1.0,7.0,07042,M,4431900.0,462100.0,07
201000007385,10,4,25,1730,1,1,1,1.0,7.0,07268,M,0.0,0.0,07
201000007386,10,7,14,1445,1,1,1,1.0,3.0,07268,M,0.0,0.0,07
201000007387,10,8,25,1430,1,1,1,1.0,2.0,07268,M,0.0,0.0,07
201000007388,10,12,19,900,1,1,1,2.0,5.0,07042,M,0.0,0.0,07
201000007389,10,3,2,1545,1,2,1,1.0,7.0,07083,M,4482600.0,466500.0,07
201000007390,10,6,2,1600,1,1,1,1.0,3.0,07030,M,0.0,0.0,07
201000007391,10,8,7,1415,1,1,1,1.0,3.0,07295,M,4482600.0,457000.0,07
201000007392,10,8,22,915,1,1,1,1.0,7.0,07167,M,4481400.0,463200.0,07
201000007393,10,10,2,1215,1,2,1,1.0,1.0,07167,M,4480900.0,461700.0,07
201000007394,10,4,3,1,5,2,1,1.0,1.0,07346,M,4448600.0,469000.0,07
201000007395,10,4,5,1515,1,2,1,1.0,6.0,07319,M,4455900.0,468800.0,07
201000007396,10,5,5,1830,1,1,1,2.0,1.0,07319,M,0.0,0.0,07
201000007397,10,5,9,1615,1,1,1,8.0,1.0,07300,M,4451200.0,462800.0,07
201000007398,10,5,31,1630,1,1,1,1.0,2.0,07346,M,0.0,0.0,07
201000007399,10,6,9,830,1,1,1,1.0,6.0,07346,M,4450000.0,464700.0,07
201000007400,10,6,16,800,1,1,1,2.0,2.0,07076,M,0.0,0.0,07
201000007401,10,6,25,1630,1,2,6,1.0,1.0,07076,M,0.0,0.0,07
201000007402,10,7,18,1,5,2,1,1.0,7.0,07346,M,0.0,0.0,07
201000007403,10,8,16,2015,1,1,1,1.0,5.0,07157,M,0.0,0.0,07
201000007404,10,8,21,900,1,2,1,1.0,6.0,07319,M,4454700.0,467500.0,07
201000007405,10,9,2,1645,1,1,1,1.0,1.0,07346,M,0.0,0.0,07
201000007406,10,10,4,2030,3,1,1,2.0,6.0,07005,M,4457200.0,460000.0,07
201000007407,10,10,28,600,5,2,1,1.0,3.0,07157,M,0.0,0.0,07
201000007408,10,10,29,800,2,2,1,1.0,6.0,07319,M,0.0,0.0,07
201000007409,10,11,3,1930,5,1,6,1.0,3.0,07191,M,0.0,0.0,07
201000007410,10,12,5,915,1,1,1,2.0,6.0,07346,M,0.0,0.0,07
201000007411,10,12,9,1630,1,2,1,1.0,6.0,07346,M,0.0,0.0,07
201000007412,10,12,23,1545,1,2,1,2.0,1.0,07319,M,0.0,0.0,07
201000007413,10,1,26,1345,1,1,1,1.0,6.0,07341,M,0.0,0.0,07
201000007414,10,2,20,615,3,1,1,1.0,6.0,07138,M,0.0,0.0,07
201000007415,10,6,14,1330,1,1,1,1.0,3.0,07348,M,0.0,0.0,07
201000007416,10,6,16,1330,1,1,1,1.0,7.0,07247,M,0.0,0.0,07
201000007417,10,10,24,1100,1,1,1,1.0,6.0,07341,M,0.0,0.0,07
201000007418,10,11,12,915,1,1,1,1.0,1.0,07138,M,0.0,0.0,07
201000007419,10,2,20,1845,5,2,1,1.0,6.0,07349,M,0.0,0.0,07
201000007420,10,3,20,1630,1,1,9,1.0,3.0,07261,M,0.0,0.0,07
201000007421,10,4,15,2100,3,1,1,1.0,1.0,07027,M,0.0,0.0,07
201000007422,10,4,28,900,1,2,1,1.0,3.0,07181,M,0.0,0.0,07
201000007423,10,6,2,1730,1,1,1,1.0,3.0,07288,M,0.0,0.0,07
201000007424,10,6,24,900,1,2,1,1.0,2.0,07349,M,0.0,0.0,07
201000007425,10,7,1,1345,1,1,1,1.0,7.0,07237,M,0.0,0.0,07
201000007426,10,7,1,1300,1,2,1,1.0,1.0,07027,M,0.0,0.0,07
201000007427,10,7,13,1445,1,1,1,1.0,3.0,07237,M,0.0,0.0,07
201000007428,10,7,19,1930,1,1,1,1.0,1.0,07255,M,0.0,0.0,07
201000007429,10,8,8,1115,1,1,1,1.0,5.0,07288,M,0.0,0.0,07
201000007430,10,8,8,1400,1,1,1,1.0,6.0,07022,M,0.0,0.0,07
201000007431,10,9,2,1515,1,1,1,1.0,3.0,07349,M,4481800.0,480500.0,07
201000007432,10,9,26,1530,1,2,1,1.0,4.0,07255,M,0.0,0.0,07
201000007433,10,10,15,945,3,2,1,1.0,6.0,07349,M,0.0,0.0,07
201000007434,10,10,20,1515,1,1,1,1.0,1.0,07022,M,4472500.0,474900.0,07
201000007435,10,12,3,1900,5,2,1,1.0,6.0,07027,M,0.0,0.0,07
201000007436,10,3,10,1700,1,2,1,1.0,7.0,07132,M,4454200.0,429400.0,07
201000007437,10,10,16,1215,1,1,9,1.0,3.0,07110,M,4448200.0,423100.0,07
201000007438,10,12,11,500,5,2,1,2.0,6.0,07110,M,0.0,0.0,07
201000007439,10,12,8,1645,2,1,1,1.0,3.0,07117,M,0.0,0.0,07
201000007440,10,12,12,745,1,2,1,1.0,1.0,07199,M,4425500.0,425500.0,07
201000007441,10,8,4,1645,1,1,1,1.0,3.0,07018,M,4470200.0,402100.0,07
201000007442,10,8,7,430,3,1,1,1.0,7.0,07224,M,4477200.0,405600.0,07
201000007443,10,1,27,2030,3,1,1,1.0,3.0,07045,M,4474200.0,425100.0,07
201000007444,10,2,19,1530,1,2,1,8.0,6.0,07322,M,4467700.0,420800.0,07
201000007445,10,4,6,1430,1,2,1,1.0,3.0,07178,M,0.0,0.0,07
201000007446,10,5,4,1345,1,1,1,2.0,5.0,07156,M,4467700.0,427100.0,07
201000007447,10,6,8,1315,1,2,1,1.0,1.0,07161,M,4471800.0,420900.0,07
201000007448,10,6,21,845,1,1,1,1.0,3.0,07182,M,4464600.0,431300.0,07
201000007449,10,7,2,2000,1,1,1,1.0,1.0,07178,M,4466000.0,430100.0,07
201000007450,10,7,24,1630,1,1,1,1.0,6.0,07045,M,4475000.0,424800.0,07
201000007451,10,8,11,1815,1,2,1,1.0,6.0,07127,M,4465100.0,432600.0,07
201000007452,10,8,13,1515,1,1,1,1.0,3.0,07087,M,4465400.0,426700.0,07
201000007453,10,8,21,1445,1,1,1,1.0,6.0,07200,M,4473400.0,415200.0,07
201000007454,10,11,8,1500,1,2,1,3.0,6.0,07025,M,4467000.0,415800.0,07
201000007455,10,4,11,1030,1,1,1,1.0,1.0,07330,M,0.0,0.0,07
201000007456,10,6,13,1600,1,2,9,1.0,6.0,07330,M,0.0,0.0,07
201000007457,10,6,28,1430,1,1,1,1.0,3.0,07330,M,0.0,0.0,07
201000007458,10,7,3,1215,1,1,1,1.0,7.0,07201,M,0.0,0.0,07
201000007459,10,7,26,1600,1,1,1,1.0,7.0,07201,M,0.0,0.0,07
201000007460,10,8,20,230,5,2,1,3.0,1.0,07201,M,0.0,0.0,07
201000007461,10,8,30,1200,1,2,1,1.0,3.0,07201,M,0.0,0.0,07
201000007462,10,9,20,615,3,1,1,1.0,6.0,07101,M,0.0,0.0,07
201000007463,10,10,26,730,2,1,1,1.0,1.0,07330,M,0.0,0.0,07
201000007464,10,12,24,2200,3,1,1,2.0,6.0,07330,M,0.0,0.0,07
201000007465,10,4,6,1545,1,1,1,1.0,3.0,07294,M,0.0,0.0,07
201000007466,10,5,23,1545,1,1,1,1.0,7.0,07280,M,0.0,0.0,07
201000007467,10,4,25,2000,1,2,1,1.0,7.0,07324,M,4507100.0,483700.0,07
201000007468,10,5,12,1615,1,2,1,8.0,6.0,07324,M,4507500.0,482000.0,07
201000007469,10,6,4,2000,1,1,1,1.0,1.0,07097,M,4500300.0,484200.0,07
201000007470,10,6,6,515,5,2,1,1.0,6.0,07324,M,0.0,0.0,07
201000007471,10,7,29,1515,1,2,1,1.0,5.0,07324,M,4506000.0,484000.0,07
201000007472,10,11,13,1415,1,2,1,1.0,3.0,07324,M,4507400.0,482900.0,07
201000007473,10,11,15,715,2,2,1,3.0,6.0,07245,M,0.0,0.0,07
201000007474,10,1,31,1100,1,1,1,1.0,3.0,07265,M,0.0,0.0,07
201000007475,10,3,7,100,3,1,1,1.0,6.0,07010,M,0.0,0.0,07
201000007476,10,4,19,1745,1,1,1,1.0,6.0,07089,M,4532400.0,474200.0,07
201000007477,10,5,15,1345,1,1,1,1.0,6.0,07172,M,0.0,0.0,07
201000007478,10,6,19,1545,1,1,1,1.0,3.0,07313,M,0.0,0.0,07
201000007479,10,6,27,1600,1,1,1,1.0,6.0,07225,M,0.0,0.0,07
201000007480,10,7,19,1215,1,1,1,1.0,6.0,07225,M,0.0,0.0,07
201000007481,10,7,27,1730,1,2,1,1.0,3.0,07089,M,0.0,0.0,07
201000007482,10,12,3,1745,3,1,1,8.0,6.0,07317,M,0.0,0.0,07
201000007483,10,1,12,1015,2,1,1,4.0,1.0,07082,M,4486400.0,436000.0,07
201000007484,10,3,22,1315,1,1,1,1.0,6.0,07165,M,0.0,0.0,07
201000007485,10,5,29,1715,1,1,1,1.0,6.0,07269,M,0.0,0.0,07
201000007486,10,7,15,1545,1,1,1,1.0,7.0,07012,M,4490200.0,432300.0,07
201000007487,10,9,10,1615,1,2,1,1.0,1.0,07269,M,0.0,0.0,07
201000007488,10,10,28,1545,1,1,1,1.0,1.0,07064,M,0.0,0.0,07
201000007489,10,11,26,1945,3,1,1,1.0,1.0,07001,M,4490000.0,440300.0,07
201000007490,10,6,1,1400,1,1,1,1.0,1.0,07338,M,0.0,0.0,07
201000007491,10,6,28,1115,1,1,1,1.0,1.0,07073,M,4501100.0,463200.0,07
201000007492,10,7,9,2115,3,2,1,1.0,6.0,07129,M,4499000.0,458100.0,07
201000007493,10,4,14,930,1,1,1,1.0,3.0,07188,M,0.0,0.0,07
201000007494,10,7,7,2230,1,1,1,1.0,6.0,07309,M,0.0,0.0,07
201000007495,10,7,13,1615,1,1,1,1.0,2.0,07301,M,0.0,0.0,07
201000007496,10,7,12,2000,1,1,1,2.0,7.0,07236,M,0.0,0.0,07
201000007497,10,8,21,1245,1,1,1,1.0,7.0,07301,M,0.0,0.0,07
201000007498,10,10,3,1030,1,1,1,1.0,7.0,07236,M,0.0,0.0,07
201000007499,10,1,16,130,3,1,1,1.0,6.0,26064,M,0.0,0.0,26
201000007500,10,3,6,1745,1,1,1,1.0,7.0,26064,M,0.0,0.0,26
201000007501,10,4,2,1645,1,2,1,1.0,3.0,26212,M,4487600.0,502300.0,26
201000007502,10,5,14,1130,1,2,1,1.0,3.0,26313,M,4497500.0,495800.0,26
201000007503,10,7,6,1515,1,1,1,1.0,1.0,26313,M,4496200.0,492000.0,26
201000007504,10,8,25,2015,1,1,1,1.0,1.0,26064,M,4491600.0,503000.0,26
201000007505,10,10,26,715,3,1,2,1.0,5.0,26313,M,4501000.0,497500.0,26
201000007506,10,2,13,200,3,1,1,1.0,7.0,26258,M,0.0,0.0,26
201000007507,10,2,17,2000,3,1,1,2.0,5.0,26144,M,0.0,0.0,26
201000007508,10,7,23,930,1,2,1,1.0,6.0,26108,M,0.0,0.0,26
201000007509,10,8,8,715,1,1,1,1.0,6.0,26125,M,0.0,0.0,26
201000007510,10,8,14,1500,1,1,1,1.0,1.0,26108,M,0.0,0.0,26
201000007511,10,9,29,2045,3,1,1,1.0,7.0,26011,M,0.0,0.0,26
201000007512,10,11,19,1800,3,1,5,1.0,3.0,26108,M,0.0,0.0,26
201000007513,10,2,2,1000,1,1,1,1.0,6.0,26337,M,4469000.0,478500.0,26
201000007514,10,2,24,215,3,1,1,1.0,5.0,26165,M,4479400.0,485100.0,26
201000007515,10,4,11,1530,1,1,1,1.0,1.0,26165,M,0.0,0.0,26
201000007516,10,5,1,2030,2,2,1,2.0,1.0,26165,M,4477730.0,483320.0,26
201000007517,10,5,16,1100,1,1,1,1.0,3.0,26166,M,0.0,0.0,26
201000007518,10,6,6,330,3,1,1,1.0,6.0,26007,M,4481100.0,490700.0,26
201000007519,10,6,29,1230,1,1,1,1.0,1.0,26006,M,0.0,0.0,26
201000007520,10,7,12,630,2,1,1,1.0,6.0,26124,M,0.0,0.0,26
201000007521,10,7,15,1400,1,2,2,1.0,3.0,26124,M,0.0,0.0,26
201000007522,10,7,16,1200,1,1,1,7.0,3.0,26165,M,0.0,0.0,26
201000007523,10,7,28,1730,1,2,1,1.0,1.0,26166,M,4478500.0,485700.0,26
201000007524,10,8,3,1700,2,1,1,1.0,6.0,26042,M,0.0,0.0,26
201000007525,10,8,1,1530,1,1,2,1.0,3.0,26124,M,4483810.0,485110.0,26
201000007526,10,9,4,930,1,1,1,1.0,6.0,26165,M,0.0,0.0,26
201000007527,10,9,12,800,1,2,1,1.0,1.0,26165,M,4477700.0,484500.0,26
201000007528,10,9,24,1630,1,2,1,1.0,7.0,26165,M,0.0,0.0,26
201000007529,10,10,23,1700,1,2,1,1.0,7.0,26166,M,0.0,0.0,26
201000007530,10,10,29,1815,4,1,1,1.0,6.0,26337,M,0.0,0.0,26
201000007531,10,10,29,1445,1,2,1,1.0,1.0,26166,M,4474680.0,480450.0,26
201000007532,10,11,12,15,3,1,1,1.0,6.0,26124,M,4484100.0,483900.0,26
201000007533,10,11,15,2030,3,1,1,8.0,1.0,26124,M,0.0,0.0,26
201000007534,10,11,18,1330,1,1,1,1.0,1.0,26166,M,0.0,0.0,26
201000007535,10,12,20,2130,3,1,1,1.0,7.0,26166,M,4474300.0,480800.0,26
201000007536,10,1,24,800,3,1,1,1.0,7.0,26019,M,0.0,0.0,26
201000007537,10,1,28,2215,5,2,1,1.0,6.0,26113,M,4475900.0,537100.0,26
201000007538,10,4,9,1615,1,1,1,1.0,7.0,26299,M,4476600.0,529600.0,26
201000007539,10,5,22,1530,1,1,1,1.0,3.0,26001,M,0.0,0.0,26
201000007540,10,6,12,1515,1,1,1,1.0,7.0,26069,M,4482800.0,539200.0,26
201000007541,10,7,4,1145,1,2,1,1.0,6.0,26113,M,0.0,0.0,26
201000007542,10,7,13,1300,1,1,1,1.0,1.0,26299,M,4476600.0,529600.0,26
201000007543,10,7,31,1500,1,1,1,1.0,1.0,26069,M,4484000.0,539900.0,26
201000007544,10,7,29,1015,1,1,1,1.0,1.0,26122,M,4469400.0,522300.0,26
201000007545,10,8,26,1015,1,1,1,1.0,6.0,26113,M,4473900.0,539100.0,26
201000007546,10,9,12,1245,1,1,1,1.0,7.0,26069,M,4479800.0,537700.0,26
201000007547,10,9,29,1930,2,1,1,1.0,3.0,26113,M,4477200.0,531800.0,26
201000007548,10,10,22,830,2,1,1,1.0,1.0,26113,M,4476700.0,527200.0,26
201000007549,10,11,20,1615,1,1,1,2.0,5.0,26368,M,4470100.0,524900.0,26
201000007550,10,12,24,1945,3,1,1,2.0,6.0,26187,M,4472900.0,539900.0,26
201000007551,10,4,1,1600,1,1,1,1.0,1.0,26315,M,0.0,0.0,26
201000007552,10,9,18,1000,2,1,1,5.0,1.0,26074,M,0.0,0.0,26
201000007553,10,11,8,1630,1,1,1,4.0,7.0,26074,M,0.0,0.0,26
201000007554,10,2,3,15,3,1,1,9.0,6.0,26025,M,4467500.0,539400.0,26
201000007555,10,6,24,1615,1,1,1,1.0,6.0,26086,M,4469100.0,551400.0,26
201000007556,10,6,27,1630,1,1,1,1.0,7.0,26086,M,4469200.0,551100.0,26
201000007557,10,7,21,1900,1,1,3,1.0,1.0,26262,M,4467000.0,542700.0,26
201000007558,10,4,30,1830,1,1,1,2.0,1.0,26168,M,4464900.0,570300.0,26
201000007559,10,6,4,1415,1,1,1,1.0,6.0,26168,M,4471600.0,567800.0,26
201000007560,10,12,26,1630,1,1,1,9.0,5.0,26168,M,0.0,0.0,26
201000007561,10,4,30,800,1,1,2,1.0,1.0,26121,M,0.0,0.0,26
201000007562,10,5,11,1730,1,2,1,1.0,6.0,26353,M,4467000.0,479300.0,26
201000007563,10,6,19,500,5,1,1,8.0,6.0,26339,M,4460100.0,475300.0,26
201000007564,10,6,30,1130,1,1,1,1.0,2.0,26095,M,4461400.0,492100.0,26
201000007565,10,7,10,1400,1,2,1,1.0,6.0,26106,M,4464300.0,477600.0,26
201000007566,10,7,16,1530,1,2,1,1.0,1.0,26191,M,0.0,0.0,26
201000007567,10,9,6,1630,1,1,1,1.0,1.0,26005,M,4449100.0,479400.0,26
201000007568,10,10,28,1015,1,2,1,1.0,6.0,26106,M,0.0,0.0,26
201000007569,10,7,5,1730,1,1,1,7.0,1.0,26352,M,4453400.0,489500.0,26
201000007570,10,11,11,815,1,1,1,9.0,1.0,26222,M,4454100.0,513000.0,26
201000007571,10,5,16,1830,1,1,1,1.0,3.0,26116,M,,,26
201000007572,10,5,23,2245,3,1,1,1.0,1.0,26116,M,0.0,0.0,26
201000007573,10,7,31,2030,1,1,1,1.0,3.0,26145,M,0.0,0.0,26
201000007574,10,10,9,1800,1,1,1,1.0,3.0,26116,M,0.0,0.0,26
201000007575,10,11,26,1300,1,1,1,1.0,6.0,26116,M,0.0,0.0,26
201000007576,10,12,28,1500,1,1,1,1.0,1.0,26085,M,0.0,0.0,26
201000007577,10,12,29,1730,2,2,1,1.0,1.0,26116,M,4444300.0,470300.0,26
201000007578,10,2,5,2200,3,1,1,1.0,5.0,26235,M,0.0,0.0,26
201000007579,10,4,13,1900,1,2,1,1.0,2.0,26235,M,4437900.0,470070.0,26
201000007580,10,6,27,1200,1,1,1,1.0,3.0,26235,M,0.0,0.0,26
201000007581,10,7,7,1215,1,1,1,1.0,1.0,26235,M,0.0,0.0,26
201000007582,10,7,24,115,3,1,1,1.0,6.0,26235,M,4436530.0,470810.0,26
201000007583,10,8,24,1700,1,1,1,1.0,1.0,26235,M,0.0,0.0,26
201000007584,10,8,26,130,3,1,1,1.0,7.0,26235,M,0.0,0.0,26
201000007585,10,10,18,800,1,1,1,1.0,1.0,26138,M,0.0,0.0,26
201000007586,10,11,20,530,3,1,1,1.0,2.0,26235,M,0.0,0.0,26
201000007587,10,6,26,1445,1,1,2,1.0,3.0,26054,M,0.0,0.0,26
201000007588,10,5,3,1615,1,1,1,2.0,6.0,26317,M,0.0,0.0,26
201000007589,10,5,16,1900,2,1,1,1.0,7.0,26317,M,0.0,0.0,26
201000007590,10,9,14,1345,1,1,1,1.0,2.0,26182,M,0.0,0.0,26
201000007591,10,10,28,1800,2,1,1,1.0,3.0,26182,M,0.0,0.0,26
201000007592,10,1,7,1500,1,2,1,1.0,6.0,02691,M,,,02
201000007593,10,12,8,1740,5,2,1,1.0,6.0,02691,M,,,02
201000007594,10,8,29,1100,1,1,1,7.0,3.0,26279,M,0.0,0.0,26
201000007595,10,9,1,1730,1,2,1,1.0,6.0,26063,M,0.0,0.0,26
201000007596,10,2,5,810,3,2,1,2.0,6.0,02691,M,,,02
201000007597,10,10,10,1215,1,1,1,8.0,1.0,26063,M,0.0,0.0,26
201000007598,10,12,8,1345,1,1,1,1.0,1.0,26278,M,0.0,0.0,26
201000007599,10,2,15,1925,5,2,1,8.0,3.0,02691,M,,,02
201000007600,10,2,26,1200,1,2,3,1.0,6.0,02691,M,,,02
201000007601,10,3,23,1905,2,2,1,1.0,3.0,02691,M,,,02
201000007602,10,4,10,745,1,1,1,1.0,6.0,02340,M,,,02
201000007603,10,3,12,1720,1,2,1,1.0,7.0,02659,M,,,02
201000007604,10,4,6,2045,5,2,3,1.0,6.0,02691,M,,,02
201000007605,10,5,3,1135,1,2,1,1.0,6.0,02691,M,,,02
201000007606,10,4,1,2010,2,2,3,1.0,3.0,02340,M,,,02