Num_Acc,an,mois,jour,hrmn,lum,agg,int,atm,col,com,gps,lat,long,dep
201000007607,10,4,16,2035,5,2,3,1.0,3.0,02691,M,,,02
201000007608,10,4,30,1340,1,2,1,1.0,1.0,02691,M,,,02
201000007609,10,5,16,1000,1,2,1,1.0,6.0,02691,M,,,02
201000007610,10,5,21,1650,1,2,3,1.0,3.0,02691,M,,,02
201000007611,10,6,16,1240,1,2,7,1.0,7.0,02691,M,,,02
201000007612,10,6,15,1815,1,2,3,1.0,1.0,02691,M,,,02
201000007613,10,5,29,1725,1,2,2,1.0,1.0,02691,M,,,02
201000007614,10,6,18,1130,1,2,1,1.0,6.0,02691,M,,,02
201000007615,10,5,10,1305,1,2,1,1.0,5.0,02691,M,,,02
201000007616,10,8,19,1940,1,2,3,1.0,2.0,02691,M,,,02
201000007617,10,8,28,1630,1,2,3,1.0,2.0,02691,M,,,02
201000007618,10,9,5,1325,1,2,4,1.0,3.0,02691,M,,,02
201000007619,10,8,25,1605,1,2,1,1.0,6.0,02691,M,,,02
201000007620,10,9,19,1750,1,2,2,1.0,3.0,02691,M,,,02
201000007621,10,9,7,1905,1,2,1,1.0,6.0,02691,M,,,02
201000007622,10,9,9,1610,1,2,1,1.0,6.0,02691,M,,,02
201000007623,10,9,8,1220,1,2,2,1.0,6.0,02691,M,,,02
201000007624,10,9,15,1840,1,2,1,1.0,1.0,02691,M,,,02
201000007625,10,9,26,1650,1,1,1,1.0,1.0,02691,M,,,02
201000007626,10,9,25,1700,1,2,1,1.0,6.0,02691,M,,,02
201000007627,10,10,28,1630,1,2,3,1.0,6.0,02691,M,,,02
201000007628,10,10,29,1905,5,1,3,1.0,3.0,02691,M,,,02
201000007629,10,11,11,2040,5,1,1,1.0,1.0,02340,M,,,02
201000007630,10,10,7,1355,1,2,1,1.0,1.0,02691,M,,,02
201000007631,10,11,9,1645,2,2,7,2.0,6.0,02691,M,,,02
201000007632,10,11,23,1210,1,2,9,1.0,3.0,02691,M,,,02
201000007633,10,12,1,440,5,2,1,1.0,6.0,02691,M,,,02
201000007634,10,11,2,1315,1,2,1,1.0,6.0,02691,M,,,02
201000007635,10,12,16,1745,2,2,1,2.0,6.0,02691,M,,,02
201000007636,10,3,13,1345,1,1,1,1.0,6.0,26146,M,0.0,0.0,26
201000007637,10,6,17,2030,2,1,1,1.0,6.0,26284,M,4443900.0,478700.0,26
201000007638,10,7,11,15,5,2,6,1.0,7.0,26099,M,4439600.0,490000.0,26
201000007639,10,7,20,1330,1,1,1,1.0,5.0,26360,M,4442300.0,481000.0,26
201000007640,10,8,18,1300,1,1,1,1.0,1.0,26146,M,4442500.0,486800.0,26
201000007641,10,11,4,1815,5,2,1,1.0,3.0,26192,M,4444200.0,502000.0,26
201000007642,10,4,18,1530,1,1,1,1.0,6.0,26215,M,4449000.0,538200.0,26
201000007643,10,9,21,1245,1,1,1,1.0,1.0,26238,M,4439600.0,520600.0,26
201000007644,10,1,7,1730,3,1,1,1.0,1.0,26379,M,0.0,0.0,26
201000007645,10,1,14,745,1,1,1,8.0,5.0,26004,M,4499510.0,499850.0,26
201000007646,10,1,30,1930,3,2,1,1.0,6.0,26049,M,4496980.0,507940.0,26
201000007647,10,2,15,1830,3,1,1,8.0,1.0,26023,M,0.0,0.0,26
201000007648,10,3,17,945,1,1,1,1.0,2.0,26323,M,0.0,0.0,26
201000007649,10,3,29,1130,1,2,1,1.0,6.0,26096,M,0.0,0.0,26
201000007650,10,3,30,2000,2,1,1,1.0,1.0,26323,M,4505120.0,510390.0,26
201000007651,10,4,4,1315,1,1,1,1.0,6.0,26194,M,0.0,0.0,26
201000007652,10,4,25,1715,1,1,1,1.0,5.0,26129,M,4505300.0,514400.0,26
201000007653,10,4,26,545,3,1,1,1.0,6.0,26034,M,0.0,0.0,26
201000007654,10,5,9,1830,1,2,1,1.0,5.0,26323,M,0.0,0.0,26
201000007655,10,5,26,1830,1,1,1,1.0,3.0,26231,M,4509800.0,506900.0,26
201000007656,10,5,28,1600,1,1,3,1.0,3.0,26084,M,0.0,0.0,26
201000007657,10,6,27,1915,1,1,1,1.0,1.0,26092,M,0.0,0.0,26
201000007658,10,7,13,1330,1,1,1,1.0,5.0,26088,M,0.0,0.0,26
201000007659,10,7,13,1800,1,2,1,1.0,1.0,26087,M,0.0,0.0,26
201000007660,10,8,17,1130,1,1,1,1.0,1.0,26087,M,4509000.0,513500.0,26
201000007661,10,8,17,1130,1,1,1,1.0,2.0,26039,M,4505100.0,514000.0,26
201000007662,10,8,24,315,3,1,1,1.0,6.0,26004,M,0.0,0.0,26
201000007663,10,9,11,1600,1,1,2,1.0,3.0,26088,M,4502000.0,508300.0,26
201000007664,10,9,16,1800,1,1,1,2.0,7.0,26077,M,0.0,0.0,26
201000007665,10,9,23,1330,1,1,1,1.0,6.0,26096,M,0.0,0.0,26
201000007666,10,10,6,1400,1,1,1,1.0,7.0,26218,M,4506860.0,506200.0,26
201000007667,10,10,21,830,1,2,1,1.0,3.0,26087,M,0.0,0.0,26
201000007668,10,11,21,1800,3,1,1,1.0,6.0,26310,M,0.0,0.0,26
201000007669,10,11,30,1745,3,1,1,4.0,5.0,26061,M,0.0,0.0,26
201000007670,10,12,10,2000,3,1,1,2.0,1.0,26084,M,0.0,0.0,26
201000007671,10,12,12,1200,1,1,1,1.0,7.0,26107,M,0.0,0.0,26
201000007672,10,3,6,1215,1,2,1,1.0,6.0,26143,M,4526970.0,510470.0,26
201000007673,10,5,1,1830,1,1,1,2.0,5.0,26162,M,4529400.0,503900.0,26
201000007674,10,6,25,1745,1,2,1,1.0,3.0,26118,M,4530870.0,495030.0,26
201000007675,10,8,21,1630,1,2,1,1.0,6.0,26210,M,4521860.0,513050.0,26
201000007676,10,8,26,1800,1,1,1,1.0,3.0,26349,M,4523100.0,501700.0,26
201000007677,10,10,14,1945,3,1,1,1.0,6.0,26155,M,4533400.0,496700.0,26
201000007678,10,10,25,1315,1,1,1,1.0,7.0,26162,M,4530600.0,502700.0,26
201000007679,10,11,6,1100,1,1,1,1.0,7.0,26314,M,4522900.0,496900.0,26
201000007680,10,2,21,1315,1,2,1,1.0,1.0,26320,M,4506400.0,524700.0,26
201000007681,10,3,6,145,5,2,1,1.0,6.0,26320,M,4505810.0,525560.0,26
201000007682,10,4,26,2100,3,1,1,1.0,2.0,26311,M,4504000.0,530500.0,26
201000007683,10,5,12,1615,1,1,1,2.0,3.0,26320,M,4507000.0,523600.0,26
201000007684,10,7,7,1600,1,2,1,1.0,1.0,26320,M,0.0,0.0,26
201000007685,10,8,6,800,1,2,3,1.0,3.0,26307,M,4502100.0,528600.0,26
201000007686,10,8,24,2130,2,1,1,1.0,7.0,26302,M,4506100.0,534100.0,26
201000007687,10,10,4,830,1,1,1,6.0,7.0,26307,M,4505100.0,535300.0,26
201000007688,10,4,16,1645,1,1,1,1.0,7.0,26160,M,4522300.0,481300.0,26
201000007689,10,4,19,1630,1,1,1,1.0,1.0,26041,M,0.0,0.0,26
201000007690,10,4,21,1845,1,2,1,1.0,3.0,26333,M,4518300.0,481500.0,26
201000007691,10,5,5,645,2,1,1,1.0,1.0,26160,M,4523400.0,481900.0,26
201000007692,10,7,4,1845,1,1,2,1.0,5.0,26295,M,4517200.0,489100.0,26
201000007693,10,7,4,1800,1,2,1,1.0,6.0,26332,M,4518800.0,487000.0,26
201000007694,10,7,4,2100,5,2,1,1.0,1.0,26333,M,4518400.0,481500.0,26
201000007695,10,8,1,1900,1,1,1,2.0,1.0,26295,M,4518200.0,485700.0,26
201000007696,10,8,3,1830,1,1,1,1.0,6.0,26041,M,4524530.0,480310.0,26
201000007697,10,8,24,1215,1,1,1,1.0,1.0,26325,M,0.0,0.0,26
201000007698,10,9,7,1300,1,1,1,2.0,3.0,26002,M,4524300.0,485500.0,26
201000007699,10,10,15,2330,3,1,1,1.0,6.0,26332,M,4519300.0,487600.0,26
201000007700,10,10,26,1745,1,1,1,1.0,1.0,26325,M,0.0,0.0,26
201000007701,10,1,16,430,4,1,1,1.0,5.0,26380,M,4509390.0,483560.0,26
201000007702,10,1,20,1815,3,1,1,1.0,6.0,26347,M,4506800.0,486700.0,26
201000007703,10,2,3,715,2,2,1,1.0,6.0,26119,M,4512120.0,481960.0,26
201000007704,10,3,23,1130,1,2,1,1.0,6.0,26380,M,0.0,0.0,26
201000007705,10,4,21,1530,1,2,9,1.0,1.0,26347,M,4507500.0,483700.0,26
201000007706,10,7,12,1945,1,2,1,2.0,1.0,26347,M,4507400.0,484200.0,26
201000007707,10,7,27,1900,1,2,1,1.0,1.0,26347,M,0.0,0.0,26
201000007708,10,8,2,345,3,1,6,2.0,6.0,26179,M,4507400.0,486700.0,26
201000007709,10,8,17,1130,1,2,1,1.0,2.0,26347,M,4507340.0,483020.0,26
201000007710,10,9,8,2100,3,1,1,1.0,2.0,26250,M,4499900.0,487800.0,26
201000007711,10,10,31,500,5,1,1,3.0,7.0,26347,M,0.0,0.0,26
201000007712,10,11,22,730,1,2,1,1.0,6.0,26347,M,4507080.0,483920.0,26
201000007713,10,11,28,1500,1,2,1,2.0,1.0,26347,M,4506710.0,485820.0,26
201000007714,10,1,21,830,5,2,3,1.0,6.0,02722,M,,,02
201000007715,10,2,2,1104,1,2,1,2.0,3.0,02243,M,,,02
201000007716,10,1,29,1810,1,2,1,1.0,3.0,02722,M,,,02
201000007717,10,2,16,1235,1,2,3,1.0,3.0,02722,M,,,02
201000007718,10,3,5,810,1,2,2,1.0,6.0,02722,M,,,02
201000007719,10,3,24,1757,1,2,2,1.0,3.0,02722,M,,,02
201000007720,10,4,25,1900,1,2,2,1.0,3.0,02722,M,,,02
201000007721,10,5,19,1230,1,2,1,1.0,3.0,02722,M,,,02
201000007722,10,5,22,1250,1,2,3,1.0,2.0,02722,M,,,02
201000007723,10,5,25,805,1,1,1,1.0,4.0,02805,M,,,02
201000007724,10,7,2,1355,1,2,3,1.0,3.0,02805,M,,,02
201000007725,10,9,8,830,1,1,1,2.0,3.0,02722,M,,,02
201000007726,10,10,30,1330,1,1,1,1.0,1.0,02805,M,,,02
201000007727,10,11,8,1740,5,2,1,3.0,6.0,02722,M,,,02
201000007728,10,12,13,1300,1,2,1,1.0,6.0,02722,M,,,02
201000007729,10,9,10,2005,2,1,1,2.0,4.0,02722,M,,,02
201000007730,10,11,27,640,2,2,1,1.0,6.0,02722,M,,,02
201000007731,10,2,4,700,2,1,1,9.0,1.0,38547,M,4523400.0,585768.0,38
201000007732,10,3,16,1400,1,2,1,1.0,3.0,38547,M,0.0,0.0,38
201000007733,10,4,4,1145,1,1,1,1.0,6.0,38175,M,0.0,0.0,38
201000007734,10,6,4,1300,1,1,1,1.0,1.0,38422,M,0.0,0.0,38
201000007735,10,6,5,45,5,2,1,1.0,6.0,38150,M,0.0,0.0,38
201000007736,10,6,27,1230,1,1,1,1.0,6.0,38150,M,0.0,0.0,38
201000007737,10,7,14,1045,1,2,1,1.0,6.0,38175,M,0.0,0.0,38
201000007738,10,10,8,1530,1,2,6,1.0,1.0,38175,M,0.0,0.0,38
201000007739,10,10,14,2315,3,1,1,1.0,1.0,38547,M,4523900.0,588699.0,38
201000007740,10,11,6,1115,1,2,2,1.0,6.0,38547,M,4525830.0,590817.0,38
201000007741,10,1,19,1745,5,2,3,8.0,1.0,38158,M,4515100.0,573899.0,38
201000007742,10,5,28,2130,5,2,6,1.0,3.0,38158,M,4516150.0,574440.0,38
201000007743,10,9,1,1845,1,2,3,1.0,3.0,38158,M,4515510.0,575295.0,38
201000007744,10,12,16,1015,1,2,1,1.0,6.0,38158,M,4515400.0,574200.0,38
201000007745,10,5,27,1115,1,2,1,1.0,6.0,38317,M,0.0,0.0,38
201000007746,10,6,24,730,1,2,6,1.0,3.0,38317,M,0.0,0.0,38
201000007747,10,6,24,2200,3,2,1,1.0,3.0,38111,M,4511390.0,568621.0,38
201000007748,10,7,13,1900,1,1,1,1.0,3.0,38317,M,0.0,0.0,38
201000007749,10,4,6,1645,1,2,1,1.0,1.0,38314,M,0.0,0.0,38
201000007750,10,5,13,645,2,1,1,2.0,7.0,38075,M,4546350.0,599435.0,38
201000007751,10,7,9,45,5,2,1,1.0,7.0,38314,M,4542000.0,601300.0,38
201000007752,10,7,13,1830,1,1,1,1.0,1.0,38268,M,4528040.0,607397.0,38
201000007753,10,7,30,1615,1,1,1,1.0,7.0,38075,M,0.0,0.0,38
201000007754,10,11,8,1145,1,1,1,1.0,3.0,38075,M,0.0,0.0,38
201000007755,10,4,5,2200,5,2,1,1.0,6.0,38382,M,0.0,0.0,38
201000007756,10,8,14,2045,5,2,1,3.0,3.0,38382,M,4523600.0,568100.0,38
201000007757,10,3,15,1430,1,1,6,1.0,1.0,38155,M,0.0,0.0,38
201000007758,10,3,27,230,3,1,1,8.0,6.0,38412,M,4538790.0,571929.0,38
201000007759,10,4,1,1345,1,1,1,1.0,1.0,38155,M,4542740.0,576162.0,38
201000007760,10,4,11,1500,1,1,1,1.0,7.0,38446,M,4540570.0,585641.0,38
201000007761,10,4,11,1815,1,1,1,1.0,6.0,38442,M,4531040.0,577015.0,38
201000007762,10,4,18,1130,1,1,1,1.0,7.0,38405,M,4536370.0,567639.0,38
201000007763,10,6,13,1815,1,1,1,1.0,3.0,38446,M,0.0,0.0,38
201000007764,10,6,16,945,1,2,1,2.0,6.0,38405,M,0.0,0.0,38
201000007765,10,6,29,1815,1,1,1,1.0,6.0,38376,M,4543780.0,576571.0,38
201000007766,10,8,4,2015,1,2,1,1.0,3.0,38412,M,4539080.0,573923.0,38
201000007767,10,4,25,1415,1,1,1,7.0,3.0,38153,M,4515930.0,560825.0,38
201000007768,10,5,27,1745,1,1,1,1.0,1.0,38540,M,0.0,0.0,38
201000007769,10,8,27,1445,1,1,1,1.0,1.0,38474,M,0.0,0.0,38
201000007770,10,1,11,630,3,1,1,1.0,5.0,38070,M,4528170.0,593230.0,38
201000007771,10,1,12,1645,1,1,1,1.0,3.0,38181,M,4535620.0,599228.0,38
201000007772,10,3,5,845,1,2,1,1.0,3.0,38140,M,4527900.0,589800.0,38
201000007773,10,4,18,30,3,1,1,1.0,7.0,38466,M,0.0,0.0,38
201000007774,10,4,19,2130,5,2,1,1.0,7.0,38511,M,0.0,0.0,38
201000007775,10,4,22,1845,1,2,1,1.0,1.0,38501,M,4530290.0,595258.0,38
201000007776,10,4,25,1500,1,1,3,1.0,3.0,38181,M,4532420.0,596787.0,38
201000007777,10,5,1,1030,1,1,3,2.0,3.0,38070,M,4528250.0,593309.0,38
201000007778,10,5,23,1915,1,2,1,1.0,6.0,38181,M,4534110.0,597917.0,38
201000007779,10,5,26,1400,1,2,1,1.0,1.0,38100,M,4537100.0,598800.0,38
201000007780,10,8,6,1130,1,2,1,1.0,3.0,38501,M,4531200.0,595700.0,38
201000007781,10,9,1,1600,1,2,9,1.0,2.0,38501,M,0.0,0.0,38
201000007782,10,10,9,1945,5,2,3,1.0,6.0,38511,M,4535890.0,595558.0,38
201000007783,10,11,16,45,5,2,1,3.0,7.0,38100,M,4539260.0,600069.0,38
201000007784,10,8,11,1300,1,1,1,1.0,3.0,38545,M,4503420.0,566188.0,38
201000007785,10,4,15,1900,1,2,1,2.0,6.0,38548,M,0.0,0.0,38
201000007786,10,6,6,1900,1,1,1,2.0,1.0,38205,M,4512660.0,555918.0,38
201000007787,10,7,10,1630,1,1,1,3.0,7.0,38548,M,4507710.0,553690.0,38
201000007788,10,1,9,2040,3,1,9,4.0,5.0,02738,M,,,02
201000007789,10,1,18,1810,5,2,1,1.0,6.0,02059,M,,,02
201000007790,10,3,19,2030,3,1,1,1.0,6.0,38312,M,4531740.0,565224.0,38
201000007791,10,4,22,1005,1,2,3,7.0,3.0,02738,M,,,02
201000007792,10,4,23,1547,1,2,1,1.0,6.0,02738,M,,,02
201000007793,10,4,10,1120,1,2,1,1.0,6.0,02738,M,,,02
201000007794,10,5,8,1620,1,2,2,1.0,6.0,02738,M,,,02
201000007795,10,4,3,100,5,1,6,1.0,6.0,38565,M,4531090.0,561348.0,38
201000007796,10,6,7,1840,1,2,1,1.0,3.0,02165,M,,,02
201000007797,10,6,4,1330,1,2,1,1.0,1.0,02059,M,,,02
201000007798,10,6,18,1715,1,1,1,1.0,1.0,02304,M,,,02
201000007799,10,6,19,1750,1,2,1,1.0,6.0,02738,M,,,02
201000007800,10,4,29,1500,1,1,3,1.0,5.0,38565,M,4527370.0,562681.0,38
201000007801,10,7,7,1655,1,2,1,1.0,3.0,02738,M,,,02
201000007802,10,8,30,2315,5,2,1,1.0,6.0,02738,M,,,02
201000007803,10,9,3,1545,1,2,3,1.0,6.0,02738,M,,,02
201000007804,10,5,30,1215,1,1,1,1.0,5.0,38565,M,4527520.0,562629.0,38
201000007805,10,6,9,2315,3,1,4,1.0,7.0,38407,M,4534010.0,566320.0,38
201000007806,10,6,24,1700,1,1,1,1.0,2.0,38565,M,4527600.0,562600.0,38
201000007807,10,11,19,1800,5,2,2,1.0,1.0,02738,M,,,02
201000007808,10,7,14,945,1,1,1,1.0,4.0,38061,M,4534520.0,560311.0,38
201000007809,10,7,15,1815,1,1,1,1.0,3.0,38565,M,4528380.0,562401.0,38
201000007810,10,8,16,2200,3,1,1,1.0,2.0,38565,M,4528600.0,562404.0,38
201000007811,10,11,17,1800,5,2,1,1.0,6.0,38565,M,4528000.0,564693.0,38
201000007812,10,12,17,2000,5,2,1,4.0,6.0,38565,M,4528550.0,563591.0,38
201000007813,10,1,29,1100,1,2,1,1.0,6.0,38269,M,4491400.0,578424.0,38
201000007814,10,6,1,800,1,2,1,1.0,3.0,38499,M,4491440.0,578249.0,38
201000007815,10,6,5,1330,1,1,1,1.0,6.0,38128,M,4481900.0,594757.0,38
201000007816,10,6,27,1445,1,1,1,1.0,6.0,38497,M,4490030.0,581034.0,38
201000007817,10,7,30,2045,1,1,1,1.0,6.0,38413,M,0.0,0.0,38
201000007818,10,9,17,1815,1,2,3,1.0,3.0,38499,M,4492050.0,578011.0,38
201000007819,10,9,27,1645,1,1,1,1.0,7.0,38329,M,4483600.0,589099.0,38
201000007820,10,4,5,1300,1,1,1,1.0,1.0,38424,M,4476080.0,566717.0,38
201000007821,10,4,23,1045,1,1,1,1.0,3.0,38103,M,0.0,0.0,38
201000007822,10,8,4,1745,1,1,1,1.0,3.0,38492,M,0.0,0.0,38
201000007823,10,8,27,1745,1,1,1,1.0,4.0,38429,M,4486100.0,561200.0,38
201000007824,10,8,29,1745,1,1,1,1.0,1.0,38391,M,0.0,0.0,38
201000007825,10,9,18,2130,3,1,1,2.0,6.0,38424,M,4477170.0,566177.0,38
201000007826,10,9,18,1515,1,1,1,1.0,6.0,38342,M,4490030.0,561519.0,38
201000007827,10,11,3,1500,1,1,1,1.0,1.0,38429,M,4486300.0,561000.0,38
201000007828,10,11,30,1845,3,1,1,4.0,3.0,38204,M,4475600.0,567201.0,38
201000007829,10,1,25,1100,1,1,1,8.0,6.0,38529,M,4510140.0,584995.0,38
201000007830,10,2,21,300,3,1,1,1.0,1.0,38071,M,4506440.0,572150.0,38
201000007831,10,2,22,1815,1,1,1,1.0,1.0,38252,M,4508370.0,574784.0,38
201000007832,10,2,23,2000,5,2,1,8.0,7.0,38562,M,4508600.0,576800.0,38
201000007833,10,4,18,745,1,1,1,1.0,5.0,38562,M,4505800.0,583600.0,38
201000007834,10,4,28,2300,3,1,4,1.0,1.0,38071,M,4508270.0,574051.0,38
201000007835,10,5,24,1830,1,2,1,1.0,6.0,38562,M,4507600.0,576953.0,38
201000007836,10,6,11,1845,1,1,1,1.0,5.0,38478,M,4505360.0,583045.0,38
201000007837,10,6,26,1400,1,1,1,1.0,4.0,38529,M,4510090.0,586226.0,38
201000007838,10,8,5,1845,2,1,1,2.0,5.0,38478,M,4505520.0,580857.0,38
201000007839,10,8,30,1345,1,2,1,1.0,3.0,38059,M,4511800.0,578700.0,38
201000007840,10,9,24,930,1,1,1,1.0,1.0,38388,M,4505500.0,571000.0,38
201000007841,10,10,12,1500,1,1,1,1.0,1.0,38068,M,4510520.0,570441.0,38
201000007842,10,12,9,1915,3,1,1,1.0,6.0,38279,M,4507200.0,575500.0,38
201000007843,10,12,16,745,2,1,1,9.0,1.0,38478,M,4505400.0,585029.0,38
201000007844,10,12,28,1845,5,1,1,1.0,1.0,38068,M,4510040.0,571665.0,38
201000007845,10,1,23,1830,3,1,1,1.0,6.0,38394,M,4511000.0,526017.0,38
201000007846,10,3,3,1600,1,1,1,1.0,6.0,38095,M,4515470.0,528490.0,38
201000007847,10,5,9,915,1,1,1,1.0,6.0,38453,M,4510690.0,532175.0,38
201000007848,10,6,13,815,1,1,1,1.0,7.0,38108,M,4506640.0,537305.0,38
201000007849,10,7,2,1915,1,1,2,1.0,3.0,38394,M,4509560.0,525027.0,38
201000007850,10,7,8,1830,1,2,3,1.0,3.0,38416,M,4515090.0,531643.0,38
201000007851,10,7,17,1030,1,1,1,1.0,5.0,38333,M,4508360.0,545778.0,38
201000007852,10,7,18,1030,1,2,2,1.0,6.0,38416,M,4515171.0,531889.0,38
201000007853,10,9,29,1345,1,1,1,1.0,3.0,38095,M,4513500.0,529900.0,38
201000007854,10,1,24,1745,3,1,1,1.0,6.0,38219,M,4531000.0,509600.0,38
201000007855,10,3,11,1300,1,1,1,8.0,3.0,38174,M,4539040.0,537143.0,38
201000007856,10,3,15,1730,1,1,1,1.0,3.0,38218,M,4534600.0,521100.0,38
201000007857,10,3,24,1600,1,1,1,1.0,2.0,38384,M,4533820.0,533252.0,38
201000007858,10,5,22,1815,1,1,1,1.0,2.0,38505,M,0.0,0.0,38
201000007859,10,6,18,1800,1,1,1,1.0,1.0,38308,M,4532930.0,539424.0,38
201000007860,10,6,27,45,3,1,9,1.0,6.0,38308,M,4532100.0,539900.0,38
201000007861,10,7,6,1200,1,2,1,1.0,2.0,38219,M,4530510.0,508590.0,38
201000007862,10,7,10,2115,3,1,1,1.0,6.0,38221,M,4529900.0,522100.0,38
201000007863,10,7,11,1600,1,1,1,1.0,2.0,38219,M,4530210.0,509880.0,38
201000007864,10,7,25,1630,1,1,1,1.0,7.0,38255,M,4525660.0,516158.0,38
201000007865,10,8,8,200,5,2,1,1.0,7.0,38440,M,4531520.0,528323.0,38
201000007866,10,9,25,1700,1,1,1,3.0,6.0,38060,M,4530100.0,534400.0,38
201000007867,10,10,28,1800,2,1,1,1.0,6.0,38505,M,4531400.0,513370.0,38
201000007868,10,11,15,930,1,1,1,3.0,1.0,38347,M,4524380.0,527685.0,38
201000007869,10,2,23,2000,3,1,1,1.0,6.0,38526,M,4525220.0,540679.0,38
201000007870,10,3,8,730,1,1,1,1.0,1.0,38117,M,4519000.0,542505.0,38
201000007871,10,3,15,1700,1,1,1,1.0,1.0,38517,M,4527210.0,547258.0,38
201000007872,10,4,14,1630,1,1,3,1.0,3.0,38450,M,4526140.0,552607.0,38
201000007873,10,5,23,1700,1,1,1,1.0,2.0,38275,M,4523880.0,536129.0,38
201000007874,10,6,7,945,1,1,9,1.0,3.0,38450,M,4530130.0,560088.0,38
201000007875,10,6,13,1800,1,1,2,1.0,3.0,38523,M,4522000.0,534675.0,38
201000007876,10,6,26,345,3,1,1,1.0,6.0,38263,M,4528110.0,545800.0,38
201000007877,10,7,10,1715,1,2,1,1.0,1.0,38559,M,4520610.0,540868.0,38
201000007878,10,8,29,2315,3,1,1,1.0,6.0,38559,M,4520800.0,542901.0,38
201000007879,10,9,6,1330,1,1,1,1.0,6.0,38500,M,4518770.0,538494.0,38
201000007880,10,12,2,1045,1,1,1,8.0,1.0,38117,M,4519180.0,542567.0,38
201000007881,10,12,18,1230,1,1,1,1.0,1.0,38450,M,4525560.0,552078.0,38
201000007882,10,1,5,945,1,1,1,4.0,6.0,38455,M,4565200.0,530200.0,38
201000007883,10,4,19,1430,1,1,1,1.0,1.0,38415,M,4564810.0,522560.0,38
201000007884,10,4,23,1930,1,1,1,1.0,1.0,38348,M,4557600.0,533470.0,38
201000007885,10,4,30,1715,1,1,1,1.0,3.0,38374,M,4561930.0,536161.0,38
201000007886,10,5,1,1515,1,1,1,2.0,3.0,38455,M,4562140.0,535310.0,38
201000007887,10,10,7,1945,5,1,1,1.0,3.0,38276,M,4556900.0,530300.0,38
201000007888,10,12,9,1045,1,1,1,1.0,3.0,38276,M,4556900.0,530500.0,38
201000007889,10,3,20,1245,1,1,1,2.0,1.0,38515,M,4568960.0,533237.0,38
201000007890,10,3,31,2045,3,1,1,1.0,3.0,38190,M,0.0,0.0,38
201000007891,10,5,6,730,1,1,1,8.0,3.0,38138,M,4571950.0,525548.0,38
201000007892,10,7,18,1415,1,2,1,1.0,3.0,38515,M,4569600.0,532517.0,38
201000007893,10,7,27,1500,1,1,1,1.0,1.0,38190,M,4580500.0,528601.0,38
201000007894,10,8,19,545,3,1,1,1.0,5.0,38138,M,4573100.0,525601.0,38
201000007895,10,9,27,845,1,1,1,1.0,3.0,38451,M,4575780.0,522372.0,38
201000007896,10,11,10,2115,5,2,1,1.0,6.0,38515,M,0.0,0.0,38
201000007897,10,2,18,2230,3,1,1,1.0,1.0,38043,M,4544500.0,556600.0,38
201000007898,10,3,20,1645,1,1,1,1.0,3.0,38065,M,4542790.0,540158.0,38
201000007899,10,4,11,315,3,1,1,1.0,6.0,38305,M,4548100.0,550701.0,38
201000007900,10,4,25,600,2,1,1,1.0,6.0,38520,M,4549000.0,551900.0,38
201000007901,10,4,3,1445,1,1,1,1.0,3.0,38042,M,4539100.0,538035.0,38
201000007902,10,5,11,1915,1,2,1,1.0,2.0,38013,M,4540010.0,548582.0,38
201000007903,10,6,20,2330,3,1,1,1.0,6.0,38293,M,4549600.0,546711.0,38
201000007904,10,7,4,745,1,1,3,1.0,1.0,38013,M,4538250.0,549761.0,38
201000007905,10,8,4,1500,1,1,1,1.0,6.0,38147,M,4551300.0,542658.0,38
201000007906,10,8,12,1000,1,1,1,1.0,3.0,38257,M,4548280.0,540351.0,38
201000007907,10,9,2,30,3,1,1,1.0,7.0,38305,M,4547230.0,550623.0,38
201000007908,10,9,8,915,1,1,1,1.0,1.0,38063,M,4542800.0,544600.0,38
201000007909,10,10,8,2130,3,1,1,1.0,1.0,38063,M,4542900.0,544301.0,38
201000007910,10,11,21,1600,1,1,1,1.0,2.0,38182,M,4539000.0,543000.0,38
201000007911,10,1,7,2100,4,1,1,4.0,4.0,38135,M,0.0,0.0,38
201000007912,10,2,8,1730,2,2,1,1.0,6.0,38135,M,4572850.0,540623.0,38
201000007913,10,3,24,1945,3,1,1,1.0,7.0,38295,M,4573540.0,529258.0,38
201000007914,10,4,27,1730,1,1,1,1.0,1.0,38083,M,4582000.0,535700.0,38
201000007915,10,6,17,615,3,1,1,1.0,7.0,38026,M,4587450.0,534505.0,38
201000007916,10,8,17,1915,1,1,1,1.0,1.0,38539,M,4583720.0,541133.0,38
201000007917,10,8,31,1000,1,1,2,1.0,3.0,38054,M,4578070.0,544214.0,38
201000007918,10,9,14,1745,1,1,1,1.0,6.0,38365,M,4578900.0,534601.0,38
201000007919,10,9,26,815,1,1,1,1.0,6.0,38054,M,4577790.0,540095.0,38
201000007920,10,1,6,1445,1,1,1,1.0,4.0,38001,M,4555650.0,559361.0,38
201000007921,10,3,26,1000,1,1,1,3.0,6.0,38354,M,4550300.0,571100.0,38