Num_Acc,an,mois,jour,hrmn,lum,agg,int,atm,col,com,gps,lat,long,dep
201000007922,10,7,27,1700,1,1,4,1.0,7.0,38398,M,4549860.0,571359.0,38
201000007923,10,10,8,1730,1,2,1,1.0,6.0,38256,M,4548830.0,559214.0,38
201000007924,10,11,6,1730,1,1,1,1.0,6.0,38315,M,0.0,0.0,38
201000007925,10,11,25,1600,2,2,1,3.0,6.0,38001,M,4554100.0,557200.0,38
201000007926,10,1,16,930,1,1,1,8.0,7.0,38377,M,4557720.0,550682.0,38
201000007927,10,2,1,1500,1,2,1,1.0,2.0,38377,M,4557460.0,549401.0,38
201000007928,10,3,2,2045,5,2,1,1.0,3.0,38401,M,0.0,0.0,38
201000007929,10,3,7,1845,3,1,4,4.0,6.0,38162,M,4558380.0,550726.0,38
201000007930,10,3,10,100,3,1,1,1.0,7.0,38341,M,0.0,0.0,38
201000007931,10,3,30,1900,1,1,1,1.0,1.0,38162,M,4560040.0,552666.0,38
201000007932,10,5,10,15,3,2,1,3.0,6.0,38369,M,0.0,0.0,38
201000007933,10,6,24,2300,3,1,1,1.0,1.0,38509,M,0.0,0.0,38
201000007934,10,8,14,1500,1,1,1,1.0,1.0,38064,M,4556780.0,536282.0,38
201000007935,10,8,27,900,5,1,1,1.0,6.0,38341,M,0.0,0.0,38
201000007936,10,10,30,2200,3,1,1,2.0,1.0,38064,M,4556760.0,536665.0,38
201000007937,10,11,7,1830,5,2,1,1.0,1.0,38246,M,0.0,0.0,38
201000007938,10,12,13,600,3,1,1,9.0,6.0,38064,M,0.0,0.0,38
201000007939,10,6,1,2300,3,1,1,1.0,1.0,44035,M,4728400.0,-154800.0,44
201000007940,10,6,21,745,1,2,6,1.0,3.0,44035,M,0.0,0.0,44
201000007941,10,6,28,1430,1,2,9,1.0,7.0,44209,M,0.0,0.0,44
201000007942,10,8,4,200,3,1,1,2.0,6.0,44066,M,4738000.0,-162700.0,44
201000007943,10,9,19,1730,1,2,1,1.0,7.0,44035,M,0.0,0.0,44
201000007944,10,9,24,1115,1,2,1,1.0,6.0,44035,M,0.0,0.0,44
201000007945,10,10,4,1445,1,2,6,2.0,3.0,44035,M,0.0,0.0,44
201000007946,10,11,8,745,2,2,1,3.0,6.0,44035,M,4729700.0,-155600.0,44
201000007947,10,11,18,1945,5,1,1,1.0,3.0,44035,M,0.0,0.0,44
201000007948,10,11,25,1630,1,1,1,1.0,6.0,44209,M,4729700.0,-160900.0,44
201000007949,10,11,28,2045,5,1,1,9.0,3.0,44035,M,0.0,0.0,44
201000007950,10,1,25,1930,3,1,1,1.0,6.0,38160,M,4546840.0,497520.0,38
201000007951,10,3,13,830,1,1,1,1.0,2.0,38160,M,0.0,0.0,38
201000007952,10,3,15,730,1,1,1,1.0,1.0,38484,M,0.0,0.0,38
201000007953,10,3,26,2100,5,2,1,2.0,3.0,38087,M,4557700.0,482500.0,38
201000007954,10,4,10,1945,3,1,1,9.0,2.0,38107,M,4546300.0,482638.0,38
201000007955,10,4,21,1130,1,1,1,1.0,1.0,38487,M,4556900.0,482100.0,38
201000007956,10,4,30,730,1,1,1,1.0,3.0,38110,M,4556870.0,487844.0,38
201000007957,10,5,28,2230,3,2,1,1.0,1.0,38238,M,4551760.0,501194.0,38
201000007958,10,7,15,1800,1,1,1,7.0,5.0,38238,M,4549970.0,501797.0,38
201000007959,10,7,31,1115,1,1,1,1.0,4.0,38160,M,4550440.0,499445.0,38
201000007960,10,8,5,1230,1,1,1,1.0,1.0,38459,M,0.0,0.0,38
201000007961,10,10,2,215,3,1,1,1.0,6.0,38487,M,4555900.0,486125.0,38
201000007962,10,10,6,845,1,1,4,2.0,1.0,38336,M,4549670.0,484057.0,38
201000007963,10,10,30,1530,1,1,1,2.0,1.0,38336,M,4548090.0,483182.0,38
201000007964,10,11,2,800,1,1,3,1.0,5.0,38107,M,4545680.0,478377.0,38
201000007965,10,11,10,1700,3,1,1,2.0,7.0,38487,M,0.0,0.0,38
201000007966,10,11,22,1730,3,1,1,1.0,5.0,38160,M,4550740.0,493595.0,38
201000007967,10,11,22,2130,5,2,1,2.0,6.0,38087,M,4558600.0,480900.0,38
201000007968,10,1,1,245,3,1,1,8.0,7.0,38335,M,4536250.0,502914.0,38
201000007969,10,1,20,2000,3,1,2,1.0,1.0,38180,M,4537210.0,528754.0,38
201000007970,10,1,28,345,3,1,1,1.0,7.0,38069,M,4547000.0,529000.0,38
201000007971,10,1,28,1945,3,1,1,1.0,1.0,38130,M,4537000.0,523001.0,38
201000007972,10,1,31,2045,3,1,1,1.0,6.0,38473,M,4537700.0,522700.0,38
201000007973,10,3,19,315,3,1,1,1.0,7.0,38025,M,4540220.0,522833.0,38
201000007974,10,3,24,730,2,1,1,1.0,2.0,38069,M,4547100.0,529297.0,38
201000007975,10,3,26,1245,1,1,1,1.0,6.0,38134,M,4544510.0,499531.0,38
201000007976,10,5,16,2200,5,2,1,1.0,6.0,38034,M,4533300.0,503200.0,38
201000007977,10,5,23,2245,3,1,1,1.0,3.0,38324,M,4539130.0,502309.0,38
201000007978,10,5,24,2000,1,1,1,1.0,3.0,38290,M,4536060.0,498587.0,38
201000007979,10,6,29,715,1,1,1,7.0,1.0,38240,M,4538300.0,498000.0,38
201000007980,10,7,21,1415,1,1,2,1.0,5.0,38130,M,4536120.0,528600.0,38
201000007981,10,7,30,30,3,1,1,1.0,6.0,38291,M,4534520.0,511168.0,38
201000007982,10,8,7,2315,3,2,1,1.0,6.0,38473,M,4537400.0,521200.0,38
201000007983,10,9,6,1645,1,1,1,1.0,1.0,38130,M,4539250.0,523874.0,38
201000007984,10,9,10,1715,1,2,1,1.0,1.0,38180,M,4539520.0,529216.0,38
201000007985,10,9,18,445,3,1,1,1.0,1.0,38130,M,4540400.0,527501.0,38
201000007986,10,9,24,2045,3,1,1,2.0,4.0,38130,M,4539200.0,524501.0,38
201000007987,10,10,19,1330,1,2,1,1.0,6.0,38034,M,4539700.0,529800.0,38
201000007988,10,12,20,1645,1,1,1,4.0,7.0,38393,M,4540900.0,534200.0,38
201000007989,10,12,23,915,1,1,3,2.0,1.0,38406,M,4542670.0,508674.0,38
201000007990,10,1,6,800,1,1,1,4.0,5.0,38144,M,0.0,0.0,38
201000007991,10,2,10,1900,3,1,1,4.0,5.0,38288,M,4557000.0,501738.0,38
201000007992,10,2,20,2015,5,2,4,1.0,6.0,38519,M,4560670.0,503947.0,38
201000007993,10,5,3,2130,2,1,1,2.0,1.0,38399,M,0.0,0.0,38
201000007994,10,4,19,1345,1,1,6,1.0,7.0,38184,M,4567220.0,508070.0,38
201000007995,10,5,12,1045,1,2,1,1.0,3.0,38081,M,4554000.0,510205.0,38
201000007996,10,5,21,615,2,1,1,1.0,7.0,38480,M,4555790.0,496212.0,38
201000007997,10,5,29,530,2,1,1,1.0,6.0,38152,M,4548080.0,529197.0,38
201000007998,10,6,19,800,1,1,1,1.0,5.0,38211,M,4544960.0,519221.0,38
201000007999,10,7,11,745,1,1,1,1.0,7.0,38512,M,4551600.0,526900.0,38
201000008000,10,9,12,645,2,1,3,1.0,6.0,38480,M,4556220.0,498357.0,38
201000008001,10,9,15,530,3,1,1,1.0,6.0,38351,M,4554790.0,525415.0,38
201000008002,10,9,14,2100,3,1,2,1.0,3.0,38094,M,4549450.0,519103.0,38
201000008003,10,10,2,115,3,1,1,1.0,6.0,38555,M,4559680.0,505953.0,38
201000008004,10,10,4,1030,1,1,1,1.0,7.0,38399,M,4550430.0,511188.0,38
201000008005,10,12,8,1630,1,1,1,1.0,2.0,38399,M,4550300.0,514700.0,38
201000008006,10,12,17,1700,1,1,1,4.0,7.0,38144,M,4559700.0,509301.0,38
201000008007,10,12,28,1915,3,1,1,1.0,2.0,38144,M,4558650.0,506644.0,38
201000008008,10,4,2,2200,3,1,1,1.0,6.0,38557,M,4577500.0,507800.0,38
201000008009,10,4,16,2130,5,2,1,1.0,3.0,38557,M,4579900.0,513100.0,38
201000008010,10,5,11,1300,1,2,1,8.0,3.0,38097,M,4577200.0,519800.0,38
201000008011,10,7,10,200,3,2,1,1.0,6.0,38197,M,4575280.0,511752.0,38
201000008012,10,9,18,530,3,1,1,1.0,6.0,38557,M,4577780.0,507846.0,38
201000008013,10,2,18,1030,1,2,1,1.0,6.0,38344,M,4536130.0,480081.0,38
201000008014,10,3,13,315,3,1,1,8.0,6.0,38051,M,0.0,0.0,38
201000008015,10,3,15,730,1,1,2,1.0,3.0,38468,M,4536020.0,479419.0,38
201000008016,10,3,17,1815,1,2,1,1.0,3.0,38344,M,0.0,0.0,38
201000008017,10,4,3,915,1,1,1,1.0,6.0,38496,M,0.0,0.0,38
201000008018,10,4,28,1430,1,2,1,1.0,6.0,38344,M,4536530.0,480636.0,38
201000008019,10,4,29,1400,1,2,2,1.0,1.0,38556,M,4538230.0,484127.0,38
201000008020,10,6,10,1445,1,2,2,1.0,5.0,38344,M,4536470.0,480018.0,38
201000008021,10,7,1,1645,1,1,1,1.0,1.0,38072,M,0.0,0.0,38
201000008022,10,10,11,1015,1,2,1,1.0,6.0,38298,M,0.0,0.0,38
201000008023,10,11,5,1115,1,1,1,2.0,1.0,38003,M,4533100.0,486700.0,38
201000008024,10,11,10,1415,1,1,1,1.0,1.0,38468,M,4535900.0,475701.0,38
201000008025,10,11,19,1345,1,1,1,1.0,1.0,38072,M,4532000.0,481601.0,38
201000008026,10,11,20,1815,3,1,1,2.0,3.0,38072,M,4533500.0,484700.0,38
201000008027,10,11,24,1715,2,1,1,1.0,5.0,38051,M,4532200.0,492000.0,38
201000008028,10,12,14,1730,1,1,1,1.0,2.0,38468,M,4534900.0,481700.0,38
201000008029,10,3,8,845,1,1,1,1.0,1.0,38449,M,4564600.0,512801.0,38
201000008030,10,5,1,1715,1,2,1,2.0,3.0,38537,M,4564500.0,513901.0,38
201000008031,10,5,5,645,2,1,6,2.0,3.0,38449,M,0.0,0.0,38
201000008032,10,5,24,1830,2,2,1,1.0,6.0,38449,M,4563800.0,511201.0,38
201000008033,10,8,6,1730,1,1,1,1.0,7.0,38449,M,0.0,0.0,38
201000008034,10,8,6,645,1,1,1,1.0,1.0,38475,M,4567320.0,508713.0,38
201000008035,10,8,19,30,5,2,1,1.0,7.0,38475,M,0.0,0.0,38
201000008036,10,8,31,1815,1,1,1,1.0,1.0,38475,M,4569400.0,513600.0,38
201000008037,10,9,1,1700,1,2,9,1.0,2.0,38449,M,0.0,0.0,38
201000008038,10,11,22,1345,1,1,1,1.0,2.0,38449,M,4564200.0,509700.0,38
201000008039,10,11,24,545,3,1,1,1.0,6.0,38475,M,4571000.0,515301.0,38
201000008040,10,2,20,1430,1,1,1,1.0,3.0,42023,M,4529357.0,459298.0,42
201000008041,10,4,11,1445,1,1,1,1.0,3.0,42224,M,4535520.0,446644.0,42
201000008042,10,5,4,630,2,1,1,2.0,3.0,42023,M,4529217.0,460302.0,42
201000008043,10,5,24,1045,1,1,1,7.0,1.0,42326,M,4537613.0,459949.0,42
201000008044,10,8,15,2015,1,1,1,8.0,5.0,42023,M,4529073.0,459552.0,42
201000008045,10,8,29,2015,1,1,1,1.0,5.0,42329,M,4532031.0,452278.0,42
201000008046,10,9,3,1745,1,1,9,1.0,1.0,42023,M,4529361.0,459240.0,42
201000008047,10,9,23,1500,1,2,1,1.0,6.0,42023,M,4528575.0,454241.0,42
201000008048,10,10,4,1545,1,1,1,2.0,1.0,42023,M,4529163.0,459275.0,42
201000008049,10,11,16,915,1,1,1,8.0,1.0,42023,M,4528973.0,459762.0,42
201000008050,10,11,18,800,1,1,1,8.0,1.0,42246,M,4532468.0,463033.0,42
201000008051,10,5,24,2330,3,1,6,1.0,6.0,42097,M,4552217.0,429441.0,42
201000008052,10,5,25,915,1,2,1,1.0,1.0,42097,M,4549519.0,431990.0,42
201000008053,10,12,24,1545,1,1,1,4.0,3.0,42092,M,4549886.0,438466.0,42
201000008054,10,1,26,1845,3,1,1,1.0,1.0,42269,M,4569324.0,409933.0,42
201000008055,10,7,5,1345,1,1,1,1.0,1.0,42089,M,4562611.0,401370.0,42
201000008056,10,7,18,1915,1,1,1,1.0,1.0,42328,M,4555030.0,396870.0,42
201000008057,10,7,29,1830,1,1,1,1.0,3.0,42037,M,4566594.0,407399.0,42
201000008058,10,8,30,1115,1,1,1,1.0,1.0,42180,M,4559006.0,414534.0,42
201000008059,10,2,7,100,3,1,1,2.0,1.0,42005,M,4552679.0,430200.0,42
201000008060,10,3,4,1000,1,1,1,2.0,1.0,42304,M,4552919.0,430077.0,42
201000008061,10,7,9,1300,1,2,1,1.0,3.0,42022,M,4552567.0,421422.0,42
201000008062,10,7,19,1745,1,1,1,1.0,7.0,42075,M,4556489.0,422976.0,42
201000008063,10,12,18,600,5,2,1,4.0,6.0,42022,M,4552380.0,421980.0,42
201000008064,10,12,17,845,1,1,1,4.0,3.0,42304,M,4553592.0,415012.0,42
201000008065,10,1,20,930,1,1,1,4.0,7.0,42039,M,4571505.0,406379.0,42
201000008066,10,2,17,1245,1,1,1,1.0,1.0,42134,M,4568213.0,403681.0,42
201000008067,10,2,27,1545,1,1,2,6.0,3.0,42134,M,4569628.0,403691.0,42
201000008068,10,5,18,930,1,1,1,1.0,5.0,42030,M,4580441.0,403957.0,42
201000008069,10,5,29,2215,5,2,1,1.0,2.0,42150,M,4571510.0,406364.0,42
201000008070,10,7,15,1930,1,1,1,1.0,1.0,42197,M,4573300.0,405464.0,42
201000008071,10,8,9,1130,1,1,1,1.0,1.0,42035,M,4580320.0,397293.0,42
201000008072,10,8,11,1615,1,1,1,1.0,3.0,42034,M,0.0,0.0,42
201000008073,10,9,1,1115,1,1,1,1.0,1.0,42197,M,4573288.0,405415.0,42
201000008074,10,9,25,1100,1,2,1,1.0,7.0,42035,M,4580256.0,396335.0,42
201000008075,10,10,2,1015,1,1,1,1.0,7.0,42030,M,4580851.0,405599.0,42
201000008076,10,10,2,2100,1,1,1,1.0,7.0,42164,M,4573615.0,392426.0,42
201000008077,10,10,9,915,1,1,1,1.0,3.0,42136,M,4571500.0,401300.0,42
201000008078,10,11,2,1830,3,1,1,1.0,6.0,42288,M,4576233.0,395451.0,42
201000008079,10,11,18,1330,1,1,1,1.0,3.0,42288,M,4575281.0,398635.0,42
201000008080,10,12,3,1830,5,2,1,4.0,6.0,42019,M,4574460.0,400603.0,42
201000008081,10,12,8,2130,5,2,1,2.0,1.0,42019,M,4575190.0,400978.0,42
201000008082,10,1,17,2015,5,2,1,9.0,3.0,42165,M,4578933.0,433967.0,42
201000008083,10,2,2,1215,1,2,1,7.0,6.0,42155,M,4583123.0,415039.0,42
201000008084,10,1,27,1845,5,2,1,1.0,6.0,42094,M,4573627.0,422509.0,42
201000008085,10,3,19,1530,1,1,1,1.0,3.0,42165,M,4578327.0,431575.0,42
201000008086,10,3,13,1845,2,1,1,1.0,7.0,42319,M,4571310.0,424320.0,42
201000008087,10,5,23,1815,1,2,3,1.0,1.0,42193,M,4579450.0,427405.0,42
201000008088,10,5,25,1200,1,1,1,1.0,6.0,42251,M,4570770.0,422690.0,42
201000008089,10,6,8,1315,1,1,3,1.0,1.0,42165,M,4579904.0,434017.0,42
201000008090,10,8,12,730,1,1,1,7.0,5.0,42066,M,4573791.0,417898.0,42
201000008091,10,10,25,2145,3,1,1,6.0,1.0,42155,M,4535800.0,429000.0,42
201000008092,10,11,14,1600,2,2,1,1.0,2.0,42165,M,4532000.0,457500.0,42
201000008093,10,12,7,1800,3,1,1,1.0,5.0,42251,M,4569326.0,422788.0,42
201000008094,10,4,15,1800,1,1,1,2.0,2.0,42301,M,4551986.0,406341.0,42
201000008095,10,6,2,1745,1,1,1,1.0,7.0,42301,M,4551154.0,405109.0,42
201000008096,10,6,15,1245,1,1,1,2.0,1.0,42262,M,4540834.0,420042.0,42
201000008097,10,8,9,1945,1,1,1,1.0,3.0,42006,M,4538851.0,400947.0,42
201000008098,10,8,15,2030,3,1,1,1.0,7.0,42228,M,4555570.0,409541.0,42
201000008099,10,8,22,1800,1,1,1,1.0,3.0,42107,M,4552982.0,399948.0,42
201000008100,10,10,8,715,2,1,1,1.0,7.0,42107,M,4553286.0,399492.0,42
201000008101,10,11,4,600,2,1,1,1.0,3.0,42021,M,4550161.0,414236.0,42
201000008102,10,11,7,1800,3,2,1,2.0,6.0,42142,M,4538033.0,402398.0,42
201000008103,10,1,22,2145,5,2,1,1.0,1.0,42222,M,4558736.0,431474.0,42
201000008104,10,1,24,130,3,1,1,1.0,7.0,42222,M,4559211.0,417579.0,42
201000008105,10,2,9,345,3,1,1,4.0,6.0,42135,M,4566415.0,422982.0,42
201000008106,10,3,21,1115,1,1,1,1.0,7.0,42216,M,4561563.0,442954.0,42
201000008107,10,4,16,1630,1,1,1,1.0,5.0,42222,M,4565373.0,425840.0,42
201000008108,10,4,24,1300,1,1,1,1.0,1.0,42010,M,4557435.0,435870.0,42
201000008109,10,4,26,715,1,1,1,1.0,6.0,42013,M,4565149.0,431375.0,42
201000008110,10,4,27,1530,1,2,1,1.0,1.0,42200,M,4565262.0,425739.0,42
201000008111,10,5,18,1030,1,1,1,1.0,6.0,42081,M,0.0,0.0,42
201000008112,10,5,30,800,1,1,1,1.0,7.0,42135,M,4566706.0,423496.0,42
201000008113,10,5,29,1900,1,2,1,1.0,3.0,42323,M,4556177.0,428158.0,42
201000008114,10,6,15,1815,1,2,1,2.0,1.0,42323,M,4555128.0,429785.0,42
201000008115,10,7,8,945,1,1,1,1.0,2.0,42149,M,4564235.0,422334.0,42
201000008116,10,7,13,15,3,1,1,8.0,7.0,42081,M,4558946.0,426826.0,42
201000008117,10,7,16,1745,1,2,1,1.0,3.0,42059,M,4563696.0,439175.0,42
201000008118,10,7,22,1015,1,2,6,1.0,1.0,42323,M,4556146.0,428822.0,42
201000008119,10,8,28,2345,5,1,1,1.0,1.0,42013,M,4564648.0,429140.0,42
201000008120,10,9,15,1100,1,1,1,1.0,3.0,42108,M,4559332.0,419744.0,42
201000008121,10,9,17,1730,1,1,1,1.0,1.0,42222,M,4559620.0,432027.0,42
201000008122,10,9,20,1215,1,2,1,1.0,6.0,42323,M,4556703.0,429414.0,42
201000008123,10,9,22,1815,1,1,1,1.0,5.0,42222,M,4561920.0,430700.0,42
201000008124,10,10,6,1600,1,2,1,1.0,6.0,42323,M,4556582.0,429317.0,42
201000008125,10,10,9,2145,3,1,9,1.0,5.0,42264,M,4558180.0,436990.0,42
201000008126,10,10,26,2000,3,1,1,1.0,1.0,42264,M,4558710.0,437422.0,42
201000008127,10,11,21,445,5,1,1,8.0,6.0,42200,M,4564623.0,428027.0,42
201000008128,10,12,8,1030,1,2,1,9.0,6.0,42222,M,4559027.0,431057.0,42
201000008129,10,12,12,1845,1,2,1,1.0,2.0,42323,M,4556170.0,428272.0,42
201000008130,10,2,14,1345,1,1,1,1.0,6.0,42168,M,4541602.0,470700.0,42
201000008131,10,3,19,1645,1,1,1,1.0,1.0,42168,M,4540221.0,468523.0,42
201000008132,10,3,31,1415,1,2,1,1.0,6.0,42168,M,4542069.0,467435.0,42
201000008133,10,5,13,1330,1,1,1,3.0,7.0,42132,M,4538500.0,472400.0,42
201000008134,10,7,2,715,1,2,9,1.0,1.0,42327,M,4546280.0,474550.0,42
201000008135,10,7,6,1515,1,2,9,1.0,3.0,42129,M,4536366.0,468747.0,42
201000008136,10,7,25,1900,1,1,2,1.0,3.0,42168,M,4540727.0,470208.0,42
201000008137,10,8,3,1300,1,1,1,1.0,7.0,42132,M,4538358.0,471109.0,42
201000008138,10,9,4,1415,1,1,1,1.0,4.0,42201,M,4533660.0,464741.0,42
201000008139,10,9,15,1245,1,2,1,1.0,6.0,42168,M,4541688.0,468462.0,42
201000008140,10,9,18,1330,1,1,1,1.0,7.0,42132,M,4537927.0,471635.0,42
201000008141,10,10,3,1715,1,1,1,1.0,7.0,42132,M,4538162.0,472489.0,42
201000008142,10,10,22,2115,5,2,1,1.0,6.0,42056,M,4543263.0,474342.0,42
201000008143,10,10,24,1515,1,2,1,2.0,1.0,42056,M,4541656.0,473660.0,42
201000008144,10,11,10,1430,1,1,1,2.0,6.0,42064,M,4545055.0,468286.0,42
201000008145,10,11,13,1430,1,2,1,1.0,3.0,42168,M,4541773.0,467870.0,42
201000008146,10,1,23,1045,1,1,2,1.0,3.0,42294,M,4601790.0,410066.0,42
201000008147,10,2,24,1000,1,1,1,1.0,3.0,42069,M,4598846.0,406062.0,42
201000008148,10,4,3,1730,1,1,1,2.0,1.0,42162,M,4601510.0,396040.0,42
201000008149,10,4,11,330,3,1,1,1.0,7.0,42166,M,4599500.0,410500.0,42
201000008150,10,4,21,930,1,2,1,1.0,3.0,42332,M,4601744.0,404112.0,42
201000008151,10,7,3,1730,1,2,6,1.0,6.0,42332,M,4600177.0,404100.0,42
201000008152,10,7,20,1200,1,1,1,1.0,3.0,42338,M,4607228.0,409650.0,42
201000008153,10,8,11,1700,1,2,1,1.0,1.0,42332,M,4601400.0,403200.0,42
201000008154,10,10,2,1315,1,1,1,7.0,1.0,42074,M,4606128.0,422062.0,42
201000008155,10,10,3,1145,1,2,1,1.0,6.0,42332,M,4601887.0,405417.0,42
201000008156,10,10,7,1600,1,2,1,1.0,6.0,42332,M,4602009.0,404741.0,42
201000008157,10,11,2,2315,3,1,1,2.0,6.0,42161,M,4601136.0,410679.0,42
201000008158,10,11,5,2315,3,2,1,1.0,6.0,42338,M,4609915.0,411700.0,42
201000008159,10,2,4,100,5,2,1,9.0,6.0,42029,M,4584036.0,426775.0,42
201000008160,10,3,22,1430,1,1,1,1.0,3.0,42029,M,4584402.0,426421.0,42
201000008161,10,3,31,1700,1,1,1,1.0,7.0,42249,M,4589380.0,425410.0,42
201000008162,10,4,24,1700,1,2,1,1.0,3.0,42011,M,4581905.0,417755.0,42
201000008163,10,5,26,630,1,1,1,1.0,1.0,42254,M,4584711.0,417042.0,42
201000008164,10,5,26,1200,1,1,1,1.0,5.0,42254,M,4586350.0,417489.0,42
201000008165,10,5,28,1630,1,2,6,1.0,7.0,42334,M,4585075.0,435379.0,42
201000008166,10,6,4,800,1,1,1,1.0,1.0,42325,M,4595057.0,412995.0,42
201000008167,10,6,11,1845,1,1,1,3.0,3.0,42029,M,4584080.0,429074.0,42
201000008168,10,7,15,1545,1,2,1,1.0,1.0,42011,M,4581850.0,418424.0,42
201000008169,10,7,29,1500,1,1,1,1.0,1.0,42156,M,4589546.0,418947.0,42
201000008170,10,2,3,1815,3,2,1,1.0,3.0,42131,M,4618257.0,423825.0,42
201000008171,10,3,25,1745,1,1,1,1.0,1.0,42333,M,4613038.0,423531.0,42
201000008172,10,4,7,1500,1,2,1,1.0,1.0,42215,M,4617600.0,421000.0,42
201000008173,10,6,6,1600,1,1,1,8.0,1.0,42014,M,4617680.0,438658.0,42
201000008174,10,8,27,1715,1,2,1,1.0,3.0,42141,M,4615600.0,424900.0,42
201000008175,10,10,7,1745,1,2,1,1.0,6.0,42052,M,4615692.0,416896.0,42
201000008176,10,1,20,845,1,2,2,9.0,3.0,42253,M,4604418.0,399765.0,42
201000008177,10,2,5,1330,1,2,1,1.0,3.0,42004,M,4587872.0,403512.0,42
201000008178,10,2,20,1930,3,1,1,1.0,6.0,42260,M,4582852.0,392585.0,42
201000008179,10,5,5,715,1,2,6,3.0,1.0,42076,M,4582999.0,401555.0,42
201000008180,10,6,19,1745,1,1,1,8.0,7.0,42082,M,4589916.0,401300.0,42
201000008181,10,9,5,1500,1,1,1,1.0,2.0,42248,M,4593507.0,386613.0,42
201000008182,10,11,13,1930,3,1,1,1.0,6.0,42004,M,4588097.0,403958.0,42
201000008183,10,11,30,1730,2,2,1,4.0,6.0,42314,M,4594318.0,380298.0,42
201000008184,10,2,21,30,3,1,1,2.0,6.0,73160,M,4554900.0,589800.0,73
201000008185,10,8,1,2215,3,1,1,1.0,1.0,73228,M,4554700.0,588100.0,73
201000008186,10,9,5,1725,1,2,1,1.0,7.0,73098,M,,,73
201000008187,10,9,26,1745,1,1,1,8.0,3.0,73228,M,4553700.0,586500.0,73
201000008188,10,10,10,30,3,1,1,1.0,6.0,73160,M,4554700.0,590600.0,73
201000008189,10,3,27,2015,2,1,1,2.0,1.0,73182,M,4569200.0,594600.0,73
201000008190,10,3,28,115,3,1,1,2.0,6.0,73059,M,4573500.0,589000.0,73
201000008191,10,4,2,630,1,2,1,1.0,3.0,73328,M,4565500.0,590800.0,73
201000008192,10,4,17,300,3,1,1,1.0,1.0,73059,M,4577800.0,586800.0,73
201000008193,10,6,1,2230,4,1,1,1.0,6.0,73043,M,0.0,0.0,73
201000008194,10,7,11,945,1,1,1,1.0,6.0,73059,M,4574700.0,589000.0,73
201000008195,10,8,1,1700,1,1,6,1.0,1.0,73329,M,0.0,0.0,73
201000008196,10,8,7,1800,1,2,1,1.0,3.0,73128,M,4572700.0,592800.0,73
201000008197,10,8,7,2030,1,1,1,1.0,7.0,73328,M,4565700.0,589400.0,73
201000008198,10,8,30,1330,1,1,1,1.0,5.0,73010,M,4579900.0,597200.0,73
201000008199,10,10,1,2030,5,1,1,1.0,3.0,73329,M,0.0,0.0,73
201000008200,10,11,26,1830,5,2,1,8.0,6.0,73010,M,0.0,0.0,73
201000008201,10,12,8,1430,1,1,1,1.0,1.0,73288,M,4564000.0,591300.0,73
201000008202,10,12,22,1730,5,1,1,1.0,6.0,73329,M,4563500.0,589200.0,73
201000008203,10,1,18,1030,1,1,9,1.0,3.0,73064,M,4556200.0,597500.0,73
201000008204,10,3,16,1915,2,1,1,1.0,6.0,73030,M,4557100.0,598000.0,73
201000008205,10,5,16,1215,1,2,1,1.0,2.0,73064,M,4555000.0,597700.0,73
201000008206,10,7,19,900,1,2,1,1.0,7.0,73249,M,4553300.0,599500.0,73
201000008207,10,10,17,600,5,2,1,1.0,6.0,73249,M,4552900.0,599100.0,73
201000008208,10,8,29,1415,1,1,1,1.0,3.0,73036,M,4572600.0,610300.0,73
201000008209,10,7,18,1200,1,1,3,1.0,3.0,73180,M,4591900.0,584000.0,73
201000008210,10,9,11,400,3,1,1,1.0,6.0,73085,M,4579000.0,586400.0,73
201000008211,10,4,15,1600,1,1,1,1.0,1.0,73171,M,4550500.0,606500.0,73
201000008212,10,6,29,1115,1,2,2,1.0,3.0,73084,M,,,73
201000008213,10,7,5,1430,1,1,1,1.0,1.0,73096,M,4552500.0,610400.0,73
201000008214,10,7,11,1145,1,1,1,1.0,6.0,73096,M,4552900.0,610800.0,73
201000008215,10,9,5,1225,1,1,1,1.0,7.0,73017,M,,,73
201000008216,10,11,3,630,3,1,3,5.0,3.0,73082,M,4549900.0,606100.0,73
201000008217,10,11,7,630,2,2,1,1.0,6.0,73270,M,4558000.0,618500.0,73
201000008218,10,12,17,1830,5,1,1,4.0,3.0,73084,M,4553000.0,599300.0,73
201000008219,10,4,10,1700,1,1,1,1.0,1.0,73330,M,4570800.0,574900.0,73