Num_Acc,an,mois,jour,hrmn,lum,agg,int,atm,col,com,gps,lat,long,dep
201000008220,10,5,20,1800,1,1,4,1.0,3.0,73330,M,4570700.0,578100.0,73
201000008221,10,6,27,1200,1,1,2,1.0,3.0,73051,M,4563200.0,587400.0,73
201000008222,10,7,1,830,1,1,1,1.0,1.0,73051,M,4565100.0,588400.0,73
201000008223,10,7,2,1030,1,1,1,1.0,2.0,73330,M,4572300.0,577700.0,73
201000008224,10,7,2,1745,1,1,1,1.0,1.0,73330,M,0.0,0.0,73
201000008225,10,7,10,1800,1,1,1,1.0,6.0,73179,M,4558700.0,583400.0,73
201000008226,10,7,16,1945,2,2,1,1.0,6.0,73179,M,4560100.0,587500.0,73
201000008227,10,7,23,1830,1,1,1,1.0,5.0,73245,M,0.0,0.0,73
201000008228,10,8,10,1800,1,2,1,1.0,1.0,73051,M,0.0,0.0,73
201000008229,10,9,4,1715,1,1,2,1.0,3.0,73330,M,0.0,0.0,73
201000008230,10,10,2,1230,1,1,1,1.0,2.0,73330,M,4570000.0,580500.0,73
201000008231,10,11,23,1800,3,1,1,8.0,3.0,73245,M,0.0,0.0,73
201000008232,10,1,6,1600,1,2,1,1.0,1.0,73236,M,,,73
201000008233,10,1,27,1800,2,1,3,1.0,3.0,73246,M,0.0,0.0,73
201000008234,10,3,23,1445,1,1,1,1.0,6.0,73282,M,4552400.0,585500.0,73
201000008235,10,4,11,1830,1,1,4,1.0,2.0,73229,M,4546000.0,578000.0,73
201000008236,10,4,26,1945,1,1,1,1.0,1.0,73204,M,0.0,0.0,73
201000008237,10,6,1,1700,1,2,7,1.0,6.0,73105,M,0.0,0.0,73
201000008238,10,6,16,1500,1,1,1,1.0,1.0,73282,M,,,73
201000008239,10,7,18,1200,1,1,1,1.0,1.0,73282,M,4550300.0,584200.0,73
201000008240,10,7,21,1000,1,1,1,1.0,7.0,73058,M,4553200.0,573100.0,73
201000008241,10,7,21,1840,1,2,1,1.0,3.0,73226,M,,,73
201000008242,10,7,27,1745,1,1,1,1.0,3.0,73233,M,,,73
201000008243,10,8,14,1915,2,1,1,3.0,3.0,73070,M,4564900.0,569600.0,73
201000008244,10,8,13,745,1,2,1,1.0,3.0,73070,M,4562500.0,566500.0,73
201000008245,10,9,5,1100,1,2,1,1.0,6.0,73229,M,4544600.0,578100.0,73
201000008246,10,12,20,1700,2,1,1,1.0,6.0,73100,M,4554700.0,568300.0,73
201000008247,10,2,25,1400,1,2,1,2.0,6.0,73079,M,,,73
201000008248,10,4,11,600,2,2,1,1.0,3.0,73021,M,4544200.0,612100.0,73
201000008249,10,4,19,1545,1,2,1,1.0,7.0,73215,M,4546900.0,612400.0,73
201000008250,10,4,22,1030,1,1,1,1.0,7.0,73095,M,4547600.0,617600.0,73
201000008251,10,6,10,2230,3,1,1,2.0,7.0,73075,M,4544100.0,604300.0,73
201000008252,10,6,27,1800,1,1,2,1.0,5.0,73089,M,4553200.0,614800.0,73
201000008253,10,7,6,1645,1,1,1,1.0,1.0,73068,M,4556600.0,619600.0,73
201000008254,10,9,12,1320,1,1,6,1.0,3.0,73053,M,,,73
201000008255,10,9,19,1315,1,2,6,1.0,3.0,73053,M,4566700.0,639000.0,73
201000008256,10,10,16,1845,2,1,1,2.0,6.0,73289,M,4547300.0,616600.0,73
201000008257,10,11,7,1500,1,1,1,1.0,3.0,73075,M,4544200.0,605500.0,73
201000008258,10,12,9,830,1,1,2,1.0,3.0,73089,M,4553400.0,611700.0,73
201000008259,10,2,27,1630,1,2,1,1.0,1.0,73129,M,0.0,0.0,73
201000008260,10,4,18,1715,1,1,1,1.0,7.0,73202,M,0.0,0.0,73
201000008261,10,4,30,1345,1,1,1,1.0,5.0,73063,M,4597200.0,659500.0,73
201000008262,10,5,26,1145,1,2,1,1.0,3.0,73162,M,,,73
201000008263,10,6,6,1100,1,1,1,1.0,7.0,73262,M,0.0,0.0,73
201000008264,10,6,27,1200,1,1,1,1.0,1.0,73114,M,0.0,0.0,73
201000008265,10,7,24,430,3,1,1,1.0,6.0,73202,M,4518200.0,659200.0,73
201000008266,10,8,10,1830,1,1,1,1.0,1.0,73114,M,0.0,0.0,73
201000008267,10,8,16,745,1,1,1,2.0,3.0,73124,M,0.0,0.0,73
201000008268,10,8,19,600,3,1,2,1.0,3.0,73129,M,4558400.0,626800.0,73
201000008269,10,9,6,1200,1,1,1,1.0,7.0,73303,M,,,73
201000008270,10,11,16,900,1,1,1,2.0,1.0,73048,M,4560300.0,632200.0,73
201000008271,10,11,19,815,1,1,1,1.0,3.0,73297,M,4564400.0,632200.0,73
201000008272,10,11,19,1730,2,1,2,7.0,3.0,73154,M,4567000.0,634500.0,73
201000008273,10,11,19,1945,5,2,1,1.0,7.0,73303,M,0.0,0.0,73
201000008274,10,12,14,745,2,2,1,1.0,6.0,73303,M,0.0,0.0,73
201000008275,10,3,2,200,3,1,1,2.0,7.0,73197,M,4554700.0,676300.0,73
201000008276,10,6,15,830,1,1,1,2.0,1.0,73006,M,0.0,0.0,73
201000008277,10,9,14,1745,1,1,1,1.0,1.0,73197,M,0.0,0.0,73
201000008278,10,12,16,1030,1,2,1,1.0,3.0,73006,M,0.0,0.0,73
201000008279,10,5,23,1500,1,1,1,7.0,1.0,73317,M,4573000.0,654400.0,73
201000008280,10,7,18,1215,1,1,1,1.0,7.0,73132,M,4574900.0,657500.0,73
201000008281,10,7,31,1445,1,1,1,1.0,2.0,73034,M,0.0,0.0,73
201000008282,10,10,7,1630,1,1,1,1.0,1.0,73211,M,4518300.0,673300.0,73
201000008283,10,2,8,1630,1,2,1,1.0,6.0,73054,M,,,73
201000008284,10,4,7,2045,3,2,1,1.0,1.0,73054,M,4562300.0,677200.0,73
201000008285,10,6,11,1700,1,2,1,1.0,3.0,73232,M,,,73
201000008286,10,7,3,1830,1,1,4,1.0,1.0,73176,M,4562600.0,684800.0,73
201000008287,10,7,9,1730,1,1,1,1.0,1.0,73054,M,4562500.0,680700.0,73
201000008288,10,7,15,1015,1,1,1,1.0,7.0,73054,M,4568100.0,680400.0,73
201000008289,10,7,25,1145,1,1,1,1.0,3.0,73285,M,4563300.0,682400.0,73
201000008290,10,7,27,1805,1,2,4,1.0,3.0,73232,M,,,73
201000008291,10,8,21,1830,1,1,1,1.0,2.0,73054,M,4558200.0,678100.0,73
201000008292,10,9,5,1240,1,2,1,1.0,3.0,73176,M,,,73
201000008293,10,12,6,1445,1,1,1,8.0,6.0,73176,M,4562900.0,683700.0,73
201000008294,10,12,29,1830,5,2,1,4.0,6.0,73176,M,4563000.0,685500.0,73
201000008295,10,2,4,2100,3,1,1,1.0,5.0,73057,M,,,73
201000008296,10,5,15,1745,1,1,1,2.0,6.0,73227,M,4572100.0,601900.0,73
201000008297,10,8,26,15,3,1,1,1.0,1.0,73071,M,4546600.0,674200.0,73
201000008298,10,8,26,1100,1,1,1,1.0,7.0,73227,M,4541400.0,666300.0,73
201000008299,10,10,2,2030,3,1,1,2.0,3.0,73227,M,4544700.0,662300.0,73
201000008300,10,10,11,1010,1,1,1,1.0,6.0,73201,M,,,73
201000008301,10,12,13,1800,3,1,1,1.0,2.0,73201,M,0.0,0.0,73
201000008302,10,1,17,815,1,2,1,1.0,7.0,73227,M,,,73
201000008303,10,2,27,930,1,2,1,1.0,6.0,73227,M,0.0,0.0,73
201000008304,10,3,14,700,1,1,1,1.0,1.0,73227,M,4568000.0,607600.0,73
201000008305,10,3,26,815,1,1,1,1.0,1.0,73227,M,4568000.0,607700.0,73
201000008306,10,3,31,100,3,1,1,8.0,7.0,73227,M,4540600.0,663900.0,73
201000008307,10,9,10,1630,1,2,1,1.0,1.0,73284,M,4547400.0,652400.0,73
201000008308,10,9,19,2230,3,1,1,1.0,7.0,73187,M,4588600.0,681500.0,73
201000008309,10,10,31,1745,2,1,1,2.0,6.0,73112,M,0.0,0.0,73
201000008310,10,11,7,2020,1,1,1,8.0,5.0,73187,M,0.0,0.0,73
201000008311,10,12,28,1515,1,2,7,1.0,6.0,73181,M,4547000.0,652300.0,73
201000008312,10,3,6,1130,1,2,6,1.0,6.0,73248,M,4528200.0,634700.0,73
201000008313,10,3,25,545,2,1,1,1.0,1.0,73194,M,4521400.0,651600.0,73
201000008314,10,4,28,1730,1,1,1,1.0,3.0,73248,M,4528800.0,635000.0,73
201000008315,10,8,14,1345,1,1,1,2.0,1.0,73080,M,4532500.0,634900.0,73
201000008316,10,9,12,830,1,1,2,1.0,1.0,73177,M,0.0,0.0,73
201000008317,10,10,1,1600,1,1,4,1.0,4.0,73248,M,4526700.0,637400.0,73
201000008318,10,10,30,1400,1,2,1,1.0,6.0,73248,M,4527400.0,636300.0,73
201000008319,10,10,28,1600,1,2,1,1.0,6.0,73248,M,,,73
201000008320,10,12,26,1315,1,2,6,2.0,2.0,73261,M,4522600.0,645700.0,73
201000008321,10,3,1,1015,1,1,1,1.0,3.0,73074,M,4543700.0,628200.0,73
201000008322,10,6,7,715,1,2,1,1.0,7.0,73002,M,0.0,0.0,73
201000008323,10,8,7,645,1,1,1,1.0,6.0,73002,M,0.0,0.0,73
201000008324,10,9,12,400,3,1,1,1.0,7.0,73002,M,4554100.0,630900.0,73
201000008325,10,12,23,1745,5,2,1,9.0,6.0,73109,M,4545000.0,629000.0,73
201000008326,10,6,2,1015,1,2,1,1.0,1.0,73056,M,4522600.0,677300.0,73
201000008327,10,6,2,1530,1,2,1,1.0,1.0,73144,M,0.0,0.0,73
201000008328,10,6,28,1430,1,1,1,1.0,6.0,73040,M,0.0,0.0,73
201000008329,10,6,28,1600,1,1,3,1.0,3.0,73290,M,,,73
201000008330,10,7,10,1130,1,2,1,1.0,2.0,73290,M,4528100.0,681500.0,73
201000008331,10,8,21,1600,1,1,1,1.0,1.0,73143,M,4522200.0,695600.0,73
201000008332,10,7,14,1515,1,1,1,1.0,7.0,73026,M,4521600.0,674700.0,73
201000008333,10,7,27,1730,1,1,1,7.0,3.0,73290,M,0.0,0.0,73
201000008334,10,1,14,745,2,2,1,1.0,6.0,74242,M,0.0,0.0,74
201000008335,10,1,7,930,1,1,1,8.0,1.0,74080,M,0.0,0.0,74
201000008336,10,3,4,1400,1,2,1,1.0,2.0,74267,M,0.0,0.0,74
201000008337,10,3,19,945,1,2,1,1.0,3.0,74123,M,0.0,0.0,74
201000008338,10,4,23,2015,2,2,1,1.0,3.0,74123,M,0.0,0.0,74
201000008339,10,4,24,1900,1,1,1,1.0,1.0,74234,M,0.0,0.0,74
201000008340,10,5,20,1400,1,1,1,1.0,1.0,74267,M,0.0,0.0,74
201000008341,10,5,29,2015,2,2,6,1.0,6.0,74234,M,0.0,0.0,74
201000008342,10,6,13,1630,1,1,1,1.0,1.0,74275,M,0.0,0.0,74
201000008343,10,6,27,1745,1,2,1,1.0,2.0,74108,M,0.0,0.0,74
201000008344,10,6,29,1345,1,1,9,1.0,3.0,74167,M,0.0,0.0,74
201000008345,10,7,8,900,1,1,2,1.0,3.0,74242,M,0.0,0.0,74
201000008346,10,7,11,1700,1,1,1,1.0,4.0,74275,M,0.0,0.0,74
201000008347,10,7,24,1115,1,1,1,1.0,3.0,74242,M,0.0,0.0,74
201000008348,10,8,1,245,3,1,1,1.0,2.0,74104,M,0.0,0.0,74
201000008349,10,8,2,2130,5,1,3,1.0,1.0,74104,M,0.0,0.0,74
201000008350,10,8,4,1645,1,1,1,1.0,6.0,74275,M,0.0,0.0,74
201000008351,10,8,25,1115,1,2,1,1.0,6.0,74123,M,0.0,0.0,74
201000008352,10,8,31,1545,1,1,1,1.0,3.0,74167,M,0.0,0.0,74
201000008353,10,9,20,1615,1,1,1,1.0,3.0,74234,M,0.0,0.0,74
201000008354,10,11,13,1400,1,1,1,1.0,7.0,74108,M,0.0,0.0,74
201000008355,10,11,13,830,1,1,1,1.0,1.0,74108,M,0.0,0.0,74
201000008356,10,12,10,1445,1,1,1,1.0,1.0,74108,M,0.0,0.0,74
201000008357,10,1,28,815,2,2,1,9.0,6.0,74225,M,0.0,0.0,74
201000008358,10,1,28,845,1,1,1,9.0,4.0,74035,M,0.0,0.0,74
201000008359,10,1,28,1315,1,2,1,4.0,1.0,74225,M,0.0,0.0,74
201000008360,10,1,28,700,2,1,1,4.0,1.0,74035,M,0.0,0.0,74
201000008361,10,2,8,2215,3,1,1,2.0,1.0,74161,M,0.0,0.0,74
201000008362,10,2,16,1845,1,1,1,1.0,5.0,74233,M,0.0,0.0,74
201000008363,10,3,13,1615,1,1,1,1.0,6.0,74061,M,0.0,0.0,74
201000008364,10,3,16,1230,1,2,1,1.0,6.0,74225,M,0.0,0.0,74
201000008365,10,3,27,945,1,2,1,2.0,6.0,74225,M,0.0,0.0,74
201000008366,10,4,30,1515,1,1,1,9.0,7.0,74161,M,0.0,0.0,74
201000008367,10,6,4,1615,1,1,1,1.0,1.0,74002,M,0.0,0.0,74
201000008368,10,6,8,1945,1,1,1,1.0,6.0,74289,M,0.0,0.0,74
201000008369,10,8,16,1200,1,1,1,3.0,1.0,74289,M,0.0,0.0,74
201000008370,10,9,13,1015,1,1,3,1.0,2.0,74225,M,0.0,0.0,74
201000008371,10,9,21,1145,1,2,1,1.0,2.0,74225,M,0.0,0.0,74
201000008372,10,11,6,1530,1,1,1,1.0,1.0,74225,M,0.0,0.0,74
201000008373,10,1,1,1810,3,2,1,4.0,6.0,74080,M,0.0,0.0,74
201000008374,10,1,11,1800,5,2,1,1.0,2.0,74080,M,0.0,0.0,74
201000008375,10,1,11,1830,5,2,1,9.0,6.0,74080,M,0.0,0.0,74
201000008376,10,1,17,915,1,2,1,4.0,6.0,74136,M,0.0,0.0,74
201000008377,10,1,21,1130,1,1,1,4.0,4.0,74280,M,0.0,0.0,74
201000008378,10,2,2,1830,1,1,1,1.0,6.0,74136,M,0.0,0.0,74
201000008379,10,2,8,2215,5,2,1,9.0,6.0,74302,M,0.0,0.0,74
201000008380,10,2,13,1900,5,2,1,1.0,6.0,74280,M,0.0,0.0,74
201000008381,10,2,24,830,1,1,1,2.0,3.0,74302,M,0.0,0.0,74
201000008382,10,3,15,1015,1,1,1,1.0,4.0,74280,M,0.0,0.0,74
201000008383,10,3,28,500,3,1,1,2.0,7.0,74302,M,0.0,0.0,74
201000008384,10,4,10,1815,1,2,1,1.0,3.0,74136,M,0.0,0.0,74
201000008385,10,4,25,1415,1,1,1,1.0,7.0,74045,M,0.0,0.0,74
201000008386,10,4,30,1900,1,2,1,1.0,3.0,74280,M,0.0,0.0,74
201000008387,10,5,22,2015,1,1,1,1.0,3.0,74079,M,0.0,0.0,74
201000008388,10,6,13,1400,1,2,1,1.0,1.0,74102,M,0.0,0.0,74
201000008389,10,7,14,1645,1,1,1,1.0,7.0,74239,M,0.0,0.0,74
201000008390,10,7,16,2045,1,1,1,1.0,7.0,74265,M,0.0,0.0,74
201000008391,10,7,27,1530,1,1,6,1.0,3.0,74003,M,0.0,0.0,74
201000008392,10,7,31,2100,1,1,1,1.0,1.0,74265,M,0.0,0.0,74
201000008393,10,8,15,945,1,1,1,8.0,1.0,74239,M,0.0,0.0,74
201000008394,10,9,5,715,1,1,1,1.0,6.0,74280,M,0.0,0.0,74
201000008395,10,10,18,1945,3,1,1,1.0,1.0,74080,M,0.0,0.0,74
201000008396,10,10,31,345,5,2,6,1.0,6.0,74239,M,0.0,0.0,74
201000008397,10,1,29,1330,1,2,1,1.0,3.0,74042,M,4607700.0,639600.0,74
201000008398,10,3,14,515,3,1,1,1.0,6.0,74212,M,4601500.0,639600.0,74
201000008399,10,3,19,1015,1,2,8,1.0,3.0,74024,M,4608300.0,642100.0,74
201000008400,10,3,30,1300,1,2,1,2.0,2.0,74042,M,4608500.0,640500.0,74
201000008401,10,4,24,2000,1,2,1,1.0,1.0,74042,M,0.0,0.0,74
201000008402,10,4,29,930,1,2,1,1.0,6.0,74042,M,4608500.0,640500.0,74
201000008403,10,6,10,330,5,2,1,1.0,6.0,74087,M,0.0,0.0,74
201000008404,10,7,10,215,5,1,1,1.0,6.0,74024,M,0.0,0.0,74
201000008405,10,8,18,1800,1,1,3,7.0,3.0,74042,M,4607200.0,644200.0,74
201000008406,10,9,4,1130,1,1,3,1.0,6.0,74042,M,0.0,0.0,74
201000008407,10,9,24,1915,1,1,2,8.0,3.0,74042,M,4607400.0,643000.0,74
201000008408,10,11,9,930,1,2,1,1.0,1.0,74042,M,4608300.0,640900.0,74
201000008409,10,12,8,700,2,2,1,9.0,6.0,74042,M,4607700.0,639300.0,74
201000008410,10,6,1,2215,3,1,1,1.0,7.0,74290,M,4603700.0,693200.0,74
201000008411,10,7,10,1115,1,1,1,1.0,6.0,74056,M,0.0,0.0,74
201000008412,10,8,10,1815,1,1,3,1.0,3.0,74056,M,0.0,0.0,74
201000008413,10,11,20,145,5,2,1,1.0,1.0,74056,M,4592200.0,686200.0,74
201000008414,10,12,3,815,1,1,1,1.0,3.0,74056,M,0.0,0.0,74
201000008415,10,1,4,1730,3,1,1,8.0,6.0,74159,M,0.0,0.0,74
201000008416,10,1,19,1945,3,1,1,1.0,6.0,74264,M,0.0,0.0,74
201000008417,10,1,21,1530,1,2,1,1.0,6.0,74081,M,0.0,0.0,74
201000008418,10,1,25,1230,1,1,1,5.0,1.0,74196,M,0.0,0.0,74
201000008419,10,3,10,800,1,2,1,1.0,1.0,74081,M,0.0,0.0,74
201000008420,10,3,26,1115,1,2,2,2.0,1.0,74081,M,0.0,0.0,74
201000008421,10,4,2,345,5,1,1,1.0,6.0,74169,M,0.0,0.0,74
201000008422,10,4,11,400,3,1,1,1.0,6.0,74014,M,0.0,0.0,74
201000008423,10,4,11,1130,1,1,1,1.0,6.0,74169,M,0.0,0.0,74
201000008424,10,4,19,1545,1,1,6,1.0,6.0,74264,M,0.0,0.0,74
201000008425,10,4,20,1100,1,2,6,1.0,6.0,74081,M,0.0,0.0,74
201000008426,10,4,28,1330,1,2,1,7.0,6.0,74081,M,4606300.0,658300.0,74
201000008427,10,5,6,2015,1,1,1,1.0,7.0,74196,M,4605600.0,657300.0,74
201000008428,10,5,11,745,1,1,3,1.0,3.0,74159,M,4599200.0,663300.0,74
201000008429,10,6,12,600,2,2,6,1.0,6.0,74264,M,0.0,0.0,74
201000008430,10,8,7,1630,1,1,1,1.0,1.0,74014,M,0.0,0.0,74
201000008431,10,8,21,1930,1,2,1,1.0,6.0,74169,M,0.0,0.0,74
201000008432,10,8,23,2015,1,2,1,1.0,1.0,74081,M,0.0,0.0,74
201000008433,10,8,24,2300,5,2,1,1.0,6.0,74081,M,0.0,0.0,74
201000008434,10,9,9,245,3,1,1,1.0,6.0,74159,M,0.0,0.0,74
201000008435,10,9,10,2030,5,1,2,1.0,3.0,74064,M,0.0,0.0,74
201000008436,10,10,3,1030,1,2,1,1.0,6.0,74081,M,0.0,0.0,74
201000008437,10,10,31,1815,2,1,9,1.0,5.0,74064,M,0.0,0.0,74
201000008438,10,2,5,1315,1,1,1,4.0,1.0,74099,M,0.0,0.0,74
201000008439,10,2,10,1600,1,1,1,4.0,5.0,74083,M,0.0,0.0,74
201000008440,10,3,17,400,1,1,1,1.0,6.0,74173,M,0.0,0.0,74
201000008441,10,4,23,1345,1,2,6,1.0,2.0,74236,M,0.0,0.0,74
201000008442,10,4,30,1515,1,1,1,1.0,5.0,74083,M,0.0,0.0,74
201000008443,10,5,20,1445,1,1,1,1.0,1.0,74236,M,4589600.0,668900.0,74
201000008444,10,6,2,1315,1,1,1,1.0,5.0,74173,M,4585400.0,659800.0,74
201000008445,10,6,13,1800,1,1,1,1.0,3.0,74173,M,0.0,0.0,74
201000008446,10,7,17,1200,1,2,1,1.0,7.0,74085,M,4583200.0,673100.0,74
201000008447,10,8,13,1845,1,2,1,1.0,1.0,74215,M,0.0,0.0,74
201000008448,10,8,22,1530,1,1,1,1.0,3.0,74236,M,4589800.0,669900.0,74
201000008449,10,9,19,800,1,2,1,3.0,2.0,74173,M,0.0,0.0,74
201000008450,10,9,30,900,1,1,1,1.0,3.0,74173,M,0.0,0.0,74
201000008451,10,11,19,1745,1,1,1,1.0,1.0,74236,M,4589800.0,669600.0,74
201000008452,10,11,20,315,5,2,1,1.0,6.0,74236,M,4589300.0,670900.0,74
201000008453,10,1,1,645,5,2,1,8.0,6.0,74224,M,0.0,0.0,74
201000008454,10,1,14,800,1,2,1,1.0,7.0,74224,M,0.0,0.0,74
201000008455,10,1,20,900,1,1,1,4.0,1.0,74250,M,0.0,0.0,74
201000008456,10,2,12,1730,1,1,1,1.0,1.0,74224,M,0.0,0.0,74
201000008457,10,2,19,745,1,2,1,1.0,1.0,74250,M,0.0,0.0,74
201000008458,10,3,19,1900,5,2,1,1.0,6.0,74224,M,0.0,0.0,74
201000008459,10,4,17,1630,1,1,1,1.0,1.0,74250,M,0.0,0.0,74
201000008460,10,4,29,1815,1,1,1,1.0,2.0,74018,M,0.0,0.0,74
201000008461,10,4,30,1330,1,2,1,1.0,2.0,74224,M,0.0,0.0,74
201000008462,10,5,27,2245,5,1,1,1.0,6.0,74007,M,0.0,0.0,74
201000008463,10,6,11,1030,1,2,1,1.0,3.0,74253,M,0.0,0.0,74
201000008464,10,7,4,1215,1,1,1,1.0,3.0,74250,M,0.0,0.0,74
201000008465,10,7,6,1015,1,1,1,1.0,5.0,74116,M,0.0,0.0,74
201000008466,10,7,6,1345,1,1,1,1.0,3.0,74116,M,0.0,0.0,74
201000008467,10,7,6,2130,2,1,1,1.0,1.0,74250,M,0.0,0.0,74
201000008468,10,7,30,1715,1,1,3,1.0,3.0,74116,M,0.0,0.0,74
201000008469,10,8,29,1800,1,1,1,1.0,5.0,74116,M,0.0,0.0,74
201000008470,10,10,3,1345,1,2,1,1.0,3.0,74224,M,0.0,0.0,74
201000008471,10,10,12,1700,1,2,1,1.0,6.0,74224,M,0.0,0.0,74
201000008472,10,10,25,2230,3,1,1,2.0,2.0,74250,M,0.0,0.0,74
201000008473,10,11,8,1800,5,1,3,3.0,3.0,74116,M,0.0,0.0,74
201000008474,10,2,8,1630,1,1,1,1.0,6.0,74208,M,4595400.0,673500.0,74
201000008475,10,2,18,1300,1,2,1,1.0,6.0,74208,M,4591200.0,670600.0,74
201000008476,10,3,16,2000,3,1,1,1.0,2.0,74208,M,4592800.0,666200.0,74
201000008477,10,4,14,930,1,2,1,1.0,6.0,74256,M,0.0,0.0,74
201000008478,10,5,20,1845,1,1,1,1.0,3.0,74256,M,0.0,0.0,74
201000008479,10,6,4,1645,1,2,1,1.0,1.0,74256,M,0.0,0.0,74
201000008480,10,6,18,930,3,1,1,1.0,1.0,74208,M,0.0,0.0,74
201000008481,10,6,19,1145,1,2,1,1.0,6.0,74208,M,0.0,0.0,74
201000008482,10,7,30,2000,1,2,3,1.0,1.0,74256,M,0.0,0.0,74
201000008483,10,11,6,1445,1,2,1,1.0,1.0,74256,M,0.0,0.0,74
201000008484,10,11,18,45,3,1,1,1.0,6.0,74256,M,0.0,0.0,74
201000008485,10,1,7,700,3,1,1,1.0,6.0,74258,M,4607000.0,674400.0,74
201000008486,10,3,18,2115,3,1,1,1.0,6.0,74183,M,4611600.0,655700.0,74
201000008487,10,3,27,2115,5,2,1,2.0,6.0,74276,M,4610700.0,662900.0,74
201000008488,10,6,9,1145,1,1,1,1.0,7.0,74276,M,4611600.0,655800.0,74
201000008489,10,6,26,1515,1,2,1,1.0,3.0,74183,M,4613800.0,652100.0,74
201000008490,10,7,12,1300,1,1,1,1.0,7.0,74258,M,4611200.0,669800.0,74
201000008491,10,7,14,930,1,1,3,1.0,3.0,74223,M,0.0,0.0,74
201000008492,10,7,21,1630,1,1,1,8.0,5.0,74134,M,4614800.0,664600.0,74
201000008493,10,8,20,545,3,1,1,1.0,1.0,74276,M,4612900.0,662200.0,74
201000008494,10,9,22,630,5,1,1,5.0,1.0,74276,M,4611400.0,660800.0,74
201000008495,10,1,4,1130,1,1,1,4.0,6.0,74201,M,4613300.0,609800.0,74
201000008496,10,1,11,800,1,2,1,4.0,6.0,74243,M,4614200.0,607900.0,74
201000008497,10,1,25,915,1,1,1,8.0,1.0,74082,M,4615300.0,614900.0,74
201000008498,10,2,9,1930,5,2,1,4.0,7.0,74243,M,0.0,0.0,74
201000008499,10,6,17,1830,1,2,1,2.0,2.0,74243,M,4614600.0,608400.0,74
201000008500,10,8,27,2145,5,1,2,1.0,3.0,74201,M,4612800.0,609300.0,74
201000008501,10,10,6,2230,5,2,1,1.0,1.0,74243,M,4614300.0,607500.0,74
201000008502,10,11,26,1615,1,1,1,8.0,1.0,74243,M,4614600.0,609900.0,74
201000008503,10,12,23,2230,5,2,1,2.0,6.0,74243,M,4614500.0,607300.0,74
201000008504,10,2,19,1730,1,2,1,1.0,6.0,74094,M,0.0,0.0,74
201000008505,10,2,25,2220,1,1,1,3.0,1.0,74128,M,4615700.0,634400.0,74
201000008506,10,3,1,1345,1,2,1,1.0,1.0,74220,M,4613900.0,626900.0,74
201000008507,10,4,5,2000,1,1,1,1.0,6.0,74197,M,4615400.0,632000.0,74
201000008508,10,4,6,2245,3,1,1,1.0,1.0,74128,M,0.0,0.0,74
201000008509,10,4,11,1800,1,1,1,1.0,1.0,74262,M,0.0,0.0,74
201000008510,10,4,13,2200,1,1,1,1.0,5.0,74197,M,0.0,0.0,74
201000008511,10,4,16,1715,3,1,1,1.0,6.0,74197,M,0.0,0.0,74
201000008512,10,4,24,1830,1,1,1,1.0,3.0,74094,M,4620800.0,628800.0,74
201000008513,10,5,2,300,5,2,1,2.0,6.0,74040,M,4617100.0,632300.0,74
201000008514,10,5,2,1415,1,1,1,2.0,1.0,74128,M,0.0,0.0,74
201000008515,10,5,5,1830,2,1,1,2.0,1.0,74220,M,0.0,0.0,74
201000008516,10,6,4,1030,1,1,1,1.0,7.0,74185,M,4616200.0,622300.0,74
201000008517,10,6,12,1515,1,2,1,1.0,2.0,74220,M,0.0,0.0,74
201000008518,10,7,22,1315,1,1,1,9.0,1.0,74128,M,0.0,0.0,74
201000008519,10,7,23,945,1,2,2,2.0,3.0,74262,M,0.0,0.0,74
201000008520,10,7,27,1815,1,1,3,1.0,3.0,74185,M,0.0,0.0,74
201000008521,10,8,1,1630,1,2,2,1.0,3.0,74040,M,0.0,0.0,74
201000008522,10,8,6,1415,1,1,1,1.0,2.0,74185,M,0.0,0.0,74
201000008523,10,8,13,1700,1,1,1,1.0,6.0,74211,M,4612200.0,626800.0,74
201000008524,10,8,20,2245,5,2,6,1.0,7.0,74094,M,0.0,0.0,74
201000008525,10,9,13,1800,1,1,6,1.0,7.0,74211,M,0.0,0.0,74
201000008526,10,9,25,1500,1,1,2,3.0,5.0,74158,M,0.0,0.0,74
201000008527,10,9,25,1715,2,1,1,2.0,1.0,74197,M,0.0,0.0,74
201000008528,10,11,10,1730,3,1,1,2.0,5.0,74197,M,0.0,0.0,74
201000008529,10,11,5,2145,5,2,3,1.0,3.0,74220,M,4613800.0,626900.0,74
201000008530,10,11,14,630,2,1,1,1.0,6.0,74128,M,0.0,0.0,74
201000008531,10,11,16,2030,3,1,1,1.0,6.0,74185,M,0.0,0.0,74
201000008532,10,11,22,1630,1,1,1,2.0,1.0,74128,M,0.0,0.0,74
201000008533,10,11,24,1415,1,1,1,1.0,7.0,74197,M,0.0,0.0,74
201000008534,10,11,23,1830,5,2,1,1.0,1.0,74229,M,0.0,0.0,74
201000008535,10,12,3,715,3,1,1,9.0,1.0,74128,M,0.0,0.0,74
201000008536,10,12,8,1815,1,1,3,1.0,1.0,74128,M,0.0,0.0,74
201000008537,10,12,15,1000,1,1,1,1.0,6.0,74211,M,0.0,0.0,74
201000008538,10,12,10,1830,5,2,1,1.0,6.0,74040,M,0.0,0.0,74
201000008539,10,1,4,1730,3,1,1,4.0,1.0,74309,M,0.0,0.0,74
201000008540,10,1,27,815,1,2,1,1.0,6.0,74096,M,0.0,0.0,74
201000008541,10,3,12,1045,1,1,1,1.0,3.0,74177,M,0.0,0.0,74
201000008542,10,3,23,1400,1,2,1,1.0,1.0,74309,M,0.0,0.0,74
201000008543,10,6,19,1930,1,1,1,2.0,1.0,74052,M,0.0,0.0,74
201000008544,10,7,8,1800,1,1,1,1.0,7.0,74309,M,0.0,0.0,74
201000008545,10,7,22,1815,1,1,1,3.0,3.0,74314,M,0.0,0.0,74