Num_Acc,an,mois,jour,hrmn,lum,agg,int,atm,col,com,gps,lat,long,dep
201000008546,10,8,30,2030,3,2,1,8.0,1.0,74309,M,0.0,0.0,74
201000008547,10,10,3,445,5,2,1,1.0,6.0,74009,M,4606000.0,607000.0,74
201000008548,10,10,5,1600,1,2,1,1.0,6.0,74288,M,0.0,0.0,74
201000008549,10,10,9,1815,1,1,1,1.0,3.0,74074,M,0.0,0.0,74
201000008550,10,10,23,2045,5,2,2,8.0,3.0,74006,M,4599600.0,612700.0,74
201000008551,10,11,9,1245,1,1,1,1.0,1.0,74309,M,0.0,0.0,74
201000008552,10,12,6,1700,3,1,1,3.0,7.0,74096,M,0.0,0.0,74
201000008553,10,2,26,1545,1,1,3,1.0,3.0,74109,M,0.0,0.0,74
201000008554,10,2,28,1900,3,1,1,8.0,6.0,74065,M,0.0,0.0,74
201000008555,10,5,24,1845,1,1,1,7.0,1.0,74269,M,0.0,0.0,74
201000008556,10,5,25,1315,1,1,1,7.0,1.0,74131,M,0.0,0.0,74
201000008557,10,6,23,1700,1,2,1,1.0,7.0,74269,M,0.0,0.0,74
201000008558,10,8,8,1745,1,1,1,1.0,1.0,74269,M,0.0,0.0,74
201000008559,10,9,25,900,1,1,1,1.0,7.0,74068,M,0.0,0.0,74
201000008560,10,10,5,745,1,1,1,1.0,1.0,74109,M,0.0,0.0,74
201000008561,10,10,27,2100,3,1,1,1.0,7.0,74178,M,0.0,0.0,74
201000008562,10,11,4,915,1,2,1,7.0,6.0,74269,M,0.0,0.0,74
201000008563,10,12,21,745,3,1,1,9.0,3.0,74269,M,0.0,0.0,74
201000008564,10,2,14,500,3,1,1,9.0,1.0,74001,M,0.0,0.0,74
201000008565,10,3,14,1415,1,1,1,1.0,1.0,74041,M,0.0,0.0,74
201000008566,10,3,27,1445,1,1,1,2.0,1.0,74286,M,0.0,0.0,74
201000008567,10,8,29,1600,1,1,1,1.0,3.0,74001,M,0.0,0.0,74
201000008568,10,11,26,945,1,1,1,4.0,1.0,74286,M,0.0,0.0,74
201000008569,10,12,7,830,1,1,1,8.0,3.0,74063,M,0.0,0.0,74
201000008570,10,2,14,945,1,1,1,1.0,3.0,74301,M,0.0,0.0,74
201000008571,10,6,1,1845,1,1,1,1.0,6.0,74050,M,0.0,0.0,74
201000008572,10,6,4,2245,5,1,1,1.0,3.0,74038,M,0.0,0.0,74
201000008573,10,7,26,2000,1,1,1,2.0,7.0,74038,M,0.0,0.0,74
201000008574,10,9,27,1645,1,2,1,1.0,6.0,74155,M,0.0,0.0,74
201000008575,10,10,6,2330,3,1,1,1.0,6.0,74139,M,0.0,0.0,74
201000008576,10,11,26,1215,1,1,1,4.0,7.0,74038,M,0.0,0.0,74
201000008577,10,1,27,1615,1,1,1,8.0,7.0,74206,M,0.0,0.0,74
201000008578,10,2,1,745,1,1,2,1.0,1.0,74171,M,4632400.0,633900.0,74
201000008579,10,2,13,1830,3,1,1,8.0,6.0,74043,M,4626100.0,634100.0,74
201000008580,10,3,12,1715,1,1,2,1.0,3.0,74126,M,0.0,0.0,74
201000008581,10,3,18,1230,1,2,1,1.0,6.0,74043,M,4626900.0,637200.0,74
201000008582,10,4,12,915,1,1,1,1.0,6.0,74070,M,4630600.0,624800.0,74
201000008583,10,4,10,1715,1,1,1,1.0,3.0,74263,M,4633600.0,636000.0,74
201000008584,10,4,16,1745,1,1,1,1.0,2.0,74150,M,4627300.0,631600.0,74
201000008585,10,5,13,1545,1,1,1,1.0,3.0,74157,M,4633800.0,651500.0,74
201000008586,10,5,16,1800,1,1,1,1.0,6.0,74263,M,0.0,0.0,74
201000008587,10,5,25,830,1,1,1,1.0,3.0,74048,M,0.0,0.0,74
201000008588,10,6,6,1230,1,1,1,1.0,3.0,74105,M,4630900.0,630200.0,74
201000008589,10,6,12,1545,1,1,1,1.0,3.0,74025,M,4630500.0,637900.0,74
201000008590,10,6,27,1900,1,2,1,1.0,2.0,74105,M,4630100.0,630600.0,74
201000008591,10,6,30,900,1,2,1,1.0,2.0,74048,M,0.0,0.0,74
201000008592,10,7,2,2345,3,1,1,1.0,1.0,74210,M,4632000.0,644300.0,74
201000008593,10,7,4,15,3,1,1,1.0,3.0,74150,M,4627100.0,633200.0,74
201000008594,10,7,9,1500,1,1,2,1.0,3.0,74106,M,4631200.0,647400.0,74
201000008595,10,7,13,730,1,1,1,1.0,1.0,74070,M,4629200.0,626900.0,74
201000008596,10,7,18,815,1,1,1,1.0,1.0,74163,M,4634900.0,641800.0,74
201000008597,10,7,20,1830,1,2,3,1.0,1.0,74005,M,4634600.0,647800.0,74
201000008598,10,7,28,1845,1,1,1,3.0,1.0,74171,M,4632100.0,634300.0,74
201000008599,10,9,11,2200,3,1,1,1.0,6.0,74150,M,0.0,0.0,74
201000008600,10,9,9,1615,1,2,2,1.0,1.0,74263,M,4633200.0,636600.0,74
201000008601,10,10,4,2315,3,1,1,5.0,7.0,74293,M,4627300.0,627800.0,74
201000008602,10,10,20,745,1,2,2,2.0,3.0,74005,M,4633900.0,647900.0,74
201000008603,10,10,28,1345,1,1,1,1.0,2.0,74150,M,0.0,0.0,74
201000008604,10,11,5,1900,5,2,1,1.0,3.0,74210,M,4631000.0,644300.0,74
201000008605,10,11,9,1615,1,1,1,2.0,3.0,74105,M,4630400.0,628400.0,74
201000008606,10,11,18,1945,3,2,1,1.0,6.0,74210,M,0.0,0.0,74
201000008607,10,11,21,2215,3,1,1,1.0,6.0,74043,M,0.0,0.0,74
201000008608,10,11,24,645,5,2,4,9.0,5.0,74263,M,4633600.0,637200.0,74
201000008609,10,11,29,2000,3,1,1,1.0,1.0,74105,M,4633800.0,629400.0,74
201000008610,10,12,12,1430,1,1,1,1.0,1.0,74156,M,4628800.0,641400.0,74
201000008611,10,1,4,700,3,1,1,4.0,1.0,74237,M,4640100.0,677500.0,74
201000008612,10,7,12,1630,1,2,2,1.0,3.0,74308,M,0.0,0.0,74
201000008613,10,7,15,1845,1,1,1,1.0,6.0,74249,M,0.0,0.0,74
201000008614,10,8,21,1700,1,1,1,1.0,3.0,74127,M,4634700.0,655200.0,74
201000008615,10,10,2,315,3,1,1,1.0,6.0,74249,M,4636100.0,664400.0,74
201000008616,10,10,7,430,5,1,1,1.0,1.0,74127,M,4635600.0,655900.0,74
201000008617,10,11,5,2030,3,1,1,2.0,1.0,74237,M,0.0,0.0,74
201000008618,10,2,24,1430,1,1,1,8.0,3.0,74295,M,4632100.0,660500.0,74
201000008619,10,3,12,1645,1,1,1,1.0,7.0,74129,M,0.0,0.0,74
201000008620,10,5,8,115,5,1,1,2.0,7.0,74114,M,0.0,0.0,74
201000008621,10,5,16,1315,1,2,9,1.0,6.0,74238,M,0.0,0.0,74
201000008622,10,7,4,1030,1,1,1,1.0,1.0,74295,M,4631900.0,660600.0,74
201000008623,10,8,13,100,3,2,1,1.0,6.0,74191,M,4618700.0,670200.0,74
201000008624,10,8,29,1430,1,1,1,1.0,1.0,74238,M,0.0,0.0,74
201000008625,10,9,16,945,1,1,1,1.0,1.0,74238,M,0.0,0.0,74
201000008626,10,10,31,1200,1,2,1,1.0,7.0,74114,M,0.0,0.0,74
201000008627,10,12,10,1730,2,1,1,1.0,1.0,74034,M,4625900.0,663100.0,74
201000008628,10,12,24,1800,5,2,1,1.0,3.0,74191,M,4618700.0,669700.0,74
201000008629,10,4,25,645,2,1,1,1.0,6.0,63042,M,4582900.0,307800.0,63
201000008630,10,9,19,1145,1,1,1,1.0,3.0,63263,M,0.0,0.0,63
201000008631,10,2,6,15,5,2,6,2.0,6.0,63273,M,0.0,0.0,63
201000008632,10,3,12,2100,3,1,1,1.0,7.0,63229,M,4579800.0,336600.0,63
201000008633,10,5,28,1715,1,1,1,1.0,7.0,63040,M,4572500.0,336700.0,63
201000008634,10,6,3,1100,1,2,1,1.0,7.0,63273,M,4573300.0,323100.0,63
201000008635,10,6,19,2030,1,1,1,8.0,3.0,63334,M,0.0,0.0,63
201000008636,10,6,26,930,1,1,1,1.0,3.0,63040,M,0.0,0.0,63
201000008637,10,6,26,1100,1,1,1,1.0,5.0,63365,M,4563200.0,341200.0,63
201000008638,10,7,23,2100,1,2,1,1.0,7.0,63040,M,0.0,0.0,63
201000008639,10,7,31,1945,1,2,1,1.0,3.0,63368,M,4569900.0,331100.0,63
201000008640,10,8,8,100,3,1,1,1.0,3.0,63136,M,0.0,0.0,63
201000008641,10,8,9,2215,5,2,1,1.0,7.0,63040,M,4572700.0,334100.0,63
201000008642,10,8,15,1815,1,1,1,1.0,6.0,63368,M,0.0,0.0,63
201000008643,10,9,12,1400,1,1,2,1.0,1.0,63229,M,4578500.0,335200.0,63
201000008644,10,9,15,1500,1,2,2,1.0,3.0,63040,M,4572600.0,335300.0,63
201000008645,10,11,3,1515,1,1,1,1.0,1.0,63040,M,4571800.0,334900.0,63
201000008646,10,11,10,1715,2,1,1,1.0,1.0,63273,M,0.0,0.0,63
201000008647,10,11,12,1915,5,2,1,1.0,6.0,63040,M,4572900.0,333500.0,63
201000008648,10,4,22,1530,1,2,1,1.0,6.0,63047,M,4559300.0,274200.0,63
201000008649,10,7,14,1400,1,1,1,1.0,6.0,63236,M,4560100.0,283500.0,63
201000008650,10,8,28,1730,1,1,1,7.0,7.0,63236,M,4556800.0,283200.0,63
201000008651,10,9,22,1245,1,1,1,1.0,7.0,63246,M,4560100.0,275400.0,63
201000008652,10,11,13,1000,1,1,1,1.0,7.0,63236,M,0.0,0.0,63
201000008653,10,12,21,445,3,1,1,9.0,6.0,63246,M,4560200.0,273400.0,63
201000008654,10,1,13,1515,1,2,1,1.0,6.0,63263,M,4577300.0,302500.0,63
201000008655,10,1,14,815,1,1,1,2.0,3.0,63263,M,0.0,0.0,63
201000008656,10,1,22,745,2,2,1,1.0,6.0,63042,M,0.0,0.0,63
201000008657,10,2,3,930,1,1,1,9.0,1.0,63417,M,0.0,0.0,63
201000008658,10,4,29,1115,1,1,1,1.0,7.0,63263,M,0.0,0.0,63
201000008659,10,6,26,1615,1,1,1,1.0,2.0,63417,M,0.0,0.0,63
201000008660,10,7,25,1645,1,2,6,1.0,3.0,63284,M,4580000.0,324100.0,63
201000008661,10,8,26,2200,3,1,1,1.0,7.0,63213,M,0.0,0.0,63
201000008662,10,10,28,1900,3,1,1,1.0,1.0,63284,M,4578336.0,323785.0,63
201000008663,10,11,7,230,3,1,1,1.0,6.0,63204,M,4580800.0,320200.0,63
201000008664,10,11,13,1600,1,2,6,1.0,3.0,63284,M,4579900.0,323000.0,63
201000008665,10,11,29,2000,3,1,1,9.0,1.0,63133,M,4578800.0,325000.0,63
201000008666,10,12,20,1345,1,1,1,1.0,3.0,63200,M,4584700.0,321400.0,63
201000008667,10,12,20,1945,3,1,1,1.0,5.0,63213,M,0.0,0.0,63
201000008668,10,2,7,1600,1,1,1,8.0,7.0,63451,M,4567900.0,289700.0,63
201000008669,10,6,20,1445,1,1,1,2.0,1.0,63386,M,4573800.0,281800.0,63
201000008670,10,6,23,1445,1,1,1,7.0,3.0,63163,M,4576800.0,279700.0,63
201000008671,10,7,28,1045,1,1,1,1.0,2.0,63386,M,4571200.0,281200.0,63
201000008672,10,10,9,1500,1,1,1,1.0,6.0,63048,M,4565900.0,257400.0,63
201000008673,10,1,15,830,1,1,1,8.0,1.0,63026,M,0.0,0.0,63
201000008674,10,2,6,415,3,1,1,4.0,6.0,63026,M,0.0,0.0,63
201000008675,10,2,27,1230,1,1,9,1.0,3.0,63262,M,4571400.0,316600.0,63
201000008676,10,3,19,1615,1,1,1,8.0,6.0,63282,M,4561000.0,315200.0,63
201000008677,10,3,23,1500,1,1,1,1.0,7.0,63205,M,4561800.0,335900.0,63
201000008678,10,4,20,1430,1,1,1,1.0,3.0,63302,M,4570500.0,313400.0,63
201000008679,10,4,21,730,1,1,1,1.0,1.0,63026,M,4566500.0,304100.0,63
201000008680,10,4,19,1700,1,1,1,1.0,3.0,63396,M,0.0,0.0,63
201000008681,10,4,25,1515,1,1,1,1.0,6.0,63126,M,0.0,0.0,63
201000008682,10,5,21,1745,1,1,1,1.0,1.0,63177,M,4565600.0,338700.0,63
201000008683,10,6,5,15,5,2,1,1.0,1.0,63396,M,0.0,0.0,63
201000008684,10,6,22,1200,1,2,1,1.0,6.0,63126,M,0.0,0.0,63
201000008685,10,7,18,1430,1,2,1,1.0,1.0,63026,M,0.0,0.0,63
201000008686,10,8,17,1745,1,2,1,1.0,1.0,63126,M,4569100.0,312900.0,63
201000008687,10,8,28,1015,1,2,1,1.0,6.0,63425,M,0.0,0.0,63
201000008688,10,9,10,830,1,1,1,1.0,1.0,63126,M,4568200.0,313500.0,63
201000008689,10,9,10,1530,1,2,1,1.0,1.0,63214,M,4568700.0,319300.0,63
201000008690,10,11,4,1315,1,2,1,1.0,7.0,63021,M,4563500.0,318300.0,63
201000008691,10,6,19,1230,1,1,1,3.0,1.0,63179,M,4561800.0,372100.0,63
201000008692,10,6,19,1400,1,1,1,2.0,3.0,63010,M,4542300.0,369200.0,63
201000008693,10,6,28,1415,1,1,1,1.0,1.0,63139,M,4539500.0,373800.0,63
201000008694,10,7,19,1000,1,2,1,1.0,3.0,63003,M,4555000.0,374500.0,63
201000008695,10,8,17,915,1,2,3,1.0,3.0,63003,M,4555400.0,374200.0,63
201000008696,10,8,17,1345,1,2,1,1.0,3.0,63003,M,4555000.0,374000.0,63
201000008697,10,8,27,2015,1,1,1,1.0,1.0,63081,M,4552800.0,369400.0,63
201000008698,10,10,22,1345,1,1,1,1.0,1.0,63341,M,4553700.0,372900.0,63
201000008699,10,5,2,345,3,2,1,1.0,6.0,63454,M,0.0,0.0,63
201000008700,10,6,4,1645,1,1,1,1.0,7.0,63057,M,4568500.0,373000.0,63
201000008701,10,5,4,830,1,1,1,4.0,1.0,63319,M,4552200.0,393900.0,63
201000008702,10,9,17,1715,3,1,1,1.0,6.0,63394,M,4549600.0,389400.0,63
201000008703,10,9,20,1745,1,1,1,1.0,1.0,63394,M,4548600.0,390000.0,63
201000008704,10,10,9,1800,1,1,1,1.0,2.0,63319,M,4554600.0,394800.0,63
201000008705,10,7,26,1245,1,1,1,8.0,1.0,63314,M,4558700.0,360300.0,63
201000008706,10,12,31,1200,1,2,1,1.0,6.0,63178,M,4554600.0,326300.0,63
201000008707,10,1,28,1900,5,2,1,1.0,3.0,63178,M,4555800.0,325000.0,63
201000008708,10,5,12,2000,1,2,1,1.0,2.0,63178,M,4554000.0,325000.0,63
201000008709,10,6,27,930,1,1,1,1.0,7.0,63234,M,0.0,0.0,63
201000008710,10,7,2,1730,1,2,1,1.0,2.0,63178,M,4554800.0,323300.0,63
201000008711,10,7,17,45,3,1,1,1.0,6.0,63275,M,4555500.0,318800.0,63
201000008712,10,9,1,1200,1,2,6,1.0,3.0,63178,M,0.0,0.0,63
201000008713,10,9,21,1700,1,1,2,1.0,3.0,63018,M,4557100.0,332600.0,63
201000008714,10,10,4,2000,5,2,1,3.0,2.0,63178,M,0.0,0.0,63
201000008715,10,10,24,1100,1,1,1,3.0,1.0,63234,M,0.0,0.0,63
201000008716,10,12,30,945,1,2,1,7.0,1.0,63178,M,4554700.0,325000.0,63
201000008717,10,4,7,1400,1,1,1,1.0,7.0,63335,M,4555200.0,300600.0,63
201000008718,10,6,26,1200,1,1,1,1.0,7.0,63038,M,0.0,0.0,63
201000008719,10,5,6,730,1,2,1,1.0,6.0,63366,M,0.0,0.0,63
201000008720,10,5,19,1330,1,2,1,1.0,1.0,63050,M,0.0,0.0,63
201000008721,10,9,19,1430,1,1,3,1.0,1.0,63366,M,0.0,0.0,63
201000008722,10,11,1,1300,1,1,1,5.0,1.0,63448,M,0.0,0.0,63
201000008723,10,12,11,115,3,1,1,1.0,7.0,63367,M,0.0,0.0,63
201000008724,10,2,4,830,1,2,1,8.0,6.0,63052,M,4547100.0,326600.0,63
201000008725,10,6,28,2100,1,1,1,1.0,6.0,63439,M,4552000.0,334600.0,63
201000008726,10,7,3,1900,1,2,1,1.0,1.0,63202,M,4543600.0,318800.0,63
201000008727,10,8,17,1300,1,1,1,1.0,2.0,63074,M,4545800.0,321300.0,63
201000008728,10,9,21,815,1,1,1,1.0,6.0,63017,M,4541100.0,318800.0,63
201000008729,10,1,14,730,2,1,1,2.0,7.0,63426,M,4558800.0,264800.0,63
201000008730,10,1,28,1115,1,1,1,4.0,7.0,63397,M,4560700.0,270400.0,63
201000008731,10,3,29,1730,1,1,1,1.0,5.0,63426,M,4555700.0,261900.0,63
201000008732,10,5,10,1830,1,2,1,7.0,1.0,63397,M,0.0,0.0,63
201000008733,10,6,3,845,1,1,1,1.0,1.0,63397,M,4560800.0,269900.0,63
201000008734,10,6,14,1530,1,1,1,1.0,1.0,63397,M,4562700.0,268900.0,63
201000008735,10,9,1,1645,1,1,1,1.0,1.0,63426,M,4559000.0,264800.0,63
201000008736,10,5,15,1700,1,2,1,1.0,3.0,63327,M,4593400.0,311300.0,63
201000008737,10,3,22,1745,1,1,1,1.0,7.0,63116,M,4600700.0,306000.0,63
201000008738,10,6,17,2300,3,1,1,2.0,1.0,63358,M,4604400.0,307300.0,63
201000008739,10,7,8,900,1,2,1,1.0,6.0,63116,M,4598800.0,309000.0,63
201000008740,10,9,13,2115,3,1,1,1.0,6.0,63288,M,4595000.0,307000.0,63
201000008741,10,10,15,1945,5,2,1,8.0,6.0,63135,M,4595200.0,311000.0,63
201000008742,10,12,29,1200,1,1,2,1.0,3.0,63013,M,4598000.0,318000.0,63
201000008743,10,1,26,745,1,2,1,1.0,1.0,63443,M,0.0,0.0,63
201000008744,10,2,2,715,2,1,1,1.0,1.0,63295,M,4600700.0,335700.0,63
201000008745,10,2,1,2000,3,1,1,9.0,7.0,63362,M,4592600.0,324500.0,63
201000008746,10,2,14,2015,3,1,1,1.0,1.0,63322,M,4576400.0,5300.0,63
201000008747,10,3,12,2300,3,1,1,1.0,6.0,63432,M,4597200.0,325300.0,63
201000008748,10,3,25,2345,3,1,1,1.0,6.0,63333,M,0.0,0.0,63
201000008749,10,3,27,2145,3,1,1,2.0,7.0,63333,M,4596300.0,333400.0,63
201000008750,10,4,11,1015,1,1,1,1.0,6.0,63033,M,4599600.0,338200.0,63
201000008751,10,4,16,1630,1,1,1,1.0,5.0,63148,M,0.0,0.0,63
201000008752,10,5,6,1615,1,2,1,1.0,6.0,63148,M,0.0,0.0,63
201000008753,10,5,20,1445,1,1,2,1.0,3.0,63443,M,4593500.0,317200.0,63
201000008754,10,5,28,1730,1,1,1,1.0,1.0,63232,M,0.0,0.0,63
201000008755,10,6,1,1500,1,1,1,1.0,2.0,63424,M,0.0,0.0,63
201000008756,10,7,26,1515,1,2,1,1.0,1.0,63387,M,4602000.0,345000.0,63
201000008757,10,8,29,1345,1,1,2,1.0,3.0,63030,M,0.0,0.0,63
201000008758,10,9,15,815,1,2,1,8.0,3.0,63148,M,0.0,0.0,63
201000008759,10,9,27,700,2,1,1,1.0,3.0,63013,M,0.0,0.0,63
201000008760,10,12,26,1000,1,2,1,1.0,6.0,63295,M,0.0,0.0,63
201000008761,10,3,5,1745,1,1,1,1.0,7.0,63464,M,0.0,0.0,63
201000008762,10,10,4,1500,1,1,1,1.0,7.0,63093,M,4600700.0,299000.0,63
201000008763,10,3,11,800,1,1,1,4.0,1.0,63228,M,4590800.0,272300.0,63
201000008764,10,4,21,1615,1,2,1,1.0,1.0,63285,M,4583900.0,284900.0,63
201000008765,10,4,25,1245,1,1,1,1.0,2.0,63085,M,4590500.0,285900.0,63
201000008766,10,5,31,1030,1,1,2,1.0,3.0,63460,M,4591000.0,264600.0,63
201000008767,10,6,13,1700,1,1,1,1.0,1.0,63110,M,4579400.0,270500.0,63
201000008768,10,6,19,1815,1,1,1,2.0,2.0,63381,M,4583900.0,286600.0,63
201000008769,10,10,16,630,3,1,1,2.0,6.0,63381,M,4583800.0,287700.0,63
201000008770,10,11,18,645,3,1,1,4.0,6.0,63381,M,4582400.0,292500.0,63
201000008771,10,12,18,430,3,1,1,4.0,6.0,63460,M,4589800.0,264700.0,63
201000008772,10,2,8,900,1,1,1,8.0,1.0,63391,M,4609200.0,296500.0,63
201000008773,10,3,28,1700,1,2,1,1.0,1.0,63338,M,4617800.0,283900.0,63
201000008774,10,5,16,215,5,1,1,1.0,6.0,63338,M,4615300.0,282600.0,63
201000008775,10,6,16,1400,1,1,1,3.0,6.0,63419,M,4614000.0,294500.0,63
201000008776,10,8,21,1730,1,1,1,1.0,1.0,63419,M,4614000.0,292700.0,63
201000008777,10,9,22,1300,1,1,1,1.0,6.0,63223,M,4610500.0,293100.0,63
201000008778,10,11,12,1000,1,1,1,2.0,7.0,63338,M,4617400.0,282300.0,63
201000008779,10,1,13,700,2,1,1,4.0,7.0,63067,M,4610400.0,272000.0,63
201000008780,10,3,6,200,3,1,1,1.0,7.0,63388,M,4600000.0,276300.0,63
201000008781,10,7,1,1830,1,1,1,1.0,1.0,63354,M,0.0,0.0,63
201000008782,10,8,9,2030,1,1,1,1.0,6.0,63094,M,0.0,0.0,63
201000008783,10,10,22,1145,1,1,1,1.0,1.0,63293,M,0.0,0.0,63
201000008784,10,12,28,1900,5,2,1,2.0,6.0,63206,M,0.0,0.0,63
201000008785,10,2,6,1045,1,1,1,8.0,1.0,63430,M,4584200.0,350700.0,63
201000008786,10,2,26,730,2,2,1,6.0,1.0,63231,M,4588200.0,362400.0,63
201000008787,10,3,2,1730,1,1,1,1.0,1.0,63393,M,0.0,0.0,63
201000008788,10,4,9,1845,1,1,1,1.0,1.0,63430,M,4585500.0,356500.0,63
201000008789,10,4,23,1715,1,2,2,1.0,1.0,63231,M,4587600.0,363300.0,63
201000008790,10,6,14,915,1,2,1,1.0,3.0,63151,M,0.0,0.0,63
201000008791,10,6,27,615,1,1,1,1.0,1.0,63430,M,0.0,0.0,63
201000008792,10,8,15,1430,1,2,1,1.0,6.0,63393,M,0.0,0.0,63
201000008793,10,8,25,815,1,1,2,1.0,3.0,63066,M,0.0,0.0,63
201000008794,10,9,26,1245,1,1,1,1.0,3.0,63066,M,0.0,0.0,63
201000008795,10,10,3,1800,1,1,1,1.0,7.0,63151,M,0.0,0.0,63
201000008796,10,10,12,1630,1,2,1,1.0,1.0,63066,M,0.0,0.0,63
201000008797,10,10,16,1700,1,1,1,3.0,6.0,63430,M,0.0,0.0,63
201000008798,10,11,20,1745,2,2,1,2.0,3.0,63072,M,0.0,0.0,63
201000008799,10,12,15,1645,1,1,1,1.0,6.0,63430,M,0.0,0.0,63
201000008800,10,1,25,1130,1,2,1,1.0,3.0,63195,M,4583600.0,337700.0,63
201000008801,10,5,25,1045,1,1,2,1.0,3.0,63420,M,4581900.0,333900.0,63
201000008802,10,6,15,1630,2,1,1,2.0,7.0,63125,M,4574100.0,352300.0,63
201000008803,10,7,8,1900,1,2,1,1.0,1.0,63195,M,0.0,0.0,63
201000008804,10,8,26,1730,1,2,1,7.0,6.0,63125,M,4577100.0,353200.0,63
201000008805,10,10,29,730,2,2,1,1.0,6.0,63125,M,0.0,0.0,63
201000008806,10,3,5,745,1,1,1,1.0,6.0,63210,M,0.0,0.0,63
201000008807,10,3,25,430,5,2,1,1.0,7.0,63301,M,0.0,0.0,63
201000008808,10,4,14,1145,1,1,1,1.0,1.0,63180,M,4588600.0,331500.0,63
201000008809,10,5,26,1330,1,2,1,1.0,1.0,63210,M,4592600.0,333200.0,63
201000008810,10,6,4,1800,1,1,1,1.0,6.0,63271,M,0.0,0.0,63
201000008811,10,7,30,1800,1,1,1,1.0,4.0,63128,M,4592100.0,336800.0,63
201000008812,10,8,10,1115,1,1,1,1.0,3.0,63210,M,4592800.0,334000.0,63
201000008813,10,8,15,1645,1,1,2,8.0,3.0,63210,M,4592800.0,334000.0,63
201000008814,10,8,16,1845,1,2,1,1.0,7.0,63291,M,4595900.0,347800.0,63
201000008815,10,9,3,1130,1,1,1,1.0,6.0,63201,M,4596100.0,335500.0,63
201000008816,10,9,19,30,3,1,1,1.0,6.0,63291,M,0.0,0.0,63
201000008817,10,10,26,1930,3,1,1,1.0,6.0,63291,M,4595700.0,345400.0,63
201000008818,10,11,14,2030,3,1,1,1.0,1.0,63196,M,0.0,0.0,63
201000008819,10,11,23,1615,1,2,1,8.0,6.0,63180,M,4586600.0,330300.0,63
201000008820,10,1,9,630,1,1,1,8.0,1.0,03286,M,0.0,0.0,03
201000008821,10,2,1,800,1,1,1,1.0,1.0,03040,M,0.0,0.0,03
201000008822,10,2,12,1100,1,2,1,1.0,1.0,03316,M,0.0,0.0,03
201000008823,10,4,5,1845,1,1,1,1.0,2.0,03316,M,0.0,0.0,03
201000008824,10,6,14,1,4,1,3,1.0,3.0,03040,M,0.0,0.0,03
201000008825,10,6,23,1830,1,1,1,1.0,2.0,03290,M,0.0,0.0,03
201000008826,10,9,5,1345,1,1,1,1.0,7.0,03229,M,0.0,0.0,03
201000008827,10,10,16,400,3,1,1,1.0,7.0,03040,M,0.0,0.0,03
201000008828,10,10,17,745,2,1,1,8.0,7.0,03286,M,0.0,0.0,03
201000008829,10,8,21,2230,3,1,1,1.0,6.0,03090,M,0.0,0.0,03
201000008830,10,9,21,1315,1,1,1,1.0,1.0,03238,M,0.0,0.0,03
201000008831,10,10,15,1,3,1,1,1.0,7.0,03090,M,0.0,0.0,03
201000008832,10,1,17,300,5,2,1,8.0,6.0,03207,M,0.0,0.0,03
201000008833,10,4,14,1345,1,1,1,1.0,5.0,03173,M,0.0,0.0,03
201000008834,10,5,23,130,3,1,1,1.0,6.0,03284,M,0.0,0.0,03
201000008835,10,7,6,1045,1,2,1,1.0,6.0,03100,M,0.0,0.0,03
201000008836,10,10,12,1315,1,2,1,1.0,3.0,03102,M,0.0,0.0,03
201000008837,10,10,13,1845,2,2,4,1.0,3.0,03100,M,0.0,0.0,03
201000008838,10,11,9,15,3,1,6,2.0,6.0,03102,M,0.0,0.0,03
201000008839,10,11,15,1845,5,2,1,1.0,3.0,03100,M,0.0,0.0,03
201000008840,10,12,23,1830,5,1,1,2.0,2.0,03102,M,0.0,0.0,03
201000008841,10,1,16,1900,3,1,1,2.0,6.0,03197,M,0.0,0.0,03
201000008842,10,1,17,1400,1,2,1,1.0,2.0,03019,M,0.0,0.0,03
201000008843,10,2,26,730,2,1,1,1.0,2.0,03197,M,0.0,0.0,03
201000008844,10,2,27,915,1,1,1,1.0,6.0,03283,M,0.0,0.0,03
201000008845,10,4,17,300,3,1,1,1.0,1.0,03180,M,0.0,0.0,03
201000008846,10,6,12,2030,1,1,1,1.0,7.0,03054,M,0.0,0.0,03
201000008847,10,6,14,1030,1,1,1,1.0,3.0,03019,M,0.0,0.0,03
201000008848,10,7,1,700,1,1,1,1.0,5.0,03197,M,0.0,0.0,03
201000008849,10,7,9,2015,1,1,1,1.0,3.0,03156,M,0.0,0.0,03
201000008850,10,7,18,1900,1,2,2,1.0,3.0,03180,M,0.0,0.0,03
201000008851,10,7,22,1330,1,1,1,8.0,1.0,03114,M,0.0,0.0,03
201000008852,10,8,23,745,1,1,1,1.0,5.0,03180,M,0.0,0.0,03
201000008853,10,8,30,1445,1,2,1,1.0,2.0,03156,M,0.0,0.0,03
201000008854,10,11,21,945,1,1,1,1.0,6.0,03180,M,4653800.0,345100.0,03
201000008855,10,11,29,1545,1,2,1,1.0,1.0,03025,M,0.0,0.0,03
201000008856,10,12,27,1415,1,1,1,4.0,7.0,03197,M,4644700.0,346300.0,03
201000008857,10,1,9,1600,1,1,1,4.0,3.0,03204,M,0.0,0.0,03
201000008858,10,2,5,1630,1,1,1,1.0,5.0,03083,M,0.0,0.0,03
201000008859,10,2,18,815,1,2,1,1.0,1.0,03254,M,0.0,0.0,03
201000008860,10,2,23,1900,5,2,1,2.0,6.0,03254,M,0.0,0.0,03
201000008861,10,3,28,830,2,1,1,2.0,7.0,03254,M,0.0,0.0,03