Num_Acc,an,mois,jour,hrmn,lum,agg,int,atm,col,com,gps,lat,long,dep
201000008862,10,4,18,330,3,1,1,1.0,7.0,03160,M,0.0,0.0,03
201000008863,10,4,27,1830,1,1,1,1.0,6.0,03204,M,0.0,0.0,03
201000008864,10,5,21,1645,1,1,2,1.0,3.0,03148,M,0.0,0.0,03
201000008865,10,7,7,1730,1,2,1,1.0,3.0,03062,M,0.0,0.0,03
201000008866,10,7,31,1145,1,1,3,1.0,5.0,03254,M,0.0,0.0,03
201000008867,10,9,3,645,2,1,1,1.0,6.0,03188,M,0.0,0.0,03
201000008868,10,9,3,830,1,1,2,1.0,3.0,03278,M,0.0,0.0,03
201000008869,10,9,24,1715,1,1,1,1.0,1.0,03018,M,0.0,0.0,03
201000008870,10,10,8,1630,1,1,1,1.0,6.0,03075,M,0.0,0.0,03
201000008871,10,10,10,2015,3,1,1,1.0,3.0,03176,M,4637200.0,328900.0,03
201000008872,10,10,31,545,3,1,1,8.0,6.0,03134,M,0.0,0.0,03
201000008873,10,12,27,1530,1,1,1,8.0,7.0,03278,M,0.0,0.0,03
201000008874,10,2,21,1330,1,1,1,1.0,7.0,03002,M,0.0,0.0,03
201000008875,10,2,27,2245,3,1,1,6.0,6.0,03092,M,0.0,0.0,03
201000008876,10,3,19,1645,1,1,1,1.0,2.0,03065,M,0.0,0.0,03
201000008877,10,4,9,745,1,2,1,8.0,1.0,03247,M,0.0,0.0,03
201000008878,10,6,28,830,3,1,1,1.0,6.0,03099,M,0.0,0.0,03
201000008879,10,7,13,1915,1,1,2,1.0,3.0,03099,M,0.0,0.0,03
201000008880,10,7,17,1900,1,1,1,7.0,6.0,03169,M,0.0,0.0,03
201000008881,10,8,14,1130,1,1,1,1.0,6.0,03202,M,0.0,0.0,03
201000008882,10,8,25,700,2,1,1,1.0,1.0,03292,M,0.0,0.0,03
201000008883,10,8,26,2115,3,1,1,1.0,5.0,03026,M,0.0,0.0,03
201000008884,10,9,2,1915,1,2,1,1.0,6.0,03247,M,0.0,0.0,03
201000008885,10,9,25,700,2,1,1,1.0,7.0,03002,M,0.0,0.0,03
201000008886,10,12,4,1545,1,1,1,1.0,6.0,03099,M,0.0,0.0,03
201000008887,10,12,21,1845,3,1,1,2.0,1.0,03099,M,4638400.0,303100.0,03
201000008888,10,1,24,1830,3,1,1,8.0,7.0,03246,M,0.0,0.0,03
201000008889,10,6,4,915,1,1,1,1.0,3.0,03301,M,0.0,0.0,03
201000008890,10,9,5,30,3,2,1,1.0,6.0,03262,M,0.0,0.0,03
201000008891,10,9,7,1800,1,1,1,2.0,6.0,03097,M,0.0,0.0,03
201000008892,10,9,10,1700,1,1,1,1.0,1.0,03195,M,0.0,0.0,03
201000008893,10,2,23,1700,1,1,1,2.0,1.0,03221,M,0.0,0.0,03
201000008894,10,3,23,1415,1,1,1,1.0,3.0,03303,M,0.0,0.0,03
201000008895,10,6,8,1830,1,1,1,1.0,1.0,03313,M,0.0,0.0,03
201000008896,10,6,24,1900,1,2,1,7.0,2.0,03221,M,0.0,0.0,03
201000008897,10,9,5,1700,1,1,1,1.0,3.0,03221,M,0.0,0.0,03
201000008898,10,7,15,2045,1,2,1,7.0,2.0,03082,M,0.0,0.0,03
201000008899,10,8,26,1345,1,1,3,1.0,3.0,03052,M,0.0,0.0,03
201000008900,10,12,8,1130,1,1,1,1.0,1.0,03106,M,4626700.0,271500.0,03
201000008901,10,6,4,1815,1,2,1,1.0,3.0,03189,M,0.0,0.0,03
201000008902,10,6,9,1245,1,1,1,3.0,1.0,03097,M,0.0,0.0,03
201000008903,10,7,17,900,1,2,1,1.0,1.0,03315,M,0.0,0.0,03
201000008904,10,8,8,1930,1,1,1,1.0,3.0,03104,M,0.0,0.0,03
201000008905,10,9,17,1030,1,1,1,1.0,3.0,03104,M,0.0,0.0,03
201000008906,10,10,17,2015,3,1,1,2.0,1.0,03270,M,0.0,0.0,03
201000008907,10,1,22,2145,3,1,1,5.0,1.0,03093,M,0.0,0.0,03
201000008908,10,2,3,2015,3,1,1,1.0,7.0,03060,M,0.0,0.0,03
201000008909,10,4,18,1045,1,2,1,1.0,6.0,03044,M,0.0,0.0,03
201000008910,10,5,22,2245,3,1,1,1.0,2.0,03163,M,0.0,0.0,03
201000008911,10,6,9,700,1,2,1,1.0,6.0,03258,M,0.0,0.0,03
201000008912,10,6,16,915,1,2,1,1.0,6.0,03264,M,0.0,0.0,03
201000008913,10,9,4,1900,1,1,1,1.0,4.0,03304,M,0.0,0.0,03
201000008914,10,10,10,245,3,2,1,1.0,6.0,03126,M,0.0,0.0,03
201000008915,10,10,27,1215,1,1,3,1.0,3.0,03080,M,4611800.0,333500.0,03
201000008916,10,11,16,2130,3,1,1,1.0,6.0,03126,M,0.0,0.0,03
201000008917,10,11,23,1445,1,2,1,1.0,6.0,03258,M,0.0,0.0,03
201000008918,10,1,28,900,1,1,1,4.0,6.0,03311,M,0.0,0.0,03
201000008919,10,3,1,630,2,2,1,1.0,7.0,03164,M,0.0,0.0,03
201000008920,10,3,10,2045,5,2,1,4.0,6.0,03268,M,0.0,0.0,03
201000008921,10,4,5,430,3,1,1,1.0,6.0,03043,M,0.0,0.0,03
201000008922,10,5,4,1645,1,1,1,2.0,1.0,03194,M,0.0,0.0,03
201000008923,10,5,24,1000,1,2,1,1.0,3.0,03118,M,0.0,0.0,03
201000008924,10,6,13,1600,1,2,1,1.0,1.0,03118,M,0.0,0.0,03
201000008925,10,6,26,2000,1,2,1,1.0,7.0,03268,M,0.0,0.0,03
201000008926,10,12,28,1815,5,2,1,2.0,6.0,03118,M,4610300.0,319800.0,03
201000008927,10,6,3,1800,1,1,1,1.0,6.0,03028,M,0.0,0.0,03
201000008928,10,7,26,1230,1,1,1,1.0,6.0,03196,M,0.0,0.0,03
201000008929,10,8,22,945,1,1,2,1.0,3.0,03079,M,0.0,0.0,03
201000008930,10,10,3,230,3,1,1,1.0,6.0,03017,M,0.0,0.0,03
201000008931,10,11,8,1500,2,1,1,2.0,6.0,03181,M,0.0,0.0,03
201000008932,10,3,6,2200,2,1,1,4.0,6.0,03139,M,0.0,0.0,03
201000008933,10,4,10,1715,1,1,1,1.0,7.0,03201,M,0.0,0.0,03
201000008934,10,9,15,1500,1,1,1,1.0,1.0,03201,M,0.0,0.0,03
201000008935,10,12,19,600,5,2,1,1.0,6.0,03131,M,4616700.0,360600.0,03
201000008936,10,3,16,915,1,2,1,1.0,6.0,03298,M,0.0,0.0,03
201000008937,10,2,22,1515,1,2,1,1.0,6.0,15160,M,4497060.0,242012.0,15
201000008938,10,3,28,1500,1,1,1,2.0,3.0,15175,M,4502780.0,244973.0,15
201000008939,10,4,5,1845,1,1,1,1.0,1.0,15160,M,4496690.0,241618.0,15
201000008940,10,4,20,1445,1,2,1,1.0,1.0,15083,M,4498690.0,242054.0,15
201000008941,10,5,13,2130,3,1,1,3.0,6.0,15175,M,4502210.0,244011.0,15
201000008942,10,7,17,1930,1,1,9,1.0,1.0,15175,M,4505220.0,242998.0,15
201000008943,10,8,8,1745,1,1,1,1.0,6.0,15143,M,4496730.0,224267.0,15
201000008944,10,8,13,1100,1,1,1,1.0,6.0,15228,M,4494940.0,210389.0,15
201000008945,10,8,17,1130,1,1,1,1.0,3.0,15016,M,4496210.0,231729.0,15
201000008946,10,9,4,2145,3,1,1,1.0,2.0,15160,M,4497410.0,240924.0,15
201000008947,10,9,7,1445,1,1,1,3.0,6.0,15221,M,4488750.0,238074.0,15
201000008948,10,9,17,1900,2,2,1,1.0,1.0,15140,M,4495460.0,241673.0,15
201000008949,10,11,10,15,3,1,1,3.0,6.0,15267,M,4493220.0,233899.0,15
201000008950,10,11,12,1430,1,1,1,2.0,3.0,15143,M,4497690.0,223232.0,15
201000008951,10,12,5,515,1,1,1,4.0,1.0,15267,M,4489120.0,236971.0,15
201000008952,10,2,3,1730,2,1,1,1.0,1.0,15196,M,4486710.0,229441.0,15
201000008953,10,3,4,1015,1,1,1,1.0,1.0,15268,M,4485150.0,224416.0,15
201000008954,10,3,17,845,1,1,1,1.0,3.0,15212,M,4495670.0,298761.0,15
201000008955,10,4,18,1200,1,2,1,1.0,1.0,15184,M,4471830.0,220811.0,15
201000008956,10,4,29,1845,1,1,1,1.0,6.0,15181,M,4466390.0,224526.0,15
201000008957,10,6,20,245,3,1,1,1.0,6.0,15147,M,4481780.0,216452.0,15
201000008958,10,6,29,1500,1,2,1,1.0,6.0,15122,M,4471220.0,219817.0,15
201000008959,10,7,10,1030,1,1,1,1.0,7.0,15021,M,4477420.0,228365.0,15
201000008960,10,11,25,1500,1,2,1,3.0,6.0,15122,M,4471140.0,219791.0,15
201000008961,10,1,3,1615,2,1,1,1.0,7.0,15156,M,4480550.0,247773.0,15
201000008962,10,4,12,1845,1,1,1,1.0,6.0,15117,M,4479580.0,235485.0,15
201000008963,10,4,17,1615,1,2,1,7.0,6.0,15172,M,4475120.0,233798.0,15
201000008964,10,10,5,915,1,1,1,5.0,5.0,15090,M,4477570.0,245900.0,15
201000008965,10,4,23,2145,3,2,1,1.0,1.0,15215,M,4496780.0,249540.0,15
201000008966,10,5,1,1545,1,2,1,8.0,6.0,15258,M,4497030.0,261832.0,15
201000008967,10,7,15,2100,2,1,9,1.0,1.0,15255,M,4490000.0,251673.0,15
201000008968,10,10,3,1615,1,1,1,1.0,7.0,15255,M,4489320.0,253286.0,15
201000008969,10,5,10,1900,1,2,1,1.0,3.0,15120,M,4522190.0,234295.0,15
201000008970,10,8,7,1800,1,1,1,1.0,2.0,15153,M,4511540.0,219827.0,15
201000008971,10,8,9,1730,1,1,1,1.0,6.0,15079,M,4526560.0,236101.0,15
201000008972,10,2,26,1645,1,1,1,8.0,7.0,15162,M,4518990.0,271515.0,15
201000008973,10,5,23,1230,1,1,1,1.0,7.0,15129,M,4536410.0,273675.0,15
201000008974,10,7,24,1600,1,1,1,1.0,1.0,15162,M,4524820.0,265439.0,15
201000008975,10,1,4,930,1,1,1,4.0,7.0,15006,M,4521480.0,249312.0,15
201000008976,10,4,2,1015,1,1,1,1.0,3.0,15092,M,4543520.0,251762.0,15
201000008977,10,6,15,1430,1,1,1,8.0,6.0,15019,M,4529530.0,239600.0,15
201000008978,10,9,2,1045,1,1,1,7.0,6.0,15008,M,4534360.0,252962.0,15
201000008979,10,4,27,1530,1,2,1,1.0,6.0,15187,M,4503360.0,310298.0,15
201000008980,10,6,27,200,3,1,1,1.0,6.0,15231,M,4510390.0,306680.0,15
201000008981,10,8,10,2030,1,2,1,1.0,3.0,15187,M,4503300.0,308731.0,15
201000008982,10,9,12,1000,1,2,1,1.0,6.0,15187,M,4503310.0,308501.0,15
201000008983,10,9,15,1330,1,2,1,1.0,1.0,15187,M,4503130.0,308284.0,15
201000008984,10,11,18,1630,1,2,1,1.0,6.0,15187,M,4503560.0,308902.0,15
201000008985,10,8,8,1200,1,1,1,1.0,3.0,15141,M,4513530.0,298186.0,15
201000008986,10,9,11,1630,1,1,1,1.0,3.0,15031,M,4512660.0,294736.0,15
201000008987,10,10,2,1345,1,1,1,1.0,3.0,15127,M,4525020.0,315082.0,15
201000008988,10,10,15,1815,1,1,1,1.0,2.0,15080,M,4514270.0,301436.0,15
201000008989,10,10,31,1715,5,1,2,2.0,3.0,15141,M,4513530.0,298184.0,15
201000008990,10,3,13,1230,1,1,2,1.0,3.0,15244,M,4506420.0,297775.0,15
201000008991,10,8,4,1345,1,1,1,1.0,3.0,15061,M,4516420.0,283229.0,15
201000008992,10,8,12,1545,1,1,3,1.0,3.0,15044,M,4513110.0,284214.0,15
201000008993,10,11,10,2315,3,1,2,9.0,1.0,15041,M,4510100.0,292700.0,15
201000008994,10,3,7,1715,1,1,1,1.0,6.0,43036,M,4509500.0,377600.0,43
201000008995,10,3,15,1515,1,1,1,1.0,1.0,43233,M,4506100.0,380700.0,43
201000008996,10,7,26,815,1,2,1,2.0,2.0,43018,M,4501200.0,377500.0,43
201000008997,10,7,31,745,1,2,1,1.0,5.0,43018,M,4501400.0,379700.0,43
201000008998,10,9,21,2030,3,1,1,1.0,1.0,43174,M,4497800.0,383600.0,43
201000008999,10,5,9,430,5,2,1,2.0,6.0,43111,M,4484700.0,383500.0,43
201000009000,10,7,22,1000,1,1,1,2.0,3.0,43241,M,4496000.0,384500.0,43
201000009001,10,5,2,1815,1,1,1,1.0,5.0,43144,M,4495600.0,410400.0,43
201000009002,10,6,5,1545,1,1,1,1.0,7.0,43115,M,4497900.0,405900.0,43
201000009003,10,6,11,1930,1,2,1,2.0,1.0,43135,M,4494200.0,399800.0,43
201000009004,10,6,24,2045,1,1,1,1.0,6.0,43010,M,4497400.0,396800.0,43
201000009005,10,7,17,1515,1,2,1,1.0,3.0,43078,M,4500100.0,390300.0,43
201000009006,10,4,2,630,3,1,1,1.0,6.0,43061,M,4508000.0,396500.0,43
201000009007,10,4,12,1930,1,1,1,2.0,6.0,43061,M,0.0,0.0,43
201000009008,10,5,3,1015,1,1,1,1.0,3.0,43230,M,0.0,0.0,43
201000009009,10,8,1,1745,1,1,1,2.0,1.0,43119,M,4511500.0,389500.0,43
201000009010,10,9,5,1515,1,2,2,1.0,3.0,43021,M,0.0,0.0,43
201000009011,10,6,13,1730,1,1,1,2.0,7.0,43136,M,4497200.0,362800.0,43
201000009012,10,7,30,1900,1,1,1,7.0,3.0,43234,M,4496300.0,356500.0,43
201000009013,10,9,17,900,1,1,1,8.0,6.0,43234,M,4493800.0,354100.0,43
201000009014,10,1,13,815,1,1,1,4.0,7.0,43190,M,4506300.0,397500.0,43
201000009015,10,3,26,845,1,1,1,4.0,6.0,43190,M,0.0,0.0,43
201000009016,10,6,20,1100,1,1,1,1.0,1.0,43190,M,4502900.0,401900.0,43
201000009017,10,10,9,1100,1,1,1,1.0,7.0,43150,M,4510900.0,407099.0,43
201000009018,10,10,22,930,1,2,1,1.0,6.0,43194,M,4507600.0,404600.0,43
201000009019,10,11,26,800,1,1,1,4.0,3.0,43218,M,4507000.0,400600.0,43
201000009020,10,12,3,1630,1,1,1,4.0,1.0,43113,M,4497700.0,398400.0,43
201000009021,10,2,12,700,2,1,1,4.0,6.0,43216,M,4512600.0,382200.0,43
201000009022,10,2,23,1215,1,1,2,1.0,3.0,43216,M,4510800.0,381300.0,43
201000009023,10,3,22,1100,1,2,1,1.0,6.0,43216,M,4513800.0,381300.0,43
201000009024,10,3,27,1615,1,1,9,1.0,3.0,43152,M,4508200.0,383700.0,43
201000009025,10,4,3,1430,1,2,1,1.0,3.0,43080,M,4533400.0,385000.0,43
201000009026,10,4,26,2030,2,1,1,7.0,1.0,43152,M,4505700.0,386900.0,43
201000009027,10,4,30,1600,1,1,1,1.0,6.0,43259,M,4513300.0,369200.0,43
201000009028,10,5,17,1500,1,1,1,1.0,3.0,43026,M,0.0,0.0,43
201000009029,10,6,2,1530,1,1,1,2.0,3.0,43152,M,4508700.0,383800.0,43
201000009030,10,6,19,2345,3,1,1,2.0,7.0,43080,M,0.0,0.0,43
201000009031,10,6,20,130,3,1,1,2.0,6.0,43026,M,0.0,0.0,43
201000009032,10,7,6,1615,1,1,1,1.0,4.0,43152,M,4507800.0,384500.0,43
201000009033,10,8,1,1415,1,1,1,1.0,5.0,43152,M,0.0,0.0,43
201000009034,10,8,1,1515,1,1,1,2.0,7.0,43108,M,4530500.0,376500.0,43
201000009035,10,8,28,1530,1,2,1,1.0,6.0,43080,M,4532700.0,385200.0,43
201000009036,10,9,11,1345,1,2,1,1.0,2.0,43189,M,4529900.0,388800.0,43
201000009037,10,9,20,930,1,2,1,1.0,6.0,43043,M,0.0,0.0,43
201000009038,10,11,18,1545,1,2,1,1.0,1.0,43152,M,4507100.0,386400.0,43
201000009039,10,11,16,1000,1,2,1,1.0,6.0,43080,M,0.0,0.0,43
201000009040,10,11,24,1445,1,1,1,1.0,1.0,43043,M,4517200.0,377100.0,43
201000009041,10,7,10,1930,1,1,1,1.0,1.0,43147,M,4529900.0,333400.0,43
201000009042,10,10,31,15,3,1,1,3.0,1.0,43040,M,4529500.0,337800.0,43
201000009043,10,10,10,2030,3,1,1,2.0,1.0,43096,M,0.0,0.0,43
201000009044,10,11,28,1445,1,2,1,1.0,1.0,43040,M,0.0,0.0,43
201000009045,10,12,15,1730,2,2,1,8.0,6.0,43040,M,4529700.0,338300.0,43
201000009046,10,4,5,1030,1,1,1,7.0,3.0,43132,M,4511100.0,352400.0,43
201000009047,10,7,7,1115,1,2,1,1.0,6.0,43112,M,0.0,0.0,43
201000009048,10,7,18,30,3,1,1,1.0,7.0,43015,M,0.0,0.0,43
201000009049,10,7,20,1330,1,1,1,1.0,3.0,43132,M,4516100.0,350500.0,43
201000009050,10,8,27,1930,1,1,1,1.0,7.0,43060,M,0.0,0.0,43
201000009051,10,8,13,1745,1,1,1,1.0,1.0,43072,M,4524400.0,345500.0,43
201000009052,10,8,19,1615,1,1,1,1.0,7.0,43011,M,0.0,0.0,43
201000009053,10,9,15,2100,4,2,1,1.0,6.0,43148,M,0.0,0.0,43
201000009054,10,5,5,800,1,1,1,2.0,1.0,43033,M,4532200.0,319900.0,43
201000009055,10,7,3,2130,1,2,1,2.0,6.0,43185,M,4540500.0,332400.0,43
201000009056,10,8,3,1445,1,1,1,1.0,1.0,43121,M,4535000.0,322800.0,43
201000009057,10,9,22,1430,1,1,1,1.0,3.0,43170,M,4528200.0,327100.0,43
201000009058,10,10,30,1730,2,1,1,2.0,3.0,43185,M,4542400.0,330900.0,43
201000009059,10,12,29,845,1,2,1,1.0,6.0,43120,M,4539300.0,326800.0,43
201000009060,10,12,31,1445,1,1,1,8.0,7.0,43162,M,4523700.0,399700.0,43
201000009061,10,1,13,915,1,1,1,1.0,3.0,43162,M,4520200.0,404200.0,43
201000009062,10,1,21,1830,5,2,1,1.0,1.0,43268,M,4514800.0,411900.0,43
201000009063,10,1,28,1945,3,1,1,9.0,6.0,43162,M,4521400.0,403099.0,43
201000009064,10,3,16,1315,1,2,1,1.0,7.0,43025,M,4526200.0,409300.0,43
201000009065,10,3,21,1830,1,2,3,1.0,1.0,43166,M,0.0,0.0,43
201000009066,10,4,14,1215,1,1,1,1.0,3.0,43203,M,0.0,0.0,43
201000009067,10,5,5,1815,1,1,1,2.0,6.0,43020,M,0.0,0.0,43
201000009068,10,5,12,1400,1,2,1,2.0,3.0,43268,M,4515300.0,411500.0,43
201000009069,10,6,16,1215,1,1,1,3.0,1.0,43162,M,4523200.0,401400.0,43
201000009070,10,6,23,945,1,2,1,1.0,6.0,43162,M,4520700.0,403599.0,43
201000009071,10,7,9,1915,1,2,1,1.0,1.0,43024,M,4517700.0,407599.0,43
201000009072,10,7,9,900,1,1,1,1.0,1.0,43007,M,0.0,0.0,43
201000009073,10,7,25,515,3,1,1,1.0,6.0,43268,M,0.0,0.0,43
201000009074,10,9,17,720,1,1,1,1.0,6.0,43025,M,4528700.0,411099.0,43
201000009075,10,11,6,1215,1,1,1,1.0,3.0,43268,M,4511600.0,412500.0,43
201000009076,10,12,16,1030,1,1,1,8.0,7.0,43268,M,4513000.0,415299.0,43
201000009077,10,12,22,2030,5,2,1,3.0,6.0,43268,M,0.0,0.0,43
201000009078,10,12,23,1530,1,1,1,1.0,1.0,43007,M,4504300.0,417300.0,43
201000009079,10,1,20,915,1,1,1,9.0,6.0,43034,M,0.0,0.0,43
201000009080,10,5,19,2130,3,1,1,1.0,6.0,43020,M,0.0,0.0,43
201000009081,10,8,26,1345,1,1,1,1.0,6.0,43020,M,4528000.0,409000.0,43
201000009082,10,9,17,1645,1,2,9,1.0,6.0,43137,M,0.0,0.0,43
201000009083,10,9,20,1330,1,1,1,1.0,6.0,43137,M,0.0,0.0,43
201000009084,10,11,23,735,3,1,1,9.0,1.0,43137,M,4526800.0,415400.0,43
201000009085,10,12,17,845,1,1,1,9.0,7.0,43020,M,4532100.0,411800.0,43
201000009086,10,2,3,1000,1,2,1,1.0,7.0,43236,M,4530000.0,425400.0,43
201000009087,10,3,21,1615,1,2,1,1.0,6.0,43224,M,0.0,0.0,43
201000009088,10,4,19,1715,1,1,1,1.0,1.0,43227,M,4532100.0,432700.0,43
201000009089,10,6,5,1045,1,1,1,1.0,7.0,43224,M,4525300.0,423800.0,43
201000009090,10,6,11,845,1,1,1,1.0,1.0,43205,M,4534200.0,432400.0,43
201000009091,10,6,28,1415,1,1,6,1.0,3.0,43205,M,0.0,0.0,43
201000009092,10,9,4,1700,1,1,1,1.0,1.0,43224,M,4523400.0,420200.0,43
201000009093,10,12,13,2045,3,1,1,9.0,6.0,43184,M,4537200.0,425600.0,43
201000009094,10,2,5,1515,1,2,1,1.0,6.0,43051,M,4506400.0,430800.0,43
201000009095,10,3,21,1,3,1,1,2.0,6.0,43159,M,4517700.0,429600.0,43
201000009096,10,4,6,1800,1,1,1,1.0,3.0,43087,M,4522000.0,433200.0,43
201000009097,10,5,15,1915,1,1,1,2.0,3.0,43087,M,4522600.0,433500.0,43
201000009098,10,6,11,1700,1,1,2,2.0,3.0,43159,M,4520000.0,430300.0,43
201000009099,10,9,9,2130,3,1,1,2.0,6.0,43087,M,4521500.0,437700.0,43
201000009100,10,10,3,1330,1,1,1,1.0,7.0,43114,M,4518300.0,422400.0,43
201000009101,10,10,31,400,3,1,1,2.0,6.0,43159,M,4517300.0,429400.0,43
201000009102,10,1,4,1800,3,1,1,1.0,7.0,03101,M,0.0,0.0,03
201000009103,10,2,8,805,1,2,1,1.0,6.0,03185,M,,,03
201000009104,10,3,19,1834,1,2,1,2.0,3.0,03098,M,,,03
201000009105,10,3,22,1755,1,2,2,1.0,3.0,03262,M,,,03
201000009106,10,3,31,1350,1,2,2,1.0,2.0,03185,M,,,03
201000009107,10,4,28,300,5,2,1,1.0,7.0,03185,M,,,03
201000009108,10,5,11,1730,1,2,2,1.0,3.0,03185,M,,,03
201000009109,10,5,17,815,1,2,3,1.0,3.0,03185,M,,,03
201000009110,10,5,21,1805,1,2,3,1.0,3.0,03185,M,,,03
201000009111,10,5,24,2058,1,2,3,1.0,1.0,03185,M,,,03
201000009112,10,5,29,110,3,2,1,1.0,2.0,03101,M,,,03
201000009113,10,6,4,1543,1,2,1,1.0,6.0,03185,M,0.0,0.0,03
201000009114,10,6,23,455,5,2,9,1.0,6.0,03185,M,,,03
201000009115,10,6,26,1805,1,2,3,1.0,3.0,03185,M,,,03
201000009116,10,7,29,1510,1,2,9,1.0,6.0,03185,M,,,03
201000009117,10,8,21,2210,5,2,1,1.0,1.0,03185,M,,,03
201000009118,10,9,17,1715,1,2,1,1.0,3.0,03185,M,,,03
201000009119,10,9,19,1030,1,2,3,1.0,6.0,03185,M,,,03
201000009120,10,9,19,1140,1,2,2,1.0,3.0,03185,M,,,03
201000009121,10,9,22,1230,1,2,1,1.0,6.0,03185,M,,,03
201000009122,10,9,29,1850,1,2,1,1.0,6.0,03185,M,,,03
201000009123,10,10,3,200,4,2,1,1.0,6.0,03185,M,0.0,0.0,03
201000009124,10,10,5,1650,1,1,1,1.0,1.0,03211,M,,,03
201000009125,10,10,7,1825,1,2,1,1.0,6.0,03185,M,,,03
201000009126,10,10,18,1500,1,1,1,1.0,5.0,03262,M,0.0,0.0,03
201000009127,10,10,21,725,2,2,3,1.0,3.0,03262,M,,,03
201000009128,10,11,6,1600,1,2,1,1.0,6.0,03185,M,,,03
201000009129,10,11,10,925,1,2,1,1.0,6.0,03185,M,,,03
201000009130,10,11,10,1610,1,2,1,8.0,6.0,03185,M,,,03
201000009131,10,11,15,1700,2,2,1,1.0,3.0,03185,M,,,03
201000009132,10,11,26,820,1,2,2,8.0,6.0,03185,M,,,03
201000009133,10,12,7,1445,1,2,1,1.0,6.0,03185,M,,,03
201000009134,10,2,2,1420,1,2,1,1.0,5.0,03190,M,,,03
201000009135,10,3,8,1645,1,2,4,1.0,6.0,03190,M,,,03
201000009136,10,7,3,900,1,2,2,1.0,6.0,03190,M,,,03
201000009137,10,2,25,1025,1,2,1,2.0,6.0,03190,M,,,03
201000009138,10,2,26,1655,1,2,1,1.0,3.0,03190,M,,,03
201000009139,10,2,28,155,5,2,2,1.0,3.0,03190,M,,,03
201000009140,10,6,15,1820,1,2,2,2.0,5.0,03190,M,,,03
201000009141,10,7,27,1855,1,2,2,1.0,1.0,03190,M,,,03
201000009142,10,8,9,825,1,2,6,1.0,6.0,03321,M,,,03
201000009143,10,7,6,825,1,2,1,1.0,6.0,03190,M,,,03
201000009144,10,9,25,225,5,2,1,2.0,6.0,03190,M,,,03
201000009145,10,10,4,1845,1,2,1,1.0,1.0,03190,M,,,03
201000009146,10,10,14,1900,5,2,1,1.0,3.0,03190,M,,,03
201000009147,10,10,25,905,1,2,1,1.0,6.0,03190,M,,,03
201000009148,10,11,16,1600,1,2,1,1.0,6.0,03190,M,,,03
201000009149,10,11,18,2135,5,2,2,1.0,3.0,03321,M,,,03
201000009150,10,1,1,45,3,1,1,1.0,7.0,57634,M,4915500.0,612400.0,57
201000009151,10,2,7,730,3,1,1,1.0,7.0,57620,M,0.0,0.0,57
201000009152,10,2,20,1330,1,2,1,2.0,4.0,57620,M,0.0,0.0,57
201000009153,10,4,1,1745,1,2,1,1.0,6.0,57622,M,4919000.0,603700.0,57
201000009154,10,5,19,1545,1,1,9,1.0,3.0,57620,M,4920300.0,599100.0,57
201000009155,10,5,24,1830,1,1,1,1.0,7.0,57481,M,0.0,0.0,57
201000009156,10,6,17,1230,1,1,1,3.0,6.0,57634,M,0.0,0.0,57
201000009157,10,8,11,1845,1,1,2,1.0,1.0,57620,M,0.0,0.0,57
201000009158,10,10,1,730,2,1,1,1.0,6.0,57707,M,0.0,0.0,57
201000009159,10,10,26,1330,1,2,1,1.0,6.0,57622,M,4918900.0,604600.0,57
201000009160,10,11,24,1315,1,1,9,9.0,6.0,57634,M,4917000.0,609400.0,57
201000009161,10,11,30,1445,1,2,1,1.0,2.0,57620,M,4920000.0,599800.0,57
201000009162,10,12,17,1115,1,2,1,4.0,6.0,57622,M,0.0,0.0,57
201000009163,10,1,16,1815,3,1,1,2.0,1.0,57212,M,4903800.0,610100.0,57
201000009164,10,1,29,1830,5,2,7,4.0,6.0,57032,M,0.0,0.0,57
201000009165,10,2,26,1915,1,1,1,1.0,2.0,57350,M,4905500.0,607200.0,57
201000009166,10,4,21,1045,1,2,1,1.0,6.0,57515,M,0.0,0.0,57
201000009167,10,6,21,1800,1,2,1,1.0,1.0,57039,M,0.0,0.0,57
201000009168,10,7,23,930,1,2,1,1.0,3.0,57153,M,0.0,0.0,57
201000009169,10,9,11,1515,1,1,3,1.0,3.0,57701,M,0.0,0.0,57
201000009170,10,11,14,1800,5,2,1,1.0,3.0,57463,M,4911000.0,617700.0,57
201000009171,10,11,18,2045,5,2,1,1.0,6.0,57515,M,0.0,0.0,57
201000009172,10,12,24,900,1,2,1,4.0,6.0,57254,M,0.0,0.0,57
201000009173,10,1,6,1045,1,2,1,1.0,6.0,57663,M,0.0,0.0,57
201000009174,10,1,21,1215,1,2,1,1.0,3.0,57443,M,0.0,0.0,57
201000009175,10,3,22,1215,1,2,1,1.0,3.0,57433,M,0.0,0.0,57
201000009176,10,4,23,1315,1,2,1,1.0,1.0,57443,M,4923400.0,612400.0,57
201000009177,10,5,2,915,1,2,1,1.0,1.0,57443,M,0.0,0.0,57
201000009178,10,10,9,2030,5,2,9,1.0,3.0,57663,M,0.0,0.0,57
201000009179,10,10,10,2145,5,2,1,1.0,3.0,57443,M,4922200.0,612000.0,57
201000009180,10,12,11,1600,1,1,1,2.0,1.0,57433,M,4919400.0,616200.0,57
201000009181,10,12,14,1945,5,2,1,2.0,3.0,57433,M,4921600.0,616000.0,57
201000009182,10,12,22,2045,3,1,1,3.0,7.0,57645,M,4920400.0,613800.0,57