Num_Acc,an,mois,jour,hrmn,lum,agg,int,atm,col,com,gps,lat,long,dep
201000009183,10,1,31,1700,1,1,1,1.0,3.0,57655,M,0.0,0.0,57
201000009184,10,2,8,715,2,1,3,1.0,3.0,57425,M,0.0,0.0,57
201000009185,10,2,21,1415,1,1,1,1.0,7.0,57548,M,0.0,0.0,57
201000009186,10,3,15,1500,1,1,1,1.0,3.0,57403,M,0.0,0.0,57
201000009187,10,3,17,2100,5,1,1,1.0,3.0,57218,M,0.0,0.0,57
201000009188,10,3,19,2115,3,1,1,2.0,2.0,57137,M,0.0,0.0,57
201000009189,10,4,1,230,3,1,1,1.0,7.0,57422,M,0.0,0.0,57
201000009190,10,4,6,1700,1,1,1,1.0,7.0,57422,M,0.0,0.0,57
201000009191,10,4,11,715,2,1,1,1.0,1.0,57425,M,0.0,0.0,57
201000009192,10,4,18,1600,1,1,1,1.0,7.0,57718,M,4907200.0,643700.0,57
201000009193,10,4,26,1030,1,1,1,1.0,7.0,57548,M,0.0,0.0,57
201000009194,10,4,13,1700,1,1,1,1.0,6.0,57422,M,0.0,0.0,57
201000009195,10,6,4,1700,1,1,9,1.0,3.0,57572,M,4899700.0,643100.0,57
201000009196,10,6,6,1300,1,1,2,1.0,3.0,57554,M,0.0,0.0,57
201000009197,10,6,27,1900,1,1,1,1.0,7.0,57718,M,0.0,0.0,57
201000009198,10,7,14,1430,1,1,1,5.0,1.0,57403,M,0.0,0.0,57
201000009199,10,7,30,1715,1,1,1,1.0,7.0,57146,M,0.0,0.0,57
201000009200,10,7,30,2030,5,2,1,1.0,1.0,57708,M,0.0,0.0,57
201000009201,10,8,21,1915,1,1,1,1.0,7.0,57534,M,0.0,0.0,57
201000009202,10,8,24,1600,1,1,1,1.0,3.0,57057,M,0.0,0.0,57
201000009203,10,9,11,515,3,1,1,1.0,5.0,57653,M,0.0,0.0,57
201000009204,10,9,26,400,3,1,1,1.0,7.0,57422,M,0.0,0.0,57
201000009205,10,10,29,115,5,2,1,1.0,6.0,57617,M,4894600.0,622200.0,57
201000009206,10,2,11,730,2,1,1,4.0,1.0,57654,M,0.0,0.0,57
201000009207,10,3,23,1845,1,1,1,1.0,3.0,57563,M,0.0,0.0,57
201000009208,10,3,23,1745,1,2,1,1.0,3.0,57155,M,0.0,0.0,57
201000009209,10,3,23,1215,1,1,1,1.0,6.0,57467,M,0.0,0.0,57
201000009210,10,4,16,1400,1,2,1,1.0,6.0,57693,M,0.0,0.0,57
201000009211,10,5,14,930,1,1,2,1.0,3.0,57431,M,0.0,0.0,57
201000009212,10,6,9,1500,1,1,1,1.0,6.0,57219,M,0.0,0.0,57
201000009213,10,6,23,845,1,1,1,1.0,7.0,57385,M,0.0,0.0,57
201000009214,10,7,3,900,3,1,6,1.0,6.0,57028,M,0.0,0.0,57
201000009215,10,7,5,2315,3,1,1,1.0,6.0,57204,M,0.0,0.0,57
201000009216,10,8,27,1100,1,2,1,2.0,3.0,57155,M,0.0,0.0,57
201000009217,10,8,19,1700,1,1,1,1.0,3.0,57142,M,0.0,0.0,57
201000009218,10,9,5,1830,3,1,1,1.0,3.0,57155,M,0.0,0.0,57
201000009219,10,9,11,1145,1,1,1,1.0,6.0,57193,M,0.0,0.0,57
201000009220,10,12,12,415,3,1,1,1.0,6.0,57482,M,0.0,0.0,57
201000009221,10,12,25,1700,3,1,1,4.0,1.0,57563,M,0.0,0.0,57
201000009222,10,2,25,1215,1,1,2,1.0,3.0,57610,M,0.0,0.0,57
201000009223,10,3,26,1030,1,2,4,2.0,1.0,57667,M,4923500.0,656200.0,57
201000009224,10,6,28,1930,1,1,1,1.0,4.0,57667,M,0.0,0.0,57
201000009225,10,7,9,1730,1,2,1,1.0,1.0,57235,M,4928200.0,649300.0,57
201000009226,10,7,15,1730,1,1,1,1.0,1.0,57025,M,4926500.0,645300.0,57
201000009227,10,7,16,1500,1,1,1,1.0,1.0,57530,M,0.0,0.0,57
201000009228,10,7,19,845,1,1,1,1.0,6.0,57070,M,0.0,0.0,57
201000009229,10,7,20,745,1,1,1,1.0,3.0,57322,M,0.0,0.0,57
201000009230,10,9,9,1815,1,1,1,2.0,6.0,57186,M,0.0,0.0,57
201000009231,10,10,2,1845,2,1,1,2.0,7.0,57167,M,0.0,0.0,57
201000009232,10,10,3,1530,1,2,1,1.0,7.0,57016,M,0.0,0.0,57
201000009233,10,10,7,1845,3,1,1,1.0,1.0,57667,M,0.0,0.0,57
201000009234,10,10,14,1915,3,1,1,1.0,1.0,57700,M,4928500.0,651900.0,57
201000009235,10,4,6,1830,1,2,1,1.0,6.0,57160,M,0.0,0.0,57
201000009236,10,4,30,1130,1,1,1,1.0,6.0,57460,M,0.0,0.0,57
201000009237,10,6,1,1100,1,2,1,1.0,6.0,57160,M,0.0,0.0,57
201000009238,10,6,9,1915,1,2,1,2.0,7.0,57160,M,0.0,0.0,57
201000009239,10,9,24,2100,5,2,1,3.0,2.0,57160,M,0.0,0.0,57
201000009240,10,10,8,1500,1,1,1,1.0,3.0,57550,M,0.0,0.0,57
201000009241,10,1,15,1345,1,1,1,8.0,6.0,57319,M,0.0,0.0,57
201000009242,10,5,5,1800,1,1,1,1.0,3.0,57442,M,0.0,0.0,57
201000009243,10,5,23,2100,1,1,1,1.0,5.0,57293,M,0.0,0.0,57
201000009244,10,6,8,1715,1,2,1,1.0,6.0,57686,M,0.0,0.0,57
201000009245,10,7,2,2100,1,1,1,1.0,6.0,57714,M,0.0,0.0,57
201000009246,10,9,4,1015,1,1,1,1.0,2.0,57413,M,0.0,0.0,57
201000009247,10,9,30,1800,2,1,1,8.0,1.0,57276,M,0.0,0.0,57
201000009248,10,11,12,1645,2,1,1,3.0,3.0,57276,M,0.0,0.0,57
201000009249,10,1,9,430,3,1,1,4.0,7.0,57712,M,0.0,0.0,57
201000009250,10,2,27,2345,5,2,1,3.0,6.0,57754,M,4875200.0,658100.0,57
201000009251,10,5,2,1215,1,1,1,2.0,6.0,57727,M,4890600.0,645300.0,57
201000009252,10,5,22,1145,1,1,1,1.0,1.0,57625,M,4879300.0,648700.0,57
201000009253,10,5,26,1745,1,1,1,3.0,5.0,57375,M,0.0,0.0,57
201000009254,10,7,1,730,1,2,1,1.0,6.0,57132,M,4883000.0,650600.0,57
201000009255,10,7,16,1630,1,1,1,1.0,3.0,57692,M,4888800.0,653900.0,57
201000009256,10,8,12,645,2,1,1,2.0,7.0,57290,M,0.0,0.0,57
201000009257,10,8,14,1600,1,2,1,1.0,7.0,57538,M,4878500.0,640300.0,57
201000009258,10,8,24,1800,1,2,3,1.0,3.0,57406,M,4891500.0,634300.0,57
201000009259,10,10,7,930,1,1,1,5.0,3.0,57397,M,0.0,0.0,57
201000009260,10,10,19,2130,5,2,1,2.0,6.0,57132,M,4882500.0,651300.0,57
201000009261,10,11,10,1615,2,2,1,2.0,6.0,57099,M,4872700.0,672400.0,57
201000009262,10,11,12,700,3,1,1,1.0,6.0,57018,M,0.0,0.0,57
201000009263,10,11,21,345,3,1,1,1.0,7.0,57054,M,0.0,0.0,57
201000009264,10,11,23,1715,3,1,1,1.0,1.0,57151,M,4890300.0,665900.0,57
201000009265,10,3,21,1745,1,1,1,1.0,7.0,57521,M,0.0,0.0,57
201000009266,10,6,18,1815,1,1,1,1.0,1.0,57514,M,0.0,0.0,57
201000009267,10,7,31,1630,1,1,1,1.0,6.0,57202,M,0.0,0.0,57
201000009268,10,10,24,115,3,1,1,8.0,6.0,57596,M,0.0,0.0,57
201000009269,10,10,26,915,1,1,1,9.0,2.0,57521,M,0.0,0.0,57
201000009270,10,11,17,1600,2,2,1,2.0,6.0,57596,M,0.0,0.0,57
201000009271,10,9,12,1845,1,2,1,3.0,1.0,57176,M,4911300.0,694100.0,57
201000009272,10,12,1,715,2,2,1,8.0,6.0,57207,M,0.0,0.0,57
201000009273,10,2,24,1330,1,2,4,1.0,3.0,57051,M,0.0,0.0,57
201000009274,10,3,8,1345,1,1,1,1.0,6.0,57483,M,4893700.0,665000.0,57
201000009275,10,3,17,800,1,1,1,1.0,2.0,57483,M,0.0,0.0,57
201000009276,10,4,1,1630,1,2,1,1.0,1.0,57483,M,4892900.0,664400.0,57
201000009277,10,4,10,430,5,2,1,1.0,1.0,57177,M,0.0,0.0,57
201000009278,10,4,15,2115,3,1,1,1.0,6.0,57098,M,0.0,0.0,57
201000009279,10,4,29,1230,1,1,1,1.0,2.0,57060,M,0.0,0.0,57
201000009280,10,6,9,1700,1,1,1,8.0,5.0,57232,M,0.0,0.0,57
201000009281,10,6,12,1130,1,1,1,1.0,6.0,57246,M,0.0,0.0,57
201000009282,10,6,16,1745,1,2,1,1.0,6.0,57483,M,0.0,0.0,57
201000009283,10,7,2,930,1,1,6,1.0,3.0,57177,M,0.0,0.0,57
201000009284,10,8,24,1645,1,1,1,3.0,7.0,57560,M,4896300.0,668700.0,57
201000009285,10,8,28,100,4,2,1,1.0,6.0,57711,M,0.0,0.0,57
201000009286,10,9,15,1315,1,1,1,2.0,6.0,57401,M,0.0,0.0,57
201000009287,10,2,3,645,2,2,1,1.0,6.0,57224,M,0.0,0.0,57
201000009288,10,5,20,1345,1,1,2,1.0,3.0,57428,M,0.0,0.0,57
201000009289,10,5,27,915,1,2,1,1.0,6.0,57690,M,0.0,0.0,57
201000009290,10,9,28,815,1,1,1,2.0,1.0,57088,M,0.0,0.0,57
201000009291,10,10,7,730,1,2,1,1.0,6.0,57178,M,0.0,0.0,57
201000009292,10,9,21,1615,1,2,1,1.0,1.0,57628,M,0.0,0.0,57
201000009293,10,1,14,745,1,1,1,1.0,5.0,57320,M,0.0,0.0,57
201000009294,10,3,14,2200,3,1,1,2.0,6.0,57500,M,0.0,0.0,57
201000009295,10,3,19,815,1,1,1,1.0,6.0,57344,M,0.0,0.0,57
201000009296,10,4,5,2000,2,2,1,1.0,2.0,57505,M,0.0,0.0,57
201000009297,10,5,29,1100,1,1,1,1.0,3.0,57500,M,0.0,0.0,57
201000009298,10,5,29,1500,1,1,1,1.0,1.0,57302,M,0.0,0.0,57
201000009299,10,5,30,1045,1,1,1,1.0,4.0,57611,M,4866800.0,693900.0,57
201000009300,10,5,31,1245,1,1,1,1.0,1.0,57611,M,0.0,0.0,57
201000009301,10,6,26,1900,1,2,1,1.0,7.0,57253,M,0.0,0.0,57
201000009302,10,8,18,30,3,1,1,1.0,2.0,57611,M,0.0,0.0,57
201000009303,10,8,27,2045,3,1,1,3.0,1.0,57611,M,4867000.0,692000.0,57
201000009304,10,10,8,1615,1,2,1,1.0,1.0,57321,M,0.0,0.0,57
201000009305,10,12,7,830,1,1,1,3.0,1.0,57253,M,4868200.0,688800.0,57
201000009306,10,1,26,745,2,1,1,9.0,6.0,57713,M,0.0,0.0,57
201000009307,10,4,13,1800,1,1,1,1.0,2.0,57114,M,4875100.0,717000.0,57
201000009308,10,8,24,1030,1,2,7,1.0,2.0,57540,M,0.0,0.0,57
201000009309,10,8,23,1345,1,2,3,1.0,3.0,57540,M,0.0,0.0,57
201000009310,10,11,29,730,2,1,1,4.0,6.0,57713,M,0.0,0.0,57
201000009311,10,12,18,145,3,1,1,4.0,7.0,57255,M,4878700.0,700600.0,57
201000009312,10,12,26,1800,1,1,1,1.0,4.0,57566,M,0.0,0.0,57
201000009313,10,1,27,1400,1,1,1,1.0,3.0,57589,M,0.0,0.0,57
201000009314,10,2,28,1600,1,1,1,1.0,1.0,57748,M,0.0,0.0,57
201000009315,10,3,24,1345,1,1,1,1.0,3.0,57074,M,0.0,0.0,57
201000009316,10,4,16,1800,1,1,1,1.0,2.0,57234,M,0.0,0.0,57
201000009317,10,5,8,630,2,2,1,8.0,4.0,57535,M,0.0,0.0,57
201000009318,10,6,5,1530,1,2,1,1.0,6.0,57091,M,0.0,0.0,57
201000009319,10,12,3,1100,1,2,1,4.0,1.0,57340,M,0.0,0.0,57
201000009320,10,6,25,1600,1,2,1,1.0,1.0,57089,M,0.0,0.0,57
201000009321,10,7,3,745,1,1,1,7.0,3.0,57089,M,4904100.0,742600.0,57
201000009322,10,7,7,1930,1,1,1,7.0,3.0,57250,M,0.0,0.0,57
201000009323,10,1,6,1330,1,2,1,1.0,5.0,57206,M,0.0,0.0,57
201000009324,10,7,19,1800,1,2,1,1.0,1.0,57206,M,0.0,0.0,57
201000009325,10,7,23,1630,1,2,6,2.0,7.0,57242,M,0.0,0.0,57
201000009326,10,10,5,845,1,2,6,2.0,1.0,57206,M,0.0,0.0,57
201000009327,10,1,27,1330,1,2,1,1.0,6.0,57191,M,0.0,0.0,57
201000009328,10,2,16,1715,1,2,1,8.0,6.0,57343,M,0.0,0.0,57
201000009329,10,5,3,1800,1,2,1,1.0,1.0,57531,M,0.0,0.0,57
201000009330,10,5,5,1715,1,1,1,1.0,3.0,57269,M,4930600.0,618300.0,57
201000009331,10,5,6,2045,2,1,6,2.0,6.0,57757,M,0.0,0.0,57
201000009332,10,5,20,800,1,1,2,1.0,3.0,57102,M,0.0,0.0,57
201000009333,10,6,24,1830,1,1,1,1.0,6.0,57767,M,0.0,0.0,57
201000009334,10,9,1,830,1,2,1,1.0,2.0,57426,M,0.0,0.0,57
201000009335,10,9,8,1515,1,1,1,1.0,6.0,57465,M,0.0,0.0,57
201000009336,10,9,22,1115,1,2,1,1.0,1.0,57191,M,4937400.0,629000.0,57
201000009337,10,9,27,1815,1,1,2,1.0,1.0,57733,M,0.0,0.0,57
201000009338,10,10,10,945,1,1,1,1.0,2.0,57331,M,4930300.0,635300.0,57
201000009339,10,5,9,100,3,1,1,1.0,6.0,57361,M,0.0,0.0,57
201000009340,10,7,3,2000,1,2,1,1.0,6.0,57341,M,0.0,0.0,57
201000009341,10,7,25,1715,1,1,1,1.0,3.0,57740,M,0.0,0.0,57
201000009342,10,9,5,1945,1,2,1,1.0,1.0,57437,M,0.0,0.0,57
201000009343,10,9,18,1745,1,1,1,1.0,1.0,57371,M,0.0,0.0,57
201000009344,10,10,28,1900,3,1,1,1.0,1.0,57361,M,0.0,0.0,57
201000009345,10,11,3,1745,5,2,1,1.0,6.0,57062,M,0.0,0.0,57
201000009346,10,4,8,800,1,2,1,1.0,6.0,57683,M,0.0,0.0,57
201000009347,10,4,10,300,3,2,1,8.0,1.0,57582,M,0.0,0.0,57
201000009348,10,5,11,2245,5,2,1,1.0,6.0,57582,M,,,57
201000009349,10,5,23,1845,1,2,1,1.0,7.0,57683,M,0.0,0.0,57
201000009350,10,6,9,915,1,2,1,1.0,6.0,57683,M,0.0,0.0,57
201000009351,10,7,2,1800,1,2,6,1.0,3.0,57474,M,0.0,0.0,57
201000009352,10,10,14,1715,1,2,1,1.0,3.0,57683,M,0.0,0.0,57
201000009353,10,10,22,730,1,2,1,5.0,6.0,57683,M,0.0,0.0,57
201000009354,10,1,19,745,5,2,1,5.0,6.0,54157,M,0.0,0.0,54
201000009355,10,3,13,1730,1,1,1,1.0,1.0,54072,M,4885370.0,609638.0,54
201000009356,10,3,14,230,3,1,1,1.0,6.0,54400,M,4887960.0,621559.0,54
201000009357,10,3,30,1545,1,1,2,1.0,3.0,54024,M,4884210.0,628250.0,54
201000009358,10,4,24,1615,1,1,1,1.0,2.0,54031,M,4883300.0,609900.0,54
201000009359,10,5,30,1800,1,2,1,1.0,6.0,54157,M,4884100.0,606400.0,54
201000009360,10,8,8,430,3,1,1,1.0,6.0,54390,M,4891170.0,608707.0,54
201000009361,10,3,7,1800,3,1,1,1.0,6.0,54110,M,4869540.0,630653.0,54
201000009362,10,3,11,2330,5,2,1,1.0,6.0,54168,M,4874090.0,624017.0,54
201000009363,10,3,15,1830,2,1,1,1.0,3.0,54006,M,4872630.0,623751.0,54
201000009364,10,6,11,2000,1,1,1,1.0,6.0,54462,M,4859990.0,633989.0,54
201000009365,10,6,21,2145,3,1,1,1.0,7.0,54110,M,4869940.0,629106.0,54
201000009366,10,6,25,2100,1,2,1,1.0,6.0,54358,M,4875870.0,638111.0,54
201000009367,10,7,16,1415,1,1,1,1.0,3.0,54110,M,4869910.0,629157.0,54
201000009368,10,2,17,1830,5,2,1,2.0,6.0,54115,M,0.0,0.0,54
201000009369,10,5,7,1600,1,2,1,1.0,1.0,54215,M,0.0,0.0,54
201000009370,10,5,20,1500,1,2,1,1.0,6.0,54115,M,4873410.0,616894.0,54
201000009371,10,5,21,1915,1,2,1,1.0,6.0,54215,M,0.0,0.0,54
201000009372,10,6,4,1030,1,2,1,1.0,3.0,54215,M,0.0,0.0,54
201000009373,10,6,9,1645,1,2,1,2.0,7.0,54430,M,0.0,0.0,54
201000009374,10,6,6,915,1,2,1,3.0,3.0,54305,M,0.0,0.0,54
201000009375,10,6,27,115,5,2,1,1.0,3.0,54215,M,0.0,0.0,54
201000009376,10,7,6,1915,1,2,9,1.0,2.0,54430,M,0.0,0.0,54
201000009377,10,7,9,415,5,2,1,1.0,7.0,54115,M,0.0,0.0,54
201000009378,10,7,14,1230,1,2,1,1.0,6.0,54115,M,0.0,0.0,54
201000009379,10,7,23,1015,1,2,6,1.0,3.0,54150,M,4879010.0,614303.0,54
201000009380,10,9,9,1730,1,2,1,2.0,6.0,54150,M,4879450.0,615097.0,54
201000009381,10,9,11,2145,5,2,1,1.0,1.0,54115,M,0.0,0.0,54
201000009382,10,9,13,815,1,2,6,1.0,3.0,54115,M,4874430.0,616657.0,54
201000009383,10,11,14,1845,5,2,1,2.0,6.0,54150,M,0.0,0.0,54
201000009384,10,1,18,2245,3,1,1,1.0,7.0,54043,M,0.0,0.0,54
201000009385,10,5,3,1230,1,1,1,1.0,3.0,54123,M,4864090.0,613379.0,54
201000009386,10,6,4,730,1,2,1,1.0,3.0,54397,M,0.0,0.0,54
201000009387,10,6,24,1045,1,1,3,1.0,3.0,54196,M,4855830.0,618833.0,54
201000009388,10,6,25,1800,1,2,3,1.0,1.0,54505,M,4862180.0,604799.0,54
201000009389,10,7,26,1030,1,2,1,1.0,3.0,54397,M,0.0,0.0,54
201000009390,10,9,4,1600,1,2,1,1.0,6.0,54432,M,0.0,0.0,54
201000009391,10,10,1,1515,1,1,1,1.0,3.0,54336,M,0.0,0.0,54
201000009392,10,3,5,845,1,2,1,1.0,2.0,54403,M,0.0,0.0,54
201000009393,10,4,14,2345,3,2,1,8.0,6.0,54403,M,4893500.0,603849.0,54
201000009394,10,8,13,830,1,1,1,1.0,7.0,54182,M,0.0,0.0,54
201000009395,10,9,4,915,1,1,1,1.0,3.0,54518,M,4891030.0,592786.0,54
201000009396,10,1,5,1800,5,2,1,1.0,1.0,54563,M,4849200.0,609100.0,54
201000009397,10,2,5,1900,5,2,1,1.0,7.0,54563,M,4849200.0,609000.0,54
201000009398,10,2,12,630,3,1,1,4.0,6.0,54597,M,0.0,0.0,54
201000009399,10,2,16,2315,3,1,1,1.0,6.0,54109,M,4854740.0,618755.0,54
201000009400,10,2,21,1645,1,1,1,1.0,5.0,54513,M,4845780.0,612787.0,54
201000009401,10,2,21,2015,3,1,1,1.0,6.0,54597,M,4842400.0,620731.0,54
201000009402,10,3,7,715,3,1,1,1.0,6.0,54417,M,4853710.0,606149.0,54
201000009403,10,4,3,1430,1,1,1,2.0,2.0,54597,M,4842700.0,619146.0,54
201000009404,10,4,4,830,3,1,1,1.0,6.0,54142,M,4846870.0,624916.0,54
201000009405,10,5,1,145,3,1,1,1.0,6.0,54307,M,4842860.0,623029.0,54
201000009406,10,6,5,130,5,2,1,1.0,3.0,54299,M,4847060.0,626500.0,54
201000009407,10,6,15,1030,1,1,1,1.0,6.0,54092,M,4837500.0,612497.0,54
201000009408,10,6,15,1845,1,1,1,1.0,6.0,54473,M,4843020.0,612469.0,54
201000009409,10,7,2,800,1,1,1,1.0,1.0,54266,M,4853880.0,608962.0,54
201000009410,10,8,21,515,5,2,1,1.0,6.0,54563,M,0.0,0.0,54
201000009411,10,12,12,1845,3,1,1,8.0,7.0,54299,M,4847000.0,624000.0,54
201000009412,10,1,4,1740,5,2,1,1.0,6.0,03023,M,0.0,0.0,03
201000009413,10,1,5,2045,5,2,1,4.0,2.0,03023,M,0.0,0.0,03
201000009414,10,1,8,1335,1,2,1,4.0,6.0,03310,M,,,03
201000009415,10,1,17,1230,1,2,1,1.0,6.0,03310,M,,,03
201000009416,10,1,24,1600,1,2,1,2.0,6.0,03095,M,,,03
201000009417,10,2,2,1925,5,2,1,1.0,6.0,03310,M,,,03
201000009418,10,2,3,1220,1,2,1,1.0,6.0,03310,M,,,03
201000009419,10,2,21,1530,1,2,3,1.0,6.0,03310,M,,,03
201000009420,10,2,24,1415,1,2,1,8.0,7.0,03094,M,0.0,0.0,03
201000009421,10,3,1,1615,1,2,1,1.0,3.0,03023,M,0.0,0.0,03
201000009422,10,3,4,1540,1,2,3,1.0,3.0,03310,M,,,03
201000009423,10,3,6,2125,5,2,1,8.0,6.0,03095,M,,,03
201000009424,10,3,8,850,1,2,2,1.0,3.0,03310,M,,,03
201000009425,10,3,9,750,1,2,1,1.0,3.0,03095,M,,,03
201000009426,10,3,11,805,1,2,1,4.0,6.0,03310,M,,,03
201000009427,10,3,23,1515,1,2,4,1.0,1.0,03023,M,0.0,0.0,03
201000009428,10,3,26,1805,1,2,4,2.0,3.0,03310,M,,,03
201000009429,10,3,31,1210,1,2,1,1.0,3.0,03023,M,0.0,0.0,03
201000009430,10,4,1,1550,1,2,1,1.0,3.0,03310,M,,,03
201000009431,10,4,1,1700,1,2,1,1.0,1.0,03310,M,,,03
201000009432,10,4,1,1840,1,2,6,1.0,2.0,03310,M,,,03
201000009433,10,4,5,1930,1,2,2,1.0,5.0,03094,M,0.0,0.0,03
201000009434,10,4,8,1700,1,2,1,1.0,6.0,03310,M,,,03
201000009435,10,4,18,2220,5,1,3,1.0,2.0,03001,M,0.0,0.0,03
201000009436,10,4,19,1425,1,2,2,1.0,3.0,03310,M,,,03
201000009437,10,4,29,1730,1,2,4,1.0,3.0,03310,M,,,03
201000009438,10,5,1,445,5,2,6,8.0,3.0,03310,M,,,03
201000009439,10,5,3,850,1,2,6,1.0,3.0,03095,M,,,03
201000009440,10,5,5,1630,1,2,1,2.0,6.0,03310,M,,,03
201000009441,10,5,10,1920,1,2,3,1.0,3.0,03310,M,,,03
201000009442,10,5,19,2310,5,2,3,1.0,3.0,03310,M,0.0,0.0,03
201000009443,10,6,4,1055,1,2,1,1.0,6.0,03310,M,,,03
201000009444,10,6,12,1725,1,1,1,1.0,1.0,03023,M,,,03
201000009445,10,6,12,2345,5,2,2,1.0,3.0,03310,M,,,03
201000009446,10,6,15,1645,1,2,3,8.0,3.0,03310,M,,,03
201000009447,10,6,12,2115,1,2,1,1.0,2.0,03023,M,,,03
201000009448,10,6,20,2030,1,2,1,8.0,6.0,03310,M,,,03
201000009449,10,6,30,1025,1,2,2,1.0,3.0,03094,M,0.0,0.0,03
201000009450,10,7,1,1340,1,2,4,1.0,3.0,03310,M,,,03
201000009451,10,7,15,1245,1,2,1,1.0,3.0,03310,M,,,03
201000009452,10,7,16,1540,1,2,1,1.0,6.0,03310,M,,,03
201000009453,10,7,17,1610,1,2,1,1.0,6.0,03095,M,,,03
201000009454,10,7,20,1630,1,2,1,1.0,6.0,03310,M,,,03
201000009455,10,8,1,1800,1,2,1,2.0,6.0,03310,M,,,03
201000009456,10,8,14,2105,3,1,1,1.0,1.0,03095,M,,,03
201000009457,10,8,14,2310,5,2,1,1.0,6.0,03094,M,0.0,0.0,03
201000009458,10,8,19,1345,1,2,2,1.0,3.0,03310,M,,,03
201000009459,10,8,22,1445,1,2,1,1.0,1.0,03310,M,,,03
201000009460,10,8,23,1645,1,2,1,1.0,6.0,03023,M,,,03
201000009461,10,8,24,1625,1,2,1,1.0,6.0,03310,M,,,03
201000009462,10,8,26,1215,1,2,3,1.0,3.0,03310,M,,,03
201000009463,10,8,26,1745,1,2,3,1.0,3.0,03095,M,,,03
201000009464,10,8,31,1200,1,2,1,1.0,6.0,03310,M,,,03
201000009465,10,9,2,2105,5,2,3,1.0,6.0,03310,M,,,03
201000009466,10,9,3,1650,1,2,1,1.0,5.0,03095,M,,,03
201000009467,10,9,8,1945,1,2,2,1.0,3.0,03310,M,,,03
201000009468,10,9,9,1420,1,2,3,1.0,7.0,03310,M,,,03
201000009469,10,9,18,1000,1,2,1,1.0,6.0,03023,M,0.0,0.0,03
201000009470,10,9,18,1355,1,2,2,1.0,6.0,03310,M,,,03
201000009471,10,9,20,850,1,2,1,1.0,6.0,03310,M,,,03
201000009472,10,9,24,1005,1,2,1,3.0,6.0,03023,M,0.0,0.0,03
201000009473,10,10,2,1730,1,2,1,1.0,3.0,03095,M,,,03
201000009474,10,10,4,2215,3,1,1,2.0,7.0,03095,M,,,03
201000009475,10,10,5,750,1,1,1,2.0,6.0,03310,M,,,03
201000009476,10,10,7,1620,1,2,1,1.0,6.0,03095,M,0.0,0.0,03
201000009477,10,10,9,415,3,1,1,1.0,6.0,03095,M,0.0,0.0,03
201000009478,10,10,9,1420,1,2,4,1.0,3.0,03001,M,0.0,0.0,03
201000009479,10,10,12,1830,1,2,1,1.0,6.0,03095,M,0.0,0.0,03
201000009480,10,10,14,2015,1,2,1,1.0,6.0,03310,M,,,03
201000009481,10,10,17,200,5,2,2,2.0,3.0,03095,M,,,03
201000009482,10,10,22,1215,1,2,1,1.0,2.0,03023,M,0.0,0.0,03
201000009483,10,10,22,1410,1,2,1,1.0,3.0,03023,M,,,03
201000009484,10,10,25,1900,5,2,6,1.0,3.0,03023,M,,,03
201000009485,10,10,27,2025,5,1,3,1.0,6.0,03001,M,0.0,0.0,03
201000009486,10,10,28,1105,1,2,6,1.0,3.0,03095,M,0.0,0.0,03
201000009487,10,10,30,2010,5,2,1,1.0,6.0,03310,M,,,03
201000009488,10,11,6,1925,5,2,1,1.0,3.0,03310,M,,,03
201000009489,10,11,7,1540,1,2,3,8.0,3.0,03310,M,,,03
201000009490,10,11,8,2105,5,2,2,1.0,3.0,03023,M,,,03
201000009491,10,11,11,1745,2,2,6,1.0,6.0,03095,M,0.0,0.0,03
201000009492,10,11,15,2220,5,2,1,1.0,6.0,03310,M,,,03
201000009493,10,12,6,1720,5,2,1,2.0,5.0,03310,M,,,03
201000009494,10,12,22,1655,2,2,1,1.0,2.0,03095,M,0.0,0.0,03
201000009495,10,12,25,240,5,2,1,4.0,6.0,03310,M,,,03
201000009496,10,12,31,1225,1,2,1,1.0,6.0,03095,M,0.0,0.0,03
201000009497,10,2,11,900,1,1,1,4.0,3.0,54581,M,4913210.0,589252.0,54
201000009498,10,2,24,1700,1,1,1,9.0,3.0,54478,M,4912950.0,596855.0,54
201000009499,10,4,23,1730,1,1,1,1.0,7.0,54593,M,4901390.0,592691.0,54
201000009500,10,4,28,1600,1,1,1,1.0,7.0,54477,M,4901380.0,592693.0,54
201000009501,10,5,2,1345,1,2,1,1.0,3.0,54441,M,4907510.0,588500.0,54
201000009502,10,5,24,200,5,1,1,1.0,6.0,54082,M,4916260.0,582336.0,54
201000009503,10,6,4,2045,1,1,1,1.0,2.0,54283,M,4915550.0,594699.0,54
201000009504,10,7,31,1615,1,1,1,1.0,7.0,54593,M,4900560.0,594514.0,54
201000009505,10,8,29,1300,1,2,1,8.0,1.0,54112,M,0.0,0.0,54
201000009506,10,10,15,2345,3,1,1,1.0,7.0,54353,M,0.0,0.0,54
201000009507,10,11,12,2030,3,1,1,6.0,3.0,54171,M,0.0,0.0,54
201000009508,10,2,8,1530,1,2,1,1.0,7.0,54342,M,4928512.0,589462.0,54
201000009509,10,4,17,130,5,2,1,1.0,6.0,54194,M,4940430.0,584022.0,54
201000009510,10,5,22,1800,1,1,1,1.0,3.0,54029,M,4940620.0,576106.0,54
201000009511,10,5,24,1300,1,1,1,1.0,6.0,54504,M,4940420.0,586504.0,54
201000009512,10,10,6,2030,3,1,1,1.0,6.0,54598,M,4937100.0,576600.0,54
201000009513,10,11,12,1715,1,1,1,3.0,1.0,54081,M,4940500.0,574900.0,54
201000009514,10,3,5,800,1,2,1,7.0,2.0,54520,M,0.0,0.0,54
201000009515,10,9,1,1915,1,1,1,1.0,1.0,54349,M,0.0,0.0,54
201000009516,10,4,5,1645,1,2,1,1.0,1.0,54152,M,4855940.0,637512.0,54
201000009517,10,6,10,845,1,1,1,1.0,6.0,54222,M,0.0,0.0,54
201000009518,10,7,6,1730,1,2,1,1.0,1.0,54595,M,4853400.0,646150.0,54
201000009519,10,7,14,200,3,1,1,1.0,6.0,54501,M,4846120.0,651625.0,54