Num_Acc,an,mois,jour,hrmn,lum,agg,int,atm,col,com,gps,lat,long,dep
201000009520,10,7,14,1830,1,1,1,6.0,3.0,54245,M,4849000.0,633613.0,54
201000009521,10,8,3,1845,1,1,1,1.0,1.0,54393,M,0.0,0.0,54
201000009522,10,10,11,1700,1,2,1,1.0,2.0,54076,M,4855800.0,640400.0,54
201000009523,10,10,18,1700,1,2,1,1.0,1.0,54076,M,0.0,0.0,54
201000009524,10,8,7,1745,1,2,1,1.0,2.0,54423,M,4848590.0,687277.0,54
201000009525,10,8,21,2200,3,1,1,1.0,7.0,54211,M,4859670.0,690924.0,54
201000009526,10,9,17,1100,1,2,1,1.0,3.0,54161,M,4856060.0,680120.0,54
201000009527,10,10,29,600,3,1,1,5.0,7.0,54161,M,4856100.0,680800.0,54
201000009528,10,4,29,800,1,1,1,1.0,6.0,54365,M,4846180.0,674844.0,54
201000009529,10,5,21,1900,1,2,1,1.0,3.0,54519,M,4841300.0,681000.0,54
201000009530,10,7,12,1500,1,1,2,1.0,3.0,54201,M,4844730.0,666076.0,54
201000009531,10,9,26,230,5,2,1,1.0,6.0,54039,M,4844030.0,675720.0,54
201000009532,10,10,18,1245,1,2,1,1.0,6.0,54039,M,4845300.0,673600.0,54
201000009533,10,1,25,1845,3,1,2,1.0,3.0,54523,M,4857600.0,597100.0,54
201000009534,10,2,4,715,2,1,1,1.0,1.0,54528,M,0.0,0.0,54
201000009535,10,4,17,1415,1,1,1,1.0,1.0,54080,M,4859330.0,581272.0,54
201000009536,10,4,25,1845,1,1,1,1.0,3.0,54128,M,4866850.0,581449.0,54
201000009537,10,5,1,1745,1,1,1,1.0,6.0,54122,M,0.0,0.0,54
201000009538,10,5,9,1415,1,1,3,1.0,3.0,54102,M,4871473.0,587523.0,54
201000009539,10,5,16,1015,1,1,1,1.0,3.0,54583,M,0.0,0.0,54
201000009540,10,5,16,1630,1,1,1,1.0,6.0,54128,M,0.0,0.0,54
201000009541,10,6,28,1430,1,1,1,1.0,7.0,54128,M,4866840.0,581501.0,54
201000009542,10,7,4,1945,1,1,1,1.0,7.0,54426,M,4864490.0,600305.0,54
201000009543,10,7,12,2100,1,2,1,1.0,6.0,54135,M,0.0,0.0,54
201000009544,10,7,13,2300,3,1,1,1.0,6.0,54523,M,0.0,0.0,54
201000009545,10,7,16,1730,1,1,1,1.0,3.0,54583,M,4866300.0,596035.0,54
201000009546,10,9,30,1500,1,1,1,8.0,7.0,54242,M,0.0,0.0,54
201000009547,10,10,9,2215,3,2,1,1.0,6.0,54529,M,0.0,0.0,54
201000009548,10,10,12,1900,2,1,3,1.0,3.0,54010,M,0.0,0.0,54
201000009549,10,10,25,2245,3,1,1,1.0,6.0,54496,M,4851700.0,579500.0,54
201000009550,10,11,17,2115,5,2,1,1.0,6.0,54523,M,0.0,0.0,54
201000009551,10,11,18,1830,3,1,1,8.0,6.0,54583,M,4867000.0,595000.0,54
201000009552,10,12,20,630,3,1,1,4.0,1.0,54523,M,0.0,0.0,54
201000009553,10,1,11,1130,1,1,1,8.0,6.0,54346,M,4879300.0,593000.0,54
201000009554,10,1,24,1745,3,1,1,4.0,6.0,54160,M,4882600.0,592200.0,54
201000009555,10,3,15,830,1,1,1,8.0,6.0,54340,M,4889200.0,596503.0,54
201000009556,10,5,28,945,1,1,1,1.0,6.0,54404,M,4885950.0,588461.0,54
201000009557,10,5,29,1800,1,1,1,1.0,1.0,54466,M,4879730.0,585171.0,54
201000009558,10,7,17,2350,3,1,1,1.0,6.0,54057,M,4884880.0,581112.0,54
201000009559,10,7,22,1145,1,1,1,2.0,1.0,54272,M,4877600.0,597999.0,54
201000009560,10,11,13,900,3,2,1,1.0,6.0,54318,M,0.0,0.0,54
201000009561,10,11,17,1700,2,1,1,1.0,1.0,54584,M,4871800.0,596600.0,54
201000009562,10,12,4,2200,3,1,1,4.0,7.0,54463,M,4879600.0,601300.0,54
201000009563,10,2,10,1000,1,1,1,1.0,7.0,55369,M,4881729.0,524376.0,55
201000009564,10,5,7,1445,1,2,1,1.0,2.0,55049,M,4876183.0,502662.0,55
201000009565,10,6,5,1,3,1,2,1.0,3.0,55123,M,4885000.0,520700.0,55
201000009566,10,6,7,1715,1,1,3,1.0,2.0,55427,M,4883714.0,500882.0,55
201000009567,10,8,1,1615,1,2,1,1.0,2.0,55427,M,4882000.0,497000.0,55
201000009568,10,10,9,1900,2,1,1,1.0,6.0,55369,M,4878727.0,520232.0,55
201000009569,10,10,18,1730,1,1,1,1.0,1.0,55120,M,4874404.0,511420.0,55
201000009570,10,1,23,400,3,1,1,8.0,7.0,55291,M,4867189.0,529417.0,55
201000009571,10,2,20,1845,5,2,3,1.0,3.0,55291,M,4868400.0,533125.0,55
201000009572,10,2,27,1345,1,1,1,1.0,1.0,55221,M,4872173.0,526274.0,55
201000009573,10,3,2,1700,2,2,1,1.0,6.0,55291,M,4869024.0,532466.0,55
201000009574,10,3,15,1145,1,1,4,1.0,3.0,55519,M,4872396.0,527860.0,55
201000009575,10,4,4,145,3,1,6,1.0,7.0,55504,M,0.0,0.0,55
201000009576,10,6,4,1915,1,1,1,7.0,7.0,55224,M,0.0,0.0,55
201000009577,10,6,13,830,1,1,1,1.0,3.0,55010,M,0.0,0.0,55
201000009578,10,7,9,1445,1,1,2,1.0,5.0,55031,M,4868358.0,502047.0,55
201000009579,10,7,21,2300,5,2,1,1.0,6.0,55447,M,0.0,0.0,55
201000009580,10,8,3,100,3,2,1,1.0,6.0,55519,M,4871787.0,527324.0,55
201000009581,10,8,21,215,5,2,1,1.0,6.0,55568,M,4800000.0,500000.0,55
201000009582,10,9,12,1700,1,2,1,1.0,1.0,55132,M,4800000.0,500000.0,55
201000009583,10,9,16,1515,1,1,1,1.0,7.0,55501,M,4864836.0,516967.0,55
201000009584,10,9,20,1210,1,1,1,1.0,6.0,55501,M,4864838.0,517036.0,55
201000009585,10,10,12,2030,3,1,1,1.0,6.0,55132,M,0.0,0.0,55
201000009586,10,10,14,1945,5,2,1,1.0,7.0,55079,M,4871139.0,509484.0,55
201000009587,10,12,2,2100,3,1,1,1.0,5.0,55504,M,4873500.0,523300.0,55
201000009588,10,1,12,1430,1,1,1,8.0,1.0,55122,M,4876100.0,561000.0,55
201000009589,10,5,23,1000,1,1,1,1.0,7.0,55258,M,4877600.0,574000.0,55
201000009590,10,6,22,1600,1,2,1,1.0,6.0,55122,M,4876037.0,558609.0,55
201000009591,10,10,2,2045,3,1,1,1.0,7.0,55122,M,4873946.0,555694.0,55
201000009592,10,10,5,1915,3,1,1,1.0,7.0,55288,M,4879200.0,555400.0,55
201000009593,10,10,14,1730,1,2,1,1.0,6.0,55122,M,4876600.0,559100.0,55
201000009594,10,11,20,730,2,1,1,1.0,7.0,55122,M,0.0,0.0,55
201000009595,10,12,24,1415,1,1,1,8.0,1.0,55122,M,4875600.0,559900.0,55
201000009596,10,1,23,815,1,1,9,1.0,6.0,55111,M,4890500.0,547600.0,55
201000009597,10,2,12,1600,1,1,1,8.0,7.0,55096,M,0.0,0.0,55
201000009598,10,3,6,2330,5,2,3,1.0,6.0,55551,M,4898047.0,570975.0,55
201000009599,10,4,13,1830,1,1,1,1.0,6.0,55044,M,4886181.0,530538.0,55
201000009600,10,4,13,1200,1,1,1,2.0,7.0,55463,M,4887400.0,551900.0,55
201000009601,10,6,23,1445,1,1,1,1.0,1.0,55264,M,4884718.0,551180.0,55
201000009602,10,7,5,1500,1,2,1,1.0,5.0,55463,M,4889300.0,554900.0,55
201000009603,10,8,15,1045,1,1,1,3.0,3.0,55448,M,4888000.0,539000.0,55
201000009604,10,10,18,1145,1,1,1,8.0,1.0,55462,M,4902700.0,567800.0,55
201000009605,10,1,29,1830,3,1,1,4.0,6.0,55496,M,4872524.0,565629.0,55
201000009606,10,4,12,50,3,1,1,1.0,7.0,55472,M,4870536.0,550007.0,55
201000009607,10,5,3,1845,1,1,1,1.0,6.0,55474,M,0.0,0.0,55
201000009608,10,5,13,100,3,1,1,1.0,6.0,55496,M,0.0,0.0,55
201000009609,10,5,27,1515,1,1,1,1.0,7.0,55520,M,4868989.0,568045.0,55
201000009610,10,6,6,545,1,1,1,1.0,6.0,55096,M,0.0,0.0,55
201000009611,10,7,5,1745,1,1,1,1.0,7.0,55344,M,4851938.0,569796.0,55
201000009612,10,9,12,1515,1,2,4,1.0,3.0,55398,M,4869517.0,573172.0,55
201000009613,10,10,30,1615,1,1,1,1.0,6.0,55472,M,4870518.0,550279.0,55
201000009614,10,1,20,1600,1,2,3,9.0,3.0,55502,M,4948666.0,519642.0,55
201000009615,10,3,19,1500,1,1,1,1.0,3.0,55025,M,4948221.0,528023.0,55
201000009616,10,5,21,645,1,2,1,1.0,6.0,55351,M,4952469.0,537386.0,55
201000009617,10,6,7,1545,1,1,3,1.0,6.0,55252,M,4946592.0,539903.0,55
201000009618,10,7,2,1815,1,2,1,1.0,3.0,55364,M,4946468.0,521323.0,55
201000009619,10,7,11,1015,1,1,1,1.0,6.0,55252,M,4946582.0,539972.0,55
201000009620,10,7,20,1900,1,1,1,1.0,6.0,55262,M,4945498.0,533974.0,55
201000009621,10,7,24,845,1,1,1,1.0,6.0,55324,M,4945736.0,543692.0,55
201000009622,10,8,3,2100,1,2,1,1.0,7.0,55351,M,4952191.0,536177.0,55
201000009623,10,8,17,1015,1,2,1,8.0,7.0,55502,M,4949047.0,519088.0,55
201000009624,10,9,6,1245,1,1,3,1.0,2.0,55279,M,4948722.0,515374.0,55
201000009625,10,9,14,1830,1,2,1,1.0,1.0,55502,M,4949018.0,517739.0,55
201000009626,10,9,21,1045,1,1,1,1.0,1.0,55410,M,4947801.0,528930.0,55
201000009627,10,11,14,1000,1,2,1,1.0,6.0,55351,M,4952500.0,536500.0,55
201000009628,10,7,23,1045,1,2,1,1.0,7.0,55118,M,4936800.0,515500.0,55
201000009629,10,7,28,1915,1,2,9,1.0,3.0,55119,M,4937000.0,518000.0,55
201000009630,10,8,5,2000,1,1,1,1.0,1.0,55490,M,4931000.0,527000.0,55
201000009631,10,8,15,1700,1,1,1,2.0,6.0,55403,M,4937000.0,539000.0,55
201000009632,10,12,13,1130,1,1,1,7.0,2.0,55375,M,0.0,0.0,55
201000009633,10,2,27,2200,4,2,1,3.0,7.0,55347,M,0.0,0.0,55
201000009634,10,4,12,900,1,1,1,1.0,7.0,55523,M,4923319.0,536602.0,55
201000009635,10,8,11,1500,1,1,1,1.0,7.0,55492,M,4900000.0,500000.0,55
201000009636,10,9,14,1420,1,2,1,1.0,2.0,55073,M,4920696.0,537772.0,55
201000009637,10,9,21,1730,1,1,1,1.0,7.0,55537,M,4800000.0,500000.0,55
201000009638,10,10,3,1115,2,1,1,1.0,6.0,55492,M,0.0,0.0,55
201000009639,10,10,16,1230,1,1,1,8.0,7.0,55492,M,0.0,0.0,55
201000009640,10,12,3,200,3,1,1,4.0,6.0,55204,M,0.0,0.0,55
201000009641,10,5,23,1545,1,1,1,1.0,7.0,55155,M,4913800.0,520000.0,55
201000009642,10,7,12,1645,1,1,1,1.0,6.0,55383,M,4916000.0,507000.0,55
201000009643,10,7,17,530,2,1,1,1.0,7.0,55549,M,4925000.0,510000.0,55
201000009644,10,7,23,1830,1,1,1,1.0,1.0,55117,M,4909870.0,505294.0,55
201000009645,10,7,25,2045,1,1,1,1.0,6.0,55065,M,4919000.0,504000.0,55
201000009646,10,12,23,1845,3,1,1,2.0,5.0,55402,M,4914700.0,512600.0,55
201000009647,10,2,13,315,3,1,1,1.0,7.0,55171,M,4918000.0,546900.0,55
201000009648,10,3,10,2045,3,1,1,1.0,6.0,55201,M,4921400.0,558900.0,55
201000009649,10,3,25,845,1,1,1,1.0,6.0,55357,M,4923700.0,556500.0,55
201000009650,10,4,24,1900,1,1,1,1.0,2.0,55013,M,0.0,0.0,55
201000009651,10,6,5,1630,1,1,1,1.0,3.0,55464,M,4938000.0,568700.0,55
201000009652,10,7,12,1415,1,1,1,1.0,1.0,55171,M,4916800.0,542600.0,55
201000009653,10,9,1,2200,3,1,3,1.0,3.0,55008,M,4926956.0,566185.0,55
201000009654,10,9,22,1245,1,1,1,1.0,3.0,55105,M,4914857.0,553218.0,55
201000009655,10,11,10,1630,1,1,2,8.0,3.0,55406,M,4911100.0,567000.0,55
201000009656,10,11,16,2115,3,1,1,1.0,6.0,55053,M,0.0,0.0,55
201000009657,10,11,22,2230,3,1,1,1.0,6.0,55181,M,4921047.0,559803.0,55
201000009658,10,2,8,1355,1,2,1,1.0,6.0,88132,M,4819670.0,650113.0,88
201000009659,10,4,30,1030,1,1,1,2.0,7.0,88508,M,4816440.0,619446.0,88
201000009660,10,5,6,2030,2,1,1,2.0,6.0,88178,M,4817130.0,638333.0,88
201000009661,10,6,3,945,1,1,1,1.0,2.0,88136,M,4822270.0,644846.0,88
201000009662,10,6,12,530,2,1,1,1.0,6.0,88136,M,4820160.0,645076.0,88
201000009663,10,6,18,2110,3,1,1,3.0,7.0,88483,M,4820450.0,638937.0,88
201000009664,10,6,24,1800,1,2,1,1.0,6.0,88365,M,4825210.0,618817.0,88
201000009665,10,7,15,1300,1,1,3,1.0,3.0,88047,M,4820440.0,616517.0,88
201000009666,10,7,18,1845,1,1,1,1.0,1.0,88499,M,4826460.0,616594.0,88
201000009667,10,8,2,1515,1,1,2,1.0,1.0,88233,M,4814630.0,627454.0,88
201000009668,10,8,2,2045,2,1,1,1.0,1.0,88388,M,4813350.0,638190.0,88
201000009669,10,9,12,1130,1,1,3,3.0,3.0,88253,M,4819060.0,648499.0,88
201000009670,10,9,21,1015,1,1,1,1.0,6.0,88136,M,4820690.0,646148.0,88
201000009671,10,10,1,1915,2,2,1,1.0,1.0,88178,M,4817840.0,638656.0,88
201000009672,10,10,16,1913,2,2,2,1.0,1.0,88178,M,4817840.0,638646.0,88
201000009673,10,11,3,1300,1,1,1,1.0,7.0,88281,M,4821970.0,624708.0,88
201000009674,10,1,12,1330,1,2,1,1.0,6.0,88078,M,4821100.0,671867.0,88
201000009675,10,1,17,815,1,1,1,2.0,1.0,88135,M,4814830.0,661466.0,88
201000009676,10,5,2,1130,1,2,1,2.0,6.0,88078,M,4820110.0,672467.0,88
201000009677,10,6,1,2350,3,1,4,1.0,1.0,88101,M,4814560.0,658280.0,88
201000009678,10,7,18,1730,1,2,3,1.0,1.0,88078,M,4820250.0,672305.0,88
201000009679,10,10,4,1145,1,2,3,1.0,3.0,88078,M,4821230.0,671336.0,88
201000009680,10,10,9,1755,1,1,1,1.0,1.0,88340,M,4827140.0,656101.0,88
201000009681,10,10,31,730,1,1,1,8.0,6.0,88398,M,4827920.0,678300.0,88
201000009682,10,2,6,1945,5,2,1,8.0,7.0,88355,M,4834870.0,634022.0,88
201000009683,10,3,26,1230,1,1,3,2.0,1.0,88090,M,4836850.0,627666.0,88
201000009684,10,5,13,215,5,2,1,1.0,6.0,88513,M,4834900.0,632099.0,88
201000009685,10,5,28,1817,1,2,2,1.0,6.0,88090,M,4837040.0,629423.0,88
201000009686,10,6,10,1715,1,2,1,1.0,7.0,88090,M,4837330.0,629413.0,88
201000009687,10,7,4,145,3,1,1,1.0,7.0,88449,M,4836100.0,623550.0,88
201000009688,10,8,24,1645,1,1,1,1.0,1.0,88202,M,4835820.0,618455.0,88
201000009689,10,9,24,1815,1,1,1,8.0,3.0,88173,M,4836430.0,626632.0,88
201000009690,10,11,18,715,2,2,2,2.0,3.0,88513,M,4834150.0,633324.0,88
201000009691,10,1,29,1500,1,1,1,4.0,1.0,88471,M,4799860.0,589472.0,88
201000009692,10,2,10,330,3,1,3,4.0,7.0,88124,M,4807570.0,605258.0,88
201000009693,10,6,10,1445,1,1,1,1.0,1.0,88124,M,4810260.0,572555.0,88
201000009694,10,7,2,1345,1,1,3,1.0,2.0,88473,M,4802110.0,591326.0,88
201000009695,10,6,2,915,1,1,1,1.0,7.0,88527,M,4840910.0,658677.0,88
201000009696,10,6,22,1730,1,2,1,1.0,3.0,88251,M,4833060.0,670498.0,88
201000009697,10,7,18,1100,1,1,1,1.0,1.0,88412,M,4837120.0,676178.0,88
201000009698,10,7,23,1920,1,1,1,2.0,5.0,88412,M,4837060.0,677203.0,88
201000009699,10,8,1,115,4,1,1,2.0,7.0,88367,M,4835160.0,665051.0,88
201000009700,10,8,4,1200,1,1,1,1.0,3.0,88412,M,4837120.0,676188.0,88
201000009701,10,8,14,15,3,1,9,1.0,6.0,88367,M,4832850.0,664086.0,88
201000009702,10,9,18,1600,1,1,1,1.0,6.0,88367,M,4832480.0,663129.0,88
201000009703,10,11,24,745,1,1,1,2.0,6.0,88251,M,4832980.0,670440.0,88
201000009704,10,11,26,845,5,2,1,9.0,6.0,88367,M,4834250.0,663022.0,88
201000009705,10,3,13,1620,1,2,9,1.0,1.0,88327,M,4830630.0,638456.0,88
201000009706,10,5,21,700,1,2,4,1.0,3.0,88204,M,4826090.0,643782.0,88
201000009707,10,5,30,2115,5,2,1,2.0,6.0,88099,M,4823650.0,643870.0,88
201000009708,10,6,15,1045,1,1,1,1.0,3.0,88204,M,4826440.0,645396.0,88
201000009709,10,6,17,1730,1,1,1,1.0,2.0,88204,M,4826020.0,647181.0,88
201000009710,10,7,7,1445,1,2,1,1.0,6.0,88465,M,4826090.0,640239.0,88
201000009711,10,7,31,745,1,1,1,1.0,2.0,88247,M,4828070.0,637917.0,88
201000009712,10,10,11,45,5,2,1,1.0,6.0,88099,M,4822870.0,643202.0,88
201000009713,10,11,26,1745,5,1,1,4.0,6.0,88465,M,4825200.0,641888.0,88
201000009714,10,2,6,1345,1,1,2,1.0,3.0,88520,M,4802150.0,630434.0,88
201000009715,10,2,9,2315,3,1,1,4.0,7.0,88530,M,4807460.0,642280.0,88
201000009716,10,4,18,2000,1,1,1,1.0,7.0,88176,M,4798500.0,621140.0,88
201000009717,10,5,24,2000,1,1,1,1.0,6.0,88530,M,4805270.0,640923.0,88
201000009718,10,6,2,1800,1,1,1,1.0,6.0,88225,M,4811280.0,645390.0,88
201000009719,10,6,20,1155,1,2,1,1.0,6.0,88530,M,4804550.0,639784.0,88
201000009720,10,6,30,1545,1,2,1,1.0,1.0,88225,M,4831090.0,709127.0,88
201000009721,10,10,6,1445,1,2,1,1.0,3.0,88092,M,4810590.0,626868.0,88
201000009722,10,11,6,440,5,2,1,1.0,6.0,88221,M,4803990.0,618632.0,88
201000009723,10,5,17,1630,1,1,1,1.0,1.0,88393,M,4835270.0,572439.0,88
201000009724,10,9,19,1830,1,2,1,1.0,6.0,88321,M,4836340.0,569336.0,88
201000009725,10,9,25,1415,1,2,1,1.0,6.0,88321,M,4836500.0,569901.0,88
201000009726,10,10,12,1145,1,1,1,1.0,7.0,88321,M,4838700.0,572089.0,88
201000009727,10,12,18,1630,2,1,1,4.0,1.0,88321,M,4833250.0,568494.0,88
201000009728,10,1,28,245,3,1,1,1.0,7.0,88334,M,4833650.0,600962.0,88
201000009729,10,1,29,1845,3,1,1,4.0,5.0,88292,M,4828620.0,615143.0,88
201000009730,10,2,24,1030,1,1,6,1.0,3.0,88095,M,4829670.0,585537.0,88
201000009731,10,4,29,640,2,2,1,1.0,1.0,88366,M,4835430.0,587820.0,88
201000009732,10,5,27,130,3,1,1,1.0,7.0,88039,M,4830440.0,607347.0,88
201000009733,10,6,15,1415,1,2,3,1.0,6.0,88304,M,4830370.0,613249.0,88
201000009734,10,6,22,2200,3,1,1,1.0,7.0,88400,M,4830830.0,602928.0,88
201000009735,10,7,1,1345,1,1,1,1.0,1.0,88304,M,4830740.0,612339.0,88
201000009736,10,7,7,1500,1,2,1,1.0,3.0,88312,M,4831870.0,591244.0,88
201000009737,10,9,1,1115,1,2,3,1.0,3.0,88241,M,4829770.0,589573.0,88
201000009738,10,10,18,1730,1,2,1,8.0,7.0,88304,M,4830500.0,613416.0,88
201000009739,10,10,22,1915,3,1,1,1.0,1.0,88241,M,4829590.0,587875.0,88
201000009740,10,10,25,1530,1,2,1,1.0,6.0,88368,M,4831030.0,609887.0,88
201000009741,10,11,6,1345,1,1,2,1.0,3.0,88364,M,4833940.0,611697.0,88
201000009742,10,3,13,1115,1,1,2,1.0,3.0,88496,M,4822450.0,581707.0,88
201000009743,10,4,3,2045,3,1,1,8.0,1.0,88022,M,4822900.0,583300.0,88
201000009744,10,4,3,900,1,2,1,1.0,6.0,88516,M,4820110.0,594647.0,88
201000009745,10,4,14,1315,1,2,3,1.0,3.0,88446,M,4819770.0,580808.0,88
201000009746,10,6,30,1845,1,1,1,1.0,1.0,88146,M,4825710.0,598918.0,88
201000009747,10,7,4,15,3,1,1,1.0,6.0,88524,M,4816310.0,568641.0,88
201000009748,10,8,1,2230,3,1,1,2.0,6.0,88466,M,4822570.0,596745.0,88
201000009749,10,8,25,1430,1,1,1,1.0,1.0,88516,M,4821780.0,595663.0,88
201000009750,10,9,5,2135,3,1,1,1.0,7.0,88332,M,4823060.0,591576.0,88
201000009751,10,12,24,200,3,1,1,4.0,6.0,88488,M,4818980.0,608063.0,88
201000009752,10,5,24,1800,1,2,1,1.0,7.0,88011,M,4811750.0,653225.0,88
201000009753,10,3,5,1210,1,1,1,1.0,5.0,88116,M,4795330.0,682498.0,88
201000009754,10,4,18,330,3,1,1,1.0,7.0,88075,M,4800240.0,686533.0,88
201000009755,10,5,12,1000,1,1,2,1.0,3.0,88447,M,4795060.0,677793.0,88
201000009756,10,6,3,2300,5,2,1,1.0,6.0,88447,M,4795050.0,676101.0,88
201000009757,10,6,9,1615,1,1,1,1.0,6.0,88442,M,4801260.0,675673.0,88
201000009758,10,6,23,1945,1,1,4,1.0,3.0,88075,M,4800150.0,685784.0,88
201000009759,10,6,26,1330,1,2,1,1.0,6.0,88486,M,4800130.0,672075.0,88
201000009760,10,7,14,2015,1,2,1,1.0,6.0,88470,M,4808300.0,674329.0,88
201000009761,10,8,23,1645,1,1,1,1.0,6.0,88075,M,4801730.0,694528.0,88
201000009762,10,9,25,1445,1,2,1,1.0,7.0,88486,M,4801380.0,671402.0,88
201000009763,10,10,7,1830,2,2,2,1.0,3.0,88075,M,4800590.0,687171.0,88
201000009764,10,10,12,1715,1,1,1,1.0,6.0,88197,M,4801070.0,675594.0,88
201000009765,10,10,27,2215,5,1,1,1.0,6.0,88500,M,4793810.0,687182.0,88
201000009766,10,11,4,1910,3,1,3,1.0,1.0,88486,M,4799380.0,671621.0,88
201000009767,10,12,20,1030,1,1,1,3.0,3.0,88447,M,4795580.0,674449.0,88
201000009768,10,12,24,1330,1,1,1,4.0,1.0,88391,M,4802540.0,680569.0,88
201000009769,10,3,14,130,5,2,1,1.0,1.0,88468,M,4789060.0,673760.0,88
201000009770,10,3,16,100,3,1,6,1.0,6.0,88408,M,4787760.0,675651.0,88
201000009771,10,3,16,1045,1,2,1,1.0,6.0,88468,M,4787870.0,676611.0,88
201000009772,10,7,12,2030,1,1,1,1.0,1.0,88468,M,4789440.0,677605.0,88
201000009773,10,7,21,1200,1,2,2,1.0,3.0,88188,M,4787360.0,678801.0,88
201000009774,10,8,21,155,4,1,1,1.0,6.0,88302,M,4792650.0,681791.0,88
201000009775,10,8,24,1715,1,2,1,1.0,4.0,88188,M,4787610.0,678099.0,88
201000009776,10,10,11,1145,1,2,1,1.0,7.0,88468,M,4787440.0,676171.0,88
201000009777,10,10,16,1730,1,1,1,2.0,3.0,88408,M,4795370.0,662615.0,88
201000009778,10,11,5,2300,4,1,1,1.0,1.0,88369,M,4788930.0,674935.0,88
201000009779,10,11,7,1345,1,1,1,2.0,1.0,88487,M,4795430.0,647236.0,88
201000009780,10,1,20,1700,5,1,1,2.0,6.0,88375,M,4826700.0,703809.0,88
201000009781,10,3,13,315,5,1,1,1.0,7.0,88032,M,4824900.0,706350.0,88
201000009782,10,3,31,2340,3,1,1,3.0,7.0,88386,M,4826570.0,703174.0,88
201000009783,10,4,20,1200,1,2,1,1.0,3.0,88181,M,4818500.0,699313.0,88
201000009784,10,4,20,1855,1,2,1,1.0,3.0,88181,M,4818640.0,700096.0,88
201000009785,10,5,14,930,1,2,1,1.0,7.0,88361,M,4830750.0,708455.0,88
201000009786,10,6,4,1945,1,2,3,1.0,1.0,88112,M,4831640.0,711051.0,88
201000009787,10,6,11,715,1,2,1,8.0,6.0,88445,M,4823790.0,695224.0,88
201000009788,10,6,21,1030,1,1,1,1.0,7.0,88112,M,4831510.0,713411.0,88
201000009789,10,6,30,1545,1,2,1,1.0,1.0,88361,M,4830190.0,709128.0,88
201000009790,10,7,6,645,1,1,9,1.0,1.0,88375,M,4826790.0,704134.0,88
201000009791,10,7,18,915,1,2,3,1.0,3.0,88349,M,4816560.0,701057.0,88
201000009792,10,7,20,2245,3,1,3,1.0,2.0,88375,M,4825740.0,705458.0,88
201000009793,10,8,6,1340,1,1,3,1.0,5.0,88375,M,4826790.0,704134.0,88
201000009794,10,4,4,1930,2,1,1,1.0,7.0,88076,M,4822830.0,672574.0,88
201000009795,10,4,9,1730,1,1,1,1.0,5.0,88398,M,4827110.0,683300.0,88
201000009796,10,7,16,10,3,1,1,1.0,6.0,88115,M,4818430.0,686941.0,88
201000009797,10,8,20,345,5,2,1,1.0,6.0,88184,M,4826650.0,668232.0,88
201000009798,10,9,23,1320,1,2,1,1.0,6.0,88218,M,4814160.0,679990.0,88
201000009799,10,5,17,1715,1,2,1,2.0,6.0,88196,M,4807280.0,687012.0,88
201000009800,10,5,27,930,1,2,1,2.0,6.0,88196,M,4807160.0,687622.0,88
201000009801,10,7,7,1810,1,2,3,1.0,1.0,88531,M,4807480.0,692632.0,88
201000009802,10,8,19,1145,1,1,1,1.0,7.0,88196,M,4804440.0,686796.0,88
201000009803,10,8,27,1720,1,1,1,1.0,1.0,88196,M,4807320.0,682982.0,88
201000009804,10,9,17,2330,3,1,1,1.0,7.0,88196,M,4807370.0,683272.0,88
201000009805,10,1,28,1230,1,2,1,4.0,3.0,88319,M,4838250.0,688454.0,88
201000009806,10,4,1,1340,1,2,1,1.0,6.0,88372,M,4840680.0,684207.0,88
201000009807,10,4,2,805,1,2,1,1.0,6.0,88451,M,4839480.0,697918.0,88
201000009808,10,4,21,1215,1,2,1,1.0,3.0,88165,M,4835280.0,686504.0,88
201000009809,10,4,25,1045,1,1,3,1.0,3.0,88372,M,4841600.0,687965.0,88
201000009810,10,6,13,1130,1,2,3,1.0,3.0,88319,M,4837800.0,689149.0,88
201000009811,10,6,27,1930,1,2,1,1.0,7.0,88319,M,4837740.0,690383.0,88
201000009812,10,7,2,1950,1,1,2,1.0,3.0,88165,M,4835230.0,686475.0,88
201000009813,10,7,11,1710,1,1,3,1.0,3.0,88005,M,4847880.0,698575.0,88
201000009814,10,8,20,1700,2,1,1,1.0,1.0,88372,M,4841030.0,687171.0,88
201000009815,10,9,10,945,1,2,2,1.0,3.0,88328,M,4832430.0,685165.0,88