Num_Acc,an,mois,jour,hrmn,lum,agg,int,atm,col,com,gps,lat,long,dep
201000009816,10,2,23,710,1,2,7,1.0,1.0,67028,M,0.0,0.0,67
201000009817,10,3,14,30,3,1,1,1.0,6.0,67146,M,0.0,0.0,67
201000009818,10,4,20,1900,1,1,1,1.0,6.0,67246,M,0.0,0.0,67
201000009819,10,5,7,825,1,2,1,1.0,2.0,67055,M,0.0,0.0,67
201000009820,10,7,3,1030,1,1,1,1.0,1.0,67028,M,4837000.0,761000.0,67
201000009821,10,8,9,1630,1,1,1,1.0,5.0,67028,M,4838500.0,758800.0,67
201000009822,10,9,7,1145,1,2,1,2.0,6.0,67028,M,4837300.0,759400.0,67
201000009823,10,11,8,830,1,1,1,1.0,6.0,67397,M,0.0,0.0,67
201000009824,10,12,7,1800,5,2,1,3.0,6.0,67433,M,0.0,0.0,67
201000009825,10,4,1,1745,1,2,1,1.0,3.0,67378,M,0.0,0.0,67
201000009826,10,7,22,1015,1,2,1,8.0,1.0,67137,M,0.0,0.0,67
201000009827,10,8,25,1215,1,2,1,1.0,7.0,67131,M,0.0,0.0,67
201000009828,10,9,14,1605,1,2,1,1.0,3.0,67137,M,0.0,0.0,67
201000009829,10,9,17,945,1,1,1,1.0,3.0,67131,M,0.0,0.0,67
201000009830,10,12,3,2200,3,1,1,4.0,7.0,67378,M,0.0,0.0,67
201000009831,10,1,13,1100,1,1,1,4.0,5.0,67130,M,0.0,0.0,67
201000009832,10,1,30,1545,1,1,1,1.0,2.0,67336,M,0.0,0.0,67
201000009833,10,2,2,830,1,1,1,8.0,6.0,67130,M,0.0,0.0,67
201000009834,10,2,1,825,1,1,1,1.0,7.0,67526,M,0.0,0.0,67
201000009835,10,3,17,1615,1,1,1,1.0,6.0,67526,M,0.0,0.0,67
201000009836,10,3,21,35,3,1,1,1.0,6.0,67338,M,0.0,0.0,67
201000009837,10,3,22,1815,1,2,1,1.0,3.0,67130,M,0.0,0.0,67
201000009838,10,3,19,1730,1,1,1,1.0,6.0,67130,M,0.0,0.0,67
201000009839,10,4,5,1700,4,1,1,1.0,7.0,67338,M,0.0,0.0,67
201000009840,10,4,7,907,1,2,1,1.0,3.0,67130,M,0.0,0.0,67
201000009841,10,5,28,1757,1,2,1,1.0,6.0,67130,M,0.0,0.0,67
201000009842,10,5,29,1900,1,1,9,1.0,6.0,67130,M,0.0,0.0,67
201000009843,10,6,23,1415,1,1,1,1.0,2.0,67130,M,0.0,0.0,67
201000009844,10,8,30,2145,5,2,1,1.0,1.0,67526,M,4839460.0,758230.0,67
201000009845,10,9,5,1700,1,1,1,1.0,7.0,67130,M,0.0,0.0,67
201000009846,10,9,21,50,5,2,1,1.0,6.0,67526,M,0.0,0.0,67
201000009847,10,10,6,645,2,2,1,1.0,6.0,67130,M,0.0,0.0,67
201000009848,10,10,24,2330,3,1,1,1.0,6.0,67338,M,0.0,0.0,67
201000009849,10,12,11,800,1,1,1,8.0,6.0,67130,M,0.0,0.0,67
201000009850,10,2,10,1815,2,2,1,4.0,1.0,67286,M,4845200.0,754400.0,67
201000009851,10,4,10,1345,1,2,1,1.0,1.0,67504,M,0.0,0.0,67
201000009852,10,5,11,1245,1,1,1,1.0,6.0,67557,M,0.0,0.0,67
201000009853,10,8,20,200,3,1,1,1.0,6.0,67031,M,4844600.0,744500.0,67
201000009854,10,9,26,1650,1,1,1,1.0,1.0,67248,M,0.0,0.0,67
201000009855,10,10,16,1915,5,2,1,2.0,6.0,67348,M,4846700.0,748800.0,67
201000009856,10,11,15,745,1,1,9,2.0,3.0,67557,M,4841800.0,754300.0,67
201000009857,10,2,22,1715,1,1,2,1.0,1.0,67087,M,4883000.0,767000.0,67
201000009858,10,5,23,1545,1,1,1,1.0,3.0,67331,M,0.0,0.0,67
201000009859,10,6,27,1830,1,1,1,1.0,3.0,67023,M,0.0,0.0,67
201000009860,10,7,22,2130,1,2,1,1.0,1.0,67331,M,0.0,0.0,67
201000009861,10,2,3,1900,3,1,2,1.0,3.0,67169,M,4874710.0,783143.0,67
201000009862,10,4,18,105,3,2,1,1.0,6.0,67046,M,0.0,0.0,67
201000009863,10,6,7,1640,1,2,2,1.0,3.0,67046,M,0.0,0.0,67
201000009864,10,6,20,1715,1,1,1,1.0,3.0,67169,M,0.0,0.0,67
201000009865,10,7,1,2045,1,1,1,1.0,2.0,67450,M,0.0,0.0,67
201000009866,10,8,4,1815,1,1,1,1.0,1.0,67345,M,0.0,0.0,67
201000009867,10,8,11,1710,1,1,1,1.0,3.0,67252,M,0.0,0.0,67
201000009868,10,8,10,1059,1,2,1,1.0,3.0,67046,M,4877000.0,786100.0,67
201000009869,10,11,10,1430,1,1,1,3.0,3.0,67046,M,4876100.0,786500.0,67
201000009870,10,12,23,1800,5,2,1,1.0,2.0,67046,M,0.0,0.0,67
201000009871,10,3,26,1000,1,2,1,3.0,6.0,67313,M,4854200.0,745900.0,67
201000009872,10,4,13,15,3,1,1,1.0,7.0,67300,M,0.0,0.0,67
201000009873,10,4,20,2115,3,1,1,1.0,7.0,67101,M,0.0,0.0,67
201000009874,10,6,3,1920,1,2,2,1.0,3.0,67112,M,0.0,0.0,67
201000009875,10,8,26,1530,1,1,1,1.0,6.0,67008,M,4851510.0,753030.0,67
201000009876,10,9,1,1745,1,2,9,7.0,3.0,67313,M,4853500.0,746600.0,67
201000009877,10,9,11,1930,1,1,1,1.0,1.0,67313,M,4853100.0,746300.0,67
201000009878,10,10,16,1200,1,1,1,8.0,6.0,67080,M,4855400.0,755500.0,67
201000009879,10,10,26,1445,1,2,1,1.0,2.0,67300,M,0.0,0.0,67
201000009880,10,2,27,1100,1,2,1,1.0,1.0,67299,M,4851500.0,738700.0,67
201000009881,10,7,25,1000,1,1,1,1.0,6.0,67052,M,4845000.0,735000.0,67
201000009882,10,10,10,1600,1,1,1,1.0,7.0,67368,M,4844600.0,733800.0,67
201000009883,10,2,11,1150,1,2,1,4.0,1.0,67066,M,0.0,0.0,67
201000009884,10,3,3,730,1,2,1,1.0,6.0,67342,M,0.0,0.0,67
201000009885,10,4,5,1645,1,1,1,1.0,7.0,67165,M,4850500.0,715900.0,67
201000009886,10,4,12,425,3,1,1,1.0,6.0,67384,M,4836151.0,718015.0,67
201000009887,10,5,7,1500,1,1,1,8.0,3.0,67165,M,0.0,0.0,67
201000009888,10,7,11,1130,1,1,1,1.0,1.0,67342,M,0.0,0.0,67
201000009889,10,7,15,1900,1,1,1,1.0,1.0,67026,M,0.0,0.0,67
201000009890,10,8,1,1030,2,2,1,1.0,6.0,67020,M,0.0,0.0,67
201000009891,10,8,27,900,1,2,1,2.0,7.0,67420,M,4849592.0,725787.0,67
201000009892,10,9,13,1345,1,1,1,1.0,5.0,67188,M,0.0,0.0,67
201000009893,10,10,23,2300,3,1,1,2.0,7.0,67342,M,0.0,0.0,67
201000009894,10,11,15,1715,3,1,1,3.0,5.0,67421,M,0.0,0.0,67
201000009895,10,11,20,430,5,2,1,1.0,6.0,67314,M,0.0,0.0,67
201000009896,10,11,30,1615,1,2,1,4.0,3.0,67377,M,0.0,0.0,67
201000009897,10,11,26,2045,5,2,1,4.0,5.0,67059,M,0.0,0.0,67
201000009898,10,11,26,1030,1,1,3,2.0,3.0,67543,M,0.0,0.0,67
201000009899,10,1,15,1935,3,1,1,4.0,6.0,67525,M,0.0,0.0,67
201000009900,10,3,20,30,3,1,1,1.0,3.0,67520,M,4863500.0,745000.0,67
201000009901,10,5,12,1845,1,2,1,1.0,3.0,67520,M,4864200.0,744400.0,67
201000009902,10,8,1,1830,1,1,1,1.0,7.0,67122,M,4864300.0,729800.0,67
201000009903,10,8,26,1800,1,1,1,1.0,1.0,67282,M,4863500.0,747200.0,67
201000009904,10,9,21,1430,1,1,1,1.0,6.0,67520,M,4865500.0,745900.0,67
201000009905,10,10,16,330,3,1,1,1.0,7.0,67030,M,0.0,0.0,67
201000009906,10,11,15,2015,5,1,6,3.0,6.0,67282,M,4862300.0,750200.0,67
201000009907,10,12,8,1700,3,1,1,3.0,2.0,67520,M,4864900.0,744300.0,67
201000009908,10,1,22,30,5,2,6,1.0,3.0,67469,M,0.0,0.0,67
201000009909,10,3,22,1655,1,1,6,1.0,1.0,67061,M,4883100.0,746600.0,67
201000009910,10,6,3,1015,1,2,1,1.0,1.0,67061,M,0.0,0.0,67
201000009911,10,9,14,1615,1,1,1,1.0,1.0,67129,M,4880500.0,739400.0,67
201000009912,10,9,30,1045,1,1,1,1.0,3.0,67242,M,4882300.0,752000.0,67
201000009913,10,11,29,1910,3,1,1,4.0,1.0,67061,M,4883100.0,749700.0,67
201000009914,10,12,6,1315,1,1,1,4.0,1.0,67222,M,4890500.0,744600.0,67
201000009915,10,1,21,800,2,1,1,9.0,1.0,67469,M,0.0,0.0,67
201000009916,10,4,15,1830,1,2,1,1.0,1.0,67302,M,4876200.0,739400.0,67
201000009917,10,5,10,1900,1,2,1,1.0,6.0,67367,M,0.0,0.0,67
201000009918,10,6,4,1810,1,2,1,7.0,1.0,67437,M,0.0,0.0,67
201000009919,10,6,7,1200,1,1,1,1.0,5.0,67283,M,0.0,0.0,67
201000009920,10,6,11,2230,3,1,1,1.0,7.0,67322,M,4880600.0,732200.0,67
201000009921,10,7,9,1745,1,1,1,1.0,7.0,67283,M,4868400.0,736900.0,67
201000009922,10,8,1,1845,1,2,1,1.0,1.0,67089,M,0.0,0.0,67
201000009923,10,8,6,700,1,2,9,1.0,3.0,67437,M,4874700.0,736000.0,67
201000009924,10,8,5,1000,1,2,1,1.0,6.0,67437,M,4875500.0,737800.0,67
201000009925,10,9,6,945,1,2,1,1.0,6.0,67437,M,0.0,0.0,67
201000009926,10,9,19,1815,1,1,1,1.0,7.0,67258,M,0.0,0.0,67
201000009927,10,10,8,1600,1,2,1,1.0,2.0,67437,M,4874400.0,737200.0,67
201000009928,10,1,26,555,3,1,1,9.0,1.0,67029,M,0.0,0.0,67
201000009929,10,2,9,1030,1,2,1,1.0,1.0,67392,M,0.0,0.0,67
201000009930,10,2,8,1030,1,1,1,1.0,7.0,67522,M,4892600.0,723000.0,67
201000009931,10,3,11,900,1,1,1,9.0,1.0,67559,M,0.0,0.0,67
201000009932,10,3,19,1715,1,2,1,1.0,6.0,67234,M,0.0,0.0,67
201000009933,10,4,19,810,1,2,1,1.0,1.0,67274,M,4895600.0,717800.0,67
201000009934,10,4,26,1545,1,1,1,1.0,1.0,67191,M,0.0,0.0,67
201000009935,10,5,29,2345,3,1,1,3.0,7.0,67191,M,4900500.0,706100.0,67
201000009936,10,7,11,2200,3,2,1,1.0,6.0,67183,M,4893700.0,703600.0,67
201000009937,10,7,18,415,3,1,1,1.0,6.0,67454,M,4884800.0,726200.0,67
201000009938,10,7,19,1600,1,1,1,1.0,7.0,67524,M,0.0,0.0,67
201000009939,10,8,21,2130,3,1,1,1.0,6.0,67559,M,0.0,0.0,67
201000009940,10,9,7,2115,3,2,1,2.0,6.0,67434,M,0.0,0.0,67
201000009941,10,9,9,1645,1,2,1,1.0,3.0,67434,M,4893800.0,709300.0,67
201000009942,10,10,3,445,5,2,1,1.0,6.0,67386,M,0.0,0.0,67
201000009943,10,10,4,810,1,1,1,1.0,6.0,67434,M,0.0,0.0,67
201000009944,10,10,13,1815,2,2,1,1.0,3.0,67538,M,0.0,0.0,67
201000009945,10,10,28,1330,1,1,1,1.0,1.0,67191,M,4900900.0,707000.0,67
201000009946,10,11,2,1240,1,2,1,1.0,1.0,67002,M,4890700.0,720200.0,67
201000009947,10,11,9,1210,1,1,1,1.0,3.0,67002,M,4890300.0,719500.0,67
201000009948,10,1,18,740,3,1,1,4.0,3.0,67067,M,4871800.0,769200.0,67
201000009949,10,3,18,1950,5,2,1,1.0,6.0,67067,M,4873800.0,771700.0,67
201000009950,10,3,20,2215,3,2,1,1.0,3.0,67156,M,4872700.0,774500.0,67
201000009951,10,4,18,1045,1,2,1,1.0,2.0,67067,M,0.0,0.0,67
201000009952,10,5,7,640,1,1,1,2.0,1.0,67301,M,,,67
201000009953,10,6,26,2345,5,2,1,1.0,3.0,67067,M,4871600.0,770800.0,67
201000009954,10,8,26,1545,1,2,1,1.0,3.0,67067,M,0.0,0.0,67
201000009955,10,9,6,1129,1,1,1,1.0,3.0,67100,M,4872500.0,765800.0,67
201000009956,10,11,11,430,5,1,1,1.0,6.0,67301,M,0.0,0.0,67
201000009957,10,11,26,2030,3,1,1,9.0,5.0,67301,M,0.0,0.0,67
201000009958,10,2,6,1515,1,2,1,1.0,6.0,67202,M,4876200.0,756900.0,67
201000009959,10,3,7,1925,3,1,1,4.0,3.0,67402,M,4882800.0,761100.0,67
201000009960,10,3,10,1135,1,2,1,1.0,6.0,67202,M,4876000.0,756700.0,67
201000009961,10,3,20,1445,1,2,1,1.0,7.0,67236,M,4869700.0,759000.0,67
201000009962,10,4,22,900,1,1,1,1.0,7.0,67209,M,4872000.0,756000.0,67
201000009963,10,5,5,700,1,1,1,8.0,1.0,67150,M,4861700.0,754400.0,67
201000009964,10,5,29,1400,1,1,1,1.0,1.0,67375,M,0.0,0.0,67
201000009965,10,6,11,1900,1,2,1,1.0,4.0,67202,M,4876200.0,756900.0,67
201000009966,10,6,12,1430,1,1,1,1.0,7.0,67166,M,4882700.0,761100.0,67
201000009967,10,6,23,1830,1,1,2,1.0,1.0,67214,M,0.0,0.0,67
201000009968,10,6,27,1400,1,1,1,1.0,7.0,67534,M,4875300.0,751000.0,67
201000009969,10,7,9,1045,1,2,1,1.0,3.0,67135,M,4881400.0,758400.0,67
201000009970,10,7,14,1730,1,2,1,1.0,1.0,67202,M,4876200.0,757100.0,67
201000009971,10,7,10,2020,1,2,3,1.0,3.0,67202,M,,,67
201000009972,10,7,18,1845,1,1,1,1.0,2.0,67202,M,4875900.0,754900.0,67
201000009973,10,7,22,1730,1,1,1,1.0,7.0,67452,M,4866100.0,757200.0,67
201000009974,10,8,8,1545,1,1,1,1.0,6.0,67393,M,4868500.0,763000.0,67
201000009975,10,8,24,640,1,2,1,3.0,6.0,67202,M,4876100.0,757000.0,67
201000009976,10,9,11,530,2,1,6,1.0,6.0,67138,M,0.0,0.0,67
201000009977,10,10,4,1345,1,1,1,1.0,4.0,67202,M,4876000.0,756000.0,67
201000009978,10,10,10,1215,1,2,1,1.0,1.0,67150,M,4861500.0,755900.0,67
201000009979,10,10,10,1600,1,2,3,1.0,1.0,67109,M,4868700.0,756900.0,67
201000009980,10,10,16,1015,1,1,1,2.0,1.0,67548,M,4864200.0,760000.0,67
201000009981,10,10,23,610,3,1,1,5.0,6.0,67163,M,4869900.0,756900.0,67
201000009982,10,10,25,1745,2,2,3,1.0,3.0,67202,M,4876200.0,757800.0,67
201000009983,10,10,31,345,5,2,1,1.0,6.0,67163,M,0.0,0.0,67
201000009984,10,11,7,2315,3,1,1,2.0,7.0,67532,M,4867800.0,749400.0,67
201000009985,10,11,17,1400,1,1,9,8.0,1.0,67253,M,4864500.0,753200.0,67
201000009986,10,11,26,1735,5,2,1,2.0,6.0,67202,M,4875770.0,756950.0,67
201000009987,10,12,27,1515,1,2,1,1.0,1.0,67534,M,0.0,0.0,67
201000009988,10,2,27,530,3,1,1,8.0,1.0,67529,M,4871000.0,784100.0,67
201000009989,10,3,3,1445,1,1,1,1.0,6.0,67519,M,4868100.0,781700.0,67
201000009990,10,3,20,2125,5,2,1,1.0,3.0,67151,M,4869300.0,787300.0,67
201000009991,10,3,29,1200,1,1,1,1.0,3.0,67519,M,4866900.0,782100.0,67
201000009992,10,4,23,2000,1,2,1,1.0,1.0,67205,M,4870500.0,777900.0,67
201000009993,10,4,29,1430,1,2,1,1.0,3.0,67151,M,4869900.0,788700.0,67
201000009994,10,6,26,615,1,1,1,1.0,7.0,67519,M,4868000.0,781700.0,67
201000009995,10,7,3,1200,1,1,1,1.0,6.0,67519,M,4864700.0,779000.0,67
201000009996,10,7,5,1930,1,1,1,1.0,6.0,67151,M,4871000.0,786400.0,67
201000009997,10,7,24,2340,3,1,1,1.0,7.0,67519,M,4865000.0,782600.0,67
201000009998,10,10,5,2015,3,1,1,1.0,6.0,67256,M,4865500.0,772000.0,67
201000009999,10,11,18,1330,1,2,1,1.0,1.0,67519,M,0.0,0.0,67
201000010000,10,12,6,1500,1,1,1,9.0,1.0,67519,M,4865700.0,781100.0,67
201000010001,10,2,23,1830,5,2,1,1.0,3.0,67551,M,0.0,0.0,67
201000010002,10,3,12,1245,1,1,4,1.0,5.0,67350,M,0.0,0.0,67
201000010003,10,3,18,1145,1,1,1,1.0,2.0,67551,M,0.0,0.0,67
201000010004,10,3,27,600,2,2,1,1.0,6.0,67182,M,0.0,0.0,67
201000010005,10,4,30,905,1,2,1,1.0,1.0,67001,M,0.0,0.0,67
201000010006,10,5,22,2100,1,1,1,1.0,1.0,67350,M,0.0,0.0,67
201000010007,10,6,5,2040,1,1,1,1.0,3.0,67226,M,0.0,0.0,67
201000010008,10,8,12,1630,1,1,1,1.0,6.0,67001,M,0.0,0.0,67
201000010009,10,9,5,1745,1,2,1,1.0,6.0,67226,M,0.0,0.0,67
201000010010,10,10,7,545,5,2,1,1.0,3.0,67118,M,0.0,0.0,67
201000010011,10,5,21,1605,1,2,1,1.0,1.0,67094,M,4831400.0,742100.0,67
201000010012,10,7,24,1210,1,2,1,1.0,1.0,67445,M,4828900.0,742500.0,67
201000010013,10,2,21,1500,1,1,2,2.0,3.0,67481,M,0.0,0.0,67
201000010014,10,4,3,1100,1,1,1,1.0,1.0,67337,M,0.0,0.0,67
201000010015,10,5,24,1350,1,1,1,1.0,3.0,67481,M,0.0,0.0,67
201000010016,10,8,17,1500,1,1,1,1.0,6.0,67010,M,0.0,0.0,67
201000010017,10,9,22,1825,2,1,1,1.0,2.0,67051,M,0.0,0.0,67
201000010018,10,10,23,915,1,1,1,1.0,2.0,67155,M,0.0,0.0,67
201000010019,10,2,15,650,2,1,1,1.0,5.0,67187,M,4820000.0,751300.0,67
201000010020,10,2,28,1230,1,1,1,1.0,7.0,67195,M,4822200.0,755100.0,67
201000010021,10,3,17,1545,1,1,1,1.0,1.0,67195,M,4821000.0,756600.0,67
201000010022,10,4,29,2115,5,2,1,1.0,1.0,67310,M,4823500.0,752100.0,67
201000010023,10,6,9,1515,1,1,1,1.0,6.0,67281,M,4816000.0,756600.0,67
201000010024,10,7,2,1015,1,2,1,1.0,3.0,67311,M,4827400.0,753800.0,67
201000010025,10,7,2,1940,1,2,1,7.0,3.0,67281,M,4817300.0,754500.0,67
201000010026,10,8,19,1145,1,2,1,7.0,2.0,67547,M,4826540.0,759550.0,67
201000010027,10,10,8,1540,1,2,1,1.0,1.0,67011,M,0.0,0.0,67
201000010028,10,12,1,1230,1,1,1,4.0,5.0,67311,M,0.0,0.0,67
201000010029,10,12,16,1815,3,1,1,4.0,6.0,67011,M,0.0,0.0,67
201000010030,10,4,21,1800,1,2,9,1.0,3.0,67426,M,4835500.0,728800.0,67
201000010031,10,6,20,1530,1,1,1,1.0,7.0,67477,M,0.0,0.0,67
201000010032,10,6,30,530,2,1,1,1.0,6.0,67426,M,4835600.0,728000.0,67
201000010033,10,10,4,1200,1,2,1,1.0,1.0,67280,M,4835800.0,726200.0,67
201000010034,10,11,13,2115,3,1,1,1.0,7.0,67426,M,4836200.0,728800.0,67
201000010035,10,3,5,1115,1,1,1,9.0,6.0,67400,M,4901500.0,797100.0,67
201000010036,10,3,10,1100,1,1,1,1.0,6.0,67351,M,4897200.0,800300.0,67
201000010037,10,3,15,1645,1,2,1,1.0,6.0,67544,M,4904100.0,795800.0,67
201000010038,10,4,6,1700,1,2,1,1.0,2.0,67451,M,4899600.0,803299.0,67
201000010039,10,5,22,1500,1,1,1,1.0,1.0,67544,M,0.0,0.0,67
201000010040,10,6,26,1110,1,2,1,1.0,7.0,67544,M,0.0,0.0,67
201000010041,10,9,15,1830,2,1,6,2.0,7.0,67007,M,0.0,0.0,67
201000010042,10,11,19,500,5,2,1,1.0,6.0,67451,M,4899700.0,802800.0,67
201000010043,10,4,25,1645,1,1,1,1.0,6.0,67069,M,4891700.0,799700.0,67
201000010044,10,4,29,1400,1,1,1,1.0,1.0,67261,M,4897600.0,816400.0,67
201000010045,10,7,17,2015,2,1,1,1.0,6.0,67315,M,4895500.0,813400.0,67
201000010046,10,8,17,1845,1,1,1,1.0,1.0,67184,M,4888300.0,804100.0,67
201000010047,10,10,12,1810,1,1,1,1.0,7.0,67327,M,4897000.0,810399.0,67
201000010048,10,12,24,1015,1,1,1,4.0,1.0,67330,M,0.0,0.0,67
201000010049,10,4,24,1235,1,1,1,1.0,1.0,67404,M,4890100.0,794200.0,67
201000010050,10,4,23,2120,4,2,1,,,67474,M,,,67
201000010051,10,5,20,815,1,1,1,2.0,7.0,67184,M,4889200.0,802900.0,67
201000010052,10,6,4,1900,1,1,1,7.0,3.0,67474,M,4893100.0,787000.0,67
201000010053,10,6,26,1715,1,2,1,1.0,3.0,67290,M,0.0,0.0,67
201000010054,10,7,8,2130,2,2,1,1.0,1.0,67184,M,4890600.0,798100.0,67
201000010055,10,7,14,1930,2,2,1,3.0,7.0,67487,M,0.0,0.0,67
201000010056,10,7,22,120,5,2,1,2.0,6.0,67184,M,0.0,0.0,67
201000010057,10,8,7,1815,1,2,2,1.0,3.0,67271,M,4896600.0,784800.0,67
201000010058,10,8,21,1730,1,2,1,1.0,3.0,67339,M,4890200.0,792200.0,67
201000010059,10,9,2,1815,1,1,1,1.0,2.0,67254,M,4894000.0,784600.0,67
201000010060,10,9,15,1650,1,1,1,2.0,3.0,67339,M,4890200.0,792500.0,67
201000010061,10,9,24,2300,3,1,1,1.0,6.0,67184,M,0.0,0.0,67
201000010062,10,11,17,800,1,2,1,1.0,1.0,67474,M,4894600.0,786100.0,67
201000010063,10,5,1,1345,1,1,1,1.0,1.0,67160,M,4899000.0,777500.0,67
201000010064,10,6,6,1145,1,1,1,1.0,3.0,67263,M,4902800.0,777000.0,67
201000010065,10,6,22,1215,1,1,1,1.0,1.0,67263,M,4897900.0,776800.0,67
201000010066,10,6,27,2215,3,1,1,1.0,7.0,67263,M,4902200.0,777900.0,67
201000010067,10,7,23,200,3,1,1,1.0,7.0,67303,M,4891800.0,775500.0,67
201000010068,10,7,31,2145,5,2,1,1.0,7.0,67379,M,4894600.0,780500.0,67
201000010069,10,10,10,1630,2,1,1,1.0,7.0,67263,M,4901700.0,782400.0,67
201000010070,10,10,16,1700,1,1,1,1.0,7.0,67093,M,4894200.0,778700.0,67
201000010071,10,10,16,1545,1,1,1,1.0,1.0,67186,M,4889800.0,774700.0,67
201000010072,10,12,24,530,3,1,1,1.0,7.0,67093,M,4894100.0,778500.0,67
201000010073,10,4,21,1615,1,2,3,1.0,6.0,68145,M,4808144.0,739198.0,68
201000010074,10,6,4,1000,1,2,1,1.0,2.0,68066,M,4807556.0,734180.0,68
201000010075,10,6,13,1945,1,2,1,1.0,6.0,68145,M,4807996.0,739849.0,68
201000010076,10,7,7,400,3,1,1,1.0,6.0,68007,M,4805787.0,743334.0,68
201000010077,10,8,26,1715,1,2,1,1.0,6.0,68145,M,4808131.0,738962.0,68
201000010078,10,9,10,1245,1,1,1,1.0,6.0,68331,M,4805044.0,740188.0,68
201000010079,10,11,5,830,1,2,9,7.0,6.0,68145,M,4808600.0,739400.0,68
201000010080,10,11,8,1715,3,1,2,1.0,3.0,68295,M,4799556.0,738101.0,68
201000010081,10,11,23,1730,3,1,2,1.0,1.0,68295,M,4802733.0,740224.0,68
201000010082,10,7,16,1815,1,1,1,1.0,3.0,68175,M,4814806.0,717569.0,68
201000010083,10,7,28,1800,1,1,1,1.0,7.0,68097,M,4817844.0,719232.0,68
201000010084,10,8,1,550,2,1,1,1.0,6.0,68249,M,4814108.0,717880.0,68
201000010085,10,8,6,330,3,1,1,1.0,6.0,68175,M,4815534.0,716906.0,68
201000010086,10,11,13,1545,1,2,1,7.0,6.0,68249,M,4812558.0,715554.0,68
201000010087,10,4,27,810,1,1,1,1.0,1.0,68368,M,4805055.0,721717.0,68
201000010088,10,4,30,1730,1,1,1,2.0,6.0,68329,M,4806702.0,706999.0,68
201000010089,10,4,29,1700,1,1,1,1.0,6.0,68368,M,4804685.0,720936.0,68
201000010090,10,5,8,1730,1,2,2,1.0,3.0,68368,M,4805210.0,720475.0,68
201000010091,10,6,4,1925,1,2,1,1.0,1.0,68329,M,4805158.0,709891.0,68
201000010092,10,7,18,1645,1,1,1,1.0,3.0,68317,M,4806635.0,709834.0,68
201000010093,10,9,4,1515,1,1,1,1.0,6.0,68204,M,4801750.0,707627.0,68
201000010094,10,10,13,730,2,2,3,1.0,3.0,68117,M,4804235.0,717290.0,68
201000010095,10,1,15,530,3,1,1,8.0,3.0,68076,M,4810825.0,749933.0,68
201000010096,10,2,27,1145,1,2,1,1.0,7.0,68231,M,4801810.0,752775.0,68
201000010097,10,5,15,2230,3,1,1,1.0,6.0,68272,M,4813174.0,743895.0,68
201000010098,10,6,30,1830,1,1,3,1.0,3.0,68130,M,4797261.0,754665.0,68
201000010099,10,10,7,700,2,2,1,1.0,3.0,68143,M,4811045.0,742416.0,68
201000010100,10,11,6,830,1,2,1,1.0,3.0,68008,M,4802944.0,744307.0,68
201000010101,10,11,10,345,3,1,1,2.0,6.0,68069,M,4799300.0,748000.0,68
201000010102,10,11,25,1730,5,1,2,2.0,3.0,68379,M,4802904.0,749684.0,68
201000010103,10,1,30,1900,5,2,2,4.0,3.0,68005,M,4812571.0,728471.0,68
201000010104,10,4,29,730,1,1,6,1.0,3.0,68310,M,4813253.0,731791.0,68
201000010105,10,6,12,2015,2,1,1,1.0,3.0,68310,M,4812915.0,731441.0,68
201000010106,10,7,14,1615,1,1,1,1.0,1.0,68283,M,4829212.0,725878.0,68
201000010107,10,11,1,1735,2,2,3,1.0,3.0,68209,M,4815400.0,732100.0,68
201000010108,10,4,7,1630,1,1,1,1.0,1.0,68294,M,4826679.0,724513.0,68
201000010109,10,5,23,1630,1,1,1,1.0,3.0,68298,M,4823043.0,722139.0,68
201000010110,10,6,24,1330,1,2,1,1.0,6.0,68294,M,4826219.0,722261.0,68
201000010111,10,8,27,1945,2,2,3,2.0,3.0,68298,M,4824083.0,717917.0,68
201000010112,10,9,23,1700,1,2,1,1.0,6.0,68298,M,4825066.0,719126.0,68
201000010113,10,1,4,730,5,2,1,8.0,6.0,68078,M,4804120.0,731405.0,68
201000010114,10,3,24,1345,1,2,1,1.0,3.0,68374,M,4806836.0,730968.0,68
201000010115,10,3,24,1430,1,1,1,1.0,3.0,68155,M,4810103.0,731319.0,68
201000010116,10,5,20,1315,1,2,1,2.0,6.0,68374,M,4808548.0,731772.0,68
201000010117,10,5,29,1500,1,1,1,1.0,1.0,68338,M,4808825.0,723631.0,68
201000010118,10,6,29,800,1,2,6,1.0,3.0,68374,M,4808538.0,731989.0,68
201000010119,10,7,11,815,1,1,1,1.0,3.0,68244,M,4802810.0,731361.0,68
201000010120,10,7,21,1915,1,1,3,1.0,3.0,68338,M,4808579.0,727045.0,68
201000010121,10,8,10,1945,1,2,3,1.0,3.0,68078,M,4804935.0,731139.0,68
201000010122,10,9,11,1330,1,2,1,1.0,6.0,68155,M,4809489.0,730993.0,68
201000010123,10,9,14,1730,1,2,1,1.0,3.0,68374,M,4807112.0,731061.0,68
201000010124,10,10,5,1130,1,1,1,1.0,3.0,68374,M,4807189.0,726561.0,68
201000010125,10,10,8,1430,1,1,1,1.0,3.0,68374,M,4807621.0,725772.0,68
201000010126,10,11,3,1700,2,1,1,1.0,3.0,68155,M,4811308.0,730553.0,68