Num_Acc,an,mois,jour,hrmn,lum,agg,int,atm,col,com,gps,lat,long,dep
201000010127,10,11,14,1630,2,1,1,1.0,6.0,68237,M,4810085.0,726265.0,68
201000010128,10,11,20,2300,3,1,1,1.0,7.0,68155,M,4809866.0,729403.0,68
201000010129,10,11,23,1900,5,2,1,1.0,6.0,68338,M,4808356.0,728171.0,68
201000010130,10,3,31,1700,1,1,1,1.0,6.0,68017,M,4762894.0,714506.0,68
201000010131,10,5,27,1930,2,2,1,1.0,1.0,68333,M,4762137.0,730307.0,68
201000010132,10,6,15,1600,1,2,1,8.0,1.0,68325,M,4755025.0,733424.0,68
201000010133,10,11,3,1630,1,1,3,1.0,3.0,68004,M,4763070.0,723254.0,68
201000010134,10,11,27,1545,2,1,1,4.0,5.0,68004,M,4763423.0,726256.0,68
201000010135,10,12,18,1900,3,1,1,8.0,4.0,68158,M,4759828.0,738835.0,68
201000010136,10,2,17,15,5,2,1,1.0,6.0,68332,M,4765518.0,726573.0,68
201000010137,10,4,9,1730,1,2,1,1.0,3.0,68152,M,4767976.0,726974.0,68
201000010138,10,4,23,1715,1,1,1,1.0,7.0,68268,M,4763316.0,707803.0,68
201000010139,10,6,13,415,4,2,1,1.0,7.0,68337,M,4766676.0,709962.0,68
201000010140,10,11,7,1700,1,1,1,1.0,6.0,68077,M,4765996.0,718026.0,68
201000010141,10,2,1,1245,1,1,1,8.0,6.0,68259,M,4747397.0,735978.0,68
201000010142,10,2,10,1645,1,1,1,4.0,1.0,68169,M,4751755.0,729116.0,68
201000010143,10,2,17,600,2,1,1,9.0,7.0,68074,M,4749226.0,724798.0,68
201000010144,10,5,1,1845,1,1,1,2.0,6.0,68306,M,4753460.0,719258.0,68
201000010145,10,5,29,1645,1,1,3,1.0,1.0,68312,M,4748674.0,732404.0,68
201000010146,10,6,10,2100,2,1,1,1.0,6.0,68194,M,4747614.0,738536.0,68
201000010147,10,7,2,2245,4,1,1,1.0,7.0,68169,M,4750366.0,726283.0,68
201000010148,10,8,2,230,3,1,1,1.0,6.0,68216,M,4749974.0,722013.0,68
201000010149,10,9,25,1415,1,2,1,1.0,3.0,68202,M,4759007.0,712240.0,68
201000010150,10,10,5,2030,3,1,1,1.0,6.0,68248,M,4750001.0,742431.0,68
201000010151,10,11,26,1545,1,1,1,4.0,1.0,68137,M,4757578.0,716410.0,68
201000010152,10,12,14,745,2,2,1,4.0,1.0,68216,M,4751593.0,721200.0,68
201000010153,10,12,24,1130,1,1,1,4.0,6.0,68373,M,4747103.0,726710.0,68
201000010154,10,1,3,915,1,2,4,7.0,1.0,68082,M,4785712.0,734704.0,68
201000010155,10,2,8,1615,1,2,4,1.0,3.0,68082,M,4785695.0,733504.0,68
201000010156,10,2,16,1745,1,1,2,1.0,1.0,68258,M,4782623.0,728527.0,68
201000010157,10,2,25,445,3,1,1,1.0,6.0,68041,M,4789022.0,755792.0,68
201000010158,10,3,19,1445,1,1,9,1.0,3.0,68082,M,4786700.0,737200.0,68
201000010159,10,3,21,215,5,1,1,1.0,7.0,68091,M,4791196.0,756110.0,68
201000010160,10,5,1,1800,1,2,2,8.0,3.0,68082,M,4785644.0,733545.0,68
201000010161,10,5,26,1215,1,2,6,1.0,7.0,68258,M,4783690.0,730628.0,68
201000010162,10,6,12,2215,3,1,1,1.0,6.0,68234,M,4795550.0,735401.0,68
201000010163,10,6,22,1415,1,1,2,1.0,3.0,68082,M,4786793.0,736080.0,68
201000010164,10,7,26,630,1,1,1,1.0,7.0,68140,M,4790349.0,743702.0,68
201000010165,10,7,29,2045,2,1,1,1.0,7.0,68266,M,4787685.0,738648.0,68
201000010166,10,8,5,1730,1,1,2,1.0,5.0,68082,M,4786791.0,736063.0,68
201000010167,10,8,15,1845,1,1,1,1.0,1.0,68041,M,4786710.0,754978.0,68
201000010168,10,12,12,1100,1,1,1,1.0,1.0,68082,M,4787360.0,735300.0,68
201000010169,10,12,22,1830,2,2,1,5.0,5.0,68140,M,4791305.0,744451.0,68
201000010170,10,1,9,1415,1,1,1,4.0,1.0,68043,M,4786784.0,725349.0,68
201000010171,10,2,16,2315,3,1,1,1.0,7.0,68287,M,4796099.0,730889.0,68
201000010172,10,3,25,945,1,1,1,1.0,2.0,68287,M,4794126.0,728379.0,68
201000010173,10,4,28,1515,1,2,1,1.0,2.0,68287,M,4796736.0,730312.0,68
201000010174,10,5,4,1845,1,1,1,3.0,3.0,68260,M,4788390.0,726569.0,68
201000010175,10,5,14,1030,1,1,1,8.0,5.0,68032,M,4783151.0,722006.0,68
201000010176,10,5,24,1215,1,1,1,1.0,7.0,68088,M,4787000.0,728631.0,68
201000010177,10,6,15,1245,1,1,1,1.0,2.0,68043,M,4785683.0,724278.0,68
201000010178,10,7,11,930,1,2,1,1.0,1.0,68287,M,4796198.0,729311.0,68
201000010179,10,7,31,2300,5,2,1,1.0,7.0,68043,M,4786006.0,725967.0,68
201000010180,10,8,9,545,2,1,1,1.0,7.0,68260,M,4788569.0,726023.0,68
201000010181,10,8,20,1900,1,2,1,1.0,7.0,68043,M,4785966.0,726107.0,68
201000010182,10,10,22,1800,2,2,1,8.0,6.0,68381,M,4787239.0,721548.0,68
201000010183,10,12,15,1345,1,1,1,4.0,1.0,68318,M,4796899.0,721560.0,68
201000010184,10,12,29,445,3,1,1,4.0,6.0,68287,M,4794910.0,729020.0,68
201000010185,10,5,22,1215,1,2,1,1.0,2.0,68154,M,4776810.0,738393.0,68
201000010186,10,7,15,1700,1,2,3,1.0,3.0,68154,M,4778152.0,734783.0,68
201000010187,10,1,22,800,1,2,1,1.0,6.0,68195,M,4776147.0,728312.0,68
201000010188,10,2,3,1330,1,1,1,2.0,7.0,68267,M,4776981.0,724279.0,68
201000010189,10,3,17,1615,1,1,1,1.0,7.0,68218,M,4773369.0,724650.0,68
201000010190,10,4,9,1645,1,2,1,1.0,6.0,68195,M,4775564.0,728254.0,68
201000010191,10,7,1,1545,1,1,1,1.0,6.0,68267,M,4776210.0,723272.0,68
201000010192,10,7,27,515,2,1,1,1.0,3.0,68195,M,4777077.0,723770.0,68
201000010193,10,8,13,1230,1,2,1,1.0,3.0,68384,M,4769622.0,730447.0,68
201000010194,10,9,24,1815,2,1,1,2.0,2.0,68195,M,4775851.0,729219.0,68
201000010195,10,10,23,300,3,1,1,1.0,6.0,68267,M,4776003.0,723314.0,68
201000010196,10,12,12,1845,5,2,1,1.0,6.0,68070,M,4771754.0,730977.0,68
201000010197,10,1,22,900,1,1,1,8.0,1.0,68126,M,4755214.0,751876.0,68
201000010198,10,1,26,1000,1,1,1,4.0,1.0,68183,M,4750334.0,743596.0,68
201000010199,10,3,1,1400,1,2,1,7.0,6.0,68126,M,4756185.0,752659.0,68
201000010200,10,3,10,2345,3,1,1,4.0,6.0,68263,M,4757965.0,747211.0,68
201000010201,10,3,13,2345,4,1,1,1.0,1.0,68297,M,4758911.0,754728.0,68
201000010202,10,5,7,1715,1,1,1,1.0,5.0,68264,M,4758815.0,743536.0,68
201000010203,10,7,2,1545,1,1,1,1.0,2.0,68263,M,4758323.0,743882.0,68
201000010204,10,7,27,1715,1,2,1,1.0,1.0,68349,M,4759791.0,757784.0,68
201000010205,10,10,23,2100,5,2,1,2.0,3.0,68042,M,4759898.0,748967.0,68
201000010206,10,10,28,1830,2,1,1,1.0,3.0,68286,M,4764087.0,753513.0,68
201000010207,10,11,4,2245,3,1,1,1.0,2.0,68042,M,4758485.0,751062.0,68
201000010208,10,11,20,1800,3,1,1,1.0,1.0,68061,M,4756539.0,748490.0,68
201000010209,10,12,9,1645,2,1,1,8.0,4.0,68349,M,4760083.0,759103.0,68
201000010210,10,1,29,1600,1,1,1,2.0,1.0,68170,M,4765280.0,740336.0,68
201000010211,10,4,10,1745,1,1,1,1.0,3.0,68309,M,4766966.0,747998.0,68
201000010212,10,4,6,1230,1,2,1,1.0,4.0,68021,M,4763552.0,747585.0,68
201000010213,10,11,5,2000,3,2,1,1.0,3.0,68163,M,4766020.0,750470.0,68
201000010214,10,11,9,1830,3,1,1,1.0,3.0,68072,M,4770697.0,742224.0,68
201000010215,10,11,16,1630,1,1,1,1.0,6.0,68327,M,4762845.0,742710.0,68
201000010216,10,3,13,1500,1,2,6,1.0,3.0,68348,M,4780119.0,711687.0,68
201000010217,10,3,17,1445,1,2,1,1.0,6.0,68040,M,4782815.0,708126.0,68
201000010218,10,5,4,1615,1,2,3,8.0,1.0,68334,M,4780679.0,710082.0,68
201000010219,10,6,23,1930,1,2,1,1.0,6.0,68151,M,4789097.0,699536.0,68
201000010220,10,7,3,1615,1,1,1,1.0,6.0,68372,M,4785393.0,709238.0,68
201000010221,10,7,23,430,2,1,1,1.0,7.0,68279,M,4778263.0,709940.0,68
201000010222,10,8,22,1615,1,1,1,1.0,1.0,68106,M,4791001.0,704973.0,68
201000010223,10,9,22,1615,1,2,1,1.0,2.0,68348,M,4780323.0,711858.0,68
201000010224,10,10,7,745,1,2,1,1.0,3.0,68348,M,4780364.0,712431.0,68
201000010225,10,1,23,445,3,1,1,1.0,7.0,68063,M,4778408.0,719665.0,68
201000010226,10,5,24,1130,1,1,1,1.0,7.0,68342,M,4782931.0,716316.0,68
201000010227,10,8,5,1500,1,2,1,1.0,2.0,68063,M,4780922.0,718027.0,68
201000010228,10,9,22,1515,1,2,6,1.0,3.0,68063,M,4780259.0,718235.0,68
201000010229,10,4,18,1445,1,1,1,1.0,7.0,68262,M,4792109.0,703936.0,68
201000010230,10,4,18,1615,1,2,1,1.0,6.0,68151,M,4788406.0,699707.0,68
201000010231,10,5,29,1215,1,1,1,1.0,7.0,68247,M,4794001.0,700845.0,68
201000010232,10,6,5,1045,1,1,1,1.0,7.0,68247,M,4794770.0,699580.0,68
201000010233,10,6,20,2000,1,2,3,1.0,1.0,68247,M,4791014.0,697529.0,68
201000010234,10,6,27,130,3,1,1,1.0,6.0,68171,M,4792325.0,696976.0,68
201000010235,10,7,5,1415,1,1,1,2.0,2.0,68262,M,4792500.0,701560.0,68
201000010236,10,8,1,1515,1,1,1,1.0,5.0,68247,M,4795665.0,699488.0,68
201000010237,10,9,9,2030,3,1,1,1.0,6.0,68217,M,4787101.0,705551.0,68
201000010238,10,9,18,1045,1,1,1,1.0,7.0,68344,M,4788262.0,692102.0,68
201000010239,10,11,25,1900,5,1,1,4.0,6.0,68199,M,4786600.0,703870.0,68
201000010240,10,3,6,1830,2,1,1,8.0,6.0,68304,M,4775596.0,706621.0,68
201000010241,10,3,24,1745,1,1,1,1.0,1.0,68201,M,4778801.0,701877.0,68
201000010242,10,4,2,1445,1,1,1,1.0,5.0,68314,M,4772500.0,707700.0,68
201000010243,10,4,23,1610,1,2,1,1.0,6.0,68073,M,4780576.0,693663.0,68
201000010244,10,4,25,1730,1,2,1,1.0,6.0,68179,M,4775700.0,701900.0,68
201000010245,10,5,22,1300,1,1,1,1.0,3.0,68060,M,4772445.0,711991.0,68
201000010246,10,7,20,1545,1,2,1,1.0,3.0,68060,M,4773084.0,714844.0,68
201000010247,10,7,25,200,3,1,1,1.0,6.0,68011,M,4777227.0,716240.0,68
201000010248,10,9,24,1945,5,2,1,2.0,1.0,68011,M,4776207.0,714997.0,68
201000010249,10,10,12,1015,1,2,1,1.0,6.0,68201,M,4777277.0,700159.0,68
201000010250,10,11,3,1830,5,2,1,1.0,6.0,68201,M,4777707.0,699598.0,68
201000010251,10,2,13,530,3,1,6,1.0,6.0,51482,M,4888910.0,445407.0,51
201000010252,10,3,12,1615,1,1,1,1.0,6.0,51538,M,0.0,0.0,51
201000010253,10,3,13,445,3,1,1,8.0,6.0,51409,M,0.0,0.0,51
201000010254,10,3,17,1830,1,1,1,1.0,7.0,51538,M,0.0,0.0,51
201000010255,10,7,18,930,1,1,1,1.0,6.0,51354,M,0.0,0.0,51
201000010256,10,7,17,1815,1,1,1,1.0,1.0,51087,M,0.0,0.0,51
201000010257,10,8,3,1500,1,1,1,1.0,3.0,51548,M,0.0,0.0,51
201000010258,10,8,3,1515,1,2,2,1.0,3.0,51482,M,0.0,0.0,51
201000010259,10,8,21,1830,1,1,3,1.0,2.0,51148,M,0.0,0.0,51
201000010260,10,10,7,1845,1,1,1,7.0,3.0,51436,M,0.0,0.0,51
201000010261,10,10,15,645,3,1,1,1.0,6.0,51482,M,0.0,0.0,51
201000010262,10,6,29,2130,2,1,1,1.0,6.0,51388,M,0.0,0.0,51
201000010263,10,7,9,545,1,1,1,1.0,6.0,51559,M,0.0,0.0,51
201000010264,10,7,28,730,1,2,1,8.0,2.0,51388,M,0.0,0.0,51
201000010265,10,12,2,1910,5,2,2,1.0,3.0,51388,M,0.0,0.0,51
201000010266,10,5,5,1000,1,1,2,1.0,3.0,51476,M,0.0,0.0,51
201000010267,10,3,3,1930,3,1,1,1.0,6.0,51413,M,0.0,0.0,51
201000010268,10,3,21,1145,1,2,2,8.0,3.0,51251,M,0.0,0.0,51
201000010269,10,5,23,1115,1,2,3,1.0,3.0,51630,M,0.0,0.0,51
201000010270,10,6,5,1630,1,1,1,1.0,3.0,51435,M,0.0,0.0,51
201000010271,10,6,15,1630,1,1,1,1.0,1.0,51638,M,0.0,0.0,51
201000010272,10,6,25,745,1,1,1,1.0,3.0,51413,M,0.0,0.0,51
201000010273,10,6,25,1215,1,2,1,1.0,6.0,51367,M,0.0,0.0,51
201000010274,10,7,23,945,1,1,1,1.0,3.0,51049,M,0.0,0.0,51
201000010275,10,11,5,1615,1,2,1,1.0,1.0,51029,M,0.0,0.0,51
201000010276,10,1,7,1745,2,2,1,1.0,6.0,51217,M,4907650.0,364015.0,51
201000010277,10,1,15,45,3,1,1,9.0,7.0,51585,M,0.0,0.0,51
201000010278,10,2,17,1315,1,2,2,9.0,3.0,51217,M,4907760.0,364147.0,51
201000010279,10,2,19,1700,2,2,1,1.0,6.0,51192,M,4905340.0,359662.0,51
201000010280,10,4,27,1515,1,2,6,1.0,6.0,51217,M,0.0,0.0,51
201000010281,10,5,28,715,1,1,1,8.0,2.0,51410,M,0.0,0.0,51
201000010282,10,6,29,1745,1,2,1,1.0,6.0,51217,M,0.0,0.0,51
201000010283,10,7,21,1145,1,2,1,2.0,5.0,51217,M,0.0,0.0,51
201000010284,10,9,11,1515,1,1,3,1.0,3.0,51585,M,0.0,0.0,51
201000010285,10,9,29,1415,1,2,1,1.0,3.0,51217,M,0.0,0.0,51
201000010286,10,11,30,545,3,1,1,8.0,1.0,51346,M,0.0,0.0,51
201000010287,10,5,26,1730,1,1,1,3.0,1.0,51351,M,0.0,0.0,51
201000010288,10,6,22,215,3,1,1,1.0,7.0,51167,M,0.0,0.0,51
201000010289,10,7,12,1700,1,1,1,1.0,5.0,51594,M,0.0,0.0,51
201000010290,10,11,27,30,3,1,1,2.0,6.0,51165,M,0.0,0.0,51
201000010291,10,1,30,1900,3,1,1,1.0,3.0,51070,M,4884600.0,363375.0,51
201000010292,10,2,24,845,1,1,1,5.0,3.0,51563,M,4882360.0,373808.0,51
201000010293,10,7,22,2115,1,2,1,1.0,6.0,51359,M,0.0,0.0,51
201000010294,10,8,5,1245,1,2,1,1.0,3.0,51380,M,0.0,0.0,51
201000010295,10,11,4,715,2,2,3,1.0,3.0,51380,M,0.0,0.0,51
201000010296,10,2,7,45,5,2,1,1.0,2.0,51492,M,4854400.0,375931.0,51
201000010297,10,2,8,1415,1,1,1,1.0,6.0,51645,M,4870340.0,369334.0,51
201000010298,10,2,24,830,1,1,2,1.0,3.0,51237,M,4871860.0,354747.0,51
201000010299,10,3,20,2045,3,1,1,3.0,7.0,51103,M,0.0,0.0,51
201000010300,10,3,20,2315,3,1,1,8.0,7.0,51625,M,0.0,0.0,51
201000010301,10,4,7,1845,1,1,1,1.0,6.0,51343,M,0.0,0.0,51
201000010302,10,4,20,1145,1,2,1,1.0,2.0,51036,M,0.0,0.0,51
201000010303,10,5,11,1100,1,1,2,8.0,3.0,51535,M,0.0,0.0,51
201000010304,10,5,14,1430,1,2,1,1.0,1.0,51237,M,0.0,0.0,51
201000010305,10,5,16,15,3,1,1,1.0,6.0,51535,M,0.0,0.0,51
201000010306,10,5,29,1645,1,1,2,1.0,5.0,51535,M,0.0,0.0,51
201000010307,10,5,31,615,1,1,1,1.0,6.0,51056,M,0.0,0.0,51
201000010308,10,7,11,1445,1,1,1,1.0,6.0,51492,M,0.0,0.0,51
201000010309,10,7,13,1315,1,1,2,1.0,3.0,51432,M,0.0,0.0,51
201000010310,10,8,7,2300,3,1,1,3.0,6.0,51185,M,0.0,0.0,51
201000010311,10,8,14,1300,1,1,1,1.0,3.0,51535,M,0.0,0.0,51
201000010312,10,9,18,2100,3,2,2,1.0,3.0,51526,M,0.0,0.0,51
201000010313,10,9,19,1715,1,2,1,1.0,6.0,51254,M,0.0,0.0,51
201000010314,10,10,1,800,1,2,1,5.0,1.0,51535,M,0.0,0.0,51
201000010315,10,10,6,2000,2,1,1,1.0,7.0,51313,M,0.0,0.0,51
201000010316,10,10,12,1230,1,1,1,1.0,1.0,51009,M,0.0,0.0,51
201000010317,10,11,13,530,3,1,1,2.0,7.0,51237,M,0.0,0.0,51
201000010318,10,11,24,800,3,1,1,2.0,1.0,51645,M,0.0,0.0,51
201000010319,10,12,15,750,1,2,1,1.0,6.0,51162,M,0.0,0.0,51
201000010320,10,4,27,1045,1,1,1,1.0,6.0,51030,M,0.0,0.0,51
201000010321,10,4,12,2130,3,1,1,3.0,6.0,51086,M,0.0,0.0,51
201000010322,10,9,15,1745,1,2,1,1.0,1.0,51250,M,0.0,0.0,51
201000010323,10,10,7,715,2,1,1,1.0,2.0,51250,M,0.0,0.0,51
201000010324,10,10,16,1415,1,1,1,8.0,7.0,51308,M,0.0,0.0,51
201000010325,10,1,10,830,1,1,1,1.0,7.0,51012,M,4913800.0,374255.0,51
201000010326,10,1,19,845,1,1,1,5.0,3.0,51111,M,4918770.0,383948.0,51
201000010327,10,3,19,615,3,1,1,1.0,6.0,51072,M,0.0,0.0,51
201000010328,10,4,9,1030,1,1,2,1.0,3.0,51569,M,0.0,0.0,51
201000010329,10,4,18,400,5,2,1,1.0,6.0,51225,M,0.0,0.0,51
201000010330,10,5,20,1900,1,1,1,1.0,1.0,51422,M,0.0,0.0,51
201000010331,10,6,4,1915,1,2,1,1.0,7.0,51391,M,0.0,0.0,51
201000010332,10,6,13,2315,3,1,1,1.0,1.0,51532,M,0.0,0.0,51
201000010333,10,6,19,2115,2,1,3,1.0,6.0,51425,M,0.0,0.0,51
201000010334,10,7,12,430,3,1,1,1.0,2.0,51391,M,0.0,0.0,51
201000010335,10,9,16,1230,1,1,1,1.0,5.0,51418,M,0.0,0.0,51
201000010336,10,10,3,1015,1,1,1,7.0,2.0,51391,M,0.0,0.0,51
201000010337,10,12,3,745,1,1,1,1.0,1.0,51425,M,0.0,0.0,51
201000010338,10,2,24,1630,1,2,1,1.0,3.0,51210,M,4906170.0,396758.0,51
201000010339,10,4,4,1430,1,2,2,1.0,3.0,51204,M,0.0,0.0,51
201000010340,10,4,22,1545,1,1,1,1.0,6.0,51028,M,0.0,0.0,51
201000010341,10,4,22,1800,1,2,1,1.0,4.0,51002,M,0.0,0.0,51
201000010342,10,5,24,1300,1,1,1,1.0,1.0,51210,M,0.0,0.0,51
201000010343,10,7,4,2030,1,2,1,1.0,7.0,51564,M,0.0,0.0,51
201000010344,10,9,22,1745,2,1,1,7.0,3.0,51393,M,0.0,0.0,51
201000010345,10,9,26,1645,1,2,1,1.0,4.0,51597,M,0.0,0.0,51
201000010346,10,11,24,1430,1,1,1,1.0,1.0,51347,M,0.0,0.0,51
201000010347,10,10,3,1830,2,1,1,1.0,7.0,51517,M,0.0,0.0,51
201000010348,10,10,3,1800,1,2,2,1.0,3.0,51052,M,0.0,0.0,51
201000010349,10,12,4,1915,3,1,1,4.0,5.0,51440,M,0.0,0.0,51
201000010350,10,1,26,2300,3,1,1,1.0,7.0,51141,M,0.0,0.0,51
201000010351,10,2,14,1845,3,1,1,1.0,6.0,51022,M,4882090.0,457875.0,51
201000010352,10,4,14,530,3,1,1,1.0,1.0,51352,M,0.0,0.0,51
201000010353,10,4,27,815,1,1,1,7.0,1.0,51647,M,0.0,0.0,51
201000010354,10,5,14,645,2,1,1,1.0,6.0,51065,M,0.0,0.0,51
201000010355,10,5,14,2245,3,1,1,1.0,1.0,51340,M,0.0,0.0,51
201000010356,10,5,24,2030,1,1,1,1.0,7.0,51552,M,0.0,0.0,51
201000010357,10,5,27,1930,1,2,1,1.0,1.0,51649,M,0.0,0.0,51
201000010358,10,6,5,900,1,2,2,1.0,1.0,51649,M,0.0,0.0,51
201000010359,10,6,8,1800,1,2,1,3.0,6.0,51649,M,0.0,0.0,51
201000010360,10,6,9,1530,1,1,1,1.0,6.0,51598,M,0.0,0.0,51
201000010361,10,6,21,1145,1,1,1,1.0,1.0,51262,M,0.0,0.0,51
201000010362,10,6,30,2000,1,1,1,1.0,6.0,51446,M,0.0,0.0,51
201000010363,10,7,16,1115,1,1,1,1.0,7.0,51334,M,0.0,0.0,51
201000010364,10,8,23,1430,1,1,1,2.0,6.0,51141,M,0.0,0.0,51
201000010365,10,8,30,2345,5,1,6,2.0,6.0,51295,M,0.0,0.0,51
201000010366,10,8,31,1345,1,2,1,1.0,3.0,51649,M,0.0,0.0,51
201000010367,10,10,2,1945,3,1,1,1.0,7.0,51141,M,0.0,0.0,51
201000010368,10,11,17,2000,3,1,1,1.0,1.0,51022,M,0.0,0.0,51
201000010369,10,2,17,1700,1,1,1,1.0,3.0,51423,M,4876270.0,483959.0,51
201000010370,10,5,2,745,1,1,1,1.0,6.0,51442,M,0.0,0.0,51
201000010371,10,5,23,430,2,2,1,1.0,6.0,51521,M,0.0,0.0,51
201000010372,10,5,21,2015,2,1,1,1.0,7.0,51567,M,0.0,0.0,51
201000010373,10,6,6,1200,1,1,1,1.0,7.0,51513,M,0.0,0.0,51
201000010374,10,6,5,1900,1,1,1,1.0,7.0,51373,M,0.0,0.0,51
201000010375,10,7,30,1530,1,1,1,1.0,1.0,51589,M,0.0,0.0,51
201000010376,10,9,16,1915,1,2,1,1.0,3.0,51284,M,0.0,0.0,51
201000010377,10,12,12,1145,1,2,1,1.0,7.0,51423,M,0.0,0.0,51
201000010378,10,5,5,1830,1,1,1,1.0,6.0,51507,M,0.0,0.0,51
201000010379,10,5,9,1500,1,1,1,1.0,3.0,51292,M,0.0,0.0,51
201000010380,10,5,17,1745,1,2,1,1.0,6.0,51507,M,0.0,0.0,51
201000010381,10,6,24,1515,1,2,1,1.0,1.0,51507,M,0.0,0.0,51
201000010382,10,7,9,245,3,1,1,1.0,6.0,51083,M,0.0,0.0,51
201000010383,10,7,16,1145,1,2,2,1.0,3.0,51283,M,0.0,0.0,51
201000010384,10,10,23,830,1,1,1,1.0,2.0,51507,M,0.0,0.0,51
201000010385,10,10,30,1815,2,1,1,7.0,2.0,51500,M,0.0,0.0,51
201000010386,10,11,4,1515,1,1,1,1.0,3.0,51549,M,0.0,0.0,51
201000010387,10,11,19,1945,3,1,1,1.0,6.0,51619,M,0.0,0.0,51
201000010388,10,4,11,1930,1,2,1,1.0,6.0,08003,M,0.0,0.0,08
201000010389,10,4,19,815,1,2,1,1.0,6.0,08096,M,0.0,0.0,08
201000010390,10,5,1,2345,5,2,1,1.0,7.0,08096,M,0.0,0.0,08
201000010391,10,7,7,1345,1,1,1,1.0,6.0,08199,M,0.0,0.0,08
201000010392,10,8,12,1630,1,2,1,1.0,1.0,08199,M,0.0,0.0,08
201000010393,10,9,11,1000,1,1,2,1.0,3.0,08263,M,0.0,0.0,08
201000010394,10,10,25,1430,1,1,1,1.0,6.0,08209,M,0.0,0.0,08
201000010395,10,11,28,1630,1,1,1,1.0,1.0,08283,M,0.0,0.0,08
201000010396,10,1,1,1910,5,2,1,1.0,1.0,08188,M,0.0,0.0,08
201000010397,10,1,21,745,2,1,1,5.0,6.0,08302,M,0.0,0.0,08
201000010398,10,5,15,1715,1,2,4,1.0,3.0,08081,M,0.0,0.0,08
201000010399,10,7,20,2045,1,2,1,1.0,6.0,08302,M,0.0,0.0,08
201000010400,10,8,21,1530,1,2,1,1.0,3.0,08328,M,0.0,0.0,08
201000010401,10,8,29,400,5,2,1,1.0,6.0,08328,M,0.0,0.0,08
201000010402,10,9,19,130,3,1,1,1.0,7.0,08218,M,0.0,0.0,08
201000010403,10,10,21,1445,1,2,1,1.0,3.0,08081,M,0.0,0.0,08
201000010404,10,12,31,1615,1,1,1,8.0,1.0,08081,M,0.0,0.0,08
201000010405,10,4,17,1315,1,1,1,1.0,7.0,08284,M,0.0,0.0,08
201000010406,10,5,10,1030,1,1,1,1.0,6.0,08460,M,0.0,0.0,08
201000010407,10,5,9,1130,1,1,3,1.0,3.0,08058,M,0.0,0.0,08
201000010408,10,6,7,100,3,1,1,1.0,6.0,08251,M,0.0,0.0,08
201000010409,10,8,6,1715,1,2,4,1.0,1.0,08284,M,0.0,0.0,08
201000010410,10,9,2,1815,1,2,3,1.0,1.0,08457,M,0.0,0.0,08
201000010411,10,10,29,1945,3,1,1,2.0,1.0,08358,M,0.0,0.0,08
201000010412,10,10,5,2245,3,1,1,2.0,6.0,08185,M,0.0,0.0,08
201000010413,10,11,7,45,5,2,1,2.0,1.0,08222,M,0.0,0.0,08
201000010414,10,11,11,1730,3,2,1,3.0,6.0,08363,M,0.0,0.0,08
201000010415,10,3,6,2100,3,1,1,1.0,3.0,08367,M,0.0,0.0,08
201000010416,10,3,13,1915,1,1,1,1.0,6.0,08156,M,0.0,0.0,08
201000010417,10,4,27,2030,2,2,3,1.0,3.0,08254,M,0.0,0.0,08
201000010418,10,6,2,1815,1,1,1,1.0,7.0,08078,M,0.0,0.0,08
201000010419,10,7,16,1800,1,1,2,1.0,5.0,08440,M,0.0,0.0,08
201000010420,10,5,10,1615,1,2,2,1.0,3.0,08311,M,0.0,0.0,08
201000010421,10,7,16,830,1,1,2,1.0,3.0,08336,M,0.0,0.0,08
201000010422,10,8,18,2230,3,1,1,1.0,1.0,08475,M,0.0,0.0,08
201000010423,10,8,24,945,1,1,1,1.0,3.0,08153,M,0.0,0.0,08
201000010424,10,9,15,1600,1,2,2,1.0,1.0,08090,M,0.0,0.0,08
201000010425,10,10,1,1630,1,1,1,1.0,1.0,08034,M,0.0,0.0,08
201000010426,10,10,1,2200,3,1,1,2.0,7.0,08336,M,0.0,0.0,08
201000010427,10,11,8,1845,5,2,3,2.0,3.0,08053,M,0.0,0.0,08
201000010428,10,11,25,1445,1,2,1,1.0,3.0,08090,M,0.0,0.0,08
201000010429,10,1,6,1500,2,2,1,8.0,6.0,08491,M,0.0,0.0,08
201000010430,10,2,6,2330,3,1,1,8.0,6.0,08142,M,0.0,0.0,08
201000010431,10,4,10,1715,1,1,1,1.0,2.0,08063,M,0.0,0.0,08
201000010432,10,6,17,1715,1,1,9,1.0,6.0,08115,M,0.0,0.0,08
201000010433,10,6,17,1645,1,2,1,1.0,1.0,08142,M,0.0,0.0,08
201000010434,10,9,23,1630,1,2,1,1.0,6.0,08488,M,0.0,0.0,08
201000010435,10,9,29,1345,1,1,1,1.0,7.0,08232,M,0.0,0.0,08
201000010436,10,11,19,1630,1,1,1,1.0,3.0,08194,M,0.0,0.0,08
201000010437,10,2,11,1800,2,1,1,4.0,6.0,08178,M,0.0,0.0,08
201000010438,10,4,9,1645,1,1,1,1.0,6.0,08384,M,0.0,0.0,08
201000010439,10,4,17,1800,1,1,1,1.0,3.0,08392,M,0.0,0.0,08
201000010440,10,5,15,2315,3,1,1,1.0,6.0,08193,M,0.0,0.0,08
201000010441,10,5,16,1845,1,1,1,1.0,3.0,08410,M,0.0,0.0,08
201000010442,10,5,22,1545,1,2,1,1.0,2.0,08490,M,0.0,0.0,08
201000010443,10,7,6,700,1,1,1,1.0,1.0,08410,M,0.0,0.0,08
201000010444,10,7,11,1945,3,1,1,1.0,6.0,08490,M,0.0,0.0,08
201000010445,10,11,2,1930,5,2,1,1.0,6.0,08490,M,0.0,0.0,08
201000010446,10,5,24,1900,1,1,1,1.0,3.0,08116,M,0.0,0.0,08