Num_Acc,an,mois,jour,hrmn,lum,agg,int,atm,col,com,gps,lat,long,dep
201000010447,10,10,9,1315,1,1,1,1.0,3.0,08116,M,0.0,0.0,08
201000010448,10,10,31,1815,5,2,1,2.0,6.0,08116,M,0.0,0.0,08
201000010449,10,11,19,1715,3,1,1,2.0,6.0,08007,M,0.0,0.0,08
201000010450,10,1,28,1000,1,1,1,9.0,7.0,08416,M,0.0,0.0,08
201000010451,10,1,23,1830,3,1,1,2.0,5.0,08001,M,0.0,0.0,08
201000010452,10,1,29,800,2,1,1,1.0,6.0,08362,M,0.0,0.0,08
201000010453,10,3,27,530,2,1,1,1.0,6.0,08330,M,0.0,0.0,08
201000010454,10,4,5,1845,1,1,1,1.0,6.0,08133,M,0.0,0.0,08
201000010455,10,4,17,1100,1,1,1,1.0,6.0,08427,M,0.0,0.0,08
201000010456,10,4,23,200,3,1,1,1.0,6.0,08001,M,0.0,0.0,08
201000010457,10,5,23,2015,1,1,1,1.0,6.0,08133,M,0.0,0.0,08
201000010458,10,8,31,1945,1,1,1,1.0,6.0,08403,M,0.0,0.0,08
201000010459,10,9,8,1415,1,2,1,8.0,3.0,08362,M,0.0,0.0,08
201000010460,10,9,4,1415,1,1,1,1.0,7.0,08362,M,0.0,0.0,08
201000010461,10,9,22,800,1,1,1,1.0,1.0,08048,M,0.0,0.0,08
201000010462,10,10,15,745,2,1,1,5.0,6.0,08427,M,0.0,0.0,08
201000010463,10,3,29,1915,2,2,1,1.0,6.0,08225,M,0.0,0.0,08
201000010464,10,6,24,2215,3,1,1,1.0,7.0,08381,M,0.0,0.0,08
201000010465,10,6,25,1200,1,1,1,1.0,7.0,08396,M,0.0,0.0,08
201000010466,10,6,28,1745,1,2,1,1.0,1.0,08381,M,0.0,0.0,08
201000010467,10,8,14,1945,1,1,1,1.0,7.0,08286,M,0.0,0.0,08
201000010468,10,8,19,1515,1,1,1,1.0,7.0,08339,M,0.0,0.0,08
201000010469,10,10,7,1445,1,1,1,1.0,7.0,08024,M,0.0,0.0,08
201000010470,10,11,1,1645,1,1,1,1.0,1.0,08014,M,0.0,0.0,08
201000010471,10,11,29,845,1,1,1,4.0,7.0,08150,M,0.0,0.0,08
201000010472,10,12,23,245,3,1,1,4.0,7.0,08339,M,0.0,0.0,08
201000010473,10,4,8,1315,1,1,1,1.0,7.0,08372,M,0.0,0.0,08
201000010474,10,5,23,1200,1,1,1,1.0,7.0,08402,M,0.0,0.0,08
201000010475,10,7,23,2230,4,2,1,1.0,7.0,08366,M,0.0,0.0,08
201000010476,10,10,2,1715,1,1,1,1.0,7.0,08419,M,0.0,0.0,08
201000010477,10,11,6,100,3,2,1,2.0,1.0,08356,M,0.0,0.0,08
201000010478,10,1,1,1845,3,1,1,1.0,7.0,10095,M,4856810.0,414789.0,10
201000010479,10,1,21,900,1,2,1,8.0,6.0,10442,M,4845240.0,412530.0,10
201000010480,10,5,21,30,3,1,1,1.0,7.0,10216,M,4866300.0,422600.0,10
201000010481,10,5,29,1345,1,1,1,1.0,5.0,10149,M,4840100.0,411099.0,10
201000010482,10,6,29,1800,1,1,4,7.0,1.0,10021,M,4845168.0,421634.0,10
201000010483,10,7,30,1130,1,1,1,1.0,6.0,10006,M,4851640.0,414288.0,10
201000010484,10,8,6,1715,1,1,1,1.0,7.0,10172,M,4861235.0,416767.0,10
201000010485,10,9,24,1630,1,2,3,3.0,3.0,10006,M,4853397.0,415542.0,10
201000010486,10,10,6,1600,1,2,1,1.0,6.0,10006,M,4853653.0,414123.0,10
201000010487,10,10,16,1045,1,1,1,1.0,6.0,10430,M,4863595.0,417860.0,10
201000010488,10,11,12,1745,3,1,1,6.0,7.0,10021,M,4842956.0,426681.0,10
201000010489,10,1,15,700,2,1,1,2.0,7.0,10051,M,4818670.0,400540.0,10
201000010490,10,4,18,1730,1,1,1,1.0,7.0,10434,M,4816809.0,409171.0,10
201000010491,10,4,19,2145,3,2,1,1.0,1.0,10395,M,4802350.0,401420.0,10
201000010492,10,5,30,2230,3,1,1,2.0,3.0,10416,M,0.0,0.0,10
201000010493,10,7,4,2300,3,1,1,1.0,6.0,10140,M,4806827.0,391898.0,10
201000010494,10,7,19,1415,1,1,1,1.0,5.0,10018,M,4810529.0,389716.0,10
201000010495,10,9,13,1945,2,2,2,1.0,3.0,10120,M,4802041.0,410285.0,10
201000010496,10,10,9,1945,3,1,1,1.0,3.0,10080,M,4804426.0,413300.0,10
201000010497,10,10,10,1730,1,1,4,1.0,3.0,10168,M,4804725.0,403550.0,10
201000010498,10,11,1,915,1,2,2,1.0,1.0,10395,M,4802357.0,400682.0,10
201000010499,10,12,17,45,3,1,1,3.0,6.0,10425,M,4816379.0,403214.0,10
201000010500,10,12,21,1745,5,2,1,8.0,6.0,10247,M,4807836.0,386820.0,10
201000010501,10,1,4,800,5,2,1,1.0,1.0,10003,M,4822280.0,373944.0,10
201000010502,10,1,22,1145,1,1,1,1.0,6.0,10156,M,4828570.0,387937.0,10
201000010503,10,6,3,1815,1,2,1,1.0,1.0,10350,M,0.0,0.0,10
201000010504,10,8,3,1615,1,1,2,1.0,3.0,10415,M,4825160.0,371931.0,10
201000010505,10,8,18,2300,3,1,1,1.0,1.0,10444,M,4823461.0,360685.0,10
201000010506,10,9,27,1800,1,2,1,1.0,6.0,10340,M,4825932.0,403177.0,10
201000010507,10,10,3,1515,1,2,1,1.0,6.0,10417,M,4820208.0,377543.0,10
201000010508,10,12,4,1515,1,1,1,1.0,1.0,10156,M,4827716.0,338991.0,10
201000010509,10,2,24,1800,2,2,1,1.0,2.0,10352,M,4835070.0,405639.0,10
201000010510,10,3,12,500,5,2,1,1.0,7.0,10349,M,4835987.0,400270.0,10
201000010511,10,3,19,800,1,1,3,1.0,3.0,10282,M,4837119.0,396549.0,10
201000010512,10,5,23,1615,1,1,1,1.0,6.0,10349,M,4837800.0,399900.0,10
201000010513,10,6,19,2045,1,1,1,1.0,3.0,10349,M,4836200.0,398600.0,10
201000010514,10,6,26,1945,1,2,1,1.0,3.0,10270,M,4839248.0,427970.0,10
201000010515,10,8,3,1600,1,1,1,1.0,5.0,10238,M,4824260.0,435310.0,10
201000010516,10,8,20,145,3,1,1,1.0,6.0,10238,M,4824170.0,437226.0,10
201000010517,10,8,19,1815,1,2,1,1.0,6.0,10209,M,4825455.0,427311.0,10
201000010518,10,8,22,1,3,2,1,1.0,3.0,10239,M,4834092.0,421729.0,10
201000010519,10,8,21,1945,1,1,1,1.0,7.0,10209,M,4827510.0,430134.0,10
201000010520,10,4,2,2215,3,1,1,2.0,6.0,10048,M,4818136.0,462927.0,10
201000010521,10,4,2,1900,2,1,1,1.0,6.0,10178,M,4827998.0,459177.0,10
201000010522,10,7,5,15,3,1,1,1.0,7.0,10401,M,4825566.0,445096.0,10
201000010523,10,8,4,1730,1,2,9,1.0,1.0,10426,M,4814545.0,478670.0,10
201000010524,10,9,10,1230,1,2,3,1.0,1.0,10033,M,4822996.0,470005.0,10
201000010525,10,10,30,200,5,2,1,1.0,6.0,10426,M,4812020.0,478959.0,10
201000010526,10,4,6,200,3,1,1,1.0,6.0,10184,M,4841887.0,461343.0,10
201000010527,10,8,21,500,2,1,1,1.0,7.0,10072,M,4836877.0,446944.0,10
201000010528,10,9,14,1900,1,1,1,1.0,1.0,10189,M,4843994.0,450896.0,10
201000010529,10,2,10,1200,1,2,1,1.0,5.0,10317,M,4800500.0,436819.0,10
201000010530,10,3,2,2030,2,1,1,1.0,7.0,10070,M,4807505.0,444274.0,10
201000010531,10,3,26,945,1,1,1,1.0,5.0,10437,M,4814241.0,428450.0,10
201000010532,10,4,9,1630,1,1,1,1.0,1.0,10034,M,4813403.0,439011.0,10
201000010533,10,4,23,1400,1,1,1,1.0,1.0,10437,M,4813678.0,430904.0,10
201000010534,10,6,23,715,1,1,1,7.0,6.0,10136,M,0.0,0.0,10
201000010535,10,6,27,1430,1,1,2,1.0,3.0,10071,M,4811418.0,453831.0,10
201000010536,10,6,30,2300,3,1,4,1.0,3.0,10399,M,4818271.0,419751.0,10
201000010537,10,7,4,1715,1,2,3,1.0,7.0,10418,M,4808487.0,430124.0,10
201000010538,10,7,14,2015,1,1,1,1.0,7.0,10295,M,4807900.0,430700.0,10
201000010539,10,7,20,730,1,1,1,1.0,6.0,10034,M,4808582.0,443718.0,10
201000010540,10,8,23,1215,1,1,1,1.0,7.0,10068,M,4804736.0,439237.0,10
201000010541,10,9,29,1830,1,1,2,1.0,5.0,10295,M,4807699.0,438700.0,10
201000010542,10,10,4,1330,1,1,2,2.0,1.0,10399,M,4818275.0,419748.0,10
201000010543,10,11,2,1830,3,1,1,1.0,1.0,10427,M,4810073.0,442433.0,10
201000010544,10,11,18,1415,1,2,2,1.0,3.0,10034,M,4811316.0,437593.0,10
201000010545,10,12,1,330,3,1,1,4.0,6.0,10317,M,4801455.0,436980.0,10
201000010546,10,1,16,1945,3,1,1,2.0,1.0,10323,M,4851010.0,368753.0,10
201000010547,10,2,24,1230,1,2,3,1.0,1.0,10233,M,4851220.0,388647.0,10
201000010548,10,5,2,1315,1,2,1,1.0,6.0,10368,M,4841200.0,395200.0,10
201000010549,10,5,13,1715,1,1,1,1.0,7.0,10086,M,4855600.0,393800.0,10
201000010550,10,5,18,1615,1,1,1,1.0,1.0,10341,M,4849500.0,368400.0,10
201000010551,10,5,25,1815,1,2,1,1.0,6.0,10323,M,4852200.0,372600.0,10
201000010552,10,6,19,2000,1,2,1,1.0,1.0,10368,M,4841200.0,395100.0,10
201000010553,10,8,18,1015,1,1,1,1.0,7.0,10234,M,4849188.0,387248.0,10
201000010554,10,11,10,1645,1,2,2,2.0,4.0,10323,M,4850731.0,372386.0,10
201000010555,10,11,15,915,1,2,1,1.0,7.0,10323,M,4851577.0,372670.0,10
201000010556,10,11,19,1945,5,2,1,1.0,6.0,10323,M,4851479.0,372931.0,10
201000010557,10,3,12,2130,3,1,1,1.0,7.0,52276,M,4809550.0,522667.0,52
201000010558,10,6,30,1800,1,1,1,1.0,1.0,52076,M,4807260.0,499451.0,52
201000010559,10,8,14,600,2,1,1,1.0,1.0,52276,M,4810000.0,521999.0,52
201000010560,10,10,5,1545,1,1,1,1.0,1.0,52276,M,4810200.0,523900.0,52
201000010561,10,10,31,515,4,2,1,2.0,6.0,52274,M,4798440.0,485772.0,52
201000010562,10,3,22,715,1,1,1,5.0,5.0,52289,M,4829810.0,553604.0,52
201000010563,10,3,29,1100,1,1,1,1.0,6.0,52407,M,4828400.0,548600.0,52
201000010564,10,5,24,1245,1,1,1,7.0,2.0,52227,M,4816200.0,567270.0,52
201000010565,10,7,2,1600,1,1,1,1.0,6.0,52167,M,4816970.0,521621.0,52
201000010566,10,8,29,530,3,1,1,1.0,1.0,52455,M,4822280.0,560346.0,52
201000010567,10,12,21,830,1,1,1,5.0,6.0,52433,M,4817530.0,554946.0,52
201000010568,10,3,3,1845,3,1,1,1.0,2.0,52248,M,4802960.0,543681.0,52
201000010569,10,4,7,1640,1,2,2,1.0,1.0,52353,M,4803510.0,534704.0,52
201000010570,10,4,25,1545,1,1,1,1.0,6.0,52401,M,4803980.0,525317.0,52
201000010571,10,4,28,735,1,1,1,1.0,7.0,52295,M,4804200.0,531301.0,52
201000010572,10,6,6,1315,1,1,1,1.0,1.0,52074,M,4808140.0,554571.0,52
201000010573,10,7,19,2045,1,1,6,1.0,6.0,52353,M,4805520.0,534571.0,52
201000010574,10,9,4,1400,1,1,1,1.0,5.0,52305,M,4807300.0,532032.0,52
201000010575,10,9,30,1315,1,1,1,2.0,3.0,52248,M,4803810.0,540900.0,52
201000010576,10,11,7,1045,1,1,1,1.0,6.0,52412,M,4813280.0,522127.0,52
201000010577,10,3,3,1915,3,1,1,1.0,1.0,52058,M,4822000.0,514700.0,52
201000010578,10,6,26,1630,1,1,1,1.0,2.0,52053,M,4816720.0,500405.0,52
201000010579,10,6,26,2200,3,1,1,1.0,6.0,52409,M,4831450.0,510946.0,52
201000010580,10,3,26,1215,1,1,1,1.0,3.0,52432,M,4794250.0,531572.0,52
201000010581,10,4,6,745,1,1,2,1.0,3.0,52457,M,4782890.0,538529.0,52
201000010582,10,4,11,1445,1,1,1,1.0,7.0,52355,M,4783170.0,527348.0,52
201000010583,10,4,18,1345,1,1,1,1.0,1.0,52355,M,4783260.0,526696.0,52
201000010584,10,4,22,800,1,1,1,1.0,7.0,52449,M,4782610.0,531333.0,52
201000010585,10,5,15,100,5,2,1,1.0,6.0,52269,M,4785400.0,532801.0,52
201000010586,10,5,17,830,1,2,1,1.0,2.0,52269,M,4785590.0,533286.0,52
201000010587,10,7,14,2045,2,1,1,2.0,6.0,52432,M,4794770.0,527885.0,52
201000010588,10,7,17,1600,1,1,1,1.0,1.0,52449,M,4782870.0,530572.0,52
201000010589,10,7,19,1800,1,1,1,1.0,1.0,52036,M,4782350.0,539718.0,52
201000010590,10,7,25,1245,1,1,1,1.0,7.0,52452,M,4788960.0,525948.0,52
201000010591,10,7,25,1730,1,2,6,2.0,1.0,52269,M,4787000.0,534085.0,52
201000010592,10,9,8,1645,1,2,1,2.0,3.0,52269,M,4787400.0,535499.0,52
201000010593,10,9,22,1315,1,1,1,1.0,6.0,52115,M,4785580.0,539398.0,52
201000010594,10,10,17,1645,1,2,7,1.0,6.0,52163,M,4795260.0,539924.0,52
201000010595,10,1,9,1745,5,2,1,9.0,6.0,52060,M,4795520.0,574735.0,52
201000010596,10,1,12,1345,1,1,1,4.0,7.0,52311,M,4790520.0,550768.0,52
201000010597,10,4,20,700,1,1,1,2.0,3.0,52060,M,4796350.0,564192.0,52
201000010598,10,8,15,530,5,2,1,2.0,6.0,52060,M,4795020.0,575983.0,52
201000010599,10,9,14,445,3,1,1,5.0,7.0,52283,M,4806000.0,555400.0,52
201000010600,10,10,23,130,3,1,1,1.0,1.0,52332,M,4798400.0,548600.0,52
201000010601,10,1,15,2200,3,1,1,1.0,7.0,52544,M,4790750.0,575222.0,52
201000010602,10,2,18,1415,1,1,1,7.0,3.0,52119,M,4781760.0,549066.0,52
201000010603,10,3,5,1445,1,1,2,1.0,5.0,52119,M,4781750.0,549100.0,52
201000010604,10,4,25,1900,1,1,1,1.0,6.0,52197,M,4777600.0,565353.0,52
201000010605,10,6,12,1415,1,1,1,1.0,1.0,52119,M,4781730.0,549194.0,52
201000010606,10,6,18,1730,1,1,1,1.0,3.0,52354,M,4796760.0,531140.0,52
201000010607,10,7,16,1615,1,2,1,1.0,3.0,52093,M,4780220.0,542683.0,52
201000010608,10,7,17,945,1,1,1,1.0,7.0,52492,M,4783060.0,547546.0,52
201000010609,10,7,28,1815,1,2,1,1.0,7.0,52155,M,4781250.0,544386.0,52
201000010610,10,7,29,1445,1,1,1,1.0,6.0,52083,M,0.0,0.0,52
201000010611,10,7,29,2000,2,1,1,1.0,6.0,52197,M,4780940.0,555002.0,52
201000010612,10,8,7,215,5,2,1,1.0,1.0,52197,M,4778240.0,560468.0,52
201000010613,10,9,12,1415,1,1,1,1.0,6.0,52406,M,0.0,0.0,52
201000010614,10,9,26,500,3,1,1,1.0,6.0,52438,M,0.0,0.0,52
201000010615,10,10,24,1130,1,1,1,1.0,7.0,52013,M,4783100.0,566401.0,52
201000010616,10,11,9,1130,1,1,1,1.0,1.0,52539,M,0.0,0.0,52
201000010617,10,11,13,245,5,2,6,2.0,6.0,52093,M,4780760.0,544624.0,52
201000010618,10,3,18,1645,1,2,1,1.0,6.0,52431,M,4783660.0,512275.0,52
201000010619,10,6,14,1145,1,1,1,1.0,3.0,52519,M,0.0,0.0,52
201000010620,10,7,8,1900,1,1,1,7.0,1.0,52526,M,4774540.0,499106.0,52
201000010621,10,7,10,1300,1,1,1,1.0,5.0,52062,M,4780900.0,532000.0,52
201000010622,10,9,11,1745,1,1,1,1.0,3.0,52200,M,4778050.0,521788.0,52
201000010623,10,9,13,1100,1,1,1,1.0,5.0,52360,M,0.0,0.0,52
201000010624,10,10,22,1930,3,2,1,1.0,6.0,52529,M,4773720.0,531761.0,52
201000010625,10,11,18,1315,1,2,1,1.0,6.0,52292,M,4776810.0,531435.0,52
201000010626,10,11,19,1245,1,2,1,1.0,3.0,52292,M,4777200.0,531300.0,52
201000010627,10,1,24,1500,1,1,4,2.0,3.0,52448,M,4861760.0,489265.0,52
201000010628,10,3,16,1730,1,1,1,1.0,2.0,52500,M,4861950.0,492476.0,52
201000010629,10,3,23,2030,3,2,1,1.0,6.0,52182,M,4859370.0,486957.0,52
201000010630,10,4,27,1815,1,2,1,1.0,6.0,52182,M,4859430.0,487007.0,52
201000010631,10,7,4,1900,1,2,1,1.0,6.0,52182,M,4859500.0,487000.0,52
201000010632,10,7,7,1415,1,1,1,7.0,7.0,52235,M,4864220.0,490225.0,52
201000010633,10,7,13,1300,1,1,1,1.0,5.0,52244,M,4859970.0,490958.0,52
201000010634,10,8,31,2015,1,2,1,1.0,1.0,52244,M,4858560.0,490101.0,52
201000010635,10,10,22,1445,1,2,1,1.0,4.0,52265,M,4854720.0,507661.0,52
201000010636,10,10,31,1445,1,1,1,1.0,1.0,52244,M,4857040.0,491728.0,52
201000010637,10,11,6,330,3,1,1,1.0,6.0,52123,M,4852670.0,511130.0,52
201000010638,10,12,24,1615,2,1,1,4.0,2.0,52386,M,4866600.0,480300.0,52
201000010639,10,1,28,1345,1,2,9,4.0,6.0,52250,M,4844700.0,514300.0,52
201000010640,10,2,11,1745,3,1,1,4.0,7.0,52337,M,4845000.0,522215.0,52
201000010641,10,2,26,1230,1,1,1,2.0,4.0,52231,M,4845400.0,505300.0,52
201000010642,10,6,2,700,1,1,1,1.0,6.0,52490,M,4845800.0,518266.0,52
201000010643,10,6,23,2200,5,1,1,1.0,7.0,52512,M,0.0,0.0,52
201000010644,10,9,10,1415,1,1,1,1.0,7.0,52044,M,4829370.0,526791.0,52
201000010645,10,9,11,2345,3,2,1,1.0,1.0,52346,M,4837810.0,513917.0,52
201000010646,10,9,26,2100,3,1,1,3.0,3.0,52440,M,4836760.0,514794.0,52
201000010647,10,10,13,1430,1,2,7,1.0,6.0,52250,M,4845000.0,513000.0,52
201000010648,10,12,16,1230,1,1,1,4.0,1.0,52212,M,4840070.0,515496.0,52
201000010649,10,1,14,1015,1,2,1,1.0,6.0,52550,M,4850200.0,494900.0,52
201000010650,10,7,2,2045,1,2,1,1.0,1.0,52180,M,4851480.0,469773.0,52
201000010651,10,7,12,1545,1,1,1,1.0,7.0,52550,M,4851620.0,493582.0,52
201000010652,10,7,23,1400,1,2,1,1.0,2.0,52331,M,4847610.0,476985.0,52
201000010653,10,9,6,1700,1,2,1,1.0,3.0,52331,M,4847700.0,477750.0,52
201000010654,10,9,18,630,2,1,1,5.0,3.0,52206,M,4852450.0,481269.0,52
201000010655,10,10,5,1600,1,2,3,1.0,3.0,52088,M,4846930.0,476373.0,52
201000010656,10,11,2,1500,1,2,1,1.0,3.0,52079,M,4849500.0,496900.0,52
201000010657,10,1,13,300,3,1,1,2.0,6.0,89350,M,0.0,0.0,89
201000010658,10,2,3,1200,1,1,1,8.0,6.0,89313,M,0.0,0.0,89
201000010659,10,2,19,1130,1,1,1,1.0,1.0,89380,M,0.0,0.0,89
201000010660,10,3,23,715,2,1,1,1.0,5.0,89350,M,0.0,0.0,89
201000010661,10,7,3,945,1,1,1,3.0,3.0,45094,M,0.0,0.0,45
201000010662,10,7,7,915,1,1,1,1.0,6.0,89133,M,4799100.0,318600.0,89
201000010663,10,7,23,1115,1,1,1,1.0,5.0,89353,M,4803500.0,312700.0,89
201000010664,10,8,4,2000,1,1,1,1.0,7.0,45094,M,0.0,0.0,45
201000010665,10,12,24,1430,1,1,1,1.0,6.0,89313,M,0.0,0.0,89
201000010666,10,7,30,145,3,1,1,1.0,2.0,21247,M,4748700.0,415219.0,21
201000010667,10,8,27,2030,2,1,1,2.0,7.0,21676,M,4746300.0,425899.0,21
201000010668,10,8,31,1600,1,1,1,1.0,7.0,21633,M,4734580.0,446041.0,21
201000010669,10,11,5,1500,1,1,1,1.0,6.0,21633,M,4734970.0,445323.0,21
201000010670,10,1,11,1445,1,1,1,1.0,7.0,21247,M,4748710.0,415130.0,21
201000010671,10,1,12,930,1,1,1,1.0,2.0,21298,M,4731740.0,449468.0,21
201000010672,10,2,4,1530,1,1,1,1.0,6.0,21298,M,4732650.0,448509.0,21
201000010673,10,5,21,1045,1,1,1,1.0,4.0,21676,M,4746710.0,424073.0,21
201000010674,10,5,29,715,1,1,1,1.0,7.0,21634,M,4713000.0,469913.0,21
201000010675,10,6,2,1400,1,1,1,1.0,2.0,21280,M,4736990.0,440188.0,21
201000010676,10,6,22,715,1,1,1,1.0,2.0,21282,M,4747350.0,421042.0,21
201000010677,10,6,24,1200,1,1,1,1.0,7.0,21298,M,4731850.0,449365.0,21
201000010678,10,6,27,1530,1,1,1,1.0,6.0,21205,M,4744060.0,429930.0,21
201000010679,10,1,9,1745,3,1,1,4.0,6.0,21021,M,4734190.0,522838.0,21
201000010680,10,4,4,1300,1,1,1,1.0,6.0,21209,M,4733730.0,513935.0,21
201000010681,10,6,20,1500,1,1,1,8.0,3.0,21657,M,4734710.0,512174.0,21
201000010682,10,7,8,1900,1,1,1,1.0,2.0,21021,M,4734760.0,516277.0,21
201000010683,10,7,17,1615,1,1,1,1.0,1.0,21105,M,4730930.0,517599.0,21
201000010684,10,8,20,1850,1,1,1,1.0,7.0,21521,M,4731180.0,522277.0,21
201000010685,10,10,9,1230,1,2,1,1.0,7.0,21555,M,4739400.0,514295.0,21
201000010686,10,10,28,430,3,1,1,1.0,1.0,21555,M,4738690.0,510609.0,21
201000010687,10,12,4,1400,1,1,1,4.0,3.0,21535,M,4736700.0,506700.0,21
201000010688,10,6,23,2030,1,2,9,1.0,1.0,21371,M,4713800.0,533500.0,21
201000010689,10,7,18,415,5,2,1,1.0,7.0,21038,M,4719210.0,539059.0,21
201000010690,10,8,10,900,1,1,1,1.0,3.0,21639,M,4718860.0,536158.0,21
201000010691,10,8,29,1915,1,1,1,1.0,6.0,21268,M,4714150.0,538530.0,21
201000010692,10,9,2,1215,1,2,1,1.0,3.0,21038,M,0.0,0.0,21
201000010693,10,11,11,600,2,1,1,1.0,6.0,21639,M,4719590.0,537593.0,21
201000010694,10,7,13,1330,1,1,1,1.0,7.0,21351,M,4726080.0,527031.0,21
201000010695,10,7,27,1430,1,1,1,1.0,1.0,21106,M,4725600.0,510300.0,21
201000010696,10,8,22,230,5,2,1,1.0,6.0,21351,M,4725750.0,528625.0,21
201000010697,10,8,27,1400,1,1,1,1.0,7.0,21130,M,4728250.0,526813.0,21
201000010698,10,9,19,1445,1,2,1,1.0,7.0,21067,M,4715610.0,515192.0,21
201000010699,10,9,27,1945,3,1,1,1.0,1.0,21370,M,4728620.0,516529.0,21
201000010700,10,10,23,1730,2,2,2,1.0,3.0,21292,M,4724160.0,522406.0,21
201000010701,10,10,23,1930,3,1,2,2.0,1.0,21656,M,4722240.0,518650.0,21
201000010702,10,10,24,1900,5,2,3,1.0,6.0,21292,M,4724530.0,522843.0,21
201000010703,10,12,12,1,3,1,1,2.0,6.0,21292,M,0.0,0.0,21
201000010704,10,10,21,1745,1,1,1,2.0,7.0,21390,M,4729590.0,494560.0,21
201000010705,10,11,30,1215,1,2,1,1.0,6.0,21586,M,0.0,0.0,21
201000010706,10,2,8,1815,5,2,1,8.0,6.0,21369,M,4738100.0,525511.0,21
201000010707,10,3,14,2030,5,2,1,1.0,1.0,21071,M,4746330.0,527417.0,21
201000010708,10,3,21,2100,3,2,1,1.0,6.0,21060,M,4735680.0,526009.0,21
201000010709,10,5,23,1030,1,1,1,1.0,1.0,21416,M,4729670.0,546123.0,21
201000010710,10,6,5,2230,5,2,1,1.0,2.0,21316,M,4732990.0,544906.0,21
201000010711,10,6,13,1400,1,1,1,1.0,6.0,21595,M,4737750.0,529070.0,21
201000010712,10,7,2,1830,1,1,1,1.0,1.0,21437,M,4735010.0,537343.0,21
201000010713,10,7,5,2145,5,2,1,1.0,6.0,21094,M,4750070.0,529681.0,21
201000010714,10,10,8,1915,1,2,1,1.0,3.0,21398,M,4733480.0,543246.0,21
201000010715,10,12,10,15,3,1,1,1.0,6.0,21482,M,4730120.0,544038.0,21
201000010716,10,1,4,1815,5,1,1,1.0,1.0,21240,M,4752530.0,517049.0,21
201000010717,10,1,17,1800,3,1,3,8.0,3.0,21638,M,4754820.0,520082.0,21
201000010718,10,1,18,930,1,1,2,1.0,3.0,21391,M,4743280.0,510594.0,21
201000010719,10,2,7,345,3,2,1,8.0,1.0,21275,M,4761190.0,515452.0,21
201000010720,10,3,13,1045,1,1,1,1.0,7.0,21638,M,4754350.0,519710.0,21
201000010721,10,4,15,1430,1,1,1,1.0,5.0,21290,M,4745060.0,512504.0,21
201000010722,10,5,1,1245,1,2,1,1.0,7.0,21579,M,4761300.0,491400.0,21
201000010723,10,5,2,1545,1,1,2,1.0,3.0,21211,M,4755630.0,513432.0,21
201000010724,10,6,3,2000,1,1,1,1.0,1.0,21127,M,4747990.0,508476.0,21
201000010725,10,6,16,2245,3,1,1,2.0,6.0,21385,M,4758090.0,509301.0,21
201000010726,10,8,3,1845,1,1,1,1.0,6.0,21304,M,4767970.0,500555.0,21
201000010727,10,8,21,1520,1,1,1,1.0,7.0,21391,M,4743260.0,509675.0,21
201000010728,10,9,10,1345,1,1,1,7.0,6.0,21614,M,4744600.0,521100.0,21
201000010729,10,9,23,815,1,1,1,5.0,1.0,21391,M,4743400.0,510900.0,21
201000010730,10,10,3,2200,3,1,1,1.0,1.0,21127,M,4749080.0,508986.0,21
201000010731,10,10,4,1645,1,1,1,3.0,6.0,21421,M,4755050.0,492476.0,21
201000010732,10,11,10,745,1,1,1,8.0,1.0,21230,M,4751000.0,507450.0,21
201000010733,10,11,16,2142,3,1,1,1.0,3.0,21638,M,4754000.0,519432.0,21
201000010734,10,12,10,2130,3,1,2,8.0,3.0,21391,M,4742800.0,509500.0,21
201000010735,10,1,22,1400,1,1,1,1.0,1.0,21080,M,4734700.0,472914.0,21
201000010736,10,11,7,2315,3,1,1,2.0,6.0,21273,M,4730500.0,484162.0,21
201000010737,10,2,9,2030,3,1,1,4.0,6.0,21065,M,4707070.0,473720.0,21
201000010738,10,2,19,2130,3,1,1,1.0,2.0,21173,M,4705550.0,485881.0,21
201000010739,10,3,16,1530,1,1,1,1.0,7.0,21065,M,4706750.0,475666.0,21
201000010740,10,3,26,1915,2,1,2,1.0,1.0,21616,M,4696320.0,481731.0,21
201000010741,10,4,18,315,3,1,1,1.0,3.0,21512,M,4693840.0,475653.0,21
201000010742,10,5,31,1430,1,1,1,1.0,6.0,21092,M,4714040.0,477492.0,21
201000010743,10,6,30,2215,5,2,1,1.0,6.0,21196,M,4693560.0,475455.0,21
201000010744,10,7,19,1545,1,2,1,1.0,6.0,21712,M,4700510.0,477582.0,21
201000010745,10,8,9,1215,1,1,2,1.0,3.0,21412,M,0.0,0.0,21
201000010746,10,8,16,1615,1,1,1,2.0,4.0,21527,M,4696740.0,469498.0,21