Num_Acc,an,mois,jour,hrmn,lum,agg,int,atm,col,com,gps,lat,long,dep
201000010747,10,8,23,1530,1,1,2,1.0,3.0,21492,M,4700220.0,480062.0,21
201000010748,10,8,26,1715,1,1,1,1.0,2.0,21616,M,4697560.0,481965.0,21
201000010749,10,8,20,1445,1,1,1,9.0,2.0,21173,M,4704540.0,485095.0,21
201000010750,10,8,27,1355,1,1,1,3.0,3.0,21534,M,4701360.0,489926.0,21
201000010751,10,9,19,1415,1,1,2,1.0,3.0,21534,M,4704090.0,490694.0,21
201000010752,10,10,3,745,1,1,1,1.0,6.0,21461,M,4695220.0,461798.0,21
201000010753,10,10,19,1430,1,1,1,3.0,1.0,21569,M,4700740.0,470852.0,21
201000010754,10,12,24,730,2,1,1,9.0,1.0,21527,M,4694820.0,467187.0,21
201000010755,10,2,17,315,3,1,1,9.0,6.0,21210,M,4727200.0,459201.0,21
201000010756,10,3,12,1200,1,1,1,4.0,6.0,21023,M,4713250.0,441855.0,21
201000010757,10,4,12,1800,1,1,1,1.0,1.0,21715,M,4708900.0,436898.0,21
201000010758,10,5,28,1430,1,1,1,1.0,1.0,21363,M,4711320.0,442696.0,21
201000010759,10,6,27,440,3,1,1,1.0,7.0,21630,M,4723630.0,450859.0,21
201000010760,10,7,4,1615,1,2,2,1.0,7.0,21128,M,4727150.0,448393.0,21
201000010761,10,7,25,1800,1,1,1,1.0,1.0,21210,M,4723580.0,457648.0,21
201000010762,10,11,8,1405,1,1,1,3.0,1.0,21062,M,4727420.0,451852.0,21
201000010763,10,2,11,2215,5,2,1,8.0,6.0,21464,M,4713130.0,494673.0,21
201000010764,10,2,18,1500,1,2,2,1.0,3.0,21714,M,4716200.0,496104.0,21
201000010765,10,3,1,1330,1,2,1,1.0,6.0,21464,M,4713880.0,495596.0,21
201000010766,10,7,7,1520,1,1,9,7.0,6.0,21186,M,4709840.0,491371.0,21
201000010767,10,7,8,1715,1,1,4,7.0,2.0,21464,M,4714520.0,495462.0,21
201000010768,10,8,13,2145,5,2,1,1.0,7.0,21714,M,4716170.0,496110.0,21
201000010769,10,12,16,1530,1,1,1,4.0,6.0,21506,M,0.0,0.0,21
201000010770,10,2,5,430,3,1,9,9.0,6.0,21581,M,4708350.0,535573.0,21
201000010771,10,4,23,1745,1,2,1,1.0,6.0,21581,M,4708960.0,535995.0,21
201000010772,10,8,13,1630,1,1,1,1.0,3.0,21607,M,4701430.0,516053.0,21
201000010773,10,10,9,2000,3,1,6,1.0,6.0,21356,M,4709040.0,526423.0,21
201000010774,10,10,26,1745,1,2,2,1.0,3.0,21103,M,4714650.0,520655.0,21
201000010775,10,11,26,1800,5,2,1,1.0,3.0,21249,M,4708810.0,518853.0,21
201000010776,10,1,2,1717,3,1,1,8.0,6.0,21252,M,4772380.0,445678.0,21
201000010777,10,1,28,715,2,1,1,4.0,6.0,21125,M,4787040.0,447872.0,21
201000010778,10,1,31,515,3,1,1,8.0,6.0,21336,M,4784740.0,439398.0,21
201000010779,10,2,15,2000,3,1,1,1.0,5.0,21336,M,4784260.0,437682.0,21
201000010780,10,3,9,1930,4,1,4,1.0,1.0,21078,M,4786380.0,444420.0,21
201000010781,10,3,19,905,1,1,9,1.0,3.0,21393,M,4790100.0,461887.0,21
201000010782,10,3,27,1200,1,2,2,1.0,3.0,21109,M,4791480.0,465727.0,21
201000010783,10,4,18,2000,1,1,1,1.0,7.0,21432,M,4796030.0,478548.0,21
201000010784,10,4,24,1915,1,1,1,1.0,6.0,21149,M,4793620.0,451987.0,21
201000010785,10,5,15,1845,1,1,1,1.0,7.0,21154,M,4784350.0,457260.0,21
201000010786,10,6,7,900,1,2,1,1.0,6.0,21336,M,4784200.0,437425.0,21
201000010787,10,6,19,2045,1,2,1,1.0,6.0,21154,M,4786560.0,457411.0,21
201000010788,10,6,29,1600,1,1,1,1.0,1.0,21435,M,4788850.0,455585.0,21
201000010789,10,7,29,1315,1,2,3,1.0,3.0,21258,M,4789340.0,452671.0,21
201000010790,10,8,7,1430,1,2,1,1.0,1.0,21455,M,4776610.0,457519.0,21
201000010791,10,8,16,1300,1,2,1,2.0,6.0,21545,M,0.0,0.0,21
201000010792,10,8,19,905,1,1,1,1.0,6.0,21202,M,4791560.0,474266.0,21
201000010793,10,10,6,1815,1,1,1,8.0,6.0,21034,M,4798670.0,463141.0,21
201000010794,10,10,9,930,2,2,2,1.0,3.0,21201,M,4775140.0,449643.0,21
201000010795,10,10,18,745,2,2,3,1.0,1.0,21154,M,4786600.0,457397.0,21
201000010796,10,12,4,1615,1,1,1,1.0,6.0,21455,M,4777310.0,457334.0,21
201000010797,10,2,11,830,3,1,1,4.0,1.0,21415,M,4767890.0,490513.0,21
201000010798,10,5,22,1245,1,1,1,1.0,1.0,21557,M,4771150.0,460030.0,21
201000010799,10,9,17,815,1,1,1,1.0,6.0,21257,M,4759700.0,455900.0,21
201000010800,10,12,16,1630,2,1,1,4.0,1.0,21011,M,4766800.0,463000.0,21
201000010801,10,2,4,1730,1,1,1,1.0,6.0,21425,M,4765240.0,437332.0,21
201000010802,10,4,18,1730,1,1,1,1.0,7.0,21612,M,4747810.0,440740.0,21
201000010803,10,5,3,2215,3,1,1,8.0,7.0,21122,M,4759310.0,451619.0,21
201000010804,10,6,26,230,5,2,1,1.0,6.0,21425,M,4762940.0,433064.0,21
201000010805,10,7,1,1515,1,2,1,1.0,1.0,21425,M,4764400.0,433800.0,21
201000010806,10,8,20,1630,1,1,3,1.0,3.0,21641,M,4766990.0,439288.0,21
201000010807,10,9,25,1630,1,2,2,1.0,5.0,21640,M,4750340.0,423501.0,21
201000010808,10,11,8,1645,1,2,1,2.0,6.0,21425,M,4762160.0,433639.0,21
201000010809,10,12,1,845,1,1,1,4.0,1.0,21394,M,4750400.0,439452.0,21
201000010810,10,12,11,1830,3,1,1,1.0,6.0,21681,M,4748960.0,413360.0,21
201000010811,10,12,12,130,3,1,1,2.0,5.0,21212,M,4761200.0,432000.0,21
201000010812,10,12,16,1915,5,2,1,4.0,1.0,21603,M,4749190.0,433707.0,21
201000010813,10,3,25,2100,3,1,1,1.0,7.0,21298,M,4732270.0,449820.0,21
201000010814,10,4,8,2100,3,1,1,5.0,1.0,21710,M,4739030.0,457926.0,21
201000010815,10,6,5,1130,1,2,3,1.0,6.0,21707,M,4742060.0,463537.0,21
201000010816,10,8,7,1520,1,1,1,1.0,2.0,21663,M,4753470.0,441258.0,21
201000010817,10,5,7,2130,3,1,1,9.0,6.0,21505,M,4740090.0,433692.0,21
201000010818,10,6,8,1030,1,1,1,1.0,3.0,21584,M,4729640.0,423984.0,21
201000010819,10,8,1,1945,1,1,1,2.0,6.0,21205,M,4744230.0,425354.0,21
201000010820,10,8,22,530,2,1,1,2.0,6.0,21678,M,4737940.0,429539.0,21
201000010821,10,8,23,2100,3,1,1,2.0,6.0,21584,M,4730390.0,420912.0,21
201000010822,10,10,6,2005,3,1,1,8.0,3.0,21375,M,4713100.0,432040.0,21
201000010823,10,2,27,245,3,1,1,1.0,1.0,58250,M,4685700.0,345700.0,58
201000010824,10,4,4,1230,1,2,1,1.0,6.0,58046,M,4687700.0,364900.0,58
201000010825,10,4,18,1800,1,1,1,1.0,6.0,58241,M,0.0,0.0,58
201000010826,10,7,26,100,3,1,1,1.0,2.0,58096,M,4681300.0,355400.0,58
201000010827,10,8,19,1930,1,1,1,1.0,1.0,58241,M,0.0,0.0,58
201000010828,10,9,24,2245,3,1,1,2.0,1.0,58280,M,0.0,0.0,58
201000010829,10,10,1,1745,1,2,1,1.0,3.0,58095,M,0.0,0.0,58
201000010830,10,1,5,745,2,2,1,1.0,6.0,58117,M,4701400.0,308200.0,58
201000010831,10,1,15,800,3,1,1,2.0,5.0,58121,M,4704500.0,311400.0,58
201000010832,10,8,2,1315,1,1,1,1.0,2.0,58121,M,0.0,0.0,58
201000010833,10,8,6,1615,1,2,1,1.0,3.0,58121,M,0.0,0.0,58
201000010834,10,11,9,1730,4,2,1,3.0,1.0,58117,M,0.0,0.0,58
201000010835,10,4,24,1900,1,1,1,1.0,7.0,58072,M,4689200.0,325100.0,58
201000010836,10,7,17,1700,1,1,1,1.0,7.0,58232,M,4700900.0,343800.0,58
201000010837,10,9,11,1845,1,2,1,1.0,3.0,58072,M,4692400.0,323200.0,58
201000010838,10,11,2,1800,2,2,1,2.0,2.0,58278,M,4696900.0,315800.0,58
201000010839,10,2,4,1900,3,1,1,1.0,1.0,58264,M,4680600.0,311000.0,58
201000010840,10,4,1,815,1,1,1,1.0,1.0,58057,M,4673000.0,317700.0,58
201000010841,10,4,11,1030,1,1,1,1.0,6.0,58293,M,0.0,0.0,58
201000010842,10,5,23,1500,1,1,1,1.0,3.0,58144,M,4675800.0,307100.0,58
201000010843,10,6,11,1000,1,1,1,1.0,6.0,58158,M,4685100.0,308400.0,58
201000010844,10,7,17,1600,1,1,1,1.0,1.0,58296,M,0.0,0.0,58
201000010845,10,8,11,1630,1,1,2,1.0,3.0,58264,M,4681000.0,308000.0,58
201000010846,10,9,11,1600,1,1,1,1.0,3.0,58260,M,0.0,0.0,58
201000010847,10,10,1,1200,1,2,1,1.0,3.0,58057,M,4674000.0,317600.0,58
201000010848,10,10,27,1000,1,1,1,1.0,1.0,58296,M,4669500.0,321600.0,58
201000010849,10,11,6,545,3,1,1,1.0,5.0,58264,M,,,58
201000010850,10,3,27,1315,1,1,1,3.0,6.0,58017,M,0.0,0.0,58
201000010851,10,5,22,1730,1,1,3,1.0,1.0,58240,M,0.0,0.0,58
201000010852,10,8,14,2015,1,1,1,1.0,6.0,58285,M,4707300.0,371200.0,58
201000010853,10,9,11,1415,1,1,1,1.0,7.0,58092,M,0.0,0.0,58
201000010854,10,9,12,2300,3,1,1,2.0,7.0,58132,M,4723600.0,355900.0,58
201000010855,10,10,15,830,1,2,1,5.0,6.0,58065,M,4705800.0,366000.0,58
201000010856,10,11,23,1230,1,2,1,1.0,6.0,58285,M,4706000.0,371900.0,58
201000010857,10,12,20,1315,1,1,1,8.0,6.0,58004,M,4704600.0,359700.0,58
201000010858,10,4,17,1130,1,1,1,1.0,2.0,58182,M,0.0,0.0,58
201000010859,10,4,18,1730,1,1,1,1.0,6.0,58141,M,4713000.0,400300.0,58
201000010860,10,5,24,1615,1,1,1,1.0,7.0,58309,M,0.0,0.0,58
201000010861,10,8,7,1815,1,1,1,1.0,7.0,58128,M,0.0,0.0,58
201000010862,10,8,23,1930,1,1,1,1.0,7.0,58287,M,4677100.0,394600.0,58
201000010863,10,8,27,1945,2,1,1,2.0,1.0,58010,M,4703600.0,407300.0,58
201000010864,10,9,5,1745,1,1,1,1.0,3.0,58063,M,4706900.0,393000.0,58
201000010865,10,10,6,1145,1,1,1,1.0,1.0,58161,M,0.0,0.0,58
201000010866,10,11,29,945,1,1,1,1.0,6.0,58199,M,4697400.0,387300.0,58
201000010867,10,3,13,1830,2,2,1,1.0,3.0,58079,M,0.0,0.0,58
201000010868,10,5,26,1545,1,1,1,1.0,2.0,58016,M,0.0,0.0,58
201000010869,10,8,22,1615,1,1,1,2.0,1.0,58198,M,4746700.0,345600.0,58
201000010870,10,9,20,1100,1,1,9,1.0,1.0,58217,M,4749000.0,353000.0,58
201000010871,10,10,2,1615,1,2,1,1.0,6.0,58263,M,0.0,0.0,58
201000010872,10,11,10,1345,1,1,1,1.0,1.0,58109,M,0.0,0.0,58
201000010873,10,12,12,1730,5,2,1,1.0,6.0,58079,M,4746100.0,352900.0,58
201000010874,10,4,27,1845,1,2,1,1.0,7.0,58145,M,4729900.0,381800.0,58
201000010875,10,6,4,1200,1,2,1,1.0,6.0,58106,M,4729100.0,401199.0,58
201000010876,10,9,1,1400,1,1,1,1.0,1.0,58108,M,4735400.0,383800.0,58
201000010877,10,10,5,1015,1,1,1,8.0,7.0,58047,M,4726300.0,364500.0,58
201000010878,10,11,3,1045,1,1,1,2.0,6.0,58305,M,0.0,0.0,58
201000010879,10,3,10,1815,2,1,1,4.0,1.0,58261,M,0.0,0.0,58
201000010880,10,2,21,1645,1,1,1,1.0,7.0,58215,M,0.0,0.0,58
201000010881,10,6,13,1000,1,1,1,1.0,6.0,58279,M,0.0,0.0,58
201000010882,10,11,23,1130,1,2,1,1.0,1.0,58218,M,0.0,0.0,58
201000010883,10,12,11,1445,1,1,1,1.0,3.0,58189,M,4724200.0,314700.0,58
201000010884,10,2,23,830,1,2,1,1.0,3.0,58102,M,4737600.0,311500.0,58
201000010885,10,3,5,945,1,1,1,9.0,7.0,58012,M,4754200.0,302700.0,58
201000010886,10,6,4,1545,1,1,1,1.0,3.0,58064,M,0.0,0.0,58
201000010887,10,6,28,2130,2,2,9,1.0,3.0,58227,M,4753500.0,307400.0,58
201000010888,10,7,10,1845,1,2,1,1.0,1.0,58102,M,4737400.0,311600.0,58
201000010889,10,1,17,530,3,1,1,2.0,6.0,71371,M,0.0,0.0,71
201000010890,10,1,20,1830,2,2,1,2.0,3.0,71371,M,0.0,0.0,71
201000010891,10,2,21,100,3,2,1,2.0,6.0,71583,M,4627000.0,477000.0,71
201000010892,10,3,18,245,3,1,1,1.0,5.0,71169,M,0.0,0.0,71
201000010893,10,4,26,1845,1,2,1,1.0,1.0,71169,M,0.0,0.0,71
201000010894,10,7,31,1215,1,1,2,1.0,3.0,71099,M,4640000.0,483200.0,71
201000010895,10,10,12,1745,1,1,1,1.0,6.0,71513,M,4639300.0,487400.0,71
201000010896,10,12,4,1530,1,1,1,1.0,5.0,71135,M,4640400.0,482700.0,71
201000010897,10,1,20,1900,3,1,2,2.0,3.0,71090,M,0.0,0.0,71
201000010898,10,4,15,1545,1,1,1,1.0,3.0,71372,M,0.0,0.0,71
201000010899,10,6,26,1530,1,1,1,1.0,3.0,71090,M,0.0,0.0,71
201000010900,10,7,12,1745,1,1,1,3.0,1.0,71090,M,0.0,0.0,71
201000010901,10,8,2,1415,1,1,2,2.0,1.0,71372,M,0.0,0.0,71
201000010902,10,9,2,1245,1,2,1,1.0,3.0,71372,M,0.0,0.0,71
201000010903,10,9,18,2200,5,2,2,1.0,3.0,71372,M,0.0,0.0,71
201000010904,10,10,12,645,5,2,1,1.0,6.0,71481,M,0.0,0.0,71
201000010905,10,11,24,715,5,2,1,1.0,6.0,71150,M,4625300.0,478000.0,71
201000010906,10,2,27,1015,1,1,1,1.0,2.0,71381,M,0.0,0.0,71
201000010907,10,5,7,1900,1,1,1,1.0,7.0,71316,M,0.0,0.0,71
201000010908,10,7,15,1200,1,1,1,1.0,1.0,71288,M,0.0,0.0,71
201000010909,10,10,30,800,5,2,1,1.0,6.0,71137,M,0.0,0.0,71
201000010910,10,11,10,1645,1,2,9,2.0,6.0,71137,M,0.0,0.0,71
201000010911,10,12,17,900,1,1,1,4.0,1.0,71546,M,4633400.0,455200.0,71
201000010912,10,2,28,1345,1,1,1,1.0,6.0,71494,M,0.0,0.0,71
201000010913,10,3,5,1815,5,2,2,1.0,3.0,71417,M,4661600.0,465400.0,71
201000010914,10,4,17,1845,1,2,1,1.0,1.0,71373,M,0.0,0.0,71
201000010915,10,6,4,1800,1,2,1,7.0,3.0,71494,M,0.0,0.0,71
201000010916,10,7,12,1800,1,2,1,2.0,6.0,71543,M,4656800.0,491100.0,71
201000010917,10,7,18,445,3,1,1,1.0,6.0,71248,M,4655500.0,493000.0,71
201000010918,10,8,8,1500,1,2,1,1.0,2.0,71145,M,4654800.0,468800.0,71
201000010919,10,9,1,1830,1,2,1,7.0,6.0,71543,M,4657200.0,491100.0,71
201000010920,10,9,7,1715,1,2,1,3.0,3.0,71248,M,0.0,0.0,71
201000010921,10,10,4,1400,1,1,1,8.0,3.0,71543,M,0.0,0.0,71
201000010922,10,10,7,830,1,1,1,7.0,1.0,71543,M,4651200.0,487100.0,71
201000010923,10,11,2,1500,1,2,1,1.0,3.0,71543,M,0.0,0.0,71
201000010924,10,12,8,1800,5,2,1,2.0,2.0,71543,M,0.0,0.0,71
201000010925,10,1,11,1615,1,1,2,8.0,1.0,71015,M,0.0,0.0,71
201000010926,10,1,16,400,3,1,1,5.0,1.0,71010,M,0.0,0.0,71
201000010927,10,2,28,1530,1,1,1,1.0,7.0,71162,M,0.0,0.0,71
201000010928,10,3,22,830,1,1,1,1.0,6.0,71020,M,0.0,0.0,71
201000010929,10,4,16,1515,1,1,1,1.0,6.0,71010,M,0.0,0.0,71
201000010930,10,4,19,1730,1,2,9,1.0,3.0,71014,M,0.0,0.0,71
201000010931,10,4,24,1230,1,1,2,1.0,3.0,71509,M,0.0,0.0,71
201000010932,10,5,9,1700,1,2,1,2.0,2.0,71190,M,0.0,0.0,71
201000010933,10,6,7,1030,1,2,1,1.0,6.0,71014,M,0.0,0.0,71
201000010934,10,7,3,1945,1,1,1,1.0,1.0,71162,M,0.0,0.0,71
201000010935,10,8,3,2215,3,1,1,1.0,6.0,71014,M,4696300.0,426600.0,71
201000010936,10,8,28,900,1,1,1,1.0,7.0,71368,M,4704200.0,428000.0,71
201000010937,10,8,30,1515,1,2,1,1.0,6.0,71014,M,4695600.0,429400.0,71
201000010938,10,8,30,945,1,2,1,1.0,1.0,71192,M,4687000.0,419100.0,71
201000010939,10,8,30,1800,1,1,1,2.0,1.0,71297,M,4688400.0,424400.0,71
201000010940,10,8,31,1600,1,1,3,1.0,3.0,71063,M,4688700.0,430700.0,71
201000010941,10,10,28,2230,3,1,1,1.0,7.0,71166,M,4675900.0,402600.0,71
201000010942,10,2,23,1915,5,2,1,2.0,1.0,71119,M,0.0,0.0,71
201000010943,10,4,11,45,3,2,1,1.0,6.0,71442,M,4685300.0,462800.0,71
201000010944,10,7,3,630,1,1,1,1.0,7.0,71073,M,4690300.0,475200.0,71
201000010945,10,1,14,1545,1,1,1,3.0,7.0,71247,M,0.0,0.0,71
201000010946,10,5,10,1700,1,1,2,1.0,3.0,71392,M,0.0,0.0,71
201000010947,10,7,4,1700,1,2,3,1.0,3.0,71296,M,0.0,0.0,71
201000010948,10,8,26,1245,1,1,3,1.0,2.0,71403,M,0.0,0.0,71
201000010949,10,8,31,1645,1,2,1,1.0,6.0,71070,M,4671600.0,469500.0,71
201000010950,10,9,6,1515,1,2,1,8.0,1.0,71102,M,0.0,0.0,71
201000010951,10,9,20,1715,1,2,1,1.0,1.0,71302,M,0.0,0.0,71
201000010952,10,10,30,230,3,1,1,1.0,6.0,71296,M,0.0,0.0,71
201000010953,10,11,6,1800,3,1,1,1.0,1.0,71221,M,0.0,0.0,71
201000010954,10,12,20,645,3,1,1,2.0,1.0,71070,M,0.0,0.0,71
201000010955,10,1,23,2100,3,1,1,8.0,6.0,71398,M,0.0,0.0,71
201000010956,10,3,12,100,5,2,1,1.0,6.0,71189,M,0.0,0.0,71
201000010957,10,3,31,1345,1,1,1,2.0,4.0,71189,M,0.0,0.0,71
201000010958,10,5,8,400,3,1,9,1.0,6.0,71329,M,4694300.0,515000.0,71
201000010959,10,5,28,2045,2,1,1,1.0,6.0,71189,M,0.0,0.0,71
201000010960,10,6,10,1730,1,1,1,1.0,3.0,71189,M,4625200.0,450700.0,71
201000010961,10,7,9,45,3,1,1,1.0,6.0,71456,M,0.0,0.0,71
201000010962,10,7,15,45,4,2,1,1.0,3.0,71443,M,0.0,0.0,71
201000010963,10,7,24,2030,1,1,1,1.0,6.0,71167,M,0.0,0.0,71
201000010964,10,8,19,1330,1,1,1,1.0,7.0,71215,M,0.0,0.0,71
201000010965,10,10,16,515,5,2,1,2.0,1.0,71336,M,0.0,0.0,71
201000010966,10,12,24,1745,3,1,1,8.0,2.0,71002,M,0.0,0.0,71
201000010967,10,1,28,845,1,1,2,4.0,3.0,71512,M,4666000.0,486900.0,71
201000010968,10,2,15,2115,3,1,1,8.0,6.0,71572,M,4658500.0,485500.0,71
201000010969,10,5,18,930,1,1,1,1.0,6.0,71384,M,0.0,0.0,71
201000010970,10,5,22,2200,5,2,1,1.0,3.0,71512,M,0.0,0.0,71
201000010971,10,6,7,1915,1,2,1,1.0,1.0,71555,M,0.0,0.0,71
201000010972,10,9,29,1700,1,1,1,1.0,7.0,71328,M,0.0,0.0,71
201000010973,10,12,4,1815,3,1,1,1.0,1.0,71555,M,4669500.0,487300.0,71
201000010974,10,1,22,1845,3,1,1,1.0,4.0,71025,M,0.0,0.0,71
201000010975,10,2,27,1230,1,2,1,1.0,6.0,71106,M,4643800.0,427400.0,71
201000010976,10,4,11,1500,1,1,1,1.0,6.0,71356,M,0.0,0.0,71
201000010977,10,4,20,1930,1,1,2,1.0,3.0,71571,M,4641200.0,444400.0,71
201000010978,10,7,2,2115,1,1,1,1.0,6.0,71356,M,4662300.0,432400.0,71
201000010979,10,8,7,1845,1,1,1,7.0,3.0,71231,M,0.0,0.0,71
201000010980,10,8,30,745,1,1,1,1.0,6.0,71446,M,0.0,0.0,71
201000010981,10,2,3,645,3,1,1,1.0,6.0,71160,M,4631400.0,429800.0,71
201000010982,10,4,16,1,3,1,1,1.0,6.0,71120,M,4620100.0,434200.0,71
201000010983,10,6,22,1145,1,1,1,1.0,1.0,71421,M,4634200.0,425400.0,71
201000010984,10,1,16,45,5,2,1,2.0,6.0,71176,M,4648500.0,397400.0,71
201000010985,10,1,25,1530,2,2,1,2.0,7.0,71176,M,4648000.0,397000.0,71
201000010986,10,3,11,1515,1,1,1,4.0,3.0,71325,M,4649700.0,395700.0,71
201000010987,10,3,22,1430,1,2,1,1.0,3.0,71176,M,4649800.0,402500.0,71
201000010988,10,4,7,1815,1,2,1,1.0,4.0,71176,M,4648700.0,398700.0,71
201000010989,10,4,24,1945,1,2,1,1.0,7.0,71176,M,0.0,0.0,71
201000010990,10,5,15,2000,1,1,1,1.0,1.0,71176,M,4648700.0,407000.0,71
201000010991,10,8,21,830,1,1,1,1.0,7.0,71325,M,4649700.0,390200.0,71
201000010992,10,9,10,1100,1,2,1,1.0,3.0,71176,M,4648600.0,398300.0,71
201000010993,10,12,29,1330,1,2,1,1.0,2.0,71176,M,4649000.0,398800.0,71
201000010994,10,1,20,800,2,1,1,9.0,6.0,71453,M,4625200.0,404800.0,71
201000010995,10,2,25,1445,1,1,1,2.0,6.0,71071,M,0.0,0.0,71
201000010996,10,4,15,1715,1,1,1,1.0,1.0,71077,M,0.0,0.0,71
201000010997,10,5,1,1330,1,1,1,2.0,6.0,71453,M,0.0,0.0,71
201000010998,10,5,22,1730,1,2,1,1.0,3.0,71259,M,0.0,0.0,71
201000010999,10,5,25,2230,5,2,1,2.0,1.0,71238,M,0.0,0.0,71
201000011000,10,7,19,1900,1,1,1,1.0,3.0,71554,M,0.0,0.0,71
201000011001,10,8,27,2200,3,1,1,1.0,6.0,71024,M,0.0,0.0,71
201000011002,10,10,2,1100,1,1,1,1.0,3.0,71399,M,0.0,0.0,71
201000011003,10,11,9,1645,1,1,1,2.0,3.0,71123,M,4626000.0,393800.0,71
201000011004,10,11,16,800,1,1,1,1.0,3.0,71238,M,4619500.0,407700.0,71
201000011005,10,12,23,1900,3,1,1,2.0,1.0,71238,M,4622600.0,405000.0,71
201000011006,10,1,16,2015,3,1,1,1.0,1.0,71491,M,0.0,0.0,71
201000011007,10,2,5,1030,1,2,3,1.0,1.0,71342,M,0.0,0.0,71
201000011008,10,5,1,2200,3,1,1,2.0,6.0,71590,M,0.0,0.0,71
201000011009,10,8,3,500,3,1,1,1.0,3.0,71590,M,0.0,0.0,71
201000011010,10,11,15,1730,5,2,1,1.0,3.0,71588,M,0.0,0.0,71
201000011011,10,4,18,2030,3,1,1,1.0,7.0,71191,M,0.0,0.0,71
201000011012,10,6,27,1915,1,1,1,1.0,3.0,71468,M,4684100.0,452200.0,71
201000011013,10,10,1,1800,1,2,1,1.0,1.0,71464,M,0.0,0.0,71
201000011014,10,2,1,845,1,2,1,1.0,6.0,71047,M,0.0,0.0,71
201000011015,10,12,11,1300,1,2,1,1.0,1.0,71047,M,4662900.0,377100.0,71
201000011016,10,1,24,1815,3,1,1,2.0,5.0,71340,M,0.0,0.0,71
201000011017,10,1,31,1715,2,2,1,1.0,6.0,71330,M,0.0,0.0,71
201000011018,10,4,23,1645,1,2,1,1.0,7.0,71340,M,0.0,0.0,71
201000011019,10,4,25,1300,1,1,1,1.0,1.0,71490,M,0.0,0.0,71
201000011020,10,4,29,930,1,1,1,1.0,2.0,71565,M,0.0,0.0,71
201000011021,10,5,15,2000,1,1,1,1.0,5.0,71132,M,0.0,0.0,71
201000011022,10,6,18,700,1,2,1,1.0,1.0,71230,M,0.0,0.0,71
201000011023,10,6,19,530,3,1,1,8.0,6.0,71230,M,0.0,0.0,71
201000011024,10,6,30,1000,1,2,1,1.0,3.0,71230,M,0.0,0.0,71
201000011025,10,7,1,900,1,1,1,1.0,1.0,71370,M,0.0,0.0,71
201000011026,10,7,8,845,1,1,1,1.0,1.0,71212,M,4660400.0,425400.0,71
201000011027,10,8,24,745,1,1,1,1.0,6.0,71330,M,0.0,0.0,71
201000011028,10,10,5,915,1,1,1,2.0,3.0,71490,M,0.0,0.0,71
201000011029,10,10,22,1030,1,2,1,1.0,6.0,71230,M,0.0,0.0,71
201000011030,10,12,6,415,3,1,1,3.0,3.0,71230,M,0.0,0.0,71
201000011031,10,12,11,345,5,2,1,1.0,6.0,71230,M,0.0,0.0,71
201000011032,10,2,21,1430,1,2,1,1.0,6.0,71157,M,0.0,0.0,71
201000011033,10,2,26,1030,1,1,1,1.0,1.0,71243,M,0.0,0.0,71
201000011034,10,5,7,1445,1,1,1,1.0,1.0,71263,M,4663800.0,525700.0,71
201000011035,10,5,30,1245,1,2,3,1.0,3.0,71263,M,4662400.0,525600.0,71
201000011036,10,6,13,330,3,1,1,1.0,6.0,71506,M,4664800.0,535800.0,71
201000011037,10,7,2,1530,1,1,1,7.0,6.0,71177,M,4650100.0,527400.0,71
201000011038,10,8,26,1945,1,2,6,1.0,3.0,71157,M,0.0,0.0,71
201000011039,10,9,30,1945,2,1,1,8.0,5.0,71558,M,4647700.0,524700.0,71
201000011040,10,1,5,1015,1,1,1,1.0,7.0,71318,M,0.0,0.0,71
201000011041,10,2,3,1900,5,2,1,1.0,3.0,71158,M,4656200.0,500200.0,71
201000011042,10,3,2,1130,1,1,1,1.0,1.0,71261,M,4660000.0,502800.0,71
201000011043,10,3,22,615,2,2,1,1.0,6.0,71365,M,4660600.0,509800.0,71
201000011044,10,5,11,1845,1,1,1,1.0,5.0,71401,M,4658400.0,525200.0,71
201000011045,10,5,16,400,3,1,1,1.0,5.0,71401,M,4655900.0,524400.0,71
201000011046,10,7,1,1000,1,1,1,7.0,6.0,71318,M,4655800.0,517400.0,71
201000011047,10,11,3,530,3,1,1,2.0,1.0,71522,M,0.0,0.0,71
201000011048,10,1,21,830,1,2,1,9.0,3.0,71208,M,4691000.0,515600.0,71
201000011049,10,1,22,645,3,1,1,5.0,1.0,71173,M,4676200.0,517700.0,71
201000011050,10,2,23,700,2,1,1,2.0,1.0,71538,M,4674200.0,514000.0,71
201000011051,10,7,31,2215,3,1,1,1.0,1.0,71205,M,4671900.0,531300.0,71
201000011052,10,8,4,1515,1,1,1,1.0,3.0,71173,M,4675200.0,516400.0,71
201000011053,10,8,15,1030,1,2,1,2.0,6.0,71029,M,4684400.0,537000.0,71
201000011054,10,10,17,1345,1,1,1,8.0,7.0,71538,M,4674500.0,513000.0,71
201000011055,10,10,21,1900,2,1,2,1.0,3.0,71205,M,4672000.0,531300.0,71
201000011056,10,2,9,1300,1,1,1,4.0,1.0,71278,M,4667000.0,445000.0,71
201000011057,10,2,19,130,4,2,1,1.0,7.0,71310,M,0.0,0.0,71
201000011058,10,4,23,1000,1,1,1,1.0,6.0,71436,M,0.0,0.0,71