Num_Acc,an,mois,jour,hrmn,lum,agg,int,atm,col,com,gps,lat,long,dep
201000011059,10,5,31,1515,1,1,1,1.0,5.0,71222,M,4664000.0,443000.0,71
201000011060,10,8,30,2030,1,1,1,1.0,2.0,71477,M,0.0,0.0,71
201000011061,10,11,3,830,1,1,1,1.0,3.0,71310,M,0.0,0.0,71
201000011062,10,11,14,1415,1,2,1,1.0,3.0,71310,M,0.0,0.0,71
201000011063,10,7,4,1245,1,1,1,1.0,6.0,89213,M,0.0,0.0,89
201000011064,10,8,16,645,2,1,1,2.0,2.0,89438,M,0.0,0.0,89
201000011065,10,9,2,345,3,1,1,1.0,2.0,89053,M,0.0,0.0,89
201000011066,10,9,18,1830,1,1,1,1.0,3.0,89366,M,0.0,0.0,89
201000011067,10,7,12,1445,1,1,1,1.0,6.0,89111,M,0.0,0.0,89
201000011068,10,9,4,845,1,1,1,1.0,5.0,89255,M,0.0,0.0,89
201000011069,10,9,12,1230,1,1,1,1.0,7.0,89080,M,0.0,0.0,89
201000011070,10,10,30,1400,1,1,1,8.0,7.0,89214,M,0.0,0.0,89
201000011071,10,11,10,1015,1,1,1,2.0,6.0,89342,M,0.0,0.0,89
201000011072,10,12,17,2145,3,1,1,1.0,2.0,89124,M,0.0,0.0,89
201000011073,10,1,10,1100,1,1,1,1.0,6.0,89023,M,0.0,0.0,89
201000011074,10,2,3,1630,1,1,1,1.0,6.0,89013,M,0.0,0.0,89
201000011075,10,2,16,915,3,1,1,1.0,6.0,89023,M,0.0,0.0,89
201000011076,10,3,17,1345,1,2,3,1.0,1.0,89438,M,0.0,0.0,89
201000011077,10,4,5,2300,4,2,1,1.0,6.0,89077,M,0.0,0.0,89
201000011078,10,4,10,1745,1,2,1,1.0,6.0,89013,M,0.0,0.0,89
201000011079,10,4,17,1715,1,1,3,1.0,1.0,89438,M,0.0,0.0,89
201000011080,10,5,1,115,5,2,1,1.0,3.0,89013,M,0.0,0.0,89
201000011081,10,5,21,1630,1,1,1,1.0,7.0,89427,M,0.0,0.0,89
201000011082,10,5,24,430,5,2,1,1.0,7.0,89083,M,0.0,0.0,89
201000011083,10,6,3,1530,1,2,1,1.0,2.0,89013,M,0.0,0.0,89
201000011084,10,7,2,1400,1,1,9,7.0,2.0,89077,M,0.0,0.0,89
201000011085,10,6,1,1900,1,1,1,2.0,3.0,89295,M,0.0,0.0,89
201000011086,10,7,28,230,4,2,1,1.0,6.0,89013,M,0.0,0.0,89
201000011087,10,8,21,1100,1,2,1,1.0,6.0,89295,M,0.0,0.0,89
201000011088,10,10,21,1545,1,1,6,1.0,3.0,89453,M,0.0,0.0,89
201000011089,10,11,30,1400,1,2,2,4.0,6.0,89083,M,0.0,0.0,89
201000011090,10,1,3,2030,4,2,1,1.0,2.0,89130,M,0.0,0.0,89
201000011091,10,1,21,1630,2,1,1,5.0,7.0,89174,M,0.0,0.0,89
201000011092,10,1,30,1145,1,1,1,8.0,7.0,89441,M,4767600.0,374000.0,89
201000011093,10,3,23,1100,1,1,1,1.0,1.0,89237,M,0.0,0.0,89
201000011094,10,5,19,1430,1,1,1,1.0,1.0,89125,M,0.0,0.0,89
201000011095,10,6,17,1800,1,1,1,1.0,6.0,89125,M,0.0,0.0,89
201000011096,10,7,6,1030,1,1,1,1.0,7.0,89256,M,0.0,0.0,89
201000011097,10,7,8,1700,1,2,1,1.0,1.0,89479,M,0.0,0.0,89
201000011098,10,7,18,1215,1,1,1,1.0,6.0,89158,M,0.0,0.0,89
201000011099,10,7,28,1130,1,1,1,1.0,7.0,89119,M,0.0,0.0,89
201000011100,10,9,13,1400,1,1,1,1.0,6.0,89155,M,0.0,0.0,89
201000011101,10,10,25,1400,1,1,1,1.0,7.0,89199,M,0.0,0.0,89
201000011102,10,11,14,1515,1,1,1,2.0,1.0,89256,M,0.0,0.0,89
201000011103,10,11,15,645,5,2,1,2.0,6.0,89130,M,0.0,0.0,89
201000011104,10,12,12,2315,3,1,1,1.0,7.0,89125,M,4762600.0,349600.0,89
201000011105,10,12,18,1645,1,1,1,1.0,5.0,89478,M,0.0,0.0,89
201000011106,10,2,3,1830,2,2,1,1.0,6.0,89276,M,0.0,0.0,89
201000011107,10,4,12,1815,1,2,1,1.0,6.0,89345,M,0.0,0.0,89
201000011108,10,4,17,515,3,1,1,1.0,7.0,89062,M,0.0,0.0,89
201000011109,10,5,4,1445,1,1,1,1.0,7.0,89423,M,0.0,0.0,89
201000011110,10,5,25,715,1,1,1,1.0,3.0,89061,M,0.0,0.0,89
201000011111,10,6,7,1445,1,1,1,1.0,1.0,89345,M,0.0,0.0,89
201000011112,10,7,13,1200,1,1,1,1.0,1.0,89345,M,0.0,0.0,89
201000011113,10,7,23,1615,1,2,1,1.0,1.0,89345,M,0.0,0.0,89
201000011114,10,8,11,1800,1,2,1,1.0,7.0,89169,M,0.0,0.0,89
201000011115,10,10,6,1945,3,1,1,1.0,3.0,89026,M,0.0,0.0,89
201000011116,10,10,15,2030,3,1,1,1.0,6.0,89345,M,0.0,0.0,89
201000011117,10,10,19,1400,1,2,1,2.0,3.0,89345,M,0.0,0.0,89
201000011118,10,10,23,1445,1,1,1,8.0,7.0,89276,M,0.0,0.0,89
201000011119,10,11,24,1400,1,2,3,1.0,1.0,89345,M,0.0,0.0,89
201000011120,10,12,28,930,1,1,1,4.0,6.0,89276,M,0.0,0.0,89
201000011121,10,12,28,830,1,1,1,4.0,6.0,89101,M,0.0,0.0,89
201000011122,10,12,31,1400,1,2,1,8.0,3.0,89276,M,0.0,0.0,89
201000011123,10,2,14,545,3,1,1,1.0,6.0,89250,M,0.0,0.0,89
201000011124,10,2,27,1730,1,1,1,1.0,6.0,89123,M,0.0,0.0,89
201000011125,10,3,5,1215,1,1,8,1.0,1.0,89263,M,0.0,0.0,89
201000011126,10,3,6,530,3,1,1,1.0,7.0,89263,M,0.0,0.0,89
201000011127,10,3,10,530,3,1,1,1.0,2.0,89263,M,4785200.0,354900.0,89
201000011128,10,3,16,1215,1,1,2,1.0,5.0,89307,M,4792400.0,371500.0,89
201000011129,10,3,20,130,3,1,1,1.0,7.0,89227,M,0.0,0.0,89
201000011130,10,4,2,1430,1,1,1,1.0,4.0,89268,M,0.0,0.0,89
201000011131,10,4,17,1430,1,1,1,1.0,1.0,89282,M,4796300.0,357700.0,89
201000011132,10,5,13,515,3,1,1,1.0,6.0,89201,M,0.0,0.0,89
201000011133,10,5,21,115,3,1,2,1.0,3.0,89437,M,0.0,0.0,89
201000011134,10,5,28,445,3,1,1,1.0,7.0,89198,M,0.0,0.0,89
201000011135,10,6,7,1430,1,1,1,1.0,2.0,89095,M,4777100.0,381700.0,89
201000011136,10,6,10,1515,1,1,1,2.0,1.0,89034,M,0.0,0.0,89
201000011137,10,7,17,1815,1,1,1,1.0,6.0,89382,M,0.0,0.0,89
201000011138,10,9,10,2215,3,1,1,1.0,7.0,89263,M,0.0,0.0,89
201000011139,10,9,11,2215,3,1,1,1.0,2.0,89463,M,0.0,0.0,89
201000011140,10,12,8,1900,5,2,1,4.0,6.0,89382,M,0.0,0.0,89
201000011141,10,1,1,600,3,1,1,4.0,6.0,89286,M,0.0,0.0,89
201000011142,10,3,16,1700,1,1,1,1.0,1.0,89408,M,0.0,0.0,89
201000011143,10,5,15,1415,1,2,1,1.0,3.0,89419,M,4774100.0,329900.0,89
201000011144,10,5,21,1000,1,1,1,1.0,7.0,89416,M,4760500.0,331600.0,89
201000011145,10,6,4,1400,1,2,1,1.0,3.0,89419,M,4774300.0,329200.0,89
201000011146,10,6,6,1045,1,1,1,1.0,2.0,89420,M,4756800.0,318000.0,89
201000011147,10,6,21,1230,1,1,1,1.0,7.0,89273,M,4760900.0,320200.0,89
201000011148,10,6,22,445,3,1,1,1.0,1.0,89311,M,4775600.0,340800.0,89
201000011149,10,7,9,1330,1,1,1,1.0,3.0,89073,M,4778400.0,307300.0,89
201000011150,10,7,4,15,3,1,1,1.0,6.0,89340,M,4758700.0,323200.0,89
201000011151,10,7,24,2015,1,2,2,1.0,3.0,89311,M,0.0,0.0,89
201000011152,10,7,30,2215,2,1,1,1.0,7.0,89462,M,0.0,0.0,89
201000011153,10,8,7,2100,2,1,1,1.0,1.0,89173,M,4768900.0,325100.0,89
201000011154,10,8,30,1845,1,1,2,1.0,3.0,89139,M,4772200.0,339100.0,89
201000011155,10,10,1,1400,1,1,1,1.0,1.0,89419,M,4772300.0,324100.0,89
201000011156,10,2,1,1100,1,1,1,4.0,7.0,89071,M,0.0,0.0,89
201000011157,10,3,3,2330,3,1,1,1.0,1.0,89485,M,0.0,0.0,89
201000011158,10,3,16,1800,2,1,1,7.0,1.0,89188,M,0.0,0.0,89
201000011159,10,5,16,1445,1,1,1,1.0,1.0,89446,M,0.0,0.0,89
201000011160,10,6,9,1630,1,1,1,2.0,7.0,89235,M,0.0,0.0,89
201000011161,10,6,30,615,1,1,1,1.0,1.0,89025,M,0.0,0.0,89
201000011162,10,7,16,1730,1,1,1,1.0,1.0,89025,M,0.0,0.0,89
201000011163,10,8,14,1845,1,1,3,1.0,3.0,89190,M,0.0,0.0,89
201000011164,10,8,21,1615,1,1,1,1.0,5.0,89446,M,0.0,0.0,89
201000011165,10,10,19,1845,2,2,1,2.0,6.0,89025,M,0.0,0.0,89
201000011166,10,11,12,15,3,1,1,3.0,7.0,89071,M,0.0,0.0,89
201000011167,10,11,9,1300,1,2,1,1.0,6.0,89071,M,0.0,0.0,89
201000011168,10,6,20,1430,1,1,1,1.0,7.0,89371,M,0.0,0.0,89
201000011169,10,11,1,1815,3,1,1,1.0,6.0,89208,M,0.0,0.0,89
201000011170,10,3,5,1645,1,2,1,1.0,3.0,89206,M,4798800.0,339400.0,89
201000011171,10,4,3,1630,1,2,3,1.0,3.0,89206,M,4798800.0,341000.0,89
201000011172,10,4,25,2130,5,2,1,1.0,3.0,89037,M,4796200.0,332000.0,89
201000011173,10,5,14,1200,1,2,1,8.0,3.0,89206,M,4798700.0,341300.0,89
201000011174,10,7,8,845,1,2,1,7.0,6.0,89206,M,0.0,0.0,89
201000011175,10,7,26,430,3,1,1,1.0,6.0,89067,M,4798200.0,333600.0,89
201000011176,10,9,13,1515,1,1,1,1.0,1.0,89075,M,4796200.0,344700.0,89
201000011177,10,9,27,1300,1,1,1,1.0,6.0,89075,M,4795900.0,345400.0,89
201000011178,10,12,4,1800,5,2,1,1.0,6.0,89206,M,4798600.0,339900.0,89
201000011179,10,1,25,930,1,2,1,2.0,6.0,89003,M,0.0,0.0,89
201000011180,10,1,31,2030,3,1,1,1.0,7.0,89213,M,0.0,0.0,89
201000011181,10,2,22,2000,3,1,1,1.0,6.0,89163,M,0.0,0.0,89
201000011182,10,3,5,1630,1,1,1,1.0,6.0,89196,M,0.0,0.0,89
201000011183,10,5,8,900,1,1,1,1.0,1.0,89384,M,0.0,0.0,89
201000011184,10,5,23,1100,1,1,1,1.0,7.0,89473,M,0.0,0.0,89
201000011185,10,7,20,2030,1,1,1,1.0,6.0,89163,M,0.0,0.0,89
201000011186,10,9,15,1630,1,1,1,1.0,6.0,89138,M,0.0,0.0,89
201000011187,10,10,9,830,2,1,1,5.0,6.0,89473,M,0.0,0.0,89
201000011188,10,10,31,1145,1,1,1,1.0,1.0,89294,M,0.0,0.0,89
201000011189,10,11,17,930,1,1,1,1.0,7.0,89334,M,0.0,0.0,89
201000011190,10,1,1,1830,5,2,1,8.0,6.0,89257,M,4796500.0,353200.0,89
201000011191,10,5,7,2145,3,1,1,1.0,7.0,89035,M,0.0,0.0,89
201000011192,10,5,17,1715,1,2,1,1.0,3.0,89055,M,4799400.0,360900.0,89
201000011193,10,6,30,830,1,1,1,1.0,2.0,89152,M,4795900.0,345600.0,89
201000011194,10,8,3,430,5,2,1,1.0,6.0,89257,M,4796800.0,352000.0,89
201000011195,10,8,3,1030,1,2,1,1.0,6.0,89055,M,4799500.0,361800.0,89
201000011196,10,8,5,1345,1,1,1,1.0,5.0,89105,M,4790000.0,352100.0,89
201000011197,10,8,12,2145,3,1,1,1.0,6.0,89069,M,4808300.0,367900.0,89
201000011198,10,9,1,1615,1,1,1,1.0,1.0,89055,M,4798200.0,361600.0,89
201000011199,10,9,30,1330,1,1,1,2.0,3.0,89099,M,4794800.0,354200.0,89
201000011200,10,10,28,715,2,2,1,2.0,1.0,89257,M,4796100.0,350500.0,89
201000011201,10,11,5,1215,1,2,1,1.0,3.0,89257,M,4797000.0,351300.0,89
201000011202,10,2,26,1930,3,1,1,1.0,6.0,89066,M,0.0,0.0,89
201000011203,10,3,17,1745,1,1,3,7.0,2.0,89471,M,0.0,0.0,89
201000011204,10,3,23,1945,3,2,1,1.0,6.0,89432,M,0.0,0.0,89
201000011205,10,4,14,1900,1,1,1,1.0,3.0,89195,M,0.0,0.0,89
201000011206,10,4,20,715,2,1,1,1.0,3.0,89443,M,0.0,0.0,89
201000011207,10,7,26,1400,1,1,1,1.0,6.0,89461,M,0.0,0.0,89
201000011208,10,7,28,2015,1,2,1,1.0,3.0,89245,M,4812000.0,323600.0,89
201000011209,10,8,10,1830,1,1,1,1.0,1.0,89214,M,0.0,0.0,89
201000011210,10,10,5,2200,3,1,1,5.0,6.0,89014,M,0.0,0.0,89
201000011211,10,11,24,1500,1,2,1,1.0,2.0,89239,M,0.0,0.0,89
201000011212,10,12,8,1745,1,1,1,3.0,7.0,89066,M,0.0,0.0,89
201000011213,10,12,26,2100,3,1,1,9.0,6.0,89066,M,4812200.0,350100.0,89
201000011214,10,12,27,545,3,1,1,9.0,1.0,89122,M,4829000.0,355400.0,89
201000011215,10,4,29,1030,1,1,1,1.0,3.0,89255,M,0.0,0.0,89
201000011216,10,5,24,1645,1,1,1,1.0,1.0,89414,M,0.0,0.0,89
201000011217,10,5,29,700,2,1,1,1.0,2.0,89255,M,4832100.0,323300.0,89
201000011218,10,6,4,2330,3,1,1,1.0,3.0,89391,M,4836300.0,323300.0,89
201000011219,10,6,27,1130,1,2,1,1.0,3.0,89460,M,0.0,0.0,89
201000011220,10,9,19,1100,1,2,1,1.0,6.0,89449,M,0.0,0.0,89
201000011221,10,11,19,1030,1,1,1,2.0,5.0,89189,M,4827100.0,323700.0,89
201000011222,10,12,2,2145,3,1,1,1.0,2.0,89189,M,0.0,0.0,89
201000011223,10,12,9,1745,2,2,1,8.0,6.0,89309,M,0.0,0.0,89
201000011224,10,1,8,845,1,1,1,4.0,6.0,89428,M,0.0,0.0,89
201000011225,10,1,30,130,3,1,1,1.0,7.0,89036,M,0.0,0.0,89
201000011226,10,2,4,1815,3,1,1,1.0,6.0,89380,M,0.0,0.0,89
201000011227,10,6,30,730,1,1,1,1.0,7.0,89370,M,4818300.0,311500.0,89
201000011228,10,7,13,2145,3,1,1,1.0,6.0,89370,M,0.0,0.0,89
201000011229,10,7,14,245,4,2,1,1.0,6.0,89264,M,4817800.0,303200.0,89
201000011230,10,7,18,1530,1,2,2,1.0,5.0,89143,M,4821700.0,307800.0,89
201000011231,10,7,27,530,3,1,6,2.0,7.0,89380,M,4807500.0,310500.0,89
201000011232,10,8,7,930,1,1,1,1.0,7.0,89151,M,4812400.0,321100.0,89
201000011233,10,11,2,700,2,1,3,5.0,3.0,89466,M,4818200.0,319200.0,89
201000011234,10,11,6,800,1,1,1,1.0,6.0,89151,M,4812000.0,315100.0,89
201000011235,10,11,18,1545,1,1,1,1.0,6.0,89180,M,0.0,0.0,89
201000011236,10,11,26,1545,1,1,2,1.0,3.0,89450,M,4822900.0,315700.0,89
201000011237,10,7,14,1215,1,1,6,1.0,7.0,89388,M,0.0,0.0,89
201000011238,10,8,13,1615,1,1,1,1.0,7.0,89388,M,4795100.0,323200.0,89
201000011239,10,12,10,1600,1,2,1,1.0,1.0,89464,M,0.0,0.0,89
201000011240,10,2,24,2045,3,1,1,1.0,6.0,89418,M,0.0,0.0,89
201000011241,10,3,22,1515,1,1,1,1.0,6.0,89087,M,0.0,0.0,89
201000011242,10,5,22,2015,1,2,1,7.0,1.0,89418,M,4787000.0,398600.0,89
201000011243,10,6,3,1545,1,1,1,1.0,1.0,89418,M,0.0,0.0,89
201000011244,10,6,24,845,1,1,1,1.0,7.0,89028,M,0.0,0.0,89
201000011245,10,6,30,1430,1,1,1,1.0,6.0,89407,M,4785100.0,408500.0,89
201000011246,10,7,2,1000,1,2,1,1.0,1.0,89131,M,0.0,0.0,89
201000011247,10,7,6,2100,2,2,1,1.0,6.0,89028,M,0.0,0.0,89
201000011248,10,7,24,1630,1,2,1,1.0,6.0,89299,M,4784200.0,418799.0,89
201000011249,10,10,24,130,3,1,1,1.0,6.0,89407,M,4784700.0,408100.0,89
201000011250,10,11,10,1515,1,1,9,1.0,7.0,89004,M,4766700.0,420800.0,89
201000011251,10,3,2,1815,2,1,1,1.0,3.0,25418,M,0.0,0.0,25
201000011252,10,3,23,1830,1,1,1,7.0,2.0,25418,M,4724800.0,615800.0,25
201000011253,10,3,28,715,2,1,1,1.0,6.0,25278,M,4722600.0,629700.0,25
201000011254,10,3,27,1745,1,1,1,2.0,7.0,25036,M,4719500.0,596800.0,25
201000011255,10,3,29,1145,1,1,1,1.0,1.0,25328,M,4718200.0,595700.0,25
201000011256,10,4,1,1800,1,1,1,8.0,1.0,25410,M,0.0,0.0,25
201000011257,10,5,24,1700,1,1,1,1.0,7.0,25036,M,4720300.0,596700.0,25
201000011258,10,7,4,545,2,1,1,2.0,6.0,25473,M,0.0,0.0,25
201000011259,10,7,9,815,1,1,1,1.0,7.0,25116,M,4729000.0,625000.0,25
201000011260,10,10,4,1230,1,1,1,1.0,1.0,25328,M,4718000.0,597300.0,25
201000011261,10,10,15,2315,3,1,9,1.0,6.0,25116,M,0.0,0.0,25
201000011262,10,2,18,1745,1,2,1,1.0,6.0,25434,M,0.0,0.0,25
201000011263,10,7,25,545,2,2,1,1.0,6.0,25537,M,4710500.0,607700.0,25
201000011264,10,10,9,1730,1,1,1,1.0,3.0,25434,M,4708700.0,615800.0,25
201000011265,10,2,22,1330,1,2,1,1.0,1.0,25287,M,0.0,0.0,25
201000011266,10,3,8,1130,1,2,1,1.0,1.0,25511,M,4710100.0,601000.0,25
201000011267,10,3,11,1545,1,1,1,1.0,7.0,25564,M,0.0,0.0,25
201000011268,10,4,24,1615,1,1,1,1.0,1.0,25164,M,4723400.0,584200.0,25
201000011269,10,4,24,1130,1,2,1,1.0,7.0,25147,M,4722700.0,588700.0,25
201000011270,10,4,28,1515,1,1,1,1.0,6.0,25149,M,4715900.0,594300.0,25
201000011271,10,6,6,1415,1,1,1,3.0,6.0,25109,M,4711000.0,591100.0,25
201000011272,10,6,13,1515,1,1,1,1.0,5.0,25154,M,0.0,0.0,25
201000011273,10,6,19,700,1,1,1,2.0,6.0,25438,M,4716000.0,587000.0,25
201000011274,10,7,6,1215,1,2,1,1.0,1.0,25164,M,4722100.0,582200.0,25
201000011275,10,8,15,200,5,2,1,3.0,6.0,25220,M,4712100.0,602500.0,25
201000011276,10,8,25,15,3,1,1,1.0,7.0,25340,M,4707500.0,584000.0,25
201000011277,10,9,5,1730,1,1,1,1.0,1.0,25527,M,4720000.0,585400.0,25
201000011278,10,9,7,1800,1,1,1,2.0,1.0,25220,M,0.0,0.0,25
201000011279,10,9,7,1730,1,1,1,3.0,5.0,25631,M,4715900.0,594500.0,25
201000011280,10,9,20,1545,1,1,8,1.0,3.0,25336,M,4705400.0,580300.0,25
201000011281,10,10,29,2200,3,1,1,1.0,6.0,25445,M,0.0,0.0,25
201000011282,10,11,24,1600,1,1,1,2.0,1.0,25103,M,4718000.0,596500.0,25
201000011283,10,12,9,2015,3,1,1,1.0,1.0,25195,M,0.0,0.0,25
201000011284,10,12,16,730,2,2,1,4.0,7.0,25109,M,4711100.0,591300.0,25
201000011285,10,3,19,1530,1,2,1,1.0,1.0,25057,M,0.0,0.0,25
201000011286,10,6,27,1700,1,2,1,1.0,6.0,25057,M,0.0,0.0,25
201000011287,10,9,5,1945,1,2,6,1.0,6.0,25057,M,0.0,0.0,25
201000011288,10,1,15,800,1,2,1,8.0,3.0,25526,M,0.0,0.0,25
201000011289,10,3,4,2000,3,1,1,1.0,1.0,25043,M,0.0,0.0,25
201000011290,10,4,20,1630,1,2,1,1.0,3.0,25632,M,0.0,0.0,25
201000011291,10,5,22,1845,1,1,1,1.0,2.0,25224,M,0.0,0.0,25
201000011292,10,6,15,1215,1,2,1,1.0,1.0,25191,M,4747700.0,673200.0,25
201000011293,10,6,30,2045,2,1,1,1.0,2.0,25224,M,4746700.0,670600.0,25
201000011294,10,7,20,1745,1,1,3,1.0,3.0,25469,M,0.0,0.0,25
201000011295,10,9,10,2000,3,2,1,1.0,5.0,25523,M,0.0,0.0,25
201000011296,10,11,21,2130,5,2,1,1.0,6.0,25043,M,0.0,0.0,25
201000011297,10,11,22,1845,5,1,1,2.0,3.0,25043,M,0.0,0.0,25
201000011298,10,2,16,1330,1,1,1,1.0,1.0,25228,M,4751200.0,689100.0,25
201000011299,10,2,27,1845,4,2,1,3.0,7.0,25304,M,4744700.0,688200.0,25
201000011300,10,3,25,745,1,2,1,1.0,2.0,25196,M,4748100.0,689500.0,25
201000011301,10,6,9,1130,1,2,9,1.0,3.0,25367,M,4744900.0,681700.0,25
201000011302,10,6,25,2100,1,1,1,1.0,6.0,25071,M,4745700.0,684700.0,25
201000011303,10,9,17,2100,5,2,1,1.0,3.0,25367,M,4745300.0,681200.0,25
201000011304,10,11,18,1330,1,1,1,1.0,1.0,25190,M,4751600.0,692000.0,25
201000011305,10,2,14,1800,3,1,1,4.0,3.0,25471,M,0.0,0.0,25
201000011306,10,5,4,1645,1,1,1,1.0,5.0,25046,M,0.0,0.0,25
201000011307,10,5,27,930,1,2,1,2.0,6.0,25356,M,0.0,0.0,25
201000011308,10,6,5,1730,1,1,1,1.0,1.0,25366,M,4726400.0,677200.0,25
201000011309,10,6,9,2230,3,2,1,1.0,1.0,25127,M,4720100.0,684000.0,25
201000011310,10,8,13,130,3,1,1,1.0,6.0,25356,M,0.0,0.0,25
201000011311,10,8,22,1045,1,1,1,1.0,5.0,25173,M,0.0,0.0,25
201000011312,10,9,19,1030,1,1,1,1.0,3.0,25127,M,0.0,0.0,25
201000011313,10,10,6,1015,1,2,1,1.0,6.0,25255,M,4717200.0,682600.0,25
201000011314,10,11,16,1330,1,1,3,8.0,3.0,25091,M,4727100.0,680900.0,25
201000011315,10,12,17,1915,3,1,1,4.0,1.0,25193,M,4725000.0,685000.0,25
201000011316,10,1,16,45,5,2,1,8.0,2.0,25463,M,0.0,0.0,25
201000011317,10,1,22,1745,2,2,1,8.0,3.0,25463,M,4738900.0,677500.0,25
201000011318,10,1,24,445,5,2,1,8.0,6.0,25370,M,4744100.0,678600.0,25
201000011319,10,2,7,1045,1,1,1,5.0,1.0,25393,M,4735900.0,681200.0,25
201000011320,10,2,27,1500,1,1,1,1.0,6.0,25244,M,4730000.0,680200.0,25
201000011321,10,3,1,1330,1,2,1,1.0,3.0,25463,M,4739400.0,677300.0,25
201000011322,10,4,1,1615,1,1,1,8.0,1.0,25519,M,4731300.0,680600.0,25
201000011323,10,4,7,1445,1,2,1,1.0,3.0,25370,M,4743500.0,678400.0,25
201000011324,10,5,24,1145,1,1,1,1.0,6.0,25519,M,4731400.0,680700.0,25
201000011325,10,6,30,1745,1,1,1,7.0,1.0,25387,M,4730700.0,680800.0,25
201000011326,10,7,18,1545,1,1,1,1.0,6.0,25519,M,4730000.0,680000.0,25
201000011327,10,10,10,1500,1,1,1,1.0,1.0,25275,M,4735000.0,697600.0,25
201000011328,10,10,26,1730,1,2,1,1.0,3.0,25615,M,4737600.0,687300.0,25
201000011329,10,11,13,1730,2,1,1,1.0,6.0,25402,M,4734800.0,688600.0,25
201000011330,10,11,24,2100,3,1,1,4.0,1.0,25463,M,4746000.0,676900.0,25
201000011331,10,1,10,900,1,1,1,4.0,6.0,25009,M,0.0,0.0,25
201000011332,10,2,9,1315,1,1,1,4.0,6.0,25544,M,4731100.0,647000.0,25
201000011333,10,4,5,1645,1,1,1,1.0,1.0,25613,M,4742200.0,642700.0,25
201000011334,10,5,10,1745,1,1,1,1.0,1.0,25520,M,0.0,0.0,25
201000011335,10,6,24,1615,1,2,1,1.0,3.0,25094,M,0.0,0.0,25
201000011336,10,9,24,1915,2,1,1,2.0,6.0,25604,M,0.0,0.0,25
201000011337,10,10,29,2045,3,1,1,1.0,1.0,25408,M,0.0,0.0,25
201000011338,10,12,29,2100,3,1,1,5.0,1.0,25009,M,0.0,0.0,25
201000011339,10,5,23,1415,1,1,2,1.0,1.0,25022,M,0.0,0.0,25
201000011340,10,5,25,1700,1,1,1,1.0,1.0,25266,M,0.0,0.0,25
201000011341,10,6,6,545,2,1,1,1.0,6.0,25554,M,0.0,0.0,25
201000011342,10,6,15,600,2,2,1,1.0,6.0,25022,M,0.0,0.0,25
201000011343,10,6,20,2240,3,1,1,1.0,6.0,25345,M,0.0,0.0,25
201000011344,10,8,6,1745,3,1,1,1.0,6.0,25372,M,0.0,0.0,25
201000011345,10,1,20,2300,5,2,1,3.0,6.0,25495,M,4728300.0,611700.0,25
201000011346,10,4,29,1715,1,1,1,1.0,1.0,25560,M,4727000.0,606000.0,25
201000011347,10,5,24,2300,5,1,1,1.0,7.0,25598,M,0.0,0.0,25
201000011348,10,7,1,2300,3,1,1,1.0,6.0,25014,M,0.0,0.0,25
201000011349,10,11,5,2145,5,2,1,1.0,1.0,25495,M,0.0,0.0,25
201000011350,10,12,30,1915,3,1,1,9.0,7.0,25495,M,0.0,0.0,25
201000011351,10,4,2,2045,3,1,1,3.0,6.0,25219,M,4713500.0,636500.0,25
201000011352,10,4,25,1500,1,1,1,1.0,2.0,25453,M,0.0,0.0,25
201000011353,10,5,14,1730,1,1,1,1.0,3.0,25349,M,4716700.0,647300.0,25
201000011354,10,5,21,1800,1,2,1,1.0,1.0,25578,M,4715100.0,634900.0,25
201000011355,10,5,24,1315,1,2,1,1.0,7.0,25610,M,0.0,0.0,25
201000011356,10,5,24,1500,1,2,1,1.0,7.0,25578,M,0.0,0.0,25
201000011357,10,7,2,700,1,1,1,1.0,3.0,25288,M,0.0,0.0,25
201000011358,10,7,6,630,1,2,1,1.0,5.0,25262,M,0.0,0.0,25
201000011359,10,7,11,1845,1,1,1,1.0,3.0,25219,M,0.0,0.0,25
201000011360,10,7,23,1630,1,1,3,8.0,3.0,25262,M,4713500.0,657600.0,25
201000011361,10,8,4,1745,1,1,1,1.0,5.0,25222,M,4716100.0,626800.0,25
201000011362,10,8,28,1930,1,1,1,1.0,1.0,25161,M,4716800.0,660300.0,25
201000011363,10,9,18,1850,1,1,1,1.0,6.0,25039,M,4716400.0,642000.0,25
201000011364,10,12,16,1745,3,1,1,4.0,6.0,25349,M,0.0,0.0,25
201000011365,10,12,18,545,4,1,1,4.0,1.0,25151,M,4716600.0,637800.0,25
201000011366,10,1,1,1600,1,1,1,4.0,6.0,25621,M,4694000.0,600900.0,25
201000011367,10,1,27,1915,3,1,1,4.0,6.0,25157,M,4685400.0,637300.0,25
201000011368,10,4,15,845,1,1,1,1.0,5.0,25029,M,4706400.0,634700.0,25
201000011369,10,5,8,1400,1,2,1,1.0,3.0,25517,M,4702200.0,632400.0,25
201000011370,10,5,15,1900,1,1,1,1.0,1.0,25029,M,0.0,0.0,25
201000011371,10,5,23,1130,1,1,3,1.0,3.0,25442,M,0.0,0.0,25
201000011372,10,5,30,230,3,1,1,3.0,6.0,25122,M,4694500.0,620300.0,25
201000011373,10,10,23,1815,2,1,1,1.0,1.0,25157,M,0.0,0.0,25
201000011374,10,11,9,2000,3,1,9,8.0,2.0,25204,M,4694600.0,634300.0,25
201000011375,10,1,5,1345,1,1,1,9.0,5.0,25318,M,0.0,0.0,25
201000011376,10,5,29,2215,5,2,1,1.0,6.0,25348,M,0.0,0.0,25
201000011377,10,8,26,1530,1,1,1,1.0,1.0,25308,M,0.0,0.0,25
201000011378,10,9,1,530,2,2,1,1.0,6.0,25320,M,0.0,0.0,25
201000011379,10,9,1,2030,2,1,1,1.0,5.0,25514,M,0.0,0.0,25
201000011380,10,10,3,1630,1,1,1,1.0,7.0,25320,M,0.0,0.0,25