Num_Acc,an,mois,jour,hrmn,lum,agg,int,atm,col,com,gps,lat,long,dep
201000011381,10,10,25,1200,1,1,1,2.0,1.0,25308,M,4681800.0,638600.0,25
201000011382,10,10,29,2215,5,1,1,1.0,6.0,25348,M,4676600.0,632700.0,25
201000011383,10,11,5,1600,1,1,1,1.0,1.0,25157,M,4680900.0,636100.0,25
201000011384,10,12,5,1945,3,1,1,4.0,7.0,25307,M,0.0,0.0,25
201000011385,10,12,22,1915,3,1,1,1.0,7.0,25494,M,0.0,0.0,25
201000011386,10,12,24,1430,1,2,1,4.0,3.0,25405,M,4683500.0,634000.0,25
201000011387,10,1,8,1400,1,1,1,4.0,7.0,25321,M,0.0,0.0,25
201000011388,10,3,1,630,1,2,1,1.0,1.0,25411,M,0.0,0.0,25
201000011389,10,3,9,1000,1,1,1,6.0,1.0,25421,M,0.0,0.0,25
201000011390,10,3,12,800,1,1,1,5.0,1.0,25240,M,0.0,0.0,25
201000011391,10,4,18,630,3,1,1,1.0,6.0,25411,M,0.0,0.0,25
201000011392,10,5,5,545,2,1,1,2.0,1.0,25321,M,0.0,0.0,25
201000011393,10,5,18,1430,1,1,1,1.0,1.0,25357,M,0.0,0.0,25
201000011394,10,5,20,945,1,1,1,1.0,7.0,25285,M,4703600.0,650700.0,25
201000011395,10,6,4,1345,1,1,1,1.0,1.0,25285,M,0.0,0.0,25
201000011396,10,6,5,915,1,1,1,1.0,4.0,25160,M,4703500.0,650300.0,25
201000011397,10,6,9,1730,1,1,1,1.0,7.0,25321,M,0.0,0.0,25
201000011398,10,6,19,1715,1,2,1,1.0,6.0,25321,M,4706400.0,667500.0,25
201000011399,10,8,5,2015,3,1,1,2.0,1.0,25321,M,4707000.0,669900.0,25
201000011400,10,8,13,2100,2,1,1,1.0,7.0,25351,M,0.0,0.0,25
201000011401,10,10,2,1545,1,1,1,1.0,7.0,25095,M,0.0,0.0,25
201000011402,10,12,17,1700,3,1,1,1.0,3.0,25074,M,4718500.0,669800.0,25
201000011403,10,2,21,1740,5,2,1,2.0,6.0,04070,M,0.0,0.0,04
201000011404,10,3,8,1800,1,2,1,1.0,7.0,04070,M,,,04
201000011405,10,6,2,1030,1,2,3,1.0,3.0,04070,M,,,04
201000011406,10,6,3,1215,1,1,1,1.0,3.0,04070,M,,,04
201000011407,10,6,7,1744,1,1,1,1.0,1.0,04070,M,,,04
201000011408,10,6,8,720,1,2,1,1.0,1.0,04070,M,,,04
201000011409,10,9,15,1820,2,2,1,1.0,6.0,04070,M,,,04
201000011410,10,9,25,15,5,2,1,8.0,7.0,04070,M,,,04
201000011411,10,9,19,1100,1,2,6,1.0,6.0,04070,M,,,04
201000011412,10,11,5,1650,1,1,1,1.0,1.0,04070,M,,,04
201000011413,10,11,20,2150,3,1,1,1.0,1.0,04070,M,,,04
201000011414,10,12,16,1355,1,1,1,1.0,1.0,04070,M,,,04
201000011415,10,12,26,1810,5,2,1,9.0,6.0,04070,M,,,04
201000011416,10,1,24,1600,1,1,1,1.0,1.0,39306,M,4664200.0,554600.0,39
201000011417,10,3,13,215,3,1,1,9.0,7.0,39348,M,0.0,0.0,39
201000011418,10,6,14,1400,1,1,1,1.0,3.0,39390,M,4660800.0,563300.0,39
201000011419,10,6,22,45,3,1,1,1.0,6.0,39313,M,0.0,0.0,39
201000011420,10,6,24,1700,1,2,1,1.0,3.0,39146,M,0.0,0.0,39
201000011421,10,6,27,1100,1,1,1,1.0,3.0,39109,M,4661600.0,573500.0,39
201000011422,10,12,1,700,2,1,2,4.0,3.0,39458,M,4662000.0,561100.0,39
201000011423,10,12,16,2030,3,1,1,4.0,5.0,39552,M,4664200.0,558600.0,39
201000011424,10,9,9,1215,1,1,1,1.0,6.0,39148,M,0.0,0.0,39
201000011425,10,12,23,2245,5,2,1,2.0,1.0,39092,M,0.0,0.0,39
201000011426,10,1,19,2300,3,1,1,5.0,7.0,39574,M,4672900.0,544500.0,39
201000011427,10,10,12,715,1,2,1,5.0,6.0,39574,M,0.0,0.0,39
201000011428,10,11,7,2000,3,1,1,2.0,3.0,39421,M,4671100.0,558000.0,39
201000011429,10,11,23,2200,3,1,1,1.0,3.0,39471,M,4675700.0,548500.0,39
201000011430,10,3,6,1145,1,1,1,4.0,1.0,39488,M,0.0,0.0,39
201000011431,10,3,31,545,3,1,1,1.0,2.0,39135,M,0.0,0.0,39
201000011432,10,12,18,1930,3,1,1,6.0,4.0,39043,M,4657000.0,542600.0,39
201000011433,10,1,24,1930,3,1,1,2.0,1.0,39543,M,0.0,0.0,39
201000011434,10,6,17,715,2,1,1,8.0,6.0,39437,M,0.0,0.0,39
201000011435,10,7,3,1100,1,1,1,1.0,5.0,39210,M,0.0,0.0,39
201000011436,10,8,18,1645,1,2,6,2.0,3.0,39097,M,0.0,0.0,39
201000011437,10,12,31,2100,3,1,1,1.0,6.0,39153,M,4619700.0,525900.0,39
201000011438,10,5,26,1915,2,2,1,8.0,3.0,39083,M,4682100.0,606000.0,39
201000011439,10,9,3,1500,1,1,1,1.0,5.0,39129,M,4666000.0,594400.0,39
201000011440,10,1,30,1700,2,1,2,8.0,3.0,39355,M,0.0,0.0,39
201000011441,10,4,25,515,3,1,1,1.0,7.0,39013,M,0.0,0.0,39
201000011442,10,5,11,1030,1,2,2,2.0,5.0,39535,M,0.0,0.0,39
201000011443,10,5,19,600,1,1,1,1.0,5.0,39013,M,0.0,0.0,39
201000011444,10,6,9,1645,1,2,1,1.0,1.0,39434,M,0.0,0.0,39
201000011445,10,9,11,1845,1,1,1,1.0,1.0,39263,M,4687700.0,570000.0,39
201000011446,10,9,23,1815,1,1,1,1.0,7.0,39434,M,4684000.0,569500.0,39
201000011447,10,9,26,530,3,1,1,2.0,3.0,39355,M,0.0,0.0,39
201000011448,10,11,3,1800,5,2,1,2.0,6.0,39434,M,4683600.0,571600.0,39
201000011449,10,11,6,1630,1,2,1,1.0,1.0,39319,M,4693600.0,568300.0,39
201000011450,10,11,8,1845,5,2,1,2.0,6.0,39013,M,4691100.0,577000.0,39
201000011451,10,12,14,1015,1,1,9,4.0,1.0,39434,M,0.0,0.0,39
201000011452,10,12,18,2145,3,1,1,6.0,1.0,39013,M,4690500.0,575200.0,39
201000011453,10,2,26,1515,1,2,1,1.0,1.0,39370,M,4697500.0,578600.0,39
201000011454,10,3,20,530,3,1,1,1.0,6.0,39439,M,4699000.0,581900.0,39
201000011455,10,3,26,100,3,1,1,1.0,4.0,39006,M,4696200.0,579100.0,39
201000011456,10,4,10,1815,1,1,1,1.0,7.0,39500,M,4695800.0,588700.0,39
201000011457,10,7,3,930,1,1,1,1.0,6.0,39103,M,4699000.0,585400.0,39
201000011458,10,7,3,1800,1,2,1,1.0,1.0,39399,M,4699800.0,565600.0,39
201000011459,10,7,14,1830,1,1,1,1.0,7.0,39500,M,4696400.0,589400.0,39
201000011460,10,8,10,845,1,1,1,1.0,7.0,39006,M,4697200.0,580000.0,39
201000011461,10,8,22,700,1,1,1,1.0,3.0,39370,M,4698200.0,580400.0,39
201000011462,10,10,2,745,1,2,1,1.0,6.0,39500,M,4693800.0,588200.0,39
201000011463,10,12,19,2045,3,1,1,1.0,6.0,39103,M,4697900.0,584700.0,39
201000011464,10,1,8,1330,1,1,1,9.0,1.0,39099,M,0.0,0.0,39
201000011465,10,2,23,1745,1,2,2,1.0,1.0,39233,M,4709100.0,545500.0,39
201000011466,10,4,25,700,1,1,1,1.0,7.0,39526,M,4703800.0,541000.0,39
201000011467,10,9,10,2145,3,1,1,1.0,6.0,39233,M,0.0,0.0,39
201000011468,10,10,22,1300,1,1,1,1.0,7.0,39501,M,0.0,0.0,39
201000011469,10,10,24,1000,1,1,1,1.0,1.0,39462,M,4712700.0,555200.0,39
201000011470,10,11,8,1915,5,2,1,3.0,2.0,39405,M,0.0,0.0,39
201000011471,10,11,9,1915,2,1,1,1.0,3.0,39476,M,0.0,0.0,39
201000011472,10,11,24,1300,1,2,1,8.0,6.0,39233,M,4708300.0,544200.0,39
201000011473,10,1,9,945,1,1,1,4.0,3.0,39448,M,4699700.0,548500.0,39
201000011474,10,2,9,1430,1,1,1,4.0,1.0,39577,M,4679500.0,546200.0,39
201000011475,10,3,19,1400,1,1,1,1.0,6.0,39037,M,4697600.0,557700.0,39
201000011476,10,4,24,1845,1,1,1,1.0,1.0,39559,M,4707300.0,561900.0,39
201000011477,10,6,6,300,5,2,6,1.0,6.0,39128,M,4697100.0,541400.0,39
201000011478,10,6,13,800,1,1,1,1.0,7.0,39448,M,4699700.0,545200.0,39
201000011479,10,6,29,2200,1,2,1,1.0,6.0,39525,M,4692500.0,551300.0,39
201000011480,10,7,15,100,5,1,1,1.0,6.0,39559,M,4704400.0,563500.0,39
201000011481,10,7,21,915,1,1,1,1.0,4.0,39387,M,0.0,0.0,39
201000011482,10,7,31,1830,1,1,1,7.0,5.0,39365,M,0.0,0.0,39
201000011483,10,8,11,915,1,2,1,1.0,3.0,39128,M,0.0,0.0,39
201000011484,10,8,30,2030,3,1,1,1.0,3.0,39448,M,4701100.0,549700.0,39
201000011485,10,3,22,845,1,2,9,1.0,5.0,39396,M,4715200.0,565800.0,39
201000011486,10,4,3,1245,1,1,2,2.0,3.0,39188,M,4726000.0,556100.0,39
201000011487,10,4,16,2115,3,1,1,1.0,7.0,39361,M,4724500.0,555200.0,39
201000011488,10,7,17,845,1,1,1,2.0,7.0,39188,M,4726700.0,556500.0,39
201000011489,10,8,22,2245,3,1,1,1.0,7.0,39581,M,4724800.0,568100.0,39
201000011490,10,9,19,745,1,1,1,1.0,1.0,39024,M,4714600.0,560300.0,39
201000011491,10,1,2,600,5,2,1,4.0,6.0,39478,M,4638200.0,584800.0,39
201000011492,10,7,18,145,3,1,1,1.0,6.0,39283,M,0.0,0.0,39
201000011493,10,11,14,530,5,2,1,1.0,6.0,39547,M,0.0,0.0,39
201000011494,10,2,9,1645,1,1,1,4.0,1.0,39294,M,0.0,0.0,39
201000011495,10,2,23,1945,5,2,1,2.0,5.0,39368,M,0.0,0.0,39
201000011496,10,3,23,1630,1,2,1,1.0,3.0,39368,M,0.0,0.0,39
201000011497,10,3,25,915,1,1,1,1.0,1.0,39063,M,4659400.0,583500.0,39
201000011498,10,5,4,830,1,2,1,1.0,6.0,39368,M,0.0,0.0,39
201000011499,10,5,29,1830,1,1,1,1.0,5.0,39441,M,0.0,0.0,39
201000011500,10,6,26,215,5,1,1,1.0,6.0,39441,M,4646000.0,606300.0,39
201000011501,10,7,2,1715,1,1,1,1.0,7.0,39441,M,0.0,0.0,39
201000011502,10,7,7,1930,1,1,1,1.0,6.0,39368,M,0.0,0.0,39
201000011503,10,7,10,730,1,1,1,1.0,1.0,39063,M,0.0,0.0,39
201000011504,10,7,21,1245,1,1,9,1.0,3.0,39368,M,0.0,0.0,39
201000011505,10,8,4,1330,1,1,1,1.0,6.0,39131,M,4660100.0,591600.0,39
201000011506,10,8,21,1830,1,1,1,1.0,5.0,39115,M,4651200.0,590100.0,39
201000011507,10,11,3,1915,3,1,1,2.0,1.0,39470,M,0.0,0.0,39
201000011508,10,11,10,1715,2,1,1,3.0,1.0,39371,M,0.0,0.0,39
201000011509,10,12,24,815,1,1,1,4.0,5.0,39368,M,0.0,0.0,39
201000011510,10,2,9,1757,2,1,6,1.0,3.0,04112,M,0.0,0.0,04
201000011511,10,2,10,910,1,2,2,1.0,6.0,04112,M,0.0,0.0,04
201000011512,10,4,15,1600,1,1,8,1.0,3.0,04112,M,0.0,0.0,04
201000011513,10,5,11,1830,1,2,1,1.0,3.0,04112,M,,,04
201000011514,10,5,13,1220,1,2,9,1.0,6.0,04112,M,0.0,0.0,04
201000011515,10,5,17,1600,1,1,2,1.0,3.0,04112,M,,,04
201000011516,10,5,18,1710,1,1,1,1.0,3.0,04112,M,,,04
201000011517,10,5,30,1045,1,1,3,1.0,3.0,04112,M,,,04
201000011518,10,6,27,100,3,1,1,1.0,1.0,04112,M,,,04
201000011519,10,8,3,840,1,2,1,1.0,3.0,04112,M,,,04
201000011520,10,8,22,1845,1,2,9,1.0,2.0,04112,M,,,04
201000011521,10,11,16,1810,5,2,2,1.0,5.0,04112,M,,,04
201000011522,10,12,11,915,1,2,9,7.0,6.0,04112,M,,,04
201000011523,10,1,11,1445,1,1,1,1.0,7.0,70428,M,0.0,0.0,70
201000011524,10,5,30,1630,1,1,1,1.0,4.0,70111,M,0.0,0.0,70
201000011525,10,6,25,1245,1,1,1,1.0,1.0,70019,M,0.0,0.0,70
201000011526,10,6,27,1100,1,1,1,1.0,2.0,70516,M,0.0,0.0,70
201000011527,10,6,30,1730,1,1,1,1.0,7.0,70390,M,0.0,0.0,70
201000011528,10,7,4,1615,1,1,2,7.0,3.0,70019,M,0.0,0.0,70
201000011529,10,9,5,1330,1,1,1,1.0,1.0,70199,M,0.0,0.0,70
201000011530,10,11,13,1445,1,2,1,1.0,3.0,70219,M,0.0,0.0,70
201000011531,10,11,15,1915,3,1,3,2.0,1.0,70433,M,0.0,0.0,70
201000011532,10,12,23,1945,3,1,1,1.0,6.0,70219,M,0.0,0.0,70
201000011533,10,12,24,945,1,1,1,4.0,1.0,70199,M,0.0,0.0,70
201000011534,10,1,24,1500,1,1,5,2.0,3.0,70350,M,0.0,0.0,70
201000011535,10,1,24,2145,3,1,1,2.0,6.0,70415,M,0.0,0.0,70
201000011536,10,6,12,1145,1,1,1,1.0,1.0,70329,M,0.0,0.0,70
201000011537,10,11,22,1830,5,2,1,2.0,6.0,70292,M,0.0,0.0,70
201000011538,10,2,14,1415,1,2,7,1.0,6.0,70232,M,0.0,0.0,70
201000011539,10,2,28,645,2,1,1,6.0,6.0,70278,M,0.0,0.0,70
201000011540,10,3,23,1600,1,1,1,1.0,2.0,70421,M,0.0,0.0,70
201000011541,10,4,25,1345,1,2,1,1.0,1.0,70421,M,0.0,0.0,70
201000011542,10,4,29,1315,1,1,2,1.0,3.0,70386,M,0.0,0.0,70
201000011543,10,5,29,2145,5,2,1,1.0,2.0,70165,M,0.0,0.0,70
201000011544,10,8,4,815,1,2,2,1.0,3.0,70421,M,0.0,0.0,70
201000011545,10,8,31,1845,1,2,1,1.0,2.0,70387,M,0.0,0.0,70
201000011546,10,9,5,1215,1,1,1,1.0,3.0,70486,M,0.0,0.0,70
201000011547,10,9,5,1900,1,1,1,1.0,1.0,70267,M,0.0,0.0,70
201000011548,10,9,30,730,1,1,3,5.0,1.0,70267,M,0.0,0.0,70
201000011549,10,11,25,1645,2,1,1,2.0,3.0,70079,M,0.0,0.0,70
201000011550,10,2,13,1830,3,1,1,8.0,5.0,70407,M,0.0,0.0,70
201000011551,10,4,2,845,1,1,1,1.0,5.0,70431,M,0.0,0.0,70
201000011552,10,5,23,745,1,2,1,1.0,6.0,70383,M,0.0,0.0,70
201000011553,10,6,6,115,3,1,1,1.0,6.0,70085,M,0.0,0.0,70
201000011554,10,8,7,1100,1,1,1,1.0,1.0,70208,M,0.0,0.0,70
201000011555,10,8,23,1315,1,1,1,1.0,3.0,70208,M,0.0,0.0,70
201000011556,10,11,17,1045,1,2,1,1.0,2.0,70447,M,0.0,0.0,70
201000011557,10,2,5,1545,1,2,1,1.0,6.0,70310,M,0.0,0.0,70
201000011558,10,2,25,1330,1,2,3,1.0,3.0,70310,M,0.0,0.0,70
201000011559,10,4,22,1030,1,1,9,1.0,3.0,70310,M,0.0,0.0,70
201000011560,10,5,15,1915,1,1,1,1.0,6.0,70260,M,0.0,0.0,70
201000011561,10,5,22,1545,1,2,3,1.0,3.0,70416,M,0.0,0.0,70
201000011562,10,6,25,1530,1,1,1,1.0,5.0,70416,M,0.0,0.0,70
201000011563,10,7,1,1700,1,2,1,1.0,3.0,70259,M,0.0,0.0,70
201000011564,10,7,23,830,1,2,1,8.0,7.0,70310,M,0.0,0.0,70
201000011565,10,8,4,1515,1,1,1,1.0,1.0,70310,M,0.0,0.0,70
201000011566,10,8,18,1015,1,1,1,2.0,3.0,70262,M,0.0,0.0,70
201000011567,10,8,24,1230,1,1,1,8.0,6.0,70310,M,0.0,0.0,70
201000011568,10,9,2,800,1,2,1,1.0,1.0,70046,M,0.0,0.0,70
201000011569,10,9,7,1915,1,1,1,2.0,1.0,70416,M,0.0,0.0,70
201000011570,10,10,28,830,1,1,1,1.0,3.0,70351,M,0.0,0.0,70
201000011571,10,10,31,1345,1,1,1,2.0,1.0,70455,M,0.0,0.0,70
201000011572,10,12,3,1745,3,1,1,4.0,2.0,70310,M,0.0,0.0,70
201000011573,10,12,22,800,1,2,1,2.0,3.0,70321,M,0.0,0.0,70
201000011574,10,5,13,1115,1,2,1,1.0,6.0,70120,M,0.0,0.0,70
201000011575,10,5,22,1630,1,2,1,1.0,7.0,70319,M,0.0,0.0,70
201000011576,10,5,22,1815,1,2,1,1.0,2.0,70339,M,0.0,0.0,70
201000011577,10,5,22,1600,1,1,1,1.0,6.0,70283,M,0.0,0.0,70
201000011578,10,6,12,1300,1,1,1,1.0,1.0,70414,M,0.0,0.0,70
201000011579,10,6,27,500,2,1,1,1.0,6.0,70063,M,0.0,0.0,70
201000011580,10,6,27,1200,1,1,1,1.0,6.0,70413,M,0.0,0.0,70
201000011581,10,6,30,1630,1,1,1,7.0,7.0,70339,M,0.0,0.0,70
201000011582,10,11,8,1815,5,2,1,2.0,6.0,70248,M,0.0,0.0,70
201000011583,10,12,2,1500,1,1,1,8.0,1.0,70459,M,0.0,0.0,70
201000011584,10,1,8,1345,1,2,1,4.0,1.0,70149,M,0.0,0.0,70
201000011585,10,3,11,1915,3,1,1,8.0,1.0,70064,M,0.0,0.0,70
201000011586,10,5,1,1100,1,2,1,2.0,3.0,70277,M,0.0,0.0,70
201000011587,10,5,5,745,1,1,1,2.0,7.0,70561,M,0.0,0.0,70
201000011588,10,6,27,715,2,1,1,1.0,6.0,70229,M,0.0,0.0,70
201000011589,10,6,25,730,1,1,1,1.0,3.0,70497,M,0.0,0.0,70
201000011590,10,7,10,1245,1,1,3,1.0,4.0,70530,M,0.0,0.0,70
201000011591,10,9,2,1130,1,1,1,1.0,3.0,70562,M,0.0,0.0,70
201000011592,10,9,9,1730,1,1,1,1.0,3.0,70264,M,0.0,0.0,70
201000011593,10,11,29,230,3,1,1,4.0,1.0,70184,M,0.0,0.0,70
201000011594,10,12,5,1630,2,1,1,4.0,5.0,70117,M,4765000.0,676000.0,70
201000011595,10,2,19,845,1,1,1,3.0,1.0,70311,M,0.0,0.0,70
201000011596,10,5,29,1845,1,1,1,1.0,7.0,70094,M,0.0,0.0,70
201000011597,10,6,19,1600,1,2,1,1.0,6.0,70311,M,0.0,0.0,70
201000011598,10,7,17,1030,1,1,1,8.0,1.0,70311,M,0.0,0.0,70
201000011599,10,7,25,1645,1,1,1,1.0,1.0,70176,M,0.0,0.0,70
201000011600,10,8,4,1630,1,1,1,1.0,1.0,70470,M,0.0,0.0,70
201000011601,10,10,25,1830,5,2,9,1.0,3.0,70055,M,0.0,0.0,70
201000011602,10,10,27,1400,1,2,1,1.0,3.0,70311,M,0.0,0.0,70
201000011603,10,12,6,2115,3,1,1,3.0,1.0,70128,M,0.0,0.0,70
201000011604,10,1,1,500,3,2,1,9.0,7.0,70023,M,0.0,0.0,70
201000011605,10,4,28,315,3,1,1,1.0,6.0,70245,M,0.0,0.0,70
201000011606,10,8,22,2000,1,1,1,1.0,7.0,70323,M,0.0,0.0,70
201000011607,10,9,27,2245,5,2,1,8.0,6.0,70467,M,4788800.0,627900.0,70
201000011608,10,10,10,1900,2,2,1,1.0,6.0,70006,M,0.0,0.0,70
201000011609,10,10,13,730,2,2,1,1.0,3.0,70245,M,0.0,0.0,70
201000011610,10,12,31,1745,5,2,1,1.0,1.0,70240,M,0.0,0.0,70
201000011611,10,12,31,1700,2,2,1,1.0,6.0,70026,M,0.0,0.0,70
201000011612,10,2,25,1930,5,2,1,2.0,6.0,70279,M,0.0,0.0,70
201000011613,10,5,10,1900,1,1,1,1.0,4.0,70185,M,0.0,0.0,70
201000011614,10,6,28,1200,1,1,1,1.0,1.0,70331,M,0.0,0.0,70
201000011615,10,7,2,2100,1,2,1,1.0,2.0,70026,M,0.0,0.0,70
201000011616,10,12,2,500,3,1,1,4.0,7.0,70371,M,0.0,0.0,70
201000011617,10,12,19,1545,1,2,1,1.0,5.0,70018,M,0.0,0.0,70
201000011618,10,3,24,1330,1,1,1,1.0,2.0,70340,M,0.0,0.0,70
201000011619,10,4,18,1530,1,1,1,1.0,3.0,70491,M,0.0,0.0,70
201000011620,10,5,22,1130,1,1,9,1.0,3.0,70122,M,0.0,0.0,70
201000011621,10,7,7,1730,1,1,1,7.0,1.0,70409,M,0.0,0.0,70
201000011622,10,7,14,1015,1,1,1,1.0,1.0,70255,M,0.0,0.0,70
201000011623,10,9,2,1045,1,1,1,1.0,3.0,70058,M,0.0,0.0,70
201000011624,10,2,15,130,3,1,1,4.0,7.0,70130,M,0.0,0.0,70
201000011625,10,4,20,1700,1,1,1,1.0,3.0,70101,M,0.0,0.0,70
201000011626,10,5,8,1845,1,1,1,1.0,1.0,70129,M,0.0,0.0,70
201000011627,10,7,9,1200,1,1,1,1.0,3.0,70557,M,0.0,0.0,70
201000011628,10,9,21,1145,1,1,3,1.0,3.0,70533,M,0.0,0.0,70
201000011629,10,10,19,800,2,1,1,8.0,5.0,70366,M,0.0,0.0,70
201000011630,10,10,30,1615,1,1,1,2.0,1.0,70514,M,0.0,0.0,70
201000011631,10,11,27,1745,3,1,1,4.0,1.0,70126,M,0.0,0.0,70
201000011632,10,1,19,2102,3,1,1,5.0,2.0,90036,M,0.0,0.0,90
201000011633,10,2,21,831,3,1,1,1.0,6.0,90012,M,0.0,0.0,90
201000011634,10,3,28,1645,1,1,1,2.0,5.0,90007,M,0.0,0.0,90
201000011635,10,4,8,1530,1,1,1,1.0,5.0,90015,M,0.0,0.0,90
201000011636,10,4,22,2101,3,1,1,1.0,6.0,90104,M,0.0,0.0,90
201000011637,10,6,5,1646,1,2,1,1.0,6.0,90104,M,0.0,0.0,90
201000011638,10,6,10,2345,3,1,1,1.0,1.0,90026,M,0.0,0.0,90
201000011639,10,6,12,945,1,1,1,1.0,1.0,90035,M,0.0,0.0,90
201000011640,10,7,9,1546,1,1,1,1.0,3.0,90094,M,0.0,0.0,90
201000011641,10,9,8,2331,5,2,1,3.0,7.0,90034,M,0.0,0.0,90
201000011642,10,9,22,601,3,1,1,1.0,6.0,90012,M,0.0,0.0,90
201000011643,10,10,25,745,5,2,1,1.0,1.0,90087,M,0.0,0.0,90
201000011644,10,6,16,1545,1,2,1,3.0,1.0,90033,M,0.0,0.0,90
201000011645,10,7,14,1246,1,1,1,1.0,1.0,90030,M,0.0,0.0,90
201000011646,10,8,4,1600,1,2,1,1.0,1.0,90081,M,0.0,0.0,90
201000011647,10,9,7,1430,1,2,1,1.0,7.0,90033,M,0.0,0.0,90
201000011648,10,10,3,1845,1,1,1,1.0,7.0,90081,M,0.0,0.0,90
201000011649,10,6,25,1601,1,1,1,1.0,1.0,90066,M,4774000.0,701600.0,90
201000011650,10,6,29,1046,1,2,1,1.0,6.0,90005,M,4773600.0,677400.0,90
201000011651,10,8,8,1145,1,1,1,1.0,1.0,90041,M,4772400.0,691000.0,90
201000011652,10,8,8,2215,3,1,1,1.0,6.0,90066,M,4770500.0,699300.0,90
201000011653,10,9,28,817,1,2,3,1.0,3.0,90002,M,4770400.0,701600.0,90
201000011654,10,11,10,1246,1,1,1,8.0,5.0,90060,M,0.0,0.0,90
201000011655,10,2,26,901,1,1,1,8.0,7.0,90019,M,0.0,0.0,90
201000011656,10,3,3,1801,2,1,1,1.0,5.0,90017,M,0.0,0.0,90
201000011657,10,11,26,1216,1,1,1,8.0,1.0,90017,M,0.0,0.0,90
201000011658,10,7,4,1000,1,1,1,1.0,6.0,26325,M,0.0,0.0,26
201000011659,10,7,7,130,3,1,1,1.0,6.0,38468,M,4533490.0,481018.0,38
201000011660,10,8,12,1130,1,1,1,1.0,5.0,38131,M,4544780.0,482809.0,38
201000011661,10,8,12,1115,1,1,1,1.0,6.0,26002,M,0.0,0.0,26
201000011662,10,1,20,130,3,1,1,8.0,6.0,26166,M,0.0,0.0,26
201000011663,10,2,16,1315,1,1,1,1.0,2.0,26252,M,0.0,0.0,26
201000011664,10,2,17,700,3,1,1,2.0,1.0,26156,M,0.0,0.0,26
201000011665,10,3,12,1630,1,1,1,1.0,6.0,26271,M,0.0,0.0,26
201000011666,10,3,23,730,1,1,2,1.0,2.0,26252,M,0.0,0.0,26
201000011667,10,3,18,1500,1,1,1,1.0,5.0,26362,M,0.0,0.0,26
201000011668,10,4,6,750,1,1,1,1.0,6.0,26252,M,0.0,0.0,26
201000011669,10,4,20,130,3,1,1,1.0,7.0,26124,M,0.0,0.0,26
201000011670,10,4,29,1115,1,1,1,1.0,3.0,26179,M,0.0,0.0,26
201000011671,10,5,13,1530,1,1,1,1.0,2.0,26362,M,0.0,0.0,26
201000011672,10,5,16,2330,3,1,1,1.0,1.0,26295,M,0.0,0.0,26
201000011673,10,6,5,1900,1,1,1,1.0,6.0,26058,M,0.0,0.0,26
201000011674,10,6,12,1500,1,1,1,1.0,2.0,26362,M,0.0,0.0,26
201000011675,10,7,29,1745,1,1,1,1.0,2.0,26166,M,0.0,0.0,26
201000011676,10,8,1,845,1,1,1,1.0,5.0,26072,M,0.0,0.0,26
201000011677,10,8,12,1145,1,1,1,1.0,2.0,26058,M,0.0,0.0,26
201000011678,10,9,13,230,3,1,1,1.0,2.0,26252,M,0.0,0.0,26
201000011679,10,10,2,1015,1,1,1,1.0,6.0,26124,M,0.0,0.0,26
201000011680,10,11,26,1500,1,1,1,1.0,2.0,26072,M,0.0,0.0,26
201000011681,10,12,18,500,3,1,1,1.0,2.0,26072,M,0.0,0.0,26
201000011682,10,1,13,930,1,1,1,8.0,2.0,26138,M,4441000.0,473000.0,26
201000011683,10,1,15,2215,3,1,1,1.0,4.0,26312,M,0.0,0.0,26
201000011684,10,2,21,730,2,1,1,1.0,6.0,26339,M,4462500.0,479300.0,26
201000011685,10,4,10,130,3,1,1,1.0,4.0,26169,M,4448200.0,476700.0,26
201000011686,10,4,30,730,1,1,1,1.0,7.0,26339,M,4460800.0,479300.0,26
201000011687,10,5,1,1645,1,1,1,1.0,2.0,26324,M,4436400.0,473700.0,26
201000011688,10,5,16,945,1,1,1,2.0,7.0,26353,M,4467600.0,479800.0,26
201000011689,10,5,21,1715,1,1,1,2.0,6.0,26353,M,4467500.0,479800.0,26
201000011690,10,7,12,815,1,1,1,1.0,6.0,26353,M,0.0,0.0,26
201000011691,10,7,29,1645,1,1,1,1.0,6.0,26116,M,4445600.0,475600.0,26
201000011692,10,7,31,230,3,1,1,1.0,5.0,26337,M,0.0,0.0,26
201000011693,10,8,10,1515,1,1,1,1.0,7.0,26005,M,4452000.0,478200.0,26
201000011694,10,8,10,2345,3,1,1,1.0,6.0,26338,M,0.0,0.0,26
201000011695,10,8,21,1615,1,1,1,1.0,2.0,26169,M,4456100.0,481200.0,26
201000011696,10,9,3,2000,1,1,1,1.0,6.0,26116,M,4445100.0,475400.0,26
201000011697,10,9,13,1515,1,1,1,6.0,3.0,26169,M,4448800.0,476800.0,26
201000011698,10,11,7,1730,2,1,1,1.0,6.0,26338,M,4458200.0,480700.0,26
201000011699,10,11,16,1230,1,1,1,1.0,1.0,26166,M,4474000.0,479000.0,26
201000011700,10,11,18,500,3,1,1,2.0,2.0,26005,M,4451600.0,477800.0,26
201000011701,10,9,23,1415,1,1,1,1.0,1.0,13109,M,4352180.0,548289.0,13
201000011702,10,1,4,900,1,1,1,2.0,3.0,13062,M,0.0,0.0,13
201000011703,10,1,23,830,1,2,1,8.0,2.0,13041,M,4344650.0,545846.0,13
201000011704,10,2,9,2330,3,1,1,1.0,6.0,13041,M,4329210.0,544614.0,13
201000011705,10,2,5,1245,1,1,1,1.0,2.0,13060,M,0.0,0.0,13
201000011706,10,3,15,1800,1,2,1,1.0,2.0,13041,M,0.0,0.0,13
201000011707,10,4,3,2300,5,2,1,1.0,3.0,13041,M,4345410.0,547670.0,13
201000011708,10,5,28,1615,1,1,1,1.0,1.0,13041,M,4342930.0,550962.0,13
201000011709,10,6,14,1845,1,1,1,1.0,3.0,13060,M,0.0,0.0,13
201000011710,10,6,29,2100,1,1,1,1.0,1.0,13062,M,0.0,0.0,13
201000011711,10,7,30,1100,1,2,1,1.0,1.0,13041,M,0.0,0.0,13