Num_Acc,an,mois,jour,hrmn,lum,agg,int,atm,col,com,gps,lat,long,dep
201000011712,10,8,8,1700,1,1,1,1.0,3.0,13062,M,4341800.0,551373.0,13
201000011713,10,8,22,1130,1,1,1,1.0,2.0,13041,M,4346760.0,546770.0,13
201000011714,10,8,28,1315,1,2,1,1.0,1.0,13062,M,0.0,0.0,13
201000011715,10,9,12,700,2,1,1,1.0,7.0,13041,M,4346350.0,548672.0,13
201000011716,10,9,14,1830,1,1,1,1.0,2.0,13041,M,4344650.0,551609.0,13
201000011717,10,9,29,230,3,1,1,1.0,1.0,13062,M,0.0,0.0,13
201000011718,10,9,28,1800,1,2,1,1.0,3.0,13062,M,0.0,0.0,13
201000011719,10,10,4,800,2,1,1,1.0,6.0,13060,M,0.0,0.0,13
201000011720,10,10,30,1930,3,1,1,3.0,5.0,13062,M,4342220.0,549183.0,13
201000011721,10,11,2,1715,1,2,1,1.0,1.0,13041,M,0.0,0.0,13
201000011722,10,11,15,1700,2,1,1,2.0,3.0,13041,M,4345490.0,545735.0,13
201000011723,10,11,29,800,2,1,1,9.0,1.0,13062,M,0.0,0.0,13
201000011724,10,12,9,1730,3,1,1,1.0,6.0,13041,M,0.0,0.0,13
201000011725,10,12,22,1900,3,1,1,1.0,6.0,13060,M,0.0,0.0,13
201000011726,10,1,22,30,3,1,1,9.0,6.0,13048,M,4365680.0,562888.0,13
201000011727,10,1,31,215,3,1,1,1.0,5.0,13059,M,4361380.0,549494.0,13
201000011728,10,2,21,1245,1,1,1,1.0,1.0,13048,M,4362180.0,567536.0,13
201000011729,10,5,9,1045,1,1,1,1.0,7.0,13099,M,,,13
201000011730,10,5,25,2145,3,1,1,1.0,7.0,13059,M,4365790.0,549842.0,13
201000011731,10,7,4,1915,1,1,1,1.0,3.0,13059,M,4365940.0,550293.0,13
201000011732,10,7,10,600,2,1,1,1.0,7.0,13099,M,4368620.0,570366.0,13
201000011733,10,7,13,1045,1,2,1,1.0,1.0,13074,M,4364640.0,558388.0,13
201000011734,10,8,23,15,3,1,1,1.0,6.0,13059,M,4364310.0,553966.0,13
201000011735,10,8,28,1,3,1,1,1.0,1.0,13048,M,4363700.0,562155.0,13
201000011736,10,9,14,1715,1,1,1,1.0,3.0,13059,M,4365390.0,549311.0,13
201000011737,10,10,2,615,3,1,1,1.0,1.0,13074,M,4367050.0,573933.0,13
201000011738,10,1,1,115,3,1,1,1.0,1.0,13107,M,,,13
201000011739,10,1,19,830,1,2,1,1.0,6.0,13106,M,0.0,0.0,13
201000011740,10,1,24,1930,5,2,1,2.0,6.0,13106,M,0.0,0.0,13
201000011741,10,2,5,1800,1,2,1,1.0,4.0,13106,M,0.0,0.0,13
201000011742,10,3,7,1100,1,1,1,1.0,2.0,13107,M,,,13
201000011743,10,3,30,745,1,2,1,1.0,6.0,13106,M,,,13
201000011744,10,4,29,2100,3,2,1,1.0,2.0,13106,M,4339000.0,535234.0,13
201000011745,10,6,14,2100,2,2,1,1.0,7.0,13106,M,0.0,0.0,13
201000011746,10,9,14,1900,1,2,1,1.0,3.0,13106,M,0.0,0.0,13
201000011747,10,10,28,2130,3,1,1,1.0,6.0,13107,M,0.0,0.0,13
201000011748,10,10,30,1015,1,1,1,1.0,2.0,13107,M,0.0,0.0,13
201000011749,10,12,11,1130,1,2,1,1.0,1.0,13106,M,4340300.0,536600.0,13
201000011750,10,1,11,2130,3,2,1,1.0,3.0,13015,M,4346670.0,540829.0,13
201000011751,10,1,25,815,1,1,1,8.0,1.0,13015,M,,,13
201000011752,10,2,8,730,1,1,1,1.0,7.0,13015,M,0.0,0.0,13
201000011753,10,3,7,1930,5,2,1,1.0,6.0,13015,M,4343590.0,539713.0,13
201000011754,10,4,4,2230,3,1,1,1.0,6.0,13019,M,4345490.0,531560.0,13
201000011755,10,4,8,1500,1,2,2,1.0,1.0,13015,M,4343620.0,541804.0,13
201000011756,10,4,11,1100,1,2,1,1.0,3.0,13019,M,0.0,0.0,13
201000011757,10,5,8,1815,1,1,1,1.0,7.0,13019,M,4347800.0,535382.0,13
201000011758,10,6,3,1900,1,1,1,1.0,2.0,13019,M,4347600.0,534811.0,13
201000011759,10,6,11,1730,1,1,1,8.0,3.0,13019,M,4341850.0,535795.0,13
201000011760,10,6,13,300,3,1,1,1.0,6.0,13019,M,4347940.0,535608.0,13
201000011761,10,6,24,845,1,1,1,1.0,4.0,13019,M,4346970.0,534266.0,13
201000011762,10,7,3,1400,1,2,1,1.0,1.0,13019,M,0.0,0.0,13
201000011763,10,7,25,1530,1,1,1,1.0,3.0,13019,M,0.0,0.0,13
201000011764,10,7,30,845,1,2,6,1.0,3.0,13015,M,4347830.0,539570.0,13
201000011765,10,9,10,1815,1,1,1,1.0,3.0,13019,M,4345660.0,535428.0,13
201000011766,10,9,24,1930,3,1,1,1.0,1.0,13019,M,4345680.0,538206.0,13
201000011767,10,9,29,1500,1,1,1,1.0,7.0,13019,M,4345820.0,533186.0,13
201000011768,10,9,29,1800,1,1,6,1.0,6.0,13019,M,4347890.0,535455.0,13
201000011769,10,10,4,1530,1,2,1,2.0,3.0,13019,M,,,13
201000011770,10,10,18,800,1,1,3,1.0,3.0,13019,M,,,13
201000011771,10,12,26,1600,1,2,6,1.0,3.0,13015,M,4343500.0,541099.0,13
201000011772,10,1,11,1015,1,2,1,1.0,7.0,13110,M,4344650.0,568627.0,13
201000011773,10,2,11,1230,1,1,1,1.0,3.0,13110,M,4348930.0,562705.0,13
201000011774,10,2,26,1800,1,1,1,7.0,1.0,13110,M,4344910.0,566731.0,13
201000011775,10,3,2,1600,1,1,1,1.0,5.0,13110,M,4346450.0,572454.0,13
201000011776,10,4,15,1945,1,1,1,2.0,3.0,13072,M,4343150.0,562452.0,13
201000011777,10,6,22,1500,1,1,1,1.0,7.0,13079,M,4351570.0,570433.0,13
201000011778,10,7,9,1815,1,1,1,1.0,6.0,13079,M,4350830.0,565038.0,13
201000011779,10,7,18,45,3,1,6,1.0,7.0,13110,M,4346100.0,562860.0,13
201000011780,10,8,15,2245,3,1,1,1.0,7.0,13110,M,4346230.0,565866.0,13
201000011781,10,9,16,2115,3,1,1,2.0,1.0,13110,M,4348310.0,569409.0,13
201000011782,10,9,29,400,3,1,1,1.0,6.0,13110,M,4345960.0,571262.0,13
201000011783,10,1,31,1800,3,1,1,1.0,7.0,13004,M,4367930.0,450842.0,13
201000011784,10,2,28,1745,1,1,1,1.0,3.0,13004,M,4362960.0,474777.0,13
201000011785,10,3,8,1430,1,1,1,1.0,6.0,13004,M,4363100.0,474714.0,13
201000011786,10,3,23,715,2,1,1,5.0,2.0,13004,M,4358360.0,465108.0,13
201000011787,10,4,11,930,1,1,1,1.0,7.0,13004,M,4368300.0,456957.0,13
201000011788,10,4,24,1545,1,1,1,1.0,1.0,13004,M,4358760.0,446106.0,13
201000011789,10,5,29,1645,1,1,1,1.0,7.0,13004,M,4362280.0,474986.0,13
201000011790,10,7,6,1730,1,1,4,1.0,3.0,13004,M,4366250.0,458555.0,13
201000011791,10,9,1,1900,1,1,1,1.0,2.0,13004,M,4366720.0,446854.0,13
201000011792,10,10,6,1430,1,1,1,1.0,2.0,13004,M,4363700.0,473322.0,13
201000011793,10,1,29,1245,1,2,6,1.0,3.0,13066,M,4388490.0,491602.0,13
201000011794,10,1,31,1415,1,2,2,1.0,3.0,13027,M,4388780.0,485206.0,13
201000011795,10,3,2,1915,3,2,2,1.0,3.0,13027,M,4388600.0,486979.0,13
201000011796,10,3,26,1830,2,2,1,1.0,2.0,13027,M,,,13
201000011797,10,4,6,1330,1,1,9,1.0,3.0,13987,M,0.0,0.0,13
201000011798,10,4,25,2045,2,1,1,1.0,3.0,13027,M,0.0,0.0,13
201000011799,10,7,3,1615,1,2,1,1.0,6.0,13027,M,0.0,0.0,13
201000011800,10,7,22,2315,5,2,6,1.0,7.0,13066,M,4387840.0,490246.0,13
201000011801,10,7,28,1815,1,2,1,1.0,3.0,13027,M,4387740.0,483401.0,13
201000011802,10,7,31,300,3,1,1,1.0,6.0,13027,M,0.0,0.0,13
201000011803,10,8,17,600,5,2,1,1.0,3.0,13027,M,0.0,0.0,13
201000011804,10,8,31,15,3,1,1,1.0,6.0,13066,M,4383660.0,489361.0,13
201000011805,10,9,4,1845,1,1,1,1.0,1.0,13066,M,4388630.0,491011.0,13
201000011806,10,9,12,630,3,1,1,1.0,6.0,13066,M,4388620.0,489626.0,13
201000011807,10,10,16,845,1,1,1,1.0,3.0,13027,M,,,13
201000011808,10,11,9,1615,1,1,2,1.0,3.0,13066,M,4384340.0,489498.0,13
201000011809,10,11,24,1300,1,1,1,1.0,6.0,13066,M,0.0,0.0,13
201000011810,10,3,7,1645,1,1,1,4.0,2.0,13004,M,4365310.0,466344.0,13
201000011811,10,1,24,245,5,2,1,1.0,6.0,13097,M,4365080.0,480180.0,13
201000011812,10,2,12,1645,1,2,1,4.0,3.0,13097,M,4365690.0,480095.0,13
201000011813,10,3,11,1345,1,1,1,1.0,5.0,13097,M,4363020.0,480626.0,13
201000011814,10,4,24,1030,1,1,1,1.0,4.0,13097,M,4362970.0,491912.0,13
201000011815,10,6,9,1730,1,2,1,1.0,2.0,13097,M,0.0,0.0,13
201000011816,10,6,12,1715,1,1,1,1.0,6.0,13097,M,4363860.0,493915.0,13
201000011817,10,6,23,745,1,1,1,1.0,3.0,13097,M,4366860.0,489865.0,13
201000011818,10,6,23,1500,1,1,1,1.0,1.0,13097,M,0.0,0.0,13
201000011819,10,6,28,500,2,1,1,1.0,6.0,13097,M,4363920.0,485959.0,13
201000011820,10,7,21,1815,1,1,1,1.0,6.0,13097,M,4352320.0,484041.0,13
201000011821,10,7,29,1345,1,1,1,1.0,7.0,13097,M,0.0,0.0,13
201000011822,10,7,30,100,3,1,1,1.0,3.0,13097,M,4351730.0,484789.0,13
201000011823,10,7,29,1630,1,1,1,1.0,6.0,13097,M,4358870.0,476349.0,13
201000011824,10,8,3,1730,1,1,1,1.0,1.0,13097,M,4367280.0,479767.0,13
201000011825,10,10,13,1930,5,2,1,1.0,1.0,13097,M,0.0,0.0,13
201000011826,10,10,14,1345,1,1,1,1.0,6.0,13097,M,4354820.0,481062.0,13
201000011827,10,12,28,945,1,2,1,1.0,6.0,13097,M,4364200.0,481400.0,13
201000011828,10,1,27,815,1,1,1,8.0,5.0,13100,M,4378510.0,491733.0,13
201000011829,10,2,22,900,1,2,1,8.0,1.0,13100,M,0.0,0.0,13
201000011830,10,3,3,145,3,2,1,1.0,6.0,13094,M,4378230.0,473519.0,13
201000011831,10,3,19,245,3,1,1,1.0,6.0,13100,M,4378460.0,487331.0,13
201000011832,10,3,23,1315,1,2,2,1.0,3.0,13094,M,4378030.0,472056.0,13
201000011833,10,6,18,545,2,2,1,1.0,6.0,13100,M,4380080.0,483283.0,13
201000011834,10,8,30,1930,1,1,1,1.0,6.0,13100,M,4379680.0,483350.0,13
201000011835,10,9,18,530,3,1,1,1.0,6.0,13100,M,0.0,0.0,13
201000011836,10,9,30,2215,3,1,1,1.0,6.0,13094,M,4378610.0,474765.0,13
201000011837,10,10,29,1645,1,1,1,1.0,6.0,13100,M,0.0,0.0,13
201000011838,10,11,5,1215,1,2,1,1.0,2.0,13100,M,0.0,0.0,13
201000011839,10,11,22,815,1,1,3,1.0,3.0,13100,M,0.0,0.0,13
201000011840,10,12,11,1030,1,2,1,1.0,6.0,13100,M,0.0,0.0,13
201000011841,10,6,4,2345,3,1,1,1.0,1.0,13004,M,4357380.0,466561.0,13
201000011842,10,6,25,1415,1,1,1,1.0,7.0,13004,M,0.0,0.0,13
201000011843,10,8,6,2145,3,1,1,1.0,6.0,13004,M,4350490.0,470747.0,13
201000011844,10,8,24,1800,1,1,1,1.0,7.0,13004,M,,,13
201000011845,10,9,19,1600,1,1,1,1.0,7.0,13004,M,4327600.0,574282.0,13
201000011846,10,1,16,1745,3,1,1,8.0,5.0,13030,M,4326900.0,571857.0,13
201000011847,10,2,1,1700,1,1,1,1.0,1.0,13042,M,4327000.0,564614.0,13
201000011848,10,2,7,1430,1,1,1,1.0,3.0,13030,M,4326520.0,574485.0,13
201000011849,10,4,9,1815,1,1,1,7.0,3.0,13042,M,4329710.0,561063.0,13
201000011850,10,6,13,2030,1,1,1,1.0,3.0,13030,M,4326720.0,573753.0,13
201000011851,10,7,20,1145,1,1,1,1.0,1.0,13030,M,4326580.0,566557.0,13
201000011852,10,10,17,1730,1,1,1,1.0,3.0,13030,M,4326770.0,572721.0,13
201000011853,10,3,14,930,1,1,1,1.0,6.0,13022,M,4321900.0,558030.0,13
201000011854,10,5,20,1900,1,1,1,1.0,3.0,13023,M,4323200.0,566040.0,13
201000011855,10,6,13,715,1,1,1,1.0,6.0,13022,M,4323380.0,554366.0,13
201000011856,10,6,12,1215,1,1,1,1.0,3.0,13022,M,4322360.0,558184.0,13
201000011857,10,7,1,1730,1,2,1,1.0,3.0,13023,M,0.0,0.0,13
201000011858,10,8,27,1400,1,1,1,1.0,1.0,13022,M,4322530.0,553182.0,13
201000011859,10,9,10,730,2,1,1,1.0,3.0,13022,M,4322360.0,558182.0,13
201000011860,10,9,24,1100,1,2,1,1.0,6.0,13022,M,,,13
201000011861,10,12,5,1600,1,1,1,2.0,1.0,13022,M,4321490.0,558056.0,13
201000011862,10,1,15,1945,3,1,1,1.0,1.0,13085,M,4325840.0,559125.0,13
201000011863,10,1,29,1815,5,2,1,1.0,3.0,13119,M,0.0,0.0,13
201000011864,10,2,20,900,1,2,1,1.0,5.0,13119,M,4325970.0,557149.0,13
201000011865,10,3,13,1330,1,1,1,1.0,7.0,13085,M,4326650.0,558642.0,13
201000011866,10,8,5,1045,1,2,1,1.0,1.0,13119,M,4324990.0,554887.0,13
201000011867,10,8,9,915,1,2,1,1.0,6.0,13119,M,4325550.0,556541.0,13
201000011868,10,3,16,1445,1,2,1,1.0,1.0,13073,M,0.0,0.0,13
201000011869,10,5,27,730,1,2,1,1.0,3.0,13073,M,4338410.0,555638.0,13
201000011870,10,3,13,1800,1,2,1,1.0,1.0,13016,M,4340010.0,561021.0,13
201000011871,10,4,22,930,1,2,9,1.0,6.0,13031,M,4338850.0,559909.0,13
201000011872,10,5,22,1930,1,1,1,1.0,3.0,13086,M,4333560.0,560118.0,13
201000011873,10,5,23,130,5,1,2,1.0,3.0,13086,M,4333790.0,560144.0,13
201000011874,10,6,16,700,1,2,3,1.0,3.0,13086,M,4331270.0,557762.0,13
201000011875,10,9,21,1400,1,1,1,1.0,2.0,13007,M,4337200.0,566700.0,13
201000011876,10,9,24,830,1,1,1,1.0,2.0,13007,M,4332970.0,565818.0,13
201000011877,10,9,26,1645,1,2,1,7.0,1.0,13086,M,4335240.0,560549.0,13
201000011878,10,1,14,2300,5,1,1,1.0,6.0,13092,M,4355780.0,503176.0,13
201000011879,10,1,23,830,1,2,1,1.0,6.0,13014,M,0.0,0.0,13
201000011880,10,1,25,815,1,1,1,1.0,6.0,13014,M,,,13
201000011881,10,2,6,900,1,1,1,2.0,1.0,13092,M,4353540.0,511505.0,13
201000011882,10,1,31,1845,5,2,1,1.0,1.0,13014,M,,,13
201000011883,10,3,12,1415,1,2,1,1.0,6.0,13014,M,0.0,0.0,13
201000011884,10,3,17,2000,5,2,1,1.0,4.0,13014,M,,,13
201000011885,10,3,23,800,1,2,1,8.0,6.0,13014,M,4348320.0,518006.0,13
201000011886,10,3,29,1230,1,1,1,1.0,1.0,13092,M,4356200.0,504111.0,13
201000011887,10,5,5,1400,1,1,1,1.0,1.0,13092,M,4352640.0,510381.0,13
201000011888,10,6,13,1730,1,2,6,1.0,2.0,13014,M,4348420.0,518175.0,13
201000011889,10,6,20,1630,1,1,1,6.0,6.0,13014,M,0.0,0.0,13
201000011890,10,6,24,1130,1,2,1,1.0,2.0,13014,M,0.0,0.0,13
201000011891,10,7,4,1130,1,1,1,1.0,3.0,13014,M,0.0,0.0,13
201000011892,10,7,28,1500,1,1,1,1.0,3.0,13014,M,4352450.0,514908.0,13
201000011893,10,8,2,1745,1,1,1,2.0,1.0,13014,M,0.0,0.0,13
201000011894,10,8,8,1330,1,1,1,1.0,7.0,13092,M,4353010.0,505424.0,13
201000011895,10,8,28,630,1,1,1,1.0,1.0,13014,M,4352120.0,519848.0,13
201000011896,10,8,28,1900,1,2,1,1.0,7.0,13014,M,0.0,0.0,13
201000011897,10,9,3,845,1,1,1,1.0,2.0,13092,M,4355350.0,507253.0,13
201000011898,10,9,11,930,1,1,1,1.0,3.0,13092,M,4353140.0,510465.0,13
201000011899,10,9,26,1400,1,1,8,1.0,3.0,13014,M,0.0,0.0,13
201000011900,10,11,5,715,1,1,1,1.0,2.0,13014,M,4351070.0,512893.0,13
201000011901,10,11,9,1715,1,1,1,1.0,6.0,13092,M,4353770.0,512033.0,13
201000011902,10,11,20,1645,1,1,1,3.0,5.0,13014,M,0.0,0.0,13
201000011903,10,1,6,2000,3,1,1,1.0,6.0,13053,M,4371430.0,518597.0,13
201000011904,10,5,2,1630,1,2,6,1.0,1.0,13006,M,4369920.0,493864.0,13
201000011905,10,7,2,1100,1,1,1,1.0,1.0,13049,M,4368540.0,509387.0,13
201000011906,10,7,30,1645,1,1,1,1.0,5.0,13035,M,0.0,0.0,13
201000011907,10,8,2,1515,1,1,1,1.0,1.0,13049,M,4371660.0,508953.0,13
201000011908,10,11,5,700,2,1,1,1.0,1.0,13105,M,4371590.0,512058.0,13
201000011909,10,3,22,1845,2,2,1,3.0,1.0,13053,M,4372810.0,516159.0,13
201000011910,10,5,27,1215,1,1,1,1.0,1.0,13053,M,4372670.0,515720.0,13
201000011911,10,7,11,800,1,1,1,1.0,7.0,13053,M,4372090.0,520190.0,13
201000011912,10,9,21,500,3,1,1,1.0,6.0,13115,M,4368590.0,520710.0,13
201000011913,10,10,22,1630,1,1,1,1.0,1.0,13053,M,4371590.0,521645.0,13
201000011914,10,11,5,2045,3,2,6,1.0,6.0,13006,M,4369920.0,493864.0,13
201000011915,10,11,9,800,1,1,1,1.0,3.0,13115,M,4367420.0,518199.0,13
201000011916,10,11,9,1715,1,2,1,1.0,3.0,13053,M,0.0,0.0,13
201000011917,10,1,5,700,3,1,1,5.0,1.0,13018,M,4384640.0,496888.0,13
201000011918,10,3,17,845,3,1,1,1.0,1.0,13076,M,4380540.0,499146.0,13
201000011919,10,5,5,1530,1,1,1,2.0,1.0,13034,M,4356220.0,473634.0,13
201000011920,10,6,3,1515,1,1,1,1.0,4.0,13116,M,0.0,0.0,13
201000011921,10,6,6,1400,1,1,1,1.0,1.0,13089,M,4382190.0,493808.0,13
201000011922,10,6,6,1900,1,1,1,1.0,3.0,13067,M,4377130.0,505720.0,13
201000011923,10,7,17,2015,2,1,1,1.0,1.0,13076,M,0.0,0.0,13
201000011924,10,8,5,1045,2,1,1,1.0,4.0,13067,M,4379630.0,499012.0,13
201000011925,10,8,12,130,3,1,1,1.0,7.0,13034,M,4378630.0,493925.0,13
201000011926,10,8,30,1145,1,2,1,1.0,6.0,13018,M,0.0,0.0,13
201000011927,10,9,9,2100,3,1,2,1.0,1.0,13089,M,4383260.0,498838.0,13
201000011928,10,9,26,2145,3,1,1,1.0,7.0,13018,M,4386220.0,493777.0,13
201000011929,10,10,20,400,3,1,1,1.0,2.0,13076,M,0.0,0.0,13
201000011930,10,11,13,1645,2,1,1,1.0,3.0,13076,M,0.0,0.0,13
201000011931,10,12,3,1700,3,1,2,1.0,5.0,13116,M,4384580.0,493142.0,13
201000011932,10,3,23,645,1,1,1,1.0,1.0,13081,M,,,13
201000011933,10,4,4,1730,1,2,1,1.0,1.0,13081,M,0.0,0.0,13
201000011934,10,4,15,830,1,1,9,1.0,2.0,13081,M,0.0,0.0,13
201000011935,10,5,15,1500,1,1,1,1.0,1.0,13081,M,,,13
201000011936,10,6,1,830,1,2,1,1.0,3.0,13081,M,,,13
201000011937,10,8,18,1900,1,2,1,1.0,1.0,13081,M,0.0,0.0,13
201000011938,10,10,4,2115,5,2,6,1.0,1.0,13081,M,4349160.0,522976.0,13
201000011939,10,10,12,1645,1,2,1,1.0,3.0,13081,M,4349220.0,522974.0,13
201000011940,10,12,8,1015,1,2,2,1.0,3.0,13081,M,4349200.0,523200.0,13
201000011941,10,2,11,45,3,1,1,1.0,6.0,13024,M,4370650.0,523667.0,13
201000011942,10,3,26,1515,1,1,1,1.0,6.0,13082,M,4366370.0,533187.0,13
201000011943,10,7,11,2000,1,2,1,1.0,6.0,13082,M,0.0,0.0,13
201000011944,10,7,24,1815,1,1,3,1.0,1.0,13082,M,4365700.0,536001.0,13
201000011945,10,8,15,1530,1,1,1,1.0,1.0,13082,M,4367570.0,534819.0,13
201000011946,10,8,22,700,2,2,1,1.0,1.0,13091,M,4361890.0,530560.0,13
201000011947,10,9,11,1545,1,1,1,1.0,2.0,13082,M,4371210.0,534830.0,13
201000011948,10,9,24,1830,1,1,1,1.0,1.0,13082,M,4369540.0,534425.0,13
201000011949,10,11,2,1130,1,2,1,1.0,7.0,13084,M,0.0,0.0,13
201000011950,10,12,23,2300,3,1,1,2.0,6.0,13050,M,4365500.0,523300.0,13
201000011951,10,7,15,1715,1,1,1,1.0,1.0,04110,M,0.0,0.0,04
201000011952,10,8,19,1730,1,1,1,1.0,6.0,04097,M,0.0,0.0,04
201000011953,10,9,8,1915,1,2,1,1.0,2.0,04110,M,0.0,0.0,04
201000011954,10,11,4,1045,1,1,1,1.0,6.0,04001,M,0.0,0.0,04
201000011955,10,11,9,1000,1,2,1,1.0,1.0,04001,M,0.0,0.0,04
201000011956,10,12,16,1400,1,1,1,1.0,1.0,04122,M,0.0,0.0,04
201000011957,10,12,26,1445,1,1,1,4.0,2.0,04036,M,0.0,0.0,04
201000011958,10,5,4,200,3,1,1,2.0,6.0,04094,M,0.0,0.0,04
201000011959,10,5,13,2100,2,1,1,1.0,1.0,04230,M,0.0,0.0,04
201000011960,10,8,20,315,3,1,1,2.0,6.0,04230,M,0.0,0.0,04
201000011961,10,11,11,1500,1,1,1,1.0,7.0,04230,M,0.0,0.0,04
201000011962,10,4,10,1400,1,1,1,1.0,5.0,04143,M,4389000.0,591000.0,04
201000011963,10,7,22,915,2,1,1,1.0,1.0,04116,M,4404100.0,599300.0,04
201000011964,10,8,4,1800,1,1,1,1.0,3.0,04106,M,0.0,0.0,04
201000011965,10,8,12,2015,2,1,1,1.0,2.0,04116,M,4404200.0,599600.0,04
201000011966,10,8,20,2315,3,1,1,1.0,3.0,04041,M,4393100.0,596000.0,04
201000011967,10,10,18,2145,3,2,1,1.0,1.0,04149,M,4402600.0,593200.0,04
201000011968,10,10,24,1645,1,2,1,2.0,3.0,04149,M,4404100.0,594900.0,04
201000011969,10,12,16,745,2,1,1,9.0,6.0,04041,M,4394000.0,598100.0,04
201000011970,10,9,12,1215,1,1,1,1.0,7.0,04204,M,0.0,0.0,04
201000011971,10,9,13,1600,1,1,1,1.0,7.0,04028,M,0.0,0.0,04
201000011972,10,9,12,1715,1,1,1,1.0,6.0,04055,M,0.0,0.0,04
201000011973,10,7,11,1215,1,1,1,1.0,1.0,04220,M,0.0,0.0,04
201000011974,10,7,17,1730,1,1,1,1.0,3.0,04086,M,0.0,0.0,04
201000011975,10,7,20,1430,1,1,1,1.0,6.0,04062,M,0.0,0.0,04
201000011976,10,9,4,1430,1,1,1,1.0,7.0,04096,M,0.0,0.0,04
201000011977,10,8,8,500,2,1,1,1.0,7.0,04161,M,0.0,0.0,04
201000011978,10,8,13,1115,1,1,1,1.0,7.0,04198,M,0.0,0.0,04
201000011979,10,8,17,600,2,1,1,1.0,7.0,04205,M,0.0,0.0,04
201000011980,10,8,21,1315,1,1,1,1.0,3.0,04237,M,0.0,0.0,04
201000011981,10,11,26,1215,1,1,1,1.0,6.0,04198,M,0.0,0.0,04
201000011982,10,4,25,1630,1,1,1,1.0,6.0,04039,M,4384600.0,654000.0,04
201000011983,10,6,29,1215,1,1,1,1.0,7.0,04039,M,4387400.0,651200.0,04
201000011984,10,8,14,730,1,1,1,8.0,6.0,04069,M,4388400.0,654800.0,04
201000011985,10,12,16,1230,1,1,1,1.0,1.0,04039,M,4387000.0,649300.0,04
201000011986,10,3,1,1815,1,2,1,1.0,6.0,04032,M,0.0,0.0,04
201000011987,10,4,11,1145,1,1,1,1.0,7.0,04008,M,0.0,0.0,04
201000011988,10,4,5,15,3,2,1,1.0,7.0,04006,M,0.0,0.0,04
201000011989,10,7,30,1830,1,1,1,1.0,6.0,04219,M,0.0,0.0,04
201000011990,10,11,27,1300,1,1,1,4.0,7.0,04219,M,0.0,0.0,04
201000011991,10,6,27,15,3,1,1,1.0,7.0,04157,M,0.0,0.0,04
201000011992,10,6,29,745,1,2,9,1.0,3.0,04166,M,0.0,0.0,04
201000011993,10,7,25,1430,1,1,1,1.0,1.0,04157,M,0.0,0.0,04
201000011994,10,9,16,1100,1,2,1,1.0,7.0,04135,M,0.0,0.0,04
201000011995,10,9,24,1315,1,1,1,1.0,6.0,04144,M,0.0,0.0,04
201000011996,10,2,3,730,2,1,1,1.0,3.0,04242,M,0.0,0.0,04
201000011997,10,3,6,1715,1,1,1,1.0,3.0,04242,M,0.0,0.0,04
201000011998,10,3,17,1545,1,2,1,1.0,2.0,04088,M,0.0,0.0,04
201000011999,10,5,3,1515,1,2,1,1.0,6.0,04045,M,0.0,0.0,04
201000012000,10,5,23,2000,1,1,1,1.0,6.0,04045,M,0.0,0.0,04
201000012001,10,5,30,1400,1,1,1,1.0,7.0,04242,M,0.0,0.0,04
201000012002,10,6,27,145,5,2,1,1.0,6.0,04088,M,0.0,0.0,04
201000012003,10,7,16,1100,1,2,1,1.0,3.0,04088,M,0.0,0.0,04
201000012004,10,7,26,1745,1,1,1,1.0,1.0,04242,M,0.0,0.0,04
201000012005,10,9,26,1600,1,1,1,1.0,3.0,04227,M,0.0,0.0,04
201000012006,10,10,25,715,3,1,1,1.0,6.0,04160,M,0.0,0.0,04
201000012007,10,11,6,1645,1,1,1,1.0,4.0,04242,M,0.0,0.0,04
201000012008,10,11,5,800,1,1,1,1.0,2.0,04242,M,0.0,0.0,04
201000012009,10,11,7,1445,1,1,1,1.0,6.0,04104,M,0.0,0.0,04
201000012010,10,11,30,1445,1,2,1,8.0,6.0,04111,M,0.0,0.0,04
201000012011,10,6,30,30,3,1,1,1.0,7.0,04208,M,0.0,0.0,04
201000012012,10,8,16,1615,1,1,2,1.0,3.0,04018,M,4403400.0,563500.0,04
201000012013,10,11,13,1530,1,1,9,1.0,7.0,04208,M,0.0,0.0,04
201000012014,10,2,12,1715,1,2,1,1.0,3.0,04245,M,0.0,0.0,04
201000012015,10,3,14,1,3,1,1,1.0,1.0,04128,M,0.0,0.0,04
201000012016,10,4,29,1945,1,2,6,1.0,6.0,04197,M,0.0,0.0,04
201000012017,10,4,29,830,3,2,1,1.0,6.0,04197,M,0.0,0.0,04
201000012018,10,5,12,1645,1,2,1,1.0,3.0,04245,M,4388200.0,584600.0,04
201000012019,10,6,25,1000,1,2,1,1.0,3.0,04197,M,0.0,0.0,04
201000012020,10,7,12,1930,1,2,9,1.0,2.0,04197,M,0.0,0.0,04
201000012021,10,8,3,1545,1,2,1,1.0,3.0,04197,M,0.0,0.0,04
201000012022,10,9,8,1745,1,2,1,1.0,3.0,04197,M,0.0,0.0,04
201000012023,10,11,6,1130,1,2,1,1.0,6.0,04197,M,0.0,0.0,04
201000012024,10,11,25,800,1,2,1,1.0,3.0,04152,M,0.0,0.0,04
201000012025,10,1,6,900,1,1,1,8.0,1.0,04079,M,4406600.0,601500.0,04
201000012026,10,1,14,715,2,1,1,1.0,1.0,04079,M,4408300.0,601800.0,04