Num_Acc,an,mois,jour,hrmn,lum,agg,int,atm,col,com,gps,lat,long,dep
201000012693,10,3,22,1730,1,2,1,1.0,3.0,84122,M,0.0,0.0,84
201000012694,10,3,24,2000,3,1,1,1.0,7.0,84122,M,4409900.0,499000.0,84
201000012695,10,4,3,900,1,1,1,1.0,6.0,84122,M,0.0,0.0,84
201000012696,10,5,5,1200,1,1,1,2.0,1.0,84030,M,0.0,0.0,84
201000012697,10,5,30,1030,1,1,1,1.0,4.0,84072,M,4405500.0,515500.0,84
201000012698,10,8,19,1745,1,1,1,1.0,1.0,84072,M,0.0,0.0,84
201000012699,10,8,27,1445,1,1,1,1.0,1.0,84072,M,0.0,0.0,84
201000012700,10,9,26,815,2,1,1,1.0,7.0,84072,M,4403300.0,511900.0,84
201000012701,10,10,19,1715,1,1,2,1.0,3.0,84109,M,0.0,0.0,84
201000012702,10,11,5,2045,5,2,1,1.0,6.0,84122,M,0.0,0.0,84
201000012703,10,12,5,1230,1,2,1,3.0,6.0,84122,M,4409700.0,497500.0,84
201000012704,10,1,22,1230,1,1,3,1.0,5.0,84016,M,0.0,0.0,84
201000012705,10,5,12,1900,1,1,1,1.0,6.0,84016,M,0.0,0.0,84
201000012706,10,7,9,1445,1,2,1,1.0,6.0,84001,M,0.0,0.0,84
201000012707,10,8,19,1715,1,2,1,1.0,2.0,84043,M,0.0,0.0,84
201000012708,10,10,1,1615,1,1,1,1.0,3.0,84016,M,0.0,0.0,84
201000012709,10,1,23,1515,1,1,1,1.0,6.0,84148,M,0.0,0.0,84
201000012710,10,5,22,1315,1,1,1,1.0,7.0,84110,M,0.0,0.0,84
201000012711,10,5,29,1900,1,1,1,1.0,7.0,84070,M,0.0,0.0,84
201000012712,10,5,31,1530,1,1,1,1.0,3.0,84069,M,4418300.0,512800.0,84
201000012713,10,6,6,1930,1,1,1,2.0,6.0,84069,M,4417000.0,519000.0,84
201000012714,10,7,11,1230,1,1,1,1.0,1.0,84069,M,4426500.0,524700.0,84
201000012715,10,7,16,1045,1,1,1,1.0,7.0,84082,M,4405600.0,521100.0,84
201000012716,10,7,22,1945,1,1,1,1.0,6.0,84148,M,4406100.0,523100.0,84
201000012717,10,8,8,2130,2,2,1,1.0,6.0,84069,M,4419600.0,512000.0,84
201000012718,10,8,11,1200,1,1,1,1.0,1.0,84015,M,4418200.0,524200.0,84
201000012719,10,9,12,245,3,1,1,1.0,6.0,84018,M,0.0,0.0,84
201000012720,10,12,10,1215,1,2,1,1.0,3.0,84008,M,4414600.0,509600.0,84
201000012721,10,1,18,815,1,1,1,1.0,2.0,84088,M,4399300.0,501200.0,84
201000012722,10,4,7,1615,1,1,1,2.0,2.0,84142,M,4395700.0,502800.0,84
201000012723,10,6,27,1130,1,1,1,1.0,1.0,84142,M,4397400.0,502100.0,84
201000012724,10,8,10,1130,1,2,3,1.0,6.0,84088,M,0.0,0.0,84
201000012725,10,9,22,1900,3,1,1,1.0,7.0,84088,M,4399100.0,501300.0,84
201000012726,10,10,5,1700,1,2,1,1.0,6.0,84088,M,4399900.0,505800.0,84
201000012727,10,10,16,100,3,1,1,1.0,7.0,84088,M,4402700.0,508700.0,84
201000012728,10,11,10,1330,1,1,1,1.0,3.0,84142,M,4395100.0,503000.0,84
201000012729,10,11,19,1730,3,1,1,1.0,1.0,84088,M,4401400.0,502600.0,84
201000012730,10,12,3,2315,3,1,1,1.0,6.0,84088,M,0.0,0.0,84
201000012731,10,8,4,1915,1,1,2,1.0,5.0,84106,M,4426900.0,490200.0,84
201000012732,10,9,5,330,3,1,1,1.0,7.0,84029,M,4415600.0,485500.0,84
201000012733,10,9,25,330,3,1,1,2.0,7.0,84106,M,0.0,0.0,84
201000012734,10,11,5,1100,1,1,6,1.0,1.0,84127,M,0.0,0.0,84
201000012735,10,11,13,1315,1,1,1,1.0,7.0,84127,M,0.0,0.0,84
201000012736,10,12,28,900,5,2,1,1.0,3.0,84004,M,0.0,0.0,84
201000012737,10,4,18,530,3,1,1,1.0,6.0,84063,M,0.0,0.0,84
201000012738,10,4,26,745,1,2,3,7.0,3.0,84019,M,4428300.0,478300.0,84
201000012739,10,7,18,630,2,2,1,1.0,6.0,84078,M,4424800.0,471200.0,84
201000012740,10,8,4,1015,1,1,1,1.0,6.0,84064,M,4429100.0,468800.0,84
201000012741,10,8,27,2230,5,2,1,1.0,1.0,84019,M,0.0,0.0,84
201000012742,10,8,30,630,2,1,1,1.0,1.0,84064,M,4432200.0,468700.0,84
201000012743,10,9,2,1615,1,1,1,1.0,7.0,84064,M,4428100.0,469900.0,84
201000012744,10,10,11,600,3,1,5,2.0,3.0,84019,M,4427600.0,470300.0,84
201000012745,10,10,12,1845,2,1,1,1.0,6.0,84078,M,0.0,0.0,84
201000012746,10,10,27,730,2,1,9,1.0,3.0,84064,M,4432500.0,470700.0,84
201000012747,10,10,28,1400,1,1,1,1.0,3.0,84019,M,0.0,0.0,84
201000012748,10,11,12,1800,2,1,1,2.0,3.0,84078,M,0.0,0.0,84
201000012749,10,2,22,2300,3,1,1,2.0,7.0,84029,M,0.0,0.0,84
201000012750,10,3,20,715,2,1,1,8.0,6.0,84040,M,0.0,0.0,84
201000012751,10,4,8,1330,1,2,1,1.0,1.0,84104,M,0.0,0.0,84
201000012752,10,4,25,45,3,1,1,8.0,7.0,84098,M,0.0,0.0,84
201000012753,10,5,8,1500,1,2,1,2.0,3.0,84137,M,0.0,0.0,84
201000012754,10,5,8,2345,3,1,1,8.0,1.0,84137,M,0.0,0.0,84
201000012755,10,5,8,2230,3,2,1,8.0,6.0,84106,M,0.0,0.0,84
201000012756,10,5,18,1730,1,1,1,1.0,2.0,84137,M,0.0,0.0,84
201000012757,10,5,21,1630,1,2,9,1.0,6.0,84137,M,0.0,0.0,84
201000012758,10,7,22,1300,1,2,1,1.0,5.0,84149,M,4415600.0,495100.0,84
201000012759,10,8,19,915,1,1,1,1.0,3.0,84126,M,0.0,0.0,84
201000012760,10,9,6,845,1,1,1,1.0,3.0,84126,M,0.0,0.0,84
201000012761,10,9,8,1600,1,1,1,1.0,6.0,84137,M,,,84
201000012762,10,9,22,1530,1,1,1,1.0,3.0,84126,M,0.0,0.0,84
201000012763,10,10,26,1230,1,2,1,1.0,3.0,84040,M,0.0,0.0,84
201000012764,10,11,4,1830,3,1,9,1.0,1.0,84104,M,0.0,0.0,84
201000012765,10,4,1,1445,1,1,1,1.0,6.0,84053,M,4439600.0,495300.0,84
201000012766,10,4,16,1900,1,1,1,1.0,3.0,84138,M,0.0,0.0,84
201000012767,10,4,20,1715,1,2,1,1.0,6.0,84138,M,0.0,0.0,84
201000012768,10,5,10,530,2,1,1,2.0,7.0,84150,M,0.0,0.0,84
201000012769,10,5,11,1945,1,2,6,2.0,3.0,84138,M,0.0,0.0,84
201000012770,10,8,1,1800,1,2,1,1.0,1.0,84138,M,4438100.0,498200.0,84
201000012771,10,8,17,1745,1,1,1,1.0,5.0,84138,M,4440800.0,499000.0,84
201000012772,10,10,25,1700,1,1,1,1.0,1.0,84138,M,0.0,0.0,84
201000012773,10,10,29,2115,3,1,1,1.0,5.0,84138,M,4439500.0,496400.0,84
201000012774,10,11,3,1815,3,1,1,1.0,1.0,84150,M,4431300.0,494800.0,84
201000012775,10,11,6,1400,1,2,1,1.0,6.0,84138,M,4438900.0,498800.0,84
201000012776,10,11,21,700,2,1,1,8.0,6.0,84138,M,4435400.0,495600.0,84
201000012777,10,12,13,1400,1,1,1,1.0,7.0,84150,M,0.0,0.0,84
201000012778,10,3,17,1615,1,2,9,1.0,6.0,34057,M,4363090.0,390579.0,34
201000012779,10,5,20,900,1,1,1,1.0,1.0,34057,M,4364742.0,391016.0,34
201000012780,10,7,31,1350,1,1,1,1.0,6.0,34057,M,4364152.0,389388.0,34
201000012781,10,12,21,1745,2,2,1,2.0,6.0,34057,M,0.0,0.0,34
201000012782,10,2,4,1015,1,2,1,1.0,7.0,34327,M,4365525.0,396316.0,34
201000012783,10,3,5,1945,3,1,1,1.0,2.0,34227,M,4374105.0,405068.0,34
201000012784,10,3,6,1400,1,1,3,1.0,3.0,34327,M,4365897.0,398085.0,34
201000012785,10,4,29,1700,1,1,1,1.0,7.0,34327,M,4367359.0,395653.0,34
201000012786,10,5,5,1430,1,1,1,2.0,7.0,34022,M,4365900.0,402900.0,34
201000012787,10,5,8,2330,3,1,2,1.0,3.0,34227,M,4373241.0,404817.0,34
201000012788,10,5,22,1915,1,1,1,1.0,3.0,34256,M,4370482.0,402508.0,34
201000012789,10,6,18,1800,1,1,1,1.0,7.0,34058,M,4370668.0,395971.0,34
201000012790,10,6,18,1515,1,1,1,1.0,6.0,34058,M,4368600.0,399100.0,34
201000012791,10,6,24,1830,1,1,1,1.0,7.0,34256,M,4369100.0,402799.0,34
201000012792,10,6,24,1130,1,2,1,1.0,6.0,34022,M,4366003.0,402085.0,34
201000012793,10,7,24,300,3,1,1,1.0,7.0,34058,M,4371066.0,394323.0,34
201000012794,10,7,25,200,5,2,1,1.0,6.0,34327,M,4365800.0,395900.0,34
201000012795,10,8,10,1230,1,2,1,1.0,1.0,34022,M,4365611.0,400529.0,34
201000012796,10,8,23,800,1,2,1,1.0,6.0,34022,M,4365879.0,401543.0,34
201000012797,10,9,4,2355,5,1,1,1.0,3.0,34244,M,4366511.0,403896.0,34
201000012798,10,9,5,1130,1,1,1,1.0,3.0,34058,M,4371622.0,395052.0,34
201000012799,10,9,21,2215,3,1,1,1.0,2.0,34244,M,4366764.0,404559.0,34
201000012800,10,9,22,1145,1,1,1,1.0,3.0,34249,M,4372287.0,395417.0,34
201000012801,10,10,13,1615,1,1,1,1.0,5.0,34244,M,4366602.0,404145.0,34
201000012802,10,10,13,1845,1,2,9,1.0,1.0,34058,M,4367414.0,398241.0,34
201000012803,10,11,4,1815,2,1,1,1.0,3.0,34058,M,0.0,0.0,34
201000012804,10,12,6,1500,1,1,1,8.0,5.0,34327,M,0.0,0.0,34
201000012805,10,12,30,1700,3,1,1,2.0,3.0,34058,M,4313800.0,365400.0,34
201000012806,10,2,4,600,2,2,1,1.0,6.0,34274,M,4377287.0,372085.0,34
201000012807,10,1,16,800,3,1,1,1.0,6.0,34042,M,4387929.0,371778.0,34
201000012808,10,2,14,1500,1,2,1,1.0,1.0,34111,M,4393987.0,371350.0,34
201000012809,10,2,28,1845,2,1,1,1.0,7.0,34060,M,0.0,0.0,34
201000012810,10,8,1,1215,1,1,1,1.0,6.0,34171,M,4394213.0,380638.0,34
201000012811,10,8,4,200,5,2,1,1.0,1.0,34067,M,0.0,0.0,34
201000012812,10,5,14,2130,3,1,1,1.0,2.0,34344,M,0.0,0.0,34
201000012813,10,7,11,1330,1,2,1,1.0,1.0,34344,M,4353227.0,408044.0,34
201000012814,10,7,15,445,5,2,1,1.0,6.0,34344,M,0.0,0.0,34
201000012815,10,8,2,2100,5,2,1,1.0,3.0,34344,M,4355995.0,407961.0,34
201000012816,10,9,14,2200,3,1,1,1.0,2.0,34344,M,4356977.0,407477.0,34
201000012817,10,1,3,115,3,1,1,1.0,6.0,34151,M,4365910.0,416482.0,34
201000012818,10,1,30,315,3,1,1,1.0,6.0,34151,M,0.0,0.0,34
201000012819,10,2,21,1,3,1,1,1.0,1.0,34151,M,4361892.0,411584.0,34
201000012820,10,3,7,1530,1,1,6,1.0,7.0,34288,M,0.0,0.0,34
201000012821,10,3,15,1915,3,1,1,1.0,7.0,34033,M,4374940.0,406415.0,34
201000012822,10,3,17,1615,1,2,1,1.0,1.0,34145,M,4368017.0,414506.0,34
201000012823,10,3,21,1230,1,1,1,2.0,3.0,34145,M,4363300.0,413300.0,34
201000012824,10,4,2,1130,1,2,7,1.0,6.0,34145,M,0.0,0.0,34
201000012825,10,4,7,930,1,1,1,2.0,6.0,34033,M,4375113.0,407012.0,34
201000012826,10,4,8,615,5,2,6,8.0,1.0,34145,M,4368297.0,415064.0,34
201000012827,10,5,21,845,1,2,1,1.0,3.0,34145,M,4368951.0,413599.0,34
201000012828,10,5,25,1315,1,2,1,1.0,1.0,34145,M,4367724.0,413589.0,34
201000012829,10,6,11,1900,1,2,1,3.0,6.0,34033,M,4374939.0,406438.0,34
201000012830,10,6,13,500,3,1,1,1.0,6.0,34033,M,4375057.0,406818.0,34
201000012831,10,6,22,2130,2,1,1,1.0,7.0,34296,M,4375086.0,404003.0,34
201000012832,10,7,31,1515,1,1,1,1.0,7.0,34288,M,0.0,0.0,34
201000012833,10,8,29,330,5,1,1,1.0,6.0,34244,M,4366906.0,404800.0,34
201000012834,10,9,2,1630,1,1,1,1.0,2.0,34151,M,4359631.0,410512.0,34
201000012835,10,9,5,345,3,1,1,1.0,1.0,34151,M,4363973.0,413686.0,34
201000012836,10,9,5,300,3,1,1,1.0,7.0,34151,M,4364988.0,418414.0,34
201000012837,10,9,7,1645,1,1,9,2.0,3.0,34145,M,4368100.0,413600.0,34
201000012838,10,9,14,1145,1,1,1,1.0,6.0,34145,M,4365601.0,413664.0,34
201000012839,10,9,19,600,3,1,1,1.0,6.0,34321,M,4366931.0,404833.0,34
201000012840,10,9,28,1015,1,2,1,1.0,1.0,34151,M,4366900.0,417747.0,34
201000012841,10,12,16,1000,1,1,1,1.0,6.0,34145,M,4367900.0,412899.0,34
201000012842,10,12,15,1815,5,2,9,1.0,6.0,34145,M,4367700.0,413699.0,34
201000012843,10,2,5,845,1,1,1,2.0,3.0,34154,M,4361640.0,394659.0,34
201000012844,10,3,27,1630,1,1,2,6.0,3.0,34154,M,4362300.0,395100.0,34
201000012845,10,3,29,1445,1,1,1,1.0,3.0,34154,M,4359530.0,396842.0,34
201000012846,10,4,18,1830,1,1,1,1.0,1.0,34127,M,4363812.0,407874.0,34
201000012847,10,5,14,1130,1,1,2,8.0,3.0,34154,M,4363000.0,404000.0,34
201000012848,10,5,17,830,1,1,1,1.0,2.0,34154,M,4358993.0,394341.0,34
201000012849,10,7,6,1800,1,2,2,1.0,3.0,34240,M,4364607.0,396161.0,34
201000012850,10,9,12,535,2,1,9,1.0,1.0,34154,M,4362300.0,398600.0,34
201000012851,10,10,9,1730,1,2,9,3.0,6.0,34154,M,4361121.0,400537.0,34
201000012852,10,3,29,2115,3,1,1,1.0,6.0,34342,M,4374641.0,376251.0,34
201000012853,10,4,13,1445,1,1,1,1.0,7.0,34060,M,4381353.0,364243.0,34
201000012854,10,11,8,630,3,1,1,1.0,5.0,34185,M,4383900.0,374300.0,34
201000012855,10,12,31,945,1,1,1,1.0,7.0,34185,M,4381600.0,374400.0,34
201000012856,10,3,14,1000,1,1,1,1.0,1.0,34318,M,4380443.0,395403.0,34
201000012857,10,4,12,2045,3,1,1,1.0,7.0,34276,M,4377390.0,387511.0,34
201000012858,10,5,1,1445,1,1,1,1.0,6.0,34242,M,4376883.0,396912.0,34
201000012859,10,7,24,330,3,1,1,1.0,6.0,34322,M,4381117.0,388064.0,34
201000012860,10,8,5,2000,2,1,1,7.0,1.0,34322,M,4378806.0,383400.0,34
201000012861,10,9,16,830,1,1,1,1.0,3.0,34322,M,4379097.0,385021.0,34
201000012862,10,10,7,1930,3,1,1,1.0,4.0,34314,M,4374500.0,386600.0,34
201000012863,10,12,4,1030,1,2,6,1.0,3.0,34276,M,4377400.0,386900.0,34
201000012864,10,12,17,1630,1,1,1,1.0,1.0,34276,M,4375400.0,389700.0,34
201000012865,10,1,6,1445,1,1,1,1.0,7.0,34211,M,4357500.0,298900.0,34
201000012866,10,1,7,730,2,2,9,1.0,3.0,34312,M,0.0,0.0,34
201000012867,10,1,21,1430,1,2,1,1.0,3.0,34038,M,0.0,0.0,34
201000012868,10,1,23,1150,1,1,1,1.0,7.0,34260,M,4367213.0,305170.0,34
201000012869,10,2,23,2115,3,1,1,1.0,6.0,34312,M,4316433.0,364764.0,34
201000012870,10,3,14,1130,1,1,1,1.0,1.0,34096,M,4356317.0,317843.0,34
201000012871,10,4,4,1600,1,1,1,1.0,1.0,34260,M,4366242.0,307569.0,34
201000012872,10,4,5,1800,1,2,9,1.0,1.0,34235,M,4300853.0,436670.0,34
201000012873,10,4,12,1245,1,1,1,1.0,7.0,34119,M,4361162.0,309332.0,34
201000012874,10,4,17,2330,3,1,1,1.0,3.0,34126,M,4358732.0,308131.0,34
201000012875,10,4,22,715,1,2,1,1.0,3.0,34028,M,4362381.0,316005.0,34
201000012876,10,5,17,845,1,1,1,1.0,7.0,34096,M,4358115.0,315705.0,34
201000012877,10,8,15,1745,1,1,1,1.0,2.0,34096,M,4358070.0,316732.0,34
201000012878,10,8,20,1815,1,2,1,1.0,6.0,34260,M,4365379.0,304110.0,34
201000012879,10,8,25,1445,1,1,1,1.0,7.0,34028,M,4360214.0,319676.0,34
201000012880,10,10,29,1730,1,1,1,1.0,7.0,34144,M,0.0,0.0,34
201000012881,10,1,27,25,3,2,1,1.0,6.0,34141,M,4331087.0,264018.0,34
201000012882,10,7,5,2230,3,1,1,1.0,6.0,34161,M,4332580.0,309869.0,34
201000012883,10,9,5,645,2,1,1,1.0,6.0,34052,M,4333681.0,304075.0,34
201000012884,10,3,19,2030,5,2,9,1.0,6.0,34190,M,4329022.0,276413.0,34
201000012885,10,5,15,1915,1,1,1,1.0,3.0,34135,M,4330458.0,315973.0,34
201000012886,10,5,29,1245,1,1,1,1.0,3.0,34183,M,4329516.0,314084.0,34
201000012887,10,6,6,430,3,1,1,1.0,6.0,34141,M,4330951.0,262971.0,34
201000012888,10,7,2,200,3,1,1,1.0,6.0,34097,M,4332800.0,260600.0,34
201000012889,10,7,10,2000,1,1,1,1.0,6.0,34052,M,4332342.0,306668.0,34
201000012890,10,8,28,1415,1,1,1,1.0,6.0,34052,M,4333576.0,304061.0,34
201000012891,10,9,27,700,1,1,1,1.0,2.0,34225,M,4336561.0,308020.0,34
201000012892,10,11,3,1345,1,2,1,1.0,3.0,34052,M,4333300.0,304200.0,34
201000012893,10,3,5,1745,1,1,1,1.0,7.0,34223,M,4344890.0,320971.0,34
201000012894,10,3,18,2030,3,1,1,1.0,7.0,34021,M,4344013.0,287805.0,34
201000012895,10,3,23,1530,1,1,1,1.0,5.0,34069,M,4337947.0,310929.0,34
201000012896,10,3,26,1430,1,2,2,1.0,3.0,34310,M,4342129.0,316351.0,34
201000012897,10,3,27,1345,1,2,2,1.0,3.0,34070,M,0.0,0.0,34
201000012898,10,3,29,2045,3,1,1,1.0,7.0,34084,M,4340219.0,318394.0,34
201000012899,10,4,13,2115,3,2,1,1.0,3.0,34074,M,4344858.0,305256.0,34
201000012900,10,4,15,2345,5,2,1,1.0,6.0,34245,M,4342080.0,295399.0,34
201000012901,10,6,21,930,1,2,1,1.0,1.0,34140,M,4337760.0,317350.0,34
201000012902,10,7,17,1650,1,1,1,1.0,4.0,34130,M,4350285.0,319000.0,34
201000012903,10,7,27,1845,1,1,3,1.0,3.0,34223,M,4343860.0,321652.0,34
201000012904,10,8,2,1100,1,1,1,1.0,7.0,34092,M,0.0,0.0,34
201000012905,10,8,2,1900,1,2,3,1.0,3.0,34074,M,0.0,0.0,34
201000012906,10,10,1,1600,1,1,1,1.0,1.0,34092,M,4338410.0,293652.0,34
201000012907,10,10,6,2000,3,1,1,1.0,4.0,34084,M,4340200.0,319300.0,34
201000012908,10,10,5,1500,1,1,1,1.0,7.0,34084,M,4339358.0,317898.0,34
201000012909,10,10,26,1245,1,1,1,1.0,1.0,34044,M,4353001.0,314401.0,34
201000012910,10,11,16,815,1,1,1,7.0,1.0,34339,M,4340000.0,291500.0,34
201000012911,10,12,3,2130,3,1,1,1.0,2.0,34130,M,4352300.0,318900.0,34
201000012912,10,12,15,1400,1,2,1,7.0,6.0,34069,M,4339600.0,310200.0,34
201000012913,10,12,21,1830,3,1,1,2.0,6.0,34092,M,4334500.0,294900.0,34
201000012914,10,12,31,1430,1,1,1,1.0,7.0,34201,M,4343500.0,297900.0,34
201000012915,10,7,4,1600,1,1,1,1.0,6.0,34189,M,4327511.0,274292.0,34
201000012916,10,9,27,1130,1,1,1,1.0,7.0,34059,M,4334568.0,278913.0,34
201000012917,10,3,13,45,5,2,1,1.0,6.0,34166,M,4339406.0,337155.0,34
201000012918,10,4,6,1918,1,1,1,1.0,6.0,34325,M,4340692.0,336786.0,34
201000012919,10,4,14,1215,1,1,1,1.0,6.0,34056,M,4342200.0,343141.0,34
201000012920,10,4,16,915,1,1,9,1.0,5.0,34162,M,4345795.0,353054.0,34
201000012921,10,5,19,1845,1,1,1,1.0,7.0,34315,M,4351391.0,346283.0,34
201000012922,10,5,21,1630,1,1,1,1.0,1.0,34199,M,4343630.0,341682.0,34
201000012923,10,6,25,1530,1,1,1,1.0,5.0,34182,M,4341096.0,341277.0,34
201000012924,10,7,2,1615,1,1,1,1.0,7.0,34162,M,4348773.0,351621.0,34
201000012925,10,7,7,1330,1,1,1,1.0,1.0,34199,M,4346429.0,341025.0,34
201000012926,10,7,15,1,3,1,1,1.0,6.0,34136,M,4349731.0,342396.0,34
201000012927,10,7,16,2310,3,1,1,1.0,1.0,34162,M,4348735.0,350794.0,34
201000012928,10,8,14,1545,1,1,6,1.0,3.0,34325,M,4341197.0,335646.0,34
201000012929,10,8,18,315,3,1,1,1.0,5.0,34199,M,4342870.0,341389.0,34
201000012930,10,9,5,1630,1,1,1,1.0,6.0,34199,M,4348009.0,339540.0,34
201000012931,10,9,22,1100,1,1,1,1.0,1.0,34056,M,4342345.0,343091.0,34
201000012932,10,10,3,115,3,1,1,1.0,6.0,34162,M,4348700.0,355000.0,34
201000012933,10,10,4,815,1,1,1,2.0,6.0,34289,M,4339120.0,340298.0,34
201000012934,10,11,10,715,2,2,1,1.0,3.0,34162,M,0.0,0.0,34
201000012935,10,12,7,1300,1,1,1,2.0,6.0,34166,M,0.0,0.0,34
201000012936,10,12,11,1430,1,2,1,1.0,2.0,34199,M,0.0,0.0,34
201000012937,10,12,20,1945,3,1,1,1.0,6.0,34162,M,4382100.0,-378400.0,34
201000012938,10,2,12,1400,1,1,1,1.0,6.0,34235,M,4359703.0,295085.0,34
201000012939,10,7,10,1730,1,1,1,1.0,6.0,34284,M,4346963.0,276679.0,34
201000012940,10,7,14,1730,1,1,1,1.0,6.0,34293,M,4358547.0,270317.0,34
201000012941,10,7,25,1330,1,1,1,1.0,6.0,34232,M,4349008.0,302510.0,34
201000012942,10,8,3,330,3,1,1,1.0,7.0,34284,M,4348208.0,375128.0,34
201000012943,10,10,17,1600,1,1,1,1.0,1.0,34284,M,4345365.0,275134.0,34
201000012944,10,1,5,2015,3,1,1,2.0,7.0,34147,M,4345995.0,320677.0,34
201000012945,10,1,10,130,3,1,1,1.0,6.0,34300,M,4339646.0,331253.0,34
201000012946,10,1,13,1645,1,1,1,1.0,7.0,34139,M,4341100.0,323000.0,34
201000012947,10,2,15,1245,1,1,1,1.0,6.0,34237,M,4349754.0,332857.0,34
201000012948,10,2,21,1815,2,1,1,1.0,6.0,34234,M,4353271.0,323002.0,34
201000012949,10,2,25,1515,1,2,1,1.0,6.0,34237,M,4350386.0,331226.0,34
201000012950,10,3,2,830,1,1,1,1.0,1.0,34214,M,4347496.0,326704.0,34
201000012951,10,4,10,1515,1,1,2,1.0,3.0,34224,M,4345307.0,320826.0,34
201000012952,10,4,11,1200,1,2,2,1.0,3.0,34181,M,4353131.0,332976.0,34
201000012953,10,6,15,1015,1,1,1,2.0,6.0,34300,M,4352600.0,325400.0,34
201000012954,10,6,20,915,1,1,1,1.0,6.0,34109,M,,,34
201000012955,10,6,30,1645,1,1,1,1.0,5.0,34224,M,4345130.0,320878.0,34
201000012956,10,7,6,1630,1,1,1,1.0,1.0,34147,M,4351200.0,319900.0,34
201000012957,10,7,14,1940,1,1,1,1.0,6.0,34214,M,4346468.0,326828.0,34
201000012958,10,7,16,1515,1,1,1,1.0,7.0,34214,M,4346800.0,327000.0,34
201000012959,10,7,23,730,2,1,1,1.0,6.0,34237,M,4351267.0,331524.0,34
201000012960,10,7,27,1730,1,1,1,1.0,1.0,34149,M,4348600.0,330500.0,34
201000012961,10,7,31,400,3,1,1,1.0,6.0,34224,M,4347507.0,325371.0,34
201000012962,10,8,1,1630,1,1,1,1.0,7.0,34300,M,4343819.0,329546.0,34
201000012963,10,8,4,1745,1,1,1,1.0,7.0,34300,M,4340524.0,333576.0,34
201000012964,10,7,4,300,3,1,1,1.0,7.0,34300,M,4342100.0,333200.0,34
201000012965,10,9,24,2030,3,2,2,1.0,3.0,34300,M,4342008.0,330674.0,34
201000012966,10,10,11,1830,1,1,1,2.0,7.0,34109,M,4352372.0,325018.0,34
201000012967,10,10,20,745,2,1,1,1.0,2.0,34139,M,4340061.0,322899.0,34
201000012968,10,10,21,230,3,1,1,1.0,6.0,34094,M,4343274.0,325606.0,34
201000012969,10,10,24,1930,3,1,1,2.0,1.0,34094,M,4343765.0,325991.0,34
201000012970,10,11,15,2030,3,1,1,1.0,6.0,34237,M,4351700.0,331200.0,34
201000012971,10,11,18,500,3,1,1,1.0,6.0,34094,M,4342500.0,324300.0,34
201000012972,10,12,3,1630,1,1,1,1.0,6.0,34025,M,4341900.0,326800.0,34
201000012973,10,12,5,1530,1,1,1,1.0,6.0,34300,M,4343700.0,328700.0,34
201000012974,10,12,17,1730,2,2,4,1.0,3.0,34147,M,4347400.0,321800.0,34
201000012975,10,1,22,2230,3,1,9,1.0,6.0,34299,M,4327351.0,328470.0,34
201000012976,10,1,24,1530,1,1,1,2.0,3.0,34329,M,4324760.0,326251.0,34
201000012977,10,2,2,1530,1,2,7,1.0,6.0,34329,M,4326929.0,322302.0,34
201000012978,10,4,26,1910,1,1,1,1.0,1.0,34329,M,4327456.0,323079.0,34
201000012979,10,5,30,1300,2,2,1,1.0,5.0,34299,M,0.0,0.0,34
201000012980,10,6,4,1315,1,1,1,1.0,7.0,34329,M,4329065.0,322047.0,34
201000012981,10,6,8,1100,1,1,1,1.0,7.0,34299,M,4327910.0,329579.0,34
201000012982,10,7,5,1830,1,2,1,1.0,6.0,34299,M,4328257.0,327974.0,34
201000012983,10,7,7,1730,1,1,1,1.0,3.0,34209,M,4331423.0,336268.0,34
201000012984,10,7,8,1815,1,1,1,1.0,1.0,34299,M,4328196.0,328820.0,34
201000012985,10,7,16,1445,1,1,1,1.0,1.0,34329,M,0.0,0.0,34
201000012986,10,8,16,1730,1,1,1,1.0,2.0,34209,M,0.0,0.0,34
201000012987,10,8,23,1645,1,2,1,1.0,1.0,34324,M,4325195.0,329155.0,34
201000012988,10,8,24,1145,1,1,3,7.0,3.0,34209,M,4331331.0,333761.0,34
201000012989,10,9,18,1700,1,2,9,1.0,6.0,34324,M,0.0,0.0,34
201000012990,10,11,26,930,1,2,1,1.0,6.0,34329,M,4327000.0,322400.0,34
201000012991,10,12,1,1800,5,2,1,1.0,1.0,34298,M,0.0,0.0,34
201000012992,10,12,7,700,2,2,1,1.0,1.0,34299,M,0.0,0.0,34
201000012993,10,12,22,915,1,1,2,1.0,3.0,34329,M,0.0,0.0,34
201000012994,10,5,10,2230,3,1,1,1.0,6.0,34220,M,4367760.0,335205.0,34
201000012995,10,6,3,1500,1,2,3,1.0,3.0,34142,M,4373193.0,330495.0,34