Num_Acc,an,mois,jour,hrmn,lum,agg,int,atm,col,com,gps,lat,long,dep
201000012996,10,6,4,2100,2,2,1,1.0,5.0,34142,M,4373233.0,330233.0,34
201000012997,10,6,25,815,1,2,3,1.0,1.0,34142,M,4373323.0,331207.0,34
201000012998,10,12,8,1745,5,2,1,1.0,6.0,34142,M,4373500.0,331700.0,34
201000012999,10,12,21,1745,3,1,1,3.0,7.0,34286,M,4375000.0,343500.0,34
201000013000,10,1,23,1345,1,1,2,1.0,3.0,34013,M,4357468.0,346374.0,34
201000013001,10,3,21,1730,1,1,1,1.0,5.0,34210,M,4359757.0,350103.0,34
201000013002,10,3,30,1745,1,2,1,1.0,3.0,34254,M,4366111.0,346376.0,34
201000013003,10,4,5,1815,1,2,1,1.0,1.0,34079,M,0.0,0.0,34
201000013004,10,4,15,1445,1,2,9,1.0,3.0,34051,M,0.0,0.0,34
201000013005,10,4,23,845,1,1,1,1.0,3.0,34013,M,4357763.0,346291.0,34
201000013006,10,6,2,1100,1,1,1,1.0,2.0,34281,M,4354398.0,354111.0,34
201000013007,10,7,15,1835,1,1,1,1.0,3.0,34194,M,4351948.0,344911.0,34
201000013008,10,7,28,1900,1,2,1,1.0,3.0,34079,M,4363397.0,340898.0,34
201000013009,10,8,6,230,3,1,1,1.0,6.0,34041,M,4362439.0,346877.0,34
201000013010,10,11,9,1345,1,2,1,1.0,6.0,34051,M,0.0,0.0,34
201000013011,10,11,22,830,1,1,1,1.0,1.0,34013,M,4359500.0,345300.0,34
201000013012,10,12,5,1845,3,1,1,1.0,2.0,34076,M,4364900.0,347500.0,34
201000013013,10,12,23,1730,3,2,1,2.0,6.0,34079,M,4362800.0,343400.0,34
201000013014,10,12,31,600,3,2,1,2.0,1.0,34079,M,4363400.0,343900.0,34
201000013015,10,4,15,2245,3,1,1,1.0,7.0,34010,M,4370735.0,355865.0,34
201000013016,10,7,2,1015,1,1,1,1.0,7.0,34016,M,4356000.0,360600.0,34
201000013017,10,7,7,1915,1,2,1,7.0,1.0,34239,M,4365500.0,350100.0,34
201000013018,10,7,8,1015,1,1,1,9.0,6.0,34012,M,4371917.0,368032.0,34
201000013019,10,8,14,615,5,2,1,1.0,6.0,34114,M,4365239.0,355355.0,34
201000013020,10,9,11,1240,1,1,3,1.0,7.0,34016,M,4362451.0,364225.0,34
201000013021,10,1,6,1700,1,1,1,1.0,1.0,34332,M,4328491.0,337233.0,34
201000013022,10,4,2,315,5,2,1,1.0,7.0,34332,M,4329410.0,341737.0,34
201000013023,10,4,2,1445,1,1,1,1.0,1.0,34207,M,4336823.0,352296.0,34
201000013024,10,4,7,745,1,1,2,1.0,3.0,34101,M,4337652.0,348528.0,34
201000013025,10,4,18,615,2,1,1,5.0,3.0,34150,M,4331783.0,354195.0,34
201000013026,10,4,18,1545,1,1,2,1.0,3.0,34332,M,4331480.0,337790.0,34
201000013027,10,4,25,1245,1,2,1,1.0,1.0,34203,M,0.0,0.0,34
201000013028,10,5,14,1845,1,1,1,1.0,6.0,34031,M,4336213.0,338413.0,34
201000013029,10,5,23,1245,1,2,1,1.0,3.0,34332,M,4329749.0,341776.0,34
201000013030,10,5,28,915,1,1,1,1.0,1.0,34031,M,4336391.0,340436.0,34
201000013031,10,7,4,1645,1,1,1,1.0,2.0,34332,M,4331382.0,338751.0,34
201000013032,10,7,16,200,3,1,1,1.0,1.0,34150,M,0.0,0.0,34
201000013033,10,7,30,2045,2,1,1,1.0,1.0,34031,M,0.0,0.0,34
201000013034,10,7,30,2045,2,1,1,1.0,5.0,34031,M,4334868.0,343562.0,34
201000013035,10,8,3,545,3,1,1,1.0,1.0,34101,M,4335325.0,349055.0,34
201000013036,10,8,7,230,3,1,1,1.0,6.0,34031,M,4334738.0,342832.0,34
201000013037,10,8,8,2000,2,1,1,1.0,3.0,34332,M,0.0,0.0,34
201000013038,10,8,13,1515,1,2,6,1.0,3.0,34150,M,4332943.0,353203.0,34
201000013039,10,8,21,730,1,2,1,1.0,3.0,34150,M,4335423.0,353271.0,34
201000013040,10,9,3,145,3,1,1,1.0,6.0,34150,M,4337030.0,352181.0,34
201000013041,10,9,7,1200,1,1,1,1.0,1.0,34150,M,4334797.0,350853.0,34
201000013042,10,10,9,1845,3,1,1,2.0,6.0,34031,M,4334888.0,342036.0,34
201000013043,10,11,3,1900,5,2,1,1.0,3.0,34150,M,4335700.0,352600.0,34
201000013044,10,11,14,1630,1,1,1,1.0,7.0,34101,M,4338200.0,347200.0,34
201000013045,10,11,23,1630,1,2,1,1.0,6.0,34101,M,0.0,0.0,34
201000013046,10,3,20,2115,5,1,1,1.0,1.0,34024,M,4346451.0,369092.0,34
201000013047,10,3,24,1715,1,2,6,1.0,3.0,34087,M,4354962.0,370926.0,34
201000013048,10,3,30,730,2,1,1,2.0,1.0,34023,M,4345628.0,370217.0,34
201000013049,10,9,23,815,2,1,1,1.0,5.0,34023,M,4345600.0,370246.0,34
201000013050,10,9,24,830,1,1,1,2.0,1.0,34165,M,4350976.0,368387.0,34
201000013051,10,9,29,1645,1,1,1,1.0,6.0,34088,M,4354751.0,373601.0,34
201000013052,10,10,18,1830,1,1,1,1.0,7.0,34087,M,4354227.0,371581.0,34
201000013053,10,1,21,1815,2,2,1,1.0,6.0,34157,M,0.0,0.0,34
201000013054,10,1,26,845,1,2,1,1.0,7.0,34157,M,4342841.0,360666.0,34
201000013055,10,3,8,1015,1,1,3,1.0,3.0,34157,M,4344316.0,356980.0,34
201000013056,10,4,2,2330,3,1,1,1.0,2.0,34213,M,4345446.0,365651.0,34
201000013057,10,5,10,1030,1,1,1,1.0,6.0,34213,M,4349893.0,368548.0,34
201000013058,10,7,2,2230,5,1,6,1.0,1.0,34039,M,4345800.0,365400.0,34
201000013059,10,7,8,1200,1,1,1,1.0,3.0,34213,M,4347226.0,368283.0,34
201000013060,10,8,5,45,3,1,1,1.0,1.0,34143,M,4344723.0,362061.0,34
201000013061,10,8,18,445,3,1,1,1.0,6.0,34039,M,4345342.0,365436.0,34
201000013062,10,10,18,830,1,1,6,7.0,3.0,34157,M,4345400.0,359800.0,34
201000013063,10,12,2,830,1,1,1,1.0,1.0,34157,M,4342300.0,359100.0,34
201000013064,10,3,19,1730,1,2,2,1.0,3.0,11339,M,0.0,0.0,11
201000013065,10,3,28,1615,1,1,3,1.0,3.0,11115,M,0.0,0.0,11
201000013066,10,8,15,1545,1,1,1,1.0,7.0,11279,M,0.0,0.0,11
201000013067,10,8,27,2115,2,2,1,1.0,6.0,11410,M,4326000.0,241200.0,11
201000013068,10,9,10,815,1,1,6,7.0,3.0,11429,M,0.0,0.0,11
201000013069,10,11,11,1600,1,2,4,1.0,6.0,11011,M,4330000.0,231400.0,11
201000013070,10,11,16,2245,5,2,1,1.0,6.0,11357,M,0.0,0.0,11
201000013071,10,8,12,145,3,1,1,1.0,7.0,11435,M,0.0,0.0,11
201000013072,10,4,28,1200,1,1,2,1.0,3.0,11190,M,0.0,0.0,11
201000013073,10,6,21,2115,1,1,1,1.0,6.0,11280,M,4329700.0,267700.0,11
201000013074,10,9,12,630,2,1,1,1.0,6.0,11081,M,0.0,0.0,11
201000013075,10,9,14,1315,1,1,1,1.0,1.0,11022,M,0.0,0.0,11
201000013076,10,10,21,1600,1,1,1,1.0,7.0,11280,M,4332000.0,269000.0,11
201000013077,10,11,18,1330,1,2,4,1.0,3.0,11315,M,4328500.0,259300.0,11
201000013078,10,11,29,1745,2,1,1,1.0,7.0,11286,M,0.0,0.0,11
201000013079,10,1,1,700,3,1,1,1.0,6.0,11243,M,0.0,0.0,11
201000013080,10,5,20,1215,1,2,2,1.0,3.0,11430,M,0.0,0.0,11
201000013081,10,7,4,1615,1,1,1,1.0,3.0,11399,M,0.0,0.0,11
201000013082,10,10,11,930,3,1,1,3.0,7.0,11243,M,4335500.0,181700.0,11
201000013083,10,10,20,1800,1,1,2,1.0,3.0,11192,M,0.0,0.0,11
201000013084,10,12,21,1600,1,1,1,1.0,6.0,11225,M,0.0,0.0,11
201000013085,10,1,25,515,3,2,1,1.0,6.0,11434,M,0.0,0.0,11
201000013086,10,2,17,745,1,1,1,1.0,1.0,11009,M,0.0,0.0,11
201000013087,10,5,11,1000,1,2,1,1.0,6.0,11199,M,0.0,0.0,11
201000013088,10,5,18,130,3,1,1,1.0,6.0,11136,M,0.0,0.0,11
201000013089,10,5,27,1045,1,1,2,1.0,3.0,11084,M,0.0,0.0,11
201000013090,10,6,12,1030,1,1,1,1.0,3.0,11084,M,4321600.0,226700.0,11
201000013091,10,7,10,445,3,1,1,1.0,6.0,11254,M,0.0,0.0,11
201000013092,10,7,11,145,5,2,1,1.0,6.0,11418,M,0.0,0.0,11
201000013093,10,7,24,315,3,1,3,1.0,1.0,11018,M,0.0,0.0,11
201000013094,10,7,26,400,5,2,1,2.0,7.0,11009,M,0.0,0.0,11
201000013095,10,8,9,2330,3,1,1,1.0,6.0,11434,M,4326500.0,207100.0,11
201000013096,10,8,20,1615,1,1,2,7.0,3.0,11418,M,0.0,0.0,11
201000013097,10,8,28,1730,1,2,1,1.0,6.0,11199,M,0.0,0.0,11
201000013098,10,8,30,1330,1,2,1,1.0,1.0,11438,M,0.0,0.0,11
201000013099,10,9,19,1830,1,1,2,1.0,3.0,11418,M,0.0,0.0,11
201000013100,10,11,5,1515,1,1,1,1.0,6.0,11018,M,0.0,0.0,11
201000013101,10,11,15,745,1,1,1,1.0,6.0,11254,M,0.0,0.0,11
201000013102,10,11,16,1745,3,1,1,1.0,5.0,11009,M,0.0,0.0,11
201000013103,10,1,5,1230,1,2,1,1.0,6.0,11206,M,0.0,0.0,11
201000013104,10,1,27,1530,1,2,1,1.0,6.0,11206,M,0.0,0.0,11
201000013105,10,2,5,1445,1,1,2,1.0,5.0,11325,M,0.0,0.0,11
201000013106,10,3,4,700,2,2,1,1.0,6.0,11206,M,0.0,0.0,11
201000013107,10,6,30,2300,5,2,1,1.0,6.0,11206,M,0.0,0.0,11
201000013108,10,7,2,1100,1,2,3,1.0,3.0,11206,M,0.0,0.0,11
201000013109,10,8,25,1630,1,1,1,1.0,6.0,11008,M,0.0,0.0,11
201000013110,10,9,5,600,3,1,1,1.0,6.0,11078,M,0.0,0.0,11
201000013111,10,12,10,2345,3,1,1,1.0,6.0,11299,M,0.0,0.0,11
201000013112,10,12,17,530,3,1,1,1.0,7.0,11090,M,4310800.0,225000.0,11
201000013113,10,12,17,800,2,2,1,1.0,6.0,11206,M,0.0,0.0,11
201000013114,10,12,21,1145,1,2,6,1.0,6.0,11206,M,4306600.0,222500.0,11
201000013115,10,1,14,1400,1,1,1,1.0,1.0,11062,M,0.0,0.0,11
201000013116,10,2,15,1630,1,1,1,4.0,6.0,11036,M,0.0,0.0,11
201000013117,10,7,23,1730,1,1,1,1.0,6.0,11028,M,4282800.0,197300.0,11
201000013118,10,8,31,1345,1,1,1,1.0,3.0,11147,M,0.0,0.0,11
201000013119,10,10,3,1100,1,1,1,1.0,6.0,11036,M,4285800.0,210400.0,11
201000013120,10,2,18,1130,1,1,1,1.0,7.0,11316,M,0.0,0.0,11
201000013121,10,5,11,145,3,1,1,5.0,7.0,11333,M,0.0,0.0,11
201000013122,10,6,24,945,1,2,1,1.0,6.0,11197,M,0.0,0.0,11
201000013123,10,12,21,545,3,1,1,1.0,7.0,11197,M,0.0,0.0,11
201000013124,10,3,16,2115,3,1,1,1.0,6.0,11103,M,0.0,0.0,11
201000013125,10,3,27,1830,2,1,1,1.0,7.0,11177,M,0.0,0.0,11
201000013126,10,5,21,1645,1,1,1,1.0,1.0,11310,M,0.0,0.0,11
201000013127,10,6,5,1045,1,1,1,1.0,7.0,11321,M,0.0,0.0,11
201000013128,10,6,13,330,3,1,1,1.0,6.0,11021,M,0.0,0.0,11
201000013129,10,7,22,1545,1,2,1,1.0,3.0,11304,M,0.0,0.0,11
201000013130,10,8,25,800,1,2,1,1.0,6.0,11103,M,0.0,0.0,11
201000013131,10,10,4,1945,5,2,1,1.0,1.0,11035,M,0.0,0.0,11
201000013132,10,10,6,1900,1,1,2,1.0,3.0,11063,M,0.0,0.0,11
201000013133,10,2,8,815,1,1,1,1.0,6.0,11421,M,4322300.0,286400.0,11
201000013134,10,2,26,1945,3,1,1,1.0,6.0,11262,M,4316800.0,301200.0,11
201000013135,10,4,19,1730,1,1,1,1.0,4.0,11255,M,4319000.0,293000.0,11
201000013136,10,6,16,2215,3,1,1,1.0,6.0,11262,M,4314600.0,302600.0,11
201000013137,10,6,25,900,1,1,1,1.0,5.0,11264,M,4321100.0,288500.0,11
201000013138,10,8,13,1700,1,1,1,1.0,2.0,11255,M,4319000.0,291900.0,11
201000013139,10,9,11,2345,3,1,1,1.0,7.0,11262,M,0.0,0.0,11
201000013140,10,9,26,1600,1,1,1,6.0,2.0,11262,M,0.0,0.0,11
201000013141,10,9,29,845,1,1,1,1.0,1.0,11258,M,0.0,0.0,11
201000013142,10,10,9,730,2,1,1,1.0,7.0,11262,M,0.0,0.0,11
201000013143,10,11,18,1830,3,1,1,1.0,1.0,11258,M,4322200.0,293000.0,11
201000013144,10,11,21,1830,3,1,1,1.0,6.0,11262,M,0.0,0.0,11
201000013145,10,2,7,315,5,2,1,1.0,6.0,11910,M,0.0,0.0,11
201000013146,10,3,2,1600,1,1,1,1.0,1.0,11441,M,0.0,0.0,11
201000013147,10,4,15,930,1,2,1,1.0,6.0,11170,M,0.0,0.0,11
201000013148,10,5,16,830,1,1,1,1.0,1.0,11106,M,0.0,0.0,11
201000013149,10,5,23,230,3,1,1,1.0,5.0,11170,M,4314300.0,313900.0,11
201000013150,10,6,15,2145,5,2,1,1.0,6.0,11106,M,4323900.0,305500.0,11
201000013151,10,7,22,215,5,2,1,1.0,6.0,11170,M,0.0,0.0,11
201000013152,10,8,10,1545,1,1,1,1.0,5.0,11014,M,0.0,0.0,11
201000013153,10,8,14,1415,1,2,1,1.0,5.0,11116,M,0.0,0.0,11
201000013154,10,10,1,1215,1,1,2,1.0,1.0,11170,M,0.0,0.0,11
201000013155,10,10,3,1645,1,1,1,1.0,5.0,11910,M,0.0,0.0,11
201000013156,10,10,10,600,3,1,1,2.0,6.0,11116,M,0.0,0.0,11
201000013157,10,10,28,1730,2,1,1,1.0,7.0,11262,M,0.0,0.0,11
201000013158,10,5,16,1730,1,1,1,1.0,6.0,11436,M,0.0,0.0,11
201000013159,10,10,3,1130,1,1,1,7.0,7.0,11351,M,0.0,0.0,11
201000013160,10,2,22,1930,3,1,1,1.0,2.0,11041,M,4330600.0,287000.0,11
201000013161,10,4,11,1815,1,2,2,1.0,6.0,11233,M,0.0,0.0,11
201000013162,10,10,1,1730,1,2,1,1.0,3.0,11353,M,0.0,0.0,11
201000013163,10,11,8,1045,1,1,1,1.0,5.0,11296,M,0.0,0.0,11
201000013164,10,11,16,845,1,2,1,1.0,6.0,11269,M,0.0,0.0,11
201000013165,10,12,15,1145,1,1,1,1.0,3.0,11012,M,0.0,0.0,11
201000013166,10,4,22,2000,2,2,1,1.0,3.0,11203,M,4319900.0,275900.0,11
201000013167,10,4,24,1445,1,1,1,1.0,6.0,11132,M,4311900.0,270800.0,11
201000013168,10,7,5,1,3,1,1,1.0,1.0,11041,M,4330000.0,286900.0,11
201000013169,10,7,19,1630,1,2,1,1.0,6.0,11203,M,4320400.0,276500.0,11
201000013170,10,7,24,1200,1,2,1,1.0,6.0,11203,M,0.0,0.0,11
201000013171,10,8,4,2215,3,1,9,1.0,3.0,11210,M,4318600.0,278300.0,11
201000013172,10,8,6,1030,1,1,1,1.0,7.0,11140,M,0.0,0.0,11
201000013173,10,8,28,30,5,2,1,1.0,6.0,11353,M,4324700.0,292400.0,11
201000013174,10,9,7,1815,1,2,1,1.0,3.0,11203,M,4320200.0,277700.0,11
201000013175,10,10,21,1830,2,1,1,1.0,2.0,11172,M,4327000.0,271900.0,11
201000013176,10,3,4,645,1,1,1,1.0,1.0,11266,M,4298400.0,302000.0,11
201000013177,10,3,11,230,5,2,1,1.0,3.0,11379,M,4303100.0,298800.0,11
201000013178,10,5,25,1545,1,2,1,1.0,6.0,11379,M,4303400.0,297800.0,11
201000013179,10,1,6,230,5,2,6,1.0,6.0,30133,M,4352227.0,413841.0,30
201000013180,10,5,10,545,2,1,6,1.0,7.0,30003,M,4357236.0,417448.0,30
201000013181,10,6,13,1145,1,2,1,1.0,6.0,30133,M,4354102.0,413555.0,30
201000013182,10,6,13,1400,1,2,1,1.0,6.0,30133,M,4353857.0,413747.0,30
201000013183,10,6,29,2030,1,1,1,1.0,6.0,30003,M,0.0,0.0,30
201000013184,10,7,2,1930,1,1,1,1.0,2.0,30003,M,0.0,0.0,30
201000013185,10,7,14,2030,1,1,1,1.0,1.0,30133,M,0.0,0.0,30
201000013186,10,7,22,1845,1,1,1,1.0,6.0,30003,M,4356295.0,413485.0,30
201000013187,10,8,3,2030,2,1,6,1.0,6.0,30003,M,4356586.0,412398.0,30
201000013188,10,10,20,930,1,2,1,1.0,1.0,30133,M,0.0,0.0,30
201000013189,10,11,23,1000,1,1,1,1.0,2.0,30003,M,4356182.0,415735.0,30
201000013190,10,11,17,1215,1,1,1,1.0,7.0,30276,M,4359270.0,419610.0,30
201000013191,10,12,10,1630,1,2,6,1.0,6.0,30003,M,0.0,0.0,30
201000013192,10,4,2,800,1,1,1,1.0,6.0,30245,M,4385655.0,418698.0,30
201000013193,10,4,3,1430,1,1,1,1.0,6.0,30062,M,4378077.0,419807.0,30
201000013194,10,4,12,2030,3,1,1,2.0,3.0,30114,M,4382518.0,409553.0,30
201000013195,10,4,24,130,3,1,1,1.0,1.0,30062,M,4379024.0,420159.0,30
201000013196,10,6,5,1845,1,1,1,1.0,3.0,30062,M,4377599.0,418060.0,30
201000013197,10,6,21,1515,1,1,3,1.0,1.0,30082,M,0.0,0.0,30
201000013198,10,6,26,2030,1,2,1,1.0,3.0,30321,M,4378210.0,408053.0,30
201000013199,10,7,30,230,3,1,1,1.0,6.0,30082,M,4381899.0,423245.0,30
201000013200,10,8,14,2330,3,1,1,1.0,6.0,30324,M,4382094.0,414058.0,30
201000013201,10,8,22,345,3,1,1,1.0,7.0,30249,M,4379958.0,421423.0,30
201000013202,10,10,24,230,5,2,6,1.0,7.0,30352,M,4379085.0,409049.0,30
201000013203,10,12,1,530,3,1,1,2.0,6.0,30321,M,4377404.0,408628.0,30
201000013204,10,12,6,1730,3,2,3,8.0,3.0,30091,M,4377408.0,416225.0,30
201000013205,10,12,11,600,5,2,1,1.0,7.0,30249,M,4380633.0,423137.0,30
201000013206,10,12,14,1745,3,1,1,1.0,3.0,30075,M,4385285.0,426850.0,30
201000013207,10,3,26,700,2,1,1,3.0,1.0,30156,M,4388261.0,443824.0,30
201000013208,10,5,1,815,1,2,1,1.0,6.0,30257,M,4387679.0,447221.0,30
201000013209,10,6,1,800,1,2,1,1.0,3.0,30156,M,4386521.0,443838.0,30
201000013210,10,7,11,445,5,1,1,1.0,7.0,30155,M,4382962.0,446143.0,30
201000013211,10,7,15,1845,1,1,1,1.0,6.0,30156,M,4387484.0,444331.0,30
201000013212,10,8,6,1900,1,1,4,7.0,1.0,30155,M,4382175.0,445640.0,30
201000013213,10,9,15,1630,1,1,1,1.0,1.0,30155,M,4379724.0,449082.0,30
201000013214,10,11,29,1900,3,1,1,1.0,3.0,30211,M,4382606.0,449678.0,30
201000013215,10,12,5,545,3,1,1,1.0,7.0,30155,M,4380174.0,451362.0,30
201000013216,10,5,19,2000,1,1,1,6.0,3.0,30258,M,4368066.0,442972.0,30
201000013217,10,6,6,415,3,1,1,1.0,6.0,30258,M,4366973.0,439159.0,30
201000013218,10,6,19,1545,1,1,1,1.0,1.0,30258,M,4373232.0,441063.0,30
201000013219,10,7,3,1030,1,2,1,1.0,6.0,30258,M,4368296.0,444031.0,30
201000013220,10,7,9,2115,5,2,1,1.0,6.0,30258,M,0.0,0.0,30
201000013221,10,11,25,1700,1,2,1,1.0,1.0,30128,M,0.0,0.0,30
201000013222,10,11,26,800,1,2,1,1.0,6.0,30258,M,4368461.0,443995.0,30
201000013223,10,1,6,1845,3,1,1,1.0,3.0,30341,M,4370539.0,426036.0,30
201000013224,10,1,24,1200,1,2,1,1.0,7.0,30341,M,4369885.0,427311.0,30
201000013225,10,1,28,1530,1,1,1,1.0,1.0,30347,M,4374744.0,425539.0,30
201000013226,10,2,20,530,3,1,1,1.0,1.0,30020,M,4376239.0,431660.0,30
201000013227,10,3,3,715,2,2,7,3.0,6.0,30123,M,4383272.0,443132.0,30
201000013228,10,3,23,1445,1,1,9,1.0,3.0,30020,M,4375457.0,430924.0,30
201000013229,10,3,27,1845,1,1,1,1.0,1.0,30006,M,4368834.0,418342.0,30
201000013230,10,3,26,1015,1,1,1,1.0,2.0,30333,M,4373927.0,428668.0,30
201000013231,10,3,29,1030,1,2,1,1.0,6.0,30341,M,4368903.0,427434.0,30
201000013232,10,5,20,1115,1,2,1,1.0,6.0,30004,M,0.0,0.0,30
201000013233,10,5,25,2245,3,1,1,1.0,7.0,30341,M,0.0,0.0,30
201000013234,10,6,2,830,1,2,1,1.0,6.0,30020,M,4375778.0,431354.0,30
201000013235,10,6,18,2100,3,1,6,8.0,3.0,30083,M,4370704.0,419306.0,30
201000013236,10,6,22,1530,1,1,1,7.0,6.0,30033,M,4365746.0,435115.0,30
201000013237,10,6,30,1515,1,1,1,1.0,1.0,30347,M,4374662.0,425930.0,30
201000013238,10,6,30,1030,1,1,6,1.0,3.0,30344,M,4372166.0,422591.0,30
201000013239,10,7,1,1015,1,1,1,1.0,3.0,30169,M,4378340.0,429876.0,30
201000013240,10,7,30,2030,1,1,1,1.0,6.0,30341,M,0.0,0.0,30
201000013241,10,8,7,1615,1,1,1,1.0,1.0,30036,M,4377240.0,428294.0,30
201000013242,10,8,9,115,3,1,1,1.0,7.0,30341,M,4360295.0,433781.0,30
201000013243,10,8,22,700,1,1,1,1.0,6.0,30006,M,4365077.0,419961.0,30
201000013244,10,8,29,1615,1,1,1,1.0,7.0,30341,M,4355166.0,433455.0,30
201000013245,10,9,4,2030,2,1,1,8.0,1.0,30333,M,4375222.0,427153.0,30
201000013246,10,9,16,1230,1,1,1,1.0,1.0,30169,M,4379274.0,431918.0,30
201000013247,10,10,2,1000,1,2,1,1.0,3.0,30033,M,0.0,0.0,30
201000013248,10,11,12,1800,3,1,1,1.0,1.0,30083,M,4372384.0,421339.0,30
201000013249,10,11,12,2230,3,1,1,1.0,6.0,30020,M,4374886.0,430369.0,30
201000013250,10,11,12,1030,1,1,1,1.0,2.0,30344,M,4372101.0,425861.0,30
201000013251,10,11,14,845,3,1,1,1.0,1.0,30169,M,4378388.0,431262.0,30
201000013252,10,11,19,2015,5,2,1,1.0,1.0,30344,M,0.0,0.0,30
201000013253,10,12,3,1915,3,1,1,1.0,1.0,30169,M,4396169.0,431219.0,30
201000013254,10,12,18,1700,1,2,4,7.0,1.0,30341,M,4369517.0,427532.0,30
201000013255,10,1,7,1700,1,2,1,1.0,3.0,30214,M,4404065.0,409997.0,30
201000013256,10,1,18,1800,2,1,1,8.0,1.0,30010,M,4403967.0,398816.0,30
201000013257,10,1,22,1430,1,1,1,1.0,3.0,30042,M,4404841.0,403206.0,30
201000013258,10,2,6,1215,1,1,1,1.0,1.0,30027,M,4405551.0,406088.0,30
201000013259,10,2,15,1900,3,1,1,1.0,5.0,30010,M,4405950.0,397936.0,30
201000013260,10,3,7,1200,1,2,1,1.0,1.0,30269,M,0.0,0.0,30
201000013261,10,3,23,1145,1,1,1,1.0,3.0,30027,M,4405771.0,406297.0,30
201000013262,10,4,12,1230,1,1,1,1.0,6.0,30010,M,4407022.0,396938.0,30
201000013263,10,5,20,1730,1,1,1,1.0,1.0,30042,M,4405689.0,400692.0,30
201000013264,10,5,22,1800,1,1,9,1.0,6.0,30269,M,4411658.0,386184.0,30
201000013265,10,6,9,1100,1,1,1,1.0,5.0,30027,M,4406734.0,403359.0,30
201000013266,10,6,10,1745,1,1,1,2.0,1.0,30042,M,4406366.0,402269.0,30
201000013267,10,6,26,1745,1,1,1,1.0,1.0,30129,M,4406862.0,397981.0,30
201000013268,10,7,5,1445,1,1,1,1.0,5.0,30214,M,4403110.0,411114.0,30
201000013269,10,7,18,700,2,1,1,1.0,6.0,30010,M,4405717.0,400101.0,30
201000013270,10,8,26,1700,1,1,1,1.0,5.0,30094,M,4407400.0,396443.0,30
201000013271,10,9,1,1130,1,2,1,1.0,6.0,30010,M,4405355.0,398526.0,30
201000013272,10,9,20,830,2,1,1,7.0,5.0,30094,M,4407422.0,396413.0,30
201000013273,10,9,26,1315,1,1,1,1.0,6.0,30269,M,4410700.0,388493.0,30
201000013274,10,11,11,1630,1,1,1,8.0,7.0,30298,M,4409839.0,399815.0,30
201000013275,10,12,3,215,3,1,1,1.0,6.0,30269,M,4410636.0,388650.0,30
201000013276,10,2,10,1630,1,2,1,1.0,5.0,30132,M,4420878.0,402777.0,30
201000013277,10,2,15,1715,1,2,1,1.0,1.0,30132,M,4421478.0,403132.0,30
201000013278,10,3,20,2045,5,2,9,1.0,6.0,30203,M,4427032.0,402018.0,30
201000013279,10,5,4,1315,1,1,1,2.0,3.0,30142,M,4423580.0,405511.0,30
201000013280,10,5,15,1700,1,2,1,1.0,6.0,30132,M,4421668.0,402085.0,30
201000013281,10,8,20,1030,1,2,1,1.0,3.0,30253,M,0.0,0.0,30
201000013282,10,11,22,1045,1,2,1,1.0,6.0,30159,M,0.0,0.0,30
201000013283,10,2,6,300,3,1,1,1.0,6.0,30055,M,4411759.0,424370.0,30
201000013284,10,5,26,1830,1,2,1,1.0,6.0,30274,M,4417177.0,410560.0,30
201000013285,10,6,2,1530,1,2,1,1.0,1.0,30294,M,4414760.0,411679.0,30
201000013286,10,6,18,1530,1,2,1,1.0,5.0,30294,M,0.0,0.0,30
201000013287,10,6,20,1145,1,1,1,1.0,6.0,30291,M,4414629.0,394333.0,30
201000013288,10,6,30,1230,1,1,1,1.0,1.0,30077,M,4415584.0,405650.0,30
201000013289,10,7,6,1400,1,1,1,1.0,1.0,30270,M,4411654.0,405290.0,30
201000013290,10,8,24,2000,2,1,1,1.0,7.0,30284,M,4417972.0,408112.0,30
201000013291,10,9,17,1345,1,1,1,1.0,1.0,30223,M,4418243.0,418333.0,30
201000013292,10,9,19,1745,1,1,3,1.0,3.0,30294,M,4415301.0,410644.0,30
201000013293,10,11,25,1745,3,1,1,2.0,1.0,30284,M,4415722.0,409349.0,30
201000013294,10,12,8,1415,1,1,1,1.0,1.0,30305,M,4416717.0,416716.0,30
201000013295,10,12,19,245,3,1,1,1.0,6.0,30223,M,4421271.0,414865.0,30
201000013296,10,12,29,2030,3,1,1,2.0,6.0,30348,M,4403291.0,414696.0,30
201000013297,10,1,30,500,3,2,1,1.0,7.0,30348,M,4406397.0,412158.0,30
201000013298,10,2,7,1700,1,1,1,1.0,7.0,30147,M,4402222.0,403978.0,30
201000013299,10,2,14,345,3,1,1,1.0,7.0,30101,M,4408242.0,414712.0,30
201000013300,10,3,14,600,3,1,1,1.0,6.0,30002,M,4396400.0,409818.0,30
201000013301,10,3,19,415,5,2,1,1.0,6.0,30147,M,4401250.0,405278.0,30
201000013302,10,4,24,1600,1,2,1,1.0,3.0,30259,M,4410754.0,411904.0,30
201000013303,10,4,24,1415,1,1,2,1.0,3.0,30285,M,0.0,0.0,30
201000013304,10,6,1,1545,1,1,2,1.0,3.0,30002,M,4396350.0,413048.0,30