Num_Acc,an,mois,jour,hrmn,lum,agg,int,atm,col,com,gps,lat,long,dep
201000013305,10,6,4,545,2,2,1,1.0,1.0,30259,M,4410671.0,412152.0,30
201000013306,10,6,24,1900,1,1,1,1.0,1.0,30046,M,4401124.0,416359.0,30
201000013307,10,6,24,1600,1,1,1,1.0,1.0,30147,M,4401694.0,403910.0,30
201000013308,10,7,14,1515,1,1,1,1.0,7.0,30165,M,0.0,0.0,30
201000013309,10,7,16,1100,1,1,1,1.0,6.0,30147,M,4401987.0,405128.0,30
201000013310,10,8,2,215,3,1,1,8.0,3.0,30160,M,4400802.0,412146.0,30
201000013311,10,7,31,2330,3,2,1,1.0,7.0,30285,M,4402860.0,423399.0,30
201000013312,10,8,17,1515,1,1,1,1.0,7.0,30177,M,4409281.0,417896.0,30
201000013313,10,8,27,845,1,1,1,1.0,3.0,30002,M,4396954.0,410102.0,30
201000013314,10,10,6,1645,1,1,1,1.0,5.0,30002,M,4395756.0,409912.0,30
201000013315,10,10,28,1945,3,1,1,1.0,1.0,30072,M,4400266.0,423946.0,30
201000013316,10,9,9,1400,1,1,1,1.0,1.0,30130,M,4432253.0,396540.0,30
201000013317,10,10,25,1215,1,1,1,6.0,7.0,30080,M,4428306.0,399942.0,30
201000013318,10,2,7,1430,1,1,1,1.0,6.0,30152,M,4422222.0,419022.0,30
201000013319,10,2,10,1515,1,2,1,1.0,6.0,30227,M,4426158.0,419915.0,30
201000013320,10,4,24,1800,1,2,1,1.0,3.0,30152,M,4422596.0,439389.0,30
201000013321,10,5,22,215,5,1,1,1.0,6.0,30152,M,4421752.0,417441.0,30
201000013322,10,5,24,1300,1,2,3,1.0,3.0,30204,M,0.0,0.0,30
201000013323,10,5,27,1230,1,2,1,1.0,6.0,30227,M,0.0,0.0,30
201000013324,10,6,10,1645,1,1,1,3.0,1.0,30227,M,4425139.0,418229.0,30
201000013325,10,7,12,1345,1,1,1,1.0,2.0,30227,M,4423057.0,422105.0,30
201000013326,10,8,13,1745,1,2,1,1.0,7.0,30215,M,0.0,0.0,30
201000013327,10,8,19,1715,1,2,1,1.0,6.0,30227,M,0.0,0.0,30
201000013328,10,8,24,815,1,2,1,1.0,6.0,30164,M,4422566.0,434731.0,30
201000013329,10,9,15,745,2,1,1,1.0,6.0,30227,M,4424473.0,417936.0,30
201000013330,10,10,2,1700,1,1,1,1.0,1.0,30037,M,4428387.0,411822.0,30
201000013331,10,10,22,1530,1,1,1,1.0,5.0,30152,M,4423680.0,416803.0,30
201000013332,10,10,29,1515,1,1,1,1.0,1.0,30152,M,4421673.0,415486.0,30
201000013333,10,11,17,800,1,1,1,1.0,1.0,30152,M,4423950.0,417377.0,30
201000013334,10,11,19,2215,3,1,1,1.0,7.0,30167,M,4427653.0,414933.0,30
201000013335,10,1,1,1800,3,1,1,1.0,7.0,30295,M,4403989.0,445320.0,30
201000013336,10,2,6,915,1,2,1,1.0,1.0,30067,M,4405593.0,452561.0,30
201000013337,10,2,16,1700,2,1,1,2.0,3.0,30334,M,4399838.0,439547.0,30
201000013338,10,2,28,645,3,1,1,2.0,6.0,30151,M,4413107.0,441075.0,30
201000013339,10,3,1,1800,1,2,1,1.0,6.0,30308,M,0.0,0.0,30
201000013340,10,4,1,1430,1,1,1,1.0,3.0,30334,M,4405554.0,440124.0,30
201000013341,10,4,11,1830,1,2,1,1.0,3.0,30334,M,4400826.0,441819.0,30
201000013342,10,4,17,2015,2,1,1,1.0,6.0,30279,M,4409041.0,445487.0,30
201000013343,10,5,2,1745,1,1,1,3.0,6.0,30232,M,4417002.0,448767.0,30
201000013344,10,5,8,1,5,2,1,1.0,3.0,30334,M,0.0,0.0,30
201000013345,10,5,9,900,1,1,1,2.0,3.0,30174,M,4406705.0,439693.0,30
201000013346,10,5,24,1,3,2,1,1.0,1.0,30295,M,0.0,0.0,30
201000013347,10,5,28,2300,3,1,1,1.0,6.0,30174,M,4402181.0,439640.0,30
201000013348,10,6,7,1230,1,1,1,1.0,1.0,30337,M,4405874.0,447285.0,30
201000013349,10,6,15,1715,1,1,1,3.0,3.0,30041,M,4396103.0,438423.0,30
201000013350,10,7,2,1515,1,1,1,1.0,1.0,30299,M,4402089.0,444592.0,30
201000013351,10,8,13,1415,1,1,1,1.0,7.0,30014,M,4399236.0,433689.0,30
201000013352,10,9,9,1500,1,1,1,1.0,3.0,30001,M,4405195.0,434916.0,30
201000013353,10,10,11,945,1,1,1,3.0,1.0,30174,M,4406569.0,439633.0,30
201000013354,10,10,13,1745,1,1,1,1.0,3.0,30174,M,4402135.0,439760.0,30
201000013355,10,10,21,1630,1,1,1,1.0,6.0,30299,M,4423680.0,416803.0,30
201000013356,10,11,7,1700,1,1,1,1.0,6.0,30299,M,4401972.0,446222.0,30
201000013357,10,11,10,1945,3,1,1,1.0,6.0,30174,M,0.0,0.0,30
201000013358,10,11,24,1045,1,2,1,1.0,6.0,30334,M,0.0,0.0,30
201000013359,10,12,1,1230,1,1,1,1.0,1.0,30295,M,4407765.0,444904.0,30
201000013360,10,12,18,1400,1,1,2,1.0,3.0,30282,M,4413533.0,447479.0,30
201000013361,10,12,23,1830,5,2,1,2.0,6.0,30334,M,0.0,0.0,30
201000013362,10,3,6,1430,1,1,1,1.0,6.0,30290,M,4427040.0,459154.0,30
201000013363,10,3,20,500,3,1,1,2.0,7.0,30277,M,4421977.0,454256.0,30
201000013364,10,4,10,930,1,2,1,1.0,6.0,30202,M,4425532.0,464783.0,30
201000013365,10,5,2,730,1,1,1,2.0,7.0,30256,M,4418888.0,455706.0,30
201000013366,10,6,25,1715,1,2,1,1.0,6.0,30288,M,4419634.0,462493.0,30
201000013367,10,6,27,1800,1,1,1,1.0,1.0,30273,M,4429546.0,456058.0,30
201000013368,10,7,7,1730,1,1,1,7.0,3.0,30096,M,4421137.0,449723.0,30
201000013369,10,7,20,1730,1,1,1,1.0,1.0,30202,M,4427195.0,463011.0,30
201000013370,10,7,28,1845,1,1,1,1.0,3.0,30096,M,4421152.0,451236.0,30
201000013371,10,7,29,1500,1,1,1,1.0,4.0,30202,M,0.0,0.0,30
201000013372,10,9,22,1800,1,1,1,1.0,1.0,30202,M,4425140.0,465592.0,30
201000013373,10,11,22,1800,5,1,1,1.0,1.0,30096,M,4421181.0,451597.0,30
201000013374,10,12,1,1900,3,1,1,1.0,3.0,30287,M,4419517.0,454393.0,30
201000013375,10,1,6,1245,1,1,1,1.0,1.0,30336,M,4384574.0,463193.0,30
201000013376,10,1,19,1315,1,2,1,1.0,1.0,30179,M,4387613.0,460000.0,30
201000013377,10,1,29,645,2,1,1,1.0,7.0,30346,M,4395851.0,452118.0,30
201000013378,10,3,19,2130,3,1,9,1.0,1.0,30235,M,4391761.0,453168.0,30
201000013379,10,4,21,1700,1,1,1,1.0,3.0,30107,M,4394416.0,462387.0,30
201000013380,10,4,27,1700,1,2,1,1.0,6.0,30212,M,4394146.0,456808.0,30
201000013381,10,5,1,915,1,1,2,1.0,3.0,30179,M,4387044.0,458422.0,30
201000013382,10,5,6,1700,1,1,1,1.0,3.0,30073,M,4395254.0,455272.0,30
201000013383,10,5,28,1915,1,1,1,1.0,6.0,30340,M,4401336.0,458047.0,30
201000013384,10,6,7,1700,1,1,1,1.0,1.0,30340,M,4398067.0,457413.0,30
201000013385,10,6,24,1630,1,1,1,1.0,1.0,30073,M,4396855.0,457374.0,30
201000013386,10,7,20,1200,1,1,1,1.0,6.0,30012,M,4388439.0,464108.0,30
201000013387,10,7,11,1700,1,1,1,1.0,7.0,30260,M,0.0,0.0,30
201000013388,10,8,14,1145,1,1,1,1.0,1.0,30089,M,4386018.0,459178.0,30
201000013389,10,8,19,1400,1,1,1,1.0,1.0,30012,M,4389157.0,468840.0,30
201000013390,10,8,21,1900,1,1,1,1.0,2.0,30107,M,4395581.0,465267.0,30
201000013391,10,8,26,900,1,1,1,1.0,5.0,30260,M,4395854.0,458285.0,30
201000013392,10,10,16,1445,1,1,1,1.0,3.0,30179,M,4387606.0,460933.0,30
201000013393,10,10,22,1700,1,1,1,1.0,3.0,30179,M,4387049.0,458414.0,30
201000013394,10,11,2,815,1,1,1,1.0,1.0,30103,M,4394347.0,465330.0,30
201000013395,10,11,11,1600,1,2,1,1.0,3.0,30235,M,0.0,0.0,30
201000013396,10,11,11,2000,3,1,1,3.0,7.0,30340,M,4399243.0,457672.0,30
201000013397,10,11,27,2300,3,1,1,2.0,6.0,30317,M,4391722.0,456535.0,30
201000013398,10,1,15,1800,2,1,1,1.0,3.0,30312,M,4401999.0,479359.0,30
201000013399,10,1,25,630,3,1,1,1.0,6.0,30209,M,4400716.0,479846.0,30
201000013400,10,3,6,1545,1,1,1,1.0,3.0,30209,M,4398788.0,474707.0,30
201000013401,10,3,7,1445,1,1,1,4.0,1.0,30221,M,4403896.0,472850.0,30
201000013402,10,3,23,1645,1,1,6,1.0,7.0,30221,M,4402085.0,474096.0,30
201000013403,10,7,15,800,1,1,1,1.0,3.0,30209,M,0.0,0.0,30
201000013404,10,7,23,300,3,1,1,1.0,6.0,30278,M,4404641.0,471894.0,30
201000013405,10,7,27,200,3,1,1,1.0,1.0,30278,M,4404356.0,472307.0,30
201000013406,10,8,5,1830,1,2,1,7.0,1.0,30221,M,4405331.0,477607.0,30
201000013407,10,8,26,945,1,1,1,1.0,2.0,30278,M,4406161.0,470865.0,30
201000013408,10,10,20,700,2,1,1,1.0,2.0,30221,M,4403032.0,475886.0,30
201000013409,10,10,30,100,3,1,1,2.0,6.0,30209,M,4401091.0,480054.0,30
201000013410,10,12,4,1645,1,1,2,1.0,3.0,30326,M,4400764.0,473492.0,30
201000013411,10,12,11,1645,1,1,1,1.0,6.0,30254,M,0.0,0.0,30
201000013412,10,1,25,1745,2,1,1,1.0,6.0,30193,M,4386064.0,419723.0,30
201000013413,10,2,28,1415,1,1,1,1.0,6.0,30041,M,4397439.0,435292.0,30
201000013414,10,3,6,45,3,1,1,1.0,6.0,30180,M,4393801.0,420745.0,30
201000013415,10,3,28,2000,1,1,1,1.0,1.0,30228,M,4391890.0,438904.0,30
201000013416,10,4,17,430,3,1,1,1.0,6.0,30182,M,4384013.0,414160.0,30
201000013417,10,4,25,1800,1,1,1,1.0,1.0,30088,M,4385025.0,409537.0,30
201000013418,10,4,27,1100,1,2,6,1.0,3.0,30241,M,4397666.0,427923.0,30
201000013419,10,5,8,230,3,2,1,3.0,7.0,30184,M,4398365.0,422479.0,30
201000013420,10,5,9,1515,1,2,1,1.0,6.0,30061,M,0.0,0.0,30
201000013421,10,7,24,1800,1,1,1,1.0,6.0,30228,M,4393894.0,438266.0,30
201000013422,10,7,30,1230,1,1,1,1.0,3.0,30281,M,0.0,0.0,30
201000013423,10,8,8,1645,1,1,1,1.0,6.0,30228,M,4394197.0,437712.0,30
201000013424,10,8,15,230,3,1,1,1.0,6.0,30021,M,4399278.0,433348.0,30
201000013425,10,8,16,1930,1,2,1,1.0,6.0,30248,M,4399688.0,426861.0,30
201000013426,10,8,22,1200,1,1,9,1.0,6.0,30184,M,0.0,0.0,30
201000013427,10,8,24,1400,1,2,1,1.0,1.0,30184,M,0.0,0.0,30
201000013428,10,9,1,1615,1,1,1,1.0,1.0,30354,M,4393263.0,415819.0,30
201000013429,10,9,10,1930,1,1,1,1.0,6.0,30228,M,4394027.0,438211.0,30
201000013430,10,9,15,1000,1,1,1,1.0,7.0,30122,M,4388746.0,424759.0,30
201000013431,10,9,24,1000,1,1,1,1.0,3.0,30184,M,4398382.0,424500.0,30
201000013432,10,9,30,1100,1,1,1,1.0,3.0,30354,M,4394563.0,429419.0,30
201000013433,10,10,7,700,1,1,1,5.0,6.0,30122,M,4389661.0,422155.0,30
201000013434,10,10,16,1500,1,2,9,1.0,3.0,30061,M,4391995.0,426519.0,30
201000013435,10,10,17,1500,1,1,1,1.0,6.0,30049,M,0.0,0.0,30
201000013436,10,11,2,1100,1,1,1,1.0,3.0,30184,M,4396696.0,422677.0,30
201000013437,10,11,5,1500,1,1,1,1.0,6.0,30224,M,4392229.0,421858.0,30
201000013438,10,11,10,2300,3,1,1,1.0,1.0,30122,M,4390364.0,421237.0,30
201000013439,10,11,12,1930,3,1,1,1.0,6.0,30061,M,4393018.0,425653.0,30
201000013440,10,11,28,1000,1,1,1,2.0,6.0,30193,M,4387132.0,420895.0,30
201000013441,10,12,6,1645,2,1,1,1.0,4.0,30088,M,4384606.0,409839.0,30
201000013442,10,1,6,815,1,1,1,1.0,1.0,30229,M,4403597.0,367609.0,30
201000013443,10,1,22,1445,1,1,1,1.0,7.0,30009,M,4396837.0,344483.0,30
201000013444,10,2,21,15,3,1,1,1.0,3.0,30026,M,4397969.0,359936.0,30
201000013445,10,3,6,1230,1,1,1,1.0,1.0,30350,M,4400042.0,365837.0,30
201000013446,10,5,6,2345,5,2,1,1.0,6.0,30350,M,4399091.0,360460.0,30
201000013447,10,5,30,130,4,2,1,1.0,6.0,30026,M,0.0,0.0,30
201000013448,10,7,17,1500,1,1,1,1.0,3.0,30026,M,4398250.0,358548.0,30
201000013449,10,10,19,1400,1,1,1,1.0,7.0,30353,M,4391808.0,345629.0,30
201000013450,10,10,28,1500,1,2,1,1.0,1.0,30350,M,4399242.0,361458.0,30
201000013451,10,7,31,2115,2,1,1,1.0,1.0,30172,M,4399803.0,389142.0,30
201000013452,10,10,8,1030,1,1,1,1.0,1.0,30108,M,4410934.0,381782.0,30
201000013453,10,10,11,1730,1,1,1,1.0,1.0,30322,M,4406654.0,383906.0,30
201000013454,10,1,8,945,1,1,1,4.0,1.0,30300,M,4394297.0,407103.0,30
201000013455,10,2,17,1500,1,1,1,2.0,6.0,30309,M,4388070.0,405159.0,30
201000013456,10,5,12,1615,1,2,1,1.0,6.0,30263,M,4395766.0,386185.0,30
201000013457,10,7,2,2100,1,1,1,1.0,7.0,30148,M,4388773.0,400408.0,30
201000013458,10,8,4,1000,1,2,1,1.0,6.0,30263,M,4396304.0,385519.0,30
201000013459,10,8,8,1100,2,1,1,1.0,6.0,30093,M,4396978.0,392414.0,30
201000013460,10,8,30,2215,3,1,1,1.0,7.0,30311,M,4395569.0,394695.0,30
201000013461,10,9,5,245,3,2,1,1.0,7.0,30263,M,4396093.0,385782.0,30
201000013462,10,10,28,1130,1,2,1,1.0,1.0,30263,M,4397214.0,385204.0,30
201000013463,10,11,14,100,3,1,1,1.0,3.0,30309,M,4386628.0,401588.0,30
201000013464,10,11,14,1715,1,1,1,1.0,1.0,30183,M,4394224.0,410041.0,30
201000013465,10,6,19,400,2,1,1,2.0,7.0,30139,M,4412632.0,339096.0,30
201000013466,10,9,19,945,5,2,1,1.0,6.0,30139,M,4412965.0,338535.0,30
201000013467,10,1,2,930,1,2,1,7.0,1.0,48016,M,4448800.0,345700.0,48
201000013468,10,1,24,715,3,1,1,5.0,1.0,48042,M,4458090.0,349450.0,48
201000013469,10,2,15,1715,1,1,1,1.0,5.0,48042,M,0.0,0.0,48
201000013470,10,3,1,1130,1,1,1,1.0,1.0,48147,M,0.0,0.0,48
201000013471,10,3,2,730,2,2,1,2.0,6.0,48013,M,0.0,0.0,48
201000013472,10,3,18,630,2,1,1,1.0,7.0,48016,M,0.0,0.0,48
201000013473,10,4,16,1145,1,1,1,1.0,1.0,48111,M,0.0,0.0,48
201000013474,10,7,19,1545,1,1,1,1.0,6.0,48157,M,0.0,0.0,48
201000013475,10,7,31,1730,1,1,1,1.0,1.0,48013,M,0.0,0.0,48
201000013476,10,9,8,745,1,1,1,2.0,7.0,48016,M,0.0,0.0,48
201000013477,10,11,5,730,2,1,1,5.0,1.0,48016,M,0.0,0.0,48
201000013478,10,12,24,30,3,1,1,4.0,7.0,48111,M,0.0,0.0,48
201000013479,10,1,20,830,1,1,1,2.0,1.0,48086,M,4465510.0,388502.0,48
201000013480,10,3,6,1500,1,1,1,1.0,7.0,48080,M,0.0,0.0,48
201000013481,10,6,14,1600,1,1,1,2.0,6.0,48100,M,0.0,0.0,48
201000013482,10,6,26,1830,1,2,1,1.0,1.0,48080,M,0.0,0.0,48
201000013483,10,6,30,1300,1,1,1,1.0,7.0,48129,M,0.0,0.0,48
201000013484,10,7,24,130,3,1,1,1.0,6.0,48043,M,0.0,0.0,48
201000013485,10,8,4,215,5,2,1,1.0,7.0,48010,M,0.0,0.0,48
201000013486,10,8,15,1745,1,1,1,1.0,1.0,48086,M,0.0,0.0,48
201000013487,10,8,18,1915,1,2,1,1.0,1.0,48043,M,0.0,0.0,48
201000013488,10,8,23,1845,1,1,1,1.0,1.0,48010,M,0.0,0.0,48
201000013489,10,10,29,1700,1,1,1,1.0,6.0,48086,M,0.0,0.0,48
201000013490,10,12,22,1800,5,2,1,2.0,6.0,48080,M,0.0,0.0,48
201000013491,10,12,24,2300,3,1,1,4.0,6.0,48045,M,0.0,0.0,48
201000013492,10,3,11,915,1,1,1,1.0,7.0,48119,M,0.0,0.0,48
201000013493,10,8,31,1115,1,1,1,1.0,7.0,48198,M,0.0,0.0,48
201000013494,10,2,6,900,1,1,1,4.0,7.0,48028,M,0.0,0.0,48
201000013495,10,5,16,1930,1,1,1,1.0,1.0,48022,M,4436000.0,364000.0,48
201000013496,10,6,21,1100,1,1,1,6.0,7.0,48028,M,0.0,0.0,48
201000013497,10,6,23,1515,1,1,1,1.0,7.0,48162,M,0.0,0.0,48
201000013498,10,7,17,1345,1,2,1,1.0,7.0,48065,M,0.0,0.0,48
201000013499,10,7,26,1815,1,1,1,1.0,1.0,48061,M,0.0,0.0,48
201000013500,10,10,28,1245,1,1,1,1.0,6.0,48116,M,0.0,0.0,48
201000013501,10,3,19,1430,1,1,1,1.0,3.0,48163,M,0.0,0.0,48
201000013502,10,4,17,1430,1,1,1,1.0,7.0,48178,M,0.0,0.0,48
201000013503,10,7,11,145,3,1,1,1.0,7.0,48134,M,0.0,0.0,48
201000013504,10,7,21,1000,1,1,1,2.0,3.0,48163,M,0.0,0.0,48
201000013505,10,8,29,1130,1,1,1,1.0,1.0,48097,M,0.0,0.0,48
201000013506,10,10,1,2300,3,1,1,1.0,6.0,48144,M,0.0,0.0,48
201000013507,10,10,4,1215,1,1,1,3.0,6.0,48163,M,0.0,0.0,48
201000013508,10,4,28,1500,1,1,1,1.0,7.0,48180,M,4428800.0,323100.0,48
201000013509,10,5,23,915,1,1,1,1.0,6.0,48154,M,0.0,0.0,48
201000013510,10,6,14,1745,1,1,1,2.0,7.0,48146,M,0.0,0.0,48
201000013511,10,7,3,1815,1,2,1,1.0,6.0,48096,M,0.0,0.0,48
201000013512,10,7,3,1815,1,2,1,1.0,3.0,48146,M,4435700.0,346000.0,48
201000013513,10,8,23,730,1,1,1,1.0,6.0,48088,M,0.0,0.0,48
201000013514,10,1,28,2000,5,2,1,1.0,6.0,48034,M,4452400.0,326634.0,48
201000013515,10,2,20,1115,1,1,1,1.0,1.0,48018,M,0.0,0.0,48
201000013516,10,3,13,15,5,2,6,1.0,1.0,48034,M,0.0,0.0,48
201000013517,10,4,14,1145,1,1,1,1.0,1.0,48099,M,0.0,0.0,48
201000013518,10,5,16,930,1,2,1,1.0,6.0,48156,M,0.0,0.0,48
201000013519,10,5,20,1445,1,2,1,1.0,6.0,48092,M,0.0,0.0,48
201000013520,10,6,20,1145,1,2,1,1.0,6.0,48092,M,0.0,0.0,48
201000013521,10,7,8,1545,1,1,4,1.0,3.0,48034,M,0.0,0.0,48
201000013522,10,7,11,1830,1,1,1,1.0,1.0,48191,M,0.0,0.0,48
201000013523,10,7,28,1100,1,1,1,1.0,1.0,48168,M,0.0,0.0,48
201000013524,10,11,19,930,1,1,1,2.0,6.0,48034,M,0.0,0.0,48
201000013525,10,12,11,815,1,1,1,2.0,6.0,48072,M,0.0,0.0,48
201000013526,10,5,17,1415,1,1,1,1.0,6.0,48001,M,0.0,0.0,48
201000013527,10,6,25,2215,3,1,1,1.0,7.0,48064,M,0.0,0.0,48
201000013528,10,9,30,1745,1,1,1,1.0,1.0,48001,M,0.0,0.0,48
201000013529,10,2,9,1900,3,1,1,4.0,3.0,48140,M,0.0,0.0,48
201000013530,10,3,19,2330,5,1,1,2.0,6.0,48140,M,0.0,0.0,48
201000013531,10,4,21,1430,1,1,1,1.0,7.0,48140,M,0.0,0.0,48
201000013532,10,5,13,1300,1,1,1,2.0,7.0,48128,M,0.0,0.0,48
201000013533,10,6,9,1545,1,1,1,6.0,6.0,48128,M,0.0,0.0,48
201000013534,10,7,18,1215,1,1,1,1.0,7.0,48128,M,0.0,0.0,48
201000013535,10,9,9,1130,1,1,1,2.0,1.0,48140,M,0.0,0.0,48
201000013536,10,9,19,1845,1,1,3,1.0,3.0,48063,M,0.0,0.0,48
201000013537,10,10,1,2045,3,1,1,1.0,6.0,48132,M,0.0,0.0,48
201000013538,10,10,14,1700,1,1,1,1.0,6.0,48140,M,0.0,0.0,48
201000013539,10,11,4,1345,1,1,3,1.0,3.0,48128,M,0.0,0.0,48
201000013540,10,12,22,1500,1,1,1,2.0,6.0,48177,M,0.0,0.0,48
201000013541,10,1,24,730,2,1,9,1.0,6.0,66037,M,0.0,0.0,66
201000013542,10,3,13,530,3,1,9,1.0,1.0,66037,M,0.0,0.0,66
201000013543,10,3,25,1400,1,2,1,1.0,6.0,66224,M,0.0,0.0,66
201000013544,10,6,26,545,2,2,1,1.0,6.0,66037,M,4269342.0,303309.0,66
201000013545,10,6,27,1500,1,1,1,1.0,3.0,66037,M,0.0,0.0,66
201000013546,10,6,27,1530,1,1,1,1.0,3.0,66182,M,4272341.0,301637.0,66
201000013547,10,8,21,1015,1,1,1,1.0,1.0,66037,M,0.0,0.0,66
201000013548,10,8,22,1145,1,2,1,1.0,2.0,66037,M,4268920.0,302786.0,66
201000013549,10,8,28,1815,1,2,1,1.0,6.0,66037,M,4269434.0,303382.0,66
201000013550,10,3,2,930,1,2,6,1.0,1.0,66114,M,0.0,0.0,66
201000013551,10,6,30,1200,1,2,1,1.0,6.0,66065,M,4259897.0,297524.0,66
201000013552,10,7,8,1730,1,1,1,1.0,2.0,66011,M,0.0,0.0,66
201000013553,10,8,4,900,1,2,1,1.0,3.0,66011,M,4260495.0,289477.0,66
201000013554,10,8,12,630,2,1,1,1.0,6.0,66129,M,4258200.0,291700.0,66
201000013555,10,9,9,700,2,1,1,1.0,6.0,66059,M,0.0,0.0,66
201000013556,10,11,6,1645,1,2,6,1.0,3.0,66114,M,4260574.0,293635.0,66
201000013557,10,11,9,1915,3,1,1,1.0,1.0,66227,M,4264785.0,291061.0,66
201000013558,10,11,11,1145,1,1,1,1.0,1.0,66065,M,4261131.0,296089.0,66
201000013559,10,11,24,1800,5,2,1,1.0,6.0,66065,M,4260155.0,297045.0,66
201000013560,10,12,4,1100,1,2,1,1.0,3.0,66065,M,4259756.0,297444.0,66
201000013561,10,12,17,1415,1,1,1,1.0,1.0,66227,M,0.0,0.0,66
201000013562,10,2,15,1130,1,1,1,1.0,6.0,66205,M,0.0,0.0,66
201000013563,10,2,23,1715,1,1,1,7.0,6.0,66143,M,4276571.0,261319.0,66
201000013564,10,7,15,615,1,1,1,1.0,6.0,66046,M,0.0,0.0,66
201000013565,10,7,19,1830,1,2,1,1.0,3.0,66187,M,4280985.0,249740.0,66
201000013566,10,8,28,1000,1,1,1,1.0,1.0,66046,M,0.0,0.0,66
201000013567,10,10,3,845,1,1,1,1.0,3.0,66046,M,0.0,0.0,66
201000013568,10,2,27,515,3,1,1,1.0,7.0,66056,M,0.0,0.0,66
201000013569,10,6,19,1400,1,1,1,1.0,3.0,66121,M,0.0,0.0,66
201000013570,10,6,28,930,1,1,1,1.0,6.0,66140,M,4269628.0,275474.0,66
201000013571,10,8,4,1615,1,2,1,1.0,1.0,66174,M,0.0,0.0,66
201000013572,10,9,3,15,3,1,1,1.0,7.0,66213,M,0.0,0.0,66
201000013573,10,9,26,645,3,1,1,1.0,6.0,66173,M,0.0,0.0,66
201000013574,10,1,30,930,1,1,1,6.0,1.0,66231,M,0.0,0.0,66
201000013575,10,2,2,2000,5,2,1,1.0,6.0,66041,M,4278100.0,279400.0,66
201000013576,10,7,31,1530,1,1,1,1.0,1.0,66069,M,0.0,0.0,66
201000013577,10,8,17,1900,1,1,1,1.0,2.0,66014,M,0.0,0.0,66
201000013578,10,8,18,1545,1,1,1,1.0,1.0,66190,M,0.0,0.0,66
201000013579,10,8,28,2045,5,2,1,1.0,3.0,66164,M,4276643.0,287408.0,66
201000013580,10,9,22,1830,1,2,9,1.0,1.0,66041,M,0.0,0.0,66
201000013581,10,9,27,1500,1,1,1,1.0,7.0,66069,M,4283600.0,281500.0,66
201000013582,10,10,23,2200,3,1,1,1.0,1.0,66164,M,0.0,0.0,66
201000013583,10,12,5,200,3,1,1,1.0,6.0,66164,M,0.0,0.0,66
201000013584,10,12,13,715,2,2,3,1.0,3.0,66164,M,4276409.0,286908.0,66
201000013585,10,8,31,815,1,1,1,1.0,6.0,66208,M,0.0,0.0,66
201000013586,10,4,20,1530,1,1,1,1.0,5.0,66180,M,0.0,0.0,66
201000013587,10,5,4,1715,1,2,1,1.0,3.0,66176,M,4278800.0,296800.0,66
201000013588,10,5,6,1715,1,2,1,1.0,6.0,66180,M,4277078.0,298713.0,66
201000013589,10,6,14,1515,1,2,1,2.0,5.0,66017,M,4279189.0,303630.0,66
201000013590,10,8,23,1030,1,1,9,1.0,2.0,66180,M,0.0,0.0,66
201000013591,10,10,16,1730,1,1,1,1.0,1.0,66212,M,0.0,0.0,66
201000013592,10,11,4,2130,4,1,1,1.0,3.0,66017,M,0.0,0.0,66
201000013593,10,11,5,1030,1,2,1,1.0,6.0,66180,M,4277414.0,299356.0,66
201000013594,10,11,6,1700,1,1,1,7.0,3.0,66212,M,4274862.0,297403.0,66
201000013595,10,3,23,1400,1,1,1,1.0,1.0,66101,M,0.0,0.0,66
201000013596,10,4,4,315,5,1,1,3.0,1.0,66226,M,0.0,0.0,66
201000013597,10,4,16,1645,1,1,1,1.0,6.0,66101,M,4261989.0,277767.0,66
201000013598,10,6,16,1915,1,1,1,1.0,1.0,66226,M,0.0,0.0,66
201000013599,10,6,26,1900,2,1,1,1.0,6.0,66144,M,4262980.0,288621.0,66
201000013600,10,7,2,1515,1,1,1,1.0,1.0,66217,M,0.0,0.0,66
201000013601,10,7,20,2200,3,1,1,1.0,7.0,66145,M,0.0,0.0,66
201000013602,10,7,23,1130,1,2,1,1.0,3.0,66210,M,4263147.0,276112.0,66
201000013603,10,8,7,2000,1,1,1,1.0,6.0,66055,M,0.0,0.0,66
201000013604,10,10,3,30,5,2,1,1.0,6.0,66217,M,0.0,0.0,66
201000013605,10,12,18,1400,1,1,1,1.0,3.0,66226,M,0.0,0.0,66
201000013606,10,2,1,900,1,2,1,1.0,6.0,66049,M,4249128.0,274369.0,66
201000013607,10,2,11,1815,2,1,1,6.0,1.0,66160,M,4250000.0,270900.0,66
201000013608,10,5,21,1200,1,2,1,1.0,3.0,66003,M,4248060.0,267179.0,66
201000013609,10,5,25,1115,1,2,1,1.0,6.0,66049,M,4249015.0,275023.0,66
201000013610,10,8,22,2245,3,2,1,1.0,7.0,66003,M,4248020.0,267175.0,66
201000013611,10,9,6,1645,1,2,1,1.0,6.0,66003,M,4248300.0,268004.0,66
201000013612,10,9,11,1615,1,2,1,1.0,3.0,66160,M,4248426.0,269617.0,66
201000013613,10,12,18,2243,5,2,1,1.0,6.0,66003,M,4247881.0,267004.0,66
201000013614,10,1,4,1445,1,1,1,1.0,1.0,66008,M,4255800.0,302963.0,66
201000013615,10,1,13,830,2,2,1,1.0,1.0,66168,M,4255108.0,297094.0,66
201000013616,10,4,4,1215,1,1,1,1.0,3.0,66008,M,0.0,0.0,66