Num_Acc,an,mois,jour,hrmn,lum,agg,int,atm,col,com,gps,lat,long,dep
201000013617,10,5,19,915,1,2,6,1.0,3.0,66008,M,4254576.0,302227.0,66
201000013618,10,6,7,1500,1,1,1,1.0,3.0,66008,M,0.0,0.0,66
201000013619,10,6,22,545,2,2,1,1.0,5.0,66008,M,4255038.0,304422.0,66
201000013620,10,6,23,2300,3,1,1,1.0,1.0,66008,M,4254500.0,302548.0,66
201000013621,10,8,15,2330,5,2,1,1.0,6.0,66008,M,4255696.0,304209.0,66
201000013622,10,9,14,1500,1,2,1,1.0,3.0,66008,M,4255603.0,300787.0,66
201000013623,10,10,9,45,5,2,1,2.0,6.0,66008,M,4254699.0,304870.0,66
201000013624,10,11,20,300,3,2,1,1.0,6.0,66008,M,4256453.0,303033.0,66
201000013625,10,12,10,1600,1,1,1,1.0,3.0,66008,M,4255082.0,299743.0,66
201000013626,10,5,14,1745,1,1,1,1.0,1.0,66175,M,0.0,0.0,66
201000013627,10,8,19,1015,1,1,1,1.0,1.0,66175,M,4254800.0,291800.0,66
201000013628,10,2,14,915,1,1,1,1.0,7.0,66137,M,0.0,0.0,66
201000013629,10,2,20,1515,1,1,1,1.0,1.0,66233,M,0.0,0.0,66
201000013630,10,3,16,1800,1,1,1,1.0,6.0,66063,M,0.0,0.0,66
201000013631,10,4,20,1715,1,2,1,1.0,6.0,66137,M,4246444.0,286313.0,66
201000013632,10,5,30,1715,1,1,1,1.0,1.0,66063,M,0.0,0.0,66
201000013633,10,6,5,1645,1,1,1,1.0,3.0,66106,M,0.0,0.0,66
201000013634,10,7,19,900,1,2,9,1.0,3.0,66024,M,4251766.0,283203.0,66
201000013635,10,8,2,1915,1,1,1,1.0,3.0,66063,M,0.0,0.0,66
201000013636,10,8,18,2300,3,1,1,1.0,3.0,66106,M,4249298.0,279420.0,66
201000013637,10,9,5,1800,1,2,1,1.0,6.0,66024,M,0.0,0.0,66
201000013638,10,9,7,2030,4,1,1,2.0,7.0,66214,M,0.0,0.0,66
201000013639,10,10,17,1145,1,1,3,1.0,5.0,66063,M,0.0,0.0,66
201000013640,10,10,31,1230,1,1,1,1.0,3.0,66063,M,0.0,0.0,66
201000013641,10,11,3,2315,3,1,1,1.0,6.0,66225,M,0.0,0.0,66
201000013642,10,11,11,930,1,1,1,1.0,5.0,66015,M,0.0,0.0,66
201000013643,10,11,13,130,3,1,1,1.0,1.0,66214,M,0.0,0.0,66
201000013644,10,1,29,1500,1,2,6,1.0,6.0,66053,M,4252458.0,308224.0,66
201000013645,10,2,6,1,3,1,1,1.0,7.0,66053,M,0.0,0.0,66
201000013646,10,3,23,1715,1,2,1,7.0,6.0,66048,M,4244432.0,316250.0,66
201000013647,10,4,6,1500,1,2,1,1.0,1.0,66148,M,4251942.0,310753.0,66
201000013648,10,6,18,2200,2,1,1,1.0,1.0,66016,M,4248870.0,312377.0,66
201000013649,10,7,22,1700,1,1,1,1.0,6.0,66148,M,4251390.0,309636.0,66
201000013650,10,1,10,1630,1,2,1,1.0,6.0,66149,M,4262765.0,242389.0,66
201000013651,10,4,4,1630,1,1,1,1.0,1.0,66193,M,0.0,0.0,66
201000013652,10,4,13,1515,1,1,1,1.0,6.0,66161,M,0.0,0.0,66
201000013653,10,4,13,1800,3,1,1,2.0,2.0,66209,M,0.0,0.0,66
201000013654,10,4,16,1700,3,1,1,1.0,1.0,66074,M,0.0,0.0,66
201000013655,10,5,9,1100,1,1,1,1.0,1.0,66074,M,0.0,0.0,66
201000013656,10,5,13,745,1,1,1,1.0,6.0,66074,M,0.0,0.0,66
201000013657,10,6,9,1845,1,1,1,8.0,6.0,66057,M,0.0,0.0,66
201000013658,10,6,11,1515,1,1,1,1.0,6.0,66193,M,0.0,0.0,66
201000013659,10,7,21,945,1,1,1,1.0,6.0,66090,M,0.0,0.0,66
201000013660,10,7,29,2300,3,2,1,1.0,7.0,66104,M,0.0,0.0,66
201000013661,10,8,7,1915,1,1,1,1.0,1.0,66193,M,0.0,0.0,66
201000013662,10,8,28,1315,1,1,1,1.0,5.0,66209,M,0.0,0.0,66
201000013663,10,9,24,2030,3,1,1,1.0,1.0,66125,M,0.0,0.0,66
201000013664,10,11,18,1845,5,2,1,1.0,3.0,66149,M,0.0,0.0,66
201000013665,10,12,21,1015,1,1,1,1.0,1.0,66036,M,0.0,0.0,66
201000013666,10,1,15,1515,2,1,1,4.0,1.0,66147,M,0.0,0.0,66
201000013667,10,2,24,1415,1,1,1,1.0,5.0,66066,M,0.0,0.0,66
201000013668,10,6,14,1100,1,1,1,3.0,5.0,66147,M,0.0,0.0,66
201000013669,10,6,20,1430,1,1,1,8.0,7.0,66147,M,0.0,0.0,66
201000013670,10,7,24,1230,1,1,1,1.0,7.0,66147,M,0.0,0.0,66
201000013671,10,8,2,1615,1,1,1,1.0,1.0,66167,M,0.0,0.0,66
201000013672,10,9,7,2315,3,1,1,1.0,6.0,66066,M,4247628.0,190555.0,66
201000013673,10,9,25,1515,1,1,1,2.0,6.0,66147,M,0.0,0.0,66
201000013674,10,1,10,200,5,2,1,1.0,6.0,66124,M,4250431.0,203926.0,66
201000013675,10,2,11,1215,1,1,1,4.0,1.0,66105,M,0.0,0.0,66
201000013676,10,2,26,1745,1,2,1,1.0,1.0,66005,M,0.0,0.0,66
201000013677,10,3,6,500,3,2,1,8.0,6.0,66082,M,0.0,0.0,66
201000013678,10,9,17,315,3,1,1,1.0,6.0,66020,M,0.0,0.0,66
201000013679,10,12,3,1445,1,1,1,1.0,1.0,66192,M,0.0,0.0,66
201000013680,10,5,16,30,3,1,1,1.0,6.0,66086,M,0.0,0.0,66
201000013681,10,8,20,300,3,1,1,1.0,1.0,66230,M,4265300.0,253100.0,66
201000013682,10,8,29,45,3,1,1,1.0,7.0,66230,M,0.0,0.0,66
201000013683,10,4,9,1600,1,1,1,1.0,3.0,20085,M,0.0,0.0,201
201000013684,10,4,10,1815,1,1,1,1.0,6.0,20031,M,0.0,0.0,201
201000013685,10,11,2,845,1,1,1,1.0,3.0,20085,M,0.0,0.0,201
201000013686,10,12,16,845,1,1,1,1.0,1.0,20085,M,0.0,0.0,201
201000013687,10,3,29,830,1,1,1,1.0,3.0,20271,M,0.0,0.0,201
201000013688,10,6,11,745,1,1,1,1.0,2.0,20006,M,0.0,0.0,201
201000013689,10,6,24,1815,1,1,1,1.0,1.0,20271,M,0.0,0.0,201
201000013690,10,6,30,1830,1,1,1,1.0,7.0,20006,M,0.0,0.0,201
201000013691,10,7,27,2315,3,1,1,1.0,7.0,20103,M,0.0,0.0,201
201000013692,10,9,13,1845,1,1,1,1.0,1.0,20017,M,0.0,0.0,201
201000013693,10,9,6,2115,3,1,1,1.0,3.0,20006,M,0.0,0.0,201
201000013694,10,10,2,100,3,1,1,1.0,3.0,20271,M,0.0,0.0,201
201000013695,10,5,12,945,1,1,1,1.0,7.0,20212,M,0.0,0.0,201
201000013696,10,1,13,1500,1,2,1,2.0,7.0,20288,M,0.0,0.0,201
201000013697,10,1,15,1145,1,1,1,8.0,1.0,20288,M,0.0,0.0,201
201000013698,10,5,18,315,3,1,1,1.0,6.0,20041,M,0.0,0.0,201
201000013699,10,5,29,1845,1,1,1,7.0,2.0,20041,M,0.0,0.0,201
201000013700,10,6,8,1000,1,1,1,1.0,4.0,20041,M,0.0,0.0,201
201000013701,10,6,22,645,2,1,1,7.0,7.0,20041,M,0.0,0.0,201
201000013702,10,7,19,1445,1,1,1,1.0,3.0,20041,M,0.0,0.0,201
201000013703,10,8,11,645,1,2,1,1.0,7.0,20041,M,0.0,0.0,201
201000013704,10,8,23,1230,1,1,1,1.0,2.0,20041,M,0.0,0.0,201
201000013705,10,8,21,1030,1,1,1,1.0,3.0,20114,M,0.0,0.0,201
201000013706,10,9,20,1630,1,1,1,1.0,7.0,20041,M,0.0,0.0,201
201000013707,10,10,13,1415,1,1,1,1.0,2.0,20041,M,0.0,0.0,201
201000013708,10,1,25,930,1,2,1,3.0,6.0,20247,M,0.0,0.0,201
201000013709,10,1,30,1145,1,1,1,2.0,2.0,20247,M,0.0,0.0,201
201000013710,10,3,19,945,1,2,1,1.0,3.0,20247,M,0.0,0.0,201
201000013711,10,4,4,1930,1,1,1,1.0,6.0,20247,M,0.0,0.0,201
201000013712,10,6,21,1700,1,2,1,1.0,3.0,20247,M,0.0,0.0,201
201000013713,10,6,29,1400,1,2,1,1.0,6.0,20247,M,0.0,0.0,201
201000013714,10,7,18,145,5,2,1,1.0,1.0,20247,M,0.0,0.0,201
201000013715,10,8,14,1115,1,2,1,3.0,3.0,20247,M,0.0,0.0,201
201000013716,10,9,12,1630,1,1,1,1.0,7.0,20247,M,0.0,0.0,201
201000013717,10,9,24,1245,1,2,1,3.0,1.0,20247,M,0.0,0.0,201
201000013718,10,9,29,1945,5,2,9,1.0,1.0,20247,M,0.0,0.0,201
201000013719,10,10,1,1215,1,2,1,1.0,1.0,20247,M,0.0,0.0,201
201000013720,10,10,17,1800,1,1,1,1.0,6.0,20247,M,0.0,0.0,201
201000013721,10,10,18,1500,1,1,1,1.0,7.0,20247,M,0.0,0.0,201
201000013722,10,10,30,430,5,2,1,1.0,6.0,20247,M,0.0,0.0,201
201000013723,10,11,10,1845,3,1,1,1.0,3.0,20300,M,0.0,0.0,201
201000013724,10,12,11,800,1,1,1,1.0,5.0,20247,M,0.0,0.0,201
201000013725,10,5,5,1715,1,1,1,1.0,3.0,20272,M,0.0,0.0,201
201000013726,10,7,22,1030,1,1,1,1.0,7.0,20272,M,0.0,0.0,201
201000013727,10,3,6,545,3,1,1,1.0,1.0,20191,M,0.0,0.0,201
201000013728,10,5,14,1530,1,1,1,1.0,3.0,20024,M,0.0,0.0,201
201000013729,10,6,14,1145,1,1,1,1.0,6.0,20024,M,0.0,0.0,201
201000013730,10,8,2,1800,1,1,1,1.0,1.0,20191,M,0.0,0.0,201
201000013731,10,8,6,1130,1,2,1,1.0,6.0,20278,M,0.0,0.0,201
201000013732,10,9,5,1315,1,1,1,1.0,7.0,20362,M,0.0,0.0,201
201000013733,10,9,5,1830,1,1,1,1.0,3.0,20362,M,0.0,0.0,201
201000013734,10,11,18,715,1,1,1,2.0,7.0,20118,M,0.0,0.0,201
201000013735,10,1,22,1300,1,1,1,1.0,4.0,20211,M,0.0,0.0,201
201000013736,10,3,6,1515,1,1,1,1.0,3.0,20276,M,0.0,0.0,201
201000013737,10,10,23,1430,1,1,1,1.0,3.0,20160,M,0.0,0.0,201
201000013738,10,1,13,1400,1,2,1,2.0,5.0,20249,M,0.0,0.0,201
201000013739,10,7,8,815,1,1,6,1.0,6.0,20189,M,0.0,0.0,201
201000013740,10,7,14,1730,1,2,1,1.0,6.0,20249,M,0.0,0.0,201
201000013741,10,8,19,1130,1,2,1,1.0,3.0,20249,M,0.0,0.0,201
201000013742,10,9,5,1200,1,2,1,1.0,1.0,20249,M,0.0,0.0,201
201000013743,10,9,21,1645,1,1,1,2.0,1.0,20249,M,0.0,0.0,201
201000013744,10,1,16,1445,1,2,1,1.0,6.0,20042,M,0.0,0.0,202
201000013745,10,2,20,630,1,1,1,1.0,5.0,20148,M,0.0,0.0,202
201000013746,10,4,2,1700,1,1,1,1.0,5.0,20350,M,0.0,0.0,202
201000013747,10,4,5,2000,2,1,3,1.0,1.0,20148,M,0.0,0.0,202
201000013748,10,4,6,2045,5,1,1,1.0,6.0,20148,M,0.0,0.0,202
201000013749,10,4,20,1800,1,1,1,1.0,2.0,20042,M,0.0,0.0,202
201000013750,10,4,14,1900,1,1,1,1.0,3.0,20042,M,0.0,0.0,202
201000013751,10,4,25,1545,1,1,1,1.0,1.0,20042,M,0.0,0.0,202
201000013752,10,5,2,1830,1,1,1,1.0,7.0,20355,M,0.0,0.0,202
201000013753,10,6,8,745,1,1,1,1.0,4.0,20042,M,0.0,0.0,202
201000013754,10,7,9,945,1,1,1,1.0,2.0,20042,M,0.0,0.0,202
201000013755,10,7,10,1600,1,1,1,1.0,3.0,20148,M,0.0,0.0,202
201000013756,10,7,19,1400,1,1,1,1.0,6.0,20355,M,0.0,0.0,202
201000013757,10,7,31,1345,1,2,2,1.0,3.0,20042,M,0.0,0.0,202
201000013758,10,8,9,2200,5,1,9,1.0,6.0,20148,M,0.0,0.0,202
201000013759,10,8,22,1045,1,2,1,1.0,4.0,20042,M,0.0,0.0,202
201000013760,10,8,23,900,1,1,1,1.0,6.0,20042,M,0.0,0.0,202
201000013761,10,8,27,2145,5,1,1,1.0,3.0,20148,M,0.0,0.0,202
201000013762,10,8,28,1745,1,2,1,1.0,6.0,20148,M,0.0,0.0,202
201000013763,10,9,2,1045,1,2,1,1.0,2.0,20042,M,0.0,0.0,202
201000013764,10,9,5,100,5,1,1,1.0,6.0,20355,M,0.0,0.0,202
201000013765,10,9,9,1500,1,1,1,2.0,3.0,20042,M,0.0,0.0,202
201000013766,10,9,25,1200,1,2,1,1.0,1.0,20042,M,0.0,0.0,202
201000013767,10,10,6,1545,1,2,1,1.0,6.0,20042,M,0.0,0.0,202
201000013768,10,11,4,1000,1,1,1,1.0,3.0,20350,M,4252500.0,942700.0,202
201000013769,10,11,12,600,5,1,2,1.0,3.0,20042,M,4257300.0,944200.0,202
201000013770,10,11,18,900,1,1,1,1.0,2.0,20042,M,0.0,0.0,202
201000013771,10,11,26,1845,3,1,1,1.0,6.0,20355,M,4252500.0,940000.0,202
201000013772,10,12,8,1645,1,1,1,3.0,7.0,20042,M,4257700.0,944200.0,202
201000013773,10,12,8,1700,2,2,1,9.0,6.0,20042,M,4255600.0,944400.0,202
201000013774,10,12,9,830,1,1,1,1.0,3.0,20042,M,0.0,0.0,202
201000013775,10,12,11,1200,1,1,1,1.0,2.0,20042,M,4255900.0,944300.0,202
201000013776,10,2,25,1745,1,2,1,1.0,3.0,20152,M,0.0,0.0,202
201000013777,10,4,3,445,5,1,1,1.0,1.0,20305,M,0.0,0.0,202
201000013778,10,6,27,1800,1,1,4,1.0,3.0,20046,M,0.0,0.0,202
201000013779,10,7,5,115,5,2,1,1.0,1.0,20305,M,0.0,0.0,202
201000013780,10,7,10,630,2,1,1,1.0,6.0,20043,M,0.0,0.0,202
201000013781,10,8,6,1815,1,1,1,1.0,1.0,20281,M,0.0,0.0,202
201000013782,10,8,22,1415,1,1,1,1.0,1.0,20309,M,0.0,0.0,202
201000013783,10,9,20,1645,1,2,1,1.0,1.0,20086,M,0.0,0.0,202
201000013784,10,10,5,30,3,1,1,3.0,7.0,20281,M,0.0,0.0,202
201000013785,10,11,5,815,1,1,1,1.0,1.0,20046,M,4288300.0,942100.0,202
201000013786,10,11,5,1815,1,1,1,1.0,1.0,20224,M,0.0,0.0,202
201000013787,10,11,20,1145,1,1,1,1.0,6.0,20305,M,4273900.0,946200.0,202
201000013788,10,1,25,1545,2,1,6,3.0,6.0,20188,M,0.0,0.0,202
201000013789,10,4,11,1500,1,1,1,2.0,1.0,20239,M,0.0,0.0,202
201000013790,10,4,27,1700,1,1,1,1.0,3.0,20188,M,0.0,0.0,202
201000013791,10,5,16,945,1,1,1,3.0,1.0,20265,M,0.0,0.0,202
201000013792,10,6,20,1815,1,1,1,8.0,7.0,20314,M,0.0,0.0,202
201000013793,10,7,1,1645,1,1,1,1.0,6.0,20029,M,0.0,0.0,202
201000013794,10,7,6,1730,1,1,1,1.0,7.0,20314,M,0.0,0.0,202
201000013795,10,7,17,545,1,2,1,1.0,6.0,20298,M,0.0,0.0,202
201000013796,10,7,18,215,5,2,1,1.0,1.0,20205,M,0.0,0.0,202
201000013797,10,7,21,1430,1,1,1,9.0,7.0,20188,M,0.0,0.0,202
201000013798,10,7,31,1100,1,2,1,1.0,6.0,20333,M,0.0,0.0,202
201000013799,10,8,24,1530,1,1,1,1.0,2.0,20298,M,0.0,0.0,202
201000013800,10,10,16,1630,2,1,1,1.0,6.0,20029,M,0.0,0.0,202
201000013801,10,1,20,815,1,1,1,2.0,1.0,20121,M,0.0,0.0,202
201000013802,10,1,23,1615,1,1,1,1.0,4.0,20049,M,0.0,0.0,202
201000013803,10,3,14,1130,1,1,1,1.0,6.0,20150,M,0.0,0.0,202
201000013804,10,2,23,1215,1,1,1,1.0,1.0,20150,M,0.0,0.0,202
201000013805,10,3,23,2300,3,1,1,1.0,6.0,20050,M,0.0,0.0,202
201000013806,10,6,25,715,1,1,1,1.0,1.0,20050,M,0.0,0.0,202
201000013807,10,7,4,445,3,1,1,1.0,7.0,20121,M,0.0,0.0,202
201000013808,10,7,26,1915,1,2,1,1.0,6.0,20050,M,0.0,0.0,202
201000013809,10,7,30,15,5,2,1,1.0,6.0,20121,M,0.0,0.0,202
201000013810,10,8,21,1800,2,1,1,1.0,7.0,20050,M,0.0,0.0,202
201000013811,10,5,25,2000,2,1,1,1.0,5.0,20199,M,0.0,0.0,202
201000013812,10,6,1,1800,1,2,1,1.0,7.0,20134,M,0.0,0.0,202
201000013813,10,7,9,645,1,1,1,1.0,5.0,20034,M,0.0,0.0,202
201000013814,10,7,25,1230,1,1,1,1.0,1.0,20316,M,0.0,0.0,202
201000013815,10,7,26,1645,1,1,1,1.0,2.0,20093,M,0.0,0.0,202
201000013816,10,8,6,1215,1,1,1,1.0,6.0,20084,M,0.0,0.0,202
201000013817,10,8,18,1830,1,1,1,1.0,3.0,20093,M,0.0,0.0,202
201000013818,10,8,23,1615,1,1,1,1.0,2.0,20093,M,0.0,0.0,202
201000013819,10,9,24,200,5,2,1,1.0,6.0,20190,M,0.0,0.0,202
201000013820,10,1,19,2100,3,1,1,1.0,1.0,20096,M,0.0,0.0,202
201000013821,10,4,15,1830,1,1,1,1.0,2.0,20096,M,0.0,0.0,202
201000013822,10,4,19,1215,1,1,1,1.0,1.0,20354,M,0.0,0.0,202
201000013823,10,5,2,1530,1,1,1,3.0,1.0,20341,M,0.0,0.0,202
201000013824,10,5,1,1000,1,1,1,1.0,7.0,20096,M,0.0,0.0,202
201000013825,10,6,28,930,1,2,1,1.0,1.0,20238,M,0.0,0.0,202
201000013826,10,7,15,1000,1,1,1,1.0,1.0,20329,M,0.0,0.0,202
201000013827,10,8,3,1830,1,1,1,1.0,5.0,20238,M,0.0,0.0,202
201000013828,10,10,1,915,1,1,8,1.0,3.0,20354,M,0.0,0.0,202
201000013829,10,10,13,815,1,1,1,8.0,7.0,20354,M,0.0,0.0,202
201000013830,10,12,1,800,3,1,1,2.0,7.0,20096,M,4227400.0,922200.0,202
201000013831,10,12,9,1145,1,1,1,2.0,1.0,20201,M,4216300.0,943600.0,202
201000013832,10,3,1,930,1,1,1,1.0,1.0,20095,M,0.0,0.0,202
201000013833,10,2,25,1600,1,1,1,1.0,7.0,20223,M,0.0,0.0,202
201000013834,10,2,27,300,3,1,1,1.0,7.0,20220,M,0.0,0.0,202
201000013835,10,5,13,1630,1,1,1,1.0,1.0,20136,M,0.0,0.0,202
201000013836,10,5,23,1215,1,1,1,1.0,6.0,20023,M,0.0,0.0,202
201000013837,10,6,3,1545,1,1,1,1.0,7.0,20289,M,0.0,0.0,202
201000013838,10,6,11,1700,1,1,1,1.0,7.0,20136,M,0.0,0.0,202
201000013839,10,6,13,1615,1,1,1,3.0,5.0,20289,M,0.0,0.0,202
201000013840,10,11,11,315,3,1,1,1.0,7.0,20337,M,0.0,0.0,202
201000013841,10,11,16,1945,3,1,1,3.0,1.0,20079,M,0.0,0.0,202
201000013842,10,11,25,1700,2,2,1,1.0,2.0,20079,M,0.0,0.0,202
201000013843,10,2,7,45,3,1,1,1.0,6.0,20123,M,0.0,0.0,202
201000013844,10,4,21,1830,1,2,1,1.0,3.0,20251,M,0.0,0.0,202
201000013845,10,5,20,1900,1,2,1,1.0,3.0,20123,M,0.0,0.0,202
201000013846,10,6,7,1815,1,1,1,1.0,3.0,20123,M,0.0,0.0,202
201000013847,10,7,6,30,3,1,1,1.0,6.0,20251,M,0.0,0.0,202
201000013848,10,9,19,1915,2,1,1,1.0,3.0,20123,M,0.0,0.0,202
201000013849,10,10,10,600,3,1,1,1.0,6.0,20251,M,0.0,0.0,202
201000013850,10,1,16,645,2,1,1,1.0,1.0,20143,M,0.0,0.0,202
201000013851,10,2,2,615,3,1,1,1.0,6.0,20009,M,0.0,0.0,202
201000013852,10,2,27,2100,3,1,1,8.0,6.0,20143,M,0.0,0.0,202
201000013853,10,4,7,845,1,1,1,1.0,3.0,20009,M,0.0,0.0,202
201000013854,10,4,26,1415,1,1,1,1.0,3.0,20009,M,0.0,0.0,202
201000013855,10,6,10,1830,1,1,1,1.0,3.0,20123,M,0.0,0.0,202
201000013856,10,6,16,1915,1,1,1,1.0,3.0,20009,M,0.0,0.0,202
201000013857,10,7,24,1530,1,1,1,1.0,1.0,20009,M,0.0,0.0,202
201000013858,10,8,5,730,2,1,1,1.0,6.0,20143,M,0.0,0.0,202
201000013859,10,8,17,1030,1,2,1,1.0,6.0,20009,M,0.0,0.0,202
201000013860,10,8,27,1045,1,2,1,1.0,6.0,20009,M,0.0,0.0,202
201000013861,10,10,4,500,3,2,1,2.0,1.0,20143,M,0.0,0.0,202
201000013862,10,10,13,1545,1,2,1,1.0,3.0,20009,M,0.0,0.0,202
201000013863,10,12,18,1645,2,1,1,1.0,2.0,20143,M,0.0,0.0,202
201000013864,10,3,31,1845,2,1,9,1.0,2.0,20313,M,0.0,0.0,202
201000013865,10,6,6,1900,1,1,3,1.0,1.0,20303,M,0.0,0.0,202
201000013866,10,8,3,900,1,1,1,1.0,2.0,20087,M,0.0,0.0,202
201000013867,10,8,24,2015,5,2,9,1.0,1.0,20313,M,0.0,0.0,202
201000013868,10,12,9,1515,1,1,1,1.0,3.0,20303,M,4226500.0,954900.0,202
201000013869,10,12,29,45,3,1,1,1.0,7.0,20303,M,0.0,0.0,202
201000013870,10,1,17,2030,5,2,1,1.0,1.0,20346,M,0.0,0.0,202
201000013871,10,2,1,1800,2,2,1,1.0,6.0,20207,M,0.0,0.0,202
201000013872,10,2,20,530,3,1,1,1.0,1.0,20346,M,0.0,0.0,202
201000013873,10,5,27,2300,3,1,1,1.0,7.0,20077,M,0.0,0.0,202
201000013874,10,6,13,900,1,2,6,1.0,6.0,20207,M,0.0,0.0,202
201000013875,10,7,4,30,3,1,1,1.0,7.0,20318,M,0.0,0.0,202
201000013876,10,7,15,1830,1,1,1,1.0,3.0,20207,M,0.0,0.0,202
201000013877,10,7,18,2115,5,1,1,1.0,3.0,20077,M,0.0,0.0,202
201000013878,10,7,19,1530,1,1,1,1.0,1.0,20166,M,0.0,0.0,202
201000013879,10,8,6,1515,1,2,1,1.0,6.0,20207,M,0.0,0.0,202
201000013880,10,8,13,1215,1,1,1,1.0,3.0,20343,M,0.0,0.0,202
201000013881,10,8,17,1530,1,1,1,1.0,3.0,20166,M,0.0,0.0,202
201000013882,10,8,16,145,5,1,1,1.0,2.0,20077,M,0.0,0.0,202
201000013883,10,9,24,115,5,1,1,1.0,7.0,20207,M,0.0,0.0,202
201000013884,10,11,1,815,3,1,1,8.0,1.0,20318,M,4244300.0,951700.0,202
201000013885,10,11,26,1830,5,1,1,1.0,6.0,20166,M,4251600.0,945100.0,202
201000013886,10,12,27,1500,1,1,1,1.0,4.0,20319,M,0.0,0.0,202
201000013887,10,3,15,1530,1,2,1,1.0,6.0,05023,M,,,05
201000013888,10,7,26,800,1,2,1,7.0,6.0,05023,M,,,05
201000013889,10,8,24,1500,1,2,1,1.0,2.0,05023,M,,,05
201000013890,10,11,16,2120,5,2,1,1.0,6.0,05023,M,,,05
201000013891,10,3,18,1905,2,2,3,1.0,3.0,05061,M,,,05
201000013892,10,4,30,2005,2,2,3,1.0,3.0,05061,M,,,05
201000013893,10,5,24,1800,1,2,1,1.0,2.0,05061,M,,,05
201000013894,10,5,26,800,1,2,1,1.0,6.0,05061,M,,,05
201000013895,10,6,4,1800,1,1,3,1.0,2.0,05061,M,,,05
201000013896,10,6,18,725,1,2,3,1.0,3.0,05061,M,,,05
201000013897,10,7,7,730,1,2,3,1.0,3.0,05061,M,,,05
201000013898,10,7,15,1805,1,2,1,1.0,3.0,05061,M,,,05
201000013899,10,7,31,1135,1,2,1,1.0,3.0,05061,M,,,05
201000013900,10,8,10,2015,1,2,1,1.0,3.0,05061,M,,,05
201000013901,10,8,11,1110,1,2,1,1.0,6.0,05061,M,,,05
201000013902,10,9,1,2055,5,2,3,1.0,3.0,05061,M,,,05
201000013903,10,9,25,1630,1,2,1,1.0,6.0,05061,M,,,05
201000013904,10,10,2,1350,1,2,2,1.0,3.0,05061,M,,,05
201000013905,10,10,29,940,1,2,1,7.0,6.0,05061,M,,,05
201000013906,10,11,13,1300,1,2,6,1.0,3.0,05061,M,,,05
201000013907,10,3,7,1400,1,2,1,1.0,1.0,78531,M,4900550.0,161812.0,78
201000013908,10,3,21,1015,1,1,1,1.0,1.0,78531,M,4900300.0,165100.0,78
201000013909,10,6,9,1215,1,2,3,1.0,3.0,78531,M,4900020.0,163598.0,78
201000013910,10,6,18,1915,1,2,1,1.0,5.0,78531,M,4899990.0,163997.0,78
201000013911,10,7,13,15,3,1,1,1.0,6.0,78231,M,4894500.0,163900.0,78
201000013912,10,7,28,130,5,2,1,1.0,6.0,78559,M,4895800.0,151000.0,78
201000013913,10,8,22,1530,1,1,1,1.0,6.0,78444,M,4893000.0,152000.0,78
201000013914,10,10,15,900,1,1,2,1.0,3.0,78346,M,4893200.0,157100.0,78
201000013915,10,1,17,445,5,2,1,1.0,6.0,78255,M,4902950.0,160691.0,78
201000013916,10,2,5,1700,1,2,1,1.0,6.0,78089,M,4903740.0,158204.0,78
201000013917,10,2,16,2015,3,1,1,1.0,7.0,78410,M,4907560.0,163099.0,78
201000013918,10,3,10,1815,1,2,1,1.0,3.0,78276,M,4907660.0,159526.0,78
201000013919,10,5,7,1830,1,1,1,1.0,4.0,78320,M,4902900.0,155101.0,78
201000013920,10,5,28,2000,1,2,1,1.0,6.0,78057,M,4904480.0,155993.0,78
201000013921,10,6,15,1700,1,1,3,1.0,3.0,78668,M,4902270.0,150649.0,78
201000013922,10,6,19,1200,1,2,1,1.0,6.0,78089,M,4903700.0,157870.0,78
201000013923,10,7,10,1530,1,2,1,1.0,4.0,78255,M,4903790.0,158961.0,78
201000013924,10,8,22,1600,1,2,1,1.0,6.0,78255,M,4904670.0,160367.0,78
201000013925,10,10,10,1030,1,2,1,1.0,3.0,78057,M,4904100.0,157300.0,78
201000013926,10,10,25,1600,1,2,1,1.0,6.0,78337,M,0.0,0.0,78
201000013927,10,12,3,830,1,1,1,1.0,5.0,78320,M,4905600.0,152800.0,78
201000013928,10,12,18,1545,1,1,1,4.0,1.0,78089,M,0.0,0.0,78
201000013929,10,12,28,800,2,1,1,2.0,6.0,78320,M,4902900.0,152700.0,78
201000013930,10,3,5,845,1,1,1,1.0,3.0,78246,M,4903360.0,176546.0,78
201000013931,10,3,5,1645,1,1,3,1.0,3.0,78239,M,4901580.0,168648.0,78
201000013932,10,4,29,1700,1,1,1,1.0,6.0,78536,M,4905190.0,179175.0,78
201000013933,10,8,1,1300,1,1,2,1.0,5.0,78246,M,4903350.0,174805.0,78
201000013934,10,9,6,1330,1,2,1,1.0,3.0,78246,M,4902800.0,175900.0,78
201000013935,10,9,26,1830,2,1,9,3.0,2.0,78536,M,4905700.0,179100.0,78
201000013936,10,10,27,1845,2,2,1,1.0,6.0,78246,M,4902400.0,174800.0,78
201000013937,10,2,12,1700,1,2,2,1.0,3.0,78206,M,4895070.0,192796.0,78
201000013938,10,3,13,845,1,2,3,1.0,3.0,78090,M,4895290.0,190891.0,78
201000013939,10,3,13,1745,1,1,2,1.0,6.0,78206,M,4894690.0,192268.0,78
201000013940,10,3,19,1345,1,1,1,1.0,7.0,78238,M,4896100.0,187900.0,78
201000013941,10,4,18,830,1,1,1,1.0,6.0,78263,M,4879840.0,172110.0,78
201000013942,10,5,21,1400,1,2,9,7.0,3.0,78520,M,4882970.0,164102.0,78
201000013943,10,6,11,1645,1,2,1,1.0,2.0,78310,M,4879400.0,160689.0,78
201000013944,10,7,22,1200,1,1,1,1.0,1.0,78285,M,4884380.0,160461.0,78
201000013945,10,11,23,1915,3,1,1,1.0,3.0,78048,M,4879800.0,167200.0,78
201000013946,10,12,16,815,2,1,1,2.0,5.0,78381,M,4878600.0,161800.0,78
201000013947,10,2,9,2030,5,2,1,1.0,6.0,78033,M,4892930.0,184182.0,78