Num_Acc,an,mois,jour,hrmn,lum,agg,int,atm,col,com,gps,lat,long,dep
201000013948,10,4,11,1030,1,2,3,1.0,5.0,78451,M,4894330.0,183694.0,78
201000013949,10,4,15,1815,1,1,1,1.0,7.0,78368,M,4889200.0,189200.0,78
201000013950,10,5,7,1715,1,1,1,1.0,6.0,78368,M,4890170.0,186580.0,78
201000013951,10,5,27,1645,1,1,1,8.0,1.0,78380,M,4889500.0,184189.0,78
201000013952,10,6,15,700,1,1,4,1.0,3.0,78368,M,4888930.0,186616.0,78
201000013953,10,10,4,800,2,2,1,2.0,6.0,78380,M,4891200.0,185800.0,78
201000013954,10,10,9,1800,1,1,1,1.0,7.0,78380,M,4892600.0,181300.0,78
201000013955,10,10,14,900,1,2,1,1.0,3.0,78380,M,4891600.0,185200.0,78
201000013956,10,11,29,730,2,2,1,4.0,7.0,78380,M,0.0,0.0,78
201000013957,10,3,10,900,1,1,1,1.0,6.0,78300,M,4889310.0,173897.0,78
201000013958,10,4,5,2000,1,2,6,1.0,7.0,78465,M,0.0,0.0,78
201000013959,10,5,20,1600,1,1,1,1.0,7.0,78031,M,4895460.0,169727.0,78
201000013960,10,5,22,1600,1,1,3,1.0,3.0,78107,M,4894670.0,154688.0,78
201000013961,10,5,29,1400,1,1,1,1.0,1.0,78591,M,0.0,0.0,78
201000013962,10,7,20,1600,1,2,3,1.0,3.0,78618,M,4888430.0,157569.0,78
201000013963,10,9,9,1030,1,2,1,8.0,3.0,78474,M,0.0,0.0,78
201000013964,10,9,17,2045,3,1,1,1.0,5.0,78185,M,0.0,0.0,78
201000013965,10,10,11,2045,3,1,1,1.0,3.0,78439,M,0.0,0.0,78
201000013966,10,12,4,1945,3,1,1,1.0,4.0,78104,M,0.0,0.0,78
201000013967,10,12,17,1630,2,2,1,4.0,5.0,78465,M,0.0,0.0,78
201000013968,10,12,21,830,1,1,1,4.0,5.0,78505,M,0.0,0.0,78
201000013969,10,1,1,615,5,2,1,1.0,6.0,78516,M,4864480.0,169134.0,78
201000013970,10,2,4,1630,1,1,1,1.0,1.0,78464,M,4857910.0,182018.0,78
201000013971,10,2,13,2315,3,1,1,1.0,1.0,78407,M,4866240.0,166866.0,78
201000013972,10,2,25,1345,1,1,1,3.0,6.0,78030,M,4865800.0,190451.0,78
201000013973,10,4,7,1500,1,1,1,1.0,6.0,78030,M,4869800.0,189679.0,78
201000013974,10,4,25,1315,1,1,1,1.0,6.0,78497,M,4869090.0,177052.0,78
201000013975,10,7,6,1400,1,1,1,1.0,1.0,78030,M,4870260.0,188355.0,78
201000013976,10,7,6,1900,1,1,1,1.0,2.0,78497,M,4868730.0,177159.0,78
201000013977,10,10,10,15,3,1,1,1.0,7.0,78516,M,0.0,0.0,78
201000013978,10,1,5,1645,1,1,1,1.0,1.0,78003,M,4853700.0,187570.0,78
201000013979,10,1,15,700,3,1,1,4.0,6.0,78564,M,4852350.0,192835.0,78
201000013980,10,2,3,745,2,1,1,1.0,1.0,78071,M,4849420.0,184362.0,78
201000013981,10,2,12,1230,1,1,1,1.0,1.0,78472,M,4848900.0,180366.0,78
201000013982,10,4,10,1230,1,1,2,1.0,3.0,78506,M,4851140.0,179555.0,78
201000013983,10,4,16,1930,1,1,1,1.0,6.0,78003,M,4853800.0,182923.0,78
201000013984,10,4,20,145,3,1,1,1.0,7.0,78003,M,4853270.0,182922.0,78
201000013985,10,5,1,1930,1,1,4,1.0,6.0,78470,M,4857910.0,177379.0,78
201000013986,10,6,3,1945,2,1,1,1.0,6.0,78003,M,4854060.0,182960.0,78
201000013987,10,8,1,500,3,1,1,1.0,7.0,78506,M,4849010.0,180488.0,78
201000013988,10,9,5,2345,3,1,1,1.0,6.0,78003,M,4852400.0,183000.0,78
201000013989,10,9,19,1730,1,1,9,1.0,2.0,78506,M,4851500.0,179100.0,78
201000013990,10,10,13,1615,1,2,1,1.0,6.0,78601,M,4857900.0,187800.0,78
201000013991,10,12,28,700,3,1,1,2.0,6.0,78506,M,4855200.0,183100.0,78
201000013992,10,1,27,1245,1,2,3,1.0,7.0,78160,M,4870780.0,203494.0,78
201000013993,10,4,17,1645,1,1,1,1.0,7.0,78548,M,0.0,0.0,78
201000013994,10,3,18,1400,1,1,1,1.0,7.0,78548,M,0.0,0.0,78
201000013995,10,5,5,2115,2,1,1,1.0,6.0,78128,M,4866860.0,194545.0,78
201000013996,10,5,7,1845,1,1,3,1.0,2.0,78590,M,4868960.0,197772.0,78
201000013997,10,6,11,745,1,1,1,9.0,6.0,78548,M,4870790.0,200136.0,78
201000013998,10,6,25,1430,1,1,1,1.0,6.0,78128,M,4866870.0,194565.0,78
201000013999,10,7,3,845,1,1,1,8.0,5.0,78575,M,4869530.0,206727.0,78
201000014000,10,8,8,1730,1,1,1,1.0,6.0,78128,M,4866990.0,195662.0,78
201000014001,10,9,9,1130,1,1,1,1.0,7.0,78590,M,0.0,0.0,78
201000014002,10,9,9,2000,1,1,1,2.0,6.0,78160,M,0.0,0.0,78
201000014003,10,2,19,2200,3,1,1,1.0,2.0,78443,M,4880370.0,186575.0,78
201000014004,10,5,16,445,3,1,1,1.0,4.0,78366,M,4879560.0,186758.0,78
201000014005,10,6,19,1545,1,2,1,1.0,3.0,78389,M,4879400.0,181300.0,78
201000014006,10,2,11,1745,2,1,1,4.0,5.0,78623,M,4879120.0,187113.0,78
201000014007,10,2,26,1915,3,1,1,1.0,6.0,78321,M,4879480.0,189961.0,78
201000014008,10,3,1,1400,1,2,1,1.0,7.0,78062,M,4885800.0,189758.0,78
201000014009,10,3,26,1515,1,1,1,1.0,5.0,78062,M,4884510.0,188121.0,78
201000014010,10,3,29,745,1,1,6,2.0,2.0,78321,M,4879850.0,189972.0,78
201000014011,10,4,5,2015,1,2,2,1.0,1.0,78321,M,4880120.0,190390.0,78
201000014012,10,4,17,515,4,2,1,2.0,6.0,78321,M,4879300.0,190000.0,78
201000014013,10,5,25,915,1,1,1,1.0,3.0,78062,M,4883650.0,187764.0,78
201000014014,10,6,23,715,1,2,9,1.0,7.0,78442,M,4881230.0,189628.0,78
201000014015,10,6,29,1930,1,1,1,1.0,1.0,78615,M,4883880.0,191203.0,78
201000014016,10,9,14,1830,1,2,1,1.0,6.0,78321,M,4881300.0,189500.0,78
201000014017,10,10,8,1600,1,2,1,1.0,3.0,78321,M,4880600.0,190000.0,78
201000014018,10,11,3,1945,5,1,3,8.0,5.0,78615,M,4885300.0,190900.0,78
201000014019,10,12,22,1745,3,1,1,4.0,7.0,78321,M,4879500.0,188400.0,78
201000014020,10,2,1,800,1,1,1,4.0,1.0,78278,M,4887250.0,176658.0,78
201000014021,10,2,20,2015,3,1,1,1.0,6.0,78513,M,4879870.0,173773.0,78
201000014022,10,5,1,1600,1,2,1,1.0,6.0,78364,M,4886070.0,181815.0,78
201000014023,10,8,23,1000,1,1,1,2.0,7.0,78265,M,4883000.0,174800.0,78
201000014024,10,9,21,1730,1,1,1,1.0,4.0,78278,M,4888200.0,177100.0,78
201000014025,10,1,4,2230,3,1,1,1.0,7.0,78071,M,4850070.0,183972.0,78
201000014026,10,3,24,1045,1,1,1,1.0,6.0,78164,M,4862630.0,189466.0,78
201000014027,10,5,9,2000,1,1,2,1.0,3.0,78522,M,4858580.0,198145.0,78
201000014028,10,6,19,1915,1,2,1,8.0,3.0,78537,M,4857200.0,193692.0,78
201000014029,10,6,29,1700,1,2,1,1.0,6.0,78537,M,4857570.0,194633.0,78
201000014030,10,7,22,1145,1,2,1,1.0,6.0,78601,M,4861800.0,184300.0,78
201000014031,10,8,5,900,1,2,1,1.0,6.0,78537,M,0.0,0.0,78
201000014032,10,8,28,1100,1,1,1,1.0,6.0,78087,M,4861400.0,201600.0,78
201000014033,10,10,27,1700,1,1,1,1.0,6.0,78569,M,0.0,0.0,78
201000014034,10,11,13,1000,1,1,1,2.0,6.0,78164,M,0.0,0.0,78
201000014035,10,10,31,200,5,1,1,1.0,2.0,78537,M,4857900.0,195000.0,78
201000014036,10,11,26,1530,1,1,1,8.0,1.0,78569,M,0.0,0.0,78
201000014037,10,4,6,600,2,1,1,1.0,6.0,91235,M,4863300.0,235600.0,91
201000014038,10,5,3,1315,1,2,1,1.0,6.0,91235,M,4864200.0,236300.0,91
201000014039,10,6,8,1745,1,1,9,1.0,2.0,91235,M,4863500.0,235600.0,91
201000014040,10,8,23,915,1,2,1,8.0,6.0,91235,M,4863600.0,236000.0,91
201000014041,10,12,16,2000,3,2,1,2.0,6.0,91235,M,4863800.0,236000.0,91
201000014042,10,8,3,1100,1,2,1,1.0,1.0,91659,M,0.0,0.0,91
201000014043,10,11,8,1815,1,2,6,2.0,2.0,91386,M,0.0,0.0,91
201000014044,10,12,7,2045,4,2,9,2.0,2.0,91468,M,4857200.0,245000.0,91
201000014045,10,2,19,745,2,1,1,1.0,1.0,91405,M,0.0,0.0,91
201000014046,10,4,6,1445,1,1,1,1.0,1.0,91180,M,0.0,0.0,91
201000014047,10,4,30,1345,1,1,1,1.0,6.0,91599,M,0.0,0.0,91
201000014048,10,5,23,400,3,1,2,1.0,3.0,91599,M,4848200.0,247300.0,91
201000014049,10,5,27,1645,1,2,1,1.0,3.0,91405,M,0.0,0.0,91
201000014050,10,5,29,1145,1,2,1,1.0,1.0,91408,M,0.0,0.0,91
201000014051,10,6,20,1800,1,1,1,1.0,7.0,91121,M,0.0,0.0,91
201000014052,10,10,10,1645,1,1,9,1.0,3.0,91180,M,0.0,0.0,91
201000014053,10,10,29,1700,1,2,3,1.0,3.0,91359,M,0.0,0.0,91
201000014054,10,3,16,815,1,2,1,1.0,6.0,91200,M,4853400.0,201399.0,91
201000014055,10,9,9,1515,1,1,1,2.0,4.0,91200,M,4854700.0,199100.0,91
201000014056,10,10,18,1545,1,1,1,7.0,6.0,91200,M,4851900.0,198800.0,91
201000014057,10,11,11,945,1,2,1,3.0,6.0,91247,M,4848400.0,204400.0,91
201000014058,10,1,28,930,1,1,1,1.0,2.0,91226,M,0.0,0.0,91
201000014059,10,4,21,1730,1,2,3,1.0,3.0,91095,M,4852200.0,229100.0,91
201000014060,10,6,8,1600,1,1,1,8.0,3.0,91095,M,0.0,0.0,91
201000014061,10,6,30,1130,1,2,1,1.0,2.0,91226,M,0.0,0.0,91
201000014062,10,9,18,1500,1,1,1,1.0,7.0,91330,M,4853300.0,226100.0,91
201000014063,10,3,4,815,1,2,1,1.0,3.0,91047,M,4849300.0,235500.0,91
201000014064,10,6,3,1515,1,1,6,1.0,2.0,91047,M,4849900.0,236300.0,91
201000014065,10,7,4,900,3,1,1,1.0,1.0,91080,M,4847300.0,229100.0,91
201000014066,10,9,24,1930,5,2,9,3.0,3.0,91232,M,4848600.0,236100.0,91
201000014067,10,10,5,830,1,2,1,8.0,6.0,91232,M,0.0,0.0,91
201000014068,10,11,19,2100,3,1,1,1.0,1.0,91639,M,0.0,0.0,91
201000014069,10,5,23,2215,3,1,1,1.0,7.0,91533,M,0.0,0.0,91
201000014070,10,6,27,645,1,1,1,1.0,7.0,91414,M,4835000.0,203900.0,91
201000014071,10,8,12,1200,1,1,1,1.0,1.0,91511,M,0.0,0.0,91
201000014072,10,2,7,245,5,2,6,1.0,6.0,91546,M,4857300.0,203300.0,91
201000014073,10,2,10,1500,1,2,1,4.0,2.0,91546,M,0.0,0.0,91
201000014074,10,2,18,1915,5,2,1,1.0,3.0,91568,M,4859400.0,213500.0,91
201000014075,10,3,18,1600,1,1,1,1.0,6.0,91593,M,4854000.0,207100.0,91
201000014076,10,7,7,745,1,1,1,9.0,3.0,91568,M,4857900.0,209600.0,91
201000014077,10,8,31,2345,5,2,1,1.0,7.0,91540,M,4855000.0,212000.0,91
201000014078,10,9,23,1615,1,1,3,1.0,3.0,91081,M,0.0,0.0,91
201000014079,10,11,13,400,5,2,1,2.0,6.0,91546,M,0.0,0.0,91
201000014080,10,12,21,1245,1,2,1,8.0,3.0,91546,M,0.0,0.0,91
201000014081,10,1,18,1815,5,2,1,2.0,3.0,91661,M,0.0,0.0,91
201000014082,10,2,6,1415,1,1,6,1.0,2.0,91661,M,0.0,0.0,91
201000014083,10,2,20,845,1,2,1,4.0,4.0,91661,M,0.0,0.0,91
201000014084,10,8,30,1845,1,1,1,1.0,5.0,91661,M,4870000.0,223300.0,91
201000014085,10,5,18,1430,1,1,1,1.0,4.0,91461,M,4861000.0,219700.0,91
201000014086,10,7,3,915,1,1,1,3.0,1.0,91156,M,4855800.0,227700.0,91
201000014087,10,7,8,545,1,1,1,1.0,5.0,91207,M,0.0,0.0,91
201000014088,10,7,9,2115,1,1,1,1.0,7.0,91207,M,4858100.0,222200.0,91
201000014089,10,7,24,2055,3,1,1,1.0,2.0,91041,M,4856500.0,224600.0,91
201000014090,10,9,15,1145,1,1,9,1.0,2.0,91207,M,0.0,0.0,91
201000014091,10,10,2,750,2,1,1,2.0,6.0,91041,M,0.0,0.0,91
201000014092,10,10,21,2300,3,1,1,1.0,1.0,91041,M,4857000.0,223000.0,91
201000014093,10,11,20,1945,3,1,1,1.0,6.0,91156,M,4855600.0,226400.0,91
201000014094,10,2,18,1800,1,2,1,2.0,6.0,91579,M,0.0,0.0,91
201000014095,10,7,27,315,3,1,1,1.0,7.0,91579,M,0.0,0.0,91
201000014096,10,12,16,515,3,1,6,2.0,7.0,91494,M,4862000.0,235300.0,91
201000014097,10,2,9,830,1,1,1,4.0,1.0,91338,M,4865800.0,206999.0,91
201000014098,10,4,24,1800,1,1,1,1.0,2.0,91411,M,4868600.0,207200.0,91
201000014099,10,4,30,1615,1,1,1,1.0,1.0,91249,M,4861900.0,208700.0,91
201000014100,10,5,1,1515,1,1,1,1.0,1.0,91411,M,0.0,0.0,91
201000014101,10,8,17,1800,1,2,1,8.0,6.0,91634,M,4860600.0,212000.0,91
201000014102,10,10,2,2045,5,2,1,1.0,3.0,91249,M,4863100.0,210400.0,91
201000014103,10,11,15,1800,3,2,1,2.0,1.0,91111,M,0.0,0.0,91
201000014104,10,12,13,830,1,1,1,1.0,7.0,91338,M,0.0,0.0,91
201000014105,10,2,22,1915,3,1,1,2.0,1.0,91587,M,0.0,0.0,91
201000014106,10,4,6,1000,1,2,1,1.0,3.0,91587,M,4869000.0,227600.0,91
201000014107,10,6,14,1015,1,2,9,1.0,6.0,91587,M,0.0,0.0,91
201000014108,10,6,21,1750,1,1,1,1.0,6.0,91044,M,0.0,0.0,91
201000014109,10,9,22,745,1,1,1,1.0,5.0,91044,M,0.0,0.0,91
201000014110,10,1,19,745,3,1,1,5.0,7.0,91274,M,0.0,0.0,91
201000014111,10,1,19,1945,5,2,1,1.0,6.0,91272,M,0.0,0.0,91
201000014112,10,1,24,500,5,1,1,1.0,6.0,91679,M,0.0,0.0,91
201000014113,10,1,28,1245,1,2,1,1.0,3.0,91272,M,0.0,0.0,91
201000014114,10,2,11,1745,2,2,1,4.0,5.0,91560,M,0.0,0.0,91
201000014115,10,2,24,1815,1,1,1,1.0,1.0,91272,M,0.0,0.0,91
201000014116,10,4,13,1945,2,2,6,2.0,1.0,91272,M,0.0,0.0,91
201000014117,10,4,12,1930,1,2,1,1.0,3.0,91272,M,0.0,0.0,91
201000014118,10,5,18,1700,1,2,1,1.0,6.0,91272,M,0.0,0.0,91
201000014119,10,6,11,1930,1,2,1,1.0,1.0,91272,M,0.0,0.0,91
201000014120,10,6,26,1130,1,1,1,1.0,7.0,91275,M,0.0,0.0,91
201000014121,10,7,6,845,1,2,3,1.0,3.0,91272,M,4870800.0,211400.0,91
201000014122,10,8,26,1230,1,2,1,1.0,6.0,91272,M,0.0,0.0,91
201000014123,10,9,4,2000,2,2,6,1.0,3.0,91272,M,0.0,0.0,91
201000014124,10,9,11,1615,1,1,1,1.0,1.0,91679,M,0.0,0.0,91
201000014125,10,9,24,1945,3,1,1,1.0,7.0,91679,M,4873200.0,211000.0,91
201000014126,10,10,10,1915,5,1,6,1.0,6.0,91275,M,0.0,0.0,91
201000014127,10,2,2,15,3,1,1,1.0,7.0,95610,M,4908350.0,189510.0,95
201000014128,10,7,2,630,1,1,1,1.0,3.0,95535,M,4905250.0,195890.0,95
201000014129,10,10,16,230,3,1,1,2.0,6.0,95535,M,4904360.0,195360.0,95
201000014130,10,12,27,30,3,1,1,1.0,6.0,95058,M,4916480.0,229520.0,95
201000014131,10,2,25,1240,1,1,1,3.0,1.0,95024,M,4911010.0,179090.0,95
201000014132,10,3,20,1020,1,1,1,2.0,7.0,95379,M,4912330.0,178970.0,95
201000014133,10,3,21,330,5,2,1,1.0,7.0,95101,M,4913920.0,166190.0,95
201000014134,10,5,11,1845,1,1,1,2.0,1.0,95355,M,4917940.0,181030.0,95
201000014135,10,5,23,730,1,1,1,1.0,6.0,95554,M,4916530.0,178970.0,95
201000014136,10,6,24,1250,1,2,1,1.0,3.0,95157,M,4909110.0,167860.0,95
201000014137,10,8,7,1515,1,2,1,1.0,7.0,95554,M,4917790.0,177520.0,95
201000014138,10,9,5,1700,1,1,1,1.0,5.0,95523,M,4908640.0,164120.0,95
201000014139,10,10,16,2115,5,2,3,1.0,3.0,95554,M,4916350.0,178010.0,95
201000014140,10,11,8,1745,2,1,1,2.0,1.0,95554,M,4917530.0,175270.0,95
201000014141,10,11,17,1015,1,1,1,8.0,6.0,95379,M,4911740.0,179060.0,95
201000014142,10,11,27,2000,3,1,1,1.0,7.0,95008,M,4906760.0,175990.0,95
201000014143,10,12,15,1245,1,1,1,1.0,7.0,95008,M,4907310.0,178210.0,95
201000014144,10,1,17,630,2,1,6,2.0,6.0,95271,M,4907990.0,207110.0,95
201000014145,10,1,24,1145,1,1,1,2.0,6.0,95254,M,4912670.0,198320.0,95
201000014146,10,2,17,1115,1,1,1,2.0,6.0,95023,M,4918810.0,212570.0,95
201000014147,10,4,3,1030,1,1,1,8.0,6.0,95584,M,4913300.0,195270.0,95
201000014148,10,4,30,1515,1,1,1,1.0,7.0,95102,M,4913900.0,200870.0,95
201000014149,10,5,23,445,5,2,1,1.0,6.0,95078,M,4907290.0,202850.0,95
201000014150,10,5,29,1815,1,2,1,1.0,6.0,95213,M,4912160.0,205039.0,95
201000014151,10,5,30,400,3,2,1,2.0,6.0,95298,M,4916710.0,202950.0,95
201000014152,10,12,17,1500,1,2,1,4.0,3.0,95370,M,4914420.0,198240.0,95
201000014153,10,2,28,1520,1,2,1,8.0,6.0,95039,M,4906870.0,217410.0,95
201000014154,10,3,26,730,1,1,1,1.0,1.0,95308,M,4910430.0,212810.0,95
201000014155,10,6,2,1800,1,2,1,1.0,3.0,95120,M,4908430.0,220050.0,95
201000014156,10,1,22,1735,1,1,1,1.0,6.0,95592,M,4903950.0,186860.0,95
201000014157,10,4,24,535,3,1,1,1.0,1.0,95169,M,4913870.0,188740.0,95
201000014158,10,5,4,1045,1,1,1,1.0,7.0,95535,M,4905430.0,198020.0,95
201000014159,10,6,8,1600,1,2,1,1.0,7.0,95002,M,4907070.0,196770.0,95
201000014160,10,8,27,1630,1,1,1,8.0,3.0,95535,M,4906140.0,196180.0,95
201000014161,10,8,29,1945,1,2,2,2.0,3.0,95592,M,4904730.0,187920.0,95
201000014162,10,9,5,1730,1,1,1,1.0,7.0,95002,M,4906660.0,197380.0,95
201000014163,10,10,3,1120,1,2,1,1.0,7.0,95592,M,4902560.0,187140.0,95
201000014164,10,11,9,1615,1,1,1,2.0,7.0,95535,M,4906510.0,197810.0,95
201000014165,10,5,7,2000,1,2,1,1.0,3.0,95199,M,4902750.0,234450.0,95
201000014166,10,5,14,1330,1,2,1,1.0,1.0,95091,M,4904270.0,230300.0,95
201000014167,10,8,11,830,1,1,1,2.0,6.0,95199,M,4902670.0,231210.0,95
201000014168,10,8,22,745,1,1,1,1.0,6.0,95028,M,4906950.0,234070.0,95
201000014169,10,8,23,1730,1,2,1,1.0,6.0,95409,M,4904050.0,234040.0,95
201000014170,10,11,18,1830,5,2,1,8.0,2.0,95409,M,4904890.0,233380.0,95
201000014171,10,1,25,1830,5,1,2,1.0,2.0,95205,M,4902280.0,238660.0,95
201000014172,10,2,1,730,2,1,1,8.0,2.0,95205,M,4903080.0,239010.0,95
201000014173,10,2,1,1400,1,1,1,1.0,3.0,95492,M,4903350.0,242710.0,95
201000014174,10,2,3,845,1,1,1,1.0,2.0,95205,M,4903060.0,239010.0,95
201000014175,10,2,5,915,1,1,1,2.0,2.0,95205,M,4903080.0,239010.0,95
201000014176,10,4,10,1645,1,2,1,1.0,2.0,95229,M,4903310.0,235460.0,95
201000014177,10,5,7,2330,5,1,1,1.0,7.0,95205,M,4903370.0,239150.0,95
201000014178,10,9,13,1515,1,1,1,1.0,3.0,95409,M,4903880.0,234170.0,95
201000014179,10,10,21,15,5,2,1,1.0,7.0,95229,M,4903210.0,235930.0,95
201000014180,10,2,15,2215,3,1,1,9.0,7.0,95241,M,4905870.0,243840.0,95
201000014181,10,4,9,1800,1,2,1,1.0,1.0,95641,M,4906380.0,255610.0,95
201000014182,10,11,12,2040,3,2,6,1.0,2.0,95351,M,4902870.0,249990.0,95
201000014183,10,2,4,750,1,1,2,1.0,3.0,77175,M,0.0,0.0,77
201000014184,10,3,29,1730,1,1,1,1.0,2.0,77127,M,0.0,0.0,77
201000014185,10,5,10,1645,1,1,2,2.0,3.0,77455,M,4863800.0,271600.0,77
201000014186,10,6,24,1845,1,1,2,7.0,3.0,77455,M,4863800.0,271600.0,77
201000014187,10,8,6,1900,1,1,1,1.0,3.0,77457,M,4866700.0,271900.0,77
201000014188,10,10,5,630,2,1,1,1.0,2.0,77217,M,4870700.0,267100.0,77
201000014189,10,11,27,1715,3,1,1,9.0,7.0,77127,M,4867100.0,270700.0,77
201000014190,10,12,24,1600,1,1,1,8.0,1.0,77252,M,4863500.0,264800.0,77
201000014191,10,12,25,1245,1,1,1,1.0,7.0,77127,M,0.0,0.0,77
201000014192,10,1,21,1820,3,1,1,1.0,1.0,77100,M,0.0,0.0,77
201000014193,10,3,7,1715,1,1,1,6.0,7.0,77034,M,0.0,0.0,77
201000014194,10,3,9,1915,2,1,1,1.0,2.0,77100,M,0.0,0.0,77
201000014195,10,5,30,15,3,1,2,2.0,3.0,77034,M,0.0,0.0,77
201000014196,10,7,23,200,3,1,1,1.0,7.0,77354,M,4879900.0,239800.0,77
201000014197,10,1,14,30,5,2,1,1.0,6.0,77493,M,0.0,0.0,77
201000014198,10,3,26,2100,5,1,2,1.0,3.0,77352,M,0.0,0.0,77
201000014199,10,4,10,2000,1,1,1,1.0,6.0,77107,M,4866600.0,284200.0,77
201000014200,10,4,30,830,1,1,1,1.0,1.0,77107,M,4867000.0,282100.0,77
201000014201,10,5,5,115,3,1,1,1.0,7.0,77352,M,4866400.0,273800.0,77
201000014202,10,6,24,1445,1,1,1,1.0,6.0,77107,M,4868200.0,285000.0,77
201000014203,10,9,3,830,1,2,1,1.0,1.0,77222,M,0.0,0.0,77
201000014204,10,9,6,1645,1,2,1,8.0,6.0,77222,M,4863800.0,280400.0,77
201000014205,10,10,11,945,1,1,1,1.0,4.0,77145,M,4859700.0,272600.0,77
201000014206,10,10,20,845,1,2,1,1.0,3.0,77107,M,4867200.0,284200.0,77
201000014207,10,10,17,1300,1,1,1,1.0,3.0,77107,M,4869300.0,282300.0,77
201000014208,10,12,9,1300,1,2,1,1.0,6.0,77107,M,4866700.0,284200.0,77
201000014209,10,12,14,2100,3,2,3,2.0,3.0,77222,M,4864100.0,279400.0,77
201000014210,10,12,17,1815,3,1,1,4.0,6.0,77029,M,4865000.0,284700.0,77
201000014211,10,4,30,645,2,2,1,1.0,1.0,77082,M,0.0,0.0,77
201000014212,10,9,30,1630,1,1,1,1.0,3.0,77211,M,4859100.0,293400.0,77
201000014213,10,12,10,900,1,1,1,4.0,2.0,77317,M,4859900.0,289300.0,77
201000014214,10,12,26,1645,2,1,1,9.0,2.0,77052,M,4855900.0,287500.0,77
201000014215,10,1,24,445,5,2,1,1.0,6.0,77470,M,0.0,0.0,77
201000014216,10,2,23,1730,1,1,1,1.0,1.0,77177,M,0.0,0.0,77
201000014217,10,2,28,1815,1,1,1,7.0,4.0,77470,M,0.0,0.0,77
201000014218,10,4,21,545,3,1,1,1.0,2.0,77470,M,4873800.0,279300.0,77
201000014219,10,5,2,2330,3,1,1,1.0,3.0,77470,M,4874100.0,275800.0,77
201000014220,10,1,5,1915,3,1,1,1.0,6.0,77141,M,0.0,0.0,77
201000014221,10,3,5,930,1,1,1,1.0,6.0,77141,M,0.0,0.0,77
201000014222,10,6,9,645,1,1,1,2.0,1.0,77443,M,4889500.0,294700.0,77
201000014223,10,6,25,1245,1,1,1,1.0,3.0,77142,M,4886800.0,288300.0,77
201000014224,10,7,4,745,1,1,1,1.0,1.0,77529,M,4886000.0,292300.0,77
201000014225,10,7,24,30,3,1,1,2.0,6.0,77142,M,4885800.0,293200.0,77
201000014226,10,8,8,1800,1,2,1,1.0,1.0,77413,M,4887900.0,285000.0,77
201000014227,10,9,23,1315,1,1,1,1.0,7.0,77443,M,4887600.0,296700.0,77
201000014228,10,10,24,1145,1,1,1,2.0,6.0,77049,M,4891000.0,293000.0,77
201000014229,10,11,9,845,2,1,9,2.0,1.0,77484,M,4889800.0,294300.0,77
201000014230,10,12,8,1800,5,1,8,4.0,1.0,77142,M,4886700.0,288300.0,77
201000014231,10,12,25,100,3,1,1,1.0,2.0,77142,M,4887000.0,287800.0,77
201000014232,10,1,1,115,5,2,9,8.0,6.0,77492,M,0.0,0.0,77
201000014233,10,2,17,820,2,1,1,2.0,6.0,77278,M,0.0,0.0,77
201000014234,10,3,10,1730,1,2,1,1.0,3.0,77429,M,0.0,0.0,77
201000014235,10,3,2,1345,1,1,1,1.0,3.0,77278,M,0.0,0.0,77
201000014236,10,3,13,100,3,1,1,1.0,6.0,77240,M,0.0,0.0,77
201000014237,10,3,7,545,3,1,1,1.0,7.0,77093,M,0.0,0.0,77
201000014238,10,3,28,1145,1,1,1,1.0,1.0,77417,M,0.0,0.0,77
201000014239,10,4,11,1730,1,1,2,1.0,3.0,77402,M,4884000.0,338900.0,77
201000014240,10,4,18,1145,1,1,1,1.0,1.0,77512,M,4887700.0,332900.0,77
201000014241,10,5,21,1830,1,2,2,1.0,3.0,77398,M,4846300.0,348900.0,77
201000014242,10,6,22,2200,2,1,2,1.0,3.0,77162,M,4886700.0,314800.0,77
201000014243,10,7,21,1800,1,2,1,1.0,6.0,77432,M,4881000.0,323600.0,77
201000014244,10,8,7,1415,1,2,1,1.0,1.0,77512,M,0.0,0.0,77
201000014245,10,9,21,915,2,1,1,1.0,7.0,77492,M,4888100.0,336600.0,77
201000014246,10,10,9,2100,3,1,1,1.0,2.0,77182,M,4828700.0,300000.0,77
201000014247,10,11,29,1745,3,1,1,4.0,1.0,77162,M,4887900.0,319400.0,77
201000014248,10,12,4,2100,3,1,1,4.0,6.0,77303,M,4840700.0,367500.0,77
201000014249,10,12,8,1500,1,1,1,4.0,1.0,77406,M,4839700.0,330100.0,77
201000014250,10,1,18,1230,1,2,1,1.0,3.0,77183,M,0.0,0.0,77
201000014251,10,4,11,45,3,1,1,1.0,6.0,77057,M,4892300.0,327500.0,77
201000014252,10,5,5,1715,1,1,1,1.0,6.0,77238,M,4892800.0,315300.0,77
201000014253,10,6,11,1400,1,2,1,1.0,6.0,77183,M,4894800.0,312300.0,77
201000014254,10,6,20,400,3,1,1,1.0,7.0,77361,M,4891900.0,301500.0,77