Num_Acc,an,mois,jour,hrmn,lum,agg,int,atm,col,com,gps,lat,long,dep
201000014255,10,6,25,1700,1,2,1,1.0,6.0,77183,M,4894600.0,313000.0,77
201000014256,10,7,20,1600,1,2,1,1.0,6.0,77478,M,4896200.0,307500.0,77
201000014257,10,8,13,2230,2,2,1,1.0,2.0,77415,M,4895500.0,302300.0,77
201000014258,10,10,4,1630,1,2,1,1.0,6.0,77183,M,4895000.0,313200.0,77
201000014259,10,11,6,1730,2,1,1,3.0,1.0,77300,M,4893000.0,298000.0,77
201000014260,10,11,9,1015,1,1,1,2.0,6.0,77361,M,4893000.0,299000.0,77
201000014261,10,1,10,515,3,1,1,4.0,3.0,77229,M,0.0,0.0,77
201000014262,10,1,29,2305,3,1,4,1.0,3.0,77229,M,0.0,0.0,77
201000014263,10,1,28,2000,3,1,1,1.0,5.0,77318,M,0.0,0.0,77
201000014264,10,3,1,1400,1,1,1,1.0,3.0,77508,M,0.0,0.0,77
201000014265,10,4,10,1515,1,1,1,7.0,3.0,77091,M,4877400.0,286200.0,77
201000014266,10,6,18,1215,1,1,1,1.0,3.0,77508,M,4883300.0,280300.0,77
201000014267,10,7,4,1800,1,1,1,1.0,3.0,77229,M,4876000.0,286000.0,77
201000014268,10,7,19,715,1,1,1,1.0,1.0,77144,M,4877000.0,289000.0,77
201000014269,10,7,23,2345,3,1,1,1.0,1.0,77466,M,4882400.0,288200.0,77
201000014270,10,8,5,1615,1,2,1,1.0,7.0,77219,M,4883400.0,295300.0,77
201000014271,10,9,22,1415,1,2,1,1.0,2.0,77091,M,4874500.0,283800.0,77
201000014272,10,10,30,830,1,1,1,2.0,3.0,77176,M,4879200.0,300400.0,77
201000014273,10,11,9,845,1,1,1,2.0,4.0,77508,M,4880300.0,286700.0,77
201000014274,10,11,24,1600,1,1,1,1.0,3.0,77176,M,4880700.0,300200.0,77
201000014275,10,1,30,1800,2,2,1,1.0,6.0,77192,M,0.0,0.0,77
201000014276,10,1,30,1945,3,1,1,9.0,1.0,77527,M,0.0,0.0,77
201000014277,10,5,22,800,1,1,1,1.0,3.0,77192,M,4871300.0,283600.0,77
201000014278,10,6,27,1545,1,2,1,1.0,3.0,77192,M,4871100.0,286800.0,77
201000014279,10,7,22,2030,2,1,1,1.0,3.0,77393,M,4870100.0,290100.0,77
201000014280,10,8,27,830,1,1,1,8.0,1.0,77393,M,4868100.0,297200.0,77
201000014281,10,9,1,615,2,1,1,1.0,2.0,77527,M,4869000.0,300300.0,77
201000014282,10,9,18,1400,1,1,1,1.0,3.0,77469,M,4873600.0,300600.0,77
201000014283,10,12,28,715,3,1,1,2.0,2.0,77031,M,4869600.0,291800.0,77
201000014284,10,4,6,1245,1,1,1,1.0,5.0,77060,M,4829200.0,244900.0,77
201000014285,10,5,19,1430,1,2,1,1.0,3.0,77339,M,4837600.0,249600.0,77
201000014286,10,7,7,1830,1,2,1,1.0,6.0,77339,M,4838200.0,247800.0,77
201000014287,10,7,14,1145,1,1,1,1.0,3.0,77041,M,4831000.0,249800.0,77
201000014288,10,9,18,1215,1,1,1,1.0,3.0,77328,M,4830000.0,243000.0,77
201000014289,10,2,14,15,3,1,1,4.0,5.0,77011,M,0.0,0.0,77
201000014290,10,2,16,1645,1,2,4,1.0,3.0,77099,M,0.0,0.0,77
201000014291,10,3,10,530,3,1,1,1.0,7.0,77297,M,0.0,0.0,77
201000014292,10,3,18,1115,1,1,1,1.0,2.0,77099,M,0.0,0.0,77
201000014293,10,8,5,1130,1,1,2,1.0,3.0,77230,M,4820100.0,255600.0,77
201000014294,10,9,2,830,2,1,1,1.0,7.0,77045,M,4820100.0,268800.0,77
201000014295,10,12,22,1345,1,1,1,2.0,3.0,77099,M,4815700.0,269200.0,77
201000014296,10,5,17,100,4,2,1,1.0,6.0,77261,M,4824200.0,290200.0,77
201000014297,10,5,23,2130,1,2,1,1.0,6.0,77531,M,4828100.0,296000.0,77
201000014298,10,6,4,1915,1,2,1,1.0,7.0,77168,M,4818500.0,288700.0,77
201000014299,10,6,5,1915,1,1,1,1.0,1.0,77071,M,4820600.0,282900.0,77
201000014300,10,7,1,1315,1,1,1,1.0,6.0,77473,M,4829400.0,281700.0,77
201000014301,10,7,13,1715,1,1,1,1.0,5.0,77261,M,4826900.0,292800.0,77
201000014302,10,8,15,1745,1,2,2,3.0,3.0,77261,M,4824100.0,290200.0,77
201000014303,10,8,30,1615,1,1,1,1.0,7.0,77050,M,4815000.0,283000.0,77
201000014304,10,9,15,1130,1,2,2,3.0,1.0,77370,M,4822000.0,279000.0,77
201000014305,10,10,3,1,5,1,1,1.0,7.0,77184,M,4832000.0,292000.0,77
201000014306,10,10,4,915,1,2,9,2.0,6.0,77531,M,4829000.0,296800.0,77
201000014307,10,10,6,800,1,1,1,1.0,1.0,77168,M,4817300.0,289400.0,77
201000014308,10,11,5,1445,1,1,1,1.0,7.0,77370,M,4826400.0,273700.0,77
201000014309,10,11,22,2230,3,1,2,8.0,3.0,77168,M,4818000.0,285000.0,77
201000014310,10,12,2,1800,3,1,1,4.0,6.0,77115,M,4826000.0,292000.0,77
201000014311,10,1,11,900,1,1,1,1.0,5.0,77349,M,,,77
201000014312,10,1,15,1205,1,2,2,5.0,3.0,77525,M,,,77
201000014313,10,1,17,1640,1,1,1,1.0,3.0,77094,M,,,77
201000014314,10,3,21,145,3,1,1,3.0,6.0,77420,M,0.0,0.0,77
201000014315,10,1,16,2100,3,1,1,3.0,1.0,77322,M,0.0,0.0,77
201000014316,10,5,23,1515,1,1,1,1.0,6.0,77153,M,4905600.0,267300.0,77
201000014317,10,6,29,930,1,2,1,1.0,6.0,77259,M,4905600.0,267300.0,77
201000014318,10,8,22,2130,3,1,1,1.0,3.0,77153,M,4905100.0,267600.0,77
201000014319,10,9,30,1900,2,2,9,1.0,3.0,77259,M,4904800.0,265900.0,77
201000014320,10,10,19,1030,1,1,1,8.0,6.0,77322,M,0.0,0.0,77
201000014321,10,11,4,1445,1,2,1,1.0,1.0,77349,M,4908600.0,266300.0,77
201000014322,10,3,29,1300,1,1,1,1.0,6.0,77196,M,0.0,0.0,77
201000014323,10,4,24,1715,1,2,1,1.0,2.0,77196,M,4894500.0,273900.0,77
201000014324,10,5,21,2030,1,2,1,1.0,3.0,77382,M,4890500.0,285600.0,77
201000014325,10,5,27,1345,1,1,1,2.0,5.0,77196,M,4895200.0,273300.0,77
201000014326,10,6,16,2300,3,1,1,8.0,6.0,77196,M,4895300.0,274700.0,77
201000014327,10,7,7,2015,1,1,1,1.0,7.0,77005,M,4893800.0,271000.0,77
201000014328,10,7,29,1615,1,2,1,8.0,1.0,77315,M,4889800.0,282000.0,77
201000014329,10,9,16,730,1,2,1,1.0,7.0,77171,M,4891200.0,281200.0,77
201000014330,10,9,27,915,1,2,1,8.0,7.0,77171,M,4891700.0,281500.0,77
201000014331,10,10,1,1500,1,1,1,2.0,6.0,77232,M,4892900.0,284000.0,77
201000014332,10,2,15,1945,3,1,1,9.0,1.0,77343,M,0.0,0.0,77
201000014333,10,5,16,1800,1,2,1,1.0,6.0,77257,M,4903300.0,301300.0,77
201000014334,10,7,31,1200,1,1,1,1.0,1.0,77008,M,4896500.0,299800.0,77
201000014335,10,10,8,400,3,1,1,1.0,6.0,77126,M,0.0,0.0,77
201000014336,10,12,10,1415,1,1,1,1.0,1.0,77126,M,0.0,0.0,77
201000014337,10,1,15,1200,1,1,1,5.0,3.0,77525,M,0.0,0.0,77
201000014338,10,3,29,1830,1,1,1,1.0,3.0,77344,M,0.0,0.0,77
201000014339,10,7,4,300,3,1,1,1.0,6.0,77366,M,4901500.0,275000.0,77
201000014340,10,7,9,1600,1,1,1,7.0,1.0,77273,M,0.0,0.0,77
201000014341,10,11,2,1445,1,1,1,2.0,1.0,77150,M,4901200.0,277200.0,77
201000014342,10,1,10,2145,3,1,1,1.0,3.0,77109,M,,,77
201000014343,10,1,28,1830,3,2,1,1.0,6.0,77239,M,0.0,0.0,77
201000014344,10,2,20,2145,3,1,1,8.0,6.0,77066,M,0.0,0.0,77
201000014345,10,4,10,1845,1,1,2,1.0,3.0,77239,M,4869500.0,314900.0,77
201000014346,10,4,18,1230,1,1,1,1.0,1.0,77239,M,4866800.0,310400.0,77
201000014347,10,6,23,1815,1,1,1,1.0,1.0,77444,M,4869700.0,339300.0,77
201000014348,10,8,27,2245,3,1,1,3.0,6.0,77020,M,4869600.0,316800.0,77
201000014349,10,8,29,130,3,1,1,1.0,6.0,77424,M,4875500.0,342300.0,77
201000014350,10,10,6,2145,3,1,1,1.0,1.0,77020,M,4869000.0,320400.0,77
201000014351,10,10,6,1900,2,2,1,1.0,3.0,77275,M,4867600.0,331100.0,77
201000014352,10,10,10,30,3,2,2,1.0,3.0,77032,M,4870200.0,324600.0,77
201000014353,10,11,10,2000,5,2,1,1.0,3.0,77137,M,4869700.0,329300.0,77
201000014354,10,11,25,800,2,2,1,4.0,6.0,77239,M,4867200.0,312600.0,77
201000014355,10,12,28,2315,3,1,1,5.0,7.0,77109,M,4863100.0,319000.0,77
201000014356,10,1,18,930,1,2,1,5.0,2.0,77347,M,0.0,0.0,77
201000014357,10,2,3,1500,1,1,1,2.0,6.0,77311,M,4845800.0,307400.0,77
201000014358,10,2,22,1700,1,2,1,1.0,6.0,77159,M,,,77
201000014359,10,6,9,530,2,1,1,2.0,3.0,77321,M,4840800.0,323300.0,77
201000014360,10,6,30,1115,1,1,2,1.0,3.0,77461,M,4848800.0,318100.0,77
201000014361,10,7,1,715,1,1,1,1.0,6.0,77174,M,4844100.0,313600.0,77
201000014362,10,7,25,1830,1,1,1,1.0,6.0,77446,M,4850700.0,321900.0,77
201000014363,10,9,5,1900,1,1,9,1.0,3.0,77223,M,4849100.0,308900.0,77
201000014364,10,9,17,2200,3,1,1,1.0,6.0,77159,M,4848400.0,310900.0,77
201000014365,10,2,13,1530,1,1,2,2.0,3.0,77327,M,,,77
201000014366,10,10,26,845,2,1,1,5.0,6.0,77327,M,4855500.0,300100.0,77
201000014367,10,6,7,1200,1,2,2,1.0,1.0,45082,M,4786236.0,222687.0,45
201000014368,10,2,7,1835,3,1,1,1.0,6.0,45093,M,4803841.0,193541.0,45
201000014369,10,3,14,1730,1,1,1,1.0,6.0,45296,M,0.0,0.0,45
201000014370,10,4,9,1445,1,2,1,1.0,1.0,45299,M,4798173.0,168189.0,45
201000014371,10,4,19,1630,1,1,1,1.0,6.0,45008,M,4806765.0,187732.0,45
201000014372,10,4,18,2230,3,1,3,1.0,3.0,45296,M,4799475.0,171443.0,45
201000014373,10,9,27,15,3,1,1,2.0,6.0,45059,M,4792654.0,172629.0,45
201000014374,10,11,17,815,1,2,2,1.0,3.0,45008,M,4809311.0,188755.0,45
201000014375,10,1,27,630,3,1,1,1.0,6.0,45049,M,4784589.0,235145.0,45
201000014376,10,3,11,1745,1,2,2,1.0,3.0,45153,M,4784569.0,226629.0,45
201000014377,10,6,4,1645,1,2,1,1.0,6.0,45082,M,4786528.0,221543.0,45
201000014378,10,7,10,2130,2,1,1,1.0,3.0,45346,M,4793414.0,225449.0,45
201000014379,10,7,7,1700,1,2,1,1.0,6.0,45142,M,4792652.0,214182.0,45
201000014380,10,8,6,2130,2,1,1,1.0,1.0,45082,M,0.0,0.0,45
201000014381,10,8,25,945,1,1,3,1.0,3.0,45153,M,0.0,0.0,45
201000014382,10,10,19,2245,3,1,1,1.0,5.0,45142,M,4790552.0,213790.0,45
201000014383,10,10,21,1245,1,2,1,1.0,6.0,45082,M,4786683.0,222619.0,45
201000014384,10,11,2,2100,3,1,1,2.0,6.0,45049,M,4786432.0,238162.0,45
201000014385,10,11,7,1445,1,1,1,2.0,6.0,45082,M,4786092.0,217262.0,45
201000014386,10,12,25,1330,1,1,1,7.0,6.0,45082,M,0.0,0.0,45
201000014387,10,1,23,1430,1,2,1,1.0,3.0,45043,M,4787762.0,205081.0,45
201000014388,10,2,6,945,1,1,3,1.0,3.0,45197,M,4795097.0,202395.0,45
201000014389,10,11,10,1930,3,1,1,1.0,2.0,45194,M,4787814.0,210298.0,45
201000014390,10,2,16,1800,2,2,1,8.0,6.0,45146,M,4772441.0,194115.0,45
201000014391,10,3,8,1615,1,1,1,1.0,6.0,45200,M,4771527.0,199264.0,45
201000014392,10,3,11,1800,1,2,1,1.0,2.0,45282,M,4787049.0,183973.0,45
201000014393,10,3,16,1645,1,1,1,1.0,6.0,45309,M,0.0,0.0,45
201000014394,10,5,1,2200,5,1,3,1.0,3.0,45098,M,4783219.0,177135.0,45
201000014395,10,6,20,1215,1,1,2,1.0,3.0,45130,M,4779440.0,172205.0,45
201000014396,10,6,26,1245,1,1,1,1.0,2.0,45175,M,4775463.0,181325.0,45
201000014397,10,6,29,730,1,1,1,1.0,6.0,45098,M,0.0,0.0,45
201000014398,10,7,15,1800,1,2,1,1.0,1.0,45282,M,4786865.0,184728.0,45
201000014399,10,9,21,2100,5,2,2,1.0,3.0,45146,M,4771723.0,194502.0,45
201000014400,10,11,11,445,3,1,1,1.0,1.0,45146,M,4775652.0,193683.0,45
201000014401,10,12,12,1715,2,2,1,8.0,1.0,45146,M,4771749.0,194124.0,45
201000014402,10,1,27,1545,1,1,1,1.0,7.0,45273,M,0.0,0.0,45
201000014403,10,2,4,730,2,1,3,9.0,3.0,45272,M,4779249.0,199739.0,45
201000014404,10,3,1,1530,1,1,2,1.0,5.0,45272,M,4785996.0,194896.0,45
201000014405,10,3,21,645,2,1,1,2.0,6.0,45300,M,0.0,0.0,45
201000014406,10,4,9,330,3,2,1,1.0,6.0,45144,M,4783661.0,211781.0,45
201000014407,10,4,17,2200,3,1,1,1.0,6.0,45272,M,4777256.0,193686.0,45
201000014408,10,4,18,1745,1,1,1,1.0,6.0,45193,M,0.0,0.0,45
201000014409,10,4,20,1800,1,2,4,1.0,3.0,45300,M,4785172.0,201727.0,45
201000014410,10,5,8,1200,1,2,1,1.0,6.0,45006,M,0.0,0.0,45
201000014411,10,6,14,1130,1,1,2,1.0,3.0,45173,M,4784763.0,213553.0,45
201000014412,10,7,7,1615,1,1,3,1.0,3.0,45300,M,4785442.0,200111.0,45
201000014413,10,8,31,1045,1,2,2,7.0,6.0,45173,M,4786327.0,211814.0,45
201000014414,10,9,24,845,1,1,2,1.0,3.0,45144,M,4782533.0,209775.0,45
201000014415,10,10,19,745,2,1,1,2.0,5.0,45300,M,0.0,0.0,45
201000014416,10,10,20,1800,1,1,1,1.0,3.0,45272,M,4783597.0,198774.0,45
201000014417,10,11,5,1215,1,1,2,1.0,3.0,45324,M,4781417.0,220995.0,45
201000014418,10,11,8,1815,5,1,1,3.0,5.0,45272,M,4785527.0,194011.0,45
201000014419,10,11,14,415,5,2,1,1.0,6.0,45300,M,4785090.0,202117.0,45
201000014420,10,11,22,1800,3,1,1,8.0,6.0,45272,M,4780350.0,198184.0,45
201000014421,10,3,12,2150,5,2,1,1.0,1.0,45028,M,4777955.0,162977.0,45
201000014422,10,3,13,1830,2,2,3,1.0,3.0,45028,M,4777768.0,162760.0,45
201000014423,10,3,24,2300,3,1,1,1.0,7.0,45028,M,0.0,0.0,45
201000014424,10,4,4,100,5,2,1,8.0,6.0,45109,M,4793151.0,166385.0,45
201000014425,10,5,17,1700,1,1,1,1.0,1.0,45202,M,4779823.0,165449.0,45
201000014426,10,6,8,930,1,2,3,1.0,3.0,45317,M,4776176.0,160336.0,45
201000014427,10,7,11,1015,1,1,1,1.0,2.0,45134,M,0.0,0.0,45
201000014428,10,8,3,2000,1,1,1,1.0,6.0,45067,M,4789456.0,176308.0,45
201000014429,10,8,10,2115,5,2,3,1.0,5.0,45203,M,4782803.0,169743.0,45
201000014430,10,9,8,700,2,1,2,3.0,2.0,45179,M,4777535.0,167018.0,45
201000014431,10,9,10,1700,1,2,1,1.0,3.0,45028,M,0.0,0.0,45
201000014432,10,11,5,2315,5,2,2,1.0,3.0,45028,M,4777923.0,162934.0,45
201000014433,10,2,10,2015,3,1,1,1.0,6.0,45224,M,0.0,0.0,45
201000014434,10,2,11,1645,1,1,1,4.0,6.0,45086,M,0.0,0.0,45
201000014435,10,4,23,900,1,1,3,1.0,1.0,45333,M,0.0,0.0,45
201000014436,10,4,24,200,3,1,1,1.0,6.0,45289,M,4802471.0,196887.0,45
201000014437,10,9,25,1500,1,2,3,2.0,3.0,45214,M,4811306.0,211460.0,45
201000014438,10,10,7,1600,1,2,2,1.0,3.0,45009,M,4810680.0,200659.0,45
201000014439,10,10,8,2030,3,1,6,1.0,6.0,45047,M,4811046.0,224752.0,45
201000014440,10,10,31,2100,3,2,1,1.0,1.0,45327,M,4797684.0,210003.0,45
201000014441,10,12,27,845,1,1,1,1.0,1.0,45174,M,0.0,0.0,45
201000014442,10,1,20,1945,5,2,1,1.0,1.0,45155,M,4769078.0,262561.0,45
201000014443,10,1,22,845,1,2,1,7.0,2.0,45155,M,4769432.0,261451.0,45
201000014444,10,1,26,1715,1,1,1,8.0,6.0,45280,M,4767091.0,254278.0,45
201000014445,10,2,4,1700,2,1,1,1.0,3.0,45108,M,4758154.0,248323.0,45
201000014446,10,3,24,1345,1,2,1,1.0,6.0,45155,M,4768409.0,263068.0,45
201000014447,10,3,31,1230,1,2,1,1.0,6.0,45155,M,4768554.0,265007.0,45
201000014448,10,4,11,1800,1,1,6,7.0,3.0,45155,M,4767089.0,267699.0,45
201000014449,10,5,28,1815,1,1,6,1.0,3.0,45155,M,4769815.0,264820.0,45
201000014450,10,7,14,1830,1,1,1,1.0,6.0,45096,M,0.0,0.0,45
201000014451,10,8,13,1400,1,1,2,1.0,3.0,45096,M,4777184.0,260715.0,45
201000014452,10,10,13,15,3,1,1,1.0,6.0,45036,M,0.0,0.0,45
201000014453,10,10,30,2045,3,1,1,1.0,6.0,45036,M,4775847.0,270509.0,45
201000014454,10,11,14,2230,3,1,1,2.0,6.0,45254,M,0.0,0.0,45
201000014455,10,11,21,30,5,2,6,1.0,6.0,45155,M,4767068.0,267676.0,45
201000014456,10,11,29,1830,5,2,2,8.0,3.0,45155,M,4770133.0,261271.0,45
201000014457,10,1,28,600,3,1,1,4.0,6.0,45245,M,4766874.0,278175.0,45
201000014458,10,2,4,915,1,1,1,1.0,1.0,45053,M,0.0,0.0,45
201000014459,10,2,12,1000,1,1,1,8.0,6.0,45141,M,4758834.0,293488.0,45
201000014460,10,3,9,1600,1,2,2,1.0,3.0,45040,M,4758161.0,283795.0,45
201000014461,10,3,30,1630,1,1,1,2.0,2.0,45251,M,0.0,0.0,45
201000014462,10,5,16,345,3,1,1,1.0,6.0,45029,M,0.0,0.0,45
201000014463,10,6,13,200,3,1,1,1.0,1.0,45053,M,4761197.0,277097.0,45
201000014464,10,6,26,1930,1,1,1,1.0,6.0,45029,M,4752537.0,277297.0,45
201000014465,10,7,3,45,3,1,1,1.0,6.0,45245,M,0.0,0.0,45
201000014466,10,7,4,1900,1,1,1,1.0,1.0,45060,M,0.0,0.0,45
201000014467,10,7,7,2245,5,1,6,1.0,6.0,45053,M,4762309.0,275799.0,45
201000014468,10,7,15,1200,1,1,1,1.0,1.0,45053,M,4760860.0,276057.0,45
201000014469,10,8,9,1830,1,1,2,1.0,3.0,45040,M,4758363.0,284625.0,45
201000014470,10,12,11,1000,1,2,1,1.0,6.0,45087,M,4758990.0,276618.0,45
201000014471,10,1,25,1215,1,1,1,1.0,3.0,45171,M,0.0,0.0,45
201000014472,10,1,29,1930,5,2,1,1.0,1.0,45315,M,4776786.0,237398.0,45
201000014473,10,3,20,1830,1,1,1,2.0,6.0,45315,M,0.0,0.0,45
201000014474,10,3,21,1715,1,1,2,1.0,3.0,45340,M,0.0,0.0,45
201000014475,10,5,13,1015,1,1,1,1.0,1.0,45340,M,0.0,0.0,45
201000014476,10,6,3,2145,2,2,2,1.0,3.0,45051,M,4783155.0,236714.0,45
201000014477,10,7,7,700,1,1,2,1.0,5.0,45164,M,0.0,0.0,45
201000014478,10,11,5,1445,1,1,1,1.0,6.0,45315,M,0.0,0.0,45
201000014479,10,11,13,1030,1,2,1,1.0,6.0,45122,M,4776156.0,251409.0,45
201000014480,10,11,19,1915,5,2,2,1.0,3.0,45297,M,0.0,0.0,45
201000014481,10,12,10,1915,5,2,1,1.0,6.0,45315,M,4776677.0,237200.0,45
201000014482,10,12,13,2130,3,1,1,9.0,6.0,45039,M,4779903.0,236794.0,45
201000014483,10,12,18,1915,5,2,1,3.0,6.0,45315,M,4776684.0,237231.0,45
201000014484,10,4,4,515,2,1,1,1.0,6.0,45281,M,0.0,0.0,45
201000014485,10,4,12,1315,1,1,1,1.0,6.0,45115,M,0.0,0.0,45
201000014486,10,5,5,1230,1,1,1,1.0,6.0,45199,M,4790340.0,292103.0,45
201000014487,10,5,12,2200,3,1,1,1.0,6.0,45329,M,4796242.0,297711.0,45
201000014488,10,5,21,1030,1,1,2,1.0,1.0,45115,M,4803939.0,303810.0,45
201000014489,10,6,3,1600,1,1,3,1.0,3.0,45129,M,0.0,0.0,45
201000014490,10,6,7,1330,1,2,1,1.0,6.0,45073,M,0.0,0.0,45
201000014491,10,6,21,845,1,1,2,1.0,3.0,45275,M,4796792.0,290915.0,45
201000014492,10,7,23,2345,3,1,1,9.0,6.0,45329,M,4794289.0,299395.0,45
201000014493,10,8,10,1730,1,1,1,1.0,1.0,45076,M,4800879.0,283052.0,45
201000014494,10,8,14,1,5,2,1,1.0,6.0,45083,M,0.0,0.0,45
201000014495,10,9,11,1815,1,1,4,1.0,3.0,45287,M,4806146.0,291516.0,45
201000014496,10,10,6,2000,3,1,3,1.0,3.0,45083,M,4793443.0,290003.0,45
201000014497,10,10,13,2100,3,1,1,1.0,7.0,45199,M,0.0,0.0,45
201000014498,10,11,11,1930,3,1,4,3.0,1.0,45097,M,4800659.0,296048.0,45
201000014499,10,1,15,1230,1,1,1,1.0,1.0,45229,M,4785502.0,274293.0,45
201000014500,10,3,9,1200,1,2,2,1.0,3.0,45187,M,4788798.0,250923.0,45
201000014501,10,3,18,1115,1,1,1,1.0,3.0,45229,M,4785853.0,273801.0,45
201000014502,10,5,1,2000,1,1,1,1.0,6.0,45283,M,0.0,0.0,45
201000014503,10,5,7,1430,1,1,1,1.0,6.0,45187,M,4787241.0,252573.0,45
201000014504,10,6,20,2115,2,2,1,1.0,6.0,45332,M,4786739.0,265885.0,45
201000014505,10,7,6,1030,1,2,1,1.0,5.0,45085,M,4782841.0,284528.0,45
201000014506,10,8,1,600,1,1,1,1.0,6.0,45229,M,4783796.0,274501.0,45
201000014507,10,8,2,2030,2,1,1,1.0,6.0,45187,M,0.0,0.0,45
201000014508,10,9,10,800,1,1,1,1.0,7.0,45230,M,0.0,0.0,45
201000014509,10,9,24,1600,1,1,1,1.0,6.0,45187,M,4789072.0,254441.0,45
201000014510,10,10,9,1215,1,1,1,1.0,2.0,45212,M,4793982.0,278840.0,45
201000014511,10,10,20,900,1,2,4,8.0,1.0,45187,M,4788831.0,250819.0,45
201000014512,10,12,28,1330,1,1,1,2.0,6.0,45213,M,0.0,0.0,45
201000014513,10,1,2,1900,3,1,1,1.0,2.0,45145,M,0.0,0.0,45
201000014514,10,1,14,645,3,1,1,1.0,3.0,45127,M,4811816.0,276757.0,45
201000014515,10,1,20,1730,2,2,1,2.0,2.0,45259,M,0.0,0.0,45
201000014516,10,1,29,1215,1,1,2,2.0,3.0,45061,M,4804095.0,272819.0,45
201000014517,10,2,10,640,3,1,1,1.0,2.0,45343,M,0.0,0.0,45
201000014518,10,3,13,830,1,2,2,1.0,3.0,45148,M,4809953.0,278061.0,45
201000014519,10,3,19,1245,1,2,3,1.0,3.0,45145,M,4808912.0,279082.0,45
201000014520,10,3,20,1015,1,1,1,8.0,3.0,45127,M,4812007.0,276603.0,45
201000014521,10,4,20,1315,1,2,1,1.0,3.0,45222,M,0.0,0.0,45
201000014522,10,5,1,1800,1,1,1,1.0,6.0,45148,M,4807716.0,276560.0,45
201000014523,10,5,9,745,1,1,1,5.0,6.0,45339,M,4799876.0,257758.0,45
201000014524,10,7,2,745,1,1,2,1.0,3.0,45161,M,0.0,0.0,45
201000014525,10,7,2,100,3,1,1,1.0,7.0,45328,M,0.0,0.0,45
201000014526,10,7,6,1500,1,2,2,7.0,6.0,45148,M,4809534.0,277336.0,45
201000014527,10,8,5,1800,1,1,1,1.0,6.0,45339,M,4798608.0,253961.0,45
201000014528,10,8,14,430,3,2,1,1.0,6.0,45158,M,0.0,0.0,45
201000014529,10,9,11,1510,1,2,2,1.0,6.0,45148,M,4809637.0,277339.0,45
201000014530,10,9,29,2345,3,1,1,1.0,6.0,45017,M,4797220.0,249101.0,45
201000014531,10,10,10,945,1,1,1,1.0,1.0,45222,M,0.0,0.0,45
201000014532,10,10,12,1215,1,1,1,1.0,6.0,45303,M,,,45
201000014533,10,10,17,1700,1,1,1,8.0,6.0,45103,M,4809153.0,253186.0,45
201000014534,10,12,28,945,1,1,1,9.0,6.0,45247,M,4798900.0,267381.0,45
201000014535,10,1,4,2015,3,1,1,9.0,6.0,45253,M,4816864.0,216600.0,45
201000014536,10,1,18,1400,2,1,1,1.0,1.0,45119,M,0.0,0.0,45
201000014537,10,2,16,1845,2,1,1,1.0,1.0,45133,M,4823506.0,222452.0,45
201000014538,10,3,2,1530,1,2,1,1.0,6.0,45252,M,4817586.0,225841.0,45
201000014539,10,3,7,1415,1,2,1,1.0,6.0,45191,M,4829665.0,239978.0,45
201000014540,10,3,19,745,1,1,1,1.0,6.0,45192,M,4824446.0,233659.0,45
201000014541,10,4,9,1800,1,1,1,1.0,5.0,45191,M,0.0,0.0,45
201000014542,10,4,19,1845,1,2,3,7.0,6.0,45191,M,4829692.0,241543.0,45
201000014543,10,5,1,1815,1,1,1,1.0,7.0,45263,M,4831943.0,221212.0,45
201000014544,10,5,1,1815,1,2,1,1.0,1.0,45191,M,4829655.0,239987.0,45
201000014545,10,6,14,1015,1,1,2,1.0,3.0,45137,M,4812825.0,219676.0,45
201000014546,10,6,15,2130,1,2,3,1.0,3.0,45038,M,4817801.0,228007.0,45
201000014547,10,6,26,1200,1,1,1,1.0,7.0,45348,M,4814052.0,230941.0,45
201000014548,10,7,21,830,1,1,2,1.0,3.0,45348,M,4813119.0,233095.0,45
201000014549,10,9,3,1730,1,2,1,1.0,1.0,45050,M,4811975.0,236176.0,45
201000014550,10,9,13,1800,1,2,3,7.0,6.0,45252,M,4817885.0,225405.0,45
201000014551,10,11,5,1700,1,2,1,1.0,1.0,45191,M,0.0,0.0,45
201000014552,10,3,12,1715,1,1,1,1.0,6.0,45021,M,0.0,0.0,45
201000014553,10,3,21,1715,1,2,2,1.0,3.0,45022,M,4807366.0,237761.0,45
201000014554,10,4,19,1015,1,2,1,1.0,1.0,45030,M,4806615.0,242065.0,45
201000014555,10,6,13,30,3,2,1,1.0,6.0,45228,M,4801910.0,231723.0,45
201000014556,10,10,4,1730,1,1,1,8.0,6.0,45022,M,4808764.0,238774.0,45
201000014557,10,10,9,2015,3,1,1,1.0,7.0,45033,M,0.0,0.0,45
201000014558,10,11,24,1400,1,2,4,1.0,1.0,45022,M,4808760.0,237059.0,45
201000014559,10,1,22,715,3,1,1,1.0,3.0,18251,M,4714710.0,283881.0,18