Num_Acc,an,mois,jour,hrmn,lum,agg,int,atm,col,com,gps,lat,long,dep
201000014560,10,2,6,30,3,2,1,1.0,6.0,18049,M,4717260.0,300289.0,18
201000014561,10,4,21,1015,1,1,1,1.0,6.0,18023,M,4706760.0,271457.0,18
201000014562,10,5,3,2345,5,2,1,1.0,6.0,18247,M,4704480.0,256152.0,18
201000014563,10,6,7,1745,1,1,1,1.0,6.0,18018,M,4704010.0,267286.0,18
201000014564,10,6,19,115,3,1,1,1.0,6.0,18174,M,4706920.0,249968.0,18
201000014565,10,6,20,2330,5,2,7,1.0,6.0,18118,M,4704730.0,298979.0,18
201000014566,10,7,14,1730,1,1,1,1.0,1.0,18023,M,4706790.0,272479.0,18
201000014567,10,7,22,1815,1,2,1,1.0,3.0,18092,M,4704320.0,264553.0,18
201000014568,10,7,28,15,3,1,9,1.0,6.0,18027,M,4700040.0,274911.0,18
201000014569,10,7,28,1845,1,1,1,1.0,1.0,18061,M,4713730.0,277027.0,18
201000014570,10,8,22,1230,1,1,1,2.0,7.0,18105,M,4713160.0,273437.0,18
201000014571,10,9,5,1415,1,1,1,1.0,6.0,18056,M,4705310.0,283190.0,18
201000014572,10,9,18,330,3,1,1,1.0,3.0,18158,M,4710220.0,253017.0,18
201000014573,10,10,29,2300,3,1,1,1.0,6.0,18110,M,4725410.0,290934.0,18
201000014574,10,3,26,2130,3,1,1,1.0,1.0,18234,M,4652690.0,221444.0,18
201000014575,10,4,6,830,1,1,1,1.0,7.0,18069,M,4669950.0,255170.0,18
201000014576,10,5,4,1745,1,2,1,1.0,6.0,18197,M,4673400.0,251601.0,18
201000014577,10,5,23,1630,1,1,9,1.0,3.0,18013,M,4676950.0,259956.0,18
201000014578,10,6,23,1645,1,1,1,1.0,1.0,18169,M,4673010.0,240549.0,18
201000014579,10,7,25,1345,1,1,1,1.0,6.0,18261,M,4681720.0,265449.0,18
201000014580,10,9,4,1830,1,1,1,1.0,1.0,18172,M,4673270.0,247045.0,18
201000014581,10,9,6,1600,1,1,1,1.0,7.0,18169,M,4673700.0,244200.0,18
201000014582,10,10,11,615,5,1,1,1.0,6.0,18183,M,4680130.0,265007.0,18
201000014583,10,11,15,1915,3,2,1,2.0,6.0,18042,M,4676470.0,244427.0,18
201000014584,10,11,27,1230,1,2,1,4.0,6.0,18197,M,4674080.0,250685.0,18
201000014585,10,1,15,1830,3,1,1,1.0,6.0,18059,M,4662080.0,228069.0,18
201000014586,10,4,5,1615,1,1,1,1.0,1.0,18238,M,4653300.0,254567.0,18
201000014587,10,5,14,2215,3,2,1,1.0,7.0,18130,M,4665290.0,237716.0,18
201000014588,10,6,10,2145,3,1,1,2.0,6.0,18010,M,4664930.0,236485.0,18
201000014589,10,7,27,2230,3,1,1,1.0,7.0,18266,M,4670600.0,218982.0,18
201000014590,10,8,1,2015,1,1,1,1.0,1.0,18010,M,4664420.0,233319.0,18
201000014591,10,8,27,1400,1,1,1,1.0,6.0,18187,M,4644190.0,226544.0,18
201000014592,10,9,4,2030,3,1,1,1.0,6.0,18252,M,4651850.0,233014.0,18
201000014593,10,10,2,400,3,1,1,1.0,6.0,18010,M,4663850.0,235498.0,18
201000014594,10,10,12,1700,1,1,1,1.0,6.0,18199,M,4685420.0,222449.0,18
201000014595,10,11,17,1130,1,1,1,1.0,6.0,18199,M,4684240.0,223531.0,18
201000014596,10,12,25,1100,1,1,1,4.0,1.0,18127,M,4675140.0,222611.0,18
201000014597,10,1,29,815,3,1,5,8.0,3.0,18063,M,4686200.0,241936.0,18
201000014598,10,4,9,1700,1,1,1,1.0,5.0,18129,M,4670070.0,252721.0,18
201000014599,10,5,5,1130,1,1,2,2.0,3.0,18270,M,4681380.0,237735.0,18
201000014600,10,5,30,2300,3,2,1,2.0,6.0,18045,M,4686230.0,270103.0,18
201000014601,10,6,10,2100,3,1,1,1.0,1.0,18221,M,4683730.0,240044.0,18
201000014602,10,6,25,1445,1,1,1,1.0,7.0,18119,M,4698690.0,264167.0,18
201000014603,10,6,26,2130,1,2,1,1.0,7.0,18045,M,4686010.0,270449.0,18
201000014604,10,7,14,1630,1,1,1,1.0,7.0,18119,M,4699460.0,264220.0,18
201000014605,10,9,8,900,1,1,1,3.0,3.0,18218,M,4698770.0,251997.0,18
201000014606,10,10,12,1645,1,1,2,1.0,3.0,18008,M,4696940.0,233094.0,18
201000014607,10,10,20,930,1,1,2,1.0,3.0,18268,M,4682690.0,242426.0,18
201000014608,10,2,18,1245,1,1,1,1.0,1.0,18265,M,4698880.0,300347.0,18
201000014609,10,4,11,2100,2,1,1,1.0,6.0,18160,M,4703910.0,258921.0,18
201000014610,10,4,12,2100,2,2,1,1.0,1.0,18242,M,4683600.0,292600.0,18
201000014611,10,7,4,2145,2,1,2,1.0,4.0,18242,M,4683730.0,293108.0,18
201000014612,10,9,5,1345,1,1,2,1.0,3.0,18242,M,4683730.0,293108.0,18
201000014613,10,9,12,1330,1,1,2,1.0,3.0,18242,M,4683730.0,293108.0,18
201000014614,10,11,13,2045,5,2,1,1.0,3.0,18175,M,4693190.0,278371.0,18
201000014615,10,1,16,1915,3,1,2,2.0,3.0,18004,M,4722570.0,226601.0,18
201000014616,10,1,26,1900,3,1,1,1.0,2.0,18037,M,4756560.0,228576.0,18
201000014617,10,3,1,1545,1,1,1,1.0,2.0,18015,M,4746300.0,243721.0,18
201000014618,10,3,5,1015,1,1,1,1.0,7.0,18290,M,4729080.0,220545.0,18
201000014619,10,3,10,1515,1,2,1,4.0,2.0,18165,M,4731620.0,225702.0,18
201000014620,10,3,27,1630,1,1,1,8.0,6.0,18170,M,4749240.0,249522.0,18
201000014621,10,3,30,1600,1,1,2,1.0,3.0,18149,M,4733120.0,235403.0,18
201000014622,10,10,17,200,3,1,1,1.0,7.0,18004,M,4727020.0,229118.0,18
201000014623,10,1,9,1345,1,1,1,4.0,6.0,18150,M,0.0,0.0,18
201000014624,10,2,26,1445,1,1,1,1.0,2.0,18028,M,4715150.0,221436.0,18
201000014625,10,4,3,1600,1,1,1,1.0,6.0,18138,M,4708090.0,226191.0,18
201000014626,10,4,27,1300,1,1,1,1.0,3.0,18141,M,4715110.0,221463.0,18
201000014627,10,5,18,815,1,1,1,1.0,3.0,18281,M,4719020.0,217242.0,18
201000014628,10,5,24,1045,1,2,1,1.0,6.0,18281,M,4720170.0,217085.0,18
201000014629,10,7,29,915,1,1,1,1.0,7.0,18186,M,4709050.0,217761.0,18
201000014630,10,8,26,1415,1,1,1,1.0,3.0,18085,M,4718620.0,192512.0,18
201000014631,10,9,10,1930,1,1,2,1.0,3.0,18005,M,4716780.0,221629.0,18
201000014632,10,9,21,1615,1,1,1,1.0,6.0,18263,M,0.0,0.0,18
201000014633,10,9,24,1900,1,1,1,1.0,1.0,18141,M,4715280.0,219938.0,18
201000014634,10,10,2,1645,1,1,1,1.0,1.0,18281,M,4724720.0,198315.0,18
201000014635,10,10,9,1745,1,2,1,1.0,6.0,18141,M,4713880.0,222357.0,18
201000014636,10,10,18,1715,1,1,2,1.0,3.0,18085,M,4718930.0,195318.0,18
201000014637,10,11,28,515,3,1,9,1.0,6.0,18005,M,4715120.0,226421.0,18
201000014638,10,12,1,1830,5,2,1,8.0,2.0,18281,M,0.0,0.0,18
201000014639,10,12,18,2030,3,1,1,1.0,6.0,18138,M,0.0,0.0,18
201000014640,10,12,18,1830,1,1,1,8.0,1.0,18150,M,4724900.0,196366.0,18
201000014641,10,4,18,1630,1,2,1,1.0,6.0,18198,M,4693230.0,212125.0,18
201000014642,10,5,12,1200,1,2,1,1.0,6.0,18207,M,4699410.0,224883.0,18
201000014643,10,5,23,1815,1,2,1,1.0,1.0,18133,M,4693570.0,226615.0,18
201000014644,10,7,2,1745,1,1,1,3.0,6.0,18055,M,4702600.0,220200.0,18
201000014645,10,10,26,900,1,1,1,1.0,7.0,18285,M,4700810.0,222821.0,18
201000014646,10,12,24,1645,1,2,1,2.0,6.0,18207,M,4699270.0,224593.0,18
201000014647,10,1,28,645,2,2,1,4.0,6.0,18145,M,4723220.0,248612.0,18
201000014648,10,1,29,1815,3,1,1,2.0,2.0,18003,M,4718250.0,254558.0,18
201000014649,10,2,20,800,1,1,1,4.0,7.0,18003,M,4719040.0,257144.0,18
201000014650,10,3,27,1700,1,1,1,2.0,1.0,18223,M,4721490.0,238462.0,18
201000014651,10,4,18,1000,1,1,1,1.0,6.0,18226,M,4713800.0,248250.0,18
201000014652,10,5,24,1815,1,1,1,1.0,7.0,18223,M,0.0,0.0,18
201000014653,10,5,24,1715,1,2,1,1.0,6.0,18211,M,4718890.0,242152.0,18
201000014654,10,6,9,1815,1,1,1,1.0,1.0,18235,M,4715000.0,251843.0,18
201000014655,10,7,4,1145,1,1,1,1.0,1.0,18229,M,4724480.0,237477.0,18
201000014656,10,7,7,1800,1,1,1,1.0,1.0,18271,M,4713870.0,239439.0,18
201000014657,10,7,23,1415,1,1,1,4.0,6.0,18109,M,4727610.0,251659.0,18
201000014658,10,7,30,1130,1,1,1,1.0,6.0,18271,M,4716200.0,238955.0,18
201000014659,10,8,21,1000,1,1,1,1.0,2.0,18223,M,4719740.0,238603.0,18
201000014660,10,8,23,1545,1,1,1,2.0,3.0,18229,M,4724200.0,239450.0,18
201000014661,10,10,29,1845,3,1,1,1.0,3.0,18229,M,4722500.0,242537.0,18
201000014662,10,11,2,145,3,1,1,1.0,7.0,18097,M,4714450.0,242927.0,18
201000014663,10,11,15,2030,3,1,2,1.0,3.0,18226,M,4713320.0,249498.0,18
201000014664,10,11,16,1245,1,1,1,1.0,6.0,18162,M,4730020.0,266311.0,18
201000014665,10,12,2,1400,1,2,1,4.0,6.0,18194,M,0.0,0.0,18
201000014666,10,12,17,1430,1,2,9,1.0,1.0,18111,M,0.0,0.0,18
201000014667,10,12,19,1730,3,1,1,1.0,6.0,18253,M,4719030.0,251920.0,18
201000014668,10,1,28,1700,1,1,1,9.0,3.0,28104,M,4848800.0,157426.0,28
201000014669,10,2,1,815,1,1,1,1.0,7.0,28122,M,4832980.0,149897.0,28
201000014670,10,7,15,1115,1,1,1,1.0,2.0,28269,M,4841580.0,148815.0,28
201000014671,10,7,29,1845,1,2,1,1.0,6.0,28201,M,4851390.0,154977.0,28
201000014672,10,8,14,1630,1,1,1,8.0,1.0,28380,M,4841390.0,158536.0,28
201000014673,10,8,19,145,5,1,6,1.0,3.0,28278,M,4845960.0,156928.0,28
201000014674,10,11,1,2200,3,1,1,2.0,6.0,28022,M,4847850.0,140415.0,28
201000014675,10,11,11,1230,1,1,1,3.0,5.0,28337,M,4843300.0,137000.0,28
201000014676,10,11,23,2230,3,1,1,1.0,7.0,28162,M,4830410.0,147050.0,28
201000014677,10,1,6,2000,3,1,1,4.0,1.0,28128,M,4851030.0,134248.0,28
201000014678,10,3,3,830,1,1,2,1.0,3.0,28225,M,4836180.0,127377.0,28
201000014679,10,3,14,2230,3,2,1,1.0,7.0,28196,M,4829970.0,125078.0,28
201000014680,10,5,13,1815,1,1,2,1.0,3.0,28324,M,4849070.0,124066.0,28
201000014681,10,6,19,1815,1,1,1,1.0,6.0,28302,M,4849180.0,115649.0,28
201000014682,10,6,20,230,3,1,1,1.0,6.0,28350,M,4844430.0,131574.0,28
201000014683,10,6,22,1145,1,1,1,1.0,1.0,28324,M,4850010.0,124741.0,28
201000014684,10,6,22,1815,1,1,1,1.0,7.0,28154,M,4850010.0,124741.0,28
201000014685,10,6,30,700,1,1,1,1.0,1.0,28196,M,4829040.0,122988.0,28
201000014686,10,7,7,2015,1,1,1,1.0,3.0,28021,M,4835310.0,130850.0,28
201000014687,10,7,31,1115,1,1,1,1.0,7.0,28167,M,4840960.0,119965.0,28
201000014688,10,9,2,2130,3,1,1,1.0,5.0,28350,M,4845240.0,128912.0,28
201000014689,10,10,3,2200,3,1,1,1.0,7.0,28225,M,4834680.0,129905.0,28
201000014690,10,10,30,2245,4,2,1,8.0,6.0,28225,M,4835290.0,127296.0,28
201000014691,10,11,12,730,2,1,1,1.0,6.0,28021,M,4836760.0,132557.0,28
201000014692,10,11,20,45,3,1,1,8.0,6.0,28242,M,4829750.0,119855.0,28
201000014693,10,12,6,815,2,1,1,4.0,3.0,28203,M,4846040.0,121296.0,28
201000014694,10,3,21,1645,1,2,1,1.0,6.0,28168,M,4852690.0,169485.0,28
201000014695,10,5,14,1900,1,1,1,1.0,6.0,28168,M,4853700.0,167701.0,28
201000014696,10,5,31,900,1,1,1,1.0,1.0,28140,M,4859520.0,167760.0,28
201000014697,10,6,24,1900,1,2,1,1.0,6.0,28160,M,4840250.0,164334.0,28
201000014698,10,7,2,1545,1,1,1,8.0,1.0,28140,M,4858020.0,167660.0,28
201000014699,10,7,10,400,5,2,1,1.0,6.0,28015,M,4846630.0,176868.0,28
201000014700,10,7,25,1645,1,1,1,1.0,5.0,28352,M,4860100.0,161800.0,28
201000014701,10,9,25,1145,1,2,1,1.0,6.0,28172,M,4855200.0,162819.0,28
201000014702,10,10,8,1445,1,1,1,1.0,5.0,28208,M,4850390.0,174801.0,28
201000014703,10,10,31,1700,1,1,1,1.0,3.0,28023,M,4854910.0,165881.0,28
201000014704,10,11,3,2045,3,1,1,1.0,7.0,28230,M,4840210.0,183825.0,28
201000014705,10,11,8,1745,3,1,1,2.0,3.0,28023,M,4853230.0,163408.0,28
201000014706,10,11,15,1800,5,2,1,1.0,6.0,28195,M,4856620.0,161372.0,28
201000014707,10,1,9,830,3,1,1,4.0,6.0,28391,M,4818880.0,191766.0,28
201000014708,10,1,29,2215,3,1,1,1.0,7.0,28391,M,4818870.0,192034.0,28
201000014709,10,3,14,1500,1,1,1,1.0,7.0,28026,M,4832760.0,191801.0,28
201000014710,10,3,18,645,2,1,1,1.0,1.0,28047,M,4831130.0,168264.0,28
201000014711,10,3,24,1145,1,1,1,1.0,3.0,28164,M,4823680.0,178469.0,28
201000014712,10,3,28,645,2,2,1,1.0,1.0,28199,M,4820120.0,188137.0,28
201000014713,10,3,28,730,1,1,2,1.0,3.0,28319,M,4827870.0,197770.0,28
201000014714,10,4,7,1700,1,1,1,1.0,6.0,28391,M,4818870.0,191960.0,28
201000014715,10,5,5,1545,1,2,1,1.0,6.0,28002,M,4818950.0,184498.0,28
201000014716,10,5,30,1400,1,1,1,1.0,7.0,28047,M,4835020.0,169212.0,28
201000014717,10,6,2,1245,1,1,1,1.0,7.0,28215,M,4831760.0,180655.0,28
201000014718,10,6,20,15,4,2,1,1.0,6.0,28422,M,4827380.0,160016.0,28
201000014719,10,6,27,1515,1,1,1,1.0,7.0,28258,M,4828490.0,154437.0,28
201000014720,10,7,6,1645,1,1,1,1.0,6.0,28284,M,4824290.0,195751.0,28
201000014721,10,7,26,1730,1,1,2,1.0,3.0,28258,M,4828110.0,153288.0,28
201000014722,10,8,10,1100,1,1,1,1.0,3.0,28319,M,4827860.0,197770.0,28
201000014723,10,8,24,1630,1,2,1,1.0,2.0,28313,M,4834080.0,175162.0,28
201000014724,10,9,9,2015,2,2,1,2.0,6.0,28164,M,4826900.0,182400.0,28
201000014725,10,11,4,1815,3,1,2,1.0,3.0,28025,M,4825360.0,196449.0,28
201000014726,10,11,10,1930,3,1,1,2.0,3.0,28319,M,4827090.0,197434.0,28
201000014727,10,11,18,1845,3,1,1,2.0,1.0,28391,M,4821380.0,194903.0,28
201000014728,10,12,11,1545,1,2,1,1.0,1.0,28199,M,4820120.0,188160.0,28
201000014729,10,2,16,2000,3,1,1,9.0,1.0,28132,M,4810620.0,134497.0,28
201000014730,10,3,10,2200,3,2,1,1.0,7.0,28088,M,4808070.0,135325.0,28
201000014731,10,3,25,1600,1,2,1,1.0,2.0,28088,M,4807200.0,132501.0,28
201000014732,10,4,25,2045,2,2,1,1.0,1.0,28088,M,4808200.0,134933.0,28
201000014733,10,5,23,245,3,1,1,1.0,7.0,28389,M,4804230.0,138300.0,28
201000014734,10,9,17,1745,1,1,3,1.0,3.0,28295,M,4801510.0,146291.0,28
201000014735,10,12,19,2230,3,1,2,1.0,3.0,28389,M,4801980.0,137021.0,28
201000014736,10,1,9,1200,1,1,1,4.0,6.0,28108,M,4813970.0,163763.0,28
201000014737,10,6,22,145,3,2,1,1.0,7.0,28306,M,4822370.0,147742.0,28
201000014738,10,7,16,1030,1,1,1,1.0,6.0,28190,M,4807840.0,166786.0,28
201000014739,10,9,4,1715,1,1,1,1.0,7.0,28051,M,4818200.0,140647.0,28
201000014740,10,9,22,2045,5,2,1,1.0,3.0,28051,M,4817580.0,139654.0,28
201000014741,10,9,22,1400,1,1,2,1.0,3.0,28418,M,4813780.0,149190.0,28
201000014742,10,10,27,1645,1,1,1,1.0,1.0,28353,M,4815550.0,141159.0,28
201000014743,10,12,8,1515,1,1,1,4.0,3.0,28305,M,4818530.0,148002.0,28
201000014744,10,12,11,2130,3,1,1,2.0,6.0,28382,M,4808690.0,171007.0,28
201000014745,10,1,28,1715,1,2,1,1.0,6.0,28103,M,4799640.0,123716.0,28
201000014746,10,3,12,1800,2,1,1,1.0,1.0,28150,M,4799940.0,134787.0,28
201000014747,10,4,20,1415,1,1,1,1.0,3.0,28012,M,4810430.0,114926.0,28
201000014748,10,4,24,1200,1,2,2,1.0,3.0,28061,M,4820860.0,117381.0,28
201000014749,10,4,23,2115,4,1,1,1.0,6.0,28017,M,4801630.0,129668.0,28
201000014750,10,5,3,1800,1,1,2,1.0,3.0,28398,M,4817110.0,110923.0,28
201000014751,10,5,22,2215,5,2,1,1.0,3.0,28061,M,4821000.0,117473.0,28
201000014752,10,9,12,1830,1,2,1,1.0,2.0,28133,M,4804710.0,128487.0,28
201000014753,10,10,8,1600,1,1,1,1.0,3.0,28093,M,4810430.0,120843.0,28
201000014754,10,10,20,1600,1,1,1,1.0,6.0,28241,M,4798040.0,139943.0,28
201000014755,10,11,9,1530,1,2,1,2.0,3.0,28424,M,4820700.0,119081.0,28
201000014756,10,11,14,1115,1,1,1,2.0,1.0,28398,M,4817650.0,104780.0,28
201000014757,10,11,18,1145,1,1,1,1.0,3.0,28182,M,4816840.0,123507.0,28
201000014758,10,12,1,1600,1,1,1,2.0,7.0,28398,M,4820240.0,112688.0,28
201000014759,10,12,8,315,3,1,1,4.0,6.0,28017,M,4802180.0,129231.0,28
201000014760,10,2,1,1545,1,1,1,1.0,5.0,28405,M,4874810.0,127193.0,28
201000014761,10,3,7,2200,3,1,1,1.0,6.0,28369,M,4864960.0,127583.0,28
201000014762,10,6,20,1615,1,1,2,8.0,3.0,28171,M,4871330.0,131152.0,28
201000014763,10,6,29,830,1,1,1,1.0,3.0,28098,M,4874970.0,143030.0,28
201000014764,10,7,3,1830,1,2,1,1.0,7.0,28348,M,4876730.0,119319.0,28
201000014765,10,8,15,1730,1,1,1,3.0,3.0,28171,M,4870750.0,135594.0,28
201000014766,10,8,27,1700,1,1,1,1.0,3.0,28405,M,4874250.0,130219.0,28
201000014767,10,11,15,1030,1,1,1,8.0,2.0,28124,M,4877340.0,112175.0,28
201000014768,10,3,7,1200,1,2,3,1.0,1.0,28007,M,4885970.0,144501.0,28
201000014769,10,6,24,1700,1,1,1,1.0,5.0,28293,M,4887130.0,148515.0,28
201000014770,10,7,26,630,1,2,1,1.0,1.0,28064,M,4879540.0,148853.0,28
201000014771,10,8,20,2000,1,1,3,1.0,5.0,28371,M,4884610.0,139750.0,28
201000014772,10,9,18,1945,1,1,1,1.0,3.0,28293,M,4887470.0,149097.0,28
201000014773,10,9,22,1145,1,2,6,1.0,1.0,28371,M,4886110.0,142308.0,28
201000014774,10,9,22,1200,1,2,1,1.0,6.0,28064,M,4879700.0,149505.0,28
201000014775,10,10,16,15,3,1,1,1.0,1.0,28001,M,4880150.0,140490.0,28
201000014776,10,10,27,1145,1,1,1,1.0,3.0,28064,M,4879260.0,147272.0,28
201000014777,10,10,29,1645,1,2,1,1.0,3.0,28001,M,4878120.0,143244.0,28
201000014778,10,11,22,1745,3,2,1,2.0,3.0,28064,M,4880000.0,150770.0,28
201000014779,10,12,3,1945,3,1,1,1.0,7.0,28062,M,4876100.0,151898.0,28
201000014780,10,12,4,1100,1,1,1,4.0,6.0,28062,M,4876600.0,152834.0,28
201000014781,10,3,22,1030,1,1,1,1.0,6.0,28348,M,4873240.0,117649.0,28
201000014782,10,5,10,900,1,1,1,8.0,1.0,28202,M,4863090.0,90496.0,28
201000014783,10,7,12,300,4,2,1,1.0,6.0,28120,M,4866590.0,107757.0,28
201000014784,10,7,20,930,1,1,1,1.0,1.0,28206,M,4870730.0,119611.0,28
201000014785,10,7,23,930,1,1,1,1.0,1.0,28373,M,4857300.0,102004.0,28
201000014786,10,7,31,1745,1,1,1,1.0,2.0,28120,M,4864980.0,108213.0,28
201000014787,10,8,13,2200,3,1,1,1.0,3.0,28159,M,4858910.0,103377.0,28
201000014788,10,9,5,230,5,2,1,1.0,6.0,28373,M,4856230.0,102604.0,28
201000014789,10,10,23,2300,3,1,1,2.0,1.0,28087,M,4871100.0,126020.0,28
201000014790,10,2,16,200,3,1,9,1.0,3.0,28386,M,4856080.0,120972.0,28
201000014791,10,2,18,1245,1,1,1,1.0,1.0,28343,M,4870320.0,153435.0,28
201000014792,10,6,8,1645,1,1,1,1.0,1.0,28372,M,4865030.0,157511.0,28
201000014793,10,8,28,1430,1,1,1,1.0,6.0,28056,M,4875470.0,160299.0,28
201000014794,10,3,31,1600,1,1,1,1.0,7.0,28280,M,4833970.0,82239.0,28
201000014795,10,6,6,2115,1,2,2,1.0,3.0,28280,M,4832780.0,82704.0,28
201000014796,10,6,27,1715,1,1,1,1.0,6.0,28010,M,4827950.0,97999.0,28
201000014797,10,7,3,1230,1,1,1,1.0,2.0,28027,M,4814190.0,100940.0,28
201000014798,10,7,4,1645,1,1,1,1.0,7.0,28027,M,4815200.0,95341.0,28
201000014799,10,7,7,1930,1,1,1,1.0,6.0,28378,M,4827560.0,85271.0,28
201000014800,10,7,18,1530,1,1,1,1.0,7.0,28280,M,4832030.0,79466.0,28
201000014801,10,8,21,1700,1,1,1,1.0,7.0,28280,M,4833600.0,80587.0,28
201000014802,10,9,17,1315,1,2,1,1.0,6.0,28280,M,4832960.0,80514.0,28
201000014803,10,10,23,200,5,2,1,1.0,7.0,28027,M,4813820.0,97423.0,28
201000014804,10,3,29,1300,1,1,1,1.0,6.0,28335,M,4846150.0,105504.0,28
201000014805,10,4,18,2345,3,1,1,1.0,1.0,28240,M,4848790.0,101827.0,28
201000014806,10,4,27,1200,1,1,1,1.0,3.0,28401,M,4847050.0,97161.0,28
201000014807,10,5,14,1815,1,1,1,1.0,6.0,28119,M,4828840.0,105347.0,28
201000014808,10,7,20,1930,1,1,1,1.0,1.0,28331,M,4834840.0,97659.0,28
201000014809,10,9,11,1515,1,2,1,1.0,3.0,28033,M,4850650.0,105786.0,28
201000014810,10,10,8,800,1,1,1,5.0,6.0,28354,M,4849990.0,107853.0,28
201000014811,10,10,15,830,1,1,1,2.0,1.0,28387,M,4829940.0,103875.0,28
201000014812,10,10,27,1130,2,2,9,1.0,2.0,28214,M,4846280.0,100543.0,28
201000014813,10,2,7,600,3,1,4,1.0,2.0,36093,M,4697180.0,158962.0,36
201000014814,10,2,18,615,3,1,1,2.0,7.0,36009,M,4670390.0,175068.0,36
201000014815,10,4,19,1330,1,1,2,1.0,3.0,36128,M,4686000.0,178246.0,36
201000014816,10,2,12,1600,1,1,1,8.0,1.0,36148,M,4660330.0,130530.0,36
201000014817,10,2,16,2145,3,1,1,1.0,7.0,36192,M,0.0,0.0,36
201000014818,10,3,30,1300,1,1,1,3.0,1.0,36172,M,4663930.0,137960.0,36
201000014819,10,4,18,1815,1,1,2,1.0,3.0,36154,M,4659330.0,155387.0,36
201000014820,10,5,18,1900,1,1,1,1.0,1.0,36154,M,4658080.0,159834.0,36
201000014821,10,5,20,1215,1,1,4,1.0,2.0,36200,M,4660920.0,150579.0,36
201000014822,10,5,27,2040,1,2,2,1.0,3.0,36016,M,4655950.0,115536.0,36
201000014823,10,6,18,1945,1,2,3,1.0,3.0,36006,M,4659310.0,151511.0,36
201000014824,10,6,24,2030,1,2,1,1.0,3.0,36196,M,4648540.0,144035.0,36
201000014825,10,7,27,1545,1,1,3,1.0,3.0,36042,M,4663510.0,145261.0,36
201000014826,10,9,18,2045,3,1,1,1.0,6.0,36049,M,4650030.0,145189.0,36
201000014827,10,9,19,1800,1,1,1,1.0,6.0,36174,M,4644600.0,138877.0,36
201000014828,10,9,22,1130,1,1,1,1.0,7.0,36158,M,4653600.0,160251.0,36
201000014829,10,10,24,2330,3,1,1,1.0,6.0,36062,M,4647450.0,161463.0,36
201000014830,10,10,31,500,3,1,1,8.0,6.0,36070,M,4640980.0,158128.0,36
201000014831,10,11,25,1030,1,1,1,2.0,7.0,36134,M,4637920.0,144667.0,36
201000014832,10,12,13,1800,5,1,1,1.0,7.0,36192,M,4663140.0,147081.0,36
201000014833,10,1,4,1900,5,2,1,1.0,6.0,36045,M,4698770.0,117204.0,36
201000014834,10,2,22,1930,5,2,2,2.0,1.0,36031,M,4688920.0,142173.0,36
201000014835,10,4,6,1015,1,1,2,1.0,3.0,36198,M,4691530.0,148274.0,36
201000014836,10,4,23,2115,2,1,1,1.0,6.0,36155,M,4699210.0,143348.0,36
201000014837,10,4,24,1915,1,1,2,1.0,3.0,36054,M,4692050.0,112640.0,36
201000014838,10,4,27,1545,1,2,2,1.0,3.0,36031,M,4688920.0,142173.0,36
201000014839,10,4,27,2100,2,1,1,1.0,3.0,36045,M,4700030.0,117483.0,36
201000014840,10,5,12,1530,1,1,1,1.0,1.0,36194,M,4690060.0,136936.0,36
201000014841,10,5,31,1445,1,1,1,1.0,7.0,36031,M,4687490.0,139107.0,36
201000014842,10,6,17,1515,1,1,1,8.0,1.0,36055,M,4693490.0,125510.0,36
201000014843,10,7,17,745,1,1,2,1.0,1.0,36040,M,4683020.0,145400.0,36
201000014844,10,7,31,1545,1,1,1,1.0,7.0,36010,M,4685110.0,104224.0,36
201000014845,10,8,9,1500,1,2,1,1.0,6.0,36149,M,4694460.0,131690.0,36
201000014846,10,8,16,130,3,1,1,2.0,1.0,36055,M,4692920.0,123921.0,36
201000014847,10,9,7,1745,1,1,2,1.0,3.0,36090,M,4705330.0,143282.0,36
201000014848,10,9,16,2230,5,2,1,1.0,7.0,36045,M,4698950.0,117131.0,36
201000014849,10,9,19,230,3,1,1,1.0,6.0,36031,M,4691900.0,139943.0,36
201000014850,10,10,1,1815,1,1,1,1.0,3.0,36241,M,4684070.0,157036.0,36
201000014851,10,10,2,1930,1,1,1,1.0,7.0,36123,M,4684700.0,122524.0,36
201000014852,10,10,7,1730,1,2,1,1.0,1.0,36031,M,4689810.0,141955.0,36