Num_Acc,an,mois,jour,hrmn,lum,agg,int,atm,col,com,gps,lat,long,dep
201000014853,10,10,13,1645,1,2,1,1.0,6.0,36045,M,4698290.0,117581.0,36
201000014854,10,11,13,2315,4,2,1,1.0,6.0,36045,M,4698630.0,117608.0,36
201000014855,10,11,25,1900,3,1,1,4.0,7.0,36155,M,4698930.0,138822.0,36
201000014856,10,12,3,1845,3,1,1,4.0,1.0,36136,M,4691570.0,116243.0,36
201000014857,10,12,12,1830,3,1,3,1.0,3.0,36055,M,4693280.0,126207.0,36
201000014858,10,1,31,1815,2,2,2,1.0,3.0,36034,M,4725090.0,164929.0,36
201000014859,10,3,12,2315,3,2,2,1.0,3.0,36228,M,4716090.0,156376.0,36
201000014860,10,5,9,45,3,1,1,1.0,6.0,36151,M,4720520.0,167637.0,36
201000014861,10,5,10,1730,1,2,3,3.0,3.0,36034,M,4725610.0,166664.0,36
201000014862,10,7,1,830,1,2,1,1.0,3.0,36034,M,4725470.0,165230.0,36
201000014863,10,8,6,1900,1,1,2,1.0,3.0,36162,M,4715750.0,162020.0,36
201000014864,10,8,29,1130,1,1,1,1.0,5.0,36228,M,4715970.0,160712.0,36
201000014865,10,9,6,230,4,2,1,1.0,6.0,36135,M,4701030.0,155647.0,36
201000014866,10,9,24,1745,1,1,2,8.0,3.0,36162,M,4718080.0,163143.0,36
201000014867,10,11,18,1830,3,1,1,1.0,6.0,36229,M,4721960.0,160912.0,36
201000014868,10,11,30,30,3,1,1,1.0,6.0,36228,M,0.0,0.0,36
201000014869,10,12,7,1530,1,1,1,2.0,7.0,36228,M,4716400.0,158992.0,36
201000014870,10,12,23,2230,3,1,1,8.0,7.0,36151,M,4720550.0,167128.0,36
201000014871,10,1,25,1735,2,1,2,1.0,3.0,36165,M,4670270.0,103848.0,36
201000014872,10,2,20,1930,3,1,1,1.0,5.0,36018,M,4662830.0,114998.0,36
201000014873,10,3,5,1645,1,1,1,1.0,6.0,36224,M,4673550.0,97149.0,36
201000014874,10,4,1,1730,1,1,1,1.0,6.0,36165,M,4667480.0,109811.0,36
201000014875,10,4,2,615,5,2,5,2.0,3.0,36018,M,4662940.0,105441.0,36
201000014876,10,4,3,1715,1,1,1,1.0,6.0,36153,M,4685990.0,116907.0,36
201000014877,10,4,7,1630,1,1,1,1.0,5.0,36123,M,4683410.0,128641.0,36
201000014878,10,4,22,1315,1,1,1,1.0,1.0,36165,M,4668430.0,104058.0,36
201000014879,10,5,29,1,3,1,1,1.0,6.0,36193,M,4685950.0,133250.0,36
201000014880,10,6,4,1630,1,1,1,1.0,6.0,36165,M,4664780.0,103157.0,36
201000014881,10,6,12,715,2,1,1,1.0,6.0,36165,M,4664520.0,104675.0,36
201000014882,10,7,24,1030,1,2,1,1.0,6.0,36106,M,4654350.0,139228.0,36
201000014883,10,8,11,1800,1,1,9,3.0,6.0,36016,M,4657200.0,115474.0,36
201000014884,10,10,10,1105,1,1,2,8.0,3.0,36058,M,4659520.0,105699.0,36
201000014885,10,11,22,645,2,1,1,5.0,6.0,36224,M,4673460.0,99980.0,36
201000014886,10,1,16,2000,3,1,2,2.0,3.0,36043,M,4654750.0,193275.0,36
201000014887,10,2,1,900,1,1,1,4.0,1.0,36214,M,4643740.0,203376.0,36
201000014888,10,2,15,430,3,1,1,1.0,6.0,36143,M,4664810.0,195000.0,36
201000014889,10,2,18,800,1,1,1,9.0,7.0,36208,M,4653830.0,204414.0,36
201000014890,10,3,10,1345,1,1,1,4.0,6.0,36127,M,4659530.0,200958.0,36
201000014891,10,3,24,1010,1,1,1,1.0,3.0,36109,M,4657230.0,197587.0,36
201000014892,10,5,16,1600,1,1,1,1.0,3.0,36091,M,4656880.0,200042.0,36
201000014893,10,5,24,1215,1,1,1,1.0,2.0,36163,M,4649130.0,199860.0,36
201000014894,10,6,16,1145,1,1,1,8.0,6.0,36221,M,4663960.0,209572.0,36
201000014895,10,7,24,1930,1,1,1,1.0,6.0,36240,M,4643880.0,211259.0,36
201000014896,10,8,7,1745,1,1,1,1.0,6.0,36240,M,4642440.0,216602.0,36
201000014897,10,8,16,1100,1,1,1,1.0,3.0,36073,M,4652080.0,209466.0,36
201000014898,10,9,17,1630,1,1,1,1.0,7.0,36240,M,4643780.0,209471.0,36
201000014899,10,9,22,1515,1,1,1,1.0,7.0,36109,M,4655700.0,197512.0,36
201000014900,10,12,13,845,1,1,1,8.0,3.0,36127,M,4659910.0,197679.0,36
201000014901,10,11,19,1700,1,2,1,1.0,6.0,36046,M,0.0,0.0,36
201000014902,10,1,6,1045,1,1,1,4.0,1.0,36001,M,4646340.0,182371.0,36
201000014903,10,1,20,2000,3,1,1,8.0,3.0,36032,M,4654780.0,155325.0,36
201000014904,10,3,7,1400,1,1,1,1.0,6.0,36078,M,4657860.0,188046.0,36
201000014905,10,3,13,445,3,1,1,1.0,6.0,36078,M,4657600.0,186600.0,36
201000014906,10,3,27,515,3,1,1,2.0,6.0,36129,M,4665290.0,191365.0,36
201000014907,10,5,16,1650,1,1,1,1.0,5.0,36062,M,4647170.0,161389.0,36
201000014908,10,5,18,1445,1,1,2,1.0,3.0,36078,M,4657100.0,185952.0,36
201000014909,10,5,20,615,1,1,1,1.0,1.0,36120,M,4669650.0,188718.0,36
201000014910,10,6,25,450,2,1,3,5.0,3.0,36005,M,4675170.0,182072.0,36
201000014911,10,7,25,330,3,1,1,1.0,7.0,36089,M,4668980.0,175407.0,36
201000014912,10,7,29,1645,1,1,1,1.0,6.0,36005,M,4670390.0,187860.0,36
201000014913,10,10,17,800,2,1,2,1.0,3.0,36089,M,4669170.0,180687.0,36
201000014914,10,11,9,1630,1,2,1,3.0,6.0,36001,M,4643410.0,182802.0,36
201000014915,10,11,16,1915,3,1,3,1.0,5.0,36078,M,4657500.0,187410.0,36
201000014916,10,1,13,1915,3,1,1,8.0,6.0,36152,M,4702710.0,187427.0,36
201000014917,10,1,30,1800,2,1,1,9.0,1.0,36215,M,4689670.0,206247.0,36
201000014918,10,4,9,1715,1,1,1,1.0,2.0,36037,M,4691900.0,177152.0,36
201000014919,10,6,3,745,1,1,3,1.0,1.0,36102,M,4708730.0,191890.0,36
201000014920,10,7,2,730,1,1,1,1.0,5.0,36059,M,4691580.0,198735.0,36
201000014921,10,7,22,1330,1,1,1,1.0,2.0,36140,M,4690480.0,188789.0,36
201000014922,10,8,30,1430,1,1,1,1.0,1.0,36088,M,4697060.0,199375.0,36
201000014923,10,9,8,2215,3,2,1,1.0,7.0,36059,M,4690110.0,201573.0,36
201000014924,10,9,26,215,3,1,1,1.0,6.0,36019,M,4679270.0,199111.0,36
201000014925,10,11,2,745,2,1,1,5.0,5.0,36179,M,4691970.0,192297.0,36
201000014926,10,2,26,215,3,1,1,3.0,6.0,37060,M,4742710.0,101440.0,37
201000014927,10,2,27,1615,1,2,3,1.0,3.0,37003,M,0.0,0.0,37
201000014928,10,3,16,1515,1,1,2,1.0,3.0,37252,M,0.0,0.0,37
201000014929,10,3,15,1515,1,1,2,1.0,3.0,37252,M,0.0,0.0,37
201000014930,10,4,14,1345,1,2,1,1.0,6.0,37003,M,4741040.0,98292.0,37
201000014931,10,4,18,545,3,1,1,1.0,6.0,37003,M,4739190.0,98002.0,37
201000014932,10,5,12,1330,1,2,1,1.0,6.0,37003,M,4740700.0,96594.0,37
201000014933,10,5,22,1500,1,1,1,1.0,3.0,37060,M,4743190.0,102670.0,37
201000014934,10,5,30,1845,1,2,1,1.0,2.0,37003,M,0.0,0.0,37
201000014935,10,6,2,2245,5,2,2,1.0,3.0,37003,M,0.0,0.0,37
201000014936,10,7,4,300,3,1,1,1.0,2.0,37138,M,0.0,0.0,37
201000014937,10,7,5,30,3,1,1,1.0,6.0,37185,M,4744400.0,100808.0,37
201000014938,10,7,23,1700,1,1,1,7.0,1.0,37138,M,4739820.0,92131.0,37
201000014939,10,10,1,1915,3,1,1,3.0,6.0,37003,M,0.0,0.0,37
201000014940,10,11,13,1430,1,1,1,8.0,7.0,37060,M,0.0,0.0,37
201000014941,10,1,29,730,2,1,3,2.0,3.0,37036,M,0.0,0.0,37
201000014942,10,2,10,930,1,2,1,1.0,6.0,37062,M,4754180.0,34167.0,37
201000014943,10,3,11,1845,2,2,1,1.0,3.0,37139,M,4739220.0,54572.0,37
201000014944,10,5,24,1545,1,1,1,1.0,3.0,37037,M,4754360.0,41700.0,37
201000014945,10,6,3,730,1,1,1,1.0,3.0,37109,M,0.0,0.0,37
201000014946,10,8,30,1930,1,2,1,1.0,1.0,37109,M,4739510.0,64474.0,37
201000014947,10,9,10,1745,1,1,1,1.0,3.0,37109,M,4738220.0,57681.0,37
201000014948,10,9,26,415,3,1,1,1.0,6.0,37109,M,4737980.0,56813.0,37
201000014949,10,11,20,145,3,1,1,1.0,7.0,37081,M,4744830.0,38060.0,37
201000014950,10,11,26,830,2,2,1,5.0,1.0,37013,M,0.0,0.0,37
201000014951,10,11,27,445,3,1,1,1.0,6.0,37081,M,0.0,0.0,37
201000014952,10,1,30,1230,1,1,1,1.0,6.0,37021,M,0.0,0.0,37
201000014953,10,2,18,1730,1,1,1,8.0,5.0,37245,M,4752720.0,57160.0,37
201000014954,10,2,23,1745,1,1,1,1.0,1.0,37172,M,4745220.0,71863.0,37
201000014955,10,3,11,1715,1,1,1,1.0,6.0,37167,M,0.0,0.0,37
201000014956,10,3,11,1500,1,1,1,1.0,6.0,37170,M,0.0,0.0,37
201000014957,10,4,6,945,1,1,1,1.0,1.0,37249,M,4754430.0,45110.0,37
201000014958,10,4,13,845,1,1,1,1.0,1.0,37204,M,4749720.0,65414.0,37
201000014959,10,4,28,1630,1,1,1,1.0,3.0,37059,M,4747550.0,61407.0,37
201000014960,10,5,20,530,3,1,1,1.0,1.0,37167,M,4757570.0,54413.0,37
201000014961,10,5,29,1830,1,2,1,2.0,2.0,37231,M,4759300.0,48301.0,37
201000014962,10,7,5,2230,3,1,1,1.0,6.0,37054,M,4746280.0,67702.0,37
201000014963,10,7,20,1815,1,1,1,7.0,3.0,37245,M,4747660.0,54055.0,37
201000014964,10,8,3,1445,1,1,1,1.0,1.0,37170,M,4758800.0,59666.0,37
201000014965,10,9,12,245,3,1,1,1.0,7.0,37245,M,4752190.0,58069.0,37
201000014966,10,9,14,730,1,1,1,1.0,6.0,37167,M,4754490.0,55181.0,37
201000014967,10,10,17,1215,1,1,1,1.0,3.0,37059,M,0.0,0.0,37
201000014968,10,1,3,1815,5,2,1,9.0,7.0,37063,M,0.0,0.0,37
201000014969,10,1,17,1045,1,2,1,1.0,3.0,37063,M,0.0,0.0,37
201000014970,10,2,28,2230,3,1,1,1.0,1.0,37276,M,4757620.0,89608.0,37
201000014971,10,3,23,2245,5,2,1,1.0,6.0,37194,M,0.0,0.0,37
201000014972,10,3,29,100,3,1,1,1.0,6.0,37270,M,0.0,0.0,37
201000014973,10,4,2,1645,1,2,1,1.0,6.0,37063,M,4759180.0,91035.0,37
201000014974,10,4,11,1730,1,1,1,1.0,1.0,37276,M,4755030.0,86406.0,37
201000014975,10,4,16,745,1,2,1,1.0,3.0,37179,M,4744450.0,74271.0,37
201000014976,10,4,18,1700,1,1,1,1.0,3.0,37194,M,4748600.0,84187.0,37
201000014977,10,4,21,1500,1,2,1,1.0,6.0,37153,M,4749950.0,78303.0,37
201000014978,10,5,3,1700,1,1,1,1.0,6.0,37153,M,4751440.0,81020.0,37
201000014979,10,5,20,1345,1,1,2,1.0,1.0,37194,M,0.0,0.0,37
201000014980,10,5,21,1815,1,2,1,1.0,3.0,37203,M,0.0,0.0,37
201000014981,10,6,10,1030,1,1,1,1.0,2.0,37194,M,0.0,0.0,37
201000014982,10,6,20,1500,1,2,1,1.0,1.0,37281,M,0.0,0.0,37
201000014983,10,6,24,1045,1,1,1,1.0,7.0,37063,M,0.0,0.0,37
201000014984,10,6,25,1900,1,1,3,1.0,3.0,37179,M,0.0,0.0,37
201000014985,10,7,3,1730,1,1,1,1.0,6.0,37281,M,4744980.0,78768.0,37
201000014986,10,7,6,1030,1,1,1,1.0,1.0,37030,M,4758310.0,86409.0,37
201000014987,10,7,16,1445,1,2,1,1.0,7.0,37052,M,4745110.0,87277.0,37
201000014988,10,7,17,1915,1,2,1,1.0,7.0,37203,M,4741940.0,75971.0,37
201000014989,10,7,28,2230,3,1,1,1.0,6.0,37030,M,4758800.0,88240.0,37
201000014990,10,8,9,1130,1,1,1,1.0,1.0,37106,M,4762840.0,79055.0,37
201000014991,10,8,21,1915,1,1,1,1.0,6.0,37179,M,4743870.0,71329.0,37
201000014992,10,9,1,1100,1,1,1,1.0,2.0,37270,M,4742850.0,84841.0,37
201000014993,10,9,2,1745,1,1,3,1.0,6.0,37224,M,0.0,0.0,37
201000014994,10,9,11,2115,3,1,1,1.0,3.0,37092,M,4753030.0,83639.0,37
201000014995,10,9,30,915,1,1,3,8.0,3.0,37240,M,4759710.0,92706.0,37
201000014996,10,10,12,1915,2,2,1,1.0,5.0,37203,M,0.0,0.0,37
201000014997,10,10,16,30,3,1,1,8.0,5.0,37092,M,0.0,0.0,37
201000014998,10,10,20,1645,1,1,2,1.0,1.0,37175,M,0.0,0.0,37
201000014999,10,11,3,530,3,1,1,1.0,6.0,37276,M,0.0,0.0,37
201000015000,10,11,5,930,1,2,9,2.0,7.0,37203,M,0.0,0.0,37
201000015001,10,12,6,1315,1,1,1,2.0,6.0,37153,M,0.0,0.0,37
201000015002,10,12,17,1330,1,1,1,7.0,5.0,37281,M,0.0,0.0,37
201000015003,10,12,23,1545,1,2,1,8.0,6.0,37063,M,0.0,0.0,37
201000015004,10,11,5,1400,1,1,1,1.0,1.0,37076,M,0.0,0.0,37
201000015005,10,2,6,15,3,1,1,2.0,3.0,37056,M,4731370.0,40891.0,37
201000015006,10,5,8,1130,1,2,2,1.0,3.0,37128,M,4729730.0,41652.0,37
201000015007,10,6,2,1945,1,1,1,1.0,7.0,37067,M,0.0,0.0,37
201000015008,10,6,20,100,3,1,2,1.0,3.0,37123,M,0.0,0.0,37
201000015009,10,7,9,215,3,1,1,1.0,6.0,37205,M,4724800.0,51710.0,37
201000015010,10,8,3,1715,1,1,1,1.0,6.0,37205,M,4724390.0,56569.0,37
201000015011,10,8,11,200,3,1,1,1.0,6.0,37077,M,4734970.0,44931.0,37
201000015012,10,8,22,345,3,1,1,1.0,7.0,37257,M,4721300.0,59375.0,37
201000015013,10,9,30,845,1,1,1,1.0,5.0,37077,M,4734510.0,46792.0,37
201000015014,10,12,22,1800,3,1,1,3.0,5.0,37123,M,0.0,0.0,37
201000015015,10,2,27,345,3,1,1,1.0,7.0,37180,M,4708730.0,50800.0,37
201000015016,10,3,2,1300,1,1,2,1.0,3.0,37226,M,0.0,0.0,37
201000015017,10,5,5,815,1,1,1,2.0,6.0,37142,M,4704850.0,55435.0,37
201000015018,10,5,10,915,1,2,2,3.0,5.0,37093,M,4712250.0,45871.0,37
201000015019,10,5,12,2100,2,2,1,1.0,6.0,37012,M,4716620.0,45310.0,37
201000015020,10,8,15,2245,3,1,1,1.0,6.0,37226,M,4713150.0,24230.0,37
201000015021,10,9,4,2030,2,1,1,1.0,7.0,37087,M,4703120.0,40012.0,37
201000015022,10,9,8,2230,5,2,1,1.0,6.0,37178,M,4712720.0,42137.0,37
201000015023,10,9,16,1130,1,1,2,1.0,1.0,37226,M,4710460.0,64594.0,37
201000015024,10,10,15,2330,5,2,1,1.0,3.0,37226,M,0.0,0.0,37
201000015025,10,10,20,1715,1,2,1,1.0,1.0,37176,M,0.0,0.0,37
201000015026,10,11,19,2000,3,1,1,1.0,1.0,37212,M,0.0,0.0,37
201000015027,10,2,19,1900,3,1,1,1.0,1.0,37039,M,4704140.0,109544.0,37
201000015028,10,3,9,945,1,1,1,1.0,1.0,37173,M,0.0,0.0,37
201000015029,10,3,14,145,3,2,2,1.0,6.0,37127,M,0.0,0.0,37
201000015030,10,3,18,1645,1,1,1,1.0,7.0,37221,M,0.0,0.0,37
201000015031,10,6,11,845,1,1,1,1.0,3.0,37066,M,0.0,0.0,37
201000015032,10,6,16,1530,1,1,9,1.0,3.0,37132,M,0.0,0.0,37
201000015033,10,7,1,2045,1,1,1,1.0,1.0,37183,M,4712100.0,97817.0,37
201000015034,10,7,11,215,5,2,1,1.0,1.0,37132,M,4713990.0,100230.0,37
201000015035,10,8,26,1415,1,1,1,1.0,6.0,37046,M,4725190.0,113976.0,37
201000015036,10,9,11,15,3,1,1,1.0,7.0,37132,M,4713620.0,97386.0,37
201000015037,10,9,18,1630,1,2,1,1.0,6.0,37132,M,0.0,0.0,37
201000015038,10,10,25,1030,1,1,4,1.0,3.0,37222,M,0.0,0.0,37
201000015039,10,11,15,1730,1,1,1,1.0,3.0,37192,M,0.0,0.0,37
201000015040,10,12,27,1730,2,1,1,1.0,1.0,37111,M,0.0,0.0,37
201000015041,10,1,13,715,3,1,1,4.0,7.0,37028,M,0.0,0.0,37
201000015042,10,1,15,1230,1,1,1,8.0,6.0,37028,M,0.0,0.0,37
201000015043,10,3,17,2300,3,1,1,1.0,1.0,37282,M,0.0,0.0,37
201000015044,10,6,15,2030,1,1,1,1.0,7.0,37026,M,0.0,0.0,37
201000015045,10,6,21,1045,1,1,1,1.0,7.0,37114,M,0.0,0.0,37
201000015046,10,8,4,1000,1,1,2,1.0,3.0,37282,M,4680330.0,83498.0,37
201000015047,10,2,17,2015,3,1,1,5.0,1.0,37136,M,4718230.0,80400.0,37
201000015048,10,4,30,1430,1,2,2,1.0,1.0,37045,M,4702160.0,60937.0,37
201000015049,10,7,16,1330,1,1,2,1.0,3.0,37098,M,4707360.0,63649.0,37
201000015050,10,10,24,30,5,2,2,2.0,1.0,37045,M,0.0,0.0,37
201000015051,10,12,12,2100,5,2,1,4.0,6.0,37115,M,0.0,0.0,37
201000015052,10,1,30,1400,1,2,1,1.0,2.0,37266,M,4729580.0,68144.0,37
201000015053,10,2,23,830,1,1,1,1.0,1.0,37104,M,4729010.0,81107.0,37
201000015054,10,3,24,1230,1,2,1,1.0,7.0,37159,M,0.0,0.0,37
201000015055,10,5,16,430,3,1,1,1.0,6.0,37254,M,0.0,0.0,37
201000015056,10,7,24,900,1,1,1,1.0,6.0,37263,M,4729200.0,87879.0,37
201000015057,10,7,26,730,1,1,1,1.0,5.0,37085,M,4723150.0,87424.0,37
201000015058,10,8,11,545,5,2,1,1.0,3.0,37266,M,0.0,0.0,37
201000015059,10,8,31,1945,2,1,1,1.0,1.0,37085,M,4723670.0,89147.0,37
201000015060,10,10,8,1315,1,2,1,1.0,1.0,37263,M,0.0,0.0,37
201000015061,10,10,10,1600,1,1,1,1.0,2.0,37266,M,0.0,0.0,37
201000015062,10,12,11,500,3,1,1,9.0,6.0,37159,M,0.0,0.0,37
201000015063,10,12,17,1915,3,1,2,1.0,3.0,37085,M,0.0,0.0,37
201000015064,10,12,21,1745,5,2,1,2.0,6.0,37159,M,4728340.0,69683.0,37
201000015065,10,1,16,930,1,1,6,1.0,1.0,41091,M,4764670.0,127548.0,41
201000015066,10,1,17,1130,1,1,1,1.0,6.0,41142,M,4757950.0,122994.0,41
201000015067,10,2,15,1945,5,1,1,1.0,7.0,41276,M,,,41
201000015068,10,2,17,545,3,2,1,4.0,7.0,41033,M,4755870.0,121842.0,41
201000015069,10,2,21,30,3,1,6,1.0,6.0,41040,M,4766710.0,124673.0,41
201000015070,10,4,30,600,3,1,1,1.0,1.0,41223,M,4761140.0,120358.0,41
201000015071,10,5,15,2230,3,1,1,1.0,6.0,41137,M,4750870.0,113505.0,41
201000015072,10,6,4,1845,1,1,1,7.0,1.0,41035,M,4772840.0,124131.0,41
201000015073,10,6,14,1830,1,1,1,1.0,1.0,41009,M,4768280.0,132939.0,41
201000015074,10,7,24,1145,1,1,3,1.0,3.0,41029,M,4749970.0,126825.0,41
201000015075,10,8,30,815,1,1,1,1.0,4.0,41281,M,4768230.0,121075.0,41
201000015076,10,9,16,2045,5,2,1,1.0,6.0,41101,M,,,41
201000015077,10,9,25,1615,1,1,1,1.0,7.0,41055,M,,,41
201000015078,10,9,26,615,3,1,1,1.0,3.0,41055,M,4754100.0,128217.0,41
201000015079,10,11,14,1415,1,2,1,1.0,6.0,41189,M,4746720.0,113513.0,41
201000015080,10,11,25,800,2,2,1,3.0,6.0,41055,M,4752390.0,124515.0,41
201000015081,10,12,19,2145,5,2,1,2.0,6.0,41167,M,,,41
201000015082,10,12,20,1730,3,1,1,2.0,1.0,41009,M,4763800.0,132526.0,41
201000015083,10,12,25,1745,3,1,1,1.0,7.0,41167,M,4748300.0,117186.0,41
201000015084,10,1,1,930,1,1,1,1.0,6.0,41284,M,4779550.0,130775.0,41
201000015085,10,4,30,1715,1,1,2,1.0,3.0,41289,M,4785420.0,152216.0,41
201000015086,10,6,3,730,1,1,1,1.0,1.0,41219,M,4786820.0,146921.0,41
201000015087,10,9,19,430,5,2,1,1.0,6.0,41245,M,4775970.0,150082.0,41
201000015088,10,11,22,1530,1,1,1,1.0,6.0,41105,M,4780400.0,155400.0,41
201000015089,10,1,14,1415,2,1,1,9.0,6.0,41207,M,4766050.0,150684.0,41
201000015090,10,1,30,515,5,1,1,9.0,6.0,41130,M,4774250.0,133451.0,41
201000015091,10,3,21,200,3,1,1,1.0,1.0,41155,M,4766240.0,153408.0,41
201000015092,10,3,31,1730,1,2,1,1.0,2.0,41136,M,,,41
201000015093,10,4,14,1645,1,1,3,1.0,3.0,41206,M,4764340.0,137014.0,41
201000015094,10,4,30,930,1,1,1,1.0,7.0,41288,M,4765480.0,136805.0,41
201000015095,10,6,26,845,1,2,1,1.0,6.0,41136,M,4770650.0,151933.0,41
201000015096,10,6,25,1715,1,1,3,1.0,3.0,41206,M,4763110.0,138881.0,41
201000015097,10,6,27,15,3,1,1,1.0,2.0,41220,M,4774410.0,165848.0,41
201000015098,10,7,13,2330,5,2,1,1.0,5.0,41252,M,4766360.0,144714.0,41
201000015099,10,9,12,1945,1,1,1,8.0,7.0,41129,M,4762960.0,149493.0,41
201000015100,10,10,2,600,5,2,1,1.0,1.0,41136,M,4770270.0,151368.0,41
201000015101,10,10,9,1730,1,1,1,1.0,7.0,41252,M,4769600.0,143200.0,41
201000015102,10,11,11,1715,3,1,1,2.0,6.0,41220,M,4769470.0,157313.0,41
201000015103,10,12,24,815,1,1,1,4.0,6.0,41155,M,4767510.0,152649.0,41
201000015104,10,12,15,645,2,1,1,1.0,7.0,41288,M,4763090.0,135684.0,41
201000015105,10,2,12,445,3,1,1,4.0,7.0,41051,M,4735610.0,113959.0,41
201000015106,10,4,24,1000,1,2,3,1.0,5.0,41151,M,4734230.0,117481.0,41
201000015107,10,5,1,2015,1,1,1,1.0,1.0,41217,M,4733410.0,120850.0,41
201000015108,10,6,21,1500,1,1,2,1.0,3.0,41080,M,4731050.0,118681.0,41
201000015109,10,7,2,2015,1,2,1,1.0,6.0,41151,M,4735350.0,118479.0,41
201000015110,10,8,31,1815,1,2,1,1.0,3.0,41211,M,4732970.0,113714.0,41
201000015111,10,9,16,1600,1,1,1,1.0,7.0,41211,M,4729630.0,117971.0,41
201000015112,10,7,15,2045,1,1,1,1.0,6.0,41046,M,4767500.0,191837.0,41
201000015113,10,8,15,1730,1,1,1,2.0,3.0,41046,M,4757620.0,193939.0,41
201000015114,10,8,18,1700,1,1,1,1.0,6.0,41161,M,4754850.0,208592.0,41
201000015115,10,8,19,2000,1,1,1,7.0,3.0,41159,M,4753150.0,180788.0,41
201000015116,10,9,2,1900,1,2,1,1.0,3.0,41232,M,,,41
201000015117,10,10,24,630,3,1,1,5.0,6.0,41176,M,4754520.0,218023.0,41
201000015118,10,11,1,1030,1,1,1,1.0,7.0,41256,M,4733230.0,205704.0,41
201000015119,10,1,8,1500,1,2,1,4.0,6.0,41068,M,,,41
201000015120,10,1,13,900,1,1,1,1.0,1.0,41242,M,4728800.0,159468.0,41
201000015121,10,1,28,730,2,1,1,8.0,7.0,41097,M,4728300.0,171255.0,41
201000015122,10,1,28,2030,3,1,1,2.0,6.0,41157,M,4739360.0,164949.0,41
201000015123,10,3,6,1615,1,1,1,1.0,6.0,41157,M,4741530.0,156203.0,41
201000015124,10,3,18,1645,1,1,1,1.0,2.0,41280,M,4732170.0,176071.0,41
201000015125,10,3,20,1345,1,1,1,1.0,3.0,41140,M,4742480.0,175677.0,41
201000015126,10,6,8,1745,1,1,1,1.0,1.0,41157,M,4743050.0,156595.0,41
201000015127,10,8,9,1245,1,1,1,1.0,1.0,41097,M,4729660.0,163920.0,41
201000015128,10,9,1,2130,3,1,1,1.0,3.0,41247,M,4739230.0,152615.0,41
201000015129,10,10,6,1615,1,1,1,1.0,6.0,41271,M,4746440.0,169738.0,41
201000015130,10,10,9,745,2,1,1,1.0,5.0,41097,M,4729260.0,162194.0,41
201000015131,10,12,10,600,2,1,1,1.0,1.0,41185,M,4733660.0,170729.0,41
201000015132,10,12,16,100,3,1,1,1.0,6.0,41247,M,4743690.0,155539.0,41
201000015133,10,1,13,1900,3,1,1,1.0,1.0,41120,M,4778770.0,91757.0,41
201000015134,10,1,30,1415,1,1,1,1.0,6.0,41070,M,4775010.0,67563.0,41
201000015135,10,2,17,515,3,1,1,8.0,6.0,41238,M,4784950.0,78103.0,41
201000015136,10,2,24,1645,1,1,2,2.0,2.0,41287,M,4775720.0,104809.0,41
201000015137,10,3,13,1445,1,2,1,1.0,6.0,41070,M,4775390.0,68656.0,41
201000015138,10,4,2,800,1,1,1,1.0,2.0,41103,M,,,41
201000015139,10,4,20,1830,1,1,1,7.0,2.0,41265,M,4777600.0,76825.0,41
201000015140,10,5,21,1500,1,1,1,7.0,6.0,41087,M,4777190.0,85583.0,41
201000015141,10,6,13,815,1,1,1,1.0,1.0,41287,M,4777460.0,106160.0,41
201000015142,10,6,22,815,1,1,1,7.0,6.0,41228,M,4776620.0,92610.0,41
201000015143,10,7,6,1945,1,1,1,1.0,7.0,41131,M,4781800.0,94113.0,41
201000015144,10,7,13,2200,1,2,2,1.0,3.0,41294,M,4780510.0,99333.0,41
201000015145,10,7,29,2100,2,1,1,1.0,1.0,41238,M,4788900.0,79500.0,41
201000015146,10,9,6,1800,1,1,1,1.0,6.0,41153,M,4770120.0,70461.0,41
201000015147,10,9,18,1800,1,1,1,1.0,6.0,41120,M,4779810.0,90161.0,41
201000015148,10,9,30,2245,3,1,1,1.0,6.0,41120,M,4780300.0,95065.0,41
201000015149,10,10,7,2100,5,2,1,1.0,3.0,41238,M,4787620.0,80877.0,41
201000015150,10,10,9,2045,3,1,1,1.0,4.0,41199,M,4767240.0,97314.0,41
201000015151,10,10,18,1745,1,1,1,1.0,1.0,41007,M,4762460.0,90846.0,41
201000015152,10,11,15,1015,1,2,1,1.0,3.0,41294,M,4780560.0,99237.0,41
201000015153,10,11,26,1900,5,2,1,2.0,3.0,41149,M,4775900.0,86201.0,41
201000015154,10,1,9,1445,1,1,1,2.0,3.0,41275,M,4789220.0,108205.0,41
201000015155,10,1,11,2015,3,1,1,8.0,1.0,41214,M,,,41
201000015156,10,1,18,1015,1,1,1,1.0,3.0,41095,M,4789230.0,122584.0,41
201000015157,10,3,12,1600,1,2,1,1.0,6.0,41154,M,4790230.0,123486.0,41
201000015158,10,4,10,1845,1,1,9,1.0,1.0,41012,M,,,41