Num_Acc,an,mois,jour,hrmn,lum,agg,int,atm,col,com,gps,lat,long,dep
201000015159,10,5,7,1100,1,1,1,1.0,1.0,41154,M,,,41
201000015160,10,9,11,1415,1,1,1,1.0,3.0,41254,M,4794190.0,93274.0,41
201000015161,10,9,25,2015,3,1,1,1.0,6.0,41028,M,,,41
201000015162,10,1,7,1145,1,2,1,9.0,6.0,33203,M,0.0,0.0,33
201000015163,10,1,8,1715,1,1,1,1.0,5.0,33333,M,0.0,0.0,33
201000015164,10,4,11,315,5,2,1,1.0,6.0,33901,M,0.0,0.0,33
201000015165,10,4,18,1845,1,2,1,1.0,3.0,33097,M,0.0,0.0,33
201000015166,10,5,2,1815,1,1,1,1.0,1.0,33070,M,0.0,0.0,33
201000015167,10,5,7,1900,1,2,1,1.0,1.0,33214,M,,,33
201000015168,10,5,20,2000,2,2,1,1.0,3.0,33214,M,4500600.0,-113600.0,33
201000015169,10,7,7,2100,1,1,1,1.0,7.0,33097,M,4507300.0,-99700.0,33
201000015170,10,7,18,2030,1,2,9,1.0,2.0,33070,M,4504500.0,-93100.0,33
201000015171,10,2,18,1015,1,1,1,4.0,7.0,29233,M,4785819.0,-354484.0,29
201000015172,10,8,3,2230,3,1,1,2.0,2.0,29136,M,4792172.0,-350260.0,29
201000015173,10,8,9,1300,1,1,1,1.0,6.0,29230,M,4792836.0,-354907.0,29
201000015174,10,8,11,2000,1,2,1,1.0,3.0,29233,M,4786813.0,-353739.0,29
201000015175,10,11,11,500,5,1,1,3.0,2.0,29147,M,4790381.0,-357720.0,29
201000015176,10,11,12,1445,1,1,1,3.0,5.0,29234,M,4784089.0,-350603.0,29
201000015177,10,12,30,915,1,1,1,1.0,7.0,29005,M,4785367.0,-361359.0,29
201000015178,10,1,13,930,1,1,1,9.0,7.0,29293,M,4783835.0,-384492.0,29
201000015179,10,6,21,1800,1,1,4,1.0,3.0,29031,M,4780537.0,-357988.0,29
201000015180,10,6,22,1745,1,1,1,1.0,1.0,29217,M,4785544.0,-378872.0,29
201000015181,10,7,14,1345,1,2,1,1.0,1.0,29031,M,4779820.0,-358883.0,29
201000015182,10,7,24,645,2,1,1,1.0,6.0,29031,M,4777638.0,-357744.0,29
201000015183,10,8,5,1545,1,2,1,1.0,3.0,29236,M,4784472.0,-369020.0,29
201000015184,10,8,12,1600,1,2,2,1.0,6.0,29150,M,4781357.0,-362961.0,29
201000015185,10,9,24,1115,1,1,1,1.0,1.0,29217,M,4786701.0,-376516.0,29
201000015186,10,12,16,1045,1,1,1,1.0,1.0,29236,M,4786443.0,-370244.0,29
201000015187,10,2,20,1100,1,1,1,1.0,1.0,29281,M,4802415.0,-380888.0,29
201000015188,10,5,20,1245,1,1,1,1.0,1.0,29269,M,4793414.0,-361483.0,29
201000015189,10,7,4,2115,1,1,1,8.0,4.0,29049,M,4798775.0,-396135.0,29
201000015190,10,7,5,1845,1,1,1,1.0,5.0,29004,M,4788379.0,-354945.0,29
201000015191,10,9,9,1800,1,2,1,1.0,3.0,29274,M,4802916.0,-370739.0,29
201000015192,10,9,15,1930,1,1,3,1.0,3.0,29300,M,4789405.0,-367503.0,29
201000015193,10,10,28,1130,1,1,1,1.0,2.0,29300,M,4791693.0,-361214.0,29
201000015194,10,10,31,900,1,2,6,8.0,2.0,29241,M,4796433.0,-384010.0,29
201000015195,10,11,14,2000,4,1,1,2.0,6.0,29281,M,4805485.0,-381161.0,29
201000015196,10,11,19,1630,1,1,1,2.0,1.0,29274,M,4803242.0,-368248.0,29
201000015197,10,11,22,745,2,1,2,8.0,3.0,29274,M,4803241.0,-372521.0,29
201000015198,10,11,26,815,2,1,1,4.0,5.0,29274,M,4801203.0,-375300.0,29
201000015199,10,12,11,1915,3,1,1,9.0,7.0,29092,M,4796042.0,-377628.0,29
201000015200,10,12,11,2345,3,1,1,1.0,6.0,29272,M,4796498.0,-397165.0,29
201000015201,10,12,16,1200,1,1,1,8.0,1.0,29281,M,4803778.0,-382430.0,29
201000015202,10,12,18,1830,3,1,1,9.0,1.0,29272,M,4796813.0,-391004.0,29
201000015203,10,12,19,2330,3,1,1,2.0,6.0,29004,M,4796185.0,-375542.0,29
201000015204,10,2,15,1915,4,1,1,1.0,3.0,13104,M,,,13
201000015205,10,3,25,2300,3,1,1,1.0,7.0,13033,M,0.0,0.0,13
201000015206,10,4,10,1700,1,2,1,1.0,2.0,13021,M,0.0,0.0,13
201000015207,10,4,17,1900,1,1,1,1.0,2.0,13088,M,4337920.0,522405.0,13
201000015208,10,5,21,900,1,1,1,1.0,3.0,13104,M,0.0,0.0,13
201000015209,10,5,26,1000,1,1,1,1.0,1.0,13104,M,4334360.0,509172.0,13
201000015210,10,6,9,2300,3,1,9,1.0,6.0,13088,M,4337180.0,523061.0,13
201000015211,10,8,17,1900,1,2,1,1.0,6.0,13104,M,0.0,0.0,13
201000015212,10,8,29,700,1,2,1,1.0,1.0,13104,M,,,13
201000015213,10,10,31,1500,1,1,1,3.0,6.0,13104,M,0.0,0.0,13
201000015214,10,11,1,330,5,2,1,1.0,7.0,13104,M,0.0,0.0,13
201000015215,10,9,4,1315,1,2,4,7.0,3.0,95352,M,4911590.0,242270.0,95
201000015216,10,12,10,2315,3,1,1,2.0,1.0,95149,M,4912960.0,243230.0,95
201000015217,10,2,16,2030,5,2,1,1.0,6.0,95652,M,4913180.0,236990.0,95
201000015218,10,5,5,915,1,1,3,1.0,1.0,95456,M,4913840.0,233680.0,95
201000015219,10,5,11,1700,1,1,1,2.0,5.0,95116,M,4915940.0,231810.0,95
201000015220,10,6,13,1830,1,2,1,1.0,7.0,95116,M,4915910.0,232910.0,95
201000015221,10,7,27,1800,1,1,3,1.0,2.0,95652,M,4913520.0,238320.0,95
201000015222,10,7,29,1930,1,1,1,1.0,1.0,95116,M,4916090.0,233220.0,95
201000015223,10,9,9,1700,1,2,1,1.0,6.0,95652,M,4912840.0,237050.0,95
201000015224,10,1,22,1330,1,1,1,1.0,1.0,44020,M,0.0,0.0,44
201000015225,10,4,30,1615,1,2,1,1.0,3.0,44020,M,0.0,0.0,44
201000015226,10,11,8,730,2,2,1,3.0,1.0,44020,M,0.0,0.0,44
201000015227,10,12,31,1400,1,1,1,1.0,4.0,44020,M,0.0,0.0,44
201000015228,10,2,1,1500,1,2,1,1.0,6.0,33199,M,0.0,0.0,33
201000015229,10,4,19,1215,1,2,1,1.0,3.0,33199,M,0.0,0.0,33
201000015230,10,4,24,1345,1,1,1,1.0,1.0,33199,M,4453900.0,-108200.0,33
201000015231,10,7,19,815,1,2,1,1.0,1.0,33199,M,4464000.0,-111500.0,33
201000015232,10,7,20,15,5,2,1,1.0,6.0,33199,M,4462100.0,-109600.0,33
201000015233,10,7,31,2015,1,2,1,1.0,6.0,33527,M,0.0,0.0,33
201000015234,10,8,7,730,1,1,1,1.0,1.0,33199,M,4463000.0,-100499.0,33
201000015235,10,9,3,1200,1,2,1,1.0,6.0,33199,M,4462700.0,-107000.0,33
201000015236,10,9,25,1500,1,2,1,1.0,3.0,33527,M,0.0,0.0,33
201000015237,10,11,13,2300,5,2,1,1.0,7.0,33199,M,4464400.0,-111600.0,33
201000015238,10,5,8,1830,1,1,1,1.0,6.0,87174,M,4573510.0,147388.0,87
201000015239,10,6,2,845,1,1,1,1.0,6.0,87072,M,4566140.0,144685.0,87
201000015240,10,6,5,1000,1,1,1,1.0,2.0,87148,M,4571270.0,136528.0,87
201000015241,10,10,8,1700,1,1,1,1.0,7.0,87205,M,4576110.0,129421.0,87
201000015242,10,10,15,1745,1,1,1,1.0,6.0,87072,M,4566310.0,144671.0,87
201000015243,10,1,1,1600,1,1,1,1.0,6.0,06004,M,,,06
201000015244,10,1,3,1945,5,2,2,8.0,1.0,06004,M,,,06
201000015245,10,1,20,1400,1,2,1,1.0,6.0,06004,M,,,06
201000015246,10,1,21,810,1,1,1,1.0,3.0,06004,M,,,06
201000015247,10,1,21,1530,1,2,3,1.0,3.0,06004,M,,,06
201000015248,10,1,25,1500,1,2,1,2.0,6.0,06004,M,,,06
201000015249,10,1,27,1145,1,2,2,1.0,3.0,06004,M,,,06
201000015250,10,1,29,1355,1,2,3,1.0,3.0,06004,M,,,06
201000015251,10,1,29,1930,5,2,2,1.0,3.0,06004,M,,,06
201000015252,10,1,30,1140,1,2,1,1.0,3.0,06004,M,,,06
201000015253,10,2,2,1545,1,2,1,1.0,6.0,06004,M,,,06
201000015254,10,2,3,2005,5,2,1,1.0,3.0,06004,M,,,06
201000015255,10,2,24,1200,1,2,4,1.0,3.0,06004,M,,,06
201000015256,10,3,1,1720,1,1,3,1.0,5.0,06004,M,,,06
201000015257,10,3,3,645,5,2,3,1.0,1.0,06155,M,,,06
201000015258,10,3,6,1100,1,2,1,1.0,6.0,06004,M,,,06
201000015259,10,3,13,1825,2,2,1,1.0,5.0,06004,M,,,06
201000015260,10,3,16,1120,1,2,3,1.0,3.0,06004,M,,,06
201000015261,10,3,18,1230,1,2,3,1.0,3.0,06004,M,,,06
201000015262,10,3,19,1610,1,2,3,1.0,2.0,06004,M,,,06
201000015263,10,3,20,1540,1,2,1,1.0,6.0,06004,M,,,06
201000015264,10,3,23,1315,1,2,1,1.0,6.0,06004,M,,,06
201000015265,10,3,25,1256,1,2,1,1.0,6.0,06004,M,,,06
201000015266,10,3,25,1620,1,2,1,1.0,2.0,06004,M,,,06
201000015267,10,4,1,945,1,2,1,1.0,5.0,06004,M,,,06
201000015268,10,4,2,945,1,2,1,1.0,6.0,06004,M,,,06
201000015269,10,4,3,457,5,2,4,1.0,3.0,06004,M,,,06
201000015270,10,4,11,1040,1,2,2,1.0,3.0,06004,M,,,06
201000015271,10,4,13,1550,1,2,2,1.0,6.0,06004,M,,,06
201000015272,10,4,15,1610,1,2,1,1.0,6.0,06004,M,,,06
201000015273,10,4,19,1851,1,2,3,1.0,3.0,06004,M,,,06
201000015274,10,4,22,1630,1,2,1,1.0,3.0,06155,M,,,06
201000015275,10,4,24,2240,5,2,1,1.0,6.0,06004,M,,,06
201000015276,10,4,27,2045,1,1,1,1.0,2.0,06155,M,,,06
201000015277,10,4,28,2215,5,2,1,1.0,3.0,06004,M,,,06
201000015278,10,4,30,1500,1,2,1,1.0,6.0,06155,M,,,06
201000015279,10,5,5,950,1,2,7,2.0,6.0,06004,M,,,06
201000015280,10,5,5,1230,1,2,2,1.0,6.0,06004,M,,,06
201000015281,10,5,6,1635,1,2,1,1.0,6.0,06004,M,,,06
201000015282,10,5,8,1645,1,2,1,2.0,3.0,06004,M,,,06
201000015283,10,5,13,905,1,2,1,1.0,3.0,06155,M,,,06
201000015284,10,5,14,1050,1,2,1,1.0,2.0,06004,M,,,06
201000015285,10,5,15,720,1,2,5,1.0,3.0,06004,M,,,06
201000015286,10,5,18,1225,1,2,1,1.0,6.0,06004,M,,,06
201000015287,10,5,20,1825,1,1,1,1.0,3.0,06004,M,,,06
201000015288,10,5,22,5,5,1,1,1.0,2.0,06155,M,,,06
201000015289,10,5,24,1730,1,2,3,1.0,6.0,06004,M,,,06
201000015290,10,5,25,1920,1,2,3,1.0,3.0,06004,M,,,06
201000015291,10,5,26,830,1,1,1,1.0,3.0,06155,M,,,06
201000015292,10,5,28,1650,1,2,1,9.0,6.0,06155,M,,,06
201000015293,10,5,31,1705,1,2,1,1.0,1.0,06004,M,,,06
201000015294,10,6,1,1815,1,2,1,1.0,1.0,06155,M,,,06
201000015295,10,6,2,2110,2,2,3,1.0,3.0,06155,M,,,06
201000015296,10,6,16,2035,4,2,9,1.0,3.0,06004,M,,,06
201000015297,10,6,18,1825,1,1,1,1.0,3.0,06004,M,,,06
201000015298,10,6,19,2110,2,2,1,1.0,1.0,06004,M,,,06
201000015299,10,6,21,1508,1,2,1,1.0,2.0,06004,M,,,06
201000015300,10,6,24,1405,1,2,1,1.0,3.0,06004,M,,,06
201000015301,10,6,27,1015,1,2,1,1.0,6.0,06155,M,,,06
201000015302,10,6,28,110,5,2,1,1.0,7.0,06004,M,,,06
201000015303,10,6,29,1555,1,2,1,1.0,6.0,06004,M,,,06
201000015304,10,6,29,1945,1,2,3,1.0,3.0,06004,M,,,06
201000015305,10,6,30,1300,1,2,1,1.0,6.0,06155,M,,,06
201000015306,10,7,5,1240,1,2,3,1.0,3.0,06004,M,,,06
201000015307,10,7,5,1730,1,2,3,1.0,5.0,06155,M,,,06
201000015308,10,7,5,410,5,2,9,1.0,6.0,06004,M,,,06
201000015309,10,7,8,2355,5,2,3,1.0,3.0,06004,M,,,06
201000015310,10,7,11,1545,1,2,1,1.0,3.0,06004,M,,,06
201000015311,10,7,11,1740,1,2,1,1.0,6.0,06155,M,,,06
201000015312,10,7,15,1700,1,2,1,1.0,3.0,06004,M,,,06
201000015313,10,7,18,1550,1,2,1,1.0,3.0,06004,M,,,06
201000015314,10,7,19,950,1,2,1,1.0,6.0,06004,M,,,06
201000015315,10,7,27,445,4,2,1,1.0,7.0,06155,M,,,06
201000015316,10,7,26,1110,1,1,1,1.0,3.0,06155,M,,,06
201000015317,10,7,31,955,1,2,1,1.0,6.0,06155,M,,,06
201000015318,10,8,4,1300,1,2,5,1.0,3.0,06004,M,,,06
201000015319,10,8,10,1730,1,2,1,1.0,3.0,06155,M,,,06
201000015320,10,8,11,1415,1,2,3,1.0,3.0,06004,M,,,06
201000015321,10,8,15,1740,1,2,1,1.0,6.0,06004,M,,,06
201000015322,10,8,20,1735,1,2,2,1.0,3.0,06004,M,,,06
201000015323,10,8,21,821,1,2,1,7.0,1.0,06004,M,,,06
201000015324,10,8,21,1650,1,2,1,1.0,3.0,06004,M,,,06
201000015325,10,8,22,1255,1,2,3,1.0,3.0,06004,M,,,06
201000015326,10,8,22,1840,1,2,3,1.0,4.0,06004,M,,,06
201000015327,10,8,23,2010,2,2,2,1.0,6.0,06004,M,,,06
201000015328,10,8,29,249,5,2,2,1.0,3.0,06155,M,,,06
201000015329,10,8,29,1640,1,1,1,1.0,3.0,06004,M,,,06
201000015330,10,9,2,1010,1,1,1,1.0,7.0,06004,M,,,06
201000015331,10,9,1,1735,1,2,1,1.0,6.0,06004,M,,,06
201000015332,10,9,3,1045,1,2,6,1.0,3.0,06004,M,,,06
201000015333,10,9,10,1900,1,1,1,1.0,3.0,06004,M,,,06
201000015334,10,9,15,1735,1,2,1,1.0,6.0,06004,M,,,06
201000015335,10,9,20,1000,1,2,1,1.0,6.0,06155,M,,,06
201000015336,10,9,23,1215,1,1,1,1.0,6.0,06004,M,,,06
201000015337,10,9,27,1930,2,2,1,1.0,1.0,06004,M,,,06
201000015338,10,10,13,2205,5,2,1,1.0,6.0,06004,M,,,06
201000015339,10,10,24,1511,1,2,1,1.0,7.0,06155,M,,,06
201000015340,10,10,29,1205,1,1,9,1.0,3.0,06004,M,,,06
201000015341,10,10,30,1900,5,2,6,2.0,3.0,06004,M,,,06
201000015342,10,11,2,900,1,2,1,8.0,3.0,06155,M,,,06
201000015343,10,11,2,515,5,2,3,2.0,3.0,06004,M,,,06
201000015344,10,11,26,200,5,2,2,1.0,3.0,06004,M,,,06
201000015345,10,11,30,1850,5,2,1,1.0,1.0,06004,M,,,06
201000015346,10,12,1,1800,5,2,1,1.0,7.0,06004,M,,,06
201000015347,10,12,3,925,1,2,1,1.0,6.0,06004,M,,,06
201000015348,10,12,3,1600,2,2,1,1.0,6.0,06004,M,,,06
201000015349,10,12,4,1340,1,2,1,1.0,3.0,06004,M,,,06
201000015350,10,12,12,1910,5,2,1,1.0,7.0,06004,M,,,06
201000015351,10,12,19,640,5,2,1,8.0,6.0,06004,M,,,06
201000015352,10,12,28,1240,1,2,9,1.0,6.0,06004,M,,,06
201000015353,10,1,1,1700,1,2,1,1.0,6.0,06123,M,,,06
201000015354,10,1,6,1845,5,2,1,1.0,3.0,06123,M,,,06
201000015355,10,1,7,1330,1,2,3,1.0,3.0,06027,M,,,06
201000015356,10,1,7,1640,1,2,3,1.0,3.0,06027,M,,,06
201000015357,10,1,7,2135,5,2,1,3.0,1.0,06027,M,,,06
201000015358,10,1,8,710,2,2,1,3.0,6.0,06123,M,,,06
201000015359,10,1,9,1040,1,2,3,3.0,6.0,06123,M,,,06
201000015360,10,1,12,315,5,2,1,1.0,6.0,06123,M,,,06
201000015361,10,1,14,1800,5,2,1,3.0,6.0,06123,M,,,06
201000015362,10,1,14,1900,5,2,1,3.0,2.0,06027,M,,,06
201000015363,10,1,15,1240,1,2,1,1.0,2.0,06123,M,,,06
201000015364,10,1,15,1800,2,2,3,3.0,3.0,06123,M,,,06
201000015365,10,1,22,940,1,2,1,1.0,3.0,06027,M,,,06
201000015366,10,1,26,2100,5,2,3,1.0,1.0,06123,M,,,06
201000015367,10,1,29,1600,1,2,1,1.0,2.0,06123,M,,,06
201000015368,10,2,1,1630,1,2,1,1.0,6.0,06123,M,,,06
201000015369,10,2,3,1500,1,2,1,1.0,3.0,06027,M,,,06
201000015370,10,2,6,845,1,2,1,1.0,6.0,06027,M,,,06
201000015371,10,2,7,1645,1,2,3,1.0,3.0,06123,M,,,06
201000015372,10,2,9,1830,4,2,3,1.0,1.0,06123,M,,,06
201000015373,10,2,12,2030,5,2,1,1.0,5.0,06027,M,,,06
201000015374,10,2,15,110,5,2,1,1.0,1.0,06027,M,,,06
201000015375,10,2,22,1300,1,2,1,3.0,1.0,06123,M,,,06
201000015376,10,2,23,745,1,2,1,1.0,3.0,06027,M,,,06
201000015377,10,2,24,1220,1,2,2,1.0,6.0,06027,M,,,06
201000015378,10,2,25,1030,1,2,1,1.0,6.0,06027,M,,,06
201000015379,10,3,1,1710,1,2,1,1.0,3.0,06027,M,,,06
201000015380,10,3,3,1015,1,2,1,3.0,3.0,06027,M,,,06
201000015381,10,3,6,1020,1,2,3,1.0,2.0,06027,M,,,06
201000015382,10,3,10,935,1,2,1,1.0,6.0,06123,M,,,06
201000015383,10,3,11,800,1,2,4,1.0,3.0,06123,M,,,06
201000015384,10,3,12,1445,1,2,1,1.0,3.0,06123,M,,,06
201000015385,10,3,17,420,5,2,1,1.0,2.0,06027,M,,,06
201000015386,10,3,15,840,1,2,1,1.0,2.0,06027,M,,,06
201000015387,10,3,19,1700,1,2,3,1.0,3.0,06027,M,,,06
201000015388,10,3,21,530,5,2,1,1.0,2.0,06123,M,,,06
201000015389,10,3,22,1150,1,2,1,1.0,6.0,06027,M,,,06
201000015390,10,3,24,419,5,2,1,1.0,6.0,06123,M,,,06
201000015391,10,3,24,730,1,2,1,1.0,3.0,06027,M,,,06
201000015392,10,3,26,1350,1,2,1,1.0,2.0,06027,M,,,06
201000015393,10,3,27,1800,1,2,1,1.0,6.0,06027,M,,,06
201000015394,10,3,28,1230,1,2,1,1.0,3.0,06027,M,,,06
201000015395,10,3,30,605,5,2,2,1.0,3.0,06123,M,,,06
201000015396,10,3,31,1415,1,2,1,1.0,3.0,06027,M,,,06
201000015397,10,4,1,1800,1,2,1,1.0,2.0,06027,M,,,06
201000015398,10,4,2,2310,5,2,1,1.0,2.0,06123,M,,,06
201000015399,10,4,3,1800,1,2,1,1.0,1.0,06027,M,,,06
201000015400,10,4,4,2125,5,2,1,1.0,6.0,06027,M,,,06
201000015401,10,4,9,745,1,2,6,1.0,3.0,06027,M,,,06
201000015402,10,4,8,1430,1,2,1,3.0,6.0,06123,M,,,06
201000015403,10,4,12,1950,2,2,3,1.0,3.0,06027,M,,,06
201000015404,10,4,15,900,1,2,3,1.0,6.0,06027,M,,,06
201000015405,10,4,15,1900,1,2,2,1.0,3.0,06123,M,,,06
201000015406,10,4,19,830,1,2,1,1.0,2.0,06027,M,,,06
201000015407,10,4,19,1130,1,2,1,1.0,1.0,06027,M,,,06
201000015408,10,4,19,1400,1,2,6,1.0,3.0,06123,M,,,06
201000015409,10,4,19,1100,1,2,1,1.0,6.0,06027,M,,,06
201000015410,10,4,21,1600,1,2,6,1.0,3.0,06027,M,,,06
201000015411,10,4,23,1830,1,2,2,3.0,7.0,06123,M,,,06
201000015412,10,4,23,2010,5,2,1,3.0,1.0,06123,M,,,06
201000015413,10,4,24,1645,1,2,1,1.0,3.0,06123,M,,,06
201000015414,10,4,26,815,1,2,3,1.0,3.0,06027,M,,,06
201000015415,10,4,27,700,1,2,1,1.0,3.0,06027,M,,,06
201000015416,10,4,27,1220,1,2,1,1.0,3.0,06123,M,,,06
201000015417,10,4,28,750,1,2,1,1.0,3.0,06027,M,,,06
201000015418,10,4,28,1920,1,2,3,1.0,3.0,06123,M,,,06
201000015419,10,4,29,950,1,2,2,1.0,3.0,06027,M,,,06
201000015420,10,5,5,1900,1,2,1,1.0,6.0,06027,M,,,06
201000015421,10,5,7,1930,1,2,2,1.0,6.0,06027,M,,,06
201000015422,10,5,7,2040,2,2,3,1.0,3.0,06027,M,,,06
201000015423,10,5,11,1445,1,2,2,1.0,3.0,06027,M,,,06
201000015424,10,5,11,1900,1,2,2,1.0,2.0,06027,M,,,06
201000015425,10,5,12,800,1,2,1,1.0,2.0,06123,M,,,06
201000015426,10,5,12,900,1,2,1,1.0,3.0,06123,M,,,06
201000015427,10,5,14,1255,1,2,1,1.0,3.0,06027,M,,,06
201000015428,10,5,14,1630,1,2,1,1.0,2.0,06027,M,,,06
201000015429,10,5,15,1150,1,2,1,1.0,6.0,06027,M,,,06
201000015430,10,5,17,1645,1,2,1,1.0,6.0,06027,M,,,06
201000015431,10,5,19,825,1,2,1,1.0,3.0,06027,M,,,06
201000015432,10,5,20,1120,1,2,1,1.0,3.0,06123,M,,,06
201000015433,10,5,21,1700,1,2,1,1.0,3.0,06123,M,,,06
201000015434,10,5,22,1900,1,2,1,1.0,3.0,06027,M,,,06
201000015435,10,5,23,1600,1,2,1,1.0,6.0,06027,M,,,06
201000015436,10,5,23,940,1,2,1,1.0,1.0,06123,M,,,06
201000015437,10,5,23,1700,1,2,1,1.0,6.0,06027,M,,,06
201000015438,10,5,26,1755,1,2,1,1.0,6.0,06027,M,,,06
201000015439,10,5,31,1200,1,2,3,1.0,3.0,06027,M,,,06
201000015440,10,5,31,1525,1,2,1,1.0,3.0,06027,M,,,06
201000015441,10,6,5,1640,1,2,1,1.0,1.0,06027,M,,,06
201000015442,10,6,5,1710,1,2,3,1.0,2.0,06027,M,,,06
201000015443,10,6,6,30,5,2,1,1.0,3.0,06027,M,,,06
201000015444,10,6,8,745,1,2,3,1.0,3.0,06027,M,,,06
201000015445,10,6,8,1430,1,2,1,1.0,4.0,06027,M,,,06
201000015446,10,6,10,1130,1,2,1,1.0,3.0,06027,M,,,06
201000015447,10,6,11,1640,1,2,1,1.0,6.0,06027,M,,,06
201000015448,10,6,11,2330,5,2,2,1.0,3.0,06027,M,,,06
201000015449,10,6,12,50,5,2,6,1.0,6.0,06027,M,,,06
201000015450,10,6,19,1845,1,2,1,1.0,6.0,06027,M,,,06
201000015451,10,6,20,1140,1,2,1,1.0,2.0,06027,M,,,06
201000015452,10,6,21,840,1,2,3,1.0,3.0,06027,M,,,06
201000015453,10,6,22,820,1,2,1,1.0,6.0,06027,M,,,06
201000015454,10,6,23,1000,1,2,1,1.0,6.0,06027,M,,,06
201000015455,10,6,23,1030,1,2,1,1.0,2.0,06027,M,,,06
201000015456,10,6,25,1500,1,2,1,1.0,3.0,06027,M,,,06
201000015457,10,6,25,1530,1,2,1,1.0,6.0,06027,M,,,06
201000015458,10,6,28,1805,1,2,1,1.0,3.0,06027,M,,,06
201000015459,10,6,30,830,1,2,1,1.0,3.0,06123,M,,,06
201000015460,10,6,30,1850,1,2,2,1.0,3.0,06123,M,,,06
201000015461,10,7,7,1120,1,2,1,1.0,6.0,06123,M,,,06
201000015462,10,7,7,1920,1,2,1,1.0,3.0,06027,M,,,06
201000015463,10,7,8,1715,1,2,1,1.0,6.0,06027,M,,,06
201000015464,10,7,9,1400,1,2,1,1.0,3.0,06123,M,,,06
201000015465,10,7,10,1315,1,2,1,1.0,2.0,06123,M,,,06
201000015466,10,7,12,1210,1,2,1,1.0,3.0,06027,M,,,06
201000015467,10,7,16,1720,1,2,1,1.0,3.0,06027,M,,,06
201000015468,10,7,17,2015,1,2,1,1.0,1.0,06027,M,,,06
201000015469,10,7,19,730,1,2,4,1.0,2.0,06027,M,,,06
201000015470,10,7,20,1220,1,2,1,1.0,1.0,06123,M,,,06
201000015471,10,7,20,2035,2,2,1,1.0,1.0,06123,M,,,06
201000015472,10,7,21,1030,1,2,1,1.0,3.0,06123,M,,,06
201000015473,10,7,23,1000,1,2,4,1.0,5.0,06123,M,,,06
201000015474,10,7,23,1915,1,2,3,1.0,3.0,06027,M,,,06
201000015475,10,7,25,1430,1,2,1,1.0,6.0,06123,M,,,06
201000015476,10,7,26,1440,1,2,1,1.0,2.0,06123,M,,,06
201000015477,10,7,26,1900,1,2,1,1.0,6.0,06027,M,,,06
201000015478,10,7,29,745,1,2,3,1.0,3.0,06123,M,,,06
201000015479,10,7,29,1910,1,2,1,1.0,2.0,06027,M,,,06
201000015480,10,7,31,1915,1,2,1,1.0,1.0,06027,M,,,06
201000015481,10,8,2,750,1,2,1,1.0,3.0,06027,M,,,06
201000015482,10,8,4,2000,1,2,1,1.0,1.0,06027,M,,,06
201000015483,10,8,8,1040,1,2,1,1.0,6.0,06123,M,,,06
201000015484,10,8,9,200,5,2,1,1.0,7.0,06027,M,,,06
201000015485,10,8,9,705,1,2,2,1.0,6.0,06027,M,,,06
201000015486,10,8,9,1335,1,2,2,1.0,3.0,06027,M,,,06
201000015487,10,8,9,1500,1,2,1,1.0,3.0,06123,M,,,06
201000015488,10,8,12,1015,1,2,1,1.0,6.0,06123,M,,,06
201000015489,10,8,14,950,1,2,1,3.0,2.0,06027,M,,,06
201000015490,10,8,16,1100,1,2,6,1.0,6.0,06027,M,,,06
201000015491,10,8,16,1845,1,2,3,1.0,6.0,06027,M,,,06
201000015492,10,8,19,1615,1,2,1,1.0,2.0,06027,M,,,06
201000015493,10,8,22,1800,1,2,1,1.0,3.0,06123,M,,,06
201000015494,10,8,25,1620,1,2,1,1.0,2.0,06123,M,,,06
201000015495,10,8,27,730,1,2,1,1.0,3.0,06123,M,,,06
201000015496,10,9,1,825,1,2,3,1.0,3.0,06123,M,,,06
201000015497,10,9,1,1200,1,2,1,1.0,3.0,06027,M,,,06
201000015498,10,9,1,1940,2,2,1,1.0,3.0,06027,M,,,06
201000015499,10,9,3,840,1,2,2,1.0,3.0,06027,M,,,06
201000015500,10,9,3,2000,5,2,1,1.0,6.0,06123,M,,,06
201000015501,10,9,5,1220,1,2,3,1.0,3.0,06123,M,,,06
201000015502,10,9,6,1415,1,2,2,1.0,3.0,06123,M,,,06
201000015503,10,9,6,2305,4,2,3,1.0,3.0,06123,M,,,06
201000015504,10,9,7,1140,1,2,3,1.0,3.0,06123,M,,,06
201000015505,10,9,14,810,1,2,1,1.0,3.0,06123,M,,,06
201000015506,10,9,14,1315,1,2,1,1.0,2.0,06123,M,,,06
201000015507,10,9,14,1725,1,2,1,1.0,6.0,06027,M,,,06
201000015508,10,9,14,1820,1,2,3,1.0,3.0,06027,M,,,06
201000015509,10,9,14,835,1,2,1,1.0,6.0,06027,M,,,06
201000015510,10,9,15,1340,1,2,1,1.0,2.0,06027,M,,,06
201000015511,10,9,18,1100,1,2,1,1.0,6.0,06123,M,,,06
201000015512,10,9,19,315,5,2,1,1.0,6.0,06027,M,,,06
201000015513,10,9,21,820,1,2,6,1.0,2.0,06027,M,,,06
201000015514,10,9,21,1230,1,2,1,1.0,2.0,06027,M,,,06
201000015515,10,9,21,1245,1,2,2,1.0,3.0,06027,M,,,06
201000015516,10,9,23,830,1,2,1,1.0,3.0,06123,M,,,06
201000015517,10,9,23,920,1,2,1,1.0,3.0,06027,M,,,06
201000015518,10,9,23,2330,5,2,1,1.0,1.0,06027,M,,,06
201000015519,10,9,24,1300,1,2,1,1.0,1.0,06027,M,,,06
201000015520,10,9,24,2220,5,2,2,3.0,3.0,06027,M,,,06
201000015521,10,9,25,1330,1,2,1,1.0,6.0,06027,M,,,06