Num_Acc,an,mois,jour,hrmn,lum,agg,int,atm,col,com,gps,lat,long,dep
201000015522,10,9,28,830,1,2,1,1.0,3.0,06027,M,,,06
201000015523,10,9,29,1050,1,2,1,1.0,6.0,06027,M,,,06
201000015524,10,9,30,1615,1,2,1,1.0,1.0,06123,M,,,06
201000015525,10,10,1,1500,1,2,3,1.0,3.0,06123,M,,,06
201000015526,10,10,3,1050,1,2,1,1.0,6.0,06123,M,,,06
201000015527,10,10,3,1530,1,2,1,1.0,2.0,06027,M,,,06
201000015528,10,10,5,1810,2,2,3,1.0,3.0,06123,M,,,06
201000015529,10,10,5,1900,2,2,1,1.0,3.0,06027,M,,,06
201000015530,10,10,6,1420,1,2,1,1.0,2.0,06027,M,,,06
201000015531,10,10,8,915,1,2,1,1.0,1.0,06123,M,,,06
201000015532,10,10,8,1740,1,2,1,1.0,6.0,06027,M,,,06
201000015533,10,10,10,1715,1,2,4,1.0,3.0,06123,M,,,06
201000015534,10,10,14,1840,1,2,1,1.0,1.0,06027,M,,,06
201000015535,10,10,15,800,1,2,3,1.0,5.0,06027,M,,,06
201000015536,10,10,15,1630,1,1,1,1.0,3.0,06027,M,,,06
201000015537,10,10,18,1115,1,2,1,1.0,6.0,06027,M,,,06
201000015538,10,10,18,1740,1,2,1,1.0,3.0,06123,M,,,06
201000015539,10,10,20,1100,1,2,3,1.0,3.0,06123,M,,,06
201000015540,10,10,20,1920,2,2,1,1.0,2.0,06027,M,,,06
201000015541,10,10,21,1005,1,2,6,1.0,3.0,06027,M,,,06
201000015542,10,10,21,1720,1,2,1,1.0,3.0,06027,M,,,06
201000015543,10,10,22,955,1,2,3,1.0,3.0,06027,M,,,06
201000015544,10,10,24,405,5,2,1,1.0,3.0,06123,M,,,06
201000015545,10,10,26,1010,1,2,1,1.0,6.0,06123,M,,,06
201000015546,10,10,26,1115,1,2,2,1.0,3.0,06123,M,,,06
201000015547,10,10,27,1400,1,2,1,1.0,3.0,06027,M,,,06
201000015548,10,10,29,1600,1,2,1,1.0,6.0,06123,M,,,06
201000015549,10,11,1,1830,5,2,3,3.0,3.0,06027,M,,,06
201000015550,10,10,29,2015,5,2,1,2.0,3.0,06123,M,,,06
201000015551,10,11,3,1203,1,2,1,1.0,2.0,06123,M,,,06
201000015552,10,11,3,1215,1,2,1,1.0,6.0,06123,M,,,06
201000015553,10,11,5,1615,1,2,1,1.0,6.0,06027,M,,,06
201000015554,10,11,5,1840,5,2,1,1.0,3.0,06123,M,,,06
201000015555,10,11,5,2000,5,2,1,1.0,2.0,06123,M,,,06
201000015556,10,11,7,110,5,2,1,1.0,2.0,06027,M,,,06
201000015557,10,11,7,930,1,2,1,1.0,1.0,06123,M,,,06
201000015558,10,11,8,930,1,2,3,1.0,3.0,06027,M,,,06
201000015559,10,11,9,1130,1,2,1,1.0,3.0,06027,M,,,06
201000015560,10,11,11,1925,5,2,1,1.0,2.0,06123,M,,,06
201000015561,10,11,12,2030,5,2,1,1.0,3.0,06027,M,,,06
201000015562,10,11,13,1030,1,2,6,1.0,3.0,06027,M,,,06
201000015563,10,11,14,1820,5,2,2,1.0,3.0,06027,M,,,06
201000015564,10,11,15,1540,1,2,1,2.0,3.0,06027,M,,,06
201000015565,10,11,16,730,2,2,3,3.0,3.0,06027,M,,,06
201000015566,10,11,17,810,1,2,3,1.0,6.0,06027,M,,,06
201000015567,10,11,17,1020,1,2,1,1.0,3.0,06027,M,,,06
201000015568,10,11,17,1430,1,2,3,1.0,5.0,06123,M,,,06
201000015569,10,11,22,1740,4,2,1,1.0,6.0,06123,M,,,06
201000015570,10,11,23,915,1,2,2,1.0,3.0,06027,M,,,06
201000015571,10,11,23,1350,1,2,1,1.0,2.0,06027,M,,,06
201000015572,10,11,23,1440,1,2,1,1.0,6.0,06027,M,,,06
201000015573,10,11,26,1750,5,2,1,1.0,2.0,06123,M,,,06
201000015574,10,12,4,1755,5,2,3,1.0,3.0,06123,M,,,06
201000015575,10,12,8,805,1,2,1,2.0,6.0,06027,M,,,06
201000015576,10,12,10,2235,5,2,1,1.0,6.0,06027,M,,,06
201000015577,10,12,11,1800,5,2,6,1.0,3.0,06027,M,,,06
201000015578,10,12,12,1830,5,2,1,1.0,1.0,06123,M,,,06
201000015579,10,12,15,1715,2,2,3,1.0,3.0,06123,M,,,06
201000015580,10,12,17,1215,1,2,6,1.0,3.0,06027,M,,,06
201000015581,10,12,17,1430,1,2,2,1.0,3.0,06123,M,,,06
201000015582,10,12,17,1600,1,2,1,1.0,3.0,06027,M,,,06
201000015583,10,12,17,1735,5,2,1,1.0,6.0,06123,M,,,06
201000015584,10,12,26,1615,1,2,3,2.0,3.0,06123,M,,,06
201000015585,10,12,28,2150,5,2,1,1.0,2.0,06027,M,,,06
201000015586,10,12,31,1510,1,2,1,1.0,5.0,06027,M,,,06
201000015587,10,1,1,1830,2,2,1,1.0,5.0,06029,M,,,06
201000015588,10,1,2,1430,1,2,1,7.0,6.0,06029,M,,,06
201000015589,10,1,5,1630,1,2,1,1.0,3.0,06029,M,,,06
201000015590,10,1,6,1815,2,2,1,1.0,6.0,06030,M,,,06
201000015591,10,1,8,1310,1,2,1,1.0,6.0,06029,M,,,06
201000015592,10,1,8,1216,1,2,1,3.0,6.0,06029,M,,,06
201000015593,10,1,8,1623,1,2,1,1.0,6.0,06029,M,,,06
201000015594,10,1,11,1210,1,2,1,1.0,6.0,06029,M,,,06
201000015595,10,1,12,835,1,2,1,1.0,3.0,06030,M,,,06
201000015596,10,1,13,1000,1,2,1,1.0,3.0,06029,M,,,06
201000015597,10,1,14,1405,1,2,1,2.0,7.0,06030,M,,,06
201000015598,10,1,14,1500,1,2,2,1.0,2.0,06029,M,,,06
201000015599,10,1,14,1730,2,2,1,3.0,7.0,06029,M,,,06
201000015600,10,1,14,1920,1,2,1,1.0,6.0,06029,M,,,06
201000015601,10,1,15,1807,5,2,1,1.0,7.0,06029,M,,,06
201000015602,10,1,15,1940,5,2,1,1.0,7.0,06029,M,,,06
201000015603,10,1,18,1510,1,2,1,1.0,6.0,06029,M,,,06
201000015604,10,1,21,1515,1,2,1,1.0,3.0,06029,M,,,06
201000015605,10,1,23,1255,1,2,1,1.0,2.0,06029,M,,,06
201000015606,10,1,25,1615,1,2,1,2.0,6.0,06029,M,,,06
201000015607,10,1,28,1500,1,2,1,1.0,2.0,06029,M,,,06
201000015608,10,1,30,1440,1,2,1,1.0,6.0,06029,M,,,06
201000015609,10,1,29,1501,1,2,1,1.0,6.0,06029,M,,,06
201000015610,10,2,1,1725,1,2,1,1.0,3.0,06029,M,,,06
201000015611,10,2,5,750,1,2,1,1.0,3.0,06029,M,,,06
201000015612,10,2,7,1130,1,2,1,1.0,2.0,06029,M,,,06
201000015613,10,2,7,1325,1,2,1,1.0,7.0,06029,M,,,06
201000015614,10,2,7,1400,1,2,1,1.0,7.0,06030,M,,,06
201000015615,10,2,8,2005,5,2,1,3.0,7.0,06029,M,,,06
201000015616,10,2,15,1202,1,2,1,1.0,6.0,06029,M,,,06
201000015617,10,2,17,520,2,2,1,2.0,6.0,06029,M,,,06
201000015618,10,2,17,1305,1,2,1,3.0,2.0,06029,M,,,06
201000015619,10,2,17,1820,1,2,1,1.0,3.0,06030,M,,,06
201000015620,10,2,19,1815,2,2,1,3.0,3.0,06029,M,,,06
201000015621,10,2,28,1640,1,2,1,1.0,6.0,06029,M,,,06
201000015622,10,2,24,1403,1,2,1,1.0,3.0,06029,M,,,06
201000015623,10,2,24,1538,1,2,1,1.0,3.0,06029,M,,,06
201000015624,10,2,26,1930,5,2,1,1.0,3.0,06029,M,,,06
201000015625,10,2,28,1335,1,2,1,1.0,6.0,06029,M,,,06
201000015626,10,3,2,1650,1,2,1,1.0,7.0,06029,M,,,06
201000015627,10,3,3,1220,1,2,1,1.0,6.0,06030,M,,,06
201000015628,10,3,9,900,1,2,1,1.0,3.0,06029,M,,,06
201000015629,10,3,9,1555,1,2,1,1.0,7.0,06029,M,,,06
201000015630,10,3,11,1600,1,2,1,1.0,2.0,06029,M,,,06
201000015631,10,3,12,1022,1,2,1,1.0,7.0,06029,M,,,06
201000015632,10,3,18,1430,1,2,1,1.0,7.0,06029,M,,,06
201000015633,10,3,19,1920,5,2,1,1.0,3.0,06029,M,,,06
201000015634,10,3,20,1730,1,2,1,1.0,6.0,06029,M,,,06
201000015635,10,3,23,832,1,2,1,1.0,3.0,06030,M,,,06
201000015636,10,3,23,1755,2,2,1,1.0,3.0,06029,M,,,06
201000015637,10,3,24,850,1,2,2,1.0,3.0,06030,M,,,06
201000015638,10,3,26,730,1,2,9,1.0,7.0,06029,M,,,06
201000015639,10,3,30,800,1,2,1,1.0,3.0,06029,M,,,06
201000015640,10,3,31,1320,1,2,1,1.0,3.0,06030,M,,,06
201000015641,10,4,1,1015,1,2,1,1.0,6.0,06029,M,,,06
201000015642,10,4,1,2200,5,2,1,1.0,3.0,06029,M,,,06
201000015643,10,4,2,1400,1,2,1,1.0,3.0,06029,M,,,06
201000015644,10,4,9,1215,1,2,1,1.0,3.0,06029,M,,,06
201000015645,10,4,14,2105,5,2,1,1.0,7.0,06030,M,,,06
201000015646,10,4,17,1025,1,2,1,1.0,3.0,06029,M,,,06
201000015647,10,4,18,2125,1,2,1,1.0,3.0,06029,M,,,06
201000015648,10,4,19,1708,1,2,1,1.0,6.0,06029,M,,,06
201000015649,10,4,20,2010,1,2,1,1.0,3.0,06029,M,,,06
201000015650,10,4,21,1830,1,2,1,1.0,5.0,06029,M,,,06
201000015651,10,4,23,1800,1,2,1,1.0,5.0,06029,M,,,06
201000015652,10,4,27,1315,1,2,1,1.0,3.0,06029,M,,,06
201000015653,10,4,29,945,1,2,1,1.0,6.0,06029,M,,,06
201000015654,10,4,29,1525,1,2,1,1.0,3.0,06029,M,,,06
201000015655,10,4,30,642,2,2,1,1.0,3.0,06030,M,,,06
201000015656,10,5,4,1025,1,2,1,1.0,7.0,06029,M,,,06
201000015657,10,5,3,1705,1,2,1,1.0,7.0,06029,M,,,06
201000015658,10,4,28,1355,1,2,1,1.0,3.0,06029,M,,,06
201000015659,10,5,7,1850,1,2,1,1.0,2.0,06030,M,,,06
201000015660,10,5,8,1415,1,2,1,1.0,3.0,06029,M,,,06
201000015661,10,5,12,1805,1,2,1,1.0,2.0,06029,M,,,06
201000015662,10,5,13,30,5,2,1,1.0,1.0,06029,M,,,06
201000015663,10,5,13,1550,1,2,1,1.0,3.0,06029,M,,,06
201000015664,10,5,13,2235,5,2,1,1.0,7.0,06029,M,,,06
201000015665,10,5,14,1305,1,2,1,1.0,5.0,06029,M,,,06
201000015666,10,5,14,1740,1,2,1,1.0,3.0,06029,M,,,06
201000015667,10,5,16,456,1,2,1,1.0,6.0,06029,M,,,06
201000015668,10,5,20,1540,1,2,1,1.0,3.0,06029,M,,,06
201000015669,10,5,20,1930,1,2,1,1.0,6.0,06029,M,,,06
201000015670,10,5,19,1850,1,2,1,1.0,7.0,06029,M,,,06
201000015671,10,5,21,1750,1,2,1,1.0,3.0,06029,M,,,06
201000015672,10,5,22,1430,1,2,1,1.0,7.0,06029,M,,,06
201000015673,10,5,23,1530,1,2,1,1.0,5.0,06029,M,,,06
201000015674,10,5,24,1730,1,2,1,1.0,5.0,06029,M,,,06
201000015675,10,5,25,825,1,2,1,1.0,3.0,06029,M,,,06
201000015676,10,5,25,1500,1,2,1,1.0,5.0,06029,M,,,06
201000015677,10,5,25,1950,1,2,1,1.0,1.0,06029,M,,,06
201000015678,10,5,29,1247,1,2,1,1.0,1.0,06029,M,,,06
201000015679,10,5,29,635,1,2,1,7.0,6.0,06029,M,,,06
201000015680,10,6,7,840,1,2,1,1.0,3.0,06030,M,,,06
201000015681,10,6,6,240,5,2,1,1.0,7.0,06030,M,,,06
201000015682,10,6,8,835,1,2,1,1.0,6.0,06029,M,,,06
201000015683,10,6,14,1540,1,2,1,1.0,3.0,06030,M,,,06
201000015684,10,6,16,1910,1,2,1,1.0,2.0,06029,M,,,06
201000015685,10,6,19,35,5,2,1,1.0,3.0,06029,M,,,06
201000015686,10,6,22,750,1,2,1,1.0,6.0,06029,M,,,06
201000015687,10,6,24,1100,1,2,1,1.0,3.0,06029,M,,,06
201000015688,10,6,25,1400,1,2,1,1.0,3.0,06029,M,,,06
201000015689,10,6,29,220,5,2,1,1.0,6.0,06029,M,,,06
201000015690,10,7,1,930,1,2,1,1.0,3.0,06030,M,,,06
201000015691,10,7,2,1520,1,2,1,1.0,3.0,06029,M,,,06
201000015692,10,7,2,1430,1,2,1,1.0,2.0,06030,M,,,06
201000015693,10,7,2,1620,1,2,1,1.0,6.0,06030,M,,,06
201000015694,10,7,5,1225,1,2,1,1.0,6.0,06029,M,,,06
201000015695,10,7,8,2030,5,2,1,1.0,6.0,06029,M,,,06
201000015696,10,7,8,2015,1,2,1,1.0,3.0,06029,M,,,06
201000015697,10,7,9,1130,1,2,1,1.0,2.0,06029,M,,,06
201000015698,10,7,10,910,1,2,1,1.0,1.0,06029,M,,,06
201000015699,10,7,10,945,1,2,1,1.0,3.0,06029,M,,,06
201000015700,10,7,10,2240,5,2,1,1.0,7.0,06030,M,,,06
201000015701,10,7,13,855,1,2,1,1.0,2.0,06029,M,,,06
201000015702,10,7,13,2200,5,2,1,1.0,6.0,06029,M,,,06
201000015703,10,7,14,600,1,2,1,1.0,3.0,06030,M,,,06
201000015704,10,7,14,1550,1,2,1,1.0,7.0,06029,M,,,06
201000015705,10,7,15,1410,1,2,1,1.0,3.0,06030,M,,,06
201000015706,10,7,15,1530,1,2,1,1.0,5.0,06029,M,,,06
201000015707,10,7,15,1840,1,2,1,1.0,6.0,06030,M,,,06
201000015708,10,7,20,1920,1,2,1,1.0,2.0,06029,M,,,06
201000015709,10,7,22,1945,1,2,1,1.0,3.0,06029,M,,,06
201000015710,10,7,22,800,1,2,1,7.0,3.0,06029,M,,,06
201000015711,10,7,27,750,1,2,1,1.0,6.0,06029,M,,,06
201000015712,10,7,27,1005,1,2,1,1.0,3.0,06030,M,,,06
201000015713,10,8,1,1030,1,2,1,1.0,6.0,06029,M,,,06
201000015714,10,8,2,1450,1,2,1,1.0,1.0,06030,M,,,06
201000015715,10,8,3,605,1,2,2,1.0,3.0,06029,M,,,06
201000015716,10,8,8,300,5,2,1,1.0,7.0,06029,M,,,06
201000015717,10,8,8,745,1,2,1,1.0,6.0,06029,M,,,06
201000015718,10,8,7,1955,1,2,1,1.0,3.0,06030,M,,,06
201000015719,10,7,28,413,2,2,1,1.0,6.0,06029,M,,,06
201000015720,10,8,12,930,1,2,1,7.0,3.0,06029,M,,,06
201000015721,10,8,13,1300,1,2,1,1.0,6.0,06029,M,,,06
201000015722,10,8,16,2110,5,2,1,1.0,3.0,06029,M,,,06
201000015723,10,8,16,1740,1,2,1,1.0,6.0,06029,M,,,06
201000015724,10,8,17,1900,1,2,1,1.0,6.0,06029,M,,,06
201000015725,10,8,18,210,5,2,2,1.0,3.0,06029,M,,,06
201000015726,10,8,18,1325,1,2,1,1.0,6.0,06029,M,,,06
201000015727,10,8,18,1500,1,2,1,1.0,3.0,06029,M,,,06
201000015728,10,8,18,1305,1,2,1,1.0,1.0,06030,M,,,06
201000015729,10,8,19,1150,1,2,1,7.0,2.0,06030,M,,,06
201000015730,10,8,21,1320,1,2,1,1.0,6.0,06029,M,,,06
201000015731,10,8,23,936,1,2,1,1.0,6.0,06029,M,,,06
201000015732,10,8,23,1400,1,2,1,1.0,7.0,06030,M,,,06
201000015733,10,8,24,1250,1,2,1,1.0,6.0,06030,M,,,06
201000015734,10,8,25,1700,1,2,1,1.0,1.0,06029,M,,,06
201000015735,10,8,27,650,1,2,1,1.0,3.0,06029,M,,,06
201000015736,10,8,28,1840,1,2,1,1.0,3.0,06029,M,,,06
201000015737,10,8,30,1800,1,2,1,7.0,7.0,06029,M,,,06
201000015738,10,8,31,1945,1,2,1,1.0,3.0,06029,M,,,06
201000015739,10,8,30,1800,1,2,1,1.0,6.0,06029,M,,,06
201000015740,10,9,2,1220,1,2,1,1.0,2.0,06029,M,,,06
201000015741,10,9,4,545,2,2,1,1.0,6.0,06030,M,,,06
201000015742,10,9,6,1910,1,2,1,1.0,6.0,06029,M,,,06
201000015743,10,9,7,700,1,2,1,1.0,6.0,06030,M,,,06
201000015744,10,9,7,1400,1,2,1,1.0,7.0,06030,M,,,06
201000015745,10,9,8,1200,1,2,1,1.0,3.0,06029,M,,,06
201000015746,10,9,8,1254,1,2,1,1.0,3.0,06029,M,,,06
201000015747,10,9,9,1830,1,2,1,1.0,3.0,06029,M,,,06
201000015748,10,9,10,2230,5,2,1,1.0,3.0,06029,M,,,06
201000015749,10,9,11,1655,1,2,1,1.0,6.0,06029,M,,,06
201000015750,10,9,13,1055,1,2,1,1.0,2.0,06029,M,,,06
201000015751,10,9,13,1913,1,2,1,1.0,3.0,06029,M,,,06
201000015752,10,9,16,1405,1,2,1,1.0,7.0,06029,M,,,06
201000015753,10,9,18,1700,2,2,1,1.0,3.0,06030,M,,,06
201000015754,10,9,20,1435,1,2,1,1.0,3.0,06029,M,,,06
201000015755,10,9,24,1110,1,2,1,1.0,3.0,06029,M,,,06
201000015756,10,9,24,1110,1,2,1,3.0,3.0,06029,M,,,06
201000015757,10,9,28,1210,1,2,1,1.0,3.0,06029,M,,,06
201000015758,10,9,29,1435,1,2,1,1.0,7.0,06029,M,,,06
201000015759,10,9,29,1550,1,2,1,1.0,7.0,06029,M,,,06
201000015760,10,9,30,1500,1,2,1,1.0,3.0,06029,M,,,06
201000015761,10,9,30,1720,1,2,1,1.0,3.0,06030,M,,,06
201000015762,10,10,5,908,1,2,1,1.0,6.0,06029,M,,,06
201000015763,10,10,7,755,1,2,1,1.0,7.0,06029,M,,,06
201000015764,10,10,8,1500,1,2,1,1.0,6.0,06029,M,,,06
201000015765,10,10,10,1810,2,2,1,1.0,6.0,06029,M,,,06
201000015766,10,10,11,1200,1,2,1,1.0,6.0,06029,M,,,06
201000015767,10,10,12,815,1,2,1,1.0,3.0,06030,M,,,06
201000015768,10,10,12,1340,1,2,1,1.0,7.0,06030,M,,,06
201000015769,10,10,13,1221,1,2,1,1.0,6.0,06030,M,,,06
201000015770,10,10,18,1250,1,2,1,1.0,7.0,06029,M,,,06
201000015771,10,10,19,1530,1,2,1,1.0,3.0,06029,M,,,06
201000015772,10,10,20,740,1,2,1,1.0,3.0,06029,M,,,06
201000015773,10,10,20,2100,5,2,1,1.0,7.0,06029,M,,,06
201000015774,10,10,23,513,3,2,1,1.0,6.0,06029,M,,,06
201000015775,10,10,26,1020,1,2,1,1.0,3.0,06029,M,,,06
201000015776,10,10,23,1345,1,2,1,1.0,3.0,06029,M,,,06
201000015777,10,10,26,930,1,2,1,1.0,2.0,06029,M,,,06
201000015778,10,10,26,1528,1,2,1,7.0,7.0,06029,M,,,06
201000015779,10,10,27,1800,2,2,1,1.0,3.0,06029,M,,,06
201000015780,10,10,28,1205,1,2,1,7.0,6.0,06029,M,,,06
201000015781,10,10,29,1715,1,2,1,1.0,3.0,06030,M,,,06
201000015782,10,11,3,1730,1,2,1,1.0,3.0,06029,M,,,06
201000015783,10,11,4,1630,1,2,1,1.0,3.0,06030,M,,,06
201000015784,10,11,4,1830,5,2,1,1.0,4.0,06029,M,,,06
201000015785,10,11,5,2035,1,2,1,1.0,3.0,06029,M,,,06
201000015786,10,11,6,1150,1,2,1,1.0,6.0,06029,M,,,06
201000015787,10,11,6,820,2,2,1,1.0,5.0,06029,M,,,06
201000015788,10,11,6,1942,1,2,1,1.0,6.0,06030,M,,,06
201000015789,10,11,6,810,1,2,1,1.0,5.0,06029,M,,,06
201000015790,10,11,8,1610,1,2,1,1.0,3.0,06029,M,,,06
201000015791,10,11,8,1815,1,2,1,1.0,3.0,06029,M,,,06
201000015792,10,11,16,1600,1,2,1,1.0,3.0,06030,M,,,06
201000015793,10,11,16,2105,1,2,1,1.0,3.0,06030,M,,,06
201000015794,10,11,19,1205,1,2,1,1.0,3.0,06029,M,,,06
201000015795,10,11,19,1440,1,2,1,1.0,3.0,06030,M,,,06
201000015796,10,11,22,1040,1,2,1,1.0,2.0,06030,M,,,06
201000015797,10,11,23,1730,5,2,1,1.0,2.0,06030,M,,,06
201000015798,10,11,29,1040,1,2,1,1.0,3.0,06030,M,,,06
201000015799,10,11,30,1230,1,2,1,1.0,7.0,06029,M,,,06
201000015800,10,12,1,1325,1,2,1,1.0,3.0,06030,M,,,06
201000015801,10,12,5,1710,2,2,1,2.0,6.0,06030,M,,,06
201000015802,10,12,5,2145,5,2,2,2.0,3.0,06030,M,,,06
201000015803,10,12,5,300,5,2,1,1.0,7.0,06029,M,,,06
201000015804,10,12,7,1930,5,2,1,1.0,2.0,06030,M,,,06
201000015805,10,12,8,658,5,2,1,1.0,6.0,06030,M,,,06
201000015806,10,12,8,1655,2,2,1,1.0,3.0,06029,M,,,06
201000015807,10,12,9,1320,1,2,1,1.0,2.0,06030,M,,,06
201000015808,10,12,9,1900,5,2,1,1.0,3.0,06029,M,,,06
201000015809,10,12,10,1450,1,2,1,1.0,3.0,06030,M,,,06
201000015810,10,12,10,2010,5,2,1,1.0,1.0,06029,M,,,06
201000015811,10,12,11,1330,1,2,1,1.0,5.0,06029,M,,,06
201000015812,10,12,13,1110,1,2,1,1.0,7.0,06029,M,,,06
201000015813,10,12,15,1420,1,2,1,1.0,6.0,06029,M,,,06
201000015814,10,12,15,1100,1,2,1,1.0,3.0,06030,M,,,06
201000015815,10,12,18,1110,1,2,1,1.0,3.0,06030,M,,,06
201000015816,10,12,27,1510,1,2,1,1.0,7.0,06029,M,,,06
201000015817,10,12,31,1310,1,2,1,1.0,7.0,06029,M,,,06
201000015818,10,10,18,1945,5,2,1,1.0,6.0,06030,M,,,06
201000015819,10,1,2,1645,1,2,3,1.0,3.0,06069,M,,,06
201000015820,10,1,4,800,2,2,1,1.0,2.0,06069,M,,,06
201000015821,10,1,5,1930,5,2,1,1.0,7.0,06069,M,,,06
201000015822,10,1,8,930,1,2,1,2.0,1.0,06069,M,,,06
201000015823,10,1,8,1800,2,2,1,2.0,6.0,06069,M,,,06
201000015824,10,1,9,1315,1,2,1,1.0,7.0,06069,M,,,06
201000015825,10,1,11,635,5,1,1,1.0,6.0,06069,M,,,06
201000015826,10,1,11,1225,1,2,1,1.0,7.0,06069,M,,,06
201000015827,10,1,12,1930,5,2,1,1.0,7.0,06069,M,,,06
201000015828,10,1,17,1820,2,2,1,1.0,1.0,06069,M,,,06
201000015829,10,1,19,800,2,2,1,1.0,3.0,06069,M,,,06
201000015830,10,1,23,1035,1,2,1,1.0,1.0,06069,M,,,06
201000015831,10,1,28,740,2,2,6,1.0,3.0,06069,M,,,06
201000015832,10,1,28,1830,1,2,1,1.0,3.0,06069,M,,,06
201000015833,10,1,31,255,5,2,1,1.0,7.0,06069,M,,,06
201000015834,10,2,4,2015,5,2,1,1.0,6.0,06069,M,,,06
201000015835,10,2,5,715,5,2,1,2.0,6.0,06069,M,,,06
201000015836,10,2,6,1445,1,2,1,1.0,3.0,06069,M,,,06
201000015837,10,2,8,910,1,2,6,1.0,3.0,06069,M,,,06
201000015838,10,2,11,1235,1,2,2,4.0,6.0,06069,M,,,06
201000015839,10,2,15,1230,1,2,1,1.0,2.0,06069,M,,,06
201000015840,10,2,15,1455,1,2,1,1.0,7.0,06069,M,,,06
201000015841,10,2,17,1740,1,2,1,3.0,6.0,06069,M,,,06
201000015842,10,2,27,2210,5,2,3,2.0,6.0,06069,M,,,06
201000015843,10,3,3,1210,1,2,1,2.0,7.0,06069,M,,,06
201000015844,10,3,5,1745,1,2,1,2.0,7.0,06069,M,,,06
201000015845,10,3,8,1030,1,2,9,1.0,6.0,06069,M,,,06
201000015846,10,3,9,1940,5,2,1,1.0,3.0,06069,M,,,06
201000015847,10,3,9,2105,2,2,1,1.0,5.0,06069,M,,,06
201000015848,10,3,11,915,1,2,1,1.0,2.0,06069,M,,,06
201000015849,10,3,11,1425,1,2,1,1.0,7.0,06069,M,,,06
201000015850,10,3,12,730,2,2,1,1.0,6.0,06069,M,,,06
201000015851,10,3,15,800,1,2,1,1.0,2.0,06069,M,,,06
201000015852,10,3,16,840,1,2,1,1.0,2.0,06069,M,,,06
201000015853,10,3,19,1600,1,2,1,1.0,3.0,06069,M,,,06
201000015854,10,3,20,1655,1,2,3,1.0,3.0,06069,M,,,06
201000015855,10,3,22,900,1,2,1,1.0,7.0,06069,M,,,06
201000015856,10,3,23,810,1,2,1,1.0,2.0,06069,M,,,06
201000015857,10,3,23,1035,1,2,1,1.0,7.0,06069,M,,,06
201000015858,10,3,25,820,1,2,1,1.0,2.0,06069,M,,,06
201000015859,10,3,26,1650,1,2,1,1.0,3.0,06069,M,,,06
201000015860,10,3,26,1725,1,2,1,1.0,2.0,06069,M,,,06
201000015861,10,3,29,1230,1,2,1,1.0,2.0,06069,M,,,06
201000015862,10,3,29,1800,1,2,1,1.0,2.0,06069,M,,,06
201000015863,10,4,1,1040,1,2,1,1.0,2.0,06069,M,,,06
201000015864,10,4,2,825,1,2,1,1.0,7.0,06069,M,,,06
201000015865,10,4,2,1645,1,2,1,1.0,2.0,06069,M,,,06
201000015866,10,4,2,1730,1,2,1,1.0,1.0,06069,M,,,06
201000015867,10,4,6,725,1,2,1,1.0,7.0,06069,M,,,06
201000015868,10,4,6,1225,1,2,1,1.0,3.0,06069,M,,,06
201000015869,10,4,7,1430,1,1,1,1.0,6.0,06069,M,,,06
201000015870,10,4,12,1435,1,2,1,1.0,6.0,06069,M,,,06
201000015871,10,4,14,1515,1,2,1,2.0,7.0,06069,M,,,06
201000015872,10,4,14,1825,1,2,1,1.0,2.0,06069,M,,,06
201000015873,10,4,15,1530,1,2,1,1.0,2.0,06069,M,,,06
201000015874,10,4,15,2015,2,2,1,1.0,1.0,06069,M,,,06
201000015875,10,4,16,1415,1,2,1,1.0,7.0,06069,M,,,06
201000015876,10,4,18,430,5,2,1,1.0,6.0,06069,M,,,06
201000015877,10,4,18,1730,1,2,1,1.0,6.0,06069,M,,,06
201000015878,10,4,20,1450,1,1,1,1.0,6.0,06069,M,,,06
201000015879,10,4,23,1615,1,2,1,1.0,7.0,06069,M,,,06
201000015880,10,4,25,1050,1,2,1,1.0,7.0,06069,M,,,06
201000015881,10,4,25,1730,1,2,1,1.0,3.0,06069,M,,,06
201000015882,10,4,26,845,1,2,1,1.0,7.0,06069,M,,,06
201000015883,10,4,27,145,5,2,1,1.0,6.0,06069,M,,,06
201000015884,10,4,29,1635,1,2,1,1.0,7.0,06069,M,,,06
201000015885,10,4,30,815,1,2,1,1.0,6.0,06069,M,,,06
201000015886,10,4,30,1905,1,2,1,1.0,6.0,06069,M,,,06
201000015887,10,5,1,1010,1,1,1,1.0,7.0,06069,M,,,06
201000015888,10,5,2,1635,1,1,1,3.0,6.0,06069,M,,,06
201000015889,10,5,3,1015,1,2,1,1.0,7.0,06069,M,,,06
201000015890,10,5,3,1245,1,2,1,1.0,2.0,06069,M,,,06
201000015891,10,5,3,1400,1,2,1,1.0,7.0,06069,M,,,06
201000015892,10,5,4,1315,1,2,1,1.0,7.0,06069,M,,,06
201000015893,10,5,8,300,5,2,1,1.0,2.0,06069,M,,,06
201000015894,10,5,11,1530,1,2,1,1.0,4.0,06069,M,,,06
201000015895,10,5,11,1635,1,2,1,1.0,6.0,06069,M,,,06
201000015896,10,5,15,1225,1,2,1,1.0,2.0,06069,M,,,06
201000015897,10,5,16,2230,5,2,1,1.0,3.0,06069,M,,,06
201000015898,10,5,17,1235,1,2,1,1.0,7.0,06069,M,,,06
201000015899,10,5,17,1800,1,2,1,1.0,4.0,06069,M,,,06
201000015900,10,5,18,750,1,2,1,1.0,2.0,06069,M,,,06
201000015901,10,5,18,1125,1,2,1,1.0,3.0,06069,M,,,06
201000015902,10,5,20,1750,1,1,1,1.0,2.0,06069,M,,,06
201000015903,10,5,21,1920,1,2,3,1.0,3.0,06069,M,,,06
201000015904,10,5,25,1000,1,2,1,1.0,2.0,06069,M,,,06
201000015905,10,5,26,900,1,2,1,1.0,2.0,06069,M,,,06
201000015906,10,5,26,1015,1,2,3,1.0,3.0,06069,M,,,06