Num_Acc,an,mois,jour,hrmn,lum,agg,int,atm,col,com,gps,lat,long,dep
201000015907,10,5,27,1540,1,2,1,1.0,1.0,06069,M,,,06
201000015908,10,5,29,1730,1,2,1,1.0,2.0,06069,M,,,06
201000015909,10,5,31,1100,1,2,2,1.0,3.0,06069,M,,,06
201000015910,10,6,1,1245,1,2,3,1.0,3.0,06069,M,,,06
201000015911,10,6,2,650,2,2,6,1.0,3.0,06069,M,,,06
201000015912,10,6,4,930,1,2,1,1.0,6.0,06069,M,,,06
201000015913,10,6,5,1145,1,2,1,1.0,3.0,06069,M,,,06
201000015914,10,6,5,1635,1,2,1,1.0,2.0,06069,M,,,06
201000015915,10,6,8,1400,1,2,1,1.0,3.0,06069,M,,,06
201000015916,10,6,10,1725,1,2,1,1.0,3.0,06069,M,,,06
201000015917,10,6,14,1625,1,2,1,1.0,3.0,06069,M,,,06
201000015918,10,6,14,1725,1,2,1,1.0,5.0,06069,M,,,06
201000015919,10,6,17,650,1,2,1,1.0,7.0,06069,M,,,06
201000015920,10,6,17,820,1,2,1,1.0,7.0,06069,M,,,06
201000015921,10,6,19,1900,1,2,3,1.0,3.0,06069,M,,,06
201000015922,10,6,20,950,1,2,1,1.0,7.0,06069,M,,,06
201000015923,10,6,20,1540,1,2,1,1.0,2.0,06069,M,,,06
201000015924,10,6,22,1500,1,2,1,1.0,2.0,06069,M,,,06
201000015925,10,6,22,2020,2,2,1,1.0,2.0,06069,M,,,06
201000015926,10,6,23,755,1,2,1,1.0,3.0,06069,M,,,06
201000015927,10,6,23,1120,1,2,1,1.0,3.0,06069,M,,,06
201000015928,10,6,24,800,1,2,1,1.0,5.0,06069,M,,,06
201000015929,10,6,24,1900,1,2,1,1.0,6.0,06069,M,,,06
201000015930,10,6,25,2035,1,2,1,1.0,3.0,06069,M,,,06
201000015931,10,6,25,1235,1,2,1,1.0,3.0,06069,M,,,06
201000015932,10,6,26,1140,1,2,1,1.0,3.0,06069,M,,,06
201000015933,10,6,26,1155,1,2,1,1.0,7.0,06069,M,,,06
201000015934,10,6,30,1245,1,2,3,1.0,3.0,06069,M,,,06
201000015935,10,6,30,1745,1,2,1,1.0,1.0,06069,M,,,06
201000015936,10,7,2,1044,1,2,1,1.0,7.0,06069,M,,,06
201000015937,10,7,2,2330,5,2,1,1.0,3.0,06069,M,,,06
201000015938,10,7,5,1450,1,2,1,1.0,2.0,06069,M,,,06
201000015939,10,7,5,1640,1,2,1,1.0,3.0,06069,M,,,06
201000015940,10,7,5,2200,5,2,1,1.0,6.0,06069,M,,,06
201000015941,10,7,9,1250,1,2,1,1.0,6.0,06069,M,,,06
201000015942,10,7,9,1725,1,2,1,1.0,7.0,06069,M,,,06
201000015943,10,7,10,1310,1,2,9,1.0,3.0,06069,M,,,06
201000015944,10,7,12,1630,1,2,1,1.0,2.0,06069,M,,,06
201000015945,10,7,16,1810,1,2,1,1.0,7.0,06069,M,,,06
201000015946,10,7,17,715,1,2,1,1.0,2.0,06069,M,,,06
201000015947,10,7,17,1845,1,2,1,1.0,3.0,06069,M,,,06
201000015948,10,7,17,2040,1,2,1,1.0,4.0,06069,M,,,06
201000015949,10,7,18,1900,1,2,1,1.0,7.0,06069,M,,,06
201000015950,10,7,20,225,5,2,1,1.0,6.0,06069,M,,,06
201000015951,10,7,21,620,1,2,1,1.0,7.0,06069,M,,,06
201000015952,10,7,21,1020,1,2,1,1.0,6.0,06069,M,,,06
201000015953,10,7,22,1200,1,2,6,1.0,3.0,06069,M,,,06
201000015954,10,7,22,1900,1,1,4,1.0,1.0,06069,M,,,06
201000015955,10,7,22,1950,1,2,2,1.0,3.0,06069,M,,,06
201000015956,10,7,23,1900,1,2,1,1.0,3.0,06069,M,,,06
201000015957,10,7,24,1130,1,2,1,1.0,6.0,06069,M,,,06
201000015958,10,7,28,30,5,2,1,1.0,7.0,06069,M,,,06
201000015959,10,7,29,1810,1,2,1,1.0,1.0,06069,M,,,06
201000015960,10,7,30,725,1,2,1,1.0,2.0,06069,M,,,06
201000015961,10,7,31,1030,1,2,1,1.0,6.0,06069,M,,,06
201000015962,10,8,2,1925,1,2,1,1.0,1.0,06069,M,,,06
201000015963,10,8,3,1350,1,2,1,1.0,6.0,06069,M,,,06
201000015964,10,8,3,1915,1,2,3,1.0,3.0,06069,M,,,06
201000015965,10,8,4,1645,1,2,1,1.0,3.0,06069,M,,,06
201000015966,10,8,8,530,5,2,1,1.0,6.0,06069,M,,,06
201000015967,10,8,9,800,1,2,6,1.0,3.0,06069,M,,,06
201000015968,10,8,9,1745,1,2,1,1.0,3.0,06069,M,,,06
201000015969,10,8,9,2240,5,2,1,1.0,7.0,06069,M,,,06
201000015970,10,8,10,1000,1,2,1,1.0,3.0,06069,M,,,06
201000015971,10,8,11,1500,1,2,1,1.0,3.0,06069,M,,,06
201000015972,10,8,12,1220,1,2,1,1.0,6.0,06069,M,,,06
201000015973,10,8,13,1635,1,2,1,3.0,1.0,06069,M,,,06
201000015974,10,8,13,1705,1,2,1,3.0,7.0,06069,M,,,06
201000015975,10,8,14,1535,1,2,1,3.0,5.0,06069,M,,,06
201000015976,10,8,18,1120,1,2,1,7.0,6.0,06069,M,,,06
201000015977,10,8,18,1430,1,2,1,1.0,4.0,06069,M,,,06
201000015978,10,8,19,1550,1,2,1,1.0,3.0,06069,M,,,06
201000015979,10,8,22,725,2,2,1,1.0,7.0,06069,M,,,06
201000015980,10,8,22,1325,1,2,1,1.0,2.0,06069,M,,,06
201000015981,10,8,22,1940,1,2,1,1.0,3.0,06069,M,,,06
201000015982,10,8,23,1545,1,2,6,1.0,3.0,06069,M,,,06
201000015983,10,8,25,730,2,2,1,1.0,6.0,06069,M,,,06
201000015984,10,8,25,1720,1,2,6,1.0,3.0,06069,M,,,06
201000015985,10,8,26,1425,1,2,1,1.0,3.0,06069,M,,,06
201000015986,10,8,26,1910,1,2,1,1.0,7.0,06069,M,,,06
201000015987,10,8,31,1020,1,2,1,1.0,2.0,06069,M,,,06
201000015988,10,8,31,1845,1,2,1,1.0,2.0,06069,M,,,06
201000015989,10,9,1,2200,5,2,1,1.0,7.0,06069,M,,,06
201000015990,10,9,6,1555,1,2,1,1.0,2.0,06069,M,,,06
201000015991,10,9,6,1730,1,2,1,1.0,2.0,06069,M,,,06
201000015992,10,9,7,1940,1,2,1,1.0,1.0,06069,M,,,06
201000015993,10,9,8,1600,1,2,1,1.0,3.0,06069,M,,,06
201000015994,10,9,9,1050,1,2,1,1.0,6.0,06069,M,,,06
201000015995,10,9,9,1245,1,2,1,1.0,3.0,06069,M,,,06
201000015996,10,9,11,1905,1,1,1,1.0,2.0,06069,M,,,06
201000015997,10,9,13,1800,1,1,1,1.0,1.0,06069,M,,,06
201000015998,10,9,14,1200,1,2,1,1.0,3.0,06069,M,,,06
201000015999,10,9,17,245,5,2,1,1.0,7.0,06069,M,,,06
201000016000,10,9,17,1025,1,2,1,1.0,2.0,06069,M,,,06
201000016001,10,9,21,1645,1,2,1,1.0,6.0,06069,M,,,06
201000016002,10,9,22,730,1,2,1,1.0,7.0,06069,M,,,06
201000016003,10,9,22,1910,1,2,1,1.0,7.0,06069,M,,,06
201000016004,10,9,23,850,1,2,1,1.0,7.0,06069,M,,,06
201000016005,10,9,24,1235,1,1,1,1.0,1.0,06069,M,,,06
201000016006,10,9,24,1705,1,2,1,1.0,6.0,06069,M,,,06
201000016007,10,9,24,1800,1,2,3,1.0,1.0,06069,M,,,06
201000016008,10,9,26,410,5,2,1,1.0,7.0,06069,M,,,06
201000016009,10,9,26,1215,1,1,1,1.0,2.0,06069,M,,,06
201000016010,10,9,26,2020,5,2,1,1.0,2.0,06069,M,,,06
201000016011,10,9,27,1635,1,2,1,1.0,2.0,06069,M,,,06
201000016012,10,9,29,1215,1,2,1,1.0,3.0,06069,M,,,06
201000016013,10,10,2,1930,2,2,1,1.0,3.0,06069,M,,,06
201000016014,10,10,4,750,1,2,1,2.0,3.0,06069,M,,,06
201000016015,10,10,4,1000,1,2,1,1.0,6.0,06069,M,,,06
201000016016,10,10,4,1320,1,2,1,3.0,7.0,06069,M,,,06
201000016017,10,10,5,1530,1,2,1,1.0,3.0,06069,M,,,06
201000016018,10,10,5,1730,1,2,1,1.0,7.0,06069,M,,,06
201000016019,10,10,7,1645,1,2,1,1.0,7.0,06069,M,,,06
201000016020,10,10,9,2005,5,2,1,1.0,6.0,06069,M,,,06
201000016021,10,10,10,1805,2,2,4,1.0,3.0,06069,M,,,06
201000016022,10,10,10,2130,5,1,1,1.0,7.0,06069,M,,,06
201000016023,10,10,11,2145,5,2,1,1.0,5.0,06069,M,,,06
201000016024,10,10,12,1210,1,1,1,1.0,3.0,06069,M,,,06
201000016025,10,10,13,935,1,2,1,1.0,7.0,06069,M,,,06
201000016026,10,10,13,1740,2,2,1,1.0,2.0,06069,M,,,06
201000016027,10,10,13,1930,2,2,1,1.0,2.0,06069,M,,,06
201000016028,10,10,14,1120,1,2,1,1.0,6.0,06069,M,,,06
201000016029,10,10,14,1250,1,2,1,1.0,7.0,06069,M,,,06
201000016030,10,10,14,1655,1,2,4,1.0,3.0,06069,M,,,06
201000016031,10,10,15,20,5,2,1,1.0,7.0,06069,M,,,06
201000016032,10,10,21,1745,1,2,1,1.0,6.0,06069,M,,,06
201000016033,10,10,22,1730,1,2,1,1.0,4.0,06069,M,,,06
201000016034,10,10,25,430,5,2,1,3.0,6.0,06069,M,,,06
201000016035,10,10,26,910,1,2,3,1.0,3.0,06069,M,,,06
201000016036,10,10,27,250,5,2,1,1.0,6.0,06069,M,,,06
201000016037,10,10,28,730,1,2,1,1.0,6.0,06069,M,,,06
201000016038,10,11,1,1255,1,2,1,2.0,4.0,06069,M,,,06
201000016039,10,11,3,800,1,2,1,1.0,2.0,06069,M,,,06
201000016040,10,11,3,850,1,2,1,1.0,3.0,06069,M,,,06
201000016041,10,11,4,815,1,2,1,1.0,2.0,06069,M,,,06
201000016042,10,11,7,1145,1,2,1,1.0,7.0,06069,M,,,06
201000016043,10,11,8,730,2,2,1,1.0,6.0,06069,M,,,06
201000016044,10,11,9,1715,2,2,1,1.0,6.0,06069,M,,,06
201000016045,10,11,10,1355,1,2,1,1.0,2.0,06069,M,,,06
201000016046,10,11,12,1410,1,2,1,1.0,3.0,06069,M,,,06
201000016047,10,11,12,1855,5,2,1,1.0,6.0,06069,M,,,06
201000016048,10,11,15,1140,1,2,1,2.0,3.0,06069,M,,,06
201000016049,10,11,16,1745,1,2,1,1.0,3.0,06069,M,,,06
201000016050,10,11,17,1205,1,2,1,1.0,4.0,06069,M,,,06
201000016051,10,11,18,830,1,2,1,1.0,1.0,06069,M,,,06
201000016052,10,11,18,1230,1,2,1,1.0,7.0,06069,M,,,06
201000016053,10,11,18,1440,1,2,1,1.0,1.0,06069,M,,,06
201000016054,10,11,19,740,1,2,1,1.0,3.0,06069,M,,,06
201000016055,10,11,19,1555,1,2,1,1.0,7.0,06069,M,,,06
201000016056,10,11,21,1640,1,2,1,1.0,7.0,06069,M,,,06
201000016057,10,11,23,1230,1,2,1,1.0,5.0,06069,M,,,06
201000016058,10,11,23,1520,1,2,1,1.0,6.0,06069,M,,,06
201000016059,10,11,25,1730,2,2,1,1.0,3.0,06069,M,,,06
201000016060,10,11,25,800,1,2,3,1.0,3.0,06069,M,,,06
201000016061,10,11,25,1215,1,2,1,1.0,3.0,06069,M,,,06
201000016062,10,11,25,1250,1,2,1,1.0,7.0,06069,M,,,06
201000016063,10,11,25,1845,5,2,1,1.0,6.0,06069,M,,,06
201000016064,10,11,26,800,1,2,1,1.0,3.0,06069,M,,,06
201000016065,10,11,27,1035,1,2,1,1.0,6.0,06069,M,,,06
201000016066,10,11,27,1210,1,2,1,1.0,3.0,06069,M,,,06
201000016067,10,11,27,1315,1,2,9,1.0,1.0,06069,M,,,06
201000016068,10,11,27,1710,2,2,1,1.0,6.0,06069,M,,,06
201000016069,10,11,30,805,1,2,1,1.0,6.0,06069,M,,,06
201000016070,10,12,1,2100,5,2,6,1.0,3.0,06069,M,,,06
201000016071,10,12,3,700,2,2,1,1.0,7.0,06069,M,,,06
201000016072,10,12,3,655,5,2,1,1.0,3.0,06069,M,,,06
201000016073,10,12,4,755,2,2,2,1.0,3.0,06069,M,,,06
201000016074,10,12,5,1455,1,2,1,2.0,2.0,06069,M,,,06
201000016075,10,12,6,1710,3,2,1,2.0,6.0,06069,M,,,06
201000016076,10,12,8,1400,1,2,1,1.0,3.0,06069,M,,,06
201000016077,10,12,9,1525,1,2,9,7.0,6.0,06069,M,,,06
201000016078,10,12,12,1740,2,2,1,1.0,7.0,06069,M,,,06
201000016079,10,12,12,1805,2,2,1,1.0,7.0,06069,M,,,06
201000016080,10,12,13,1820,2,2,1,1.0,7.0,06069,M,,,06
201000016081,10,12,14,1640,1,2,1,1.0,7.0,06069,M,,,06
201000016082,10,12,14,1810,5,2,1,1.0,3.0,06069,M,,,06
201000016083,10,12,15,1605,1,2,1,1.0,3.0,06069,M,,,06
201000016084,10,12,15,1720,5,2,1,1.0,3.0,06069,M,,,06
201000016085,10,12,16,1345,1,2,3,1.0,3.0,06069,M,,,06
201000016086,10,12,16,1600,1,2,1,1.0,6.0,06069,M,,,06
201000016087,10,12,17,1200,1,2,1,1.0,6.0,06069,M,,,06
201000016088,10,12,19,815,1,2,1,1.0,6.0,06069,M,,,06
201000016089,10,12,20,730,2,2,1,1.0,6.0,06069,M,,,06
201000016090,10,12,22,1845,5,2,1,1.0,3.0,06069,M,,,06
201000016091,10,12,29,1610,1,2,1,1.0,1.0,06069,M,,,06
201000016092,10,12,30,900,1,1,1,1.0,7.0,06069,M,,,06
201000016093,10,12,31,430,5,2,1,1.0,7.0,06069,M,,,06
201000016094,10,12,31,1340,1,2,1,1.0,1.0,06069,M,,,06
201000016095,10,1,5,805,1,2,3,1.0,3.0,06083,M,,,06
201000016096,10,1,5,1905,5,2,3,1.0,3.0,06083,M,,,06
201000016097,10,1,12,1325,1,2,3,1.0,3.0,06083,M,,,06
201000016098,10,1,8,950,1,2,3,3.0,7.0,06104,M,,,06
201000016099,10,1,22,1610,1,2,1,7.0,6.0,06083,M,,,06
201000016100,10,1,28,1225,1,2,1,1.0,7.0,06083,M,,,06
201000016101,10,1,29,1540,1,2,1,1.0,6.0,06104,M,,,06
201000016102,10,1,15,1655,1,2,1,7.0,6.0,06083,M,,,06
201000016103,10,2,4,1750,5,2,1,1.0,6.0,06083,M,,,06
201000016104,10,2,10,710,1,2,1,1.0,2.0,06083,M,,,06
201000016105,10,2,12,1830,5,2,1,1.0,2.0,06083,M,,,06
201000016106,10,2,22,1905,5,2,1,3.0,6.0,06083,M,,,06
201000016107,10,2,25,1725,1,2,1,1.0,6.0,06083,M,,,06
201000016108,10,2,26,909,1,2,1,1.0,3.0,06104,M,,,06
201000016109,10,3,3,640,2,2,1,1.0,6.0,06083,M,,,06
201000016110,10,3,6,110,5,2,1,1.0,6.0,06104,M,,,06
201000016111,10,3,4,1055,1,2,3,1.0,3.0,06083,M,,,06
201000016112,10,3,9,2325,5,2,1,1.0,3.0,06012,M,,,06
201000016113,10,3,19,1940,5,2,3,1.0,3.0,06083,M,,,06
201000016114,10,3,15,1725,1,2,1,1.0,6.0,06083,M,,,06
201000016115,10,3,25,450,5,2,1,1.0,6.0,06104,M,,,06
201000016116,10,3,31,2110,5,2,1,1.0,6.0,06083,M,,,06
201000016117,10,4,6,1500,1,2,1,1.0,1.0,06083,M,,,06
201000016118,10,4,1,1215,1,2,1,1.0,3.0,06083,M,,,06
201000016119,10,4,2,1710,1,2,3,1.0,3.0,06083,M,,,06
201000016120,10,4,9,1410,1,2,1,1.0,1.0,06012,M,,,06
201000016121,10,4,13,1520,1,2,1,1.0,1.0,06104,M,,,06
201000016122,10,4,14,1700,1,2,3,1.0,3.0,06083,M,,,06
201000016123,10,3,28,1745,1,2,1,1.0,1.0,06104,M,,,06
201000016124,10,4,8,1140,1,2,3,1.0,2.0,06104,M,,,06
201000016125,10,4,15,1940,1,2,1,1.0,6.0,06083,M,,,06
201000016126,10,4,14,1425,1,2,1,1.0,6.0,06104,M,,,06
201000016127,10,4,22,135,5,2,1,1.0,2.0,06104,M,,,06
201000016128,10,4,24,2000,1,2,3,1.0,3.0,06083,M,,,06
201000016129,10,4,24,2035,5,2,3,1.0,5.0,06104,M,,,06
201000016130,10,4,26,1355,1,2,1,1.0,2.0,06083,M,,,06
201000016131,10,4,25,1725,1,2,1,1.0,6.0,06083,M,,,06
201000016132,10,4,27,1630,1,2,2,1.0,3.0,06083,M,,,06
201000016133,10,4,17,2340,5,2,3,1.0,3.0,06083,M,,,06
201000016134,10,5,2,840,1,2,1,8.0,1.0,06104,M,,,06
201000016135,10,5,4,1355,1,2,3,2.0,3.0,06083,M,,,06
201000016136,10,4,5,1655,1,2,6,1.0,6.0,06104,M,,,06
201000016137,10,4,28,750,1,2,1,1.0,1.0,06104,M,,,06
201000016138,10,5,19,1000,1,2,1,1.0,7.0,06083,M,,,06
201000016139,10,5,17,750,1,2,4,1.0,1.0,06012,M,,,06
201000016140,10,5,15,1325,1,1,1,1.0,6.0,06012,M,,,06
201000016141,10,5,22,2355,5,1,1,1.0,1.0,06083,M,,,06
201000016142,10,5,20,1430,1,2,1,1.0,6.0,06083,M,,,06
201000016143,10,5,20,1615,1,2,3,1.0,3.0,06083,M,,,06
201000016144,10,5,30,500,5,2,1,1.0,1.0,06083,M,,,06
201000016145,10,6,1,810,1,2,3,1.0,6.0,06083,M,,,06
201000016146,10,6,6,2220,5,2,1,1.0,6.0,06083,M,,,06
201000016147,10,6,12,2020,1,2,3,1.0,3.0,06083,M,,,06
201000016148,10,6,14,1610,1,2,1,1.0,3.0,06104,M,,,06
201000016149,10,6,18,1435,1,2,1,1.0,7.0,06083,M,,,06
201000016150,10,6,10,730,1,2,3,1.0,3.0,06104,M,,,06
201000016151,10,6,25,1820,1,2,1,2.0,6.0,06012,M,,,06
201000016152,10,6,25,1845,1,2,1,1.0,6.0,06104,M,,,06
201000016153,10,7,7,745,1,2,3,1.0,3.0,06083,M,,,06
201000016154,10,7,11,915,1,2,1,1.0,6.0,06083,M,,,06
201000016155,10,7,17,1935,1,2,1,1.0,1.0,06012,M,,,06
201000016156,10,7,17,1935,1,2,1,1.0,1.0,06104,M,,,06
201000016157,10,6,30,720,1,2,1,1.0,3.0,06083,M,,,06
201000016158,10,7,11,1120,1,2,1,1.0,5.0,06104,M,,,06
201000016159,10,7,19,1240,1,2,1,1.0,1.0,06083,M,,,06
201000016160,10,7,20,930,1,2,1,1.0,1.0,06083,M,,,06
201000016161,10,7,24,2045,1,2,1,1.0,3.0,06083,M,,,06
201000016162,10,7,25,1420,1,2,1,1.0,6.0,06104,M,,,06
201000016163,10,8,1,1445,1,2,1,1.0,3.0,06083,M,,,06
201000016164,10,8,1,2350,5,2,3,1.0,3.0,06083,M,,,06
201000016165,10,8,5,325,5,2,1,1.0,6.0,06083,M,,,06
201000016166,10,7,22,1520,1,2,1,1.0,6.0,06083,M,,,06
201000016167,10,8,6,1650,1,2,1,1.0,6.0,06083,M,,,06
201000016168,10,8,11,2204,5,2,3,1.0,6.0,06083,M,,,06
201000016169,10,8,19,55,5,2,1,1.0,7.0,06104,M,,,06
201000016170,10,8,16,2020,5,2,1,1.0,6.0,06083,M,,,06
201000016171,10,8,11,1520,1,2,1,1.0,1.0,06104,M,,,06
201000016172,10,8,19,950,1,2,1,1.0,2.0,06104,M,,,06
201000016173,10,8,16,1540,1,2,3,1.0,3.0,06083,M,,,06
201000016174,10,8,23,2005,2,2,3,1.0,6.0,06083,M,,,06
201000016175,10,9,3,1830,1,2,3,1.0,3.0,06104,M,,,06
201000016176,10,9,13,1545,1,2,1,2.0,6.0,06083,M,,,06
201000016177,10,9,4,1210,1,2,3,1.0,2.0,06012,M,,,06
201000016178,10,9,13,830,1,2,3,1.0,3.0,06083,M,,,06
201000016179,10,9,15,1930,1,2,1,1.0,6.0,06083,M,,,06
201000016180,10,9,17,1950,5,2,6,1.0,6.0,06083,M,,,06
201000016181,10,9,20,1605,1,2,1,1.0,3.0,06104,M,,,06
201000016182,10,9,22,1525,1,2,1,1.0,2.0,06104,M,,,06
201000016183,10,9,25,1620,1,2,1,1.0,6.0,06083,M,,,06
201000016184,10,9,27,1659,1,2,3,1.0,3.0,06083,M,,,06
201000016185,10,9,27,1835,1,2,1,1.0,6.0,06104,M,,,06
201000016186,10,9,30,1000,1,1,1,1.0,1.0,06012,M,,,06
201000016187,10,10,1,2100,5,2,1,1.0,1.0,06012,M,,,06
201000016188,10,10,6,710,1,2,1,1.0,6.0,06083,M,,,06
201000016189,10,10,10,2005,5,2,1,2.0,3.0,06104,M,,,06
201000016190,10,10,6,655,1,2,1,1.0,2.0,06012,M,,,06
201000016191,10,10,12,2050,5,2,1,1.0,6.0,06083,M,,,06
201000016192,10,10,12,1620,1,2,1,7.0,6.0,06104,M,,,06
201000016193,10,10,19,915,1,2,5,1.0,6.0,06104,M,,,06
201000016194,10,10,15,1240,1,2,1,1.0,3.0,06083,M,,,06
201000016195,10,10,16,1830,2,2,1,1.0,6.0,06083,M,,,06
201000016196,10,10,20,1345,1,2,3,1.0,3.0,06083,M,,,06
201000016197,10,10,25,1210,1,2,1,3.0,6.0,06104,M,,,06
201000016198,10,10,28,315,3,2,1,1.0,6.0,06083,M,,,06
201000016199,10,10,30,955,1,2,1,1.0,6.0,06083,M,,,06
201000016200,10,11,2,2130,5,2,1,1.0,6.0,06104,M,,,06
201000016201,10,11,10,2110,5,2,3,1.0,6.0,06083,M,,,06
201000016202,10,11,14,1400,1,2,1,1.0,6.0,06012,M,,,06
201000016203,10,11,10,1710,1,2,1,1.0,2.0,06083,M,,,06
201000016204,10,11,16,1000,1,2,1,3.0,7.0,06012,M,,,06
201000016205,10,11,20,545,5,2,1,2.0,7.0,06104,M,,,06
201000016206,10,11,28,1330,1,2,1,2.0,3.0,06012,M,,,06
201000016207,10,11,3,1745,5,2,1,1.0,3.0,06104,M,,,06
201000016208,10,11,15,1950,5,2,1,2.0,6.0,06104,M,,,06
201000016209,10,11,21,1830,5,2,3,1.0,3.0,06012,M,,,06
201000016210,10,11,22,1715,5,2,3,1.0,3.0,06012,M,,,06
201000016211,10,11,22,1745,2,2,1,1.0,6.0,06083,M,,,06
201000016212,10,11,24,1400,1,2,1,1.0,2.0,06083,M,,,06
201000016213,10,12,1,1645,2,2,1,1.0,3.0,06083,M,,,06
201000016214,10,12,18,1300,1,2,1,1.0,6.0,06083,M,,,06
201000016215,10,12,18,1955,5,2,3,1.0,3.0,06104,M,,,06
201000016216,10,12,20,1550,1,2,1,1.0,1.0,06104,M,,,06
201000016217,10,1,1,1330,1,2,1,2.0,6.0,06159,M,,,06
201000016218,10,1,1,2130,5,2,1,1.0,3.0,06088,M,,,06
201000016219,10,1,4,5,5,2,1,2.0,6.0,06088,M,,,06
201000016220,10,1,4,1140,1,2,2,1.0,6.0,06088,M,,,06
201000016221,10,1,4,1350,1,2,1,1.0,1.0,06088,M,,,06
201000016222,10,1,4,1745,5,2,1,1.0,2.0,06088,M,,,06
201000016223,10,1,5,820,1,2,1,2.0,2.0,06088,M,,,06
201000016224,10,1,5,1520,1,2,3,1.0,3.0,06088,M,,,06
201000016225,10,1,5,1730,1,1,1,1.0,3.0,06088,M,,,06
201000016226,10,1,6,1235,1,2,1,1.0,3.0,06088,M,,,06
201000016227,10,1,6,1350,1,2,1,1.0,2.0,06088,M,,,06
201000016228,10,1,6,1800,2,2,2,1.0,3.0,06088,M,,,06
201000016229,10,1,6,1825,5,2,1,1.0,6.0,06088,M,,,06
201000016230,10,1,6,1825,5,2,1,1.0,6.0,06088,M,,,06
201000016231,10,1,7,1035,1,2,2,1.0,6.0,06088,M,,,06
201000016232,10,1,7,1900,5,1,1,2.0,2.0,06088,M,,,06
201000016233,10,1,8,335,5,2,1,3.0,7.0,06088,M,,,06
201000016234,10,1,8,1210,1,2,1,2.0,3.0,06088,M,,,06
201000016235,10,1,8,1445,1,2,1,2.0,2.0,06088,M,,,06
201000016236,10,1,8,2107,5,2,3,1.0,3.0,06088,M,,,06
201000016237,10,1,9,1920,5,2,2,1.0,3.0,06088,M,,,06
201000016238,10,1,11,900,1,2,1,1.0,6.0,06088,M,,,06
201000016239,10,1,12,1145,1,2,1,1.0,3.0,06088,M,,,06
201000016240,10,1,11,1800,5,2,1,1.0,6.0,06088,M,,,06
201000016241,10,1,13,720,1,2,2,1.0,3.0,06088,M,,,06
201000016242,10,1,13,1630,2,2,1,1.0,6.0,06088,M,,,06
201000016243,10,1,13,1750,5,2,2,2.0,3.0,06088,M,,,06
201000016244,10,1,13,1800,2,2,1,1.0,6.0,06088,M,,,06
201000016245,10,1,13,2130,5,2,1,1.0,2.0,06088,M,,,06
201000016246,10,1,14,730,1,2,1,2.0,7.0,06088,M,,,06
201000016247,10,1,14,1735,5,2,1,2.0,3.0,06088,M,,,06
201000016248,10,1,15,835,1,2,1,2.0,3.0,06088,M,,,06
201000016249,10,1,15,1220,1,2,1,1.0,4.0,06088,M,,,06
201000016250,10,1,15,1620,1,2,1,1.0,6.0,06088,M,,,06
201000016251,10,1,15,1630,1,2,1,1.0,6.0,06088,M,,,06
201000016252,10,1,15,1800,5,2,1,1.0,6.0,06088,M,,,06
201000016253,10,1,15,1820,4,2,2,1.0,3.0,06088,M,,,06
201000016254,10,1,15,1820,5,2,3,1.0,3.0,06088,M,,,06
201000016255,10,1,15,1915,5,2,1,1.0,6.0,06088,M,,,06
201000016256,10,1,15,2057,5,2,2,1.0,3.0,06088,M,,,06
201000016257,10,1,16,840,1,2,1,1.0,6.0,06088,M,,,06
201000016258,10,1,16,1430,1,2,1,1.0,3.0,06088,M,,,06
201000016259,10,1,16,2030,5,2,1,1.0,6.0,06088,M,,,06
201000016260,10,1,17,1010,1,2,2,1.0,6.0,06088,M,,,06
201000016261,10,1,17,1600,1,2,1,1.0,4.0,06088,M,,,06
201000016262,10,1,17,1620,1,2,1,1.0,6.0,06088,M,,,06
201000016263,10,1,17,2200,5,2,1,1.0,7.0,06088,M,,,06
201000016264,10,1,18,1030,1,2,1,1.0,6.0,06088,M,,,06
201000016265,10,1,18,1040,1,2,1,1.0,6.0,06088,M,,,06
201000016266,10,1,18,1410,1,2,1,1.0,6.0,06088,M,,,06
201000016267,10,1,18,1655,1,2,1,1.0,6.0,06088,M,,,06
201000016268,10,1,18,1725,1,2,6,1.0,3.0,06088,M,,,06
201000016269,10,1,18,2000,5,2,1,1.0,3.0,06088,M,,,06
201000016270,10,1,18,2220,5,2,2,1.0,3.0,06088,M,,,06
201000016271,10,1,19,1400,1,2,1,1.0,6.0,06088,M,,,06
201000016272,10,1,19,1430,1,2,1,1.0,3.0,06088,M,,,06
201000016273,10,1,19,1930,5,2,1,1.0,3.0,06088,M,,,06
201000016274,10,1,20,1045,1,2,1,1.0,3.0,06088,M,,,06
201000016275,10,1,20,1715,2,2,1,1.0,2.0,06088,M,,,06
201000016276,10,1,21,830,1,2,1,1.0,6.0,06088,M,,,06
201000016277,10,1,21,1315,1,2,1,1.0,5.0,06088,M,,,06
201000016278,10,1,21,1435,1,2,1,1.0,3.0,06088,M,,,06
201000016279,10,1,21,1640,1,2,2,1.0,3.0,06088,M,,,06
201000016280,10,1,21,2215,5,2,1,1.0,6.0,06088,M,,,06
201000016281,10,1,22,840,1,2,1,1.0,3.0,06088,M,,,06
201000016282,10,1,23,1740,2,2,6,1.0,6.0,06088,M,,,06
201000016283,10,1,23,1800,5,2,1,1.0,1.0,06088,M,,,06
201000016284,10,1,23,2105,5,2,1,1.0,2.0,06088,M,,,06
201000016285,10,1,23,2345,4,2,1,1.0,6.0,06088,M,,,06
201000016286,10,1,24,345,4,2,1,1.0,6.0,06088,M,,,06
201000016287,10,1,24,535,5,2,1,1.0,2.0,06088,M,,,06
201000016288,10,1,24,1220,1,2,1,1.0,3.0,06088,M,,,06
201000016289,10,1,24,2045,5,2,1,1.0,2.0,06088,M,,,06
201000016290,10,1,25,710,1,2,1,2.0,3.0,06088,M,,,06