Num_Acc,an,mois,jour,hrmn,lum,agg,int,atm,col,com,gps,lat,long,dep
201000016291,10,1,25,1515,1,2,1,2.0,6.0,06088,M,,,06
201000016292,10,1,25,1555,1,2,2,1.0,3.0,06088,M,,,06
201000016293,10,1,25,1705,1,2,1,2.0,3.0,06088,M,,,06
201000016294,10,1,25,1945,5,2,1,1.0,3.0,06088,M,,,06
201000016295,10,1,26,900,1,2,2,1.0,3.0,06088,M,,,06
201000016296,10,1,26,1050,1,2,3,1.0,6.0,06088,M,,,06
201000016297,10,1,26,1835,5,2,1,1.0,6.0,06088,M,,,06
201000016298,10,1,26,2200,5,2,2,1.0,3.0,06088,M,,,06
201000016299,10,1,27,1050,1,2,2,1.0,3.0,06088,M,,,06
201000016300,10,1,27,1200,1,2,3,1.0,3.0,06088,M,,,06
201000016301,10,1,27,1540,1,2,1,1.0,3.0,06088,M,,,06
201000016302,10,1,28,830,1,2,1,1.0,3.0,06088,M,,,06
201000016303,10,1,28,1055,1,2,1,1.0,6.0,06088,M,,,06
201000016304,10,1,29,845,1,2,2,1.0,3.0,06088,M,,,06
201000016305,10,1,29,1915,5,2,1,1.0,6.0,06088,M,,,06
201000016306,10,1,29,2048,5,2,1,1.0,3.0,06088,M,,,06
201000016307,10,1,30,150,5,2,1,1.0,6.0,06088,M,,,06
201000016308,10,1,30,900,1,2,2,1.0,3.0,06088,M,,,06
201000016309,10,1,30,1800,2,2,1,1.0,3.0,06088,M,,,06
201000016310,10,1,30,2108,4,2,2,1.0,3.0,06088,M,,,06
201000016311,10,1,31,230,5,2,1,1.0,3.0,06088,M,,,06
201000016312,10,1,31,1130,1,2,1,1.0,1.0,06088,M,,,06
201000016313,10,1,31,1600,1,2,2,1.0,3.0,06088,M,,,06
201000016314,10,2,1,745,1,2,2,1.0,6.0,06088,M,,,06
201000016315,10,2,2,1500,1,1,1,1.0,6.0,06088,M,,,06
201000016316,10,2,2,1815,5,2,2,1.0,3.0,06088,M,,,06
201000016317,10,2,2,1900,5,2,1,1.0,1.0,06088,M,,,06
201000016318,10,2,3,1240,1,2,1,1.0,3.0,06088,M,,,06
201000016319,10,2,3,1850,5,2,1,1.0,3.0,06088,M,,,06
201000016320,10,2,4,1715,2,2,3,1.0,3.0,06088,M,,,06
201000016321,10,2,5,330,5,2,2,2.0,3.0,06088,M,,,06
201000016322,10,2,5,1120,1,2,1,3.0,6.0,06088,M,,,06
201000016323,10,2,5,1405,1,2,1,1.0,2.0,06088,M,,,06
201000016324,10,2,5,1540,1,2,1,2.0,1.0,06088,M,,,06
201000016325,10,2,5,1915,5,2,3,1.0,3.0,06088,M,,,06
201000016326,10,2,5,2000,5,2,1,1.0,3.0,06088,M,,,06
201000016327,10,2,5,2039,5,2,1,1.0,3.0,06088,M,,,06
201000016328,10,2,5,2112,4,2,2,1.0,2.0,06088,M,,,06
201000016329,10,2,5,2320,5,2,1,1.0,3.0,06088,M,,,06
201000016330,10,2,6,1240,1,2,1,1.0,2.0,06088,M,,,06
201000016331,10,2,6,1710,1,2,2,1.0,6.0,06088,M,,,06
201000016332,10,2,7,245,5,2,1,1.0,3.0,06088,M,,,06
201000016333,10,2,7,1525,1,2,3,1.0,6.0,06088,M,,,06
201000016334,10,2,7,1800,2,2,1,1.0,3.0,06088,M,,,06
201000016335,10,2,8,1450,1,2,1,1.0,6.0,06088,M,,,06
201000016336,10,2,9,830,1,2,1,1.0,4.0,06088,M,,,06
201000016337,10,2,9,900,1,2,1,1.0,6.0,06088,M,,,06
201000016338,10,2,9,1830,2,2,1,1.0,6.0,06088,M,,,06
201000016339,10,2,9,1958,5,2,1,1.0,3.0,06088,M,,,06
201000016340,10,2,10,1005,1,2,1,1.0,1.0,06088,M,,,06
201000016341,10,2,10,1215,1,2,3,1.0,3.0,06088,M,,,06
201000016342,10,2,10,1420,1,2,1,1.0,6.0,06088,M,,,06
201000016343,10,2,10,1430,1,2,1,1.0,6.0,06088,M,,,06
201000016344,10,2,10,1540,1,2,1,1.0,3.0,06088,M,,,06
201000016345,10,2,10,1750,1,2,1,1.0,3.0,06088,M,,,06
201000016346,10,2,10,2130,5,2,6,1.0,3.0,06088,M,,,06
201000016347,10,2,10,2300,5,2,2,1.0,3.0,06088,M,,,06
201000016348,10,2,11,810,1,2,1,1.0,2.0,06088,M,,,06
201000016349,10,2,11,1120,1,2,1,1.0,3.0,06088,M,,,06
201000016350,10,2,12,725,2,2,1,1.0,2.0,06088,M,,,06
201000016351,10,2,12,730,1,2,2,1.0,3.0,06088,M,,,06
201000016352,10,2,12,1715,2,2,1,1.0,6.0,06088,M,,,06
201000016353,10,2,12,2015,5,2,2,1.0,3.0,06088,M,,,06
201000016354,10,2,13,1845,5,2,1,1.0,2.0,06088,M,,,06
201000016355,10,2,14,510,4,2,2,1.0,3.0,06088,M,,,06
201000016356,10,2,14,1110,1,2,1,1.0,3.0,06088,M,,,06
201000016357,10,2,14,2035,5,2,2,1.0,3.0,06088,M,,,06
201000016358,10,2,15,655,2,2,2,1.0,3.0,06088,M,,,06
201000016359,10,2,15,830,1,2,1,1.0,2.0,06088,M,,,06
201000016360,10,2,15,1330,1,2,1,1.0,2.0,06088,M,,,06
201000016361,10,2,15,1745,2,2,1,2.0,3.0,06159,M,,,06
201000016362,10,2,15,1900,5,2,2,2.0,2.0,06088,M,,,06
201000016363,10,2,16,1100,1,2,2,1.0,6.0,06088,M,,,06
201000016364,10,2,16,1340,1,2,1,1.0,6.0,06088,M,,,06
201000016365,10,2,16,1945,5,2,1,1.0,6.0,06088,M,,,06
201000016366,10,2,16,2155,5,2,2,1.0,3.0,06088,M,,,06
201000016367,10,2,17,1020,1,2,2,3.0,6.0,06088,M,,,06
201000016368,10,2,17,1815,5,2,2,2.0,3.0,06088,M,,,06
201000016369,10,2,17,2015,5,2,1,2.0,6.0,06088,M,,,06
201000016370,10,2,17,2329,5,2,1,1.0,6.0,06088,M,,,06
201000016371,10,2,18,1445,1,2,2,1.0,3.0,06088,M,,,06
201000016372,10,2,18,2330,5,2,2,1.0,3.0,06088,M,,,06
201000016373,10,2,20,1615,1,2,1,1.0,3.0,06088,M,,,06
201000016374,10,2,21,1620,1,2,1,3.0,3.0,06088,M,,,06
201000016375,10,2,21,1730,1,2,1,1.0,3.0,06088,M,,,06
201000016376,10,2,22,1315,1,2,1,1.0,6.0,06088,M,,,06
201000016377,10,2,23,845,1,2,1,1.0,6.0,06088,M,,,06
201000016378,10,2,23,1450,1,2,1,1.0,3.0,06088,M,,,06
201000016379,10,2,23,1805,5,2,1,1.0,6.0,06088,M,,,06
201000016380,10,2,24,840,1,2,1,1.0,3.0,06088,M,,,06
201000016381,10,2,24,1715,1,2,1,1.0,6.0,06088,M,,,06
201000016382,10,2,24,1715,1,2,1,1.0,6.0,06088,M,,,06
201000016383,10,2,24,1810,2,2,1,1.0,3.0,06088,M,,,06
201000016384,10,2,24,1830,3,2,3,1.0,3.0,06088,M,,,06
201000016385,10,2,24,2034,5,2,2,1.0,3.0,06088,M,,,06
201000016386,10,2,25,740,1,2,1,1.0,3.0,06088,M,,,06
201000016387,10,2,25,1010,1,2,1,1.0,6.0,06159,M,,,06
201000016388,10,2,25,1000,1,2,1,1.0,4.0,06088,M,,,06
201000016389,10,2,25,1215,1,2,1,1.0,6.0,06088,M,,,06
201000016390,10,2,26,1520,1,2,1,1.0,6.0,06159,M,,,06
201000016391,10,2,26,1540,1,2,1,1.0,3.0,06088,M,,,06
201000016392,10,2,26,1544,1,2,1,1.0,6.0,06088,M,,,06
201000016393,10,2,26,1925,5,2,1,1.0,2.0,06088,M,,,06
201000016394,10,2,27,2050,5,2,3,2.0,3.0,06088,M,,,06
201000016395,10,2,27,2245,5,2,2,1.0,6.0,06088,M,,,06
201000016396,10,2,27,2345,4,2,1,1.0,6.0,06088,M,,,06
201000016397,10,3,1,830,1,2,1,1.0,6.0,06088,M,,,06
201000016398,10,3,1,1615,1,2,1,1.0,3.0,06088,M,,,06
201000016399,10,3,2,830,1,2,1,1.0,3.0,06088,M,,,06
201000016400,10,3,2,1350,1,2,1,1.0,6.0,06088,M,,,06
201000016401,10,3,2,1800,2,2,1,1.0,3.0,06088,M,,,06
201000016402,10,3,2,1930,5,2,1,1.0,6.0,06088,M,,,06
201000016403,10,3,2,1945,5,2,2,1.0,6.0,06088,M,,,06
201000016404,10,3,4,1545,1,2,3,1.0,3.0,06088,M,,,06
201000016405,10,3,4,1820,2,2,1,1.0,6.0,06088,M,,,06
201000016406,10,3,5,715,1,2,1,1.0,1.0,06088,M,,,06
201000016407,10,3,5,830,1,2,1,1.0,2.0,06088,M,,,06
201000016408,10,3,5,905,1,2,1,1.0,3.0,06088,M,,,06
201000016409,10,3,5,1019,1,2,2,1.0,3.0,06088,M,,,06
201000016410,10,3,6,1815,2,2,1,1.0,6.0,06088,M,,,06
201000016411,10,3,7,1200,1,2,1,2.0,6.0,06088,M,,,06
201000016412,10,3,7,1500,1,2,1,1.0,6.0,06088,M,,,06
201000016413,10,3,8,905,1,2,2,1.0,5.0,06088,M,,,06
201000016414,10,3,8,1045,1,2,1,1.0,4.0,06088,M,,,06
201000016415,10,3,8,1210,1,2,1,1.0,3.0,06088,M,,,06
201000016416,10,3,8,1900,5,2,1,1.0,6.0,06088,M,,,06
201000016417,10,3,9,810,1,2,1,1.0,6.0,06088,M,,,06
201000016418,10,3,9,1030,1,2,1,1.0,3.0,06088,M,,,06
201000016419,10,3,9,1215,1,2,1,1.0,6.0,06088,M,,,06
201000016420,10,3,9,1900,5,2,1,1.0,3.0,06088,M,,,06
201000016421,10,3,10,1445,1,2,1,1.0,6.0,06088,M,,,06
201000016422,10,3,10,1950,5,2,1,2.0,6.0,06088,M,,,06
201000016423,10,3,11,755,1,2,1,1.0,2.0,06088,M,,,06
201000016424,10,3,11,1050,1,2,1,1.0,3.0,06088,M,,,06
201000016425,10,3,11,1235,1,2,1,1.0,6.0,06088,M,,,06
201000016426,10,3,11,1310,1,2,1,1.0,6.0,06088,M,,,06
201000016427,10,3,11,1400,1,2,2,1.0,3.0,06088,M,,,06
201000016428,10,3,11,1500,1,2,1,1.0,6.0,06088,M,,,06
201000016429,10,3,11,2000,5,2,1,1.0,3.0,06088,M,,,06
201000016430,10,3,12,900,1,2,3,1.0,3.0,06088,M,,,06
201000016431,10,3,12,1500,1,2,1,1.0,6.0,06088,M,,,06
201000016432,10,3,13,900,1,2,1,1.0,6.0,06088,M,,,06
201000016433,10,3,14,645,2,2,2,1.0,1.0,06088,M,,,06
201000016434,10,3,14,1240,1,2,1,1.0,6.0,06088,M,,,06
201000016435,10,3,15,750,1,2,1,1.0,6.0,06088,M,,,06
201000016436,10,3,15,900,1,2,1,1.0,6.0,06088,M,,,06
201000016437,10,3,15,1030,1,2,1,1.0,3.0,06088,M,,,06
201000016438,10,3,15,1100,1,2,1,1.0,3.0,06088,M,,,06
201000016439,10,3,15,1430,1,2,1,1.0,7.0,06088,M,,,06
201000016440,10,3,15,1550,1,2,1,1.0,7.0,06088,M,,,06
201000016441,10,3,15,1730,1,2,1,1.0,3.0,06088,M,,,06
201000016442,10,3,15,2110,5,2,1,1.0,4.0,06088,M,,,06
201000016443,10,3,16,1740,1,2,1,1.0,3.0,06088,M,,,06
201000016444,10,3,17,1200,1,2,1,1.0,2.0,06088,M,,,06
201000016445,10,3,17,1530,1,2,1,1.0,4.0,06088,M,,,06
201000016446,10,3,17,1715,1,2,1,1.0,4.0,06088,M,,,06
201000016447,10,3,17,1950,5,2,1,1.0,3.0,06088,M,,,06
201000016448,10,3,17,2010,5,2,1,1.0,3.0,06088,M,,,06
201000016449,10,3,18,1050,1,2,1,1.0,2.0,06088,M,,,06
201000016450,10,3,18,1310,1,2,2,1.0,6.0,06088,M,,,06
201000016451,10,3,18,1600,1,2,1,1.0,3.0,06088,M,,,06
201000016452,10,3,18,1722,1,2,1,1.0,3.0,06088,M,,,06
201000016453,10,3,18,2250,5,2,2,1.0,3.0,06088,M,,,06
201000016454,10,3,19,5,5,2,2,1.0,3.0,06088,M,,,06
201000016455,10,3,20,300,5,2,1,1.0,2.0,06088,M,,,06
201000016456,10,3,20,1230,1,2,1,1.0,3.0,06088,M,,,06
201000016457,10,3,21,420,5,2,2,2.0,6.0,06088,M,,,06
201000016458,10,3,21,1030,1,2,1,1.0,6.0,06088,M,,,06
201000016459,10,3,21,2100,5,2,1,2.0,1.0,06088,M,,,06
201000016460,10,3,21,2140,5,2,1,2.0,1.0,06088,M,,,06
201000016461,10,3,22,725,1,2,1,8.0,3.0,06159,M,,,06
201000016462,10,3,22,1045,1,2,1,1.0,2.0,06088,M,,,06
201000016463,10,3,22,1710,1,2,1,2.0,6.0,06088,M,,,06
201000016464,10,3,22,1730,1,2,2,2.0,3.0,06088,M,,,06
201000016465,10,3,22,2200,5,2,1,1.0,6.0,06088,M,,,06
201000016466,10,3,23,1530,1,2,1,1.0,6.0,06088,M,,,06
201000016467,10,3,23,1700,1,2,1,1.0,7.0,06159,M,,,06
201000016468,10,3,24,1020,1,2,1,1.0,2.0,06088,M,,,06
201000016469,10,3,24,1515,1,2,2,1.0,3.0,06088,M,,,06
201000016470,10,3,24,1715,1,2,1,1.0,5.0,06088,M,,,06
201000016471,10,3,25,730,1,2,1,1.0,3.0,06088,M,,,06
201000016472,10,3,25,1630,1,2,3,1.0,3.0,06088,M,,,06
201000016473,10,3,25,1815,2,2,1,1.0,2.0,06088,M,,,06
201000016474,10,3,26,1010,1,2,1,1.0,2.0,06088,M,,,06
201000016475,10,3,26,1200,1,2,1,2.0,1.0,06088,M,,,06
201000016476,10,3,27,1115,1,2,1,1.0,3.0,06088,M,,,06
201000016477,10,3,27,1745,1,2,1,7.0,4.0,06088,M,,,06
201000016478,10,3,27,1910,5,2,1,1.0,6.0,06088,M,,,06
201000016479,10,3,28,1450,1,2,1,1.0,6.0,06088,M,,,06
201000016480,10,3,29,1330,1,2,2,1.0,3.0,06088,M,,,06
201000016481,10,3,29,1645,1,2,1,1.0,3.0,06088,M,,,06
201000016482,10,3,29,1915,1,2,1,1.0,3.0,06088,M,,,06
201000016483,10,3,29,2340,5,2,2,1.0,3.0,06088,M,,,06
201000016484,10,3,30,1645,1,2,1,1.0,6.0,06088,M,,,06
201000016485,10,3,30,1650,1,2,1,1.0,6.0,06088,M,,,06
201000016486,10,3,31,1412,1,2,3,1.0,3.0,06088,M,,,06
201000016487,10,3,31,1520,1,2,1,1.0,6.0,06088,M,,,06
201000016488,10,3,31,1700,1,2,3,1.0,3.0,06088,M,,,06
201000016489,10,3,31,1835,1,2,1,1.0,6.0,06088,M,,,06
201000016490,10,4,1,740,1,2,1,1.0,6.0,06088,M,,,06
201000016491,10,4,1,1020,1,2,1,1.0,6.0,06088,M,,,06
201000016492,10,4,1,1155,1,2,1,1.0,3.0,06088,M,,,06
201000016493,10,4,1,1230,1,2,1,1.0,6.0,06088,M,,,06
201000016494,10,4,1,1815,2,2,1,1.0,3.0,06088,M,,,06
201000016495,10,4,1,2140,5,2,1,1.0,3.0,06088,M,,,06
201000016496,10,4,2,825,1,2,1,1.0,5.0,06088,M,,,06
201000016497,10,4,2,1130,1,2,1,1.0,3.0,06088,M,,,06
201000016498,10,4,2,1211,1,2,1,1.0,6.0,06088,M,,,06
201000016499,10,4,2,1320,1,2,1,1.0,2.0,06088,M,,,06
201000016500,10,4,2,1508,1,2,1,1.0,6.0,06088,M,,,06
201000016501,10,4,3,2105,1,2,1,1.0,6.0,06088,M,,,06
201000016502,10,4,5,130,5,2,1,1.0,2.0,06088,M,,,06
201000016503,10,4,5,1200,1,2,1,1.0,6.0,06088,M,,,06
201000016504,10,4,5,1615,1,2,1,1.0,5.0,06088,M,,,06
201000016505,10,4,5,1830,2,2,1,1.0,2.0,06088,M,,,06
201000016506,10,4,6,1010,1,2,1,1.0,2.0,06088,M,,,06
201000016507,10,4,6,1435,1,2,2,1.0,3.0,06088,M,,,06
201000016508,10,4,6,2300,5,2,1,1.0,7.0,06088,M,,,06
201000016509,10,4,7,804,1,2,1,1.0,3.0,06088,M,,,06
201000016510,10,4,8,312,5,2,1,1.0,6.0,06088,M,,,06
201000016511,10,4,8,545,5,2,2,1.0,3.0,06088,M,,,06
201000016512,10,4,8,1035,1,2,1,1.0,3.0,06088,M,,,06
201000016513,10,4,8,1145,1,2,2,1.0,6.0,06088,M,,,06
201000016514,10,4,8,1400,1,2,2,1.0,2.0,06088,M,,,06
201000016515,10,4,8,1600,1,2,1,1.0,2.0,06088,M,,,06
201000016516,10,4,9,230,5,2,1,1.0,6.0,06088,M,,,06
201000016517,10,4,9,1515,1,2,1,1.0,3.0,06088,M,,,06
201000016518,10,4,9,1845,1,2,2,1.0,3.0,06088,M,,,06
201000016519,10,4,10,900,1,1,1,1.0,2.0,06088,M,,,06
201000016520,10,4,10,1600,1,2,1,1.0,6.0,06088,M,,,06
201000016521,10,4,10,1650,1,2,1,1.0,6.0,06088,M,,,06
201000016522,10,4,10,1800,1,2,2,1.0,3.0,06088,M,,,06
201000016523,10,4,12,800,1,2,1,1.0,6.0,06088,M,,,06
201000016524,10,4,12,1340,1,2,1,1.0,1.0,06088,M,,,06
201000016525,10,4,12,1726,1,2,1,1.0,2.0,06088,M,,,06
201000016526,10,4,12,2030,5,2,1,1.0,6.0,06088,M,,,06
201000016527,10,4,13,850,1,2,1,1.0,3.0,06088,M,,,06
201000016528,10,4,13,1045,1,2,3,1.0,6.0,06088,M,,,06
201000016529,10,4,13,1725,1,2,3,1.0,6.0,06088,M,,,06
201000016530,10,4,13,1805,1,2,1,1.0,6.0,06088,M,,,06
201000016531,10,4,14,1040,1,2,1,1.0,7.0,06088,M,,,06
201000016532,10,4,14,1830,1,2,1,1.0,3.0,06088,M,,,06
201000016533,10,4,15,150,5,2,2,1.0,3.0,06088,M,,,06
201000016534,10,4,15,730,1,2,1,7.0,2.0,06088,M,,,06
201000016535,10,4,15,945,1,2,1,1.0,1.0,06088,M,,,06
201000016536,10,4,15,2250,5,2,2,1.0,3.0,06088,M,,,06
201000016537,10,4,16,1215,1,2,1,1.0,3.0,06088,M,,,06
201000016538,10,4,16,1540,1,2,1,1.0,6.0,06088,M,,,06
201000016539,10,4,16,2238,5,2,2,1.0,3.0,06088,M,,,06
201000016540,10,4,17,1615,1,2,1,1.0,5.0,06088,M,,,06
201000016541,10,4,17,1730,1,2,1,1.0,4.0,06088,M,,,06
201000016542,10,4,17,2200,5,2,2,1.0,3.0,06088,M,,,06
201000016543,10,4,18,340,5,2,3,1.0,3.0,06088,M,,,06
201000016544,10,4,18,1220,1,2,1,1.0,3.0,06088,M,,,06
201000016545,10,4,18,1900,1,2,1,1.0,6.0,06088,M,,,06
201000016546,10,4,19,1340,1,2,1,1.0,3.0,06088,M,,,06
201000016547,10,4,19,1345,1,2,1,1.0,6.0,06088,M,,,06
201000016548,10,4,19,1405,1,2,1,1.0,3.0,06088,M,,,06
201000016549,10,4,19,1500,1,2,2,1.0,3.0,06088,M,,,06
201000016550,10,4,19,1753,1,2,1,1.0,6.0,06088,M,,,06
201000016551,10,4,20,715,1,2,1,1.0,6.0,06088,M,,,06
201000016552,10,4,20,810,1,2,1,1.0,2.0,06088,M,,,06
201000016553,10,4,20,845,1,2,1,1.0,6.0,06088,M,,,06
201000016554,10,4,20,900,1,2,1,1.0,1.0,06088,M,,,06
201000016555,10,4,20,1210,1,2,1,1.0,2.0,06088,M,,,06
201000016556,10,4,20,1335,1,2,1,1.0,6.0,06088,M,,,06
201000016557,10,4,20,1645,1,2,1,1.0,3.0,06088,M,,,06
201000016558,10,4,20,1845,1,2,1,1.0,6.0,06088,M,,,06
201000016559,10,4,21,830,1,2,1,1.0,2.0,06088,M,,,06
201000016560,10,4,21,1045,1,2,1,1.0,3.0,06088,M,,,06
201000016561,10,4,21,1200,1,2,3,1.0,3.0,06088,M,,,06
201000016562,10,4,21,1230,1,2,2,1.0,6.0,06088,M,,,06
201000016563,10,4,21,1450,1,2,1,1.0,5.0,06088,M,,,06
201000016564,10,4,22,1008,1,2,1,1.0,6.0,06088,M,,,06
201000016565,10,4,22,1610,1,2,1,1.0,5.0,06088,M,,,06
201000016566,10,4,22,2220,5,2,1,1.0,6.0,06088,M,,,06
201000016567,10,4,22,1935,1,2,1,1.0,3.0,06088,M,,,06
201000016568,10,4,23,840,1,2,2,1.0,6.0,06088,M,,,06
201000016569,10,4,23,1135,1,2,1,2.0,3.0,06088,M,,,06
201000016570,10,4,23,1245,1,2,1,1.0,6.0,06088,M,,,06
201000016571,10,4,24,1040,1,2,1,1.0,3.0,06088,M,,,06
201000016572,10,4,24,1440,1,2,1,1.0,6.0,06088,M,,,06
201000016573,10,4,25,755,1,2,2,1.0,5.0,06088,M,,,06
201000016574,10,4,25,1515,1,2,2,1.0,3.0,06088,M,,,06
201000016575,10,4,25,1740,1,2,2,1.0,3.0,06088,M,,,06
201000016576,10,4,26,45,5,2,2,1.0,3.0,06088,M,,,06
201000016577,10,4,26,815,1,2,1,1.0,3.0,06088,M,,,06
201000016578,10,4,26,1710,1,2,1,1.0,6.0,06088,M,,,06
201000016579,10,4,27,1015,1,2,1,1.0,3.0,06088,M,,,06
201000016580,10,4,27,1015,1,2,1,1.0,6.0,06088,M,,,06
201000016581,10,4,27,1045,1,2,1,1.0,2.0,06088,M,,,06
201000016582,10,4,27,1130,1,2,1,1.0,2.0,06088,M,,,06
201000016583,10,4,27,1520,1,2,1,1.0,6.0,06088,M,,,06
201000016584,10,4,27,1900,2,2,1,1.0,2.0,06088,M,,,06
201000016585,10,4,27,2215,4,2,2,1.0,3.0,06088,M,,,06
201000016586,10,4,28,845,1,2,1,1.0,6.0,06088,M,,,06
201000016587,10,4,28,1145,1,2,2,1.0,6.0,06088,M,,,06
201000016588,10,4,28,1230,1,2,1,1.0,3.0,06088,M,,,06
201000016589,10,4,28,1340,1,2,1,1.0,3.0,06088,M,,,06
201000016590,10,4,28,1430,1,2,3,1.0,3.0,06088,M,,,06
201000016591,10,4,28,1525,1,2,1,1.0,2.0,06088,M,,,06
201000016592,10,4,28,1850,1,2,3,1.0,6.0,06088,M,,,06
201000016593,10,4,29,1640,1,2,1,1.0,5.0,06088,M,,,06
201000016594,10,4,29,1715,1,2,1,1.0,6.0,06088,M,,,06
201000016595,10,4,30,1330,1,2,1,1.0,3.0,06088,M,,,06
201000016596,10,4,30,1445,1,2,1,1.0,6.0,06088,M,,,06
201000016597,10,4,30,1905,1,2,1,1.0,5.0,06088,M,,,06
201000016598,10,4,30,1725,1,2,1,1.0,3.0,06088,M,,,06
201000016599,10,5,1,1330,1,2,1,1.0,3.0,06088,M,,,06
201000016600,10,5,2,2115,5,2,3,1.0,3.0,06088,M,,,06
201000016601,10,5,3,750,1,2,1,1.0,3.0,06088,M,,,06
201000016602,10,5,3,1530,1,2,1,2.0,3.0,06088,M,,,06
201000016603,10,5,3,1810,1,2,1,2.0,1.0,06159,M,,,06
201000016604,10,5,4,930,1,2,1,3.0,6.0,06088,M,,,06
201000016605,10,5,4,1710,1,2,1,2.0,6.0,06088,M,,,06
201000016606,10,5,5,1350,1,2,1,1.0,4.0,06088,M,,,06
201000016607,10,5,5,1435,1,2,1,1.0,6.0,06088,M,,,06
201000016608,10,5,5,1730,1,2,1,1.0,2.0,06088,M,,,06
201000016609,10,5,5,1810,1,2,2,1.0,3.0,06088,M,,,06
201000016610,10,5,5,1830,1,2,1,1.0,3.0,06088,M,,,06
201000016611,10,5,5,1940,1,2,1,1.0,6.0,06088,M,,,06
201000016612,10,5,6,600,1,2,1,1.0,1.0,06088,M,,,06
201000016613,10,5,6,930,1,2,1,1.0,2.0,06088,M,,,06
201000016614,10,5,6,1420,1,2,2,1.0,3.0,06088,M,,,06
201000016615,10,5,6,1700,1,2,1,1.0,6.0,06088,M,,,06
201000016616,10,5,6,1900,1,2,1,1.0,6.0,06088,M,,,06
201000016617,10,5,6,2100,5,2,1,1.0,1.0,06088,M,,,06
201000016618,10,5,6,2220,5,2,2,1.0,3.0,06088,M,,,06
201000016619,10,5,7,810,1,2,1,1.0,6.0,06088,M,,,06
201000016620,10,5,7,900,1,2,1,1.0,3.0,06088,M,,,06
201000016621,10,5,7,1200,1,2,1,1.0,2.0,06088,M,,,06
201000016622,10,5,7,1730,1,2,2,1.0,3.0,06088,M,,,06
201000016623,10,5,7,1810,1,2,1,1.0,2.0,06088,M,,,06
201000016624,10,5,10,805,1,2,3,1.0,6.0,06088,M,,,06
201000016625,10,5,10,830,1,2,1,1.0,6.0,06088,M,,,06
201000016626,10,5,11,800,1,2,1,3.0,6.0,06088,M,,,06
201000016627,10,5,11,1215,1,2,1,1.0,3.0,06088,M,,,06
201000016628,10,5,12,750,1,2,1,7.0,6.0,06088,M,,,06
201000016629,10,5,12,1150,1,2,2,1.0,3.0,06088,M,,,06
201000016630,10,5,12,1315,1,2,1,1.0,2.0,06088,M,,,06
201000016631,10,5,12,1630,1,2,1,1.0,6.0,06088,M,,,06
201000016632,10,5,13,1730,1,2,2,1.0,3.0,06088,M,,,06
201000016633,10,5,14,530,2,2,1,1.0,2.0,06088,M,,,06
201000016634,10,5,14,1300,1,2,2,1.0,3.0,06088,M,,,06
201000016635,10,5,14,1520,1,2,1,1.0,2.0,06088,M,,,06
201000016636,10,5,14,2100,2,2,3,1.0,3.0,06088,M,,,06
201000016637,10,5,14,2110,5,2,2,1.0,3.0,06088,M,,,06
201000016638,10,5,15,2250,5,2,1,1.0,6.0,06088,M,,,06
201000016639,10,5,16,2300,5,2,1,1.0,2.0,06088,M,,,06
201000016640,10,5,17,830,1,2,1,1.0,6.0,06088,M,,,06
201000016641,10,5,17,1625,1,2,1,1.0,2.0,06088,M,,,06
201000016642,10,5,17,1805,1,2,1,1.0,3.0,06088,M,,,06
201000016643,10,5,17,1805,1,2,2,1.0,3.0,06088,M,,,06
201000016644,10,5,18,630,1,2,2,1.0,6.0,06088,M,,,06
201000016645,10,5,18,730,1,2,1,1.0,2.0,06088,M,,,06
201000016646,10,5,18,925,1,2,1,1.0,2.0,06088,M,,,06
201000016647,10,5,18,1020,1,2,1,1.0,6.0,06088,M,,,06
201000016648,10,5,18,1235,1,2,1,1.0,3.0,06088,M,,,06
201000016649,10,5,18,1940,1,2,1,1.0,6.0,06088,M,,,06
201000016650,10,5,19,2150,5,2,2,1.0,3.0,06088,M,,,06
201000016651,10,5,20,750,1,2,1,2.0,2.0,06088,M,,,06
201000016652,10,5,20,1205,1,2,1,1.0,5.0,06088,M,,,06
201000016653,10,5,20,1700,1,2,1,1.0,6.0,06088,M,,,06
201000016654,10,5,21,1115,1,2,1,1.0,6.0,06088,M,,,06
201000016655,10,5,21,1220,1,2,1,1.0,6.0,06088,M,,,06
201000016656,10,5,21,1251,1,2,1,1.0,6.0,06088,M,,,06
201000016657,10,5,21,1315,1,2,2,1.0,6.0,06088,M,,,06
201000016658,10,5,21,1502,1,2,1,1.0,6.0,06088,M,,,06
201000016659,10,5,22,815,1,2,6,1.0,6.0,06088,M,,,06
201000016660,10,5,22,1345,1,2,1,1.0,1.0,06088,M,,,06
201000016661,10,5,22,2215,5,2,1,1.0,3.0,06088,M,,,06
201000016662,10,5,23,2355,5,2,1,1.0,2.0,06088,M,,,06
201000016663,10,5,24,1040,1,2,1,1.0,3.0,06088,M,,,06
201000016664,10,5,24,1830,1,2,1,1.0,3.0,06088,M,,,06
201000016665,10,5,25,1610,1,2,1,1.0,1.0,06088,M,,,06
201000016666,10,5,26,735,1,2,1,1.0,6.0,06088,M,,,06
201000016667,10,5,26,1140,1,2,1,1.0,6.0,06159,M,,,06
201000016668,10,5,26,1710,1,2,1,1.0,6.0,06088,M,,,06
201000016669,10,5,27,700,1,2,1,1.0,4.0,06088,M,,,06
201000016670,10,5,27,1350,1,2,1,1.0,3.0,06088,M,,,06
201000016671,10,5,28,1215,1,2,1,1.0,3.0,06088,M,,,06
201000016672,10,5,28,1426,1,2,1,1.0,6.0,06088,M,,,06
201000016673,10,5,28,1835,1,2,1,1.0,6.0,06088,M,,,06
201000016674,10,5,29,900,1,2,1,1.0,2.0,06088,M,,,06
201000016675,10,5,29,1530,1,2,1,1.0,6.0,06088,M,,,06
201000016676,10,5,29,1720,1,2,1,1.0,3.0,06088,M,,,06
201000016677,10,5,29,1900,1,2,1,1.0,6.0,06088,M,,,06