Num_Acc,an,mois,jour,hrmn,lum,agg,int,atm,col,com,gps,lat,long,dep
201000016678,10,5,30,1330,1,2,1,1.0,6.0,06088,M,,,06
201000016679,10,5,31,900,1,2,1,1.0,4.0,06088,M,,,06
201000016680,10,5,31,1320,1,2,4,1.0,3.0,06088,M,,,06
201000016681,10,6,1,755,1,2,1,1.0,6.0,06088,M,,,06
201000016682,10,6,1,1350,1,2,2,1.0,3.0,06088,M,,,06
201000016683,10,6,2,335,5,2,2,1.0,6.0,06088,M,,,06
201000016684,10,6,2,1120,1,2,1,1.0,6.0,06088,M,,,06
201000016685,10,6,3,800,1,2,1,1.0,4.0,06088,M,,,06
201000016686,10,6,3,1300,1,2,2,1.0,3.0,06088,M,,,06
201000016687,10,6,3,1450,1,2,1,1.0,6.0,06088,M,,,06
201000016688,10,6,3,1500,1,2,1,1.0,3.0,06088,M,,,06
201000016689,10,6,3,1710,1,2,1,1.0,7.0,06088,M,,,06
201000016690,10,6,4,950,1,2,3,1.0,6.0,06088,M,,,06
201000016691,10,6,4,1010,1,2,1,1.0,6.0,06088,M,,,06
201000016692,10,6,4,1505,1,2,1,1.0,6.0,06088,M,,,06
201000016693,10,6,4,1700,1,2,1,1.0,6.0,06088,M,,,06
201000016694,10,6,4,1750,1,2,1,1.0,6.0,06088,M,,,06
201000016695,10,6,4,1745,1,2,3,1.0,3.0,06088,M,,,06
201000016696,10,6,5,1200,1,2,3,1.0,3.0,06088,M,,,06
201000016697,10,6,5,1940,1,2,1,1.0,1.0,06088,M,,,06
201000016698,10,6,5,2325,5,2,1,1.0,3.0,06088,M,,,06
201000016699,10,6,6,1030,1,1,2,1.0,3.0,06088,M,,,06
201000016700,10,6,6,2030,4,2,1,1.0,2.0,06088,M,,,06
201000016701,10,6,7,900,1,2,2,1.0,3.0,06088,M,,,06
201000016702,10,6,7,930,1,2,3,1.0,3.0,06088,M,,,06
201000016703,10,6,7,1515,1,2,1,1.0,2.0,06088,M,,,06
201000016704,10,6,7,2340,5,2,1,1.0,4.0,06088,M,,,06
201000016705,10,6,8,1300,1,2,2,1.0,3.0,06088,M,,,06
201000016706,10,6,8,2100,5,2,2,1.0,3.0,06088,M,,,06
201000016707,10,6,9,400,4,2,1,1.0,6.0,06088,M,,,06
201000016708,10,6,9,2200,5,2,1,1.0,3.0,06088,M,,,06
201000016709,10,6,10,1920,1,2,1,1.0,2.0,06088,M,,,06
201000016710,10,6,11,755,1,2,1,1.0,3.0,06088,M,,,06
201000016711,10,6,11,830,1,2,1,1.0,3.0,06088,M,,,06
201000016712,10,6,11,915,1,2,1,1.0,3.0,06088,M,,,06
201000016713,10,6,11,1700,1,2,1,1.0,6.0,06088,M,,,06
201000016714,10,6,12,1110,1,2,2,1.0,3.0,06088,M,,,06
201000016715,10,6,12,1145,1,2,1,1.0,2.0,06088,M,,,06
201000016716,10,6,12,1950,1,2,1,1.0,6.0,06088,M,,,06
201000016717,10,6,13,750,1,2,1,1.0,2.0,06088,M,,,06
201000016718,10,6,13,1800,1,2,1,1.0,2.0,06088,M,,,06
201000016719,10,6,14,700,1,2,1,1.0,6.0,06088,M,,,06
201000016720,10,6,14,1925,1,2,1,1.0,6.0,06088,M,,,06
201000016721,10,6,14,2350,5,2,1,1.0,3.0,06088,M,,,06
201000016722,10,6,15,850,1,2,1,1.0,6.0,06088,M,,,06
201000016723,10,6,15,1145,1,2,6,1.0,3.0,06088,M,,,06
201000016724,10,6,15,1700,1,2,2,3.0,3.0,06088,M,,,06
201000016725,10,6,15,1815,1,1,1,3.0,2.0,06088,M,,,06
201000016726,10,6,15,1955,2,2,1,1.0,2.0,06088,M,,,06
201000016727,10,6,16,1500,1,2,2,1.0,3.0,06088,M,,,06
201000016728,10,6,16,1825,1,2,1,1.0,1.0,06088,M,,,06
201000016729,10,6,17,930,1,2,1,2.0,2.0,06088,M,,,06
201000016730,10,6,17,1640,1,2,1,1.0,6.0,06088,M,,,06
201000016731,10,6,17,1630,1,2,1,1.0,5.0,06088,M,,,06
201000016732,10,6,17,1700,1,2,1,1.0,6.0,06088,M,,,06
201000016733,10,6,18,1755,2,2,1,1.0,6.0,06088,M,,,06
201000016734,10,6,18,1830,1,2,1,1.0,2.0,06088,M,,,06
201000016735,10,6,18,2045,2,2,1,1.0,1.0,06088,M,,,06
201000016736,10,6,18,2330,5,2,1,1.0,2.0,06088,M,,,06
201000016737,10,6,19,45,5,2,2,1.0,3.0,06088,M,,,06
201000016738,10,6,19,1250,1,2,1,1.0,6.0,06088,M,,,06
201000016739,10,6,19,1355,1,2,1,1.0,3.0,06088,M,,,06
201000016740,10,6,19,2215,5,2,2,2.0,3.0,06088,M,,,06
201000016741,10,6,20,745,1,2,1,1.0,6.0,06088,M,,,06
201000016742,10,6,20,2100,2,2,2,1.0,3.0,06088,M,,,06
201000016743,10,6,21,120,5,2,2,1.0,3.0,06088,M,,,06
201000016744,10,6,21,800,1,2,3,1.0,3.0,06088,M,,,06
201000016745,10,6,21,1600,1,2,3,1.0,3.0,06088,M,,,06
201000016746,10,6,21,1735,1,2,1,1.0,3.0,06088,M,,,06
201000016747,10,6,21,1800,1,2,1,1.0,3.0,06088,M,,,06
201000016748,10,6,22,200,5,2,1,1.0,6.0,06088,M,,,06
201000016749,10,6,22,740,1,2,1,1.0,5.0,06088,M,,,06
201000016750,10,6,22,840,1,2,1,1.0,4.0,06088,M,,,06
201000016751,10,6,22,1805,1,2,1,1.0,3.0,06088,M,,,06
201000016752,10,6,23,755,1,2,1,1.0,2.0,06088,M,,,06
201000016753,10,6,23,1725,1,2,1,1.0,6.0,06088,M,,,06
201000016754,10,6,23,1800,1,2,3,1.0,3.0,06088,M,,,06
201000016755,10,6,23,1900,1,2,1,1.0,3.0,06088,M,,,06
201000016756,10,6,24,210,5,2,1,1.0,6.0,06088,M,,,06
201000016757,10,6,24,1025,1,2,1,1.0,4.0,06088,M,,,06
201000016758,10,6,24,1935,1,2,1,1.0,1.0,06088,M,,,06
201000016759,10,6,25,1000,1,2,1,1.0,3.0,06088,M,,,06
201000016760,10,6,25,1130,1,2,1,1.0,2.0,06088,M,,,06
201000016761,10,6,25,2315,5,2,2,1.0,3.0,06088,M,,,06
201000016762,10,6,25,2345,5,2,1,1.0,3.0,06088,M,,,06
201000016763,10,6,26,1845,1,2,1,1.0,1.0,06088,M,,,06
201000016764,10,6,27,2035,5,2,2,1.0,3.0,06088,M,,,06
201000016765,10,6,28,535,2,2,1,1.0,6.0,06088,M,,,06
201000016766,10,6,28,1100,1,2,3,1.0,3.0,06088,M,,,06
201000016767,10,6,28,1200,1,2,1,1.0,1.0,06159,M,,,06
201000016768,10,6,28,1700,1,2,2,1.0,3.0,06088,M,,,06
201000016769,10,6,29,1945,1,2,1,1.0,1.0,06088,M,,,06
201000016770,10,6,28,2000,1,2,1,1.0,3.0,06088,M,,,06
201000016771,10,6,29,825,1,2,1,1.0,5.0,06088,M,,,06
201000016772,10,6,29,1205,1,2,1,1.0,6.0,06088,M,,,06
201000016773,10,6,30,1210,1,2,1,1.0,6.0,06088,M,,,06
201000016774,10,7,1,40,5,2,1,1.0,2.0,06088,M,,,06
201000016775,10,7,1,925,1,2,1,1.0,3.0,06088,M,,,06
201000016776,10,7,1,1610,1,2,1,1.0,2.0,06088,M,,,06
201000016777,10,7,1,1845,1,2,1,1.0,6.0,06088,M,,,06
201000016778,10,7,2,1215,1,2,1,1.0,6.0,06088,M,,,06
201000016779,10,7,2,1330,1,2,2,1.0,3.0,06088,M,,,06
201000016780,10,7,2,1900,1,2,1,1.0,2.0,06088,M,,,06
201000016781,10,7,2,2035,1,2,1,1.0,6.0,06159,M,,,06
201000016782,10,7,3,1130,1,2,1,1.0,3.0,06088,M,,,06
201000016783,10,7,3,1930,1,2,2,1.0,3.0,06088,M,,,06
201000016784,10,7,4,1815,1,2,1,1.0,3.0,06088,M,,,06
201000016785,10,7,4,1830,1,2,1,1.0,5.0,06088,M,,,06
201000016786,10,7,4,2029,1,2,1,1.0,1.0,06088,M,,,06
201000016787,10,7,5,850,1,2,2,1.0,3.0,06088,M,,,06
201000016788,10,7,5,1120,1,2,1,1.0,6.0,06088,M,,,06
201000016789,10,7,5,1320,1,2,1,1.0,3.0,06088,M,,,06
201000016790,10,7,5,1430,1,2,1,1.0,6.0,06088,M,,,06
201000016791,10,7,5,1635,1,2,2,1.0,6.0,06088,M,,,06
201000016792,10,7,6,935,1,2,1,1.0,2.0,06088,M,,,06
201000016793,10,7,6,1710,1,2,1,1.0,6.0,06088,M,,,06
201000016794,10,7,6,1815,1,2,2,1.0,3.0,06088,M,,,06
201000016795,10,7,7,120,5,2,1,1.0,6.0,06088,M,,,06
201000016796,10,7,7,940,1,2,1,1.0,2.0,06088,M,,,06
201000016797,10,7,7,1255,1,2,1,1.0,3.0,06088,M,,,06
201000016798,10,7,7,1815,1,2,2,1.0,3.0,06088,M,,,06
201000016799,10,7,7,1830,1,2,1,1.0,6.0,06088,M,,,06
201000016800,10,7,7,2140,1,2,1,1.0,3.0,06088,M,,,06
201000016801,10,7,8,1150,1,2,1,1.0,3.0,06088,M,,,06
201000016802,10,7,8,1756,1,2,1,1.0,6.0,06088,M,,,06
201000016803,10,7,8,1945,1,2,1,1.0,2.0,06088,M,,,06
201000016804,10,7,8,2330,5,2,1,1.0,7.0,06088,M,,,06
201000016805,10,7,9,1512,1,2,1,1.0,2.0,06088,M,,,06
201000016806,10,7,9,1745,1,2,1,1.0,6.0,06088,M,,,06
201000016807,10,7,9,2107,2,2,1,1.0,2.0,06088,M,,,06
201000016808,10,7,9,2110,1,2,1,1.0,3.0,06088,M,,,06
201000016809,10,7,10,440,5,2,1,1.0,6.0,06088,M,,,06
201000016810,10,7,10,1535,1,2,1,1.0,6.0,06088,M,,,06
201000016811,10,7,11,1030,1,1,2,1.0,3.0,06088,M,,,06
201000016812,10,7,11,1230,1,2,7,1.0,6.0,06088,M,,,06
201000016813,10,7,12,750,1,2,1,1.0,6.0,06088,M,,,06
201000016814,10,7,12,1800,1,2,3,1.0,3.0,06088,M,,,06
201000016815,10,7,12,1805,1,2,1,1.0,7.0,06088,M,,,06
201000016816,10,7,12,1840,1,2,1,1.0,6.0,06088,M,,,06
201000016817,10,7,13,1,5,2,1,1.0,7.0,06088,M,,,06
201000016818,10,7,13,420,5,1,1,1.0,6.0,06088,M,,,06
201000016819,10,7,13,815,1,2,2,1.0,2.0,06088,M,,,06
201000016820,10,7,13,1100,1,2,1,1.0,6.0,06088,M,,,06
201000016821,10,7,13,1345,1,2,3,1.0,3.0,06088,M,,,06
201000016822,10,7,13,2330,5,2,1,1.0,7.0,06088,M,,,06
201000016823,10,7,14,1215,1,1,6,1.0,3.0,06088,M,,,06
201000016824,10,7,14,1543,1,2,1,1.0,5.0,06088,M,,,06
201000016825,10,7,14,1710,1,2,2,1.0,3.0,06088,M,,,06
201000016826,10,7,14,2335,5,2,1,1.0,2.0,06088,M,,,06
201000016827,10,7,15,1100,1,2,1,1.0,3.0,06088,M,,,06
201000016828,10,7,15,1530,1,2,3,1.0,3.0,06088,M,,,06
201000016829,10,7,15,1715,1,2,1,1.0,6.0,06088,M,,,06
201000016830,10,7,15,1800,1,2,1,1.0,1.0,06088,M,,,06
201000016831,10,7,15,1840,1,2,1,1.0,2.0,06088,M,,,06
201000016832,10,7,16,1430,1,2,1,1.0,2.0,06088,M,,,06
201000016833,10,7,16,1450,1,2,1,1.0,6.0,06088,M,,,06
201000016834,10,7,16,1500,1,2,2,1.0,3.0,06088,M,,,06
201000016835,10,7,16,2110,1,2,1,1.0,2.0,06088,M,,,06
201000016836,10,7,17,1115,1,2,1,1.0,2.0,06088,M,,,06
201000016837,10,7,17,1400,1,2,1,1.0,3.0,06088,M,,,06
201000016838,10,7,17,2040,1,2,1,1.0,3.0,06088,M,,,06
201000016839,10,7,17,2125,1,2,1,1.0,1.0,06088,M,,,06
201000016840,10,7,18,200,5,1,1,1.0,5.0,06088,M,,,06
201000016841,10,7,18,820,1,2,1,1.0,7.0,06088,M,,,06
201000016842,10,7,18,1400,1,2,2,1.0,3.0,06088,M,,,06
201000016843,10,7,18,2045,2,2,2,1.0,3.0,06088,M,,,06
201000016844,10,7,18,2130,1,2,1,1.0,6.0,06088,M,,,06
201000016845,10,7,19,2215,5,2,1,1.0,3.0,06088,M,,,06
201000016846,10,7,20,730,1,2,3,1.0,3.0,06088,M,,,06
201000016847,10,7,20,845,1,2,1,1.0,3.0,06088,M,,,06
201000016848,10,7,20,1250,1,2,1,1.0,3.0,06088,M,,,06
201000016849,10,7,20,1450,1,2,2,1.0,3.0,06088,M,,,06
201000016850,10,7,20,1850,1,2,1,1.0,7.0,06088,M,,,06
201000016851,10,7,20,2240,5,2,1,1.0,6.0,06088,M,,,06
201000016852,10,7,21,830,1,2,2,1.0,3.0,06088,M,,,06
201000016853,10,7,21,835,1,2,1,1.0,2.0,06088,M,,,06
201000016854,10,7,21,1620,1,2,1,1.0,6.0,06088,M,,,06
201000016855,10,7,21,1855,1,2,1,1.0,6.0,06088,M,,,06
201000016856,10,7,22,1500,1,2,1,1.0,3.0,06088,M,,,06
201000016857,10,7,22,1610,1,2,1,1.0,3.0,06088,M,,,06
201000016858,10,7,22,2220,5,2,1,1.0,6.0,06088,M,,,06
201000016859,10,7,22,2340,5,2,1,1.0,6.0,06088,M,,,06
201000016860,10,7,23,1130,1,2,1,1.0,6.0,06088,M,,,06
201000016861,10,7,23,1330,1,2,1,1.0,4.0,06088,M,,,06
201000016862,10,7,23,2320,5,2,1,1.0,6.0,06159,M,,,06
201000016863,10,7,24,50,5,2,2,1.0,3.0,06088,M,,,06
201000016864,10,7,24,300,5,2,3,1.0,3.0,06088,M,,,06
201000016865,10,7,24,530,5,2,1,1.0,3.0,06088,M,,,06
201000016866,10,7,24,1830,1,2,2,1.0,6.0,06088,M,,,06
201000016867,10,7,26,20,5,2,2,1.0,3.0,06088,M,,,06
201000016868,10,7,26,1730,1,2,1,1.0,3.0,06088,M,,,06
201000016869,10,7,26,2000,1,2,1,1.0,2.0,06088,M,,,06
201000016870,10,7,27,200,5,2,1,1.0,7.0,06088,M,,,06
201000016871,10,7,27,800,1,2,1,1.0,3.0,06088,M,,,06
201000016872,10,7,27,1515,1,2,1,1.0,3.0,06088,M,,,06
201000016873,10,7,27,1710,1,2,2,1.0,3.0,06088,M,,,06
201000016874,10,7,27,1750,1,2,1,1.0,2.0,06088,M,,,06
201000016875,10,7,27,2055,2,2,6,1.0,3.0,06088,M,,,06
201000016876,10,7,28,335,5,2,1,1.0,1.0,06088,M,,,06
201000016877,10,7,28,1000,1,2,2,1.0,3.0,06088,M,,,06
201000016878,10,7,28,1145,1,2,1,1.0,6.0,06088,M,,,06
201000016879,10,7,28,1430,1,2,1,1.0,3.0,06088,M,,,06
201000016880,10,7,28,1600,1,2,1,1.0,4.0,06088,M,,,06
201000016881,10,7,29,320,5,2,1,1.0,1.0,06159,M,,,06
201000016882,10,7,29,445,5,2,1,1.0,6.0,06088,M,,,06
201000016883,10,7,29,710,1,2,1,1.0,3.0,06088,M,,,06
201000016884,10,7,29,1020,1,2,1,1.0,6.0,06088,M,,,06
201000016885,10,7,29,1430,1,2,1,1.0,2.0,06088,M,,,06
201000016886,10,7,29,1900,1,2,1,1.0,6.0,06088,M,,,06
201000016887,10,7,30,1900,1,2,1,1.0,3.0,06088,M,,,06
201000016888,10,7,30,1920,1,2,1,1.0,6.0,06088,M,,,06
201000016889,10,7,31,2045,1,2,1,1.0,2.0,06088,M,,,06
201000016890,10,8,1,15,5,2,1,1.0,6.0,06088,M,,,06
201000016891,10,8,1,920,1,2,1,1.0,1.0,06088,M,,,06
201000016892,10,8,1,1330,1,2,1,1.0,2.0,06088,M,,,06
201000016893,10,8,1,1450,1,2,1,1.0,6.0,06088,M,,,06
201000016894,10,8,1,2040,2,2,3,1.0,3.0,06159,M,,,06
201000016895,10,8,2,1000,1,2,1,1.0,3.0,06088,M,,,06
201000016896,10,8,2,1030,1,2,1,1.0,6.0,06088,M,,,06
201000016897,10,8,2,1700,1,2,1,1.0,6.0,06088,M,,,06
201000016898,10,8,2,1725,1,2,1,1.0,6.0,06088,M,,,06
201000016899,10,8,3,20,5,2,1,1.0,6.0,06088,M,,,06
201000016900,10,8,3,830,1,2,1,1.0,3.0,06088,M,,,06
201000016901,10,8,3,1030,1,2,1,1.0,1.0,06088,M,,,06
201000016902,10,8,3,1350,1,2,1,1.0,2.0,06088,M,,,06
201000016903,10,8,3,1840,1,2,2,1.0,3.0,06088,M,,,06
201000016904,10,8,4,1535,1,2,1,1.0,3.0,06088,M,,,06
201000016905,10,8,4,1600,1,2,3,1.0,3.0,06088,M,,,06
201000016906,10,8,4,1845,1,2,1,1.0,3.0,06088,M,,,06
201000016907,10,8,4,2150,2,2,1,1.0,2.0,06088,M,,,06
201000016908,10,8,5,15,5,2,2,1.0,6.0,06088,M,,,06
201000016909,10,8,5,630,5,2,2,1.0,6.0,06088,M,,,06
201000016910,10,8,5,1605,1,2,2,1.0,6.0,06088,M,,,06
201000016911,10,8,7,500,5,2,1,1.0,2.0,06088,M,,,06
201000016912,10,8,7,1820,1,2,3,1.0,6.0,06088,M,,,06
201000016913,10,8,8,1850,1,2,1,1.0,3.0,06088,M,,,06
201000016914,10,8,9,2345,5,2,1,1.0,3.0,06088,M,,,06
201000016915,10,8,10,600,1,2,2,1.0,3.0,06088,M,,,06
201000016916,10,8,10,1440,1,2,1,1.0,6.0,06088,M,,,06
201000016917,10,8,10,1720,1,2,1,1.0,2.0,06088,M,,,06
201000016918,10,8,11,330,5,2,1,1.0,6.0,06088,M,,,06
201000016919,10,8,11,340,5,2,1,1.0,6.0,06088,M,,,06
201000016920,10,8,11,425,5,2,2,1.0,3.0,06088,M,,,06
201000016921,10,8,11,845,1,2,1,1.0,3.0,06088,M,,,06
201000016922,10,8,11,1015,1,2,2,1.0,6.0,06088,M,,,06
201000016923,10,8,11,1735,1,2,1,1.0,2.0,06088,M,,,06
201000016924,10,8,11,1810,1,2,1,1.0,3.0,06088,M,,,06
201000016925,10,8,11,1830,1,2,2,1.0,3.0,06088,M,,,06
201000016926,10,8,11,1950,1,2,2,1.0,6.0,06088,M,,,06
201000016927,10,8,11,2125,5,2,1,1.0,2.0,06088,M,,,06
201000016928,10,8,11,2300,4,2,1,1.0,7.0,06088,M,,,06
201000016929,10,8,12,650,1,2,2,1.0,1.0,06088,M,,,06
201000016930,10,8,12,2250,5,2,1,1.0,2.0,06088,M,,,06
201000016931,10,8,13,715,1,2,1,1.0,3.0,06088,M,,,06
201000016932,10,8,13,830,1,1,1,2.0,4.0,06159,M,,,06
201000016933,10,8,13,1920,1,2,2,1.0,6.0,06088,M,,,06
201000016934,10,8,14,145,5,2,1,1.0,2.0,06088,M,,,06
201000016935,10,8,14,1630,1,2,1,3.0,6.0,06088,M,,,06
201000016936,10,8,16,300,5,2,1,1.0,7.0,06088,M,,,06
201000016937,10,8,18,940,1,2,1,1.0,6.0,06088,M,,,06
201000016938,10,8,18,1035,1,2,1,1.0,6.0,06088,M,,,06
201000016939,10,8,18,1330,1,2,2,1.0,1.0,06088,M,,,06
201000016940,10,8,18,1730,1,2,1,1.0,3.0,06088,M,,,06
201000016941,10,8,19,1115,1,2,1,1.0,2.0,06088,M,,,06
201000016942,10,8,20,1845,1,2,1,1.0,3.0,06088,M,,,06
201000016943,10,8,20,2230,5,2,1,1.0,3.0,06088,M,,,06
201000016944,10,8,21,1600,1,2,1,1.0,6.0,06088,M,,,06
201000016945,10,8,22,1150,1,2,2,1.0,6.0,06088,M,,,06
201000016946,10,8,22,1440,1,2,1,1.0,3.0,06088,M,,,06
201000016947,10,8,22,2110,5,2,3,1.0,3.0,06088,M,,,06
201000016948,10,8,23,2145,5,2,2,1.0,2.0,06088,M,,,06
201000016949,10,8,24,434,5,2,1,1.0,6.0,06088,M,,,06
201000016950,10,8,24,1300,1,2,1,1.0,6.0,06088,M,,,06
201000016951,10,8,25,1300,1,2,1,1.0,1.0,06088,M,,,06
201000016952,10,8,25,1250,1,2,1,1.0,2.0,06088,M,,,06
201000016953,10,8,25,1430,1,2,2,1.0,3.0,06088,M,,,06
201000016954,10,8,25,1630,1,2,2,1.0,3.0,06088,M,,,06
201000016955,10,8,25,1745,1,2,2,1.0,6.0,06088,M,,,06
201000016956,10,8,25,1855,1,2,1,1.0,6.0,06088,M,,,06
201000016957,10,8,26,625,2,2,2,1.0,3.0,06088,M,,,06
201000016958,10,8,26,1300,1,2,2,1.0,6.0,06088,M,,,06
201000016959,10,8,26,1430,1,2,2,1.0,3.0,06088,M,,,06
201000016960,10,8,26,1628,1,2,1,1.0,3.0,06088,M,,,06
201000016961,10,8,26,2255,5,2,1,1.0,6.0,06088,M,,,06
201000016962,10,8,27,1130,1,2,2,1.0,3.0,06088,M,,,06
201000016963,10,8,27,1530,1,2,1,9.0,4.0,06088,M,,,06
201000016964,10,8,27,1705,1,2,1,1.0,6.0,06088,M,,,06
201000016965,10,8,28,400,5,2,1,1.0,2.0,06088,M,,,06
201000016966,10,8,28,820,1,2,1,1.0,3.0,06088,M,,,06
201000016967,10,8,29,1730,1,2,2,1.0,3.0,06088,M,,,06
201000016968,10,8,30,900,1,2,1,1.0,1.0,06088,M,,,06
201000016969,10,8,30,1730,1,2,1,1.0,6.0,06088,M,,,06
201000016970,10,8,31,420,4,2,1,1.0,7.0,06088,M,,,06
201000016971,10,8,31,1200,1,2,1,1.0,3.0,06088,M,,,06
201000016972,10,8,31,1330,1,2,1,1.0,1.0,06088,M,,,06
201000016973,10,8,31,1700,1,2,1,1.0,6.0,06088,M,,,06
201000016974,10,8,31,1755,1,2,1,1.0,6.0,06088,M,,,06
201000016975,10,9,1,1430,1,2,1,1.0,6.0,06088,M,,,06
201000016976,10,9,1,1600,1,2,1,1.0,6.0,06088,M,,,06
201000016977,10,9,1,1700,1,2,1,1.0,3.0,06088,M,,,06
201000016978,10,9,2,1215,1,2,1,1.0,3.0,06088,M,,,06
201000016979,10,9,2,2250,5,2,1,1.0,3.0,06088,M,,,06
201000016980,10,9,3,1125,1,2,2,1.0,3.0,06088,M,,,06
201000016981,10,9,3,1600,1,2,1,1.0,1.0,06088,M,,,06
201000016982,10,9,3,1650,1,2,1,1.0,3.0,06088,M,,,06
201000016983,10,9,3,1750,1,2,1,1.0,2.0,06088,M,,,06
201000016984,10,9,4,910,1,2,1,1.0,6.0,06088,M,,,06
201000016985,10,9,4,2015,2,2,1,2.0,3.0,06088,M,,,06
201000016986,10,9,4,2115,5,2,2,1.0,3.0,06088,M,,,06
201000016987,10,9,5,1250,1,2,1,1.0,3.0,06088,M,,,06
201000016988,10,9,6,910,1,2,1,1.0,6.0,06088,M,,,06
201000016989,10,9,7,2120,5,2,3,1.0,3.0,06088,M,,,06
201000016990,10,9,8,1305,1,2,1,1.0,3.0,06088,M,,,06
201000016991,10,9,8,1930,1,2,1,1.0,6.0,06088,M,,,06
201000016992,10,9,9,2100,1,2,1,1.0,3.0,06088,M,,,06
201000016993,10,9,9,2125,5,2,1,1.0,3.0,06088,M,,,06
201000016994,10,9,9,2340,5,2,2,1.0,6.0,06088,M,,,06
201000016995,10,9,10,715,1,2,2,1.0,1.0,06088,M,,,06
201000016996,10,9,10,1200,1,2,1,1.0,1.0,06088,M,,,06
201000016997,10,9,10,1535,1,2,1,1.0,6.0,06088,M,,,06
201000016998,10,9,10,1630,1,2,1,1.0,4.0,06088,M,,,06
201000016999,10,9,10,1810,1,2,1,1.0,1.0,06088,M,,,06
201000017000,10,9,11,715,1,2,1,1.0,6.0,06088,M,,,06
201000017001,10,9,11,1549,1,2,1,1.0,3.0,06088,M,,,06
201000017002,10,9,11,1600,1,2,2,1.0,3.0,06088,M,,,06
201000017003,10,9,12,2110,5,2,1,1.0,7.0,06088,M,,,06
201000017004,10,9,13,50,5,2,1,1.0,6.0,06088,M,,,06
201000017005,10,9,13,1050,1,2,1,1.0,6.0,06088,M,,,06
201000017006,10,9,13,1450,1,2,1,1.0,6.0,06088,M,,,06
201000017007,10,9,13,1500,1,2,1,1.0,6.0,06088,M,,,06
201000017008,10,9,13,1645,1,2,1,3.0,5.0,06088,M,,,06
201000017009,10,9,13,1700,1,2,2,1.0,3.0,06088,M,,,06
201000017010,10,9,14,800,1,2,1,1.0,2.0,06088,M,,,06
201000017011,10,9,14,915,1,2,1,1.0,6.0,06088,M,,,06
201000017012,10,9,14,1530,1,2,2,1.0,3.0,06088,M,,,06
201000017013,10,9,14,1915,2,2,1,1.0,1.0,06088,M,,,06
201000017014,10,9,14,1945,1,2,1,1.0,4.0,06088,M,,,06
201000017015,10,9,14,2120,5,2,1,1.0,3.0,06088,M,,,06
201000017016,10,9,15,120,4,2,2,1.0,3.0,06088,M,,,06
201000017017,10,9,15,1030,1,2,6,1.0,6.0,06088,M,,,06
201000017018,10,9,15,1215,1,2,2,1.0,2.0,06088,M,,,06
201000017019,10,9,15,1515,1,2,1,2.0,6.0,06088,M,,,06
201000017020,10,9,15,2040,5,2,1,1.0,6.0,06088,M,,,06
201000017021,10,9,16,815,1,2,1,1.0,1.0,06088,M,,,06
201000017022,10,9,16,1625,1,1,1,1.0,4.0,06088,M,,,06
201000017023,10,9,16,1715,1,2,1,1.0,3.0,06088,M,,,06
201000017024,10,9,16,1700,1,2,1,1.0,2.0,06088,M,,,06
201000017025,10,9,16,1850,1,2,2,1.0,3.0,06088,M,,,06
201000017026,10,9,17,745,1,2,1,2.0,3.0,06088,M,,,06
201000017027,10,9,17,820,1,2,1,1.0,3.0,06159,M,,,06
201000017028,10,9,17,1100,1,2,1,1.0,2.0,06088,M,,,06
201000017029,10,9,18,250,5,2,1,1.0,6.0,06088,M,,,06
201000017030,10,9,18,1630,1,2,1,1.0,6.0,06088,M,,,06
201000017031,10,9,19,2145,5,2,1,1.0,6.0,06088,M,,,06
201000017032,10,9,20,1400,1,2,1,1.0,2.0,06088,M,,,06
201000017033,10,9,20,1515,1,2,2,1.0,6.0,06088,M,,,06
201000017034,10,9,20,1825,1,2,1,1.0,3.0,06088,M,,,06
201000017035,10,9,21,344,5,2,2,1.0,3.0,06088,M,,,06
201000017036,10,9,21,900,1,2,2,1.0,3.0,06088,M,,,06
201000017037,10,9,21,937,1,2,1,1.0,6.0,06088,M,,,06
201000017038,10,9,21,1150,1,2,1,1.0,2.0,06088,M,,,06
201000017039,10,9,21,2015,5,2,1,1.0,6.0,06088,M,,,06
201000017040,10,9,22,1245,1,2,1,1.0,6.0,06088,M,,,06
201000017041,10,9,22,1250,1,2,2,1.0,3.0,06088,M,,,06
201000017042,10,9,22,1445,1,2,2,1.0,3.0,06088,M,,,06
201000017043,10,9,22,1505,1,2,1,1.0,2.0,06088,M,,,06
201000017044,10,9,22,1835,1,2,1,1.0,3.0,06088,M,,,06
201000017045,10,9,22,2100,5,2,1,1.0,3.0,06088,M,,,06
201000017046,10,9,22,1640,1,1,1,1.0,3.0,06088,M,,,06
201000017047,10,9,23,800,1,2,2,1.0,3.0,06088,M,,,06
201000017048,10,9,23,1000,1,2,3,1.0,3.0,06088,M,,,06
201000017049,10,9,23,1215,1,2,1,1.0,3.0,06088,M,,,06
201000017050,10,9,24,2120,5,2,2,1.0,3.0,06088,M,,,06
201000017051,10,9,25,1700,1,2,3,1.0,3.0,06088,M,,,06
201000017052,10,9,25,1740,1,2,1,1.0,3.0,06088,M,,,06
201000017053,10,9,25,1845,1,2,1,2.0,2.0,06088,M,,,06
201000017054,10,9,25,2117,5,2,1,1.0,3.0,06088,M,,,06
201000017055,10,9,25,2230,5,2,1,1.0,6.0,06088,M,,,06
201000017056,10,9,26,5,5,2,2,1.0,3.0,06088,M,,,06
201000017057,10,9,26,59,5,2,1,1.0,6.0,06088,M,,,06
201000017058,10,9,26,1515,1,2,1,1.0,6.0,06088,M,,,06
201000017059,10,9,26,1830,5,2,1,1.0,6.0,06088,M,,,06
201000017060,10,9,27,730,1,2,1,1.0,3.0,06088,M,,,06
201000017061,10,9,27,1430,1,2,1,1.0,6.0,06088,M,,,06
201000017062,10,9,27,1430,1,2,1,1.0,6.0,06088,M,,,06
201000017063,10,9,27,1445,1,2,1,1.0,1.0,06088,M,,,06
201000017064,10,9,27,1910,5,2,1,1.0,6.0,06088,M,,,06