Num_Acc,an,mois,jour,hrmn,lum,agg,int,atm,col,com,gps,lat,long,dep
201000017065,10,9,28,715,2,2,1,1.0,1.0,06159,M,,,06
201000017066,10,9,28,750,1,2,1,1.0,4.0,06088,M,,,06
201000017067,10,9,28,900,1,2,1,1.0,3.0,06088,M,,,06
201000017068,10,9,28,1600,1,2,1,1.0,3.0,06088,M,,,06
201000017069,10,9,28,1610,1,2,1,1.0,5.0,06088,M,,,06
201000017070,10,9,28,1820,1,2,1,1.0,3.0,06088,M,,,06
201000017071,10,9,28,1955,5,2,1,9.0,6.0,06088,M,,,06
201000017072,10,9,29,730,1,2,1,1.0,6.0,06088,M,,,06
201000017073,10,9,29,900,1,2,1,1.0,6.0,06088,M,,,06
201000017074,10,9,29,950,1,2,1,1.0,2.0,06088,M,,,06
201000017075,10,9,29,1200,1,2,1,1.0,3.0,06088,M,,,06
201000017076,10,9,29,1610,1,2,3,1.0,3.0,06088,M,,,06
201000017077,10,9,29,1630,1,2,1,1.0,2.0,06088,M,,,06
201000017078,10,9,29,1640,1,2,1,1.0,3.0,06088,M,,,06
201000017079,10,9,29,2215,5,2,1,1.0,3.0,06088,M,,,06
201000017080,10,9,30,1520,1,2,1,1.0,2.0,06088,M,,,06
201000017081,10,9,30,1619,1,2,2,1.0,3.0,06088,M,,,06
201000017082,10,9,30,1713,1,2,1,1.0,3.0,06088,M,,,06
201000017083,10,9,30,1740,1,2,1,1.0,3.0,06088,M,,,06
201000017084,10,10,1,1340,1,2,1,1.0,6.0,06088,M,,,06
201000017085,10,10,1,1600,1,2,1,1.0,6.0,06088,M,,,06
201000017086,10,10,1,830,1,2,1,1.0,3.0,06159,M,,,06
201000017087,10,10,2,445,5,2,1,1.0,3.0,06088,M,,,06
201000017088,10,10,2,1400,1,2,1,1.0,3.0,06088,M,,,06
201000017089,10,10,2,1455,1,2,1,1.0,6.0,06088,M,,,06
201000017090,10,10,2,1510,1,2,1,1.0,3.0,06088,M,,,06
201000017091,10,10,3,1150,1,2,1,1.0,1.0,06088,M,,,06
201000017092,10,10,3,1615,1,2,1,1.0,3.0,06088,M,,,06
201000017093,10,10,3,1930,5,2,1,1.0,3.0,06088,M,,,06
201000017094,10,10,3,1925,5,2,1,1.0,3.0,06088,M,,,06
201000017095,10,10,4,445,5,2,1,1.0,2.0,06088,M,,,06
201000017096,10,10,4,1215,1,2,1,1.0,6.0,06088,M,,,06
201000017097,10,10,4,1515,1,2,7,1.0,3.0,06088,M,,,06
201000017098,10,10,5,1230,1,2,1,1.0,3.0,06088,M,,,06
201000017099,10,10,5,1245,1,2,1,1.0,4.0,06088,M,,,06
201000017100,10,10,5,1700,1,2,3,1.0,3.0,06088,M,,,06
201000017101,10,10,6,1030,1,2,1,1.0,6.0,06088,M,,,06
201000017102,10,10,6,1035,1,2,1,1.0,3.0,06088,M,,,06
201000017103,10,10,6,1530,1,2,1,1.0,2.0,06088,M,,,06
201000017104,10,10,6,1615,1,2,1,1.0,6.0,06088,M,,,06
201000017105,10,10,7,1300,1,2,1,1.0,6.0,06088,M,,,06
201000017106,10,10,7,1350,1,2,1,1.0,1.0,06159,M,,,06
201000017107,10,10,7,1630,1,2,1,1.0,3.0,06088,M,,,06
201000017108,10,10,7,1745,1,2,3,1.0,6.0,06088,M,,,06
201000017109,10,10,7,1945,1,2,1,1.0,4.0,06088,M,,,06
201000017110,10,10,8,825,1,2,1,1.0,3.0,06159,M,,,06
201000017111,10,10,8,1815,2,2,1,1.0,5.0,06088,M,,,06
201000017112,10,10,8,1910,5,2,1,1.0,7.0,06088,M,,,06
201000017113,10,10,8,2325,5,2,1,1.0,6.0,06088,M,,,06
201000017114,10,10,9,1100,1,2,1,1.0,6.0,06088,M,,,06
201000017115,10,10,9,1630,1,2,1,1.0,5.0,06088,M,,,06
201000017116,10,10,9,1655,1,2,1,1.0,1.0,06088,M,,,06
201000017117,10,10,10,650,5,2,2,1.0,3.0,06088,M,,,06
201000017118,10,10,10,2200,5,2,1,1.0,2.0,06088,M,,,06
201000017119,10,10,11,1350,1,2,1,2.0,1.0,06088,M,,,06
201000017120,10,10,12,700,2,2,1,1.0,3.0,06088,M,,,06
201000017121,10,10,12,830,1,2,1,1.0,4.0,06088,M,,,06
201000017122,10,10,12,905,1,2,1,1.0,4.0,06088,M,,,06
201000017123,10,10,12,1040,1,2,1,1.0,6.0,06088,M,,,06
201000017124,10,10,12,1045,1,2,1,1.0,6.0,06088,M,,,06
201000017125,10,10,12,1455,1,2,1,1.0,6.0,06088,M,,,06
201000017126,10,10,12,1700,1,2,1,1.0,6.0,06088,M,,,06
201000017127,10,10,12,1840,1,2,1,1.0,2.0,06088,M,,,06
201000017128,10,10,13,1645,1,2,3,1.0,6.0,06088,M,,,06
201000017129,10,10,13,2230,5,2,1,1.0,2.0,06088,M,,,06
201000017130,10,10,14,505,5,2,1,1.0,6.0,06088,M,,,06
201000017131,10,10,14,1830,1,2,1,1.0,6.0,06088,M,,,06
201000017132,10,10,15,2010,5,2,1,1.0,2.0,06088,M,,,06
201000017133,10,10,16,425,5,2,1,1.0,5.0,06088,M,,,06
201000017134,10,10,16,1242,1,2,1,1.0,6.0,06159,M,,,06
201000017135,10,10,16,1700,1,2,1,1.0,6.0,06088,M,,,06
201000017136,10,10,17,1300,1,1,1,1.0,4.0,06088,M,,,06
201000017137,10,10,18,1510,1,2,1,1.0,3.0,06088,M,,,06
201000017138,10,10,18,1645,1,2,1,1.0,6.0,06088,M,,,06
201000017139,10,10,18,1905,5,2,1,1.0,3.0,06088,M,,,06
201000017140,10,10,19,1645,1,2,1,1.0,6.0,06088,M,,,06
201000017141,10,10,19,1830,2,2,1,1.0,2.0,06088,M,,,06
201000017142,10,10,19,2000,5,1,1,1.0,2.0,06088,M,,,06
201000017143,10,10,20,1540,1,2,2,1.0,6.0,06088,M,,,06
201000017144,10,10,20,1530,1,2,2,1.0,6.0,06088,M,,,06
201000017145,10,10,21,1,4,2,1,6.0,6.0,06088,M,,,06
201000017146,10,10,21,1330,1,2,1,1.0,6.0,06088,M,,,06
201000017147,10,10,21,1645,1,2,1,1.0,3.0,06088,M,,,06
201000017148,10,10,22,110,5,2,1,1.0,2.0,06088,M,,,06
201000017149,10,10,22,930,1,2,1,1.0,6.0,06088,M,,,06
201000017150,10,10,22,1602,1,2,1,1.0,6.0,06088,M,,,06
201000017151,10,10,23,2145,5,2,3,1.0,3.0,06088,M,,,06
201000017152,10,10,25,745,1,2,1,3.0,3.0,06088,M,,,06
201000017153,10,10,25,1615,1,2,1,9.0,2.0,06088,M,,,06
201000017154,10,10,25,1645,1,2,2,1.0,3.0,06088,M,,,06
201000017155,10,10,25,2330,5,2,1,1.0,1.0,06088,M,,,06
201000017156,10,10,26,800,1,2,1,1.0,6.0,06088,M,,,06
201000017157,10,10,26,1130,1,2,1,1.0,6.0,06088,M,,,06
201000017158,10,10,26,1445,1,2,1,1.0,6.0,06088,M,,,06
201000017159,10,10,26,1510,1,2,1,1.0,3.0,06088,M,,,06
201000017160,10,10,26,1810,1,2,1,1.0,6.0,06088,M,,,06
201000017161,10,10,26,2310,5,2,3,1.0,3.0,06088,M,,,06
201000017162,10,10,27,1445,1,2,1,1.0,3.0,06088,M,,,06
201000017163,10,10,27,1715,2,2,1,1.0,1.0,06159,M,,,06
201000017164,10,10,27,1740,1,2,1,1.0,2.0,06088,M,,,06
201000017165,10,10,28,2340,5,2,1,1.0,6.0,06088,M,,,06
201000017166,10,10,28,850,1,2,1,1.0,6.0,06088,M,,,06
201000017167,10,10,28,1230,1,2,2,1.0,3.0,06088,M,,,06
201000017168,10,10,28,1520,1,2,1,1.0,3.0,06088,M,,,06
201000017169,10,10,28,1615,1,2,1,1.0,3.0,06088,M,,,06
201000017170,10,10,28,2130,1,2,1,1.0,3.0,06088,M,,,06
201000017171,10,10,29,2200,5,2,1,1.0,4.0,06088,M,,,06
201000017172,10,10,29,1945,5,1,1,1.0,6.0,06159,M,,,06
201000017173,10,10,31,1515,1,2,1,3.0,3.0,06088,M,,,06
201000017174,10,10,31,1940,5,2,1,3.0,2.0,06088,M,,,06
201000017175,10,11,1,610,5,2,3,2.0,3.0,06088,M,,,06
201000017176,10,11,1,1805,3,2,3,2.0,3.0,06088,M,,,06
201000017177,10,11,3,135,5,2,1,1.0,3.0,06088,M,,,06
201000017178,10,11,3,1215,1,2,1,1.0,6.0,06088,M,,,06
201000017179,10,11,3,1700,1,2,1,1.0,5.0,06088,M,,,06
201000017180,10,11,3,1830,2,2,1,1.0,3.0,06088,M,,,06
201000017181,10,11,4,1150,1,2,1,1.0,3.0,06088,M,,,06
201000017182,10,11,4,1405,1,2,1,1.0,3.0,06088,M,,,06
201000017183,10,11,5,410,5,2,1,1.0,6.0,06088,M,,,06
201000017184,10,11,5,445,4,2,1,1.0,7.0,06088,M,,,06
201000017185,10,11,5,2340,5,2,1,1.0,6.0,06088,M,,,06
201000017186,10,11,6,100,5,2,2,1.0,3.0,06088,M,,,06
201000017187,10,11,6,1105,1,2,1,1.0,6.0,06088,M,,,06
201000017188,10,11,6,1400,1,2,1,1.0,3.0,06088,M,,,06
201000017189,10,11,6,1650,1,2,1,1.0,6.0,06088,M,,,06
201000017190,10,11,6,1815,2,2,1,1.0,3.0,06159,M,,,06
201000017191,10,11,7,1240,1,2,1,1.0,3.0,06088,M,,,06
201000017192,10,11,8,1045,1,2,3,1.0,3.0,06088,M,,,06
201000017193,10,11,8,1540,1,2,3,1.0,3.0,06088,M,,,06
201000017194,10,11,9,2100,5,2,1,1.0,2.0,06159,M,,,06
201000017195,10,11,11,1420,1,2,2,1.0,3.0,06088,M,,,06
201000017196,10,11,11,1920,5,2,1,1.0,3.0,06088,M,,,06
201000017197,10,11,12,1330,1,2,1,1.0,6.0,06088,M,,,06
201000017198,10,11,12,1545,1,2,1,1.0,4.0,06088,M,,,06
201000017199,10,11,12,1800,5,1,1,1.0,3.0,06088,M,,,06
201000017200,10,11,13,1940,5,2,1,1.0,3.0,06088,M,,,06
201000017201,10,11,15,1745,5,2,1,3.0,6.0,06088,M,,,06
201000017202,10,11,15,1935,5,2,1,3.0,3.0,06088,M,,,06
201000017203,10,11,15,2018,5,2,1,2.0,3.0,06088,M,,,06
201000017204,10,11,16,1040,1,2,1,2.0,6.0,06088,M,,,06
201000017205,10,11,17,1130,1,2,1,1.0,6.0,06088,M,,,06
201000017206,10,11,17,1500,1,2,1,1.0,6.0,06088,M,,,06
201000017207,10,11,18,1200,1,2,1,1.0,3.0,06088,M,,,06
201000017208,10,11,18,1540,1,2,1,1.0,4.0,06088,M,,,06
201000017209,10,11,18,1730,5,2,1,1.0,3.0,06088,M,,,06
201000017210,10,11,19,1400,1,2,1,1.0,3.0,06088,M,,,06
201000017211,10,11,19,1900,5,2,1,1.0,6.0,06088,M,,,06
201000017212,10,11,20,2050,5,2,2,2.0,3.0,06088,M,,,06
201000017213,10,11,20,2110,5,2,1,1.0,6.0,06088,M,,,06
201000017214,10,11,22,1120,1,2,1,1.0,6.0,06088,M,,,06
201000017215,10,11,22,1350,1,2,1,1.0,6.0,06088,M,,,06
201000017216,10,11,22,1714,2,2,1,1.0,6.0,06088,M,,,06
201000017217,10,11,23,940,1,2,1,1.0,3.0,06088,M,,,06
201000017218,10,11,23,950,1,2,1,1.0,6.0,06088,M,,,06
201000017219,10,11,23,1616,1,2,1,1.0,3.0,06088,M,,,06
201000017220,10,11,24,1730,2,2,2,1.0,3.0,06088,M,,,06
201000017221,10,11,24,2250,5,2,2,1.0,3.0,06088,M,,,06
201000017222,10,11,24,2300,5,2,1,1.0,6.0,06088,M,,,06
201000017223,10,11,25,1500,1,2,3,1.0,3.0,06088,M,,,06
201000017224,10,11,25,1515,1,2,1,1.0,6.0,06088,M,,,06
201000017225,10,11,26,730,1,2,1,1.0,6.0,06088,M,,,06
201000017226,10,11,26,845,1,2,1,1.0,6.0,06088,M,,,06
201000017227,10,11,26,1310,1,2,3,1.0,3.0,06088,M,,,06
201000017228,10,11,26,1410,1,2,1,9.0,6.0,06088,M,,,06
201000017229,10,11,26,2300,5,2,1,1.0,3.0,06088,M,,,06
201000017230,10,11,27,335,5,2,1,1.0,6.0,06088,M,,,06
201000017231,10,11,27,610,5,2,1,1.0,6.0,06088,M,,,06
201000017232,10,11,27,1115,1,2,2,1.0,3.0,06088,M,,,06
201000017233,10,11,27,1450,1,2,2,1.0,3.0,06088,M,,,06
201000017234,10,11,27,1610,1,2,1,2.0,6.0,06088,M,,,06
201000017235,10,11,27,2205,5,2,3,1.0,6.0,06088,M,,,06
201000017236,10,11,29,715,2,2,1,1.0,3.0,06088,M,,,06
201000017237,10,11,29,720,2,2,1,1.0,3.0,06088,M,,,06
201000017238,10,11,29,1130,1,2,1,1.0,6.0,06159,M,,,06
201000017239,10,11,29,1355,1,2,1,1.0,3.0,06088,M,,,06
201000017240,10,11,29,1600,1,2,1,1.0,3.0,06088,M,,,06
201000017241,10,11,30,715,1,2,1,1.0,2.0,06088,M,,,06
201000017242,10,11,30,830,1,2,1,1.0,3.0,06088,M,,,06
201000017243,10,11,30,1200,1,2,1,1.0,3.0,06088,M,,,06
201000017244,10,11,30,1240,1,2,1,9.0,2.0,06088,M,,,06
201000017245,10,11,30,1915,5,2,1,1.0,4.0,06088,M,,,06
201000017246,10,12,1,2130,5,2,1,1.0,2.0,06088,M,,,06
201000017247,10,12,2,830,1,2,1,1.0,2.0,06088,M,,,06
201000017248,10,12,2,1050,1,2,1,1.0,6.0,06088,M,,,06
201000017249,10,12,3,1105,1,2,1,1.0,6.0,06088,M,,,06
201000017250,10,12,3,1150,1,2,1,9.0,1.0,06088,M,,,06
201000017251,10,12,3,1205,1,2,1,1.0,6.0,06088,M,,,06
201000017252,10,12,3,1440,1,2,1,1.0,2.0,06088,M,,,06
201000017253,10,12,3,1630,1,2,2,1.0,1.0,06088,M,,,06
201000017254,10,12,4,310,5,2,2,1.0,3.0,06088,M,,,06
201000017255,10,12,4,510,5,2,1,1.0,6.0,06088,M,,,06
201000017256,10,12,4,1335,1,2,2,1.0,6.0,06088,M,,,06
201000017257,10,12,6,800,1,2,1,3.0,3.0,06159,M,,,06
201000017258,10,12,6,1630,1,2,1,2.0,3.0,06088,M,,,06
201000017259,10,12,6,1800,5,2,2,2.0,3.0,06088,M,,,06
201000017260,10,12,7,1630,1,1,1,1.0,3.0,06088,M,,,06
201000017261,10,12,7,1700,2,2,2,9.0,3.0,06088,M,,,06
201000017262,10,12,8,935,1,2,1,2.0,6.0,06088,M,,,06
201000017263,10,12,8,1210,1,2,1,1.0,3.0,06088,M,,,06
201000017264,10,12,8,1510,1,2,3,1.0,3.0,06088,M,,,06
201000017265,10,12,8,1745,1,2,2,1.0,6.0,06088,M,,,06
201000017266,10,12,8,1850,1,2,2,1.0,6.0,06088,M,,,06
201000017267,10,12,9,800,1,2,1,1.0,6.0,06088,M,,,06
201000017268,10,12,9,1040,1,2,1,1.0,6.0,06088,M,,,06
201000017269,10,12,9,1145,1,2,1,1.0,2.0,06088,M,,,06
201000017270,10,12,9,1400,1,2,1,1.0,6.0,06088,M,,,06
201000017271,10,12,9,1745,5,2,1,1.0,3.0,06088,M,,,06
201000017272,10,12,9,2050,5,2,1,1.0,6.0,06088,M,,,06
201000017273,10,12,10,730,2,2,1,1.0,3.0,06088,M,,,06
201000017274,10,12,10,825,1,2,1,1.0,3.0,06088,M,,,06
201000017275,10,12,10,830,1,2,1,1.0,6.0,06088,M,,,06
201000017276,10,12,10,1430,1,2,3,1.0,6.0,06088,M,,,06
201000017277,10,12,11,1440,1,2,1,1.0,6.0,06088,M,,,06
201000017278,10,12,11,1830,5,2,1,1.0,3.0,06088,M,,,06
201000017279,10,12,12,40,5,2,2,1.0,3.0,06088,M,,,06
201000017280,10,12,12,445,5,2,1,1.0,6.0,06088,M,,,06
201000017281,10,12,12,1415,1,2,1,1.0,2.0,06088,M,,,06
201000017282,10,12,13,830,1,2,3,1.0,3.0,06088,M,,,06
201000017283,10,12,13,1015,1,2,1,1.0,6.0,06088,M,,,06
201000017284,10,12,13,1530,1,2,1,1.0,6.0,06088,M,,,06
201000017285,10,12,13,1720,5,2,1,1.0,1.0,06088,M,,,06
201000017286,10,12,13,1751,5,2,1,1.0,3.0,06159,M,,,06
201000017287,10,12,13,1802,5,2,2,1.0,3.0,06088,M,,,06
201000017288,10,12,13,1845,2,2,1,1.0,6.0,06088,M,,,06
201000017289,10,12,14,745,1,2,1,3.0,6.0,06088,M,,,06
201000017290,10,12,14,1126,1,2,1,1.0,6.0,06088,M,,,06
201000017291,10,12,14,1845,5,2,1,1.0,3.0,06088,M,,,06
201000017292,10,12,14,1945,5,2,1,1.0,6.0,06088,M,,,06
201000017293,10,12,14,2136,5,2,2,1.0,6.0,06088,M,,,06
201000017294,10,12,15,920,1,2,1,1.0,6.0,06088,M,,,06
201000017295,10,12,15,1445,1,2,1,1.0,6.0,06088,M,,,06
201000017296,10,12,15,1820,5,2,1,1.0,6.0,06088,M,,,06
201000017297,10,12,15,2250,5,2,1,1.0,3.0,06088,M,,,06
201000017298,10,12,16,1740,5,2,1,1.0,3.0,06088,M,,,06
201000017299,10,12,17,1500,1,2,1,1.0,5.0,06088,M,,,06
201000017300,10,12,17,1515,1,2,1,1.0,2.0,06088,M,,,06
201000017301,10,12,17,1630,1,2,1,1.0,6.0,06088,M,,,06
201000017302,10,12,18,1520,1,2,1,1.0,3.0,06088,M,,,06
201000017303,10,12,18,1908,5,2,3,1.0,7.0,06088,M,,,06
201000017304,10,12,20,30,3,2,1,1.0,6.0,06088,M,,,06
201000017305,10,12,20,1030,1,2,1,1.0,6.0,06088,M,,,06
201000017306,10,12,20,1200,1,2,1,1.0,6.0,06088,M,,,06
201000017307,10,12,20,1530,1,2,3,1.0,3.0,06088,M,,,06
201000017308,10,12,20,1740,2,2,1,1.0,3.0,06088,M,,,06
201000017309,10,12,21,820,1,2,1,2.0,3.0,06088,M,,,06
201000017310,10,12,21,1820,5,1,1,3.0,2.0,06088,M,,,06
201000017311,10,12,21,1825,5,2,1,2.0,6.0,06088,M,,,06
201000017312,10,12,21,1830,5,2,1,3.0,2.0,06088,M,,,06
201000017313,10,12,22,755,5,2,1,3.0,3.0,06088,M,,,06
201000017314,10,12,22,1145,1,2,1,2.0,6.0,06088,M,,,06
201000017315,10,12,22,2320,5,2,1,1.0,6.0,06088,M,,,06
201000017316,10,12,23,715,5,2,1,1.0,2.0,06088,M,,,06
201000017317,10,12,23,1505,1,1,1,2.0,6.0,06088,M,,,06
201000017318,10,12,23,1815,5,2,1,3.0,6.0,06088,M,,,06
201000017319,10,12,23,1820,5,2,1,2.0,6.0,06088,M,,,06
201000017320,10,12,23,1734,5,2,1,2.0,4.0,06088,M,,,06
201000017321,10,12,25,259,5,2,2,2.0,3.0,06088,M,,,06
201000017322,10,12,25,1330,1,2,2,2.0,3.0,06088,M,,,06
201000017323,10,12,26,430,5,2,1,2.0,6.0,06088,M,,,06
201000017324,10,12,26,1450,1,2,1,2.0,6.0,06088,M,,,06
201000017325,10,12,27,1200,1,2,1,1.0,6.0,06088,M,,,06
201000017326,10,12,27,1450,1,2,1,1.0,3.0,06088,M,,,06
201000017327,10,12,28,1,5,2,1,1.0,6.0,06088,M,,,06
201000017328,10,12,28,1900,5,2,1,1.0,2.0,06088,M,,,06
201000017329,10,12,29,1700,1,2,1,1.0,6.0,06088,M,,,06
201000017330,10,12,30,1400,1,2,1,1.0,2.0,06088,M,,,06
201000017331,10,12,30,2050,5,2,2,1.0,3.0,06088,M,,,06
201000017332,10,12,31,915,1,2,1,1.0,6.0,06088,M,,,06
201000017333,10,4,28,1730,1,1,1,1.0,1.0,33085,M,4478300.0,-48000.0,33
201000017334,10,8,12,700,2,2,1,1.0,3.0,33085,M,4477300.0,-46200.0,33
201000017335,10,9,11,1600,1,2,1,1.0,7.0,33099,M,4481200.0,-47900.0,33
201000017336,10,11,29,830,1,1,6,1.0,6.0,33065,M,0.0,0.0,33
201000017337,10,12,13,830,2,2,1,1.0,3.0,33065,M,4481000.0,-51500.0,33
201000017338,10,12,17,1700,1,2,1,1.0,1.0,33065,M,4481900.0,-52600.0,33
201000017339,10,12,21,1615,1,1,1,2.0,1.0,33099,M,4481000.0,-48000.0,33
201000017340,10,1,12,1830,5,1,1,4.0,6.0,58207,M,4709600.0,315000.0,58
201000017341,10,5,29,2230,5,2,1,2.0,7.0,58300,M,4708800.0,319300.0,58
201000017342,10,6,24,1830,1,1,1,1.0,1.0,58207,M,4709700.0,316500.0,58
201000017343,10,6,25,1600,1,2,1,1.0,3.0,58303,M,0.0,0.0,58
201000017344,10,8,1,2130,2,1,1,1.0,7.0,58231,M,4714000.0,321000.0,58
201000017345,10,12,9,1745,3,1,1,8.0,3.0,58303,M,0.0,0.0,58
201000017346,10,6,3,900,1,1,6,1.0,3.0,21171,M,4730900.0,511800.0,21
201000017347,10,8,2,2345,5,2,1,1.0,7.0,21515,M,4731360.0,510696.0,21
201000017348,10,9,4,1900,1,1,3,1.0,3.0,21605,M,4729210.0,509099.0,21
201000017349,10,11,17,1900,5,2,1,1.0,3.0,21605,M,4729770.0,510260.0,21
201000017350,10,12,5,100,3,1,1,8.0,1.0,21171,M,4730500.0,516400.0,21
201000017351,10,9,11,1530,1,1,1,1.0,3.0,15045,M,4483440.0,299080.0,15
201000017352,10,12,13,1645,1,1,1,1.0,3.0,15216,M,4471730.0,301737.0,15
201000017353,10,1,30,1230,1,2,1,1.0,6.0,13025,M,4348620.0,556935.0,13
201000017354,10,4,16,900,1,1,1,7.0,2.0,13025,M,4348960.0,554566.0,13
201000017355,10,5,21,1745,1,1,1,1.0,5.0,13040,M,4347280.0,557810.0,13
201000017356,10,6,16,800,1,1,1,1.0,3.0,13087,M,4347620.0,561957.0,13
201000017357,10,6,21,1415,1,1,1,1.0,3.0,13087,M,4348670.0,560711.0,13
201000017358,10,7,15,1815,1,1,1,1.0,3.0,13040,M,4347970.0,555244.0,13
201000017359,10,8,23,615,2,1,1,1.0,7.0,13025,M,,,13
201000017360,10,9,15,1745,1,1,1,1.0,2.0,13040,M,4345970.0,554641.0,13
201000017361,10,10,5,930,1,1,1,1.0,5.0,13087,M,4346590.0,554508.0,13
201000017362,10,11,4,1115,1,2,7,1.0,6.0,13087,M,4348500.0,562300.0,13
201000017363,10,1,15,1915,3,1,1,1.0,6.0,47302,M,4407140.0,16535.0,47
201000017364,10,1,18,1100,1,1,1,1.0,6.0,47195,M,0.0,0.0,47
201000017365,10,3,21,1230,1,1,1,1.0,3.0,47302,M,0.0,0.0,47
201000017366,10,4,12,845,1,2,1,1.0,6.0,47102,M,0.0,0.0,47
201000017367,10,4,23,1600,1,1,6,1.0,7.0,47207,M,0.0,0.0,47
201000017368,10,6,13,2100,1,1,1,1.0,6.0,47167,M,0.0,0.0,47
201000017369,10,6,24,1530,1,1,1,1.0,6.0,47097,M,4422100.0,37600.0,47
201000017370,10,7,10,2000,1,2,1,1.0,6.0,47195,M,0.0,0.0,47
201000017371,10,7,11,45,3,1,1,1.0,6.0,47021,M,0.0,0.0,47
201000017372,10,8,23,1730,1,2,7,1.0,7.0,47195,M,4413480.0,34215.0,47
201000017373,10,8,27,1030,1,1,3,1.0,3.0,47143,M,4418850.0,27981.0,47
201000017374,10,8,29,1100,1,1,1,1.0,6.0,47195,M,4411830.0,34564.0,47
201000017375,10,10,17,545,3,1,1,1.0,6.0,47097,M,4421550.0,37960.0,47
201000017376,10,10,31,130,3,1,1,1.0,1.0,47195,M,4410050.0,35524.0,47
201000017377,10,11,8,1400,1,1,1,3.0,5.0,47174,M,4402200.0,35928.0,47
201000017378,10,1,6,1640,1,2,9,1.0,6.0,07010,M,,,07
201000017379,10,1,6,1050,1,2,1,1.0,6.0,07010,M,,,07
201000017380,10,3,17,710,1,2,9,1.0,6.0,07010,M,,,07
201000017381,10,4,8,1010,1,2,1,1.0,5.0,07010,M,,,07
201000017382,10,4,27,1705,1,2,3,1.0,3.0,07010,M,,,07
201000017383,10,5,9,330,3,2,1,1.0,7.0,07010,M,,,07
201000017384,10,5,12,1530,1,1,1,3.0,6.0,07078,M,,,07
201000017385,10,5,15,1600,1,2,1,1.0,2.0,07078,M,,,07
201000017386,10,7,5,1145,1,2,1,1.0,1.0,07010,M,,,07
201000017387,10,7,13,1055,1,2,1,1.0,1.0,07010,M,,,07
201000017388,10,7,16,1045,1,2,1,1.0,6.0,07010,M,,,07
201000017389,10,10,12,740,1,2,9,1.0,6.0,07010,M,,,07
201000017390,10,11,3,1703,2,2,1,1.0,6.0,07010,M,,,07
201000017391,10,11,4,1710,1,2,3,1.0,5.0,07010,M,,,07
201000017392,10,2,17,1850,5,2,1,2.0,6.0,07019,M,,,07
201000017393,10,3,3,2100,3,1,1,2.0,5.0,07019,M,,,07
201000017394,10,3,11,1815,1,2,6,1.0,3.0,07019,M,4437500.0,423370.0,07
201000017395,10,7,24,1720,1,1,1,1.0,3.0,07019,M,,,07
201000017396,10,7,30,1150,1,2,1,1.0,6.0,07231,M,,,07
201000017397,10,8,6,345,3,2,1,1.0,7.0,07231,M,,,07
201000017398,10,12,24,2125,3,2,1,1.0,1.0,07116,M,,,07
201000017399,10,1,19,1615,1,2,1,1.0,6.0,07281,M,,,07
201000017400,10,2,26,1730,1,2,1,1.0,2.0,07281,M,,,07
201000017401,10,3,5,1145,1,1,1,1.0,3.0,07281,M,,,07
201000017402,10,3,10,1250,1,1,1,1.0,3.0,07281,M,,,07
201000017403,10,3,12,1930,3,1,1,1.0,1.0,07281,M,,,07
201000017404,10,4,18,350,5,2,1,1.0,6.0,07102,M,,,07
201000017405,10,4,17,250,5,2,1,1.0,6.0,07281,M,,,07
201000017406,10,5,9,210,3,1,1,1.0,6.0,07281,M,,,07
201000017407,10,5,16,1230,1,1,1,1.0,1.0,07281,M,,,07
201000017408,10,6,15,1340,1,1,1,2.0,1.0,07281,M,,,07
201000017409,10,6,16,1221,1,1,1,1.0,3.0,07281,M,,,07
201000017410,10,7,5,1800,1,2,2,1.0,3.0,07102,M,,,07
201000017411,10,7,15,1135,1,1,1,1.0,3.0,07316,M,,,07
201000017412,10,7,20,2010,1,2,2,1.0,3.0,07102,M,,,07
201000017413,10,12,31,2115,3,1,1,2.0,5.0,11202,M,4290500.0,305100.0,11
201000017414,10,3,14,2000,3,1,1,6.0,7.0,11144,M,4288100.0,299100.0,11
201000017415,10,4,19,400,3,1,1,1.0,6.0,11202,M,0.0,0.0,11
201000017416,10,7,24,830,1,2,1,6.0,1.0,11202,M,4285400.0,304500.0,11
201000017417,10,8,1,1930,1,1,1,2.0,5.0,11202,M,4288600.0,304600.0,11
201000017418,10,8,21,2145,3,1,1,1.0,5.0,11202,M,4288700.0,304700.0,11
201000017419,10,9,15,315,5,2,1,1.0,6.0,11202,M,4285300.0,304300.0,11
201000017420,10,11,16,1530,1,1,1,1.0,3.0,11086,M,4294000.0,299500.0,11
201000017421,10,12,20,915,1,1,1,8.0,7.0,11202,M,4294200.0,299400.0,11
201000017422,10,1,24,245,3,1,1,2.0,6.0,57041,M,0.0,0.0,57
201000017423,10,4,24,1030,1,1,1,1.0,1.0,57038,M,4944500.0,594900.0,57
201000017424,10,5,8,1900,1,2,1,1.0,6.0,57565,M,0.0,0.0,57
201000017425,10,6,5,1845,1,1,1,1.0,3.0,57041,M,4941100.0,593100.0,57
201000017426,10,9,3,1115,1,2,1,1.0,3.0,57529,M,4945300.0,602500.0,57
201000017427,10,9,28,2300,3,1,1,2.0,1.0,57226,M,0.0,0.0,57
201000017428,10,10,7,2030,3,1,1,1.0,6.0,57678,M,4940800.0,596400.0,57
201000017429,10,12,28,2200,3,1,1,1.0,1.0,57096,M,4936800.0,594400.0,57