Num_Acc,an,mois,jour,hrmn,lum,agg,int,atm,col,com,gps,lat,long,dep
201000017430,10,1,31,630,3,1,1,4.0,6.0,07146,M,,,07
201000017431,10,3,23,755,1,2,1,1.0,6.0,07186,M,,,07
201000017432,10,4,9,1935,1,2,1,1.0,1.0,07186,M,,,07
201000017433,10,7,9,1840,1,1,1,1.0,3.0,07008,M,,,07
201000017434,10,7,14,1818,1,1,1,1.0,1.0,07008,M,,,07
201000017435,10,7,14,1900,1,2,2,1.0,3.0,07186,M,,,07
201000017436,10,9,8,1424,1,2,1,1.0,2.0,07186,M,,,07
201000017437,10,9,24,1640,1,1,1,2.0,2.0,07008,M,,,07
201000017438,10,10,5,650,3,1,1,9.0,7.0,07008,M,,,07
201000017439,10,10,7,840,1,1,1,1.0,3.0,07072,M,4444000.0,437000.0,07
201000017440,10,12,21,1740,3,1,1,3.0,3.0,07072,M,,,07
201000017441,10,1,30,1915,5,1,2,1.0,3.0,34134,M,4359011.0,380099.0,34
201000017442,10,2,3,1145,1,1,2,1.0,3.0,34134,M,4359005.0,380087.0,34
201000017443,10,2,14,330,3,1,6,1.0,6.0,34202,M,4358807.0,380886.0,34
201000017444,10,2,25,2145,5,2,1,1.0,3.0,34123,M,4361416.0,381558.0,34
201000017445,10,3,12,830,1,1,1,1.0,3.0,34163,M,4363475.0,371779.0,34
201000017446,10,3,27,1730,1,2,1,1.0,3.0,34202,M,4358900.0,376200.0,34
201000017447,10,3,27,1415,1,2,1,1.0,3.0,34202,M,4358610.0,376410.0,34
201000017448,10,4,5,1345,1,1,1,1.0,2.0,34202,M,4357809.0,376040.0,34
201000017449,10,4,13,1430,1,2,1,1.0,6.0,34123,M,4361287.0,380926.0,34
201000017450,10,5,12,1930,1,2,1,1.0,1.0,34259,M,4361408.0,378523.0,34
201000017451,10,6,17,1930,1,2,1,1.0,7.0,34123,M,4361400.0,380200.0,34
201000017452,10,7,6,1700,1,1,1,1.0,6.0,34259,M,4366884.0,369361.0,34
201000017453,10,7,9,1330,1,2,1,1.0,6.0,34123,M,4362671.0,379876.0,34
201000017454,10,8,27,1000,1,2,1,1.0,3.0,34123,M,4361800.0,381100.0,34
201000017455,10,10,28,1545,1,1,1,1.0,7.0,34134,M,4357963.0,379244.0,34
201000017456,10,11,22,830,1,2,1,1.0,3.0,34202,M,4358600.0,375700.0,34
201000017457,10,11,29,715,2,1,1,9.0,1.0,34134,M,0.0,0.0,34
201000017458,10,12,22,1200,1,1,1,8.0,7.0,34202,M,0.0,0.0,34
201000017459,10,4,2,130,3,1,1,2.0,7.0,35051,M,0.0,0.0,35
201000017460,10,4,12,1545,1,1,1,1.0,6.0,35051,M,0.0,0.0,35
201000017461,10,4,30,1530,1,2,1,1.0,3.0,35051,M,0.0,0.0,35
201000017462,10,6,21,1745,1,2,6,1.0,3.0,35051,M,4811900.0,-163300.0,35
201000017463,10,10,6,1915,1,2,1,1.0,6.0,35051,M,0.0,0.0,35
201000017464,10,10,9,1130,1,2,1,1.0,2.0,35051,M,0.0,0.0,35
201000017465,10,11,16,2100,3,1,1,1.0,7.0,35051,M,0.0,0.0,35
201000017466,10,11,18,1930,4,2,9,1.0,6.0,35051,M,0.0,0.0,35
201000017467,10,2,17,330,3,1,6,1.0,6.0,11397,M,0.0,0.0,11
201000017468,10,3,29,800,1,1,1,1.0,1.0,11068,M,0.0,0.0,11
201000017469,10,4,11,1045,1,1,1,1.0,6.0,11261,M,0.0,0.0,11
201000017470,10,4,15,330,5,2,1,1.0,6.0,11397,M,0.0,0.0,11
201000017471,10,5,5,1830,1,2,1,8.0,1.0,11397,M,4321500.0,245300.0,11
201000017472,10,7,8,1830,1,1,1,1.0,6.0,11257,M,0.0,0.0,11
201000017473,10,8,9,1745,1,1,3,1.0,3.0,11397,M,0.0,0.0,11
201000017474,10,10,24,1425,1,2,9,1.0,1.0,11397,M,0.0,0.0,11
201000017475,10,11,8,145,3,1,1,2.0,6.0,11397,M,0.0,0.0,11
201000017476,10,11,24,2145,3,1,1,1.0,6.0,11397,M,4320900.0,242000.0,11
201000017477,10,4,23,1345,1,1,1,1.0,1.0,23079,M,4590200.0,218500.0,23
201000017478,10,9,7,845,1,1,1,2.0,6.0,23257,M,0.0,0.0,23
201000017479,10,9,18,1200,1,1,1,1.0,1.0,23257,M,4593600.0,205200.0,23
201000017480,10,12,11,1100,1,1,1,9.0,7.0,23140,M,0.0,0.0,23
201000017481,10,2,4,615,2,1,1,1.0,2.0,28363,M,4841760.0,189849.0,28
201000017482,10,3,14,925,1,1,1,1.0,6.0,78564,M,4852520.0,190767.0,78
201000017483,10,4,1,1415,1,1,1,1.0,7.0,28092,M,4835770.0,187703.0,28
201000017484,10,4,9,1615,1,1,1,1.0,6.0,78537,M,4856330.0,196456.0,78
201000017485,10,4,16,2315,3,1,1,1.0,2.0,28363,M,4841410.0,189740.0,28
201000017486,10,4,17,1815,1,1,1,1.0,7.0,28363,M,4841040.0,189625.0,28
201000017487,10,4,27,1730,1,1,1,1.0,6.0,78003,M,4853800.0,188286.0,78
201000017488,10,4,28,615,2,1,1,1.0,6.0,91634,M,,,91
201000017489,10,5,17,200,3,1,1,1.0,7.0,28092,M,4836700.0,188254.0,28
201000017490,10,5,22,1045,1,1,1,1.0,2.0,91111,M,0.0,0.0,91
201000017491,10,6,6,1645,1,1,1,1.0,6.0,78003,M,4853420.0,186636.0,78
201000017492,10,7,14,615,2,1,1,1.0,6.0,78499,M,4854310.0,190503.0,78
201000017493,10,7,13,2030,1,1,1,1.0,6.0,78009,M,4846600.0,191301.0,78
201000017494,10,8,2,1000,1,1,1,1.0,6.0,78506,M,0.0,0.0,78
201000017495,10,8,30,830,1,1,1,1.0,6.0,78009,M,0.0,0.0,78
201000017496,10,9,2,1415,1,1,1,1.0,6.0,78009,M,4846100.0,191000.0,78
201000017497,10,9,8,1415,1,1,9,2.0,3.0,78499,M,0.0,0.0,78
201000017498,10,9,7,1600,1,1,1,8.0,2.0,91200,M,0.0,0.0,91
201000017499,10,9,19,45,3,1,1,1.0,6.0,28026,M,4832200.0,186343.0,28
201000017500,10,9,25,1600,1,1,1,1.0,6.0,78564,M,0.0,0.0,78
201000017501,10,10,12,1200,1,1,1,1.0,6.0,78564,M,0.0,0.0,78
201000017502,10,10,15,1715,1,1,1,1.0,2.0,28363,M,4842240.0,190018.0,28
201000017503,10,10,11,845,1,1,9,1.0,2.0,78349,M,0.0,0.0,78
201000017504,10,10,25,1500,1,1,1,1.0,7.0,78009,M,0.0,0.0,78
201000017505,10,11,11,630,1,1,1,2.0,5.0,91363,M,4865200.0,216800.0,91
201000017506,10,11,11,115,5,1,1,1.0,6.0,78537,M,0.0,0.0,78
201000017507,10,11,12,1430,1,1,1,2.0,2.0,28092,M,4836320.0,188027.0,28
201000017508,10,11,17,1615,1,1,1,1.0,6.0,78349,M,4856700.0,196000.0,78
201000017509,10,12,12,1900,3,1,1,1.0,6.0,28092,M,4834240.0,186912.0,28
201000017510,10,12,28,2245,3,1,1,5.0,4.0,91363,M,4865900.0,217900.0,91
201000017511,10,4,16,200,3,1,1,1.0,6.0,51660,M,0.0,0.0,51
201000017512,10,5,10,1815,1,2,1,1.0,1.0,51043,M,0.0,0.0,51
201000017513,10,5,19,1830,1,2,1,1.0,6.0,51329,M,0.0,0.0,51
201000017514,10,6,9,1530,1,1,1,3.0,7.0,51299,M,0.0,0.0,51
201000017515,10,6,17,2130,1,2,1,1.0,7.0,51518,M,0.0,0.0,51
201000017516,10,6,18,1545,1,2,1,1.0,6.0,51145,M,0.0,0.0,51
201000017517,10,8,21,1930,1,1,3,1.0,3.0,51662,M,0.0,0.0,51
201000017518,10,9,12,1645,1,2,1,1.0,6.0,51101,M,0.0,0.0,51
201000017519,10,10,10,1630,1,1,3,1.0,1.0,51660,M,0.0,0.0,51
201000017520,10,10,28,730,3,1,1,1.0,5.0,51329,M,0.0,0.0,51
201000017521,10,12,4,515,3,1,1,8.0,6.0,51329,M,0.0,0.0,51
201000017522,10,2,1,1630,1,2,1,1.0,3.0,69064,M,0.0,0.0,69
201000017523,10,6,23,1845,1,2,1,1.0,3.0,69007,M,0.0,0.0,69
201000017524,10,7,11,1030,1,2,1,1.0,1.0,69235,M,0.0,0.0,69
201000017525,10,8,2,1215,1,1,1,1.0,3.0,69253,M,0.0,0.0,69
201000017526,10,8,22,610,2,2,1,1.0,6.0,69064,M,,,69
201000017527,10,8,20,1615,1,1,1,1.0,1.0,69235,M,0.0,0.0,69
201000017528,10,9,16,1725,1,2,9,1.0,6.0,69007,M,,,69
201000017529,10,10,28,1415,1,2,1,1.0,5.0,69064,M,0.0,0.0,69
201000017530,10,11,10,2245,5,2,1,1.0,6.0,69007,M,0.0,0.0,69
201000017531,10,11,12,1315,1,2,1,1.0,6.0,69252,M,,,69
201000017532,10,11,28,430,3,1,1,1.0,1.0,69064,M,0.0,0.0,69
201000017533,10,11,29,1400,1,2,1,1.0,4.0,69007,M,0.0,0.0,69
201000017534,10,1,20,700,2,1,1,2.0,2.0,37050,M,0.0,0.0,37
201000017535,10,2,20,1615,1,1,1,1.0,2.0,37018,M,4733560.0,62247.0,37
201000017536,10,2,26,1630,1,1,1,1.0,1.0,37243,M,4735080.0,56360.0,37
201000017537,10,4,15,1430,1,2,6,1.0,7.0,37050,M,,,37
201000017538,10,6,7,1515,1,2,1,1.0,5.0,37050,M,0.0,0.0,37
201000017539,10,6,10,1515,1,2,2,1.0,3.0,37018,M,0.0,0.0,37
201000017540,10,6,14,1715,1,2,1,1.0,1.0,37050,M,0.0,0.0,37
201000017541,10,6,27,1830,1,1,1,1.0,7.0,37272,M,0.0,0.0,37
201000017542,10,7,5,1845,1,1,6,1.0,7.0,37050,M,4732960.0,70699.0,37
201000017543,10,9,6,1800,1,1,1,1.0,3.0,37018,M,4736310.0,62786.0,37
201000017544,10,9,16,915,1,1,1,1.0,2.0,37243,M,4734560.0,53041.0,37
201000017545,10,10,12,1830,1,2,3,1.0,6.0,37050,M,0.0,0.0,37
201000017546,10,11,16,1530,1,2,1,3.0,3.0,37050,M,0.0,0.0,37
201000017547,10,11,25,100,3,2,1,3.0,7.0,37050,M,4733610.0,70486.0,37
201000017548,10,11,26,930,2,1,1,1.0,1.0,37099,M,0.0,0.0,37
201000017549,10,1,20,1030,1,1,1,7.0,6.0,29137,M,4785819.0,-354484.0,29
201000017550,10,2,7,1430,1,1,1,1.0,7.0,29080,M,4832842.0,-424174.0,29
201000017551,10,2,13,1715,1,2,1,1.0,1.0,29140,M,4837600.0,-430734.0,29
201000017552,10,4,3,1315,1,2,1,2.0,3.0,29189,M,4836537.0,-437401.0,29
201000017553,10,4,8,745,1,2,6,1.0,2.0,29189,M,4836761.0,-437206.0,29
201000017554,10,4,26,1745,1,1,1,1.0,3.0,29045,M,4842004.0,-424166.0,29
201000017555,10,5,23,1900,1,1,1,1.0,1.0,29078,M,4835413.0,-412102.0,29
201000017556,10,6,24,1945,1,1,1,7.0,2.0,29140,M,4837611.0,-431448.0,29
201000017557,10,7,1,1415,1,1,1,1.0,6.0,29270,M,4837989.0,-425735.0,29
201000017558,10,7,30,1315,1,1,1,1.0,1.0,29189,M,4836765.0,-439507.0,29
201000017559,10,9,16,1330,1,1,1,1.0,3.0,29045,M,4840478.0,-422935.0,29
201000017560,10,1,23,2045,3,1,1,2.0,6.0,33005,M,0.0,0.0,33
201000017561,10,4,20,115,5,2,1,1.0,6.0,33229,M,4471100.0,-104699.0,33
201000017562,10,4,19,30,5,2,1,1.0,7.0,33005,M,4474300.0,-109500.0,33
201000017563,10,5,20,2030,2,1,6,1.0,7.0,33229,M,4478300.0,-101699.0,33
201000017564,10,5,23,1215,1,1,1,1.0,3.0,33229,M,4482000.0,-95200.0,33
201000017565,10,6,4,1315,1,2,1,1.0,3.0,33005,M,4475100.0,-109900.0,33
201000017566,10,6,5,1045,1,1,1,1.0,3.0,33229,M,4478400.0,-96700.0,33
201000017567,10,6,27,900,1,2,1,1.0,1.0,33229,M,0.0,0.0,33
201000017568,10,7,27,1815,1,1,1,1.0,3.0,33229,M,4471000.0,-102400.0,33
201000017569,10,8,20,1400,1,1,1,1.0,1.0,33229,M,0.0,0.0,33
201000017570,10,12,27,2100,5,2,1,1.0,7.0,33229,M,4471000.0,-104499.0,33
201000017571,10,1,15,2145,3,1,1,8.0,6.0,60172,M,0.0,0.0,60
201000017572,10,2,23,2100,3,1,1,1.0,7.0,60505,M,4916400.0,255300.0,60
201000017573,10,4,12,1300,1,1,1,1.0,5.0,60505,M,0.0,0.0,60
201000017574,10,8,22,130,3,1,1,2.0,6.0,60482,M,0.0,0.0,60
201000017575,10,9,12,115,3,1,1,1.0,6.0,60142,M,4913600.0,251700.0,60
201000017576,10,12,27,900,1,2,1,1.0,1.0,60142,M,4913900.0,253100.0,60
201000017577,10,1,10,1315,1,2,1,1.0,6.0,73257,M,,,73
201000017578,10,1,25,2200,3,1,1,1.0,7.0,73257,M,,,73
201000017579,10,1,2,1415,1,1,1,1.0,3.0,77333,M,0.0,0.0,77
201000017580,10,2,10,1650,1,1,1,4.0,5.0,77333,M,0.0,0.0,77
201000017581,10,2,12,430,3,1,1,9.0,6.0,77477,M,0.0,0.0,77
201000017582,10,2,11,1030,1,1,1,4.0,6.0,77477,M,0.0,0.0,77
201000017583,10,3,30,1845,1,1,1,6.0,6.0,77407,M,0.0,0.0,77
201000017584,10,4,21,900,1,1,9,1.0,7.0,77065,M,4847300.0,254100.0,77
201000017585,10,5,9,900,1,1,1,1.0,1.0,77069,M,4846100.0,260300.0,77
201000017586,10,5,22,1630,1,1,1,1.0,6.0,77333,M,4817200.0,276700.0,77
201000017587,10,6,1,1800,1,1,1,3.0,7.0,77359,M,4848300.0,251600.0,77
201000017588,10,6,4,915,1,1,1,1.0,1.0,77006,M,4841000.0,255300.0,77
201000017589,10,6,21,1500,1,1,1,1.0,2.0,77006,M,0.0,0.0,77
201000017590,10,8,5,2030,1,1,1,1.0,1.0,77407,M,4849500.0,251400.0,77
201000017591,10,10,17,1800,1,1,1,1.0,6.0,77407,M,4855100.0,249600.0,77
201000017592,10,12,28,745,1,1,1,1.0,2.0,77359,M,4847600.0,250700.0,77
201000017593,10,2,17,2000,3,1,1,2.0,6.0,89277,M,0.0,0.0,89
201000017594,10,4,2,1930,1,1,1,3.0,6.0,89197,M,0.0,0.0,89
201000017595,10,4,9,1215,1,1,1,1.0,7.0,89277,M,0.0,0.0,89
201000017596,10,4,29,1130,1,1,1,1.0,7.0,89208,M,0.0,0.0,89
201000017597,10,6,27,800,1,1,1,1.0,6.0,89316,M,0.0,0.0,89
201000017598,10,1,28,745,5,1,1,1.0,2.0,62624,M,5042400.0,298600.0,62
201000017599,10,2,28,1745,1,1,1,6.0,7.0,62754,M,5018700.0,287300.0,62
201000017600,10,5,9,45,3,1,1,1.0,7.0,62708,M,5009600.0,287200.0,62
201000017601,10,5,19,415,3,1,1,1.0,6.0,62728,M,5023200.0,306200.0,62
201000017602,10,6,4,1300,1,1,1,1.0,2.0,62761,M,0.0,0.0,62
201000017603,10,6,19,1200,1,1,1,1.0,3.0,62080,M,0.0,0.0,62
201000017604,10,7,2,245,3,1,1,1.0,7.0,62680,M,5037000.0,296700.0,62
201000017605,10,7,2,1100,1,1,1,1.0,7.0,62121,M,5012700.0,287200.0,62
201000017606,10,9,15,30,3,1,1,2.0,6.0,62761,M,5024000.0,285600.0,62
201000017607,10,9,18,630,3,1,1,1.0,7.0,62594,M,0.0,0.0,62
201000017608,10,12,10,1545,1,1,1,1.0,6.0,62829,M,5006700.0,287400.0,62
201000017609,10,12,14,600,3,1,1,1.0,7.0,62427,M,5038200.0,297700.0,62
201000017610,10,12,25,500,5,1,1,4.0,6.0,62369,M,5033900.0,292200.0,62
201000017611,10,12,28,445,3,1,1,9.0,2.0,62754,M,0.0,0.0,62
201000017612,10,12,28,515,5,1,1,9.0,5.0,62582,M,5027500.0,287000.0,62
201000017613,10,12,28,430,3,1,1,9.0,3.0,62080,M,0.0,0.0,62
201000017614,10,2,1,945,1,1,1,9.0,6.0,80288,M,0.0,0.0,80
201000017615,10,2,5,2130,5,1,9,1.0,6.0,80002,M,0.0,0.0,80
201000017616,10,2,15,1245,1,1,1,1.0,3.0,80307,M,0.0,0.0,80
201000017617,10,3,13,715,1,1,1,1.0,7.0,80521,M,0.0,0.0,80
201000017618,10,3,15,100,3,1,1,1.0,2.0,80359,M,0.0,0.0,80
201000017619,10,4,11,815,1,1,1,1.0,7.0,80359,M,0.0,0.0,80
201000017620,10,4,11,1045,1,1,1,1.0,6.0,80090,M,0.0,0.0,80
201000017621,10,4,28,1615,1,1,1,1.0,2.0,80359,M,0.0,0.0,80
201000017622,10,5,7,430,3,1,9,1.0,3.0,80359,M,0.0,0.0,80
201000017623,10,5,28,715,1,1,1,1.0,2.0,80033,M,0.0,0.0,80
201000017624,10,5,26,1015,1,1,1,1.0,6.0,80467,M,0.0,0.0,80
201000017625,10,6,2,1200,1,1,1,1.0,6.0,80658,M,0.0,0.0,80
201000017626,10,6,4,345,3,1,1,1.0,2.0,80002,M,0.0,0.0,80
201000017627,10,6,6,1715,1,1,1,1.0,6.0,80467,M,0.0,0.0,80
201000017628,10,6,10,800,1,1,1,1.0,3.0,80204,M,0.0,0.0,80
201000017629,10,7,2,1530,1,1,1,7.0,6.0,80467,M,0.0,0.0,80
201000017630,10,7,8,745,1,1,1,1.0,4.0,80204,M,0.0,0.0,80
201000017631,10,8,21,2015,1,1,1,1.0,3.0,80204,M,0.0,0.0,80
201000017632,10,8,30,1330,1,1,1,1.0,7.0,80521,M,0.0,0.0,80
201000017633,10,10,20,245,5,1,1,1.0,3.0,80307,M,0.0,0.0,80
201000017634,10,10,30,330,3,1,1,1.0,1.0,80313,M,0.0,0.0,80
201000017635,10,11,3,2200,3,1,1,1.0,3.0,80685,M,0.0,0.0,80
201000017636,10,11,8,1445,1,1,1,3.0,6.0,80430,M,0.0,0.0,80
201000017637,10,12,17,515,3,1,1,8.0,2.0,80521,M,0.0,0.0,80
201000017638,10,12,29,1230,1,1,1,2.0,6.0,80307,M,0.0,0.0,80
201000017639,10,1,29,1300,1,1,1,1.0,2.0,71073,M,0.0,0.0,71
201000017640,10,5,12,1700,1,1,1,1.0,1.0,71269,M,0.0,0.0,71
201000017641,10,6,29,1845,1,1,1,1.0,2.0,71520,M,0.0,0.0,71
201000017642,10,2,25,415,3,1,1,1.0,3.0,71150,M,0.0,0.0,71
201000017643,10,3,21,230,3,1,1,1.0,6.0,71090,M,0.0,0.0,71
201000017644,10,3,25,345,3,1,1,1.0,2.0,71383,M,0.0,0.0,71
201000017645,10,4,8,1230,1,1,1,1.0,7.0,71150,M,0.0,0.0,71
201000017646,10,6,11,2045,2,1,1,3.0,2.0,71150,M,0.0,0.0,71
201000017647,10,6,11,1915,1,1,1,2.0,6.0,71543,M,0.0,0.0,71
201000017648,10,6,13,45,3,1,1,1.0,2.0,71305,M,0.0,0.0,71
201000017649,10,6,15,215,3,1,1,2.0,4.0,71270,M,0.0,0.0,71
201000017650,10,7,1,1515,1,1,1,1.0,6.0,71481,M,0.0,0.0,71
201000017651,10,7,19,1100,1,1,1,7.0,6.0,71543,M,0.0,0.0,71
201000017652,10,7,25,1945,1,1,1,1.0,2.0,71543,M,0.0,0.0,71
201000017653,10,7,26,1145,1,1,1,7.0,7.0,71576,M,0.0,0.0,71
201000017654,10,7,31,730,1,1,1,1.0,6.0,71481,M,0.0,0.0,71
201000017655,10,8,5,100,3,1,1,1.0,3.0,71150,M,0.0,0.0,71
201000017656,10,9,10,2015,3,1,1,1.0,6.0,71481,M,0.0,0.0,71
201000017657,10,9,23,1630,1,1,1,1.0,5.0,71481,M,0.0,0.0,71
201000017658,10,10,13,45,3,1,1,1.0,6.0,71543,M,0.0,0.0,71
201000017659,10,12,27,1245,1,1,1,1.0,6.0,71090,M,0.0,0.0,71
201000017660,10,2,18,815,1,1,1,1.0,6.0,89024,M,0.0,0.0,89
201000017661,10,3,6,645,2,1,1,8.0,6.0,89366,M,0.0,0.0,89
201000017662,10,3,24,430,3,1,1,1.0,4.0,89341,M,0.0,0.0,89
201000017663,10,3,25,1830,1,1,1,3.0,6.0,89263,M,0.0,0.0,89
201000017664,10,3,27,1900,3,1,1,2.0,2.0,89108,M,0.0,0.0,89
201000017665,10,4,4,915,1,1,1,2.0,7.0,89263,M,0.0,0.0,89
201000017666,10,4,15,2300,3,1,1,1.0,2.0,89484,M,0.0,0.0,89
201000017667,10,6,14,1445,1,1,1,8.0,6.0,89484,M,0.0,0.0,89
201000017668,10,6,24,1500,1,1,1,1.0,6.0,89163,M,0.0,0.0,89
201000017669,10,6,28,1200,1,1,1,1.0,7.0,89438,M,0.0,0.0,89
201000017670,10,1,29,1315,1,1,1,1.0,3.0,13051,M,4358270.0,520663.0,13
201000017671,10,2,8,715,3,1,1,1.0,5.0,13049,M,4370430.0,509816.0,13
201000017672,10,3,18,1445,1,1,1,1.0,6.0,13018,M,4385920.0,497666.0,13
201000017673,10,4,2,1130,1,1,1,1.0,1.0,13051,M,4358940.0,519150.0,13
201000017674,10,4,5,1615,1,1,1,1.0,3.0,13118,M,4355800.0,522898.0,13
201000017675,10,4,24,1615,1,1,1,1.0,6.0,13018,M,4387500.0,494664.0,13
201000017676,10,5,1,1045,1,1,1,1.0,5.0,13103,M,4366430.0,509828.0,13
201000017677,10,5,6,2330,3,1,1,1.0,6.0,13037,M,4356120.0,522802.0,13
201000017678,10,5,13,545,3,1,1,2.0,6.0,13114,M,4355480.0,528677.0,13
201000017679,10,6,29,1530,1,1,1,1.0,2.0,13051,M,4359440.0,517145.0,13
201000017680,10,7,20,1545,1,1,1,1.0,7.0,13018,M,4386620.0,496890.0,13
201000017681,10,7,22,130,3,1,1,1.0,4.0,13066,M,4387780.0,493420.0,13
201000017682,10,7,26,800,1,1,1,1.0,7.0,13069,M,4360660.0,514978.0,13
201000017683,10,7,26,800,1,1,1,1.0,5.0,13103,M,4367220.0,509604.0,13
201000017684,10,8,1,2230,3,1,1,1.0,2.0,13051,M,4359860.0,515872.0,13
201000017685,10,8,14,915,1,1,1,1.0,2.0,13103,M,4362600.0,509169.0,13
201000017686,10,8,21,930,1,1,1,1.0,1.0,13051,M,4358770.0,519854.0,13
201000017687,10,8,21,1545,1,1,1,1.0,2.0,13103,M,4362750.0,510644.0,13
201000017688,10,8,26,1130,1,1,1,1.0,5.0,13076,M,4383170.0,500899.0,13
201000017689,10,9,2,900,1,1,1,1.0,6.0,13103,M,4365110.0,510873.0,13
201000017690,10,9,12,645,2,1,1,1.0,2.0,13105,M,4374880.0,508512.0,13
201000017691,10,9,30,1145,1,1,1,1.0,6.0,13051,M,4357780.0,521045.0,13
201000017692,10,11,2,1315,1,1,1,1.0,2.0,13112,M,4351730.0,522967.0,13
201000017693,10,11,17,1330,1,1,1,1.0,2.0,13051,M,4359540.0,516819.0,13
201000017694,10,11,20,1045,1,1,1,1.0,5.0,13103,M,4367840.0,509572.0,13
201000017695,10,11,28,1915,3,1,1,1.0,4.0,13051,M,4356210.0,522767.0,13
201000017696,10,12,5,2115,3,1,1,2.0,6.0,13103,M,4362670.0,512129.0,13
201000017697,10,12,10,1315,1,1,1,1.0,4.0,13103,M,0.0,0.0,13
201000017698,10,12,19,1830,3,1,1,8.0,5.0,13018,M,0.0,0.0,13
201000017699,10,12,21,1730,3,1,1,3.0,5.0,13037,M,4356370.0,522673.0,13
201000017700,10,12,13,800,1,1,1,1.0,4.0,13103,M,4364500.0,507699.0,13
201000017701,10,1,23,1345,1,1,1,1.0,6.0,84081,M,0.0,0.0,84
201000017702,10,8,6,1615,1,1,1,1.0,1.0,30221,M,4401907.0,473325.0,30
201000017703,10,8,21,900,1,1,1,1.0,7.0,84078,M,4425500.0,471200.0,84
201000017704,10,12,4,115,4,1,1,1.0,7.0,84078,M,4422900.0,471400.0,84
201000017705,10,3,15,1830,1,1,1,1.0,1.0,83004,M,0.0,0.0,83
201000017706,10,3,19,2115,3,1,1,1.0,2.0,83130,M,0.0,0.0,83
201000017707,10,4,19,2345,3,1,1,1.0,7.0,83023,M,0.0,0.0,83
201000017708,10,5,11,1845,1,1,1,1.0,6.0,83031,M,0.0,0.0,83
201000017709,10,5,28,345,3,1,1,1.0,6.0,83026,M,0.0,0.0,83
201000017710,10,6,21,1000,1,1,1,1.0,4.0,83107,M,0.0,0.0,83
201000017711,10,6,26,1345,1,1,1,1.0,1.0,83026,M,0.0,0.0,83
201000017712,10,7,14,30,3,1,1,1.0,7.0,83031,M,0.0,0.0,83
201000017713,10,7,15,1545,1,1,1,1.0,2.0,83023,M,0.0,0.0,83
201000017714,10,7,16,1100,1,1,1,1.0,4.0,83061,M,0.0,0.0,83
201000017715,10,8,29,2100,3,1,1,1.0,3.0,83049,M,0.0,0.0,83
201000017716,10,9,8,1600,1,1,1,1.0,2.0,83026,M,0.0,0.0,83
201000017717,10,9,10,45,3,1,1,1.0,5.0,83031,M,0.0,0.0,83
201000017718,10,10,16,1130,1,1,1,1.0,2.0,83054,M,0.0,0.0,83
201000017719,10,10,23,1545,1,1,1,1.0,6.0,83031,M,0.0,0.0,83
201000017720,10,11,29,730,1,1,1,1.0,1.0,83130,M,0.0,0.0,83
201000017721,10,1,16,1445,1,1,1,2.0,1.0,60086,M,0.0,0.0,60
201000017722,10,1,19,915,1,1,2,5.0,3.0,60155,M,0.0,0.0,60
201000017723,10,2,6,1215,1,1,1,8.0,5.0,60086,M,0.0,0.0,60
201000017724,10,4,12,1430,1,1,1,1.0,2.0,60584,M,0.0,0.0,60
201000017725,10,5,16,1300,1,1,1,1.0,5.0,60173,M,0.0,0.0,60
201000017726,10,6,3,130,3,2,1,1.0,6.0,60155,M,0.0,0.0,60
201000017727,10,6,16,1630,1,2,1,1.0,1.0,60651,M,0.0,0.0,60
201000017728,10,6,23,1545,1,2,3,1.0,3.0,60074,M,0.0,0.0,60
201000017729,10,6,28,1215,1,2,1,1.0,6.0,60651,M,0.0,0.0,60
201000017730,10,7,20,1700,1,2,1,1.0,6.0,60155,M,0.0,0.0,60
201000017731,10,8,13,715,1,2,1,1.0,2.0,60155,M,0.0,0.0,60
201000017732,10,8,31,1945,1,2,1,1.0,3.0,60513,M,0.0,0.0,60
201000017733,10,10,7,1745,1,1,1,1.0,5.0,60513,M,0.0,0.0,60
201000017734,10,10,12,745,5,2,1,1.0,6.0,60584,M,0.0,0.0,60
201000017735,10,12,5,1800,5,2,1,2.0,6.0,60584,M,0.0,0.0,60
201000017736,10,12,13,1315,1,2,3,1.0,3.0,60601,M,0.0,0.0,60
201000017737,10,2,10,2030,5,1,1,1.0,2.0,76484,M,0.0,0.0,76
201000017738,10,4,1,1515,1,1,1,1.0,3.0,27258,M,4933830.0,41612.0,27
201000017739,10,4,12,1315,1,1,1,1.0,2.0,27102,M,4937000.0,76114.0,27
201000017740,10,4,18,1530,1,1,1,1.0,6.0,27228,M,4937200.0,68324.0,27
201000017741,10,4,17,530,3,1,1,1.0,6.0,76319,M,0.0,0.0,76
201000017742,10,5,2,330,3,1,1,1.0,6.0,27518,M,4943990.0,55091.0,27
201000017743,10,7,2,1715,1,1,1,1.0,6.0,27102,M,4936990.0,76459.0,27
201000017744,10,7,11,1845,1,1,1,1.0,2.0,27258,M,4933240.0,40137.0,27
201000017745,10,7,13,1145,1,1,1,1.0,3.0,76484,M,0.0,0.0,76
201000017746,10,8,12,645,1,1,1,1.0,7.0,27228,M,4937070.0,70526.0,27
201000017747,10,8,17,1430,1,1,1,1.0,7.0,27102,M,4936760.0,78500.0,27
201000017748,10,8,23,745,1,1,1,2.0,2.0,76705,M,0.0,0.0,76
201000017749,10,9,22,1200,1,1,1,1.0,6.0,76391,M,0.0,0.0,76
201000017750,10,9,26,1515,1,1,1,2.0,6.0,27340,M,4936460.0,82204.0,27
201000017751,10,10,10,900,1,1,1,1.0,7.0,27577,M,4941610.0,56779.0,27
201000017752,10,10,24,1145,1,1,1,1.0,6.0,27661,M,4935660.0,87675.0,27