Num_Acc,an,mois,jour,hrmn,lum,agg,int,atm,col,com,gps,lat,long,dep
201000017753,10,11,13,945,1,1,1,3.0,6.0,76457,M,0.0,0.0,76
201000017754,10,11,13,830,1,1,1,3.0,7.0,27580,M,4934960.0,89900.0,27
201000017755,10,11,27,1830,3,1,1,1.0,5.0,27563,M,4938640.0,50504.0,27
201000017756,10,12,2,1930,3,1,1,2.0,7.0,27497,M,4936980.0,75218.0,27
201000017757,10,12,2,1715,4,1,1,9.0,6.0,27102,M,4936970.0,76734.0,27
201000017758,10,1,3,1330,1,1,9,8.0,3.0,78668,M,4902070.0,150906.0,78
201000017759,10,4,21,1720,1,1,1,1.0,2.0,27351,M,4925640.0,115501.0,27
201000017760,10,4,28,1900,1,1,1,1.0,6.0,78531,M,4899980.0,161147.0,78
201000017761,10,5,24,2330,3,1,1,1.0,7.0,78531,M,4899910.0,161242.0,78
201000017762,10,5,21,945,1,1,1,1.0,3.0,27701,M,4923290.0,120387.0,27
201000017763,10,6,24,1545,1,1,1,1.0,3.0,27701,M,4923080.0,118315.0,27
201000017764,10,6,28,1000,1,1,1,1.0,7.0,27517,M,4912890.0,132116.0,27
201000017765,10,6,27,1415,1,1,1,1.0,6.0,27517,M,4912600.0,132429.0,27
201000017766,10,7,9,1615,1,1,1,1.0,6.0,78668,M,4901990.0,153087.0,78
201000017767,10,7,20,530,2,1,1,1.0,5.0,27701,M,4923810.0,119844.0,27
201000017768,10,7,30,245,3,1,1,1.0,2.0,27150,M,4909320.0,136540.0,27
201000017769,10,8,11,800,1,1,1,1.0,6.0,78118,M,4898350.0,168050.0,78
201000017770,10,9,15,1600,1,1,1,1.0,3.0,78531,M,4901600.0,159200.0,78
201000017771,10,10,14,2345,3,1,1,1.0,5.0,78089,M,0.0,0.0,78
201000017772,10,11,24,730,3,1,1,1.0,2.0,27701,M,4922980.0,120645.0,27
201000017773,10,11,28,145,3,1,1,1.0,7.0,27203,M,4905500.0,143725.0,27
201000017774,10,12,4,2200,3,1,1,1.0,5.0,27336,M,4906480.0,141956.0,27
201000017775,10,12,28,645,3,1,1,9.0,6.0,27517,M,4914020.0,130658.0,27
201000017776,10,1,3,1845,3,1,1,1.0,7.0,60254,M,0.0,0.0,60
201000017777,10,1,29,1630,1,1,1,1.0,7.0,60533,M,0.0,0.0,60
201000017778,10,2,9,1145,1,1,1,2.0,5.0,60680,M,0.0,0.0,60
201000017779,10,2,9,715,2,1,1,9.0,5.0,60100,M,0.0,0.0,60
201000017780,10,2,11,1700,1,1,1,1.0,3.0,60100,M,0.0,0.0,60
201000017781,10,2,26,530,3,1,1,2.0,2.0,60533,M,0.0,0.0,60
201000017782,10,4,5,1345,1,1,1,1.0,6.0,60531,M,0.0,0.0,60
201000017783,10,5,13,1000,1,1,1,1.0,6.0,60369,M,0.0,0.0,60
201000017784,10,6,2,945,1,1,1,1.0,2.0,60160,M,4960000.0,275000.0,60
201000017785,10,6,5,1945,1,2,1,1.0,2.0,60612,M,0.0,0.0,60
201000017786,10,6,19,400,3,1,1,1.0,1.0,60229,M,0.0,0.0,60
201000017787,10,7,11,1745,1,1,1,1.0,7.0,60160,M,0.0,0.0,60
201000017788,10,7,28,630,1,1,1,1.0,6.0,60100,M,0.0,0.0,60
201000017789,10,7,30,2245,3,1,1,1.0,6.0,60531,M,0.0,0.0,60
201000017790,10,11,12,700,3,1,1,1.0,5.0,60160,M,0.0,0.0,60
201000017791,10,12,2,615,5,1,1,4.0,4.0,60138,M,0.0,0.0,60
201000017792,10,12,18,430,3,1,1,4.0,5.0,60533,M,0.0,0.0,60
201000017793,10,12,25,1330,1,1,1,1.0,6.0,60369,M,0.0,0.0,60
201000017794,10,1,19,845,2,1,1,9.0,3.0,21462,M,4741070.0,507247.0,21
201000017795,10,2,5,845,1,1,1,2.0,4.0,21591,M,4741560.0,504788.0,21
201000017796,10,3,5,2000,3,1,1,1.0,1.0,21027,M,4737690.0,503436.0,21
201000017797,10,3,7,530,5,2,1,1.0,6.0,21561,M,4739690.0,477933.0,21
201000017798,10,4,28,1730,1,1,1,1.0,2.0,21408,M,4738990.0,502658.0,21
201000017799,10,5,25,1330,1,1,1,1.0,1.0,21227,M,4737660.0,494806.0,21
201000017800,10,6,9,700,1,1,1,5.0,5.0,21027,M,4737940.0,505201.0,21
201000017801,10,7,15,315,3,1,1,8.0,1.0,21027,M,4737860.0,505162.0,21
201000017802,10,7,28,1030,1,1,1,1.0,3.0,21003,M,4737030.0,503838.0,21
201000017803,10,9,19,915,1,1,6,1.0,3.0,21003,M,4735770.0,503382.0,21
201000017804,10,10,3,1700,1,1,1,1.0,6.0,21561,M,4739130.0,480450.0,21
201000017805,10,10,6,1830,1,1,1,1.0,1.0,21408,M,4740760.0,500378.0,21
201000017806,10,10,7,945,1,1,1,1.0,1.0,21648,M,4740780.0,471924.0,21
201000017807,10,11,29,700,2,1,1,4.0,6.0,21142,M,4750880.0,473074.0,21
201000017808,10,11,30,1345,1,1,1,1.0,6.0,21142,M,4751900.0,472600.0,21
201000017809,10,1,10,1630,1,1,1,1.0,6.0,69077,M,0.0,0.0,69
201000017810,10,2,24,215,3,1,1,1.0,5.0,69206,M,0.0,0.0,69
201000017811,10,4,3,415,5,1,9,1.0,7.0,69077,M,0.0,0.0,69
201000017812,10,5,23,1400,1,1,1,1.0,5.0,69206,M,0.0,0.0,69
201000017813,10,7,17,430,3,1,1,1.0,4.0,69264,M,0.0,0.0,69
201000017814,10,7,17,1300,1,1,1,1.0,6.0,69019,M,0.0,0.0,69
201000017815,10,10,14,1700,1,1,1,1.0,6.0,69264,M,0.0,0.0,69
201000017816,10,11,29,1715,2,1,1,8.0,6.0,69019,M,0.0,0.0,69
201000017817,10,11,30,1630,2,1,1,4.0,2.0,69206,M,0.0,0.0,69
201000017818,10,11,30,1630,1,1,1,4.0,3.0,69019,M,0.0,0.0,69
201000017819,10,12,7,1330,1,1,1,1.0,2.0,69206,M,0.0,0.0,69
201000017820,10,4,6,545,3,1,1,1.0,5.0,59377,M,0.0,0.0,59
201000017821,10,5,1,530,2,1,1,1.0,5.0,59389,M,0.0,0.0,59
201000017822,10,5,23,1230,1,1,1,1.0,7.0,59244,M,0.0,0.0,59
201000017823,10,11,10,2115,3,1,1,1.0,6.0,59010,M,0.0,0.0,59
201000017824,10,11,16,2345,3,1,1,1.0,6.0,62731,M,0.0,0.0,62
201000017825,10,8,7,1345,1,1,1,1.0,7.0,38053,M,4559560.0,528181.0,38
201000017826,10,9,19,1700,1,1,1,1.0,7.0,38401,M,4556500.0,543100.0,38
201000017827,10,9,24,1630,1,1,4,1.0,5.0,38537,M,4563220.0,516136.0,38
201000017828,10,9,30,1445,1,1,1,2.0,5.0,38064,M,4557000.0,535400.0,38
201000017829,10,10,8,400,3,1,1,1.0,2.0,38381,M,4556090.0,547325.0,38
201000017830,10,10,14,1415,1,1,1,1.0,1.0,38064,M,4556500.0,538700.0,38
201000017831,10,4,4,1830,1,2,2,1.0,6.0,68278,M,4774681.0,741059.0,68
201000017832,10,6,13,1445,1,2,1,1.0,2.0,68278,M,4774128.0,739363.0,68
201000017833,10,6,24,2000,1,2,1,1.0,6.0,68278,M,4775182.0,741018.0,68
201000017834,10,7,17,2130,1,2,1,1.0,1.0,68278,M,4776340.0,739312.0,68
201000017835,10,7,24,845,1,2,1,1.0,1.0,68118,M,0.0,0.0,68
201000017836,10,9,7,1715,1,1,1,3.0,1.0,68278,M,4773938.0,741637.0,68
201000017837,10,9,28,1615,1,2,1,1.0,3.0,68278,M,4774735.0,739882.0,68
201000017838,10,10,17,700,2,2,1,1.0,6.0,68278,M,4775273.0,739739.0,68
201000017839,10,10,29,1530,1,2,2,1.0,1.0,68278,M,4776748.0,739245.0,68
201000017840,10,11,23,1830,5,2,1,1.0,2.0,68278,M,4776801.0,739186.0,68
201000017841,10,12,13,945,1,2,1,1.0,1.0,68118,M,4771945.0,741880.0,68
201000017842,10,1,28,1230,1,1,1,1.0,3.0,53086,M,4820000.0,-104200.0,53
201000017843,10,2,24,2100,3,1,1,1.0,2.0,53039,M,4818500.0,-96800.0,53
201000017844,10,3,12,1700,1,1,1,1.0,3.0,53086,M,4819800.0,-102899.0,53
201000017845,10,3,26,945,1,1,1,1.0,6.0,53194,M,4805200.0,-99200.0,53
201000017846,10,4,9,2015,1,2,1,1.0,3.0,53123,M,4823200.0,-97100.0,53
201000017847,10,6,10,1145,1,1,9,2.0,1.0,53108,M,0.0,0.0,53
201000017848,10,6,13,1800,1,1,1,1.0,1.0,53039,M,4817700.0,-98100.0,53
201000017849,10,6,25,2145,3,1,1,1.0,6.0,53224,M,0.0,0.0,53
201000017850,10,7,2,1730,1,1,1,1.0,6.0,53005,M,4818200.0,-81100.0,53
201000017851,10,7,23,2015,1,1,1,1.0,6.0,53243,M,4814300.0,-91300.0,53
201000017852,10,8,29,1800,1,1,1,1.0,7.0,53226,M,4823200.0,-94400.0,53
201000017853,10,8,31,1815,1,2,1,1.0,6.0,53137,M,4806500.0,-93700.0,53
201000017854,10,9,8,1600,1,1,1,1.0,7.0,53137,M,4807700.0,-92000.0,53
201000017855,10,9,17,1730,1,2,1,1.0,3.0,53247,M,4811700.0,-102499.0,53
201000017856,10,10,29,500,3,1,1,1.0,6.0,53045,M,4808400.0,-95400.0,53
201000017857,10,12,10,1900,3,1,1,2.0,1.0,53182,M,4813400.0,-97400.0,53
201000017858,10,12,31,330,5,1,6,1.0,7.0,53108,M,0.0,0.0,53
201000017859,10,1,4,1830,5,2,1,1.0,6.0,95250,M,4909490.0,250890.0,95
201000017860,10,4,15,1345,1,1,1,1.0,1.0,95371,M,4907100.0,252840.0,95
201000017861,10,5,15,1415,1,2,1,1.0,6.0,95371,M,4909090.0,250600.0,95
201000017862,10,10,9,1145,1,1,1,1.0,2.0,95371,M,4907430.0,252880.0,95
201000017863,10,10,27,1200,1,2,1,1.0,6.0,95250,M,4910090.0,252540.0,95
201000017864,10,12,16,1800,5,2,6,3.0,1.0,95580,M,4908650.0,255260.0,95
201000017865,10,2,25,2145,3,1,1,6.0,6.0,76547,M,0.0,0.0,76
201000017866,10,7,6,1545,1,1,1,1.0,1.0,76517,M,0.0,0.0,76
201000017867,10,9,10,1415,1,1,1,1.0,2.0,76517,M,0.0,0.0,76
201000017868,10,11,30,715,3,1,1,4.0,5.0,76517,M,0.0,0.0,76
201000017869,10,6,18,1130,1,1,1,1.0,2.0,17044,M,0.0,0.0,17
201000017870,10,7,3,1530,1,1,1,1.0,7.0,17336,M,0.0,0.0,17
201000017871,10,7,10,1930,1,1,1,1.0,7.0,17277,M,0.0,0.0,17
201000017872,10,7,24,2030,1,1,1,1.0,7.0,17148,M,0.0,0.0,17
201000017873,10,5,29,1500,1,1,1,1.0,6.0,17285,M,0.0,0.0,17
201000017874,10,8,27,1645,1,1,1,1.0,5.0,17171,M,0.0,0.0,17
201000017875,10,9,21,600,3,1,1,1.0,7.0,17213,M,0.0,0.0,17
201000017876,10,10,8,615,3,1,1,1.0,7.0,17213,M,0.0,0.0,17
201000017877,10,10,23,930,1,1,1,1.0,2.0,17157,M,0.0,0.0,17
201000017878,10,11,3,1600,1,1,1,1.0,3.0,17354,M,0.0,0.0,17
201000017879,10,11,9,1400,1,1,1,2.0,5.0,17354,M,0.0,0.0,17
201000017880,10,11,16,1415,1,1,1,1.0,6.0,17280,M,0.0,0.0,17
201000017881,10,12,11,630,3,1,1,1.0,7.0,17415,M,0.0,0.0,17
201000017882,10,10,1,1730,1,2,1,1.0,6.0,31205,M,0.0,0.0,31
201000017883,10,10,27,800,1,2,1,1.0,3.0,31022,M,0.0,0.0,31
201000017884,10,11,26,1745,3,1,1,8.0,1.0,31091,M,0.0,0.0,31
201000017885,10,12,28,730,5,2,1,1.0,3.0,31467,M,4315500.0,169700.0,31
201000017886,10,3,15,700,1,1,1,1.0,6.0,13087,M,4347960.0,558492.0,13
201000017887,10,3,27,600,2,1,1,1.0,2.0,83116,M,0.0,0.0,83
201000017888,10,4,2,1545,1,1,1,1.0,1.0,83023,M,0.0,0.0,83
201000017889,10,5,4,1845,1,1,1,8.0,2.0,13110,M,4346980.0,565751.0,13
201000017890,10,5,11,800,1,1,1,1.0,2.0,13087,M,4347200.0,563776.0,13
201000017891,10,5,13,1115,1,1,1,1.0,4.0,83116,M,0.0,0.0,83
201000017892,10,7,29,1945,1,1,1,7.0,2.0,83140,M,0.0,0.0,83
201000017893,10,10,8,1630,1,1,1,1.0,6.0,13087,M,4347210.0,563740.0,13
201000017894,10,10,15,2215,3,1,1,1.0,7.0,83140,M,0.0,0.0,83
201000017895,10,12,5,645,3,1,1,1.0,6.0,83116,M,0.0,0.0,83
201000017896,10,3,24,1830,2,1,1,1.0,7.0,74262,M,0.0,0.0,74
201000017897,10,3,25,330,5,1,1,1.0,6.0,74081,M,0.0,0.0,74
201000017898,10,4,9,1615,1,1,1,1.0,2.0,74262,M,0.0,0.0,74
201000017899,10,4,20,830,1,1,1,1.0,7.0,74262,M,0.0,0.0,74
201000017900,10,6,28,2300,3,1,1,1.0,6.0,74018,M,0.0,0.0,74
201000017901,10,9,24,1115,1,1,1,1.0,5.0,74208,M,0.0,0.0,74
201000017902,10,10,25,745,3,1,1,3.0,2.0,74133,M,4618800.0,621700.0,74
201000017903,10,11,3,1100,1,1,1,1.0,6.0,74081,M,4605400.0,658600.0,74
201000017904,10,11,7,745,1,1,1,1.0,6.0,74312,M,4607300.0,652000.0,74
201000017905,10,1,4,730,3,1,1,2.0,3.0,34256,M,4368520.0,404964.0,34
201000017906,10,2,19,1815,2,1,1,1.0,2.0,30189,M,4382627.0,438856.0,30
201000017907,10,2,20,630,3,1,1,1.0,2.0,30060,M,0.0,0.0,30
201000017908,10,2,22,15,3,1,1,2.0,2.0,34240,M,0.0,0.0,34
201000017909,10,3,23,1600,1,1,1,1.0,2.0,30344,M,4374575.0,420158.0,30
201000017910,10,3,31,800,1,1,1,1.0,2.0,30189,M,4380677.0,436017.0,30
201000017911,10,4,5,245,3,1,1,1.0,6.0,30125,M,4377894.0,441489.0,30
201000017912,10,4,18,2000,1,1,1,1.0,5.0,30189,M,4380824.0,433877.0,30
201000017913,10,4,21,1400,1,1,1,1.0,2.0,30189,M,4380413.0,432581.0,30
201000017914,10,4,25,945,1,1,1,1.0,6.0,30257,M,4387702.0,445497.0,30
201000017915,10,5,5,1400,1,1,1,1.0,6.0,34154,M,4361690.0,394776.0,34
201000017916,10,5,10,1230,1,1,1,1.0,4.0,34327,M,4365368.0,399147.0,34
201000017917,10,5,19,1530,1,1,1,1.0,1.0,30317,M,4390859.0,456299.0,30
201000017918,10,5,28,1900,1,1,1,1.0,5.0,30060,M,0.0,0.0,30
201000017919,10,5,29,1530,1,1,1,1.0,6.0,30116,M,4392620.0,458977.0,30
201000017920,10,6,2,1230,1,1,1,1.0,2.0,30034,M,4373800.0,446065.0,30
201000017921,10,7,14,1515,1,1,1,1.0,5.0,30169,M,4379811.0,430823.0,30
201000017922,10,8,3,1630,1,1,1,1.0,6.0,30333,M,4375186.0,425576.0,30
201000017923,10,8,8,1600,1,1,1,1.0,2.0,34146,M,0.0,0.0,34
201000017924,10,8,15,1315,1,1,1,1.0,2.0,34146,M,4369643.0,409105.0,34
201000017925,10,8,16,945,1,1,1,1.0,6.0,30039,M,4389278.0,450699.0,30
201000017926,10,8,16,1415,1,1,1,1.0,4.0,30123,M,4372715.0,418297.0,30
201000017927,10,8,24,1430,1,1,1,1.0,6.0,30258,M,4375418.0,442971.0,30
201000017928,10,8,27,2115,3,1,1,1.0,4.0,34340,M,4371493.0,413441.0,34
201000017929,10,9,3,900,1,1,1,1.0,7.0,30036,M,4377059.0,427634.0,30
201000017930,10,9,9,100,3,1,1,1.0,7.0,34294,M,4370659.0,412150.0,34
201000017931,10,9,24,1800,1,1,1,1.0,4.0,30344,M,4375072.0,422492.0,30
201000017932,10,9,30,1715,1,1,1,1.0,6.0,30036,M,4378442.0,429419.0,30
201000017933,10,10,4,1200,1,1,9,1.0,5.0,34327,M,4365449.0,399284.0,34
201000017934,10,10,17,1830,1,1,1,1.0,6.0,30347,M,4374832.0,424470.0,30
201000017935,10,10,31,1,3,1,1,1.0,1.0,34240,M,0.0,0.0,34
201000017936,10,10,31,1215,1,1,1,3.0,3.0,34327,M,4365486.0,399344.0,34
201000017937,10,11,20,145,3,1,1,8.0,2.0,34240,M,0.0,0.0,34
201000017938,10,12,3,1830,3,1,1,1.0,5.0,34022,M,0.0,0.0,34
201000017939,10,12,5,1730,5,1,1,2.0,3.0,30123,M,4372636.0,418016.0,30
201000017940,10,12,10,515,3,1,1,1.0,2.0,34146,M,0.0,0.0,34
201000017941,10,12,31,1900,1,1,1,1.0,6.0,30156,M,4387627.0,445320.0,30
201000017942,10,1,22,930,1,1,1,8.0,6.0,11262,M,4317800.0,302800.0,11
201000017943,10,1,25,1930,3,1,1,1.0,2.0,11441,M,4320400.0,307900.0,11
201000017944,10,2,12,1030,1,1,1,6.0,1.0,11014,M,4319500.0,306900.0,11
201000017945,10,2,21,1645,1,1,1,1.0,5.0,34135,M,4327700.0,318200.0,34
201000017946,10,2,24,600,3,1,1,1.0,2.0,11188,M,4294900.0,297200.0,11
201000017947,10,3,11,1930,3,1,1,1.0,5.0,11370,M,4323100.0,310200.0,11
201000017948,10,3,27,1300,1,1,1,1.0,3.0,11370,M,4323700.0,313200.0,11
201000017949,10,5,14,1330,1,1,1,1.0,6.0,11262,M,4315900.0,295800.0,11
201000017950,10,5,26,1145,1,1,1,1.0,2.0,11441,M,4319500.0,306800.0,11
201000017951,10,6,16,15,3,1,1,3.0,2.0,11370,M,4322700.0,309600.0,11
201000017952,10,7,12,1600,1,1,9,1.0,3.0,11262,M,4315400.0,298400.0,11
201000017953,10,7,31,15,3,1,1,1.0,2.0,11024,M,0.0,0.0,11
201000017954,10,8,2,2330,3,1,1,1.0,5.0,34135,M,4327879.0,318465.0,34
201000017955,10,8,3,115,3,1,1,1.0,2.0,11145,M,4324900.0,315000.0,11
201000017956,10,8,11,830,1,1,1,1.0,6.0,11441,M,0.0,0.0,11
201000017957,10,11,17,700,3,1,1,1.0,2.0,11379,M,4303300.0,295400.0,11
201000017958,10,12,3,1530,1,1,1,1.0,2.0,11262,M,4318200.0,303800.0,11
201000017959,10,1,2,1930,4,1,1,1.0,1.0,37027,M,0.0,0.0,37
201000017960,10,1,21,1545,1,1,1,1.0,6.0,37008,M,0.0,0.0,37
201000017961,10,1,27,2015,5,2,1,1.0,2.0,37156,M,0.0,0.0,37
201000017962,10,2,12,1000,1,1,1,1.0,1.0,37096,M,4734180.0,95998.0,37
201000017963,10,2,28,445,3,1,1,6.0,6.0,37156,M,4739490.0,86627.0,37
201000017964,10,4,4,2230,5,2,2,1.0,3.0,37015,M,4734640.0,84811.0,37
201000017965,10,4,30,1745,1,2,1,1.0,6.0,37079,M,4733180.0,104597.0,37
201000017966,10,5,7,2315,5,2,1,1.0,6.0,37156,M,4739100.0,85179.0,37
201000017967,10,5,20,2200,3,1,1,1.0,1.0,37156,M,4739700.0,89212.0,37
201000017968,10,6,22,1830,1,1,2,1.0,3.0,37008,M,0.0,0.0,37
201000017969,10,6,26,1030,1,2,1,1.0,3.0,37027,M,0.0,0.0,37
201000017970,10,7,7,1900,1,1,1,1.0,7.0,37267,M,0.0,0.0,37
201000017971,10,7,28,1815,1,1,2,1.0,3.0,37110,M,4731220.0,108089.0,37
201000017972,10,8,6,2330,5,2,1,1.0,6.0,37156,M,4738240.0,83199.0,37
201000017973,10,8,23,1330,1,1,1,1.0,6.0,37079,M,4737590.0,102513.0,37
201000017974,10,10,2,1245,1,1,1,1.0,5.0,37156,M,0.0,0.0,37
201000017975,10,10,30,1530,1,1,6,1.0,3.0,37110,M,0.0,0.0,37
201000017976,10,11,3,1400,1,2,1,1.0,7.0,37027,M,0.0,0.0,37
201000017977,10,1,4,1530,1,1,1,1.0,2.0,28164,M,4827370.0,185589.0,28
201000017978,10,1,10,215,3,1,1,9.0,6.0,28367,M,4815920.0,185460.0,28
201000017979,10,1,23,730,3,1,1,2.0,6.0,45028,M,0.0,0.0,45
201000017980,10,2,2,1245,1,1,1,1.0,6.0,45075,M,4789972.0,183823.0,45
201000017981,10,3,28,715,2,1,1,2.0,1.0,45067,M,0.0,0.0,45
201000017982,10,4,25,1800,1,1,1,1.0,3.0,45313,M,0.0,0.0,45
201000017983,10,5,6,2315,3,1,1,1.0,6.0,45232,M,4783755.0,186355.0,45
201000017984,10,5,15,1815,1,1,1,1.0,6.0,45093,M,0.0,0.0,45
201000017985,10,6,24,800,1,1,1,1.0,3.0,45075,M,4790088.0,184317.0,45
201000017986,10,7,2,715,1,1,1,1.0,7.0,28303,M,4808670.0,185159.0,28
201000017987,10,7,4,300,3,1,1,1.0,2.0,45075,M,4789965.0,184849.0,45
201000017988,10,8,1,530,3,1,1,1.0,6.0,45317,M,0.0,0.0,45
201000017989,10,8,22,1100,1,1,1,5.0,4.0,45232,M,4785611.0,186529.0,45
201000017990,10,8,23,1250,1,1,1,3.0,6.0,45008,M,,,45
201000017991,10,9,12,1530,1,1,1,1.0,2.0,45302,M,4795506.0,185041.0,45
201000017992,10,9,13,1800,1,1,1,1.0,6.0,45175,M,0.0,0.0,45
201000017993,10,9,24,2345,3,1,1,8.0,6.0,45232,M,4785915.0,186458.0,45
201000017994,10,10,22,800,3,1,1,1.0,4.0,45154,M,0.0,0.0,45
201000017995,10,11,5,1415,1,1,1,1.0,7.0,45313,M,0.0,0.0,45
201000017996,10,11,17,1145,1,1,1,1.0,6.0,28392,M,4823970.0,185085.0,28
201000017997,10,11,29,1815,3,1,1,5.0,3.0,28276,M,4828690.0,186019.0,28
201000017998,10,1,4,1200,1,1,1,9.0,1.0,73304,M,0.0,0.0,73
201000017999,10,1,27,1930,5,2,1,4.0,6.0,73304,M,0.0,0.0,73
201000018000,10,11,2,745,1,1,1,5.0,7.0,73296,M,0.0,0.0,73
201000018001,10,6,5,600,1,2,1,1.0,1.0,13032,M,4357030.0,536514.0,13
201000018002,10,7,31,945,1,1,1,1.0,6.0,13032,M,4354440.0,534813.0,13
201000018003,10,11,17,2015,5,2,1,1.0,6.0,13037,M,4354880.0,519366.0,13
201000018004,10,11,24,1515,1,1,1,1.0,3.0,13114,M,4355000.0,529200.0,13
201000018005,10,12,1,915,1,1,1,3.0,5.0,13114,M,4351900.0,531000.0,13
201000018006,10,3,2,2315,3,1,1,1.0,2.0,31458,M,0.0,0.0,31
201000018007,10,3,18,115,3,1,1,1.0,6.0,31395,M,0.0,0.0,31
201000018008,10,5,4,915,1,1,1,3.0,6.0,31399,M,0.0,0.0,31
201000018009,10,5,10,1545,1,1,1,1.0,7.0,31476,M,0.0,0.0,31
201000018010,10,6,8,1600,1,1,1,1.0,7.0,31476,M,0.0,0.0,31
201000018011,10,7,11,1430,1,1,1,1.0,3.0,31349,M,0.0,0.0,31
201000018012,10,8,10,1115,1,1,1,1.0,7.0,31395,M,0.0,0.0,31
201000018013,10,10,15,1815,1,1,1,1.0,4.0,31181,M,0.0,0.0,31
201000018014,10,11,14,230,3,1,1,1.0,2.0,31433,M,0.0,0.0,31
201000018015,10,12,26,1545,1,1,1,1.0,5.0,31395,M,0.0,0.0,31
201000018016,10,4,2,1615,1,1,1,1.0,2.0,67409,M,0.0,0.0,67
201000018017,10,5,6,1925,2,1,1,2.0,5.0,67409,M,0.0,0.0,67
201000018018,10,5,9,1030,1,2,1,8.0,6.0,67194,M,0.0,0.0,67
201000018019,10,7,15,1300,1,1,1,1.0,1.0,67409,M,4885000.0,806900.0,67
201000018020,10,10,27,1745,1,1,1,1.0,1.0,67194,M,0.0,0.0,67
201000018021,10,11,7,935,1,1,1,1.0,1.0,67407,M,4875700.0,790100.0,67
201000018022,10,12,21,15,3,1,1,4.0,6.0,67409,M,0.0,0.0,67
201000018023,10,7,29,615,2,1,1,1.0,2.0,21606,M,4706450.0,491542.0,21
201000018024,10,8,7,900,1,1,1,1.0,7.0,21606,M,4705060.0,489862.0,21
201000018025,10,9,13,2200,3,1,1,1.0,3.0,21297,M,4717290.0,500103.0,21
201000018026,10,10,25,815,1,1,1,1.0,2.0,21347,M,4699780.0,485820.0,21
201000018027,10,12,7,600,3,1,1,1.0,2.0,21405,M,0.0,0.0,21
201000018028,10,12,24,700,3,1,1,4.0,6.0,21065,M,4708850.0,475509.0,21
201000018029,10,1,1,1230,1,1,1,3.0,6.0,73179,M,4560700.0,588200.0,73
201000018030,10,2,26,1200,1,1,1,1.0,5.0,73239,M,4579800.0,597200.0,73
201000018031,10,5,5,1300,1,1,1,8.0,6.0,73179,M,4560500.0,589400.0,73
201000018032,10,7,4,1015,1,1,1,1.0,6.0,73329,M,4561700.0,589600.0,73
201000018033,10,8,15,815,1,1,1,8.0,6.0,73179,M,4560500.0,589400.0,73
201000018034,10,8,15,1830,1,1,1,8.0,4.0,73104,M,4556000.0,575300.0,73
201000018035,10,8,16,1115,1,1,1,2.0,6.0,73179,M,4560600.0,589100.0,73
201000018036,10,9,2,800,5,1,1,1.0,6.0,73184,M,4558300.0,580900.0,73
201000018037,10,9,12,215,3,1,1,1.0,7.0,73128,M,4571900.0,592400.0,73
201000018038,10,9,17,2200,3,1,1,1.0,1.0,73179,M,4560600.0,587900.0,73
201000018039,10,11,16,2130,3,1,1,1.0,5.0,73158,M,4574000.0,592000.0,73
201000018040,10,12,17,1700,2,1,1,4.0,2.0,73104,M,4555000.0,574000.0,73
201000018041,10,4,24,1830,1,1,1,1.0,6.0,74186,M,0.0,0.0,74
201000018042,10,6,12,1945,1,1,1,1.0,6.0,74018,M,4611500.0,632100.0,74
201000018043,10,7,5,1515,1,1,1,1.0,6.0,74090,M,4610200.0,629800.0,74
201000018044,10,7,10,15,3,1,1,1.0,7.0,74096,M,4604100.0,608700.0,74
201000018045,10,7,13,1245,1,1,1,1.0,6.0,74137,M,0.0,0.0,74
201000018046,10,7,22,15,3,1,1,1.0,6.0,74137,M,0.0,0.0,74
201000018047,10,8,26,1745,1,1,1,1.0,6.0,74245,M,0.0,0.0,74
201000018048,10,12,12,815,2,1,1,5.0,6.0,74137,M,0.0,0.0,74
201000018049,10,1,4,1700,1,1,1,1.0,4.0,38063,M,4542400.0,544394.0,38
201000018050,10,4,2,2345,3,1,1,1.0,7.0,38382,M,4524010.0,566003.0,38
201000018051,10,5,1,1230,1,1,1,8.0,6.0,38464,M,4554000.0,539001.0,38
201000018052,10,6,9,630,1,1,1,1.0,7.0,38065,M,4543830.0,541451.0,38
201000018053,10,6,14,415,3,1,1,1.0,3.0,38331,M,4535490.0,552623.0,38
201000018054,10,9,26,900,1,1,1,1.0,3.0,38257,M,4547730.0,539872.0,38
201000018055,10,12,19,1130,1,1,1,1.0,6.0,38565,M,4526300.0,564000.0,38
201000018056,10,12,24,1615,1,1,1,4.0,5.0,38565,M,4526760.0,562833.0,38
201000018057,10,12,26,700,3,1,1,9.0,7.0,38368,M,4536810.0,550126.0,38
201000018058,10,12,30,1715,1,1,1,1.0,2.0,38464,M,4554500.0,538600.0,38
201000018059,10,9,5,1630,1,1,1,1.0,7.0,55237,M,4800000.0,500000.0,55
201000018060,10,9,23,2315,3,1,1,2.0,7.0,55237,M,4911835.0,554644.0,55
201000018061,10,9,14,845,1,1,1,1.0,4.0,57211,M,0.0,0.0,57
201000018062,10,12,16,1500,1,1,1,4.0,6.0,57211,M,4919000.0,608000.0,57
201000018063,10,1,22,1645,1,2,3,1.0,3.0,08105,M,0.0,0.0,08
201000018064,10,2,3,1304,1,2,1,3.0,6.0,08105,M,0.0,0.0,08