Num_Acc,an,mois,jour,hrmn,lum,agg,int,atm,col,com,gps,lat,long,dep
201000018065,10,4,14,1657,1,2,1,1.0,3.0,08105,M,0.0,0.0,08
201000018066,10,3,2,1900,5,2,7,1.0,6.0,08105,M,0.0,0.0,08
201000018067,10,3,17,2119,5,2,1,1.0,3.0,08105,M,0.0,0.0,08
201000018068,10,3,24,650,2,2,1,1.0,3.0,08105,M,0.0,0.0,08
201000018069,10,3,28,1315,1,2,2,2.0,6.0,08105,M,0.0,0.0,08
201000018070,10,4,4,2125,5,2,2,2.0,3.0,08105,M,0.0,0.0,08
201000018071,10,4,3,2155,5,2,1,2.0,6.0,08105,M,0.0,0.0,08
201000018072,10,4,23,2035,2,2,3,1.0,2.0,08105,M,0.0,0.0,08
201000018073,10,4,28,2020,1,2,1,1.0,1.0,08105,M,0.0,0.0,08
201000018074,10,5,28,1545,1,2,1,1.0,5.0,08105,M,0.0,0.0,08
201000018075,10,6,2,1113,1,2,1,1.0,6.0,08105,M,0.0,0.0,08
201000018076,10,6,3,1654,1,2,2,1.0,3.0,08105,M,0.0,0.0,08
201000018077,10,6,18,800,1,2,3,1.0,5.0,08105,M,0.0,0.0,08
201000018078,10,6,15,710,1,2,2,1.0,6.0,08105,M,0.0,0.0,08
201000018079,10,6,28,1545,1,2,1,1.0,6.0,08105,M,0.0,0.0,08
201000018080,10,8,14,410,3,1,1,1.0,7.0,08180,M,0.0,0.0,08
201000018081,10,8,27,1415,1,2,1,1.0,6.0,08105,M,0.0,0.0,08
201000018082,10,10,17,230,5,1,9,1.0,7.0,08105,M,0.0,0.0,08
201000018083,10,10,19,1700,1,2,6,8.0,6.0,08105,M,0.0,0.0,08
201000018084,10,11,13,1904,5,2,1,3.0,6.0,08105,M,0.0,0.0,08
201000018085,10,1,3,1445,1,1,1,1.0,2.0,14555,M,4930750.0,29855.0,14
201000018086,10,3,14,1845,1,1,1,1.0,6.0,14563,M,0.0,0.0,14
201000018087,10,4,19,1915,1,1,9,1.0,4.0,14055,M,0.0,0.0,14
201000018088,10,4,20,815,1,1,1,1.0,2.0,14036,M,0.0,0.0,14
201000018089,10,7,3,1015,1,1,1,1.0,4.0,14514,M,0.0,0.0,14
201000018090,10,7,17,1745,1,1,1,1.0,2.0,14514,M,0.0,0.0,14
201000018091,10,7,18,1045,1,1,1,1.0,4.0,14185,M,0.0,0.0,14
201000018092,10,7,19,815,1,1,1,1.0,7.0,14536,M,0.0,0.0,14
201000018093,10,8,2,1145,1,1,1,1.0,7.0,14514,M,0.0,0.0,14
201000018094,10,9,23,1030,1,1,1,8.0,2.0,14016,M,0.0,0.0,14
201000018095,10,12,22,745,3,1,1,5.0,2.0,14119,M,0.0,0.0,14
201000018096,10,5,24,2045,2,1,1,1.0,6.0,13038,M,4374250.0,472265.0,13
201000018097,10,6,13,945,1,2,2,1.0,3.0,13068,M,4371760.0,478791.0,13
201000018098,10,9,4,1730,1,1,2,1.0,3.0,13038,M,4370540.0,471771.0,13
201000018099,10,10,26,2345,3,2,1,1.0,6.0,13058,M,4372890.0,480293.0,13
201000018100,10,10,22,1845,1,1,1,1.0,6.0,13011,M,4374260.0,479173.0,13
201000018101,10,11,13,645,2,1,1,8.0,6.0,13038,M,4374110.0,472570.0,13
201000018102,10,1,3,1115,1,1,1,1.0,2.0,28104,M,4847240.0,160058.0,28
201000018103,10,3,3,2215,3,1,1,1.0,2.0,28253,M,4835750.0,143350.0,28
201000018104,10,3,20,1815,1,1,1,8.0,6.0,28361,M,4851230.0,176785.0,28
201000018105,10,3,29,1500,1,1,1,1.0,6.0,28110,M,4841100.0,150350.0,28
201000018106,10,5,3,1330,1,1,1,6.0,7.0,28041,M,4829530.0,128023.0,28
201000018107,10,5,18,1700,1,1,1,1.0,2.0,28085,M,4845580.0,153952.0,28
201000018108,10,5,21,2300,3,1,1,1.0,5.0,28139,M,4831970.0,134488.0,28
201000018109,10,6,5,900,1,1,1,1.0,6.0,28042,M,4851140.0,176229.0,28
201000018110,10,7,5,1300,1,1,1,1.0,6.0,28196,M,4828540.0,124874.0,28
201000018111,10,7,13,800,1,1,1,1.0,6.0,28177,M,4843840.0,152449.0,28
201000018112,10,7,22,1145,1,1,1,1.0,4.0,28388,M,4836820.0,145630.0,28
201000018113,10,9,26,1100,1,1,1,1.0,7.0,28085,M,4844150.0,152720.0,28
201000018114,10,10,24,1445,1,1,1,8.0,6.0,28141,M,4832770.0,137768.0,28
201000018115,10,11,1,145,3,1,1,1.0,7.0,28104,M,4847260.0,160187.0,28
201000018116,10,12,26,1430,1,1,1,1.0,7.0,28073,M,4847820.0,163034.0,28
201000018117,10,2,10,2215,3,1,1,4.0,7.0,41059,M,4741700.0,148537.0,41
201000018118,10,2,17,600,3,1,1,9.0,6.0,41031,M,4754310.0,140178.0,41
201000018119,10,3,20,1700,1,2,1,2.0,1.0,41295,M,,,41
201000018120,10,3,22,1845,1,2,1,1.0,3.0,41204,M,4761480.0,141623.0,41
201000018121,10,3,30,1045,1,1,1,1.0,1.0,41061,M,4748710.0,140924.0,41
201000018122,10,4,17,2315,3,1,1,1.0,1.0,41204,M,4761520.0,144609.0,41
201000018123,10,4,27,1700,1,1,1,1.0,1.0,41295,M,4760300.0,143345.0,41
201000018124,10,5,3,715,2,1,1,1.0,6.0,41031,M,4753330.0,141852.0,41
201000018125,10,5,8,1230,1,2,1,1.0,6.0,41059,M,4741790.0,142817.0,41
201000018126,10,5,13,1715,1,2,1,1.0,3.0,41031,M,4752020.0,139359.0,41
201000018127,10,5,13,1415,1,1,1,1.0,3.0,41059,M,4742400.0,142847.0,41
201000018128,10,5,21,2000,1,1,1,1.0,7.0,41295,M,4760720.0,137783.0,41
201000018129,10,8,12,1445,1,1,1,1.0,7.0,41049,M,,,41
201000018130,10,9,26,2030,3,1,1,2.0,1.0,41094,M,4743500.0,140800.0,41
201000018131,10,9,26,1945,5,2,1,1.0,3.0,41049,M,,,41
201000018132,10,9,28,1600,1,2,1,1.0,3.0,41052,M,4748150.0,138954.0,41
201000018133,10,10,17,1230,1,1,1,1.0,6.0,41086,M,4746260.0,151783.0,41
201000018134,10,11,2,1745,3,1,1,1.0,7.0,41086,M,4749730.0,154800.0,41
201000018135,10,11,20,1745,2,2,1,1.0,6.0,41059,M,4741930.0,142861.0,41
201000018136,10,11,21,1645,2,1,1,2.0,5.0,41262,M,4755840.0,151281.0,41
201000018137,10,12,3,515,3,1,1,4.0,7.0,41204,M,,,41
201000018138,10,12,24,1630,2,1,1,2.0,5.0,41295,M,4760320.0,137496.0,41
201000018139,10,12,29,1445,1,1,1,1.0,7.0,41160,M,4756010.0,158054.0,41
201000018140,10,1,21,830,1,2,1,1.0,6.0,69027,M,4568000.0,475500.0,69
201000018141,10,5,3,1220,1,2,1,1.0,6.0,69268,M,,,69
201000018142,10,5,7,945,1,1,1,1.0,1.0,69268,M,4566400.0,476600.0,69
201000018143,10,5,20,1345,1,2,6,1.0,1.0,69027,M,4568200.0,477100.0,69
201000018144,10,6,23,1930,1,2,1,1.0,6.0,69027,M,4568600.0,475000.0,69
201000018145,10,7,27,1745,1,2,1,1.0,2.0,69027,M,4566500.0,475200.0,69
201000018146,10,7,26,1615,1,2,1,1.0,5.0,69027,M,4567500.0,475100.0,69
201000018147,10,9,23,1530,1,1,1,2.0,1.0,69027,M,0.0,0.0,69
201000018148,10,10,1,2145,3,1,1,1.0,1.0,69043,M,0.0,0.0,69
201000018149,10,12,23,1030,1,2,1,1.0,1.0,69027,M,4567000.0,475000.0,69
201000018150,10,4,8,800,1,1,1,1.0,1.0,29149,M,4844983.0,-454364.0,29
201000018151,10,4,25,130,3,1,1,2.0,7.0,29201,M,4841535.0,-467986.0,29
201000018152,10,5,28,745,1,2,1,7.0,6.0,29011,M,4843506.0,-450168.0,29
201000018153,10,7,10,1645,1,1,1,1.0,7.0,29212,M,4839192.0,-461564.0,29
201000018154,10,7,3,1045,1,1,1,1.0,6.0,29155,M,4845897.0,-510511.0,29
201000018155,10,11,12,745,5,2,1,3.0,6.0,29212,M,4837142.0,-458907.0,29
201000018156,10,3,4,530,3,1,1,1.0,3.0,34143,M,4345212.0,359930.0,34
201000018157,10,5,12,1800,1,1,1,1.0,7.0,34172,M,4358493.0,389061.0,34
201000018158,10,8,2,1400,1,1,1,1.0,4.0,34129,M,4358170.0,388615.0,34
201000018159,10,8,28,215,3,1,1,1.0,5.0,34166,M,4335794.0,334098.0,34
201000018160,10,9,2,1815,1,1,1,1.0,6.0,34032,M,4330318.0,322164.0,34
201000018161,10,10,23,530,3,1,1,1.0,6.0,34129,M,4357980.0,388351.0,34
201000018162,10,11,7,545,3,1,1,1.0,6.0,34032,M,4334000.0,329100.0,34
201000018163,10,11,25,845,1,1,1,1.0,4.0,34298,M,4331100.0,323800.0,34
201000018164,10,11,27,500,3,1,1,1.0,6.0,34129,M,4357900.0,387900.0,34
201000018165,10,12,1,1330,1,1,1,1.0,1.0,34031,M,0.0,0.0,34
201000018166,10,4,2,545,3,1,1,8.0,2.0,33552,M,0.0,0.0,33
201000018167,10,6,15,1830,1,1,1,8.0,3.0,33452,M,0.0,0.0,33
201000018168,10,10,5,1445,1,1,9,1.0,2.0,33474,M,0.0,0.0,33
201000018169,10,12,18,645,3,1,1,8.0,4.0,33227,M,4453400.0,-21800.0,33
201000018170,10,2,2,1030,1,2,6,1.0,6.0,31506,M,,,31
201000018171,10,3,1,530,5,2,1,1.0,1.0,31506,M,0.0,0.0,31
201000018172,10,3,12,230,5,1,1,1.0,1.0,31254,M,0.0,0.0,31
201000018173,10,8,6,1615,1,2,1,1.0,2.0,31506,M,0.0,0.0,31
201000018174,10,8,23,1930,1,2,1,1.0,6.0,31445,M,0.0,0.0,31
201000018175,10,12,22,1415,1,2,2,1.0,3.0,31254,M,0.0,0.0,31
201000018176,10,1,22,1830,3,1,1,1.0,4.0,63272,M,0.0,0.0,63
201000018177,10,2,23,430,3,1,1,1.0,2.0,63241,M,0.0,0.0,63
201000018178,10,5,17,1745,1,1,1,1.0,4.0,63272,M,0.0,0.0,63
201000018179,10,6,1,2000,1,1,1,2.0,2.0,63455,M,0.0,0.0,63
201000018180,10,7,18,2215,3,1,1,1.0,2.0,63126,M,4568000.0,314000.0,63
201000018181,10,7,30,1400,1,1,1,1.0,2.0,63302,M,4570200.0,314800.0,63
201000018182,10,9,11,700,2,1,1,1.0,3.0,63126,M,0.0,0.0,63
201000018183,10,10,28,1845,4,1,1,1.0,2.0,63113,M,0.0,0.0,63
201000018184,10,11,1,345,3,1,1,1.0,6.0,63273,M,4573000.0,315000.0,63
201000018185,10,11,10,100,3,1,1,1.0,6.0,63021,M,0.0,0.0,63
201000018186,10,1,23,345,3,1,1,1.0,7.0,64545,M,4335590.0,-171645.0,64
201000018187,10,2,18,1345,1,1,1,1.0,3.0,64483,M,4340490.0,-162948.0,64
201000018188,10,3,12,2320,3,1,1,1.0,3.0,40261,M,0.0,0.0,40
201000018189,10,3,17,1830,1,1,1,1.0,1.0,64038,M,4344890.0,-153641.0,64
201000018190,10,3,27,1730,1,1,1,1.0,7.0,64102,M,4347420.0,-145822.0,64
201000018191,10,5,21,830,1,1,1,1.0,2.0,40312,M,0.0,0.0,40
201000018192,10,7,2,2100,2,1,1,1.0,2.0,64147,M,4344900.0,-135272.0,64
201000018193,10,7,13,2130,2,1,1,1.0,6.0,64407,M,4345610.0,-141230.0,64
201000018194,10,7,26,1915,1,1,1,1.0,6.0,64483,M,4338380.0,-164365.0,64
201000018195,10,11,22,1835,5,2,1,2.0,2.0,08409,M,0.0,0.0,08
201000018196,10,2,18,815,1,1,1,1.0,6.0,55492,M,0.0,0.0,55
201000018197,10,3,9,930,1,1,1,1.0,6.0,54408,M,4917190.0,575864.0,54
201000018198,10,4,2,130,3,1,1,1.0,7.0,54408,M,4917930.0,578247.0,54
201000018199,10,4,17,20,3,1,1,1.0,5.0,55497,M,4909088.0,520642.0,55
201000018200,10,6,17,1030,1,1,1,8.0,6.0,55202,M,0.0,0.0,55
201000018201,10,6,28,600,1,1,1,1.0,2.0,55492,M,0.0,0.0,55
201000018202,10,7,2,1245,1,1,1,1.0,2.0,55237,M,0.0,0.0,55
201000018203,10,8,24,1115,1,1,1,1.0,3.0,55567,M,4800000.0,500000.0,55
201000018204,10,1,17,2115,3,1,1,8.0,7.0,51599,M,4909470.0,425661.0,51
201000018205,10,2,1,645,3,1,1,4.0,5.0,51282,M,4924300.0,389027.0,51
201000018206,10,3,12,1400,1,1,1,1.0,2.0,51454,M,0.0,0.0,51
201000018207,10,4,21,15,3,1,1,1.0,2.0,51278,M,0.0,0.0,51
201000018208,10,5,31,1700,1,1,1,1.0,2.0,51562,M,0.0,0.0,51
201000018209,10,6,15,300,5,1,1,1.0,7.0,51569,M,0.0,0.0,51
201000018210,10,6,26,715,1,1,1,1.0,6.0,51571,M,0.0,0.0,51
201000018211,10,7,16,1530,1,1,1,1.0,3.0,51454,M,0.0,0.0,51
201000018212,10,7,26,745,1,1,1,8.0,7.0,51569,M,0.0,0.0,51
201000018213,10,7,29,1530,1,1,1,1.0,4.0,51536,M,0.0,0.0,51
201000018214,10,9,12,550,3,1,1,1.0,6.0,51278,M,0.0,0.0,51
201000018215,10,10,11,1815,1,1,1,1.0,2.0,51518,M,0.0,0.0,51
201000018216,10,10,24,1915,3,1,1,1.0,7.0,51569,M,0.0,0.0,51
201000018217,10,11,25,1845,5,1,1,1.0,6.0,51573,M,0.0,0.0,51
201000018218,10,9,30,1130,1,2,1,1.0,6.0,91105,M,0.0,0.0,91
201000018219,10,2,1,1000,1,2,4,1.0,7.0,69081,M,0.0,0.0,69
201000018220,10,5,28,1130,1,2,1,1.0,1.0,69081,M,0.0,0.0,69
201000018221,10,6,21,1400,1,2,1,1.0,7.0,69081,M,0.0,0.0,69
201000018222,10,7,12,1600,1,2,1,6.0,6.0,69081,M,0.0,0.0,69
201000018223,10,1,28,1600,1,2,1,1.0,3.0,38485,M,0.0,0.0,38
201000018224,10,3,18,1645,1,1,1,1.0,7.0,38485,M,0.0,0.0,38
201000018225,10,4,24,1600,1,1,1,1.0,5.0,38433,M,0.0,0.0,38
201000018226,10,4,27,1245,1,2,1,1.0,3.0,38485,M,0.0,0.0,38
201000018227,10,5,29,1500,1,1,1,1.0,5.0,38433,M,4517430.0,563941.0,38
201000018228,10,9,21,830,1,1,1,1.0,7.0,38433,M,4516720.0,562475.0,38
201000018229,10,12,15,2300,5,2,1,1.0,6.0,38485,M,0.0,0.0,38
201000018230,10,12,22,745,1,2,1,1.0,3.0,38485,M,0.0,0.0,38
201000018231,10,2,13,1730,1,1,1,1.0,4.0,38173,M,4504120.0,612597.0,38
201000018232,10,5,8,1100,1,2,1,1.0,6.0,38052,M,0.0,0.0,38
201000018233,10,5,10,1445,1,2,1,1.0,1.0,38052,M,0.0,0.0,38
201000018234,10,8,31,1815,1,1,1,1.0,3.0,38052,M,4509600.0,601015.0,38
201000018235,10,5,2,800,1,1,1,1.0,6.0,51588,M,0.0,0.0,51
201000018236,10,7,1,1515,1,1,1,1.0,6.0,51507,M,0.0,0.0,51
201000018237,10,3,13,445,3,1,1,1.0,6.0,57303,M,0.0,0.0,57
201000018238,10,3,28,1215,1,1,1,1.0,6.0,57249,M,0.0,0.0,57
201000018239,10,5,13,1545,1,1,1,1.0,3.0,57028,M,0.0,0.0,57
201000018240,10,6,10,1130,1,1,1,1.0,7.0,57467,M,0.0,0.0,57
201000018241,10,7,24,1430,1,1,1,1.0,7.0,57510,M,0.0,0.0,57
201000018242,10,8,5,2130,3,1,1,1.0,7.0,57556,M,0.0,0.0,57
201000018243,10,8,25,1230,1,1,1,1.0,7.0,57155,M,0.0,0.0,57
201000018244,10,7,4,415,3,1,9,1.0,2.0,86115,M,0.0,0.0,86
201000018245,10,7,4,2130,2,1,1,1.0,7.0,86066,M,0.0,0.0,86
201000018246,10,7,19,1615,1,1,1,1.0,3.0,86115,M,0.0,0.0,86
201000018247,10,8,29,1545,1,1,1,1.0,7.0,86019,M,4674700.0,42400.0,86
201000018248,10,8,25,700,2,1,1,1.0,2.0,86115,M,0.0,0.0,86
201000018249,10,9,6,700,2,1,1,1.0,2.0,86280,M,0.0,0.0,86
201000018250,10,9,16,200,3,1,1,1.0,1.0,86007,M,0.0,0.0,86
201000018251,10,11,7,1630,1,1,1,4.0,5.0,86174,M,0.0,0.0,86
201000018252,10,11,8,1700,3,1,1,8.0,5.0,86027,M,4659700.0,30300.0,86
201000018253,10,11,11,1230,1,1,1,2.0,6.0,86019,M,0.0,0.0,86
201000018254,10,1,15,1915,3,1,1,1.0,5.0,49266,M,4743590.0,-78032.0,49
201000018255,10,1,17,1700,2,1,1,1.0,4.0,49298,M,4746030.0,-69834.0,49
201000018256,10,5,3,1630,1,1,9,1.0,6.0,49007,M,4749100.0,-53761.0,49
201000018257,10,6,11,900,1,1,1,1.0,6.0,49289,M,4746060.0,-69787.0,49
201000018258,10,7,2,1715,1,1,1,1.0,6.0,49266,M,4743660.0,-77520.0,49
201000018259,10,8,26,615,2,1,9,1.0,7.0,49129,M,4750240.0,-50075.0,49
201000018260,10,5,31,730,1,1,1,1.0,6.0,02655,M,0.0,0.0,02
201000018261,10,6,6,1730,1,1,1,1.0,6.0,02085,M,0.0,0.0,02
201000018262,10,6,30,1115,1,1,1,1.0,6.0,02290,M,0.0,0.0,02
201000018263,10,1,5,1715,2,1,1,2.0,6.0,06088,M,0.0,0.0,06
201000018264,10,3,25,1700,1,1,1,1.0,6.0,06150,M,0.0,0.0,06
201000018265,10,4,1,1530,1,1,1,1.0,7.0,06088,M,0.0,0.0,06
201000018266,10,5,29,1000,1,1,9,1.0,7.0,06088,M,0.0,0.0,06
201000018267,10,6,9,715,1,1,1,1.0,7.0,06088,M,0.0,0.0,06
201000018268,10,7,22,1615,1,1,1,1.0,3.0,06104,M,0.0,0.0,06
201000018269,10,8,30,1730,1,1,1,1.0,4.0,06088,M,0.0,0.0,06
201000018270,10,8,31,845,1,1,1,1.0,1.0,06059,M,0.0,0.0,06
201000018271,10,9,29,1200,1,1,1,1.0,3.0,06088,M,4367100.0,720000.0,06
201000018272,10,10,1,300,5,1,1,1.0,6.0,06088,M,0.0,0.0,06
201000018273,10,10,3,1915,2,1,1,1.0,5.0,06088,M,0.0,0.0,06
201000018274,10,10,19,2015,5,1,1,1.0,6.0,06088,M,0.0,0.0,06
201000018275,10,11,8,1900,3,1,1,1.0,4.0,06149,M,0.0,0.0,06
201000018276,10,11,20,2015,5,1,1,3.0,4.0,06088,M,0.0,0.0,06
201000018277,10,11,10,1045,1,1,1,1.0,6.0,06088,M,4367400.0,720400.0,06
201000018278,10,12,16,900,3,1,1,1.0,2.0,06149,M,0.0,0.0,06
201000018279,10,5,2,1600,1,1,9,1.0,4.0,67434,M,0.0,0.0,67
201000018280,10,10,20,2030,5,1,1,9.0,6.0,57468,M,4877900.0,725000.0,57
201000018281,10,1,7,915,1,1,1,8.0,2.0,68059,M,4772192.0,715360.0,68
201000018282,10,4,23,530,3,1,1,1.0,3.0,68267,M,4774098.0,723479.0,68
201000018283,10,8,20,930,1,1,1,1.0,7.0,90015,M,0.0,0.0,90
201000018284,10,9,2,1545,1,1,1,1.0,4.0,68218,M,4774245.0,724820.0,68
201000018285,10,10,23,2100,5,1,1,3.0,6.0,90032,M,0.0,0.0,90
201000018286,10,11,4,1145,1,1,1,1.0,4.0,68195,M,4774487.0,726630.0,68
201000018287,10,12,24,1230,1,1,1,1.0,6.0,68267,M,4773850.0,722130.0,68
201000018288,10,2,12,1515,1,1,1,6.0,5.0,66190,M,0.0,0.0,66
201000018289,10,5,21,200,3,1,1,1.0,1.0,66164,M,0.0,0.0,66
201000018290,10,6,16,300,3,1,1,1.0,5.0,66164,M,0.0,0.0,66
201000018291,10,6,19,15,3,1,1,1.0,6.0,66164,M,0.0,0.0,66
201000018292,10,7,18,715,1,1,1,1.0,2.0,66144,M,0.0,0.0,66
201000018293,10,7,18,2100,1,1,1,7.0,6.0,66164,M,4278087.0,289896.0,66
201000018294,10,8,22,215,3,1,1,1.0,6.0,66226,M,0.0,0.0,66
201000018295,10,9,4,1745,1,1,1,1.0,2.0,66063,M,0.0,0.0,66
201000018296,10,1,1,845,1,1,1,1.0,6.0,67067,M,0.0,0.0,67
201000018297,10,4,2,1530,1,1,1,1.0,7.0,67067,M,0.0,0.0,67
201000018298,10,4,7,1800,1,1,1,1.0,2.0,67117,M,0.0,0.0,67
201000018299,10,6,2,1445,1,1,1,1.0,5.0,67506,M,0.0,0.0,67
201000018300,10,7,21,850,1,1,1,1.0,7.0,67117,M,0.0,0.0,67
201000018301,10,8,10,1115,1,1,1,1.0,1.0,67506,M,0.0,0.0,67
201000018302,10,8,13,2345,3,1,1,1.0,7.0,67510,M,0.0,0.0,67
201000018303,10,8,26,1945,2,1,1,1.0,6.0,67033,M,4875300.0,768800.0,67
201000018304,10,10,1,1700,1,1,1,1.0,3.0,67506,M,0.0,0.0,67
201000018305,10,11,4,730,2,1,1,1.0,1.0,67506,M,4865900.0,773600.0,67
201000018306,10,11,19,1755,3,1,1,1.0,2.0,67506,M,0.0,0.0,67
201000018307,10,11,23,1640,2,1,1,1.0,7.0,67067,M,4871000.0,771000.0,67
201000018308,10,12,23,1420,1,1,1,1.0,7.0,67117,M,0.0,0.0,67
201000018309,10,2,2,800,1,1,1,2.0,7.0,62019,M,5042500.0,272100.0,62
201000018310,10,2,2,815,1,1,1,2.0,7.0,62350,M,5051500.0,260900.0,62
201000018311,10,3,10,1745,1,1,1,1.0,6.0,62186,M,5044500.0,270300.0,62
201000018312,10,3,14,2245,3,1,1,1.0,6.0,62032,M,5040600.0,275000.0,62
201000018313,10,4,12,845,1,1,1,1.0,6.0,62563,M,5047600.0,269600.0,62
201000018314,10,7,28,1830,1,1,1,1.0,6.0,62737,M,5045100.0,269900.0,62
201000018315,10,8,12,645,2,1,1,1.0,6.0,62848,M,5050800.0,265500.0,62
201000018316,10,8,13,700,2,1,1,1.0,2.0,62500,M,5056300.0,242400.0,62
201000018317,10,8,13,1415,1,1,1,1.0,6.0,62810,M,0.0,0.0,62
201000018318,10,9,28,800,1,1,1,2.0,3.0,62810,M,5035200.0,279100.0,62
201000018319,10,10,8,2330,3,1,1,5.0,6.0,62516,M,0.0,0.0,62
201000018320,10,11,22,2000,3,1,1,1.0,6.0,62019,M,5041300.0,273800.0,62
201000018321,10,12,26,900,1,1,1,1.0,6.0,62750,M,5057000.0,237000.0,62
201000018322,10,10,24,1830,1,2,1,1.0,6.0,91540,M,0.0,0.0,91
201000018323,10,2,7,1915,5,2,1,8.0,3.0,95323,M,4901080.0,204579.0,95
201000018324,10,9,20,1600,1,1,2,1.0,3.0,95450,M,4901560.0,207419.0,95
201000018325,10,1,18,1230,1,1,1,1.0,5.0,38249,M,4522500.0,581700.0,38
201000018326,10,1,31,1030,1,1,1,1.0,1.0,38039,M,4525740.0,588464.0,38
201000018327,10,3,12,45,3,1,1,1.0,2.0,38431,M,4524600.0,585399.0,38
201000018328,10,4,25,145,3,1,1,1.0,6.0,38214,M,4528870.0,591553.0,38
201000018329,10,4,29,1000,1,1,1,1.0,6.0,38397,M,4523770.0,584214.0,38
201000018330,10,6,5,745,1,1,1,1.0,2.0,38397,M,4524000.0,584768.0,38
201000018331,10,7,28,2215,3,1,1,1.0,2.0,38417,M,4537820.0,597888.0,38
201000018332,10,9,8,645,2,1,1,1.0,5.0,38466,M,4537000.0,597200.0,38
201000018333,10,9,8,1130,1,1,1,1.0,1.0,38511,M,4526000.0,588500.0,38
201000018334,10,9,10,1045,1,1,1,1.0,6.0,38431,M,4524330.0,586119.0,38
201000018335,10,9,12,815,1,1,1,1.0,7.0,38511,M,4540610.0,599752.0,38
201000018336,10,9,20,745,1,1,1,5.0,3.0,38431,M,4524290.0,585789.0,38
201000018337,10,10,5,1345,1,1,1,1.0,3.0,38229,M,0.0,0.0,38
201000018338,10,10,10,215,3,1,1,1.0,6.0,38075,M,4544870.0,600335.0,38
201000018339,10,1,10,530,3,1,1,8.0,6.0,86066,M,0.0,0.0,86
201000018340,10,1,12,1730,3,1,1,4.0,2.0,86174,M,0.0,0.0,86
201000018341,10,5,12,430,3,1,9,1.0,2.0,25516,M,0.0,0.0,25
201000018342,10,8,7,915,1,1,1,1.0,7.0,25020,M,4749100.0,681400.0,25
201000018343,10,1,13,1545,1,1,1,1.0,3.0,13025,M,4348190.0,554835.0,13
201000018344,10,1,17,715,2,1,9,1.0,6.0,13025,M,4348330.0,553940.0,13
201000018345,10,4,5,1915,1,1,1,1.0,2.0,13025,M,4348460.0,553551.0,13
201000018346,10,5,12,1930,1,1,1,1.0,2.0,13025,M,4348230.0,554348.0,13
201000018347,10,7,9,1830,1,1,1,1.0,3.0,13001,M,4351160.0,544770.0,13
201000018348,10,8,6,1845,1,1,1,1.0,2.0,13001,M,0.0,0.0,13
201000018349,10,8,17,2000,1,1,1,1.0,2.0,13086,M,4334620.0,561465.0,13
201000018350,10,9,6,1900,1,1,1,1.0,6.0,13013,M,4342850.0,557459.0,13
201000018351,10,9,7,1830,1,1,1,1.0,4.0,13001,M,4351820.0,542905.0,13
201000018352,10,9,10,615,2,1,9,1.0,3.0,13001,M,0.0,0.0,13
201000018353,10,10,8,315,3,1,9,9.0,2.0,13001,M,4351760.0,543037.0,13
201000018354,10,10,13,1145,1,1,1,2.0,6.0,13060,M,4350520.0,551005.0,13
201000018355,10,11,9,900,1,1,1,1.0,5.0,13001,M,0.0,0.0,13
201000018356,10,11,29,945,1,1,1,1.0,4.0,13001,M,0.0,0.0,13
201000018357,10,12,18,530,3,1,9,1.0,6.0,13001,M,0.0,0.0,13
201000018358,10,1,21,2030,1,1,1,1.0,4.0,06027,M,0.0,0.0,06
201000018359,10,2,20,1900,5,1,1,1.0,2.0,06004,M,0.0,0.0,06
201000018360,10,5,8,1845,1,1,1,3.0,6.0,83133,M,0.0,0.0,83
201000018361,10,7,17,1145,1,1,1,1.0,2.0,06004,M,0.0,0.0,06
201000018362,10,7,29,1845,1,1,1,1.0,2.0,06004,M,0.0,0.0,06
201000018363,10,8,30,1700,1,1,1,1.0,4.0,06027,M,0.0,0.0,06
201000018364,10,9,3,1800,1,1,1,1.0,4.0,06085,M,0.0,0.0,06
201000018365,10,9,13,1715,1,1,1,2.0,3.0,06027,M,0.0,0.0,06
201000018366,10,9,15,745,1,1,1,1.0,6.0,06027,M,0.0,0.0,06
201000018367,10,11,8,1530,1,1,1,1.0,6.0,06004,M,0.0,0.0,06
201000018368,10,11,10,2030,2,1,1,1.0,3.0,06004,M,0.0,0.0,06
201000018369,10,12,11,2045,5,1,1,1.0,1.0,06079,M,0.0,0.0,06
201000018370,10,12,27,145,3,1,1,1.0,5.0,06085,M,0.0,0.0,06
201000018371,10,3,27,1300,1,1,1,8.0,6.0,77141,M,0.0,0.0,77
201000018372,10,3,31,2315,3,1,1,1.0,4.0,77141,M,0.0,0.0,77
201000018373,10,5,6,1330,1,1,1,1.0,7.0,77128,M,4889600.0,289400.0,77
201000018374,10,10,14,315,3,1,1,1.0,2.0,77141,M,4886600.0,285200.0,77
201000018375,10,1,8,1415,1,1,1,4.0,6.0,64343,M,4327590.0,-19777.0,64
201000018376,10,6,13,945,2,1,9,1.0,2.0,64448,M,4335840.0,-46003.0,64
201000018377,10,8,13,1200,1,1,1,1.0,6.0,64348,M,4334320.0,-38987.0,64
201000018378,10,9,5,1830,2,1,1,7.0,2.0,64334,M,4350780.0,-103929.0,64
201000018379,10,4,11,1045,1,1,6,7.0,3.0,66012,M,0.0,0.0,66
201000018380,10,4,26,1745,1,1,1,1.0,2.0,66172,M,0.0,0.0,66
201000018381,10,11,19,715,2,1,3,1.0,3.0,66228,M,4270886.0,279570.0,66
201000018382,10,11,23,1915,5,2,1,1.0,3.0,66172,M,4271642.0,284185.0,66
201000018383,10,1,31,815,1,1,1,9.0,6.0,63131,M,0.0,0.0,63