Num_Acc,an,mois,jour,hrmn,lum,agg,int,atm,col,com,gps,lat,long,dep
201000018384,10,12,12,1730,5,2,1,1.0,1.0,74081,M,0.0,0.0,74
201000018385,10,10,2,1245,1,1,1,1.0,7.0,74159,M,0.0,0.0,74
201000018386,10,10,30,1615,1,1,6,1.0,6.0,74169,M,0.0,0.0,74
201000018387,10,11,5,1245,1,2,2,1.0,3.0,74081,M,0.0,0.0,74
201000018388,10,11,15,915,1,2,1,1.0,6.0,74081,M,0.0,0.0,74
201000018389,10,11,15,1800,3,2,1,2.0,3.0,74081,M,0.0,0.0,74
201000018390,10,10,28,1900,2,2,1,1.0,6.0,74169,M,0.0,0.0,74
201000018391,10,11,26,1830,5,2,1,1.0,1.0,74081,M,0.0,0.0,74
201000018392,10,11,28,1845,2,1,1,8.0,1.0,74264,M,0.0,0.0,74
201000018393,10,11,29,2115,5,2,1,9.0,6.0,74081,M,0.0,0.0,74
201000018394,10,12,17,1430,1,1,1,4.0,3.0,74081,M,0.0,0.0,74
201000018395,10,1,16,130,3,1,1,1.0,2.0,11018,M,0.0,0.0,11
201000018396,10,2,23,2115,3,1,1,1.0,6.0,11397,M,4319700.0,242100.0,11
201000018397,10,4,14,1400,1,1,1,1.0,6.0,11049,M,4323400.0,211400.0,11
201000018398,10,4,30,1700,1,1,1,1.0,6.0,11069,M,4319700.0,242100.0,11
201000018399,10,6,4,1200,1,1,1,1.0,6.0,11148,M,0.0,0.0,11
201000018400,10,7,12,1000,1,1,1,1.0,3.0,11049,M,0.0,0.0,11
201000018401,10,8,21,1045,1,1,1,1.0,3.0,11254,M,0.0,0.0,11
201000018402,10,10,23,1145,1,1,1,1.0,6.0,11069,M,0.0,0.0,11
201000018403,10,3,7,1730,1,1,2,1.0,3.0,59533,M,5019600.0,340600.0,59
201000018404,10,5,23,130,3,1,1,1.0,7.0,59485,M,5016000.0,342700.0,59
201000018405,10,7,8,2130,1,1,1,1.0,7.0,59432,M,5015300.0,326600.0,59
201000018406,10,7,10,1115,1,2,1,1.0,6.0,59533,M,5018500.0,341700.0,59
201000018407,10,10,26,1600,1,1,1,8.0,3.0,59502,M,5019100.0,334500.0,59
201000018408,10,11,1,2200,3,1,1,1.0,3.0,59502,M,5019100.0,335500.0,59
201000018409,10,11,12,1745,3,1,1,2.0,1.0,59132,M,0.0,0.0,59
201000018410,10,3,22,945,1,1,4,1.0,3.0,47078,M,4428800.0,27000.0,47
201000018411,10,5,9,615,3,1,1,1.0,2.0,47156,M,4447200.0,6200.0,47
201000018412,10,9,10,1900,1,1,1,1.0,2.0,47046,M,4437860.0,21724.0,47
201000018413,10,12,15,845,1,1,1,7.0,2.0,47061,M,0.0,0.0,47
201000018414,10,5,28,1245,1,1,1,1.0,2.0,28219,M,4823170.0,102803.0,28
201000018415,10,6,1,1930,1,1,1,1.0,6.0,72132,M,4818800.0,80100.0,72
201000018416,10,6,15,1515,1,1,1,1.0,7.0,72165,M,0.0,0.0,72
201000018417,10,7,21,1745,1,1,1,1.0,6.0,72165,M,4807300.0,42700.0,72
201000018418,10,11,8,545,3,1,1,3.0,6.0,72165,M,0.0,0.0,72
201000018419,10,7,18,1830,1,1,1,1.0,6.0,89277,M,0.0,0.0,89
201000018420,10,8,30,645,2,1,1,1.0,6.0,89316,M,4755600.0,395900.0,89
201000018421,10,9,5,815,1,1,1,1.0,6.0,89378,M,4751900.0,399400.0,89
201000018422,10,10,27,1145,1,1,1,1.0,4.0,89208,M,0.0,0.0,89
201000018423,10,11,27,1015,2,1,1,4.0,3.0,89415,M,0.0,0.0,89
201000018424,10,12,3,1445,1,1,1,8.0,3.0,89224,M,0.0,0.0,89
201000018425,10,4,26,130,3,1,1,1.0,1.0,25147,M,4723500.0,588800.0,25
201000018426,10,5,11,1215,1,1,1,3.0,6.0,25448,M,4727500.0,593400.0,25
201000018427,10,1,5,1740,5,2,1,2.0,2.0,09122,M,,,09
201000018428,10,1,5,1810,5,2,1,2.0,7.0,09122,M,,,09
201000018429,10,1,16,2305,3,1,1,1.0,7.0,09122,M,,,09
201000018430,10,3,20,1000,1,2,1,1.0,7.0,09122,M,,,09
201000018431,10,6,29,1740,1,2,3,1.0,3.0,09122,M,,,09
201000018432,10,7,16,2000,1,2,1,1.0,1.0,09122,M,,,09
201000018433,10,8,2,1205,1,2,3,1.0,3.0,09122,M,,,09
201000018434,10,9,4,213,5,2,1,1.0,6.0,09122,M,,,09
201000018435,10,9,27,1555,1,2,1,1.0,2.0,09122,M,,,09
201000018436,10,12,7,1800,4,2,3,1.0,7.0,09122,M,,,09
201000018437,10,2,20,245,3,1,1,9.0,7.0,91617,M,0.0,0.0,91
201000018438,10,4,2,1345,1,1,1,3.0,3.0,91617,M,4865600.0,252800.0,91
201000018439,10,4,4,45,5,2,1,1.0,6.0,91600,M,4867200.0,241700.0,91
201000018440,10,4,11,545,3,1,1,1.0,6.0,91617,M,4864800.0,253800.0,91
201000018441,10,4,15,1500,1,2,6,1.0,3.0,91225,M,4864300.0,245900.0,91
201000018442,10,5,11,1000,1,1,1,8.0,2.0,91225,M,4867400.0,250600.0,91
201000018443,10,5,12,1200,1,1,1,1.0,5.0,91577,M,0.0,0.0,91
201000018444,10,3,3,1715,1,1,1,1.0,3.0,38253,M,4503380.0,611626.0,38
201000018445,10,6,19,1515,1,1,1,2.0,7.0,38253,M,4503300.0,608000.0,38
201000018446,10,6,25,530,5,2,1,1.0,6.0,38253,M,4502100.0,612900.0,38
201000018447,10,7,11,530,2,2,3,1.0,6.0,38253,M,4503620.0,613025.0,38
201000018448,10,8,22,1730,1,1,1,1.0,6.0,38253,M,4504100.0,613299.0,38
201000018449,10,8,28,1945,1,1,1,1.0,7.0,38253,M,4503010.0,612112.0,38
201000018450,10,10,10,1030,1,1,1,1.0,6.0,38253,M,4503200.0,608698.0,38
201000018451,10,1,2,1155,1,2,3,8.0,6.0,09225,M,,,09
201000018452,10,1,23,2055,3,1,1,1.0,6.0,09225,M,,,09
201000018453,10,6,4,1125,1,1,1,1.0,2.0,09225,M,,,09
201000018454,10,8,6,1937,1,2,3,1.0,3.0,09225,M,,,09
201000018455,10,10,23,1020,1,2,2,1.0,3.0,09225,M,,,09
201000018456,10,11,3,1715,1,2,1,1.0,6.0,09225,M,,,09
201000018457,10,11,15,1730,2,2,2,8.0,6.0,09225,M,,,09
201000018458,10,11,23,1110,1,2,1,1.0,6.0,09225,M,,,09
201000018459,10,12,21,1915,3,1,1,1.0,6.0,09225,M,,,09
201000018460,10,10,22,450,3,1,2,1.0,7.0,09225,M,,,09
201000018461,10,12,6,1610,1,2,9,1.0,6.0,09225,M,,,09
201000018462,10,3,4,1315,1,1,1,8.0,3.0,31381,M,,,31
201000018463,10,6,4,2330,3,1,1,1.0,2.0,31582,M,0.0,0.0,31
201000018464,10,7,2,1045,2,1,1,1.0,4.0,31037,M,4336500.0,178100.0,31
201000018465,10,8,1,1900,1,1,1,2.0,7.0,31113,M,0.0,0.0,31
201000018466,10,8,1,1830,1,1,1,1.0,6.0,31210,M,0.0,0.0,31
201000018467,10,8,3,445,3,1,1,1.0,2.0,31254,M,0.0,0.0,31
201000018468,10,8,16,1715,1,1,1,1.0,4.0,31374,M,0.0,0.0,31
201000018469,10,2,9,115,3,1,1,1.0,6.0,33498,M,4456100.0,-83100.0,33
201000018470,10,11,1,1345,1,1,1,1.0,1.0,33199,M,0.0,0.0,33
201000018471,10,3,24,45,3,1,1,1.0,2.0,33284,M,4466000.0,-83100.0,33
201000018472,10,3,30,1145,1,1,1,6.0,6.0,33284,M,4461600.0,-85000.0,33
201000018473,10,4,23,830,1,1,1,8.0,1.0,33199,M,0.0,0.0,33
201000018474,10,5,3,1430,1,1,1,1.0,7.0,33498,M,4453900.0,-83500.0,33
201000018475,10,7,24,615,2,1,1,1.0,7.0,33284,M,0.0,0.0,33
201000018476,10,8,11,1445,1,1,1,1.0,4.0,33199,M,0.0,0.0,33
201000018477,10,10,17,715,5,1,1,1.0,6.0,33284,M,0.0,0.0,33
201000018478,10,10,30,700,3,1,1,1.0,7.0,33284,M,4468600.0,-78600.0,33
201000018479,10,11,21,815,1,1,1,3.0,6.0,33284,M,4467000.0,-81000.0,33
201000018480,10,12,5,1645,2,1,1,2.0,6.0,33284,M,4463000.0,-95000.0,33
201000018481,10,12,5,1700,2,1,1,3.0,2.0,33284,M,4467000.0,-81000.0,33
201000018482,10,12,26,1415,1,1,1,1.0,6.0,33284,M,4463400.0,-85100.0,33
201000018483,10,6,7,1845,1,1,1,1.0,6.0,74143,M,4590200.0,682800.0,74
201000018484,10,7,2,1700,1,1,1,2.0,7.0,74208,M,4590100.0,681900.0,74
201000018485,10,8,2,1630,1,1,1,1.0,7.0,74290,M,4593000.0,674900.0,74
201000018486,10,9,3,1615,1,1,1,1.0,2.0,74208,M,4593400.0,673400.0,74
201000018487,10,11,2,945,1,1,1,8.0,2.0,74208,M,4591800.0,672500.0,74
201000018488,10,8,8,1030,1,1,1,1.0,3.0,46227,M,4438370.0,183180.0,46
201000018489,10,9,24,1545,1,1,1,2.0,1.0,46092,M,4444150.0,159620.0,46
201000018490,10,10,20,1030,1,1,9,1.0,7.0,46328,M,4435360.0,169469.0,46
201000018491,10,5,8,1700,1,1,1,3.0,1.0,72113,M,0.0,0.0,72
201000018492,10,12,11,230,3,1,1,9.0,7.0,72149,M,0.0,0.0,72
201000018493,10,4,10,2200,3,1,1,1.0,7.0,68021,M,4764565.0,749488.0,68
201000018494,10,6,3,2345,3,1,1,1.0,7.0,68072,M,4770762.0,743851.0,68
201000018495,10,10,3,15,3,1,1,1.0,2.0,68301,M,4768818.0,745096.0,68
201000018496,10,1,4,1415,1,1,1,1.0,2.0,53054,M,0.0,0.0,53
201000018497,10,2,10,245,3,1,1,1.0,2.0,53228,M,0.0,0.0,53
201000018498,10,8,3,1745,1,1,1,1.0,6.0,53262,M,0.0,0.0,53
201000018499,10,8,7,1515,1,1,1,3.0,2.0,53108,M,4809400.0,-110100.0,53
201000018500,10,10,8,900,1,1,1,1.0,6.0,53201,M,0.0,0.0,53
201000018501,10,5,28,1245,1,1,1,1.0,7.0,44163,M,4742300.0,-111400.0,44
201000018502,10,6,21,300,3,1,1,1.0,1.0,44048,M,0.0,0.0,44
201000018503,10,8,1,700,2,1,1,1.0,6.0,44094,M,0.0,0.0,44
201000018504,10,11,12,1800,5,1,1,2.0,1.0,44003,M,0.0,0.0,44
201000018505,10,12,26,1455,1,1,1,1.0,7.0,49068,M,4743250.0,-87456.0,49
201000018506,10,8,8,1130,1,1,1,1.0,6.0,47186,M,4421260.0,43748.0,47
201000018507,10,11,20,1900,3,1,1,2.0,6.0,82169,M,0.0,0.0,82
201000018508,10,1,11,745,1,1,1,1.0,6.0,20065,M,0.0,0.0,201
201000018509,10,3,24,915,1,1,1,1.0,1.0,20070,M,4207400.0,872400.0,201
201000018510,10,5,21,1145,1,2,1,1.0,3.0,20934,M,0.0,0.0,201
201000018511,10,6,1,800,1,2,9,1.0,1.0,20934,M,0.0,0.0,201
201000018512,10,6,17,2100,2,1,1,1.0,7.0,20048,M,0.0,0.0,201
201000018513,10,6,29,1145,1,1,1,1.0,7.0,20048,M,0.0,0.0,201
201000018514,10,9,16,1800,1,1,1,1.0,1.0,20048,M,0.0,0.0,201
201000018515,10,11,3,1030,1,1,1,1.0,1.0,20048,M,0.0,0.0,201
201000018516,10,6,21,1630,1,1,1,2.0,1.0,20130,M,0.0,0.0,201
201000018517,10,11,10,1500,1,1,1,3.0,3.0,20358,M,0.0,0.0,201
201000018518,10,3,7,1100,1,1,1,6.0,6.0,21268,M,4711580.0,539455.0,21
201000018519,10,3,28,1145,1,1,1,2.0,2.0,39302,M,4715500.0,570200.0,39
201000018520,10,11,1,1315,1,1,1,1.0,7.0,21572,M,4710720.0,537198.0,21
201000018521,10,5,24,1845,1,1,1,1.0,1.0,38126,M,0.0,0.0,38
201000018522,10,5,29,1730,1,1,1,1.0,2.0,38249,M,0.0,0.0,38
201000018523,10,7,21,1400,1,1,1,1.0,7.0,38397,M,4524620.0,584679.0,38
201000018524,10,8,3,400,5,1,6,1.0,7.0,38431,M,4544300.0,543600.0,38
201000018525,10,8,1,1215,1,2,1,1.0,6.0,38039,M,0.0,0.0,38
201000018526,10,8,9,1815,1,2,1,7.0,1.0,38431,M,4526060.0,584443.0,38
201000018527,10,8,9,2115,2,2,3,1.0,3.0,38229,M,4520570.0,577036.0,38
201000018528,10,8,19,2330,5,2,2,1.0,6.0,38229,M,0.0,0.0,38
201000018529,10,8,27,1715,1,1,1,1.0,6.0,38397,M,4523480.0,585422.0,38
201000018530,10,9,1,2200,3,2,1,1.0,6.0,38431,M,4540400.0,542600.0,38
201000018531,10,11,16,1730,5,2,1,2.0,6.0,38126,M,4521320.0,576230.0,38
201000018532,10,11,30,1345,1,2,1,1.0,3.0,38397,M,0.0,0.0,38
201000018533,10,1,16,1245,1,2,1,1.0,7.0,06085,M,0.0,0.0,06
201000018534,10,3,25,1545,1,1,1,1.0,1.0,06085,M,0.0,0.0,06
201000018535,10,4,1,1830,1,2,2,1.0,5.0,06085,M,0.0,0.0,06
201000018536,10,4,27,745,1,2,1,1.0,1.0,06085,M,0.0,0.0,06
201000018537,10,6,1,830,1,1,1,1.0,5.0,06085,M,0.0,0.0,06
201000018538,10,6,26,1445,1,2,1,1.0,1.0,06085,M,0.0,0.0,06
201000018539,10,7,4,1300,1,2,1,1.0,1.0,06085,M,0.0,0.0,06
201000018540,10,7,6,915,1,2,1,1.0,5.0,06085,M,0.0,0.0,06
201000018541,10,7,27,1815,1,1,1,1.0,4.0,06085,M,0.0,0.0,06
201000018542,10,9,24,1215,1,2,1,1.0,6.0,06085,M,0.0,0.0,06
201000018543,10,10,19,1500,1,1,3,1.0,3.0,06085,M,0.0,0.0,06
201000018544,10,1,1,315,3,1,1,2.0,5.0,78466,M,4894810.0,197939.0,78
201000018545,10,1,30,200,3,1,1,4.0,6.0,78431,M,4893910.0,193812.0,78
201000018546,10,3,28,1730,1,2,1,1.0,6.0,78466,M,4892840.0,197604.0,78
201000018547,10,4,23,1115,1,1,3,1.0,3.0,78189,M,4889790.0,192357.0,78
201000018548,10,4,29,1300,1,1,1,1.0,7.0,78431,M,4893780.0,194181.0,78
201000018549,10,5,3,2130,5,2,1,1.0,1.0,78466,M,4892000.0,199400.0,78
201000018550,10,6,3,730,1,1,2,1.0,3.0,78466,M,4892550.0,199742.0,78
201000018551,10,6,24,1845,1,1,1,1.0,1.0,78466,M,4893520.0,197528.0,78
201000018552,10,6,24,1830,1,2,1,1.0,3.0,78466,M,4892600.0,199759.0,78
201000018553,10,8,23,700,1,2,1,1.0,1.0,78466,M,0.0,0.0,78
201000018554,10,3,21,1645,1,2,1,1.0,3.0,33090,M,4477300.0,-64100.0,33
201000018555,10,4,5,215,5,1,1,1.0,6.0,33122,M,0.0,0.0,33
201000018556,10,4,24,1130,1,2,6,1.0,6.0,33122,M,4477600.0,-69800.0,33
201000018557,10,6,10,430,3,1,1,2.0,6.0,33122,M,0.0,0.0,33
201000018558,10,10,31,215,5,1,1,2.0,6.0,33090,M,0.0,0.0,33
201000018559,10,11,4,1215,1,2,1,1.0,1.0,33122,M,0.0,0.0,33
201000018560,10,1,30,1800,1,2,1,1.0,3.0,66195,M,0.0,0.0,66
201000018561,10,9,25,1330,1,2,1,1.0,3.0,66038,M,4265067.0,290889.0,66
201000018562,10,12,8,1915,5,2,1,1.0,6.0,66213,M,4265151.0,283056.0,66
201000018563,10,1,8,2300,3,1,1,4.0,3.0,67329,M,0.0,0.0,67
201000018564,10,1,14,730,2,1,1,5.0,5.0,67108,M,0.0,0.0,67
201000018565,10,4,18,1800,1,1,1,1.0,4.0,67108,M,0.0,0.0,67
201000018566,10,6,13,1210,1,1,1,1.0,3.0,67164,M,0.0,0.0,67
201000018567,10,7,16,1625,1,1,1,1.0,7.0,67101,M,0.0,0.0,67
201000018568,10,8,8,2230,3,1,1,1.0,1.0,67155,M,0.0,0.0,67
201000018569,10,9,19,1400,1,1,1,1.0,2.0,67329,M,0.0,0.0,67
201000018570,10,5,19,1445,1,1,1,1.0,7.0,79128,M,0.0,0.0,79
201000018571,10,7,28,815,1,1,1,1.0,3.0,79078,M,0.0,0.0,79
201000018572,10,12,12,2030,3,1,1,1.0,1.0,79031,M,0.0,0.0,79
201000018573,10,7,10,1445,1,1,1,1.0,6.0,86083,M,0.0,0.0,86
201000018574,10,1,7,930,1,1,1,8.0,3.0,17226,M,0.0,0.0,17
201000018575,10,2,5,1445,1,1,9,4.0,4.0,17213,M,0.0,0.0,17
201000018576,10,5,22,615,2,1,1,1.0,6.0,33351,M,0.0,0.0,33
201000018577,10,6,6,1800,1,1,1,1.0,6.0,74082,M,0.0,0.0,74
201000018578,10,9,13,800,1,1,1,1.0,2.0,74016,M,0.0,0.0,74
201000018579,10,10,5,1130,1,1,1,8.0,6.0,74109,M,0.0,0.0,74
201000018580,10,10,29,345,5,1,1,1.0,7.0,74243,M,0.0,0.0,74
201000018581,10,11,8,745,1,1,1,1.0,2.0,74016,M,0.0,0.0,74
201000018582,10,11,8,915,1,1,1,1.0,6.0,74201,M,0.0,0.0,74
201000018583,10,12,10,1430,1,1,1,1.0,7.0,74082,M,0.0,0.0,74
201000018584,10,12,16,845,1,1,1,1.0,5.0,74243,M,0.0,0.0,74
201000018585,10,12,19,1145,1,1,1,8.0,6.0,74118,M,0.0,0.0,74
201000018586,10,2,7,1715,1,2,1,1.0,6.0,22206,M,4853629.0,-299974.0,22
201000018587,10,5,24,1415,1,2,1,1.0,6.0,22187,M,4856000.0,-276400.0,22
201000018588,10,8,31,1000,1,1,2,1.0,3.0,22206,M,4856600.0,-299300.0,22
201000018589,10,9,4,2215,3,2,1,1.0,7.0,22187,M,4855013.0,-273326.0,22
201000018590,10,9,10,1845,1,1,6,1.0,7.0,22251,M,4856143.0,-281062.0,22
201000018591,10,9,29,2300,3,1,1,2.0,3.0,22251,M,4859000.0,-282400.0,22
201000018592,10,9,30,1730,1,1,1,1.0,3.0,22234,M,0.0,0.0,22
201000018593,10,11,26,1745,3,1,1,1.0,4.0,22182,M,4858839.0,-293906.0,22
201000018594,10,1,3,1615,1,1,1,1.0,5.0,20269,M,0.0,0.0,201
201000018595,10,5,9,600,2,2,6,1.0,6.0,20139,M,0.0,0.0,201
201000018596,10,5,28,1130,1,1,1,1.0,3.0,20362,M,0.0,0.0,201
201000018597,10,7,4,400,3,1,1,1.0,6.0,20269,M,0.0,0.0,201
201000018598,10,8,21,115,3,1,1,1.0,6.0,20362,M,0.0,0.0,201
201000018599,10,9,24,1400,1,1,1,2.0,6.0,20362,M,0.0,0.0,201
201000018600,10,9,24,1415,1,1,1,2.0,6.0,20092,M,0.0,0.0,201
201000018601,10,9,27,1030,1,1,1,1.0,6.0,20139,M,0.0,0.0,201
201000018602,10,12,12,230,3,1,1,1.0,7.0,20362,M,0.0,0.0,201
201000018603,10,12,16,730,2,2,6,1.0,6.0,74268,M,4588300.0,611500.0,74
201000018604,10,2,23,1700,1,1,1,1.0,5.0,74268,M,4585100.0,605900.0,74
201000018605,10,3,13,1845,2,2,1,1.0,6.0,74268,M,4589300.0,610200.0,74
201000018606,10,3,19,1400,1,1,1,1.0,7.0,74268,M,4585800.0,607100.0,74
201000018607,10,3,26,1845,5,2,1,1.0,6.0,74268,M,0.0,0.0,74
201000018608,10,5,11,1800,1,2,1,1.0,6.0,74268,M,0.0,0.0,74
201000018609,10,5,26,745,1,2,9,1.0,3.0,74268,M,0.0,0.0,74
201000018610,10,6,30,1400,1,2,1,1.0,2.0,74268,M,0.0,0.0,74
201000018611,10,7,20,1545,1,1,1,1.0,3.0,74268,M,4586100.0,606500.0,74
201000018612,10,9,1,1945,2,1,1,1.0,7.0,74067,M,4589900.0,604000.0,74
201000018613,10,10,5,1000,1,2,1,3.0,3.0,74268,M,0.0,0.0,74
201000018614,10,11,27,1215,1,2,3,4.0,5.0,74268,M,4588800.0,609200.0,74
201000018615,10,12,11,1730,2,2,6,1.0,3.0,74268,M,4589100.0,608700.0,74
201000018616,10,12,26,1930,3,1,1,8.0,6.0,01049,M,4583900.0,503200.0,01
201000018617,10,1,12,2000,1,1,1,1.0,3.0,01142,M,4585700.0,509500.0,01
201000018618,10,3,20,1945,3,1,1,1.0,6.0,01027,M,0.0,0.0,01
201000018619,10,4,27,945,1,1,1,1.0,6.0,01032,M,4586000.0,516000.0,01
201000018620,10,5,26,630,1,1,1,1.0,2.0,01032,M,0.0,0.0,01
201000018621,10,6,9,1015,1,1,1,1.0,5.0,01099,M,4593300.0,527500.0,01
201000018622,10,6,11,1815,1,1,1,3.0,7.0,01062,M,4585900.0,510300.0,01
201000018623,10,6,27,2200,3,1,1,1.0,7.0,01007,M,4604700.0,532600.0,01
201000018624,10,7,5,1330,1,1,1,1.0,2.0,01049,M,4583800.0,503100.0,01
201000018625,10,7,13,845,3,1,1,1.0,2.0,01089,M,4597300.0,530900.0,01
201000018626,10,8,3,1800,1,1,1,1.0,3.0,01244,M,4587800.0,520100.0,01
201000018627,10,8,5,900,1,1,1,1.0,4.0,01049,M,4583700.0,502900.0,01
201000018628,10,9,4,600,3,1,1,1.0,4.0,01049,M,4583200.0,501800.0,01
201000018629,10,11,12,2115,3,1,1,1.0,7.0,01290,M,4591000.0,523800.0,01
201000018630,10,12,6,1900,3,1,1,3.0,3.0,01032,M,4586900.0,514700.0,01
201000018631,10,11,30,1845,3,1,1,4.0,6.0,01089,M,4596700.0,530700.0,01
201000018632,10,12,11,1815,3,1,1,1.0,2.0,01007,M,4602500.0,531400.0,01
201000018633,10,2,20,1730,1,2,1,1.0,6.0,42279,M,4550174.0,425290.0,42
201000018634,10,3,13,1500,1,2,9,1.0,3.0,42279,M,4551322.0,426344.0,42
201000018635,10,4,7,1230,1,1,1,1.0,1.0,42256,M,4551324.0,426337.0,42
201000018636,10,4,27,1545,1,2,1,1.0,3.0,42279,M,4549923.0,424039.0,42
201000018637,10,5,26,1800,1,2,1,3.0,6.0,42279,M,4549977.0,424003.0,42
201000018638,10,6,28,1830,1,2,1,1.0,3.0,42279,M,4551321.0,426349.0,42
201000018639,10,7,9,1515,1,1,1,1.0,3.0,42256,M,4547516.0,414613.0,42
201000018640,10,7,13,1900,1,1,1,1.0,6.0,42279,M,4549125.0,421923.0,42
201000018641,10,7,22,1100,1,2,1,2.0,1.0,42279,M,4549828.0,424330.0,42
201000018642,10,8,30,1215,1,2,1,1.0,6.0,42279,M,4550580.0,426273.0,42
201000018643,10,9,20,1630,1,1,1,1.0,1.0,42169,M,4546032.0,415358.0,42
201000018644,10,10,9,945,1,1,1,1.0,3.0,42279,M,4549950.0,421418.0,42
201000018645,10,12,2,1645,2,1,1,7.0,5.0,42256,M,4547031.0,413672.0,42
201000018646,10,4,6,1130,1,1,1,1.0,3.0,91045,M,0.0,0.0,91
201000018647,10,7,6,1545,1,1,1,1.0,2.0,91649,M,0.0,0.0,91
201000018648,10,8,3,815,1,1,1,1.0,3.0,91045,M,0.0,0.0,91
201000018649,10,8,10,915,1,1,1,1.0,7.0,91649,M,0.0,0.0,91
201000018650,10,10,6,830,1,1,1,1.0,3.0,91045,M,0.0,0.0,91
201000018651,10,2,8,1345,1,1,1,1.0,3.0,51571,M,4916500.0,419569.0,51
201000018652,10,2,18,1845,3,1,3,1.0,3.0,51571,M,4915960.0,420190.0,51
201000018653,10,6,1,1030,1,1,1,1.0,2.0,51613,M,0.0,0.0,51
201000018654,10,6,12,1830,1,1,2,1.0,3.0,51493,M,0.0,0.0,51
201000018655,10,6,14,515,2,1,1,1.0,1.0,51428,M,0.0,0.0,51
201000018656,10,7,13,1815,1,1,2,1.0,3.0,51571,M,0.0,0.0,51
201000018657,10,7,15,1700,1,1,1,1.0,4.0,51333,M,0.0,0.0,51
201000018658,10,7,20,1745,1,1,1,1.0,3.0,51449,M,0.0,0.0,51
201000018659,10,8,5,1300,1,1,1,1.0,6.0,51079,M,0.0,0.0,51
201000018660,10,8,9,600,2,1,2,1.0,3.0,51571,M,0.0,0.0,51
201000018661,10,8,31,1400,1,1,1,1.0,7.0,51449,M,0.0,0.0,51
201000018662,10,8,26,800,1,2,1,1.0,6.0,51562,M,0.0,0.0,51
201000018663,10,9,4,30,3,1,3,1.0,3.0,51571,M,0.0,0.0,51
201000018664,10,9,16,1430,1,1,2,2.0,3.0,51562,M,0.0,0.0,51
201000018665,10,10,11,1615,1,2,1,1.0,2.0,51461,M,0.0,0.0,51
201000018666,10,10,30,445,3,1,1,1.0,6.0,51450,M,0.0,0.0,51
201000018667,10,11,4,2130,3,1,1,1.0,6.0,51333,M,0.0,0.0,51
201000018668,10,11,28,2030,3,1,2,1.0,3.0,51493,M,0.0,0.0,51
201000018669,10,11,28,445,3,1,3,8.0,3.0,51571,M,0.0,0.0,51
201000018670,10,12,15,1630,2,1,1,8.0,1.0,51571,M,0.0,0.0,51
201000018671,10,12,17,1245,1,1,2,1.0,3.0,51571,M,0.0,0.0,51
201000018672,10,12,20,715,3,1,1,4.0,5.0,51536,M,0.0,0.0,51
201000018673,10,1,16,815,1,1,1,1.0,7.0,52114,M,4806820.0,490058.0,52
201000018674,10,2,15,745,2,1,1,1.0,2.0,52519,M,4768150.0,517868.0,52
201000018675,10,5,29,1345,1,1,1,1.0,7.0,52432,M,4795400.0,536910.0,52
201000018676,10,6,14,1745,1,1,1,1.0,6.0,52200,M,4778840.0,522201.0,52
201000018677,10,6,21,1015,1,1,1,1.0,7.0,52312,M,4788710.0,522279.0,52
201000018678,10,7,16,815,1,1,1,1.0,3.0,52200,M,4780780.0,522409.0,52
201000018679,10,2,2,700,3,1,1,4.0,5.0,62905,M,0.0,0.0,62
201000018680,10,2,2,730,3,1,2,9.0,4.0,62504,M,0.0,0.0,62
201000018681,10,8,28,1415,1,1,9,1.0,6.0,62471,M,0.0,0.0,62
201000018682,10,11,26,915,1,1,1,4.0,2.0,62517,M,5059400.0,236200.0,62
201000018683,10,4,24,2130,5,2,1,1.0,3.0,31588,M,0.0,0.0,31
201000018684,10,5,24,2215,3,1,1,1.0,2.0,31157,M,,,31
201000018685,10,6,15,1615,1,2,1,1.0,6.0,31588,M,0.0,0.0,31
201000018686,10,7,25,115,5,2,1,1.0,3.0,31157,M,0.0,0.0,31
201000018687,10,9,17,600,5,2,6,2.0,3.0,31203,M,,,31
201000018688,10,9,26,1615,1,2,1,1.0,7.0,31203,M,0.0,0.0,31
201000018689,10,9,28,1300,1,2,6,1.0,7.0,31203,M,0.0,0.0,31
201000018690,10,11,6,1130,1,2,1,1.0,2.0,31157,M,0.0,0.0,31
201000018691,10,12,13,1600,1,2,4,1.0,3.0,31588,M,0.0,0.0,31
201000018692,10,12,29,1930,5,2,1,1.0,6.0,31157,M,0.0,0.0,31
201000018693,10,2,2,1100,1,2,1,1.0,1.0,06018,M,0.0,0.0,06
201000018694,10,2,16,1245,1,2,1,2.0,3.0,06018,M,0.0,0.0,06
201000018695,10,2,18,1100,1,2,1,1.0,6.0,06152,M,0.0,0.0,06
201000018696,10,3,11,745,1,1,6,1.0,6.0,06152,M,0.0,0.0,06
201000018697,10,4,20,1515,1,2,1,1.0,1.0,06152,M,0.0,0.0,06
201000018698,10,5,9,930,1,1,1,1.0,1.0,06018,M,4362000.0,711000.0,06
201000018699,10,5,11,1830,1,1,6,1.0,3.0,06152,M,4362000.0,703000.0,06
201000018700,10,5,25,1745,1,1,1,1.0,5.0,06018,M,0.0,0.0,06
201000018701,10,6,15,1330,1,1,1,8.0,1.0,06152,M,0.0,0.0,06
201000018702,10,6,24,1730,1,2,1,1.0,3.0,06152,M,0.0,0.0,06
201000018703,10,6,30,1800,1,1,1,1.0,3.0,06152,M,0.0,0.0,06
201000018704,10,7,18,1730,1,1,1,7.0,2.0,06152,M,0.0,0.0,06
201000018705,10,7,15,1200,1,2,1,1.0,1.0,06152,M,0.0,0.0,06
201000018706,10,7,19,1215,1,1,1,1.0,3.0,06018,M,0.0,0.0,06