Num_Acc,an,mois,jour,hrmn,lum,agg,int,atm,col,com,gps,lat,long,dep
201000018707,10,7,24,15,5,1,1,1.0,7.0,06152,M,0.0,0.0,06
201000018708,10,9,13,715,1,1,1,1.0,1.0,06152,M,0.0,0.0,06
201000018709,10,11,3,915,1,1,1,1.0,3.0,06018,M,0.0,0.0,06
201000018710,10,11,9,1315,1,2,1,1.0,1.0,06152,M,0.0,0.0,06
201000018711,10,12,2,1115,1,2,9,1.0,2.0,06152,M,0.0,0.0,06
201000018712,10,12,1,1845,2,2,9,1.0,3.0,06018,M,0.0,0.0,06
201000018713,10,12,15,430,3,1,2,1.0,3.0,06152,M,0.0,0.0,06
201000018714,10,12,16,1830,3,1,6,1.0,6.0,06018,M,0.0,0.0,06
201000018715,10,2,2,1845,2,2,1,1.0,6.0,69088,M,4585300.0,484300.0,69
201000018716,10,3,20,1500,1,1,4,1.0,5.0,69033,M,4587000.0,488200.0,69
201000018717,10,5,11,800,2,2,1,3.0,1.0,69063,M,0.0,0.0,69
201000018718,10,9,22,1330,1,2,6,1.0,3.0,69068,M,,,69
201000018719,10,11,12,445,5,2,6,1.0,7.0,69168,M,0.0,0.0,69
201000018720,10,11,19,800,1,2,1,1.0,3.0,69292,M,0.0,0.0,69
201000018721,10,12,9,430,3,1,1,1.0,1.0,69063,M,0.0,0.0,69
201000018722,10,3,21,1845,3,2,1,1.0,6.0,69244,M,0.0,0.0,69
201000018723,10,4,13,1200,1,2,3,1.0,1.0,69244,M,0.0,0.0,69
201000018724,10,4,22,1800,1,2,1,1.0,3.0,69244,M,4577000.0,478001.0,69
201000018725,10,5,14,1015,1,2,1,1.0,6.0,69244,M,0.0,0.0,69
201000018726,10,6,17,2045,1,2,1,1.0,1.0,69244,M,0.0,0.0,69
201000018727,10,7,7,1615,1,2,6,1.0,3.0,69244,M,,,69
201000018728,10,9,24,900,1,2,1,3.0,3.0,69385,M,0.0,0.0,69
201000018729,10,10,26,1730,1,2,1,1.0,1.0,69244,M,0.0,0.0,69
201000018730,10,10,31,1730,5,2,1,3.0,3.0,69244,M,0.0,0.0,69
201000018731,10,11,5,1445,1,2,1,1.0,6.0,69244,M,0.0,0.0,69
201000018732,10,11,12,1830,3,2,1,1.0,3.0,69244,M,0.0,0.0,69
201000018733,10,11,19,830,1,2,1,1.0,6.0,69244,M,0.0,0.0,69
201000018734,10,11,19,1530,1,2,1,1.0,3.0,69044,M,0.0,0.0,69
201000018735,10,11,30,2130,1,2,1,1.0,6.0,69244,M,0.0,0.0,69
201000018736,10,11,26,815,1,2,1,1.0,6.0,69244,M,,,69
201000018737,10,11,30,1500,2,2,1,4.0,6.0,69244,M,,,69
201000018738,10,1,31,1845,5,2,1,1.0,2.0,38378,M,0.0,0.0,38
201000018739,10,2,26,1430,1,1,1,1.0,7.0,38114,M,4542510.0,479885.0,38
201000018740,10,3,29,1315,1,2,1,1.0,3.0,38425,M,0.0,0.0,38
201000018741,10,6,29,645,1,1,1,1.0,1.0,38114,M,4542550.0,479922.0,38
201000018742,10,7,7,1330,1,1,2,1.0,1.0,38378,M,4541970.0,482196.0,38
201000018743,10,7,11,1500,1,2,1,1.0,5.0,38340,M,4545900.0,476901.0,38
201000018744,10,7,12,2000,1,1,1,1.0,2.0,38448,M,4544900.0,480601.0,38
201000018745,10,7,21,1730,1,1,1,1.0,3.0,38536,M,4542440.0,487616.0,38
201000018746,10,8,30,1400,1,1,1,1.0,3.0,38114,M,4541500.0,480001.0,38
201000018747,10,9,29,1430,1,1,1,1.0,2.0,38378,M,4543030.0,477111.0,38
201000018748,10,11,21,1130,1,2,6,2.0,6.0,38378,M,4543640.0,477041.0,38
201000018749,10,12,12,1530,1,1,1,1.0,1.0,38114,M,4540600.0,481097.0,38
201000018750,10,12,15,1815,5,2,3,1.0,6.0,38019,M,4542460.0,481704.0,38
201000018751,10,1,9,730,2,2,1,1.0,6.0,74011,M,0.0,0.0,74
201000018752,10,1,13,700,3,1,1,4.0,5.0,74120,M,0.0,0.0,74
201000018753,10,3,15,815,1,2,1,1.0,4.0,74299,M,4587800.0,618300.0,74
201000018754,10,4,4,1615,1,1,1,1.0,3.0,74299,M,0.0,0.0,74
201000018755,10,4,19,1630,1,1,1,1.0,7.0,74245,M,4597000.0,614800.0,74
201000018756,10,5,24,945,1,1,9,1.0,3.0,74137,M,0.0,0.0,74
201000018757,10,6,28,1515,1,2,1,1.0,6.0,74011,M,0.0,0.0,74
201000018758,10,6,28,1900,1,2,1,1.0,3.0,74011,M,0.0,0.0,74
201000018759,10,7,8,145,3,1,1,1.0,6.0,74245,M,4598400.0,613100.0,74
201000018760,10,7,24,1600,1,2,6,1.0,6.0,74011,M,0.0,0.0,74
201000018761,10,7,25,330,3,1,1,1.0,7.0,74120,M,0.0,0.0,74
201000018762,10,7,30,2045,3,1,1,1.0,1.0,74011,M,0.0,0.0,74
201000018763,10,8,12,600,2,2,6,2.0,6.0,74011,M,4593000.0,615000.0,74
201000018764,10,8,17,1700,1,1,1,1.0,1.0,74120,M,0.0,0.0,74
201000018765,10,8,26,2145,3,1,1,1.0,3.0,74022,M,4597800.0,621900.0,74
201000018766,10,11,6,1445,1,2,1,8.0,1.0,74011,M,0.0,0.0,74
201000018767,10,1,30,945,1,1,1,1.0,3.0,34255,M,4368821.0,382398.0,34
201000018768,10,2,2,1630,1,1,1,1.0,1.0,34320,M,4364132.0,372519.0,34
201000018769,10,3,6,1345,1,1,6,1.0,7.0,34255,M,0.0,0.0,34
201000018770,10,5,4,1100,1,1,1,3.0,1.0,34255,M,4367298.0,382232.0,34
201000018771,10,5,21,1400,1,2,1,1.0,3.0,34255,M,4368637.0,380603.0,34
201000018772,10,8,25,2230,5,2,1,1.0,1.0,34247,M,4364829.0,384207.0,34
201000018773,10,8,30,1930,1,1,1,1.0,6.0,34153,M,4371476.0,379461.0,34
201000018774,10,9,14,1645,1,1,1,1.0,5.0,34153,M,4371318.0,379577.0,34
201000018775,10,10,5,900,1,1,1,2.0,1.0,34247,M,4370485.0,384281.0,34
201000018776,10,10,11,1930,3,1,1,2.0,1.0,34247,M,4370496.0,384254.0,34
201000018777,10,11,9,1715,2,1,1,2.0,1.0,34255,M,4367400.0,380000.0,34
201000018778,10,11,21,1630,1,2,1,2.0,1.0,34255,M,4369700.0,380200.0,34
201000018779,10,12,27,1115,1,1,1,1.0,3.0,34153,M,4371700.0,379800.0,34
201000018780,10,1,9,1245,1,1,9,8.0,3.0,01024,M,0.0,0.0,01
201000018781,10,2,9,2030,3,1,1,4.0,1.0,01320,M,0.0,0.0,01
201000018782,10,5,6,945,1,1,1,1.0,6.0,01422,M,0.0,0.0,01
201000018783,10,7,13,1615,1,1,9,1.0,2.0,01445,M,0.0,0.0,01
201000018784,10,2,4,800,2,1,1,1.0,6.0,02124,M,0.0,0.0,02
201000018785,10,2,10,745,2,1,1,4.0,2.0,02776,M,0.0,0.0,02
201000018786,10,4,9,610,2,1,1,1.0,2.0,02615,M,0.0,0.0,02
201000018787,10,4,30,1530,1,1,1,1.0,6.0,02296,M,0.0,0.0,02
201000018788,10,9,4,1310,1,1,1,1.0,6.0,02756,M,0.0,0.0,02
201000018789,10,12,6,545,3,1,1,9.0,3.0,02355,M,0.0,0.0,02
201000018790,10,12,19,1900,3,1,1,4.0,2.0,02359,M,0.0,0.0,02
201000018791,10,1,5,2245,3,1,1,1.0,7.0,78615,M,0.0,0.0,78
201000018792,10,4,10,1800,1,1,3,1.0,1.0,78043,M,4883430.0,208474.0,78
201000018793,10,6,28,1700,1,1,1,1.0,7.0,78571,M,0.0,0.0,78
201000018794,10,6,28,1645,1,1,6,1.0,3.0,78233,M,4888410.0,198261.0,78
201000018795,10,9,8,1900,2,1,1,1.0,1.0,78043,M,0.0,0.0,78
201000018796,10,9,29,1145,1,2,1,1.0,4.0,78455,M,0.0,0.0,78
201000018797,10,11,8,1130,1,2,1,2.0,6.0,78571,M,0.0,0.0,78
201000018798,10,11,20,1415,1,2,1,1.0,1.0,78571,M,0.0,0.0,78
201000018799,10,11,16,1630,1,2,1,1.0,6.0,78455,M,0.0,0.0,78
201000018800,10,3,27,1030,1,1,1,1.0,2.0,13037,M,4355030.0,522731.0,13
201000018801,10,7,2,630,1,1,1,1.0,3.0,13051,M,4354780.0,516784.0,13
201000018802,10,9,4,1330,1,2,1,1.0,3.0,13118,M,4355680.0,525457.0,13
201000018803,10,9,24,1200,1,1,1,1.0,5.0,13112,M,4351190.0,524288.0,13
201000018804,10,9,28,2315,3,1,1,1.0,6.0,13037,M,4353760.0,519240.0,13
201000018805,10,12,12,145,3,2,1,1.0,7.0,13037,M,0.0,0.0,13
201000018806,10,3,1,415,5,2,1,9.0,3.0,95430,M,4906970.0,231810.0,95
201000018807,10,2,28,415,5,2,2,6.0,3.0,95430,M,4907110.0,231710.0,95
201000018808,10,4,20,200,5,2,2,2.0,4.0,95430,M,4907210.0,232280.0,95
201000018809,10,8,20,1615,1,1,1,1.0,2.0,95392,M,4906660.0,221640.0,95
201000018810,10,10,3,700,3,1,1,1.0,6.0,95042,M,4905700.0,229710.0,95
201000018811,10,11,9,815,1,1,1,8.0,1.0,95353,M,4909200.0,231400.0,95
201000018812,10,12,7,815,2,2,1,1.0,1.0,95430,M,4906710.0,232030.0,95
201000018813,10,2,17,330,3,1,1,1.0,6.0,09159,M,4277400.0,173500.0,09
201000018814,10,4,5,1440,1,1,1,1.0,7.0,09189,M,0.0,0.0,09
201000018815,10,4,21,1645,1,1,1,1.0,6.0,09296,M,4280300.0,166600.0,09
201000018816,10,6,26,1615,1,1,1,1.0,3.0,09189,M,0.0,0.0,09
201000018817,10,6,27,1215,1,1,1,1.0,3.0,09032,M,0.0,0.0,09
201000018818,10,7,17,1130,1,1,1,1.0,5.0,09189,M,4261500.0,181900.0,09
201000018819,10,3,18,800,1,2,1,1.0,3.0,35059,M,4818200.0,-173300.0,35
201000018820,10,5,21,1800,1,2,1,1.0,3.0,35131,M,0.0,0.0,35
201000018821,10,6,9,2330,3,1,6,1.0,7.0,35210,M,0.0,0.0,35
201000018822,10,6,17,1745,1,1,1,1.0,3.0,35275,M,0.0,0.0,35
201000018823,10,7,7,1930,1,2,6,1.0,7.0,35210,M,0.0,0.0,35
201000018824,10,8,29,1500,1,1,1,1.0,1.0,35189,M,0.0,0.0,35
201000018825,10,1,12,1830,3,1,1,2.0,3.0,56240,M,0.0,0.0,56
201000018826,10,1,29,1500,1,2,1,8.0,6.0,56243,M,4762567.0,-274140.0,56
201000018827,10,3,21,130,3,2,1,1.0,6.0,56084,M,4758223.0,-269667.0,56
201000018828,10,4,24,1115,1,1,1,1.0,3.0,56214,M,4749556.0,-282713.0,56
201000018829,10,4,30,1130,1,1,1,1.0,4.0,56251,M,0.0,0.0,56
201000018830,10,5,20,1045,1,1,1,1.0,1.0,56251,M,0.0,0.0,56
201000018831,10,5,31,1230,1,1,1,1.0,5.0,56240,M,0.0,0.0,56
201000018832,10,7,23,1030,1,1,1,1.0,3.0,56251,M,0.0,0.0,56
201000018833,10,7,27,1600,1,1,1,1.0,5.0,56251,M,0.0,0.0,56
201000018834,10,8,25,1730,1,1,1,1.0,6.0,56240,M,0.0,0.0,56
201000018835,10,9,2,845,1,2,1,1.0,2.0,56240,M,0.0,0.0,56
201000018836,10,9,20,1815,1,1,1,1.0,1.0,56240,M,0.0,0.0,56
201000018837,10,9,25,1145,1,1,2,1.0,3.0,56243,M,4761818.0,-272143.0,56
201000018838,10,10,29,2145,3,1,1,8.0,4.0,56259,M,0.0,0.0,56
201000018839,10,12,30,1830,5,2,1,1.0,6.0,56243,M,0.0,0.0,56
201000018840,10,8,3,145,3,1,1,8.0,7.0,42243,M,4585995.0,402243.0,42
201000018841,10,8,20,1400,1,1,9,1.0,4.0,42324,M,4556059.0,424141.0,42
201000018842,10,10,4,345,3,1,1,6.0,2.0,42020,M,4561705.0,420449.0,42
201000018843,10,3,21,115,3,1,1,1.0,6.0,88430,M,4819080.0,576617.0,88
201000018844,10,6,12,500,2,1,1,3.0,2.0,88022,M,4824860.0,586321.0,88
201000018845,10,3,19,2015,5,1,3,1.0,3.0,38553,M,4560700.0,514800.0,38
201000018846,10,4,12,2115,3,1,9,2.0,6.0,38048,M,4560700.0,513700.0,38
201000018847,10,4,14,1445,1,1,1,1.0,3.0,38339,M,4558600.0,516200.0,38
201000018848,10,7,15,1515,1,2,1,1.0,1.0,38553,M,0.0,0.0,38
201000018849,10,7,16,900,1,1,1,1.0,7.0,38048,M,4560400.0,512401.0,38
201000018850,10,9,15,1330,1,2,9,1.0,3.0,38553,M,0.0,0.0,38
201000018851,10,9,12,845,1,2,1,1.0,3.0,38339,M,4559400.0,516200.0,38
201000018852,10,1,2,1400,1,1,1,1.0,7.0,13113,M,4359740.0,549016.0,13
201000018853,10,4,11,1730,1,1,1,1.0,3.0,13059,M,4360590.0,549715.0,13
201000018854,10,7,27,1100,1,1,1,1.0,7.0,13113,M,4360500.0,549704.0,13
201000018855,10,12,31,1930,3,1,1,1.0,7.0,41231,M,4746340.0,200537.0,41
201000018856,10,1,22,2200,3,1,1,1.0,2.0,41256,M,4735430.0,205071.0,41
201000018857,10,3,11,1200,1,1,1,1.0,4.0,41256,M,,,41
201000018858,10,5,31,1600,1,1,1,1.0,7.0,18190,M,4712870.0,218941.0,18
201000018859,10,7,30,1245,1,1,1,1.0,1.0,18190,M,4713260.0,218822.0,18
201000018860,10,8,9,1100,1,1,1,1.0,5.0,18138,M,4709860.0,223268.0,18
201000018861,10,8,21,30,3,1,1,1.0,2.0,41046,M,4762010.0,196217.0,41
201000018862,10,9,11,1630,1,1,1,1.0,7.0,41256,M,4731370.0,204998.0,41
201000018863,10,10,12,2245,3,1,1,1.0,6.0,18050,M,4705800.0,230798.0,18
201000018864,10,10,24,800,3,1,1,5.0,6.0,18138,M,4708850.0,225658.0,18
201000018865,10,10,24,1330,1,1,1,1.0,6.0,41046,M,4765740.0,193389.0,41
201000018866,10,11,2,2345,3,1,1,8.0,6.0,41256,M,4732350.0,204972.0,41
201000018867,10,11,5,1230,1,1,1,1.0,6.0,18141,M,4710880.0,220731.0,18
201000018868,10,2,18,1000,1,2,1,1.0,6.0,34337,M,4353677.0,385827.0,34
201000018869,10,5,16,630,1,1,1,1.0,5.0,34159,M,4350764.0,379586.0,34
201000018870,10,7,27,30,3,1,1,1.0,1.0,34337,M,0.0,0.0,34
201000018871,10,10,17,600,3,1,1,1.0,2.0,34337,M,4353774.0,382297.0,34
201000018872,10,11,6,2300,3,1,1,1.0,6.0,34337,M,0.0,0.0,34
201000018873,10,11,19,1630,1,1,1,1.0,1.0,34337,M,0.0,0.0,34
201000018874,10,12,7,1500,1,1,1,1.0,2.0,34337,M,0.0,0.0,34
201000018875,10,2,7,1330,1,1,1,8.0,7.0,01067,M,4611800.0,548600.0,01
201000018876,10,5,2,1530,1,1,1,1.0,7.0,01237,M,0.0,0.0,01
201000018877,10,5,6,1445,1,1,1,2.0,6.0,01228,M,0.0,0.0,01
201000018878,10,9,7,1400,1,1,1,3.0,7.0,01265,M,0.0,0.0,01
201000018879,10,12,31,900,1,1,1,1.0,7.0,01237,M,0.0,0.0,01
201000018880,10,1,15,1425,1,1,1,1.0,7.0,14400,M,4928760.0,-59540.0,14
201000018881,10,2,27,1930,5,2,1,3.0,5.0,14191,M,4932630.0,-45992.0,14
201000018882,10,6,19,1800,1,1,3,1.0,3.0,14430,M,4934200.0,-56900.0,14
201000018883,10,6,30,1630,1,1,1,1.0,4.0,14196,M,4930300.0,-54500.0,14
201000018884,10,7,29,1315,1,1,1,1.0,6.0,14021,M,4933000.0,-62000.0,14
201000018885,10,9,3,1800,1,1,1,1.0,3.0,14200,M,4928500.0,-52100.0,14
201000018886,10,10,27,1745,1,2,1,2.0,3.0,14200,M,4929000.0,-52600.0,14
201000018887,10,11,18,1930,2,1,2,1.0,3.0,14191,M,0.0,0.0,14
201000018888,10,1,9,445,3,1,1,1.0,6.0,13069,M,4360140.0,513162.0,13
201000018889,10,2,18,445,3,1,1,2.0,1.0,13051,M,4354750.0,515404.0,13
201000018890,10,2,18,2300,5,2,6,1.0,6.0,13051,M,4358390.0,521383.0,13
201000018891,10,2,26,1800,1,1,1,1.0,3.0,13051,M,4358600.0,515247.0,13
201000018892,10,3,12,1215,1,2,1,1.0,3.0,13069,M,0.0,0.0,13
201000018893,10,4,13,1900,1,1,1,1.0,3.0,13069,M,4363540.0,516937.0,13
201000018894,10,4,25,30,3,1,1,1.0,1.0,13044,M,4361680.0,502981.0,13
201000018895,10,5,21,1215,1,1,1,1.0,2.0,13069,M,4362930.0,513476.0,13
201000018896,10,5,30,715,2,1,1,1.0,7.0,13051,M,4358180.0,514673.0,13
201000018897,10,6,12,1945,1,1,1,1.0,7.0,13051,M,4355340.0,517783.0,13
201000018898,10,7,13,1400,1,1,1,1.0,3.0,13069,M,4361350.0,513895.0,13
201000018899,10,7,30,1115,1,2,1,1.0,6.0,13069,M,4363220.0,515055.0,13
201000018900,10,8,3,1200,1,2,1,1.0,6.0,13069,M,0.0,0.0,13
201000018901,10,8,16,915,1,1,1,1.0,3.0,13044,M,4362260.0,504300.0,13
201000018902,10,9,6,745,1,2,1,1.0,5.0,13051,M,4358840.0,512112.0,13
201000018903,10,9,23,30,3,1,1,1.0,1.0,13044,M,4361830.0,503377.0,13
201000018904,10,10,7,1630,1,1,1,1.0,3.0,13051,M,4358840.0,512112.0,13
201000018905,10,10,10,1715,1,1,1,2.0,1.0,13051,M,0.0,0.0,13
201000018906,10,10,18,1915,3,1,1,6.0,5.0,13051,M,4358720.0,512531.0,13
201000018907,10,10,26,400,3,1,1,6.0,6.0,13051,M,4359170.0,511659.0,13
201000018908,10,11,17,815,1,1,1,1.0,3.0,13051,M,4359100.0,516000.0,13
201000018909,10,2,5,1615,1,1,1,2.0,2.0,03175,M,0.0,0.0,03
201000018910,10,3,22,945,1,1,1,1.0,7.0,03175,M,0.0,0.0,03
201000018911,10,5,15,545,2,1,1,1.0,6.0,03118,M,0.0,0.0,03
201000018912,10,6,14,1415,1,1,1,1.0,3.0,03175,M,0.0,0.0,03
201000018913,10,11,4,830,1,1,1,1.0,2.0,03118,M,4610300.0,318600.0,03
201000018914,10,11,26,2230,3,1,1,9.0,7.0,03075,M,0.0,0.0,03
201000018915,10,1,18,1315,1,1,1,1.0,5.0,63113,M,0.0,0.0,63
201000018916,10,2,18,1930,3,1,1,1.0,1.0,63082,M,0.0,0.0,63
201000018917,10,8,1,1830,1,1,6,8.0,7.0,63113,M,0.0,0.0,63
201000018918,10,10,1,2330,3,1,1,1.0,2.0,63082,M,0.0,0.0,63
201000018919,10,10,24,530,3,1,9,2.0,7.0,63300,M,4590000.0,315200.0,63
201000018920,10,11,19,500,3,1,1,1.0,6.0,63181,M,4602600.0,312000.0,63
201000018921,10,3,31,1115,1,2,1,1.0,6.0,06084,M,4362400.0,697100.0,06
201000018922,10,8,7,1730,1,2,1,1.0,6.0,06084,M,0.0,0.0,06
201000018923,10,8,11,1245,1,2,1,1.0,6.0,06084,M,0.0,0.0,06
201000018924,10,9,22,2045,3,1,1,1.0,6.0,06084,M,0.0,0.0,06
201000018925,10,8,23,2215,3,1,9,8.0,6.0,49377,M,4751800.0,-43310.0,49
201000018926,10,10,8,1830,1,1,1,1.0,5.0,72075,M,0.0,0.0,72
201000018927,10,7,14,830,1,1,1,1.0,2.0,40210,M,0.0,0.0,40
201000018928,10,7,14,1000,1,1,1,1.0,6.0,40210,M,0.0,0.0,40
201000018929,10,8,27,1700,1,1,1,1.0,7.0,40123,M,0.0,0.0,40
201000018930,10,9,18,220,3,1,1,1.0,2.0,40168,M,0.0,0.0,40
201000018931,10,12,2,1400,1,1,1,4.0,5.0,40168,M,0.0,0.0,40
201000018932,10,2,25,1410,1,1,1,1.0,2.0,40295,M,0.0,0.0,40
201000018933,10,5,11,1635,1,1,1,8.0,7.0,40295,M,0.0,0.0,40
201000018934,10,5,24,1500,1,1,1,1.0,2.0,40134,M,0.0,0.0,40
201000018935,10,9,23,230,3,1,9,1.0,2.0,40295,M,0.0,0.0,40
201000018936,10,10,18,2345,3,1,1,1.0,7.0,40156,M,0.0,0.0,40
201000018937,10,11,12,1430,1,1,1,1.0,2.0,40210,M,0.0,0.0,40
201000018938,10,1,20,1745,5,2,1,2.0,6.0,10387,M,4830620.0,404915.0,10
201000018939,10,1,27,1410,1,2,6,1.0,6.0,10387,M,4829250.0,407393.0,10
201000018940,10,1,27,710,2,2,1,1.0,1.0,10060,M,4826040.0,409248.0,10
201000018941,10,2,1,735,2,2,1,1.0,6.0,10387,M,4830089.0,407557.0,10
201000018942,10,2,19,1530,1,2,2,1.0,1.0,10387,M,4829050.0,408209.0,10
201000018943,10,3,2,1234,1,2,1,1.0,6.0,10387,M,4829945.0,408747.0,10
201000018944,10,2,24,855,1,2,4,1.0,2.0,10387,M,4830430.0,408807.0,10
201000018945,10,2,24,1045,1,2,1,1.0,2.0,10387,M,4829620.0,407422.0,10
201000018946,10,2,24,2121,5,2,4,1.0,6.0,10387,M,4830410.0,405579.0,10
201000018947,10,3,4,725,1,2,1,1.0,3.0,10357,M,4830314.0,409953.0,10
201000018948,10,3,9,740,1,2,1,1.0,6.0,10060,M,4825675.0,409564.0,10
201000018949,10,3,10,1200,1,2,9,1.0,3.0,10387,M,4827494.0,406818.0,10
201000018950,10,3,10,1900,2,1,1,1.0,7.0,10115,M,4831285.0,411244.0,10
201000018951,10,3,12,835,1,2,3,1.0,6.0,10387,M,4830395.0,409674.0,10
201000018952,10,3,13,805,1,2,1,1.0,1.0,10387,M,4828252.0,408967.0,10
201000018953,10,3,22,1345,1,2,6,1.0,2.0,10387,M,4829511.0,408196.0,10
201000018954,10,3,22,2000,2,2,3,1.0,3.0,10362,M,4829398.0,405569.0,10
201000018955,10,3,24,1210,1,2,2,1.0,4.0,10333,M,4828417.0,406161.0,10
201000018956,10,3,31,1505,1,2,5,1.0,7.0,10387,M,4830363.0,406218.0,10
201000018957,10,4,3,2010,1,2,2,1.0,3.0,10333,M,4828683.0,404544.0,10
201000018958,10,4,5,1140,1,2,2,1.0,3.0,10333,M,4826988.0,403995.0,10
201000018959,10,4,10,1520,1,2,5,1.0,5.0,10060,M,4826078.0,409336.0,10
201000018960,10,4,7,2140,5,2,6,3.0,3.0,10387,M,4829480.0,408184.0,10
201000018961,10,4,6,1630,1,2,3,1.0,4.0,10387,M,4830362.0,405720.0,10
201000018962,10,4,15,1915,1,2,3,1.0,3.0,10081,M,4830819.0,403511.0,10
201000018963,10,4,16,755,1,2,1,1.0,2.0,10333,M,4827498.0,405749.0,10
201000018964,10,4,22,1125,1,2,1,1.0,3.0,10387,M,4829261.0,408209.0,10
201000018965,10,4,28,1220,1,1,1,1.0,4.0,10060,M,4825133.0,411102.0,10
201000018966,10,4,22,855,1,2,2,1.0,3.0,10362,M,4829899.0,405235.0,10
201000018967,10,4,29,1525,1,2,1,1.0,7.0,10387,M,4821861.0,407027.0,10
201000018968,10,4,30,2150,5,1,1,1.0,7.0,10081,M,4832336.0,402745.0,10
201000018969,10,4,19,1940,1,2,2,1.0,6.0,10387,M,4831160.0,406433.0,10
201000018970,10,4,29,1820,1,2,1,1.0,7.0,10387,M,4828671.0,408222.0,10
201000018971,10,4,20,805,1,2,1,9.0,6.0,10297,M,4831749.0,409760.0,10
201000018972,10,5,12,1655,1,2,1,1.0,3.0,10387,M,,,10
201000018973,10,5,18,1310,1,2,2,1.0,7.0,10387,M,,,10
201000018974,10,5,18,805,1,2,6,1.0,6.0,10387,M,,,10
201000018975,10,5,21,1745,1,2,1,1.0,7.0,10387,M,,,10
201000018976,10,5,27,1735,1,2,1,1.0,2.0,10387,M,,,10
201000018977,10,5,31,1300,1,2,2,1.0,7.0,10387,M,,,10
201000018978,10,5,17,1930,1,2,1,1.0,6.0,10387,M,,,10
201000018979,10,6,5,1859,1,2,1,1.0,3.0,10387,M,4830763.0,406857.0,10
201000018980,10,6,9,1510,1,2,2,1.0,4.0,10387,M,,,10
201000018981,10,6,11,2145,2,2,2,1.0,3.0,10387,M,4829127.0,407106.0,10
201000018982,10,6,9,1815,1,2,2,1.0,7.0,10343,M,4827043.0,409743.0,10
201000018983,10,6,20,2100,2,2,1,1.0,6.0,10387,M,,,10
201000018984,10,6,22,1830,1,2,2,1.0,3.0,10387,M,4830501.0,405324.0,10
201000018985,10,6,23,1220,1,2,1,1.0,6.0,10081,M,,,10
201000018986,10,6,25,740,1,2,6,1.0,2.0,10343,M,4826992.0,408901.0,10
201000018987,10,7,1,1045,1,2,2,1.0,6.0,10387,M,4829908.0,407326.0,10
201000018988,10,7,5,1655,1,2,3,1.0,6.0,10387,M,4826687.0,408680.0,10
201000018989,10,7,2,1110,1,2,4,1.0,6.0,10297,M,4831406.0,409865.0,10
201000018990,10,7,6,2155,2,2,3,1.0,6.0,10387,M,4827212.0,408103.0,10
201000018991,10,7,10,1520,1,2,2,1.0,3.0,10387,M,4829958.0,407673.0,10
201000018992,10,7,12,945,1,2,5,1.0,6.0,10357,M,4830362.0,409811.0,10
201000018993,10,7,13,1650,1,2,1,1.0,7.0,10362,M,4829011.0,403757.0,10
201000018994,10,7,21,1833,1,2,1,1.0,7.0,10362,M,4829001.0,403948.0,10
201000018995,10,7,29,1945,1,2,2,1.0,7.0,10387,M,4830060.0,407547.0,10
201000018996,10,7,27,855,1,2,6,1.0,3.0,10297,M,4832490.0,411387.0,10
201000018997,10,7,30,1350,1,2,1,1.0,3.0,10387,M,4830935.0,406810.0,10
201000018998,10,8,4,1515,1,2,2,1.0,6.0,10333,M,4827683.0,406353.0,10
201000018999,10,8,8,1640,1,2,1,1.0,6.0,10387,M,4829323.0,409311.0,10
201000019000,10,8,2,1755,1,2,1,1.0,6.0,10343,M,4827385.0,409242.0,10
201000019001,10,8,6,1340,1,2,2,1.0,3.0,10387,M,4830600.0,408749.0,10
201000019002,10,8,12,835,1,2,1,1.0,3.0,10387,M,4830948.0,405818.0,10
201000019003,10,8,17,1735,1,2,2,1.0,5.0,10387,M,4829983.0,407674.0,10
201000019004,10,8,24,2137,2,2,1,1.0,2.0,10081,M,4831568.0,404256.0,10
201000019005,10,8,27,1550,1,2,4,3.0,3.0,10321,M,4828851.0,403599.0,10
201000019006,10,8,29,1420,1,2,1,1.0,6.0,10343,M,4826584.0,408729.0,10
201000019007,10,9,3,835,1,1,1,1.0,6.0,10081,M,4832216.0,402628.0,10
201000019008,10,9,6,730,1,2,1,1.0,5.0,10362,M,4829875.0,401384.0,10
201000019009,10,9,3,1820,1,2,1,1.0,6.0,10387,M,4829448.0,406623.0,10
201000019010,10,9,1,1715,1,2,2,1.0,3.0,10081,M,4830650.0,403086.0,10
201000019011,10,9,6,1815,1,2,1,1.0,1.0,10387,M,4829879.0,405332.0,10
201000019012,10,8,31,1455,1,2,1,1.0,7.0,10333,M,4828373.0,405252.0,10
201000019013,10,9,10,1715,1,2,2,1.0,6.0,10387,M,4829876.0,407357.0,10
201000019014,10,9,14,335,5,2,3,1.0,6.0,10387,M,4827877.0,407447.0,10
201000019015,10,9,13,830,1,2,3,1.0,6.0,10321,M,4829099.0,402748.0,10
201000019016,10,9,15,1935,1,2,3,1.0,6.0,10362,M,4829610.0,406251.0,10
201000019017,10,9,11,2040,2,2,3,1.0,7.0,10333,M,4826850.0,404782.0,10
201000019018,10,9,16,1745,1,2,2,1.0,6.0,10297,M,4831410.0,409864.0,10
201000019019,10,9,21,830,1,2,3,1.0,6.0,10387,M,4830392.0,409678.0,10