Num_Acc,an,mois,jour,hrmn,lum,agg,int,atm,col,com,gps,lat,long,dep
201000019020,10,9,15,1605,1,2,3,1.0,2.0,10387,M,4828568.0,407474.0,10
201000019021,10,9,28,1215,1,2,2,1.0,6.0,10387,M,4830818.0,406831.0,10
201000019022,10,10,3,1740,1,2,1,1.0,6.0,10362,M,4830013.0,404124.0,10
201000019023,10,10,3,2025,2,2,2,1.0,3.0,10343,M,4827989.0,408775.0,10
201000019024,10,10,1,1845,1,2,2,1.0,7.0,10333,M,4828478.0,406236.0,10
201000019025,10,10,8,2030,2,2,1,1.0,2.0,10060,M,,,10
201000019026,10,10,11,1855,2,2,3,1.0,2.0,10081,M,4830897.0,403791.0,10
201000019027,10,10,12,1820,1,2,2,1.0,3.0,10387,M,4830733.0,408201.0,10
201000019028,10,10,12,1545,1,2,3,1.0,7.0,10387,M,4827468.0,407294.0,10
201000019029,10,10,17,1920,5,2,2,1.0,2.0,10325,M,4826490.0,404115.0,10
201000019030,10,10,18,845,1,2,2,1.0,6.0,10081,M,4832086.0,405473.0,10
201000019031,10,10,18,1805,1,2,2,1.0,6.0,10387,M,4827410.0,408051.0,10
201000019032,10,10,20,750,2,2,2,1.0,6.0,10387,M,4830820.0,406829.0,10
201000019033,10,10,23,505,5,2,2,1.0,3.0,10333,M,4828664.0,405593.0,10
201000019034,10,10,22,2345,5,2,1,1.0,6.0,10387,M,4829169.0,410461.0,10
201000019035,10,10,29,1540,1,2,1,1.0,1.0,10387,M,4829070.0,408256.0,10
201000019036,10,11,8,820,2,2,1,1.0,3.0,10387,M,4827699.0,406935.0,10
201000019037,10,11,11,1755,5,2,3,3.0,7.0,10387,M,4830034.0,407470.0,10
201000019038,10,11,14,1305,1,2,2,2.0,6.0,10081,M,4830414.0,403287.0,10
201000019039,10,11,16,1400,1,2,1,1.0,1.0,10333,M,4826854.0,404786.0,10
201000019040,10,11,20,1650,2,2,1,1.0,6.0,10387,M,4828523.0,408547.0,10
201000019041,10,11,25,835,1,2,3,4.0,6.0,10362,M,4829439.0,406074.0,10
201000019042,10,12,4,640,5,2,2,1.0,6.0,10387,M,4830142.0,408068.0,10
201000019043,10,12,6,1835,5,2,1,2.0,6.0,10081,M,4830645.0,403091.0,10
201000019044,10,12,4,1910,5,2,3,1.0,3.0,10387,M,4830653.0,404878.0,10
201000019045,10,12,10,2215,5,2,1,1.0,6.0,10362,M,4829282.0,404614.0,10
201000019046,10,12,11,1535,1,2,1,1.0,6.0,10387,M,4828175.0,407983.0,10
201000019047,10,4,23,1730,1,2,1,1.0,6.0,67152,M,0.0,0.0,67
201000019048,10,5,28,1325,1,2,2,1.0,3.0,67152,M,4853700.0,769100.0,67
201000019049,10,6,27,300,3,1,1,1.0,1.0,67124,M,4853200.0,763600.0,67
201000019050,10,9,5,1825,1,1,1,1.0,7.0,67124,M,4855000.0,762600.0,67
201000019051,10,9,14,1115,1,1,1,1.0,1.0,67152,M,4853700.0,769200.0,67
201000019052,10,11,15,820,1,1,1,2.0,2.0,67152,M,4852200.0,766700.0,67
201000019053,10,11,19,1315,1,1,1,2.0,3.0,67247,M,4857500.0,758400.0,67
201000019054,10,12,1,1900,5,2,1,4.0,2.0,67152,M,4851900.0,765000.0,67
201000019055,10,1,25,1540,1,1,1,1.0,6.0,67296,M,4862300.0,768900.0,67
201000019056,10,1,29,645,2,1,1,9.0,5.0,67389,M,4864900.0,777400.0,67
201000019057,10,2,15,1825,5,2,1,1.0,6.0,67506,M,4866300.0,771900.0,67
201000019058,10,3,18,1015,1,1,2,1.0,3.0,67506,M,4866300.0,773800.0,67
201000019059,10,4,22,1630,1,1,1,1.0,3.0,67389,M,0.0,0.0,67
201000019060,10,6,29,1945,1,1,1,2.0,3.0,67389,M,4867000.0,775900.0,67
201000019061,10,7,10,1830,1,2,1,1.0,1.0,67506,M,4867200.0,771700.0,67
201000019062,10,7,15,1045,1,1,1,1.0,3.0,67506,M,4866600.0,775100.0,67
201000019063,10,7,17,615,1,2,1,1.0,6.0,67471,M,0.0,0.0,67
201000019064,10,11,19,1800,3,1,1,1.0,2.0,67389,M,0.0,0.0,67
201000019065,10,1,8,745,2,1,1,2.0,1.0,06010,M,0.0,0.0,06
201000019066,10,2,3,1600,1,2,3,1.0,1.0,06105,M,4366900.0,704900.0,06
201000019067,10,3,29,730,1,2,1,1.0,3.0,06105,M,4367000.0,707300.0,06
201000019068,10,4,21,1630,1,1,1,1.0,6.0,06038,M,4366800.0,696600.0,06
201000019069,10,4,30,2100,5,1,1,1.0,1.0,06010,M,0.0,0.0,06
201000019070,10,6,1,1000,1,2,1,1.0,6.0,06105,M,0.0,0.0,06
201000019071,10,6,29,815,1,1,1,1.0,1.0,06105,M,0.0,0.0,06
201000019072,10,8,17,1545,1,2,1,2.0,1.0,06068,M,0.0,0.0,06
201000019073,10,10,16,1100,1,1,1,1.0,1.0,06148,M,0.0,0.0,06
201000019074,10,11,29,845,1,2,1,7.0,3.0,06105,M,4367600.0,704000.0,06
201000019075,10,5,29,1600,1,1,1,1.0,6.0,65251,M,4321800.0,8000.0,65
201000019076,10,10,20,545,3,1,1,1.0,6.0,65356,M,4315700.0,29200.0,65
201000019077,10,7,1,1800,1,1,1,1.0,4.0,02157,M,0.0,0.0,02
201000019078,10,10,20,1230,1,1,1,8.0,2.0,02498,M,0.0,0.0,02
201000019079,10,4,2,1515,1,2,1,1.0,7.0,38352,M,4560000.0,522600.0,38
201000019080,10,6,5,815,1,2,3,1.0,6.0,38193,M,4562230.0,521512.0,38
201000019081,10,6,21,1630,1,1,3,1.0,1.0,38530,M,4561790.0,518415.0,38
201000019082,10,7,8,2230,3,1,1,1.0,3.0,38193,M,0.0,0.0,38
201000019083,10,7,29,845,1,2,9,1.0,1.0,38193,M,4562200.0,520949.0,38
201000019084,10,8,4,430,3,1,1,1.0,1.0,38193,M,4561040.0,521257.0,38
201000019085,10,8,18,1830,1,1,1,1.0,3.0,38530,M,0.0,0.0,38
201000019086,10,9,18,1915,2,1,1,1.0,5.0,38530,M,4562500.0,516879.0,38
201000019087,10,9,24,845,1,2,1,2.0,7.0,38193,M,0.0,0.0,38
201000019088,10,10,19,1615,1,2,1,1.0,3.0,38193,M,0.0,0.0,38
201000019089,10,10,31,1630,1,1,6,3.0,1.0,38530,M,4561210.0,520242.0,38
201000019090,10,11,3,1700,1,2,1,1.0,6.0,38193,M,0.0,0.0,38
201000019091,10,12,11,500,3,1,1,1.0,1.0,38193,M,0.0,0.0,38
201000019092,10,12,31,300,3,1,1,5.0,7.0,03158,M,4647800.0,267600.0,03
201000019093,10,1,22,1100,1,1,1,8.0,2.0,18267,M,4701210.0,238533.0,18
201000019094,10,3,19,1400,1,1,1,1.0,2.0,18009,M,4666730.0,247023.0,18
201000019095,10,4,12,1515,1,1,1,6.0,6.0,18248,M,4695090.0,241705.0,18
201000019096,10,5,10,1545,1,1,1,3.0,6.0,18221,M,4680880.0,241254.0,18
201000019097,10,6,26,1845,1,1,1,1.0,6.0,18171,M,4672440.0,243743.0,18
201000019098,10,9,7,1915,1,1,1,1.0,6.0,18038,M,4678680.0,241256.0,18
201000019099,10,9,12,1545,1,1,1,1.0,6.0,18129,M,4697970.0,242071.0,18
201000019100,10,3,25,630,2,1,1,1.0,2.0,21638,M,4750030.0,519040.0,21
201000019101,10,4,1,935,1,1,1,1.0,6.0,21599,M,0.0,0.0,21
201000019102,10,5,10,1630,1,1,1,4.0,7.0,21599,M,4751590.0,519684.0,21
201000019103,10,6,18,1430,1,1,1,1.0,3.0,21638,M,4754290.0,519837.0,21
201000019104,10,8,1,500,3,1,1,1.0,6.0,21370,M,4726850.0,517248.0,21
201000019105,10,8,2,800,1,1,1,8.0,6.0,21599,M,4764100.0,517988.0,21
201000019106,10,8,14,1830,1,1,1,1.0,6.0,21599,M,4759100.0,521300.0,21
201000019107,10,8,15,50,3,1,1,2.0,6.0,21231,M,4729470.0,508350.0,21
201000019108,10,9,13,1700,1,1,1,1.0,7.0,21605,M,4728770.0,509362.0,21
201000019109,10,9,26,1250,1,1,1,1.0,3.0,21016,M,4739350.0,517912.0,21
201000019110,10,10,27,215,3,1,1,1.0,6.0,21599,M,4760360.0,519902.0,21
201000019111,10,12,15,315,3,1,1,1.0,2.0,21599,M,4760000.0,520000.0,21
201000019112,10,10,17,2045,3,1,1,1.0,6.0,04242,M,0.0,0.0,04
201000019113,10,11,6,1945,3,1,1,1.0,4.0,05162,M,0.0,0.0,05
201000019114,10,11,14,600,3,1,1,1.0,2.0,04112,M,0.0,0.0,04
201000019115,10,1,25,730,5,2,1,2.0,2.0,29019,M,4837736.0,-450598.0,29
201000019116,10,10,6,730,2,1,1,8.0,7.0,29019,M,4837568.0,-450765.0,29
201000019117,10,1,22,645,3,1,1,1.0,2.0,10156,M,4827310.0,389228.0,10
201000019118,10,1,23,745,3,1,1,1.0,5.0,10360,M,4823480.0,402801.0,10
201000019119,10,2,21,1545,1,1,1,1.0,6.0,10213,M,4818330.0,440369.0,10
201000019120,10,5,24,2300,3,1,1,1.0,7.0,10092,M,0.0,0.0,10
201000019121,10,7,25,1215,1,1,1,1.0,2.0,10415,M,4826891.0,370280.0,10
201000019122,10,1,27,1500,1,1,1,1.0,3.0,13113,M,0.0,0.0,13
201000019123,10,3,16,1715,1,1,9,7.0,3.0,13080,M,0.0,0.0,13
201000019124,10,3,26,1430,1,1,1,1.0,3.0,13080,M,0.0,0.0,13
201000019125,10,5,5,1900,2,1,1,2.0,3.0,13113,M,0.0,0.0,13
201000019126,10,6,5,1200,1,2,3,1.0,3.0,13113,M,0.0,0.0,13
201000019127,10,5,26,1515,1,2,1,1.0,3.0,13113,M,0.0,0.0,13
201000019128,10,6,28,1545,1,1,1,1.0,7.0,13080,M,4367450.0,542543.0,13
201000019129,10,8,30,1645,1,1,1,1.0,3.0,13113,M,0.0,0.0,13
201000019130,10,10,15,745,1,2,1,1.0,3.0,13113,M,0.0,0.0,13
201000019131,10,11,28,2000,3,1,1,8.0,1.0,13113,M,0.0,0.0,13
201000019132,10,11,28,1215,1,1,1,8.0,3.0,13113,M,0.0,0.0,13
201000019133,10,1,27,1700,1,1,1,1.0,7.0,73007,M,4557400.0,623300.0,73
201000019134,10,1,31,900,1,1,1,1.0,7.0,73151,M,4551200.0,601000.0,73
201000019135,10,2,25,1015,1,1,1,1.0,2.0,73249,M,4552000.0,599100.0,73
201000019136,10,4,5,845,1,1,1,1.0,7.0,73007,M,4556900.0,622300.0,73
201000019137,10,6,24,1845,1,1,1,1.0,6.0,73249,M,4553600.0,599100.0,73
201000019138,10,8,13,1115,1,1,1,1.0,3.0,73241,M,4562400.0,631300.0,73
201000019139,10,8,26,1835,1,1,1,1.0,6.0,73079,M,,,73
201000019140,10,12,20,1300,1,1,1,1.0,5.0,73079,M,4555700.0,617000.0,73
201000019141,10,12,27,1515,1,1,1,1.0,7.0,73089,M,4551400.0,610000.0,73
201000019142,10,1,12,1200,1,1,1,1.0,6.0,38239,M,4529560.0,555641.0,38
201000019143,10,1,20,1145,1,1,1,9.0,2.0,38394,M,0.0,0.0,38
201000019144,10,3,23,1330,1,1,1,1.0,6.0,38517,M,4527960.0,552288.0,38
201000019145,10,7,7,1030,1,1,1,1.0,7.0,38239,M,4530300.0,557700.0,38
201000019146,10,10,19,1000,1,1,1,1.0,3.0,26088,M,4502800.0,508300.0,26
201000019147,10,10,26,2000,3,1,1,1.0,6.0,26057,M,4502600.0,506100.0,26
201000019148,10,12,20,1130,1,1,1,1.0,6.0,38033,M,4518450.0,540511.0,38
201000019149,10,2,24,530,3,1,1,2.0,6.0,35208,M,0.0,0.0,35
201000019150,10,6,25,2030,1,1,1,1.0,7.0,35032,M,0.0,0.0,35
201000019151,10,9,13,815,1,1,1,7.0,3.0,35352,M,0.0,0.0,35
201000019152,10,11,9,1530,1,1,1,9.0,5.0,35206,M,4805000.0,-165700.0,35
201000019153,10,1,23,1900,3,1,1,1.0,5.0,64147,M,4344790.0,-131762.0,64
201000019154,10,5,8,1615,1,1,1,3.0,6.0,64147,M,4345790.0,-129295.0,64
201000019155,10,5,30,745,1,1,1,1.0,7.0,64407,M,4345190.0,-138388.0,64
201000019156,10,2,24,1245,1,1,1,1.0,3.0,67465,M,4880800.0,797500.0,67
201000019157,10,3,12,700,2,1,1,9.0,3.0,67205,M,4868300.0,777900.0,67
201000019158,10,3,12,655,2,1,1,5.0,6.0,67205,M,4868300.0,778000.0,67
201000019159,10,3,29,555,3,1,1,1.0,7.0,67106,M,4875400.0,791900.0,67
201000019160,10,6,14,1250,1,1,1,1.0,7.0,67156,M,,,67
201000019161,10,6,28,700,1,1,1,1.0,6.0,67465,M,4880200.0,797100.0,67
201000019162,10,7,11,1305,1,1,1,1.0,7.0,67151,M,0.0,0.0,67
201000019163,10,7,18,1945,1,1,1,1.0,2.0,67405,M,0.0,0.0,67
201000019164,10,8,1,1500,1,1,1,1.0,2.0,67205,M,0.0,0.0,67
201000019165,10,8,3,1710,1,1,1,1.0,7.0,67465,M,0.0,0.0,67
201000019166,10,9,13,515,2,1,1,1.0,6.0,67194,M,4873500.0,788700.0,67
201000019167,10,10,6,1000,1,1,1,1.0,4.0,67156,M,4867900.0,775500.0,67
201000019168,10,11,22,700,2,1,1,2.0,4.0,67205,M,4865000.0,779800.0,67
201000019169,10,11,24,2000,3,1,1,1.0,3.0,67106,M,4875600.0,792100.0,67
201000019170,10,12,10,500,3,1,1,3.0,6.0,67237,M,0.0,0.0,67
201000019171,10,4,27,1200,1,1,1,1.0,6.0,51099,M,0.0,0.0,51
201000019172,10,7,2,1400,1,1,1,7.0,2.0,51147,M,0.0,0.0,51
201000019173,10,7,30,1500,1,1,1,1.0,7.0,51203,M,0.0,0.0,51
201000019174,10,9,25,2130,4,2,1,1.0,6.0,62397,M,0.0,0.0,62
201000019175,10,10,4,1945,5,2,1,1.0,3.0,62334,M,5083700.0,182700.0,62
201000019176,10,11,2,1645,1,1,1,1.0,3.0,62031,M,0.0,0.0,62
201000019177,10,11,21,715,5,2,1,1.0,6.0,62397,M,0.0,0.0,62
201000019178,10,1,7,1715,1,1,1,1.0,3.0,11069,M,,,11
201000019179,10,1,12,1915,5,2,1,1.0,3.0,11069,M,,,11
201000019180,10,1,25,2135,3,1,3,1.0,1.0,11069,M,,,11
201000019181,10,1,2,1935,3,1,1,1.0,3.0,11069,M,,,11
201000019182,10,1,29,305,5,2,1,2.0,6.0,11069,M,,,11
201000019183,10,2,2,1425,1,2,3,1.0,3.0,11069,M,,,11
201000019184,10,2,5,1808,2,1,3,1.0,1.0,11069,M,,,11
201000019185,10,2,7,702,5,2,1,1.0,6.0,11069,M,,,11
201000019186,10,3,2,1800,2,1,1,1.0,1.0,11069,M,,,11
201000019187,10,1,4,1913,3,1,1,1.0,6.0,11069,M,,,11
201000019188,10,3,28,715,2,2,1,1.0,6.0,11069,M,,,11
201000019189,10,4,6,1800,1,2,2,1.0,3.0,11069,M,,,11
201000019190,10,4,13,1908,2,1,2,1.0,3.0,11069,M,,,11
201000019191,10,1,6,1833,2,2,1,1.0,6.0,11069,M,,,11
201000019192,10,4,30,1545,1,2,1,1.0,6.0,11069,M,,,11
201000019193,10,5,22,1500,1,2,1,1.0,6.0,11069,M,,,11
201000019194,10,5,25,825,1,2,1,1.0,3.0,11069,M,,,11
201000019195,10,6,12,1954,1,1,1,1.0,3.0,11069,M,,,11
201000019196,10,6,25,2143,2,2,1,1.0,1.0,11069,M,,,11
201000019197,10,6,25,1400,1,2,1,1.0,6.0,11069,M,,,11
201000019198,10,7,15,18,3,1,1,1.0,3.0,11069,M,,,11
201000019199,10,8,6,1157,1,2,1,1.0,6.0,11069,M,,,11
201000019200,10,8,18,245,5,2,2,1.0,3.0,11069,M,,,11
201000019201,10,9,9,1808,2,2,3,1.0,3.0,11069,M,,,11
201000019202,10,9,10,1708,1,2,2,1.0,3.0,11069,M,,,11
201000019203,10,9,10,1730,1,1,1,1.0,2.0,11069,M,,,11
201000019204,10,1,12,1730,1,1,1,1.0,2.0,11069,M,,,11
201000019205,10,9,25,1839,1,2,1,1.0,7.0,11069,M,,,11
201000019206,10,9,20,1552,1,1,4,1.0,3.0,11069,M,,,11
201000019207,10,11,3,1735,1,2,1,1.0,6.0,11069,M,,,11
201000019208,10,12,2,2142,5,1,1,1.0,7.0,11069,M,,,11
201000019209,10,12,12,2141,3,1,1,1.0,7.0,11069,M,,,11
201000019210,10,12,17,745,5,2,1,2.0,3.0,11069,M,,,11
201000019211,10,12,17,430,5,2,1,1.0,2.0,11069,M,,,11
201000019212,10,1,15,1346,1,1,3,1.0,5.0,11069,M,,,11
201000019213,10,1,15,1601,1,2,1,1.0,6.0,11069,M,,,11
201000019214,10,1,24,2155,3,1,1,1.0,7.0,11069,M,,,11
201000019215,10,1,25,1815,2,2,1,1.0,6.0,11069,M,,,11
201000019216,10,1,26,1300,1,2,1,1.0,6.0,11069,M,,,11
201000019217,10,1,27,1120,1,2,2,1.0,2.0,11069,M,,,11
201000019218,10,2,1,1552,1,1,1,1.0,7.0,11069,M,,,11
201000019219,10,2,2,845,1,2,1,4.0,7.0,11069,M,,,11
201000019220,10,2,4,1500,1,1,1,1.0,7.0,11069,M,,,11
201000019221,10,2,6,2059,3,1,1,1.0,7.0,11069,M,,,11
201000019222,10,2,13,335,5,2,1,1.0,6.0,11069,M,,,11
201000019223,10,2,14,2130,5,2,1,1.0,6.0,11069,M,,,11
201000019224,10,2,16,1730,1,2,1,1.0,1.0,11069,M,,,11
201000019225,10,2,22,1750,1,2,1,1.0,2.0,11069,M,,,11
201000019226,10,2,23,943,1,1,1,1.0,6.0,11069,M,,,11
201000019227,10,2,26,1922,3,1,1,1.0,6.0,11069,M,,,11
201000019228,10,2,28,1813,2,2,2,2.0,3.0,11069,M,,,11
201000019229,10,3,2,756,2,1,1,1.0,2.0,11069,M,,,11
201000019230,10,3,4,1650,1,2,1,1.0,7.0,11069,M,,,11
201000019231,10,3,5,1104,1,2,1,1.0,7.0,11069,M,,,11
201000019232,10,3,22,1430,1,1,1,1.0,3.0,11069,M,,,11
201000019233,10,3,24,1556,1,1,1,1.0,7.0,11069,M,,,11
201000019234,10,3,24,2105,4,2,1,1.0,7.0,11069,M,,,11
201000019235,10,3,25,855,1,2,1,1.0,3.0,11069,M,,,11
201000019236,10,3,25,2042,2,1,1,1.0,7.0,11069,M,,,11
201000019237,10,3,26,1630,1,1,1,1.0,6.0,11069,M,,,11
201000019238,10,3,30,1355,1,2,1,1.0,6.0,11069,M,,,11
201000019239,10,3,31,1745,1,2,1,1.0,7.0,11069,M,,,11
201000019240,10,4,1,1530,1,1,1,1.0,6.0,11069,M,,,11
201000019241,10,4,3,930,1,2,1,1.0,2.0,11069,M,,,11
201000019242,10,4,3,1738,1,1,1,1.0,7.0,11069,M,,,11
201000019243,10,4,6,1756,1,2,1,1.0,3.0,11069,M,,,11
201000019244,10,4,7,940,1,2,1,1.0,7.0,11069,M,,,11
201000019245,10,4,7,1317,1,1,1,1.0,2.0,11069,M,,,11
201000019246,10,4,7,1414,1,1,1,2.0,2.0,11069,M,,,11
201000019247,10,4,8,1209,1,2,1,1.0,3.0,11069,M,,,11
201000019248,10,4,11,2158,4,2,1,1.0,2.0,11069,M,,,11
201000019249,10,4,12,2200,3,2,1,1.0,7.0,11069,M,,,11
201000019250,10,4,18,1337,1,1,1,1.0,3.0,11069,M,,,11
201000019251,10,4,24,2038,3,2,2,1.0,3.0,11069,M,,,11
201000019252,10,4,27,1244,1,1,1,1.0,2.0,11069,M,,,11
201000019253,10,4,28,1616,1,1,1,1.0,3.0,11069,M,,,11
201000019254,10,4,28,1846,1,1,1,1.0,2.0,11069,M,,,11
201000019255,10,4,29,1715,1,2,1,1.0,3.0,11069,M,,,11
201000019256,10,5,3,1220,1,2,1,1.0,6.0,11069,M,,,11
201000019257,10,5,3,1737,1,1,1,1.0,2.0,11069,M,,,11
201000019258,10,5,4,1126,1,1,1,1.0,7.0,11069,M,,,11
201000019259,10,5,7,723,1,1,1,1.0,2.0,11069,M,,,11
201000019260,10,5,9,1300,1,2,1,1.0,3.0,11069,M,,,11
201000019261,10,5,10,1421,1,2,1,1.0,2.0,11069,M,,,11
201000019262,10,5,10,1512,1,1,1,1.0,3.0,11069,M,,,11
201000019263,10,5,11,1416,1,1,1,1.0,7.0,11069,M,,,11
201000019264,10,5,19,435,4,2,1,1.0,6.0,11069,M,,,11
201000019265,10,5,23,2327,4,2,1,1.0,1.0,11069,M,,,11
201000019266,10,5,24,1,3,1,1,1.0,6.0,11069,M,,,11
201000019267,10,5,26,1200,1,2,1,1.0,2.0,11069,M,,,11
201000019268,10,5,26,1635,1,1,1,1.0,7.0,11069,M,,,11
201000019269,10,5,27,1140,1,2,1,1.0,6.0,11069,M,,,11
201000019270,10,5,28,1515,1,2,1,1.0,7.0,11069,M,,,11
201000019271,10,6,1,1042,1,2,1,1.0,6.0,11069,M,,,11
201000019272,10,6,3,1255,1,1,1,1.0,3.0,11069,M,,,11
201000019273,10,6,10,2221,3,1,1,1.0,3.0,11069,M,,,11
201000019274,10,6,12,1010,1,2,1,1.0,3.0,11069,M,,,11
201000019275,10,6,12,1630,1,2,1,1.0,2.0,11069,M,,,11
201000019276,10,6,15,740,1,2,1,1.0,3.0,11069,M,,,11
201000019277,10,6,17,2043,1,1,1,1.0,7.0,11069,M,,,11
201000019278,10,6,25,1458,1,2,1,1.0,6.0,11069,M,,,11
201000019279,10,6,25,1956,1,1,1,1.0,3.0,11069,M,,,11
201000019280,10,6,27,501,3,1,1,1.0,1.0,11069,M,,,11
201000019281,10,6,29,1855,1,1,1,1.0,1.0,11069,M,,,11
201000019282,10,6,30,11,5,2,1,1.0,7.0,11069,M,,,11
201000019283,10,6,30,220,5,2,1,1.0,7.0,11069,M,,,11
201000019284,10,6,30,937,1,1,1,1.0,3.0,11069,M,,,11
201000019285,10,7,1,858,1,1,1,1.0,2.0,11069,M,,,11
201000019286,10,7,3,703,1,2,1,1.0,7.0,11069,M,,,11
201000019287,10,7,5,1516,1,2,1,1.0,2.0,11069,M,,,11
201000019288,10,7,7,1120,1,1,1,1.0,7.0,11069,M,,,11
201000019289,10,7,30,1603,1,1,1,1.0,7.0,11069,M,,,11
201000019290,10,7,8,2158,2,2,1,1.0,7.0,11069,M,,,11
201000019291,10,7,9,1809,1,1,1,1.0,7.0,11069,M,,,11
201000019292,10,7,10,1409,1,1,2,2.0,3.0,11069,M,,,11
201000019293,10,7,11,951,1,1,1,1.0,7.0,11069,M,,,11
201000019294,10,7,14,1759,1,2,1,1.0,7.0,11069,M,,,11
201000019295,10,7,15,602,2,2,1,1.0,7.0,11069,M,,,11
201000019296,10,7,18,1831,1,1,1,1.0,7.0,11069,M,,,11
201000019297,10,7,19,834,1,1,1,1.0,1.0,11069,M,,,11
201000019298,10,7,29,1819,1,1,1,1.0,3.0,11069,M,,,11
201000019299,10,7,30,1948,1,2,1,1.0,7.0,11069,M,,,11
201000019300,10,8,3,939,1,2,2,1.0,3.0,11069,M,,,11
201000019301,10,8,4,1408,1,1,1,1.0,7.0,11069,M,,,11
201000019302,10,8,10,1622,1,2,1,1.0,6.0,11069,M,,,11
201000019303,10,8,11,1738,1,2,1,1.0,3.0,11069,M,,,11
201000019304,10,8,14,1530,1,2,2,1.0,3.0,11069,M,,,11
201000019305,10,8,21,1413,1,2,1,1.0,3.0,11069,M,,,11
201000019306,10,8,27,1651,1,2,1,1.0,2.0,11069,M,,,11
201000019307,10,8,28,741,2,2,1,1.0,2.0,11069,M,,,11
201000019308,10,8,31,1614,1,2,1,1.0,6.0,11069,M,,,11
201000019309,10,9,4,632,2,2,1,1.0,7.0,11069,M,,,11
201000019310,10,9,14,1115,1,2,1,1.0,6.0,11069,M,,,11
201000019311,10,9,17,1703,1,1,1,1.0,3.0,11069,M,,,11
201000019312,10,9,17,1717,1,1,1,1.0,3.0,11069,M,,,11
201000019313,10,9,19,105,3,1,1,1.0,2.0,11069,M,,,11
201000019314,10,9,24,1304,1,1,1,1.0,7.0,11069,M,,,11
201000019315,10,9,28,1652,1,1,1,1.0,2.0,11069,M,,,11
201000019316,10,10,4,1630,1,1,1,1.0,3.0,11069,M,,,11
201000019317,10,10,7,1752,1,1,1,1.0,3.0,11069,M,,,11
201000019318,10,10,8,1424,1,2,1,1.0,3.0,11069,M,,,11
201000019319,10,10,10,2041,3,1,1,3.0,1.0,11069,M,,,11
201000019320,10,10,13,1936,2,2,2,1.0,3.0,11069,M,,,11
201000019321,10,10,18,1735,1,2,1,1.0,2.0,11069,M,,,11
201000019322,10,10,19,1715,1,2,1,1.0,3.0,11069,M,,,11
201000019323,10,10,22,1715,1,1,1,1.0,4.0,11069,M,,,11
201000019324,10,10,25,2129,3,1,1,1.0,7.0,11069,M,,,11
201000019325,10,10,27,1758,1,1,1,1.0,7.0,11069,M,,,11
201000019326,10,11,3,1401,1,2,1,1.0,3.0,11069,M,,,11
201000019327,10,11,5,1822,5,2,1,1.0,7.0,11069,M,,,11
201000019328,10,11,13,1408,1,2,1,1.0,7.0,11069,M,,,11
201000019329,10,11,19,1536,1,2,1,1.0,3.0,11069,M,,,11
201000019330,10,11,20,2010,3,1,1,1.0,3.0,11069,M,,,11
201000019331,10,11,24,1627,1,1,1,1.0,2.0,11069,M,,,11
201000019332,10,11,25,1746,1,2,1,1.0,6.0,11069,M,,,11
201000019333,10,11,27,1630,1,1,1,1.0,3.0,11069,M,,,11
201000019334,10,12,5,1831,5,2,3,1.0,3.0,11069,M,,,11
201000019335,10,12,7,806,2,1,1,1.0,7.0,11069,M,,,11
201000019336,10,12,8,828,1,1,1,1.0,6.0,11069,M,,,11
201000019337,10,12,8,1316,1,2,1,1.0,6.0,11069,M,,,11
201000019338,10,12,9,1822,2,1,1,1.0,7.0,11069,M,,,11
201000019339,10,12,11,147,5,2,2,1.0,3.0,11069,M,,,11
201000019340,10,12,11,1759,2,1,1,1.0,2.0,11069,M,,,11
201000019341,10,12,15,1516,1,2,1,1.0,6.0,11069,M,,,11
201000019342,10,12,21,1332,2,2,3,1.0,3.0,11069,M,,,11
201000019343,10,12,27,934,1,2,1,1.0,2.0,11069,M,,,11
201000019344,10,12,29,1040,1,1,1,1.0,7.0,11069,M,,,11
201000019345,10,12,30,1810,2,1,1,1.0,7.0,11069,M,,,11
201000019346,10,3,6,505,3,1,1,1.0,6.0,11076,M,,,11
201000019347,10,4,3,1145,1,2,1,8.0,6.0,11076,M,,,11
201000019348,10,8,17,810,1,2,1,1.0,5.0,11076,M,,,11
201000019349,10,9,22,2215,3,1,2,1.0,3.0,11076,M,,,11
201000019350,10,11,30,1925,4,2,1,1.0,1.0,11076,M,,,11
201000019351,10,12,6,845,1,2,2,1.0,3.0,11076,M,,,11
201000019352,10,12,17,1115,1,2,1,2.0,7.0,11076,M,,,11
201000019353,10,3,16,845,1,1,1,1.0,4.0,31091,M,0.0,0.0,31
201000019354,10,12,5,630,3,1,1,1.0,7.0,31358,M,0.0,0.0,31
201000019355,10,1,29,1825,3,1,1,9.0,2.0,77293,M,4837500.0,310200.0,77
201000019356,10,1,31,2105,3,1,1,1.0,1.0,77354,M,0.0,0.0,77
201000019357,10,8,2,45,3,1,1,1.0,7.0,77295,M,4857000.0,275700.0,77
201000019358,10,11,6,745,1,1,1,1.0,2.0,77480,M,0.0,0.0,77
201000019359,10,1,4,830,2,2,1,2.0,2.0,11262,M,,,11
201000019360,10,1,5,1345,1,2,2,1.0,3.0,11262,M,,,11
201000019361,10,1,18,815,1,1,2,1.0,1.0,11262,M,,,11
201000019362,10,1,22,1315,1,2,3,1.0,6.0,11262,M,,,11
201000019363,10,1,23,35,5,2,3,1.0,3.0,11262,M,,,11