Num_Acc,an,mois,jour,hrmn,lum,agg,int,atm,col,com,gps,lat,long,dep
201000019364,10,1,25,1615,1,2,1,1.0,6.0,11262,M,,,11
201000019365,10,1,29,1845,3,2,1,1.0,6.0,11262,M,,,11
201000019366,10,1,7,1730,1,2,9,1.0,7.0,11262,M,,,11
201000019367,10,1,8,1100,1,1,1,6.0,6.0,11262,M,,,11
201000019368,10,2,9,1720,1,2,1,1.0,4.0,11262,M,,,11
201000019369,10,2,10,1705,1,2,1,1.0,6.0,11262,M,,,11
201000019370,10,1,9,1205,1,2,1,1.0,7.0,11262,M,,,11
201000019371,10,2,19,1035,1,2,1,1.0,6.0,11262,M,,,11
201000019372,10,2,22,945,1,2,1,1.0,1.0,11262,M,,,11
201000019373,10,2,27,1,5,2,1,1.0,6.0,11262,M,,,11
201000019374,10,12,27,1700,1,2,1,1.0,7.0,11262,M,,,11
201000019375,10,3,5,850,1,2,3,1.0,3.0,11262,M,,,11
201000019376,10,2,28,535,3,2,1,1.0,1.0,11262,M,,,11
201000019377,10,3,21,940,1,2,1,1.0,2.0,11262,M,,,11
201000019378,10,3,16,1450,1,2,1,1.0,7.0,11262,M,,,11
201000019379,10,3,19,1100,1,2,1,1.0,7.0,11262,M,,,11
201000019380,10,4,4,2110,1,1,2,1.0,3.0,11262,M,,,11
201000019381,10,4,7,820,1,2,1,1.0,6.0,11262,M,,,11
201000019382,10,4,18,2050,2,2,1,1.0,6.0,11262,M,,,11
201000019383,10,1,22,1730,1,2,2,1.0,3.0,11262,M,,,11
201000019384,10,8,28,1635,1,2,1,1.0,3.0,11262,M,,,11
201000019385,10,5,2,1300,1,2,1,1.0,6.0,11262,M,,,11
201000019386,10,5,4,1220,1,2,1,6.0,7.0,11262,M,,,11
201000019387,10,5,7,1915,1,2,1,1.0,6.0,11262,M,,,11
201000019388,10,5,17,1130,1,2,1,1.0,3.0,11262,M,,,11
201000019389,10,5,17,1025,1,2,1,1.0,6.0,11262,M,,,11
201000019390,10,5,21,1410,1,2,2,1.0,3.0,11262,M,,,11
201000019391,10,1,29,1550,1,2,1,1.0,2.0,11262,M,,,11
201000019392,10,1,30,1000,1,2,1,1.0,7.0,11262,M,,,11
201000019393,10,12,17,1500,1,2,2,1.0,2.0,11262,M,,,11
201000019394,10,2,5,1050,1,2,1,1.0,6.0,11262,M,,,11
201000019395,10,6,23,1335,1,2,1,1.0,3.0,11262,M,,,11
201000019396,10,2,7,200,5,2,1,1.0,6.0,11262,M,,,11
201000019397,10,7,1,835,1,2,1,1.0,6.0,11262,M,,,11
201000019398,10,7,15,1110,1,1,1,1.0,6.0,11262,M,,,11
201000019399,10,7,18,1250,1,2,3,1.0,6.0,11262,M,,,11
201000019400,10,7,13,1120,1,2,1,1.0,6.0,11262,M,,,11
201000019401,10,7,17,1727,1,2,1,1.0,6.0,11262,M,,,11
201000019402,10,7,19,1000,1,2,1,1.0,2.0,11262,M,,,11
201000019403,10,2,11,1425,1,2,1,1.0,6.0,11262,M,,,11
201000019404,10,8,4,1400,1,2,1,1.0,6.0,11262,M,,,11
201000019405,10,6,3,1805,1,2,1,1.0,6.0,11262,M,,,11
201000019406,10,8,5,1515,1,2,1,1.0,2.0,11262,M,,,11
201000019407,10,7,20,1126,1,2,2,1.0,3.0,11262,M,,,11
201000019408,10,8,13,1940,1,2,1,1.0,3.0,11262,M,,,11
201000019409,10,2,17,1815,1,2,1,1.0,6.0,11262,M,,,11
201000019410,10,8,26,630,5,2,1,1.0,6.0,11262,M,,,11
201000019411,10,9,8,1725,1,2,6,1.0,3.0,11262,M,,,11
201000019412,10,7,9,1030,1,2,6,1.0,2.0,11262,M,,,11
201000019413,10,9,20,1250,1,2,1,1.0,3.0,11262,M,,,11
201000019414,10,9,29,800,1,2,3,1.0,3.0,11262,M,,,11
201000019415,10,9,27,1950,2,2,1,1.0,6.0,11262,M,,,11
201000019416,10,9,29,1645,1,2,1,1.0,2.0,11262,M,,,11
201000019417,10,9,30,1815,1,2,1,1.0,6.0,11262,M,,,11
201000019418,10,10,9,1600,1,2,1,8.0,6.0,11262,M,,,11
201000019419,10,10,18,750,2,2,3,1.0,2.0,11262,M,,,11
201000019420,10,10,24,650,2,2,1,1.0,6.0,11262,M,,,11
201000019421,10,10,27,1350,1,2,1,1.0,7.0,11262,M,,,11
201000019422,10,10,27,1800,1,2,1,1.0,3.0,11262,M,,,11
201000019423,10,11,7,2040,5,2,1,1.0,1.0,11262,M,,,11
201000019424,10,3,4,1150,1,2,1,1.0,6.0,11262,M,,,11
201000019425,10,11,5,1634,1,2,2,1.0,3.0,11262,M,,,11
201000019426,10,11,20,1000,1,2,2,1.0,6.0,11262,M,,,11
201000019427,10,11,19,1945,5,2,9,1.0,3.0,11262,M,,,11
201000019428,10,11,25,1745,5,2,3,2.0,6.0,11262,M,,,11
201000019429,10,12,3,1825,5,2,1,1.0,3.0,11262,M,,,11
201000019430,10,12,3,1730,2,2,1,1.0,6.0,11262,M,,,11
201000019431,10,12,11,1810,5,2,1,1.0,3.0,11262,M,,,11
201000019432,10,3,10,910,1,2,1,1.0,7.0,11262,M,,,11
201000019433,10,12,13,1000,1,2,1,1.0,6.0,11262,M,,,11
201000019434,10,12,12,1250,1,2,3,1.0,6.0,11262,M,,,11
201000019435,10,12,17,1600,1,2,1,1.0,2.0,11262,M,,,11
201000019436,10,12,29,1830,5,2,1,1.0,2.0,11262,M,,,11
201000019437,10,3,16,1335,1,2,1,1.0,6.0,11262,M,,,11
201000019438,10,3,16,2225,5,2,1,1.0,3.0,11262,M,,,11
201000019439,10,3,17,1345,1,2,1,1.0,2.0,11262,M,,,11
201000019440,10,3,20,1620,1,2,1,1.0,7.0,11262,M,,,11
201000019441,10,3,25,1535,1,2,2,1.0,2.0,11262,M,,,11
201000019442,10,3,29,1315,1,2,1,1.0,2.0,11262,M,,,11
201000019443,10,4,1,1710,1,2,1,1.0,2.0,11262,M,,,11
201000019444,10,4,4,1420,1,2,2,1.0,3.0,11262,M,,,11
201000019445,10,4,4,1650,1,2,1,1.0,7.0,11262,M,,,11
201000019446,10,4,5,1655,1,2,1,1.0,3.0,11262,M,,,11
201000019447,10,4,9,1420,1,2,1,1.0,6.0,11262,M,,,11
201000019448,10,4,15,1635,1,2,6,1.0,6.0,11262,M,,,11
201000019449,10,4,23,1630,1,2,2,1.0,3.0,11262,M,,,11
201000019450,10,4,26,1630,1,2,3,1.0,3.0,11262,M,,,11
201000019451,10,4,29,1955,1,2,1,1.0,3.0,11262,M,,,11
201000019452,10,5,6,1940,1,2,2,1.0,3.0,11262,M,,,11
201000019453,10,5,10,1100,1,2,1,1.0,6.0,11262,M,,,11
201000019454,10,5,19,1640,1,2,1,1.0,2.0,11262,M,,,11
201000019455,10,5,20,1925,1,2,2,1.0,6.0,11262,M,,,11
201000019456,10,5,26,720,1,2,2,1.0,3.0,11262,M,,,11
201000019457,10,5,27,1705,1,2,1,1.0,5.0,11262,M,,,11
201000019458,10,5,28,825,1,2,1,1.0,2.0,11262,M,,,11
201000019459,10,5,29,2355,5,2,2,1.0,3.0,11262,M,,,11
201000019460,10,5,29,1000,1,2,1,1.0,7.0,11262,M,,,11
201000019461,10,5,30,420,3,2,1,1.0,7.0,11262,M,,,11
201000019462,10,6,1,1235,1,2,1,1.0,3.0,11262,M,,,11
201000019463,10,6,3,1015,1,2,1,1.0,6.0,11262,M,,,11
201000019464,10,6,3,1640,1,2,1,1.0,7.0,11262,M,,,11
201000019465,10,6,4,1630,1,2,1,1.0,7.0,11262,M,,,11
201000019466,10,6,7,2055,5,2,1,1.0,6.0,11262,M,,,11
201000019467,10,6,8,1225,1,2,1,1.0,2.0,11262,M,,,11
201000019468,10,6,9,1300,1,2,1,1.0,7.0,11262,M,,,11
201000019469,10,6,13,2050,5,2,1,1.0,6.0,11262,M,,,11
201000019470,10,6,18,1230,1,2,2,1.0,3.0,11262,M,,,11
201000019471,10,6,18,1410,1,2,1,1.0,6.0,11262,M,,,11
201000019472,10,6,19,1825,1,2,2,1.0,3.0,11262,M,,,11
201000019473,10,6,23,1120,1,2,2,1.0,3.0,11262,M,,,11
201000019474,10,6,24,1200,1,2,1,1.0,4.0,11262,M,,,11
201000019475,10,6,24,1420,1,2,1,1.0,6.0,11262,M,,,11
201000019476,10,6,24,1810,1,2,1,1.0,7.0,11262,M,,,11
201000019477,10,7,1,1400,1,2,1,1.0,7.0,11262,M,,,11
201000019478,10,7,2,1150,1,2,2,1.0,3.0,11262,M,,,11
201000019479,10,7,4,1640,1,2,1,1.0,7.0,11262,M,,,11
201000019480,10,7,9,1200,1,2,3,1.0,3.0,11262,M,,,11
201000019481,10,7,9,1615,1,2,1,1.0,2.0,11262,M,,,11
201000019482,10,7,11,1405,1,2,2,1.0,3.0,11262,M,,,11
201000019483,10,7,11,1850,1,2,1,1.0,7.0,11262,M,,,11
201000019484,10,7,15,1320,1,2,1,1.0,2.0,11262,M,,,11
201000019485,10,7,16,250,5,2,1,1.0,7.0,11262,M,,,11
201000019486,10,7,20,800,1,2,1,1.0,2.0,11262,M,,,11
201000019487,10,7,20,2230,5,2,1,1.0,6.0,11262,M,,,11
201000019488,10,7,22,1720,1,2,2,1.0,3.0,11262,M,,,11
201000019489,10,7,23,700,1,2,1,2.0,7.0,11262,M,,,11
201000019490,10,7,26,1300,1,2,1,1.0,3.0,11262,M,,,11
201000019491,10,7,26,1540,1,2,2,1.0,3.0,11262,M,,,11
201000019492,10,7,26,2245,5,2,1,1.0,6.0,11262,M,,,11
201000019493,10,7,27,1125,1,2,1,1.0,6.0,11262,M,,,11
201000019494,10,7,30,850,1,2,1,1.0,6.0,11262,M,,,11
201000019495,10,8,3,1840,1,2,1,1.0,4.0,11262,M,,,11
201000019496,10,8,8,1940,1,2,1,1.0,6.0,11262,M,,,11
201000019497,10,8,15,855,1,2,6,1.0,3.0,11262,M,,,11
201000019498,10,8,24,743,1,2,1,1.0,3.0,11262,M,,,11
201000019499,10,8,26,2100,2,1,1,1.0,3.0,11262,M,,,11
201000019500,10,9,1,1900,1,2,1,1.0,6.0,11262,M,,,11
201000019501,10,9,9,1540,1,2,1,1.0,1.0,11262,M,,,11
201000019502,10,9,14,1845,1,2,2,1.0,3.0,11262,M,,,11
201000019503,10,9,15,1105,1,2,1,1.0,6.0,11262,M,,,11
201000019504,10,9,22,820,1,2,1,1.0,6.0,11262,M,,,11
201000019505,10,9,22,1510,1,2,1,1.0,2.0,11262,M,,,11
201000019506,10,9,23,1140,1,2,1,1.0,6.0,11262,M,,,11
201000019507,10,9,23,1540,1,2,2,1.0,3.0,11262,M,,,11
201000019508,10,9,26,1505,1,2,1,1.0,7.0,11262,M,,,11
201000019509,10,10,3,40,5,2,1,1.0,7.0,11262,M,,,11
201000019510,10,10,7,1635,1,2,1,6.0,6.0,11262,M,,,11
201000019511,10,10,5,845,1,2,1,1.0,2.0,11262,M,,,11
201000019512,10,10,7,1110,1,2,6,1.0,3.0,11262,M,,,11
201000019513,10,10,7,1145,1,1,1,1.0,2.0,11262,M,,,11
201000019514,10,10,13,1530,1,2,2,1.0,3.0,11262,M,,,11
201000019515,10,10,14,1940,5,2,3,1.0,3.0,11262,M,,,11
201000019516,10,10,14,2250,5,2,3,1.0,3.0,11262,M,,,11
201000019517,10,10,16,925,1,2,1,1.0,6.0,11262,M,,,11
201000019518,10,10,21,1355,1,2,1,1.0,2.0,11262,M,,,11
201000019519,10,10,21,1430,1,1,1,1.0,4.0,11262,M,,,11
201000019520,10,10,25,1425,1,2,1,1.0,7.0,11262,M,,,11
201000019521,10,11,5,1100,1,2,1,1.0,3.0,11262,M,,,11
201000019522,10,11,8,1710,1,1,1,2.0,7.0,11262,M,,,11
201000019523,10,11,17,755,1,2,2,1.0,3.0,11262,M,,,11
201000019524,10,11,18,745,2,2,1,1.0,7.0,11262,M,,,11
201000019525,10,11,19,900,1,2,1,1.0,3.0,11262,M,,,11
201000019526,10,11,20,1700,2,2,3,1.0,3.0,11262,M,,,11
201000019527,10,11,22,835,1,2,2,1.0,3.0,11262,M,,,11
201000019528,10,11,29,1235,1,2,6,1.0,7.0,11262,M,,,11
201000019529,10,12,1,750,1,1,1,1.0,7.0,11262,M,,,11
201000019530,10,12,1,1635,1,2,2,1.0,3.0,11262,M,,,11
201000019531,10,12,9,1345,1,2,1,1.0,6.0,11262,M,,,11
201000019532,10,12,14,1610,1,2,1,1.0,6.0,11262,M,,,11
201000019533,10,12,20,950,1,2,1,1.0,6.0,11262,M,,,11
201000019534,10,12,21,1920,1,2,1,8.0,5.0,11262,M,,,11
201000019535,10,12,22,2355,5,2,1,1.0,6.0,11262,M,,,11
201000019536,10,2,9,815,1,1,1,8.0,6.0,60652,M,0.0,0.0,60
201000019537,10,4,25,1800,1,1,1,1.0,6.0,60299,M,0.0,0.0,60
201000019538,10,5,2,1730,1,1,1,1.0,2.0,60030,M,0.0,0.0,60
201000019539,10,5,10,915,1,1,1,1.0,3.0,60639,M,0.0,0.0,60
201000019540,10,12,28,730,2,1,1,9.0,2.0,60652,M,0.0,0.0,60
201000019541,10,3,1,1430,1,1,1,1.0,7.0,89172,M,4824000.0,338200.0,89
201000019542,10,4,6,730,1,1,1,1.0,2.0,89274,M,0.0,0.0,89
201000019543,10,4,18,1915,1,1,1,1.0,3.0,89189,M,0.0,0.0,89
201000019544,10,6,19,1000,1,1,1,1.0,7.0,89255,M,0.0,0.0,89
201000019545,10,1,17,145,3,1,1,2.0,6.0,13091,M,4363050.0,528678.0,13
201000019546,10,1,27,1515,1,2,1,1.0,6.0,13091,M,4362330.0,529541.0,13
201000019547,10,3,4,1200,1,1,2,1.0,5.0,13050,M,4364140.0,527769.0,13
201000019548,10,4,9,1315,1,1,1,1.0,2.0,13091,M,4361730.0,531120.0,13
201000019549,10,6,7,1830,1,1,1,1.0,7.0,13091,M,4362220.0,535287.0,13
201000019550,10,9,5,800,1,1,1,1.0,6.0,13050,M,4361930.0,525040.0,13
201000019551,10,9,25,1845,1,1,1,1.0,3.0,13091,M,4362070.0,535441.0,13
201000019552,10,9,28,1700,1,2,1,1.0,5.0,13050,M,4364910.0,526410.0,13
201000019553,10,10,4,800,1,2,1,1.0,5.0,13091,M,4362940.0,528810.0,13
201000019554,10,3,28,1315,1,1,1,8.0,7.0,85261,M,0.0,0.0,85
201000019555,10,5,24,1445,1,1,1,1.0,7.0,85009,M,0.0,0.0,85
201000019556,10,8,6,1645,1,1,1,1.0,2.0,85092,M,0.0,0.0,85
201000019557,10,8,24,1915,1,1,1,1.0,7.0,85261,M,0.0,0.0,85
201000019558,10,1,29,2145,3,1,1,3.0,7.0,31399,M,,,31
201000019559,10,2,19,1915,3,1,1,1.0,6.0,76684,M,0.0,0.0,76
201000019560,10,3,21,1500,1,1,1,1.0,6.0,76250,M,0.0,0.0,76
201000019561,10,4,22,1145,1,1,9,7.0,3.0,76660,M,0.0,0.0,76
201000019562,10,7,19,1115,1,1,1,1.0,1.0,76533,M,0.0,0.0,76
201000019563,10,9,10,1700,1,1,9,1.0,6.0,76657,M,0.0,0.0,76
201000019564,10,10,7,300,3,1,1,1.0,6.0,76533,M,0.0,0.0,76
201000019565,10,11,24,430,4,1,1,1.0,6.0,76305,M,0.0,0.0,76
201000019566,10,1,1,715,3,1,1,1.0,6.0,76611,M,0.0,0.0,76
201000019567,10,2,21,730,2,1,1,2.0,6.0,76066,M,0.0,0.0,76
201000019568,10,10,20,715,2,1,1,1.0,6.0,76729,M,0.0,0.0,76
201000019569,10,3,24,1745,1,1,1,1.0,6.0,31147,M,4311100.0,61900.0,31
201000019570,10,5,27,1030,1,1,1,1.0,2.0,31296,M,4312500.0,89700.0,31
201000019571,10,7,7,1015,1,1,1,1.0,2.0,31031,M,4309800.0,54700.0,31
201000019572,10,10,25,945,1,1,1,8.0,6.0,31457,M,0.0,0.0,31
201000019573,10,10,27,1515,1,1,1,1.0,6.0,31324,M,0.0,0.0,31
201000019574,10,2,10,1600,1,1,1,4.0,6.0,49002,M,4727930.0,3020.0,49
201000019575,10,4,2,2030,2,1,1,8.0,7.0,49378,M,4731920.0,-3536.0,49
201000019576,10,4,17,2015,1,1,1,1.0,3.0,49185,M,4752040.0,-30673.0,49
201000019577,10,5,21,1345,1,1,1,1.0,6.0,49280,M,4748300.0,-21651.0,49
201000019578,10,6,8,1600,1,1,1,1.0,6.0,37228,M,0.0,0.0,37
201000019579,10,6,21,830,1,1,1,1.0,1.0,49194,M,4748520.0,-23621.0,49
201000019580,10,7,11,1645,1,1,1,1.0,6.0,49019,M,4753070.0,-31701.0,49
201000019581,10,7,18,1000,1,1,1,1.0,7.0,37228,M,4727370.0,10561.0,37
201000019582,10,10,23,1200,1,1,1,8.0,6.0,49002,M,4728660.0,597.0,49
201000019583,10,1,23,1715,1,1,1,1.0,7.0,74240,M,0.0,0.0,74
201000019584,10,3,19,545,3,1,1,1.0,7.0,74311,M,0.0,0.0,74
201000019585,10,3,27,2030,5,2,1,3.0,6.0,74164,M,4609600.0,650700.0,74
201000019586,10,5,10,1715,1,1,1,2.0,1.0,74164,M,0.0,0.0,74
201000019587,10,6,4,700,1,1,1,1.0,3.0,74312,M,0.0,0.0,74
201000019588,10,6,30,2230,5,2,1,1.0,6.0,74284,M,0.0,0.0,74
201000019589,10,11,19,1115,1,2,1,1.0,1.0,74278,M,0.0,0.0,74
201000019590,10,12,6,2230,3,1,1,5.0,1.0,74311,M,0.0,0.0,74
201000019591,10,4,3,300,3,1,1,1.0,7.0,80100,M,0.0,0.0,80
201000019592,10,6,6,1800,1,1,1,1.0,6.0,80157,M,0.0,0.0,80
201000019593,10,7,5,1215,1,1,1,1.0,4.0,80724,M,0.0,0.0,80
201000019594,10,8,3,145,3,1,1,1.0,2.0,80799,M,0.0,0.0,80
201000019595,10,8,6,1615,1,1,9,1.0,7.0,80725,M,0.0,0.0,80
201000019596,10,8,7,1715,1,1,1,1.0,4.0,80131,M,0.0,0.0,80
201000019597,10,8,19,1600,1,1,1,1.0,7.0,80024,M,0.0,0.0,80
201000019598,10,1,2,1100,1,1,1,4.0,6.0,80171,M,0.0,0.0,80
201000019599,10,2,14,1730,1,1,1,1.0,6.0,80001,M,0.0,0.0,80
201000019600,10,4,10,1130,1,1,1,1.0,6.0,80692,M,0.0,0.0,80
201000019601,10,4,10,1800,1,1,1,1.0,6.0,80087,M,0.0,0.0,80
201000019602,10,6,5,1345,1,1,1,7.0,6.0,80163,M,0.0,0.0,80
201000019603,10,6,10,1415,1,1,1,3.0,6.0,80385,M,0.0,0.0,80
201000019604,10,8,18,1645,1,1,1,1.0,6.0,80692,M,0.0,0.0,80
201000019605,10,9,6,2130,3,1,1,1.0,6.0,80767,M,0.0,0.0,80
201000019606,10,3,13,1200,1,1,1,1.0,6.0,73278,M,4542700.0,627100.0,73
201000019607,10,3,30,2015,2,1,1,2.0,7.0,73255,M,4534400.0,631000.0,73
201000019608,10,12,24,1115,1,1,1,4.0,6.0,73258,M,4524200.0,643900.0,73
201000019609,10,12,27,800,2,1,1,9.0,7.0,73252,M,0.0,0.0,73
201000019610,10,6,1,2000,1,1,1,2.0,6.0,62560,M,0.0,0.0,62
201000019611,10,6,8,1645,1,1,1,1.0,1.0,62281,M,0.0,0.0,62
201000019612,10,9,18,1000,1,1,1,1.0,6.0,62758,M,0.0,0.0,62
201000019613,10,10,29,530,3,1,1,1.0,7.0,62354,M,0.0,0.0,62
201000019614,10,4,16,1400,1,1,1,1.0,2.0,39049,M,0.0,0.0,39
201000019615,10,7,25,2300,3,1,1,1.0,6.0,39310,M,4680500.0,553400.0,39
201000019616,10,11,24,1445,1,1,1,4.0,6.0,39171,M,0.0,0.0,39
201000019617,10,11,24,1000,2,1,1,4.0,6.0,39471,M,0.0,0.0,39
201000019618,10,12,13,1430,1,1,1,1.0,6.0,39570,M,0.0,0.0,39
201000019619,10,12,28,830,1,1,1,2.0,5.0,39508,M,0.0,0.0,39
201000019620,10,1,28,1805,2,2,7,2.0,3.0,12089,M,,,12
201000019621,10,3,4,2055,5,2,1,1.0,6.0,12089,M,,,12
201000019622,10,3,5,825,1,2,1,1.0,6.0,12089,M,4455869.0,345699.0,12
201000019623,10,3,21,1315,1,1,1,2.0,1.0,12089,M,4458558.0,345699.0,12
201000019624,10,5,15,1755,1,2,3,1.0,7.0,12305,M,,,12
201000019625,10,6,11,800,1,2,1,1.0,6.0,12089,M,,,12
201000019626,10,6,11,945,1,1,1,1.0,6.0,12089,M,,,12
201000019627,10,6,14,1620,1,1,3,3.0,3.0,12013,M,,,12
201000019628,10,8,8,1145,1,1,1,1.0,3.0,12013,M,,,12
201000019629,10,10,27,1625,1,1,2,1.0,3.0,12089,M,4455787.0,345699.0,12
201000019630,10,1,26,1035,1,2,1,1.0,6.0,12145,M,,,12
201000019631,10,2,15,1215,1,1,1,1.0,7.0,12145,M,,,12
201000019632,10,2,23,1030,1,2,1,2.0,1.0,12145,M,,,12
201000019633,10,3,13,1658,1,2,1,1.0,2.0,12145,M,,,12
201000019634,10,4,22,1540,1,2,1,1.0,6.0,12145,M,,,12
201000019635,10,4,23,1315,1,2,3,8.0,6.0,12145,M,,,12
201000019636,10,5,18,1715,1,2,1,1.0,3.0,12145,M,,,12
201000019637,10,5,18,1830,1,2,1,1.0,2.0,12145,M,,,12
201000019638,10,5,23,110,3,1,1,1.0,6.0,12145,M,,,12
201000019639,10,5,25,1530,1,2,3,1.0,3.0,12145,M,,,12
201000019640,10,6,15,2305,5,2,1,2.0,7.0,12145,M,,,12
201000019641,10,7,7,1700,1,2,1,1.0,2.0,12145,M,,,12
201000019642,10,7,8,905,1,2,1,1.0,3.0,12145,M,,,12
201000019643,10,7,19,755,1,2,1,7.0,3.0,12145,M,,,12
201000019644,10,7,21,1040,1,2,3,1.0,3.0,12145,M,,,12
201000019645,10,9,7,1014,1,2,3,1.0,3.0,12145,M,,,12
201000019646,10,11,2,1114,1,2,3,1.0,3.0,12145,M,,,12
201000019647,10,12,8,1205,1,2,1,1.0,3.0,12145,M,,,12
201000019648,10,12,10,1300,1,2,1,1.0,6.0,12145,M,,,12
201000019649,10,1,5,830,1,2,1,1.0,2.0,12202,M,,,12
201000019650,10,1,28,1225,1,2,1,4.0,2.0,12202,M,,,12
201000019651,10,2,2,825,1,2,2,1.0,3.0,12202,M,,,12
201000019652,10,2,18,1540,1,2,1,1.0,3.0,12176,M,,,12
201000019653,10,3,3,1,5,2,1,1.0,6.0,12202,M,,,12
201000019654,10,3,12,920,1,2,2,1.0,3.0,12202,M,,,12
201000019655,10,3,19,1705,1,1,2,1.0,5.0,12176,M,,,12
201000019656,10,3,21,1350,1,2,1,1.0,3.0,12202,M,,,12
201000019657,10,4,11,450,3,1,1,1.0,6.0,12202,M,,,12
201000019658,10,4,25,1330,1,1,1,1.0,7.0,12176,M,,,12
201000019659,10,4,26,825,1,2,1,1.0,2.0,12202,M,,,12
201000019660,10,4,27,1530,1,2,1,1.0,6.0,12176,M,,,12
201000019661,10,5,4,1740,1,2,3,8.0,1.0,12202,M,,,12
201000019662,10,5,5,1735,1,2,6,2.0,3.0,12202,M,,,12
201000019663,10,5,29,1425,1,2,3,1.0,3.0,12202,M,,,12
201000019664,10,5,29,2355,5,2,2,1.0,3.0,12202,M,,,12
201000019665,10,6,7,5,3,1,9,1.0,7.0,12202,M,,,12
201000019666,10,6,7,425,3,1,1,1.0,7.0,12202,M,,,12
201000019667,10,6,7,1355,1,1,2,1.0,3.0,12176,M,,,12
201000019668,10,6,12,1120,1,2,1,1.0,6.0,12202,M,,,12
201000019669,10,6,14,820,1,1,1,1.0,4.0,12202,M,,,12
201000019670,10,6,15,1505,1,2,6,2.0,3.0,12174,M,,,12
201000019671,10,6,17,2020,2,2,6,1.0,3.0,12202,M,,,12
201000019672,10,6,24,1710,1,1,1,1.0,3.0,12176,M,,,12
201000019673,10,7,16,1900,1,1,1,1.0,2.0,12176,M,,,12
201000019674,10,7,17,550,5,2,1,1.0,6.0,12176,M,,,12
201000019675,10,7,29,1600,1,1,2,1.0,3.0,12176,M,,,12
201000019676,10,8,6,1740,1,2,1,1.0,2.0,12202,M,,,12
201000019677,10,8,9,1820,1,2,1,1.0,6.0,12202,M,,,12
201000019678,10,8,16,1805,1,1,1,1.0,2.0,12202,M,,,12
201000019679,10,8,20,1345,1,2,1,1.0,1.0,12202,M,,,12
201000019680,10,8,24,1755,1,2,1,1.0,7.0,12202,M,,,12
201000019681,10,8,28,1835,1,2,1,1.0,2.0,12202,M,,,12
201000019682,10,9,7,1355,1,2,1,1.0,1.0,12176,M,,,12
201000019683,10,9,10,740,1,2,1,1.0,6.0,12176,M,,,12
201000019684,10,9,15,1025,1,2,1,1.0,6.0,12202,M,,,12
201000019685,10,9,22,1520,1,2,1,1.0,2.0,12202,M,,,12
201000019686,10,10,4,1620,1,2,1,1.0,5.0,12202,M,,,12
201000019687,10,10,5,1205,1,2,1,1.0,6.0,12202,M,,,12
201000019688,10,10,15,1145,1,2,1,1.0,3.0,12202,M,,,12
201000019689,10,10,22,1810,1,2,3,1.0,3.0,12202,M,,,12
201000019690,10,10,29,1950,4,1,3,1.0,5.0,12202,M,,,12
201000019691,10,10,31,140,5,2,3,1.0,2.0,12202,M,,,12
201000019692,10,11,3,1805,2,1,2,2.0,5.0,12176,M,,,12
201000019693,10,11,15,1825,3,1,3,1.0,3.0,12202,M,,,12
201000019694,10,11,19,855,1,2,3,1.0,3.0,12202,M,,,12
201000019695,10,11,20,1805,5,2,1,1.0,6.0,12176,M,,,12
201000019696,10,11,28,1930,3,2,1,9.0,1.0,12202,M,,,12
201000019697,10,12,28,1120,1,2,1,1.0,6.0,12202,M,,,12
201000019698,10,2,14,1700,1,1,1,1.0,2.0,46083,M,4503480.0,152552.0,46
201000019699,10,4,9,1645,1,1,1,1.0,7.0,46334,M,4474300.0,145264.0,46
201000019700,10,5,30,1645,1,1,1,2.0,6.0,46145,M,4492300.0,149870.0,46
201000019701,10,6,25,545,2,1,1,1.0,6.0,46118,M,4499030.0,152627.0,46
201000019702,10,9,21,1645,1,1,1,1.0,3.0,52074,M,4808100.0,561000.0,52
201000019703,10,10,8,1230,1,1,1,1.0,2.0,52114,M,4803950.0,502984.0,52
201000019704,10,10,18,530,1,1,1,1.0,2.0,52332,M,4798220.0,550396.0,52
201000019705,10,11,16,1445,1,1,1,1.0,2.0,52519,M,4770610.0,518730.0,52
201000019706,10,7,15,1100,1,1,1,1.0,7.0,71475,M,0.0,0.0,71
201000019707,10,8,22,1015,1,1,1,1.0,6.0,71269,M,0.0,0.0,71
201000019708,10,9,21,45,3,1,1,1.0,5.0,71052,M,0.0,0.0,71
201000019709,10,10,19,245,3,1,1,2.0,5.0,71118,M,0.0,0.0,71
201000019710,10,12,17,1700,2,1,1,4.0,1.0,71170,M,0.0,0.0,71
201000019711,10,1,20,645,2,1,1,1.0,2.0,45281,M,4803757.0,302117.0,45
201000019712,10,4,7,1545,1,1,1,1.0,6.0,45242,M,0.0,0.0,45
201000019713,10,4,8,1300,1,1,1,1.0,7.0,45222,M,0.0,0.0,45
201000019714,10,9,10,2015,2,1,1,1.0,6.0,45247,M,4799840.0,267704.0,45
201000019715,10,4,6,30,3,1,1,1.0,2.0,19180,M,4551490.0,223515.0,19
201000019716,10,9,14,1915,1,1,1,1.0,7.0,63048,M,4565000.0,256000.0,63
201000019717,10,12,12,415,5,1,1,1.0,6.0,13001,M,,,13
201000019718,10,11,26,300,3,1,1,1.0,6.0,13001,M,,,13
201000019719,10,12,6,1900,3,1,1,8.0,5.0,13001,M,,,13
201000019720,10,1,6,1745,2,2,1,1.0,6.0,13001,M,,,13
201000019721,10,1,8,1900,5,2,1,1.0,6.0,13001,M,,,13
201000019722,10,1,9,1430,1,1,1,1.0,6.0,13001,M,,,13
201000019723,10,1,9,1445,1,1,1,1.0,6.0,13001,M,,,13
201000019724,10,1,6,700,3,1,1,1.0,6.0,13001,M,,,13
201000019725,10,1,6,1605,1,2,1,1.0,6.0,13001,M,,,13
201000019726,10,1,12,835,1,1,3,1.0,2.0,13001,M,,,13
201000019727,10,1,8,900,1,1,1,8.0,5.0,13001,M,,,13
201000019728,10,1,12,1000,1,2,2,1.0,3.0,13001,M,,,13