Num_Acc,an,mois,jour,hrmn,lum,agg,int,atm,col,com,gps,lat,long,dep
201000019729,10,1,13,1430,1,2,1,8.0,6.0,13001,M,4352560.0,544598.0,13
201000019730,10,12,14,740,1,2,2,1.0,3.0,13001,M,,,13
201000019731,10,1,15,15,3,1,1,2.0,6.0,13001,M,,,13
201000019732,10,1,15,1350,1,2,7,1.0,6.0,13001,M,,,13
201000019733,10,1,17,445,5,1,1,1.0,2.0,13001,M,,,13
201000019734,10,1,20,1155,1,2,1,2.0,3.0,13001,M,,,13
201000019735,10,1,31,735,1,1,1,9.0,6.0,13001,M,,,13
201000019736,10,1,29,1615,1,1,1,1.0,4.0,13001,M,,,13
201000019737,10,1,30,635,3,1,9,1.0,7.0,13001,M,,,13
201000019738,10,1,30,615,3,1,1,1.0,6.0,13001,M,,,13
201000019739,10,2,2,2235,5,2,1,1.0,3.0,13001,M,,,13
201000019740,10,2,2,1915,3,1,1,1.0,1.0,13001,M,,,13
201000019741,10,2,3,1140,1,2,1,1.0,6.0,13001,M,,,13
201000019742,10,2,3,1255,1,1,6,1.0,3.0,13001,M,,,13
201000019743,10,1,22,2230,5,2,2,1.0,3.0,13001,M,4353040.0,541493.0,13
201000019744,10,2,5,545,5,2,9,2.0,3.0,13001,M,,,13
201000019745,10,2,6,1150,1,2,1,1.0,6.0,13001,M,,,13
201000019746,10,2,8,1600,1,2,1,1.0,2.0,13001,M,,,13
201000019747,10,7,28,1510,1,2,1,1.0,2.0,13001,M,,,13
201000019748,10,12,7,1815,5,2,3,9.0,3.0,13001,M,,,13
201000019749,10,2,11,1800,3,1,1,4.0,1.0,13001,M,,,13
201000019750,10,2,18,1415,1,2,1,1.0,6.0,13001,M,,,13
201000019751,10,2,22,400,3,1,1,1.0,1.0,13001,M,4348610.0,535835.0,13
201000019752,10,2,18,900,1,1,1,8.0,7.0,13001,M,,,13
201000019753,10,2,22,1715,1,1,1,1.0,1.0,13001,M,,,13
201000019754,10,2,24,1620,1,2,2,1.0,3.0,13001,M,4358060.0,542256.0,13
201000019755,10,2,23,1200,1,2,1,1.0,6.0,13001,M,,,13
201000019756,10,2,27,930,1,2,1,1.0,6.0,13001,M,,,13
201000019757,10,3,4,1540,1,2,1,1.0,1.0,13001,M,,,13
201000019758,10,3,6,1715,1,2,6,1.0,3.0,13001,M,,,13
201000019759,10,3,5,1915,5,2,1,1.0,3.0,13001,M,,,13
201000019760,10,3,6,1830,2,2,1,1.0,6.0,13001,M,,,13
201000019761,10,3,5,2005,5,1,3,1.0,3.0,13001,M,,,13
201000019762,10,3,14,210,5,1,1,1.0,6.0,13001,M,,,13
201000019763,10,3,17,900,1,1,1,1.0,3.0,13001,M,,,13
201000019764,10,3,18,1745,1,2,1,1.0,6.0,13001,M,,,13
201000019765,10,3,17,1925,5,2,3,1.0,3.0,13001,M,,,13
201000019766,10,3,19,1740,1,2,1,1.0,2.0,13001,M,,,13
201000019767,10,3,22,945,1,1,1,3.0,2.0,13001,M,4345550.0,531891.0,13
201000019768,10,3,22,1830,2,1,3,2.0,3.0,13001,M,4355300.0,543536.0,13
201000019769,10,3,25,745,1,2,1,8.0,6.0,13001,M,,,13
201000019770,10,3,27,445,5,2,1,1.0,6.0,13001,M,,,13
201000019771,10,3,27,730,1,2,1,1.0,7.0,13001,M,,,13
201000019772,10,3,27,124,5,2,1,9.0,6.0,13001,M,,,13
201000019773,10,3,27,1225,1,2,6,1.0,3.0,13001,M,4353020.0,541026.0,13
201000019774,10,3,28,1430,1,2,1,1.0,3.0,13001,M,,,13
201000019775,10,3,30,1050,1,2,4,2.0,3.0,13001,M,,,13
201000019776,10,3,31,1230,1,2,1,1.0,6.0,13001,M,,,13
201000019777,10,3,31,1150,1,2,1,1.0,3.0,13001,M,,,13
201000019778,10,4,1,1200,1,1,1,1.0,1.0,13001,M,,,13
201000019779,10,4,1,1010,1,2,1,1.0,6.0,13001,M,,,13
201000019780,10,4,9,1110,1,1,1,1.0,6.0,13001,M,,,13
201000019781,10,4,14,1815,1,2,1,1.0,6.0,13001,M,,,13
201000019782,10,4,15,2106,2,2,6,1.0,6.0,13001,M,4352370.0,543524.0,13
201000019783,10,4,19,1025,1,2,1,1.0,3.0,13001,M,,,13
201000019784,10,4,20,1225,1,2,3,1.0,3.0,13001,M,4352330.0,543139.0,13
201000019785,10,4,22,2115,3,1,1,1.0,5.0,13001,M,,,13
201000019786,10,4,22,845,1,1,2,1.0,3.0,13001,M,,,13
201000019787,10,4,22,800,1,1,1,1.0,4.0,13001,M,,,13
201000019788,10,4,22,1940,1,1,1,1.0,7.0,13001,M,,,13
201000019789,10,4,23,1630,1,2,1,1.0,6.0,13001,M,,,13
201000019790,10,4,24,1120,1,2,1,1.0,1.0,13001,M,,,13
201000019791,10,4,26,1010,1,2,6,1.0,3.0,13001,M,4351630.0,546672.0,13
201000019792,10,4,27,1640,1,2,1,1.0,6.0,13001,M,,,13
201000019793,10,4,28,845,1,2,1,1.0,7.0,13001,M,,,13
201000019794,10,4,28,2250,3,1,1,1.0,6.0,13001,M,4355970.0,545222.0,13
201000019795,10,4,2,750,1,2,1,1.0,6.0,13001,M,,,13
201000019796,10,4,30,750,1,2,1,1.0,3.0,13001,M,,,13
201000019797,10,5,2,200,3,1,1,9.0,2.0,13001,M,,,13
201000019798,10,5,4,930,1,1,1,3.0,3.0,13001,M,,,13
201000019799,10,5,4,825,1,1,1,3.0,6.0,13001,M,,,13
201000019800,10,5,5,1415,1,1,1,3.0,6.0,13001,M,,,13
201000019801,10,5,8,2300,5,2,1,2.0,7.0,13001,M,,,13
201000019802,10,5,9,115,3,1,1,1.0,2.0,13001,M,,,13
201000019803,10,5,10,1600,1,2,1,1.0,3.0,13001,M,,,13
201000019804,10,4,23,750,1,1,1,1.0,6.0,13001,M,,,13
201000019805,10,5,10,1800,1,1,4,1.0,1.0,13001,M,,,13
201000019806,10,5,10,840,1,1,1,1.0,2.0,13001,M,,,13
201000019807,10,5,15,2010,1,2,1,1.0,2.0,13001,M,,,13
201000019808,10,5,14,1700,1,2,2,1.0,3.0,13001,M,4352630.0,543370.0,13
201000019809,10,5,14,1420,1,1,1,1.0,1.0,13001,M,,,13
201000019810,10,5,12,1115,1,2,1,1.0,3.0,13001,M,,,13
201000019811,10,5,17,1525,1,2,6,6.0,2.0,13001,M,,,13
201000019812,10,5,16,1500,1,2,3,1.0,2.0,13001,M,,,13
201000019813,10,5,18,1050,1,2,1,1.0,6.0,13001,M,,,13
201000019814,10,5,11,1020,1,2,1,1.0,6.0,13001,M,,,13
201000019815,10,5,20,1800,1,1,1,1.0,2.0,13001,M,4348650.0,535254.0,13
201000019816,10,5,21,900,1,2,1,7.0,6.0,13001,M,,,13
201000019817,10,5,24,915,1,1,3,1.0,3.0,13001,M,,,13
201000019818,10,5,23,1825,1,2,1,1.0,6.0,13001,M,,,13
201000019819,10,5,23,755,1,2,2,1.0,3.0,13001,M,,,13
201000019820,10,5,25,818,1,1,1,1.0,6.0,13001,M,,,13
201000019821,10,5,25,900,1,2,1,1.0,4.0,13001,M,,,13
201000019822,10,5,25,1800,1,2,3,7.0,3.0,13001,M,,,13
201000019823,10,5,27,2310,5,2,2,1.0,3.0,13001,M,,,13
201000019824,10,5,27,1230,1,2,1,1.0,2.0,13001,M,,,13
201000019825,10,5,27,2030,3,1,1,1.0,2.0,13001,M,,,13
201000019826,10,5,26,1325,1,1,1,1.0,4.0,13001,M,,,13
201000019827,10,5,21,1900,1,2,1,1.0,6.0,13001,M,,,13
201000019828,10,5,28,1900,1,2,1,1.0,2.0,13001,M,,,13
201000019829,10,5,29,1900,1,1,1,1.0,6.0,13001,M,,,13
201000019830,10,5,31,750,1,2,6,1.0,3.0,13001,M,4351630.0,546672.0,13
201000019831,10,6,1,745,1,2,3,1.0,3.0,13001,M,4352280.0,544756.0,13
201000019832,10,6,3,1800,1,1,1,1.0,6.0,13001,M,,,13
201000019833,10,6,5,740,1,2,1,1.0,6.0,13001,M,4351290.0,547147.0,13
201000019834,10,6,4,1640,1,2,1,1.0,6.0,13001,M,,,13
201000019835,10,6,7,1730,1,2,1,1.0,6.0,13001,M,,,13
201000019836,10,6,12,1200,1,2,9,1.0,2.0,13001,M,,,13
201000019837,10,6,13,1700,1,2,1,1.0,6.0,13001,M,,,13
201000019838,10,6,12,1140,1,2,1,1.0,6.0,13001,M,,,13
201000019839,10,6,15,1100,1,1,1,3.0,6.0,13001,M,4346780.0,554512.0,13
201000019840,10,6,20,1800,1,2,1,1.0,6.0,13001,M,,,13
201000019841,10,6,20,1930,1,2,1,1.0,4.0,13001,M,,,13
201000019842,10,6,21,625,1,2,2,1.0,3.0,13001,M,,,13
201000019843,10,6,21,1320,1,2,1,1.0,6.0,13001,M,,,13
201000019844,10,6,22,1030,1,2,6,1.0,6.0,13001,M,,,13
201000019845,10,6,24,1100,1,2,1,1.0,7.0,13001,M,,,13
201000019846,10,6,26,145,5,2,3,1.0,3.0,13001,M,4356420.0,546382.0,13
201000019847,10,6,27,1045,1,2,1,1.0,6.0,13001,M,,,13
201000019848,10,6,25,1420,1,1,1,1.0,2.0,13001,M,,,13
201000019849,10,6,28,1700,1,2,1,1.0,3.0,13001,M,,,13
201000019850,10,6,28,1845,1,2,1,1.0,1.0,13001,M,,,13
201000019851,10,6,28,2145,2,2,1,1.0,2.0,13001,M,,,13
201000019852,10,6,28,1400,1,2,1,1.0,3.0,13001,M,,,13
201000019853,10,6,25,900,1,1,1,1.0,6.0,13001,M,,,13
201000019854,10,6,29,1725,1,1,6,1.0,6.0,13001,M,,,13
201000019855,10,6,30,115,3,1,1,1.0,7.0,13001,M,,,13
201000019856,10,6,30,1135,1,1,1,1.0,2.0,13001,M,,,13
201000019857,10,6,29,1100,1,1,1,1.0,1.0,13001,M,,,13
201000019858,10,7,2,2220,5,2,4,1.0,6.0,13001,M,4353220.0,545113.0,13
201000019859,10,7,2,1300,1,2,1,1.0,6.0,13001,M,,,13
201000019860,10,7,3,1030,1,1,1,1.0,1.0,13001,M,,,13
201000019861,10,7,4,2225,5,2,1,1.0,6.0,13001,M,,,13
201000019862,10,7,5,1330,1,2,1,1.0,6.0,13001,M,,,13
201000019863,10,7,5,920,1,2,6,1.0,3.0,13001,M,,,13
201000019864,10,7,9,1330,1,1,1,1.0,5.0,13001,M,4350440.0,539676.0,13
201000019865,10,7,6,1700,1,1,1,1.0,6.0,13001,M,,,13
201000019866,10,7,9,1250,1,1,1,1.0,2.0,13001,M,,,13
201000019867,10,7,10,1545,1,2,6,1.0,2.0,13001,M,,,13
201000019868,10,7,15,1350,1,1,1,7.0,5.0,13001,M,,,13
201000019869,10,7,16,820,1,1,1,1.0,7.0,13001,M,,,13
201000019870,10,7,15,1745,1,2,1,1.0,1.0,13001,M,,,13
201000019871,10,7,16,1645,1,2,2,1.0,3.0,13001,M,,,13
201000019872,10,7,17,50,5,2,3,1.0,6.0,13001,M,,,13
201000019873,10,7,12,900,1,1,1,1.0,3.0,13001,M,,,13
201000019874,10,7,20,1805,1,2,1,1.0,3.0,13001,M,,,13
201000019875,10,7,23,900,1,2,1,9.0,6.0,13001,M,,,13
201000019876,10,7,25,1700,1,2,2,1.0,5.0,13001,M,4351860.0,543335.0,13
201000019877,10,7,15,1930,1,2,1,1.0,3.0,13001,M,,,13
201000019878,10,7,28,1920,1,2,1,1.0,6.0,13001,M,,,13
201000019879,10,8,2,2140,5,2,7,1.0,6.0,13001,M,,,13
201000019880,10,8,5,1000,1,2,1,1.0,6.0,13001,M,,,13
201000019881,10,7,26,1805,1,2,1,1.0,3.0,13001,M,,,13
201000019882,10,8,8,1930,1,2,1,1.0,6.0,13001,M,,,13
201000019883,10,8,8,915,1,1,1,1.0,7.0,13001,M,4355690.0,541751.0,13
201000019884,10,8,13,1515,1,2,3,1.0,3.0,13001,M,4352390.0,544750.0,13
201000019885,10,8,15,400,5,2,2,8.0,3.0,13001,M,,,13
201000019886,10,9,12,1320,1,2,1,1.0,6.0,13001,M,,,13
201000019887,10,8,19,1100,1,1,1,1.0,6.0,13001,M,,,13
201000019888,10,8,20,1310,1,2,2,1.0,3.0,13001,M,,,13
201000019889,10,8,22,2315,5,2,1,1.0,6.0,13001,M,,,13
201000019890,10,8,23,1100,1,2,1,1.0,2.0,13001,M,,,13
201000019891,10,8,23,1245,1,2,1,1.0,6.0,13001,M,,,13
201000019892,10,8,28,1950,1,1,1,1.0,3.0,13001,M,,,13
201000019893,10,9,3,840,1,2,2,1.0,7.0,13001,M,4351610.0,543591.0,13
201000019894,10,9,5,545,5,1,1,1.0,7.0,13001,M,,,13
201000019895,10,9,16,810,1,1,1,1.0,3.0,13001,M,,,13
201000019896,10,9,2,1040,1,2,1,1.0,4.0,13001,M,,,13
201000019897,10,9,3,1050,1,1,1,1.0,3.0,13001,M,,,13
201000019898,10,9,6,2130,5,2,2,1.0,3.0,13001,M,4352490.0,545403.0,13
201000019899,10,9,5,315,5,2,2,1.0,1.0,13001,M,4353200.0,545552.0,13
201000019900,10,9,9,800,1,2,1,1.0,3.0,13001,M,,,13
201000019901,10,9,10,810,1,2,1,1.0,6.0,13001,M,,,13
201000019902,10,9,11,1740,1,2,1,1.0,6.0,13001,M,,,13
201000019903,10,9,12,1540,1,1,1,1.0,7.0,13001,M,,,13
201000019904,10,9,13,1350,1,2,1,1.0,6.0,13001,M,,,13
201000019905,10,9,13,1830,1,2,1,1.0,6.0,13001,M,,,13
201000019906,10,9,14,1620,1,2,2,1.0,2.0,13001,M,,,13
201000019907,10,9,20,1840,1,2,3,1.0,6.0,13001,M,,,13
201000019908,10,9,20,1025,1,2,6,1.0,7.0,13001,M,,,13
201000019909,10,9,20,1900,1,2,3,9.0,3.0,13001,M,,,13
201000019910,10,9,20,2000,1,1,3,1.0,3.0,13001,M,,,13
201000019911,10,9,21,1600,1,2,1,1.0,6.0,13001,M,4352320.0,544848.0,13
201000019912,10,9,23,1815,1,2,6,1.0,2.0,13001,M,,,13
201000019913,10,8,27,1620,1,1,1,1.0,2.0,13001,M,,,13
201000019914,10,9,22,1700,1,1,1,1.0,3.0,13001,M,,,13
201000019915,10,9,27,2115,2,2,1,1.0,6.0,13001,M,,,13
201000019916,10,9,25,1315,1,1,1,1.0,6.0,13001,M,,,13
201000019917,10,9,19,1830,1,2,1,1.0,3.0,13001,M,,,13
201000019918,10,9,22,2200,3,2,1,1.0,3.0,13001,M,,,13
201000019919,10,10,1,1805,1,2,1,1.0,3.0,13001,M,,,13
201000019920,10,10,1,1535,1,1,2,1.0,3.0,13001,M,4357690.0,541040.0,13
201000019921,10,10,1,1730,1,2,1,1.0,3.0,13001,M,,,13
201000019922,10,9,23,1815,1,2,2,1.0,3.0,13001,M,,,13
201000019923,10,10,7,2317,5,2,9,1.0,3.0,13001,M,,,13
201000019924,10,10,14,1710,1,2,1,1.0,3.0,13001,M,,,13
201000019925,10,10,18,2052,5,2,2,1.0,3.0,13001,M,4352650.0,544741.0,13
201000019926,10,10,19,545,3,1,2,1.0,3.0,13001,M,4350300.0,534778.0,13
201000019927,10,10,20,1225,1,1,2,1.0,3.0,13001,M,4356280.0,545878.0,13
201000019928,10,10,20,2255,5,1,3,1.0,3.0,13001,M,,,13
201000019929,10,10,13,1700,1,1,2,1.0,3.0,13001,M,4357570.0,540366.0,13
201000019930,10,10,15,1130,1,2,3,1.0,3.0,13001,M,,,13
201000019931,10,9,16,1030,1,2,1,1.0,3.0,13001,M,,,13
201000019932,10,10,23,1940,5,2,1,1.0,6.0,13001,M,,,13
201000019933,10,10,25,1725,1,2,1,1.0,6.0,13001,M,,,13
201000019934,10,10,27,1120,1,1,1,1.0,6.0,13001,M,,,13
201000019935,10,10,29,1350,1,1,1,1.0,6.0,13001,M,,,13
201000019936,10,10,20,1130,1,1,1,1.0,3.0,13001,M,,,13
201000019937,10,10,22,300,5,1,1,1.0,3.0,13001,M,,,13
201000019938,10,11,5,1218,1,2,3,1.0,3.0,13001,M,,,13
201000019939,10,11,6,1640,2,1,1,5.0,3.0,13001,M,,,13
201000019940,10,11,8,915,1,1,1,1.0,3.0,13001,M,,,13
201000019941,10,11,8,1200,1,2,1,1.0,3.0,13001,M,,,13
201000019942,10,11,9,600,1,2,1,1.0,3.0,13001,M,,,13
201000019943,10,11,10,1145,1,2,1,2.0,6.0,13001,M,,,13
201000019944,10,11,11,1610,1,2,1,1.0,7.0,13001,M,,,13
201000019945,10,11,8,1900,5,2,6,1.0,6.0,13001,M,,,13
201000019946,10,11,12,700,1,2,1,1.0,6.0,13001,M,,,13
201000019947,10,11,4,1850,5,1,1,1.0,2.0,13001,M,,,13
201000019948,10,10,4,1433,1,2,1,3.0,6.0,13001,M,,,13
201000019949,10,11,2,2140,3,1,1,1.0,7.0,13001,M,,,13
201000019950,10,10,19,700,5,2,1,1.0,6.0,13001,M,,,13
201000019951,10,11,21,238,5,2,1,8.0,5.0,13001,M,4350570.0,540033.0,13
201000019952,10,11,21,336,5,1,1,1.0,6.0,13001,M,,,13
201000019953,10,11,20,40,5,2,1,1.0,6.0,13001,M,,,13
201000019954,10,11,22,1845,5,2,2,1.0,5.0,13001,M,,,13
201000019955,10,11,19,1645,1,2,1,1.0,5.0,13001,M,,,13
201000019956,10,11,20,1035,1,1,2,2.0,3.0,13001,M,,,13
201000019957,10,11,20,2330,5,2,1,8.0,2.0,13001,M,,,13
201000019958,10,11,23,2050,5,2,6,1.0,6.0,13001,M,,,13
201000019959,10,11,25,2035,5,2,6,2.0,6.0,13001,M,,,13
201000019960,10,11,27,1050,1,1,1,1.0,3.0,13001,M,,,13
201000019961,10,10,21,1000,1,2,1,1.0,6.0,13001,M,,,13
201000019962,10,11,23,1410,1,2,1,1.0,2.0,13001,M,,,13
201000019963,10,10,29,1310,1,2,1,1.0,7.0,13001,M,,,13
201000019964,10,11,20,1130,1,2,1,1.0,2.0,13001,M,,,13
201000019965,10,12,13,1935,5,1,1,1.0,2.0,13001,M,,,13
201000019966,10,12,16,1740,3,1,1,1.0,2.0,13001,M,,,13
201000019967,10,11,17,1850,5,2,1,1.0,5.0,13001,M,,,13
201000019968,10,12,3,1945,3,2,1,1.0,6.0,13001,M,,,13
201000019969,10,12,22,1900,4,2,1,1.0,3.0,13001,M,,,13
201000019970,10,12,21,2110,5,2,4,3.0,3.0,13001,M,,,13
201000019971,10,12,20,1210,1,2,1,1.0,6.0,13001,M,,,13
201000019972,10,12,23,2130,5,2,3,2.0,3.0,13001,M,,,13
201000019973,10,11,17,1920,5,2,1,1.0,3.0,13001,M,,,13
201000019974,10,12,27,1015,1,2,9,1.0,6.0,13001,M,,,13
201000019975,10,12,24,1730,5,2,1,1.0,3.0,13001,M,,,13
201000019976,10,7,27,1515,1,2,1,1.0,2.0,13001,M,,,13
201000019977,10,1,19,1415,1,2,2,1.0,3.0,13004,M,4367500.0,463256.0,13
201000019978,10,2,9,1820,5,2,1,2.0,1.0,13004,M,,,13
201000019979,10,2,15,1545,1,1,1,1.0,7.0,13004,M,,,13
201000019980,10,2,20,2345,3,1,1,1.0,6.0,13004,M,,,13
201000019981,10,3,3,1210,1,2,1,1.0,6.0,13004,M,4367990.0,463368.0,13
201000019982,10,3,11,825,1,2,3,1.0,6.0,13004,M,4367960.0,463385.0,13
201000019983,10,3,11,1710,1,2,3,1.0,3.0,13004,M,,,13
201000019984,10,3,17,2300,3,1,1,1.0,6.0,13004,M,,,13
201000019985,10,4,3,240,5,2,5,1.0,6.0,13004,M,4367500.0,463256.0,13
201000019986,10,4,7,1830,1,2,1,1.0,4.0,13004,M,,,13
201000019987,10,3,14,1615,1,2,1,1.0,6.0,13004,M,,,13
201000019988,10,4,15,1840,1,1,3,1.0,5.0,13004,M,4366440.0,471506.0,13
201000019989,10,4,21,1255,1,2,3,1.0,3.0,13004,M,4367950.0,463389.0,13
201000019990,10,4,22,930,1,2,3,1.0,3.0,13004,M,4367160.0,464265.0,13
201000019991,10,4,25,700,1,1,1,1.0,7.0,13004,M,,,13
201000019992,10,4,25,2330,5,2,6,1.0,6.0,13004,M,4366950.0,462015.0,13
201000019993,10,4,27,2010,1,2,1,1.0,3.0,13004,M,4368350.0,463270.0,13
201000019994,10,5,4,1100,1,1,1,6.0,6.0,13004,M,,,13
201000019995,10,5,4,1530,1,1,1,9.0,6.0,13004,M,,,13
201000019996,10,5,15,525,5,2,2,1.0,6.0,13004,M,4367500.0,463256.0,13
201000019997,10,5,20,750,1,2,2,1.0,3.0,13004,M,4367160.0,464265.0,13
201000019998,10,5,19,1450,1,1,1,6.0,1.0,13004,M,4365120.0,467682.0,13
201000019999,10,6,4,2120,3,1,1,1.0,6.0,13004,M,4364840.0,469098.0,13
201000020000,10,6,7,755,1,2,1,1.0,4.0,13004,M,,,13
201000020001,10,6,10,1205,1,2,1,1.0,6.0,13004,M,,,13
201000020002,10,6,12,1920,1,2,1,1.0,3.0,13004,M,,,13
201000020003,10,6,14,820,1,2,1,1.0,6.0,13004,M,,,13
201000020004,10,6,22,1545,1,2,6,1.0,3.0,13004,M,,,13
201000020005,10,6,23,740,1,2,3,1.0,3.0,13004,M,4368060.0,463330.0,13
201000020006,10,6,25,1700,1,2,2,1.0,3.0,13004,M,,,13
201000020007,10,7,4,305,3,1,1,1.0,2.0,13004,M,4366710.0,462880.0,13
201000020008,10,7,8,1900,1,2,3,1.0,3.0,13004,M,,,13
201000020009,10,7,10,1520,1,1,1,1.0,2.0,13004,M,,,13
201000020010,10,7,12,1610,1,1,1,1.0,1.0,13004,M,4371620.0,464418.0,13
201000020011,10,7,13,850,1,1,1,1.0,1.0,13004,M,,,13
201000020012,10,7,18,755,1,1,1,1.0,7.0,13004,M,,,13
201000020013,10,7,19,1645,1,2,1,1.0,6.0,13004,M,4368410.0,463309.0,13
201000020014,10,7,20,950,1,1,1,1.0,6.0,13004,M,,,13
201000020015,10,7,20,2015,1,2,1,1.0,6.0,13004,M,,,13
201000020016,10,7,27,1245,1,2,1,1.0,2.0,13004,M,,,13
201000020017,10,8,1,950,1,2,1,1.0,2.0,13004,M,,,13
201000020018,10,8,9,1450,1,1,1,1.0,7.0,13004,M,4365050.0,467912.0,13
201000020019,10,9,2,1040,1,2,1,1.0,6.0,13004,M,,,13
201000020020,10,9,4,916,1,2,1,1.0,6.0,13004,M,,,13
201000020021,10,9,10,1405,1,2,3,1.0,6.0,13004,M,,,13
201000020022,10,9,28,1720,1,2,3,1.0,6.0,13004,M,,,13
201000020023,10,10,4,1145,1,1,1,1.0,2.0,13004,M,,,13
201000020024,10,10,7,910,1,1,6,1.0,3.0,13004,M,,,13
201000020025,10,10,19,2130,5,2,6,1.0,6.0,13004,M,,,13
201000020026,10,10,28,1725,1,1,1,1.0,5.0,13004,M,,,13
201000020027,10,11,7,10,3,1,1,5.0,6.0,13004,M,4365400.0,466999.0,13
201000020028,10,11,5,1600,1,2,2,1.0,6.0,13004,M,,,13
201000020029,10,11,24,1540,1,1,1,1.0,6.0,13004,M,,,13
201000020030,10,11,25,1800,5,2,3,2.0,3.0,13004,M,,,13
201000020031,10,11,27,2110,3,1,1,2.0,1.0,13004,M,4367090.0,465048.0,13
201000020032,10,12,14,1420,1,2,3,1.0,3.0,13004,M,,,13
201000020033,10,12,25,2145,5,2,1,1.0,7.0,13004,M,,,13
201000020034,10,12,29,1650,2,2,3,2.0,2.0,13004,M,,,13
201000020035,10,5,27,2045,5,2,3,1.0,3.0,13005,M,4329650.0,558445.0,13
201000020036,10,2,20,1000,1,2,1,1.0,6.0,13005,M,4328880.0,557304.0,13
201000020037,10,2,24,1835,1,2,3,1.0,3.0,13005,M,,,13
201000020038,10,1,20,1245,1,2,1,1.0,3.0,13005,M,4328780.0,557909.0,13
201000020039,10,3,8,1340,1,2,1,1.0,6.0,13005,M,,,13
201000020040,10,3,14,1600,1,2,6,1.0,3.0,13005,M,4330390.0,557185.0,13
201000020041,10,3,18,1445,1,2,1,1.0,2.0,13005,M,4328490.0,559159.0,13
201000020042,10,9,16,750,1,2,1,1.0,4.0,13070,M,,,13
201000020043,10,4,1,1330,1,2,1,1.0,6.0,13005,M,4329270.0,556785.0,13
201000020044,10,6,7,830,1,2,3,1.0,3.0,13005,M,,,13
201000020045,10,6,13,1230,1,1,1,1.0,6.0,13005,M,,,13
201000020046,10,6,19,730,1,2,3,1.0,3.0,13005,M,,,13
201000020047,10,6,19,1630,1,2,1,1.0,3.0,13005,M,,,13
201000020048,10,7,5,1810,1,2,1,1.0,7.0,13005,M,,,13
201000020049,10,7,30,1830,1,1,1,1.0,6.0,13005,M,,,13
201000020050,10,8,6,100,5,2,1,6.0,7.0,13005,M,4329060.0,555251.0,13
201000020051,10,8,10,1500,1,2,1,1.0,7.0,13005,M,,,13
201000020052,10,9,9,1825,1,2,1,1.0,5.0,13005,M,,,13
201000020053,10,9,19,5,5,2,1,1.0,1.0,13005,M,,,13
201000020054,10,9,30,740,1,1,1,1.0,5.0,13005,M,,,13
201000020055,10,3,27,1710,1,2,3,1.0,3.0,13005,M,4328970.0,558727.0,13
201000020056,10,11,2,1810,3,2,1,1.0,6.0,13005,M,4329940.0,557602.0,13
201000020057,10,12,4,845,1,2,1,1.0,6.0,13005,M,,,13
201000020058,10,5,21,1800,1,1,1,1.0,2.0,13005,M,,,13
201000020059,10,6,8,1810,1,1,1,1.0,3.0,13005,M,,,13
201000020060,10,5,23,1610,1,2,1,1.0,6.0,13005,M,4328600.0,555840.0,13
201000020061,10,11,15,1730,3,1,1,1.0,6.0,13005,M,,,13
201000020062,10,7,21,850,1,2,1,1.0,3.0,13070,M,4328120.0,552125.0,13
201000020063,10,7,22,830,1,1,1,1.0,6.0,13005,M,,,13
201000020064,10,9,26,1700,1,1,1,6.0,5.0,13005,M,,,13
201000020065,10,6,29,850,1,2,1,1.0,6.0,13070,M,4328120.0,551723.0,13
201000020066,10,7,16,1530,1,2,2,1.0,3.0,13005,M,,,13
201000020067,10,7,21,1900,1,1,1,1.0,6.0,13005,M,,,13
201000020068,10,10,8,1750,1,2,1,1.0,6.0,13005,M,,,13
201000020069,10,8,12,1540,1,2,6,1.0,3.0,13005,M,4329470.0,556370.0,13
201000020070,10,8,27,1115,1,2,3,1.0,3.0,13005,M,,,13
201000020071,10,10,29,1750,1,2,1,1.0,3.0,13005,M,,,13
201000020072,10,10,30,1846,5,2,1,3.0,5.0,13070,M,,,13
201000020073,10,11,2,805,1,2,1,8.0,1.0,13070,M,4328190.0,552539.0,13
201000020074,10,11,6,330,5,2,6,5.0,6.0,13005,M,4328380.0,559409.0,13
201000020075,10,11,12,1750,5,2,1,1.0,3.0,13005,M,4328610.0,555367.0,13
201000020076,10,11,30,1130,1,2,1,1.0,6.0,13005,M,,,13
201000020077,10,12,7,950,1,2,8,1.0,6.0,13070,M,,,13
201000020078,10,1,12,1040,1,2,3,1.0,6.0,13028,M,4318250.0,560527.0,13
201000020079,10,1,18,1635,1,1,1,1.0,7.0,13028,M,4318150.0,556781.0,13
201000020080,10,1,23,1450,1,2,6,1.0,7.0,13028,M,,,13
201000020081,10,1,29,1210,1,2,1,1.0,7.0,13028,M,,,13
201000020082,10,2,6,1610,1,1,1,1.0,3.0,13028,M,4320770.0,558219.0,13
201000020083,10,2,8,230,5,2,1,1.0,6.0,13028,M,4316750.0,560562.0,13
201000020084,10,2,9,2350,5,2,2,1.0,3.0,13028,M,4317870.0,559748.0,13
201000020085,10,2,16,1638,1,2,1,8.0,2.0,13028,M,,,13
201000020086,10,2,22,1300,1,2,1,1.0,2.0,13028,M,4324640.0,544718.0,13
201000020087,10,3,6,2310,3,2,1,1.0,7.0,13028,M,,,13
201000020088,10,3,14,1119,1,2,2,1.0,7.0,13028,M,,,13
201000020089,10,3,21,2245,4,2,1,2.0,6.0,13028,M,4317640.0,561046.0,13