Num_Acc,an,mois,jour,hrmn,lum,agg,int,atm,col,com,gps,lat,long,dep
201000020090,10,3,22,1425,1,2,1,2.0,4.0,13028,M,,,13
201000020091,10,3,24,1710,1,2,1,1.0,3.0,13028,M,4318350.0,560161.0,13
201000020092,10,4,2,1810,1,2,1,1.0,6.0,13028,M,,,13
201000020093,10,4,11,1245,1,2,1,8.0,1.0,13028,M,4318800.0,560097.0,13
201000020094,10,4,13,1900,1,2,3,1.0,3.0,13028,M,4317780.0,559738.0,13
201000020095,10,4,18,1300,1,1,1,1.0,3.0,13028,M,4320600.0,558636.0,13
201000020096,10,4,21,515,5,2,1,1.0,6.0,13028,M,4320190.0,562368.0,13
201000020097,10,4,21,1920,1,2,1,1.0,2.0,13028,M,,,13
201000020098,10,4,24,1320,1,2,1,1.0,6.0,13028,M,4319610.0,561279.0,13
201000020099,10,4,26,1830,1,2,2,1.0,3.0,13028,M,,,13
201000020100,10,4,28,2145,5,2,1,1.0,6.0,13028,M,,,13
201000020101,10,5,10,1420,1,2,9,1.0,3.0,13028,M,,,13
201000020102,10,5,14,1355,1,2,1,1.0,2.0,13028,M,4318430.0,559907.0,13
201000020103,10,5,10,1020,1,2,1,1.0,6.0,13028,M,4317520.0,560982.0,13
201000020104,10,5,20,830,1,1,1,1.0,6.0,13028,M,,,13
201000020105,10,5,21,1710,1,2,1,1.0,6.0,13028,M,,,13
201000020106,10,5,10,1920,1,2,1,1.0,7.0,13028,M,,,13
201000020107,10,5,29,2230,5,2,6,1.0,7.0,13028,M,,,13
201000020108,10,5,12,1000,1,2,1,1.0,6.0,13028,M,,,13
201000020109,10,6,3,1900,1,2,1,1.0,3.0,13028,M,,,13
201000020110,10,6,7,1,5,2,1,1.0,7.0,13028,M,4318330.0,559852.0,13
201000020111,10,6,6,1930,1,2,1,1.0,3.0,13028,M,,,13
201000020112,10,6,13,1117,1,1,1,1.0,1.0,13028,M,4320220.0,558884.0,13
201000020113,10,6,21,1800,1,2,1,1.0,2.0,13028,M,,,13
201000020114,10,6,22,1830,1,2,1,1.0,2.0,13028,M,,,13
201000020115,10,6,23,2158,5,2,1,1.0,7.0,13028,M,4319080.0,562765.0,13
201000020116,10,6,28,1050,1,2,1,1.0,6.0,13028,M,,,13
201000020117,10,6,28,2010,1,1,1,1.0,6.0,13028,M,4319680.0,559307.0,13
201000020118,10,6,30,1715,1,1,1,1.0,2.0,13028,M,4318360.0,566701.0,13
201000020119,10,7,2,30,5,2,1,1.0,1.0,13028,M,4318880.0,563392.0,13
201000020120,10,7,2,930,1,2,1,1.0,6.0,13028,M,4318720.0,560046.0,13
201000020121,10,7,5,2310,3,2,1,1.0,7.0,13028,M,,,13
201000020122,10,7,6,1745,1,2,1,1.0,6.0,13028,M,,,13
201000020123,10,7,14,1,3,1,1,1.0,3.0,13028,M,,,13
201000020124,10,7,29,1800,1,1,1,1.0,3.0,13028,M,4320570.0,558707.0,13
201000020125,10,8,2,855,1,2,1,1.0,6.0,13028,M,4317510.0,561006.0,13
201000020126,10,8,7,1300,1,2,2,1.0,3.0,13028,M,,,13
201000020127,10,8,15,1714,1,2,1,1.0,7.0,13028,M,4318280.0,559775.0,13
201000020128,10,9,3,2133,5,2,1,1.0,7.0,13028,M,,,13
201000020129,10,8,24,2020,1,2,1,1.0,6.0,13028,M,4319020.0,562400.0,13
201000020130,10,9,7,1855,1,2,1,1.0,6.0,13028,M,,,13
201000020131,10,9,19,1700,1,2,1,1.0,4.0,13028,M,,,13
201000020132,10,9,24,110,5,2,2,2.0,6.0,13028,M,,,13
201000020133,10,10,7,1750,1,2,1,1.0,4.0,13028,M,,,13
201000020134,10,10,14,1710,1,2,1,1.0,6.0,13028,M,,,13
201000020135,10,10,16,1500,1,1,1,1.0,7.0,13028,M,4318160.0,558139.0,13
201000020136,10,10,17,1650,1,2,1,1.0,6.0,13028,M,4318480.0,558883.0,13
201000020137,10,10,18,1715,1,2,1,7.0,6.0,13028,M,4317890.0,559992.0,13
201000020138,10,10,23,146,5,2,2,1.0,3.0,13028,M,,,13
201000020139,10,10,29,1820,1,2,1,1.0,1.0,13028,M,,,13
201000020140,10,10,28,1350,1,2,1,1.0,6.0,13028,M,,,13
201000020141,10,11,13,1130,1,2,1,1.0,6.0,13028,M,,,13
201000020142,10,11,23,2314,5,2,1,6.0,6.0,13028,M,,,13
201000020143,10,1,8,1900,3,1,1,8.0,3.0,13047,M,4355070.0,501145.0,13
201000020144,10,2,1,40,3,1,1,1.0,3.0,13047,M,4368980.0,503025.0,13
201000020145,10,1,12,1700,2,2,3,1.0,7.0,13063,M,,,13
201000020146,10,2,12,1935,3,1,1,1.0,3.0,13047,M,,,13
201000020147,10,2,12,2200,5,2,2,1.0,3.0,13047,M,,,13
201000020148,10,2,13,2340,5,2,2,1.0,1.0,13063,M,,,13
201000020149,10,2,25,1935,5,2,1,1.0,2.0,13047,M,,,13
201000020150,10,3,8,1435,1,2,2,1.0,3.0,13047,M,,,13
201000020151,10,3,14,1930,5,2,1,6.0,1.0,13047,M,4349080.0,497888.0,13
201000020152,10,4,16,1250,1,2,1,1.0,2.0,13047,M,,,13
201000020153,10,4,18,630,2,2,3,1.0,3.0,13063,M,,,13
201000020154,10,4,18,1245,1,2,2,1.0,6.0,13063,M,,,13
201000020155,10,4,26,1450,1,2,6,1.0,3.0,13047,M,,,13
201000020156,10,4,6,1800,1,1,9,1.0,6.0,13098,M,,,13
201000020157,10,5,1,1920,1,1,1,1.0,7.0,13063,M,4357680.0,501361.0,13
201000020158,10,5,15,1730,1,1,1,6.0,2.0,13063,M,4358570.0,498850.0,13
201000020159,10,5,18,920,1,2,1,1.0,6.0,13047,M,,,13
201000020160,10,5,26,2310,3,1,1,1.0,2.0,13047,M,,,13
201000020161,10,5,29,1730,1,2,1,1.0,3.0,13047,M,,,13
201000020162,10,5,31,2015,1,2,1,1.0,3.0,13047,M,,,13
201000020163,10,6,1,1645,1,2,3,1.0,1.0,13047,M,4351000.0,498165.0,13
201000020164,10,6,4,1727,1,1,6,1.0,2.0,13098,M,4347010.0,499986.0,13
201000020165,10,6,5,415,3,1,1,1.0,6.0,13047,M,4358970.0,494555.0,13
201000020166,10,6,7,825,1,2,1,1.0,1.0,13047,M,,,13
201000020167,10,6,10,1915,1,1,1,1.0,3.0,13098,M,,,13
201000020168,10,6,26,2330,5,1,1,2.0,6.0,13098,M,4344970.0,501674.0,13
201000020169,10,6,29,1710,1,2,1,1.0,6.0,13047,M,,,13
201000020170,10,7,4,245,5,1,1,1.0,6.0,13063,M,4358990.0,499378.0,13
201000020171,10,7,6,1430,1,1,1,1.0,3.0,13047,M,,,13
201000020172,10,7,14,1149,1,1,1,1.0,1.0,13047,M,4353110.0,495990.0,13
201000020173,10,7,22,1835,1,1,1,1.0,7.0,13047,M,,,13
201000020174,10,7,24,2120,5,2,2,1.0,3.0,13047,M,,,13
201000020175,10,7,23,1925,1,1,4,1.0,5.0,13047,M,4355820.0,496478.0,13
201000020176,10,8,2,2140,2,1,2,1.0,3.0,13063,M,,,13
201000020177,10,8,3,1110,1,2,1,1.0,2.0,13047,M,,,13
201000020178,10,8,6,1840,1,1,1,6.0,1.0,13047,M,4349760.0,496588.0,13
201000020179,10,8,10,1334,1,2,2,1.0,3.0,13063,M,,,13
201000020180,10,8,16,1930,1,2,1,1.0,6.0,13098,M,,,13
201000020181,10,8,10,1410,1,2,1,1.0,6.0,13047,M,,,13
201000020182,10,8,24,2130,5,2,1,1.0,6.0,13063,M,4357710.0,500108.0,13
201000020183,10,9,1,1920,1,1,1,1.0,2.0,13063,M,,,13
201000020184,10,9,28,730,1,1,1,1.0,3.0,13098,M,,,13
201000020185,10,10,7,1715,1,2,1,1.0,6.0,13047,M,,,13
201000020186,10,10,15,2020,3,1,1,1.0,6.0,13063,M,4358020.0,502293.0,13
201000020187,10,11,1,455,3,1,1,2.0,1.0,13063,M,4356780.0,502424.0,13
201000020188,10,11,13,1830,3,1,1,1.0,5.0,13047,M,,,13
201000020189,10,11,12,1030,1,1,1,1.0,6.0,13098,M,,,13
201000020190,10,11,4,1420,1,2,2,1.0,3.0,13063,M,,,13
201000020191,10,11,16,2130,5,2,1,6.0,2.0,13047,M,,,13
201000020192,10,11,21,1615,1,1,6,1.0,6.0,13063,M,,,13
201000020193,10,12,3,1310,1,1,1,1.0,1.0,13047,M,4353200.0,495960.0,13
201000020194,10,12,3,2255,3,1,1,1.0,6.0,13098,M,,,13
201000020195,10,12,4,1150,1,2,1,1.0,6.0,13098,M,,,13
201000020196,10,12,10,2140,3,1,1,1.0,2.0,13098,M,,,13
201000020197,10,12,21,1515,1,1,1,2.0,1.0,13098,M,,,13
201000020198,10,12,22,1750,3,2,1,1.0,6.0,13098,M,,,13
201000020199,10,1,19,645,4,2,1,1.0,3.0,13054,M,4341760.0,521962.0,13
201000020200,10,1,31,1100,1,2,3,1.0,6.0,13054,M,4341600.0,520693.0,13
201000020201,10,2,4,2035,5,2,3,2.0,3.0,13043,M,,,13
201000020202,10,2,15,2045,5,2,1,1.0,6.0,13043,M,4339310.0,523770.0,13
201000020203,10,2,22,2000,5,2,1,3.0,2.0,13054,M,4340430.0,524907.0,13
201000020204,10,2,28,1925,5,2,1,1.0,1.0,13054,M,4341430.0,521801.0,13
201000020205,10,3,3,1020,1,2,3,8.0,3.0,13102,M,,,13
201000020206,10,3,5,1630,1,2,1,1.0,2.0,13043,M,,,13
201000020207,10,3,5,2000,3,2,1,1.0,6.0,13054,M,,,13
201000020208,10,3,13,1,5,2,3,1.0,3.0,13054,M,4341760.0,521573.0,13
201000020209,10,3,25,755,1,2,1,1.0,3.0,13054,M,,,13
201000020210,10,4,2,1945,1,2,1,1.0,2.0,13054,M,4341640.0,522615.0,13
201000020211,10,4,10,1015,1,1,4,1.0,3.0,13054,M,4342180.0,523237.0,13
201000020212,10,4,10,1720,1,1,1,1.0,2.0,13043,M,,,13
201000020213,10,4,19,830,1,2,1,1.0,2.0,13102,M,,,13
201000020214,10,4,22,1225,1,2,1,1.0,3.0,13054,M,,,13
201000020215,10,5,3,1340,1,1,1,2.0,6.0,13102,M,,,13
201000020216,10,5,4,1130,1,2,1,2.0,7.0,13054,M,4341430.0,521514.0,13
201000020217,10,5,4,1400,1,1,1,1.0,2.0,13043,M,,,13
201000020218,10,5,6,1345,1,2,3,1.0,7.0,13043,M,,,13
201000020219,10,5,12,540,4,2,3,1.0,3.0,13043,M,4338790.0,522987.0,13
201000020220,10,5,14,940,1,2,2,1.0,6.0,13054,M,4341920.0,522203.0,13
201000020221,10,5,19,725,1,2,6,1.0,3.0,13054,M,,,13
201000020222,10,5,19,1925,1,2,3,1.0,3.0,13043,M,,,13
201000020223,10,5,21,915,1,2,1,1.0,2.0,13043,M,,,13
201000020224,10,5,21,2020,2,2,1,1.0,3.0,13102,M,,,13
201000020225,10,5,22,1615,1,2,2,1.0,1.0,13054,M,4341830.0,520900.0,13
201000020226,10,5,25,900,1,2,1,1.0,3.0,13054,M,,,13
201000020227,10,5,25,1400,1,2,1,1.0,1.0,13102,M,,,13
201000020228,10,5,26,1235,1,2,3,1.0,3.0,13102,M,,,13
201000020229,10,5,29,1355,1,2,3,1.0,3.0,13043,M,4338690.0,522360.0,13
201000020230,10,6,2,1340,1,2,1,1.0,6.0,13102,M,,,13
201000020231,10,6,4,1815,1,2,3,1.0,2.0,13043,M,4338750.0,521439.0,13
201000020232,10,6,4,2135,3,1,3,1.0,3.0,13043,M,4339350.0,520093.0,13
201000020233,10,6,5,1345,1,2,1,1.0,7.0,13054,M,,,13
201000020234,10,6,5,2025,1,2,1,1.0,7.0,13054,M,,,13
201000020235,10,6,7,1940,1,2,3,1.0,1.0,13054,M,4341930.0,522624.0,13
201000020236,10,6,9,1425,1,2,3,1.0,3.0,13054,M,4340980.0,522011.0,13
201000020237,10,6,10,2320,5,2,2,1.0,1.0,13054,M,4340520.0,522294.0,13
201000020238,10,6,10,1520,1,2,3,1.0,3.0,13043,M,,,13
201000020239,10,6,10,2220,3,2,1,1.0,1.0,13043,M,,,13
201000020240,10,6,12,2100,1,2,1,1.0,7.0,13102,M,,,13
201000020241,10,6,16,2140,1,2,1,1.0,5.0,13043,M,,,13
201000020242,10,6,18,2140,1,2,1,1.0,3.0,13043,M,,,13
201000020243,10,6,23,1340,1,1,3,1.0,3.0,13043,M,4339990.0,526331.0,13
201000020244,10,6,26,1325,1,1,1,1.0,2.0,13054,M,,,13
201000020245,10,6,26,1420,1,1,3,1.0,3.0,13054,M,4341710.0,522197.0,13
201000020246,10,6,29,2325,3,1,4,1.0,3.0,13043,M,4339350.0,520093.0,13
201000020247,10,7,3,1115,1,2,1,1.0,6.0,13054,M,,,13
201000020248,10,7,5,1820,1,2,1,1.0,5.0,13102,M,,,13
201000020249,10,7,6,1625,1,1,1,1.0,3.0,13054,M,,,13
201000020250,10,7,12,1815,1,2,1,1.0,3.0,13043,M,,,13
201000020251,10,7,14,1345,1,2,1,1.0,1.0,13054,M,,,13
201000020252,10,7,14,1800,1,2,1,1.0,6.0,13102,M,,,13
201000020253,10,7,16,1545,1,2,6,1.0,3.0,13054,M,,,13
201000020254,10,7,17,1605,1,2,6,1.0,3.0,13054,M,4341180.0,521891.0,13
201000020255,10,7,22,10,5,2,6,1.0,3.0,13054,M,,,13
201000020256,10,7,24,910,1,2,3,1.0,6.0,13054,M,4341820.0,522033.0,13
201000020257,10,7,26,1705,1,2,1,1.0,3.0,13043,M,,,13
201000020258,10,7,27,1030,1,2,1,1.0,6.0,13043,M,,,13
201000020259,10,7,28,1720,1,2,1,1.0,3.0,13043,M,,,13
201000020260,10,7,31,1835,1,1,3,1.0,3.0,13043,M,,,13
201000020261,10,8,2,105,3,1,1,8.0,6.0,13102,M,,,13
201000020262,10,7,29,1400,1,2,1,1.0,4.0,13054,M,,,13
201000020263,10,8,2,1555,1,2,1,2.0,3.0,13102,M,,,13
201000020264,10,8,8,2110,5,2,1,1.0,2.0,13043,M,,,13
201000020265,10,8,13,945,1,2,4,1.0,3.0,13102,M,,,13
201000020266,10,8,17,1930,1,2,1,1.0,3.0,13054,M,4341730.0,521105.0,13
201000020267,10,8,28,1500,1,2,1,1.0,1.0,13054,M,,,13
201000020268,10,9,3,1650,1,2,1,1.0,3.0,13043,M,,,13
201000020269,10,9,6,815,1,2,2,7.0,6.0,13054,M,,,13
201000020270,10,9,6,1230,1,2,2,1.0,6.0,13054,M,,,13
201000020271,10,9,11,1120,1,2,1,1.0,2.0,13054,M,,,13
201000020272,10,9,14,1640,1,2,1,1.0,2.0,13054,M,,,13
201000020273,10,9,16,1615,1,2,1,1.0,2.0,13054,M,,,13
201000020274,10,9,27,1445,1,1,1,1.0,3.0,13043,M,,,13
201000020275,10,9,29,1315,1,1,1,1.0,2.0,13054,M,,,13
201000020276,10,9,29,1950,3,1,1,1.0,6.0,13054,M,,,13
201000020277,10,9,30,915,1,2,1,1.0,2.0,13102,M,,,13
201000020278,10,9,30,1410,1,1,1,1.0,2.0,13043,M,,,13
201000020279,10,10,4,730,1,2,2,8.0,7.0,13043,M,,,13
201000020280,10,10,6,830,1,2,2,1.0,1.0,13054,M,,,13
201000020281,10,10,11,1010,1,2,1,8.0,4.0,13054,M,,,13
201000020282,10,10,11,1010,1,1,1,2.0,3.0,13043,M,,,13
201000020283,10,10,14,1430,1,2,2,1.0,2.0,13043,M,,,13
201000020284,10,10,19,1220,1,2,1,1.0,3.0,13054,M,,,13
201000020285,10,10,20,1700,1,2,1,1.0,6.0,13054,M,,,13
201000020286,10,11,2,1425,1,2,2,1.0,3.0,13054,M,,,13
201000020287,10,11,3,910,1,2,1,1.0,7.0,13054,M,,,13
201000020288,10,11,8,810,1,2,3,1.0,3.0,13054,M,,,13
201000020289,10,11,11,1845,5,2,3,1.0,6.0,13102,M,,,13
201000020290,10,11,12,1700,1,2,1,1.0,6.0,13054,M,,,13
201000020291,10,11,17,1530,1,2,3,1.0,3.0,13102,M,,,13
201000020292,10,10,24,1600,1,2,1,1.0,7.0,13054,M,,,13
201000020293,10,10,23,1945,5,2,3,1.0,3.0,13054,M,,,13
201000020294,10,11,28,15,5,2,2,2.0,3.0,13054,M,,,13
201000020295,10,11,30,1230,1,2,1,1.0,3.0,13043,M,,,13
201000020296,10,12,2,740,1,2,1,1.0,1.0,13043,M,,,13
201000020297,10,12,2,1645,1,2,1,1.0,7.0,13054,M,,,13
201000020298,10,12,8,735,1,2,1,1.0,6.0,13054,M,,,13
201000020299,10,12,13,1600,1,2,2,1.0,3.0,13054,M,,,13
201000020300,10,12,9,1845,5,2,2,1.0,3.0,13054,M,,,13
201000020301,10,12,10,1515,1,1,1,1.0,6.0,13054,M,,,13
201000020302,10,12,13,1405,1,2,3,1.0,1.0,13054,M,,,13
201000020303,10,12,14,1140,1,2,2,1.0,6.0,13054,M,,,13
201000020304,10,12,15,740,1,2,2,1.0,3.0,13054,M,,,13
201000020305,10,12,16,950,1,2,1,7.0,7.0,13054,M,,,13
201000020306,10,12,21,500,3,1,3,2.0,3.0,13043,M,4339350.0,520093.0,13
201000020307,10,12,21,1825,3,1,1,3.0,7.0,13043,M,,,13
201000020308,10,12,21,1850,3,1,1,2.0,4.0,13102,M,,,13
201000020309,10,11,30,1800,5,2,1,2.0,2.0,13055,M,,,13
201000020310,10,12,23,1915,5,2,3,1.0,3.0,13055,M,,,13
201000020311,10,12,20,800,1,2,1,1.0,6.0,13055,M,,,13
201000020312,10,12,2,910,1,2,1,1.0,5.0,13055,M,,,13
201000020313,10,10,29,750,1,2,1,1.0,3.0,13055,M,,,13
201000020314,10,12,3,710,1,2,6,1.0,3.0,13002,M,,,13
201000020315,10,12,7,1825,5,2,1,1.0,6.0,13055,M,,,13
201000020316,10,11,27,2150,5,2,1,1.0,2.0,13055,M,,,13
201000020317,10,11,29,840,1,2,9,1.0,6.0,13055,M,,,13
201000020318,10,10,28,1325,1,2,3,1.0,1.0,13055,M,,,13
201000020319,10,12,23,1800,5,2,1,3.0,7.0,13055,M,,,13
201000020320,10,11,12,1830,5,2,1,1.0,4.0,13055,M,,,13
201000020321,10,12,10,710,2,2,1,1.0,6.0,13055,M,,,13
201000020322,10,10,5,2320,5,2,1,1.0,6.0,13055,M,,,13
201000020323,10,12,13,1630,1,2,1,1.0,6.0,13055,M,,,13
201000020324,10,12,19,1130,1,2,1,1.0,6.0,13055,M,,,13
201000020325,10,12,21,1735,5,2,1,3.0,4.0,13055,M,,,13
201000020326,10,12,14,1915,4,2,1,1.0,3.0,13055,M,,,13
201000020327,10,12,3,2005,5,2,1,1.0,1.0,13055,M,,,13
201000020328,10,9,27,1250,1,2,1,1.0,3.0,13055,M,,,13
201000020329,10,12,15,1245,1,2,1,1.0,6.0,13055,M,,,13
201000020330,10,12,22,1830,5,2,1,1.0,2.0,13055,M,,,13
201000020331,10,12,23,1630,1,1,1,1.0,6.0,13055,M,,,13
201000020332,10,10,27,1730,1,2,1,1.0,6.0,13055,M,,,13
201000020333,10,12,24,1800,5,2,1,1.0,5.0,13055,M,,,13
201000020334,10,12,4,1500,1,2,1,1.0,6.0,13055,M,,,13
201000020335,10,12,5,2100,5,2,1,1.0,6.0,13055,M,,,13
201000020336,10,10,26,1345,1,2,1,1.0,6.0,13055,M,,,13
201000020337,10,12,14,1900,5,2,1,1.0,2.0,13055,M,,,13
201000020338,10,11,24,2000,5,2,1,1.0,6.0,13055,M,,,13
201000020339,10,12,10,2215,5,2,1,1.0,6.0,13055,M,,,13
201000020340,10,12,7,1110,1,2,1,1.0,2.0,13055,M,,,13
201000020341,10,12,8,840,1,2,1,1.0,6.0,13055,M,,,13
201000020342,10,10,28,1700,1,2,1,1.0,3.0,13055,M,,,13
201000020343,10,12,6,1950,5,2,1,1.0,6.0,13055,M,,,13
201000020344,10,9,7,1400,1,2,2,1.0,3.0,13055,M,,,13
201000020345,10,10,15,730,1,2,1,1.0,3.0,13055,M,,,13
201000020346,10,11,30,1330,1,2,1,1.0,6.0,13055,M,,,13
201000020347,10,10,2,1645,1,2,1,1.0,6.0,13055,M,,,13
201000020348,10,12,5,1930,5,2,1,1.0,3.0,13055,M,,,13
201000020349,10,11,30,845,1,2,1,1.0,2.0,13055,M,,,13
201000020350,10,11,19,1900,5,2,1,1.0,1.0,13055,M,,,13
201000020351,10,12,31,1600,1,2,1,1.0,6.0,13055,M,,,13
201000020352,10,12,7,1215,1,2,1,1.0,3.0,13055,M,,,13
201000020353,10,12,19,2050,5,2,1,1.0,3.0,13055,M,,,13
201000020354,10,12,26,550,5,2,1,1.0,6.0,13055,M,,,13
201000020355,10,12,27,1615,1,2,3,1.0,6.0,13055,M,,,13
201000020356,10,12,25,1510,1,2,2,1.0,3.0,13055,M,,,13
201000020357,10,12,24,1615,1,2,1,1.0,3.0,13055,M,,,13
201000020358,10,12,28,1530,1,2,1,1.0,2.0,13055,M,,,13
201000020359,10,12,29,1430,1,2,9,1.0,3.0,13055,M,,,13
201000020360,10,12,2,1830,5,2,6,1.0,3.0,13055,M,,,13
201000020361,10,10,30,850,1,2,1,1.0,3.0,13055,M,,,13
201000020362,10,6,24,1630,1,2,1,1.0,3.0,13055,M,,,13
201000020363,10,12,15,1730,5,2,1,1.0,6.0,13055,M,,,13
201000020364,10,12,23,2100,5,2,1,1.0,2.0,13055,M,,,13
201000020365,10,12,11,1045,1,2,1,1.0,6.0,13055,M,,,13
201000020366,10,12,11,600,5,2,1,1.0,6.0,13055,M,,,13
201000020367,10,10,19,1600,1,2,1,1.0,3.0,13055,M,,,13
201000020368,10,12,16,1630,1,2,6,1.0,2.0,13002,M,,,13
201000020369,10,12,18,330,5,2,1,1.0,2.0,13055,M,,,13
201000020370,10,9,13,1800,1,2,1,1.0,2.0,13055,M,,,13
201000020371,10,8,27,1430,1,2,1,1.0,4.0,13055,M,,,13
201000020372,10,10,28,1600,1,2,1,1.0,1.0,13055,M,,,13
201000020373,10,12,10,1230,1,2,1,1.0,3.0,13055,M,,,13
201000020374,10,12,20,1430,1,2,3,1.0,2.0,13055,M,,,13
201000020375,10,11,26,1600,1,2,1,1.0,6.0,13055,M,,,13
201000020376,10,10,28,1400,1,2,1,1.0,2.0,13055,M,,,13
201000020377,10,9,24,1900,1,2,1,1.0,6.0,13055,M,,,13
201000020378,10,8,8,2300,5,2,1,1.0,6.0,13055,M,,,13
201000020379,10,11,27,1915,5,2,3,3.0,3.0,13055,M,4331250.0,536842.0,13
201000020380,10,7,19,45,5,2,1,1.0,2.0,13055,M,,,13
201000020381,10,12,23,1200,1,2,1,1.0,6.0,13055,M,,,13
201000020382,10,12,21,2200,5,1,1,2.0,6.0,13055,M,,,13
201000020383,10,12,20,1200,1,2,1,1.0,6.0,13055,M,,,13
201000020384,10,12,8,1930,2,2,1,1.0,2.0,13055,M,,,13
201000020385,10,11,3,1430,1,2,1,1.0,2.0,13055,M,,,13
201000020386,10,12,9,1045,1,2,1,1.0,7.0,13055,M,,,13
201000020387,10,12,15,500,5,2,2,1.0,3.0,13055,M,,,13
201000020388,10,10,20,1530,1,2,1,1.0,6.0,13055,M,,,13
201000020389,10,12,7,1630,1,2,1,1.0,6.0,13055,M,,,13
201000020390,10,12,8,700,5,2,1,1.0,2.0,13055,M,,,13
201000020391,10,12,6,1400,1,2,1,1.0,2.0,13055,M,,,13
201000020392,10,9,27,1200,1,2,1,1.0,3.0,13055,M,,,13
201000020393,10,9,21,1150,1,2,1,1.0,6.0,13055,M,,,13
201000020394,10,12,3,1250,1,2,1,2.0,6.0,13055,M,,,13
201000020395,10,11,9,745,1,2,1,1.0,2.0,13055,M,,,13
201000020396,10,11,25,1245,1,2,1,1.0,6.0,13055,M,,,13
201000020397,10,9,1,1810,1,2,1,1.0,3.0,13055,M,,,13
201000020398,10,11,29,1000,1,2,1,1.0,6.0,13055,M,,,13
201000020399,10,11,30,1400,1,2,3,1.0,1.0,13055,M,,,13
201000020400,10,11,12,1945,1,2,1,1.0,6.0,13055,M,,,13
201000020401,10,9,8,1510,1,2,3,1.0,3.0,13055,M,,,13
201000020402,10,12,15,1120,1,2,1,1.0,7.0,13055,M,,,13
201000020403,10,10,15,855,1,2,1,1.0,3.0,13055,M,,,13
201000020404,10,12,5,1730,2,2,1,1.0,1.0,13055,M,,,13
201000020405,10,12,16,200,5,2,6,1.0,6.0,13055,M,,,13
201000020406,10,11,29,1410,1,2,1,1.0,3.0,13055,M,,,13
201000020407,10,11,17,1030,1,2,1,1.0,6.0,13055,M,,,13
201000020408,10,11,23,800,1,2,1,1.0,3.0,13055,M,,,13
201000020409,10,11,22,900,1,2,1,1.0,3.0,13055,M,,,13
201000020410,10,11,20,1715,5,2,1,3.0,6.0,13055,M,,,13
201000020411,10,11,20,1040,1,2,1,8.0,6.0,13055,M,,,13
201000020412,10,12,14,2205,5,2,2,1.0,3.0,13055,M,,,13
201000020413,10,10,15,1815,2,2,1,1.0,3.0,13055,M,,,13
201000020414,10,12,10,910,1,2,1,1.0,3.0,13055,M,,,13
201000020415,10,12,9,1715,5,2,3,1.0,3.0,13055,M,,,13
201000020416,10,10,27,1550,1,2,1,1.0,3.0,13055,M,,,13
201000020417,10,12,9,1810,5,2,2,1.0,1.0,13055,M,,,13
201000020418,10,12,20,1620,1,2,1,1.0,6.0,13055,M,,,13
201000020419,10,12,15,1245,1,2,3,1.0,3.0,13055,M,,,13
201000020420,10,12,29,1100,1,2,1,2.0,6.0,13055,M,,,13
201000020421,10,1,20,1209,1,2,1,2.0,5.0,13055,M,,,13
201000020422,10,10,11,830,1,2,1,1.0,3.0,13055,M,,,13
201000020423,10,12,6,2100,5,2,1,1.0,1.0,13055,M,,,13
201000020424,10,1,27,1655,1,2,1,1.0,6.0,13055,M,,,13
201000020425,10,12,14,1440,1,2,3,1.0,3.0,13055,M,,,13
201000020426,10,12,8,1730,5,2,1,1.0,6.0,13055,M,,,13
201000020427,10,12,18,1030,1,2,2,2.0,3.0,13055,M,,,13
201000020428,10,12,23,1410,1,2,1,1.0,2.0,13055,M,,,13
201000020429,10,12,13,1000,1,2,1,1.0,6.0,13055,M,,,13
201000020430,10,12,24,1230,1,2,1,1.0,6.0,13055,M,,,13
201000020431,10,12,23,1500,1,2,3,1.0,2.0,13055,M,,,13
201000020432,10,12,20,1100,1,2,1,1.0,3.0,13055,M,,,13
201000020433,10,12,30,1310,1,2,1,1.0,6.0,13055,M,,,13
201000020434,10,12,3,1615,1,2,1,1.0,6.0,13055,M,,,13
201000020435,10,12,8,1700,2,2,1,1.0,6.0,13055,M,,,13
201000020436,10,1,9,1830,5,2,1,1.0,6.0,13055,M,,,13
201000020437,10,12,10,810,1,2,1,1.0,6.0,13055,M,,,13
201000020438,10,12,13,940,1,2,1,1.0,2.0,13055,M,,,13
201000020439,10,2,8,1055,1,1,1,1.0,1.0,13055,M,,,13
201000020440,10,2,11,2325,5,2,1,1.0,6.0,13055,M,,,13
201000020441,10,2,10,1215,1,2,1,2.0,4.0,13055,M,,,13
201000020442,10,1,29,1715,1,2,3,1.0,3.0,13055,M,,,13
201000020443,10,12,14,910,1,2,1,1.0,3.0,13055,M,,,13
201000020444,10,2,5,750,1,2,1,2.0,3.0,13055,M,,,13
201000020445,10,2,1,1400,1,2,2,1.0,5.0,13055,M,,,13
201000020446,10,2,2,1345,1,2,3,1.0,3.0,13055,M,,,13
201000020447,10,2,4,1605,1,2,1,2.0,6.0,13055,M,,,13
201000020448,10,2,3,1630,1,2,1,1.0,6.0,13055,M,,,13
201000020449,10,2,1,1600,1,2,2,1.0,3.0,13055,M,,,13
201000020450,10,2,5,1105,1,2,1,1.0,6.0,13055,M,,,13
201000020451,10,2,6,2315,5,2,1,1.0,6.0,13055,M,,,13