Num_Acc,an,mois,jour,hrmn,lum,agg,int,atm,col,com,gps,lat,long,dep
201000020452,10,2,7,1840,5,2,1,1.0,6.0,13055,M,,,13
201000020453,10,2,5,1700,1,2,1,1.0,6.0,13055,M,,,13
201000020454,10,2,5,900,1,2,1,2.0,6.0,13055,M,,,13
201000020455,10,1,23,1015,1,2,1,1.0,6.0,13055,M,,,13
201000020456,10,1,8,1750,2,2,1,1.0,2.0,13206,M,,,13
201000020457,10,1,31,1850,5,2,3,1.0,2.0,13055,M,,,13
201000020458,10,1,28,1200,1,2,1,1.0,2.0,13055,M,,,13
201000020459,10,12,11,1850,5,2,1,1.0,6.0,13055,M,,,13
201000020460,10,2,3,2000,4,2,1,1.0,3.0,13055,M,,,13
201000020461,10,2,1,1450,1,2,1,7.0,6.0,13055,M,,,13
201000020462,10,1,24,2245,5,2,1,1.0,1.0,13055,M,,,13
201000020463,10,1,23,1815,4,2,2,1.0,3.0,13055,M,4334210.0,542006.0,13
201000020464,10,8,6,1200,1,2,1,1.0,6.0,13055,M,,,13
201000020465,10,2,1,800,1,2,1,9.0,6.0,13055,M,,,13
201000020466,10,2,1,700,5,2,1,9.0,7.0,13055,M,,,13
201000020467,10,2,2,830,1,2,1,1.0,6.0,13055,M,,,13
201000020468,10,12,28,630,2,2,7,1.0,6.0,13055,M,,,13
201000020469,10,2,10,1415,1,2,1,1.0,2.0,13055,M,,,13
201000020470,10,12,28,1030,1,2,1,1.0,2.0,13055,M,,,13
201000020471,10,2,6,1115,1,2,1,6.0,2.0,13055,M,,,13
201000020472,10,12,15,1930,5,2,3,1.0,7.0,13055,M,,,13
201000020473,10,2,1,1030,1,2,1,9.0,6.0,13055,M,,,13
201000020474,10,12,27,1740,5,2,1,1.0,3.0,13055,M,,,13
201000020475,10,2,8,2045,5,2,1,1.0,6.0,13055,M,,,13
201000020476,10,2,1,1500,1,2,1,1.0,3.0,13055,M,,,13
201000020477,10,2,4,735,1,2,1,1.0,2.0,13055,M,,,13
201000020478,10,2,4,845,1,2,1,1.0,1.0,13055,M,,,13
201000020479,10,2,2,1615,1,2,1,1.0,2.0,13055,M,,,13
201000020480,10,1,28,1430,1,2,1,1.0,6.0,13055,M,,,13
201000020481,10,12,11,1830,5,2,1,1.0,3.0,13055,M,,,13
201000020482,10,2,8,700,1,2,1,1.0,5.0,13055,M,,,13
201000020483,10,2,3,645,5,2,1,1.0,6.0,13055,M,,,13
201000020484,10,1,29,1230,1,2,1,1.0,6.0,13055,M,4327230.0,539129.0,13
201000020485,10,12,17,1640,1,2,1,1.0,3.0,13055,M,,,13
201000020486,10,2,14,940,1,2,3,1.0,3.0,13055,M,,,13
201000020487,10,2,12,1610,1,2,1,1.0,6.0,13055,M,,,13
201000020488,10,2,13,20,5,2,2,1.0,3.0,13055,M,,,13
201000020489,10,2,6,1100,1,2,1,1.0,6.0,13055,M,,,13
201000020490,10,2,11,1435,1,2,1,1.0,2.0,13055,M,,,13
201000020491,10,12,31,1045,1,1,1,1.0,2.0,13055,M,,,13
201000020492,10,1,29,1515,1,2,3,1.0,3.0,13055,M,,,13
201000020493,10,2,13,1100,1,2,1,1.0,4.0,13055,M,,,13
201000020494,10,2,9,1715,1,2,1,1.0,3.0,13055,M,,,13
201000020495,10,2,12,2015,5,2,1,1.0,1.0,13055,M,,,13
201000020496,10,2,20,950,1,2,1,1.0,1.0,13055,M,,,13
201000020497,10,11,23,700,5,2,2,2.0,3.0,13055,M,,,13
201000020498,10,2,6,1000,1,2,3,1.0,6.0,13055,M,,,13
201000020499,10,2,11,2330,5,2,1,1.0,7.0,13055,M,,,13
201000020500,10,2,15,1030,1,2,1,1.0,6.0,13055,M,,,13
201000020501,10,2,11,1720,5,2,3,2.0,3.0,13055,M,,,13
201000020502,10,11,8,2210,5,2,3,1.0,3.0,13055,M,4348530.0,523403.0,13
201000020503,10,2,12,1435,1,2,3,1.0,3.0,13055,M,,,13
201000020504,10,12,2,1420,1,2,1,1.0,2.0,13055,M,,,13
201000020505,10,2,12,2000,4,2,1,1.0,1.0,13055,M,,,13
201000020506,10,2,8,1715,1,1,1,1.0,6.0,13002,M,,,13
201000020507,10,2,18,15,5,2,1,1.0,2.0,13055,M,,,13
201000020508,10,10,25,1800,1,2,1,1.0,7.0,13055,M,,,13
201000020509,10,2,19,1855,2,2,1,1.0,3.0,13055,M,,,13
201000020510,10,2,14,2145,5,2,1,1.0,6.0,13055,M,,,13
201000020511,10,2,18,1525,1,2,3,1.0,6.0,13055,M,,,13
201000020512,10,2,12,1430,1,2,1,1.0,6.0,13055,M,,,13
201000020513,10,1,19,930,1,2,1,1.0,3.0,13055,M,,,13
201000020514,10,12,25,130,5,2,1,1.0,1.0,13055,M,,,13
201000020515,10,12,17,1835,5,2,1,1.0,6.0,13055,M,,,13
201000020516,10,10,18,1700,1,2,2,1.0,3.0,13055,M,,,13
201000020517,10,2,19,2205,5,2,1,1.0,6.0,13055,M,,,13
201000020518,10,4,1,2015,2,2,2,1.0,6.0,13055,M,,,13
201000020519,10,2,22,1145,1,2,2,1.0,6.0,13055,M,,,13
201000020520,10,1,5,930,1,2,1,1.0,6.0,13055,M,,,13
201000020521,10,12,14,1420,1,2,1,1.0,3.0,13055,M,,,13
201000020522,10,2,8,2015,5,2,1,9.0,6.0,13055,M,,,13
201000020523,10,2,1,1530,1,2,1,1.0,6.0,13055,M,,,13
201000020524,10,2,26,1355,1,2,1,1.0,5.0,13055,M,,,13
201000020525,10,2,28,230,5,2,1,1.0,6.0,13055,M,,,13
201000020526,10,2,28,850,1,2,1,1.0,6.0,13055,M,,,13
201000020527,10,2,26,1755,2,2,1,1.0,6.0,13055,M,,,13
201000020528,10,2,27,2255,5,2,1,1.0,6.0,13055,M,,,13
201000020529,10,2,15,1845,5,2,9,1.0,1.0,13055,M,,,13
201000020530,10,2,12,1640,1,2,1,1.0,2.0,13055,M,,,13
201000020531,10,3,1,1500,1,2,1,1.0,6.0,13055,M,,,13
201000020532,10,2,21,1450,1,2,1,1.0,6.0,13055,M,,,13
201000020533,10,2,24,1330,1,2,1,2.0,4.0,13055,M,,,13
201000020534,10,2,24,1900,5,2,1,1.0,3.0,13055,M,,,13
201000020535,10,2,3,1015,1,2,2,1.0,1.0,13055,M,,,13
201000020536,10,2,13,2020,3,2,1,1.0,6.0,13055,M,,,13
201000020537,10,2,24,1700,1,2,6,1.0,2.0,13055,M,,,13
201000020538,10,2,7,1510,1,2,1,1.0,6.0,13055,M,,,13
201000020539,10,2,15,1345,1,2,1,1.0,5.0,13055,M,,,13
201000020540,10,3,1,1645,1,2,1,1.0,7.0,13055,M,,,13
201000020541,10,2,6,1145,1,2,1,1.0,3.0,13055,M,,,13
201000020542,10,2,17,2100,5,2,1,2.0,4.0,13055,M,,,13
201000020543,10,2,15,1500,1,2,1,1.0,3.0,13055,M,,,13
201000020544,10,2,16,1420,1,2,1,2.0,4.0,13055,M,4326860.0,539326.0,13
201000020545,10,2,8,2020,5,2,1,1.0,7.0,13055,M,,,13
201000020546,10,1,21,2130,5,2,1,1.0,2.0,13055,M,,,13
201000020547,10,2,19,1350,1,2,2,1.0,3.0,13055,M,,,13
201000020548,10,2,26,830,1,2,1,1.0,7.0,13055,M,,,13
201000020549,10,2,24,1900,5,2,1,1.0,3.0,13055,M,,,13
201000020550,10,2,25,840,1,2,1,1.0,6.0,13055,M,,,13
201000020551,10,2,14,1330,1,2,1,1.0,3.0,13055,M,,,13
201000020552,10,2,21,1700,1,2,1,1.0,4.0,13055,M,,,13
201000020553,10,2,19,1500,1,2,1,2.0,3.0,13055,M,,,13
201000020554,10,2,6,1220,1,2,2,1.0,3.0,13055,M,,,13
201000020555,10,2,23,2030,5,2,1,1.0,2.0,13055,M,,,13
201000020556,10,1,22,1045,1,2,2,1.0,3.0,13055,M,,,13
201000020557,10,2,11,1225,1,2,1,1.0,6.0,13055,M,,,13
201000020558,10,2,18,2100,5,2,9,1.0,2.0,13055,M,,,13
201000020559,10,2,10,2000,5,2,1,1.0,6.0,13055,M,,,13
201000020560,10,2,14,1400,1,2,6,1.0,6.0,13055,M,,,13
201000020561,10,2,1,830,1,2,1,1.0,6.0,13055,M,,,13
201000020562,10,12,13,1210,1,2,1,1.0,5.0,13055,M,,,13
201000020563,10,2,23,830,1,2,1,1.0,6.0,13055,M,,,13
201000020564,10,2,25,1500,1,2,1,1.0,6.0,13055,M,,,13
201000020565,10,3,5,200,5,2,2,1.0,3.0,13055,M,4329260.0,537887.0,13
201000020566,10,2,25,840,1,2,1,1.0,2.0,13055,M,,,13
201000020567,10,2,25,1140,1,2,1,1.0,3.0,13055,M,,,13
201000020568,10,2,24,820,1,2,1,1.0,6.0,13055,M,,,13
201000020569,10,1,19,1830,5,2,1,1.0,6.0,13055,M,,,13
201000020570,10,2,24,2040,5,2,3,1.0,7.0,13055,M,,,13
201000020571,10,12,14,1745,5,2,1,1.0,3.0,13055,M,,,13
201000020572,10,2,28,1930,5,2,1,1.0,6.0,13055,M,,,13
201000020573,10,12,8,1800,5,2,6,2.0,2.0,13055,M,,,13
201000020574,10,2,23,1930,5,2,1,1.0,7.0,13055,M,,,13
201000020575,10,3,2,2145,5,2,1,1.0,3.0,13055,M,,,13
201000020576,10,3,7,1430,1,2,3,8.0,2.0,13055,M,,,13
201000020577,10,2,25,740,1,2,1,1.0,2.0,13055,M,,,13
201000020578,10,2,20,1210,1,2,1,1.0,2.0,13055,M,,,13
201000020579,10,2,25,1815,2,2,2,1.0,7.0,13055,M,,,13
201000020580,10,1,28,1530,1,2,1,1.0,2.0,13055,M,,,13
201000020581,10,2,26,2200,5,2,1,1.0,6.0,13055,M,,,13
201000020582,10,2,25,1445,1,2,1,9.0,1.0,13055,M,,,13
201000020583,10,2,25,845,1,2,1,7.0,6.0,13055,M,,,13
201000020584,10,2,28,130,5,2,3,1.0,3.0,13055,M,4329340.0,538219.0,13
201000020585,10,2,22,1000,1,2,1,1.0,6.0,13055,M,,,13
201000020586,10,3,2,1610,1,2,1,1.0,6.0,13055,M,,,13
201000020587,10,1,19,645,2,2,1,1.0,2.0,13055,M,,,13
201000020588,10,2,6,1600,1,2,1,1.0,6.0,13055,M,,,13
201000020589,10,10,25,1600,1,2,1,1.0,1.0,13055,M,,,13
201000020590,10,1,31,1415,1,2,1,1.0,6.0,13055,M,,,13
201000020591,10,2,7,1425,1,2,2,1.0,6.0,13055,M,,,13
201000020592,10,2,26,205,5,2,1,1.0,2.0,13055,M,,,13
201000020593,10,2,22,1825,5,2,3,3.0,3.0,13055,M,4324360.0,538474.0,13
201000020594,10,3,4,2255,5,2,3,1.0,1.0,13055,M,,,13
201000020595,10,2,23,2330,5,2,1,1.0,2.0,13055,M,,,13
201000020596,10,2,21,600,5,2,3,1.0,3.0,13055,M,,,13
201000020597,10,2,23,800,1,2,1,1.0,6.0,13055,M,,,13
201000020598,10,2,24,1800,3,2,1,1.0,6.0,13055,M,,,13
201000020599,10,3,2,1150,1,2,1,1.0,5.0,13055,M,,,13
201000020600,10,3,9,2030,4,2,1,1.0,3.0,13055,M,,,13
201000020601,10,2,2,1630,1,2,1,1.0,6.0,13055,M,,,13
201000020602,10,3,2,1100,1,2,1,1.0,6.0,13055,M,,,13
201000020603,10,2,16,1615,1,2,1,2.0,2.0,13055,M,,,13
201000020604,10,3,1,1055,1,2,1,1.0,3.0,13055,M,,,13
201000020605,10,10,7,1620,1,2,1,1.0,6.0,13055,M,,,13
201000020606,10,2,4,1815,3,2,1,3.0,1.0,13055,M,,,13
201000020607,10,9,20,1400,1,2,1,1.0,2.0,13055,M,,,13
201000020608,10,3,9,1130,1,2,1,1.0,6.0,13055,M,,,13
201000020609,10,3,9,1300,1,2,2,1.0,3.0,13055,M,,,13
201000020610,10,12,2,1730,2,2,1,1.0,6.0,13055,M,,,13
201000020611,10,1,29,1120,1,2,1,1.0,2.0,13055,M,,,13
201000020612,10,11,13,1530,1,2,1,1.0,6.0,13055,M,,,13
201000020613,10,2,27,1600,1,2,2,1.0,3.0,13055,M,,,13
201000020614,10,3,5,1145,1,2,3,1.0,2.0,13055,M,,,13
201000020615,10,2,23,200,5,2,2,2.0,3.0,13055,M,,,13
201000020616,10,3,6,2115,5,2,1,1.0,3.0,13055,M,,,13
201000020617,10,2,1,1305,1,2,1,1.0,1.0,13055,M,,,13
201000020618,10,12,1,1130,1,2,1,1.0,6.0,13055,M,,,13
201000020619,10,2,1,1700,1,2,9,1.0,3.0,13055,M,,,13
201000020620,10,3,11,2250,5,2,1,1.0,7.0,13055,M,,,13
201000020621,10,2,26,1655,1,2,1,1.0,1.0,13055,M,,,13
201000020622,10,3,7,1300,1,2,1,2.0,3.0,13055,M,,,13
201000020623,10,11,20,2240,5,2,1,9.0,4.0,13055,M,,,13
201000020624,10,3,4,1130,1,2,8,1.0,6.0,13055,M,,,13
201000020625,10,3,4,1640,1,2,1,1.0,6.0,13055,M,,,13
201000020626,10,3,6,1610,1,2,1,1.0,6.0,13055,M,,,13
201000020627,10,2,26,830,1,1,1,2.0,2.0,13055,M,,,13
201000020628,10,3,2,950,1,2,1,1.0,2.0,13055,M,,,13
201000020629,10,2,16,1400,1,2,1,1.0,2.0,13055,M,,,13
201000020630,10,12,5,1845,4,2,1,2.0,3.0,13055,M,,,13
201000020631,10,2,26,1440,1,2,1,1.0,4.0,13055,M,,,13
201000020632,10,9,9,550,5,2,1,1.0,6.0,13055,M,,,13
201000020633,10,2,5,1520,1,2,2,1.0,5.0,13055,M,,,13
201000020634,10,3,1,1450,1,2,1,1.0,6.0,13055,M,,,13
201000020635,10,2,21,1140,1,2,2,1.0,3.0,13055,M,,,13
201000020636,10,2,21,1730,1,2,2,1.0,3.0,13055,M,4330040.0,538444.0,13
201000020637,10,3,1,855,1,2,1,1.0,2.0,13055,M,,,13
201000020638,10,3,14,1500,1,2,1,1.0,2.0,13055,M,,,13
201000020639,10,3,15,1800,1,2,1,1.0,7.0,13055,M,,,13
201000020640,10,2,27,1730,1,2,6,2.0,2.0,13002,M,4332700.0,548239.0,13
201000020641,10,2,23,1630,1,2,1,1.0,6.0,13055,M,,,13
201000020642,10,1,26,900,1,2,1,1.0,2.0,13055,M,,,13
201000020643,10,3,14,1530,1,2,1,1.0,3.0,13055,M,,,13
201000020644,10,3,10,1145,1,2,1,1.0,3.0,13055,M,,,13
201000020645,10,2,18,1357,1,2,1,1.0,3.0,13055,M,,,13
201000020646,10,3,12,1545,1,2,1,1.0,6.0,13055,M,,,13
201000020647,10,2,20,1845,5,2,1,1.0,2.0,13055,M,,,13
201000020648,10,3,6,1515,1,2,1,1.0,3.0,13055,M,,,13
201000020649,10,3,2,1650,1,2,9,1.0,2.0,13055,M,,,13
201000020650,10,3,13,1345,1,2,3,1.0,3.0,13055,M,,,13
201000020651,10,2,24,1600,1,2,1,1.0,2.0,13055,M,,,13
201000020652,10,3,11,1500,1,2,1,1.0,2.0,13055,M,,,13
201000020653,10,3,3,1815,2,2,1,1.0,6.0,13055,M,,,13
201000020654,10,3,11,1630,1,2,1,1.0,7.0,13055,M,,,13
201000020655,10,2,24,1510,1,2,1,1.0,3.0,13055,M,,,13
201000020656,10,2,28,1755,1,2,3,1.0,4.0,13055,M,,,13
201000020657,10,2,26,1715,1,2,3,1.0,3.0,13055,M,4323730.0,536357.0,13
201000020658,10,3,9,640,2,2,1,8.0,6.0,13055,M,,,13
201000020659,10,3,14,830,1,2,1,1.0,4.0,13055,M,,,13
201000020660,10,2,27,1430,1,2,1,8.0,2.0,13055,M,,,13
201000020661,10,2,20,1245,1,2,1,1.0,6.0,13055,M,,,13
201000020662,10,3,12,1500,1,2,6,1.0,7.0,13055,M,,,13
201000020663,10,2,23,1915,5,2,2,1.0,1.0,13055,M,,,13
201000020664,10,3,8,1400,1,2,1,1.0,4.0,13055,M,,,13
201000020665,10,1,31,730,1,2,1,1.0,3.0,13055,M,,,13
201000020666,10,3,9,1230,1,2,1,1.0,6.0,13055,M,,,13
201000020667,10,2,18,1315,1,2,1,1.0,6.0,13055,M,,,13
201000020668,10,2,19,1715,1,2,3,1.0,6.0,13055,M,,,13
201000020669,10,3,16,950,1,2,1,1.0,6.0,13055,M,,,13
201000020670,10,3,12,1800,1,2,2,1.0,3.0,13055,M,,,13
201000020671,10,3,18,1530,1,2,1,1.0,6.0,13055,M,4327880.0,538768.0,13
201000020672,10,3,12,1710,1,2,1,1.0,6.0,13055,M,,,13
201000020673,10,2,18,1815,2,2,1,1.0,3.0,13055,M,,,13
201000020674,10,3,5,1200,1,2,6,1.0,3.0,13055,M,,,13
201000020675,10,3,15,1910,5,2,1,1.0,6.0,13055,M,,,13
201000020676,10,3,20,2015,4,2,2,1.0,6.0,13055,M,4329530.0,539094.0,13
201000020677,10,3,7,800,1,2,2,1.0,3.0,13055,M,4329020.0,537596.0,13
201000020678,10,3,17,2250,5,2,2,1.0,3.0,13055,M,4329880.0,540086.0,13
201000020679,10,2,15,930,1,2,1,1.0,2.0,13055,M,,,13
201000020680,10,3,15,1530,1,2,1,1.0,3.0,13055,M,,,13
201000020681,10,3,15,1530,1,2,1,1.0,1.0,13055,M,,,13
201000020682,10,3,9,1245,1,2,6,1.0,7.0,13055,M,,,13
201000020683,10,3,7,820,1,2,1,1.0,1.0,13055,M,,,13
201000020684,10,3,10,1200,1,2,1,1.0,6.0,13055,M,,,13
201000020685,10,3,11,920,1,2,1,1.0,3.0,13055,M,,,13
201000020686,10,3,23,720,1,2,1,8.0,6.0,13055,M,,,13
201000020687,10,3,7,2245,3,2,2,1.0,3.0,13055,M,,,13
201000020688,10,3,13,1400,1,2,1,1.0,6.0,13055,M,,,13
201000020689,10,12,8,710,1,2,1,1.0,2.0,13055,M,,,13
201000020690,10,3,3,845,1,2,1,2.0,7.0,13055,M,,,13
201000020691,10,3,6,1825,1,2,1,1.0,1.0,13055,M,,,13
201000020692,10,3,20,1500,1,2,1,1.0,6.0,13055,M,,,13
201000020693,10,3,23,2050,5,2,1,1.0,6.0,13055,M,,,13
201000020694,10,12,10,800,2,2,1,1.0,3.0,13055,M,,,13
201000020695,10,3,23,1550,1,2,1,1.0,7.0,13055,M,,,13
201000020696,10,2,26,940,1,2,1,1.0,7.0,13055,M,,,13
201000020697,10,3,13,1500,1,2,1,1.0,6.0,13055,M,,,13
201000020698,10,3,19,1100,1,2,2,1.0,3.0,13055,M,,,13
201000020699,10,3,15,720,1,2,1,1.0,6.0,13055,M,,,13
201000020700,10,3,18,810,1,2,1,1.0,6.0,13055,M,,,13
201000020701,10,3,25,140,5,2,1,1.0,6.0,13055,M,,,13
201000020702,10,3,19,1420,1,2,1,1.0,2.0,13055,M,,,13
201000020703,10,3,18,925,1,2,1,1.0,6.0,13075,M,4334640.0,546257.0,13
201000020704,10,3,19,1540,1,2,1,1.0,6.0,13055,M,,,13
201000020705,10,3,10,1140,1,2,1,1.0,6.0,13055,M,,,13
201000020706,10,2,13,30,5,2,1,1.0,1.0,13055,M,,,13
201000020707,10,3,15,1330,1,2,1,1.0,2.0,13055,M,,,13
201000020708,10,3,4,2020,5,2,1,1.0,2.0,13055,M,,,13
201000020709,10,3,3,2130,5,2,1,1.0,6.0,13055,M,,,13
201000020710,10,2,12,1430,1,2,1,1.0,1.0,13055,M,,,13
201000020711,10,12,20,1230,1,2,2,1.0,3.0,13055,M,,,13
201000020712,10,3,6,2005,5,2,1,1.0,2.0,13055,M,,,13
201000020713,10,3,19,1820,2,2,1,1.0,6.0,13055,M,,,13
201000020714,10,8,16,1730,1,2,1,1.0,6.0,13055,M,,,13
201000020715,10,3,20,1545,1,2,1,1.0,6.0,13055,M,,,13
201000020716,10,3,17,845,1,2,1,1.0,6.0,13055,M,,,13
201000020717,10,3,17,1700,1,2,3,1.0,6.0,13055,M,4326820.0,541352.0,13
201000020718,10,3,17,740,1,2,1,1.0,6.0,13055,M,,,13
201000020719,10,3,21,1820,1,2,2,1.0,6.0,13055,M,,,13
201000020720,10,3,29,505,5,2,3,1.0,3.0,13055,M,,,13
201000020721,10,3,27,1830,5,2,1,8.0,7.0,13055,M,,,13
201000020722,10,3,18,1735,1,2,2,1.0,6.0,13055,M,,,13
201000020723,10,12,10,1210,1,2,1,1.0,5.0,13055,M,,,13
201000020724,10,2,4,1250,1,1,1,1.0,3.0,13055,M,,,13
201000020725,10,3,12,1820,1,2,2,1.0,2.0,13055,M,,,13
201000020726,10,11,29,2015,5,2,1,1.0,1.0,13055,M,,,13
201000020727,10,2,1,810,1,2,1,1.0,6.0,13055,M,,,13
201000020728,10,2,17,830,1,2,1,1.0,6.0,13055,M,,,13
201000020729,10,3,20,850,1,2,1,1.0,6.0,13055,M,,,13
201000020730,10,3,28,400,5,2,1,1.0,1.0,13055,M,,,13
201000020731,10,3,18,1900,2,2,1,1.0,6.0,13055,M,,,13
201000020732,10,3,16,1110,1,2,2,1.0,2.0,13055,M,,,13
201000020733,10,12,3,1810,5,2,1,1.0,3.0,13055,M,,,13
201000020734,10,2,27,1115,1,2,1,1.0,6.0,13055,M,,,13
201000020735,10,2,24,1500,1,2,1,1.0,6.0,13055,M,,,13
201000020736,10,8,18,1400,1,2,1,1.0,6.0,13055,M,,,13
201000020737,10,2,17,1930,5,2,1,1.0,6.0,13055,M,,,13
201000020738,10,2,17,1500,1,2,1,1.0,6.0,13055,M,,,13
201000020739,10,2,7,1425,1,2,2,1.0,3.0,13055,M,4330920.0,540301.0,13
201000020740,10,6,13,1900,1,2,1,1.0,1.0,13055,M,,,13
201000020741,10,3,12,1500,1,2,3,1.0,6.0,13055,M,4328600.0,538700.0,13
201000020742,10,3,17,2120,5,2,3,1.0,3.0,13055,M,4329080.0,536739.0,13
201000020743,10,3,18,1550,1,2,1,1.0,6.0,13055,M,,,13
201000020744,10,3,28,840,1,2,2,1.0,3.0,13055,M,,,13
201000020745,10,3,17,1505,1,2,1,1.0,6.0,13055,M,,,13
201000020746,10,3,28,1825,1,2,1,1.0,6.0,13055,M,,,13
201000020747,10,3,25,1840,2,2,1,1.0,2.0,13055,M,,,13
201000020748,10,2,22,730,1,2,1,1.0,6.0,13055,M,,,13
201000020749,10,3,19,1800,1,2,1,1.0,6.0,13055,M,,,13
201000020750,10,2,3,745,1,2,1,1.0,2.0,13055,M,,,13
201000020751,10,3,20,200,5,2,1,1.0,6.0,13055,M,,,13
201000020752,10,3,28,2050,4,2,1,1.0,6.0,13055,M,,,13
201000020753,10,3,25,1730,1,2,3,1.0,1.0,13055,M,,,13
201000020754,10,11,9,1550,1,2,1,1.0,6.0,13055,M,,,13
201000020755,10,3,26,700,1,2,1,1.0,2.0,13055,M,,,13
201000020756,10,3,12,1950,4,2,9,1.0,6.0,13055,M,,,13
201000020757,10,3,20,2230,5,2,1,1.0,2.0,13055,M,,,13
201000020758,10,11,8,930,1,2,1,1.0,1.0,13055,M,,,13
201000020759,10,3,6,1210,1,2,1,1.0,6.0,13055,M,,,13
201000020760,10,3,22,1440,1,2,1,2.0,4.0,13055,M,,,13
201000020761,10,11,21,1000,1,2,1,1.0,2.0,13055,M,,,13
201000020762,10,3,21,1730,1,2,1,1.0,3.0,13055,M,,,13
201000020763,10,3,16,1745,1,2,1,1.0,3.0,13055,M,,,13
201000020764,10,2,19,1700,2,2,1,1.0,3.0,13055,M,,,13
201000020765,10,3,24,1500,1,2,1,1.0,3.0,13055,M,,,13
201000020766,10,11,7,1930,5,2,3,1.0,3.0,13055,M,,,13
201000020767,10,3,24,1955,5,2,9,1.0,3.0,13055,M,,,13
201000020768,10,12,2,550,2,2,1,1.0,6.0,13055,M,,,13
201000020769,10,12,7,1600,1,2,1,1.0,6.0,13055,M,,,13
201000020770,10,3,18,1000,1,2,1,1.0,6.0,13055,M,,,13
201000020771,10,3,17,1220,1,2,1,1.0,3.0,13055,M,,,13
201000020772,10,2,4,830,1,2,1,1.0,6.0,13055,M,,,13
201000020773,10,3,25,1320,1,2,1,1.0,3.0,13055,M,,,13
201000020774,10,3,29,1540,1,2,1,1.0,3.0,13055,M,,,13
201000020775,10,2,4,1730,5,2,1,2.0,6.0,13055,M,,,13
201000020776,10,11,19,1400,1,2,1,1.0,3.0,13055,M,,,13
201000020777,10,4,3,1715,1,2,1,1.0,6.0,13055,M,,,13
201000020778,10,11,18,1715,1,2,1,1.0,3.0,13055,M,,,13
201000020779,10,3,29,1910,1,2,1,1.0,3.0,13055,M,,,13
201000020780,10,3,26,1150,1,2,3,1.0,3.0,13055,M,,,13
201000020781,10,3,28,1810,1,1,1,1.0,2.0,13055,M,,,13
201000020782,10,3,25,1200,1,2,1,1.0,2.0,13055,M,,,13
201000020783,10,3,27,2200,5,2,1,1.0,2.0,13055,M,,,13
201000020784,10,4,6,1630,1,2,1,1.0,6.0,13055,M,,,13
201000020785,10,4,6,1400,1,2,3,1.0,6.0,13055,M,4326190.0,540424.0,13
201000020786,10,3,6,1545,1,2,1,1.0,2.0,13055,M,,,13
201000020787,10,3,7,830,1,2,1,1.0,6.0,13055,M,,,13
201000020788,10,3,23,1900,5,2,1,1.0,3.0,13055,M,,,13
201000020789,10,3,29,1650,1,2,1,1.0,2.0,13055,M,,,13
201000020790,10,3,31,1310,1,2,1,1.0,1.0,13055,M,,,13
201000020791,10,3,17,1305,1,2,1,1.0,6.0,13055,M,,,13
201000020792,10,3,28,1120,1,2,1,1.0,6.0,13055,M,,,13
201000020793,10,4,7,1500,1,2,1,1.0,6.0,13055,M,,,13
201000020794,10,3,14,1140,1,2,1,1.0,2.0,13055,M,,,13
201000020795,10,3,18,1100,1,2,1,1.0,1.0,13055,M,,,13
201000020796,10,3,18,1640,1,2,1,1.0,6.0,13055,M,,,13
201000020797,10,4,1,1330,1,2,1,1.0,6.0,13055,M,,,13
201000020798,10,3,29,1330,1,2,1,1.0,2.0,13055,M,,,13
201000020799,10,3,24,1130,1,2,1,1.0,6.0,13055,M,,,13
201000020800,10,9,15,1620,1,2,1,1.0,6.0,13055,M,,,13
201000020801,10,3,31,1845,1,2,1,1.0,2.0,13055,M,,,13
201000020802,10,3,12,2340,5,2,6,1.0,3.0,13055,M,,,13
201000020803,10,4,8,1520,1,2,1,1.0,6.0,13055,M,4328950.0,540009.0,13
201000020804,10,4,8,1740,1,2,1,1.0,6.0,13055,M,,,13
201000020805,10,4,9,1030,1,2,9,1.0,2.0,13055,M,,,13
201000020806,10,3,19,1200,1,2,1,1.0,3.0,13055,M,,,13
201000020807,10,3,30,1500,1,2,3,1.0,3.0,13055,M,,,13
201000020808,10,3,27,1940,1,2,1,1.0,3.0,13055,M,,,13
201000020809,10,11,23,1830,5,2,1,1.0,6.0,13055,M,,,13
201000020810,10,2,22,1930,5,2,1,3.0,6.0,13055,M,,,13
201000020811,10,3,19,2230,5,2,1,1.0,7.0,13055,M,,,13
201000020812,10,3,1,810,1,2,6,1.0,1.0,13055,M,,,13
201000020813,10,3,30,1130,1,2,1,2.0,3.0,13055,M,,,13
201000020814,10,3,19,1140,1,2,1,1.0,2.0,13055,M,,,13
201000020815,10,3,27,200,5,2,3,1.0,2.0,13055,M,,,13
201000020816,10,3,10,830,1,2,1,1.0,6.0,13055,M,,,13
201000020817,10,4,3,2045,5,2,1,1.0,6.0,13055,M,,,13
201000020818,10,4,9,1530,1,2,1,1.0,7.0,13055,M,,,13
201000020819,10,4,10,1800,1,2,1,1.0,6.0,13055,M,,,13
201000020820,10,4,10,1500,1,2,2,1.0,2.0,13055,M,,,13
201000020821,10,3,15,1600,1,2,1,1.0,6.0,13055,M,,,13
201000020822,10,3,26,1350,1,2,1,1.0,7.0,13055,M,,,13
201000020823,10,4,10,1530,1,2,1,1.0,2.0,13055,M,,,13
201000020824,10,12,10,1100,1,2,1,1.0,3.0,13055,M,,,13
201000020825,10,3,27,1220,1,2,3,1.0,2.0,13055,M,4326040.0,538709.0,13
201000020826,10,11,17,1015,1,2,1,1.0,3.0,13055,M,,,13
201000020827,10,3,29,1420,1,2,1,1.0,2.0,13055,M,,,13
201000020828,10,4,10,1750,1,2,1,1.0,6.0,13055,M,,,13
201000020829,10,4,9,2240,5,2,1,1.0,3.0,13055,M,,,13
201000020830,10,3,3,1800,1,2,1,1.0,2.0,13055,M,,,13