Num_Acc,an,mois,jour,hrmn,lum,agg,int,atm,col,com,gps,lat,long,dep
201000020831,10,11,18,300,5,2,1,1.0,6.0,13055,M,,,13
201000020832,10,3,27,1835,2,2,3,1.0,3.0,13055,M,,,13
201000020833,10,4,5,2115,5,2,1,1.0,3.0,13055,M,,,13
201000020834,10,3,16,805,1,2,1,1.0,2.0,13055,M,,,13
201000020835,10,4,4,500,5,2,1,2.0,6.0,13055,M,,,13
201000020836,10,4,5,2130,5,2,1,1.0,2.0,13055,M,,,13
201000020837,10,3,22,1245,1,2,1,1.0,6.0,13055,M,,,13
201000020838,10,4,13,1930,1,2,1,1.0,6.0,13055,M,4330140.0,537491.0,13
201000020839,10,4,14,1905,2,2,1,1.0,6.0,13002,M,4336100.0,549373.0,13
201000020840,10,4,16,30,5,2,1,1.0,7.0,13055,M,4324840.0,545370.0,13
201000020841,10,4,15,1735,1,2,1,1.0,2.0,13055,M,,,13
201000020842,10,4,14,840,1,2,1,1.0,6.0,13055,M,,,13
201000020843,10,3,15,930,1,2,2,1.0,3.0,13055,M,,,13
201000020844,10,4,29,920,1,2,3,1.0,3.0,13055,M,,,13
201000020845,10,2,10,935,1,2,1,1.0,6.0,13055,M,,,13
201000020846,10,3,15,1100,1,2,3,1.0,3.0,13055,M,,,13
201000020847,10,4,10,1645,1,2,1,1.0,2.0,13055,M,,,13
201000020848,10,12,31,1940,5,2,1,1.0,6.0,13055,M,,,13
201000020849,10,3,1,230,5,2,1,1.0,3.0,13055,M,,,13
201000020850,10,2,24,1700,1,2,1,1.0,7.0,13055,M,,,13
201000020851,10,3,22,1815,5,2,1,3.0,1.0,13055,M,,,13
201000020852,10,5,20,840,1,2,1,1.0,6.0,13055,M,,,13
201000020853,10,3,14,1305,1,2,1,1.0,3.0,13055,M,,,13
201000020854,10,3,19,1330,1,2,1,1.0,6.0,13055,M,,,13
201000020855,10,1,23,5,5,2,1,1.0,3.0,13055,M,,,13
201000020856,10,3,23,1810,1,2,1,1.0,3.0,13055,M,,,13
201000020857,10,12,21,1215,1,2,1,3.0,2.0,13055,M,,,13
201000020858,10,3,9,1120,1,2,1,1.0,6.0,13055,M,,,13
201000020859,10,2,5,1400,1,2,2,1.0,3.0,13055,M,,,13
201000020860,10,3,14,540,5,2,3,1.0,2.0,13055,M,,,13
201000020861,10,4,1,855,1,2,1,1.0,3.0,13055,M,,,13
201000020862,10,11,21,1345,1,2,1,2.0,3.0,13055,M,,,13
201000020863,10,3,31,2030,5,2,3,1.0,3.0,13055,M,,,13
201000020864,10,1,23,1430,1,2,1,1.0,2.0,13055,M,,,13
201000020865,10,4,11,1030,1,2,1,1.0,6.0,13055,M,,,13
201000020866,10,4,13,1635,1,2,1,1.0,2.0,13055,M,,,13
201000020867,10,4,13,1340,1,2,1,1.0,3.0,13055,M,,,13
201000020868,10,1,21,1115,1,2,6,1.0,6.0,13055,M,,,13
201000020869,10,2,12,1820,5,2,1,8.0,6.0,13055,M,,,13
201000020870,10,4,20,1900,1,2,1,1.0,6.0,13055,M,4328980.0,536650.0,13
201000020871,10,2,7,330,5,2,1,1.0,6.0,13055,M,,,13
201000020872,10,4,1,1600,1,2,1,1.0,6.0,13055,M,,,13
201000020873,10,4,7,750,1,2,1,1.0,6.0,13055,M,,,13
201000020874,10,4,21,1630,1,2,1,1.0,5.0,13055,M,,,13
201000020875,10,3,15,2015,2,2,1,1.0,3.0,13055,M,,,13
201000020876,10,4,15,1650,1,2,3,1.0,3.0,13055,M,,,13
201000020877,10,3,24,1440,1,2,1,1.0,6.0,13055,M,,,13
201000020878,10,3,24,1610,1,2,1,1.0,4.0,13055,M,,,13
201000020879,10,4,14,1440,1,2,1,1.0,3.0,13055,M,,,13
201000020880,10,4,14,1915,2,2,1,1.0,1.0,13002,M,4335940.0,547326.0,13
201000020881,10,4,15,1350,1,2,1,1.0,7.0,13002,M,4333350.0,548250.0,13
201000020882,10,4,13,1600,1,2,1,1.0,2.0,13055,M,,,13
201000020883,10,4,8,2005,1,2,1,1.0,2.0,13055,M,,,13
201000020884,10,4,3,740,1,2,1,1.0,2.0,13055,M,,,13
201000020885,10,4,18,430,5,2,1,1.0,6.0,13055,M,,,13
201000020886,10,3,24,1200,1,2,1,1.0,3.0,13055,M,,,13
201000020887,10,4,2,800,1,2,1,1.0,6.0,13055,M,,,13
201000020888,10,4,16,1620,1,2,3,8.0,3.0,13055,M,,,13
201000020889,10,3,14,1515,1,2,1,1.0,6.0,13055,M,,,13
201000020890,10,4,16,1720,1,2,3,1.0,7.0,13055,M,4324430.0,537293.0,13
201000020891,10,4,1,1650,1,2,1,1.0,7.0,13055,M,,,13
201000020892,10,3,28,1120,1,2,1,1.0,7.0,13055,M,,,13
201000020893,10,4,20,1040,1,2,1,1.0,5.0,13055,M,,,13
201000020894,10,4,11,1215,1,2,1,1.0,2.0,13055,M,,,13
201000020895,10,4,14,1220,1,2,1,1.0,1.0,13055,M,,,13
201000020896,10,3,25,1200,1,2,1,8.0,3.0,13055,M,,,13
201000020897,10,3,24,1440,1,2,1,1.0,2.0,13055,M,,,13
201000020898,10,3,30,1945,2,2,6,1.0,3.0,13055,M,,,13
201000020899,10,4,18,1530,1,2,1,1.0,3.0,13055,M,,,13
201000020900,10,4,13,745,1,2,2,1.0,3.0,13055,M,,,13
201000020901,10,4,1,810,1,2,1,1.0,6.0,13055,M,,,13
201000020902,10,3,24,1830,1,2,1,1.0,6.0,13055,M,4327230.0,539129.0,13
201000020903,10,3,11,1440,1,2,1,1.0,6.0,13055,M,,,13
201000020904,10,4,4,320,5,2,2,1.0,3.0,13055,M,4330250.0,536902.0,13
201000020905,10,12,7,1915,5,2,3,1.0,3.0,13055,M,,,13
201000020906,10,4,1,800,1,2,1,1.0,6.0,13055,M,,,13
201000020907,10,3,24,740,1,2,1,1.0,2.0,13055,M,,,13
201000020908,10,4,26,1740,1,2,1,1.0,6.0,13055,M,,,13
201000020909,10,4,21,1620,1,2,1,1.0,4.0,13055,M,,,13
201000020910,10,4,17,755,1,2,1,1.0,3.0,13055,M,,,13
201000020911,10,4,20,930,1,2,1,1.0,6.0,13055,M,,,13
201000020912,10,4,9,1610,1,2,1,1.0,7.0,13055,M,,,13
201000020913,10,3,7,820,1,2,3,1.0,3.0,13055,M,,,13
201000020914,10,4,5,1645,1,2,1,1.0,2.0,13055,M,,,13
201000020915,10,3,4,1815,1,2,1,1.0,4.0,13055,M,,,13
201000020916,10,4,9,2020,5,2,8,1.0,2.0,13055,M,,,13
201000020917,10,1,28,1400,1,2,1,1.0,6.0,13055,M,,,13
201000020918,10,4,8,1625,1,2,1,1.0,6.0,13055,M,,,13
201000020919,10,3,22,1200,1,2,1,1.0,6.0,13055,M,,,13
201000020920,10,4,23,1130,1,2,1,1.0,6.0,13055,M,,,13
201000020921,10,4,22,1330,1,2,9,1.0,6.0,13055,M,,,13
201000020922,10,4,22,2200,5,2,3,1.0,3.0,13055,M,,,13
201000020923,10,2,2,1145,1,2,1,1.0,7.0,13055,M,,,13
201000020924,10,4,26,1605,1,2,1,1.0,6.0,13055,M,,,13
201000020925,10,4,25,230,5,2,1,1.0,6.0,13055,M,,,13
201000020926,10,4,24,1615,1,2,2,1.0,6.0,13055,M,,,13
201000020927,10,4,24,900,1,2,1,1.0,6.0,13055,M,,,13
201000020928,10,4,26,1700,1,2,1,1.0,6.0,13055,M,,,13
201000020929,10,4,25,1730,1,2,1,1.0,7.0,13055,M,,,13
201000020930,10,4,22,2055,5,2,3,1.0,3.0,13055,M,4333570.0,539856.0,13
201000020931,10,2,8,1130,1,2,1,1.0,6.0,13055,M,,,13
201000020932,10,3,2,2040,2,2,3,1.0,3.0,13055,M,,,13
201000020933,10,3,31,1045,1,2,2,1.0,3.0,13055,M,,,13
201000020934,10,4,18,1930,1,2,3,1.0,6.0,13055,M,,,13
201000020935,10,4,22,800,1,2,1,1.0,6.0,13055,M,,,13
201000020936,10,4,12,1600,1,2,1,1.0,7.0,13055,M,,,13
201000020937,10,8,28,1745,1,2,1,1.0,3.0,13055,M,,,13
201000020938,10,4,6,1850,1,2,1,1.0,2.0,13055,M,,,13
201000020939,10,4,17,1615,1,2,1,1.0,6.0,13055,M,,,13
201000020940,10,3,27,1115,1,2,2,1.0,3.0,13055,M,,,13
201000020941,10,3,30,705,5,2,1,1.0,3.0,13055,M,,,13
201000020942,10,4,23,1115,1,2,1,1.0,6.0,13055,M,,,13
201000020943,10,3,27,1900,2,2,1,1.0,6.0,13055,M,,,13
201000020944,10,4,25,1515,1,2,1,1.0,2.0,13055,M,,,13
201000020945,10,4,19,2350,5,2,1,1.0,2.0,13055,M,,,13
201000020946,10,4,1,1105,1,2,1,1.0,6.0,13055,M,,,13
201000020947,10,4,24,445,2,2,1,2.0,1.0,13055,M,,,13
201000020948,10,4,21,2130,5,2,1,1.0,3.0,13055,M,,,13
201000020949,10,4,16,1600,1,2,1,3.0,6.0,13055,M,,,13
201000020950,10,4,21,1515,1,2,1,1.0,6.0,13055,M,,,13
201000020951,10,3,9,1630,1,2,1,1.0,6.0,13055,M,,,13
201000020952,10,3,4,720,1,2,1,1.0,7.0,13055,M,,,13
201000020953,10,4,30,800,1,2,1,1.0,6.0,13055,M,,,13
201000020954,10,12,2,1400,1,2,1,1.0,6.0,13055,M,,,13
201000020955,10,4,15,1930,2,2,1,1.0,6.0,13055,M,,,13
201000020956,10,4,2,1000,1,2,1,1.0,6.0,13055,M,,,13
201000020957,10,4,21,1815,1,2,3,1.0,3.0,13055,M,,,13
201000020958,10,5,2,2030,2,2,1,1.0,6.0,13055,M,,,13
201000020959,10,4,24,1105,1,2,1,1.0,2.0,13055,M,,,13
201000020960,10,4,3,1605,1,2,1,1.0,6.0,13055,M,,,13
201000020961,10,4,17,1510,1,2,1,1.0,6.0,13055,M,,,13
201000020962,10,4,30,1726,1,2,1,1.0,6.0,13055,M,,,13
201000020963,10,4,29,2205,5,2,1,1.0,3.0,13055,M,,,13
201000020964,10,3,13,1930,5,2,1,1.0,6.0,13055,M,,,13
201000020965,10,2,6,910,1,2,1,1.0,6.0,13055,M,,,13
201000020966,10,4,20,1640,1,2,1,1.0,6.0,13055,M,,,13
201000020967,10,4,20,2000,1,2,1,1.0,6.0,13055,M,,,13
201000020968,10,4,15,1445,1,2,1,1.0,6.0,13055,M,,,13
201000020969,10,4,23,1830,1,2,2,1.0,3.0,13055,M,,,13
201000020970,10,5,5,815,1,2,2,1.0,6.0,13055,M,4328400.0,538484.0,13
201000020971,10,4,23,645,2,2,1,1.0,2.0,13055,M,,,13
201000020972,10,4,14,2100,5,2,1,1.0,2.0,13055,M,,,13
201000020973,10,3,14,1620,1,2,1,1.0,3.0,13055,M,,,13
201000020974,10,4,2,1845,1,2,1,1.0,3.0,13055,M,,,13
201000020975,10,4,28,915,1,2,1,1.0,4.0,13055,M,,,13
201000020976,10,5,2,1520,1,2,1,1.0,6.0,13055,M,,,13
201000020977,10,5,1,1750,1,2,1,1.0,6.0,13055,M,,,13
201000020978,10,3,23,1800,2,2,1,1.0,6.0,13055,M,,,13
201000020979,10,4,15,930,1,2,1,1.0,6.0,13055,M,,,13
201000020980,10,5,1,1555,1,2,1,1.0,6.0,13055,M,,,13
201000020981,10,5,2,930,1,2,1,1.0,6.0,13055,M,,,13
201000020982,10,4,28,2010,1,2,2,1.0,3.0,13055,M,,,13
201000020983,10,4,2,1715,1,2,1,1.0,3.0,13055,M,,,13
201000020984,10,4,25,1900,1,2,1,1.0,3.0,13055,M,,,13
201000020985,10,2,25,905,1,2,1,1.0,2.0,13055,M,,,13
201000020986,10,4,30,1525,1,2,2,1.0,3.0,13055,M,,,13
201000020987,10,4,16,1230,1,2,1,1.0,2.0,13055,M,,,13
201000020988,10,5,5,1820,1,2,1,2.0,3.0,13055,M,,,13
201000020989,10,5,6,1950,1,2,1,1.0,1.0,13055,M,4330210.0,545708.0,13
201000020990,10,4,5,1430,1,2,2,1.0,3.0,13055,M,,,13
201000020991,10,9,13,1230,1,2,1,1.0,3.0,13055,M,,,13
201000020992,10,3,9,1400,1,2,9,1.0,6.0,13055,M,,,13
201000020993,10,3,9,1200,1,2,1,1.0,3.0,13055,M,,,13
201000020994,10,3,14,2000,5,2,1,1.0,3.0,13055,M,,,13
201000020995,10,4,1,1345,1,2,1,1.0,6.0,13055,M,,,13
201000020996,10,3,15,850,1,2,1,1.0,5.0,13055,M,,,13
201000020997,10,4,2,1130,1,2,3,1.0,3.0,13055,M,4328860.0,538216.0,13
201000020998,10,4,24,445,1,2,1,1.0,6.0,13055,M,,,13
201000020999,10,4,20,1700,1,2,9,1.0,3.0,13055,M,,,13
201000021000,10,4,19,1050,1,2,1,1.0,3.0,13055,M,,,13
201000021001,10,4,3,10,5,2,1,1.0,6.0,13055,M,,,13
201000021002,10,11,20,945,1,2,1,2.0,2.0,13055,M,,,13
201000021003,10,4,27,1610,1,2,1,1.0,3.0,13055,M,,,13
201000021004,10,12,3,820,1,2,9,1.0,2.0,13055,M,,,13
201000021005,10,4,24,1225,1,2,1,1.0,7.0,13055,M,,,13
201000021006,10,4,28,1220,1,2,3,1.0,3.0,13055,M,,,13
201000021007,10,4,5,1000,1,2,1,1.0,3.0,13055,M,,,13
201000021008,10,5,3,1020,1,2,1,1.0,6.0,13055,M,,,13
201000021009,10,4,15,1750,1,2,1,1.0,6.0,13055,M,,,13
201000021010,10,4,27,800,1,2,1,1.0,6.0,13055,M,,,13
201000021011,10,4,20,550,2,2,1,1.0,6.0,13055,M,,,13
201000021012,10,5,6,1825,1,2,1,1.0,3.0,13055,M,,,13
201000021013,10,4,26,1805,1,2,1,1.0,6.0,13055,M,,,13
201000021014,10,1,26,755,2,2,1,1.0,2.0,13055,M,,,13
201000021015,10,3,23,1030,1,2,1,1.0,2.0,13055,M,,,13
201000021016,10,4,18,930,1,2,1,1.0,1.0,13055,M,,,13
201000021017,10,3,21,1145,1,2,1,1.0,2.0,13055,M,,,13
201000021018,10,4,4,303,5,2,1,1.0,2.0,13055,M,,,13
201000021019,10,5,3,2130,5,2,1,2.0,6.0,13055,M,,,13
201000021020,10,5,2,1630,1,2,1,1.0,1.0,13055,M,,,13
201000021021,10,3,4,605,5,2,1,1.0,2.0,13055,M,,,13
201000021022,10,4,24,1815,1,2,1,1.0,1.0,13055,M,,,13
201000021023,10,8,13,2100,5,2,1,1.0,1.0,13055,M,,,13
201000021024,10,4,28,1346,1,2,1,1.0,2.0,13055,M,,,13
201000021025,10,5,10,120,5,2,1,3.0,6.0,13075,M,4334630.0,546248.0,13
201000021026,10,5,9,1140,1,2,1,1.0,7.0,13055,M,,,13
201000021027,10,5,10,2350,5,2,1,3.0,1.0,13055,M,,,13
201000021028,10,5,10,2200,5,2,1,1.0,6.0,13055,M,,,13
201000021029,10,5,8,640,2,2,1,1.0,6.0,13002,M,,,13
201000021030,10,5,5,1300,1,2,1,2.0,6.0,13055,M,,,13
201000021031,10,5,6,1805,1,2,1,1.0,6.0,13055,M,,,13
201000021032,10,4,21,1030,1,2,1,1.0,3.0,13055,M,,,13
201000021033,10,12,15,710,2,2,9,2.0,7.0,13055,M,,,13
201000021034,10,4,28,1740,1,2,1,1.0,2.0,13055,M,,,13
201000021035,10,4,12,1330,1,2,1,3.0,6.0,13055,M,,,13
201000021036,10,5,8,1125,1,2,1,1.0,6.0,13055,M,,,13
201000021037,10,5,12,1900,1,2,3,1.0,3.0,13055,M,,,13
201000021038,10,5,14,1200,1,2,2,1.0,6.0,13055,M,4331400.0,540277.0,13
201000021039,10,5,15,230,5,2,1,1.0,5.0,13055,M,4328200.0,539913.0,13
201000021040,10,5,16,15,5,2,2,1.0,6.0,13055,M,,,13
201000021041,10,2,1,1700,2,2,1,1.0,6.0,13055,M,,,13
201000021042,10,4,26,1315,1,2,1,1.0,6.0,13055,M,,,13
201000021043,10,11,22,1940,5,2,1,1.0,3.0,13055,M,,,13
201000021044,10,4,27,1315,1,2,1,1.0,6.0,13055,M,,,13
201000021045,10,5,4,925,1,2,1,1.0,6.0,13055,M,,,13
201000021046,10,4,28,1900,1,2,2,1.0,3.0,13055,M,,,13
201000021047,10,5,8,220,5,2,1,3.0,2.0,13055,M,,,13
201000021048,10,5,9,1750,1,2,1,1.0,7.0,13055,M,,,13
201000021049,10,3,18,1600,1,2,4,1.0,7.0,13055,M,,,13
201000021050,10,5,16,1015,1,2,1,1.0,6.0,13055,M,,,13
201000021051,10,5,18,420,5,2,2,1.0,3.0,13055,M,,,13
201000021052,10,5,3,830,2,2,9,1.0,6.0,13055,M,,,13
201000021053,10,5,3,1120,1,2,1,2.0,6.0,13055,M,,,13
201000021054,10,1,19,1200,1,2,1,1.0,6.0,13055,M,,,13
201000021055,10,5,7,1815,1,2,1,1.0,2.0,13055,M,,,13
201000021056,10,5,12,1615,1,2,1,1.0,7.0,13055,M,,,13
201000021057,10,5,9,1900,1,2,1,1.0,4.0,13055,M,,,13
201000021058,10,5,13,1810,1,2,2,1.0,3.0,13055,M,,,13
201000021059,10,5,6,1215,1,2,1,1.0,2.0,13055,M,,,13
201000021060,10,4,25,1430,1,2,1,1.0,5.0,13055,M,,,13
201000021061,10,5,6,1205,1,2,1,1.0,6.0,13055,M,,,13
201000021062,10,4,16,1645,1,2,1,1.0,6.0,13055,M,,,13
201000021063,10,4,17,1925,2,2,1,1.0,6.0,13055,M,,,13
201000021064,10,4,17,1515,1,2,1,1.0,6.0,13055,M,,,13
201000021065,10,4,25,35,5,2,1,1.0,2.0,13055,M,,,13
201000021066,10,4,10,1030,1,2,1,1.0,2.0,13055,M,,,13
201000021067,10,5,18,1745,1,2,1,1.0,6.0,13055,M,,,13
201000021068,10,1,26,1830,5,2,2,1.0,3.0,13055,M,4331150.0,538599.0,13
201000021069,10,3,29,800,1,2,1,1.0,6.0,13055,M,,,13
201000021070,10,5,21,545,2,2,1,1.0,1.0,13055,M,,,13
201000021071,10,5,14,1200,1,2,1,1.0,3.0,13055,M,,,13
201000021072,10,5,21,55,5,2,1,1.0,6.0,13055,M,,,13
201000021073,10,5,19,1830,1,2,1,1.0,2.0,13055,M,,,13
201000021074,10,4,19,900,1,2,1,1.0,6.0,13055,M,,,13
201000021075,10,4,22,1400,1,2,1,1.0,3.0,13055,M,,,13
201000021076,10,4,23,1600,1,2,1,8.0,6.0,13055,M,,,13
201000021077,10,5,6,847,1,2,3,8.0,4.0,13055,M,,,13
201000021078,10,5,7,1700,1,2,3,1.0,2.0,13055,M,,,13
201000021079,10,5,11,1950,1,2,1,1.0,6.0,13055,M,,,13
201000021080,10,5,4,1255,1,2,1,8.0,2.0,13055,M,,,13
201000021081,10,5,21,1000,1,2,1,1.0,2.0,13055,M,,,13
201000021082,10,4,30,1030,1,2,2,1.0,3.0,13055,M,,,13
201000021083,10,4,23,2130,5,2,3,1.0,6.0,13055,M,,,13
201000021084,10,1,3,2120,4,2,2,2.0,3.0,13055,M,4330870.0,540044.0,13
201000021085,10,3,31,820,1,2,1,1.0,2.0,13055,M,,,13
201000021086,10,1,4,1500,1,2,1,2.0,3.0,13205,M,,,13
201000021087,10,1,4,1515,1,2,1,1.0,6.0,13201,M,,,13
201000021088,10,4,28,1345,1,2,9,1.0,6.0,13055,M,,,13
201000021089,10,1,5,905,1,2,1,1.0,3.0,13206,M,,,13
201000021090,10,5,4,1410,1,2,1,3.0,2.0,13055,M,,,13
201000021091,10,1,5,1700,2,2,1,1.0,3.0,13206,M,,,13
201000021092,10,4,16,900,1,2,1,1.0,3.0,13055,M,,,13
201000021093,10,1,7,1440,1,2,3,8.0,1.0,13055,M,4329910.0,538221.0,13
201000021094,10,3,30,2145,5,2,1,1.0,3.0,13055,M,,,13
201000021095,10,1,9,1830,3,2,1,2.0,6.0,13201,M,,,13
201000021096,10,4,21,1415,1,2,1,1.0,6.0,13055,M,,,13
201000021097,10,1,9,1835,5,2,1,1.0,2.0,13205,M,,,13
201000021098,10,5,5,1630,1,2,1,2.0,3.0,13055,M,,,13
201000021099,10,5,4,1730,1,2,1,6.0,6.0,13055,M,,,13
201000021100,10,5,18,1820,1,2,1,1.0,2.0,13055,M,,,13
201000021101,10,1,10,1330,1,2,2,1.0,3.0,13207,M,,,13
201000021102,10,5,15,1700,1,2,1,1.0,2.0,13055,M,,,13
201000021103,10,1,10,2345,5,2,2,1.0,3.0,13205,M,,,13
201000021104,10,5,15,2010,1,2,1,1.0,3.0,13055,M,,,13
201000021105,10,1,12,2025,5,2,1,1.0,1.0,13204,M,,,13
201000021106,10,5,15,1810,1,2,6,1.0,2.0,13055,M,,,13
201000021107,10,1,15,905,1,2,1,1.0,6.0,13206,M,,,13
201000021108,10,3,8,920,1,2,1,1.0,7.0,13055,M,,,13
201000021109,10,1,15,1130,1,2,1,1.0,3.0,13207,M,,,13
201000021110,10,5,13,1850,1,2,1,1.0,6.0,13055,M,,,13
201000021111,10,1,17,2240,5,2,1,1.0,3.0,13207,M,,,13
201000021112,10,5,11,1515,1,2,9,1.0,1.0,13055,M,,,13
201000021113,10,1,18,730,1,2,1,1.0,2.0,13055,M,,,13
201000021114,10,5,1,1415,1,2,3,2.0,3.0,13055,M,,,13
201000021115,10,3,31,1740,1,2,3,1.0,3.0,13055,M,,,13
201000021116,10,1,19,1815,5,2,3,1.0,3.0,13201,M,,,13
201000021117,10,5,24,1355,1,2,1,1.0,3.0,13055,M,,,13
201000021118,10,1,20,1210,1,2,1,2.0,3.0,13205,M,,,13
201000021119,10,5,12,840,1,2,1,1.0,7.0,13055,M,,,13
201000021120,10,1,20,1345,1,2,1,2.0,5.0,13055,M,,,13
201000021121,10,4,30,1100,1,2,1,1.0,3.0,13055,M,,,13
201000021122,10,1,21,1550,1,2,1,1.0,3.0,13201,M,,,13
201000021123,10,3,29,915,1,2,1,1.0,3.0,13055,M,,,13
201000021124,10,1,22,950,1,2,1,1.0,2.0,13055,M,,,13
201000021125,10,5,7,1224,1,2,1,1.0,2.0,13055,M,,,13
201000021126,10,5,6,915,1,2,1,1.0,7.0,13055,M,,,13
201000021127,10,1,22,1800,5,2,1,1.0,2.0,13204,M,,,13
201000021128,10,5,24,1130,1,2,7,1.0,2.0,13055,M,,,13
201000021129,10,5,7,1300,1,2,1,1.0,3.0,13055,M,,,13
201000021130,10,1,25,1830,5,2,1,1.0,2.0,13207,M,,,13
201000021131,10,5,6,1720,1,2,1,1.0,4.0,13055,M,,,13
201000021132,10,1,26,530,5,2,2,1.0,3.0,13201,M,,,13
201000021133,10,4,27,1700,1,2,3,1.0,3.0,13055,M,4326390.0,540427.0,13
201000021134,10,5,23,330,5,2,1,1.0,6.0,13055,M,,,13
201000021135,10,1,27,2320,5,2,2,1.0,7.0,13055,M,,,13
201000021136,10,5,23,720,2,2,1,1.0,6.0,13055,M,,,13
201000021137,10,5,23,205,5,2,1,1.0,1.0,13055,M,,,13
201000021138,10,5,13,2030,1,2,1,1.0,6.0,13055,M,,,13
201000021139,10,5,25,1845,1,2,1,1.0,1.0,13055,M,,,13
201000021140,10,4,26,1340,1,2,1,1.0,6.0,13055,M,,,13
201000021141,10,4,28,1030,1,2,1,1.0,6.0,13055,M,,,13
201000021142,10,4,21,1230,1,2,2,1.0,6.0,13055,M,,,13
201000021143,10,4,23,1045,1,2,2,1.0,6.0,13055,M,,,13
201000021144,10,4,8,1440,1,2,3,1.0,6.0,13055,M,,,13
201000021145,10,3,4,1400,1,2,1,1.0,6.0,13055,M,,,13
201000021146,10,5,5,1900,1,2,1,3.0,6.0,13055,M,,,13
201000021147,10,4,28,1710,1,2,1,1.0,3.0,13055,M,,,13
201000021148,10,4,8,1930,1,2,1,1.0,2.0,13055,M,,,13
201000021149,10,4,27,710,1,2,3,1.0,3.0,13055,M,,,13
201000021150,10,5,8,2130,5,2,1,1.0,5.0,13055,M,,,13
201000021151,10,5,19,1715,1,2,7,1.0,3.0,13055,M,,,13
201000021152,10,4,29,1600,1,2,2,1.0,3.0,13055,M,,,13
201000021153,10,5,5,1450,1,2,1,3.0,6.0,13055,M,,,13
201000021154,10,5,25,1645,1,2,1,1.0,2.0,13055,M,,,13
201000021155,10,4,22,1830,1,2,1,1.0,3.0,13055,M,,,13
201000021156,10,5,11,1815,1,2,1,1.0,6.0,13055,M,,,13
201000021157,10,5,19,2120,5,2,2,1.0,3.0,13055,M,4328320.0,541291.0,13
201000021158,10,2,3,530,2,2,3,1.0,3.0,13055,M,,,13
201000021159,10,5,25,2130,3,2,1,1.0,3.0,13055,M,,,13
201000021160,10,5,26,1835,1,2,1,1.0,6.0,13055,M,,,13
201000021161,10,5,20,1845,1,2,1,1.0,3.0,13055,M,,,13
201000021162,10,5,24,1630,1,2,1,1.0,1.0,13055,M,,,13
201000021163,10,4,16,1235,1,2,1,1.0,4.0,13055,M,,,13
201000021164,10,5,21,1320,1,2,2,1.0,3.0,13055,M,,,13
201000021165,10,5,24,1430,1,2,6,1.0,6.0,13055,M,,,13
201000021166,10,5,18,1350,1,2,1,1.0,3.0,13055,M,,,13
201000021167,10,5,20,1210,1,2,1,1.0,1.0,13002,M,,,13
201000021168,10,4,24,1800,1,2,1,1.0,6.0,13055,M,,,13
201000021169,10,4,26,955,1,2,1,1.0,1.0,13055,M,,,13
201000021170,10,4,30,1730,1,2,2,1.0,3.0,13055,M,,,13
201000021171,10,5,19,1445,1,2,1,1.0,3.0,13055,M,,,13
201000021172,10,5,21,615,2,2,1,1.0,3.0,13055,M,,,13
201000021173,10,5,20,1635,1,2,1,1.0,6.0,13055,M,,,13
201000021174,10,4,19,1715,1,2,1,1.0,6.0,13055,M,,,13
201000021175,10,4,2,750,1,2,1,1.0,7.0,13055,M,,,13
201000021176,10,5,20,1430,1,2,1,1.0,4.0,13055,M,,,13
201000021177,10,5,21,1830,1,2,1,1.0,6.0,13055,M,,,13
201000021178,10,5,29,2310,4,2,1,1.0,6.0,13055,M,,,13
201000021179,10,5,30,400,5,2,1,1.0,6.0,13055,M,,,13
201000021180,10,5,16,1400,1,2,1,1.0,1.0,13055,M,,,13
201000021181,10,5,19,2110,5,2,1,1.0,6.0,13055,M,,,13
201000021182,10,5,20,930,1,2,1,1.0,6.0,13055,M,,,13
201000021183,10,5,18,1800,1,2,1,1.0,4.0,13055,M,,,13
201000021184,10,5,18,1605,1,2,1,1.0,2.0,13055,M,,,13
201000021185,10,4,21,1600,1,2,3,1.0,3.0,13055,M,,,13
201000021186,10,5,18,1150,1,2,1,1.0,6.0,13055,M,,,13
201000021187,10,5,24,1700,1,2,1,1.0,2.0,13055,M,,,13
201000021188,10,5,17,1335,1,2,1,1.0,3.0,13055,M,,,13
201000021189,10,6,1,730,1,2,1,1.0,5.0,13055,M,,,13
201000021190,10,5,26,820,1,2,1,1.0,6.0,13055,M,,,13
201000021191,10,5,12,1110,1,2,1,2.0,3.0,13055,M,,,13
201000021192,10,5,5,2050,4,2,2,3.0,3.0,13055,M,4329970.0,539860.0,13
201000021193,10,4,30,1100,1,2,2,1.0,6.0,13055,M,,,13
201000021194,10,5,25,1815,1,2,1,1.0,6.0,13002,M,,,13
201000021195,10,5,18,1910,2,2,1,1.0,6.0,13055,M,,,13
201000021196,10,5,13,430,5,2,1,1.0,6.0,13055,M,,,13
201000021197,10,5,21,1325,1,2,2,1.0,3.0,13055,M,4327120.0,540923.0,13
201000021198,10,5,27,1545,1,2,1,1.0,1.0,13055,M,,,13
201000021199,10,5,27,1930,1,2,1,1.0,3.0,13055,M,,,13
201000021200,10,5,28,1430,1,2,3,1.0,6.0,13055,M,,,13
201000021201,10,5,26,830,1,2,1,1.0,3.0,13055,M,,,13
201000021202,10,5,19,1525,1,2,1,1.0,2.0,13055,M,,,13
201000021203,10,5,5,2245,5,2,1,3.0,6.0,13055,M,,,13
201000021204,10,5,15,705,1,2,1,1.0,6.0,13055,M,,,13
201000021205,10,5,12,1800,1,2,1,1.0,2.0,13055,M,,,13
201000021206,10,5,30,235,5,2,1,1.0,2.0,13055,M,,,13
201000021207,10,5,29,45,4,2,1,1.0,6.0,13055,M,,,13
201000021208,10,5,25,1000,1,2,1,1.0,1.0,13055,M,,,13
201000021209,10,5,26,1310,1,2,3,1.0,5.0,13055,M,4327220.0,539949.0,13