Num_Acc,an,mois,jour,hrmn,lum,agg,int,atm,col,com,gps,lat,long,dep
201000021210,10,5,4,2010,2,2,3,1.0,7.0,13055,M,,,13
201000021211,10,5,22,1400,1,2,1,1.0,3.0,13055,M,,,13
201000021212,10,5,30,1615,1,2,1,1.0,7.0,13055,M,,,13
201000021213,10,5,27,2100,2,2,2,1.0,3.0,13055,M,4328400.0,548759.0,13
201000021214,10,5,17,1630,1,2,1,1.0,6.0,13055,M,,,13
201000021215,10,5,3,1130,1,2,1,1.0,2.0,13055,M,,,13
201000021216,10,5,17,1430,1,2,1,1.0,2.0,13055,M,,,13
201000021217,10,5,13,600,2,2,1,1.0,2.0,13055,M,,,13
201000021218,10,6,3,1130,1,2,1,1.0,2.0,13055,M,,,13
201000021219,10,5,5,950,1,2,1,1.0,2.0,13055,M,,,13
201000021220,10,5,31,1400,1,2,1,1.0,6.0,13055,M,,,13
201000021221,10,5,27,850,1,2,2,1.0,7.0,13055,M,,,13
201000021222,10,5,31,2230,5,2,1,1.0,6.0,13055,M,,,13
201000021223,10,5,31,1215,1,2,1,6.0,6.0,13055,M,,,13
201000021224,10,5,2,1750,1,2,1,1.0,1.0,13055,M,,,13
201000021225,10,5,30,1140,1,2,1,1.0,3.0,13055,M,,,13
201000021226,10,6,3,1945,1,2,3,1.0,3.0,13055,M,,,13
201000021227,10,5,31,1700,1,2,1,1.0,7.0,13055,M,,,13
201000021228,10,5,25,1300,1,2,2,1.0,2.0,13055,M,,,13
201000021229,10,5,31,1320,1,2,1,1.0,7.0,13055,M,,,13
201000021230,10,4,7,1400,1,1,1,1.0,3.0,13055,M,,,13
201000021231,10,5,30,550,1,2,1,1.0,3.0,13055,M,,,13
201000021232,10,5,27,1845,1,2,1,1.0,2.0,13055,M,,,13
201000021233,10,6,4,1400,1,2,2,1.0,3.0,13055,M,,,13
201000021234,10,5,28,2020,1,2,4,1.0,2.0,13055,M,,,13
201000021235,10,4,6,30,5,2,1,2.0,6.0,13055,M,,,13
201000021236,10,6,5,2240,5,2,2,1.0,6.0,13055,M,,,13
201000021237,10,6,2,1710,1,2,5,1.0,3.0,13055,M,4333070.0,540454.0,13
201000021238,10,5,29,1550,1,2,6,1.0,3.0,13055,M,,,13
201000021239,10,5,28,1800,1,2,1,1.0,6.0,13055,M,,,13
201000021240,10,5,21,2230,5,2,1,1.0,6.0,13055,M,,,13
201000021241,10,6,9,805,1,2,1,1.0,3.0,13055,M,,,13
201000021242,10,5,31,1750,1,2,1,1.0,3.0,13055,M,,,13
201000021243,10,5,19,1915,1,2,1,1.0,6.0,13055,M,,,13
201000021244,10,6,5,1300,1,2,1,1.0,3.0,13055,M,,,13
201000021245,10,6,5,1625,1,2,3,1.0,6.0,13055,M,4331280.0,537597.0,13
201000021246,10,6,1,1100,1,2,1,1.0,6.0,13055,M,,,13
201000021247,10,5,1,1150,1,2,1,1.0,4.0,13055,M,,,13
201000021248,10,5,25,2210,5,2,3,1.0,3.0,13055,M,4328980.0,539813.0,13
201000021249,10,5,5,1820,2,2,1,2.0,6.0,13055,M,,,13
201000021250,10,5,7,1045,1,2,1,1.0,6.0,13055,M,,,13
201000021251,10,6,10,1220,1,2,6,1.0,6.0,13055,M,,,13
201000021252,10,6,5,820,1,2,1,1.0,3.0,13055,M,,,13
201000021253,10,5,12,930,1,2,1,1.0,3.0,13055,M,,,13
201000021254,10,5,11,1020,1,2,1,1.0,3.0,13055,M,,,13
201000021255,10,3,26,730,1,2,1,2.0,6.0,13055,M,,,13
201000021256,10,6,2,1430,1,2,1,1.0,2.0,13055,M,,,13
201000021257,10,6,9,1200,1,2,1,1.0,6.0,13055,M,,,13
201000021258,10,6,11,900,1,2,2,1.0,6.0,13055,M,,,13
201000021259,10,5,25,1240,1,2,1,1.0,6.0,13055,M,,,13
201000021260,10,6,11,1230,1,2,1,1.0,6.0,13055,M,,,13
201000021261,10,6,11,1906,1,2,3,1.0,2.0,13055,M,4328160.0,538161.0,13
201000021262,10,6,12,900,1,2,1,1.0,6.0,13055,M,,,13
201000021263,10,6,13,650,2,2,3,1.0,3.0,13055,M,4329580.0,540035.0,13
201000021264,10,6,13,1100,1,2,1,1.0,6.0,13055,M,,,13
201000021265,10,5,28,2300,5,2,1,1.0,6.0,13055,M,,,13
201000021266,10,6,16,1955,1,2,1,1.0,3.0,13055,M,,,13
201000021267,10,6,16,2030,1,2,1,1.0,6.0,13055,M,,,13
201000021268,10,6,17,1630,1,2,1,1.0,7.0,13055,M,,,13
201000021269,10,5,28,1715,1,2,1,1.0,3.0,13055,M,,,13
201000021270,10,5,18,1700,1,2,1,1.0,6.0,13055,M,,,13
201000021271,10,5,10,1730,1,2,1,1.0,5.0,13055,M,,,13
201000021272,10,4,30,930,1,2,1,1.0,1.0,13055,M,,,13
201000021273,10,6,8,1610,1,2,1,1.0,6.0,13055,M,,,13
201000021274,10,5,29,1745,1,2,1,1.0,6.0,13055,M,,,13
201000021275,10,5,4,1345,1,2,1,1.0,6.0,13055,M,,,13
201000021276,10,5,13,1150,1,2,1,1.0,6.0,13055,M,,,13
201000021277,10,5,18,1120,1,2,1,1.0,2.0,13055,M,,,13
201000021278,10,5,5,2030,5,2,1,2.0,7.0,13055,M,,,13
201000021279,10,5,26,1820,1,2,1,1.0,5.0,13055,M,,,13
201000021280,10,5,22,1504,1,2,1,1.0,3.0,13055,M,,,13
201000021281,10,5,16,120,5,2,2,1.0,6.0,13055,M,,,13
201000021282,10,5,27,2315,5,2,1,1.0,6.0,13055,M,,,13
201000021283,10,6,8,635,1,2,1,1.0,6.0,13055,M,,,13
201000021284,10,6,7,1340,1,2,1,1.0,6.0,13055,M,,,13
201000021285,10,6,7,1620,1,2,1,1.0,3.0,13055,M,,,13
201000021286,10,4,18,1915,1,2,1,1.0,6.0,13055,M,,,13
201000021287,10,7,4,540,5,2,1,1.0,5.0,13055,M,,,13
201000021288,10,6,2,1310,1,2,2,1.0,3.0,13055,M,,,13
201000021289,10,5,10,1215,1,2,1,1.0,3.0,13055,M,,,13
201000021290,10,3,15,745,1,2,1,1.0,3.0,13055,M,,,13
201000021291,10,2,19,1610,1,2,1,1.0,6.0,13055,M,,,13
201000021292,10,4,15,1720,1,2,1,1.0,6.0,13055,M,,,13
201000021293,10,5,22,1700,1,2,1,1.0,3.0,13055,M,,,13
201000021294,10,5,23,2009,1,2,1,1.0,3.0,13055,M,,,13
201000021295,10,5,6,1110,1,2,2,1.0,3.0,13055,M,,,13
201000021296,10,5,15,2330,5,2,2,6.0,3.0,13055,M,,,13
201000021297,10,7,12,1420,1,2,1,1.0,2.0,13055,M,,,13
201000021298,10,6,15,345,5,2,1,2.0,3.0,13055,M,,,13
201000021299,10,3,29,2105,1,2,3,1.0,3.0,13055,M,,,13
201000021300,10,4,28,1700,1,2,1,1.0,2.0,13055,M,,,13
201000021301,10,5,28,1500,1,2,1,1.0,6.0,13055,M,,,13
201000021302,10,5,7,1120,1,2,9,1.0,1.0,13055,M,,,13
201000021303,10,5,29,1830,1,2,1,1.0,5.0,13055,M,,,13
201000021304,10,5,17,1320,1,2,1,1.0,1.0,13055,M,,,13
201000021305,10,6,11,1615,1,2,1,1.0,3.0,13055,M,,,13
201000021306,10,6,2,1020,1,2,1,1.0,6.0,13055,M,,,13
201000021307,10,6,2,850,1,2,6,1.0,3.0,13055,M,4328290.0,539247.0,13
201000021308,10,5,28,950,1,2,1,1.0,3.0,13055,M,,,13
201000021309,10,6,3,1700,1,2,1,1.0,3.0,13055,M,,,13
201000021310,10,6,8,930,1,2,1,1.0,3.0,13055,M,,,13
201000021311,10,6,12,1800,1,2,1,1.0,2.0,13055,M,,,13
201000021312,10,6,13,600,1,2,2,1.0,3.0,13055,M,,,13
201000021313,10,6,13,2130,5,2,1,1.0,7.0,13055,M,,,13
201000021314,10,5,7,1815,1,2,1,1.0,6.0,13055,M,,,13
201000021315,10,6,12,2210,5,2,1,1.0,3.0,13055,M,,,13
201000021316,10,5,5,2240,5,2,3,2.0,2.0,13055,M,,,13
201000021317,10,5,13,1430,1,2,1,1.0,2.0,13055,M,,,13
201000021318,10,6,7,1800,1,2,1,1.0,1.0,13055,M,,,13
201000021319,10,6,18,1720,1,1,1,1.0,6.0,13055,M,,,13
201000021320,10,6,14,1800,1,2,7,1.0,3.0,13055,M,4335250.0,543967.0,13
201000021321,10,6,9,2225,5,2,2,1.0,3.0,13055,M,,,13
201000021322,10,6,3,1135,1,2,1,1.0,2.0,13055,M,,,13
201000021323,10,6,8,1735,1,2,1,1.0,2.0,13055,M,,,13
201000021324,10,4,17,1835,1,2,1,1.0,6.0,13055,M,,,13
201000021325,10,5,21,2000,1,2,1,1.0,3.0,13055,M,,,13
201000021326,10,5,3,1055,1,2,1,1.0,2.0,13055,M,,,13
201000021327,10,5,30,705,1,2,3,1.0,3.0,13055,M,,,13
201000021328,10,2,2,1045,1,2,3,1.0,6.0,13055,M,,,13
201000021329,10,6,21,300,5,2,1,1.0,6.0,13055,M,,,13
201000021330,10,6,9,1800,1,2,1,1.0,6.0,13055,M,,,13
201000021331,10,6,14,1350,1,2,1,1.0,2.0,13055,M,,,13
201000021332,10,6,14,1500,1,2,1,1.0,1.0,13055,M,,,13
201000021333,10,5,18,2000,2,2,9,1.0,6.0,13055,M,,,13
201000021334,10,6,15,2245,5,2,3,3.0,2.0,13055,M,,,13
201000021335,10,3,25,1830,1,2,3,1.0,3.0,13055,M,,,13
201000021336,10,5,8,1920,1,2,1,1.0,7.0,13055,M,,,13
201000021337,10,5,17,1700,1,2,1,1.0,1.0,13055,M,,,13
201000021338,10,2,22,745,2,2,1,1.0,3.0,13055,M,,,13
201000021339,10,6,4,1015,1,2,1,1.0,2.0,13055,M,,,13
201000021340,10,4,19,1105,1,2,1,1.0,3.0,13055,M,,,13
201000021341,10,5,13,5,5,2,1,1.0,7.0,13055,M,,,13
201000021342,10,5,11,1520,1,2,1,1.0,2.0,13055,M,,,13
201000021343,10,1,7,1150,1,2,1,1.0,7.0,13055,M,,,13
201000021344,10,6,15,1645,1,2,1,1.0,6.0,13055,M,,,13
201000021345,10,6,21,1930,1,2,1,1.0,6.0,13055,M,,,13
201000021346,10,6,16,750,1,2,1,1.0,3.0,13055,M,,,13
201000021347,10,6,19,2230,5,2,1,1.0,7.0,13055,M,,,13
201000021348,10,6,15,1640,1,2,1,3.0,2.0,13055,M,,,13
201000021349,10,6,17,1500,1,2,1,1.0,6.0,13055,M,,,13
201000021350,10,6,10,2230,5,2,3,1.0,6.0,13055,M,,,13
201000021351,10,6,9,710,1,2,3,1.0,3.0,13055,M,,,13
201000021352,10,6,11,745,1,2,3,1.0,2.0,13055,M,,,13
201000021353,10,6,4,1710,1,2,1,1.0,6.0,13055,M,,,13
201000021354,10,6,19,1210,1,2,2,1.0,3.0,13055,M,,,13
201000021355,10,5,29,1710,1,2,1,1.0,3.0,13055,M,,,13
201000021356,10,5,12,1430,1,2,1,1.0,2.0,13055,M,,,13
201000021357,10,6,17,930,1,2,1,1.0,6.0,13055,M,,,13
201000021358,10,3,31,1145,1,2,1,1.0,2.0,13055,M,,,13
201000021359,10,4,9,1600,1,2,3,1.0,3.0,13055,M,,,13
201000021360,10,5,14,1200,1,2,1,1.0,3.0,13055,M,,,13
201000021361,10,6,16,1930,1,2,1,1.0,3.0,13055,M,,,13
201000021362,10,6,2,1100,1,2,1,1.0,3.0,13055,M,,,13
201000021363,10,5,11,1500,1,2,1,1.0,6.0,13055,M,,,13
201000021364,10,6,14,1500,1,2,1,1.0,6.0,13055,M,,,13
201000021365,10,6,22,1315,1,2,3,1.0,6.0,13055,M,,,13
201000021366,10,6,24,220,5,2,1,1.0,6.0,13055,M,,,13
201000021367,10,6,15,1630,1,2,3,1.0,3.0,13055,M,4331110.0,536968.0,13
201000021368,10,5,14,1250,1,2,1,1.0,3.0,13055,M,,,13
201000021369,10,6,20,1830,1,2,1,1.0,1.0,13055,M,,,13
201000021370,10,6,16,1215,1,2,1,1.0,3.0,13055,M,,,13
201000021371,10,5,25,700,1,2,3,1.0,3.0,13075,M,4333780.0,545234.0,13
201000021372,10,5,28,1800,1,2,1,1.0,5.0,13002,M,,,13
201000021373,10,6,18,840,1,2,1,1.0,3.0,13055,M,,,13
201000021374,10,6,27,400,5,2,2,1.0,3.0,13055,M,4329000.0,537250.0,13
201000021375,10,6,27,130,5,2,1,1.0,7.0,13055,M,,,13
201000021376,10,6,17,1745,1,2,3,1.0,6.0,13002,M,4333770.0,546548.0,13
201000021377,10,6,8,1145,1,2,2,1.0,3.0,13055,M,,,13
201000021378,10,6,21,1945,1,2,1,1.0,3.0,13055,M,,,13
201000021379,10,6,23,1650,1,2,2,1.0,3.0,13055,M,,,13
201000021380,10,6,18,1700,1,1,1,1.0,1.0,13002,M,4336530.0,550102.0,13
201000021381,10,5,1,1155,1,2,6,1.0,2.0,13002,M,4332700.0,548239.0,13
201000021382,10,4,28,1735,1,2,2,1.0,6.0,13055,M,4329520.0,537418.0,13
201000021383,10,6,24,1500,1,1,1,1.0,7.0,13002,M,4336940.0,550478.0,13
201000021384,10,6,22,1600,1,2,1,1.0,1.0,13055,M,,,13
201000021385,10,6,18,1815,1,2,2,1.0,2.0,13055,M,,,13
201000021386,10,6,16,2005,1,2,1,1.0,6.0,13055,M,,,13
201000021387,10,6,25,1830,1,2,1,1.0,2.0,13055,M,,,13
201000021388,10,6,15,1440,1,2,3,2.0,3.0,13055,M,4333380.0,542898.0,13
201000021389,10,6,16,1915,2,2,1,1.0,2.0,13055,M,,,13
201000021390,10,6,1,1830,1,2,1,1.0,6.0,13055,M,,,13
201000021391,10,6,3,1600,1,2,2,1.0,3.0,13055,M,4326720.0,538951.0,13
201000021392,10,6,18,2255,3,2,1,1.0,2.0,13055,M,,,13
201000021393,10,6,21,1340,1,2,1,1.0,6.0,13055,M,,,13
201000021394,10,6,16,1600,1,2,1,1.0,3.0,13055,M,,,13
201000021395,10,6,4,1800,1,2,1,1.0,6.0,13055,M,,,13
201000021396,10,6,23,1730,1,2,1,1.0,6.0,13055,M,,,13
201000021397,10,6,8,1730,1,2,1,1.0,3.0,13055,M,,,13
201000021398,10,4,29,945,1,2,1,1.0,2.0,13055,M,,,13
201000021399,10,6,5,2115,2,2,3,1.0,6.0,13055,M,4329570.0,537614.0,13
201000021400,10,4,18,1700,1,2,1,1.0,6.0,13055,M,,,13
201000021401,10,6,30,600,2,2,1,1.0,7.0,13055,M,,,13
201000021402,10,5,24,845,1,2,1,1.0,2.0,13055,M,,,13
201000021403,10,6,8,1500,1,2,1,1.0,6.0,13055,M,,,13
201000021404,10,5,25,1015,1,2,1,1.0,6.0,13055,M,,,13
201000021405,10,5,27,1250,1,2,1,1.0,6.0,13055,M,,,13
201000021406,10,5,22,1640,1,2,1,1.0,1.0,13055,M,,,13
201000021407,10,6,12,1245,1,2,1,1.0,2.0,13055,M,,,13
201000021408,10,6,23,1440,1,2,1,1.0,2.0,13055,M,,,13
201000021409,10,5,20,855,1,2,1,1.0,6.0,13055,M,,,13
201000021410,10,5,30,945,1,2,3,1.0,6.0,13055,M,,,13
201000021411,10,5,20,930,1,2,3,1.0,6.0,13055,M,,,13
201000021412,10,4,19,1020,1,2,1,1.0,3.0,13055,M,,,13
201000021413,10,5,30,1610,1,2,1,1.0,6.0,13055,M,,,13
201000021414,10,6,12,1120,1,2,1,1.0,6.0,13055,M,,,13
201000021415,10,6,21,920,1,2,1,1.0,6.0,13055,M,,,13
201000021416,10,5,22,1545,1,2,1,1.0,6.0,13055,M,,,13
201000021417,10,6,27,555,2,2,1,1.0,6.0,13055,M,,,13
201000021418,10,6,24,1340,1,2,1,1.0,2.0,13055,M,,,13
201000021419,10,6,18,805,1,2,3,1.0,3.0,13055,M,4328680.0,541247.0,13
201000021420,10,6,21,1,5,2,1,6.0,7.0,13055,M,,,13
201000021421,10,6,24,1500,1,2,1,1.0,6.0,13055,M,,,13
201000021422,10,6,25,1750,1,2,3,1.0,3.0,13002,M,,,13
201000021423,10,6,23,2030,1,2,1,1.0,6.0,13055,M,,,13
201000021424,10,6,15,845,1,1,1,3.0,2.0,13055,M,,,13
201000021425,10,6,25,940,1,1,1,1.0,6.0,13055,M,,,13
201000021426,10,6,12,1615,1,2,9,1.0,3.0,13055,M,,,13
201000021427,10,6,30,1545,1,2,1,1.0,2.0,13055,M,,,13
201000021428,10,6,29,1500,1,2,2,1.0,6.0,13055,M,,,13
201000021429,10,6,29,2005,1,2,1,1.0,3.0,13055,M,,,13
201000021430,10,7,4,1120,1,2,1,1.0,2.0,13055,M,,,13
201000021431,10,7,3,10,5,2,1,1.0,7.0,13055,M,4330020.0,551424.0,13
201000021432,10,7,3,525,5,2,2,1.0,3.0,13055,M,4330810.0,540309.0,13
201000021433,10,6,23,1045,1,2,1,1.0,6.0,13055,M,,,13
201000021434,10,5,21,1620,1,2,1,1.0,1.0,13055,M,,,13
201000021435,10,4,1,1710,1,2,2,1.0,3.0,13055,M,4324130.0,537357.0,13
201000021436,10,5,8,1330,1,2,1,2.0,6.0,13055,M,,,13
201000021437,10,6,27,130,5,2,6,1.0,2.0,13055,M,,,13
201000021438,10,1,7,1500,1,2,1,2.0,6.0,13055,M,,,13
201000021439,10,5,3,730,2,2,3,1.0,3.0,13055,M,,,13
201000021440,10,11,19,1740,5,2,1,1.0,6.0,13055,M,,,13
201000021441,10,6,25,1220,1,2,1,1.0,6.0,13055,M,,,13
201000021442,10,11,20,650,2,2,3,1.0,6.0,13055,M,,,13
201000021443,10,7,2,700,1,2,1,1.0,2.0,13055,M,,,13
201000021444,10,6,25,745,1,2,1,1.0,3.0,13055,M,,,13
201000021445,10,11,22,1345,1,2,1,1.0,1.0,13055,M,,,13
201000021446,10,6,8,2355,5,2,1,1.0,7.0,13055,M,,,13
201000021447,10,6,21,850,1,2,1,1.0,6.0,13055,M,,,13
201000021448,10,6,20,1425,1,2,1,1.0,3.0,13055,M,,,13
201000021449,10,6,5,1830,1,2,1,1.0,3.0,13055,M,,,13
201000021450,10,5,24,1145,1,2,4,1.0,6.0,13055,M,4329690.0,548408.0,13
201000021451,10,6,24,1300,1,2,1,1.0,3.0,13055,M,,,13
201000021452,10,5,7,1830,1,2,1,1.0,3.0,13055,M,,,13
201000021453,10,6,5,100,5,2,1,1.0,6.0,13055,M,,,13
201000021454,10,5,8,710,2,2,5,1.0,3.0,13055,M,,,13
201000021455,10,4,30,1915,1,2,1,1.0,6.0,13055,M,,,13
201000021456,10,6,12,2040,2,2,1,1.0,6.0,13055,M,,,13
201000021457,10,6,3,1215,1,2,3,1.0,6.0,13055,M,,,13
201000021458,10,7,6,219,5,2,1,1.0,6.0,13055,M,4335290.0,535776.0,13
201000021459,10,5,3,1205,1,2,6,1.0,3.0,13055,M,,,13
201000021460,10,6,17,2000,1,2,3,1.0,3.0,13055,M,,,13
201000021461,10,4,26,530,2,2,3,1.0,6.0,13055,M,,,13
201000021462,10,6,29,1315,1,2,1,1.0,2.0,13055,M,,,13
201000021463,10,5,15,2345,4,2,1,6.0,6.0,13055,M,,,13
201000021464,10,6,27,845,1,2,1,1.0,2.0,13055,M,,,13
201000021465,10,6,7,850,1,2,1,1.0,3.0,13055,M,,,13
201000021466,10,6,25,1330,1,2,1,1.0,1.0,13055,M,,,13
201000021467,10,6,23,1135,1,1,1,1.0,3.0,13055,M,,,13
201000021468,10,6,22,1650,1,2,2,3.0,3.0,13055,M,,,13
201000021469,10,6,11,900,1,2,1,1.0,3.0,13055,M,,,13
201000021470,10,6,18,835,1,2,1,1.0,6.0,13055,M,,,13
201000021471,10,7,1,1420,1,2,1,1.0,3.0,13055,M,,,13
201000021472,10,6,25,2030,1,2,1,1.0,4.0,13055,M,,,13
201000021473,10,7,2,1625,1,2,3,1.0,3.0,13055,M,4329310.0,545472.0,13
201000021474,10,6,22,30,5,2,1,1.0,6.0,13055,M,,,13
201000021475,10,6,2,1830,1,2,1,1.0,6.0,13055,M,,,13
201000021476,10,6,30,1905,1,2,1,1.0,6.0,13055,M,,,13
201000021477,10,7,1,1830,1,2,1,1.0,3.0,13055,M,,,13
201000021478,10,6,10,2110,5,2,1,1.0,7.0,13055,M,,,13
201000021479,10,6,21,1800,1,2,1,1.0,6.0,13055,M,,,13
201000021480,10,5,31,1500,1,2,1,1.0,2.0,13055,M,,,13
201000021481,10,7,2,1055,1,2,1,1.0,3.0,13055,M,,,13
201000021482,10,7,6,2220,5,2,1,1.0,3.0,13055,M,,,13
201000021483,10,5,21,840,1,2,1,1.0,3.0,13055,M,,,13
201000021484,10,6,27,2350,5,2,1,1.0,1.0,13055,M,,,13
201000021485,10,7,7,2022,1,2,1,1.0,2.0,13055,M,4334910.0,534623.0,13
201000021486,10,6,17,1615,1,2,3,1.0,3.0,13055,M,,,13
201000021487,10,6,18,1730,1,2,3,1.0,1.0,13055,M,,,13
201000021488,10,5,3,1300,1,2,1,8.0,6.0,13055,M,,,13
201000021489,10,7,6,805,1,2,3,1.0,3.0,13055,M,,,13
201000021490,10,6,11,900,1,2,1,1.0,3.0,13055,M,,,13
201000021491,10,7,8,1540,1,2,1,1.0,3.0,13055,M,,,13
201000021492,10,7,5,1545,1,2,1,1.0,3.0,13055,M,,,13
201000021493,10,6,22,1130,1,2,3,1.0,3.0,13055,M,,,13
201000021494,10,7,5,1420,1,2,1,1.0,6.0,13055,M,,,13
201000021495,10,7,11,1744,1,2,1,1.0,6.0,13055,M,,,13
201000021496,10,7,14,1930,1,2,1,1.0,6.0,13055,M,,,13
201000021497,10,6,23,1930,1,2,1,1.0,6.0,13055,M,,,13
201000021498,10,7,5,1330,1,2,2,1.0,3.0,13055,M,,,13
201000021499,10,7,2,720,1,2,1,1.0,6.0,13055,M,,,13
201000021500,10,6,24,110,5,2,6,1.0,7.0,13055,M,,,13
201000021501,10,6,30,1500,1,2,1,1.0,6.0,13055,M,,,13
201000021502,10,7,7,1600,1,2,1,1.0,2.0,13055,M,,,13
201000021503,10,6,25,15,5,2,1,1.0,1.0,13055,M,,,13
201000021504,10,6,30,1715,1,2,1,1.0,4.0,13055,M,,,13
201000021505,10,6,12,1630,1,2,1,1.0,6.0,13055,M,,,13
201000021506,10,7,7,1700,1,2,1,1.0,2.0,13055,M,,,13
201000021507,10,7,1,1930,1,2,1,1.0,6.0,13055,M,,,13
201000021508,10,6,26,1530,1,2,1,1.0,6.0,13055,M,,,13
201000021509,10,6,16,1015,1,2,1,1.0,3.0,13055,M,,,13
201000021510,10,6,14,1100,1,2,1,1.0,3.0,13055,M,,,13
201000021511,10,6,8,830,1,2,1,1.0,3.0,13055,M,,,13
201000021512,10,7,7,750,1,2,6,1.0,7.0,13055,M,,,13
201000021513,10,6,12,1325,1,2,1,1.0,4.0,13055,M,,,13
201000021514,10,6,29,1830,1,2,6,1.0,3.0,13055,M,,,13
201000021515,10,6,13,1740,1,2,1,1.0,3.0,13055,M,,,13
201000021516,10,7,5,1430,1,2,1,1.0,3.0,13055,M,,,13
201000021517,10,7,9,2300,5,2,3,1.0,3.0,13055,M,,,13
201000021518,10,7,10,2220,5,2,3,1.0,3.0,13055,M,,,13
201000021519,10,7,1,1515,1,2,1,1.0,6.0,13055,M,,,13
201000021520,10,7,9,1430,1,2,1,1.0,6.0,13055,M,,,13
201000021521,10,6,21,1830,1,2,1,1.0,3.0,13055,M,,,13
201000021522,10,7,9,1020,1,2,1,1.0,2.0,13055,M,,,13
201000021523,10,6,22,1745,1,2,1,1.0,3.0,13055,M,,,13
201000021524,10,6,26,450,5,2,1,1.0,6.0,13055,M,,,13
201000021525,10,2,11,830,1,2,2,1.0,3.0,13055,M,4331460.0,538837.0,13
201000021526,10,7,15,1400,1,2,1,1.0,2.0,13055,M,,,13
201000021527,10,7,6,1630,1,2,1,1.0,3.0,13055,M,,,13
201000021528,10,7,5,2220,3,1,1,1.0,6.0,13055,M,,,13
201000021529,10,7,11,1840,1,2,3,1.0,3.0,13055,M,,,13
201000021530,10,6,23,1720,1,2,1,1.0,2.0,13055,M,,,13
201000021531,10,6,8,745,1,2,2,1.0,6.0,13055,M,,,13
201000021532,10,5,27,1013,1,2,3,1.0,3.0,13055,M,,,13
201000021533,10,5,27,816,1,2,1,1.0,3.0,13055,M,,,13
201000021534,10,6,30,1600,1,2,1,1.0,6.0,13055,M,,,13
201000021535,10,7,1,1800,1,2,1,1.0,2.0,13055,M,,,13
201000021536,10,6,29,1700,1,2,1,1.0,6.0,13055,M,,,13
201000021537,10,7,2,845,1,2,1,1.0,2.0,13055,M,,,13
201000021538,10,7,9,2000,1,2,3,1.0,6.0,13055,M,,,13
201000021539,10,7,11,547,2,2,1,1.0,6.0,13055,M,,,13
201000021540,10,7,6,2050,5,2,1,1.0,6.0,13055,M,,,13
201000021541,10,5,18,1515,1,2,3,7.0,3.0,13055,M,,,13
201000021542,10,7,10,1645,1,2,1,1.0,6.0,13055,M,,,13
201000021543,10,6,29,2330,5,2,3,1.0,6.0,13055,M,4328580.0,547949.0,13
201000021544,10,4,8,1430,1,2,1,1.0,3.0,13055,M,,,13
201000021545,10,7,9,1300,1,2,1,1.0,3.0,13055,M,,,13
201000021546,10,6,29,1130,1,2,1,1.0,6.0,13055,M,,,13
201000021547,10,7,12,1920,1,2,1,1.0,6.0,13055,M,,,13
201000021548,10,7,20,130,5,2,1,1.0,6.0,13055,M,4336620.0,534334.0,13
201000021549,10,7,19,2145,5,2,1,1.0,4.0,13055,M,,,13
201000021550,10,7,13,1045,1,2,1,1.0,2.0,13055,M,,,13
201000021551,10,6,15,1500,1,2,1,3.0,3.0,13055,M,,,13
201000021552,10,7,12,1605,1,2,1,1.0,6.0,13055,M,,,13
201000021553,10,7,13,1400,1,2,2,1.0,3.0,13055,M,4327040.0,540746.0,13
201000021554,10,7,12,1515,1,2,3,1.0,3.0,13055,M,,,13
201000021555,10,6,1,1200,1,2,1,1.0,6.0,13055,M,,,13
201000021556,10,7,11,1950,1,2,1,1.0,3.0,13055,M,,,13
201000021557,10,7,10,2230,5,2,1,1.0,3.0,13055,M,,,13
201000021558,10,7,17,1730,1,2,1,1.0,2.0,13055,M,,,13
201000021559,10,7,13,1420,1,2,1,1.0,6.0,13055,M,,,13
201000021560,10,7,15,1620,1,2,1,1.0,6.0,13055,M,,,13
201000021561,10,6,12,1030,1,2,1,1.0,6.0,13055,M,,,13
201000021562,10,7,2,2200,5,2,3,1.0,3.0,13055,M,,,13
201000021563,10,7,16,100,5,2,3,1.0,1.0,13055,M,4330140.0,539265.0,13
201000021564,10,7,21,1400,1,2,3,1.0,3.0,13055,M,,,13
201000021565,10,7,21,1910,1,2,3,1.0,6.0,13055,M,4330030.0,536833.0,13
201000021566,10,7,22,230,5,2,1,1.0,7.0,13055,M,,,13
201000021567,10,7,18,1730,1,2,3,1.0,3.0,13055,M,,,13
201000021568,10,7,9,945,1,2,1,1.0,2.0,13055,M,,,13
201000021569,10,7,18,1750,1,2,3,1.0,1.0,13055,M,,,13
201000021570,10,6,29,1709,1,2,1,1.0,6.0,13055,M,,,13
201000021571,10,5,12,1350,1,2,1,1.0,2.0,13055,M,,,13
201000021572,10,7,6,1800,1,2,1,1.0,3.0,13055,M,,,13
201000021573,10,6,11,1500,1,2,1,1.0,2.0,13055,M,4332320.0,545424.0,13
201000021574,10,7,18,1800,1,2,1,1.0,3.0,13055,M,,,13
201000021575,10,6,10,720,1,2,1,1.0,3.0,13055,M,,,13
201000021576,10,4,14,1105,1,2,1,1.0,6.0,13055,M,,,13
201000021577,10,7,16,605,1,2,1,1.0,7.0,13055,M,,,13
201000021578,10,7,12,1045,1,2,1,1.0,3.0,13055,M,,,13
201000021579,10,7,13,1800,1,2,3,1.0,3.0,13055,M,,,13
201000021580,10,6,19,1155,1,2,1,1.0,6.0,13055,M,,,13
201000021581,10,6,18,1930,1,2,1,1.0,6.0,13055,M,,,13
201000021582,10,6,22,1430,1,2,1,1.0,3.0,13055,M,,,13
201000021583,10,7,3,2050,1,2,2,1.0,1.0,13055,M,,,13
201000021584,10,7,3,1530,1,2,2,1.0,3.0,13055,M,,,13
201000021585,10,4,28,1240,1,2,1,1.0,2.0,13055,M,,,13