Num_Acc,an,mois,jour,hrmn,lum,agg,int,atm,col,com,gps,lat,long,dep
201000021586,10,7,3,1500,1,2,3,1.0,3.0,13055,M,,,13
201000021587,10,7,1,1445,1,2,1,1.0,3.0,13055,M,,,13
201000021588,10,6,28,1925,1,2,5,1.0,3.0,13055,M,,,13
201000021589,10,6,30,1040,1,2,2,1.0,6.0,13055,M,4328800.0,536346.0,13
201000021590,10,7,3,1430,1,2,1,1.0,3.0,13055,M,,,13
201000021591,10,6,30,1050,1,2,1,1.0,6.0,13055,M,,,13
201000021592,10,7,18,1420,1,2,1,1.0,3.0,13055,M,,,13
201000021593,10,7,3,2025,1,2,1,1.0,2.0,13055,M,,,13
201000021594,10,6,18,1530,1,2,1,1.0,7.0,13055,M,,,13
201000021595,10,6,27,200,5,2,1,1.0,6.0,13055,M,,,13
201000021596,10,5,20,830,1,2,3,1.0,3.0,13055,M,,,13
201000021597,10,4,2,1410,1,2,2,1.0,3.0,13055,M,,,13
201000021598,10,5,21,1700,1,2,1,1.0,4.0,13055,M,,,13
201000021599,10,5,26,1830,1,2,9,1.0,3.0,13055,M,,,13
201000021600,10,6,3,800,1,2,9,1.0,6.0,13055,M,,,13
201000021601,10,6,11,1115,1,2,2,1.0,3.0,13055,M,,,13
201000021602,10,7,20,1620,1,2,1,1.0,3.0,13055,M,,,13
201000021603,10,6,4,1430,1,2,1,1.0,6.0,13055,M,,,13
201000021604,10,7,5,1050,1,2,1,1.0,3.0,13055,M,,,13
201000021605,10,7,8,2335,5,2,9,1.0,6.0,13055,M,,,13
201000021606,10,7,10,1200,1,2,5,1.0,3.0,13055,M,,,13
201000021607,10,7,9,1825,1,2,3,1.0,5.0,13055,M,,,13
201000021608,10,7,21,1915,1,2,1,1.0,2.0,13055,M,,,13
201000021609,10,6,30,1100,1,2,1,1.0,4.0,13055,M,,,13
201000021610,10,7,5,2300,5,2,1,1.0,2.0,13055,M,,,13
201000021611,10,7,14,1630,1,2,1,1.0,6.0,13055,M,,,13
201000021612,10,7,24,15,5,2,1,1.0,6.0,13055,M,4333080.0,541937.0,13
201000021613,10,2,4,1250,1,2,2,1.0,3.0,13055,M,4331190.0,537217.0,13
201000021614,10,7,19,2000,2,2,1,1.0,6.0,13055,M,,,13
201000021615,10,7,19,100,5,2,2,1.0,6.0,13055,M,,,13
201000021616,10,4,25,1550,1,2,1,1.0,2.0,13055,M,,,13
201000021617,10,7,1,1500,1,2,1,1.0,7.0,13055,M,,,13
201000021618,10,6,21,1600,1,2,1,1.0,6.0,13055,M,,,13
201000021619,10,7,7,630,1,2,1,1.0,6.0,13055,M,,,13
201000021620,10,7,17,2130,5,2,1,1.0,6.0,13055,M,,,13
201000021621,10,7,22,2020,4,2,6,1.0,3.0,13055,M,,,13
201000021622,10,6,29,1900,1,2,1,1.0,7.0,13055,M,,,13
201000021623,10,7,2,1750,1,2,1,1.0,2.0,13055,M,,,13
201000021624,10,7,7,1000,1,2,1,1.0,3.0,13002,M,,,13
201000021625,10,7,11,130,5,2,1,1.0,7.0,13055,M,,,13
201000021626,10,7,22,1730,1,2,1,1.0,2.0,13055,M,,,13
201000021627,10,7,2,1520,1,2,1,1.0,1.0,13055,M,,,13
201000021628,10,5,27,830,1,2,1,1.0,6.0,13055,M,,,13
201000021629,10,7,8,915,1,2,6,1.0,6.0,13055,M,4330590.0,546986.0,13
201000021630,10,6,29,850,1,2,1,1.0,2.0,13055,M,,,13
201000021631,10,6,29,2030,1,2,9,1.0,3.0,13055,M,,,13
201000021632,10,7,21,945,1,2,1,1.0,6.0,13055,M,,,13
201000021633,10,7,26,1255,1,2,1,1.0,4.0,13055,M,,,13
201000021634,10,7,22,1630,1,2,1,1.0,1.0,13055,M,,,13
201000021635,10,5,17,1615,1,2,1,1.0,6.0,13055,M,,,13
201000021636,10,7,20,200,5,2,2,1.0,3.0,13055,M,,,13
201000021637,10,6,24,910,1,2,1,1.0,6.0,13055,M,,,13
201000021638,10,7,22,2040,2,2,1,1.0,6.0,13055,M,,,13
201000021639,10,7,10,1840,1,2,1,1.0,6.0,13055,M,,,13
201000021640,10,7,10,1600,1,2,1,1.0,6.0,13055,M,,,13
201000021641,10,6,28,2000,1,2,1,1.0,6.0,13055,M,,,13
201000021642,10,6,19,1800,1,2,3,1.0,7.0,13055,M,,,13
201000021643,10,7,2,1600,1,2,2,1.0,3.0,13055,M,,,13
201000021644,10,4,29,2040,5,2,1,1.0,6.0,13055,M,,,13
201000021645,10,6,22,1500,1,2,2,1.0,6.0,13055,M,,,13
201000021646,10,6,21,1130,1,2,1,1.0,6.0,13055,M,,,13
201000021647,10,6,22,1630,1,2,1,1.0,6.0,13055,M,,,13
201000021648,10,7,1,930,1,2,1,1.0,6.0,13055,M,,,13
201000021649,10,7,27,2245,5,2,1,1.0,2.0,13055,M,,,13
201000021650,10,7,26,1705,1,2,3,1.0,3.0,13055,M,,,13
201000021651,10,7,22,1715,1,2,1,1.0,6.0,13055,M,,,13
201000021652,10,2,9,1020,1,2,1,1.0,6.0,13055,M,,,13
201000021653,10,6,27,2145,2,2,1,1.0,6.0,13055,M,,,13
201000021654,10,7,20,845,1,2,1,1.0,6.0,13055,M,,,13
201000021655,10,7,27,30,5,2,2,1.0,3.0,13055,M,4329100.0,536858.0,13
201000021656,10,7,25,1740,1,2,6,1.0,7.0,13055,M,,,13
201000021657,10,7,30,1800,1,2,1,1.0,6.0,13055,M,,,13
201000021658,10,7,26,935,1,2,1,1.0,7.0,13055,M,,,13
201000021659,10,7,24,1215,1,2,1,1.0,6.0,13055,M,,,13
201000021660,10,7,17,1830,1,2,3,1.0,1.0,13055,M,,,13
201000021661,10,7,19,1300,1,2,1,1.0,6.0,13055,M,,,13
201000021662,10,7,2,1630,1,2,1,1.0,6.0,13055,M,,,13
201000021663,10,8,3,2350,3,2,3,1.0,3.0,13055,M,,,13
201000021664,10,7,31,2020,2,2,1,1.0,7.0,13055,M,,,13
201000021665,10,7,27,945,1,2,1,1.0,6.0,13055,M,,,13
201000021666,10,7,21,1740,1,2,2,1.0,3.0,13055,M,,,13
201000021667,10,7,28,2130,5,2,1,1.0,3.0,13055,M,,,13
201000021668,10,7,28,535,2,2,1,1.0,6.0,13055,M,,,13
201000021669,10,6,9,2300,5,2,2,1.0,3.0,13055,M,,,13
201000021670,10,7,27,1440,1,2,2,1.0,3.0,13055,M,,,13
201000021671,10,6,23,1100,1,2,1,1.0,7.0,13055,M,,,13
201000021672,10,8,5,1510,1,2,6,1.0,3.0,13055,M,,,13
201000021673,10,7,27,735,1,2,1,1.0,3.0,13055,M,,,13
201000021674,10,8,6,1710,1,2,3,1.0,3.0,13055,M,4337750.0,535655.0,13
201000021675,10,7,21,130,5,2,2,1.0,3.0,13055,M,,,13
201000021676,10,7,22,2320,5,2,2,1.0,3.0,13055,M,,,13
201000021677,10,7,17,1420,1,2,2,1.0,3.0,13055,M,,,13
201000021678,10,6,17,2010,2,2,2,1.0,6.0,13055,M,,,13
201000021679,10,7,12,1020,1,2,1,1.0,6.0,13055,M,,,13
201000021680,10,7,16,1600,1,2,1,1.0,6.0,13055,M,,,13
201000021681,10,7,30,1520,1,2,1,1.0,2.0,13055,M,,,13
201000021682,10,7,30,1340,1,2,1,1.0,2.0,13055,M,,,13
201000021683,10,7,15,1800,1,2,1,1.0,6.0,13055,M,,,13
201000021684,10,7,20,1730,1,2,1,1.0,2.0,13055,M,,,13
201000021685,10,7,24,2100,3,2,1,1.0,1.0,13055,M,,,13
201000021686,10,7,23,1700,1,2,1,1.0,6.0,13055,M,,,13
201000021687,10,8,1,1420,1,2,1,1.0,6.0,13055,M,,,13
201000021688,10,7,31,1850,1,2,1,1.0,6.0,13055,M,,,13
201000021689,10,7,13,1211,1,2,4,1.0,6.0,13055,M,,,13
201000021690,10,7,9,1415,1,2,1,1.0,6.0,13055,M,,,13
201000021691,10,7,26,1100,1,2,6,1.0,2.0,13055,M,,,13
201000021692,10,8,4,1210,1,2,1,1.0,2.0,13055,M,,,13
201000021693,10,7,15,1650,1,2,1,1.0,2.0,13055,M,,,13
201000021694,10,7,26,1015,1,2,1,1.0,2.0,13055,M,,,13
201000021695,10,7,29,935,1,2,3,1.0,3.0,13055,M,4325970.0,540793.0,13
201000021696,10,7,30,1030,1,2,2,1.0,1.0,13055,M,,,13
201000021697,10,7,16,1230,1,2,1,1.0,6.0,13055,M,,,13
201000021698,10,7,6,850,1,2,1,1.0,1.0,13055,M,,,13
201000021699,10,6,21,830,1,2,1,1.0,1.0,13055,M,,,13
201000021700,10,7,1,950,1,2,2,1.0,6.0,13055,M,4330560.0,538389.0,13
201000021701,10,7,11,2000,1,2,2,1.0,3.0,13055,M,,,13
201000021702,10,6,3,1100,1,2,1,1.0,3.0,13055,M,,,13
201000021703,10,7,13,915,1,2,1,1.0,2.0,13055,M,,,13
201000021704,10,6,27,800,1,2,9,1.0,6.0,13055,M,,,13
201000021705,10,6,18,2150,5,2,2,1.0,3.0,13055,M,,,13
201000021706,10,7,20,1415,1,2,1,1.0,1.0,13055,M,,,13
201000021707,10,7,11,950,1,2,1,1.0,2.0,13055,M,,,13
201000021708,10,7,28,1050,1,2,3,1.0,7.0,13055,M,,,13
201000021709,10,7,31,1340,1,2,2,1.0,6.0,13055,M,,,13
201000021710,10,7,25,1445,1,2,1,1.0,6.0,13055,M,,,13
201000021711,10,7,22,1700,1,2,1,1.0,6.0,13055,M,,,13
201000021712,10,7,23,1000,1,2,1,1.0,6.0,13055,M,,,13
201000021713,10,8,6,1645,1,2,1,1.0,6.0,13055,M,,,13
201000021714,10,7,9,1640,1,2,1,1.0,6.0,13055,M,,,13
201000021715,10,8,3,930,1,2,2,1.0,3.0,13055,M,,,13
201000021716,10,8,4,1415,1,2,1,1.0,6.0,13055,M,,,13
201000021717,10,7,31,1120,1,2,1,1.0,6.0,13055,M,,,13
201000021718,10,8,7,1010,1,2,1,1.0,3.0,13055,M,,,13
201000021719,10,7,27,2350,5,2,1,1.0,2.0,13055,M,,,13
201000021720,10,7,8,1530,1,2,1,1.0,6.0,13055,M,,,13
201000021721,10,7,2,1805,1,2,1,1.0,5.0,13055,M,,,13
201000021722,10,8,4,1210,1,2,3,1.0,3.0,13055,M,,,13
201000021723,10,7,17,2150,1,2,6,1.0,6.0,13055,M,,,13
201000021724,10,8,5,740,1,2,1,7.0,6.0,13055,M,,,13
201000021725,10,8,4,1815,1,2,1,1.0,4.0,13055,M,,,13
201000021726,10,7,5,1545,1,2,1,1.0,6.0,13055,M,,,13
201000021727,10,7,12,1530,1,2,1,1.0,6.0,13055,M,,,13
201000021728,10,7,21,1715,1,2,2,1.0,3.0,13055,M,,,13
201000021729,10,6,15,1430,1,2,9,1.0,3.0,13055,M,,,13
201000021730,10,8,13,450,5,2,1,1.0,2.0,13055,M,,,13
201000021731,10,7,24,1845,1,1,3,1.0,6.0,13055,M,,,13
201000021732,10,7,23,1500,1,2,3,1.0,6.0,13055,M,,,13
201000021733,10,7,16,1520,1,2,1,1.0,2.0,13055,M,,,13
201000021734,10,6,15,1630,1,2,3,1.0,3.0,13055,M,4325350.0,540173.0,13
201000021735,10,8,7,50,5,2,1,1.0,2.0,13055,M,,,13
201000021736,10,8,5,845,1,2,1,1.0,7.0,13055,M,,,13
201000021737,10,7,4,530,5,2,1,1.0,5.0,13055,M,,,13
201000021738,10,8,14,1300,1,2,1,2.0,6.0,13055,M,4322410.0,541664.0,13
201000021739,10,8,16,1002,1,2,6,1.0,6.0,13055,M,,,13
201000021740,10,6,9,720,2,2,2,1.0,6.0,13055,M,4328790.0,538346.0,13
201000021741,10,8,15,1800,1,1,1,1.0,7.0,13055,M,,,13
201000021742,10,8,11,1035,1,2,3,1.0,3.0,13055,M,,,13
201000021743,10,8,10,300,5,2,6,2.0,6.0,13055,M,4328930.0,543803.0,13
201000021744,10,6,24,1118,1,2,1,1.0,3.0,13055,M,,,13
201000021745,10,4,18,1245,1,2,1,2.0,2.0,13055,M,,,13
201000021746,10,6,18,1230,1,2,1,1.0,3.0,13055,M,,,13
201000021747,10,6,28,700,1,2,1,1.0,6.0,13055,M,,,13
201000021748,10,7,29,1145,1,2,2,1.0,3.0,13055,M,,,13
201000021749,10,7,30,1010,1,2,1,1.0,2.0,13055,M,,,13
201000021750,10,7,22,1145,1,2,6,1.0,6.0,13055,M,,,13
201000021751,10,8,2,1135,1,2,1,1.0,3.0,13055,M,,,13
201000021752,10,4,22,1850,1,2,1,1.0,3.0,13055,M,,,13
201000021753,10,8,7,2315,5,2,3,1.0,3.0,13055,M,,,13
201000021754,10,7,10,730,1,2,1,1.0,6.0,13055,M,,,13
201000021755,10,8,18,1050,1,2,3,1.0,7.0,13055,M,4330250.0,536902.0,13
201000021756,10,5,13,720,2,2,1,1.0,1.0,13055,M,,,13
201000021757,10,6,7,815,1,2,1,1.0,2.0,13055,M,,,13
201000021758,10,7,31,1200,1,2,1,1.0,6.0,13055,M,,,13
201000021759,10,6,28,1230,1,2,1,1.0,6.0,13055,M,,,13
201000021760,10,5,3,2200,5,2,1,1.0,6.0,13055,M,,,13
201000021761,10,6,6,1730,1,1,1,1.0,3.0,13055,M,,,13
201000021762,10,6,12,940,1,2,2,1.0,6.0,13055,M,,,13
201000021763,10,6,6,1650,1,2,1,1.0,6.0,13055,M,4335900.0,531801.0,13
201000021764,10,8,4,1703,1,2,1,1.0,6.0,13055,M,,,13
201000021765,10,8,13,910,1,2,1,1.0,3.0,13055,M,,,13
201000021766,10,8,5,1740,1,2,1,1.0,6.0,13055,M,,,13
201000021767,10,8,13,1755,1,2,1,1.0,6.0,13055,M,,,13
201000021768,10,8,12,1730,1,2,3,1.0,3.0,13055,M,,,13
201000021769,10,8,2,800,1,2,2,1.0,3.0,13055,M,,,13
201000021770,10,8,1,1730,1,2,2,1.0,3.0,13055,M,,,13
201000021771,10,4,30,1700,1,2,1,1.0,6.0,13055,M,,,13
201000021772,10,8,10,1440,1,2,1,1.0,2.0,13055,M,,,13
201000021773,10,8,5,1740,1,2,1,1.0,4.0,13055,M,,,13
201000021774,10,8,18,2135,5,2,1,1.0,6.0,13055,M,4325200.0,538691.0,13
201000021775,10,8,13,1800,1,2,1,1.0,2.0,13055,M,,,13
201000021776,10,8,5,100,5,2,1,1.0,6.0,13055,M,,,13
201000021777,10,8,20,315,5,2,3,3.0,6.0,13055,M,4331690.0,540490.0,13
201000021778,10,8,3,1840,1,2,1,1.0,6.0,13055,M,,,13
201000021779,10,8,16,1640,1,2,1,1.0,1.0,13055,M,,,13
201000021780,10,8,19,1430,1,2,3,1.0,5.0,13055,M,4335130.0,541504.0,13
201000021781,10,8,10,1159,1,2,1,1.0,6.0,13055,M,,,13
201000021782,10,8,15,2240,5,2,1,1.0,6.0,13055,M,,,13
201000021783,10,8,13,1730,1,2,1,1.0,6.0,13055,M,,,13
201000021784,10,8,15,1305,1,2,2,1.0,3.0,13055,M,,,13
201000021785,10,8,8,1645,1,2,1,1.0,5.0,13055,M,,,13
201000021786,10,8,8,1200,1,2,3,1.0,3.0,13055,M,,,13
201000021787,10,8,7,2315,5,2,3,1.0,3.0,13055,M,,,13
201000021788,10,6,29,755,1,2,1,1.0,6.0,13055,M,,,13
201000021789,10,8,17,1,5,2,1,1.0,2.0,13055,M,,,13
201000021790,10,8,12,1050,1,2,6,1.0,3.0,13055,M,4324630.0,543486.0,13
201000021791,10,8,11,1900,1,2,1,1.0,6.0,13055,M,,,13
201000021792,10,8,14,150,5,2,1,1.0,6.0,13055,M,,,13
201000021793,10,8,13,1805,1,2,2,1.0,3.0,13055,M,,,13
201000021794,10,8,4,2330,5,2,1,1.0,4.0,13055,M,,,13
201000021795,10,7,18,1045,1,2,1,1.0,2.0,13055,M,,,13
201000021796,10,6,8,1850,1,2,1,1.0,3.0,13055,M,,,13
201000021797,10,8,10,730,1,2,1,1.0,6.0,13055,M,,,13
201000021798,10,4,28,725,2,2,1,1.0,2.0,13055,M,,,13
201000021799,10,6,21,1300,1,2,1,1.0,2.0,13055,M,,,13
201000021800,10,2,16,1200,1,2,1,1.0,6.0,13055,M,,,13
201000021801,10,8,17,1440,1,2,1,1.0,6.0,13055,M,,,13
201000021802,10,8,9,1445,1,2,1,1.0,6.0,13055,M,,,13
201000021803,10,8,13,45,5,2,1,1.0,6.0,13055,M,,,13
201000021804,10,7,26,15,5,2,1,1.0,3.0,13055,M,,,13
201000021805,10,8,6,1700,1,2,1,1.0,3.0,13055,M,,,13
201000021806,10,7,4,545,2,2,1,1.0,6.0,13055,M,,,13
201000021807,10,7,17,1130,1,2,1,1.0,6.0,13055,M,,,13
201000021808,10,6,25,1845,1,2,1,1.0,2.0,13055,M,,,13
201000021809,10,7,12,1100,1,2,1,1.0,6.0,13055,M,,,13
201000021810,10,7,28,1330,1,2,1,1.0,3.0,13055,M,,,13
201000021811,10,8,7,1010,1,2,1,1.0,6.0,13055,M,,,13
201000021812,10,8,9,1345,1,2,1,1.0,3.0,13055,M,,,13
201000021813,10,8,23,2030,5,2,6,1.0,3.0,13055,M,,,13
201000021814,10,8,13,2200,5,2,1,1.0,2.0,13055,M,,,13
201000021815,10,6,28,1445,1,2,1,1.0,5.0,13055,M,,,13
201000021816,10,8,23,540,5,2,6,1.0,6.0,13055,M,4330590.0,546986.0,13
201000021817,10,8,17,1900,1,2,1,1.0,6.0,13055,M,,,13
201000021818,10,7,29,1830,1,2,1,1.0,6.0,13055,M,,,13
201000021819,10,8,18,1730,1,2,2,1.0,3.0,13055,M,,,13
201000021820,10,8,14,945,1,2,1,2.0,2.0,13055,M,,,13
201000021821,10,8,24,2250,5,2,1,1.0,6.0,13055,M,,,13
201000021822,10,8,12,1845,1,2,1,1.0,6.0,13055,M,,,13
201000021823,10,8,8,1815,1,2,1,1.0,6.0,13055,M,,,13
201000021824,10,7,26,1640,1,2,1,1.0,3.0,13055,M,,,13
201000021825,10,8,12,2230,5,2,2,1.0,3.0,13055,M,,,13
201000021826,10,8,17,1130,1,2,1,1.0,6.0,13055,M,,,13
201000021827,10,8,18,1610,1,2,1,1.0,2.0,13055,M,,,13
201000021828,10,8,15,1945,2,2,3,1.0,3.0,13055,M,,,13
201000021829,10,7,5,1230,1,2,1,1.0,2.0,13055,M,,,13
201000021830,10,7,19,1100,1,2,2,1.0,5.0,13055,M,,,13
201000021831,10,8,10,1130,1,2,1,1.0,6.0,13055,M,,,13
201000021832,10,7,26,1440,1,2,1,1.0,6.0,13055,M,,,13
201000021833,10,8,10,650,1,2,1,1.0,7.0,13055,M,,,13
201000021834,10,8,11,1830,1,2,3,1.0,3.0,13055,M,,,13
201000021835,10,8,15,2000,1,2,2,1.0,2.0,13055,M,,,13
201000021836,10,8,13,1900,5,2,3,1.0,3.0,13055,M,4328340.0,550288.0,13
201000021837,10,8,4,835,1,2,1,1.0,3.0,13055,M,,,13
201000021838,10,8,10,1745,1,2,1,1.0,6.0,13055,M,,,13
201000021839,10,8,8,1930,1,2,1,1.0,3.0,13055,M,,,13
201000021840,10,8,8,1830,1,2,1,1.0,2.0,13055,M,,,13
201000021841,10,8,25,1400,1,2,1,1.0,2.0,13055,M,,,13
201000021842,10,7,28,1800,1,2,1,1.0,3.0,13055,M,,,13
201000021843,10,7,14,1155,1,2,1,1.0,4.0,13055,M,,,13
201000021844,10,7,29,915,1,2,1,1.0,6.0,13055,M,,,13
201000021845,10,6,18,1600,1,2,1,1.0,5.0,13055,M,,,13
201000021846,10,8,19,830,1,2,1,1.0,3.0,13055,M,,,13
201000021847,10,8,20,930,1,2,1,1.0,7.0,13055,M,,,13
201000021848,10,8,19,2215,5,2,3,1.0,3.0,13055,M,,,13
201000021849,10,7,27,1840,1,2,2,1.0,3.0,13055,M,,,13
201000021850,10,8,16,1900,1,2,1,1.0,2.0,13055,M,,,13
201000021851,10,7,28,1000,1,2,1,1.0,1.0,13055,M,,,13
201000021852,10,7,29,1755,1,2,1,1.0,3.0,13055,M,,,13
201000021853,10,8,2,730,1,2,1,1.0,7.0,13055,M,,,13
201000021854,10,6,19,705,2,2,1,1.0,3.0,13055,M,,,13
201000021855,10,7,10,1245,1,2,1,1.0,6.0,13055,M,,,13
201000021856,10,8,13,2000,1,2,1,1.0,3.0,13055,M,,,13
201000021857,10,8,7,1230,1,2,1,1.0,3.0,13055,M,,,13
201000021858,10,8,17,1430,1,2,1,1.0,3.0,13055,M,,,13
201000021859,10,7,29,1115,1,2,1,1.0,6.0,13055,M,,,13
201000021860,10,8,5,1700,1,2,1,1.0,6.0,13055,M,,,13
201000021861,10,8,26,1840,1,2,7,1.0,6.0,13055,M,,,13
201000021862,10,8,28,1555,1,2,2,1.0,6.0,13055,M,,,13
201000021863,10,8,18,1130,1,2,1,1.0,6.0,13055,M,,,13
201000021864,10,7,26,1720,1,2,1,1.0,6.0,13055,M,,,13
201000021865,10,8,18,1930,1,2,1,1.0,6.0,13055,M,,,13
201000021866,10,8,18,1510,1,2,1,1.0,2.0,13055,M,,,13
201000021867,10,8,7,1615,1,2,1,1.0,1.0,13055,M,,,13
201000021868,10,7,26,1500,1,2,9,1.0,6.0,13055,M,,,13
201000021869,10,8,17,1845,1,2,1,1.0,2.0,13055,M,,,13
201000021870,10,7,2,1840,1,2,1,1.0,6.0,13055,M,,,13
201000021871,10,8,29,1800,1,2,1,1.0,6.0,13055,M,,,13
201000021872,10,8,5,1400,1,2,1,1.0,3.0,13055,M,,,13
201000021873,10,7,12,2000,1,2,1,1.0,6.0,13055,M,,,13
201000021874,10,6,29,1930,1,2,1,1.0,2.0,13055,M,,,13
201000021875,10,8,19,1530,1,2,1,1.0,3.0,13055,M,,,13
201000021876,10,7,29,1420,1,2,1,1.0,3.0,13055,M,,,13
201000021877,10,8,29,1815,1,2,1,1.0,6.0,13055,M,,,13
201000021878,10,8,2,1250,1,2,1,1.0,3.0,13055,M,,,13
201000021879,10,8,21,2210,5,2,1,1.0,4.0,13055,M,,,13
201000021880,10,7,30,1935,1,2,1,1.0,6.0,13055,M,,,13
201000021881,10,8,18,1830,1,2,1,1.0,6.0,13055,M,,,13
201000021882,10,8,24,2025,2,2,1,1.0,5.0,13055,M,,,13
201000021883,10,8,6,2200,5,2,1,1.0,3.0,13055,M,,,13
201000021884,10,8,12,800,1,2,3,1.0,3.0,13055,M,4327820.0,540437.0,13
201000021885,10,8,20,1200,1,2,1,1.0,2.0,13055,M,,,13
201000021886,10,8,21,1640,1,2,2,1.0,3.0,13055,M,4330340.0,536593.0,13
201000021887,10,8,14,1520,1,2,1,1.0,6.0,13055,M,,,13
201000021888,10,8,28,1510,1,2,1,1.0,6.0,13055,M,,,13
201000021889,10,7,23,50,5,2,3,1.0,6.0,13055,M,,,13
201000021890,10,8,26,1130,1,2,2,1.0,3.0,13055,M,,,13
201000021891,10,8,25,930,1,2,6,1.0,3.0,13055,M,4332850.0,543295.0,13
201000021892,10,8,15,1710,1,2,1,1.0,3.0,13055,M,,,13
201000021893,10,8,17,1900,1,2,3,1.0,6.0,13055,M,,,13
201000021894,10,8,26,1020,1,2,1,1.0,6.0,13055,M,,,13
201000021895,10,8,10,915,1,2,1,1.0,2.0,13055,M,,,13
201000021896,10,7,16,1100,1,2,2,1.0,6.0,13055,M,,,13
201000021897,10,9,5,1930,1,2,2,1.0,4.0,13055,M,,,13
201000021898,10,9,8,2243,5,2,1,1.0,6.0,13055,M,4330190.0,538000.0,13
201000021899,10,9,10,1,5,2,1,1.0,6.0,13055,M,,,13
201000021900,10,9,2,1450,1,2,1,1.0,3.0,13055,M,,,13
201000021901,10,8,27,2030,5,2,1,8.0,3.0,13055,M,,,13
201000021902,10,9,2,1330,1,2,3,1.0,1.0,13055,M,4330270.0,539645.0,13
201000021903,10,9,5,1930,1,2,1,1.0,2.0,13055,M,,,13
201000021904,10,9,1,15,5,2,1,1.0,3.0,13055,M,,,13
201000021905,10,8,4,535,5,2,1,1.0,2.0,13055,M,,,13
201000021906,10,7,2,1030,1,2,3,1.0,3.0,13055,M,,,13
201000021907,10,9,3,1700,1,2,1,1.0,6.0,13055,M,,,13
201000021908,10,9,7,1310,1,2,2,1.0,3.0,13055,M,,,13
201000021909,10,8,31,730,1,2,1,1.0,6.0,13055,M,,,13
201000021910,10,9,1,2130,4,2,3,1.0,3.0,13055,M,4332560.0,544093.0,13
201000021911,10,8,31,1240,1,2,2,1.0,3.0,13055,M,,,13
201000021912,10,9,1,1315,1,2,1,1.0,6.0,13075,M,4334680.0,546301.0,13
201000021913,10,8,31,2000,2,2,3,1.0,7.0,13055,M,,,13
201000021914,10,8,12,830,1,2,1,1.0,2.0,13055,M,,,13
201000021915,10,9,10,115,5,2,1,1.0,6.0,13055,M,,,13
201000021916,10,9,3,1925,1,2,1,1.0,6.0,13055,M,,,13
201000021917,10,9,9,850,1,2,1,1.0,6.0,13055,M,,,13
201000021918,10,9,14,710,1,2,2,1.0,3.0,13055,M,,,13
201000021919,10,9,4,1515,1,2,1,1.0,6.0,13055,M,,,13
201000021920,10,9,3,1025,1,2,1,1.0,6.0,13055,M,,,13
201000021921,10,8,30,930,1,2,1,1.0,2.0,13055,M,,,13
201000021922,10,9,5,1200,1,2,1,1.0,1.0,13055,M,,,13
201000021923,10,8,13,1205,1,2,1,1.0,4.0,13055,M,,,13
201000021924,10,8,19,1430,1,2,1,1.0,6.0,13055,M,,,13
201000021925,10,9,6,2010,5,2,1,1.0,6.0,13055,M,,,13
201000021926,10,8,30,455,5,2,3,1.0,3.0,13055,M,,,13
201000021927,10,8,25,1005,1,2,1,1.0,6.0,13055,M,,,13
201000021928,10,8,24,1715,1,2,1,1.0,6.0,13055,M,,,13
201000021929,10,8,24,1830,1,2,1,1.0,6.0,13055,M,,,13
201000021930,10,9,7,640,5,2,3,1.0,6.0,13055,M,,,13
201000021931,10,9,6,1545,1,2,3,1.0,3.0,13055,M,,,13
201000021932,10,9,11,1220,1,2,1,1.0,5.0,13055,M,,,13
201000021933,10,9,11,1450,1,2,1,1.0,6.0,13055,M,,,13
201000021934,10,9,10,1330,1,2,1,1.0,6.0,13055,M,,,13
201000021935,10,9,5,1920,1,2,1,1.0,6.0,13055,M,,,13
201000021936,10,9,9,2100,5,2,1,1.0,6.0,13055,M,,,13
201000021937,10,7,27,810,1,2,4,1.0,3.0,13055,M,,,13
201000021938,10,9,4,1730,1,2,1,1.0,6.0,13055,M,,,13
201000021939,10,9,9,1620,1,2,1,1.0,6.0,13055,M,,,13
201000021940,10,9,15,58,5,2,1,1.0,2.0,13055,M,,,13
201000021941,10,9,2,1200,1,2,1,1.0,1.0,13055,M,,,13
201000021942,10,7,30,630,1,2,1,1.0,2.0,13055,M,,,13
201000021943,10,9,4,1820,1,2,3,1.0,6.0,13055,M,4330890.0,541382.0,13
201000021944,10,9,14,1620,1,2,1,1.0,2.0,13055,M,,,13
201000021945,10,7,16,2020,1,2,1,1.0,3.0,13055,M,,,13
201000021946,10,9,4,1915,1,2,1,1.0,2.0,13055,M,,,13
201000021947,10,8,4,1830,1,2,1,1.0,2.0,13055,M,,,13
201000021948,10,8,23,2130,5,2,1,1.0,7.0,13055,M,,,13
201000021949,10,9,4,1010,1,1,1,1.0,6.0,13055,M,,,13
201000021950,10,7,7,1700,1,2,1,1.0,5.0,13055,M,,,13
201000021951,10,7,21,950,1,2,1,1.0,6.0,13055,M,,,13
201000021952,10,8,18,815,1,2,1,1.0,3.0,13055,M,,,13
201000021953,10,8,28,2330,5,2,1,6.0,6.0,13055,M,,,13
201000021954,10,8,21,2355,5,2,1,1.0,2.0,13055,M,,,13
201000021955,10,8,17,1100,1,2,1,1.0,3.0,13055,M,,,13
201000021956,10,8,28,500,5,2,2,1.0,3.0,13055,M,,,13
201000021957,10,9,11,1655,1,2,1,1.0,1.0,13055,M,,,13
201000021958,10,8,31,1330,1,2,1,1.0,2.0,13055,M,,,13
201000021959,10,8,28,1210,1,2,1,6.0,6.0,13055,M,,,13
201000021960,10,9,8,1030,1,2,1,1.0,6.0,13075,M,4334760.0,546399.0,13
201000021961,10,8,27,1930,1,2,1,1.0,6.0,13055,M,,,13
201000021962,10,8,27,1630,1,2,2,1.0,6.0,13055,M,,,13