Num_Acc,an,mois,jour,hrmn,lum,agg,int,atm,col,com,gps,lat,long,dep
201000021963,10,8,31,1750,1,2,1,1.0,3.0,13055,M,,,13
201000021964,10,9,8,1515,1,2,1,1.0,2.0,13055,M,,,13
201000021965,10,9,4,845,1,2,1,1.0,6.0,13055,M,,,13
201000021966,10,9,6,1125,1,2,1,1.0,1.0,13055,M,,,13
201000021967,10,9,8,1745,1,2,1,1.0,2.0,13055,M,,,13
201000021968,10,9,7,1440,1,2,3,1.0,6.0,13055,M,,,13
201000021969,10,9,10,840,1,2,1,1.0,6.0,13055,M,,,13
201000021970,10,9,11,1830,1,2,3,1.0,3.0,13055,M,,,13
201000021971,10,8,26,2300,5,2,1,1.0,2.0,13055,M,,,13
201000021972,10,9,7,2130,5,2,1,1.0,6.0,13055,M,,,13
201000021973,10,9,1,1930,1,2,1,1.0,2.0,13055,M,,,13
201000021974,10,9,19,1645,1,2,1,1.0,6.0,13055,M,,,13
201000021975,10,9,20,37,5,2,2,1.0,6.0,13055,M,,,13
201000021976,10,9,17,1745,1,2,1,1.0,6.0,13055,M,,,13
201000021977,10,9,8,1900,1,2,3,1.0,6.0,13055,M,,,13
201000021978,10,9,7,830,1,2,2,1.0,6.0,13055,M,,,13
201000021979,10,9,18,1545,1,2,1,1.0,6.0,13055,M,,,13
201000021980,10,2,26,1100,1,2,1,2.0,6.0,13055,M,,,13
201000021981,10,9,1,1200,1,2,1,1.0,2.0,13055,M,,,13
201000021982,10,9,20,2030,5,2,1,1.0,6.0,13055,M,4331460.0,536585.0,13
201000021983,10,7,19,1140,1,2,1,1.0,3.0,13055,M,,,13
201000021984,10,7,19,530,2,2,3,1.0,3.0,13055,M,,,13
201000021985,10,9,15,1800,1,2,1,1.0,2.0,13055,M,,,13
201000021986,10,9,17,1700,1,2,1,1.0,6.0,13055,M,,,13
201000021987,10,9,15,1445,1,2,1,1.0,2.0,13055,M,,,13
201000021988,10,8,27,1410,1,2,1,1.0,3.0,13055,M,,,13
201000021989,10,8,21,1600,1,2,3,1.0,3.0,13055,M,,,13
201000021990,10,8,27,1815,1,2,1,1.0,7.0,13055,M,,,13
201000021991,10,8,26,2030,5,2,1,1.0,6.0,13055,M,,,13
201000021992,10,8,28,500,2,2,1,1.0,6.0,13055,M,,,13
201000021993,10,8,28,220,5,2,1,1.0,7.0,13055,M,,,13
201000021994,10,9,16,1855,1,2,1,1.0,6.0,13055,M,,,13
201000021995,10,9,6,515,1,2,3,1.0,3.0,13055,M,,,13
201000021996,10,8,21,1900,1,2,1,1.0,6.0,13055,M,,,13
201000021997,10,8,26,1125,1,2,1,1.0,6.0,13055,M,,,13
201000021998,10,8,22,1930,2,2,2,1.0,3.0,13055,M,,,13
201000021999,10,7,29,1130,1,2,1,1.0,5.0,13075,M,4334360.0,546582.0,13
201000022000,10,9,10,1715,1,2,1,1.0,6.0,13002,M,4333460.0,548562.0,13
201000022001,10,9,9,1545,1,2,1,1.0,3.0,13075,M,4334620.0,545680.0,13
201000022002,10,9,17,1130,1,2,1,1.0,2.0,13055,M,,,13
201000022003,10,9,12,1500,1,2,3,1.0,3.0,13055,M,,,13
201000022004,10,9,16,620,2,2,1,1.0,6.0,13055,M,,,13
201000022005,10,9,23,1315,1,2,1,1.0,6.0,13055,M,,,13
201000022006,10,9,22,1630,1,2,3,1.0,3.0,13055,M,,,13
201000022007,10,9,27,210,5,2,1,1.0,6.0,13055,M,,,13
201000022008,10,8,6,1515,1,2,1,1.0,7.0,13055,M,,,13
201000022009,10,9,17,1945,2,2,3,1.0,6.0,13055,M,,,13
201000022010,10,9,24,1615,1,2,2,1.0,6.0,13055,M,,,13
201000022011,10,2,17,1730,1,2,1,1.0,6.0,13055,M,,,13
201000022012,10,9,6,455,5,2,1,1.0,6.0,13055,M,,,13
201000022013,10,9,23,1640,1,2,1,1.0,6.0,13055,M,,,13
201000022014,10,1,19,200,5,2,1,1.0,3.0,13055,M,,,13
201000022015,10,8,21,30,5,2,1,1.0,6.0,13055,M,,,13
201000022016,10,8,30,1730,1,2,1,1.0,6.0,13055,M,,,13
201000022017,10,9,9,1440,1,2,1,1.0,6.0,13055,M,,,13
201000022018,10,9,15,1815,1,2,1,1.0,6.0,13055,M,,,13
201000022019,10,9,9,1015,1,2,1,1.0,6.0,13055,M,,,13
201000022020,10,9,13,1645,1,2,1,1.0,6.0,13055,M,,,13
201000022021,10,9,3,2015,2,2,1,1.0,1.0,13055,M,,,13
201000022022,10,9,6,1300,1,2,1,1.0,2.0,13055,M,,,13
201000022023,10,9,27,2250,5,2,6,1.0,3.0,13055,M,,,13
201000022024,10,9,27,1700,1,1,1,1.0,6.0,13055,M,,,13
201000022025,10,8,30,840,1,2,1,1.0,6.0,13055,M,,,13
201000022026,10,9,14,1000,1,2,1,1.0,6.0,13055,M,,,13
201000022027,10,9,21,1650,1,2,1,1.0,1.0,13055,M,,,13
201000022028,10,9,13,810,1,2,1,1.0,2.0,13055,M,,,13
201000022029,10,9,22,2140,5,2,1,1.0,6.0,13055,M,,,13
201000022030,10,9,4,2100,5,2,1,1.0,6.0,13055,M,,,13
201000022031,10,9,25,245,5,2,1,1.0,6.0,13055,M,,,13
201000022032,10,9,28,2000,5,2,1,1.0,6.0,13055,M,,,13
201000022033,10,8,29,1515,1,2,2,1.0,3.0,13055,M,,,13
201000022034,10,9,27,830,1,2,1,1.0,6.0,13055,M,,,13
201000022035,10,9,25,1130,1,2,1,1.0,1.0,13055,M,,,13
201000022036,10,9,17,1705,1,2,1,1.0,6.0,13055,M,,,13
201000022037,10,9,21,755,1,2,4,1.0,3.0,13075,M,,,13
201000022038,10,9,30,1230,1,2,1,1.0,6.0,13055,M,,,13
201000022039,10,10,4,2200,5,2,3,1.0,6.0,13055,M,,,13
201000022040,10,9,20,1730,1,2,1,1.0,6.0,13055,M,,,13
201000022041,10,8,12,815,1,2,1,1.0,6.0,13055,M,,,13
201000022042,10,9,22,1800,1,2,1,1.0,6.0,13055,M,,,13
201000022043,10,9,28,1630,1,2,3,1.0,3.0,13055,M,,,13
201000022044,10,9,24,2130,5,2,1,1.0,6.0,13055,M,,,13
201000022045,10,7,30,1630,1,2,1,1.0,6.0,13055,M,,,13
201000022046,10,9,5,1540,1,2,1,1.0,6.0,13055,M,,,13
201000022047,10,10,1,1635,1,2,1,1.0,6.0,13055,M,,,13
201000022048,10,9,30,2030,3,2,1,1.0,6.0,13055,M,,,13
201000022049,10,9,16,1715,1,2,1,1.0,3.0,13055,M,,,13
201000022050,10,9,30,1655,1,2,1,1.0,6.0,13055,M,,,13
201000022051,10,10,5,1015,1,2,1,1.0,2.0,13055,M,,,13
201000022052,10,9,15,1425,1,2,3,1.0,3.0,13055,M,,,13
201000022053,10,9,26,1640,1,2,1,1.0,6.0,13055,M,,,13
201000022054,10,9,20,845,1,2,1,1.0,6.0,13055,M,,,13
201000022055,10,7,17,1835,1,2,1,1.0,2.0,13055,M,,,13
201000022056,10,5,8,1420,1,2,3,1.0,6.0,13055,M,,,13
201000022057,10,9,14,200,5,2,1,1.0,6.0,13055,M,,,13
201000022058,10,8,2,1750,1,2,1,2.0,3.0,13055,M,,,13
201000022059,10,9,4,1150,1,2,1,1.0,6.0,13055,M,,,13
201000022060,10,9,1,830,1,2,1,1.0,4.0,13055,M,,,13
201000022061,10,9,2,1348,1,2,1,1.0,6.0,13055,M,,,13
201000022062,10,9,13,1515,1,2,1,1.0,6.0,13055,M,,,13
201000022063,10,9,27,1815,1,2,1,1.0,6.0,13055,M,,,13
201000022064,10,9,10,1720,1,2,1,1.0,6.0,13055,M,,,13
201000022065,10,5,30,1445,1,2,1,1.0,6.0,13055,M,,,13
201000022066,10,9,24,700,2,2,1,1.0,6.0,13055,M,,,13
201000022067,10,9,15,830,1,2,1,1.0,6.0,13055,M,,,13
201000022068,10,9,3,800,1,2,1,1.0,7.0,13055,M,,,13
201000022069,10,8,19,2115,5,2,1,1.0,6.0,13055,M,,,13
201000022070,10,9,19,430,5,2,1,1.0,6.0,13055,M,,,13
201000022071,10,9,16,830,1,2,1,1.0,6.0,13055,M,,,13
201000022072,10,9,5,720,1,2,1,1.0,6.0,13055,M,,,13
201000022073,10,9,15,1720,1,2,1,1.0,1.0,13055,M,,,13
201000022074,10,9,27,1430,1,2,3,1.0,3.0,13055,M,,,13
201000022075,10,9,11,220,5,2,1,1.0,7.0,13055,M,,,13
201000022076,10,9,1,1815,1,2,2,1.0,7.0,13055,M,,,13
201000022077,10,9,1,1320,1,2,1,1.0,6.0,13055,M,,,13
201000022078,10,8,4,1345,1,2,1,1.0,6.0,13055,M,,,13
201000022079,10,9,11,1850,1,2,1,1.0,6.0,13055,M,,,13
201000022080,10,8,31,920,1,2,2,1.0,3.0,13055,M,,,13
201000022081,10,8,23,1000,1,2,2,1.0,6.0,13055,M,,,13
201000022082,10,9,27,1545,1,2,7,1.0,2.0,13055,M,,,13
201000022083,10,9,14,1730,1,2,1,1.0,7.0,13055,M,,,13
201000022084,10,9,10,1737,1,2,1,1.0,2.0,13055,M,,,13
201000022085,10,5,12,910,1,2,1,1.0,2.0,13055,M,,,13
201000022086,10,9,16,1,5,1,1,1.0,2.0,13055,M,,,13
201000022087,10,9,3,15,5,2,1,1.0,2.0,13055,M,,,13
201000022088,10,9,10,1415,1,2,1,1.0,6.0,13055,M,,,13
201000022089,10,9,20,2130,5,2,1,1.0,2.0,13055,M,,,13
201000022090,10,10,2,2000,3,2,7,1.0,2.0,13055,M,,,13
201000022091,10,9,19,115,5,2,1,1.0,7.0,13055,M,,,13
201000022092,10,9,21,1200,1,2,1,1.0,6.0,13055,M,,,13
201000022093,10,9,15,2330,5,2,1,1.0,3.0,13055,M,,,13
201000022094,10,9,27,2042,3,2,1,1.0,6.0,13055,M,,,13
201000022095,10,9,21,30,5,2,1,1.0,6.0,13055,M,,,13
201000022096,10,9,24,1020,1,2,1,1.0,6.0,13055,M,,,13
201000022097,10,9,19,1500,1,2,1,1.0,6.0,13055,M,,,13
201000022098,10,10,1,1700,1,2,1,1.0,2.0,13055,M,,,13
201000022099,10,9,11,15,5,2,2,1.0,6.0,13055,M,,,13
201000022100,10,9,21,1840,1,2,2,1.0,6.0,13055,M,,,13
201000022101,10,9,22,1930,3,2,3,1.0,6.0,13055,M,,,13
201000022102,10,9,17,1000,1,2,1,1.0,6.0,13055,M,,,13
201000022103,10,9,17,1930,1,2,2,1.0,2.0,13055,M,,,13
201000022104,10,9,30,1000,1,2,1,1.0,6.0,13055,M,,,13
201000022105,10,10,4,1210,1,2,1,1.0,6.0,13055,M,,,13
201000022106,10,10,1,1900,2,2,1,1.0,2.0,13055,M,,,13
201000022107,10,9,10,1800,1,2,1,1.0,6.0,13055,M,,,13
201000022108,10,9,25,2140,5,2,3,1.0,6.0,13055,M,,,13
201000022109,10,9,23,910,1,2,1,1.0,6.0,13055,M,,,13
201000022110,10,9,21,1020,1,2,1,1.0,6.0,13055,M,,,13
201000022111,10,9,15,100,5,2,2,1.0,3.0,13055,M,,,13
201000022112,10,9,20,1840,1,2,1,1.0,6.0,13055,M,,,13
201000022113,10,8,4,1430,1,2,1,1.0,6.0,13055,M,,,13
201000022114,10,9,15,1000,1,2,1,1.0,6.0,13055,M,,,13
201000022115,10,9,24,1534,1,2,1,1.0,6.0,13055,M,,,13
201000022116,10,9,22,1740,1,2,3,1.0,6.0,13055,M,,,13
201000022117,10,8,3,1700,1,2,1,1.0,6.0,13055,M,,,13
201000022118,10,10,9,1010,1,2,1,1.0,6.0,13055,M,4328580.0,539861.0,13
201000022119,10,10,11,815,1,2,1,2.0,1.0,13055,M,,,13
201000022120,10,10,10,630,5,2,1,1.0,6.0,13055,M,,,13
201000022121,10,10,9,1500,1,2,6,1.0,3.0,13055,M,,,13
201000022122,10,9,25,1000,1,2,1,1.0,6.0,13055,M,,,13
201000022123,10,9,22,2210,5,2,3,1.0,6.0,13055,M,,,13
201000022124,10,8,28,2050,5,2,1,1.0,6.0,13055,M,,,13
201000022125,10,9,24,1700,1,2,1,1.0,6.0,13055,M,,,13
201000022126,10,10,1,1230,1,2,1,1.0,6.0,13055,M,,,13
201000022127,10,9,23,1830,1,2,1,1.0,5.0,13055,M,,,13
201000022128,10,9,21,1800,1,2,1,1.0,2.0,13055,M,,,13
201000022129,10,10,5,1815,1,2,1,1.0,6.0,13055,M,,,13
201000022130,10,9,22,1730,1,2,1,1.0,6.0,13055,M,,,13
201000022131,10,9,17,1445,1,2,1,1.0,6.0,13055,M,,,13
201000022132,10,10,5,545,2,2,1,1.0,6.0,13055,M,,,13
201000022133,10,9,13,1610,1,2,3,1.0,6.0,13055,M,,,13
201000022134,10,10,6,1430,1,2,1,1.0,7.0,13055,M,,,13
201000022135,10,10,6,730,2,2,3,1.0,7.0,13055,M,,,13
201000022136,10,9,27,1550,1,2,1,1.0,6.0,13002,M,,,13
201000022137,10,10,4,1320,1,1,1,2.0,6.0,13002,M,,,13
201000022138,10,10,9,900,1,2,1,1.0,6.0,13075,M,4334610.0,546223.0,13
201000022139,10,10,13,1315,1,2,1,1.0,6.0,13055,M,,,13
201000022140,10,10,13,2040,5,2,1,1.0,1.0,13055,M,,,13
201000022141,10,10,12,1510,1,2,1,1.0,1.0,13055,M,,,13
201000022142,10,10,9,1600,1,2,1,1.0,6.0,13055,M,,,13
201000022143,10,10,1,1415,1,2,3,2.0,6.0,13055,M,,,13
201000022144,10,9,18,1650,1,2,1,1.0,6.0,13055,M,,,13
201000022145,10,10,11,1030,1,2,1,2.0,6.0,13055,M,,,13
201000022146,10,9,23,940,1,2,1,1.0,6.0,13055,M,,,13
201000022147,10,10,5,1735,1,2,1,1.0,6.0,13055,M,,,13
201000022148,10,9,28,510,5,2,1,1.0,6.0,13055,M,,,13
201000022149,10,9,10,1750,1,2,1,1.0,6.0,13055,M,,,13
201000022150,10,9,16,1830,1,2,1,2.0,3.0,13055,M,,,13
201000022151,10,10,6,1000,1,2,1,1.0,6.0,13055,M,,,13
201000022152,10,10,6,830,1,2,1,1.0,6.0,13055,M,,,13
201000022153,10,10,9,1500,1,2,1,1.0,6.0,13055,M,,,13
201000022154,10,9,2,1430,1,2,4,1.0,3.0,13055,M,,,13
201000022155,10,10,6,930,1,2,1,1.0,6.0,13055,M,,,13
201000022156,10,10,4,1210,1,2,1,1.0,6.0,13055,M,,,13
201000022157,10,10,7,1620,1,2,1,1.0,6.0,13055,M,,,13
201000022158,10,9,24,755,1,2,3,1.0,6.0,13055,M,,,13
201000022159,10,10,14,1450,1,2,1,1.0,3.0,13055,M,,,13
201000022160,10,10,9,1350,1,2,1,8.0,3.0,13055,M,,,13
201000022161,10,9,21,740,1,2,1,1.0,6.0,13055,M,,,13
201000022162,10,10,14,1400,1,1,1,1.0,2.0,13055,M,,,13
201000022163,10,10,9,130,5,2,1,1.0,1.0,13055,M,,,13
201000022164,10,10,6,2245,5,2,1,1.0,2.0,13055,M,,,13
201000022165,10,10,16,1845,5,2,2,1.0,6.0,13055,M,,,13
201000022166,10,9,27,1800,1,2,1,1.0,6.0,13055,M,,,13
201000022167,10,10,16,2125,3,2,1,1.0,6.0,13055,M,,,13
201000022168,10,7,28,1340,1,2,1,1.0,6.0,13055,M,,,13
201000022169,10,9,4,1105,1,2,1,1.0,6.0,13055,M,,,13
201000022170,10,7,27,1640,1,2,1,1.0,6.0,13055,M,,,13
201000022171,10,10,5,2130,5,2,1,1.0,6.0,13055,M,,,13
201000022172,10,9,17,1100,1,2,1,1.0,6.0,13055,M,,,13
201000022173,10,10,17,1620,1,2,1,1.0,6.0,13055,M,,,13
201000022174,10,10,4,820,1,2,1,2.0,6.0,13055,M,,,13
201000022175,10,10,6,840,1,2,3,1.0,3.0,13055,M,,,13
201000022176,10,10,8,1345,1,2,1,1.0,1.0,13055,M,,,13
201000022177,10,10,9,1620,1,2,1,1.0,3.0,13055,M,,,13
201000022178,10,10,8,1545,1,2,1,1.0,4.0,13055,M,,,13
201000022179,10,10,8,104,4,2,1,1.0,7.0,13055,M,,,13
201000022180,10,10,1,840,1,2,5,1.0,6.0,13055,M,,,13
201000022181,10,9,15,1135,1,2,1,1.0,6.0,13055,M,,,13
201000022182,10,10,8,750,1,2,1,1.0,6.0,13055,M,,,13
201000022183,10,10,17,200,5,2,1,1.0,6.0,13055,M,,,13
201000022184,10,10,17,100,5,2,1,1.0,6.0,13055,M,,,13
201000022185,10,10,15,2210,5,2,1,1.0,6.0,13055,M,,,13
201000022186,10,10,8,1050,1,2,1,1.0,2.0,13055,M,,,13
201000022187,10,10,1,1205,1,2,1,1.0,6.0,13055,M,,,13
201000022188,10,10,14,1415,1,2,3,1.0,3.0,13055,M,,,13
201000022189,10,9,28,750,1,2,1,1.0,6.0,13055,M,,,13
201000022190,10,10,7,820,1,2,2,1.0,3.0,13055,M,,,13
201000022191,10,1,12,815,1,2,1,1.0,6.0,13055,M,,,13
201000022192,10,10,12,845,1,2,1,1.0,6.0,13055,M,,,13
201000022193,10,7,21,1640,1,2,1,1.0,6.0,13055,M,,,13
201000022194,10,9,29,1810,1,2,1,1.0,6.0,13055,M,,,13
201000022195,10,10,9,950,1,2,6,1.0,6.0,13055,M,,,13
201000022196,10,10,12,2040,5,2,1,1.0,6.0,13055,M,,,13
201000022197,10,10,11,1350,1,2,1,1.0,6.0,13055,M,,,13
201000022198,10,10,1,1630,1,2,1,1.0,6.0,13055,M,,,13
201000022199,10,9,29,945,1,2,1,1.0,6.0,13055,M,,,13
201000022200,10,10,13,1600,1,2,1,1.0,6.0,13055,M,,,13
201000022201,10,8,17,2035,1,2,1,1.0,2.0,13055,M,,,13
201000022202,10,10,7,1845,2,2,1,1.0,7.0,13055,M,,,13
201000022203,10,8,10,930,1,2,1,1.0,6.0,13055,M,,,13
201000022204,10,10,7,1415,1,2,1,1.0,3.0,13055,M,,,13
201000022205,10,10,25,830,1,2,1,2.0,6.0,13055,M,4331500.0,539113.0,13
201000022206,10,8,27,1955,1,2,1,1.0,6.0,13055,M,,,13
201000022207,10,10,23,1545,1,2,1,1.0,6.0,13055,M,,,13
201000022208,10,10,12,900,1,2,1,1.0,6.0,13055,M,,,13
201000022209,10,5,5,1015,1,2,3,1.0,6.0,13055,M,,,13
201000022210,10,10,16,1330,1,2,3,1.0,6.0,13055,M,,,13
201000022211,10,6,29,1330,1,2,1,1.0,6.0,13055,M,,,13
201000022212,10,8,27,1700,1,2,2,1.0,3.0,13055,M,,,13
201000022213,10,9,1,1545,1,2,1,1.0,6.0,13055,M,,,13
201000022214,10,9,19,1945,5,2,2,1.0,3.0,13055,M,,,13
201000022215,10,9,7,1900,1,2,1,1.0,6.0,13055,M,,,13
201000022216,10,2,5,1150,1,2,1,1.0,6.0,13055,M,,,13
201000022217,10,9,10,1000,1,2,1,1.0,6.0,13055,M,,,13
201000022218,10,9,16,755,1,2,1,1.0,6.0,13055,M,,,13
201000022219,10,6,4,1815,1,2,1,1.0,6.0,13055,M,,,13
201000022220,10,10,26,1735,1,2,1,1.0,6.0,13055,M,,,13
201000022221,10,10,3,1915,2,2,1,1.0,6.0,13055,M,,,13
201000022222,10,9,29,1825,1,2,1,1.0,6.0,13055,M,,,13
201000022223,10,9,15,2000,1,2,3,1.0,6.0,13055,M,,,13
201000022224,10,9,27,1345,1,2,1,1.0,6.0,13055,M,,,13
201000022225,10,9,14,1800,1,2,1,1.0,6.0,13055,M,,,13
201000022226,10,9,16,750,1,2,1,1.0,6.0,13055,M,,,13
201000022227,10,10,11,1745,1,2,1,1.0,6.0,13055,M,,,13
201000022228,10,9,27,1550,1,2,1,1.0,2.0,13055,M,,,13
201000022229,10,10,20,1240,1,2,3,1.0,6.0,13055,M,,,13
201000022230,10,10,20,1800,1,2,1,1.0,1.0,13055,M,,,13
201000022231,10,10,21,1350,1,2,1,1.0,1.0,13055,M,,,13
201000022232,10,10,5,940,1,2,2,1.0,3.0,13055,M,,,13
201000022233,10,10,11,730,5,2,1,1.0,6.0,13055,M,,,13
201000022234,10,10,20,920,1,2,3,1.0,3.0,13055,M,,,13
201000022235,10,10,14,2250,5,2,1,1.0,6.0,13055,M,,,13
201000022236,10,8,11,1900,5,2,2,1.0,3.0,13055,M,4328940.0,538169.0,13
201000022237,10,10,7,1710,1,2,1,1.0,7.0,13055,M,,,13
201000022238,10,10,22,1830,1,2,1,1.0,2.0,13055,M,,,13
201000022239,10,9,3,1845,1,2,1,1.0,6.0,13055,M,,,13
201000022240,10,10,23,1145,1,2,1,1.0,3.0,13055,M,,,13
201000022241,10,10,18,835,1,2,1,1.0,4.0,13055,M,,,13
201000022242,10,10,21,1630,1,2,1,1.0,3.0,13055,M,,,13
201000022243,10,10,13,1345,1,2,1,1.0,3.0,13055,M,,,13
201000022244,10,10,21,815,1,1,1,1.0,6.0,13002,M,4337140.0,550862.0,13
201000022245,10,10,20,1030,1,2,1,1.0,6.0,13055,M,,,13
201000022246,10,10,21,725,2,2,1,1.0,6.0,13075,M,4333900.0,545391.0,13
201000022247,10,10,12,845,1,2,1,1.0,2.0,13055,M,,,13
201000022248,10,10,9,1900,3,2,1,1.0,3.0,13055,M,,,13
201000022249,10,2,18,1845,5,2,1,1.0,2.0,13055,M,,,13
201000022250,10,5,15,2015,5,2,1,6.0,2.0,13055,M,,,13
201000022251,10,10,21,850,1,2,1,1.0,7.0,13055,M,,,13
201000022252,10,10,22,630,3,2,1,1.0,3.0,13055,M,,,13
201000022253,10,9,29,1410,1,2,2,1.0,3.0,13055,M,,,13
201000022254,10,10,30,100,5,2,6,1.0,6.0,13055,M,4323530.0,539888.0,13
201000022255,10,10,17,2110,5,2,1,1.0,6.0,13055,M,,,13
201000022256,10,10,20,1630,1,2,1,1.0,6.0,13055,M,,,13
201000022257,10,9,30,1900,2,2,1,1.0,3.0,13055,M,,,13
201000022258,10,8,19,1600,1,2,2,1.0,3.0,13055,M,,,13
201000022259,10,10,7,1750,1,2,1,1.0,6.0,13055,M,,,13
201000022260,10,10,11,1840,1,2,1,1.0,3.0,13055,M,,,13
201000022261,10,9,16,1800,1,2,2,1.0,6.0,13055,M,,,13
201000022262,10,9,12,2030,3,2,1,1.0,6.0,13055,M,,,13
201000022263,10,10,12,1635,1,2,1,1.0,3.0,13055,M,,,13
201000022264,10,10,11,715,2,2,6,2.0,6.0,13055,M,,,13
201000022265,10,10,8,1445,1,2,1,1.0,6.0,13055,M,,,13
201000022266,10,10,20,1450,1,2,1,1.0,6.0,13055,M,,,13
201000022267,10,10,5,1215,1,2,1,1.0,6.0,13055,M,,,13
201000022268,10,10,22,1430,1,2,1,1.0,6.0,13055,M,,,13
201000022269,10,10,15,1835,1,2,1,1.0,6.0,13055,M,,,13
201000022270,10,6,8,1705,1,2,1,1.0,6.0,13055,M,,,13
201000022271,10,10,12,1445,1,2,1,1.0,6.0,13055,M,,,13
201000022272,10,10,6,1440,1,2,1,1.0,6.0,13055,M,,,13
201000022273,10,9,5,1900,1,2,1,1.0,6.0,13055,M,,,13
201000022274,10,10,21,1345,1,2,1,3.0,6.0,13055,M,,,13
201000022275,10,8,19,1745,1,2,1,1.0,3.0,13055,M,,,13
201000022276,10,10,24,1800,1,2,1,1.0,6.0,13055,M,,,13
201000022277,10,11,3,915,1,2,1,1.0,6.0,13055,M,,,13
201000022278,10,10,31,220,5,2,1,2.0,2.0,13055,M,,,13
201000022279,10,10,7,1515,1,2,3,1.0,3.0,13055,M,4332930.0,538449.0,13
201000022280,10,10,20,1225,1,2,1,1.0,6.0,13055,M,,,13
201000022281,10,10,22,1400,1,2,1,1.0,3.0,13055,M,,,13
201000022282,10,10,23,840,1,2,1,1.0,2.0,13055,M,,,13
201000022283,10,8,25,2045,2,2,2,1.0,1.0,13055,M,,,13
201000022284,10,10,9,1620,1,2,1,1.0,3.0,13055,M,,,13
201000022285,10,10,7,1650,1,2,9,1.0,3.0,13055,M,,,13
201000022286,10,9,3,1010,1,2,1,1.0,2.0,13055,M,,,13
201000022287,10,10,5,1715,1,2,1,1.0,2.0,13055,M,,,13
201000022288,10,10,22,1750,1,2,1,1.0,2.0,13055,M,,,13
201000022289,10,9,29,1220,1,2,1,1.0,6.0,13055,M,,,13
201000022290,10,10,7,815,1,2,1,1.0,2.0,13055,M,,,13
201000022291,10,9,30,845,1,2,3,1.0,3.0,13055,M,,,13
201000022292,10,10,21,910,1,2,1,1.0,3.0,13055,M,,,13
201000022293,10,10,9,1540,1,2,1,1.0,4.0,13055,M,,,13
201000022294,10,10,8,1625,1,2,2,1.0,3.0,13055,M,,,13
201000022295,10,10,5,830,1,2,1,1.0,2.0,13055,M,,,13
201000022296,10,10,25,840,1,2,1,1.0,6.0,13055,M,,,13
201000022297,10,7,19,810,1,2,1,1.0,2.0,13055,M,,,13
201000022298,10,9,6,1105,1,2,3,1.0,3.0,13055,M,4330340.0,543762.0,13
201000022299,10,9,3,1830,1,2,1,1.0,3.0,13055,M,,,13
201000022300,10,9,10,1500,1,2,1,1.0,3.0,13055,M,,,13
201000022301,10,10,19,1720,1,2,1,1.0,6.0,13055,M,,,13
201000022302,10,10,13,2100,5,2,1,1.0,2.0,13075,M,4335170.0,547399.0,13
201000022303,10,9,29,1915,1,2,1,1.0,3.0,13055,M,,,13
201000022304,10,10,25,2300,5,2,1,1.0,3.0,13055,M,,,13
201000022305,10,9,16,15,3,2,1,1.0,6.0,13055,M,,,13
201000022306,10,10,31,2045,5,2,1,9.0,6.0,13055,M,,,13
201000022307,10,8,29,1510,1,2,1,1.0,6.0,13055,M,,,13
201000022308,10,10,7,1520,1,2,2,1.0,3.0,13055,M,,,13
201000022309,10,7,29,1800,1,2,1,1.0,6.0,13055,M,,,13
201000022310,10,10,13,725,1,2,3,2.0,3.0,13055,M,,,13
201000022311,10,9,14,1600,1,1,1,1.0,6.0,13055,M,,,13
201000022312,10,10,21,1530,1,2,1,1.0,6.0,13055,M,,,13
201000022313,10,10,20,2100,5,2,1,1.0,6.0,13055,M,,,13
201000022314,10,10,6,1615,1,2,1,1.0,7.0,13002,M,,,13
201000022315,10,10,27,1455,1,2,1,1.0,3.0,13055,M,,,13
201000022316,10,10,1,1730,1,2,1,1.0,6.0,13055,M,,,13
201000022317,10,9,23,1600,1,2,1,1.0,6.0,13055,M,,,13
201000022318,10,10,19,1350,1,2,1,1.0,6.0,13055,M,,,13
201000022319,10,10,18,1220,1,2,1,1.0,6.0,13055,M,,,13
201000022320,10,9,20,1130,1,2,1,1.0,6.0,13055,M,,,13
201000022321,10,7,12,915,1,2,1,1.0,6.0,13055,M,,,13
201000022322,10,10,18,1830,1,2,1,1.0,6.0,13055,M,,,13
201000022323,10,9,8,1845,1,1,1,1.0,1.0,13055,M,,,13
201000022324,10,9,29,1015,1,2,1,1.0,6.0,13055,M,,,13
201000022325,10,9,29,1225,1,1,1,1.0,6.0,13055,M,,,13
201000022326,10,10,6,1730,1,2,1,1.0,7.0,13055,M,,,13
201000022327,10,10,24,2000,5,2,3,2.0,3.0,13055,M,,,13
201000022328,10,10,1,2150,5,2,6,1.0,3.0,13055,M,,,13
201000022329,10,10,26,1800,5,2,1,1.0,6.0,13055,M,,,13
201000022330,10,10,28,800,1,2,1,1.0,6.0,13055,M,,,13
201000022331,10,10,3,1815,1,2,1,1.0,1.0,13055,M,,,13
201000022332,10,10,5,1625,1,2,1,1.0,2.0,13055,M,,,13
201000022333,10,10,31,320,5,2,1,2.0,6.0,13055,M,,,13
201000022334,10,10,5,1800,1,2,1,1.0,6.0,13055,M,,,13
201000022335,10,8,4,2030,3,2,1,1.0,4.0,13055,M,,,13
201000022336,10,10,7,450,5,2,2,1.0,3.0,13055,M,,,13
201000022337,10,9,19,130,5,2,3,1.0,3.0,13055,M,,,13
201000022338,10,10,11,1030,1,2,1,2.0,6.0,13055,M,,,13
201000022339,10,6,1,1800,1,2,1,1.0,1.0,13055,M,,,13
201000022340,10,10,14,1600,1,2,1,1.0,2.0,13055,M,,,13
201000022341,10,11,5,700,2,2,1,1.0,6.0,13055,M,,,13
201000022342,10,9,4,1550,1,2,1,1.0,6.0,13055,M,,,13