Num_Acc,an,mois,jour,hrmn,lum,agg,int,atm,col,com,gps,lat,long,dep
201000022343,10,10,11,800,1,2,1,1.0,3.0,13055,M,,,13
201000022344,10,9,22,1930,4,2,3,1.0,3.0,13055,M,,,13
201000022345,10,10,9,950,1,2,1,1.0,7.0,13055,M,,,13
201000022346,10,8,18,1430,1,2,3,1.0,3.0,13055,M,4328930.0,535760.0,13
201000022347,10,9,25,1945,5,2,2,1.0,6.0,13055,M,,,13
201000022348,10,10,1,1410,1,2,1,1.0,6.0,13055,M,,,13
201000022349,10,10,13,1645,1,2,1,1.0,6.0,13055,M,,,13
201000022350,10,10,14,1300,1,2,1,1.0,3.0,13055,M,,,13
201000022351,10,11,6,530,3,2,6,1.0,7.0,13055,M,,,13
201000022352,10,10,29,1015,1,2,3,1.0,6.0,13055,M,,,13
201000022353,10,10,23,1530,1,2,1,1.0,6.0,13055,M,,,13
201000022354,10,10,13,1225,1,2,1,1.0,3.0,13055,M,,,13
201000022355,10,10,20,1215,1,2,1,1.0,6.0,13055,M,,,13
201000022356,10,10,25,950,1,2,1,6.0,6.0,13055,M,,,13
201000022357,10,11,3,1730,2,2,1,1.0,6.0,13055,M,,,13
201000022358,10,10,24,2100,5,2,1,3.0,3.0,13055,M,,,13
201000022359,10,10,24,35,3,2,1,1.0,7.0,13055,M,4323680.0,550476.0,13
201000022360,10,10,30,1715,1,2,1,3.0,2.0,13055,M,,,13
201000022361,10,10,29,1415,1,2,1,1.0,2.0,13055,M,,,13
201000022362,10,10,12,1215,1,2,1,1.0,2.0,13055,M,,,13
201000022363,10,11,9,845,1,2,1,1.0,6.0,13055,M,,,13
201000022364,10,11,9,1840,4,2,2,1.0,6.0,13055,M,,,13
201000022365,10,11,4,1515,1,2,1,1.0,3.0,13055,M,,,13
201000022366,10,11,5,1610,1,2,1,1.0,3.0,13055,M,,,13
201000022367,10,10,29,1355,1,2,2,1.0,3.0,13055,M,,,13
201000022368,10,2,22,1220,1,2,1,1.0,3.0,13055,M,,,13
201000022369,10,11,6,100,5,2,1,1.0,3.0,13055,M,,,13
201000022370,10,10,19,1425,1,2,1,1.0,6.0,13055,M,,,13
201000022371,10,10,22,1230,1,1,1,1.0,6.0,13055,M,,,13
201000022372,10,11,2,1110,1,2,1,1.0,2.0,13055,M,,,13
201000022373,10,10,10,2200,5,2,3,8.0,3.0,13055,M,,,13
201000022374,10,10,30,1910,5,2,3,3.0,3.0,13055,M,,,13
201000022375,10,10,26,900,1,2,1,1.0,3.0,13055,M,,,13
201000022376,10,10,30,200,5,2,1,1.0,3.0,13055,M,,,13
201000022377,10,11,4,1430,1,2,1,1.0,6.0,13055,M,,,13
201000022378,10,11,5,1645,2,2,1,1.0,1.0,13055,M,,,13
201000022379,10,11,15,1450,1,2,1,8.0,6.0,13055,M,4323680.0,550475.0,13
201000022380,10,11,5,1940,3,2,1,1.0,4.0,13055,M,,,13
201000022381,10,8,18,1200,1,2,1,1.0,6.0,13055,M,,,13
201000022382,10,11,15,1945,5,2,1,1.0,6.0,13055,M,,,13
201000022383,10,11,11,2000,5,2,1,1.0,6.0,13055,M,,,13
201000022384,10,7,29,1840,1,2,1,1.0,2.0,13055,M,,,13
201000022385,10,11,11,2200,5,2,1,1.0,3.0,13055,M,,,13
201000022386,10,10,9,2000,4,2,1,1.0,4.0,13055,M,,,13
201000022387,10,11,3,1150,1,1,1,1.0,7.0,13002,M,,,13
201000022388,10,11,6,1820,1,2,1,1.0,3.0,13055,M,,,13
201000022389,10,11,6,1120,1,2,1,1.0,7.0,13075,M,,,13
201000022390,10,10,14,1600,1,2,1,1.0,6.0,13055,M,,,13
201000022391,10,10,27,1930,5,2,1,1.0,6.0,13055,M,,,13
201000022392,10,11,12,1615,1,2,7,1.0,3.0,13055,M,,,13
201000022393,10,11,14,1045,1,2,1,1.0,6.0,13055,M,,,13
201000022394,10,9,2,1945,1,2,1,1.0,6.0,13055,M,,,13
201000022395,10,9,10,2210,5,2,3,1.0,1.0,13055,M,,,13
201000022396,10,10,29,1535,1,2,1,1.0,3.0,13002,M,,,13
201000022397,10,11,7,1300,1,1,1,1.0,7.0,13002,M,,,13
201000022398,10,11,8,1700,5,2,1,2.0,6.0,13002,M,4336360.0,549597.0,13
201000022399,10,11,3,1445,1,2,1,1.0,3.0,13055,M,,,13
201000022400,10,11,14,1620,1,2,1,1.0,7.0,13055,M,,,13
201000022401,10,5,17,1850,1,2,1,1.0,2.0,13055,M,,,13
201000022402,10,11,10,1325,1,2,1,1.0,6.0,13055,M,,,13
201000022403,10,10,28,1515,1,2,1,1.0,1.0,13055,M,,,13
201000022404,10,11,11,1930,5,2,1,1.0,3.0,13055,M,,,13
201000022405,10,9,23,130,3,2,2,1.0,2.0,13055,M,,,13
201000022406,10,8,18,2100,2,2,1,1.0,3.0,13055,M,,,13
201000022407,10,11,18,2100,5,2,2,1.0,3.0,13055,M,4328280.0,540225.0,13
201000022408,10,11,18,2120,5,1,1,1.0,6.0,13075,M,,,13
201000022409,10,10,29,1340,1,2,3,1.0,6.0,13055,M,,,13
201000022410,10,9,23,1700,1,2,1,1.0,6.0,13055,M,,,13
201000022411,10,11,11,2000,4,2,1,1.0,6.0,13055,M,,,13
201000022412,10,11,4,1930,5,2,1,1.0,6.0,13055,M,,,13
201000022413,10,9,17,730,1,2,1,1.0,6.0,13055,M,,,13
201000022414,10,10,24,1530,1,2,1,1.0,6.0,13055,M,,,13
201000022415,10,11,4,1030,1,2,1,1.0,6.0,13055,M,,,13
201000022416,10,11,5,1125,1,2,1,1.0,3.0,13055,M,,,13
201000022417,10,11,3,1915,5,2,1,1.0,3.0,13055,M,,,13
201000022418,10,11,13,1110,1,2,1,1.0,3.0,13055,M,,,13
201000022419,10,11,6,1935,5,2,1,1.0,6.0,13055,M,,,13
201000022420,10,9,2,815,1,2,1,1.0,4.0,13055,M,,,13
201000022421,10,11,2,2000,5,2,1,1.0,3.0,13055,M,,,13
201000022422,10,10,27,1420,1,2,1,1.0,6.0,13055,M,,,13
201000022423,10,11,4,1220,1,2,3,1.0,1.0,13055,M,,,13
201000022424,10,10,10,1815,2,2,3,1.0,2.0,13055,M,4330010.0,537640.0,13
201000022425,10,8,3,1700,1,2,1,1.0,6.0,13055,M,,,13
201000022426,10,8,30,1050,1,2,1,1.0,6.0,13055,M,,,13
201000022427,10,11,10,925,1,2,3,2.0,3.0,13055,M,,,13
201000022428,10,11,11,1750,5,2,3,1.0,3.0,13055,M,,,13
201000022429,10,11,5,2130,5,2,1,1.0,3.0,13055,M,,,13
201000022430,10,10,29,2345,5,2,1,1.0,6.0,13055,M,,,13
201000022431,10,10,24,1900,5,2,1,2.0,6.0,13055,M,,,13
201000022432,10,11,10,2030,5,2,1,1.0,6.0,13055,M,,,13
201000022433,10,10,30,1800,2,2,1,1.0,6.0,13055,M,,,13
201000022434,10,10,28,1745,1,2,1,1.0,6.0,13055,M,,,13
201000022435,10,11,15,1310,1,2,1,8.0,2.0,13075,M,,,13
201000022436,10,10,6,1830,1,2,6,1.0,2.0,13055,M,,,13
201000022437,10,11,2,1615,1,2,1,1.0,2.0,13055,M,,,13
201000022438,10,11,16,945,1,2,1,8.0,3.0,13055,M,,,13
201000022439,10,10,12,2200,5,2,1,1.0,3.0,13055,M,,,13
201000022440,10,10,27,1750,1,2,3,1.0,3.0,13055,M,,,13
201000022441,10,9,21,2200,5,2,1,1.0,6.0,13055,M,,,13
201000022442,10,7,21,120,5,2,6,1.0,3.0,13055,M,,,13
201000022443,10,10,1,100,5,2,1,1.0,6.0,13055,M,,,13
201000022444,10,10,3,10,5,2,1,1.0,2.0,13055,M,,,13
201000022445,10,11,5,2030,2,2,1,1.0,7.0,13055,M,,,13
201000022446,10,11,17,2030,5,2,1,1.0,6.0,13055,M,,,13
201000022447,10,9,4,530,5,2,1,1.0,6.0,13055,M,,,13
201000022448,10,11,16,1950,5,2,1,1.0,3.0,13055,M,,,13
201000022449,10,11,15,2100,5,2,1,2.0,2.0,13055,M,,,13
201000022450,10,11,16,1510,1,2,2,1.0,3.0,13055,M,,,13
201000022451,10,11,17,1750,2,2,1,1.0,3.0,13055,M,,,13
201000022452,10,11,19,1615,1,2,1,1.0,6.0,13055,M,,,13
201000022453,10,10,30,2000,5,2,2,3.0,3.0,13055,M,,,13
201000022454,10,11,15,915,1,2,1,3.0,2.0,13055,M,,,13
201000022455,10,11,21,1435,1,1,1,2.0,1.0,13002,M,,,13
201000022456,10,11,19,935,1,2,6,1.0,3.0,13002,M,,,13
201000022457,10,9,29,1045,1,2,6,1.0,3.0,13055,M,,,13
201000022458,10,11,17,1840,5,2,3,1.0,1.0,13055,M,,,13
201000022459,10,11,25,335,5,2,1,1.0,6.0,13055,M,,,13
201000022460,10,11,25,335,5,2,1,1.0,6.0,13055,M,,,13
201000022461,10,11,18,1900,5,2,1,1.0,2.0,13055,M,,,13
201000022462,10,11,22,1730,5,2,6,3.0,6.0,13055,M,,,13
201000022463,10,10,30,1845,5,2,1,3.0,6.0,13055,M,,,13
201000022464,10,11,25,1450,1,2,1,1.0,3.0,13055,M,,,13
201000022465,10,11,18,2315,5,2,1,1.0,6.0,13055,M,,,13
201000022466,10,11,26,200,5,2,1,1.0,6.0,13055,M,,,13
201000022467,10,11,1,2145,5,2,3,2.0,6.0,13055,M,,,13
201000022468,10,7,24,1915,1,2,1,1.0,3.0,13055,M,,,13
201000022469,10,10,31,1430,1,2,1,3.0,6.0,13055,M,,,13
201000022470,10,11,1,20,5,2,2,1.0,4.0,13055,M,,,13
201000022471,10,11,8,1950,5,2,1,2.0,6.0,13055,M,,,13
201000022472,10,11,8,1500,1,2,1,1.0,2.0,13055,M,,,13
201000022473,10,7,24,1725,1,2,1,1.0,3.0,13055,M,,,13
201000022474,10,11,2,20,5,2,2,1.0,3.0,13055,M,,,13
201000022475,10,11,19,720,2,2,2,8.0,3.0,13055,M,,,13
201000022476,10,11,8,1845,5,2,3,2.0,3.0,13055,M,,,13
201000022477,10,11,9,1830,5,2,3,1.0,3.0,13055,M,,,13
201000022478,10,11,20,1615,1,2,3,1.0,3.0,13055,M,,,13
201000022479,10,11,7,1230,1,2,9,1.0,6.0,13055,M,,,13
201000022480,10,7,23,1520,1,2,1,1.0,4.0,13055,M,,,13
201000022481,10,11,24,1535,1,2,1,1.0,6.0,13055,M,,,13
201000022482,10,6,12,1810,1,2,3,1.0,2.0,13055,M,,,13
201000022483,10,11,18,745,1,2,1,1.0,6.0,13055,M,,,13
201000022484,10,6,8,830,1,2,1,1.0,3.0,13055,M,,,13
201000022485,10,11,14,1900,5,2,1,1.0,1.0,13055,M,,,13
201000022486,10,10,21,1545,1,2,1,1.0,6.0,13055,M,,,13
201000022487,10,11,28,700,5,2,1,3.0,6.0,13055,M,,,13
201000022488,10,11,1,645,4,2,3,1.0,3.0,13055,M,,,13
201000022489,10,11,17,2320,5,2,1,1.0,7.0,13055,M,,,13
201000022490,10,10,28,1645,1,2,2,1.0,3.0,13055,M,,,13
201000022491,10,11,19,920,1,2,1,1.0,6.0,13055,M,,,13
201000022492,10,10,19,1730,1,2,1,1.0,3.0,13055,M,,,13
201000022493,10,10,26,1240,1,2,3,1.0,3.0,13055,M,,,13
201000022494,10,10,16,1028,1,2,1,1.0,6.0,13055,M,,,13
201000022495,10,11,13,35,5,2,1,1.0,6.0,13055,M,,,13
201000022496,10,10,19,820,1,2,1,1.0,3.0,13055,M,,,13
201000022497,10,9,11,525,5,2,7,1.0,3.0,13055,M,,,13
201000022498,10,10,28,1630,1,2,1,1.0,2.0,13055,M,,,13
201000022499,10,11,22,1715,5,2,3,1.0,3.0,13055,M,,,13
201000022500,10,11,29,2040,5,2,1,1.0,1.0,13055,M,,,13
201000022501,10,9,28,255,5,2,1,1.0,2.0,13055,M,,,13
201000022502,10,11,17,1830,5,2,3,1.0,3.0,13055,M,,,13
201000022503,10,11,18,745,2,2,1,1.0,6.0,13055,M,,,13
201000022504,10,10,28,1815,5,2,1,1.0,6.0,13055,M,,,13
201000022505,10,11,17,1700,2,2,1,1.0,6.0,13055,M,,,13
201000022506,10,11,2,1,5,2,1,1.0,6.0,13055,M,,,13
201000022507,10,11,17,100,5,2,1,1.0,6.0,13055,M,,,13
201000022508,10,10,28,2130,5,2,2,1.0,3.0,13055,M,4328900.0,538399.0,13
201000022509,10,11,26,1300,1,2,1,1.0,2.0,13055,M,,,13
201000022510,10,11,2,1640,1,2,3,1.0,3.0,13055,M,,,13
201000022511,10,11,26,1515,1,2,3,1.0,7.0,13055,M,,,13
201000022512,10,12,1,2230,5,2,1,8.0,3.0,13055,M,,,13
201000022513,10,11,30,800,1,2,3,8.0,3.0,13055,M,,,13
201000022514,10,11,8,1700,5,1,2,2.0,6.0,13055,M,,,13
201000022515,10,11,30,1530,1,2,1,2.0,2.0,13055,M,,,13
201000022516,10,9,13,1000,1,2,3,1.0,3.0,13055,M,,,13
201000022517,10,11,27,1745,5,2,1,3.0,3.0,13055,M,,,13
201000022518,10,11,24,1900,5,2,1,1.0,6.0,13055,M,,,13
201000022519,10,11,21,1330,1,2,1,1.0,6.0,13055,M,,,13
201000022520,10,12,2,1625,1,2,1,1.0,6.0,13055,M,,,13
201000022521,10,12,2,1435,1,2,1,1.0,6.0,13055,M,,,13
201000022522,10,11,24,1310,1,2,1,1.0,6.0,13055,M,,,13
201000022523,10,11,29,1630,1,2,1,1.0,6.0,13055,M,,,13
201000022524,10,10,19,720,5,2,1,1.0,6.0,13055,M,,,13
201000022525,10,9,18,1800,1,2,1,1.0,6.0,13055,M,,,13
201000022526,10,9,6,1640,2,2,1,1.0,6.0,13055,M,,,13
201000022527,10,11,10,1745,2,1,1,1.0,6.0,13055,M,,,13
201000022528,10,11,5,1815,5,2,1,1.0,6.0,13055,M,,,13
201000022529,10,12,7,300,5,1,1,1.0,6.0,13055,M,,,13
201000022530,10,11,30,1525,1,2,1,3.0,6.0,13055,M,,,13
201000022531,10,9,27,1110,1,2,1,1.0,6.0,13055,M,,,13
201000022532,10,10,7,1410,1,2,1,1.0,2.0,13055,M,,,13
201000022533,10,10,7,1700,1,2,1,1.0,3.0,13055,M,,,13
201000022534,10,9,14,1630,1,2,1,1.0,7.0,13055,M,,,13
201000022535,10,9,16,1220,1,2,1,1.0,1.0,13055,M,,,13
201000022536,10,9,27,525,2,2,1,1.0,6.0,13055,M,,,13
201000022537,10,12,4,2135,5,2,1,1.0,6.0,13055,M,,,13
201000022538,10,11,26,730,5,2,1,1.0,6.0,13055,M,,,13
201000022539,10,10,28,1643,1,2,1,1.0,6.0,13055,M,,,13
201000022540,10,11,22,1700,1,2,1,1.0,6.0,13055,M,,,13
201000022541,10,11,1,2130,5,2,1,1.0,6.0,13055,M,,,13
201000022542,10,11,25,1000,1,2,1,1.0,6.0,13055,M,,,13
201000022543,10,10,27,630,5,2,3,1.0,6.0,13055,M,,,13
201000022544,10,11,19,1600,1,1,1,1.0,6.0,13055,M,,,13
201000022545,10,11,18,1445,1,1,1,1.0,6.0,13055,M,,,13
201000022546,10,11,30,1455,1,2,1,1.0,6.0,13055,M,,,13
201000022547,10,10,5,930,1,2,2,1.0,3.0,13055,M,,,13
201000022548,10,11,27,1930,5,2,1,1.0,5.0,13055,M,,,13
201000022549,10,11,19,1830,5,2,1,1.0,6.0,13055,M,,,13
201000022550,10,10,9,2045,5,2,1,1.0,3.0,13055,M,,,13
201000022551,10,11,19,2345,5,2,3,1.0,3.0,13055,M,,,13
201000022552,10,11,19,1120,1,2,1,1.0,6.0,13055,M,,,13
201000022553,10,11,13,1945,5,2,3,1.0,3.0,13002,M,,,13
201000022554,10,11,22,50,5,2,3,1.0,6.0,13055,M,,,13
201000022555,10,11,22,1340,1,2,1,1.0,2.0,13055,M,,,13
201000022556,10,11,22,1800,5,2,1,1.0,6.0,13055,M,,,13
201000022557,10,8,30,810,1,2,1,7.0,7.0,13055,M,,,13
201000022558,10,11,29,1530,1,2,1,1.0,4.0,13055,M,,,13
201000022559,10,10,15,1900,2,2,1,1.0,3.0,13055,M,,,13
201000022560,10,10,10,2145,5,2,1,1.0,3.0,13055,M,,,13
201000022561,10,11,25,1420,1,2,1,1.0,3.0,13055,M,,,13
201000022562,10,11,30,1230,1,2,1,1.0,5.0,13055,M,,,13
201000022563,10,12,6,900,1,2,1,8.0,6.0,13055,M,4327190.0,540563.0,13
201000022564,10,12,8,930,1,2,1,1.0,6.0,13055,M,,,13
201000022565,10,12,5,500,5,2,3,1.0,3.0,13055,M,,,13
201000022566,10,11,15,520,2,2,3,1.0,3.0,13055,M,,,13
201000022567,10,11,16,1600,1,2,1,1.0,3.0,13055,M,,,13
201000022568,10,11,23,640,2,2,2,1.0,3.0,13055,M,,,13
201000022569,10,12,9,655,1,2,1,1.0,1.0,13055,M,,,13
201000022570,10,11,26,900,1,2,3,1.0,3.0,13055,M,,,13
201000022571,10,10,30,1820,5,2,1,3.0,3.0,13055,M,,,13
201000022572,10,12,4,1020,1,2,1,1.0,7.0,13055,M,,,13
201000022573,10,11,22,2100,5,2,3,1.0,3.0,13055,M,,,13
201000022574,10,11,29,1700,5,2,1,1.0,3.0,13055,M,,,13
201000022575,10,12,9,2010,5,2,1,1.0,2.0,13055,M,,,13
201000022576,10,12,9,2220,5,2,1,1.0,2.0,13055,M,,,13
201000022577,10,11,13,1650,2,2,1,1.0,6.0,13055,M,,,13
201000022578,10,10,13,1720,1,2,1,1.0,2.0,13055,M,,,13
201000022579,10,11,9,1130,1,2,1,1.0,2.0,13055,M,,,13
201000022580,10,11,10,1250,1,2,1,1.0,6.0,13055,M,,,13
201000022581,10,9,26,2000,2,2,2,1.0,3.0,13055,M,,,13
201000022582,10,11,12,1515,1,2,1,1.0,6.0,13055,M,,,13
201000022583,10,11,12,2020,3,2,3,1.0,3.0,13055,M,,,13
201000022584,10,11,9,605,5,2,1,1.0,6.0,13055,M,,,13
201000022585,10,11,15,1530,1,2,1,2.0,3.0,13055,M,,,13
201000022586,10,11,16,2140,5,2,1,1.0,6.0,13055,M,,,13
201000022587,10,11,3,1600,1,2,1,1.0,2.0,13055,M,,,13
201000022588,10,11,3,2000,5,2,2,1.0,3.0,13055,M,,,13
201000022589,10,11,13,1640,2,2,1,1.0,3.0,13055,M,,,13
201000022590,10,11,8,730,1,2,1,1.0,2.0,13055,M,,,13
201000022591,10,11,19,2015,5,2,1,1.0,6.0,13055,M,,,13
201000022592,10,11,13,1210,1,2,1,1.0,6.0,13055,M,,,13
201000022593,10,12,12,700,5,2,1,1.0,2.0,13055,M,,,13
201000022594,10,12,10,1430,1,2,1,1.0,2.0,13055,M,,,13
201000022595,10,12,10,1500,1,2,1,1.0,3.0,13055,M,,,13
201000022596,10,10,22,905,1,2,3,1.0,6.0,13002,M,,,13
201000022597,10,11,9,1400,1,2,1,1.0,6.0,13055,M,,,13
201000022598,10,12,3,2030,5,2,1,1.0,6.0,13055,M,,,13
201000022599,10,12,14,2035,5,2,6,1.0,3.0,13055,M,,,13
201000022600,10,6,24,840,1,2,1,1.0,6.0,13055,M,,,13
201000022601,10,12,15,420,5,2,1,2.0,1.0,13055,M,,,13
201000022602,10,12,16,1045,1,2,1,1.0,6.0,13055,M,,,13
201000022603,10,10,4,1100,1,2,1,2.0,2.0,13055,M,,,13
201000022604,10,11,10,1815,2,2,1,1.0,5.0,13055,M,,,13
201000022605,10,11,1,1530,1,2,1,2.0,3.0,13055,M,,,13
201000022606,10,11,24,800,1,2,1,1.0,6.0,13055,M,,,13
201000022607,10,11,19,5,5,2,3,1.0,2.0,13055,M,,,13
201000022608,10,11,26,730,1,2,2,1.0,6.0,13055,M,,,13
201000022609,10,12,6,1700,5,2,1,2.0,2.0,13055,M,,,13
201000022610,10,12,2,1130,1,2,3,1.0,3.0,13055,M,,,13
201000022611,10,11,12,1520,1,2,1,1.0,2.0,13055,M,,,13
201000022612,10,11,2,945,1,2,1,1.0,2.0,13055,M,,,13
201000022613,10,12,5,1320,1,2,1,1.0,2.0,13055,M,,,13
201000022614,10,12,6,830,1,2,3,1.0,6.0,13055,M,,,13
201000022615,10,12,8,1420,1,2,1,1.0,3.0,13055,M,,,13
201000022616,10,12,11,820,2,2,1,1.0,6.0,13055,M,,,13
201000022617,10,11,9,1232,1,2,1,1.0,3.0,13055,M,,,13
201000022618,10,10,20,1145,1,2,9,1.0,3.0,13055,M,,,13
201000022619,10,9,27,1500,1,2,1,1.0,6.0,13055,M,,,13
201000022620,10,12,21,1530,1,2,2,3.0,3.0,13055,M,,,13
201000022621,10,12,4,1045,1,2,1,1.0,3.0,13055,M,,,13
201000022622,10,12,3,2230,5,2,1,1.0,3.0,13055,M,,,13
201000022623,10,12,22,2230,5,2,1,2.0,7.0,13055,M,4327120.0,536292.0,13
201000022624,10,11,30,1400,1,2,2,2.0,7.0,13055,M,,,13
201000022625,10,12,4,1120,1,2,1,1.0,3.0,13055,M,,,13
201000022626,10,10,29,715,5,2,1,1.0,2.0,13055,M,,,13
201000022627,10,10,22,1400,1,2,1,1.0,6.0,13055,M,,,13
201000022628,10,10,7,1245,1,2,1,1.0,6.0,13055,M,,,13
201000022629,10,10,14,855,1,2,1,1.0,3.0,13055,M,,,13
201000022630,10,12,3,1015,1,2,1,1.0,6.0,13055,M,,,13
201000022631,10,11,25,1810,5,2,1,2.0,7.0,13055,M,,,13
201000022632,10,11,7,1945,5,2,3,1.0,3.0,13055,M,,,13
201000022633,10,10,20,1020,1,2,1,2.0,3.0,13055,M,,,13
201000022634,10,12,14,1750,2,2,1,1.0,6.0,13055,M,,,13
201000022635,10,12,14,1645,2,2,3,1.0,3.0,13055,M,,,13
201000022636,10,11,27,1145,1,2,1,1.0,4.0,13055,M,,,13
201000022637,10,12,1,1955,5,2,1,1.0,3.0,13055,M,,,13
201000022638,10,11,12,1705,1,2,1,1.0,6.0,13055,M,,,13
201000022639,10,11,16,930,1,2,1,1.0,6.0,13055,M,,,13
201000022640,10,10,13,835,1,2,1,8.0,3.0,13055,M,,,13
201000022641,10,10,28,730,1,2,1,1.0,2.0,13055,M,,,13
201000022642,10,11,13,2000,5,2,2,1.0,3.0,13055,M,,,13
201000022643,10,12,1,1700,1,2,2,1.0,7.0,13055,M,,,13
201000022644,10,11,17,2015,5,2,1,1.0,6.0,13055,M,,,13
201000022645,10,11,26,1935,5,2,3,1.0,3.0,13055,M,4348520.0,522302.0,13
201000022646,10,12,17,2305,5,2,1,1.0,7.0,13055,M,,,13
201000022647,10,9,28,1140,1,2,1,1.0,7.0,13055,M,,,13
201000022648,10,11,5,2330,5,2,1,1.0,3.0,13055,M,,,13
201000022649,10,12,8,1445,1,2,1,1.0,6.0,13055,M,,,13
201000022650,10,12,10,1455,1,2,1,1.0,6.0,13055,M,,,13
201000022651,10,12,18,1945,5,2,1,1.0,6.0,13055,M,,,13
201000022652,10,12,14,730,1,2,6,1.0,3.0,13002,M,,,13
201000022653,10,11,28,2200,5,2,2,1.0,3.0,13055,M,,,13
201000022654,10,11,26,1545,1,2,1,1.0,3.0,13055,M,,,13
201000022655,10,12,20,1130,1,2,3,1.0,3.0,13055,M,,,13
201000022656,10,11,26,700,2,2,1,1.0,3.0,13055,M,,,13
201000022657,10,12,15,1845,3,1,1,1.0,6.0,13002,M,4337110.0,553392.0,13
201000022658,10,12,10,1855,5,2,1,1.0,7.0,13075,M,,,13
201000022659,10,12,3,1230,1,2,1,1.0,3.0,13055,M,,,13
201000022660,10,11,24,2315,5,2,2,1.0,3.0,13055,M,,,13
201000022661,10,11,25,1745,1,2,2,2.0,3.0,13055,M,,,13
201000022662,10,12,6,2052,5,2,2,1.0,3.0,13055,M,,,13
201000022663,10,12,12,310,5,2,2,1.0,6.0,13055,M,,,13
201000022664,10,12,12,1420,1,2,1,1.0,3.0,13055,M,,,13
201000022665,10,12,19,1200,1,2,1,1.0,7.0,13055,M,,,13
201000022666,10,10,23,1815,1,2,1,1.0,3.0,13055,M,,,13
201000022667,10,12,22,1100,1,2,1,1.0,2.0,13055,M,,,13
201000022668,10,12,27,1845,5,2,1,1.0,5.0,13055,M,,,13
201000022669,10,11,16,1130,1,2,1,1.0,7.0,13055,M,,,13
201000022670,10,12,18,235,3,2,1,1.0,6.0,13055,M,,,13
201000022671,10,12,4,1200,1,2,1,1.0,6.0,13055,M,,,13
201000022672,10,6,1,1825,1,2,1,1.0,6.0,13055,M,,,13
201000022673,10,12,24,1315,1,2,1,1.0,2.0,13055,M,,,13
201000022674,10,12,22,430,5,2,1,2.0,7.0,13055,M,,,13
201000022675,10,9,28,2320,5,2,3,1.0,7.0,13055,M,,,13
201000022676,10,12,1,650,5,2,1,2.0,5.0,13055,M,,,13
201000022677,10,11,25,815,1,2,1,1.0,6.0,13055,M,,,13
201000022678,10,4,27,1330,1,2,1,1.0,7.0,13055,M,,,13
201000022679,10,10,6,1505,1,2,3,1.0,3.0,13055,M,,,13
201000022680,10,12,13,1600,1,2,1,1.0,6.0,13055,M,,,13
201000022681,10,12,16,1215,1,2,1,1.0,3.0,13055,M,,,13
201000022682,10,12,20,1200,1,2,1,1.0,3.0,13055,M,,,13
201000022683,10,12,17,1810,5,2,4,1.0,3.0,13055,M,,,13
201000022684,10,12,4,2015,5,2,1,1.0,3.0,13055,M,,,13
201000022685,10,10,28,1605,1,2,1,1.0,3.0,13055,M,,,13
201000022686,10,11,3,1640,1,2,1,1.0,2.0,13055,M,,,13
201000022687,10,11,21,1800,5,2,1,3.0,4.0,13055,M,,,13
201000022688,10,11,29,1945,5,2,1,1.0,6.0,13055,M,,,13
201000022689,10,11,5,1700,1,2,1,1.0,3.0,13055,M,,,13
201000022690,10,12,19,1130,1,2,1,1.0,3.0,13055,M,,,13
201000022691,10,11,27,1540,1,2,2,3.0,6.0,13055,M,,,13
201000022692,10,12,17,1330,1,2,1,1.0,6.0,13055,M,,,13
201000022693,10,12,22,1345,1,2,3,8.0,3.0,13055,M,,,13
201000022694,10,12,17,1340,1,2,1,8.0,3.0,13055,M,,,13
201000022695,10,12,9,820,1,2,1,1.0,6.0,13055,M,,,13
201000022696,10,12,22,820,1,2,1,1.0,6.0,13055,M,,,13
201000022697,10,12,30,1730,5,2,1,1.0,6.0,13055,M,,,13
201000022698,10,12,30,2040,5,2,1,1.0,6.0,13055,M,,,13
201000022699,10,10,20,900,1,2,3,1.0,6.0,13055,M,,,13
201000022700,10,12,14,1440,1,2,2,1.0,3.0,13055,M,,,13
201000022701,10,12,17,1100,1,2,1,1.0,3.0,13055,M,,,13
201000022702,10,12,21,1820,5,2,1,3.0,3.0,13055,M,,,13
201000022703,10,12,12,1640,1,2,1,1.0,7.0,13055,M,,,13
201000022704,10,11,19,25,5,2,2,1.0,3.0,13055,M,,,13
201000022705,10,12,10,1450,1,2,2,1.0,3.0,13055,M,,,13
201000022706,10,12,10,1205,1,2,1,1.0,2.0,13055,M,,,13
201000022707,10,12,14,1020,1,2,2,1.0,3.0,13055,M,,,13
201000022708,10,9,18,740,2,2,1,1.0,6.0,13055,M,,,13
201000022709,10,12,15,1845,5,2,2,1.0,3.0,13055,M,,,13
201000022710,10,12,7,915,1,2,1,1.0,3.0,13055,M,,,13
201000022711,10,12,3,1420,1,2,1,1.0,6.0,13055,M,,,13
201000022712,10,11,30,1715,1,2,3,1.0,3.0,13055,M,,,13
201000022713,10,12,7,1930,5,2,3,1.0,3.0,13055,M,,,13
201000022714,10,12,24,1140,1,1,1,1.0,6.0,13055,M,,,13
201000022715,10,10,21,1950,3,2,1,1.0,2.0,13055,M,,,13
201000022716,10,1,2,2230,5,2,1,1.0,7.0,13055,M,,,13
201000022717,10,1,4,1800,5,2,1,1.0,6.0,13055,M,,,13
201000022718,10,1,7,1215,1,2,1,1.0,3.0,13202,M,,,13
201000022719,10,1,10,1220,1,2,2,1.0,3.0,13202,M,,,13