Num_Acc,an,mois,jour,hrmn,lum,agg,int,atm,col,com,gps,lat,long,dep
201000022720,10,1,10,300,5,2,1,2.0,1.0,13203,M,,,13
201000022721,10,1,12,830,1,2,1,1.0,6.0,13202,M,,,13
201000022722,10,1,12,1915,5,2,1,2.0,3.0,13214,M,,,13
201000022723,10,1,17,1800,5,2,1,1.0,2.0,13055,M,,,13
201000022724,10,1,21,1850,5,2,1,1.0,6.0,13055,M,,,13
201000022725,10,1,21,2130,5,2,1,1.0,2.0,13203,M,,,13
201000022726,10,1,22,1625,1,2,3,1.0,3.0,13055,M,,,13
201000022727,10,1,22,2130,5,2,1,1.0,3.0,13213,M,,,13
201000022728,10,1,23,1320,1,2,6,1.0,3.0,13055,M,,,13
201000022729,10,1,24,2245,5,2,1,1.0,1.0,13214,M,,,13
201000022730,10,1,1,125,5,2,1,2.0,6.0,13201,M,,,13
201000022731,10,1,4,1815,5,2,1,1.0,3.0,13205,M,,,13
201000022732,10,1,5,1330,1,2,1,1.0,6.0,13201,M,,,13
201000022733,10,1,6,1350,1,2,1,1.0,6.0,13201,M,,,13
201000022734,10,1,6,1850,5,2,1,1.0,2.0,13205,M,,,13
201000022735,10,1,8,645,5,2,1,2.0,3.0,13205,M,,,13
201000022736,10,1,8,2340,5,2,2,1.0,3.0,13055,M,4330420.0,539260.0,13
201000022737,10,1,10,445,5,2,1,1.0,2.0,13204,M,,,13
201000022738,10,1,14,1240,1,2,1,3.0,6.0,13204,M,,,13
201000022739,10,1,14,2225,5,2,1,1.0,6.0,13205,M,,,13
201000022740,10,1,15,1130,1,2,1,1.0,3.0,13205,M,,,13
201000022741,10,1,19,1354,1,2,1,1.0,6.0,13204,M,,,13
201000022742,10,1,19,2245,5,2,1,1.0,2.0,13205,M,,,13
201000022743,10,1,23,2200,5,2,1,1.0,7.0,13205,M,,,13
201000022744,10,12,5,215,5,2,2,1.0,3.0,13055,M,,,13
201000022745,10,12,7,720,1,2,3,1.0,3.0,13055,M,,,13
201000022746,10,12,9,1710,5,2,1,1.0,3.0,13055,M,,,13
201000022747,10,1,11,1015,1,2,1,1.0,6.0,13208,M,,,13
201000022748,10,1,11,1830,5,2,1,1.0,6.0,13208,M,,,13
201000022749,10,1,12,745,1,2,1,1.0,6.0,13210,M,,,13
201000022750,10,1,13,620,5,2,3,2.0,7.0,13208,M,,,13
201000022751,10,1,28,1345,1,2,3,1.0,5.0,13055,M,,,13
201000022752,10,7,13,150,3,1,1,1.0,7.0,13055,M,4324650.0,540794.0,13
201000022753,10,8,30,1230,1,2,7,1.0,6.0,13055,M,4330650.0,537411.0,13
201000022754,10,1,2,1845,5,2,2,1.0,3.0,13208,M,,,13
201000022755,10,1,5,1100,1,2,1,8.0,6.0,13208,M,,,13
201000022756,10,1,2,1630,1,2,1,1.0,1.0,13002,M,4333100.0,548831.0,13
201000022757,10,1,7,725,5,2,1,1.0,6.0,13055,M,,,13
201000022758,10,1,11,1910,5,2,1,1.0,6.0,13055,M,,,13
201000022759,10,1,15,2235,5,2,1,1.0,2.0,13209,M,,,13
201000022760,10,1,16,435,5,2,1,1.0,6.0,13209,M,,,13
201000022761,10,1,19,1630,1,2,6,1.0,2.0,13055,M,,,13
201000022762,10,1,21,915,1,2,1,1.0,3.0,13208,M,,,13
201000022763,10,1,21,1630,1,2,1,1.0,6.0,13055,M,,,13
201000022764,10,1,21,2105,5,2,1,1.0,1.0,13055,M,,,13
201000022765,10,1,23,850,1,2,1,1.0,6.0,13055,M,,,13
201000022766,10,1,31,230,5,2,1,1.0,6.0,13055,M,,,13
201000022767,10,6,13,315,5,2,1,1.0,2.0,13055,M,,,13
201000022768,10,1,6,1050,1,2,1,1.0,6.0,13211,M,,,13
201000022769,10,1,7,1200,1,2,1,1.0,2.0,13055,M,,,13
201000022770,10,1,8,1940,5,2,1,8.0,1.0,13210,M,,,13
201000022771,10,1,13,1600,1,2,1,1.0,6.0,13212,M,,,13
201000022772,10,1,14,750,2,2,1,3.0,6.0,13210,M,,,13
201000022773,10,1,15,1845,5,2,1,1.0,3.0,13208,M,,,13
201000022774,10,1,18,2020,5,2,9,1.0,3.0,13211,M,,,13
201000022775,10,1,21,730,1,2,1,1.0,3.0,13055,M,,,13
201000022776,10,1,25,2030,5,2,3,1.0,1.0,13055,M,4328620.0,540710.0,13
201000022777,10,1,26,1145,1,2,1,1.0,3.0,13055,M,,,13
201000022778,10,1,31,1700,1,1,2,1.0,2.0,13055,M,,,13
201000022779,10,4,4,530,5,2,1,2.0,1.0,13055,M,,,13
201000022780,10,6,10,820,1,2,1,1.0,2.0,13055,M,,,13
201000022781,10,12,12,1410,1,2,1,1.0,1.0,13055,M,,,13
201000022782,10,1,2,2000,5,2,1,1.0,3.0,13055,M,,,13
201000022783,10,1,3,1910,5,2,3,2.0,3.0,13210,M,,,13
201000022784,10,1,4,15,5,2,6,2.0,3.0,13055,M,4325430.0,538203.0,13
201000022785,10,1,5,1340,1,2,1,1.0,6.0,13055,M,,,13
201000022786,10,1,6,1030,1,2,1,1.0,6.0,13055,M,4328640.0,546827.0,13
201000022787,10,1,6,1600,1,2,1,1.0,3.0,13211,M,,,13
201000022788,10,1,7,815,1,2,1,1.0,6.0,13055,M,4327220.0,539133.0,13
201000022789,10,1,18,1145,1,2,1,1.0,4.0,13055,M,,,13
201000022790,10,1,20,1810,3,1,1,1.0,6.0,13002,M,4337810.0,553823.0,13
201000022791,10,1,21,2130,3,2,1,1.0,4.0,13055,M,,,13
201000022792,10,1,22,1850,5,2,1,1.0,2.0,13208,M,,,13
201000022793,10,1,22,1630,1,2,1,1.0,6.0,13055,M,,,13
201000022794,10,1,23,845,1,2,1,1.0,3.0,13208,M,,,13
201000022795,10,1,23,1740,2,2,1,1.0,6.0,13055,M,,,13
201000022796,10,1,27,1300,1,2,1,1.0,2.0,13210,M,,,13
201000022797,10,2,27,2246,5,2,1,1.0,2.0,13055,M,,,13
201000022798,10,1,6,1145,1,2,1,1.0,2.0,13212,M,,,13
201000022799,10,1,7,1720,5,2,1,2.0,1.0,13055,M,,,13
201000022800,10,1,9,30,5,2,1,1.0,6.0,13055,M,,,13
201000022801,10,1,10,1420,1,2,1,1.0,2.0,13055,M,,,13
201000022802,10,1,14,840,1,2,1,2.0,6.0,13055,M,,,13
201000022803,10,1,18,1225,1,2,6,1.0,2.0,13211,M,,,13
201000022804,10,1,18,2245,5,2,1,1.0,7.0,13208,M,,,13
201000022805,10,1,25,1620,1,2,2,1.0,3.0,13055,M,,,13
201000022806,10,1,30,2300,5,2,1,1.0,7.0,13055,M,,,13
201000022807,10,6,24,650,1,2,2,1.0,3.0,13055,M,,,13
201000022808,10,10,1,750,1,2,1,1.0,6.0,13055,M,,,13
201000022809,10,1,3,1900,5,2,1,2.0,3.0,13055,M,,,13
201000022810,10,1,6,2000,5,2,1,1.0,5.0,13215,M,,,13
201000022811,10,1,7,115,5,2,1,1.0,6.0,13215,M,,,13
201000022812,10,1,10,600,2,2,1,8.0,3.0,13215,M,,,13
201000022813,10,1,14,735,1,2,1,2.0,3.0,13213,M,,,13
201000022814,10,1,14,1550,1,2,1,2.0,3.0,13213,M,,,13
201000022815,10,1,15,535,5,2,1,2.0,3.0,13055,M,4333280.0,543629.0,13
201000022816,10,1,17,615,5,2,1,8.0,6.0,13055,M,,,13
201000022817,10,1,19,930,1,2,1,1.0,3.0,13213,M,,,13
201000022818,10,1,19,1130,1,2,1,1.0,2.0,13055,M,,,13
201000022819,10,1,21,1630,1,2,1,1.0,6.0,13213,M,,,13
201000022820,10,1,22,750,1,2,1,1.0,6.0,13215,M,,,13
201000022821,10,1,22,1120,1,2,1,1.0,3.0,13213,M,,,13
201000022822,10,6,8,2200,5,2,1,1.0,3.0,13055,M,,,13
201000022823,10,1,2,1615,1,2,1,1.0,3.0,13055,M,,,13
201000022824,10,1,5,1030,1,2,1,1.0,3.0,13055,M,,,13
201000022825,10,1,7,1900,5,2,1,3.0,6.0,13214,M,,,13
201000022826,10,1,12,1800,5,2,1,1.0,6.0,13213,M,,,13
201000022827,10,1,13,1830,5,2,1,1.0,2.0,13214,M,,,13
201000022828,10,1,15,730,1,2,3,1.0,2.0,13213,M,,,13
201000022829,10,1,15,1210,1,2,1,1.0,6.0,13214,M,,,13
201000022830,10,1,20,1630,1,2,1,8.0,6.0,13055,M,,,13
201000022831,10,1,21,1400,1,2,1,1.0,2.0,13213,M,,,13
201000022832,10,1,7,1830,5,2,1,3.0,6.0,13055,M,,,13
201000022833,10,1,8,740,2,2,1,3.0,6.0,13215,M,,,13
201000022834,10,1,14,1330,1,2,1,3.0,5.0,13214,M,,,13
201000022835,10,1,15,35,5,2,1,2.0,6.0,13215,M,,,13
201000022836,10,1,16,740,5,2,3,1.0,3.0,13214,M,,,13
201000022837,10,1,21,730,2,2,1,1.0,2.0,13213,M,,,13
201000022838,10,1,7,1150,1,2,1,1.0,7.0,13215,M,,,13
201000022839,10,1,7,1830,5,2,2,2.0,6.0,13055,M,,,13
201000022840,10,1,19,1015,1,2,3,1.0,2.0,13055,M,,,13
201000022841,10,6,4,1240,1,2,1,1.0,2.0,13055,M,,,13
201000022842,10,6,14,1630,1,2,3,8.0,3.0,13055,M,,,13
201000022843,10,1,2,1020,1,2,1,1.0,7.0,13002,M,4334150.0,547312.0,13
201000022844,10,1,7,2030,5,2,4,2.0,2.0,13055,M,,,13
201000022845,10,1,8,1930,5,2,1,1.0,2.0,13055,M,,,13
201000022846,10,1,13,1200,1,2,1,1.0,3.0,13075,M,4334750.0,546391.0,13
201000022847,10,1,14,1340,1,2,6,3.0,2.0,13002,M,4332700.0,548239.0,13
201000022848,10,1,15,830,1,2,1,1.0,3.0,13075,M,4334740.0,546377.0,13
201000022849,10,1,19,1920,5,2,1,1.0,3.0,13055,M,,,13
201000022850,10,1,22,745,1,2,1,1.0,7.0,13211,M,,,13
201000022851,10,1,22,1200,1,2,1,1.0,3.0,13208,M,,,13
201000022852,10,1,23,955,1,2,1,1.0,2.0,13211,M,,,13
201000022853,10,1,25,715,2,2,3,1.0,3.0,13002,M,4333250.0,546386.0,13
201000022854,10,1,28,1000,1,2,1,1.0,2.0,13212,M,,,13
201000022855,10,2,19,1845,5,2,1,1.0,1.0,13002,M,4333940.0,547660.0,13
201000022856,10,6,7,2235,5,2,1,1.0,7.0,13055,M,,,13
201000022857,10,6,14,1330,1,2,2,1.0,3.0,13055,M,,,13
201000022858,10,1,1,1150,1,2,1,1.0,7.0,13056,M,,,13
201000022859,10,1,15,2118,3,1,1,1.0,1.0,13026,M,4339310.0,518796.0,13
201000022860,10,1,21,1210,2,2,3,1.0,3.0,13077,M,,,13
201000022861,10,1,13,1750,2,1,3,1.0,3.0,13056,M,,,13
201000022862,10,1,14,830,1,2,2,1.0,3.0,13026,M,,,13
201000022863,10,1,13,1940,3,1,1,1.0,3.0,13039,M,4347860.0,486233.0,13
201000022864,10,1,7,1040,1,2,1,1.0,2.0,13056,M,,,13
201000022865,10,1,15,745,2,2,2,1.0,3.0,13039,M,,,13
201000022866,10,2,5,1620,1,2,1,1.0,2.0,13056,M,,,13
201000022867,10,2,3,1530,1,1,1,1.0,2.0,13039,M,,,13
201000022868,10,2,20,1345,1,2,1,1.0,3.0,13039,M,4343240.0,494647.0,13
201000022869,10,2,26,700,2,1,1,2.0,7.0,13039,M,,,13
201000022870,10,1,16,1300,1,2,1,1.0,1.0,13056,M,,,13
201000022871,10,2,26,1115,1,2,1,1.0,2.0,13077,M,,,13
201000022872,10,2,7,1745,1,2,3,1.0,3.0,13056,M,4341160.0,504372.0,13
201000022873,10,2,25,1100,1,1,9,1.0,3.0,13039,M,4348670.0,488535.0,13
201000022874,10,1,7,2040,5,2,1,3.0,3.0,13056,M,4340690.0,503940.0,13
201000022875,10,3,2,1310,1,1,1,1.0,7.0,13077,M,,,13
201000022876,10,2,26,1215,1,1,1,1.0,7.0,13026,M,,,13
201000022877,10,3,1,1500,1,2,1,1.0,2.0,13039,M,,,13
201000022878,10,3,23,2250,5,2,3,1.0,3.0,13056,M,,,13
201000022879,10,3,28,720,2,1,9,1.0,7.0,13026,M,4338190.0,519241.0,13
201000022880,10,3,1,1455,1,1,4,1.0,7.0,13039,M,,,13
201000022881,10,4,1,815,1,2,1,1.0,6.0,13056,M,4341020.0,502995.0,13
201000022882,10,3,26,1750,2,2,2,1.0,3.0,13039,M,,,13
201000022883,10,4,12,1315,1,2,3,2.0,7.0,13039,M,,,13
201000022884,10,3,31,1855,1,2,1,1.0,3.0,13056,M,,,13
201000022885,10,3,29,1150,1,1,1,1.0,4.0,13056,M,4341340.0,500776.0,13
201000022886,10,4,13,1905,4,2,1,1.0,6.0,13039,M,,,13
201000022887,10,4,13,1500,1,1,1,1.0,6.0,13056,M,,,13
201000022888,10,4,27,1545,1,1,1,1.0,7.0,13039,M,,,13
201000022889,10,4,27,1245,1,2,3,1.0,2.0,13056,M,,,13
201000022890,10,5,9,230,3,1,1,8.0,7.0,13039,M,,,13
201000022891,10,5,15,550,2,1,1,1.0,3.0,13039,M,4349220.0,496458.0,13
201000022892,10,5,12,1315,1,1,1,1.0,7.0,13077,M,,,13
201000022893,10,5,7,1350,1,2,1,1.0,6.0,13056,M,,,13
201000022894,10,5,5,1230,1,2,3,2.0,6.0,13077,M,,,13
201000022895,10,5,3,1315,1,1,1,1.0,3.0,13026,M,,,13
201000022896,10,4,20,930,1,2,1,1.0,3.0,13077,M,,,13
201000022897,10,5,23,1445,1,1,1,1.0,6.0,13026,M,,,13
201000022898,10,5,25,730,1,2,1,1.0,2.0,13077,M,4341580.0,498363.0,13
201000022899,10,5,19,1445,1,2,1,1.0,3.0,13056,M,,,13
201000022900,10,5,25,1335,1,2,1,1.0,6.0,13077,M,,,13
201000022901,10,5,25,1,3,1,1,1.0,7.0,13039,M,,,13
201000022902,10,6,3,2310,4,2,1,1.0,1.0,13056,M,4340410.0,505688.0,13
201000022903,10,6,15,1600,1,1,1,3.0,1.0,13039,M,,,13
201000022904,10,6,2,800,1,1,9,1.0,3.0,13039,M,,,13
201000022905,10,6,30,1407,1,1,1,1.0,7.0,13039,M,,,13
201000022906,10,6,28,1645,1,1,1,1.0,1.0,13056,M,4336190.0,505518.0,13
201000022907,10,7,1,1450,1,2,1,1.0,3.0,13056,M,,,13
201000022908,10,7,2,1540,1,2,1,1.0,1.0,13056,M,,,13
201000022909,10,6,27,2325,3,1,1,1.0,3.0,13039,M,,,13
201000022910,10,6,26,1205,1,2,3,1.0,3.0,13056,M,,,13
201000022911,10,6,29,1435,1,1,1,1.0,7.0,13077,M,,,13
201000022912,10,6,28,1730,1,2,1,1.0,3.0,13026,M,,,13
201000022913,10,6,18,1605,1,2,1,1.0,3.0,13056,M,4340010.0,504161.0,13
201000022914,10,6,30,1830,1,1,1,1.0,2.0,13039,M,,,13
201000022915,10,6,6,1140,1,2,1,1.0,3.0,13026,M,,,13
201000022916,10,6,15,1955,1,2,1,1.0,7.0,13077,M,,,13
201000022917,10,7,22,700,1,2,9,1.0,3.0,13056,M,4341020.0,503880.0,13
201000022918,10,7,27,720,2,1,1,1.0,3.0,13039,M,,,13
201000022919,10,7,21,1900,1,1,1,1.0,7.0,13077,M,,,13
201000022920,10,7,21,1050,1,2,2,1.0,3.0,13056,M,,,13
201000022921,10,7,24,1445,1,2,1,1.0,6.0,13056,M,,,13
201000022922,10,7,27,1420,1,2,1,1.0,1.0,13077,M,,,13
201000022923,10,7,28,1540,1,2,2,1.0,3.0,13056,M,,,13
201000022924,10,7,22,700,1,2,1,1.0,2.0,13056,M,,,13
201000022925,10,8,1,750,1,2,1,1.0,6.0,13056,M,,,13
201000022926,10,7,1,1610,1,1,9,1.0,3.0,13039,M,,,13
201000022927,10,7,16,1310,1,1,9,1.0,7.0,13039,M,,,13
201000022928,10,7,22,1225,1,2,1,1.0,5.0,13056,M,,,13
201000022929,10,7,25,130,5,2,3,1.0,3.0,13077,M,,,13
201000022930,10,8,14,1245,1,1,3,1.0,3.0,13077,M,,,13
201000022931,10,8,20,1450,1,1,1,1.0,6.0,13056,M,4337310.0,506294.0,13
201000022932,10,8,29,550,3,1,1,1.0,6.0,13039,M,4348690.0,488526.0,13
201000022933,10,8,18,645,1,1,1,1.0,6.0,13039,M,,,13
201000022934,10,8,25,820,1,2,1,1.0,7.0,13056,M,4339930.0,506318.0,13
201000022935,10,8,29,1300,1,2,1,1.0,6.0,13077,M,,,13
201000022936,10,9,11,450,5,2,1,1.0,7.0,13056,M,,,13
201000022937,10,9,7,1540,1,2,1,1.0,6.0,13026,M,,,13
201000022938,10,9,10,1445,1,1,1,1.0,6.0,13039,M,,,13
201000022939,10,9,9,1500,1,1,3,1.0,3.0,13026,M,,,13
201000022940,10,7,16,1825,1,2,1,1.0,3.0,13056,M,4341000.0,503185.0,13
201000022941,10,9,18,545,3,1,1,1.0,3.0,13039,M,,,13
201000022942,10,8,30,1100,1,2,3,1.0,6.0,13056,M,,,13
201000022943,10,9,6,850,1,2,1,1.0,6.0,13039,M,,,13
201000022944,10,9,7,1020,1,2,3,2.0,3.0,13056,M,,,13
201000022945,10,9,7,1805,1,2,1,1.0,5.0,13056,M,,,13
201000022946,10,9,7,1730,1,1,1,1.0,3.0,13077,M,,,13
201000022947,10,9,13,1700,1,2,1,1.0,2.0,13056,M,,,13
201000022948,10,9,15,1826,2,2,9,1.0,3.0,13056,M,,,13
201000022949,10,9,17,1505,1,2,1,1.0,1.0,13077,M,,,13
201000022950,10,8,21,1915,2,2,1,7.0,3.0,13056,M,,,13
201000022951,10,9,22,1705,1,1,1,1.0,7.0,13039,M,,,13
201000022952,10,9,23,1103,1,2,1,1.0,3.0,13056,M,,,13
201000022953,10,10,2,1830,2,1,2,1.0,2.0,13039,M,,,13
201000022954,10,10,4,1600,1,2,1,2.0,3.0,13056,M,,,13
201000022955,10,10,4,1350,1,1,1,2.0,1.0,13077,M,,,13
201000022956,10,10,8,1810,2,1,1,1.0,7.0,13056,M,,,13
201000022957,10,10,17,1845,1,1,1,6.0,1.0,13056,M,,,13
201000022958,10,10,17,630,3,1,1,1.0,2.0,13039,M,,,13
201000022959,10,10,19,1310,1,1,1,1.0,3.0,13039,M,,,13
201000022960,10,10,18,1445,1,2,2,1.0,3.0,13077,M,,,13
201000022961,10,10,16,2020,3,1,1,1.0,1.0,13056,M,,,13
201000022962,10,10,21,1605,1,2,1,1.0,5.0,13077,M,,,13
201000022963,10,10,22,2230,4,2,3,1.0,3.0,13056,M,,,13
201000022964,10,10,24,2045,3,1,3,1.0,3.0,13077,M,,,13
201000022965,10,10,26,1100,1,2,3,1.0,3.0,13056,M,,,13
201000022966,10,11,14,250,5,1,1,1.0,7.0,13026,M,,,13
201000022967,10,10,29,1015,1,1,1,1.0,3.0,13039,M,4344760.0,493699.0,13
201000022968,10,11,9,2015,5,2,1,1.0,7.0,13056,M,,,13
201000022969,10,10,31,1900,3,2,1,3.0,6.0,13026,M,,,13
201000022970,10,11,26,545,5,2,9,1.0,2.0,13077,M,,,13
201000022971,10,11,28,1805,5,2,1,2.0,2.0,13056,M,,,13
201000022972,10,11,25,1415,1,2,3,1.0,2.0,13056,M,,,13
201000022973,10,12,5,1050,1,2,1,3.0,7.0,13056,M,,,13
201000022974,10,12,12,1600,1,2,1,1.0,6.0,13056,M,,,13
201000022975,10,12,14,1400,1,2,1,1.0,2.0,13056,M,,,13
201000022976,10,12,18,1635,1,2,1,1.0,3.0,13056,M,,,13
201000022977,10,11,28,1800,5,2,1,1.0,1.0,13056,M,,,13
201000022978,10,11,13,1440,1,1,1,1.0,7.0,13039,M,,,13
201000022979,10,2,19,1705,1,2,1,1.0,1.0,13078,M,,,13
201000022980,10,3,11,1745,1,2,2,1.0,5.0,13078,M,,,13
201000022981,10,3,16,800,1,2,1,1.0,6.0,13078,M,4338520.0,480547.0,13
201000022982,10,6,4,1840,1,1,1,1.0,3.0,13078,M,4342110.0,475223.0,13
201000022983,10,6,15,1350,1,1,1,1.0,6.0,13078,M,4340810.0,479067.0,13
201000022984,10,6,23,1210,1,1,3,1.0,3.0,13078,M,,,13
201000022985,10,7,8,830,1,2,1,1.0,6.0,13078,M,4342820.0,482168.0,13
201000022986,10,8,25,1600,1,2,1,1.0,6.0,13078,M,,,13
201000022987,10,9,11,230,3,1,1,1.0,7.0,13078,M,,,13
201000022988,10,10,21,1805,1,2,1,1.0,3.0,13078,M,,,13
201000022989,10,10,22,1040,1,1,1,1.0,6.0,13078,M,4342460.0,476114.0,13
201000022990,10,11,3,1800,5,2,1,1.0,3.0,13078,M,,,13
201000022991,10,11,13,1250,1,2,1,1.0,7.0,13078,M,,,13
201000022992,10,12,13,805,1,1,1,1.0,7.0,13078,M,,,13
201000022993,10,12,22,1150,1,2,2,1.0,3.0,13078,M,,,13
201000022994,10,1,13,1455,1,1,1,1.0,4.0,13103,M,,,13
201000022995,10,1,20,1215,1,2,3,1.0,2.0,13103,M,,,13
201000022996,10,1,27,755,1,2,1,9.0,2.0,13103,M,,,13
201000022997,10,3,4,2120,5,2,3,1.0,3.0,13103,M,,,13
201000022998,10,3,14,1915,5,2,1,1.0,5.0,13103,M,,,13
201000022999,10,4,7,2135,5,2,1,2.0,7.0,13103,M,4364050.0,509472.0,13
201000023000,10,4,27,1120,1,2,6,1.0,6.0,13103,M,4363760.0,509765.0,13
201000023001,10,5,9,135,3,2,1,8.0,6.0,13103,M,,,13
201000023002,10,5,11,1605,1,1,1,1.0,2.0,13103,M,,,13
201000023003,10,5,17,1345,1,2,1,1.0,6.0,13103,M,,,13
201000023004,10,5,28,20,5,2,2,1.0,3.0,13103,M,,,13
201000023005,10,5,30,1345,1,1,1,1.0,6.0,13103,M,,,13
201000023006,10,6,6,1320,1,1,3,1.0,5.0,13103,M,4367340.0,509213.0,13
201000023007,10,6,11,1310,1,2,1,1.0,2.0,13103,M,,,13
201000023008,10,6,30,2050,1,2,2,1.0,2.0,13103,M,,,13
201000023009,10,7,8,1150,1,2,1,1.0,4.0,13103,M,,,13
201000023010,10,7,13,20,3,1,1,1.0,2.0,13103,M,4364040.0,505141.0,13
201000023011,10,7,27,855,1,2,1,1.0,6.0,13103,M,,,13
201000023012,10,8,24,945,1,2,1,1.0,6.0,13103,M,,,13
201000023013,10,8,27,1855,1,2,1,1.0,2.0,13103,M,,,13
201000023014,10,9,5,1400,1,2,1,1.0,7.0,13103,M,4364250.0,511722.0,13
201000023015,10,9,7,1800,1,2,1,1.0,1.0,13103,M,,,13
201000023016,10,9,11,1800,1,2,1,1.0,6.0,13103,M,,,13
201000023017,10,9,15,1710,1,2,4,1.0,2.0,13103,M,4362610.0,507704.0,13
201000023018,10,9,16,2055,5,2,1,2.0,6.0,13103,M,,,13
201000023019,10,10,2,1650,1,2,1,1.0,2.0,13103,M,,,13
201000023020,10,10,14,1650,1,2,1,1.0,3.0,13103,M,4368480.0,509389.0,13
201000023021,10,11,12,1320,1,2,9,1.0,3.0,13103,M,,,13
201000023022,10,11,26,1355,1,2,1,1.0,6.0,13103,M,,,13
201000023023,10,12,17,335,3,2,1,1.0,6.0,13103,M,4362250.0,508768.0,13
201000023024,10,12,19,1320,1,1,1,1.0,3.0,13103,M,4366630.0,507688.0,13
201000023025,10,1,5,1720,3,1,2,2.0,3.0,13108,M,4377960.0,468126.0,13
201000023026,10,1,5,2055,3,1,1,1.0,6.0,13108,M,4379840.0,468161.0,13
201000023027,10,1,6,710,3,1,3,1.0,3.0,13108,M,,,13
201000023028,10,1,15,1800,3,1,3,1.0,2.0,13108,M,,,13
201000023029,10,4,16,2120,5,2,2,1.0,6.0,13108,M,4381780.0,466369.0,13
201000023030,10,4,2,610,2,1,1,1.0,1.0,13108,M,4379770.0,468678.0,13
201000023031,10,4,29,1930,2,1,3,1.0,3.0,13108,M,,,13
201000023032,10,5,11,910,1,1,1,8.0,3.0,13108,M,,,13
201000023033,10,5,1,630,1,1,1,1.0,7.0,13096,M,4354360.0,440106.0,13
201000023034,10,5,1,930,1,2,1,1.0,6.0,13108,M,4380850.0,466363.0,13
201000023035,10,4,23,1651,1,1,1,1.0,3.0,13108,M,4383180.0,465165.0,13
201000023036,10,5,24,1835,1,1,1,1.0,3.0,13108,M,4384270.0,467640.0,13
201000023037,10,5,27,1340,1,2,6,1.0,3.0,13108,M,,,13
201000023038,10,6,11,1840,1,1,1,3.0,7.0,13108,M,4382880.0,471064.0,13
201000023039,10,6,14,1600,1,2,2,1.0,3.0,13108,M,,,13
201000023040,10,6,16,1920,1,2,3,8.0,6.0,13108,M,4380450.0,466396.0,13
201000023041,10,6,19,1400,1,1,1,1.0,3.0,13108,M,,,13
201000023042,10,6,22,1245,1,2,2,6.0,3.0,13108,M,,,13
201000023043,10,6,22,1410,1,2,1,6.0,7.0,13108,M,,,13
201000023044,10,6,26,350,3,1,1,1.0,7.0,13108,M,4379810.0,468405.0,13
201000023045,10,7,5,2130,3,1,1,1.0,6.0,13108,M,4384360.0,467686.0,13
201000023046,10,7,6,1850,1,1,1,1.0,6.0,13108,M,4374710.0,471292.0,13
201000023047,10,7,9,130,3,1,1,1.0,1.0,13108,M,,,13
201000023048,10,7,26,815,1,2,1,1.0,6.0,13108,M,,,13
201000023049,10,7,31,2015,1,1,1,1.0,7.0,13108,M,4379720.0,468884.0,13
201000023050,10,8,7,1205,1,1,1,1.0,3.0,13108,M,4377330.0,468709.0,13
201000023051,10,8,16,700,1,2,3,1.0,3.0,13108,M,4379510.0,466929.0,13
201000023052,10,9,1,1046,1,1,1,1.0,1.0,13108,M,4381910.0,466206.0,13
201000023053,10,9,13,1545,1,1,1,1.0,1.0,13108,M,,,13
201000023054,10,10,28,2235,5,2,3,1.0,3.0,13108,M,4380430.0,466276.0,13
201000023055,10,10,29,1700,1,2,1,1.0,7.0,13108,M,,,13
201000023056,10,11,11,30,3,1,1,8.0,6.0,13108,M,,,13
201000023057,10,11,21,1625,1,2,2,2.0,3.0,13108,M,,,13
201000023058,10,12,9,1340,1,1,1,6.0,5.0,13108,M,4378290.0,467883.0,13
201000023059,10,12,20,1723,3,1,2,2.0,3.0,13108,M,,,13
201000023060,10,1,4,720,3,1,1,2.0,6.0,13117,M,4344740.0,523859.0,13
201000023061,10,1,4,1740,5,1,1,1.0,5.0,13117,M,,,13
201000023062,10,1,6,1305,1,2,1,1.0,6.0,13117,M,,,13
201000023063,10,1,9,1900,5,2,1,2.0,7.0,13071,M,,,13
201000023064,10,1,14,1145,1,2,1,1.0,3.0,13071,M,,,13
201000023065,10,1,9,900,1,2,1,2.0,6.0,13071,M,,,13
201000023066,10,1,13,1845,4,2,1,1.0,6.0,13117,M,4344670.0,524792.0,13
201000023067,10,1,15,1015,1,1,1,1.0,3.0,13071,M,,,13
201000023068,10,1,15,1825,5,2,1,1.0,6.0,13117,M,,,13
201000023069,10,1,16,1910,3,2,1,1.0,2.0,13117,M,,,13
201000023070,10,1,22,1840,3,2,3,1.0,2.0,13117,M,,,13
201000023071,10,1,25,1310,1,1,1,1.0,3.0,13117,M,,,13
201000023072,10,1,29,1540,1,2,1,1.0,7.0,13117,M,,,13
201000023073,10,1,31,1920,4,2,1,1.0,7.0,13117,M,4345240.0,523640.0,13
201000023074,10,2,2,1535,1,2,1,1.0,6.0,13117,M,,,13
201000023075,10,2,4,1830,5,2,3,2.0,6.0,13117,M,,,13
201000023076,10,2,6,1920,3,1,1,1.0,2.0,13071,M,,,13
201000023077,10,2,10,2040,3,1,1,6.0,1.0,13117,M,,,13
201000023078,10,2,12,1155,1,2,1,1.0,3.0,13071,M,,,13
201000023079,10,2,14,1920,5,2,1,1.0,5.0,13117,M,4343080.0,526681.0,13
201000023080,10,2,17,715,5,2,3,1.0,3.0,13117,M,,,13
201000023081,10,2,19,1400,1,2,1,8.0,7.0,13117,M,,,13
201000023082,10,2,24,755,1,2,1,1.0,6.0,13117,M,,,13