Num_Acc,an,mois,jour,hrmn,lum,agg,int,atm,col,com,gps,lat,long,dep
201000023083,10,2,25,1725,1,1,1,1.0,7.0,13117,M,4343850.0,528530.0,13
201000023084,10,2,27,1635,1,1,1,1.0,5.0,13117,M,,,13
201000023085,10,2,26,1730,1,1,1,1.0,2.0,13117,M,,,13
201000023086,10,3,1,1900,5,2,1,1.0,3.0,13071,M,,,13
201000023087,10,3,2,15,3,1,1,1.0,7.0,13117,M,4344990.0,529839.0,13
201000023088,10,3,3,1030,1,2,9,1.0,1.0,13117,M,,,13
201000023089,10,3,4,1540,1,1,1,1.0,2.0,13071,M,,,13
201000023090,10,3,4,1953,3,1,1,1.0,6.0,13117,M,4344110.0,523318.0,13
201000023091,10,3,17,810,1,2,1,1.0,2.0,13117,M,,,13
201000023092,10,3,18,930,1,2,1,1.0,3.0,13071,M,,,13
201000023093,10,3,27,1645,1,2,1,1.0,2.0,13117,M,,,13
201000023094,10,3,29,1844,1,1,1,1.0,4.0,13117,M,,,13
201000023095,10,4,2,1330,1,2,1,1.0,2.0,13117,M,,,13
201000023096,10,4,2,1800,1,2,1,1.0,6.0,13071,M,,,13
201000023097,10,4,4,1430,1,2,6,1.0,7.0,13071,M,4341710.0,528313.0,13
201000023098,10,4,9,730,1,2,1,1.0,1.0,13071,M,,,13
201000023099,10,4,10,535,5,2,3,1.0,1.0,13117,M,,,13
201000023100,10,4,23,1045,1,2,1,2.0,3.0,13117,M,,,13
201000023101,10,4,24,2100,5,2,3,1.0,3.0,13117,M,,,13
201000023102,10,4,25,1615,1,2,1,1.0,3.0,13071,M,,,13
201000023103,10,4,7,1920,2,2,1,2.0,7.0,13117,M,,,13
201000023104,10,4,29,1040,1,2,1,1.0,2.0,13117,M,,,13
201000023105,10,4,29,1415,1,2,1,1.0,3.0,13071,M,,,13
201000023106,10,4,30,2050,5,2,1,1.0,2.0,13071,M,,,13
201000023107,10,5,2,920,1,1,1,3.0,3.0,13117,M,,,13
201000023108,10,5,3,1810,1,1,1,2.0,2.0,13117,M,,,13
201000023109,10,5,4,955,1,2,1,2.0,2.0,13117,M,,,13
201000023110,10,5,7,1030,1,2,1,1.0,1.0,13117,M,,,13
201000023111,10,5,8,200,5,2,1,2.0,1.0,13071,M,,,13
201000023112,10,5,11,755,1,1,1,8.0,4.0,13117,M,,,13
201000023113,10,5,11,1350,1,2,1,8.0,2.0,13117,M,,,13
201000023114,10,5,12,1555,1,1,3,1.0,3.0,13117,M,4347060.0,523137.0,13
201000023115,10,5,16,1800,1,1,1,6.0,7.0,13117,M,,,13
201000023116,10,5,17,1518,1,2,1,6.0,3.0,13071,M,,,13
201000023117,10,5,19,1430,1,2,6,1.0,2.0,13117,M,4343140.0,526557.0,13
201000023118,10,5,19,1545,1,2,1,1.0,7.0,13117,M,4342510.0,524854.0,13
201000023119,10,5,19,1545,1,2,1,1.0,7.0,13117,M,4342510.0,524854.0,13
201000023120,10,5,19,1730,1,2,6,1.0,3.0,13055,M,,,13
201000023121,10,5,22,1310,1,2,3,1.0,6.0,13071,M,4337740.0,534762.0,13
201000023122,10,5,22,1550,1,1,1,1.0,4.0,13117,M,,,13
201000023123,10,5,24,1615,1,2,1,1.0,7.0,13117,M,,,13
201000023124,10,5,25,1120,1,2,6,1.0,6.0,13117,M,4343140.0,526557.0,13
201000023125,10,5,26,940,1,2,1,1.0,1.0,13117,M,,,13
201000023126,10,5,28,1200,1,2,1,1.0,5.0,13117,M,,,13
201000023127,10,5,29,1600,1,2,1,1.0,6.0,13117,M,4342300.0,528515.0,13
201000023128,10,5,29,1710,1,1,1,1.0,2.0,13117,M,,,13
201000023129,10,5,29,2130,5,2,1,1.0,2.0,13117,M,,,13
201000023130,10,5,27,1200,1,2,3,1.0,6.0,13117,M,,,13
201000023131,10,5,31,1850,1,1,1,1.0,7.0,13117,M,,,13
201000023132,10,5,31,1930,1,2,1,1.0,2.0,13071,M,,,13
201000023133,10,6,2,1115,1,2,9,1.0,3.0,13117,M,,,13
201000023134,10,6,7,1210,1,2,1,1.0,2.0,13117,M,,,13
201000023135,10,6,9,1950,1,2,1,1.0,3.0,13071,M,,,13
201000023136,10,6,9,1600,1,2,3,1.0,5.0,13117,M,,,13
201000023137,10,6,10,1315,1,2,1,1.0,3.0,13117,M,,,13
201000023138,10,6,14,1730,1,2,1,1.0,7.0,13117,M,,,13
201000023139,10,6,15,1230,1,1,1,1.0,2.0,13117,M,,,13
201000023140,10,6,15,1715,1,2,1,3.0,6.0,13071,M,,,13
201000023141,10,6,15,2030,1,2,1,2.0,6.0,13117,M,,,13
201000023142,10,6,21,1415,1,2,2,1.0,3.0,13117,M,,,13
201000023143,10,6,23,1415,1,2,3,1.0,3.0,13117,M,4343550.0,526383.0,13
201000023144,10,6,24,1805,1,2,1,1.0,7.0,13071,M,,,13
201000023145,10,6,24,2200,5,1,3,1.0,3.0,13071,M,,,13
201000023146,10,6,25,915,1,2,1,1.0,6.0,13071,M,4338020.0,534843.0,13
201000023147,10,6,25,1745,1,2,1,1.0,3.0,13117,M,4346140.0,523231.0,13
201000023148,10,6,28,1430,1,2,4,1.0,3.0,13071,M,,,13
201000023149,10,6,29,1440,1,2,3,1.0,5.0,13071,M,4338510.0,534544.0,13
201000023150,10,7,4,1130,1,2,1,1.0,7.0,13117,M,,,13
201000023151,10,7,5,740,1,2,1,1.0,6.0,13117,M,,,13
201000023152,10,7,5,1255,1,2,6,1.0,6.0,13117,M,4342700.0,527816.0,13
201000023153,10,7,8,1820,1,2,3,1.0,3.0,13117,M,4345240.0,523640.0,13
201000023154,10,7,9,1745,1,2,1,1.0,5.0,13117,M,,,13
201000023155,10,7,12,800,1,1,1,1.0,7.0,13117,M,,,13
201000023156,10,7,13,2110,3,1,2,1.0,3.0,13071,M,,,13
201000023157,10,7,15,1830,1,2,1,1.0,4.0,13117,M,,,13
201000023158,10,7,18,1000,1,2,6,1.0,6.0,13117,M,,,13
201000023159,10,7,19,1320,1,2,1,1.0,2.0,13117,M,,,13
201000023160,10,7,20,730,1,2,1,7.0,2.0,13071,M,,,13
201000023161,10,7,23,910,1,1,1,1.0,6.0,13117,M,,,13
201000023162,10,7,28,1645,1,1,1,1.0,1.0,13071,M,,,13
201000023163,10,7,30,140,5,2,1,1.0,4.0,13117,M,,,13
201000023164,10,8,2,840,1,1,1,1.0,6.0,13117,M,,,13
201000023165,10,8,3,2020,1,2,6,1.0,7.0,13071,M,,,13
201000023166,10,8,4,945,1,2,1,1.0,2.0,13117,M,,,13
201000023167,10,8,9,1330,1,1,1,1.0,3.0,13117,M,,,13
201000023168,10,8,10,1000,1,2,1,1.0,6.0,13117,M,4344400.0,525544.0,13
201000023169,10,8,10,1700,1,2,1,1.0,6.0,13117,M,,,13
201000023170,10,8,10,1800,1,2,1,1.0,2.0,13117,M,,,13
201000023171,10,8,11,1000,1,2,2,1.0,2.0,13071,M,4341100.0,531074.0,13
201000023172,10,8,11,1815,1,2,1,1.0,6.0,13071,M,,,13
201000023173,10,8,13,1935,1,1,3,1.0,3.0,13117,M,,,13
201000023174,10,8,19,1530,1,2,1,1.0,6.0,13117,M,,,13
201000023175,10,8,21,1820,1,2,1,1.0,6.0,13117,M,,,13
201000023176,10,8,22,1,5,2,2,1.0,3.0,13117,M,,,13
201000023177,10,8,25,2300,3,1,1,1.0,2.0,13117,M,,,13
201000023178,10,8,26,845,1,2,1,1.0,5.0,13117,M,,,13
201000023179,10,8,26,2040,5,2,1,1.0,7.0,13117,M,,,13
201000023180,10,8,28,1815,1,2,2,1.0,5.0,13071,M,,,13
201000023181,10,8,30,450,3,2,1,1.0,7.0,13117,M,,,13
201000023182,10,8,30,835,1,2,1,1.0,2.0,13117,M,,,13
201000023183,10,8,30,1415,1,2,1,1.0,6.0,13117,M,,,13
201000023184,10,8,30,1840,1,2,1,1.0,3.0,13117,M,,,13
201000023185,10,8,31,1815,1,2,3,1.0,3.0,13071,M,,,13
201000023186,10,8,31,1830,1,2,1,1.0,4.0,13071,M,,,13
201000023187,10,8,31,1937,1,1,1,1.0,7.0,13117,M,4342350.0,523933.0,13
201000023188,10,9,3,1350,1,2,1,1.0,6.0,13117,M,,,13
201000023189,10,9,3,1610,1,2,6,1.0,7.0,13071,M,4340170.0,533527.0,13
201000023190,10,9,5,900,1,2,1,1.0,7.0,13071,M,,,13
201000023191,10,9,5,1355,1,2,6,1.0,3.0,13117,M,4343920.0,525576.0,13
201000023192,10,9,5,1940,1,1,1,1.0,4.0,13071,M,,,13
201000023193,10,9,6,930,1,2,6,1.0,6.0,13071,M,,,13
201000023194,10,9,10,1340,1,2,1,1.0,7.0,13117,M,,,13
201000023195,10,9,13,405,5,1,1,1.0,7.0,13117,M,,,13
201000023196,10,9,13,1330,1,2,6,1.0,2.0,13117,M,4344420.0,524589.0,13
201000023197,10,9,15,1235,1,1,1,1.0,2.0,13117,M,,,13
201000023198,10,9,15,1215,1,2,1,1.0,7.0,13117,M,,,13
201000023199,10,9,15,2100,5,2,1,1.0,2.0,13071,M,,,13
201000023200,10,9,15,1300,1,1,1,1.0,2.0,13117,M,,,13
201000023201,10,9,19,1845,1,2,2,1.0,4.0,13071,M,4340810.0,530897.0,13
201000023202,10,9,20,1745,1,2,1,1.0,3.0,13071,M,4341090.0,530853.0,13
201000023203,10,9,22,1400,1,1,1,1.0,3.0,13117,M,,,13
201000023204,10,9,26,2000,2,2,1,1.0,7.0,13071,M,,,13
201000023205,10,9,27,1200,1,2,1,1.0,6.0,13071,M,,,13
201000023206,10,9,27,1600,1,2,3,1.0,5.0,13117,M,,,13
201000023207,10,9,29,1815,1,2,1,1.0,2.0,13071,M,,,13
201000023208,10,9,30,1305,1,2,1,1.0,2.0,13117,M,,,13
201000023209,10,9,29,1945,5,2,1,1.0,3.0,13117,M,,,13
201000023210,10,9,30,1650,1,2,1,1.0,2.0,13071,M,,,13
201000023211,10,10,1,1200,1,2,1,1.0,2.0,13071,M,,,13
201000023212,10,10,5,1400,1,2,3,1.0,6.0,13117,M,,,13
201000023213,10,10,7,1400,1,2,1,1.0,6.0,13117,M,,,13
201000023214,10,10,11,1200,1,2,1,2.0,7.0,13117,M,4340070.0,526289.0,13
201000023215,10,10,11,1330,1,2,1,2.0,3.0,13117,M,,,13
201000023216,10,10,11,1545,1,2,1,1.0,6.0,13117,M,,,13
201000023217,10,10,12,1520,1,2,1,1.0,3.0,13117,M,,,13
201000023218,10,10,13,1950,3,1,1,1.0,2.0,13117,M,,,13
201000023219,10,10,15,1445,1,2,6,1.0,3.0,13117,M,,,13
201000023220,10,10,19,1135,1,1,3,1.0,6.0,13117,M,4345240.0,523640.0,13
201000023221,10,10,20,810,1,2,1,1.0,1.0,13117,M,,,13
201000023222,10,10,22,2000,5,1,1,1.0,2.0,13117,M,,,13
201000023223,10,10,23,1750,1,2,2,8.0,3.0,13071,M,,,13
201000023224,10,10,24,1610,1,1,1,8.0,3.0,13071,M,,,13
201000023225,10,10,26,1730,1,2,3,1.0,2.0,13071,M,,,13
201000023226,10,10,27,1110,1,2,3,1.0,3.0,13117,M,,,13
201000023227,10,10,29,1820,1,2,1,1.0,6.0,13117,M,,,13
201000023228,10,10,31,125,3,1,1,8.0,6.0,13117,M,,,13
201000023229,10,10,31,1330,1,2,1,2.0,6.0,13117,M,,,13
201000023230,10,11,5,1930,5,2,1,1.0,2.0,13117,M,,,13
201000023231,10,11,10,1620,1,2,6,8.0,7.0,13071,M,,,13
201000023232,10,11,5,1940,5,2,3,1.0,3.0,13117,M,,,13
201000023233,10,11,10,1700,1,2,1,1.0,7.0,13071,M,,,13
201000023234,10,11,11,1115,1,2,1,1.0,7.0,13071,M,,,13
201000023235,10,11,13,1355,1,2,1,1.0,3.0,13071,M,,,13
201000023236,10,11,1,1700,1,2,3,1.0,1.0,13117,M,,,13
201000023237,10,11,15,835,1,1,1,2.0,6.0,13117,M,,,13
201000023238,10,11,16,1100,1,2,9,1.0,3.0,13071,M,,,13
201000023239,10,11,16,1735,5,2,1,1.0,4.0,13071,M,,,13
201000023240,10,11,17,1335,1,2,1,1.0,2.0,13117,M,,,13
201000023241,10,11,19,830,1,2,1,1.0,6.0,13117,M,,,13
201000023242,10,11,19,1600,1,2,1,1.0,6.0,13117,M,,,13
201000023243,10,11,24,1130,1,2,1,1.0,3.0,13071,M,,,13
201000023244,10,11,22,920,1,2,1,1.0,2.0,13117,M,,,13
201000023245,10,11,22,1825,5,2,1,1.0,2.0,13071,M,,,13
201000023246,10,11,23,1045,1,2,1,1.0,2.0,13117,M,,,13
201000023247,10,11,23,1915,3,1,1,1.0,2.0,13117,M,,,13
201000023248,10,11,24,825,1,2,1,1.0,2.0,13071,M,,,13
201000023249,10,11,29,1300,1,2,1,1.0,6.0,13117,M,,,13
201000023250,10,11,30,1810,5,2,1,2.0,2.0,13117,M,,,13
201000023251,10,11,30,2125,5,2,1,2.0,6.0,13117,M,,,13
201000023252,10,12,1,740,1,2,1,1.0,7.0,13117,M,,,13
201000023253,10,11,29,1215,1,2,3,1.0,2.0,13071,M,,,13
201000023254,10,12,3,905,1,1,1,1.0,6.0,13117,M,,,13
201000023255,10,12,5,150,3,1,9,1.0,6.0,13071,M,4340780.0,530170.0,13
201000023256,10,12,5,1920,3,2,1,2.0,3.0,13117,M,,,13
201000023257,10,12,6,725,2,1,1,2.0,7.0,13117,M,,,13
201000023258,10,12,6,1220,1,2,1,3.0,3.0,13117,M,,,13
201000023259,10,12,8,930,1,2,1,1.0,1.0,13117,M,,,13
201000023260,10,12,8,700,3,1,1,1.0,2.0,13117,M,,,13
201000023261,10,12,10,1800,5,2,1,1.0,4.0,13071,M,,,13
201000023262,10,12,18,1125,1,2,1,1.0,2.0,13117,M,,,13
201000023263,10,12,23,1530,1,1,1,1.0,6.0,13071,M,,,13
201000023264,10,12,24,1715,2,2,1,1.0,3.0,13117,M,,,13
201000023265,10,1,8,1445,1,1,1,4.0,3.0,68066,M,4812404.0,736503.0,68
201000023266,10,4,19,1500,1,1,1,1.0,6.0,68066,M,4804709.0,737071.0,68
201000023267,10,5,9,515,3,1,1,1.0,2.0,68082,M,4783571.0,739454.0,68
201000023268,10,5,28,700,1,1,1,1.0,6.0,68234,M,4794526.0,736365.0,68
201000023269,10,7,2,1430,1,1,1,1.0,6.0,68066,M,4804809.0,737100.0,68
201000023270,10,7,10,630,1,1,1,1.0,7.0,68022,M,4782914.0,739396.0,68
201000023271,10,7,10,1440,1,1,1,1.0,2.0,68295,M,4801421.0,737541.0,68
201000023272,10,8,4,2300,3,1,1,1.0,6.0,68066,M,4804711.0,737063.0,68
201000023273,10,9,16,1415,1,1,1,1.0,2.0,68242,M,4796583.0,737007.0,68
201000023274,10,9,19,1030,1,1,1,1.0,7.0,68082,M,4785767.0,739359.0,68
201000023275,10,9,27,1330,1,1,1,1.0,4.0,68082,M,4783928.0,739458.0,68
201000023276,10,11,30,415,3,1,1,5.0,6.0,68252,M,4815337.0,737424.0,68
201000023277,10,3,28,1015,1,2,3,2.0,7.0,78561,M,4872860.0,200212.0,78
201000023278,10,7,6,1000,1,1,3,1.0,3.0,78620,M,4874010.0,211025.0,78
201000023279,10,7,8,2100,1,1,3,1.0,3.0,78356,M,4874210.0,203640.0,78
201000023280,10,8,29,245,4,2,1,1.0,6.0,78143,M,4874400.0,208599.0,78
201000023281,10,9,21,1230,1,1,1,1.0,7.0,78561,M,4874400.0,202199.0,78
201000023282,10,10,9,1530,1,1,1,1.0,2.0,78561,M,4874200.0,201799.0,78
201000023283,10,11,19,1815,5,2,1,2.0,1.0,78356,M,4873500.0,208100.0,78
201000023284,10,11,12,2015,3,1,1,1.0,4.0,33393,M,4499300.0,-18300.0,33
201000023285,10,12,22,1645,2,1,1,4.0,2.0,72124,M,0.0,0.0,72
201000023286,10,1,15,1630,1,2,1,4.0,1.0,72109,M,0.0,0.0,72
201000023287,10,1,17,2015,3,1,1,1.0,6.0,72198,M,4807200.0,16400.0,72
201000023288,10,7,9,1730,1,1,1,1.0,7.0,72255,M,0.0,0.0,72
201000023289,10,8,10,1415,1,1,1,1.0,3.0,72157,M,0.0,0.0,72
201000023290,10,8,24,1445,1,1,2,1.0,3.0,72315,M,0.0,0.0,72
201000023291,10,10,12,800,2,1,4,1.0,5.0,72024,M,4812700.0,14500.0,72
201000023292,10,10,15,2015,5,2,1,1.0,1.0,72321,M,4807600.0,-11300.0,72
201000023293,10,10,17,1600,1,1,1,7.0,6.0,72315,M,0.0,0.0,72
201000023294,10,10,20,1400,1,1,1,1.0,2.0,72315,M,0.0,0.0,72
201000023295,10,4,15,1930,1,2,1,1.0,1.0,95392,M,4907690.0,220770.0,95
201000023296,10,6,5,1630,1,2,3,1.0,3.0,95394,M,4905930.0,216570.0,95
201000023297,10,7,8,1115,1,1,1,1.0,1.0,95394,M,4905670.0,215140.0,95
201000023298,10,9,5,545,2,2,1,1.0,6.0,95392,M,4908560.0,220680.0,95
201000023299,10,9,7,1400,1,2,1,1.0,6.0,95678,M,4905930.0,221290.0,95
201000023300,10,11,9,1830,5,2,1,3.0,6.0,95392,M,4908250.0,220610.0,95
201000023301,10,4,10,1415,1,1,1,1.0,6.0,46327,M,4450520.0,149737.0,46
201000023302,10,5,11,1630,1,1,1,3.0,6.0,46149,M,4446270.0,150204.0,46
201000023303,10,1,7,345,3,1,9,4.0,6.0,58086,M,0.0,0.0,58
201000023304,10,1,13,1100,1,1,1,1.0,6.0,58155,M,0.0,0.0,58
201000023305,10,3,14,730,1,1,1,1.0,6.0,72036,M,0.0,0.0,72
201000023306,10,5,9,1300,1,1,1,1.0,2.0,72380,M,0.0,0.0,72
201000023307,10,9,27,1600,1,1,1,1.0,7.0,72380,M,0.0,0.0,72
201000023308,10,10,14,1130,1,1,1,6.0,7.0,72097,M,0.0,0.0,72
201000023309,10,4,10,2345,3,1,1,1.0,7.0,49153,M,4724340.0,-63512.0,49
201000023310,10,4,15,1130,1,1,9,1.0,6.0,49099,M,4708460.0,-82759.0,49
201000023311,10,5,5,1500,1,1,1,1.0,6.0,49092,M,4724510.0,-71261.0,49
201000023312,10,5,23,1545,1,1,1,1.0,7.0,49099,M,4700430.0,-90407.0,49
201000023313,10,6,29,315,3,1,1,1.0,7.0,49092,M,4722150.0,-76020.0,49
201000023314,10,2,11,1345,1,1,3,4.0,3.0,68375,M,4781652.0,726769.0,68
201000023315,10,2,13,445,5,2,1,4.0,6.0,68375,M,4780537.0,723794.0,68
201000023316,10,7,10,2345,5,2,1,1.0,6.0,68321,M,4782592.0,727340.0,68
201000023317,10,10,27,1445,1,2,3,1.0,3.0,68375,M,4780010.0,723372.0,68
201000023318,10,5,24,15,3,1,1,1.0,7.0,19207,M,4529019.0,163058.0,19
201000023319,10,8,6,645,1,1,1,1.0,7.0,19176,M,4541153.0,201845.0,19
201000023320,10,3,13,530,3,1,1,2.0,7.0,67238,M,0.0,0.0,67
201000023321,10,6,12,1715,1,2,1,1.0,7.0,67340,M,0.0,0.0,67
201000023322,10,7,18,1645,1,2,1,1.0,3.0,67176,M,0.0,0.0,67
201000023323,10,10,14,1745,1,2,1,1.0,6.0,67324,M,0.0,0.0,67
201000023324,10,12,3,1115,1,1,1,1.0,5.0,67291,M,0.0,0.0,67
201000023325,10,1,14,1330,1,2,2,2.0,6.0,14118,M,4919380.0,-38459.0,14
201000023326,10,1,16,2205,5,2,1,2.0,7.0,14118,M,4920280.0,-35796.0,14
201000023327,10,1,16,1740,2,2,3,8.0,3.0,14327,M,4920490.0,-33471.0,14
201000023328,10,1,6,1855,5,2,1,4.0,6.0,14118,M,4917400.0,-35782.0,14
201000023329,10,1,20,820,2,2,1,1.0,6.0,14118,M,4917210.0,-39651.0,14
201000023330,10,1,23,1510,1,1,1,2.0,6.0,14118,M,4916550.0,-37280.0,14
201000023331,10,1,26,840,2,2,2,8.0,3.0,14271,M,4914500.0,-37386.0,14
201000023332,10,1,28,10,5,2,1,1.0,6.0,14437,M,4917750.0,-32870.0,14
201000023333,10,1,27,850,2,2,1,1.0,6.0,14118,M,4918080.0,-36990.0,14
201000023334,10,1,28,1120,1,2,1,1.0,7.0,14118,M,4918530.0,-35457.0,14
201000023335,10,2,1,640,5,1,1,8.0,1.0,14167,M,4921170.0,-29733.0,14
201000023336,10,1,31,20,4,2,3,1.0,5.0,14118,M,4918620.0,-38277.0,14
201000023337,10,2,2,1740,1,2,1,1.0,6.0,14118,M,4917640.0,-35430.0,14
201000023338,10,2,10,1710,1,2,1,1.0,1.0,14118,M,4917840.0,-37978.0,14
201000023339,10,2,14,2025,5,2,1,8.0,6.0,14118,M,4917950.0,-34706.0,14
201000023340,10,2,16,1720,1,2,1,1.0,6.0,14118,M,4921060.0,-36611.0,14
201000023341,10,2,19,1910,5,2,1,1.0,3.0,14118,M,4920060.0,-40146.0,14
201000023342,10,3,2,900,1,2,3,1.0,5.0,14242,M,,,14
201000023343,10,3,12,1700,1,2,2,1.0,6.0,14327,M,,,14
201000023344,10,3,13,1505,1,1,1,1.0,6.0,14327,M,,,14
201000023345,10,3,16,1205,1,2,1,1.0,3.0,14118,M,,,14
201000023346,10,3,16,1730,1,2,3,1.0,3.0,14118,M,,,14
201000023347,10,3,10,1055,1,2,2,1.0,6.0,14327,M,,,14
201000023348,10,3,21,545,3,1,1,1.0,7.0,14383,M,,,14
201000023349,10,3,26,1515,1,2,2,1.0,1.0,14137,M,,,14
201000023350,10,3,27,1440,1,2,3,1.0,3.0,14301,M,,,14
201000023351,10,4,3,1450,1,1,1,1.0,2.0,14383,M,,,14
201000023352,10,4,4,1320,1,1,1,1.0,6.0,14101,M,,,14
201000023353,10,4,7,2210,5,2,2,1.0,3.0,14167,M,,,14
201000023354,10,4,14,1725,1,2,1,1.0,6.0,14118,M,,,14
201000023355,10,4,18,1000,1,2,3,1.0,6.0,14341,M,,,14
201000023356,10,4,28,1605,1,2,1,1.0,6.0,14118,M,,,14
201000023357,10,5,4,40,5,1,1,1.0,6.0,14587,M,,,14
201000023358,10,5,7,1445,1,2,2,1.0,3.0,14118,M,,,14
201000023359,10,5,7,1800,1,2,1,1.0,6.0,14327,M,,,14
201000023360,10,5,10,1410,1,2,1,1.0,7.0,14437,M,,,14
201000023361,10,5,16,1155,1,1,1,1.0,6.0,14587,M,,,14
201000023362,10,5,14,1650,1,2,3,1.0,3.0,14118,M,,,14
201000023363,10,5,24,1600,1,1,1,1.0,4.0,14437,M,,,14
201000023364,10,5,26,1440,1,2,3,1.0,3.0,14118,M,,,14
201000023365,10,5,27,1545,1,1,1,1.0,7.0,14341,M,,,14
201000023366,10,5,28,2110,1,2,1,1.0,6.0,14167,M,,,14
201000023367,10,5,30,620,1,1,1,1.0,7.0,14327,M,,,14
201000023368,10,5,29,2025,1,2,1,1.0,6.0,14118,M,,,14
201000023369,10,5,23,1,5,1,1,1.0,2.0,14118,M,,,14
201000023370,10,6,2,1025,1,1,1,1.0,2.0,14327,M,,,14
201000023371,10,6,13,1225,1,2,2,1.0,4.0,14242,M,,,14
201000023372,10,6,18,1545,1,2,2,1.0,3.0,14341,M,,,14
201000023373,10,6,26,425,5,2,1,1.0,6.0,14437,M,,,14
201000023374,10,6,26,1310,1,2,2,1.0,6.0,14118,M,,,14
201000023375,10,6,30,1318,1,1,1,1.0,3.0,14327,M,,,14
201000023376,10,7,6,1530,1,2,2,1.0,3.0,14341,M,,,14
201000023377,10,7,8,2110,1,2,1,1.0,6.0,14118,M,,,14
201000023378,10,7,9,440,3,2,1,1.0,6.0,14327,M,,,14
201000023379,10,7,10,900,1,2,1,1.0,7.0,14118,M,,,14
201000023380,10,7,9,1835,1,2,2,1.0,3.0,14118,M,,,14
201000023381,10,7,13,1145,1,2,6,1.0,2.0,14118,M,,,14
201000023382,10,7,23,1845,1,2,1,7.0,6.0,14327,M,,,14
201000023383,10,7,27,900,1,2,3,1.0,2.0,14327,M,,,14
201000023384,10,7,29,1610,1,1,1,1.0,4.0,14437,M,,,14
201000023385,10,7,31,1010,1,2,6,1.0,3.0,14383,M,,,14
201000023386,10,8,18,1440,1,2,1,1.0,6.0,14327,M,,,14
201000023387,10,8,22,130,5,2,2,1.0,3.0,14118,M,,,14
201000023388,10,8,26,2145,5,2,1,8.0,6.0,14118,M,,,14
201000023389,10,8,27,1000,1,2,1,1.0,6.0,14118,M,,,14
201000023390,10,9,3,1010,1,1,3,1.0,3.0,14327,M,,,14
201000023391,10,9,3,1845,1,2,1,1.0,3.0,14327,M,,,14
201000023392,10,9,5,400,5,2,1,1.0,7.0,14118,M,,,14
201000023393,10,9,11,2040,2,1,1,1.0,6.0,14181,M,,,14
201000023394,10,9,17,2045,2,2,1,1.0,5.0,14118,M,,,14
201000023395,10,9,20,805,1,2,3,7.0,6.0,14118,M,,,14
201000023396,10,9,22,1850,1,2,6,1.0,3.0,14118,M,,,14
201000023397,10,9,24,1545,1,2,2,1.0,3.0,14118,M,,,14
201000023398,10,10,1,1700,1,1,1,3.0,3.0,14587,M,,,14
201000023399,10,10,7,1605,1,2,1,1.0,7.0,14118,M,,,14
201000023400,10,10,11,855,1,2,3,1.0,3.0,14118,M,,,14
201000023401,10,10,4,915,1,2,1,1.0,1.0,14118,M,,,14
201000023402,10,10,23,1140,1,1,1,8.0,4.0,14437,M,,,14
201000023403,10,10,22,400,5,2,1,1.0,6.0,14118,M,,,14
201000023404,10,10,25,1230,1,2,2,1.0,3.0,14383,M,,,14
201000023405,10,10,27,1015,1,2,1,1.0,6.0,14118,M,,,14
201000023406,10,10,29,1140,1,2,1,1.0,2.0,14437,M,,,14
201000023407,10,11,9,1800,5,2,1,2.0,3.0,14221,M,,,14
201000023408,10,11,10,1910,5,2,1,1.0,6.0,14118,M,,,14
201000023409,10,11,13,2305,5,2,1,1.0,6.0,14118,M,,,14
201000023410,10,11,17,1745,5,2,2,2.0,1.0,14118,M,,,14
201000023411,10,11,20,10,3,2,1,2.0,6.0,14383,M,,,14
201000023412,10,11,23,1910,5,2,1,1.0,6.0,14118,M,,,14
201000023413,10,12,3,2210,5,2,2,8.0,2.0,14118,M,,,14
201000023414,10,12,4,1000,1,2,3,8.0,5.0,14118,M,,,14
201000023415,10,12,7,1110,1,2,1,1.0,6.0,14118,M,,,14
201000023416,10,12,8,1745,5,2,1,1.0,6.0,14118,M,,,14
201000023417,10,12,13,1515,1,2,3,1.0,6.0,14437,M,,,14
201000023418,10,12,25,2020,5,2,1,4.0,6.0,14118,M,,,14
201000023419,10,12,23,1910,5,2,1,1.0,3.0,14118,M,,,14
201000023420,10,12,8,1750,5,2,3,2.0,1.0,14566,M,,,14
201000023421,10,3,20,545,5,2,1,1.0,6.0,31065,M,,,31
201000023422,10,6,3,745,1,2,1,7.0,6.0,31454,M,4341600.0,112200.0,31
201000023423,10,6,5,1230,1,1,1,1.0,1.0,31475,M,4348800.0,121800.0,31
201000023424,10,6,6,2130,2,1,1,1.0,7.0,31065,M,0.0,0.0,31
201000023425,10,7,3,500,3,1,1,1.0,6.0,31051,M,0.0,0.0,31
201000023426,10,3,15,1205,1,2,2,1.0,6.0,14225,M,,,14
201000023427,10,8,26,915,1,2,2,8.0,3.0,14225,M,,,14
201000023428,10,9,20,1110,1,2,1,1.0,6.0,14338,M,,,14
201000023429,10,2,16,1415,1,1,1,2.0,6.0,30117,M,4370807.0,455185.0,30
201000023430,10,2,23,1815,1,1,1,1.0,7.0,30047,M,4380547.0,440945.0,30
201000023431,10,4,24,1030,1,2,1,1.0,3.0,30117,M,4371981.0,454814.0,30
201000023432,10,6,8,1830,1,1,1,1.0,3.0,30034,M,4374660.0,452183.0,30
201000023433,10,6,12,445,3,1,1,1.0,6.0,30135,M,4383906.0,456868.0,30
201000023434,10,7,3,2300,3,1,1,1.0,7.0,30135,M,4383039.0,458550.0,30