Num_Acc,an,mois,jour,hrmn,lum,agg,int,atm,col,com,gps,lat,long,dep
201000023435,10,7,22,2230,3,1,1,1.0,6.0,30047,M,4380848.0,440265.0,30
201000023436,10,8,26,900,1,1,6,1.0,6.0,30117,M,4370824.0,460731.0,30
201000023437,10,9,3,945,1,1,1,1.0,5.0,30060,M,0.0,0.0,30
201000023438,10,9,3,1615,1,1,1,1.0,3.0,30060,M,0.0,0.0,30
201000023439,10,8,17,1100,1,2,1,1.0,3.0,30060,M,0.0,0.0,30
201000023440,10,9,18,415,3,1,1,8.0,6.0,30047,M,4381341.0,439821.0,30
201000023441,10,9,23,1130,1,1,9,1.0,3.0,30117,M,4372780.0,453534.0,30
201000023442,10,9,25,445,5,1,6,1.0,7.0,30047,M,4378925.0,443334.0,30
201000023443,10,10,11,1800,1,1,1,1.0,1.0,30034,M,4378143.0,455321.0,30
201000023444,10,10,16,1100,1,2,1,1.0,4.0,30047,M,0.0,0.0,30
201000023445,10,10,25,1545,1,1,1,1.0,6.0,30034,M,4377219.0,453609.0,30
201000023446,10,10,25,2045,3,1,1,6.0,6.0,30135,M,4383036.0,458570.0,30
201000023447,10,10,31,1900,3,1,1,8.0,1.0,30117,M,4372399.0,460694.0,30
201000023448,10,11,4,1430,1,1,1,1.0,2.0,30356,M,4401576.0,442498.0,30
201000023449,10,11,19,1800,3,1,1,1.0,5.0,30060,M,4379251.0,438231.0,30
201000023450,10,11,24,800,1,1,1,7.0,3.0,30034,M,4379505.0,449224.0,30
201000023451,10,3,13,1602,1,2,1,1.0,3.0,14333,M,,,14
201000023452,10,3,16,1210,1,1,2,1.0,1.0,14001,M,,,14
201000023453,10,4,18,1550,1,2,1,1.0,6.0,14333,M,,,14
201000023454,10,5,24,544,2,2,1,1.0,7.0,14333,M,,,14
201000023455,10,4,27,1025,1,2,1,1.0,6.0,14333,M,,,14
201000023456,10,5,30,1945,1,1,1,1.0,7.0,14536,M,,,14
201000023457,10,5,31,950,1,2,1,1.0,6.0,14333,M,,,14
201000023458,10,5,31,1205,1,1,1,7.0,7.0,14333,M,,,14
201000023459,10,6,26,1149,1,1,1,1.0,7.0,14243,M,,,14
201000023460,10,7,5,1745,1,2,2,1.0,3.0,14333,M,,,14
201000023461,10,7,7,1835,1,2,1,1.0,6.0,14333,M,,,14
201000023462,10,7,20,100,5,2,1,1.0,7.0,14333,M,,,14
201000023463,10,7,25,1640,1,2,1,1.0,6.0,14333,M,,,14
201000023464,10,7,30,1815,1,2,1,1.0,3.0,14333,M,,,14
201000023465,10,8,30,1845,1,2,3,1.0,1.0,14333,M,,,14
201000023466,10,9,7,2050,5,2,3,1.0,3.0,14333,M,,,14
201000023467,10,9,22,2125,5,2,1,1.0,7.0,14536,M,,,14
201000023468,10,12,7,1925,3,1,1,1.0,1.0,14001,M,,,14
201000023469,10,12,8,1332,1,1,6,1.0,7.0,14333,M,,,14
201000023470,10,12,10,1130,1,1,6,1.0,2.0,14333,M,,,14
201000023471,10,12,14,410,3,1,1,9.0,7.0,14001,M,,,14
201000023472,10,12,14,2220,5,2,1,1.0,6.0,14333,M,,,14
201000023473,10,12,17,1505,1,2,1,4.0,1.0,14333,M,,,14
201000023474,10,12,26,1915,3,1,1,1.0,7.0,14333,M,,,14
201000023475,10,1,5,1710,1,2,1,8.0,2.0,14366,M,4916180.0,22005.0,14
201000023476,10,1,15,1950,5,2,6,1.0,6.0,14366,M,4914340.0,22936.0,14
201000023477,10,1,20,730,5,1,6,3.0,3.0,14574,M,4913750.0,17330.0,14
201000023478,10,1,30,20,5,1,1,8.0,6.0,14574,M,4913850.0,19334.0,14
201000023479,10,1,30,1505,1,1,1,1.0,6.0,14487,M,4917230.0,18586.0,14
201000023480,10,3,16,825,1,2,3,1.0,3.0,14366,M,,,14
201000023481,10,3,30,1000,1,1,3,2.0,3.0,14366,M,,,14
201000023482,10,3,30,1600,1,1,3,2.0,3.0,14366,M,,,14
201000023483,10,4,1,813,1,2,3,8.0,3.0,14366,M,,,14
201000023484,10,4,17,1145,1,2,2,1.0,7.0,14366,M,,,14
201000023485,10,4,16,1310,1,2,1,1.0,2.0,14366,M,,,14
201000023486,10,4,19,1730,1,2,6,1.0,4.0,14366,M,,,14
201000023487,10,5,3,1045,1,2,1,1.0,3.0,14366,M,,,14
201000023488,10,5,4,1610,1,2,1,1.0,6.0,14366,M,,,14
201000023489,10,5,7,2105,2,1,1,1.0,1.0,14574,M,,,14
201000023490,10,5,7,1830,1,2,1,1.0,6.0,14366,M,,,14
201000023491,10,5,10,1255,1,1,1,1.0,7.0,14366,M,,,14
201000023492,10,5,13,1835,1,2,2,1.0,3.0,14366,M,,,14
201000023493,10,5,19,755,1,2,3,1.0,3.0,14366,M,,,14
201000023494,10,5,22,1355,1,2,1,1.0,7.0,14366,M,,,14
201000023495,10,5,23,2010,1,1,1,1.0,3.0,14574,M,,,14
201000023496,10,5,23,2145,2,1,1,1.0,7.0,14487,M,,,14
201000023497,10,5,30,405,5,2,1,2.0,7.0,14366,M,,,14
201000023498,10,6,5,1320,1,2,1,1.0,2.0,14366,M,,,14
201000023499,10,6,8,2300,5,2,1,1.0,7.0,14366,M,,,14
201000023500,10,6,13,1550,1,2,1,1.0,2.0,14366,M,,,14
201000023501,10,6,28,1515,1,2,1,1.0,2.0,14366,M,,,14
201000023502,10,6,28,1625,1,2,1,1.0,6.0,14366,M,,,14
201000023503,10,6,29,935,1,1,1,1.0,6.0,14366,M,,,14
201000023504,10,7,16,1740,1,1,1,1.0,7.0,14366,M,,,14
201000023505,10,7,17,2100,1,2,1,1.0,6.0,14366,M,,,14
201000023506,10,8,20,755,1,1,1,1.0,7.0,14366,M,,,14
201000023507,10,8,23,1615,1,1,1,1.0,1.0,14366,M,,,14
201000023508,10,8,26,2030,1,1,1,3.0,7.0,14366,M,,,14
201000023509,10,8,27,1135,1,1,1,2.0,5.0,14487,M,,,14
201000023510,10,9,13,1840,1,2,3,1.0,3.0,14366,M,,,14
201000023511,10,9,14,1530,1,1,1,1.0,5.0,14574,M,,,14
201000023512,10,9,18,1830,1,2,1,1.0,6.0,14366,M,,,14
201000023513,10,9,25,1825,1,2,1,1.0,3.0,14366,M,,,14
201000023514,10,10,7,2145,5,2,1,1.0,6.0,14366,M,,,14
201000023515,10,10,8,845,1,2,3,1.0,3.0,14366,M,,,14
201000023516,10,10,13,1250,1,1,6,1.0,2.0,14574,M,,,14
201000023517,10,10,18,745,2,2,1,1.0,6.0,14366,M,,,14
201000023518,10,10,27,1210,1,2,3,1.0,3.0,14366,M,,,14
201000023519,10,11,10,1125,1,2,2,1.0,6.0,14366,M,,,14
201000023520,10,11,17,1655,1,2,4,2.0,6.0,14366,M,,,14
201000023521,10,11,24,1835,5,2,6,1.0,3.0,14366,M,,,14
201000023522,10,12,15,1520,1,1,1,2.0,7.0,14069,M,,,14
201000023523,10,12,25,1900,5,2,3,1.0,3.0,14366,M,,,14
201000023524,10,1,15,950,1,2,1,1.0,6.0,14220,M,4935840.0,7696.0,14
201000023525,10,2,27,2020,5,2,2,2.0,3.0,14220,M,4936080.0,7106.0,14
201000023526,10,5,2,1125,1,2,1,1.0,3.0,14715,M,,,14
201000023527,10,4,28,15,5,2,2,1.0,6.0,14715,M,,,14
201000023528,10,4,3,1520,1,2,3,1.0,3.0,14220,M,,,14
201000023529,10,5,12,1000,1,2,1,1.0,6.0,14220,M,,,14
201000023530,10,5,14,1525,1,2,1,1.0,2.0,14715,M,,,14
201000023531,10,5,24,1700,1,2,1,1.0,3.0,14715,M,,,14
201000023532,10,6,27,20,3,1,1,1.0,7.0,14079,M,,,14
201000023533,10,6,27,135,5,2,6,1.0,3.0,14220,M,,,14
201000023534,10,7,11,1120,1,1,1,1.0,3.0,14557,M,,,14
201000023535,10,7,21,20,5,2,1,1.0,6.0,14220,M,,,14
201000023536,10,7,28,1635,1,2,2,1.0,6.0,14220,M,,,14
201000023537,10,8,14,515,5,2,1,1.0,7.0,14699,M,,,14
201000023538,10,8,21,25,5,2,1,1.0,3.0,14715,M,,,14
201000023539,10,9,25,2105,3,1,2,1.0,3.0,14079,M,,,14
201000023540,10,10,11,345,3,1,1,1.0,7.0,14079,M,,,14
201000023541,10,11,19,1320,1,2,1,1.0,6.0,14220,M,,,14
201000023542,10,4,8,1205,1,2,1,1.0,7.0,14220,M,,,14
201000023543,10,10,14,805,1,2,1,1.0,6.0,14220,M,,,14
201000023544,10,10,10,1525,1,2,1,1.0,7.0,14715,M,,,14
201000023545,10,10,8,925,1,2,1,1.0,2.0,14220,M,,,14
201000023546,10,4,11,415,5,2,1,1.0,6.0,14220,M,,,14
201000023547,10,11,26,1420,1,1,2,2.0,3.0,14079,M,,,14
201000023548,10,10,22,1920,5,2,2,1.0,3.0,14220,M,,,14
201000023549,10,12,26,1905,3,1,1,9.0,1.0,14715,M,,,14
201000023550,10,4,18,2125,5,2,1,1.0,6.0,14715,M,,,14
201000023551,10,4,20,1425,1,2,1,1.0,2.0,14715,M,,,14
201000023552,10,5,6,1600,1,2,1,1.0,3.0,14701,M,,,14
201000023553,10,5,13,5,3,1,1,1.0,6.0,14079,M,,,14
201000023554,10,5,14,1755,1,2,1,1.0,6.0,14220,M,,,14
201000023555,10,6,6,1325,1,2,6,1.0,7.0,14557,M,,,14
201000023556,10,6,11,1245,1,2,1,1.0,2.0,14220,M,,,14
201000023557,10,6,22,10,5,2,1,1.0,6.0,14220,M,,,14
201000023558,10,6,23,1700,1,2,1,1.0,6.0,14220,M,,,14
201000023559,10,6,29,1745,1,1,1,1.0,6.0,14715,M,,,14
201000023560,10,7,7,1320,1,1,1,1.0,6.0,14701,M,,,14
201000023561,10,7,10,1415,1,2,1,1.0,6.0,14220,M,,,14
201000023562,10,7,12,1605,1,2,2,1.0,3.0,14220,M,,,14
201000023563,10,7,14,1055,1,2,1,1.0,6.0,14220,M,,,14
201000023564,10,7,16,1730,1,2,1,1.0,2.0,14220,M,,,14
201000023565,10,7,18,1610,1,2,1,1.0,6.0,14557,M,,,14
201000023566,10,7,27,1535,1,2,1,1.0,2.0,14220,M,,,14
201000023567,10,7,31,945,1,2,2,1.0,3.0,14220,M,,,14
201000023568,10,8,2,1200,1,2,1,1.0,2.0,14715,M,,,14
201000023569,10,11,6,115,5,2,2,1.0,3.0,14699,M,,,14
201000023570,10,11,6,2250,5,2,1,2.0,7.0,14701,M,,,14
201000023571,10,11,9,705,5,2,1,1.0,3.0,14220,M,,,14
201000023572,10,12,6,1900,5,2,1,1.0,2.0,14220,M,,,14
201000023573,10,12,7,1400,1,2,1,1.0,6.0,14220,M,,,14
201000023574,10,1,6,2345,3,1,1,4.0,6.0,85064,M,0.0,0.0,85
201000023575,10,5,1,945,1,1,1,1.0,6.0,44002,M,0.0,0.0,44
201000023576,10,5,30,315,3,1,1,1.0,5.0,44142,M,4705900.0,-141800.0,44
201000023577,10,6,2,2015,1,1,1,1.0,6.0,85142,M,0.0,0.0,85
201000023578,10,8,28,730,1,1,1,1.0,2.0,85084,M,0.0,0.0,85
201000023579,10,1,30,1000,1,2,1,1.0,3.0,13010,M,4390260.0,475169.0,13
201000023580,10,2,17,830,1,1,1,1.0,2.0,13045,M,4385810.0,476835.0,13
201000023581,10,2,24,1615,1,1,1,1.0,1.0,13045,M,,,13
201000023582,10,4,10,230,3,2,1,1.0,2.0,13036,M,4384550.0,484011.0,13
201000023583,10,9,25,1745,1,2,1,1.0,1.0,13045,M,,,13
201000023584,10,10,3,530,3,1,1,1.0,7.0,13010,M,4389890.0,472361.0,13
201000023585,10,10,15,2030,3,1,1,1.0,6.0,13010,M,4389670.0,477895.0,13
201000023586,10,10,21,1400,1,1,1,1.0,2.0,13061,M,,,13
201000023587,10,10,29,330,3,1,1,1.0,7.0,13083,M,4389760.0,480275.0,13
201000023588,10,10,25,1400,1,1,1,1.0,6.0,13017,M,4387800.0,469568.0,13
201000023589,10,12,17,1100,1,1,1,1.0,6.0,13036,M,4384150.0,485247.0,13
201000023590,10,1,27,1545,1,2,1,1.0,7.0,34154,M,4354895.0,398312.0,34
201000023591,10,3,4,1945,5,2,1,1.0,3.0,34192,M,4353170.0,394375.0,34
201000023592,10,4,28,1800,1,2,1,1.0,5.0,34926,M,4354882.0,397963.0,34
201000023593,10,6,8,1400,1,2,1,1.0,6.0,34192,M,0.0,0.0,34
201000023594,10,6,18,815,1,1,1,1.0,2.0,34192,M,4354400.0,395300.0,34
201000023595,10,7,11,130,3,1,1,1.0,1.0,34192,M,4353698.0,394848.0,34
201000023596,10,1,4,755,5,2,1,2.0,6.0,15014,M,4492730.0,244818.0,15
201000023597,10,1,29,1600,1,2,3,4.0,6.0,15014,M,4493270.0,244170.0,15
201000023598,10,2,18,750,2,1,1,2.0,7.0,15012,M,4488760.0,243360.0,15
201000023599,10,4,26,1700,1,1,1,1.0,7.0,15012,M,4483430.0,248819.0,15
201000023600,10,4,30,1200,1,2,1,1.0,6.0,15014,M,4491860.0,243849.0,15
201000023601,10,5,21,1000,1,2,1,1.0,6.0,15014,M,4491690.0,243913.0,15
201000023602,10,5,22,700,1,1,6,7.0,3.0,15012,M,4489380.0,244367.0,15
201000023603,10,5,26,1025,1,2,1,1.0,6.0,15014,M,4491500.0,243405.0,15
201000023604,10,6,11,1305,1,2,1,1.0,6.0,15014,M,4493750.0,245336.0,15
201000023605,10,9,1,1325,1,2,1,1.0,3.0,15014,M,4491560.0,242898.0,15
201000023606,10,9,3,1200,1,2,1,1.0,6.0,15014,M,4493240.0,244020.0,15
201000023607,10,9,11,2030,5,2,6,1.0,6.0,15014,M,4492250.0,242775.0,15
201000023608,10,9,21,940,1,2,1,1.0,6.0,15014,M,4491280.0,242516.0,15
201000023609,10,9,21,1530,1,2,2,1.0,3.0,15014,M,4491640.0,243792.0,15
201000023610,10,10,9,1800,1,2,1,1.0,2.0,15014,M,4491810.0,243091.0,15
201000023611,10,11,16,750,3,1,1,8.0,6.0,15012,M,4489710.0,244806.0,15
201000023612,10,11,25,1800,4,2,2,2.0,6.0,15014,M,4490380.0,243319.0,15
201000023613,10,12,29,1600,1,2,1,7.0,6.0,15014,M,4492980.0,244959.0,15
201000023614,10,1,20,2015,3,1,1,9.0,3.0,76442,M,0.0,0.0,76
201000023615,10,2,26,1645,1,2,1,1.0,1.0,76711,M,0.0,0.0,76
201000023616,10,4,22,730,2,2,1,1.0,3.0,76644,M,0.0,0.0,76
201000023617,10,5,14,1045,1,2,7,1.0,6.0,76192,M,0.0,0.0,76
201000023618,10,6,6,430,5,2,1,3.0,6.0,76192,M,0.0,0.0,76
201000023619,10,6,23,815,1,1,1,1.0,1.0,76255,M,0.0,0.0,76
201000023620,10,6,30,1230,1,2,1,1.0,6.0,76711,M,0.0,0.0,76
201000023621,10,7,12,1815,1,2,1,1.0,2.0,76643,M,0.0,0.0,76
201000023622,10,8,4,1430,1,2,1,8.0,1.0,76435,M,0.0,0.0,76
201000023623,10,8,16,1715,1,1,1,8.0,1.0,76255,M,0.0,0.0,76
201000023624,10,9,27,1130,1,1,1,1.0,1.0,76711,M,0.0,0.0,76
201000023625,10,10,8,800,2,1,1,8.0,1.0,76155,M,0.0,0.0,76
201000023626,10,11,19,1200,1,1,1,9.0,6.0,76374,M,0.0,0.0,76
201000023627,10,11,26,1315,1,2,1,1.0,6.0,76374,M,0.0,0.0,76
201000023628,10,12,12,1800,2,1,1,8.0,6.0,76745,M,0.0,0.0,76
201000023629,10,1,16,430,3,1,1,1.0,1.0,76111,M,0.0,0.0,76
201000023630,10,3,3,1445,1,2,1,1.0,6.0,76109,M,0.0,0.0,76
201000023631,10,3,15,745,1,1,2,1.0,3.0,76581,M,0.0,0.0,76
201000023632,10,4,7,1730,1,1,2,1.0,3.0,76243,M,0.0,0.0,76
201000023633,10,6,17,2035,1,1,1,1.0,7.0,76560,M,0.0,0.0,76
201000023634,10,6,19,515,2,2,1,1.0,6.0,76146,M,0.0,0.0,76
201000023635,10,11,19,745,2,1,1,2.0,6.0,76591,M,0.0,0.0,76
201000023636,10,8,24,1630,1,1,1,1.0,5.0,64288,M,4337320.0,-52717.0,64
201000023637,10,8,30,645,2,1,1,1.0,7.0,64396,M,4343540.0,-66240.0,64
201000023638,10,11,5,1400,1,1,1,1.0,7.0,64057,M,4347060.0,-61547.0,64
201000023639,10,11,24,1715,1,2,1,1.0,3.0,64410,M,4336930.0,-62502.0,64
201000023640,10,12,27,1045,1,2,1,1.0,6.0,64410,M,4337110.0,-62852.0,64
201000023641,10,4,28,1230,1,1,1,1.0,1.0,71265,M,0.0,0.0,71
201000023642,10,7,3,800,1,1,1,1.0,6.0,71204,M,0.0,0.0,71
201000023643,10,10,1,930,1,2,1,1.0,3.0,71520,M,4675100.0,484900.0,71
201000023644,10,6,4,1245,1,1,1,1.0,6.0,41280,M,4732170.0,176411.0,41
201000023645,10,6,11,2000,1,1,1,3.0,7.0,41044,M,4728960.0,197003.0,41
201000023646,10,6,30,945,1,1,1,1.0,6.0,41181,M,4729450.0,125702.0,41
201000023647,10,8,20,815,1,1,1,1.0,6.0,41280,M,4732020.0,177576.0,41
201000023648,10,11,25,1945,3,1,1,4.0,7.0,41135,M,4729760.0,187209.0,41
201000023649,10,5,20,715,1,2,1,1.0,2.0,60006,M,0.0,0.0,60
201000023650,10,9,21,1900,1,2,1,1.0,6.0,60587,M,0.0,0.0,60
201000023651,10,10,9,1930,1,1,9,1.0,7.0,60669,M,0.0,0.0,60
201000023652,10,1,22,1145,1,1,3,1.0,3.0,31150,M,,,31
201000023653,10,2,3,730,2,2,1,1.0,6.0,31541,M,4369400.0,135900.0,31
201000023654,10,3,4,1030,1,2,1,1.0,3.0,31056,M,0.0,0.0,31
201000023655,10,3,30,2130,3,2,1,1.0,2.0,31351,M,4367800.0,128000.0,31
201000023656,10,4,14,1900,1,1,1,1.0,2.0,31341,M,4370500.0,131900.0,31
201000023657,10,4,28,1730,1,1,1,1.0,2.0,31541,M,4371100.0,134400.0,31
201000023658,10,6,5,2100,1,1,1,1.0,3.0,31541,M,4370500.0,134800.0,31
201000023659,10,6,19,1800,1,2,6,2.0,2.0,31032,M,4368900.0,133100.0,31
201000023660,10,6,30,930,1,1,1,1.0,3.0,31541,M,0.0,0.0,31
201000023661,10,7,7,1000,1,1,1,1.0,1.0,31150,M,0.0,0.0,31
201000023662,10,7,11,1,5,2,4,1.0,3.0,31351,M,4366500.0,130700.0,31
201000023663,10,10,13,1530,1,1,1,1.0,1.0,31541,M,4370200.0,135000.0,31
201000023664,10,10,21,1500,1,2,6,1.0,1.0,31056,M,0.0,0.0,31
201000023665,10,10,26,1630,1,2,1,7.0,3.0,31351,M,4367700.0,128900.0,31
201000023666,10,11,16,1530,1,1,1,1.0,2.0,31032,M,0.0,0.0,31
201000023667,10,12,28,2200,3,2,1,1.0,1.0,31150,M,4364400.0,131600.0,31
201000023668,10,1,9,1800,3,1,1,4.0,6.0,25371,M,4725500.0,588700.0,25
201000023669,10,3,4,715,1,2,3,1.0,3.0,25381,M,4728700.0,597800.0,25
201000023670,10,5,1,1930,1,1,1,2.0,6.0,25383,M,4732000.0,592600.0,25
201000023671,10,9,22,1630,1,2,1,1.0,3.0,25265,M,4732900.0,597200.0,25
201000023672,10,10,30,1230,1,1,3,2.0,3.0,25510,M,4729100.0,578700.0,25
201000023673,10,12,12,530,3,1,1,2.0,6.0,25381,M,4730400.0,599000.0,25
201000023674,10,12,14,1315,1,1,1,4.0,5.0,25200,M,4733100.0,601400.0,25
201000023675,10,1,20,1815,5,2,1,2.0,6.0,95637,M,4903190.0,202510.0,95
201000023676,10,2,15,1625,1,2,1,1.0,6.0,95388,M,4902810.0,198450.0,95
201000023677,10,3,20,800,1,1,1,3.0,3.0,95510,M,0.0,0.0,95
201000023678,10,5,2,700,2,1,1,1.0,7.0,95510,M,4905860.0,200220.0,95
201000023679,10,6,20,545,2,2,1,1.0,6.0,95510,M,4905440.0,202210.0,95
201000023680,10,7,4,2000,1,2,6,1.0,3.0,95637,M,4903080.0,201460.0,95
201000023681,10,8,8,1700,1,2,1,1.0,7.0,95637,M,4902930.0,203359.0,95
201000023682,10,8,21,1720,1,2,1,1.0,2.0,95637,M,4903070.0,202179.0,95
201000023683,10,9,1,1850,1,1,1,1.0,1.0,95510,M,4906780.0,202320.0,95
201000023684,10,9,25,1615,1,2,1,1.0,6.0,95637,M,4902840.0,202590.0,95
201000023685,10,10,22,1815,2,2,6,1.0,6.0,95183,M,4904490.0,200550.0,95
201000023686,10,10,23,1130,1,1,6,3.0,7.0,95510,M,4905800.0,201680.0,95
201000023687,10,12,2,1015,1,1,1,4.0,5.0,95388,M,4902340.0,197190.0,95
201000023688,10,12,24,1610,2,2,1,8.0,6.0,95510,M,4906030.0,200590.0,95
201000023689,10,1,16,615,5,1,1,1.0,5.0,95134,M,4913480.0,225560.0,95
201000023690,10,1,21,700,5,2,1,8.0,3.0,95480,M,4911930.0,221020.0,95
201000023691,10,2,10,1900,3,1,1,4.0,6.0,95446,M,4911450.0,214940.0,95
201000023692,10,7,11,445,2,1,1,1.0,3.0,95134,M,4914110.0,225220.0,95
201000023693,10,9,13,1130,1,2,3,1.0,1.0,95134,M,4913790.0,224800.0,95
201000023694,10,11,2,1500,1,1,1,1.0,3.0,95134,M,4913640.0,225450.0,95
201000023695,10,11,10,1755,3,2,1,1.0,3.0,95328,M,4914650.0,211630.0,95
201000023696,10,12,27,1030,1,2,3,1.0,3.0,95134,M,4913180.0,234850.0,95
201000023697,10,2,19,515,5,2,1,2.0,6.0,95527,M,4898810.0,251680.0,95
201000023698,10,3,25,2015,5,2,1,1.0,1.0,95612,M,4901130.0,248190.0,95
201000023699,10,5,3,1345,1,2,1,2.0,1.0,95612,M,4900820.0,247730.0,95
201000023700,10,5,18,1130,1,2,6,1.0,7.0,95527,M,4900940.0,249380.0,95
201000023701,10,10,12,130,3,1,1,1.0,7.0,95527,M,4899080.0,248910.0,95
201000023702,10,12,3,930,5,1,1,4.0,1.0,95280,M,4901080.0,248630.0,95
201000023703,10,1,9,200,3,1,1,4.0,7.0,56094,M,0.0,0.0,56
201000023704,10,3,19,2330,3,1,1,3.0,7.0,56101,M,0.0,0.0,56
201000023705,10,5,29,45,4,2,1,1.0,7.0,56094,M,4776226.0,-323886.0,56
201000023706,10,6,2,2130,2,1,1,1.0,7.0,56090,M,4785307.0,-325393.0,56
201000023707,10,6,4,1230,1,1,1,1.0,1.0,56177,M,0.0,0.0,56
201000023708,10,6,12,1300,1,1,1,1.0,1.0,56094,M,0.0,0.0,56
201000023709,10,6,12,1915,1,1,3,1.0,3.0,56094,M,0.0,0.0,56
201000023710,10,7,11,1500,1,1,3,1.0,3.0,56177,M,4776869.0,-297565.0,56
201000023711,10,7,17,1145,1,1,1,1.0,6.0,56101,M,0.0,0.0,56
201000023712,10,8,21,1415,1,1,1,8.0,1.0,56094,M,0.0,0.0,56
201000023713,10,8,22,2245,3,1,1,3.0,1.0,56094,M,0.0,0.0,56
201000023714,10,8,25,1430,1,1,1,2.0,6.0,56097,M,0.0,0.0,56
201000023715,10,8,31,1515,1,1,1,1.0,2.0,56177,M,4775314.0,-302185.0,56
201000023716,10,10,13,900,1,1,1,1.0,1.0,56177,M,0.0,0.0,56
201000023717,10,10,26,630,3,1,1,1.0,7.0,56094,M,0.0,0.0,56
201000023718,10,11,6,1500,1,1,1,3.0,1.0,56175,M,0.0,0.0,56
201000023719,10,12,12,230,3,1,1,1.0,6.0,56177,M,0.0,0.0,56
201000023720,10,1,14,1745,5,2,3,1.0,1.0,35031,M,0.0,0.0,35
201000023721,10,2,19,1915,3,2,1,1.0,6.0,35024,M,4818600.0,-164300.0,35
201000023722,10,2,28,1730,1,1,1,1.0,7.0,35024,M,0.0,0.0,35
201000023723,10,4,12,1915,1,2,1,1.0,2.0,35173,M,4822200.0,-169900.0,35
201000023724,10,5,4,1730,1,2,6,1.0,1.0,35024,M,4818500.0,-163800.0,35
201000023725,10,5,30,700,1,1,1,1.0,3.0,35024,M,4816500.0,-164900.0,35
201000023726,10,6,2,1730,1,1,1,1.0,7.0,35173,M,4822700.0,-172500.0,35
201000023727,10,6,27,1145,1,1,1,1.0,3.0,35031,M,4817000.0,-138500.0,35
201000023728,10,6,25,1800,1,1,1,1.0,6.0,35173,M,0.0,0.0,35
201000023729,10,10,18,1600,1,1,1,1.0,6.0,35152,M,0.0,0.0,35
201000023730,10,10,24,630,3,1,1,1.0,7.0,35024,M,0.0,0.0,35
201000023731,10,11,2,1745,1,1,1,1.0,6.0,35001,M,0.0,0.0,35
201000023732,10,11,6,1815,5,2,1,2.0,6.0,35173,M,0.0,0.0,35
201000023733,10,11,26,1830,3,1,1,1.0,1.0,35152,M,0.0,0.0,35
201000023734,10,4,8,730,1,1,1,1.0,3.0,44009,M,4723900.0,-146200.0,44
201000023735,10,6,5,1330,1,2,6,7.0,3.0,44009,M,4719900.0,-146100.0,44
201000023736,10,8,31,1130,1,1,1,1.0,3.0,44070,M,0.0,0.0,44
201000023737,10,9,4,1715,5,1,1,1.0,3.0,44070,M,0.0,0.0,44
201000023738,10,11,15,730,5,2,1,8.0,6.0,44009,M,0.0,0.0,44
201000023739,10,1,1,500,3,2,1,1.0,1.0,62548,M,0.0,0.0,62
201000023740,10,3,7,1800,1,1,3,1.0,3.0,62043,M,5089400.0,196700.0,62
201000023741,10,9,18,1230,1,1,1,1.0,1.0,62548,M,0.0,0.0,62
201000023742,10,10,2,2345,5,2,1,8.0,6.0,62548,M,5095100.0,193200.0,62
201000023743,10,2,11,1945,3,2,1,1.0,6.0,62458,M,0.0,0.0,62
201000023744,10,6,23,1700,1,1,1,1.0,6.0,62423,M,0.0,0.0,62
201000023745,10,9,19,1315,1,1,1,1.0,7.0,62458,M,0.0,0.0,62
201000023746,10,10,6,2030,4,1,1,1.0,3.0,62792,M,0.0,0.0,62
201000023747,10,2,28,1315,1,1,1,8.0,6.0,24439,M,0.0,0.0,24
201000023748,10,4,17,315,3,1,1,1.0,6.0,24449,M,0.0,0.0,24
201000023749,10,5,13,1400,1,1,1,1.0,6.0,24013,M,0.0,0.0,24
201000023750,10,6,1,1115,1,1,1,2.0,7.0,24309,M,0.0,0.0,24
201000023751,10,7,13,1015,1,1,1,1.0,3.0,24372,M,0.0,0.0,24
201000023752,10,8,15,530,3,1,1,1.0,6.0,24449,M,0.0,0.0,24
201000023753,10,9,27,1345,1,1,1,1.0,7.0,24439,M,0.0,0.0,24
201000023754,10,1,5,1100,1,1,1,8.0,1.0,34169,M,4366437.0,386635.0,34
201000023755,10,1,21,1515,1,2,1,1.0,2.0,34077,M,4366100.0,388700.0,34
201000023756,10,1,24,1000,1,2,1,2.0,6.0,34309,M,4367862.0,392005.0,34
201000023757,10,1,28,1045,1,2,1,1.0,6.0,34217,M,4369822.0,386973.0,34
201000023758,10,3,4,2215,3,1,1,1.0,7.0,34077,M,4364460.0,389809.0,34
201000023759,10,3,6,1500,1,1,1,1.0,1.0,34120,M,4367649.0,390158.0,34
201000023760,10,3,6,1830,1,2,1,1.0,6.0,34120,M,4366037.0,390473.0,34
201000023761,10,3,31,1045,1,2,3,1.0,1.0,34217,M,4369042.0,386274.0,34
201000023762,10,4,14,1745,1,1,1,1.0,3.0,34077,M,4364732.0,388712.0,34
201000023763,10,5,1,1630,1,1,1,1.0,1.0,34169,M,4367837.0,386683.0,34
201000023764,10,6,3,1845,1,1,3,1.0,5.0,34077,M,4365158.0,389753.0,34
201000023765,10,6,8,1815,1,1,1,1.0,6.0,34309,M,4368700.0,392400.0,34
201000023766,10,6,24,2130,2,1,1,1.0,6.0,34217,M,4372110.0,386894.0,34
201000023767,10,8,21,1800,1,1,1,1.0,7.0,34120,M,4366583.0,390603.0,34