Num_Acc,an,mois,jour,hrmn,lum,agg,int,atm,col,com,gps,lat,long,dep
201000023768,10,10,4,1215,1,2,9,1.0,5.0,34309,M,0.0,0.0,34
201000023769,10,11,15,1400,1,2,1,2.0,1.0,34169,M,4365900.0,386500.0,34
201000023770,10,11,22,1830,3,1,1,2.0,1.0,34077,M,4366400.0,390200.0,34
201000023771,10,1,11,1450,1,1,1,1.0,1.0,16166,M,5072000.0,240000.0,16
201000023772,10,10,20,1125,1,2,1,1.0,3.0,16015,M,4564370.0,17930.0,16
201000023773,10,1,29,1935,3,1,1,1.0,3.0,16358,M,5058000.0,270000.0,16
201000023774,10,2,18,1120,1,2,1,1.0,6.0,16113,M,5065000.0,245000.0,16
201000023775,10,2,22,1245,1,2,3,1.0,3.0,16113,M,5065000.0,245000.0,16
201000023776,10,3,25,855,1,2,1,1.0,6.0,16015,M,4550000.0,225000.0,16
201000023777,10,4,24,110,5,2,3,1.0,3.0,16015,M,4550000.0,225000.0,16
201000023778,10,3,27,1620,1,2,1,1.0,6.0,16015,M,4550000.0,225000.0,16
201000023779,10,6,3,1705,1,2,6,1.0,3.0,16015,M,4564580.0,13290.0,16
201000023780,10,5,14,1150,1,2,2,1.0,3.0,16166,M,5072000.0,240000.0,16
201000023781,10,5,15,1525,1,1,1,1.0,5.0,16374,M,5075000.0,235000.0,16
201000023782,10,5,24,1840,1,2,6,1.0,3.0,16015,M,4550000.0,225000.0,16
201000023783,10,6,3,830,1,2,1,1.0,6.0,16154,M,,,16
201000023784,10,6,9,735,1,2,6,2.0,3.0,16015,M,4565370.0,16660.0,16
201000023785,10,6,26,2115,4,2,2,1.0,3.0,16015,M,,,16
201000023786,10,6,30,1,3,1,1,1.0,6.0,16113,M,4560650.0,12140.0,16
201000023787,10,7,7,1545,1,2,6,1.0,3.0,16015,M,4550000.0,225000.0,16
201000023788,10,7,7,1720,1,2,1,1.0,6.0,16015,M,4550000.0,225000.0,16
201000023789,10,7,10,2202,5,2,1,1.0,7.0,16015,M,4550000.0,225000.0,16
201000023790,10,8,8,2205,5,2,3,1.0,3.0,16015,M,4550000.0,225000.0,16
201000023791,10,8,31,1800,1,2,1,1.0,6.0,16015,M,4565680.0,14750.0,16
201000023792,10,9,5,100,5,2,3,1.0,3.0,16015,M,4564900.0,16280.0,16
201000023793,10,9,10,1700,1,2,1,1.0,3.0,16113,M,4561790.0,10010.0,16
201000023794,10,9,18,2100,2,2,1,7.0,3.0,16015,M,4565270.0,14990.0,16
201000023795,10,9,18,1440,1,1,1,1.0,6.0,16015,M,4565300.0,11900.0,16
201000023796,10,9,19,605,5,1,1,1.0,6.0,16015,M,4564120.0,14510.0,16
201000023797,10,9,23,1530,1,2,6,1.0,6.0,16015,M,4565900.0,14260.0,16
201000023798,10,9,17,1755,1,2,3,1.0,5.0,16015,M,4565420.0,11720.0,16
201000023799,10,9,25,1355,1,2,1,2.0,3.0,16015,M,4564989.0,16890.0,16
201000023800,10,10,2,1605,1,1,1,1.0,6.0,16341,M,4563600.0,11790.0,16
201000023801,10,10,7,1620,1,2,6,1.0,6.0,16015,M,4564300.0,13600.0,16
201000023802,10,10,8,1435,1,2,1,1.0,6.0,16015,M,4565100.0,17110.0,16
201000023803,10,10,15,845,1,2,1,1.0,6.0,16015,M,4565340.0,17850.0,16
201000023804,10,10,10,1400,1,1,6,2.0,6.0,16271,M,4562630.0,15560.0,16
201000023805,10,10,10,1925,2,2,6,2.0,7.0,16341,M,4563440.0,12530.0,16
201000023806,10,10,8,1010,1,2,1,1.0,6.0,16015,M,4565690.0,14780.0,16
201000023807,10,10,7,1215,1,2,1,1.0,6.0,16015,M,4565450.0,15820.0,16
201000023808,10,10,9,1510,1,2,1,1.0,7.0,16113,M,4560110.0,9310.0,16
201000023809,10,10,19,1920,5,2,1,1.0,1.0,16015,M,4564150.0,17870.0,16
201000023810,10,10,22,1305,1,2,1,1.0,3.0,16166,M,4566980.0,20000.0,16
201000023811,10,10,22,750,2,2,1,1.0,6.0,16015,M,4566980.0,15500.0,16
201000023812,10,10,21,705,2,2,1,1.0,6.0,16015,M,4563430.0,15400.0,16
201000023813,10,10,20,910,1,2,6,7.0,6.0,16358,M,4567380.0,12480.0,16
201000023814,10,10,18,1840,2,2,6,1.0,4.0,16015,M,4564290.0,13570.0,16
201000023815,10,10,17,1805,2,2,3,1.0,3.0,16291,M,4567780.0,21930.0,16
201000023816,10,10,12,1230,1,2,6,1.0,2.0,16113,M,4563040.0,12020.0,16
201000023817,10,10,11,730,2,2,6,2.0,7.0,16015,M,4563090.0,14490.0,16
201000023818,10,10,23,1010,1,1,1,1.0,6.0,16166,M,4567190.0,21270.0,16
201000023819,10,10,27,1740,1,1,1,1.0,6.0,16166,M,4566840.0,18240.0,16
201000023820,10,10,30,2348,3,2,1,2.0,7.0,16358,M,4566370.0,12900.0,16
201000023821,10,10,19,1230,1,2,3,1.0,3.0,16113,M,4559740.0,9660.0,16
201000023822,10,10,28,1335,1,2,1,2.0,6.0,16166,M,4566160.0,18570.0,16
201000023823,10,10,27,1645,1,2,6,1.0,6.0,16166,M,4566450.0,17650.0,16
201000023824,10,10,22,1745,1,2,1,1.0,2.0,16078,M,4567710.0,18500.0,16
201000023825,10,11,18,1740,2,1,1,1.0,6.0,16374,M,4563620.0,20760.0,16
201000023826,10,11,16,1240,1,2,6,1.0,3.0,16271,M,4561280.0,19430.0,16
201000023827,10,11,24,1335,1,2,2,1.0,6.0,16015,M,4565150.0,17760.0,16
201000023828,10,11,24,745,2,2,1,1.0,5.0,16015,M,4565100.0,11640.0,16
201000023829,10,11,10,1150,1,2,1,1.0,6.0,16015,M,4565990.0,14320.0,16
201000023830,10,11,17,1220,1,2,1,2.0,6.0,16015,M,4564660.0,15000.0,16
201000023831,10,11,2,900,1,1,6,1.0,6.0,16341,M,4563490.0,12500.0,16
201000023832,10,11,4,1100,1,1,1,2.0,7.0,16291,M,4568810.0,22390.0,16
201000023833,10,11,4,2050,5,2,1,2.0,6.0,16015,M,4565330.0,14940.0,16
201000023834,10,11,5,735,2,1,1,2.0,7.0,16358,M,4569090.0,10240.0,16
201000023835,10,11,7,525,5,2,1,1.0,6.0,16015,M,4563910.0,15620.0,16
201000023836,10,11,14,1400,1,2,1,1.0,6.0,16113,M,4560460.0,10020.0,16
201000023837,10,11,16,1905,5,2,1,1.0,2.0,16015,M,4564710.0,17010.0,16
201000023838,10,11,16,1950,5,2,1,1.0,6.0,16015,M,4564990.0,16840.0,16
201000023839,10,11,16,1850,5,2,6,1.0,3.0,16154,M,4567740.0,17600.0,16
201000023840,10,12,11,35,5,2,1,1.0,6.0,16015,M,4564920.0,15690.0,16
201000023841,10,12,10,1500,1,2,1,1.0,2.0,16015,M,4564230.0,13510.0,16
201000023842,10,12,10,1810,5,2,1,1.0,6.0,16015,M,4565000.0,16260.0,16
201000023843,10,12,9,750,2,2,1,1.0,6.0,16015,M,4565320.0,16200.0,16
201000023844,10,12,9,1610,1,2,1,1.0,6.0,16113,M,4563490.0,12500.0,16
201000023845,10,12,8,1820,3,1,1,1.0,5.0,16358,M,4567770.0,14750.0,16
201000023846,10,11,28,1420,1,2,1,1.0,6.0,16154,M,4567240.0,18690.0,16
201000023847,10,11,25,705,1,2,1,1.0,6.0,16113,M,4561460.0,9680.0,16
201000023848,10,11,25,900,1,1,1,1.0,3.0,16358,M,4568100.0,11600.0,16
201000023849,10,12,24,1143,1,1,1,1.0,5.0,16358,M,4567810.0,14780.0,16
201000023850,10,12,25,1835,5,2,1,1.0,2.0,16015,M,4565770.0,17160.0,16
201000023851,10,12,21,805,5,2,1,1.0,2.0,16015,M,4565260.0,15480.0,16
201000023852,10,12,29,1800,5,2,1,1.0,6.0,16015,M,4564480.0,13810.0,16
201000023853,10,12,29,1450,1,2,1,1.0,6.0,16015,M,4563820.0,13000.0,16
201000023854,10,12,22,1905,5,2,2,1.0,2.0,16113,M,4561770.0,10040.0,16
201000023855,10,12,18,1835,5,2,1,2.0,6.0,16015,M,4564940.0,15950.0,16
201000023856,10,12,16,1814,5,2,9,2.0,6.0,16341,M,4563410.0,12250.0,16
201000023857,10,12,16,1738,5,2,2,1.0,3.0,16015,M,4565300.0,17080.0,16
201000023858,10,12,30,1425,1,2,1,1.0,6.0,16154,M,4566220.0,16240.0,16
201000023859,10,1,14,1530,1,2,2,3.0,7.0,16102,M,5075000.0,295000.0,16
201000023860,10,1,29,905,1,2,1,2.0,6.0,16102,M,5075000.0,295000.0,16
201000023861,10,2,2,905,1,2,1,1.0,7.0,16102,M,5075000.0,295000.0,16
201000023862,10,2,22,1800,1,2,2,1.0,1.0,16102,M,5075000.0,295000.0,16
201000023863,10,3,11,1555,1,2,2,1.0,6.0,16102,M,4569070.0,-32450.0,16
201000023864,10,3,15,1605,1,2,6,1.0,6.0,16089,M,4568050.0,-31230.0,16
201000023865,10,3,18,1440,1,2,1,1.0,3.0,16102,M,4569720.0,-32770.0,16
201000023866,10,3,25,2030,5,2,1,1.0,7.0,16102,M,4569450.0,-31720.0,16
201000023867,10,4,19,1755,1,2,9,1.0,6.0,16089,M,4568200.0,-30870.0,16
201000023868,10,4,20,1830,1,2,2,1.0,3.0,16102,M,4569370.0,-31730.0,16
201000023869,10,4,21,1615,1,2,2,1.0,3.0,16102,M,4568860.0,-31510.0,16
201000023870,10,4,24,1,5,2,6,1.0,6.0,16102,M,4569310.0,-32540.0,16
201000023871,10,5,22,1910,1,2,1,7.0,7.0,16102,M,5075000.0,295000.0,16
201000023872,10,6,14,1950,1,2,2,1.0,3.0,16102,M,4568870.0,-33670.0,16
201000023873,10,6,15,915,1,2,6,1.0,3.0,16102,M,4568490.0,-32890.0,16
201000023874,10,7,7,1400,1,2,1,1.0,7.0,16089,M,5075000.0,280000.0,16
201000023875,10,7,22,1930,1,2,1,1.0,6.0,16089,M,5075000.0,280000.0,16
201000023876,10,8,24,920,1,2,1,1.0,7.0,16102,M,4569970.0,-33330.0,16
201000023877,10,8,24,1700,1,2,2,1.0,3.0,16102,M,4568470.0,-33420.0,16
201000023878,10,8,28,1830,1,2,6,1.0,4.0,16089,M,4568190.0,-29280.0,16
201000023879,10,10,30,1944,2,2,1,1.0,3.0,16089,M,4568320.0,-30780.0,16
201000023880,10,11,3,1700,2,2,1,1.0,6.0,16102,M,4569330.0,-32890.0,16
201000023881,10,3,30,1730,1,1,1,9.0,6.0,77006,M,4840800.0,254300.0,77
201000023882,10,8,25,645,2,2,1,8.0,1.0,77069,M,4847900.0,260100.0,77
201000023883,10,9,20,1900,1,2,1,1.0,2.0,77006,M,4841200.0,256300.0,77
201000023884,10,11,23,1100,1,1,1,8.0,3.0,77359,M,4849100.0,257100.0,77
201000023885,10,11,26,1530,1,1,9,1.0,5.0,77006,M,4840600.0,255000.0,77
201000023886,10,12,4,1715,5,2,1,8.0,6.0,77069,M,4847300.0,260500.0,77
201000023887,10,1,15,2115,5,1,1,1.0,7.0,69260,M,0.0,0.0,69
201000023888,10,2,15,1415,1,1,1,1.0,3.0,69046,M,0.0,0.0,69
201000023889,10,4,12,1245,1,1,6,1.0,6.0,69100,M,0.0,0.0,69
201000023890,10,7,5,1830,1,2,9,1.0,7.0,69100,M,0.0,0.0,69
201000023891,10,7,11,230,5,2,1,1.0,7.0,69100,M,0.0,0.0,69
201000023892,10,8,13,1900,1,2,1,1.0,3.0,69133,M,,,69
201000023893,10,9,4,2230,5,2,1,1.0,7.0,69260,M,0.0,0.0,69
201000023894,10,9,30,1600,1,2,1,2.0,7.0,69260,M,,,69
201000023895,10,11,6,2100,3,1,1,1.0,6.0,69133,M,0.0,0.0,69
201000023896,10,12,21,1800,5,1,1,2.0,3.0,69100,M,0.0,0.0,69
201000023897,10,1,27,1715,1,2,1,1.0,6.0,66189,M,4265315.0,295390.0,66
201000023898,10,7,23,930,1,2,9,1.0,6.0,66028,M,4269180.0,291971.0,66
201000023899,10,1,1,1540,1,2,3,1.0,4.0,17299,M,,,17
201000023900,10,1,4,925,1,2,1,1.0,7.0,17299,M,,,17
201000023901,10,1,5,1000,1,1,1,1.0,7.0,17299,M,,,17
201000023902,10,1,15,755,5,2,1,1.0,2.0,17299,M,,,17
201000023903,10,1,16,1105,1,2,2,3.0,7.0,17299,M,,,17
201000023904,10,1,18,920,1,2,2,1.0,3.0,17299,M,,,17
201000023905,10,1,20,1125,1,1,6,1.0,3.0,17449,M,,,17
201000023906,10,1,20,1625,1,2,3,1.0,3.0,17299,M,,,17
201000023907,10,1,20,1820,5,2,1,2.0,7.0,17449,M,,,17
201000023908,10,1,26,815,1,1,1,1.0,6.0,17449,M,,,17
201000023909,10,1,29,1445,1,2,1,1.0,3.0,17299,M,,,17
201000023910,10,1,29,2120,5,2,3,2.0,3.0,17299,M,,,17
201000023911,10,2,3,1045,1,2,1,1.0,2.0,17299,M,,,17
201000023912,10,2,3,1200,1,2,1,1.0,2.0,17299,M,,,17
201000023913,10,2,6,2110,5,2,1,1.0,7.0,17299,M,,,17
201000023914,10,2,8,1800,2,2,6,1.0,3.0,17449,M,,,17
201000023915,10,2,20,955,1,2,1,1.0,3.0,17299,M,,,17
201000023916,10,2,20,2050,5,2,2,1.0,3.0,17299,M,,,17
201000023917,10,2,22,910,1,2,3,1.0,3.0,17449,M,,,17
201000023918,10,2,22,1130,1,2,1,1.0,2.0,17299,M,,,17
201000023919,10,2,24,1040,1,1,1,1.0,7.0,17449,M,,,17
201000023920,10,3,3,1520,1,1,1,1.0,1.0,17449,M,,,17
201000023921,10,3,5,1220,1,2,1,1.0,2.0,17299,M,,,17
201000023922,10,3,7,1755,1,2,3,1.0,3.0,17449,M,,,17
201000023923,10,3,7,1520,1,2,3,1.0,1.0,17299,M,,,17
201000023924,10,3,19,1015,1,2,3,1.0,2.0,17449,M,,,17
201000023925,10,3,24,1215,1,2,1,1.0,7.0,17299,M,,,17
201000023926,10,4,1,1030,1,2,1,1.0,7.0,17299,M,,,17
201000023927,10,4,2,1815,1,2,3,1.0,3.0,17449,M,,,17
201000023928,10,4,5,1730,1,2,1,1.0,7.0,17299,M,,,17
201000023929,10,4,19,950,1,2,1,1.0,7.0,17299,M,,,17
201000023930,10,4,19,1435,1,2,1,1.0,7.0,17299,M,,,17
201000023931,10,4,26,1545,1,2,3,1.0,7.0,17299,M,,,17
201000023932,10,4,29,2225,5,2,1,1.0,6.0,17299,M,,,17
201000023933,10,5,2,1900,1,2,1,1.0,7.0,17299,M,,,17
201000023934,10,5,12,1445,1,2,2,1.0,3.0,17449,M,,,17
201000023935,10,5,14,1730,1,2,1,1.0,7.0,17299,M,,,17
201000023936,10,5,16,830,1,2,1,1.0,3.0,17449,M,,,17
201000023937,10,5,20,1030,1,2,1,1.0,6.0,17299,M,,,17
201000023938,10,5,23,715,1,2,1,1.0,7.0,17299,M,,,17
201000023939,10,5,24,2000,1,2,6,1.0,7.0,17449,M,,,17
201000023940,10,5,28,1930,1,2,1,1.0,1.0,17449,M,,,17
201000023941,10,6,5,225,5,2,1,1.0,7.0,17299,M,,,17
201000023942,10,6,6,1805,1,1,1,1.0,5.0,17299,M,,,17
201000023943,10,6,6,1940,1,2,1,1.0,6.0,17299,M,,,17
201000023944,10,6,14,1325,1,2,1,1.0,6.0,17449,M,,,17
201000023945,10,6,16,1855,1,2,1,2.0,1.0,17299,M,,,17
201000023946,10,6,17,1750,1,2,1,1.0,3.0,17299,M,,,17
201000023947,10,6,17,1905,1,2,3,1.0,7.0,17299,M,,,17
201000023948,10,6,18,1830,1,2,2,1.0,3.0,17299,M,,,17
201000023949,10,6,26,2040,1,2,1,1.0,6.0,17299,M,,,17
201000023950,10,6,29,1140,1,1,6,1.0,7.0,17299,M,,,17
201000023951,10,7,1,955,1,1,6,1.0,3.0,17299,M,,,17
201000023952,10,7,5,1620,1,2,6,1.0,7.0,17449,M,,,17
201000023953,10,7,7,1020,1,2,3,1.0,3.0,17299,M,,,17
201000023954,10,7,7,1250,1,2,1,1.0,1.0,17299,M,,,17
201000023955,10,7,12,1605,1,1,1,1.0,7.0,17449,M,,,17
201000023956,10,7,13,1640,1,2,1,1.0,4.0,17299,M,,,17
201000023957,10,7,14,45,3,1,1,1.0,1.0,17449,M,,,17
201000023958,10,7,15,1555,1,2,6,1.0,3.0,17299,M,,,17
201000023959,10,7,17,745,1,2,3,1.0,2.0,17299,M,,,17
201000023960,10,7,20,1930,1,2,7,1.0,2.0,17299,M,,,17
201000023961,10,7,20,1935,1,2,3,1.0,3.0,17299,M,,,17
201000023962,10,7,20,2245,5,2,6,1.0,3.0,17299,M,,,17
201000023963,10,7,31,1025,1,2,7,1.0,2.0,17299,M,,,17
201000023964,10,8,6,845,1,2,6,1.0,6.0,17299,M,,,17
201000023965,10,8,10,555,5,2,2,1.0,3.0,17299,M,,,17
201000023966,10,8,13,2045,1,2,3,1.0,3.0,17299,M,,,17
201000023967,10,8,16,1435,1,2,1,1.0,3.0,17299,M,,,17
201000023968,10,8,20,900,1,2,1,1.0,3.0,17449,M,,,17
201000023969,10,8,20,1620,1,2,6,1.0,3.0,17299,M,,,17
201000023970,10,8,21,1130,1,2,1,1.0,7.0,17299,M,,,17
201000023971,10,8,23,1120,1,2,6,1.0,3.0,17299,M,,,17
201000023972,10,8,25,1530,1,2,1,1.0,2.0,17299,M,,,17
201000023973,10,8,27,1520,1,1,3,1.0,2.0,17449,M,,,17
201000023974,10,8,30,1615,1,2,1,1.0,6.0,17299,M,,,17
201000023975,10,9,1,1320,1,2,6,1.0,7.0,17449,M,,,17
201000023976,10,9,1,1500,1,1,1,1.0,4.0,17299,M,,,17
201000023977,10,9,8,855,1,2,1,1.0,7.0,17299,M,,,17
201000023978,10,9,14,1725,1,2,3,1.0,7.0,17299,M,,,17
201000023979,10,9,17,1650,1,2,1,1.0,4.0,17449,M,,,17
201000023980,10,9,19,2215,5,1,1,1.0,4.0,17299,M,,,17
201000023981,10,9,20,2150,4,2,1,1.0,6.0,17299,M,,,17
201000023982,10,9,21,1930,1,2,6,1.0,3.0,17299,M,,,17
201000023983,10,9,22,2020,1,2,2,1.0,3.0,17299,M,,,17
201000023984,10,9,24,1030,1,2,1,2.0,7.0,17299,M,,,17
201000023985,10,9,28,1755,1,2,1,1.0,6.0,17299,M,,,17
201000023986,10,9,29,1605,1,2,3,1.0,2.0,17299,M,,,17
201000023987,10,10,5,1115,1,2,3,2.0,3.0,17299,M,,,17
201000023988,10,10,5,1320,1,2,2,2.0,6.0,17299,M,,,17
201000023989,10,10,11,1125,1,2,9,1.0,3.0,17299,M,,,17
201000023990,10,10,14,955,1,2,6,1.0,3.0,17299,M,,,17
201000023991,10,10,15,1745,1,2,1,1.0,7.0,17299,M,,,17
201000023992,10,10,19,755,2,2,2,2.0,3.0,17299,M,,,17
201000023993,10,10,21,1915,2,2,1,1.0,2.0,17299,M,,,17
201000023994,10,10,27,1000,1,2,1,1.0,7.0,17449,M,,,17
201000023995,10,11,2,1715,1,2,1,2.0,3.0,17299,M,,,17
201000023996,10,11,3,1530,1,2,1,1.0,3.0,17299,M,,,17
201000023997,10,11,4,1810,5,2,1,2.0,6.0,17299,M,,,17
201000023998,10,11,12,1530,1,2,1,3.0,7.0,17299,M,,,17
201000023999,10,11,16,1655,1,2,1,1.0,7.0,17299,M,,,17
201000024000,10,11,18,2130,5,2,1,2.0,6.0,17299,M,,,17
201000024001,10,11,19,825,1,2,2,2.0,3.0,17299,M,,,17
201000024002,10,11,22,1645,1,2,1,1.0,7.0,17299,M,,,17
201000024003,10,11,24,1455,1,2,2,1.0,3.0,17299,M,,,17
201000024004,10,11,24,1945,5,1,1,1.0,7.0,17299,M,,,17
201000024005,10,11,26,915,1,2,1,1.0,2.0,17299,M,,,17
201000024006,10,11,30,1800,5,2,1,1.0,3.0,17299,M,,,17
201000024007,10,12,3,1,5,1,1,1.0,7.0,17299,M,,,17
201000024008,10,12,3,1300,1,2,1,1.0,7.0,17449,M,,,17
201000024009,10,12,6,1725,5,2,2,3.0,7.0,17299,M,,,17
201000024010,10,12,9,1610,1,2,6,1.0,2.0,17299,M,,,17
201000024011,10,12,11,1210,1,1,1,1.0,7.0,17449,M,,,17
201000024012,10,12,13,805,1,2,1,9.0,1.0,17299,M,,,17
201000024013,10,12,21,950,1,2,2,2.0,3.0,17299,M,,,17
201000024014,10,12,23,1605,1,2,1,1.0,7.0,17299,M,,,17
201000024015,10,12,23,1645,1,2,6,2.0,3.0,17299,M,,,17
201000024016,10,12,31,1005,1,2,1,2.0,7.0,17299,M,,,17
201000024017,10,1,2,1932,5,2,1,1.0,1.0,17300,M,,,17
201000024018,10,1,11,1915,3,1,1,1.0,6.0,17200,M,,,17
201000024019,10,1,11,1945,5,2,3,1.0,3.0,17300,M,,,17
201000024020,10,1,12,1218,1,2,2,1.0,3.0,17300,M,,,17
201000024021,10,1,12,1655,1,2,1,1.0,7.0,17291,M,,,17
201000024022,10,1,12,1735,5,1,1,1.0,7.0,17291,M,,,17
201000024023,10,1,15,1645,1,2,1,1.0,6.0,17028,M,,,17
201000024024,10,1,17,1025,1,2,1,1.0,6.0,17200,M,,,17
201000024025,10,1,20,545,5,2,9,1.0,6.0,17300,M,,,17
201000024026,10,1,22,825,1,2,1,1.0,1.0,17300,M,,,17
201000024027,10,1,22,1823,1,2,1,1.0,6.0,17300,M,,,17
201000024028,10,1,23,1830,1,2,1,1.0,1.0,17300,M,,,17
201000024029,10,1,26,730,5,2,1,4.0,2.0,17300,M,,,17
201000024030,10,1,26,830,2,2,1,4.0,7.0,17028,M,,,17
201000024031,10,1,26,845,1,2,1,1.0,6.0,17300,M,,,17
201000024032,10,1,26,1830,5,2,1,1.0,6.0,17300,M,,,17
201000024033,10,1,29,1500,1,2,1,1.0,2.0,17300,M,,,17
201000024034,10,1,30,1955,5,2,9,1.0,6.0,17300,M,,,17
201000024035,10,2,1,900,1,2,2,1.0,6.0,17300,M,,,17
201000024036,10,2,1,1615,1,2,1,1.0,2.0,17300,M,,,17
201000024037,10,2,1,1902,5,2,9,1.0,3.0,17300,M,,,17
201000024038,10,2,5,741,5,2,1,1.0,6.0,17300,M,,,17
201000024039,10,2,5,2335,5,2,1,1.0,7.0,17291,M,,,17
201000024040,10,2,6,215,5,2,9,3.0,3.0,17300,M,,,17
201000024041,10,2,7,135,5,2,1,1.0,1.0,17300,M,,,17
201000024042,10,2,8,1550,1,2,1,1.0,6.0,17300,M,,,17
201000024043,10,2,8,1806,1,2,1,1.0,2.0,17300,M,,,17
201000024044,10,2,12,1825,5,2,1,1.0,6.0,17300,M,,,17
201000024045,10,2,14,55,5,2,1,1.0,2.0,17300,M,,,17
201000024046,10,2,16,727,3,2,1,1.0,2.0,17300,M,,,17
201000024047,10,2,17,1905,5,2,1,1.0,6.0,17300,M,,,17
201000024048,10,2,17,2100,1,2,1,1.0,6.0,17300,M,,,17
201000024049,10,2,18,645,5,2,9,1.0,6.0,17300,M,,,17
201000024050,10,2,21,1226,1,1,1,1.0,2.0,17028,M,,,17
201000024051,10,2,22,1600,1,2,1,1.0,1.0,17300,M,,,17
201000024052,10,2,23,1930,5,2,1,1.0,6.0,17300,M,,,17
201000024053,10,2,26,2130,5,2,1,1.0,7.0,17300,M,,,17
201000024054,10,2,28,1420,1,2,9,1.0,6.0,17300,M,,,17
201000024055,10,3,1,1350,1,2,1,1.0,2.0,17300,M,,,17
201000024056,10,3,2,835,1,2,1,1.0,1.0,17028,M,,,17
201000024057,10,3,4,930,1,2,1,1.0,6.0,17300,M,,,17
201000024058,10,3,5,1707,1,2,1,1.0,2.0,17300,M,,,17
201000024059,10,3,8,1855,1,2,1,1.0,1.0,17200,M,,,17
201000024060,10,3,9,1400,1,2,1,1.0,6.0,17300,M,,,17
201000024061,10,3,10,1830,2,2,1,1.0,1.0,17300,M,,,17
201000024062,10,3,10,1831,1,2,1,1.0,7.0,17300,M,,,17
201000024063,10,3,11,800,1,2,1,1.0,6.0,17300,M,,,17
201000024064,10,3,11,1020,1,2,1,1.0,6.0,17274,M,,,17
201000024065,10,3,15,1005,1,2,2,1.0,3.0,17300,M,,,17
201000024066,10,3,15,1930,5,2,1,1.0,6.0,17028,M,,,17
201000024067,10,3,16,825,1,2,9,1.0,6.0,17300,M,,,17
201000024068,10,3,16,1745,1,1,1,1.0,2.0,17200,M,,,17
201000024069,10,3,17,1331,1,2,1,1.0,6.0,17300,M,,,17
201000024070,10,3,19,1119,1,2,1,1.0,6.0,17300,M,,,17
201000024071,10,3,20,1100,1,2,6,1.0,6.0,17300,M,,,17
201000024072,10,3,22,745,1,2,9,1.0,6.0,17300,M,,,17
201000024073,10,3,22,1811,1,2,1,1.0,1.0,17300,M,,,17
201000024074,10,3,23,1716,1,2,1,1.0,6.0,17300,M,,,17
201000024075,10,3,23,2010,5,2,1,1.0,7.0,17028,M,,,17
201000024076,10,3,24,1600,1,2,6,1.0,3.0,17300,M,,,17
201000024077,10,3,25,320,5,2,1,1.0,7.0,17300,M,,,17
201000024078,10,3,27,1506,1,2,3,1.0,3.0,17300,M,,,17
201000024079,10,3,29,1020,1,2,2,1.0,3.0,17300,M,,,17
201000024080,10,3,30,1103,1,2,3,1.0,3.0,17300,M,,,17
201000024081,10,3,31,908,1,2,1,1.0,2.0,17300,M,,,17
201000024082,10,4,5,2200,5,2,3,1.0,3.0,17300,M,,,17
201000024083,10,4,6,1205,1,2,1,1.0,6.0,17300,M,,,17
201000024084,10,4,6,1649,1,1,1,1.0,2.0,17300,M,,,17
201000024085,10,4,8,1550,1,2,1,1.0,2.0,17291,M,,,17
201000024086,10,4,9,1210,1,2,1,1.0,6.0,17300,M,,,17
201000024087,10,4,9,1445,1,2,1,1.0,6.0,17300,M,,,17
201000024088,10,4,12,1011,1,2,1,1.0,6.0,17300,M,,,17
201000024089,10,4,12,1058,1,2,1,1.0,2.0,17291,M,,,17
201000024090,10,4,12,1735,1,2,9,1.0,6.0,17300,M,,,17
201000024091,10,4,13,1743,1,2,2,1.0,3.0,17300,M,,,17
201000024092,10,4,15,1430,1,2,2,1.0,3.0,17274,M,,,17
201000024093,10,4,17,1405,1,2,1,1.0,6.0,17300,M,,,17
201000024094,10,4,21,605,5,2,2,1.0,3.0,17300,M,,,17
201000024095,10,4,21,1235,1,2,1,1.0,2.0,17028,M,,,17
201000024096,10,4,21,1924,1,2,1,1.0,7.0,17300,M,,,17
201000024097,10,4,22,950,1,2,1,1.0,1.0,17300,M,,,17
201000024098,10,4,22,1645,1,2,1,2.0,7.0,17300,M,,,17
201000024099,10,4,23,845,1,2,1,1.0,7.0,17300,M,,,17
201000024100,10,4,23,1455,1,2,1,1.0,6.0,17300,M,,,17
201000024101,10,4,23,1715,1,2,1,1.0,2.0,17300,M,,,17
201000024102,10,4,24,1033,1,2,1,1.0,2.0,17300,M,,,17
201000024103,10,4,24,1510,1,2,2,1.0,3.0,17300,M,,,17
201000024104,10,4,25,1850,1,2,1,1.0,7.0,17300,M,,,17
201000024105,10,4,25,135,5,2,1,1.0,6.0,17300,M,,,17
201000024106,10,4,27,950,1,2,1,1.0,6.0,17300,M,,,17
201000024107,10,4,27,1944,1,2,1,1.0,6.0,17300,M,,,17
201000024108,10,4,28,2355,5,2,1,1.0,6.0,17028,M,,,17
201000024109,10,4,29,1630,1,2,1,1.0,6.0,17300,M,,,17
201000024110,10,4,30,1425,1,2,1,1.0,6.0,17300,M,,,17
201000024111,10,4,30,1700,1,2,1,1.0,6.0,17300,M,,,17
201000024112,10,5,1,2230,4,2,9,1.0,2.0,17300,M,,,17
201000024113,10,5,2,1240,1,2,1,1.0,1.0,17274,M,,,17
201000024114,10,5,2,1430,1,2,1,1.0,7.0,17274,M,,,17