Num_Acc,an,mois,jour,hrmn,lum,agg,int,atm,col,com,gps,lat,long,dep
201000024115,10,5,5,2105,1,2,1,1.0,6.0,17291,M,,,17
201000024116,10,5,8,635,2,1,1,2.0,7.0,17028,M,,,17
201000024117,10,5,8,1930,1,1,1,1.0,7.0,17300,M,,,17
201000024118,10,5,9,2300,5,2,1,2.0,7.0,17300,M,,,17
201000024119,10,5,10,920,1,2,1,1.0,6.0,17028,M,,,17
201000024120,10,5,10,1816,1,2,9,1.0,6.0,17300,M,,,17
201000024121,10,5,12,950,1,2,2,1.0,1.0,17300,M,,,17
201000024122,10,5,12,1455,1,2,1,1.0,6.0,17300,M,,,17
201000024123,10,5,12,1805,1,1,1,1.0,5.0,17300,M,,,17
201000024124,10,5,14,1148,1,2,1,1.0,2.0,17200,M,,,17
201000024125,10,5,14,1650,1,2,1,1.0,1.0,17291,M,,,17
201000024126,10,5,16,320,5,2,1,1.0,6.0,17028,M,,,17
201000024127,10,5,16,1405,1,2,1,1.0,7.0,17300,M,,,17
201000024128,10,5,17,1835,1,2,1,1.0,6.0,17300,M,,,17
201000024129,10,5,19,130,5,2,1,1.0,7.0,17300,M,,,17
201000024130,10,5,19,1655,1,2,9,1.0,6.0,17300,M,,,17
201000024131,10,5,20,810,1,2,1,1.0,2.0,17274,M,,,17
201000024132,10,5,20,1210,1,2,9,1.0,6.0,17300,M,,,17
201000024133,10,5,20,1255,1,2,1,1.0,7.0,17300,M,,,17
201000024134,10,5,20,1900,1,2,1,1.0,1.0,17300,M,,,17
201000024135,10,5,21,840,1,2,1,1.0,2.0,17300,M,,,17
201000024136,10,5,21,1421,1,2,1,1.0,4.0,17274,M,,,17
201000024137,10,5,25,1415,1,2,1,1.0,2.0,17300,M,,,17
201000024138,10,5,26,1825,1,2,2,8.0,3.0,17300,M,,,17
201000024139,10,5,26,2005,1,2,1,1.0,7.0,17300,M,,,17
201000024140,10,5,26,2115,5,2,1,8.0,6.0,17300,M,,,17
201000024141,10,5,29,908,1,2,9,1.0,2.0,17300,M,,,17
201000024142,10,5,31,1800,1,2,1,1.0,6.0,17200,M,,,17
201000024143,10,6,1,1345,1,2,1,1.0,3.0,17300,M,,,17
201000024144,10,6,1,1400,1,2,1,1.0,2.0,17028,M,,,17
201000024145,10,6,1,1625,1,2,2,1.0,3.0,17300,M,,,17
201000024146,10,6,3,1634,1,2,1,1.0,6.0,17300,M,,,17
201000024147,10,6,4,1510,1,1,1,1.0,4.0,17028,M,,,17
201000024148,10,6,5,35,5,2,1,1.0,6.0,17300,M,,,17
201000024149,10,6,5,1026,1,2,1,1.0,7.0,17300,M,,,17
201000024150,10,6,5,1600,1,2,4,1.0,3.0,17300,M,,,17
201000024151,10,6,6,2010,1,2,1,1.0,7.0,17300,M,,,17
201000024152,10,6,8,1830,1,2,2,1.0,3.0,17300,M,,,17
201000024153,10,6,8,1923,1,2,3,1.0,3.0,17300,M,,,17
201000024154,10,6,9,930,1,2,1,1.0,6.0,17300,M,,,17
201000024155,10,6,9,1349,1,2,1,1.0,1.0,17200,M,,,17
201000024156,10,6,9,1557,1,2,3,1.0,3.0,17300,M,,,17
201000024157,10,6,11,1730,1,2,1,1.0,4.0,17028,M,,,17
201000024158,10,6,12,713,1,2,1,1.0,2.0,17300,M,,,17
201000024159,10,6,14,1310,1,2,1,1.0,7.0,17028,M,,,17
201000024160,10,6,14,1936,1,2,1,1.0,2.0,17300,M,,,17
201000024161,10,6,16,1015,1,2,1,1.0,6.0,17028,M,,,17
201000024162,10,6,18,1720,1,2,2,8.0,3.0,17291,M,,,17
201000024163,10,6,18,2300,3,1,1,1.0,6.0,17300,M,,,17
201000024164,10,6,19,1140,1,2,1,1.0,4.0,17300,M,,,17
201000024165,10,6,21,1357,1,2,1,1.0,6.0,17300,M,,,17
201000024166,10,6,22,350,5,2,1,1.0,2.0,17028,M,,,17
201000024167,10,6,22,350,5,2,1,1.0,2.0,17028,M,,,17
201000024168,10,6,22,1050,1,2,1,1.0,7.0,17300,M,,,17
201000024169,10,6,22,1410,1,2,1,1.0,6.0,17291,M,,,17
201000024170,10,6,26,450,5,2,1,1.0,7.0,17300,M,,,17
201000024171,10,6,26,1801,1,2,1,1.0,2.0,17300,M,,,17
201000024172,10,6,27,2050,1,2,2,1.0,3.0,17300,M,,,17
201000024173,10,6,30,1140,1,2,1,1.0,2.0,17300,M,,,17
201000024174,10,7,5,1825,1,2,1,1.0,1.0,17300,M,,,17
201000024175,10,7,6,910,1,1,1,1.0,6.0,17300,M,,,17
201000024176,10,7,6,1700,1,2,1,1.0,2.0,17300,M,,,17
201000024177,10,7,7,735,1,1,1,1.0,2.0,17300,M,,,17
201000024178,10,7,7,1030,1,2,1,1.0,6.0,17300,M,,,17
201000024179,10,7,7,1710,1,2,1,1.0,6.0,17300,M,,,17
201000024180,10,7,9,1959,1,2,1,1.0,6.0,17300,M,,,17
201000024181,10,7,10,1425,1,2,1,1.0,6.0,17300,M,,,17
201000024182,10,7,10,1945,1,2,1,1.0,6.0,17300,M,,,17
201000024183,10,7,12,145,5,2,1,1.0,6.0,17300,M,,,17
201000024184,10,7,12,1250,1,2,1,1.0,2.0,17300,M,,,17
201000024185,10,7,13,815,1,2,1,1.0,6.0,17300,M,,,17
201000024186,10,7,14,1100,1,2,1,1.0,6.0,17291,M,,,17
201000024187,10,7,18,1830,1,2,1,1.0,6.0,17300,M,,,17
201000024188,10,7,19,835,1,2,1,1.0,7.0,17300,M,,,17
201000024189,10,7,20,846,1,2,1,1.0,3.0,17300,M,,,17
201000024190,10,7,20,2016,1,2,1,1.0,6.0,17300,M,,,17
201000024191,10,7,21,1139,1,2,1,1.0,6.0,17200,M,,,17
201000024192,10,7,21,1624,1,2,1,1.0,3.0,17028,M,,,17
201000024193,10,7,21,1809,1,2,1,1.0,2.0,17300,M,,,17
201000024194,10,7,21,2315,5,2,1,1.0,2.0,17300,M,,,17
201000024195,10,7,22,1200,1,2,1,1.0,7.0,17300,M,,,17
201000024196,10,7,22,1620,1,2,1,1.0,6.0,17300,M,,,17
201000024197,10,7,22,1815,1,2,1,1.0,2.0,17300,M,,,17
201000024198,10,7,23,1,5,2,1,1.0,3.0,17300,M,,,17
201000024199,10,7,23,1540,1,2,1,1.0,2.0,17300,M,,,17
201000024200,10,7,23,1628,1,2,1,1.0,6.0,17028,M,,,17
201000024201,10,7,23,1845,1,2,9,1.0,3.0,17200,M,,,17
201000024202,10,7,23,2230,5,2,2,1.0,3.0,17300,M,,,17
201000024203,10,7,24,430,5,2,1,1.0,6.0,17300,M,,,17
201000024204,10,7,30,1514,1,2,1,1.0,7.0,17300,M,,,17
201000024205,10,7,30,1840,1,2,1,1.0,7.0,17300,M,,,17
201000024206,10,8,4,1550,1,2,9,1.0,6.0,17300,M,,,17
201000024207,10,8,3,1750,1,2,6,1.0,3.0,17300,M,,,17
201000024208,10,8,5,1715,1,2,1,1.0,6.0,17300,M,,,17
201000024209,10,8,5,1805,1,2,1,1.0,6.0,17300,M,,,17
201000024210,10,8,5,1930,1,2,1,1.0,6.0,17028,M,,,17
201000024211,10,8,6,1024,1,2,1,1.0,2.0,17300,M,,,17
201000024212,10,8,6,1400,1,2,1,1.0,4.0,17200,M,,,17
201000024213,10,8,7,1619,1,1,1,1.0,2.0,17300,M,,,17
201000024214,10,8,7,2100,1,2,1,1.0,7.0,17300,M,,,17
201000024215,10,8,8,1912,1,1,1,1.0,7.0,17291,M,,,17
201000024216,10,8,9,1955,1,2,1,7.0,6.0,17300,M,,,17
201000024217,10,8,12,1405,1,2,1,1.0,6.0,17200,M,,,17
201000024218,10,8,13,1618,1,2,1,1.0,3.0,17300,M,,,17
201000024219,10,8,15,1825,1,2,1,1.0,2.0,17300,M,,,17
201000024220,10,8,17,1815,1,2,1,1.0,6.0,17300,M,,,17
201000024221,10,8,20,1200,1,1,1,1.0,1.0,17300,M,,,17
201000024222,10,8,20,1418,1,2,1,1.0,2.0,17300,M,,,17
201000024223,10,8,23,1250,1,2,1,1.0,4.0,17028,M,,,17
201000024224,10,8,23,1640,1,1,1,1.0,4.0,17300,M,,,17
201000024225,10,8,25,1125,1,2,3,1.0,3.0,17300,M,,,17
201000024226,10,8,25,1150,1,1,9,1.0,2.0,17300,M,,,17
201000024227,10,8,25,1528,1,2,1,1.0,6.0,17300,M,,,17
201000024228,10,8,26,1110,1,2,1,1.0,3.0,17300,M,,,17
201000024229,10,8,27,813,1,2,1,2.0,7.0,17291,M,,,17
201000024230,10,8,27,939,1,2,1,1.0,7.0,17300,M,,,17
201000024231,10,8,30,1425,1,2,1,1.0,4.0,17300,M,,,17
201000024232,10,8,31,550,5,2,1,1.0,7.0,17300,M,,,17
201000024233,10,8,31,1215,1,2,1,1.0,2.0,17300,M,,,17
201000024234,10,8,31,1559,1,2,1,1.0,2.0,17300,M,,,17
201000024235,10,8,31,1622,1,2,1,1.0,6.0,17300,M,,,17
201000024236,10,8,31,1636,1,2,1,1.0,7.0,17300,M,,,17
201000024237,10,9,10,1112,1,2,1,1.0,4.0,17300,M,,,17
201000024238,10,9,2,1600,1,2,9,1.0,2.0,17274,M,,,17
201000024239,10,9,4,2005,1,2,3,1.0,3.0,17300,M,,,17
201000024240,10,9,5,2005,1,2,1,1.0,6.0,17300,M,,,17
201000024241,10,9,13,1035,1,2,1,2.0,1.0,17300,M,,,17
201000024242,10,9,8,920,1,2,1,1.0,2.0,17300,M,,,17
201000024243,10,9,8,1515,1,2,1,1.0,3.0,17300,M,,,17
201000024244,10,9,11,735,2,2,1,1.0,7.0,17300,M,,,17
201000024245,10,9,11,1230,1,2,1,1.0,2.0,17200,M,,,17
201000024246,10,9,13,1529,1,2,1,1.0,6.0,17300,M,,,17
201000024247,10,9,13,1823,1,2,3,1.0,3.0,17300,M,,,17
201000024248,10,9,13,2200,5,2,1,1.0,1.0,17300,M,,,17
201000024249,10,9,14,1855,1,2,2,1.0,6.0,17300,M,,,17
201000024250,10,9,15,1640,1,2,1,1.0,1.0,17300,M,,,17
201000024251,10,9,15,1740,1,2,1,1.0,2.0,17028,M,,,17
201000024252,10,9,16,1058,1,2,9,1.0,3.0,17300,M,,,17
201000024253,10,9,17,1925,1,1,1,1.0,2.0,17300,M,,,17
201000024254,10,9,18,810,1,2,1,1.0,7.0,17300,M,,,17
201000024255,10,9,21,1350,1,2,1,1.0,3.0,17300,M,,,17
201000024256,10,9,21,2004,2,2,1,1.0,6.0,17028,M,,,17
201000024257,10,9,24,1545,1,2,2,1.0,3.0,17200,M,,,17
201000024258,10,9,27,220,5,2,1,1.0,7.0,17300,M,,,17
201000024259,10,9,26,514,5,2,1,1.0,7.0,17300,M,,,17
201000024260,10,9,27,811,1,2,1,1.0,1.0,17274,M,,,17
201000024261,10,9,27,935,1,2,6,1.0,6.0,17300,M,,,17
201000024262,10,9,28,1550,1,2,1,1.0,2.0,17300,M,,,17
201000024263,10,9,29,1645,1,2,1,1.0,2.0,17300,M,,,17
201000024264,10,10,1,555,5,2,1,1.0,6.0,17300,M,,,17
201000024265,10,10,2,1432,1,2,6,1.0,3.0,17274,M,,,17
201000024266,10,10,4,725,2,2,1,2.0,6.0,17028,M,,,17
201000024267,10,10,4,1016,1,2,1,1.0,7.0,17300,M,,,17
201000024268,10,10,5,545,5,2,1,1.0,1.0,17300,M,,,17
201000024269,10,10,5,2100,5,2,3,1.0,3.0,17300,M,,,17
201000024270,10,10,7,829,1,2,1,1.0,7.0,17291,M,,,17
201000024271,10,10,9,2240,5,2,1,1.0,6.0,17300,M,,,17
201000024272,10,10,11,1120,1,2,2,1.0,6.0,17300,M,,,17
201000024273,10,10,12,1849,1,2,1,1.0,1.0,17300,M,,,17
201000024274,10,10,13,745,5,2,1,1.0,6.0,17300,M,,,17
201000024275,10,10,14,2200,5,2,9,1.0,3.0,17300,M,,,17
201000024276,10,10,15,2050,4,2,2,1.0,6.0,17300,M,,,17
201000024277,10,10,16,1020,1,2,1,1.0,2.0,17291,M,,,17
201000024278,10,10,19,940,1,2,1,1.0,7.0,17300,M,,,17
201000024279,10,10,20,1006,1,2,1,1.0,3.0,17300,M,,,17
201000024280,10,10,21,848,1,2,1,1.0,2.0,17300,M,,,17
201000024281,10,10,21,1807,5,2,1,1.0,6.0,17300,M,,,17
201000024282,10,10,22,1755,2,2,1,1.0,1.0,17300,M,,,17
201000024283,10,10,22,1755,1,2,1,1.0,2.0,17300,M,,,17
201000024284,10,10,23,1200,1,1,3,1.0,3.0,17300,M,,,17
201000024285,10,10,25,1617,1,2,1,1.0,2.0,17200,M,,,17
201000024286,10,10,26,1545,1,2,1,1.0,2.0,17200,M,,,17
201000024287,10,10,30,1010,1,1,1,1.0,6.0,17300,M,,,17
201000024288,10,10,31,1130,1,1,1,1.0,2.0,17300,M,,,17
201000024289,10,10,31,1813,5,2,1,1.0,1.0,17300,M,,,17
201000024290,10,11,2,1710,1,2,1,1.0,7.0,17274,M,,,17
201000024291,10,11,3,730,2,2,1,2.0,7.0,17300,M,,,17
201000024292,10,11,3,1630,1,2,1,2.0,1.0,17028,M,,,17
201000024293,10,11,3,1815,3,1,1,2.0,7.0,17300,M,,,17
201000024294,10,11,3,1940,5,2,1,1.0,6.0,17300,M,,,17
201000024295,10,11,3,2100,3,1,1,2.0,7.0,17300,M,,,17
201000024296,10,11,6,1451,1,2,1,1.0,6.0,17300,M,,,17
201000024297,10,11,6,1742,2,2,1,1.0,6.0,17200,M,,,17
201000024298,10,11,6,2255,5,2,1,1.0,1.0,17300,M,,,17
201000024299,10,11,8,1750,5,2,1,1.0,6.0,17028,M,,,17
201000024300,10,11,12,1654,2,2,1,1.0,6.0,17300,M,,,17
201000024301,10,11,12,1836,5,2,9,1.0,6.0,17300,M,,,17
201000024302,10,11,14,1400,1,2,1,2.0,7.0,17028,M,,,17
201000024303,10,11,15,855,1,2,2,2.0,3.0,17300,M,,,17
201000024304,10,11,15,1625,1,2,6,1.0,1.0,17300,M,,,17
201000024305,10,11,15,1809,5,2,9,1.0,6.0,17300,M,,,17
201000024306,10,11,15,2015,3,2,1,1.0,6.0,17300,M,,,17
201000024307,10,11,18,1005,1,2,1,1.0,2.0,17300,M,,,17
201000024308,10,11,18,1358,1,2,1,1.0,6.0,17200,M,,,17
201000024309,10,11,19,1350,1,2,1,1.0,3.0,17200,M,,,17
201000024310,10,11,19,1800,5,2,1,1.0,6.0,17200,M,,,17
201000024311,10,11,19,1700,2,2,2,1.0,3.0,17300,M,,,17
201000024312,10,11,19,1857,1,2,1,1.0,2.0,17300,M,,,17
201000024313,10,11,20,1846,3,1,1,3.0,2.0,17300,M,,,17
201000024314,10,11,21,150,5,2,1,1.0,3.0,17300,M,,,17
201000024315,10,11,23,1112,1,2,1,1.0,7.0,17300,M,,,17
201000024316,10,11,23,2105,5,2,1,1.0,7.0,17300,M,,,17
201000024317,10,11,24,1620,1,2,1,1.0,6.0,17300,M,,,17
201000024318,10,11,24,2205,5,2,2,3.0,3.0,17300,M,,,17
201000024319,10,11,27,1545,1,2,1,2.0,7.0,17274,M,,,17
201000024320,10,11,27,1630,1,2,1,1.0,2.0,17028,M,,,17
201000024321,10,11,28,1100,1,2,1,1.0,6.0,17274,M,,,17
201000024322,10,11,29,1723,1,2,1,1.0,2.0,17200,M,,,17
201000024323,10,11,30,1612,1,2,1,1.0,3.0,17300,M,,,17
201000024324,10,12,1,1217,1,2,1,1.0,6.0,17300,M,,,17
201000024325,10,12,4,2110,1,2,2,2.0,1.0,17300,M,,,17
201000024326,10,12,6,740,2,2,1,1.0,6.0,17300,M,,,17
201000024327,10,12,6,1332,1,2,9,2.0,6.0,17200,M,,,17
201000024328,10,12,9,1009,1,2,6,1.0,3.0,17300,M,,,17
201000024329,10,12,9,1215,1,2,1,1.0,1.0,17274,M,,,17
201000024330,10,12,10,1700,1,2,1,1.0,1.0,17291,M,,,17
201000024331,10,12,13,1848,5,2,1,1.0,6.0,17300,M,,,17
201000024332,10,12,14,935,1,2,1,1.0,6.0,17300,M,,,17
201000024333,10,12,17,1632,1,2,1,1.0,3.0,17300,M,,,17
201000024334,10,12,17,2335,5,2,1,1.0,6.0,17028,M,,,17
201000024335,10,12,20,1733,4,1,1,3.0,4.0,17200,M,,,17
201000024336,10,12,24,859,1,2,1,1.0,6.0,17300,M,,,17
201000024337,10,12,29,1221,1,2,9,1.0,2.0,17300,M,,,17
201000024338,10,12,30,1045,1,2,1,1.0,6.0,17300,M,,,17
201000024339,10,12,31,1542,1,1,1,1.0,6.0,17300,M,,,17
201000024340,10,1,1,850,1,2,1,1.0,6.0,17380,M,,,17
201000024341,10,1,11,1647,1,2,3,1.0,3.0,17333,M,,,17
201000024342,10,1,12,1545,1,2,1,1.0,7.0,17306,M,,,17
201000024343,10,1,20,1225,1,2,1,1.0,2.0,17306,M,,,17
201000024344,10,1,20,1835,2,2,1,1.0,1.0,17306,M,,,17
201000024345,10,1,29,1108,1,2,1,1.0,6.0,17306,M,,,17
201000024346,10,2,6,1215,1,2,1,1.0,3.0,17306,M,,,17
201000024347,10,2,8,1210,1,2,1,1.0,3.0,17306,M,,,17
201000024348,10,2,9,710,1,2,1,1.0,2.0,17306,M,,,17
201000024349,10,2,10,1610,1,2,1,1.0,6.0,17306,M,,,17
201000024350,10,2,14,145,5,2,1,1.0,7.0,17306,M,,,17
201000024351,10,2,16,1735,1,2,1,1.0,6.0,17306,M,,,17
201000024352,10,2,20,1610,1,2,1,1.0,6.0,17461,M,,,17
201000024353,10,2,22,1738,1,1,1,1.0,7.0,17380,M,,,17
201000024354,10,2,24,1950,2,1,1,2.0,7.0,17333,M,,,17
201000024355,10,3,4,1100,1,2,1,1.0,6.0,17306,M,,,17
201000024356,10,3,12,1515,1,2,1,1.0,3.0,17306,M,,,17
201000024357,10,3,13,1645,1,2,1,1.0,3.0,17306,M,,,17
201000024358,10,3,16,1530,1,2,3,1.0,3.0,17306,M,,,17
201000024359,10,3,17,1430,1,2,1,1.0,6.0,17306,M,,,17
201000024360,10,3,17,1840,2,1,1,1.0,1.0,17306,M,,,17
201000024361,10,3,31,930,1,2,1,1.0,7.0,17306,M,,,17
201000024362,10,3,31,1332,1,2,1,1.0,1.0,17461,M,,,17
201000024363,10,3,31,1410,1,2,2,1.0,3.0,17306,M,,,17
201000024364,10,4,3,1750,1,2,1,1.0,2.0,17306,M,,,17
201000024365,10,4,6,1949,2,1,1,1.0,7.0,17333,M,,,17
201000024366,10,4,6,2000,2,2,6,1.0,3.0,17306,M,,,17
201000024367,10,4,7,1023,1,2,1,1.0,7.0,17306,M,,,17
201000024368,10,4,7,1855,2,2,1,1.0,2.0,17306,M,,,17
201000024369,10,4,8,855,1,2,6,1.0,3.0,17333,M,,,17
201000024370,10,4,12,930,1,1,1,1.0,2.0,17380,M,,,17
201000024371,10,4,16,1555,1,2,2,1.0,3.0,17306,M,,,17
201000024372,10,4,17,1508,1,2,1,1.0,3.0,17380,M,,,17
201000024373,10,4,17,1603,1,2,1,1.0,3.0,17306,M,,,17
201000024374,10,4,18,1515,1,2,1,1.0,7.0,17461,M,,,17
201000024375,10,4,23,1000,1,1,1,1.0,2.0,17306,M,,,17
201000024376,10,4,23,1715,1,1,1,1.0,7.0,17333,M,,,17
201000024377,10,4,27,1000,1,2,1,1.0,6.0,17306,M,,,17
201000024378,10,4,27,1215,1,2,3,1.0,3.0,17306,M,,,17
201000024379,10,4,29,1500,1,2,1,1.0,6.0,17306,M,,,17
201000024380,10,5,2,1345,1,2,2,1.0,1.0,17380,M,,,17
201000024381,10,5,11,810,1,2,3,1.0,3.0,17306,M,,,17
201000024382,10,5,13,215,5,2,1,1.0,7.0,17333,M,,,17
201000024383,10,5,20,1840,2,2,1,1.0,4.0,17306,M,,,17
201000024384,10,5,24,1830,2,2,1,1.0,7.0,17306,M,,,17
201000024385,10,6,3,1611,1,2,1,1.0,2.0,17306,M,,,17
201000024386,10,6,3,1906,2,2,3,1.0,3.0,17306,M,,,17
201000024387,10,6,9,1325,1,2,1,1.0,2.0,17306,M,,,17
201000024388,10,6,9,1735,1,2,3,1.0,3.0,17306,M,,,17
201000024389,10,6,13,600,5,2,1,1.0,6.0,17380,M,,,17
201000024390,10,6,15,1408,1,2,3,1.0,3.0,17306,M,,,17
201000024391,10,6,18,1428,1,2,1,1.0,7.0,17333,M,,,17
201000024392,10,6,20,1715,1,2,1,1.0,2.0,17333,M,,,17
201000024393,10,6,20,235,5,2,1,1.0,6.0,17333,M,,,17
201000024394,10,6,20,205,5,2,1,1.0,6.0,17380,M,,,17
201000024395,10,6,21,1755,1,2,1,1.0,6.0,17461,M,,,17
201000024396,10,6,21,1725,1,2,1,1.0,6.0,17306,M,,,17
201000024397,10,6,23,815,1,2,2,1.0,3.0,17306,M,,,17
201000024398,10,6,26,1405,1,2,1,1.0,1.0,17380,M,,,17
201000024399,10,6,27,1517,1,2,1,1.0,7.0,17306,M,,,17
201000024400,10,6,29,400,5,2,1,1.0,6.0,17461,M,,,17
201000024401,10,6,29,1930,1,2,1,1.0,6.0,17306,M,,,17
201000024402,10,6,30,450,5,2,1,1.0,7.0,17461,M,,,17
201000024403,10,7,1,1135,1,2,1,1.0,3.0,17306,M,,,17
201000024404,10,7,4,1920,1,2,1,1.0,2.0,17306,M,,,17
201000024405,10,7,8,955,1,2,1,1.0,6.0,17306,M,,,17
201000024406,10,7,14,1925,1,2,1,1.0,3.0,17461,M,,,17
201000024407,10,7,16,1548,1,2,1,1.0,6.0,17333,M,,,17
201000024408,10,7,16,1840,1,2,1,1.0,6.0,17333,M,,,17
201000024409,10,7,17,1215,1,2,1,1.0,2.0,17306,M,,,17
201000024410,10,7,17,1655,1,2,1,1.0,3.0,17306,M,,,17
201000024411,10,7,18,1815,1,2,1,1.0,3.0,17380,M,,,17
201000024412,10,7,20,810,1,1,1,1.0,5.0,17306,M,,,17
201000024413,10,7,20,1535,1,2,1,1.0,2.0,17306,M,,,17
201000024414,10,7,22,1652,1,2,6,1.0,2.0,17306,M,,,17
201000024415,10,7,23,1753,1,2,1,1.0,6.0,17306,M,,,17
201000024416,10,8,23,2155,5,2,1,1.0,7.0,17333,M,,,17
201000024417,10,7,24,2010,5,2,1,1.0,7.0,17306,M,,,17
201000024418,10,7,24,1420,1,2,1,1.0,2.0,17333,M,,,17
201000024419,10,7,24,1710,1,2,3,1.0,3.0,17461,M,,,17
201000024420,10,7,25,2015,5,2,3,1.0,3.0,17306,M,,,17
201000024421,10,7,26,1055,1,2,1,1.0,6.0,17380,M,,,17
201000024422,10,7,29,1056,1,2,1,1.0,2.0,17333,M,,,17
201000024423,10,7,30,1026,1,2,1,1.0,3.0,17306,M,,,17
201000024424,10,7,31,220,5,2,3,1.0,2.0,17306,M,,,17
201000024425,10,8,4,710,2,2,3,1.0,3.0,17333,M,,,17
201000024426,10,8,7,1540,1,2,1,1.0,6.0,17333,M,,,17
201000024427,10,8,7,1720,1,2,1,1.0,6.0,17333,M,,,17
201000024428,10,8,8,2050,5,2,3,1.0,3.0,17461,M,,,17
201000024429,10,8,9,1520,1,2,1,1.0,2.0,17306,M,,,17
201000024430,10,8,10,1234,1,2,1,1.0,7.0,17306,M,,,17
201000024431,10,8,11,1723,1,2,1,1.0,2.0,17306,M,,,17
201000024432,10,8,12,2330,5,2,2,1.0,3.0,17306,M,,,17
201000024433,10,8,13,1110,1,2,1,1.0,2.0,17306,M,,,17
201000024434,10,8,16,1558,1,2,1,1.0,6.0,17306,M,,,17
201000024435,10,8,17,1740,1,2,1,1.0,6.0,17306,M,,,17
201000024436,10,8,18,910,1,2,1,1.0,7.0,17306,M,,,17
201000024437,10,8,18,1722,1,2,1,1.0,7.0,17306,M,,,17
201000024438,10,8,20,1231,1,2,1,1.0,6.0,17333,M,,,17
201000024439,10,8,22,1255,1,1,1,1.0,2.0,17380,M,,,17
201000024440,10,8,28,1830,1,2,1,1.0,2.0,17306,M,,,17
201000024441,10,8,29,2100,5,2,3,1.0,3.0,17306,M,,,17
201000024442,10,9,3,1130,1,2,1,1.0,7.0,17306,M,,,17
201000024443,10,9,4,950,1,2,1,1.0,7.0,17306,M,,,17
201000024444,10,9,6,915,1,2,1,1.0,6.0,17306,M,,,17
201000024445,10,9,13,2230,5,2,1,1.0,7.0,17380,M,,,17
201000024446,10,9,16,1801,1,2,1,1.0,6.0,17306,M,,,17
201000024447,10,9,21,815,2,2,1,1.0,6.0,17306,M,,,17
201000024448,10,9,22,1740,1,2,1,1.0,7.0,17380,M,,,17
201000024449,10,9,23,1130,1,2,1,1.0,6.0,17306,M,,,17
201000024450,10,9,27,1700,1,2,1,1.0,6.0,17306,M,,,17
201000024451,10,9,28,1344,1,2,1,1.0,3.0,17306,M,,,17
201000024452,10,9,28,1543,1,2,1,1.0,6.0,17306,M,,,17
201000024453,10,9,29,1720,1,2,6,1.0,3.0,17306,M,,,17
201000024454,10,10,1,1541,1,2,1,1.0,7.0,17380,M,,,17
201000024455,10,10,4,939,2,2,1,3.0,7.0,17306,M,,,17
201000024456,10,10,6,1930,2,2,3,1.0,3.0,17461,M,,,17
201000024457,10,10,12,1950,2,2,1,1.0,3.0,17306,M,,,17
201000024458,10,10,18,910,1,2,1,1.0,6.0,17306,M,,,17
201000024459,10,10,25,1800,1,2,1,1.0,3.0,17380,M,,,17
201000024460,10,10,26,1130,1,2,1,1.0,3.0,17306,M,,,17
201000024461,10,10,28,1530,1,1,1,1.0,2.0,17461,M,,,17
201000024462,10,11,2,2000,2,2,1,1.0,6.0,17333,M,,,17
201000024463,10,11,23,1300,1,2,1,1.0,6.0,17306,M,,,17
201000024464,10,11,9,1019,1,2,1,8.0,6.0,17306,M,,,17
201000024465,10,11,22,1153,1,2,1,1.0,2.0,17306,M,,,17
201000024466,10,11,24,1713,1,2,1,1.0,2.0,17333,M,,,17
201000024467,10,12,4,711,5,2,1,9.0,6.0,17306,M,,,17
201000024468,10,12,4,2335,5,2,1,9.0,6.0,17306,M,,,17
201000024469,10,12,10,1155,1,2,1,1.0,5.0,17333,M,,,17
201000024470,10,12,15,1945,5,2,9,1.0,6.0,17306,M,,,17
201000024471,10,12,30,1500,1,2,6,1.0,6.0,17306,M,,,17
201000024472,10,12,31,1130,1,2,9,1.0,6.0,17306,M,,,17
201000024473,10,12,31,1350,1,2,1,1.0,2.0,17306,M,,,17
201000024474,10,8,13,1850,1,2,1,1.0,6.0,17306,M,,,17
201000024475,10,4,19,1245,1,1,1,1.0,7.0,27289,M,4893730.0,41152.0,27
201000024476,10,7,9,1230,1,1,1,1.0,7.0,27148,M,4899130.0,44165.0,27
201000024477,10,11,19,1715,1,1,1,1.0,6.0,27095,M,4923870.0,78085.0,27
201000024478,10,12,13,645,3,1,1,1.0,2.0,27179,M,4913150.0,53552.0,27
201000024479,10,1,21,1830,5,2,1,1.0,6.0,17415,M,,,17
201000024480,10,1,22,1330,1,2,1,1.0,2.0,17415,M,,,17
201000024481,10,1,25,1720,1,2,1,1.0,6.0,17415,M,,,17
201000024482,10,2,1,2310,3,2,1,1.0,6.0,17415,M,,,17
201000024483,10,2,3,935,1,2,1,1.0,6.0,17415,M,,,17
201000024484,10,2,3,1335,1,1,1,1.0,6.0,17415,M,,,17
201000024485,10,2,3,1650,1,2,1,1.0,6.0,17415,M,,,17
201000024486,10,2,5,930,1,2,1,1.0,6.0,17415,M,,,17
201000024487,10,2,8,830,1,2,1,1.0,6.0,17415,M,,,17
201000024488,10,2,19,915,1,1,1,1.0,2.0,17415,M,,,17
201000024489,10,2,24,1405,1,2,1,2.0,6.0,17415,M,,,17
201000024490,10,2,25,1310,1,2,1,1.0,6.0,17415,M,,,17
201000024491,10,2,28,2000,5,2,1,1.0,6.0,17415,M,,,17
201000024492,10,3,1,1640,1,2,1,1.0,6.0,17415,M,,,17
201000024493,10,3,3,1500,1,2,1,1.0,3.0,17415,M,,,17
201000024494,10,3,6,1430,1,2,1,1.0,6.0,17415,M,,,17
201000024495,10,3,29,830,1,1,1,1.0,6.0,17415,M,,,17
201000024496,10,3,31,1820,1,1,1,2.0,2.0,17415,M,,,17
201000024497,10,4,2,15,5,2,1,1.0,6.0,17415,M,,,17