Num_Acc,an,mois,jour,hrmn,lum,agg,int,atm,col,com,gps,lat,long,dep
201000024498,10,4,6,1720,1,2,1,1.0,6.0,17415,M,,,17
201000024499,10,4,7,1935,2,2,1,1.0,6.0,17415,M,,,17
201000024500,10,4,10,2010,2,2,1,1.0,6.0,17415,M,,,17
201000024501,10,4,13,1850,1,2,1,1.0,6.0,17415,M,,,17
201000024502,10,4,14,1745,1,2,1,1.0,6.0,17415,M,,,17
201000024503,10,4,15,405,5,2,1,1.0,6.0,17415,M,,,17
201000024504,10,4,17,1930,1,1,1,1.0,6.0,17415,M,,,17
201000024505,10,4,21,1810,1,2,1,1.0,2.0,17415,M,,,17
201000024506,10,4,27,725,1,1,1,1.0,6.0,17415,M,,,17
201000024507,10,4,27,1340,1,2,1,1.0,2.0,17415,M,,,17
201000024508,10,4,27,1810,1,1,1,1.0,2.0,17415,M,,,17
201000024509,10,4,30,755,1,2,1,1.0,7.0,17415,M,,,17
201000024510,10,4,30,900,1,1,1,1.0,7.0,17415,M,,,17
201000024511,10,4,30,1735,1,2,1,1.0,6.0,17415,M,,,17
201000024512,10,5,1,2015,1,1,1,1.0,7.0,17415,M,,,17
201000024513,10,5,3,1400,1,2,1,1.0,3.0,17415,M,,,17
201000024514,10,5,4,1055,1,1,1,1.0,7.0,17415,M,,,17
201000024515,10,5,11,825,1,1,1,1.0,6.0,17415,M,,,17
201000024516,10,5,11,1750,1,2,1,1.0,6.0,17415,M,,,17
201000024517,10,5,17,1528,1,2,1,1.0,6.0,17415,M,,,17
201000024518,10,5,19,1900,1,2,1,1.0,6.0,17415,M,,,17
201000024519,10,5,17,1954,1,2,1,1.0,6.0,17415,M,,,17
201000024520,10,5,21,1420,1,2,1,1.0,6.0,17415,M,,,17
201000024521,10,6,4,1700,1,1,1,1.0,6.0,17415,M,,,17
201000024522,10,6,4,1955,1,2,1,1.0,6.0,17415,M,,,17
201000024523,10,6,5,2050,1,2,1,1.0,6.0,17415,M,,,17
201000024524,10,6,12,1755,1,2,1,1.0,6.0,17415,M,,,17
201000024525,10,6,16,1550,1,2,1,2.0,2.0,17415,M,,,17
201000024526,10,6,16,1805,1,2,1,1.0,6.0,17415,M,,,17
201000024527,10,6,21,1625,1,2,1,1.0,6.0,17415,M,,,17
201000024528,10,6,30,1500,1,2,1,1.0,6.0,17415,M,,,17
201000024529,10,7,2,1645,1,1,1,1.0,6.0,17415,M,,,17
201000024530,10,7,6,320,3,1,1,1.0,6.0,17415,M,,,17
201000024531,10,7,9,1915,1,2,1,1.0,6.0,17415,M,,,17
201000024532,10,7,10,1140,1,1,1,1.0,6.0,17415,M,,,17
201000024533,10,7,25,2325,5,2,1,1.0,6.0,17415,M,,,17
201000024534,10,8,1,1900,1,2,1,1.0,2.0,17415,M,,,17
201000024535,10,8,10,1140,1,2,1,1.0,6.0,17415,M,,,17
201000024536,10,8,15,830,1,2,1,1.0,7.0,17415,M,,,17
201000024537,10,8,15,1300,1,2,1,1.0,2.0,17415,M,,,17
201000024538,10,8,22,854,1,2,1,3.0,6.0,17415,M,,,17
201000024539,10,8,27,2110,5,2,1,1.0,6.0,17415,M,,,17
201000024540,10,8,28,1030,1,1,1,1.0,6.0,17415,M,,,17
201000024541,10,9,1,1345,1,2,1,1.0,3.0,17415,M,,,17
201000024542,10,9,7,1630,1,1,1,1.0,6.0,17415,M,,,17
201000024543,10,9,8,1730,1,1,1,1.0,6.0,17415,M,,,17
201000024544,10,9,9,1215,1,2,1,1.0,6.0,17415,M,,,17
201000024545,10,9,10,1130,1,2,1,1.0,6.0,17415,M,,,17
201000024546,10,9,24,815,1,2,1,1.0,6.0,17415,M,,,17
201000024547,10,9,27,1000,1,1,1,1.0,3.0,17415,M,,,17
201000024548,10,10,6,755,1,2,1,1.0,6.0,17415,M,,,17
201000024549,10,10,7,1410,1,2,1,1.0,6.0,17415,M,,,17
201000024550,10,10,9,955,1,2,1,1.0,6.0,17415,M,,,17
201000024551,10,10,11,750,1,2,1,1.0,6.0,17415,M,,,17
201000024552,10,10,12,1515,1,2,1,1.0,6.0,17415,M,,,17
201000024553,10,10,15,1010,1,1,1,1.0,6.0,17415,M,,,17
201000024554,10,10,15,1620,1,2,1,1.0,6.0,17415,M,,,17
201000024555,10,11,9,1230,1,2,1,2.0,6.0,17415,M,,,17
201000024556,10,11,10,750,1,2,1,1.0,6.0,17415,M,,,17
201000024557,10,11,12,1025,1,1,1,1.0,6.0,17415,M,,,17
201000024558,10,11,13,1250,1,1,1,1.0,6.0,17415,M,,,17
201000024559,10,11,15,745,2,2,1,5.0,6.0,17415,M,,,17
201000024560,10,11,21,1845,3,2,1,2.0,6.0,17415,M,,,17
201000024561,10,11,25,1600,1,1,1,1.0,6.0,17415,M,,,17
201000024562,10,11,29,1815,3,1,1,1.0,2.0,17415,M,,,17
201000024563,10,12,6,850,1,1,1,3.0,6.0,17415,M,,,17
201000024564,10,12,6,1815,1,2,1,2.0,6.0,17415,M,,,17
201000024565,10,12,12,1740,1,2,1,1.0,6.0,17415,M,,,17
201000024566,10,12,17,1825,5,1,1,1.0,6.0,17415,M,,,17
201000024567,10,12,20,800,1,2,1,3.0,6.0,17415,M,,,17
201000024568,10,12,20,1530,1,2,1,2.0,6.0,17415,M,,,17
201000024569,10,12,21,1730,3,2,1,3.0,6.0,17415,M,,,17
201000024570,10,1,10,1000,1,1,1,8.0,1.0,37160,M,0.0,0.0,37
201000024571,10,6,19,1830,1,1,1,1.0,2.0,37153,M,0.0,0.0,37
201000024572,10,7,1,1615,1,1,1,1.0,1.0,37166,M,4750580.0,87487.0,37
201000024573,10,7,6,1600,1,1,1,1.0,7.0,37204,M,4753870.0,61617.0,37
201000024574,10,9,11,1015,1,1,1,1.0,6.0,37153,M,0.0,0.0,37
201000024575,10,8,30,1,3,1,1,1.0,6.0,37153,M,0.0,0.0,37
201000024576,10,12,9,1815,5,1,9,1.0,1.0,37179,M,0.0,0.0,37
201000024577,10,1,30,1700,1,1,1,1.0,1.0,34095,M,0.0,0.0,34
201000024578,10,3,6,2215,3,1,1,1.0,1.0,34095,M,4354043.0,376417.0,34
201000024579,10,6,16,1815,1,1,1,1.0,3.0,34270,M,4359700.0,382700.0,34
201000024580,10,8,23,1700,1,2,1,1.0,3.0,34295,M,4357217.0,377341.0,34
201000024581,10,9,5,2000,2,1,1,1.0,1.0,34095,M,4355932.0,376825.0,34
201000024582,10,10,8,1815,1,1,1,1.0,1.0,34295,M,4355755.0,379492.0,34
201000024583,10,1,9,1215,1,1,1,1.0,1.0,66141,M,0.0,0.0,66
201000024584,10,1,12,400,3,1,1,1.0,6.0,66021,M,0.0,0.0,66
201000024585,10,5,30,700,1,1,1,1.0,1.0,66212,M,4275178.0,297216.0,66
201000024586,10,11,16,1745,1,1,6,1.0,6.0,66050,M,4277601.0,291558.0,66
201000024587,10,1,21,730,2,1,1,1.0,2.0,30141,M,4409934.0,467079.0,30
201000024588,10,2,7,445,3,1,1,1.0,7.0,30084,M,4413543.0,470078.0,30
201000024589,10,4,1,1900,1,2,1,1.0,1.0,30141,M,4410850.0,469238.0,30
201000024590,10,4,16,2115,3,1,1,1.0,3.0,30331,M,4413096.0,460284.0,30
201000024591,10,5,2,1900,1,1,1,3.0,1.0,30331,M,4411478.0,458203.0,30
201000024592,10,5,6,1015,1,1,6,1.0,7.0,30191,M,4413605.0,466930.0,30
201000024593,10,5,28,2000,1,2,1,1.0,1.0,30302,M,4406032.0,463795.0,30
201000024594,10,6,4,2330,3,1,1,1.0,7.0,30225,M,4415815.0,453222.0,30
201000024595,10,7,5,1845,1,2,1,1.0,2.0,30141,M,4409743.0,469511.0,30
201000024596,10,7,14,1515,1,1,6,1.0,2.0,30141,M,4409825.0,467878.0,30
201000024597,10,7,15,1645,1,2,3,1.0,3.0,30141,M,4410120.0,469803.0,30
201000024598,10,8,6,800,1,1,1,1.0,5.0,30331,M,4413818.0,460694.0,30
201000024599,10,8,12,800,1,1,1,1.0,1.0,30191,M,4413349.0,467639.0,30
201000024600,10,8,22,1015,1,1,1,1.0,1.0,30331,M,4410869.0,459889.0,30
201000024601,10,8,24,1500,1,1,1,1.0,1.0,30225,M,4414895.0,454169.0,30
201000024602,10,8,26,30,3,1,1,1.0,7.0,30141,M,4411220.0,468173.0,30
201000024603,10,8,27,100,3,2,1,1.0,7.0,30092,M,4410196.0,458539.0,30
201000024604,10,9,1,1515,1,2,1,1.0,3.0,30302,M,4406269.0,464231.0,30
201000024605,10,9,24,2330,3,2,1,1.0,6.0,30084,M,4413309.0,469432.0,30
201000024606,10,10,23,200,5,1,1,1.0,6.0,30331,M,4411746.0,459414.0,30
201000024607,10,11,2,1815,2,1,1,1.0,7.0,30092,M,0.0,0.0,30
201000024608,10,11,3,1645,1,1,1,1.0,3.0,30081,M,4414824.0,468987.0,30
201000024609,10,11,13,815,1,1,1,5.0,7.0,30081,M,4414949.0,470147.0,30
201000024610,10,11,21,1530,1,1,1,1.0,7.0,30302,M,4405471.0,463318.0,30
201000024611,10,12,17,2315,5,1,1,1.0,6.0,30331,M,4411835.0,459513.0,30
201000024612,10,5,27,430,3,1,1,8.0,6.0,63176,M,0.0,0.0,63
201000024613,10,6,26,1615,1,1,1,1.0,6.0,63055,M,4584200.0,282300.0,63
201000024614,10,9,24,900,1,1,1,3.0,6.0,63092,M,0.0,0.0,63
201000024615,10,1,30,115,3,1,1,1.0,6.0,37027,M,4728660.0,101045.0,37
201000024616,10,2,4,2315,3,1,1,2.0,6.0,37050,M,4756830.0,104610.0,37
201000024617,10,5,29,1500,1,1,9,1.0,7.0,37104,M,4730960.0,79522.0,37
201000024618,10,5,31,1615,1,1,1,1.0,6.0,37216,M,4715290.0,62359.0,37
201000024619,10,7,22,530,2,1,1,1.0,2.0,37216,M,4714250.0,62042.0,37
201000024620,10,8,24,400,3,1,1,9.0,6.0,37266,M,4730140.0,69223.0,37
201000024621,10,8,27,915,1,1,1,1.0,7.0,37250,M,4720950.0,65521.0,37
201000024622,10,9,4,1930,1,1,9,1.0,6.0,37100,M,4729310.0,110834.0,37
201000024623,10,12,16,745,2,1,1,1.0,5.0,37187,M,0.0,0.0,37
201000024624,10,1,12,715,2,2,1,1.0,3.0,83130,M,0.0,0.0,83
201000024625,10,1,11,1045,1,2,1,1.0,1.0,83054,M,0.0,0.0,83
201000024626,10,1,20,1400,1,2,1,1.0,3.0,83132,M,0.0,0.0,83
201000024627,10,4,1,2000,5,2,1,1.0,1.0,83132,M,0.0,0.0,83
201000024628,10,6,24,1500,1,1,1,1.0,2.0,83054,M,0.0,0.0,83
201000024629,10,7,9,2330,3,1,1,1.0,1.0,83131,M,0.0,0.0,83
201000024630,10,7,30,1,3,2,1,1.0,6.0,83132,M,0.0,0.0,83
201000024631,10,8,4,1800,1,2,1,1.0,3.0,83132,M,0.0,0.0,83
201000024632,10,8,7,1045,1,2,1,1.0,3.0,83130,M,0.0,0.0,83
201000024633,10,8,15,1100,1,2,1,1.0,6.0,83054,M,0.0,0.0,83
201000024634,10,9,10,1700,1,2,1,1.0,5.0,83054,M,0.0,0.0,83
201000024635,10,9,15,830,1,2,1,1.0,3.0,83132,M,0.0,0.0,83
201000024636,10,10,8,715,2,1,1,1.0,3.0,83017,M,0.0,0.0,83
201000024637,10,10,26,900,1,2,6,1.0,3.0,83054,M,0.0,0.0,83
201000024638,10,12,6,1730,3,1,9,1.0,3.0,83054,M,0.0,0.0,83
201000024639,10,4,16,600,3,1,1,1.0,6.0,22093,M,4845759.0,-251828.0,22
201000024640,10,4,23,2045,2,1,1,1.0,7.0,22180,M,4842706.0,-218218.0,22
201000024641,10,5,30,1400,1,1,1,1.0,7.0,22093,M,4847076.0,-255409.0,22
201000024642,10,10,11,1030,1,1,1,1.0,7.0,22093,M,4846000.0,-249600.0,22
201000024643,10,11,11,1015,1,1,1,3.0,7.0,22032,M,4827745.0,-218734.0,22
201000024644,10,1,4,1410,1,2,1,1.0,3.0,18205,M,4709900.0,238145.0,18
201000024645,10,1,3,2315,5,2,2,1.0,1.0,18033,M,4708000.0,240102.0,18
201000024646,10,1,5,1840,5,2,1,1.0,6.0,18033,M,4707110.0,241254.0,18
201000024647,10,1,6,1548,1,2,1,1.0,2.0,18033,M,4708010.0,240243.0,18
201000024648,10,1,6,1945,5,2,1,9.0,3.0,18033,M,4708510.0,238864.0,18
201000024649,10,1,7,1815,5,2,3,1.0,7.0,18050,M,4706570.0,232526.0,18
201000024650,10,1,16,1705,2,2,2,2.0,3.0,18033,M,4707570.0,238459.0,18
201000024651,10,1,20,1450,1,1,2,1.0,3.0,18033,M,4710010.0,241564.0,18
201000024652,10,1,20,2120,5,2,3,2.0,3.0,18033,M,4709520.0,242340.0,18
201000024653,10,1,20,1505,1,1,6,1.0,7.0,18033,M,4705030.0,234008.0,18
201000024654,10,1,23,1440,1,2,2,1.0,6.0,18033,M,4708800.0,239797.0,18
201000024655,10,1,28,810,2,2,2,4.0,6.0,18033,M,4710210.0,241281.0,18
201000024656,10,1,28,1300,1,2,3,1.0,6.0,18033,M,4709930.0,241788.0,18
201000024657,10,2,5,1040,1,2,2,1.0,6.0,18033,M,4708000.0,240102.0,18
201000024658,10,2,6,520,5,2,1,2.0,6.0,18033,M,4708080.0,237592.0,18
201000024659,10,2,6,1930,5,2,1,1.0,1.0,18033,M,4709160.0,240210.0,18
201000024660,10,2,7,1710,1,2,1,1.0,6.0,18033,M,,,18
201000024661,10,2,9,1415,1,2,1,1.0,2.0,18033,M,4709520.0,242282.0,18
201000024662,10,2,11,1040,1,2,1,4.0,4.0,18033,M,4707520.0,238387.0,18
201000024663,10,12,16,1730,5,2,3,2.0,1.0,18033,M,4710320.0,240925.0,18
201000024664,10,2,22,1405,1,2,1,1.0,2.0,18033,M,4707270.0,241077.0,18
201000024665,10,2,24,1205,1,2,3,1.0,3.0,18033,M,4707300.0,241166.0,18
201000024666,10,2,25,1330,1,1,1,1.0,6.0,18213,M,,,18
201000024667,10,3,1,1138,1,1,1,6.0,1.0,18213,M,4710580.0,245309.0,18
201000024668,10,1,23,1837,5,2,1,2.0,1.0,18033,M,4709970.0,239961.0,18
201000024669,10,3,4,1550,1,2,1,1.0,3.0,18033,M,4709750.0,240536.0,18
201000024670,10,3,5,1655,1,1,1,1.0,6.0,18033,M,4706030.0,243090.0,18
201000024671,10,3,6,1457,1,1,2,1.0,3.0,18205,M,4712220.0,236476.0,18
201000024672,10,3,16,1745,1,2,2,1.0,6.0,18033,M,4708680.0,238849.0,18
201000024673,10,3,17,1240,1,2,1,1.0,2.0,18033,M,4706440.0,242043.0,18
201000024674,10,3,18,2115,5,2,2,1.0,3.0,18205,M,4709280.0,238355.0,18
201000024675,10,3,21,330,5,2,1,1.0,6.0,18033,M,4708370.0,239583.0,18
201000024676,10,3,23,635,2,2,2,1.0,3.0,18033,M,4707270.0,239848.0,18
201000024677,10,3,23,2010,5,2,2,1.0,3.0,18033,M,4707980.0,238196.0,18
201000024678,10,3,24,1444,1,2,1,1.0,6.0,18033,M,4707260.0,238002.0,18
201000024679,10,4,7,1850,1,1,1,1.0,1.0,18213,M,4710580.0,245309.0,18
201000024680,10,4,8,1910,2,2,1,1.0,3.0,18033,M,4706280.0,238612.0,18
201000024681,10,4,12,1700,1,2,1,1.0,6.0,18033,M,4708830.0,239755.0,18
201000024682,10,4,14,1130,1,1,6,1.0,7.0,18033,M,4708400.0,244422.0,18
201000024683,10,4,15,850,1,1,1,1.0,6.0,18205,M,4711450.0,234864.0,18
201000024684,10,4,15,1700,1,1,2,1.0,3.0,18033,M,4704580.0,242102.0,18
201000024685,10,4,17,312,5,2,1,1.0,6.0,18033,M,4708660.0,239279.0,18
201000024686,10,4,20,1600,1,1,1,1.0,1.0,18180,M,4702790.0,240034.0,18
201000024687,10,4,20,1740,1,1,1,1.0,7.0,18255,M,4699730.0,229859.0,18
201000024688,10,4,22,1815,1,2,1,1.0,7.0,18033,M,4708310.0,239038.0,18
201000024689,10,4,27,1955,1,2,1,1.0,7.0,18033,M,4710630.0,245255.0,18
201000024690,10,5,2,605,5,2,1,8.0,3.0,18033,M,4707860.0,239171.0,18
201000024691,10,5,5,1900,1,2,1,2.0,7.0,18033,M,4708370.0,242238.0,18
201000024692,10,5,6,1656,1,1,1,8.0,3.0,18205,M,4712650.0,233737.0,18
201000024693,10,5,9,2145,5,2,6,2.0,6.0,18033,M,4708090.0,240639.0,18
201000024694,10,5,14,1915,1,1,1,1.0,3.0,18255,M,4701060.0,232172.0,18
201000024695,10,5,18,1645,1,2,3,1.0,6.0,18205,M,4710370.0,237984.0,18
201000024696,10,5,20,1700,1,2,2,1.0,3.0,18033,M,4707270.0,239848.0,18
201000024697,10,5,21,1615,1,1,2,1.0,5.0,18205,M,4712500.0,234674.0,18
201000024698,10,5,22,1025,1,2,1,1.0,6.0,18033,M,4708730.0,239779.0,18
201000024699,10,5,25,1020,1,2,6,1.0,6.0,18033,M,4707950.0,239850.0,18
201000024700,10,5,28,1222,1,1,1,1.0,6.0,18205,M,4709100.0,234703.0,18
201000024701,10,5,30,1010,1,2,1,1.0,7.0,18033,M,4708140.0,244239.0,18
201000024702,10,6,1,1725,1,2,1,1.0,3.0,18033,M,4707920.0,239857.0,18
201000024703,10,6,3,1815,1,2,1,1.0,3.0,18033,M,4705790.0,241667.0,18
201000024704,10,6,5,1300,1,1,1,1.0,7.0,18033,M,4710580.0,245309.0,18
201000024705,10,6,14,1240,1,1,4,1.0,3.0,18050,M,4704530.0,232979.0,18
201000024706,10,6,14,1817,1,2,6,1.0,3.0,18213,M,4709630.0,244350.0,18
201000024707,10,6,10,1400,1,1,1,1.0,7.0,18255,M,4704290.0,232791.0,18
201000024708,10,6,18,843,1,1,3,2.0,2.0,18033,M,4706160.0,236478.0,18
201000024709,10,6,19,1335,1,2,1,2.0,2.0,18033,M,4707600.0,236753.0,18
201000024710,10,6,21,1720,1,2,1,1.0,3.0,18033,M,4708370.0,243179.0,18
201000024711,10,6,26,1505,1,2,2,1.0,2.0,18033,M,4710340.0,241174.0,18
201000024712,10,6,29,1220,1,2,1,2.0,6.0,18205,M,4709320.0,238568.0,18
201000024713,10,6,30,1300,1,1,3,1.0,1.0,18213,M,4709770.0,246293.0,18
201000024714,10,7,1,2000,1,2,1,1.0,6.0,18033,M,4708480.0,239607.0,18
201000024715,10,7,2,2110,1,1,1,1.0,2.0,18267,M,4702560.0,239030.0,18
201000024716,10,7,5,700,1,2,1,1.0,3.0,18033,M,4708140.0,237236.0,18
201000024717,10,7,6,1530,1,2,1,1.0,6.0,18033,M,4708620.0,239926.0,18
201000024718,10,7,6,1515,1,2,1,1.0,1.0,18033,M,4710260.0,240874.0,18
201000024719,10,7,6,1730,1,2,1,1.0,3.0,18033,M,4709050.0,242604.0,18
201000024720,10,7,8,2330,3,1,1,1.0,3.0,18267,M,4702640.0,238666.0,18
201000024721,10,7,13,1212,1,2,3,1.0,3.0,18033,M,4708810.0,238966.0,18
201000024722,10,7,14,535,5,2,1,1.0,3.0,18033,M,4710690.0,239394.0,18
201000024723,10,7,14,1825,1,2,3,1.0,3.0,18033,M,4708040.0,243164.0,18
201000024724,10,7,18,45,4,2,1,1.0,7.0,18205,M,4711030.0,237759.0,18
201000024725,10,7,21,1715,1,1,1,2.0,2.0,18205,M,4712500.0,234674.0,18
201000024726,10,7,21,1735,1,1,1,1.0,3.0,18033,M,4708680.0,244278.0,18
201000024727,10,7,25,810,1,2,1,1.0,6.0,18033,M,4711080.0,241406.0,18
201000024728,10,7,28,1230,1,2,1,1.0,2.0,18033,M,4709660.0,244711.0,18
201000024729,10,7,28,1455,1,2,1,1.0,6.0,18033,M,4708450.0,239169.0,18
201000024730,10,7,28,1815,1,2,9,1.0,2.0,18033,M,4708690.0,239423.0,18
201000024731,10,7,31,500,3,1,1,1.0,1.0,18033,M,4703610.0,236860.0,18
201000024732,10,7,31,1750,1,2,2,1.0,3.0,18033,M,4707610.0,240104.0,18
201000024733,10,8,6,1905,1,1,1,1.0,2.0,18033,M,4706580.0,234992.0,18
201000024734,10,8,7,1550,1,2,2,1.0,3.0,18033,M,4710160.0,239707.0,18
201000024735,10,8,7,1843,1,2,1,1.0,4.0,18033,M,4709470.0,241530.0,18
201000024736,10,8,7,1930,1,2,3,1.0,3.0,18033,M,4709750.0,241329.0,18
201000024737,10,8,10,545,5,2,2,1.0,3.0,18033,M,4707980.0,238196.0,18
201000024738,10,8,8,249,3,2,9,1.0,6.0,18033,M,4707200.0,239358.0,18
201000024739,10,8,12,900,1,2,1,1.0,2.0,18033,M,4707970.0,239019.0,18
201000024740,10,8,12,1750,1,2,1,1.0,3.0,18205,M,4710610.0,235681.0,18
201000024741,10,8,15,1040,1,2,2,1.0,3.0,18033,M,4708660.0,239869.0,18
201000024742,10,8,19,1745,1,2,9,1.0,7.0,18033,M,4707950.0,239539.0,18
201000024743,10,8,20,1715,1,1,1,1.0,2.0,18255,M,4702700.0,230120.0,18
201000024744,10,8,20,1805,1,2,2,1.0,6.0,18033,M,4708230.0,238914.0,18
201000024745,10,8,26,845,1,2,2,1.0,3.0,18205,M,4712190.0,236631.0,18
201000024746,10,8,27,1650,1,1,1,2.0,1.0,18255,M,4701690.0,231443.0,18
201000024747,10,8,29,1750,1,2,1,1.0,7.0,18033,M,,,18
201000024748,10,8,31,745,1,1,1,1.0,3.0,18255,M,4703300.0,231415.0,18
201000024749,10,9,1,2135,3,1,1,1.0,7.0,18213,M,4709920.0,244666.0,18
201000024750,10,9,3,1400,1,2,1,1.0,6.0,18213,M,4711500.0,250713.0,18
201000024751,10,9,4,1110,1,1,3,1.0,3.0,18255,M,4701030.0,230569.0,18
201000024752,10,9,7,1840,1,2,2,1.0,3.0,18033,M,4710320.0,240925.0,18
201000024753,10,9,8,1500,1,2,3,2.0,7.0,18033,M,4709310.0,239995.0,18
201000024754,10,9,8,1630,1,2,1,1.0,3.0,18033,M,4707260.0,238006.0,18
201000024755,10,9,10,1120,1,1,1,1.0,3.0,18033,M,4704260.0,241819.0,18
201000024756,10,9,10,1600,1,2,1,1.0,3.0,18033,M,4706480.0,241987.0,18
201000024757,10,9,14,1700,1,2,1,1.0,2.0,18033,M,4707850.0,239919.0,18
201000024758,10,9,14,1735,1,2,6,1.0,3.0,18205,M,4711860.0,237397.0,18
201000024759,10,9,16,1000,1,2,6,1.0,2.0,18033,M,4708090.0,240639.0,18
201000024760,10,9,16,1730,1,2,3,1.0,3.0,18033,M,4707250.0,238870.0,18
201000024761,10,9,17,1000,1,1,1,1.0,7.0,18033,M,4711000.0,244994.0,18
201000024762,10,9,19,735,2,2,1,1.0,6.0,18033,M,4709370.0,239663.0,18
201000024763,10,9,19,2000,2,1,6,1.0,7.0,18213,M,4709710.0,245502.0,18
201000024764,10,9,20,835,1,2,1,1.0,4.0,18033,M,4709390.0,239239.0,18
201000024765,10,9,22,1830,1,2,1,1.0,2.0,18205,M,4709900.0,238145.0,18
201000024766,10,9,27,800,2,2,1,3.0,6.0,18033,M,4708040.0,240557.0,18
201000024767,10,9,27,1220,1,2,9,2.0,3.0,18033,M,4709710.0,241807.0,18
201000024768,10,10,1,1205,1,2,3,1.0,2.0,18033,M,4709520.0,242340.0,18
201000024769,10,10,6,815,2,2,1,1.0,3.0,18033,M,4709610.0,240890.0,18
201000024770,10,10,6,815,1,2,1,1.0,6.0,18033,M,4707250.0,240740.0,18
201000024771,10,10,6,1345,1,2,2,1.0,3.0,18033,M,4707630.0,237656.0,18
201000024772,10,10,8,555,3,1,1,1.0,6.0,18050,M,4707260.0,234086.0,18
201000024773,10,10,8,1610,1,1,3,1.0,2.0,18213,M,4709770.0,246293.0,18
201000024774,10,10,11,745,1,2,1,1.0,6.0,18033,M,4710070.0,240751.0,18
201000024775,10,10,11,821,1,2,1,1.0,4.0,18033,M,4709500.0,242048.0,18
201000024776,10,8,9,2220,5,1,1,1.0,6.0,18033,M,,,18
201000024777,10,10,12,1340,1,1,3,1.0,3.0,18033,M,4705520.0,235509.0,18
201000024778,10,10,14,1700,1,2,3,1.0,5.0,18033,M,4709750.0,241329.0,18
201000024779,10,10,18,830,1,2,1,1.0,2.0,18033,M,4709660.0,244737.0,18
201000024780,10,10,18,1615,1,2,1,1.0,7.0,18033,M,4707720.0,240020.0,18
201000024781,10,10,21,1810,1,2,1,1.0,6.0,18033,M,,,18
201000024782,10,10,22,1955,5,2,3,1.0,3.0,18033,M,4708850.0,240019.0,18
201000024783,10,10,23,2055,3,2,1,3.0,6.0,18033,M,4705830.0,236028.0,18
201000024784,10,10,25,1045,1,2,3,1.0,6.0,18033,M,4707490.0,240461.0,18
201000024785,10,10,26,1624,1,1,1,1.0,2.0,18050,M,,,18
201000024786,10,10,27,935,1,2,1,1.0,6.0,18033,M,4710040.0,239663.0,18
201000024787,10,11,2,1845,4,2,1,2.0,1.0,18033,M,4707630.0,240090.0,18
201000024788,10,11,3,1710,1,2,2,1.0,3.0,18033,M,4707130.0,238837.0,18
201000024789,10,11,4,1035,1,2,2,2.0,3.0,18033,M,4710170.0,239708.0,18
201000024790,10,11,5,1920,5,2,2,1.0,6.0,18033,M,4707250.0,241089.0,18
201000024791,10,11,6,1745,5,2,1,2.0,6.0,18033,M,4708130.0,240762.0,18
201000024792,10,11,7,220,5,2,4,2.0,3.0,18033,M,4712450.0,240758.0,18
201000024793,10,11,8,1907,5,2,1,2.0,2.0,18033,M,4709320.0,242244.0,18
201000024794,10,11,8,2040,3,1,1,2.0,6.0,18033,M,4705540.0,235492.0,18
201000024795,10,11,10,750,1,2,1,2.0,6.0,18033,M,4710940.0,240996.0,18
201000024796,10,11,10,1115,1,2,3,2.0,2.0,18033,M,4710630.0,241131.0,18
201000024797,10,11,12,2128,3,1,1,2.0,7.0,18255,M,4702670.0,232570.0,18
201000024798,10,11,13,1430,1,2,1,1.0,1.0,18033,M,4710110.0,240779.0,18
201000024799,10,11,19,1220,1,2,1,1.0,2.0,18205,M,4709800.0,238182.0,18
201000024800,10,11,19,1400,1,2,1,1.0,2.0,18033,M,4708910.0,239105.0,18
201000024801,10,11,20,2253,5,2,2,1.0,5.0,18033,M,4708310.0,239481.0,18
201000024802,10,11,22,735,2,2,1,1.0,6.0,18033,M,4708450.0,239167.0,18
201000024803,10,11,22,1800,5,2,1,2.0,6.0,18205,M,4712260.0,238102.0,18
201000024804,10,11,26,745,2,2,2,1.0,6.0,18033,M,4708570.0,238855.0,18
201000024805,10,12,1,840,1,2,6,4.0,7.0,18267,M,4705040.0,237955.0,18
201000024806,10,12,15,1000,1,1,3,1.0,7.0,18267,M,4701010.0,239236.0,18
201000024807,10,12,15,1217,1,1,1,1.0,3.0,18033,M,4702640.0,238743.0,18
201000024808,10,12,17,1520,1,2,3,8.0,3.0,18033,M,4709410.0,240443.0,18
201000024809,10,12,21,1925,5,2,6,2.0,3.0,18033,M,4708090.0,240639.0,18
201000024810,10,12,26,1930,5,2,1,1.0,2.0,18033,M,4708370.0,243326.0,18
201000024811,10,12,28,858,1,2,1,9.0,6.0,18205,M,4709480.0,235162.0,18
201000024812,10,12,29,1100,1,1,1,8.0,2.0,18033,M,4707600.0,238084.0,18