Num_Acc,an,mois,jour,hrmn,lum,agg,int,atm,col,com,gps,lat,long,dep
201000025411,10,5,26,1815,1,2,2,1.0,6.0,21231,M,4732280.0,503131.0,21
201000025412,10,5,26,2125,5,2,2,3.0,3.0,21231,M,4731720.0,506539.0,21
201000025413,10,5,29,1008,1,2,6,1.0,3.0,21166,M,4728630.0,501833.0,21
201000025414,10,5,29,1209,1,2,3,1.0,3.0,21231,M,4734390.0,504870.0,21
201000025415,10,5,31,756,1,2,1,1.0,2.0,21231,M,4730540.0,505326.0,21
201000025416,10,6,2,1810,1,2,1,1.0,6.0,21231,M,4732450.0,503888.0,21
201000025417,10,6,3,758,1,2,2,1.0,4.0,21231,M,4731820.0,503594.0,21
201000025418,10,6,3,2020,1,2,1,1.0,6.0,21231,M,4732710.0,504552.0,21
201000025419,10,6,4,1456,1,2,1,1.0,1.0,21231,M,,,21
201000025420,10,6,5,1353,1,2,1,1.0,6.0,21231,M,,,21
201000025421,10,6,6,2005,1,2,3,8.0,3.0,21231,M,4731530.0,503488.0,21
201000025422,10,6,10,1752,1,2,2,1.0,3.0,21231,M,4734040.0,504937.0,21
201000025423,10,6,11,914,1,2,2,1.0,3.0,21231,M,4732190.0,504354.0,21
201000025424,10,6,11,1243,1,2,4,1.0,3.0,21231,M,4732440.0,502787.0,21
201000025425,10,6,10,1833,1,2,2,1.0,4.0,21231,M,4732240.0,501831.0,21
201000025426,10,6,14,842,1,2,3,2.0,2.0,21231,M,4732000.0,504312.0,21
201000025427,10,6,15,808,1,2,4,3.0,3.0,21355,M,,,21
201000025428,10,6,16,1324,1,2,1,8.0,6.0,21231,M,4732480.0,504245.0,21
201000025429,10,6,18,746,1,2,3,1.0,2.0,21231,M,4735150.0,503925.0,21
201000025430,10,6,18,2217,5,2,3,1.0,3.0,21231,M,4733540.0,506048.0,21
201000025431,10,6,19,1652,1,2,3,1.0,3.0,21231,M,4732760.0,506755.0,21
201000025432,10,6,20,1704,1,2,2,1.0,3.0,21231,M,4732790.0,501319.0,21
201000025433,10,6,21,1333,1,2,1,1.0,6.0,21166,M,4730170.0,501044.0,21
201000025434,10,6,23,1324,1,2,1,1.0,6.0,21231,M,4732380.0,502919.0,21
201000025435,10,6,24,843,1,2,2,1.0,3.0,21231,M,4730730.0,501960.0,21
201000025436,10,6,24,1759,1,2,1,1.0,6.0,21231,M,4733340.0,501661.0,21
201000025437,10,6,25,1249,1,2,2,1.0,1.0,21231,M,4733460.0,505373.0,21
201000025438,10,6,25,1617,1,2,1,1.0,6.0,21231,M,4731290.0,504018.0,21
201000025439,10,6,25,1641,1,2,2,1.0,6.0,21231,M,4732980.0,506505.0,21
201000025440,10,6,29,1531,1,2,7,1.0,3.0,21231,M,4732650.0,503806.0,21
201000025441,10,6,30,1655,1,2,2,1.0,3.0,21231,M,4733800.0,504709.0,21
201000025442,10,6,30,1751,1,2,3,1.0,2.0,21231,M,4732660.0,505478.0,21
201000025443,10,7,1,2128,1,2,1,1.0,6.0,21355,M,4728480.0,506292.0,21
201000025444,10,7,2,826,1,2,2,1.0,3.0,21231,M,4735300.0,504754.0,21
201000025445,10,7,2,1433,1,2,7,1.0,4.0,21231,M,4733650.0,505675.0,21
201000025446,10,7,3,2315,5,2,1,1.0,2.0,21231,M,4732350.0,500914.0,21
201000025447,10,7,5,850,1,2,1,1.0,5.0,21540,M,4731630.0,507974.0,21
201000025448,10,7,6,1150,1,2,3,1.0,2.0,21355,M,4728410.0,506112.0,21
201000025449,10,7,6,1735,1,2,6,1.0,2.0,21540,M,4732560.0,507681.0,21
201000025450,10,7,7,1422,1,2,1,1.0,2.0,21231,M,4730960.0,503804.0,21
201000025451,10,7,7,1607,1,2,2,1.0,3.0,21231,M,4731980.0,506051.0,21
201000025452,10,7,9,745,1,2,3,1.0,2.0,21617,M,4733460.0,501513.0,21
201000025453,10,7,12,1620,1,2,7,2.0,3.0,21231,M,4732650.0,504399.0,21
201000025454,10,7,12,2034,2,2,2,1.0,3.0,21231,M,4732880.0,502579.0,21
201000025455,10,7,13,1815,1,2,2,1.0,3.0,21231,M,4732500.0,502900.0,21
201000025456,10,7,14,1645,1,2,3,2.0,1.0,21355,M,4727300.0,504282.0,21
201000025457,10,7,15,2345,5,2,2,1.0,3.0,21231,M,4730820.0,501831.0,21
201000025458,10,7,18,1941,1,2,3,1.0,1.0,21231,M,4733470.0,504406.0,21
201000025459,10,7,18,2013,1,2,3,1.0,2.0,21231,M,4732950.0,504940.0,21
201000025460,10,7,19,1152,1,2,2,1.0,3.0,21355,M,4727310.0,504741.0,21
201000025461,10,7,20,1734,1,2,2,1.0,3.0,21231,M,4730390.0,502042.0,21
201000025462,10,7,22,1736,1,2,7,1.0,6.0,21231,M,4732350.0,503462.0,21
201000025463,10,7,23,1248,1,2,1,1.0,2.0,21231,M,4730540.0,505327.0,21
201000025464,10,7,30,1345,1,2,2,1.0,3.0,21231,M,4730890.0,503773.0,21
201000025465,10,8,5,1622,1,2,7,1.0,3.0,21231,M,4731660.0,504396.0,21
201000025466,10,8,5,2144,5,2,1,1.0,1.0,21231,M,4731540.0,503562.0,21
201000025467,10,8,9,1053,1,2,1,1.0,6.0,21231,M,4731880.0,505064.0,21
201000025468,10,8,13,845,1,2,1,1.0,2.0,21166,M,4730030.0,502454.0,21
201000025469,10,8,14,1655,1,2,1,2.0,2.0,21231,M,4730560.0,500925.0,21
201000025470,10,8,19,1105,1,2,1,1.0,2.0,21231,M,4731540.0,503499.0,21
201000025471,10,8,19,1725,1,2,2,1.0,3.0,21231,M,4732900.0,506493.0,21
201000025472,10,8,19,1753,1,2,1,1.0,2.0,21231,M,4731540.0,504150.0,21
201000025473,10,8,26,839,1,2,2,7.0,2.0,21231,M,4731730.0,506258.0,21
201000025474,10,8,30,1442,1,2,2,1.0,6.0,21231,M,4733960.0,504438.0,21
201000025475,10,8,30,1729,1,2,2,1.0,3.0,21231,M,4732190.0,504354.0,21
201000025476,10,8,30,1817,1,2,1,7.0,2.0,21231,M,4734760.0,504692.0,21
201000025477,10,8,31,1211,1,2,1,1.0,2.0,21231,M,4735060.0,506263.0,21
201000025478,10,9,2,1059,1,2,2,1.0,2.0,21231,M,4731060.0,501560.0,21
201000025479,10,9,2,1938,1,2,2,1.0,3.0,21231,M,4733900.0,506361.0,21
201000025480,10,9,3,1214,1,2,2,1.0,3.0,21231,M,4731850.0,504338.0,21
201000025481,10,9,3,1807,1,2,1,1.0,6.0,21231,M,4731650.0,504246.0,21
201000025482,10,9,6,1355,1,2,2,1.0,1.0,21231,M,4731350.0,501388.0,21
201000025483,10,9,6,1622,1,2,3,1.0,3.0,21231,M,4732160.0,505447.0,21
201000025484,10,9,6,1725,1,2,3,2.0,3.0,21231,M,4731180.0,501466.0,21
201000025485,10,9,9,1728,1,2,1,1.0,6.0,21231,M,4732240.0,502606.0,21
201000025486,10,9,10,1223,1,2,6,1.0,3.0,21231,M,4733600.0,504922.0,21
201000025487,10,9,10,2337,5,2,7,1.0,2.0,21231,M,4733820.0,505109.0,21
201000025488,10,9,11,110,5,2,1,1.0,6.0,21166,M,4728850.0,500584.0,21
201000025489,10,9,16,946,1,2,2,1.0,6.0,21231,M,4732540.0,504728.0,21
201000025490,10,9,17,1700,1,2,1,1.0,6.0,21231,M,4732190.0,501078.0,21
201000025491,10,9,18,1058,1,2,2,1.0,1.0,21231,M,4730590.0,504737.0,21
201000025492,10,9,20,1855,2,2,1,1.0,6.0,21231,M,4732160.0,500236.0,21
201000025493,10,9,20,1912,2,2,3,1.0,6.0,21231,M,4731340.0,505451.0,21
201000025494,10,9,21,645,5,2,1,1.0,6.0,21231,M,4730440.0,502095.0,21
201000025495,10,9,21,1212,1,2,6,1.0,3.0,21355,M,4728340.0,506283.0,21
201000025496,10,9,22,927,1,2,7,1.0,6.0,21231,M,4732120.0,503695.0,21
201000025497,10,9,22,1831,1,2,7,1.0,6.0,21231,M,4733100.0,506791.0,21
201000025498,10,9,24,1443,1,2,1,2.0,1.0,21617,M,4733360.0,501555.0,21
201000025499,10,9,24,2328,4,1,1,1.0,5.0,21355,M,4727340.0,503965.0,21
201000025500,10,9,26,1423,1,2,1,1.0,6.0,21231,M,4732600.0,503685.0,21
201000025501,10,9,27,953,1,2,2,1.0,1.0,21166,M,4729040.0,500749.0,21
201000025502,10,10,3,1339,1,2,1,1.0,1.0,21231,M,4731390.0,504111.0,21
201000025503,10,10,4,1351,1,2,1,8.0,6.0,21231,M,4731330.0,503585.0,21
201000025504,10,10,6,952,1,2,2,1.0,3.0,21231,M,4732600.0,503272.0,21
201000025505,10,10,6,1708,1,2,1,1.0,6.0,21231,M,4732200.0,500194.0,21
201000025506,10,10,7,1425,1,2,7,1.0,3.0,21231,M,4733680.0,505613.0,21
201000025507,10,10,7,1430,1,2,2,1.0,6.0,21231,M,4732900.0,506493.0,21
201000025508,10,10,7,1714,1,2,2,1.0,6.0,21231,M,4733130.0,501424.0,21
201000025509,10,10,8,1500,1,2,2,1.0,6.0,21231,M,4731870.0,505154.0,21
201000025510,10,10,9,1126,1,2,2,1.0,6.0,21231,M,4730390.0,502042.0,21
201000025511,10,10,11,1338,1,2,2,1.0,3.0,21231,M,4730560.0,504967.0,21
201000025512,10,10,11,2123,5,2,2,1.0,3.0,21231,M,4733940.0,503861.0,21
201000025513,10,10,11,1737,1,1,1,1.0,4.0,21355,M,4727670.0,504347.0,21
201000025514,10,10,16,734,5,2,6,2.0,3.0,21166,M,4728650.0,501883.0,21
201000025515,10,10,18,1108,1,2,1,8.0,6.0,21231,M,4732530.0,504286.0,21
201000025516,10,10,19,1258,1,2,2,2.0,6.0,21278,M,4733670.0,503302.0,21
201000025517,10,10,19,1404,1,2,2,2.0,6.0,21231,M,4732190.0,503248.0,21
201000025518,10,10,20,1317,1,2,3,1.0,3.0,21231,M,4733750.0,504021.0,21
201000025519,10,10,21,1825,1,2,7,8.0,6.0,21231,M,4732840.0,505148.0,21
201000025520,10,10,21,2021,5,2,2,1.0,1.0,21231,M,4731720.0,506542.0,21
201000025521,10,10,22,1622,1,2,9,1.0,3.0,21231,M,4735750.0,504864.0,21
201000025522,10,10,22,2210,5,2,7,1.0,3.0,21231,M,4731870.0,504046.0,21
201000025523,10,10,23,1700,1,2,1,1.0,6.0,21231,M,4732770.0,504510.0,21
201000025524,10,10,24,1929,5,2,2,1.0,1.0,21231,M,4732430.0,502918.0,21
201000025525,10,10,23,1939,5,2,7,2.0,2.0,21231,M,4733650.0,505675.0,21
201000025526,10,10,27,1705,1,2,1,1.0,3.0,21231,M,4730190.0,501855.0,21
201000025527,10,10,26,1827,2,2,3,1.0,3.0,21231,M,4732320.0,506196.0,21
201000025528,10,10,28,1027,1,2,7,1.0,6.0,21231,M,4732650.0,504400.0,21
201000025529,10,10,28,1801,1,2,4,1.0,1.0,21617,M,4733800.0,500349.0,21
201000025530,10,10,30,1723,2,2,2,1.0,3.0,21231,M,4730090.0,502387.0,21
201000025531,10,10,31,207,5,1,1,3.0,2.0,21355,M,4727390.0,504016.0,21
201000025532,10,11,2,1118,1,2,2,1.0,3.0,21231,M,4729830.0,502210.0,21
201000025533,10,11,2,1143,1,2,1,1.0,6.0,21231,M,4732700.0,506135.0,21
201000025534,10,11,2,1429,1,2,3,1.0,2.0,21355,M,4730150.0,505093.0,21
201000025535,10,11,4,739,1,2,3,1.0,3.0,21231,M,4733160.0,503839.0,21
201000025536,10,11,4,1233,1,2,2,1.0,4.0,21231,M,4734000.0,504840.0,21
201000025537,10,11,8,1520,1,2,2,2.0,6.0,21231,M,4734300.0,504684.0,21
201000025538,10,11,9,1250,1,2,3,1.0,6.0,21231,M,4732530.0,503161.0,21
201000025539,10,11,11,509,5,2,2,1.0,6.0,21231,M,4731100.0,505824.0,21
201000025540,10,11,16,1745,5,2,3,1.0,6.0,21231,M,4731530.0,502376.0,21
201000025541,10,11,19,1915,5,2,1,1.0,6.0,21231,M,4732780.0,505197.0,21
201000025542,10,11,27,1720,5,2,7,4.0,6.0,21231,M,4732630.0,504476.0,21
201000025543,10,11,30,950,1,2,1,1.0,6.0,21231,M,4731890.0,500591.0,21
201000025544,10,11,30,1724,5,2,1,1.0,6.0,21231,M,4734010.0,504202.0,21
201000025545,10,12,10,1249,1,2,1,1.0,6.0,21231,M,4731130.0,503914.0,21
201000025546,10,12,10,2227,5,2,3,1.0,3.0,21231,M,4732050.0,500089.0,21
201000025547,10,12,12,5,5,2,1,1.0,6.0,21231,M,4734340.0,505845.0,21
201000025548,10,3,29,915,1,2,1,1.0,1.0,42271,M,4548381.0,456169.0,42
201000025549,10,5,23,1700,1,1,2,1.0,3.0,42271,M,4549794.0,457961.0,42
201000025550,10,5,23,1900,1,1,1,1.0,6.0,42085,M,4542903.0,458055.0,42
201000025551,10,5,28,1615,1,1,1,1.0,1.0,42085,M,4542903.0,458005.0,42
201000025552,10,5,31,1645,1,2,1,1.0,3.0,42308,M,4544727.0,458365.0,42
201000025553,10,6,26,2000,1,1,1,1.0,6.0,42307,M,4554682.0,466768.0,42
201000025554,10,9,5,1830,1,1,1,1.0,3.0,42308,M,4544336.0,462494.0,42
201000025555,10,1,30,1715,1,2,1,1.0,2.0,22050,M,4844830.0,-204654.0,22
201000025556,10,3,8,1610,1,2,1,1.0,6.0,22050,M,4845650.0,-205163.0,22
201000025557,10,4,9,1140,1,2,8,1.0,6.0,22050,M,4845635.0,-205379.0,22
201000025558,10,4,23,2300,5,2,2,1.0,3.0,22050,M,4844813.0,-204671.0,22
201000025559,10,5,1,1700,1,2,1,1.0,2.0,22050,M,4845071.0,-204407.0,22
201000025560,10,5,7,2335,5,2,1,1.0,3.0,22050,M,4845233.0,-204458.0,22
201000025561,10,5,13,2035,1,2,3,1.0,6.0,22050,M,,,22
201000025562,10,5,28,700,1,2,2,1.0,3.0,22050,M,,,22
201000025563,10,6,1,1015,1,2,1,2.0,6.0,22050,M,,,22
201000025564,10,5,27,1645,1,2,9,1.0,6.0,22050,M,,,22
201000025565,10,6,4,920,1,2,4,1.0,2.0,22050,M,4846015.0,-204855.0,22
201000025566,10,7,29,1750,1,2,1,1.0,6.0,22050,M,4845751.0,-203781.0,22
201000025567,10,7,30,2340,5,2,2,1.0,3.0,22050,M,4845297.0,-205663.0,22
201000025568,10,8,30,920,1,2,6,1.0,7.0,22050,M,4845220.0,-206073.0,22
201000025569,10,9,3,1649,1,2,1,1.0,6.0,22050,M,,,22
201000025570,10,9,17,1045,1,2,6,2.0,3.0,22050,M,4845437.0,-206250.0,22
201000025571,10,9,21,1500,1,2,5,1.0,2.0,22050,M,4845386.0,-205172.0,22
201000025572,10,10,8,1640,1,2,1,1.0,6.0,22050,M,4845566.0,-204552.0,22
201000025573,10,10,18,1605,1,2,6,1.0,3.0,22050,M,4845431.0,-206217.0,22
201000025574,10,10,29,1345,1,2,1,1.0,7.0,22050,M,4845820.0,-203735.0,22
201000025575,10,11,19,1048,1,2,3,1.0,6.0,22050,M,4845420.0,-205026.0,22
201000025576,10,11,30,755,2,2,2,9.0,3.0,22050,M,4844822.0,-204921.0,22
201000025577,10,11,28,1815,5,2,1,8.0,6.0,22050,M,4845518.0,-204332.0,22
201000025578,10,12,31,443,3,1,2,2.0,3.0,22113,M,4876509.0,-347761.0,22
201000025579,10,1,16,1915,5,2,1,1.0,6.0,22113,M,4872313.0,-346011.0,22
201000025580,10,2,19,600,5,2,1,4.0,6.0,22113,M,,,22
201000025581,10,2,21,100,3,1,1,9.0,7.0,22113,M,,,22
201000025582,10,3,22,1645,1,2,1,1.0,6.0,22113,M,,,22
201000025583,10,4,22,2240,3,1,1,1.0,1.0,22113,M,,,22
201000025584,10,5,14,1620,1,2,1,1.0,6.0,22113,M,,,22
201000025585,10,6,9,755,1,1,6,1.0,3.0,22113,M,,,22
201000025586,10,6,21,800,1,2,1,1.0,7.0,22113,M,,,22
201000025587,10,6,25,1528,1,2,1,1.0,2.0,22113,M,4872982.0,-346044.0,22
201000025588,10,7,4,1730,1,2,4,1.0,7.0,22113,M,4873301.0,-345874.0,22
201000025589,10,7,29,2305,3,1,3,1.0,3.0,22113,M,,,22
201000025590,10,7,27,1745,1,2,1,1.0,4.0,22113,M,,,22
201000025591,10,8,7,1825,1,1,2,1.0,3.0,22113,M,4876227.0,-345197.0,22
201000025592,10,7,11,210,3,1,1,1.0,7.0,22113,M,,,22
201000025593,10,8,31,1740,1,1,3,1.0,1.0,22113,M,4876705.0,-343173.0,22
201000025594,10,8,29,1030,1,2,3,1.0,3.0,22113,M,,,22
201000025595,10,9,4,1135,1,2,2,1.0,1.0,22113,M,,,22
201000025596,10,9,20,1240,1,2,6,1.0,3.0,22113,M,4873140.0,-346503.0,22
201000025597,10,10,11,1540,1,2,1,1.0,7.0,22113,M,,,22
201000025598,10,10,9,1125,1,1,1,1.0,6.0,22113,M,,,22
201000025599,10,10,24,1530,1,1,1,2.0,3.0,22113,M,4873925.0,-342989.0,22
201000025600,10,10,7,1620,1,2,1,1.0,6.0,22113,M,4873239.0,-346215.0,22
201000025601,10,10,25,1810,1,2,1,2.0,2.0,22113,M,,,22
201000025602,10,11,2,1635,1,2,1,1.0,6.0,22113,M,4872812.0,-347678.0,22
201000025603,10,11,26,1315,1,2,1,1.0,2.0,22113,M,4873957.0,-346585.0,22
201000025604,10,12,7,1335,1,2,1,1.0,2.0,22113,M,4872302.0,-346014.0,22
201000025605,10,12,15,1710,2,2,2,8.0,3.0,22113,M,4873039.0,-346876.0,22
201000025606,10,1,4,1515,1,1,1,1.0,7.0,22278,M,4849100.0,-272252.0,22
201000025607,10,1,4,1654,1,2,1,1.0,2.0,22278,M,4850970.0,-278305.0,22
201000025608,10,1,4,853,1,2,1,1.0,6.0,22278,M,4851670.0,-278873.0,22
201000025609,10,1,6,1155,1,1,1,4.0,3.0,22360,M,4846440.0,-277953.0,22
201000025610,10,1,14,1240,1,2,6,1.0,7.0,22360,M,4849080.0,-273284.0,22
201000025611,10,1,16,1555,1,2,1,2.0,6.0,22278,M,4849880.0,-274399.0,22
201000025612,10,1,18,820,2,2,1,9.0,7.0,22215,M,4850140.0,-278080.0,22
201000025613,10,1,18,1030,1,2,1,1.0,2.0,22278,M,4849980.0,-275092.0,22
201000025614,10,1,19,1840,5,1,1,1.0,2.0,22106,M,4849160.0,-271952.0,22
201000025615,10,1,20,1640,1,2,1,1.0,6.0,22278,M,4850640.0,-277337.0,22
201000025616,10,1,24,1720,1,2,1,1.0,7.0,22215,M,4850200.0,-280157.0,22
201000025617,10,1,28,1050,1,2,2,1.0,6.0,22278,M,4850310.0,-275385.0,22
201000025618,10,1,28,2010,5,1,1,1.0,7.0,22106,M,4848300.0,-269795.0,22
201000025619,10,1,29,1635,1,2,1,1.0,2.0,22278,M,4850780.0,-276046.0,22
201000025620,10,1,31,140,3,1,1,9.0,7.0,22215,M,4846190.0,-278235.0,22
201000025621,10,2,1,755,2,2,2,9.0,6.0,22278,M,4851586.0,-275690.0,22
201000025622,10,2,1,1000,1,1,1,9.0,7.0,22215,M,4848214.0,-280004.0,22
201000025623,10,2,3,855,1,1,1,1.0,7.0,22278,M,4852279.0,-275351.0,22
201000025624,10,2,3,1955,5,2,1,1.0,7.0,22106,M,4849347.0,-271083.0,22
201000025625,10,2,3,2345,5,1,1,1.0,7.0,22278,M,4852497.0,-273376.0,22
201000025626,10,2,5,1525,1,2,3,1.0,6.0,22278,M,4850984.0,-276700.0,22
201000025627,10,2,5,1950,5,1,6,3.0,7.0,22360,M,4849288.0,-276261.0,22
201000025628,10,2,6,1905,5,2,1,1.0,2.0,22278,M,4850894.0,-275786.0,22
201000025629,10,2,6,1955,5,2,1,1.0,7.0,22278,M,4851110.0,-276114.0,22
201000025630,10,2,10,1245,1,1,1,4.0,3.0,22215,M,4848013.0,-282383.0,22
201000025631,10,2,12,1035,1,2,6,1.0,3.0,22360,M,4848800.0,-274013.0,22
201000025632,10,2,12,1640,1,2,1,1.0,7.0,22278,M,4851818.0,-277575.0,22
201000025633,10,2,12,1700,1,2,1,1.0,2.0,22278,M,4850736.0,-275097.0,22
201000025634,10,2,15,720,2,2,1,1.0,6.0,22278,M,4850947.0,-275471.0,22
201000025635,10,2,19,1745,1,1,4,1.0,1.0,22215,M,4847982.0,-282401.0,22
201000025636,10,2,19,1755,1,2,6,1.0,3.0,22278,M,4849763.0,-274821.0,22
201000025637,10,2,19,1940,5,2,2,1.0,1.0,22278,M,4852133.0,-272840.0,22
201000025638,10,2,20,1240,1,1,1,1.0,3.0,22106,M,4850008.0,-269232.0,22
201000025639,10,2,24,755,2,2,3,1.0,3.0,22106,M,4849368.0,-269523.0,22
201000025640,10,2,25,855,1,2,6,1.0,3.0,22278,M,4849770.0,-274828.0,22
201000025641,10,2,25,1825,1,1,6,1.0,4.0,22360,M,4849387.0,-276298.0,22
201000025642,10,3,1,825,1,2,6,9.0,7.0,22278,M,4851041.0,-278347.0,22
201000025643,10,3,3,1340,1,1,6,1.0,7.0,22360,M,4846121.0,-278373.0,22
201000025644,10,3,6,120,5,2,1,1.0,7.0,22278,M,4851215.0,-276725.0,22
201000025645,10,3,10,1830,1,2,1,1.0,6.0,22278,M,4851412.0,-274526.0,22
201000025646,10,3,11,740,2,2,3,1.0,3.0,22278,M,4849685.0,-275110.0,22
201000025647,10,3,11,1815,1,2,1,1.0,7.0,22278,M,4849568.0,-274544.0,22
201000025648,10,3,14,1820,1,2,1,1.0,6.0,22278,M,4850272.0,-275576.0,22
201000025649,10,3,13,1900,1,2,6,1.0,3.0,22106,M,4849282.0,-270857.0,22
201000025650,10,3,19,1525,1,2,2,1.0,2.0,22215,M,4849479.0,-279641.0,22
201000025651,10,3,23,1945,2,2,1,1.0,7.0,22278,M,4850095.0,-274515.0,22
201000025652,10,3,24,1505,1,2,1,1.0,6.0,22215,M,4849721.0,-277340.0,22
201000025653,10,3,25,825,1,1,1,2.0,4.0,22278,M,4850413.0,-273158.0,22
201000025654,10,3,30,115,4,2,1,1.0,7.0,22215,M,4851682.0,-280911.0,22
201000025655,10,3,30,1155,1,2,3,1.0,3.0,22278,M,4851030.0,-275626.0,22
201000025656,10,3,30,1225,1,1,1,2.0,7.0,22360,M,4849442.0,-272382.0,22
201000025657,10,3,31,1220,1,2,6,1.0,3.0,22215,M,4850108.0,-277953.0,22
201000025658,10,4,4,1720,1,2,1,1.0,6.0,22278,M,4851746.0,-275915.0,22
201000025659,10,4,5,930,1,2,3,1.0,3.0,22278,M,4851641.0,-273496.0,22
201000025660,10,4,5,1810,1,2,3,1.0,3.0,22278,M,4851828.0,-277589.0,22
201000025661,10,4,7,835,1,1,4,1.0,3.0,22215,M,4849519.0,-277589.0,22
201000025662,10,4,7,2005,2,2,1,1.0,3.0,22278,M,4851371.0,-273748.0,22
201000025663,10,4,10,1808,1,2,6,1.0,3.0,22215,M,4850661.0,-281223.0,22
201000025664,10,4,11,1940,1,2,1,1.0,7.0,22278,M,,,22
201000025665,10,4,13,1715,1,1,1,1.0,3.0,22360,M,4848288.0,-269608.0,22
201000025666,10,4,15,1620,1,2,6,1.0,3.0,22215,M,4850112.0,-278026.0,22
201000025667,10,4,17,300,5,2,1,1.0,7.0,22278,M,4851749.0,-277016.0,22
201000025668,10,4,18,340,5,2,6,1.0,7.0,22278,M,4849717.0,-274762.0,22
201000025669,10,4,23,1635,1,1,1,1.0,7.0,22215,M,4848980.0,-284238.0,22
201000025670,10,5,2,1205,1,1,6,1.0,3.0,22215,M,4848273.0,-279344.0,22
201000025671,10,5,3,1625,1,2,1,1.0,2.0,22278,M,4851239.0,-276223.0,22
201000025672,10,5,3,1830,1,1,6,1.0,5.0,22360,M,4849394.0,-276292.0,22
201000025673,10,5,8,1,5,2,4,1.0,3.0,22215,M,4849123.0,-280667.0,22
201000025674,10,5,10,1745,1,2,1,1.0,6.0,22278,M,4850857.0,-277044.0,22
201000025675,10,5,11,2140,2,2,2,1.0,3.0,22215,M,4849735.0,-279014.0,22
201000025676,10,5,12,835,1,1,1,1.0,7.0,22215,M,4847917.0,-280885.0,22
201000025677,10,5,14,2005,1,2,1,1.0,7.0,22278,M,4851420.0,-276266.0,22
201000025678,10,5,15,1240,1,2,1,1.0,6.0,22278,M,4851328.0,-275834.0,22
201000025679,10,5,18,735,1,1,1,1.0,3.0,22106,M,4849500.0,-272381.0,22
201000025680,10,5,20,1755,1,2,2,1.0,2.0,22215,M,4848961.0,-281676.0,22
201000025681,10,5,20,1910,1,2,1,1.0,2.0,22278,M,4851211.0,-275114.0,22
201000025682,10,5,21,1455,1,1,1,1.0,6.0,22106,M,4849654.0,-272769.0,22
201000025683,10,5,22,425,5,2,2,1.0,3.0,22215,M,4849477.0,-279642.0,22
201000025684,10,5,23,15,5,2,1,1.0,6.0,22278,M,4851500.0,-276457.0,22
201000025685,10,5,23,1503,1,2,3,1.0,3.0,22278,M,4850325.0,-273926.0,22
201000025686,10,5,24,1105,1,2,1,1.0,7.0,22278,M,4850074.0,-276988.0,22
201000025687,10,5,25,1715,1,2,3,1.0,6.0,22278,M,4850691.0,-275030.0,22
201000025688,10,5,26,1505,1,2,6,2.0,3.0,22278,M,4849707.0,-274711.0,22
201000025689,10,5,26,1655,1,2,1,2.0,7.0,22278,M,4851156.0,-276446.0,22
201000025690,10,5,27,1915,1,1,1,1.0,7.0,22106,M,4851875.0,-271548.0,22
201000025691,10,5,30,135,5,2,2,1.0,3.0,22278,M,4851148.0,-275799.0,22
201000025692,10,6,1,1420,1,2,1,3.0,7.0,22278,M,4851152.0,-277479.0,22
201000025693,10,6,1,2240,5,2,4,1.0,7.0,22360,M,4848206.0,-274625.0,22
201000025694,10,6,3,1615,1,2,1,1.0,6.0,22278,M,4850871.0,-277129.0,22
201000025695,10,6,4,806,1,2,1,1.0,6.0,22278,M,4851506.0,-277018.0,22
201000025696,10,6,7,1655,1,2,1,1.0,3.0,22278,M,4851903.0,-279158.0,22
201000025697,10,6,8,1105,1,2,1,1.0,7.0,22278,M,4851925.0,-273721.0,22
201000025698,10,6,8,1535,1,2,1,1.0,7.0,22215,M,4848612.0,-279591.0,22
201000025699,10,6,8,1820,1,2,1,1.0,6.0,22278,M,4850824.0,-276655.0,22
201000025700,10,6,9,855,1,2,1,1.0,3.0,22278,M,4851388.0,-274010.0,22
201000025701,10,6,9,1210,1,2,1,2.0,2.0,22278,M,4850640.0,-273235.0,22
201000025702,10,6,9,1740,1,1,3,3.0,3.0,22360,M,4847890.0,-270930.0,22
201000025703,10,6,10,1703,1,2,1,3.0,6.0,22278,M,4850852.0,-277007.0,22
201000025704,10,6,15,1750,1,2,1,1.0,2.0,22106,M,4849432.0,-272499.0,22
201000025705,10,6,17,1205,1,1,1,1.0,2.0,22360,M,4849392.0,-276304.0,22