Num_Acc,an,mois,jour,hrmn,lum,agg,int,atm,col,com,gps,lat,long,dep
201000025706,10,6,22,1910,1,2,3,1.0,3.0,22278,M,4849036.0,-275321.0,22
201000025707,10,6,23,1245,1,2,1,1.0,7.0,22278,M,4851217.0,-276116.0,22
201000025708,10,6,25,1255,1,2,6,1.0,5.0,22360,M,4848388.0,-271973.0,22
201000025709,10,6,26,10,5,2,1,1.0,7.0,22278,M,4851891.0,-275541.0,22
201000025710,10,7,3,1735,1,2,1,1.0,7.0,22278,M,4851949.0,-274722.0,22
201000025711,10,7,2,1825,1,2,1,1.0,7.0,22278,M,4849455.0,-275301.0,22
201000025712,10,7,2,1215,1,2,1,1.0,7.0,22215,M,4850181.0,-278105.0,22
201000025713,10,7,8,1055,1,2,3,1.0,3.0,22278,M,4850645.0,-274781.0,22
201000025714,10,7,9,1530,1,2,1,1.0,7.0,22278,M,4851397.0,-279059.0,22
201000025715,10,7,14,1640,1,2,1,1.0,6.0,22278,M,4849717.0,-274703.0,22
201000025716,10,7,15,1905,1,2,1,1.0,2.0,22278,M,4851196.0,-274526.0,22
201000025717,10,7,24,1550,1,2,1,1.0,2.0,22106,M,4850122.0,-272822.0,22
201000025718,10,7,24,1645,1,2,6,1.0,2.0,22278,M,4850521.0,-273435.0,22
201000025719,10,7,21,2010,1,2,1,1.0,7.0,22360,M,4849408.0,-273858.0,22
201000025720,10,7,29,2130,2,2,1,1.0,7.0,22106,M,4850068.0,-272952.0,22
201000025721,10,7,29,2210,5,2,1,1.0,7.0,22106,M,4850068.0,-272948.0,22
201000025722,10,7,29,2230,5,2,1,1.0,7.0,22106,M,4849073.0,-268219.0,22
201000025723,10,8,4,1435,1,1,2,1.0,3.0,22215,M,4848963.0,-281677.0,22
201000025724,10,8,11,1900,1,2,1,1.0,6.0,22278,M,4851154.0,-274527.0,22
201000025725,10,8,14,2340,5,2,6,1.0,3.0,22360,M,4849349.0,-276155.0,22
201000025726,10,8,17,1400,1,2,1,1.0,6.0,22278,M,4850866.0,-275339.0,22
201000025727,10,8,17,2105,1,2,2,1.0,3.0,22278,M,4851735.0,-277840.0,22
201000025728,10,8,23,1500,1,2,2,1.0,3.0,22278,M,4851196.0,-274504.0,22
201000025729,10,8,23,1510,1,1,6,1.0,2.0,22360,M,4849390.0,-276301.0,22
201000025730,10,8,26,1600,1,2,1,8.0,7.0,22215,M,4849740.0,-277039.0,22
201000025731,10,8,26,2015,1,1,1,8.0,7.0,22360,M,4849296.0,-276261.0,22
201000025732,10,8,29,1500,1,2,2,1.0,3.0,22278,M,4850256.0,-273795.0,22
201000025733,10,9,1,550,5,2,2,1.0,3.0,22278,M,4850567.0,-274511.0,22
201000025734,10,9,2,1205,1,2,3,1.0,3.0,22278,M,4850530.0,-276166.0,22
201000025735,10,9,3,1320,1,2,6,1.0,6.0,22278,M,4851468.0,-275691.0,22
201000025736,10,9,4,1610,1,2,1,1.0,6.0,22278,M,4852138.0,-276465.0,22
201000025737,10,9,7,1340,1,2,1,1.0,2.0,22278,M,4851043.0,-275642.0,22
201000025738,10,9,7,1555,1,2,1,3.0,2.0,22278,M,4851407.0,-274613.0,22
201000025739,10,9,7,1655,1,2,6,2.0,3.0,22278,M,4851501.0,-277945.0,22
201000025740,10,9,9,2230,5,2,3,1.0,6.0,22215,M,4849910.0,-278450.0,22
201000025741,10,9,16,1250,1,2,3,1.0,7.0,22215,M,4848875.0,-278504.0,22
201000025742,10,9,18,1815,1,2,1,1.0,2.0,22278,M,4850345.0,-276551.0,22
201000025743,10,9,16,1700,1,1,1,1.0,2.0,22106,M,4848769.0,-271927.0,22
201000025744,10,9,11,315,5,2,1,1.0,7.0,22278,M,4851496.0,-275818.0,22
201000025745,10,9,25,1210,1,2,3,1.0,1.0,22215,M,4849191.0,-279183.0,22
201000025746,10,9,24,1900,1,2,1,1.0,4.0,22278,M,4850982.0,-273909.0,22
201000025747,10,9,27,1655,1,2,3,1.0,3.0,22278,M,4849850.0,-275267.0,22
201000025748,10,10,2,1145,1,2,1,2.0,2.0,22278,M,4851033.0,-275675.0,22
201000025749,10,10,1,1430,1,2,1,2.0,2.0,22278,M,4850668.0,-277278.0,22
201000025750,10,10,1,1700,1,2,6,2.0,7.0,22278,M,4851208.0,-275731.0,22
201000025751,10,10,16,1340,1,2,1,1.0,7.0,22278,M,4852128.0,-272923.0,22
201000025752,10,10,19,1300,1,2,1,1.0,6.0,22278,M,4850686.0,-276088.0,22
201000025753,10,10,20,1000,1,2,1,1.0,2.0,22278,M,4851450.0,-273662.0,22
201000025754,10,10,21,1351,1,2,6,1.0,2.0,22278,M,4849822.0,-275273.0,22
201000025755,10,10,24,1135,1,1,1,1.0,7.0,22215,M,4851827.0,-281372.0,22
201000025756,10,10,25,955,1,2,1,1.0,3.0,22278,M,4850807.0,-276557.0,22
201000025757,10,11,3,700,2,2,3,1.0,3.0,22278,M,4851147.0,-275794.0,22
201000025758,10,11,5,1730,1,2,1,1.0,6.0,22278,M,4851007.0,-278152.0,22
201000025759,10,11,8,1300,1,2,2,7.0,3.0,22278,M,4850522.0,-276969.0,22
201000025760,10,11,8,1155,1,2,1,2.0,7.0,22278,M,4851188.0,-274134.0,22
201000025761,10,11,8,1630,1,2,1,1.0,3.0,22278,M,4851281.0,-273901.0,22
201000025762,10,11,9,1910,5,2,1,2.0,6.0,22278,M,4851278.0,-275541.0,22
201000025763,10,11,10,100,3,1,1,2.0,7.0,22360,M,4847413.0,-272103.0,22
201000025764,10,11,11,1335,1,2,6,2.0,1.0,22360,M,4849317.0,-272816.0,22
201000025765,10,11,13,1040,1,2,6,3.0,3.0,22278,M,4850528.0,-273424.0,22
201000025766,10,11,15,1350,1,2,6,1.0,3.0,22278,M,4851104.0,-275915.0,22
201000025767,10,11,17,1830,3,1,1,1.0,2.0,22106,M,4848332.0,-270046.0,22
201000025768,10,11,18,1730,1,1,1,1.0,5.0,22215,M,4849461.0,-276249.0,22
201000025769,10,11,18,1700,2,2,3,1.0,3.0,22278,M,4850551.0,-274475.0,22
201000025770,10,11,21,25,5,1,1,1.0,7.0,22278,M,4851199.0,-274168.0,22
201000025771,10,11,19,1610,1,1,1,1.0,7.0,22215,M,4848704.0,-282804.0,22
201000025772,10,11,17,1840,3,1,1,2.0,7.0,22215,M,4848010.0,-282387.0,22
201000025773,10,11,18,2030,3,2,1,1.0,1.0,22278,M,4851528.0,-274295.0,22
201000025774,10,11,22,1850,5,2,1,2.0,6.0,22278,M,4850724.0,-275073.0,22
201000025775,10,11,26,1435,1,2,6,7.0,6.0,22278,M,4851063.0,-275922.0,22
201000025776,10,11,28,1805,5,2,1,1.0,6.0,22215,M,4849866.0,-276489.0,22
201000025777,10,11,29,725,2,2,6,8.0,3.0,22215,M,4849820.0,-277246.0,22
201000025778,10,12,7,1230,1,2,6,1.0,3.0,22278,M,4851926.0,-279154.0,22
201000025779,10,12,10,505,3,1,1,1.0,2.0,22360,M,4848327.0,-276550.0,22
201000025780,10,12,13,1155,1,1,1,1.0,7.0,22360,M,4847043.0,-276944.0,22
201000025781,10,12,14,910,1,2,6,9.0,7.0,22278,M,4851916.0,-279180.0,22
201000025782,10,12,14,1100,1,1,1,1.0,7.0,22360,M,4847036.0,-275165.0,22
201000025783,10,12,16,1710,1,2,1,1.0,6.0,22278,M,4851024.0,-275619.0,22
201000025784,10,12,18,1840,3,1,1,9.0,7.0,22215,M,4849036.0,-280978.0,22
201000025785,10,12,19,1855,5,2,6,1.0,3.0,22278,M,4850361.0,-276221.0,22
201000025786,10,12,20,855,1,2,1,9.0,7.0,22278,M,4852165.0,-275060.0,22
201000025787,10,12,20,910,1,2,2,9.0,7.0,22215,M,4849484.0,-279631.0,22
201000025788,10,12,20,915,1,2,1,9.0,7.0,22278,M,4850021.0,-275650.0,22
201000025789,10,12,22,215,5,2,1,1.0,7.0,22278,M,4851358.0,-276911.0,22
201000025790,10,11,29,1815,2,2,6,1.0,6.0,22278,M,4849751.0,-275266.0,22
201000025791,10,12,26,1800,1,2,2,1.0,1.0,22215,M,4849478.0,-279643.0,22
201000025792,10,12,26,2105,5,2,1,1.0,7.0,22278,M,4851202.0,-274622.0,22
201000025793,10,12,28,15,5,2,4,3.0,3.0,22278,M,4851225.0,-275175.0,22
201000025794,10,12,29,1840,5,2,1,2.0,3.0,22278,M,4850833.0,-276856.0,22
201000025795,10,12,30,1640,1,2,1,1.0,3.0,22278,M,4850580.0,-276138.0,22
201000025796,10,1,15,1650,1,2,1,1.0,7.0,23096,M,,,23
201000025797,10,2,18,1040,1,2,1,1.0,6.0,23096,M,,,23
201000025798,10,3,2,1052,1,2,1,1.0,2.0,23096,M,,,23
201000025799,10,5,13,1615,1,1,1,1.0,7.0,23096,M,,,23
201000025800,10,5,14,1645,1,2,1,1.0,6.0,23096,M,,,23
201000025801,10,5,19,1750,1,2,1,1.0,3.0,23096,M,,,23
201000025802,10,6,20,420,5,2,1,1.0,7.0,23096,M,,,23
201000025803,10,6,28,835,1,2,1,1.0,6.0,23096,M,,,23
201000025804,10,6,30,1645,1,1,1,9.0,7.0,23096,M,,,23
201000025805,10,7,5,1000,1,2,1,1.0,3.0,23096,M,,,23
201000025806,10,7,15,1520,1,2,1,1.0,3.0,23096,M,,,23
201000025807,10,7,18,1530,1,2,1,1.0,2.0,23096,M,,,23
201000025808,10,9,23,1330,1,2,1,1.0,3.0,23096,M,,,23
201000025809,10,10,8,2125,5,2,1,1.0,6.0,23096,M,,,23
201000025810,10,10,20,1605,1,1,1,1.0,6.0,23096,M,,,23
201000025811,10,3,20,1230,1,2,1,2.0,6.0,33389,M,0.0,0.0,33
201000025812,10,4,27,1600,1,1,2,1.0,2.0,33184,M,4517200.0,-54300.0,33
201000025813,10,6,26,1500,1,1,1,1.0,7.0,33351,M,4521800.0,-49100.0,33
201000025814,10,6,26,1745,1,2,1,1.0,1.0,33159,M,4522700.0,-57200.0,33
201000025815,10,6,26,1715,1,1,1,1.0,3.0,33326,M,4536300.0,-57300.0,33
201000025816,10,7,6,1845,1,1,1,1.0,7.0,33267,M,4526700.0,-54200.0,33
201000025817,10,8,11,1745,1,1,1,2.0,1.0,33006,M,4521000.0,-65000.0,33
201000025818,10,1,5,1930,3,1,1,1.0,7.0,24181,M,4477000.0,44200.0,24
201000025819,10,1,14,2130,3,1,1,1.0,7.0,24267,M,0.0,0.0,24
201000025820,10,2,28,1730,1,1,1,1.0,6.0,24433,M,4472600.0,42500.0,24
201000025821,10,3,18,1730,1,2,2,1.0,3.0,24374,M,4479800.0,59900.0,24
201000025822,10,3,29,1800,1,1,1,3.0,6.0,24349,M,0.0,0.0,24
201000025823,10,4,4,1700,1,2,1,1.0,7.0,24167,M,0.0,0.0,24
201000025824,10,5,14,1800,1,1,1,1.0,7.0,24132,M,4478700.0,55900.0,24
201000025825,10,5,20,1230,1,1,1,1.0,7.0,24357,M,4480000.0,45800.0,24
201000025826,10,5,31,900,1,1,1,1.0,6.0,24274,M,4480500.0,46600.0,24
201000025827,10,6,7,1715,1,1,1,1.0,6.0,24045,M,4472000.0,63800.0,24
201000025828,10,6,13,1700,1,2,1,1.0,1.0,24167,M,4466800.0,40100.0,24
201000025829,10,6,15,2100,2,1,1,3.0,6.0,24349,M,4482200.0,30300.0,24
201000025830,10,6,23,1515,1,1,1,1.0,6.0,24523,M,4479100.0,32300.0,24
201000025831,10,7,13,2200,3,1,1,1.0,1.0,24276,M,4477600.0,30000.0,24
201000025832,10,8,6,1730,1,1,1,1.0,7.0,24276,M,4476900.0,32300.0,24
201000025833,10,8,13,1200,1,1,1,1.0,6.0,24331,M,4478600.0,41000.0,24
201000025834,10,9,8,900,1,1,1,2.0,1.0,24126,M,0.0,0.0,24
201000025835,10,9,12,2030,3,1,1,1.0,6.0,24274,M,0.0,0.0,24
201000025836,10,10,28,1115,1,1,1,5.0,6.0,24276,M,0.0,0.0,24
201000025837,10,11,18,1515,1,1,1,8.0,1.0,24536,M,0.0,0.0,24
201000025838,10,11,21,630,3,1,1,8.0,6.0,24167,M,0.0,0.0,24
201000025839,10,11,27,1145,1,2,1,4.0,3.0,24167,M,0.0,0.0,24
201000025840,10,12,9,1600,1,2,1,7.0,1.0,24167,M,0.0,0.0,24
201000025841,10,4,12,1415,1,1,1,1.0,3.0,82160,M,4415500.0,96400.0,82
201000025842,10,4,24,2045,5,2,1,1.0,6.0,82186,M,0.0,0.0,82
201000025843,10,5,18,1415,1,2,1,1.0,6.0,82186,M,0.0,0.0,82
201000025844,10,6,12,1045,1,1,1,1.0,2.0,82073,M,0.0,0.0,82
201000025845,10,9,4,145,3,1,1,1.0,6.0,82049,M,0.0,0.0,82
201000025846,10,5,27,1900,1,1,1,1.0,6.0,86077,M,0.0,0.0,86
201000025847,10,7,14,845,1,1,1,1.0,6.0,86131,M,0.0,0.0,86
201000025848,10,8,30,1500,1,2,1,1.0,6.0,86140,M,4639000.0,72000.0,86
201000025849,10,10,22,1345,1,1,1,1.0,7.0,86140,M,0.0,0.0,86
201000025850,10,2,23,845,1,1,2,9.0,3.0,18272,M,4727090.0,273566.0,18
201000025851,10,3,5,1500,1,1,1,1.0,6.0,18022,M,4748860.0,261868.0,18
201000025852,10,4,16,1845,1,1,1,1.0,7.0,18269,M,4745470.0,262388.0,18
201000025853,10,5,13,615,2,1,1,1.0,6.0,18262,M,4730000.0,287577.0,18
201000025854,10,6,10,1730,1,1,1,3.0,1.0,18259,M,4746120.0,268806.0,18
201000025855,10,7,8,1800,1,1,2,1.0,3.0,18020,M,4740740.0,287912.0,18
201000025856,10,7,14,515,2,2,1,1.0,6.0,18233,M,4733510.0,285786.0,18
201000025857,10,7,19,1900,1,1,1,1.0,7.0,18272,M,4726080.0,270120.0,18
201000025858,10,9,12,1830,1,1,1,1.0,5.0,18259,M,4746160.0,269050.0,18
201000025859,10,10,26,2000,1,2,1,1.0,7.0,18246,M,4744220.0,280855.0,18
201000025860,10,2,15,1045,1,1,1,1.0,2.0,37228,M,4728520.0,14411.0,37
201000025861,10,3,15,1030,1,2,1,1.0,6.0,37072,M,0.0,0.0,37
201000025862,10,4,5,1245,1,1,1,1.0,6.0,37193,M,4728210.0,21835.0,37
201000025863,10,5,3,2015,1,1,1,1.0,3.0,37202,M,4712750.0,19244.0,37
201000025864,10,5,6,800,1,1,1,1.0,1.0,37011,M,0.0,0.0,37
201000025865,10,5,11,1130,1,2,1,1.0,3.0,37072,M,4717970.0,26177.0,37
201000025866,10,6,3,1230,1,2,1,1.0,1.0,37072,M,0.0,0.0,37
201000025867,10,8,20,1830,1,2,1,1.0,6.0,37072,M,4716520.0,24292.0,37
201000025868,10,9,11,1115,1,2,2,1.0,3.0,37031,M,0.0,0.0,37
201000025869,10,9,18,1115,1,1,1,1.0,3.0,37202,M,4718030.0,26820.0,37
201000025870,10,9,30,2030,3,1,1,1.0,2.0,37024,M,4729240.0,19711.0,37
201000025871,10,11,5,2000,5,2,1,1.0,7.0,37072,M,0.0,0.0,37
201000025872,10,11,8,1830,3,1,1,2.0,1.0,37220,M,0.0,0.0,37
201000025873,10,12,1,645,5,2,1,1.0,6.0,37022,M,0.0,0.0,37
201000025874,10,12,17,1945,3,1,1,2.0,1.0,37248,M,0.0,0.0,37
201000025875,10,1,8,1630,1,2,1,4.0,2.0,01004,M,0.0,0.0,01
201000025876,10,1,7,1015,1,2,1,1.0,6.0,01004,M,0.0,0.0,01
201000025877,10,1,18,645,5,2,1,1.0,3.0,01004,M,4596200.0,535200.0,01
201000025878,10,1,19,2345,3,1,1,9.0,6.0,01384,M,0.0,0.0,01
201000025879,10,1,25,1800,3,1,1,1.0,2.0,01202,M,0.0,0.0,01
201000025880,10,2,17,1845,3,2,1,1.0,1.0,01007,M,0.0,0.0,01
201000025881,10,3,17,1315,1,1,1,1.0,1.0,01007,M,0.0,0.0,01
201000025882,10,4,14,745,2,1,1,5.0,3.0,01224,M,4578700.0,519900.0,01
201000025883,10,5,13,1815,1,1,6,1.0,1.0,01386,M,4588900.0,534800.0,01
201000025884,10,6,20,1130,2,1,1,1.0,6.0,01224,M,0.0,0.0,01
201000025885,10,6,22,1700,1,1,1,7.0,6.0,01224,M,0.0,0.0,01
201000025886,10,6,21,2115,1,2,1,1.0,6.0,01213,M,0.0,0.0,01
201000025887,10,6,30,2345,5,2,1,1.0,1.0,01004,M,0.0,0.0,01
201000025888,10,7,3,1815,1,1,1,7.0,5.0,01047,M,0.0,0.0,01
201000025889,10,7,8,1645,1,1,1,1.0,5.0,01047,M,0.0,0.0,01
201000025890,10,7,21,1215,1,2,1,1.0,3.0,01366,M,0.0,0.0,01
201000025891,10,7,26,1800,1,2,1,1.0,3.0,01004,M,4596000.0,534000.0,01
201000025892,10,7,29,2215,3,2,1,1.0,2.0,01047,M,0.0,0.0,01
201000025893,10,8,8,545,3,1,1,1.0,6.0,01008,M,0.0,0.0,01
201000025894,10,9,21,115,3,1,1,1.0,7.0,01345,M,0.0,0.0,01
201000025895,10,10,1,730,2,1,9,5.0,3.0,01390,M,0.0,0.0,01
201000025896,10,10,9,2145,5,2,1,1.0,6.0,01041,M,0.0,0.0,01
201000025897,10,10,11,830,1,1,1,1.0,1.0,01004,M,0.0,0.0,01
201000025898,10,11,5,1400,1,1,1,1.0,3.0,01008,M,0.0,0.0,01
201000025899,10,12,13,645,5,1,1,4.0,3.0,01202,M,0.0,0.0,01
201000025900,10,12,31,230,5,2,1,1.0,6.0,01007,M,0.0,0.0,01
201000025901,10,9,9,1945,1,1,1,1.0,3.0,26326,M,4434200.0,480700.0,26
201000025902,10,9,15,2230,3,1,1,1.0,6.0,26093,M,4438600.0,479800.0,26
201000025903,10,9,18,530,3,1,1,1.0,7.0,26324,M,0.0,0.0,26
201000025904,10,11,15,1500,1,1,1,2.0,5.0,26324,M,4435200.0,474000.0,26
201000025905,10,4,27,945,1,2,1,1.0,6.0,38261,M,0.0,0.0,38
201000025906,10,6,1,1715,1,2,1,1.0,3.0,38543,M,4564710.0,549095.0,38
201000025907,10,6,3,1030,1,2,1,1.0,1.0,38261,M,4568500.0,545900.0,38
201000025908,10,7,8,2200,3,1,1,1.0,6.0,38261,M,0.0,0.0,38
201000025909,10,8,4,1930,1,1,3,1.0,3.0,38297,M,4568800.0,545100.0,38
201000025910,10,9,26,600,5,2,3,1.0,6.0,38012,M,4558740.0,560681.0,38
201000025911,10,10,6,1445,1,2,1,1.0,2.0,38261,M,4567600.0,548400.0,38
201000025912,10,10,31,1145,1,1,1,2.0,6.0,38050,M,4567300.0,554400.0,38
201000025913,10,11,11,1600,1,2,1,1.0,3.0,38022,M,0.0,0.0,38
201000025914,10,2,10,2215,3,1,1,1.0,7.0,57214,M,0.0,0.0,57
201000025915,10,3,7,1800,1,2,1,1.0,6.0,57323,M,0.0,0.0,57
201000025916,10,4,10,1615,1,1,1,1.0,6.0,57194,M,4941000.0,610500.0,57
201000025917,10,9,8,1945,2,2,1,2.0,1.0,57323,M,4940300.0,615900.0,57
201000025918,10,1,15,1935,5,2,1,1.0,3.0,24037,M,,,24
201000025919,10,2,6,2010,3,2,1,2.0,6.0,24037,M,,,24
201000025920,10,2,15,609,3,1,1,9.0,6.0,24037,M,,,24
201000025921,10,3,24,2020,5,2,3,1.0,3.0,24037,M,,,24
201000025922,10,3,25,1615,1,2,3,3.0,3.0,24037,M,,,24
201000025923,10,4,1,1045,1,2,1,1.0,6.0,24037,M,,,24
201000025924,10,5,10,1530,1,1,1,1.0,6.0,24037,M,,,24
201000025925,10,6,7,2300,5,1,1,1.0,6.0,24145,M,,,24
201000025926,10,6,4,2200,5,2,2,1.0,3.0,24037,M,,,24
201000025927,10,7,4,1250,1,2,1,1.0,2.0,24037,M,,,24
201000025928,10,7,16,645,1,2,6,7.0,3.0,24037,M,,,24
201000025929,10,8,7,1825,1,2,3,1.0,5.0,24145,M,,,24
201000025930,10,8,14,1845,1,2,1,1.0,2.0,24037,M,,,24
201000025931,10,9,18,1924,1,2,3,1.0,3.0,24140,M,,,24
201000025932,10,10,7,800,1,2,4,1.0,3.0,24037,M,,,24
201000025933,10,10,25,835,2,2,2,1.0,3.0,24037,M,,,24
201000025934,10,10,31,1705,1,2,1,1.0,6.0,24037,M,,,24
201000025935,10,11,2,1045,1,2,1,1.0,6.0,24037,M,,,24
201000025936,10,12,31,2130,3,2,1,5.0,6.0,24140,M,,,24
201000025937,10,1,25,2115,3,1,1,9.0,6.0,08214,M,0.0,0.0,08
201000025938,10,2,5,1130,1,2,1,1.0,7.0,08190,M,0.0,0.0,08
201000025939,10,5,2,2115,2,2,1,1.0,6.0,08028,M,0.0,0.0,08
201000025940,10,7,4,2045,1,2,7,1.0,1.0,08190,M,0.0,0.0,08
201000025941,10,9,12,930,1,1,1,8.0,6.0,08487,M,0.0,0.0,08
201000025942,10,11,13,400,5,2,1,2.0,6.0,08183,M,0.0,0.0,08
201000025943,10,12,29,1330,1,1,1,1.0,3.0,08226,M,0.0,0.0,08
201000025944,10,2,11,1430,1,2,1,4.0,1.0,10382,M,4841770.0,344602.0,10
201000025945,10,2,19,445,3,1,1,1.0,6.0,10106,M,4846090.0,341863.0,10
201000025946,10,3,24,1545,1,1,1,1.0,2.0,10225,M,4850711.0,356814.0,10
201000025947,10,5,10,1245,1,1,1,1.0,6.0,10146,M,0.0,0.0,10
201000025948,10,5,26,1830,1,1,1,2.0,6.0,10114,M,0.0,0.0,10
201000025949,10,6,13,1200,1,1,1,1.0,3.0,10268,M,4849600.0,352000.0,10
201000025950,10,7,5,1645,1,1,1,1.0,7.0,10148,M,4846144.0,358959.0,10
201000025951,10,7,29,1000,1,1,1,1.0,6.0,10020,M,4843500.0,356800.0,10
201000025952,10,9,18,715,2,1,1,1.0,1.0,10268,M,4848343.0,351153.0,10
201000025953,10,10,2,2100,3,2,1,1.0,7.0,10308,M,4837420.0,377436.0,10
201000025954,10,10,30,1315,1,1,1,1.0,2.0,10231,M,4851780.0,347210.0,10
201000025955,10,1,3,140,5,2,3,1.0,3.0,24138,M,,,24
201000025956,10,1,6,735,5,2,1,1.0,6.0,24053,M,,,24
201000025957,10,1,15,1635,1,2,1,1.0,6.0,24322,M,,,24
201000025958,10,1,29,1905,5,2,1,1.0,6.0,24557,M,,,24
201000025959,10,2,19,1950,5,2,3,1.0,3.0,24322,M,,,24
201000025960,10,2,22,920,1,2,2,1.0,6.0,24322,M,,,24
201000025961,10,4,6,630,3,2,1,1.0,3.0,24102,M,,,24
201000025962,10,4,11,1137,1,1,3,1.0,3.0,24053,M,,,24
201000025963,10,5,14,1800,1,2,2,8.0,3.0,24322,M,,,24
201000025964,10,5,30,144,4,2,3,2.0,3.0,24322,M,,,24
201000025965,10,5,31,1715,1,1,1,1.0,5.0,24312,M,,,24
201000025966,10,6,4,850,1,2,1,1.0,6.0,24322,M,,,24
201000025967,10,6,4,1645,1,2,1,1.0,4.0,24557,M,,,24
201000025968,10,6,16,1055,1,2,3,2.0,6.0,24322,M,,,24
201000025969,10,7,5,740,1,2,1,1.0,3.0,24256,M,,,24
201000025970,10,7,20,1800,1,2,1,1.0,3.0,24053,M,,,24
201000025971,10,8,4,1545,1,2,2,2.0,3.0,24322,M,,,24
201000025972,10,9,3,1620,1,2,1,1.0,6.0,24322,M,,,24
201000025973,10,10,28,1435,1,2,1,1.0,6.0,24322,M,,,24
201000025974,10,11,21,1820,5,1,1,1.0,7.0,24256,M,,,24
201000025975,10,12,12,940,1,1,1,1.0,6.0,24138,M,,,24
201000025976,10,12,26,1145,1,2,1,1.0,6.0,24312,M,,,24
201000025977,10,12,24,1720,2,2,1,1.0,3.0,24557,M,,,24
201000025978,10,1,26,828,1,2,1,1.0,2.0,25056,M,,,25
201000025979,10,1,27,740,2,2,1,1.0,6.0,25056,M,,,25
201000025980,10,2,6,1450,1,1,1,2.0,1.0,25056,M,,,25
201000025981,10,2,8,2000,5,1,1,1.0,7.0,25056,M,,,25
201000025982,10,2,14,1856,2,2,1,9.0,6.0,25056,M,,,25
201000025983,10,2,22,1857,3,2,1,1.0,5.0,25056,M,,,25
201000025984,10,2,25,1325,1,2,1,1.0,6.0,25056,M,,,25
201000025985,10,3,1,1357,1,2,1,1.0,6.0,25056,M,,,25
201000025986,10,3,2,1830,1,2,1,1.0,2.0,25056,M,,,25
201000025987,10,3,4,2029,5,2,1,1.0,3.0,25056,M,,,25
201000025988,10,3,2,1728,1,2,1,1.0,1.0,25056,M,,,25
201000025989,10,3,3,1545,1,2,1,1.0,7.0,25056,M,,,25
201000025990,10,3,10,840,1,2,6,8.0,3.0,25056,M,,,25
201000025991,10,3,12,818,1,2,1,1.0,7.0,25056,M,,,25
201000025992,10,3,13,300,5,1,1,1.0,6.0,25056,M,,,25
201000025993,10,3,14,1730,1,2,1,1.0,6.0,25056,M,,,25
201000025994,10,3,15,919,1,2,1,1.0,6.0,25056,M,,,25
201000025995,10,3,19,1510,1,2,1,1.0,6.0,25056,M,,,25
201000025996,10,3,21,1905,5,2,3,1.0,3.0,25056,M,,,25
201000025997,10,3,24,919,1,2,1,1.0,7.0,25056,M,,,25
201000025998,10,3,30,1309,1,2,1,2.0,6.0,25056,M,,,25
201000025999,10,3,30,2000,2,2,1,2.0,6.0,25056,M,,,25
201000026000,10,4,2,804,1,1,2,1.0,3.0,25056,M,,,25
201000026001,10,4,2,1515,1,2,1,1.0,6.0,25056,M,,,25
201000026002,10,4,13,9,5,2,2,1.0,3.0,25056,M,,,25
201000026003,10,4,17,1347,1,2,1,1.0,4.0,25056,M,,,25
201000026004,10,4,20,741,1,2,1,1.0,3.0,25056,M,,,25
201000026005,10,4,19,1735,1,2,7,1.0,3.0,25056,M,,,25
201000026006,10,4,23,1718,1,2,1,1.0,1.0,25056,M,,,25
201000026007,10,5,1,355,5,2,1,2.0,6.0,25056,M,,,25
201000026008,10,5,7,126,5,2,1,2.0,6.0,25056,M,,,25
201000026009,10,5,7,1535,1,2,2,1.0,3.0,25056,M,,,25
201000026010,10,5,7,1550,1,2,1,1.0,2.0,25056,M,,,25
201000026011,10,5,12,1643,1,2,1,1.0,6.0,25056,M,,,25
201000026012,10,5,17,2238,5,2,1,1.0,7.0,25056,M,,,25
201000026013,10,5,23,639,1,2,2,1.0,3.0,25056,M,,,25
201000026014,10,5,25,1743,1,2,1,1.0,6.0,25056,M,,,25
201000026015,10,5,28,2245,5,2,1,1.0,1.0,25056,M,,,25
201000026016,10,5,28,2053,1,2,2,1.0,3.0,25056,M,,,25
201000026017,10,5,31,1240,1,2,1,1.0,6.0,25056,M,,,25
201000026018,10,6,7,1219,1,2,1,1.0,6.0,25056,M,,,25
201000026019,10,6,12,1852,1,2,3,1.0,3.0,25056,M,,,25
201000026020,10,6,16,1455,1,2,1,1.0,6.0,25056,M,,,25
201000026021,10,6,17,1706,1,2,1,1.0,3.0,25056,M,,,25
201000026022,10,6,23,2220,5,2,1,1.0,2.0,25056,M,,,25
201000026023,10,6,25,1331,1,2,1,1.0,3.0,25056,M,,,25
201000026024,10,6,25,1612,1,2,1,1.0,1.0,25056,M,,,25
201000026025,10,6,29,1736,1,2,1,1.0,7.0,25056,M,,,25
201000026026,10,7,6,1735,1,2,1,1.0,3.0,25056,M,,,25
201000026027,10,7,8,818,1,1,1,1.0,1.0,25056,M,,,25
201000026028,10,7,21,826,1,2,1,1.0,3.0,25056,M,,,25
201000026029,10,7,20,1745,1,2,3,1.0,6.0,25056,M,,,25
201000026030,10,7,30,1855,1,2,1,1.0,3.0,25056,M,,,25
201000026031,10,8,8,1930,1,2,1,1.0,1.0,25056,M,,,25
201000026032,10,8,13,1840,1,2,1,1.0,6.0,25056,M,,,25
201000026033,10,8,18,1710,1,2,3,1.0,5.0,25056,M,,,25