Num_Acc,an,mois,jour,hrmn,lum,agg,int,atm,col,com,gps,lat,long,dep
201000026034,10,8,21,21,5,2,1,1.0,7.0,25056,M,,,25
201000026035,10,8,24,2140,5,2,2,1.0,3.0,25056,M,,,25
201000026036,10,9,5,2000,2,2,1,1.0,3.0,25056,M,,,25
201000026037,10,9,9,2145,3,2,1,1.0,6.0,25056,M,,,25
201000026038,10,9,10,1733,1,2,1,1.0,2.0,25056,M,,,25
201000026039,10,9,20,1259,1,2,1,1.0,4.0,25056,M,,,25
201000026040,10,9,25,21,5,2,1,3.0,6.0,25056,M,,,25
201000026041,10,9,29,1049,1,2,1,1.0,1.0,25056,M,,,25
201000026042,10,10,4,718,2,2,3,1.0,3.0,25056,M,,,25
201000026043,10,10,15,1434,1,2,1,1.0,6.0,25056,M,,,25
201000026044,10,11,9,1500,1,2,6,1.0,3.0,25056,M,,,25
201000026045,10,11,20,1207,1,2,1,1.0,3.0,25056,M,,,25
201000026046,10,11,24,1903,3,1,1,2.0,1.0,25056,M,,,25
201000026047,10,11,21,1700,2,2,6,1.0,3.0,25056,M,,,25
201000026048,10,11,29,1044,1,2,1,1.0,6.0,25056,M,,,25
201000026049,10,11,29,1713,2,2,1,1.0,6.0,25056,M,,,25
201000026050,10,12,6,1828,2,2,1,2.0,6.0,25056,M,,,25
201000026051,10,12,8,756,1,2,2,1.0,6.0,25056,M,,,25
201000026052,10,11,24,1325,1,2,1,2.0,6.0,25056,M,,,25
201000026053,10,12,12,2005,5,2,3,1.0,3.0,25056,M,,,25
201000026054,10,12,13,1609,1,2,1,1.0,6.0,25056,M,,,25
201000026055,10,2,24,1115,1,2,1,1.0,6.0,25388,M,,,25
201000026056,10,2,1,1700,1,2,1,4.0,6.0,25388,M,,,25
201000026057,10,2,15,1350,1,2,1,1.0,2.0,25580,M,,,25
201000026058,10,2,27,1345,1,2,1,1.0,6.0,25580,M,,,25
201000026059,10,3,23,1530,1,2,1,1.0,6.0,25031,M,,,25
201000026060,10,4,1,635,2,2,1,1.0,7.0,25031,M,,,25
201000026061,10,4,1,1325,1,2,1,1.0,6.0,25388,M,,,25
201000026062,10,4,2,1400,1,2,1,1.0,3.0,25388,M,,,25
201000026063,10,4,2,1530,1,2,1,1.0,6.0,25388,M,,,25
201000026064,10,4,6,2045,5,2,1,1.0,3.0,25388,M,,,25
201000026065,10,4,13,1745,1,2,1,1.0,1.0,25230,M,,,25
201000026066,10,4,19,1230,1,2,1,1.0,3.0,25388,M,,,25
201000026067,10,4,21,820,1,2,3,1.0,1.0,25388,M,,,25
201000026068,10,4,22,1430,1,2,1,1.0,7.0,25388,M,,,25
201000026069,10,6,1,1550,1,2,1,1.0,7.0,25031,M,,,25
201000026070,10,6,3,1740,1,2,1,1.0,3.0,25388,M,,,25
201000026071,10,6,10,1830,1,2,1,1.0,5.0,25388,M,,,25
201000026072,10,6,10,1750,1,2,6,1.0,3.0,25388,M,,,25
201000026073,10,6,19,2145,5,2,6,1.0,6.0,25031,M,,,25
201000026074,10,6,20,340,5,2,1,1.0,7.0,25230,M,,,25
201000026075,10,6,23,1040,1,2,1,1.0,7.0,25580,M,,,25
201000026076,10,6,29,1717,1,2,2,1.0,1.0,25388,M,,,25
201000026077,10,6,25,1815,1,2,1,1.0,7.0,25230,M,,,25
201000026078,10,6,30,1929,1,2,9,1.0,6.0,25580,M,,,25
201000026079,10,7,7,1410,1,2,1,1.0,7.0,25547,M,,,25
201000026080,10,7,15,1620,1,2,3,1.0,3.0,25031,M,,,25
201000026081,10,7,30,220,5,2,1,1.0,7.0,25230,M,,,25
201000026082,10,9,9,828,1,2,1,1.0,7.0,25388,M,,,25
201000026083,10,9,10,1548,1,2,1,1.0,6.0,25580,M,,,25
201000026084,10,9,21,1715,1,2,1,1.0,7.0,25388,M,,,25
201000026085,10,9,25,1425,1,1,1,1.0,3.0,25031,M,,,25
201000026086,10,9,26,1325,1,2,1,1.0,2.0,25031,M,,,25
201000026087,10,10,5,730,5,2,1,8.0,6.0,25547,M,,,25
201000026088,10,10,27,1458,1,2,9,7.0,6.0,25031,M,,,25
201000026089,10,10,22,1600,1,2,1,1.0,6.0,25031,M,,,25
201000026090,10,10,28,1214,1,2,6,1.0,3.0,25230,M,,,25
201000026091,10,11,14,2205,5,2,1,2.0,7.0,25580,M,,,25
201000026092,10,11,15,1330,1,2,1,1.0,7.0,25031,M,,,25
201000026093,10,12,6,1825,5,2,1,2.0,7.0,25031,M,,,25
201000026094,10,12,9,621,5,2,6,1.0,3.0,25388,M,,,25
201000026095,10,12,11,1700,5,2,9,1.0,3.0,25031,M,,,25
201000026096,10,6,10,745,1,2,1,1.0,6.0,25031,M,,,25
201000026097,10,1,17,1225,1,1,1,4.0,1.0,25462,M,,,25
201000026098,10,1,20,900,1,2,1,1.0,6.0,25462,M,,,25
201000026099,10,1,30,1054,1,1,1,4.0,2.0,25462,M,,,25
201000026100,10,3,22,732,1,2,1,5.0,3.0,25462,M,,,25
201000026101,10,4,26,1445,1,1,6,1.0,3.0,25204,M,,,25
201000026102,10,5,25,2209,3,1,1,1.0,6.0,25462,M,,,25
201000026103,10,6,4,840,1,2,3,1.0,3.0,25462,M,,,25
201000026104,10,6,7,1815,1,1,1,1.0,7.0,25204,M,,,25
201000026105,10,6,26,1126,1,2,4,1.0,1.0,25462,M,,,25
201000026106,10,1,3,1900,3,1,1,8.0,6.0,84099,M,0.0,0.0,84
201000026107,10,1,23,1445,1,1,1,1.0,5.0,84038,M,0.0,0.0,84
201000026108,10,4,24,15,3,1,1,1.0,7.0,84099,M,0.0,0.0,84
201000026109,10,6,14,900,1,1,1,1.0,3.0,84086,M,0.0,0.0,84
201000026110,10,7,3,1030,1,1,1,1.0,3.0,84086,M,0.0,0.0,84
201000026111,10,7,4,600,2,1,1,1.0,6.0,84071,M,0.0,0.0,84
201000026112,10,7,31,1845,1,1,1,1.0,1.0,84099,M,0.0,0.0,84
201000026113,10,8,7,1700,1,1,1,1.0,1.0,84062,M,0.0,0.0,84
201000026114,10,8,20,800,1,1,1,8.0,6.0,84062,M,0.0,0.0,84
201000026115,10,8,24,1245,1,1,2,1.0,3.0,84062,M,0.0,0.0,84
201000026116,10,9,8,2030,2,1,1,1.0,7.0,84038,M,0.0,0.0,84
201000026117,10,9,12,1445,1,1,1,1.0,2.0,84038,M,0.0,0.0,84
201000026118,10,10,3,1130,1,1,3,1.0,3.0,84099,M,0.0,0.0,84
201000026119,10,11,24,1800,5,2,1,1.0,6.0,84038,M,0.0,0.0,84
201000026120,10,12,29,1515,1,1,1,1.0,1.0,84071,M,0.0,0.0,84
201000026121,10,2,8,2030,3,1,1,8.0,1.0,59082,M,5099000.0,240400.0,59
201000026122,10,3,8,830,1,1,1,1.0,1.0,59162,M,5090400.0,239500.0,59
201000026123,10,3,20,1500,1,1,1,1.0,7.0,59162,M,5091200.0,239000.0,59
201000026124,10,4,3,1800,1,1,1,1.0,6.0,59579,M,0.0,0.0,59
201000026125,10,4,26,1115,1,2,6,1.0,3.0,59319,M,5097700.0,244100.0,59
201000026126,10,5,27,830,1,2,1,1.0,2.0,59570,M,5096600.0,243400.0,59
201000026127,10,6,18,1115,1,1,2,1.0,3.0,59657,M,5093300.0,250800.0,59
201000026128,10,7,20,1315,1,2,2,1.0,3.0,59016,M,5097000.0,234700.0,59
201000026129,10,8,19,1600,1,1,1,1.0,3.0,59579,M,5094200.0,237500.0,59
201000026130,10,9,18,930,1,2,1,1.0,1.0,59067,M,0.0,0.0,59
201000026131,10,10,12,1515,1,1,1,1.0,6.0,59162,M,5092000.0,238400.0,59
201000026132,10,12,24,1945,3,1,1,8.0,1.0,59319,M,5092900.0,244400.0,59
201000026133,10,1,4,2330,5,2,6,1.0,6.0,62261,M,0.0,0.0,62
201000026134,10,1,5,615,5,2,1,1.0,2.0,62571,M,0.0,0.0,62
201000026135,10,3,12,1430,1,2,1,1.0,1.0,62571,M,5046900.0,157800.0,62
201000026136,10,4,3,1715,1,2,1,1.0,3.0,62261,M,5048600.0,158200.0,62
201000026137,10,4,24,1715,1,2,1,1.0,6.0,62261,M,0.0,0.0,62
201000026138,10,5,3,1430,1,2,1,1.0,3.0,62571,M,5046900.0,157800.0,62
201000026139,10,7,16,1015,1,2,1,1.0,1.0,62571,M,0.0,0.0,62
201000026140,10,7,23,2230,5,2,1,1.0,6.0,62571,M,5046000.0,160700.0,62
201000026141,10,8,20,1115,1,1,1,1.0,1.0,62016,M,0.0,0.0,62
201000026142,10,9,7,845,1,2,1,1.0,3.0,62261,M,0.0,0.0,62
201000026143,10,10,12,1800,1,1,2,1.0,1.0,62849,M,0.0,0.0,62
201000026144,10,12,16,730,5,2,1,2.0,6.0,62571,M,5046000.0,161500.0,62
201000026145,10,12,22,800,5,2,1,9.0,1.0,62571,M,0.0,0.0,62
201000026146,10,4,6,2000,1,2,1,1.0,7.0,59653,M,5057700.0,294300.0,59
201000026147,10,4,20,1315,1,1,1,1.0,1.0,59278,M,0.0,0.0,59
201000026148,10,5,17,1830,1,2,8,1.0,6.0,59653,M,5057800.0,293700.0,59
201000026149,10,9,16,1215,1,2,1,1.0,3.0,59487,M,5063000.0,290300.0,59
201000026150,10,9,22,1715,1,2,1,1.0,1.0,59653,M,5057600.0,293900.0,59
201000026151,10,10,12,1400,1,2,1,1.0,1.0,59278,M,0.0,0.0,59
201000026152,10,10,28,1200,1,2,1,1.0,1.0,59553,M,5059000.0,297200.0,59
201000026153,10,1,15,600,3,1,1,1.0,1.0,74213,M,4591300.0,608500.0,74
201000026154,10,1,21,1815,5,1,1,5.0,1.0,74272,M,0.0,0.0,74
201000026155,10,4,25,2115,5,1,1,1.0,1.0,74112,M,0.0,0.0,74
201000026156,10,5,23,2045,4,1,1,1.0,6.0,74217,M,0.0,0.0,74
201000026157,10,5,29,1000,1,1,1,1.0,3.0,74179,M,0.0,0.0,74
201000026158,10,7,1,1030,1,1,9,1.0,2.0,74112,M,0.0,0.0,74
201000026159,10,7,14,400,5,1,1,1.0,1.0,74112,M,0.0,0.0,74
201000026160,10,7,23,1300,1,1,1,2.0,1.0,74217,M,0.0,0.0,74
201000026161,10,8,9,2215,3,1,1,1.0,1.0,74179,M,0.0,0.0,74
201000026162,10,8,10,530,5,2,3,1.0,3.0,74026,M,0.0,0.0,74
201000026163,10,9,3,1430,1,2,1,1.0,3.0,74217,M,0.0,0.0,74
201000026164,10,9,9,630,2,1,3,1.0,1.0,74076,M,0.0,0.0,74
201000026165,10,9,11,1600,1,2,7,1.0,6.0,74182,M,0.0,0.0,74
201000026166,10,10,3,1830,1,2,1,1.0,6.0,74182,M,0.0,0.0,74
201000026167,10,10,4,1715,1,1,1,3.0,1.0,74019,M,0.0,0.0,74
201000026168,10,10,19,1230,1,2,9,8.0,3.0,74272,M,4594000.0,606900.0,74
201000026169,10,10,23,1545,1,1,6,1.0,5.0,74019,M,0.0,0.0,74
201000026170,10,12,11,815,1,2,6,1.0,6.0,74182,M,0.0,0.0,74
201000026171,10,1,10,745,1,1,1,4.0,1.0,01033,M,0.0,0.0,01
201000026172,10,3,17,1930,3,1,9,1.0,3.0,01091,M,0.0,0.0,01
201000026173,10,3,29,1900,1,1,1,1.0,1.0,01091,M,0.0,0.0,01
201000026174,10,4,14,1645,1,1,1,1.0,1.0,01033,M,0.0,0.0,01
201000026175,10,4,15,1645,1,2,9,2.0,6.0,01091,M,0.0,0.0,01
201000026176,10,5,23,1830,1,1,1,1.0,6.0,01091,M,0.0,0.0,01
201000026177,10,9,30,900,1,2,1,1.0,6.0,01033,M,0.0,0.0,01
201000026178,10,11,13,1145,1,2,1,1.0,6.0,01033,M,0.0,0.0,01
201000026179,10,12,23,1400,1,2,1,2.0,2.0,26198,M,,,26
201000026180,10,1,7,1650,1,2,1,1.0,6.0,26198,M,4455300.0,477510.0,26
201000026181,10,1,7,725,5,2,2,1.0,6.0,26198,M,4456040.0,473480.0,26
201000026182,10,1,21,735,1,2,1,1.0,6.0,26198,M,4455140.0,474790.0,26
201000026183,10,2,8,910,1,2,1,1.0,3.0,26198,M,4455610.0,473260.0,26
201000026184,10,2,5,1730,1,2,1,1.0,6.0,26198,M,4454500.0,474540.0,26
201000026185,10,1,24,1840,5,2,1,1.0,2.0,26198,M,4454720.0,474680.0,26
201000026186,10,2,9,1710,2,2,1,2.0,6.0,26198,M,4455830.0,474680.0,26
201000026187,10,3,4,1910,5,2,1,1.0,2.0,26198,M,,,26
201000026188,10,3,3,1730,5,2,1,2.0,3.0,26198,M,,,26
201000026189,10,3,3,1855,2,1,2,2.0,3.0,26198,M,,,26
201000026190,10,2,25,1718,1,1,3,1.0,3.0,26198,M,,,26
201000026191,10,3,26,1627,1,1,1,1.0,3.0,26198,M,,,26
201000026192,10,4,10,1824,1,2,1,1.0,3.0,26198,M,4455450.0,472200.0,26
201000026193,10,4,15,1920,1,2,1,1.0,6.0,26198,M,4454270.0,474670.0,26
201000026194,10,5,16,2050,2,1,1,1.0,6.0,26198,M,,,26
201000026195,10,5,9,2010,1,2,3,1.0,3.0,26198,M,4457950.0,477450.0,26
201000026196,10,5,18,1700,1,2,1,1.0,3.0,26198,M,4452660.0,474100.0,26
201000026197,10,4,28,1635,1,2,1,1.0,6.0,26198,M,4455370.0,474210.0,26
201000026198,10,5,11,1210,1,2,1,2.0,3.0,26198,M,,,26
201000026199,10,6,13,1825,1,2,1,1.0,6.0,26198,M,4454670.0,474680.0,26
201000026200,10,6,22,1110,1,2,1,1.0,3.0,26198,M,4454650.0,474690.0,26
201000026201,10,7,11,2315,3,2,1,1.0,6.0,26198,M,,,26
201000026202,10,8,1,2220,3,2,1,2.0,6.0,26198,M,,,26
201000026203,10,8,29,200,5,2,1,1.0,6.0,26198,M,4455760.0,473320.0,26
201000026204,10,9,22,20,5,2,2,1.0,6.0,26198,M,,,26
201000026205,10,9,22,1740,1,1,1,1.0,3.0,26198,M,,,26
201000026206,10,10,2,2312,5,2,2,1.0,3.0,26198,M,,,26
201000026207,10,10,22,743,2,2,1,1.0,6.0,26198,M,,,26
201000026208,10,10,22,2055,5,2,1,1.0,3.0,26198,M,,,26
201000026209,10,10,28,2150,5,2,2,1.0,3.0,26198,M,,,26
201000026210,10,11,26,2000,5,2,2,1.0,3.0,26198,M,,,26
201000026211,10,12,5,700,5,2,6,1.0,7.0,26198,M,,,26
201000026212,10,12,11,530,5,2,3,1.0,5.0,26198,M,,,26
201000026213,10,12,20,1815,5,2,6,1.0,6.0,26198,M,,,26
201000026214,10,1,4,1745,5,2,6,1.0,6.0,26281,M,4504540.0,504670.0,26
201000026215,10,1,5,1530,1,2,1,1.0,2.0,26057,M,,,26
201000026216,10,1,6,1505,1,2,3,1.0,3.0,26281,M,4505640.0,504930.0,26
201000026217,10,1,7,1140,1,1,2,1.0,3.0,26057,M,4501070.0,502130.0,26
201000026218,10,1,14,820,1,2,3,1.0,6.0,26281,M,4504700.0,507560.0,26
201000026219,10,1,18,955,1,2,6,1.0,2.0,26281,M,4504530.0,504620.0,26
201000026220,10,1,23,2045,5,2,2,1.0,3.0,26281,M,4505070.0,506210.0,26
201000026221,10,1,29,1840,5,2,6,1.0,6.0,26281,M,,,26
201000026222,10,2,1,1830,5,2,1,1.0,6.0,26057,M,,,26
201000026223,10,2,5,1050,1,2,1,3.0,7.0,26281,M,4505670.0,508880.0,26
201000026224,10,2,15,2015,5,2,2,1.0,3.0,26281,M,4505010.0,503990.0,26
201000026225,10,2,27,1658,1,1,2,1.0,3.0,26281,M,,,26
201000026226,10,3,4,730,2,2,2,2.0,1.0,26057,M,4503980.0,504580.0,26
201000026227,10,3,4,740,2,2,6,2.0,3.0,26281,M,,,26
201000026228,10,3,4,905,1,2,3,1.0,3.0,26281,M,4505050.0,506450.0,26
201000026229,10,3,5,1530,1,2,1,1.0,6.0,26281,M,4504120.0,507920.0,26
201000026230,10,3,7,1630,1,2,1,4.0,4.0,26281,M,,,26
201000026231,10,3,17,1115,1,1,1,1.0,6.0,26281,M,4504230.0,504830.0,26
201000026232,10,3,23,1000,1,2,3,1.0,6.0,26281,M,4504300.0,505140.0,26
201000026233,10,3,25,1855,2,2,1,1.0,6.0,26281,M,4504620.0,507040.0,26
201000026234,10,3,30,950,1,2,3,3.0,6.0,26281,M,4504450.0,505000.0,26
201000026235,10,4,6,1415,1,2,2,1.0,3.0,26057,M,4503950.0,505120.0,26
201000026236,10,4,13,1410,1,2,6,1.0,6.0,26281,M,4505240.0,507700.0,26
201000026237,10,4,16,1515,1,2,2,1.0,5.0,26281,M,4505410.0,510100.0,26
201000026238,10,4,19,1815,1,2,2,1.0,3.0,26281,M,4505410.0,503760.0,26
201000026239,10,4,22,2030,2,2,2,1.0,3.0,26281,M,4504750.0,504900.0,26
201000026240,10,4,26,1310,1,2,3,1.0,6.0,26281,M,4504200.0,505790.0,26
201000026241,10,5,7,840,1,2,1,1.0,3.0,26281,M,4504750.0,504720.0,26
201000026242,10,5,7,1825,1,2,1,1.0,3.0,26281,M,,,26
201000026243,10,5,11,745,1,2,1,1.0,6.0,26281,M,,,26
201000026244,10,5,17,2150,2,2,2,1.0,3.0,26281,M,4504690.0,508120.0,26
201000026245,10,5,18,2015,1,2,2,1.0,3.0,26281,M,4504550.0,505180.0,26
201000026246,10,5,19,1755,1,2,3,1.0,6.0,26281,M,4505150.0,505560.0,26
201000026247,10,5,22,1700,1,2,1,1.0,1.0,26281,M,4504610.0,505330.0,26
201000026248,10,5,23,1515,1,1,3,1.0,6.0,26281,M,,,26
201000026249,10,5,23,2315,5,2,1,1.0,6.0,26281,M,4504210.0,585350.0,26
201000026250,10,5,28,1530,1,2,6,1.0,6.0,26281,M,,,26
201000026251,10,5,29,1205,1,2,3,1.0,6.0,26281,M,4504230.0,504990.0,26
201000026252,10,6,1,905,1,2,1,1.0,6.0,26281,M,4504210.0,503530.0,26
201000026253,10,6,1,1145,1,2,1,1.0,6.0,26281,M,4504190.0,505460.0,26
201000026254,10,6,4,1800,1,1,3,1.0,3.0,26281,M,,,26
201000026255,10,6,14,1850,1,2,1,1.0,6.0,26281,M,,,26
201000026256,10,6,15,1830,1,2,1,2.0,6.0,26281,M,,,26
201000026257,10,6,16,1415,1,2,2,1.0,3.0,26281,M,4504750.0,504970.0,26
201000026258,10,6,21,1215,1,2,1,1.0,3.0,26281,M,4504930.0,503420.0,26
201000026259,10,6,22,1835,1,2,1,1.0,6.0,26057,M,4504090.0,504680.0,26
201000026260,10,6,25,1000,1,2,2,1.0,6.0,26281,M,,,26
201000026261,10,6,26,2125,2,2,1,1.0,3.0,26281,M,4502310.0,502260.0,26
201000026262,10,6,30,1420,1,2,9,1.0,6.0,26281,M,4504770.0,505700.0,26
201000026263,10,7,3,1910,1,2,2,7.0,3.0,26281,M,4505010.0,503970.0,26
201000026264,10,7,6,100,5,2,1,1.0,6.0,26281,M,4504740.0,503600.0,26
201000026265,10,7,8,750,1,2,1,1.0,6.0,26281,M,,,26
201000026266,10,7,9,720,1,1,1,1.0,1.0,26057,M,4500548.0,504817.0,26
201000026267,10,7,10,1030,1,2,1,1.0,1.0,26057,M,4502740.0,506860.0,26
201000026268,10,7,23,1355,1,1,9,1.0,3.0,26281,M,,,26
201000026269,10,7,29,1910,1,2,3,1.0,3.0,26281,M,4504740.0,506950.0,26
201000026270,10,7,29,2005,2,2,1,1.0,6.0,26281,M,4504440.0,504300.0,26
201000026271,10,8,5,1100,1,2,1,1.0,3.0,26281,M,,,26
201000026272,10,8,13,1555,1,2,1,1.0,2.0,26281,M,,,26
201000026273,10,8,20,1945,1,2,2,1.0,3.0,26281,M,4504290.0,508010.0,26
201000026274,10,8,21,1500,1,2,3,1.0,3.0,26281,M,,,26
201000026275,10,8,22,1530,1,1,3,1.0,3.0,26281,M,4505950.0,502580.0,26
201000026276,10,8,24,1205,1,2,2,1.0,3.0,26281,M,4504600.0,505170.0,26
201000026277,10,8,31,30,3,1,1,1.0,7.0,26057,M,4501030.0,504720.0,26
201000026278,10,9,1,1915,1,2,3,1.0,3.0,26281,M,,,26
201000026279,10,9,4,1655,1,2,1,1.0,3.0,26057,M,,,26
201000026280,10,9,7,1820,1,2,2,3.0,2.0,26281,M,4504750.0,505040.0,26
201000026281,10,9,8,745,1,2,1,1.0,6.0,26281,M,4505670.0,505960.0,26
201000026282,10,9,9,805,1,2,1,1.0,2.0,26281,M,,,26
201000026283,10,9,9,1146,1,2,1,1.0,1.0,26281,M,4505760.0,508950.0,26
201000026284,10,9,18,950,1,2,1,2.0,6.0,26281,M,4504540.0,505930.0,26
201000026285,10,9,21,1025,1,2,3,1.0,1.0,26281,M,4504220.0,505340.0,26
201000026286,10,9,22,1500,1,2,2,1.0,3.0,26281,M,,,26
201000026287,10,9,26,1600,1,2,1,1.0,1.0,26281,M,4504410.0,505320.0,26
201000026288,10,10,1,1505,1,2,3,1.0,6.0,26281,M,,,26
201000026289,10,10,2,1610,1,2,3,1.0,3.0,26281,M,4504760.0,503610.0,26
201000026290,10,10,3,2155,5,2,3,1.0,3.0,26057,M,,,26
201000026291,10,10,6,620,5,2,3,1.0,2.0,26281,M,4504760.0,503610.0,26
201000026292,10,10,11,1600,1,2,2,2.0,3.0,26281,M,,,26
201000026293,10,10,11,1605,1,2,2,2.0,4.0,26281,M,,,26
201000026294,10,10,15,1010,1,2,1,1.0,6.0,26281,M,,,26
201000026295,10,10,15,1610,1,2,6,1.0,3.0,26281,M,4505680.0,505770.0,26
201000026296,10,10,15,1930,3,2,2,1.0,3.0,26057,M,,,26
201000026297,10,10,18,1040,1,2,3,1.0,3.0,26281,M,,,26
201000026298,10,10,26,1127,1,2,1,1.0,2.0,26281,M,4505710.0,506600.0,26
201000026299,10,11,9,1200,1,2,2,1.0,2.0,26281,M,,,26
201000026300,10,11,13,1300,1,2,1,1.0,3.0,26281,M,,,26
201000026301,10,11,13,1730,2,1,6,1.0,3.0,26057,M,,,26
201000026302,10,11,17,1740,2,2,3,1.0,6.0,26281,M,,,26
201000026303,10,11,19,1620,1,2,4,1.0,3.0,26281,M,4504480.0,505590.0,26
201000026304,10,11,24,1630,1,2,1,1.0,6.0,26281,M,,,26
201000026305,10,12,6,1430,1,1,4,2.0,2.0,26281,M,,,26
201000026306,10,12,11,1445,1,2,1,1.0,6.0,26057,M,4503210.0,506640.0,26
201000026307,10,12,13,1750,2,2,1,1.0,6.0,26281,M,,,26
201000026308,10,12,14,1510,1,2,1,1.0,6.0,26281,M,,,26
201000026309,10,12,18,1600,2,1,6,1.0,3.0,26281,M,,,26
201000026310,10,1,3,1245,1,2,2,2.0,1.0,26362,M,4492740.0,493520.0,26
201000026311,10,1,18,1850,5,2,2,1.0,7.0,26058,M,4496020.0,487830.0,26
201000026312,10,1,20,1505,1,2,2,1.0,3.0,26362,M,4492710.0,489980.0,26
201000026313,10,1,24,417,3,1,1,1.0,7.0,26057,M,,,26
201000026314,10,1,17,1215,1,2,1,8.0,6.0,26362,M,4493170.0,489520.0,26
201000026315,10,2,4,1825,2,1,1,1.0,3.0,26362,M,4493820.0,493390.0,26
201000026316,10,2,6,1820,2,2,1,2.0,6.0,26362,M,4491780.0,490780.0,26
201000026317,10,2,17,1345,1,2,3,1.0,3.0,26362,M,4492080.0,490830.0,26
201000026318,10,2,22,1600,1,2,3,1.0,3.0,26058,M,4495150.0,490150.0,26
201000026319,10,3,1,1355,1,2,1,1.0,2.0,26362,M,4492970.0,489350.0,26
201000026320,10,3,3,1220,1,2,1,2.0,2.0,26362,M,4492310.0,493190.0,26
201000026321,10,3,5,1750,1,2,3,1.0,3.0,26362,M,4492440.0,492790.0,26
201000026322,10,3,7,1525,1,2,3,4.0,3.0,26058,M,4494310.0,489270.0,26
201000026323,10,3,10,1935,2,1,1,1.0,3.0,26004,M,,,26
201000026324,10,3,11,1555,1,2,6,1.0,3.0,26362,M,4493960.0,491590.0,26
201000026325,10,3,12,1320,1,2,3,1.0,3.0,26362,M,4491870.0,488550.0,26
201000026326,10,3,17,2215,5,2,1,1.0,3.0,26058,M,4492800.0,490620.0,26
201000026327,10,3,15,630,4,2,4,1.0,3.0,26362,M,,,26
201000026328,10,3,19,1320,1,2,1,1.0,1.0,26362,M,4488770.0,488560.0,26
201000026329,10,3,19,1630,1,1,1,1.0,3.0,26058,M,,,26
201000026330,10,3,22,1015,1,2,2,1.0,3.0,26362,M,4491470.0,488050.0,26
201000026331,10,3,23,800,1,2,1,1.0,2.0,26362,M,4492580.0,490220.0,26
201000026332,10,3,25,2050,5,2,3,1.0,3.0,26058,M,4496180.0,488500.0,26
201000026333,10,3,30,1225,1,2,3,1.0,6.0,26058,M,4496190.0,488090.0,26
201000026334,10,3,31,1920,1,2,1,1.0,2.0,26362,M,4491310.0,488460.0,26
201000026335,10,4,1,120,3,1,1,1.0,2.0,26362,M,,,26
201000026336,10,4,1,940,1,2,3,1.0,3.0,26252,M,4487910.0,787800.0,26
201000026337,10,4,3,1545,1,2,3,1.0,3.0,26058,M,4496180.0,488500.0,26
201000026338,10,4,3,1930,1,1,3,1.0,3.0,26058,M,4497220.0,488440.0,26
201000026339,10,4,7,725,1,1,1,1.0,3.0,26058,M,4497410.0,488380.0,26
201000026340,10,4,4,1152,1,2,2,1.0,3.0,26362,M,4491280.0,487810.0,26
201000026341,10,4,8,900,1,1,1,2.0,4.0,26362,M,,,26
201000026342,10,4,7,1430,1,2,2,3.0,3.0,26362,M,4492650.0,491760.0,26
201000026343,10,4,10,1900,1,2,1,1.0,3.0,26362,M,4493070.0,489490.0,26
201000026344,10,4,14,750,1,2,1,1.0,3.0,26362,M,4492440.0,489280.0,26
201000026345,10,4,14,1550,1,2,1,1.0,6.0,26362,M,4492930.0,489400.0,26
201000026346,10,4,15,1145,1,2,2,1.0,3.0,26252,M,,,26
201000026347,10,4,16,1630,1,2,1,1.0,6.0,26362,M,4492820.0,489230.0,26
201000026348,10,4,18,528,5,2,3,1.0,3.0,26362,M,4493470.0,490730.0,26
201000026349,10,4,18,2010,2,2,1,1.0,7.0,26362,M,4491690.0,491000.0,26
201000026350,10,5,2,535,5,2,1,2.0,7.0,26362,M,4493840.0,490040.0,26
201000026351,10,5,7,1810,1,2,3,1.0,3.0,26058,M,4496180.0,488500.0,26
201000026352,10,5,10,1645,1,2,1,1.0,6.0,26362,M,4493870.0,491400.0,26
201000026353,10,5,14,600,3,1,1,1.0,7.0,26362,M,,,26
201000026354,10,5,18,1210,1,1,2,1.0,3.0,26362,M,4493420.0,493640.0,26
201000026355,10,5,18,1830,1,2,4,1.0,2.0,26362,M,4491010.0,488150.0,26
201000026356,10,5,19,1900,1,2,3,1.0,7.0,26362,M,4493210.0,491850.0,26
201000026357,10,5,21,2140,5,2,2,1.0,3.0,26362,M,,,26
201000026358,10,6,2,1650,1,2,4,1.0,2.0,26058,M,4493880.0,489610.0,26
201000026359,10,6,5,1405,1,2,1,1.0,3.0,26362,M,4491890.0,488360.0,26
201000026360,10,6,7,1830,1,2,3,1.0,3.0,26362,M,4490080.0,487900.0,26
201000026361,10,6,10,1810,1,2,1,1.0,6.0,26252,M,4486980.0,487780.0,26
201000026362,10,6,11,1526,1,2,2,2.0,3.0,26362,M,4492220.0,490680.0,26
201000026363,10,6,13,2230,3,1,1,1.0,5.0,26362,M,,,26
201000026364,10,6,15,902,1,1,1,2.0,7.0,26058,M,,,26
201000026365,10,6,16,2000,1,2,2,1.0,3.0,26362,M,4492450.0,490980.0,26
201000026366,10,6,17,1325,1,2,2,1.0,3.0,26252,M,4487060.0,488090.0,26
201000026367,10,6,25,1155,1,2,6,1.0,6.0,26058,M,4494270.0,489480.0,26