Num_Acc,an,mois,jour,hrmn,lum,agg,int,atm,col,com,gps,lat,long,dep
201000026368,10,6,25,1350,1,2,1,1.0,2.0,26362,M,,,26
201000026369,10,6,25,1830,1,2,3,1.0,6.0,26362,M,4492740.0,489240.0,26
201000026370,10,6,26,1745,1,2,1,1.0,3.0,26058,M,4494410.0,489510.0,26
201000026371,10,7,2,2340,3,1,1,1.0,7.0,26058,M,,,26
201000026372,10,7,3,2340,5,2,3,1.0,3.0,26362,M,4455440.0,453290.0,26
201000026373,10,7,6,2035,1,2,3,1.0,3.0,26362,M,4493240.0,489570.0,26
201000026374,10,7,7,2040,1,2,3,1.0,3.0,26362,M,4492720.0,491500.0,26
201000026375,10,7,16,920,1,2,3,1.0,6.0,26362,M,4492680.0,490440.0,26
201000026376,10,7,16,1300,1,2,3,1.0,2.0,26362,M,4493650.0,491810.0,26
201000026377,10,7,17,2320,5,2,1,1.0,3.0,26362,M,4492330.0,488740.0,26
201000026378,10,7,22,1245,1,2,1,1.0,3.0,26058,M,4495900.0,488410.0,26
201000026379,10,7,22,1905,1,2,1,1.0,2.0,26362,M,4493870.0,490160.0,26
201000026380,10,7,24,1005,1,2,3,1.0,3.0,26058,M,4456550.0,453280.0,26
201000026381,10,7,24,1540,1,1,1,1.0,5.0,26058,M,,,26
201000026382,10,7,27,2150,5,2,1,1.0,2.0,26058,M,4494450.0,188750.0,26
201000026383,10,7,31,1505,1,1,1,1.0,7.0,26362,M,,,26
201000026384,10,8,5,10,3,1,1,1.0,7.0,26362,M,,,26
201000026385,10,8,9,1435,1,2,1,1.0,2.0,26058,M,4494290.0,489280.0,26
201000026386,10,8,14,800,1,2,6,1.0,3.0,26362,M,4492220.0,489100.0,26
201000026387,10,8,17,1925,1,2,1,1.0,2.0,26252,M,4487830.0,487780.0,26
201000026388,10,8,19,2120,2,1,1,1.0,6.0,26058,M,,,26
201000026389,10,8,20,1615,1,2,1,1.0,6.0,26362,M,4490720.0,487950.0,26
201000026390,10,8,23,1740,1,2,2,1.0,3.0,26362,M,4493020.0,489430.0,26
201000026391,10,8,27,1825,1,2,3,1.0,6.0,26362,M,4493030.0,490510.0,26
201000026392,10,8,28,1110,1,1,1,1.0,5.0,26362,M,,,26
201000026393,10,8,29,1610,1,2,2,1.0,3.0,26058,M,4494770.0,489560.0,26
201000026394,10,8,31,1405,1,1,1,1.0,3.0,26362,M,,,26
201000026395,10,9,2,1910,1,2,3,2.0,3.0,26362,M,,,26
201000026396,10,9,3,1840,1,2,6,1.0,2.0,26362,M,4493270.0,489860.0,26
201000026397,10,9,6,710,2,2,6,1.0,3.0,26362,M,,,26
201000026398,10,9,7,1430,1,2,2,2.0,2.0,26058,M,,,26
201000026399,10,9,8,615,2,2,1,1.0,6.0,26362,M,4492610.0,490140.0,26
201000026400,10,9,11,1555,1,2,2,1.0,2.0,26252,M,,,26
201000026401,10,9,12,1620,1,2,1,1.0,1.0,26362,M,4489400.0,487120.0,26
201000026402,10,9,10,830,1,1,2,1.0,3.0,26058,M,,,26
201000026403,10,9,16,2050,3,1,1,2.0,7.0,26362,M,,,26
201000026404,10,9,17,1925,1,1,1,1.0,3.0,26362,M,,,26
201000026405,10,9,24,2045,3,1,1,1.0,7.0,26362,M,,,26
201000026406,10,9,27,140,3,1,1,1.0,7.0,26362,M,,,26
201000026407,10,9,29,300,3,1,1,1.0,7.0,26362,M,4493770.0,492370.0,26
201000026408,10,10,3,500,5,2,1,1.0,7.0,26362,M,,,26
201000026409,10,10,14,1505,1,1,2,1.0,3.0,26058,M,,,26
201000026410,10,10,4,1730,1,2,3,2.0,1.0,26362,M,4493310.0,490600.0,26
201000026411,10,10,4,2030,3,1,1,1.0,2.0,26362,M,,,26
201000026412,10,10,11,10,5,2,1,1.0,2.0,26362,M,4492430.0,491040.0,26
201000026413,10,10,12,720,1,1,1,1.0,2.0,26058,M,,,26
201000026414,10,10,11,920,1,2,2,2.0,2.0,26362,M,4491290.0,489850.0,26
201000026415,10,10,15,1310,1,2,1,2.0,3.0,26362,M,4491870.0,487550.0,26
201000026416,10,10,19,1140,1,2,2,2.0,3.0,26362,M,4493660.0,491840.0,26
201000026417,10,10,25,645,1,2,3,6.0,3.0,26362,M,4492530.0,492340.0,26
201000026418,10,10,26,1900,5,2,3,1.0,3.0,26362,M,4492690.0,488930.0,26
201000026419,10,10,26,2215,5,2,3,1.0,3.0,26362,M,4489290.0,488070.0,26
201000026420,10,10,27,1550,1,2,1,1.0,6.0,26058,M,4494020.0,489040.0,26
201000026421,10,11,3,1825,2,2,2,1.0,3.0,26058,M,4494770.0,489560.0,26
201000026422,10,11,5,1205,1,2,9,1.0,3.0,26252,M,4488000.0,487820.0,26
201000026423,10,11,9,725,1,1,1,1.0,3.0,26362,M,,,26
201000026424,10,11,12,1800,5,2,3,1.0,3.0,26362,M,4492120.0,490820.0,26
201000026425,10,11,13,1925,5,2,3,1.0,3.0,26362,M,4492090.0,489040.0,26
201000026426,10,11,17,1430,1,2,3,1.0,3.0,26058,M,4493960.0,489340.0,26
201000026427,10,11,17,1400,1,2,2,1.0,3.0,26058,M,4494770.0,488957.0,26
201000026428,10,11,19,1330,1,2,1,2.0,6.0,26362,M,4491840.0,490850.0,26
201000026429,10,11,19,1000,1,2,6,1.0,1.0,26362,M,4490400.0,491100.0,26
201000026430,10,11,20,2135,5,2,2,2.0,1.0,26362,M,4493400.0,489700.0,26
201000026431,10,11,20,2055,5,2,2,1.0,3.0,26362,M,4492950.0,490490.0,26
201000026432,10,11,20,1630,1,2,1,2.0,3.0,26058,M,4493740.0,489000.0,26
201000026433,10,11,20,1940,3,1,3,3.0,5.0,26058,M,4496050.0,489060.0,26
201000026434,10,11,24,1050,1,2,1,1.0,1.0,26362,M,4493900.0,492380.0,26
201000026435,10,11,29,2054,5,2,4,1.0,1.0,26362,M,4493490.0,490800.0,26
201000026436,10,12,7,850,1,2,1,1.0,3.0,26362,M,4493260.0,489580.0,26
201000026437,10,12,3,1235,1,2,1,1.0,6.0,26362,M,4493450.0,490670.0,26
201000026438,10,12,8,1408,1,2,1,1.0,3.0,26362,M,4493750.0,491240.0,26
201000026439,10,12,10,1240,1,1,1,1.0,7.0,26058,M,4496680.0,487480.0,26
201000026440,10,12,10,1730,5,2,1,1.0,3.0,26058,M,4495090.0,489180.0,26
201000026441,10,12,10,1903,5,2,1,1.0,4.0,26058,M,,,26
201000026442,10,12,11,1750,5,2,2,1.0,3.0,26058,M,,,26
201000026443,10,12,12,1145,1,2,6,1.0,3.0,26058,M,4493770.0,489660.0,26
201000026444,10,12,13,1735,5,2,1,1.0,6.0,26252,M,,,26
201000026445,10,12,17,940,1,2,2,1.0,1.0,26362,M,4492950.0,490490.0,26
201000026446,10,12,17,945,1,2,1,1.0,2.0,26362,M,,,26
201000026447,10,12,21,935,1,2,3,1.0,3.0,26362,M,4492770.0,492770.0,26
201000026448,10,12,29,1135,1,2,1,1.0,1.0,26252,M,4487590.0,487710.0,26
201000026449,10,12,31,1350,1,2,3,1.0,1.0,26362,M,4490820.0,491970.0,26
201000026450,10,1,14,1000,1,2,1,1.0,6.0,84039,M,4408900.0,488500.0,84
201000026451,10,2,25,1645,1,1,1,1.0,3.0,84027,M,0.0,0.0,84
201000026452,10,3,28,1630,1,2,6,1.0,6.0,84039,M,0.0,0.0,84
201000026453,10,5,27,1630,1,2,1,1.0,1.0,84039,M,0.0,0.0,84
201000026454,10,5,29,2115,1,1,1,1.0,3.0,84039,M,0.0,0.0,84
201000026455,10,6,2,1645,1,1,1,1.0,2.0,84027,M,0.0,0.0,84
201000026456,10,7,20,1800,1,1,1,1.0,1.0,84037,M,4407200.0,478900.0,84
201000026457,10,7,28,1730,1,2,1,1.0,6.0,84037,M,4406100.0,483300.0,84
201000026458,10,8,15,2330,3,1,1,1.0,3.0,84037,M,0.0,0.0,84
201000026459,10,9,15,1745,1,1,1,1.0,2.0,84039,M,0.0,0.0,84
201000026460,10,9,20,315,3,1,1,1.0,7.0,84039,M,0.0,0.0,84
201000026461,10,10,11,1415,1,1,1,1.0,3.0,84039,M,4408700.0,488100.0,84
201000026462,10,1,21,745,2,2,1,8.0,6.0,38239,M,4533300.0,557000.0,38
201000026463,10,3,7,1745,1,1,1,4.0,3.0,38084,M,4534150.0,553025.0,38
201000026464,10,3,19,1000,1,2,1,1.0,3.0,38084,M,4534650.0,551755.0,38
201000026465,10,4,24,130,5,2,1,1.0,1.0,38400,M,4534510.0,557097.0,38
201000026466,10,5,18,1730,1,1,1,1.0,3.0,38105,M,4541000.0,555000.0,38
201000026467,10,6,20,1215,1,1,1,1.0,3.0,38566,M,0.0,0.0,38
201000026468,10,8,7,1145,1,2,1,1.0,1.0,38270,M,4539000.0,553200.0,38
201000026469,10,8,7,1815,1,1,1,1.0,6.0,38332,M,4534400.0,548800.0,38
201000026470,10,9,4,2045,2,2,3,1.0,1.0,38239,M,4533000.0,555712.0,38
201000026471,10,9,7,700,2,1,1,2.0,2.0,38239,M,4534000.0,555000.0,38
201000026472,10,9,18,340,3,1,1,1.0,6.0,38332,M,4543570.0,556480.0,38
201000026473,10,10,12,1930,3,1,1,1.0,7.0,38239,M,4532800.0,559200.0,38
201000026474,10,10,20,1130,1,2,8,1.0,6.0,38133,M,4536140.0,559884.0,38
201000026475,10,11,6,2045,4,2,1,1.0,1.0,38239,M,4532200.0,560200.0,38
201000026476,10,11,11,230,5,2,1,2.0,2.0,38133,M,4535660.0,559955.0,38
201000026477,10,12,16,1700,1,1,1,1.0,5.0,38332,M,4534410.0,549113.0,38
201000026478,10,1,22,1000,1,1,1,1.0,6.0,41136,M,4771710.0,148204.0,41
201000026479,10,1,27,830,1,1,1,8.0,7.0,41206,M,4762390.0,134515.0,41
201000026480,10,4,1,430,3,1,1,1.0,6.0,41208,M,4757880.0,106402.0,41
201000026481,10,4,5,645,2,1,1,1.0,2.0,41093,M,4760860.0,112940.0,41
201000026482,10,4,5,1800,1,1,1,1.0,4.0,41047,M,4760840.0,112879.0,41
201000026483,10,4,15,1430,1,1,1,1.0,1.0,41288,M,4764580.0,136698.0,41
201000026484,10,4,30,2145,3,1,1,1.0,2.0,41206,M,4765190.0,137480.0,41
201000026485,10,5,5,1745,1,1,1,8.0,2.0,41091,M,4761660.0,128222.0,41
201000026486,10,6,1,1445,1,1,1,1.0,1.0,41206,M,4764290.0,136378.0,41
201000026487,10,6,7,2115,3,1,1,1.0,7.0,41018,M,4762060.0,133801.0,41
201000026488,10,6,23,630,2,1,1,1.0,6.0,41206,M,4764850.0,137048.0,41
201000026489,10,6,25,1430,1,1,1,1.0,5.0,41223,M,4761680.0,121207.0,41
201000026490,10,7,20,1430,1,1,1,1.0,7.0,41288,M,4765760.0,138122.0,41
201000026491,10,8,2,330,3,1,1,1.0,2.0,41223,M,4761960.0,123449.0,41
201000026492,10,8,16,1430,1,1,1,1.0,6.0,41252,M,4768470.0,141800.0,41
201000026493,10,8,16,1515,1,1,1,1.0,6.0,41039,M,4770980.0,146216.0,41
201000026494,10,9,18,615,3,1,1,1.0,7.0,41288,M,4765050.0,137308.0,41
201000026495,10,9,23,1715,1,1,1,1.0,5.0,41047,M,4760900.0,113067.0,41
201000026496,10,9,26,1645,1,1,1,1.0,6.0,41047,M,4762910.0,135211.0,41
201000026497,10,11,2,1145,1,1,1,1.0,3.0,41208,M,4758160.0,106920.0,41
201000026498,10,12,23,200,3,1,1,9.0,6.0,41223,M,4761920.0,124790.0,41
201000026499,10,1,15,1445,1,2,1,1.0,3.0,27229,M,4903130.0,115186.0,27
201000026500,10,1,26,1545,1,2,1,1.0,2.0,27229,M,4902320.0,114169.0,27
201000026501,10,2,4,1620,1,2,1,1.0,6.0,27229,M,4901930.0,115117.0,27
201000026502,10,2,24,1810,3,2,1,2.0,6.0,27229,M,4900970.0,115188.0,27
201000026503,10,2,24,1820,3,2,1,1.0,2.0,27229,M,4902140.0,113702.0,27
201000026504,10,3,6,830,1,2,7,1.0,6.0,27229,M,4902720.0,114955.0,27
201000026505,10,3,7,1,5,2,9,1.0,3.0,27229,M,4902470.0,116782.0,27
201000026506,10,3,12,330,3,1,1,1.0,7.0,27229,M,4902470.0,111614.0,27
201000026507,10,3,12,1125,1,2,1,1.0,2.0,27299,M,4904500.0,116104.0,27
201000026508,10,4,16,1710,1,2,1,1.0,5.0,27229,M,4900250.0,115228.0,27
201000026509,10,4,26,700,1,1,1,1.0,1.0,27229,M,4900360.0,111631.0,27
201000026510,10,4,29,1325,1,2,1,1.0,6.0,27229,M,4901250.0,115240.0,27
201000026511,10,5,7,1025,1,2,1,1.0,3.0,27229,M,4901100.0,116794.0,27
201000026512,10,5,11,750,1,2,1,1.0,6.0,27229,M,4901730.0,118561.0,27
201000026513,10,5,19,2225,5,2,3,1.0,3.0,27229,M,4900700.0,116176.0,27
201000026514,10,5,23,225,3,2,1,1.0,7.0,27229,M,4902890.0,116153.0,27
201000026515,10,6,2,845,1,2,1,1.0,6.0,27229,M,4902690.0,114972.0,27
201000026516,10,6,2,905,1,2,1,1.0,6.0,27229,M,4900970.0,116139.0,27
201000026517,10,6,15,1710,1,2,1,1.0,6.0,27229,M,4901460.0,115241.0,27
201000026518,10,7,11,55,5,2,3,1.0,3.0,27229,M,4901740.0,112380.0,27
201000026519,10,8,7,1840,1,2,3,1.0,3.0,27229,M,,,27
201000026520,10,8,15,1935,1,2,1,1.0,1.0,27229,M,4900120.0,112325.0,27
201000026521,10,9,4,1805,1,2,1,1.0,6.0,27229,M,4901030.0,115237.0,27
201000026522,10,9,21,835,1,2,6,1.0,3.0,27229,M,4902030.0,118216.0,27
201000026523,10,9,21,1030,1,2,1,1.0,6.0,27229,M,4901500.0,116046.0,27
201000026524,10,9,26,2230,5,2,1,1.0,7.0,27299,M,4903950.0,115813.0,27
201000026525,10,11,6,2310,3,2,1,2.0,6.0,27229,M,4900120.0,112316.0,27
201000026526,10,11,10,1750,2,2,1,1.0,2.0,27299,M,4905530.0,116745.0,27
201000026527,10,11,12,2005,5,2,2,1.0,6.0,27229,M,4902710.0,114944.0,27
201000026528,10,11,16,1850,5,2,9,1.0,6.0,27229,M,4902420.0,114452.0,27
201000026529,10,11,22,1925,5,2,9,1.0,3.0,27229,M,4902680.0,116651.0,27
201000026530,10,11,29,1915,3,2,1,1.0,6.0,27229,M,4901410.0,110610.0,27
201000026531,10,11,30,1115,1,2,3,1.0,6.0,27229,M,4902490.0,115227.0,27
201000026532,10,12,6,1740,5,2,1,1.0,6.0,27229,M,4900710.0,116186.0,27
201000026533,10,4,7,745,1,2,1,1.0,6.0,35353,M,,,35
201000026534,10,1,2,340,5,2,6,1.0,2.0,27701,M,4926680.0,120299.0,27
201000026535,10,1,20,1210,1,2,1,2.0,3.0,27351,M,4923470.0,117057.0,27
201000026536,10,1,21,805,1,2,6,1.0,1.0,27375,M,4920930.0,118008.0,27
201000026537,10,4,8,1145,1,2,2,1.0,3.0,27701,M,4926640.0,121062.0,27
201000026538,10,4,22,1545,1,1,3,1.0,6.0,27701,M,4928380.0,122316.0,27
201000026539,10,5,1,445,5,2,2,1.0,3.0,27375,M,4922330.0,116740.0,27
201000026540,10,5,6,950,1,2,7,1.0,6.0,27701,M,4927170.0,121412.0,27
201000026541,10,5,14,1850,1,2,3,1.0,6.0,27375,M,4920720.0,115784.0,27
201000026542,10,5,15,1250,1,2,2,1.0,6.0,27701,M,4926130.0,119857.0,27
201000026543,10,6,9,935,1,2,2,8.0,1.0,27701,M,4923740.0,117132.0,27
201000026544,10,6,19,730,1,1,1,2.0,7.0,27701,M,4923770.0,120231.0,27
201000026545,10,6,30,250,5,2,1,1.0,7.0,27375,M,4920840.0,115477.0,27
201000026546,10,7,2,620,2,2,1,1.0,7.0,27701,M,4925170.0,118471.0,27
201000026547,10,7,3,2240,2,1,1,1.0,7.0,27701,M,4928830.0,121940.0,27
201000026548,10,7,13,1545,1,1,1,1.0,7.0,27375,M,4921660.0,111865.0,27
201000026549,10,7,16,450,3,2,1,1.0,7.0,27375,M,4921190.0,114908.0,27
201000026550,10,7,18,1740,1,2,2,1.0,1.0,27528,M,4926320.0,120855.0,27
201000026551,10,7,20,1410,1,2,2,1.0,4.0,27701,M,4926130.0,119857.0,27
201000026552,10,7,28,1920,1,1,1,1.0,7.0,27375,M,4920350.0,119780.0,27
201000026553,10,8,18,500,3,1,4,1.0,3.0,27701,M,4925200.0,118465.0,27
201000026554,10,9,21,1800,1,2,4,1.0,6.0,27375,M,4920970.0,116264.0,27
201000026555,10,10,1,1735,1,2,3,3.0,1.0,27375,M,4920720.0,116962.0,27
201000026556,10,10,12,845,1,2,9,1.0,3.0,27375,M,4922030.0,116652.0,27
201000026557,10,10,27,1755,1,2,1,1.0,1.0,27375,M,4921470.0,118753.0,27
201000026558,10,10,30,520,3,1,1,1.0,7.0,27701,M,4925540.0,117225.0,27
201000026559,10,10,30,840,2,2,1,1.0,1.0,27375,M,4920990.0,118019.0,27
201000026560,10,11,27,1250,1,1,1,1.0,7.0,27375,M,4920490.0,113788.0,27
201000026561,10,12,8,905,1,2,1,1.0,6.0,27701,M,4926690.0,122030.0,27
201000026562,10,12,12,1600,1,1,3,1.0,3.0,27701,M,4927610.0,120145.0,27
201000026563,10,5,8,800,1,1,9,1.0,6.0,14098,M,0.0,0.0,14
201000026564,10,5,16,1900,1,1,1,1.0,3.0,14214,M,0.0,0.0,14
201000026565,10,6,28,1815,1,1,1,1.0,2.0,14436,M,0.0,0.0,14
201000026566,10,8,3,1815,1,1,1,1.0,6.0,14281,M,4933500.0,-89100.0,14
201000026567,10,12,16,715,3,1,1,2.0,6.0,14235,M,0.0,0.0,14
201000026568,10,6,26,1500,1,1,1,1.0,3.0,06137,M,0.0,0.0,06
201000026569,10,8,16,2115,3,1,1,1.0,6.0,06026,M,0.0,0.0,06
201000026570,10,8,24,30,3,1,1,1.0,1.0,06118,M,0.0,0.0,06
201000026571,10,10,27,1915,3,1,1,1.0,1.0,06095,M,0.0,0.0,06
201000026572,10,10,14,1930,5,2,1,1.0,3.0,06140,M,0.0,0.0,06
201000026573,10,1,21,1850,2,2,1,1.0,6.0,27562,M,4910370.0,145409.0,27
201000026574,10,1,30,1000,1,2,1,8.0,1.0,27681,M,4908210.0,147809.0,27
201000026575,10,2,3,1210,1,2,3,1.0,6.0,27681,M,4909200.0,148388.0,27
201000026576,10,3,20,55,3,2,1,2.0,6.0,27681,M,4909970.0,150431.0,27
201000026577,10,4,24,1515,1,2,3,1.0,6.0,27562,M,4910560.0,145722.0,27
201000026578,10,3,26,725,1,1,1,8.0,7.0,27681,M,4909910.0,150171.0,27
201000026579,10,1,18,630,5,2,3,1.0,6.0,27681,M,4908730.0,147339.0,27
201000026580,10,3,12,1700,1,2,1,1.0,6.0,27562,M,4910340.0,144872.0,27
201000026581,10,8,7,50,5,2,3,1.0,6.0,27681,M,4910510.0,148640.0,27
201000026582,10,4,11,1420,1,2,3,1.0,3.0,27681,M,4908050.0,148364.0,27
201000026583,10,9,16,1905,1,2,1,1.0,2.0,27562,M,4909670.0,144034.0,27
201000026584,10,9,18,1815,1,2,9,1.0,6.0,27681,M,4909030.0,147187.0,27
201000026585,10,5,18,1650,1,2,1,1.0,6.0,27681,M,4908840.0,146017.0,27
201000026586,10,10,20,750,5,2,1,8.0,3.0,27681,M,4907990.0,150484.0,27
201000026587,10,9,20,1755,1,2,1,1.0,6.0,27554,M,4911110.0,145227.0,27
201000026588,10,5,20,1520,1,2,3,1.0,3.0,27562,M,4909410.0,145786.0,27
201000026589,10,11,28,1600,1,1,1,8.0,2.0,27681,M,4909610.0,152321.0,27
201000026590,10,9,23,1840,1,2,6,1.0,3.0,27681,M,4909270.0,147093.0,27
201000026591,10,3,7,1,3,1,1,1.0,6.0,17142,M,0.0,0.0,17
201000026592,10,3,29,1900,1,2,1,1.0,1.0,17407,M,0.0,0.0,17
201000026593,10,4,15,15,5,1,1,1.0,7.0,17300,M,0.0,0.0,17
201000026594,10,4,25,100,3,1,9,1.0,2.0,17142,M,0.0,0.0,17
201000026595,10,5,1,400,5,2,1,1.0,6.0,17142,M,0.0,0.0,17
201000026596,10,6,24,1715,1,2,1,1.0,3.0,17190,M,0.0,0.0,17
201000026597,10,11,5,1845,5,1,1,1.0,7.0,17407,M,4620100.0,-104699.0,17
201000026598,10,4,16,1900,1,2,1,1.0,4.0,91665,M,0.0,0.0,91
201000026599,10,4,26,1230,1,2,1,1.0,1.0,91665,M,0.0,0.0,91
201000026600,10,6,24,645,1,2,1,1.0,1.0,91666,M,0.0,0.0,91
201000026601,10,7,26,945,1,1,1,1.0,3.0,91363,M,0.0,0.0,91
201000026602,10,10,14,1845,5,2,1,1.0,4.0,91665,M,0.0,0.0,91
201000026603,10,8,22,530,3,1,1,1.0,6.0,76244,M,4971800.0,141400.0,76
201000026604,10,9,9,1815,1,1,1,1.0,2.0,76257,M,4987900.0,156700.0,76
201000026605,10,11,30,2145,3,1,1,8.0,1.0,76621,M,0.0,0.0,76
201000026606,10,1,5,845,1,1,1,9.0,6.0,87088,M,4563520.0,142723.0,87
201000026607,10,2,28,730,2,1,1,1.0,6.0,19151,M,4510846.0,150783.0,19
201000026608,10,7,12,1800,1,1,1,1.0,2.0,19129,M,4553991.0,151111.0,19
201000026609,10,10,3,1615,1,1,1,1.0,6.0,19072,M,4524804.0,153005.0,19
201000026610,10,6,3,730,1,2,1,1.0,1.0,59304,M,0.0,0.0,59
201000026611,10,7,27,1030,1,1,1,2.0,1.0,59266,M,0.0,0.0,59
201000026612,10,1,5,745,2,2,7,1.0,6.0,28085,M,4844800.0,148148.0,28
201000026613,10,1,6,1805,2,1,1,1.0,6.0,28085,M,4844760.0,151744.0,28
201000026614,10,1,13,1530,1,2,1,1.0,2.0,28220,M,4842500.0,147971.0,28
201000026615,10,1,18,1620,1,2,1,1.0,6.0,28085,M,4844640.0,150678.0,28
201000026616,10,1,21,1430,1,1,1,1.0,2.0,28024,M,4841620.0,146785.0,28
201000026617,10,1,22,805,1,2,1,1.0,3.0,28220,M,4842940.0,147428.0,28
201000026618,10,1,24,1040,1,2,1,1.0,3.0,28085,M,4845300.0,148816.0,28
201000026619,10,1,25,800,1,2,1,1.0,2.0,28085,M,4845150.0,148602.0,28
201000026620,10,1,26,1635,1,1,1,1.0,2.0,28229,M,4846030.0,146140.0,28
201000026621,10,1,26,1655,1,2,1,1.0,7.0,28085,M,4844780.0,149304.0,28
201000026622,10,1,27,1515,1,2,1,1.0,6.0,28085,M,4844870.0,148242.0,28
201000026623,10,1,27,1705,1,2,1,1.0,4.0,28085,M,4844020.0,147999.0,28
201000026624,10,1,28,2110,5,2,2,1.0,3.0,28218,M,4843890.0,145826.0,28
201000026625,10,1,30,1000,1,2,1,1.0,2.0,28229,M,4845110.0,146346.0,28
201000026626,10,2,3,1510,1,2,1,1.0,6.0,28220,M,4842750.0,146372.0,28
201000026627,10,2,4,725,2,2,1,1.0,7.0,28085,M,4844220.0,147536.0,28
201000026628,10,2,4,1335,1,2,1,1.0,3.0,28085,M,4843340.0,150797.0,28
201000026629,10,2,4,1340,1,2,1,1.0,7.0,28218,M,4844190.0,145131.0,28
201000026630,10,2,5,1530,1,2,1,1.0,7.0,28085,M,4844230.0,149442.0,28
201000026631,10,2,10,1710,1,2,1,4.0,3.0,28085,M,4843340.0,150623.0,28
201000026632,10,2,13,1055,1,2,1,1.0,3.0,28085,M,4847010.0,148108.0,28
201000026633,10,2,16,1405,1,2,1,1.0,7.0,28218,M,4842890.0,143251.0,28
201000026634,10,2,16,910,1,2,1,8.0,7.0,28085,M,4843320.0,149428.0,28
201000026635,10,2,16,1405,1,2,1,8.0,7.0,28218,M,4842770.0,143344.0,28
201000026636,10,2,16,1655,1,2,1,8.0,7.0,28085,M,4843760.0,150546.0,28
201000026637,10,2,17,635,2,2,1,8.0,6.0,28220,M,4842470.0,147076.0,28
201000026638,10,2,20,2120,5,2,1,1.0,7.0,28218,M,4843650.0,145762.0,28
201000026639,10,2,22,745,1,2,1,1.0,2.0,28085,M,4844320.0,149875.0,28
201000026640,10,2,23,925,1,2,1,1.0,3.0,28220,M,4842890.0,146572.0,28
201000026641,10,2,23,1955,3,2,1,1.0,3.0,28085,M,4843990.0,147500.0,28
201000026642,10,2,25,915,1,2,1,1.0,7.0,28220,M,4841760.0,145105.0,28
201000026643,10,2,28,1710,1,2,1,1.0,3.0,28070,M,4846440.0,150410.0,28
201000026644,10,3,1,1455,1,2,1,1.0,7.0,28085,M,4844390.0,148348.0,28
201000026645,10,3,4,1005,1,2,1,1.0,3.0,28229,M,4844640.0,146583.0,28
201000026646,10,3,4,1955,5,2,1,1.0,1.0,28209,M,4846810.0,147983.0,28
201000026647,10,3,5,845,1,1,1,1.0,4.0,28218,M,4842890.0,143251.0,28
201000026648,10,3,5,1240,1,2,1,1.0,1.0,28085,M,4844830.0,149259.0,28
201000026649,10,3,12,1145,1,2,1,1.0,3.0,28209,M,4848540.0,147622.0,28
201000026650,10,3,13,205,5,2,1,1.0,7.0,28085,M,4843010.0,151644.0,28
201000026651,10,3,17,1655,1,2,1,1.0,7.0,28085,M,4844590.0,148184.0,28
201000026652,10,3,18,1200,1,2,1,1.0,3.0,28085,M,4844840.0,148256.0,28
201000026653,10,3,18,1830,1,2,1,1.0,6.0,28085,M,4844810.0,148067.0,28
201000026654,10,3,30,610,5,2,1,2.0,7.0,28220,M,4842740.0,146504.0,28
201000026655,10,4,1,1615,1,2,1,1.0,2.0,28085,M,4844990.0,150713.0,28
201000026656,10,4,5,1610,1,1,1,1.0,2.0,28085,M,4844570.0,152928.0,28
201000026657,10,4,6,950,1,2,1,1.0,6.0,28085,M,4845210.0,148547.0,28
201000026658,10,4,6,1755,1,2,1,1.0,2.0,28229,M,4844680.0,144326.0,28
201000026659,10,4,8,1520,1,2,1,1.0,1.0,28085,M,4845200.0,149221.0,28
201000026660,10,4,8,1630,1,1,1,1.0,2.0,28110,M,4842130.0,150952.0,28
201000026661,10,4,12,1535,1,2,3,1.0,3.0,28085,M,4845130.0,151427.0,28
201000026662,10,4,14,720,1,2,1,1.0,6.0,28070,M,4846580.0,152628.0,28
201000026663,10,4,14,1805,1,2,2,1.0,3.0,28085,M,4844350.0,151080.0,28
201000026664,10,4,15,1340,1,2,2,1.0,6.0,28085,M,4843730.0,148463.0,28
201000026665,10,4,17,1745,1,2,1,1.0,5.0,28209,M,4848420.0,147494.0,28
201000026666,10,4,22,1505,1,2,1,1.0,2.0,28229,M,4845490.0,145985.0,28
201000026667,10,4,23,1520,1,2,1,1.0,3.0,28209,M,4846930.0,148046.0,28
201000026668,10,4,27,1945,2,2,1,1.0,7.0,28085,M,4844240.0,149428.0,28
201000026669,10,4,28,1835,2,2,1,1.0,2.0,28218,M,4843130.0,144609.0,28
201000026670,10,4,29,1825,1,2,1,1.0,6.0,28218,M,4843760.0,145066.0,28