Num_Acc,an,mois,jour,hrmn,lum,agg,int,atm,col,com,gps,lat,long,dep
201000026671,10,5,2,1505,1,2,1,1.0,2.0,28220,M,4842710.0,146264.0,28
201000026672,10,5,3,1935,2,2,1,2.0,7.0,28085,M,4844400.0,148290.0,28
201000026673,10,5,5,530,3,2,1,1.0,7.0,28085,M,4845750.0,147633.0,28
201000026674,10,5,6,1820,2,2,1,1.0,4.0,28085,M,4843510.0,147944.0,28
201000026675,10,5,7,1525,1,2,1,1.0,2.0,28229,M,4846290.0,145657.0,28
201000026676,10,5,7,2135,5,2,2,1.0,3.0,28085,M,4844250.0,148644.0,28
201000026677,10,5,8,2025,2,2,1,2.0,6.0,28085,M,4843770.0,150516.0,28
201000026678,10,5,10,605,2,2,1,1.0,7.0,28110,M,4842030.0,149178.0,28
201000026679,10,5,11,805,1,2,1,2.0,7.0,28229,M,4846560.0,145927.0,28
201000026680,10,5,12,1845,1,2,1,1.0,3.0,28085,M,4844040.0,149087.0,28
201000026681,10,5,13,800,1,2,1,1.0,3.0,28229,M,4845540.0,145244.0,28
201000026682,10,5,15,1640,1,2,1,1.0,7.0,28085,M,4845200.0,148588.0,28
201000026683,10,5,15,2035,2,2,1,1.0,7.0,28070,M,4846440.0,150410.0,28
201000026684,10,5,16,200,3,2,1,1.0,7.0,28110,M,4841640.0,150394.0,28
201000026685,10,5,16,1700,1,2,1,1.0,2.0,28085,M,4844980.0,150632.0,28
201000026686,10,5,17,1450,1,2,1,1.0,3.0,28085,M,4844460.0,148032.0,28
201000026687,10,5,18,615,2,2,1,1.0,7.0,28085,M,4845530.0,147947.0,28
201000026688,10,5,19,805,1,2,1,1.0,3.0,28085,M,4844450.0,153695.0,28
201000026689,10,5,19,1150,1,2,6,1.0,3.0,28085,M,4845180.0,152048.0,28
201000026690,10,5,20,920,1,2,1,1.0,6.0,28218,M,4842950.0,146167.0,28
201000026691,10,5,20,1010,1,2,1,1.0,2.0,28085,M,4845280.0,149102.0,28
201000026692,10,5,24,845,1,2,1,1.0,3.0,28085,M,4845130.0,148589.0,28
201000026693,10,5,25,1130,1,2,1,1.0,2.0,28085,M,4844610.0,148148.0,28
201000026694,10,5,25,850,1,2,1,1.0,3.0,28218,M,4843190.0,146520.0,28
201000026695,10,5,26,1725,1,2,1,1.0,6.0,28085,M,4845140.0,149386.0,28
201000026696,10,5,26,910,1,2,1,1.0,3.0,28085,M,4843530.0,151412.0,28
201000026697,10,5,27,1735,1,2,1,1.0,3.0,28110,M,4830590.0,158797.0,28
201000026698,10,5,28,1140,1,2,1,1.0,6.0,28085,M,4844380.0,148399.0,28
201000026699,10,5,28,1520,1,2,1,1.0,6.0,28085,M,4844380.0,148399.0,28
201000026700,10,5,28,1655,1,2,1,1.0,4.0,28209,M,4846770.0,147968.0,28
201000026701,10,6,1,1900,2,2,1,1.0,3.0,28229,M,4845320.0,147202.0,28
201000026702,10,6,3,805,1,2,1,1.0,6.0,28085,M,4844810.0,148148.0,28
201000026703,10,6,9,755,1,2,1,1.0,2.0,28085,M,4845580.0,148175.0,28
201000026704,10,6,3,1550,1,2,1,1.0,1.0,28085,M,4843270.0,149700.0,28
201000026705,10,6,3,1805,1,2,1,1.0,6.0,28085,M,4844700.0,151704.0,28
201000026706,10,6,6,1530,1,2,1,1.0,7.0,28085,M,4844340.0,148980.0,28
201000026707,10,6,6,1915,2,2,1,1.0,7.0,28085,M,4843570.0,148209.0,28
201000026708,10,6,10,1650,2,2,1,2.0,6.0,28085,M,4843920.0,150645.0,28
201000026709,10,6,11,2300,5,2,2,1.0,3.0,28229,M,4844970.0,147456.0,28
201000026710,10,6,14,1655,2,2,1,1.0,2.0,28085,M,4842280.0,148431.0,28
201000026711,10,6,17,1835,2,2,1,1.0,6.0,28218,M,4843880.0,145731.0,28
201000026712,10,6,17,1920,2,2,1,1.0,6.0,28085,M,4844460.0,148566.0,28
201000026713,10,6,21,1205,1,2,1,1.0,2.0,28085,M,4845110.0,148995.0,28
201000026714,10,6,22,1320,1,2,1,1.0,6.0,28085,M,4844240.0,149414.0,28
201000026715,10,6,28,755,1,2,1,1.0,3.0,28085,M,,,28
201000026716,10,6,30,240,4,2,1,1.0,6.0,28218,M,4842650.0,143442.0,28
201000026717,10,7,1,1330,1,2,1,1.0,3.0,28218,M,4843580.0,144696.0,28
201000026718,10,7,3,2145,5,2,1,1.0,6.0,28085,M,4843900.0,148381.0,28
201000026719,10,7,7,1955,1,1,1,1.0,7.0,28218,M,4843680.0,144181.0,28
201000026720,10,7,15,1125,1,2,1,1.0,3.0,28085,M,4844740.0,149340.0,28
201000026721,10,7,16,1345,1,2,1,1.0,3.0,28110,M,4842840.0,149360.0,28
201000026722,10,7,21,830,1,2,1,1.0,7.0,28229,M,4845750.0,144717.0,28
201000026723,10,7,22,415,3,1,1,1.0,6.0,28158,M,4841830.0,144535.0,28
201000026724,10,7,23,410,5,2,1,1.0,6.0,28220,M,4843050.0,147934.0,28
201000026725,10,7,23,1720,1,2,1,1.0,2.0,28085,M,4844820.0,150705.0,28
201000026726,10,7,27,740,1,2,1,1.0,6.0,28085,M,4844970.0,148686.0,28
201000026727,10,7,27,1540,1,2,1,1.0,2.0,28220,M,4842690.0,147733.0,28
201000026728,10,7,28,1340,1,2,1,1.0,7.0,28085,M,4845540.0,147974.0,28
201000026729,10,8,3,855,1,2,1,1.0,6.0,28085,M,4843510.0,148062.0,28
201000026730,10,8,7,1145,1,1,3,1.0,3.0,28229,M,4845690.0,145197.0,28
201000026731,10,8,7,1820,1,2,1,1.0,3.0,28218,M,4843860.0,146812.0,28
201000026732,10,8,11,1515,1,2,1,1.0,7.0,28229,M,4845090.0,146953.0,28
201000026733,10,8,12,2130,5,2,2,1.0,3.0,28229,M,4843890.0,151633.0,28
201000026734,10,8,13,1420,1,2,1,1.0,3.0,28220,M,4842040.0,280060.0,28
201000026735,10,8,14,1530,1,2,1,2.0,7.0,28229,M,4844710.0,147069.0,28
201000026736,10,8,15,1935,1,2,3,2.0,3.0,28085,M,4844170.0,147716.0,28
201000026737,10,8,17,2255,5,2,1,1.0,3.0,28209,M,4847180.0,148201.0,28
201000026738,10,8,23,1130,1,2,3,3.0,7.0,28085,M,4844210.0,149347.0,28
201000026739,10,8,24,450,5,2,2,1.0,7.0,28085,M,4844900.0,148323.0,28
201000026740,10,8,24,2215,5,2,2,1.0,3.0,28218,M,4843550.0,146345.0,28
201000026741,10,8,26,1740,1,2,2,1.0,3.0,28085,M,4842920.0,151250.0,28
201000026742,10,8,28,1643,1,2,3,1.0,3.0,28218,M,4843940.0,146122.0,28
201000026743,10,8,30,1553,1,2,2,1.0,3.0,28085,M,4844240.0,149441.0,28
201000026744,10,8,30,2227,5,2,1,1.0,7.0,28085,M,4845850.0,149618.0,28
201000026745,10,8,31,1553,1,1,1,1.0,2.0,28220,M,4841760.0,144697.0,28
201000026746,10,9,1,1838,1,2,2,1.0,3.0,28085,M,4844920.0,149728.0,28
201000026747,10,9,1,1658,1,2,1,1.0,7.0,28220,M,4843360.0,147745.0,28
201000026748,10,9,4,1710,1,2,3,1.0,3.0,28085,M,4844250.0,148671.0,28
201000026749,10,9,7,2010,1,2,1,1.0,2.0,28085,M,4843760.0,149611.0,28
201000026750,10,9,11,2117,5,2,1,1.0,6.0,28085,M,4844810.0,148135.0,28
201000026751,10,9,15,1418,1,2,1,1.0,3.0,28085,M,4844010.0,151593.0,28
201000026752,10,9,20,1213,1,2,2,1.0,3.0,28085,M,4844770.0,147448.0,28
201000026753,10,9,24,715,5,1,1,1.0,6.0,28085,M,4843140.0,151748.0,28
201000026754,10,9,24,847,1,2,1,1.0,2.0,28220,M,4843520.0,147873.0,28
201000026755,10,9,24,1833,1,2,3,2.0,3.0,28085,M,4844250.0,148644.0,28
201000026756,10,9,25,1807,1,2,1,1.0,2.0,28070,M,4847260.0,150718.0,28
201000026757,10,9,29,1240,1,1,4,1.0,3.0,28070,M,4843960.0,145065.0,28
201000026758,10,10,5,1850,1,2,2,1.0,3.0,28085,M,4844070.0,150676.0,28
201000026759,10,10,7,1725,1,2,2,1.0,3.0,28218,M,4844080.0,145789.0,28
201000026760,10,10,8,557,5,2,1,1.0,2.0,28085,M,4845050.0,148484.0,28
201000026761,10,10,9,507,5,2,3,1.0,3.0,28218,M,4843920.0,147413.0,28
201000026762,10,10,9,1237,1,2,3,1.0,3.0,28085,M,4844240.0,149419.0,28
201000026763,10,10,10,225,5,1,6,1.0,3.0,28085,M,4842770.0,151439.0,28
201000026764,10,10,10,555,2,2,1,1.0,7.0,28229,M,,,28
201000026765,10,10,11,1825,1,1,1,1.0,2.0,28110,M,4842100.0,150924.0,28
201000026766,10,10,15,1625,1,2,3,1.0,3.0,28085,M,4844250.0,149455.0,28
201000026767,10,10,15,1807,1,2,2,1.0,3.0,28085,M,4843780.0,150561.0,28
201000026768,10,10,16,753,2,1,1,1.0,7.0,28229,M,4845190.0,142918.0,28
201000026769,10,10,16,1455,1,1,1,1.0,2.0,28229,M,4845590.0,144975.0,28
201000026770,10,10,18,1147,1,1,1,1.0,1.0,28209,M,4846950.0,146996.0,28
201000026771,10,10,22,1603,1,2,6,1.0,3.0,28085,M,4844190.0,151537.0,28
201000026772,10,10,22,1640,1,1,3,1.0,3.0,28110,M,4841640.0,150383.0,28
201000026773,10,10,23,145,5,2,1,1.0,6.0,28085,M,,,28
201000026774,10,10,25,1150,1,2,2,1.0,3.0,28085,M,4844070.0,150676.0,28
201000026775,10,10,25,1230,1,2,1,1.0,3.0,28085,M,4844190.0,149177.0,28
201000026776,10,10,26,835,1,2,1,1.0,3.0,28085,M,4844740.0,151739.0,28
201000026777,10,10,22,627,5,1,1,1.0,2.0,28229,M,,,28
201000026778,10,10,26,1810,1,2,1,1.0,3.0,28209,M,4847240.0,146856.0,28
201000026779,10,10,26,1845,5,2,4,1.0,3.0,28085,M,4844530.0,148351.0,28
201000026780,10,10,31,1940,1,2,1,1.0,2.0,28085,M,4844310.0,148512.0,28
201000026781,10,10,27,1320,1,2,3,1.0,6.0,28085,M,4844060.0,150458.0,28
201000026782,10,10,28,730,5,2,1,1.0,3.0,28085,M,4843770.0,149063.0,28
201000026783,10,10,29,443,4,2,1,1.0,6.0,28085,M,4844050.0,150766.0,28
201000026784,10,11,1,1925,3,1,1,1.0,3.0,28110,M,4842160.0,150977.0,28
201000026785,10,11,8,915,1,2,2,2.0,6.0,28085,M,4844230.0,149442.0,28
201000026786,10,11,9,1035,1,2,2,2.0,3.0,28218,M,4843780.0,146199.0,28
201000026787,10,11,5,1645,2,2,1,1.0,6.0,28229,M,4844780.0,146405.0,28
201000026788,10,11,9,1745,2,2,1,2.0,4.0,28085,M,4844280.0,148319.0,28
201000026789,10,11,10,1605,1,1,6,2.0,7.0,28085,M,4843860.0,152076.0,28
201000026790,10,11,13,2010,5,2,1,1.0,6.0,28085,M,4850770.0,176935.0,28
201000026791,10,11,18,1815,5,2,1,2.0,6.0,28218,M,4844060.0,146323.0,28
201000026792,10,11,19,430,5,2,1,2.0,6.0,28085,M,4844620.0,148126.0,28
201000026793,10,11,20,1130,1,2,1,1.0,2.0,28085,M,,,28
201000026794,10,11,23,825,1,2,1,1.0,3.0,28085,M,4844960.0,149335.0,28
201000026795,10,11,29,1030,1,2,1,4.0,7.0,28085,M,4844630.0,148367.0,28
201000026796,10,12,3,840,1,2,4,1.0,1.0,28209,M,4847480.0,148055.0,28
201000026797,10,12,11,1340,1,2,1,1.0,6.0,28085,M,4845230.0,152480.0,28
201000026798,10,12,14,758,2,2,1,1.0,6.0,28085,M,4844780.0,149304.0,28
201000026799,10,10,27,700,2,1,1,1.0,1.0,28229,M,4845200.0,144560.0,28
201000026800,10,12,20,1425,1,2,3,4.0,2.0,28085,M,4844150.0,148673.0,28
201000026801,10,3,21,1100,1,1,1,1.0,7.0,42049,M,4615566.0,387767.0,42
201000026802,10,5,26,1715,1,2,1,1.0,6.0,42163,M,4617663.0,386621.0,42
201000026803,10,5,27,1015,1,1,1,2.0,7.0,42203,M,4610240.0,382668.0,42
201000026804,10,5,28,1845,1,2,1,1.0,3.0,42198,M,4600755.0,393838.0,42
201000026805,10,7,29,1900,1,1,1,1.0,6.0,42231,M,4609968.0,398098.0,42
201000026806,10,8,9,2145,3,1,1,1.0,6.0,42231,M,4610976.0,396084.0,42
201000026807,10,8,11,1745,1,2,1,1.0,6.0,42003,M,4610402.0,389630.0,42
201000026808,10,8,12,700,1,2,1,1.0,7.0,42182,M,4605175.0,394274.0,42
201000026809,10,8,15,1330,1,1,1,1.0,6.0,42157,M,4611791.0,402731.0,42
201000026810,10,8,28,2315,5,2,6,1.0,7.0,42176,M,4604736.0,398480.0,42
201000026811,10,9,7,1115,1,1,1,1.0,1.0,42284,M,4609771.0,398510.0,42
201000026812,10,9,13,1530,1,1,1,1.0,5.0,42220,M,4612401.0,393353.0,42
201000026813,10,9,16,2345,3,1,1,1.0,1.0,42163,M,4618653.0,387278.0,42
201000026814,10,10,12,930,1,1,1,1.0,6.0,42317,M,4625453.0,389639.0,42
201000026815,10,11,10,1745,5,2,1,2.0,1.0,42176,M,4604300.0,397500.0,42
201000026816,10,11,17,1415,1,2,6,1.0,7.0,42182,M,4605179.0,393560.0,42
201000026817,10,11,23,1900,5,1,1,9.0,1.0,42284,M,4608393.0,402395.0,42
201000026818,10,1,2,1500,1,2,1,1.0,6.0,28134,M,4873100.0,137778.0,28
201000026819,10,1,18,1135,1,1,4,1.0,2.0,28134,M,4874230.0,138748.0,28
201000026820,10,1,25,1125,1,2,1,1.0,2.0,28404,M,4888080.0,150793.0,28
201000026821,10,1,27,2320,5,2,2,1.0,6.0,28134,M,4873940.0,133486.0,28
201000026822,10,2,1,1050,1,2,1,1.0,1.0,28332,M,4873780.0,141764.0,28
201000026823,10,2,1,1745,4,2,3,1.0,3.0,28134,M,4874620.0,134296.0,28
201000026824,10,2,5,1250,1,1,1,1.0,1.0,28404,M,4871940.0,138167.0,28
201000026825,10,2,5,2040,1,1,1,1.0,2.0,28404,M,4871450.0,136196.0,28
201000026826,10,2,6,1645,1,1,1,1.0,7.0,28098,M,4874550.0,139353.0,28
201000026827,10,2,10,1715,1,2,3,1.0,3.0,28404,M,4871580.0,137398.0,28
201000026828,10,2,18,1625,1,2,1,2.0,2.0,28134,M,4873740.0,139002.0,28
201000026829,10,2,25,1115,1,2,1,2.0,2.0,28134,M,4874630.0,138628.0,28
201000026830,10,3,2,1150,1,1,1,1.0,3.0,28134,M,4874650.0,135417.0,28
201000026831,10,3,7,1730,1,1,1,1.0,3.0,28404,M,4868470.0,136898.0,28
201000026832,10,3,9,1525,1,2,1,1.0,3.0,28134,M,4874760.0,138399.0,28
201000026833,10,3,17,935,1,1,1,1.0,2.0,28134,M,4873520.0,138534.0,28
201000026834,10,3,24,910,1,2,2,1.0,3.0,28134,M,4873610.0,137170.0,28
201000026835,10,3,24,1945,5,2,2,1.0,3.0,28134,M,4874840.0,136348.0,28
201000026836,10,3,26,1700,1,1,1,1.0,4.0,28134,M,4873120.0,137725.0,28
201000026837,10,4,1,1915,1,2,1,1.0,1.0,28134,M,4873010.0,137317.0,28
201000026838,10,4,2,2245,5,2,1,1.0,6.0,28404,M,4871980.0,134282.0,28
201000026839,10,4,16,1850,1,1,3,1.0,3.0,28134,M,4874280.0,132289.0,28
201000026840,10,4,17,1535,1,2,1,1.0,4.0,28134,M,4873860.0,138407.0,28
201000026841,10,4,19,1345,1,1,1,1.0,7.0,28134,M,4872160.0,138436.0,28
201000026842,10,4,21,2030,1,2,1,1.0,7.0,28404,M,4871150.0,136251.0,28
201000026843,10,4,27,1410,1,2,2,1.0,3.0,28134,M,4874390.0,135619.0,28
201000026844,10,4,27,1820,1,2,1,1.0,6.0,28404,M,4872360.0,136323.0,28
201000026845,10,5,5,1415,1,1,1,1.0,7.0,28404,M,4871840.0,136564.0,28
201000026846,10,5,7,1310,1,2,1,1.0,6.0,28134,M,4873560.0,138774.0,28
201000026847,10,5,8,1040,1,1,1,1.0,7.0,28134,M,4874780.0,138434.0,28
201000026848,10,5,8,1735,1,2,1,1.0,6.0,28404,M,4871660.0,133728.0,28
201000026849,10,5,12,750,1,2,1,1.0,2.0,28134,M,4872980.0,138218.0,28
201000026850,10,5,22,1640,1,1,1,1.0,7.0,28404,M,4872970.0,134358.0,28
201000026851,10,5,24,145,4,2,1,1.0,7.0,28223,M,4871930.0,141385.0,28
201000026852,10,5,24,1210,1,2,1,1.0,7.0,28134,M,4873620.0,138431.0,28
201000026853,10,5,25,1815,1,1,3,1.0,1.0,28134,M,4874280.0,132289.0,28
201000026854,10,5,26,1830,1,2,1,1.0,3.0,28134,M,4874610.0,136592.0,28
201000026855,10,5,28,2135,5,1,1,1.0,6.0,28404,M,4871600.0,137383.0,28
201000026856,10,5,30,1215,1,2,1,1.0,1.0,28134,M,4873980.0,135468.0,28
201000026857,10,5,31,1555,1,2,1,1.0,2.0,28134,M,4874610.0,136530.0,28
201000026858,10,6,2,1635,1,2,6,1.0,2.0,28134,M,4874230.0,138748.0,28
201000026859,10,6,7,835,1,2,1,1.0,4.0,28134,M,4874030.0,137807.0,28
201000026860,10,6,7,1145,1,1,2,1.0,3.0,28134,M,4872800.0,138898.0,28
201000026861,10,6,10,925,1,1,1,3.0,2.0,28404,M,4871650.0,137573.0,28
201000026862,10,6,18,1740,1,1,1,1.0,3.0,28404,M,4871580.0,137255.0,28
201000026863,10,6,22,1210,1,2,1,1.0,7.0,28134,M,4877210.0,134960.0,28
201000026864,10,6,24,2000,1,2,6,1.0,2.0,28134,M,4873100.0,136425.0,28
201000026865,10,6,30,1715,1,1,6,1.0,3.0,28134,M,4874540.0,139171.0,28
201000026866,10,7,2,305,3,2,1,1.0,7.0,28404,M,4874060.0,133618.0,28
201000026867,10,7,2,1735,1,1,4,1.0,1.0,28134,M,4874640.0,138632.0,28
201000026868,10,7,4,1115,1,2,1,1.0,7.0,28001,M,4878170.0,144540.0,28
201000026869,10,7,13,1130,1,2,1,1.0,7.0,28134,M,4873920.0,135987.0,28
201000026870,10,7,19,900,1,1,1,1.0,2.0,28134,M,4874610.0,136643.0,28
201000026871,10,7,20,930,1,1,1,1.0,1.0,28404,M,4872900.0,132142.0,28
201000026872,10,7,26,1630,1,2,1,1.0,6.0,28404,M,,,28
201000026873,10,7,30,1840,1,2,2,1.0,3.0,28404,M,4871370.0,136148.0,28
201000026874,10,8,7,1950,1,2,1,2.0,7.0,28134,M,4874540.0,139150.0,28
201000026875,10,8,8,1415,1,2,1,1.0,7.0,28223,M,4872030.0,152781.0,28
201000026876,10,8,14,1850,1,1,1,1.0,1.0,28134,M,4872720.0,138849.0,28
201000026877,10,8,18,1830,1,2,1,1.0,2.0,28134,M,4874070.0,138322.0,28
201000026878,10,8,14,2000,1,1,1,1.0,7.0,28134,M,4872650.0,138803.0,28
201000026879,10,8,30,1045,1,2,1,1.0,6.0,28134,M,4873920.0,138115.0,28
201000026880,10,9,2,2000,1,2,3,1.0,3.0,28134,M,4872990.0,137263.0,28
201000026881,10,9,4,1550,1,2,1,1.0,6.0,28134,M,4873640.0,136585.0,28
201000026882,10,9,6,1100,1,2,3,1.0,6.0,28134,M,4873830.0,136676.0,28
201000026883,10,9,20,1740,1,2,2,1.0,1.0,28134,M,4874780.0,138840.0,28
201000026884,10,9,21,1600,1,2,1,1.0,6.0,28134,M,4873830.0,137084.0,28
201000026885,10,9,22,1740,1,2,1,1.0,7.0,28134,M,4874920.0,135324.0,28
201000026886,10,9,22,1215,1,2,1,1.0,7.0,28134,M,4874720.0,135205.0,28
201000026887,10,9,27,1410,1,2,1,1.0,3.0,28134,M,4873020.0,138022.0,28
201000026888,10,9,30,1705,1,2,1,1.0,6.0,28134,M,4873890.0,134895.0,28
201000026889,10,10,4,1520,1,1,1,3.0,5.0,28404,M,4870730.0,137087.0,28
201000026890,10,10,5,1745,1,2,1,2.0,2.0,28134,M,4874230.0,134547.0,28
201000026891,10,10,10,1245,1,2,1,1.0,6.0,28404,M,4872030.0,135571.0,28
201000026892,10,10,11,1150,1,2,1,1.0,3.0,28134,M,4873350.0,134904.0,28
201000026893,10,10,13,1735,1,2,1,1.0,3.0,28134,M,4874100.0,133634.0,28
201000026894,10,10,14,1350,1,1,1,1.0,7.0,28134,M,4874640.0,139804.0,28
201000026895,10,10,14,1745,2,1,1,1.0,1.0,28134,M,4875250.0,138981.0,28
201000026896,10,10,22,1555,1,2,1,1.0,2.0,28134,M,4873740.0,134517.0,28
201000026897,10,10,22,1635,1,2,3,1.0,3.0,28134,M,4874430.0,135576.0,28
201000026898,10,10,25,1745,2,2,1,1.0,6.0,28134,M,4874210.0,138749.0,28
201000026899,10,10,26,1545,1,1,6,1.0,3.0,28404,M,,,28
201000026900,10,10,27,1215,1,1,1,1.0,7.0,28223,M,4872750.0,139039.0,28
201000026901,10,11,3,1830,5,2,2,1.0,3.0,28134,M,4872910.0,138609.0,28
201000026902,10,11,7,1330,1,1,1,2.0,6.0,28404,M,4871910.0,138056.0,28
201000026903,10,11,9,1750,3,1,1,2.0,7.0,28404,M,4871890.0,138003.0,28
201000026904,10,11,13,1840,5,1,1,3.0,1.0,28404,M,4871640.0,137542.0,28
201000026905,10,12,8,740,5,2,1,1.0,2.0,28134,M,4873920.0,138554.0,28
201000026906,10,12,15,1010,1,2,1,1.0,3.0,28134,M,4874000.0,133587.0,28
201000026907,10,12,17,1845,3,1,1,9.0,2.0,22305,M,4827223.0,-217464.0,22
201000026908,10,12,30,1600,1,1,1,1.0,2.0,29302,M,4825713.0,-411446.0,29
201000026909,10,12,29,1145,1,1,1,1.0,5.0,35012,M,0.0,0.0,35
201000026910,10,4,13,900,1,1,1,1.0,6.0,01419,M,0.0,0.0,01
201000026911,10,6,12,1300,1,1,1,1.0,3.0,01360,M,0.0,0.0,01
201000026912,10,7,5,830,1,1,1,7.0,3.0,01288,M,0.0,0.0,01
201000026913,10,8,9,2045,1,1,9,1.0,3.0,01354,M,0.0,0.0,01
201000026914,10,8,20,1,5,1,6,1.0,6.0,01354,M,0.0,0.0,01
201000026915,10,10,29,945,1,2,1,1.0,6.0,01419,M,0.0,0.0,01
201000026916,10,10,28,1600,1,2,2,1.0,3.0,01288,M,0.0,0.0,01
201000026917,10,12,3,1845,2,1,1,4.0,1.0,01109,M,0.0,0.0,01
201000026918,10,12,5,1645,2,1,1,2.0,3.0,01419,M,0.0,0.0,01
201000026919,10,4,18,1430,1,2,1,1.0,6.0,54428,M,0.0,0.0,54
201000026920,10,5,4,2145,3,1,1,1.0,6.0,54172,M,4945280.0,570584.0,54
201000026921,10,5,28,1800,1,1,1,1.0,6.0,54138,M,4952640.0,569126.0,54
201000026922,10,5,30,545,2,2,1,8.0,7.0,54322,M,4943377.0,558180.0,54
201000026923,10,6,3,1715,1,2,1,7.0,1.0,54234,M,4953780.0,568360.0,54
201000026924,10,6,16,1730,1,2,3,1.0,6.0,54322,M,4944124.0,561876.0,54
201000026925,10,7,1,2100,3,1,1,1.0,7.0,54476,M,4944840.0,548815.0,54
201000026926,10,7,8,2030,1,1,1,1.0,1.0,54322,M,0.0,0.0,54
201000026927,10,7,11,2015,1,1,1,1.0,6.0,54582,M,4946720.0,554074.0,54
201000026928,10,8,3,1915,1,1,1,1.0,1.0,54314,M,4949770.0,574089.0,54
201000026929,10,8,5,1345,1,2,1,1.0,6.0,54172,M,4944360.0,569967.0,54
201000026930,10,8,18,1120,1,1,1,2.0,7.0,54322,M,4943050.0,557970.0,54
201000026931,10,8,21,620,1,1,1,1.0,7.0,54514,M,0.0,0.0,54
201000026932,10,9,1,1645,1,2,1,1.0,2.0,54322,M,0.0,0.0,54
201000026933,10,9,24,1545,1,2,1,2.0,7.0,54314,M,0.0,0.0,54
201000026934,10,10,7,800,1,1,1,7.0,2.0,54236,M,0.0,0.0,54
201000026935,10,11,5,1400,1,2,1,1.0,7.0,54137,M,0.0,0.0,54
201000026936,10,11,5,1445,1,2,1,1.0,1.0,54322,M,0.0,0.0,54
201000026937,10,11,27,2000,3,1,1,1.0,6.0,54314,M,0.0,0.0,54
201000026938,10,12,18,345,3,1,1,1.0,7.0,83048,M,4318000.0,655000.0,83
201000026939,10,12,21,1830,5,2,1,3.0,6.0,83036,M,0.0,0.0,83
201000026940,10,12,26,1045,1,2,1,8.0,1.0,83048,M,4332400.0,692500.0,83
201000026941,10,7,9,2300,3,1,1,1.0,2.0,21244,M,4730130.0,450333.0,21
201000026942,10,8,28,1515,1,1,1,1.0,3.0,21214,M,4719150.0,466781.0,21
201000026943,10,9,1,2230,3,1,1,1.0,6.0,21087,M,4710200.0,471810.0,21
201000026944,10,9,5,2230,3,1,1,1.0,6.0,21298,M,4732100.0,449122.0,21
201000026945,10,9,11,1345,1,1,1,1.0,6.0,21676,M,4745410.0,426580.0,21
201000026946,10,12,25,2359,3,1,1,4.0,2.0,21282,M,4747340.0,421104.0,21
201000026947,10,1,2,1450,1,2,2,1.0,6.0,29019,M,4840368.0,-448041.0,29
201000026948,10,1,6,1305,1,2,2,1.0,3.0,29019,M,4840929.0,-448505.0,29
201000026949,10,1,11,1820,2,2,2,1.0,3.0,29019,M,4838620.0,-450305.0,29
201000026950,10,1,14,1445,1,2,1,1.0,6.0,29019,M,4840913.0,-446281.0,29
201000026951,10,1,18,525,5,2,6,5.0,7.0,29019,M,4841505.0,-447949.0,29
201000026952,10,1,19,1610,1,2,2,1.0,6.0,29019,M,4839862.0,-445444.0,29
201000026953,10,1,24,1605,1,2,3,1.0,3.0,29019,M,4838291.0,-451066.0,29
201000026954,10,1,26,1210,1,2,1,1.0,6.0,29019,M,4840127.0,-448402.0,29
201000026955,10,1,27,1700,1,2,1,8.0,3.0,29019,M,4838801.0,-452841.0,29
201000026956,10,1,29,805,5,2,1,1.0,6.0,29019,M,4840510.0,-451016.0,29
201000026957,10,1,28,1210,1,2,1,1.0,6.0,29019,M,4841233.0,-449019.0,29
201000026958,10,1,29,1730,1,2,1,1.0,6.0,29019,M,4839335.0,-444519.0,29
201000026959,10,1,29,2220,5,2,1,1.0,6.0,29019,M,4840068.0,-449974.0,29
201000026960,10,1,31,252,3,2,4,1.0,7.0,29019,M,4840239.0,-445666.0,29
201000026961,10,2,10,1325,1,2,6,1.0,4.0,29019,M,4840933.0,-448290.0,29
201000026962,10,2,11,1220,1,2,2,1.0,3.0,29019,M,4841629.0,-446814.0,29
201000026963,10,2,14,205,5,2,1,1.0,1.0,29019,M,4838255.0,-448948.0,29
201000026964,10,2,18,1205,1,2,1,1.0,3.0,29019,M,4838324.0,-453128.0,29
201000026965,10,2,21,621,5,2,3,3.0,6.0,29019,M,4840900.0,-445745.0,29
201000026966,10,2,26,1225,1,2,5,1.0,3.0,29019,M,4839654.0,-447525.0,29