Num_Acc,an,mois,jour,hrmn,lum,agg,int,atm,col,com,gps,lat,long,dep
201000026967,10,3,5,1915,2,2,1,1.0,2.0,29019,M,4841322.0,-449122.0,29
201000026968,10,3,6,1545,1,2,3,1.0,3.0,29019,M,4840362.0,-447230.0,29
201000026969,10,3,7,2134,5,2,2,1.0,3.0,29019,M,4841322.0,-449124.0,29
201000026970,10,3,8,1155,1,2,2,1.0,3.0,29019,M,4838557.0,-451655.0,29
201000026971,10,3,9,1730,1,2,1,1.0,3.0,29019,M,4841859.0,-446063.0,29
201000026972,10,3,10,1405,1,2,2,9.0,3.0,29019,M,4838425.0,-450249.0,29
201000026973,10,3,10,1610,1,2,6,1.0,2.0,29019,M,4842503.0,-448255.0,29
201000026974,10,3,18,730,2,2,2,1.0,3.0,29019,M,4840820.0,-448710.0,29
201000026975,10,3,20,1525,1,2,1,1.0,6.0,29019,M,4839710.0,-448341.0,29
201000026976,10,3,21,1645,1,2,1,1.0,6.0,29019,M,4839320.0,-451971.0,29
201000026977,10,3,25,855,1,2,1,1.0,2.0,29019,M,4841926.0,-448847.0,29
201000026978,10,3,26,1920,1,2,1,1.0,1.0,29019,M,4839271.0,-451304.0,29
201000026979,10,3,30,1850,1,2,1,1.0,6.0,29019,M,4839301.0,-448442.0,29
201000026980,10,4,3,2350,5,2,3,1.0,3.0,29019,M,4840112.0,-448900.0,29
201000026981,10,4,9,1300,1,2,3,1.0,3.0,29019,M,4839175.0,-449590.0,29
201000026982,10,4,13,900,1,2,1,1.0,6.0,29019,M,4841560.0,-448949.0,29
201000026983,10,4,15,1345,1,2,1,1.0,6.0,29019,M,4841322.0,-449122.0,29
201000026984,10,4,17,1540,1,2,2,9.0,2.0,29019,M,4837969.0,-453494.0,29
201000026985,10,4,18,1400,1,2,1,1.0,6.0,29019,M,4840510.0,-451016.0,29
201000026986,10,4,20,1710,1,1,1,1.0,3.0,29019,M,4837421.0,-455862.0,29
201000026987,10,4,20,2230,5,2,1,1.0,6.0,29019,M,4840567.0,-448471.0,29
201000026988,10,4,25,1830,1,2,1,1.0,4.0,29019,M,4841472.0,-447949.0,29
201000026989,10,4,25,1940,1,2,1,1.0,4.0,29019,M,4841471.0,-447946.0,29
201000026990,10,4,27,755,1,2,1,1.0,6.0,29019,M,4842063.0,-449255.0,29
201000026991,10,4,28,1133,1,2,2,1.0,3.0,29019,M,4839002.0,-448952.0,29
201000026992,10,4,28,1600,1,2,6,1.0,3.0,29019,M,4839322.0,-451976.0,29
201000026993,10,4,29,2122,1,2,2,1.0,6.0,29019,M,4838681.0,-448446.0,29
201000026994,10,5,3,1440,1,2,2,1.0,3.0,29019,M,4839636.0,-446949.0,29
201000026995,10,5,7,1115,1,2,6,2.0,3.0,29019,M,4840196.0,-450242.0,29
201000026996,10,5,8,1810,1,2,2,1.0,3.0,29019,M,4837381.0,-453487.0,29
201000026997,10,5,6,1815,1,2,1,1.0,6.0,29019,M,4842039.0,-449186.0,29
201000026998,10,5,10,1130,1,2,1,1.0,6.0,29019,M,4840195.0,-450241.0,29
201000026999,10,5,14,1100,1,2,1,2.0,6.0,29019,M,4838888.0,-450990.0,29
201000027000,10,5,18,740,1,2,1,1.0,2.0,29019,M,4841008.0,-451428.0,29
201000027001,10,5,19,16,3,2,1,1.0,6.0,29019,M,4838253.0,-448944.0,29
201000027002,10,5,22,1150,1,2,1,1.0,2.0,29019,M,4841443.0,-449191.0,29
201000027003,10,5,21,1800,1,2,2,1.0,3.0,29019,M,4840366.0,-448047.0,29
201000027004,10,5,23,1430,1,2,6,1.0,3.0,29019,M,4840528.0,-447805.0,29
201000027005,10,5,25,1535,1,2,1,1.0,6.0,29019,M,4840252.0,-446703.0,29
201000027006,10,5,25,1645,1,2,1,1.0,3.0,29019,M,4841591.0,-447166.0,29
201000027007,10,5,26,1200,1,1,6,1.0,3.0,29019,M,4839067.0,-453756.0,29
201000027008,10,5,30,1215,1,2,1,1.0,1.0,29019,M,4840603.0,-451576.0,29
201000027009,10,5,31,1725,1,2,1,1.0,6.0,29019,M,4840956.0,-449940.0,29
201000027010,10,6,6,48,5,2,2,1.0,3.0,29019,M,4840748.0,-448505.0,29
201000027011,10,6,9,1515,1,2,1,1.0,2.0,29019,M,4836150.0,-455795.0,29
201000027012,10,6,10,1755,1,2,1,3.0,2.0,29019,M,4838897.0,-452291.0,29
201000027013,10,6,10,1800,1,2,1,3.0,3.0,29019,M,4841056.0,-449322.0,29
201000027014,10,6,11,1020,1,2,3,1.0,6.0,29019,M,4838638.0,-447973.0,29
201000027015,10,6,11,1215,1,2,1,1.0,2.0,29019,M,4839477.0,-449284.0,29
201000027016,10,6,14,1010,1,2,1,1.0,3.0,29019,M,4841547.0,-449212.0,29
201000027017,10,6,14,1120,1,2,1,1.0,6.0,29019,M,4840057.0,-447017.0,29
201000027018,10,6,20,740,1,2,1,1.0,6.0,29019,M,4841064.0,-448611.0,29
201000027019,10,6,20,2250,3,2,1,1.0,1.0,29019,M,4837324.0,-456138.0,29
201000027020,10,6,21,850,1,2,1,7.0,1.0,29019,M,4840076.0,-450016.0,29
201000027021,10,6,25,1155,1,2,2,1.0,6.0,29019,M,4839274.0,-448229.0,29
201000027022,10,6,28,1650,1,2,6,1.0,6.0,29019,M,4839314.0,-447917.0,29
201000027023,10,7,1,835,1,2,2,1.0,3.0,29019,M,4838936.0,-450864.0,29
201000027024,10,7,7,820,1,2,9,1.0,2.0,29019,M,4839707.0,-451711.0,29
201000027025,10,7,10,1025,1,2,1,1.0,6.0,29019,M,4840730.0,-449244.0,29
201000027026,10,7,11,239,5,2,1,1.0,6.0,29019,M,,,29
201000027027,10,7,10,1515,1,2,2,1.0,3.0,29019,M,4841895.0,-445236.0,29
201000027028,10,7,10,1130,1,2,9,1.0,6.0,29019,M,4839964.0,-447026.0,29
201000027029,10,7,16,1355,1,2,2,2.0,6.0,29019,M,4838968.0,-449041.0,29
201000027030,10,7,16,2235,5,2,2,1.0,3.0,29019,M,4839147.0,-453434.0,29
201000027031,10,7,19,1615,1,2,3,1.0,5.0,29019,M,4844915.0,-450353.0,29
201000027032,10,7,20,1536,1,2,1,2.0,3.0,29019,M,4841851.0,-446244.0,29
201000027033,10,7,21,2155,1,2,3,9.0,3.0,29019,M,4840225.0,-448253.0,29
201000027034,10,7,22,1835,1,2,1,1.0,6.0,29019,M,4838228.0,-454287.0,29
201000027035,10,7,23,1030,1,2,6,1.0,2.0,29019,M,4838637.0,-452834.0,29
201000027036,10,7,24,1155,1,2,1,1.0,6.0,29019,M,4838487.0,-448171.0,29
201000027037,10,7,24,1825,1,2,1,2.0,6.0,29019,M,4840395.0,-447994.0,29
201000027038,10,8,2,1735,1,2,1,1.0,5.0,29019,M,4839281.0,-450003.0,29
201000027039,10,8,5,1205,1,2,1,1.0,3.0,29019,M,4841823.0,-446795.0,29
201000027040,10,8,10,1230,1,2,1,1.0,1.0,29019,M,4840429.0,-447584.0,29
201000027041,10,8,16,1650,1,2,6,1.0,3.0,29019,M,4837800.0,-454520.0,29
201000027042,10,8,17,920,1,2,2,2.0,6.0,29019,M,4839667.0,-448253.0,29
201000027043,10,8,30,1348,1,2,1,1.0,6.0,29019,M,4839935.0,-447214.0,29
201000027044,10,8,30,1000,1,2,1,1.0,6.0,29019,M,4840443.0,-450924.0,29
201000027045,10,9,8,1920,1,2,1,1.0,3.0,29019,M,4837800.0,-452626.0,29
201000027046,10,9,6,1732,1,2,1,1.0,3.0,29019,M,4839866.0,-447159.0,29
201000027047,10,9,15,800,1,2,1,2.0,2.0,29019,M,4838937.0,-448442.0,29
201000027048,10,9,15,1555,1,2,1,1.0,2.0,29019,M,4841316.0,-449616.0,29
201000027049,10,9,17,805,1,2,1,1.0,3.0,29019,M,4840185.0,-448896.0,29
201000027050,10,9,17,1615,1,2,1,1.0,6.0,29019,M,4838424.0,-453666.0,29
201000027051,10,9,17,1935,1,2,1,1.0,6.0,29019,M,4838721.0,-448787.0,29
201000027052,10,9,23,1300,1,2,1,1.0,6.0,29019,M,4840309.0,-449800.0,29
201000027053,10,9,24,2010,2,2,6,1.0,6.0,29019,M,4840453.0,-449645.0,29
201000027054,10,9,25,1335,1,2,1,9.0,3.0,29019,M,4839596.0,-447599.0,29
201000027055,10,9,28,755,2,2,3,1.0,3.0,29019,M,4841873.0,-449545.0,29
201000027056,10,9,28,1740,1,2,3,1.0,3.0,29019,M,4840572.0,-447872.0,29
201000027057,10,9,28,1740,1,2,3,1.0,3.0,29019,M,4840024.0,-450502.0,29
201000027058,10,10,1,1530,1,2,1,3.0,2.0,29019,M,4843364.0,-449990.0,29
201000027059,10,10,2,915,1,2,2,1.0,3.0,29019,M,4841342.0,-448668.0,29
201000027060,10,10,2,1440,1,2,5,1.0,3.0,29019,M,4840060.0,-448287.0,29
201000027061,10,10,3,144,5,2,1,1.0,6.0,29019,M,4839952.0,-448643.0,29
201000027062,10,10,3,340,5,2,1,3.0,6.0,29019,M,4840057.0,-447017.0,29
201000027063,10,10,4,1215,1,2,3,1.0,6.0,29019,M,4839740.0,-448286.0,29
201000027064,10,10,4,1610,1,2,2,1.0,6.0,29019,M,4838302.0,-450889.0,29
201000027065,10,10,4,1610,1,2,1,1.0,3.0,29019,M,4838255.0,-453618.0,29
201000027066,10,10,4,1715,1,2,9,1.0,3.0,29019,M,4841505.0,-447949.0,29
201000027067,10,10,4,1820,1,2,6,1.0,6.0,29019,M,4840041.0,-449873.0,29
201000027068,10,10,6,925,1,2,9,1.0,6.0,29019,M,4840196.0,-448912.0,29
201000027069,10,10,6,1820,1,2,3,1.0,2.0,29019,M,4837266.0,-452873.0,29
201000027070,10,10,6,1810,1,2,2,1.0,2.0,29019,M,4840389.0,-449719.0,29
201000027071,10,10,8,820,2,2,1,1.0,2.0,29019,M,4839408.0,-449364.0,29
201000027072,10,10,10,1350,1,2,1,1.0,6.0,29019,M,4839687.0,-451463.0,29
201000027073,10,10,10,2340,5,2,1,9.0,6.0,29019,M,4839687.0,-451463.0,29
201000027074,10,10,12,1325,1,2,2,1.0,3.0,29019,M,4839876.0,-446046.0,29
201000027075,10,10,13,1010,1,2,1,1.0,5.0,29019,M,4839024.0,-448622.0,29
201000027076,10,10,13,1810,1,2,1,1.0,2.0,29019,M,4838393.0,-448409.0,29
201000027077,10,10,15,1140,1,2,1,1.0,6.0,29019,M,4839077.0,-450422.0,29
201000027078,10,10,18,745,3,2,3,1.0,6.0,29019,M,4838368.0,-449990.0,29
201000027079,10,10,21,755,5,2,1,1.0,6.0,29019,M,4842298.0,-448606.0,29
201000027080,10,10,27,1820,1,2,1,1.0,6.0,29019,M,4841400.0,-449146.0,29
201000027081,10,10,28,1300,1,2,1,1.0,6.0,29019,M,4841752.0,-448453.0,29
201000027082,10,11,3,1300,1,2,1,1.0,6.0,29019,M,,,29
201000027083,10,11,4,1400,1,2,2,1.0,3.0,29019,M,,,29
201000027084,10,11,6,920,1,2,1,1.0,6.0,29019,M,,,29
201000027085,10,11,7,1755,1,2,1,9.0,7.0,29019,M,,,29
201000027086,10,11,8,1520,1,2,1,1.0,2.0,29019,M,,,29
201000027087,10,11,13,1133,1,2,2,2.0,6.0,29019,M,,,29
201000027088,10,11,15,800,2,2,1,8.0,6.0,29019,M,,,29
201000027089,10,11,15,1955,5,2,1,1.0,6.0,29019,M,,,29
201000027090,10,11,17,2250,5,2,2,2.0,3.0,29019,M,4839907.0,-445895.0,29
201000027091,10,11,19,1935,5,2,2,2.0,6.0,29019,M,4839204.0,-449480.0,29
201000027092,10,11,23,1355,1,2,3,1.0,3.0,29019,M,4839430.0,-451942.0,29
201000027093,10,11,24,1735,2,2,3,2.0,6.0,29019,M,4841383.0,-447617.0,29
201000027094,10,11,24,1805,1,2,1,2.0,6.0,29019,M,4838291.0,-452755.0,29
201000027095,10,11,25,1930,5,2,1,2.0,5.0,29019,M,4839644.0,-448465.0,29
201000027096,10,11,26,915,1,2,1,1.0,6.0,29019,M,4842271.0,-448619.0,29
201000027097,10,11,27,1725,1,2,1,1.0,6.0,29019,M,4839755.0,-448272.0,29
201000027098,10,11,28,400,3,2,1,4.0,6.0,29019,M,4841028.0,-446319.0,29
201000027099,10,12,1,1050,1,2,1,4.0,6.0,29019,M,4838398.0,-451462.0,29
201000027100,10,12,5,1940,5,2,1,1.0,2.0,29019,M,4838398.0,-451462.0,29
201000027101,10,12,6,1800,1,2,2,1.0,2.0,29019,M,4838398.0,-451462.0,29
201000027102,10,12,7,1430,1,2,9,1.0,1.0,29019,M,4840239.0,-446436.0,29
201000027103,10,12,8,714,3,2,2,8.0,6.0,29019,M,4842582.0,-447743.0,29
201000027104,10,12,9,1915,5,2,9,1.0,6.0,29019,M,4838425.0,-450144.0,29
201000027105,10,12,11,1020,1,2,1,1.0,2.0,29019,M,4842158.0,-448656.0,29
201000027106,10,12,14,945,1,2,6,1.0,3.0,29019,M,4842240.0,-446359.0,29
201000027107,10,12,14,1800,4,2,1,1.0,6.0,29019,M,4839539.0,-447707.0,29
201000027108,10,12,14,2145,5,2,1,9.0,7.0,29019,M,4841575.0,-447365.0,29
201000027109,10,12,15,730,5,2,6,2.0,3.0,29019,M,4839340.0,-444529.0,29
201000027110,10,12,16,2035,3,1,2,2.0,3.0,29019,M,4839803.0,-447319.0,29
201000027111,10,12,17,1900,5,2,1,2.0,5.0,29019,M,4840076.0,-450016.0,29
201000027112,10,12,20,845,2,2,6,2.0,6.0,29019,M,4840266.0,-446733.0,29
201000027113,10,12,20,1940,5,2,1,2.0,6.0,29019,M,4838727.0,-454024.0,29
201000027114,10,12,21,1920,5,2,3,1.0,3.0,29019,M,4840223.0,-446253.0,29
201000027115,10,12,23,1903,5,2,1,2.0,6.0,29019,M,4842606.0,-447765.0,29
201000027116,10,12,24,1545,1,2,4,1.0,6.0,29019,M,4838634.0,-448504.0,29
201000027117,10,12,28,1125,1,2,2,2.0,5.0,29019,M,4841246.0,-449066.0,29
201000027118,10,12,18,840,1,1,1,8.0,7.0,40001,M,0.0,0.0,40
201000027119,10,1,27,1220,1,2,1,1.0,3.0,29039,M,4787748.0,-391415.0,29
201000027120,10,2,3,1330,1,2,2,1.0,3.0,29039,M,4788139.0,-391008.0,29
201000027121,10,2,19,1425,1,1,1,1.0,2.0,29039,M,4787618.0,-387884.0,29
201000027122,10,2,20,855,1,2,1,9.0,7.0,29039,M,4790540.0,-390925.0,29
201000027123,10,2,24,1655,1,2,1,8.0,3.0,29039,M,4788967.0,-391689.0,29
201000027124,10,2,26,1930,5,2,1,1.0,1.0,29039,M,4788487.0,-392010.0,29
201000027125,10,3,9,2355,5,2,1,1.0,6.0,29039,M,4787569.0,-392917.0,29
201000027126,10,3,19,1725,1,1,1,1.0,7.0,29039,M,4788313.0,-388199.0,29
201000027127,10,4,8,1910,1,1,3,1.0,2.0,29039,M,4787027.0,-390687.0,29
201000027128,10,4,15,1905,1,2,1,1.0,1.0,29039,M,4787011.0,-392198.0,29
201000027129,10,4,17,1515,1,2,1,7.0,7.0,29039,M,4787392.0,-391836.0,29
201000027130,10,4,21,1440,1,2,1,1.0,7.0,29039,M,4787794.0,-393020.0,29
201000027131,10,5,4,2000,1,2,3,1.0,3.0,29039,M,4789345.0,-390441.0,29
201000027132,10,5,19,105,5,2,1,1.0,1.0,29039,M,4787101.0,-391809.0,29
201000027133,10,5,21,1615,1,2,6,1.0,3.0,29039,M,4787637.0,-392262.0,29
201000027134,10,5,25,1627,1,2,6,1.0,3.0,29039,M,4787708.0,-390936.0,29
201000027135,10,5,16,1450,1,2,3,1.0,3.0,29039,M,4788155.0,-392236.0,29
201000027136,10,5,30,1450,1,2,6,1.0,3.0,29039,M,4788273.0,-391837.0,29
201000027137,10,6,17,1520,1,2,1,1.0,6.0,29039,M,4787682.0,-391574.0,29
201000027138,10,6,17,1830,1,1,1,1.0,7.0,29039,M,4792573.0,-389597.0,29
201000027139,10,6,20,1750,1,1,1,1.0,7.0,29039,M,4791674.0,-393257.0,29
201000027140,10,6,26,455,3,2,1,1.0,7.0,29039,M,4788804.0,-390846.0,29
201000027141,10,6,30,1615,1,2,6,1.0,7.0,29039,M,4788254.0,-392380.0,29
201000027142,10,7,3,1820,1,2,1,1.0,3.0,29039,M,4787676.0,-393026.0,29
201000027143,10,7,6,1115,1,2,2,1.0,3.0,29039,M,4787855.0,-391312.0,29
201000027144,10,7,16,825,1,1,3,1.0,3.0,29039,M,4787327.0,-385476.0,29
201000027145,10,7,18,1530,1,2,6,1.0,7.0,29039,M,4786245.0,-388900.0,29
201000027146,10,7,21,1845,1,2,1,1.0,4.0,29039,M,4789796.0,-391204.0,29
201000027147,10,7,26,1720,1,2,3,1.0,2.0,29039,M,4787589.0,-389163.0,29
201000027148,10,8,4,1930,1,2,1,1.0,3.0,29039,M,4788863.0,-390786.0,29
201000027149,10,8,10,2040,1,1,1,1.0,7.0,29039,M,4792135.0,-390069.0,29
201000027150,10,8,13,1520,1,2,1,1.0,6.0,29039,M,4787460.0,-391871.0,29
201000027151,10,8,17,30,5,2,1,1.0,6.0,29039,M,4787502.0,-392686.0,29
201000027152,10,8,19,1935,1,2,1,1.0,3.0,29039,M,4787775.0,-391370.0,29
201000027153,10,8,27,1555,1,2,3,1.0,7.0,29039,M,4787410.0,-390362.0,29
201000027154,10,8,27,2050,1,1,1,1.0,6.0,29039,M,4787186.0,-391734.0,29
201000027155,10,9,1,1430,1,2,1,1.0,2.0,29039,M,4787591.0,-391424.0,29
201000027156,10,9,2,825,1,1,1,1.0,6.0,29039,M,4792607.0,-389719.0,29
201000027157,10,9,21,1900,1,2,1,1.0,6.0,29039,M,4787383.0,-391951.0,29
201000027158,10,9,22,1002,1,1,1,8.0,5.0,29039,M,4792104.0,-391122.0,29
201000027159,10,9,22,1740,1,2,1,1.0,3.0,29039,M,4787043.0,-391653.0,29
201000027160,10,9,23,1745,1,2,1,1.0,7.0,29039,M,4789084.0,-392681.0,29
201000027161,10,10,13,1533,1,2,1,1.0,6.0,29039,M,4787604.0,-391679.0,29
201000027162,10,10,5,845,1,2,1,3.0,7.0,29039,M,4788963.0,-392107.0,29
201000027163,10,11,14,1550,1,1,1,1.0,6.0,29039,M,4793792.0,-391433.0,29
201000027164,10,11,22,1325,1,2,1,1.0,7.0,29039,M,4790754.0,-390524.0,29
201000027165,10,11,23,1335,1,2,1,1.0,3.0,29039,M,4787603.0,-391918.0,29
201000027166,10,11,26,1545,1,2,1,1.0,2.0,29039,M,4787147.0,-391847.0,29
201000027167,10,11,26,1820,3,1,1,1.0,6.0,29039,M,4787928.0,-386408.0,29
201000027168,10,11,27,1740,2,2,1,1.0,7.0,29039,M,4787347.0,-391813.0,29
201000027169,10,12,5,2040,3,1,1,8.0,7.0,29039,M,4791026.0,-390414.0,29
201000027170,10,12,11,1100,1,2,1,1.0,6.0,29039,M,4787082.0,-391889.0,29
201000027171,10,12,11,1450,1,1,1,1.0,2.0,29039,M,4786923.0,-389524.0,29
201000027172,10,12,18,1446,1,2,1,1.0,2.0,29039,M,4787900.0,-390339.0,29
201000027173,10,12,21,658,3,1,1,9.0,7.0,29039,M,4787834.0,-387939.0,29
201000027174,10,12,29,1600,1,2,1,2.0,5.0,29039,M,4788924.0,-391781.0,29
201000027175,10,1,4,850,1,2,6,8.0,6.0,29254,M,4857578.0,-384843.0,29
201000027176,10,1,11,1800,3,1,1,4.0,7.0,29151,M,,,29
201000027177,10,1,14,1725,2,1,1,1.0,7.0,29151,M,4858677.0,-384891.0,29
201000027178,10,1,22,1900,5,2,1,1.0,6.0,29254,M,4857706.0,-382617.0,29
201000027179,10,1,22,1945,2,1,1,1.0,7.0,29151,M,,,29
201000027180,10,1,31,2345,5,2,1,4.0,7.0,29254,M,4857714.0,-385551.0,29
201000027181,10,2,4,2210,5,2,1,2.0,6.0,29151,M,4857885.0,-383823.0,29
201000027182,10,2,5,1050,1,1,1,1.0,7.0,29151,M,4859007.0,-383835.0,29
201000027183,10,2,16,1604,1,2,1,1.0,6.0,29151,M,4857990.0,-383055.0,29
201000027184,10,2,17,1235,1,2,1,1.0,6.0,29151,M,4858576.0,-381864.0,29
201000027185,10,2,19,1135,1,1,1,8.0,3.0,29151,M,4858999.0,-383152.0,29
201000027186,10,2,20,1500,1,2,6,2.0,7.0,29254,M,4857573.0,-385682.0,29
201000027187,10,2,23,1720,1,2,1,8.0,1.0,29151,M,4857798.0,-380933.0,29
201000027188,10,2,27,1355,1,2,1,1.0,6.0,29151,M,4858252.0,-382784.0,29
201000027189,10,3,21,1855,1,2,2,1.0,3.0,29151,M,4858978.0,-383293.0,29
201000027190,10,4,3,1040,1,2,3,8.0,3.0,29151,M,4859222.0,-382913.0,29
201000027191,10,4,11,735,1,1,1,1.0,6.0,29254,M,4856758.0,-385634.0,29
201000027192,10,4,14,1755,1,2,1,1.0,7.0,29151,M,4859117.0,-382706.0,29
201000027193,10,4,9,1825,1,2,1,1.0,7.0,29151,M,4858457.0,-383625.0,29
201000027194,10,5,17,1725,1,2,1,1.0,6.0,29151,M,4857618.0,-382941.0,29
201000027195,10,5,25,2145,5,2,1,3.0,7.0,29254,M,4858655.0,-383762.0,29
201000027196,10,5,29,1645,1,2,9,2.0,6.0,29254,M,4857383.0,-385037.0,29
201000027197,10,5,30,50,5,2,1,2.0,6.0,29151,M,4861772.0,-381034.0,29
201000027198,10,6,3,1507,1,2,1,1.0,3.0,29151,M,4858788.0,-381788.0,29
201000027199,10,6,7,1837,1,2,1,1.0,2.0,29254,M,4857582.0,-385151.0,29
201000027200,10,6,10,1300,1,1,1,2.0,6.0,29151,M,4859224.0,-383091.0,29
201000027201,10,6,15,1729,1,2,1,1.0,3.0,29254,M,4856181.0,-384969.0,29
201000027202,10,6,24,1300,1,2,1,1.0,1.0,29151,M,4857481.0,-383114.0,29
201000027203,10,6,24,2040,1,2,1,1.0,3.0,29254,M,4857284.0,-385605.0,29
201000027204,10,7,12,945,2,2,9,2.0,7.0,29151,M,4857942.0,-383985.0,29
201000027205,10,7,16,1700,1,2,1,2.0,3.0,29151,M,4857687.0,-383747.0,29
201000027206,10,7,18,1105,1,2,1,1.0,7.0,29151,M,4857629.0,-382846.0,29
201000027207,10,7,16,1046,1,2,2,2.0,3.0,29151,M,4856695.0,-382564.0,29
201000027208,10,7,23,650,2,1,1,1.0,7.0,29151,M,4860841.0,-384785.0,29
201000027209,10,7,27,1820,1,2,1,1.0,2.0,29151,M,4857702.0,-383384.0,29
201000027210,10,8,2,2330,3,1,1,1.0,7.0,29254,M,,,29
201000027211,10,8,3,2130,5,2,1,1.0,2.0,29151,M,4858275.0,-383294.0,29
201000027212,10,8,26,1430,1,1,6,2.0,6.0,29254,M,,,29
201000027213,10,9,14,1205,1,1,3,1.0,3.0,29151,M,4859132.0,-383131.0,29
201000027214,10,11,9,730,5,2,1,3.0,3.0,29151,M,4858003.0,-381048.0,29
201000027215,10,11,17,1610,1,1,1,2.0,5.0,29151,M,,,29
201000027216,10,11,26,1900,5,2,1,8.0,6.0,29254,M,4857559.0,-385220.0,29
201000027217,10,11,27,1820,5,2,9,4.0,6.0,29151,M,4857743.0,-382870.0,29
201000027218,10,12,13,115,3,1,1,2.0,6.0,29151,M,4858940.0,-384430.0,29
201000027219,10,12,18,1855,3,1,1,4.0,7.0,29151,M,4858336.0,-380650.0,29
201000027220,10,12,13,700,3,1,1,1.0,1.0,57428,M,0.0,0.0,57
201000027221,10,1,11,1945,5,2,1,1.0,6.0,29232,M,4799773.0,-410558.0,29
201000027222,10,1,11,1510,1,2,1,1.0,2.0,29232,M,4797622.0,-406839.0,29
201000027223,10,1,12,1950,5,2,1,2.0,3.0,29232,M,4798009.0,-409844.0,29
201000027224,10,1,15,1752,1,2,1,1.0,3.0,29232,M,4800268.0,-407578.0,29
201000027225,10,1,21,830,2,2,1,1.0,7.0,29232,M,4800343.0,-409687.0,29
201000027226,10,1,29,1005,1,1,1,1.0,2.0,29051,M,4799232.0,-402372.0,29
201000027227,10,2,8,1725,1,2,1,1.0,6.0,29232,M,4798378.0,-407326.0,29
201000027228,10,2,9,533,3,2,6,1.0,3.0,29232,M,4800809.0,-411911.0,29
201000027229,10,2,20,1450,1,2,1,1.0,2.0,29232,M,4801085.0,-410070.0,29
201000027230,10,3,5,1700,1,2,5,1.0,3.0,29232,M,4798211.0,-407182.0,29
201000027231,10,3,6,2300,5,2,1,1.0,6.0,29232,M,4797900.0,-412146.0,29
201000027232,10,3,6,1945,1,2,2,1.0,2.0,29232,M,4800223.0,-409430.0,29
201000027233,10,3,7,1054,1,2,1,1.0,1.0,29232,M,4798352.0,-412054.0,29
201000027234,10,3,9,1340,1,2,2,1.0,3.0,29232,M,4799491.0,-409669.0,29
201000027235,10,3,27,2300,3,2,1,1.0,6.0,29232,M,4797771.0,-407017.0,29
201000027236,10,3,29,1655,1,2,2,1.0,3.0,29232,M,4799762.0,-410961.0,29
201000027237,10,3,30,1110,1,2,1,1.0,4.0,29232,M,4797984.0,-408824.0,29
201000027238,10,4,1,750,2,2,6,1.0,6.0,29232,M,4799207.0,-411928.0,29
201000027239,10,4,1,1740,1,2,1,1.0,6.0,29232,M,4799944.0,-410241.0,29
201000027240,10,4,3,1635,1,2,6,8.0,2.0,29232,M,4799702.0,-411776.0,29
201000027241,10,4,17,555,3,1,6,1.0,3.0,29232,M,4800968.0,-412000.0,29
201000027242,10,4,20,1935,1,2,2,1.0,3.0,29232,M,4797556.0,-413240.0,29
201000027243,10,4,20,2118,1,1,1,1.0,6.0,29232,M,4798211.0,-412833.0,29
201000027244,10,4,21,1905,1,1,3,1.0,3.0,29051,M,4799455.0,-407166.0,29
201000027245,10,4,25,230,5,2,1,2.0,6.0,29232,M,4797640.0,-409272.0,29
201000027246,10,4,25,2208,3,1,1,1.0,7.0,29051,M,4802598.0,-403135.0,29
201000027247,10,4,28,145,5,2,2,1.0,3.0,29232,M,4799330.0,-409355.0,29
201000027248,10,4,29,1955,1,1,1,1.0,1.0,29051,M,4799429.0,-405262.0,29
201000027249,10,4,30,1400,1,2,1,1.0,6.0,29232,M,4800457.0,-409209.0,29
201000027250,10,5,2,844,1,1,1,1.0,6.0,29232,M,4801278.0,-407301.0,29
201000027251,10,5,6,10,3,1,1,1.0,6.0,29232,M,4796863.0,-406261.0,29
201000027252,10,5,8,1130,1,1,3,1.0,3.0,29232,M,4803291.0,-410904.0,29
201000027253,10,5,13,45,3,1,6,1.0,7.0,29232,M,4797895.0,-401562.0,29
201000027254,10,5,13,203,5,2,6,1.0,7.0,29232,M,4799498.0,-407323.0,29
201000027255,10,5,14,1535,1,2,1,2.0,7.0,29232,M,4800232.0,-411349.0,29
201000027256,10,5,17,1020,1,1,3,1.0,3.0,29232,M,4797596.0,-409248.0,29
201000027257,10,5,18,1705,1,1,1,1.0,6.0,29232,M,4801431.0,-408052.0,29