Num_Acc,an,mois,jour,hrmn,lum,agg,int,atm,col,com,gps,lat,long,dep
201000027258,10,5,19,1830,1,2,1,1.0,2.0,29232,M,4799762.0,-413272.0,29
201000027259,10,5,21,1315,1,1,3,1.0,2.0,29051,M,4799444.0,-405159.0,29
201000027260,10,5,21,1735,1,2,1,1.0,2.0,29232,M,4800265.0,-408114.0,29
201000027261,10,5,23,2100,1,2,1,1.0,7.0,29232,M,4797971.0,-409706.0,29
201000027262,10,5,24,1330,1,1,1,1.0,1.0,29232,M,4795905.0,-405063.0,29
201000027263,10,5,25,1615,1,2,1,1.0,6.0,29232,M,4799093.0,-410401.0,29
201000027264,10,5,29,1920,1,2,1,2.0,6.0,29232,M,4798731.0,-407431.0,29
201000027265,10,5,30,49,5,2,1,1.0,6.0,29232,M,4798387.0,-411671.0,29
201000027266,10,5,30,1900,1,2,6,2.0,3.0,29232,M,4798354.0,-410409.0,29
201000027267,10,6,3,1503,1,2,3,1.0,3.0,29232,M,4797564.0,-406762.0,29
201000027268,10,6,4,1640,1,1,1,1.0,7.0,29051,M,4801117.0,-405352.0,29
201000027269,10,6,10,1055,1,1,1,1.0,6.0,29232,M,4801694.0,-408052.0,29
201000027270,10,6,10,1645,1,1,1,3.0,2.0,29232,M,4797997.0,-408683.0,29
201000027271,10,6,12,310,5,2,2,1.0,6.0,29232,M,4799543.0,-409620.0,29
201000027272,10,6,14,1200,1,2,1,2.0,6.0,29232,M,4799621.0,-409987.0,29
201000027273,10,6,16,2120,1,2,1,1.0,6.0,29232,M,4797485.0,-409315.0,29
201000027274,10,6,19,1635,1,1,1,1.0,6.0,29051,M,4799432.0,-406976.0,29
201000027275,10,6,22,315,5,1,1,1.0,6.0,29232,M,4798750.0,-406091.0,29
201000027276,10,6,22,926,1,2,1,1.0,6.0,29232,M,4798770.0,-411986.0,29
201000027277,10,6,22,1945,1,1,1,1.0,7.0,29232,M,4800999.0,-406760.0,29
201000027278,10,6,24,1930,1,1,1,1.0,7.0,29232,M,4795206.0,-407485.0,29
201000027279,10,6,28,1610,1,1,1,1.0,6.0,29232,M,4802030.0,-408236.0,29
201000027280,10,7,6,2143,1,2,6,1.0,3.0,29232,M,4801331.0,-407829.0,29
201000027281,10,7,8,1707,1,2,4,1.0,2.0,29232,M,4798836.0,-408705.0,29
201000027282,10,7,11,1735,1,1,1,1.0,7.0,29232,M,4804695.0,-406922.0,29
201000027283,10,7,15,1510,1,2,1,1.0,6.0,29232,M,4801750.0,-408320.0,29
201000027284,10,7,16,1115,1,2,1,8.0,2.0,29232,M,4797801.0,-410421.0,29
201000027285,10,7,17,1230,1,1,1,1.0,2.0,29232,M,4802483.0,-408627.0,29
201000027286,10,7,18,1820,1,1,1,1.0,7.0,29051,M,4799421.0,-405415.0,29
201000027287,10,7,20,1750,1,1,1,2.0,5.0,29232,M,4796457.0,-406250.0,29
201000027288,10,7,21,1545,1,1,1,1.0,6.0,29232,M,4801421.0,-407430.0,29
201000027289,10,7,22,1950,1,2,3,1.0,3.0,29232,M,4800361.0,-411604.0,29
201000027290,10,7,23,1612,1,1,1,1.0,6.0,29232,M,4798279.0,-412919.0,29
201000027291,10,7,25,1051,1,2,1,2.0,6.0,29232,M,4800581.0,-409941.0,29
201000027292,10,8,1,610,2,2,3,9.0,2.0,29232,M,4798489.0,-409945.0,29
201000027293,10,8,4,1620,1,2,3,1.0,6.0,29232,M,4804555.0,-407104.0,29
201000027294,10,8,4,2050,1,2,7,1.0,6.0,29232,M,4798850.0,-406648.0,29
201000027295,10,8,5,1315,1,2,1,1.0,6.0,29232,M,4800913.0,-409619.0,29
201000027296,10,8,13,1855,1,1,1,1.0,7.0,29232,M,,,29
201000027297,10,8,15,1930,1,2,1,1.0,7.0,29232,M,4799046.0,-411414.0,29
201000027298,10,8,15,2145,3,2,3,1.0,7.0,29232,M,4797751.0,-409339.0,29
201000027299,10,8,15,2320,5,2,1,1.0,7.0,29232,M,4800254.0,-410030.0,29
201000027300,10,8,17,915,1,2,1,8.0,6.0,29232,M,4800788.0,-409671.0,29
201000027301,10,8,25,750,1,2,6,1.0,3.0,29232,M,4799513.0,-407249.0,29
201000027302,10,8,25,2100,1,1,1,1.0,7.0,29051,M,4799499.0,-405901.0,29
201000027303,10,8,26,1620,1,2,1,2.0,6.0,29232,M,4800410.0,-410942.0,29
201000027304,10,8,28,1655,1,2,1,1.0,2.0,29232,M,4798805.0,-412053.0,29
201000027305,10,9,4,1400,1,2,1,1.0,6.0,29232,M,4799119.0,-410184.0,29
201000027306,10,9,6,1944,1,2,4,1.0,2.0,29232,M,4798988.0,-411866.0,29
201000027307,10,9,7,125,3,1,6,1.0,7.0,29051,M,4799416.0,-406923.0,29
201000027308,10,9,8,2040,1,1,1,1.0,7.0,29051,M,4799770.0,-403678.0,29
201000027309,10,9,14,915,1,1,1,1.0,2.0,29232,M,,,29
201000027310,10,9,15,1245,1,2,3,1.0,2.0,29232,M,4799927.0,-414272.0,29
201000027311,10,9,16,1740,1,2,1,1.0,2.0,29232,M,4797119.0,-406413.0,29
201000027312,10,9,20,1055,1,1,1,1.0,6.0,29232,M,4800767.0,-406412.0,29
201000027313,10,9,23,1250,1,2,1,2.0,6.0,29232,M,4798517.0,-412059.0,29
201000027314,10,9,25,1800,1,2,3,1.0,3.0,29232,M,4799302.0,-409243.0,29
201000027315,10,9,28,1800,1,2,1,1.0,1.0,29232,M,4797298.0,-409636.0,29
201000027316,10,10,2,1835,2,1,1,3.0,7.0,29051,M,4799423.0,-407049.0,29
201000027317,10,10,3,1835,1,2,9,3.0,7.0,29232,M,4798892.0,-407465.0,29
201000027318,10,10,4,1030,1,2,1,1.0,6.0,29232,M,4799365.0,-410626.0,29
201000027319,10,10,6,1755,1,2,6,7.0,6.0,29232,M,4798029.0,-409932.0,29
201000027320,10,10,7,1115,1,2,6,1.0,3.0,29232,M,4797990.0,-412219.0,29
201000027321,10,10,7,1237,1,2,1,1.0,6.0,29232,M,4799321.0,-411915.0,29
201000027322,10,10,11,1710,1,2,6,1.0,3.0,29232,M,4798048.0,-409390.0,29
201000027323,10,10,12,1820,1,2,3,1.0,3.0,29232,M,4797186.0,-408362.0,29
201000027324,10,10,13,1330,1,2,1,1.0,3.0,29232,M,4799487.0,-410346.0,29
201000027325,10,10,14,809,2,2,1,1.0,6.0,29232,M,4799186.0,-411890.0,29
201000027326,10,10,17,1750,1,1,1,1.0,7.0,29232,M,4804158.0,-409182.0,29
201000027327,10,10,19,1335,1,2,1,2.0,7.0,29232,M,4798459.0,-411039.0,29
201000027328,10,10,20,755,3,2,1,1.0,6.0,29232,M,4799256.0,-407936.0,29
201000027329,10,10,20,1540,1,2,1,1.0,6.0,29051,M,4802980.0,-402275.0,29
201000027330,10,10,23,613,2,1,1,9.0,7.0,29051,M,4801117.0,-405352.0,29
201000027331,10,10,25,1745,1,2,1,1.0,3.0,29232,M,4798407.0,-407295.0,29
201000027332,10,10,29,1809,2,2,1,2.0,4.0,29232,M,4797607.0,-406820.0,29
201000027333,10,11,2,1530,1,2,1,1.0,2.0,29232,M,4797745.0,-409337.0,29
201000027334,10,11,3,1100,1,2,3,2.0,3.0,29232,M,4799086.0,-409832.0,29
201000027335,10,11,4,1700,1,2,1,1.0,6.0,29232,M,4799411.0,-410709.0,29
201000027336,10,11,4,1100,1,2,3,9.0,6.0,29232,M,4799373.0,-409948.0,29
201000027337,10,11,8,815,1,1,1,3.0,2.0,29232,M,4798953.0,-411893.0,29
201000027338,10,11,12,1740,1,2,3,1.0,7.0,29232,M,4798095.0,-409659.0,29
201000027339,10,11,12,1900,5,2,1,2.0,7.0,29232,M,4798806.0,-412037.0,29
201000027340,10,11,14,825,1,1,1,1.0,7.0,29232,M,4798012.0,408441.0,29
201000027341,10,11,15,1630,1,2,3,1.0,3.0,29232,M,4797860.0,-412167.0,29
201000027342,10,11,18,2152,1,2,2,1.0,5.0,29232,M,4798812.0,-411176.0,29
201000027343,10,11,23,1230,1,2,1,1.0,6.0,29232,M,4799835.0,-410178.0,29
201000027344,10,11,24,803,2,2,6,1.0,7.0,29232,M,4798881.0,-408477.0,29
201000027345,10,11,25,800,2,1,1,1.0,6.0,29232,M,,,29
201000027346,10,12,1,1655,1,1,1,1.0,1.0,29232,M,4798947.0,-406340.0,29
201000027347,10,12,3,925,1,2,2,4.0,6.0,29232,M,4799519.0,-409726.0,29
201000027348,10,12,5,1000,1,2,3,2.0,3.0,29232,M,4801096.0,-409884.0,29
201000027349,10,12,5,1725,5,2,3,1.0,3.0,29232,M,4801394.0,-408794.0,29
201000027350,10,12,3,2030,5,2,2,9.0,3.0,29232,M,4797580.0,-412083.0,29
201000027351,10,12,11,648,5,2,1,1.0,6.0,29232,M,4798960.0,-408274.0,29
201000027352,10,12,11,2355,5,2,1,1.0,7.0,29232,M,4799900.0,-413466.0,29
201000027353,10,12,12,644,5,2,1,1.0,1.0,29232,M,4799197.0,-408362.0,29
201000027354,10,12,15,1745,3,1,1,1.0,4.0,29232,M,4797899.0,-406391.0,29
201000027355,10,12,17,835,2,1,1,9.0,7.0,29051,M,4799436.0,-405045.0,29
201000027356,10,12,18,530,5,1,1,1.0,2.0,29232,M,4801100.0,-409930.0,29
201000027357,10,12,18,1129,1,1,1,1.0,3.0,29232,M,4801207.0,-407205.0,29
201000027358,10,12,18,2000,5,2,1,1.0,6.0,29232,M,4801510.0,-410710.0,29
201000027359,10,12,20,1825,2,2,3,8.0,7.0,29232,M,4797800.0,-412289.0,29
201000027360,10,12,24,1610,1,1,3,1.0,3.0,29051,M,4799431.0,-405290.0,29
201000027361,10,12,25,1550,1,2,6,1.0,7.0,29232,M,4798837.0,-408696.0,29
201000027362,10,12,27,24,5,2,1,1.0,6.0,29232,M,4801291.0,-409522.0,29
201000027363,10,12,27,900,1,2,6,1.0,6.0,29232,M,4797329.0,-408759.0,29
201000027364,10,1,4,620,5,2,1,2.0,3.0,30007,M,,,30
201000027365,10,1,5,845,1,2,1,2.0,6.0,30007,M,4412242.0,407981.0,30
201000027366,10,1,9,1705,1,2,1,1.0,6.0,30007,M,,,30
201000027367,10,1,11,1230,1,2,1,1.0,4.0,30007,M,,,30
201000027368,10,1,18,920,1,2,1,1.0,2.0,30007,M,,,30
201000027369,10,1,29,1345,1,2,1,1.0,6.0,30007,M,,,30
201000027370,10,1,25,745,1,2,1,1.0,6.0,30243,M,4408911.0,406370.0,30
201000027371,10,1,25,930,1,2,1,1.0,6.0,30007,M,4412766.0,407892.0,30
201000027372,10,2,3,1205,1,2,2,1.0,3.0,30007,M,4412765.0,409649.0,30
201000027373,10,2,10,812,1,2,1,1.0,1.0,30007,M,,,30
201000027374,10,2,13,1710,1,2,1,1.0,6.0,30007,M,,,30
201000027375,10,2,18,2051,5,2,1,1.0,1.0,30007,M,,,30
201000027376,10,2,19,1400,1,2,1,1.0,2.0,30007,M,,,30
201000027377,10,2,23,1740,1,2,1,1.0,7.0,30007,M,4414130.0,408771.0,30
201000027378,10,2,24,1615,1,2,1,1.0,3.0,30007,M,,,30
201000027379,10,2,26,1915,5,2,1,1.0,6.0,30007,M,4412356.0,407671.0,30
201000027380,10,2,28,1306,1,2,1,1.0,6.0,30007,M,,,30
201000027381,10,3,11,820,1,2,1,1.0,7.0,30243,M,,,30
201000027382,10,3,17,1700,1,2,1,1.0,2.0,30007,M,4414025.0,409115.0,30
201000027383,10,3,23,1530,1,2,1,1.0,6.0,30007,M,4414883.0,408277.0,30
201000027384,10,3,25,815,1,2,1,2.0,2.0,30243,M,,,30
201000027385,10,3,25,1020,1,2,1,2.0,2.0,30007,M,4414018.0,410046.0,30
201000027386,10,3,25,1740,1,2,1,2.0,2.0,30007,M,,,30
201000027387,10,3,28,2200,5,2,2,1.0,3.0,30007,M,,,30
201000027388,10,3,31,1725,1,2,6,1.0,3.0,30007,M,,,30
201000027389,10,4,1,1635,1,2,2,1.0,3.0,30007,M,4411315.0,411082.0,30
201000027390,10,4,2,1734,1,2,1,1.0,2.0,30007,M,,,30
201000027391,10,4,3,1905,1,2,1,3.0,4.0,30007,M,4410173.0,408179.0,30
201000027392,10,4,5,2125,5,2,3,1.0,2.0,30007,M,4412977.0,408002.0,30
201000027393,10,4,17,545,3,1,1,1.0,6.0,30243,M,4406253.0,408889.0,30
201000027394,10,4,19,1145,1,2,1,1.0,7.0,30007,M,4412929.0,407810.0,30
201000027395,10,4,8,1521,1,2,2,1.0,3.0,30007,M,4411996.0,410670.0,30
201000027396,10,4,9,904,1,2,1,1.0,1.0,30007,M,,,30
201000027397,10,4,16,1710,1,2,1,1.0,3.0,30007,M,4411295.0,410644.0,30
201000027398,10,4,25,1015,1,2,1,1.0,3.0,30007,M,,,30
201000027399,10,4,25,1740,1,2,1,1.0,2.0,30007,M,4412670.0,407179.0,30
201000027400,10,4,26,2325,5,2,1,1.0,6.0,30243,M,,,30
201000027401,10,4,21,2305,5,2,1,1.0,2.0,30007,M,4412759.0,408396.0,30
201000027402,10,4,27,1330,1,2,1,1.0,4.0,30007,M,4412070.0,407489.0,30
201000027403,10,4,28,1215,1,2,1,1.0,2.0,30007,M,4409874.0,408089.0,30
201000027404,10,4,28,1510,1,2,1,1.0,3.0,30007,M,,,30
201000027405,10,4,30,1510,1,2,3,8.0,4.0,30007,M,,,30
201000027406,10,5,1,1820,1,2,1,2.0,1.0,30243,M,,,30
201000027407,10,5,5,815,1,2,1,1.0,2.0,30007,M,,,30
201000027408,10,5,5,1045,1,2,1,1.0,2.0,30007,M,,,30
201000027409,10,5,5,1315,1,2,1,2.0,1.0,30007,M,4413984.0,408870.0,30
201000027410,10,5,7,1420,1,2,1,1.0,7.0,30007,M,,,30
201000027411,10,5,8,1750,1,1,1,1.0,7.0,30007,M,4414977.0,408004.0,30
201000027412,10,5,12,852,1,2,2,1.0,3.0,30007,M,4412387.0,409029.0,30
201000027413,10,5,14,1430,1,2,1,1.0,3.0,30007,M,,,30
201000027414,10,5,15,1420,1,2,1,1.0,7.0,30007,M,4413374.0,408323.0,30
201000027415,10,5,18,703,1,2,1,1.0,2.0,30243,M,,,30
201000027416,10,5,20,1555,1,1,1,1.0,6.0,30007,M,,,30
201000027417,10,5,25,1035,1,2,1,1.0,3.0,30007,M,,,30
201000027418,10,5,26,1208,1,2,1,1.0,3.0,30007,M,4411294.0,410644.0,30
201000027419,10,5,28,1355,1,2,1,1.0,6.0,30007,M,4412761.0,408392.0,30
201000027420,10,5,31,1330,1,2,1,1.0,2.0,30007,M,,,30
201000027421,10,6,2,1410,1,2,1,1.0,3.0,30007,M,,,30
201000027422,10,6,2,1815,1,2,1,1.0,4.0,30007,M,,,30
201000027423,10,5,24,1220,1,2,1,1.0,3.0,30007,M,,,30
201000027424,10,6,5,1845,1,2,1,1.0,2.0,30007,M,,,30
201000027425,10,6,4,1455,1,2,2,1.0,3.0,30007,M,4413065.0,411324.0,30
201000027426,10,6,15,547,5,2,1,2.0,1.0,30007,M,4412168.0,407502.0,30
201000027427,10,6,17,1410,1,2,1,1.0,2.0,30007,M,4411066.0,411029.0,30
201000027428,10,6,18,1540,1,2,6,1.0,4.0,30007,M,,,30
201000027429,10,6,18,1835,1,2,3,8.0,1.0,30007,M,,,30
201000027430,10,6,22,1145,1,2,1,1.0,2.0,30007,M,,,30
201000027431,10,6,9,1815,1,2,1,1.0,2.0,30007,M,,,30
201000027432,10,6,26,1510,1,2,1,1.0,3.0,30007,M,4414260.0,407491.0,30
201000027433,10,6,26,1235,1,2,1,1.0,2.0,30243,M,,,30
201000027434,10,6,25,1400,1,2,1,1.0,3.0,30243,M,,,30
201000027435,10,6,28,1942,1,2,2,1.0,3.0,30007,M,4414595.0,410100.0,30
201000027436,10,6,29,830,1,2,1,1.0,2.0,30243,M,,,30
201000027437,10,6,30,1745,1,2,2,1.0,3.0,30007,M,4412576.0,411233.0,30
201000027438,10,7,5,1855,1,2,2,1.0,4.0,30007,M,4413319.0,409340.0,30
201000027439,10,7,5,1930,1,2,1,1.0,2.0,30007,M,,,30
201000027440,10,7,8,230,5,2,1,1.0,6.0,30007,M,,,30
201000027441,10,7,10,1310,1,2,1,1.0,7.0,30007,M,4414642.0,409682.0,30
201000027442,10,7,11,1510,1,2,1,1.0,3.0,30007,M,,,30
201000027443,10,7,10,130,5,2,1,1.0,6.0,30007,M,,,30
201000027444,10,7,11,1748,1,2,1,1.0,4.0,30243,M,,,30
201000027445,10,7,12,800,1,2,1,1.0,3.0,30007,M,,,30
201000027446,10,7,15,1630,1,2,1,1.0,2.0,30007,M,,,30
201000027447,10,7,20,1450,1,2,1,1.0,7.0,30007,M,,,30
201000027448,10,7,23,1630,1,2,1,1.0,7.0,30243,M,,,30
201000027449,10,7,23,1435,1,2,1,1.0,2.0,30007,M,,,30
201000027450,10,7,24,1935,1,2,2,1.0,3.0,30007,M,4412194.0,407597.0,30
201000027451,10,7,26,830,1,2,1,1.0,3.0,30007,M,,,30
201000027452,10,7,27,827,1,2,1,1.0,7.0,30007,M,4412684.0,407468.0,30
201000027453,10,7,31,845,1,2,1,1.0,7.0,30007,M,,,30
201000027454,10,8,2,1250,1,2,1,1.0,2.0,30007,M,,,30
201000027455,10,8,3,1850,1,2,2,1.0,3.0,30243,M,,,30
201000027456,10,8,7,1545,1,2,1,1.0,4.0,30007,M,,,30
201000027457,10,8,5,1745,1,2,1,1.0,2.0,30007,M,4412167.0,408474.0,30
201000027458,10,8,13,1800,1,2,2,1.0,3.0,30007,M,4411992.0,407408.0,30
201000027459,10,8,15,1135,1,2,2,1.0,3.0,30007,M,4412790.0,407648.0,30
201000027460,10,8,16,1,5,2,1,1.0,1.0,30007,M,,,30
201000027461,10,8,17,1926,1,2,1,1.0,7.0,30007,M,,,30
201000027462,10,8,18,925,1,2,1,1.0,3.0,30243,M,,,30
201000027463,10,8,18,1203,1,2,1,1.0,6.0,30007,M,4411690.0,407219.0,30
201000027464,10,8,20,645,2,2,1,1.0,7.0,30007,M,,,30
201000027465,10,8,20,2035,1,2,1,1.0,6.0,30007,M,,,30
201000027466,10,8,25,1435,1,2,1,1.0,3.0,30243,M,,,30
201000027467,10,8,25,1740,1,2,1,1.0,3.0,30007,M,4414642.0,410055.0,30
201000027468,10,8,27,1205,1,2,1,1.0,2.0,30007,M,4412174.0,408347.0,30
201000027469,10,8,27,1420,1,2,1,1.0,2.0,30007,M,4412145.0,409194.0,30
201000027470,10,8,28,830,1,2,2,1.0,3.0,30007,M,4411480.0,410324.0,30
201000027471,10,8,30,1710,1,2,1,1.0,4.0,30007,M,,,30
201000027472,10,9,1,2102,5,2,1,1.0,2.0,30243,M,,,30
201000027473,10,9,7,1540,1,2,1,2.0,3.0,30007,M,,,30
201000027474,10,9,10,1520,1,2,1,1.0,2.0,30007,M,,,30
201000027475,10,9,13,815,1,2,1,1.0,3.0,30243,M,,,30
201000027476,10,9,2,1255,1,2,1,1.0,4.0,30007,M,,,30
201000027477,10,9,18,1240,1,2,6,1.0,3.0,30007,M,4413466.0,409048.0,30
201000027478,10,9,20,830,1,2,1,1.0,6.0,30243,M,,,30
201000027479,10,9,21,930,1,2,1,8.0,6.0,30007,M,4414072.0,409588.0,30
201000027480,10,9,23,1720,1,2,1,1.0,3.0,30007,M,,,30
201000027481,10,9,23,1106,1,2,2,1.0,3.0,30007,M,4413064.0,411331.0,30
201000027482,10,9,24,130,5,2,1,3.0,3.0,30007,M,4412650.0,407845.0,30
201000027483,10,10,14,1850,2,2,1,1.0,4.0,30007,M,4413404.0,407770.0,30
201000027484,10,9,28,1840,1,2,1,1.0,7.0,30007,M,4412153.0,408071.0,30
201000027485,10,9,30,1230,1,2,2,1.0,3.0,30007,M,4413416.0,408901.0,30
201000027486,10,10,1,711,5,2,1,1.0,5.0,30007,M,,,30
201000027487,10,10,1,1630,1,2,3,1.0,3.0,30007,M,4414292.0,410371.0,30
201000027488,10,10,2,1200,1,2,1,1.0,4.0,30007,M,,,30
201000027489,10,10,5,1905,1,2,1,1.0,3.0,30007,M,,,30
201000027490,10,10,7,916,1,2,1,1.0,2.0,30007,M,4410797.0,407664.0,30
201000027491,10,10,7,1715,1,2,1,1.0,2.0,30007,M,,,30
201000027492,10,10,9,1745,1,2,1,1.0,7.0,30007,M,,,30
201000027493,10,10,18,1600,1,2,1,1.0,6.0,30007,M,4413461.0,409095.0,30
201000027494,10,10,21,1240,1,2,1,1.0,2.0,30007,M,,,30
201000027495,10,10,23,2115,5,2,1,1.0,3.0,30007,M,4412646.0,410111.0,30
201000027496,10,10,25,1130,1,2,1,1.0,7.0,30007,M,4414733.0,408708.0,30
201000027497,10,10,24,2100,5,2,1,3.0,1.0,30007,M,,,30
201000027498,10,10,25,1105,1,2,1,1.0,6.0,30007,M,,,30
201000027499,10,10,25,850,1,2,2,1.0,3.0,30007,M,4412830.0,410006.0,30
201000027500,10,10,29,1625,1,2,1,1.0,2.0,30007,M,4412175.0,407483.0,30
201000027501,10,10,30,128,5,2,1,1.0,6.0,30007,M,4411762.0,408066.0,30
201000027502,10,11,4,1545,1,2,1,1.0,7.0,30007,M,4412710.0,408233.0,30
201000027503,10,11,6,1140,1,2,1,1.0,2.0,30007,M,,,30
201000027504,10,11,2,1755,2,2,1,1.0,6.0,30007,M,,,30
201000027505,10,11,2,1835,3,2,1,1.0,4.0,30007,M,,,30
201000027506,10,11,13,1212,1,2,1,1.0,1.0,30007,M,4411922.0,408016.0,30
201000027507,10,11,13,1740,5,2,1,1.0,3.0,30007,M,,,30
201000027508,10,11,20,1120,1,2,1,8.0,1.0,30007,M,,,30
201000027509,10,11,23,1700,1,2,1,1.0,2.0,30243,M,,,30
201000027510,10,11,25,1930,5,2,2,8.0,3.0,30007,M,4414065.0,409593.0,30
201000027511,10,11,26,1158,1,2,1,1.0,2.0,30007,M,,,30
201000027512,10,12,6,1505,1,2,1,1.0,6.0,30007,M,,,30
201000027513,10,12,8,1415,1,2,1,8.0,3.0,30007,M,4414567.0,408831.0,30
201000027514,10,12,9,1440,1,2,1,1.0,2.0,30007,M,,,30
201000027515,10,12,12,800,1,2,2,1.0,3.0,30007,M,,,30
201000027516,10,12,14,1107,1,2,1,1.0,1.0,30007,M,4411285.0,410658.0,30
201000027517,10,12,14,1400,1,2,1,1.0,6.0,30007,M,,,30
201000027518,10,12,14,1415,1,2,1,1.0,3.0,30007,M,4412530.0,407336.0,30
201000027519,10,12,17,1235,1,2,3,1.0,1.0,30243,M,4408413.0,407247.0,30
201000027520,10,12,17,1430,1,2,1,1.0,7.0,30007,M,,,30
201000027521,10,12,17,1850,5,2,1,1.0,6.0,30007,M,,,30
201000027522,10,12,19,1250,1,2,1,2.0,7.0,30007,M,,,30
201000027523,10,12,21,1000,1,2,2,8.0,3.0,30243,M,4408129.0,407088.0,30
201000027524,10,2,5,2015,3,1,1,2.0,6.0,30028,M,,,30
201000027525,10,2,23,1750,1,2,1,1.0,3.0,30028,M,4410413.0,460801.0,30
201000027526,10,3,7,1535,1,1,1,4.0,6.0,30028,M,,,30
201000027527,10,3,10,1330,1,1,1,1.0,2.0,30028,M,4415524.0,461313.0,30
201000027528,10,3,15,1030,1,2,1,1.0,2.0,30028,M,4416312.0,462270.0,30
201000027529,10,4,14,1035,1,2,1,1.0,2.0,30028,M,4415795.0,462350.0,30
201000027530,10,4,24,1105,1,2,1,1.0,6.0,30028,M,4416117.0,461783.0,30
201000027531,10,6,1,1400,1,2,1,1.0,6.0,30028,M,4414672.0,461142.0,30
201000027532,10,7,2,1050,1,2,1,1.0,6.0,30028,M,,,30
201000027533,10,7,9,2115,1,1,1,1.0,4.0,30028,M,,,30
201000027534,10,7,11,2340,5,2,1,1.0,6.0,30028,M,4416526.0,461936.0,30
201000027535,10,8,3,2230,5,2,1,1.0,6.0,30028,M,4415651.0,462248.0,30
201000027536,10,8,12,950,1,2,1,1.0,6.0,30028,M,,,30
201000027537,10,8,31,945,1,2,1,1.0,6.0,30028,M,4416526.0,461952.0,30
201000027538,10,9,3,1145,1,1,1,1.0,6.0,30028,M,4416680.0,458746.0,30
201000027539,10,9,3,945,1,2,1,1.0,3.0,30028,M,,,30
201000027540,10,9,10,1200,1,1,1,1.0,4.0,30028,M,,,30
201000027541,10,10,1,1355,1,2,1,1.0,6.0,30028,M,4415435.0,461304.0,30
201000027542,10,10,3,1140,1,2,1,1.0,6.0,30028,M,4416529.0,461926.0,30
201000027543,10,10,4,750,1,2,1,1.0,6.0,30028,M,4416109.0,462534.0,30
201000027544,10,10,10,1820,2,1,1,2.0,6.0,30028,M,4416714.0,458407.0,30
201000027545,10,10,15,1505,1,2,1,1.0,6.0,30028,M,4416094.0,461164.0,30
201000027546,10,10,23,1750,1,2,1,1.0,6.0,30028,M,4417741.0,461706.0,30
201000027547,10,11,6,1430,1,2,6,1.0,2.0,30028,M,4415985.0,462535.0,30
201000027548,10,11,8,1000,1,2,1,1.0,3.0,30028,M,4416883.0,461944.0,30
201000027549,10,11,23,830,1,2,3,1.0,3.0,30028,M,4415429.0,461649.0,30
201000027550,10,11,29,1300,1,2,1,1.0,6.0,30028,M,4417155.0,462013.0,30
201000027551,10,12,2,1827,5,2,9,1.0,3.0,30028,M,4415495.0,461660.0,30
201000027552,10,12,4,1750,5,2,1,1.0,6.0,30028,M,4416556.0,461641.0,30
201000027553,10,12,8,1750,3,2,3,1.0,6.0,30028,M,4417916.0,460781.0,30
201000027554,10,12,17,1235,1,1,1,1.0,6.0,30028,M,,,30
201000027555,10,12,19,125,3,1,1,1.0,6.0,30028,M,,,30
201000027556,10,1,30,1845,5,2,2,1.0,3.0,30032,M,4380964.0,463859.0,30
201000027557,10,3,3,1425,1,1,2,2.0,3.0,30032,M,4380977.0,464821.0,30
201000027558,10,3,7,1710,1,2,1,4.0,5.0,30032,M,4378736.0,465037.0,30
201000027559,10,3,15,2000,3,1,1,1.0,5.0,30032,M,,,30
201000027560,10,3,21,1700,1,2,1,1.0,6.0,30032,M,,,30
201000027561,10,3,27,940,1,1,6,1.0,3.0,30032,M,4381850.0,461184.0,30
201000027562,10,4,19,615,3,1,1,1.0,7.0,30032,M,4393993.0,462120.0,30
201000027563,10,4,25,1950,1,1,2,1.0,3.0,30032,M,,,30
201000027564,10,5,4,700,3,1,2,3.0,3.0,30032,M,,,30
201000027565,10,5,21,1900,1,2,1,1.0,6.0,30032,M,4380606.0,463748.0,30
201000027566,10,5,24,2000,1,1,1,1.0,4.0,30032,M,,,30
201000027567,10,6,7,1900,1,1,3,1.0,3.0,30032,M,4373822.0,461146.0,30
201000027568,10,6,12,1500,1,1,2,1.0,3.0,30032,M,4376305.0,461724.0,30
201000027569,10,6,17,1550,1,2,1,1.0,6.0,30032,M,4380971.0,464076.0,30
201000027570,10,7,4,700,1,1,1,1.0,7.0,30032,M,,,30
201000027571,10,7,4,1145,1,2,1,1.0,3.0,30032,M,,,30
201000027572,10,7,17,1100,1,2,1,1.0,3.0,30032,M,,,30
201000027573,10,7,25,1210,1,1,1,1.0,3.0,30032,M,,,30
201000027574,10,8,20,515,3,2,1,8.0,3.0,30032,M,,,30