Num_Acc,an,mois,jour,hrmn,lum,agg,int,atm,col,com,gps,lat,long,dep
201000027575,10,8,21,2010,2,1,1,1.0,7.0,30032,M,4379853.0,463120.0,30
201000027576,10,8,22,1145,1,2,1,1.0,4.0,30032,M,4380806.0,463835.0,30
201000027577,10,9,1,1810,1,2,3,1.0,3.0,30032,M,4380838.0,463839.0,30
201000027578,10,10,3,600,3,1,1,1.0,7.0,30032,M,4381917.0,462910.0,30
201000027579,10,6,28,1830,1,1,1,1.0,7.0,30032,M,4379483.0,461097.0,30
201000027580,10,11,7,1630,1,1,1,1.0,7.0,30032,M,,,30
201000027581,10,11,12,845,1,1,1,1.0,3.0,30032,M,,,30
201000027582,10,11,29,1305,1,2,1,1.0,6.0,30032,M,,,30
201000027583,10,12,24,945,1,2,1,1.0,6.0,30032,M,,,30
201000027584,10,12,29,1410,1,1,1,1.0,7.0,30032,M,4379434.0,463030.0,30
201000027585,10,1,2,1643,1,2,2,1.0,3.0,30189,M,4382880.0,436588.0,30
201000027586,10,1,2,2212,5,2,1,1.0,7.0,30189,M,4383493.0,440976.0,30
201000027587,10,1,4,1835,5,2,1,2.0,7.0,30189,M,4384470.0,439159.0,30
201000027588,10,1,5,2232,5,2,1,1.0,6.0,30189,M,4384293.0,438145.0,30
201000027589,10,1,6,1004,1,2,1,1.0,6.0,30189,M,4382674.0,436597.0,30
201000027590,10,1,6,1745,5,2,1,1.0,6.0,30189,M,4382798.0,433745.0,30
201000027591,10,1,7,705,5,2,1,1.0,6.0,30189,M,4381178.0,436652.0,30
201000027592,10,1,8,1858,3,2,1,4.0,2.0,30189,M,4381210.0,433154.0,30
201000027593,10,1,8,1950,5,2,1,4.0,2.0,30189,M,4383404.0,436207.0,30
201000027594,10,1,10,1552,1,2,1,1.0,7.0,30189,M,4383928.0,437942.0,30
201000027595,10,1,13,1938,3,2,1,1.0,2.0,30189,M,4381664.0,434852.0,30
201000027596,10,1,14,1140,1,2,1,2.0,7.0,30189,M,4383030.0,435273.0,30
201000027597,10,1,14,1550,1,1,3,3.0,1.0,30189,M,4377924.0,434099.0,30
201000027598,10,1,14,1745,1,2,1,3.0,3.0,30189,M,4382681.0,437395.0,30
201000027599,10,1,14,1910,3,1,1,2.0,7.0,30189,M,,,30
201000027600,10,1,15,1231,1,2,1,1.0,7.0,30189,M,4383017.0,436434.0,30
201000027601,10,1,16,130,3,2,1,1.0,7.0,30189,M,4385841.0,441727.0,30
201000027602,10,1,16,1837,5,2,3,2.0,3.0,30189,M,4382555.0,437789.0,30
201000027603,10,1,16,1848,3,1,1,2.0,7.0,30189,M,,,30
201000027604,10,1,22,1725,1,2,1,1.0,7.0,30189,M,4384041.0,435814.0,30
201000027605,10,1,24,1138,1,2,2,1.0,3.0,30189,M,4381415.0,432067.0,30
201000027606,10,1,24,1253,1,2,1,1.0,2.0,30189,M,4383848.0,437243.0,30
201000027607,10,1,27,1900,5,2,1,1.0,4.0,30189,M,4382579.0,435518.0,30
201000027608,10,1,28,1200,1,2,2,1.0,3.0,30189,M,4383363.0,435315.0,30
201000027609,10,1,29,1215,1,2,1,1.0,7.0,30189,M,4383561.0,436937.0,30
201000027610,10,1,29,1655,1,2,1,1.0,7.0,30189,M,4383843.0,435836.0,30
201000027611,10,3,25,1750,1,1,1,2.0,1.0,30189,M,4383701.0,433975.0,30
201000027612,10,1,31,747,2,1,1,1.0,6.0,30189,M,4383278.0,443028.0,30
201000027613,10,2,1,1513,1,2,2,1.0,3.0,30189,M,4384218.0,435549.0,30
201000027614,10,2,3,820,1,2,3,1.0,3.0,30189,M,4383285.0,438567.0,30
201000027615,10,2,3,1715,1,2,1,1.0,2.0,30189,M,4382008.0,433638.0,30
201000027616,10,2,3,1755,1,2,2,1.0,3.0,30189,M,4384351.0,438518.0,30
201000027617,10,2,3,1955,5,2,1,1.0,7.0,30189,M,4384031.0,435749.0,30
201000027618,10,2,4,1745,5,2,3,2.0,2.0,30189,M,4383341.0,436774.0,30
201000027619,10,2,4,1945,3,1,1,2.0,6.0,30189,M,4386699.0,432694.0,30
201000027620,10,2,5,1000,1,1,1,2.0,7.0,30189,M,4380782.0,437112.0,30
201000027621,10,2,5,1700,1,1,1,1.0,7.0,30189,M,4383710.0,439227.0,30
201000027622,10,2,5,2015,5,2,2,1.0,3.0,30189,M,4382390.0,438039.0,30
201000027623,10,2,6,540,5,2,6,1.0,3.0,30189,M,4382351.0,432789.0,30
201000027624,10,2,6,1437,1,2,2,1.0,3.0,30189,M,4384119.0,435664.0,30
201000027625,10,2,8,503,5,2,2,1.0,1.0,30189,M,4381118.0,433023.0,30
201000027626,10,2,8,2330,5,2,1,3.0,2.0,30189,M,4383301.0,438550.0,30
201000027627,10,2,9,721,2,1,1,2.0,5.0,30189,M,4389779.0,428889.0,30
201000027628,10,2,9,1441,1,2,1,2.0,7.0,30189,M,4383268.0,432221.0,30
201000027629,10,2,10,903,1,2,1,1.0,2.0,30189,M,4384959.0,435930.0,30
201000027630,10,2,10,1744,1,1,1,1.0,2.0,30189,M,4378371.0,435486.0,30
201000027631,10,2,11,950,1,2,6,1.0,3.0,30189,M,4383633.0,439419.0,30
201000027632,10,2,13,1000,1,2,1,1.0,3.0,30189,M,4383635.0,437037.0,30
201000027633,10,2,13,1805,2,2,2,1.0,1.0,30189,M,4382308.0,436429.0,30
201000027634,10,2,15,1827,5,2,2,1.0,3.0,30189,M,4383536.0,435468.0,30
201000027635,10,2,16,742,1,1,1,2.0,7.0,30189,M,0.0,0.0,30
201000027636,10,2,16,1410,1,2,1,2.0,3.0,30189,M,4384156.0,437146.0,30
201000027637,10,2,18,423,2,2,1,2.0,6.0,30189,M,0.0,0.0,30
201000027638,10,2,20,819,1,2,3,1.0,2.0,30189,M,4382329.0,436407.0,30
201000027639,10,2,22,1207,1,2,2,9.0,3.0,30189,M,4384084.0,437105.0,30
201000027640,10,2,22,1916,3,2,1,2.0,2.0,30189,M,4382685.0,437389.0,30
201000027641,10,2,23,1105,1,2,1,1.0,7.0,30189,M,4384239.0,430942.0,30
201000027642,10,2,24,1630,1,1,1,1.0,2.0,30189,M,4380463.0,437292.0,30
201000027643,10,2,25,810,1,2,1,1.0,6.0,30189,M,4381811.0,432181.0,30
201000027644,10,2,27,1130,1,2,1,1.0,6.0,30189,M,4384039.0,435669.0,30
201000027645,10,3,1,1220,1,1,3,1.0,2.0,30189,M,4382002.0,433593.0,30
201000027646,10,3,1,1427,1,2,7,1.0,7.0,30189,M,4384609.0,436234.0,30
201000027647,10,3,1,1555,1,2,1,1.0,2.0,30189,M,4382953.0,436175.0,30
201000027648,10,3,2,815,1,2,1,1.0,2.0,30189,M,4383746.0,437160.0,30
201000027649,10,3,2,2115,5,2,1,1.0,3.0,30189,M,4383047.0,437994.0,30
201000027650,10,3,3,710,2,1,1,3.0,6.0,30189,M,4383272.0,443132.0,30
201000027651,10,3,3,1248,1,2,2,3.0,3.0,30189,M,4384132.0,435745.0,30
201000027652,10,3,5,1750,2,2,3,1.0,3.0,30189,M,4385183.0,437678.0,30
201000027653,10,3,5,1918,5,2,1,1.0,2.0,30189,M,4383140.0,432272.0,30
201000027654,10,3,6,2220,5,2,2,1.0,3.0,30189,M,4382670.0,435688.0,30
201000027655,10,4,27,1811,1,2,1,1.0,2.0,30189,M,4384017.0,436516.0,30
201000027656,10,3,11,755,1,2,1,1.0,2.0,30189,M,,,30
201000027657,10,3,12,1620,1,2,1,1.0,7.0,30189,M,4383559.0,435800.0,30
201000027658,10,3,13,1026,1,2,1,1.0,3.0,30189,M,4384584.0,438017.0,30
201000027659,10,3,13,1231,1,2,1,1.0,3.0,30189,M,4382720.0,435760.0,30
201000027660,10,3,13,2051,5,2,1,1.0,6.0,30189,M,4384493.0,438998.0,30
201000027661,10,3,15,1525,1,2,1,1.0,1.0,30189,M,4383422.0,437182.0,30
201000027662,10,3,17,1503,1,1,3,1.0,5.0,30189,M,4376585.0,440552.0,30
201000027663,10,3,18,1435,1,2,1,1.0,3.0,30189,M,4387994.0,425655.0,30
201000027664,10,3,19,1935,3,1,1,1.0,6.0,30189,M,4388483.0,437988.0,30
201000027665,10,3,23,1805,1,2,1,1.0,6.0,30189,M,4383473.0,434788.0,30
201000027666,10,3,24,1715,1,2,1,1.0,6.0,30189,M,4383706.0,436579.0,30
201000027667,10,3,28,1920,1,1,1,1.0,7.0,30189,M,4389809.0,428879.0,30
201000027668,10,3,29,2048,5,2,1,1.0,6.0,30189,M,4383524.0,435844.0,30
201000027669,10,3,30,757,1,2,1,2.0,6.0,30189,M,4383647.0,434636.0,30
201000027670,10,3,30,1648,1,2,1,2.0,1.0,30189,M,4384099.0,431742.0,30
201000027671,10,4,4,1824,1,2,1,1.0,6.0,30189,M,4382496.0,435201.0,30
201000027672,10,4,5,1613,1,2,2,1.0,6.0,30189,M,4382687.0,435310.0,30
201000027673,10,4,9,1424,1,2,2,1.0,3.0,30189,M,4382847.0,435390.0,30
201000027674,10,4,8,345,3,1,1,1.0,6.0,30189,M,4380525.0,433644.0,30
201000027675,10,4,11,1745,1,2,1,1.0,7.0,30189,M,,,30
201000027676,10,4,12,1423,1,2,1,1.0,3.0,30189,M,4382083.0,432278.0,30
201000027677,10,4,12,1642,1,2,1,1.0,2.0,30189,M,,,30
201000027678,10,4,16,1500,1,2,1,1.0,2.0,30189,M,4383113.0,438140.0,30
201000027679,10,4,16,2055,2,2,1,1.0,6.0,30189,M,4381940.0,433826.0,30
201000027680,10,4,17,319,5,2,1,1.0,6.0,30189,M,4385378.0,436694.0,30
201000027681,10,4,19,1616,1,2,1,1.0,3.0,30189,M,4383712.0,433070.0,30
201000027682,10,4,20,1000,1,1,3,1.0,6.0,30189,M,4889204.0,441885.0,30
201000027683,10,4,20,1741,1,2,1,1.0,6.0,30189,M,4382222.0,436231.0,30
201000027684,10,4,21,1412,1,2,1,1.0,3.0,30189,M,4383273.0,434939.0,30
201000027685,10,4,24,1840,1,2,1,1.0,6.0,30189,M,4381468.0,433497.0,30
201000027686,10,4,26,1809,1,1,1,1.0,2.0,30189,M,4381379.0,430749.0,30
201000027687,10,4,30,1825,1,2,1,1.0,1.0,30189,M,4384082.0,436293.0,30
201000027688,10,5,1,1833,1,1,6,8.0,1.0,30189,M,4390231.0,428391.0,30
201000027689,10,5,4,1446,1,1,1,3.0,3.0,30189,M,4388348.0,430591.0,30
201000027690,10,5,6,1245,1,2,6,1.0,3.0,30189,M,4382003.0,433589.0,30
201000027691,10,5,11,1951,1,2,1,1.0,6.0,30189,M,4384197.0,438780.0,30
201000027692,10,5,15,1900,1,2,1,1.0,6.0,30189,M,4382170.0,433178.0,30
201000027693,10,5,13,2119,2,2,1,1.0,6.0,30189,M,4381615.0,435315.0,30
201000027694,10,5,14,710,1,2,1,1.0,7.0,30189,M,,,30
201000027695,10,5,18,2126,5,2,1,1.0,5.0,30189,M,4384046.0,436001.0,30
201000027696,10,5,19,1715,1,2,2,1.0,1.0,30189,M,4382757.0,435578.0,30
201000027697,10,5,20,810,1,2,1,1.0,3.0,30189,M,4384915.0,436420.0,30
201000027698,10,5,22,809,1,1,1,1.0,3.0,30189,M,4385541.0,425082.0,30
201000027699,10,5,22,1425,1,1,1,1.0,3.0,30189,M,4380443.0,437304.0,30
201000027700,10,5,26,1800,1,1,1,1.0,6.0,30189,M,4385829.0,433009.0,30
201000027701,10,5,27,1907,1,2,2,1.0,3.0,30189,M,4382672.0,435681.0,30
201000027702,10,5,28,1940,1,2,1,1.0,6.0,30189,M,4382891.0,432810.0,30
201000027703,10,5,28,2018,1,2,1,1.0,3.0,30189,M,4382079.0,433158.0,30
201000027704,10,6,1,1537,1,2,2,1.0,3.0,30189,M,4384176.0,436041.0,30
201000027705,10,6,3,1241,1,2,2,1.0,3.0,30189,M,4383157.0,436188.0,30
201000027706,10,6,4,825,1,2,2,1.0,7.0,30189,M,4384751.0,438451.0,30
201000027707,10,6,4,1444,1,2,1,1.0,1.0,30189,M,4381513.0,434615.0,30
201000027708,10,6,6,1814,1,1,1,1.0,6.0,30189,M,4385016.0,428493.0,30
201000027709,10,6,7,1700,1,2,1,1.0,6.0,30189,M,4383130.0,434087.0,30
201000027710,10,6,7,1832,1,1,2,1.0,4.0,30189,M,4380525.0,433644.0,30
201000027711,10,6,12,956,1,2,1,1.0,6.0,30189,M,4384468.0,438335.0,30
201000027712,10,6,16,1118,1,2,1,1.0,6.0,30189,M,4383879.0,436141.0,30
201000027713,10,6,16,1530,1,2,1,1.0,3.0,30189,M,4381224.0,436877.0,30
201000027714,10,6,19,2039,1,2,3,1.0,3.0,30189,M,4384518.0,438398.0,30
201000027715,10,6,20,146,3,1,1,1.0,3.0,30189,M,4381750.0,430135.0,30
201000027716,10,6,21,1709,1,2,1,1.0,1.0,30189,M,4382960.0,435329.0,30
201000027717,10,6,21,1746,1,2,1,1.0,6.0,30189,M,4381471.0,433498.0,30
201000027718,10,6,24,714,1,1,1,1.0,2.0,30189,M,4380879.0,437216.0,30
201000027719,10,6,25,1930,1,2,2,1.0,2.0,30189,M,4384030.0,437919.0,30
201000027720,10,6,27,1515,1,2,1,1.0,3.0,30189,M,4383468.0,434772.0,30
201000027721,10,6,28,1611,1,2,1,1.0,2.0,30189,M,4383387.0,435999.0,30
201000027722,10,6,29,2008,1,2,1,1.0,3.0,30189,M,0.0,0.0,30
201000027723,10,6,30,819,1,2,1,1.0,2.0,30189,M,4381564.0,434085.0,30
201000027724,10,6,30,1423,1,2,1,1.0,2.0,30189,M,4383739.0,438371.0,30
201000027725,10,7,2,1935,1,2,1,1.0,4.0,30189,M,4382126.0,434769.0,30
201000027726,10,7,3,1820,1,2,1,1.0,6.0,30189,M,4383700.0,437116.0,30
201000027727,10,7,5,1023,1,2,1,1.0,3.0,30189,M,4383482.0,434822.0,30
201000027728,10,7,7,1136,1,2,1,1.0,3.0,30189,M,4382194.0,435213.0,30
201000027729,10,7,8,125,5,2,1,1.0,6.0,30189,M,,,30
201000027730,10,7,10,1715,1,2,2,1.0,3.0,30189,M,4383198.0,435811.0,30
201000027731,10,7,12,1120,1,2,9,1.0,6.0,30189,M,4382131.0,435610.0,30
201000027732,10,7,12,1155,1,2,1,1.0,6.0,30189,M,,,30
201000027733,10,7,15,1510,1,2,1,1.0,2.0,30189,M,4381637.0,434029.0,30
201000027734,10,7,15,1625,1,2,1,1.0,3.0,30189,M,4384102.0,437099.0,30
201000027735,10,7,16,1400,1,2,1,1.0,6.0,30189,M,4383747.0,436290.0,30
201000027736,10,7,17,620,1,2,1,1.0,6.0,30189,M,4381521.0,431356.0,30
201000027737,10,7,21,1555,1,2,1,1.0,6.0,30189,M,4381628.0,434858.0,30
201000027738,10,7,22,2003,1,2,1,1.0,6.0,30189,M,4383434.0,435917.0,30
201000027739,10,7,23,1735,1,2,1,1.0,1.0,30189,M,4384160.0,436307.0,30
201000027740,10,7,24,1105,1,2,1,1.0,6.0,30189,M,4383791.0,437958.0,30
201000027741,10,7,24,1315,1,2,1,1.0,3.0,30189,M,4381397.0,435119.0,30
201000027742,10,7,27,1720,1,2,1,1.0,6.0,30189,M,4382723.0,437503.0,30
201000027743,10,7,29,545,2,2,1,1.0,6.0,30189,M,4383466.0,441130.0,30
201000027744,10,7,29,935,1,2,1,1.0,6.0,30189,M,4383465.0,434763.0,30
201000027745,10,7,29,1914,1,1,1,1.0,6.0,30189,M,4381654.0,432264.0,30
201000027746,10,8,28,1515,1,2,2,1.0,3.0,30189,M,4382847.0,435389.0,30
201000027747,10,8,3,1030,1,2,1,1.0,6.0,30189,M,4383731.0,436553.0,30
201000027748,10,8,3,2255,5,2,1,1.0,2.0,30189,M,4382771.0,438070.0,30
201000027749,10,8,27,1535,1,2,2,1.0,3.0,30189,M,4384207.0,436930.0,30
201000027750,10,8,6,1845,1,2,3,1.0,6.0,30189,M,4384783.0,439596.0,30
201000027751,10,8,7,815,1,2,1,1.0,6.0,30189,M,4384526.0,438298.0,30
201000027752,10,8,8,130,5,2,1,1.0,6.0,30189,M,4381781.0,434750.0,30
201000027753,10,8,8,320,5,2,1,1.0,6.0,30189,M,4381784.0,434745.0,30
201000027754,10,8,8,1125,1,2,1,1.0,6.0,30189,M,4383637.0,436367.0,30
201000027755,10,8,11,710,2,2,1,1.0,6.0,30189,M,4381177.0,436649.0,30
201000027756,10,8,13,825,1,2,1,1.0,6.0,30189,M,4382541.0,435237.0,30
201000027757,10,8,16,1815,1,2,2,1.0,6.0,30189,M,4384038.0,436205.0,30
201000027758,10,8,17,1155,1,2,1,1.0,3.0,30189,M,4383335.0,435143.0,30
201000027759,10,8,17,1925,1,2,1,1.0,6.0,30189,M,4383843.0,436509.0,30
201000027760,10,8,18,1020,1,2,1,1.0,3.0,30189,M,4384119.0,438029.0,30
201000027761,10,8,18,1155,1,2,1,1.0,6.0,30189,M,4383644.0,436260.0,30
201000027762,10,8,18,1215,1,2,1,1.0,6.0,30189,M,4383400.0,441734.0,30
201000027763,10,8,18,1704,1,1,1,1.0,6.0,30189,M,4381564.0,434085.0,30
201000027764,10,8,19,718,1,2,1,1.0,6.0,30189,M,4380750.0,437163.0,30
201000027765,10,8,20,1345,1,1,3,1.0,3.0,30189,M,4380524.0,433644.0,30
201000027766,10,8,23,2214,5,2,2,1.0,3.0,30189,M,4383720.0,434566.0,30
201000027767,10,8,24,56,5,2,1,1.0,6.0,30189,M,,,30
201000027768,10,8,26,105,4,2,1,1.0,6.0,30189,M,4382548.0,435480.0,30
201000027769,10,8,30,1640,1,2,1,1.0,6.0,30189,M,,,30
201000027770,10,8,30,1650,1,2,3,1.0,3.0,30189,M,4383284.0,436951.0,30
201000027771,10,8,30,31,3,1,1,1.0,7.0,30189,M,4385006.0,428514.0,30
201000027772,10,9,2,1250,1,2,1,1.0,4.0,30189,M,4387127.0,431648.0,30
201000027773,10,9,3,2030,2,2,1,1.0,6.0,30189,M,4382391.0,433882.0,30
201000027774,10,9,4,1545,1,1,1,1.0,6.0,30189,M,4381794.0,434672.0,30
201000027775,10,9,7,908,1,1,1,3.0,7.0,30189,M,0.0,0.0,30
201000027776,10,9,7,1805,1,2,2,1.0,3.0,30189,M,4384072.0,435539.0,30
201000027777,10,9,8,1815,2,1,1,1.0,6.0,30189,M,4383675.0,433415.0,30
201000027778,10,9,9,1345,1,2,4,1.0,3.0,30189,M,4383870.0,435265.0,30
201000027779,10,9,10,925,1,2,1,1.0,6.0,30189,M,4383719.0,436909.0,30
201000027780,10,9,14,1442,1,2,2,1.0,3.0,30189,M,4382847.0,435390.0,30
201000027781,10,9,14,1615,1,2,1,1.0,6.0,30189,M,4383502.0,436875.0,30
201000027782,10,9,16,2308,3,1,1,2.0,6.0,30189,M,4387442.0,431648.0,30
201000027783,10,9,17,342,3,1,1,2.0,6.0,30189,M,4389806.0,428880.0,30
201000027784,10,9,17,645,2,2,6,1.0,3.0,30189,M,4389806.0,428880.0,30
201000027785,10,9,18,825,1,2,1,2.0,4.0,30189,M,4383090.0,432304.0,30
201000027786,10,9,18,1055,1,2,2,1.0,6.0,30189,M,4384039.0,437126.0,30
201000027787,10,9,18,2015,3,2,1,1.0,6.0,30189,M,4383105.0,433184.0,30
201000027788,10,9,19,1525,1,2,2,1.0,3.0,30189,M,4383976.0,435299.0,30
201000027789,10,9,19,1220,1,1,1,1.0,2.0,30189,M,4382011.0,435795.0,30
201000027790,10,9,22,1755,1,2,1,1.0,2.0,30189,M,4384196.0,437808.0,30
201000027791,10,9,22,1835,1,2,1,1.0,6.0,30189,M,4382669.0,435686.0,30
201000027792,10,9,21,1057,1,2,6,1.0,7.0,30189,M,4383113.0,438138.0,30
201000027793,10,9,23,950,1,1,1,1.0,3.0,30189,M,4383754.0,438833.0,30
201000027794,10,9,27,1655,1,1,1,1.0,6.0,30189,M,4381705.0,434182.0,30
201000027795,10,9,30,1855,1,2,1,1.0,7.0,30189,M,4381254.0,438471.0,30
201000027796,10,10,1,1935,5,2,1,1.0,6.0,30189,M,4382740.0,435598.0,30
201000027797,10,10,7,1910,1,2,1,1.0,6.0,30189,M,4382547.0,433363.0,30
201000027798,10,10,8,1732,1,2,1,1.0,6.0,30189,M,4383740.0,436798.0,30
201000027799,10,10,9,1945,5,2,1,1.0,4.0,30189,M,4382436.0,435388.0,30
201000027800,10,10,10,1625,1,2,1,2.0,2.0,30189,M,4382842.0,435484.0,30
201000027801,10,10,14,1150,1,1,2,1.0,5.0,30189,M,4384002.0,431971.0,30
201000027802,10,10,14,1325,1,2,3,1.0,3.0,30189,M,4382109.0,434732.0,30
201000027803,10,10,16,1450,1,2,2,1.0,3.0,30189,M,4385855.0,432428.0,30
201000027804,10,10,16,1645,1,2,2,1.0,3.0,30189,M,4382575.0,438217.0,30
201000027805,10,10,21,1000,1,2,1,1.0,6.0,30189,M,4383582.0,435780.0,30
201000027806,10,10,21,1350,1,2,1,1.0,6.0,30189,M,4383218.0,434819.0,30
201000027807,10,10,22,2325,5,2,9,1.0,6.0,30189,M,4384136.0,436674.0,30
201000027808,10,10,26,2315,3,1,1,1.0,7.0,30189,M,4388686.0,438247.0,30
201000027809,10,10,28,1820,1,2,1,1.0,6.0,30189,M,4383939.0,436266.0,30
201000027810,10,11,2,2045,2,1,1,1.0,2.0,30189,M,4381243.0,433198.0,30
201000027811,10,11,4,1659,1,2,1,1.0,7.0,30189,M,4384280.0,434253.0,30
201000027812,10,11,4,1747,1,2,2,1.0,3.0,30189,M,4383375.0,435783.0,30
201000027813,10,11,6,1535,1,2,3,1.0,3.0,30189,M,0.0,0.0,30
201000027814,10,11,8,815,1,2,1,1.0,2.0,30189,M,4383089.0,432304.0,30
201000027815,10,11,9,1915,3,2,1,3.0,2.0,30189,M,,,30
201000027816,10,11,11,552,3,2,1,1.0,6.0,30189,M,4383706.0,434013.0,30
201000027817,10,11,5,1655,1,2,1,1.0,6.0,30189,M,,,30
201000027818,10,11,10,1530,1,2,2,1.0,2.0,30189,M,4384655.0,438637.0,30
201000027819,10,11,11,2045,5,2,1,2.0,6.0,30189,M,4381918.0,438858.0,30
201000027820,10,11,12,1330,1,2,1,1.0,1.0,30189,M,0.0,0.0,30
201000027821,10,11,15,1535,1,2,2,2.0,6.0,30189,M,4383087.0,432305.0,30
201000027822,10,11,16,2045,5,2,1,1.0,3.0,30189,M,4383084.0,432914.0,30
201000027823,10,11,18,1625,1,2,6,1.0,3.0,30189,M,4381417.0,433475.0,30
201000027824,10,11,20,1045,1,2,1,2.0,6.0,30189,M,4383819.0,434749.0,30
201000027825,10,11,21,1035,1,2,1,1.0,2.0,30189,M,4383087.0,432305.0,30
201000027826,10,11,21,1205,1,2,2,1.0,2.0,30189,M,4383651.0,433703.0,30
201000027827,10,11,22,1735,3,2,1,1.0,6.0,30189,M,,,30
201000027828,10,11,24,1830,2,2,2,1.0,3.0,30189,M,4384150.0,435862.0,30
201000027829,10,11,24,2010,5,2,6,1.0,3.0,30189,M,4381782.0,434747.0,30
201000027830,10,11,25,1430,1,2,1,1.0,4.0,30189,M,4382962.0,436186.0,30
201000027831,10,11,26,725,1,2,3,1.0,3.0,30189,M,4382646.0,437635.0,30
201000027832,10,11,26,1145,1,2,2,1.0,3.0,30189,M,,,30
201000027833,10,11,26,1340,1,2,1,1.0,2.0,30189,M,4381532.0,432595.0,30
201000027834,10,11,26,1525,1,2,6,1.0,3.0,30189,M,4381651.0,439284.0,30
201000027835,10,11,26,1715,3,1,1,1.0,4.0,30189,M,4388210.0,430840.0,30
201000027836,10,11,27,905,1,2,1,1.0,3.0,30189,M,4382729.0,436429.0,30
201000027837,10,11,27,1855,5,2,3,1.0,3.0,30189,M,4383812.0,434485.0,30
201000027838,10,11,27,2235,2,2,3,2.0,3.0,30189,M,4383651.0,435549.0,30
201000027839,10,12,5,1915,5,2,2,2.0,6.0,30189,M,4382737.0,437476.0,30
201000027840,10,12,8,945,1,1,2,1.0,3.0,30189,M,4382897.0,408831.0,30
201000027841,10,12,2,1600,1,2,2,1.0,1.0,30189,M,4382888.0,433592.0,30
201000027842,10,12,9,1219,1,2,1,1.0,6.0,30189,M,4382585.0,437564.0,30
201000027843,10,12,9,1930,3,1,1,1.0,1.0,30189,M,4377767.0,434733.0,30
201000027844,10,12,13,1005,1,2,1,1.0,6.0,30189,M,4384669.0,439561.0,30
201000027845,10,12,13,1955,3,1,1,1.0,7.0,30189,M,,,30
201000027846,10,12,14,1535,1,1,1,1.0,6.0,30189,M,,,30
201000027847,10,12,16,920,2,1,1,7.0,6.0,30189,M,4381104.0,433587.0,30
201000027848,10,12,16,1805,5,2,1,1.0,3.0,30189,M,4382151.0,434831.0,30
201000027849,10,12,17,1520,1,2,2,1.0,3.0,30189,M,4383053.0,435393.0,30
201000027850,10,12,17,2245,5,1,1,1.0,6.0,30189,M,4348834.0,421466.0,30
201000027851,10,12,17,2330,5,1,1,1.0,2.0,30189,M,4382735.0,437474.0,30
201000027852,10,12,18,1705,5,1,3,1.0,2.0,30189,M,,,30
201000027853,10,12,18,1845,5,2,6,1.0,3.0,30189,M,,,30
201000027854,10,12,18,1900,5,2,1,1.0,6.0,30189,M,4383788.0,436647.0,30
201000027855,10,12,20,1815,5,2,2,9.0,6.0,30189,M,4383764.0,436532.0,30
201000027856,10,12,21,915,1,2,2,8.0,6.0,30189,M,4383938.0,436267.0,30
201000027857,10,12,21,1030,1,2,2,8.0,3.0,30189,M,4382750.0,436829.0,30
201000027858,10,12,22,225,3,2,1,2.0,7.0,30189,M,4381730.0,436117.0,30
201000027859,10,12,24,20,5,2,6,2.0,7.0,30189,M,4382433.0,436969.0,30
201000027860,10,12,24,1446,1,2,6,1.0,3.0,30189,M,4382708.0,433140.0,30
201000027861,10,12,24,1638,2,2,2,1.0,6.0,30189,M,4383906.0,436373.0,30
201000027862,10,1,7,1025,1,1,1,1.0,3.0,30351,M,4396045.0,479251.0,30
201000027863,10,1,22,1445,1,1,1,1.0,6.0,30011,M,,,30
201000027864,10,2,2,730,1,1,1,1.0,3.0,30351,M,4395344.0,478484.0,30
201000027865,10,2,9,1910,4,2,1,2.0,1.0,30351,M,,,30
201000027866,10,3,3,2210,3,1,1,2.0,6.0,30011,M,,,30
201000027867,10,2,26,1520,1,2,1,1.0,2.0,30351,M,4396205.0,479660.0,30
201000027868,10,3,22,815,1,2,1,1.0,6.0,30011,M,,,30
201000027869,10,3,28,1505,1,1,1,1.0,1.0,30011,M,4395875.0,476975.0,30
201000027870,10,4,7,1455,1,2,2,1.0,3.0,30011,M,4395810.0,475911.0,30
201000027871,10,4,12,1450,1,2,1,1.0,6.0,30011,M,,,30
201000027872,10,12,23,1215,1,1,1,2.0,3.0,30011,M,4324614.0,471361.0,30
201000027873,10,9,17,1640,1,2,1,1.0,6.0,30011,M,4395322.0,478489.0,30