Num_Acc,an,mois,jour,hrmn,lum,agg,int,atm,col,com,gps,lat,long,dep
201000027874,10,11,22,2245,5,1,1,2.0,6.0,23245,M,4619300.0,183700.0,23
201000027875,10,1,20,1250,1,2,2,3.0,2.0,31069,M,,,31
201000027876,10,1,29,1810,5,2,6,3.0,6.0,31069,M,,,31
201000027877,10,2,2,810,1,2,1,1.0,2.0,31069,M,,,31
201000027878,10,2,14,1050,1,2,6,4.0,3.0,31069,M,,,31
201000027879,10,3,27,2200,5,2,1,1.0,3.0,31069,M,,,31
201000027880,10,4,9,1655,1,2,3,1.0,5.0,31069,M,,,31
201000027881,10,4,10,1455,1,2,6,1.0,2.0,31069,M,,,31
201000027882,10,5,6,240,5,1,1,1.0,7.0,31069,M,,,31
201000027883,10,5,13,1820,1,1,1,2.0,3.0,31069,M,,,31
201000027884,10,6,22,910,1,2,4,1.0,7.0,31069,M,,,31
201000027885,10,7,1,2245,5,2,6,1.0,2.0,31069,M,,,31
201000027886,10,7,17,805,1,2,3,1.0,3.0,31069,M,,,31
201000027887,10,8,3,710,1,2,2,1.0,3.0,31069,M,,,31
201000027888,10,8,31,1513,1,2,1,1.0,7.0,31069,M,,,31
201000027889,10,9,22,815,1,2,3,1.0,7.0,31069,M,,,31
201000027890,10,10,13,803,2,2,6,1.0,6.0,31069,M,,,31
201000027891,10,1,29,704,5,2,3,1.0,3.0,31149,M,,,31
201000027892,10,2,11,620,2,2,1,4.0,1.0,31149,M,,,31
201000027893,10,2,22,830,1,2,6,1.0,6.0,31149,M,,,31
201000027894,10,3,2,1930,2,2,1,1.0,6.0,31149,M,,,31
201000027895,10,3,9,949,1,1,1,1.0,6.0,31149,M,,,31
201000027896,10,3,23,600,5,1,1,1.0,2.0,31149,M,,,31
201000027897,10,3,21,645,2,2,1,2.0,6.0,31149,M,,,31
201000027898,10,3,26,1600,1,2,2,1.0,5.0,31149,M,,,31
201000027899,10,4,30,800,1,2,6,1.0,3.0,31149,M,,,31
201000027900,10,5,3,1745,1,2,1,1.0,6.0,31149,M,4360845.0,345699.0,31
201000027901,10,5,18,1530,1,2,9,1.0,6.0,31149,M,,,31
201000027902,10,6,2,1006,1,2,3,1.0,6.0,31149,M,,,31
201000027903,10,6,4,1400,1,2,3,1.0,5.0,31149,M,,,31
201000027904,10,8,17,1635,1,2,1,1.0,6.0,31149,M,,,31
201000027905,10,9,3,1220,1,2,1,1.0,3.0,31555,M,,,31
201000027906,10,9,3,1750,1,2,6,1.0,3.0,31149,M,,,31
201000027907,10,9,15,1735,1,1,1,1.0,6.0,31149,M,,,31
201000027908,10,10,15,1750,1,2,3,1.0,6.0,31149,M,,,31
201000027909,10,7,8,2316,3,1,1,1.0,7.0,31149,M,,,31
201000027910,10,7,24,453,3,1,1,1.0,6.0,31149,M,4360642.0,345699.0,31
201000027911,10,8,7,150,5,2,1,1.0,6.0,31555,M,,,31
201000027912,10,3,29,1520,1,2,1,1.0,6.0,31483,M,,,31
201000027913,10,4,12,1640,1,2,2,1.0,3.0,31483,M,,,31
201000027914,10,5,1,2208,3,1,1,9.0,6.0,31565,M,,,31
201000027915,10,5,10,1700,1,2,1,1.0,6.0,31483,M,,,31
201000027916,10,6,3,1730,1,1,1,1.0,2.0,31483,M,,,31
201000027917,10,6,26,1755,1,1,1,1.0,1.0,31483,M,,,31
201000027918,10,7,27,1620,1,2,1,1.0,2.0,31483,M,,,31
201000027919,10,8,5,20,5,2,3,1.0,6.0,31344,M,,,31
201000027920,10,8,6,1630,1,2,1,1.0,7.0,31483,M,,,31
201000027921,10,8,13,810,1,2,2,1.0,3.0,31483,M,,,31
201000027922,10,8,14,1620,1,2,1,1.0,3.0,31483,M,,,31
201000027923,10,8,19,1920,1,1,1,1.0,3.0,31483,M,,,31
201000027924,10,9,3,1310,1,1,1,1.0,7.0,31483,M,,,31
201000027925,10,9,8,1450,1,2,3,1.0,3.0,31565,M,,,31
201000027926,10,9,19,1010,1,2,3,1.0,3.0,31565,M,,,31
201000027927,10,10,9,1610,1,2,3,1.0,2.0,31483,M,,,31
201000027928,10,10,10,1150,1,2,7,2.0,6.0,31483,M,,,31
201000027929,10,10,27,945,1,2,6,1.0,3.0,31483,M,,,31
201000027930,10,12,6,1420,1,2,1,1.0,3.0,31483,M,,,31
201000027931,10,12,6,1715,2,1,1,8.0,2.0,31483,M,,,31
201000027932,10,12,15,1400,1,2,1,1.0,6.0,31483,M,,,31
201000027933,10,12,24,2255,5,2,3,4.0,6.0,31483,M,,,31
201000027934,10,12,27,1400,1,2,6,1.0,3.0,31483,M,,,31
201000027935,10,12,27,1130,1,1,1,1.0,7.0,31483,M,,,31
201000027936,10,1,1,725,5,2,1,2.0,6.0,31555,M,4363960.0,146577.0,31
201000027937,10,1,1,1545,1,2,1,1.0,2.0,31555,M,4362740.0,147920.0,31
201000027938,10,1,2,1345,1,1,1,1.0,6.0,31555,M,4356690.0,141764.0,31
201000027939,10,1,3,1500,1,1,1,2.0,6.0,31555,M,4356990.0,142630.0,31
201000027940,10,1,3,1525,1,2,1,2.0,6.0,31555,M,4355850.0,150328.0,31
201000027941,10,1,4,745,5,2,1,1.0,3.0,31555,M,4366170.0,141643.0,31
201000027942,10,1,4,1610,1,2,2,1.0,3.0,31555,M,4360590.0,142816.0,31
201000027943,10,1,2,1610,1,2,1,1.0,2.0,31555,M,4358090.0,139620.0,31
201000027944,10,1,5,2215,5,2,2,1.0,3.0,31555,M,4357660.0,145096.0,31
201000027945,10,1,6,1410,1,2,3,1.0,2.0,31555,M,4360470.0,144174.0,31
201000027946,10,1,6,1630,1,2,3,1.0,3.0,31555,M,4358180.0,144888.0,31
201000027947,10,1,7,755,2,2,2,1.0,3.0,31555,M,4358440.0,141557.0,31
201000027948,10,1,7,2035,5,2,2,2.0,1.0,31555,M,4364310.0,141572.0,31
201000027949,10,1,10,1250,1,2,1,1.0,7.0,31555,M,4357020.0,142465.0,31
201000027950,10,1,12,740,2,2,1,1.0,6.0,31555,M,4358450.0,145271.0,31
201000027951,10,1,13,1330,1,2,2,1.0,3.0,31555,M,4360750.0,142827.0,31
201000027952,10,1,13,1400,1,2,1,1.0,6.0,31555,M,4360550.0,145115.0,31
201000027953,10,1,13,1700,1,1,1,1.0,3.0,31555,M,4360500.0,139674.0,31
201000027954,10,1,13,1840,5,2,1,1.0,6.0,31555,M,4359360.0,142083.0,31
201000027955,10,1,14,725,5,2,1,1.0,2.0,31555,M,4359030.0,137950.0,31
201000027956,10,1,14,830,1,2,4,1.0,5.0,31555,M,4358850.0,142092.0,31
201000027957,10,1,14,1750,5,1,1,3.0,4.0,31555,M,4358420.0,149677.0,31
201000027958,10,1,14,1800,5,2,5,3.0,6.0,31555,M,4356170.0,139488.0,31
201000027959,10,1,15,1430,1,2,1,1.0,6.0,31555,M,4361560.0,144564.0,31
201000027960,10,1,16,1855,5,2,3,1.0,6.0,31555,M,4357080.0,145457.0,31
201000027961,10,1,16,2240,5,2,3,1.0,3.0,31555,M,4359720.0,145671.0,31
201000027962,10,1,17,830,1,1,1,1.0,6.0,31555,M,4359300.0,149369.0,31
201000027963,10,1,15,705,5,2,1,1.0,2.0,31555,M,4361320.0,145985.0,31
201000027964,10,1,18,1205,1,2,6,1.0,6.0,31555,M,4358520.0,142823.0,31
201000027965,10,1,18,1830,5,2,1,1.0,5.0,31555,M,4358990.0,137386.0,31
201000027966,10,1,18,2345,5,1,1,1.0,7.0,31555,M,4361370.0,141760.0,31
201000027967,10,1,22,300,5,2,3,1.0,3.0,31555,M,4365690.0,142069.0,31
201000027968,10,1,18,1935,5,2,2,1.0,3.0,31555,M,4357740.0,143631.0,31
201000027969,10,1,22,1935,5,2,8,1.0,3.0,31555,M,4357870.0,142047.0,31
201000027970,10,1,22,845,1,2,1,1.0,2.0,31555,M,4361910.0,142336.0,31
201000027971,10,1,23,1700,1,2,1,1.0,3.0,31555,M,4358410.0,144797.0,31
201000027972,10,1,23,2000,5,2,2,1.0,3.0,31555,M,4360250.0,141477.0,31
201000027973,10,1,24,310,5,2,1,1.0,7.0,31555,M,4359320.0,144487.0,31
201000027974,10,1,24,1945,5,2,3,2.0,3.0,31555,M,4365790.0,143554.0,31
201000027975,10,1,25,1930,5,2,6,1.0,3.0,31555,M,4358380.0,147027.0,31
201000027976,10,1,26,845,1,2,1,1.0,3.0,31555,M,4362620.0,141061.0,31
201000027977,10,1,26,1000,1,2,1,7.0,6.0,31555,M,4362490.0,142344.0,31
201000027978,10,1,26,1400,1,2,2,1.0,3.0,31555,M,4357140.0,145392.0,31
201000027979,10,1,27,740,2,2,1,1.0,6.0,31555,M,4365830.0,143854.0,31
201000027980,10,1,28,1900,5,2,2,1.0,6.0,31555,M,4357400.0,149116.0,31
201000027981,10,1,29,30,5,1,1,2.0,1.0,31555,M,4361240.0,141645.0,31
201000027982,10,1,29,1535,1,2,1,1.0,3.0,31555,M,4359570.0,143234.0,31
201000027983,10,1,30,50,5,1,1,2.0,2.0,31555,M,4360780.0,141003.0,31
201000027984,10,1,31,445,5,2,2,1.0,3.0,31555,M,4360590.0,140171.0,31
201000027985,10,1,30,2100,5,1,1,1.0,6.0,31555,M,4361640.0,139266.0,31
201000027986,10,2,1,945,1,2,2,7.0,3.0,31555,M,,,31
201000027987,10,2,1,1840,5,1,1,1.0,2.0,31555,M,,,31
201000027988,10,2,1,2245,5,2,1,1.0,3.0,31555,M,,,31
201000027989,10,2,1,1520,1,2,1,1.0,6.0,31555,M,,,31
201000027990,10,1,29,1210,1,2,1,2.0,6.0,31555,M,4358060.0,139592.0,31
201000027991,10,2,5,1625,1,2,1,1.0,6.0,31555,M,,,31
201000027992,10,2,8,1110,1,2,1,1.0,6.0,31555,M,,,31
201000027993,10,2,9,1540,1,2,1,1.0,6.0,31555,M,,,31
201000027994,10,2,10,715,2,1,1,8.0,2.0,31555,M,,,31
201000027995,10,2,10,1320,1,2,1,1.0,7.0,31555,M,,,31
201000027996,10,2,10,2315,5,2,1,1.0,6.0,31555,M,,,31
201000027997,10,2,11,1000,1,2,1,1.0,1.0,31555,M,,,31
201000027998,10,2,11,1515,1,2,3,8.0,3.0,31555,M,,,31
201000027999,10,2,12,20,5,2,2,1.0,3.0,31555,M,,,31
201000028000,10,2,13,1430,1,2,6,1.0,3.0,31555,M,,,31
201000028001,10,2,15,1500,1,2,1,1.0,3.0,31555,M,,,31
201000028002,10,2,17,100,5,2,1,1.0,6.0,31555,M,,,31
201000028003,10,2,17,320,5,2,1,1.0,7.0,31555,M,,,31
201000028004,10,2,17,1855,5,2,1,2.0,6.0,31555,M,,,31
201000028005,10,2,18,1430,1,2,1,1.0,3.0,31555,M,,,31
201000028006,10,2,19,1845,5,2,6,1.0,3.0,31555,M,,,31
201000028007,10,2,21,615,5,2,1,1.0,6.0,31555,M,,,31
201000028008,10,2,21,950,1,2,2,1.0,5.0,31555,M,,,31
201000028009,10,2,21,605,5,2,1,1.0,3.0,31555,M,,,31
201000028010,10,2,19,1420,1,2,1,1.0,3.0,31555,M,,,31
201000028011,10,2,19,2210,5,1,1,1.0,6.0,31555,M,,,31
201000028012,10,2,24,915,1,2,2,1.0,3.0,31555,M,,,31
201000028013,10,2,24,1200,1,2,1,1.0,1.0,31555,M,,,31
201000028014,10,2,24,2310,5,2,1,2.0,1.0,31555,M,,,31
201000028015,10,2,25,115,5,2,1,1.0,3.0,31555,M,,,31
201000028016,10,2,25,820,1,2,1,1.0,3.0,31555,M,,,31
201000028017,10,2,25,1120,1,2,2,1.0,3.0,31555,M,,,31
201000028018,10,2,26,1710,1,2,1,1.0,3.0,31555,M,,,31
201000028019,10,2,26,2045,5,2,1,1.0,2.0,31555,M,,,31
201000028020,10,2,27,1100,1,2,1,1.0,7.0,31555,M,,,31
201000028021,10,2,28,1100,1,2,1,1.0,2.0,31555,M,,,31
201000028022,10,3,2,330,5,1,1,1.0,6.0,31555,M,,,31
201000028023,10,3,2,610,5,1,1,1.0,2.0,31555,M,,,31
201000028024,10,3,2,1235,1,2,1,1.0,3.0,31555,M,,,31
201000028025,10,3,2,1900,5,2,1,1.0,3.0,31555,M,,,31
201000028026,10,3,3,1158,1,2,1,1.0,3.0,31555,M,,,31
201000028027,10,3,3,1420,1,2,1,1.0,6.0,31555,M,,,31
201000028028,10,3,5,1045,1,2,1,1.0,5.0,31555,M,,,31
201000028029,10,3,6,1935,5,2,1,1.0,6.0,31555,M,,,31
201000028030,10,3,6,1940,5,2,2,1.0,3.0,31555,M,,,31
201000028031,10,3,6,2010,3,2,1,1.0,6.0,31555,M,,,31
201000028032,10,3,6,2030,5,2,1,1.0,2.0,31555,M,,,31
201000028033,10,3,7,640,5,1,1,1.0,6.0,31555,M,,,31
201000028034,10,3,7,1850,5,2,1,1.0,2.0,31555,M,,,31
201000028035,10,3,8,825,1,2,2,4.0,3.0,31555,M,,,31
201000028036,10,3,8,1000,1,2,1,3.0,4.0,31555,M,,,31
201000028037,10,3,8,1050,1,1,1,4.0,3.0,31555,M,,,31
201000028038,10,3,8,2245,5,2,1,4.0,2.0,31555,M,,,31
201000028039,10,3,9,1620,1,2,1,1.0,2.0,31555,M,,,31
201000028040,10,3,9,2041,3,2,1,1.0,1.0,31555,M,,,31
201000028041,10,3,10,738,1,2,1,1.0,3.0,31555,M,,,31
201000028042,10,3,8,1210,1,2,3,4.0,3.0,31555,M,,,31
201000028043,10,3,11,820,1,2,1,8.0,2.0,31555,M,,,31
201000028044,10,3,12,1200,1,2,1,1.0,6.0,31555,M,,,31
201000028045,10,3,12,1745,1,2,1,1.0,6.0,31555,M,,,31
201000028046,10,3,13,1105,1,2,1,1.0,3.0,31555,M,,,31
201000028047,10,3,14,155,5,2,3,1.0,3.0,31555,M,,,31
201000028048,10,3,4,1950,5,2,1,1.0,2.0,31555,M,,,31
201000028049,10,3,15,1710,1,2,1,1.0,6.0,31555,M,,,31
201000028050,10,3,16,1925,5,1,1,1.0,2.0,31555,M,,,31
201000028051,10,3,17,1800,1,2,1,1.0,3.0,31555,M,,,31
201000028052,10,3,12,1705,1,2,1,1.0,5.0,31555,M,,,31
201000028053,10,3,18,715,1,2,1,1.0,3.0,31555,M,,,31
201000028054,10,3,19,2255,5,2,3,1.0,3.0,31555,M,,,31
201000028055,10,3,20,1550,1,2,1,1.0,3.0,31555,M,,,31
201000028056,10,3,20,1015,1,1,1,1.0,6.0,31555,M,,,31
201000028057,10,3,20,1050,1,2,1,1.0,6.0,31555,M,,,31
201000028058,10,3,21,700,1,1,1,1.0,6.0,31555,M,,,31
201000028059,10,3,21,1607,1,1,1,2.0,7.0,31555,M,,,31
201000028060,10,3,21,2310,5,1,1,2.0,2.0,31555,M,,,31
201000028061,10,3,22,1750,1,2,1,1.0,3.0,31555,M,,,31
201000028062,10,3,20,1205,1,2,6,1.0,2.0,31555,M,,,31
201000028063,10,3,24,705,2,2,2,1.0,3.0,31555,M,,,31
201000028064,10,3,24,1130,1,2,1,1.0,2.0,31555,M,,,31
201000028065,10,3,24,2010,5,2,2,1.0,3.0,31555,M,,,31
201000028066,10,3,25,900,1,1,3,1.0,3.0,31555,M,,,31
201000028067,10,3,25,1220,1,2,1,1.0,3.0,31555,M,,,31
201000028068,10,3,25,1215,1,2,3,1.0,2.0,31555,M,,,31
201000028069,10,3,27,1640,1,2,1,1.0,6.0,31555,M,,,31
201000028070,10,3,27,1800,1,2,1,1.0,2.0,31555,M,,,31
201000028071,10,3,28,1440,1,2,1,1.0,6.0,31555,M,,,31
201000028072,10,3,28,650,5,2,3,1.0,3.0,31555,M,,,31
201000028073,10,3,29,850,1,2,1,1.0,6.0,31555,M,,,31
201000028074,10,3,29,2000,1,2,1,1.0,2.0,31555,M,,,31
201000028075,10,3,30,500,5,2,3,2.0,3.0,31555,M,,,31
201000028076,10,3,30,1738,1,2,3,2.0,3.0,31555,M,,,31
201000028077,10,3,31,1345,1,2,1,1.0,3.0,31555,M,,,31
201000028078,10,3,31,1625,1,1,1,1.0,6.0,31555,M,,,31
201000028079,10,4,1,1400,1,2,2,1.0,3.0,31555,M,,,31
201000028080,10,4,1,1830,1,2,1,1.0,6.0,31555,M,,,31
201000028081,10,4,2,1710,1,2,1,1.0,3.0,31555,M,,,31
201000028082,10,4,3,950,1,2,1,1.0,3.0,31555,M,,,31
201000028083,10,4,3,1210,1,2,1,1.0,2.0,31555,M,,,31
201000028084,10,4,4,1345,1,1,1,1.0,6.0,31555,M,,,31
201000028085,10,4,4,1728,1,2,1,2.0,6.0,31555,M,,,31
201000028086,10,4,4,1425,1,2,1,1.0,3.0,31555,M,,,31
201000028087,10,4,4,1025,1,2,1,1.0,2.0,31555,M,,,31
201000028088,10,4,5,125,5,2,1,1.0,2.0,31555,M,,,31
201000028089,10,4,2,1950,2,2,3,1.0,3.0,31555,M,,,31
201000028090,10,4,6,1700,1,2,1,1.0,2.0,31555,M,,,31
201000028091,10,4,8,900,1,2,1,1.0,3.0,31555,M,,,31
201000028092,10,4,9,1220,1,1,1,1.0,2.0,31555,M,,,31
201000028093,10,4,10,140,5,2,1,1.0,6.0,31555,M,,,31
201000028094,10,4,11,725,1,2,1,1.0,6.0,31555,M,,,31
201000028095,10,4,11,1550,1,2,1,1.0,2.0,31555,M,,,31
201000028096,10,4,12,1850,1,2,3,1.0,3.0,31555,M,,,31
201000028097,10,4,12,1935,1,2,3,1.0,3.0,31555,M,,,31
201000028098,10,4,13,1555,1,2,1,1.0,3.0,31555,M,,,31
201000028099,10,4,13,1700,1,2,6,1.0,3.0,31555,M,,,31
201000028100,10,4,13,1848,1,2,1,1.0,6.0,31555,M,,,31
201000028101,10,4,14,2215,5,2,2,1.0,3.0,31555,M,,,31
201000028102,10,4,14,1125,1,2,1,1.0,2.0,31555,M,,,31
201000028103,10,4,15,120,5,2,1,1.0,6.0,31555,M,,,31
201000028104,10,4,15,500,5,2,3,1.0,3.0,31555,M,,,31
201000028105,10,4,15,645,2,2,3,1.0,3.0,31555,M,,,31
201000028106,10,4,15,1850,1,2,1,1.0,3.0,31555,M,,,31
201000028107,10,4,16,120,5,2,1,1.0,6.0,31555,M,,,31
201000028108,10,4,16,910,1,2,3,1.0,3.0,31555,M,,,31
201000028109,10,4,16,1030,1,2,1,1.0,7.0,31555,M,,,31
201000028110,10,4,16,1420,1,2,1,1.0,5.0,31555,M,,,31
201000028111,10,4,16,2120,5,2,1,1.0,3.0,31555,M,,,31
201000028112,10,4,16,2230,5,2,1,1.0,3.0,31555,M,,,31
201000028113,10,4,17,1630,1,2,1,1.0,7.0,31555,M,,,31
201000028114,10,4,19,820,1,2,1,1.0,6.0,31555,M,,,31
201000028115,10,4,20,850,1,2,1,1.0,3.0,31555,M,,,31
201000028116,10,4,20,1745,1,2,3,1.0,3.0,31555,M,,,31
201000028117,10,4,21,510,5,2,3,1.0,3.0,31555,M,,,31
201000028118,10,4,21,1750,1,1,1,1.0,4.0,31555,M,,,31
201000028119,10,4,21,1810,1,2,3,1.0,3.0,31555,M,,,31
201000028120,10,4,22,1530,1,2,1,1.0,6.0,31555,M,,,31
201000028121,10,4,22,1700,1,2,6,1.0,3.0,31555,M,,,31
201000028122,10,4,23,1220,1,2,1,8.0,3.0,31555,M,,,31
201000028123,10,4,23,2145,5,2,1,1.0,2.0,31555,M,,,31
201000028124,10,4,24,1840,1,2,1,1.0,2.0,31555,M,,,31
201000028125,10,4,25,320,5,2,1,1.0,5.0,31555,M,,,31
201000028126,10,4,26,1058,1,2,3,8.0,3.0,31555,M,,,31
201000028127,10,4,26,1140,1,2,1,1.0,6.0,31555,M,,,31
201000028128,10,4,24,1145,1,2,1,1.0,4.0,31555,M,,,31
201000028129,10,4,27,700,1,2,3,1.0,3.0,31555,M,,,31
201000028130,10,4,27,906,1,2,1,1.0,6.0,31555,M,,,31
201000028131,10,4,27,1520,1,2,1,1.0,3.0,31555,M,,,31
201000028132,10,4,27,1720,1,2,1,1.0,3.0,31555,M,,,31
201000028133,10,4,28,837,1,2,3,1.0,3.0,31555,M,,,31
201000028134,10,4,25,1900,1,2,1,1.0,2.0,31555,M,,,31
201000028135,10,4,29,1420,1,2,1,1.0,6.0,31555,M,,,31
201000028136,10,4,29,1700,1,2,1,1.0,6.0,31555,M,,,31
201000028137,10,4,30,345,5,2,1,1.0,6.0,31555,M,,,31
201000028138,10,5,1,545,3,1,1,1.0,5.0,31555,M,,,31
201000028139,10,5,1,1156,1,2,1,1.0,6.0,31555,M,,,31
201000028140,10,5,1,1745,1,2,1,3.0,3.0,31555,M,,,31
201000028141,10,5,2,150,5,2,4,1.0,3.0,31555,M,,,31
201000028142,10,5,2,1304,1,2,3,2.0,3.0,31555,M,,,31
201000028143,10,5,2,1843,1,2,1,1.0,1.0,31555,M,,,31
201000028144,10,4,30,1911,1,2,1,1.0,6.0,31555,M,,,31
201000028145,10,5,3,810,1,2,1,1.0,3.0,31555,M,,,31
201000028146,10,5,2,620,5,1,1,1.0,6.0,31555,M,,,31
201000028147,10,5,5,800,1,2,1,1.0,5.0,31555,M,,,31
201000028148,10,5,6,205,5,2,1,3.0,6.0,31555,M,,,31
201000028149,10,5,5,1930,1,2,1,2.0,6.0,31555,M,,,31
201000028150,10,5,5,1230,1,2,1,1.0,5.0,31555,M,,,31
201000028151,10,5,6,1945,1,2,1,1.0,6.0,31555,M,,,31
201000028152,10,5,8,2025,1,1,6,1.0,3.0,31555,M,,,31
201000028153,10,5,8,2200,5,2,3,2.0,3.0,31555,M,,,31
201000028154,10,5,8,2250,1,2,1,1.0,3.0,31555,M,,,31
201000028155,10,5,10,810,1,2,1,1.0,6.0,31555,M,,,31
201000028156,10,5,10,2245,5,2,1,3.0,6.0,31555,M,,,31
201000028157,10,5,11,1620,1,2,3,1.0,3.0,31555,M,,,31
201000028158,10,5,11,1800,1,1,1,1.0,3.0,31555,M,,,31
201000028159,10,5,12,1647,1,2,1,1.0,6.0,31555,M,,,31
201000028160,10,5,12,1215,1,2,1,1.0,3.0,31555,M,,,31
201000028161,10,5,12,2310,5,2,3,1.0,3.0,31555,M,,,31
201000028162,10,5,12,2035,2,2,3,1.0,3.0,31555,M,,,31
201000028163,10,5,13,400,5,2,1,1.0,6.0,31555,M,,,31
201000028164,10,5,14,645,2,2,3,1.0,5.0,31555,M,,,31
201000028165,10,5,14,1510,1,2,1,1.0,2.0,31555,M,,,31
201000028166,10,5,15,1330,1,2,3,1.0,5.0,31555,M,,,31
201000028167,10,5,13,230,5,2,1,3.0,2.0,31555,M,,,31
201000028168,10,5,17,2120,5,2,1,1.0,6.0,31555,M,,,31
201000028169,10,5,12,915,1,2,1,1.0,6.0,31555,M,,,31
201000028170,10,5,18,750,1,2,1,1.0,3.0,31555,M,,,31
201000028171,10,5,18,1915,1,2,1,1.0,6.0,31555,M,,,31
201000028172,10,5,19,1640,1,2,1,1.0,6.0,31555,M,,,31
201000028173,10,5,20,2230,5,2,1,1.0,6.0,31555,M,,,31
201000028174,10,5,21,150,5,2,1,1.0,6.0,31555,M,,,31
201000028175,10,5,21,800,1,1,1,1.0,6.0,31149,M,,,31
201000028176,10,5,21,940,1,2,3,1.0,3.0,31555,M,,,31
201000028177,10,5,21,1740,1,2,1,1.0,6.0,31555,M,,,31
201000028178,10,5,21,1945,1,2,1,1.0,3.0,31555,M,,,31
201000028179,10,5,21,2015,1,2,1,1.0,6.0,31555,M,,,31
201000028180,10,5,27,850,1,1,1,1.0,4.0,31555,M,,,31
201000028181,10,5,27,1730,1,2,1,1.0,5.0,31555,M,,,31
201000028182,10,5,27,1909,1,2,1,1.0,3.0,31555,M,,,31
201000028183,10,5,27,800,1,2,1,1.0,3.0,31555,M,,,31
201000028184,10,5,28,750,1,2,1,1.0,3.0,31555,M,,,31
201000028185,10,5,30,255,5,2,1,1.0,6.0,31555,M,,,31
201000028186,10,5,31,1845,1,2,1,1.0,3.0,31555,M,,,31
201000028187,10,6,2,1100,1,2,3,1.0,3.0,31555,M,,,31
201000028188,10,5,27,1530,1,2,1,1.0,3.0,31555,M,,,31
201000028189,10,6,3,1820,1,2,1,1.0,6.0,31555,M,,,31
201000028190,10,6,3,1850,1,2,1,1.0,5.0,31555,M,,,31
201000028191,10,6,4,1444,1,1,1,1.0,7.0,31555,M,,,31
201000028192,10,6,4,1140,1,2,1,1.0,3.0,31555,M,,,31
201000028193,10,6,5,58,4,2,1,1.0,3.0,31555,M,,,31
201000028194,10,6,6,5,5,2,3,1.0,3.0,31555,M,,,31
201000028195,10,6,6,1850,1,2,3,1.0,3.0,31555,M,,,31
201000028196,10,6,2,930,1,2,3,1.0,3.0,31555,M,,,31
201000028197,10,6,8,1715,1,2,1,1.0,6.0,31555,M,,,31
201000028198,10,6,9,1640,1,2,2,1.0,3.0,31555,M,,,31
201000028199,10,6,9,1710,1,2,1,1.0,3.0,31555,M,,,31
201000028200,10,6,9,1925,1,2,1,1.0,7.0,31555,M,,,31
201000028201,10,6,4,1105,1,2,1,1.0,3.0,31555,M,,,31
201000028202,10,6,8,900,1,2,1,2.0,2.0,31555,M,,,31
201000028203,10,6,8,1450,1,2,1,1.0,3.0,31555,M,,,31
201000028204,10,6,10,1550,1,2,1,1.0,6.0,31555,M,,,31
201000028205,10,6,13,1500,1,2,1,1.0,3.0,31555,M,,,31
201000028206,10,5,14,335,5,2,1,1.0,6.0,31555,M,,,31
201000028207,10,6,14,2230,5,2,1,2.0,6.0,31555,M,,,31
201000028208,10,6,14,2200,5,2,1,2.0,6.0,31555,M,,,31
201000028209,10,6,15,2329,5,2,1,1.0,6.0,31555,M,,,31
201000028210,10,6,16,1245,1,2,2,1.0,6.0,31555,M,,,31
201000028211,10,6,17,1740,1,2,2,1.0,2.0,31555,M,,,31
201000028212,10,6,17,2325,5,2,1,1.0,7.0,31555,M,,,31
201000028213,10,6,18,2350,5,1,1,1.0,3.0,31555,M,,,31
201000028214,10,6,19,1530,1,2,2,2.0,3.0,31555,M,,,31
201000028215,10,6,19,1740,1,1,1,2.0,7.0,31555,M,,,31
201000028216,10,6,19,1830,1,1,1,1.0,7.0,31555,M,,,31
201000028217,10,6,19,2250,5,2,1,3.0,1.0,31555,M,,,31
201000028218,10,6,20,120,5,1,1,1.0,7.0,31555,M,,,31
201000028219,10,6,20,1400,1,2,1,1.0,1.0,31555,M,,,31
201000028220,10,6,22,105,3,2,1,1.0,7.0,31555,M,,,31
201000028221,10,4,18,1435,1,2,1,1.0,7.0,31555,M,,,31
201000028222,10,6,22,1930,1,2,1,1.0,5.0,31555,M,,,31
201000028223,10,6,22,2120,4,2,3,1.0,3.0,31555,M,,,31
201000028224,10,6,23,1600,1,2,1,1.0,3.0,31555,M,,,31
201000028225,10,6,23,1820,1,2,1,1.0,2.0,31555,M,,,31
201000028226,10,6,19,815,1,2,1,1.0,6.0,31555,M,,,31
201000028227,10,6,24,1605,1,2,2,1.0,3.0,31555,M,,,31
201000028228,10,6,24,1200,1,2,3,1.0,3.0,31555,M,,,31
201000028229,10,6,24,1504,1,2,1,1.0,2.0,31555,M,,,31
201000028230,10,6,25,1420,1,2,1,1.0,2.0,31555,M,,,31
201000028231,10,6,25,1610,1,2,1,1.0,6.0,31555,M,,,31
201000028232,10,6,26,1718,1,2,1,1.0,3.0,31555,M,,,31
201000028233,10,6,26,400,5,2,1,1.0,6.0,31555,M,,,31
201000028234,10,6,27,600,2,2,1,1.0,6.0,31555,M,,,31
201000028235,10,6,28,1315,1,1,1,1.0,6.0,31555,M,,,31
201000028236,10,6,29,1830,1,2,1,1.0,4.0,31555,M,,,31
201000028237,10,7,2,845,1,2,1,1.0,2.0,31555,M,,,31
201000028238,10,7,2,1330,1,2,1,1.0,6.0,31555,M,,,31
201000028239,10,7,3,5,3,1,1,1.0,6.0,31555,M,,,31
201000028240,10,7,6,2002,1,2,1,1.0,3.0,31555,M,,,31
201000028241,10,7,6,950,1,1,1,1.0,3.0,31555,M,,,31
201000028242,10,7,6,1750,1,2,1,1.0,6.0,31555,M,,,31