Num_Acc,an,mois,jour,hrmn,lum,agg,int,atm,col,com,gps,lat,long,dep
201000028243,10,7,6,2100,1,2,1,1.0,3.0,31555,M,,,31
201000028244,10,7,6,2130,1,2,1,1.0,7.0,31555,M,,,31
201000028245,10,7,6,2250,5,1,1,1.0,6.0,31555,M,,,31
201000028246,10,7,5,1955,2,2,1,1.0,6.0,31555,M,,,31
201000028247,10,7,8,852,1,2,1,1.0,6.0,31555,M,,,31
201000028248,10,7,8,1720,1,2,3,1.0,3.0,31555,M,,,31
201000028249,10,7,9,526,5,2,1,1.0,1.0,31555,M,,,31
201000028250,10,7,9,545,5,2,1,1.0,2.0,31555,M,,,31
201000028251,10,7,9,600,2,2,1,1.0,1.0,31555,M,,,31
201000028252,10,7,9,800,1,2,1,1.0,3.0,31555,M,,,31
201000028253,10,7,10,1750,1,2,1,1.0,3.0,31555,M,,,31
201000028254,10,7,13,2030,1,2,1,1.0,6.0,31555,M,,,31
201000028255,10,7,14,350,5,2,2,1.0,4.0,31555,M,,,31
201000028256,10,7,14,1821,1,2,1,1.0,1.0,31555,M,,,31
201000028257,10,7,15,1125,1,2,1,1.0,1.0,31555,M,,,31
201000028258,10,7,15,1650,1,2,1,1.0,3.0,31555,M,,,31
201000028259,10,7,15,1900,1,2,1,1.0,3.0,31555,M,,,31
201000028260,10,7,15,1930,1,2,1,1.0,3.0,31555,M,,,31
201000028261,10,7,16,920,1,2,1,1.0,6.0,31555,M,,,31
201000028262,10,7,16,1230,1,2,1,1.0,2.0,31555,M,,,31
201000028263,10,7,18,710,2,2,1,1.0,6.0,31555,M,,,31
201000028264,10,7,18,1800,1,2,1,1.0,6.0,31555,M,,,31
201000028265,10,7,19,205,5,1,1,1.0,6.0,31555,M,,,31
201000028266,10,7,19,20,5,2,1,1.0,3.0,31555,M,,,31
201000028267,10,7,21,450,5,2,1,1.0,3.0,31555,M,,,31
201000028268,10,7,20,730,2,2,3,1.0,3.0,31555,M,,,31
201000028269,10,7,20,845,1,2,1,1.0,6.0,31555,M,,,31
201000028270,10,7,22,1410,1,2,1,2.0,1.0,31555,M,,,31
201000028271,10,7,22,1445,1,2,1,1.0,3.0,31555,M,,,31
201000028272,10,7,22,1720,1,2,3,1.0,3.0,31555,M,,,31
201000028273,10,7,22,2310,5,2,2,1.0,3.0,31555,M,,,31
201000028274,10,7,23,1130,1,2,1,1.0,2.0,31555,M,,,31
201000028275,10,7,26,900,1,2,2,1.0,3.0,31555,M,,,31
201000028276,10,7,26,1545,1,2,1,1.0,3.0,31555,M,,,31
201000028277,10,7,27,1330,1,2,1,1.0,2.0,31555,M,,,31
201000028278,10,7,27,1920,1,1,1,1.0,3.0,31555,M,,,31
201000028279,10,7,28,1035,1,2,1,1.0,6.0,31555,M,,,31
201000028280,10,7,28,940,1,1,1,1.0,4.0,31555,M,,,31
201000028281,10,7,28,1850,1,2,1,1.0,3.0,31555,M,,,31
201000028282,10,7,28,2045,1,2,1,1.0,7.0,31555,M,,,31
201000028283,10,7,29,750,1,1,1,1.0,2.0,31555,M,,,31
201000028284,10,7,30,150,5,2,1,1.0,6.0,31555,M,,,31
201000028285,10,7,30,1330,1,2,1,1.0,6.0,31555,M,,,31
201000028286,10,7,31,1820,1,2,1,1.0,7.0,31555,M,,,31
201000028287,10,8,1,130,5,2,1,1.0,2.0,31555,M,,,31
201000028288,10,8,7,830,1,2,3,1.0,5.0,31555,M,,,31
201000028289,10,6,18,1400,1,2,3,1.0,2.0,31555,M,,,31
201000028290,10,8,11,1,5,2,1,1.0,7.0,31555,M,,,31
201000028291,10,8,11,1145,1,2,1,1.0,6.0,31555,M,,,31
201000028292,10,8,11,1602,1,2,2,1.0,2.0,31555,M,,,31
201000028293,10,8,11,1735,1,2,1,1.0,4.0,31555,M,,,31
201000028294,10,8,13,20,5,2,2,1.0,3.0,31555,M,,,31
201000028295,10,8,13,1850,1,2,1,1.0,3.0,31555,M,,,31
201000028296,10,8,14,2220,5,2,1,1.0,6.0,31555,M,,,31
201000028297,10,8,13,2320,5,2,1,1.0,7.0,31555,M,,,31
201000028298,10,8,19,240,5,2,1,1.0,7.0,31555,M,,,31
201000028299,10,8,19,750,1,2,1,7.0,7.0,31555,M,,,31
201000028300,10,8,20,1745,1,2,1,1.0,4.0,31555,M,,,31
201000028301,10,8,23,1410,1,2,1,1.0,7.0,31555,M,,,31
201000028302,10,8,24,1530,1,2,3,1.0,3.0,31555,M,,,31
201000028303,10,8,25,645,2,2,6,1.0,1.0,31555,M,,,31
201000028304,10,8,25,1750,1,2,6,2.0,4.0,31555,M,,,31
201000028305,10,8,28,225,5,2,1,1.0,6.0,31555,M,,,31
201000028306,10,8,28,455,5,2,1,1.0,6.0,31555,M,,,31
201000028307,10,8,31,1745,1,2,1,1.0,4.0,31555,M,,,31
201000028308,10,9,1,1515,1,2,1,1.0,3.0,31555,M,,,31
201000028309,10,9,2,40,5,2,1,1.0,6.0,31555,M,,,31
201000028310,10,9,2,1725,1,2,1,1.0,3.0,31555,M,,,31
201000028311,10,9,4,120,5,2,1,1.0,6.0,31555,M,,,31
201000028312,10,9,5,350,5,1,1,2.0,1.0,31555,M,,,31
201000028313,10,9,5,430,5,2,1,1.0,2.0,31555,M,,,31
201000028314,10,9,5,1625,1,2,1,1.0,3.0,31555,M,,,31
201000028315,10,8,29,1850,1,2,2,1.0,3.0,31555,M,4358440.0,144784.0,31
201000028316,10,9,6,1027,1,2,1,1.0,6.0,31555,M,,,31
201000028317,10,9,7,810,1,2,3,1.0,3.0,31555,M,,,31
201000028318,10,9,7,1820,1,2,1,1.0,6.0,31555,M,,,31
201000028319,10,9,8,810,1,2,1,1.0,6.0,31555,M,,,31
201000028320,10,9,8,1002,1,2,3,1.0,3.0,31555,M,,,31
201000028321,10,9,8,1440,1,1,1,1.0,3.0,31555,M,,,31
201000028322,10,9,6,1700,1,2,3,1.0,3.0,31555,M,,,31
201000028323,10,9,9,1640,1,2,3,8.0,3.0,31555,M,,,31
201000028324,10,9,9,1755,1,1,1,1.0,4.0,31555,M,,,31
201000028325,10,9,10,2115,5,2,2,1.0,3.0,31555,M,,,31
201000028326,10,9,10,855,1,2,1,1.0,2.0,31555,M,,,31
201000028327,10,9,10,930,1,2,1,1.0,2.0,31555,M,,,31
201000028328,10,9,13,1245,1,2,1,1.0,4.0,31555,M,,,31
201000028329,10,9,14,930,1,1,1,1.0,3.0,31555,M,,,31
201000028330,10,9,14,1740,1,2,1,1.0,6.0,31555,M,,,31
201000028331,10,9,14,1730,1,2,6,1.0,3.0,31555,M,,,31
201000028332,10,9,14,1910,1,2,1,1.0,3.0,31555,M,,,31
201000028333,10,9,15,1800,1,2,2,1.0,6.0,31555,M,,,31
201000028334,10,9,16,1720,1,2,2,1.0,3.0,31555,M,,,31
201000028335,10,9,16,2000,5,1,1,1.0,3.0,31555,M,,,31
201000028336,10,9,16,2150,5,1,1,1.0,6.0,31555,M,,,31
201000028337,10,9,17,1945,1,2,1,1.0,1.0,31555,M,,,31
201000028338,10,9,18,225,5,2,9,1.0,1.0,31555,M,,,31
201000028339,10,9,18,230,5,2,1,1.0,7.0,31555,M,,,31
201000028340,10,9,19,2000,2,2,1,1.0,4.0,31555,M,,,31
201000028341,10,9,20,900,1,2,1,1.0,3.0,31555,M,,,31
201000028342,10,9,20,2150,5,2,1,1.0,1.0,31555,M,,,31
201000028343,10,9,21,1804,1,2,1,1.0,1.0,31555,M,,,31
201000028344,10,9,22,1050,1,2,1,1.0,3.0,31555,M,,,31
201000028345,10,9,22,1150,1,2,1,1.0,3.0,31555,M,,,31
201000028346,10,9,22,2300,5,2,1,1.0,3.0,31555,M,,,31
201000028347,10,9,23,2025,5,2,1,1.0,6.0,31555,M,,,31
201000028348,10,9,23,1823,1,2,1,1.0,2.0,31555,M,,,31
201000028349,10,9,23,953,1,2,1,1.0,7.0,31555,M,,,31
201000028350,10,9,27,1725,5,2,1,1.0,2.0,31555,M,,,31
201000028351,10,9,28,730,5,2,1,1.0,3.0,31555,M,,,31
201000028352,10,9,29,140,5,2,1,1.0,6.0,31555,M,,,31
201000028353,10,9,29,1511,1,2,1,1.0,7.0,31555,M,,,31
201000028354,10,10,3,1300,1,2,2,1.0,3.0,31555,M,4359890.0,143238.0,31
201000028355,10,10,4,1500,1,2,1,1.0,6.0,31555,M,,,31
201000028356,10,10,4,1630,1,2,3,1.0,3.0,31555,M,,,31
201000028357,10,10,5,845,1,2,1,1.0,6.0,31555,M,,,31
201000028358,10,10,5,1815,1,2,3,1.0,3.0,31555,M,,,31
201000028359,10,10,5,1950,2,2,1,1.0,2.0,31555,M,,,31
201000028360,10,10,6,300,5,1,1,1.0,6.0,31555,M,,,31
201000028361,10,10,6,1055,1,2,3,1.0,6.0,31555,M,,,31
201000028362,10,10,6,1712,1,2,1,1.0,3.0,31555,M,,,31
201000028363,10,10,6,1730,1,2,1,1.0,4.0,31555,M,,,31
201000028364,10,10,6,1740,1,2,1,1.0,6.0,31555,M,,,31
201000028365,10,10,3,1445,1,2,1,1.0,1.0,31555,M,,,31
201000028366,10,10,6,1750,1,2,1,1.0,6.0,31555,M,,,31
201000028367,10,10,6,1810,1,2,1,1.0,6.0,31555,M,,,31
201000028368,10,10,5,1950,5,2,1,1.0,2.0,31555,M,,,31
201000028369,10,10,7,645,5,2,1,1.0,2.0,31555,M,,,31
201000028370,10,10,10,2015,5,2,1,3.0,2.0,31555,M,,,31
201000028371,10,10,8,810,1,1,1,1.0,5.0,31555,M,,,31
201000028372,10,10,8,800,1,2,1,1.0,3.0,31555,M,,,31
201000028373,10,10,8,1850,5,2,1,1.0,3.0,31555,M,,,31
201000028374,10,10,6,1555,1,1,1,1.0,3.0,31555,M,,,31
201000028375,10,10,7,845,1,2,1,1.0,3.0,31555,M,,,31
201000028376,10,10,13,735,2,1,1,1.0,5.0,31555,M,4355180.0,140753.0,31
201000028377,10,10,13,1630,1,2,1,1.0,3.0,31555,M,,,31
201000028378,10,10,13,1225,1,2,1,1.0,3.0,31555,M,,,31
201000028379,10,10,13,1810,5,2,1,1.0,3.0,31555,M,,,31
201000028380,10,10,14,810,1,2,1,1.0,3.0,31555,M,,,31
201000028381,10,10,14,900,1,2,1,1.0,6.0,31555,M,,,31
201000028382,10,10,15,1725,1,2,1,1.0,6.0,31555,M,,,31
201000028383,10,10,15,1350,1,2,1,1.0,2.0,31555,M,,,31
201000028384,10,10,15,1435,1,2,1,1.0,1.0,31555,M,,,31
201000028385,10,10,15,1805,1,2,1,1.0,3.0,31555,M,,,31
201000028386,10,10,16,220,5,2,1,1.0,7.0,31555,M,,,31
201000028387,10,10,16,745,1,1,1,1.0,3.0,31555,M,,,31
201000028388,10,10,16,940,1,2,1,1.0,6.0,31555,M,,,31
201000028389,10,10,18,1700,1,2,1,1.0,2.0,31555,M,,,31
201000028390,10,10,12,1950,5,2,1,1.0,3.0,31555,M,,,31
201000028391,10,10,18,2050,5,2,2,1.0,7.0,31555,M,,,31
201000028392,10,10,19,740,1,1,1,1.0,4.0,31555,M,,,31
201000028393,10,10,19,1830,5,2,1,1.0,6.0,31555,M,,,31
201000028394,10,10,19,805,2,2,1,1.0,3.0,31555,M,,,31
201000028395,10,10,19,1940,1,2,1,1.0,3.0,31555,M,,,31
201000028396,10,10,14,1730,1,2,9,1.0,1.0,31555,M,,,31
201000028397,10,10,20,850,1,2,3,2.0,3.0,31555,M,,,31
201000028398,10,10,20,1050,1,2,1,2.0,6.0,31555,M,,,31
201000028399,10,10,20,1800,5,2,3,1.0,3.0,31555,M,,,31
201000028400,10,10,21,425,5,2,1,1.0,7.0,31555,M,,,31
201000028401,10,10,21,1715,1,1,1,1.0,2.0,31555,M,,,31
201000028402,10,10,22,1230,1,2,1,1.0,6.0,31555,M,,,31
201000028403,10,10,23,2114,5,1,1,1.0,6.0,31555,M,,,31
201000028404,10,10,22,1130,1,2,1,1.0,3.0,31555,M,,,31
201000028405,10,10,22,1724,1,2,1,1.0,2.0,31555,M,,,31
201000028406,10,10,22,2140,5,2,1,1.0,6.0,31555,M,,,31
201000028407,10,10,23,1840,2,2,1,1.0,7.0,31555,M,,,31
201000028408,10,10,24,320,5,1,1,1.0,6.0,31555,M,,,31
201000028409,10,10,24,1320,1,1,1,2.0,7.0,31555,M,,,31
201000028410,10,10,24,1930,2,2,1,2.0,3.0,31555,M,,,31
201000028411,10,10,15,1930,5,2,1,1.0,2.0,31555,M,,,31
201000028412,10,10,25,2300,5,2,1,1.0,1.0,31555,M,,,31
201000028413,10,10,26,700,5,2,1,1.0,3.0,31555,M,,,31
201000028414,10,10,26,1130,1,2,2,1.0,6.0,31555,M,,,31
201000028415,10,10,28,440,5,2,3,1.0,3.0,31555,M,,,31
201000028416,10,10,29,1620,1,2,1,1.0,3.0,31555,M,,,31
201000028417,10,10,30,1415,1,2,1,1.0,2.0,31555,M,,,31
201000028418,10,10,30,1710,1,2,1,1.0,4.0,31555,M,,,31
201000028419,10,10,30,2220,5,2,1,1.0,3.0,31555,M,,,31
201000028420,10,10,31,1240,1,2,1,1.0,3.0,31555,M,,,31
201000028421,10,10,31,2215,5,1,1,2.0,6.0,31555,M,,,31
201000028422,10,11,1,135,5,2,1,1.0,6.0,31555,M,,,31
201000028423,10,11,1,850,1,1,1,2.0,5.0,31555,M,,,31
201000028424,10,11,2,900,1,2,1,1.0,3.0,31555,M,,,31
201000028425,10,11,2,1140,1,2,1,1.0,6.0,31555,M,,,31
201000028426,10,11,2,1520,1,2,1,1.0,2.0,31555,M,,,31
201000028427,10,11,3,300,5,2,1,1.0,6.0,31555,M,,,31
201000028428,10,11,4,1730,5,2,3,1.0,3.0,31555,M,,,31
201000028429,10,11,4,1900,5,1,1,1.0,5.0,31555,M,,,31
201000028430,10,11,4,2045,5,2,1,1.0,3.0,31555,M,,,31
201000028431,10,10,30,1110,1,2,1,1.0,1.0,31555,M,,,31
201000028432,10,11,5,1805,5,2,3,1.0,3.0,31555,M,,,31
201000028433,10,11,6,300,5,1,1,1.0,3.0,31555,M,,,31
201000028434,10,11,6,550,1,2,1,1.0,7.0,31555,M,,,31
201000028435,10,11,8,845,1,2,1,2.0,1.0,31555,M,,,31
201000028436,10,11,8,1036,1,2,1,2.0,6.0,31555,M,,,31
201000028437,10,11,8,1615,1,2,1,3.0,7.0,31555,M,,,31
201000028438,10,11,8,1930,5,2,1,2.0,6.0,31555,M,,,31
201000028439,10,11,5,750,1,2,1,1.0,5.0,31555,M,,,31
201000028440,10,11,12,900,1,2,1,1.0,3.0,31555,M,,,31
201000028441,10,11,11,315,5,2,1,1.0,7.0,31555,M,,,31
201000028442,10,11,11,2200,5,2,2,1.0,2.0,31555,M,,,31
201000028443,10,11,12,820,1,2,3,2.0,3.0,31555,M,,,31
201000028444,10,11,12,1215,1,2,1,1.0,6.0,31555,M,,,31
201000028445,10,11,15,1535,1,2,3,1.0,3.0,31555,M,,,31
201000028446,10,11,16,750,1,2,1,1.0,6.0,31555,M,,,31
201000028447,10,11,16,1147,1,2,1,1.0,6.0,31555,M,,,31
201000028448,10,11,16,1737,2,2,1,1.0,2.0,31555,M,,,31
201000028449,10,11,17,1820,5,2,3,2.0,3.0,31555,M,,,31
201000028450,10,11,17,2100,5,2,3,2.0,3.0,31555,M,,,31
201000028451,10,11,18,1620,1,2,1,1.0,6.0,31555,M,,,31
201000028452,10,11,18,1850,5,2,3,1.0,6.0,31555,M,,,31
201000028453,10,11,18,625,5,1,1,1.0,5.0,31555,M,,,31
201000028454,10,11,18,1245,1,2,3,1.0,2.0,31555,M,,,31
201000028455,10,11,20,110,5,2,1,1.0,6.0,31555,M,,,31
201000028456,10,11,20,1620,1,2,1,1.0,6.0,31555,M,,,31
201000028457,10,11,20,2030,5,2,1,1.0,6.0,31555,M,,,31
201000028458,10,11,21,616,5,2,1,1.0,3.0,31555,M,,,31
201000028459,10,11,22,425,5,2,1,2.0,6.0,31555,M,,,31
201000028460,10,11,22,755,1,2,1,1.0,1.0,31555,M,,,31
201000028461,10,11,22,1515,1,2,1,1.0,2.0,31555,M,,,31
201000028462,10,11,23,1730,1,1,1,1.0,3.0,31555,M,,,31
201000028463,10,11,23,1930,5,2,1,1.0,5.0,31555,M,,,31
201000028464,10,11,24,1300,1,2,1,1.0,3.0,31555,M,,,31
201000028465,10,11,25,2020,5,1,1,1.0,3.0,31555,M,,,31
201000028466,10,11,26,720,5,1,1,1.0,2.0,31555,M,,,31
201000028467,10,11,27,330,5,2,1,1.0,6.0,31555,M,,,31
201000028468,10,11,23,1850,5,2,1,1.0,2.0,31555,M,,,31
201000028469,10,11,26,1300,1,2,1,1.0,2.0,31555,M,,,31
201000028470,10,11,26,2106,5,2,1,1.0,6.0,31555,M,,,31
201000028471,10,11,26,2110,5,2,1,1.0,3.0,31555,M,,,31
201000028472,10,11,28,2050,1,2,6,1.0,3.0,31555,M,,,31
201000028473,10,11,29,640,5,1,1,1.0,2.0,31555,M,,,31
201000028474,10,11,29,825,1,2,2,1.0,1.0,31555,M,,,31
201000028475,10,11,29,1750,5,1,1,1.0,3.0,31555,M,,,31
201000028476,10,11,29,1952,5,2,1,1.0,1.0,31555,M,,,31
201000028477,10,12,1,1015,1,2,1,1.0,3.0,31555,M,,,31
201000028478,10,12,1,1310,1,2,6,1.0,3.0,31555,M,,,31
201000028479,10,12,1,1939,5,2,2,1.0,1.0,31555,M,,,31
201000028480,10,12,2,1835,5,2,1,1.0,3.0,31555,M,,,31
201000028481,10,12,2,1910,5,2,1,1.0,4.0,31555,M,,,31
201000028482,10,12,3,1140,1,2,1,1.0,3.0,31555,M,,,31
201000028483,10,12,3,1920,5,2,1,1.0,2.0,31555,M,,,31
201000028484,10,12,4,1540,1,2,1,1.0,6.0,31555,M,,,31
201000028485,10,12,4,425,5,2,1,1.0,3.0,31555,M,,,31
201000028486,10,12,4,2045,5,2,1,1.0,3.0,31555,M,,,31
201000028487,10,12,5,1515,1,2,1,1.0,3.0,31555,M,,,31
201000028488,10,12,6,1540,1,1,1,1.0,3.0,31555,M,,,31
201000028489,10,12,6,1112,1,2,1,1.0,6.0,31555,M,,,31
201000028490,10,12,6,1800,5,1,1,1.0,2.0,31555,M,,,31
201000028491,10,12,6,1820,5,2,1,1.0,6.0,31555,M,,,31
201000028492,10,12,6,2000,5,1,1,1.0,2.0,31555,M,,,31
201000028493,10,12,7,840,1,2,3,1.0,6.0,31555,M,,,31
201000028494,10,12,8,730,5,2,1,1.0,6.0,31555,M,,,31
201000028495,10,12,8,1045,1,2,1,1.0,3.0,31555,M,,,31
201000028496,10,12,8,1500,1,2,1,1.0,3.0,31555,M,,,31
201000028497,10,12,6,1740,2,2,1,1.0,6.0,31555,M,,,31
201000028498,10,12,10,1843,5,1,1,1.0,6.0,31555,M,,,31
201000028499,10,12,10,900,1,1,1,1.0,7.0,31555,M,,,31
201000028500,10,12,13,1830,5,2,2,1.0,1.0,31555,M,,,31
201000028501,10,12,10,1840,5,1,1,1.0,2.0,31555,M,,,31
201000028502,10,12,11,650,5,2,4,1.0,3.0,31555,M,,,31
201000028503,10,12,11,1550,1,2,1,1.0,3.0,31555,M,,,31
201000028504,10,12,11,2155,5,1,1,1.0,2.0,31555,M,,,31
201000028505,10,12,12,45,4,2,1,1.0,1.0,31555,M,,,31
201000028506,10,12,12,2050,5,2,1,1.0,3.0,31555,M,,,31
201000028507,10,12,13,1555,1,2,1,1.0,2.0,31555,M,,,31
201000028508,10,12,13,1745,5,2,1,1.0,6.0,31555,M,,,31
201000028509,10,12,13,1814,5,2,1,1.0,6.0,31555,M,,,31
201000028510,10,12,14,750,1,1,6,1.0,3.0,31555,M,,,31
201000028511,10,12,14,845,1,2,1,1.0,6.0,31555,M,,,31
201000028512,10,12,14,910,1,2,1,1.0,6.0,31555,M,,,31
201000028513,10,12,15,45,5,2,1,1.0,6.0,31555,M,,,31
201000028514,10,12,15,830,1,1,1,1.0,2.0,31555,M,,,31
201000028515,10,12,15,1220,1,2,1,1.0,3.0,31555,M,,,31
201000028516,10,12,15,2110,5,2,1,1.0,6.0,31555,M,,,31
201000028517,10,12,16,2155,5,2,1,1.0,6.0,31555,M,,,31
201000028518,10,12,17,1740,5,1,1,1.0,5.0,31555,M,,,31
201000028519,10,12,17,1400,1,2,1,1.0,2.0,31555,M,,,31
201000028520,10,12,17,1515,1,2,1,1.0,1.0,31555,M,,,31
201000028521,10,12,17,1645,1,2,1,1.0,6.0,31555,M,,,31
201000028522,10,12,17,1915,5,2,1,1.0,3.0,31555,M,,,31
201000028523,10,12,18,1245,1,2,1,1.0,3.0,31555,M,,,31
201000028524,10,12,19,540,5,2,1,1.0,7.0,31555,M,,,31
201000028525,10,12,19,835,1,2,1,1.0,1.0,31555,M,,,31
201000028526,10,12,19,1815,5,2,1,1.0,7.0,31555,M,,,31
201000028527,10,12,19,2115,5,2,1,1.0,2.0,31555,M,,,31
201000028528,10,12,20,1020,1,2,1,1.0,6.0,31555,M,,,31
201000028529,10,12,21,1410,1,2,2,1.0,3.0,31555,M,,,31
201000028530,10,12,22,1415,1,2,3,1.0,4.0,31555,M,,,31
201000028531,10,12,23,1740,5,2,1,2.0,6.0,31555,M,,,31
201000028532,10,12,24,450,5,2,1,4.0,6.0,31555,M,,,31
201000028533,10,12,24,1000,1,2,1,1.0,6.0,31555,M,,,31
201000028534,10,12,27,1330,1,2,1,1.0,2.0,31555,M,,,31
201000028535,10,12,28,1725,1,2,1,1.0,3.0,31555,M,,,31
201000028536,10,12,28,1450,1,2,3,1.0,6.0,31555,M,,,31
201000028537,10,12,29,1233,1,2,1,1.0,6.0,31555,M,,,31
201000028538,10,12,30,630,5,1,1,1.0,5.0,31555,M,,,31
201000028539,10,1,17,1330,1,2,1,1.0,3.0,31557,M,,,31
201000028540,10,1,18,1510,1,2,1,1.0,7.0,31557,M,,,31
201000028541,10,1,21,1115,1,2,1,8.0,6.0,31557,M,,,31
201000028542,10,1,22,815,1,2,1,1.0,3.0,31557,M,,,31
201000028543,10,3,17,830,1,2,3,1.0,3.0,31557,M,4358616.0,345699.0,31
201000028544,10,3,18,2345,3,1,1,1.0,7.0,31557,M,,,31
201000028545,10,4,5,1600,1,2,1,1.0,2.0,31557,M,,,31
201000028546,10,4,16,1955,2,2,6,1.0,3.0,31557,M,,,31
201000028547,10,4,29,800,1,2,9,1.0,3.0,31557,M,,,31
201000028548,10,5,19,720,1,2,3,1.0,3.0,31557,M,,,31
201000028549,10,6,6,20,5,2,6,1.0,7.0,31557,M,,,31
201000028550,10,7,13,830,1,2,3,1.0,2.0,31557,M,,,31
201000028551,10,7,28,1730,1,2,4,1.0,2.0,31557,M,,,31
201000028552,10,7,29,1020,1,1,1,1.0,6.0,31557,M,,,31
201000028553,10,7,31,900,1,2,6,1.0,3.0,31557,M,,,31
201000028554,10,8,15,40,5,2,3,1.0,3.0,31557,M,,,31
201000028555,10,9,7,840,1,2,1,1.0,3.0,31557,M,,,31
201000028556,10,9,23,1623,1,1,1,1.0,1.0,31557,M,,,31
201000028557,10,9,23,2045,3,1,3,1.0,3.0,31557,M,,,31
201000028558,10,9,26,1040,1,2,1,1.0,3.0,31557,M,,,31
201000028559,10,9,27,845,1,2,1,1.0,3.0,31557,M,,,31
201000028560,10,10,5,735,1,1,3,1.0,3.0,31557,M,,,31
201000028561,10,10,6,900,1,2,1,1.0,6.0,31557,M,,,31
201000028562,10,10,26,1920,5,2,1,1.0,2.0,31557,M,,,31
201000028563,10,10,27,830,1,2,1,1.0,3.0,31557,M,,,31
201000028564,10,11,18,1505,1,1,1,1.0,3.0,31557,M,,,31
201000028565,10,11,25,1455,1,2,6,3.0,1.0,31557,M,,,31
201000028566,10,12,19,2020,5,2,6,1.0,3.0,31557,M,,,31
201000028567,10,12,26,1020,1,2,1,1.0,6.0,31557,M,,,31
201000028568,10,1,16,1300,1,2,1,1.0,2.0,32013,M,4363070.0,58106.0,32
201000028569,10,2,19,1405,1,1,1,1.0,5.0,32013,M,4366240.0,59690.0,32
201000028570,10,3,6,1503,1,1,1,1.0,7.0,32013,M,4363770.0,57950.0,32
201000028571,10,3,8,2005,3,1,1,4.0,7.0,32013,M,4365260.0,54905.0,32
201000028572,10,3,8,2145,3,1,1,5.0,7.0,32013,M,4366250.0,59698.0,32
201000028573,10,4,16,1220,1,2,1,1.0,3.0,32013,M,4364850.0,59385.0,32
201000028574,10,5,12,1700,1,2,3,8.0,6.0,32013,M,4364940.0,57945.0,32
201000028575,10,5,28,1025,1,2,1,1.0,2.0,32013,M,4364990.0,59875.0,32
201000028576,10,5,29,1535,1,2,1,1.0,7.0,32013,M,4363690.0,58381.0,32
201000028577,10,5,29,1830,1,2,3,1.0,7.0,32013,M,4364160.0,58606.0,32
201000028578,10,5,30,1515,1,2,1,1.0,7.0,32013,M,4365180.0,58989.0,32
201000028579,10,6,5,1545,1,1,1,1.0,4.0,32013,M,4365190.0,53097.0,32
201000028580,10,6,25,1530,1,2,1,1.0,3.0,32013,M,4365650.0,59139.0,32
201000028581,10,7,20,1735,1,2,1,1.0,7.0,32013,M,4364710.0,58983.0,32
201000028582,10,7,23,1205,1,1,1,1.0,1.0,32013,M,4365350.0,53680.0,32
201000028583,10,11,30,1713,1,2,1,1.0,3.0,32013,M,4364840.0,59285.0,32
201000028584,10,8,30,1600,1,1,1,1.0,7.0,32013,M,4363500.0,60215.0,32
201000028585,10,9,23,1415,1,2,3,1.0,3.0,32013,M,4364970.0,59806.0,32
201000028586,10,10,1,1110,1,1,1,1.0,3.0,32013,M,4366240.0,59651.0,32
201000028587,10,10,11,928,1,1,1,3.0,1.0,32013,M,4366180.0,53441.0,32
201000028588,10,10,25,330,5,2,1,2.0,3.0,32013,M,4365490.0,59615.0,32
201000028589,10,11,20,1900,5,2,2,2.0,3.0,32013,M,4364370.0,58699.0,32
201000028590,10,11,21,2015,5,2,3,2.0,3.0,32013,M,4365570.0,59660.0,32
201000028591,10,12,17,940,1,2,1,3.0,1.0,32013,M,4364260.0,58649.0,32
201000028592,10,12,18,135,3,1,1,1.0,7.0,32013,M,4366020.0,63915.0,32
201000028593,10,12,24,1810,3,2,1,2.0,7.0,32013,M,4363820.0,59433.0,32
201000028594,10,1,13,1610,1,2,1,7.0,6.0,33529,M,,,33
201000028595,10,1,21,1815,2,2,2,1.0,3.0,33009,M,,,33
201000028596,10,2,2,825,1,1,1,1.0,7.0,33529,M,,,33
201000028597,10,2,16,745,5,2,1,1.0,6.0,33009,M,,,33
201000028598,10,1,7,1850,2,2,1,1.0,3.0,33529,M,,,33
201000028599,10,2,13,1500,1,2,1,1.0,6.0,33529,M,,,33
201000028600,10,3,5,925,1,1,1,1.0,4.0,33529,M,,,33
201000028601,10,3,9,1530,1,2,1,1.0,2.0,33009,M,,,33
201000028602,10,3,15,810,1,1,1,1.0,7.0,33529,M,,,33
201000028603,10,3,17,935,1,1,1,1.0,6.0,33529,M,,,33
201000028604,10,4,9,1106,1,2,1,1.0,5.0,33009,M,,,33
201000028605,10,4,11,1840,1,2,3,1.0,3.0,33529,M,,,33
201000028606,10,4,2,855,1,2,1,1.0,2.0,33529,M,,,33
201000028607,10,4,13,1650,1,2,7,1.0,6.0,33009,M,,,33
201000028608,10,4,19,1025,1,2,1,1.0,2.0,33529,M,,,33
201000028609,10,3,25,1030,1,2,3,1.0,3.0,33009,M,,,33
201000028610,10,4,28,2220,5,2,1,1.0,2.0,33529,M,,,33
201000028611,10,4,29,1114,1,1,1,1.0,5.0,33529,M,,,33
201000028612,10,4,28,2015,2,1,1,1.0,3.0,33529,M,,,33
201000028613,10,4,28,1450,1,2,1,1.0,6.0,33529,M,,,33
201000028614,10,5,5,1500,1,2,1,1.0,2.0,33529,M,,,33
201000028615,10,5,13,255,5,2,1,1.0,6.0,33529,M,,,33
201000028616,10,5,23,1815,1,1,1,1.0,5.0,33529,M,,,33
201000028617,10,5,24,2221,3,1,1,1.0,6.0,33529,M,,,33