Num_Acc,an,mois,jour,hrmn,lum,agg,int,atm,col,com,gps,lat,long,dep
201000028618,10,5,27,1320,1,2,1,1.0,6.0,33009,M,,,33
201000028619,10,6,2,750,2,1,1,1.0,3.0,33529,M,,,33
201000028620,10,6,2,1845,1,2,1,1.0,6.0,33009,M,,,33
201000028621,10,6,3,1000,1,2,1,1.0,3.0,33529,M,,,33
201000028622,10,6,13,240,3,1,1,1.0,5.0,33529,M,,,33
201000028623,10,6,16,1147,1,2,1,1.0,3.0,33529,M,,,33
201000028624,10,6,21,1300,1,2,1,1.0,7.0,33529,M,,,33
201000028625,10,7,4,1620,1,1,1,1.0,6.0,33529,M,,,33
201000028626,10,6,2,1618,1,2,3,1.0,6.0,33529,M,,,33
201000028627,10,7,9,1520,1,1,1,1.0,1.0,33529,M,,,33
201000028628,10,7,3,215,5,2,1,2.0,7.0,33009,M,,,33
201000028629,10,7,8,820,1,2,1,1.0,2.0,33529,M,,,33
201000028630,10,7,13,1545,1,2,2,1.0,3.0,33009,M,,,33
201000028631,10,7,15,10,5,2,3,1.0,3.0,33009,M,,,33
201000028632,10,7,14,1225,1,1,1,1.0,7.0,33529,M,,,33
201000028633,10,7,17,1105,1,1,1,1.0,6.0,33529,M,,,33
201000028634,10,7,18,105,5,2,1,1.0,6.0,33529,M,,,33
201000028635,10,7,18,915,1,2,1,1.0,6.0,33009,M,,,33
201000028636,10,7,18,1830,1,1,1,1.0,6.0,33529,M,,,33
201000028637,10,7,27,1718,1,1,1,1.0,6.0,33529,M,,,33
201000028638,10,7,29,1800,1,2,1,1.0,6.0,33529,M,,,33
201000028639,10,7,30,1032,1,2,1,1.0,6.0,33009,M,,,33
201000028640,10,8,6,1405,1,1,1,1.0,1.0,33529,M,,,33
201000028641,10,8,4,1226,1,1,1,1.0,3.0,33529,M,,,33
201000028642,10,8,6,1125,1,2,1,1.0,2.0,33529,M,,,33
201000028643,10,8,7,1005,1,2,1,1.0,1.0,33529,M,,,33
201000028644,10,8,7,1400,1,1,1,1.0,7.0,33529,M,,,33
201000028645,10,8,9,1820,1,2,1,1.0,3.0,33529,M,,,33
201000028646,10,8,13,2220,3,1,1,1.0,2.0,33529,M,,,33
201000028647,10,8,17,1700,1,2,1,1.0,6.0,33529,M,,,33
201000028648,10,8,17,1210,1,2,1,1.0,6.0,33009,M,,,33
201000028649,10,8,17,1530,1,1,1,1.0,1.0,33529,M,,,33
201000028650,10,8,11,935,1,2,1,1.0,6.0,33529,M,,,33
201000028651,10,8,21,1011,1,2,1,1.0,6.0,33529,M,,,33
201000028652,10,8,22,1855,1,1,1,1.0,2.0,33529,M,,,33
201000028653,10,8,21,1558,1,2,1,1.0,2.0,33529,M,,,33
201000028654,10,8,24,1350,1,1,1,1.0,1.0,33529,M,,,33
201000028655,10,8,26,1900,2,1,1,1.0,4.0,33529,M,,,33
201000028656,10,8,28,1645,1,1,2,1.0,3.0,33529,M,,,33
201000028657,10,8,30,1622,1,2,1,1.0,2.0,33009,M,,,33
201000028658,10,9,4,1215,1,2,1,1.0,3.0,33529,M,,,33
201000028659,10,9,9,1255,1,2,9,1.0,6.0,33529,M,,,33
201000028660,10,9,14,820,1,2,1,1.0,5.0,33529,M,,,33
201000028661,10,9,17,2320,5,2,2,1.0,3.0,33009,M,,,33
201000028662,10,9,23,1620,1,1,1,1.0,3.0,33529,M,,,33
201000028663,10,9,24,1740,1,1,1,1.0,1.0,33529,M,,,33
201000028664,10,9,30,1420,1,2,3,1.0,3.0,33529,M,,,33
201000028665,10,10,1,1140,1,2,3,1.0,3.0,33529,M,,,33
201000028666,10,10,5,820,1,1,1,1.0,6.0,33009,M,,,33
201000028667,10,5,15,2105,1,2,1,1.0,6.0,33009,M,,,33
201000028668,10,5,15,2205,2,2,1,1.0,6.0,33529,M,,,33
201000028669,10,10,16,1130,1,1,1,2.0,1.0,33529,M,,,33
201000028670,10,10,23,1845,1,1,1,1.0,5.0,33529,M,,,33
201000028671,10,10,24,105,5,2,1,2.0,7.0,33529,M,,,33
201000028672,10,10,26,1540,1,2,1,1.0,6.0,33009,M,,,33
201000028673,10,10,16,1905,2,1,1,1.0,3.0,33529,M,,,33
201000028674,10,11,4,1835,2,1,1,1.0,3.0,33529,M,,,33
201000028675,10,10,31,1055,1,2,1,1.0,6.0,33009,M,,,33
201000028676,10,11,14,1655,1,2,2,2.0,3.0,33529,M,,,33
201000028677,10,11,15,1510,1,2,2,1.0,6.0,33009,M,,,33
201000028678,10,11,16,1845,5,2,1,2.0,3.0,33529,M,,,33
201000028679,10,11,19,805,2,2,6,1.0,3.0,33529,M,,,33
201000028680,10,12,2,1800,2,2,1,2.0,6.0,33009,M,,,33
201000028681,10,12,2,1915,3,1,1,4.0,2.0,33529,M,,,33
201000028682,10,6,15,1050,1,2,1,1.0,6.0,33529,M,,,33
201000028683,10,12,13,1950,3,1,1,1.0,7.0,33529,M,,,33
201000028684,10,12,10,1005,1,2,2,1.0,3.0,33529,M,,,33
201000028685,10,6,26,1650,1,2,1,1.0,3.0,33009,M,,,33
201000028686,10,12,16,1930,5,2,2,3.0,3.0,33529,M,,,33
201000028687,10,12,17,2010,5,2,2,1.0,3.0,33529,M,,,33
201000028688,10,1,1,45,5,2,1,2.0,6.0,33063,M,,,33
201000028689,10,1,1,325,5,2,5,2.0,2.0,33063,M,,,33
201000028690,10,1,1,55,5,2,1,2.0,6.0,33063,M,,,33
201000028691,10,1,3,2039,5,2,4,2.0,3.0,33063,M,,,33
201000028692,10,12,31,2220,5,2,1,1.0,6.0,33063,M,,,33
201000028693,10,1,4,1750,5,2,1,1.0,6.0,33063,M,,,33
201000028694,10,12,29,1808,1,2,2,1.0,6.0,33039,M,,,33
201000028695,10,1,5,1625,1,2,6,1.0,3.0,33063,M,,,33
201000028696,10,12,31,1645,1,2,2,1.0,6.0,33281,M,,,33
201000028697,10,12,29,2045,5,2,1,1.0,6.0,33550,M,,,33
201000028698,10,1,2,1940,5,2,1,2.0,3.0,33522,M,,,33
201000028699,10,1,6,1805,5,2,1,2.0,3.0,33063,M,,,33
201000028700,10,12,29,1745,5,2,7,1.0,2.0,33063,M,,,33
201000028701,10,1,4,1325,1,2,2,8.0,6.0,33249,M,,,33
201000028702,10,1,7,2300,5,2,2,1.0,3.0,33063,M,,,33
201000028703,10,1,7,750,1,2,1,2.0,6.0,33063,M,,,33
201000028704,10,1,6,915,1,2,1,4.0,4.0,33281,M,,,33
201000028705,10,1,6,1030,1,2,1,4.0,6.0,33281,M,,,33
201000028706,10,1,8,1755,5,2,2,1.0,6.0,33249,M,,,33
201000028707,10,1,12,835,1,2,2,1.0,3.0,33063,M,,,33
201000028708,10,1,12,810,2,2,1,1.0,3.0,33063,M,,,33
201000028709,10,1,7,1340,1,2,1,1.0,5.0,33281,M,,,33
201000028710,10,1,6,1535,1,2,1,8.0,6.0,33522,M,,,33
201000028711,10,1,8,2135,5,2,1,1.0,6.0,33318,M,,,33
201000028712,10,1,9,2045,5,2,2,1.0,3.0,33318,M,,,33
201000028713,10,1,8,455,5,2,2,1.0,3.0,33550,M,,,33
201000028714,10,1,14,1600,1,2,3,2.0,6.0,33063,M,,,33
201000028715,10,1,14,800,2,2,2,2.0,2.0,33069,M,,,33
201000028716,10,1,14,725,5,2,1,2.0,2.0,33063,M,,,33
201000028717,10,1,15,350,5,2,3,2.0,2.0,33063,M,,,33
201000028718,10,1,15,1720,2,2,1,1.0,3.0,33063,M,,,33
201000028719,10,1,15,2255,5,2,1,1.0,6.0,33063,M,,,33
201000028720,10,1,15,1645,1,2,1,1.0,6.0,33063,M,,,33
201000028721,10,1,16,1425,1,2,1,2.0,6.0,33063,M,,,33
201000028722,10,1,15,1715,1,2,2,1.0,1.0,33063,M,,,33
201000028723,10,1,15,830,2,2,1,1.0,5.0,33063,M,,,33
201000028724,10,1,18,1530,1,2,1,1.0,6.0,33063,M,,,33
201000028725,10,1,18,1820,5,2,1,1.0,6.0,33063,M,,,33
201000028726,10,1,12,730,5,2,4,1.0,3.0,33069,M,,,33
201000028727,10,1,18,1540,1,2,3,1.0,3.0,33063,M,,,33
201000028728,10,1,18,1230,1,2,3,1.0,6.0,33063,M,,,33
201000028729,10,1,8,825,1,2,2,1.0,3.0,33069,M,,,33
201000028730,10,1,14,1605,1,2,1,3.0,3.0,33119,M,,,33
201000028731,10,1,15,1935,5,2,1,1.0,2.0,33119,M,,,33
201000028732,10,1,12,1000,1,2,2,1.0,3.0,33039,M,,,33
201000028733,10,1,18,1915,5,2,2,1.0,3.0,33063,M,,,33
201000028734,10,1,14,800,2,2,5,1.0,3.0,33318,M,,,33
201000028735,10,1,12,1500,1,2,6,2.0,3.0,33281,M,,,33
201000028736,10,1,8,1302,1,2,1,1.0,6.0,33069,M,,,33
201000028737,10,1,18,1820,5,2,2,1.0,3.0,33063,M,,,33
201000028738,10,1,14,915,1,2,1,1.0,2.0,33281,M,,,33
201000028739,10,1,14,840,2,2,2,2.0,6.0,33281,M,,,33
201000028740,10,1,15,1620,1,2,1,1.0,6.0,33063,M,,,33
201000028741,10,1,20,1925,5,2,2,1.0,7.0,33063,M,,,33
201000028742,10,1,20,1810,5,2,1,2.0,4.0,33063,M,,,33
201000028743,10,1,19,930,1,2,5,1.0,3.0,33318,M,,,33
201000028744,10,1,14,2005,5,2,3,2.0,3.0,33192,M,,,33
201000028745,10,1,18,730,5,2,2,1.0,3.0,33318,M,,,33
201000028746,10,1,20,750,2,2,3,2.0,6.0,33167,M,,,33
201000028747,10,1,21,815,2,2,1,1.0,6.0,33063,M,,,33
201000028748,10,1,21,1625,1,2,4,1.0,5.0,33063,M,,,33
201000028749,10,1,24,815,2,2,1,2.0,6.0,33039,M,,,33
201000028750,10,1,21,1940,5,2,1,1.0,2.0,33063,M,,,33
201000028751,10,1,21,1725,2,2,4,1.0,3.0,33063,M,,,33
201000028752,10,1,23,1930,5,2,2,2.0,3.0,33063,M,,,33
201000028753,10,1,24,115,5,2,5,1.0,3.0,33063,M,,,33
201000028754,10,1,23,500,5,2,1,1.0,6.0,33063,M,,,33
201000028755,10,1,25,1340,1,2,2,1.0,3.0,33063,M,,,33
201000028756,10,1,20,1250,1,2,3,1.0,3.0,33039,M,,,33
201000028757,10,1,25,1255,1,1,2,1.0,3.0,33063,M,,,33
201000028758,10,1,19,1802,5,2,1,2.0,3.0,33119,M,,,33
201000028759,10,1,21,1405,1,2,2,1.0,2.0,33281,M,,,33
201000028760,10,1,18,1800,5,2,3,1.0,2.0,33192,M,,,33
201000028761,10,1,19,1725,5,2,3,2.0,5.0,33522,M,,,33
201000028762,10,1,13,1800,5,2,1,1.0,3.0,33281,M,,,33
201000028763,10,1,26,740,2,2,1,1.0,6.0,33063,M,,,33
201000028764,10,1,26,735,5,2,1,1.0,7.0,33063,M,,,33
201000028765,10,1,26,1032,1,2,2,1.0,6.0,33063,M,,,33
201000028766,10,1,19,1515,1,2,3,1.0,3.0,33075,M,,,33
201000028767,10,1,26,1746,2,2,1,1.0,6.0,33063,M,,,33
201000028768,10,1,15,900,1,2,2,5.0,3.0,33075,M,,,33
201000028769,10,1,19,1220,1,2,1,1.0,3.0,33063,M,,,33
201000028770,10,1,26,1705,2,2,2,1.0,3.0,33063,M,,,33
201000028771,10,1,26,1550,1,2,2,1.0,7.0,33063,M,,,33
201000028772,10,1,26,1835,5,2,1,1.0,7.0,33063,M,,,33
201000028773,10,1,27,850,1,2,1,1.0,3.0,33063,M,,,33
201000028774,10,1,17,2010,5,2,2,1.0,3.0,33063,M,,,33
201000028775,10,1,23,2115,5,2,5,2.0,3.0,33281,M,,,33
201000028776,10,1,28,1005,1,2,3,1.0,3.0,33063,M,,,33
201000028777,10,1,21,1400,1,2,4,1.0,3.0,33281,M,,,33
201000028778,10,1,28,1730,1,2,3,2.0,3.0,33063,M,,,33
201000028779,10,1,21,1935,1,2,2,1.0,3.0,33318,M,,,33
201000028780,10,1,28,1520,1,2,2,2.0,3.0,33063,M,,,33
201000028781,10,1,22,1837,5,2,6,1.0,2.0,33281,M,,,33
201000028782,10,1,22,1030,1,2,6,1.0,3.0,33281,M,,,33
201000028783,10,1,22,1106,1,2,1,1.0,3.0,33075,M,,,33
201000028784,10,1,21,1125,1,2,1,1.0,6.0,33069,M,,,33
201000028785,10,1,26,820,1,2,1,1.0,7.0,33281,M,,,33
201000028786,10,1,25,1300,1,2,6,1.0,3.0,33075,M,,,33
201000028787,10,1,26,1655,1,2,2,1.0,3.0,33318,M,,,33
201000028788,10,1,30,744,2,2,2,1.0,3.0,33063,M,,,33
201000028789,10,1,29,1600,1,2,2,3.0,6.0,33063,M,,,33
201000028790,10,1,29,1920,5,2,2,1.0,3.0,33063,M,,,33
201000028791,10,1,28,1630,1,2,3,1.0,3.0,33318,M,,,33
201000028792,10,1,29,2320,5,2,2,1.0,3.0,33069,M,,,33
201000028793,10,2,1,1740,1,2,1,1.0,6.0,33119,M,,,33
201000028794,10,2,2,1610,1,2,1,1.0,3.0,33063,M,,,33
201000028795,10,2,2,1900,5,2,2,1.0,3.0,33063,M,,,33
201000028796,10,2,2,1620,1,2,1,1.0,3.0,33063,M,,,33
201000028797,10,1,22,1700,1,2,1,1.0,7.0,33550,M,,,33
201000028798,10,2,4,850,1,2,6,1.0,3.0,33063,M,,,33
201000028799,10,2,4,1400,1,2,2,1.0,2.0,33063,M,,,33
201000028800,10,2,4,1750,2,2,1,2.0,6.0,33063,M,,,33
201000028801,10,2,1,805,1,2,1,1.0,6.0,33318,M,,,33
201000028802,10,2,1,1005,1,2,6,1.0,6.0,33550,M,,,33
201000028803,10,1,29,1355,1,2,1,3.0,2.0,33550,M,,,33
201000028804,10,1,30,1840,5,2,1,1.0,3.0,33192,M,,,33
201000028805,10,2,2,2020,5,2,2,1.0,3.0,33063,M,,,33
201000028806,10,2,3,1915,2,2,1,1.0,4.0,33063,M,,,33
201000028807,10,2,5,1435,1,2,1,2.0,3.0,33063,M,,,33
201000028808,10,2,1,1050,1,2,3,1.0,2.0,33522,M,,,33
201000028809,10,2,5,930,1,2,1,2.0,2.0,33063,M,,,33
201000028810,10,2,5,1530,1,2,1,8.0,3.0,33063,M,,,33
201000028811,10,2,5,1810,2,2,2,3.0,3.0,33063,M,,,33
201000028812,10,2,5,2120,5,2,2,3.0,3.0,33063,M,,,33
201000028813,10,2,6,1745,1,2,1,2.0,1.0,33063,M,,,33
201000028814,10,2,7,1730,1,2,2,1.0,3.0,33063,M,,,33
201000028815,10,2,7,320,5,2,5,1.0,2.0,33063,M,,,33
201000028816,10,2,8,1530,1,2,2,1.0,3.0,33063,M,,,33
201000028817,10,2,1,1140,1,2,1,1.0,5.0,33281,M,,,33
201000028818,10,2,10,935,1,2,2,1.0,6.0,33063,M,,,33
201000028819,10,2,10,1340,1,2,1,1.0,6.0,33063,M,,,33
201000028820,10,2,5,1920,5,2,6,8.0,6.0,33522,M,,,33
201000028821,10,2,10,1015,1,2,6,1.0,6.0,33119,M,,,33
201000028822,10,2,12,1120,1,2,1,1.0,6.0,33063,M,,,33
201000028823,10,2,10,2245,5,2,5,2.0,7.0,33318,M,,,33
201000028824,10,2,10,840,1,2,1,1.0,3.0,33281,M,,,33
201000028825,10,2,10,1600,1,2,1,1.0,2.0,33281,M,,,33
201000028826,10,2,12,1930,5,2,1,1.0,6.0,33119,M,,,33
201000028827,10,2,15,1810,1,2,2,1.0,5.0,33063,M,,,33
201000028828,10,2,16,1630,1,2,3,1.0,3.0,33063,M,,,33
201000028829,10,2,16,1515,1,2,1,1.0,6.0,33063,M,,,33
201000028830,10,2,16,1700,1,2,1,1.0,1.0,33063,M,,,33
201000028831,10,2,16,1045,1,2,1,1.0,2.0,33063,M,,,33
201000028832,10,2,14,1530,1,2,4,1.0,2.0,33063,M,,,33
201000028833,10,2,16,1050,1,2,2,1.0,3.0,33063,M,,,33
201000028834,10,2,10,1635,1,2,1,1.0,5.0,33550,M,,,33
201000028835,10,2,10,1330,1,2,2,1.0,3.0,33069,M,,,33
201000028836,10,2,17,715,2,2,3,1.0,3.0,33063,M,,,33
201000028837,10,2,17,750,1,2,5,1.0,2.0,33063,M,,,33
201000028838,10,2,14,2030,5,2,2,1.0,3.0,33318,M,,,33
201000028839,10,2,14,1205,1,2,1,1.0,3.0,33075,M,,,33
201000028840,10,2,18,930,1,2,4,1.0,3.0,33063,M,,,33
201000028841,10,2,12,1220,1,2,1,1.0,5.0,33281,M,,,33
201000028842,10,2,19,750,1,2,3,1.0,6.0,33281,M,,,33
201000028843,10,2,15,1245,1,2,3,1.0,3.0,33281,M,,,33
201000028844,10,2,19,849,1,2,2,1.0,3.0,33063,M,,,33
201000028845,10,2,20,402,5,2,1,2.0,3.0,33063,M,,,33
201000028846,10,2,19,1430,1,2,1,1.0,6.0,33063,M,,,33
201000028847,10,2,20,220,5,2,5,1.0,2.0,33063,M,,,33
201000028848,10,2,19,1700,1,2,1,1.0,6.0,33063,M,,,33
201000028849,10,2,22,1400,1,2,2,1.0,3.0,33063,M,,,33
201000028850,10,2,17,1840,4,2,1,2.0,6.0,33318,M,,,33
201000028851,10,2,11,1815,2,2,1,1.0,5.0,33318,M,,,33
201000028852,10,2,22,2345,5,2,1,1.0,1.0,33550,M,,,33
201000028853,10,2,23,1305,1,2,5,1.0,3.0,33063,M,,,33
201000028854,10,2,23,1449,1,2,1,1.0,2.0,33063,M,,,33
201000028855,10,2,17,2055,5,2,3,2.0,3.0,33119,M,,,33
201000028856,10,2,21,1453,1,2,3,2.0,6.0,33318,M,,,33
201000028857,10,2,23,1610,1,2,1,1.0,3.0,33249,M,,,33
201000028858,10,2,25,930,1,2,2,1.0,3.0,33063,M,,,33
201000028859,10,2,26,2200,5,2,1,1.0,6.0,33063,M,,,33
201000028860,10,2,26,1800,1,2,3,1.0,3.0,33063,M,,,33
201000028861,10,2,28,2230,5,2,1,1.0,6.0,33318,M,,,33
201000028862,10,2,26,2159,5,2,3,1.0,3.0,33281,M,,,33
201000028863,10,2,24,1650,1,2,1,1.0,5.0,33281,M,,,33
201000028864,10,3,1,1920,5,2,3,1.0,3.0,33075,M,,,33
201000028865,10,2,23,1300,1,2,3,1.0,3.0,33522,M,,,33
201000028866,10,2,26,1240,1,2,1,3.0,6.0,33281,M,,,33
201000028867,10,2,26,500,5,2,1,1.0,7.0,33119,M,,,33
201000028868,10,2,28,1850,2,2,1,1.0,1.0,33281,M,,,33
201000028869,10,2,26,1355,1,2,4,2.0,3.0,33281,M,,,33
201000028870,10,3,7,5,5,2,1,1.0,6.0,33063,M,,,33
201000028871,10,3,5,555,5,2,2,1.0,3.0,33063,M,,,33
201000028872,10,3,5,1600,1,2,2,1.0,6.0,33063,M,,,33
201000028873,10,3,5,1405,1,2,1,1.0,6.0,33063,M,,,33
201000028874,10,3,3,825,1,2,6,1.0,2.0,33249,M,,,33
201000028875,10,3,6,1715,1,2,2,1.0,3.0,33063,M,,,33
201000028876,10,3,2,2010,5,2,6,1.0,3.0,33119,M,,,33
201000028877,10,3,6,1520,1,2,3,1.0,3.0,33063,M,,,33
201000028878,10,3,8,1730,1,2,3,1.0,3.0,33039,M,,,33
201000028879,10,3,8,600,5,2,3,1.0,2.0,33063,M,,,33
201000028880,10,3,9,1800,1,2,1,1.0,6.0,33063,M,,,33
201000028881,10,3,9,1620,1,2,3,1.0,3.0,33063,M,,,33
201000028882,10,3,9,1405,1,2,1,1.0,2.0,33063,M,,,33
201000028883,10,2,26,1715,1,2,3,1.0,3.0,33522,M,,,33
201000028884,10,3,5,845,1,2,4,1.0,2.0,33550,M,,,33
201000028885,10,3,3,1745,2,2,2,2.0,6.0,33281,M,,,33
201000028886,10,3,3,1345,1,2,1,1.0,6.0,33281,M,,,33
201000028887,10,3,2,1230,1,2,2,1.0,3.0,33192,M,,,33
201000028888,10,3,2,857,1,2,3,1.0,3.0,33522,M,,,33
201000028889,10,2,25,1950,5,2,3,8.0,3.0,33522,M,,,33
201000028890,10,3,10,1020,1,2,3,1.0,3.0,33063,M,,,33
201000028891,10,3,10,1135,1,2,2,1.0,3.0,33063,M,,,33
201000028892,10,3,10,1738,1,2,1,8.0,2.0,33063,M,,,33
201000028893,10,3,10,1740,2,2,2,1.0,2.0,33063,M,,,33
201000028894,10,3,10,1910,5,2,1,1.0,3.0,33063,M,,,33
201000028895,10,3,7,1600,1,2,3,1.0,4.0,33192,M,,,33
201000028896,10,3,4,1205,1,2,2,1.0,6.0,33318,M,,,33
201000028897,10,3,5,1645,1,2,1,1.0,1.0,33192,M,,,33
201000028898,10,3,8,1715,1,2,1,1.0,3.0,33522,M,,,33
201000028899,10,3,7,1130,1,2,1,1.0,6.0,33069,M,,,33
201000028900,10,3,11,1200,1,2,2,1.0,3.0,33063,M,,,33
201000028901,10,3,11,1230,1,2,5,1.0,3.0,33063,M,,,33
201000028902,10,3,11,1830,1,2,1,1.0,3.0,33063,M,,,33
201000028903,10,3,11,1740,1,2,3,1.0,6.0,33063,M,,,33
201000028904,10,3,13,530,1,2,1,1.0,6.0,33063,M,,,33
201000028905,10,3,14,2040,5,2,1,1.0,5.0,33550,M,,,33
201000028906,10,3,12,1850,1,2,1,1.0,3.0,33063,M,,,33
201000028907,10,3,13,1440,1,2,5,1.0,3.0,33063,M,,,33
201000028908,10,3,12,2050,5,2,3,1.0,3.0,33063,M,,,33
201000028909,10,3,12,1625,1,2,7,1.0,6.0,33063,M,,,33
201000028910,10,3,14,1530,1,2,2,1.0,3.0,33063,M,,,33
201000028911,10,3,13,1900,2,2,1,1.0,6.0,33063,M,,,33
201000028912,10,3,13,1050,1,2,2,1.0,1.0,33063,M,,,33
201000028913,10,3,15,1815,1,2,3,1.0,3.0,33063,M,,,33
201000028914,10,3,3,1810,2,2,4,2.0,6.0,33522,M,,,33
201000028915,10,3,16,910,1,2,1,1.0,3.0,33063,M,,,33
201000028916,10,3,16,1640,1,2,1,1.0,6.0,33063,M,,,33
201000028917,10,3,17,2005,5,2,2,1.0,3.0,33063,M,,,33
201000028918,10,3,17,940,1,2,3,1.0,3.0,33063,M,,,33
201000028919,10,3,17,1945,5,2,1,1.0,1.0,33069,M,,,33
201000028920,10,3,16,2015,5,2,2,1.0,3.0,33063,M,,,33
201000028921,10,3,10,655,2,2,1,1.0,3.0,33192,M,,,33
201000028922,10,3,9,1830,1,2,1,1.0,6.0,33075,M,,,33
201000028923,10,3,9,1355,1,2,2,1.0,3.0,33069,M,,,33
201000028924,10,3,17,725,1,2,1,1.0,3.0,33063,M,,,33
201000028925,10,3,8,1705,1,2,1,1.0,6.0,33069,M,,,33
201000028926,10,3,18,900,1,2,1,1.0,3.0,33063,M,,,33
201000028927,10,3,17,1510,1,2,1,1.0,3.0,33249,M,,,33
201000028928,10,3,13,1840,2,2,5,1.0,3.0,33032,M,,,33
201000028929,10,3,21,603,5,2,1,2.0,6.0,33063,M,,,33
201000028930,10,3,19,2015,5,2,1,1.0,3.0,33039,M,,,33
201000028931,10,3,13,1735,1,2,1,1.0,3.0,33075,M,,,33
201000028932,10,3,15,845,1,2,1,1.0,4.0,33249,M,,,33
201000028933,10,3,22,725,1,2,2,1.0,3.0,33063,M,,,33
201000028934,10,3,22,1135,1,2,1,1.0,6.0,33075,M,,,33
201000028935,10,3,23,1330,1,2,2,1.0,3.0,33063,M,,,33
201000028936,10,3,19,755,1,2,3,1.0,6.0,33281,M,,,33
201000028937,10,3,17,1940,5,2,2,1.0,3.0,33069,M,,,33
201000028938,10,3,16,915,1,2,1,1.0,3.0,33192,M,,,33
201000028939,10,3,17,1630,1,2,3,1.0,3.0,33318,M,,,33
201000028940,10,3,19,1600,1,2,5,2.0,3.0,33318,M,,,33
201000028941,10,3,19,1820,1,2,3,1.0,2.0,33119,M,,,33
201000028942,10,3,23,1925,1,2,1,1.0,6.0,33063,M,,,33
201000028943,10,3,24,1445,1,2,1,1.0,3.0,33063,M,,,33
201000028944,10,3,18,930,1,2,3,1.0,3.0,33522,M,,,33
201000028945,10,3,24,1952,5,2,1,1.0,3.0,33063,M,,,33
201000028946,10,3,24,935,1,2,1,1.0,3.0,33167,M,,,33
201000028947,10,3,25,1005,1,2,3,1.0,6.0,33063,M,,,33
201000028948,10,3,25,2005,5,2,1,2.0,1.0,33281,M,,,33
201000028949,10,3,25,1035,1,2,3,1.0,2.0,33063,M,,,33
201000028950,10,3,27,1745,1,2,2,1.0,3.0,33063,M,,,33
201000028951,10,3,25,1938,5,2,5,2.0,3.0,33063,M,,,33
201000028952,10,3,28,120,5,2,3,2.0,3.0,33063,M,,,33
201000028953,10,3,26,1635,1,2,1,1.0,3.0,33063,M,,,33
201000028954,10,3,25,1020,1,2,4,1.0,6.0,33249,M,,,33
201000028955,10,3,29,700,2,2,2,1.0,2.0,33063,M,,,33
201000028956,10,3,19,1200,1,2,3,1.0,3.0,33522,M,,,33
201000028957,10,3,24,1805,1,2,1,2.0,3.0,33281,M,,,33
201000028958,10,3,21,1800,1,2,2,1.0,3.0,33063,M,,,33
201000028959,10,3,22,1545,1,2,3,1.0,2.0,33192,M,,,33
201000028960,10,3,22,920,1,2,1,1.0,3.0,33119,M,,,33
201000028961,10,3,24,1200,1,2,3,1.0,5.0,33281,M,,,33
201000028962,10,3,26,2330,5,2,2,1.0,6.0,33318,M,,,33
201000028963,10,3,28,2023,5,2,2,1.0,1.0,33281,M,,,33
201000028964,10,3,30,1430,1,2,1,2.0,2.0,33063,M,,,33
201000028965,10,3,26,1735,1,2,2,1.0,3.0,33318,M,,,33
201000028966,10,3,28,305,5,2,2,2.0,3.0,33039,M,,,33
201000028967,10,3,26,1507,1,2,2,1.0,3.0,33069,M,,,33
201000028968,10,4,2,205,5,2,1,1.0,7.0,33192,M,,,33
201000028969,10,3,26,1815,1,2,6,1.0,4.0,33069,M,,,33
201000028970,10,3,26,2155,5,2,6,2.0,3.0,33522,M,,,33
201000028971,10,3,30,1545,1,2,1,6.0,2.0,33039,M,,,33
201000028972,10,4,1,1010,1,2,2,1.0,3.0,33063,M,,,33
201000028973,10,4,1,809,1,2,1,2.0,6.0,33063,M,,,33
201000028974,10,4,3,100,5,2,3,3.0,6.0,33063,M,,,33
201000028975,10,4,4,610,5,2,3,1.0,3.0,33522,M,,,33
201000028976,10,4,3,120,5,2,2,2.0,6.0,33063,M,,,33
201000028977,10,4,5,355,5,2,2,1.0,3.0,33063,M,,,33
201000028978,10,4,4,344,5,2,1,1.0,6.0,33063,M,,,33
201000028979,10,4,3,1,5,2,2,1.0,6.0,33063,M,,,33
201000028980,10,4,3,1,5,2,2,1.0,3.0,33063,M,,,33
201000028981,10,4,6,1625,1,2,1,1.0,2.0,33063,M,,,33
201000028982,10,4,6,1425,1,2,2,1.0,3.0,33063,M,,,33
201000028983,10,4,1,1935,1,2,2,1.0,6.0,33167,M,,,33
201000028984,10,4,6,1625,1,2,1,1.0,6.0,33063,M,,,33
201000028985,10,4,6,1300,1,2,2,1.0,3.0,33063,M,,,33
201000028986,10,4,7,1210,1,2,2,2.0,3.0,33063,M,,,33
201000028987,10,4,7,1300,1,2,1,1.0,6.0,33063,M,,,33
201000028988,10,4,8,1045,1,2,1,1.0,6.0,33063,M,,,33
201000028989,10,4,2,1235,1,2,1,1.0,5.0,33281,M,,,33
201000028990,10,4,8,905,1,2,2,1.0,3.0,33063,M,,,33
201000028991,10,4,1,2100,5,2,1,1.0,7.0,33522,M,,,33
201000028992,10,4,4,1455,1,2,4,2.0,3.0,33069,M,,,33
201000028993,10,4,8,1630,1,2,2,1.0,2.0,33063,M,,,33
201000028994,10,4,6,1435,1,2,1,1.0,3.0,33281,M,,,33
201000028995,10,4,1,1410,1,2,1,8.0,4.0,33281,M,,,33
201000028996,10,4,11,1120,1,2,2,1.0,3.0,33063,M,,,33
201000028997,10,4,11,1750,1,2,6,1.0,5.0,33550,M,,,33
201000028998,10,4,11,1700,1,2,2,1.0,2.0,33063,M,,,33
201000028999,10,4,9,2220,5,2,2,1.0,3.0,33069,M,,,33
201000029000,10,4,10,805,1,2,1,1.0,6.0,33522,M,,,33
201000029001,10,4,11,1800,1,2,5,1.0,3.0,33063,M,,,33
201000029002,10,4,7,1845,1,2,4,1.0,6.0,33522,M,,,33
201000029003,10,4,7,1035,1,2,2,1.0,3.0,33522,M,,,33
201000029004,10,4,6,1120,1,2,2,1.0,3.0,33039,M,,,33