Num_Acc,an,mois,jour,hrmn,lum,agg,int,atm,col,com,gps,lat,long,dep
201000029005,10,4,11,1030,1,2,1,1.0,2.0,33063,M,,,33
201000029006,10,4,7,1650,1,2,1,1.0,3.0,33550,M,,,33
201000029007,10,4,12,1640,1,2,3,1.0,3.0,33063,M,,,33
201000029008,10,4,12,2145,5,2,2,1.0,3.0,33063,M,,,33
201000029009,10,4,12,750,1,2,4,1.0,3.0,33063,M,,,33
201000029010,10,4,9,2357,5,2,2,1.0,6.0,33063,M,,,33
201000029011,10,4,13,1220,1,2,3,1.0,6.0,33063,M,,,33
201000029012,10,4,14,1345,1,2,3,1.0,2.0,33063,M,,,33
201000029013,10,4,14,830,1,2,1,1.0,6.0,33063,M,,,33
201000029014,10,4,14,1241,1,2,1,1.0,2.0,33063,M,,,33
201000029015,10,4,15,2015,2,2,1,1.0,3.0,33063,M,,,33
201000029016,10,4,9,755,1,2,1,1.0,7.0,33281,M,,,33
201000029017,10,4,15,800,1,2,1,1.0,3.0,33281,M,,,33
201000029018,10,4,12,2155,5,2,1,1.0,7.0,33318,M,,,33
201000029019,10,4,14,1800,1,2,1,1.0,2.0,33249,M,,,33
201000029020,10,4,10,545,5,2,1,1.0,7.0,33063,M,,,33
201000029021,10,4,17,1445,1,2,1,1.0,3.0,33063,M,,,33
201000029022,10,4,17,1415,1,2,4,1.0,6.0,33063,M,,,33
201000029023,10,4,17,2255,5,2,5,1.0,3.0,33063,M,,,33
201000029024,10,4,17,1055,1,2,1,1.0,4.0,33063,M,,,33
201000029025,10,4,18,1945,1,2,3,1.0,5.0,33063,M,,,33
201000029026,10,4,16,1215,1,2,3,1.0,6.0,33063,M,,,33
201000029027,10,4,16,1545,1,2,4,1.0,6.0,33063,M,,,33
201000029028,10,4,16,1230,1,2,1,1.0,2.0,33063,M,,,33
201000029029,10,4,18,2100,2,2,5,1.0,3.0,33063,M,,,33
201000029030,10,4,11,2000,1,2,1,1.0,3.0,33063,M,,,33
201000029031,10,4,15,1130,1,2,1,1.0,3.0,33119,M,,,33
201000029032,10,4,16,1240,1,2,3,1.0,3.0,33249,M,,,33
201000029033,10,4,20,1156,1,2,3,1.0,3.0,33063,M,,,33
201000029034,10,4,20,1324,1,2,1,1.0,2.0,33063,M,,,33
201000029035,10,4,20,2050,1,2,2,1.0,3.0,33063,M,,,33
201000029036,10,4,20,2030,1,2,1,1.0,6.0,33063,M,,,33
201000029037,10,4,20,855,1,2,1,1.0,6.0,33063,M,,,33
201000029038,10,4,19,2005,1,2,2,1.0,2.0,33063,M,,,33
201000029039,10,4,18,821,1,2,2,1.0,3.0,33192,M,,,33
201000029040,10,4,19,1340,1,2,1,1.0,3.0,33318,M,,,33
201000029041,10,4,15,1620,1,2,1,1.0,3.0,33522,M,,,33
201000029042,10,4,18,955,1,2,2,1.0,6.0,33119,M,,,33
201000029043,10,4,15,1037,1,2,1,1.0,2.0,33075,M,,,33
201000029044,10,4,16,1315,1,2,4,1.0,3.0,33550,M,,,33
201000029045,10,4,16,800,1,2,4,1.0,3.0,33069,M,,,33
201000029046,10,4,17,1650,1,2,4,1.0,3.0,33522,M,,,33
201000029047,10,4,22,2025,1,2,3,1.0,3.0,33063,M,,,33
201000029048,10,4,22,1735,1,2,3,1.0,3.0,33063,M,,,33
201000029049,10,4,22,2200,5,2,2,1.0,3.0,33063,M,,,33
201000029050,10,4,23,420,5,2,1,1.0,7.0,33063,M,,,33
201000029051,10,4,20,1735,1,2,4,1.0,3.0,33318,M,,,33
201000029052,10,4,23,1315,1,2,1,1.0,3.0,33167,M,,,33
201000029053,10,4,27,1800,1,2,1,1.0,6.0,33063,M,,,33
201000029054,10,4,27,50,5,2,1,1.0,7.0,33063,M,,,33
201000029055,10,4,26,1455,1,2,2,1.0,2.0,33063,M,,,33
201000029056,10,4,22,1345,1,2,2,1.0,6.0,33249,M,,,33
201000029057,10,4,24,1145,1,2,5,1.0,3.0,33063,M,,,33
201000029058,10,4,21,1635,1,2,1,1.0,1.0,33318,M,,,33
201000029059,10,4,21,1545,1,2,1,1.0,3.0,33550,M,,,33
201000029060,10,4,22,905,1,2,2,1.0,3.0,33281,M,,,33
201000029061,10,4,27,1230,1,2,2,1.0,3.0,33063,M,,,33
201000029062,10,4,28,140,4,2,3,1.0,3.0,33063,M,,,33
201000029063,10,4,24,1430,1,2,1,1.0,6.0,33167,M,,,33
201000029064,10,4,28,1210,1,2,1,1.0,3.0,33063,M,,,33
201000029065,10,4,28,1815,1,2,6,1.0,1.0,33063,M,,,33
201000029066,10,4,29,231,5,2,1,1.0,6.0,33281,M,,,33
201000029067,10,4,29,1745,1,2,6,1.0,3.0,33069,M,,,33
201000029068,10,4,28,1900,1,2,2,1.0,5.0,33063,M,,,33
201000029069,10,4,29,1320,1,2,1,1.0,6.0,33063,M,,,33
201000029070,10,4,24,30,3,2,1,1.0,7.0,33063,M,,,33
201000029071,10,5,1,550,5,2,2,1.0,3.0,33063,M,,,33
201000029072,10,5,1,2045,2,2,3,1.0,3.0,33063,M,,,33
201000029073,10,5,2,2039,2,2,2,1.0,3.0,33063,M,,,33
201000029074,10,4,26,1720,1,2,2,1.0,3.0,33281,M,,,33
201000029075,10,4,27,1750,1,2,1,1.0,1.0,33281,M,,,33
201000029076,10,4,30,745,1,2,6,1.0,3.0,33063,M,,,33
201000029077,10,5,3,1940,1,2,1,1.0,6.0,33063,M,,,33
201000029078,10,5,3,1055,1,2,4,2.0,7.0,33063,M,,,33
201000029079,10,4,29,1305,1,2,2,1.0,3.0,33039,M,,,33
201000029080,10,5,4,1810,1,2,3,1.0,3.0,33063,M,,,33
201000029081,10,5,1,1520,1,2,2,1.0,1.0,33075,M,,,33
201000029082,10,5,4,1805,1,2,3,2.0,7.0,33069,M,,,33
201000029083,10,5,5,1350,1,2,1,1.0,3.0,33119,M,,,33
201000029084,10,5,2,2050,2,2,1,1.0,7.0,33075,M,,,33
201000029085,10,5,6,1830,1,2,1,1.0,3.0,33063,M,,,33
201000029086,10,5,9,410,5,2,1,1.0,7.0,33063,M,,,33
201000029087,10,5,7,2350,5,2,2,2.0,3.0,33063,M,,,33
201000029088,10,5,8,610,5,2,3,2.0,6.0,33063,M,,,33
201000029089,10,5,9,955,1,2,9,2.0,1.0,33039,M,,,33
201000029090,10,5,8,1640,1,2,2,1.0,3.0,33063,M,,,33
201000029091,10,5,8,35,5,2,3,1.0,3.0,33063,M,,,33
201000029092,10,4,30,1315,1,2,5,1.0,3.0,33063,M,,,33
201000029093,10,5,10,1540,1,2,1,1.0,7.0,33063,M,,,33
201000029094,10,5,4,1215,1,2,6,1.0,2.0,33281,M,,,33
201000029095,10,5,10,705,1,2,2,1.0,3.0,33063,M,,,33
201000029096,10,5,10,2010,1,2,1,1.0,6.0,33063,M,,,33
201000029097,10,5,11,1825,1,2,1,1.0,2.0,33063,M,,,33
201000029098,10,5,5,705,1,2,2,2.0,3.0,33522,M,,,33
201000029099,10,5,6,855,1,2,2,1.0,2.0,33318,M,,,33
201000029100,10,5,11,1645,1,2,1,1.0,4.0,33063,M,,,33
201000029101,10,5,6,1745,1,2,6,1.0,3.0,33281,M,,,33
201000029102,10,5,5,1510,1,2,1,3.0,3.0,33550,M,,,33
201000029103,10,5,11,2335,3,2,2,1.0,3.0,33063,M,,,33
201000029104,10,5,11,1130,1,2,3,1.0,6.0,33063,M,,,33
201000029105,10,5,6,245,5,2,3,1.0,6.0,33192,M,,,33
201000029106,10,5,11,936,1,2,6,2.0,3.0,33063,M,,,33
201000029107,10,5,9,350,5,2,3,1.0,7.0,33069,M,,,33
201000029108,10,5,12,1625,1,2,9,1.0,4.0,33063,M,,,33
201000029109,10,5,12,1750,1,2,1,1.0,6.0,33063,M,,,33
201000029110,10,5,15,457,5,2,2,1.0,2.0,33069,M,,,33
201000029111,10,5,11,1445,1,2,1,1.0,3.0,33281,M,,,33
201000029112,10,5,15,2320,5,2,3,1.0,1.0,33063,M,,,33
201000029113,10,5,9,1915,1,2,1,1.0,6.0,33318,M,,,33
201000029114,10,5,13,1110,1,2,1,1.0,7.0,33032,M,,,33
201000029115,10,5,14,1150,1,2,3,1.0,3.0,33063,M,,,33
201000029116,10,5,10,2230,5,2,3,1.0,3.0,33522,M,,,33
201000029117,10,5,8,1835,1,2,3,1.0,3.0,33522,M,,,33
201000029118,10,5,17,1320,1,2,3,1.0,2.0,33063,M,,,33
201000029119,10,5,17,1555,1,2,3,1.0,3.0,33063,M,,,33
201000029120,10,5,17,1000,1,2,2,1.0,3.0,33063,M,,,33
201000029121,10,5,14,2330,5,2,1,1.0,6.0,33063,M,,,33
201000029122,10,5,17,1445,1,2,3,1.0,5.0,33063,M,,,33
201000029123,10,5,18,1415,1,2,3,1.0,1.0,33063,M,,,33
201000029124,10,5,18,1220,1,2,3,1.0,3.0,33063,M,,,33
201000029125,10,5,18,1120,1,2,1,1.0,3.0,33063,M,,,33
201000029126,10,5,12,1900,1,2,2,1.0,6.0,33318,M,,,33
201000029127,10,5,14,2010,1,2,2,1.0,3.0,33522,M,,,33
201000029128,10,5,17,1755,1,2,4,1.0,4.0,33281,M,,,33
201000029129,10,5,18,715,1,2,1,1.0,2.0,33281,M,,,33
201000029130,10,5,12,1600,1,2,1,1.0,6.0,33119,M,,,33
201000029131,10,5,19,1215,1,2,2,1.0,3.0,33063,M,,,33
201000029132,10,5,20,850,1,2,3,1.0,1.0,33063,M,,,33
201000029133,10,5,17,659,1,2,1,1.0,3.0,33063,M,,,33
201000029134,10,5,18,1610,1,2,6,1.0,3.0,33281,M,,,33
201000029135,10,5,19,2005,1,2,4,1.0,3.0,33063,M,,,33
201000029136,10,5,17,845,1,2,2,1.0,3.0,33550,M,,,33
201000029137,10,5,21,2125,1,2,5,1.0,3.0,33063,M,,,33
201000029138,10,5,21,1850,1,2,3,1.0,2.0,33063,M,,,33
201000029139,10,5,22,200,5,2,2,1.0,3.0,33063,M,,,33
201000029140,10,5,23,1440,1,2,1,1.0,3.0,33063,M,,,33
201000029141,10,5,24,1100,1,2,3,1.0,2.0,33063,M,,,33
201000029142,10,5,21,1427,1,2,2,1.0,3.0,33063,M,,,33
201000029143,10,5,19,2120,1,2,6,1.0,4.0,33281,M,,,33
201000029144,10,5,19,855,1,2,3,1.0,7.0,33069,M,,,33
201000029145,10,5,19,853,1,2,1,1.0,2.0,33063,M,,,33
201000029146,10,5,25,1535,1,2,1,1.0,3.0,33063,M,,,33
201000029147,10,5,25,810,1,2,2,1.0,3.0,33063,M,,,33
201000029148,10,5,26,530,5,2,2,1.0,3.0,33063,M,,,33
201000029149,10,5,20,2240,5,2,1,1.0,7.0,33063,M,,,33
201000029150,10,5,26,820,1,2,5,1.0,2.0,33063,M,,,33
201000029151,10,5,26,1440,1,2,2,1.0,3.0,33063,M,,,33
201000029152,10,5,26,1630,1,2,1,1.0,2.0,33063,M,,,33
201000029153,10,5,26,920,1,2,2,1.0,6.0,33063,M,,,33
201000029154,10,5,21,1625,1,2,2,1.0,1.0,33318,M,,,33
201000029155,10,5,27,1340,1,2,2,1.0,3.0,33063,M,,,33
201000029156,10,5,21,2015,1,2,3,1.0,3.0,33039,M,,,33
201000029157,10,5,27,905,1,2,1,1.0,3.0,33063,M,,,33
201000029158,10,5,20,1810,1,2,2,1.0,3.0,33281,M,,,33
201000029159,10,5,28,1915,1,2,1,1.0,3.0,33318,M,,,33
201000029160,10,5,29,1440,1,2,2,1.0,3.0,33063,M,,,33
201000029161,10,5,29,2330,5,2,3,2.0,2.0,33063,M,,,33
201000029162,10,5,30,2110,1,2,2,2.0,1.0,33063,M,,,33
201000029163,10,5,31,1640,1,2,3,1.0,3.0,33063,M,,,33
201000029164,10,5,31,1500,1,2,6,1.0,3.0,33063,M,,,33
201000029165,10,5,31,1805,1,2,4,1.0,3.0,33063,M,,,33
201000029166,10,5,27,1630,1,2,1,1.0,2.0,33281,M,,,33
201000029167,10,6,1,1640,1,2,1,1.0,3.0,33063,M,,,33
201000029168,10,6,1,825,1,2,2,1.0,3.0,33063,M,,,33
201000029169,10,5,29,850,1,2,2,1.0,3.0,33075,M,,,33
201000029170,10,5,25,1403,1,2,2,1.0,3.0,33522,M,,,33
201000029171,10,5,31,1910,1,2,4,1.0,3.0,33281,M,,,33
201000029172,10,5,25,1653,1,2,3,1.0,5.0,33281,M,,,33
201000029173,10,6,2,1726,1,2,1,1.0,6.0,33063,M,,,33
201000029174,10,5,28,1805,1,2,2,1.0,3.0,33318,M,,,33
201000029175,10,5,29,2230,5,2,2,2.0,3.0,33318,M,,,33
201000029176,10,5,26,2000,1,2,1,1.0,5.0,33063,M,,,33
201000029177,10,5,27,1710,1,2,1,1.0,6.0,33249,M,,,33
201000029178,10,6,1,1845,1,2,2,1.0,3.0,33063,M,,,33
201000029179,10,5,30,1645,1,2,2,1.0,6.0,33281,M,,,33
201000029180,10,6,5,1650,1,2,3,1.0,6.0,33063,M,,,33
201000029181,10,6,4,1505,1,2,2,1.0,3.0,33063,M,,,33
201000029182,10,6,4,755,1,2,2,1.0,2.0,33063,M,,,33
201000029183,10,6,6,2130,2,2,2,1.0,6.0,33063,M,,,33
201000029184,10,6,7,2055,5,2,3,1.0,7.0,33063,M,,,33
201000029185,10,6,7,1557,1,2,3,1.0,5.0,33063,M,,,33
201000029186,10,6,1,855,1,2,1,2.0,3.0,33281,M,,,33
201000029187,10,6,7,1405,1,2,2,1.0,3.0,33063,M,,,33
201000029188,10,6,8,910,1,2,2,2.0,3.0,33063,M,,,33
201000029189,10,6,7,1730,1,2,3,1.0,6.0,33119,M,,,33
201000029190,10,6,8,2150,5,2,2,9.0,3.0,33522,M,,,33
201000029191,10,6,7,1100,1,2,1,1.0,6.0,33249,M,,,33
201000029192,10,6,8,2325,5,2,2,9.0,2.0,33063,M,,,33
201000029193,10,6,8,1900,1,2,3,2.0,2.0,33063,M,,,33
201000029194,10,5,31,1225,1,2,2,1.0,5.0,33281,M,,,33
201000029195,10,6,2,1245,1,2,3,1.0,3.0,33281,M,,,33
201000029196,10,6,4,1350,1,2,3,1.0,3.0,33119,M,,,33
201000029197,10,6,8,1745,1,2,2,1.0,3.0,33063,M,,,33
201000029198,10,6,4,2022,1,2,2,1.0,3.0,33039,M,,,33
201000029199,10,6,3,820,1,2,1,1.0,3.0,33192,M,,,33
201000029200,10,6,6,1935,1,2,2,1.0,6.0,33281,M,,,33
201000029201,10,6,10,1345,1,2,1,1.0,6.0,33063,M,,,33
201000029202,10,6,10,1400,1,2,6,1.0,3.0,33522,M,,,33
201000029203,10,6,10,1540,1,2,3,1.0,2.0,33063,M,,,33
201000029204,10,6,4,1730,1,2,1,1.0,3.0,33281,M,,,33
201000029205,10,6,10,930,1,2,4,1.0,3.0,33281,M,,,33
201000029206,10,6,8,1100,1,2,2,2.0,1.0,33069,M,,,33
201000029207,10,6,11,1900,1,2,1,1.0,6.0,33550,M,,,33
201000029208,10,6,12,1730,1,2,3,1.0,3.0,33063,M,,,33
201000029209,10,6,12,650,1,2,2,1.0,6.0,33063,M,,,33
201000029210,10,6,13,1845,1,2,1,1.0,4.0,33063,M,,,33
201000029211,10,6,11,755,1,2,2,2.0,6.0,33063,M,,,33
201000029212,10,6,12,1945,1,2,4,1.0,3.0,33063,M,,,33
201000029213,10,6,11,1450,1,2,1,1.0,6.0,33063,M,,,33
201000029214,10,6,11,2339,5,2,2,2.0,3.0,33063,M,,,33
201000029215,10,6,12,1425,1,2,1,1.0,2.0,33063,M,,,33
201000029216,10,6,12,230,5,2,3,1.0,3.0,33063,M,,,33
201000029217,10,6,15,155,5,2,1,1.0,6.0,33063,M,,,33
201000029218,10,6,12,555,2,2,1,1.0,7.0,33039,M,,,33
201000029219,10,6,15,1050,1,2,3,1.0,3.0,33063,M,,,33
201000029220,10,6,15,1510,1,2,1,1.0,4.0,33063,M,,,33
201000029221,10,6,15,530,2,2,2,1.0,3.0,33281,M,,,33
201000029222,10,6,13,1140,1,2,2,1.0,3.0,33249,M,,,33
201000029223,10,6,12,1615,1,2,1,1.0,3.0,33167,M,,,33
201000029224,10,6,11,1110,1,2,1,1.0,3.0,33550,M,,,33
201000029225,10,6,15,1200,1,2,1,2.0,2.0,33119,M,,,33
201000029226,10,6,17,1500,1,2,1,1.0,3.0,33063,M,,,33
201000029227,10,6,12,1940,1,2,2,1.0,3.0,33281,M,,,33
201000029228,10,6,17,1625,1,2,4,1.0,6.0,33063,M,,,33
201000029229,10,6,13,2205,5,2,1,1.0,3.0,33550,M,,,33
201000029230,10,6,14,920,1,2,2,2.0,6.0,33039,M,,,33
201000029231,10,6,17,840,1,2,3,1.0,3.0,33063,M,,,33
201000029232,10,6,11,2330,5,2,1,1.0,7.0,33192,M,,,33
201000029233,10,6,16,1510,1,2,6,3.0,2.0,33119,M,,,33
201000029234,10,6,21,25,5,2,3,1.0,3.0,33063,M,,,33
201000029235,10,6,18,1945,1,2,1,8.0,6.0,33063,M,,,33
201000029236,10,6,20,2330,5,2,1,1.0,6.0,33063,M,,,33
201000029237,10,6,18,1645,1,2,3,1.0,3.0,33063,M,,,33
201000029238,10,6,22,245,5,2,1,1.0,6.0,33063,M,,,33
201000029239,10,6,21,2115,1,2,3,1.0,3.0,33063,M,,,33
201000029240,10,6,21,920,1,2,4,1.0,3.0,33063,M,,,33
201000029241,10,6,15,1830,1,2,3,1.0,3.0,33032,M,,,33
201000029242,10,6,14,1705,1,2,1,1.0,3.0,33063,M,,,33
201000029243,10,6,22,650,1,2,3,1.0,7.0,33063,M,,,33
201000029244,10,6,22,340,5,2,1,1.0,6.0,33063,M,,,33
201000029245,10,6,22,845,1,2,1,1.0,3.0,33063,M,,,33
201000029246,10,6,17,1520,1,2,2,1.0,3.0,33550,M,,,33
201000029247,10,6,18,1310,1,2,1,1.0,6.0,33039,M,,,33
201000029248,10,6,17,1810,1,2,1,1.0,2.0,33281,M,,,33
201000029249,10,6,19,1110,1,2,1,1.0,2.0,33281,M,,,33
201000029250,10,6,17,1605,1,2,2,1.0,3.0,33039,M,,,33
201000029251,10,6,23,1820,1,2,1,1.0,6.0,33063,M,,,33
201000029252,10,6,24,855,1,2,1,1.0,3.0,33063,M,,,33
201000029253,10,6,24,1808,1,2,4,1.0,3.0,33063,M,,,33
201000029254,10,6,24,1240,1,2,5,1.0,3.0,33063,M,,,33
201000029255,10,6,18,2045,1,2,1,1.0,3.0,33192,M,,,33
201000029256,10,6,21,1330,1,2,2,1.0,3.0,33281,M,,,33
201000029257,10,6,21,1526,1,2,3,1.0,3.0,33318,M,,,33
201000029258,10,6,21,1015,1,2,3,1.0,6.0,33192,M,,,33
201000029259,10,6,22,1245,1,2,3,1.0,1.0,33249,M,,,33
201000029260,10,6,22,254,5,2,1,1.0,6.0,33318,M,,,33
201000029261,10,6,25,1410,1,2,3,1.0,1.0,33063,M,,,33
201000029262,10,6,25,850,1,2,3,1.0,3.0,33063,M,,,33
201000029263,10,6,27,525,2,2,5,1.0,6.0,33063,M,,,33
201000029264,10,6,25,1900,1,2,1,1.0,6.0,33281,M,,,33
201000029265,10,6,25,2045,1,2,1,1.0,6.0,33063,M,,,33
201000029266,10,6,22,345,5,2,3,1.0,6.0,33281,M,,,33
201000029267,10,6,23,1215,1,2,2,1.0,6.0,33281,M,,,33
201000029268,10,6,28,1756,1,2,4,1.0,4.0,33063,M,,,33
201000029269,10,6,29,1740,1,2,3,1.0,6.0,33063,M,,,33
201000029270,10,6,23,1615,1,2,4,1.0,3.0,33281,M,,,33
201000029271,10,6,24,1120,1,2,2,1.0,3.0,33281,M,,,33
201000029272,10,6,22,1958,1,2,2,1.0,3.0,33281,M,,,33
201000029273,10,6,23,1250,1,2,4,1.0,2.0,33075,M,,,33
201000029274,10,6,26,1315,1,2,2,1.0,3.0,33318,M,,,33
201000029275,10,6,24,907,1,2,1,1.0,3.0,33522,M,,,33
201000029276,10,6,28,1125,1,2,1,1.0,3.0,33063,M,,,33
201000029277,10,6,30,2000,1,2,3,1.0,3.0,33063,M,,,33
201000029278,10,7,1,655,2,2,1,1.0,2.0,33063,M,,,33
201000029279,10,7,1,1025,1,2,2,1.0,3.0,33063,M,,,33
201000029280,10,7,1,1350,1,2,1,1.0,3.0,33063,M,,,33
201000029281,10,7,4,130,5,2,2,1.0,6.0,33063,M,,,33
201000029282,10,7,1,1945,1,2,1,1.0,3.0,33063,M,,,33
201000029283,10,6,28,810,1,2,3,1.0,6.0,33039,M,,,33
201000029284,10,7,2,1750,1,2,1,2.0,3.0,33063,M,,,33
201000029285,10,7,4,1800,1,2,1,1.0,3.0,33063,M,,,33
201000029286,10,6,28,910,1,2,1,1.0,6.0,33522,M,,,33
201000029287,10,6,28,850,1,2,1,1.0,6.0,33075,M,,,33
201000029288,10,7,4,620,1,2,2,1.0,3.0,33063,M,,,33
201000029289,10,7,5,1730,1,2,1,1.0,7.0,33063,M,,,33
201000029290,10,7,1,630,1,2,2,1.0,3.0,33318,M,,,33
201000029291,10,6,30,725,1,2,3,1.0,3.0,33281,M,,,33
201000029292,10,6,29,1615,1,2,6,1.0,6.0,33281,M,,,33
201000029293,10,6,29,2133,1,2,1,1.0,2.0,33039,M,,,33
201000029294,10,6,30,1145,1,2,1,1.0,4.0,33281,M,,,33
201000029295,10,7,6,1945,1,2,3,1.0,4.0,33063,M,,,33
201000029296,10,7,6,1800,1,2,3,1.0,6.0,33063,M,,,33
201000029297,10,7,6,1600,1,2,6,1.0,7.0,33281,M,,,33
201000029298,10,7,7,1600,1,2,1,1.0,6.0,33063,M,,,33
201000029299,10,7,8,300,5,2,1,1.0,7.0,33063,M,,,33
201000029300,10,7,7,1540,1,2,2,1.0,3.0,33318,M,,,33
201000029301,10,7,7,1025,1,2,3,1.0,3.0,33063,M,,,33
201000029302,10,7,1,1210,1,2,2,1.0,3.0,33522,M,,,33
201000029303,10,7,3,540,5,2,1,1.0,6.0,33069,M,,,33
201000029304,10,7,4,2015,1,2,1,1.0,3.0,33192,M,,,33
201000029305,10,7,6,1620,1,2,1,1.0,3.0,33318,M,,,33
201000029306,10,7,4,1850,1,2,3,1.0,3.0,33318,M,,,33
201000029307,10,6,30,852,1,2,3,1.0,3.0,33318,M,,,33
201000029308,10,7,2,1950,1,2,2,1.0,3.0,33032,M,,,33
201000029309,10,7,8,1925,1,2,1,1.0,3.0,33063,M,,,33
201000029310,10,7,8,1133,1,2,3,1.0,2.0,33063,M,,,33
201000029311,10,7,8,1200,1,2,1,1.0,2.0,33063,M,,,33
201000029312,10,6,29,1730,1,2,1,1.0,3.0,33192,M,,,33
201000029313,10,7,2,1105,1,2,2,1.0,3.0,33522,M,,,33
201000029314,10,7,3,600,2,2,6,1.0,1.0,33281,M,,,33
201000029315,10,7,5,1840,1,2,3,1.0,3.0,33119,M,,,33
201000029316,10,7,8,925,1,2,4,1.0,6.0,33063,M,,,33
201000029317,10,7,10,1000,1,2,2,1.0,3.0,33063,M,,,33
201000029318,10,7,10,1930,1,2,1,1.0,7.0,33063,M,,,33
201000029319,10,7,5,1720,1,2,2,1.0,4.0,33281,M,,,33
201000029320,10,7,10,940,1,2,1,1.0,6.0,33063,M,,,33
201000029321,10,7,9,2354,5,2,1,1.0,3.0,33063,M,,,33
201000029322,10,7,9,2300,5,2,3,1.0,2.0,33063,M,,,33
201000029323,10,7,6,805,1,2,1,1.0,6.0,33069,M,,,33
201000029324,10,7,11,1140,1,2,2,1.0,3.0,33063,M,,,33
201000029325,10,7,12,1755,1,2,3,1.0,3.0,33063,M,,,33
201000029326,10,7,10,1740,1,2,1,1.0,4.0,33119,M,,,33
201000029327,10,7,14,1620,1,2,1,1.0,6.0,33063,M,,,33
201000029328,10,7,6,1655,1,2,4,1.0,3.0,33192,M,,,33
201000029329,10,7,8,840,1,2,2,1.0,3.0,33522,M,,,33
201000029330,10,7,12,1535,1,2,3,1.0,3.0,33550,M,,,33
201000029331,10,7,18,820,1,2,2,1.0,3.0,33063,M,,,33
201000029332,10,7,16,2300,5,2,2,1.0,3.0,33063,M,,,33
201000029333,10,7,17,1735,1,2,3,1.0,6.0,33063,M,,,33
201000029334,10,7,18,615,2,2,1,1.0,6.0,33063,M,,,33
201000029335,10,7,19,2018,1,2,1,1.0,6.0,33063,M,,,33
201000029336,10,7,19,600,2,2,1,1.0,6.0,33063,M,,,33
201000029337,10,7,9,2045,1,2,3,1.0,3.0,33522,M,,,33
201000029338,10,7,6,1900,1,2,4,1.0,3.0,33550,M,,,33
201000029339,10,7,20,1730,1,2,2,1.0,3.0,33063,M,,,33
201000029340,10,7,20,1915,1,2,5,1.0,3.0,33063,M,,,33
201000029341,10,7,20,2210,2,2,5,1.0,3.0,33063,M,,,33
201000029342,10,7,21,100,5,2,3,1.0,7.0,33063,M,,,33
201000029343,10,7,20,750,1,2,1,1.0,3.0,33063,M,,,33
201000029344,10,7,15,45,5,2,3,1.0,3.0,33069,M,,,33
201000029345,10,7,13,1250,1,2,2,1.0,3.0,33281,M,,,33
201000029346,10,7,18,710,1,2,6,1.0,6.0,33550,M,,,33
201000029347,10,7,21,1305,1,2,6,1.0,5.0,33063,M,,,33
201000029348,10,7,21,1330,1,2,2,2.0,3.0,33063,M,,,33
201000029349,10,7,21,2315,5,2,3,8.0,6.0,33063,M,,,33
201000029350,10,7,16,1630,1,2,1,1.0,3.0,33281,M,,,33
201000029351,10,7,16,145,5,2,6,1.0,6.0,33522,M,,,33
201000029352,10,7,14,1920,1,2,3,1.0,3.0,33318,M,,,33
201000029353,10,7,17,1815,1,2,1,1.0,7.0,33039,M,,,33
201000029354,10,7,25,230,5,2,1,1.0,6.0,33063,M,,,33
201000029355,10,7,24,1400,1,2,3,1.0,5.0,33063,M,,,33
201000029356,10,7,23,1215,1,2,1,3.0,2.0,33063,M,,,33
201000029357,10,7,23,805,1,2,1,1.0,5.0,33063,M,,,33
201000029358,10,7,16,1700,1,2,1,1.0,6.0,33039,M,,,33
201000029359,10,7,19,1725,1,2,2,1.0,3.0,33550,M,,,33
201000029360,10,7,21,1012,1,2,2,2.0,6.0,33522,M,,,33
201000029361,10,7,23,1635,1,2,2,1.0,3.0,33063,M,,,33
201000029362,10,7,23,615,2,2,2,1.0,3.0,33063,M,,,33
201000029363,10,7,20,1750,1,2,4,1.0,3.0,33075,M,,,33
201000029364,10,7,23,1505,1,2,3,1.0,3.0,33249,M,,,33
201000029365,10,7,21,1645,1,2,1,1.0,6.0,33063,M,,,33
201000029366,10,7,28,1350,1,2,2,1.0,3.0,33063,M,,,33
201000029367,10,7,21,950,1,2,3,2.0,6.0,33063,M,,,33
201000029368,10,7,29,1625,1,2,1,1.0,7.0,33063,M,,,33
201000029369,10,7,26,1720,1,2,2,1.0,2.0,33550,M,,,33
201000029370,10,7,27,1420,1,2,6,1.0,3.0,33119,M,,,33
201000029371,10,7,29,2120,1,2,2,1.0,2.0,33063,M,,,33
201000029372,10,7,20,1805,1,2,1,1.0,1.0,33063,M,,,33
201000029373,10,7,14,2210,5,2,1,1.0,6.0,33039,M,,,33
201000029374,10,7,29,1735,1,2,3,1.0,3.0,33063,M,,,33
201000029375,10,8,1,125,5,2,1,1.0,6.0,33063,M,,,33
201000029376,10,7,30,1745,1,2,1,1.0,3.0,33063,M,,,33
201000029377,10,7,30,2303,5,2,3,1.0,7.0,33063,M,,,33
201000029378,10,7,29,2131,1,2,1,1.0,7.0,33249,M,,,33
201000029379,10,8,3,2245,5,2,1,1.0,7.0,33063,M,,,33
201000029380,10,8,3,2220,5,2,3,1.0,2.0,33063,M,,,33
201000029381,10,8,3,1400,1,2,1,1.0,6.0,33281,M,,,33
201000029382,10,8,3,1450,1,2,3,1.0,3.0,33063,M,,,33
201000029383,10,7,27,845,1,2,5,1.0,1.0,33075,M,,,33
201000029384,10,7,29,1200,1,2,6,1.0,3.0,33063,M,,,33
201000029385,10,8,4,2300,5,2,2,1.0,3.0,33063,M,,,33
201000029386,10,8,4,840,1,2,3,2.0,3.0,33063,M,,,33
201000029387,10,7,30,2025,1,2,1,1.0,6.0,33318,M,,,33
201000029388,10,7,31,910,1,2,1,1.0,3.0,33522,M,,,33
201000029389,10,8,4,1213,1,2,1,1.0,7.0,33063,M,,,33
201000029390,10,7,31,1515,1,2,2,1.0,2.0,33318,M,,,33