Num_Acc,an,mois,jour,hrmn,lum,agg,int,atm,col,com,gps,lat,long,dep
201000029391,10,8,8,720,2,2,1,1.0,6.0,33063,M,,,33
201000029392,10,8,8,1320,1,2,4,1.0,3.0,33063,M,,,33
201000029393,10,8,6,2230,5,2,1,1.0,1.0,33063,M,,,33
201000029394,10,8,7,1600,1,2,2,1.0,3.0,33063,M,,,33
201000029395,10,8,9,2020,1,2,1,1.0,3.0,33063,M,,,33
201000029396,10,8,6,2030,1,2,2,1.0,5.0,33063,M,,,33
201000029397,10,8,9,1820,1,2,1,1.0,6.0,33063,M,,,33
201000029398,10,8,8,1234,1,2,1,1.0,2.0,33318,M,,,33
201000029399,10,8,10,2025,1,2,2,1.0,3.0,33063,M,,,33
201000029400,10,8,4,1115,1,2,1,2.0,1.0,33063,M,,,33
201000029401,10,8,11,45,5,2,1,1.0,7.0,33063,M,,,33
201000029402,10,8,7,1410,1,2,1,1.0,2.0,33318,M,,,33
201000029403,10,8,8,2016,1,2,2,1.0,1.0,33318,M,,,33
201000029404,10,8,8,1525,1,2,1,1.0,6.0,33281,M,,,33
201000029405,10,8,8,1725,1,2,1,1.0,2.0,33281,M,,,33
201000029406,10,8,12,1115,1,2,2,1.0,3.0,33063,M,,,33
201000029407,10,8,11,1820,1,2,3,2.0,1.0,33119,M,,,33
201000029408,10,8,10,2055,1,2,3,2.0,6.0,33318,M,,,33
201000029409,10,8,6,810,1,2,1,1.0,3.0,33318,M,,,33
201000029410,10,8,14,500,5,2,2,1.0,6.0,33063,M,,,33
201000029411,10,8,15,1735,1,2,3,1.0,3.0,33063,M,,,33
201000029412,10,8,11,1010,1,2,3,1.0,3.0,33281,M,,,33
201000029413,10,8,7,915,1,2,1,1.0,6.0,33039,M,,,33
201000029414,10,8,16,2125,5,2,3,1.0,3.0,33063,M,,,33
201000029415,10,8,18,220,5,2,1,1.0,7.0,33063,M,,,33
201000029416,10,8,17,1225,1,2,3,1.0,3.0,33063,M,,,33
201000029417,10,8,19,10,4,2,1,1.0,6.0,33063,M,,,33
201000029418,10,8,18,855,1,2,2,2.0,3.0,33249,M,,,33
201000029419,10,8,12,1225,1,2,1,1.0,5.0,33281,M,,,33
201000029420,10,8,19,1455,1,2,5,1.0,3.0,33063,M,,,33
201000029421,10,8,18,1903,1,2,3,1.0,6.0,33063,M,,,33
201000029422,10,8,18,1840,1,2,5,1.0,3.0,33063,M,,,33
201000029423,10,8,19,1200,1,2,1,1.0,2.0,33063,M,,,33
201000029424,10,8,21,1203,1,2,1,1.0,2.0,33063,M,,,33
201000029425,10,8,20,1550,1,2,2,1.0,3.0,33063,M,,,33
201000029426,10,8,20,1415,1,2,1,1.0,1.0,33063,M,,,33
201000029427,10,8,20,1730,1,2,2,1.0,3.0,33063,M,,,33
201000029428,10,8,25,1830,1,2,1,1.0,3.0,33063,M,,,33
201000029429,10,8,22,130,5,2,1,1.0,6.0,33063,M,,,33
201000029430,10,8,20,1530,1,2,2,1.0,3.0,33063,M,,,33
201000029431,10,8,20,815,1,2,2,1.0,3.0,33119,M,,,33
201000029432,10,8,20,1525,1,2,1,1.0,2.0,33167,M,,,33
201000029433,10,8,23,1731,1,2,6,1.0,3.0,33249,M,,,33
201000029434,10,8,22,15,5,2,1,1.0,6.0,33318,M,,,33
201000029435,10,8,21,1220,1,2,3,1.0,6.0,33039,M,,,33
201000029436,10,8,20,300,5,2,1,1.0,6.0,33318,M,,,33
201000029437,10,8,24,2005,1,2,2,1.0,3.0,33063,M,,,33
201000029438,10,8,24,1600,1,2,3,1.0,2.0,33167,M,,,33
201000029439,10,8,23,1230,1,2,2,1.0,3.0,33063,M,,,33
201000029440,10,8,24,2015,1,2,1,1.0,2.0,33063,M,,,33
201000029441,10,8,26,935,1,2,1,1.0,4.0,33063,M,,,33
201000029442,10,8,24,1150,1,2,6,1.0,3.0,33550,M,,,33
201000029443,10,8,29,550,5,2,1,1.0,3.0,33063,M,,,33
201000029444,10,8,27,1820,1,2,3,1.0,3.0,33063,M,,,33
201000029445,10,8,28,1900,1,2,1,1.0,3.0,33249,M,,,33
201000029446,10,8,28,2345,5,2,4,1.0,3.0,33281,M,,,33
201000029447,10,8,31,2230,5,2,2,1.0,3.0,33063,M,,,33
201000029448,10,8,26,2120,5,2,2,1.0,3.0,33318,M,,,33
201000029449,10,8,29,1515,1,2,1,1.0,6.0,33318,M,,,33
201000029450,10,8,31,1615,1,2,3,1.0,3.0,33063,M,,,33
201000029451,10,8,24,2015,2,2,2,1.0,3.0,33281,M,,,33
201000029452,10,9,1,2350,5,2,2,1.0,5.0,33063,M,,,33
201000029453,10,9,2,1200,1,2,3,1.0,2.0,33063,M,,,33
201000029454,10,8,27,2145,5,2,1,1.0,7.0,33192,M,,,33
201000029455,10,8,27,1000,1,2,3,1.0,2.0,33075,M,,,33
201000029456,10,8,28,1650,1,2,2,1.0,3.0,33039,M,,,33
201000029457,10,8,31,2059,5,2,4,1.0,3.0,33119,M,,,33
201000029458,10,8,30,810,1,1,1,7.0,3.0,33281,M,,,33
201000029459,10,9,3,700,2,2,3,1.0,3.0,33063,M,,,33
201000029460,10,9,3,1140,1,2,2,1.0,3.0,33063,M,,,33
201000029461,10,9,5,945,1,2,4,1.0,3.0,33063,M,,,33
201000029462,10,9,3,2209,5,2,7,1.0,3.0,33063,M,,,33
201000029463,10,9,4,1755,1,2,3,1.0,3.0,33063,M,,,33
201000029464,10,9,7,735,1,2,3,2.0,3.0,33063,M,,,33
201000029465,10,8,31,825,1,2,2,1.0,3.0,33075,M,,,33
201000029466,10,8,30,1340,1,2,4,1.0,3.0,33281,M,,,33
201000029467,10,9,7,45,5,2,2,2.0,3.0,33063,M,,,33
201000029468,10,9,6,1430,1,2,2,1.0,2.0,33063,M,,,33
201000029469,10,9,6,1320,1,2,2,1.0,2.0,33063,M,,,33
201000029470,10,9,6,850,1,2,1,1.0,6.0,33063,M,,,33
201000029471,10,8,31,1705,1,2,2,1.0,1.0,33318,M,,,33
201000029472,10,8,31,1355,1,2,3,1.0,6.0,33039,M,,,33
201000029473,10,9,2,1815,1,2,1,1.0,3.0,33318,M,,,33
201000029474,10,9,5,1920,1,2,2,1.0,3.0,33063,M,,,33
201000029475,10,9,7,1740,1,2,4,1.0,5.0,33063,M,,,33
201000029476,10,9,7,855,1,2,4,2.0,7.0,33063,M,,,33
201000029477,10,9,7,2300,5,2,3,2.0,6.0,33063,M,,,33
201000029478,10,9,7,755,1,2,2,1.0,6.0,33063,M,,,33
201000029479,10,9,8,2050,5,2,3,3.0,6.0,33063,M,,,33
201000029480,10,9,9,1010,1,2,3,1.0,6.0,33063,M,,,33
201000029481,10,9,9,840,1,2,2,1.0,2.0,33063,M,,,33
201000029482,10,9,9,640,2,2,1,2.0,6.0,33063,M,,,33
201000029483,10,9,4,2130,5,2,3,1.0,2.0,33522,M,,,33
201000029484,10,9,3,2045,2,2,2,1.0,3.0,33281,M,,,33
201000029485,10,9,4,1725,1,2,2,1.0,7.0,33039,M,,,33
201000029486,10,9,8,2040,5,2,2,8.0,3.0,33063,M,,,33
201000029487,10,9,10,145,5,2,3,1.0,7.0,33063,M,,,33
201000029488,10,9,5,2240,5,2,1,1.0,6.0,33192,M,,,33
201000029489,10,8,31,830,1,2,1,1.0,7.0,33318,M,,,33
201000029490,10,9,6,1725,1,2,1,1.0,6.0,33550,M,,,33
201000029491,10,9,3,2000,1,2,6,1.0,2.0,33281,M,,,33
201000029492,10,9,7,955,1,2,1,1.0,2.0,33039,M,,,33
201000029493,10,9,5,2105,5,2,3,1.0,7.0,33318,M,,,33
201000029494,10,9,5,516,5,2,1,1.0,6.0,33069,M,,,33
201000029495,10,9,12,1955,2,2,3,1.0,2.0,33063,M,,,33
201000029496,10,9,11,720,1,2,1,1.0,6.0,33063,M,,,33
201000029497,10,9,10,1320,1,2,3,1.0,3.0,33063,M,,,33
201000029498,10,9,11,1855,1,2,2,1.0,3.0,33063,M,,,33
201000029499,10,9,10,1000,1,2,1,1.0,1.0,33063,M,,,33
201000029500,10,9,7,840,1,2,4,2.0,3.0,33281,M,,,33
201000029501,10,9,13,815,1,2,2,1.0,6.0,33063,M,,,33
201000029502,10,9,7,1655,1,2,2,1.0,2.0,33550,M,,,33
201000029503,10,9,9,1735,1,2,1,1.0,6.0,33318,M,,,33
201000029504,10,9,6,1215,1,2,1,1.0,3.0,33318,M,,,33
201000029505,10,9,10,1210,1,2,1,1.0,7.0,33063,M,,,33
201000029506,10,9,13,1005,1,2,2,1.0,3.0,33063,M,,,33
201000029507,10,9,14,1500,1,2,3,1.0,1.0,33063,M,,,33
201000029508,10,8,26,850,1,2,2,1.0,6.0,33039,M,,,33
201000029509,10,9,13,1435,1,2,3,1.0,2.0,33167,M,,,33
201000029510,10,9,10,1350,1,2,2,1.0,3.0,33318,M,,,33
201000029511,10,9,14,910,1,2,1,1.0,7.0,33167,M,,,33
201000029512,10,9,10,2130,5,2,1,1.0,6.0,33318,M,,,33
201000029513,10,9,15,1315,1,2,1,1.0,7.0,33063,M,,,33
201000029514,10,9,5,640,5,2,1,1.0,7.0,33522,M,,,33
201000029515,10,9,10,1715,1,2,2,1.0,3.0,33281,M,,,33
201000029516,10,9,10,2145,5,2,1,1.0,7.0,33281,M,,,33
201000029517,10,9,11,1500,1,2,3,1.0,2.0,33281,M,,,33
201000029518,10,9,15,1030,1,2,3,1.0,1.0,33063,M,,,33
201000029519,10,9,15,1620,1,2,3,1.0,3.0,33063,M,,,33
201000029520,10,9,16,1735,1,2,1,1.0,6.0,33063,M,,,33
201000029521,10,9,10,800,1,2,4,1.0,7.0,33069,M,,,33
201000029522,10,9,14,1816,1,2,1,1.0,2.0,33167,M,,,33
201000029523,10,9,16,1730,1,2,1,1.0,3.0,33249,M,,,33
201000029524,10,9,14,1905,1,2,2,1.0,3.0,33550,M,,,33
201000029525,10,9,20,855,1,2,1,1.0,7.0,33063,M,,,33
201000029526,10,9,13,1640,1,2,1,1.0,3.0,33522,M,,,33
201000029527,10,9,10,1840,1,2,2,1.0,3.0,33039,M,,,33
201000029528,10,9,14,1855,1,2,3,1.0,3.0,33039,M,,,33
201000029529,10,9,22,750,1,2,1,1.0,6.0,33063,M,,,33
201000029530,10,9,22,1645,1,2,1,1.0,2.0,33063,M,,,33
201000029531,10,9,22,1910,1,2,1,1.0,4.0,33063,M,,,33
201000029532,10,9,21,1900,1,2,3,1.0,3.0,33063,M,,,33
201000029533,10,9,14,1230,1,2,2,1.0,3.0,33281,M,,,33
201000029534,10,9,24,45,5,2,2,1.0,3.0,33063,M,,,33
201000029535,10,9,23,1220,1,2,3,1.0,3.0,33063,M,,,33
201000029536,10,9,17,1145,1,2,6,1.0,3.0,33032,M,,,33
201000029537,10,9,17,1800,1,2,2,1.0,7.0,33318,M,,,33
201000029538,10,9,18,30,5,2,9,1.0,6.0,33318,M,,,33
201000029539,10,9,16,645,5,2,3,2.0,3.0,33550,M,,,33
201000029540,10,9,15,1635,1,2,2,1.0,4.0,33281,M,,,33
201000029541,10,9,17,2010,2,2,1,1.0,3.0,33063,M,,,33
201000029542,10,9,20,830,1,2,1,1.0,3.0,33039,M,,,33
201000029543,10,9,21,1725,1,2,4,1.0,4.0,33119,M,,,33
201000029544,10,9,21,950,1,2,3,1.0,3.0,33063,M,,,33
201000029545,10,9,17,840,1,2,6,1.0,3.0,33063,M,,,33
201000029546,10,9,20,26,5,2,1,1.0,6.0,33075,M,,,33
201000029547,10,9,21,805,1,2,1,1.0,7.0,33281,M,,,33
201000029548,10,9,26,1530,1,2,1,1.0,3.0,33063,M,,,33
201000029549,10,9,24,2140,5,2,2,1.0,3.0,33063,M,,,33
201000029550,10,9,25,2345,5,2,2,8.0,7.0,33063,M,,,33
201000029551,10,9,22,1920,1,2,3,1.0,3.0,33039,M,,,33
201000029552,10,9,21,1610,1,2,1,1.0,2.0,33318,M,,,33
201000029553,10,9,21,1345,1,2,1,1.0,3.0,33318,M,,,33
201000029554,10,9,24,749,2,2,2,8.0,3.0,33063,M,,,33
201000029555,10,9,24,1925,1,2,3,1.0,2.0,33063,M,,,33
201000029556,10,9,22,910,1,2,2,1.0,5.0,33318,M,,,33
201000029557,10,9,27,1540,1,2,2,1.0,7.0,33063,M,,,33
201000029558,10,9,24,2050,2,2,2,2.0,3.0,33281,M,,,33
201000029559,10,9,25,2000,5,2,1,1.0,3.0,33281,M,,,33
201000029560,10,9,25,1920,1,2,1,1.0,4.0,33281,M,,,33
201000029561,10,9,24,2155,5,2,1,1.0,6.0,33318,M,,,33
201000029562,10,9,28,815,1,2,2,1.0,3.0,33063,M,,,33
201000029563,10,9,21,1735,1,2,6,1.0,3.0,33281,M,,,33
201000029564,10,9,28,1650,1,2,2,1.0,3.0,33063,M,,,33
201000029565,10,9,28,1730,1,2,2,1.0,3.0,33063,M,,,33
201000029566,10,9,25,1605,1,2,1,1.0,3.0,33167,M,,,33
201000029567,10,9,29,1335,1,2,5,1.0,3.0,33063,M,,,33
201000029568,10,9,24,1515,1,2,3,2.0,3.0,33039,M,,,33
201000029569,10,9,28,1055,1,2,6,1.0,2.0,33167,M,,,33
201000029570,10,9,24,1610,1,2,6,1.0,2.0,33281,M,,,33
201000029571,10,9,28,1045,1,2,1,1.0,3.0,33550,M,,,33
201000029572,10,10,3,1540,1,2,3,1.0,3.0,33063,M,,,33
201000029573,10,10,3,300,5,2,3,1.0,6.0,33063,M,,,33
201000029574,10,10,2,1905,1,2,3,1.0,3.0,33063,M,,,33
201000029575,10,10,2,1330,1,2,1,1.0,2.0,33063,M,,,33
201000029576,10,10,1,1202,1,2,1,1.0,6.0,33063,M,,,33
201000029577,10,10,2,205,5,2,1,1.0,6.0,33063,M,,,33
201000029578,10,9,30,1725,1,2,4,1.0,6.0,33119,M,,,33
201000029579,10,10,2,130,5,2,1,1.0,6.0,33281,M,,,33
201000029580,10,9,28,905,1,2,3,1.0,3.0,33075,M,,,33
201000029581,10,10,4,740,2,2,2,1.0,3.0,33063,M,,,33
201000029582,10,9,28,1605,1,2,4,1.0,3.0,33281,M,,,33
201000029583,10,9,28,1710,1,2,2,1.0,3.0,33063,M,,,33
201000029584,10,10,1,915,1,2,1,1.0,2.0,33167,M,,,33
201000029585,10,10,2,1210,1,2,6,1.0,3.0,33167,M,,,33
201000029586,10,9,29,1610,1,2,1,1.0,3.0,33522,M,,,33
201000029587,10,10,4,2115,5,2,1,2.0,6.0,33063,M,,,33
201000029588,10,9,29,730,2,2,1,1.0,3.0,33522,M,,,33
201000029589,10,9,28,732,1,2,2,1.0,7.0,33522,M,,,33
201000029590,10,9,28,2200,5,2,3,1.0,3.0,33192,M,,,33
201000029591,10,10,5,715,2,2,1,1.0,3.0,33063,M,,,33
201000029592,10,10,1,1925,1,2,3,1.0,3.0,33318,M,,,33
201000029593,10,10,5,900,1,2,2,1.0,4.0,33063,M,,,33
201000029594,10,10,6,1600,1,2,3,1.0,3.0,33063,M,,,33
201000029595,10,10,6,2230,5,2,2,1.0,6.0,33063,M,,,33
201000029596,10,10,10,145,5,2,1,2.0,3.0,33063,M,,,33
201000029597,10,10,4,1910,2,2,3,2.0,3.0,33550,M,,,33
201000029598,10,10,7,820,1,2,3,1.0,3.0,33063,M,,,33
201000029599,10,10,7,755,2,2,1,1.0,3.0,33063,M,,,33
201000029600,10,10,4,2107,5,2,1,2.0,7.0,33318,M,,,33
201000029601,10,10,4,1705,1,2,2,2.0,3.0,33119,M,,,33
201000029602,10,10,4,840,1,2,1,2.0,3.0,33281,M,,,33
201000029603,10,10,3,2205,5,2,2,2.0,3.0,33281,M,,,33
201000029604,10,10,1,1419,1,2,1,1.0,3.0,33192,M,,,33
201000029605,10,10,7,1245,1,2,2,1.0,6.0,33063,M,,,33
201000029606,10,10,7,1525,1,2,2,1.0,3.0,33063,M,,,33
201000029607,10,10,7,1435,1,2,1,1.0,3.0,33069,M,,,33
201000029608,10,10,9,1705,1,2,3,1.0,7.0,33063,M,,,33
201000029609,10,10,8,1430,1,2,3,1.0,6.0,33063,M,,,33
201000029610,10,10,8,2105,1,2,2,1.0,3.0,33039,M,,,33
201000029611,10,10,6,1550,1,2,1,1.0,3.0,33249,M,,,33
201000029612,10,10,2,1640,1,2,2,1.0,3.0,33069,M,,,33
201000029613,10,10,8,1755,1,2,6,1.0,3.0,33063,M,,,33
201000029614,10,10,6,1845,1,2,1,1.0,3.0,33039,M,,,33
201000029615,10,10,6,1315,1,2,2,1.0,3.0,33318,M,,,33
201000029616,10,10,6,1055,1,2,2,1.0,3.0,33550,M,,,33
201000029617,10,9,29,1705,1,2,1,1.0,3.0,33192,M,,,33
201000029618,10,10,6,825,1,2,1,1.0,1.0,33318,M,,,33
201000029619,10,10,5,945,1,2,2,1.0,3.0,33522,M,,,33
201000029620,10,10,8,1355,1,2,3,1.0,3.0,33032,M,,,33
201000029621,10,10,8,749,1,2,1,1.0,3.0,33032,M,,,33
201000029622,10,10,11,1255,1,2,3,1.0,7.0,33063,M,,,33
201000029623,10,10,11,1750,1,2,2,1.0,3.0,33063,M,,,33
201000029624,10,10,12,1428,1,2,2,1.0,3.0,33063,M,,,33
201000029625,10,10,12,1615,1,2,2,1.0,3.0,33063,M,,,33
201000029626,10,10,12,815,1,2,3,1.0,2.0,33063,M,,,33
201000029627,10,10,12,1055,1,2,3,1.0,4.0,33039,M,,,33
201000029628,10,10,13,925,1,2,2,1.0,3.0,33318,M,,,33
201000029629,10,10,13,1330,1,2,5,1.0,3.0,33063,M,,,33
201000029630,10,10,13,1245,1,2,2,1.0,3.0,33063,M,,,33
201000029631,10,10,9,1715,1,2,3,1.0,3.0,33281,M,,,33
201000029632,10,10,13,1708,1,2,2,1.0,3.0,33069,M,,,33
201000029633,10,10,13,1850,1,2,4,1.0,3.0,33063,M,,,33
201000029634,10,10,11,1000,1,2,1,1.0,3.0,33039,M,,,33
201000029635,10,10,13,850,1,2,6,1.0,6.0,33249,M,,,33
201000029636,10,10,12,1820,1,2,1,1.0,2.0,33281,M,,,33
201000029637,10,10,11,1755,1,2,6,1.0,2.0,33039,M,,,33
201000029638,10,10,13,1940,5,2,1,1.0,2.0,33063,M,,,33
201000029639,10,10,14,1600,1,2,4,1.0,6.0,33063,M,,,33
201000029640,10,10,15,330,5,2,1,1.0,6.0,33063,M,,,33
201000029641,10,10,15,910,1,2,2,1.0,3.0,33063,M,,,33
201000029642,10,10,15,840,1,2,3,1.0,3.0,33063,M,,,33
201000029643,10,10,15,745,2,2,1,1.0,7.0,33063,M,,,33
201000029644,10,10,15,1850,2,2,1,1.0,7.0,33063,M,,,33
201000029645,10,10,16,1550,1,2,1,1.0,3.0,33063,M,,,33
201000029646,10,10,18,2045,5,2,3,1.0,6.0,33063,M,,,33
201000029647,10,10,18,1955,5,2,4,1.0,3.0,33063,M,,,33
201000029648,10,10,19,1520,1,2,7,1.0,7.0,33063,M,,,33
201000029649,10,10,19,1800,1,2,1,1.0,7.0,33063,M,,,33
201000029650,10,10,12,1710,1,2,2,1.0,3.0,33281,M,,,33
201000029651,10,10,13,1840,1,2,2,1.0,3.0,33281,M,,,33
201000029652,10,10,20,1205,1,2,1,1.0,7.0,33063,M,,,33
201000029653,10,10,20,2045,5,2,2,8.0,3.0,33063,M,,,33
201000029654,10,10,21,331,5,2,7,1.0,7.0,33063,M,,,33
201000029655,10,10,21,1315,1,2,1,1.0,6.0,33063,M,,,33
201000029656,10,10,18,1700,1,2,3,1.0,7.0,33249,M,,,33
201000029657,10,10,22,800,1,2,2,1.0,3.0,33063,M,,,33
201000029658,10,10,24,35,5,2,1,2.0,6.0,33063,M,,,33
201000029659,10,10,22,1545,1,2,1,1.0,4.0,33063,M,,,33
201000029660,10,10,18,1830,1,2,5,1.0,3.0,33318,M,,,33
201000029661,10,10,19,1715,1,2,2,1.0,3.0,33318,M,,,33
201000029662,10,10,15,1145,1,2,4,1.0,3.0,33039,M,,,33
201000029663,10,10,20,1620,1,2,2,1.0,3.0,33075,M,,,33
201000029664,10,10,17,1905,5,2,5,1.0,3.0,33522,M,,,33
201000029665,10,10,18,2125,5,2,4,1.0,3.0,33192,M,,,33
201000029666,10,10,25,935,1,2,2,1.0,3.0,33063,M,,,33
201000029667,10,10,22,1100,1,2,3,1.0,3.0,33063,M,,,33
201000029668,10,10,26,1640,1,2,9,1.0,3.0,33063,M,,,33
201000029669,10,10,25,1620,1,2,2,1.0,1.0,33063,M,,,33
201000029670,10,10,22,2020,5,2,2,1.0,4.0,33281,M,,,33
201000029671,10,10,23,2010,5,2,9,3.0,2.0,33281,M,,,33
201000029672,10,10,27,1120,1,2,1,1.0,6.0,33063,M,,,33
201000029673,10,10,26,935,1,2,2,1.0,6.0,33063,M,,,33
201000029674,10,10,22,1619,1,2,9,1.0,6.0,33318,M,,,33
201000029675,10,10,28,1255,1,2,1,8.0,3.0,33063,M,,,33
201000029676,10,10,29,305,5,2,1,1.0,6.0,33063,M,,,33
201000029677,10,10,28,2240,5,2,2,1.0,6.0,33063,M,,,33
201000029678,10,10,28,2100,5,2,5,1.0,6.0,33063,M,,,33
201000029679,10,10,28,1715,1,2,1,1.0,6.0,33063,M,,,33
201000029680,10,10,28,1825,1,2,6,1.0,3.0,33281,M,,,33
201000029681,10,10,22,1815,1,2,1,1.0,7.0,33522,M,,,33
201000029682,10,10,24,1740,1,2,1,1.0,3.0,33318,M,,,33
201000029683,10,10,24,1,5,2,1,2.0,6.0,33069,M,,,33
201000029684,10,10,28,725,5,2,3,1.0,2.0,33063,M,,,33
201000029685,10,10,31,2345,5,2,5,1.0,3.0,33063,M,,,33
201000029686,10,11,1,1515,1,2,3,1.0,6.0,33063,M,,,33
201000029687,10,11,3,100,5,2,1,2.0,3.0,33063,M,,,33
201000029688,10,11,2,1235,1,2,2,1.0,3.0,33063,M,,,33
201000029689,10,11,2,1850,5,2,2,1.0,3.0,33063,M,,,33
201000029690,10,10,27,1825,2,2,9,1.0,3.0,33550,M,,,33
201000029691,10,10,27,1045,1,2,2,1.0,6.0,33281,M,,,33
201000029692,10,11,3,1045,1,2,2,1.0,3.0,33063,M,,,33
201000029693,10,11,2,1720,5,2,2,1.0,3.0,33063,M,,,33
201000029694,10,10,27,1355,1,2,1,1.0,6.0,33522,M,,,33
201000029695,10,11,2,2344,5,2,6,2.0,6.0,33281,M,,,33
201000029696,10,10,27,2010,5,2,3,1.0,3.0,33281,M,,,33
201000029697,10,11,4,835,1,2,2,2.0,6.0,33063,M,,,33
201000029698,10,11,2,2130,5,2,1,2.0,7.0,33032,M,,,33
201000029699,10,10,29,900,1,2,1,1.0,6.0,33318,M,,,33
201000029700,10,10,29,1630,1,2,1,1.0,3.0,33318,M,,,33
201000029701,10,11,1,2205,5,2,2,1.0,7.0,33318,M,,,33
201000029702,10,11,6,2330,5,2,1,1.0,7.0,33192,M,,,33
201000029703,10,11,7,2130,5,2,3,1.0,3.0,33063,M,,,33
201000029704,10,11,7,1510,1,2,2,1.0,3.0,33063,M,,,33
201000029705,10,11,3,1830,1,2,1,1.0,2.0,33119,M,,,33
201000029706,10,10,31,700,5,2,1,3.0,6.0,33318,M,,,33
201000029707,10,11,3,230,5,2,3,2.0,7.0,33522,M,,,33
201000029708,10,11,2,715,1,2,1,1.0,4.0,33281,M,,,33
201000029709,10,11,2,2000,5,2,1,2.0,2.0,33281,M,,,33
201000029710,10,11,2,1845,5,2,3,2.0,3.0,33550,M,,,33
201000029711,10,11,2,1920,5,2,3,2.0,3.0,33318,M,,,33
201000029712,10,11,8,2145,5,2,1,2.0,6.0,33063,M,,,33
201000029713,10,11,8,1555,1,2,2,2.0,3.0,33063,M,,,33
201000029714,10,11,8,745,1,2,1,3.0,1.0,33063,M,,,33
201000029715,10,11,9,1945,5,2,3,3.0,6.0,33063,M,,,33
201000029716,10,11,9,1250,1,2,3,3.0,2.0,33063,M,,,33
201000029717,10,11,9,1815,3,2,1,2.0,6.0,33063,M,,,33
201000029718,10,11,9,1800,5,2,1,1.0,3.0,33063,M,,,33
201000029719,10,11,9,1200,1,2,3,2.0,2.0,33063,M,,,33
201000029720,10,11,9,1118,1,2,7,3.0,6.0,33063,M,,,33
201000029721,10,11,10,1350,1,2,2,1.0,3.0,33063,M,,,33
201000029722,10,11,10,1945,5,2,7,1.0,6.0,33063,M,,,33
201000029723,10,11,11,2110,5,2,1,2.0,6.0,33063,M,,,33
201000029724,10,11,9,1903,5,2,2,3.0,3.0,33063,M,,,33
201000029725,10,11,13,2120,5,2,1,8.0,2.0,33063,M,,,33
201000029726,10,11,14,135,5,2,2,1.0,1.0,33063,M,,,33
201000029727,10,11,9,830,1,2,3,2.0,3.0,33063,M,,,33
201000029728,10,11,12,1740,2,2,3,1.0,6.0,33063,M,,,33
201000029729,10,11,7,215,5,2,2,1.0,3.0,33281,M,,,33
201000029730,10,11,8,755,2,2,3,3.0,6.0,33249,M,,,33
201000029731,10,11,7,1830,5,2,2,2.0,3.0,33281,M,,,33
201000029732,10,10,9,1330,1,2,2,1.0,3.0,33281,M,,,33
201000029733,10,11,12,1620,1,2,1,1.0,3.0,33063,M,,,33
201000029734,10,11,8,1440,1,2,3,3.0,2.0,33039,M,,,33
201000029735,10,11,10,610,5,2,3,2.0,6.0,33318,M,,,33
201000029736,10,11,8,828,1,2,3,3.0,3.0,33522,M,,,33
201000029737,10,11,9,640,5,2,5,1.0,3.0,33318,M,,,33
201000029738,10,11,8,1545,1,2,1,3.0,3.0,33550,M,,,33
201000029739,10,11,8,2050,5,2,3,2.0,1.0,33192,M,,,33
201000029740,10,11,12,1445,1,2,2,1.0,3.0,33249,M,,,33
201000029741,10,11,9,1930,5,2,2,2.0,6.0,33249,M,,,33
201000029742,10,11,8,1810,5,2,4,2.0,3.0,33281,M,,,33
201000029743,10,11,15,815,1,2,2,2.0,3.0,33318,M,,,33
201000029744,10,11,17,2245,5,2,2,1.0,3.0,33063,M,,,33
201000029745,10,11,9,830,1,2,1,2.0,3.0,33281,M,,,33
201000029746,10,11,10,820,1,2,2,1.0,3.0,33281,M,,,33
201000029747,10,11,10,1305,1,2,2,1.0,3.0,33281,M,,,33
201000029748,10,11,12,1120,1,2,1,2.0,6.0,33192,M,,,33
201000029749,10,11,15,1240,1,2,3,3.0,3.0,33281,M,,,33
201000029750,10,11,14,1905,5,2,2,2.0,1.0,33281,M,,,33
201000029751,10,11,16,1905,5,2,1,1.0,3.0,33119,M,,,33
201000029752,10,11,11,1645,2,2,1,3.0,6.0,33550,M,,,33
201000029753,10,11,18,600,5,2,3,1.0,4.0,33063,M,,,33
201000029754,10,11,21,1740,2,2,1,2.0,6.0,33063,M,,,33
201000029755,10,11,19,2030,5,2,1,1.0,2.0,33063,M,,,33
201000029756,10,11,20,1245,1,2,1,8.0,6.0,33063,M,,,33
201000029757,10,11,21,440,5,2,1,1.0,6.0,33063,M,,,33
201000029758,10,11,20,2000,5,2,2,1.0,3.0,33063,M,,,33
201000029759,10,11,16,1430,1,2,3,1.0,3.0,33063,M,,,33
201000029760,10,11,17,1130,1,2,3,2.0,2.0,33281,M,,,33
201000029761,10,11,17,1835,5,2,2,2.0,3.0,33318,M,,,33
201000029762,10,11,20,1125,1,2,3,2.0,2.0,33063,M,,,33
201000029763,10,11,21,2240,5,2,4,1.0,6.0,33063,M,,,33
201000029764,10,11,22,1350,1,2,1,1.0,6.0,33063,M,,,33
201000029765,10,11,22,1515,1,2,2,1.0,3.0,33063,M,,,33
201000029766,10,11,16,1700,1,2,6,1.0,3.0,33192,M,,,33
201000029767,10,11,22,945,1,2,2,2.0,1.0,33281,M,,,33
201000029768,10,11,22,1738,2,2,3,1.0,3.0,33063,M,,,33
201000029769,10,11,22,2110,5,2,2,1.0,2.0,33063,M,,,33
201000029770,10,11,21,503,5,2,1,3.0,6.0,33318,M,,,33
201000029771,10,11,19,720,2,2,1,1.0,3.0,33550,M,,,33
201000029772,10,11,21,1855,5,2,2,2.0,6.0,33032,M,,,33
201000029773,10,11,23,1655,1,2,1,1.0,6.0,33063,M,,,33
201000029774,10,11,20,1155,1,2,3,1.0,3.0,33063,M,,,33