Num_Acc,an,mois,jour,hrmn,lum,agg,int,atm,col,com,gps,lat,long,dep
201000029775,10,11,24,745,2,2,2,1.0,3.0,33063,M,,,33
201000029776,10,11,24,2040,1,2,1,1.0,6.0,33063,M,,,33
201000029777,10,11,24,820,1,2,2,1.0,3.0,33063,M,,,33
201000029778,10,11,24,1325,1,2,2,1.0,3.0,33063,M,,,33
201000029779,10,11,18,1810,5,2,2,2.0,3.0,33522,M,,,33
201000029780,10,11,25,1620,1,2,3,1.0,6.0,33063,M,,,33
201000029781,10,11,23,1855,3,2,2,1.0,2.0,33167,M,,,33
201000029782,10,11,26,135,5,2,1,1.0,3.0,33063,M,,,33
201000029783,10,11,27,1255,1,2,3,1.0,6.0,33063,M,,,33
201000029784,10,11,26,755,2,2,2,1.0,3.0,33063,M,,,33
201000029785,10,11,21,1255,1,2,2,2.0,3.0,33318,M,,,33
201000029786,10,11,19,1300,1,2,6,1.0,3.0,33069,M,,,33
201000029787,10,11,25,1035,1,2,2,2.0,6.0,33167,M,,,33
201000029788,10,11,26,640,5,2,2,1.0,3.0,33249,M,,,33
201000029789,10,11,29,820,1,2,3,1.0,6.0,33063,M,,,33
201000029790,10,11,30,1810,5,2,2,1.0,6.0,33063,M,,,33
201000029791,10,11,30,500,5,2,1,1.0,7.0,33063,M,,,33
201000029792,10,11,29,1100,1,2,1,1.0,6.0,33318,M,,,33
201000029793,10,12,1,1830,5,2,1,1.0,2.0,33063,M,,,33
201000029794,10,12,1,1330,1,2,6,1.0,2.0,33063,M,,,33
201000029795,10,11,26,1705,5,2,3,1.0,6.0,33039,M,,,33
201000029796,10,11,25,755,1,2,3,1.0,3.0,33318,M,,,33
201000029797,10,11,25,915,1,2,4,1.0,6.0,33192,M,,,33
201000029798,10,11,29,2109,5,2,4,1.0,2.0,33318,M,,,33
201000029799,10,12,4,2110,5,2,6,1.0,3.0,33063,M,,,33
201000029800,10,12,5,2240,5,2,2,1.0,5.0,33063,M,,,33
201000029801,10,12,3,840,1,2,4,1.0,3.0,33063,M,,,33
201000029802,10,12,4,1620,1,2,2,1.0,5.0,33063,M,,,33
201000029803,10,12,3,2030,5,2,2,1.0,2.0,33063,M,,,33
201000029804,10,12,6,2350,5,2,2,1.0,3.0,33063,M,,,33
201000029805,10,12,3,1205,1,2,2,1.0,6.0,33249,M,,,33
201000029806,10,11,30,1630,1,2,3,1.0,6.0,33522,M,,,33
201000029807,10,12,7,807,2,2,2,1.0,6.0,33063,M,,,33
201000029808,10,12,8,202,5,2,1,3.0,7.0,33249,M,,,33
201000029809,10,12,4,1025,1,2,8,1.0,6.0,33119,M,,,33
201000029810,10,12,3,1930,5,2,1,1.0,6.0,33281,M,,,33
201000029811,10,11,30,1750,2,2,3,1.0,6.0,33281,M,,,33
201000029812,10,12,1,1330,1,2,3,1.0,3.0,33119,M,,,33
201000029813,10,12,1,1355,1,2,2,1.0,3.0,33069,M,,,33
201000029814,10,12,3,1230,1,2,2,1.0,4.0,33281,M,,,33
201000029815,10,12,6,1915,5,2,3,3.0,6.0,33119,M,,,33
201000029816,10,12,3,730,5,2,1,9.0,7.0,33281,M,,,33
201000029817,10,12,3,1800,5,2,2,1.0,3.0,33063,M,,,33
201000029818,10,12,9,1530,1,2,3,1.0,6.0,33063,M,,,33
201000029819,10,12,9,945,1,2,2,1.0,3.0,33063,M,,,33
201000029820,10,12,12,1235,1,2,2,1.0,6.0,33063,M,,,33
201000029821,10,12,4,1030,1,2,2,1.0,3.0,33522,M,,,33
201000029822,10,12,6,845,1,2,1,1.0,2.0,33550,M,,,33
201000029823,10,12,8,1210,1,2,8,1.0,3.0,33318,M,,,33
201000029824,10,12,11,2040,5,2,4,1.0,3.0,33281,M,,,33
201000029825,10,12,7,1900,5,2,3,1.0,2.0,33075,M,,,33
201000029826,10,12,6,1245,1,2,4,1.0,2.0,33281,M,,,33
201000029827,10,12,11,508,5,2,1,1.0,3.0,33063,M,,,33
201000029828,10,12,12,200,5,2,1,1.0,6.0,33063,M,,,33
201000029829,10,12,10,1915,5,2,2,1.0,6.0,33063,M,,,33
201000029830,10,12,10,910,1,2,2,1.0,6.0,33063,M,,,33
201000029831,10,12,10,1945,5,2,1,1.0,5.0,33063,M,,,33
201000029832,10,12,10,825,1,2,1,1.0,6.0,33119,M,,,33
201000029833,10,12,13,1220,1,2,1,1.0,3.0,33063,M,,,33
201000029834,10,12,13,835,1,2,2,1.0,3.0,33063,M,,,33
201000029835,10,12,14,1555,1,2,1,1.0,6.0,33063,M,,,33
201000029836,10,12,14,1200,1,2,2,1.0,6.0,33063,M,,,33
201000029837,10,12,15,2055,5,2,9,1.0,7.0,33063,M,,,33
201000029838,10,12,15,1635,1,2,3,1.0,3.0,33063,M,,,33
201000029839,10,12,14,2030,5,2,3,1.0,3.0,33063,M,,,33
201000029840,10,12,14,1940,5,2,3,1.0,3.0,33063,M,,,33
201000029841,10,12,13,1900,5,2,4,1.0,3.0,33281,M,,,33
201000029842,10,12,10,1700,1,2,2,1.0,3.0,33522,M,,,33
201000029843,10,12,10,2030,5,2,9,1.0,3.0,33039,M,,,33
201000029844,10,12,10,1841,5,2,3,1.0,3.0,33192,M,,,33
201000029845,10,12,16,835,2,2,1,1.0,7.0,33063,M,,,33
201000029846,10,12,7,1834,5,2,2,1.0,3.0,33522,M,,,33
201000029847,10,12,17,510,5,2,4,1.0,3.0,33063,M,,,33
201000029848,10,12,17,1550,1,2,1,1.0,4.0,33063,M,,,33
201000029849,10,12,17,345,5,2,3,2.0,6.0,33063,M,,,33
201000029850,10,12,16,1920,5,2,3,2.0,6.0,33063,M,,,33
201000029851,10,12,18,1940,5,2,2,2.0,3.0,33063,M,,,33
201000029852,10,12,18,1125,1,2,3,1.0,2.0,33063,M,,,33
201000029853,10,12,19,1950,5,2,4,2.0,3.0,33063,M,,,33
201000029854,10,12,13,2000,5,2,2,1.0,3.0,33069,M,,,33
201000029855,10,12,15,1340,1,2,2,1.0,2.0,33281,M,,,33
201000029856,10,12,14,1600,1,2,3,1.0,3.0,33522,M,,,33
201000029857,10,12,10,1450,1,2,2,1.0,3.0,33550,M,,,33
201000029858,10,12,17,815,4,2,2,1.0,3.0,33063,M,,,33
201000029859,10,12,20,1210,1,2,1,1.0,4.0,33063,M,,,33
201000029860,10,12,20,1345,1,2,3,1.0,2.0,33063,M,,,33
201000029861,10,12,21,1300,1,2,2,2.0,7.0,33063,M,,,33
201000029862,10,12,17,1345,1,2,1,1.0,5.0,33281,M,,,33
201000029863,10,12,17,813,1,2,3,1.0,6.0,33550,M,,,33
201000029864,10,12,23,1720,5,2,4,2.0,3.0,33063,M,,,33
201000029865,10,12,20,824,1,2,4,1.0,3.0,33522,M,,,33
201000029866,10,12,20,1755,5,2,1,1.0,6.0,33281,M,,,33
201000029867,10,12,21,1745,5,2,4,1.0,3.0,33318,M,,,33
201000029868,10,12,25,1500,1,2,2,1.0,3.0,33063,M,,,33
201000029869,10,12,26,2100,5,2,3,1.0,6.0,33063,M,,,33
201000029870,10,12,24,1940,5,2,1,2.0,2.0,33063,M,,,33
201000029871,10,12,21,1825,5,2,2,2.0,3.0,33522,M,,,33
201000029872,10,12,27,1235,1,2,3,1.0,2.0,33063,M,,,33
201000029873,10,12,24,230,5,2,1,1.0,7.0,33119,M,,,33
201000029874,10,12,21,1902,5,2,2,1.0,3.0,33281,M,,,33
201000029875,10,12,21,1755,5,2,2,1.0,3.0,33039,M,,,33
201000029876,10,12,23,1855,5,2,2,1.0,3.0,33075,M,,,33
201000029877,10,12,22,1740,5,2,6,2.0,6.0,33119,M,,,33
201000029878,10,12,23,1830,5,2,3,2.0,6.0,33281,M,,,33
201000029879,10,12,24,1425,1,2,3,2.0,2.0,33039,M,,,33
201000029880,10,12,27,1425,1,2,4,1.0,3.0,33119,M,,,33
201000029881,10,12,28,1800,5,2,1,1.0,6.0,33119,M,,,33
201000029882,10,12,28,1355,1,2,1,1.0,6.0,33318,M,,,33
201000029883,10,12,22,1815,5,2,3,1.0,3.0,33522,M,,,33
201000029884,10,12,24,1525,1,2,1,1.0,6.0,33039,M,,,33
201000029885,10,4,15,535,5,2,5,1.0,7.0,33063,M,,,33
201000029886,10,2,8,955,1,2,1,1.0,2.0,33243,M,,,33
201000029887,10,3,17,1200,1,2,3,1.0,5.0,33243,M,,,33
201000029888,10,3,21,1950,5,2,6,1.0,6.0,33243,M,,,33
201000029889,10,3,25,1150,1,2,1,1.0,6.0,33243,M,,,33
201000029890,10,4,1,2040,2,2,1,1.0,5.0,33243,M,,,33
201000029891,10,4,2,1820,1,2,2,1.0,3.0,33243,M,,,33
201000029892,10,4,14,1230,1,2,2,1.0,3.0,33243,M,,,33
201000029893,10,6,9,1825,1,2,3,1.0,6.0,33243,M,,,33
201000029894,10,6,22,920,1,2,6,1.0,3.0,33243,M,,,33
201000029895,10,7,1,700,1,1,2,1.0,6.0,33243,M,,,33
201000029896,10,6,30,1905,1,2,1,9.0,3.0,33243,M,,,33
201000029897,10,7,11,2250,5,2,6,1.0,3.0,33243,M,,,33
201000029898,10,7,29,2055,1,2,6,1.0,3.0,33243,M,,,33
201000029899,10,8,17,1730,1,2,2,1.0,4.0,33243,M,,,33
201000029900,10,8,24,1740,1,2,6,1.0,3.0,33243,M,,,33
201000029901,10,9,11,2346,5,2,2,1.0,3.0,33243,M,,,33
201000029902,10,9,29,1905,2,2,1,1.0,3.0,33243,M,,,33
201000029903,10,11,3,1545,1,2,1,1.0,6.0,33243,M,,,33
201000029904,10,11,9,1000,1,2,2,2.0,5.0,33243,M,,,33
201000029905,10,12,1,1640,1,2,1,1.0,2.0,33243,M,,,33
201000029906,10,2,4,1030,1,2,1,1.0,3.0,34003,M,,,34
201000029907,10,3,6,2240,1,2,1,1.0,6.0,34003,M,,,34
201000029908,10,3,24,815,1,2,1,8.0,3.0,34003,M,4328135.0,349391.0,34
201000029909,10,3,29,930,1,2,1,1.0,6.0,34003,M,4330842.0,347624.0,34
201000029910,10,4,6,1445,1,2,1,1.0,5.0,34003,M,4331252.0,347427.0,34
201000029911,10,4,29,1500,1,2,1,1.0,6.0,34003,M,4330050.0,348129.0,34
201000029912,10,5,10,1105,1,2,1,1.0,6.0,34003,M,4331206.0,347107.0,34
201000029913,10,5,28,1610,1,2,1,1.0,1.0,34003,M,4329921.0,348790.0,34
201000029914,10,5,29,900,1,2,1,1.0,3.0,34003,M,4327746.0,351299.0,34
201000029915,10,5,29,1140,1,1,1,1.0,6.0,34003,M,4330895.0,351352.0,34
201000029916,10,6,3,1800,1,2,1,1.0,3.0,34003,M,4328758.0,350222.0,34
201000029917,10,6,6,515,5,2,1,1.0,6.0,34003,M,,,34
201000029918,10,4,28,1915,1,2,1,1.0,2.0,34003,M,,,34
201000029919,10,6,14,450,5,2,1,1.0,6.0,34003,M,4328788.0,351123.0,34
201000029920,10,6,22,1140,1,2,1,1.0,6.0,34003,M,4331093.0,347089.0,34
201000029921,10,7,19,1155,1,1,1,1.0,2.0,34003,M,4328986.0,350716.0,34
201000029922,10,8,18,1010,1,1,1,1.0,6.0,34003,M,4330517.0,345055.0,34
201000029923,10,8,6,2330,3,2,1,1.0,3.0,34003,M,4329037.0,351491.0,34
201000029924,10,8,22,2230,5,2,1,1.0,3.0,34003,M,4330457.0,348356.0,34
201000029925,10,8,23,1440,1,2,1,1.0,2.0,34003,M,4328956.0,350745.0,34
201000029926,10,8,29,220,5,2,1,1.0,6.0,34003,M,,,34
201000029927,10,8,29,1815,1,2,1,1.0,4.0,34003,M,4329704.0,351787.0,34
201000029928,10,9,11,1200,1,2,6,1.0,3.0,34003,M,,,34
201000029929,10,9,27,845,1,2,1,1.0,6.0,34003,M,4330278.0,348627.0,34
201000029930,10,10,11,1810,1,1,1,2.0,3.0,34003,M,4333889.0,348411.0,34
201000029931,10,10,20,1619,2,1,1,1.0,3.0,34003,M,4333248.0,347434.0,34
201000029932,10,11,17,850,1,2,1,1.0,6.0,34003,M,,,34
201000029933,10,10,22,1030,1,2,1,1.0,2.0,34003,M,4327990.0,351568.0,34
201000029934,10,10,23,1705,1,2,1,1.0,6.0,34003,M,4328047.0,350047.0,34
201000029935,10,11,29,2000,3,1,6,1.0,6.0,34003,M,,,34
201000029936,10,12,11,545,3,1,1,1.0,6.0,34003,M,4331088.0,351953.0,34
201000029937,10,12,16,825,1,2,1,1.0,1.0,34003,M,4328852.0,348343.0,34
201000029938,10,1,3,2000,5,2,1,1.0,2.0,34032,M,4333404.0,323305.0,34
201000029939,10,1,7,2100,5,1,1,1.0,7.0,34032,M,4335993.0,321234.0,34
201000029940,10,1,10,1405,1,1,1,1.0,6.0,34032,M,4335555.0,329010.0,34
201000029941,10,1,15,1405,1,2,1,1.0,3.0,34032,M,4336002.0,324746.0,34
201000029942,10,1,16,2100,5,2,2,2.0,3.0,34032,M,4335483.0,323969.0,34
201000029943,10,1,20,1330,1,2,1,2.0,7.0,34032,M,4333802.0,324031.0,34
201000029944,10,1,21,1810,2,1,1,1.0,5.0,34032,M,4332358.0,326301.0,34
201000029945,10,1,26,1630,1,2,2,1.0,3.0,34032,M,4334958.0,321979.0,34
201000029946,10,1,26,2000,3,1,2,1.0,3.0,34032,M,4333540.0,317509.0,34
201000029947,10,1,27,2050,5,1,1,1.0,7.0,34336,M,4333007.0,328885.0,34
201000029948,10,1,28,1205,1,2,1,1.0,7.0,34032,M,4333868.0,321304.0,34
201000029949,10,1,29,1845,5,2,1,1.0,6.0,34032,M,4334390.0,322729.0,34
201000029950,10,1,30,110,5,2,2,2.0,3.0,34032,M,4334047.0,322272.0,34
201000029951,10,2,1,1140,1,2,1,1.0,6.0,34032,M,4334342.0,322317.0,34
201000029952,10,2,4,2110,5,2,3,3.0,3.0,34032,M,4341002.0,368831.0,34
201000029953,10,2,5,2140,5,2,2,1.0,3.0,34032,M,4333783.0,323632.0,34
201000029954,10,2,8,1545,1,1,1,1.0,6.0,34032,M,4334956.0,325372.0,34
201000029955,10,2,7,900,1,2,2,1.0,3.0,34032,M,4334123.0,325328.0,34
201000029956,10,2,25,1800,1,1,1,1.0,3.0,34336,M,4332195.0,328792.0,34
201000029957,10,2,27,735,2,1,1,1.0,7.0,34073,M,,,34
201000029958,10,2,26,1550,1,2,1,1.0,6.0,34032,M,4334412.0,323828.0,34
201000029959,10,3,1,1850,1,2,1,1.0,3.0,34032,M,4334269.0,322215.0,34
201000029960,10,3,3,1355,1,2,1,1.0,1.0,34032,M,4333821.0,320588.0,34
201000029961,10,3,3,1305,1,2,1,2.0,7.0,34032,M,4334222.0,320885.0,34
201000029962,10,3,5,600,2,2,1,1.0,7.0,34032,M,4333555.0,321679.0,34
201000029963,10,3,6,1645,1,2,1,1.0,1.0,34032,M,4333566.0,321624.0,34
201000029964,10,3,9,1000,1,2,2,1.0,3.0,34032,M,4334200.0,321918.0,34
201000029965,10,3,12,1215,1,2,1,1.0,3.0,34032,M,4333956.0,323491.0,34
201000029966,10,3,16,830,1,2,3,1.0,3.0,34032,M,4332656.0,324772.0,34
201000029967,10,3,24,2100,5,1,1,1.0,3.0,34032,M,4334334.0,325853.0,34
201000029968,10,3,26,1400,1,2,1,1.0,6.0,34032,M,4333362.0,325426.0,34
201000029969,10,3,29,945,2,2,1,1.0,6.0,34032,M,4334748.0,321769.0,34
201000029970,10,3,31,1630,1,2,1,1.0,3.0,34336,M,4332001.0,327958.0,34
201000029971,10,4,4,1115,1,2,3,1.0,6.0,34032,M,4334002.0,322329.0,34
201000029972,10,4,4,1710,1,2,2,1.0,3.0,34032,M,4333796.0,323457.0,34
201000029973,10,4,6,1815,1,1,3,1.0,3.0,34032,M,4332210.0,318719.0,34
201000029974,10,4,10,1050,1,1,2,1.0,3.0,34032,M,4338577.0,322811.0,34
201000029975,10,4,15,1745,1,2,1,1.0,6.0,34032,M,4334714.0,325345.0,34
201000029976,10,4,16,1745,1,2,1,1.0,6.0,34032,M,,,34
201000029977,10,4,19,1205,2,2,1,1.0,2.0,34032,M,4332862.0,324254.0,34
201000029978,10,4,26,1750,1,2,1,1.0,3.0,34032,M,4335031.0,322503.0,34
201000029979,10,4,28,1730,1,1,1,1.0,5.0,34032,M,,,34
201000029980,10,5,7,1215,1,2,1,1.0,6.0,34032,M,4333883.0,321529.0,34
201000029981,10,5,10,1300,1,2,1,1.0,5.0,34032,M,4334044.0,319060.0,34
201000029982,10,5,12,1730,1,1,1,1.0,3.0,34032,M,4335922.0,324580.0,34
201000029983,10,5,14,1635,1,2,1,1.0,3.0,34032,M,4334913.0,321782.0,34
201000029984,10,5,15,350,5,2,1,1.0,6.0,34336,M,4332116.0,329180.0,34
201000029985,10,5,16,615,3,1,1,9.0,7.0,34032,M,4336566.0,322962.0,34
201000029986,10,5,22,1450,1,2,2,1.0,1.0,34336,M,4333038.0,328863.0,34
201000029987,10,5,22,1815,1,2,1,1.0,5.0,34032,M,4333833.0,320554.0,34
201000029988,10,5,23,1850,1,1,2,1.0,3.0,34336,M,4331354.0,329973.0,34
201000029989,10,5,25,845,1,2,1,1.0,6.0,34032,M,4333362.0,325426.0,34
201000029990,10,5,30,1150,1,2,2,1.0,2.0,34032,M,4334246.0,322131.0,34
201000029991,10,6,3,1215,1,2,1,1.0,7.0,34032,M,,,34
201000029992,10,6,4,1000,1,2,1,1.0,3.0,34032,M,,,34
201000029993,10,6,4,1630,1,2,2,1.0,3.0,34032,M,,,34
201000029994,10,6,6,2115,2,2,6,1.0,3.0,34032,M,,,34
201000029995,10,6,12,1330,1,2,1,1.0,6.0,34032,M,,,34
201000029996,10,6,16,1050,1,2,3,1.0,3.0,34032,M,,,34
201000029997,10,6,16,1510,1,2,1,1.0,7.0,34032,M,,,34
201000029998,10,6,25,1100,1,2,1,1.0,6.0,34032,M,,,34
201000029999,10,6,16,2340,5,2,1,1.0,7.0,34032,M,,,34
201000030000,10,6,20,115,3,1,1,9.0,6.0,34032,M,4332257.0,318776.0,34
201000030001,10,6,22,2100,2,2,1,1.0,6.0,34032,M,,,34
201000030002,10,7,2,230,3,1,1,1.0,1.0,34032,M,4333772.0,318450.0,34
201000030003,10,7,2,1545,1,2,1,1.0,6.0,34336,M,,,34
201000030004,10,7,5,830,1,2,1,1.0,2.0,34032,M,4333127.0,324367.0,34
201000030005,10,7,8,600,2,1,1,1.0,4.0,34032,M,4336567.0,322550.0,34
201000030006,10,7,8,1905,1,1,1,1.0,1.0,34032,M,4332491.0,319366.0,34
201000030007,10,7,9,1850,1,2,1,1.0,6.0,34032,M,,,34
201000030008,10,7,12,1710,1,1,1,1.0,3.0,34032,M,4338867.0,322802.0,34
201000030009,10,7,13,1310,1,1,6,1.0,7.0,34032,M,4336636.0,322325.0,34
201000030010,10,7,16,1000,1,2,1,1.0,6.0,34032,M,4334602.0,322242.0,34
201000030011,10,7,16,1743,1,2,1,1.0,6.0,34032,M,4333658.0,322012.0,34
201000030012,10,7,16,1030,1,2,1,1.0,6.0,34032,M,4334297.0,321695.0,34
201000030013,10,7,18,1140,1,2,1,1.0,5.0,34032,M,4335467.0,323445.0,34
201000030014,10,7,18,2300,3,1,1,1.0,7.0,34032,M,4332283.0,319754.0,34
201000030015,10,7,21,520,2,1,1,1.0,7.0,34032,M,4335691.0,333088.0,34
201000030016,10,7,21,1400,1,2,1,1.0,6.0,34032,M,,,34
201000030017,10,7,22,750,1,2,6,1.0,3.0,34032,M,,,34
201000030018,10,7,22,805,1,2,1,1.0,6.0,34032,M,,,34
201000030019,10,7,24,2130,2,2,1,1.0,6.0,34032,M,4333871.0,327152.0,34
201000030020,10,7,25,245,5,2,1,1.0,6.0,34032,M,4338182.0,321554.0,34
201000030021,10,7,25,1240,1,1,1,1.0,3.0,34032,M,4333070.0,318660.0,34
201000030022,10,6,26,2300,3,1,1,9.0,6.0,34032,M,,,34
201000030023,10,7,29,1755,1,1,1,1.0,3.0,34336,M,4332116.0,328788.0,34
201000030024,10,7,29,2100,2,2,6,1.0,7.0,34032,M,4336067.0,324949.0,34
201000030025,10,7,29,2245,5,2,1,1.0,7.0,34032,M,4330299.0,324318.0,34
201000030026,10,7,31,330,3,1,1,1.0,6.0,34032,M,4331333.0,322685.0,34
201000030027,10,7,31,1215,1,1,2,1.0,3.0,34336,M,4333027.0,328859.0,34
201000030028,10,8,29,2207,5,2,1,1.0,7.0,34032,M,4335177.0,323106.0,34
201000030029,10,8,30,2255,5,2,3,1.0,7.0,34032,M,4334016.0,322310.0,34
201000030030,10,9,1,1225,1,2,1,1.0,7.0,34032,M,4334178.0,325241.0,34
201000030031,10,9,3,1725,1,2,1,1.0,7.0,34032,M,4334382.0,319615.0,34
201000030032,10,9,3,1600,1,2,1,1.0,6.0,34032,M,4334042.0,321788.0,34
201000030033,10,9,4,300,3,1,1,1.0,7.0,34032,M,4335922.0,324580.0,34
201000030034,10,9,4,1745,1,2,6,1.0,6.0,34336,M,4332131.0,329201.0,34
201000030035,10,9,11,1345,1,2,1,1.0,6.0,34032,M,4334068.0,318932.0,34
201000030036,10,9,11,1900,1,2,1,1.0,6.0,34032,M,4334505.0,321543.0,34
201000030037,10,9,15,1230,1,2,1,1.0,7.0,34032,M,4333896.0,323682.0,34
201000030038,10,9,14,1330,1,2,1,1.0,7.0,34032,M,4334807.0,321957.0,34
201000030039,10,9,18,1015,1,2,1,1.0,7.0,34032,M,4334267.0,323324.0,34
201000030040,10,9,18,930,1,2,1,1.0,3.0,34032,M,4333824.0,320818.0,34
201000030041,10,9,22,1315,1,1,1,1.0,4.0,34336,M,4333705.0,327755.0,34
201000030042,10,9,29,1445,2,2,1,1.0,6.0,34032,M,4334283.0,326184.0,34
201000030043,10,10,1,2220,5,2,1,1.0,3.0,34336,M,4332139.0,327300.0,34
201000030044,10,10,2,1745,1,1,1,1.0,7.0,34032,M,4334149.0,325621.0,34
201000030045,10,10,4,545,1,2,1,1.0,7.0,34032,M,4333897.0,321719.0,34
201000030046,10,10,6,1535,1,2,1,1.0,6.0,34032,M,4333506.0,322776.0,34
201000030047,10,10,6,1915,2,1,9,1.0,3.0,34032,M,4332754.0,319249.0,34
201000030048,10,10,7,1435,1,2,1,1.0,6.0,34032,M,4334396.0,322052.0,34
201000030049,10,10,9,115,5,2,1,1.0,7.0,34032,M,4333506.0,322776.0,34
201000030050,10,10,11,1500,1,2,1,2.0,7.0,34032,M,4333875.0,322795.0,34
201000030051,10,10,10,1645,1,2,1,1.0,7.0,34032,M,4332747.0,319244.0,34
201000030052,10,6,27,1400,1,2,1,1.0,1.0,34032,M,,,34
201000030053,10,6,28,1410,1,2,6,1.0,7.0,34032,M,,,34
201000030054,10,10,15,2100,5,2,1,1.0,7.0,34032,M,4334537.0,323817.0,34
201000030055,10,10,16,1945,2,2,1,1.0,6.0,34032,M,4334547.0,323878.0,34
201000030056,10,10,20,1520,1,2,1,7.0,7.0,34032,M,4334415.0,322964.0,34
201000030057,10,10,20,1545,1,1,1,1.0,7.0,34032,M,4333571.0,319997.0,34
201000030058,10,10,21,1710,1,1,1,9.0,7.0,34032,M,4334222.0,320885.0,34
201000030059,10,10,31,300,5,2,1,1.0,7.0,34336,M,4332251.0,326804.0,34
201000030060,10,10,31,2100,5,2,1,1.0,7.0,34032,M,,,34
201000030061,10,11,2,1800,1,2,3,1.0,6.0,34032,M,,,34
201000030062,10,11,3,1320,1,2,6,1.0,6.0,34032,M,,,34
201000030063,10,11,16,1550,1,2,3,1.0,3.0,34032,M,,,34
201000030064,10,11,22,2110,5,2,1,1.0,7.0,34032,M,,,34
201000030065,10,11,20,1345,1,2,1,2.0,4.0,34032,M,,,34
201000030066,10,11,21,1215,1,2,1,1.0,6.0,34032,M,,,34
201000030067,10,11,23,1420,2,2,1,1.0,6.0,34032,M,,,34
201000030068,10,11,26,1730,1,1,1,1.0,7.0,34032,M,,,34
201000030069,10,11,26,2045,5,2,1,1.0,3.0,34032,M,,,34
201000030070,10,11,29,1100,1,2,1,1.0,7.0,34032,M,,,34
201000030071,10,11,29,915,1,1,1,1.0,7.0,34032,M,,,34
201000030072,10,11,29,1734,2,2,1,1.0,6.0,34032,M,,,34
201000030073,10,12,2,930,1,2,1,1.0,7.0,34032,M,,,34
201000030074,10,12,2,1820,5,2,3,1.0,3.0,34032,M,,,34
201000030075,10,12,5,45,5,2,1,1.0,7.0,34032,M,,,34
201000030076,10,12,5,1925,5,2,1,1.0,7.0,34032,M,,,34
201000030077,10,12,8,1245,1,2,3,1.0,3.0,34032,M,,,34
201000030078,10,12,10,1210,1,2,1,1.0,7.0,34032,M,,,34
201000030079,10,12,10,2000,5,1,1,1.0,7.0,34032,M,,,34
201000030080,10,12,18,1200,1,2,1,1.0,6.0,34032,M,,,34
201000030081,10,1,24,1640,1,2,1,2.0,6.0,34032,M,4334052.0,322260.0,34
201000030082,10,3,19,2240,3,1,3,1.0,7.0,34032,M,4330857.0,321025.0,34
201000030083,10,3,27,1710,1,2,1,1.0,6.0,34032,M,4334264.0,321716.0,34
201000030084,10,5,11,1210,1,2,1,1.0,6.0,34032,M,4334920.0,323593.0,34
201000030085,10,5,29,2050,1,1,1,1.0,1.0,34032,M,4336963.0,318679.0,34
201000030086,10,6,2,150,3,1,1,1.0,1.0,34032,M,4333116.0,323842.0,34
201000030087,10,6,5,2215,5,2,3,1.0,6.0,34032,M,,,34
201000030088,10,6,16,1605,1,1,1,1.0,3.0,34032,M,,,34
201000030089,10,7,4,1130,1,2,1,1.0,6.0,34032,M,4334448.0,321305.0,34
201000030090,10,7,19,2254,5,2,1,1.0,6.0,34032,M,4334713.0,321048.0,34
201000030091,10,7,22,2145,5,2,1,1.0,3.0,34336,M,4332312.0,326504.0,34
201000030092,10,7,24,1540,1,2,1,1.0,3.0,34336,M,,,34
201000030093,10,8,3,845,1,2,5,1.0,3.0,34032,M,4334816.0,325254.0,34
201000030094,10,8,6,250,3,1,1,1.0,6.0,34032,M,4331448.0,331204.0,34
201000030095,10,8,7,1500,1,2,1,1.0,3.0,34032,M,4333706.0,320291.0,34
201000030096,10,8,12,145,5,2,2,1.0,3.0,34032,M,4335099.0,321934.0,34
201000030097,10,8,12,1550,1,2,2,1.0,3.0,34032,M,4334981.0,322023.0,34
201000030098,10,8,20,1600,1,1,1,1.0,3.0,34032,M,,,34
201000030099,10,8,25,1855,1,2,1,1.0,2.0,34032,M,4334955.0,323649.0,34
201000030100,10,8,27,1105,1,2,1,1.0,6.0,34032,M,,,34
201000030101,10,9,1,950,1,1,9,1.0,2.0,34032,M,4337995.0,320255.0,34
201000030102,10,9,11,1805,1,2,1,1.0,6.0,34073,M,4332452.0,330580.0,34
201000030103,10,9,15,1350,1,2,1,1.0,6.0,34032,M,4334618.0,321711.0,34
201000030104,10,9,29,1830,1,1,6,1.0,2.0,34336,M,4333209.0,328648.0,34
201000030105,10,10,9,1730,1,2,1,8.0,6.0,34032,M,,,34
201000030106,10,10,13,1755,1,1,1,1.0,5.0,34032,M,4336444.0,326232.0,34
201000030107,10,11,6,210,3,1,6,5.0,7.0,34032,M,,,34
201000030108,10,11,25,1635,1,1,1,1.0,1.0,34032,M,,,34
201000030109,10,12,19,415,3,1,1,2.0,7.0,34032,M,,,34
201000030110,10,1,3,530,5,2,1,1.0,2.0,34172,M,4360455.0,387714.0,34
201000030111,10,1,3,1715,2,2,1,1.0,1.0,34172,M,4362370.0,386237.0,34