Num_Acc,an,mois,jour,hrmn,lum,agg,int,atm,col,com,gps,lat,long,dep
201000030112,10,1,4,530,5,2,2,2.0,3.0,34172,M,4359920.0,389389.0,34
201000030113,10,1,4,1500,1,2,1,2.0,6.0,34172,M,4361813.0,389724.0,34
201000030114,10,1,4,1804,3,2,4,2.0,4.0,34172,M,4360967.0,383721.0,34
201000030115,10,1,4,2240,5,2,1,2.0,7.0,34172,M,4362516.0,385086.0,34
201000030116,10,1,5,815,2,2,1,2.0,6.0,34172,M,4360432.0,387494.0,34
201000030117,10,1,6,1500,1,2,2,1.0,3.0,34172,M,4360415.0,385828.0,34
201000030118,10,1,7,1625,1,1,1,8.0,7.0,34172,M,4358825.0,389211.0,34
201000030119,10,1,3,2030,5,2,2,2.0,3.0,34172,M,4363373.0,384337.0,34
201000030120,10,1,10,100,5,2,2,1.0,3.0,34172,M,4362006.0,385118.0,34
201000030121,10,1,10,1450,1,2,1,1.0,6.0,34172,M,4361744.0,381956.0,34
201000030122,10,1,11,1515,1,2,2,1.0,3.0,34172,M,4362159.0,386866.0,34
201000030123,10,1,12,800,1,2,1,1.0,6.0,34172,M,4361867.0,384646.0,34
201000030124,10,1,12,915,1,2,6,1.0,3.0,34172,M,4363646.0,383114.0,34
201000030125,10,1,12,1810,4,2,2,1.0,6.0,34172,M,4359739.0,386428.0,34
201000030126,10,1,14,915,1,2,1,3.0,3.0,34172,M,4361901.0,382160.0,34
201000030127,10,1,15,811,1,2,1,1.0,6.0,34172,M,4360332.0,390591.0,34
201000030128,10,1,15,940,1,2,1,1.0,3.0,34172,M,4358954.0,388990.0,34
201000030129,10,1,18,830,1,2,2,1.0,6.0,34172,M,4361654.0,384087.0,34
201000030130,10,1,18,1150,1,2,1,1.0,6.0,34172,M,4359351.0,388930.0,34
201000030131,10,1,18,1700,1,2,2,1.0,6.0,34172,M,4362437.0,386278.0,34
201000030132,10,1,19,910,1,1,1,1.0,5.0,34129,M,4358594.0,389529.0,34
201000030133,10,1,20,1925,3,1,1,8.0,3.0,34270,M,4359244.0,382020.0,34
201000030134,10,1,20,1745,5,2,1,8.0,7.0,34172,M,4359152.0,387897.0,34
201000030135,10,1,21,905,1,2,1,1.0,7.0,34172,M,4363254.0,382250.0,34
201000030136,10,1,21,1840,5,2,2,1.0,6.0,34172,M,4361141.0,382872.0,34
201000030137,10,1,22,850,1,2,1,1.0,2.0,34172,M,4357990.0,386867.0,34
201000030138,10,1,23,1245,1,2,3,1.0,5.0,34172,M,4360988.0,388889.0,34
201000030139,10,1,23,1745,2,1,1,1.0,6.0,34129,M,4357094.0,388383.0,34
201000030140,10,1,24,40,5,2,1,1.0,2.0,34172,M,4359687.0,383837.0,34
201000030141,10,1,25,610,2,1,9,2.0,6.0,34129,M,4357307.0,387643.0,34
201000030142,10,1,26,905,1,2,3,1.0,3.0,34172,M,4360543.0,386079.0,34
201000030143,10,1,26,1015,1,2,2,1.0,3.0,34172,M,4360272.0,387096.0,34
201000030144,10,1,26,850,1,2,1,7.0,1.0,34172,M,4361722.0,382309.0,34
201000030145,10,1,27,1415,1,2,1,1.0,1.0,34172,M,4362690.0,387393.0,34
201000030146,10,1,27,1410,1,2,1,1.0,6.0,34172,M,4359466.0,388861.0,34
201000030147,10,1,29,445,5,2,1,1.0,6.0,34172,M,4360343.0,391035.0,34
201000030148,10,1,29,906,1,2,3,1.0,1.0,34172,M,4359347.0,385998.0,34
201000030149,10,1,29,1500,1,2,1,1.0,6.0,34172,M,4360918.0,388648.0,34
201000030150,10,1,29,2030,5,2,6,1.0,3.0,34129,M,4358795.0,392210.0,34
201000030151,10,1,30,355,3,1,1,1.0,7.0,34129,M,4356080.0,386651.0,34
201000030152,10,1,30,2310,5,2,1,1.0,7.0,34172,M,4362024.0,381796.0,34
201000030153,10,1,31,120,5,2,1,1.0,1.0,34172,M,4363900.0,387320.0,34
201000030154,10,1,31,1145,1,2,1,1.0,2.0,34172,M,4360687.0,386418.0,34
201000030155,10,1,31,335,3,1,1,1.0,7.0,34172,M,4360268.0,381989.0,34
201000030156,10,2,1,815,1,2,2,1.0,3.0,34172,M,4361104.0,386669.0,34
201000030157,10,2,1,1535,1,2,1,1.0,7.0,34172,M,4361196.0,383878.0,34
201000030158,10,2,2,1725,1,2,1,1.0,2.0,34172,M,4363402.0,384351.0,34
201000030159,10,2,2,1130,1,2,2,1.0,3.0,34172,M,4360590.0,389393.0,34
201000030160,10,2,3,1435,1,2,1,1.0,6.0,34172,M,4360533.0,387500.0,34
201000030161,10,2,3,1920,5,2,1,1.0,6.0,34172,M,4361539.0,385632.0,34
201000030162,10,2,4,1205,1,2,1,8.0,3.0,34172,M,,,34
201000030163,10,2,5,1130,1,1,1,8.0,6.0,34172,M,,,34
201000030164,10,2,5,1245,1,2,1,1.0,6.0,34172,M,4361571.0,384036.0,34
201000030165,10,2,6,440,4,2,1,1.0,1.0,34172,M,4359240.0,390707.0,34
201000030166,10,2,3,855,1,2,1,1.0,3.0,34172,M,4361003.0,387133.0,34
201000030167,10,2,7,1358,1,2,1,1.0,7.0,34172,M,4358035.0,386763.0,34
201000030168,10,2,9,930,1,2,1,3.0,4.0,34172,M,4361014.0,390386.0,34
201000030169,10,2,9,1224,1,2,2,3.0,7.0,34172,M,4362436.0,386189.0,34
201000030170,10,2,9,1245,1,2,1,2.0,6.0,34172,M,4355076.0,389441.0,34
201000030171,10,2,9,1844,2,2,1,2.0,6.0,34172,M,4368283.0,384561.0,34
201000030172,10,2,10,940,1,2,3,1.0,2.0,34172,M,4363725.0,385978.0,34
201000030173,10,2,10,1715,1,2,1,6.0,3.0,34172,M,4361545.0,382069.0,34
201000030174,10,2,11,2350,5,2,1,1.0,3.0,34172,M,4360725.0,386713.0,34
201000030175,10,2,12,1045,1,2,9,1.0,7.0,34172,M,4360761.0,382121.0,34
201000030176,10,2,15,945,1,2,1,1.0,7.0,34172,M,4363527.0,387139.0,34
201000030177,10,2,15,1830,2,2,1,1.0,6.0,34172,M,4362353.0,383378.0,34
201000030178,10,2,16,800,2,2,1,2.0,6.0,34172,M,4361499.0,386617.0,34
201000030179,10,2,16,1150,1,2,6,2.0,2.0,34172,M,4360883.0,391352.0,34
201000030180,10,2,17,1215,1,2,1,3.0,1.0,34172,M,4362113.0,385834.0,34
201000030181,10,2,18,1215,1,2,1,1.0,1.0,34172,M,4364201.0,384746.0,34
201000030182,10,2,15,1135,1,2,2,1.0,3.0,34172,M,4360638.0,383700.0,34
201000030183,10,2,19,1000,1,2,2,3.0,6.0,34172,M,4362949.0,382234.0,34
201000030184,10,2,20,1330,1,2,1,1.0,2.0,34172,M,4360486.0,386497.0,34
201000030185,10,2,20,1650,1,2,3,1.0,3.0,34172,M,4360129.0,386411.0,34
201000030186,10,2,21,30,5,2,7,1.0,3.0,34172,M,4362691.0,386993.0,34
201000030187,10,2,21,2005,5,2,3,1.0,2.0,34172,M,4362159.0,386866.0,34
201000030188,10,2,22,1300,1,2,6,2.0,6.0,34172,M,4360538.0,389874.0,34
201000030189,10,2,22,1815,2,2,1,8.0,3.0,34172,M,4363396.0,384893.0,34
201000030190,10,3,3,720,5,2,2,3.0,3.0,34172,M,4361293.0,386746.0,34
201000030191,10,2,23,934,1,2,1,8.0,6.0,34172,M,4359012.0,387315.0,34
201000030192,10,2,24,1910,5,2,2,1.0,1.0,34172,M,4362687.0,388961.0,34
201000030193,10,2,25,1913,5,2,1,1.0,7.0,34172,M,4362414.0,381339.0,34
201000030194,10,2,25,1805,2,2,1,1.0,6.0,34172,M,4361528.0,385547.0,34
201000030195,10,2,26,1440,1,2,1,1.0,2.0,34172,M,4357513.0,385629.0,34
201000030196,10,2,27,420,5,2,1,1.0,7.0,34172,M,4361394.0,382228.0,34
201000030197,10,2,27,647,1,2,1,1.0,2.0,34172,M,4362610.0,386556.0,34
201000030198,10,2,27,953,1,2,1,1.0,2.0,34172,M,4360907.0,388915.0,34
201000030199,10,2,27,1630,1,2,2,2.0,3.0,34172,M,4362590.0,388219.0,34
201000030200,10,3,1,640,2,2,2,1.0,3.0,34172,M,4359660.0,384496.0,34
201000030201,10,3,1,1330,1,2,7,1.0,3.0,34172,M,4361820.0,384455.0,34
201000030202,10,3,1,1945,5,2,2,1.0,6.0,34172,M,4361425.0,385112.0,34
201000030203,10,3,2,1100,1,2,1,1.0,6.0,34172,M,4359509.0,387827.0,34
201000030204,10,3,2,1730,1,2,1,1.0,2.0,34129,M,4356828.0,390386.0,34
201000030205,10,3,4,900,1,2,3,8.0,3.0,34172,M,4357809.0,386880.0,34
201000030206,10,3,5,1720,1,1,1,6.0,6.0,34129,M,4357574.0,389734.0,34
201000030207,10,3,5,1745,1,2,1,1.0,3.0,34198,M,4356758.0,394995.0,34
201000030208,10,3,5,2120,5,2,3,1.0,2.0,34172,M,4363703.0,384505.0,34
201000030209,10,3,1,1747,1,2,3,1.0,3.0,34172,M,4362150.0,381877.0,34
201000030210,10,3,6,2330,5,2,2,1.0,5.0,34172,M,4360894.0,389077.0,34
201000030211,10,3,9,1830,1,2,3,1.0,1.0,34198,M,4355410.0,396735.0,34
201000030212,10,3,10,1125,1,2,1,1.0,7.0,34172,M,4362005.0,390113.0,34
201000030213,10,3,12,934,1,2,3,1.0,3.0,34172,M,4361578.0,387238.0,34
201000030214,10,3,12,1140,1,2,1,1.0,6.0,34172,M,4361460.0,383557.0,34
201000030215,10,3,12,1520,1,2,1,1.0,2.0,34172,M,4363474.0,386736.0,34
201000030216,10,3,13,50,5,2,1,1.0,6.0,34172,M,4360317.0,389366.0,34
201000030217,10,3,12,2000,4,2,1,1.0,5.0,34172,M,4360331.0,386622.0,34
201000030218,10,3,13,1150,1,2,1,1.0,2.0,34172,M,4360125.0,384894.0,34
201000030219,10,3,14,1640,1,2,1,1.0,7.0,34172,M,4360469.0,389951.0,34
201000030220,10,3,15,1340,1,2,3,1.0,3.0,34172,M,4359525.0,386209.0,34
201000030221,10,3,16,1342,1,2,1,1.0,6.0,34172,M,4360570.0,386132.0,34
201000030222,10,3,17,125,5,2,2,1.0,7.0,34172,M,4359973.0,387559.0,34
201000030223,10,3,16,1200,1,2,1,1.0,3.0,34172,M,4359848.0,389340.0,34
201000030224,10,3,17,1543,1,2,1,1.0,3.0,34172,M,4359862.0,387260.0,34
201000030225,10,3,17,1515,1,2,1,1.0,6.0,34172,M,4357620.0,387376.0,34
201000030226,10,3,18,1140,1,2,3,1.0,3.0,34172,M,4361578.0,387238.0,34
201000030227,10,3,18,2130,5,2,3,1.0,3.0,34172,M,4361212.0,389826.0,34
201000030228,10,3,19,1300,1,2,1,1.0,6.0,34172,M,4360880.0,387307.0,34
201000030229,10,3,19,1715,1,2,1,8.0,3.0,34129,M,4347179.0,390922.0,34
201000030230,10,3,19,1430,1,2,1,1.0,2.0,34172,M,4360125.0,385168.0,34
201000030231,10,3,19,1330,1,2,1,1.0,6.0,34172,M,4361596.0,383707.0,34
201000030232,10,3,19,1415,1,2,1,1.0,2.0,34172,M,4361460.0,383558.0,34
201000030233,10,3,19,2000,4,2,2,1.0,3.0,34172,M,4359750.0,386416.0,34
201000030234,10,3,20,1025,1,2,1,1.0,6.0,34198,M,4357858.0,393398.0,34
201000030235,10,3,24,1745,1,2,1,1.0,3.0,34172,M,4358025.0,388057.0,34
201000030236,10,3,25,1715,1,2,1,2.0,3.0,34172,M,4360455.0,389956.0,34
201000030237,10,3,26,1000,1,2,1,1.0,3.0,34172,M,4362302.0,383164.0,34
201000030238,10,3,26,1145,1,2,1,1.0,6.0,34172,M,4360592.0,387571.0,34
201000030239,10,3,27,110,5,1,1,1.0,3.0,34172,M,4360711.0,392039.0,34
201000030240,10,3,27,1300,1,1,1,6.0,7.0,34129,M,4356496.0,389453.0,34
201000030241,10,3,27,1335,1,2,1,1.0,7.0,34172,M,4363127.0,382433.0,34
201000030242,10,3,27,1700,1,2,2,1.0,3.0,34172,M,4359784.0,388126.0,34
201000030243,10,3,29,1330,1,2,1,1.0,3.0,34172,M,4361037.0,383913.0,34
201000030244,10,3,29,1700,1,2,1,1.0,6.0,34172,M,4361744.0,383791.0,34
201000030245,10,3,29,2323,5,2,2,1.0,3.0,34172,M,4361071.0,386660.0,34
201000030246,10,3,30,1910,1,2,3,1.0,6.0,34172,M,4360653.0,387786.0,34
201000030247,10,3,31,820,1,2,1,1.0,3.0,34172,M,4362581.0,386569.0,34
201000030248,10,3,31,1040,1,2,1,1.0,6.0,34172,M,4360132.0,384873.0,34
201000030249,10,3,31,1220,1,2,1,1.0,6.0,34172,M,4361480.0,387872.0,34
201000030250,10,4,1,1830,1,2,3,1.0,3.0,34172,M,4361068.0,383055.0,34
201000030251,10,4,3,1100,1,2,1,8.0,7.0,34172,M,4360454.0,387767.0,34
201000030252,10,4,3,2051,5,1,1,1.0,2.0,34129,M,4358328.0,392413.0,34
201000030253,10,4,5,1205,1,2,1,1.0,2.0,34172,M,4361883.0,389741.0,34
201000030254,10,4,5,1245,1,2,9,1.0,5.0,34172,M,4358893.0,388927.0,34
201000030255,10,4,6,1745,1,2,3,1.0,5.0,34172,M,4360479.0,386751.0,34
201000030256,10,4,8,930,1,2,2,8.0,7.0,34172,M,4360296.0,387098.0,34
201000030257,10,4,8,1740,1,2,1,8.0,3.0,34172,M,4360295.0,388047.0,34
201000030258,10,4,8,2140,5,2,1,1.0,2.0,34172,M,4360647.0,387784.0,34
201000030259,10,4,9,830,1,2,3,1.0,3.0,34172,M,4362207.0,387411.0,34
201000030260,10,4,10,645,5,2,1,1.0,7.0,34172,M,4359043.0,385552.0,34
201000030261,10,4,11,1230,1,2,1,1.0,6.0,34172,M,4360345.0,387458.0,34
201000030262,10,4,12,1600,1,2,2,1.0,5.0,34172,M,4361655.0,388367.0,34
201000030263,10,4,13,815,1,2,9,1.0,6.0,34172,M,4361319.0,385302.0,34
201000030264,10,4,10,950,1,2,1,1.0,7.0,34172,M,4360754.0,389389.0,34
201000030265,10,4,13,1635,1,2,1,1.0,7.0,34172,M,4360353.0,388927.0,34
201000030266,10,4,14,910,1,2,1,1.0,6.0,34172,M,4360539.0,387501.0,34
201000030267,10,4,14,1245,1,2,2,1.0,6.0,34172,M,4360174.0,387392.0,34
201000030268,10,4,15,1250,1,2,3,1.0,3.0,34172,M,4361482.0,387769.0,34
201000030269,10,4,15,1630,1,2,1,1.0,4.0,34172,M,4360917.0,385739.0,34
201000030270,10,4,14,1844,1,2,1,1.0,4.0,34172,M,4360212.0,386827.0,34
201000030271,10,4,17,100,5,2,9,1.0,3.0,34172,M,4360345.0,391343.0,34
201000030272,10,4,17,2100,5,2,2,1.0,2.0,34172,M,4359742.0,386422.0,34
201000030273,10,4,19,345,5,2,1,1.0,6.0,34172,M,4360938.0,383853.0,34
201000030274,10,4,19,1230,1,2,3,1.0,1.0,34198,M,4355308.0,396824.0,34
201000030275,10,4,19,1600,1,1,1,1.0,3.0,34172,M,4359544.0,390507.0,34
201000030276,10,4,19,1755,1,2,3,1.0,3.0,34172,M,4361948.0,389743.0,34
201000030277,10,4,22,1747,1,2,1,1.0,5.0,34172,M,4361148.0,382796.0,34
201000030278,10,4,23,930,1,2,1,2.0,6.0,34198,M,4355716.0,395112.0,34
201000030279,10,4,23,1630,1,2,1,1.0,3.0,34129,M,4357992.0,387994.0,34
201000030280,10,4,24,430,5,2,3,1.0,6.0,34172,M,4359615.0,383536.0,34
201000030281,10,4,24,1445,1,2,9,1.0,3.0,34172,M,4361374.0,393009.0,34
201000030282,10,4,24,1800,1,2,1,1.0,6.0,34172,M,4360178.0,391809.0,34
201000030283,10,4,25,930,1,2,2,1.0,1.0,34172,M,4360105.0,388474.0,34
201000030284,10,4,26,1105,1,2,1,1.0,3.0,34129,M,4357529.0,389709.0,34
201000030285,10,4,26,1100,1,2,1,1.0,6.0,34172,M,,,34
201000030286,10,4,26,1505,1,2,1,1.0,3.0,34172,M,4361883.0,386603.0,34
201000030287,10,4,27,845,1,2,1,1.0,3.0,34172,M,4363067.0,384285.0,34
201000030288,10,4,27,810,1,2,1,1.0,7.0,34172,M,4360946.0,384691.0,34
201000030289,10,4,27,1845,1,2,1,1.0,7.0,34172,M,4362179.0,390130.0,34
201000030290,10,4,27,1145,1,2,1,1.0,7.0,34172,M,4358053.0,385862.0,34
201000030291,10,4,28,750,1,1,1,1.0,3.0,34129,M,4357667.0,387435.0,34
201000030292,10,4,28,2343,5,2,3,1.0,6.0,34172,M,4360913.0,389912.0,34
201000030293,10,4,29,140,5,2,2,1.0,1.0,34172,M,4361134.0,382862.0,34
201000030294,10,4,29,1740,1,2,1,1.0,6.0,34172,M,4360253.0,391640.0,34
201000030295,10,4,29,2055,5,2,2,1.0,3.0,34172,M,4360903.0,389067.0,34
201000030296,10,4,30,1445,1,2,1,1.0,3.0,34172,M,4363654.0,387360.0,34
201000030297,10,5,1,1115,1,2,1,1.0,2.0,34172,M,4359709.0,387580.0,34
201000030298,10,5,3,900,1,2,1,1.0,2.0,34172,M,4360624.0,387740.0,34
201000030299,10,5,3,1015,1,2,1,1.0,3.0,34172,M,4361500.0,385679.0,34
201000030300,10,5,4,1950,2,1,1,2.0,6.0,34172,M,4360823.0,392718.0,34
201000030301,10,5,5,1300,1,2,6,8.0,3.0,34172,M,4364128.0,384705.0,34
201000030302,10,5,5,1320,1,2,1,1.0,1.0,34172,M,4362309.0,383182.0,34
201000030303,10,5,6,1500,1,2,2,1.0,6.0,34172,M,4359733.0,386419.0,34
201000030304,10,5,7,205,3,1,1,1.0,7.0,34129,M,4358122.0,392869.0,34
201000030305,10,5,7,915,1,2,3,1.0,3.0,34172,M,4361987.0,386523.0,34
201000030306,10,5,9,550,3,1,1,8.0,7.0,34129,M,4356079.0,386648.0,34
201000030307,10,5,10,1205,1,2,1,1.0,3.0,34172,M,4357774.0,387564.0,34
201000030308,10,5,10,1845,1,2,1,1.0,1.0,34172,M,4362726.0,389160.0,34
201000030309,10,5,11,1720,1,1,1,1.0,2.0,34129,M,4358598.0,389546.0,34
201000030310,10,5,12,1300,1,2,1,1.0,2.0,34172,M,4360099.0,385004.0,34
201000030311,10,5,12,1720,1,2,7,1.0,2.0,34172,M,4360505.0,388077.0,34
201000030312,10,5,13,1120,1,2,3,1.0,6.0,34172,M,4361866.0,392099.0,34
201000030313,10,5,14,1730,1,2,1,2.0,3.0,34116,M,4364279.0,383497.0,34
201000030314,10,5,14,2250,5,2,2,1.0,1.0,34172,M,4360417.0,385832.0,34
201000030315,10,5,16,1715,1,2,1,1.0,6.0,34172,M,4361178.0,386584.0,34
201000030316,10,5,17,1225,1,2,1,1.0,2.0,34172,M,4359259.0,385222.0,34
201000030317,10,5,18,911,1,1,1,1.0,2.0,34129,M,4358442.0,392233.0,34
201000030318,10,5,19,1215,1,2,1,1.0,1.0,34172,M,4361010.0,383537.0,34
201000030319,10,5,20,715,1,2,9,1.0,2.0,34172,M,4362371.0,382979.0,34
201000030320,10,5,21,1745,1,2,2,1.0,3.0,34172,M,0.0,0.0,34
201000030321,10,5,21,1040,1,2,2,1.0,3.0,34172,M,4362690.0,382188.0,34
201000030322,10,5,22,445,5,2,1,1.0,7.0,34172,M,4361745.0,387118.0,34
201000030323,10,5,22,954,1,2,1,1.0,7.0,34172,M,4361082.0,387750.0,34
201000030324,10,5,22,1750,1,2,1,1.0,2.0,34172,M,4360835.0,387090.0,34
201000030325,10,5,23,700,2,2,1,1.0,7.0,34172,M,4363702.0,383199.0,34
201000030326,10,5,24,1345,1,2,1,1.0,2.0,34129,M,4354157.0,389691.0,34
201000030327,10,5,25,1300,1,2,1,1.0,7.0,34172,M,4361630.0,383555.0,34
201000030328,10,5,25,1720,1,2,1,1.0,3.0,34172,M,4358249.0,386108.0,34
201000030329,10,5,27,1330,1,2,1,1.0,6.0,34172,M,4363058.0,382003.0,34
201000030330,10,5,27,1830,1,2,1,1.0,3.0,34172,M,4360759.0,386984.0,34
201000030331,10,5,27,1935,1,2,1,1.0,1.0,34172,M,4360642.0,383710.0,34
201000030332,10,5,28,1405,1,2,6,1.0,3.0,34129,M,4357621.0,387364.0,34
201000030333,10,5,28,2005,1,2,1,1.0,1.0,34172,M,4361783.0,391228.0,34
201000030334,10,5,29,1020,1,2,3,1.0,3.0,34172,M,4362451.0,382056.0,34
201000030335,10,5,29,1715,1,2,1,1.0,1.0,34172,M,4364073.0,381386.0,34
201000030336,10,5,30,2230,5,2,1,1.0,7.0,34172,M,0.0,0.0,34
201000030337,10,5,31,900,1,2,1,1.0,6.0,34172,M,4364185.0,381968.0,34
201000030338,10,5,31,1900,1,2,3,1.0,1.0,34172,M,4361501.0,390818.0,34
201000030339,10,6,2,700,1,2,2,1.0,6.0,34172,M,4358540.0,388209.0,34
201000030340,10,6,2,1654,1,2,1,1.0,2.0,34172,M,4357965.0,386929.0,34
201000030341,10,6,3,1840,1,2,1,1.0,3.0,34172,M,4362843.0,384577.0,34
201000030342,10,6,4,1810,1,2,1,1.0,6.0,34172,M,4359083.0,389023.0,34
201000030343,10,6,5,1500,1,2,1,1.0,2.0,34172,M,4362099.0,385721.0,34
201000030344,10,6,7,1730,1,1,1,1.0,7.0,34198,M,4360659.0,393344.0,34
201000030345,10,6,8,1310,1,2,1,8.0,7.0,34172,M,4362017.0,381796.0,34
201000030346,10,6,8,1210,1,2,3,1.0,7.0,34172,M,4364269.0,382030.0,34
201000030347,10,6,9,835,1,1,1,8.0,7.0,34129,M,4334785.0,355038.0,34
201000030348,10,6,9,1800,1,2,1,1.0,3.0,34172,M,4361833.0,384274.0,34
201000030349,10,6,10,930,1,2,3,8.0,7.0,34172,M,4337159.0,353197.0,34
201000030350,10,6,10,1310,1,2,2,2.0,3.0,34172,M,4336660.0,351997.0,34
201000030351,10,6,11,320,5,2,1,1.0,7.0,34172,M,4364144.0,383489.0,34
201000030352,10,6,11,1230,1,2,1,8.0,6.0,34172,M,4360612.0,387280.0,34
201000030353,10,6,11,1355,1,2,1,2.0,7.0,34172,M,4336520.0,353808.0,34
201000030354,10,6,11,1915,1,2,1,1.0,6.0,34129,M,4334342.0,353659.0,34
201000030355,10,6,11,2000,1,2,1,8.0,6.0,34172,M,4360910.0,385875.0,34
201000030356,10,6,3,1000,1,2,1,1.0,3.0,34172,M,4361483.0,385712.0,34
201000030357,10,6,13,1815,1,2,3,8.0,3.0,34172,M,4337160.0,353277.0,34
201000030358,10,6,12,1440,1,2,1,1.0,6.0,34172,M,4336643.0,352044.0,34
201000030359,10,6,14,1745,1,2,1,8.0,6.0,34172,M,4360456.0,388351.0,34
201000030360,10,6,14,2020,1,2,2,1.0,3.0,34172,M,4336063.0,352090.0,34
201000030361,10,6,14,920,1,2,2,8.0,3.0,34172,M,4336210.0,351997.0,34
201000030362,10,6,15,1025,1,2,1,2.0,2.0,34172,M,4336922.0,351391.0,34
201000030363,10,6,15,1545,1,2,1,1.0,6.0,34129,M,4333745.0,352043.0,34
201000030364,10,6,15,2210,5,2,1,2.0,6.0,34172,M,4361046.0,385704.0,34
201000030365,10,6,16,1915,1,2,1,1.0,3.0,34129,M,4334267.0,354297.0,34
201000030366,10,6,17,1315,1,2,1,1.0,6.0,34129,M,4334569.0,354729.0,34
201000030367,10,6,20,1330,1,2,1,1.0,6.0,34172,M,4336931.0,350308.0,34
201000030368,10,6,21,1300,1,2,1,1.0,6.0,34172,M,4336052.0,353866.0,34
201000030369,10,6,22,1945,1,2,1,1.0,3.0,34172,M,4336152.0,351355.0,34
201000030370,10,6,22,2230,5,2,1,1.0,3.0,34172,M,4362189.0,385324.0,34
201000030371,10,6,23,215,5,2,1,1.0,6.0,34172,M,4360895.0,391132.0,34
201000030372,10,6,23,1530,1,2,2,1.0,3.0,34172,M,4336361.0,352038.0,34
201000030373,10,6,24,1450,1,2,1,1.0,7.0,34172,M,4336420.0,353410.0,34
201000030374,10,6,24,1735,1,1,1,1.0,3.0,34129,M,4333607.0,355435.0,34
201000030375,10,6,25,320,5,2,1,1.0,7.0,34172,M,4361408.0,383791.0,34
201000030376,10,6,26,2010,1,1,1,1.0,7.0,34129,M,4356720.0,389465.0,34
201000030377,10,6,27,400,5,2,2,1.0,3.0,34172,M,4335844.0,351850.0,34
201000030378,10,6,28,315,5,2,1,1.0,6.0,34172,M,4337350.0,351252.0,34
201000030379,10,6,29,1745,1,2,1,1.0,3.0,34172,M,4334863.0,352360.0,34
201000030380,10,7,1,815,1,2,1,1.0,6.0,34172,M,4360901.0,386718.0,34
201000030381,10,7,1,1510,1,2,1,1.0,7.0,34172,M,,,34
201000030382,10,7,2,1715,1,2,1,1.0,7.0,34172,M,4337092.0,350647.0,34
201000030383,10,7,2,900,1,1,1,1.0,3.0,34129,M,4334567.0,356038.0,34
201000030384,10,7,3,1715,1,2,6,1.0,2.0,34172,M,4359052.0,385710.0,34
201000030385,10,7,4,445,5,2,1,1.0,6.0,34172,M,4358229.0,386337.0,34
201000030386,10,7,4,2335,4,1,1,1.0,1.0,34172,M,4335497.0,354469.0,34
201000030387,10,7,5,1900,1,2,2,1.0,5.0,34172,M,,,34
201000030388,10,7,5,2340,5,2,1,1.0,7.0,34172,M,4336205.0,353517.0,34
201000030389,10,7,6,845,1,2,1,1.0,1.0,34129,M,4335190.0,351470.0,34
201000030390,10,7,6,1413,1,2,1,1.0,2.0,34172,M,,,34
201000030391,10,7,7,645,1,2,6,1.0,3.0,34172,M,4364126.0,384680.0,34
201000030392,10,7,6,1820,1,2,1,1.0,7.0,34172,M,4336352.0,352807.0,34
201000030393,10,7,6,1910,1,2,3,1.0,7.0,34172,M,4337620.0,352178.0,34
201000030394,10,7,6,1655,1,2,1,1.0,2.0,34172,M,4338336.0,349740.0,34
201000030395,10,7,7,1453,1,2,2,1.0,3.0,34172,M,4336977.0,350463.0,34
201000030396,10,7,8,1450,1,2,1,1.0,7.0,34172,M,4337471.0,351141.0,34
201000030397,10,7,8,850,1,2,2,1.0,3.0,34172,M,4358512.0,388217.0,34
201000030398,10,7,9,1350,1,2,2,1.0,3.0,34129,M,,,34
201000030399,10,7,10,2340,5,1,1,1.0,7.0,34129,M,4334806.0,353901.0,34
201000030400,10,7,11,2045,1,2,1,1.0,6.0,34172,M,4335620.0,353709.0,34
201000030401,10,7,12,1545,1,2,1,1.0,1.0,34172,M,4337883.0,350341.0,34
201000030402,10,7,13,1625,1,2,1,1.0,3.0,34172,M,4337556.0,352932.0,34
201000030403,10,7,15,750,1,2,1,1.0,7.0,34172,M,4336715.0,351825.0,34
201000030404,10,7,15,1540,1,2,1,1.0,2.0,34172,M,,,34
201000030405,10,7,16,700,1,2,3,1.0,3.0,34172,M,4334414.0,355480.0,34