Num_Acc,an,mois,jour,hrmn,lum,agg,int,atm,col,com,gps,lat,long,dep
201000030406,10,7,16,1005,1,2,1,1.0,3.0,34172,M,4361220.0,387232.0,34
201000030407,10,7,17,335,5,2,3,1.0,3.0,34172,M,4336922.0,352451.0,34
201000030408,10,7,17,745,1,2,3,1.0,7.0,34172,M,4337397.0,352945.0,34
201000030409,10,7,8,810,1,2,3,1.0,3.0,34172,M,4360817.0,386811.0,34
201000030410,10,7,20,1540,1,2,2,1.0,3.0,34172,M,4359930.0,387980.0,34
201000030411,10,7,15,1900,1,2,1,1.0,7.0,34129,M,4357268.0,391882.0,34
201000030412,10,7,16,1445,1,2,1,1.0,6.0,34172,M,4362799.0,389160.0,34
201000030413,10,7,16,1945,1,2,1,1.0,6.0,34172,M,4361743.0,387032.0,34
201000030414,10,7,17,1305,1,2,3,1.0,3.0,34172,M,4358713.0,385860.0,34
201000030415,10,7,16,2052,1,2,1,1.0,6.0,34172,M,4361958.0,389383.0,34
201000030416,10,7,17,1815,1,2,1,1.0,7.0,34129,M,4357501.0,386823.0,34
201000030417,10,7,18,640,2,2,1,1.0,6.0,34198,M,4357852.0,393748.0,34
201000030418,10,7,19,1650,1,2,2,1.0,3.0,34172,M,4337239.0,351472.0,34
201000030419,10,7,20,1755,1,2,1,1.0,6.0,34172,M,4361868.0,386263.0,34
201000030420,10,7,20,2155,5,2,1,1.0,7.0,34172,M,,,34
201000030421,10,7,21,715,1,2,1,8.0,3.0,34172,M,4358034.0,388063.0,34
201000030422,10,7,21,1400,1,2,1,1.0,6.0,34172,M,4359484.0,382030.0,34
201000030423,10,7,22,450,5,2,1,1.0,7.0,34172,M,4364580.0,386861.0,34
201000030424,10,7,22,1730,1,2,1,1.0,3.0,34172,M,4364805.0,384067.0,34
201000030425,10,7,24,1450,1,2,1,1.0,3.0,34172,M,4359381.0,385625.0,34
201000030426,10,7,24,1140,1,2,1,1.0,3.0,34172,M,4358818.0,382548.0,34
201000030427,10,7,28,800,1,2,1,1.0,1.0,34172,M,4357508.0,385813.0,34
201000030428,10,7,28,1510,1,2,6,1.0,7.0,34172,M,4357695.0,387352.0,34
201000030429,10,7,28,1820,1,2,3,1.0,3.0,34198,M,4356684.0,394880.0,34
201000030430,10,7,29,257,5,1,1,1.0,6.0,34129,M,4358383.0,389723.0,34
201000030431,10,7,29,1315,1,2,1,1.0,3.0,34129,M,4357067.0,389813.0,34
201000030432,10,7,30,1705,1,2,1,1.0,3.0,34172,M,4361086.0,383877.0,34
201000030433,10,7,30,1545,1,2,1,1.0,7.0,34172,M,4363973.0,382965.0,34
201000030434,10,7,31,210,5,2,2,1.0,3.0,34172,M,4360175.0,387390.0,34
201000030435,10,7,31,500,5,2,3,1.0,3.0,34172,M,4359839.0,386516.0,34
201000030436,10,7,31,1405,1,2,2,1.0,1.0,34172,M,4362690.0,388950.0,34
201000030437,10,7,31,2240,5,2,7,1.0,3.0,34172,M,4360155.0,386839.0,34
201000030438,10,8,1,1845,1,2,1,8.0,6.0,34198,M,4359685.0,388537.0,34
201000030439,10,8,3,500,5,2,1,1.0,7.0,34172,M,4359853.0,382735.0,34
201000030440,10,8,3,2015,1,2,2,1.0,3.0,34172,M,4361691.0,386085.0,34
201000030441,10,8,3,1815,1,2,1,1.0,4.0,34172,M,4359949.0,387148.0,34
201000030442,10,8,5,1628,1,2,1,1.0,3.0,34172,M,4360801.0,389664.0,34
201000030443,10,8,5,1530,1,2,3,1.0,7.0,34172,M,4358583.0,386818.0,34
201000030444,10,8,7,1750,1,2,1,1.0,6.0,34172,M,4361078.0,389617.0,34
201000030445,10,8,9,1125,1,2,3,1.0,1.0,34172,M,4357516.0,385643.0,34
201000030446,10,8,10,1655,1,2,3,1.0,3.0,34172,M,4361462.0,382925.0,34
201000030447,10,8,10,1830,1,2,3,1.0,3.0,34129,M,4356566.0,391365.0,34
201000030448,10,8,11,1630,1,2,3,1.0,3.0,34172,M,4358433.0,388397.0,34
201000030449,10,8,12,915,1,2,1,1.0,1.0,34129,M,4358389.0,392633.0,34
201000030450,10,8,11,1924,1,2,1,1.0,1.0,34172,M,4362711.0,381690.0,34
201000030451,10,8,12,1800,1,2,1,1.0,4.0,34172,M,4358884.0,389056.0,34
201000030452,10,8,13,755,1,2,6,1.0,7.0,34172,M,4359545.0,383696.0,34
201000030453,10,8,13,1540,1,2,1,1.0,2.0,34172,M,4360274.0,386801.0,34
201000030454,10,8,13,1900,1,2,1,1.0,3.0,34129,M,4357165.0,391490.0,34
201000030455,10,8,8,1720,1,2,6,1.0,3.0,34172,M,4360172.0,385242.0,34
201000030456,10,8,14,2020,1,2,2,1.0,5.0,34172,M,4359663.0,384495.0,34
201000030457,10,8,14,1956,1,2,1,8.0,2.0,34172,M,4363432.0,384942.0,34
201000030458,10,8,16,2350,5,2,1,1.0,2.0,34172,M,4360734.0,389582.0,34
201000030459,10,8,17,45,5,2,1,1.0,7.0,34172,M,4363443.0,386808.0,34
201000030460,10,8,16,1930,1,2,1,1.0,4.0,34172,M,4362890.0,386925.0,34
201000030461,10,8,17,1254,1,2,2,1.0,1.0,34172,M,4362690.0,386999.0,34
201000030462,10,8,18,2350,5,2,1,1.0,7.0,34172,M,4360783.0,387350.0,34
201000030463,10,8,19,1610,1,2,1,1.0,1.0,34172,M,4362282.0,381963.0,34
201000030464,10,8,20,1545,1,1,1,1.0,3.0,34129,M,4355817.0,386409.0,34
201000030465,10,8,21,1545,1,1,1,1.0,1.0,34129,M,4357633.0,387229.0,34
201000030466,10,8,21,1540,1,2,1,1.0,6.0,34172,M,4362870.0,387834.0,34
201000030467,10,8,21,1830,1,2,1,1.0,6.0,34172,M,4361066.0,387649.0,34
201000030468,10,8,22,1121,1,2,1,1.0,3.0,34172,M,4361819.0,391327.0,34
201000030469,10,8,22,2010,1,2,1,1.0,6.0,34172,M,4360592.0,388253.0,34
201000030470,10,8,23,2335,5,2,1,1.0,7.0,34172,M,4361927.0,388765.0,34
201000030471,10,8,24,2105,5,2,2,1.0,3.0,34172,M,4361225.0,383039.0,34
201000030472,10,8,25,405,5,2,1,1.0,7.0,34172,M,4360350.0,389238.0,34
201000030473,10,8,25,1540,1,2,1,1.0,3.0,34172,M,4361518.0,387894.0,34
201000030474,10,8,28,1545,1,2,2,1.0,3.0,34172,M,4360666.0,383743.0,34
201000030475,10,8,29,700,2,2,1,1.0,6.0,34129,M,4358004.0,390817.0,34
201000030476,10,8,29,1825,1,2,6,1.0,3.0,34172,M,4360511.0,385034.0,34
201000030477,10,8,30,1600,1,2,1,1.0,2.0,34172,M,4359710.0,387613.0,34
201000030478,10,8,30,2350,5,2,2,1.0,3.0,34172,M,4362405.0,386228.0,34
201000030479,10,8,30,1435,1,2,1,1.0,4.0,34172,M,4360894.0,385604.0,34
201000030480,10,8,31,1000,1,2,1,1.0,7.0,34172,M,4360594.0,387620.0,34
201000030481,10,8,31,1710,1,2,1,1.0,3.0,34172,M,4361850.0,384536.0,34
201000030482,10,9,1,1025,1,2,2,1.0,3.0,34172,M,4362904.0,385728.0,34
201000030483,10,9,1,1730,1,1,1,1.0,2.0,34172,M,4360319.0,381968.0,34
201000030484,10,9,3,940,1,2,1,1.0,6.0,34172,M,4357416.0,385994.0,34
201000030485,10,9,3,1330,1,1,3,1.0,3.0,34129,M,4356675.0,386993.0,34
201000030486,10,9,3,1550,1,2,2,1.0,3.0,34172,M,4361462.0,383530.0,34
201000030487,10,9,3,2030,5,2,2,1.0,3.0,34172,M,4359738.0,386426.0,34
201000030488,10,9,4,530,5,2,2,1.0,3.0,34172,M,4358512.0,386019.0,34
201000030489,10,9,4,1830,1,2,2,1.0,3.0,34198,M,4356029.0,395039.0,34
201000030490,10,9,4,1830,1,2,3,1.0,2.0,34172,M,4361190.0,383881.0,34
201000030491,10,9,5,1700,1,2,2,1.0,2.0,34172,M,4360446.0,387763.0,34
201000030492,10,9,6,200,5,2,5,1.0,3.0,34172,M,4362003.0,385108.0,34
201000030493,10,9,6,2040,5,2,1,2.0,3.0,34172,M,4361143.0,386658.0,34
201000030494,10,9,7,30,5,2,1,2.0,2.0,34172,M,4360893.0,384137.0,34
201000030495,10,9,7,1455,1,2,1,8.0,6.0,34172,M,4362261.0,381952.0,34
201000030496,10,9,7,2030,3,2,1,3.0,5.0,34172,M,4359291.0,382346.0,34
201000030497,10,9,8,2010,1,2,1,1.0,4.0,34172,M,4360394.0,389599.0,34
201000030498,10,9,9,1230,1,2,2,1.0,3.0,34172,M,4360720.0,389405.0,34
201000030499,10,9,9,1410,1,2,1,1.0,6.0,34172,M,4363908.0,384759.0,34
201000030500,10,9,9,1805,1,2,1,1.0,2.0,34172,M,4359181.0,385362.0,34
201000030501,10,9,9,2130,5,2,2,1.0,3.0,34172,M,4361560.0,385615.0,34
201000030502,10,9,10,1315,1,2,2,1.0,1.0,34172,M,4360418.0,385823.0,34
201000030503,10,9,10,1405,1,2,2,1.0,3.0,34172,M,4362471.0,388919.0,34
201000030504,10,9,10,1520,1,2,1,1.0,3.0,34172,M,4357520.0,385714.0,34
201000030505,10,9,10,1605,1,2,1,1.0,4.0,34172,M,4361693.0,387375.0,34
201000030506,10,9,10,1740,1,2,3,1.0,5.0,34129,M,4358023.0,392253.0,34
201000030507,10,9,10,1825,1,2,1,1.0,3.0,34129,M,4358656.0,392978.0,34
201000030508,10,9,12,2,5,2,1,1.0,3.0,34172,M,4359022.0,388554.0,34
201000030509,10,9,13,1610,1,2,3,1.0,1.0,34172,M,4361486.0,386438.0,34
201000030510,10,9,13,1440,1,2,1,1.0,2.0,34172,M,4363058.0,382212.0,34
201000030511,10,9,13,1757,1,2,1,1.0,3.0,34172,M,4361958.0,389740.0,34
201000030512,10,9,13,2030,5,2,1,1.0,7.0,34172,M,4361082.0,387226.0,34
201000030513,10,9,13,2325,5,2,1,1.0,7.0,34172,M,4362364.0,385374.0,34
201000030514,10,9,14,1135,1,2,1,1.0,3.0,34172,M,4360150.0,386841.0,34
201000030515,10,9,14,1720,1,2,1,1.0,6.0,34172,M,4360622.0,386771.0,34
201000030516,10,9,16,823,1,2,3,1.0,3.0,34172,M,4362289.0,385446.0,34
201000030517,10,9,13,915,1,2,1,1.0,7.0,34172,M,4357922.0,387593.0,34
201000030518,10,9,11,1830,1,2,1,1.0,7.0,34172,M,4361008.0,383896.0,34
201000030519,10,9,16,1710,1,2,1,8.0,2.0,34172,M,4361684.0,388532.0,34
201000030520,10,9,16,2140,5,2,1,2.0,7.0,34172,M,4360540.0,389890.0,34
201000030521,10,9,17,850,1,2,9,8.0,6.0,34172,M,4360699.0,389237.0,34
201000030522,10,9,13,1130,1,2,1,1.0,2.0,34172,M,4358873.0,385517.0,34
201000030523,10,9,17,2105,3,1,1,2.0,1.0,34198,M,4357806.0,393655.0,34
201000030524,10,9,17,1750,1,2,1,1.0,7.0,34172,M,4363496.0,386224.0,34
201000030525,10,9,18,1615,1,2,1,1.0,7.0,34129,M,4357361.0,387711.0,34
201000030526,10,9,18,2110,5,2,1,1.0,1.0,34172,M,4359347.0,385990.0,34
201000030527,10,9,19,1410,1,2,1,1.0,7.0,34172,M,4361338.0,382244.0,34
201000030528,10,9,19,1940,5,2,1,1.0,2.0,34172,M,4358873.0,389022.0,34
201000030529,10,9,20,30,5,2,1,1.0,3.0,34172,M,4364446.0,384363.0,34
201000030530,10,9,21,1845,1,2,2,1.0,1.0,34172,M,4357980.0,386916.0,34
201000030531,10,9,22,1105,1,2,1,1.0,3.0,34172,M,4358789.0,385510.0,34
201000030532,10,9,22,1305,1,2,1,1.0,2.0,34172,M,4357517.0,386083.0,34
201000030533,10,9,22,1720,1,2,1,1.0,7.0,34172,M,4362763.0,384647.0,34
201000030534,10,9,24,700,5,2,1,8.0,7.0,34172,M,4360531.0,386636.0,34
201000030535,10,9,24,935,1,2,1,1.0,1.0,34172,M,4364005.0,384684.0,34
201000030536,10,9,24,1911,2,2,1,1.0,3.0,34172,M,4358923.0,387274.0,34
201000030537,10,9,25,1520,1,2,2,1.0,3.0,34172,M,4362943.0,386114.0,34
201000030538,10,9,25,1945,3,2,1,1.0,6.0,34129,M,4358329.0,390877.0,34
201000030539,10,9,26,640,5,2,1,1.0,3.0,34172,M,4362425.0,386260.0,34
201000030540,10,9,27,910,1,2,1,1.0,4.0,34172,M,4360906.0,391436.0,34
201000030541,10,9,28,830,1,2,3,1.0,2.0,34172,M,4357516.0,385629.0,34
201000030542,10,9,28,1145,1,2,1,1.0,3.0,34172,M,4360712.0,392475.0,34
201000030543,10,9,25,1055,1,2,2,1.0,3.0,34172,M,4362949.0,384401.0,34
201000030544,10,9,29,820,1,2,1,1.0,5.0,34172,M,4363311.0,384331.0,34
201000030545,10,9,29,1130,1,2,1,1.0,2.0,34172,M,4360308.0,386996.0,34
201000030546,10,9,28,1540,1,2,1,1.0,3.0,34129,M,4358013.0,388019.0,34
201000030547,10,9,28,1810,1,2,1,1.0,4.0,34172,M,4358931.0,385566.0,34
201000030548,10,10,1,505,5,2,1,1.0,7.0,34172,M,4361501.0,388048.0,34
201000030549,10,9,29,915,1,2,1,7.0,3.0,34172,M,4362857.0,387814.0,34
201000030550,10,10,1,1550,1,2,2,1.0,3.0,34172,M,4360174.0,387391.0,34
201000030551,10,10,1,2020,5,2,1,1.0,3.0,34172,M,4358718.0,385864.0,34
201000030552,10,10,2,115,5,2,1,1.0,1.0,34172,M,4360161.0,386826.0,34
201000030553,10,10,1,1210,1,2,1,1.0,7.0,34172,M,4360849.0,384605.0,34
201000030554,10,10,4,2115,5,2,2,1.0,3.0,34172,M,4360552.0,387083.0,34
201000030555,10,10,5,930,1,2,2,1.0,1.0,34172,M,4363683.0,383573.0,34
201000030556,10,10,4,1425,1,2,3,1.0,3.0,34172,M,4358158.0,386423.0,34
201000030557,10,9,24,955,1,2,1,8.0,7.0,34172,M,,,34
201000030558,10,10,4,1710,1,2,1,1.0,3.0,34172,M,4359058.0,387249.0,34
201000030559,10,10,6,755,1,2,1,8.0,7.0,34172,M,4361339.0,383910.0,34
201000030560,10,10,7,1000,1,2,3,1.0,7.0,34172,M,4359709.0,388684.0,34
201000030561,10,10,8,1345,1,2,1,1.0,1.0,34198,M,4357787.0,393495.0,34
201000030562,10,10,8,2050,5,2,2,1.0,3.0,34172,M,4359739.0,386421.0,34
201000030563,10,10,10,130,5,2,3,1.0,3.0,34172,M,4362448.0,382060.0,34
201000030564,10,10,10,737,2,2,6,2.0,6.0,34172,M,4362015.0,381755.0,34
201000030565,10,10,11,1340,1,2,1,8.0,7.0,34172,M,4364306.0,387138.0,34
201000030566,10,10,12,745,1,2,6,1.0,3.0,34172,M,4357688.0,387363.0,34
201000030567,10,10,12,840,1,2,1,1.0,7.0,34172,M,4359697.0,388227.0,34
201000030568,10,10,13,405,5,2,1,1.0,6.0,34172,M,4358208.0,386383.0,34
201000030569,10,10,13,1115,1,2,1,1.0,7.0,34172,M,4361421.0,388792.0,34
201000030570,10,10,14,2320,5,2,3,1.0,3.0,34172,M,4360165.0,386881.0,34
201000030571,10,10,15,1615,1,2,1,1.0,2.0,34172,M,4362909.0,385029.0,34
201000030572,10,10,15,1925,4,2,1,1.0,3.0,34172,M,4360114.0,384627.0,34
201000030573,10,10,17,2005,5,2,2,1.0,1.0,34172,M,4360640.0,383704.0,34
201000030574,10,10,19,12,3,1,1,1.0,7.0,34129,M,4356237.0,386728.0,34
201000030575,10,10,19,1640,1,2,2,1.0,3.0,34172,M,4360572.0,387126.0,34
201000030576,10,10,19,1800,1,2,1,1.0,2.0,34172,M,4359130.0,390821.0,34
201000030577,10,10,19,1900,3,1,1,1.0,2.0,34129,M,4357071.0,387308.0,34
201000030578,10,10,20,810,1,2,1,1.0,6.0,34172,M,4362306.0,383182.0,34
201000030579,10,10,20,920,1,2,1,1.0,5.0,34172,M,4363900.0,382936.0,34
201000030580,10,10,20,2205,5,2,3,1.0,7.0,34172,M,4360025.0,386742.0,34
201000030581,10,10,21,630,5,2,1,1.0,6.0,34172,M,4361055.0,391507.0,34
201000030582,10,10,20,1945,5,2,1,1.0,2.0,34172,M,4363259.0,385203.0,34
201000030583,10,10,23,740,2,2,1,8.0,1.0,34172,M,4360822.0,383970.0,34
201000030584,10,10,23,1050,1,2,6,1.0,3.0,34129,M,4357407.0,390593.0,34
201000030585,10,10,23,1945,5,2,2,1.0,3.0,34172,M,4362608.0,388221.0,34
201000030586,10,10,24,720,5,2,2,2.0,3.0,34172,M,4360646.0,387216.0,34
201000030587,10,10,26,1545,1,2,1,1.0,5.0,34172,M,4360089.0,387011.0,34
201000030588,10,10,26,1720,1,2,9,1.0,3.0,34172,M,4360436.0,391504.0,34
201000030589,10,10,27,1820,1,2,1,1.0,6.0,34172,M,4360689.0,388430.0,34
201000030590,10,10,27,1930,5,2,1,1.0,3.0,34172,M,4362085.0,385751.0,34
201000030591,10,10,29,830,1,2,1,1.0,7.0,34172,M,4360505.0,388058.0,34
201000030592,10,10,29,930,1,2,3,1.0,3.0,34172,M,4362249.0,381338.0,34
201000030593,10,10,29,1255,1,2,3,8.0,3.0,34172,M,4360748.0,387418.0,34
201000030594,10,10,29,1355,1,2,1,1.0,7.0,34172,M,4363883.0,384847.0,34
201000030595,10,10,28,1845,1,2,1,1.0,1.0,34172,M,4358586.0,387473.0,34
201000030596,10,10,29,1450,1,2,3,8.0,3.0,34172,M,4362578.0,382455.0,34
201000030597,10,10,29,1855,2,2,3,1.0,4.0,34172,M,4362226.0,383581.0,34
201000030598,10,10,30,1845,5,2,1,3.0,6.0,34172,M,4364411.0,387075.0,34
201000030599,10,10,30,2235,5,2,1,1.0,7.0,34172,M,4361663.0,382000.0,34
201000030600,10,10,31,105,5,2,1,1.0,7.0,34172,M,4362386.0,381133.0,34
201000030601,10,10,31,1700,2,2,1,2.0,3.0,34172,M,4364180.0,381288.0,34
201000030602,10,11,2,1515,1,2,1,1.0,6.0,34172,M,4362400.0,386435.0,34
201000030603,10,11,2,2125,3,2,1,1.0,1.0,34172,M,4358499.0,385052.0,34
201000030604,10,11,3,1115,1,2,1,1.0,2.0,34172,M,4360635.0,389529.0,34
201000030605,10,10,31,1155,1,2,1,3.0,3.0,34172,M,4360737.0,382094.0,34
201000030606,10,10,15,1230,1,2,3,1.0,3.0,34172,M,,,34
201000030607,10,11,3,1610,1,2,1,1.0,3.0,34172,M,4361689.0,384215.0,34
201000030608,10,11,4,745,1,2,1,1.0,2.0,34172,M,4336553.0,345699.0,34
201000030609,10,11,4,900,1,2,1,1.0,6.0,34172,M,4363058.0,382139.0,34
201000030610,10,11,4,1820,5,2,1,1.0,4.0,34172,M,4359956.0,386048.0,34
201000030611,10,11,5,959,1,2,1,1.0,7.0,34172,M,4362205.0,384634.0,34
201000030612,10,11,5,1620,1,2,1,1.0,6.0,34129,M,4357339.0,390065.0,34
201000030613,10,11,7,815,1,2,1,8.0,7.0,34172,M,4359971.0,385518.0,34
201000030614,10,11,8,720,1,2,1,8.0,6.0,34172,M,,,34
201000030615,10,11,8,1830,5,2,6,1.0,3.0,34172,M,,,34
201000030616,10,11,8,1846,5,2,1,2.0,1.0,34172,M,,,34
201000030617,10,11,9,1320,1,2,2,1.0,3.0,34172,M,4360108.0,388153.0,34
201000030618,10,11,5,1035,1,1,1,1.0,2.0,34129,M,4358799.0,389233.0,34
201000030619,10,11,10,840,1,2,1,1.0,6.0,34172,M,4360161.0,389936.0,34
201000030620,10,11,10,2000,5,2,4,1.0,3.0,34172,M,4360598.0,388624.0,34
201000030621,10,11,11,750,1,2,3,1.0,1.0,34172,M,4364146.0,381499.0,34
201000030622,10,11,12,1635,1,2,1,1.0,6.0,34172,M,4361449.0,384345.0,34
201000030623,10,11,12,1925,5,2,2,1.0,1.0,34172,M,4360530.0,388806.0,34
201000030624,10,11,12,1740,3,2,1,1.0,6.0,34172,M,4361739.0,383782.0,34
201000030625,10,11,13,500,5,2,3,1.0,2.0,34172,M,4360531.0,387333.0,34
201000030626,10,11,13,845,1,2,6,1.0,3.0,34172,M,4359596.0,383608.0,34
201000030627,10,11,15,820,1,2,2,2.0,5.0,34172,M,4360901.0,389080.0,34
201000030628,10,11,15,855,1,2,1,2.0,1.0,34172,M,,,34
201000030629,10,11,18,1530,1,2,1,1.0,3.0,34172,M,4361636.0,391059.0,34
201000030630,10,11,15,800,1,2,1,2.0,3.0,34172,M,,,34
201000030631,10,11,16,55,5,2,2,1.0,3.0,34172,M,4360623.0,387728.0,34
201000030632,10,11,15,1235,1,2,2,2.0,3.0,34172,M,4362395.0,386217.0,34
201000030633,10,11,16,840,1,2,3,1.0,3.0,34172,M,4359941.0,386315.0,34
201000030634,10,11,15,1845,5,2,1,1.0,7.0,34172,M,4358704.0,385860.0,34
201000030635,10,11,16,1340,1,2,3,1.0,3.0,34172,M,4359882.0,389009.0,34
201000030636,10,11,16,1850,5,2,4,1.0,2.0,34172,M,4360020.0,385968.0,34
201000030637,10,11,12,1755,5,2,3,1.0,3.0,34172,M,,,34
201000030638,10,11,17,1140,1,1,1,1.0,3.0,34129,M,4358020.0,393084.0,34
201000030639,10,11,18,1830,5,2,1,1.0,2.0,34172,M,4359878.0,386571.0,34
201000030640,10,11,19,820,1,2,1,1.0,6.0,34172,M,4363156.0,384272.0,34
201000030641,10,11,20,415,5,2,1,1.0,7.0,34172,M,4359815.0,384106.0,34
201000030642,10,11,20,1320,1,2,1,2.0,4.0,34172,M,4362873.0,384554.0,34
201000030643,10,11,20,1935,5,2,3,8.0,3.0,34172,M,,,34
201000030644,10,11,23,350,5,2,1,1.0,7.0,34172,M,,,34
201000030645,10,11,23,1730,5,2,1,1.0,3.0,34172,M,4361218.0,388954.0,34
201000030646,10,11,24,715,1,2,1,1.0,2.0,34172,M,4359986.0,389590.0,34
201000030647,10,11,24,1910,5,2,1,1.0,3.0,34172,M,4360277.0,385529.0,34
201000030648,10,11,25,545,5,2,1,1.0,7.0,34172,M,,,34
201000030649,10,11,25,500,3,1,1,1.0,7.0,34129,M,4356023.0,392373.0,34
201000030650,10,11,25,1330,1,1,1,1.0,7.0,34129,M,4357727.0,392249.0,34
201000030651,10,11,26,1020,1,2,2,1.0,6.0,34172,M,4360868.0,386763.0,34
201000030652,10,11,25,1920,5,2,2,1.0,3.0,34172,M,4362954.0,384391.0,34
201000030653,10,11,25,1930,4,1,3,1.0,3.0,34129,M,4357291.0,387643.0,34
201000030654,10,11,25,1935,5,2,2,1.0,1.0,34172,M,4362607.0,388237.0,34
201000030655,10,11,26,1900,5,2,2,1.0,1.0,34172,M,4361571.0,385612.0,34
201000030656,10,11,27,1520,1,2,1,1.0,3.0,34172,M,4360351.0,387724.0,34
201000030657,10,11,27,1725,5,2,1,1.0,3.0,34172,M,4361717.0,384263.0,34
201000030658,10,11,28,523,3,2,1,2.0,6.0,34172,M,4359477.0,390547.0,34
201000030659,10,11,30,820,1,2,1,8.0,3.0,34172,M,4360265.0,385428.0,34
201000030660,10,11,30,1715,5,2,1,2.0,6.0,34172,M,4360936.0,387260.0,34
201000030661,10,11,30,1800,5,2,1,2.0,3.0,34172,M,4363420.0,384888.0,34
201000030662,10,11,30,2210,5,2,1,2.0,5.0,34172,M,4359952.0,384303.0,34
201000030663,10,12,1,2330,5,2,2,1.0,3.0,34172,M,4362674.0,388960.0,34
201000030664,10,12,2,1540,1,2,2,1.0,3.0,34172,M,4360669.0,389395.0,34
201000030665,10,12,2,1646,1,2,1,1.0,2.0,34172,M,,,34
201000030666,10,12,3,1705,2,2,3,1.0,3.0,34172,M,4360371.0,385921.0,34
201000030667,10,12,5,620,3,1,1,8.0,7.0,34129,M,4356911.0,395334.0,34
201000030668,10,12,7,1245,1,2,1,2.0,6.0,34172,M,4364610.0,384251.0,34
201000030669,10,12,7,1435,1,2,4,2.0,3.0,34172,M,4363208.0,386041.0,34
201000030670,10,12,7,1535,1,2,1,2.0,1.0,34172,M,4364694.0,384409.0,34
201000030671,10,12,7,1650,2,2,3,8.0,3.0,34172,M,4361006.0,389950.0,34
201000030672,10,12,7,1850,5,2,1,2.0,5.0,34172,M,4362883.0,382228.0,34
201000030673,10,12,8,900,1,2,1,2.0,3.0,34172,M,4360013.0,386819.0,34
201000030674,10,12,8,1120,1,2,1,1.0,6.0,34172,M,4360307.0,388253.0,34
201000030675,10,12,8,1520,1,2,1,1.0,6.0,34172,M,4364357.0,386057.0,34
201000030676,10,12,8,1840,5,2,3,1.0,3.0,34172,M,,,34
201000030677,10,12,8,1918,2,2,1,1.0,2.0,34172,M,,,34
201000030678,10,12,9,1710,5,2,6,1.0,3.0,34172,M,4360849.0,384796.0,34
201000030679,10,12,10,845,1,2,1,1.0,6.0,34172,M,4360353.0,391046.0,34
201000030680,10,12,10,1845,5,2,3,1.0,2.0,34172,M,4363948.0,383944.0,34
201000030681,10,12,10,2000,5,2,1,1.0,7.0,34172,M,4360633.0,387743.0,34
201000030682,10,12,12,1410,1,2,1,1.0,6.0,34172,M,4360768.0,382122.0,34
201000030683,10,12,13,740,1,2,1,1.0,2.0,34172,M,4361104.0,383056.0,34
201000030684,10,12,13,800,1,2,9,1.0,2.0,34172,M,4362447.0,382671.0,34
201000030685,10,12,13,1030,1,2,1,1.0,3.0,34172,M,4362470.0,386720.0,34
201000030686,10,12,13,1650,1,2,9,1.0,3.0,34129,M,4358382.0,393058.0,34
201000030687,10,12,14,1300,1,2,9,1.0,3.0,34172,M,4361633.0,384115.0,34
201000030688,10,12,14,1830,5,2,2,1.0,6.0,34172,M,4360055.0,387919.0,34
201000030689,10,12,15,815,1,2,1,1.0,5.0,34172,M,4358888.0,385530.0,34
201000030690,10,12,15,1100,1,2,1,1.0,3.0,34172,M,,,34
201000030691,10,12,16,810,1,2,2,1.0,1.0,34172,M,4362866.0,384541.0,34
201000030692,10,12,16,1450,1,1,1,1.0,3.0,34172,M,4357203.0,394218.0,34
201000030693,10,12,17,1445,1,1,1,8.0,7.0,34198,M,4357081.0,395490.0,34
201000030694,10,12,17,1145,1,2,2,1.0,3.0,34172,M,4362044.0,387630.0,34
201000030695,10,12,18,1250,1,2,1,1.0,2.0,34129,M,4358319.0,392574.0,34
201000030696,10,12,23,1500,1,2,1,2.0,7.0,34172,M,4359570.0,386442.0,34
201000030697,10,12,26,530,5,2,1,1.0,7.0,34172,M,4359514.0,387787.0,34
201000030698,10,12,29,2158,5,2,1,2.0,7.0,34172,M,4361844.0,388260.0,34
201000030699,10,12,30,1130,1,2,1,2.0,5.0,34172,M,4362089.0,385826.0,34