Num_Acc,an,mois,jour,hrmn,lum,agg,int,atm,col,com,gps,lat,long,dep
201000030700,10,12,30,1700,5,2,1,8.0,3.0,34172,M,4360871.0,387295.0,34
201000030701,10,12,31,1625,1,2,3,1.0,3.0,34172,M,4362862.0,384534.0,34
201000030702,10,1,1,410,3,2,1,3.0,7.0,34108,M,4344523.0,376092.0,34
201000030703,10,1,24,1405,1,1,1,1.0,3.0,34108,M,4347297.0,376427.0,34
201000030704,10,2,2,1850,2,2,1,1.0,3.0,34108,M,,,34
201000030705,10,2,4,2120,5,2,2,3.0,3.0,34301,M,4341002.0,368831.0,34
201000030706,10,2,7,200,5,2,2,1.0,3.0,34301,M,4340013.0,369397.0,34
201000030707,10,2,28,1330,1,1,1,1.0,3.0,34108,M,,,34
201000030708,10,3,1,910,1,2,3,1.0,3.0,34108,M,4344525.0,375750.0,34
201000030709,10,3,9,1625,1,1,1,1.0,2.0,34108,M,4342311.0,374329.0,34
201000030710,10,3,11,1820,1,2,1,1.0,3.0,34301,M,4341395.0,369665.0,34
201000030711,10,4,1,850,1,2,1,1.0,2.0,34108,M,4345156.0,375263.0,34
201000030712,10,4,22,1730,1,2,1,1.0,6.0,34108,M,4344744.0,375589.0,34
201000030713,10,4,26,855,1,2,1,1.0,3.0,34108,M,4345081.0,375809.0,34
201000030714,10,4,28,1700,1,1,3,1.0,3.0,34108,M,4322330.0,370916.0,34
201000030715,10,5,4,915,1,2,1,1.0,2.0,34108,M,4342880.0,372943.0,34
201000030716,10,5,10,1300,1,2,1,1.0,1.0,34108,M,4343902.0,374558.0,34
201000030717,10,5,12,1640,1,2,1,1.0,6.0,34301,M,4340406.0,369436.0,34
201000030718,10,5,15,945,1,2,1,1.0,3.0,34108,M,4345677.0,376221.0,34
201000030719,10,5,18,1130,1,2,1,1.0,6.0,34301,M,4341070.0,369588.0,34
201000030720,10,5,24,300,5,2,3,1.0,3.0,34301,M,4341149.0,369188.0,34
201000030721,10,6,4,735,1,2,1,1.0,7.0,34108,M,4345401.0,376041.0,34
201000030722,10,6,18,235,5,2,1,1.0,3.0,34301,M,,,34
201000030723,10,6,23,2330,3,2,1,1.0,1.0,34301,M,,,34
201000030724,10,6,27,1500,1,1,1,1.0,1.0,34108,M,4343533.0,377358.0,34
201000030725,10,7,4,2250,5,2,1,1.0,3.0,34301,M,,,34
201000030726,10,7,8,1250,1,1,1,1.0,1.0,34108,M,4344798.0,372663.0,34
201000030727,10,7,9,1835,1,1,1,1.0,1.0,34108,M,,,34
201000030728,10,7,16,1742,1,2,1,1.0,6.0,34301,M,4341248.0,368247.0,34
201000030729,10,7,26,1820,1,2,3,1.0,3.0,34108,M,4345117.0,375834.0,34
201000030730,10,7,27,1300,1,1,1,1.0,2.0,34301,M,4341628.0,370623.0,34
201000030731,10,8,14,1225,1,2,1,1.0,5.0,34108,M,4342311.0,374322.0,34
201000030732,10,8,19,1450,1,2,1,1.0,2.0,34108,M,4344464.0,375080.0,34
201000030733,10,8,25,1435,1,1,1,1.0,1.0,34108,M,,,34
201000030734,10,9,2,2130,5,2,1,1.0,3.0,34301,M,4340702.0,368306.0,34
201000030735,10,9,7,1415,1,2,1,1.0,5.0,34301,M,4341679.0,372149.0,34
201000030736,10,9,7,1620,1,2,1,1.0,2.0,34301,M,4340525.0,369349.0,34
201000030737,10,9,11,1630,1,2,1,1.0,6.0,34301,M,4341448.0,366269.0,34
201000030738,10,10,27,730,1,1,1,1.0,1.0,34108,M,4346650.0,376664.0,34
201000030739,10,10,30,140,5,2,1,1.0,7.0,34301,M,4341679.0,372149.0,34
201000030740,10,11,3,1940,5,2,1,1.0,1.0,34301,M,,,34
201000030741,10,11,5,2010,5,2,1,1.0,6.0,34301,M,,,34
201000030742,10,11,10,1115,1,2,1,1.0,6.0,34108,M,,,34
201000030743,10,11,16,820,1,2,4,1.0,3.0,34301,M,,,34
201000030744,10,11,18,1630,1,1,1,7.0,1.0,34108,M,,,34
201000030745,10,11,26,2100,5,2,2,1.0,6.0,34301,M,,,34
201000030746,10,12,1,1005,1,1,1,1.0,3.0,34108,M,,,34
201000030747,10,12,7,1215,1,2,1,1.0,2.0,34301,M,,,34
201000030748,10,12,16,820,1,2,1,1.0,3.0,34301,M,,,34
201000030749,10,12,24,1925,5,2,2,1.0,3.0,34301,M,,,34
201000030750,10,12,24,2100,5,2,1,1.0,6.0,34301,M,,,34
201000030751,10,12,31,1440,1,2,3,8.0,3.0,35115,M,,,35
201000030752,10,1,18,1930,5,2,6,1.0,3.0,35115,M,,,35
201000030753,10,1,19,1145,1,2,2,1.0,3.0,35115,M,,,35
201000030754,10,2,9,750,2,2,2,1.0,3.0,35115,M,,,35
201000030755,10,2,14,1520,1,2,1,1.0,4.0,35115,M,,,35
201000030756,10,2,14,2100,5,2,2,1.0,3.0,35115,M,,,35
201000030757,10,2,12,1721,2,2,1,1.0,6.0,35115,M,,,35
201000030758,10,3,5,725,2,2,1,1.0,6.0,35115,M,,,35
201000030759,10,3,17,1810,1,1,1,1.0,7.0,35150,M,,,35
201000030760,10,3,17,1630,1,2,1,1.0,1.0,35115,M,,,35
201000030761,10,4,1,1335,1,2,1,1.0,3.0,35115,M,,,35
201000030762,10,4,10,1640,1,2,1,1.0,3.0,35115,M,,,35
201000030763,10,5,12,1025,1,1,1,1.0,1.0,35150,M,,,35
201000030764,10,5,21,1610,1,2,1,1.0,3.0,35150,M,,,35
201000030765,10,6,3,1100,1,1,1,1.0,3.0,35150,M,,,35
201000030766,10,6,23,2025,1,2,1,1.0,1.0,35115,M,,,35
201000030767,10,6,29,645,1,2,1,1.0,6.0,35115,M,,,35
201000030768,10,9,7,1630,1,2,1,1.0,6.0,35115,M,,,35
201000030769,10,9,14,1225,1,2,1,1.0,4.0,35115,M,,,35
201000030770,10,9,23,920,1,2,1,1.0,6.0,35115,M,,,35
201000030771,10,9,27,1405,1,2,1,2.0,6.0,35115,M,,,35
201000030772,10,10,13,1215,1,2,1,7.0,6.0,35150,M,,,35
201000030773,10,10,20,755,2,2,2,1.0,3.0,35115,M,,,35
201000030774,10,11,6,1440,1,2,6,2.0,2.0,35115,M,,,35
201000030775,10,11,10,940,1,2,6,1.0,3.0,35115,M,,,35
201000030776,10,11,10,1327,1,2,6,1.0,6.0,35115,M,,,35
201000030777,10,11,12,1805,5,2,1,2.0,6.0,35115,M,,,35
201000030778,10,11,22,750,2,2,3,8.0,5.0,35115,M,,,35
201000030779,10,12,6,1410,1,1,1,8.0,1.0,35150,M,,,35
201000030780,10,12,10,1340,1,2,1,1.0,6.0,35150,M,,,35
201000030781,10,1,1,2005,5,2,3,1.0,3.0,35238,M,4811870.0,-170463.0,35
201000030782,10,1,1,2231,3,2,1,9.0,7.0,35278,M,,,35
201000030783,10,1,2,1520,1,2,6,1.0,2.0,35238,M,4810500.0,-170879.0,35
201000030784,10,1,3,1550,1,2,1,1.0,6.0,35238,M,4808140.0,-165798.0,35
201000030785,10,1,5,1225,1,2,1,1.0,6.0,35238,M,4809130.0,-165437.0,35
201000030786,10,1,5,1425,1,2,1,7.0,6.0,35238,M,4810610.0,-167095.0,35
201000030787,10,1,6,1035,1,2,2,1.0,6.0,35238,M,4810690.0,-167061.0,35
201000030788,10,1,6,1035,1,2,2,4.0,6.0,35238,M,,,35
201000030789,10,1,6,1930,5,2,1,4.0,6.0,35238,M,4813070.0,-169006.0,35
201000030790,10,1,8,1435,1,2,2,1.0,6.0,35238,M,4809520.0,-163770.0,35
201000030791,10,1,8,1620,1,2,1,1.0,6.0,35238,M,4808740.0,-167500.0,35
201000030792,10,1,9,1700,1,2,1,8.0,3.0,35238,M,4810740.0,-167823.0,35
201000030793,10,1,14,1835,5,2,2,8.0,2.0,35238,M,4809520.0,-163770.0,35
201000030794,10,1,15,815,2,2,1,8.0,3.0,35238,M,4809500.0,-171103.0,35
201000030795,10,1,16,1055,1,2,2,2.0,3.0,35281,M,,,35
201000030796,10,1,17,340,5,2,6,1.0,6.0,35238,M,4811580.0,-170504.0,35
201000030797,10,1,17,1825,5,2,5,1.0,3.0,35238,M,4809730.0,-165779.0,35
201000030798,10,1,20,805,2,2,9,1.0,6.0,35238,M,,,35
201000030799,10,1,19,805,2,2,1,1.0,6.0,35238,M,4810150.0,-171198.0,35
201000030800,10,1,19,1835,5,2,3,1.0,6.0,35238,M,4808650.0,-166777.0,35
201000030801,10,1,19,1930,5,2,6,2.0,6.0,35238,M,4812220.0,-165120.0,35
201000030802,10,1,19,2000,5,2,2,2.0,3.0,35238,M,4810860.0,-168200.0,35
201000030803,10,1,20,25,5,2,2,2.0,2.0,35238,M,4812710.0,-168658.0,35
201000030804,10,1,20,850,1,1,1,1.0,6.0,35238,M,4808340.0,-164317.0,35
201000030805,10,1,21,315,5,2,3,1.0,6.0,35281,M,,,35
201000030806,10,1,21,955,1,1,9,1.0,6.0,35238,M,,,35
201000030807,10,1,21,2140,5,2,2,2.0,6.0,35238,M,4812510.0,-165170.0,35
201000030808,10,1,22,710,5,2,2,8.0,3.0,35238,M,4809800.0,-166083.0,35
201000030809,10,1,23,1500,1,1,1,8.0,6.0,35206,M,4807910.0,-169480.0,35
201000030810,10,1,26,2005,5,2,6,1.0,4.0,35238,M,4811790.0,-171383.0,35
201000030811,10,1,28,1500,1,2,1,1.0,6.0,35238,M,4810770.0,-167296.0,35
201000030812,10,1,28,1925,5,2,2,1.0,3.0,35238,M,4811010.0,-168621.0,35
201000030813,10,1,29,1800,3,1,1,2.0,4.0,35238,M,,,35
201000030814,10,1,29,1830,3,1,1,9.0,4.0,35278,M,,,35
201000030815,10,1,29,1945,5,2,2,3.0,6.0,35238,M,4812120.0,-166401.0,35
201000030816,10,1,29,2030,5,2,1,3.0,3.0,35238,M,4811490.0,-165732.0,35
201000030817,10,1,30,1300,1,2,9,4.0,3.0,35278,M,,,35
201000030818,10,1,30,1330,1,1,9,8.0,6.0,35278,M,,,35
201000030819,10,2,1,1100,1,1,9,2.0,6.0,35278,M,,,35
201000030820,10,2,1,1910,5,2,2,1.0,3.0,35238,M,,,35
201000030821,10,2,2,715,3,2,9,1.0,3.0,35238,M,,,35
201000030822,10,2,3,910,1,1,9,1.0,4.0,35278,M,,,35
201000030823,10,2,4,1720,1,2,1,1.0,7.0,35238,M,,,35
201000030824,10,2,5,1420,1,2,2,1.0,6.0,35238,M,,,35
201000030825,10,2,10,920,1,2,1,1.0,6.0,35238,M,,,35
201000030826,10,2,10,1245,1,2,6,1.0,6.0,35238,M,,,35
201000030827,10,2,10,2250,5,2,9,1.0,6.0,35238,M,,,35
201000030828,10,2,11,835,1,1,1,4.0,7.0,35238,M,,,35
201000030829,10,2,11,935,1,2,1,4.0,6.0,35238,M,,,35
201000030830,10,2,11,1245,1,2,1,4.0,6.0,35238,M,,,35
201000030831,10,2,11,1820,2,2,1,1.0,2.0,35278,M,,,35
201000030832,10,2,12,1100,1,2,2,1.0,2.0,35281,M,,,35
201000030833,10,2,12,1740,1,2,1,1.0,7.0,35238,M,,,35
201000030834,10,2,13,2225,5,2,2,1.0,6.0,35238,M,,,35
201000030835,10,2,16,1820,5,2,2,1.0,2.0,35238,M,,,35
201000030836,10,2,17,110,5,2,9,1.0,6.0,35238,M,,,35
201000030837,10,2,17,1925,5,2,6,1.0,6.0,35238,M,,,35
201000030838,10,2,18,630,5,2,1,8.0,6.0,35238,M,,,35
201000030839,10,2,23,1355,1,2,2,7.0,6.0,35238,M,,,35
201000030840,10,2,25,2220,3,2,9,2.0,7.0,35238,M,,,35
201000030841,10,2,26,1710,1,2,9,1.0,3.0,35238,M,,,35
201000030842,10,2,27,1635,1,2,1,2.0,7.0,35238,M,,,35
201000030843,10,2,27,1635,1,2,2,2.0,3.0,35238,M,,,35
201000030844,10,2,28,46,5,2,1,3.0,6.0,35238,M,,,35
201000030845,10,2,27,2147,5,2,1,2.0,7.0,35238,M,,,35
201000030846,10,3,1,1300,1,1,9,1.0,3.0,35281,M,,,35
201000030847,10,3,2,1405,1,2,2,1.0,7.0,35238,M,,,35
201000030848,10,3,3,800,1,2,9,1.0,2.0,35278,M,,,35
201000030849,10,3,3,1245,1,2,1,1.0,5.0,35238,M,,,35
201000030850,10,3,3,1435,1,2,1,1.0,6.0,35238,M,,,35
201000030851,10,3,3,1503,1,2,7,1.0,3.0,35238,M,,,35
201000030852,10,3,3,1845,5,1,1,1.0,3.0,35238,M,,,35
201000030853,10,3,4,223,4,2,9,1.0,7.0,35281,M,,,35
201000030854,10,3,5,1800,1,2,1,1.0,6.0,35238,M,,,35
201000030855,10,3,5,2006,5,2,9,1.0,3.0,35238,M,,,35
201000030856,10,3,6,1457,1,2,1,1.0,7.0,35281,M,,,35
201000030857,10,3,7,640,3,1,1,1.0,7.0,35278,M,,,35
201000030858,10,3,8,1730,1,2,3,1.0,3.0,35238,M,,,35
201000030859,10,3,8,1800,1,2,1,7.0,6.0,35238,M,,,35
201000030860,10,3,8,1903,1,2,6,1.0,2.0,35238,M,,,35
201000030861,10,3,9,900,1,1,1,1.0,4.0,35238,M,,,35
201000030862,10,3,9,2010,5,2,2,1.0,3.0,35238,M,,,35
201000030863,10,3,9,807,1,2,1,1.0,7.0,35238,M,,,35
201000030864,10,3,10,745,1,2,2,1.0,6.0,35238,M,,,35
201000030865,10,3,10,805,1,2,3,1.0,6.0,35238,M,,,35
201000030866,10,3,10,2335,3,1,1,1.0,7.0,35278,M,,,35
201000030867,10,3,11,900,1,2,1,1.0,6.0,35238,M,,,35
201000030868,10,3,13,1000,1,2,2,7.0,3.0,35238,M,,,35
201000030869,10,3,13,1730,1,2,1,1.0,6.0,35238,M,,,35
201000030870,10,3,14,510,3,2,4,1.0,7.0,35281,M,,,35
201000030871,10,3,15,1215,1,2,4,1.0,6.0,35238,M,,,35
201000030872,10,3,15,1345,1,2,1,1.0,4.0,35238,M,,,35
201000030873,10,3,15,1435,1,2,2,1.0,3.0,35238,M,,,35
201000030874,10,3,15,755,1,2,9,1.0,3.0,35281,M,,,35
201000030875,10,3,16,1110,1,2,1,1.0,6.0,35238,M,,,35
201000030876,10,3,17,1010,1,2,1,7.0,3.0,35238,M,,,35
201000030877,10,3,17,1140,1,2,2,1.0,2.0,35238,M,,,35
201000030878,10,3,18,1210,1,2,9,1.0,2.0,35238,M,,,35
201000030879,10,3,19,1350,1,2,6,1.0,2.0,35281,M,,,35
201000030880,10,3,20,2305,5,2,2,1.0,3.0,35238,M,,,35
201000030881,10,3,21,50,5,2,2,1.0,6.0,35238,M,,,35
201000030882,10,3,21,1230,1,2,2,1.0,3.0,35238,M,,,35
201000030883,10,3,22,1605,1,2,1,1.0,7.0,35238,M,,,35
201000030884,10,3,22,1925,5,2,9,1.0,3.0,35238,M,,,35
201000030885,10,3,23,1225,1,2,3,1.0,6.0,35238,M,,,35
201000030886,10,3,24,1015,1,2,9,2.0,3.0,35238,M,,,35
201000030887,10,3,24,1345,1,1,1,1.0,3.0,35238,M,,,35
201000030888,10,3,24,1445,1,1,9,8.0,3.0,35238,M,,,35
201000030889,10,3,25,849,1,2,1,2.0,6.0,35281,M,,,35
201000030890,10,3,25,1050,1,2,3,1.0,6.0,35238,M,,,35
201000030891,10,3,26,1520,1,1,9,1.0,2.0,35238,M,,,35
201000030892,10,3,27,150,5,2,2,2.0,7.0,35238,M,,,35
201000030893,10,4,3,925,1,2,2,1.0,2.0,35238,M,4812180.0,-166273.0,35
201000030894,10,4,6,1105,1,2,1,1.0,6.0,35238,M,4808700.0,-166186.0,35
201000030895,10,4,6,1405,1,2,1,1.0,6.0,35238,M,4811080.0,-167597.0,35
201000030896,10,4,6,2225,5,2,2,1.0,3.0,35238,M,4810790.0,-167353.0,35
201000030897,10,4,9,310,3,2,1,1.0,6.0,35238,M,4810370.0,-166239.0,35
201000030898,10,4,9,1000,1,2,1,1.0,3.0,35238,M,4812770.0,-165500.0,35
201000030899,10,4,9,1100,1,2,1,1.0,4.0,35055,M,,,35
201000030900,10,4,9,2230,5,2,2,1.0,3.0,35238,M,4810990.0,-165549.0,35
201000030901,10,4,10,650,1,2,2,1.0,7.0,35238,M,4811020.0,-167414.0,35
201000030902,10,4,10,1310,1,2,1,1.0,3.0,35238,M,4810510.0,-169482.0,35
201000030903,10,4,15,1230,1,2,1,1.0,6.0,35238,M,4812140.0,-170935.0,35
201000030904,10,4,15,2215,4,2,4,1.0,6.0,35238,M,4812170.0,-171973.0,35
201000030905,10,4,16,35,3,1,1,1.0,7.0,35278,M,,,35
201000030906,10,4,16,915,1,2,4,1.0,6.0,35055,M,,,35
201000030907,10,4,17,625,2,2,1,1.0,7.0,35238,M,4812550.0,-170309.0,35
201000030908,10,4,19,1600,1,2,5,1.0,3.0,35238,M,4810570.0,-166601.0,35
201000030909,10,4,20,2115,3,2,1,1.0,1.0,35238,M,4809200.0,-174227.0,35
201000030910,10,4,20,1350,1,2,1,1.0,6.0,35238,M,,,35
201000030911,10,4,21,1900,1,2,4,1.0,2.0,35055,M,,,35
201000030912,10,4,24,1758,1,2,1,1.0,7.0,35238,M,4810520.0,-171810.0,35
201000030913,10,4,25,25,5,2,1,1.0,6.0,35238,M,4810260.0,-168432.0,35
201000030914,10,4,25,2200,5,2,1,1.0,2.0,35238,M,4811860.0,-164973.0,35
201000030915,10,4,26,2155,3,2,9,1.0,2.0,35278,M,,,35
201000030916,10,4,27,1545,1,2,5,1.0,2.0,35238,M,4808400.0,-169874.0,35
201000030917,10,4,29,1055,1,2,1,1.0,3.0,35238,M,4812890.0,-163434.0,35
201000030918,10,4,30,1710,1,2,2,1.0,3.0,35238,M,4810550.0,-168454.0,35
201000030919,10,4,30,1820,1,2,1,1.0,3.0,35238,M,4813130.0,-169026.0,35
201000030920,10,5,1,2330,5,2,2,2.0,3.0,35238,M,4808370.0,-167516.0,35
201000030921,10,5,2,350,3,2,1,2.0,6.0,35238,M,4809190.0,-174322.0,35
201000030922,10,5,3,129,5,2,1,1.0,7.0,35238,M,4809400.0,-167828.0,35
201000030923,10,5,3,1815,1,2,2,1.0,3.0,35238,M,4810350.0,-166269.0,35
201000030924,10,5,4,730,1,2,1,1.0,5.0,35238,M,4809190.0,-174322.0,35
201000030925,10,5,4,830,1,2,1,1.0,4.0,35278,M,,,35
201000030926,10,5,4,1435,1,2,9,1.0,2.0,35238,M,,,35
201000030927,10,5,6,1210,1,2,1,1.0,3.0,35238,M,4810700.0,-167098.0,35
201000030928,10,5,6,1318,1,2,1,1.0,7.0,35238,M,4812920.0,-164470.0,35
201000030929,10,5,7,30,5,2,1,1.0,6.0,35238,M,4811530.0,-167908.0,35
201000030930,10,5,7,1950,1,2,2,1.0,3.0,35238,M,4809210.0,-167485.0,35
201000030931,10,5,7,2030,1,2,1,1.0,6.0,35238,M,4810510.0,-169796.0,35
201000030932,10,5,9,1640,1,2,1,1.0,3.0,35238,M,4810240.0,-167955.0,35
201000030933,10,5,9,2020,1,2,2,1.0,2.0,35281,M,,,35
201000030934,10,5,10,755,1,2,6,2.0,2.0,35281,M,,,35
201000030935,10,5,10,1109,1,2,2,1.0,3.0,35238,M,4808840.0,-166918.0,35
201000030936,10,5,10,1700,1,2,2,3.0,3.0,35238,M,4809060.0,-167215.0,35
201000030937,10,5,11,1000,1,2,3,8.0,3.0,35238,M,4812240.0,-170037.0,35
201000030938,10,5,13,1420,1,2,2,1.0,3.0,35238,M,4810690.0,-167061.0,35
201000030939,10,5,14,2230,5,2,1,1.0,6.0,35238,M,4811470.0,-165462.0,35
201000030940,10,5,15,1100,1,1,1,1.0,7.0,35278,M,,,35
201000030941,10,5,16,1110,1,2,1,1.0,3.0,35238,M,4810280.0,-167660.0,35
201000030942,10,5,17,840,1,2,1,1.0,3.0,35238,M,4810950.0,-169286.0,35
201000030943,10,5,18,1553,1,2,1,1.0,7.0,35238,M,4810600.0,-171702.0,35
201000030944,10,5,19,1735,1,2,1,1.0,6.0,35281,M,,,35
201000030945,10,5,20,940,1,2,3,1.0,6.0,35238,M,4809560.0,-166782.0,35
201000030946,10,5,20,1915,1,2,2,1.0,3.0,35238,M,4810740.0,-168037.0,35
201000030947,10,5,21,540,5,2,2,1.0,3.0,35281,M,,,35
201000030948,10,5,21,840,1,2,1,1.0,7.0,35238,M,4809350.0,-166945.0,35
201000030949,10,5,21,1630,1,2,1,1.0,6.0,35238,M,4811870.0,-165171.0,35
201000030950,10,5,21,1825,1,1,9,1.0,2.0,35238,M,,,35
201000030951,10,5,23,325,5,2,3,1.0,6.0,35238,M,4811310.0,-168550.0,35
201000030952,10,5,23,600,1,2,2,1.0,3.0,35238,M,4809380.0,-167446.0,35
201000030953,10,5,23,1145,1,1,3,1.0,3.0,35281,M,,,35
201000030954,10,5,24,1715,1,2,3,1.0,3.0,35238,M,4811330.0,-169621.0,35
201000030955,10,5,25,1,3,2,1,1.0,6.0,35238,M,4809390.0,-172451.0,35
201000030956,10,5,26,1110,1,2,1,1.0,7.0,35238,M,,,35
201000030957,10,5,26,1445,1,2,1,1.0,6.0,35238,M,4810960.0,-168019.0,35
201000030958,10,5,26,1815,1,2,1,1.0,7.0,35238,M,4808750.0,-164805.0,35
201000030959,10,5,26,2030,1,1,9,2.0,7.0,35278,M,,,35
201000030960,10,5,27,730,1,2,1,3.0,2.0,35238,M,4812850.0,-169870.0,35
201000030961,10,5,27,1225,1,2,3,1.0,6.0,35238,M,4808770.0,-163929.0,35
201000030962,10,5,27,1945,1,2,3,8.0,6.0,35238,M,4810740.0,-167607.0,35
201000030963,10,5,27,1350,1,2,1,1.0,6.0,35238,M,4811020.0,-168531.0,35
201000030964,10,5,28,1835,1,2,1,1.0,2.0,35238,M,4811970.0,-168352.0,35
201000030965,10,5,30,1300,1,2,2,1.0,3.0,35238,M,4809450.0,-167457.0,35
201000030966,10,5,31,800,1,2,3,2.0,3.0,35238,M,4809730.0,-166258.0,35
201000030967,10,5,31,1725,1,2,6,1.0,2.0,35055,M,,,35
201000030968,10,6,1,1850,1,2,2,8.0,3.0,35238,M,4809800.0,-166687.0,35
201000030969,10,6,3,1240,1,2,3,1.0,6.0,35238,M,4811220.0,-168334.0,35
201000030970,10,6,3,2330,5,2,3,1.0,3.0,35238,M,4810510.0,-169593.0,35
201000030971,10,6,4,935,1,2,1,1.0,3.0,35238,M,4810160.0,-170854.0,35
201000030972,10,6,5,450,5,2,4,1.0,6.0,35278,M,,,35
201000030973,10,6,5,1411,1,2,1,1.0,6.0,35238,M,4812820.0,-166200.0,35
201000030974,10,6,6,1932,1,2,1,1.0,6.0,35238,M,4812700.0,-166514.0,35
201000030975,10,6,10,1010,1,2,1,8.0,3.0,35238,M,4811050.0,-170884.0,35
201000030976,10,6,10,1735,1,2,2,8.0,3.0,35238,M,4810690.0,-167061.0,35
201000030977,10,6,11,1115,1,2,1,1.0,7.0,35238,M,,,35
201000030978,10,6,11,2300,5,2,1,1.0,6.0,35238,M,4810170.0,-165930.0,35
201000030979,10,6,12,1815,1,2,5,1.0,3.0,35281,M,,,35
201000030980,10,6,14,1150,1,2,9,3.0,6.0,35281,M,,,35
201000030981,10,6,14,1400,1,2,1,1.0,2.0,35281,M,,,35
201000030982,10,6,14,2005,1,2,6,2.0,3.0,35281,M,,,35
201000030983,10,6,16,750,1,2,1,1.0,5.0,35238,M,4810540.0,-171708.0,35
201000030984,10,6,16,1835,1,2,1,1.0,2.0,35238,M,4811070.0,-167328.0,35
201000030985,10,6,16,2015,1,2,1,1.0,6.0,35238,M,4812770.0,-166579.0,35
201000030986,10,6,16,2313,5,2,2,1.0,6.0,35238,M,4810740.0,-167784.0,35
201000030987,10,6,17,2110,1,2,1,1.0,6.0,35238,M,4812250.0,-171934.0,35
201000030988,10,6,18,1410,1,2,1,1.0,3.0,35238,M,4810770.0,-167296.0,35
201000030989,10,6,19,100,5,2,3,1.0,6.0,35238,M,4810980.0,-169851.0,35
201000030990,10,6,19,1049,1,2,5,2.0,6.0,35238,M,4808060.0,-167418.0,35
201000030991,10,6,19,2225,1,2,1,1.0,6.0,35238,M,4812960.0,-169237.0,35
201000030992,10,6,20,1755,1,2,1,1.0,6.0,35238,M,4812200.0,-171224.0,35
201000030993,10,6,22,1740,1,2,2,1.0,2.0,35238,M,4810000.0,-168662.0,35
201000030994,10,6,22,2015,1,2,6,1.0,6.0,35238,M,4810400.0,-165003.0,35
201000030995,10,6,24,815,1,2,6,1.0,3.0,35238,M,4809150.0,-166153.0,35
201000030996,10,6,24,925,1,2,3,1.0,3.0,35238,M,4809000.0,-168930.0,35
201000030997,10,6,24,1410,1,2,1,1.0,2.0,35238,M,4810820.0,-168910.0,35
201000030998,10,6,24,1800,1,2,1,1.0,1.0,35238,M,4812060.0,-164843.0,35
201000030999,10,6,26,935,1,2,5,7.0,1.0,35238,M,,,35
201000031000,10,6,26,1900,1,2,3,1.0,3.0,35238,M,4808470.0,-166092.0,35
201000031001,10,6,28,1230,1,2,1,1.0,2.0,35238,M,4811230.0,-168250.0,35
201000031002,10,6,29,725,1,2,3,1.0,3.0,35055,M,,,35
201000031003,10,6,29,945,1,2,1,1.0,6.0,35238,M,4810740.0,-167257.0,35
201000031004,10,6,29,1040,1,2,1,1.0,6.0,35238,M,4811050.0,-168105.0,35
201000031005,10,6,30,1415,1,2,6,1.0,3.0,35055,M,,,35
201000031006,10,6,30,1920,1,2,3,1.0,6.0,35238,M,4810980.0,-168118.0,35
201000031007,10,7,1,1950,1,2,2,1.0,3.0,35238,M,4809170.0,-167175.0,35
201000031008,10,7,2,1015,1,2,9,1.0,7.0,35278,M,,,35
201000031009,10,7,2,1200,1,2,2,1.0,3.0,35238,M,4810790.0,-167353.0,35
201000031010,10,7,2,1845,1,2,2,1.0,6.0,35238,M,4810630.0,-169514.0,35
201000031011,10,7,3,1300,1,2,1,1.0,3.0,35238,M,4808760.0,-165516.0,35
201000031012,10,7,4,1815,1,2,6,1.0,3.0,35238,M,4812770.0,-165209.0,35
201000031013,10,7,6,845,1,2,1,1.0,2.0,35281,M,,,35
201000031014,10,7,7,430,5,2,1,1.0,6.0,35238,M,4811960.0,-167421.0,35
201000031015,10,7,7,1635,1,2,2,1.0,3.0,35238,M,4811690.0,-165615.0,35
201000031016,10,7,8,830,1,2,1,1.0,7.0,35238,M,4810690.0,-172875.0,35
201000031017,10,7,8,935,1,2,5,1.0,4.0,35238,M,4812020.0,-172229.0,35
201000031018,10,7,9,1325,1,2,1,1.0,6.0,35238,M,4811310.0,-167403.0,35
201000031019,10,7,9,1325,1,2,2,1.0,1.0,35238,M,4811900.0,-171353.0,35
201000031020,10,7,9,1650,1,1,1,1.0,2.0,35278,M,,,35
201000031021,10,7,9,1745,1,2,3,1.0,4.0,35238,M,4809790.0,-167532.0,35
201000031022,10,7,9,2010,1,2,2,1.0,6.0,35238,M,4810980.0,-167785.0,35
201000031023,10,7,12,1755,1,2,2,1.0,6.0,35238,M,4811100.0,-167783.0,35
201000031024,10,7,13,406,5,2,3,1.0,6.0,35238,M,4810770.0,-166584.0,35
201000031025,10,7,13,1820,1,2,1,1.0,2.0,35238,M,4808590.0,-163840.0,35
201000031026,10,7,14,600,1,2,1,1.0,6.0,35238,M,4812950.0,-169587.0,35
201000031027,10,7,16,1615,1,2,1,1.0,6.0,35278,M,,,35
201000031028,10,7,17,1740,1,2,5,1.0,2.0,35238,M,4810720.0,-171882.0,35
201000031029,10,7,20,1720,1,2,9,1.0,2.0,35281,M,,,35
201000031030,10,7,20,1900,1,2,1,1.0,6.0,35238,M,4810980.0,-168076.0,35