Num_Acc,an,mois,jour,hrmn,lum,agg,int,atm,col,com,gps,lat,long,dep
201000031031,10,7,23,600,1,2,2,1.0,3.0,35238,M,4811630.0,-166620.0,35
201000031032,10,7,23,800,1,2,1,1.0,6.0,35238,M,4811220.0,-164391.0,35
201000031033,10,7,25,1235,1,2,1,1.0,7.0,35238,M,4811360.0,-167621.0,35
201000031034,10,7,25,2100,1,2,5,1.0,2.0,35238,M,4808050.0,-167540.0,35
201000031035,10,7,27,2139,1,2,1,1.0,6.0,35238,M,4809580.0,-165381.0,35
201000031036,10,7,27,2330,5,2,2,1.0,1.0,35238,M,4810980.0,-168423.0,35
201000031037,10,7,29,250,4,1,9,1.0,6.0,35278,M,,,35
201000031038,10,7,29,1600,1,2,2,1.0,3.0,35238,M,4808530.0,-165098.0,35
201000031039,10,7,29,1730,1,2,1,1.0,3.0,35206,M,4807930.0,-168850.0,35
201000031040,10,7,30,150,5,2,2,1.0,3.0,35238,M,4812350.0,-168460.0,35
201000031041,10,7,31,1045,1,2,5,1.0,7.0,35238,M,4812250.0,-171934.0,35
201000031042,10,8,5,1200,1,2,2,1.0,2.0,35238,M,4809810.0,-165565.0,35
201000031043,10,8,5,2005,1,2,2,1.0,3.0,35281,M,,,35
201000031044,10,8,6,1930,1,2,2,1.0,3.0,35238,M,4809820.0,-168830.0,35
201000031045,10,8,9,1755,1,2,1,1.0,6.0,35238,M,4810630.0,-169447.0,35
201000031046,10,8,12,1215,1,2,6,1.0,7.0,35238,M,4812220.0,-165120.0,35
201000031047,10,8,14,410,4,2,1,1.0,6.0,35238,M,4810410.0,-167294.0,35
201000031048,10,8,14,1735,1,2,5,1.0,3.0,35206,M,4807890.0,-169386.0,35
201000031049,10,8,14,1900,1,2,3,1.0,3.0,35238,M,4810440.0,-167735.0,35
201000031050,10,8,16,830,1,2,1,1.0,2.0,35238,M,4810530.0,-170731.0,35
201000031051,10,8,16,1220,1,2,2,1.0,3.0,35238,M,4810510.0,-169340.0,35
201000031052,10,8,16,1520,1,2,1,1.0,7.0,35238,M,,,35
201000031053,10,8,16,1825,1,2,3,1.0,4.0,35238,M,4812070.0,-166481.0,35
201000031054,10,8,19,2035,1,2,3,1.0,2.0,35238,M,4812850.0,-169927.0,35
201000031055,10,8,20,1530,1,2,2,1.0,3.0,35238,M,4811500.0,-166585.0,35
201000031056,10,8,22,1755,1,2,1,8.0,6.0,35238,M,4809270.0,-163034.0,35
201000031057,10,8,23,1030,1,2,1,1.0,3.0,35238,M,4811910.0,-171517.0,35
201000031058,10,8,26,1915,1,2,5,1.0,6.0,35206,M,4807900.0,-169123.0,35
201000031059,10,8,29,345,5,1,5,1.0,7.0,35238,M,4810720.0,-171882.0,35
201000031060,10,8,29,1530,1,2,2,1.0,6.0,35238,M,4811170.0,-168027.0,35
201000031061,10,8,30,10,5,2,1,1.0,7.0,35238,M,4809370.0,-167342.0,35
201000031062,10,8,30,1425,1,2,3,1.0,3.0,35238,M,4808460.0,-169611.0,35
201000031063,10,8,30,1615,1,2,3,1.0,6.0,35238,M,4810380.0,-167711.0,35
201000031064,10,9,2,840,1,2,2,1.0,3.0,35238,M,4809350.0,-166891.0,35
201000031065,10,9,2,2100,3,1,1,1.0,6.0,35278,M,,,35
201000031066,10,9,3,1800,1,2,1,1.0,4.0,35238,M,4812470.0,-171702.0,35
201000031067,10,9,3,1740,1,2,1,1.0,2.0,35238,M,4812470.0,-171702.0,35
201000031068,10,9,4,725,1,2,2,1.0,3.0,35238,M,4812450.0,-170926.0,35
201000031069,10,9,5,905,1,2,1,1.0,6.0,35238,M,4808650.0,-166606.0,35
201000031070,10,9,6,1845,1,2,2,2.0,3.0,35238,M,4810180.0,-165619.0,35
201000031071,10,9,6,1650,1,2,1,2.0,6.0,35238,M,4811010.0,-165564.0,35
201000031072,10,9,7,1650,1,1,1,2.0,4.0,35278,M,,,35
201000031073,10,9,8,840,1,2,3,1.0,2.0,35238,M,4811150.0,-170143.0,35
201000031074,10,9,9,1600,1,2,3,1.0,3.0,35238,M,4810460.0,-167264.0,35
201000031075,10,9,9,1650,1,2,2,1.0,6.0,35238,M,4812180.0,-166273.0,35
201000031076,10,9,10,2215,5,2,1,1.0,7.0,35238,M,4811100.0,-169503.0,35
201000031077,10,9,12,1500,1,2,5,1.0,6.0,35238,M,4810970.0,-168457.0,35
201000031078,10,9,13,812,1,1,1,1.0,2.0,35238,M,,,35
201000031079,10,9,13,1535,1,2,3,1.0,6.0,35238,M,4810650.0,-173074.0,35
201000031080,10,9,13,1705,1,2,5,1.0,6.0,35238,M,4811100.0,-168131.0,35
201000031081,10,9,14,1646,1,2,5,1.0,6.0,35238,M,4809200.0,-162827.0,35
201000031082,10,9,15,800,1,2,3,2.0,3.0,35238,M,4810740.0,-167455.0,35
201000031083,10,9,15,2015,1,2,2,1.0,3.0,35238,M,4809770.0,-166868.0,35
201000031084,10,9,15,2245,3,2,5,1.0,6.0,35238,M,4812020.0,-172229.0,35
201000031085,10,9,16,1250,1,2,5,1.0,3.0,35238,M,4812380.0,-171757.0,35
201000031086,10,9,16,2120,5,2,6,1.0,6.0,35238,M,4812770.0,-165209.0,35
201000031087,10,9,17,1355,1,2,2,1.0,6.0,35238,M,4810740.0,-167548.0,35
201000031088,10,9,17,1430,1,2,5,1.0,7.0,35238,M,4808010.0,-167916.0,35
201000031089,10,9,17,1640,1,2,1,1.0,3.0,35238,M,4811700.0,-170799.0,35
201000031090,10,9,19,1510,1,2,1,1.0,6.0,35238,M,4808760.0,-167500.0,35
201000031091,10,9,20,1450,1,2,5,1.0,7.0,35238,M,4810180.0,-168433.0,35
201000031092,10,9,21,1315,1,2,2,1.0,3.0,35238,M,4812790.0,-165748.0,35
201000031093,10,9,21,1700,1,2,3,1.0,3.0,35238,M,4810970.0,-168915.0,35
201000031094,10,9,21,2125,3,2,5,1.0,6.0,35238,M,4810490.0,-171697.0,35
201000031095,10,9,22,1300,1,2,2,1.0,3.0,35238,M,4810860.0,-168200.0,35
201000031096,10,9,22,1600,1,2,6,1.0,7.0,35055,M,,,35
201000031097,10,9,24,850,1,2,2,8.0,3.0,35238,M,4811010.0,-168621.0,35
201000031098,10,9,24,1145,1,2,3,1.0,3.0,35238,M,4810620.0,-168800.0,35
201000031099,10,9,24,1215,1,2,2,1.0,3.0,35238,M,4810980.0,-168423.0,35
201000031100,10,9,24,1745,1,2,5,1.0,4.0,35238,M,4812250.0,-171934.0,35
201000031101,10,9,24,2210,5,2,3,1.0,3.0,35238,M,4811470.0,-165260.0,35
201000031102,10,9,24,2342,3,2,5,1.0,6.0,35238,M,4808250.0,-164588.0,35
201000031103,10,9,26,1808,1,2,2,1.0,7.0,35238,M,4812790.0,-168341.0,35
201000031104,10,9,27,1330,1,2,1,1.0,6.0,35238,M,4811750.0,-170339.0,35
201000031105,10,9,29,220,3,2,9,1.0,6.0,35238,M,,,35
201000031106,10,9,29,1720,1,2,1,2.0,6.0,35238,M,4810700.0,-167328.0,35
201000031107,10,9,29,2005,1,2,1,2.0,6.0,35238,M,4810410.0,-171343.0,35
201000031108,10,10,1,800,5,2,2,2.0,6.0,35238,M,4810860.0,-169297.0,35
201000031109,10,10,1,707,5,2,1,2.0,6.0,35238,M,4810550.0,-168940.0,35
201000031110,10,10,1,810,1,2,1,2.0,2.0,35238,M,4810760.0,-167254.0,35
201000031111,10,10,1,945,1,2,1,2.0,6.0,35278,M,,,35
201000031112,10,10,1,1655,1,2,9,3.0,3.0,35278,M,,,35
201000031113,10,10,4,1250,1,2,9,2.0,6.0,35278,M,,,35
201000031114,10,10,2,1545,1,2,5,2.0,4.0,35238,M,4808060.0,-167418.0,35
201000031115,10,10,3,700,5,2,2,1.0,3.0,35238,M,4810890.0,-169293.0,35
201000031116,10,10,3,1730,1,1,1,3.0,6.0,35278,M,,,35
201000031117,10,10,4,800,5,2,3,3.0,3.0,35238,M,4811040.0,-167641.0,35
201000031118,10,10,4,1200,1,2,9,3.0,7.0,35238,M,4808060.0,-167418.0,35
201000031119,10,10,4,1220,1,2,3,3.0,3.0,35278,M,,,35
201000031120,10,10,5,1805,1,2,1,2.0,7.0,35238,M,4813350.0,-166758.0,35
201000031121,10,10,5,2145,5,2,2,2.0,3.0,35238,M,4812710.0,-168658.0,35
201000031122,10,10,7,1545,1,2,6,1.0,7.0,35278,M,,,35
201000031123,10,10,10,2240,5,2,1,1.0,3.0,35238,M,4809630.0,-168944.0,35
201000031124,10,10,11,1910,1,2,3,1.0,3.0,35238,M,4811390.0,-164334.0,35
201000031125,10,10,11,2120,5,2,3,1.0,3.0,35051,M,4813270.0,-163315.0,35
201000031126,10,10,12,745,1,2,5,1.0,3.0,35238,M,4808030.0,-167815.0,35
201000031127,10,10,12,1735,1,2,3,1.0,3.0,35281,M,,,35
201000031128,10,10,12,2135,5,2,1,1.0,7.0,35238,M,4811610.0,-168725.0,35
201000031129,10,10,13,1320,1,2,1,1.0,3.0,35238,M,4810280.0,-167662.0,35
201000031130,10,10,14,850,1,2,2,1.0,6.0,35238,M,4813140.0,-167262.0,35
201000031131,10,10,14,1042,1,2,3,1.0,6.0,35238,M,4808900.0,-164349.0,35
201000031132,10,10,14,537,3,2,5,1.0,6.0,35238,M,4811980.0,-172024.0,35
201000031133,10,10,18,805,2,2,2,1.0,3.0,35238,M,4809700.0,-168489.0,35
201000031134,10,10,18,1435,1,2,2,1.0,6.0,35238,M,4810940.0,-168018.0,35
201000031135,10,10,18,1805,1,2,3,1.0,3.0,35055,M,,,35
201000031136,10,10,19,735,5,2,1,1.0,6.0,35238,M,4810480.0,-167269.0,35
201000031137,10,10,20,1430,1,2,3,2.0,6.0,35238,M,4811110.0,-169720.0,35
201000031138,10,10,21,805,1,2,1,1.0,2.0,35238,M,4809330.0,-163193.0,35
201000031139,10,10,21,1645,1,2,5,1.0,3.0,35238,M,4810990.0,-165549.0,35
201000031140,10,10,21,1750,1,2,6,1.0,6.0,35238,M,4812750.0,-165246.0,35
201000031141,10,10,22,800,5,2,6,8.0,3.0,35281,M,,,35
201000031142,10,10,22,800,5,2,2,1.0,6.0,35238,M,4811250.0,-166623.0,35
201000031143,10,10,22,1455,1,2,3,1.0,3.0,35238,M,4812800.0,-165890.0,35
201000031144,10,10,22,1700,1,2,5,1.0,3.0,35238,M,4808240.0,-164051.0,35
201000031145,10,10,23,2115,5,2,3,1.0,3.0,35238,M,4810100.0,-168525.0,35
201000031146,10,10,25,1305,1,2,2,1.0,6.0,35238,M,4811730.0,-168311.0,35
201000031147,10,10,25,1855,1,2,3,1.0,3.0,35238,M,4810610.0,-169643.0,35
201000031148,10,10,25,2050,5,2,1,1.0,7.0,35238,M,4810790.0,-165189.0,35
201000031149,10,10,25,2030,5,2,1,1.0,6.0,35238,M,,,35
201000031150,10,10,28,800,1,2,2,1.0,3.0,35238,M,4812460.0,-170305.0,35
201000031151,10,10,31,1810,5,2,3,1.0,3.0,35238,M,4808130.0,-167858.0,35
201000031152,10,11,2,1050,1,2,2,2.0,3.0,35238,M,4811100.0,-167783.0,35
201000031153,10,11,3,1130,1,2,6,1.0,2.0,35281,M,,,35
201000031154,10,11,4,1000,1,2,2,1.0,7.0,35238,M,4812110.0,-168257.0,35
201000031155,10,11,5,435,5,2,1,1.0,7.0,35238,M,4813230.0,-165450.0,35
201000031156,10,11,5,1150,1,2,3,2.0,7.0,35238,M,,,35
201000031157,10,11,5,1835,5,2,3,1.0,1.0,35238,M,4810770.0,-166584.0,35
201000031158,10,11,5,2135,5,2,1,1.0,3.0,35238,M,4810590.0,-168204.0,35
201000031159,10,11,6,1200,1,2,6,2.0,3.0,35238,M,4811750.0,-170466.0,35
201000031160,10,11,6,1905,5,2,3,2.0,2.0,35055,M,,,35
201000031161,10,11,6,2241,5,2,5,1.0,7.0,35238,M,4810180.0,-168433.0,35
201000031162,10,11,7,1845,3,2,1,2.0,6.0,35278,M,,,35
201000031163,10,11,7,2310,5,2,4,2.0,3.0,35238,M,4810460.0,-167264.0,35
201000031164,10,11,8,450,3,2,5,3.0,6.0,35238,M,4811950.0,-171909.0,35
201000031165,10,11,8,1130,1,2,5,2.0,6.0,35238,M,4811940.0,-171946.0,35
201000031166,10,11,8,1210,1,2,6,1.0,3.0,35238,M,4811860.0,-165552.0,35
201000031167,10,11,8,1400,1,2,1,1.0,3.0,35238,M,4810310.0,-166196.0,35
201000031168,10,11,8,1950,5,2,3,1.0,3.0,35238,M,4812180.0,-166273.0,35
201000031169,10,11,9,1130,1,2,6,1.0,7.0,35238,M,4810400.0,-165003.0,35
201000031170,10,11,9,1400,1,2,1,2.0,7.0,35278,M,,,35
201000031171,10,11,9,1810,5,2,1,2.0,3.0,35238,M,4810530.0,-170792.0,35
201000031172,10,11,9,1800,3,2,9,2.0,3.0,35278,M,,,35
201000031173,10,11,11,1350,1,2,5,2.0,2.0,35238,M,4810180.0,-168433.0,35
201000031174,10,11,13,1100,1,2,1,3.0,7.0,35278,M,,,35
201000031175,10,11,14,210,5,2,1,3.0,6.0,35238,M,4812770.0,-163278.0,35
201000031176,10,11,16,805,5,2,6,1.0,6.0,35238,M,4812230.0,-163872.0,35
201000031177,10,11,16,1350,1,2,1,1.0,3.0,35238,M,4812190.0,-168356.0,35
201000031178,10,11,16,1650,1,2,1,1.0,6.0,35238,M,4813740.0,-165838.0,35
201000031179,10,11,17,730,5,2,2,2.0,6.0,35238,M,4813460.0,-165907.0,35
201000031180,10,11,17,1835,3,1,9,1.0,4.0,35281,M,,,35
201000031181,10,11,17,1810,5,2,1,8.0,2.0,35238,M,4808070.0,-167632.0,35
201000031182,10,11,18,1050,1,2,2,1.0,3.0,35238,M,4811540.0,-168893.0,35
201000031183,10,11,19,1250,1,2,1,1.0,7.0,35238,M,4810720.0,-168389.0,35
201000031184,10,11,19,1245,1,2,1,1.0,6.0,35238,M,4809470.0,-163632.0,35
201000031185,10,11,19,2300,3,2,9,1.0,4.0,35238,M,,,35
201000031186,10,11,20,700,3,2,5,2.0,6.0,35238,M,4811080.0,-171833.0,35
201000031187,10,11,20,1440,1,2,1,8.0,6.0,35238,M,4813010.0,-165208.0,35
201000031188,10,11,21,210,5,2,1,1.0,2.0,35238,M,4808650.0,-166570.0,35
201000031189,10,11,21,605,3,1,1,1.0,6.0,35278,M,,,35
201000031190,10,11,22,751,5,2,1,1.0,6.0,35238,M,4810800.0,-171416.0,35
201000031191,10,11,23,800,5,2,6,1.0,3.0,35238,M,4812750.0,-165246.0,35
201000031192,10,11,23,2330,5,2,2,1.0,3.0,35238,M,4809510.0,-166357.0,35
201000031193,10,11,24,1810,3,2,1,1.0,2.0,35278,M,,,35
201000031194,10,11,25,1225,1,2,3,2.0,3.0,35238,M,4812090.0,-170852.0,35
201000031195,10,11,26,450,5,2,1,1.0,7.0,35238,M,4811630.0,-172199.0,35
201000031196,10,11,26,815,1,2,1,1.0,6.0,35238,M,4810450.0,-164913.0,35
201000031197,10,11,26,1600,1,2,1,1.0,7.0,35238,M,4811230.0,-167203.0,35
201000031198,10,11,26,1357,1,2,1,1.0,7.0,35278,M,,,35
201000031199,10,11,27,2230,5,2,1,1.0,6.0,35238,M,4810180.0,-165872.0,35
201000031200,10,11,29,815,3,2,1,1.0,7.0,35278,M,,,35
201000031201,10,11,30,1835,5,2,4,1.0,6.0,35238,M,4811380.0,-168252.0,35
201000031202,10,12,2,1937,5,2,1,1.0,7.0,35238,M,4812080.0,-168216.0,35
201000031203,10,12,3,1500,1,2,3,1.0,3.0,35055,M,,,35
201000031204,10,12,4,2125,5,2,2,1.0,6.0,35281,M,,,35
201000031205,10,12,5,2000,5,2,1,8.0,6.0,35238,M,4809780.0,-170612.0,35
201000031206,10,12,6,815,3,2,5,2.0,5.0,35238,M,4808130.0,-169721.0,35
201000031207,10,12,6,1235,1,2,6,2.0,3.0,35281,M,,,35
201000031208,10,12,6,1325,1,2,5,1.0,3.0,35238,M,4810750.0,-171614.0,35
201000031209,10,12,7,825,2,2,1,1.0,3.0,35238,M,4809970.0,-164764.0,35
201000031210,10,12,7,1020,1,2,2,8.0,3.0,35238,M,4811020.0,-166956.0,35
201000031211,10,12,7,2110,5,2,6,3.0,3.0,35281,M,,,35
201000031212,10,12,7,2100,5,2,2,2.0,2.0,35238,M,4811060.0,-167436.0,35
201000031213,10,12,8,1740,5,2,2,1.0,4.0,35281,M,,,35
201000031214,10,12,8,1920,3,2,1,1.0,6.0,35278,M,,,35
201000031215,10,12,8,1925,5,2,3,8.0,3.0,35238,M,4814050.0,-165775.0,35
201000031216,10,12,9,1310,1,2,2,1.0,3.0,35238,M,4812660.0,-165195.0,35
201000031217,10,12,10,1605,1,2,1,1.0,3.0,35238,M,,,35
201000031218,10,12,9,1605,1,2,1,1.0,3.0,35238,M,4811740.0,-169402.0,35
201000031219,10,12,10,820,1,2,3,1.0,3.0,35051,M,4813190.0,-163293.0,35
201000031220,10,12,10,1315,1,2,2,1.0,2.0,35238,M,4812460.0,-170305.0,35
201000031221,10,12,10,1745,1,2,4,1.0,2.0,35278,M,,,35
201000031222,10,12,10,1838,3,2,1,1.0,4.0,35278,M,,,35
201000031223,10,12,10,2145,5,2,1,1.0,6.0,35238,M,4808610.0,-166382.0,35
201000031224,10,12,11,1514,1,2,2,1.0,3.0,35238,M,4808760.0,-165384.0,35
201000031225,10,12,12,150,5,2,1,1.0,6.0,35238,M,4810870.0,-169372.0,35
201000031226,10,12,13,1150,1,2,2,1.0,3.0,35238,M,4809940.0,-167574.0,35
201000031227,10,12,14,1900,5,2,6,1.0,7.0,35238,M,4813350.0,-168532.0,35
201000031228,10,12,15,910,1,2,6,1.0,5.0,35281,M,,,35
201000031229,10,12,15,2340,5,2,6,2.0,6.0,35238,M,4808680.0,-168548.0,35
201000031230,10,12,16,300,3,2,1,9.0,7.0,35281,M,,,35
201000031231,10,12,17,435,3,2,5,8.0,6.0,35238,M,4810720.0,-171882.0,35
201000031232,10,12,17,840,1,2,2,1.0,6.0,35238,M,4809730.0,-168884.0,35
201000031233,10,12,17,950,1,2,2,1.0,3.0,35238,M,4811200.0,-170237.0,35
201000031234,10,12,17,1030,1,2,4,1.0,6.0,35238,M,4811150.0,-170143.0,35
201000031235,10,12,17,1820,5,2,1,8.0,6.0,35238,M,4812640.0,-163315.0,35
201000031236,10,12,18,310,5,2,5,1.0,6.0,35238,M,4810970.0,-168457.0,35
201000031237,10,12,19,1410,1,2,5,1.0,3.0,35238,M,4810980.0,-168423.0,35
201000031238,10,12,20,1210,1,2,1,1.0,6.0,35238,M,4810550.0,-168963.0,35
201000031239,10,12,21,845,1,2,1,5.0,7.0,35238,M,4810570.0,-168725.0,35
201000031240,10,12,22,845,1,2,1,5.0,7.0,35238,M,,,35
201000031241,10,12,21,800,1,2,1,5.0,1.0,35281,M,,,35
201000031242,10,12,21,1845,5,2,3,1.0,6.0,35238,M,4811630.0,-171189.0,35
201000031243,10,12,22,1510,1,2,3,1.0,3.0,35238,M,4810090.0,-171158.0,35
201000031244,10,12,22,1532,1,2,5,8.0,2.0,35238,M,4810750.0,-171735.0,35
201000031245,10,12,23,1025,1,2,5,1.0,6.0,35238,M,4808510.0,-163964.0,35
201000031246,10,12,28,2322,5,2,2,1.0,7.0,35281,M,,,35
201000031247,10,12,28,2035,5,2,2,1.0,6.0,35238,M,4810930.0,-167632.0,35
201000031248,10,1,10,1530,1,1,6,1.0,3.0,35093,M,,,35
201000031249,10,1,31,710,5,2,1,1.0,7.0,35093,M,,,35
201000031250,10,2,3,1244,1,2,1,1.0,7.0,35093,M,,,35
201000031251,10,2,11,955,1,2,1,4.0,6.0,35288,M,,,35
201000031252,10,2,19,1205,1,2,1,7.0,6.0,35288,M,,,35
201000031253,10,1,31,950,1,2,1,2.0,6.0,35288,M,,,35
201000031254,10,3,2,1545,1,2,1,1.0,3.0,35288,M,,,35
201000031255,10,2,27,1845,2,2,2,2.0,6.0,35288,M,,,35
201000031256,10,3,10,1124,1,2,3,1.0,3.0,35288,M,,,35
201000031257,10,3,10,1233,1,2,3,1.0,3.0,35288,M,,,35
201000031258,10,3,12,1720,1,1,1,2.0,5.0,35288,M,,,35
201000031259,10,3,22,2130,5,2,2,1.0,3.0,35288,M,,,35
201000031260,10,4,12,1648,1,2,1,1.0,6.0,35288,M,,,35
201000031261,10,4,18,1627,1,2,1,1.0,7.0,35093,M,,,35
201000031262,10,4,15,1848,1,2,1,1.0,6.0,35093,M,,,35
201000031263,10,4,25,147,5,2,1,1.0,6.0,35288,M,,,35
201000031264,10,4,24,1015,1,1,1,1.0,3.0,35241,M,,,35
201000031265,10,4,25,1905,1,2,3,1.0,1.0,35093,M,,,35
201000031266,10,5,3,1309,1,2,2,1.0,3.0,35288,M,,,35
201000031267,10,5,21,1715,1,2,3,1.0,6.0,35288,M,,,35
201000031268,10,5,28,1645,1,2,4,1.0,3.0,35288,M,,,35
201000031269,10,6,7,1815,1,2,3,1.0,3.0,35288,M,,,35
201000031270,10,6,11,105,4,1,1,1.0,7.0,35241,M,,,35
201000031271,10,6,16,1850,1,2,1,1.0,6.0,35288,M,,,35
201000031272,10,6,21,1710,1,2,1,1.0,6.0,35288,M,,,35
201000031273,10,6,19,1900,1,2,3,1.0,3.0,35093,M,,,35
201000031274,10,6,23,830,1,2,3,1.0,3.0,35288,M,,,35
201000031275,10,6,25,1623,1,2,2,1.0,3.0,35288,M,,,35
201000031276,10,6,30,1840,1,2,6,1.0,7.0,35288,M,,,35
201000031277,10,7,3,2335,5,2,3,1.0,7.0,35288,M,,,35
201000031278,10,7,3,1529,1,2,1,1.0,5.0,35352,M,,,35
201000031279,10,7,10,1637,1,2,3,1.0,3.0,35288,M,,,35
201000031280,10,6,3,1551,1,2,1,1.0,2.0,35288,M,,,35
201000031281,10,6,26,1510,1,2,1,1.0,7.0,35241,M,,,35
201000031282,10,8,11,450,5,2,1,1.0,7.0,35288,M,,,35
201000031283,10,8,19,1423,1,2,4,1.0,3.0,35093,M,,,35
201000031284,10,7,6,1340,1,2,1,1.0,7.0,35093,M,,,35
201000031285,10,8,24,1500,1,2,1,1.0,5.0,35288,M,,,35
201000031286,10,9,6,1613,1,2,4,2.0,6.0,35093,M,,,35
201000031287,10,9,4,1718,1,1,1,1.0,2.0,35241,M,,,35
201000031288,10,9,10,940,1,2,1,1.0,6.0,35093,M,,,35
201000031289,10,9,28,1909,1,2,3,1.0,3.0,35093,M,,,35
201000031290,10,10,3,1225,1,2,3,1.0,3.0,35241,M,,,35
201000031291,10,10,8,1925,1,2,3,1.0,3.0,35288,M,,,35
201000031292,10,10,12,1000,1,2,6,1.0,3.0,35288,M,,,35
201000031293,10,10,19,1400,1,2,3,1.0,3.0,35288,M,,,35
201000031294,10,10,20,945,1,2,6,1.0,3.0,35288,M,,,35
201000031295,10,10,24,347,5,2,1,2.0,2.0,35288,M,,,35
201000031296,10,10,27,1735,1,2,1,1.0,6.0,35288,M,,,35
201000031297,10,10,28,1520,1,2,2,1.0,3.0,35093,M,,,35
201000031298,10,10,28,1755,1,2,1,1.0,3.0,35288,M,,,35
201000031299,10,11,1,1910,4,1,6,1.0,3.0,35093,M,,,35
201000031300,10,11,30,1845,5,2,3,1.0,6.0,35288,M,,,35
201000031301,10,12,20,1101,1,2,1,4.0,6.0,35352,M,,,35
201000031302,10,12,20,1805,5,2,1,2.0,6.0,35093,M,,,35
201000031303,10,1,19,2125,5,1,1,1.0,1.0,36063,M,4684990.0,171095.0,36
201000031304,10,12,23,1422,1,2,6,2.0,2.0,36044,M,4679170.0,171204.0,36
201000031305,10,1,12,711,5,2,4,1.0,3.0,36044,M,4680440.0,169914.0,36
201000031306,10,1,11,957,1,2,1,8.0,6.0,36044,M,4679540.0,166519.0,36
201000031307,10,1,12,1345,1,2,1,1.0,2.0,36044,M,4680990.0,170281.0,36
201000031308,10,2,26,1955,3,2,1,1.0,1.0,36044,M,4679630.0,167648.0,36
201000031309,10,1,16,1605,1,2,1,2.0,7.0,36202,M,4682780.0,163229.0,36
201000031310,10,3,18,810,1,2,1,1.0,6.0,36044,M,4678800.0,167278.0,36
201000031311,10,3,18,1440,1,2,3,1.0,3.0,36044,M,4681240.0,171596.0,36
201000031312,10,3,28,1830,1,2,3,1.0,1.0,36044,M,4681100.0,167863.0,36
201000031313,10,4,4,230,3,1,1,1.0,6.0,36044,M,4680580.0,169421.0,36
201000031314,10,1,22,1530,1,2,1,1.0,2.0,36063,M,4682580.0,170058.0,36
201000031315,10,3,23,1645,1,2,3,1.0,6.0,36044,M,4680310.0,170641.0,36
201000031316,10,1,23,2029,5,2,2,1.0,3.0,36044,M,4680770.0,168361.0,36
201000031317,10,3,9,2015,3,1,1,1.0,7.0,36159,M,,,36
201000031318,10,5,1,2010,1,1,1,1.0,7.0,36044,M,4678800.0,167278.0,36
201000031319,10,4,27,810,1,2,1,1.0,2.0,36044,M,4680900.0,168105.0,36
201000031320,10,4,27,1630,1,2,1,1.0,6.0,36202,M,4682080.0,166995.0,36
201000031321,10,1,27,1740,1,2,1,1.0,2.0,36044,M,4679920.0,169782.0,36
201000031322,10,4,5,1635,1,2,1,2.0,7.0,36044,M,4682030.0,167664.0,36
201000031323,10,1,30,1502,1,2,2,4.0,2.0,36044,M,4680140.0,173837.0,36
201000031324,10,1,31,1840,2,2,1,1.0,3.0,36044,M,4678650.0,167733.0,36
201000031325,10,5,31,1530,1,2,2,1.0,3.0,36202,M,4677820.0,164661.0,36
201000031326,10,6,3,2050,1,2,1,1.0,6.0,36202,M,4677850.0,165087.0,36
201000031327,10,5,29,2300,3,1,1,2.0,1.0,36202,M,4677190.0,165671.0,36
201000031328,10,2,3,1215,1,2,1,8.0,2.0,36044,M,,,36
201000031329,10,6,19,956,1,2,1,1.0,7.0,36044,M,,,36
201000031330,10,2,6,1600,1,1,1,2.0,2.0,36202,M,4678880.0,166338.0,36
201000031331,10,6,3,1030,1,2,6,1.0,3.0,36044,M,4679310.0,171118.0,36
201000031332,10,6,24,810,1,1,2,1.0,3.0,36044,M,4678870.0,169131.0,36
201000031333,10,7,7,1903,1,2,1,1.0,3.0,36044,M,4681690.0,169695.0,36
201000031334,10,7,16,2035,1,1,1,1.0,3.0,36202,M,,,36
201000031335,10,7,16,1650,1,2,1,1.0,2.0,36044,M,4680690.0,169611.0,36
201000031336,10,7,31,745,1,1,6,1.0,7.0,36063,M,4684550.0,170896.0,36
201000031337,10,8,2,1830,1,2,1,1.0,6.0,36044,M,4680370.0,165608.0,36
201000031338,10,8,21,100,5,2,1,1.0,6.0,36044,M,4681120.0,168974.0,36
201000031339,10,2,17,1230,1,2,2,8.0,2.0,36044,M,4679590.0,169477.0,36
201000031340,10,9,1,2201,3,1,1,1.0,6.0,36159,M,4678140.0,174429.0,36
201000031341,10,2,18,1857,2,2,1,8.0,7.0,36044,M,4681260.0,169696.0,36
201000031342,10,2,21,2015,5,2,2,2.0,7.0,36159,M,4676410.0,171842.0,36
201000031343,10,9,10,1130,1,2,2,1.0,3.0,36044,M,4679950.0,171443.0,36