Num_Acc,an,mois,jour,hrmn,lum,agg,int,atm,col,com,gps,lat,long,dep
201000031344,10,10,10,1300,1,2,1,1.0,6.0,36202,M,4682140.0,166341.0,36
201000031345,10,2,26,500,5,2,1,2.0,3.0,36044,M,4680640.0,173171.0,36
201000031346,10,2,26,2130,3,1,1,1.0,6.0,36202,M,,,36
201000031347,10,2,27,1535,1,1,1,2.0,2.0,36202,M,,,36
201000031348,10,2,27,1725,1,2,6,1.0,7.0,36063,M,4682040.0,173602.0,36
201000031349,10,10,22,830,1,2,2,1.0,3.0,36044,M,4680940.0,170337.0,36
201000031350,10,10,26,1805,1,2,1,1.0,6.0,36044,M,4681330.0,169682.0,36
201000031351,10,10,29,1150,1,2,2,1.0,3.0,36044,M,4678800.0,170369.0,36
201000031352,10,6,17,800,1,2,3,3.0,6.0,36063,M,4682667.0,170113.0,36
201000031353,10,3,6,1943,5,2,2,1.0,1.0,36044,M,4680920.0,168975.0,36
201000031354,10,3,8,1220,1,2,6,1.0,2.0,36202,M,4678870.0,165987.0,36
201000031355,10,12,6,1045,1,2,1,2.0,6.0,36044,M,4680820.0,167804.0,36
201000031356,10,12,10,1720,4,2,2,1.0,3.0,36044,M,4678870.0,169131.0,36
201000031357,10,12,14,1900,5,2,3,1.0,1.0,36063,M,4682820.0,171138.0,36
201000031358,10,3,10,820,1,2,3,9.0,3.0,36159,M,4678970.0,172179.0,36
201000031359,10,3,10,840,1,2,1,4.0,6.0,36044,M,4681000.0,168738.0,36
201000031360,10,3,15,1213,1,2,1,1.0,7.0,36044,M,4681890.0,172154.0,36
201000031361,10,3,18,1450,1,2,2,1.0,3.0,36159,M,4679380.0,173605.0,36
201000031362,10,3,23,1050,1,2,2,1.0,1.0,36044,M,4678882.0,169151.0,36
201000031363,10,3,26,1610,1,1,1,2.0,5.0,36159,M,4672760.0,173346.0,36
201000031364,10,3,26,1648,1,2,1,1.0,3.0,36044,M,4681590.0,168467.0,36
201000031365,10,4,2,1345,1,1,1,2.0,7.0,36202,M,4679800.0,163851.0,36
201000031366,10,4,3,1945,1,2,6,1.0,3.0,36044,M,4681260.0,169696.0,36
201000031367,10,4,5,1718,1,2,1,1.0,2.0,36202,M,,,36
201000031368,10,4,7,1420,1,1,1,1.0,7.0,36159,M,,,36
201000031369,10,4,11,1200,1,2,1,1.0,7.0,36202,M,,,36
201000031370,10,4,12,1944,1,2,1,1.0,2.0,36044,M,4680900.0,169023.0,36
201000031371,10,4,13,1840,1,1,1,1.0,4.0,36044,M,,,36
201000031372,10,4,14,1000,1,2,1,1.0,6.0,36044,M,4679870.0,169808.0,36
201000031373,10,4,26,1225,1,2,3,1.0,3.0,36044,M,4678890.0,170266.0,36
201000031374,10,4,28,1805,1,2,1,1.0,4.0,36202,M,,,36
201000031375,10,4,29,1015,1,2,1,1.0,6.0,36044,M,,,36
201000031376,10,4,29,1030,1,2,1,1.0,3.0,36044,M,,,36
201000031377,10,5,1,1130,1,2,1,1.0,4.0,36063,M,,,36
201000031378,10,5,5,800,1,1,3,2.0,3.0,36044,M,4680340.0,170784.0,36
201000031379,10,5,9,1208,1,2,1,1.0,3.0,36044,M,4680890.0,169179.0,36
201000031380,10,5,17,1755,1,2,1,1.0,3.0,36044,M,4680440.0,168157.0,36
201000031381,10,5,18,420,5,2,1,1.0,6.0,36063,M,4683200.0,170285.0,36
201000031382,10,5,19,1100,1,1,1,1.0,2.0,36044,M,4678800.0,170353.0,36
201000031383,10,5,20,1240,1,2,6,1.0,3.0,36044,M,4681420.0,169664.0,36
201000031384,10,5,23,2100,5,2,2,1.0,2.0,36063,M,4682590.0,170012.0,36
201000031385,10,5,29,2100,3,1,1,2.0,1.0,36202,M,,,36
201000031386,10,6,1,1730,1,2,2,1.0,6.0,36044,M,4680420.0,170098.0,36
201000031387,10,6,14,1300,1,2,2,1.0,3.0,36044,M,4678870.0,169131.0,36
201000031388,10,6,16,1740,1,2,2,3.0,5.0,36044,M,4681890.0,168711.0,36
201000031389,10,6,17,1220,1,2,6,1.0,2.0,36044,M,4681020.0,168730.0,36
201000031390,10,6,23,1650,1,2,9,1.0,3.0,36044,M,4682200.0,169922.0,36
201000031391,10,6,25,1730,1,2,3,1.0,3.0,36044,M,4680840.0,167141.0,36
201000031392,10,6,30,1220,1,2,1,1.0,3.0,36202,M,4681320.0,163245.0,36
201000031393,10,7,5,1940,1,1,1,1.0,7.0,36159,M,,,36
201000031394,10,7,8,1820,1,2,2,1.0,5.0,36044,M,4680710.0,168654.0,36
201000031395,10,7,12,1855,1,2,6,1.0,3.0,36044,M,4679320.0,171132.0,36
201000031396,10,7,15,1445,1,1,1,1.0,6.0,36202,M,4677830.0,164678.0,36
201000031397,10,7,15,2010,1,2,1,1.0,6.0,36044,M,4681230.0,169787.0,36
201000031398,10,7,18,1225,1,1,1,1.0,7.0,36202,M,4679930.0,163234.0,36
201000031399,10,7,22,1136,1,2,1,1.0,2.0,36044,M,4681690.0,169695.0,36
201000031400,10,7,26,1800,1,2,1,1.0,7.0,36044,M,,,36
201000031401,10,7,28,1245,1,2,2,1.0,3.0,36044,M,4680420.0,169174.0,36
201000031402,10,7,28,1355,1,1,1,1.0,7.0,36159,M,,,36
201000031403,10,7,29,1555,1,2,1,1.0,7.0,36044,M,4681270.0,169225.0,36
201000031404,10,7,30,1205,1,1,1,1.0,7.0,36159,M,,,36
201000031405,10,7,30,1739,1,2,1,1.0,7.0,36063,M,4683830.0,170566.0,36
201000031406,10,8,2,1802,1,2,1,1.0,6.0,36159,M,4679380.0,173408.0,36
201000031407,10,8,4,1415,1,2,1,1.0,3.0,36044,M,4682140.0,169750.0,36
201000031408,10,8,13,1742,1,2,2,1.0,2.0,36044,M,4678870.0,169131.0,36
201000031409,10,8,22,2220,5,2,1,1.0,6.0,36044,M,4681810.0,169497.0,36
201000031410,10,8,27,1805,1,2,2,1.0,7.0,36044,M,4681720.0,168465.0,36
201000031411,10,8,27,1940,1,2,1,8.0,6.0,36044,M,4679740.0,166759.0,36
201000031412,10,8,28,1550,1,2,1,1.0,4.0,36202,M,4678520.0,165669.0,36
201000031413,10,9,3,1630,1,1,1,1.0,2.0,36202,M,4682660.0,163845.0,36
201000031414,10,9,6,1638,1,2,1,1.0,4.0,36202,M,4678040.0,165256.0,36
201000031415,10,9,8,956,1,2,1,1.0,4.0,36202,M,,,36
201000031416,10,9,9,1711,1,2,1,1.0,1.0,36044,M,4679620.0,171591.0,36
201000031417,10,9,12,2200,5,1,6,1.0,3.0,36063,M,4684230.0,167328.0,36
201000031418,10,9,14,1815,1,2,6,1.0,2.0,36044,M,4679170.0,171204.0,36
201000031419,10,9,20,1230,1,1,1,1.0,2.0,36044,M,4680550.0,171186.0,36
201000031420,10,9,23,750,1,2,1,1.0,6.0,36044,M,4680000.0,169011.0,36
201000031421,10,9,24,1331,1,2,1,1.0,2.0,36044,M,,,36
201000031422,10,9,29,715,2,2,1,1.0,5.0,36159,M,4676580.0,171727.0,36
201000031423,10,9,29,900,1,2,1,2.0,2.0,36044,M,4681000.0,170235.0,36
201000031424,10,10,1,1910,1,2,1,8.0,6.0,36044,M,4679950.0,170449.0,36
201000031425,10,10,5,915,1,2,2,2.0,3.0,36044,M,4681300.0,168871.0,36
201000031426,10,10,6,1937,5,2,1,1.0,3.0,36044,M,4680290.0,171939.0,36
201000031427,10,10,9,1530,1,1,1,1.0,2.0,36202,M,4678420.0,165583.0,36
201000031428,10,10,11,1250,1,2,1,1.0,1.0,36044,M,4680000.0,171282.0,36
201000031429,10,10,13,1600,1,2,1,1.0,6.0,36044,M,4680280.0,170394.0,36
201000031430,10,10,16,1909,5,2,1,2.0,7.0,36044,M,4681850.0,170673.0,36
201000031431,10,10,17,1350,1,2,2,8.0,3.0,36044,M,4680420.0,169172.0,36
201000031432,10,10,20,1230,1,2,6,1.0,2.0,36044,M,4681810.0,169689.0,36
201000031433,10,10,24,855,1,2,1,2.0,7.0,36044,M,4679890.0,169234.0,36
201000031434,10,10,26,810,1,2,3,1.0,3.0,36044,M,4680540.0,172236.0,36
201000031435,10,10,26,1046,1,2,1,1.0,7.0,36044,M,4681170.0,169593.0,36
201000031436,10,10,31,1900,3,1,1,1.0,6.0,36159,M,4678870.0,174710.0,36
201000031437,10,11,5,1650,1,2,1,1.0,2.0,36044,M,4679900.0,169796.0,36
201000031438,10,11,6,2015,3,1,1,1.0,7.0,36202,M,4677140.0,166167.0,36
201000031439,10,11,8,1700,1,2,1,8.0,6.0,36044,M,4682100.0,171893.0,36
201000031440,10,11,9,1035,1,2,1,8.0,3.0,36044,M,4681120.0,168273.0,36
201000031441,10,11,9,1645,1,2,1,8.0,7.0,36044,M,4681510.0,170826.0,36
201000031442,10,11,10,1750,2,2,1,1.0,4.0,36044,M,4678970.0,169126.0,36
201000031443,10,11,10,2055,3,2,1,1.0,7.0,36044,M,4682030.0,169726.0,36
201000031444,10,11,12,1528,1,1,1,8.0,1.0,36159,M,4678700.0,175001.0,36
201000031445,10,11,16,1600,1,2,1,1.0,2.0,36044,M,4681640.0,169687.0,36
201000031446,10,11,19,1004,1,2,1,2.0,7.0,36044,M,4680770.0,169079.0,36
201000031447,10,11,19,1215,1,2,1,1.0,6.0,36044,M,4680540.0,171181.0,36
201000031448,10,11,21,1630,1,2,1,1.0,7.0,36044,M,4680040.0,171020.0,36
201000031449,10,11,25,1630,1,2,1,8.0,2.0,36044,M,4681050.0,170034.0,36
201000031450,10,12,6,700,5,1,1,8.0,2.0,36044,M,4679370.0,171780.0,36
201000031451,10,12,8,1800,5,2,3,2.0,3.0,36044,M,4680200.0,171357.0,36
201000031452,10,12,11,5,5,2,1,1.0,3.0,36044,M,4681790.0,169193.0,36
201000031453,10,12,11,530,4,2,1,1.0,7.0,36044,M,4680860.0,170513.0,36
201000031454,10,12,11,1455,1,1,1,1.0,1.0,36202,M,4677210.0,165563.0,36
201000031455,10,12,12,1117,1,2,9,2.0,7.0,36063,M,4683160.0,171561.0,36
201000031456,10,12,12,1215,1,2,1,1.0,2.0,36202,M,4682000.0,167024.0,36
201000031457,10,12,17,1339,1,2,3,7.0,7.0,36044,M,4680760.0,168076.0,36
201000031458,10,12,19,2120,5,2,1,1.0,7.0,36044,M,4680160.0,168602.0,36
201000031459,10,12,23,1905,3,1,6,2.0,5.0,36063,M,4682040.0,173602.0,36
201000031460,10,12,24,1041,1,1,2,2.0,7.0,36044,M,4678800.0,170369.0,36
201000031461,10,12,29,1822,3,1,1,9.0,7.0,36202,M,4677180.0,165745.0,36
201000031462,10,12,31,1011,1,2,1,2.0,6.0,36044,M,4681980.0,168524.0,36
201000031463,10,12,31,1307,1,2,6,1.0,3.0,36044,M,4682000.0,168451.0,36
201000031464,10,1,7,1250,1,1,1,1.0,6.0,37261,M,4737310.0,66700.0,37
201000031465,10,1,9,1140,1,2,1,9.0,7.0,37214,M,4740640.0,66241.0,37
201000031466,10,1,12,1350,1,2,1,1.0,2.0,37261,M,4739880.0,68497.0,37
201000031467,10,1,13,1715,1,2,6,1.0,3.0,37261,M,4736350.0,67944.0,37
201000031468,10,1,15,800,2,2,1,1.0,3.0,37233,M,4738320.0,72696.0,37
201000031469,10,1,15,500,5,2,1,1.0,7.0,37261,M,4741740.0,68770.0,37
201000031470,10,1,18,1600,1,2,1,1.0,2.0,37261,M,4739120.0,68714.0,37
201000031471,10,1,18,1825,5,2,1,1.0,7.0,37261,M,4739120.0,68575.0,37
201000031472,10,1,19,1730,1,2,1,1.0,6.0,37261,M,4743390.0,68554.0,37
201000031473,10,1,7,1540,1,2,1,1.0,3.0,37261,M,4740650.0,68170.0,37
201000031474,10,1,18,717,2,2,3,1.0,3.0,37261,M,4736910.0,71266.0,37
201000031475,10,3,8,1044,1,2,3,1.0,2.0,37261,M,4737410.0,70277.0,37
201000031476,10,7,9,1515,1,2,1,1.0,6.0,37261,M,4739130.0,69662.0,37
201000031477,10,1,10,1840,2,2,6,2.0,6.0,37261,M,4738170.0,70647.0,37
201000031478,10,1,22,1618,1,2,1,1.0,6.0,37261,M,4737810.0,70138.0,37
201000031479,10,1,29,1853,2,2,1,2.0,6.0,37261,M,4738740.0,69808.0,37
201000031480,10,1,29,1504,1,2,1,1.0,6.0,37195,M,4739240.0,67160.0,37
201000031481,10,1,29,1303,1,2,6,1.0,2.0,37261,M,4738100.0,70621.0,37
201000031482,10,1,16,2040,2,2,1,1.0,4.0,37261,M,4740670.0,68169.0,37
201000031483,10,1,5,1800,2,2,1,1.0,1.0,37214,M,4740510.0,64620.0,37
201000031484,10,1,11,1459,1,2,1,1.0,2.0,37261,M,4737260.0,68772.0,37
201000031485,10,1,12,814,2,2,2,1.0,3.0,37261,M,4741680.0,70049.0,37
201000031486,10,1,18,812,2,2,3,1.0,3.0,37261,M,4739170.0,68132.0,37
201000031487,10,1,8,1520,1,2,1,1.0,6.0,37261,M,4739330.0,68310.0,37
201000031488,10,2,14,2040,5,2,2,8.0,3.0,37233,M,4738710.0,71048.0,37
201000031489,10,1,5,915,1,2,3,8.0,2.0,37261,M,4736730.0,65835.0,37
201000031490,10,2,19,1315,1,2,1,1.0,7.0,37261,M,4739570.0,68645.0,37
201000031491,10,2,19,1405,1,2,9,1.0,3.0,37261,M,4742370.0,69111.0,37
201000031492,10,1,8,1805,2,2,1,1.0,6.0,37261,M,4736780.0,70579.0,37
201000031493,10,1,16,1118,1,2,1,1.0,6.0,37261,M,4739360.0,68486.0,37
201000031494,10,1,29,753,2,2,1,1.0,6.0,37261,M,4738640.0,68039.0,37
201000031495,10,1,15,2045,5,2,3,1.0,3.0,37261,M,4739400.0,68512.0,37
201000031496,10,2,1,2100,5,2,6,1.0,7.0,37261,M,4737910.0,66785.0,37
201000031497,10,2,2,2105,5,2,6,2.0,7.0,37261,M,4737960.0,69301.0,37
201000031498,10,2,7,2145,5,2,2,1.0,1.0,37122,M,4734880.0,66516.0,37
201000031499,10,3,6,2210,5,2,1,8.0,6.0,37122,M,4735990.0,67007.0,37
201000031500,10,3,31,2107,5,2,3,1.0,3.0,37261,M,4739490.0,72144.0,37
201000031501,10,3,31,2155,2,2,2,1.0,1.0,37122,M,4739020.0,68863.0,37
201000031502,10,4,3,2045,3,2,1,2.0,6.0,37195,M,4737300.0,65339.0,37
201000031503,10,1,19,1730,2,2,1,1.0,6.0,37261,M,4737970.0,67120.0,37
201000031504,10,2,5,1705,1,2,6,1.0,3.0,37122,M,4736100.0,64422.0,37
201000031505,10,2,5,1830,5,2,1,1.0,3.0,37261,M,4741000.0,68932.0,37
201000031506,10,2,6,1430,1,2,1,1.0,6.0,37261,M,4738170.0,69240.0,37
201000031507,10,1,30,1905,1,2,1,1.0,6.0,37261,M,4736690.0,70802.0,37
201000031508,10,2,11,1450,1,2,6,1.0,7.0,37261,M,4741500.0,70158.0,37
201000031509,10,2,12,2035,3,1,1,1.0,7.0,37122,M,4734090.0,65541.0,37
201000031510,10,2,13,955,1,2,1,1.0,2.0,37261,M,4741080.0,68322.0,37
201000031511,10,2,17,1300,1,2,1,2.0,2.0,37122,M,4733350.0,66441.0,37
201000031512,10,2,17,1340,1,1,1,2.0,7.0,37122,M,,,37
201000031513,10,2,19,1115,1,2,1,1.0,7.0,37214,M,4739530.0,65495.0,37
201000031514,10,2,23,1725,1,2,3,1.0,3.0,37261,M,4740640.0,68633.0,37
201000031515,10,2,20,1115,1,2,1,2.0,7.0,37261,M,4742050.0,69452.0,37
201000031516,10,3,1,1740,1,2,1,2.0,2.0,37122,M,4734830.0,66112.0,37
201000031517,10,3,2,1455,1,2,1,1.0,2.0,37261,M,4738230.0,67698.0,37
201000031518,10,3,2,1740,1,2,2,1.0,3.0,37261,M,0.0,0.0,37
201000031519,10,3,3,1205,1,2,1,1.0,4.0,37261,M,4740420.0,68292.0,37
201000031520,10,3,9,1215,1,2,1,1.0,5.0,37261,M,4739130.0,69649.0,37
201000031521,10,12,30,621,5,2,1,1.0,3.0,37208,M,4734850.0,74209.0,37
201000031522,10,12,22,1840,5,2,1,3.0,6.0,37261,M,4736870.0,71214.0,37
201000031523,10,12,28,1339,1,2,2,8.0,3.0,37261,M,4738370.0,67218.0,37
201000031524,10,12,29,1625,2,2,1,1.0,6.0,37261,M,4738780.0,68963.0,37
201000031525,10,1,7,1150,1,2,1,1.0,6.0,37261,M,4739170.0,68132.0,37
201000031526,10,1,22,932,1,2,1,1.0,1.0,37208,M,4735110.0,75986.0,37
201000031527,10,2,2,1515,1,2,2,1.0,3.0,37261,M,4740930.0,68381.0,37
201000031528,10,2,8,1751,1,2,1,1.0,3.0,37233,M,4739600.0,72488.0,37
201000031529,10,2,3,1047,1,2,1,1.0,2.0,37261,M,4737440.0,70504.0,37
201000031530,10,2,3,725,3,2,1,1.0,6.0,37208,M,4736890.0,74402.0,37
201000031531,10,2,15,840,1,2,1,2.0,6.0,37261,M,4737010.0,67668.0,37
201000031532,10,3,10,1305,1,2,1,1.0,7.0,37261,M,,,37
201000031533,10,3,9,1345,1,2,1,1.0,2.0,37261,M,4743340.0,68829.0,37
201000031534,10,2,8,1840,2,2,1,1.0,6.0,37261,M,4742630.0,70629.0,37
201000031535,10,3,12,850,1,2,1,1.0,2.0,37261,M,4737440.0,70520.0,37
201000031536,10,3,10,1622,1,2,2,1.0,3.0,37261,M,4738240.0,67849.0,37
201000031537,10,3,18,750,1,2,1,1.0,3.0,37261,M,4736740.0,67576.0,37
201000031538,10,3,15,1734,1,1,1,8.0,2.0,37122,M,4736240.0,62275.0,37
201000031539,10,3,27,1350,1,2,1,1.0,1.0,37214,M,4742260.0,66275.0,37
201000031540,10,1,19,812,2,2,1,1.0,2.0,37261,M,4743400.0,68968.0,37
201000031541,10,1,25,652,2,2,1,1.0,3.0,37261,M,,,37
201000031542,10,3,8,840,1,2,1,1.0,2.0,37122,M,4734370.0,66338.0,37
201000031543,10,3,16,1225,1,2,1,1.0,5.0,37261,M,4740690.0,68182.0,37
201000031544,10,3,26,1345,1,2,1,2.0,1.0,37233,M,,,37
201000031545,10,3,26,1345,1,2,1,2.0,6.0,37122,M,4735950.0,69743.0,37
201000031546,10,3,26,1655,1,2,1,1.0,6.0,37122,M,4735050.0,65893.0,37
201000031547,10,3,31,1950,1,2,2,1.0,3.0,37261,M,4739190.0,68561.0,37
201000031548,10,4,12,1300,1,2,3,1.0,3.0,37261,M,4742650.0,68825.0,37
201000031549,10,4,12,1700,1,2,1,1.0,3.0,37261,M,4737720.0,70344.0,37
201000031550,10,4,13,1755,1,2,1,1.0,2.0,37122,M,4735450.0,67681.0,37
201000031551,10,4,20,840,1,2,1,1.0,2.0,37261,M,4743490.0,69182.0,37
201000031552,10,4,20,1020,1,1,1,1.0,6.0,37261,M,4739840.0,67070.0,37
201000031553,10,3,3,850,1,2,1,1.0,7.0,37261,M,4739190.0,68804.0,37
201000031554,10,4,27,640,2,2,2,1.0,3.0,37208,M,,,37
201000031555,10,3,13,1440,1,2,1,1.0,6.0,37261,M,4738910.0,68115.0,37
201000031556,10,5,3,615,2,2,3,1.0,3.0,37233,M,4738590.0,75558.0,37
201000031557,10,5,3,930,1,1,1,1.0,2.0,37214,M,0.0,0.0,37
201000031558,10,5,7,1805,1,2,1,1.0,6.0,37122,M,,,37
201000031559,10,5,26,1600,1,1,1,1.0,6.0,37195,M,4738530.0,62884.0,37
201000031560,10,5,18,1815,1,2,1,1.0,7.0,37261,M,,,37
201000031561,10,5,19,1350,1,2,3,1.0,6.0,37261,M,4738290.0,69139.0,37
201000031562,10,5,19,1735,1,2,1,1.0,3.0,37122,M,,,37
201000031563,10,5,20,740,1,2,2,1.0,6.0,37261,M,4738930.0,70275.0,37
201000031564,10,5,20,820,1,2,2,1.0,3.0,37261,M,4739070.0,69203.0,37
201000031565,10,5,21,815,1,2,3,1.0,7.0,37261,M,4739750.0,69938.0,37
201000031566,10,5,21,1240,1,2,1,1.0,3.0,37261,M,,,37
201000031567,10,5,25,1900,1,2,2,1.0,3.0,37261,M,4742240.0,68351.0,37
201000031568,10,6,7,825,1,2,2,1.0,6.0,37261,M,4738940.0,68288.0,37
201000031569,10,6,8,1100,1,2,3,1.0,3.0,37122,M,4734120.0,66388.0,37
201000031570,10,6,12,1410,1,2,2,1.0,3.0,37208,M,4736850.0,72542.0,37
201000031571,10,6,18,1350,1,2,1,1.0,6.0,37122,M,4737730.0,69083.0,37
201000031572,10,6,20,1010,1,1,1,1.0,6.0,37261,M,4739490.0,67235.0,37
201000031573,10,6,23,1510,1,2,2,1.0,6.0,37261,M,4739640.0,68483.0,37
201000031574,10,1,25,653,2,1,1,1.0,6.0,37261,M,4740980.0,71798.0,37
201000031575,10,2,4,1945,2,2,6,1.0,3.0,37261,M,4737270.0,67778.0,37
201000031576,10,2,6,1243,1,1,1,2.0,6.0,37122,M,4734810.0,64534.0,37
201000031577,10,2,11,746,2,2,1,4.0,6.0,37261,M,4741020.0,68268.0,37
201000031578,10,2,11,813,2,2,1,9.0,1.0,37195,M,4737550.0,60895.0,37
201000031579,10,2,11,905,1,2,1,1.0,6.0,37261,M,4739110.0,68190.0,37
201000031580,10,2,11,931,1,2,1,4.0,4.0,37261,M,,,37
201000031581,10,2,12,611,2,2,1,9.0,6.0,37261,M,4740700.0,68140.0,37
201000031582,10,3,1,543,5,2,1,1.0,2.0,37261,M,4739010.0,68828.0,37
201000031583,10,3,1,1130,1,2,6,1.0,2.0,37233,M,4737810.0,71544.0,37
201000031584,10,3,7,1213,1,2,1,1.0,2.0,37261,M,4737230.0,67791.0,37
201000031585,10,3,11,1705,1,1,1,1.0,6.0,37214,M,4741220.0,67377.0,37
201000031586,10,3,11,1805,1,2,1,1.0,3.0,37261,M,4739170.0,70680.0,37
201000031587,10,3,12,1255,1,2,1,1.0,6.0,37214,M,4740730.0,67994.0,37
201000031588,10,3,17,1750,1,2,1,1.0,6.0,37261,M,,,37
201000031589,10,3,17,2015,1,2,1,1.0,6.0,37261,M,4737350.0,68349.0,37
201000031590,10,3,23,1340,1,2,2,1.0,1.0,37208,M,4736830.0,73338.0,37
201000031591,10,3,25,1050,1,2,1,1.0,7.0,37122,M,,,37
201000031592,10,2,15,1728,1,2,2,1.0,6.0,37261,M,4737970.0,67010.0,37
201000031593,10,2,2,1900,2,1,1,1.0,2.0,37122,M,4734070.0,66273.0,37
201000031594,10,2,3,1808,2,2,1,1.0,6.0,37261,M,4739130.0,69652.0,37
201000031595,10,3,29,1200,1,2,1,1.0,6.0,37261,M,4738370.0,70197.0,37
201000031596,10,2,21,1010,1,1,1,1.0,7.0,37261,M,4737290.0,67094.0,37
201000031597,10,3,22,1945,3,2,1,1.0,7.0,37261,M,4736850.0,73426.0,37
201000031598,10,5,14,1600,1,2,1,1.0,6.0,37261,M,4737510.0,71926.0,37
201000031599,10,3,29,759,1,2,3,8.0,3.0,37233,M,4737900.0,72178.0,37
201000031600,10,3,12,857,1,2,2,1.0,2.0,37261,M,4739020.0,68860.0,37
201000031601,10,4,2,1715,1,2,1,1.0,3.0,37261,M,,,37
201000031602,10,4,15,1905,1,2,1,1.0,1.0,37261,M,4739740.0,69592.0,37
201000031603,10,4,20,1840,1,2,1,1.0,2.0,37261,M,4739740.0,69669.0,37
201000031604,10,4,26,1625,1,2,3,1.0,3.0,37233,M,4738820.0,72663.0,37
201000031605,10,4,26,1908,1,2,1,1.0,4.0,37261,M,4742030.0,69420.0,37
201000031606,10,4,27,1700,1,2,2,1.0,3.0,37208,M,4735680.0,73150.0,37
201000031607,10,5,9,2008,1,2,2,1.0,4.0,37261,M,4737380.0,69511.0,37
201000031608,10,5,15,1701,1,2,2,1.0,3.0,37233,M,,,37
201000031609,10,5,17,1120,1,2,1,1.0,6.0,37261,M,4737730.0,70190.0,37
201000031610,10,5,20,1319,1,2,2,1.0,3.0,37261,M,4739120.0,67348.0,37
201000031611,10,5,26,1348,1,2,1,1.0,2.0,37261,M,4738040.0,69734.0,37
201000031612,10,2,17,1023,1,2,1,1.0,6.0,37122,M,4734990.0,67616.0,37
201000031613,10,2,18,910,1,2,1,1.0,6.0,37214,M,4741370.0,67078.0,37
201000031614,10,2,24,1005,1,2,1,1.0,6.0,37261,M,4737740.0,67766.0,37
201000031615,10,1,2,1750,5,2,2,1.0,6.0,37261,M,4738450.0,69066.0,37
201000031616,10,4,11,210,3,1,3,1.0,7.0,37122,M,4731510.0,65713.0,37
201000031617,10,4,30,2105,2,2,3,1.0,3.0,37195,M,4738990.0,66291.0,37
201000031618,10,5,6,2120,5,2,6,8.0,7.0,37261,M,4737380.0,69511.0,37
201000031619,10,5,9,140,5,2,3,1.0,4.0,37122,M,4736140.0,67247.0,37
201000031620,10,5,22,2150,5,2,3,1.0,2.0,37261,M,4739710.0,69287.0,37
201000031621,10,6,6,2320,5,2,1,1.0,6.0,37261,M,4737650.0,67931.0,37
201000031622,10,6,9,2125,2,2,2,1.0,3.0,37261,M,4739080.0,69216.0,37
201000031623,10,6,11,415,5,2,2,8.0,3.0,37261,M,4737980.0,67985.0,37
201000031624,10,6,14,2325,5,2,6,1.0,7.0,37261,M,4737380.0,69524.0,37
201000031625,10,6,15,2150,2,2,1,8.0,7.0,37261,M,4739710.0,69939.0,37
201000031626,10,7,1,2230,5,2,1,1.0,7.0,37122,M,4734730.0,66284.0,37
201000031627,10,7,13,205,5,2,2,1.0,3.0,37261,M,4739240.0,67715.0,37
201000031628,10,7,13,2315,5,2,1,1.0,1.0,37261,M,4740480.0,69544.0,37
201000031629,10,7,21,50,5,2,1,1.0,7.0,37261,M,,,37
201000031630,10,7,29,330,3,2,1,1.0,6.0,37233,M,4738100.0,74034.0,37
201000031631,10,3,19,800,1,2,1,1.0,5.0,37122,M,4735150.0,68379.0,37
201000031632,10,3,12,1545,1,2,1,1.0,6.0,37261,M,,,37
201000031633,10,3,19,1515,1,2,1,1.0,6.0,37261,M,4738710.0,69803.0,37
201000031634,10,3,26,1135,1,1,3,1.0,2.0,37122,M,4733040.0,66401.0,37
201000031635,10,3,20,1228,1,2,1,2.0,7.0,37214,M,4743100.0,67032.0,37
201000031636,10,3,23,1345,1,2,2,1.0,6.0,37208,M,4736450.0,71857.0,37
201000031637,10,3,25,1100,1,2,1,1.0,2.0,37261,M,,,37
201000031638,10,3,30,1710,1,2,1,1.0,3.0,37208,M,,,37
201000031639,10,3,30,1335,1,2,1,1.0,3.0,37261,M,4737350.0,68503.0,37
201000031640,10,3,30,1642,1,2,2,1.0,5.0,37208,M,4736130.0,72050.0,37
201000031641,10,3,31,725,1,2,1,1.0,6.0,37261,M,4742660.0,69669.0,37
201000031642,10,4,17,1753,1,2,1,1.0,3.0,37261,M,4736550.0,67837.0,37
201000031643,10,3,31,855,1,1,6,1.0,3.0,37261,M,,,37
201000031644,10,3,26,1210,1,2,1,1.0,6.0,37261,M,4736050.0,70511.0,37
201000031645,10,4,17,2005,1,2,1,1.0,6.0,37122,M,4734650.0,65376.0,37
201000031646,10,3,30,1730,1,2,1,1.0,7.0,37261,M,,,37