Num_Acc,an,mois,jour,hrmn,lum,agg,int,atm,col,com,gps,lat,long,dep
201000031647,10,5,17,1400,1,2,3,1.0,1.0,37261,M,,,37
201000031648,10,3,9,1450,1,1,1,1.0,6.0,37122,M,4735560.0,66126.0,37
201000031649,10,4,19,1239,1,2,2,1.0,3.0,37233,M,4738740.0,72282.0,37
201000031650,10,4,13,831,1,2,1,1.0,4.0,37261,M,4740550.0,70284.0,37
201000031651,10,4,1,908,1,2,1,1.0,6.0,37261,M,4739230.0,69135.0,37
201000031652,10,4,5,1710,1,2,1,1.0,7.0,37261,M,4741200.0,70699.0,37
201000031653,10,4,5,2038,1,2,6,1.0,7.0,37261,M,4738290.0,69625.0,37
201000031654,10,4,12,1054,1,2,1,1.0,3.0,37122,M,4735880.0,65125.0,37
201000031655,10,4,23,1740,1,1,2,1.0,7.0,37233,M,4738120.0,76160.0,37
201000031656,10,4,23,1506,1,2,1,1.0,7.0,37208,M,4735570.0,72493.0,37
201000031657,10,4,24,1126,1,2,2,1.0,3.0,37214,M,,,37
201000031658,10,4,23,1820,1,2,1,1.0,1.0,37233,M,4739870.0,74162.0,37
201000031659,10,4,24,755,1,1,1,1.0,7.0,37233,M,4737970.0,72416.0,37
201000031660,10,4,28,1700,1,2,1,1.0,6.0,37261,M,4739470.0,68686.0,37
201000031661,10,4,30,1250,1,2,1,1.0,6.0,37261,M,4739590.0,68625.0,37
201000031662,10,5,4,1642,1,2,1,1.0,6.0,37261,M,0.0,0.0,37
201000031663,10,5,5,1654,1,2,2,1.0,3.0,37233,M,4738980.0,72252.0,37
201000031664,10,5,7,810,1,2,1,1.0,2.0,37122,M,4737090.0,67725.0,37
201000031665,10,5,11,1450,1,2,1,1.0,2.0,37261,M,4739750.0,69630.0,37
201000031666,10,5,17,1330,1,2,3,1.0,2.0,37261,M,,,37
201000031667,10,2,2,740,5,2,2,1.0,6.0,37122,M,4735130.0,68166.0,37
201000031668,10,1,30,2045,5,2,2,1.0,3.0,37261,M,,,37
201000031669,10,5,18,1125,1,2,1,1.0,3.0,37195,M,4738150.0,63852.0,37
201000031670,10,5,19,1005,1,2,6,1.0,3.0,37195,M,4738820.0,65847.0,37
201000031671,10,5,22,1832,1,2,1,1.0,4.0,37261,M,4742270.0,68619.0,37
201000031672,10,5,22,1700,1,2,1,1.0,6.0,37261,M,4739040.0,69326.0,37
201000031673,10,5,25,1120,1,2,2,1.0,3.0,37233,M,4739280.0,72926.0,37
201000031674,10,5,25,825,1,2,2,1.0,6.0,37261,M,4741220.0,70276.0,37
201000031675,10,5,31,1218,1,2,1,1.0,2.0,37214,M,,,37
201000031676,10,6,3,1930,1,2,1,1.0,2.0,37233,M,4738980.0,72375.0,37
201000031677,10,6,5,905,1,2,2,1.0,3.0,37261,M,4739010.0,67876.0,37
201000031678,10,6,9,1735,1,2,7,1.0,1.0,37261,M,4740990.0,68557.0,37
201000031679,10,6,10,1656,1,2,1,1.0,2.0,37214,M,4741210.0,67414.0,37
201000031680,10,6,10,1745,1,1,1,3.0,6.0,37122,M,4734070.0,66294.0,37
201000031681,10,6,10,1854,1,2,1,3.0,3.0,37261,M,4741940.0,70445.0,37
201000031682,10,6,10,1725,1,2,2,1.0,3.0,37261,M,4738620.0,67658.0,37
201000031683,10,6,10,1712,1,2,1,1.0,4.0,37261,M,4737310.0,68746.0,37
201000031684,10,6,17,826,1,2,1,2.0,4.0,37261,M,4741990.0,70444.0,37
201000031685,10,6,18,925,1,2,1,1.0,2.0,37261,M,4741480.0,68796.0,37
201000031686,10,5,10,1245,1,2,2,1.0,3.0,37122,M,,,37
201000031687,10,4,6,2130,2,2,1,1.0,6.0,37122,M,,,37
201000031688,10,5,28,1135,1,2,1,1.0,7.0,37261,M,4737990.0,67524.0,37
201000031689,10,6,1,1945,1,2,1,2.0,7.0,37261,M,4737800.0,69346.0,37
201000031690,10,6,1,1845,1,1,1,2.0,6.0,37122,M,4733600.0,67046.0,37
201000031691,10,6,14,1710,1,1,2,1.0,3.0,37261,M,4738610.0,67658.0,37
201000031692,10,6,10,835,1,1,1,2.0,4.0,37214,M,4739200.0,64754.0,37
201000031693,10,6,10,927,1,2,2,1.0,3.0,37214,M,4742150.0,65015.0,37
201000031694,10,6,19,1325,1,2,6,2.0,7.0,37261,M,4740900.0,70324.0,37
201000031695,10,6,19,1850,1,2,1,1.0,6.0,37261,M,,,37
201000031696,10,6,25,1935,1,2,1,1.0,4.0,37261,M,4740970.0,68033.0,37
201000031697,10,7,19,1805,1,2,1,1.0,6.0,37261,M,4738830.0,68943.0,37
201000031698,10,7,4,1112,1,2,1,1.0,2.0,37261,M,4739500.0,67311.0,37
201000031699,10,7,8,1740,1,2,1,1.0,2.0,37261,M,4737380.0,67850.0,37
201000031700,10,7,20,1625,1,2,1,1.0,1.0,37261,M,4738470.0,69081.0,37
201000031701,10,7,22,1020,1,2,1,1.0,6.0,37261,M,4738760.0,68970.0,37
201000031702,10,8,3,753,1,2,3,1.0,3.0,37208,M,4735700.0,71762.0,37
201000031703,10,7,28,826,1,2,2,1.0,5.0,37261,M,4738810.0,68752.0,37
201000031704,10,7,31,1857,1,2,1,1.0,2.0,37261,M,4739490.0,67196.0,37
201000031705,10,8,3,1034,1,2,1,1.0,4.0,37261,M,4737430.0,70455.0,37
201000031706,10,7,31,1515,1,2,2,1.0,3.0,37214,M,4740840.0,65408.0,37
201000031707,10,8,19,1420,1,1,1,1.0,6.0,37261,M,4736660.0,65513.0,37
201000031708,10,8,3,945,1,2,1,1.0,6.0,37122,M,4734930.0,66331.0,37
201000031709,10,8,3,1128,1,2,1,1.0,7.0,37208,M,,,37
201000031710,10,8,18,1420,1,2,1,1.0,2.0,37261,M,,,37
201000031711,10,8,7,1821,1,2,3,1.0,3.0,37261,M,4738180.0,68119.0,37
201000031712,10,8,18,1507,1,2,1,1.0,7.0,37261,M,4739470.0,69412.0,37
201000031713,10,8,31,1402,1,2,3,1.0,3.0,37233,M,4738490.0,73652.0,37
201000031714,10,2,8,2030,3,1,1,1.0,6.0,37122,M,4734050.0,66433.0,37
201000031715,10,4,3,1145,1,2,1,1.0,7.0,37261,M,4739450.0,66917.0,37
201000031716,10,4,3,245,5,2,1,1.0,6.0,37261,M,4740550.0,69707.0,37
201000031717,10,4,17,1730,1,2,1,1.0,7.0,37261,M,4736250.0,68933.0,37
201000031718,10,4,20,1845,1,2,6,1.0,6.0,37122,M,4734650.0,64751.0,37
201000031719,10,4,21,750,1,2,1,1.0,6.0,37261,M,4739090.0,69318.0,37
201000031720,10,4,24,1625,1,2,1,1.0,7.0,37261,M,4741490.0,68822.0,37
201000031721,10,4,27,1709,1,2,1,1.0,7.0,37261,M,,,37
201000031722,10,4,27,1650,1,2,1,1.0,3.0,37195,M,4738420.0,65171.0,37
201000031723,10,4,28,1712,1,2,1,1.0,6.0,37233,M,4739360.0,74901.0,37
201000031724,10,4,30,1655,1,2,1,1.0,7.0,37261,M,4742160.0,69735.0,37
201000031725,10,5,5,1145,1,2,1,1.0,7.0,37261,M,4738510.0,70039.0,37
201000031726,10,5,11,1605,1,2,1,1.0,6.0,37261,M,4739190.0,67014.0,37
201000031727,10,5,13,1610,1,2,1,1.0,6.0,37195,M,4737620.0,59828.0,37
201000031728,10,6,24,1800,1,2,1,1.0,2.0,37214,M,,,37
201000031729,10,6,26,500,5,2,1,1.0,6.0,37122,M,4735080.0,67873.0,37
201000031730,10,6,26,945,1,2,1,1.0,5.0,37208,M,4736900.0,71682.0,37
201000031731,10,6,26,1030,1,1,1,1.0,3.0,37261,M,4739150.0,69821.0,37
201000031732,10,6,29,1425,1,2,2,1.0,6.0,37261,M,4739480.0,69396.0,37
201000031733,10,6,29,1820,1,2,1,1.0,6.0,37261,M,4742230.0,68338.0,37
201000031734,10,6,29,1945,1,2,2,1.0,3.0,37214,M,,,37
201000031735,10,6,30,1430,1,2,1,1.0,2.0,37261,M,4739630.0,68624.0,37
201000031736,10,7,1,800,1,2,1,1.0,2.0,37214,M,4739760.0,66737.0,37
201000031737,10,7,5,1810,1,2,1,1.0,6.0,37261,M,4737970.0,69379.0,37
201000031738,10,7,5,1910,1,1,1,1.0,1.0,37122,M,4736730.0,65829.0,37
201000031739,10,7,6,1735,1,2,1,1.0,7.0,37195,M,4738360.0,65394.0,37
201000031740,10,7,7,740,1,2,1,1.0,7.0,37261,M,4740070.0,68214.0,37
201000031741,10,7,12,1810,1,2,2,1.0,3.0,37261,M,4737750.0,70522.0,37
201000031742,10,7,12,1925,1,2,2,1.0,3.0,37208,M,4736420.0,73329.0,37
201000031743,10,7,23,1905,1,1,6,1.0,7.0,37261,M,4736990.0,68629.0,37
201000031744,10,7,26,1145,1,2,1,1.0,3.0,37122,M,,,37
201000031745,10,7,29,1455,1,2,6,1.0,7.0,37261,M,4742990.0,67893.0,37
201000031746,10,2,10,2150,5,2,1,8.0,7.0,37261,M,4738800.0,69365.0,37
201000031747,10,6,21,1700,1,2,1,1.0,6.0,37261,M,,,37
201000031748,10,6,18,1130,1,2,1,1.0,3.0,37261,M,4736970.0,67659.0,37
201000031749,10,6,27,1650,1,2,6,1.0,3.0,37195,M,4738900.0,66038.0,37
201000031750,10,6,28,1833,1,2,1,1.0,3.0,37261,M,4740240.0,69436.0,37
201000031751,10,6,28,1700,1,2,3,1.0,3.0,37261,M,,,37
201000031752,10,6,29,650,1,2,1,1.0,3.0,37233,M,4738670.0,72312.0,37
201000031753,10,7,4,2000,1,2,1,1.0,6.0,37261,M,4742220.0,69618.0,37
201000031754,10,7,9,1645,1,2,1,1.0,4.0,37214,M,4741960.0,66292.0,37
201000031755,10,7,15,1738,1,2,1,1.0,2.0,37261,M,4738100.0,68556.0,37
201000031756,10,7,9,1415,1,1,2,1.0,3.0,37195,M,4737600.0,65133.0,37
201000031757,10,7,22,1432,1,2,1,1.0,7.0,37214,M,,,37
201000031758,10,7,23,815,1,2,2,1.0,3.0,37261,M,,,37
201000031759,10,7,27,1355,1,2,3,1.0,3.0,37261,M,4739950.0,67501.0,37
201000031760,10,7,28,1735,1,1,1,1.0,3.0,37122,M,4734190.0,64801.0,37
201000031761,10,8,11,1010,1,2,1,1.0,2.0,37261,M,4738300.0,70340.0,37
201000031762,10,8,8,1310,1,2,6,1.0,3.0,37261,M,4743010.0,70476.0,37
201000031763,10,7,13,1805,1,2,1,1.0,1.0,37122,M,4735210.0,66290.0,37
201000031764,10,7,30,112,3,2,1,1.0,6.0,37261,M,4739510.0,67413.0,37
201000031765,10,7,30,2030,1,2,1,1.0,6.0,37122,M,4734590.0,65611.0,37
201000031766,10,8,3,2335,3,2,2,1.0,2.0,37261,M,4738550.0,67264.0,37
201000031767,10,8,7,440,5,2,1,1.0,7.0,37261,M,,,37
201000031768,10,8,8,300,5,2,6,1.0,7.0,37261,M,4739730.0,70364.0,37
201000031769,10,8,8,2205,5,2,1,1.0,3.0,37261,M,4738070.0,69247.0,37
201000031770,10,8,13,2100,2,2,9,1.0,7.0,37261,M,4736860.0,69841.0,37
201000031771,10,8,14,2100,5,2,1,2.0,7.0,37261,M,4742070.0,67346.0,37
201000031772,10,8,19,2115,5,2,3,1.0,7.0,37261,M,4738080.0,70052.0,37
201000031773,10,9,6,2250,5,2,2,8.0,3.0,37261,M,4739220.0,70031.0,37
201000031774,10,9,7,548,5,2,1,3.0,6.0,37261,M,,,37
201000031775,10,9,30,1906,2,2,1,1.0,2.0,37261,M,4737010.0,68642.0,37
201000031776,10,9,23,2255,5,2,1,2.0,6.0,37261,M,4737960.0,69238.0,37
201000031777,10,10,1,2310,5,2,2,2.0,3.0,37261,M,,,37
201000031778,10,5,28,1334,1,2,1,1.0,3.0,37261,M,4742480.0,69815.0,37
201000031779,10,5,21,2117,2,2,1,1.0,6.0,37208,M,4736130.0,72886.0,37
201000031780,10,5,31,19,5,2,1,1.0,6.0,37261,M,4738920.0,68083.0,37
201000031781,10,7,7,1055,1,2,1,7.0,2.0,37261,M,4736360.0,69951.0,37
201000031782,10,6,1,1845,1,2,1,1.0,1.0,37261,M,,,37
201000031783,10,6,5,1850,1,2,1,1.0,6.0,37261,M,,,37
201000031784,10,6,10,940,1,1,1,9.0,7.0,37122,M,4734940.0,64573.0,37
201000031785,10,6,15,1939,1,2,1,1.0,6.0,37214,M,4740110.0,67622.0,37
201000031786,10,6,18,1247,1,2,1,1.0,6.0,37261,M,,,37
201000031787,10,7,1,1735,1,2,1,1.0,3.0,37195,M,4738660.0,65198.0,37
201000031788,10,6,28,1223,1,2,1,1.0,2.0,37261,M,4737940.0,69276.0,37
201000031789,10,7,30,1345,1,2,2,1.0,3.0,37208,M,4736830.0,72564.0,37
201000031790,10,8,4,1500,1,2,1,8.0,6.0,37233,M,,,37
201000031791,10,9,3,1745,1,1,2,1.0,3.0,37122,M,4735210.0,63844.0,37
201000031792,10,8,5,1215,1,2,1,1.0,3.0,37261,M,,,37
201000031793,10,8,5,1710,1,1,1,1.0,3.0,37233,M,,,37
201000031794,10,8,10,1510,1,2,2,1.0,3.0,37261,M,4742180.0,67943.0,37
201000031795,10,8,12,510,3,1,1,1.0,6.0,37122,M,4736730.0,65373.0,37
201000031796,10,8,13,545,3,2,3,1.0,6.0,37261,M,,,37
201000031797,10,8,16,1515,1,2,1,1.0,3.0,37261,M,4738840.0,69045.0,37
201000031798,10,8,16,1715,1,1,1,1.0,6.0,37195,M,,,37
201000031799,10,8,24,1205,1,2,1,1.0,7.0,37261,M,4739400.0,70335.0,37
201000031800,10,8,30,705,2,1,2,1.0,3.0,37122,M,,,37
201000031801,10,9,3,1905,1,2,1,1.0,2.0,37233,M,,,37
201000031802,10,9,3,1830,1,2,1,1.0,2.0,37261,M,4739610.0,68190.0,37
201000031803,10,9,3,1925,1,2,1,1.0,1.0,37261,M,4738660.0,66724.0,37
201000031804,10,7,1,1837,1,2,1,1.0,7.0,37261,M,,,37
201000031805,10,7,2,1304,1,2,1,1.0,3.0,37214,M,4741880.0,67393.0,37
201000031806,10,7,9,907,1,2,1,1.0,6.0,37208,M,,,37
201000031807,10,7,10,2011,1,2,1,1.0,3.0,37261,M,,,37
201000031808,10,7,26,1155,1,2,9,1.0,6.0,37122,M,4735090.0,65076.0,37
201000031809,10,2,20,2055,5,2,3,1.0,1.0,37261,M,4739690.0,68765.0,37
201000031810,10,2,24,1840,5,2,1,2.0,6.0,37261,M,4739050.0,69119.0,37
201000031811,10,8,20,1730,1,2,2,1.0,3.0,37261,M,,,37
201000031812,10,8,2,1540,1,2,1,1.0,6.0,37261,M,4737390.0,69741.0,37
201000031813,10,9,3,740,1,2,2,1.0,3.0,37261,M,4739640.0,69314.0,37
201000031814,10,8,3,1735,1,2,1,1.0,2.0,37050,M,,,37
201000031815,10,8,17,825,1,2,1,1.0,6.0,37261,M,4737650.0,71295.0,37
201000031816,10,8,5,1130,1,2,1,1.0,6.0,37261,M,4739140.0,68818.0,37
201000031817,10,8,27,1405,1,2,1,1.0,6.0,37122,M,4735430.0,69906.0,37
201000031818,10,9,3,855,1,2,1,1.0,2.0,37261,M,4736390.0,68213.0,37
201000031819,10,8,27,1420,1,1,1,8.0,6.0,37261,M,,,37
201000031820,10,8,28,930,1,2,1,1.0,6.0,37261,M,4738490.0,70359.0,37
201000031821,10,9,4,1655,1,2,1,1.0,6.0,37261,M,4738620.0,69024.0,37
201000031822,10,9,7,1940,1,2,2,1.0,3.0,37208,M,4735650.0,71554.0,37
201000031823,10,9,16,930,1,2,1,1.0,2.0,37261,M,4738970.0,68568.0,37
201000031824,10,9,16,1205,1,1,3,1.0,2.0,37261,M,,,37
201000031825,10,9,22,750,1,2,1,1.0,3.0,37261,M,,,37
201000031826,10,9,21,830,1,2,1,1.0,6.0,37261,M,4736390.0,67752.0,37
201000031827,10,2,20,1315,1,2,2,1.0,3.0,37261,M,4736460.0,70869.0,37
201000031828,10,1,21,1658,1,2,1,1.0,1.0,37214,M,0.0,0.0,37
201000031829,10,1,17,1025,1,2,2,1.0,3.0,37261,M,4739070.0,69019.0,37
201000031830,10,2,1,1715,1,2,1,1.0,3.0,37195,M,4739030.0,66441.0,37
201000031831,10,9,6,750,1,2,1,2.0,7.0,37208,M,4736770.0,72618.0,37
201000031832,10,9,6,750,2,1,1,2.0,7.0,37261,M,,,37
201000031833,10,9,6,905,1,2,1,1.0,1.0,37261,M,4737840.0,67056.0,37
201000031834,10,9,9,1300,1,2,1,1.0,7.0,37261,M,,,37
201000031835,10,9,12,615,5,1,1,1.0,7.0,37208,M,,,37
201000031836,10,9,15,1300,1,2,1,2.0,2.0,37261,M,4737220.0,67792.0,37
201000031837,10,9,15,1700,1,2,1,2.0,3.0,37261,M,4736790.0,69977.0,37
201000031838,10,9,16,2025,5,2,1,1.0,3.0,37261,M,4740080.0,68201.0,37
201000031839,10,9,21,1500,1,2,1,1.0,7.0,37261,M,0.0,0.0,37
201000031840,10,9,21,1730,1,2,1,1.0,6.0,37261,M,,,37
201000031841,10,9,22,1825,2,2,1,1.0,6.0,37261,M,4739610.0,68225.0,37
201000031842,10,9,23,750,1,2,2,1.0,3.0,37261,M,4737400.0,68655.0,37
201000031843,10,9,24,1250,1,2,1,1.0,2.0,37261,M,4739740.0,70206.0,37
201000031844,10,9,28,1600,1,1,1,1.0,2.0,37261,M,,,37
201000031845,10,9,28,1900,1,2,2,1.0,3.0,37261,M,,,37
201000031846,10,9,30,935,1,2,1,2.0,2.0,37261,M,4738980.0,69475.0,37
201000031847,10,10,3,1515,1,2,1,1.0,6.0,37261,M,4742710.0,70474.0,37
201000031848,10,10,4,1715,1,2,1,1.0,5.0,37261,M,4737480.0,69483.0,37
201000031849,10,10,4,2040,5,2,3,2.0,6.0,37261,M,4738270.0,67694.0,37
201000031850,10,8,24,1353,1,2,6,1.0,3.0,37261,M,4739480.0,70431.0,37
201000031851,10,8,24,1625,1,2,2,1.0,3.0,37261,M,4738890.0,67930.0,37
201000031852,10,8,30,1930,1,2,2,1.0,3.0,37122,M,4735200.0,68653.0,37
201000031853,10,9,5,1530,1,2,1,1.0,3.0,37261,M,,,37
201000031854,10,9,1,1050,1,2,1,1.0,3.0,37261,M,4739920.0,70009.0,37
201000031855,10,9,7,1215,1,2,1,1.0,1.0,37261,M,4742230.0,70564.0,37
201000031856,10,9,7,1100,1,2,3,1.0,3.0,37261,M,4737980.0,67845.0,37
201000031857,10,10,18,1745,1,2,1,1.0,4.0,37261,M,,,37
201000031858,10,10,23,2000,3,2,6,1.0,7.0,37261,M,4736410.0,68405.0,37
201000031859,10,10,23,1850,4,2,1,2.0,6.0,37261,M,4741240.0,69610.0,37
201000031860,10,9,30,1607,1,2,1,1.0,3.0,37261,M,4742160.0,68558.0,37
201000031861,10,10,5,1321,1,2,2,2.0,6.0,37122,M,4735780.0,64892.0,37
201000031862,10,10,6,1552,1,2,5,1.0,6.0,37261,M,4741200.0,68485.0,37
201000031863,10,10,26,720,5,2,2,1.0,3.0,37261,M,4738930.0,70257.0,37
201000031864,10,10,20,505,3,1,3,1.0,3.0,37233,M,4738100.0,74435.0,37
201000031865,10,11,4,1735,1,2,1,1.0,2.0,37208,M,4736450.0,70805.0,37
201000031866,10,10,12,1840,1,2,6,1.0,6.0,37261,M,,,37
201000031867,10,11,6,958,1,2,3,1.0,3.0,37261,M,4740930.0,68980.0,37
201000031868,10,11,12,746,1,2,6,1.0,3.0,37261,M,4743020.0,70464.0,37
201000031869,10,7,29,2020,1,2,2,1.0,6.0,37233,M,,,37
201000031870,10,7,31,852,1,2,6,1.0,6.0,37261,M,4743020.0,70464.0,37
201000031871,10,8,12,1739,1,2,1,1.0,6.0,37261,M,,,37
201000031872,10,8,13,545,2,2,1,1.0,7.0,37214,M,4741880.0,66528.0,37
201000031873,10,3,5,420,5,2,1,1.0,6.0,37261,M,4737860.0,69306.0,37
201000031874,10,9,28,830,1,2,1,1.0,4.0,37261,M,,,37
201000031875,10,10,3,1020,1,2,6,1.0,3.0,37261,M,4739480.0,70427.0,37
201000031876,10,10,4,745,1,2,2,1.0,1.0,37233,M,4738710.0,71064.0,37
201000031877,10,10,4,2102,1,1,1,1.0,6.0,37122,M,,,37
201000031878,10,10,7,1945,2,2,1,1.0,3.0,37208,M,4737080.0,71769.0,37
201000031879,10,10,13,1630,1,2,1,1.0,3.0,37261,M,4742960.0,68060.0,37
201000031880,10,10,13,2023,5,2,1,1.0,2.0,37261,M,4736290.0,69813.0,37
201000031881,10,10,15,850,1,2,1,1.0,2.0,37261,M,4736300.0,69800.0,37
201000031882,10,10,19,1630,1,2,1,1.0,2.0,37261,M,4742140.0,69543.0,37
201000031883,10,10,21,750,1,2,1,1.0,2.0,37261,M,4739920.0,70009.0,37
201000031884,10,10,26,1645,1,2,2,1.0,2.0,37214,M,4741290.0,67238.0,37
201000031885,10,10,27,830,1,2,1,1.0,2.0,37261,M,4738970.0,69489.0,37
201000031886,10,11,2,855,1,2,2,1.0,3.0,37233,M,4739120.0,73044.0,37
201000031887,10,11,6,1855,5,2,9,2.0,3.0,37261,M,,,37
201000031888,10,11,7,1640,1,1,1,2.0,6.0,37122,M,,,37
201000031889,10,11,8,915,1,2,1,2.0,2.0,37214,M,4743090.0,67153.0,37
201000031890,10,11,7,1800,2,2,1,1.0,7.0,37261,M,4742380.0,69601.0,37
201000031891,10,11,9,850,1,1,1,2.0,7.0,37122,M,4734190.0,64801.0,37
201000031892,10,11,12,1830,5,1,1,2.0,7.0,37122,M,4733970.0,66658.0,37
201000031893,10,11,24,1610,1,2,1,1.0,7.0,37261,M,4738400.0,69352.0,37
201000031894,10,9,25,1545,1,1,1,1.0,7.0,37233,M,4739720.0,72712.0,37
201000031895,10,10,9,1655,1,2,1,1.0,6.0,37261,M,4739410.0,68043.0,37
201000031896,10,10,9,1814,1,2,1,1.0,6.0,37195,M,4739060.0,66568.0,37
201000031897,10,10,9,1915,5,2,2,1.0,3.0,37261,M,4738450.0,67677.0,37
201000031898,10,10,22,1625,1,2,1,1.0,2.0,37261,M,4740590.0,70301.0,37
201000031899,10,10,24,1030,1,2,1,1.0,2.0,37261,M,,,37
201000031900,10,11,2,1300,1,2,2,2.0,3.0,37214,M,4740510.0,67262.0,37
201000031901,10,11,2,1355,1,2,1,2.0,2.0,37261,M,,,37
201000031902,10,11,2,1555,1,2,3,2.0,3.0,37261,M,4736700.0,70031.0,37
201000031903,10,11,3,1700,5,2,1,7.0,2.0,37261,M,4737420.0,70392.0,37
201000031904,10,11,2,1750,5,2,1,2.0,7.0,37261,M,4737410.0,70098.0,37
201000031905,10,11,4,915,1,1,1,2.0,6.0,37122,M,4736650.0,65322.0,37
201000031906,10,11,8,1520,1,2,2,7.0,6.0,37261,M,4739120.0,68602.0,37
201000031907,10,11,9,1845,5,2,1,2.0,2.0,37261,M,4741990.0,69396.0,37
201000031908,10,11,9,2015,5,2,1,2.0,2.0,37261,M,,,37
201000031909,10,11,11,1110,1,2,1,2.0,3.0,37122,M,4733350.0,66441.0,37
201000031910,10,11,14,1745,4,2,1,1.0,2.0,37122,M,4736000.0,67028.0,37
201000031911,10,11,22,835,2,2,2,2.0,6.0,37261,M,,,37
201000031912,10,11,27,1930,4,1,1,1.0,2.0,37208,M,4736840.0,76378.0,37
201000031913,10,11,27,2010,5,2,3,1.0,6.0,37261,M,4735550.0,69938.0,37
201000031914,10,12,8,1820,5,1,1,2.0,6.0,37261,M,4736410.0,68391.0,37
201000031915,10,12,8,1940,5,2,1,2.0,2.0,37261,M,4739510.0,67362.0,37
201000031916,10,12,14,1250,1,2,6,1.0,3.0,37261,M,,,37
201000031917,10,12,20,1335,1,2,2,1.0,3.0,37261,M,4738430.0,69109.0,37
201000031918,10,10,9,10,5,2,1,1.0,3.0,37261,M,4738600.0,70158.0,37
201000031919,10,10,16,2200,5,2,1,8.0,7.0,37261,M,4741430.0,69348.0,37
201000031920,10,10,19,2100,5,2,2,8.0,3.0,37261,M,4738600.0,67505.0,37
201000031921,10,10,23,230,5,2,1,1.0,6.0,37208,M,,,37
201000031922,10,11,2,2340,3,2,1,8.0,6.0,37261,M,4739440.0,66827.0,37
201000031923,10,11,6,15,5,2,3,1.0,3.0,37261,M,4739470.0,67107.0,37
201000031924,10,11,6,2140,5,2,1,2.0,2.0,37261,M,4738120.0,70205.0,37
201000031925,10,11,14,145,5,2,1,8.0,6.0,37261,M,4739640.0,68483.0,37
201000031926,10,11,19,2035,5,2,1,1.0,6.0,37208,M,,,37
201000031927,10,11,30,2100,5,2,1,8.0,3.0,37233,M,4738100.0,73358.0,37
201000031928,10,12,1,2320,5,2,1,8.0,3.0,37233,M,,,37
201000031929,10,12,12,25,5,2,1,1.0,6.0,37122,M,4736620.0,67528.0,37
201000031930,10,12,16,310,5,2,1,1.0,6.0,37261,M,,,37
201000031931,10,12,14,832,1,2,1,8.0,1.0,37214,M,,,37
201000031932,10,3,11,2215,3,1,4,1.0,6.0,37195,M,4738730.0,64788.0,37
201000031933,10,12,1,1340,1,1,1,1.0,3.0,37195,M,4737430.0,65274.0,37
201000031934,10,12,7,1500,1,2,2,2.0,3.0,37261,M,4738820.0,68943.0,37
201000031935,10,12,7,1740,5,2,1,2.0,7.0,37122,M,4734760.0,65655.0,37
201000031936,10,12,9,845,1,2,1,1.0,5.0,37261,M,,,37
201000031937,10,12,18,1820,5,2,2,2.0,1.0,37261,M,4736570.0,70008.0,37
201000031938,10,12,20,453,5,2,1,3.0,6.0,37122,M,4734950.0,67294.0,37
201000031939,10,9,10,2056,2,2,1,1.0,7.0,37122,M,4734750.0,66326.0,37
201000031940,10,11,18,715,5,2,1,1.0,6.0,37261,M,4737420.0,69510.0,37
201000031941,10,11,11,1445,1,2,1,2.0,2.0,37261,M,4737560.0,71001.0,37
201000031942,10,11,12,1230,1,2,1,2.0,6.0,37261,M,,,37
201000031943,10,11,13,642,5,2,2,1.0,1.0,37261,M,,,37
201000031944,10,11,11,1645,1,2,1,1.0,6.0,37261,M,4739500.0,67311.0,37
201000031945,10,11,28,1425,1,2,2,1.0,3.0,37261,M,,,37
201000031946,10,11,25,741,5,2,2,3.0,6.0,37261,M,4738430.0,66603.0,37
201000031947,10,11,25,815,2,1,3,3.0,3.0,37261,M,4736750.0,65256.0,37
201000031948,10,11,16,1405,1,1,3,1.0,3.0,37233,M,4738730.0,74641.0,37
201000031949,10,11,29,1932,5,2,1,1.0,6.0,37122,M,4738090.0,69932.0,37
201000031950,10,11,30,755,1,2,1,1.0,6.0,37261,M,,,37
201000031951,10,12,4,1430,1,2,1,1.0,2.0,37261,M,4742650.0,70155.0,37
201000031952,10,12,6,1151,1,2,1,1.0,6.0,37261,M,4739380.0,68721.0,37
201000031953,10,12,10,1850,5,2,1,1.0,6.0,37261,M,4738060.0,70743.0,37
201000031954,10,12,6,1203,1,2,1,8.0,3.0,37261,M,4736800.0,70590.0,37
201000031955,10,11,25,515,5,2,1,1.0,2.0,37261,M,4737430.0,70072.0,37
201000031956,10,12,16,2036,5,2,3,8.0,3.0,37208,M,4736890.0,71894.0,37
201000031957,10,12,11,1645,1,2,1,2.0,6.0,37195,M,4738190.0,65548.0,37
201000031958,10,1,12,736,2,1,1,1.0,6.0,37261,M,4740930.0,68022.0,37