Num_Acc,an,mois,jour,hrmn,lum,agg,int,atm,col,com,gps,lat,long,dep
201000031959,10,12,5,1500,1,2,1,2.0,6.0,37214,M,4742880.0,64216.0,37
201000031960,10,1,13,1830,2,1,9,1.0,2.0,37122,M,4735110.0,64577.0,37
201000031961,10,1,19,2036,3,2,3,1.0,3.0,37261,M,,,37
201000031962,10,1,25,813,2,2,1,1.0,6.0,37261,M,4739660.0,69963.0,37
201000031963,10,2,12,1825,5,2,6,1.0,3.0,37122,M,4733070.0,65870.0,37
201000031964,10,10,1,1845,2,2,1,1.0,7.0,37261,M,4739450.0,66890.0,37
201000031965,10,10,4,1255,1,1,1,1.0,6.0,37261,M,,,37
201000031966,10,10,6,715,2,2,1,1.0,7.0,37261,M,4739520.0,67433.0,37
201000031967,10,10,12,1725,2,2,1,1.0,2.0,37261,M,4738960.0,67462.0,37
201000031968,10,10,12,2007,2,2,1,1.0,7.0,37261,M,,,37
201000031969,10,10,18,1342,1,2,1,1.0,6.0,37261,M,4739470.0,67760.0,37
201000031970,10,10,19,1130,1,2,7,1.0,6.0,37261,M,4738330.0,69629.0,37
201000031971,10,10,22,859,1,2,1,1.0,6.0,37122,M,4733380.0,65374.0,37
201000031972,10,10,22,1220,1,2,1,1.0,6.0,37122,M,4735580.0,69684.0,37
201000031973,10,10,23,2217,2,1,1,1.0,6.0,37261,M,,,37
201000031974,10,10,23,2001,2,2,1,1.0,7.0,37261,M,4739520.0,67464.0,37
201000031975,10,10,26,2010,5,2,1,1.0,2.0,37122,M,4735530.0,69618.0,37
201000031976,10,10,31,1215,1,1,2,1.0,6.0,37122,M,,,37
201000031977,10,10,29,1821,2,2,1,1.0,6.0,37122,M,,,37
201000031978,10,12,17,1700,1,2,1,1.0,7.0,37261,M,4739030.0,68847.0,37
201000031979,10,12,20,1745,2,2,2,1.0,3.0,37233,M,,,37
201000031980,10,12,30,1745,5,2,1,1.0,6.0,37214,M,,,37
201000031981,10,12,27,1934,5,2,2,1.0,3.0,37122,M,4735460.0,69534.0,37
201000031982,10,12,27,1940,5,2,1,1.0,3.0,37233,M,,,37
201000031983,10,3,21,1635,1,2,1,1.0,6.0,37261,M,,,37
201000031984,10,10,23,1435,1,2,1,1.0,3.0,37261,M,4739010.0,68860.0,37
201000031985,10,11,15,1830,4,2,1,1.0,7.0,37122,M,4734680.0,65989.0,37
201000031986,10,11,11,1715,2,2,3,1.0,6.0,37122,M,,,37
201000031987,10,11,9,1223,1,2,1,9.0,7.0,37261,M,4739450.0,66955.0,37
201000031988,10,11,9,1915,5,2,1,1.0,6.0,37122,M,,,37
201000031989,10,11,5,1622,1,2,6,1.0,3.0,37122,M,4736350.0,65047.0,37
201000031990,10,11,5,2018,5,2,2,1.0,6.0,37233,M,4738970.0,71546.0,37
201000031991,10,11,6,1833,5,2,1,1.0,7.0,37261,M,4739530.0,67464.0,37
201000031992,10,11,4,1253,1,2,1,1.0,6.0,37261,M,4736470.0,68032.0,37
201000031993,10,11,25,747,2,1,1,1.0,2.0,37122,M,4733510.0,66460.0,37
201000031994,10,11,23,1759,2,2,1,1.0,4.0,37261,M,4739760.0,69630.0,37
201000031995,10,11,19,815,2,2,3,1.0,3.0,37122,M,4734640.0,66573.0,37
201000031996,10,11,18,1014,1,2,1,1.0,6.0,37214,M,4740030.0,67880.0,37
201000031997,10,12,10,1610,1,2,1,1.0,7.0,37122,M,4734940.0,64530.0,37
201000031998,10,12,11,130,5,2,1,1.0,6.0,37122,M,,,37
201000031999,10,12,15,800,2,2,1,1.0,6.0,37122,M,4734650.0,66562.0,37
201000032000,10,12,6,1335,1,2,1,1.0,6.0,37261,M,,,37
201000032001,10,3,4,1030,1,2,4,1.0,7.0,37214,M,0.0,0.0,37
201000032002,10,3,27,1210,1,2,3,1.0,6.0,37261,M,4737160.0,67742.0,37
201000032003,10,4,5,1630,1,2,1,1.0,2.0,37261,M,4738080.0,69247.0,37
201000032004,10,3,14,1950,1,2,3,1.0,7.0,37261,M,4738140.0,70534.0,37
201000032005,10,3,3,1910,1,2,1,1.0,6.0,37261,M,0.0,0.0,37
201000032006,10,4,28,1820,1,2,1,1.0,6.0,37233,M,,,37
201000032007,10,4,30,1526,1,2,6,1.0,3.0,37122,M,4735770.0,64710.0,37
201000032008,10,5,2,2340,5,2,6,8.0,6.0,37261,M,4742840.0,69664.0,37
201000032009,10,5,4,1825,1,1,1,1.0,2.0,37261,M,0.0,0.0,37
201000032010,10,5,5,2125,5,2,2,1.0,3.0,37122,M,4735130.0,68146.0,37
201000032011,10,3,30,1030,1,2,2,1.0,3.0,37261,M,4739260.0,68072.0,37
201000032012,10,4,17,920,1,2,1,1.0,7.0,37261,M,4740960.0,71089.0,37
201000032013,10,3,23,1509,1,2,7,1.0,6.0,37261,M,,,37
201000032014,10,5,7,2110,2,2,2,1.0,3.0,37195,M,,,37
201000032015,10,5,12,1800,1,2,1,1.0,3.0,37233,M,4738290.0,72106.0,37
201000032016,10,6,9,1755,1,1,3,1.0,2.0,37122,M,,,37
201000032017,10,6,23,1810,1,2,1,1.0,6.0,37261,M,4738850.0,67702.0,37
201000032018,10,6,22,1652,1,2,1,1.0,3.0,37261,M,4738880.0,67125.0,37
201000032019,10,7,7,900,1,1,2,1.0,3.0,37208,M,4736700.0,72036.0,37
201000032020,10,7,13,1350,1,1,3,1.0,3.0,37122,M,4736200.0,66323.0,37
201000032021,10,7,25,235,5,2,1,1.0,7.0,37208,M,4735700.0,75270.0,37
201000032022,10,8,10,2350,3,2,1,8.0,3.0,37261,M,4736730.0,65411.0,37
201000032023,10,8,26,1358,1,1,1,1.0,1.0,37122,M,,,37
201000032024,10,9,10,1320,1,2,1,1.0,6.0,37195,M,4738210.0,64101.0,37
201000032025,10,9,1,1415,1,2,2,1.0,3.0,37233,M,4739220.0,72507.0,37
201000032026,10,8,3,1630,1,2,1,1.0,6.0,37214,M,4740790.0,67495.0,37
201000032027,10,9,9,1310,1,2,3,1.0,3.0,37261,M,4738110.0,68518.0,37
201000032028,10,9,3,1725,1,2,2,1.0,3.0,37261,M,4738550.0,67245.0,37
201000032029,10,9,13,1236,1,1,9,1.0,3.0,37261,M,4735850.0,64563.0,37
201000032030,10,9,10,2320,5,2,2,1.0,3.0,37261,M,,,37
201000032031,10,8,19,655,1,2,6,1.0,3.0,37214,M,4739760.0,66737.0,37
201000032032,10,9,15,1330,1,2,1,2.0,6.0,37261,M,4737320.0,69539.0,37
201000032033,10,9,19,235,5,2,6,1.0,3.0,37261,M,4739630.0,68380.0,37
201000032034,10,9,20,1540,1,2,1,1.0,3.0,37261,M,4743650.0,68371.0,37
201000032035,10,7,16,1035,1,2,2,1.0,3.0,37261,M,4739530.0,67514.0,37
201000032036,10,8,5,2000,1,2,2,1.0,3.0,37261,M,4737380.0,69524.0,37
201000032037,10,8,25,2130,5,2,2,1.0,7.0,37261,M,4739650.0,68610.0,37
201000032038,10,8,18,1910,1,2,6,1.0,1.0,37261,M,4736370.0,69939.0,37
201000032039,10,9,24,1500,1,2,1,8.0,6.0,37261,M,,,37
201000032040,10,9,24,1100,1,2,1,1.0,6.0,37261,M,4739010.0,68797.0,37
201000032041,10,9,8,835,1,2,3,2.0,3.0,37208,M,4736570.0,75249.0,37
201000032042,10,9,23,1330,1,2,1,1.0,6.0,37214,M,,,37
201000032043,10,10,17,1410,1,2,1,1.0,2.0,37261,M,4743190.0,69934.0,37
201000032044,10,10,8,1410,1,2,1,1.0,6.0,37261,M,0.0,0.0,37
201000032045,10,10,14,1335,1,2,1,1.0,6.0,37261,M,4736130.0,68450.0,37
201000032046,10,10,1,1815,1,1,1,2.0,3.0,37261,M,0.0,0.0,37
201000032047,10,10,20,1520,1,2,1,1.0,3.0,37261,M,4736770.0,70923.0,37
201000032048,10,10,30,2120,5,2,1,8.0,2.0,37261,M,,,37
201000032049,10,11,1,1300,1,2,2,1.0,3.0,37261,M,4738950.0,69770.0,37
201000032050,10,10,20,1810,1,2,1,1.0,3.0,37233,M,0.0,0.0,37
201000032051,10,11,10,1905,5,2,1,1.0,4.0,37261,M,4739190.0,69993.0,37
201000032052,10,11,12,1225,1,2,3,1.0,4.0,37261,M,,,37
201000032053,10,11,21,1225,1,2,2,1.0,6.0,37261,M,,,37
201000032054,10,11,27,840,1,2,2,1.0,1.0,37261,M,4740980.0,68225.0,37
201000032055,10,11,25,1740,5,2,1,3.0,7.0,37261,M,,,37
201000032056,10,12,6,1315,1,1,6,1.0,7.0,37261,M,,,37
201000032057,10,12,4,1715,3,2,1,1.0,3.0,37261,M,,,37
201000032058,10,10,18,1645,1,2,1,1.0,6.0,37261,M,4737450.0,69497.0,37
201000032059,10,12,11,2155,5,2,1,1.0,2.0,37261,M,4742490.0,69966.0,37
201000032060,10,12,9,855,1,2,2,9.0,6.0,37261,M,4738140.0,68299.0,37
201000032061,10,12,28,2130,4,2,2,8.0,3.0,37261,M,4739280.0,67228.0,37
201000032062,10,1,4,1505,1,2,3,4.0,5.0,38053,M,4558420.0,528742.0,38
201000032063,10,2,2,1700,1,1,4,8.0,6.0,38348,M,4559360.0,529500.0,38
201000032064,10,2,27,30,5,2,1,1.0,6.0,38053,M,4558410.0,528814.0,38
201000032065,10,2,2,1945,3,2,1,1.0,1.0,38053,M,,,38
201000032066,10,4,27,940,1,2,6,1.0,3.0,38053,M,4559000.0,525798.0,38
201000032067,10,3,13,1614,1,2,1,1.0,2.0,38053,M,,,38
201000032068,10,4,27,835,1,2,1,1.0,2.0,38053,M,,,38
201000032069,10,5,22,1757,1,2,2,1.0,7.0,38053,M,4558490.0,527328.0,38
201000032070,10,3,15,1710,1,2,3,1.0,3.0,38053,M,,,38
201000032071,10,6,4,1600,1,2,3,1.0,4.0,38053,M,,,38
201000032072,10,5,17,715,1,2,1,1.0,6.0,38053,M,,,38
201000032073,10,3,26,1625,1,2,1,1.0,6.0,38053,M,,,38
201000032074,10,4,22,700,1,2,1,1.0,3.0,38053,M,4560560.0,526648.0,38
201000032075,10,6,23,2010,1,2,6,1.0,3.0,38053,M,4559440.0,526984.0,38
201000032076,10,6,30,945,1,1,1,1.0,2.0,38053,M,,,38
201000032077,10,7,21,1700,1,2,3,1.0,6.0,38053,M,4558870.0,527824.0,38
201000032078,10,7,27,2350,5,2,1,1.0,7.0,38053,M,,,38
201000032079,10,5,24,1845,1,2,1,1.0,1.0,38053,M,,,38
201000032080,10,7,23,1727,1,2,2,2.0,3.0,38053,M,4559350.0,528030.0,38
201000032081,10,8,20,1545,1,2,1,1.0,4.0,38053,M,,,38
201000032082,10,8,5,1932,1,2,1,1.0,6.0,38053,M,,,38
201000032083,10,9,2,850,1,2,6,1.0,6.0,38053,M,4559070.0,527795.0,38
201000032084,10,7,30,1955,1,2,1,1.0,1.0,38053,M,4558760.0,528060.0,38
201000032085,10,9,11,1935,2,2,2,1.0,3.0,38053,M,,,38
201000032086,10,9,12,2030,5,2,3,2.0,1.0,38053,M,,,38
201000032087,10,9,14,750,2,2,6,1.0,6.0,38053,M,4558550.0,526934.0,38
201000032088,10,10,5,1740,1,2,1,1.0,6.0,38053,M,,,38
201000032089,10,10,24,2300,5,2,1,2.0,3.0,38053,M,,,38
201000032090,10,11,7,1609,1,1,6,1.0,6.0,38053,M,4560800.0,525081.0,38
201000032091,10,11,18,910,1,2,2,8.0,6.0,38053,M,,,38
201000032092,10,12,13,1340,1,2,2,1.0,6.0,38053,M,,,38
201000032093,10,12,20,1749,5,2,6,1.0,6.0,38053,M,,,38
201000032094,10,1,9,1800,3,1,1,4.0,4.0,38151,M,4515010.0,569673.0,38
201000032095,10,1,15,615,5,2,1,2.0,3.0,38185,M,4519330.0,571971.0,38
201000032096,10,1,19,1810,5,2,2,1.0,6.0,38185,M,4518080.0,573149.0,38
201000032097,10,1,20,1250,1,2,2,4.0,3.0,38185,M,4516190.0,571577.0,38
201000032098,10,1,25,1250,1,1,1,1.0,7.0,38185,M,4517630.0,570215.0,38
201000032099,10,1,27,824,1,2,2,1.0,3.0,38421,M,4518440.0,576821.0,38
201000032100,10,1,27,1430,1,2,1,1.0,6.0,38179,M,,,38
201000032101,10,2,1,815,1,2,1,1.0,6.0,38185,M,4516730.0,572064.0,38
201000032102,10,2,3,1545,1,2,1,1.0,6.0,38185,M,4518150.0,572506.0,38
201000032103,10,2,11,1030,1,2,2,4.0,3.0,38185,M,4518600.0,574646.0,38
201000032104,10,2,11,1515,1,2,2,4.0,4.0,38185,M,4518040.0,571646.0,38
201000032105,10,2,15,1315,1,2,4,1.0,6.0,38185,M,4516930.0,570935.0,38
201000032106,10,2,20,1300,1,2,1,1.0,2.0,38421,M,4517520.0,576317.0,38
201000032107,10,2,25,930,1,2,6,1.0,3.0,38185,M,4516030.0,571964.0,38
201000032108,10,3,3,1025,1,2,1,1.0,2.0,38185,M,,,38
201000032109,10,3,3,1800,1,2,1,2.0,4.0,38185,M,4516980.0,573608.0,38
201000032110,10,3,5,2000,5,2,2,1.0,6.0,38185,M,4519150.0,572302.0,38
201000032111,10,3,8,725,1,1,1,1.0,5.0,38179,M,0.0,0.0,38
201000032112,10,3,8,1850,1,2,1,1.0,6.0,38421,M,,,38
201000032113,10,3,9,840,1,2,1,1.0,6.0,38185,M,4519180.0,571511.0,38
201000032114,10,3,13,1,5,2,1,1.0,1.0,38185,M,4516400.0,573145.0,38
201000032115,10,3,14,610,4,1,1,1.0,2.0,38229,M,4520380.0,577892.0,38
201000032116,10,3,16,1655,1,2,2,1.0,6.0,38185,M,4517740.0,574296.0,38
201000032117,10,3,17,755,1,2,2,1.0,6.0,38185,M,4518980.0,571329.0,38
201000032118,10,3,20,1815,1,2,2,1.0,6.0,38185,M,4518220.0,572727.0,38
201000032119,10,3,30,1430,1,2,2,1.0,4.0,38421,M,4517920.0,575525.0,38
201000032120,10,3,30,1705,1,1,9,1.0,2.0,38185,M,,,38
201000032121,10,4,5,1308,1,1,1,1.0,4.0,38421,M,4517720.0,577133.0,38
201000032122,10,4,13,1150,1,2,2,1.0,6.0,38169,M,4519900.0,569211.0,38
201000032123,10,4,15,950,1,2,1,1.0,3.0,38185,M,,,38
201000032124,10,4,17,30,3,1,1,1.0,7.0,38185,M,4519410.0,570313.0,38
201000032125,10,4,19,1710,1,1,1,1.0,4.0,38185,M,4515540.0,571406.0,38
201000032126,10,4,20,1320,1,2,2,1.0,3.0,38185,M,0.0,0.0,38
201000032127,10,4,26,1700,1,1,1,1.0,3.0,38179,M,,,38
201000032128,10,4,26,1935,1,2,4,1.0,4.0,38185,M,4517340.0,571834.0,38
201000032129,10,4,27,1315,1,2,1,1.0,6.0,38185,M,4519410.0,571544.0,38
201000032130,10,4,27,1258,1,2,1,1.0,6.0,38185,M,,,38
201000032131,10,4,30,820,1,2,1,1.0,3.0,38185,M,4516080.0,572414.0,38
201000032132,10,5,10,1630,1,2,1,2.0,6.0,38185,M,4518100.0,572222.0,38
201000032133,10,5,18,1815,1,2,1,1.0,6.0,38185,M,4518650.0,574484.0,38
201000032134,10,5,19,1400,1,2,6,1.0,3.0,38185,M,4516020.0,572024.0,38
201000032135,10,5,22,1055,1,2,1,1.0,4.0,38151,M,,,38
201000032136,10,5,27,1515,1,2,1,1.0,3.0,38169,M,4520520.0,568617.0,38
201000032137,10,5,29,1245,1,1,1,1.0,6.0,38151,M,4512850.0,569129.0,38
201000032138,10,6,3,710,1,2,1,1.0,3.0,38185,M,4516020.0,572026.0,38
201000032139,10,6,4,1300,1,2,1,1.0,3.0,38185,M,,,38
201000032140,10,6,4,1500,1,1,1,1.0,3.0,38382,M,4521970.0,567382.0,38
201000032141,10,6,7,900,1,2,3,1.0,3.0,38185,M,4519140.0,572507.0,38
201000032142,10,6,7,1645,1,2,3,1.0,3.0,38169,M,4520140.0,567457.0,38
201000032143,10,6,9,1805,1,2,1,1.0,3.0,38151,M,,,38
201000032144,10,6,14,1645,1,2,2,1.0,3.0,38185,M,,,38
201000032145,10,6,11,850,1,2,2,1.0,3.0,38421,M,,,38
201000032146,10,6,14,1415,1,1,1,1.0,2.0,38185,M,4516290.0,570161.0,38
201000032147,10,6,14,1715,1,2,2,1.0,3.0,38185,M,4519130.0,572207.0,38
201000032148,10,6,16,1930,1,2,1,2.0,3.0,38151,M,,,38
201000032149,10,6,18,1630,1,2,1,2.0,6.0,38317,M,,,38
201000032150,10,6,19,1120,1,2,1,1.0,2.0,38185,M,4518990.0,571964.0,38
201000032151,10,6,20,515,5,2,1,2.0,2.0,38185,M,,,38
201000032152,10,6,21,1250,1,2,4,1.0,3.0,38185,M,4517440.0,574402.0,38
201000032153,10,6,21,1600,1,1,1,1.0,4.0,38185,M,4519940.0,569884.0,38
201000032154,10,6,24,1330,1,2,2,1.0,3.0,38169,M,4518910.0,569889.0,38
201000032155,10,6,25,1050,1,2,2,1.0,6.0,38185,M,4518060.0,573170.0,38
201000032156,10,6,25,1400,1,2,2,1.0,3.0,38185,M,,,38
201000032157,10,6,25,1445,1,1,1,1.0,4.0,38185,M,4515840.0,570124.0,38
201000032158,10,6,28,845,1,2,1,1.0,3.0,38185,M,4516800.0,574334.0,38
201000032159,10,6,28,1610,1,2,1,1.0,6.0,38516,M,,,38
201000032160,10,6,29,740,1,2,1,1.0,3.0,38185,M,,,38
201000032161,10,6,29,850,1,2,2,1.0,3.0,38185,M,4518070.0,571957.0,38
201000032162,10,7,2,1340,1,2,2,1.0,1.0,38179,M,4518330.0,579755.0,38
201000032163,10,7,3,1735,1,2,1,1.0,3.0,38179,M,,,38
201000032164,10,7,5,2155,5,2,3,1.0,6.0,38185,M,4518030.0,571465.0,38
201000032165,10,7,6,823,1,1,1,1.0,6.0,38229,M,,,38
201000032166,10,7,6,2250,5,2,2,1.0,3.0,38185,M,4517900.0,575102.0,38
201000032167,10,7,7,1715,1,2,4,1.0,6.0,38185,M,4518600.0,572870.0,38
201000032168,10,7,9,350,5,2,2,1.0,6.0,38185,M,,,38
201000032169,10,7,11,1725,1,2,2,1.0,3.0,38185,M,,,38
201000032170,10,7,15,1345,1,2,2,1.0,6.0,38185,M,4519010.0,572421.0,38
201000032171,10,7,23,1547,1,2,2,1.0,3.0,38185,M,4515940.0,572419.0,38
201000032172,10,7,26,1100,1,2,2,1.0,2.0,38185,M,4516190.0,571577.0,38
201000032173,10,7,27,1910,1,2,1,1.0,3.0,38185,M,,,38
201000032174,10,8,9,1000,1,2,1,1.0,6.0,38151,M,,,38
201000032175,10,8,9,1735,1,2,1,1.0,1.0,38185,M,,,38
201000032176,10,8,9,1752,1,2,1,1.0,6.0,38185,M,,,38
201000032177,10,8,14,910,1,2,3,1.0,3.0,38151,M,4514910.0,570181.0,38
201000032178,10,8,24,920,1,2,1,1.0,6.0,38185,M,,,38
201000032179,10,8,29,530,5,2,1,1.0,6.0,38169,M,4519690.0,566642.0,38
201000032180,10,9,5,1850,1,2,2,1.0,6.0,38185,M,4518370.0,573356.0,38
201000032181,10,9,9,1830,1,2,3,1.0,3.0,38179,M,4518340.0,579780.0,38
201000032182,10,9,12,618,3,1,4,1.0,7.0,38382,M,4521550.0,568135.0,38
201000032183,10,9,15,1105,1,2,1,1.0,6.0,38169,M,4519700.0,567769.0,38
201000032184,10,9,18,1340,1,2,1,2.0,6.0,38185,M,,,38
201000032185,10,9,18,1445,1,2,2,2.0,3.0,38169,M,,,38
201000032186,10,9,19,51,5,2,2,1.0,3.0,38185,M,4518060.0,574160.0,38
201000032187,10,9,20,1605,1,2,1,1.0,6.0,38185,M,4518320.0,571745.0,38
201000032188,10,9,25,2220,5,2,2,2.0,3.0,38185,M,4518810.0,571907.0,38
201000032189,10,9,29,1720,1,2,2,1.0,6.0,38185,M,4517730.0,574298.0,38
201000032190,10,9,30,710,1,2,1,1.0,3.0,38185,M,4516250.0,571242.0,38
201000032191,10,10,2,700,2,1,1,1.0,2.0,38382,M,4522070.0,567291.0,38
201000032192,10,10,7,1550,1,2,2,1.0,6.0,38185,M,4519130.0,572206.0,38
201000032193,10,10,7,1800,1,2,3,1.0,3.0,38185,M,4516770.0,570453.0,38
201000032194,10,10,10,1100,1,2,3,1.0,6.0,38185,M,4517630.0,572465.0,38
201000032195,10,10,12,1245,1,2,1,1.0,6.0,38185,M,4518400.0,573215.0,38
201000032196,10,10,21,735,1,2,1,1.0,6.0,38169,M,4518910.0,569960.0,38
201000032197,10,10,24,1910,1,2,1,3.0,6.0,38185,M,,,38
201000032198,10,10,25,1100,1,2,2,1.0,6.0,38185,M,4518370.0,573356.0,38
201000032199,10,10,27,1630,1,2,1,1.0,3.0,38185,M,4516360.0,571079.0,38
201000032200,10,10,28,800,1,2,1,1.0,6.0,38185,M,4518200.0,573439.0,38
201000032201,10,10,28,925,1,2,1,1.0,6.0,38185,M,4518010.0,570815.0,38
201000032202,10,11,4,1700,1,2,3,1.0,6.0,38185,M,4517080.0,573971.0,38
201000032203,10,11,4,1830,5,2,2,1.0,3.0,38421,M,,,38
201000032204,10,11,6,1355,1,2,2,1.0,3.0,38185,M,4518590.0,576150.0,38
201000032205,10,11,6,1455,1,2,1,1.0,3.0,38151,M,4514930.0,572068.0,38
201000032206,10,11,6,1600,1,2,1,1.0,6.0,38185,M,4518280.0,573656.0,38
201000032207,10,11,9,1620,1,2,1,2.0,6.0,38421,M,,,38
201000032208,10,11,10,1840,5,2,1,2.0,3.0,38421,M,,,38
201000032209,10,11,11,545,3,1,1,2.0,6.0,38421,M,4518340.0,577991.0,38
201000032210,10,11,18,50,5,2,4,2.0,3.0,38185,M,4519250.0,572166.0,38
201000032211,10,11,24,2130,5,2,2,1.0,3.0,38185,M,4516440.0,571102.0,38
201000032212,10,11,25,1105,1,2,1,1.0,6.0,38185,M,4518930.0,571124.0,38
201000032213,10,11,26,910,1,2,3,4.0,6.0,38185,M,4518230.0,572756.0,38
201000032214,10,11,26,1745,5,2,3,1.0,6.0,38185,M,4519110.0,571863.0,38
201000032215,10,12,4,1430,1,2,1,1.0,2.0,38151,M,,,38
201000032216,10,12,6,1510,1,2,1,1.0,6.0,38185,M,4518890.0,572558.0,38
201000032217,10,12,11,2145,5,1,1,1.0,3.0,38185,M,4519810.0,570062.0,38
201000032218,10,12,11,1315,1,2,1,1.0,6.0,38185,M,4518600.0,572290.0,38
201000032219,10,12,13,915,1,2,2,1.0,6.0,38185,M,4518800.0,574608.0,38
201000032220,10,12,13,1215,1,2,1,1.0,6.0,38185,M,4516660.0,573264.0,38
201000032221,10,12,19,1130,1,2,2,2.0,3.0,38185,M,4517660.0,570940.0,38
201000032222,10,12,20,1145,1,2,1,2.0,6.0,38151,M,,,38
201000032223,10,12,20,2000,5,2,2,2.0,3.0,38185,M,4518220.0,573433.0,38
201000032224,10,12,22,2100,3,1,9,1.0,6.0,38185,M,4515960.0,570148.0,38
201000032225,10,12,27,725,2,2,2,2.0,6.0,38185,M,4518610.0,571839.0,38
201000032226,10,12,27,1845,5,2,1,2.0,2.0,38185,M,4517040.0,573805.0,38
201000032227,10,12,29,1120,1,2,1,1.0,2.0,38185,M,4516730.0,570183.0,38
201000032228,10,12,29,1250,1,2,3,1.0,3.0,38169,M,4520120.0,567445.0,38
201000032229,10,1,14,1715,1,2,1,1.0,6.0,38544,M,,,38
201000032230,10,2,9,745,1,2,4,4.0,6.0,38544,M,4552460.0,487660.0,38
201000032231,10,3,20,1434,1,2,1,1.0,6.0,38544,M,,,38
201000032232,10,3,29,1023,1,2,9,1.0,6.0,38544,M,,,38
201000032233,10,4,14,1423,1,2,1,1.0,6.0,38544,M,,,38
201000032234,10,4,23,1800,1,2,9,1.0,6.0,38544,M,,,38
201000032235,10,4,28,1216,1,2,1,1.0,6.0,38544,M,,,38
201000032236,10,5,4,1400,1,2,1,2.0,6.0,38544,M,,,38
201000032237,10,6,2,1229,1,2,1,1.0,6.0,38318,M,,,38
201000032238,10,7,7,1850,1,2,1,1.0,3.0,38544,M,,,38
201000032239,10,7,28,1537,1,1,3,1.0,1.0,38318,M,4553840.0,491260.0,38
201000032240,10,8,26,1125,1,2,1,1.0,6.0,38544,M,4553880.0,487158.0,38
201000032241,10,10,6,1429,1,1,1,1.0,6.0,38544,M,,,38
201000032242,10,12,12,215,5,2,1,1.0,3.0,38544,M,,,38
201000032243,10,12,19,1025,1,2,1,1.0,6.0,38544,M,4552440.0,487412.0,38
201000032244,10,12,28,1350,1,2,3,9.0,3.0,38544,M,4552730.0,487256.0,38
201000032245,10,1,5,1630,1,2,4,1.0,3.0,38563,M,,,38
201000032246,10,1,5,1800,5,2,3,1.0,6.0,38563,M,,,38
201000032247,10,3,24,1800,1,2,1,1.0,1.0,38563,M,,,38
201000032248,10,3,29,1742,1,2,1,1.0,6.0,38563,M,,,38
201000032249,10,4,17,1819,1,2,1,1.0,3.0,38563,M,,,38
201000032250,10,4,29,1720,1,2,2,1.0,6.0,38563,M,,,38
201000032251,10,5,27,1505,1,2,1,1.0,3.0,38563,M,,,38
201000032252,10,6,16,1250,1,2,7,1.0,6.0,38563,M,,,38
201000032253,10,7,3,1615,1,1,1,1.0,2.0,38563,M,,,38
201000032254,10,7,4,2355,5,2,2,1.0,3.0,38563,M,,,38
201000032255,10,9,14,1750,1,2,1,1.0,3.0,38563,M,,,38
201000032256,10,9,18,1045,1,2,1,2.0,6.0,38563,M,,,38
201000032257,10,11,3,1650,1,2,9,1.0,7.0,38563,M,,,38
201000032258,10,11,5,1910,1,1,1,1.0,3.0,38563,M,,,38
201000032259,10,11,6,1822,3,1,1,1.0,3.0,38563,M,,,38
201000032260,10,11,6,1939,5,2,2,1.0,3.0,38563,M,,,38
201000032261,10,11,12,735,2,2,1,2.0,6.0,38563,M,,,38
201000032262,10,11,27,1230,1,1,1,8.0,3.0,38563,M,,,38
201000032263,10,12,9,850,1,2,1,2.0,6.0,38563,M,,,38
201000032264,10,12,11,1230,1,2,1,1.0,1.0,38563,M,,,38
201000032265,10,12,13,1749,3,2,1,1.0,6.0,38563,M,,,38
201000032266,10,12,14,1000,1,2,1,1.0,6.0,38563,M,,,38
201000032267,10,12,22,1125,1,2,1,1.0,2.0,38563,M,,,38
201000032268,10,12,28,2155,5,2,3,1.0,6.0,38563,M,,,38
201000032269,10,1,8,1220,1,2,3,1.0,6.0,39198,M,,,39
201000032270,10,2,12,1850,5,2,2,1.0,6.0,39198,M,,,39
201000032271,10,3,5,2009,5,2,1,1.0,3.0,39198,M,,,39
201000032272,10,4,1,835,1,2,1,8.0,6.0,39198,M,,,39
201000032273,10,4,10,1915,1,2,3,1.0,3.0,39198,M,,,39
201000032274,10,4,23,1230,1,2,1,1.0,3.0,39198,M,,,39
201000032275,10,7,1,1145,1,2,1,7.0,7.0,39198,M,,,39
201000032276,10,7,18,1655,1,2,3,7.0,3.0,39198,M,,,39
201000032277,10,7,31,815,1,2,2,1.0,3.0,39198,M,,,39
201000032278,10,10,4,1550,1,2,1,6.0,6.0,39198,M,,,39
201000032279,10,10,22,2030,5,2,6,1.0,3.0,39198,M,,,39
201000032280,10,11,8,1705,5,2,7,3.0,7.0,39198,M,,,39
201000032281,10,11,15,905,1,1,1,3.0,6.0,39198,M,,,39
201000032282,10,5,14,1830,1,2,9,1.0,3.0,39300,M,,,39
201000032283,10,5,22,1714,1,2,9,1.0,3.0,39300,M,,,39