Num_Acc,an,mois,jour,hrmn,lum,agg,int,atm,col,com,gps,lat,long,dep
201000032284,10,6,12,945,1,2,9,1.0,2.0,39300,M,,,39
201000032285,10,7,8,1345,1,2,1,1.0,1.0,39411,M,,,39
201000032286,10,7,20,2250,3,1,1,1.0,6.0,39300,M,,,39
201000032287,10,9,22,945,1,2,1,1.0,6.0,39300,M,,,39
201000032288,10,10,3,524,3,1,1,1.0,6.0,39362,M,,,39
201000032289,10,10,12,1530,1,1,9,1.0,3.0,39362,M,,,39
201000032290,10,10,13,1810,2,2,1,1.0,3.0,39300,M,,,39
201000032291,10,11,9,1314,1,2,1,1.0,6.0,39300,M,,,39
201000032292,10,11,1,552,5,2,1,1.0,6.0,39362,M,,,39
201000032293,10,11,9,1740,3,2,1,2.0,6.0,39411,M,,,39
201000032294,10,11,22,1745,3,2,9,9.0,6.0,39362,M,,,39
201000032295,10,1,25,850,1,2,3,1.0,3.0,40279,M,,,40
201000032296,10,1,27,1820,2,1,1,1.0,7.0,40279,M,,,40
201000032297,10,2,2,2022,5,2,1,1.0,1.0,40088,M,,,40
201000032298,10,2,7,50,5,2,1,1.0,3.0,40088,M,,,40
201000032299,10,2,28,30,5,2,1,1.0,2.0,40088,M,,,40
201000032300,10,3,5,1500,1,1,1,1.0,3.0,40279,M,,,40
201000032301,10,3,15,1530,1,1,1,1.0,3.0,40279,M,,,40
201000032302,10,4,20,1214,1,1,3,1.0,1.0,40279,M,,,40
201000032303,10,5,10,1805,1,2,1,1.0,6.0,40088,M,,,40
201000032304,10,5,21,1735,1,2,3,1.0,3.0,40088,M,,,40
201000032305,10,6,10,1810,1,1,1,1.0,5.0,40279,M,,,40
201000032306,10,7,2,940,1,2,3,1.0,3.0,40088,M,,,40
201000032307,10,7,13,1520,1,2,1,1.0,2.0,40279,M,,,40
201000032308,10,8,15,740,1,2,1,2.0,6.0,40088,M,,,40
201000032309,10,8,10,1125,1,2,9,1.0,6.0,40088,M,,,40
201000032310,10,10,23,1815,1,2,3,1.0,3.0,40088,M,,,40
201000032311,10,10,25,755,2,2,2,2.0,6.0,40088,M,,,40
201000032312,10,10,29,1030,1,1,1,1.0,7.0,40279,M,,,40
201000032313,10,10,29,815,1,1,1,1.0,2.0,40279,M,,,40
201000032314,10,11,3,1720,1,2,3,1.0,3.0,40088,M,,,40
201000032315,10,11,8,756,2,2,6,2.0,3.0,40088,M,,,40
201000032316,10,1,24,2205,5,2,2,1.0,3.0,40192,M,,,40
201000032317,10,2,13,2300,5,2,3,1.0,1.0,40192,M,,,40
201000032318,10,2,18,820,1,2,3,1.0,3.0,40281,M,,,40
201000032319,10,2,21,1845,2,2,1,9.0,2.0,40192,M,,,40
201000032320,10,2,26,1810,1,2,1,1.0,3.0,40192,M,,,40
201000032321,10,3,6,1745,1,1,1,1.0,7.0,40192,M,,,40
201000032322,10,3,12,910,1,2,3,1.0,1.0,40192,M,,,40
201000032323,10,3,26,1506,1,2,3,1.0,6.0,40192,M,0.0,0.0,40
201000032324,10,3,31,1520,1,2,1,1.0,3.0,40192,M,,,40
201000032325,10,4,12,1645,1,2,1,1.0,3.0,40192,M,,,40
201000032326,10,4,12,1925,1,2,2,1.0,3.0,40192,M,,,40
201000032327,10,4,23,2000,2,2,1,2.0,2.0,40281,M,,,40
201000032328,10,4,26,1725,1,2,1,1.0,2.0,40192,M,,,40
201000032329,10,5,4,1900,1,2,1,2.0,4.0,40192,M,,,40
201000032330,10,5,12,1220,1,2,1,1.0,2.0,40192,M,,,40
201000032331,10,5,14,1925,1,1,2,2.0,3.0,40192,M,,,40
201000032332,10,5,26,1805,1,2,9,1.0,6.0,40192,M,,,40
201000032333,10,5,27,1555,1,1,9,1.0,4.0,40192,M,,,40
201000032334,10,6,13,611,2,2,1,1.0,7.0,40192,M,,,40
201000032335,10,6,19,1410,1,2,3,1.0,6.0,40192,M,,,40
201000032336,10,6,22,1740,1,2,1,1.0,3.0,40192,M,,,40
201000032337,10,6,23,1050,1,1,1,1.0,2.0,40281,M,,,40
201000032338,10,7,13,1910,1,1,1,1.0,2.0,40281,M,,,40
201000032339,10,8,20,1235,1,2,1,1.0,3.0,40192,M,,,40
201000032340,10,9,16,1005,1,2,2,2.0,3.0,40192,M,,,40
201000032341,10,9,17,1400,1,2,2,1.0,3.0,40192,M,,,40
201000032342,10,9,20,1445,1,2,1,1.0,1.0,40192,M,,,40
201000032343,10,9,24,2005,2,2,4,2.0,3.0,40281,M,,,40
201000032344,10,9,29,845,1,2,1,1.0,3.0,40192,M,,,40
201000032345,10,9,29,955,1,1,3,1.0,3.0,40192,M,,,40
201000032346,10,10,1,1448,1,2,3,1.0,3.0,40281,M,,,40
201000032347,10,10,6,1900,1,2,3,1.0,2.0,40192,M,,,40
201000032348,10,10,7,920,1,2,1,1.0,3.0,40192,M,,,40
201000032349,10,10,14,1006,1,2,7,1.0,6.0,40281,M,,,40
201000032350,10,10,15,1730,1,2,3,1.0,4.0,40192,M,,,40
201000032351,10,10,22,1902,1,2,1,1.0,6.0,40192,M,,,40
201000032352,10,11,3,950,1,1,3,2.0,3.0,40192,M,,,40
201000032353,10,11,10,1515,1,2,1,2.0,6.0,40192,M,,,40
201000032354,10,11,26,740,5,2,3,5.0,3.0,40281,M,,,40
201000032355,10,12,9,2010,5,2,3,1.0,3.0,40192,M,,,40
201000032356,10,12,14,1220,1,2,2,1.0,3.0,40192,M,,,40
201000032357,10,1,5,1806,1,2,1,1.0,6.0,41018,M,,,41
201000032358,10,1,11,2150,3,1,1,1.0,7.0,41018,M,4761680.0,132874.0,41
201000032359,10,1,15,2032,5,2,6,1.0,3.0,41212,M,4756150.0,137295.0,41
201000032360,10,1,24,1905,3,2,1,1.0,2.0,41018,M,4758190.0,130052.0,41
201000032361,10,1,25,1913,5,2,1,1.0,6.0,41018,M,4758160.0,134276.0,41
201000032362,10,1,29,1638,1,2,1,2.0,2.0,41018,M,,,41
201000032363,10,2,8,1630,1,2,6,1.0,3.0,41018,M,4758470.0,131836.0,41
201000032364,10,2,10,1200,1,2,1,1.0,7.0,41018,M,,,41
201000032365,10,2,10,1625,1,1,1,1.0,3.0,41018,M,4761520.0,130669.0,41
201000032366,10,2,18,1215,1,2,2,1.0,3.0,41018,M,,,41
201000032367,10,2,20,1531,1,2,1,1.0,2.0,41212,M,4756040.0,137316.0,41
201000032368,10,2,22,1155,1,2,1,1.0,2.0,41018,M,,,41
201000032369,10,2,25,1155,1,2,1,3.0,6.0,41018,M,,,41
201000032370,10,2,24,1230,1,2,1,1.0,3.0,41018,M,,,41
201000032371,10,2,26,1550,1,2,1,1.0,3.0,41018,M,,,41
201000032372,10,3,1,745,1,2,1,1.0,6.0,41018,M,,,41
201000032373,10,3,4,2100,5,2,2,1.0,3.0,41018,M,,,41
201000032374,10,3,6,955,1,2,1,1.0,6.0,41212,M,,,41
201000032375,10,3,8,1345,1,2,1,1.0,1.0,41018,M,,,41
201000032376,10,3,12,1056,1,2,3,1.0,3.0,41018,M,,,41
201000032377,10,3,15,1735,1,2,1,1.0,6.0,41018,M,,,41
201000032378,10,3,16,525,3,2,1,1.0,7.0,41018,M,4759480.0,135287.0,41
201000032379,10,3,19,850,1,2,1,1.0,6.0,41018,M,,,41
201000032380,10,3,20,1130,1,2,1,2.0,2.0,41018,M,,,41
201000032381,10,3,26,1515,1,2,2,1.0,3.0,41018,M,,,41
201000032382,10,3,30,925,1,2,1,1.0,6.0,41018,M,,,41
201000032383,10,3,30,1750,1,2,1,1.0,3.0,41047,M,,,41
201000032384,10,4,11,1930,1,2,3,1.0,3.0,41018,M,,,41
201000032385,10,4,12,1707,1,2,1,1.0,2.0,41018,M,4759280.0,134532.0,41
201000032386,10,4,12,1145,1,2,1,1.0,1.0,41018,M,,,41
201000032387,10,4,12,1930,1,2,2,1.0,4.0,41018,M,4758400.0,133906.0,41
201000032388,10,4,13,1139,1,2,1,1.0,2.0,41018,M,,,41
201000032389,10,4,14,1130,1,2,9,1.0,6.0,41018,M,,,41
201000032390,10,4,14,1705,1,2,1,1.0,6.0,41018,M,,,41
201000032391,10,4,22,1840,1,2,3,1.0,3.0,41018,M,,,41
201000032392,10,4,26,2040,1,2,1,1.0,3.0,41018,M,,,41
201000032393,10,4,27,1509,1,1,1,1.0,3.0,41047,M,,,41
201000032394,10,4,29,1150,1,2,1,1.0,7.0,41018,M,,,41
201000032395,10,5,4,1625,1,2,3,1.0,3.0,41018,M,,,41
201000032396,10,5,6,1515,1,2,1,1.0,7.0,41018,M,4758280.0,134089.0,41
201000032397,10,5,5,1730,1,2,1,1.0,6.0,41018,M,,,41
201000032398,10,5,14,135,5,2,6,1.0,6.0,41018,M,,,41
201000032399,10,5,19,2034,1,1,1,7.0,1.0,41018,M,4754620.0,128746.0,41
201000032400,10,5,20,830,1,2,6,1.0,3.0,41212,M,4756150.0,137295.0,41
201000032401,10,5,20,1845,1,2,6,1.0,2.0,41212,M,4756150.0,137295.0,41
201000032402,10,5,21,1345,1,2,1,1.0,2.0,41018,M,,,41
201000032403,10,5,21,1715,1,2,1,1.0,6.0,41018,M,,,41
201000032404,10,5,24,1950,1,2,2,1.0,3.0,41018,M,,,41
201000032405,10,5,25,736,1,2,1,1.0,1.0,41018,M,,,41
201000032406,10,5,26,1217,1,2,1,1.0,2.0,41018,M,4759550.0,135199.0,41
201000032407,10,5,21,1540,1,2,1,1.0,2.0,41047,M,4760600.0,135293.0,41
201000032408,10,6,4,1455,1,2,1,1.0,2.0,41018,M,,,41
201000032409,10,6,8,1748,1,2,2,1.0,3.0,41212,M,4757300.0,135545.0,41
201000032410,10,6,15,2000,1,2,1,1.0,2.0,41018,M,,,41
201000032411,10,6,11,1248,1,2,1,1.0,3.0,41018,M,,,41
201000032412,10,6,13,1330,1,1,2,1.0,3.0,41018,M,4758940.0,135196.0,41
201000032413,10,6,10,2235,5,2,2,1.0,3.0,41018,M,,,41
201000032414,10,6,20,555,2,2,1,1.0,6.0,41018,M,,,41
201000032415,10,6,19,2110,1,2,1,1.0,6.0,41018,M,4757010.0,130836.0,41
201000032416,10,6,20,1708,1,2,6,1.0,3.0,41018,M,4758470.0,131836.0,41
201000032417,10,6,21,1430,1,1,6,1.0,3.0,41212,M,4756150.0,137295.0,41
201000032418,10,6,22,1455,1,2,1,1.0,3.0,41018,M,,,41
201000032419,10,6,25,1412,1,2,9,1.0,6.0,41047,M,4761580.0,136432.0,41
201000032420,10,6,27,1835,1,1,1,1.0,6.0,41018,M,,,41
201000032421,10,6,26,335,3,2,1,1.0,3.0,41018,M,,,41
201000032422,10,6,26,35,3,1,1,1.0,7.0,41018,M,4758190.0,129320.0,41
201000032423,10,6,30,1125,1,2,1,1.0,7.0,41018,M,,,41
201000032424,10,6,30,1213,1,2,1,1.0,3.0,41018,M,,,41
201000032425,10,7,1,1745,1,1,1,1.0,4.0,41018,M,4761500.0,133316.0,41
201000032426,10,7,6,750,1,2,3,1.0,3.0,41018,M,,,41
201000032427,10,7,7,1837,1,1,1,1.0,2.0,41018,M,4755860.0,137336.0,41
201000032428,10,7,8,850,1,1,3,1.0,3.0,41018,M,4758940.0,135196.0,41
201000032429,10,7,14,1010,1,2,1,2.0,3.0,41018,M,4758460.0,133434.0,41
201000032430,10,7,15,1755,1,2,1,1.0,6.0,41018,M,,,41
201000032431,10,7,20,1200,1,1,1,1.0,1.0,41018,M,4754620.0,128746.0,41
201000032432,10,7,20,1535,1,2,3,1.0,3.0,41018,M,,,41
201000032433,10,7,24,1850,1,2,1,1.0,6.0,41018,M,,,41
201000032434,10,7,25,2250,3,1,1,1.0,7.0,41212,M,4756150.0,137657.0,41
201000032435,10,7,26,2020,1,2,1,1.0,6.0,41018,M,,,41
201000032436,10,7,28,1839,1,2,6,1.0,5.0,41212,M,4756150.0,137295.0,41
201000032437,10,7,31,1145,1,2,1,1.0,6.0,41018,M,4758410.0,133899.0,41
201000032438,10,8,16,1506,1,2,1,1.0,7.0,41047,M,4760660.0,135357.0,41
201000032439,10,8,16,1755,1,2,2,1.0,5.0,41018,M,,,41
201000032440,10,8,6,1345,1,2,2,1.0,6.0,41047,M,4760480.0,135150.0,41
201000032441,10,8,6,1820,1,2,1,1.0,4.0,41018,M,,,41
201000032442,10,8,6,2230,5,2,1,1.0,7.0,41018,M,,,41
201000032443,10,8,7,1600,1,2,1,1.0,3.0,41018,M,,,41
201000032444,10,8,8,1500,1,2,1,1.0,6.0,41018,M,,,41
201000032445,10,8,21,2145,5,2,1,1.0,7.0,41018,M,,,41
201000032446,10,8,21,2055,2,2,1,1.0,3.0,41018,M,,,41
201000032447,10,8,23,1952,1,1,1,1.0,7.0,41018,M,,,41
201000032448,10,8,23,2006,1,2,6,1.0,7.0,41018,M,4761000.0,133929.0,41
201000032449,10,8,30,1220,1,2,1,1.0,2.0,41018,M,,,41
201000032450,10,9,1,1400,1,2,1,1.0,2.0,41018,M,,,41
201000032451,10,9,3,1500,1,2,1,1.0,3.0,41018,M,,,41
201000032452,10,9,11,2250,5,2,1,1.0,6.0,41018,M,,,41
201000032453,10,9,14,1213,1,2,1,1.0,2.0,41018,M,4759450.0,134693.0,41
201000032454,10,9,12,1005,1,2,1,2.0,6.0,41018,M,,,41
201000032455,10,9,13,1714,1,2,1,1.0,5.0,41018,M,4758750.0,136241.0,41
201000032456,10,9,13,1724,1,2,2,1.0,3.0,41018,M,,,41
201000032457,10,9,15,1304,1,2,1,2.0,7.0,41018,M,,,41
201000032458,10,9,19,100,5,2,2,1.0,1.0,41047,M,,,41
201000032459,10,9,20,1346,1,2,1,1.0,3.0,41018,M,,,41
201000032460,10,9,23,905,1,2,1,1.0,2.0,41047,M,4760340.0,134998.0,41
201000032461,10,9,23,1316,1,2,2,1.0,3.0,41018,M,,,41
201000032462,10,9,23,1650,1,2,1,1.0,7.0,41018,M,,,41
201000032463,10,9,24,1633,1,2,1,2.0,6.0,41018,M,,,41
201000032464,10,9,25,1708,1,2,3,1.0,3.0,41018,M,4758940.0,135196.0,41
201000032465,10,9,30,1328,1,2,2,1.0,3.0,41018,M,4757800.0,132101.0,41
201000032466,10,9,30,1059,1,1,1,1.0,6.0,41018,M,,,41
201000032467,10,10,3,1835,2,2,1,8.0,1.0,41018,M,,,41
201000032468,10,10,6,1802,1,2,1,1.0,7.0,41018,M,,,41
201000032469,10,10,7,1737,1,2,1,1.0,6.0,41018,M,,,41
201000032470,10,10,7,1455,1,2,1,1.0,6.0,41212,M,4757290.0,135567.0,41
201000032471,10,10,10,1825,1,2,2,1.0,3.0,41018,M,,,41
201000032472,10,10,12,1732,1,2,1,1.0,3.0,41018,M,,,41
201000032473,10,10,12,1830,1,2,1,1.0,3.0,41018,M,,,41
201000032474,10,10,11,1437,1,2,2,1.0,3.0,41018,M,,,41
201000032475,10,10,14,1744,1,2,1,1.0,2.0,41212,M,4756700.0,136440.0,41
201000032476,10,10,14,1753,1,2,1,1.0,4.0,41018,M,4758940.0,134124.0,41
201000032477,10,10,16,935,1,2,2,2.0,3.0,41018,M,4758140.0,134309.0,41
201000032478,10,10,18,1320,1,2,1,1.0,2.0,41018,M,,,41
201000032479,10,10,18,1725,1,2,1,1.0,4.0,41018,M,4759360.0,135447.0,41
201000032480,10,10,19,1955,4,2,1,3.0,6.0,41018,M,4758660.0,136326.0,41
201000032481,10,10,19,2125,5,2,1,2.0,6.0,41018,M,,,41
201000032482,10,10,20,1615,1,2,1,1.0,4.0,41018,M,,,41
201000032483,10,10,20,1745,1,2,1,1.0,2.0,41018,M,,,41
201000032484,10,10,23,1833,2,2,1,1.0,7.0,41047,M,,,41
201000032485,10,10,28,1725,1,2,1,1.0,3.0,41018,M,4759050.0,135583.0,41
201000032486,10,10,28,1903,2,2,1,1.0,7.0,41018,M,4758160.0,134276.0,41
201000032487,10,10,28,1709,1,2,1,1.0,1.0,41047,M,4760820.0,135536.0,41
201000032488,10,10,30,1544,1,1,1,1.0,4.0,41212,M,4756040.0,137316.0,41
201000032489,10,10,30,2135,3,2,1,1.0,7.0,41018,M,4756910.0,133676.0,41
201000032490,10,11,5,1348,1,2,1,1.0,6.0,41018,M,,,41
201000032491,10,11,7,1525,1,1,1,2.0,3.0,41212,M,4756090.0,137394.0,41
201000032492,10,11,9,1820,4,1,1,8.0,6.0,41018,M,4758370.0,136536.0,41
201000032493,10,11,9,1825,5,2,1,8.0,6.0,41018,M,,,41
201000032494,10,11,14,1240,1,2,1,2.0,7.0,41018,M,,,41
201000032495,10,11,16,1926,5,2,1,1.0,6.0,41018,M,,,41
201000032496,10,11,23,1225,1,2,2,1.0,3.0,41018,M,,,41
201000032497,10,11,23,1800,5,2,1,1.0,3.0,41047,M,,,41
201000032498,10,11,26,1920,5,1,1,1.0,2.0,41018,M,4761470.0,133357.0,41
201000032499,10,11,25,745,5,2,1,2.0,4.0,41018,M,,,41
201000032500,10,11,25,1600,1,2,1,1.0,5.0,41018,M,4757220.0,131087.0,41
201000032501,10,11,25,1640,1,2,3,1.0,3.0,41018,M,,,41
201000032502,10,11,30,1630,1,2,7,8.0,6.0,41018,M,,,41
201000032503,10,12,7,1335,1,2,3,2.0,3.0,41018,M,,,41
201000032504,10,12,7,1212,1,1,1,2.0,3.0,41018,M,4759690.0,135045.0,41
201000032505,10,12,9,1455,1,2,3,1.0,3.0,41018,M,,,41
201000032506,10,12,10,1845,5,2,2,1.0,1.0,41018,M,,,41
201000032507,10,12,13,1820,5,2,9,1.0,1.0,41047,M,,,41
201000032508,10,12,15,805,1,2,1,1.0,6.0,41018,M,,,41
201000032509,10,12,20,1510,1,2,1,1.0,6.0,41018,M,,,41
201000032510,10,12,22,1504,1,1,1,3.0,2.0,41212,M,4756000.0,137326.0,41
201000032511,10,12,22,1731,4,2,1,3.0,6.0,41018,M,,,41
201000032512,10,12,22,2105,5,2,1,3.0,1.0,41018,M,,,41
201000032513,10,12,24,1500,1,2,1,4.0,6.0,41018,M,,,41
201000032514,10,12,28,1944,1,2,1,1.0,3.0,41018,M,,,41
201000032515,10,12,29,1505,1,2,1,1.0,1.0,41018,M,,,41
201000032516,10,1,4,1100,1,1,1,1.0,7.0,41194,M,4738410.0,173800.0,41
201000032517,10,3,19,1730,1,2,2,8.0,1.0,41194,M,,,41
201000032518,10,3,26,1505,1,2,1,8.0,3.0,41194,M,,,41
201000032519,10,5,15,2325,5,2,1,1.0,6.0,41194,M,,,41
201000032520,10,5,26,1840,1,2,1,1.0,1.0,41194,M,,,41
201000032521,10,8,19,1845,1,2,2,1.0,3.0,41194,M,,,41
201000032522,10,9,18,1915,1,2,1,1.0,3.0,41194,M,,,41
201000032523,10,11,25,1640,1,1,1,1.0,6.0,41194,M,4735460.0,177586.0,41
201000032524,10,11,25,1755,5,2,1,4.0,6.0,41194,M,,,41
201000032525,10,11,26,1930,5,2,1,1.0,1.0,41194,M,,,41
201000032526,10,12,9,1020,1,2,1,1.0,6.0,41194,M,,,41
201000032527,10,12,10,1345,1,2,1,1.0,7.0,41194,M,,,41
201000032528,10,12,11,550,5,2,1,8.0,7.0,41194,M,,,41
201000032529,10,12,16,1735,5,2,1,2.0,1.0,41194,M,,,41
201000032530,10,1,12,834,2,2,2,1.0,7.0,41269,M,,,41
201000032531,10,1,31,1800,1,2,5,1.0,3.0,41269,M,,,41
201000032532,10,2,5,2110,5,2,1,1.0,2.0,41269,M,,,41
201000032533,10,2,19,1730,1,2,1,1.0,2.0,41269,M,,,41
201000032534,10,2,22,1338,1,2,3,1.0,3.0,41269,M,,,41
201000032535,10,2,24,2050,5,2,5,1.0,3.0,41226,M,4780420.0,107108.0,41
201000032536,10,3,7,1737,1,2,2,1.0,3.0,41269,M,4780440.0,103516.0,41
201000032537,10,3,17,1855,1,1,1,1.0,1.0,41269,M,4781110.0,102552.0,41
201000032538,10,3,29,749,1,2,1,1.0,7.0,41269,M,,,41
201000032539,10,4,9,1400,1,2,2,1.0,7.0,41269,M,,,41
201000032540,10,4,11,1900,1,2,3,1.0,3.0,41269,M,,,41
201000032541,10,4,17,2055,1,1,1,1.0,3.0,41226,M,,,41
201000032542,10,4,30,1800,1,1,1,1.0,7.0,41269,M,4779430.0,109932.0,41
201000032543,10,5,2,1200,1,2,5,1.0,3.0,41226,M,4781080.0,107385.0,41
201000032544,10,5,17,735,1,1,1,1.0,7.0,41158,M,4778170.0,102197.0,41
201000032545,10,6,5,330,5,2,1,1.0,4.0,41226,M,4780600.0,107181.0,41
201000032546,10,6,5,1525,1,2,1,1.0,5.0,41269,M,,,41
201000032547,10,6,17,1440,1,2,2,1.0,6.0,41269,M,,,41
201000032548,10,6,23,1845,1,2,1,1.0,7.0,41269,M,,,41
201000032549,10,7,21,835,1,2,1,1.0,7.0,41269,M,,,41
201000032550,10,7,25,2015,1,2,1,1.0,7.0,41269,M,,,41
201000032551,10,8,4,1725,1,2,1,1.0,3.0,41226,M,,,41
201000032552,10,8,14,2239,5,2,1,1.0,6.0,41269,M,,,41
201000032553,10,8,18,500,3,1,1,1.0,7.0,41003,M,4779430.0,109932.0,41
201000032554,10,9,12,600,5,2,5,1.0,3.0,41226,M,,,41
201000032555,10,9,10,900,1,2,1,1.0,3.0,41269,M,,,41
201000032556,10,9,24,750,1,2,3,2.0,3.0,41269,M,,,41
201000032557,10,10,4,1125,1,2,5,1.0,3.0,41269,M,4780420.0,107108.0,41
201000032558,10,10,9,1130,1,2,5,1.0,3.0,41226,M,4780420.0,107108.0,41
201000032559,10,10,31,320,5,2,1,1.0,6.0,41269,M,,,41
201000032560,10,11,5,807,1,2,2,1.0,6.0,41269,M,,,41
201000032561,10,11,9,1500,1,2,1,1.0,7.0,41269,M,,,41
201000032562,10,11,10,1640,1,2,1,1.0,3.0,41269,M,,,41
201000032563,10,11,30,1000,1,2,2,1.0,3.0,41269,M,,,41
201000032564,10,1,6,1230,1,2,1,4.0,1.0,42095,M,4540270.0,428903.0,42
201000032565,10,1,11,1240,1,2,1,8.0,6.0,42183,M,4539933.0,437353.0,42
201000032566,10,1,23,550,3,1,1,9.0,6.0,42316,M,4540083.0,425589.0,42
201000032567,10,1,27,1835,5,2,1,1.0,3.0,42099,M,4537818.0,427200.0,42
201000032568,10,2,6,1645,1,2,1,1.0,6.0,42183,M,4540122.0,435611.0,42
201000032569,10,2,8,1520,1,2,1,8.0,6.0,42044,M,4539846.0,433457.0,42
201000032570,10,3,18,1735,1,2,1,1.0,3.0,42095,M,4540001.0,429079.0,42
201000032571,10,3,15,1705,1,2,1,1.0,6.0,42044,M,4539756.0,432807.0,42
201000032572,10,3,23,910,1,2,3,1.0,3.0,42044,M,4540012.0,435338.0,42
201000032573,10,4,4,1815,1,1,1,2.0,7.0,42044,M,4539051.0,436962.0,42
201000032574,10,4,10,1515,1,2,1,1.0,6.0,42183,M,4540316.0,436573.0,42
201000032575,10,4,18,1645,1,1,1,1.0,6.0,42044,M,4538441.0,430658.0,42
201000032576,10,4,22,1900,1,2,1,1.0,2.0,42095,M,4539587.0,432005.0,42
201000032577,10,4,24,2250,5,2,1,1.0,3.0,42044,M,4539351.0,429768.0,42
201000032578,10,4,27,800,1,2,1,1.0,3.0,42183,M,4540596.0,436736.0,42
201000032579,10,4,27,1030,1,1,1,1.0,3.0,42044,M,4541350.0,430040.0,42
201000032580,10,4,27,1950,1,2,1,1.0,3.0,42044,M,4539779.0,434632.0,42
201000032581,10,4,11,1330,1,2,1,1.0,2.0,42044,M,4539762.0,433171.0,42
201000032582,10,5,4,1350,1,2,1,2.0,1.0,42183,M,4541274.0,437177.0,42
201000032583,10,5,5,1540,1,2,3,3.0,5.0,42183,M,4540208.0,435871.0,42
201000032584,10,4,30,1745,1,2,1,1.0,2.0,42044,M,4539610.0,432189.0,42
201000032585,10,5,10,1730,1,2,1,1.0,3.0,42044,M,4539360.0,429853.0,42
201000032586,10,5,20,1620,1,2,1,1.0,3.0,42316,M,4540607.0,425601.0,42
201000032587,10,6,4,1400,1,1,1,1.0,2.0,42270,M,4539609.0,423160.0,42
201000032588,10,6,9,1915,1,2,3,1.0,3.0,42044,M,4539474.0,430203.0,42
201000032589,10,6,12,1530,1,1,1,1.0,7.0,42044,M,4540567.0,433041.0,42
201000032590,10,6,18,730,1,2,1,1.0,6.0,42044,M,4539640.0,433079.0,42
201000032591,10,6,24,1330,1,2,1,1.0,6.0,42270,M,4539277.0,423593.0,42
201000032592,10,6,23,1600,1,2,1,1.0,6.0,42183,M,4540038.0,435898.0,42
201000032593,10,7,23,1140,1,2,1,1.0,6.0,42095,M,4539790.0,429418.0,42
201000032594,10,8,4,1920,1,2,1,1.0,1.0,42044,M,4539896.0,433983.0,42
201000032595,10,7,18,1325,1,2,1,1.0,6.0,42044,M,4539475.0,430852.0,42
201000032596,10,7,29,1450,1,2,3,1.0,3.0,42316,M,4539503.0,426694.0,42
201000032597,10,8,9,1625,1,2,1,1.0,6.0,42044,M,4539723.0,432409.0,42
201000032598,10,8,11,1115,1,2,1,1.0,6.0,42095,M,4536600.0,427045.0,42
201000032599,10,8,11,1605,1,1,1,1.0,6.0,42316,M,4541099.0,428161.0,42
201000032600,10,8,12,1550,1,2,1,1.0,2.0,42095,M,4538951.0,428417.0,42
201000032601,10,7,6,1650,1,2,1,1.0,6.0,42183,M,4540365.0,436608.0,42
201000032602,10,8,16,1520,1,2,1,1.0,6.0,42095,M,4539336.0,429223.0,42
201000032603,10,8,29,1900,1,2,1,1.0,3.0,42044,M,4539529.0,431369.0,42
201000032604,10,9,5,1315,1,2,1,1.0,3.0,42031,M,4540855.0,424659.0,42
201000032605,10,9,18,500,5,2,1,1.0,1.0,42270,M,4539594.0,422625.0,42
201000032606,10,9,29,1730,1,1,1,1.0,7.0,42031,M,4541449.0,423615.0,42
201000032607,10,10,6,1015,1,2,1,1.0,1.0,42095,M,4538715.0,428200.0,42
201000032608,10,10,7,1825,1,2,1,1.0,2.0,42044,M,4539447.0,434555.0,42
201000032609,10,11,3,1400,1,2,3,1.0,3.0,42095,M,4539111.0,429098.0,42
201000032610,10,11,12,2215,5,2,2,1.0,3.0,42095,M,4539016.0,429076.0,42
201000032611,10,11,30,1530,1,2,1,4.0,2.0,42095,M,4539280.0,429020.0,42
201000032612,10,12,4,1440,1,2,6,1.0,3.0,42095,M,4538859.0,428019.0,42
201000032613,10,12,18,1515,1,2,1,1.0,6.0,42044,M,4539348.0,429778.0,42
201000032614,10,1,23,1725,1,2,3,8.0,6.0,42147,M,4559495.0,408396.0,42
201000032615,10,2,23,2115,5,2,6,2.0,6.0,42147,M,4559493.0,408394.0,42
201000032616,10,2,26,1855,2,2,1,1.0,6.0,42147,M,4561019.0,405996.0,42
201000032617,10,2,4,840,1,2,6,9.0,3.0,42147,M,4561179.0,406770.0,42
201000032618,10,3,30,1615,1,2,3,1.0,2.0,42147,M,4560767.0,406808.0,42
201000032619,10,4,27,845,1,2,1,1.0,6.0,42147,M,,,42
201000032620,10,4,27,1130,1,1,1,1.0,3.0,42299,M,4561260.0,410623.0,42
201000032621,10,5,10,1340,1,1,6,1.0,2.0,42299,M,4560105.0,409333.0,42
201000032622,10,5,10,1530,1,1,1,1.0,7.0,42299,M,,,42
201000032623,10,5,15,1130,1,2,1,1.0,6.0,42147,M,4560523.0,406515.0,42
201000032624,10,5,5,1225,1,2,6,2.0,3.0,42299,M,4561142.0,406794.0,42
201000032625,10,6,4,1430,1,2,1,1.0,3.0,42147,M,4560529.0,406513.0,42