Num_Acc,an,mois,jour,hrmn,lum,agg,int,atm,col,com,gps,lat,long,dep
201000032626,10,6,25,1215,1,2,2,1.0,3.0,42147,M,4560767.0,406813.0,42
201000032627,10,7,6,1800,1,1,1,1.0,7.0,42299,M,4560758.0,406820.0,42
201000032628,10,7,16,920,1,1,3,1.0,3.0,42147,M,4559893.0,410484.0,42
201000032629,10,8,15,1805,1,1,1,1.0,1.0,42299,M,4561090.0,408866.0,42
201000032630,10,9,24,1430,1,2,3,8.0,7.0,42147,M,4560213.0,407000.0,42
201000032631,10,10,5,940,1,1,1,2.0,3.0,42299,M,4561348.0,407310.0,42
201000032632,10,10,9,1840,1,2,2,1.0,3.0,42147,M,4561378.0,405187.0,42
201000032633,10,11,9,1805,5,2,6,2.0,3.0,42299,M,4561345.0,407312.0,42
201000032634,10,12,2,855,1,2,1,1.0,6.0,42147,M,4560859.0,406208.0,42
201000032635,10,1,21,1045,1,2,1,1.0,6.0,42186,M,4553025.0,462337.0,42
201000032636,10,2,8,1205,1,2,1,1.0,6.0,42123,M,4551014.0,457601.0,42
201000032637,10,3,4,1930,5,2,1,1.0,7.0,42186,M,4553297.0,460428.0,42
201000032638,10,3,24,1210,1,2,1,1.0,6.0,42186,M,4552354.0,461644.0,42
201000032639,10,3,27,1615,1,1,1,2.0,7.0,42259,M,4556640.0,457532.0,42
201000032640,10,4,1,2220,5,2,1,1.0,1.0,42186,M,4552381.0,460553.0,42
201000032641,10,3,15,1115,1,2,1,1.0,6.0,42186,M,4552976.0,462111.0,42
201000032642,10,4,23,925,1,2,1,1.0,6.0,42186,M,4552852.0,461578.0,42
201000032643,10,5,6,1610,1,2,1,1.0,6.0,42186,M,4553190.0,460647.0,42
201000032644,10,5,22,1650,1,2,1,1.0,1.0,42225,M,4552187.0,459140.0,42
201000032645,10,7,10,1330,1,2,2,1.0,3.0,42186,M,4553185.0,462567.0,42
201000032646,10,6,24,1630,1,2,1,1.0,6.0,42186,M,4553329.0,463073.0,42
201000032647,10,9,13,2000,2,2,3,1.0,3.0,42186,M,4552761.0,461384.0,42
201000032648,10,9,14,1725,1,1,3,1.0,3.0,42123,M,4551717.0,459192.0,42
201000032649,10,9,23,1705,1,2,1,1.0,3.0,42123,M,4550968.0,457406.0,42
201000032650,10,9,20,1810,1,2,1,1.0,1.0,42225,M,4554611.0,457058.0,42
201000032651,10,10,5,1655,1,2,1,1.0,6.0,42186,M,4552144.0,460910.0,42
201000032652,10,11,19,1800,2,1,1,1.0,1.0,42186,M,4551930.0,459460.0,42
201000032653,10,11,13,1530,1,2,1,1.0,3.0,42186,M,4553314.0,463019.0,42
201000032654,10,12,7,2030,5,2,1,1.0,3.0,42103,M,4550717.0,457147.0,42
201000032655,10,1,27,1215,1,2,1,1.0,2.0,42184,M,4603598.0,404291.0,42
201000032656,10,1,12,1745,5,2,1,1.0,3.0,42187,M,4603462.0,407361.0,42
201000032657,10,1,15,400,5,2,1,1.0,6.0,42187,M,4603483.0,407293.0,42
201000032658,10,1,15,1955,3,1,1,1.0,6.0,42127,M,4609340.0,407665.0,42
201000032659,10,1,18,750,1,2,1,1.0,3.0,42127,M,4608482.0,406869.0,42
201000032660,10,1,18,920,1,2,1,1.0,2.0,42187,M,4603394.0,407806.0,42
201000032661,10,1,21,1610,1,2,1,1.0,2.0,42187,M,4603697.0,406532.0,42
201000032662,10,1,24,1740,5,2,4,1.0,3.0,42187,M,4605771.0,408540.0,42
201000032663,10,1,13,1830,5,1,6,1.0,3.0,42187,M,4603865.0,406838.0,42
201000032664,10,1,28,1645,1,2,3,4.0,2.0,42127,M,4607121.0,406600.0,42
201000032665,10,2,1,950,1,2,3,1.0,6.0,42071,M,4602275.0,408840.0,42
201000032666,10,2,1,1800,1,2,3,1.0,3.0,42187,M,4604136.0,405546.0,42
201000032667,10,2,5,1800,1,2,3,1.0,3.0,42184,M,4604245.0,404882.0,42
201000032668,10,2,8,1420,1,2,1,1.0,3.0,42071,M,4601392.0,409647.0,42
201000032669,10,2,16,815,1,2,1,1.0,7.0,42184,M,4605576.0,404401.0,42
201000032670,10,2,18,1815,1,2,1,1.0,3.0,42187,M,4605004.0,406796.0,42
201000032671,10,2,20,40,5,2,1,1.0,7.0,42071,M,4602775.0,408490.0,42
201000032672,10,2,22,455,3,1,6,1.0,3.0,42170,M,4603490.0,410231.0,42
201000032673,10,2,24,645,1,2,5,1.0,3.0,42187,M,4604466.0,408018.0,42
201000032674,10,2,24,1700,1,2,2,1.0,3.0,42187,M,4604998.0,409009.0,42
201000032675,10,2,20,1815,2,2,6,1.0,2.0,42127,M,4606531.0,407132.0,42
201000032676,10,2,26,1810,1,2,6,1.0,3.0,42187,M,4605990.0,407625.0,42
201000032677,10,2,26,1850,5,2,5,1.0,3.0,42187,M,4604382.0,406780.0,42
201000032678,10,3,9,800,1,2,1,1.0,6.0,42187,M,4606039.0,408825.0,42
201000032679,10,3,12,400,5,2,1,1.0,1.0,42187,M,4603355.0,407322.0,42
201000032680,10,3,10,1810,1,2,2,1.0,3.0,42187,M,4603781.0,405522.0,42
201000032681,10,3,16,835,1,2,5,1.0,3.0,42187,M,4603693.0,407718.0,42
201000032682,10,3,19,1335,1,2,3,1.0,3.0,42187,M,4603069.0,406768.0,42
201000032683,10,3,24,1800,1,2,1,1.0,2.0,42071,M,4601461.0,409305.0,42
201000032684,10,3,25,1900,1,2,3,1.0,3.0,42187,M,4603537.0,407223.0,42
201000032685,10,3,26,1445,1,2,1,1.0,6.0,42187,M,4603678.0,406674.0,42
201000032686,10,4,1,830,1,2,1,1.0,6.0,42187,M,4603494.0,405851.0,42
201000032687,10,4,2,1150,1,1,1,1.0,7.0,42170,M,4604098.0,415318.0,42
201000032688,10,4,2,2310,5,2,1,1.0,7.0,42187,M,4603936.0,406898.0,42
201000032689,10,4,7,1345,1,2,1,1.0,4.0,42187,M,4604184.0,406998.0,42
201000032690,10,4,8,830,1,2,3,1.0,3.0,42187,M,4605861.0,407443.0,42
201000032691,10,4,9,1615,1,2,1,1.0,2.0,42187,M,4605006.0,408452.0,42
201000032692,10,4,10,1400,1,2,1,1.0,6.0,42071,M,4603064.0,408289.0,42
201000032693,10,4,13,2130,5,2,1,1.0,7.0,42187,M,4602876.0,406679.0,42
201000032694,10,4,24,1910,1,2,2,1.0,3.0,42184,M,4603980.0,405212.0,42
201000032695,10,4,25,1550,1,2,1,1.0,7.0,42187,M,4604908.0,408181.0,42
201000032696,10,4,17,1715,1,2,1,1.0,3.0,42187,M,4604083.0,407252.0,42
201000032697,10,4,18,900,1,2,3,1.0,3.0,42187,M,4603790.0,405531.0,42
201000032698,10,4,22,1150,1,2,1,1.0,3.0,42127,M,4606560.0,406819.0,42
201000032699,10,4,22,1630,1,2,3,1.0,1.0,42184,M,4604975.0,402130.0,42
201000032700,10,4,27,1530,1,2,1,1.0,3.0,42187,M,,,42
201000032701,10,4,27,2005,1,1,1,1.0,6.0,42127,M,4607889.0,405199.0,42
201000032702,10,4,28,1150,1,2,6,1.0,3.0,42184,M,4604920.0,405199.0,42
201000032703,10,4,29,1750,1,2,1,1.0,5.0,42184,M,4603991.0,403657.0,42
201000032704,10,5,4,240,5,2,1,1.0,7.0,42187,M,4604976.0,407064.0,42
201000032705,10,5,4,1410,1,2,1,2.0,7.0,42187,M,4603604.0,406393.0,42
201000032706,10,5,5,1302,1,2,1,3.0,3.0,42187,M,4604511.0,408734.0,42
201000032707,10,5,4,2100,2,2,1,1.0,2.0,42187,M,4604533.0,407721.0,42
201000032708,10,5,7,1215,1,2,1,1.0,2.0,42127,M,4608087.0,406676.0,42
201000032709,10,5,10,730,1,2,1,2.0,6.0,42184,M,4604761.0,405056.0,42
201000032710,10,5,10,1720,1,2,1,1.0,6.0,42071,M,4602573.0,409309.0,42
201000032711,10,5,12,1220,1,2,1,1.0,6.0,42187,M,4605479.0,409149.0,42
201000032712,10,5,13,1020,1,1,3,1.0,3.0,42170,M,4606807.0,412197.0,42
201000032713,10,5,15,1530,1,1,1,1.0,7.0,42170,M,4603922.0,414381.0,42
201000032714,10,5,19,1420,1,2,2,1.0,5.0,42184,M,4603970.0,403793.0,42
201000032715,10,5,24,1600,1,2,2,1.0,3.0,42187,M,4603192.0,407575.0,42
201000032716,10,5,22,1830,1,2,6,1.0,3.0,42127,M,4606266.0,406221.0,42
201000032717,10,5,22,1045,1,2,2,1.0,6.0,42187,M,4603569.0,405233.0,42
201000032718,10,5,27,450,5,2,1,1.0,2.0,42187,M,4604089.0,406088.0,42
201000032719,10,5,27,740,1,2,2,1.0,3.0,42187,M,4604045.0,405346.0,42
201000032720,10,5,27,1730,1,2,1,1.0,5.0,42187,M,4604877.0,408286.0,42
201000032721,10,5,28,1200,1,2,1,1.0,6.0,42187,M,4603473.0,407238.0,42
201000032722,10,5,31,820,1,2,1,1.0,6.0,42187,M,4603773.0,405982.0,42
201000032723,10,6,6,400,5,2,1,1.0,2.0,42187,M,4604129.0,407420.0,42
201000032724,10,6,6,2150,5,2,3,1.0,3.0,42187,M,4603600.0,405840.0,42
201000032725,10,6,7,1650,1,2,2,1.0,3.0,42187,M,4604065.0,407531.0,42
201000032726,10,6,10,845,1,1,1,1.0,3.0,42127,M,4607625.0,406663.0,42
201000032727,10,6,12,1535,1,2,6,1.0,3.0,42187,M,4603604.0,406393.0,42
201000032728,10,6,12,1345,1,2,6,1.0,3.0,42187,M,4603684.0,406578.0,42
201000032729,10,6,11,2005,1,2,3,1.0,3.0,42187,M,4604082.0,405867.0,42
201000032730,10,6,14,1000,1,2,6,1.0,3.0,42127,M,,,42
201000032731,10,6,14,1504,1,2,1,1.0,6.0,42187,M,4603938.0,407971.0,42
201000032732,10,6,15,720,1,2,2,2.0,3.0,42187,M,4603569.0,405233.0,42
201000032733,10,6,15,1410,1,2,1,2.0,7.0,42187,M,4604126.0,406801.0,42
201000032734,10,6,15,1640,1,2,2,2.0,3.0,42187,M,4604605.0,407463.0,42
201000032735,10,6,17,1930,1,2,1,1.0,2.0,42187,M,4603924.0,406388.0,42
201000032736,10,6,22,950,1,2,1,1.0,6.0,42071,M,4602468.0,408690.0,42
201000032737,10,6,29,825,1,2,3,1.0,3.0,42184,M,4602705.0,404002.0,42
201000032738,10,7,1,2230,5,2,2,1.0,3.0,42071,M,4602477.0,409016.0,42
201000032739,10,6,21,1545,1,2,1,1.0,2.0,42187,M,4602488.0,405801.0,42
201000032740,10,7,7,1120,1,2,1,1.0,3.0,42071,M,,,42
201000032741,10,7,11,345,5,2,1,1.0,7.0,42187,M,4605002.0,407090.0,42
201000032742,10,7,11,1441,1,2,1,1.0,1.0,42187,M,4604975.0,408000.0,42
201000032743,10,7,10,515,2,1,1,1.0,6.0,42170,M,4603732.0,411921.0,42
201000032744,10,7,9,2035,1,1,1,1.0,3.0,42127,M,4610780.0,407702.0,42
201000032745,10,7,17,1730,1,1,1,1.0,2.0,42127,M,4611676.0,407565.0,42
201000032746,10,7,21,1735,1,2,1,1.0,6.0,42127,M,4606428.0,405534.0,42
201000032747,10,7,21,1700,1,2,2,1.0,6.0,42187,M,4603046.0,406266.0,42
201000032748,10,8,1,1215,1,2,1,1.0,3.0,42187,M,4605329.0,409300.0,42
201000032749,10,8,5,1555,1,2,2,1.0,3.0,42071,M,4603107.0,408664.0,42
201000032750,10,8,5,2245,5,2,2,1.0,3.0,42184,M,4605427.0,406419.0,42
201000032751,10,8,17,1555,1,2,5,1.0,3.0,42071,M,4603173.0,408242.0,42
201000032752,10,8,17,1645,1,2,1,1.0,6.0,42127,M,4606538.0,407125.0,42
201000032753,10,8,18,1515,1,2,1,2.0,3.0,42187,M,4604202.0,407331.0,42
201000032754,10,8,21,1625,1,2,1,1.0,3.0,42187,M,4605919.0,409004.0,42
201000032755,10,8,23,1050,1,2,2,1.0,3.0,42187,M,4604017.0,408026.0,42
201000032756,10,8,27,205,5,2,2,1.0,3.0,42071,M,4602880.0,408443.0,42
201000032757,10,8,30,1530,1,2,1,1.0,2.0,42187,M,4603716.0,407726.0,42
201000032758,10,9,6,1100,1,2,1,1.0,2.0,42187,M,4603652.0,406799.0,42
201000032759,10,9,9,1815,1,2,3,1.0,6.0,42187,M,4603850.0,407528.0,42
201000032760,10,9,10,835,1,2,1,1.0,6.0,42187,M,4603973.0,405375.0,42
201000032761,10,9,13,1440,1,2,2,1.0,1.0,42071,M,4602348.0,408742.0,42
201000032762,10,9,13,1630,1,2,1,1.0,3.0,42127,M,4606898.0,404941.0,42
201000032763,10,9,7,1100,1,2,1,1.0,6.0,42187,M,4604008.0,408019.0,42
201000032764,10,9,16,1640,1,2,2,1.0,3.0,42127,M,4606341.0,405152.0,42
201000032765,10,9,17,340,5,2,2,1.0,3.0,42187,M,4605419.0,409082.0,42
201000032766,10,9,20,845,1,2,6,1.0,3.0,42187,M,4603357.0,407806.0,42
201000032767,10,9,20,1100,1,2,3,1.0,5.0,42187,M,4604975.0,407063.0,42
201000032768,10,9,22,755,1,2,1,1.0,6.0,42187,M,4602916.0,405307.0,42
201000032769,10,9,22,1800,1,2,1,1.0,6.0,42170,M,,,42
201000032770,10,9,25,2230,4,2,2,1.0,3.0,42071,M,4602963.0,408389.0,42
201000032771,10,9,28,1230,1,2,1,1.0,2.0,42127,M,4606631.0,407411.0,42
201000032772,10,9,29,1530,1,2,3,1.0,3.0,42071,M,4603118.0,408664.0,42
201000032773,10,10,5,1335,1,2,1,1.0,6.0,42184,M,4604511.0,405532.0,42
201000032774,10,10,6,1615,1,2,2,2.0,3.0,42127,M,4606073.0,405947.0,42
201000032775,10,10,7,1330,1,2,1,1.0,6.0,42071,M,4603092.0,408704.0,42
201000032776,10,10,8,1745,1,2,6,1.0,2.0,42187,M,4603202.0,406827.0,42
201000032777,10,10,14,755,1,2,3,1.0,3.0,42071,M,,,42
201000032778,10,10,14,815,1,2,1,1.0,6.0,42071,M,4603110.0,408535.0,42
201000032779,10,10,16,1010,1,2,1,3.0,6.0,42187,M,4603657.0,407556.0,42
201000032780,10,10,17,1550,1,2,1,1.0,6.0,42187,M,4602536.0,405818.0,42
201000032781,10,10,18,655,5,2,6,1.0,6.0,42187,M,4603252.0,407182.0,42
201000032782,10,10,18,1225,1,2,3,1.0,3.0,42187,M,4603041.0,406175.0,42
201000032783,10,10,18,1710,1,2,1,1.0,6.0,42127,M,4608365.0,407219.0,42
201000032784,10,10,20,1210,1,2,2,1.0,3.0,42127,M,4606342.0,405130.0,42
201000032785,10,10,21,1225,1,2,5,1.0,6.0,42187,M,4604182.0,407319.0,42
201000032786,10,10,21,1720,1,2,1,1.0,2.0,42187,M,4603016.0,407529.0,42
201000032787,10,10,31,1935,4,2,1,3.0,6.0,42184,M,4605016.0,406377.0,42
201000032788,10,11,5,1800,1,2,3,1.0,2.0,42187,M,4603449.0,407709.0,42
201000032789,10,10,22,2200,5,2,2,1.0,3.0,42187,M,4603728.0,407556.0,42
201000032790,10,10,23,1910,5,2,5,1.0,3.0,42187,M,4604354.0,406775.0,42
201000032791,10,10,24,1720,1,2,3,2.0,3.0,42127,M,4605994.0,407160.0,42
201000032792,10,10,26,1725,1,2,6,1.0,6.0,42184,M,4604779.0,405215.0,42
201000032793,10,10,28,1045,1,2,1,1.0,6.0,42071,M,4603158.0,408267.0,42
201000032794,10,11,4,550,2,2,2,1.0,3.0,42187,M,4604626.0,408500.0,42
201000032795,10,11,11,755,2,2,1,1.0,6.0,42184,M,4605664.0,405768.0,42
201000032796,10,11,11,1445,1,2,1,1.0,3.0,42127,M,4607972.0,407315.0,42
201000032797,10,11,11,1655,1,2,1,1.0,6.0,42071,M,4602648.0,409158.0,42
201000032798,10,11,13,1605,1,2,3,1.0,3.0,42187,M,4603173.0,404824.0,42
201000032799,10,11,17,1705,1,2,3,1.0,3.0,42187,M,4604535.0,405959.0,42
201000032800,10,11,14,1830,5,2,5,1.0,2.0,42187,M,4603702.0,407688.0,42
201000032801,10,11,23,1845,5,2,1,1.0,6.0,42127,M,4607465.0,407307.0,42
201000032802,10,11,23,1700,2,2,1,2.0,2.0,42127,M,4606375.0,405707.0,42
201000032803,10,11,23,1930,4,2,1,2.0,6.0,42187,M,4604544.0,407672.0,42
201000032804,10,11,30,1745,2,2,2,3.0,3.0,42071,M,4602911.0,408392.0,42
201000032805,10,11,25,1745,2,2,2,2.0,3.0,42127,M,4606562.0,406826.0,42
201000032806,10,11,26,30,5,2,1,4.0,7.0,42187,M,4603762.0,407704.0,42
201000032807,10,11,29,1030,1,2,1,1.0,3.0,42184,M,4603569.0,405095.0,42
201000032808,10,12,2,1255,1,2,3,1.0,3.0,42187,M,4603855.0,405863.0,42
201000032809,10,12,3,1305,1,2,1,1.0,3.0,42127,M,4606510.0,405907.0,42
201000032810,10,12,7,1340,1,2,1,1.0,2.0,42187,M,,,42
201000032811,10,12,8,1105,1,2,1,1.0,6.0,42187,M,4603715.0,407551.0,42
201000032812,10,12,8,2140,5,2,1,2.0,6.0,42187,M,4603934.0,406670.0,42
201000032813,10,12,12,40,5,2,3,1.0,3.0,42187,M,4604803.0,406862.0,42
201000032814,10,12,12,1710,1,2,2,1.0,3.0,42187,M,4603660.0,406785.0,42
201000032815,10,12,24,1615,1,2,3,2.0,3.0,42071,M,4602487.0,409039.0,42
201000032816,10,12,15,1800,5,2,1,4.0,6.0,42071,M,4602480.0,408681.0,42
201000032817,10,12,16,1315,1,2,2,4.0,3.0,42187,M,4605324.0,407340.0,42
201000032818,10,12,17,1805,2,2,2,1.0,3.0,42187,M,4603571.0,405227.0,42
201000032819,10,12,24,1650,2,1,1,4.0,6.0,42170,M,4602224.0,410985.0,42
201000032820,10,12,26,1150,1,2,1,1.0,3.0,42170,M,4602989.0,409680.0,42
201000032821,10,12,27,1230,1,2,1,4.0,3.0,42187,M,4606715.0,407803.0,42
201000032822,10,12,29,1515,1,2,1,1.0,2.0,42187,M,4604884.0,407130.0,42
201000032823,10,12,29,800,1,2,3,1.0,3.0,42187,M,4606441.0,407867.0,42
201000032824,10,1,31,2223,5,1,1,8.0,6.0,42207,M,4554284.0,455425.0,42
201000032825,10,3,8,1715,2,2,1,1.0,3.0,42207,M,4546595.0,451123.0,42
201000032826,10,3,17,1645,1,2,1,1.0,6.0,42207,M,4547298.0,451691.0,42
201000032827,10,2,17,1230,1,2,9,1.0,3.0,42207,M,4547845.0,451235.0,42
201000032828,10,5,10,2335,5,2,1,1.0,6.0,42207,M,4546793.0,450871.0,42
201000032829,10,5,28,2310,5,2,1,1.0,1.0,42110,M,4548398.0,453580.0,42
201000032830,10,5,30,110,5,2,1,1.0,3.0,42225,M,4552126.0,459118.0,42
201000032831,10,6,21,1225,1,2,9,1.0,6.0,42207,M,4547339.0,451549.0,42
201000032832,10,7,6,1645,1,2,1,1.0,6.0,42207,M,4547264.0,451693.0,42
201000032833,10,5,19,1730,1,2,1,1.0,6.0,42207,M,4547649.0,450609.0,42
201000032834,10,8,19,1950,1,2,3,1.0,3.0,42207,M,4546777.0,452689.0,42
201000032835,10,9,8,1250,1,2,1,1.0,6.0,42207,M,4546364.0,450578.0,42
201000032836,10,10,20,1810,1,2,1,1.0,6.0,42207,M,4547564.0,450869.0,42
201000032837,10,11,2,1740,4,2,1,1.0,3.0,42207,M,4546759.0,449987.0,42
201000032838,10,12,31,1600,1,2,1,1.0,6.0,42207,M,4547351.0,453667.0,42
201000032839,10,1,1,1146,1,2,1,2.0,6.0,42218,M,4544234.0,438234.0,42
201000032840,10,1,2,1627,1,2,2,1.0,3.0,42218,M,4542388.0,439767.0,42
201000032841,10,1,1,1218,1,1,1,8.0,1.0,42218,M,4538555.0,445975.0,42
201000032842,10,1,5,1658,1,2,1,4.0,2.0,42218,M,,,42
201000032843,10,1,6,920,1,1,1,1.0,7.0,42237,M,4545411.0,445881.0,42
201000032844,10,1,6,1230,1,2,2,1.0,3.0,42218,M,4544974.0,436491.0,42
201000032845,10,12,26,1800,5,2,1,4.0,6.0,42218,M,4544061.0,436566.0,42
201000032846,10,1,15,1925,3,2,1,2.0,2.0,42189,M,4542265.0,431524.0,42
201000032847,10,1,15,1550,1,2,2,1.0,3.0,42218,M,4542145.0,437739.0,42
201000032848,10,1,16,1214,1,2,1,1.0,6.0,42218,M,4542739.0,439053.0,42
201000032849,10,1,16,1503,1,2,3,8.0,3.0,42218,M,4542457.0,439309.0,42
201000032850,10,1,17,1300,1,2,1,1.0,3.0,42305,M,4547937.0,442760.0,42
201000032851,10,1,17,1410,1,2,2,1.0,3.0,42218,M,4542398.0,439748.0,42
201000032852,10,1,17,1900,5,2,1,1.0,6.0,42218,M,4546502.0,439858.0,42
201000032853,10,1,18,1940,3,2,1,1.0,7.0,42218,M,4541827.0,439993.0,42
201000032854,10,1,20,935,1,2,1,2.0,6.0,42218,M,4542722.0,441805.0,42
201000032855,10,1,21,1840,5,2,2,1.0,3.0,42218,M,4543659.0,439260.0,42
201000032856,10,1,22,827,1,2,2,1.0,1.0,42218,M,4545484.0,440825.0,42
201000032857,10,1,22,1705,1,2,1,8.0,3.0,42218,M,4541575.0,439434.0,42
201000032858,10,1,23,1054,1,2,3,1.0,6.0,42223,M,4545484.0,440825.0,42
201000032859,10,1,25,1800,1,2,1,1.0,6.0,42218,M,4545051.0,438171.0,42
201000032860,10,1,23,1335,1,1,6,1.0,2.0,42189,M,4543371.0,434693.0,42
201000032861,10,1,28,1636,1,2,2,8.0,3.0,42218,M,4544069.0,440365.0,42
201000032862,10,1,30,1740,2,2,2,8.0,6.0,42218,M,4544247.0,437925.0,42
201000032863,10,2,1,1005,1,2,2,1.0,2.0,42218,M,4545532.0,441307.0,42
201000032864,10,2,3,915,1,2,1,1.0,6.0,42223,M,4544555.0,433654.0,42
201000032865,10,2,4,833,1,2,1,1.0,6.0,42218,M,4544993.0,427185.0,42
201000032866,10,2,5,830,1,2,1,4.0,6.0,42218,M,4542128.0,441083.0,42
201000032867,10,2,5,1650,1,2,1,1.0,1.0,42218,M,4544553.0,433652.0,42
201000032868,10,2,8,1015,1,2,1,1.0,3.0,42218,M,4545345.0,438022.0,42
201000032869,10,2,8,1855,5,2,2,1.0,3.0,42218,M,4546341.0,438235.0,42
201000032870,10,2,8,2045,4,2,1,1.0,6.0,42218,M,4543358.0,443643.0,42
201000032871,10,2,9,1753,2,2,4,4.0,1.0,42218,M,4545276.0,441496.0,42
201000032872,10,2,13,1054,1,2,2,4.0,6.0,42218,M,4541819.0,441708.0,42
201000032873,10,2,15,1658,1,1,2,1.0,3.0,42218,M,4542343.0,440938.0,42
201000032874,10,2,16,1412,1,2,4,1.0,1.0,42218,M,4544038.0,443704.0,42
201000032875,10,2,17,110,5,2,1,8.0,3.0,42218,M,4543755.0,435853.0,42
201000032876,10,2,17,2000,5,2,2,1.0,3.0,42218,M,4543268.0,438810.0,42
201000032877,10,2,18,1751,1,2,1,1.0,3.0,42330,M,4547094.0,436354.0,42
201000032878,10,2,19,641,5,2,2,2.0,2.0,42218,M,4547084.0,436354.0,42
201000032879,10,2,20,1210,1,2,1,1.0,4.0,42189,M,4542426.0,431594.0,42
201000032880,10,2,20,2245,5,2,3,1.0,5.0,42218,M,4544211.0,439620.0,42
201000032881,10,2,22,1650,1,2,3,1.0,2.0,42218,M,4546753.0,438437.0,42
201000032882,10,2,22,1915,5,2,1,1.0,6.0,42218,M,4541296.0,439662.0,42
201000032883,10,2,23,1416,1,2,1,1.0,6.0,42218,M,4543721.0,439133.0,42
201000032884,10,2,25,1450,1,2,1,1.0,3.0,42218,M,4543575.0,443802.0,42
201000032885,10,2,26,1153,1,2,2,1.0,6.0,42218,M,4544164.0,438524.0,42
201000032886,10,3,2,1000,1,2,1,1.0,1.0,42218,M,4545365.0,440966.0,42
201000032887,10,3,2,1635,1,2,1,1.0,2.0,42218,M,4544608.0,440671.0,42
201000032888,10,3,3,1220,1,2,1,1.0,3.0,42305,M,4547332.0,444015.0,42
201000032889,10,3,4,2305,3,1,1,1.0,6.0,42218,M,4548874.0,441612.0,42
201000032890,10,3,7,1752,1,2,1,4.0,2.0,42218,M,4543958.0,436843.0,42
201000032891,10,3,7,1947,5,2,1,4.0,2.0,42218,M,4547369.0,439868.0,42
201000032892,10,3,8,1226,1,2,3,1.0,3.0,42218,M,4545086.0,438969.0,42
201000032893,10,3,10,1150,1,2,1,1.0,6.0,42218,M,4544258.0,437932.0,42
201000032894,10,3,12,930,1,2,2,1.0,5.0,42218,M,4543459.0,437961.0,42
201000032895,10,3,13,450,5,2,1,1.0,2.0,42218,M,4543914.0,439566.0,42
201000032896,10,3,16,1225,1,2,2,1.0,3.0,42218,M,4541909.0,439940.0,42
201000032897,10,3,16,1945,3,1,1,1.0,7.0,42223,M,4546981.0,431319.0,42
201000032898,10,3,18,2110,5,2,1,1.0,6.0,42189,M,4542265.0,431524.0,42
201000032899,10,3,20,922,1,2,1,8.0,6.0,42218,M,4544100.0,439244.0,42
201000032900,10,3,22,1525,1,2,3,1.0,3.0,42218,M,4546484.0,437865.0,42
201000032901,10,3,27,1830,1,2,1,8.0,6.0,42218,M,4544060.0,438645.0,42
201000032902,10,3,29,841,1,2,2,1.0,6.0,42218,M,4543981.0,440004.0,42
201000032903,10,3,18,1617,1,2,1,1.0,6.0,42218,M,4544361.0,438145.0,42
201000032904,10,3,27,1355,1,2,1,2.0,7.0,42218,M,4544214.0,440805.0,42
201000032905,10,3,30,922,1,2,1,2.0,6.0,42218,M,4547084.0,436354.0,42
201000032906,10,3,31,1850,1,1,1,1.0,2.0,42218,M,4542099.0,436821.0,42
201000032907,10,4,1,1255,1,2,1,1.0,6.0,42218,M,4542738.0,441766.0,42
201000032908,10,4,3,1830,1,2,2,1.0,1.0,42218,M,4541804.0,439200.0,42
201000032909,10,4,4,30,5,2,2,1.0,4.0,42218,M,4543228.0,439277.0,42
201000032910,10,4,4,1050,1,2,1,1.0,6.0,42218,M,4545160.0,438271.0,42
201000032911,10,4,7,1512,1,2,2,2.0,3.0,42218,M,4542399.0,437518.0,42
201000032912,10,4,9,1604,1,2,2,1.0,6.0,42218,M,4545427.0,438319.0,42
201000032913,10,4,11,1415,1,2,1,1.0,6.0,42218,M,4544581.0,439630.0,42
201000032914,10,4,11,1015,1,2,2,1.0,6.0,42218,M,4544868.0,439095.0,42
201000032915,10,4,11,1400,1,2,1,1.0,6.0,42218,M,4543919.0,438699.0,42
201000032916,10,4,14,1534,1,2,2,1.0,3.0,42218,M,4544037.0,440361.0,42
201000032917,10,4,16,1828,1,2,1,1.0,6.0,42218,M,4546666.0,439204.0,42
201000032918,10,4,17,735,1,1,1,1.0,2.0,42223,M,4544596.0,433911.0,42