Num_Acc,an,mois,jour,hrmn,lum,agg,int,atm,col,com,gps,lat,long,dep
201000032919,10,4,17,1352,1,2,1,1.0,3.0,42218,M,4544382.0,441629.0,42
201000032920,10,4,17,2043,5,2,3,1.0,3.0,42218,M,4542616.0,440595.0,42
201000032921,10,4,18,1150,1,2,3,1.0,2.0,42218,M,4542350.0,439304.0,42
201000032922,10,4,18,1810,1,2,1,1.0,6.0,42218,M,4544709.0,440137.0,42
201000032923,10,4,19,740,1,2,3,1.0,6.0,42218,M,4544700.0,438552.0,42
201000032924,10,4,19,1230,1,2,1,1.0,6.0,42218,M,4544234.0,438234.0,42
201000032925,10,4,22,1332,1,1,6,1.0,3.0,42189,M,4544381.0,434495.0,42
201000032926,10,4,22,1751,1,2,1,1.0,5.0,42218,M,4543568.0,439297.0,42
201000032927,10,4,23,1729,1,2,3,1.0,3.0,42218,M,4544116.0,437416.0,42
201000032928,10,4,23,1834,1,2,2,1.0,2.0,42305,M,4547995.0,443504.0,42
201000032929,10,4,23,2056,5,2,2,1.0,3.0,42218,M,4541751.0,441467.0,42
201000032930,10,4,24,1433,1,1,1,1.0,2.0,42223,M,4543352.0,434856.0,42
201000032931,10,4,24,1820,1,2,9,1.0,3.0,42189,M,4543404.0,430422.0,42
201000032932,10,4,28,1257,1,2,2,1.0,6.0,42218,M,4542265.0,439643.0,42
201000032933,10,4,28,1350,1,2,2,1.0,6.0,42218,M,4543664.0,439405.0,42
201000032934,10,4,28,1358,1,2,1,1.0,3.0,42218,M,4545399.0,438178.0,42
201000032935,10,4,29,1500,1,2,1,1.0,1.0,42218,M,4542277.0,439644.0,42
201000032936,10,4,29,1720,1,2,1,1.0,2.0,42218,M,4546316.0,440688.0,42
201000032937,10,4,30,1340,1,2,3,1.0,1.0,42218,M,4546707.0,439641.0,42
201000032938,10,5,4,2021,2,2,2,2.0,1.0,42218,M,4542387.0,439574.0,42
201000032939,10,5,6,1510,1,2,2,1.0,3.0,42275,M,4547125.0,437338.0,42
201000032940,10,5,8,945,1,2,3,1.0,6.0,42218,M,4543792.0,438260.0,42
201000032941,10,5,11,1455,1,2,3,8.0,3.0,42218,M,4544468.0,438832.0,42
201000032942,10,5,14,1700,1,2,2,2.0,6.0,42275,M,,,42
201000032943,10,5,12,1700,1,2,2,2.0,6.0,42275,M,4547146.0,437355.0,42
201000032944,10,5,14,1555,1,2,2,2.0,3.0,42218,M,4545055.0,440195.0,42
201000032945,10,5,14,1552,1,2,2,2.0,4.0,42218,M,4544484.0,440760.0,42
201000032946,10,5,16,633,2,1,1,1.0,1.0,42305,M,4547634.0,441110.0,42
201000032947,10,5,18,1151,1,2,3,1.0,6.0,42218,M,4544333.0,438399.0,42
201000032948,10,5,20,1915,1,2,1,1.0,6.0,42218,M,4544888.0,440126.0,42
201000032949,10,5,21,510,5,2,1,1.0,6.0,42218,M,4543458.0,441508.0,42
201000032950,10,5,21,2155,5,2,1,1.0,6.0,42218,M,4544529.0,440211.0,42
201000032951,10,5,22,120,5,1,1,1.0,3.0,42305,M,4547736.0,440986.0,42
201000032952,10,5,22,1512,1,2,2,1.0,3.0,42218,M,4546491.0,439880.0,42
201000032953,10,5,24,1120,1,1,2,1.0,3.0,42218,M,4541620.0,430066.0,42
201000032954,10,5,24,1250,1,2,3,1.0,3.0,42305,M,4548281.0,443530.0,42
201000032955,10,5,25,1620,1,2,3,1.0,6.0,42218,M,4541622.0,441057.0,42
201000032956,10,5,26,1245,1,2,1,1.0,6.0,42218,M,4544835.0,438998.0,42
201000032957,10,5,26,1550,1,2,1,2.0,6.0,42218,M,4542759.0,440085.0,42
201000032958,10,5,26,1700,1,2,2,2.0,2.0,42218,M,4544186.0,442935.0,42
201000032959,10,5,27,850,1,2,1,1.0,6.0,42218,M,4545643.0,437725.0,42
201000032960,10,5,27,1320,1,1,3,1.0,2.0,42330,M,4546800.0,434413.0,42
201000032961,10,5,29,928,1,2,1,1.0,6.0,42218,M,4543123.0,438759.0,42
201000032962,10,6,1,850,1,2,2,1.0,2.0,42218,M,4543659.0,439404.0,42
201000032963,10,6,1,2038,1,2,1,1.0,3.0,42218,M,4544641.0,438656.0,42
201000032964,10,6,3,1646,1,2,1,8.0,6.0,42218,M,4542932.0,440992.0,42
201000032965,10,6,3,1815,1,2,3,1.0,3.0,42218,M,4546558.0,441134.0,42
201000032966,10,6,4,1550,1,2,1,1.0,6.0,42218,M,4541555.0,441156.0,42
201000032967,10,6,6,2019,1,2,2,8.0,3.0,42218,M,4546018.0,439641.0,42
201000032968,10,6,6,1849,1,2,1,2.0,2.0,42218,M,4545053.0,439861.0,42
201000032969,10,6,6,2110,1,2,2,3.0,3.0,42218,M,4544187.0,438366.0,42
201000032970,10,6,8,2300,3,2,1,1.0,6.0,42218,M,4544045.0,440105.0,42
201000032971,10,6,9,1607,1,2,2,1.0,6.0,42218,M,4543934.0,439653.0,42
201000032972,10,6,10,1820,1,2,3,2.0,1.0,42218,M,4543672.0,440846.0,42
201000032973,10,6,12,846,1,2,2,1.0,3.0,42189,M,4543964.0,432924.0,42
201000032974,10,6,12,1034,1,2,1,1.0,6.0,42218,M,4542532.0,440780.0,42
201000032975,10,6,13,1819,1,2,6,1.0,2.0,42189,M,4543382.0,433660.0,42
201000032976,10,6,13,1225,1,2,2,1.0,6.0,42218,M,4542240.0,439806.0,42
201000032977,10,6,17,1520,1,2,3,2.0,3.0,42218,M,4544198.0,442254.0,42
201000032978,10,6,17,1730,1,2,1,1.0,6.0,42218,M,,,42
201000032979,10,6,21,939,1,2,1,8.0,6.0,42218,M,4544201.0,438251.0,42
201000032980,10,6,22,1037,1,2,2,1.0,3.0,42218,M,4544075.0,437464.0,42
201000032981,10,6,19,1250,1,1,3,1.0,3.0,42218,M,4544303.0,437669.0,42
201000032982,10,6,24,1650,1,2,3,1.0,3.0,42218,M,4541903.0,441148.0,42
201000032983,10,6,25,1815,1,2,1,1.0,6.0,42218,M,4543549.0,439464.0,42
201000032984,10,6,28,1450,1,2,1,1.0,6.0,42189,M,4543275.0,432685.0,42
201000032985,10,6,30,725,1,2,3,1.0,6.0,42218,M,4543351.0,441377.0,42
201000032986,10,6,30,2023,1,2,2,1.0,7.0,42218,M,4544259.0,438221.0,42
201000032987,10,7,2,1939,1,2,1,1.0,2.0,42218,M,4543777.0,440885.0,42
201000032988,10,7,3,1930,1,2,1,1.0,6.0,42218,M,4543387.0,438196.0,42
201000032989,10,7,5,1810,1,2,2,1.0,6.0,42305,M,4548099.0,443476.0,42
201000032990,10,7,7,1547,1,2,3,1.0,6.0,42218,M,4541915.0,440664.0,42
201000032991,10,7,6,750,1,2,1,1.0,3.0,42218,M,,,42
201000032992,10,7,12,1650,1,2,1,2.0,1.0,42218,M,4542453.0,436678.0,42
201000032993,10,7,14,2350,5,2,2,1.0,3.0,42218,M,4544256.0,438213.0,42
201000032994,10,7,16,1200,1,2,2,1.0,1.0,42218,M,4543949.0,437867.0,42
201000032995,10,7,19,1515,1,2,9,1.0,3.0,42218,M,4544096.0,437054.0,42
201000032996,10,7,18,1930,1,2,1,1.0,6.0,42218,M,4543276.0,436815.0,42
201000032997,10,7,22,930,1,1,1,2.0,6.0,42218,M,4542312.0,436705.0,42
201000032998,10,7,20,1450,1,2,2,1.0,3.0,42218,M,4544049.0,436572.0,42
201000032999,10,7,25,553,3,2,1,1.0,6.0,42218,M,4541177.0,440683.0,42
201000033000,10,7,25,1742,1,2,2,1.0,3.0,42218,M,4544649.0,436745.0,42
201000033001,10,7,25,2130,5,2,2,1.0,3.0,42218,M,4546357.0,438232.0,42
201000033002,10,7,27,1920,1,2,1,1.0,6.0,42218,M,4544731.0,439801.0,42
201000033003,10,7,29,1540,1,2,1,1.0,1.0,42218,M,4541563.0,440655.0,42
201000033004,10,8,3,745,1,2,2,8.0,6.0,42218,M,4544168.0,437900.0,42
201000033005,10,8,6,155,5,2,1,1.0,6.0,42218,M,4540898.0,441139.0,42
201000033006,10,8,6,545,2,1,3,1.0,1.0,42218,M,4545909.0,442470.0,42
201000033007,10,8,6,1040,1,2,1,1.0,6.0,42218,M,4544174.0,438521.0,42
201000033008,10,8,13,747,1,2,1,1.0,6.0,42218,M,4547124.0,440308.0,42
201000033009,10,8,12,1130,1,2,1,1.0,6.0,42218,M,4542652.0,439078.0,42
201000033010,10,7,17,1830,1,2,2,1.0,3.0,42218,M,4545437.0,441185.0,42
201000033011,10,8,25,1344,1,2,1,1.0,3.0,42218,M,4544021.0,442313.0,42
201000033012,10,8,25,2006,2,1,1,1.0,6.0,42223,M,4543672.0,436041.0,42
201000033013,10,8,26,1150,1,2,1,1.0,6.0,42218,M,4542445.0,439726.0,42
201000033014,10,8,29,1119,1,2,3,1.0,6.0,42218,M,4544864.0,440341.0,42
201000033015,10,8,30,1427,1,2,1,1.0,5.0,42218,M,4543575.0,439360.0,42
201000033016,10,8,31,1300,1,2,3,1.0,3.0,42218,M,4545257.0,441522.0,42
201000033017,10,9,6,755,1,2,2,1.0,3.0,42218,M,4545354.0,439071.0,42
201000033018,10,9,6,1625,1,2,2,1.0,6.0,42218,M,4543654.0,439402.0,42
201000033019,10,9,10,7,5,2,1,8.0,6.0,42218,M,4544740.0,438634.0,42
201000033020,10,9,10,2027,5,2,2,1.0,3.0,42218,M,4544261.0,437925.0,42
201000033021,10,9,14,1610,1,2,1,1.0,2.0,42218,M,4544343.0,437924.0,42
201000033022,10,9,15,1345,1,2,1,1.0,7.0,42218,M,4544334.0,441354.0,42
201000033023,10,9,16,1715,1,2,1,2.0,2.0,42218,M,4544832.0,438951.0,42
201000033024,10,9,20,900,1,2,3,1.0,3.0,42218,M,4543623.0,443744.0,42
201000033025,10,9,17,1610,1,2,1,1.0,2.0,42237,M,4545217.0,445271.0,42
201000033026,10,9,20,2035,2,2,3,1.0,3.0,42218,M,4543273.0,441504.0,42
201000033027,10,9,17,621,5,2,2,1.0,5.0,42218,M,4544074.0,439969.0,42
201000033028,10,9,21,1254,1,2,2,1.0,3.0,42218,M,4542760.0,439840.0,42
201000033029,10,9,21,1610,1,2,1,1.0,6.0,42218,M,4542623.0,442141.0,42
201000033030,10,9,24,1223,1,2,1,2.0,6.0,42237,M,4544727.0,443455.0,42
201000033031,10,9,24,1900,1,2,3,1.0,1.0,42218,M,4542847.0,439299.0,42
201000033032,10,9,23,2325,3,1,1,2.0,7.0,42189,M,4541495.0,430186.0,42
201000033033,10,9,26,1043,1,2,3,1.0,3.0,42218,M,4547370.0,439671.0,42
201000033034,10,9,27,1216,1,2,2,1.0,3.0,42218,M,4544304.0,437662.0,42
201000033035,10,9,27,1512,1,2,5,2.0,3.0,42218,M,4546487.0,439880.0,42
201000033036,10,9,30,1310,1,2,4,2.0,1.0,42330,M,4547028.0,436372.0,42
201000033037,10,9,30,1630,1,2,2,1.0,5.0,42218,M,4544080.0,439962.0,42
201000033038,10,9,30,2204,4,2,2,9.0,3.0,42218,M,,,42
201000033039,10,10,1,1530,1,1,3,1.0,3.0,42223,M,4545266.0,434288.0,42
201000033040,10,10,1,1850,1,2,3,1.0,3.0,42330,M,4547548.0,434949.0,42
201000033041,10,10,3,1354,1,1,1,6.0,3.0,42189,M,4543311.0,431674.0,42
201000033042,10,10,7,1405,1,2,3,1.0,4.0,42305,M,4545909.0,442454.0,42
201000033043,10,10,7,1816,1,2,1,1.0,6.0,42218,M,4544749.0,438688.0,42
201000033044,10,10,8,1325,1,2,1,1.0,6.0,42218,M,4544253.0,438204.0,42
201000033045,10,10,9,1525,1,1,1,1.0,1.0,42218,M,4538966.0,445539.0,42
201000033046,10,10,9,1845,2,2,1,1.0,6.0,42218,M,4542248.0,439541.0,42
201000033047,10,10,12,1940,5,2,1,1.0,2.0,42218,M,4546537.0,437781.0,42
201000033048,10,10,13,1505,1,2,3,1.0,3.0,42218,M,4544373.0,441329.0,42
201000033049,10,10,14,720,3,2,9,1.0,1.0,42218,M,4545516.0,442607.0,42
201000033050,10,10,14,919,1,1,3,1.0,7.0,42237,M,4544510.0,444451.0,42
201000033051,10,10,15,1215,1,2,2,1.0,6.0,42218,M,4542639.0,442143.0,42
201000033052,10,10,16,1630,1,2,1,2.0,6.0,42218,M,4544430.0,437978.0,42
201000033053,10,10,17,1155,1,2,1,3.0,7.0,42218,M,4543613.0,438455.0,42
201000033054,10,10,18,1145,1,2,1,2.0,6.0,42218,M,4543034.0,438862.0,42
201000033055,10,10,18,1206,1,2,1,2.0,6.0,42218,M,4544538.0,438072.0,42
201000033056,10,10,21,750,2,2,2,1.0,6.0,42218,M,4542276.0,440885.0,42
201000033057,10,10,21,1730,1,2,3,1.0,6.0,42218,M,4543555.0,443444.0,42
201000033058,10,10,22,736,2,2,2,1.0,3.0,42218,M,4544336.0,436964.0,42
201000033059,10,10,22,1044,1,2,1,1.0,6.0,42218,M,4547091.0,440369.0,42
201000033060,10,10,26,1750,1,2,3,1.0,3.0,42218,M,4545925.0,438354.0,42
201000033061,10,10,27,2040,5,2,1,1.0,3.0,42305,M,4548354.0,443728.0,42
201000033062,10,10,28,1006,1,2,1,1.0,6.0,42218,M,4542592.0,440659.0,42
201000033063,10,10,28,1105,1,2,1,1.0,6.0,42218,M,4541201.0,439739.0,42
201000033064,10,10,29,1801,2,2,1,1.0,5.0,42218,M,4545227.0,438178.0,42
201000033065,10,11,2,2337,5,2,1,1.0,1.0,42218,M,4541318.0,439045.0,42
201000033066,10,11,4,1845,5,2,1,1.0,6.0,42223,M,4545581.0,433453.0,42
201000033067,10,11,5,430,5,2,1,2.0,3.0,42218,M,4545633.0,441451.0,42
201000033068,10,11,6,1030,1,2,2,1.0,3.0,42218,M,4544039.0,440112.0,42
201000033069,10,11,8,743,2,2,1,1.0,6.0,42218,M,4542279.0,442175.0,42
201000033070,10,11,8,1137,1,2,1,1.0,6.0,42218,M,4544163.0,438430.0,42
201000033071,10,11,8,1747,5,2,3,8.0,3.0,42218,M,4542362.0,439431.0,42
201000033072,10,11,8,1800,5,2,1,2.0,6.0,42305,M,4547844.0,443801.0,42
201000033073,10,11,10,1211,1,2,2,8.0,3.0,42218,M,4544507.0,436613.0,42
201000033074,10,11,12,1652,1,2,3,1.0,3.0,42275,M,4547738.0,438227.0,42
201000033075,10,11,13,1750,5,2,2,1.0,6.0,42218,M,4544705.0,439801.0,42
201000033076,10,11,15,2125,5,2,1,2.0,6.0,42218,M,4543919.0,439595.0,42
201000033077,10,11,15,2013,5,2,1,2.0,6.0,42218,M,4544311.0,438181.0,42
201000033078,10,11,17,145,5,2,1,1.0,6.0,42218,M,4545015.0,440414.0,42
201000033079,10,11,18,1509,1,2,2,1.0,3.0,42218,M,4545326.0,429456.0,42
201000033080,10,11,18,1215,1,2,1,1.0,6.0,42218,M,4542746.0,439033.0,42
201000033081,10,11,18,1600,1,2,1,1.0,6.0,42218,M,4541057.0,438490.0,42
201000033082,10,11,18,1600,1,2,1,1.0,3.0,42305,M,4546775.0,443274.0,42
201000033083,10,11,19,1332,1,2,3,1.0,3.0,42218,M,4543956.0,439786.0,42
201000033084,10,11,20,1127,1,2,1,1.0,1.0,42305,M,4546962.0,442244.0,42
201000033085,10,11,20,2043,5,2,2,2.0,5.0,42218,M,4543947.0,437867.0,42
201000033086,10,11,22,2131,5,2,1,2.0,2.0,42218,M,4541618.0,438098.0,42
201000033087,10,11,23,725,5,2,2,2.0,3.0,42218,M,4544313.0,438468.0,42
201000033088,10,11,26,804,1,2,1,4.0,2.0,42218,M,4544309.0,441337.0,42
201000033089,10,11,26,902,1,2,1,4.0,5.0,42218,M,4544095.0,441012.0,42
201000033090,10,11,30,2038,5,2,2,1.0,3.0,42218,M,4544509.0,436616.0,42
201000033091,10,11,30,1757,5,2,1,4.0,7.0,42218,M,4546078.0,436949.0,42
201000033092,10,12,1,1517,1,2,1,1.0,6.0,42218,M,4543105.0,442371.0,42
201000033093,10,11,30,755,1,2,1,1.0,7.0,42218,M,4544744.0,435944.0,42
201000033094,10,12,4,1647,2,2,2,1.0,6.0,42218,M,4542130.0,439719.0,42
201000033095,10,12,6,2015,5,2,2,2.0,6.0,42218,M,4543882.0,439682.0,42
201000033096,10,12,7,735,5,2,1,1.0,3.0,42218,M,4544872.0,440172.0,42
201000033097,10,12,7,1615,1,2,1,1.0,3.0,42218,M,4544566.0,440708.0,42
201000033098,10,12,7,1630,1,2,1,1.0,6.0,42218,M,4542365.0,439469.0,42
201000033099,10,12,7,1905,3,2,1,1.0,3.0,42189,M,4540897.0,429472.0,42
201000033100,10,12,9,525,3,1,1,4.0,7.0,42218,M,4539669.0,445768.0,42
201000033101,10,12,9,1900,3,2,1,1.0,7.0,42223,M,4544772.0,433796.0,42
201000033102,10,12,11,720,5,2,3,1.0,3.0,42189,M,4543222.0,432438.0,42
201000033103,10,12,16,810,1,2,1,4.0,6.0,42218,M,4541584.0,439430.0,42
201000033104,10,12,15,1040,1,2,1,1.0,6.0,42218,M,4543401.0,439148.0,42
201000033105,10,12,16,1630,1,2,1,1.0,6.0,42218,M,4542880.0,440766.0,42
201000033106,10,12,20,2213,5,2,2,1.0,3.0,42218,M,4544259.0,437931.0,42
201000033107,10,12,21,1408,1,2,2,8.0,3.0,42218,M,4542243.0,441397.0,42
201000033108,10,12,22,1352,1,2,1,1.0,6.0,42218,M,4543410.0,438785.0,42
201000033109,10,12,22,1823,5,2,1,8.0,5.0,42218,M,4544303.0,441288.0,42
201000033110,10,12,22,1859,5,2,1,1.0,6.0,42218,M,4544089.0,438386.0,42
201000033111,10,12,23,1422,1,2,1,1.0,6.0,42218,M,4544161.0,442128.0,42
201000033112,10,12,24,1522,1,2,1,8.0,1.0,42218,M,4543887.0,437531.0,42
201000033113,10,12,29,1530,1,2,3,1.0,3.0,42218,M,4546487.0,439880.0,42
201000033114,10,12,30,1450,1,2,3,1.0,3.0,42218,M,4542797.0,439780.0,42
201000033115,10,1,3,1720,5,2,3,9.0,3.0,43041,M,,,43
201000033116,10,1,23,1405,1,2,9,1.0,6.0,43041,M,,,43
201000033117,10,1,23,50,5,2,1,1.0,6.0,43157,M,,,43
201000033118,10,3,4,1600,1,2,1,1.0,3.0,43046,M,,,43
201000033119,10,3,5,1430,1,2,1,1.0,3.0,43157,M,,,43
201000033120,10,3,13,1540,1,2,1,1.0,6.0,43157,M,,,43
201000033121,10,3,16,740,1,2,1,1.0,2.0,43157,M,,,43
201000033122,10,3,25,1540,1,2,1,1.0,2.0,43041,M,,,43
201000033123,10,4,1,1835,1,1,1,1.0,6.0,43041,M,,,43
201000033124,10,4,16,1205,1,1,1,1.0,6.0,43157,M,,,43
201000033125,10,4,25,915,1,2,1,1.0,6.0,43157,M,,,43
201000033126,10,4,25,1550,1,2,1,1.0,6.0,43089,M,,,43
201000033127,10,5,2,1420,1,2,1,1.0,6.0,43089,M,,,43
201000033128,10,5,13,550,2,1,1,1.0,6.0,43157,M,,,43
201000033129,10,5,13,1935,1,2,1,1.0,7.0,43157,M,,,43
201000033130,10,5,22,1800,1,2,1,1.0,1.0,43002,M,,,43
201000033131,10,5,25,1005,1,2,1,1.0,6.0,43157,M,,,43
201000033132,10,6,3,1545,1,2,1,1.0,3.0,43251,M,,,43
201000033133,10,6,4,1105,1,2,1,1.0,6.0,43089,M,,,43
201000033134,10,6,5,1920,1,2,3,1.0,3.0,43157,M,,,43
201000033135,10,6,30,2042,1,2,2,1.0,3.0,43157,M,,,43
201000033136,10,7,2,1125,1,2,1,1.0,6.0,43157,M,,,43
201000033137,10,8,8,550,3,1,1,1.0,7.0,43089,M,,,43
201000033138,10,8,13,1215,1,2,1,1.0,3.0,43157,M,,,43
201000033139,10,8,27,1755,1,2,1,1.0,2.0,43157,M,,,43
201000033140,10,8,30,1630,1,2,1,1.0,6.0,43157,M,,,43
201000033141,10,9,5,1650,1,2,1,1.0,7.0,43157,M,,,43
201000033142,10,9,8,1450,1,1,1,1.0,7.0,43089,M,,,43
201000033143,10,9,27,750,1,2,1,1.0,6.0,43157,M,,,43
201000033144,10,9,29,1720,1,2,1,1.0,6.0,43041,M,,,43
201000033145,10,9,30,1735,1,2,1,1.0,1.0,43157,M,,,43
201000033146,10,9,29,1605,1,2,1,1.0,3.0,43041,M,,,43
201000033147,10,10,2,1615,1,2,1,1.0,1.0,43089,M,,,43
201000033148,10,10,4,1100,1,2,1,2.0,6.0,43041,M,,,43
201000033149,10,10,8,1530,1,2,1,1.0,6.0,43157,M,,,43
201000033150,10,10,14,800,1,2,2,1.0,3.0,43157,M,,,43
201000033151,10,10,14,1450,1,2,1,1.0,3.0,43251,M,,,43
201000033152,10,10,15,840,1,2,3,1.0,6.0,43157,M,,,43
201000033153,10,10,28,1500,1,2,1,1.0,6.0,43041,M,,,43
201000033154,10,10,28,1925,1,2,1,1.0,6.0,43157,M,,,43
201000033155,10,11,10,830,1,2,3,2.0,3.0,43157,M,,,43
201000033156,10,11,12,1900,5,2,1,1.0,6.0,43041,M,,,43
201000033157,10,11,21,600,5,2,1,5.0,6.0,43157,M,,,43
201000033158,10,11,29,800,1,2,1,1.0,6.0,43046,M,,,43
201000033159,10,12,7,1715,2,2,1,1.0,6.0,43157,M,,,43
201000033160,10,12,8,750,1,2,1,1.0,6.0,43157,M,,,43
201000033161,10,2,11,930,1,2,1,8.0,6.0,43157,M,,,43
201000033162,10,1,6,1340,1,2,1,1.0,6.0,44055,M,,,44
201000033163,10,1,12,1715,1,2,6,1.0,3.0,44135,M,,,44
201000033164,10,1,10,445,5,2,2,1.0,6.0,44055,M,,,44
201000033165,10,1,23,155,5,2,1,1.0,6.0,44132,M,,,44
201000033166,10,2,8,1050,1,2,1,1.0,3.0,44135,M,,,44
201000033167,10,2,23,1750,1,2,6,1.0,3.0,44132,M,,,44
201000033168,10,2,27,700,5,2,1,1.0,6.0,44132,M,,,44
201000033169,10,3,23,350,5,2,1,1.0,6.0,44055,M,,,44
201000033170,10,3,23,1725,1,2,1,1.0,6.0,44132,M,,,44
201000033171,10,3,25,855,1,2,3,1.0,3.0,44132,M,,,44
201000033172,10,3,29,120,3,2,1,1.0,7.0,44055,M,,,44
201000033173,10,4,1,1350,1,2,1,1.0,7.0,44055,M,,,44
201000033174,10,4,4,1220,1,2,2,1.0,3.0,44055,M,,,44
201000033175,10,4,7,1130,1,2,2,1.0,3.0,44132,M,,,44
201000033176,10,4,11,1325,1,2,3,1.0,3.0,44055,M,,,44
201000033177,10,4,18,1600,1,2,1,1.0,2.0,44135,M,,,44
201000033178,10,4,19,2022,1,1,1,1.0,7.0,44055,M,,,44
201000033179,10,4,20,1450,1,2,1,1.0,6.0,44055,M,,,44
201000033180,10,4,21,2300,5,2,1,1.0,7.0,44055,M,,,44
201000033181,10,4,23,2155,5,1,4,1.0,3.0,44055,M,,,44
201000033182,10,4,27,1115,1,2,1,1.0,3.0,44055,M,,,44
201000033183,10,5,4,1312,1,2,6,1.0,3.0,44055,M,,,44
201000033184,10,5,7,1445,1,2,1,1.0,6.0,44055,M,,,44
201000033185,10,5,4,1650,1,2,2,1.0,3.0,44132,M,,,44
201000033186,10,5,11,1520,1,2,1,1.0,6.0,44132,M,,,44
201000033187,10,5,11,1850,1,2,1,1.0,3.0,44055,M,,,44
201000033188,10,5,15,10,5,2,3,1.0,3.0,44055,M,,,44
201000033189,10,5,23,1905,1,2,1,1.0,6.0,44055,M,,,44
201000033190,10,5,27,920,1,2,1,1.0,2.0,44055,M,,,44
201000033191,10,5,26,1940,2,2,2,7.0,3.0,44132,M,,,44
201000033192,10,6,4,2025,1,1,1,1.0,7.0,44055,M,,,44
201000033193,10,6,5,1700,1,1,1,1.0,7.0,44132,M,,,44
201000033194,10,6,6,235,5,2,3,1.0,7.0,44055,M,,,44
201000033195,10,6,8,1500,1,1,1,1.0,7.0,44055,M,,,44
201000033196,10,6,10,5,5,2,1,1.0,6.0,44132,M,,,44
201000033197,10,6,11,1805,1,1,1,1.0,7.0,44055,M,,,44
201000033198,10,6,14,1740,1,2,1,1.0,6.0,44132,M,,,44
201000033199,10,6,16,45,5,2,1,1.0,6.0,44132,M,,,44
201000033200,10,6,20,700,1,1,1,1.0,7.0,44055,M,,,44
201000033201,10,6,22,1635,1,2,1,1.0,4.0,44055,M,,,44
201000033202,10,6,29,1055,1,2,1,1.0,6.0,44055,M,,,44
201000033203,10,7,3,1127,1,2,3,1.0,3.0,44055,M,,,44
201000033204,10,7,5,1450,1,2,2,1.0,3.0,44055,M,,,44
201000033205,10,7,5,2235,2,2,1,1.0,7.0,44132,M,,,44
201000033206,10,7,7,1810,1,2,1,1.0,3.0,44055,M,,,44
201000033207,10,7,8,1510,1,2,2,1.0,3.0,44055,M,,,44
201000033208,10,7,8,1825,1,2,2,1.0,3.0,44055,M,,,44
201000033209,10,7,10,1530,1,2,1,1.0,6.0,44132,M,,,44
201000033210,10,7,12,1100,1,2,1,1.0,6.0,44055,M,,,44
201000033211,10,7,14,300,5,2,6,1.0,6.0,44132,M,,,44
201000033212,10,7,14,1110,1,2,1,8.0,5.0,44132,M,,,44
201000033213,10,7,16,850,1,2,6,1.0,7.0,44055,M,,,44
201000033214,10,7,18,1535,1,2,2,1.0,3.0,44055,M,,,44
201000033215,10,7,18,1515,1,2,9,1.0,3.0,44132,M,,,44
201000033216,10,7,20,2005,1,2,8,7.0,6.0,44055,M,,,44
201000033217,10,7,22,2130,1,2,1,1.0,6.0,44055,M,,,44
201000033218,10,7,22,1540,1,2,1,1.0,2.0,44055,M,,,44
201000033219,10,7,23,1540,1,1,3,1.0,3.0,44055,M,,,44
201000033220,10,7,29,1835,1,2,2,1.0,3.0,44132,M,,,44
201000033221,10,7,30,350,5,2,1,1.0,1.0,44055,M,,,44
201000033222,10,7,31,2120,2,2,1,1.0,6.0,44055,M,,,44
201000033223,10,8,11,1030,1,2,1,1.0,3.0,44135,M,,,44
201000033224,10,8,12,250,3,1,1,1.0,7.0,44055,M,,,44
201000033225,10,8,18,1850,1,2,3,1.0,6.0,44132,M,,,44
201000033226,10,8,20,944,1,2,1,1.0,2.0,44055,M,,,44
201000033227,10,8,21,1740,1,2,3,1.0,1.0,44132,M,,,44
201000033228,10,8,25,1615,1,2,4,2.0,6.0,44055,M,,,44
201000033229,10,8,27,1935,1,2,1,1.0,1.0,44055,M,,,44
201000033230,10,8,31,1550,1,2,1,1.0,3.0,44055,M,,,44
201000033231,10,9,8,1230,1,2,6,1.0,3.0,44055,M,,,44
201000033232,10,9,8,1920,1,2,2,1.0,3.0,44055,M,,,44
201000033233,10,9,11,1200,1,2,1,1.0,6.0,44055,M,,,44
201000033234,10,9,11,2220,5,2,2,1.0,3.0,44055,M,,,44
201000033235,10,9,12,1120,1,2,6,1.0,3.0,44055,M,,,44
201000033236,10,9,13,1115,1,2,1,1.0,6.0,44055,M,,,44
201000033237,10,9,14,852,1,2,1,1.0,6.0,44055,M,,,44
201000033238,10,9,16,1225,1,2,3,1.0,3.0,44135,M,,,44
201000033239,10,9,16,1600,1,2,1,1.0,3.0,44135,M,,,44
201000033240,10,9,17,815,1,2,1,1.0,2.0,44132,M,,,44
201000033241,10,9,18,1845,1,2,1,1.0,2.0,44055,M,,,44