Num_Acc,an,mois,jour,hrmn,lum,agg,int,atm,col,com,gps,lat,long,dep
201000033242,10,9,18,1312,1,1,1,1.0,7.0,44055,M,,,44
201000033243,10,9,19,850,1,2,6,1.0,6.0,44055,M,,,44
201000033244,10,9,21,1530,1,2,9,1.0,3.0,44055,M,,,44
201000033245,10,9,21,1845,1,2,1,7.0,3.0,44055,M,,,44
201000033246,10,9,24,1555,1,2,3,8.0,3.0,44055,M,,,44
201000033247,10,10,5,2200,3,1,1,1.0,6.0,44055,M,,,44
201000033248,10,10,14,755,3,1,1,1.0,2.0,44132,M,,,44
201000033249,10,10,16,1825,1,2,2,7.0,3.0,44055,M,,,44
201000033250,10,11,4,835,1,2,1,1.0,3.0,44055,M,,,44
201000033251,10,11,12,2220,5,2,3,1.0,3.0,44132,M,,,44
201000033252,10,11,14,2350,5,2,1,8.0,6.0,44055,M,,,44
201000033253,10,11,27,1405,1,2,3,1.0,2.0,44055,M,,,44
201000033254,10,12,3,1515,1,2,1,1.0,3.0,44132,M,,,44
201000033255,10,12,7,1230,1,2,1,2.0,2.0,44132,M,,,44
201000033256,10,12,9,2010,5,2,1,1.0,6.0,44132,M,,,44
201000033257,10,12,14,1715,1,2,1,1.0,6.0,44055,M,,,44
201000033258,10,12,22,1150,1,2,6,1.0,3.0,44055,M,,,44
201000033259,10,12,28,1835,5,2,1,1.0,6.0,44132,M,,,44
201000033260,10,1,4,2140,5,2,1,1.0,6.0,44109,M,,,44
201000033261,10,2,3,930,1,2,1,8.0,2.0,44109,M,,,44
201000033262,10,1,4,830,1,1,1,1.0,4.0,44162,M,,,44
201000033263,10,1,6,1555,1,2,1,1.0,6.0,44109,M,,,44
201000033264,10,1,6,1550,1,2,1,1.0,3.0,44109,M,,,44
201000033265,10,1,6,1800,3,2,1,2.0,6.0,44109,M,,,44
201000033266,10,1,7,1645,1,2,3,1.0,6.0,44109,M,,,44
201000033267,10,1,8,1600,1,2,1,1.0,3.0,44109,M,,,44
201000033268,10,1,18,1215,1,2,6,1.0,3.0,44109,M,,,44
201000033269,10,1,8,1515,1,2,1,1.0,6.0,44143,M,,,44
201000033270,10,1,8,1710,1,2,1,1.0,6.0,44190,M,,,44
201000033271,10,1,14,830,2,1,1,2.0,6.0,44109,M,,,44
201000033272,10,1,6,1750,2,2,1,4.0,6.0,44109,M,,,44
201000033273,10,1,16,1830,5,2,1,2.0,6.0,44109,M,,,44
201000033274,10,1,15,2200,5,2,1,1.0,1.0,44109,M,,,44
201000033275,10,1,16,2155,5,1,3,8.0,3.0,44109,M,,,44
201000033276,10,1,17,1755,2,2,1,1.0,6.0,44109,M,,,44
201000033277,10,1,15,2345,3,1,1,1.0,3.0,44162,M,,,44
201000033278,10,1,20,900,1,1,1,5.0,4.0,44162,M,,,44
201000033279,10,1,20,1545,1,2,2,2.0,3.0,44162,M,,,44
201000033280,10,1,20,1000,1,1,1,1.0,5.0,44026,M,,,44
201000033281,10,1,21,1623,1,2,1,1.0,6.0,44190,M,,,44
201000033282,10,1,20,1755,2,2,1,1.0,4.0,44162,M,,,44
201000033283,10,1,23,940,1,1,1,2.0,2.0,44162,M,,,44
201000033284,10,1,23,2235,5,2,6,9.0,3.0,44109,M,,,44
201000033285,10,1,25,1425,1,1,1,2.0,2.0,44162,M,,,44
201000033286,10,1,21,1430,1,2,2,1.0,3.0,44162,M,,,44
201000033287,10,1,27,800,5,2,1,1.0,6.0,44190,M,,,44
201000033288,10,1,28,805,2,2,1,1.0,6.0,44109,M,,,44
201000033289,10,1,29,800,5,2,1,1.0,6.0,44109,M,,,44
201000033290,10,1,28,800,5,2,1,1.0,6.0,44109,M,,,44
201000033291,10,1,17,630,5,2,1,8.0,6.0,44109,M,,,44
201000033292,10,1,31,850,1,2,2,1.0,3.0,44109,M,,,44
201000033293,10,2,1,1918,5,1,1,1.0,3.0,44109,M,,,44
201000033294,10,2,1,1610,1,2,6,1.0,3.0,44162,M,,,44
201000033295,10,2,3,750,2,2,1,3.0,6.0,44109,M,,,44
201000033296,10,2,4,2200,5,2,1,2.0,3.0,44109,M,,,44
201000033297,10,2,5,850,1,2,1,2.0,6.0,44143,M,,,44
201000033298,10,2,4,1600,1,2,1,1.0,6.0,44109,M,,,44
201000033299,10,2,7,1815,2,2,1,1.0,6.0,44109,M,,,44
201000033300,10,2,16,2350,5,1,1,1.0,6.0,44109,M,,,44
201000033301,10,2,8,1105,1,2,6,1.0,3.0,44109,M,,,44
201000033302,10,1,1,250,3,2,6,1.0,6.0,44109,M,,,44
201000033303,10,2,10,2055,5,2,1,1.0,6.0,44143,M,,,44
201000033304,10,2,11,130,5,2,1,1.0,6.0,44109,M,,,44
201000033305,10,2,11,1220,1,2,1,4.0,1.0,44162,M,,,44
201000033306,10,2,11,1500,1,2,1,1.0,6.0,44109,M,,,44
201000033307,10,2,12,1900,5,2,1,1.0,1.0,44109,M,,,44
201000033308,10,2,12,1600,1,2,1,1.0,6.0,44162,M,,,44
201000033309,10,2,9,1200,1,2,1,1.0,6.0,44190,M,,,44
201000033310,10,2,17,1240,1,2,1,9.0,6.0,44162,M,,,44
201000033311,10,2,17,1830,5,2,1,1.0,6.0,44109,M,,,44
201000033312,10,2,18,1215,1,1,1,1.0,6.0,44215,M,,,44
201000033313,10,2,21,1600,1,2,2,1.0,3.0,44109,M,,,44
201000033314,10,2,24,1710,1,2,1,1.0,5.0,44109,M,,,44
201000033315,10,2,26,450,5,2,6,1.0,3.0,44109,M,,,44
201000033316,10,2,28,2305,3,1,1,1.0,6.0,44109,M,,,44
201000033317,10,2,26,2030,3,2,9,3.0,6.0,44109,M,,,44
201000033318,10,2,25,810,1,2,2,2.0,3.0,44109,M,,,44
201000033319,10,2,21,1820,2,2,1,8.0,6.0,44109,M,,,44
201000033320,10,2,19,1245,1,2,1,1.0,1.0,44114,M,,,44
201000033321,10,3,3,900,1,2,1,1.0,3.0,44109,M,,,44
201000033322,10,3,2,715,1,2,2,1.0,7.0,44109,M,,,44
201000033323,10,3,3,805,1,2,1,1.0,2.0,44109,M,,,44
201000033324,10,3,1,1600,1,2,1,2.0,6.0,44109,M,,,44
201000033325,10,3,4,805,1,2,1,1.0,3.0,44109,M,,,44
201000033326,10,3,4,1850,2,2,1,1.0,6.0,44109,M,,,44
201000033327,10,3,5,820,1,2,1,1.0,6.0,44162,M,,,44
201000033328,10,3,1,1745,1,2,1,1.0,3.0,44109,M,,,44
201000033329,10,3,5,840,1,2,1,1.0,3.0,44109,M,,,44
201000033330,10,3,5,715,2,2,1,1.0,6.0,44109,M,,,44
201000033331,10,3,7,120,5,2,2,1.0,6.0,44109,M,,,44
201000033332,10,1,21,1330,1,2,2,1.0,3.0,44109,M,,,44
201000033333,10,3,3,2035,2,2,1,9.0,6.0,44162,M,,,44
201000033334,10,3,9,1755,1,2,1,1.0,4.0,44109,M,,,44
201000033335,10,3,10,850,1,2,1,1.0,5.0,44109,M,,,44
201000033336,10,3,10,1410,1,2,1,1.0,6.0,44143,M,,,44
201000033337,10,3,13,2210,3,2,1,1.0,2.0,44109,M,,,44
201000033338,10,3,15,1505,1,2,1,1.0,6.0,44109,M,,,44
201000033339,10,3,15,1805,1,2,1,1.0,6.0,44190,M,,,44
201000033340,10,3,15,2330,5,2,2,1.0,6.0,44162,M,,,44
201000033341,10,3,15,820,1,1,1,1.0,5.0,44109,M,,,44
201000033342,10,3,16,840,1,1,1,1.0,6.0,44109,M,,,44
201000033343,10,3,16,1350,1,2,2,1.0,3.0,44109,M,,,44
201000033344,10,3,17,750,1,2,1,1.0,2.0,44109,M,,,44
201000033345,10,3,17,2320,5,2,1,1.0,3.0,44109,M,,,44
201000033346,10,3,17,2130,5,2,2,1.0,3.0,44109,M,,,44
201000033347,10,3,15,1800,1,1,1,1.0,2.0,44162,M,,,44
201000033348,10,3,19,415,3,1,1,8.0,6.0,44114,M,,,44
201000033349,10,3,16,1220,1,2,1,1.0,3.0,44109,M,,,44
201000033350,10,3,19,550,4,2,6,1.0,3.0,44109,M,,,44
201000033351,10,3,21,125,5,2,3,1.0,3.0,44109,M,,,44
201000033352,10,3,20,2150,5,2,1,1.0,2.0,44162,M,,,44
201000033353,10,3,20,1243,1,2,1,1.0,6.0,44109,M,,,44
201000033354,10,3,15,1630,1,2,1,1.0,6.0,44162,M,,,44
201000033355,10,3,25,1755,1,2,1,1.0,3.0,44114,M,,,44
201000033356,10,3,28,1155,1,2,3,1.0,3.0,44162,M,,,44
201000033357,10,3,26,2312,5,2,1,3.0,6.0,44109,M,,,44
201000033358,10,3,27,1915,1,2,1,1.0,6.0,44109,M,,,44
201000033359,10,3,29,730,2,2,6,1.0,3.0,44162,M,,,44
201000033360,10,3,25,1730,1,2,1,1.0,6.0,44114,M,,,44
201000033361,10,4,2,1415,1,2,6,1.0,6.0,44109,M,,,44
201000033362,10,4,6,1015,1,2,1,1.0,3.0,44109,M,,,44
201000033363,10,3,31,1415,1,2,1,1.0,6.0,44109,M,,,44
201000033364,10,3,21,1930,1,1,1,1.0,6.0,44109,M,,,44
201000033365,10,4,6,1805,1,2,1,1.0,3.0,44109,M,,,44
201000033366,10,4,7,1400,1,2,1,1.0,6.0,44109,M,,,44
201000033367,10,4,8,1935,1,2,1,1.0,6.0,44109,M,,,44
201000033368,10,4,12,1610,1,2,1,1.0,6.0,44190,M,,,44
201000033369,10,4,12,1900,1,2,1,1.0,6.0,44109,M,,,44
201000033370,10,4,14,45,5,2,1,2.0,7.0,44109,M,,,44
201000033371,10,4,14,815,1,2,6,1.0,6.0,44109,M,,,44
201000033372,10,4,14,905,1,2,1,1.0,6.0,44109,M,,,44
201000033373,10,4,12,1755,1,2,1,1.0,6.0,44109,M,,,44
201000033374,10,4,13,1715,1,2,3,1.0,6.0,44109,M,,,44
201000033375,10,5,28,2115,5,2,3,1.0,7.0,44109,M,,,44
201000033376,10,4,14,1500,1,2,3,1.0,3.0,44109,M,,,44
201000033377,10,4,11,1745,1,2,1,1.0,6.0,44109,M,,,44
201000033378,10,4,16,1100,1,2,2,1.0,6.0,44109,M,,,44
201000033379,10,4,18,1700,1,2,1,1.0,6.0,44109,M,,,44
201000033380,10,4,16,1448,1,2,1,1.0,6.0,44109,M,,,44
201000033381,10,4,18,1450,1,2,1,1.0,6.0,44109,M,,,44
201000033382,10,4,20,1550,1,2,1,1.0,6.0,44143,M,,,44
201000033383,10,4,25,808,1,1,1,1.0,6.0,44109,M,,,44
201000033384,10,4,24,1845,1,2,2,1.0,3.0,44190,M,,,44
201000033385,10,4,26,1240,1,2,2,1.0,6.0,44109,M,,,44
201000033386,10,4,26,1510,1,2,1,1.0,6.0,44109,M,,,44
201000033387,10,4,26,1345,1,2,1,1.0,6.0,44109,M,,,44
201000033388,10,4,26,2105,2,2,3,1.0,3.0,44109,M,,,44
201000033389,10,4,27,1405,1,2,2,1.0,6.0,44114,M,,,44
201000033390,10,4,24,1530,1,1,1,1.0,2.0,44162,M,,,44
201000033391,10,4,28,1744,1,1,1,1.0,2.0,44162,M,,,44
201000033392,10,5,1,1120,1,2,1,1.0,3.0,44109,M,,,44
201000033393,10,5,1,1025,1,2,2,1.0,2.0,44143,M,,,44
201000033394,10,5,2,1108,1,2,1,1.0,6.0,44143,M,,,44
201000033395,10,5,4,520,5,2,6,1.0,3.0,44109,M,,,44
201000033396,10,5,3,1644,1,1,1,1.0,6.0,44190,M,,,44
201000033397,10,5,3,1200,1,2,1,1.0,7.0,44109,M,,,44
201000033398,10,5,4,815,1,2,1,1.0,2.0,44109,M,,,44
201000033399,10,5,4,1230,1,2,6,1.0,3.0,44109,M,,,44
201000033400,10,5,5,1400,1,2,1,1.0,6.0,44109,M,,,44
201000033401,10,5,5,1818,1,2,6,1.0,3.0,44109,M,,,44
201000033402,10,5,6,2025,1,2,1,1.0,2.0,44109,M,,,44
201000033403,10,5,7,445,5,2,5,1.0,6.0,44109,M,,,44
201000033404,10,5,6,1805,1,2,1,1.0,3.0,44109,M,,,44
201000033405,10,5,7,830,1,2,1,1.0,6.0,44162,M,,,44
201000033406,10,5,9,2117,5,2,3,9.0,3.0,44109,M,,,44
201000033407,10,5,11,1617,1,2,1,1.0,6.0,44190,M,,,44
201000033408,10,5,13,2030,1,1,1,1.0,6.0,44109,M,,,44
201000033409,10,5,13,610,2,1,1,1.0,6.0,44009,M,,,44
201000033410,10,5,13,545,5,2,9,1.0,6.0,44109,M,,,44
201000033411,10,5,20,1400,1,2,1,1.0,6.0,44109,M,,,44
201000033412,10,5,21,1322,1,2,1,1.0,6.0,44109,M,,,44
201000033413,10,5,20,1730,1,2,1,1.0,6.0,44109,M,,,44
201000033414,10,5,22,1005,1,2,1,1.0,6.0,44109,M,,,44
201000033415,10,5,17,1115,1,2,1,1.0,2.0,44162,M,,,44
201000033416,10,5,21,1510,1,2,1,1.0,3.0,44109,M,,,44
201000033417,10,5,23,215,5,2,6,1.0,3.0,44109,M,,,44
201000033418,10,5,23,2000,1,2,6,1.0,3.0,44109,M,,,44
201000033419,10,5,23,2144,4,1,1,1.0,6.0,44162,M,,,44
201000033420,10,5,22,1410,1,2,9,1.0,2.0,44109,M,,,44
201000033421,10,5,18,1045,1,2,1,9.0,2.0,44109,M,,,44
201000033422,10,5,25,1800,1,2,1,1.0,6.0,44109,M,,,44
201000033423,10,5,21,1645,1,2,3,1.0,6.0,44109,M,,,44
201000033424,10,5,26,855,1,2,1,1.0,6.0,44109,M,,,44
201000033425,10,5,14,925,1,2,1,1.0,6.0,44162,M,,,44
201000033426,10,5,26,1650,1,2,6,9.0,6.0,44109,M,,,44
201000033427,10,5,31,1210,1,2,1,1.0,6.0,44143,M,,,44
201000033428,10,5,29,20,5,2,6,1.0,7.0,44109,M,,,44
201000033429,10,6,1,1520,1,2,2,1.0,3.0,44109,M,,,44
201000033430,10,6,1,1740,1,2,6,1.0,3.0,44190,M,,,44
201000033431,10,6,1,1620,1,2,1,8.0,6.0,44114,M,,,44
201000033432,10,6,4,1540,1,2,1,1.0,6.0,44109,M,,,44
201000033433,10,6,4,1805,1,1,1,1.0,6.0,44162,M,,,44
201000033434,10,6,4,1730,1,1,1,1.0,3.0,44162,M,,,44
201000033435,10,6,6,1825,1,2,1,1.0,1.0,44114,M,,,44
201000033436,10,6,8,805,1,2,3,2.0,6.0,44109,M,,,44
201000033437,10,6,9,55,5,2,1,1.0,7.0,44109,M,,,44
201000033438,10,6,10,135,5,2,1,1.0,7.0,44109,M,,,44
201000033439,10,6,12,1810,1,2,1,1.0,2.0,44109,M,,,44
201000033440,10,6,12,50,5,2,1,1.0,2.0,44109,M,,,44
201000033441,10,6,11,1120,1,2,1,1.0,2.0,44109,M,,,44
201000033442,10,6,15,1730,1,2,3,1.0,3.0,44109,M,,,44
201000033443,10,6,20,535,5,2,1,1.0,7.0,44109,M,,,44
201000033444,10,6,11,1820,1,2,1,1.0,6.0,44109,M,,,44
201000033445,10,6,21,910,1,2,1,1.0,3.0,44109,M,,,44
201000033446,10,6,21,740,1,2,1,1.0,6.0,44109,M,,,44
201000033447,10,6,21,835,1,2,3,1.0,3.0,44109,M,,,44
201000033448,10,6,22,850,1,2,1,1.0,4.0,44109,M,,,44
201000033449,10,6,21,2310,3,2,1,1.0,4.0,44020,M,,,44
201000033450,10,6,21,2345,5,2,1,1.0,6.0,44109,M,,,44
201000033451,10,6,20,655,1,2,1,1.0,2.0,44162,M,,,44
201000033452,10,6,14,1700,1,1,1,1.0,6.0,44009,M,,,44
201000033453,10,6,19,710,1,2,1,1.0,7.0,44143,M,,,44
201000033454,10,6,24,1815,1,2,6,1.0,2.0,44109,M,,,44
201000033455,10,6,25,1755,1,2,1,1.0,2.0,44162,M,,,44
201000033456,10,6,26,1240,1,2,1,1.0,3.0,44162,M,,,44
201000033457,10,6,21,1742,1,2,1,1.0,6.0,44162,M,,,44
201000033458,10,6,26,1130,1,2,1,1.0,6.0,44109,M,,,44
201000033459,10,6,29,1025,1,2,2,1.0,6.0,44109,M,,,44
201000033460,10,6,29,2057,1,1,3,1.0,3.0,44109,M,,,44
201000033461,10,6,25,400,5,2,1,1.0,6.0,44109,M,,,44
201000033462,10,7,5,525,2,2,3,1.0,3.0,44109,M,,,44
201000033463,10,7,3,240,5,2,2,1.0,3.0,44109,M,,,44
201000033464,10,7,3,2000,1,2,1,1.0,6.0,44109,M,,,44
201000033465,10,7,9,30,5,2,1,1.0,6.0,44109,M,,,44
201000033466,10,7,9,750,1,2,1,1.0,6.0,44109,M,,,44
201000033467,10,7,9,845,1,2,1,1.0,2.0,44109,M,,,44
201000033468,10,7,13,530,2,2,1,1.0,3.0,44109,M,,,44
201000033469,10,7,13,2030,1,2,1,1.0,3.0,44109,M,,,44
201000033470,10,7,6,1740,1,2,1,1.0,3.0,44114,M,,,44
201000033471,10,7,11,1905,1,1,1,1.0,3.0,44162,M,,,44
201000033472,10,7,15,1130,1,2,1,3.0,3.0,44109,M,,,44
201000033473,10,7,18,1410,1,2,1,1.0,6.0,44109,M,,,44
201000033474,10,7,16,1610,1,2,1,1.0,3.0,44162,M,,,44
201000033475,10,7,15,1055,1,2,1,2.0,6.0,44162,M,,,44
201000033476,10,7,20,120,5,2,2,1.0,3.0,44109,M,,,44
201000033477,10,7,19,1245,1,1,1,1.0,2.0,44114,M,,,44
201000033478,10,7,20,1449,1,2,3,1.0,6.0,44109,M,,,44
201000033479,10,7,19,1544,1,2,1,1.0,6.0,44162,M,,,44
201000033480,10,7,22,815,1,2,1,1.0,2.0,44109,M,,,44
201000033481,10,7,22,1355,1,2,1,1.0,6.0,44109,M,,,44
201000033482,10,7,24,1100,1,2,6,1.0,7.0,44109,M,,,44
201000033483,10,7,24,1940,1,2,1,1.0,6.0,44109,M,,,44
201000033484,10,7,27,105,5,2,2,1.0,3.0,44109,M,,,44
201000033485,10,7,27,1225,1,2,1,1.0,6.0,44143,M,,,44
201000033486,10,7,28,925,1,2,6,1.0,6.0,44109,M,,,44
201000033487,10,7,28,1150,1,2,6,1.0,3.0,44109,M,,,44
201000033488,10,7,30,1020,1,2,1,1.0,7.0,44109,M,,,44
201000033489,10,7,30,1810,1,2,2,1.0,6.0,44109,M,,,44
201000033490,10,8,1,245,5,2,6,1.0,6.0,44109,M,,,44
201000033491,10,8,2,1700,1,2,6,1.0,3.0,44109,M,,,44
201000033492,10,7,30,330,3,2,1,1.0,6.0,44109,M,,,44
201000033493,10,8,5,1535,1,2,3,9.0,3.0,44162,M,,,44
201000033494,10,8,5,1810,1,2,9,1.0,6.0,44143,M,,,44
201000033495,10,7,31,530,5,2,1,9.0,6.0,44109,M,,,44
201000033496,10,8,6,1600,1,2,1,1.0,1.0,44109,M,,,44
201000033497,10,8,6,1500,1,2,2,1.0,3.0,44114,M,,,44
201000033498,10,8,12,221,5,1,3,1.0,3.0,44109,M,,,44
201000033499,10,8,11,1640,1,2,1,1.0,2.0,44162,M,,,44
201000033500,10,8,12,2125,3,1,1,1.0,2.0,44114,M,,,44
201000033501,10,8,13,1220,1,2,1,1.0,6.0,44109,M,,,44
201000033502,10,8,15,1820,1,2,1,1.0,7.0,44190,M,,,44
201000033503,10,8,16,1550,1,2,3,1.0,3.0,44109,M,,,44
201000033504,10,8,18,1410,1,2,3,1.0,3.0,44109,M,,,44
201000033505,10,8,20,900,1,2,1,9.0,7.0,44109,M,,,44
201000033506,10,8,16,1400,1,2,2,1.0,1.0,44109,M,,,44
201000033507,10,8,21,10,5,2,1,1.0,6.0,44109,M,,,44
201000033508,10,8,21,530,5,2,1,1.0,3.0,44109,M,,,44
201000033509,10,8,29,1400,1,2,6,1.0,3.0,44109,M,,,44
201000033510,10,8,24,2115,5,2,6,1.0,3.0,44109,M,,,44
201000033511,10,8,24,1710,1,1,1,9.0,2.0,44109,M,,,44
201000033512,10,8,24,1720,1,2,1,1.0,3.0,44109,M,,,44
201000033513,10,8,24,750,1,2,6,7.0,3.0,44190,M,,,44
201000033514,10,8,23,1140,1,2,1,2.0,3.0,44162,M,,,44
201000033515,10,8,26,1050,1,2,1,1.0,6.0,44109,M,,,44
201000033516,10,8,29,1635,1,2,1,1.0,3.0,44162,M,,,44
201000033517,10,8,31,2315,5,2,3,1.0,6.0,44190,M,,,44
201000033518,10,8,31,900,1,2,2,1.0,6.0,44109,M,,,44
201000033519,10,8,31,740,1,2,1,1.0,6.0,44143,M,,,44
201000033520,10,8,31,750,1,2,2,1.0,3.0,44109,M,,,44
201000033521,10,8,31,2200,3,1,1,1.0,1.0,44114,M,,,44
201000033522,10,9,2,1740,1,2,9,1.0,3.0,44109,M,,,44
201000033523,10,9,3,830,1,2,1,1.0,3.0,44109,M,,,44
201000033524,10,9,2,920,1,2,1,1.0,2.0,44190,M,,,44
201000033525,10,9,3,1520,1,2,1,1.0,2.0,44109,M,,,44
201000033526,10,8,25,1805,1,1,1,2.0,4.0,44162,M,,,44
201000033527,10,9,7,1330,1,2,1,1.0,6.0,44109,M,,,44
201000033528,10,9,9,900,1,2,1,1.0,6.0,44109,M,,,44
201000033529,10,9,8,1940,1,2,1,1.0,3.0,44114,M,,,44
201000033530,10,9,12,620,5,2,1,1.0,7.0,44109,M,,,44
201000033531,10,9,11,920,1,2,1,1.0,6.0,44109,M,,,44
201000033532,10,9,12,1005,1,2,1,1.0,7.0,44109,M,,,44
201000033533,10,9,13,750,1,2,1,1.0,6.0,44109,M,,,44
201000033534,10,9,16,1840,1,2,6,1.0,3.0,44109,M,,,44
201000033535,10,9,17,1525,1,2,1,1.0,6.0,44109,M,,,44
201000033536,10,9,19,445,3,1,1,1.0,6.0,44114,M,,,44
201000033537,10,9,19,1620,1,2,1,1.0,6.0,44109,M,,,44
201000033538,10,9,17,1950,1,2,1,1.0,3.0,44109,M,,,44
201000033539,10,9,18,320,5,1,1,1.0,6.0,44109,M,,,44
201000033540,10,9,20,1725,1,1,1,1.0,6.0,44109,M,,,44
201000033541,10,9,21,910,1,2,1,1.0,3.0,44109,M,,,44
201000033542,10,9,22,1515,1,2,1,1.0,3.0,44109,M,,,44
201000033543,10,9,23,1520,1,2,1,1.0,7.0,44143,M,,,44
201000033544,10,9,23,1435,1,2,1,1.0,7.0,44114,M,,,44
201000033545,10,9,22,1530,1,2,1,1.0,6.0,44162,M,,,44
201000033546,10,9,23,1810,1,2,1,2.0,6.0,44109,M,,,44
201000033547,10,9,24,922,1,2,1,1.0,3.0,44109,M,,,44
201000033548,10,9,22,808,1,2,6,1.0,3.0,44109,M,,,44
201000033549,10,9,26,1400,1,2,1,1.0,2.0,44109,M,,,44
201000033550,10,9,28,1900,1,2,1,1.0,6.0,44109,M,,,44
201000033551,10,9,30,1750,1,2,1,1.0,3.0,44109,M,,,44
201000033552,10,10,3,2005,5,2,1,2.0,6.0,44109,M,,,44
201000033553,10,1,2,1820,1,2,1,1.0,6.0,44109,M,,,44
201000033554,10,10,1,1255,1,2,1,3.0,3.0,44109,M,,,44
201000033555,10,10,5,1955,4,2,1,8.0,6.0,44109,M,,,44
201000033556,10,10,5,800,1,2,6,1.0,3.0,44109,M,,,44
201000033557,10,10,7,1825,1,2,1,1.0,3.0,44109,M,,,44
201000033558,10,10,9,1320,1,1,1,1.0,1.0,44109,M,,,44
201000033559,10,10,8,1630,1,2,6,1.0,3.0,44109,M,,,44
201000033560,10,10,11,1800,1,2,6,1.0,6.0,44109,M,,,44
201000033561,10,10,11,1910,1,2,1,1.0,6.0,44109,M,,,44
201000033562,10,10,12,2005,5,2,1,1.0,3.0,44109,M,,,44
201000033563,10,10,13,730,5,2,1,1.0,6.0,44109,M,,,44
201000033564,10,10,11,400,5,2,6,1.0,3.0,44109,M,,,44
201000033565,10,10,14,1725,1,2,1,1.0,6.0,44109,M,,,44
201000033566,10,10,15,210,5,2,1,1.0,1.0,44109,M,,,44
201000033567,10,10,14,1640,1,2,1,1.0,6.0,44109,M,,,44
201000033568,10,10,17,2250,5,2,1,1.0,6.0,44190,M,,,44
201000033569,10,10,15,1645,1,2,6,1.0,6.0,44190,M,,,44
201000033570,10,10,15,2350,3,1,1,1.0,6.0,44114,M,,,44
201000033571,10,10,16,1555,1,2,1,1.0,2.0,44162,M,,,44
201000033572,10,9,23,850,1,2,1,1.0,7.0,44143,M,,,44
201000033573,10,10,16,1500,1,2,1,1.0,7.0,44109,M,,,44
201000033574,10,10,15,745,1,1,1,1.0,6.0,44109,M,,,44
201000033575,10,10,18,1710,1,1,1,1.0,2.0,44162,M,,,44
201000033576,10,10,16,1535,1,2,1,1.0,3.0,44162,M,,,44
201000033577,10,10,15,1650,1,1,3,1.0,2.0,44114,M,,,44
201000033578,10,10,20,1835,2,2,2,1.0,3.0,44109,M,,,44
201000033579,10,10,20,1405,1,2,8,1.0,3.0,44109,M,,,44
201000033580,10,10,24,2005,5,2,1,1.0,1.0,44109,M,,,44
201000033581,10,10,22,1730,1,2,1,1.0,4.0,44109,M,,,44
201000033582,10,10,23,1225,1,2,1,2.0,3.0,44109,M,,,44
201000033583,10,10,25,915,1,2,1,1.0,6.0,44109,M,,,44
201000033584,10,10,24,2252,5,2,2,1.0,2.0,44109,M,,,44
201000033585,10,10,20,1810,1,2,2,1.0,3.0,44109,M,,,44
201000033586,10,10,25,1810,1,1,1,1.0,6.0,44162,M,,,44
201000033587,10,10,23,1505,1,2,1,2.0,2.0,44114,M,,,44
201000033588,10,10,22,2115,3,1,1,1.0,6.0,44172,M,,,44
201000033589,10,10,28,815,2,1,1,5.0,6.0,44162,M,,,44
201000033590,10,10,30,450,4,2,1,1.0,6.0,44162,M,,,44
201000033591,10,10,25,1045,1,2,1,9.0,6.0,44114,M,,,44
201000033592,10,11,4,820,1,2,1,1.0,3.0,44109,M,,,44
201000033593,10,11,4,1415,1,2,6,1.0,3.0,44109,M,,,44
201000033594,10,11,5,1610,1,2,1,2.0,1.0,44109,M,,,44
201000033595,10,11,8,1805,2,2,1,1.0,6.0,44109,M,,,44
201000033596,10,10,19,1700,1,2,1,1.0,6.0,44109,M,,,44
201000033597,10,11,9,1846,5,2,1,1.0,1.0,44190,M,,,44
201000033598,10,11,11,1950,5,2,1,3.0,6.0,44162,M,,,44
201000033599,10,11,15,845,1,1,1,1.0,2.0,44162,M,,,44
201000033600,10,11,15,1720,1,2,1,2.0,6.0,44109,M,,,44
201000033601,10,11,15,1809,5,2,1,1.0,1.0,44190,M,,,44
201000033602,10,11,13,2255,5,2,9,3.0,6.0,44109,M,,,44
201000033603,10,11,16,1630,1,2,1,1.0,6.0,44109,M,,,44
201000033604,10,11,18,1400,1,2,1,1.0,6.0,44190,M,,,44
201000033605,10,11,18,1835,5,2,3,2.0,6.0,44109,M,,,44
201000033606,10,11,21,410,5,2,2,1.0,3.0,44109,M,,,44
201000033607,10,11,22,1855,5,2,1,1.0,6.0,44109,M,,,44
201000033608,10,11,25,1820,5,2,1,1.0,6.0,44109,M,,,44
201000033609,10,11,26,1645,1,2,1,2.0,3.0,44109,M,,,44
201000033610,10,11,28,705,5,2,1,8.0,7.0,44109,M,,,44
201000033611,10,11,23,740,5,2,1,1.0,6.0,44162,M,,,44
201000033612,10,11,29,800,1,2,1,5.0,6.0,44162,M,,,44
201000033613,10,11,29,800,2,2,1,8.0,6.0,44109,M,,,44
201000033614,10,11,26,1455,1,2,2,1.0,3.0,44109,M,,,44
201000033615,10,11,26,1935,5,2,1,1.0,7.0,44109,M,,,44
201000033616,10,11,29,1210,1,2,1,1.0,6.0,44143,M,,,44
201000033617,10,12,3,410,5,2,1,1.0,6.0,44109,M,,,44
201000033618,10,12,2,1755,5,2,1,1.0,6.0,44109,M,,,44
201000033619,10,12,2,1215,1,2,1,8.0,6.0,44109,M,,,44
201000033620,10,12,4,1830,5,2,1,8.0,4.0,44109,M,,,44
201000033621,10,12,3,1330,1,2,1,1.0,3.0,44109,M,,,44
201000033622,10,12,7,851,2,2,2,2.0,3.0,44109,M,,,44
201000033623,10,12,7,800,2,2,1,2.0,6.0,44109,M,,,44
201000033624,10,12,8,845,2,2,1,1.0,6.0,44109,M,,,44
201000033625,10,12,8,1645,2,2,3,1.0,3.0,44109,M,,,44
201000033626,10,12,9,810,1,2,6,1.0,3.0,44109,M,,,44
201000033627,10,12,10,210,5,2,1,1.0,6.0,44109,M,,,44