Num_Acc,an,mois,jour,hrmn,lum,agg,int,atm,col,com,gps,lat,long,dep
201000033628,10,12,9,1525,1,2,1,1.0,3.0,44162,M,,,44
201000033629,10,12,11,745,5,2,1,1.0,6.0,44109,M,,,44
201000033630,10,12,11,520,5,2,1,1.0,6.0,44109,M,,,44
201000033631,10,12,10,950,1,2,1,2.0,6.0,44109,M,,,44
201000033632,10,12,9,735,2,2,1,1.0,6.0,44162,M,,,44
201000033633,10,12,11,1100,1,2,1,1.0,6.0,44162,M,,,44
201000033634,10,12,7,1735,4,2,1,2.0,6.0,44162,M,,,44
201000033635,10,12,13,1540,1,2,1,1.0,6.0,44190,M,,,44
201000033636,10,12,14,810,2,2,1,1.0,6.0,44109,M,,,44
201000033637,10,12,13,1820,4,2,1,1.0,6.0,44109,M,,,44
201000033638,10,12,16,815,1,2,1,2.0,7.0,44109,M,,,44
201000033639,10,12,17,700,5,2,1,1.0,2.0,44109,M,,,44
201000033640,10,12,18,2045,5,2,1,1.0,3.0,44109,M,,,44
201000033641,10,12,19,1755,5,2,1,1.0,6.0,44109,M,,,44
201000033642,10,12,23,1233,1,2,1,1.0,3.0,44143,M,,,44
201000033643,10,12,27,1400,1,2,1,1.0,6.0,44109,M,,,44
201000033644,10,12,29,1415,1,2,6,2.0,2.0,44162,M,,,44
201000033645,10,12,6,1900,5,2,1,1.0,6.0,44114,M,,,44
201000033646,10,12,15,2050,5,2,1,1.0,6.0,44114,M,,,44
201000033647,10,12,8,2135,4,2,2,1.0,7.0,44109,M,,,44
201000033648,10,1,4,1430,1,2,1,1.0,6.0,44184,M,,,44
201000033649,10,1,6,1110,1,2,1,1.0,1.0,44184,M,,,44
201000033650,10,1,12,1645,1,2,2,2.0,3.0,44184,M,,,44
201000033651,10,1,13,1940,3,1,1,3.0,6.0,44184,M,,,44
201000033652,10,1,19,755,5,2,1,1.0,7.0,44184,M,,,44
201000033653,10,1,20,740,2,1,1,1.0,2.0,44184,M,,,44
201000033654,10,1,26,730,5,2,1,1.0,3.0,44184,M,,,44
201000033655,10,1,27,1335,1,2,2,1.0,6.0,44184,M,,,44
201000033656,10,2,5,740,1,2,3,4.0,3.0,44184,M,,,44
201000033657,10,2,12,1630,1,2,2,1.0,3.0,44184,M,,,44
201000033658,10,2,16,1045,1,2,2,1.0,3.0,44184,M,,,44
201000033659,10,2,20,1400,1,2,2,1.0,6.0,44184,M,,,44
201000033660,10,2,28,1225,1,2,2,1.0,2.0,44184,M,,,44
201000033661,10,3,1,730,1,2,3,1.0,3.0,44184,M,,,44
201000033662,10,3,5,1740,1,2,1,1.0,5.0,44184,M,,,44
201000033663,10,3,5,1940,5,2,6,1.0,6.0,44184,M,,,44
201000033664,10,3,7,1810,2,2,3,1.0,3.0,44184,M,,,44
201000033665,10,3,8,830,1,2,1,1.0,6.0,44184,M,,,44
201000033666,10,3,15,945,1,2,2,1.0,3.0,44184,M,,,44
201000033667,10,3,19,1700,1,2,3,2.0,2.0,44184,M,,,44
201000033668,10,3,19,1925,2,2,3,2.0,3.0,44184,M,,,44
201000033669,10,3,23,1825,1,2,1,1.0,7.0,44184,M,,,44
201000033670,10,3,23,1730,1,2,3,1.0,3.0,44184,M,,,44
201000033671,10,4,1,1805,1,2,1,1.0,1.0,44184,M,,,44
201000033672,10,4,9,1800,1,2,2,1.0,3.0,44184,M,,,44
201000033673,10,4,12,1525,1,2,2,1.0,3.0,44184,M,,,44
201000033674,10,4,19,1645,1,2,1,1.0,3.0,44184,M,,,44
201000033675,10,4,19,1910,1,2,2,1.0,3.0,44184,M,,,44
201000033676,10,4,23,1100,1,2,2,1.0,6.0,44184,M,,,44
201000033677,10,4,24,1255,1,2,1,1.0,6.0,44184,M,,,44
201000033678,10,4,24,1905,1,2,1,1.0,3.0,44184,M,,,44
201000033679,10,4,27,1640,1,2,2,1.0,3.0,44184,M,,,44
201000033680,10,4,30,1250,1,2,1,1.0,4.0,44184,M,,,44
201000033681,10,5,4,1810,1,2,2,1.0,3.0,44184,M,,,44
201000033682,10,5,9,300,5,2,1,1.0,6.0,44184,M,,,44
201000033683,10,5,11,1940,1,2,3,1.0,5.0,44184,M,,,44
201000033684,10,5,14,1430,1,2,1,1.0,3.0,44184,M,,,44
201000033685,10,5,15,200,3,1,1,1.0,6.0,44184,M,,,44
201000033686,10,5,19,1610,1,2,1,1.0,3.0,44184,M,,,44
201000033687,10,5,21,1135,1,2,1,1.0,3.0,44184,M,,,44
201000033688,10,5,26,1230,1,2,1,1.0,6.0,44184,M,,,44
201000033689,10,5,27,1225,1,2,1,1.0,6.0,44184,M,,,44
201000033690,10,6,7,2200,5,2,6,2.0,6.0,44184,M,,,44
201000033691,10,6,7,2330,3,2,6,2.0,6.0,44184,M,,,44
201000033692,10,6,17,1610,1,2,1,1.0,7.0,44184,M,,,44
201000033693,10,6,25,1100,1,2,1,1.0,6.0,44184,M,,,44
201000033694,10,6,29,1550,1,2,4,1.0,7.0,44184,M,,,44
201000033695,10,6,30,1200,1,2,2,1.0,7.0,44184,M,,,44
201000033696,10,7,1,845,1,2,1,1.0,3.0,44184,M,,,44
201000033697,10,7,3,1355,1,2,3,1.0,3.0,44184,M,,,44
201000033698,10,7,6,1950,1,2,2,1.0,3.0,44184,M,,,44
201000033699,10,7,7,1400,1,2,2,1.0,3.0,44184,M,,,44
201000033700,10,7,9,1700,1,2,1,1.0,3.0,44184,M,,,44
201000033701,10,7,16,1655,1,2,3,1.0,3.0,44184,M,,,44
201000033702,10,7,21,1710,1,2,1,1.0,6.0,44184,M,,,44
201000033703,10,7,27,1740,1,2,3,1.0,5.0,44184,M,,,44
201000033704,10,8,4,2238,5,2,2,1.0,3.0,44184,M,,,44
201000033705,10,8,5,2235,3,1,1,1.0,2.0,44184,M,,,44
201000033706,10,8,9,1707,1,2,6,1.0,6.0,44184,M,,,44
201000033707,10,8,16,1840,1,2,6,1.0,3.0,44184,M,,,44
201000033708,10,9,2,940,1,2,6,7.0,2.0,44184,M,,,44
201000033709,10,9,2,1720,1,2,3,1.0,3.0,44184,M,,,44
201000033710,10,9,3,1745,1,2,1,1.0,6.0,44184,M,,,44
201000033711,10,9,3,1830,1,2,1,7.0,6.0,44184,M,,,44
201000033712,10,9,10,1505,1,2,2,1.0,2.0,44184,M,,,44
201000033713,10,9,11,1830,1,2,1,1.0,2.0,44184,M,,,44
201000033714,10,9,16,1005,1,2,2,1.0,3.0,44184,M,,,44
201000033715,10,9,16,1210,1,2,1,1.0,3.0,44184,M,,,44
201000033716,10,9,17,750,1,2,2,1.0,3.0,44184,M,,,44
201000033717,10,9,18,1750,1,2,1,1.0,6.0,44184,M,,,44
201000033718,10,9,18,2020,5,2,2,1.0,3.0,44184,M,,,44
201000033719,10,9,19,1210,1,1,1,1.0,7.0,44184,M,,,44
201000033720,10,9,19,1905,1,2,1,1.0,6.0,44184,M,,,44
201000033721,10,9,22,1640,1,2,2,1.0,3.0,44184,M,,,44
201000033722,10,9,23,1620,1,2,1,1.0,2.0,44184,M,,,44
201000033723,10,9,29,1025,1,2,6,1.0,3.0,44184,M,,,44
201000033724,10,9,30,1025,1,2,1,1.0,6.0,44184,M,,,44
201000033725,10,9,30,1810,1,2,1,8.0,3.0,44184,M,,,44
201000033726,10,10,4,644,2,2,1,2.0,2.0,44184,M,,,44
201000033727,10,10,9,1905,2,2,2,1.0,3.0,44184,M,,,44
201000033728,10,10,14,1940,2,2,1,1.0,3.0,44184,M,,,44
201000033729,10,10,18,1710,1,2,3,1.0,3.0,44184,M,,,44
201000033730,10,10,24,1745,1,2,2,1.0,3.0,44184,M,,,44
201000033731,10,10,26,1555,1,2,1,1.0,6.0,44184,M,,,44
201000033732,10,10,31,410,3,1,1,2.0,5.0,44184,M,,,44
201000033733,10,11,1,1430,1,2,2,1.0,6.0,44184,M,,,44
201000033734,10,11,3,1825,5,2,1,2.0,7.0,44184,M,,,44
201000033735,10,11,9,1150,1,2,1,1.0,7.0,44184,M,,,44
201000033736,10,11,16,1700,1,2,3,1.0,6.0,44184,M,,,44
201000033737,10,11,16,1845,5,2,1,1.0,6.0,44184,M,,,44
201000033738,10,11,19,1410,1,2,2,2.0,3.0,44184,M,,,44
201000033739,10,11,22,1025,1,2,1,1.0,6.0,44184,M,,,44
201000033740,10,11,22,1730,2,2,2,1.0,3.0,44184,M,,,44
201000033741,10,11,22,2100,3,2,1,1.0,1.0,44184,M,,,44
201000033742,10,11,24,1830,5,2,1,1.0,3.0,44184,M,,,44
201000033743,10,11,27,1115,1,2,2,1.0,3.0,44184,M,,,44
201000033744,10,11,30,850,2,2,2,1.0,6.0,44184,M,,,44
201000033745,10,12,6,2040,5,2,2,1.0,3.0,44184,M,,,44
201000033746,10,12,7,1600,1,2,1,2.0,2.0,44184,M,,,44
201000033747,10,12,8,1825,5,2,3,1.0,3.0,44184,M,,,44
201000033748,10,12,15,1540,1,2,1,1.0,3.0,44184,M,,,44
201000033749,10,12,16,705,5,2,2,2.0,6.0,44184,M,,,44
201000033750,10,12,25,2350,5,2,2,1.0,3.0,44184,M,,,44
201000033751,10,12,29,1015,1,2,3,2.0,3.0,44184,M,,,44
201000033752,10,12,29,1040,1,2,2,3.0,3.0,44184,M,,,44
201000033753,10,12,31,1315,1,2,1,1.0,6.0,44184,M,,,44
201000033754,10,1,1,1840,3,1,1,8.0,2.0,45004,M,4798514.0,274239.0,45
201000033755,10,1,15,1200,1,2,3,8.0,6.0,45004,M,4797545.0,273485.0,45
201000033756,10,2,4,845,1,2,2,1.0,3.0,45208,M,4800540.0,274439.0,45
201000033757,10,2,4,930,1,2,2,1.0,3.0,45208,M,4799829.0,274698.0,45
201000033758,10,2,20,1915,5,2,3,1.0,3.0,45004,M,4799054.0,276997.0,45
201000033759,10,2,21,1305,1,2,1,1.0,6.0,45068,M,4801118.0,271865.0,45
201000033760,10,2,21,1930,5,2,1,1.0,1.0,45338,M,4798267.0,270651.0,45
201000033761,10,2,24,530,5,2,2,1.0,3.0,45208,M,4799568.0,272031.0,45
201000033762,10,2,26,658,3,1,1,6.0,6.0,45338,M,4798898.0,269241.0,45
201000033763,10,2,28,1955,3,1,1,1.0,5.0,45004,M,4798361.0,274264.0,45
201000033764,10,3,16,910,1,2,1,1.0,3.0,45338,M,4797388.0,271897.0,45
201000033765,10,3,20,1205,1,1,4,2.0,3.0,45004,M,4796757.0,273396.0,45
201000033766,10,3,20,1605,1,2,1,2.0,6.0,45004,M,4800450.0,276972.0,45
201000033767,10,3,23,845,1,2,1,1.0,6.0,45004,M,4798518.0,277103.0,45
201000033768,10,3,28,2020,5,2,2,2.0,3.0,45208,M,4799767.0,273571.0,45
201000033769,10,3,31,1400,1,2,1,1.0,3.0,45208,M,4800318.0,274212.0,45
201000033770,10,3,31,1450,1,1,1,1.0,1.0,45208,M,4800026.0,273817.0,45
201000033771,10,4,6,2209,3,2,1,1.0,6.0,45068,M,4801963.0,272407.0,45
201000033772,10,4,8,2220,3,1,1,1.0,6.0,45338,M,4798899.0,268379.0,45
201000033773,10,4,9,1130,1,2,3,1.0,1.0,45004,M,4796218.0,278763.0,45
201000033774,10,4,13,1735,1,1,1,3.0,5.0,45004,M,4798151.0,274291.0,45
201000033775,10,4,20,1735,1,2,3,1.0,3.0,45004,M,4799406.0,275793.0,45
201000033776,10,4,21,1810,1,1,1,1.0,6.0,45004,M,4797735.0,280246.0,45
201000033777,10,4,23,821,1,2,6,1.0,2.0,45338,M,4799705.0,271503.0,45
201000033778,10,4,25,1550,1,2,1,8.0,3.0,45068,M,4801218.0,272691.0,45
201000033779,10,4,26,1205,1,2,6,1.0,3.0,45004,M,4797391.0,273339.0,45
201000033780,10,4,28,1558,1,2,1,1.0,2.0,45338,M,4799184.0,271954.0,45
201000033781,10,4,29,800,1,2,2,1.0,1.0,45208,M,4799568.0,272033.0,45
201000033782,10,5,2,1025,1,1,1,1.0,6.0,45004,M,4799053.0,278388.0,45
201000033783,10,5,7,715,1,2,3,1.0,3.0,45208,M,4799793.0,273910.0,45
201000033784,10,5,12,1120,1,2,1,1.0,6.0,45208,M,4799979.0,273381.0,45
201000033785,10,5,11,1739,1,2,6,2.0,3.0,45004,M,4800140.0,277112.0,45
201000033786,10,5,20,815,1,2,1,1.0,1.0,45338,M,4799578.0,271936.0,45
201000033787,10,5,25,1143,1,2,1,1.0,1.0,45208,M,4799116.0,273231.0,45
201000033788,10,5,21,1205,1,2,1,1.0,3.0,45208,M,4799422.0,274456.0,45
201000033789,10,5,28,525,2,2,1,1.0,6.0,45004,M,4800064.0,276444.0,45
201000033790,10,5,29,612,1,2,3,1.0,3.0,45068,M,4801431.0,271714.0,45
201000033791,10,5,31,1750,1,2,1,1.0,3.0,45208,M,4800031.0,273925.0,45
201000033792,10,6,1,805,1,2,1,1.0,6.0,45068,M,4800156.0,271854.0,45
201000033793,10,6,2,1155,1,2,2,1.0,6.0,45208,M,4799866.0,274323.0,45
201000033794,10,4,13,1750,1,1,1,3.0,5.0,45004,M,4798192.0,274275.0,45
201000033795,10,6,1,1140,1,2,3,1.0,1.0,45068,M,4800370.0,271357.0,45
201000033796,10,6,11,1600,1,2,1,1.0,1.0,45338,M,4797408.0,271914.0,45
201000033797,10,6,22,1205,1,2,6,1.0,3.0,45208,M,4800620.0,273900.0,45
201000033798,10,7,2,936,1,2,1,1.0,6.0,45338,M,4799602.0,271261.0,45
201000033799,10,7,6,725,1,2,1,1.0,1.0,45338,M,4799274.0,271664.0,45
201000033800,10,6,4,2000,1,2,2,1.0,3.0,45208,M,4799535.0,273066.0,45
201000033801,10,7,23,1910,1,2,2,1.0,3.0,45208,M,4799767.0,273571.0,45
201000033802,10,7,23,1939,1,2,1,1.0,6.0,45338,M,4798489.0,268510.0,45
201000033803,10,8,17,1429,1,1,1,8.0,3.0,45338,M,4798242.0,267818.0,45
201000033804,10,8,18,1825,1,2,3,1.0,6.0,45208,M,4799247.0,273000.0,45
201000033805,10,8,22,606,5,1,4,1.0,6.0,45208,M,4799525.0,274015.0,45
201000033806,10,5,19,1440,1,2,1,1.0,6.0,45004,M,4799648.0,277015.0,45
201000033807,10,7,26,2114,2,2,3,1.0,1.0,45208,M,4799439.0,274453.0,45
201000033808,10,8,29,1500,1,2,3,1.0,3.0,45068,M,4800523.0,272397.0,45
201000033809,10,8,31,1140,1,2,1,1.0,5.0,45338,M,4797620.0,272088.0,45
201000033810,10,9,2,1350,1,2,1,1.0,3.0,45004,M,4798551.0,276937.0,45
201000033811,10,9,3,1647,1,1,1,1.0,2.0,45208,M,4800026.0,273817.0,45
201000033812,10,9,5,1120,1,1,1,1.0,7.0,45004,M,4797574.0,273981.0,45
201000033813,10,9,10,1630,1,2,2,1.0,1.0,45208,M,4799535.0,273066.0,45
201000033814,10,9,9,1500,1,2,6,1.0,6.0,45208,M,4799481.0,273252.0,45
201000033815,10,9,16,1235,1,2,1,1.0,6.0,45068,M,4801167.0,271329.0,45
201000033816,10,9,19,205,5,2,1,1.0,6.0,45338,M,4798448.0,270546.0,45
201000033817,10,9,19,1155,1,2,1,1.0,3.0,45068,M,4800800.0,274007.0,45
201000033818,10,9,13,1525,1,2,6,1.0,3.0,45208,M,4799481.0,273252.0,45
201000033819,10,9,21,1520,1,2,3,7.0,6.0,45208,M,4799825.0,273276.0,45
201000033820,10,9,21,1445,1,2,6,1.0,2.0,45068,M,4800934.0,272293.0,45
201000033821,10,9,26,2035,5,2,3,2.0,3.0,45208,M,4799774.0,273656.0,45
201000033822,10,9,30,1315,1,2,2,2.0,6.0,45208,M,4799864.0,273078.0,45
201000033823,10,10,2,1633,1,2,2,1.0,3.0,45004,M,4797982.0,273308.0,45
201000033824,10,10,8,40,5,2,1,1.0,6.0,45208,M,4799412.0,272379.0,45
201000033825,10,10,12,800,1,2,1,1.0,1.0,45338,M,4798093.0,271919.0,45
201000033826,10,10,13,750,5,2,2,1.0,3.0,45338,M,4798229.0,270596.0,45
201000033827,10,10,21,2143,5,2,2,1.0,3.0,45068,M,4800702.0,270976.0,45
201000033828,10,10,22,2045,3,2,1,1.0,6.0,45068,M,4800742.0,272191.0,45
201000033829,10,10,27,1910,2,2,1,1.0,2.0,45004,M,4797711.0,273709.0,45
201000033830,10,11,3,1818,5,2,2,2.0,3.0,45068,M,4803223.0,273700.0,45
201000033831,10,11,6,1800,3,1,1,3.0,5.0,45208,M,4799256.0,274082.0,45
201000033832,10,11,19,1755,5,2,1,2.0,3.0,45004,M,4798440.0,273274.0,45
201000033833,10,11,15,1131,1,2,1,1.0,4.0,45338,M,4798989.0,269663.0,45
201000033834,10,11,20,1310,1,1,1,1.0,6.0,45338,M,4797171.0,271608.0,45
201000033835,10,11,25,746,5,2,3,2.0,3.0,45068,M,4801256.0,273867.0,45
201000033836,10,11,25,900,1,2,1,4.0,6.0,45004,M,4797752.0,273191.0,45
201000033837,10,12,7,1422,1,2,1,3.0,6.0,45338,M,4799046.0,270540.0,45
201000033838,10,12,11,1630,1,1,1,1.0,7.0,45004,M,4798406.0,282474.0,45
201000033839,10,12,20,1730,5,2,1,1.0,1.0,45208,M,4799333.0,274503.0,45
201000033840,10,12,21,1350,1,2,1,8.0,3.0,45208,M,4800098.0,272765.0,45
201000033841,10,12,28,620,3,1,1,4.0,7.0,45004,M,4798776.0,279263.0,45
201000033842,10,12,31,1739,5,2,2,1.0,3.0,45068,M,4801304.0,273126.0,45
201000033843,10,12,14,1150,1,2,2,1.0,3.0,45068,M,4801133.0,273463.0,45
201000033844,10,12,20,710,5,2,1,4.0,7.0,45068,M,4801941.0,271585.0,45
201000033845,10,12,31,1315,1,2,1,1.0,6.0,45232,M,,,45
201000033846,10,1,5,1455,1,2,2,1.0,6.0,45234,M,4790222.0,190466.0,45
201000033847,10,1,10,1150,1,2,1,1.0,1.0,45147,M,,,45
201000033848,10,1,11,1210,1,2,1,1.0,2.0,45234,M,4790445.0,191694.0,45
201000033849,10,1,11,2010,5,2,2,1.0,5.0,45234,M,4791479.0,189928.0,45
201000033850,10,1,11,1420,1,2,1,1.0,6.0,45234,M,4784189.0,192771.0,45
201000033851,10,1,12,1636,1,2,1,1.0,6.0,45302,M,4793755.0,186904.0,45
201000033852,10,1,18,1320,1,2,2,1.0,6.0,45234,M,4792203.0,189153.0,45
201000033853,10,1,21,705,3,2,1,5.0,3.0,45285,M,4789952.0,187293.0,45
201000033854,10,1,21,1227,1,2,1,1.0,3.0,45234,M,4790148.0,190552.0,45
201000033855,10,1,25,805,2,2,1,1.0,6.0,45234,M,4790478.0,191166.0,45
201000033856,10,1,27,1540,1,2,2,1.0,3.0,45147,M,4793868.0,192083.0,45
201000033857,10,2,1,1600,1,2,3,1.0,3.0,45234,M,4791060.0,190047.0,45
201000033858,10,2,5,1440,1,2,3,1.0,3.0,45234,M,4789815.0,190349.0,45
201000033859,10,2,7,1625,1,2,1,1.0,6.0,45235,M,4793853.0,182111.0,45
201000033860,10,2,8,1950,5,2,3,1.0,3.0,45234,M,4788312.0,190949.0,45
201000033861,10,2,10,135,5,2,6,1.0,6.0,45234,M,4793403.0,189480.0,45
201000033862,10,2,10,2055,5,2,2,1.0,1.0,45302,M,4795120.0,188319.0,45
201000033863,10,2,13,134,5,2,1,1.0,6.0,45284,M,4790505.0,194613.0,45
201000033864,10,2,14,1420,1,2,3,1.0,3.0,45234,M,4790961.0,189253.0,45
201000033865,10,2,16,720,2,2,1,1.0,6.0,45234,M,4789487.0,190566.0,45
201000033866,10,2,16,1705,1,2,1,1.0,6.0,45147,M,4793465.0,189459.0,45
201000033867,10,2,18,1100,1,2,3,1.0,2.0,45302,M,4796428.0,188861.0,45
201000033868,10,2,22,2030,2,1,1,1.0,3.0,45232,M,4784038.0,187932.0,45
201000033869,10,2,19,2045,3,1,1,1.0,6.0,45274,M,4786404.0,196912.0,45
201000033870,10,2,19,1545,1,2,1,1.0,6.0,45234,M,4790601.0,190654.0,45
201000033871,10,2,21,1800,1,2,3,1.0,3.0,45234,M,4790442.0,191811.0,45
201000033872,10,2,21,1625,1,2,1,1.0,5.0,45235,M,4794521.0,181968.0,45
201000033873,10,2,24,1255,1,2,3,1.0,3.0,45234,M,4791779.0,191738.0,45
201000033874,10,2,24,2231,5,2,1,1.0,6.0,45232,M,4787002.0,190346.0,45
201000033875,10,2,25,2015,5,2,2,1.0,3.0,45302,M,4793396.0,189391.0,45
201000033876,10,2,25,2027,5,2,1,1.0,6.0,45234,M,4793290.0,189502.0,45
201000033877,10,2,26,1500,1,2,3,1.0,2.0,45234,M,4789798.0,188468.0,45
201000033878,10,2,27,1820,2,2,2,1.0,3.0,45284,M,4791177.0,197801.0,45
201000033879,10,2,28,1431,1,2,6,1.0,3.0,45234,M,4791166.0,192314.0,45
201000033880,10,3,4,1400,1,2,1,1.0,6.0,45234,M,4790619.0,191418.0,45
201000033881,10,3,5,1520,1,2,1,1.0,4.0,45234,M,4789797.0,189147.0,45
201000033882,10,3,6,1220,1,2,2,1.0,3.0,45147,M,4792756.0,191131.0,45
201000033883,10,3,8,1405,1,2,3,1.0,3.0,45274,M,4787177.0,194968.0,45
201000033884,10,3,9,1700,1,2,1,1.0,6.0,45234,M,4783256.0,192983.0,45
201000033885,10,3,12,1050,1,2,3,1.0,4.0,45234,M,4790861.0,189178.0,45
201000033886,10,3,12,1435,1,2,1,1.0,7.0,45234,M,,,45
201000033887,10,3,17,2247,5,2,3,1.0,3.0,45284,M,4791935.0,198375.0,45
201000033888,10,3,23,1916,2,2,1,1.0,3.0,45234,M,4789795.0,189029.0,45
201000033889,10,3,22,1755,1,2,1,1.0,6.0,45234,M,4790186.0,192423.0,45
201000033890,10,3,22,1500,1,2,4,1.0,3.0,45285,M,4790593.0,186987.0,45
201000033891,10,3,29,1825,1,2,1,1.0,3.0,45234,M,,,45
201000033892,10,3,30,800,1,2,6,1.0,3.0,45302,M,4794672.0,189237.0,45
201000033893,10,3,30,925,1,2,1,1.0,6.0,45234,M,4790041.0,191945.0,45
201000033894,10,3,30,1340,1,2,3,1.0,6.0,45234,M,4791761.0,189388.0,45
201000033895,10,4,5,535,5,2,1,1.0,6.0,45285,M,4791327.0,186763.0,45
201000033896,10,4,2,1710,1,2,1,1.0,3.0,45147,M,4794934.0,192141.0,45
201000033897,10,4,4,705,1,2,6,1.0,7.0,45147,M,4792363.0,190116.0,45
201000033898,10,4,9,1735,1,2,3,1.0,6.0,45234,M,4789945.0,190641.0,45
201000033899,10,4,11,1550,1,2,1,1.0,6.0,45169,M,4790905.0,185173.0,45
201000033900,10,4,14,743,1,2,1,1.0,5.0,45147,M,4792843.0,189763.0,45
201000033901,10,4,15,1425,1,2,3,9.0,3.0,45075,M,4788311.0,181935.0,45
201000033902,10,4,19,1015,1,2,3,1.0,3.0,45075,M,4789472.0,185436.0,45
201000033903,10,4,21,1810,1,2,1,1.0,3.0,45302,M,4795090.0,187758.0,45
201000033904,10,4,23,820,1,2,1,1.0,3.0,45075,M,4789376.0,185025.0,45
201000033905,10,4,23,1239,1,2,8,1.0,3.0,45234,M,4784802.0,192854.0,45
201000033906,10,4,28,1730,1,2,1,1.0,6.0,45234,M,4790087.0,189151.0,45
201000033907,10,4,30,832,1,2,1,1.0,6.0,45284,M,4790508.0,193284.0,45
201000033908,10,5,2,450,5,2,2,1.0,3.0,45147,M,4793482.0,190903.0,45
201000033909,10,4,30,2250,5,1,1,1.0,6.0,45232,M,4786336.0,191278.0,45
201000033910,10,5,5,730,1,2,3,1.0,3.0,45284,M,4791472.0,196631.0,45
201000033911,10,5,8,1725,1,2,2,1.0,3.0,45285,M,4791489.0,186874.0,45
201000033912,10,5,10,1115,1,2,1,1.0,3.0,45234,M,4789930.0,190412.0,45
201000033913,10,5,10,1915,1,2,2,1.0,3.0,45234,M,4792746.0,188807.0,45
201000033914,10,5,17,1445,1,2,1,1.0,6.0,45147,M,4793391.0,189625.0,45
201000033915,10,5,18,1710,1,1,1,1.0,2.0,45284,M,4792416.0,195938.0,45
201000033916,10,5,19,1750,1,2,1,1.0,3.0,45234,M,4789189.0,188981.0,45
201000033917,10,5,24,2305,5,2,4,1.0,3.0,45234,M,4789868.0,187402.0,45
201000033918,10,5,25,1400,1,2,1,1.0,3.0,45234,M,4791432.0,192973.0,45
201000033919,10,5,26,1425,1,2,2,1.0,6.0,45234,M,4790141.0,189322.0,45
201000033920,10,5,31,121,4,2,1,1.0,6.0,45232,M,4787362.0,190476.0,45
201000033921,10,6,2,1540,1,2,1,1.0,3.0,45234,M,4788310.0,191143.0,45
201000033922,10,6,2,2015,1,2,6,1.0,3.0,45075,M,4789212.0,183403.0,45
201000033923,10,6,3,730,1,2,1,1.0,2.0,45169,M,,,45
201000033924,10,6,9,2230,5,2,1,1.0,1.0,45234,M,4788878.0,190774.0,45
201000033925,10,6,10,1845,1,1,1,8.0,2.0,45302,M,4792725.0,187496.0,45
201000033926,10,6,14,1715,1,2,1,1.0,6.0,45234,M,4791664.0,189886.0,45
201000033927,10,6,16,820,1,2,2,1.0,4.0,45234,M,4793231.0,193583.0,45
201000033928,10,6,16,1435,1,1,1,1.0,1.0,45235,M,4795536.0,179633.0,45
201000033929,10,6,16,45,4,2,6,1.0,3.0,45234,M,4783499.0,193131.0,45
201000033930,10,6,17,835,1,2,1,1.0,6.0,45302,M,4795091.0,187802.0,45
201000033931,10,6,17,1135,1,2,1,2.0,6.0,45234,M,4783915.0,193457.0,45
201000033932,10,6,19,1840,1,2,1,1.0,6.0,45234,M,,,45
201000033933,10,6,17,1720,1,2,3,2.0,3.0,45232,M,4785886.0,191281.0,45
201000033934,10,6,21,828,1,2,2,1.0,3.0,45147,M,4792108.0,190208.0,45
201000033935,10,6,22,1823,1,2,1,1.0,1.0,45075,M,4788692.0,182992.0,45
201000033936,10,6,27,1955,1,1,1,1.0,2.0,45232,M,4785808.0,191274.0,45
201000033937,10,6,28,832,1,2,1,1.0,3.0,45234,M,4790895.0,189940.0,45
201000033938,10,6,28,1820,1,2,1,1.0,3.0,45286,M,4788759.0,192629.0,45
201000033939,10,6,29,1220,1,2,1,1.0,6.0,45234,M,,,45
201000033940,10,7,1,1645,1,2,2,1.0,3.0,45147,M,4794127.0,190668.0,45
201000033941,10,7,2,1540,1,2,1,1.0,6.0,45234,M,4783891.0,193437.0,45
201000033942,10,7,2,1100,1,2,1,1.0,6.0,45234,M,4790446.0,191881.0,45
201000033943,10,7,5,1225,1,2,2,1.0,3.0,45234,M,4790221.0,188934.0,45
201000033944,10,7,7,1536,1,2,1,1.0,2.0,45302,M,4795589.0,190762.0,45
201000033945,10,7,8,1405,1,2,1,1.0,6.0,45232,M,4787149.0,190419.0,45
201000033946,10,7,8,2255,1,2,1,1.0,1.0,45234,M,4789789.0,190616.0,45
201000033947,10,7,9,1032,1,2,3,1.0,3.0,45234,M,4790266.0,191706.0,45
201000033948,10,7,11,930,1,2,1,1.0,6.0,45234,M,4790161.0,189325.0,45
201000033949,10,7,18,220,5,2,1,1.0,6.0,45274,M,4787888.0,195511.0,45
201000033950,10,7,18,1947,1,2,3,1.0,1.0,45286,M,4788007.0,193454.0,45