Num_Acc,an,mois,jour,hrmn,lum,agg,int,atm,col,com,gps,lat,long,dep
201000033951,10,7,19,1440,1,2,1,1.0,6.0,45234,M,4790733.0,193441.0,45
201000033952,10,7,17,1830,1,2,3,1.0,2.0,45284,M,4790638.0,195465.0,45
201000033953,10,7,12,930,1,2,1,1.0,1.0,45234,M,4792031.0,190231.0,45
201000033954,10,7,13,1805,1,2,3,1.0,3.0,45302,M,4793891.0,187336.0,45
201000033955,10,7,13,1705,1,2,2,1.0,3.0,45234,M,4788831.0,191298.0,45
201000033956,10,7,22,1940,1,2,1,1.0,2.0,45232,M,4786990.0,190589.0,45
201000033957,10,7,20,1545,1,2,1,1.0,6.0,45075,M,,,45
201000033958,10,7,25,1735,1,2,6,1.0,3.0,45285,M,4790198.0,185956.0,45
201000033959,10,8,2,1545,1,2,1,1.0,6.0,45285,M,4789722.0,186641.0,45
201000033960,10,8,7,1710,1,2,1,1.0,3.0,45234,M,4791625.0,193026.0,45
201000033961,10,8,17,1220,1,2,2,1.0,6.0,45234,M,4790193.0,188103.0,45
201000033962,10,8,19,2000,1,2,1,1.0,6.0,45147,M,4792952.0,191603.0,45
201000033963,10,8,21,1835,1,2,1,1.0,2.0,45234,M,4788713.0,189502.0,45
201000033964,10,8,23,710,1,2,3,1.0,3.0,45235,M,4794377.0,183503.0,45
201000033965,10,8,24,2000,2,2,2,1.0,3.0,45234,M,4792247.0,189378.0,45
201000033966,10,8,25,2005,2,2,3,1.0,3.0,45234,M,4790443.0,191821.0,45
201000033967,10,8,27,900,1,2,3,1.0,3.0,45147,M,4792119.0,190560.0,45
201000033968,10,8,29,253,3,1,1,1.0,6.0,45274,M,4787238.0,194870.0,45
201000033969,10,9,1,1720,1,2,4,1.0,2.0,45302,M,4795099.0,186297.0,45
201000033970,10,9,1,1820,1,2,2,1.0,1.0,45285,M,4790761.0,187952.0,45
201000033971,10,9,2,1520,1,2,2,1.0,6.0,45234,M,4790134.0,189317.0,45
201000033972,10,9,2,1645,1,2,2,1.0,3.0,45285,M,,,45
201000033973,10,9,4,2045,5,2,1,1.0,1.0,45284,M,4792387.0,200344.0,45
201000033974,10,9,3,1156,1,2,1,1.0,6.0,45234,M,,,45
201000033975,10,9,9,855,1,2,1,1.0,6.0,45234,M,4789815.0,190086.0,45
201000033976,10,9,10,2040,5,2,3,1.0,3.0,45234,M,4788705.0,189032.0,45
201000033977,10,9,11,405,5,2,1,1.0,6.0,45302,M,4793139.0,189540.0,45
201000033978,10,9,11,1420,1,2,1,1.0,4.0,45285,M,4790554.0,186836.0,45
201000033979,10,9,11,1540,1,2,1,1.0,3.0,45234,M,4791849.0,189347.0,45
201000033980,10,9,14,1655,1,2,1,1.0,6.0,45234,M,4790628.0,190791.0,45
201000033981,10,9,14,1925,2,2,1,1.0,6.0,45234,M,4789452.0,189837.0,45
201000033982,10,9,15,945,1,2,6,1.0,6.0,45285,M,4790650.0,187805.0,45
201000033983,10,9,14,1740,1,2,2,1.0,3.0,45232,M,4784131.0,191677.0,45
201000033984,10,9,16,1800,1,2,1,1.0,3.0,45285,M,,,45
201000033985,10,9,16,1850,1,2,2,1.0,3.0,45234,M,4787495.0,191228.0,45
201000033986,10,9,17,1855,1,2,1,1.0,2.0,45147,M,4793001.0,189570.0,45
201000033987,10,9,18,1635,1,1,2,1.0,3.0,45232,M,4786850.0,191202.0,45
201000033988,10,9,20,1715,1,2,2,1.0,3.0,45286,M,4787089.0,192915.0,45
201000033989,10,9,24,1500,1,2,1,1.0,3.0,45147,M,4793431.0,189625.0,45
201000033990,10,9,24,1600,1,2,2,1.0,3.0,45234,M,4790502.0,191847.0,45
201000033991,10,9,24,2355,5,2,2,1.0,3.0,45147,M,4793399.0,189629.0,45
201000033992,10,9,28,1440,1,2,2,1.0,3.0,45285,M,4790609.0,187137.0,45
201000033993,10,9,28,1920,5,2,3,1.0,3.0,45234,M,4789808.0,191374.0,45
201000033994,10,9,29,1430,1,2,1,1.0,3.0,45285,M,4790577.0,186515.0,45
201000033995,10,9,29,1700,1,2,2,1.0,3.0,45147,M,4793789.0,194001.0,45
201000033996,10,9,30,1655,1,2,2,1.0,3.0,45147,M,4792811.0,192001.0,45
201000033997,10,10,1,730,2,2,6,1.0,3.0,45234,M,4782871.0,193642.0,45
201000033998,10,10,1,1100,1,2,1,1.0,2.0,45234,M,,,45
201000033999,10,10,1,1300,1,2,2,1.0,3.0,45234,M,4790441.0,191316.0,45
201000034000,10,10,1,1945,2,1,4,1.0,1.0,45302,M,4793874.0,188845.0,45
201000034001,10,10,3,1210,1,2,1,1.0,2.0,45234,M,4789466.0,190973.0,45
201000034002,10,10,6,805,1,2,2,1.0,1.0,45147,M,4793395.0,191698.0,45
201000034003,10,10,8,1625,1,2,1,1.0,3.0,45285,M,4791245.0,186498.0,45
201000034004,10,10,9,1138,1,2,1,1.0,6.0,45234,M,4784510.0,192570.0,45
201000034005,10,10,11,1738,1,2,1,1.0,2.0,45234,M,4787870.0,190977.0,45
201000034006,10,10,11,1950,1,2,1,1.0,6.0,45147,M,4793192.0,190999.0,45
201000034007,10,10,13,1825,2,2,1,1.0,3.0,45169,M,,,45
201000034008,10,10,14,650,2,2,3,1.0,6.0,45234,M,4789472.0,190301.0,45
201000034009,10,10,12,745,2,2,1,1.0,3.0,45286,M,,,45
201000034010,10,10,16,1140,1,2,1,1.0,6.0,45234,M,4790555.0,191076.0,45
201000034011,10,10,15,1330,1,2,1,1.0,6.0,45234,M,,,45
201000034012,10,10,20,605,5,2,1,1.0,3.0,45284,M,4791877.0,198219.0,45
201000034013,10,10,24,920,1,2,3,1.0,2.0,45302,M,4796428.0,188861.0,45
201000034014,10,10,22,1430,1,2,1,1.0,6.0,45234,M,,,45
201000034015,10,10,25,1755,2,2,2,1.0,3.0,45284,M,4791417.0,196425.0,45
201000034016,10,10,26,752,1,2,2,1.0,3.0,45234,M,4792085.0,189662.0,45
201000034017,10,10,26,913,1,2,3,1.0,3.0,45234,M,4791603.0,193097.0,45
201000034018,10,10,28,45,5,2,2,1.0,2.0,45147,M,4793197.0,193536.0,45
201000034019,10,11,5,1645,1,2,1,1.0,6.0,45285,M,,,45
201000034020,10,11,5,1350,1,2,7,1.0,3.0,45169,M,4791737.0,183070.0,45
201000034021,10,11,5,1530,1,2,9,1.0,3.0,45302,M,4796530.0,188591.0,45
201000034022,10,11,8,750,1,2,1,1.0,3.0,45285,M,4789894.0,187495.0,45
201000034023,10,11,9,1250,1,2,2,1.0,3.0,45302,M,4794329.0,189267.0,45
201000034024,10,11,10,1200,1,2,1,1.0,3.0,45147,M,4793457.0,190681.0,45
201000034025,10,11,10,1759,2,1,1,1.0,6.0,45298,M,,,45
201000034026,10,11,12,1010,1,2,3,1.0,6.0,45234,M,4790029.0,190107.0,45
201000034027,10,11,12,1830,4,2,1,2.0,1.0,45147,M,4792094.0,190454.0,45
201000034028,10,11,13,1950,5,2,6,1.0,6.0,45234,M,,,45
201000034029,10,11,5,1741,2,1,1,1.0,3.0,45232,M,4784409.0,190249.0,45
201000034030,10,11,15,745,2,2,1,9.0,6.0,45147,M,4792121.0,190225.0,45
201000034031,10,11,17,1220,1,2,1,1.0,2.0,45075,M,4789282.0,182579.0,45
201000034032,10,11,18,935,1,2,1,1.0,6.0,45234,M,4790098.0,192078.0,45
201000034033,10,11,20,1810,2,2,1,8.0,2.0,45302,M,4795586.0,189077.0,45
201000034034,10,11,22,1620,1,1,1,1.0,2.0,45286,M,,,45
201000034035,10,11,25,1551,1,2,2,2.0,3.0,45234,M,4788490.0,190449.0,45
201000034036,10,11,25,1730,2,2,2,1.0,3.0,45234,M,4791138.0,192960.0,45
201000034037,10,11,26,1224,1,2,2,1.0,3.0,45234,M,4791469.0,190212.0,45
201000034038,10,12,5,435,3,1,1,1.0,6.0,45232,M,4784028.0,191392.0,45
201000034039,10,12,6,1745,4,1,1,4.0,1.0,45284,M,4791826.0,198993.0,45
201000034040,10,12,9,120,5,2,1,4.0,3.0,45147,M,4794939.0,192136.0,45
201000034041,10,12,9,645,2,2,1,4.0,3.0,45298,M,4789245.0,188301.0,45
201000034042,10,12,9,920,1,2,3,1.0,3.0,45234,M,4784099.0,192981.0,45
201000034043,10,12,10,1550,1,2,1,1.0,1.0,45234,M,4791744.0,191731.0,45
201000034044,10,12,16,1235,1,2,1,2.0,6.0,45234,M,4784663.0,193209.0,45
201000034045,10,12,18,1505,1,2,2,1.0,3.0,45075,M,4789516.0,182287.0,45
201000034046,10,1,6,833,1,2,6,1.0,3.0,46042,M,4445490.0,143818.0,46
201000034047,10,1,14,1600,1,2,1,2.0,6.0,46042,M,4444850.0,144343.0,46
201000034048,10,1,23,1900,5,2,1,1.0,7.0,46042,M,4445810.0,142540.0,46
201000034049,10,1,31,103,5,2,1,1.0,7.0,46042,M,4446010.0,143101.0,46
201000034050,10,2,11,855,1,1,1,8.0,5.0,46095,M,4451630.0,136361.0,46
201000034051,10,2,13,2005,3,1,1,1.0,6.0,46042,M,4445970.0,141541.0,46
201000034052,10,3,4,2320,5,2,1,1.0,6.0,46042,M,4446120.0,143891.0,46
201000034053,10,4,15,1345,1,2,1,1.0,3.0,46042,M,4446390.0,142878.0,46
201000034054,10,5,17,1705,1,2,9,1.0,1.0,46042,M,4446570.0,142844.0,46
201000034055,10,5,25,700,1,1,1,1.0,7.0,46042,M,4449390.0,144948.0,46
201000034056,10,6,12,1510,1,2,1,1.0,6.0,46042,M,4444600.0,144525.0,46
201000034057,10,6,14,735,1,2,1,1.0,6.0,46156,M,4447580.0,146809.0,46
201000034058,10,6,17,1703,1,2,1,1.0,6.0,46042,M,4446110.0,145567.0,46
201000034059,10,6,16,1555,1,2,1,1.0,6.0,46042,M,4444650.0,144148.0,46
201000034060,10,7,7,800,1,2,1,1.0,6.0,46042,M,4444280.0,144378.0,46
201000034061,10,7,7,1625,1,2,8,1.0,7.0,46042,M,4444730.0,144897.0,46
201000034062,10,7,18,1955,1,2,1,1.0,1.0,46042,M,4446380.0,142871.0,46
201000034063,10,7,28,1145,1,1,1,1.0,7.0,46042,M,4441750.0,146431.0,46
201000034064,10,8,17,745,2,2,1,1.0,7.0,46042,M,4446820.0,145412.0,46
201000034065,10,9,7,1745,1,1,1,8.0,3.0,46042,M,4445990.0,141581.0,46
201000034066,10,10,5,1940,5,2,1,1.0,6.0,46042,M,4446610.0,142836.0,46
201000034067,10,10,31,1845,5,2,1,1.0,3.0,46042,M,4445510.0,144850.0,46
201000034068,10,11,12,900,1,1,1,2.0,5.0,46042,M,4447810.0,142351.0,46
201000034069,10,12,7,1825,5,2,1,2.0,6.0,46042,M,4446220.0,142193.0,46
201000034070,10,1,4,1603,1,2,1,1.0,2.0,47001,M,4419930.0,62224.0,47
201000034071,10,1,7,755,1,2,3,1.0,3.0,47001,M,4421100.0,62924.0,47
201000034072,10,1,20,1410,1,2,1,1.0,1.0,47032,M,4419000.0,65586.0,47
201000034073,10,2,4,1305,1,2,1,1.0,6.0,47001,M,4420210.0,61901.0,47
201000034074,10,2,5,1530,1,2,1,1.0,1.0,47001,M,4421390.0,64014.0,47
201000034075,10,2,4,1915,3,2,3,1.0,4.0,47001,M,4420030.0,63435.0,47
201000034076,10,2,18,1100,1,2,1,1.0,5.0,47001,M,4419160.0,61589.0,47
201000034077,10,2,18,1538,1,2,4,1.0,3.0,47001,M,4419380.0,61682.0,47
201000034078,10,2,23,1700,1,2,1,1.0,4.0,47001,M,4419380.0,61375.0,47
201000034079,10,3,17,1950,2,2,3,1.0,3.0,47001,M,,,47
201000034080,10,3,20,2235,4,2,2,1.0,1.0,47001,M,,,47
201000034081,10,3,26,815,1,2,1,1.0,4.0,47031,M,,,47
201000034082,10,4,4,1145,1,2,1,1.0,2.0,47001,M,,,47
201000034083,10,4,13,1450,1,2,2,1.0,6.0,47001,M,,,47
201000034084,10,4,16,1445,1,2,1,1.0,4.0,47032,M,,,47
201000034085,10,4,19,1330,1,2,1,1.0,3.0,47032,M,,,47
201000034086,10,5,6,1800,1,2,1,1.0,3.0,47001,M,,,47
201000034087,10,5,21,1140,1,2,1,1.0,6.0,47032,M,,,47
201000034088,10,5,21,850,1,2,1,1.0,6.0,47001,M,,,47
201000034089,10,5,25,850,1,1,3,1.0,3.0,47031,M,,,47
201000034090,10,5,21,1140,1,2,3,1.0,3.0,47001,M,,,47
201000034091,10,6,7,1730,1,2,1,1.0,6.0,47201,M,4419350.0,59273.0,47
201000034092,10,6,7,1830,1,2,3,1.0,3.0,47001,M,4418470.0,61407.0,47
201000034093,10,6,22,1900,1,2,1,1.0,7.0,47001,M,0.0,0.0,47
201000034094,10,6,29,1250,1,2,6,1.0,3.0,47001,M,4418510.0,61686.0,47
201000034095,10,7,3,1025,1,2,1,1.0,6.0,47001,M,0.0,0.0,47
201000034096,10,7,8,1110,1,2,1,1.0,6.0,47001,M,0.0,0.0,47
201000034097,10,7,12,1340,1,2,2,1.0,3.0,47001,M,,,47
201000034098,10,7,14,1229,1,2,2,1.0,1.0,47001,M,,,47
201000034099,10,7,16,1305,1,2,1,1.0,3.0,47032,M,,,47
201000034100,10,7,22,1245,1,2,6,3.0,2.0,47201,M,,,47
201000034101,10,7,31,1400,1,2,1,1.0,3.0,47031,M,,,47
201000034102,10,8,6,335,4,2,3,1.0,3.0,47001,M,4420340.0,62897.0,47
201000034103,10,8,10,2140,5,2,3,1.0,3.0,47001,M,4420490.0,61710.0,47
201000034104,10,8,15,2325,4,2,6,1.0,3.0,47001,M,4418940.0,63902.0,47
201000034105,10,8,21,1125,1,2,3,1.0,3.0,47001,M,4420190.0,62350.0,47
201000034106,10,8,24,2010,1,2,3,1.0,3.0,47001,M,4419750.0,62038.0,47
201000034107,10,8,25,2330,5,2,1,1.0,7.0,47201,M,4419490.0,60965.0,47
201000034108,10,8,31,910,1,2,2,1.0,6.0,47001,M,4419900.0,63124.0,47
201000034109,10,9,1,1620,1,2,1,1.0,3.0,47201,M,4419830.0,59578.0,47
201000034110,10,9,15,1000,1,2,1,1.0,4.0,47032,M,4419370.0,64443.0,47
201000034111,10,10,8,400,5,2,1,1.0,6.0,47001,M,4420510.0,61919.0,47
201000034112,10,10,10,1500,1,2,2,2.0,3.0,47001,M,4419920.0,63641.0,47
201000034113,10,10,10,1700,1,2,3,2.0,2.0,47001,M,4419580.0,64215.0,47
201000034114,10,10,23,1110,1,2,1,1.0,3.0,47201,M,4419420.0,60118.0,47
201000034115,10,10,25,1745,1,2,9,1.0,3.0,47001,M,4420740.0,62385.0,47
201000034116,10,10,28,1745,1,2,6,1.0,2.0,47201,M,4419440.0,60360.0,47
201000034117,10,10,29,555,5,2,5,1.0,3.0,47001,M,4420420.0,61187.0,47
201000034118,10,11,2,1415,1,2,3,1.0,3.0,47001,M,,,47
201000034119,10,11,24,1735,1,2,3,1.0,3.0,47031,M,0.0,0.0,47
201000034120,10,12,5,1945,5,2,2,1.0,1.0,47001,M,,,47
201000034121,10,12,10,1715,1,2,2,1.0,3.0,47001,M,,,47
201000034122,10,12,12,1215,1,2,4,1.0,6.0,47001,M,,,47
201000034123,10,12,19,1815,5,2,3,1.0,3.0,47031,M,,,47
201000034124,10,12,19,1835,5,2,1,5.0,7.0,47001,M,,,47
201000034125,10,1,29,1915,3,1,1,3.0,5.0,47323,M,,,47
201000034126,10,2,4,2104,5,2,1,9.0,3.0,47027,M,,,47
201000034127,10,2,5,1340,1,1,1,3.0,1.0,47215,M,,,47
201000034128,10,2,5,1605,1,1,1,3.0,3.0,47215,M,,,47
201000034129,10,2,13,1515,1,1,1,1.0,3.0,47215,M,,,47
201000034130,10,3,6,920,2,1,1,1.0,7.0,47323,M,,,47
201000034131,10,3,14,500,3,1,1,1.0,6.0,47323,M,,,47
201000034132,10,4,6,925,1,2,1,1.0,6.0,47323,M,,,47
201000034133,10,4,25,1145,1,1,2,1.0,3.0,47215,M,,,47
201000034134,10,4,27,1220,1,1,1,1.0,3.0,47323,M,,,47
201000034135,10,5,3,2315,3,2,1,1.0,7.0,47027,M,,,47
201000034136,10,6,3,2114,1,2,6,7.0,3.0,47323,M,0.0,0.0,47
201000034137,10,6,17,820,1,2,1,1.0,3.0,47323,M,0.0,0.0,47
201000034138,10,6,29,1205,1,2,1,1.0,6.0,47323,M,,,47
201000034139,10,7,12,1525,1,2,1,1.0,6.0,47323,M,,,47
201000034140,10,8,11,1405,1,2,1,1.0,6.0,47323,M,4440670.0,71375.0,47
201000034141,10,8,12,1950,1,1,1,1.0,7.0,47323,M,4443350.0,71087.0,47
201000034142,10,8,19,1250,1,1,1,1.0,5.0,47323,M,4444030.0,71118.0,47
201000034143,10,9,3,1210,1,2,9,1.0,3.0,47323,M,,,47
201000034144,10,9,8,2040,3,2,1,2.0,5.0,47323,M,,,47
201000034145,10,10,11,1330,1,1,1,2.0,6.0,47215,M,4438090.0,69564.0,47
201000034146,10,10,14,1510,1,1,1,1.0,2.0,47027,M,4440210.0,65418.0,47
201000034147,10,10,26,1140,1,2,1,1.0,6.0,47323,M,4441050.0,70883.0,47
201000034148,10,10,26,1805,1,2,6,1.0,3.0,47027,M,4440420.0,69091.0,47
201000034149,10,11,8,1805,5,2,1,2.0,6.0,47027,M,4440360.0,68186.0,47
201000034150,10,11,12,1615,1,2,2,1.0,6.0,47323,M,4440680.0,71430.0,47
201000034151,10,11,14,1630,1,2,9,2.0,7.0,47323,M,4440920.0,72373.0,47
201000034152,10,11,22,1850,5,2,3,1.0,3.0,47323,M,4441140.0,69492.0,47
201000034153,10,11,19,1420,1,2,1,1.0,5.0,47323,M,4440430.0,69334.0,47
201000034154,10,12,19,2100,4,2,2,1.0,3.0,47323,M,,,47
201000034155,10,12,30,1515,1,2,6,1.0,3.0,47027,M,,,47
201000034156,10,3,25,1625,1,2,1,8.0,6.0,48095,M,4451616.0,349910.0,48
201000034157,10,5,17,1519,1,2,1,1.0,6.0,48095,M,4452331.0,350800.0,48
201000034158,10,7,6,950,1,2,1,1.0,6.0,48095,M,,,48
201000034159,10,7,18,1600,1,2,4,1.0,3.0,48095,M,,,48
201000034160,10,8,4,1840,1,2,1,1.0,2.0,48095,M,0.0,0.0,48
201000034161,10,9,13,1610,1,2,1,1.0,7.0,48095,M,4452132.0,351525.0,48
201000034162,10,10,31,1100,1,1,1,2.0,7.0,48095,M,4454193.0,345752.0,48
201000034163,10,1,3,2230,5,2,2,1.0,3.0,49007,M,4745300.0,-56547.0,49
201000034164,10,1,4,1300,1,2,2,1.0,3.0,49007,M,4745900.0,-54716.0,49
201000034165,10,1,4,1125,1,2,1,1.0,7.0,49007,M,4746240.0,-60262.0,49
201000034166,10,1,5,1544,1,2,1,1.0,2.0,49007,M,4748550.0,-52519.0,49
201000034167,10,1,5,2025,5,1,1,1.0,6.0,49267,M,4747030.0,-51566.0,49
201000034168,10,1,9,1550,1,2,1,1.0,7.0,49007,M,4745410.0,-57724.0,49
201000034169,10,1,9,1615,1,2,1,1.0,6.0,49007,M,4746870.0,-52753.0,49
201000034170,10,1,8,753,2,2,1,1.0,5.0,49007,M,4746570.0,-56874.0,49
201000034171,10,1,11,1758,1,2,1,1.0,2.0,49007,M,4746770.0,-55628.0,49
201000034172,10,1,12,1625,1,2,1,4.0,6.0,49353,M,,,49
201000034173,10,1,13,1800,5,2,3,2.0,7.0,49007,M,4747020.0,-54696.0,49
201000034174,10,1,12,852,1,2,2,1.0,7.0,49007,M,4747710.0,-55282.0,49
201000034175,10,1,12,1925,5,2,1,9.0,7.0,49246,M,4743620.0,-48687.0,49
201000034176,10,1,12,730,2,2,3,1.0,7.0,49007,M,4747140.0,-51910.0,49
201000034177,10,1,14,1650,1,2,1,1.0,7.0,49007,M,4744670.0,-56263.0,49
201000034178,10,1,13,1920,5,2,2,1.0,1.0,49007,M,4747450.0,-54680.0,49
201000034179,10,1,15,1515,1,2,2,1.0,3.0,49007,M,4747180.0,-59999.0,49
201000034180,10,1,17,2025,2,2,1,1.0,7.0,49007,M,4748720.0,-54021.0,49
201000034181,10,1,18,2300,5,2,2,1.0,3.0,49007,M,4745300.0,-56547.0,49
201000034182,10,1,19,755,5,2,2,1.0,7.0,49007,M,4746360.0,-55395.0,49
201000034183,10,1,21,1340,1,2,6,1.0,3.0,49267,M,4747690.0,-50710.0,49
201000034184,10,1,21,1811,5,2,1,1.0,7.0,49007,M,4746800.0,-55906.0,49
201000034185,10,1,21,1508,1,1,1,1.0,7.0,49267,M,4747300.0,-46400.0,49
201000034186,10,1,25,858,1,2,1,1.0,3.0,49007,M,4746940.0,-59780.0,49
201000034187,10,1,27,2000,5,2,3,1.0,2.0,49007,M,4745320.0,-53822.0,49
201000034188,10,1,26,1740,1,2,1,1.0,2.0,49007,M,4747820.0,-56508.0,49
201000034189,10,1,29,1700,2,2,1,2.0,6.0,49246,M,4741940.0,-52349.0,49
201000034190,10,1,30,1300,1,2,1,1.0,2.0,49007,M,4747750.0,-55390.0,49
201000034191,10,1,31,1836,5,2,7,1.0,7.0,49007,M,4747940.0,-55881.0,49
201000034192,10,2,4,650,1,2,1,1.0,7.0,49007,M,4749230.0,-55314.0,49
201000034193,10,2,3,1921,5,2,1,1.0,7.0,49007,M,4747380.0,-57570.0,49
201000034194,10,2,2,1658,1,2,1,1.0,6.0,49007,M,4747450.0,-56049.0,49
201000034195,10,1,31,155,5,2,6,1.0,5.0,49007,M,4746860.0,-55864.0,49
201000034196,10,2,6,734,2,1,1,2.0,7.0,49246,M,4741900.0,-50507.0,49
201000034197,10,2,2,1825,2,2,1,8.0,6.0,49007,M,4746700.0,-55227.0,49
201000034198,10,2,9,759,2,2,1,1.0,2.0,49007,M,4746950.0,-59514.0,49
201000034199,10,2,9,1048,1,2,1,1.0,7.0,49007,M,4746570.0,-55608.0,49
201000034200,10,2,9,1425,1,2,1,1.0,7.0,49007,M,4746720.0,-55913.0,49
201000034201,10,2,9,2027,5,2,1,8.0,6.0,49007,M,4748870.0,-56999.0,49
201000034202,10,2,10,1705,1,2,1,1.0,3.0,49007,M,4747340.0,-54634.0,49
201000034203,10,2,10,1806,1,2,4,1.0,7.0,49007,M,4747020.0,-55393.0,49
201000034204,10,2,11,1810,2,1,1,1.0,7.0,49246,M,4744210.0,-51264.0,49
201000034205,10,2,14,1613,1,2,2,1.0,3.0,49353,M,4745180.0,-50776.0,49
201000034206,10,2,12,1430,1,2,1,1.0,7.0,49353,M,4744800.0,-46263.0,49
201000034207,10,2,17,1856,3,2,2,1.0,1.0,49007,M,4746530.0,-54532.0,49
201000034208,10,2,16,1820,2,2,2,1.0,3.0,49246,M,4743440.0,-52645.0,49
201000034209,10,2,18,810,1,1,1,1.0,3.0,49353,M,4744550.0,-46943.0,49
201000034210,10,2,19,817,1,2,1,1.0,5.0,49353,M,4745590.0,-50173.0,49
201000034211,10,2,18,730,2,2,1,1.0,6.0,49267,M,4747310.0,-49321.0,49
201000034212,10,2,19,1027,1,2,1,1.0,2.0,49007,M,4747140.0,-54692.0,49
201000034213,10,2,20,2355,5,2,1,1.0,6.0,49007,M,4744620.0,-51934.0,49
201000034214,10,2,21,1900,5,2,2,1.0,1.0,49267,M,4746670.0,-49093.0,49
201000034215,10,2,23,443,5,2,1,8.0,6.0,49007,M,4747850.0,-54554.0,49
201000034216,10,2,23,1604,1,2,1,2.0,6.0,49007,M,4746470.0,-57476.0,49
201000034217,10,2,24,1605,1,2,1,1.0,3.0,49007,M,4746800.0,-54885.0,49
201000034218,10,2,27,1515,1,2,2,1.0,3.0,49007,M,4748340.0,-52675.0,49
201000034219,10,2,27,1317,1,2,1,1.0,7.0,49007,M,4746960.0,-60203.0,49
201000034220,10,2,26,1110,1,2,2,1.0,2.0,49007,M,4746370.0,-51954.0,49
201000034221,10,3,2,840,1,2,1,1.0,1.0,49007,M,4747040.0,-54735.0,49
201000034222,10,3,2,1954,5,2,2,1.0,3.0,49015,M,4750100.0,-58876.0,49
201000034223,10,3,5,1729,1,2,1,1.0,1.0,49007,M,4745590.0,-55548.0,49
201000034224,10,3,7,130,5,1,1,1.0,2.0,49246,M,4744220.0,-51269.0,49
201000034225,10,3,9,1859,5,2,2,1.0,3.0,49007,M,4747440.0,-56024.0,49
201000034226,10,3,11,840,1,1,1,1.0,2.0,49246,M,4744720.0,-51520.0,49
201000034227,10,3,12,1804,1,2,4,1.0,2.0,49007,M,4746600.0,-54359.0,49
201000034228,10,3,13,124,4,2,2,1.0,6.0,49007,M,4747460.0,-54690.0,49
201000034229,10,3,12,1820,1,2,2,1.0,3.0,49007,M,4748230.0,-54282.0,49
201000034230,10,3,15,737,1,2,1,1.0,7.0,49007,M,4746330.0,-53208.0,49
201000034231,10,3,15,759,1,2,1,1.0,3.0,49246,M,4743270.0,-53258.0,49
201000034232,10,3,16,2001,1,2,1,1.0,3.0,49007,M,4748100.0,-55420.0,49
201000034233,10,3,16,1813,1,1,1,1.0,5.0,49267,M,4747170.0,-50960.0,49
201000034234,10,3,18,753,1,2,1,1.0,7.0,49246,M,4743480.0,-52476.0,49
201000034235,10,3,20,940,5,1,1,1.0,6.0,49007,M,4745870.0,-57312.0,49
201000034236,10,3,21,610,2,2,1,1.0,6.0,49246,M,4743180.0,-53210.0,49
201000034237,10,3,21,1725,1,2,1,1.0,6.0,49007,M,4744200.0,-53910.0,49
201000034238,10,3,19,1650,1,2,1,2.0,3.0,49007,M,4749060.0,-52633.0,49
201000034239,10,3,19,926,1,2,1,1.0,2.0,49007,M,4748440.0,-57592.0,49
201000034240,10,3,19,1516,1,2,6,2.0,3.0,49007,M,4746480.0,-54909.0,49
201000034241,10,3,20,1924,2,2,1,2.0,3.0,49007,M,4748010.0,-54004.0,49
201000034242,10,3,22,1659,1,2,1,1.0,3.0,49007,M,4746250.0,-51976.0,49
201000034243,10,3,24,1933,5,2,4,2.0,3.0,49246,M,4741480.0,-52314.0,49
201000034244,10,3,24,1727,1,2,1,2.0,2.0,49246,M,4742130.0,-52362.0,49
201000034245,10,3,23,1926,5,2,2,1.0,7.0,49007,M,4747510.0,-55924.0,49
201000034246,10,3,23,1040,1,2,1,1.0,7.0,49246,M,4743220.0,-52890.0,49
201000034247,10,3,26,15,5,2,1,1.0,7.0,49353,M,4744560.0,-46875.0,49
201000034248,10,3,25,900,1,1,1,1.0,4.0,49007,M,4746460.0,-57411.0,49
201000034249,10,3,27,900,1,2,1,1.0,7.0,49007,M,4747910.0,-54250.0,49
201000034250,10,3,26,1745,1,2,1,1.0,4.0,49007,M,4745400.0,-54192.0,49
201000034251,10,3,26,1730,1,1,1,1.0,4.0,49246,M,4743460.0,-50844.0,49
201000034252,10,3,26,1645,1,2,1,1.0,2.0,49007,M,4746470.0,-54099.0,49
201000034253,10,3,26,813,1,2,4,1.0,5.0,49015,M,4749490.0,-60338.0,49
201000034254,10,4,2,2344,5,2,1,2.0,3.0,49007,M,4746130.0,-54672.0,49
201000034255,10,4,2,728,2,2,1,1.0,3.0,49007,M,4750310.0,-56680.0,49
201000034256,10,4,3,1727,1,2,3,1.0,3.0,49007,M,4748730.0,-53223.0,49
201000034257,10,4,5,550,2,1,1,1.0,6.0,49267,M,4747360.0,-49575.0,49