Num_Acc,an,mois,jour,hrmn,lum,agg,int,atm,col,com,gps,lat,long,dep
201000034258,10,4,6,1400,1,2,2,1.0,2.0,49007,M,4745760.0,-53308.0,49
201000034259,10,4,7,1740,1,2,1,1.0,2.0,49007,M,4745400.0,-57776.0,49
201000034260,10,4,7,1645,1,2,6,1.0,2.0,49246,M,4743710.0,-51443.0,49
201000034261,10,4,7,850,1,2,1,1.0,2.0,49007,M,4745030.0,-55525.0,49
201000034262,10,4,8,1700,1,2,1,1.0,3.0,49267,M,4746940.0,-49916.0,49
201000034263,10,4,10,2045,5,2,2,1.0,3.0,49007,M,4747470.0,-52917.0,49
201000034264,10,4,9,1250,1,2,1,1.0,6.0,49007,M,4747700.0,-52825.0,49
201000034265,10,4,4,1823,1,2,1,1.0,6.0,49007,M,4746270.0,-55453.0,49
201000034266,10,4,5,1205,1,2,1,1.0,7.0,49007,M,4747110.0,-55342.0,49
201000034267,10,4,12,2337,5,2,2,1.0,3.0,49007,M,4748660.0,-56347.0,49
201000034268,10,4,15,345,5,2,1,1.0,1.0,49007,M,4747490.0,-52417.0,49
201000034269,10,4,14,1744,1,1,1,1.0,6.0,49267,M,4746930.0,-51881.0,49
201000034270,10,4,16,1220,1,2,1,1.0,3.0,49007,M,,,49
201000034271,10,4,16,1715,1,2,3,1.0,1.0,49267,M,4747930.0,-51414.0,49
201000034272,10,4,19,1837,1,2,3,1.0,3.0,49007,M,4746060.0,-53265.0,49
201000034273,10,4,19,1200,1,2,1,1.0,2.0,49007,M,4746890.0,-56477.0,49
201000034274,10,4,20,1740,1,2,1,1.0,2.0,49007,M,4745360.0,-52666.0,49
201000034275,10,4,20,1922,1,2,1,1.0,7.0,49246,M,4744450.0,-51666.0,49
201000034276,10,4,20,1800,1,2,2,1.0,3.0,49007,M,4749120.0,-52961.0,49
201000034277,10,4,21,1655,1,2,1,1.0,7.0,49246,M,4743080.0,-53868.0,49
201000034278,10,4,22,1420,1,2,4,1.0,2.0,49353,M,4744210.0,-49354.0,49
201000034279,10,4,24,1750,1,2,2,1.0,3.0,49007,M,4745120.0,-52015.0,49
201000034280,10,4,24,820,1,2,2,1.0,3.0,49007,M,4747780.0,-54740.0,49
201000034281,10,4,25,1150,1,2,1,1.0,2.0,49246,M,4743620.0,-51826.0,49
201000034282,10,4,26,1515,1,2,1,1.0,7.0,49007,M,4747930.0,-56092.0,49
201000034283,10,4,28,930,1,2,2,1.0,1.0,49007,M,4745170.0,-53581.0,49
201000034284,10,4,28,1320,1,2,1,1.0,7.0,49007,M,4747060.0,-56873.0,49
201000034285,10,4,27,1745,1,2,1,1.0,4.0,49007,M,4747910.0,-55265.0,49
201000034286,10,4,27,1724,1,2,2,2.0,2.0,49007,M,4745570.0,-52996.0,49
201000034287,10,4,28,1754,1,2,1,1.0,1.0,49007,M,4747240.0,-55454.0,49
201000034288,10,4,27,1915,1,2,2,1.0,3.0,49007,M,4746350.0,-56391.0,49
201000034289,10,4,29,1230,1,2,1,2.0,3.0,49007,M,4746790.0,-55691.0,49
201000034290,10,4,29,2000,1,1,1,1.0,3.0,49246,M,4741240.0,-50983.0,49
201000034291,10,4,30,1000,1,2,6,1.0,3.0,49007,M,4748770.0,-52682.0,49
201000034292,10,4,30,1306,1,2,1,1.0,7.0,49007,M,4747430.0,-54636.0,49
201000034293,10,5,1,1820,1,2,1,1.0,7.0,49007,M,4746400.0,-60206.0,49
201000034294,10,5,3,1736,1,2,1,1.0,4.0,49007,M,4744880.0,-51303.0,49
201000034295,10,5,4,1846,1,2,1,1.0,3.0,49007,M,4747320.0,-59728.0,49
201000034296,10,5,5,1442,1,2,1,1.0,7.0,49267,M,4748210.0,-49657.0,49
201000034297,10,5,5,1749,1,2,2,1.0,7.0,49007,M,4745600.0,-55128.0,49
201000034298,10,5,6,1844,2,2,6,1.0,3.0,49007,M,4745340.0,-52590.0,49
201000034299,10,5,6,1948,1,2,1,1.0,7.0,49007,M,4745800.0,-54458.0,49
201000034300,10,5,7,1330,1,2,2,1.0,3.0,49007,M,4744500.0,-56610.0,49
201000034301,10,5,9,2025,1,2,1,1.0,6.0,49246,M,4744150.0,-52833.0,49
201000034302,10,5,10,845,1,2,2,2.0,3.0,49007,M,4744890.0,-57309.0,49
201000034303,10,5,11,1410,1,2,1,1.0,7.0,49007,M,4746920.0,-55713.0,49
201000034304,10,5,16,2329,5,2,2,1.0,3.0,49007,M,4745850.0,-55189.0,49
201000034305,10,5,15,1215,1,2,1,1.0,7.0,49007,M,4746030.0,-61081.0,49
201000034306,10,5,17,1607,1,2,1,1.0,7.0,49007,M,4745010.0,-57249.0,49
201000034307,10,5,18,2002,1,2,1,1.0,7.0,49007,M,4750010.0,-55525.0,49
201000034308,10,5,18,2050,1,2,1,1.0,3.0,49007,M,4748450.0,-52689.0,49
201000034309,10,5,13,1315,1,2,1,1.0,2.0,49007,M,4745570.0,-53388.0,49
201000034310,10,5,20,1600,1,2,1,1.0,7.0,49007,M,4747050.0,-56352.0,49
201000034311,10,5,24,1300,1,2,2,1.0,3.0,49007,M,4747730.0,-55331.0,49
201000034312,10,5,22,1447,1,2,1,1.0,7.0,49007,M,4748930.0,-51980.0,49
201000034313,10,5,24,2020,1,2,1,1.0,7.0,49007,M,4747490.0,-58517.0,49
201000034314,10,5,21,800,1,2,7,1.0,2.0,49007,M,4747050.0,-55557.0,49
201000034315,10,5,21,1500,1,2,1,1.0,7.0,49007,M,4745490.0,-55243.0,49
201000034316,10,5,24,1610,1,2,1,1.0,7.0,49246,M,4742810.0,-52747.0,49
201000034317,10,5,26,1015,1,2,2,1.0,7.0,49007,M,4748620.0,-52711.0,49
201000034318,10,5,27,945,1,2,1,1.0,2.0,49007,M,4747840.0,-55639.0,49
201000034319,10,5,30,2150,2,2,2,2.0,6.0,49007,M,4746710.0,-56104.0,49
201000034320,10,5,29,1746,1,1,1,2.0,7.0,49267,M,4748560.0,-46713.0,49
201000034321,10,5,29,1511,1,2,1,2.0,7.0,49353,M,4744010.0,-48843.0,49
201000034322,10,5,31,906,1,2,1,1.0,7.0,49007,M,4745020.0,-55605.0,49
201000034323,10,5,31,1015,1,2,6,2.0,7.0,49015,M,4749420.0,-62299.0,49
201000034324,10,6,1,1715,1,2,3,2.0,3.0,49267,M,4746260.0,-48881.0,49
201000034325,10,6,1,1220,1,2,1,2.0,7.0,49353,M,4745720.0,-51217.0,49
201000034326,10,6,1,1635,1,2,1,2.0,6.0,49246,M,4743400.0,-52951.0,49
201000034327,10,5,31,1959,1,2,6,8.0,7.0,49246,M,4744060.0,-48952.0,49
201000034328,10,6,3,830,1,2,1,1.0,7.0,49015,M,4750370.0,-59131.0,49
201000034329,10,6,7,1552,1,2,1,1.0,2.0,49007,M,4747560.0,-52007.0,49
201000034330,10,6,7,1947,1,2,1,1.0,7.0,49267,M,4748180.0,-50466.0,49
201000034331,10,6,8,1225,1,2,1,1.0,2.0,49007,M,4747070.0,-54748.0,49
201000034332,10,6,10,1823,1,2,2,1.0,3.0,49007,M,4747190.0,-56701.0,49
201000034333,10,6,11,2327,5,2,2,1.0,3.0,49007,M,4746920.0,-55307.0,49
201000034334,10,6,10,1116,1,2,1,2.0,7.0,49007,M,4747160.0,-55502.0,49
201000034335,10,6,10,1605,1,2,1,8.0,3.0,49007,M,4747740.0,-55254.0,49
201000034336,10,6,11,2145,5,2,2,1.0,3.0,49007,M,4745060.0,-55281.0,49
201000034337,10,6,11,1620,1,2,3,1.0,3.0,49007,M,4747230.0,-54625.0,49
201000034338,10,6,12,853,1,2,1,2.0,7.0,49007,M,4748740.0,-51202.0,49
201000034339,10,6,14,1450,1,2,6,2.0,3.0,49267,M,4747260.0,-49337.0,49
201000034340,10,6,14,1750,1,2,1,1.0,7.0,49007,M,4747330.0,-59550.0,49
201000034341,10,6,15,1945,1,2,1,1.0,7.0,49015,M,4748520.0,-58407.0,49
201000034342,10,6,16,1640,1,2,2,1.0,3.0,49007,M,4746540.0,-55035.0,49
201000034343,10,6,17,1502,1,2,2,1.0,3.0,49007,M,4747440.0,-56025.0,49
201000034344,10,6,20,1343,1,2,2,1.0,3.0,49007,M,4745300.0,-56547.0,49
201000034345,10,6,19,321,5,2,1,1.0,3.0,49007,M,4745150.0,-54668.0,49
201000034346,10,6,21,740,1,1,1,1.0,7.0,49246,M,4741080.0,-51527.0,49
201000034347,10,6,17,1347,1,2,3,1.0,7.0,49007,M,4747480.0,-59966.0,49
201000034348,10,6,21,1403,1,2,1,1.0,7.0,49007,M,4747160.0,-55502.0,49
201000034349,10,6,21,1400,1,2,1,1.0,7.0,49007,M,4746980.0,-56626.0,49
201000034350,10,6,21,1710,1,2,2,1.0,3.0,49246,M,4744270.0,-53507.0,49
201000034351,10,6,22,1200,1,2,2,1.0,3.0,49015,M,4749560.0,-58201.0,49
201000034352,10,6,22,1754,1,2,6,1.0,3.0,49007,M,4745820.0,-54476.0,49
201000034353,10,6,4,2330,5,2,1,1.0,7.0,49007,M,4747620.0,-53344.0,49
201000034354,10,6,25,1702,1,2,2,1.0,2.0,49246,M,4741200.0,-52378.0,49
201000034355,10,6,26,1239,1,2,3,1.0,3.0,49007,M,4745680.0,-57286.0,49
201000034356,10,6,25,822,1,2,3,1.0,1.0,49007,M,4745170.0,-53581.0,49
201000034357,10,6,29,1400,1,2,1,1.0,7.0,49007,M,4745360.0,-57233.0,49
201000034358,10,6,29,1638,1,2,1,1.0,3.0,49007,M,4747340.0,-59296.0,49
201000034359,10,6,29,1525,1,2,1,1.0,3.0,49007,M,4745720.0,-53247.0,49
201000034360,10,6,30,841,1,2,1,1.0,2.0,49007,M,4747300.0,-54355.0,49
201000034361,10,6,30,1206,1,2,1,1.0,7.0,49007,M,4746760.0,-55148.0,49
201000034362,10,7,1,803,1,2,1,1.0,2.0,49267,M,4746820.0,-50510.0,49
201000034363,10,7,1,1856,1,2,1,1.0,2.0,49246,M,4742370.0,-52436.0,49
201000034364,10,7,4,256,5,2,1,1.0,6.0,49007,M,,,49
201000034365,10,7,4,350,5,2,3,1.0,7.0,49267,M,4748280.0,-50385.0,49
201000034366,10,7,3,2044,1,2,1,1.0,6.0,49246,M,4741820.0,-52003.0,49
201000034367,10,7,4,304,5,2,6,1.0,1.0,49007,M,4747460.0,-55502.0,49
201000034368,10,7,5,1927,1,2,3,1.0,7.0,49007,M,4746370.0,-53817.0,49
201000034369,10,7,5,1911,1,2,1,1.0,7.0,49007,M,4744760.0,-56931.0,49
201000034370,10,7,6,1426,1,2,6,1.0,7.0,49015,M,4750200.0,-58500.0,49
201000034371,10,7,6,910,1,2,2,1.0,3.0,49007,M,4748560.0,-53327.0,49
201000034372,10,7,7,840,1,2,3,1.0,3.0,49007,M,4746280.0,-55252.0,49
201000034373,10,7,8,901,1,2,1,1.0,2.0,49267,M,4747870.0,-50522.0,49
201000034374,10,7,10,1700,1,2,3,1.0,3.0,49007,M,4745360.0,-53947.0,49
201000034375,10,7,10,830,1,2,6,1.0,3.0,49007,M,4746540.0,-55891.0,49
201000034376,10,7,10,1117,1,2,2,1.0,3.0,49007,M,4747940.0,-55557.0,49
201000034377,10,7,12,1745,1,2,2,1.0,3.0,49007,M,4747180.0,-59999.0,49
201000034378,10,7,14,1418,1,2,3,2.0,7.0,49007,M,4744610.0,-54408.0,49
201000034379,10,7,14,1215,1,2,1,2.0,7.0,49007,M,4748930.0,-51986.0,49
201000034380,10,7,16,351,5,2,6,1.0,7.0,49007,M,4746470.0,-54876.0,49
201000034381,10,7,17,2355,5,2,1,1.0,2.0,49007,M,4747250.0,-58381.0,49
201000034382,10,7,18,630,2,2,1,1.0,2.0,49007,M,4746760.0,-56640.0,49
201000034383,10,7,17,35,5,2,1,1.0,7.0,49007,M,4747210.0,-58984.0,49
201000034384,10,7,19,1555,1,2,1,1.0,7.0,49007,M,4748150.0,-57486.0,49
201000034385,10,7,20,855,1,2,3,1.0,3.0,49007,M,4748090.0,-52741.0,49
201000034386,10,7,21,1455,1,2,1,1.0,3.0,49007,M,4747930.0,-55878.0,49
201000034387,10,7,25,55,5,2,1,1.0,6.0,49353,M,4744770.0,-50024.0,49
201000034388,10,7,24,720,1,2,1,1.0,6.0,49246,M,4741640.0,-52327.0,49
201000034389,10,7,27,1930,1,2,2,1.0,3.0,49007,M,4744870.0,-53675.0,49
201000034390,10,7,30,220,5,2,1,1.0,7.0,49007,M,4745950.0,-53713.0,49
201000034391,10,7,29,1230,1,2,6,1.0,7.0,49015,M,4751850.0,-60740.0,49
201000034392,10,7,29,1843,1,2,4,1.0,7.0,49007,M,4747220.0,-54112.0,49
201000034393,10,7,30,1530,1,2,2,1.0,3.0,49015,M,4749990.0,-62168.0,49
201000034394,10,8,2,1550,2,1,1,1.0,7.0,49246,M,4741900.0,-50507.0,49
201000034395,10,8,2,1954,1,2,2,1.0,3.0,49353,M,4744370.0,-49832.0,49
201000034396,10,8,3,1215,1,2,1,1.0,3.0,49007,M,4748740.0,-54082.0,49
201000034397,10,8,4,1924,2,2,1,1.0,7.0,49007,M,4747310.0,-55559.0,49
201000034398,10,8,4,735,1,2,3,1.0,3.0,49007,M,4748110.0,-56693.0,49
201000034399,10,8,9,2021,1,2,3,1.0,7.0,49007,M,4748170.0,-55355.0,49
201000034400,10,8,6,2356,5,2,1,1.0,7.0,49007,M,4747650.0,-55072.0,49
201000034401,10,8,9,1829,1,2,1,1.0,3.0,49007,M,4745790.0,-52274.0,49
201000034402,10,8,10,1400,1,2,1,8.0,3.0,49007,M,4744800.0,-56699.0,49
201000034403,10,8,12,1205,1,2,2,1.0,3.0,49007,M,4747180.0,-54798.0,49
201000034404,10,8,13,1907,2,2,1,1.0,6.0,49007,M,4747680.0,-54080.0,49
201000034405,10,8,16,858,1,2,1,1.0,7.0,49007,M,4744410.0,-56415.0,49
201000034406,10,8,16,1720,1,2,1,1.0,6.0,49007,M,,,49
201000034407,10,8,20,835,1,2,6,1.0,2.0,49246,M,4744120.0,-54112.0,49
201000034408,10,8,23,2103,5,2,1,1.0,7.0,49007,M,4745850.0,-57305.0,49
201000034409,10,8,20,920,1,2,1,1.0,6.0,49353,M,4744240.0,-49133.0,49
201000034410,10,8,27,444,5,2,1,2.0,7.0,49007,M,4748530.0,-57737.0,49
201000034411,10,8,29,923,1,2,1,1.0,6.0,49007,M,4748780.0,-57378.0,49
201000034412,10,8,31,1601,1,2,3,1.0,2.0,49007,M,4747490.0,-56728.0,49
201000034413,10,8,31,830,1,2,1,1.0,2.0,49353,M,4745480.0,-51691.0,49
201000034414,10,8,26,1850,1,2,1,1.0,7.0,49007,M,4747310.0,-55560.0,49
201000034415,10,8,30,1440,1,2,2,1.0,3.0,49007,M,4747310.0,-59981.0,49
201000034416,10,8,25,1845,1,2,1,1.0,3.0,49007,M,4748200.0,-57809.0,49
201000034417,10,9,1,700,2,2,1,1.0,7.0,49353,M,4744240.0,-49133.0,49
201000034418,10,9,1,1250,1,2,1,1.0,7.0,49007,M,4748780.0,-54209.0,49
201000034419,10,9,2,915,1,2,2,1.0,7.0,49007,M,4744520.0,-54719.0,49
201000034420,10,9,2,910,1,2,2,1.0,3.0,49007,M,4745170.0,-53581.0,49
201000034421,10,9,2,1643,1,2,2,1.0,3.0,49007,M,4746190.0,-54844.0,49
201000034422,10,9,2,2022,1,2,1,1.0,7.0,49007,M,4744940.0,-56586.0,49
201000034423,10,9,3,2243,5,2,1,1.0,7.0,49007,M,4744890.0,-51332.0,49
201000034424,10,8,28,1317,1,2,1,1.0,7.0,49007,M,4747500.0,-53418.0,49
201000034425,10,9,4,804,1,2,4,1.0,7.0,49246,M,4743650.0,-53107.0,49
201000034426,10,9,3,1634,1,2,1,1.0,7.0,49246,M,4743590.0,-48662.0,49
201000034427,10,9,3,855,1,2,1,1.0,7.0,49007,M,4747380.0,-55669.0,49
201000034428,10,8,30,750,1,2,2,1.0,3.0,49007,M,4745300.0,-53872.0,49
201000034429,10,8,25,1,4,1,1,1.0,7.0,49267,M,4747420.0,-47501.0,49
201000034430,10,9,6,1820,1,2,2,2.0,7.0,49007,M,4747940.0,-55557.0,49
201000034431,10,9,7,745,1,2,1,1.0,2.0,49007,M,4747590.0,-56671.0,49
201000034432,10,9,7,1644,1,2,1,1.0,7.0,49007,M,4746780.0,-55655.0,49
201000034433,10,8,23,1340,1,2,6,1.0,7.0,49246,M,4742990.0,-54169.0,49
201000034434,10,9,8,1524,1,2,2,1.0,3.0,49007,M,4745260.0,-52403.0,49
201000034435,10,9,9,1700,1,1,1,1.0,7.0,49267,M,4746790.0,-47216.0,49
201000034436,10,9,9,1840,1,2,1,1.0,7.0,49246,M,4743310.0,-53138.0,49
201000034437,10,9,11,944,1,1,1,1.0,2.0,49246,M,4744040.0,-51170.0,49
201000034438,10,9,10,1600,1,2,2,1.0,1.0,49007,M,4748120.0,-54303.0,49
201000034439,10,9,10,1640,1,2,1,1.0,3.0,49007,M,4748450.0,-52689.0,49
201000034440,10,9,10,2302,5,2,3,1.0,3.0,49007,M,4748790.0,-51642.0,49
201000034441,10,9,11,856,1,2,2,1.0,1.0,49007,M,4745470.0,-53322.0,49
201000034442,10,9,12,245,5,2,3,1.0,7.0,49007,M,4747410.0,-55980.0,49
201000034443,10,9,13,945,1,2,1,1.0,6.0,49007,M,4746980.0,-55502.0,49
201000034444,10,9,13,1205,1,2,2,1.0,1.0,49007,M,4746000.0,-55850.0,49
201000034445,10,9,14,933,1,2,1,1.0,7.0,49246,M,4743690.0,-51561.0,49
201000034446,10,9,14,1356,1,2,9,1.0,7.0,49353,M,4744420.0,-49010.0,49
201000034447,10,9,15,1310,1,2,1,2.0,7.0,49007,M,4745170.0,-54030.0,49
201000034448,10,9,15,1512,1,2,2,1.0,3.0,49007,M,4745430.0,-56772.0,49
201000034449,10,9,15,2205,5,2,1,1.0,7.0,49007,M,4746730.0,-59349.0,49
201000034450,10,9,16,1730,1,2,6,1.0,3.0,49007,M,4746490.0,-54905.0,49
201000034451,10,9,16,1219,1,2,1,1.0,3.0,49007,M,4748870.0,-54516.0,49
201000034452,10,9,19,1800,1,2,2,1.0,3.0,49007,M,4747450.0,-54680.0,49
201000034453,10,9,20,135,5,2,1,1.0,7.0,49007,M,4746160.0,-55486.0,49
201000034454,10,9,19,1030,1,2,2,1.0,4.0,49007,M,4747360.0,-58611.0,49
201000034455,10,9,18,1240,1,2,1,1.0,7.0,49007,M,4747430.0,-54636.0,49
201000034456,10,9,17,1050,1,2,2,1.0,3.0,49007,M,4747070.0,-51910.0,49
201000034457,10,9,18,110,5,2,1,1.0,7.0,49007,M,4747340.0,-59051.0,49
201000034458,10,9,18,1735,1,2,1,1.0,7.0,49007,M,4744660.0,-56011.0,49
201000034459,10,9,17,2323,5,2,1,1.0,7.0,49267,M,4746240.0,-51986.0,49
201000034460,10,9,18,2310,5,2,2,1.0,2.0,49007,M,4745260.0,-52403.0,49
201000034461,10,9,19,2305,5,2,1,1.0,6.0,49246,M,4743860.0,-48570.0,49
201000034462,10,9,20,811,1,2,3,1.0,1.0,49007,M,4746390.0,-53059.0,49
201000034463,10,9,21,1825,1,2,1,1.0,7.0,49007,M,4746360.0,-53821.0,49
201000034464,10,9,21,1535,1,2,1,1.0,7.0,49007,M,4747510.0,-58122.0,49
201000034465,10,9,23,1400,1,2,1,1.0,7.0,49246,M,4743970.0,-53297.0,49
201000034466,10,9,24,1710,1,2,2,1.0,6.0,49246,M,4743780.0,-52826.0,49
201000034467,10,9,24,1000,1,2,1,1.0,7.0,49007,M,4747290.0,-58347.0,49
201000034468,10,9,24,1740,1,2,6,1.0,1.0,49007,M,4746710.0,-54500.0,49
201000034469,10,9,24,1700,1,2,1,1.0,1.0,49007,M,4744540.0,-54608.0,49
201000034470,10,9,24,1040,1,2,1,1.0,3.0,49007,M,4746710.0,-55916.0,49
201000034471,10,9,29,455,3,2,1,1.0,7.0,49007,M,4746790.0,-51971.0,49
201000034472,10,9,27,1650,1,2,1,1.0,2.0,49007,M,4747540.0,-56697.0,49
201000034473,10,9,27,1306,1,2,3,1.0,1.0,49246,M,4743520.0,-51310.0,49
201000034474,10,9,27,1103,1,2,1,1.0,5.0,49353,M,4744270.0,-48166.0,49
201000034475,10,9,27,1837,1,2,1,1.0,7.0,49007,M,4745740.0,-53286.0,49
201000034476,10,9,27,1415,1,2,2,1.0,7.0,49007,M,4746750.0,-55034.0,49
201000034477,10,9,29,903,1,2,1,1.0,6.0,49007,M,4747030.0,-53143.0,49
201000034478,10,9,29,1125,1,2,1,1.0,2.0,49007,M,4745010.0,-57249.0,49
201000034479,10,9,29,1520,1,2,1,1.0,2.0,49007,M,4746900.0,-60489.0,49
201000034480,10,9,29,1830,1,2,1,2.0,1.0,49007,M,4745520.0,-54262.0,49
201000034481,10,9,30,427,5,2,1,1.0,7.0,49007,M,4746760.0,-55614.0,49
201000034482,10,10,3,1440,1,2,3,1.0,7.0,49007,M,4748380.0,-51898.0,49
201000034483,10,10,1,930,1,2,6,1.0,3.0,49007,M,4745820.0,-54476.0,49
201000034484,10,10,1,1145,1,2,1,2.0,7.0,49007,M,4747990.0,-56590.0,49
201000034485,10,10,1,1500,1,2,2,2.0,3.0,49007,M,4748690.0,-53879.0,49
201000034486,10,10,1,2020,5,2,2,2.0,1.0,49007,M,4747310.0,-59981.0,49
201000034487,10,10,3,53,5,2,1,1.0,7.0,49007,M,4747170.0,-55397.0,49
201000034488,10,10,3,1523,1,2,2,1.0,6.0,49267,M,4747030.0,-51583.0,49
201000034489,10,10,4,1825,1,2,3,2.0,3.0,49007,M,4746060.0,-53266.0,49
201000034490,10,10,4,1740,1,2,3,2.0,6.0,49007,M,4747140.0,-53406.0,49
201000034491,10,10,4,2251,5,2,1,1.0,7.0,49007,M,4747550.0,-55890.0,49
201000034492,10,10,4,1250,1,2,1,1.0,2.0,49007,M,4747560.0,-54566.0,49
201000034493,10,10,4,1545,1,2,1,8.0,7.0,49246,M,4741970.0,-52353.0,49
201000034494,10,10,5,715,5,2,1,2.0,7.0,49246,M,4743400.0,-52269.0,49
201000034495,10,10,5,851,5,1,1,2.0,7.0,49267,M,4746880.0,-49040.0,49
201000034496,10,10,5,1005,1,2,4,2.0,3.0,49007,M,4746240.0,-55245.0,49
201000034497,10,10,5,1027,1,2,1,2.0,6.0,49007,M,4746950.0,-61026.0,49
201000034498,10,10,5,1510,1,2,1,2.0,7.0,49246,M,4744610.0,-52637.0,49
201000034499,10,10,5,1745,1,2,3,2.0,3.0,49007,M,4747670.0,-59793.0,49
201000034500,10,10,5,1806,1,2,1,3.0,6.0,49007,M,4748060.0,-56430.0,49
201000034501,10,10,6,130,5,2,1,8.0,7.0,49353,M,4744790.0,-50051.0,49
201000034502,10,10,6,1216,1,2,1,8.0,7.0,49007,M,4746480.0,-57050.0,49
201000034503,10,10,6,845,1,2,1,8.0,7.0,49007,M,4745550.0,-56610.0,49
201000034504,10,10,6,1145,1,2,1,8.0,7.0,49007,M,4747620.0,-59933.0,49
201000034505,10,10,7,1632,2,2,2,1.0,1.0,49007,M,4746170.0,-53251.0,49
201000034506,10,10,7,2035,5,2,3,1.0,3.0,49007,M,4745010.0,-55852.0,49
201000034507,10,10,7,800,2,2,6,8.0,7.0,49007,M,4746710.0,-54500.0,49
201000034508,10,10,8,1230,1,2,1,1.0,7.0,49007,M,4747330.0,-54222.0,49
201000034509,10,10,8,1713,1,2,3,1.0,5.0,49007,M,4747310.0,-56642.0,49
201000034510,10,10,8,1853,1,2,1,1.0,2.0,49007,M,4747110.0,-57261.0,49
201000034511,10,10,9,1200,1,2,2,1.0,3.0,49007,M,4747620.0,-54508.0,49
201000034512,10,10,10,1720,1,2,1,1.0,7.0,49007,M,4746130.0,-53103.0,49
201000034513,10,10,11,1520,1,2,1,1.0,7.0,49007,M,4747670.0,-55038.0,49
201000034514,10,10,11,1720,1,2,2,1.0,3.0,49007,M,4747630.0,-56645.0,49
201000034515,10,10,11,1705,1,2,1,1.0,7.0,49007,M,4747340.0,-59018.0,49
201000034516,10,10,13,1650,1,2,1,1.0,2.0,49267,M,4746700.0,-49926.0,49
201000034517,10,10,12,1821,1,2,1,1.0,5.0,49007,M,4747200.0,-57488.0,49
201000034518,10,10,13,1715,1,2,3,1.0,3.0,49007,M,4744610.0,-54408.0,49
201000034519,10,10,13,920,1,2,1,1.0,7.0,49353,M,4745460.0,-51488.0,49
201000034520,10,10,13,1742,1,2,2,1.0,5.0,49007,M,4747380.0,-57553.0,49
201000034521,10,10,14,530,5,2,1,1.0,7.0,49007,M,4745520.0,-56922.0,49
201000034522,10,10,18,1510,1,2,6,1.0,7.0,49246,M,4744450.0,-51163.0,49
201000034523,10,10,17,2000,5,2,1,1.0,7.0,49353,M,4745340.0,-46062.0,49
201000034524,10,10,17,1940,5,2,1,1.0,3.0,49007,M,4744680.0,-57038.0,49
201000034525,10,10,19,1705,1,2,1,1.0,7.0,49007,M,4747000.0,-53455.0,49
201000034526,10,10,20,1645,1,2,1,1.0,7.0,49007,M,4746540.0,-55547.0,49
201000034527,10,10,20,745,2,2,4,1.0,3.0,49007,M,4745510.0,-53407.0,49
201000034528,10,10,21,2040,5,2,1,1.0,5.0,49267,M,4747920.0,-50477.0,49
201000034529,10,10,21,803,2,2,1,1.0,3.0,49007,M,4745270.0,-55955.0,49
201000034530,10,10,22,710,5,2,1,1.0,7.0,49015,M,4748900.0,-58460.0,49
201000034531,10,10,23,1048,1,2,1,1.0,6.0,49007,M,4745300.0,-51596.0,49
201000034532,10,10,25,1120,1,2,2,1.0,3.0,49353,M,4745180.0,-50778.0,49
201000034533,10,10,23,1351,1,2,1,1.0,7.0,49007,M,4746630.0,-53623.0,49
201000034534,10,10,26,1637,1,2,1,1.0,6.0,49007,M,4746570.0,-56184.0,49
201000034535,10,10,27,847,1,2,1,1.0,6.0,49246,M,4743360.0,-51618.0,49
201000034536,10,10,28,857,1,2,1,2.0,2.0,49007,M,4748450.0,-54832.0,49
201000034537,10,10,28,1213,1,2,1,1.0,6.0,49007,M,4746480.0,-55935.0,49
201000034538,10,10,28,1611,1,2,1,1.0,7.0,49007,M,4746040.0,-59826.0,49
201000034539,10,10,28,2028,5,2,1,1.0,3.0,49007,M,4747370.0,-56317.0,49
201000034540,10,10,30,1340,1,2,1,1.0,7.0,49007,M,4745790.0,-55417.0,49
201000034541,10,10,31,1615,1,2,1,1.0,7.0,49007,M,4747480.0,-55588.0,49
201000034542,10,11,1,1533,1,2,3,1.0,3.0,49007,M,4748860.0,-53369.0,49
201000034543,10,11,3,1750,3,1,1,2.0,5.0,49246,M,4742340.0,-50390.0,49
201000034544,10,11,4,805,2,2,3,2.0,3.0,49007,M,4747510.0,-58723.0,49
201000034545,10,11,4,1203,1,2,1,1.0,3.0,49007,M,4745180.0,-54923.0,49
201000034546,10,11,5,1658,1,2,1,1.0,3.0,49007,M,4748530.0,-51614.0,49
201000034547,10,11,5,1915,5,2,1,1.0,3.0,49007,M,4747730.0,-52064.0,49
201000034548,10,11,5,1325,1,2,3,1.0,3.0,49007,M,4747930.0,-56044.0,49
201000034549,10,11,6,1845,5,2,1,2.0,2.0,49007,M,4746790.0,-55692.0,49