Num_Acc,an,mois,jour,hrmn,lum,agg,int,atm,col,com,gps,lat,long,dep
201000034550,10,11,6,2254,5,2,6,2.0,7.0,49246,M,4743710.0,-51442.0,49
201000034551,10,11,7,930,1,2,6,1.0,7.0,49007,M,4746080.0,-59888.0,49
201000034552,10,11,6,1739,5,2,1,2.0,7.0,49015,M,4749490.0,-58731.0,49
201000034553,10,11,8,725,5,2,6,2.0,3.0,49007,M,4746740.0,-52823.0,49
201000034554,10,11,8,800,2,2,1,2.0,7.0,49007,M,4748940.0,-54649.0,49
201000034555,10,11,8,925,1,2,1,3.0,7.0,49007,M,4746950.0,-59555.0,49
201000034556,10,11,8,1329,1,2,1,1.0,7.0,49007,M,4747620.0,-59936.0,49
201000034557,10,11,8,1725,2,2,3,1.0,7.0,49007,M,4745200.0,-53815.0,49
201000034558,10,11,9,1515,1,2,1,8.0,2.0,49007,M,4744990.0,-53915.0,49
201000034559,10,11,9,757,2,2,2,1.0,1.0,49007,M,4747300.0,-55001.0,49
201000034560,10,11,9,1700,1,1,1,2.0,7.0,49353,M,4744670.0,-45313.0,49
201000034561,10,11,10,745,2,2,1,2.0,7.0,49007,M,4749020.0,-56272.0,49
201000034562,10,11,10,2028,5,2,2,1.0,3.0,49007,M,4748090.0,-52741.0,49
201000034563,10,11,11,1800,5,2,1,2.0,1.0,49007,M,4745910.0,-54537.0,49
201000034564,10,11,10,1520,1,2,1,1.0,7.0,49007,M,4746760.0,-55148.0,49
201000034565,10,11,10,2238,5,2,1,1.0,7.0,49007,M,4746500.0,-57791.0,49
201000034566,10,11,12,1939,5,2,1,2.0,7.0,49007,M,4749030.0,-52708.0,49
201000034567,10,11,12,2300,5,2,1,2.0,7.0,49007,M,4747400.0,-52956.0,49
201000034568,10,11,13,1000,1,2,2,1.0,1.0,49007,M,4747180.0,-59999.0,49
201000034569,10,11,16,1300,1,2,1,1.0,7.0,49007,M,4744750.0,-55837.0,49
201000034570,10,11,16,1745,1,2,1,1.0,6.0,49007,M,4746870.0,-54496.0,49
201000034571,10,11,16,1808,5,2,1,1.0,7.0,49007,M,4745260.0,-51534.0,49
201000034572,10,11,17,1240,1,2,6,2.0,7.0,49246,M,4744110.0,-54908.0,49
201000034573,10,11,17,1424,1,2,1,2.0,3.0,49007,M,4748050.0,-51765.0,49
201000034574,10,11,18,50,4,1,1,1.0,7.0,49267,M,4746640.0,-51622.0,49
201000034575,10,11,18,2130,5,2,4,1.0,3.0,49007,M,4747140.0,-54697.0,49
201000034576,10,11,18,1722,1,2,7,1.0,7.0,49007,M,4746490.0,-54875.0,49
201000034577,10,11,19,714,5,2,1,1.0,3.0,49007,M,4745410.0,-57677.0,49
201000034578,10,11,19,1900,5,2,1,2.0,7.0,49007,M,4747430.0,-54636.0,49
201000034579,10,11,20,1737,3,2,1,1.0,2.0,49007,M,4748670.0,-54695.0,49
201000034580,10,11,22,1920,5,2,1,1.0,2.0,49007,M,4746390.0,-53180.0,49
201000034581,10,11,24,1630,1,2,1,1.0,3.0,49007,M,4748330.0,-56981.0,49
201000034582,10,11,24,1834,3,1,1,1.0,7.0,49246,M,4744300.0,-51314.0,49
201000034583,10,11,25,125,3,1,1,2.0,7.0,49015,M,4751430.0,-61690.0,49
201000034584,10,11,25,841,1,2,1,8.0,7.0,49007,M,4745760.0,-55411.0,49
201000034585,10,11,26,755,5,2,1,1.0,7.0,49007,M,4747660.0,-60197.0,49
201000034586,10,11,28,2035,5,2,6,1.0,2.0,49007,M,4748880.0,-54559.0,49
201000034587,10,11,29,1114,1,2,1,1.0,6.0,49007,M,4747040.0,-54431.0,49
201000034588,10,11,30,1218,1,2,1,1.0,2.0,49246,M,4743120.0,-53759.0,49
201000034589,10,11,30,1913,5,2,1,1.0,7.0,49007,M,4749190.0,-55167.0,49
201000034590,10,12,1,920,1,2,2,1.0,3.0,49007,M,4747440.0,-51964.0,49
201000034591,10,12,1,1610,1,2,1,1.0,7.0,49015,M,4749840.0,-58973.0,49
201000034592,10,12,1,1744,3,1,1,8.0,4.0,49246,M,4744040.0,-51170.0,49
201000034593,10,12,2,1935,5,2,1,4.0,7.0,49007,M,4747390.0,-56888.0,49
201000034594,10,12,2,1130,1,2,1,1.0,7.0,49246,M,4744150.0,-52828.0,49
201000034595,10,12,2,1210,1,2,1,1.0,7.0,49007,M,4746880.0,-60086.0,49
201000034596,10,12,4,1910,5,2,1,1.0,7.0,49007,M,4747140.0,-55365.0,49
201000034597,10,12,4,1800,5,2,6,1.0,7.0,49007,M,4746740.0,-52823.0,49
201000034598,10,12,3,1405,1,2,1,8.0,7.0,49007,M,4747930.0,-55861.0,49
201000034599,10,12,3,758,2,2,2,1.0,3.0,49007,M,4746680.0,-54278.0,49
201000034600,10,12,6,1750,5,2,1,2.0,7.0,49007,M,4748910.0,-56881.0,49
201000034601,10,12,6,745,5,2,6,2.0,2.0,49015,M,4748480.0,-58370.0,49
201000034602,10,12,6,840,2,1,1,2.0,4.0,49246,M,4741720.0,-50566.0,49
201000034603,10,12,7,812,5,2,4,2.0,3.0,49007,M,4746850.0,-53262.0,49
201000034604,10,12,7,1059,1,2,1,2.0,7.0,49007,M,4747350.0,-54247.0,49
201000034605,10,12,7,2230,5,2,1,2.0,7.0,49007,M,4746700.0,-54909.0,49
201000034606,10,12,7,1720,5,2,1,3.0,7.0,49007,M,4746760.0,-55610.0,49
201000034607,10,12,8,1506,1,2,1,2.0,6.0,49007,M,,,49
201000034608,10,12,9,507,5,2,1,1.0,2.0,49007,M,4749040.0,-52534.0,49
201000034609,10,12,8,1755,5,2,1,1.0,7.0,49007,M,4747080.0,-60214.0,49
201000034610,10,12,8,2015,5,2,1,1.0,7.0,49007,M,4746530.0,-55717.0,49
201000034611,10,12,9,2105,5,2,2,1.0,7.0,49007,M,4744910.0,-56528.0,49
201000034612,10,12,9,1800,5,2,6,1.0,7.0,49007,M,4747710.0,-59244.0,49
201000034613,10,12,9,1211,1,2,1,1.0,7.0,49246,M,4744160.0,-53944.0,49
201000034614,10,12,9,850,1,2,1,1.0,7.0,49007,M,4747050.0,-56631.0,49
201000034615,10,12,9,734,5,2,1,1.0,7.0,49007,M,4745050.0,-53950.0,49
201000034616,10,12,9,458,5,2,6,1.0,7.0,49007,M,4748880.0,-54559.0,49
201000034617,10,12,6,2346,3,1,1,2.0,6.0,49267,M,4746010.0,-51800.0,49
201000034618,10,12,11,1930,5,2,1,1.0,2.0,49007,M,4747840.0,-54871.0,49
201000034619,10,12,12,1735,2,2,1,1.0,7.0,49007,M,4746980.0,-60149.0,49
201000034620,10,12,12,650,5,2,1,1.0,7.0,49007,M,4744430.0,-53513.0,49
201000034621,10,12,13,1525,1,2,1,1.0,6.0,49353,M,4744600.0,-49567.0,49
201000034622,10,12,13,920,2,2,1,1.0,7.0,49007,M,4746810.0,-51940.0,49
201000034623,10,12,14,2230,5,2,3,1.0,3.0,49246,M,4741970.0,-52354.0,49
201000034624,10,12,15,850,1,2,1,1.0,6.0,49007,M,4747360.0,-54476.0,49
201000034625,10,12,17,950,1,2,1,1.0,7.0,49007,M,4746920.0,-52543.0,49
201000034626,10,12,20,1230,1,2,1,2.0,7.0,49007,M,4746860.0,-60087.0,49
201000034627,10,12,20,1333,1,2,1,8.0,2.0,49007,M,4746460.0,-57229.0,49
201000034628,10,12,21,1410,1,1,1,8.0,5.0,49267,M,4746860.0,-51441.0,49
201000034629,10,12,21,1520,1,2,1,8.0,7.0,49007,M,4746760.0,-55054.0,49
201000034630,10,12,21,1105,1,2,5,8.0,1.0,49007,M,4747070.0,-55317.0,49
201000034631,10,12,22,1615,1,2,1,8.0,6.0,49007,M,4746040.0,-54301.0,49
201000034632,10,12,22,1935,5,2,1,4.0,7.0,49007,M,4746450.0,-54869.0,49
201000034633,10,12,29,1809,5,2,6,2.0,7.0,49267,M,4747030.0,-51581.0,49
201000034634,10,12,29,1845,5,2,3,2.0,3.0,49007,M,4747620.0,-55085.0,49
201000034635,10,12,31,607,5,2,1,2.0,7.0,49246,M,4743730.0,-50727.0,49
201000034636,10,1,6,1750,5,2,3,8.0,3.0,49099,M,4705840.0,-86522.0,49
201000034637,10,1,15,826,1,2,3,1.0,3.0,49099,M,4706840.0,-87173.0,49
201000034638,10,1,22,715,1,2,2,1.0,3.0,49099,M,4705670.0,-87758.0,49
201000034639,10,1,22,810,1,2,2,1.0,6.0,49099,M,4705630.0,-87941.0,49
201000034640,10,1,29,759,1,2,1,1.0,6.0,49099,M,4705740.0,-88250.0,49
201000034641,10,2,2,1805,1,2,1,1.0,1.0,49099,M,4705650.0,-86851.0,49
201000034642,10,2,24,840,1,2,1,2.0,6.0,49099,M,4706500.0,-86761.0,49
201000034643,10,2,26,1754,1,2,1,1.0,6.0,49099,M,4707010.0,-87894.0,49
201000034644,10,3,3,2000,3,2,6,1.0,2.0,49099,M,4703680.0,-90501.0,49
201000034645,10,3,7,1735,1,2,2,1.0,3.0,49099,M,4706080.0,-87937.0,49
201000034646,10,3,11,1108,1,1,1,1.0,2.0,49099,M,4701720.0,-88288.0,49
201000034647,10,3,18,1000,1,2,3,1.0,5.0,49099,M,4705600.0,-87578.0,49
201000034648,10,3,24,1145,1,2,1,1.0,2.0,49099,M,4707340.0,-86532.0,49
201000034649,10,3,30,1945,2,2,1,1.0,2.0,49099,M,4706750.0,-88458.0,49
201000034650,10,3,31,730,2,2,2,1.0,3.0,49099,M,4706680.0,-89512.0,49
201000034651,10,4,3,1220,1,2,1,1.0,6.0,49099,M,4706130.0,-88138.0,49
201000034652,10,4,4,1110,1,2,1,1.0,6.0,49099,M,4706170.0,-88579.0,49
201000034653,10,4,15,1735,1,2,1,1.0,3.0,49099,M,4706570.0,-86819.0,49
201000034654,10,4,18,1955,2,2,1,1.0,6.0,49099,M,4703440.0,-88455.0,49
201000034655,10,4,29,805,1,2,1,1.0,6.0,49099,M,4707690.0,-85898.0,49
201000034656,10,5,3,1715,1,2,1,1.0,3.0,49099,M,4704000.0,-91146.0,49
201000034657,10,5,3,1854,1,2,1,1.0,3.0,49099,M,4705760.0,-87966.0,49
201000034658,10,5,5,1614,1,2,1,1.0,3.0,49099,M,4704410.0,-88939.0,49
201000034659,10,5,5,1633,1,2,3,1.0,7.0,49099,M,4705630.0,-87942.0,49
201000034660,10,5,7,1501,1,2,3,1.0,3.0,49099,M,4705630.0,-86868.0,49
201000034661,10,5,13,2350,5,2,1,1.0,6.0,49099,M,4707250.0,-87613.0,49
201000034662,10,5,21,900,1,2,1,1.0,4.0,49099,M,4704450.0,-89679.0,49
201000034663,10,5,31,730,1,2,1,1.0,2.0,49099,M,4705800.0,-86449.0,49
201000034664,10,6,1,1510,1,2,2,1.0,3.0,49099,M,4706130.0,-87323.0,49
201000034665,10,6,4,1715,1,1,1,1.0,1.0,49099,M,4702230.0,-88194.0,49
201000034666,10,6,14,1230,1,2,1,2.0,7.0,49099,M,4706670.0,-84241.0,49
201000034667,10,6,16,1220,1,2,3,8.0,4.0,49099,M,4705280.0,-88258.0,49
201000034668,10,6,23,1840,1,2,1,1.0,5.0,49099,M,4704080.0,-90956.0,49
201000034669,10,6,28,825,1,2,3,2.0,3.0,49099,M,4704840.0,-88109.0,49
201000034670,10,7,4,554,4,2,1,1.0,6.0,49099,M,4705860.0,-84236.0,49
201000034671,10,7,7,1755,1,2,1,1.0,2.0,49099,M,4705820.0,-86495.0,49
201000034672,10,7,14,2009,1,2,6,1.0,3.0,49099,M,4705090.0,-85097.0,49
201000034673,10,7,18,615,2,2,1,1.0,6.0,49099,M,4707220.0,-85385.0,49
201000034674,10,7,26,2006,1,2,1,1.0,2.0,49099,M,4707240.0,-85735.0,49
201000034675,10,8,6,745,1,2,1,1.0,2.0,49099,M,4707020.0,-85378.0,49
201000034676,10,8,7,1325,1,2,1,1.0,6.0,49099,M,4704520.0,-88128.0,49
201000034677,10,8,18,1640,1,2,1,1.0,6.0,49099,M,4703730.0,-90444.0,49
201000034678,10,8,20,2100,1,2,1,1.0,7.0,49099,M,4708900.0,-84533.0,49
201000034679,10,8,28,115,5,2,1,1.0,6.0,49099,M,4705220.0,-89078.0,49
201000034680,10,8,31,2220,5,2,2,1.0,3.0,49099,M,4705950.0,-87400.0,49
201000034681,10,9,4,1125,1,2,6,1.0,3.0,49099,M,4706340.0,-86534.0,49
201000034682,10,9,6,1920,1,2,6,2.0,3.0,49099,M,4706340.0,-86535.0,49
201000034683,10,9,11,100,5,1,1,1.0,7.0,49099,M,4706170.0,-88592.0,49
201000034684,10,9,20,1100,1,2,1,1.0,4.0,49099,M,4703730.0,-90444.0,49
201000034685,10,9,20,1745,1,2,1,1.0,6.0,49099,M,4704620.0,-90052.0,49
201000034686,10,9,24,1845,1,2,1,1.0,4.0,49099,M,4707260.0,-84569.0,49
201000034687,10,9,28,1025,1,1,1,1.0,2.0,49099,M,4704790.0,-87469.0,49
201000034688,10,9,30,1115,1,2,1,1.0,2.0,49099,M,4707320.0,-86342.0,49
201000034689,10,10,1,1145,1,2,1,2.0,2.0,49099,M,4704520.0,-87811.0,49
201000034690,10,10,5,1735,1,1,1,2.0,2.0,49099,M,4706200.0,-86585.0,49
201000034691,10,10,6,1445,1,2,1,3.0,4.0,49099,M,4703430.0,-90071.0,49
201000034692,10,10,9,1110,1,2,1,1.0,6.0,49099,M,4705010.0,-88479.0,49
201000034693,10,10,13,1135,1,2,2,1.0,3.0,49099,M,4706840.0,-86628.0,49
201000034694,10,10,14,1655,1,2,1,1.0,2.0,49099,M,4706570.0,-89437.0,49
201000034695,10,10,15,720,5,2,1,1.0,6.0,49099,M,4705780.0,-87606.0,49
201000034696,10,10,17,530,3,2,2,1.0,3.0,49099,M,4706680.0,-89479.0,49
201000034697,10,11,4,1340,1,2,1,1.0,4.0,49099,M,4706790.0,-89618.0,49
201000034698,10,11,6,7,5,2,1,1.0,6.0,49099,M,4706110.0,-88271.0,49
201000034699,10,11,16,1745,5,2,1,1.0,4.0,49099,M,4706780.0,-87427.0,49
201000034700,10,11,30,1130,1,2,1,1.0,1.0,49099,M,4707050.0,-89822.0,49
201000034701,10,12,5,20,5,2,1,8.0,3.0,49099,M,4705590.0,-87046.0,49
201000034702,10,12,11,1840,5,2,2,8.0,3.0,49099,M,4705950.0,-87400.0,49
201000034703,10,12,11,2330,5,2,2,1.0,3.0,49099,M,4704210.0,-88502.0,49
201000034704,10,12,14,1455,1,2,2,1.0,3.0,49099,M,4706470.0,-88042.0,49
201000034705,10,12,19,730,5,2,1,1.0,6.0,49099,M,4707540.0,-89106.0,49
201000034706,10,12,19,1900,5,2,1,1.0,3.0,49099,M,4706740.0,-88559.0,49
201000034707,10,12,22,1530,1,2,4,2.0,3.0,49099,M,4706730.0,-88729.0,49
201000034708,10,12,22,1755,5,2,6,2.0,3.0,49099,M,4705750.0,-86749.0,49
201000034709,10,1,11,455,3,1,1,1.0,7.0,49328,M,4728550.0,-6948.0,49
201000034710,10,1,13,1905,3,2,1,1.0,7.0,49328,M,4725280.0,-11287.0,49
201000034711,10,1,14,1930,5,2,1,9.0,6.0,49328,M,4724450.0,-3495.0,49
201000034712,10,1,16,2050,5,2,1,2.0,7.0,49328,M,4726820.0,-6926.0,49
201000034713,10,2,1,810,2,2,1,1.0,1.0,49328,M,4725590.0,-7462.0,49
201000034714,10,2,2,840,1,2,1,1.0,6.0,49328,M,4724460.0,-9418.0,49
201000034715,10,2,9,1640,1,2,3,5.0,3.0,49328,M,4724250.0,-7933.0,49
201000034716,10,2,11,950,1,2,1,4.0,7.0,49328,M,4727940.0,-6591.0,49
201000034717,10,2,19,2120,5,2,1,1.0,7.0,49328,M,4725060.0,-6655.0,49
201000034718,10,2,28,100,5,2,1,6.0,6.0,49328,M,4725800.0,-7780.0,49
201000034719,10,3,3,2100,5,2,6,1.0,7.0,49328,M,4726550.0,-9463.0,49
201000034720,10,3,13,1140,1,2,3,1.0,3.0,49328,M,4726380.0,-8104.0,49
201000034721,10,3,16,1745,1,2,3,1.0,3.0,49328,M,4724350.0,-7705.0,49
201000034722,10,3,18,1110,1,2,1,1.0,1.0,49328,M,4724840.0,-6826.0,49
201000034723,10,3,27,1930,3,1,1,1.0,2.0,49328,M,4727060.0,-8514.0,49
201000034724,10,4,1,1640,2,2,1,1.0,2.0,49328,M,4726970.0,-8667.0,49
201000034725,10,4,4,1315,1,2,2,1.0,3.0,49328,M,4726300.0,-7957.0,49
201000034726,10,4,6,910,1,1,6,1.0,7.0,49328,M,4728560.0,-5044.0,49
201000034727,10,4,27,750,1,1,1,1.0,3.0,49328,M,4728410.0,-12480.0,49
201000034728,10,4,28,1015,1,2,1,1.0,7.0,49328,M,4725360.0,-8997.0,49
201000034729,10,5,5,1210,1,2,3,1.0,3.0,49328,M,4724600.0,-9368.0,49
201000034730,10,5,7,1930,1,2,1,1.0,7.0,49328,M,4726280.0,-7503.0,49
201000034731,10,5,8,1420,1,2,1,2.0,6.0,49328,M,4725690.0,-8746.0,49
201000034732,10,5,11,1550,1,2,1,1.0,5.0,49328,M,4724990.0,-7902.0,49
201000034733,10,5,12,1710,1,2,1,1.0,7.0,49328,M,4727720.0,-7898.0,49
201000034734,10,5,14,1725,1,2,1,1.0,7.0,49328,M,4725860.0,-7887.0,49
201000034735,10,5,17,1350,1,2,1,1.0,7.0,49328,M,4725690.0,-9406.0,49
201000034736,10,5,18,1730,1,2,1,1.0,7.0,49328,M,4725260.0,-8834.0,49
201000034737,10,5,19,1505,1,2,6,1.0,7.0,49328,M,4725020.0,-8712.0,49
201000034738,10,5,19,1630,1,2,2,1.0,3.0,49328,M,4726300.0,-7958.0,49
201000034739,10,5,22,1250,1,1,1,1.0,7.0,49328,M,4727740.0,-13251.0,49
201000034740,10,5,20,2030,1,2,9,1.0,3.0,49328,M,4727940.0,-6442.0,49
201000034741,10,6,3,1800,1,2,1,1.0,3.0,49328,M,4727740.0,-6272.0,49
201000034742,10,6,11,1540,1,2,6,1.0,6.0,49328,M,4724240.0,-7728.0,49
201000034743,10,6,11,1700,1,2,1,1.0,6.0,49328,M,4726470.0,-7280.0,49
201000034744,10,6,14,850,1,2,1,1.0,6.0,49328,M,4724770.0,-7728.0,49
201000034745,10,6,17,750,1,2,4,2.0,3.0,49328,M,4724310.0,-9433.0,49
201000034746,10,6,20,1620,1,2,1,1.0,7.0,49328,M,4725640.0,-7761.0,49
201000034747,10,6,23,2320,5,2,1,1.0,7.0,49328,M,4724030.0,-7748.0,49
201000034748,10,6,27,120,5,2,1,1.0,7.0,49328,M,4725960.0,-7867.0,49
201000034749,10,7,1,1130,1,2,3,1.0,3.0,49328,M,4724790.0,-10912.0,49
201000034750,10,7,5,1455,1,2,1,1.0,3.0,49328,M,4726160.0,-8515.0,49
201000034751,10,7,5,1525,1,2,1,1.0,7.0,49328,M,4725410.0,-7122.0,49
201000034752,10,7,6,2350,3,2,1,1.0,7.0,49328,M,4727400.0,-7069.0,49
201000034753,10,7,7,1925,1,2,1,1.0,3.0,49328,M,4726380.0,-7375.0,49
201000034754,10,7,8,2019,1,2,1,1.0,7.0,49328,M,4724320.0,-7326.0,49
201000034755,10,7,10,1310,1,2,2,1.0,3.0,49328,M,4726050.0,-8155.0,49
201000034756,10,7,14,1745,1,2,1,1.0,2.0,49328,M,4726040.0,-7504.0,49
201000034757,10,7,17,1745,1,2,6,1.0,2.0,49328,M,4725360.0,-8541.0,49
201000034758,10,7,21,1200,1,1,1,1.0,2.0,49328,M,4728500.0,-5177.0,49
201000034759,10,7,22,2005,1,2,1,1.0,7.0,49328,M,4728340.0,-14170.0,49
201000034760,10,8,3,2115,2,2,1,1.0,7.0,49328,M,4726830.0,-7660.0,49
201000034761,10,8,8,650,2,1,1,1.0,7.0,49328,M,4722990.0,-11377.0,49
201000034762,10,8,30,2115,2,1,6,1.0,7.0,49328,M,4727360.0,-7967.0,49
201000034763,10,8,30,1355,1,2,9,1.0,7.0,49328,M,4726260.0,-7897.0,49
201000034764,10,8,31,1000,1,2,1,1.0,6.0,49328,M,4726520.0,-8315.0,49
201000034765,10,9,13,1550,1,2,1,1.0,2.0,49328,M,4727660.0,-11432.0,49
201000034766,10,9,13,1540,1,2,1,1.0,6.0,49328,M,4728670.0,-8485.0,49
201000034767,10,9,14,1700,1,2,1,1.0,7.0,49328,M,4726630.0,-10508.0,49
201000034768,10,9,17,40,5,2,1,1.0,7.0,49328,M,4725020.0,-7230.0,49
201000034769,10,9,17,735,2,2,6,1.0,2.0,49328,M,4726030.0,-8901.0,49
201000034770,10,9,18,1900,2,2,1,1.0,3.0,49328,M,4727640.0,-11394.0,49
201000034771,10,9,21,1120,1,2,6,1.0,2.0,49328,M,4724690.0,-7715.0,49
201000034772,10,9,21,1700,1,1,1,1.0,3.0,49328,M,4728810.0,-10278.0,49
201000034773,10,9,21,1800,1,2,1,1.0,7.0,49328,M,4725670.0,-8491.0,49
201000034774,10,9,24,2100,5,2,1,1.0,1.0,49328,M,4726610.0,-8444.0,49
201000034775,10,9,29,1040,1,2,4,1.0,3.0,49328,M,4727640.0,-6900.0,49
201000034776,10,10,1,1725,1,2,1,2.0,7.0,49328,M,4726070.0,-8136.0,49
201000034777,10,10,3,2320,5,2,2,1.0,3.0,49328,M,4725730.0,-8124.0,49
201000034778,10,10,11,1940,5,2,6,1.0,3.0,49328,M,4725730.0,-8126.0,49
201000034779,10,10,12,1145,1,1,1,1.0,3.0,49328,M,4727970.0,-7061.0,49
201000034780,10,10,25,1650,1,2,6,1.0,2.0,49328,M,4724650.0,-7588.0,49
201000034781,10,10,27,1520,1,2,1,1.0,2.0,49328,M,4725940.0,-7319.0,49
201000034782,10,11,6,415,3,1,1,2.0,6.0,49328,M,4726460.0,-9337.0,49
201000034783,10,11,6,2115,3,2,3,3.0,4.0,49328,M,4724210.0,-7938.0,49
201000034784,10,11,21,1825,3,1,1,2.0,1.0,49328,M,4726970.0,-7452.0,49
201000034785,10,11,22,1130,1,2,1,1.0,6.0,49328,M,4725860.0,-7878.0,49
201000034786,10,11,23,1050,1,2,2,1.0,3.0,49328,M,4726150.0,-7846.0,49
201000034787,10,11,24,1720,1,2,1,1.0,7.0,49328,M,4725860.0,-7531.0,49
201000034788,10,11,26,1815,5,2,1,1.0,4.0,49328,M,4725330.0,-8476.0,49
201000034789,10,11,29,940,1,2,1,1.0,3.0,49328,M,4726470.0,-7390.0,49
201000034790,10,11,29,1340,1,2,2,1.0,3.0,49328,M,4725310.0,-8047.0,49
201000034791,10,12,9,845,2,2,1,9.0,7.0,49328,M,4726140.0,-8964.0,49
201000034792,10,12,18,2050,5,2,6,2.0,7.0,49328,M,4724960.0,-6804.0,49
201000034793,10,12,19,1630,1,2,1,1.0,1.0,49328,M,4725240.0,-7805.0,49
201000034794,10,12,21,1755,2,1,1,2.0,2.0,49328,M,4727790.0,-7405.0,49
201000034795,10,12,23,1525,1,1,1,1.0,5.0,49328,M,4728310.0,-5884.0,49
201000034796,10,12,29,1810,3,2,3,1.0,3.0,49328,M,4723710.0,-7721.0,49
201000034797,10,12,31,245,5,2,6,1.0,6.0,49328,M,4725120.0,-8713.0,49
201000034798,10,1,5,1100,1,2,2,1.0,7.0,50129,M,4964450.0,-162734.0,50
201000034799,10,1,12,1200,1,2,1,1.0,2.0,50602,M,4964060.0,-158044.0,50
201000034800,10,1,15,1439,1,2,3,1.0,3.0,50129,M,4963010.0,-159861.0,50
201000034801,10,1,15,1740,2,2,1,1.0,1.0,50602,M,4963930.0,-156841.0,50
201000034802,10,1,15,2145,5,2,3,1.0,3.0,50602,M,4964790.0,-159156.0,50
201000034803,10,1,19,745,3,1,1,5.0,5.0,50203,M,4960940.0,-158691.0,50
201000034804,10,1,19,2000,4,2,1,1.0,1.0,50173,M,4965700.0,-169024.0,50
201000034805,10,1,21,1835,5,2,3,1.0,1.0,50203,M,4960880.0,-160020.0,50
201000034806,10,1,22,1245,1,2,3,2.0,6.0,50129,M,4963890.0,-161785.0,50
201000034807,10,1,22,1945,5,2,3,2.0,5.0,50602,M,4963450.0,-159422.0,50
201000034808,10,1,25,1825,5,2,1,1.0,1.0,50129,M,4963500.0,-163577.0,50
201000034809,10,1,26,1825,3,2,1,2.0,7.0,50173,M,4965230.0,-167177.0,50
201000034810,10,1,27,1815,5,2,1,1.0,1.0,50602,M,4964060.0,-159712.0,50
201000034811,10,1,27,1855,5,2,2,1.0,3.0,50129,M,4963220.0,-162379.0,50
201000034812,10,1,28,1640,1,2,1,1.0,3.0,50129,M,4962880.0,-163790.0,50
201000034813,10,2,1,1315,1,2,3,1.0,7.0,50129,M,4962950.0,-162346.0,50
201000034814,10,2,5,1700,1,2,2,1.0,4.0,50129,M,4963510.0,-160129.0,50
201000034815,10,2,9,1745,1,2,1,1.0,2.0,50129,M,4962890.0,-164041.0,50
201000034816,10,2,12,310,5,2,2,1.0,3.0,50129,M,4964000.0,-163420.0,50
201000034817,10,2,12,740,2,2,7,1.0,1.0,50129,M,4963400.0,-162250.0,50
201000034818,10,2,12,1650,1,2,2,1.0,1.0,50173,M,4965050.0,-165140.0,50
201000034819,10,2,12,2055,5,2,2,1.0,1.0,50129,M,4962910.0,-164110.0,50
201000034820,10,2,16,905,1,2,1,2.0,2.0,50129,M,4964300.0,-162445.0,50
201000034821,10,2,18,630,5,1,1,1.0,7.0,50129,M,4961560.0,-164065.0,50
201000034822,10,2,18,1630,1,2,3,1.0,3.0,50129,M,4962080.0,-165649.0,50
201000034823,10,2,21,440,5,2,6,1.0,7.0,50173,M,4965740.0,-166912.0,50
201000034824,10,2,23,1710,1,2,1,1.0,6.0,50129,M,4963460.0,-161364.0,50
201000034825,10,2,24,1920,5,2,1,6.0,7.0,50129,M,4962670.0,-163380.0,50
201000034826,10,2,28,1810,2,1,1,1.0,2.0,50203,M,4959900.0,-159714.0,50
201000034827,10,3,2,810,1,2,2,1.0,7.0,50129,M,4964440.0,-162715.0,50
201000034828,10,3,2,1040,1,2,1,1.0,4.0,50129,M,4963460.0,-161077.0,50
201000034829,10,3,5,1215,1,2,6,1.0,3.0,50129,M,4963650.0,-164949.0,50
201000034830,10,3,5,2150,5,2,2,1.0,3.0,50602,M,4964650.0,-159070.0,50
201000034831,10,3,8,840,1,2,2,1.0,7.0,50129,M,4962910.0,-164113.0,50
201000034832,10,3,11,535,3,2,1,6.0,6.0,50129,M,4962080.0,-162609.0,50
201000034833,10,3,18,1950,2,2,1,1.0,2.0,50129,M,4963710.0,-161969.0,50
201000034834,10,3,21,2020,5,2,1,1.0,6.0,50173,M,4966200.0,-168611.0,50
201000034835,10,3,25,1330,1,2,3,1.0,3.0,50602,M,4964670.0,-158413.0,50
201000034836,10,3,29,955,1,2,2,1.0,3.0,50129,M,4963640.0,-162571.0,50
201000034837,10,3,29,1255,1,2,1,1.0,2.0,50173,M,4965860.0,-169082.0,50
201000034838,10,3,30,1445,1,2,1,1.0,6.0,50602,M,4963220.0,-158237.0,50
201000034839,10,3,31,1810,1,2,3,6.0,1.0,50129,M,4963360.0,-163878.0,50
201000034840,10,4,3,1710,1,2,2,2.0,1.0,50129,M,4963050.0,-164509.0,50