Num_Acc,an,mois,jour,hrmn,lum,agg,int,atm,col,com,gps,lat,long,dep
201000034841,10,4,3,120,3,2,1,1.0,3.0,50129,M,4963470.0,-162583.0,50
201000034842,10,4,7,1200,1,2,1,1.0,7.0,50173,M,4965790.0,-166215.0,50
201000034843,10,4,7,1650,1,2,2,1.0,6.0,50602,M,4963510.0,-160125.0,50
201000034844,10,4,8,1355,1,2,1,1.0,7.0,50129,M,4963460.0,-161080.0,50
201000034845,10,4,14,1640,1,2,1,1.0,2.0,50203,M,4959970.0,-159718.0,50
201000034846,10,4,14,1740,1,1,1,1.0,2.0,50203,M,4960220.0,-159475.0,50
201000034847,10,4,19,2055,1,2,1,1.0,6.0,50129,M,4962920.0,-164131.0,50
201000034848,10,4,23,1055,1,2,7,1.0,3.0,50129,M,4964250.0,-162514.0,50
201000034849,10,4,24,1645,1,2,2,1.0,7.0,50129,M,4964350.0,-164419.0,50
201000034850,10,4,25,2340,5,2,1,1.0,7.0,50129,M,4962800.0,-163415.0,50
201000034851,10,4,26,1800,1,2,1,1.0,4.0,50173,M,4965730.0,-166960.0,50
201000034852,10,4,27,920,1,2,1,1.0,4.0,50173,M,4965760.0,-166758.0,50
201000034853,10,5,4,1835,1,2,1,1.0,6.0,50203,M,4960770.0,-157705.0,50
201000034854,10,5,5,1855,1,2,2,1.0,3.0,50416,M,4965700.0,-170006.0,50
201000034855,10,5,6,815,1,2,1,1.0,6.0,50602,M,4964760.0,-157944.0,50
201000034856,10,5,12,1926,1,2,2,1.0,3.0,50129,M,4964500.0,-163556.0,50
201000034857,10,5,13,1115,1,2,1,1.0,6.0,50602,M,4963890.0,-159418.0,50
201000034858,10,5,13,1810,1,2,3,1.0,2.0,50602,M,4963450.0,-159421.0,50
201000034859,10,5,15,1835,1,2,1,1.0,3.0,50416,M,4965750.0,-169811.0,50
201000034860,10,5,18,755,1,2,1,1.0,3.0,50602,M,4964390.0,-160052.0,50
201000034861,10,5,18,1310,1,2,1,1.0,6.0,50129,M,4963240.0,-162407.0,50
201000034862,10,5,21,1355,1,2,3,1.0,5.0,50602,M,4963450.0,-159414.0,50
201000034863,10,5,23,1540,1,2,1,1.0,2.0,50129,M,4963920.0,-162085.0,50
201000034864,10,5,27,1400,1,2,2,1.0,3.0,50602,M,4963920.0,-160551.0,50
201000034865,10,5,27,2240,3,1,1,1.0,6.0,50575,M,4960390.0,-168431.0,50
201000034866,10,5,28,700,1,1,3,7.0,3.0,50129,M,4962050.0,-162697.0,50
201000034867,10,5,28,830,1,2,2,7.0,6.0,50602,M,4964020.0,-157295.0,50
201000034868,10,5,28,1235,1,2,1,1.0,4.0,50129,M,4964390.0,-162628.0,50
201000034869,10,5,30,1535,1,2,2,1.0,3.0,50173,M,4964490.0,-167086.0,50
201000034870,10,5,31,450,3,1,1,1.0,7.0,50203,M,4960710.0,-159114.0,50
201000034871,10,5,28,1700,1,2,1,1.0,2.0,50129,M,4962650.0,-161905.0,50
201000034872,10,6,3,750,1,2,2,1.0,7.0,50129,M,4962690.0,-163675.0,50
201000034873,10,6,3,815,1,2,2,1.0,4.0,50602,M,4963510.0,-160130.0,50
201000034874,10,6,6,230,5,2,1,1.0,6.0,50173,M,4964590.0,-164887.0,50
201000034875,10,6,7,2010,1,2,6,3.0,7.0,50129,M,4963460.0,-161361.0,50
201000034876,10,6,7,2210,1,2,2,2.0,3.0,50129,M,4964250.0,-163741.0,50
201000034877,10,6,10,1335,1,2,1,2.0,7.0,50129,M,4963120.0,-164654.0,50
201000034878,10,6,10,1635,1,2,1,2.0,6.0,50602,M,4964040.0,-159862.0,50
201000034879,10,6,10,1645,1,2,1,2.0,7.0,50173,M,4963570.0,-166570.0,50
201000034880,10,6,11,700,2,2,3,2.0,7.0,50129,M,4964050.0,-163661.0,50
201000034881,10,6,11,1810,1,1,1,1.0,1.0,50203,M,4960590.0,-159349.0,50
201000034882,10,6,11,2010,1,2,6,1.0,4.0,50173,M,4965750.0,-166870.0,50
201000034883,10,6,12,925,1,1,1,1.0,5.0,50602,M,4963430.0,-156246.0,50
201000034884,10,6,18,1625,1,2,1,1.0,7.0,50602,M,4961870.0,-153607.0,50
201000034885,10,6,19,1250,1,2,1,1.0,6.0,50129,M,4964030.0,-162146.0,50
201000034886,10,6,20,100,5,2,1,1.0,3.0,50203,M,4961410.0,-160173.0,50
201000034887,10,6,21,1230,1,2,1,1.0,6.0,50602,M,4962800.0,-158642.0,50
201000034888,10,6,22,350,5,2,1,1.0,6.0,50129,M,4962730.0,-161764.0,50
201000034889,10,6,23,2020,1,1,1,7.0,3.0,50203,M,4959330.0,-159579.0,50
201000034890,10,6,26,1020,1,2,2,1.0,1.0,50416,M,4965740.0,-169484.0,50
201000034891,10,6,27,40,5,2,1,1.0,1.0,50416,M,4965760.0,-169438.0,50
201000034892,10,6,28,745,1,2,2,7.0,1.0,50129,M,4963930.0,-160542.0,50
201000034893,10,6,30,1315,1,1,1,1.0,7.0,50602,M,4965070.0,-155362.0,50
201000034894,10,7,2,1625,1,2,3,1.0,2.0,50602,M,4963640.0,-159607.0,50
201000034895,10,7,2,1820,1,1,6,1.0,3.0,50203,M,4959960.0,-159731.0,50
201000034896,10,7,4,510,5,2,6,1.0,7.0,50173,M,4965750.0,-166874.0,50
201000034897,10,7,3,1715,1,2,3,1.0,7.0,50129,M,4962630.0,-163018.0,50
201000034898,10,7,10,1745,1,2,1,1.0,7.0,50129,M,4963920.0,-160564.0,50
201000034899,10,7,9,1500,1,2,3,1.0,2.0,50602,M,4963730.0,-157072.0,50
201000034900,10,7,13,2255,5,2,2,1.0,7.0,50173,M,4965390.0,-164912.0,50
201000034901,10,7,14,1730,1,2,1,1.0,3.0,50203,M,4960210.0,-160062.0,50
201000034902,10,7,18,30,5,2,1,1.0,7.0,50602,M,4964430.0,-158950.0,50
201000034903,10,7,19,15,5,2,3,1.0,3.0,50129,M,4961390.0,-165594.0,50
201000034904,10,7,19,1830,1,2,3,1.0,3.0,50602,M,4965200.0,-155555.0,50
201000034905,10,7,24,1800,1,2,1,1.0,2.0,50129,M,4964140.0,-162141.0,50
201000034906,10,7,25,145,5,2,1,1.0,6.0,50203,M,4961970.0,-161268.0,50
201000034907,10,7,27,2220,5,2,1,1.0,7.0,50129,M,4964240.0,-161571.0,50
201000034908,10,7,29,515,3,2,1,1.0,7.0,50129,M,4963310.0,-161358.0,50
201000034909,10,8,2,1535,1,2,3,1.0,6.0,50129,M,4964560.0,-163885.0,50
201000034910,10,8,3,1015,1,2,1,1.0,7.0,50129,M,4963340.0,-161981.0,50
201000034911,10,8,4,1240,1,2,1,1.0,7.0,50129,M,4964250.0,-161524.0,50
201000034912,10,8,4,1830,1,1,3,1.0,3.0,50602,M,4963790.0,-154589.0,50
201000034913,10,8,6,2025,1,2,1,2.0,7.0,50129,M,4962840.0,-163517.0,50
201000034914,10,8,8,625,2,2,1,1.0,6.0,50129,M,4964140.0,-162134.0,50
201000034915,10,8,9,1900,1,2,1,1.0,6.0,50173,M,4965980.0,-168665.0,50
201000034916,10,8,10,1445,1,2,1,2.0,6.0,50129,M,4964320.0,-164422.0,50
201000034917,10,8,14,1600,1,2,2,1.0,1.0,50602,M,4964790.0,-157878.0,50
201000034918,10,8,16,1805,1,2,1,1.0,6.0,50416,M,4966140.0,-171368.0,50
201000034919,10,8,17,1420,1,2,2,2.0,1.0,50173,M,4965340.0,-166298.0,50
201000034920,10,8,17,2010,1,1,6,2.0,7.0,50203,M,4959960.0,-159735.0,50
201000034921,10,8,18,1845,1,2,1,1.0,7.0,50203,M,4962200.0,-158136.0,50
201000034922,10,8,19,1605,1,2,2,1.0,1.0,50129,M,4963800.0,-162255.0,50
201000034923,10,8,20,15,5,2,6,1.0,6.0,50602,M,4963580.0,-157607.0,50
201000034924,10,8,20,115,5,2,3,1.0,3.0,50129,M,4964010.0,-162152.0,50
201000034925,10,8,22,1115,1,2,6,8.0,5.0,50602,M,4963580.0,-157607.0,50
201000034926,10,8,25,2225,5,2,1,2.0,7.0,50129,M,4963520.0,-161769.0,50
201000034927,10,8,26,1640,1,2,1,2.0,6.0,50129,M,4963880.0,-161789.0,50
201000034928,10,8,26,1745,1,2,2,2.0,1.0,50129,M,4963840.0,-161077.0,50
201000034929,10,8,29,1315,1,2,1,1.0,6.0,50173,M,4964330.0,-164607.0,50
201000034930,10,9,2,1735,1,2,1,1.0,6.0,50129,M,4963870.0,-162535.0,50
201000034931,10,9,2,1930,1,2,1,1.0,7.0,50129,M,4963840.0,-161049.0,50
201000034932,10,9,6,1350,1,2,1,1.0,4.0,50129,M,4962900.0,-161820.0,50
201000034933,10,9,11,1040,1,2,1,8.0,6.0,50129,M,4963860.0,-162535.0,50
201000034934,10,9,11,1935,1,2,1,2.0,7.0,50203,M,4962160.0,-161547.0,50
201000034935,10,9,16,750,1,2,3,1.0,3.0,50602,M,4963590.0,-159066.0,50
201000034936,10,9,17,1635,1,2,3,1.0,2.0,50129,M,4963170.0,-161006.0,50
201000034937,10,9,17,1730,1,2,1,1.0,2.0,50129,M,4964570.0,-163914.0,50
201000034938,10,9,18,1555,1,2,1,1.0,4.0,50203,M,4961910.0,-161158.0,50
201000034939,10,9,22,1300,1,2,1,1.0,2.0,50173,M,4965600.0,-165151.0,50
201000034940,10,9,24,1720,1,2,1,1.0,7.0,50129,M,4963390.0,-162116.0,50
201000034941,10,10,1,730,5,2,2,2.0,6.0,50129,M,4964450.0,-162730.0,50
201000034942,10,10,2,1810,1,2,1,3.0,3.0,50602,M,4963580.0,-157597.0,50
201000034943,10,10,3,25,5,2,1,1.0,2.0,50203,M,4962200.0,-161531.0,50
201000034944,10,10,4,1220,1,2,2,1.0,7.0,50173,M,4965370.0,-167645.0,50
201000034945,10,10,6,1235,1,2,2,1.0,2.0,50602,M,4963990.0,-160151.0,50
201000034946,10,10,7,1155,1,2,3,1.0,3.0,50129,M,4963000.0,-164362.0,50
201000034947,10,10,8,1105,1,2,2,1.0,3.0,50129,M,4964340.0,-162895.0,50
201000034948,10,10,9,110,5,2,2,1.0,3.0,50129,M,4964230.0,-163585.0,50
201000034949,10,10,9,425,5,2,1,1.0,6.0,50129,M,4962040.0,-162705.0,50
201000034950,10,10,9,1650,1,2,1,1.0,7.0,50129,M,4964240.0,-161248.0,50
201000034951,10,10,12,1320,1,2,1,1.0,3.0,50129,M,4962820.0,-163479.0,50
201000034952,10,10,14,1620,1,2,3,1.0,7.0,50129,M,4963740.0,-162654.0,50
201000034953,10,10,15,950,1,2,1,1.0,6.0,50602,M,4965010.0,-158567.0,50
201000034954,10,10,20,735,5,2,1,1.0,7.0,50129,M,4963450.0,-161369.0,50
201000034955,10,10,23,1650,1,2,1,1.0,6.0,50129,M,4963490.0,-162686.0,50
201000034956,10,10,25,810,2,2,1,1.0,7.0,50416,M,4966140.0,-169456.0,50
201000034957,10,10,29,235,5,2,2,1.0,3.0,50129,M,4964500.0,-163561.0,50
201000034958,10,10,30,1903,3,1,4,1.0,7.0,50602,M,4962620.0,-155572.0,50
201000034959,10,11,1,1912,5,2,1,1.0,6.0,50602,M,4964670.0,-159419.0,50
201000034960,10,11,2,1540,1,2,4,1.0,7.0,50129,M,4963050.0,-164509.0,50
201000034961,10,10,25,2055,5,2,1,1.0,6.0,50173,M,4965750.0,-166864.0,50
201000034962,10,11,3,1340,1,2,1,1.0,7.0,50602,M,4963590.0,-159367.0,50
201000034963,10,11,7,2300,5,2,3,1.0,6.0,50129,M,4964300.0,-164241.0,50
201000034964,10,11,8,710,5,2,6,3.0,3.0,50602,M,4963520.0,-159148.0,50
201000034965,10,11,9,615,5,2,4,2.0,6.0,50129,M,4962620.0,-161721.0,50
201000034966,10,11,9,1815,2,2,1,3.0,5.0,50129,M,4963340.0,-161721.0,50
201000034967,10,11,12,1550,1,2,3,3.0,5.0,50129,M,4964260.0,-164049.0,50
201000034968,10,11,14,2155,5,2,3,2.0,7.0,50173,M,4964490.0,-166957.0,50
201000034969,10,11,16,805,1,2,1,1.0,2.0,50129,M,4962740.0,-161771.0,50
201000034970,10,11,16,1145,1,2,2,1.0,7.0,50129,M,4962910.0,-164110.0,50
201000034971,10,11,16,1830,5,2,1,1.0,6.0,50129,M,4963560.0,-162209.0,50
201000034972,10,11,18,1150,1,2,2,1.0,6.0,50173,M,4965710.0,-167430.0,50
201000034973,10,11,18,1730,5,2,1,3.0,6.0,50129,M,4962620.0,-162807.0,50
201000034974,10,11,20,1805,5,2,1,1.0,3.0,50129,M,4963200.0,-161762.0,50
201000034975,10,11,23,1200,1,2,1,1.0,7.0,50129,M,4964260.0,-162298.0,50
201000034976,10,11,24,1835,5,2,1,3.0,7.0,50602,M,4963880.0,-159425.0,50
201000034977,10,11,24,1840,5,2,1,3.0,6.0,50602,M,4963570.0,-158421.0,50
201000034978,10,11,25,903,1,2,3,1.0,7.0,50129,M,4964210.0,-162551.0,50
201000034979,10,11,25,1800,5,2,2,1.0,1.0,50129,M,4964060.0,-164065.0,50
201000034980,10,11,26,1025,1,2,2,1.0,3.0,50602,M,4964020.0,-157301.0,50
201000034981,10,11,26,1900,5,2,2,1.0,5.0,50129,M,4963590.0,-160753.0,50
201000034982,10,12,7,340,5,2,1,1.0,7.0,50129,M,4963150.0,-163874.0,50
201000034983,10,12,9,740,5,2,1,1.0,3.0,50602,M,4963530.0,-160090.0,50
201000034984,10,12,10,1930,3,2,3,1.0,3.0,50129,M,4962040.0,-162708.0,50
201000034985,10,12,12,1145,1,2,2,1.0,1.0,50129,M,4963920.0,-160548.0,50
201000034986,10,12,13,855,1,2,1,1.0,3.0,50129,M,4963090.0,-161783.0,50
201000034987,10,12,17,1730,5,2,3,2.0,4.0,50602,M,4963960.0,-156992.0,50
201000034988,10,12,22,1545,1,2,1,1.0,4.0,50602,M,4964390.0,-158120.0,50
201000034989,10,12,22,1815,5,2,6,1.0,4.0,50173,M,4965750.0,-166874.0,50
201000034990,10,12,26,2110,5,2,3,1.0,1.0,50129,M,4963850.0,-161168.0,50
201000034991,10,12,29,945,1,2,3,1.0,3.0,50203,M,4961500.0,-160461.0,50
201000034992,10,1,20,1230,1,2,7,1.0,3.0,50147,M,4904440.0,-144329.0,50
201000034993,10,2,11,800,5,2,6,4.0,3.0,50147,M,4904390.0,-144382.0,50
201000034994,10,2,15,2210,5,2,3,2.0,2.0,50147,M,4905750.0,-143040.0,50
201000034995,10,3,6,1420,1,1,3,1.0,3.0,50147,M,4905220.0,-144371.0,50
201000034996,10,6,1,1140,1,2,3,2.0,7.0,50147,M,4905310.0,-144107.0,50
201000034997,10,7,3,905,1,1,1,1.0,6.0,50147,M,4903550.0,-144269.0,50
201000034998,10,7,10,1825,1,2,1,1.0,6.0,50147,M,4904120.0,-144730.0,50
201000034999,10,7,28,1350,1,2,3,1.0,3.0,50147,M,4905750.0,-143045.0,50
201000035000,10,8,16,620,1,2,1,1.0,6.0,50147,M,4904300.0,-144220.0,50
201000035001,10,9,6,830,1,2,3,1.0,3.0,50147,M,4904290.0,-143543.0,50
201000035002,10,9,29,1635,1,2,1,8.0,2.0,50147,M,4906340.0,-143343.0,50
201000035003,10,10,6,645,5,2,1,2.0,6.0,50147,M,4904990.0,-144124.0,50
201000035004,10,10,6,2035,5,2,3,1.0,3.0,50147,M,4904400.0,-144613.0,50
201000035005,10,10,14,1700,1,2,1,2.0,6.0,50147,M,4905290.0,-143435.0,50
201000035006,10,10,21,830,1,2,1,1.0,2.0,50147,M,4905700.0,-143220.0,50
201000035007,10,10,25,905,1,2,3,1.0,3.0,50147,M,4906310.0,-143350.0,50
201000035008,10,11,8,740,5,2,1,2.0,6.0,50147,M,4904030.0,-144157.0,50
201000035009,10,12,14,830,2,2,1,2.0,6.0,50147,M,4904560.0,-143106.0,50
201000035010,10,4,16,2119,5,2,2,1.0,3.0,50532,M,4880450.0,-156647.0,50
201000035011,10,4,19,1450,1,2,3,1.0,2.0,50218,M,4883410.0,-157687.0,50
201000035012,10,5,15,1615,1,2,1,1.0,6.0,50218,M,4883770.0,-156361.0,50
201000035013,10,5,20,1340,1,2,1,1.0,2.0,50218,M,4884230.0,-158970.0,50
201000035014,10,5,24,1940,1,2,6,1.0,3.0,50532,M,4879480.0,-156531.0,50
201000035015,10,6,8,1055,1,2,1,1.0,4.0,50218,M,4883760.0,-155160.0,50
201000035016,10,6,11,742,1,2,1,8.0,6.0,50218,M,4883950.0,-158712.0,50
201000035017,10,7,15,1125,1,1,1,1.0,3.0,50218,M,4882530.0,-155932.0,50
201000035018,10,7,20,1420,1,2,8,1.0,3.0,50218,M,4884010.0,-158663.0,50
201000035019,10,7,27,1900,1,2,3,7.0,1.0,50218,M,4883710.0,-158318.0,50
201000035020,10,7,29,1130,1,1,2,1.0,3.0,50532,M,4880410.0,-154866.0,50
201000035021,10,7,31,1545,1,2,1,1.0,4.0,50647,M,4883950.0,-154800.0,50
201000035022,10,8,5,1520,1,2,1,1.0,6.0,50218,M,4883870.0,-159808.0,50
201000035023,10,8,18,1440,1,2,1,1.0,7.0,50165,M,4885220.0,-156211.0,50
201000035024,10,9,8,1035,1,1,1,1.0,3.0,50532,M,4882270.0,-155558.0,50
201000035025,10,9,25,1510,1,2,1,1.0,6.0,50218,M,4883230.0,-159013.0,50
201000035026,10,10,9,1015,1,2,1,1.0,7.0,50218,M,4883400.0,-156848.0,50
201000035027,10,10,21,2125,5,2,1,1.0,6.0,50218,M,4883980.0,-159457.0,50
201000035028,10,10,25,905,1,2,3,1.0,6.0,50532,M,4881560.0,-157041.0,50
201000035029,10,11,12,1620,1,2,3,8.0,3.0,50218,M,4883790.0,-157312.0,50
201000035030,10,11,20,1845,3,1,1,2.0,3.0,50647,M,4883950.0,-153958.0,50
201000035031,10,11,29,730,1,2,1,1.0,7.0,50218,M,4883120.0,-157054.0,50
201000035032,10,12,6,730,5,2,1,1.0,6.0,50218,M,4883750.0,-154630.0,50
201000035033,10,1,2,1815,5,2,1,1.0,6.0,50502,M,4911150.0,-107048.0,50
201000035034,10,1,5,750,5,2,1,1.0,6.0,50502,M,4911150.0,-107030.0,50
201000035035,10,1,18,1645,1,2,1,1.0,3.0,50502,M,4910560.0,-108778.0,50
201000035036,10,2,8,1800,3,1,1,1.0,4.0,50502,M,4911920.0,-103350.0,50
201000035037,10,2,23,138,5,2,1,2.0,7.0,50502,M,4910670.0,-109456.0,50
201000035038,10,2,26,520,3,2,1,3.0,7.0,50502,M,4909000.0,-109312.0,50
201000035039,10,3,27,1055,1,2,1,1.0,6.0,50502,M,4911600.0,-109830.0,50
201000035040,10,5,3,1825,1,2,1,1.0,2.0,50002,M,4911440.0,-112680.0,50
201000035041,10,6,23,1620,1,2,1,1.0,6.0,50502,M,4911330.0,-109053.0,50
201000035042,10,6,30,1420,1,2,1,1.0,2.0,50502,M,4910730.0,-104597.0,50
201000035043,10,6,30,1320,1,2,6,1.0,3.0,50502,M,4911190.0,-106982.0,50
201000035044,10,7,2,1035,1,1,1,1.0,3.0,50002,M,4910910.0,-113641.0,50
201000035045,10,7,3,955,1,2,2,1.0,6.0,50502,M,4911350.0,-109056.0,50
201000035046,10,7,6,1840,1,1,1,1.0,3.0,50502,M,4910560.0,-106842.0,50
201000035047,10,7,23,750,1,1,1,1.0,7.0,50502,M,4909970.0,-106590.0,50
201000035048,10,7,28,2108,1,2,1,1.0,3.0,50502,M,4911600.0,-106644.0,50
201000035049,10,8,16,1530,1,2,1,1.0,1.0,50502,M,4910200.0,-108244.0,50
201000035050,10,8,18,1630,1,1,3,1.0,3.0,50502,M,4913330.0,-106750.0,50
201000035051,10,8,31,1750,1,2,1,1.0,6.0,50502,M,4911050.0,-107568.0,50
201000035052,10,9,8,1540,1,2,1,1.0,6.0,50502,M,4911550.0,-109336.0,50
201000035053,10,9,12,150,3,1,1,1.0,7.0,50502,M,4909350.0,-109274.0,50
201000035054,10,9,18,1730,1,2,1,1.0,6.0,50002,M,4910830.0,-113387.0,50
201000035055,10,10,20,2110,5,1,1,1.0,6.0,50502,M,4909830.0,-108242.0,50
201000035056,10,10,22,1210,1,2,1,1.0,6.0,50002,M,4911530.0,-111697.0,50
201000035057,10,11,5,1535,1,2,1,1.0,3.0,50502,M,4911310.0,-109055.0,50
201000035058,10,11,5,2200,5,2,6,1.0,6.0,50502,M,4911190.0,-106991.0,50
201000035059,10,11,14,125,5,1,6,3.0,6.0,50502,M,4911680.0,-104251.0,50
201000035060,10,11,17,1525,1,2,2,1.0,3.0,50502,M,4911550.0,-108308.0,50
201000035061,10,12,7,735,5,2,1,1.0,6.0,50502,M,4911570.0,-109842.0,50
201000035062,10,12,13,1025,1,2,1,1.0,2.0,50502,M,4911350.0,-109912.0,50
201000035063,10,12,23,940,1,2,1,1.0,6.0,50502,M,4912040.0,-108842.0,50
201000035064,10,1,1,400,5,2,1,1.0,6.0,51108,M,4894620.0,434269.0,51
201000035065,10,1,10,235,5,2,1,2.0,6.0,51108,M,4895400.0,433056.0,51
201000035066,10,2,13,1903,5,2,1,1.0,6.0,51108,M,4894160.0,438265.0,51
201000035067,10,3,16,1700,1,2,3,1.0,1.0,51108,M,,,51
201000035068,10,3,19,2240,3,2,1,2.0,6.0,51242,M,,,51
201000035069,10,3,26,1150,1,2,1,1.0,3.0,51108,M,,,51
201000035070,10,3,31,2100,5,2,3,1.0,3.0,51108,M,,,51
201000035071,10,4,26,755,1,2,1,1.0,3.0,51108,M,,,51
201000035072,10,5,12,1700,1,2,3,1.0,7.0,51506,M,,,51
201000035073,10,5,15,53,5,2,1,1.0,6.0,51506,M,,,51
201000035074,10,5,17,845,1,2,1,1.0,6.0,51108,M,,,51
201000035075,10,5,29,840,1,2,4,1.0,3.0,51108,M,,,51
201000035076,10,6,12,800,1,1,1,1.0,6.0,51506,M,,,51
201000035077,10,7,8,1345,1,2,1,1.0,2.0,51108,M,,,51
201000035078,10,8,20,1345,1,2,3,1.0,3.0,51108,M,,,51
201000035079,10,9,1,414,3,1,1,1.0,6.0,51453,M,,,51
201000035080,10,9,22,1640,1,2,1,1.0,6.0,51242,M,,,51
201000035081,10,9,28,1020,1,1,1,8.0,1.0,51242,M,,,51
201000035082,10,10,19,1610,1,1,1,2.0,5.0,51525,M,,,51
201000035083,10,10,24,349,5,1,1,9.0,2.0,51504,M,,,51
201000035084,10,11,6,1029,1,1,2,2.0,3.0,51242,M,,,51
201000035085,10,11,6,1500,1,1,1,3.0,6.0,51504,M,,,51
201000035086,10,11,20,1737,5,2,9,1.0,6.0,51160,M,,,51
201000035087,10,12,10,1319,1,2,1,2.0,3.0,51108,M,,,51
201000035088,10,12,13,1126,1,2,1,1.0,6.0,51108,M,,,51
201000035089,10,12,17,1802,3,1,1,9.0,6.0,51242,M,,,51
201000035090,10,12,29,2135,5,2,2,1.0,3.0,51108,M,,,51
201000035091,10,1,25,1600,1,2,1,1.0,6.0,51230,M,4904530.0,395836.0,51
201000035092,10,2,19,1400,1,2,3,1.0,6.0,51230,M,4904010.0,395282.0,51
201000035093,10,3,14,1826,1,1,1,1.0,1.0,51344,M,,,51
201000035094,10,3,19,2200,5,2,2,2.0,6.0,51030,M,,,51
201000035095,10,3,19,2050,5,2,3,2.0,3.0,51230,M,,,51
201000035096,10,4,27,1320,1,2,3,1.0,3.0,51230,M,,,51
201000035097,10,5,4,2000,1,2,4,8.0,3.0,51230,M,,,51
201000035098,10,5,10,750,1,2,2,1.0,3.0,51230,M,,,51
201000035099,10,6,12,1150,1,2,1,2.0,2.0,51230,M,,,51
201000035100,10,8,24,1355,1,1,2,1.0,3.0,51431,M,,,51
201000035101,10,9,2,1215,1,2,6,1.0,6.0,51230,M,,,51
201000035102,10,10,31,1250,1,2,1,1.0,3.0,51230,M,,,51
201000035103,10,12,16,1400,1,2,3,1.0,6.0,51230,M,,,51
201000035104,10,12,27,1815,5,2,1,1.0,6.0,51230,M,,,51
201000035105,10,1,7,845,1,2,1,1.0,6.0,51454,M,4926160.0,405678.0,51
201000035106,10,1,13,2230,5,2,2,8.0,6.0,51454,M,4925330.0,405408.0,51
201000035107,10,1,18,800,5,2,3,1.0,6.0,51454,M,4924530.0,403896.0,51
201000035108,10,1,18,1320,1,2,1,1.0,6.0,51454,M,4925710.0,404974.0,51
201000035109,10,1,18,1610,1,2,2,1.0,3.0,51454,M,4925760.0,403526.0,51
201000035110,10,1,20,1850,5,2,1,2.0,6.0,51454,M,4925680.0,406243.0,51
201000035111,10,1,25,755,1,2,1,1.0,2.0,51454,M,4924710.0,404405.0,51
201000035112,10,2,1,800,1,2,1,4.0,6.0,51172,M,4922270.0,405072.0,51
201000035113,10,2,4,350,5,2,1,1.0,6.0,51454,M,4924850.0,402735.0,51
201000035114,10,2,5,750,5,2,1,2.0,6.0,51454,M,4924970.0,401820.0,51
201000035115,10,2,5,2015,5,2,1,1.0,3.0,51454,M,4925900.0,404366.0,51
201000035116,10,2,12,1520,1,2,1,1.0,6.0,51573,M,4924230.0,399309.0,51
201000035117,10,2,15,805,1,2,2,1.0,3.0,51454,M,4923310.0,400722.0,51
201000035118,10,2,16,2140,5,1,1,1.0,6.0,51454,M,0.0,0.0,51
201000035119,10,2,19,900,1,2,3,1.0,3.0,51172,M,4922520.0,404889.0,51
201000035120,10,2,19,1210,1,2,3,1.0,3.0,51454,M,4927930.0,402700.0,51
201000035121,10,2,25,835,1,2,6,2.0,3.0,51172,M,4921640.0,405112.0,51
201000035122,10,3,1,1135,1,2,2,1.0,3.0,51454,M,,,51
201000035123,10,3,4,1020,1,2,3,1.0,3.0,51454,M,,,51
201000035124,10,3,8,2102,5,2,3,1.0,1.0,51454,M,,,51
201000035125,10,3,9,1815,2,2,1,1.0,3.0,51454,M,,,51
201000035126,10,3,11,645,1,2,2,1.0,1.0,51454,M,,,51
201000035127,10,3,13,2250,3,2,1,1.0,6.0,51454,M,,,51
201000035128,10,3,16,1720,1,2,9,1.0,3.0,51454,M,,,51
201000035129,10,3,19,755,1,2,6,1.0,3.0,51573,M,,,51
201000035130,10,3,20,106,5,2,1,2.0,6.0,51454,M,,,51
201000035131,10,3,24,1555,1,2,1,1.0,1.0,51454,M,,,51
201000035132,10,3,31,1028,1,2,7,1.0,6.0,51454,M,,,51
201000035133,10,4,5,1430,1,2,1,1.0,6.0,51454,M,,,51
201000035134,10,4,16,730,1,2,2,1.0,3.0,51454,M,,,51
201000035135,10,4,17,940,1,2,1,1.0,6.0,51454,M,,,51
201000035136,10,4,19,1015,1,2,1,1.0,2.0,51454,M,,,51
201000035137,10,4,26,1805,1,2,1,1.0,3.0,51454,M,,,51
201000035138,10,4,27,1905,1,2,1,1.0,2.0,51454,M,,,51
201000035139,10,4,30,1145,1,2,1,1.0,3.0,51454,M,,,51
201000035140,10,5,2,1450,1,2,3,1.0,3.0,51454,M,,,51
201000035141,10,5,7,2250,5,2,1,1.0,6.0,51454,M,,,51
201000035142,10,5,15,1750,1,2,1,1.0,6.0,51172,M,,,51
201000035143,10,5,16,1830,1,2,1,1.0,6.0,51454,M,,,51