Num_Acc,an,mois,jour,hrmn,lum,agg,int,atm,col,com,gps,lat,long,dep
201000035144,10,5,17,1330,1,2,1,1.0,3.0,51454,M,,,51
201000035145,10,5,17,1355,1,1,1,2.0,1.0,51055,M,,,51
201000035146,10,5,17,2110,2,2,1,1.0,6.0,51454,M,,,51
201000035147,10,5,22,855,1,2,6,1.0,3.0,51454,M,,,51
201000035148,10,6,9,1130,1,2,3,2.0,1.0,51454,M,,,51
201000035149,10,6,11,235,5,2,3,1.0,3.0,51454,M,,,51
201000035150,10,6,11,1220,1,2,1,1.0,2.0,51454,M,,,51
201000035151,10,6,10,1905,1,2,2,8.0,3.0,51454,M,,,51
201000035152,10,6,13,1640,1,2,1,1.0,6.0,51454,M,,,51
201000035153,10,6,21,1145,1,2,1,1.0,6.0,51454,M,,,51
201000035154,10,6,21,1300,1,2,1,1.0,6.0,51454,M,,,51
201000035155,10,6,21,1753,1,2,1,1.0,6.0,51454,M,,,51
201000035156,10,6,22,1515,1,1,1,1.0,3.0,51454,M,,,51
201000035157,10,6,21,715,1,2,9,1.0,3.0,51454,M,,,51
201000035158,10,6,24,1330,1,2,1,1.0,6.0,51454,M,,,51
201000035159,10,6,26,1340,1,2,1,1.0,3.0,51454,M,,,51
201000035160,10,6,27,1846,1,2,3,1.0,3.0,51454,M,,,51
201000035161,10,6,29,1550,1,2,1,1.0,6.0,51454,M,,,51
201000035162,10,7,2,1608,1,2,1,7.0,3.0,51454,M,,,51
201000035163,10,7,6,1315,1,2,2,1.0,3.0,51454,M,,,51
201000035164,10,7,7,735,1,2,3,1.0,3.0,51454,M,,,51
201000035165,10,7,8,1910,1,2,6,1.0,6.0,51454,M,,,51
201000035166,10,7,9,950,1,2,1,1.0,6.0,51172,M,,,51
201000035167,10,7,9,2020,1,2,1,1.0,7.0,51454,M,,,51
201000035168,10,7,10,1145,1,2,1,1.0,6.0,51573,M,,,51
201000035169,10,7,12,40,5,2,4,1.0,7.0,51573,M,,,51
201000035170,10,7,23,1740,1,2,1,1.0,6.0,51454,M,,,51
201000035171,10,7,25,1635,1,2,1,1.0,6.0,51454,M,,,51
201000035172,10,7,31,1830,1,1,1,2.0,3.0,51454,M,,,51
201000035173,10,8,1,530,3,1,1,1.0,1.0,51454,M,,,51
201000035174,10,8,3,1355,1,2,1,1.0,6.0,51454,M,,,51
201000035175,10,8,5,1555,1,1,1,1.0,7.0,51454,M,,,51
201000035176,10,8,6,235,5,2,1,1.0,6.0,51454,M,,,51
201000035177,10,8,9,120,3,1,1,1.0,7.0,51172,M,,,51
201000035178,10,8,15,1825,1,2,2,3.0,3.0,51055,M,,,51
201000035179,10,8,16,1650,1,2,3,1.0,6.0,51454,M,,,51
201000035180,10,8,17,2030,1,2,2,1.0,3.0,51172,M,,,51
201000035181,10,8,21,1345,1,2,2,1.0,3.0,51454,M,,,51
201000035182,10,8,30,1540,1,2,3,1.0,2.0,51454,M,,,51
201000035183,10,9,3,2230,5,2,1,1.0,6.0,51454,M,,,51
201000035184,10,9,6,800,1,2,3,1.0,1.0,51454,M,,,51
201000035185,10,9,7,2035,5,2,1,1.0,3.0,51454,M,,,51
201000035186,10,9,9,2300,5,2,6,1.0,3.0,51454,M,,,51
201000035187,10,9,13,1235,1,2,2,1.0,6.0,51454,M,,,51
201000035188,10,9,20,1833,1,2,1,1.0,2.0,51454,M,,,51
201000035189,10,9,20,1900,1,2,3,1.0,3.0,51454,M,,,51
201000035190,10,9,23,1705,1,1,1,2.0,3.0,51454,M,,,51
201000035191,10,9,24,840,1,2,6,2.0,6.0,51172,M,,,51
201000035192,10,9,24,1115,1,2,1,3.0,1.0,51454,M,,,51
201000035193,10,9,24,1315,1,2,1,2.0,6.0,51454,M,,,51
201000035194,10,9,30,1620,1,2,6,1.0,3.0,51454,M,,,51
201000035195,10,10,2,1435,1,2,1,1.0,4.0,51454,M,,,51
201000035196,10,10,5,1800,1,2,1,1.0,3.0,51454,M,,,51
201000035197,10,10,7,1800,1,2,1,1.0,2.0,51172,M,,,51
201000035198,10,10,8,1325,1,2,1,1.0,1.0,51454,M,,,51
201000035199,10,10,8,2020,5,2,1,1.0,6.0,51454,M,,,51
201000035200,10,10,9,1740,1,2,1,1.0,6.0,51454,M,,,51
201000035201,10,10,10,2,5,2,1,1.0,3.0,51172,M,,,51
201000035202,10,10,15,730,5,2,1,1.0,3.0,51454,M,,,51
201000035203,10,10,16,2100,5,2,1,1.0,6.0,51454,M,,,51
201000035204,10,10,19,1945,3,2,2,1.0,3.0,51454,M,,,51
201000035205,10,10,21,1645,1,2,1,1.0,6.0,51454,M,,,51
201000035206,10,10,22,1655,1,2,1,1.0,1.0,51454,M,,,51
201000035207,10,10,22,1749,1,2,1,1.0,2.0,51454,M,,,51
201000035208,10,10,23,2030,3,2,1,2.0,6.0,51454,M,,,51
201000035209,10,10,25,750,2,2,1,1.0,1.0,51454,M,,,51
201000035210,10,10,27,1305,1,2,2,1.0,3.0,51454,M,,,51
201000035211,10,10,28,1715,1,2,2,1.0,3.0,51454,M,,,51
201000035212,10,10,29,1340,1,2,3,1.0,2.0,51454,M,,,51
201000035213,10,10,30,615,3,1,1,1.0,6.0,51454,M,,,51
201000035214,10,11,6,1710,5,2,1,2.0,6.0,51454,M,,,51
201000035215,10,11,6,1900,5,2,3,2.0,3.0,51454,M,,,51
201000035216,10,11,7,2030,5,2,1,3.0,3.0,51454,M,,,51
201000035217,10,11,22,1655,2,2,3,1.0,3.0,51454,M,,,51
201000035218,10,11,22,1800,3,1,1,2.0,2.0,51055,M,,,51
201000035219,10,11,23,1545,1,2,1,1.0,6.0,51454,M,,,51
201000035220,10,11,29,1200,1,2,1,4.0,3.0,51454,M,,,51
201000035221,10,12,5,1635,1,2,9,8.0,6.0,51454,M,,,51
201000035222,10,12,10,1900,5,2,2,1.0,3.0,51454,M,,,51
201000035223,10,12,13,2040,5,2,1,1.0,6.0,51454,M,,,51
201000035224,10,12,13,1025,1,2,1,1.0,6.0,51454,M,0.0,0.0,51
201000035225,10,12,22,1730,5,2,1,2.0,3.0,51172,M,,,51
201000035226,10,1,12,945,1,2,1,1.0,6.0,52121,M,4810240.0,514457.0,52
201000035227,10,1,16,1710,2,2,1,3.0,6.0,52121,M,4809850.0,513523.0,52
201000035228,10,1,16,1853,3,1,6,3.0,1.0,52121,M,4812850.0,510566.0,52
201000035229,10,2,1,925,1,1,1,4.0,6.0,52121,M,4813000.0,514399.0,52
201000035230,10,2,16,1645,1,2,2,1.0,3.0,52121,M,4809520.0,514791.0,52
201000035231,10,2,22,1445,1,2,1,1.0,7.0,52121,M,4810690.0,514764.0,52
201000035232,10,3,3,750,1,1,1,6.0,7.0,52121,M,,,52
201000035233,10,3,31,1400,1,2,1,2.0,2.0,52121,M,4811140.0,514104.0,52
201000035234,10,4,22,1530,1,2,2,1.0,2.0,52121,M,4810280.0,513478.0,52
201000035235,10,6,9,1935,1,1,1,2.0,7.0,52121,M,4813480.0,513236.0,52
201000035236,10,1,6,210,5,2,1,1.0,6.0,52121,M,4811200.0,512339.0,52
201000035237,10,1,15,1220,1,1,1,1.0,1.0,52121,M,4813000.0,514409.0,52
201000035238,10,2,15,930,1,2,1,1.0,6.0,52121,M,4810510.0,513554.0,52
201000035239,10,2,28,1900,5,2,2,3.0,6.0,52121,M,4811670.0,515447.0,52
201000035240,10,3,19,1800,1,1,2,1.0,3.0,52121,M,4811980.0,513000.0,52
201000035241,10,4,17,1705,1,1,1,1.0,6.0,52121,M,4811670.0,512098.0,52
201000035242,10,5,4,1710,1,1,1,1.0,7.0,52125,M,4810510.0,517075.0,52
201000035243,10,5,25,930,1,2,2,1.0,3.0,52121,M,4809930.0,515331.0,52
201000035244,10,6,7,1600,1,2,1,1.0,6.0,52121,M,4809180.0,513889.0,52
201000035245,10,6,7,1817,1,2,1,1.0,6.0,52121,M,4811010.0,513620.0,52
201000035246,10,6,10,1635,1,2,3,2.0,3.0,52121,M,,,52
201000035247,10,6,13,950,1,2,2,1.0,3.0,52121,M,,,52
201000035248,10,7,15,1020,1,2,1,1.0,3.0,52121,M,4808200.0,512787.0,52
201000035249,10,7,22,1620,1,2,3,1.0,6.0,52121,M,4810980.0,514107.0,52
201000035250,10,7,24,1625,1,2,6,1.0,6.0,52121,M,4811100.0,513525.0,52
201000035251,10,9,7,1206,1,2,1,1.0,6.0,52121,M,4809850.0,515244.0,52
201000035252,10,9,10,1630,1,1,3,1.0,3.0,52121,M,4812970.0,519415.0,52
201000035253,10,10,2,1439,1,2,1,1.0,6.0,52121,M,4810490.0,512903.0,52
201000035254,10,10,23,240,5,1,1,1.0,6.0,52121,M,4812020.0,513030.0,52
201000035255,10,12,1,1730,3,1,1,1.0,7.0,52121,M,4813180.0,510816.0,52
201000035256,10,3,4,1640,1,2,1,1.0,7.0,52448,M,4864180.0,497827.0,52
201000035257,10,3,18,1525,1,2,1,1.0,3.0,52045,M,4865130.0,497381.0,52
201000035258,10,4,1,1145,1,2,1,2.0,6.0,52448,M,4863690.0,495070.0,52
201000035259,10,4,13,1400,1,2,1,1.0,7.0,52448,M,4864470.0,496927.0,52
201000035260,10,4,16,800,1,2,1,1.0,7.0,52448,M,4864430.0,494045.0,52
201000035261,10,5,26,1805,1,2,1,1.0,7.0,52045,M,4865080.0,496093.0,52
201000035262,10,6,5,825,1,2,6,1.0,3.0,52448,M,4863660.0,495570.0,52
201000035263,10,6,5,1425,1,2,1,1.0,3.0,52448,M,4864480.0,495377.0,52
201000035264,10,6,5,1630,1,2,1,1.0,6.0,52448,M,4864370.0,497286.0,52
201000035265,10,6,9,1035,1,2,1,1.0,6.0,52448,M,4863870.0,495980.0,52
201000035266,10,6,12,1100,1,2,1,1.0,3.0,52448,M,4863490.0,492003.0,52
201000035267,10,6,15,1715,1,2,1,1.0,6.0,52448,M,4863760.0,495739.0,52
201000035268,10,6,20,125,5,2,9,1.0,3.0,52448,M,4861860.0,492421.0,52
201000035269,10,6,24,1220,1,2,1,1.0,2.0,52448,M,4862970.0,498761.0,52
201000035270,10,6,30,1800,1,2,1,1.0,6.0,52448,M,4864760.0,496266.0,52
201000035271,10,7,11,1125,1,1,1,1.0,3.0,52534,M,4866010.0,490837.0,52
201000035272,10,7,23,1925,1,2,1,3.0,6.0,52448,M,4864060.0,495309.0,52
201000035273,10,8,13,1455,1,2,1,1.0,1.0,52448,M,4864450.0,496472.0,52
201000035274,10,9,18,1620,1,2,1,1.0,6.0,52448,M,4863640.0,494275.0,52
201000035275,10,10,9,1750,1,2,1,1.0,6.0,52448,M,4864400.0,495990.0,52
201000035276,10,10,14,1145,1,2,1,1.0,6.0,52448,M,4864570.0,496735.0,52
201000035277,10,10,23,1615,1,2,1,8.0,1.0,52448,M,4864520.0,497253.0,52
201000035278,10,11,17,1750,2,2,2,1.0,1.0,52448,M,4862470.0,497143.0,52
201000035279,10,12,5,710,5,2,1,9.0,7.0,52448,M,4864140.0,491639.0,52
201000035280,10,12,18,1412,1,2,1,9.0,3.0,52448,M,4863430.0,497756.0,52
201000035281,10,12,24,1710,5,2,1,4.0,3.0,52448,M,4862750.0,496879.0,52
201000035282,10,2,2,1010,1,1,1,1.0,7.0,53130,M,,,53
201000035283,10,2,17,1400,1,1,1,1.0,1.0,53034,M,,,53
201000035284,10,2,25,1050,1,2,1,3.0,6.0,53130,M,,,53
201000035285,10,3,8,1310,1,2,3,1.0,7.0,53130,M,,,53
201000035286,10,3,17,1825,1,1,2,1.0,3.0,53130,M,,,53
201000035287,10,3,30,1840,1,2,1,1.0,7.0,53130,M,,,53
201000035288,10,4,2,920,1,1,2,8.0,3.0,53130,M,,,53
201000035289,10,4,2,1520,1,2,1,1.0,6.0,53130,M,,,53
201000035290,10,4,4,1110,1,2,1,1.0,6.0,53130,M,,,53
201000035291,10,4,13,1800,1,2,1,1.0,2.0,53130,M,,,53
201000035292,10,5,10,840,1,2,3,2.0,6.0,53130,M,,,53
201000035293,10,5,21,1910,1,1,1,1.0,3.0,53130,M,,,53
201000035294,10,6,13,1850,1,1,1,1.0,1.0,53054,M,,,53
201000035295,10,6,10,900,1,1,1,2.0,6.0,53130,M,,,53
201000035296,10,7,9,2100,1,2,1,1.0,6.0,53130,M,,,53
201000035297,10,7,31,1905,1,2,1,1.0,2.0,53054,M,,,53
201000035298,10,8,4,1750,1,2,2,1.0,3.0,53054,M,,,53
201000035299,10,8,31,1800,1,2,1,1.0,6.0,53201,M,,,53
201000035300,10,10,8,1850,1,2,1,1.0,3.0,53130,M,,,53
201000035301,10,10,27,1455,1,2,1,1.0,6.0,53130,M,,,53
201000035302,10,11,10,2000,5,2,1,1.0,7.0,53130,M,,,53
201000035303,10,12,11,440,3,1,1,1.0,7.0,53054,M,,,53
201000035304,10,12,24,845,2,2,1,2.0,6.0,53130,M,,,53
201000035305,10,3,10,1800,5,2,3,1.0,3.0,54280,M,,,54
201000035306,10,5,7,1106,1,1,1,8.0,1.0,54099,M,4926430.0,592457.0,54
201000035307,10,4,26,953,1,2,1,1.0,7.0,54263,M,,,54
201000035308,10,6,4,2058,1,2,1,1.0,3.0,54280,M,,,54
201000035309,10,6,14,1545,1,2,1,1.0,3.0,54341,M,0.0,0.0,54
201000035310,10,6,14,1730,1,2,3,1.0,3.0,54280,M,4922750.0,601697.0,54
201000035311,10,7,25,220,5,2,1,1.0,7.0,54099,M,,,54
201000035312,10,8,6,2321,5,2,1,1.0,1.0,54099,M,,,54
201000035313,10,10,7,2015,5,2,1,1.0,7.0,54263,M,,,54
201000035314,10,10,29,1855,5,2,1,1.0,1.0,54263,M,,,54
201000035315,10,11,16,1900,5,2,1,8.0,3.0,54263,M,,,54
201000035316,10,1,29,1640,1,1,3,4.0,3.0,54253,M,,,54
201000035317,10,2,13,945,1,2,3,9.0,3.0,54542,M,,,54
201000035318,10,2,26,1045,1,1,1,3.0,1.0,54051,M,4916810.0,595889.0,54
201000035319,10,10,19,809,2,2,1,2.0,6.0,54273,M,,,54
201000035320,10,10,23,1250,1,2,3,1.0,3.0,54273,M,,,54
201000035321,10,11,4,1700,1,2,1,1.0,6.0,54273,M,,,54
201000035322,10,11,25,1150,1,1,3,1.0,5.0,54542,M,,,54
201000035323,10,4,13,1845,1,2,2,1.0,3.0,54159,M,4860770.0,635231.0,54
201000035324,10,4,28,2100,1,2,3,1.0,3.0,54159,M,,,54
201000035325,10,6,25,1510,1,2,3,1.0,3.0,54549,M,,,54
201000035326,10,9,1,1335,1,1,1,1.0,7.0,54159,M,,,54
201000035327,10,10,22,1700,1,2,3,1.0,5.0,54159,M,,,54
201000035328,10,11,27,1510,1,2,1,1.0,6.0,54323,M,,,54
201000035329,10,4,11,1255,1,2,1,2.0,1.0,54323,M,,,54
201000035330,10,4,10,1800,1,2,1,1.0,2.0,54382,M,,,54
201000035331,10,4,19,2100,2,2,1,1.0,7.0,54382,M,,,54
201000035332,10,4,2,1430,1,2,1,1.0,6.0,54323,M,,,54
201000035333,10,7,14,1010,1,2,2,1.0,3.0,54382,M,,,54
201000035334,10,7,22,2045,2,2,1,1.0,3.0,54323,M,,,54
201000035335,10,7,23,1345,1,1,1,3.0,1.0,54367,M,4950330.0,578907.0,54
201000035336,10,8,18,1040,1,2,1,1.0,6.0,54323,M,,,54
201000035337,10,10,11,1810,2,2,1,1.0,6.0,54323,M,,,54
201000035338,10,9,11,500,5,2,1,1.0,7.0,54451,M,4949940.0,575547.0,54
201000035339,10,10,7,955,1,2,6,1.0,7.0,54382,M,,,54
201000035340,10,9,26,1815,2,2,1,1.0,6.0,54493,M,,,54
201000035341,10,12,14,900,1,2,1,1.0,6.0,54382,M,,,54
201000035342,10,1,28,1700,2,2,3,1.0,3.0,54329,M,,,54
201000035343,10,3,12,550,5,2,3,5.0,1.0,54329,M,,,54
201000035344,10,6,20,1800,1,2,3,8.0,3.0,54116,M,,,54
201000035345,10,7,6,1630,1,2,6,1.0,3.0,54329,M,,,54
201000035346,10,9,17,1244,1,2,1,1.0,1.0,54329,M,4859210.0,650969.0,54
201000035347,10,9,16,1420,1,2,1,1.0,1.0,54329,M,,,54
201000035348,10,10,1,1507,1,2,1,1.0,1.0,54329,M,,,54
201000035349,10,11,6,1850,5,2,1,3.0,6.0,54329,M,,,54
201000035350,10,1,2,1045,1,2,2,7.0,6.0,54395,M,,,54
201000035351,10,1,2,2340,5,2,1,2.0,3.0,54395,M,,,54
201000035352,10,1,4,200,5,2,1,1.0,6.0,54395,M,,,54
201000035353,10,1,4,700,5,1,1,1.0,1.0,54395,M,,,54
201000035354,10,1,4,810,1,2,3,1.0,6.0,54339,M,,,54
201000035355,10,1,4,1410,1,2,1,1.0,2.0,54526,M,,,54
201000035356,10,1,4,1840,5,2,1,1.0,1.0,54304,M,,,54
201000035357,10,1,5,740,3,1,2,4.0,3.0,54357,M,,,54
201000035358,10,1,5,830,1,2,3,1.0,3.0,54395,M,,,54
201000035359,10,1,5,1250,1,2,4,1.0,3.0,54357,M,,,54
201000035360,10,1,5,1355,1,2,1,1.0,6.0,54395,M,,,54
201000035361,10,1,5,1840,3,1,1,9.0,3.0,54328,M,,,54
201000035362,10,1,5,1910,5,1,1,1.0,2.0,54578,M,,,54
201000035363,10,1,6,830,1,2,3,1.0,2.0,54547,M,,,54
201000035364,10,1,7,1520,1,2,1,1.0,6.0,54395,M,,,54
201000035365,10,1,12,815,1,2,2,1.0,6.0,54395,M,,,54
201000035366,10,1,16,1110,1,2,2,1.0,3.0,54395,M,,,54
201000035367,10,1,16,2100,5,2,2,2.0,6.0,54395,M,,,54
201000035368,10,1,16,2055,5,2,2,2.0,3.0,54395,M,,,54
201000035369,10,1,17,615,5,2,1,2.0,2.0,54395,M,,,54
201000035370,10,1,18,800,2,2,2,1.0,3.0,54357,M,,,54
201000035371,10,1,18,1750,5,1,3,1.0,6.0,54025,M,,,54
201000035372,10,1,22,1330,1,2,2,1.0,6.0,54547,M,,,54
201000035373,10,1,22,1550,1,2,1,1.0,6.0,54395,M,,,54
201000035374,10,1,23,1005,1,2,2,1.0,3.0,54328,M,,,54
201000035375,10,1,27,750,1,2,1,1.0,6.0,54395,M,,,54
201000035376,10,1,27,2240,5,2,2,1.0,3.0,54395,M,,,54
201000035377,10,1,28,1340,1,2,1,9.0,6.0,54547,M,,,54
201000035378,10,1,28,1815,5,2,1,4.0,4.0,54184,M,,,54
201000035379,10,1,28,2130,5,2,1,2.0,3.0,54395,M,,,54
201000035380,10,1,29,1730,2,2,3,2.0,6.0,54184,M,,,54
201000035381,10,1,31,1950,5,2,1,1.0,6.0,54257,M,,,54
201000035382,10,1,31,1500,1,2,2,1.0,3.0,54304,M,,,54
201000035383,10,2,1,805,1,1,1,4.0,6.0,54547,M,,,54
201000035384,10,2,1,1300,1,1,1,4.0,7.0,54025,M,4866040.0,627508.0,54
201000035385,10,2,2,2130,5,2,1,1.0,6.0,54547,M,,,54
201000035386,10,2,8,1100,1,2,1,1.0,2.0,54395,M,,,54
201000035387,10,2,6,740,1,2,3,1.0,3.0,54184,M,,,54
201000035388,10,2,6,1740,2,2,1,1.0,2.0,54395,M,,,54
201000035389,10,2,8,745,2,2,3,1.0,6.0,54395,M,,,54
201000035390,10,2,8,1800,5,2,2,1.0,2.0,54526,M,,,54
201000035391,10,2,10,2130,5,2,2,1.0,1.0,54578,M,,,54
201000035392,10,2,12,2230,5,2,1,4.0,7.0,54498,M,,,54
201000035393,10,2,12,1135,1,2,1,4.0,6.0,54395,M,,,54
201000035394,10,2,12,1800,1,2,1,4.0,2.0,54526,M,,,54
201000035395,10,2,15,1510,1,2,1,1.0,6.0,54547,M,,,54
201000035396,10,2,16,755,1,2,1,1.0,1.0,54339,M,,,54
201000035397,10,2,16,1410,1,2,1,1.0,4.0,54547,M,,,54
201000035398,10,2,17,700,1,2,2,2.0,3.0,54395,M,,,54
201000035399,10,2,17,1205,1,2,1,2.0,6.0,54482,M,,,54
201000035400,10,2,17,1710,1,2,3,2.0,3.0,54395,M,,,54
201000035401,10,2,18,905,1,2,2,1.0,,54395,M,,,54
201000035402,10,2,19,1343,1,2,2,1.0,2.0,54578,M,,,54
201000035403,10,2,20,1330,1,2,2,4.0,3.0,54547,M,,,54
201000035404,10,2,22,1130,1,2,2,8.0,6.0,54395,M,,,54
201000035405,10,2,22,1615,1,2,1,1.0,6.0,54395,M,,,54
201000035406,10,2,23,1420,1,1,1,8.0,1.0,54328,M,,,54
201000035407,10,2,23,1720,1,2,1,1.0,2.0,54395,M,,,54
201000035408,10,2,23,1750,2,2,3,1.0,2.0,54395,M,,,54
201000035409,10,2,24,1515,1,2,1,1.0,6.0,54395,M,,,54
201000035410,10,2,26,1925,5,1,1,2.0,3.0,54184,M,,,54
201000035411,10,2,27,219,5,2,1,1.0,3.0,54482,M,,,54
201000035412,10,2,27,1250,1,2,2,1.0,6.0,54578,M,,,54
201000035413,10,2,27,1450,1,2,1,1.0,3.0,54357,M,,,54
201000035414,10,3,1,1000,1,2,1,1.0,6.0,54547,M,,,54
201000035415,10,3,2,1125,1,2,2,1.0,2.0,54547,M,,,54
201000035416,10,3,2,1430,1,2,2,1.0,3.0,54578,M,,,54
201000035417,10,3,2,1535,1,2,3,1.0,2.0,54395,M,,,54
201000035418,10,3,3,1740,1,1,2,1.0,6.0,54395,M,,,54
201000035419,10,3,3,1900,5,2,3,1.0,3.0,54547,M,,,54
201000035420,10,3,4,236,5,2,2,1.0,3.0,54395,M,,,54
201000035421,10,3,4,835,1,2,2,1.0,3.0,54395,M,,,54
201000035422,10,3,4,1045,1,2,1,1.0,6.0,54547,M,,,54
201000035423,10,3,4,1900,5,2,3,1.0,3.0,54395,M,,,54
201000035424,10,3,4,2100,5,2,2,1.0,3.0,54395,M,,,54
201000035425,10,3,6,1415,1,2,1,1.0,2.0,54395,M,,,54
201000035426,10,3,7,2050,5,2,1,1.0,3.0,54357,M,4871330.0,615327.0,54
201000035427,10,3,8,950,1,2,2,1.0,2.0,54395,M,,,54
201000035428,10,3,8,1815,1,2,1,1.0,7.0,54482,M,,,54
201000035429,10,3,2,900,1,2,1,1.0,6.0,54304,M,,,54
201000035430,10,3,9,1630,1,2,2,1.0,2.0,54547,M,,,54
201000035431,10,3,12,715,1,2,4,1.0,6.0,54395,M,,,54
201000035432,10,3,12,2230,5,2,1,1.0,4.0,54395,M,,,54
201000035433,10,3,13,1415,1,1,2,1.0,1.0,54304,M,,,54
201000035434,10,3,13,525,5,2,2,1.0,3.0,54395,M,,,54
201000035435,10,3,15,915,1,2,1,1.0,2.0,54304,M,,,54
201000035436,10,3,16,1455,1,1,6,1.0,7.0,54339,M,,,54
201000035437,10,3,16,1505,1,2,1,1.0,2.0,54395,M,,,54
201000035438,10,3,16,1635,1,2,2,1.0,3.0,54547,M,,,54
201000035439,10,3,17,825,1,1,6,1.0,2.0,54339,M,4871520.0,618495.0,54
201000035440,10,3,17,855,1,2,2,1.0,6.0,54395,M,,,54
201000035441,10,3,17,1550,1,2,1,1.0,6.0,54395,M,,,54
201000035442,10,3,19,1255,1,2,2,1.0,5.0,54395,M,,,54
201000035443,10,3,19,1556,1,2,1,1.0,3.0,54482,M,,,54
201000035444,10,3,20,400,5,2,1,2.0,2.0,54395,M,,,54
201000035445,10,3,20,1945,5,2,3,2.0,6.0,54395,M,,,54
201000035446,10,3,21,330,5,2,1,1.0,6.0,54578,M,4866890.0,614895.0,54
201000035447,10,3,22,1244,1,2,1,1.0,6.0,54578,M,,,54
201000035448,10,3,22,1545,1,2,3,1.0,3.0,54300,M,4864170.0,626470.0,54
201000035449,10,3,23,745,1,2,2,1.0,6.0,54547,M,,,54
201000035450,10,3,24,1820,2,2,1,1.0,2.0,54274,M,4867070.0,620634.0,54
201000035451,10,3,25,1800,1,2,1,1.0,4.0,54482,M,,,54
201000035452,10,3,26,1200,1,2,2,2.0,3.0,54357,M,4871250.0,616257.0,54
201000035453,10,3,26,1528,1,2,1,1.0,6.0,54395,M,,,54
201000035454,10,3,26,1525,1,2,1,1.0,3.0,54395,M,,,54
201000035455,10,3,26,1915,5,2,1,3.0,1.0,54498,M,,,54
201000035456,10,3,29,1040,1,2,2,2.0,3.0,54395,M,,,54
201000035457,10,3,29,1126,1,2,2,2.0,3.0,54257,M,,,54
201000035458,10,3,31,1244,1,2,1,1.0,2.0,54395,M,,,54
201000035459,10,4,1,827,1,2,3,1.0,3.0,54547,M,,,54
201000035460,10,4,1,1101,1,2,2,1.0,6.0,54395,M,,,54
201000035461,10,4,1,1617,1,2,1,8.0,6.0,54395,M,,,54
201000035462,10,4,2,1015,1,2,2,1.0,3.0,54395,M,,,54
201000035463,10,4,2,1830,1,1,3,2.0,2.0,54547,M,,,54
201000035464,10,4,3,2230,5,2,3,2.0,3.0,54395,M,,,54
201000035465,10,4,6,1630,1,2,2,1.0,6.0,54395,M,,,54
201000035466,10,4,6,2130,5,2,1,1.0,1.0,54578,M,,,54
201000035467,10,4,7,1545,1,2,3,1.0,2.0,54395,M,,,54
201000035468,10,4,7,1800,1,2,1,1.0,6.0,54395,M,,,54
201000035469,10,4,8,1225,1,2,2,1.0,3.0,54482,M,,,54
201000035470,10,4,9,759,1,2,1,1.0,6.0,54395,M,,,54
201000035471,10,4,10,635,2,2,2,1.0,3.0,54395,M,,,54
201000035472,10,4,10,1350,1,2,1,1.0,3.0,54184,M,,,54
201000035473,10,4,10,1400,1,2,1,1.0,3.0,54184,M,,,54
201000035474,10,4,12,1520,1,2,2,2.0,6.0,54395,M,,,54
201000035475,10,4,13,1440,1,2,2,2.0,6.0,54482,M,,,54
201000035476,10,4,16,1350,1,1,1,1.0,6.0,54547,M,,,54
201000035477,10,4,19,2030,5,2,1,1.0,3.0,54526,M,,,54
201000035478,10,4,20,1910,1,2,1,1.0,6.0,54395,M,,,54
201000035479,10,4,21,1112,1,2,2,1.0,3.0,54357,M,4870600.0,614011.0,54
201000035480,10,4,21,1120,1,2,4,1.0,2.0,54547,M,4866580.0,616677.0,54
201000035481,10,4,22,935,1,2,1,1.0,2.0,54395,M,,,54
201000035482,10,4,22,1600,1,2,1,1.0,3.0,54304,M,,,54
201000035483,10,4,23,820,1,2,1,1.0,3.0,54395,M,,,54
201000035484,10,4,23,1435,1,2,3,1.0,2.0,54339,M,4870820.0,618456.0,54
201000035485,10,4,23,1830,1,2,4,1.0,6.0,54578,M,,,54
201000035486,10,4,24,2330,5,2,2,1.0,3.0,54395,M,,,54
201000035487,10,4,25,1542,1,2,2,1.0,3.0,54395,M,,,54
201000035488,10,4,26,850,1,2,2,1.0,4.0,54526,M,,,54
201000035489,10,4,27,2030,1,2,1,1.0,6.0,54274,M,,,54
201000035490,10,4,28,800,1,2,1,1.0,3.0,54357,M,4871600.0,616908.0,54
201000035491,10,4,28,1245,1,2,2,1.0,4.0,54526,M,,,54
201000035492,10,4,28,1640,1,2,1,1.0,6.0,54395,M,,,54
201000035493,10,4,29,1000,1,1,1,1.0,6.0,54547,M,,,54
201000035494,10,4,29,1640,1,2,1,1.0,6.0,54547,M,,,54
201000035495,10,4,30,1410,1,2,1,1.0,6.0,54395,M,,,54
201000035496,10,4,30,1110,1,2,4,1.0,2.0,54395,M,,,54
201000035497,10,4,30,1220,1,2,1,1.0,6.0,54395,M,,,54
201000035498,10,4,30,1500,1,2,3,1.0,6.0,54547,M,,,54
201000035499,10,4,30,1825,1,2,1,1.0,4.0,54547,M,,,54
201000035500,10,4,30,2030,1,2,3,1.0,2.0,54395,M,,,54
201000035501,10,5,2,1625,1,2,3,1.0,4.0,54395,M,,,54
201000035502,10,5,4,1902,1,2,1,1.0,3.0,54395,M,,,54
201000035503,10,5,5,1715,1,2,1,1.0,1.0,54357,M,,,54
201000035504,10,5,7,1415,1,2,3,8.0,6.0,54304,M,,,54
201000035505,10,5,11,755,1,2,2,1.0,2.0,54304,M,,,54