Num_Acc,an,mois,jour,hrmn,lum,agg,int,atm,col,com,gps,lat,long,dep
201000035506,10,5,11,1030,1,2,1,1.0,2.0,54547,M,,,54
201000035507,10,5,11,1200,1,2,1,1.0,2.0,54547,M,,,54
201000035508,10,5,11,1610,1,2,1,1.0,2.0,54395,M,,,54
201000035509,10,5,12,810,1,2,1,1.0,4.0,54395,M,,,54
201000035510,10,5,13,1600,1,2,2,1.0,6.0,54395,M,,,54
201000035511,10,5,13,1820,1,2,1,1.0,2.0,54526,M,4868920.0,621555.0,54
201000035512,10,5,14,50,5,2,1,1.0,6.0,54197,M,,,54
201000035513,10,5,15,1645,1,2,1,1.0,6.0,54547,M,,,54
201000035514,10,5,17,1437,1,2,2,1.0,3.0,54395,M,,,54
201000035515,10,5,18,1315,1,2,1,1.0,3.0,54304,M,,,54
201000035516,10,5,18,1915,1,2,3,1.0,3.0,54547,M,,,54
201000035517,10,5,19,1215,1,2,2,1.0,2.0,54395,M,,,54
201000035518,10,5,20,1545,1,2,1,1.0,2.0,54395,M,,,54
201000035519,10,5,20,1630,1,2,5,1.0,3.0,54526,M,,,54
201000035520,10,5,21,1450,1,2,3,1.0,6.0,54395,M,,,54
201000035521,10,5,22,1445,1,2,2,7.0,3.0,54257,M,,,54
201000035522,10,5,23,2020,1,2,1,1.0,6.0,54578,M,,,54
201000035523,10,5,24,1540,1,2,2,1.0,3.0,54357,M,,,54
201000035524,10,5,24,1605,1,2,2,1.0,3.0,54547,M,,,54
201000035525,10,5,24,2220,5,2,2,1.0,3.0,54526,M,,,54
201000035526,10,5,25,1825,1,2,2,1.0,5.0,54328,M,,,54
201000035527,10,5,28,1815,1,2,1,1.0,2.0,54395,M,,,54
201000035528,10,5,29,1352,1,2,1,1.0,6.0,54304,M,,,54
201000035529,10,5,31,750,1,2,2,1.0,3.0,54304,M,,,54
201000035530,10,5,31,1240,1,2,3,1.0,3.0,54395,M,,,54
201000035531,10,6,1,605,1,2,1,1.0,3.0,54395,M,,,54
201000035532,10,6,2,910,1,2,1,1.0,4.0,54395,M,,,54
201000035533,10,6,3,2100,1,2,1,1.0,6.0,54395,M,,,54
201000035534,10,6,5,1455,1,2,2,1.0,6.0,54184,M,,,54
201000035535,10,6,6,1820,1,2,2,1.0,6.0,54395,M,,,54
201000035536,10,6,8,1750,1,2,3,1.0,4.0,54339,M,,,54
201000035537,10,6,10,1440,1,2,1,1.0,6.0,54304,M,,,54
201000035538,10,6,11,1405,1,2,1,1.0,6.0,54184,M,,,54
201000035539,10,6,11,1600,1,2,1,1.0,7.0,54395,M,,,54
201000035540,10,6,11,2320,5,2,1,1.0,5.0,54495,M,,,54
201000035541,10,6,12,2340,5,2,3,1.0,3.0,54304,M,,,54
201000035542,10,6,13,1255,1,2,1,1.0,2.0,54395,M,,,54
201000035543,10,6,14,1530,1,2,1,1.0,2.0,54395,M,,,54
201000035544,10,6,14,1125,1,2,1,1.0,6.0,54482,M,,,54
201000035545,10,6,14,1200,1,2,2,1.0,3.0,54482,M,,,54
201000035546,10,6,14,1230,1,2,1,1.0,3.0,54257,M,,,54
201000035547,10,6,14,1345,1,2,1,1.0,6.0,54395,M,,,54
201000035548,10,6,15,1830,1,2,3,1.0,4.0,54547,M,,,54
201000035549,10,6,15,1840,1,2,1,1.0,3.0,54304,M,,,54
201000035550,10,6,16,1025,1,2,1,1.0,7.0,54578,M,,,54
201000035551,10,6,18,1840,1,2,1,1.0,2.0,54184,M,,,54
201000035552,10,6,19,600,2,2,1,2.0,6.0,54304,M,,,54
201000035553,10,6,21,755,1,2,1,1.0,2.0,54395,M,,,54
201000035554,10,6,22,745,1,2,1,1.0,2.0,54357,M,,,54
201000035555,10,6,23,1800,1,2,2,1.0,2.0,54257,M,,,54
201000035556,10,6,23,1815,1,2,2,1.0,3.0,54395,M,,,54
201000035557,10,6,24,1300,1,2,3,1.0,6.0,54482,M,,,54
201000035558,10,6,26,1625,1,2,1,1.0,7.0,54547,M,,,54
201000035559,10,6,28,1325,1,2,6,1.0,3.0,54395,M,,,54
201000035560,10,6,28,1915,1,2,2,1.0,6.0,54526,M,,,54
201000035561,10,6,29,1310,1,2,1,1.0,3.0,54304,M,,,54
201000035562,10,7,1,1850,1,2,1,1.0,6.0,54339,M,,,54
201000035563,10,7,2,1520,1,2,2,1.0,6.0,54395,M,,,54
201000035564,10,7,3,1556,1,2,3,1.0,6.0,54547,M,4866972.0,616990.0,54
201000035565,10,7,5,1200,1,2,1,1.0,6.0,54395,M,,,54
201000035566,10,7,5,1645,1,2,1,1.0,4.0,54395,M,,,54
201000035567,10,7,5,1840,1,2,1,1.0,6.0,54395,M,,,54
201000035568,10,7,6,1150,1,2,1,1.0,2.0,54304,M,,,54
201000035569,10,7,7,1725,1,2,1,7.0,5.0,54547,M,,,54
201000035570,10,7,8,815,1,2,3,7.0,3.0,54357,M,,,54
201000035571,10,7,12,838,1,2,1,1.0,6.0,54395,M,,,54
201000035572,10,7,12,1825,1,2,2,2.0,2.0,54495,M,,,54
201000035573,10,7,14,2115,1,2,1,2.0,7.0,54526,M,,,54
201000035574,10,7,15,50,5,1,1,1.0,2.0,54357,M,,,54
201000035575,10,7,15,650,1,2,2,1.0,3.0,54495,M,,,54
201000035576,10,7,16,1800,1,2,1,1.0,2.0,54395,M,,,54
201000035577,10,7,16,1006,1,2,3,1.0,5.0,54395,M,,,54
201000035578,10,7,19,1710,1,2,1,1.0,6.0,54395,M,,,54
201000035579,10,7,19,1919,1,2,1,1.0,6.0,54547,M,,,54
201000035580,10,7,20,1055,1,2,2,1.0,3.0,54395,M,,,54
201000035581,10,7,23,1725,1,2,1,2.0,2.0,54395,M,,,54
201000035582,10,7,24,1620,1,2,1,1.0,1.0,54578,M,,,54
201000035583,10,7,27,1735,1,2,1,1.0,6.0,54274,M,,,54
201000035584,10,7,30,1220,1,2,6,1.0,2.0,54184,M,,,54
201000035585,10,7,30,1845,1,2,2,1.0,2.0,54395,M,,,54
201000035586,10,7,31,1545,1,2,1,1.0,7.0,54357,M,,,54
201000035587,10,7,31,1600,1,2,3,1.0,3.0,54547,M,,,54
201000035588,10,8,2,2200,5,2,1,1.0,6.0,54395,M,,,54
201000035589,10,8,3,1320,1,2,1,1.0,1.0,54328,M,,,54
201000035590,10,8,3,1630,1,2,1,1.0,3.0,54300,M,,,54
201000035591,10,8,4,235,5,1,6,1.0,6.0,54339,M,0.0,0.0,54
201000035592,10,8,4,1548,1,1,1,1.0,1.0,54339,M,,,54
201000035593,10,8,4,1520,1,2,1,1.0,6.0,54339,M,,,54
201000035594,10,8,5,945,1,2,1,1.0,6.0,54395,M,,,54
201000035595,10,8,5,1320,1,2,2,1.0,3.0,54395,M,,,54
201000035596,10,8,6,745,1,2,3,1.0,6.0,54482,M,,,54
201000035597,10,8,7,40,5,2,1,1.0,4.0,54547,M,,,54
201000035598,10,8,10,1510,1,2,1,1.0,2.0,54395,M,,,54
201000035599,10,8,11,1100,1,2,1,1.0,2.0,54395,M,,,54
201000035600,10,8,11,1701,1,2,3,1.0,3.0,54395,M,,,54
201000035601,10,8,12,825,1,2,1,1.0,6.0,54395,M,,,54
201000035602,10,8,14,1210,1,2,1,1.0,6.0,54184,M,,,54
201000035603,10,8,17,1250,1,2,1,1.0,3.0,54395,M,,,54
201000035604,10,8,18,1720,1,2,1,1.0,5.0,54395,M,,,54
201000035605,10,8,20,855,1,2,6,1.0,6.0,54498,M,,,54
201000035606,10,8,19,1715,1,1,1,1.0,4.0,54547,M,,,54
201000035607,10,8,20,1208,1,2,1,1.0,2.0,54547,M,,,54
201000035608,10,8,20,1550,1,2,1,1.0,2.0,54395,M,,,54
201000035609,10,8,20,1720,1,2,2,1.0,3.0,54526,M,,,54
201000035610,10,8,20,1830,1,2,2,1.0,6.0,54257,M,,,54
201000035611,10,8,24,1730,1,2,3,1.0,6.0,54395,M,,,54
201000035612,10,8,24,1952,1,2,1,1.0,2.0,54357,M,,,54
201000035613,10,8,25,1240,1,2,2,1.0,3.0,54304,M,,,54
201000035614,10,8,25,1840,1,2,2,1.0,3.0,54304,M,,,54
201000035615,10,8,20,1900,1,2,1,1.0,6.0,54395,M,,,54
201000035616,10,8,28,1200,1,2,1,1.0,3.0,54395,M,,,54
201000035617,10,8,28,2100,2,2,2,1.0,3.0,54395,M,,,54
201000035618,10,8,30,1415,1,2,1,1.0,6.0,54547,M,,,54
201000035619,10,8,30,1237,1,2,2,1.0,3.0,54395,M,,,54
201000035620,10,8,30,2045,5,2,1,2.0,1.0,54357,M,,,54
201000035621,10,8,31,1530,1,2,1,1.0,2.0,54395,M,,,54
201000035622,10,8,31,1535,1,2,2,1.0,3.0,54495,M,,,54
201000035623,10,8,31,1700,1,2,2,1.0,6.0,54395,M,,,54
201000035624,10,9,1,1655,1,2,1,7.0,2.0,54395,M,,,54
201000035625,10,9,1,1905,1,2,2,1.0,6.0,54328,M,,,54
201000035626,10,9,1,1945,2,2,2,1.0,1.0,54357,M,,,54
201000035627,10,9,3,1415,1,2,1,1.0,6.0,54395,M,,,54
201000035628,10,9,2,1350,1,2,1,1.0,1.0,54184,M,,,54
201000035629,10,9,2,1445,1,1,1,1.0,7.0,54304,M,,,54
201000035630,10,9,3,1830,1,2,9,1.0,6.0,54395,M,,,54
201000035631,10,9,4,955,1,2,1,1.0,7.0,54526,M,,,54
201000035632,10,9,4,1430,1,2,3,1.0,2.0,54395,M,,,54
201000035633,10,9,5,1650,1,2,3,1.0,1.0,54395,M,,,54
201000035634,10,9,6,910,1,2,1,1.0,4.0,54395,M,,,54
201000035635,10,9,6,945,1,2,1,1.0,6.0,54395,M,,,54
201000035636,10,9,6,1210,1,2,1,1.0,2.0,54395,M,,,54
201000035637,10,9,7,1820,1,2,1,3.0,6.0,54395,M,,,54
201000035638,10,9,7,1838,1,2,1,2.0,7.0,54547,M,,,54
201000035639,10,9,8,1345,1,2,1,1.0,2.0,54328,M,,,54
201000035640,10,9,8,1410,1,2,2,1.0,6.0,54395,M,,,54
201000035641,10,9,9,1435,1,2,1,1.0,6.0,54395,M,,,54
201000035642,10,9,9,625,5,2,7,1.0,3.0,54395,M,,,54
201000035643,10,9,9,1400,1,2,1,8.0,7.0,54395,M,,,54
201000035644,10,9,9,1600,1,2,2,2.0,6.0,54395,M,,,54
201000035645,10,9,11,1240,1,2,3,1.0,1.0,54339,M,4872170.0,618027.0,54
201000035646,10,9,11,1420,1,2,2,7.0,3.0,54395,M,,,54
201000035647,10,9,11,1520,1,2,1,9.0,4.0,54498,M,,,54
201000035648,10,9,12,1130,1,2,3,1.0,2.0,54328,M,,,54
201000035649,10,9,13,1205,1,2,3,1.0,2.0,54304,M,,,54
201000035650,10,9,14,930,1,2,1,8.0,2.0,54395,M,,,54
201000035651,10,9,14,1140,1,2,1,1.0,6.0,54395,M,,,54
201000035652,10,9,15,950,1,2,2,2.0,3.0,54395,M,,,54
201000035653,10,9,16,750,1,2,2,1.0,3.0,54395,M,,,54
201000035654,10,9,16,1305,1,2,2,1.0,6.0,54482,M,,,54
201000035655,10,9,18,1310,1,2,1,1.0,6.0,54395,M,,,54
201000035656,10,9,18,1550,1,2,3,1.0,2.0,54395,M,,,54
201000035657,10,9,19,1600,1,2,1,1.0,4.0,54395,M,,,54
201000035658,10,9,19,1850,1,2,2,1.0,3.0,54304,M,,,54
201000035659,10,9,20,750,1,2,2,1.0,6.0,54395,M,,,54
201000035660,10,9,20,1400,1,2,1,1.0,2.0,54395,M,,,54
201000035661,10,9,21,1145,1,2,1,1.0,6.0,54482,M,,,54
201000035662,10,9,21,1645,1,2,1,1.0,2.0,54395,M,,,54
201000035663,10,9,22,1220,1,2,3,1.0,3.0,54395,M,,,54
201000035664,10,9,22,2015,5,2,2,1.0,3.0,54395,M,,,54
201000035665,10,9,23,1815,2,2,3,1.0,6.0,54395,M,,,54
201000035666,10,9,24,2205,5,2,1,1.0,5.0,54304,M,,,54
201000035667,10,9,27,940,1,2,3,9.0,3.0,54547,M,,,54
201000035668,10,9,27,1840,1,1,1,1.0,3.0,54395,M,,,54
201000035669,10,9,23,1830,1,2,1,1.0,6.0,54395,M,,,54
201000035670,10,9,29,1455,1,1,6,1.0,3.0,54526,M,4868348.0,622140.0,54
201000035671,10,9,30,1630,1,2,1,9.0,2.0,54395,M,,,54
201000035672,10,9,30,1748,1,2,6,2.0,6.0,54547,M,,,54
201000035673,10,10,1,1455,1,2,2,1.0,3.0,54395,M,,,54
201000035674,10,10,1,1740,1,2,1,1.0,6.0,54304,M,,,54
201000035675,10,10,2,1550,1,2,3,1.0,3.0,54328,M,,,54
201000035676,10,10,3,540,5,2,1,1.0,6.0,54339,M,,,54
201000035677,10,10,3,1630,1,2,2,1.0,3.0,54304,M,,,54
201000035678,10,10,4,515,5,2,2,1.0,3.0,54304,M,,,54
201000035679,10,10,4,900,1,2,1,1.0,3.0,54395,M,,,54
201000035680,10,10,14,1814,1,2,3,1.0,3.0,54395,M,,,54
201000035681,10,10,4,1845,1,2,1,1.0,3.0,54547,M,,,54
201000035682,10,10,5,1825,1,2,1,1.0,5.0,54395,M,,,54
201000035683,10,10,6,709,2,2,2,1.0,3.0,54395,M,,,54
201000035684,10,10,7,1125,1,2,1,1.0,4.0,54395,M,,,54
201000035685,10,10,7,1620,1,2,1,1.0,6.0,54547,M,,,54
201000035686,10,10,7,1740,1,2,1,1.0,5.0,54357,M,,,54
201000035687,10,10,7,1720,2,1,1,1.0,2.0,54395,M,,,54
201000035688,10,10,1,1600,1,2,1,1.0,6.0,54395,M,,,54
201000035689,10,10,8,2005,2,2,1,1.0,6.0,54395,M,,,54
201000035690,10,10,9,1130,1,2,1,1.0,1.0,54328,M,,,54
201000035691,10,10,10,525,5,1,1,5.0,7.0,54328,M,,,54
201000035692,10,10,10,1620,1,2,2,7.0,3.0,54265,M,,,54
201000035693,10,10,11,1310,1,2,1,1.0,2.0,54395,M,,,54
201000035694,10,10,11,1630,1,2,2,1.0,7.0,54395,M,,,54
201000035695,10,10,11,1857,5,2,1,1.0,3.0,54547,M,,,54
201000035696,10,10,12,1035,1,2,1,7.0,6.0,54395,M,,,54
201000035697,10,10,12,1158,1,2,3,1.0,3.0,54304,M,,,54
201000035698,10,10,12,1215,1,2,1,1.0,2.0,54395,M,,,54
201000035699,10,10,12,1815,1,2,2,1.0,6.0,54184,M,,,54
201000035700,10,10,13,800,1,2,2,1.0,6.0,54395,M,,,54
201000035701,10,10,13,1640,1,1,2,1.0,3.0,54357,M,,,54
201000035702,10,10,14,1205,1,2,1,1.0,6.0,54395,M,,,54
201000035703,10,10,14,1200,1,2,4,1.0,2.0,54395,M,,,54
201000035704,10,10,14,1350,1,2,3,9.0,7.0,54395,M,,,54
201000035705,10,10,14,1725,1,2,3,1.0,5.0,54339,M,,,54
201000035706,10,10,14,2225,5,2,2,1.0,1.0,54395,M,,,54
201000035707,10,10,15,1735,1,2,2,1.0,5.0,54257,M,,,54
201000035708,10,10,15,1925,5,2,1,1.0,3.0,54395,M,,,54
201000035709,10,10,15,2115,5,2,2,1.0,3.0,54395,M,,,54
201000035710,10,10,16,1050,1,2,1,2.0,6.0,54395,M,,,54
201000035711,10,10,16,2315,5,1,6,2.0,7.0,54495,M,,,54
201000035712,10,10,16,1210,1,2,1,1.0,2.0,54357,M,,,54
201000035713,10,10,17,1115,1,2,2,1.0,3.0,54395,M,,,54
201000035714,10,10,17,1240,1,2,2,1.0,2.0,54526,M,,,54
201000035715,10,10,18,2040,5,2,1,1.0,6.0,54578,M,,,54
201000035716,10,10,19,730,2,2,2,2.0,2.0,54395,M,,,54
201000035717,10,10,19,745,2,2,1,2.0,3.0,54395,M,,,54
201000035718,10,10,19,1645,1,2,1,3.0,6.0,54547,M,,,54
201000035719,10,10,20,750,2,2,1,2.0,2.0,54395,M,,,54
201000035720,10,10,21,1550,1,2,2,1.0,3.0,54439,M,,,54
201000035721,10,10,21,915,1,2,1,1.0,7.0,54274,M,,,54
201000035722,10,10,21,1920,1,2,3,9.0,3.0,54328,M,,,54
201000035723,10,10,21,1140,1,2,3,1.0,6.0,54395,M,,,54
201000035724,10,10,26,1815,5,2,3,1.0,2.0,54304,M,,,54
201000035725,10,10,27,1625,1,2,1,1.0,6.0,54395,M,,,54
201000035726,10,10,28,1129,1,2,1,9.0,3.0,54395,M,,,54
201000035727,10,10,30,1000,1,2,3,1.0,6.0,54300,M,,,54
201000035728,10,10,30,1505,1,2,2,1.0,2.0,54395,M,,,54
201000035729,10,10,30,2225,5,2,3,2.0,3.0,54482,M,,,54
201000035730,10,11,2,1255,1,2,3,1.0,3.0,54578,M,,,54
201000035731,10,11,4,945,1,2,2,2.0,5.0,54547,M,,,54
201000035732,10,11,5,1130,1,2,4,1.0,6.0,54357,M,,,54
201000035733,10,11,6,1250,1,2,1,2.0,6.0,54304,M,,,54
201000035734,10,11,7,530,5,2,1,2.0,2.0,54395,M,,,54
201000035735,10,11,8,1800,5,2,1,2.0,3.0,54304,M,,,54
201000035736,10,11,8,1650,2,2,1,2.0,3.0,54395,M,,,54
201000035737,10,11,9,1800,5,2,1,2.0,6.0,54304,M,,,54
201000035738,10,11,9,1845,5,2,2,2.0,3.0,54547,M,,,54
201000035739,10,11,9,1730,3,2,3,2.0,3.0,54357,M,,,54
201000035740,10,11,10,1020,5,2,1,2.0,3.0,54395,M,,,54
201000035741,10,11,12,1750,5,2,2,2.0,6.0,54578,M,,,54
201000035742,10,11,12,1520,1,2,1,2.0,6.0,54395,M,,,54
201000035743,10,11,13,1755,2,2,2,1.0,6.0,54395,M,,,54
201000035744,10,11,13,1908,5,2,6,1.0,2.0,54184,M,,,54
201000035745,10,11,15,1734,5,2,1,1.0,6.0,54547,M,,,54
201000035746,10,11,15,1758,5,2,1,2.0,2.0,54547,M,,,54
201000035747,10,11,16,2020,5,2,3,1.0,2.0,54395,M,,,54
201000035748,10,11,17,1415,1,2,1,1.0,6.0,54184,M,,,54
201000035749,10,11,19,605,5,2,1,2.0,6.0,54328,M,,,54
201000035750,10,11,19,1015,1,2,3,2.0,6.0,54395,M,,,54
201000035751,10,11,19,1115,1,2,3,2.0,2.0,54274,M,,,54
201000035752,10,11,19,1250,1,2,1,2.0,6.0,54395,M,,,54
201000035753,10,11,19,1815,5,2,3,1.0,3.0,54482,M,,,54
201000035754,10,11,20,1910,5,2,3,1.0,1.0,54357,M,,,54
201000035755,10,11,19,1735,5,2,2,1.0,2.0,54395,M,,,54
201000035756,10,11,20,1950,5,2,3,1.0,2.0,54547,M,,,54
201000035757,10,11,22,1730,5,2,2,2.0,6.0,54395,M,,,54
201000035758,10,11,23,1710,5,2,2,2.0,3.0,54304,M,,,54
201000035759,10,11,24,1857,5,2,3,1.0,6.0,54395,M,,,54
201000035760,10,11,25,1315,1,2,3,4.0,6.0,54274,M,,,54
201000035761,10,11,29,1850,5,2,2,1.0,3.0,54395,M,,,54
201000035762,10,11,29,920,5,2,1,1.0,2.0,54395,M,,,54
201000035763,10,11,29,930,1,2,2,4.0,6.0,54395,M,,,54
201000035764,10,11,29,1846,5,2,1,4.0,2.0,54395,M,,,54
201000035765,10,12,1,1340,1,2,3,9.0,3.0,54304,M,,,54
201000035766,10,12,1,1715,5,2,1,4.0,7.0,54274,M,,,54
201000035767,10,12,1,1830,5,2,1,8.0,4.0,54184,M,,,54
201000035768,10,12,2,1310,1,2,6,1.0,2.0,54395,M,,,54
201000035769,10,12,2,1910,5,2,1,1.0,4.0,54395,M,,,54
201000035770,10,12,4,1655,2,2,1,9.0,6.0,54328,M,,,54
201000035771,10,12,6,750,1,2,2,4.0,3.0,54395,M,,,54
201000035772,10,12,7,1005,1,2,1,1.0,2.0,54526,M,,,54
201000035773,10,12,7,940,1,2,1,4.0,6.0,54395,M,,,54
201000035774,10,12,8,1710,5,2,1,3.0,6.0,54184,M,,,54
201000035775,10,12,8,1750,5,2,1,3.0,6.0,54328,M,,,54
201000035776,10,12,8,150,5,2,2,1.0,3.0,54395,M,,,54
201000035777,10,12,9,1018,1,2,1,1.0,6.0,54395,M,,,54
201000035778,10,12,9,2110,5,2,2,1.0,3.0,54395,M,,,54
201000035779,10,12,11,2300,5,2,1,2.0,2.0,54395,M,,,54
201000035780,10,12,10,1815,5,2,1,2.0,3.0,54395,M,,,54
201000035781,10,12,12,1845,5,2,1,2.0,1.0,54395,M,,,54
201000035782,10,12,13,855,1,2,2,1.0,5.0,54395,M,,,54
201000035783,10,12,17,1955,5,2,2,2.0,6.0,54578,M,,,54
201000035784,10,12,23,1930,5,2,1,2.0,6.0,54395,M,,,54
201000035785,10,12,24,1540,1,2,3,4.0,3.0,54547,M,,,54
201000035786,10,12,26,1605,1,2,1,4.0,2.0,54395,M,,,54
201000035787,10,12,30,2304,5,2,1,9.0,6.0,54274,M,,,54
201000035788,10,12,31,1010,1,2,2,9.0,6.0,54395,M,,,54
201000035789,10,1,20,1830,5,2,1,4.0,1.0,54431,M,,,54
201000035790,10,5,2,25,5,2,1,1.0,7.0,54332,M,,,54
201000035791,10,7,11,1900,1,2,3,1.0,3.0,54332,M,,,54
201000035792,10,11,3,1745,5,2,9,2.0,3.0,54431,M,,,54
201000035793,10,11,6,920,1,1,3,1.0,3.0,54431,M,,,54
201000035794,10,12,8,745,3,1,1,3.0,3.0,54431,M,,,54
201000035795,10,12,8,1800,5,2,2,3.0,3.0,54431,M,,,54
201000035796,10,12,27,2215,5,2,1,4.0,6.0,54431,M,,,54
201000035797,10,1,28,1510,1,2,1,1.0,1.0,54528,M,,,54
201000035798,10,1,28,1010,1,2,1,9.0,3.0,54174,M,,,54
201000035799,10,1,30,1550,1,2,2,1.0,4.0,54167,M,,,54
201000035800,10,2,6,1645,1,1,3,1.0,3.0,54167,M,4867090.0,593351.0,54
201000035801,10,2,7,1115,1,2,9,1.0,3.0,54528,M,,,54
201000035802,10,2,21,305,5,2,3,1.0,6.0,54528,M,,,54
201000035803,10,3,5,1905,5,2,1,1.0,6.0,54528,M,,,54
201000035804,10,3,6,1930,5,2,3,1.0,3.0,54528,M,,,54
201000035805,10,4,21,2130,5,2,2,1.0,3.0,54167,M,4867110.0,590599.0,54
201000035806,10,4,24,1400,1,1,1,1.0,6.0,54528,M,4864970.0,587004.0,54
201000035807,10,4,24,1305,1,2,1,1.0,6.0,54528,M,,,54
201000035808,10,6,8,1810,1,2,2,1.0,3.0,54528,M,,,54
201000035809,10,6,11,2100,1,2,2,1.0,3.0,54528,M,,,54
201000035810,10,6,21,1805,1,2,1,1.0,2.0,54528,M,,,54
201000035811,10,6,25,805,1,2,3,1.0,3.0,54528,M,,,54
201000035812,10,7,21,740,1,1,1,1.0,6.0,54167,M,,,54
201000035813,10,8,18,1325,1,2,1,1.0,3.0,54528,M,,,54
201000035814,10,9,8,710,2,2,1,8.0,3.0,54528,M,,,54
201000035815,10,9,23,1740,1,2,1,1.0,3.0,54174,M,4866970.0,586588.0,54
201000035816,10,9,26,1515,1,2,3,2.0,3.0,54528,M,,,54
201000035817,10,10,5,1925,5,1,9,1.0,3.0,54528,M,,,54
201000035818,10,10,21,1130,1,2,4,1.0,3.0,54528,M,,,54
201000035819,10,10,26,1120,1,2,3,1.0,3.0,54167,M,,,54
201000035820,10,11,15,1805,5,2,1,2.0,6.0,54528,M,,,54
201000035821,10,11,26,1710,5,2,2,1.0,6.0,54528,M,,,54
201000035822,10,12,8,1515,1,2,1,3.0,6.0,54528,M,,,54
201000035823,10,12,18,1525,1,2,5,8.0,3.0,54528,M,,,54
201000035824,10,12,28,1025,1,1,2,4.0,2.0,54149,M,,,54
201000035825,10,12,11,1145,1,1,1,4.0,7.0,54149,M,,,54
201000035826,10,4,2,720,2,1,1,8.0,6.0,54270,M,4947620.0,588611.0,54
201000035827,10,4,14,740,2,2,1,1.0,3.0,54580,M,,,54
201000035828,10,8,20,2027,2,2,4,1.0,6.0,54580,M,,,54
201000035829,10,10,9,2305,5,2,1,1.0,3.0,54270,M,,,54
201000035830,10,10,18,615,5,2,1,1.0,3.0,54580,M,,,54
201000035831,10,11,6,1915,5,2,2,2.0,7.0,54149,M,,,54
201000035832,10,11,16,750,1,2,1,1.0,7.0,54580,M,,,54
201000035833,10,11,18,1330,1,1,1,2.0,1.0,54575,M,,,54
201000035834,10,11,29,1645,2,1,1,4.0,2.0,54575,M,,,54
201000035835,10,1,26,1630,2,2,1,4.0,3.0,54580,M,,,54
201000035836,10,1,7,1125,1,2,1,4.0,6.0,55029,M,4876600.0,516999.0,55
201000035837,10,1,21,755,1,2,1,2.0,6.0,55029,M,4877879.0,516746.0,55
201000035838,10,1,26,1815,5,2,1,1.0,6.0,55029,M,4878103.0,516645.0,55
201000035839,10,1,27,950,1,2,1,1.0,6.0,55029,M,4877152.0,515829.0,55
201000035840,10,3,8,1530,1,2,1,1.0,6.0,55029,M,4877571.0,516376.0,55
201000035841,10,3,10,1055,1,1,1,1.0,6.0,55302,M,4875280.0,519599.0,55
201000035842,10,3,10,1120,1,1,3,1.0,3.0,55186,M,4878760.0,513747.0,55
201000035843,10,3,23,1125,1,2,1,1.0,6.0,55029,M,4877148.0,516406.0,55
201000035844,10,4,1,810,1,2,2,1.0,6.0,55029,M,4877051.0,516655.0,55
201000035845,10,4,3,1100,1,2,3,2.0,3.0,55029,M,4877001.0,516954.0,55
201000035846,10,4,9,1635,1,1,1,1.0,7.0,55302,M,4874511.0,519645.0,55
201000035847,10,4,24,1555,1,2,3,1.0,3.0,55029,M,4877343.0,515500.0,55
201000035848,10,4,25,1550,1,1,1,1.0,7.0,55029,M,4878120.0,518950.0,55
201000035849,10,4,29,2350,3,1,1,3.0,6.0,55029,M,4875223.0,515335.0,55
201000035850,10,5,28,1105,1,2,1,1.0,3.0,55029,M,4877178.0,517056.0,55
201000035851,10,6,23,1440,1,2,1,1.0,2.0,55029,M,4878032.0,516752.0,55
201000035852,10,8,14,515,5,2,1,1.0,6.0,55476,M,4875765.0,518247.0,55
201000035853,10,8,27,1550,1,1,1,1.0,2.0,55029,M,4878084.0,518824.0,55
201000035854,10,8,31,1325,1,2,1,1.0,2.0,55029,M,4876546.0,517775.0,55
201000035855,10,9,3,1050,1,2,1,1.0,6.0,55029,M,4877264.0,516385.0,55
201000035856,10,9,16,2215,5,2,1,1.0,6.0,55029,M,4877157.0,515817.0,55
201000035857,10,10,3,1045,1,1,3,1.0,3.0,55029,M,4876049.0,514287.0,55
201000035858,10,10,5,1225,1,2,3,1.0,1.0,55029,M,4876662.0,517628.0,55
201000035859,10,10,6,1500,1,2,3,1.0,3.0,55029,M,4876662.0,517628.0,55
201000035860,10,10,7,1102,1,2,3,1.0,3.0,55029,M,4876902.0,515599.0,55
201000035861,10,10,8,1735,1,2,1,1.0,5.0,55029,M,4878428.0,516160.0,55
201000035862,10,10,9,940,1,2,3,1.0,3.0,55029,M,4876133.0,518815.0,55
201000035863,10,10,14,1745,1,2,1,1.0,3.0,55186,M,4879789.0,512278.0,55
201000035864,10,11,5,1740,3,1,1,2.0,6.0,55029,M,4874451.0,515317.0,55
201000035865,10,11,21,1325,1,2,1,1.0,1.0,55186,M,4879267.0,512340.0,55
201000035866,10,12,4,1855,5,2,1,4.0,6.0,55186,M,4878774.0,513001.0,55
201000035867,10,1,8,1140,1,2,2,1.0,6.0,55545,M,4915788.0,538793.0,55
201000035868,10,2,4,1910,3,2,1,1.0,6.0,55545,M,4916771.0,539072.0,55
201000035869,10,4,10,1735,1,1,1,1.0,6.0,55545,M,4914400.0,533643.0,55
201000035870,10,5,2,1350,1,2,4,2.0,3.0,55545,M,4916023.0,536762.0,55
201000035871,10,5,7,1710,1,2,1,1.0,3.0,55545,M,,,55
201000035872,10,5,7,1835,1,2,2,1.0,3.0,55545,M,4915206.0,538896.0,55
201000035873,10,5,8,1215,1,2,1,1.0,1.0,55545,M,4914753.0,538737.0,55
201000035874,10,6,4,1115,1,2,1,1.0,6.0,55545,M,4916493.0,538272.0,55