Num_Acc,an,mois,jour,hrmn,lum,agg,int,atm,col,com,gps,lat,long,dep
201000035875,10,7,6,1205,1,2,6,1.0,3.0,55545,M,4915799.0,539548.0,55
201000035876,10,8,2,900,1,2,1,1.0,6.0,55545,M,4900000.0,500000.0,55
201000035877,10,9,10,1950,1,2,1,1.0,6.0,55505,M,4917012.0,536136.0,55
201000035878,10,10,22,2110,3,2,1,1.0,1.0,55545,M,,,55
201000035879,10,10,25,940,1,2,6,1.0,7.0,55236,M,,,55
201000035880,10,11,5,1530,1,2,1,1.0,7.0,55545,M,,,55
201000035881,10,11,5,1740,2,2,3,1.0,2.0,55505,M,4916577.0,536060.0,55
201000035882,10,11,9,820,2,2,6,2.0,3.0,55545,M,,,55
201000035883,10,11,25,1700,2,2,1,1.0,1.0,55545,M,4914561.0,541107.0,55
201000035884,10,11,26,1750,5,2,1,2.0,6.0,55545,M,4915756.0,536417.0,55
201000035885,10,12,12,605,5,2,1,1.0,6.0,55545,M,4915849.0,538694.0,55
201000035886,10,12,22,1725,2,2,1,2.0,6.0,55545,M,4916745.0,540039.0,55
201000035887,10,1,1,1240,1,2,1,1.0,7.0,56121,M,4774304.0,-338903.0,56
201000035888,10,1,1,1859,5,2,1,1.0,7.0,56121,M,4775331.0,-337213.0,56
201000035889,10,1,2,1735,2,2,2,1.0,3.0,56121,M,4773220.0,-336379.0,56
201000035890,10,1,4,745,2,2,1,1.0,3.0,56121,M,4775689.0,-335530.0,56
201000035891,10,1,4,1700,1,2,1,1.0,7.0,56083,M,4780332.0,-326415.0,56
201000035892,10,1,4,455,3,1,1,1.0,7.0,56083,M,4782224.0,-328251.0,56
201000035893,10,1,11,1240,1,2,1,1.0,7.0,56098,M,4776666.0,-333990.0,56
201000035894,10,1,12,1035,1,2,1,2.0,7.0,56098,M,4776820.0,-335372.0,56
201000035895,10,1,12,1142,1,2,6,2.0,3.0,56162,M,4773813.0,-343141.0,56
201000035896,10,1,13,1019,1,2,1,1.0,7.0,56098,M,4776417.0,-335057.0,56
201000035897,10,1,13,1855,5,2,2,1.0,7.0,56121,M,4773955.0,-336796.0,56
201000035898,10,1,14,2015,5,2,1,1.0,7.0,56121,M,4775776.0,-336735.0,56
201000035899,10,1,15,1750,1,2,1,1.0,7.0,56121,M,4773599.0,-338348.0,56
201000035900,10,1,16,2350,5,2,1,1.0,7.0,56121,M,4774740.0,-336556.0,56
201000035901,10,1,17,1915,5,2,1,1.0,2.0,56121,M,4775600.0,-336488.0,56
201000035902,10,1,18,1836,5,2,1,1.0,7.0,56098,M,4776699.0,-335581.0,56
201000035903,10,1,19,1040,1,2,1,1.0,7.0,56121,M,4775906.0,-338964.0,56
201000035904,10,1,19,1800,2,2,1,1.0,7.0,56098,M,4776970.0,-335406.0,56
201000035905,10,1,21,1445,1,2,1,1.0,7.0,56121,M,4775460.0,-336299.0,56
201000035906,10,1,23,2050,5,2,2,1.0,3.0,56121,M,4774351.0,-337493.0,56
201000035907,10,1,28,1320,1,2,1,1.0,7.0,56121,M,4774217.0,-338521.0,56
201000035908,10,1,29,1751,1,2,1,1.0,2.0,56121,M,4775534.0,-335838.0,56
201000035909,10,2,2,1420,1,1,1,1.0,7.0,56162,M,4771084.0,-343698.0,56
201000035910,10,2,5,915,1,2,1,8.0,7.0,56083,M,4780079.0,-327734.0,56
201000035911,10,2,5,1230,1,2,1,8.0,7.0,56121,M,4775818.0,-336201.0,56
201000035912,10,2,6,1635,1,2,1,1.0,7.0,56083,M,4780442.0,-327330.0,56
201000035913,10,2,7,1811,1,2,1,1.0,7.0,56107,M,4770522.0,-338429.0,56
201000035914,10,2,8,950,1,2,1,1.0,2.0,56121,M,4776088.0,-338557.0,56
201000035915,10,2,10,2125,5,2,1,1.0,7.0,56083,M,4782200.0,-325088.0,56
201000035916,10,2,12,830,1,2,1,1.0,7.0,56083,M,4780417.0,-327823.0,56
201000035917,10,2,14,1950,5,2,3,1.0,3.0,56083,M,,,56
201000035918,10,2,16,930,1,2,1,1.0,2.0,56098,M,4776515.0,-335864.0,56
201000035919,10,2,17,1601,1,2,1,1.0,2.0,56083,M,4781466.0,-325900.0,56
201000035920,10,2,17,1950,5,2,1,1.0,7.0,56162,M,4776193.0,-341987.0,56
201000035921,10,2,20,1600,1,2,1,1.0,3.0,56098,M,4776727.0,-334013.0,56
201000035922,10,2,21,630,2,2,2,1.0,3.0,56121,M,4774894.0,-336571.0,56
201000035923,10,2,23,1700,1,2,1,1.0,6.0,56162,M,4773576.0,-342758.0,56
201000035924,10,2,26,940,1,2,1,1.0,7.0,56121,M,4773669.0,-339369.0,56
201000035925,10,2,27,215,5,2,1,6.0,7.0,56098,M,4776191.0,-336340.0,56
201000035926,10,3,3,1310,1,2,1,1.0,7.0,56162,M,4770984.0,-343761.0,56
201000035927,10,3,5,800,1,2,1,1.0,2.0,56121,M,4775437.0,-336593.0,56
201000035928,10,3,5,1817,1,2,1,1.0,7.0,56098,M,4777022.0,-333744.0,56
201000035929,10,3,6,700,2,1,1,1.0,7.0,56083,M,4781533.0,-325840.0,56
201000035930,10,3,7,1330,1,2,1,1.0,7.0,56098,M,4776225.0,-334504.0,56
201000035931,10,3,8,834,1,2,2,1.0,3.0,56121,M,4776302.0,-338609.0,56
201000035932,10,3,10,1126,1,2,1,1.0,7.0,56162,M,4773447.0,-342961.0,56
201000035933,10,3,10,1705,1,2,1,1.0,7.0,56121,M,4776131.0,-338718.0,56
201000035934,10,3,12,5,5,2,1,1.0,7.0,56098,M,4777633.0,-335079.0,56
201000035935,10,3,15,2115,5,2,1,1.0,7.0,56083,M,4780526.0,-327446.0,56
201000035936,10,3,17,825,1,2,1,1.0,3.0,56121,M,4775265.0,-339123.0,56
201000035937,10,3,19,1215,1,2,2,1.0,3.0,56121,M,4775475.0,-336159.0,56
201000035938,10,3,19,1610,1,2,2,1.0,7.0,56098,M,4776867.0,-334496.0,56
201000035939,10,3,20,852,1,2,1,1.0,7.0,56083,M,4779077.0,-327651.0,56
201000035940,10,3,21,1047,1,2,1,1.0,7.0,56083,M,4780269.0,-328673.0,56
201000035941,10,3,21,1756,1,2,1,1.0,7.0,56121,M,4776809.0,-338008.0,56
201000035942,10,3,23,750,1,2,1,1.0,1.0,56121,M,4775767.0,-337154.0,56
201000035943,10,3,26,2300,5,2,1,2.0,6.0,56162,M,4774321.0,-340151.0,56
201000035944,10,3,29,1800,1,1,1,1.0,1.0,56083,M,,,56
201000035945,10,3,31,1627,1,2,6,1.0,3.0,56098,M,4776714.0,-333970.0,56
201000035946,10,4,1,1300,1,2,1,1.0,7.0,56083,M,4780477.0,-327614.0,56
201000035947,10,4,1,2200,5,2,1,2.0,7.0,56162,M,4773921.0,-341657.0,56
201000035948,10,4,2,922,1,2,1,1.0,3.0,56121,M,4775639.0,-336959.0,56
201000035949,10,4,2,1856,1,1,1,1.0,4.0,56083,M,,,56
201000035950,10,4,3,920,1,2,2,1.0,3.0,56121,M,4775656.0,-337270.0,56
201000035951,10,4,3,1500,1,2,1,1.0,2.0,56107,M,4772675.0,-338368.0,56
201000035952,10,4,4,1512,1,2,1,1.0,7.0,56162,M,4772278.0,-344185.0,56
201000035953,10,4,6,758,1,2,6,1.0,3.0,56121,M,4774128.0,-337290.0,56
201000035954,10,4,8,1715,1,2,2,1.0,1.0,56098,M,4776201.0,-335581.0,56
201000035955,10,4,9,1345,1,2,1,1.0,3.0,56121,M,4776060.0,-338481.0,56
201000035956,10,4,9,1459,1,2,6,1.0,3.0,56098,M,4777433.0,-333999.0,56
201000035957,10,4,12,2055,5,2,1,1.0,7.0,56162,M,4774473.0,-340049.0,56
201000035958,10,4,15,1545,1,2,1,1.0,7.0,56121,M,4775901.0,-337911.0,56
201000035959,10,4,15,2015,2,2,1,1.0,2.0,56121,M,4775398.0,-338336.0,56
201000035960,10,4,16,1751,1,2,2,1.0,3.0,56121,M,4776081.0,-338542.0,56
201000035961,10,4,17,1504,1,2,2,1.0,3.0,56121,M,4774415.0,-337970.0,56
201000035962,10,4,20,1135,1,2,2,1.0,7.0,56121,M,4774270.0,-337943.0,56
201000035963,10,4,21,1500,1,2,6,1.0,3.0,56121,M,4775136.0,-337162.0,56
201000035964,10,4,29,847,1,1,1,8.0,7.0,56098,M,4777762.0,-334401.0,56
201000035965,10,5,1,2325,5,2,3,1.0,1.0,56083,M,4781069.0,-327355.0,56
201000035966,10,5,3,557,3,1,1,1.0,7.0,56162,M,4776293.0,-342460.0,56
201000035967,10,5,6,1210,1,2,3,1.0,3.0,56098,M,4776468.0,-335117.0,56
201000035968,10,5,6,2150,5,2,1,3.0,7.0,56121,M,4775376.0,-336233.0,56
201000035969,10,5,7,846,1,2,1,1.0,6.0,56098,M,4776778.0,-335440.0,56
201000035970,10,5,10,803,1,2,1,1.0,7.0,56162,M,4773568.0,-341888.0,56
201000035971,10,5,14,2250,5,2,1,1.0,7.0,56107,M,4771688.0,-337460.0,56
201000035972,10,5,16,1403,1,2,1,1.0,7.0,56162,M,4775248.0,-339791.0,56
201000035973,10,5,19,1115,1,2,1,1.0,7.0,56083,M,4781027.0,-326579.0,56
201000035974,10,5,20,1615,1,2,1,1.0,1.0,56121,M,4776322.0,-339375.0,56
201000035975,10,5,21,1340,1,2,1,1.0,2.0,56121,M,4775970.0,-336685.0,56
201000035976,10,5,22,1656,1,2,1,1.0,2.0,56121,M,4775132.0,-336545.0,56
201000035977,10,5,23,1529,1,2,1,1.0,7.0,56098,M,4776882.0,-335880.0,56
201000035978,10,5,25,1220,1,2,2,1.0,3.0,56121,M,4774756.0,-336251.0,56
201000035979,10,5,28,1250,1,2,7,1.0,3.0,56121,M,4775801.0,-338985.0,56
201000035980,10,5,29,1530,1,2,2,1.0,3.0,56121,M,4774675.0,-337764.0,56
201000035981,10,5,30,1113,1,1,2,1.0,3.0,56162,M,,,56
201000035982,10,5,30,1617,1,2,6,1.0,3.0,56162,M,4773011.0,-343523.0,56
201000035983,10,5,31,1200,1,2,1,1.0,7.0,56121,M,4774344.0,-338994.0,56
201000035984,10,6,1,227,5,2,1,1.0,7.0,56098,M,4777388.0,-333785.0,56
201000035985,10,6,1,816,1,2,1,1.0,7.0,56121,M,4774703.0,-336606.0,56
201000035986,10,6,1,1000,1,2,2,1.0,3.0,56121,M,4773963.0,-337409.0,56
201000035987,10,6,2,1745,1,2,1,1.0,3.0,56098,M,4777799.0,-334138.0,56
201000035988,10,6,2,2320,5,2,6,1.0,7.0,56098,M,4777755.0,-334464.0,56
201000035989,10,6,3,745,1,2,6,1.0,3.0,56162,M,4773686.0,-343662.0,56
201000035990,10,6,4,1153,1,2,1,1.0,7.0,56098,M,4776526.0,-334845.0,56
201000035991,10,6,7,1730,1,2,1,2.0,2.0,56162,M,4774267.0,-342431.0,56
201000035992,10,6,7,1830,1,2,1,2.0,2.0,56098,M,4776543.0,-334521.0,56
201000035993,10,6,10,1725,1,2,1,2.0,7.0,56162,M,4772537.0,-343460.0,56
201000035994,10,6,10,1617,1,2,2,2.0,3.0,56121,M,4773268.0,-338588.0,56
201000035995,10,6,11,944,1,2,2,1.0,3.0,56098,M,4776642.0,-333460.0,56
201000035996,10,6,13,240,5,2,1,1.0,7.0,56121,M,4774506.0,-336337.0,56
201000035997,10,6,11,1824,1,2,2,1.0,3.0,56162,M,4773562.0,-343541.0,56
201000035998,10,6,13,2115,1,2,1,1.0,7.0,56098,M,4776738.0,-335481.0,56
201000035999,10,6,14,804,1,2,3,1.0,3.0,56121,M,4774683.0,-338590.0,56
201000036000,10,6,14,804,1,2,1,1.0,2.0,56083,M,4779726.0,-327836.0,56
201000036001,10,6,16,1917,1,2,1,1.0,2.0,56121,M,4775947.0,-336735.0,56
201000036002,10,6,21,1225,1,2,1,1.0,6.0,56121,M,4775410.0,-339619.0,56
201000036003,10,6,29,1716,1,2,6,1.0,3.0,56121,M,4774131.0,-337312.0,56
201000036004,10,6,29,1920,1,2,6,1.0,3.0,56121,M,4774125.0,-337295.0,56
201000036005,10,7,2,1445,1,2,1,2.0,7.0,56121,M,4774043.0,-337594.0,56
201000036006,10,7,3,1808,1,2,6,1.0,3.0,56121,M,4773649.0,-338288.0,56
201000036007,10,7,3,1934,1,2,1,7.0,3.0,56098,M,4776766.0,-334127.0,56
201000036008,10,7,6,753,1,2,6,1.0,3.0,56121,M,4774656.0,-338737.0,56
201000036009,10,7,6,1029,1,2,1,1.0,6.0,56121,M,4775545.0,-336332.0,56
201000036010,10,7,7,1800,1,1,1,1.0,7.0,56098,M,,,56
201000036011,10,7,7,1815,1,2,1,1.0,4.0,56083,M,4780140.0,-328190.0,56
201000036012,10,7,10,245,5,2,1,1.0,7.0,56083,M,4780551.0,-327625.0,56
201000036013,10,7,12,2130,1,2,1,2.0,6.0,56121,M,4776467.0,-339175.0,56
201000036014,10,7,13,1825,1,2,6,1.0,6.0,56162,M,4773319.0,-349762.0,56
201000036015,10,7,14,2325,5,2,1,3.0,7.0,56107,M,4770989.0,-338453.0,56
201000036016,10,7,16,900,1,2,1,1.0,7.0,56121,M,4776170.0,-338883.0,56
201000036017,10,7,17,1929,1,2,1,1.0,2.0,56121,M,4775767.0,-337360.0,56
201000036018,10,7,18,845,1,2,1,1.0,7.0,56121,M,4776388.0,-339455.0,56
201000036019,10,7,18,1212,1,2,1,1.0,3.0,56107,M,,,56
201000036020,10,7,19,1905,2,2,3,1.0,7.0,56121,M,4776454.0,-339799.0,56
201000036021,10,7,22,1810,1,2,1,1.0,3.0,56098,M,4777696.0,-335614.0,56
201000036022,10,7,24,140,3,2,1,1.0,7.0,56121,M,4775418.0,-336064.0,56
201000036023,10,7,24,1501,1,2,1,1.0,7.0,56107,M,4771024.0,-338473.0,56
201000036024,10,7,25,1800,1,2,1,1.0,7.0,56107,M,4771574.0,-338795.0,56
201000036025,10,7,26,1201,1,1,1,1.0,7.0,56162,M,4775000.0,-341289.0,56
201000036026,10,7,27,1852,1,2,1,1.0,7.0,56162,M,4773384.0,-343666.0,56
201000036027,10,8,2,2010,2,2,1,1.0,2.0,56121,M,4774545.0,-338969.0,56
201000036028,10,8,5,1819,1,2,1,1.0,3.0,56098,M,4777691.0,-335670.0,56
201000036029,10,8,6,1455,1,2,2,1.0,3.0,56107,M,4771774.0,-338380.0,56
201000036030,10,8,8,520,5,2,3,1.0,6.0,56121,M,4774523.0,-337319.0,56
201000036031,10,8,8,1045,2,2,2,1.0,3.0,56121,M,4775743.0,-336110.0,56
201000036032,10,8,9,620,5,2,6,1.0,3.0,56098,M,4776601.0,-332902.0,56
201000036033,10,8,12,1023,1,2,1,1.0,7.0,56098,M,4776181.0,-334665.0,56
201000036034,10,8,13,1804,1,2,1,1.0,7.0,56121,M,4774282.0,-335824.0,56
201000036035,10,8,14,1740,1,2,1,1.0,1.0,56121,M,4773665.0,-337697.0,56
201000036036,10,8,16,305,5,2,2,1.0,3.0,56121,M,4775731.0,-336869.0,56
201000036037,10,8,20,1410,1,2,6,1.0,3.0,56107,M,4772687.0,-338381.0,56
201000036038,10,8,20,1950,1,2,2,1.0,3.0,56083,M,4780635.0,-326234.0,56
201000036039,10,8,23,1050,1,2,3,1.0,6.0,56098,M,4775898.0,-333661.0,56
201000036040,10,8,23,1724,1,2,1,1.0,2.0,56121,M,4774828.0,-336515.0,56
201000036041,10,8,25,1655,1,2,2,2.0,6.0,56083,M,4781300.0,-325381.0,56
201000036042,10,8,26,1420,1,1,1,2.0,2.0,56083,M,,,56
201000036043,10,8,26,1752,1,1,4,2.0,3.0,56107,M,,,56
201000036044,10,8,30,1600,1,2,1,1.0,2.0,56083,M,4780145.0,-328226.0,56
201000036045,10,8,31,1152,1,2,1,1.0,1.0,56162,M,4775520.0,-342051.0,56
201000036046,10,8,31,1405,1,2,2,1.0,3.0,56162,M,4773210.0,-341636.0,56
201000036047,10,8,31,1524,1,2,1,1.0,7.0,56121,M,4777171.0,-340381.0,56
201000036048,10,8,31,2155,5,2,1,1.0,3.0,56098,M,4776591.0,-334430.0,56
201000036049,10,9,1,1120,1,2,2,1.0,3.0,56121,M,4775079.0,-337600.0,56
201000036050,10,9,1,1716,1,2,1,1.0,2.0,56083,M,4780870.0,-327524.0,56
201000036051,10,9,1,1845,1,2,1,1.0,7.0,56083,M,4779953.0,-325981.0,56
201000036052,10,9,2,835,1,2,1,1.0,6.0,56162,M,4773670.0,-342535.0,56
201000036053,10,9,2,2045,2,2,1,1.0,7.0,56083,M,4781470.0,-324311.0,56
201000036054,10,9,3,816,1,2,1,1.0,7.0,56121,M,4775583.0,-339142.0,56
201000036055,10,9,3,830,1,2,1,1.0,7.0,56121,M,4774522.0,-337351.0,56
201000036056,10,9,3,1135,1,1,1,1.0,1.0,56107,M,4772298.0,-340955.0,56
201000036057,10,9,5,1055,1,2,1,1.0,6.0,56121,M,4774210.0,-338817.0,56
201000036058,10,9,5,1815,1,2,2,1.0,5.0,56121,M,4774722.0,-337646.0,56
201000036059,10,9,7,1720,1,2,2,3.0,3.0,56121,M,4775381.0,-336213.0,56
201000036060,10,9,8,1233,1,2,1,1.0,2.0,56083,M,4779952.0,-328945.0,56
201000036061,10,9,9,1446,1,2,1,1.0,2.0,56121,M,4773440.0,-337596.0,56
201000036062,10,9,10,500,5,2,1,1.0,6.0,56121,M,4775685.0,-336458.0,56
201000036063,10,9,10,817,1,2,1,1.0,3.0,56098,M,4776355.0,-336129.0,56
201000036064,10,9,10,1809,1,2,1,1.0,7.0,56121,M,4773588.0,-338050.0,56
201000036065,10,9,10,2022,1,2,1,1.0,2.0,56121,M,4776508.0,-339118.0,56
201000036066,10,9,12,1545,1,2,1,1.0,2.0,56098,M,4776334.0,-331528.0,56
201000036067,10,9,12,1800,1,2,5,1.0,7.0,56083,M,4780628.0,-325939.0,56
201000036068,10,9,12,1940,1,1,5,1.0,7.0,56098,M,4777820.0,-334510.0,56
201000036069,10,9,12,1645,1,2,1,1.0,2.0,56083,M,4780462.0,-325934.0,56
201000036070,10,9,13,1300,1,2,6,1.0,7.0,56098,M,4776183.0,-334671.0,56
201000036071,10,9,13,1900,1,2,1,1.0,6.0,56121,M,4775662.0,-336400.0,56
201000036072,10,9,15,847,1,2,2,2.0,7.0,56098,M,4777488.0,-334641.0,56
201000036073,10,9,15,1743,1,2,2,1.0,3.0,56121,M,4775358.0,-336452.0,56
201000036074,10,9,15,1840,1,2,2,1.0,3.0,56121,M,4774307.0,-336586.0,56
201000036075,10,9,16,1735,1,2,1,1.0,7.0,56121,M,4775401.0,-336738.0,56
201000036076,10,9,17,1819,1,1,1,1.0,4.0,56083,M,,,56
201000036077,10,9,18,1420,1,2,2,1.0,3.0,56098,M,4776726.0,-333959.0,56
201000036078,10,9,23,1858,1,2,2,1.0,7.0,56121,M,4776453.0,-339237.0,56
201000036079,10,9,24,905,1,1,1,7.0,7.0,56162,M,4773836.0,-344341.0,56
201000036080,10,9,24,1615,1,2,1,1.0,7.0,56121,M,4774757.0,-336529.0,56
201000036081,10,9,25,1713,1,2,1,1.0,7.0,56121,M,4774885.0,-336000.0,56
201000036082,10,9,25,1710,1,2,1,1.0,7.0,56121,M,4774884.0,-336000.0,56
201000036083,10,9,26,745,3,2,1,1.0,6.0,56083,M,4780514.0,-324745.0,56
201000036084,10,9,28,1647,1,2,1,1.0,6.0,56098,M,4776681.0,-335582.0,56
201000036085,10,10,2,1802,1,2,2,3.0,3.0,56098,M,4777194.0,-333719.0,56
201000036086,10,10,2,1825,1,2,1,3.0,6.0,56098,M,4776383.0,-335084.0,56
201000036087,10,10,3,35,5,2,1,1.0,1.0,56121,M,4775777.0,-337156.0,56
201000036088,10,10,3,1629,1,2,2,3.0,3.0,56162,M,4773539.0,-343261.0,56
201000036089,10,10,5,1845,1,2,1,1.0,7.0,56083,M,,,56
201000036090,10,10,8,755,1,1,2,1.0,1.0,56083,M,,,56
201000036091,10,10,8,1110,1,2,1,1.0,2.0,56121,M,4775314.0,-337520.0,56
201000036092,10,10,8,1320,1,2,2,1.0,3.0,56098,M,4776719.0,-333950.0,56
201000036093,10,10,9,2355,5,2,3,2.0,3.0,56121,M,4775853.0,-335896.0,56
201000036094,10,10,10,1102,1,2,1,1.0,6.0,56098,M,4776808.0,-334284.0,56
201000036095,10,10,10,1906,2,2,1,1.0,6.0,56162,M,4771760.0,-342283.0,56
201000036096,10,10,11,1119,1,2,1,1.0,7.0,56121,M,4775357.0,-337106.0,56
201000036097,10,10,3,1620,1,2,2,1.0,4.0,56107,M,,,56
201000036098,10,10,12,1355,1,2,1,1.0,6.0,56121,M,4774570.0,-338068.0,56
201000036099,10,10,12,1735,1,2,2,1.0,3.0,56121,M,4774645.0,-337361.0,56
201000036100,10,10,12,2340,5,2,1,1.0,6.0,56083,M,4782401.0,-324907.0,56
201000036101,10,10,13,1458,1,2,1,1.0,2.0,56121,M,4774712.0,-337679.0,56
201000036102,10,10,14,2007,5,1,6,1.0,6.0,56162,M,4770797.0,-341662.0,56
201000036103,10,10,16,530,5,1,1,1.0,7.0,56107,M,4772230.0,-338224.0,56
201000036104,10,10,16,2125,5,2,4,1.0,1.0,56083,M,4780145.0,-328227.0,56
201000036105,10,10,18,754,5,2,1,1.0,6.0,56098,M,4776591.0,-332939.0,56
201000036106,10,10,19,1120,1,2,1,1.0,6.0,56121,M,4775295.0,-337593.0,56
201000036107,10,10,19,1806,1,2,1,1.0,6.0,56083,M,4780331.0,-326675.0,56
201000036108,10,10,21,1615,1,2,1,1.0,6.0,56121,M,4775510.0,-339174.0,56
201000036109,10,10,21,2003,5,2,1,1.0,6.0,56121,M,4774803.0,-336391.0,56
201000036110,10,10,23,529,5,2,1,1.0,6.0,56121,M,4774111.0,-336312.0,56
201000036111,10,10,24,1435,1,2,6,1.0,3.0,56083,M,4781071.0,-326411.0,56
201000036112,10,10,26,1259,1,2,1,1.0,5.0,56098,M,4776267.0,-333160.0,56
201000036113,10,10,26,1405,1,2,3,1.0,3.0,56121,M,4775064.0,-337714.0,56
201000036114,10,10,29,1900,2,2,1,2.0,6.0,56098,M,4776686.0,-333776.0,56
201000036115,10,10,30,130,5,2,1,3.0,5.0,56121,M,4775813.0,-337089.0,56
201000036116,10,10,30,1815,1,2,6,1.0,7.0,56098,M,4776606.0,-332939.0,56
201000036117,10,10,31,1703,1,2,6,1.0,7.0,56121,M,4774601.0,-338030.0,56
201000036118,10,11,1,130,5,2,1,1.0,6.0,56121,M,4775857.0,-335847.0,56
201000036119,10,11,1,830,1,2,1,1.0,6.0,56121,M,4776446.0,-338519.0,56
201000036120,10,11,2,1648,2,2,1,1.0,6.0,56121,M,4775020.0,-338720.0,56
201000036121,10,11,2,905,1,2,6,1.0,3.0,56098,M,4776718.0,-333953.0,56
201000036122,10,11,2,948,3,1,1,2.0,5.0,56083,M,,,56
201000036123,10,11,3,1050,1,2,3,2.0,6.0,56098,M,4776443.0,-335081.0,56
201000036124,10,11,4,1329,1,1,1,2.0,7.0,56162,M,,,56
201000036125,10,11,4,1730,1,2,1,8.0,2.0,56098,M,4775973.0,-336672.0,56
201000036126,10,11,4,1814,5,2,1,8.0,5.0,56098,M,,,56
201000036127,10,11,4,2115,5,2,3,1.0,3.0,56098,M,4778093.0,-334156.0,56
201000036128,10,11,5,1550,1,2,1,1.0,1.0,56121,M,4775592.0,-336141.0,56
201000036129,10,11,6,445,5,2,2,1.0,6.0,56121,M,4774385.0,-338113.0,56
201000036130,10,11,7,1815,5,2,2,1.0,2.0,56107,M,,,56
201000036131,10,11,8,1203,1,2,1,1.0,2.0,56121,M,4775155.0,-336925.0,56
201000036132,10,11,9,1745,2,2,2,1.0,3.0,56121,M,4775593.0,-336355.0,56
201000036133,10,11,10,1250,1,2,2,1.0,7.0,56098,M,4776201.0,-335582.0,56
201000036134,10,11,12,1824,1,2,2,2.0,3.0,56121,M,4775290.0,-337741.0,56
201000036135,10,11,13,2045,5,2,6,8.0,2.0,56121,M,4774919.0,-337358.0,56
201000036136,10,11,14,1652,1,2,1,1.0,7.0,56121,M,4776378.0,-337958.0,56
201000036137,10,11,15,935,1,1,1,8.0,5.0,56083,M,,,56
201000036138,10,11,16,1057,1,2,1,1.0,7.0,56121,M,,,56
201000036139,10,11,18,1846,5,2,1,1.0,2.0,56121,M,4773939.0,-337905.0,56
201000036140,10,11,19,745,5,2,1,2.0,2.0,56098,M,4776381.0,-336118.0,56
201000036141,10,11,19,745,5,2,1,2.0,7.0,56121,M,4775793.0,-338972.0,56
201000036142,10,11,19,1220,1,2,1,2.0,7.0,56098,M,4776428.0,-336026.0,56
201000036143,10,11,20,1015,1,2,2,3.0,3.0,56121,M,4774501.0,-337647.0,56
201000036144,10,11,22,1320,1,2,1,1.0,1.0,56121,M,4777083.0,-340404.0,56
201000036145,10,11,25,1731,3,1,1,1.0,6.0,56162,M,,,56
201000036146,10,12,1,1529,1,2,1,1.0,6.0,56083,M,4780830.0,-326976.0,56
201000036147,10,12,2,812,2,2,1,1.0,6.0,56121,M,4776565.0,-338308.0,56
201000036148,10,12,2,1335,1,2,6,1.0,3.0,56121,M,4774837.0,-339607.0,56
201000036149,10,12,3,1028,1,2,6,1.0,7.0,56098,M,4777751.0,-334449.0,56
201000036150,10,12,5,1110,1,2,6,2.0,6.0,56121,M,4773650.0,-338292.0,56
201000036151,10,12,5,1850,5,1,1,2.0,6.0,56121,M,4775675.0,-338578.0,56
201000036152,10,12,6,820,5,2,1,2.0,2.0,56083,M,4780239.0,-329475.0,56
201000036153,10,12,8,1820,5,2,1,1.0,6.0,56098,M,,,56
201000036154,10,12,10,1525,1,1,1,1.0,7.0,56083,M,,,56
201000036155,10,12,11,1228,1,2,1,1.0,3.0,56121,M,4774613.0,-336700.0,56
201000036156,10,12,14,1330,1,1,1,1.0,2.0,56162,M,4772861.0,-343553.0,56
201000036157,10,12,15,1218,1,2,1,1.0,7.0,56083,M,4780746.0,-328332.0,56
201000036158,10,12,15,2300,5,2,1,1.0,7.0,56098,M,4778002.0,-334640.0,56
201000036159,10,12,16,1835,1,2,1,1.0,2.0,56121,M,4775966.0,-338125.0,56
201000036160,10,12,16,2050,5,2,2,1.0,6.0,56121,M,4774687.0,-339392.0,56
201000036161,10,12,18,1820,5,2,6,1.0,6.0,56121,M,4773932.0,-338018.0,56
201000036162,10,12,18,1740,5,1,1,1.0,6.0,56083,M,,,56
201000036163,10,12,20,1748,5,2,1,1.0,3.0,56121,M,4773594.0,-336553.0,56
201000036164,10,12,21,748,5,2,6,1.0,2.0,56098,M,4775942.0,-332642.0,56
201000036165,10,12,21,938,5,2,1,1.0,7.0,56107,M,4772365.0,-337745.0,56
201000036166,10,12,21,2220,5,2,1,1.0,3.0,56098,M,4777036.0,-334962.0,56
201000036167,10,12,23,1355,1,2,2,1.0,2.0,56098,M,4776615.0,-335606.0,56
201000036168,10,12,23,1850,5,2,1,1.0,2.0,56098,M,4776692.0,-335583.0,56