Num_Acc,an,mois,jour,hrmn,lum,agg,int,atm,col,com,gps,lat,long,dep
201000036169,10,12,24,1804,5,2,6,1.0,6.0,56083,M,4780004.0,-328774.0,56
201000036170,10,12,26,1828,3,1,2,1.0,3.0,56162,M,,,56
201000036171,10,12,27,1559,1,2,2,8.0,3.0,56121,M,4776529.0,-338988.0,56
201000036172,10,12,27,1745,5,2,2,2.0,3.0,56083,M,4780109.0,-328287.0,56
201000036173,10,12,29,1340,1,2,1,1.0,7.0,56121,M,4774970.0,-339446.0,56
201000036174,10,12,30,1915,5,2,1,1.0,2.0,56098,M,4776708.0,-335571.0,56
201000036175,10,12,28,1210,1,2,1,8.0,6.0,56260,M,4765936.0,-277568.0,56
201000036176,10,1,29,1615,1,2,1,2.0,6.0,56260,M,4766128.0,-275725.0,56
201000036177,10,2,3,855,1,2,1,1.0,3.0,56260,M,4765169.0,-277632.0,56
201000036178,10,1,11,740,4,2,1,1.0,6.0,56260,M,4765096.0,-279096.0,56
201000036179,10,1,27,1815,5,2,9,1.0,6.0,56260,M,4766432.0,-275403.0,56
201000036180,10,2,5,1850,5,2,1,2.0,6.0,56260,M,4764282.0,-275377.0,56
201000036181,10,2,9,855,1,2,3,8.0,6.0,56260,M,4765990.0,-269777.0,56
201000036182,10,2,15,900,1,2,1,8.0,3.0,56260,M,4767932.0,-277068.0,56
201000036183,10,2,19,1035,1,2,1,1.0,4.0,56260,M,4766767.0,-276995.0,56
201000036184,10,3,27,1100,1,2,6,1.0,2.0,56260,M,4768360.0,-276673.0,56
201000036185,10,3,28,2100,5,2,1,1.0,6.0,56260,M,4765524.0,-273973.0,56
201000036186,10,3,27,1925,2,2,3,1.0,6.0,56260,M,4765484.0,-275972.0,56
201000036187,10,4,1,1335,1,2,3,1.0,3.0,56260,M,4765941.0,-270996.0,56
201000036188,10,3,31,1605,1,2,3,1.0,3.0,56260,M,4765996.0,-278607.0,56
201000036189,10,3,31,730,2,2,6,1.0,7.0,56260,M,4764398.0,-274396.0,56
201000036190,10,4,11,1210,1,2,1,1.0,7.0,56260,M,,,56
201000036191,10,4,9,1118,1,2,1,1.0,6.0,56260,M,4766382.0,-276644.0,56
201000036192,10,4,9,905,1,2,1,1.0,2.0,56260,M,4766029.0,-276126.0,56
201000036193,10,4,18,1130,1,2,3,1.0,2.0,56260,M,4765928.0,-277274.0,56
201000036194,10,5,7,1640,1,2,1,1.0,6.0,56260,M,4765915.0,-275734.0,56
201000036195,10,4,23,1715,1,2,1,1.0,4.0,56260,M,4764072.0,-276021.0,56
201000036196,10,5,15,945,1,2,1,1.0,6.0,56260,M,4765668.0,-278281.0,56
201000036197,10,6,6,750,1,2,1,1.0,6.0,56260,M,4765962.0,-271517.0,56
201000036198,10,6,3,2045,1,2,1,1.0,6.0,56260,M,4766924.0,-277359.0,56
201000036199,10,5,19,1805,1,2,3,1.0,2.0,56260,M,4765999.0,-278691.0,56
201000036200,10,6,23,1520,1,2,3,1.0,3.0,56260,M,4764911.0,-276690.0,56
201000036201,10,6,26,1515,1,2,6,1.0,3.0,56260,M,4764123.0,-276852.0,56
201000036202,10,6,14,1930,1,2,2,8.0,3.0,56260,M,4766128.0,-275527.0,56
201000036203,10,7,8,1745,1,2,6,1.0,3.0,56260,M,4766286.0,-276223.0,56
201000036204,10,7,23,1420,1,2,1,1.0,2.0,56260,M,4766530.0,-272276.0,56
201000036205,10,7,25,700,2,2,1,2.0,3.0,56260,M,4765825.0,-279294.0,56
201000036206,10,7,24,1455,1,2,1,1.0,3.0,56260,M,4763884.0,-276705.0,56
201000036207,10,8,2,1715,1,1,1,8.0,4.0,56260,M,,,56
201000036208,10,8,6,2255,5,2,3,1.0,6.0,56260,M,4767312.0,-275408.0,56
201000036209,10,8,25,1630,1,2,3,8.0,6.0,56260,M,4765912.0,-275692.0,56
201000036210,10,9,2,1118,1,2,3,1.0,3.0,56260,M,4767649.0,-277275.0,56
201000036211,10,9,6,1805,1,2,3,2.0,3.0,56260,M,4766632.0,-278615.0,56
201000036212,10,3,26,2020,5,2,6,1.0,6.0,56260,M,4766090.0,-276120.0,56
201000036213,10,9,20,1815,1,2,1,1.0,3.0,56260,M,4765405.0,-270627.0,56
201000036214,10,9,23,1925,2,2,1,2.0,6.0,56260,M,4765933.0,-277564.0,56
201000036215,10,10,11,950,1,2,7,1.0,3.0,56260,M,4765881.0,-274826.0,56
201000036216,10,10,12,1600,1,2,7,1.0,6.0,56260,M,4765874.0,-275988.0,56
201000036217,10,10,12,1830,1,2,1,1.0,4.0,56260,M,4765609.0,-275974.0,56
201000036218,10,10,17,1800,1,2,3,1.0,3.0,56260,M,4766702.0,-274557.0,56
201000036219,10,10,25,1505,1,2,1,1.0,3.0,56260,M,4766815.0,-277079.0,56
201000036220,10,11,2,1540,1,2,3,1.0,3.0,56260,M,4765844.0,-275983.0,56
201000036221,10,11,4,930,1,2,1,1.0,1.0,56260,M,,,56
201000036222,10,11,5,1834,2,2,3,1.0,6.0,56260,M,4764354.0,-277115.0,56
201000036223,10,11,8,1835,5,2,6,2.0,3.0,56260,M,4766195.0,-279505.0,56
201000036224,10,11,20,2045,5,2,1,1.0,2.0,56260,M,4767081.0,-277057.0,56
201000036225,10,11,20,1810,5,2,1,1.0,1.0,56260,M,4765612.0,-273932.0,56
201000036226,10,11,23,1025,1,2,3,1.0,3.0,56260,M,4765939.0,-275504.0,56
201000036227,10,12,1,1815,5,2,1,4.0,6.0,56260,M,4764478.0,-277107.0,56
201000036228,10,12,5,1755,5,2,6,2.0,3.0,56260,M,4766372.0,-272664.0,56
201000036229,10,12,10,2325,5,2,3,1.0,6.0,56260,M,4766059.0,-272173.0,56
201000036230,10,12,9,1015,1,2,1,1.0,6.0,56260,M,,,56
201000036231,10,12,9,1740,3,2,1,1.0,6.0,56260,M,4765645.0,-276006.0,56
201000036232,10,12,18,2130,3,2,1,1.0,2.0,56260,M,,,56
201000036233,10,12,17,1900,5,2,3,8.0,3.0,56260,M,4765444.0,-276847.0,56
201000036234,10,1,6,1520,1,2,1,1.0,6.0,56164,M,4766258.0,-279647.0,56
201000036235,10,1,14,455,5,2,3,8.0,1.0,56260,M,4764914.0,-277047.0,56
201000036236,10,1,17,1130,1,2,6,1.0,3.0,56260,M,4766211.0,-279428.0,56
201000036237,10,1,25,1750,3,2,1,1.0,2.0,56260,M,,,56
201000036238,10,1,30,1425,1,2,1,1.0,6.0,56260,M,4766105.0,-279464.0,56
201000036239,10,2,6,1725,1,2,1,1.0,1.0,56260,M,4766747.0,-279508.0,56
201000036240,10,2,26,1820,1,2,3,1.0,6.0,56260,M,4766004.0,-278989.0,56
201000036241,10,3,3,1230,1,2,1,1.0,6.0,56260,M,4765642.0,-276086.0,56
201000036242,10,3,6,1655,1,2,1,1.0,6.0,56260,M,4766047.0,-279000.0,56
201000036243,10,3,19,1720,1,2,1,1.0,6.0,56260,M,4766560.0,-274994.0,56
201000036244,10,4,25,1810,1,2,1,1.0,3.0,56260,M,4765354.0,-275736.0,56
201000036245,10,5,10,2010,1,2,6,8.0,6.0,56260,M,4766418.0,-275572.0,56
201000036246,10,5,17,1200,1,2,6,1.0,3.0,56260,M,4766614.0,-277064.0,56
201000036247,10,6,3,1725,1,2,1,1.0,4.0,56260,M,4765616.0,-274311.0,56
201000036248,10,6,6,2220,5,2,1,1.0,6.0,56260,M,4765943.0,-277726.0,56
201000036249,10,6,8,1215,1,2,1,1.0,6.0,56260,M,4765419.0,-275950.0,56
201000036250,10,6,28,1350,1,2,1,1.0,2.0,56260,M,4766252.0,-275267.0,56
201000036251,10,6,28,1750,1,2,2,1.0,3.0,56260,M,4765346.0,-276913.0,56
201000036252,10,7,17,1550,1,2,6,1.0,3.0,56260,M,4764193.0,-276641.0,56
201000036253,10,7,25,2120,1,2,6,1.0,6.0,56260,M,4768367.0,-276647.0,56
201000036254,10,7,30,2225,5,2,3,1.0,3.0,56260,M,4765508.0,-276452.0,56
201000036255,10,8,6,640,2,2,6,1.0,3.0,56260,M,4766564.0,-279461.0,56
201000036256,10,9,10,1815,1,2,1,1.0,4.0,56260,M,4767208.0,-277215.0,56
201000036257,10,9,15,1540,1,2,1,1.0,3.0,56260,M,4764679.0,-277897.0,56
201000036258,10,9,23,1930,2,2,2,2.0,2.0,56260,M,4766350.0,-276519.0,56
201000036259,10,10,6,1640,1,2,1,1.0,6.0,56260,M,4764768.0,-276421.0,56
201000036260,10,10,7,1640,1,2,6,1.0,6.0,56260,M,4765977.0,-278110.0,56
201000036261,10,10,12,1130,1,2,1,1.0,6.0,56260,M,4765900.0,-276374.0,56
201000036262,10,10,13,1215,1,2,1,1.0,4.0,56260,M,4765611.0,-274309.0,56
201000036263,10,10,16,1140,1,2,6,1.0,3.0,56260,M,4763992.0,-276954.0,56
201000036264,10,10,23,2020,5,2,4,1.0,3.0,56260,M,4765437.0,-275725.0,56
201000036265,10,11,5,1910,5,2,9,1.0,5.0,56260,M,4766976.0,-272506.0,56
201000036266,10,11,13,1520,1,2,9,3.0,6.0,56260,M,4765429.0,-275786.0,56
201000036267,10,12,17,2255,5,2,6,1.0,6.0,56260,M,4766136.0,-279394.0,56
201000036268,10,3,1,1945,5,2,3,1.0,1.0,57660,M,,,57
201000036269,10,4,28,1910,1,2,3,1.0,4.0,57227,M,,,57
201000036270,10,3,26,1900,1,2,3,1.0,3.0,57537,M,,,57
201000036271,10,6,4,840,1,2,3,1.0,6.0,57227,M,,,57
201000036272,10,6,12,1530,1,2,1,1.0,6.0,57227,M,,,57
201000036273,10,8,14,1502,1,2,1,1.0,3.0,57660,M,,,57
201000036274,10,8,17,1255,1,2,2,2.0,3.0,57227,M,,,57
201000036275,10,8,24,1510,1,2,1,1.0,6.0,57227,M,,,57
201000036276,10,8,26,1930,2,2,1,1.0,6.0,57227,M,,,57
201000036277,10,12,21,1550,1,2,1,2.0,6.0,57227,M,,,57
201000036278,10,3,11,1510,1,2,1,1.0,6.0,57240,M,,,57
201000036279,10,8,21,725,2,2,1,8.0,5.0,57332,M,,,57
201000036280,10,9,3,1545,1,2,1,1.0,3.0,57240,M,,,57
201000036281,10,9,17,1555,1,2,1,1.0,3.0,57240,M,,,57
201000036282,10,12,19,1900,3,1,1,4.0,1.0,57240,M,,,57
201000036283,10,12,21,1225,1,1,1,2.0,1.0,57332,M,,,57
201000036284,10,2,1,1635,1,2,1,4.0,6.0,57283,M,,,57
201000036285,10,2,24,1805,5,2,1,2.0,6.0,57019,M,,,57
201000036286,10,3,4,755,1,2,2,1.0,3.0,57019,M,,,57
201000036287,10,3,25,1735,1,2,4,1.0,3.0,57143,M,,,57
201000036288,10,3,25,1620,1,2,6,1.0,2.0,57283,M,4925139.0,616728.0,57
201000036289,10,4,20,1430,1,2,1,1.0,7.0,57591,M,,,57
201000036290,10,5,17,1945,1,2,2,2.0,3.0,57283,M,4924850.0,616708.0,57
201000036291,10,5,23,1340,1,2,1,7.0,3.0,57597,M,,,57
201000036292,10,5,22,1925,1,2,1,1.0,3.0,57019,M,,,57
201000036293,10,6,11,1925,1,2,1,1.0,6.0,57597,M,,,57
201000036294,10,7,1,900,1,2,1,1.0,6.0,57283,M,,,57
201000036295,10,8,10,1730,1,1,1,1.0,3.0,57019,M,,,57
201000036296,10,7,26,1335,1,1,1,2.0,6.0,57591,M,,,57
201000036297,10,7,26,1340,1,1,1,2.0,2.0,57591,M,,,57
201000036298,10,7,26,1715,1,2,1,1.0,3.0,57283,M,,,57
201000036299,10,8,3,1755,1,1,1,1.0,2.0,57019,M,,,57
201000036300,10,8,10,810,1,2,2,1.0,3.0,57019,M,,,57
201000036301,10,10,9,1720,1,1,1,1.0,7.0,57491,M,,,57
201000036302,10,9,13,750,1,2,1,1.0,3.0,57143,M,,,57
201000036303,10,10,11,1000,1,2,1,7.0,6.0,57491,M,,,57
201000036304,10,10,14,1730,1,2,2,1.0,3.0,57019,M,4925549.0,614310.0,57
201000036305,10,10,17,215,5,2,2,1.0,3.0,57019,M,,,57
201000036306,10,10,23,2345,3,1,1,2.0,1.0,57019,M,,,57
201000036307,10,11,13,15,5,2,1,1.0,7.0,57019,M,,,57
201000036308,10,11,6,1950,5,2,6,2.0,4.0,57491,M,,,57
201000036309,10,11,12,1705,5,2,1,2.0,6.0,57283,M,,,57
201000036310,10,12,1,1400,1,1,1,1.0,1.0,57019,M,,,57
201000036311,10,11,12,1635,2,1,6,2.0,1.0,57283,M,,,57
201000036312,10,12,15,1635,2,2,1,2.0,6.0,57143,M,,,57
201000036313,10,1,4,1705,5,2,1,1.0,3.0,57463,M,,,57
201000036314,10,1,5,1345,1,2,2,1.0,6.0,57463,M,,,57
201000036315,10,1,10,2130,5,2,3,1.0,2.0,57049,M,,,57
201000036316,10,1,14,2240,5,2,6,1.0,6.0,57463,M,,,57
201000036317,10,1,15,1735,5,2,3,8.0,6.0,57463,M,,,57
201000036318,10,1,16,1800,5,2,6,8.0,6.0,57487,M,,,57
201000036319,10,1,17,1945,5,2,4,1.0,1.0,57463,M,,,57
201000036320,10,1,18,815,1,2,1,1.0,6.0,57463,M,,,57
201000036321,10,1,18,815,5,2,3,1.0,6.0,57463,M,,,57
201000036322,10,1,20,130,5,2,3,1.0,6.0,57751,M,,,57
201000036323,10,1,22,1020,1,2,1,2.0,6.0,57463,M,,,57
201000036324,10,1,28,2,3,1,1,1.0,6.0,57487,M,,,57
201000036325,10,1,28,1330,1,2,1,1.0,6.0,57463,M,,,57
201000036326,10,2,3,2050,5,2,2,2.0,3.0,57463,M,,,57
201000036327,10,2,9,1710,2,2,2,1.0,3.0,57463,M,,,57
201000036328,10,2,16,835,1,2,6,7.0,6.0,57751,M,,,57
201000036329,10,2,18,1830,5,2,2,1.0,3.0,57463,M,,,57
201000036330,10,2,20,1315,1,2,3,2.0,2.0,57487,M,,,57
201000036331,10,2,27,1445,1,2,1,1.0,3.0,57463,M,,,57
201000036332,10,3,1,1330,1,2,1,1.0,3.0,57463,M,,,57
201000036333,10,3,2,1340,1,2,1,1.0,3.0,57463,M,,,57
201000036334,10,3,4,1650,1,2,2,1.0,6.0,57463,M,,,57
201000036335,10,3,5,1905,5,2,1,1.0,3.0,57463,M,,,57
201000036336,10,3,17,1830,1,2,1,1.0,6.0,57463,M,,,57
201000036337,10,3,22,1745,1,2,1,1.0,3.0,57463,M,,,57
201000036338,10,3,24,810,1,2,1,1.0,2.0,57463,M,,,57
201000036339,10,3,25,1810,1,2,6,1.0,3.0,57463,M,,,57
201000036340,10,3,29,2035,5,2,2,1.0,3.0,57463,M,,,57
201000036341,10,4,6,1025,1,2,3,1.0,6.0,57463,M,,,57
201000036342,10,4,11,1620,1,2,1,1.0,6.0,57463,M,,,57
201000036343,10,4,19,2110,5,2,1,1.0,7.0,57463,M,,,57
201000036344,10,4,21,1800,1,2,1,1.0,2.0,57463,M,,,57
201000036345,10,4,22,1615,1,2,1,1.0,6.0,57463,M,,,57
201000036346,10,4,23,1615,1,2,1,1.0,3.0,57463,M,,,57
201000036347,10,4,24,1610,1,1,1,1.0,5.0,57447,M,,,57
201000036348,10,4,24,2135,5,2,2,1.0,1.0,57463,M,,,57
201000036349,10,4,24,2325,5,2,3,1.0,3.0,57480,M,,,57
201000036350,10,4,28,1715,1,2,1,1.0,3.0,57463,M,,,57
201000036351,10,4,28,1715,1,2,2,1.0,6.0,57463,M,,,57
201000036352,10,4,29,1630,1,2,1,1.0,6.0,57463,M,,,57
201000036353,10,5,2,350,5,2,1,1.0,6.0,57412,M,,,57
201000036354,10,5,16,1955,1,2,2,1.0,6.0,57463,M,,,57
201000036355,10,5,17,5,5,2,2,1.0,2.0,57463,M,,,57
201000036356,10,5,19,855,1,2,2,1.0,3.0,57463,M,,,57
201000036357,10,5,24,1325,1,2,2,1.0,2.0,57463,M,,,57
201000036358,10,5,27,2210,5,2,4,1.0,3.0,57463,M,,,57
201000036359,10,5,29,2035,1,2,3,1.0,3.0,57480,M,,,57
201000036360,10,6,2,1645,1,2,4,1.0,2.0,57463,M,,,57
201000036361,10,6,3,1615,1,2,1,1.0,6.0,57480,M,,,57
201000036362,10,6,3,2023,1,2,1,1.0,6.0,57463,M,,,57
201000036363,10,6,5,35,5,2,2,1.0,3.0,57463,M,,,57
201000036364,10,6,5,635,1,2,2,1.0,6.0,57463,M,,,57
201000036365,10,6,5,1750,1,2,4,1.0,7.0,57463,M,,,57
201000036366,10,6,7,650,1,2,1,1.0,3.0,57463,M,,,57
201000036367,10,6,7,1735,1,2,1,1.0,6.0,57751,M,,,57
201000036368,10,6,22,2140,1,2,4,1.0,3.0,57480,M,,,57
201000036369,10,6,27,1735,1,2,2,1.0,3.0,57463,M,,,57
201000036370,10,6,30,1420,1,2,3,1.0,3.0,57616,M,,,57
201000036371,10,6,30,1530,1,2,1,1.0,6.0,57463,M,,,57
201000036372,10,7,1,1635,1,2,1,1.0,3.0,57463,M,,,57
201000036373,10,7,2,1305,1,2,2,1.0,3.0,57463,M,,,57
201000036374,10,7,3,2145,2,2,1,1.0,2.0,57463,M,,,57
201000036375,10,7,7,1930,1,2,4,1.0,1.0,57463,M,,,57
201000036376,10,7,10,1440,1,2,1,1.0,6.0,57463,M,,,57
201000036377,10,7,14,2150,5,2,1,1.0,1.0,57463,M,,,57
201000036378,10,7,17,320,5,2,1,8.0,6.0,57487,M,,,57
201000036379,10,7,17,2245,5,2,1,1.0,3.0,57751,M,,,57
201000036380,10,7,18,625,1,2,2,1.0,3.0,57463,M,,,57
201000036381,10,7,20,818,1,2,2,7.0,6.0,57463,M,,,57
201000036382,10,7,21,30,5,2,2,1.0,3.0,57463,M,,,57
201000036383,10,7,26,1810,1,2,1,2.0,3.0,57480,M,,,57
201000036384,10,7,28,1505,1,2,3,1.0,7.0,57463,M,,,57
201000036385,10,7,30,1856,1,2,2,1.0,3.0,57463,M,,,57
201000036386,10,8,9,840,1,2,1,1.0,3.0,57480,M,,,57
201000036387,10,8,15,435,5,2,1,2.0,2.0,57487,M,,,57
201000036388,10,8,16,855,1,2,1,2.0,1.0,57616,M,,,57
201000036389,10,8,20,1930,2,2,1,1.0,3.0,57463,M,,,57
201000036390,10,8,22,2230,5,2,1,1.0,3.0,57412,M,,,57
201000036391,10,8,30,1200,1,2,1,8.0,6.0,57487,M,,,57
201000036392,10,9,2,715,1,2,4,1.0,3.0,57463,M,,,57
201000036393,10,9,3,1740,1,2,1,1.0,6.0,57480,M,,,57
201000036394,10,9,6,1755,1,2,4,1.0,3.0,57463,M,,,57
201000036395,10,9,8,1805,1,2,6,1.0,3.0,57463,M,,,57
201000036396,10,9,16,355,5,2,1,1.0,6.0,57463,M,,,57
201000036397,10,9,16,1650,1,2,3,1.0,3.0,57463,M,,,57
201000036398,10,9,23,1715,1,2,3,1.0,6.0,57463,M,,,57
201000036399,10,9,25,1840,1,2,1,1.0,3.0,57463,M,,,57
201000036400,10,9,28,840,1,2,1,1.0,6.0,57463,M,,,57
201000036401,10,10,2,1350,1,2,6,1.0,6.0,57447,M,,,57
201000036402,10,10,5,1715,1,2,2,1.0,6.0,57463,M,,,57
201000036403,10,10,7,1610,1,2,2,1.0,3.0,57463,M,,,57
201000036404,10,10,11,1155,1,2,1,7.0,6.0,57480,M,,,57
201000036405,10,10,13,1645,1,1,2,1.0,3.0,57447,M,,,57
201000036406,10,10,14,1320,1,2,1,7.0,6.0,57412,M,,,57
201000036407,10,10,17,613,5,2,1,1.0,6.0,57463,M,,,57
201000036408,10,10,18,725,1,2,1,1.0,3.0,57642,M,,,57
201000036409,10,10,19,925,1,2,1,2.0,6.0,57463,M,,,57
201000036410,10,10,20,930,1,2,2,1.0,6.0,57463,M,,,57
201000036411,10,10,30,1413,1,2,2,1.0,2.0,57463,M,,,57
201000036412,10,10,31,1515,1,2,1,1.0,7.0,57463,M,,,57
201000036413,10,11,2,1400,1,2,1,1.0,7.0,57463,M,,,57
201000036414,10,11,3,1540,1,2,1,2.0,6.0,57447,M,,,57
201000036415,10,11,4,1738,2,2,3,2.0,6.0,57463,M,,,57
201000036416,10,11,6,1738,5,2,3,2.0,6.0,57463,M,,,57
201000036417,10,11,9,1045,1,2,1,8.0,1.0,57463,M,,,57
201000036418,10,11,10,1110,1,2,2,2.0,3.0,57463,M,,,57
201000036419,10,11,9,1720,5,2,2,3.0,6.0,57463,M,,,57
201000036420,10,11,10,2015,5,2,2,1.0,3.0,57049,M,,,57
201000036421,10,11,12,1935,5,1,1,2.0,2.0,57616,M,,,57
201000036422,10,11,19,1440,1,2,3,1.0,5.0,57463,M,,,57
201000036423,10,12,7,1210,1,2,1,1.0,6.0,57463,M,,,57
201000036424,10,12,7,1655,2,2,2,3.0,6.0,57463,M,,,57
201000036425,10,12,7,1710,5,2,1,3.0,1.0,57447,M,,,57
201000036426,10,12,8,1755,5,2,1,4.0,2.0,57463,M,,,57
201000036427,10,12,11,1930,5,2,1,2.0,2.0,57463,M,,,57
201000036428,10,12,28,925,1,2,1,1.0,5.0,57463,M,,,57
201000036429,10,2,18,1340,1,2,4,1.0,7.0,57606,M,,,57
201000036430,10,4,6,1705,1,2,1,1.0,6.0,57606,M,,,57
201000036431,10,5,6,1650,1,2,1,2.0,6.0,57606,M,,,57
201000036432,10,5,26,1005,1,2,4,1.0,7.0,57606,M,,,57
201000036433,10,7,4,1150,1,1,1,1.0,1.0,57606,M,,,57
201000036434,10,7,13,2230,5,2,1,1.0,7.0,57606,M,,,57
201000036435,10,5,6,1205,1,1,1,2.0,1.0,57344,M,,,57
201000036436,10,8,5,1915,1,2,1,1.0,6.0,57630,M,,,57
201000036437,10,8,13,1130,1,2,1,1.0,4.0,57630,M,,,57
201000036438,10,10,6,1535,1,2,2,1.0,3.0,57630,M,,,57
201000036439,10,12,21,2005,5,2,1,2.0,6.0,57630,M,,,57
201000036440,10,10,20,745,1,2,2,1.0,3.0,57630,M,,,57
201000036441,10,7,21,1200,1,2,1,1.0,2.0,57630,M,,,57
201000036442,10,2,8,1745,5,2,2,8.0,6.0,57631,M,,,57
201000036443,10,6,19,1930,1,2,2,7.0,3.0,57631,M,,,57
201000036444,10,7,8,2145,2,2,1,1.0,6.0,57631,M,,,57
201000036445,10,7,13,916,1,2,1,1.0,6.0,57631,M,,,57
201000036446,10,11,12,1802,5,2,1,2.0,6.0,57631,M,,,57
201000036447,10,12,14,1323,1,2,1,1.0,6.0,57631,M,,,57
201000036448,10,12,20,905,1,2,1,4.0,6.0,57631,M,,,57
201000036449,10,1,2,1335,1,2,1,1.0,1.0,57441,M,,,57
201000036450,10,1,2,1835,5,2,1,4.0,6.0,57672,M,,,57
201000036451,10,1,3,1750,5,2,1,1.0,3.0,57757,M,,,57
201000036452,10,1,6,1520,1,2,1,1.0,4.0,57672,M,,,57
201000036453,10,1,7,800,2,2,1,8.0,6.0,57672,M,,,57
201000036454,10,1,6,1805,5,2,1,8.0,6.0,57306,M,,,57
201000036455,10,1,8,1755,5,2,1,1.0,2.0,57672,M,,,57
201000036456,10,1,14,1725,5,2,1,8.0,2.0,57666,M,,,57
201000036457,10,1,16,2155,5,2,6,3.0,3.0,57672,M,,,57
201000036458,10,1,18,1840,4,1,1,1.0,2.0,57672,M,,,57
201000036459,10,1,20,1800,5,2,1,1.0,6.0,57666,M,,,57
201000036460,10,1,21,1635,1,2,1,2.0,6.0,57757,M,,,57
201000036461,10,1,25,815,1,2,3,8.0,6.0,57757,M,,,57
201000036462,10,1,25,1305,1,2,1,8.0,1.0,57672,M,,,57
201000036463,10,2,2,805,1,1,1,4.0,1.0,57672,M,,,57
201000036464,10,2,8,1445,1,2,1,1.0,2.0,57672,M,,,57
201000036465,10,2,8,1805,5,2,1,1.0,6.0,57672,M,,,57
201000036466,10,2,11,955,1,1,1,4.0,1.0,57672,M,,,57
201000036467,10,2,13,1740,1,2,1,1.0,2.0,57368,M,,,57
201000036468,10,2,23,1434,1,1,1,2.0,5.0,57221,M,,,57
201000036469,10,2,28,145,3,1,1,3.0,7.0,57757,M,,,57
201000036470,10,3,1,1225,1,2,2,1.0,3.0,57221,M,,,57
201000036471,10,3,9,1155,1,2,1,1.0,6.0,57672,M,,,57
201000036472,10,3,8,1753,1,2,4,1.0,3.0,57306,M,,,57
201000036473,10,3,11,1720,1,2,1,1.0,6.0,57672,M,,,57
201000036474,10,3,12,1525,1,2,3,1.0,3.0,57221,M,,,57
201000036475,10,3,11,1630,1,1,1,1.0,2.0,57306,M,,,57
201000036476,10,3,22,1545,1,2,4,1.0,3.0,57672,M,,,57
201000036477,10,3,23,1710,1,2,6,1.0,2.0,57672,M,,,57
201000036478,10,3,26,955,1,2,1,3.0,6.0,57672,M,,,57
201000036479,10,3,27,1740,1,1,1,2.0,2.0,57672,M,,,57
201000036480,10,3,27,1915,5,2,1,2.0,6.0,57672,M,,,57
201000036481,10,4,2,2205,5,2,1,1.0,3.0,57672,M,,,57
201000036482,10,4,6,1205,1,2,1,1.0,3.0,57672,M,,,57
201000036483,10,4,6,1720,1,2,6,1.0,3.0,57672,M,,,57
201000036484,10,4,8,1925,2,1,3,2.0,3.0,57672,M,,,57
201000036485,10,4,12,5,5,2,1,1.0,6.0,57672,M,,,57
201000036486,10,3,20,1235,1,2,1,3.0,2.0,57306,M,,,57
201000036487,10,4,12,1710,1,2,1,2.0,6.0,57306,M,,,57
201000036488,10,4,14,1805,1,2,1,1.0,3.0,57672,M,,,57
201000036489,10,4,16,1638,1,2,6,1.0,2.0,57672,M,,,57
201000036490,10,4,16,1710,1,2,1,1.0,3.0,57672,M,,,57
201000036491,10,4,22,1130,1,2,1,1.0,1.0,57306,M,,,57
201000036492,10,4,24,1835,1,1,1,1.0,1.0,57672,M,,,57
201000036493,10,4,26,1739,1,2,1,1.0,6.0,57306,M,,,57
201000036494,10,4,30,1650,1,2,1,1.0,2.0,57368,M,,,57
201000036495,10,5,1,2000,1,2,1,1.0,2.0,57221,M,,,57
201000036496,10,5,2,1915,1,2,1,1.0,6.0,57757,M,,,57
201000036497,10,5,3,740,1,2,1,1.0,6.0,57221,M,,,57
201000036498,10,5,12,1300,1,2,1,1.0,6.0,57672,M,,,57
201000036499,10,5,18,1400,1,2,1,1.0,2.0,57221,M,,,57
201000036500,10,5,21,1725,1,2,1,1.0,6.0,57757,M,,,57
201000036501,10,5,23,1525,1,2,1,1.0,6.0,57306,M,,,57
201000036502,10,5,24,1545,1,2,1,1.0,2.0,57757,M,,,57
201000036503,10,5,27,1110,1,2,2,1.0,3.0,57647,M,,,57
201000036504,10,5,29,55,5,2,2,1.0,3.0,57672,M,,,57
201000036505,10,5,31,1820,1,2,1,2.0,2.0,57757,M,,,57
201000036506,10,6,2,1215,1,2,6,1.0,6.0,57672,M,,,57
201000036507,10,6,4,720,1,1,1,1.0,4.0,57672,M,,,57
201000036508,10,6,4,1220,1,2,1,1.0,3.0,57757,M,,,57
201000036509,10,6,4,1408,1,2,3,1.0,3.0,57672,M,,,57
201000036510,10,6,5,1045,1,2,1,1.0,3.0,57666,M,,,57
201000036511,10,6,5,1855,1,2,6,1.0,3.0,57672,M,,,57
201000036512,10,6,9,1000,1,2,1,1.0,6.0,57672,M,,,57
201000036513,10,6,12,1405,1,2,2,1.0,6.0,57757,M,,,57
201000036514,10,6,14,755,1,2,3,1.0,2.0,57672,M,,,57
201000036515,10,6,15,715,1,1,1,1.0,1.0,57441,M,,,57
201000036516,10,6,15,1545,1,2,1,1.0,6.0,57757,M,,,57
201000036517,10,6,16,1530,1,2,1,1.0,6.0,57368,M,,,57
201000036518,10,6,17,1135,1,2,1,2.0,4.0,57666,M,,,57
201000036519,10,6,18,2225,2,2,2,1.0,2.0,57672,M,,,57
201000036520,10,6,22,1335,1,2,1,1.0,1.0,57672,M,,,57
201000036521,10,6,24,1027,1,2,1,1.0,6.0,57508,M,,,57