Num_Acc,an,mois,jour,hrmn,lum,agg,int,atm,col,com,gps,lat,long,dep
201000036522,10,6,26,315,5,2,1,1.0,7.0,57012,M,,,57
201000036523,10,6,26,1940,1,2,1,1.0,2.0,57672,M,,,57
201000036524,10,6,26,1740,1,2,3,1.0,2.0,57757,M,,,57
201000036525,10,6,30,1905,1,2,1,1.0,6.0,57672,M,,,57
201000036526,10,7,2,1720,1,1,1,1.0,2.0,57672,M,,,57
201000036527,10,7,4,1820,1,1,1,1.0,3.0,57757,M,,,57
201000036528,10,7,4,1955,1,2,1,1.0,6.0,57672,M,,,57
201000036529,10,7,6,1225,1,2,1,7.0,6.0,57672,M,,,57
201000036530,10,7,6,1535,1,2,1,1.0,1.0,57672,M,,,57
201000036531,10,7,7,335,5,2,1,1.0,6.0,57012,M,,,57
201000036532,10,7,10,10,5,2,1,1.0,1.0,57672,M,,,57
201000036533,10,7,11,905,1,2,6,1.0,2.0,57672,M,,,57
201000036534,10,7,14,245,5,2,1,1.0,6.0,57672,M,,,57
201000036535,10,7,25,1405,1,2,1,1.0,3.0,57757,M,,,57
201000036536,10,7,27,1250,1,1,1,1.0,2.0,57672,M,,,57
201000036537,10,7,30,1638,1,2,1,1.0,6.0,57012,M,,,57
201000036538,10,8,4,1045,1,2,3,1.0,3.0,57672,M,,,57
201000036539,10,8,11,830,1,2,1,1.0,3.0,57672,M,,,57
201000036540,10,8,16,1520,1,2,1,1.0,3.0,57672,M,,,57
201000036541,10,8,18,2145,5,2,1,1.0,7.0,57221,M,,,57
201000036542,10,8,21,945,1,2,1,1.0,4.0,57306,M,,,57
201000036543,10,8,23,215,3,1,1,1.0,6.0,57672,M,,,57
201000036544,10,8,25,2305,5,2,1,1.0,3.0,57306,M,,,57
201000036545,10,8,26,1423,1,1,1,1.0,1.0,57441,M,,,57
201000036546,10,8,27,1625,1,2,3,1.0,4.0,57672,M,,,57
201000036547,10,8,30,910,1,2,1,2.0,4.0,57306,M,,,57
201000036548,10,9,11,1410,1,2,1,1.0,2.0,57306,M,,,57
201000036549,10,9,12,1255,1,1,1,1.0,3.0,57441,M,,,57
201000036550,10,9,22,705,2,2,6,1.0,3.0,57757,M,,,57
201000036551,10,9,23,1610,1,2,1,8.0,1.0,57672,M,,,57
201000036552,10,9,24,1445,1,2,1,2.0,4.0,57672,M,,,57
201000036553,10,9,25,1635,1,2,1,1.0,3.0,57666,M,,,57
201000036554,10,9,26,1000,1,2,2,2.0,3.0,57368,M,,,57
201000036555,10,9,27,1145,1,2,1,1.0,3.0,57672,M,,,57
201000036556,10,10,2,1835,1,2,1,2.0,4.0,57672,M,,,57
201000036557,10,10,3,2015,5,2,1,2.0,6.0,57012,M,,,57
201000036558,10,10,7,750,1,2,1,1.0,6.0,57368,M,,,57
201000036559,10,10,9,1810,1,2,1,1.0,3.0,57757,M,,,57
201000036560,10,10,10,1225,1,2,1,1.0,3.0,57672,M,,,57
201000036561,10,10,10,1815,1,2,3,1.0,3.0,57012,M,,,57
201000036562,10,10,9,2015,5,2,1,1.0,3.0,57306,M,,,57
201000036563,10,10,11,1610,1,2,1,1.0,6.0,57221,M,,,57
201000036564,10,10,15,630,4,2,1,1.0,4.0,57221,M,,,57
201000036565,10,10,16,2335,4,2,1,2.0,6.0,57672,M,,,57
201000036566,10,10,17,1330,1,2,1,1.0,7.0,57221,M,,,57
201000036567,10,10,19,1240,1,2,2,2.0,3.0,57672,M,,,57
201000036568,10,10,19,1700,1,2,1,7.0,4.0,57306,M,,,57
201000036569,10,10,23,1415,1,2,1,1.0,4.0,57012,M,,,57
201000036570,10,10,26,905,1,1,1,7.0,2.0,57672,M,,,57
201000036571,10,10,28,300,5,2,1,1.0,6.0,57672,M,,,57
201000036572,10,10,29,1635,1,2,2,1.0,3.0,57221,M,,,57
201000036573,10,11,2,1816,5,2,1,2.0,3.0,57221,M,,,57
201000036574,10,11,2,1920,3,1,1,2.0,4.0,57306,M,,,57
201000036575,10,11,5,1400,1,2,1,1.0,6.0,57757,M,,,57
201000036576,10,11,9,1338,1,2,1,2.0,3.0,57508,M,,,57
201000036577,10,11,10,1210,1,2,1,2.0,3.0,57672,M,,,57
201000036578,10,11,10,1049,1,1,1,2.0,3.0,57666,M,,,57
201000036579,10,11,16,1445,1,1,1,1.0,2.0,57306,M,,,57
201000036580,10,11,17,1719,3,2,1,2.0,6.0,57012,M,,,57
201000036581,10,11,17,1845,5,1,1,2.0,2.0,57672,M,,,57
201000036582,10,11,17,2240,3,1,1,1.0,1.0,57441,M,,,57
201000036583,10,11,18,1930,5,2,1,1.0,3.0,57672,M,,,57
201000036584,10,11,20,1905,5,2,1,1.0,2.0,57368,M,,,57
201000036585,10,11,26,910,1,2,2,1.0,3.0,57221,M,,,57
201000036586,10,11,26,1230,1,1,1,1.0,2.0,57672,M,,,57
201000036587,10,11,30,1930,5,2,1,4.0,2.0,57306,M,,,57
201000036588,10,12,1,1150,1,1,1,4.0,6.0,57757,M,,,57
201000036589,10,12,2,1645,2,2,1,2.0,6.0,57306,M,,,57
201000036590,10,12,5,1500,1,2,2,2.0,2.0,57672,M,,,57
201000036591,10,12,6,1630,2,1,2,4.0,6.0,57757,M,,,57
201000036592,10,12,8,750,5,2,2,3.0,6.0,57647,M,,,57
201000036593,10,12,13,1015,1,2,2,1.0,6.0,57672,M,,,57
201000036594,10,12,15,1950,5,1,1,2.0,2.0,57221,M,,,57
201000036595,10,12,16,1120,1,1,2,1.0,2.0,57672,M,,,57
201000036596,10,12,19,1005,1,2,2,4.0,3.0,57757,M,,,57
201000036597,10,12,22,1130,1,1,1,4.0,6.0,57672,M,,,57
201000036598,10,12,23,1515,1,2,1,1.0,6.0,57672,M,,,57
201000036599,10,12,22,1610,1,2,1,4.0,6.0,57221,M,,,57
201000036600,10,12,23,2005,5,2,1,4.0,6.0,57672,M,,,57
201000036601,10,12,24,1320,1,2,1,4.0,1.0,57672,M,,,57
201000036602,10,12,28,1150,1,2,1,4.0,4.0,57672,M,,,57
201000036603,10,12,30,1155,1,2,1,1.0,3.0,58194,M,,,58
201000036604,10,5,9,1725,1,1,1,2.0,7.0,58194,M,,,58
201000036605,10,5,24,1245,1,2,1,1.0,7.0,58194,M,,,58
201000036606,10,6,9,640,2,2,1,2.0,7.0,58194,M,,,58
201000036607,10,6,13,1200,1,2,1,1.0,7.0,58194,M,,,58
201000036608,10,7,19,1355,1,2,1,1.0,7.0,58194,M,,,58
201000036609,10,7,23,1400,1,2,1,1.0,7.0,58194,M,,,58
201000036610,10,1,4,1045,1,2,1,1.0,3.0,58194,M,,,58
201000036611,10,9,8,1500,1,2,1,2.0,7.0,58194,M,,,58
201000036612,10,10,9,1455,1,2,1,1.0,7.0,58194,M,,,58
201000036613,10,10,12,1555,1,2,1,1.0,7.0,58194,M,,,58
201000036614,10,11,2,2005,5,2,1,2.0,7.0,58194,M,,,58
201000036615,10,1,6,1705,2,2,1,4.0,6.0,58194,M,,,58
201000036616,10,1,7,1220,1,2,1,1.0,7.0,58194,M,,,58
201000036617,10,1,13,1530,1,2,1,2.0,6.0,58194,M,,,58
201000036618,10,1,14,745,5,2,1,1.0,6.0,58194,M,,,58
201000036619,10,1,17,845,5,2,1,1.0,7.0,58194,M,,,58
201000036620,10,1,19,935,1,2,1,1.0,6.0,58194,M,,,58
201000036621,10,1,21,1705,1,2,1,1.0,6.0,58194,M,,,58
201000036622,10,2,5,1850,5,2,1,1.0,6.0,58194,M,,,58
201000036623,10,2,1,725,2,2,3,1.0,3.0,58194,M,,,58
201000036624,10,2,15,1355,1,2,1,1.0,3.0,58194,M,,,58
201000036625,10,2,26,1710,1,2,1,1.0,7.0,58194,M,,,58
201000036626,10,3,1,1330,1,2,1,1.0,3.0,58194,M,,,58
201000036627,10,3,2,1200,1,2,1,1.0,2.0,58194,M,,,58
201000036628,10,2,21,1735,1,2,1,1.0,6.0,58194,M,,,58
201000036629,10,3,8,735,1,2,1,1.0,2.0,58194,M,,,58
201000036630,10,3,10,650,1,2,1,4.0,6.0,58194,M,,,58
201000036631,10,3,17,1135,1,2,1,1.0,5.0,58194,M,,,58
201000036632,10,3,19,755,1,2,1,1.0,4.0,58194,M,,,58
201000036633,10,3,21,1935,2,2,1,1.0,1.0,58194,M,,,58
201000036634,10,3,23,1725,1,2,1,1.0,3.0,58194,M,,,58
201000036635,10,3,29,1125,1,2,1,1.0,2.0,58194,M,,,58
201000036636,10,4,12,1720,1,2,3,1.0,3.0,58194,M,,,58
201000036637,10,4,13,1920,1,2,1,1.0,7.0,58194,M,,,58
201000036638,10,4,16,955,1,2,1,1.0,4.0,58194,M,,,58
201000036639,10,4,19,815,1,2,1,1.0,6.0,58194,M,,,58
201000036640,10,4,19,1800,1,2,1,1.0,1.0,58194,M,,,58
201000036641,10,5,12,1805,1,2,1,1.0,1.0,58194,M,,,58
201000036642,10,5,12,1955,1,2,1,1.0,3.0,58194,M,,,58
201000036643,10,5,19,1755,1,1,1,1.0,6.0,58194,M,,,58
201000036644,10,5,21,745,1,2,1,1.0,1.0,58194,M,,,58
201000036645,10,6,1,1140,1,2,1,1.0,1.0,58194,M,,,58
201000036646,10,5,27,1415,1,2,1,1.0,6.0,58194,M,,,58
201000036647,10,5,31,2025,1,2,1,1.0,3.0,58194,M,,,58
201000036648,10,6,10,1455,1,2,1,1.0,2.0,58194,M,,,58
201000036649,10,6,24,1545,1,2,1,1.0,1.0,58194,M,,,58
201000036650,10,7,17,1650,1,2,1,1.0,2.0,58194,M,,,58
201000036651,10,8,6,140,5,2,1,1.0,6.0,58194,M,,,58
201000036652,10,8,11,2240,5,2,1,2.0,1.0,58194,M,,,58
201000036653,10,8,21,1615,1,2,1,1.0,6.0,58194,M,,,58
201000036654,10,8,26,810,1,2,1,1.0,6.0,58194,M,,,58
201000036655,10,8,26,835,1,2,6,1.0,6.0,58194,M,,,58
201000036656,10,9,1,1720,1,2,1,1.0,6.0,58194,M,,,58
201000036657,10,9,2,1355,1,2,1,1.0,2.0,58194,M,,,58
201000036658,10,9,7,2245,5,2,1,2.0,1.0,58194,M,,,58
201000036659,10,9,8,1305,1,2,1,2.0,7.0,58194,M,,,58
201000036660,10,9,12,205,5,2,1,1.0,6.0,58194,M,,,58
201000036661,10,9,9,825,1,2,1,1.0,6.0,58194,M,,,58
201000036662,10,9,16,1115,1,2,1,1.0,3.0,58194,M,,,58
201000036663,10,9,19,2020,2,2,1,1.0,3.0,58194,M,,,58
201000036664,10,9,21,1555,1,2,1,1.0,6.0,58194,M,,,58
201000036665,10,9,26,1625,1,2,1,1.0,4.0,58194,M,,,58
201000036666,10,9,24,2140,5,2,1,2.0,2.0,58194,M,,,58
201000036667,10,10,7,1610,1,2,1,1.0,1.0,58194,M,,,58
201000036668,10,10,19,1755,2,2,3,2.0,3.0,58194,M,,,58
201000036669,10,10,24,655,2,2,1,1.0,6.0,58194,M,,,58
201000036670,10,10,27,955,1,2,1,1.0,6.0,58194,M,,,58
201000036671,10,11,1,810,1,2,2,1.0,3.0,58194,M,,,58
201000036672,10,10,29,950,1,2,1,1.0,3.0,58194,M,,,58
201000036673,10,11,8,705,5,2,1,2.0,3.0,58194,M,,,58
201000036674,10,11,8,1005,1,2,1,2.0,7.0,58194,M,,,58
201000036675,10,11,14,1825,5,2,1,8.0,3.0,58194,M,,,58
201000036676,10,11,13,2020,5,2,1,2.0,1.0,58194,M,,,58
201000036677,10,11,16,1820,2,2,1,1.0,1.0,58194,M,,,58
201000036678,10,10,13,1045,1,2,6,1.0,3.0,58194,M,,,58
201000036679,10,11,22,1130,1,2,1,1.0,6.0,58194,M,,,58
201000036680,10,11,23,1455,1,2,1,1.0,6.0,58194,M,,,58
201000036681,10,11,18,1805,5,2,1,1.0,6.0,58194,M,,,58
201000036682,10,11,29,225,5,2,6,1.0,6.0,58194,M,,,58
201000036683,10,11,24,1405,1,2,1,1.0,4.0,58194,M,,,58
201000036684,10,12,22,2005,5,2,1,2.0,6.0,58194,M,,,58
201000036685,10,12,22,1740,5,2,1,2.0,7.0,58194,M,,,58
201000036686,10,12,23,1850,5,2,6,2.0,3.0,58194,M,,,58
201000036687,10,1,10,2000,5,2,1,1.0,3.0,59390,M,,,59
201000036688,10,1,14,1145,1,2,2,1.0,1.0,59390,M,,,59
201000036689,10,2,1,1625,1,2,1,1.0,6.0,59008,M,,,59
201000036690,10,2,6,1520,1,2,1,1.0,2.0,59390,M,,,59
201000036691,10,2,26,715,2,2,1,2.0,6.0,59390,M,,,59
201000036692,10,6,4,1900,1,1,1,1.0,6.0,59390,M,,,59
201000036693,10,6,10,925,1,2,3,2.0,3.0,59390,M,,,59
201000036694,10,6,28,2003,1,2,1,1.0,1.0,59008,M,,,59
201000036695,10,7,7,1905,1,2,1,1.0,1.0,59390,M,,,59
201000036696,10,7,2,40,5,2,1,1.0,6.0,59008,M,,,59
201000036697,10,7,5,1500,1,2,1,1.0,3.0,59008,M,,,59
201000036698,10,8,7,1855,1,2,1,1.0,3.0,59185,M,,,59
201000036699,10,8,29,1445,1,2,2,1.0,3.0,59327,M,,,59
201000036700,10,9,6,955,1,2,3,1.0,3.0,59024,M,,,59
201000036701,10,10,2,1445,1,2,1,2.0,6.0,59008,M,,,59
201000036702,10,10,17,2310,5,2,1,1.0,7.0,59008,M,,,59
201000036703,10,11,7,915,1,2,1,8.0,3.0,59008,M,,,59
201000036704,10,1,4,1645,2,2,1,1.0,7.0,59317,M,,,59
201000036705,10,1,21,1025,1,2,1,8.0,3.0,59017,M,,,59
201000036706,10,1,25,1125,1,2,1,1.0,6.0,59017,M,,,59
201000036707,10,2,26,1730,1,1,2,1.0,3.0,59317,M,,,59
201000036708,10,3,7,1140,1,1,1,1.0,2.0,59143,M,,,59
201000036709,10,3,14,1615,1,1,1,1.0,3.0,59431,M,,,59
201000036710,10,3,20,1605,1,1,2,1.0,3.0,59317,M,,,59
201000036711,10,3,19,850,1,2,6,1.0,6.0,59017,M,,,59
201000036712,10,3,29,2225,5,2,1,3.0,6.0,59017,M,,,59
201000036713,10,3,30,1400,1,2,1,1.0,7.0,59017,M,,,59
201000036714,10,5,22,1945,1,2,3,1.0,1.0,59017,M,,,59
201000036715,10,6,4,1045,1,1,1,1.0,1.0,59143,M,,,59
201000036716,10,6,5,750,1,1,1,1.0,2.0,59317,M,,,59
201000036717,10,8,24,1830,1,2,1,6.0,6.0,59143,M,,,59
201000036718,10,6,23,2005,1,1,3,7.0,1.0,59143,M,,,59
201000036719,10,6,24,1905,1,2,3,1.0,3.0,59317,M,,,59
201000036720,10,7,5,1440,1,2,1,1.0,4.0,59017,M,,,59
201000036721,10,7,22,2030,1,1,1,1.0,7.0,59431,M,,,59
201000036722,10,8,2,1500,1,2,3,2.0,3.0,59431,M,,,59
201000036723,10,8,9,1830,1,2,1,1.0,6.0,59017,M,,,59
201000036724,10,8,13,1015,1,2,2,1.0,1.0,59017,M,,,59
201000036725,10,8,24,1805,1,2,9,1.0,1.0,59431,M,,,59
201000036726,10,7,30,1400,1,2,1,1.0,2.0,59017,M,,,59
201000036727,10,9,8,545,1,1,1,3.0,3.0,59431,M,,,59
201000036728,10,9,11,1430,1,2,9,1.0,6.0,59431,M,,,59
201000036729,10,9,6,1230,1,2,1,1.0,3.0,59017,M,,,59
201000036730,10,9,17,1045,1,2,1,1.0,3.0,59431,M,,,59
201000036731,10,9,19,930,1,2,3,2.0,3.0,59017,M,,,59
201000036732,10,9,21,1315,1,2,1,1.0,3.0,59143,M,,,59
201000036733,10,9,28,1320,1,2,1,1.0,6.0,59017,M,,,59
201000036734,10,9,30,700,5,2,6,1.0,2.0,59017,M,,,59
201000036735,10,9,27,1535,1,2,3,1.0,3.0,59017,M,,,59
201000036736,10,9,22,1545,1,1,1,1.0,1.0,59431,M,,,59
201000036737,10,10,8,840,1,2,6,1.0,6.0,59017,M,,,59
201000036738,10,10,11,1345,1,2,6,1.0,7.0,59017,M,,,59
201000036739,10,10,30,1915,5,2,1,1.0,6.0,59143,M,,,59
201000036740,10,11,1,1000,1,2,1,1.0,7.0,59143,M,,,59
201000036741,10,10,28,930,1,2,9,1.0,6.0,59143,M,,,59
201000036742,10,11,4,1810,5,2,1,1.0,3.0,59017,M,,,59
201000036743,10,11,6,1200,1,2,1,1.0,6.0,59017,M,,,59
201000036744,10,10,19,1315,1,2,1,1.0,2.0,59317,M,,,59
201000036745,10,11,10,1050,1,1,3,3.0,3.0,59431,M,,,59
201000036746,10,11,23,1700,5,2,2,2.0,6.0,59143,M,,,59
201000036747,10,11,24,1225,1,2,3,1.0,6.0,59017,M,,,59
201000036748,10,11,25,1320,1,2,2,2.0,3.0,59017,M,,,59
201000036749,10,11,17,858,1,2,1,9.0,6.0,59017,M,,,59
201000036750,10,11,28,1805,5,1,1,1.0,4.0,59431,M,,,59
201000036751,10,11,30,1840,5,2,1,1.0,6.0,59017,M,,,59
201000036752,10,12,3,1845,5,2,1,4.0,6.0,59017,M,,,59
201000036753,10,12,8,1800,5,2,3,1.0,3.0,59317,M,,,59
201000036754,10,12,14,1340,1,1,3,4.0,5.0,59431,M,,,59
201000036755,10,12,29,350,5,2,1,2.0,7.0,59431,M,,,59
201000036756,10,1,25,930,1,2,3,8.0,2.0,59033,M,,,59
201000036757,10,3,8,1140,1,2,1,1.0,3.0,59033,M,,,59
201000036758,10,5,2,1845,1,2,1,1.0,6.0,59467,M,,,59
201000036759,10,5,19,1745,1,2,1,1.0,4.0,59041,M,,,59
201000036760,10,6,4,1630,1,2,1,7.0,5.0,59467,M,,,59
201000036761,10,7,3,1325,1,1,2,3.0,5.0,59033,M,,,59
201000036762,10,10,13,1425,1,2,2,1.0,3.0,59344,M,,,59
201000036763,10,11,7,2030,5,2,1,1.0,7.0,59467,M,,,59
201000036764,10,11,13,1750,5,2,1,3.0,7.0,59033,M,,,59
201000036765,10,2,15,1655,1,1,9,4.0,3.0,59043,M,,,59
201000036766,10,8,1,1925,1,1,1,1.0,3.0,59043,M,,,59
201000036767,10,10,2,225,5,1,1,2.0,6.0,59043,M,,,59
201000036768,10,10,31,1425,1,2,1,1.0,6.0,59043,M,,,59
201000036769,10,11,8,1050,1,1,1,1.0,2.0,59043,M,,,59
201000036770,10,1,10,2100,5,2,1,1.0,7.0,59122,M,,,59
201000036771,10,1,29,1930,5,2,6,8.0,6.0,59122,M,,,59
201000036772,10,1,25,1900,5,2,1,1.0,7.0,59122,M,,,59
201000036773,10,2,8,1825,5,2,1,1.0,6.0,59428,M,,,59
201000036774,10,3,18,1150,1,2,1,1.0,6.0,59122,M,,,59
201000036775,10,4,15,1205,1,2,2,1.0,3.0,59122,M,,,59
201000036776,10,4,25,1915,1,2,1,1.0,3.0,59428,M,,,59
201000036777,10,7,8,740,1,2,1,1.0,3.0,59122,M,,,59
201000036778,10,7,15,1150,1,2,1,1.0,1.0,59122,M,,,59
201000036779,10,8,11,2018,1,2,3,1.0,3.0,59122,M,,,59
201000036780,10,9,19,350,5,2,2,1.0,3.0,59122,M,,,59
201000036781,10,10,25,1600,1,2,1,1.0,6.0,59122,M,,,59
201000036782,10,11,17,1155,1,2,1,1.0,3.0,59122,M,,,59
201000036783,10,12,7,1935,3,1,1,8.0,1.0,59244,M,,,59
201000036784,10,2,6,1500,1,2,1,1.0,3.0,59253,M,,,59
201000036785,10,2,13,325,5,1,1,9.0,6.0,59153,M,,,59
201000036786,10,2,16,1510,1,2,2,1.0,7.0,59153,M,,,59
201000036787,10,3,7,1540,1,2,4,1.0,6.0,59153,M,,,59
201000036788,10,3,12,2100,5,2,2,1.0,3.0,59616,M,,,59
201000036789,10,3,26,1955,5,2,9,1.0,3.0,59616,M,,,59
201000036790,10,4,22,1955,1,2,1,1.0,7.0,59153,M,,,59
201000036791,10,6,29,1145,1,2,1,7.0,3.0,59153,M,,,59
201000036792,10,1,6,1550,1,2,9,8.0,6.0,59172,M,,,59
201000036793,10,1,19,900,1,2,2,8.0,6.0,59172,M,,,59
201000036794,10,1,14,1330,1,2,1,1.0,6.0,59297,M,,,59
201000036795,10,3,6,1550,1,2,1,1.0,6.0,59172,M,,,59
201000036796,10,3,11,1300,1,2,3,1.0,3.0,59179,M,,,59
201000036797,10,4,19,2012,1,2,1,1.0,1.0,59172,M,,,59
201000036798,10,4,30,920,1,2,1,1.0,3.0,59205,M,,,59
201000036799,10,5,19,1715,1,2,1,1.0,3.0,59002,M,,,59
201000036800,10,5,14,1300,1,2,1,1.0,1.0,59172,M,,,59
201000036801,10,6,17,810,1,2,9,1.0,1.0,59172,M,,,59
201000036802,10,6,16,1600,1,2,9,1.0,6.0,59172,M,,,59
201000036803,10,6,30,1905,1,2,3,1.0,6.0,59314,M,,,59
201000036804,10,7,28,2015,1,2,1,1.0,6.0,59172,M,,,59
201000036805,10,9,30,1200,1,2,1,1.0,6.0,59172,M,,,59
201000036806,10,10,18,2000,5,2,1,2.0,6.0,59632,M,,,59
201000036807,10,10,30,1535,1,2,1,1.0,2.0,59002,M,,,59
201000036808,10,11,18,1710,2,2,1,1.0,6.0,59632,M,,,59
201000036809,10,11,12,1745,5,2,1,2.0,6.0,59172,M,,,59
201000036810,10,9,4,2035,2,2,9,1.0,3.0,59172,M,,,59
201000036811,10,1,12,1700,2,2,1,1.0,6.0,59178,M,,,59
201000036812,10,1,10,2340,5,2,1,8.0,6.0,59489,M,,,59
201000036813,10,1,6,1205,1,2,6,1.0,3.0,59178,M,,,59
201000036814,10,1,21,1830,5,2,1,8.0,6.0,59178,M,,,59
201000036815,10,1,17,1155,1,2,1,7.0,6.0,59569,M,,,59
201000036816,10,1,24,1930,3,1,1,1.0,3.0,59486,M,,,59
201000036817,10,2,21,1610,1,2,2,1.0,3.0,59178,M,,,59
201000036818,10,1,31,2120,5,2,1,9.0,6.0,59170,M,,,59
201000036819,10,1,31,2120,5,2,1,1.0,7.0,59178,M,,,59
201000036820,10,2,6,1215,1,2,6,1.0,3.0,59178,M,,,59
201000036821,10,3,9,1455,1,2,1,1.0,3.0,59329,M,,,59
201000036822,10,3,22,820,1,2,1,1.0,6.0,59654,M,,,59
201000036823,10,3,22,740,1,2,4,1.0,3.0,59569,M,,,59
201000036824,10,3,22,1940,3,1,1,2.0,6.0,59276,M,,,59
201000036825,10,3,3,2000,5,2,1,1.0,6.0,59178,M,,,59
201000036826,10,3,4,1550,1,2,1,1.0,6.0,59329,M,,,59
201000036827,10,3,6,2140,3,1,1,1.0,2.0,59211,M,,,59
201000036828,10,4,7,2005,5,2,1,1.0,2.0,59170,M,,,59
201000036829,10,3,31,1600,1,2,1,1.0,3.0,59329,M,,,59
201000036830,10,4,12,1445,1,1,1,1.0,5.0,59569,M,,,59
201000036831,10,3,12,1710,1,2,1,1.0,3.0,59569,M,,,59
201000036832,10,4,18,1140,1,2,1,1.0,6.0,59178,M,,,59
201000036833,10,3,27,930,1,1,1,1.0,3.0,59234,M,,,59
201000036834,10,3,31,1440,1,2,1,2.0,3.0,59178,M,,,59
201000036835,10,5,1,950,1,2,1,1.0,6.0,59178,M,,,59
201000036836,10,5,20,1710,1,2,1,1.0,6.0,59178,M,,,59
201000036837,10,5,22,1520,1,2,1,1.0,6.0,59178,M,,,59
201000036838,10,6,15,1135,1,2,1,1.0,6.0,59178,M,,,59
201000036839,10,5,30,1620,1,2,1,1.0,6.0,59178,M,,,59
201000036840,10,7,10,1200,1,2,1,1.0,6.0,59178,M,,,59
201000036841,10,7,16,1540,1,2,1,1.0,6.0,59178,M,,,59
201000036842,10,7,22,1610,1,2,2,1.0,3.0,59239,M,,,59
201000036843,10,8,26,2110,5,2,1,1.0,3.0,59329,M,,,59
201000036844,10,8,16,1645,1,2,1,3.0,3.0,59165,M,,,59
201000036845,10,10,2,1950,5,2,3,1.0,3.0,59028,M,,,59
201000036846,10,11,17,1645,1,1,1,1.0,3.0,59234,M,,,59
201000036847,10,11,12,1730,5,2,1,3.0,6.0,59178,M,,,59
201000036848,10,10,8,1745,2,1,1,1.0,3.0,59178,M,,,59
201000036849,10,1,1,1940,5,2,1,8.0,6.0,59248,M,,,59
201000036850,10,1,7,1520,1,2,3,4.0,6.0,59155,M,,,59
201000036851,10,1,14,1225,1,2,9,8.0,6.0,59155,M,,,59
201000036852,10,1,22,2240,5,2,9,1.0,1.0,59183,M,,,59
201000036853,10,1,26,1025,1,1,1,1.0,1.0,59588,M,,,59
201000036854,10,1,26,1650,1,2,1,1.0,6.0,59155,M,,,59
201000036855,10,1,22,1430,1,2,9,1.0,7.0,59183,M,,,59
201000036856,10,1,29,745,3,2,3,3.0,6.0,59155,M,,,59
201000036857,10,1,30,1955,5,2,9,1.0,3.0,59271,M,,,59
201000036858,10,2,8,1530,1,2,9,2.0,6.0,59155,M,,,59
201000036859,10,2,25,1255,1,2,1,1.0,6.0,59271,M,,,59
201000036860,10,2,28,2130,5,2,2,2.0,3.0,59183,M,,,59
201000036861,10,2,25,1045,1,2,9,1.0,6.0,59540,M,,,59
201000036862,10,3,3,1630,1,2,3,1.0,6.0,59271,M,,,59
201000036863,10,3,6,1700,1,2,1,1.0,3.0,59155,M,,,59
201000036864,10,3,12,1615,1,2,2,1.0,3.0,59540,M,,,59
201000036865,10,3,12,1230,1,2,1,1.0,6.0,59183,M,,,59
201000036866,10,3,21,1130,1,2,1,1.0,6.0,59183,M,,,59
201000036867,10,3,23,1320,1,2,3,1.0,3.0,59131,M,,,59
201000036868,10,3,24,1915,1,2,1,1.0,6.0,59271,M,,,59
201000036869,10,3,27,1110,1,2,2,1.0,5.0,59183,M,,,59
201000036870,10,3,28,1920,1,2,2,1.0,3.0,59183,M,,,59
201000036871,10,3,28,2120,5,2,1,2.0,7.0,59340,M,,,59
201000036872,10,3,25,1205,1,2,3,1.0,3.0,59183,M,,,59
201000036873,10,3,30,550,2,1,1,1.0,6.0,59271,M,,,59
201000036874,10,3,31,1620,1,2,9,3.0,6.0,59271,M,,,59
201000036875,10,4,6,1420,1,2,2,1.0,3.0,59183,M,,,59
201000036876,10,4,11,1035,1,2,9,1.0,6.0,59183,M,,,59
201000036877,10,4,13,1720,1,2,3,1.0,3.0,59155,M,,,59
201000036878,10,4,15,1725,1,2,9,1.0,6.0,59183,M,,,59
201000036879,10,4,13,1340,1,2,1,1.0,2.0,59155,M,,,59
201000036880,10,4,19,1300,1,1,1,1.0,3.0,59588,M,,,59
201000036881,10,4,21,425,3,2,1,1.0,6.0,59183,M,,,59
201000036882,10,4,20,1950,1,2,1,1.0,6.0,59271,M,,,59
201000036883,10,4,23,2000,2,2,1,1.0,2.0,59183,M,,,59
201000036884,10,4,26,2220,5,2,1,1.0,7.0,59271,M,,,59
201000036885,10,4,11,100,3,2,9,1.0,6.0,59183,M,,,59
201000036886,10,4,27,900,1,1,3,1.0,7.0,59271,M,,,59
201000036887,10,5,6,245,5,2,1,1.0,6.0,59183,M,,,59
201000036888,10,4,29,1550,1,2,1,1.0,6.0,59183,M,,,59
201000036889,10,5,7,1810,1,2,1,1.0,6.0,59340,M,,,59
201000036890,10,5,19,2105,2,2,1,1.0,4.0,59183,M,,,59
201000036891,10,5,24,1745,1,2,2,1.0,3.0,59183,M,,,59
201000036892,10,6,2,1115,1,2,9,1.0,3.0,59183,M,,,59
201000036893,10,6,6,430,5,2,1,2.0,6.0,59183,M,,,59
201000036894,10,6,5,2240,5,2,1,1.0,4.0,59155,M,,,59
201000036895,10,6,4,1225,1,2,1,1.0,4.0,59183,M,,,59
201000036896,10,6,10,1740,1,2,2,3.0,3.0,59155,M,,,59
201000036897,10,6,15,1630,1,2,9,1.0,6.0,59271,M,,,59
201000036898,10,6,15,1100,1,2,1,1.0,6.0,59183,M,,,59
201000036899,10,6,11,1610,1,2,1,6.0,6.0,59540,M,,,59
201000036900,10,6,18,2300,5,2,9,1.0,6.0,59271,M,,,59
201000036901,10,6,20,1505,1,2,2,1.0,3.0,59271,M,,,59
201000036902,10,6,23,1950,1,2,2,1.0,3.0,59183,M,,,59
201000036903,10,6,24,2140,1,2,1,1.0,6.0,59155,M,,,59
201000036904,10,6,27,1735,1,2,9,1.0,6.0,59183,M,,,59
201000036905,10,6,28,1550,1,1,9,1.0,2.0,59271,M,,,59