Num_Acc,an,mois,jour,hrmn,lum,agg,int,atm,col,com,gps,lat,long,dep
201000036906,10,7,1,1830,1,2,1,1.0,6.0,59540,M,,,59
201000036907,10,7,4,955,1,2,1,1.0,6.0,59183,M,,,59
201000036908,10,7,1,1020,1,2,9,1.0,6.0,59588,M,,,59
201000036909,10,7,7,1455,1,2,1,1.0,6.0,59183,M,,,59
201000036910,10,7,8,1915,1,2,1,1.0,6.0,59540,M,,,59
201000036911,10,7,11,1700,1,2,1,1.0,6.0,59183,M,,,59
201000036912,10,7,14,2055,1,2,2,1.0,3.0,59540,M,,,59
201000036913,10,7,8,1400,1,2,1,1.0,6.0,59183,M,,,59
201000036914,10,7,18,1805,1,2,1,1.0,1.0,59183,M,,,59
201000036915,10,6,3,1835,1,2,9,1.0,3.0,59271,M,,,59
201000036916,10,7,24,2010,1,2,9,1.0,6.0,59183,M,,,59
201000036917,10,8,2,1750,1,2,1,1.0,6.0,59271,M,,,59
201000036918,10,8,4,1115,1,2,9,1.0,6.0,59183,M,,,59
201000036919,10,8,7,120,5,2,1,1.0,6.0,59155,M,,,59
201000036920,10,8,9,1105,1,2,9,1.0,6.0,59540,M,,,59
201000036921,10,8,16,1850,1,2,1,3.0,2.0,59540,M,,,59
201000036922,10,8,21,2225,5,2,2,1.0,3.0,59540,M,,,59
201000036923,10,8,8,1015,1,2,2,8.0,3.0,59155,M,,,59
201000036924,10,8,15,2145,5,2,1,1.0,2.0,59155,M,,,59
201000036925,10,8,20,2115,1,2,9,1.0,6.0,59183,M,,,59
201000036926,10,8,22,1330,1,2,2,1.0,3.0,59183,M,,,59
201000036927,10,8,28,2020,2,2,2,1.0,3.0,59540,M,,,59
201000036928,10,8,21,1130,1,2,9,1.0,3.0,59271,M,,,59
201000036929,10,9,1,1510,1,1,2,1.0,3.0,59183,M,,,59
201000036930,10,9,4,2015,2,2,1,1.0,6.0,59540,M,,,59
201000036931,10,9,23,1425,1,2,2,1.0,6.0,59183,M,,,59
201000036932,10,9,8,2100,4,2,2,2.0,3.0,59540,M,,,59
201000036933,10,9,26,2035,5,2,2,1.0,3.0,59540,M,,,59
201000036934,10,9,24,750,1,2,1,1.0,6.0,59271,M,,,59
201000036935,10,10,7,1201,1,2,9,1.0,5.0,59183,M,,,59
201000036936,10,10,11,1755,1,2,3,7.0,3.0,59271,M,,,59
201000036937,10,10,13,730,2,2,9,1.0,6.0,59271,M,,,59
201000036938,10,10,15,1600,1,2,9,2.0,6.0,59183,M,,,59
201000036939,10,10,18,1915,5,2,3,1.0,1.0,59183,M,,,59
201000036940,10,10,18,2040,4,2,2,1.0,6.0,59183,M,,,59
201000036941,10,10,20,1845,2,1,9,1.0,6.0,59588,M,,,59
201000036942,10,10,19,1145,1,2,9,1.0,6.0,59155,M,,,59
201000036943,10,10,21,2010,5,2,9,1.0,2.0,59183,M,,,59
201000036944,10,10,11,1215,1,2,9,1.0,6.0,59183,M,,,59
201000036945,10,10,30,135,5,2,1,2.0,6.0,59131,M,,,59
201000036946,10,10,30,1840,5,2,9,1.0,6.0,59271,M,,,59
201000036947,10,11,2,1045,1,2,9,8.0,6.0,59183,M,,,59
201000036948,10,11,6,1845,5,2,9,1.0,6.0,59183,M,,,59
201000036949,10,11,7,1225,1,2,9,2.0,6.0,59155,M,,,59
201000036950,10,11,7,1650,1,2,3,1.0,3.0,59588,M,,,59
201000036951,10,11,8,1825,5,2,1,2.0,6.0,59183,M,,,59
201000036952,10,11,8,1830,5,2,9,3.0,6.0,59183,M,,,59
201000036953,10,11,13,345,5,2,1,8.0,6.0,59183,M,,,59
201000036954,10,11,17,1740,5,1,1,1.0,6.0,59271,M,,,59
201000036955,10,11,23,1825,5,2,1,1.0,6.0,59183,M,,,59
201000036956,10,11,26,2035,5,2,2,1.0,3.0,59155,M,,,59
201000036957,10,11,7,2300,5,2,2,1.0,3.0,59183,M,,,59
201000036958,10,11,30,2135,5,2,1,1.0,6.0,59183,M,,,59
201000036959,10,12,5,520,5,2,1,3.0,2.0,59540,M,,,59
201000036960,10,12,10,1745,5,2,2,1.0,6.0,59183,M,,,59
201000036961,10,12,15,955,1,2,9,1.0,6.0,59183,M,,,59
201000036962,10,12,28,2135,5,2,9,1.0,1.0,59183,M,,,59
201000036963,10,1,8,800,5,2,4,8.0,6.0,59249,M,,,59
201000036964,10,1,27,1845,5,2,3,8.0,3.0,59249,M,,,59
201000036965,10,3,5,1635,1,2,1,1.0,6.0,59249,M,,,59
201000036966,10,7,18,57,5,2,1,1.0,7.0,59261,M,,,59
201000036967,10,9,25,1230,1,1,1,2.0,5.0,59249,M,,,59
201000036968,10,10,10,1100,1,2,1,1.0,1.0,59249,M,,,59
201000036969,10,10,18,1450,1,2,3,1.0,6.0,59261,M,,,59
201000036970,10,10,24,715,3,1,1,8.0,6.0,59261,M,,,59
201000036971,10,1,26,1215,1,2,1,1.0,3.0,59359,M,,,59
201000036972,10,1,22,1400,1,2,1,1.0,1.0,59273,M,,,59
201000036973,10,2,2,1830,5,2,9,1.0,3.0,59359,M,,,59
201000036974,10,4,11,1200,1,2,3,1.0,3.0,59273,M,,,59
201000036975,10,4,17,330,5,2,1,1.0,6.0,59273,M,,,59
201000036976,10,5,4,1310,1,2,1,1.0,6.0,59272,M,,,59
201000036977,10,6,16,540,2,2,3,1.0,7.0,59273,M,,,59
201000036978,10,6,16,525,5,2,6,1.0,7.0,59273,M,,,59
201000036979,10,10,10,220,5,2,1,1.0,6.0,59359,M,,,59
201000036980,10,7,30,2015,2,2,1,1.0,7.0,59273,M,,,59
201000036981,10,8,30,2000,1,2,1,1.0,7.0,59359,M,,,59
201000036982,10,10,18,1645,1,2,1,1.0,7.0,59272,M,,,59
201000036983,10,7,18,1905,1,1,1,1.0,7.0,59359,M,,,59
201000036984,10,11,11,1915,3,1,1,6.0,2.0,59359,M,,,59
201000036985,10,11,16,1600,1,1,1,1.0,2.0,59359,M,,,59
201000036986,10,11,24,1715,4,2,1,8.0,6.0,59359,M,,,59
201000036987,10,5,5,1315,1,1,1,1.0,1.0,59295,M,,,59
201000036988,10,5,8,1140,1,1,1,1.0,5.0,59295,M,,,59
201000036989,10,7,1,2010,1,2,2,1.0,3.0,59295,M,,,59
201000036990,10,7,13,1320,1,2,1,1.0,1.0,59295,M,,,59
201000036991,10,2,5,825,1,2,1,1.0,6.0,59324,M,,,59
201000036992,10,6,26,150,5,2,6,1.0,7.0,59324,M,,,59
201000036993,10,8,21,340,5,2,2,1.0,3.0,59324,M,,,59
201000036994,10,9,4,2300,3,1,1,1.0,2.0,59104,M,,,59
201000036995,10,10,8,1140,1,2,1,1.0,2.0,59495,M,,,59
201000036996,10,11,7,155,5,2,4,1.0,3.0,59495,M,,,59
201000036997,10,11,25,1850,5,2,1,1.0,6.0,59324,M,,,59
201000036998,10,12,14,1720,3,2,1,8.0,3.0,59324,M,,,59
201000036999,10,12,21,639,2,1,8,4.0,3.0,59495,M,,,59
201000037000,10,1,3,1520,1,2,1,1.0,6.0,59378,M,,,59
201000037001,10,1,4,1850,5,2,1,1.0,2.0,59009,M,,,59
201000037002,10,1,6,715,5,2,1,8.0,2.0,59328,M,,,59
201000037003,10,1,6,1900,5,2,1,1.0,6.0,59350,M,,,59
201000037004,10,1,7,850,5,2,1,4.0,6.0,59350,M,,,59
201000037005,10,1,8,1115,1,2,1,4.0,6.0,59378,M,,,59
201000037006,10,1,9,845,1,2,1,1.0,4.0,59378,M,,,59
201000037007,10,1,10,1905,5,2,1,1.0,6.0,59193,M,,,59
201000037008,10,1,11,1345,1,2,2,1.0,3.0,59350,M,,,59
201000037009,10,1,11,1415,1,2,6,1.0,3.0,59350,M,,,59
201000037010,10,1,14,820,2,2,1,1.0,6.0,59378,M,,,59
201000037011,10,1,14,1600,1,2,1,1.0,7.0,59350,M,,,59
201000037012,10,1,17,1655,1,2,1,1.0,6.0,59350,M,,,59
201000037013,10,1,18,1025,1,1,1,1.0,1.0,59356,M,,,59
201000037014,10,1,19,1740,5,2,1,1.0,6.0,59378,M,,,59
201000037015,10,1,20,1830,2,2,3,2.0,3.0,59360,M,,,59
201000037016,10,1,21,1400,1,2,1,1.0,6.0,59346,M,,,59
201000037017,10,1,21,2115,5,2,1,8.0,6.0,59350,M,,,59
201000037018,10,1,22,930,1,2,1,4.0,2.0,59410,M,,,59
201000037019,10,1,16,1225,1,2,1,2.0,6.0,59378,M,,,59
201000037020,10,1,21,1550,1,2,3,1.0,6.0,59350,M,,,59
201000037021,10,1,22,1800,5,2,1,8.0,3.0,59507,M,,,59
201000037022,10,1,25,713,1,2,1,1.0,6.0,59350,M,,,59
201000037023,10,1,24,345,5,2,1,2.0,6.0,59350,M,,,59
201000037024,10,1,26,1005,1,2,2,1.0,6.0,59350,M,,,59
201000037025,10,1,26,1700,1,2,1,1.0,3.0,59350,M,,,59
201000037026,10,1,26,1800,2,2,1,1.0,6.0,59350,M,,,59
201000037027,10,1,26,2105,5,2,2,1.0,6.0,59350,M,,,59
201000037028,10,1,27,1850,5,2,1,1.0,6.0,59009,M,,,59
201000037029,10,1,28,1950,5,2,1,1.0,2.0,59368,M,,,59
201000037030,10,1,19,1900,5,2,1,1.0,3.0,59386,M,,,59
201000037031,10,1,28,1300,1,2,1,2.0,6.0,59360,M,,,59
201000037032,10,1,29,2115,5,2,2,2.0,3.0,59009,M,,,59
201000037033,10,1,30,1010,1,2,1,4.0,6.0,59328,M,,,59
201000037034,10,1,30,1150,1,2,1,4.0,6.0,59350,M,,,59
201000037035,10,1,31,1445,1,2,1,1.0,6.0,59636,M,,,59
201000037036,10,1,30,1115,1,2,1,8.0,3.0,59560,M,,,59
201000037037,10,2,1,1545,1,2,1,1.0,2.0,59350,M,,,59
201000037038,10,2,2,715,2,2,1,2.0,6.0,59350,M,,,59
201000037039,10,2,3,745,2,2,1,2.0,6.0,59350,M,,,59
201000037040,10,2,3,1040,1,2,1,2.0,6.0,59350,M,,,59
201000037041,10,2,3,2110,5,2,1,2.0,6.0,59648,M,,,59
201000037042,10,2,4,725,2,2,2,2.0,3.0,59360,M,,,59
201000037043,10,2,4,1400,1,1,1,1.0,6.0,59009,M,,,59
201000037044,10,2,4,2045,5,2,1,1.0,2.0,59378,M,,,59
201000037045,10,2,4,1550,1,2,1,1.0,6.0,59386,M,,,59
201000037046,10,2,5,1820,5,2,2,1.0,3.0,59343,M,,,59
201000037047,10,2,5,1830,5,2,1,1.0,6.0,59560,M,,,59
201000037048,10,1,29,1905,3,2,1,2.0,1.0,59585,M,,,59
201000037049,10,2,11,725,2,2,1,4.0,6.0,59368,M,,,59
201000037050,10,2,11,1145,1,2,2,1.0,6.0,59009,M,,,59
201000037051,10,2,11,1215,1,2,2,1.0,6.0,59350,M,,,59
201000037052,10,2,13,2100,5,2,1,1.0,6.0,59350,M,,,59
201000037053,10,1,12,1415,1,2,1,1.0,6.0,59368,M,,,59
201000037054,10,2,16,1455,1,2,2,7.0,3.0,59527,M,,,59
201000037055,10,2,16,1415,1,2,2,1.0,6.0,59350,M,,,59
201000037056,10,2,18,1715,1,2,1,1.0,3.0,59378,M,,,59
201000037057,10,2,18,1845,5,2,1,1.0,7.0,59350,M,,,59
201000037058,10,2,21,555,4,2,1,1.0,6.0,59009,M,,,59
201000037059,10,2,21,1900,5,2,9,2.0,3.0,59410,M,,,59
201000037060,10,2,22,1415,1,2,2,2.0,3.0,59378,M,,,59
201000037061,10,2,23,750,1,2,1,2.0,3.0,59636,M,,,59
201000037062,10,2,23,1800,5,2,2,2.0,3.0,59350,M,,,59
201000037063,10,2,24,1815,5,2,1,1.0,3.0,59009,M,,,59
201000037064,10,2,24,1900,5,2,2,1.0,3.0,59350,M,,,59
201000037065,10,2,28,30,5,2,2,2.0,6.0,59350,M,,,59
201000037066,10,2,26,2105,5,2,1,6.0,3.0,59470,M,,,59
201000037067,10,3,1,1750,1,2,1,1.0,2.0,59350,M,,,59
201000037068,10,3,1,1905,5,2,1,1.0,3.0,59350,M,,,59
201000037069,10,3,1,1800,1,2,1,1.0,6.0,59350,M,,,59
201000037070,10,3,2,830,1,2,1,7.0,6.0,59009,M,,,59
201000037071,10,3,2,800,2,2,2,1.0,6.0,59378,M,,,59
201000037072,10,3,1,740,1,2,2,1.0,3.0,59560,M,,,59
201000037073,10,3,2,1345,1,2,2,1.0,6.0,59350,M,,,59
201000037074,10,3,2,1750,1,2,3,1.0,3.0,59286,M,,,59
201000037075,10,3,7,1340,1,1,2,1.0,3.0,59350,M,,,59
201000037076,10,3,10,125,5,2,1,1.0,6.0,59350,M,,,59
201000037077,10,3,10,1820,1,2,1,1.0,6.0,59527,M,,,59
201000037078,10,3,11,1940,5,2,1,1.0,6.0,59350,M,,,59
201000037079,10,3,12,2005,3,1,1,1.0,6.0,59009,M,,,59
201000037080,10,3,12,1630,1,2,4,1.0,6.0,59350,M,,,59
201000037081,10,3,12,805,2,2,2,1.0,6.0,59009,M,,,59
201000037082,10,3,13,2100,5,2,1,1.0,6.0,59009,M,,,59
201000037083,10,3,15,30,5,2,1,1.0,6.0,59507,M,,,59
201000037084,10,3,15,845,1,2,2,1.0,6.0,59350,M,,,59
201000037085,10,3,16,1215,1,2,1,2.0,6.0,59009,M,,,59
201000037086,10,3,17,745,1,2,1,1.0,2.0,59350,M,,,59
201000037087,10,3,16,1915,5,2,2,1.0,6.0,59410,M,,,59
201000037088,10,3,18,1240,1,2,1,1.0,6.0,59527,M,,,59
201000037089,10,3,18,1425,1,2,2,1.0,6.0,59350,M,,,59
201000037090,10,3,18,1810,1,2,1,1.0,6.0,59648,M,,,59
201000037091,10,3,18,1810,1,2,3,1.0,3.0,59009,M,,,59
201000037092,10,3,19,2325,5,2,1,1.0,6.0,59368,M,,,59
201000037093,10,3,20,1230,1,2,1,1.0,6.0,59350,M,,,59
201000037094,10,3,21,1300,1,2,1,1.0,6.0,59378,M,,,59
201000037095,10,3,18,1020,1,1,2,1.0,3.0,59410,M,,,59
201000037096,10,3,17,1510,1,2,3,1.0,3.0,59350,M,,,59
201000037097,10,3,23,5,5,1,1,1.0,6.0,59350,M,,,59
201000037098,10,3,22,2240,5,2,1,1.0,6.0,59350,M,,,59
201000037099,10,3,24,1650,1,2,1,1.0,2.0,59386,M,,,59
201000037100,10,3,23,630,5,2,3,1.0,6.0,59350,M,,,59
201000037101,10,3,27,1400,1,2,1,1.0,6.0,59378,M,,,59
201000037102,10,3,27,1845,1,2,1,1.0,6.0,59350,M,,,59
201000037103,10,3,27,2205,5,2,1,1.0,6.0,59286,M,,,59
201000037104,10,3,29,745,1,2,2,2.0,3.0,59350,M,,,59
201000037105,10,3,29,1515,1,2,2,1.0,6.0,59350,M,,,59
201000037106,10,3,31,750,2,2,1,1.0,6.0,59350,M,,,59
201000037107,10,4,1,1745,1,2,1,1.0,6.0,59350,M,,,59
201000037108,10,4,2,2355,5,2,4,2.0,6.0,59350,M,,,59
201000037109,10,4,3,2210,5,2,1,1.0,1.0,59507,M,,,59
201000037110,10,4,3,20,5,2,1,1.0,6.0,59350,M,,,59
201000037111,10,4,5,1630,1,1,1,1.0,3.0,59350,M,,,59
201000037112,10,4,6,1430,1,2,1,1.0,6.0,59350,M,,,59
201000037113,10,4,6,1730,1,2,1,1.0,6.0,59350,M,,,59
201000037114,10,4,6,1550,1,2,1,1.0,6.0,59220,M,,,59
201000037115,10,4,6,1530,1,2,1,1.0,3.0,59560,M,,,59
201000037116,10,4,6,910,1,1,1,1.0,2.0,59350,M,,,59
201000037117,10,4,3,840,2,2,2,2.0,6.0,59527,M,,,59
201000037118,10,4,8,1415,1,2,2,2.0,3.0,59368,M,,,59
201000037119,10,4,9,1000,1,2,4,1.0,6.0,59378,M,,,59
201000037120,10,4,9,1730,1,2,1,1.0,6.0,59527,M,,,59
201000037121,10,4,9,2330,5,2,3,1.0,3.0,59360,M,,,59
201000037122,10,4,10,1710,1,2,1,1.0,2.0,59560,M,,,59
201000037123,10,4,13,550,5,2,3,1.0,6.0,59009,M,,,59
201000037124,10,4,12,845,1,2,1,1.0,2.0,59009,M,,,59
201000037125,10,4,13,1910,1,2,3,1.0,6.0,59378,M,,,59
201000037126,10,4,13,2015,1,2,1,1.0,2.0,59378,M,,,59
201000037127,10,4,13,2230,5,2,1,1.0,4.0,59350,M,,,59
201000037128,10,4,14,905,1,2,1,1.0,3.0,59350,M,,,59
201000037129,10,4,14,1700,1,2,2,1.0,6.0,59368,M,,,59
201000037130,10,4,17,1515,1,2,1,1.0,3.0,59350,M,,,59
201000037131,10,4,16,1215,1,2,1,1.0,6.0,59368,M,,,59
201000037132,10,4,15,1830,1,2,2,1.0,3.0,59350,M,,,59
201000037133,10,4,18,1720,1,2,1,1.0,2.0,59636,M,,,59
201000037134,10,4,19,1610,1,2,3,1.0,3.0,59350,M,,,59
201000037135,10,4,14,1640,1,1,1,1.0,3.0,59350,M,,,59
201000037136,10,4,21,700,1,2,1,1.0,6.0,59350,M,,,59
201000037137,10,4,22,810,1,2,2,1.0,6.0,59328,M,,,59
201000037138,10,4,21,1310,1,2,1,1.0,6.0,59350,M,,,59
201000037139,10,4,23,650,1,2,1,1.0,3.0,59343,M,,,59
201000037140,10,4,23,750,1,2,2,1.0,6.0,59410,M,,,59
201000037141,10,4,23,1500,1,1,1,1.0,3.0,59350,M,,,59
201000037142,10,4,23,1720,1,2,2,1.0,6.0,59350,M,,,59
201000037143,10,4,23,1810,1,2,1,1.0,6.0,59378,M,,,59
201000037144,10,4,24,1905,1,2,3,1.0,2.0,59350,M,,,59
201000037145,10,4,16,1910,1,2,3,1.0,3.0,59220,M,,,59
201000037146,10,4,25,2115,5,2,1,1.0,6.0,59350,M,,,59
201000037147,10,4,27,850,1,2,2,1.0,3.0,59009,M,,,59
201000037148,10,4,27,900,1,2,1,1.0,6.0,59009,M,,,59
201000037149,10,4,27,1635,1,2,1,1.0,6.0,59350,M,,,59
201000037150,10,4,28,1500,1,2,1,1.0,6.0,59410,M,,,59
201000037151,10,4,29,350,5,2,1,1.0,6.0,59648,M,,,59
201000037152,10,4,29,1745,1,2,1,1.0,6.0,59350,M,,,59
201000037153,10,4,29,1930,1,2,1,1.0,6.0,59350,M,,,59
201000037154,10,5,1,1340,1,2,2,1.0,6.0,59286,M,,,59
201000037155,10,5,1,1445,1,2,3,1.0,3.0,59410,M,,,59
201000037156,10,5,2,1715,1,2,3,1.0,6.0,59350,M,,,59
201000037157,10,5,2,1810,1,2,1,1.0,6.0,59350,M,,,59
201000037158,10,5,2,2030,1,2,1,1.0,6.0,59410,M,,,59
201000037159,10,5,3,1740,1,2,1,1.0,6.0,59328,M,,,59
201000037160,10,5,4,1720,1,2,1,1.0,6.0,59378,M,,,59
201000037161,10,5,3,1610,1,2,3,2.0,6.0,59350,M,,,59
201000037162,10,5,5,2130,2,2,2,1.0,3.0,59009,M,,,59
201000037163,10,5,6,2125,5,2,1,1.0,6.0,59286,M,,,59
201000037164,10,5,8,2345,5,2,3,1.0,6.0,59378,M,,,59
201000037165,10,5,8,1830,1,2,2,1.0,3.0,59350,M,,,59
201000037166,10,5,8,2025,1,2,1,1.0,6.0,59527,M,,,59
201000037167,10,5,10,1920,1,2,1,1.0,1.0,59378,M,,,59
201000037168,10,5,11,1320,1,2,1,1.0,6.0,59368,M,,,59
201000037169,10,5,12,1210,1,2,3,1.0,6.0,59350,M,,,59
201000037170,10,5,13,1020,1,2,3,1.0,3.0,59350,M,,,59
201000037171,10,5,14,1300,1,2,1,1.0,3.0,59343,M,,,59
201000037172,10,5,16,1615,1,2,1,1.0,6.0,59009,M,,,59
201000037173,10,5,13,355,5,2,1,1.0,6.0,59350,M,,,59
201000037174,10,5,17,1645,1,2,2,1.0,3.0,59350,M,,,59
201000037175,10,5,17,1350,1,2,2,1.0,3.0,59350,M,,,59
201000037176,10,5,15,1900,1,1,1,1.0,6.0,59350,M,,,59
201000037177,10,5,20,1710,1,2,1,1.0,6.0,59328,M,,,59
201000037178,10,5,21,45,5,2,1,1.0,6.0,59507,M,,,59
201000037179,10,5,22,540,2,2,1,1.0,5.0,59368,M,,,59
201000037180,10,5,21,2030,1,2,6,1.0,3.0,59009,M,,,59
201000037181,10,5,22,2015,1,2,1,1.0,6.0,59350,M,,,59
201000037182,10,5,7,900,1,2,1,1.0,2.0,59350,M,,,59
201000037183,10,5,25,1400,1,2,1,1.0,6.0,59350,M,,,59
201000037184,10,5,22,1130,1,2,1,1.0,6.0,59636,M,,,59
201000037185,10,5,27,1415,1,2,1,1.0,6.0,59378,M,,,59
201000037186,10,5,28,1000,1,2,1,1.0,6.0,59350,M,,,59
201000037187,10,5,28,2115,5,2,2,1.0,6.0,59009,M,,,59
201000037188,10,5,28,1350,1,2,2,1.0,6.0,59009,M,,,59
201000037189,10,5,28,1350,1,2,1,1.0,6.0,59328,M,,,59
201000037190,10,5,30,1450,1,2,1,1.0,6.0,59378,M,,,59
201000037191,10,5,28,1620,1,2,1,1.0,3.0,59350,M,,,59
201000037192,10,5,31,420,5,2,1,1.0,6.0,59507,M,,,59
201000037193,10,5,31,1730,1,2,1,1.0,6.0,59527,M,,,59
201000037194,10,5,31,1315,1,2,1,1.0,2.0,59350,M,,,59
201000037195,10,6,1,1045,1,2,1,1.0,6.0,59328,M,,,59
201000037196,10,6,1,740,1,2,2,1.0,3.0,59350,M,,,59
201000037197,10,6,1,1800,1,2,3,1.0,3.0,59009,M,,,59
201000037198,10,6,2,5,5,2,1,2.0,6.0,59350,M,,,59
201000037199,10,6,2,930,1,2,1,1.0,2.0,59350,M,,,59
201000037200,10,6,2,1940,1,2,1,1.0,6.0,59009,M,,,59
201000037201,10,5,29,1425,1,2,2,1.0,5.0,59648,M,,,59
201000037202,10,6,3,1400,1,2,2,1.0,6.0,59386,M,,,59
201000037203,10,6,3,2200,5,2,2,1.0,3.0,59350,M,,,59
201000037204,10,6,3,2130,2,2,1,1.0,2.0,59009,M,,,59
201000037205,10,6,5,2010,1,2,2,1.0,6.0,59350,M,,,59
201000037206,10,6,5,1800,1,2,9,1.0,6.0,59350,M,,,59
201000037207,10,6,5,1920,1,2,1,1.0,6.0,59350,M,,,59
201000037208,10,6,5,1405,1,2,1,1.0,6.0,59350,M,,,59
201000037209,10,6,4,2130,5,2,3,1.0,6.0,59350,M,,,59
201000037210,10,6,4,1505,1,2,1,1.0,6.0,59350,M,,,59
201000037211,10,6,5,50,5,2,1,1.0,6.0,59350,M,,,59
201000037212,10,6,7,1810,1,2,1,1.0,6.0,59009,M,,,59
201000037213,10,6,8,830,1,2,1,1.0,6.0,59360,M,,,59
201000037214,10,6,8,905,1,2,2,1.0,6.0,59360,M,,,59
201000037215,10,6,8,1145,1,2,1,1.0,3.0,59350,M,,,59
201000037216,10,6,2,1750,1,2,3,1.0,6.0,59378,M,,,59
201000037217,10,6,10,1155,1,2,6,1.0,2.0,59009,M,,,59
201000037218,10,6,10,1720,1,2,1,3.0,3.0,59356,M,,,59
201000037219,10,6,10,1800,1,2,3,1.0,3.0,59220,M,,,59
201000037220,10,6,10,1420,1,1,1,3.0,6.0,59196,M,,,59
201000037221,10,6,12,955,1,2,3,1.0,3.0,59009,M,,,59
201000037222,10,6,12,2045,5,2,2,1.0,6.0,59009,M,,,59
201000037223,10,6,11,1330,1,2,1,1.0,2.0,59350,M,,,59
201000037224,10,6,14,1240,1,2,3,1.0,3.0,59350,M,,,59
201000037225,10,6,14,2350,5,2,2,1.0,3.0,59009,M,,,59
201000037226,10,6,14,2040,1,2,3,1.0,3.0,59368,M,,,59
201000037227,10,6,14,1745,1,2,1,1.0,3.0,59378,M,,,59
201000037228,10,6,16,940,1,2,1,1.0,3.0,59350,M,,,59
201000037229,10,6,16,620,1,2,1,1.0,6.0,59350,M,,,59
201000037230,10,5,28,135,5,2,2,1.0,7.0,59350,M,,,59
201000037231,10,6,15,1850,1,2,1,1.0,6.0,59350,M,,,59
201000037232,10,6,16,2050,1,2,1,1.0,6.0,59350,M,,,59
201000037233,10,6,16,1855,1,2,1,1.0,4.0,59378,M,,,59
201000037234,10,6,16,1515,1,2,1,1.0,6.0,59328,M,,,59
201000037235,10,6,16,1420,1,2,2,1.0,3.0,59378,M,,,59
201000037236,10,6,16,2110,5,2,1,1.0,6.0,59350,M,,,59
201000037237,10,6,17,1320,1,2,1,1.0,7.0,59350,M,,,59
201000037238,10,6,17,1620,1,2,1,1.0,6.0,59350,M,,,59
201000037239,10,6,20,740,1,2,1,1.0,6.0,59350,M,,,59
201000037240,10,6,18,1810,1,2,2,1.0,6.0,59368,M,,,59
201000037241,10,6,19,1515,1,2,1,1.0,2.0,59350,M,,,59
201000037242,10,6,19,1845,1,2,1,1.0,6.0,59368,M,,,59
201000037243,10,6,19,1520,1,2,1,1.0,6.0,59350,M,,,59
201000037244,10,6,21,950,1,2,3,1.0,6.0,59378,M,,,59
201000037245,10,6,21,1720,1,2,2,1.0,3.0,59009,M,,,59
201000037246,10,6,23,155,5,2,1,1.0,6.0,59507,M,,,59
201000037247,10,6,11,1450,1,2,1,1.0,7.0,59350,M,,,59
201000037248,10,6,11,1750,1,2,2,1.0,6.0,59009,M,,,59
201000037249,10,6,24,30,5,2,1,1.0,6.0,59350,M,,,59
201000037250,10,6,22,1715,1,2,1,1.0,6.0,59343,M,,,59
201000037251,10,6,23,1215,1,2,1,1.0,6.0,59350,M,,,59
201000037252,10,6,24,900,1,2,1,1.0,7.0,59386,M,,,59
201000037253,10,6,25,2150,1,2,2,1.0,3.0,59410,M,,,59
201000037254,10,6,22,1145,1,2,1,1.0,6.0,59560,M,,,59
201000037255,10,5,22,1330,1,1,6,1.0,6.0,59560,M,,,59
201000037256,10,6,25,2130,1,2,1,1.0,6.0,59350,M,,,59
201000037257,10,6,28,935,1,2,3,1.0,3.0,59350,M,,,59
201000037258,10,6,25,1730,1,2,1,1.0,6.0,59009,M,,,59
201000037259,10,6,29,50,5,2,1,1.0,6.0,59009,M,,,59
201000037260,10,6,29,855,1,2,1,1.0,3.0,59009,M,,,59
201000037261,10,6,29,1530,1,2,1,1.0,6.0,59350,M,,,59
201000037262,10,6,29,1655,1,2,2,1.0,6.0,59343,M,,,59
201000037263,10,6,30,1145,1,2,1,1.0,2.0,59410,M,,,59
201000037264,10,7,1,1030,1,2,1,1.0,6.0,59378,M,,,59
201000037265,10,7,1,1515,1,2,3,1.0,3.0,59350,M,,,59
201000037266,10,7,2,1800,1,2,1,1.0,6.0,59350,M,,,59
201000037267,10,7,3,900,1,2,5,1.0,6.0,59328,M,,,59
201000037268,10,7,4,30,5,2,2,1.0,3.0,59360,M,,,59
201000037269,10,7,4,2120,5,2,1,1.0,6.0,59350,M,,,59
201000037270,10,7,5,1800,1,1,1,1.0,2.0,59360,M,,,59
201000037271,10,6,29,1145,1,2,3,1.0,2.0,59410,M,,,59
201000037272,10,7,6,1900,1,2,3,1.0,6.0,59527,M,,,59
201000037273,10,7,7,1840,1,2,1,1.0,3.0,59009,M,,,59
201000037274,10,7,8,1420,1,2,1,1.0,6.0,59350,M,,,59
201000037275,10,7,8,1715,1,1,1,1.0,6.0,59368,M,,,59
201000037276,10,7,9,1400,1,2,1,1.0,3.0,59410,M,,,59
201000037277,10,7,10,645,1,2,1,1.0,7.0,59378,M,,,59
201000037278,10,7,11,330,4,2,4,1.0,6.0,59350,M,,,59
201000037279,10,7,10,1530,1,2,1,1.0,6.0,59507,M,,,59
201000037280,10,7,9,1530,1,2,1,1.0,3.0,59410,M,,,59
201000037281,10,7,12,1840,1,2,1,1.0,6.0,59368,M,,,59
201000037282,10,6,22,2015,1,2,2,1.0,6.0,59386,M,,,59
201000037283,10,7,15,1300,1,2,2,1.0,6.0,59360,M,,,59
201000037284,10,7,15,1400,1,2,1,1.0,6.0,59350,M,,,59
201000037285,10,7,16,1945,1,2,1,1.0,6.0,59350,M,,,59
201000037286,10,7,15,1625,1,2,3,1.0,3.0,59350,M,,,59
201000037287,10,7,17,2000,1,2,2,1.0,3.0,59350,M,,,59
201000037288,10,7,16,2000,1,2,2,1.0,6.0,59585,M,,,59
201000037289,10,7,5,1855,1,2,1,1.0,5.0,59350,M,,,59
201000037290,10,7,12,815,1,2,2,1.0,3.0,59648,M,,,59
201000037291,10,7,10,1145,1,2,2,1.0,6.0,59350,M,,,59