Num_Acc,an,mois,jour,hrmn,lum,agg,int,atm,col,com,gps,lat,long,dep
201000037292,10,7,21,2115,2,2,1,2.0,6.0,59527,M,,,59
201000037293,10,7,21,1445,1,2,1,1.0,6.0,59350,M,,,59
201000037294,10,7,8,1,5,2,2,1.0,3.0,59527,M,,,59
201000037295,10,7,23,710,1,2,1,1.0,2.0,59560,M,,,59
201000037296,10,7,24,2130,1,2,1,1.0,6.0,59350,M,,,59
201000037297,10,7,10,1535,1,2,2,1.0,6.0,59350,M,,,59
201000037298,10,7,27,1200,1,2,1,1.0,6.0,59378,M,,,59
201000037299,10,7,27,1740,1,2,6,1.0,3.0,59378,M,,,59
201000037300,10,7,27,1210,1,2,2,1.0,3.0,59527,M,,,59
201000037301,10,7,13,800,1,2,1,1.0,6.0,59360,M,,,59
201000037302,10,7,27,1845,1,2,1,1.0,6.0,59350,M,,,59
201000037303,10,7,30,100,5,2,2,1.0,3.0,59350,M,,,59
201000037304,10,8,2,1235,1,2,1,1.0,6.0,59360,M,,,59
201000037305,10,8,2,1725,1,2,3,1.0,6.0,59346,M,,,59
201000037306,10,8,3,1645,1,2,1,1.0,6.0,59009,M,,,59
201000037307,10,8,4,1100,1,2,2,1.0,3.0,59350,M,,,59
201000037308,10,8,4,1100,1,2,1,1.0,3.0,59350,M,,,59
201000037309,10,8,4,1430,1,2,1,1.0,7.0,59386,M,,,59
201000037310,10,8,4,1405,1,2,2,1.0,3.0,59328,M,,,59
201000037311,10,8,5,1730,1,2,1,1.0,6.0,59350,M,,,59
201000037312,10,8,6,1100,1,2,2,1.0,3.0,59350,M,,,59
201000037313,10,8,7,2115,5,2,2,1.0,3.0,59350,M,,,59
201000037314,10,8,10,1820,1,2,1,3.0,6.0,59609,M,,,59
201000037315,10,8,10,1245,1,2,2,1.0,6.0,59350,M,,,59
201000037316,10,8,6,1740,1,2,1,1.0,6.0,59009,M,,,59
201000037317,10,8,10,1750,1,2,2,1.0,3.0,59350,M,,,59
201000037318,10,8,11,1715,1,2,1,1.0,6.0,59368,M,,,59
201000037319,10,8,13,950,1,2,3,1.0,3.0,59410,M,,,59
201000037320,10,8,13,920,1,2,1,1.0,2.0,59636,M,,,59
201000037321,10,8,15,2235,5,2,1,1.0,3.0,59350,M,,,59
201000037322,10,8,15,1945,1,2,1,1.0,6.0,59350,M,,,59
201000037323,10,8,16,1435,1,2,1,3.0,4.0,59350,M,,,59
201000037324,10,8,17,1805,1,2,1,1.0,6.0,59350,M,,,59
201000037325,10,8,18,2335,5,2,7,1.0,3.0,59350,M,,,59
201000037326,10,8,19,1730,1,2,1,1.0,6.0,59009,M,,,59
201000037327,10,8,20,1515,1,2,1,1.0,4.0,59527,M,,,59
201000037328,10,8,25,720,1,2,1,1.0,6.0,59560,M,,,59
201000037329,10,8,26,340,5,1,1,1.0,6.0,59350,M,,,59
201000037330,10,8,26,1400,1,2,6,1.0,6.0,59009,M,,,59
201000037331,10,8,26,2330,5,2,1,1.0,6.0,59328,M,,,59
201000037332,10,8,26,1710,1,2,1,2.0,3.0,59378,M,,,59
201000037333,10,8,26,1740,1,2,1,2.0,6.0,59350,M,,,59
201000037334,10,8,28,15,5,2,2,1.0,6.0,59350,M,,,59
201000037335,10,8,28,1210,1,2,1,1.0,3.0,59350,M,,,59
201000037336,10,8,28,2135,4,2,2,1.0,3.0,59350,M,,,59
201000037337,10,8,29,1725,1,2,1,1.0,6.0,59350,M,,,59
201000037338,10,8,30,1820,1,2,1,1.0,6.0,59350,M,,,59
201000037339,10,8,31,950,1,2,1,1.0,3.0,59350,M,,,59
201000037340,10,8,24,2020,1,2,1,1.0,6.0,59378,M,,,59
201000037341,10,9,1,855,1,2,2,1.0,6.0,59350,M,,,59
201000037342,10,9,1,1800,1,2,1,1.0,3.0,59386,M,,,59
201000037343,10,9,2,440,5,2,1,1.0,6.0,59368,M,,,59
201000037344,10,9,2,1745,1,2,1,1.0,6.0,59350,M,,,59
201000037345,10,9,3,15,5,2,1,1.0,2.0,59009,M,,,59
201000037346,10,9,3,810,1,2,1,1.0,6.0,59328,M,,,59
201000037347,10,9,3,1040,1,2,1,1.0,6.0,59360,M,,,59
201000037348,10,9,4,25,5,2,2,1.0,6.0,59350,M,,,59
201000037349,10,9,3,2145,5,2,1,1.0,2.0,59350,M,,,59
201000037350,10,9,6,1850,1,2,1,1.0,2.0,59378,M,,,59
201000037351,10,9,7,740,2,2,2,1.0,6.0,59009,M,,,59
201000037352,10,8,25,1605,1,2,2,1.0,3.0,59009,M,,,59
201000037353,10,9,8,640,5,1,4,3.0,3.0,59350,M,,,59
201000037354,10,9,8,1200,1,1,1,2.0,6.0,59350,M,,,59
201000037355,10,9,8,2215,5,2,1,2.0,6.0,59350,M,,,59
201000037356,10,9,9,1330,1,2,2,1.0,6.0,59009,M,,,59
201000037357,10,9,10,900,1,2,2,1.0,3.0,59343,M,,,59
201000037358,10,9,11,1025,1,2,2,1.0,6.0,59193,M,,,59
201000037359,10,9,10,1820,1,2,1,1.0,6.0,59350,M,,,59
201000037360,10,9,13,1320,1,2,1,1.0,6.0,59350,M,,,59
201000037361,10,9,15,235,5,2,1,2.0,6.0,59009,M,,,59
201000037362,10,9,14,1800,1,2,3,1.0,3.0,59378,M,,,59
201000037363,10,9,15,2100,5,2,2,1.0,1.0,59350,M,,,59
201000037364,10,9,14,1130,1,2,1,1.0,2.0,59386,M,,,59
201000037365,10,9,15,1130,1,2,1,1.0,3.0,59009,M,,,59
201000037366,10,9,15,800,1,2,2,1.0,6.0,59220,M,,,59
201000037367,10,9,17,148,5,2,1,1.0,6.0,59350,M,,,59
201000037368,10,9,17,100,5,2,2,1.0,6.0,59410,M,,,59
201000037369,10,9,16,1950,5,2,1,1.0,2.0,59378,M,,,59
201000037370,10,9,16,1740,1,2,1,1.0,3.0,59350,M,,,59
201000037371,10,9,16,815,1,2,3,1.0,6.0,59350,M,,,59
201000037372,10,9,17,800,1,2,1,1.0,6.0,59410,M,,,59
201000037373,10,9,17,750,1,2,1,1.0,6.0,59350,M,,,59
201000037374,10,9,16,1630,1,2,1,1.0,6.0,59368,M,,,59
201000037375,10,9,18,25,5,2,1,1.0,4.0,59350,M,,,59
201000037376,10,9,19,2315,5,2,3,1.0,6.0,59350,M,,,59
201000037377,10,9,18,1330,1,2,1,1.0,3.0,59350,M,,,59
201000037378,10,9,20,1520,1,2,1,1.0,6.0,59350,M,,,59
201000037379,10,9,20,1800,1,2,1,1.0,5.0,59378,M,,,59
201000037380,10,9,20,1820,1,2,1,1.0,6.0,59378,M,,,59
201000037381,10,9,21,1120,1,2,2,1.0,3.0,59350,M,,,59
201000037382,10,9,21,1000,1,2,1,1.0,6.0,59009,M,,,59
201000037383,10,9,22,920,1,2,2,1.0,3.0,59360,M,,,59
201000037384,10,9,23,1645,1,2,1,1.0,2.0,59378,M,,,59
201000037385,10,9,24,2350,5,2,2,1.0,3.0,59350,M,,,59
201000037386,10,9,25,650,2,2,1,2.0,6.0,59378,M,,,59
201000037387,10,9,28,1610,1,2,1,1.0,3.0,59350,M,,,59
201000037388,10,9,28,1110,1,2,3,1.0,6.0,59350,M,,,59
201000037389,10,9,30,900,1,2,1,1.0,6.0,59328,M,,,59
201000037390,10,9,30,1830,1,2,1,1.0,6.0,59009,M,,,59
201000037391,10,9,30,2050,5,2,1,1.0,6.0,59343,M,,,59
201000037392,10,10,2,500,5,2,2,3.0,6.0,59636,M,,,59
201000037393,10,10,1,845,1,2,1,1.0,6.0,59560,M,,,59
201000037394,10,10,2,1005,1,2,1,2.0,7.0,59378,M,,,59
201000037395,10,10,2,1600,1,2,3,1.0,6.0,59378,M,,,59
201000037396,10,10,3,805,1,2,1,2.0,6.0,59350,M,,,59
201000037397,10,10,3,1245,1,2,1,1.0,3.0,59368,M,,,59
201000037398,10,10,4,1815,1,2,1,1.0,1.0,59220,M,,,59
201000037399,10,10,6,10,5,2,1,2.0,6.0,59328,M,,,59
201000037400,10,10,5,1800,1,2,2,1.0,6.0,59350,M,,,59
201000037401,10,10,7,1400,1,1,1,1.0,6.0,59343,M,,,59
201000037402,10,10,8,840,1,2,1,1.0,6.0,59328,M,,,59
201000037403,10,10,7,2030,5,2,1,8.0,3.0,59507,M,,,59
201000037404,10,10,9,200,5,2,1,1.0,6.0,59378,M,,,59
201000037405,10,10,9,1140,1,2,1,1.0,3.0,59378,M,,,59
201000037406,10,10,9,1520,1,2,2,1.0,3.0,59343,M,,,59
201000037407,10,10,9,1945,2,2,1,1.0,6.0,59636,M,,,59
201000037408,10,10,9,2215,5,2,1,1.0,2.0,59560,M,,,59
201000037409,10,10,10,730,2,2,2,1.0,6.0,59350,M,,,59
201000037410,10,10,10,1705,1,2,1,1.0,6.0,59350,M,,,59
201000037411,10,10,10,2205,5,2,1,1.0,6.0,59368,M,,,59
201000037412,10,10,12,1025,1,2,1,1.0,3.0,59328,M,,,59
201000037413,10,10,11,1900,2,2,2,1.0,3.0,59350,M,,,59
201000037414,10,10,12,1430,1,2,1,1.0,6.0,59410,M,,,59
201000037415,10,10,13,1230,1,2,1,1.0,6.0,59378,M,,,59
201000037416,10,9,18,20,5,2,1,1.0,6.0,59350,M,,,59
201000037417,10,10,8,1705,1,2,1,1.0,3.0,59566,M,,,59
201000037418,10,10,14,830,1,2,1,1.0,6.0,59368,M,,,59
201000037419,10,10,14,845,1,2,1,1.0,6.0,59350,M,,,59
201000037420,10,10,14,1530,1,2,3,8.0,3.0,59356,M,,,59
201000037421,10,10,14,2045,5,2,2,1.0,6.0,59350,M,,,59
201000037422,10,10,16,1215,1,2,1,2.0,6.0,59527,M,,,59
201000037423,10,10,16,1500,1,2,1,1.0,6.0,59378,M,,,59
201000037424,10,10,17,1235,1,2,1,1.0,3.0,59346,M,,,59
201000037425,10,10,17,1745,2,2,3,1.0,3.0,59378,M,,,59
201000037426,10,10,17,1935,5,2,2,1.0,6.0,59410,M,,,59
201000037427,10,10,18,1515,1,2,1,1.0,3.0,59343,M,,,59
201000037428,10,10,18,1515,1,2,2,1.0,3.0,59350,M,,,59
201000037429,10,10,18,1605,1,2,1,1.0,1.0,59009,M,,,59
201000037430,10,10,12,1110,1,2,3,1.0,3.0,59410,M,,,59
201000037431,10,10,13,1425,1,2,1,1.0,3.0,59350,M,,,59
201000037432,10,10,19,1345,1,2,3,1.0,3.0,59350,M,,,59
201000037433,10,10,19,1330,1,2,1,2.0,3.0,59350,M,,,59
201000037434,10,10,19,1630,1,2,2,1.0,6.0,59009,M,,,59
201000037435,10,10,19,1640,1,2,1,1.0,6.0,59350,M,,,59
201000037436,10,10,16,1700,1,2,1,1.0,6.0,59350,M,,,59
201000037437,10,10,10,1735,1,2,2,1.0,3.0,59350,M,,,59
201000037438,10,10,19,2105,5,2,2,1.0,3.0,59350,M,,,59
201000037439,10,10,20,640,2,2,1,2.0,6.0,59368,M,,,59
201000037440,10,10,20,1200,1,2,2,2.0,3.0,59350,M,,,59
201000037441,10,10,20,1410,1,2,2,1.0,3.0,59350,M,,,59
201000037442,10,10,20,1515,1,2,4,1.0,6.0,59350,M,,,59
201000037443,10,10,20,1620,1,2,1,1.0,3.0,59286,M,,,59
201000037444,10,10,20,1810,1,2,2,1.0,6.0,59350,M,,,59
201000037445,10,10,21,1900,5,2,1,1.0,3.0,59328,M,,,59
201000037446,10,10,21,1255,1,2,1,1.0,6.0,59368,M,,,59
201000037447,10,10,22,1900,4,2,1,1.0,2.0,59378,M,,,59
201000037448,10,10,23,1145,1,2,1,1.0,6.0,59009,M,,,59
201000037449,10,10,23,1700,1,2,3,1.0,3.0,59009,M,,,59
201000037450,10,10,23,1810,2,2,2,1.0,3.0,59350,M,,,59
201000037451,10,10,24,510,5,2,1,1.0,6.0,59378,M,,,59
201000037452,10,10,24,1455,1,2,1,1.0,6.0,59410,M,,,59
201000037453,10,10,24,2130,5,2,1,2.0,6.0,59009,M,,,59
201000037454,10,10,25,730,2,2,2,2.0,6.0,59507,M,,,59
201000037455,10,10,25,1710,1,2,1,1.0,6.0,59350,M,,,59
201000037456,10,10,26,1815,5,2,1,1.0,3.0,59350,M,,,59
201000037457,10,10,26,2100,5,2,1,1.0,6.0,59350,M,,,59
201000037458,10,10,2,1840,5,2,1,1.0,6.0,59360,M,,,59
201000037459,10,10,28,25,5,2,1,1.0,3.0,59368,M,,,59
201000037460,10,10,28,1300,1,2,1,1.0,6.0,59350,M,,,59
201000037461,10,10,28,1225,1,2,2,1.0,3.0,59410,M,,,59
201000037462,10,10,29,900,1,2,1,1.0,7.0,59350,M,,,59
201000037463,10,10,29,2045,5,2,1,1.0,6.0,59378,M,,,59
201000037464,10,10,31,600,5,2,1,2.0,6.0,59378,M,,,59
201000037465,10,10,31,1650,1,2,1,1.0,3.0,59350,M,,,59
201000037466,10,11,1,1545,1,2,2,2.0,3.0,59350,M,,,59
201000037467,10,11,2,2350,5,1,2,1.0,6.0,59350,M,,,59
201000037468,10,11,3,820,1,2,2,2.0,3.0,59350,M,,,59
201000037469,10,11,3,1355,1,2,1,1.0,6.0,59350,M,,,59
201000037470,10,11,3,2030,5,2,1,1.0,6.0,59350,M,,,59
201000037471,10,11,4,835,1,2,1,1.0,6.0,59350,M,,,59
201000037472,10,11,5,50,5,2,1,1.0,6.0,59350,M,,,59
201000037473,10,11,5,815,1,2,2,1.0,6.0,59378,M,,,59
201000037474,10,11,5,1655,1,2,1,1.0,6.0,59328,M,,,59
201000037475,10,11,6,450,5,2,1,3.0,6.0,59350,M,,,59
201000037476,10,11,5,1450,1,2,3,1.0,6.0,59378,M,,,59
201000037477,10,11,6,1215,1,2,1,1.0,6.0,59350,M,,,59
201000037478,10,11,5,1720,2,2,1,2.0,3.0,59350,M,,,59
201000037479,10,10,15,1130,1,2,1,1.0,6.0,59009,M,,,59
201000037480,10,11,8,1000,1,2,1,1.0,6.0,59350,M,,,59
201000037481,10,10,22,1215,1,2,1,1.0,6.0,59350,M,,,59
201000037482,10,11,8,1500,1,2,1,3.0,6.0,59350,M,,,59
201000037483,10,11,8,1810,2,2,2,2.0,6.0,59410,M,,,59
201000037484,10,11,8,1705,5,2,1,2.0,2.0,59009,M,,,59
201000037485,10,11,8,1820,5,2,2,2.0,6.0,59527,M,,,59
201000037486,10,11,7,1230,1,2,3,1.0,6.0,59585,M,,,59
201000037487,10,11,9,1020,1,2,2,2.0,6.0,59410,M,,,59
201000037488,10,11,9,1030,2,2,1,1.0,3.0,59009,M,,,59
201000037489,10,10,19,1140,1,2,1,1.0,6.0,59386,M,,,59
201000037490,10,11,10,1250,1,2,1,2.0,6.0,59350,M,,,59
201000037491,10,11,10,1440,1,2,1,1.0,6.0,59648,M,,,59
201000037492,10,11,10,1605,1,2,2,2.0,6.0,59350,M,,,59
201000037493,10,11,10,1840,5,2,1,2.0,6.0,59350,M,,,59
201000037494,10,11,10,1930,5,2,1,2.0,3.0,59350,M,,,59
201000037495,10,11,11,1945,5,2,2,1.0,3.0,59368,M,,,59
201000037496,10,11,12,1500,1,2,1,1.0,6.0,59350,M,,,59
201000037497,10,11,12,1900,5,2,1,2.0,2.0,59378,M,,,59
201000037498,10,11,13,935,1,2,1,1.0,6.0,59286,M,,,59
201000037499,10,11,9,855,1,2,2,8.0,3.0,59343,M,,,59
201000037500,10,11,13,1740,2,2,1,1.0,6.0,59350,M,,,59
201000037501,10,10,20,1740,4,2,3,3.0,6.0,59350,M,,,59
201000037502,10,11,14,1500,1,2,1,1.0,6.0,59410,M,,,59
201000037503,10,11,15,1815,5,2,1,1.0,6.0,59368,M,,,59
201000037504,10,11,16,1130,1,2,1,1.0,3.0,59328,M,,,59
201000037505,10,11,17,1050,1,2,1,1.0,6.0,59378,M,,,59
201000037506,10,11,16,2100,5,2,2,5.0,6.0,59128,M,,,59
201000037507,10,11,18,1550,1,2,1,1.0,6.0,59350,M,,,59
201000037508,10,11,18,1815,5,2,1,1.0,6.0,59009,M,,,59
201000037509,10,11,18,1840,5,2,1,1.0,6.0,59009,M,,,59
201000037510,10,11,18,2215,5,2,1,1.0,6.0,59386,M,,,59
201000037511,10,11,18,1625,1,2,1,1.0,6.0,59350,M,,,59
201000037512,10,11,10,1300,1,2,1,1.0,3.0,59560,M,,,59
201000037513,10,11,23,1230,1,2,1,1.0,3.0,59378,M,,,59
201000037514,10,11,24,720,2,2,1,1.0,6.0,59350,M,,,59
201000037515,10,11,22,750,1,2,1,1.0,6.0,59350,M,,,59
201000037516,10,11,24,1600,1,2,1,1.0,6.0,59609,M,,,59
201000037517,10,11,26,145,5,2,1,1.0,6.0,59009,M,,,59
201000037518,10,11,25,1800,5,2,3,4.0,6.0,59009,M,,,59
201000037519,10,11,26,1325,1,2,2,1.0,6.0,59350,M,,,59
201000037520,10,11,26,850,1,2,1,2.0,6.0,59009,M,,,59
201000037521,10,11,27,10,5,2,2,8.0,6.0,59350,M,,,59
201000037522,10,11,27,230,5,2,2,1.0,3.0,59350,M,,,59
201000037523,10,11,27,1900,5,2,1,1.0,1.0,59378,M,,,59
201000037524,10,11,28,310,5,2,2,1.0,3.0,59350,M,,,59
201000037525,10,11,30,1015,1,2,1,4.0,6.0,59009,M,,,59
201000037526,10,11,30,1215,1,2,1,1.0,6.0,59378,M,,,59
201000037527,10,11,25,1715,5,2,2,2.0,3.0,59507,M,,,59
201000037528,10,12,2,1100,1,2,1,1.0,6.0,59350,M,,,59
201000037529,10,12,2,200,5,2,1,4.0,6.0,59350,M,,,59
201000037530,10,12,5,1845,5,2,4,1.0,6.0,59350,M,,,59
201000037531,10,12,6,1700,1,2,1,1.0,6.0,59350,M,,,59
201000037532,10,12,6,850,1,2,2,2.0,3.0,59350,M,,,59
201000037533,10,12,8,1900,5,2,1,8.0,4.0,59009,M,,,59
201000037534,10,12,9,820,1,2,3,4.0,6.0,59009,M,,,59
201000037535,10,12,11,1945,5,2,2,1.0,6.0,59009,M,,,59
201000037536,10,12,12,55,5,2,1,1.0,6.0,59368,M,,,59
201000037537,10,12,12,2045,5,2,1,1.0,6.0,59220,M,,,59
201000037538,10,12,10,345,5,2,1,1.0,6.0,59350,M,,,59
201000037539,10,12,13,755,2,2,1,1.0,6.0,59350,M,,,59
201000037540,10,12,13,1300,1,2,1,1.0,2.0,59350,M,,,59
201000037541,10,12,13,1430,1,2,1,7.0,6.0,59350,M,,,59
201000037542,10,12,14,1510,1,2,1,1.0,1.0,59350,M,,,59
201000037543,10,12,9,800,5,2,1,8.0,6.0,59328,M,,,59
201000037544,10,12,18,1110,1,2,1,1.0,6.0,59410,M,,,59
201000037545,10,12,20,1300,1,2,1,1.0,6.0,59527,M,,,59
201000037546,10,12,20,2000,5,2,1,4.0,6.0,59350,M,,,59
201000037547,10,12,22,155,5,2,2,4.0,2.0,59350,M,,,59
201000037548,10,12,2,640,5,2,1,4.0,6.0,59368,M,,,59
201000037549,10,12,22,1530,1,2,2,5.0,6.0,59350,M,,,59
201000037550,10,12,26,100,5,2,3,1.0,6.0,59350,M,,,59
201000037551,10,12,27,2115,5,2,2,1.0,3.0,59009,M,,,59
201000037552,10,12,11,400,5,2,3,1.0,4.0,59350,M,,,59
201000037553,10,12,30,1600,1,2,1,1.0,2.0,59009,M,,,59
201000037554,10,12,29,1620,1,2,2,4.0,6.0,59350,M,,,59
201000037555,10,12,25,620,5,2,1,1.0,2.0,59350,M,,,59
201000037556,10,12,22,1325,1,1,1,1.0,3.0,59560,M,,,59
201000037557,10,1,4,1630,2,2,3,9.0,3.0,59365,M,,,59
201000037558,10,1,5,1740,5,2,1,1.0,2.0,59392,M,,,59
201000037559,10,1,17,410,3,1,1,3.0,7.0,59392,M,,,59
201000037560,10,1,24,1900,5,2,1,9.0,7.0,59392,M,,,59
201000037561,10,2,6,2010,3,1,1,1.0,6.0,59392,M,,,59
201000037562,10,2,22,1310,1,2,1,1.0,6.0,59392,M,,,59
201000037563,10,4,7,1535,1,2,1,1.0,2.0,59543,M,,,59
201000037564,10,4,14,1610,1,2,3,1.0,3.0,59543,M,,,59
201000037565,10,6,12,1445,1,2,1,1.0,7.0,59392,M,,,59
201000037566,10,5,28,820,1,2,1,1.0,3.0,59291,M,,,59
201000037567,10,7,5,1110,1,2,1,1.0,3.0,59225,M,,,59
201000037568,10,7,12,745,1,2,3,1.0,3.0,59392,M,,,59
201000037569,10,7,24,2000,1,2,1,1.0,7.0,59225,M,,,59
201000037570,10,8,3,1050,1,2,1,1.0,4.0,59392,M,,,59
201000037571,10,8,24,735,1,2,1,1.0,1.0,59225,M,,,59
201000037572,10,8,21,1855,1,2,2,1.0,2.0,59392,M,,,59
201000037573,10,8,25,2115,5,1,1,1.0,6.0,59225,M,,,59
201000037574,10,9,12,1150,1,2,1,1.0,6.0,59392,M,,,59
201000037575,10,10,12,1300,1,2,3,1.0,7.0,59392,M,,,59
201000037576,10,11,4,810,2,1,1,2.0,7.0,59392,M,,,59
201000037577,10,11,15,1155,1,2,1,1.0,6.0,59392,M,,,59
201000037578,10,11,30,1655,2,2,1,1.0,6.0,59392,M,,,59
201000037579,10,12,15,1350,1,1,1,2.0,6.0,59291,M,,,59
201000037580,10,12,17,1725,5,2,1,4.0,2.0,59291,M,,,59
201000037581,10,12,17,1900,3,2,1,4.0,6.0,59392,M,,,59
201000037582,10,1,7,1230,1,1,2,1.0,3.0,59512,M,,,59
201000037583,10,1,6,835,1,1,1,1.0,6.0,59163,M,,,59
201000037584,10,1,6,1725,4,1,3,1.0,3.0,59512,M,,,59
201000037585,10,1,9,2205,5,1,3,1.0,3.0,59650,M,,,59
201000037586,10,1,11,1700,1,1,1,1.0,6.0,59512,M,,,59
201000037587,10,1,11,750,5,1,1,1.0,6.0,59512,M,,,59
201000037588,10,1,11,1740,5,1,2,1.0,6.0,59512,M,,,59
201000037589,10,1,12,1330,1,1,3,8.0,3.0,59512,M,,,59
201000037590,10,1,9,1040,1,1,1,4.0,6.0,59650,M,,,59
201000037591,10,1,9,1240,1,1,1,2.0,2.0,59163,M,,,59
201000037592,10,1,11,755,5,1,1,1.0,2.0,59650,M,,,59
201000037593,10,1,17,2030,4,1,2,1.0,6.0,59512,M,,,59
201000037594,10,1,20,745,4,1,1,1.0,6.0,59646,M,,,59
201000037595,10,1,20,1800,4,1,2,2.0,6.0,59512,M,,,59
201000037596,10,1,18,1725,5,1,3,1.0,3.0,59650,M,,,59
201000037597,10,1,11,1230,1,1,3,1.0,6.0,59512,M,,,59
201000037598,10,1,16,1030,1,1,3,1.0,2.0,59650,M,,,59
201000037599,10,1,18,2335,5,1,3,1.0,6.0,59512,M,,,59
201000037600,10,1,24,1645,2,1,3,2.0,6.0,59512,M,,,59
201000037601,10,1,28,1145,1,1,2,1.0,3.0,59512,M,,,59
201000037602,10,1,28,1755,5,1,2,1.0,6.0,59512,M,,,59
201000037603,10,1,24,1930,5,1,3,1.0,6.0,59650,M,,,59
201000037604,10,1,29,2000,5,1,1,2.0,3.0,59163,M,,,59
201000037605,10,1,22,825,1,1,3,1.0,6.0,59163,M,,,59
201000037606,10,1,21,815,1,1,2,2.0,6.0,59512,M,,,59
201000037607,10,1,31,1400,1,1,2,1.0,3.0,59512,M,,,59
201000037608,10,1,29,1850,5,1,2,4.0,1.0,59650,M,,,59
201000037609,10,1,28,1220,1,1,1,1.0,6.0,59650,M,,,59
201000037610,10,1,30,1005,1,1,2,4.0,1.0,59650,M,,,59
201000037611,10,2,2,1810,5,1,3,2.0,6.0,59512,M,,,59
201000037612,10,2,10,1830,5,1,2,4.0,2.0,59512,M,,,59
201000037613,10,2,7,1100,1,1,1,1.0,6.0,59512,M,,,59
201000037614,10,2,10,900,1,1,4,4.0,6.0,59646,M,,,59
201000037615,10,2,10,920,1,1,1,4.0,6.0,59512,M,,,59
201000037616,10,2,19,1140,1,1,2,1.0,3.0,59512,M,,,59
201000037617,10,2,18,1700,1,1,1,1.0,3.0,59512,M,,,59
201000037618,10,2,17,1825,5,1,3,1.0,2.0,59512,M,,,59
201000037619,10,2,19,1630,1,1,1,1.0,6.0,59512,M,,,59
201000037620,10,2,18,2345,5,1,1,1.0,6.0,59650,M,,,59
201000037621,10,2,24,1510,1,1,1,1.0,6.0,59512,M,,,59
201000037622,10,2,20,1810,2,1,2,1.0,3.0,59512,M,,,59
201000037623,10,2,24,1240,1,1,1,1.0,6.0,59512,M,,,59
201000037624,10,2,23,1800,4,1,3,2.0,3.0,59512,M,,,59
201000037625,10,2,27,1450,1,1,1,1.0,6.0,59512,M,,,59
201000037626,10,2,27,1900,5,1,6,2.0,3.0,59339,M,,,59
201000037627,10,2,26,1400,1,1,1,1.0,1.0,59367,M,,,59
201000037628,10,3,1,730,5,1,1,1.0,6.0,59512,M,,,59
201000037629,10,3,1,715,5,1,1,1.0,6.0,59512,M,,,59
201000037630,10,2,9,1300,1,1,3,1.0,3.0,59163,M,,,59
201000037631,10,2,28,1330,1,1,4,2.0,6.0,59598,M,,,59
201000037632,10,2,25,1920,5,1,1,1.0,6.0,59512,M,,,59
201000037633,10,3,2,820,2,1,3,1.0,6.0,59512,M,,,59
201000037634,10,3,2,1200,1,1,3,1.0,6.0,59512,M,,,59
201000037635,10,2,26,1700,1,1,1,1.0,6.0,59650,M,,,59
201000037636,10,3,4,710,1,1,1,1.0,6.0,59650,M,,,59
201000037637,10,3,4,1340,1,1,3,1.0,1.0,59512,M,,,59
201000037638,10,2,20,1300,1,1,3,1.0,6.0,59512,M,,,59
201000037639,10,3,3,1455,1,1,3,1.0,3.0,59512,M,,,59
201000037640,10,12,21,1715,2,2,1,4.0,6.0,59646,M,,,59
201000037641,10,12,22,1850,5,2,2,1.0,3.0,59512,M,,,59
201000037642,10,12,28,1145,1,1,1,2.0,2.0,59299,M,,,59
201000037643,10,3,18,1500,1,1,1,1.0,3.0,59512,M,,,59
201000037644,10,3,13,1835,1,1,2,1.0,1.0,59512,M,,,59
201000037645,10,3,10,2030,5,1,1,1.0,6.0,59512,M,,,59
201000037646,10,3,14,1330,1,1,3,1.0,3.0,59512,M,,,59
201000037647,10,3,16,1430,1,1,1,1.0,2.0,59650,M,,,59
201000037648,10,3,10,1630,1,1,3,1.0,6.0,59332,M,,,59
201000037649,10,3,23,355,5,1,3,1.0,1.0,59512,M,,,59
201000037650,10,3,26,2355,5,1,2,2.0,6.0,59512,M,,,59
201000037651,10,3,22,810,1,1,1,1.0,3.0,59512,M,,,59
201000037652,10,3,20,1120,1,1,1,1.0,6.0,59367,M,,,59
201000037653,10,3,21,225,5,1,3,1.0,6.0,59512,M,,,59
201000037654,10,4,5,1630,1,1,2,1.0,3.0,59512,M,,,59
201000037655,10,3,31,2025,4,2,3,2.0,1.0,59512,M,,,59
201000037656,10,3,31,1230,1,1,1,1.0,6.0,59339,M,,,59
201000037657,10,3,30,2055,5,2,1,1.0,3.0,59163,M,,,59
201000037658,10,3,29,630,5,2,2,2.0,1.0,59512,M,,,59
201000037659,10,4,6,1240,1,2,2,1.0,3.0,59512,M,,,59
201000037660,10,4,6,1700,1,1,6,1.0,3.0,59646,M,,,59
201000037661,10,4,8,1810,1,2,3,1.0,6.0,59512,M,,,59
201000037662,10,4,17,2040,1,2,1,1.0,6.0,59512,M,,,59
201000037663,10,4,19,1140,1,2,1,1.0,2.0,59512,M,,,59
201000037664,10,4,19,1620,1,2,1,1.0,1.0,59512,M,,,59
201000037665,10,4,19,1855,1,1,3,1.0,3.0,59512,M,,,59
201000037666,10,4,7,1605,1,1,1,1.0,6.0,59650,M,,,59
201000037667,10,4,9,850,1,1,3,1.0,6.0,59163,M,,,59
201000037668,10,4,20,1755,1,1,3,1.0,3.0,59512,M,,,59
201000037669,10,4,24,1515,1,2,3,1.0,1.0,59512,M,,,59
201000037670,10,4,20,1240,1,2,3,1.0,2.0,59650,M,,,59
201000037671,10,4,21,1145,1,2,1,1.0,6.0,59512,M,,,59
201000037672,10,4,30,2015,1,2,1,1.0,6.0,59512,M,,,59
201000037673,10,5,3,1355,1,2,3,2.0,6.0,59512,M,,,59
201000037674,10,4,30,1200,1,2,3,1.0,3.0,59512,M,,,59
201000037675,10,4,22,1900,1,2,3,1.0,6.0,59367,M,,,59