Num_Acc,an,mois,jour,hrmn,lum,agg,int,atm,col,com,gps,lat,long,dep
201000037676,10,5,4,2005,4,2,1,1.0,2.0,59646,M,,,59
201000037677,10,5,1,1555,1,2,1,1.0,6.0,59650,M,,,59
201000037678,10,5,1,2100,5,2,2,1.0,1.0,59650,M,,,59
201000037679,10,5,3,755,4,2,3,1.0,2.0,59163,M,,,59
201000037680,10,5,3,1610,1,2,3,2.0,2.0,59512,M,,,59
201000037681,10,5,12,700,4,2,2,2.0,6.0,59512,M,,,59
201000037682,10,5,15,1840,1,2,1,1.0,6.0,59512,M,,,59
201000037683,10,5,6,1640,1,2,1,1.0,6.0,59299,M,,,59
201000037684,10,5,11,1430,1,2,3,1.0,3.0,59163,M,,,59
201000037685,10,4,12,1330,1,2,3,1.0,6.0,59367,M,,,59
201000037686,10,4,15,1120,1,2,1,1.0,5.0,59650,M,,,59
201000037687,10,4,3,2010,4,2,3,1.0,2.0,59650,M,,,59
201000037688,10,4,16,2040,2,2,1,1.0,1.0,59512,M,,,59
201000037689,10,4,17,1115,1,2,1,1.0,3.0,59163,M,,,59
201000037690,10,4,20,1820,1,2,3,1.0,6.0,59367,M,,,59
201000037691,10,4,17,1020,1,2,1,1.0,1.0,59163,M,,,59
201000037692,10,4,22,1815,1,2,3,1.0,6.0,59163,M,,,59
201000037693,10,4,22,755,1,2,1,1.0,6.0,59512,M,,,59
201000037694,10,4,22,1355,1,2,2,1.0,6.0,59512,M,,,59
201000037695,10,4,23,1320,1,2,1,1.0,6.0,59512,M,,,59
201000037696,10,4,23,755,1,2,1,1.0,6.0,59512,M,,,59
201000037697,10,4,25,1910,1,2,1,1.0,1.0,59650,M,,,59
201000037698,10,4,28,900,1,2,6,1.0,3.0,59512,M,,,59
201000037699,10,4,29,1645,1,2,2,1.0,6.0,59650,M,,,59
201000037700,10,4,30,1705,1,2,3,1.0,6.0,59367,M,,,59
201000037701,10,5,8,1600,1,2,1,1.0,6.0,59512,M,,,59
201000037702,10,5,13,1820,1,2,2,1.0,3.0,59650,M,,,59
201000037703,10,5,17,1530,1,2,2,1.0,3.0,59650,M,,,59
201000037704,10,5,23,1740,1,2,2,1.0,3.0,59512,M,,,59
201000037705,10,5,28,1235,1,2,2,1.0,2.0,59512,M,,,59
201000037706,10,5,31,1220,1,2,1,1.0,1.0,59646,M,,,59
201000037707,10,5,31,805,1,2,1,1.0,6.0,59512,M,,,59
201000037708,10,5,19,1900,1,2,1,1.0,6.0,59650,M,,,59
201000037709,10,5,19,1850,1,2,7,1.0,6.0,59512,M,,,59
201000037710,10,5,20,1725,1,2,3,1.0,6.0,59650,M,,,59
201000037711,10,5,21,1610,1,2,1,1.0,5.0,59512,M,,,59
201000037712,10,5,24,1450,1,2,3,1.0,3.0,59163,M,,,59
201000037713,10,5,28,720,1,2,1,1.0,6.0,59512,M,,,59
201000037714,10,5,29,2310,5,2,1,1.0,6.0,59512,M,,,59
201000037715,10,7,2,2320,5,2,1,1.0,6.0,59299,M,,,59
201000037716,10,5,29,1025,1,2,1,1.0,2.0,59163,M,,,59
201000037717,10,5,29,720,1,2,1,1.0,6.0,59299,M,,,59
201000037718,10,5,28,2120,5,2,2,1.0,3.0,59332,M,,,59
201000037719,10,5,28,1620,1,2,1,1.0,6.0,59512,M,,,59
201000037720,10,5,29,1455,1,2,1,1.0,3.0,59650,M,,,59
201000037721,10,6,4,2045,4,2,2,1.0,6.0,59512,M,,,59
201000037722,10,6,4,1505,1,2,4,1.0,1.0,59512,M,,,59
201000037723,10,6,1,750,1,2,2,1.0,4.0,59512,M,,,59
201000037724,10,6,7,740,1,2,3,1.0,3.0,59650,M,,,59
201000037725,10,6,6,645,4,2,1,1.0,1.0,59299,M,,,59
201000037726,10,6,1,1845,1,2,1,1.0,6.0,59512,M,,,59
201000037727,10,6,2,1300,1,2,1,1.0,2.0,59163,M,,,59
201000037728,10,6,1,2010,1,2,1,1.0,6.0,59512,M,,,59
201000037729,10,5,23,1950,1,1,1,1.0,3.0,59512,M,,,59
201000037730,10,6,7,1340,1,2,3,1.0,6.0,59512,M,,,59
201000037731,10,6,3,1150,1,2,1,1.0,6.0,59512,M,,,59
201000037732,10,6,4,950,1,2,3,1.0,2.0,59512,M,,,59
201000037733,10,6,4,940,1,2,1,1.0,6.0,59650,M,,,59
201000037734,10,6,5,2000,1,2,1,1.0,6.0,59299,M,,,59
201000037735,10,6,9,1500,1,1,1,1.0,3.0,59646,M,,,59
201000037736,10,6,9,1350,1,2,1,1.0,3.0,59646,M,,,59
201000037737,10,6,9,1810,1,2,2,1.0,1.0,59512,M,,,59
201000037738,10,6,9,1130,1,2,3,1.0,1.0,59512,M,,,59
201000037739,10,6,13,1730,1,2,1,1.0,2.0,59512,M,,,59
201000037740,10,6,11,1140,1,2,3,1.0,3.0,59163,M,,,59
201000037741,10,6,11,1305,1,2,1,1.0,6.0,59339,M,,,59
201000037742,10,6,15,1645,1,2,3,1.0,3.0,59512,M,,,59
201000037743,10,6,15,1720,1,2,3,1.0,3.0,59646,M,,,59
201000037744,10,6,15,1515,1,2,1,1.0,6.0,59512,M,,,59
201000037745,10,6,18,1345,1,2,2,1.0,1.0,59650,M,,,59
201000037746,10,6,18,1645,1,2,1,1.0,6.0,59512,M,,,59
201000037747,10,6,19,1330,1,2,2,1.0,3.0,59646,M,,,59
201000037748,10,6,19,850,1,2,1,2.0,3.0,59650,M,,,59
201000037749,10,6,21,1750,1,2,1,1.0,3.0,59650,M,,,59
201000037750,10,6,22,1755,1,2,3,1.0,3.0,59646,M,,,59
201000037751,10,6,23,1820,1,2,1,1.0,6.0,59646,M,,,59
201000037752,10,6,24,2020,1,2,2,1.0,3.0,59650,M,,,59
201000037753,10,6,25,1345,1,2,1,1.0,6.0,59512,M,,,59
201000037754,10,6,26,1400,1,2,1,1.0,3.0,59299,M,,,59
201000037755,10,7,1,1815,1,2,1,1.0,6.0,59598,M,,,59
201000037756,10,6,27,2105,4,2,3,1.0,1.0,59512,M,,,59
201000037757,10,6,28,1230,1,2,3,1.0,3.0,59512,M,,,59
201000037758,10,6,28,1200,1,2,2,1.0,3.0,59512,M,,,59
201000037759,10,6,30,1130,1,2,1,1.0,6.0,59512,M,,,59
201000037760,10,6,26,1820,1,2,1,1.0,1.0,59512,M,,,59
201000037761,10,6,22,1210,1,2,3,1.0,1.0,59512,M,,,59
201000037762,10,7,4,2145,4,2,2,1.0,1.0,59512,M,,,59
201000037763,10,7,2,2000,1,2,1,2.0,3.0,59650,M,,,59
201000037764,10,7,5,1645,1,2,1,1.0,7.0,59512,M,,,59
201000037765,10,7,3,1400,1,2,2,2.0,4.0,59512,M,,,59
201000037766,10,7,3,1700,1,2,1,1.0,6.0,59512,M,,,59
201000037767,10,7,3,1820,1,2,1,1.0,2.0,59512,M,,,59
201000037768,10,7,17,1400,1,1,2,1.0,4.0,59512,M,,,59
201000037769,10,7,16,1620,1,2,1,1.0,6.0,59646,M,,,59
201000037770,10,7,15,1835,1,2,3,1.0,1.0,59512,M,,,59
201000037771,10,7,9,1530,1,2,1,1.0,6.0,59512,M,,,59
201000037772,10,7,11,1205,1,2,2,1.0,6.0,59650,M,,,59
201000037773,10,5,22,1520,1,2,3,1.0,3.0,59512,M,,,59
201000037774,10,7,21,1000,1,2,1,1.0,6.0,59163,M,,,59
201000037775,10,7,13,1715,1,2,2,1.0,6.0,59512,M,,,59
201000037776,10,6,16,1155,1,2,3,1.0,6.0,59339,M,,,59
201000037777,10,7,7,500,5,2,1,1.0,3.0,59646,M,,,59
201000037778,10,7,6,1650,1,2,2,1.0,3.0,59163,M,,,59
201000037779,10,7,19,1055,1,2,1,1.0,3.0,59512,M,,,59
201000037780,10,7,25,115,5,2,1,1.0,6.0,59598,M,,,59
201000037781,10,7,15,1355,1,2,2,1.0,3.0,59512,M,,,59
201000037782,10,7,22,1625,1,2,1,1.0,3.0,59650,M,,,59
201000037783,10,7,19,1915,1,2,1,1.0,6.0,59163,M,,,59
201000037784,10,7,22,1335,1,2,3,1.0,6.0,59512,M,,,59
201000037785,10,7,26,1050,1,2,1,1.0,4.0,59650,M,,,59
201000037786,10,7,26,1230,1,2,3,1.0,3.0,59512,M,,,59
201000037787,10,7,24,1500,1,2,1,1.0,2.0,59646,M,,,59
201000037788,10,8,3,1615,1,2,3,1.0,3.0,59646,M,,,59
201000037789,10,7,30,1145,1,2,1,1.0,6.0,59650,M,,,59
201000037790,10,7,28,1920,1,2,2,1.0,3.0,59512,M,,,59
201000037791,10,6,2,1700,1,2,1,1.0,2.0,59650,M,,,59
201000037792,10,8,13,115,5,2,1,2.0,2.0,59646,M,,,59
201000037793,10,8,18,1500,1,2,1,1.0,6.0,59512,M,,,59
201000037794,10,8,13,800,1,2,1,2.0,6.0,59367,M,,,59
201000037795,10,8,14,1755,1,2,3,1.0,1.0,59512,M,,,59
201000037796,10,8,15,930,1,2,2,2.0,3.0,59512,M,,,59
201000037797,10,8,10,1720,1,2,2,2.0,1.0,59512,M,,,59
201000037798,10,8,9,1835,1,2,3,1.0,6.0,59512,M,,,59
201000037799,10,8,11,1600,1,2,1,1.0,6.0,59512,M,,,59
201000037800,10,8,21,1720,1,2,1,1.0,1.0,59512,M,,,59
201000037801,10,8,18,805,1,2,2,2.0,1.0,59650,M,,,59
201000037802,10,8,23,1100,1,2,1,2.0,4.0,59512,M,,,59
201000037803,10,8,24,320,5,2,1,1.0,6.0,59163,M,,,59
201000037804,10,8,21,1830,1,2,1,1.0,6.0,59163,M,,,59
201000037805,10,8,18,1745,1,1,1,1.0,6.0,59339,M,,,59
201000037806,10,7,3,1425,1,2,2,1.0,3.0,59650,M,,,59
201000037807,10,8,30,1950,1,2,3,1.0,2.0,59646,M,,,59
201000037808,10,8,26,1700,1,2,2,1.0,1.0,59650,M,,,59
201000037809,10,8,25,835,1,2,2,1.0,2.0,59512,M,,,59
201000037810,10,9,3,2120,1,2,2,1.0,3.0,59512,M,,,59
201000037811,10,9,4,1540,1,2,1,1.0,6.0,59512,M,,,59
201000037812,10,9,4,1335,1,2,2,1.0,3.0,59512,M,,,59
201000037813,10,9,6,800,3,2,2,1.0,4.0,59650,M,,,59
201000037814,10,9,7,1600,1,2,1,1.0,6.0,59299,M,,,59
201000037815,10,9,8,730,1,2,1,2.0,3.0,59512,M,,,59
201000037816,10,9,7,1825,1,1,1,1.0,3.0,59163,M,,,59
201000037817,10,9,6,1600,1,1,3,1.0,5.0,59512,M,,,59
201000037818,10,9,14,1815,1,1,1,2.0,1.0,59646,M,,,59
201000037819,10,9,7,800,1,2,2,1.0,3.0,59512,M,,,59
201000037820,10,9,9,1710,1,1,1,1.0,2.0,59512,M,,,59
201000037821,10,9,9,1240,1,2,1,1.0,6.0,59512,M,,,59
201000037822,10,9,10,1320,1,2,2,1.0,1.0,59512,M,,,59
201000037823,10,9,11,1310,1,2,2,1.0,2.0,59512,M,,,59
201000037824,10,9,11,1510,1,2,1,1.0,2.0,59512,M,,,59
201000037825,10,9,13,1020,1,2,3,1.0,3.0,59512,M,,,59
201000037826,10,9,13,1720,1,2,1,1.0,6.0,59512,M,,,59
201000037827,10,9,15,1610,1,2,1,1.0,6.0,59650,M,,,59
201000037828,10,9,2,1525,1,1,1,1.0,1.0,59299,M,,,59
201000037829,10,9,17,1540,1,2,1,1.0,6.0,59339,M,,,59
201000037830,10,9,17,1545,1,2,2,1.0,3.0,59512,M,,,59
201000037831,10,9,22,750,1,2,3,1.0,3.0,59512,M,,,59
201000037832,10,8,20,1320,1,2,1,1.0,3.0,59299,M,,,59
201000037833,10,9,18,2030,5,2,2,1.0,3.0,59512,M,,,59
201000037834,10,9,16,1430,1,2,1,2.0,2.0,59163,M,,,59
201000037835,10,10,1,1230,1,2,3,1.0,1.0,59646,M,,,59
201000037836,10,10,4,1430,1,2,1,1.0,6.0,59512,M,,,59
201000037837,10,9,28,2050,5,2,3,2.0,1.0,59512,M,,,59
201000037838,10,10,2,1210,1,2,1,1.0,6.0,59646,M,,,59
201000037839,10,9,25,1740,1,2,3,1.0,2.0,59650,M,,,59
201000037840,10,10,1,1230,1,2,1,1.0,2.0,59299,M,,,59
201000037841,10,9,30,750,1,2,3,2.0,3.0,59512,M,,,59
201000037842,10,9,24,850,1,2,1,1.0,6.0,59512,M,,,59
201000037843,10,9,28,1745,1,2,2,2.0,1.0,59650,M,,,59
201000037844,10,9,30,810,1,2,2,2.0,1.0,59512,M,,,59
201000037845,10,9,27,2025,5,2,2,1.0,1.0,59512,M,,,59
201000037846,10,10,13,810,2,1,1,1.0,1.0,59339,M,,,59
201000037847,10,10,16,1940,5,2,1,1.0,6.0,59650,M,,,59
201000037848,10,10,12,1315,1,2,2,1.0,6.0,59512,M,,,59
201000037849,10,10,12,925,1,2,2,1.0,3.0,59650,M,,,59
201000037850,10,10,12,1615,1,2,2,1.0,6.0,59512,M,,,59
201000037851,10,10,10,1700,1,2,2,1.0,1.0,59512,M,,,59
201000037852,10,10,10,2015,5,2,1,1.0,3.0,59512,M,,,59
201000037853,10,10,10,1835,1,2,2,1.0,1.0,59512,M,,,59
201000037854,10,10,15,100,5,2,1,9.0,6.0,59512,M,,,59
201000037855,10,10,7,1630,1,2,1,1.0,6.0,59339,M,,,59
201000037856,10,10,1,1740,1,2,1,2.0,6.0,59646,M,,,59
201000037857,10,10,7,1455,1,2,2,1.0,6.0,59650,M,,,59
201000037858,10,10,5,1215,1,2,3,1.0,3.0,59367,M,,,59
201000037859,10,9,20,1245,1,2,3,1.0,3.0,59650,M,,,59
201000037860,10,10,8,1850,1,2,1,1.0,6.0,59646,M,,,59
201000037861,10,10,14,1600,1,2,2,1.0,3.0,59512,M,,,59
201000037862,10,10,15,900,1,2,2,1.0,6.0,59512,M,,,59
201000037863,10,10,26,1605,1,2,3,1.0,6.0,59650,M,,,59
201000037864,10,10,23,1800,1,2,3,1.0,3.0,59512,M,,,59
201000037865,10,10,17,955,1,2,3,1.0,3.0,59512,M,,,59
201000037866,10,10,15,1355,1,2,3,2.0,6.0,59512,M,,,59
201000037867,10,10,29,1340,1,2,3,1.0,6.0,59650,M,,,59
201000037868,10,10,16,850,1,2,2,2.0,3.0,59512,M,,,59
201000037869,10,10,15,810,1,2,2,2.0,6.0,59512,M,,,59
201000037870,10,10,22,1800,1,2,1,1.0,6.0,59512,M,,,59
201000037871,10,11,1,1930,5,2,1,1.0,3.0,59512,M,,,59
201000037872,10,10,25,1100,1,2,2,2.0,2.0,59650,M,,,59
201000037873,10,10,30,1920,5,2,1,1.0,6.0,59512,M,,,59
201000037874,10,10,28,1400,1,2,2,1.0,3.0,59512,M,,,59
201000037875,10,11,2,900,1,2,1,2.0,6.0,59512,M,,,59
201000037876,10,11,10,2235,5,2,2,2.0,3.0,59512,M,,,59
201000037877,10,11,5,1215,1,2,2,1.0,3.0,59512,M,,,59
201000037878,10,11,13,1600,2,2,4,1.0,5.0,59512,M,,,59
201000037879,10,11,18,1730,5,2,1,1.0,1.0,59512,M,,,59
201000037880,10,11,23,1555,1,2,1,2.0,3.0,59163,M,,,59
201000037881,10,11,15,1730,2,2,1,1.0,3.0,59512,M,,,59
201000037882,10,11,3,1710,2,2,1,1.0,6.0,59367,M,,,59
201000037883,10,12,13,1700,2,2,1,1.0,6.0,59512,M,,,59
201000037884,10,11,6,1655,1,2,2,1.0,4.0,59512,M,,,59
201000037885,10,11,25,1945,5,2,1,4.0,5.0,59650,M,,,59
201000037886,10,11,8,1815,5,2,2,2.0,3.0,59367,M,,,59
201000037887,10,11,11,1420,1,2,2,3.0,3.0,59646,M,,,59
201000037888,10,11,12,1120,1,2,2,1.0,6.0,59646,M,,,59
201000037889,10,11,13,1345,1,2,3,2.0,2.0,59650,M,,,59
201000037890,10,11,15,755,2,2,3,1.0,6.0,59646,M,,,59
201000037891,10,11,19,2200,4,2,6,1.0,3.0,59646,M,,,59
201000037892,10,11,22,730,2,2,1,1.0,6.0,59512,M,,,59
201000037893,10,11,23,750,2,2,1,1.0,1.0,59512,M,,,59
201000037894,10,11,24,1745,1,2,1,1.0,6.0,59512,M,,,59
201000037895,10,11,26,920,1,2,1,1.0,3.0,59646,M,,,59
201000037896,10,11,30,1030,1,2,1,2.0,3.0,59646,M,,,59
201000037897,10,12,10,1620,1,2,2,1.0,6.0,59512,M,,,59
201000037898,10,12,1,1045,1,2,2,4.0,3.0,59512,M,,,59
201000037899,10,12,4,2050,2,1,6,4.0,3.0,59512,M,,,59
201000037900,10,12,7,1400,1,2,1,1.0,6.0,59512,M,,,59
201000037901,10,12,7,1735,5,1,1,1.0,6.0,59512,M,,,59
201000037902,10,12,9,1335,1,2,2,1.0,3.0,59650,M,,,59
201000037903,10,12,9,950,1,2,1,1.0,1.0,59299,M,,,59
201000037904,10,12,9,2015,5,2,1,4.0,2.0,59512,M,,,59
201000037905,10,12,9,1845,5,2,2,1.0,6.0,59650,M,,,59
201000037906,10,12,11,800,2,1,1,1.0,7.0,59299,M,,,59
201000037907,10,12,6,1830,2,2,1,1.0,6.0,59646,M,,,59
201000037908,10,12,18,2130,5,2,9,4.0,1.0,59512,M,,,59
201000037909,10,12,27,1630,2,2,1,4.0,1.0,59299,M,,,59
201000037910,10,12,23,900,1,1,2,1.0,6.0,59512,M,,,59
201000037911,10,12,27,950,1,2,1,8.0,6.0,59512,M,,,59
201000037912,10,12,28,1330,1,1,3,9.0,2.0,59646,M,,,59
201000037913,10,12,28,1330,1,2,5,8.0,3.0,59512,M,,,59
201000037914,10,2,3,910,1,2,9,2.0,6.0,59526,M,,,59
201000037915,10,6,23,620,1,2,1,1.0,6.0,59526,M,,,59
201000037916,10,7,18,1115,1,2,3,1.0,3.0,59526,M,,,59
201000037917,10,9,13,1800,1,2,1,1.0,6.0,59284,M,,,59
201000037918,10,10,10,1600,1,2,3,1.0,1.0,59526,M,,,59
201000037919,10,10,20,1930,5,2,1,1.0,6.0,59526,M,,,59
201000037920,10,2,21,1515,1,1,3,8.0,6.0,59456,M,,,59
201000037921,10,3,10,1600,1,2,4,1.0,2.0,59227,M,,,59
201000037922,10,5,14,1200,1,2,1,1.0,6.0,59456,M,,,59
201000037923,10,6,14,1845,1,1,2,8.0,3.0,59375,M,,,59
201000037924,10,7,2,1005,1,2,1,1.0,2.0,59574,M,,,59
201000037925,10,7,6,1250,1,2,1,1.0,6.0,59637,M,,,59
201000037926,10,7,6,1425,1,2,1,1.0,3.0,59574,M,,,59
201000037927,10,11,6,1615,2,2,2,1.0,3.0,59456,M,,,59
201000037928,10,12,14,1310,1,2,1,1.0,6.0,59574,M,,,59
201000037929,10,12,16,1815,5,2,1,3.0,6.0,59414,M,,,59
201000037930,10,1,1,500,5,2,1,1.0,7.0,59279,M,,,59
201000037931,10,2,5,735,5,2,1,2.0,6.0,59599,M,,,59
201000037932,10,2,12,810,1,2,1,9.0,6.0,59426,M,,,59
201000037933,10,2,20,1500,1,2,2,1.0,3.0,59599,M,,,59
201000037934,10,2,20,2025,5,2,2,1.0,3.0,59599,M,,,59
201000037935,10,2,21,1745,1,2,6,1.0,3.0,59352,M,,,59
201000037936,10,2,25,1950,5,2,2,2.0,6.0,59599,M,,,59
201000037937,10,2,26,1015,1,2,1,2.0,6.0,59599,M,,,59
201000037938,10,3,2,1755,1,2,2,1.0,3.0,59090,M,,,59
201000037939,10,3,6,1920,5,2,1,1.0,6.0,59599,M,,,59
201000037940,10,3,10,1830,2,2,6,1.0,3.0,59090,M,,,59
201000037941,10,3,2,915,1,2,1,1.0,6.0,59599,M,,,59
201000037942,10,3,15,1810,2,2,1,1.0,6.0,59599,M,,,59
201000037943,10,3,18,1025,1,2,2,1.0,3.0,59599,M,,,59
201000037944,10,3,19,1600,1,2,9,1.0,6.0,59599,M,,,59
201000037945,10,3,24,1820,1,2,3,1.0,3.0,59426,M,,,59
201000037946,10,3,25,1820,1,2,2,1.0,3.0,59426,M,,,59
201000037947,10,4,8,1745,1,2,1,1.0,1.0,59426,M,,,59
201000037948,10,4,9,1300,1,2,1,1.0,2.0,59599,M,,,59
201000037949,10,4,9,1525,1,2,1,1.0,3.0,59279,M,,,59
201000037950,10,4,20,1040,1,2,1,1.0,6.0,59599,M,,,59
201000037951,10,4,20,1850,1,2,1,1.0,6.0,59599,M,,,59
201000037952,10,4,22,1325,1,2,1,1.0,3.0,59599,M,,,59
201000037953,10,4,23,435,5,2,1,1.0,6.0,59279,M,,,59
201000037954,10,4,26,1030,1,2,1,1.0,6.0,59090,M,,,59
201000037955,10,4,28,1830,1,2,1,1.0,3.0,59090,M,,,59
201000037956,10,5,2,2340,5,2,6,1.0,6.0,59599,M,,,59
201000037957,10,5,7,1330,1,2,2,1.0,1.0,59656,M,,,59
201000037958,10,5,14,625,2,2,1,1.0,7.0,59599,M,,,59
201000037959,10,5,21,1320,1,2,3,1.0,3.0,59279,M,,,59
201000037960,10,5,22,1120,1,2,3,1.0,3.0,59656,M,,,59
201000037961,10,5,24,1710,1,2,3,1.0,6.0,59599,M,,,59
201000037962,10,5,25,1710,1,2,1,1.0,6.0,59279,M,,,59
201000037963,10,5,26,1900,1,2,1,2.0,7.0,59599,M,,,59
201000037964,10,6,4,915,1,2,1,1.0,6.0,59421,M,,,59
201000037965,10,6,4,1400,1,2,1,1.0,3.0,59599,M,,,59
201000037966,10,5,21,1410,1,2,2,1.0,3.0,59599,M,,,59
201000037967,10,6,10,1010,1,2,1,1.0,2.0,59508,M,,,59
201000037968,10,6,14,320,5,2,1,1.0,6.0,59599,M,,,59
201000037969,10,6,18,1838,1,2,1,2.0,6.0,59599,M,,,59
201000037970,10,6,20,2050,2,2,1,1.0,6.0,59152,M,,,59
201000037971,10,6,25,1230,1,2,1,1.0,6.0,59599,M,,,59
201000037972,10,6,29,845,1,2,1,7.0,6.0,59599,M,,,59
201000037973,10,6,29,1545,1,2,4,1.0,3.0,59421,M,,,59
201000037974,10,6,30,1130,1,2,1,1.0,6.0,59599,M,,,59
201000037975,10,6,29,1900,1,2,7,1.0,6.0,59599,M,,,59
201000037976,10,7,6,1440,1,2,4,1.0,1.0,59421,M,,,59
201000037977,10,7,7,2240,1,2,1,1.0,3.0,59279,M,,,59
201000037978,10,7,8,1900,1,2,2,1.0,3.0,59599,M,,,59
201000037979,10,7,16,2240,2,2,3,1.0,3.0,59279,M,,,59
201000037980,10,7,19,1850,1,2,4,1.0,3.0,59279,M,,,59
201000037981,10,7,23,1700,1,2,1,1.0,6.0,59599,M,,,59
201000037982,10,7,24,1200,1,2,1,1.0,3.0,59599,M,,,59
201000037983,10,7,25,140,5,2,1,1.0,6.0,59599,M,,,59
201000037984,10,7,27,1145,1,2,3,2.0,3.0,59508,M,,,59
201000037985,10,8,3,1425,1,2,1,1.0,4.0,59421,M,,,59
201000037986,10,8,10,900,1,2,1,1.0,6.0,59421,M,,,59
201000037987,10,8,11,2000,1,2,3,1.0,1.0,59599,M,,,59
201000037988,10,8,12,1230,1,2,1,1.0,3.0,59599,M,,,59
201000037989,10,8,13,1945,1,2,1,1.0,6.0,59599,M,,,59
201000037990,10,8,20,1135,1,2,3,1.0,3.0,59421,M,,,59
201000037991,10,8,24,1315,1,2,1,1.0,2.0,59090,M,,,59
201000037992,10,8,28,1630,1,2,3,1.0,3.0,59599,M,,,59
201000037993,10,9,2,1055,1,2,1,1.0,6.0,59421,M,,,59
201000037994,10,9,3,1225,1,2,1,1.0,7.0,59599,M,,,59
201000037995,10,9,5,2055,1,2,1,1.0,6.0,59352,M,,,59
201000037996,10,9,6,145,5,2,1,1.0,6.0,59508,M,,,59
201000037997,10,9,7,1530,1,2,1,1.0,6.0,59279,M,,,59
201000037998,10,9,9,1740,1,2,1,1.0,3.0,59599,M,,,59
201000037999,10,9,9,1845,1,2,9,1.0,6.0,59599,M,,,59
201000038000,10,9,14,1340,1,2,2,1.0,5.0,59352,M,,,59
201000038001,10,9,15,1915,1,2,1,1.0,6.0,59599,M,,,59
201000038002,10,9,16,1250,1,2,3,2.0,2.0,59599,M,,,59
201000038003,10,9,20,1030,1,2,3,7.0,6.0,59599,M,,,59
201000038004,10,9,20,1500,1,2,1,1.0,6.0,59599,M,,,59
201000038005,10,9,21,2300,5,2,2,1.0,3.0,59599,M,,,59
201000038006,10,9,23,1810,1,2,1,1.0,4.0,59599,M,,,59
201000038007,10,9,23,1630,1,2,1,1.0,6.0,59599,M,,,59
201000038008,10,9,29,810,1,2,1,1.0,6.0,59599,M,,,59
201000038009,10,10,1,2100,5,2,1,3.0,1.0,59599,M,,,59
201000038010,10,10,4,1350,1,2,1,1.0,7.0,59152,M,,,59
201000038011,10,10,5,1520,1,2,2,1.0,3.0,59599,M,,,59
201000038012,10,10,8,920,1,2,1,1.0,3.0,59599,M,,,59
201000038013,10,10,9,535,5,2,3,1.0,3.0,59279,M,,,59
201000038014,10,10,9,1800,1,2,1,1.0,6.0,59599,M,,,59
201000038015,10,10,10,1520,1,1,1,1.0,7.0,59279,M,,,59
201000038016,10,10,13,755,1,2,1,1.0,6.0,59090,M,,,59
201000038017,10,10,18,2100,3,1,2,1.0,3.0,59426,M,,,59
201000038018,10,10,23,1940,5,2,6,2.0,2.0,59279,M,,,59
201000038019,10,10,23,2040,3,2,1,2.0,2.0,59279,M,,,59
201000038020,10,11,4,1530,1,2,3,9.0,6.0,59599,M,,,59
201000038021,10,11,9,1345,1,2,2,2.0,1.0,59421,M,,,59
201000038022,10,11,9,1700,5,1,6,2.0,3.0,59090,M,,,59
201000038023,10,11,9,1725,5,2,2,2.0,6.0,59599,M,,,59
201000038024,10,10,25,2115,5,2,1,8.0,7.0,59599,M,,,59
201000038025,10,11,16,1515,1,2,1,5.0,6.0,59279,M,,,59
201000038026,10,11,20,1735,5,2,1,1.0,3.0,59599,M,,,59
201000038027,10,11,21,225,5,2,9,1.0,6.0,59599,M,,,59
201000038028,10,11,26,1730,5,2,1,2.0,6.0,59599,M,,,59
201000038029,10,12,6,2015,5,2,1,9.0,7.0,59090,M,,,59
201000038030,10,12,11,730,2,2,1,1.0,6.0,59599,M,,,59
201000038031,10,12,11,835,2,2,3,1.0,7.0,59599,M,,,59
201000038032,10,12,11,1710,5,2,1,1.0,6.0,59599,M,,,59
201000038033,10,12,10,1130,1,2,1,1.0,6.0,59606,M,,,59
201000038034,10,12,18,155,3,2,1,4.0,1.0,59544,M,,,59
201000038035,10,1,3,1610,1,1,1,1.0,4.0,59459,M,,,59
201000038036,10,1,8,1155,1,2,1,1.0,6.0,59112,M,,,59
201000038037,10,1,8,2015,5,2,1,1.0,6.0,59491,M,,,59
201000038038,10,7,7,1820,1,2,2,1.0,6.0,59544,M,,,59
201000038039,10,1,9,2050,5,1,1,8.0,6.0,59447,M,,,59
201000038040,10,10,9,935,1,2,2,1.0,3.0,59606,M,,,59
201000038041,10,12,5,1815,5,2,1,1.0,6.0,59491,M,,,59
201000038042,10,12,18,1500,1,2,1,4.0,1.0,59014,M,,,59
201000038043,10,11,16,810,1,2,1,1.0,4.0,59606,M,,,59
201000038044,10,1,18,1245,1,2,1,1.0,7.0,59606,M,,,59
201000038045,10,1,28,1210,1,2,1,8.0,6.0,59606,M,,,59
201000038046,10,1,28,1935,5,1,1,1.0,1.0,59491,M,,,59
201000038047,10,1,30,1835,5,2,2,1.0,6.0,59606,M,,,59
201000038048,10,2,1,1315,1,2,1,1.0,3.0,59112,M,,,59
201000038049,10,2,9,1400,1,2,1,1.0,6.0,59112,M,,,59
201000038050,10,2,20,530,4,2,1,1.0,2.0,59112,M,,,59
201000038051,10,2,19,1510,1,2,2,1.0,3.0,59014,M,,,59
201000038052,10,2,18,1050,1,2,3,1.0,6.0,59014,M,,,59
201000038053,10,1,30,2010,5,2,3,1.0,6.0,59079,M,,,59
201000038054,10,2,28,2215,5,2,3,1.0,1.0,59447,M,,,59
201000038055,10,2,14,1000,1,2,1,1.0,6.0,59484,M,,,59
201000038056,10,3,7,2200,1,2,1,1.0,1.0,59459,M,,,59
201000038057,10,3,7,1535,1,2,1,1.0,6.0,59014,M,,,59
201000038058,10,3,6,1000,1,2,1,1.0,6.0,59557,M,,,59
201000038059,10,3,17,1400,1,2,1,1.0,6.0,59484,M,,,59
201000038060,10,3,17,2100,5,2,3,1.0,6.0,59544,M,,,59