Num_Acc,an,mois,jour,hrmn,lum,agg,int,atm,col,com,gps,lat,long,dep
201000038061,10,3,15,655,1,2,1,1.0,3.0,59606,M,,,59
201000038062,10,1,27,1350,1,2,1,1.0,3.0,59207,M,,,59
201000038063,10,3,10,1710,1,2,3,1.0,6.0,59491,M,,,59
201000038064,10,2,27,1820,5,2,1,2.0,6.0,59014,M,,,59
201000038065,10,3,31,2230,5,2,1,1.0,2.0,59606,M,,,59
201000038066,10,4,9,1630,1,2,1,1.0,6.0,59544,M,,,59
201000038067,10,3,26,2230,3,1,1,2.0,6.0,59479,M,,,59
201000038068,10,3,18,1915,5,2,1,1.0,3.0,59606,M,,,59
201000038069,10,4,16,1620,1,2,3,1.0,6.0,59207,M,,,59
201000038070,10,4,21,1330,1,2,2,1.0,3.0,59606,M,,,59
201000038071,10,4,24,2000,1,2,1,1.0,6.0,59606,M,,,59
201000038072,10,4,6,1145,1,2,2,1.0,6.0,59014,M,,,59
201000038073,10,4,30,1905,1,2,1,1.0,6.0,59369,M,,,59
201000038074,10,4,23,1700,1,2,1,1.0,3.0,59606,M,,,59
201000038075,10,4,29,1700,1,2,1,1.0,2.0,59606,M,,,59
201000038076,10,5,10,1730,1,2,1,1.0,3.0,59014,M,,,59
201000038077,10,5,15,1430,1,1,1,1.0,4.0,59606,M,,,59
201000038078,10,3,3,1610,1,2,1,1.0,2.0,59606,M,,,59
201000038079,10,5,4,1550,1,1,4,1.0,3.0,59564,M,,,59
201000038080,10,5,20,2100,2,2,2,1.0,6.0,59606,M,,,59
201000038081,10,5,25,1400,1,2,3,1.0,3.0,59606,M,,,59
201000038082,10,5,27,1615,1,2,3,1.0,3.0,59014,M,,,59
201000038083,10,6,1,1600,1,2,1,1.0,6.0,59606,M,,,59
201000038084,10,4,30,1615,1,1,2,1.0,3.0,59544,M,,,59
201000038085,10,5,1,1815,1,2,2,1.0,2.0,59369,M,,,59
201000038086,10,4,13,1710,1,2,2,1.0,3.0,59447,M,,,59
201000038087,10,6,5,120,5,2,2,1.0,3.0,59484,M,,,59
201000038088,10,6,9,1750,1,2,3,3.0,3.0,59459,M,,,59
201000038089,10,5,29,1220,1,2,1,1.0,3.0,59606,M,,,59
201000038090,10,6,5,820,1,2,1,1.0,6.0,59606,M,,,59
201000038091,10,3,21,740,2,2,1,1.0,2.0,59447,M,,,59
201000038092,10,6,9,1405,1,2,2,1.0,3.0,59032,M,,,59
201000038093,10,6,1,905,1,2,1,1.0,3.0,59032,M,,,59
201000038094,10,5,17,1715,1,2,1,1.0,3.0,59112,M,,,59
201000038095,10,6,11,2245,5,2,1,1.0,6.0,59515,M,,,59
201000038096,10,6,10,1810,1,2,1,1.0,6.0,59606,M,,,59
201000038097,10,6,16,2115,2,2,1,1.0,6.0,59014,M,,,59
201000038098,10,6,9,1700,1,2,1,1.0,6.0,59491,M,,,59
201000038099,10,6,19,1545,1,2,1,1.0,2.0,59207,M,,,59
201000038100,10,4,1,650,2,2,2,3.0,3.0,59383,M,,,59
201000038101,10,6,2,1630,1,2,1,1.0,6.0,59606,M,,,59
201000038102,10,6,18,1540,1,2,1,1.0,3.0,59484,M,,,59
201000038103,10,5,20,1700,1,2,1,1.0,3.0,59014,M,,,59
201000038104,10,6,26,1335,1,2,1,1.0,6.0,59606,M,,,59
201000038105,10,6,23,2340,3,1,1,1.0,6.0,59544,M,,,59
201000038106,10,7,20,1340,1,2,3,1.0,2.0,59606,M,,,59
201000038107,10,7,30,2000,1,2,1,1.0,6.0,59112,M,,,59
201000038108,10,8,1,1120,1,2,3,1.0,6.0,59079,M,,,59
201000038109,10,6,11,1745,1,2,1,1.0,6.0,59383,M,,,59
201000038110,10,6,21,815,1,2,6,1.0,3.0,59014,M,,,59
201000038111,10,6,22,845,1,2,1,1.0,6.0,59491,M,,,59
201000038112,10,7,8,1420,1,2,2,1.0,3.0,59207,M,,,59
201000038113,10,7,21,2210,5,2,1,2.0,6.0,59606,M,,,59
201000038114,10,7,2,945,1,2,3,1.0,6.0,59606,M,,,59
201000038115,10,7,9,1705,1,2,6,9.0,3.0,59606,M,,,59
201000038116,10,7,10,825,1,2,1,1.0,3.0,59544,M,,,59
201000038117,10,7,13,1700,1,2,1,1.0,6.0,59544,M,,,59
201000038118,10,7,8,1710,1,2,6,1.0,3.0,59014,M,,,59
201000038119,10,7,13,850,1,2,1,1.0,3.0,59606,M,,,59
201000038120,10,7,9,1645,1,2,1,1.0,6.0,59383,M,,,59
201000038121,10,7,28,1405,1,1,1,1.0,2.0,59613,M,,,59
201000038122,10,8,6,1600,1,1,1,1.0,6.0,59447,M,,,59
201000038123,10,8,10,50,5,2,1,1.0,6.0,59479,M,,,59
201000038124,10,8,11,1030,1,2,1,1.0,1.0,59459,M,,,59
201000038125,10,8,11,1015,1,2,1,1.0,6.0,59564,M,,,59
201000038126,10,8,5,1710,1,2,1,1.0,6.0,59491,M,,,59
201000038127,10,9,1,1900,1,2,1,1.0,6.0,59079,M,,,59
201000038128,10,9,9,1957,2,2,1,1.0,1.0,59484,M,,,59
201000038129,10,9,10,1915,1,2,1,1.0,6.0,59014,M,,,59
201000038130,10,9,20,1425,1,2,1,1.0,3.0,59606,M,,,59
201000038131,10,7,30,1725,1,2,1,1.0,3.0,59079,M,,,59
201000038132,10,8,31,2020,1,2,8,1.0,4.0,59014,M,,,59
201000038133,10,9,5,1855,1,2,1,1.0,6.0,59207,M,,,59
201000038134,10,10,2,305,5,2,3,1.0,6.0,59606,M,,,59
201000038135,10,9,24,920,1,2,1,1.0,6.0,59479,M,,,59
201000038136,10,9,1,1700,1,2,1,1.0,3.0,59383,M,,,59
201000038137,10,10,3,135,5,2,1,1.0,6.0,59606,M,,,59
201000038138,10,9,3,1800,1,1,1,1.0,2.0,59447,M,,,59
201000038139,10,10,6,1735,1,2,1,1.0,4.0,59606,M,,,59
201000038140,10,8,13,945,1,2,1,1.0,6.0,59014,M,,,59
201000038141,10,9,30,1225,1,2,1,1.0,3.0,59606,M,,,59
201000038142,10,9,30,1825,1,2,1,1.0,3.0,59606,M,,,59
201000038143,10,10,8,1855,1,2,1,1.0,2.0,59606,M,,,59
201000038144,10,10,14,750,2,2,1,1.0,3.0,59606,M,,,59
201000038145,10,10,19,1815,5,2,1,1.0,6.0,59544,M,,,59
201000038146,10,10,22,1605,1,2,1,1.0,6.0,59014,M,,,59
201000038147,10,10,31,345,5,2,1,1.0,6.0,59014,M,,,59
201000038148,10,10,13,1350,1,2,1,1.0,2.0,59606,M,,,59
201000038149,10,10,20,1515,1,2,1,1.0,6.0,59606,M,,,59
201000038150,10,9,27,1705,1,2,1,1.0,3.0,59606,M,,,59
201000038151,10,10,30,2115,3,1,1,1.0,6.0,59613,M,,,59
201000038152,10,10,27,1835,5,2,1,1.0,6.0,59079,M,,,59
201000038153,10,11,15,2210,5,2,1,2.0,6.0,59606,M,,,59
201000038154,10,11,4,830,1,2,1,1.0,1.0,59475,M,,,59
201000038155,10,11,3,655,2,1,1,1.0,3.0,59564,M,,,59
201000038156,10,11,9,1845,5,2,1,1.0,3.0,59479,M,,,59
201000038157,10,11,15,30,5,2,1,1.0,6.0,59603,M,,,59
201000038158,10,11,9,1825,2,2,1,3.0,6.0,59447,M,,,59
201000038159,10,11,10,1755,5,2,3,1.0,3.0,59606,M,,,59
201000038160,10,11,16,1730,2,2,1,5.0,6.0,59014,M,,,59
201000038161,10,10,9,1215,1,2,3,1.0,6.0,59606,M,,,59
201000038162,10,12,11,130,5,2,1,1.0,1.0,59606,M,,,59
201000038163,10,12,9,1910,5,2,1,1.0,6.0,59491,M,,,59
201000038164,10,12,14,1100,1,2,1,1.0,6.0,59491,M,,,59
201000038165,10,12,8,1845,5,2,1,9.0,6.0,59112,M,,,59
201000038166,10,1,21,1515,1,2,1,1.0,6.0,60057,M,,,60
201000038167,10,1,29,820,2,2,2,2.0,3.0,60057,M,,,60
201000038168,10,2,16,1350,1,2,1,1.0,6.0,60057,M,,,60
201000038169,10,3,10,1302,1,2,1,1.0,6.0,60057,M,,,60
201000038170,10,5,1,45,3,2,1,1.0,7.0,60057,M,,,60
201000038171,10,5,9,700,1,1,1,1.0,7.0,60057,M,,,60
201000038172,10,5,22,2335,3,2,1,1.0,3.0,60057,M,,,60
201000038173,10,7,29,1120,1,2,1,1.0,6.0,60057,M,,,60
201000038174,10,8,5,2305,5,2,1,1.0,6.0,60057,M,,,60
201000038175,10,8,30,1150,1,2,3,1.0,3.0,60057,M,,,60
201000038176,10,9,6,1710,1,2,1,1.0,6.0,60057,M,,,60
201000038177,10,10,5,1210,1,2,1,1.0,3.0,60057,M,,,60
201000038178,10,10,7,1350,1,2,1,1.0,6.0,60057,M,,,60
201000038179,10,10,24,1130,1,1,1,9.0,7.0,60057,M,,,60
201000038180,10,11,2,1355,1,2,1,1.0,6.0,60057,M,,,60
201000038181,10,11,8,1130,1,2,1,1.0,6.0,60057,M,,,60
201000038182,10,1,4,1300,1,2,6,7.0,6.0,60159,M,,,60
201000038183,10,1,18,2020,5,2,1,1.0,3.0,60159,M,,,60
201000038184,10,1,26,1030,1,2,2,1.0,2.0,60159,M,,,60
201000038185,10,2,20,1520,1,2,3,1.0,3.0,60159,M,,,60
201000038186,10,2,22,1740,1,2,6,1.0,3.0,60159,M,,,60
201000038187,10,2,25,1815,1,2,3,1.0,3.0,60159,M,,,60
201000038188,10,3,6,1040,1,1,1,1.0,3.0,60665,M,,,60
201000038189,10,3,9,1450,1,2,1,1.0,3.0,60382,M,,,60
201000038190,10,3,11,1325,1,2,1,1.0,6.0,60159,M,,,60
201000038191,10,3,13,2200,5,1,1,1.0,6.0,60665,M,,,60
201000038192,10,3,15,1525,1,2,2,1.0,2.0,60159,M,,,60
201000038193,10,3,15,1400,1,2,2,1.0,3.0,60159,M,,,60
201000038194,10,3,22,1725,1,2,1,1.0,6.0,60159,M,,,60
201000038195,10,3,19,1915,2,1,1,1.0,6.0,60159,M,,,60
201000038196,10,3,23,1805,1,1,1,1.0,7.0,60159,M,,,60
201000038197,10,4,22,1310,1,2,3,1.0,4.0,60159,M,,,60
201000038198,10,4,22,1405,1,2,7,1.0,6.0,60159,M,,,60
201000038199,10,4,22,1750,1,2,7,1.0,3.0,60382,M,,,60
201000038200,10,4,23,1735,1,2,1,1.0,3.0,60382,M,,,60
201000038201,10,5,14,1725,1,1,1,1.0,2.0,60159,M,,,60
201000038202,10,5,17,1500,1,2,1,1.0,6.0,60159,M,,,60
201000038203,10,5,18,820,1,1,1,1.0,6.0,60159,M,,,60
201000038204,10,5,12,1355,1,1,1,1.0,5.0,60159,M,,,60
201000038205,10,5,20,1500,1,1,6,1.0,2.0,60159,M,,,60
201000038206,10,6,13,515,2,2,7,1.0,6.0,60159,M,,,60
201000038207,10,6,11,935,1,1,6,1.0,2.0,60159,M,,,60
201000038208,10,6,22,910,1,2,1,1.0,6.0,60382,M,,,60
201000038209,10,6,23,1835,1,2,1,1.0,7.0,60159,M,,,60
201000038210,10,6,19,1320,1,2,3,1.0,3.0,60159,M,,,60
201000038211,10,6,29,1840,1,2,7,1.0,6.0,60665,M,,,60
201000038212,10,7,18,1900,1,1,1,1.0,7.0,60159,M,,,60
201000038213,10,8,12,1520,1,2,1,1.0,2.0,60382,M,,,60
201000038214,10,9,1,1350,1,2,6,1.0,3.0,60159,M,,,60
201000038215,10,9,1,1720,1,1,1,1.0,6.0,60159,M,,,60
201000038216,10,9,13,955,1,2,1,1.0,6.0,60159,M,,,60
201000038217,10,9,17,1855,1,2,1,7.0,3.0,60159,M,,,60
201000038218,10,9,23,1300,1,1,6,1.0,2.0,60325,M,,,60
201000038219,10,9,25,1550,1,2,1,1.0,6.0,60159,M,,,60
201000038220,10,10,2,1540,1,1,1,2.0,7.0,60159,M,,,60
201000038221,10,10,8,1620,1,2,1,1.0,6.0,60159,M,,,60
201000038222,10,10,15,730,2,2,1,1.0,6.0,60159,M,,,60
201000038223,10,10,30,1855,5,2,1,1.0,6.0,60159,M,,,60
201000038224,10,11,3,1040,1,2,1,1.0,6.0,60159,M,,,60
201000038225,10,11,5,1420,1,1,1,1.0,6.0,60159,M,,,60
201000038226,10,11,16,1430,1,2,1,5.0,6.0,60159,M,,,60
201000038227,10,11,16,910,1,1,1,5.0,2.0,60665,M,,,60
201000038228,10,11,27,1755,2,1,1,9.0,4.0,60665,M,,,60
201000038229,10,12,11,1705,1,2,3,1.0,3.0,60382,M,,,60
201000038230,10,12,11,1705,1,1,1,1.0,1.0,60159,M,,,60
201000038231,10,1,7,840,1,2,1,8.0,7.0,60463,M,,,60
201000038232,10,1,17,2355,5,2,1,1.0,7.0,60175,M,,,60
201000038233,10,1,21,1620,1,2,1,1.0,2.0,60684,M,,,60
201000038234,10,1,24,1825,3,1,1,1.0,1.0,60175,M,,,60
201000038235,10,1,24,125,3,1,1,1.0,2.0,60175,M,,,60
201000038236,10,2,27,1140,2,2,1,1.0,7.0,60175,M,,,60
201000038237,10,3,5,1040,1,2,3,1.0,3.0,60601,M,,,60
201000038238,10,4,29,1655,1,2,1,1.0,7.0,60463,M,,,60
201000038239,10,4,30,1815,1,2,1,1.0,5.0,60601,M,,,60
201000038240,10,5,5,1410,1,2,1,1.0,6.0,60175,M,,,60
201000038241,10,5,19,820,1,1,1,1.0,6.0,60463,M,,,60
201000038242,10,5,21,2200,5,2,3,1.0,5.0,60175,M,,,60
201000038243,10,5,22,1425,1,2,2,1.0,3.0,60175,M,,,60
201000038244,10,5,30,1830,1,2,1,1.0,6.0,60414,M,,,60
201000038245,10,6,2,1425,1,2,9,1.0,2.0,60463,M,,,60
201000038246,10,6,5,2340,5,2,1,1.0,6.0,60175,M,,,60
201000038247,10,6,8,1710,1,2,1,1.0,3.0,60684,M,,,60
201000038248,10,6,28,1605,1,2,6,1.0,3.0,60175,M,,,60
201000038249,10,8,15,1700,1,2,1,2.0,1.0,60414,M,,,60
201000038250,10,11,6,1420,1,2,3,2.0,6.0,60175,M,,,60
201000038251,10,6,6,2200,5,2,1,1.0,1.0,60463,M,,,60
201000038252,10,6,5,1415,1,2,1,1.0,6.0,60175,M,,,60
201000038253,10,7,6,800,1,2,1,1.0,5.0,60175,M,,,60
201000038254,10,8,9,1450,1,2,1,1.0,6.0,60175,M,,,60
201000038255,10,8,24,1224,1,2,1,1.0,1.0,60175,M,,,60
201000038256,10,9,6,1605,1,1,1,2.0,1.0,60175,M,,,60
201000038257,10,9,17,245,5,1,1,1.0,7.0,60175,M,,,60
201000038258,10,9,12,1735,1,2,1,1.0,3.0,60463,M,,,60
201000038259,10,9,25,1820,1,2,1,1.0,7.0,60414,M,,,60
201000038260,10,9,24,2055,3,2,9,2.0,6.0,60463,M,,,60
201000038261,10,10,2,1530,1,2,3,2.0,3.0,60414,M,,,60
201000038262,10,10,2,1500,1,2,1,2.0,6.0,60175,M,,,60
201000038263,10,10,30,105,3,1,1,2.0,2.0,60463,M,,,60
201000038264,10,11,10,1255,1,2,1,2.0,6.0,60463,M,,,60
201000038265,10,11,17,1900,5,2,3,1.0,6.0,60175,M,,,60
201000038266,10,11,14,1830,5,1,1,1.0,2.0,60175,M,,,60
201000038267,10,2,10,750,1,2,1,8.0,3.0,61001,M,4841790.0,9942.0,61
201000038268,10,3,7,1915,2,2,3,1.0,3.0,61001,M,4843430.0,7617.0,61
201000038269,10,3,8,1125,1,2,2,1.0,3.0,61001,M,,,61
201000038270,10,3,23,745,1,2,6,8.0,3.0,61001,M,,,61
201000038271,10,3,25,1255,1,2,6,8.0,3.0,61001,M,,,61
201000038272,10,3,28,510,5,2,1,1.0,3.0,61117,M,,,61
201000038273,10,3,28,2005,5,2,3,1.0,7.0,61001,M,,,61
201000038274,10,4,17,1530,1,2,2,1.0,3.0,61001,M,4842780.0,7494.0,61
201000038275,10,5,25,1315,1,2,2,1.0,7.0,61143,M,,,61
201000038276,10,5,31,830,1,2,1,1.0,3.0,61117,M,4843030.0,5333.0,61
201000038277,10,6,6,2135,2,2,1,1.0,1.0,61117,M,4843570.0,4842.0,61
201000038278,10,6,19,2355,5,2,1,1.0,7.0,61001,M,,,61
201000038279,10,7,5,1600,1,2,6,1.0,3.0,61001,M,4843410.0,9364.0,61
201000038280,10,7,17,1900,1,2,2,1.0,3.0,61001,M,4842780.0,7494.0,61
201000038281,10,7,19,845,1,1,1,1.0,4.0,61497,M,4847420.0,10533.0,61
201000038282,10,8,21,1420,1,2,1,1.0,6.0,61001,M,4843310.0,9435.0,61
201000038283,10,8,25,1450,1,2,6,1.0,3.0,61001,M,4842320.0,8961.0,61
201000038284,10,9,17,15,5,2,2,1.0,3.0,61001,M,,,61
201000038285,10,9,16,1745,1,2,2,1.0,3.0,61001,M,4842580.0,9194.0,61
201000038286,10,9,29,2045,3,1,3,1.0,3.0,61497,M,4845550.0,10541.0,61
201000038287,10,10,7,1620,1,2,1,1.0,3.0,61001,M,4842010.0,8963.0,61
201000038288,10,10,21,1235,1,1,1,1.0,7.0,61143,M,,,61
201000038289,10,11,2,1230,1,2,2,9.0,3.0,61001,M,,,61
201000038290,10,10,29,1955,5,2,2,1.0,6.0,61001,M,,,61
201000038291,10,11,10,1800,5,2,1,1.0,6.0,61001,M,,,61
201000038292,10,11,13,2330,5,2,1,3.0,1.0,61001,M,,,61
201000038293,10,11,17,1925,5,2,1,2.0,1.0,61397,M,4842230.0,6616.0,61
201000038294,10,11,22,2200,5,2,1,1.0,6.0,61117,M,,,61
201000038295,10,11,23,815,2,2,1,1.0,3.0,61001,M,,,61
201000038296,10,11,24,1450,1,2,6,1.0,3.0,61001,M,,,61
201000038297,10,12,14,1630,1,2,4,7.0,6.0,61001,M,4843650.0,9929.0,61
201000038298,10,12,21,1850,2,2,2,1.0,3.0,61001,M,,,61
201000038299,10,12,22,1450,1,2,3,1.0,3.0,61117,M,4843400.0,6029.0,61
201000038300,10,2,15,810,1,2,2,1.0,6.0,61006,M,4874850.0,-2697.0,61
201000038301,10,3,8,1225,1,2,1,1.0,6.0,61006,M,4872530.0,-1428.0,61
201000038302,10,6,13,1335,1,2,3,1.0,3.0,61006,M,4874940.0,-2819.0,61
201000038303,10,6,16,1710,1,2,3,1.0,3.0,61006,M,,,61
201000038304,10,7,9,940,1,2,1,1.0,6.0,61006,M,4874910.0,-1433.0,61
201000038305,10,8,6,1445,1,2,6,1.0,2.0,61006,M,4874710.0,-3123.0,61
201000038306,10,8,31,1220,1,2,1,1.0,3.0,61006,M,,,61
201000038307,10,9,9,1400,1,2,3,1.0,3.0,61006,M,,,61
201000038308,10,11,19,745,2,2,1,5.0,6.0,61006,M,,,61
201000038309,10,11,27,1455,1,2,1,8.0,6.0,61006,M,,,61
201000038310,10,11,30,1320,1,2,1,1.0,6.0,61006,M,,,61
201000038311,10,3,19,1920,5,2,1,2.0,6.0,61169,M,4874840.0,-56070.0,61
201000038312,10,5,4,820,1,2,1,1.0,6.0,61169,M,,,61
201000038313,10,6,19,1800,1,2,2,1.0,6.0,61169,M,,,61
201000038314,10,1,3,1320,1,2,1,7.0,6.0,62041,M,,,62
201000038315,10,2,15,1100,1,2,1,1.0,3.0,62041,M,,,62
201000038316,10,2,28,50,3,1,1,1.0,6.0,62764,M,,,62
201000038317,10,3,1,755,1,2,1,1.0,6.0,62041,M,,,62
201000038318,10,3,4,1705,1,2,4,1.0,2.0,62041,M,,,62
201000038319,10,3,17,2010,5,2,1,1.0,3.0,62041,M,,,62
201000038320,10,3,28,755,1,2,2,1.0,3.0,62041,M,,,62
201000038321,10,4,13,1505,1,1,6,1.0,6.0,62744,M,,,62
201000038322,10,4,16,745,1,1,3,1.0,2.0,62099,M,,,62
201000038323,10,5,2,1805,1,2,3,1.0,6.0,62041,M,,,62
201000038324,10,5,18,1755,1,2,1,1.0,6.0,62041,M,,,62
201000038325,10,5,22,1840,1,1,2,1.0,3.0,62041,M,,,62
201000038326,10,5,25,1335,1,2,1,1.0,3.0,62004,M,,,62
201000038327,10,5,26,1220,1,2,1,1.0,6.0,62041,M,,,62
201000038328,10,6,3,2025,1,1,1,1.0,3.0,62764,M,,,62
201000038329,10,6,8,2145,2,2,1,1.0,6.0,62041,M,,,62
201000038330,10,6,12,1040,1,2,1,1.0,6.0,62041,M,,,62
201000038331,10,6,16,850,1,2,3,1.0,3.0,62041,M,,,62
201000038332,10,6,18,905,1,2,2,1.0,6.0,62041,M,,,62
201000038333,10,6,29,1415,1,1,4,1.0,7.0,62764,M,,,62
201000038334,10,7,21,1405,1,2,3,1.0,1.0,62041,M,,,62
201000038335,10,8,27,1105,1,2,1,2.0,3.0,62041,M,,,62
201000038336,10,8,27,1640,1,2,2,1.0,3.0,62004,M,,,62
201000038337,10,9,8,1305,1,2,1,3.0,3.0,62041,M,,,62
201000038338,10,9,10,2105,2,1,2,1.0,3.0,62004,M,,,62
201000038339,10,9,11,1130,1,2,1,1.0,6.0,62041,M,,,62
201000038340,10,10,10,2350,5,2,2,1.0,3.0,62041,M,,,62
201000038341,10,10,16,1420,1,2,2,1.0,3.0,62004,M,,,62
201000038342,10,11,6,1955,3,1,1,2.0,3.0,62744,M,,,62
201000038343,10,11,12,2315,5,2,5,3.0,3.0,62004,M,,,62
201000038344,10,11,12,2015,5,1,1,2.0,6.0,62041,M,,,62
201000038345,10,11,23,1845,5,2,1,1.0,6.0,62764,M,,,62
201000038346,10,11,29,1650,2,2,6,1.0,2.0,62263,M,,,62
201000038347,10,11,30,1735,3,2,3,1.0,3.0,62041,M,,,62
201000038348,10,12,11,1040,1,2,4,9.0,3.0,62048,M,,,62
201000038349,10,1,7,1805,2,2,1,4.0,6.0,62048,M,,,62
201000038350,10,1,18,1910,5,2,1,1.0,1.0,62048,M,,,62
201000038351,10,2,15,1900,5,2,1,8.0,6.0,62048,M,,,62
201000038352,10,2,17,2240,5,1,1,8.0,7.0,62532,M,,,62
201000038353,10,2,20,2115,5,1,1,4.0,6.0,62188,M,,,62
201000038354,10,2,19,2130,3,1,1,1.0,5.0,62516,M,,,62
201000038355,10,2,27,2220,5,2,8,1.0,3.0,62516,M,,,62
201000038356,10,6,7,2120,1,2,1,1.0,3.0,62516,M,,,62
201000038357,10,6,29,505,2,2,3,1.0,6.0,62048,M,,,62
201000038358,10,6,26,950,1,2,3,1.0,3.0,62048,M,,,62
201000038359,10,7,28,2300,5,2,3,2.0,6.0,62516,M,,,62
201000038360,10,8,11,2025,1,2,1,1.0,6.0,62048,M,,,62
201000038361,10,8,26,1215,1,1,9,1.0,7.0,62516,M,,,62
201000038362,10,9,22,1030,1,2,6,1.0,3.0,62048,M,,,62
201000038363,10,12,5,1700,2,2,3,8.0,3.0,62516,M,,,62
201000038364,10,1,3,2045,3,1,1,1.0,6.0,62277,M,,,62
201000038365,10,1,6,1910,3,1,1,4.0,6.0,62065,M,,,62
201000038366,10,1,17,1150,1,2,4,1.0,3.0,62065,M,,,62
201000038367,10,1,20,1400,1,2,2,1.0,3.0,62724,M,,,62
201000038368,10,1,23,1950,5,2,2,3.0,6.0,62724,M,,,62
201000038369,10,2,1,845,1,2,3,1.0,5.0,62724,M,,,62
201000038370,10,2,25,950,1,1,1,1.0,6.0,62277,M,,,62
201000038371,10,2,26,1245,1,2,1,1.0,6.0,62277,M,,,62
201000038372,10,3,15,1710,1,2,1,1.0,6.0,62724,M,,,62
201000038373,10,4,9,1913,1,2,1,1.0,6.0,62065,M,,,62
201000038374,10,4,11,1433,1,2,1,1.0,7.0,62065,M,,,62
201000038375,10,4,16,1820,1,2,1,1.0,7.0,62570,M,,,62
201000038376,10,5,20,1055,1,2,1,1.0,7.0,62065,M,,,62
201000038377,10,5,23,920,1,2,3,1.0,3.0,62570,M,,,62
201000038378,10,6,15,1015,1,2,1,1.0,3.0,62570,M,,,62
201000038379,10,7,2,1345,1,2,1,1.0,6.0,62065,M,,,62
201000038380,10,7,8,1130,1,2,2,1.0,6.0,62065,M,,,62
201000038381,10,7,30,1810,1,2,1,1.0,3.0,62724,M,,,62
201000038382,10,7,30,2015,1,2,1,1.0,1.0,62570,M,,,62
201000038383,10,8,8,2130,2,2,1,1.0,6.0,62570,M,,,62
201000038384,10,8,27,1150,1,2,2,2.0,3.0,62724,M,,,62
201000038385,10,9,3,1710,1,2,2,1.0,3.0,62065,M,,,62
201000038386,10,9,25,1355,1,2,3,2.0,6.0,62065,M,,,62
201000038387,10,10,5,750,1,2,2,1.0,3.0,62065,M,,,62
201000038388,10,10,12,930,1,2,1,1.0,6.0,62065,M,,,62
201000038389,10,10,13,2010,5,2,1,1.0,1.0,62724,M,,,62
201000038390,10,10,18,1546,1,2,2,1.0,1.0,62065,M,,,62
201000038391,10,11,10,855,1,1,2,2.0,3.0,62570,M,,,62
201000038392,10,11,11,130,5,2,1,1.0,6.0,62065,M,,,62
201000038393,10,11,27,1110,1,2,2,1.0,3.0,62724,M,,,62
201000038394,10,12,15,1735,5,2,2,9.0,3.0,62724,M,,,62
201000038395,10,1,4,1535,1,2,1,1.0,6.0,62108,M,,,62
201000038396,10,1,5,1215,1,2,1,1.0,6.0,62108,M,,,62
201000038397,10,2,11,1725,1,2,2,1.0,3.0,62108,M,,,62
201000038398,10,3,14,1355,1,2,3,1.0,3.0,62108,M,,,62
201000038399,10,3,18,1130,1,2,1,1.0,5.0,62688,M,,,62
201000038400,10,4,10,1828,1,2,1,1.0,2.0,62108,M,,,62
201000038401,10,4,28,1300,1,1,1,1.0,7.0,62688,M,,,62
201000038402,10,5,26,821,1,2,1,8.0,3.0,62108,M,,,62
201000038403,10,11,6,120,5,2,1,1.0,6.0,62688,M,,,62
201000038404,10,6,12,1830,1,2,2,1.0,3.0,62108,M,,,62
201000038405,10,6,26,1855,1,2,1,1.0,1.0,62108,M,,,62
201000038406,10,7,2,1110,1,2,1,1.0,2.0,62108,M,,,62
201000038407,10,7,30,1720,1,2,6,1.0,6.0,62688,M,,,62
201000038408,10,8,21,1145,1,2,1,1.0,2.0,62108,M,,,62
201000038409,10,10,6,30,4,2,1,3.0,2.0,62108,M,,,62
201000038410,10,11,6,115,5,2,1,1.0,6.0,62688,M,,,62
201000038411,10,12,2,1725,5,2,1,4.0,6.0,62108,M,,,62
201000038412,10,12,7,1155,1,2,2,1.0,3.0,62108,M,,,62
201000038413,10,6,14,2220,2,2,1,1.0,7.0,62108,M,,,62
201000038414,10,1,3,1125,1,2,3,7.0,6.0,62119,M,,,62
201000038415,10,4,17,1340,1,2,1,1.0,6.0,62119,M,,,62
201000038416,10,3,4,800,1,2,1,1.0,6.0,62126,M,,,62
201000038417,10,4,24,2250,5,1,1,1.0,6.0,62735,M,,,62
201000038418,10,4,6,1845,1,2,3,1.0,6.0,62119,M,,,62
201000038419,10,5,2,1135,1,2,1,1.0,6.0,62846,M,,,62
201000038420,10,5,15,2240,5,2,1,1.0,6.0,62119,M,,,62
201000038421,10,6,5,420,4,1,6,1.0,7.0,62126,M,,,62
201000038422,10,6,20,1640,1,2,3,1.0,3.0,62119,M,,,62
201000038423,10,7,4,1245,1,2,1,1.0,7.0,62841,M,,,62
201000038424,10,7,3,200,5,2,1,2.0,6.0,62175,M,,,62
201000038425,10,7,9,2205,5,2,2,1.0,3.0,62119,M,,,62
201000038426,10,7,25,2050,1,2,6,2.0,3.0,62119,M,,,62
201000038427,10,7,29,2100,1,2,1,1.0,7.0,62119,M,,,62
201000038428,10,8,21,1935,1,2,3,1.0,3.0,62119,M,,,62
201000038429,10,8,24,2330,5,2,1,1.0,6.0,62846,M,,,62
201000038430,10,9,18,1720,1,2,1,1.0,6.0,62119,M,,,62
201000038431,10,10,10,410,5,2,2,1.0,6.0,62119,M,,,62
201000038432,10,10,22,1908,2,2,1,1.0,6.0,62626,M,,,62
201000038433,10,1,14,750,2,2,1,1.0,6.0,62755,M,,,62
201000038434,10,2,2,2039,5,2,3,2.0,3.0,62160,M,,,62
201000038435,10,2,14,1210,1,2,3,1.0,3.0,62160,M,,,62
201000038436,10,3,14,550,5,2,9,1.0,7.0,62758,M,,,62
201000038437,10,3,21,1545,1,2,1,1.0,2.0,62758,M,,,62
201000038438,10,4,20,1300,1,2,1,1.0,6.0,62893,M,,,62