Num_Acc,an,mois,jour,hrmn,lum,agg,int,atm,col,com,gps,lat,long,dep
201000038439,10,6,12,148,5,2,1,1.0,6.0,62758,M,,,62
201000038440,10,9,5,225,5,2,3,1.0,3.0,62643,M,,,62
201000038441,10,9,22,2100,2,2,3,1.0,3.0,62160,M,,,62
201000038442,10,9,17,1530,1,2,1,1.0,7.0,62160,M,,,62
201000038443,10,10,28,1425,1,2,1,8.0,1.0,62758,M,,,62
201000038444,10,12,18,940,1,2,3,4.0,6.0,62160,M,,,62
201000038445,10,11,14,1843,5,2,2,2.0,3.0,62667,M,,,62
201000038446,10,1,14,2008,2,2,1,8.0,6.0,62178,M,,,62
201000038447,10,3,6,1240,1,2,1,1.0,6.0,62270,M,,,62
201000038448,10,1,19,830,1,2,1,1.0,6.0,62270,M,,,62
201000038449,10,4,25,1300,1,2,1,1.0,6.0,62400,M,,,62
201000038450,10,5,17,1150,1,2,2,1.0,3.0,62178,M,,,62
201000038451,10,6,1,2100,1,2,3,2.0,7.0,62178,M,,,62
201000038452,10,5,1,1200,1,2,1,1.0,3.0,62270,M,,,62
201000038453,10,6,12,2205,2,2,1,1.0,6.0,62270,M,,,62
201000038454,10,6,19,1400,1,2,1,1.0,3.0,62457,M,,,62
201000038455,10,8,7,2020,1,2,2,1.0,1.0,62178,M,,,62
201000038456,10,9,8,400,5,2,1,1.0,6.0,62178,M,,,62
201000038457,10,9,17,2200,4,2,6,1.0,6.0,62270,M,,,62
201000038458,10,9,18,1220,1,2,3,1.0,6.0,62445,M,,,62
201000038459,10,9,22,1715,1,1,1,1.0,2.0,62400,M,,,62
201000038460,10,10,10,2030,5,2,3,1.0,3.0,62178,M,,,62
201000038461,10,10,30,1445,1,2,1,1.0,6.0,62400,M,,,62
201000038462,10,11,9,645,5,2,1,2.0,6.0,62457,M,,,62
201000038463,10,11,8,1935,3,1,1,2.0,4.0,62457,M,,,62
201000038464,10,12,11,1935,5,2,3,1.0,3.0,62178,M,,,62
201000038465,10,12,17,1650,2,2,4,4.0,6.0,62270,M,,,62
201000038466,10,12,13,1715,5,2,1,1.0,6.0,62457,M,,,62
201000038467,10,1,26,1950,5,2,1,1.0,6.0,62193,M,,,62
201000038468,10,2,20,1930,5,2,1,1.0,6.0,62193,M,,,62
201000038469,10,2,24,2135,5,2,1,1.0,2.0,62193,M,,,62
201000038470,10,2,25,825,1,2,1,1.0,6.0,62193,M,,,62
201000038471,10,2,26,1730,1,2,1,1.0,6.0,62193,M,,,62
201000038472,10,2,27,1850,5,2,2,1.0,6.0,62193,M,,,62
201000038473,10,3,6,1520,1,2,1,1.0,6.0,62193,M,,,62
201000038474,10,3,9,1745,1,2,1,1.0,7.0,62193,M,,,62
201000038475,10,3,15,2225,5,2,1,1.0,6.0,62193,M,,,62
201000038476,10,3,21,1810,1,2,1,1.0,6.0,62193,M,,,62
201000038477,10,3,23,1720,1,2,1,1.0,6.0,62193,M,,,62
201000038478,10,3,26,1325,1,2,1,1.0,6.0,62193,M,,,62
201000038479,10,4,11,2145,4,2,1,1.0,6.0,62193,M,,,62
201000038480,10,4,25,1450,1,2,1,1.0,6.0,62193,M,,,62
201000038481,10,5,7,1725,1,2,1,1.0,6.0,62193,M,,,62
201000038482,10,5,17,1330,1,2,1,1.0,6.0,62193,M,,,62
201000038483,10,5,20,1840,1,1,1,1.0,6.0,62193,M,,,62
201000038484,10,5,26,1210,1,2,1,1.0,6.0,62193,M,,,62
201000038485,10,5,30,1210,1,2,1,1.0,6.0,62193,M,,,62
201000038486,10,6,8,1420,1,2,1,1.0,6.0,62193,M,,,62
201000038487,10,6,21,1740,1,2,1,1.0,6.0,62193,M,,,62
201000038488,10,6,22,1445,1,2,1,1.0,6.0,62193,M,,,62
201000038489,10,6,25,1705,1,2,7,1.0,3.0,62193,M,,,62
201000038490,10,7,5,1750,1,2,1,1.0,6.0,62193,M,,,62
201000038491,10,7,5,2130,1,2,3,1.0,6.0,62193,M,,,62
201000038492,10,7,9,1745,1,2,1,1.0,6.0,62774,M,,,62
201000038493,10,7,15,145,5,2,1,1.0,6.0,62193,M,,,62
201000038494,10,7,19,1515,1,1,1,1.0,3.0,62774,M,,,62
201000038495,10,7,21,1415,1,2,3,1.0,6.0,62193,M,,,62
201000038496,10,7,30,1445,1,2,2,1.0,3.0,62193,M,,,62
201000038497,10,7,28,1645,1,2,8,1.0,6.0,62193,M,,,62
201000038498,10,8,22,625,2,1,1,1.0,6.0,62774,M,,,62
201000038499,10,8,21,1640,1,2,1,1.0,3.0,62193,M,,,62
201000038500,10,8,21,1410,1,2,2,1.0,3.0,62193,M,,,62
201000038501,10,8,24,1700,1,2,3,1.0,3.0,62193,M,,,62
201000038502,10,9,1,740,1,2,1,1.0,2.0,62193,M,,,62
201000038503,10,9,6,1050,1,2,2,1.0,7.0,62193,M,,,62
201000038504,10,9,15,1705,1,2,1,1.0,6.0,62193,M,,,62
201000038505,10,9,21,940,1,2,1,1.0,6.0,62193,M,,,62
201000038506,10,9,21,1945,1,2,1,1.0,6.0,62193,M,,,62
201000038507,10,10,2,1330,1,1,1,1.0,2.0,62193,M,,,62
201000038508,10,10,10,1805,1,1,1,1.0,1.0,62774,M,,,62
201000038509,10,10,21,1350,1,2,1,1.0,6.0,62193,M,,,62
201000038510,10,10,29,1445,1,2,1,1.0,5.0,62239,M,,,62
201000038511,10,11,2,1010,1,2,9,2.0,6.0,62193,M,,,62
201000038512,10,11,4,1855,5,2,1,1.0,6.0,62193,M,,,62
201000038513,10,11,13,1745,5,2,3,2.0,6.0,62193,M,,,62
201000038514,10,11,18,1810,5,2,2,1.0,1.0,62193,M,,,62
201000038515,10,11,29,1855,3,1,1,4.0,6.0,62239,M,,,62
201000038516,10,12,7,800,2,2,1,1.0,6.0,62193,M,,,62
201000038517,10,12,13,755,2,2,1,1.0,6.0,62193,M,,,62
201000038518,10,12,13,730,5,2,2,1.0,3.0,62193,M,,,62
201000038519,10,12,15,1430,1,2,2,1.0,3.0,62193,M,,,62
201000038520,10,12,20,1735,2,2,1,4.0,6.0,62193,M,,,62
201000038521,10,12,17,1130,1,2,3,1.0,1.0,62193,M,,,62
201000038522,10,12,23,1210,1,1,1,2.0,1.0,62193,M,,,62
201000038523,10,1,9,1950,4,1,1,1.0,6.0,62215,M,,,62
201000038524,10,1,15,1550,1,2,1,1.0,2.0,62033,M,,,62
201000038525,10,1,23,1120,1,2,1,2.0,6.0,62215,M,,,62
201000038526,10,2,3,2145,5,2,1,1.0,6.0,62250,M,,,62
201000038527,10,2,2,1650,2,2,1,3.0,6.0,62413,M,,,62
201000038528,10,2,3,730,1,2,1,2.0,3.0,62215,M,,,62
201000038529,10,2,5,1410,1,2,1,1.0,6.0,62250,M,,,62
201000038530,10,2,7,1130,1,2,1,1.0,6.0,62666,M,,,62
201000038531,10,2,17,1140,1,2,1,8.0,6.0,62413,M,,,62
201000038532,10,2,19,2030,4,1,1,1.0,5.0,62907,M,,,62
201000038533,10,2,20,1950,5,2,1,2.0,6.0,62413,M,,,62
201000038534,10,2,22,1650,1,2,1,2.0,3.0,62250,M,,,62
201000038535,10,2,27,1925,1,1,1,1.0,1.0,62413,M,,,62
201000038536,10,2,24,1550,1,2,1,1.0,6.0,62250,M,,,62
201000038537,10,2,27,1915,4,2,1,2.0,6.0,62215,M,,,62
201000038538,10,3,17,1310,1,2,1,7.0,6.0,62637,M,,,62
201000038539,10,4,10,2055,5,2,2,1.0,3.0,62666,M,,,62
201000038540,10,4,5,1600,1,2,1,1.0,6.0,62413,M,,,62
201000038541,10,4,18,650,1,2,3,1.0,3.0,62413,M,,,62
201000038542,10,4,13,1220,1,2,1,1.0,1.0,62637,M,,,62
201000038543,10,4,24,1635,1,2,2,1.0,3.0,62413,M,,,62
201000038544,10,4,27,1825,1,2,3,1.0,3.0,62250,M,,,62
201000038545,10,4,21,1845,1,2,1,1.0,6.0,62250,M,,,62
201000038546,10,5,4,1710,1,2,1,1.0,3.0,62215,M,,,62
201000038547,10,5,19,1430,1,2,1,1.0,2.0,62250,M,,,62
201000038548,10,5,19,1315,1,2,2,1.0,3.0,62907,M,,,62
201000038549,10,5,18,1640,1,2,2,1.0,3.0,62215,M,,,62
201000038550,10,5,31,405,1,2,1,1.0,1.0,62033,M,,,62
201000038551,10,5,20,1245,1,1,1,1.0,2.0,62907,M,,,62
201000038552,10,5,27,700,1,1,1,1.0,2.0,62215,M,,,62
201000038553,10,6,8,1450,1,2,3,1.0,3.0,62637,M,,,62
201000038554,10,5,17,2100,5,2,1,1.0,6.0,62637,M,,,62
201000038555,10,6,15,1720,1,2,1,1.0,3.0,62413,M,,,62
201000038556,10,6,18,2210,5,1,1,1.0,3.0,62250,M,,,62
201000038557,10,6,19,1550,1,2,1,1.0,3.0,62215,M,,,62
201000038558,10,6,19,1115,1,1,1,2.0,3.0,62413,M,,,62
201000038559,10,6,11,1600,1,2,2,1.0,3.0,62033,M,,,62
201000038560,10,6,22,5,5,2,1,1.0,6.0,62215,M,,,62
201000038561,10,6,26,120,5,2,1,1.0,6.0,62413,M,,,62
201000038562,10,6,28,1215,1,2,1,1.0,2.0,62215,M,,,62
201000038563,10,7,1,645,1,2,2,1.0,3.0,62215,M,,,62
201000038564,10,7,1,1825,1,1,1,1.0,3.0,62215,M,,,62
201000038565,10,7,5,2054,1,2,2,1.0,6.0,62413,M,,,62
201000038566,10,6,29,945,1,1,1,1.0,7.0,62637,M,,,62
201000038567,10,7,10,125,5,2,1,1.0,6.0,62907,M,,,62
201000038568,10,7,9,2055,1,2,1,1.0,6.0,62413,M,,,62
201000038569,10,7,8,2235,5,2,1,1.0,7.0,62215,M,,,62
201000038570,10,7,9,2325,5,2,6,1.0,3.0,62250,M,,,62
201000038571,10,7,9,1815,1,2,1,1.0,3.0,62250,M,,,62
201000038572,10,7,16,2315,5,2,1,1.0,6.0,62907,M,,,62
201000038573,10,7,23,1000,1,2,3,2.0,6.0,62413,M,,,62
201000038574,10,7,16,1915,1,2,1,1.0,6.0,62907,M,,,62
201000038575,10,8,19,1920,1,2,1,1.0,1.0,62250,M,,,62
201000038576,10,8,25,1720,1,2,1,2.0,6.0,62250,M,,,62
201000038577,10,8,29,2128,5,1,1,1.0,6.0,62413,M,,,62
201000038578,10,8,26,1630,1,2,1,1.0,1.0,62907,M,,,62
201000038579,10,8,14,1610,1,2,1,1.0,6.0,62413,M,,,62
201000038580,10,9,1,1550,1,2,1,1.0,6.0,62413,M,,,62
201000038581,10,9,2,1655,1,2,1,1.0,3.0,62250,M,,,62
201000038582,10,9,7,2150,5,2,2,1.0,6.0,62250,M,,,62
201000038583,10,9,7,2120,5,2,1,1.0,7.0,62215,M,,,62
201000038584,10,9,12,1655,1,2,1,1.0,6.0,62215,M,,,62
201000038585,10,9,7,1215,1,2,1,1.0,3.0,62215,M,,,62
201000038586,10,9,13,2215,5,2,3,1.0,3.0,62666,M,,,62
201000038587,10,9,13,1005,1,2,1,1.0,6.0,62907,M,,,62
201000038588,10,9,20,1900,5,2,1,1.0,3.0,62413,M,,,62
201000038589,10,9,10,1815,1,2,1,1.0,6.0,62413,M,,,62
201000038590,10,9,17,1700,1,2,1,1.0,6.0,62637,M,,,62
201000038591,10,9,10,1500,1,2,3,1.0,3.0,62215,M,,,62
201000038592,10,9,28,650,1,2,1,1.0,6.0,62215,M,,,62
201000038593,10,10,25,1920,5,2,1,8.0,3.0,62215,M,,,62
201000038594,10,10,21,1715,1,2,2,1.0,3.0,62413,M,,,62
201000038595,10,10,23,2130,5,2,1,1.0,3.0,62637,M,,,62
201000038596,10,10,27,730,5,2,1,1.0,3.0,62215,M,,,62
201000038597,10,11,10,845,1,2,3,2.0,3.0,62215,M,,,62
201000038598,10,11,12,930,1,2,1,1.0,1.0,62215,M,,,62
201000038599,10,10,27,1950,2,2,1,2.0,6.0,62413,M,,,62
201000038600,10,11,17,1740,5,2,1,1.0,6.0,62413,M,,,62
201000038601,10,11,19,2324,5,2,1,1.0,6.0,62666,M,,,62
201000038602,10,11,28,2,5,2,1,9.0,6.0,62033,M,,,62
201000038603,10,11,24,1820,5,2,1,1.0,2.0,62215,M,,,62
201000038604,10,12,10,1400,1,2,2,1.0,3.0,62413,M,,,62
201000038605,10,12,20,900,1,1,1,4.0,6.0,62250,M,,,62
201000038606,10,12,13,1715,2,2,1,1.0,3.0,62215,M,,,62
201000038607,10,12,9,1215,1,2,1,1.0,2.0,62637,M,,,62
201000038608,10,12,14,1225,1,1,1,8.0,6.0,62033,M,,,62
201000038609,10,12,6,1020,1,2,1,8.0,6.0,62427,M,,,62
201000038610,10,1,3,1700,2,2,3,4.0,3.0,62624,M,,,62
201000038611,10,12,11,2100,5,1,9,1.0,3.0,62427,M,,,62
201000038612,10,12,31,2005,2,2,1,8.0,3.0,62427,M,,,62
201000038613,10,10,22,150,3,2,1,1.0,6.0,62587,M,,,62
201000038614,10,2,5,1800,1,2,3,1.0,3.0,62624,M,,,62
201000038615,10,2,9,1710,1,2,1,1.0,6.0,62624,M,,,62
201000038616,10,1,31,750,2,2,2,8.0,3.0,62427,M,,,62
201000038617,10,3,2,1050,1,2,1,1.0,6.0,62497,M,,,62
201000038618,10,3,27,1241,1,1,1,1.0,7.0,62274,M,,,62
201000038619,10,3,23,1815,1,2,6,1.0,3.0,62427,M,,,62
201000038620,10,3,25,2215,5,2,1,1.0,6.0,62497,M,,,62
201000038621,10,3,29,1410,1,2,2,1.0,3.0,62427,M,,,62
201000038622,10,4,11,2210,5,2,1,1.0,6.0,62249,M,,,62
201000038623,10,4,9,2010,2,1,1,1.0,6.0,62274,M,,,62
201000038624,10,3,30,1630,1,2,6,1.0,3.0,62133,M,,,62
201000038625,10,3,31,1900,1,2,1,1.0,1.0,62351,M,,,62
201000038626,10,4,2,940,1,1,9,1.0,3.0,62587,M,,,62
201000038627,10,4,9,2210,5,1,9,1.0,2.0,62497,M,,,62
201000038628,10,4,25,1840,1,1,1,1.0,6.0,62624,M,,,62
201000038629,10,4,4,1045,1,2,9,1.0,6.0,62249,M,,,62
201000038630,10,4,15,2020,1,2,9,1.0,1.0,62249,M,,,62
201000038631,10,5,19,1900,1,2,1,1.0,3.0,62427,M,,,62
201000038632,10,5,13,1735,1,1,9,1.0,3.0,62427,M,,,62
201000038633,10,4,19,1800,1,1,9,1.0,3.0,62587,M,,,62
201000038634,10,6,5,2320,5,2,1,1.0,6.0,62427,M,,,62
201000038635,10,5,23,2205,2,2,9,1.0,3.0,62497,M,,,62
201000038636,10,5,6,440,2,2,1,1.0,1.0,62351,M,,,62
201000038637,10,5,23,1455,1,2,3,1.0,3.0,62497,M,,,62
201000038638,10,6,1,1555,1,2,1,1.0,6.0,62249,M,,,62
201000038639,10,6,11,2045,1,2,1,1.0,3.0,62351,M,,,62
201000038640,10,7,10,1415,1,2,9,1.0,6.0,62427,M,,,62
201000038641,10,7,11,1240,1,2,1,1.0,2.0,62427,M,,,62
201000038642,10,6,2,1510,1,2,1,1.0,6.0,62427,M,,,62
201000038643,10,6,2,1700,1,2,3,1.0,1.0,62587,M,,,62
201000038644,10,7,27,2000,1,2,1,1.0,1.0,62321,M,,,62
201000038645,10,7,16,2240,5,2,9,1.0,3.0,62624,M,,,62
201000038646,10,7,18,2355,5,2,1,1.0,1.0,62274,M,,,62
201000038647,10,8,1,2000,1,2,1,1.0,7.0,62427,M,,,62
201000038648,10,8,2,1540,1,2,1,3.0,6.0,62587,M,,,62
201000038649,10,8,23,1925,1,2,3,1.0,3.0,62133,M,,,62
201000038650,10,9,12,220,5,2,1,1.0,6.0,62497,M,,,62
201000038651,10,8,3,900,1,2,3,1.0,1.0,62587,M,,,62
201000038652,10,9,11,1515,1,1,1,1.0,6.0,62427,M,,,62
201000038653,10,8,21,1905,1,2,2,1.0,3.0,62133,M,,,62
201000038654,10,9,19,1125,1,2,1,1.0,3.0,62133,M,,,62
201000038655,10,9,24,1500,1,2,1,2.0,6.0,62427,M,,,62
201000038656,10,10,27,1540,1,2,1,2.0,6.0,62133,M,,,62
201000038657,10,12,15,2015,3,2,3,1.0,6.0,62427,M,,,62
201000038658,10,11,23,735,3,1,9,1.0,3.0,62587,M,,,62
201000038659,10,12,15,1640,2,2,3,1.0,6.0,62133,M,,,62
201000038660,10,12,23,1715,3,1,1,4.0,5.0,62427,M,,,62
201000038661,10,12,12,1200,1,2,1,1.0,1.0,62771,M,,,62
201000038662,10,1,22,1800,2,2,1,1.0,6.0,62498,M,,,62
201000038663,10,1,3,2340,5,2,1,4.0,7.0,62771,M,,,62
201000038664,10,1,27,2110,5,2,1,2.0,6.0,62498,M,,,62
201000038665,10,1,28,1400,1,2,3,1.0,3.0,62498,M,,,62
201000038666,10,2,5,820,2,2,1,2.0,6.0,62498,M,,,62
201000038667,10,2,18,2020,3,1,3,1.0,3.0,62895,M,,,62
201000038668,10,2,18,1715,1,2,1,1.0,6.0,62895,M,,,62
201000038669,10,2,2,955,1,2,1,2.0,6.0,62771,M,,,62
201000038670,10,2,24,1400,1,2,3,1.0,3.0,62498,M,,,62
201000038671,10,3,5,1845,1,2,2,1.0,3.0,62498,M,,,62
201000038672,10,3,19,1935,4,1,1,2.0,6.0,62842,M,,,62
201000038673,10,3,11,845,1,2,1,1.0,1.0,62842,M,,,62
201000038674,10,4,8,1545,1,1,1,1.0,7.0,62842,M,,,62
201000038675,10,3,22,1940,2,2,1,1.0,1.0,62523,M,,,62
201000038676,10,4,12,1200,1,2,1,1.0,6.0,62771,M,,,62
201000038677,10,4,8,820,1,2,1,2.0,6.0,62842,M,,,62
201000038678,10,4,9,1855,1,2,1,1.0,6.0,62498,M,,,62
201000038679,10,4,18,1220,1,2,1,1.0,6.0,62523,M,,,62
201000038680,10,4,30,1510,1,2,1,1.0,2.0,62498,M,,,62
201000038681,10,5,14,2200,5,2,1,1.0,6.0,62523,M,,,62
201000038682,10,3,23,1200,1,2,1,1.0,6.0,62771,M,,,62
201000038683,10,5,1,2200,5,2,3,1.0,3.0,62498,M,,,62
201000038684,10,5,20,1120,1,2,1,1.0,6.0,62218,M,,,62
201000038685,10,5,27,845,1,2,1,1.0,6.0,62498,M,,,62
201000038686,10,6,4,1215,1,2,1,1.0,6.0,62498,M,,,62
201000038687,10,4,15,1400,1,2,1,1.0,6.0,62464,M,,,62
201000038688,10,5,26,1415,1,2,3,1.0,5.0,62498,M,,,62
201000038689,10,6,11,710,1,2,3,1.0,7.0,62498,M,,,62
201000038690,10,6,7,2245,5,2,1,1.0,1.0,62107,M,,,62
201000038691,10,6,11,2315,5,2,3,1.0,3.0,62842,M,,,62
201000038692,10,6,3,1430,1,2,1,1.0,6.0,62498,M,,,62
201000038693,10,5,24,2200,5,2,3,1.0,3.0,62498,M,,,62
201000038694,10,6,16,1620,1,2,1,1.0,6.0,62498,M,,,62
201000038695,10,6,30,1800,1,1,1,1.0,6.0,62842,M,,,62
201000038696,10,7,10,2035,1,2,1,1.0,2.0,62895,M,,,62
201000038697,10,6,27,115,5,2,1,1.0,6.0,62498,M,,,62
201000038698,10,7,7,1710,1,2,1,1.0,6.0,62498,M,,,62
201000038699,10,7,22,1505,1,2,3,1.0,3.0,62842,M,,,62
201000038700,10,7,28,1540,1,2,3,1.0,3.0,62498,M,,,62
201000038701,10,8,2,2000,1,2,1,8.0,7.0,62107,M,,,62
201000038702,10,8,4,610,1,2,1,1.0,6.0,62218,M,,,62
201000038703,10,8,3,1930,1,2,2,1.0,3.0,62771,M,,,62
201000038704,10,8,13,2000,2,2,1,1.0,6.0,62771,M,,,62
201000038705,10,8,27,1440,1,2,1,1.0,6.0,62498,M,,,62
201000038706,10,8,31,1025,1,2,1,1.0,6.0,62771,M,,,62
201000038707,10,9,9,1830,1,2,1,1.0,4.0,62464,M,,,62
201000038708,10,8,25,1600,1,2,1,1.0,6.0,62498,M,,,62
201000038709,10,9,9,1125,1,2,2,1.0,3.0,62498,M,,,62
201000038710,10,9,22,1655,1,2,2,7.0,3.0,62218,M,,,62
201000038711,10,9,28,1240,1,2,3,1.0,3.0,62895,M,,,62
201000038712,10,10,2,1435,1,2,2,2.0,3.0,62498,M,,,62
201000038713,10,10,6,830,1,2,1,9.0,6.0,62771,M,,,62
201000038714,10,10,8,1100,1,2,2,1.0,3.0,62218,M,,,62
201000038715,10,10,20,2100,5,2,1,1.0,2.0,62498,M,,,62
201000038716,10,10,22,820,1,2,1,1.0,6.0,62498,M,,,62
201000038717,10,10,29,1900,2,2,1,1.0,2.0,62842,M,,,62
201000038718,10,10,12,1050,1,2,2,1.0,7.0,62771,M,,,62
201000038719,10,10,29,1530,1,2,1,1.0,6.0,62573,M,,,62
201000038720,10,11,18,745,2,2,1,1.0,6.0,62895,M,,,62
201000038721,10,11,19,1730,5,2,1,1.0,6.0,62464,M,,,62
201000038722,10,11,17,2230,5,2,2,1.0,3.0,62771,M,,,62
201000038723,10,12,11,610,2,2,1,1.0,6.0,62523,M,,,62
201000038724,10,1,5,1530,1,2,1,9.0,6.0,62510,M,,,62
201000038725,10,12,14,1140,1,2,1,1.0,2.0,62510,M,,,62
201000038726,10,1,19,1735,2,2,1,1.0,6.0,62032,M,,,62
201000038727,10,1,25,1605,1,2,1,1.0,6.0,62186,M,,,62
201000038728,10,2,21,1500,1,2,2,1.0,1.0,62510,M,,,62
201000038729,10,2,18,1225,1,1,1,1.0,6.0,62510,M,,,62
201000038730,10,3,13,1450,1,2,1,1.0,3.0,62563,M,,,62
201000038731,10,2,28,350,5,1,1,1.0,6.0,62510,M,,,62
201000038732,10,3,7,1825,1,2,1,1.0,6.0,62386,M,,,62
201000038733,10,3,17,2355,5,2,1,1.0,6.0,62510,M,,,62
201000038734,10,3,19,753,1,2,2,1.0,3.0,62510,M,,,62
201000038735,10,3,31,1350,1,2,1,1.0,3.0,62510,M,,,62
201000038736,10,4,1,1810,1,2,1,1.0,3.0,62510,M,,,62
201000038737,10,4,24,1045,1,2,1,1.0,3.0,62186,M,,,62
201000038738,10,4,25,1712,1,2,1,1.0,6.0,62510,M,,,62
201000038739,10,5,15,145,5,1,1,1.0,7.0,62510,M,,,62
201000038740,10,5,15,2025,1,2,1,1.0,6.0,62563,M,,,62
201000038741,10,5,22,110,5,2,1,1.0,6.0,62563,M,,,62
201000038742,10,5,4,1935,1,2,1,1.0,6.0,62186,M,,,62
201000038743,10,5,23,40,5,1,1,1.0,1.0,62510,M,,,62
201000038744,10,5,31,1707,1,2,2,1.0,3.0,62510,M,,,62
201000038745,10,5,22,2340,5,1,1,1.0,7.0,62019,M,,,62
201000038746,10,6,3,1340,1,2,1,1.0,6.0,62510,M,,,62
201000038747,10,4,15,1825,1,2,1,1.0,7.0,62510,M,,,62
201000038748,10,6,17,725,1,2,1,1.0,3.0,62186,M,,,62
201000038749,10,6,21,1740,1,2,2,1.0,3.0,62186,M,,,62
201000038750,10,6,29,1720,1,2,1,1.0,3.0,62186,M,,,62
201000038751,10,6,24,1115,1,2,1,1.0,7.0,62510,M,,,62
201000038752,10,7,1,1232,1,2,1,1.0,6.0,62510,M,,,62
201000038753,10,7,4,1020,1,2,1,1.0,6.0,62510,M,,,62
201000038754,10,7,4,2030,1,2,1,1.0,6.0,62386,M,,,62
201000038755,10,7,3,1100,1,2,1,1.0,3.0,62528,M,,,62
201000038756,10,7,17,1425,1,2,1,1.0,3.0,62186,M,,,62
201000038757,10,8,5,1700,1,2,1,1.0,6.0,62510,M,,,62
201000038758,10,8,14,1540,1,2,1,1.0,3.0,62563,M,,,62
201000038759,10,7,10,515,2,2,1,1.0,7.0,62563,M,,,62
201000038760,10,7,28,1755,1,2,1,1.0,3.0,62528,M,,,62
201000038761,10,8,17,745,1,2,2,1.0,5.0,62019,M,,,62
201000038762,10,8,20,1455,1,1,2,1.0,3.0,62528,M,,,62
201000038763,10,8,20,1805,1,2,1,1.0,4.0,62386,M,,,62
201000038764,10,8,19,1410,1,2,1,1.0,6.0,62510,M,,,62
201000038765,10,8,7,340,5,2,1,1.0,7.0,62019,M,,,62
201000038766,10,9,3,1715,1,2,1,1.0,7.0,62510,M,,,62
201000038767,10,9,27,1333,1,2,1,1.0,3.0,62528,M,,,62
201000038768,10,9,2,2150,2,2,1,1.0,6.0,62032,M,,,62
201000038769,10,9,10,130,5,1,1,1.0,6.0,62019,M,,,62
201000038770,10,9,19,240,5,2,1,1.0,7.0,62019,M,,,62
201000038771,10,10,17,1330,1,1,2,1.0,1.0,62291,M,,,62
201000038772,10,10,15,2035,2,2,1,1.0,1.0,62510,M,,,62
201000038773,10,10,21,850,1,2,1,1.0,7.0,62186,M,,,62
201000038774,10,10,23,35,5,2,1,1.0,3.0,62186,M,,,62
201000038775,10,10,29,1945,1,2,1,1.0,1.0,62510,M,,,62
201000038776,10,10,11,1305,1,2,1,1.0,3.0,62510,M,,,62
201000038777,10,10,23,430,2,2,1,1.0,6.0,62528,M,,,62
201000038778,10,11,3,1248,1,2,1,1.0,6.0,62528,M,,,62
201000038779,10,11,14,120,5,2,1,3.0,6.0,62510,M,,,62
201000038780,10,12,22,2015,2,2,1,1.0,1.0,62563,M,,,62
201000038781,10,12,3,1714,1,1,1,4.0,1.0,62528,M,,,62
201000038782,10,3,16,150,5,2,1,1.0,6.0,62197,M,,,62
201000038783,10,4,1,1700,1,1,1,1.0,1.0,62224,M,,,62
201000038784,10,6,19,2000,1,2,3,1.0,7.0,62224,M,,,62
201000038785,10,7,22,1550,1,2,6,1.0,2.0,62194,M,,,62
201000038786,10,8,15,1545,1,2,1,2.0,7.0,62555,M,,,62
201000038787,10,9,7,210,5,2,1,8.0,6.0,62023,M,,,62
201000038788,10,9,13,1045,1,2,1,1.0,6.0,62555,M,,,62
201000038789,10,9,14,1140,1,2,1,1.0,2.0,62555,M,,,62
201000038790,10,12,14,2040,5,2,9,9.0,4.0,62224,M,,,62
201000038791,10,2,12,635,3,1,1,9.0,1.0,62540,M,,,62
201000038792,10,4,24,1955,1,2,1,1.0,5.0,62617,M,,,62
201000038793,10,5,29,1635,1,2,1,7.0,6.0,62083,M,,,62
201000038794,10,6,25,1900,1,2,1,1.0,3.0,62617,M,,,62
201000038795,10,7,2,1720,1,2,3,1.0,3.0,62737,M,,,62
201000038796,10,9,4,1820,1,1,1,1.0,5.0,62737,M,,,62
201000038797,10,11,4,2200,5,2,2,1.0,3.0,62737,M,,,62
201000038798,10,11,18,1435,1,2,1,1.0,6.0,62737,M,,,62
201000038799,10,12,4,1745,5,2,3,4.0,2.0,62617,M,,,62
201000038800,10,12,28,1045,1,1,1,9.0,6.0,62083,M,,,62
201000038801,10,12,29,1900,5,1,6,1.0,3.0,62727,M,,,62
201000038802,10,8,27,2200,3,1,1,1.0,7.0,62617,M,,,62
201000038803,10,2,19,1905,5,2,1,1.0,6.0,62040,M,,,62
201000038804,10,2,14,1849,5,2,1,1.0,6.0,62040,M,,,62
201000038805,10,4,13,2330,3,1,1,1.0,6.0,62765,M,,,62
201000038806,10,5,11,147,3,1,1,1.0,6.0,62765,M,,,62
201000038807,10,4,9,1403,1,2,1,1.0,3.0,62040,M,,,62
201000038808,10,5,31,1655,1,1,1,1.0,4.0,62040,M,,,62
201000038809,10,5,13,845,1,2,3,1.0,3.0,62765,M,,,62
201000038810,10,6,14,615,1,2,1,1.0,6.0,62525,M,,,62
201000038811,10,7,6,1745,1,2,1,1.0,6.0,62765,M,,,62
201000038812,10,9,8,1505,1,2,1,2.0,6.0,62525,M,,,62
201000038813,10,9,22,1635,1,2,1,1.0,6.0,62757,M,,,62
201000038814,10,10,4,955,1,2,1,1.0,6.0,62765,M,,,62
201000038815,10,9,29,1205,1,2,1,1.0,6.0,62765,M,,,62
201000038816,10,11,6,35,5,1,6,2.0,1.0,62040,M,,,62
201000038817,10,11,21,1800,3,1,1,1.0,1.0,62139,M,,,62
201000038818,10,11,19,705,3,1,6,1.0,3.0,62757,M,,,62
201000038819,10,12,6,1825,5,2,1,8.0,6.0,62040,M,,,62
201000038820,10,1,13,830,2,2,1,4.0,3.0,62826,M,,,62
201000038821,10,3,20,647,5,2,1,1.0,7.0,62826,M,,,62
201000038822,10,5,28,1020,1,2,2,1.0,3.0,62826,M,,,62
201000038823,10,8,22,610,2,2,1,1.0,6.0,62826,M,,,62