Num_Acc,an,mois,jour,hrmn,lum,agg,int,atm,col,com,gps,lat,long,dep
201000038824,10,11,13,1445,1,2,6,3.0,3.0,62826,M,,,62
201000038825,10,1,2,1850,5,2,1,2.0,6.0,63014,M,,,63
201000038826,10,1,6,845,1,2,1,4.0,6.0,63014,M,,,63
201000038827,10,1,8,1125,1,2,1,2.0,6.0,63032,M,,,63
201000038828,10,1,10,1800,2,2,1,4.0,6.0,63032,M,,,63
201000038829,10,1,12,1630,1,2,1,4.0,6.0,63113,M,,,63
201000038830,10,1,12,1945,5,2,1,9.0,6.0,63014,M,,,63
201000038831,10,1,13,1210,1,2,1,8.0,2.0,63014,M,,,63
201000038832,10,1,14,1045,1,2,1,2.0,6.0,63113,M,,,63
201000038833,10,1,14,1730,2,2,1,2.0,6.0,63113,M,,,63
201000038834,10,1,15,500,5,1,2,1.0,6.0,63113,M,,,63
201000038835,10,1,15,1650,1,2,1,8.0,3.0,63113,M,,,63
201000038836,10,1,17,1910,2,2,1,1.0,6.0,63113,M,,,63
201000038837,10,1,18,1245,1,2,1,9.0,6.0,63014,M,,,63
201000038838,10,1,21,1200,1,2,1,1.0,6.0,63113,M,,,63
201000038839,10,1,19,1535,1,2,1,1.0,3.0,63113,M,,,63
201000038840,10,1,20,710,2,2,1,1.0,6.0,63113,M,,,63
201000038841,10,1,21,1130,1,2,1,1.0,6.0,63113,M,,,63
201000038842,10,1,22,1805,4,2,2,1.0,6.0,63113,M,,,63
201000038843,10,1,22,1005,1,2,1,1.0,3.0,63113,M,,,63
201000038844,10,1,22,1100,1,2,1,1.0,6.0,63113,M,,,63
201000038845,10,1,23,630,4,2,1,1.0,6.0,63113,M,,,63
201000038846,10,1,23,1459,1,2,6,1.0,6.0,63014,M,,,63
201000038847,10,1,24,245,3,1,1,1.0,7.0,63032,M,,,63
201000038848,10,1,24,1815,5,2,1,2.0,6.0,63113,M,,,63
201000038849,10,1,27,715,5,2,1,1.0,6.0,63113,M,,,63
201000038850,10,1,27,1440,1,2,1,1.0,6.0,63113,M,,,63
201000038851,10,1,27,1615,1,2,1,1.0,6.0,63113,M,,,63
201000038852,10,1,27,1355,1,2,1,1.0,6.0,63113,M,,,63
201000038853,10,1,28,2035,5,2,1,2.0,6.0,63113,M,,,63
201000038854,10,1,29,45,5,1,3,1.0,3.0,63113,M,,,63
201000038855,10,1,29,1215,1,2,1,1.0,6.0,63113,M,,,63
201000038856,10,2,1,800,2,2,1,1.0,6.0,63113,M,,,63
201000038857,10,2,2,1820,5,2,1,1.0,6.0,63113,M,,,63
201000038858,10,2,4,1440,1,2,1,1.0,3.0,63113,M,,,63
201000038859,10,2,4,1815,2,2,1,1.0,6.0,63113,M,,,63
201000038860,10,2,4,1830,5,2,1,1.0,6.0,63032,M,,,63
201000038861,10,2,6,2210,5,2,1,1.0,3.0,63113,M,,,63
201000038862,10,2,7,525,5,2,2,2.0,3.0,63113,M,,,63
201000038863,10,2,5,1510,1,2,1,1.0,7.0,63113,M,,,63
201000038864,10,2,11,1310,1,2,1,4.0,7.0,63113,M,,,63
201000038865,10,2,16,840,1,2,1,1.0,6.0,63032,M,,,63
201000038866,10,2,18,1840,5,2,1,1.0,6.0,63075,M,,,63
201000038867,10,2,18,2000,5,2,1,1.0,6.0,63113,M,,,63
201000038868,10,2,19,820,1,2,1,2.0,6.0,63113,M,,,63
201000038869,10,2,22,620,5,2,1,1.0,6.0,63113,M,,,63
201000038870,10,2,22,1635,1,2,1,1.0,2.0,63014,M,,,63
201000038871,10,2,22,2020,2,2,1,9.0,6.0,63113,M,,,63
201000038872,10,2,26,1000,1,2,1,1.0,6.0,63113,M,,,63
201000038873,10,2,26,1510,1,2,2,1.0,3.0,63113,M,,,63
201000038874,10,2,27,1400,1,2,1,1.0,6.0,63075,M,,,63
201000038875,10,2,28,620,5,1,1,1.0,7.0,63070,M,,,63
201000038876,10,2,28,1205,1,2,1,1.0,6.0,63113,M,,,63
201000038877,10,2,28,1230,1,2,1,1.0,3.0,63113,M,,,63
201000038878,10,3,2,1408,1,2,1,1.0,6.0,63113,M,,,63
201000038879,10,3,3,750,2,2,1,1.0,6.0,63113,M,,,63
201000038880,10,3,3,1620,1,2,1,1.0,6.0,63075,M,,,63
201000038881,10,3,3,1700,1,1,1,2.0,3.0,63113,M,,,63
201000038882,10,3,3,1856,5,2,1,2.0,6.0,63014,M,,,63
201000038883,10,3,4,1310,1,2,1,1.0,6.0,63113,M,,,63
201000038884,10,3,5,1755,1,2,1,1.0,6.0,63113,M,,,63
201000038885,10,3,5,1200,1,2,1,1.0,6.0,63113,M,,,63
201000038886,10,3,8,906,1,2,2,1.0,6.0,63113,M,,,63
201000038887,10,3,8,1020,1,1,1,1.0,6.0,63113,M,,,63
201000038888,10,3,8,1100,1,2,2,1.0,6.0,63113,M,,,63
201000038889,10,3,8,1815,1,2,1,1.0,3.0,63113,M,,,63
201000038890,10,3,9,643,5,2,1,1.0,6.0,63113,M,,,63
201000038891,10,3,9,40,5,2,1,1.0,6.0,63113,M,,,63
201000038892,10,3,10,1030,1,2,1,1.0,6.0,63113,M,,,63
201000038893,10,3,10,1535,1,2,1,1.0,6.0,63113,M,,,63
201000038894,10,3,11,1830,1,2,1,1.0,4.0,63113,M,,,63
201000038895,10,3,12,739,1,2,1,1.0,6.0,63113,M,,,63
201000038896,10,3,12,1740,1,2,1,1.0,6.0,63113,M,,,63
201000038897,10,3,13,1315,1,2,1,1.0,7.0,63014,M,,,63
201000038898,10,3,15,1930,1,2,2,1.0,6.0,63113,M,,,63
201000038899,10,3,15,1630,1,2,1,1.0,6.0,63075,M,,,63
201000038900,10,3,15,1705,1,2,1,1.0,4.0,63113,M,,,63
201000038901,10,3,16,1830,1,2,1,1.0,6.0,63113,M,,,63
201000038902,10,3,16,2150,5,2,1,1.0,6.0,63113,M,,,63
201000038903,10,3,17,1550,1,1,1,1.0,2.0,63113,M,,,63
201000038904,10,3,17,1235,1,2,1,1.0,6.0,63113,M,,,63
201000038905,10,3,18,726,1,2,1,1.0,6.0,63113,M,,,63
201000038906,10,3,18,810,1,2,1,1.0,6.0,63113,M,,,63
201000038907,10,3,20,600,5,2,1,1.0,3.0,63113,M,,,63
201000038908,10,3,19,1230,1,2,1,1.0,6.0,63113,M,,,63
201000038909,10,3,22,1250,1,2,2,1.0,6.0,63113,M,,,63
201000038910,10,3,22,2140,5,2,1,1.0,3.0,63113,M,,,63
201000038911,10,3,23,738,1,2,1,1.0,6.0,63113,M,,,63
201000038912,10,3,23,850,1,2,1,1.0,6.0,63113,M,,,63
201000038913,10,3,24,955,1,2,1,1.0,6.0,63113,M,,,63
201000038914,10,3,25,905,1,2,3,1.0,5.0,63113,M,,,63
201000038915,10,3,26,1530,1,2,2,1.0,6.0,63113,M,,,63
201000038916,10,3,26,1550,1,2,1,2.0,3.0,63113,M,,,63
201000038917,10,3,26,1550,1,2,1,1.0,3.0,63113,M,,,63
201000038918,10,3,27,1635,1,2,1,2.0,6.0,63113,M,,,63
201000038919,10,4,1,1142,1,2,1,1.0,6.0,63113,M,,,63
201000038920,10,4,2,1315,1,2,1,1.0,6.0,63113,M,,,63
201000038921,10,4,3,1020,1,2,1,1.0,6.0,63113,M,,,63
201000038922,10,4,3,1220,1,2,2,1.0,6.0,63113,M,,,63
201000038923,10,4,5,1310,1,2,2,1.0,6.0,63113,M,,,63
201000038924,10,4,5,1615,1,2,1,1.0,6.0,63113,M,,,63
201000038925,10,4,3,1350,1,2,1,1.0,3.0,63113,M,,,63
201000038926,10,4,7,1115,1,2,2,1.0,6.0,63113,M,,,63
201000038927,10,4,7,1220,1,2,1,1.0,6.0,63113,M,,,63
201000038928,10,4,7,1515,1,2,6,1.0,3.0,63113,M,,,63
201000038929,10,4,8,700,2,2,2,1.0,6.0,63113,M,,,63
201000038930,10,4,8,850,1,2,1,1.0,6.0,63113,M,,,63
201000038931,10,4,8,1915,1,2,2,1.0,6.0,63113,M,,,63
201000038932,10,4,9,825,1,2,2,1.0,6.0,63113,M,,,63
201000038933,10,4,12,1250,1,2,1,1.0,6.0,63014,M,,,63
201000038934,10,4,14,1450,1,2,1,1.0,6.0,63113,M,,,63
201000038935,10,4,16,1545,1,2,2,1.0,6.0,63113,M,,,63
201000038936,10,4,16,1550,1,2,1,1.0,7.0,63113,M,,,63
201000038937,10,4,16,1650,1,2,1,1.0,6.0,63113,M,,,63
201000038938,10,4,16,2320,5,2,1,1.0,6.0,63113,M,,,63
201000038939,10,4,17,1545,1,2,1,1.0,6.0,63113,M,,,63
201000038940,10,4,18,1710,1,2,1,1.0,6.0,63113,M,,,63
201000038941,10,4,18,1945,1,2,1,1.0,6.0,63113,M,,,63
201000038942,10,4,19,1510,1,1,1,1.0,2.0,63113,M,,,63
201000038943,10,4,19,1730,1,2,1,1.0,6.0,63113,M,,,63
201000038944,10,4,20,1310,1,1,3,1.0,6.0,63113,M,,,63
201000038945,10,4,21,1320,1,2,5,1.0,6.0,63113,M,,,63
201000038946,10,4,21,950,1,2,2,1.0,3.0,63113,M,,,63
201000038947,10,4,21,1155,1,2,1,1.0,6.0,63075,M,,,63
201000038948,10,4,22,1730,1,2,2,1.0,3.0,63113,M,,,63
201000038949,10,4,22,1800,1,2,1,1.0,6.0,63113,M,,,63
201000038950,10,4,23,1635,1,2,1,1.0,6.0,63014,M,,,63
201000038951,10,4,23,1650,1,2,1,1.0,4.0,63014,M,,,63
201000038952,10,4,24,925,1,2,3,1.0,6.0,63113,M,,,63
201000038953,10,4,25,1030,1,2,1,1.0,6.0,63113,M,,,63
201000038954,10,4,25,1245,1,2,6,1.0,6.0,63113,M,,,63
201000038955,10,4,25,1555,1,2,1,1.0,6.0,63113,M,,,63
201000038956,10,4,26,450,5,1,1,1.0,7.0,63113,M,,,63
201000038957,10,4,28,700,1,2,1,1.0,6.0,63113,M,,,63
201000038958,10,4,28,920,1,2,1,1.0,2.0,63113,M,,,63
201000038959,10,4,29,400,5,2,1,1.0,6.0,63113,M,,,63
201000038960,10,4,26,1830,1,2,1,1.0,6.0,63075,M,,,63
201000038961,10,4,30,150,5,2,1,1.0,6.0,63113,M,,,63
201000038962,10,4,30,315,5,2,1,1.0,6.0,63113,M,,,63
201000038963,10,4,30,855,1,2,1,2.0,6.0,63113,M,,,63
201000038964,10,4,30,1410,1,2,1,1.0,6.0,63113,M,,,63
201000038965,10,5,1,1440,1,2,1,1.0,6.0,63113,M,,,63
201000038966,10,5,1,1813,1,2,1,2.0,6.0,63113,M,,,63
201000038967,10,5,3,845,1,2,1,1.0,6.0,63113,M,,,63
201000038968,10,5,3,1920,1,2,1,2.0,6.0,63014,M,,,63
201000038969,10,5,4,1325,1,1,1,2.0,6.0,63113,M,,,63
201000038970,10,5,5,2120,5,2,1,3.0,6.0,63113,M,,,63
201000038971,10,5,10,1130,1,2,6,1.0,6.0,63113,M,,,63
201000038972,10,5,10,1700,1,2,1,1.0,6.0,63014,M,,,63
201000038973,10,5,11,600,5,2,1,3.0,6.0,63113,M,,,63
201000038974,10,5,14,925,1,2,3,1.0,6.0,63113,M,,,63
201000038975,10,5,15,604,2,2,2,1.0,6.0,63075,M,,,63
201000038976,10,5,17,920,1,2,1,1.0,6.0,63075,M,,,63
201000038977,10,5,17,720,1,2,1,1.0,6.0,63113,M,,,63
201000038978,10,5,17,1730,1,2,1,1.0,6.0,63113,M,,,63
201000038979,10,5,18,1110,1,2,1,1.0,6.0,63113,M,,,63
201000038980,10,5,18,1800,1,2,1,1.0,6.0,63113,M,,,63
201000038981,10,5,18,2015,1,2,1,1.0,6.0,63113,M,,,63
201000038982,10,5,19,1925,1,2,1,1.0,6.0,63113,M,,,63
201000038983,10,5,19,2130,5,2,2,1.0,6.0,63113,M,,,63
201000038984,10,5,20,2230,5,2,1,1.0,6.0,63113,M,,,63
201000038985,10,5,21,1430,1,2,1,1.0,6.0,63113,M,,,63
201000038986,10,5,22,1415,1,2,1,1.0,7.0,63113,M,,,63
201000038987,10,5,22,1540,1,2,9,1.0,6.0,63014,M,,,63
201000038988,10,5,22,1857,1,2,1,1.0,6.0,63113,M,,,63
201000038989,10,5,22,1910,1,2,1,1.0,3.0,63113,M,,,63
201000038990,10,5,23,1958,1,2,2,1.0,6.0,63113,M,,,63
201000038991,10,5,23,15,5,2,1,1.0,6.0,63113,M,,,63
201000038992,10,5,26,1830,1,2,1,1.0,6.0,63113,M,,,63
201000038993,10,5,27,1430,1,2,1,1.0,2.0,63014,M,,,63
201000038994,10,5,27,1444,1,2,1,1.0,6.0,63113,M,,,63
201000038995,10,5,30,1415,1,2,1,1.0,6.0,63014,M,,,63
201000038996,10,5,30,1620,1,2,1,1.0,6.0,63113,M,,,63
201000038997,10,5,28,1330,1,2,1,1.0,6.0,63014,M,,,63
201000038998,10,5,28,1710,1,1,1,1.0,6.0,63113,M,,,63
201000038999,10,5,28,1830,1,2,1,1.0,3.0,63014,M,,,63
201000039000,10,5,28,1925,1,2,1,1.0,6.0,63113,M,,,63
201000039001,10,5,29,1145,1,2,1,1.0,6.0,63113,M,,,63
201000039002,10,5,31,1205,1,2,1,1.0,6.0,63113,M,,,63
201000039003,10,5,31,1450,1,2,1,1.0,6.0,63113,M,,,63
201000039004,10,5,31,2100,2,2,1,1.0,6.0,63113,M,,,63
201000039005,10,5,31,2305,5,2,1,1.0,6.0,63032,M,,,63
201000039006,10,6,1,1009,1,2,2,1.0,6.0,63113,M,,,63
201000039007,10,6,1,1050,1,2,1,1.0,6.0,63113,M,,,63
201000039008,10,6,1,1615,1,2,1,1.0,6.0,63070,M,,,63
201000039009,10,6,2,1510,1,2,2,1.0,6.0,63113,M,,,63
201000039010,10,6,3,1720,1,2,1,1.0,6.0,63113,M,,,63
201000039011,10,6,4,1100,1,2,1,1.0,2.0,63113,M,,,63
201000039012,10,6,4,1855,1,2,2,1.0,6.0,63113,M,,,63
201000039013,10,6,5,1720,1,1,1,1.0,2.0,63113,M,,,63
201000039014,10,6,6,1350,1,2,1,1.0,6.0,63113,M,,,63
201000039015,10,6,7,1755,1,2,1,1.0,6.0,63032,M,,,63
201000039016,10,6,8,2045,2,2,1,1.0,6.0,63113,M,,,63
201000039017,10,6,10,1542,1,2,1,1.0,6.0,63113,M,,,63
201000039018,10,6,10,2040,1,2,1,1.0,6.0,63075,M,,,63
201000039019,10,6,12,1254,1,2,1,1.0,6.0,63113,M,,,63
201000039020,10,6,14,1940,1,2,1,1.0,6.0,63113,M,,,63
201000039021,10,6,15,1715,1,2,1,2.0,2.0,63113,M,,,63
201000039022,10,6,15,1750,1,2,1,2.0,6.0,63113,M,,,63
201000039023,10,6,17,2030,1,2,1,1.0,6.0,63113,M,,,63
201000039024,10,6,18,1440,1,2,1,2.0,6.0,63113,M,,,63
201000039025,10,6,18,2320,5,2,1,1.0,6.0,63113,M,,,63
201000039026,10,6,21,830,1,2,1,1.0,7.0,63113,M,,,63
201000039027,10,6,21,1330,1,2,1,1.0,6.0,63113,M,,,63
201000039028,10,6,22,450,5,2,1,1.0,6.0,63113,M,,,63
201000039029,10,6,22,745,1,2,1,1.0,4.0,63113,M,,,63
201000039030,10,6,22,1650,1,2,1,1.0,6.0,63113,M,,,63
201000039031,10,6,23,1045,1,2,1,1.0,6.0,63113,M,,,63
201000039032,10,6,24,1225,1,2,1,1.0,3.0,63113,M,,,63
201000039033,10,6,24,1450,1,1,1,1.0,6.0,63075,M,,,63
201000039034,10,6,26,110,5,2,1,1.0,6.0,63113,M,,,63
201000039035,10,6,26,1140,1,2,1,1.0,6.0,63308,M,,,63
201000039036,10,6,26,1110,1,2,2,1.0,3.0,63075,M,,,63
201000039037,10,6,29,1220,1,2,1,1.0,6.0,63075,M,,,63
201000039038,10,6,29,2330,5,2,9,1.0,6.0,63113,M,,,63
201000039039,10,6,30,1105,2,2,2,1.0,6.0,63113,M,,,63
201000039040,10,6,30,1900,1,2,1,1.0,3.0,63014,M,,,63
201000039041,10,7,2,1935,1,2,3,1.0,6.0,63113,M,,,63
201000039042,10,7,6,735,1,2,1,1.0,6.0,63113,M,,,63
201000039043,10,7,6,1409,1,2,1,1.0,6.0,63032,M,,,63
201000039044,10,7,6,1812,1,2,1,1.0,6.0,63113,M,,,63
201000039045,10,7,6,2250,3,2,1,1.0,6.0,63113,M,,,63
201000039046,10,7,8,200,3,2,1,1.0,6.0,63113,M,,,63
201000039047,10,7,8,750,1,2,5,1.0,6.0,63113,M,,,63
201000039048,10,7,8,1238,1,2,1,1.0,6.0,63113,M,,,63
201000039049,10,7,8,1140,1,2,1,1.0,6.0,63113,M,,,63
201000039050,10,7,9,1330,1,2,2,1.0,6.0,63113,M,,,63
201000039051,10,7,9,1120,1,2,2,1.0,6.0,63113,M,,,63
201000039052,10,7,13,1200,1,2,1,1.0,6.0,63113,M,,,63
201000039053,10,7,13,1655,1,2,1,1.0,6.0,63113,M,,,63
201000039054,10,7,16,1725,1,2,1,1.0,6.0,63113,M,,,63
201000039055,10,7,16,2015,1,2,1,1.0,6.0,63113,M,,,63
201000039056,10,7,19,835,1,2,1,1.0,6.0,63113,M,,,63
201000039057,10,7,20,755,1,2,1,1.0,6.0,63113,M,,,63
201000039058,10,7,20,1435,1,2,1,1.0,2.0,63113,M,,,63
201000039059,10,7,21,610,2,2,1,1.0,7.0,63113,M,,,63
201000039060,10,7,21,1150,1,2,1,1.0,6.0,63113,M,,,63
201000039061,10,7,24,2325,5,2,1,1.0,6.0,63113,M,,,63
201000039062,10,7,25,2030,1,2,2,1.0,6.0,63113,M,,,63
201000039063,10,7,27,1600,1,2,1,1.0,2.0,63113,M,,,63
201000039064,10,7,29,650,1,2,1,1.0,3.0,63113,M,,,63
201000039065,10,7,30,453,5,2,1,1.0,6.0,63113,M,,,63
201000039066,10,7,30,1500,1,2,1,1.0,1.0,63113,M,,,63
201000039067,10,7,31,130,5,2,1,1.0,2.0,63113,M,,,63
201000039068,10,8,2,1220,1,1,1,8.0,5.0,63308,M,,,63
201000039069,10,8,2,2302,5,2,6,1.0,6.0,63113,M,,,63
201000039070,10,8,2,2315,5,2,1,2.0,6.0,63113,M,,,63
201000039071,10,8,2,2020,1,2,1,1.0,3.0,63113,M,,,63
201000039072,10,8,1,1900,1,2,1,3.0,6.0,63113,M,,,63
201000039073,10,8,4,1747,1,2,1,1.0,6.0,63113,M,,,63
201000039074,10,8,5,1145,1,2,1,1.0,6.0,63113,M,,,63
201000039075,10,8,5,1640,1,2,1,1.0,7.0,63070,M,,,63
201000039076,10,8,5,1815,1,2,2,1.0,6.0,63113,M,,,63
201000039077,10,8,6,1250,1,2,1,1.0,2.0,63113,M,,,63
201000039078,10,8,9,1608,1,2,3,1.0,6.0,63113,M,,,63
201000039079,10,8,10,735,1,2,1,1.0,6.0,63113,M,,,63
201000039080,10,8,10,1620,1,2,1,1.0,3.0,63113,M,,,63
201000039081,10,8,10,1744,1,2,3,1.0,6.0,63113,M,,,63
201000039082,10,8,11,117,4,1,1,1.0,6.0,63113,M,,,63
201000039083,10,8,11,1210,1,2,2,1.0,5.0,63113,M,,,63
201000039084,10,8,14,5,5,2,2,1.0,6.0,63113,M,,,63
201000039085,10,8,15,1230,1,2,1,8.0,4.0,63113,M,,,63
201000039086,10,8,17,1630,1,2,2,1.0,6.0,63113,M,,,63
201000039087,10,8,24,220,4,2,1,1.0,7.0,63014,M,,,63
201000039088,10,8,23,1500,1,2,1,1.0,5.0,63113,M,,,63
201000039089,10,8,25,1445,1,2,2,1.0,6.0,63113,M,,,63
201000039090,10,8,25,1830,1,2,1,1.0,7.0,63113,M,,,63
201000039091,10,8,25,1000,1,1,1,1.0,6.0,63113,M,,,63
201000039092,10,8,26,1805,1,2,1,1.0,6.0,63113,M,,,63
201000039093,10,8,27,2335,5,2,1,1.0,2.0,63113,M,,,63
201000039094,10,8,28,1800,1,2,1,1.0,6.0,63113,M,,,63
201000039095,10,8,31,645,5,2,1,1.0,6.0,63113,M,,,63
201000039096,10,8,31,735,1,2,1,2.0,6.0,63014,M,,,63
201000039097,10,9,2,750,1,1,1,1.0,6.0,63032,M,,,63
201000039098,10,9,2,1300,1,2,1,1.0,6.0,63113,M,,,63
201000039099,10,9,2,1440,1,2,1,1.0,2.0,63113,M,,,63
201000039100,10,9,2,1735,1,2,3,1.0,6.0,63014,M,,,63
201000039101,10,9,2,1950,1,2,1,1.0,6.0,63113,M,,,63
201000039102,10,9,2,2125,4,2,1,1.0,6.0,63113,M,,,63
201000039103,10,9,3,1345,1,2,1,1.0,6.0,63113,M,,,63
201000039104,10,9,3,1848,1,2,2,1.0,6.0,63113,M,,,63
201000039105,10,9,4,1020,1,2,1,1.0,2.0,63113,M,,,63
201000039106,10,9,5,1940,1,2,3,1.0,6.0,63113,M,,,63
201000039107,10,9,6,800,1,2,1,1.0,6.0,63113,M,,,63
201000039108,10,9,7,745,2,1,1,2.0,6.0,63075,M,,,63
201000039109,10,9,7,1704,1,2,2,1.0,6.0,63113,M,,,63
201000039110,10,9,8,1213,1,2,1,1.0,6.0,63113,M,,,63
201000039111,10,9,8,1750,1,2,1,1.0,6.0,63014,M,,,63
201000039112,10,9,9,915,1,2,2,1.0,6.0,63113,M,,,63
201000039113,10,9,10,654,1,2,2,1.0,6.0,63113,M,,,63
201000039114,10,9,10,1400,1,2,1,1.0,6.0,63113,M,,,63
201000039115,10,9,10,2015,1,2,1,1.0,6.0,63075,M,,,63
201000039116,10,9,10,1100,1,2,1,1.0,6.0,63075,M,,,63
201000039117,10,9,14,1223,1,2,1,1.0,6.0,63113,M,,,63
201000039118,10,9,14,2110,5,2,3,1.0,3.0,63113,M,,,63
201000039119,10,9,15,1325,1,2,1,1.0,6.0,63113,M,,,63
201000039120,10,9,15,1740,1,2,1,1.0,6.0,63014,M,,,63
201000039121,10,9,17,854,1,2,1,1.0,6.0,63113,M,,,63
201000039122,10,9,17,1530,1,2,1,1.0,1.0,63014,M,,,63
201000039123,10,9,18,1145,1,2,1,1.0,6.0,63113,M,,,63
201000039124,10,9,18,2015,2,2,1,1.0,6.0,63113,M,,,63
201000039125,10,9,19,1000,1,2,1,1.0,6.0,63075,M,,,63
201000039126,10,9,19,1914,1,2,1,1.0,6.0,63014,M,,,63
201000039127,10,9,21,940,1,2,1,1.0,7.0,63113,M,,,63
201000039128,10,9,21,1045,1,2,1,1.0,6.0,63113,M,,,63
201000039129,10,9,21,1320,1,2,1,1.0,6.0,63113,M,,,63
201000039130,10,9,21,2037,4,1,1,1.0,6.0,63113,M,,,63
201000039131,10,9,23,2315,5,2,1,2.0,6.0,63032,M,,,63
201000039132,10,9,23,1420,1,2,3,1.0,3.0,63113,M,,,63
201000039133,10,9,23,1756,1,2,1,1.0,6.0,63113,M,,,63
201000039134,10,9,23,2250,5,2,1,1.0,6.0,63113,M,,,63
201000039135,10,9,24,2000,2,2,1,1.0,6.0,63113,M,,,63
201000039136,10,9,26,1659,1,2,1,2.0,6.0,63113,M,,,63
201000039137,10,9,26,1705,1,2,1,1.0,1.0,63113,M,,,63
201000039138,10,9,26,2021,5,2,6,1.0,6.0,63113,M,,,63
201000039139,10,9,25,1030,1,2,1,1.0,6.0,63113,M,,,63
201000039140,10,9,21,1620,1,2,1,1.0,6.0,63113,M,,,63
201000039141,10,9,29,1325,1,2,1,1.0,6.0,63113,M,,,63
201000039142,10,9,30,1145,1,2,9,1.0,6.0,63113,M,,,63
201000039143,10,9,30,1920,1,1,1,1.0,6.0,63113,M,,,63
201000039144,10,9,30,1915,1,1,1,1.0,3.0,63113,M,,,63
201000039145,10,10,1,1106,1,2,3,1.0,6.0,63113,M,,,63
201000039146,10,10,1,1600,1,2,1,1.0,6.0,63032,M,,,63
201000039147,10,10,2,1915,2,2,1,1.0,6.0,63070,M,,,63
201000039148,10,10,2,2154,5,2,1,1.0,6.0,63014,M,,,63
201000039149,10,10,3,55,5,2,1,1.0,3.0,63113,M,,,63
201000039150,10,10,4,1237,1,2,1,2.0,6.0,63113,M,,,63
201000039151,10,10,5,800,1,2,1,1.0,6.0,63113,M,,,63
201000039152,10,10,5,815,1,2,1,1.0,7.0,63113,M,,,63
201000039153,10,10,11,1045,1,2,6,1.0,6.0,63032,M,,,63
201000039154,10,10,8,1040,1,2,1,1.0,6.0,63113,M,,,63
201000039155,10,10,8,2049,5,2,1,1.0,6.0,63113,M,,,63
201000039156,10,10,9,915,1,2,2,1.0,3.0,63113,M,,,63
201000039157,10,10,10,1520,1,2,2,1.0,6.0,63032,M,,,63
201000039158,10,10,11,1645,1,2,3,1.0,3.0,63113,M,,,63
201000039159,10,10,13,709,5,2,9,1.0,6.0,63113,M,,,63
201000039160,10,10,13,1245,1,2,1,1.0,6.0,63113,M,,,63
201000039161,10,10,13,745,5,2,1,1.0,6.0,63113,M,,,63
201000039162,10,10,9,1620,1,2,1,1.0,3.0,63113,M,,,63
201000039163,10,10,14,849,1,2,1,1.0,6.0,63113,M,,,63
201000039164,10,10,14,1545,1,2,1,1.0,6.0,63113,M,,,63
201000039165,10,10,16,2100,5,2,1,8.0,3.0,63113,M,,,63
201000039166,10,10,16,1020,1,2,1,2.0,6.0,63113,M,,,63
201000039167,10,10,17,1957,5,2,6,2.0,6.0,63113,M,,,63
201000039168,10,10,18,1210,1,2,1,1.0,6.0,63113,M,,,63
201000039169,10,10,19,540,5,2,1,1.0,6.0,63113,M,,,63
201000039170,10,10,19,904,1,2,1,1.0,6.0,63075,M,,,63
201000039171,10,10,19,1300,1,2,1,1.0,6.0,63014,M,,,63
201000039172,10,10,19,1516,1,2,2,1.0,6.0,63014,M,,,63
201000039173,10,10,21,2350,5,2,1,1.0,6.0,63113,M,,,63
201000039174,10,10,22,453,5,1,1,1.0,1.0,63113,M,,,63
201000039175,10,10,22,142,5,2,1,1.0,6.0,63113,M,,,63
201000039176,10,10,22,820,1,2,1,1.0,6.0,63113,M,,,63
201000039177,10,10,22,1350,1,2,1,1.0,6.0,63113,M,,,63
201000039178,10,10,22,1525,1,2,1,1.0,6.0,63113,M,,,63
201000039179,10,10,24,1320,1,2,1,1.0,7.0,63075,M,,,63
201000039180,10,10,24,1331,1,2,2,1.0,6.0,63113,M,,,63
201000039181,10,10,24,1455,1,2,1,2.0,6.0,63113,M,,,63
201000039182,10,10,25,741,2,2,1,1.0,6.0,63113,M,,,63
201000039183,10,10,26,2000,5,2,9,1.0,6.0,63113,M,,,63
201000039184,10,10,26,1657,1,2,1,1.0,6.0,63308,M,,,63
201000039185,10,10,27,1230,1,2,1,1.0,6.0,63113,M,,,63
201000039186,10,10,27,1300,1,2,1,1.0,7.0,63014,M,,,63
201000039187,10,10,28,1100,1,2,1,1.0,6.0,63113,M,,,63
201000039188,10,10,28,1225,1,2,1,1.0,6.0,63113,M,,,63
201000039189,10,10,28,1600,1,2,1,1.0,6.0,63032,M,,,63
201000039190,10,10,29,1355,1,2,1,1.0,2.0,63075,M,,,63
201000039191,10,10,31,1630,1,2,9,3.0,6.0,63113,M,,,63
201000039192,10,11,2,814,1,2,2,1.0,6.0,63113,M,,,63
201000039193,10,11,8,830,1,2,1,1.0,6.0,63113,M,,,63
201000039194,10,11,9,2015,5,2,1,1.0,6.0,63113,M,,,63
201000039195,10,11,10,937,1,2,1,1.0,6.0,63113,M,,,63
201000039196,10,11,11,5,5,2,2,1.0,6.0,63113,M,,,63
201000039197,10,11,10,1230,1,2,1,1.0,6.0,63014,M,,,63
201000039198,10,11,11,1459,1,1,1,1.0,6.0,63113,M,,,63
201000039199,10,11,11,1815,1,2,1,1.0,6.0,63113,M,,,63
201000039200,10,11,13,340,5,2,2,1.0,3.0,63113,M,,,63
201000039201,10,11,13,1223,1,2,1,1.0,6.0,63113,M,,,63
201000039202,10,11,13,1400,1,2,1,1.0,6.0,63113,M,,,63
201000039203,10,11,15,1345,1,2,1,1.0,6.0,63113,M,,,63
201000039204,10,11,15,1756,1,2,1,1.0,6.0,63014,M,,,63
201000039205,10,11,16,730,1,2,1,1.0,3.0,63113,M,,,63
201000039206,10,11,16,1350,1,2,1,1.0,6.0,63113,M,,,63
201000039207,10,11,19,800,1,2,1,1.0,6.0,63014,M,,,63
201000039208,10,11,19,1015,1,2,1,1.0,6.0,63113,M,,,63
201000039209,10,11,19,1125,1,1,1,1.0,6.0,63032,M,,,63