Num_Acc,an,mois,jour,hrmn,lum,agg,int,atm,col,com,gps,lat,long,dep
201000039210,10,11,19,1230,1,2,2,1.0,3.0,63113,M,,,63
201000039211,10,11,19,1407,1,2,1,1.0,6.0,63113,M,,,63
201000039212,10,11,20,1315,1,2,1,1.0,6.0,63113,M,,,63
201000039213,10,11,20,1545,1,2,1,2.0,6.0,63113,M,,,63
201000039214,10,11,21,1850,5,2,1,1.0,6.0,63070,M,,,63
201000039215,10,11,23,1320,1,2,2,1.0,3.0,63113,M,,,63
201000039216,10,11,25,1027,1,2,1,1.0,6.0,63113,M,,,63
201000039217,10,11,26,1125,1,2,1,1.0,6.0,63113,M,,,63
201000039218,10,11,26,1300,1,2,9,1.0,6.0,63113,M,,,63
201000039219,10,11,26,1611,1,2,1,1.0,6.0,63113,M,,,63
201000039220,10,11,27,720,5,2,1,8.0,1.0,63113,M,,,63
201000039221,10,11,27,846,1,2,1,4.0,6.0,63113,M,,,63
201000039222,10,11,27,930,1,2,1,4.0,6.0,63113,M,,,63
201000039223,10,11,29,1400,1,2,1,1.0,6.0,63113,M,,,63
201000039224,10,11,29,1412,1,2,2,1.0,6.0,63113,M,,,63
201000039225,10,11,30,640,5,2,2,1.0,1.0,63113,M,,,63
201000039226,10,11,30,800,1,2,6,1.0,6.0,63113,M,,,63
201000039227,10,11,30,950,1,2,1,4.0,6.0,63075,M,,,63
201000039228,10,11,30,1640,1,2,1,8.0,2.0,63113,M,,,63
201000039229,10,11,30,1600,1,2,1,4.0,6.0,63113,M,,,63
201000039230,10,11,30,1641,1,2,1,4.0,6.0,63113,M,,,63
201000039231,10,12,2,1500,1,2,2,1.0,6.0,63113,M,,,63
201000039232,10,12,3,1150,1,2,1,2.0,6.0,63014,M,,,63
201000039233,10,12,4,2020,3,2,1,9.0,6.0,63113,M,,,63
201000039234,10,12,6,1030,1,2,2,1.0,6.0,63113,M,,,63
201000039235,10,12,5,1340,1,2,1,1.0,6.0,63014,M,,,63
201000039236,10,12,5,2350,5,2,1,8.0,6.0,63113,M,,,63
201000039237,10,12,6,1600,1,2,1,2.0,6.0,63113,M,,,63
201000039238,10,12,6,1950,4,2,1,1.0,6.0,63113,M,,,63
201000039239,10,12,7,1424,1,2,1,1.0,6.0,63113,M,,,63
201000039240,10,12,7,1710,2,2,1,1.0,4.0,63113,M,,,63
201000039241,10,12,8,728,2,2,1,1.0,6.0,63113,M,,,63
201000039242,10,12,8,1545,1,2,1,2.0,6.0,63113,M,,,63
201000039243,10,12,10,1130,1,2,1,2.0,6.0,63075,M,,,63
201000039244,10,12,10,1800,1,2,1,1.0,6.0,63014,M,,,63
201000039245,10,12,11,1310,1,2,1,1.0,2.0,63113,M,,,63
201000039246,10,12,11,1819,5,2,3,1.0,6.0,63113,M,,,63
201000039247,10,12,13,1355,1,2,1,1.0,6.0,63113,M,,,63
201000039248,10,12,13,1445,1,2,1,1.0,6.0,63113,M,,,63
201000039249,10,12,13,1536,1,2,1,1.0,6.0,63014,M,,,63
201000039250,10,12,15,1050,1,2,1,8.0,6.0,63113,M,,,63
201000039251,10,12,16,900,1,2,1,1.0,6.0,63075,M,,,63
201000039252,10,12,16,1715,1,2,1,8.0,7.0,63113,M,,,63
201000039253,10,12,16,1400,1,2,1,1.0,6.0,63113,M,,,63
201000039254,10,12,18,815,2,2,1,1.0,6.0,63113,M,,,63
201000039255,10,12,19,240,5,2,1,1.0,6.0,63113,M,,,63
201000039256,10,12,19,950,1,2,1,1.0,6.0,63113,M,,,63
201000039257,10,12,19,1100,1,2,1,1.0,6.0,63113,M,,,63
201000039258,10,12,21,1230,1,2,1,1.0,6.0,63070,M,,,63
201000039259,10,12,20,1720,1,2,1,1.0,3.0,63113,M,,,63
201000039260,10,12,20,1820,3,2,1,1.0,6.0,63113,M,,,63
201000039261,10,12,21,1102,1,2,1,1.0,6.0,63075,M,,,63
201000039262,10,12,21,1830,5,2,1,1.0,3.0,63070,M,,,63
201000039263,10,12,22,1815,5,2,1,2.0,6.0,63113,M,,,63
201000039264,10,12,25,1616,1,2,1,4.0,6.0,63032,M,,,63
201000039265,10,12,29,1135,1,2,1,1.0,6.0,63113,M,,,63
201000039266,10,12,30,1510,1,2,1,8.0,4.0,63113,M,,,63
201000039267,10,12,5,500,5,2,1,4.0,6.0,63113,M,,,63
201000039268,10,2,2,1835,3,2,2,1.0,3.0,63193,M,,,63
201000039269,10,3,5,25,4,2,1,1.0,7.0,63124,M,,,63
201000039270,10,5,27,1420,1,1,1,1.0,6.0,63124,M,,,63
201000039271,10,6,1,825,1,2,1,1.0,3.0,63124,M,,,63
201000039272,10,6,4,2055,2,1,4,1.0,3.0,63193,M,,,63
201000039273,10,6,9,750,1,2,3,2.0,6.0,63124,M,,,63
201000039274,10,6,8,855,1,2,1,3.0,6.0,63124,M,,,63
201000039275,10,6,20,1130,1,2,2,1.0,3.0,63272,M,,,63
201000039276,10,6,24,1730,1,1,1,1.0,7.0,63124,M,,,63
201000039277,10,7,30,1700,1,2,6,1.0,2.0,63124,M,,,63
201000039278,10,8,17,1930,1,2,1,1.0,3.0,63124,M,,,63
201000039279,10,8,25,1110,1,2,2,1.0,6.0,63124,M,,,63
201000039280,10,9,18,1725,1,2,1,1.0,4.0,63124,M,,,63
201000039281,10,10,6,1107,1,2,2,1.0,7.0,63124,M,,,63
201000039282,10,10,8,1400,1,2,2,1.0,1.0,63193,M,,,63
201000039283,10,10,21,1910,5,2,2,1.0,3.0,63124,M,,,63
201000039284,10,1,26,2135,5,2,3,1.0,3.0,63164,M,,,63
201000039285,10,2,3,1230,1,2,6,1.0,3.0,63164,M,,,63
201000039286,10,3,22,1630,1,2,3,1.0,3.0,63063,M,,,63
201000039287,10,5,27,1015,1,2,1,1.0,6.0,63164,M,,,63
201000039288,10,6,28,1625,1,1,1,1.0,4.0,63063,M,,,63
201000039289,10,7,30,945,1,2,1,1.0,6.0,63164,M,,,63
201000039290,10,8,29,5,3,1,1,1.0,6.0,63063,M,,,63
201000039291,10,9,7,710,5,2,3,3.0,3.0,63164,M,,,63
201000039292,10,9,2,800,1,1,6,1.0,7.0,63164,M,,,63
201000039293,10,9,18,930,1,2,1,1.0,5.0,63164,M,,,63
201000039294,10,9,22,1905,1,2,1,1.0,5.0,63164,M,,,63
201000039295,10,10,16,1555,1,2,2,1.0,3.0,63113,M,,,63
201000039296,10,10,28,1740,2,1,6,1.0,6.0,63113,M,,,63
201000039297,10,11,6,820,1,1,1,1.0,6.0,63063,M,,,63
201000039298,10,11,20,1020,1,2,2,1.0,2.0,63063,M,,,63
201000039299,10,10,31,930,1,2,1,1.0,6.0,63063,M,,,63
201000039300,10,11,29,2145,5,2,6,8.0,3.0,63164,M,,,63
201000039301,10,12,28,440,3,1,1,2.0,1.0,63164,M,,,63
201000039302,10,3,26,1950,3,1,1,1.0,1.0,63103,M,4555241.0,0.0,63
201000039303,10,6,24,910,1,2,2,1.0,3.0,63300,M,,,63
201000039304,10,6,28,5,3,2,1,1.0,2.0,63300,M,,,63
201000039305,10,7,2,740,1,1,2,1.0,3.0,63300,M,,,63
201000039306,10,7,2,1825,1,2,1,1.0,1.0,63300,M,,,63
201000039307,10,7,13,1020,1,2,1,1.0,2.0,63300,M,,,63
201000039308,10,7,8,930,1,2,1,1.0,6.0,63300,M,,,63
201000039309,10,7,29,1755,1,2,1,1.0,1.0,63224,M,,,63
201000039310,10,8,26,1940,1,2,1,1.0,1.0,63300,M,,,63
201000039311,10,11,15,1740,5,2,2,1.0,3.0,63300,M,,,63
201000039312,10,11,19,1645,1,1,1,1.0,6.0,63300,M,,,63
201000039313,10,12,20,1945,3,1,1,1.0,1.0,63103,M,,,63
201000039314,10,1,2,230,5,2,1,1.0,6.0,64024,M,4349400.0,-152770.0,64
201000039315,10,1,5,1635,1,2,1,8.0,6.0,64102,M,4349210.0,-147709.0,64
201000039316,10,1,5,1655,1,2,1,1.0,3.0,64102,M,4348510.0,-149412.0,64
201000039317,10,1,5,2030,5,2,2,1.0,3.0,64102,M,4349430.0,-146780.0,64
201000039318,10,1,7,1130,1,2,1,8.0,3.0,64140,M,4352870.0,-147806.0,64
201000039319,10,1,13,820,2,2,1,2.0,2.0,64102,M,4346640.0,-149509.0,64
201000039320,10,1,16,1959,5,2,1,8.0,6.0,64102,M,4348230.0,-148248.0,64
201000039321,10,1,17,2230,4,2,3,1.0,1.0,64024,M,4348020.0,-152254.0,64
201000039322,10,1,22,1130,1,2,1,1.0,6.0,64024,M,4348290.0,-151074.0,64
201000039323,10,1,28,820,1,2,1,1.0,6.0,64102,M,4350350.0,-146616.0,64
201000039324,10,1,28,1200,1,2,1,1.0,4.0,64102,M,4349320.0,-147550.0,64
201000039325,10,1,29,1545,1,2,1,8.0,6.0,64024,M,4349340.0,-151907.0,64
201000039326,10,1,31,550,5,2,1,8.0,7.0,64102,M,4348660.0,-146858.0,64
201000039327,10,1,31,710,5,2,1,8.0,1.0,64024,M,4347660.0,-150358.0,64
201000039328,10,2,7,950,1,2,1,8.0,6.0,64102,M,4349340.0,-147571.0,64
201000039329,10,2,7,1215,1,2,1,8.0,6.0,64102,M,4348990.0,-147708.0,64
201000039330,10,2,10,1340,1,2,3,1.0,6.0,64024,M,4348420.0,-150693.0,64
201000039331,10,2,13,316,5,2,1,1.0,6.0,64024,M,4349890.0,-149961.0,64
201000039332,10,2,13,1940,5,2,1,1.0,6.0,64024,M,4347850.0,-152193.0,64
201000039333,10,2,19,1350,1,1,1,8.0,6.0,64102,M,4350270.0,-144913.0,64
201000039334,10,2,19,1816,1,1,1,1.0,3.0,64496,M,4347690.0,-146290.0,64
201000039335,10,2,21,1725,1,2,1,1.0,3.0,64024,M,4349770.0,-150615.0,64
201000039336,10,2,26,1910,5,1,2,1.0,1.0,64102,M,4350350.0,-146803.0,64
201000039337,10,3,3,1525,1,2,3,1.0,3.0,64102,M,4349590.0,-149130.0,64
201000039338,10,3,12,2350,5,2,1,1.0,7.0,64102,M,4348650.0,-147027.0,64
201000039339,10,3,13,1720,1,2,1,1.0,2.0,64024,M,4349360.0,-151111.0,64
201000039340,10,3,20,927,1,2,3,8.0,2.0,64102,M,4347970.0,-148411.0,64
201000039341,10,3,20,1728,1,2,3,1.0,7.0,64024,M,4350240.0,-150710.0,64
201000039342,10,3,20,1735,1,2,6,8.0,3.0,64102,M,4349680.0,-148334.0,64
201000039343,10,3,23,2040,2,2,2,1.0,6.0,64102,M,4349270.0,-147859.0,64
201000039344,10,3,27,1750,1,2,1,1.0,7.0,64102,M,4349170.0,-147850.0,64
201000039345,10,3,27,1905,1,2,1,1.0,7.0,64102,M,4349970.0,-149008.0,64
201000039346,10,3,29,1929,1,2,1,8.0,1.0,64024,M,4348730.0,-153642.0,64
201000039347,10,4,2,20,5,1,6,1.0,7.0,64102,M,4350000.0,-145635.0,64
201000039348,10,4,2,830,1,2,1,8.0,3.0,64024,M,4352580.0,-151426.0,64
201000039349,10,4,3,1536,1,2,1,1.0,6.0,64024,M,4347550.0,-152871.0,64
201000039350,10,4,4,1957,1,2,1,8.0,6.0,64102,M,4350180.0,-146004.0,64
201000039351,10,4,6,757,1,2,1,1.0,6.0,64024,M,4345980.0,-152319.0,64
201000039352,10,4,6,1219,1,2,3,7.0,6.0,64024,M,4351310.0,-152625.0,64
201000039353,10,4,6,1715,1,1,1,7.0,6.0,64024,M,4348370.0,-150764.0,64
201000039354,10,4,7,945,1,2,1,2.0,6.0,64102,M,4349810.0,-145265.0,64
201000039355,10,4,10,10,5,2,1,1.0,3.0,64102,M,4349490.0,-146905.0,64
201000039356,10,4,11,130,5,2,1,1.0,1.0,64102,M,4348830.0,-147757.0,64
201000039357,10,4,18,2355,5,2,3,1.0,3.0,64102,M,4349590.0,-146549.0,64
201000039358,10,4,21,1414,1,2,1,7.0,2.0,64140,M,4352270.0,-146462.0,64
201000039359,10,4,21,1655,1,2,6,1.0,7.0,64102,M,4348380.0,-144695.0,64
201000039360,10,4,23,55,5,2,1,2.0,1.0,64024,M,4352190.0,-150349.0,64
201000039361,10,4,28,1520,1,2,3,1.0,1.0,64140,M,4352820.0,-149192.0,64
201000039362,10,5,11,1525,1,2,1,1.0,7.0,64102,M,4348840.0,-147821.0,64
201000039363,10,5,17,1845,1,2,1,1.0,6.0,64102,M,4349480.0,-146894.0,64
201000039364,10,5,20,55,5,2,3,1.0,1.0,64102,M,4349600.0,-146548.0,64
201000039365,10,5,23,1550,1,2,1,1.0,7.0,64024,M,4347590.0,-153510.0,64
201000039366,10,5,24,1500,1,2,1,1.0,6.0,64024,M,4349490.0,-154285.0,64
201000039367,10,5,27,1438,1,2,1,1.0,6.0,64140,M,4352430.0,-149338.0,64
201000039368,10,6,8,1117,1,2,1,1.0,1.0,64024,M,4350660.0,-149697.0,64
201000039369,10,6,12,1611,1,2,1,1.0,2.0,64102,M,4348730.0,-148464.0,64
201000039370,10,6,16,1756,1,2,2,2.0,6.0,64024,M,4348870.0,-153024.0,64
201000039371,10,6,21,530,5,2,6,1.0,7.0,64024,M,4347760.0,-152386.0,64
201000039372,10,6,21,1100,1,2,1,1.0,7.0,64024,M,4352460.0,-150532.0,64
201000039373,10,6,21,1430,1,2,1,1.0,7.0,64102,M,4350230.0,-148119.0,64
201000039374,10,6,24,600,2,2,1,1.0,1.0,64102,M,4349830.0,-149299.0,64
201000039375,10,6,25,2030,1,2,1,1.0,7.0,64102,M,4350470.0,-146813.0,64
201000039376,10,6,25,2245,5,2,3,1.0,3.0,64024,M,4348040.0,-152770.0,64
201000039377,10,6,30,1516,1,2,3,1.0,3.0,64102,M,4348920.0,-148277.0,64
201000039378,10,7,1,1825,1,2,2,1.0,6.0,64140,M,4351530.0,-148112.0,64
201000039379,10,7,5,1740,1,2,1,1.0,7.0,64102,M,4349280.0,-147473.0,64
201000039380,10,7,6,2000,1,2,1,1.0,7.0,64102,M,4348960.0,-148080.0,64
201000039381,10,7,6,2240,5,2,1,1.0,7.0,64102,M,4350500.0,-144640.0,64
201000039382,10,7,10,1110,1,2,1,1.0,1.0,64024,M,4349050.0,-152916.0,64
201000039383,10,7,13,1755,1,2,1,1.0,6.0,64024,M,4350200.0,-152420.0,64
201000039384,10,7,17,112,5,2,1,1.0,3.0,64102,M,4348800.0,-147545.0,64
201000039385,10,7,17,1550,1,2,3,1.0,6.0,64024,M,4349350.0,-153692.0,64
201000039386,10,7,20,1830,1,2,1,1.0,7.0,64024,M,4348770.0,-150063.0,64
201000039387,10,7,20,1940,1,2,1,1.0,6.0,64102,M,4349990.0,-145817.0,64
201000039388,10,7,22,1940,1,2,1,1.0,3.0,64102,M,4350880.0,-146781.0,64
201000039389,10,7,22,2235,5,2,1,1.0,2.0,64024,M,4348050.0,-151408.0,64
201000039390,10,7,26,1447,1,2,1,1.0,6.0,64024,M,4347680.0,-149141.0,64
201000039391,10,7,26,2205,5,2,1,1.0,6.0,64102,M,4349170.0,-148335.0,64
201000039392,10,7,27,1035,1,2,1,1.0,6.0,64102,M,4349340.0,-147994.0,64
201000039393,10,7,27,1417,1,2,1,1.0,2.0,64102,M,4349000.0,-148200.0,64
201000039394,10,7,31,1245,1,2,1,1.0,3.0,64102,M,4348590.0,-147341.0,64
201000039395,10,8,1,310,5,2,1,1.0,7.0,64102,M,4349330.0,-147985.0,64
201000039396,10,8,2,1558,1,2,1,1.0,6.0,64024,M,4348560.0,-153546.0,64
201000039397,10,8,2,1704,1,2,1,8.0,3.0,64102,M,4349810.0,-146764.0,64
201000039398,10,8,2,1823,1,2,1,1.0,3.0,64024,M,4347690.0,-152559.0,64
201000039399,10,8,5,1428,1,2,2,1.0,3.0,64140,M,4352860.0,-147756.0,64
201000039400,10,8,6,1500,1,2,2,1.0,2.0,64024,M,4349610.0,-148526.0,64
201000039401,10,8,6,2158,5,2,1,1.0,6.0,64024,M,4349500.0,-151589.0,64
201000039402,10,8,15,1855,1,2,1,2.0,3.0,64102,M,4350790.0,-144488.0,64
201000039403,10,8,17,1200,1,2,1,1.0,6.0,64102,M,4348560.0,-149164.0,64
201000039404,10,8,17,1716,1,2,1,1.0,6.0,64102,M,4349570.0,-145220.0,64
201000039405,10,8,21,2035,1,2,1,1.0,3.0,64140,M,4352800.0,-147436.0,64
201000039406,10,8,27,2202,5,2,6,1.0,7.0,64102,M,4348610.0,-147361.0,64
201000039407,10,8,30,1430,1,2,6,1.0,3.0,64102,M,4348420.0,-144726.0,64
201000039408,10,8,31,815,1,2,1,1.0,1.0,64102,M,4347880.0,-149065.0,64
201000039409,10,8,31,1134,1,2,2,1.0,3.0,64024,M,4349390.0,-149780.0,64
201000039410,10,8,31,2146,5,2,9,1.0,3.0,64102,M,4349050.0,-149387.0,64
201000039411,10,9,7,1050,1,2,1,8.0,7.0,64102,M,4349510.0,-146961.0,64
201000039412,10,9,14,1940,1,2,1,1.0,6.0,64024,M,4349260.0,-152072.0,64
201000039413,10,9,19,1505,1,2,1,1.0,7.0,64024,M,4348700.0,-150107.0,64
201000039414,10,9,20,1410,1,1,2,1.0,1.0,64102,M,4349070.0,-147151.0,64
201000039415,10,9,21,1210,1,2,2,1.0,3.0,64102,M,4349240.0,-146507.0,64
201000039416,10,9,29,1130,1,2,1,1.0,6.0,64102,M,4348010.0,-147853.0,64
201000039417,10,10,2,1706,1,2,4,1.0,3.0,64102,M,4349280.0,-149542.0,64
201000039418,10,10,3,1150,1,2,1,1.0,7.0,64024,M,4348970.0,-150953.0,64
201000039419,10,10,9,2200,5,2,1,2.0,7.0,64102,M,4348980.0,-147311.0,64
201000039420,10,10,13,1830,1,2,1,1.0,1.0,64102,M,4351020.0,-143490.0,64
201000039421,10,10,19,1010,1,2,1,7.0,7.0,64102,M,4347470.0,-148492.0,64
201000039422,10,10,22,1820,1,2,1,1.0,3.0,64024,M,4348270.0,-150430.0,64
201000039423,10,10,23,1430,1,2,1,1.0,3.0,64024,M,4346430.0,-150173.0,64
201000039424,10,10,25,1103,1,2,1,1.0,6.0,64102,M,4349940.0,-148145.0,64
201000039425,10,10,29,1300,1,2,3,1.0,6.0,64024,M,4349220.0,-151113.0,64
201000039426,10,11,3,1730,1,2,1,1.0,6.0,64024,M,4350690.0,-152356.0,64
201000039427,10,11,6,1438,1,2,5,1.0,1.0,64024,M,4350190.0,-151539.0,64
201000039428,10,11,7,2220,5,2,1,2.0,7.0,64102,M,4350010.0,-145973.0,64
201000039429,10,11,12,1500,1,2,2,1.0,3.0,64102,M,4349300.0,-147766.0,64
201000039430,10,11,12,2200,5,2,2,1.0,3.0,64102,M,4350440.0,-146746.0,64
201000039431,10,11,18,1100,1,2,1,2.0,5.0,64140,M,4352430.0,-149344.0,64
201000039432,10,11,18,1612,1,2,1,2.0,4.0,64024,M,4346360.0,-151180.0,64
201000039433,10,11,18,1835,5,2,2,8.0,2.0,64024,M,4348740.0,-153647.0,64
201000039434,10,11,22,935,1,2,1,8.0,7.0,64102,M,4349930.0,-146716.0,64
201000039435,10,11,23,805,5,2,1,2.0,6.0,64024,M,4348850.0,-153086.0,64
201000039436,10,11,24,2020,5,2,1,2.0,7.0,64102,M,4350280.0,-146310.0,64
201000039437,10,11,29,810,5,2,1,4.0,7.0,64102,M,4348830.0,-147736.0,64
201000039438,10,11,29,1623,1,2,1,1.0,3.0,64102,M,4349410.0,-147939.0,64
201000039439,10,11,29,1942,5,2,3,1.0,3.0,64024,M,4350010.0,-154196.0,64
201000039440,10,11,30,1619,1,2,1,8.0,3.0,64102,M,4349610.0,-144298.0,64
201000039441,10,12,6,20,5,2,1,2.0,7.0,64102,M,4349700.0,-148321.0,64
201000039442,10,12,6,2115,5,2,3,1.0,1.0,64102,M,4349430.0,-148371.0,64
201000039443,10,12,8,1525,1,2,3,1.0,6.0,64102,M,4349160.0,-146940.0,64
201000039444,10,12,9,1545,1,2,1,8.0,7.0,64102,M,4348100.0,-145852.0,64
201000039445,10,12,13,1804,5,2,2,1.0,3.0,64102,M,4350440.0,-146746.0,64
201000039446,10,12,17,150,5,2,2,2.0,7.0,64102,M,4347900.0,-149846.0,64
201000039447,10,12,21,1835,5,2,3,2.0,3.0,64024,M,4347650.0,-152636.0,64
201000039448,10,12,22,1835,5,2,1,2.0,7.0,64102,M,4349600.0,-148778.0,64
201000039449,10,12,23,1440,1,2,1,2.0,7.0,64102,M,4349500.0,-146931.0,64
201000039450,10,12,23,2000,5,2,2,2.0,3.0,64102,M,4349340.0,-147572.0,64
201000039451,10,12,24,1210,1,2,2,2.0,2.0,64024,M,4348740.0,-153637.0,64
201000039452,10,12,30,1212,1,1,1,1.0,6.0,64102,M,4349450.0,-146821.0,64
201000039453,10,12,31,1615,1,2,3,1.0,7.0,64024,M,4346750.0,-154003.0,64
201000039454,10,1,11,1830,2,2,1,1.0,3.0,64122,M,4346320.0,-154443.0,64
201000039455,10,1,22,2205,5,2,1,1.0,7.0,64122,M,4348430.0,-154731.0,64
201000039456,10,1,24,1705,1,2,1,8.0,2.0,64122,M,4348040.0,-156350.0,64
201000039457,10,1,25,750,2,2,1,1.0,3.0,64122,M,4348420.0,-154932.0,64
201000039458,10,2,24,1705,1,2,1,8.0,6.0,64122,M,4348010.0,-156372.0,64
201000039459,10,3,1,1825,1,2,1,1.0,3.0,64125,M,4342800.0,-158660.0,64
201000039460,10,3,7,1340,1,2,1,1.0,3.0,64122,M,4348430.0,-154198.0,64
201000039461,10,3,16,815,1,2,1,7.0,6.0,64122,M,4348080.0,-154534.0,64
201000039462,10,3,20,1300,1,2,1,1.0,3.0,64125,M,4343240.0,-159643.0,64
201000039463,10,3,26,150,5,2,1,1.0,6.0,64122,M,4346120.0,-157089.0,64
201000039464,10,3,29,2315,5,2,1,2.0,3.0,64122,M,4348730.0,-153658.0,64
201000039465,10,4,1,840,1,2,1,2.0,3.0,64125,M,4343080.0,-159873.0,64
201000039466,10,4,2,1630,1,2,1,1.0,6.0,64122,M,4346890.0,-155647.0,64
201000039467,10,4,14,1520,1,2,3,1.0,3.0,64125,M,4345080.0,-156493.0,64
201000039468,10,4,16,1730,1,2,1,1.0,6.0,64122,M,4348010.0,-156050.0,64
201000039469,10,4,22,1300,1,2,1,2.0,3.0,64122,M,4347570.0,-155287.0,64
201000039470,10,4,23,930,1,2,1,2.0,2.0,64122,M,4348290.0,-155809.0,64
201000039471,10,4,24,1550,1,2,1,1.0,3.0,64122,M,4348300.0,-156463.0,64
201000039472,10,4,26,1030,1,2,1,1.0,3.0,64122,M,4347800.0,-155853.0,64
201000039473,10,4,27,1505,1,2,1,1.0,3.0,64122,M,4347200.0,-155556.0,64
201000039474,10,4,30,1755,1,2,3,1.0,3.0,64122,M,4346120.0,-154941.0,64
201000039475,10,5,1,1200,1,2,6,1.0,2.0,64122,M,4347470.0,-154546.0,64
201000039476,10,5,2,1235,1,2,1,1.0,3.0,64125,M,4344750.0,-157434.0,64
201000039477,10,5,2,1815,1,2,1,1.0,6.0,64122,M,4348050.0,-155874.0,64
201000039478,10,5,10,1929,1,2,1,1.0,2.0,64125,M,,,64
201000039479,10,5,11,1040,1,2,1,1.0,6.0,64122,M,,,64
201000039480,10,5,14,1120,1,2,1,1.0,6.0,64122,M,4348110.0,-155903.0,64
201000039481,10,5,15,1020,1,2,1,1.0,2.0,64122,M,4347190.0,-153832.0,64
201000039482,10,6,2,1720,1,2,1,1.0,6.0,64122,M,4348100.0,-154890.0,64
201000039483,10,6,3,1230,1,2,1,1.0,5.0,64122,M,4348740.0,-153640.0,64
201000039484,10,6,9,1715,1,2,1,1.0,6.0,64122,M,4347400.0,-156487.0,64
201000039485,10,6,10,1520,1,2,1,1.0,6.0,64122,M,4346410.0,-155224.0,64
201000039486,10,6,11,1320,1,2,1,1.0,6.0,64122,M,4348220.0,-156055.0,64
201000039487,10,6,18,1820,1,2,1,1.0,3.0,64122,M,4347550.0,-156619.0,64
201000039488,10,6,18,1910,1,2,6,1.0,3.0,64122,M,4348090.0,-154089.0,64
201000039489,10,6,19,2300,5,2,1,1.0,6.0,64122,M,4348320.0,-156702.0,64
201000039490,10,6,20,425,5,2,1,1.0,7.0,64122,M,4346500.0,-154255.0,64
201000039491,10,6,24,950,1,2,1,1.0,6.0,64122,M,4347010.0,-155524.0,64
201000039492,10,6,24,1815,1,2,1,1.0,3.0,64122,M,4347120.0,-155540.0,64
201000039493,10,6,24,2316,5,2,1,1.0,2.0,64125,M,4344930.0,-157643.0,64
201000039494,10,6,25,1125,1,2,1,1.0,3.0,64122,M,4347690.0,-156554.0,64
201000039495,10,6,27,445,4,2,2,1.0,3.0,64122,M,4348040.0,-156354.0,64
201000039496,10,6,29,905,1,2,2,1.0,5.0,64122,M,4347470.0,-155739.0,64
201000039497,10,7,2,1800,1,2,1,1.0,3.0,64122,M,4347830.0,-156665.0,64
201000039498,10,7,6,1440,1,2,1,1.0,3.0,64122,M,4348220.0,-155040.0,64
201000039499,10,7,6,1430,1,2,1,1.0,3.0,64122,M,4347410.0,-154569.0,64
201000039500,10,7,6,1820,1,2,1,1.0,3.0,64125,M,4344490.0,-158392.0,64
201000039501,10,7,8,1550,1,2,1,1.0,3.0,64122,M,4346210.0,-155438.0,64
201000039502,10,7,11,2050,1,2,2,1.0,3.0,64122,M,4348150.0,-155835.0,64
201000039503,10,7,19,940,1,2,1,1.0,3.0,64122,M,4348150.0,-154238.0,64
201000039504,10,7,19,1415,1,2,3,1.0,3.0,64122,M,4348110.0,-155746.0,64
201000039505,10,7,24,1940,1,2,1,1.0,3.0,64122,M,4347260.0,-155582.0,64
201000039506,10,7,26,900,1,2,1,1.0,3.0,64122,M,4348290.0,-155878.0,64
201000039507,10,7,26,1550,1,2,1,1.0,3.0,64122,M,4347590.0,-155250.0,64
201000039508,10,7,27,40,5,2,6,1.0,7.0,64122,M,4346750.0,-154003.0,64
201000039509,10,7,27,1900,1,2,1,1.0,6.0,64122,M,4348340.0,-156831.0,64
201000039510,10,7,29,1620,1,2,1,1.0,3.0,64122,M,4347440.0,-155036.0,64
201000039511,10,7,30,2330,5,2,2,1.0,3.0,64122,M,4348090.0,-154533.0,64
201000039512,10,8,1,1940,1,2,1,2.0,2.0,64122,M,4348170.0,-155135.0,64
201000039513,10,8,2,1200,1,2,1,1.0,3.0,64125,M,4343130.0,-159756.0,64
201000039514,10,8,5,1740,1,2,1,1.0,7.0,64125,M,4344540.0,-158348.0,64
201000039515,10,8,7,1610,1,2,1,1.0,6.0,64122,M,4348050.0,-155870.0,64
201000039516,10,8,8,305,5,2,3,1.0,3.0,64122,M,4348220.0,-155107.0,64
201000039517,10,8,9,2215,5,2,1,1.0,1.0,64125,M,4343040.0,-159938.0,64
201000039518,10,8,10,1835,1,2,1,1.0,3.0,64122,M,4348680.0,-155517.0,64
201000039519,10,8,11,2040,1,2,1,1.0,3.0,64125,M,4343790.0,-158965.0,64
201000039520,10,8,11,2215,5,2,1,1.0,3.0,64125,M,4343140.0,-159783.0,64
201000039521,10,9,1,1230,1,2,1,1.0,3.0,64122,M,4348810.0,-155257.0,64
201000039522,10,9,2,1620,1,2,1,1.0,2.0,64122,M,4346740.0,-155440.0,64