Num_Acc,an,mois,jour,hrmn,lum,agg,int,atm,col,com,gps,lat,long,dep
201000039523,10,9,5,1245,1,2,1,1.0,3.0,64125,M,4345430.0,-157363.0,64
201000039524,10,9,10,2110,5,2,1,1.0,6.0,64122,M,4348250.0,-156696.0,64
201000039525,10,9,15,2145,5,2,9,1.0,3.0,64122,M,4347470.0,-155738.0,64
201000039526,10,9,16,850,1,2,2,2.0,3.0,64122,M,4347150.0,-155644.0,64
201000039527,10,9,18,1730,1,2,1,1.0,3.0,64122,M,4348060.0,-155874.0,64
201000039528,10,9,19,1325,1,2,1,1.0,6.0,64122,M,4345970.0,-154623.0,64
201000039529,10,9,23,1255,1,2,1,1.0,3.0,64122,M,4347260.0,-155580.0,64
201000039530,10,9,26,1635,1,2,1,1.0,3.0,64122,M,4347220.0,-155563.0,64
201000039531,10,9,27,1335,1,2,6,1.0,3.0,64122,M,4347930.0,-155866.0,64
201000039532,10,9,28,855,1,2,3,1.0,3.0,64122,M,4348150.0,-154727.0,64
201000039533,10,9,29,1510,1,2,2,1.0,3.0,64122,M,4347440.0,-155037.0,64
201000039534,10,10,8,1120,1,2,1,1.0,3.0,64125,M,4344570.0,-157635.0,64
201000039535,10,10,10,1555,1,2,1,3.0,6.0,64122,M,4348130.0,-154184.0,64
201000039536,10,10,11,900,1,2,1,8.0,3.0,64122,M,4348850.0,-154380.0,64
201000039537,10,10,18,1740,1,2,3,1.0,3.0,64122,M,4347180.0,-153585.0,64
201000039538,10,10,19,850,1,2,1,1.0,3.0,64125,M,4343130.0,-159786.0,64
201000039539,10,10,20,1010,1,2,1,1.0,1.0,64122,M,4346110.0,-155709.0,64
201000039540,10,10,21,1950,5,2,1,1.0,3.0,64122,M,4346210.0,-155374.0,64
201000039541,10,10,29,1440,1,2,1,1.0,4.0,64122,M,4347030.0,-155524.0,64
201000039542,10,10,29,1940,2,2,1,2.0,6.0,64122,M,4345860.0,-154712.0,64
201000039543,10,11,2,1530,1,2,1,1.0,6.0,64122,M,4347190.0,-153808.0,64
201000039544,10,11,8,1150,1,2,1,2.0,3.0,64122,M,4345900.0,-157225.0,64
201000039545,10,11,12,1440,1,2,3,1.0,3.0,64125,M,4345080.0,-156493.0,64
201000039546,10,11,16,1245,1,2,1,3.0,3.0,64125,M,4344400.0,-158471.0,64
201000039547,10,11,19,1430,1,2,1,1.0,3.0,64122,M,4347470.0,-155739.0,64
201000039548,10,11,20,1910,5,2,2,2.0,1.0,64122,M,4348190.0,-155382.0,64
201000039549,10,11,21,1015,1,2,6,2.0,3.0,64122,M,4348110.0,-154106.0,64
201000039550,10,11,24,1630,2,2,2,2.0,3.0,64122,M,4348010.0,-156192.0,64
201000039551,10,11,26,1430,1,2,6,7.0,6.0,64122,M,4347720.0,-156547.0,64
201000039552,10,11,29,1225,1,2,1,8.0,3.0,64122,M,4348070.0,-154460.0,64
201000039553,10,12,1,1730,5,2,1,3.0,4.0,64122,M,4347450.0,-154542.0,64
201000039554,10,12,12,1440,1,2,1,1.0,3.0,64122,M,4347590.0,-156605.0,64
201000039555,10,12,13,800,2,2,1,1.0,6.0,64122,M,4348340.0,-154637.0,64
201000039556,10,12,17,730,5,2,1,2.0,1.0,64122,M,4346620.0,-155523.0,64
201000039557,10,12,19,1830,5,2,1,1.0,6.0,64125,M,4344680.0,-157873.0,64
201000039558,10,12,24,830,1,2,1,4.0,3.0,64122,M,4347530.0,-153789.0,64
201000039559,10,1,1,525,5,2,1,1.0,6.0,64348,M,4331120.0,-42166.0,64
201000039560,10,1,7,1245,1,2,1,2.0,2.0,64445,M,,,64
201000039561,10,1,7,1735,1,2,1,1.0,4.0,64445,M,4331080.0,-34861.0,64
201000039562,10,1,7,2015,5,2,6,2.0,3.0,64445,M,4331140.0,-36338.0,64
201000039563,10,1,8,1835,4,2,1,1.0,7.0,64129,M,4329890.0,-39041.0,64
201000039564,10,1,9,1600,1,2,1,1.0,6.0,64445,M,4331070.0,-35191.0,64
201000039565,10,1,11,755,2,2,2,1.0,3.0,64445,M,4330570.0,-37035.0,64
201000039566,10,1,12,2045,5,2,3,2.0,3.0,64445,M,4331140.0,-32329.0,64
201000039567,10,1,13,915,1,2,1,1.0,2.0,64445,M,,,64
201000039568,10,1,13,1405,1,2,6,1.0,3.0,64445,M,4331310.0,-36902.0,64
201000039569,10,1,13,1845,1,2,1,1.0,6.0,64445,M,4331570.0,-37323.0,64
201000039570,10,1,13,1850,1,2,1,1.0,6.0,64445,M,4331050.0,-35666.0,64
201000039571,10,1,13,2020,5,2,2,1.0,3.0,64445,M,4332440.0,-33858.0,64
201000039572,10,1,14,1835,5,2,1,2.0,6.0,64445,M,4331250.0,-37745.0,64
201000039573,10,1,14,1915,5,2,1,2.0,7.0,64445,M,4333360.0,-37976.0,64
201000039574,10,1,15,2215,5,2,1,1.0,6.0,64445,M,4331260.0,-36215.0,64
201000039575,10,1,15,1855,5,2,1,1.0,6.0,64445,M,4330490.0,-32770.0,64
201000039576,10,1,15,1740,1,2,1,1.0,6.0,64445,M,4329800.0,-35741.0,64
201000039577,10,1,16,1835,4,2,3,3.0,6.0,64445,M,4330260.0,-37100.0,64
201000039578,10,1,17,2120,5,2,3,1.0,3.0,64348,M,4331710.0,-41920.0,64
201000039579,10,1,19,735,5,2,1,1.0,3.0,64335,M,4333060.0,-40390.0,64
201000039580,10,1,19,1605,1,2,1,1.0,2.0,64132,M,4328750.0,-35174.0,64
201000039581,10,1,22,745,2,2,1,1.0,6.0,64445,M,4332030.0,-30506.0,64
201000039582,10,1,22,1005,1,2,2,1.0,6.0,64445,M,4329600.0,-37867.0,64
201000039583,10,1,22,1645,1,2,1,1.0,3.0,64445,M,4329810.0,-36486.0,64
201000039584,10,1,22,2005,5,2,1,1.0,6.0,64445,M,4331990.0,-37885.0,64
201000039585,10,1,25,1705,1,2,1,1.0,3.0,64445,M,4330750.0,-37652.0,64
201000039586,10,1,26,915,1,2,1,1.0,1.0,64445,M,4333000.0,-35531.0,64
201000039587,10,1,27,1840,5,2,3,1.0,3.0,64445,M,4329440.0,-37719.0,64
201000039588,10,1,28,805,1,2,2,1.0,6.0,64445,M,4332110.0,-35711.0,64
201000039589,10,1,28,1400,1,2,2,1.0,6.0,64445,M,4330270.0,-37454.0,64
201000039590,10,1,28,1710,1,2,1,1.0,6.0,64445,M,4330890.0,-37640.0,64
201000039591,10,1,29,740,5,2,3,2.0,3.0,64445,M,4332660.0,-34172.0,64
201000039592,10,1,29,1735,2,2,1,3.0,6.0,64445,M,4330480.0,-37611.0,64
201000039593,10,1,29,1855,5,2,1,3.0,3.0,64445,M,4329250.0,-37814.0,64
201000039594,10,1,29,1935,5,2,1,3.0,3.0,64445,M,4332140.0,-37058.0,64
201000039595,10,1,29,1925,4,2,1,3.0,6.0,64132,M,4328460.0,-34628.0,64
201000039596,10,1,30,2100,5,2,1,3.0,3.0,64445,M,4331990.0,-35037.0,64
201000039597,10,2,1,1640,1,2,1,1.0,6.0,64445,M,4331890.0,-36226.0,64
201000039598,10,2,1,1635,1,2,3,1.0,3.0,64445,M,4330490.0,-35234.0,64
201000039599,10,2,2,1410,1,2,1,1.0,6.0,64445,M,4329420.0,-36291.0,64
201000039600,10,2,7,1100,1,2,2,1.0,3.0,64445,M,4329020.0,-37927.0,64
201000039601,10,2,3,1820,5,2,3,1.0,5.0,64445,M,4333230.0,-33439.0,64
201000039602,10,2,8,1410,1,2,1,1.0,6.0,64445,M,4329940.0,-37261.0,64
201000039603,10,2,12,1117,1,1,1,1.0,6.0,64445,M,4331090.0,-34964.0,64
201000039604,10,2,12,2130,5,2,6,1.0,3.0,64284,M,4329010.0,-38400.0,64
201000039605,10,2,13,1715,1,2,6,1.0,3.0,64335,M,4333620.0,-43457.0,64
201000039606,10,2,15,710,2,2,1,1.0,6.0,64373,M,4327880.0,-35469.0,64
201000039607,10,2,15,1740,1,2,1,1.0,6.0,64284,M,4329180.0,-39066.0,64
201000039608,10,2,16,1925,3,1,1,1.0,1.0,64132,M,4328750.0,-33293.0,64
201000039609,10,2,18,955,1,2,1,1.0,6.0,64445,M,4329540.0,-37388.0,64
201000039610,10,2,19,1125,1,2,1,2.0,6.0,64445,M,4330630.0,-37638.0,64
201000039611,10,2,19,1405,1,1,6,1.0,2.0,64373,M,4327850.0,-36009.0,64
201000039612,10,2,19,1725,1,2,6,1.0,3.0,64445,M,4331580.0,-34464.0,64
201000039613,10,2,25,538,5,2,1,1.0,2.0,64129,M,4330480.0,-38007.0,64
201000039614,10,2,25,1315,1,2,1,1.0,3.0,64445,M,4330330.0,-35227.0,64
201000039615,10,2,25,2030,3,2,1,1.0,6.0,64445,M,4329700.0,-37806.0,64
201000039616,10,3,2,950,1,2,6,1.0,6.0,64445,M,4331850.0,-36032.0,64
201000039617,10,3,2,1245,1,2,6,1.0,6.0,64348,M,4332070.0,-39175.0,64
201000039618,10,3,2,1100,1,2,6,1.0,6.0,64335,M,4332730.0,-43915.0,64
201000039619,10,3,2,1215,1,2,1,1.0,2.0,64445,M,,,64
201000039620,10,3,4,2340,5,2,6,1.0,3.0,64445,M,4331790.0,-37843.0,64
201000039621,10,3,7,2040,5,2,1,1.0,6.0,64445,M,4331540.0,-34869.0,64
201000039622,10,3,8,1020,1,2,3,1.0,2.0,64445,M,4330270.0,-37454.0,64
201000039623,10,3,9,1540,1,2,2,1.0,3.0,64445,M,4331900.0,-36405.0,64
201000039624,10,3,11,730,1,2,1,1.0,3.0,64445,M,4330140.0,-37343.0,64
201000039625,10,3,13,1315,1,2,1,1.0,3.0,64445,M,4330450.0,-32619.0,64
201000039626,10,3,13,1525,1,2,1,1.0,3.0,64445,M,4331980.0,-37882.0,64
201000039627,10,3,13,1810,1,2,1,1.0,3.0,64445,M,4330870.0,-36411.0,64
201000039628,10,3,15,1050,1,2,1,1.0,5.0,64269,M,4329870.0,-30517.0,64
201000039629,10,3,15,1335,1,2,1,1.0,3.0,64348,M,4331310.0,-41634.0,64
201000039630,10,3,16,1015,1,2,1,1.0,3.0,64445,M,4331130.0,-35642.0,64
201000039631,10,3,16,2215,5,2,1,1.0,3.0,64445,M,4329100.0,-38177.0,64
201000039632,10,3,20,2003,5,2,1,1.0,6.0,64445,M,4330180.0,-35849.0,64
201000039633,10,3,23,800,1,2,1,1.0,3.0,64445,M,4331650.0,-37484.0,64
201000039634,10,3,24,805,1,2,1,1.0,3.0,64445,M,4332510.0,-36898.0,64
201000039635,10,3,24,1240,1,2,6,1.0,2.0,64445,M,4332100.0,-35897.0,64
201000039636,10,3,25,1740,1,2,1,1.0,6.0,64445,M,4332000.0,-34822.0,64
201000039637,10,3,27,1150,1,2,1,2.0,6.0,64445,M,4330640.0,-37640.0,64
201000039638,10,3,29,820,1,2,1,1.0,2.0,64132,M,,,64
201000039639,10,4,5,1410,1,2,1,1.0,6.0,64445,M,4331110.0,-37717.0,64
201000039640,10,4,3,1540,1,2,1,1.0,4.0,64335,M,4332810.0,-44413.0,64
201000039641,10,4,9,1630,1,2,1,1.0,3.0,64132,M,4329190.0,-34960.0,64
201000039642,10,4,10,1830,1,2,1,1.0,2.0,64445,M,4332450.0,-37911.0,64
201000039643,10,4,10,1920,1,2,1,1.0,6.0,64129,M,4330300.0,-39795.0,64
201000039644,10,4,8,1520,1,2,3,1.0,3.0,64373,M,4327580.0,-35036.0,64
201000039645,10,4,14,1030,1,2,1,1.0,6.0,64445,M,4330010.0,-36871.0,64
201000039646,10,4,17,1210,1,2,1,1.0,6.0,64237,M,4326930.0,-36849.0,64
201000039647,10,4,18,1840,1,2,1,1.0,6.0,64445,M,4330760.0,-35888.0,64
201000039648,10,4,18,1850,1,2,1,1.0,6.0,64445,M,4330660.0,-37642.0,64
201000039649,10,4,19,905,1,2,1,1.0,2.0,64445,M,4333580.0,-36392.0,64
201000039650,10,4,19,1355,1,2,1,1.0,3.0,64348,M,4332350.0,-39803.0,64
201000039651,10,4,20,1700,1,2,1,1.0,6.0,64348,M,4331650.0,-40808.0,64
201000039652,10,4,23,1115,1,2,1,2.0,6.0,64132,M,4328930.0,-35487.0,64
201000039653,10,4,23,1105,1,2,1,2.0,6.0,64445,M,4329360.0,-36077.0,64
201000039654,10,4,24,2205,5,2,6,1.0,6.0,64445,M,4330620.0,-33342.0,64
201000039655,10,4,27,1047,1,2,1,1.0,2.0,64373,M,4328180.0,-36112.0,64
201000039656,10,4,27,1107,1,2,1,1.0,4.0,64335,M,4333550.0,-45764.0,64
201000039657,10,4,27,2325,5,2,1,1.0,6.0,64335,M,4333460.0,-45591.0,64
201000039658,10,4,28,1035,1,2,1,1.0,6.0,64445,M,4332220.0,-34483.0,64
201000039659,10,4,29,1745,1,2,1,1.0,2.0,64269,M,4329810.0,-30298.0,64
201000039660,10,5,1,1930,1,2,6,1.0,3.0,64335,M,4333540.0,-43128.0,64
201000039661,10,5,3,1410,1,2,1,2.0,3.0,64445,M,4329510.0,-35720.0,64
201000039662,10,5,5,1525,1,2,3,2.0,7.0,64445,M,4330780.0,-36977.0,64
201000039663,10,5,5,945,1,2,1,2.0,3.0,64445,M,4331350.0,-37124.0,64
201000039664,10,5,7,1845,1,2,1,1.0,2.0,64335,M,4332210.0,-43488.0,64
201000039665,10,5,8,1325,1,2,1,1.0,4.0,64445,M,4331600.0,-37811.0,64
201000039666,10,5,9,2200,5,2,1,3.0,6.0,64445,M,4329260.0,-36289.0,64
201000039667,10,5,10,1035,1,2,1,1.0,6.0,64445,M,4330130.0,-35875.0,64
201000039668,10,5,10,1740,1,2,1,1.0,3.0,64445,M,4330210.0,-35503.0,64
201000039669,10,5,11,1125,1,2,1,1.0,2.0,64445,M,4330390.0,-34582.0,64
201000039670,10,5,11,1230,1,2,1,1.0,6.0,64445,M,4332000.0,-37886.0,64
201000039671,10,5,15,1820,1,1,1,3.0,3.0,64335,M,4331900.0,-43254.0,64
201000039672,10,5,20,845,1,2,9,1.0,2.0,64335,M,4333540.0,-45768.0,64
201000039673,10,5,21,745,1,2,6,1.0,6.0,64445,M,4333820.0,-37975.0,64
201000039674,10,5,21,855,1,2,1,1.0,6.0,64445,M,4331110.0,-35315.0,64
201000039675,10,5,21,1745,1,2,1,1.0,6.0,64445,M,4330750.0,-37652.0,64
201000039676,10,5,21,1255,1,2,3,1.0,3.0,64445,M,4330820.0,-36051.0,64
201000039677,10,5,22,1045,1,2,1,1.0,4.0,64284,M,4328630.0,-39980.0,64
201000039678,10,5,22,1420,1,2,3,1.0,2.0,64445,M,4329930.0,-37130.0,64
201000039679,10,5,22,1650,1,2,1,1.0,6.0,64129,M,4330050.0,-39798.0,64
201000039680,10,5,24,1620,1,2,1,1.0,2.0,64335,M,4332470.0,-43775.0,64
201000039681,10,5,24,1905,1,1,9,1.0,3.0,64335,M,4331780.0,-42633.0,64
201000039682,10,5,25,820,1,2,9,1.0,3.0,64445,M,4331030.0,-33969.0,64
201000039683,10,5,25,1515,1,2,1,1.0,2.0,64445,M,4331040.0,-36344.0,64
201000039684,10,5,25,1650,1,2,2,1.0,3.0,64348,M,4332780.0,-39397.0,64
201000039685,10,5,27,930,1,2,1,1.0,2.0,64445,M,4329650.0,-38447.0,64
201000039686,10,5,28,1010,1,2,2,1.0,3.0,64129,M,4330290.0,-39563.0,64
201000039687,10,5,29,940,1,1,1,1.0,2.0,64132,M,4328510.0,-32181.0,64
201000039688,10,5,29,1025,1,2,1,1.0,6.0,64445,M,4331050.0,-36913.0,64
201000039689,10,5,31,825,1,2,1,1.0,3.0,64445,M,,,64
201000039690,10,6,2,840,1,2,1,1.0,3.0,64445,M,4332700.0,-33338.0,64
201000039691,10,6,2,1355,1,2,1,1.0,6.0,64445,M,4331150.0,-36383.0,64
201000039692,10,6,3,810,1,2,1,1.0,2.0,64129,M,4331960.0,-42397.0,64
201000039693,10,6,2,1645,1,2,1,1.0,6.0,64445,M,4329720.0,-37544.0,64
201000039694,10,6,3,820,1,2,1,1.0,6.0,64445,M,4329800.0,-36742.0,64
201000039695,10,6,4,1550,1,2,1,1.0,6.0,64269,M,4329970.0,-30900.0,64
201000039696,10,6,4,2035,1,2,3,1.0,3.0,64348,M,4332460.0,-37960.0,64
201000039697,10,6,5,700,1,2,1,1.0,6.0,64041,M,4327640.0,-32418.0,64
201000039698,10,6,7,735,1,2,1,1.0,2.0,64129,M,4330580.0,-40301.0,64
201000039699,10,6,9,750,1,1,1,1.0,6.0,64445,M,4332440.0,-35574.0,64
201000039700,10,6,9,1725,1,2,1,1.0,6.0,64445,M,4329620.0,-37285.0,64
201000039701,10,6,10,1945,1,2,1,1.0,4.0,64348,M,4332490.0,-38167.0,64
201000039702,10,6,11,1655,1,2,1,1.0,4.0,64445,M,4331410.0,-31768.0,64
201000039703,10,6,12,1305,1,2,1,1.0,3.0,64445,M,4330500.0,-32801.0,64
201000039704,10,6,16,845,1,1,1,1.0,6.0,64335,M,4334460.0,-44264.0,64
201000039705,10,6,17,1050,1,2,9,1.0,3.0,64335,M,4331690.0,-42340.0,64
201000039706,10,6,19,605,2,2,1,2.0,3.0,64445,M,4329040.0,-37913.0,64
201000039707,10,6,19,1013,1,1,1,2.0,1.0,64445,M,4332930.0,-34530.0,64
201000039708,10,6,21,1250,1,2,1,1.0,3.0,64445,M,4330190.0,-37158.0,64
201000039709,10,6,21,1705,1,2,1,1.0,2.0,64445,M,4330470.0,-36747.0,64
201000039710,10,6,21,1840,1,2,1,1.0,5.0,64445,M,4328990.0,-37936.0,64
201000039711,10,6,21,2010,1,2,3,1.0,3.0,64445,M,4330910.0,-37682.0,64
201000039712,10,6,22,1920,1,2,1,1.0,2.0,64445,M,4330640.0,-33285.0,64
201000039713,10,6,22,1930,1,2,1,1.0,6.0,64129,M,4331560.0,-37802.0,64
201000039714,10,6,22,2115,1,1,1,1.0,3.0,64348,M,4331130.0,-42561.0,64
201000039715,10,6,25,1610,1,2,3,1.0,3.0,64348,M,4332180.0,-39546.0,64
201000039716,10,6,25,1050,1,2,1,1.0,3.0,64445,M,4330200.0,-35513.0,64
201000039717,10,6,26,1330,1,2,3,1.0,3.0,64445,M,4331760.0,-37392.0,64
201000039718,10,6,26,2320,5,2,3,1.0,3.0,64445,M,4332460.0,-37960.0,64
201000039719,10,6,27,435,5,2,1,1.0,6.0,64373,M,4327580.0,-35048.0,64
201000039720,10,6,30,1520,1,2,1,1.0,2.0,64445,M,4331420.0,-37776.0,64
201000039721,10,7,1,1710,1,2,6,1.0,6.0,64445,M,4331100.0,-36290.0,64
201000039722,10,7,2,1615,1,2,1,1.0,5.0,64335,M,4332780.0,-44357.0,64
201000039723,10,7,2,1746,1,2,2,1.0,3.0,64445,M,4330080.0,-36180.0,64
201000039724,10,7,6,755,1,2,1,1.0,3.0,64445,M,4331840.0,-34540.0,64
201000039725,10,7,6,910,1,2,9,1.0,2.0,64129,M,,,64
201000039726,10,7,6,1730,1,2,1,1.0,4.0,64445,M,4332910.0,-35252.0,64
201000039727,10,7,7,1000,1,2,1,1.0,6.0,64445,M,4330380.0,-35564.0,64
201000039728,10,7,8,1825,1,1,1,1.0,4.0,64445,M,4332300.0,-35830.0,64
201000039729,10,7,10,1945,1,1,1,1.0,2.0,64269,M,4330000.0,-30973.0,64
201000039730,10,7,11,1645,1,2,1,1.0,2.0,64445,M,4329150.0,-37857.0,64
201000039731,10,7,13,1340,1,2,3,1.0,2.0,64445,M,4331130.0,-32341.0,64
201000039732,10,7,14,1950,1,2,6,1.0,3.0,64445,M,4330800.0,-33843.0,64
201000039733,10,7,16,805,1,2,1,7.0,6.0,64445,M,4329570.0,-37401.0,64
201000039734,10,7,16,2110,1,2,1,1.0,4.0,64445,M,4330150.0,-35766.0,64
201000039735,10,7,17,1025,1,2,3,1.0,3.0,64269,M,4329810.0,-30294.0,64
201000039736,10,7,19,1030,1,2,1,1.0,2.0,64445,M,4330380.0,-35613.0,64
201000039737,10,7,20,900,1,2,1,1.0,3.0,64348,M,,,64
201000039738,10,7,22,1550,1,2,1,2.0,3.0,64335,M,4331900.0,-43093.0,64
201000039739,10,7,26,1420,1,2,1,1.0,3.0,64445,M,4331920.0,-36594.0,64
201000039740,10,7,28,1815,1,1,1,1.0,3.0,64335,M,4334340.0,-41491.0,64
201000039741,10,7,30,840,1,2,1,1.0,3.0,64445,M,,,64
201000039742,10,8,1,718,1,1,1,1.0,6.0,64269,M,4329620.0,-29625.0,64
201000039743,10,8,1,1610,1,2,1,1.0,2.0,64284,M,4325980.0,-39080.0,64
201000039744,10,8,4,925,1,2,3,1.0,3.0,64445,M,4330430.0,-36767.0,64
201000039745,10,8,4,1930,1,2,3,1.0,3.0,64445,M,4331750.0,-37717.0,64
201000039746,10,8,5,1530,1,2,1,1.0,6.0,64445,M,4330670.0,-37637.0,64
201000039747,10,8,6,1400,1,2,1,1.0,1.0,64284,M,4325930.0,-39078.0,64
201000039748,10,8,9,1845,1,2,1,1.0,6.0,64335,M,4331850.0,-43178.0,64
201000039749,10,8,10,2000,1,2,1,1.0,6.0,64445,M,4330370.0,-37087.0,64
201000039750,10,8,11,1735,1,2,1,1.0,6.0,64237,M,4328790.0,-37580.0,64
201000039751,10,8,11,1820,1,2,1,1.0,2.0,64445,M,4330270.0,-35207.0,64
201000039752,10,8,16,1645,1,2,1,1.0,6.0,64445,M,4331670.0,-37823.0,64
201000039753,10,8,16,2015,1,2,3,1.0,3.0,64445,M,4331640.0,-33958.0,64
201000039754,10,8,17,721,2,2,3,1.0,6.0,64445,M,4329460.0,-37718.0,64
201000039755,10,8,20,710,1,2,1,5.0,1.0,64335,M,4334120.0,-46822.0,64
201000039756,10,8,20,1100,1,2,6,1.0,3.0,64269,M,4330160.0,-30760.0,64
201000039757,10,8,20,1145,1,2,6,1.0,3.0,64445,M,4330810.0,-33938.0,64
201000039758,10,8,20,1730,1,2,3,1.0,3.0,64445,M,4331150.0,-36580.0,64
201000039759,10,8,27,2125,1,2,1,1.0,2.0,64445,M,,,64
201000039760,10,8,28,745,1,2,1,1.0,6.0,64445,M,4329670.0,-38001.0,64
201000039761,10,8,28,1650,1,2,1,1.0,6.0,64445,M,4332400.0,-37541.0,64
201000039762,10,9,2,1845,1,1,9,1.0,3.0,64269,M,4329870.0,-30540.0,64
201000039763,10,8,31,1940,1,2,1,1.0,6.0,64445,M,4330410.0,-36656.0,64
201000039764,10,9,4,805,1,2,1,1.0,6.0,64445,M,4329240.0,-37011.0,64
201000039765,10,9,4,1230,1,2,1,1.0,6.0,64445,M,4329920.0,-36835.0,64
201000039766,10,9,4,1725,1,2,1,1.0,3.0,64132,M,4330430.0,-31784.0,64
201000039767,10,9,6,750,1,2,2,2.0,3.0,64445,M,4330440.0,-37992.0,64
201000039768,10,9,7,1113,1,2,1,2.0,4.0,64445,M,4330190.0,-35883.0,64
201000039769,10,9,7,1615,1,2,1,1.0,3.0,64129,M,4330400.0,-39978.0,64
201000039770,10,9,7,1625,1,2,1,1.0,3.0,64445,M,4330230.0,-35392.0,64
201000039771,10,9,8,1605,1,2,1,1.0,6.0,64129,M,4331560.0,-37804.0,64
201000039772,10,9,8,1745,1,2,1,1.0,2.0,64445,M,4330360.0,-34715.0,64
201000039773,10,9,9,1037,1,2,1,1.0,2.0,64445,M,4330480.0,-37026.0,64
201000039774,10,9,9,1748,1,2,1,2.0,2.0,64335,M,4333150.0,-41328.0,64
201000039775,10,9,11,1315,1,2,1,1.0,3.0,64348,M,4332240.0,-38586.0,64
201000039776,10,9,10,1430,1,2,3,1.0,3.0,64445,M,4330410.0,-36699.0,64
201000039777,10,9,10,1435,1,2,1,1.0,2.0,64445,M,4330180.0,-35647.0,64
201000039778,10,9,10,1500,1,2,3,1.0,3.0,64445,M,4330160.0,-35730.0,64
201000039779,10,9,10,1800,1,2,1,1.0,1.0,64335,M,4333610.0,-41957.0,64
201000039780,10,9,10,2020,2,2,1,1.0,6.0,64445,M,4330820.0,-34557.0,64
201000039781,10,9,11,1425,1,2,1,1.0,6.0,64348,M,4331890.0,-41911.0,64
201000039782,10,9,12,450,5,2,1,1.0,6.0,64445,M,4331340.0,-31909.0,64
201000039783,10,9,16,830,1,2,3,1.0,3.0,64445,M,4331900.0,-36408.0,64
201000039784,10,9,16,1835,2,2,3,1.0,3.0,64445,M,4330490.0,-35233.0,64
201000039785,10,9,17,1250,1,2,6,2.0,3.0,64445,M,4331880.0,-35985.0,64
201000039786,10,9,17,1435,1,2,3,2.0,3.0,64445,M,4332590.0,-37961.0,64
201000039787,10,9,18,1750,1,2,3,1.0,3.0,64445,M,4330280.0,-37353.0,64
201000039788,10,9,19,1900,1,2,1,1.0,6.0,64445,M,4330920.0,-36751.0,64
201000039789,10,9,20,1715,1,2,1,1.0,3.0,64445,M,4331930.0,-37873.0,64
201000039790,10,9,21,2300,5,2,3,1.0,3.0,64445,M,4330750.0,-38016.0,64
201000039791,10,9,22,1420,1,2,3,1.0,6.0,64445,M,4330130.0,-37334.0,64
201000039792,10,9,24,934,1,2,3,2.0,6.0,64445,M,4330350.0,-35704.0,64
201000039793,10,9,26,2000,2,2,1,1.0,6.0,64445,M,4330630.0,-35669.0,64
201000039794,10,9,27,930,1,2,3,1.0,3.0,64445,M,4329930.0,-37133.0,64
201000039795,10,9,28,700,2,2,1,1.0,2.0,64445,M,4329900.0,-35522.0,64
201000039796,10,9,28,1905,1,2,1,1.0,3.0,64373,M,4327740.0,-36236.0,64
201000039797,10,9,29,1120,1,2,1,1.0,1.0,64445,M,4331410.0,-37775.0,64
201000039798,10,9,29,1510,1,2,2,1.0,3.0,64445,M,4332460.0,-34405.0,64
201000039799,10,10,1,1820,1,2,1,1.0,3.0,64237,M,4327940.0,-37561.0,64
201000039800,10,10,1,1940,5,2,1,1.0,2.0,64445,M,4329550.0,-36740.0,64
201000039801,10,9,30,745,2,2,3,2.0,3.0,64445,M,4331040.0,-37709.0,64
201000039802,10,10,5,1210,1,2,2,1.0,3.0,64269,M,4330020.0,-29985.0,64
201000039803,10,10,6,1755,1,2,3,1.0,3.0,64348,M,4334470.0,-37991.0,64
201000039804,10,10,7,807,1,2,1,1.0,2.0,64445,M,4331340.0,-36934.0,64
201000039805,10,10,8,740,1,2,2,1.0,3.0,64445,M,4332480.0,-35748.0,64
201000039806,10,10,8,840,1,2,1,1.0,3.0,64445,M,,,64
201000039807,10,10,8,1610,1,2,1,1.0,6.0,64445,M,4330790.0,-33965.0,64
201000039808,10,10,8,1730,1,2,1,1.0,1.0,64269,M,4328950.0,-31199.0,64
201000039809,10,10,9,1250,1,2,1,1.0,6.0,64445,M,4330500.0,-32787.0,64
201000039810,10,10,11,1215,1,2,3,1.0,3.0,64269,M,4329810.0,-30291.0,64
201000039811,10,10,11,1610,1,2,1,1.0,6.0,64445,M,4329680.0,-37155.0,64
201000039812,10,10,11,2045,5,2,3,1.0,3.0,64445,M,4332220.0,-36689.0,64
201000039813,10,10,12,1250,1,2,3,1.0,3.0,64129,M,4329940.0,-38604.0,64
201000039814,10,10,12,1900,1,2,1,1.0,6.0,64445,M,4330050.0,-37522.0,64
201000039815,10,10,13,1215,1,2,1,1.0,3.0,64445,M,4329030.0,-37914.0,64
201000039816,10,10,14,805,1,2,1,1.0,6.0,64445,M,4331370.0,-37214.0,64