Num_Acc,an,mois,jour,hrmn,lum,agg,int,atm,col,com,gps,lat,long,dep
201000039817,10,10,15,650,5,2,1,1.0,6.0,64445,M,4331100.0,-36286.0,64
201000039818,10,10,15,1110,1,2,1,1.0,2.0,64445,M,4329630.0,-37637.0,64
201000039819,10,10,18,1440,1,2,1,1.0,4.0,64445,M,4330070.0,-36959.0,64
201000039820,10,10,18,1610,1,1,1,1.0,2.0,64445,M,4333960.0,-37756.0,64
201000039821,10,10,19,2045,1,2,3,1.0,3.0,64445,M,4330340.0,-37966.0,64
201000039822,10,10,19,1805,1,2,3,1.0,3.0,64445,M,4330350.0,-35710.0,64
201000039823,10,10,20,1610,1,2,1,1.0,3.0,64129,M,4330780.0,-37853.0,64
201000039824,10,10,21,755,5,2,1,1.0,3.0,64348,M,4330740.0,-42536.0,64
201000039825,10,10,21,740,5,2,1,1.0,6.0,64445,M,4329620.0,-38331.0,64
201000039826,10,10,22,810,1,2,1,1.0,6.0,64445,M,4329880.0,-37053.0,64
201000039827,10,10,21,920,1,2,1,1.0,6.0,64445,M,4330500.0,-37848.0,64
201000039828,10,10,21,1140,1,2,1,1.0,6.0,64445,M,4332260.0,-34637.0,64
201000039829,10,10,21,2040,5,2,3,1.0,2.0,64445,M,4330700.0,-35331.0,64
201000039830,10,10,22,1815,1,2,1,1.0,6.0,64269,M,4328640.0,-34061.0,64
201000039831,10,10,22,1945,1,2,1,1.0,3.0,64129,M,4329980.0,-39202.0,64
201000039832,10,10,23,1250,1,2,1,1.0,3.0,64445,M,4332480.0,-37959.0,64
201000039833,10,10,23,1600,1,2,3,1.0,3.0,64445,M,4329020.0,-37914.0,64
201000039834,10,10,25,1735,1,2,1,1.0,5.0,64129,M,4331200.0,-38930.0,64
201000039835,10,10,27,1425,1,2,1,1.0,3.0,64335,M,4331720.0,-42968.0,64
201000039836,10,10,27,1710,1,1,1,1.0,2.0,64269,M,4330100.0,-31324.0,64
201000039837,10,10,27,1800,1,1,1,1.0,1.0,64445,M,4332890.0,-34677.0,64
201000039838,10,10,28,1510,1,2,1,1.0,3.0,64445,M,4329260.0,-36310.0,64
201000039839,10,10,29,1723,1,1,1,1.0,3.0,64335,M,4334130.0,-43377.0,64
201000039840,10,10,31,2350,5,2,1,2.0,3.0,64445,M,4330690.0,-36088.0,64
201000039841,10,11,1,2000,5,2,1,2.0,6.0,64445,M,4331040.0,-35987.0,64
201000039842,10,11,1,2050,5,2,3,1.0,3.0,64445,M,4330130.0,-36676.0,64
201000039843,10,11,2,1125,1,2,1,1.0,3.0,64237,M,4328090.0,-36287.0,64
201000039844,10,11,2,1725,2,2,1,1.0,3.0,64445,M,4334840.0,-37995.0,64
201000039845,10,11,3,735,2,2,1,2.0,3.0,64445,M,4330740.0,-35659.0,64
201000039846,10,11,3,1140,1,2,4,1.0,3.0,64445,M,4330540.0,-36462.0,64
201000039847,10,11,3,1620,1,2,1,1.0,2.0,64445,M,4329870.0,-37488.0,64
201000039848,10,11,3,1700,1,2,1,1.0,6.0,64348,M,4332160.0,-41854.0,64
201000039849,10,11,4,1715,1,1,1,1.0,2.0,64237,M,4322870.0,-36664.0,64
201000039850,10,11,5,1800,5,2,1,1.0,2.0,64335,M,4333130.0,-44975.0,64
201000039851,10,11,8,1905,5,2,3,3.0,3.0,64445,M,4331110.0,-35426.0,64
201000039852,10,11,8,915,1,2,1,2.0,3.0,64445,M,4329920.0,-37557.0,64
201000039853,10,11,8,1900,5,2,1,2.0,6.0,64129,M,4330660.0,-39641.0,64
201000039854,10,11,9,1340,1,2,3,1.0,3.0,64445,M,4330260.0,-35210.0,64
201000039855,10,11,10,940,1,2,1,3.0,6.0,64269,M,4329450.0,-32182.0,64
201000039856,10,11,10,1035,1,2,1,3.0,2.0,64445,M,4331920.0,-36008.0,64
201000039857,10,11,10,1545,1,2,1,2.0,6.0,64445,M,4330520.0,-36801.0,64
201000039858,10,11,12,1155,1,2,1,1.0,6.0,64269,M,4330600.0,-30825.0,64
201000039859,10,11,13,1010,1,2,6,1.0,6.0,64237,M,4327990.0,-38050.0,64
201000039860,10,11,15,1120,1,2,1,1.0,2.0,64445,M,4331210.0,-36875.0,64
201000039861,10,11,15,1200,1,2,1,1.0,3.0,64445,M,4331610.0,-36135.0,64
201000039862,10,11,15,1805,5,2,9,3.0,6.0,64445,M,4332100.0,-35917.0,64
201000039863,10,11,17,1345,1,2,1,2.0,6.0,64445,M,4330090.0,-35803.0,64
201000039864,10,11,17,1600,1,2,1,2.0,6.0,64445,M,4329980.0,-36931.0,64
201000039865,10,11,17,1850,5,2,1,3.0,3.0,64445,M,4331640.0,-33959.0,64
201000039866,10,11,18,1215,1,2,1,2.0,7.0,64335,M,4334120.0,-43370.0,64
201000039867,10,11,18,1705,2,2,1,2.0,2.0,64445,M,4330000.0,-37511.0,64
201000039868,10,11,18,2015,5,2,1,2.0,6.0,64445,M,4330360.0,-36498.0,64
201000039869,10,11,19,1400,1,2,1,1.0,6.0,64445,M,4331120.0,-36897.0,64
201000039870,10,11,20,1950,5,2,1,1.0,1.0,64445,M,4331090.0,-34940.0,64
201000039871,10,11,22,1450,1,2,3,1.0,6.0,64445,M,4329830.0,-37138.0,64
201000039872,10,11,22,1845,5,2,3,3.0,3.0,64445,M,4332870.0,-36759.0,64
201000039873,10,11,23,1800,5,2,1,2.0,2.0,64284,M,4327640.0,-38848.0,64
201000039874,10,11,24,1815,4,2,1,1.0,6.0,64445,M,4330820.0,-34558.0,64
201000039875,10,11,25,1720,1,2,3,1.0,3.0,64129,M,4330110.0,-39444.0,64
201000039876,10,11,25,1305,1,2,1,1.0,3.0,64445,M,4330850.0,-37386.0,64
201000039877,10,11,26,900,1,2,1,1.0,3.0,64445,M,4330870.0,-36406.0,64
201000039878,10,11,26,1050,1,2,1,2.0,3.0,64445,M,4330110.0,-36634.0,64
201000039879,10,11,27,1050,1,2,3,1.0,6.0,64445,M,4330700.0,-35333.0,64
201000039880,10,11,29,1235,1,2,1,1.0,6.0,64445,M,4330460.0,-36868.0,64
201000039881,10,11,29,1530,1,2,3,1.0,2.0,64129,M,4330750.0,-38020.0,64
201000039882,10,11,30,1800,5,2,1,1.0,3.0,64445,M,4330840.0,-37456.0,64
201000039883,10,12,2,1745,5,2,1,2.0,3.0,64348,M,4330910.0,-40914.0,64
201000039884,10,12,2,1215,1,2,1,1.0,3.0,64348,M,4330970.0,-41018.0,64
201000039885,10,12,3,1555,1,2,6,2.0,3.0,64335,M,4332620.0,-44050.0,64
201000039886,10,12,4,1820,5,2,1,1.0,1.0,64284,M,4326420.0,-39015.0,64
201000039887,10,12,3,2235,5,2,1,2.0,1.0,64445,M,,,64
201000039888,10,12,6,907,1,2,3,1.0,6.0,64445,M,4330120.0,-38362.0,64
201000039889,10,12,7,725,5,2,3,1.0,3.0,64445,M,4329300.0,-38663.0,64
201000039890,10,12,8,830,1,2,1,7.0,1.0,64445,M,,,64
201000039891,10,12,8,1310,1,2,1,6.0,3.0,64335,M,4331790.0,-42913.0,64
201000039892,10,12,8,1705,1,2,1,1.0,3.0,64445,M,4331000.0,-35851.0,64
201000039893,10,12,9,1955,5,1,1,1.0,2.0,64269,M,4329830.0,-30360.0,64
201000039894,10,12,10,1230,1,2,1,1.0,3.0,64445,M,4329460.0,-37718.0,64
201000039895,10,12,11,1525,1,2,1,1.0,3.0,64445,M,4332420.0,-34470.0,64
201000039896,10,12,13,1650,1,2,3,1.0,3.0,64445,M,4329630.0,-37495.0,64
201000039897,10,12,13,2050,5,2,1,1.0,3.0,64445,M,4329450.0,-37721.0,64
201000039898,10,12,15,1645,1,2,1,1.0,2.0,64445,M,4331280.0,-32564.0,64
201000039899,10,12,15,1840,5,2,1,1.0,1.0,64445,M,4330310.0,-37965.0,64
201000039900,10,12,16,755,1,1,1,1.0,6.0,64269,M,4330090.0,-30786.0,64
201000039901,10,12,16,1425,1,2,1,1.0,6.0,64445,M,4329830.0,-36448.0,64
201000039902,10,12,16,1445,1,1,1,1.0,6.0,64335,M,4331180.0,-42600.0,64
201000039903,10,12,17,1825,5,2,6,4.0,3.0,64445,M,4332120.0,-35859.0,64
201000039904,10,12,19,625,5,2,2,1.0,6.0,64445,M,4329830.0,-36256.0,64
201000039905,10,12,21,1340,1,2,2,1.0,3.0,64335,M,4332050.0,-43303.0,64
201000039906,10,12,3,1245,1,2,1,1.0,6.0,64129,M,4330190.0,-40477.0,64
201000039907,10,12,21,1006,1,2,3,2.0,3.0,64129,M,4329960.0,-40472.0,64
201000039908,10,12,23,815,5,2,1,2.0,3.0,64129,M,4329940.0,-39119.0,64
201000039909,10,12,26,1845,5,2,1,1.0,3.0,64129,M,4330610.0,-39041.0,64
201000039910,10,12,25,1945,5,2,1,1.0,3.0,64129,M,4329920.0,-38612.0,64
201000039911,10,12,28,1535,1,2,1,1.0,6.0,64445,M,4329990.0,-36989.0,64
201000039912,10,12,29,1600,1,2,1,1.0,1.0,64445,M,4331010.0,-36888.0,64
201000039913,10,12,29,1800,5,2,1,1.0,3.0,64445,M,4332270.0,-34850.0,64
201000039914,10,12,30,1548,1,2,1,1.0,2.0,64445,M,4331610.0,-36149.0,64
201000039915,10,12,30,1809,5,2,1,1.0,1.0,64445,M,4330190.0,-36918.0,64
201000039916,10,12,31,1955,5,2,3,1.0,6.0,64445,M,4330350.0,-35706.0,64
201000039917,10,1,24,5,3,1,1,1.0,7.0,64545,M,4335230.0,-173815.0,64
201000039918,10,1,6,1840,5,2,1,1.0,1.0,64189,M,4337880.0,-167040.0,64
201000039919,10,1,10,1435,1,1,1,4.0,3.0,64545,M,4334880.0,-168876.0,64
201000039920,10,2,16,1730,1,2,1,2.0,1.0,64260,M,4336250.0,-176185.0,64
201000039921,10,1,30,2025,5,2,1,1.0,1.0,64483,M,4338570.0,-165481.0,64
201000039922,10,2,23,1420,1,1,3,1.0,3.0,64260,M,4335930.0,-177490.0,64
201000039923,10,3,8,1210,1,2,1,1.0,3.0,64260,M,4335190.0,-177399.0,64
201000039924,10,2,2,1600,1,2,1,1.0,3.0,64483,M,4339290.0,-165235.0,64
201000039925,10,3,15,1240,1,2,3,1.0,3.0,64260,M,4335060.0,-177237.0,64
201000039926,10,3,21,1110,1,1,1,2.0,6.0,64260,M,4337720.0,-173917.0,64
201000039927,10,2,5,1500,1,2,1,1.0,3.0,64483,M,4339660.0,-164584.0,64
201000039928,10,2,11,700,2,2,1,4.0,7.0,64483,M,4338620.0,-166204.0,64
201000039929,10,4,22,1415,1,1,1,1.0,1.0,64260,M,4339130.0,-168629.0,64
201000039930,10,2,11,955,1,2,1,4.0,3.0,64483,M,,,64
201000039931,10,4,25,1340,1,2,1,1.0,6.0,64260,M,4337160.0,-176145.0,64
201000039932,10,5,4,2015,2,1,3,3.0,3.0,64545,M,4335230.0,-173809.0,64
201000039933,10,2,20,1130,1,2,1,8.0,7.0,64483,M,4338640.0,-165133.0,64
201000039934,10,5,6,1350,1,2,1,1.0,6.0,64545,M,4335600.0,-169700.0,64
201000039935,10,2,21,1715,1,1,1,1.0,7.0,64545,M,4332970.0,-168304.0,64
201000039936,10,5,12,1555,1,2,1,1.0,2.0,64260,M,4335510.0,-176821.0,64
201000039937,10,4,29,1145,1,2,1,1.0,3.0,64260,M,,,64
201000039938,10,2,21,1805,1,2,1,8.0,6.0,64189,M,4337990.0,-166097.0,64
201000039939,10,2,24,500,5,2,1,1.0,6.0,64189,M,4338650.0,-168438.0,64
201000039940,10,5,23,1610,1,2,1,1.0,3.0,64260,M,4336400.0,-177065.0,64
201000039941,10,5,31,750,1,2,1,2.0,2.0,64260,M,,,64
201000039942,10,3,6,1050,1,2,1,1.0,3.0,64483,M,4338790.0,-166053.0,64
201000039943,10,3,6,2020,3,1,1,1.0,7.0,64545,M,4336800.0,-168631.0,64
201000039944,10,6,4,1700,1,2,1,1.0,5.0,64260,M,4335410.0,-177959.0,64
201000039945,10,3,10,1445,1,2,3,4.0,3.0,64483,M,4339860.0,-164215.0,64
201000039946,10,6,27,850,1,2,1,1.0,3.0,64260,M,4337230.0,-178083.0,64
201000039947,10,3,11,1915,5,2,1,1.0,6.0,64545,M,4336760.0,-170868.0,64
201000039948,10,7,10,1610,1,2,1,1.0,7.0,64260,M,4336380.0,-176143.0,64
201000039949,10,3,15,1555,1,2,6,1.0,2.0,64483,M,4338920.0,-165372.0,64
201000039950,10,7,16,1315,1,1,1,1.0,2.0,64260,M,4337750.0,-173759.0,64
201000039951,10,7,17,1215,1,1,1,2.0,2.0,64545,M,4334990.0,-174112.0,64
201000039952,10,7,4,2100,5,2,6,1.0,3.0,64545,M,4334550.0,-176251.0,64
201000039953,10,3,24,1930,2,2,1,3.0,6.0,64483,M,,,64
201000039954,10,7,31,2055,1,2,1,1.0,6.0,64260,M,4334910.0,-176991.0,64
201000039955,10,3,31,1145,1,1,1,2.0,5.0,64189,M,,,64
201000039956,10,8,18,1840,1,1,1,1.0,1.0,64130,M,4334230.0,-174491.0,64
201000039957,10,4,5,1910,1,2,1,1.0,3.0,64483,M,4338620.0,-166204.0,64
201000039958,10,8,20,1855,1,1,1,1.0,2.0,64260,M,4337740.0,-173882.0,64
201000039959,10,8,28,1425,1,2,3,1.0,3.0,64260,M,,,64
201000039960,10,4,17,1000,1,2,1,1.0,6.0,64189,M,4338780.0,-167037.0,64
201000039961,10,4,22,1415,1,1,1,3.0,1.0,64189,M,4339170.0,-168632.0,64
201000039962,10,9,7,900,1,2,1,2.0,1.0,64260,M,4334960.0,-176961.0,64
201000039963,10,9,13,1655,1,2,1,1.0,2.0,64260,M,4336550.0,-176995.0,64
201000039964,10,4,24,1534,1,2,1,1.0,2.0,64483,M,4338450.0,-165298.0,64
201000039965,10,1,4,2000,5,1,1,2.0,3.0,64545,M,4337230.0,-168110.0,64
201000039966,10,4,29,1145,1,2,1,2.0,3.0,64189,M,,,64
201000039967,10,5,3,815,1,2,1,1.0,4.0,64483,M,4338620.0,-166083.0,64
201000039968,10,5,4,950,1,2,1,8.0,6.0,64483,M,4338640.0,-166249.0,64
201000039969,10,10,2,1605,1,1,1,1.0,6.0,64545,M,4334270.0,-175468.0,64
201000039970,10,5,7,1410,1,1,1,1.0,7.0,64545,M,4333390.0,-168758.0,64
201000039971,10,5,10,1730,1,2,1,1.0,2.0,64483,M,4338820.0,-165533.0,64
201000039972,10,10,30,1755,1,1,1,1.0,1.0,64260,M,4337750.0,-173759.0,64
201000039973,10,11,8,1645,1,2,1,6.0,1.0,64260,M,4337420.0,-175638.0,64
201000039974,10,5,11,1035,1,2,1,2.0,2.0,64483,M,4339620.0,-164657.0,64
201000039975,10,11,13,2020,5,2,1,1.0,3.0,64260,M,4335140.0,-178345.0,64
201000039976,10,12,9,2015,3,1,1,1.0,7.0,64545,M,4336500.0,-174571.0,64
201000039977,10,5,26,1905,1,2,1,1.0,7.0,64483,M,4339270.0,-162736.0,64
201000039978,10,5,31,1845,1,2,1,1.0,3.0,64483,M,,,64
201000039979,10,6,3,1210,1,2,1,1.0,3.0,64483,M,4339400.0,-165032.0,64
201000039980,10,6,4,1305,1,2,1,1.0,1.0,64483,M,4339940.0,-164067.0,64
201000039981,10,6,4,1335,1,2,1,1.0,3.0,64189,M,4338800.0,-167079.0,64
201000039982,10,6,16,1120,1,2,1,2.0,3.0,64483,M,,,64
201000039983,10,6,17,1500,1,2,1,2.0,2.0,64483,M,4339940.0,-164067.0,64
201000039984,10,6,20,1740,1,2,1,1.0,3.0,64483,M,4339730.0,-164340.0,64
201000039985,10,6,29,1000,1,2,1,1.0,6.0,64483,M,4338750.0,-165837.0,64
201000039986,10,7,17,1030,1,2,1,3.0,4.0,64483,M,4339660.0,-165755.0,64
201000039987,10,7,17,1150,1,1,1,1.0,4.0,64483,M,4337430.0,-167919.0,64
201000039988,10,7,18,140,3,2,1,1.0,6.0,64483,M,4338200.0,-164252.0,64
201000039989,10,7,24,1230,1,2,1,1.0,1.0,64483,M,4338620.0,-165558.0,64
201000039990,10,8,2,830,1,2,1,1.0,3.0,64483,M,4338680.0,-166310.0,64
201000039991,10,8,3,1645,1,1,1,1.0,4.0,64545,M,,,64
201000039992,10,8,3,1900,1,2,1,1.0,4.0,64483,M,4339580.0,-164730.0,64
201000039993,10,8,4,1115,1,1,1,3.0,4.0,64545,M,4336200.0,-169555.0,64
201000039994,10,8,4,1305,1,2,1,2.0,2.0,64249,M,4342540.0,-160426.0,64
201000039995,10,8,6,1840,1,2,1,1.0,2.0,64483,M,4339370.0,-165983.0,64
201000039996,10,8,12,340,5,2,1,1.0,2.0,64483,M,4339190.0,-165442.0,64
201000039997,10,8,14,1520,1,1,1,1.0,7.0,64483,M,4338950.0,-163916.0,64
201000039998,10,8,14,1540,1,2,1,1.0,2.0,64249,M,4342030.0,-160722.0,64
201000039999,10,8,16,1925,1,1,1,1.0,3.0,64189,M,4338190.0,-166784.0,64
201000040000,10,8,17,1915,1,2,1,1.0,6.0,64483,M,4339370.0,-164520.0,64
201000040001,10,8,18,1720,1,2,1,1.0,1.0,64189,M,4337900.0,-164973.0,64
201000040002,10,8,26,1225,1,2,1,1.0,4.0,64483,M,,,64
201000040003,10,8,27,1540,1,2,1,1.0,3.0,64189,M,4338950.0,-168271.0,64
201000040004,10,8,29,1105,1,2,1,1.0,3.0,64483,M,4340360.0,-163327.0,64
201000040005,10,8,28,2225,1,1,1,1.0,6.0,64545,M,4332860.0,-168135.0,64
201000040006,10,8,30,1740,1,2,1,1.0,2.0,64249,M,4342050.0,-160697.0,64
201000040007,10,9,1,1715,1,2,6,1.0,3.0,64483,M,4338680.0,-166322.0,64
201000040008,10,9,7,820,1,2,1,1.0,3.0,64483,M,4339800.0,-163941.0,64
201000040009,10,9,9,1420,1,2,1,1.0,6.0,64483,M,4338780.0,-166076.0,64
201000040010,10,9,11,1200,1,2,1,1.0,3.0,64249,M,4342070.0,-160675.0,64
201000040011,10,9,11,1850,1,2,1,1.0,3.0,64545,M,4334930.0,-168880.0,64
201000040012,10,9,17,1145,1,2,1,8.0,3.0,64483,M,4339620.0,-166024.0,64
201000040013,10,9,20,1820,1,2,1,1.0,2.0,64249,M,4341370.0,-161432.0,64
201000040014,10,9,22,925,1,2,1,8.0,6.0,64249,M,4342420.0,-160485.0,64
201000040015,10,9,28,1145,1,2,1,1.0,2.0,64249,M,4342540.0,-160426.0,64
201000040016,10,9,29,2140,5,2,1,1.0,6.0,64483,M,4339150.0,-165942.0,64
201000040017,10,10,17,1720,1,2,1,2.0,6.0,64483,M,4338710.0,-166062.0,64
201000040018,10,10,17,1750,1,1,1,1.0,7.0,64545,M,4331650.0,-168506.0,64
201000040019,10,10,18,1100,1,2,1,1.0,3.0,64483,M,4339200.0,-164308.0,64
201000040020,10,10,21,810,1,2,1,1.0,3.0,64483,M,4339160.0,-164682.0,64
201000040021,10,10,22,730,2,2,1,1.0,3.0,64483,M,4338780.0,-166064.0,64
201000040022,10,11,9,1255,1,2,1,3.0,1.0,64189,M,4338400.0,-166730.0,64
201000040023,10,11,14,810,3,1,1,3.0,7.0,64545,M,4331220.0,-168464.0,64
201000040024,10,11,19,1935,5,2,1,8.0,4.0,64249,M,4342100.0,-160601.0,64
201000040025,10,11,27,1510,1,2,1,3.0,3.0,64483,M,4338570.0,-166254.0,64
201000040026,10,11,27,1910,5,2,1,3.0,6.0,64483,M,4339150.0,-165557.0,64
201000040027,10,12,3,1850,5,2,1,3.0,6.0,64483,M,4338900.0,-164671.0,64
201000040028,10,12,4,2225,5,2,1,6.0,7.0,64189,M,4338750.0,-166990.0,64
201000040029,10,12,7,1020,1,2,1,1.0,2.0,64483,M,4338360.0,-165202.0,64
201000040030,10,12,16,1220,1,2,1,1.0,3.0,64483,M,4339170.0,-165487.0,64
201000040031,10,12,20,845,1,2,1,1.0,2.0,64545,M,4336020.0,-170001.0,64
201000040032,10,12,20,1155,1,2,1,1.0,3.0,64483,M,4338290.0,-164652.0,64
201000040033,10,12,29,1205,1,2,1,1.0,6.0,64483,M,4338830.0,-165870.0,64
201000040034,10,12,31,1820,5,2,1,1.0,3.0,64483,M,4338590.0,-165863.0,64
201000040035,10,12,16,1815,5,2,1,8.0,6.0,64483,M,4339520.0,-165916.0,64
201000040036,10,1,26,2120,3,1,1,1.0,6.0,64483,M,4341030.0,-162180.0,64
201000040037,10,2,4,1840,5,2,3,1.0,3.0,64483,M,4339400.0,-165591.0,64
201000040038,10,1,28,1010,1,2,1,1.0,1.0,64260,M,4335760.0,-177590.0,64
201000040039,10,2,4,845,1,2,1,2.0,6.0,64260,M,4334950.0,-177452.0,64
201000040040,10,2,19,1910,3,1,1,2.0,1.0,64545,M,4333030.0,-168439.0,64
201000040041,10,2,1,810,1,2,1,8.0,6.0,64189,M,4338280.0,-166527.0,64
201000040042,10,3,18,40,3,1,1,1.0,7.0,64545,M,,,64
201000040043,10,3,20,1655,1,1,1,1.0,1.0,64483,M,,,64
201000040044,10,3,27,10,5,2,1,1.0,6.0,64483,M,,,64
201000040045,10,3,27,1805,1,1,1,1.0,6.0,64545,M,,,64
201000040046,10,4,25,250,3,1,1,1.0,6.0,64483,M,4336760.0,-168667.0,64
201000040047,10,4,23,1040,1,2,1,8.0,2.0,64249,M,4341670.0,-161007.0,64
201000040048,10,4,27,945,1,2,1,1.0,3.0,64545,M,4337850.0,-167075.0,64
201000040049,10,4,15,1745,1,2,1,1.0,3.0,64545,M,4337490.0,-167848.0,64
201000040050,10,5,9,2205,3,2,1,1.0,1.0,64545,M,,,64
201000040051,10,5,20,1925,1,1,1,1.0,7.0,64545,M,4335650.0,-166570.0,64
201000040052,10,5,29,1920,5,2,1,1.0,3.0,64189,M,4338110.0,-166831.0,64
201000040053,10,5,28,1700,1,2,1,1.0,3.0,64483,M,4337520.0,-163795.0,64
201000040054,10,5,26,805,1,2,1,1.0,4.0,64483,M,4338000.0,-163997.0,64
201000040055,10,6,2,1745,1,1,1,1.0,3.0,64483,M,4340860.0,-162470.0,64
201000040056,10,5,29,1920,1,2,1,1.0,2.0,64249,M,4342200.0,-160490.0,64
201000040057,10,5,20,605,2,2,6,1.0,7.0,64545,M,4334620.0,-176506.0,64
201000040058,10,6,24,2218,5,2,1,1.0,3.0,64260,M,4335860.0,-176890.0,64
201000040059,10,6,30,2135,3,1,1,1.0,7.0,64483,M,4340610.0,-162904.0,64
201000040060,10,7,16,305,3,1,1,1.0,7.0,64545,M,4335060.0,-168091.0,64
201000040061,10,7,16,1100,1,2,1,1.0,1.0,64483,M,4338290.0,-164561.0,64
201000040062,10,7,17,640,5,2,1,1.0,7.0,64483,M,4340770.0,-162129.0,64
201000040063,10,7,22,600,3,1,1,1.0,1.0,64483,M,4340690.0,-162760.0,64
201000040064,10,7,19,2000,1,2,1,1.0,3.0,64545,M,4337530.0,-167796.0,64
201000040065,10,7,26,1800,1,2,1,1.0,3.0,64483,M,4340420.0,-162719.0,64
201000040066,10,7,26,615,3,1,1,1.0,7.0,64545,M,4336020.0,-172558.0,64
201000040067,10,7,30,710,2,2,1,1.0,3.0,64483,M,4339730.0,-164417.0,64
201000040068,10,7,30,1740,1,2,1,1.0,3.0,64545,M,4333670.0,-166839.0,64
201000040069,10,7,6,1210,1,2,1,1.0,6.0,64260,M,4337100.0,-177290.0,64
201000040070,10,8,2,2300,5,2,1,8.0,3.0,64483,M,4338760.0,-166141.0,64
201000040071,10,8,2,1620,1,2,1,1.0,3.0,64483,M,4338870.0,-165845.0,64
201000040072,10,8,5,1705,1,2,1,1.0,1.0,64249,M,4342430.0,-160478.0,64
201000040073,10,8,6,1905,1,1,1,1.0,2.0,64545,M,4335900.0,-173110.0,64
201000040074,10,8,7,1715,1,2,1,1.0,2.0,64483,M,4339730.0,-164459.0,64
201000040075,10,9,1,1545,1,2,1,1.0,1.0,64260,M,4336500.0,-174568.0,64
201000040076,10,8,15,805,1,2,1,1.0,6.0,64545,M,4336170.0,-170009.0,64
201000040077,10,8,17,1605,1,2,1,1.0,1.0,64483,M,4339610.0,-164808.0,64
201000040078,10,8,23,1834,1,2,6,1.0,3.0,64483,M,4340020.0,-163923.0,64
201000040079,10,8,30,1545,1,2,1,1.0,6.0,64483,M,4340290.0,-162722.0,64
201000040080,10,9,2,2110,3,2,1,1.0,5.0,64545,M,4337230.0,-168110.0,64
201000040081,10,9,2,1205,1,2,1,1.0,3.0,64483,M,4339800.0,-163891.0,64
201000040082,10,9,4,1435,1,2,1,1.0,7.0,64545,M,4336100.0,-172198.0,64
201000040083,10,9,14,1910,1,1,1,1.0,3.0,64260,M,4337370.0,-177131.0,64
201000040084,10,9,14,1210,1,2,1,1.0,3.0,64260,M,4334700.0,-176634.0,64
201000040085,10,9,21,1120,1,2,1,1.0,1.0,64483,M,4338360.0,-165516.0,64
201000040086,10,9,8,1220,1,2,1,8.0,6.0,64189,M,4338030.0,-166892.0,64
201000040087,10,10,22,1650,1,2,1,1.0,4.0,64483,M,4338460.0,-165298.0,64
201000040088,10,10,31,35,3,1,1,1.0,6.0,64483,M,4340000.0,-163102.0,64
201000040089,10,10,3,415,5,2,1,1.0,3.0,64260,M,4337000.0,-177350.0,64
201000040090,10,11,13,1735,1,1,1,1.0,1.0,64545,M,4332870.0,-168220.0,64
201000040091,10,11,18,1810,2,2,1,1.0,6.0,64483,M,4338870.0,-164860.0,64
201000040092,10,11,25,750,2,2,1,3.0,1.0,64483,M,4339510.0,-164846.0,64
201000040093,10,12,2,2055,3,2,1,1.0,1.0,64189,M,4337380.0,-165893.0,64
201000040094,10,12,31,345,3,1,1,1.0,6.0,64483,M,4340680.0,-162784.0,64
201000040095,10,1,7,235,5,2,1,1.0,2.0,65286,M,,,65
201000040096,10,2,11,1355,1,2,1,1.0,6.0,65286,M,,,65
201000040097,10,3,24,1535,1,1,1,1.0,3.0,65286,M,,,65
201000040098,10,4,5,1930,1,2,1,1.0,3.0,65286,M,,,65
201000040099,10,4,11,910,1,2,6,1.0,3.0,65286,M,,,65
201000040100,10,4,28,1953,1,2,6,1.0,3.0,65286,M,,,65
201000040101,10,4,30,1415,1,2,1,1.0,3.0,65286,M,,,65
201000040102,10,5,5,1650,1,2,1,3.0,4.0,65286,M,,,65
201000040103,10,5,7,1700,1,2,1,1.0,7.0,65286,M,,,65
201000040104,10,5,16,1040,1,2,1,2.0,6.0,65286,M,,,65
201000040105,10,5,26,1640,1,2,1,1.0,6.0,65286,M,,,65
201000040106,10,6,3,1310,1,2,1,7.0,6.0,65286,M,,,65
201000040107,10,6,7,820,1,2,1,1.0,3.0,65286,M,,,65
201000040108,10,6,9,1625,1,2,4,2.0,2.0,65286,M,,,65
201000040109,10,6,28,20,5,2,9,1.0,3.0,65286,M,,,65
201000040110,10,6,30,1013,1,2,1,1.0,2.0,65286,M,,,65
201000040111,10,7,1,2140,5,2,9,1.0,2.0,65286,M,,,65
201000040112,10,7,2,935,1,2,1,1.0,2.0,65286,M,,,65
201000040113,10,7,6,1725,1,2,2,1.0,3.0,65286,M,,,65