Num_Acc,an,mois,jour,hrmn,lum,agg,int,atm,col,com,gps,lat,long,dep
201000040114,10,7,9,1820,1,1,1,1.0,7.0,65286,M,,,65
201000040115,10,7,13,540,5,2,1,2.0,6.0,65286,M,,,65
201000040116,10,8,17,1720,1,1,2,1.0,3.0,65286,M,,,65
201000040117,10,8,17,1655,1,2,3,1.0,3.0,65286,M,,,65
201000040118,10,9,4,1655,1,2,3,1.0,3.0,65286,M,,,65
201000040119,10,10,15,1245,1,2,2,1.0,6.0,65286,M,,,65
201000040120,10,10,27,1655,1,2,1,1.0,1.0,65286,M,,,65
201000040121,10,10,31,2055,5,2,1,3.0,7.0,65286,M,,,65
201000040122,10,11,15,1230,1,2,1,1.0,2.0,65286,M,,,65
201000040123,10,11,20,1840,5,2,1,2.0,6.0,65286,M,,,65
201000040124,10,12,5,715,5,2,1,2.0,1.0,65286,M,,,65
201000040125,10,12,11,1035,1,2,1,1.0,7.0,65286,M,,,65
201000040126,10,1,2,1345,1,2,3,1.0,3.0,65417,M,,,65
201000040127,10,1,4,2140,5,2,1,2.0,2.0,65417,M,,,65
201000040128,10,1,5,710,5,2,3,2.0,6.0,65440,M,,,65
201000040129,10,1,5,1830,5,2,1,1.0,6.0,65100,M,,,65
201000040130,10,1,6,800,2,2,1,9.0,3.0,65440,M,,,65
201000040131,10,1,7,1400,1,2,1,2.0,1.0,65251,M,,,65
201000040132,10,1,13,1240,1,2,4,2.0,3.0,65440,M,,,65
201000040133,10,1,13,1935,5,2,1,3.0,2.0,65440,M,,,65
201000040134,10,1,14,1555,1,2,1,3.0,6.0,65417,M,,,65
201000040135,10,1,15,1840,5,2,6,1.0,6.0,65440,M,,,65
201000040136,10,1,23,1150,1,1,9,1.0,3.0,65226,M,,,65
201000040137,10,1,27,1005,1,2,3,1.0,3.0,65440,M,,,65
201000040138,10,1,27,1850,5,2,3,1.0,4.0,65417,M,,,65
201000040139,10,2,1,1150,1,2,2,2.0,6.0,65440,M,,,65
201000040140,10,2,10,1210,1,1,6,1.0,4.0,65100,M,,,65
201000040141,10,2,11,1730,1,2,2,1.0,6.0,65440,M,,,65
201000040142,10,2,13,1600,1,2,1,1.0,2.0,65440,M,,,65
201000040143,10,2,16,820,1,2,3,1.0,3.0,65440,M,,,65
201000040144,10,2,19,1450,1,2,1,1.0,6.0,65440,M,,,65
201000040145,10,2,20,405,5,2,6,2.0,6.0,65440,M,,,65
201000040146,10,2,24,1000,1,2,1,1.0,3.0,65440,M,,,65
201000040147,10,2,27,2155,3,1,1,1.0,6.0,65226,M,,,65
201000040148,10,3,1,1750,1,2,2,1.0,6.0,65440,M,,,65
201000040149,10,3,4,1305,1,2,3,1.0,3.0,65433,M,,,65
201000040150,10,3,6,2115,3,1,1,1.0,7.0,65226,M,,,65
201000040151,10,3,9,1740,1,2,2,1.0,3.0,65440,M,,,65
201000040152,10,3,10,1830,1,2,3,1.0,3.0,65100,M,,,65
201000040153,10,3,13,2115,5,2,1,1.0,7.0,65100,M,,,65
201000040154,10,3,14,1,3,1,1,1.0,6.0,65226,M,,,65
201000040155,10,3,15,2100,5,2,3,1.0,5.0,65417,M,,,65
201000040156,10,3,18,1755,1,2,3,1.0,2.0,65440,M,,,65
201000040157,10,3,19,2135,5,2,2,1.0,3.0,65440,M,,,65
201000040158,10,4,6,1530,1,2,3,1.0,6.0,65047,M,,,65
201000040159,10,4,12,1735,1,2,2,1.0,1.0,65440,M,,,65
201000040160,10,4,14,1105,1,2,1,1.0,6.0,65440,M,,,65
201000040161,10,4,15,1900,1,2,1,1.0,3.0,65440,M,,,65
201000040162,10,4,17,1620,1,2,1,1.0,2.0,65440,M,,,65
201000040163,10,4,21,1525,1,2,2,1.0,6.0,65440,M,,,65
201000040164,10,4,21,1650,1,2,3,1.0,6.0,65440,M,,,65
201000040165,10,4,27,1740,1,2,2,1.0,3.0,65440,M,,,65
201000040166,10,4,27,1910,1,2,1,1.0,3.0,65440,M,,,65
201000040167,10,5,4,1120,1,2,3,3.0,3.0,65440,M,,,65
201000040168,10,5,25,1550,1,2,3,1.0,3.0,65440,M,,,65
201000040169,10,5,29,1840,1,2,3,1.0,3.0,65440,M,,,65
201000040170,10,6,11,850,1,1,1,1.0,6.0,65331,M,,,65
201000040171,10,6,16,1505,1,2,2,1.0,3.0,65440,M,,,65
201000040172,10,6,19,155,5,2,1,2.0,6.0,65440,M,,,65
201000040173,10,6,22,1750,1,2,1,1.0,6.0,65433,M,,,65
201000040174,10,6,24,2150,1,2,2,1.0,6.0,65440,M,,,65
201000040175,10,6,25,750,1,2,1,1.0,6.0,65440,M,,,65
201000040176,10,7,4,120,5,2,2,2.0,6.0,65433,M,,,65
201000040177,10,7,8,1845,1,2,1,1.0,1.0,65047,M,,,65
201000040178,10,7,10,2050,2,2,3,1.0,6.0,65440,M,,,65
201000040179,10,7,11,100,5,2,2,1.0,3.0,65440,M,,,65
201000040180,10,7,15,1730,1,2,6,1.0,1.0,65440,M,,,65
201000040181,10,7,18,2325,3,1,1,1.0,7.0,65417,M,,,65
201000040182,10,7,22,1740,1,2,7,1.0,6.0,65440,M,,,65
201000040183,10,7,23,1425,1,2,6,1.0,2.0,65440,M,,,65
201000040184,10,7,26,1950,1,2,2,1.0,3.0,65440,M,,,65
201000040185,10,7,27,1205,1,1,1,1.0,4.0,65100,M,,,65
201000040186,10,7,27,1305,1,2,2,1.0,6.0,65226,M,,,65
201000040187,10,7,27,1415,1,1,1,1.0,1.0,65100,M,,,65
201000040188,10,7,27,1650,1,2,6,1.0,3.0,65440,M,,,65
201000040189,10,7,28,1020,1,2,3,1.0,3.0,65047,M,,,65
201000040190,10,7,30,1530,1,2,3,1.0,3.0,65440,M,,,65
201000040191,10,8,4,1230,1,2,1,1.0,6.0,65440,M,4323440.0,7274.0,65
201000040192,10,8,4,1235,1,2,2,1.0,3.0,65440,M,,,65
201000040193,10,8,5,2135,1,2,1,1.0,6.0,65440,M,,,65
201000040194,10,8,13,1155,1,2,3,1.0,2.0,65440,M,,,65
201000040195,10,8,16,920,1,2,2,1.0,3.0,65440,M,,,65
201000040196,10,8,16,925,1,2,1,1.0,2.0,65417,M,,,65
201000040197,10,8,19,1035,1,2,1,1.0,6.0,65440,M,,,65
201000040198,10,8,19,2050,2,2,2,1.0,3.0,65440,M,,,65
201000040199,10,8,20,1505,1,2,1,1.0,2.0,65047,M,,,65
201000040200,10,8,24,435,5,2,1,1.0,6.0,65417,M,,,65
201000040201,10,8,26,800,1,2,1,1.0,3.0,65440,M,,,65
201000040202,10,9,1,1515,1,2,5,1.0,3.0,65440,M,4323610.0,5509.0,65
201000040203,10,9,6,1020,1,2,2,1.0,6.0,65440,M,,,65
201000040204,10,9,7,1250,1,2,1,1.0,3.0,65440,M,,,65
201000040205,10,9,9,945,1,2,3,1.0,3.0,65047,M,,,65
201000040206,10,9,10,600,5,2,1,1.0,3.0,65331,M,,,65
201000040207,10,9,10,1710,1,2,2,1.0,5.0,65440,M,,,65
201000040208,10,9,9,840,1,2,2,1.0,6.0,65440,M,,,65
201000040209,10,9,15,1005,1,2,3,1.0,6.0,65440,M,,,65
201000040210,10,9,15,1400,1,2,3,1.0,7.0,65440,M,,,65
201000040211,10,9,19,1810,1,2,3,1.0,5.0,65440,M,,,65
201000040212,10,9,20,2145,5,2,1,1.0,3.0,65440,M,,,65
201000040213,10,9,22,1010,1,2,2,1.0,6.0,65440,M,,,65
201000040214,10,9,23,1520,1,2,4,1.0,3.0,65440,M,,,65
201000040215,10,9,27,1715,1,2,3,1.0,3.0,65440,M,,,65
201000040216,10,9,30,905,1,2,1,2.0,3.0,65440,M,,,65
201000040217,10,9,30,1310,1,2,4,1.0,3.0,65440,M,,,65
201000040218,10,10,4,1500,1,1,6,1.0,1.0,65226,M,,,65
201000040219,10,10,7,2330,5,2,1,1.0,1.0,65251,M,,,65
201000040220,10,10,8,800,1,2,2,1.0,2.0,65440,M,,,65
201000040221,10,10,8,1410,1,2,1,1.0,3.0,65440,M,,,65
201000040222,10,10,9,1110,1,2,1,1.0,3.0,65331,M,,,65
201000040223,10,10,15,140,5,2,1,1.0,6.0,65440,M,,,65
201000040224,10,10,18,2215,1,2,3,1.0,1.0,65440,M,,,65
201000040225,10,10,21,850,1,2,1,1.0,6.0,65440,M,,,65
201000040226,10,10,22,1515,1,2,2,1.0,6.0,65440,M,,,65
201000040227,10,10,23,1150,1,2,1,1.0,2.0,65417,M,,,65
201000040228,10,10,24,1130,1,1,1,2.0,6.0,65226,M,,,65
201000040229,10,10,25,1050,1,1,1,1.0,3.0,65226,M,,,65
201000040230,10,10,26,2100,5,2,6,1.0,7.0,65417,M,,,65
201000040231,10,10,27,1200,1,2,3,1.0,3.0,65440,M,,,65
201000040232,10,10,29,650,2,2,3,1.0,3.0,65440,M,,,65
201000040233,10,11,1,2245,5,2,2,3.0,2.0,65440,M,,,65
201000040234,10,11,3,2115,5,2,1,1.0,3.0,65440,M,,,65
201000040235,10,11,7,1220,1,2,1,2.0,6.0,65440,M,,,65
201000040236,10,11,15,1750,5,2,6,3.0,6.0,65440,M,,,65
201000040237,10,11,16,2320,5,2,3,1.0,3.0,65226,M,,,65
201000040238,10,11,22,1745,5,2,2,2.0,3.0,65440,M,,,65
201000040239,10,11,24,1740,2,2,1,1.0,2.0,65433,M,,,65
201000040240,10,11,26,900,1,2,1,1.0,6.0,65440,M,,,65
201000040241,10,11,29,930,1,2,6,1.0,3.0,65440,M,,,65
201000040242,10,11,30,1150,1,2,2,1.0,1.0,65440,M,,,65
201000040243,10,12,3,1810,5,2,2,2.0,3.0,65440,M,,,65
201000040244,10,12,3,2345,5,2,2,2.0,3.0,65100,M,,,65
201000040245,10,12,5,2110,5,2,7,2.0,3.0,65440,M,,,65
201000040246,10,12,8,1815,3,1,3,1.0,1.0,65226,M,,,65
201000040247,10,12,10,1500,1,1,1,1.0,1.0,65331,M,,,65
201000040248,10,12,10,1640,1,2,1,1.0,5.0,65331,M,,,65
201000040249,10,12,11,1110,1,2,2,1.0,6.0,65440,M,,,65
201000040250,10,12,14,1945,3,1,1,1.0,1.0,65226,M,,,65
201000040251,10,12,20,1625,1,2,2,1.0,1.0,65047,M,,,65
201000040252,10,12,21,1520,1,2,3,1.0,6.0,65440,M,,,65
201000040253,10,12,21,1635,1,2,1,1.0,6.0,65440,M,,,65
201000040254,10,12,24,1425,1,2,3,1.0,3.0,65417,M,,,65
201000040255,10,12,27,1830,5,1,1,1.0,3.0,65251,M,,,65
201000040256,10,1,8,1229,1,2,1,1.0,3.0,66136,M,4271276.0,288585.0,66
201000040257,10,1,9,1800,2,2,1,6.0,6.0,66136,M,4270118.0,289298.0,66
201000040258,10,1,11,1830,3,2,1,1.0,3.0,66136,M,4272539.0,289208.0,66
201000040259,10,1,14,1800,2,2,1,3.0,6.0,66136,M,4270436.0,289262.0,66
201000040260,10,1,15,1530,1,1,1,1.0,2.0,66136,M,,,66
201000040261,10,1,8,1810,5,2,1,1.0,6.0,66136,M,4268883.0,289508.0,66
201000040262,10,1,15,1915,5,2,1,1.0,2.0,66136,M,4268121.0,291068.0,66
201000040263,10,1,15,2040,5,2,1,1.0,6.0,66136,M,4269867.0,290496.0,66
201000040264,10,1,21,740,1,2,1,1.0,3.0,66136,M,4269618.0,290628.0,66
201000040265,10,1,25,1015,1,2,2,1.0,6.0,66136,M,4268690.0,290227.0,66
201000040266,10,1,28,1820,5,2,1,1.0,6.0,66136,M,4269735.0,289269.0,66
201000040267,10,2,4,1918,3,1,1,2.0,1.0,66136,M,4266366.0,286779.0,66
201000040268,10,2,2,1840,5,2,2,1.0,3.0,66136,M,4269770.0,291049.0,66
201000040269,10,2,10,1340,1,2,1,1.0,6.0,66136,M,4270188.0,289566.0,66
201000040270,10,2,10,931,1,2,1,1.0,3.0,66136,M,4269284.0,289987.0,66
201000040271,10,2,11,1525,1,2,3,8.0,3.0,66136,M,4266817.0,291086.0,66
201000040272,10,2,14,540,5,2,1,1.0,6.0,66136,M,4269467.0,288926.0,66
201000040273,10,2,16,1826,2,2,2,3.0,1.0,66136,M,4268742.0,290060.0,66
201000040274,10,2,12,1835,2,2,1,1.0,3.0,66136,M,4271155.0,288987.0,66
201000040275,10,2,12,1655,1,2,1,1.0,6.0,66136,M,4269679.0,289994.0,66
201000040276,10,2,13,1835,1,2,1,1.0,2.0,66136,M,4267422.0,288837.0,66
201000040277,10,2,22,1925,3,2,1,1.0,2.0,66136,M,4270655.0,289884.0,66
201000040278,10,3,2,1645,1,1,1,1.0,3.0,66136,M,,,66
201000040279,10,3,3,1820,5,2,1,3.0,6.0,66136,M,4270016.0,288653.0,66
201000040280,10,3,3,1433,1,2,1,3.0,3.0,66136,M,4269731.0,288773.0,66
201000040281,10,3,2,1750,1,2,1,1.0,3.0,66136,M,4270723.0,290083.0,66
201000040282,10,3,4,1345,1,2,1,1.0,3.0,66136,M,4269312.0,287254.0,66
201000040283,10,3,6,2100,3,1,1,1.0,6.0,66136,M,,,66
201000040284,10,3,5,1245,1,2,1,1.0,3.0,66136,M,4272667.0,289196.0,66
201000040285,10,3,11,1145,1,1,1,1.0,3.0,66136,M,,,66
201000040286,10,3,17,2200,5,2,1,1.0,6.0,66136,M,4269140.0,288246.0,66
201000040287,10,3,21,2030,5,2,1,1.0,2.0,66136,M,4271408.0,288885.0,66
201000040288,10,3,22,1554,1,2,1,8.0,6.0,66136,M,4270066.0,289095.0,66
201000040289,10,3,22,1710,1,2,1,8.0,6.0,66136,M,4272983.0,289082.0,66
201000040290,10,3,22,1716,1,1,1,1.0,2.0,66136,M,,,66
201000040291,10,3,23,1225,1,1,1,1.0,3.0,66136,M,,,66
201000040292,10,3,23,1410,1,2,1,1.0,2.0,66136,M,4272766.0,290497.0,66
201000040293,10,3,23,1725,1,2,1,1.0,3.0,66136,M,4269133.0,289668.0,66
201000040294,10,3,24,1130,1,2,1,1.0,6.0,66136,M,4269292.0,289988.0,66
201000040295,10,3,25,1930,2,2,1,1.0,6.0,66136,M,4271489.0,289417.0,66
201000040296,10,3,31,1220,1,1,1,1.0,3.0,66136,M,,,66
201000040297,10,4,1,815,1,1,1,1.0,6.0,66136,M,4266552.0,292040.0,66
201000040298,10,4,2,1418,1,2,1,1.0,3.0,66136,M,4269768.0,290418.0,66
201000040299,10,4,5,1528,1,2,1,1.0,6.0,66136,M,4270244.0,288335.0,66
201000040300,10,4,3,1206,1,2,1,1.0,1.0,66136,M,4271277.0,288929.0,66
201000040301,10,4,7,2140,5,2,1,1.0,6.0,66136,M,4269529.0,290223.0,66
201000040302,10,4,9,1625,1,2,1,1.0,3.0,66136,M,4269117.0,289866.0,66
201000040303,10,4,9,1750,1,2,1,1.0,3.0,66136,M,4269055.0,289902.0,66
201000040304,10,4,12,1950,1,1,2,1.0,3.0,66136,M,4274168.0,289632.0,66
201000040305,10,4,13,1225,1,2,1,1.0,6.0,66136,M,4269371.0,288512.0,66
201000040306,10,4,9,1445,1,2,1,1.0,6.0,66136,M,4269777.0,289538.0,66
201000040307,10,4,14,1615,1,2,1,1.0,6.0,66136,M,4270083.0,289393.0,66
201000040308,10,4,15,1425,1,1,1,1.0,4.0,66136,M,,,66
201000040309,10,4,16,1740,1,2,1,1.0,2.0,66136,M,4269559.0,290017.0,66
201000040310,10,4,17,950,1,1,1,1.0,4.0,66136,M,,,66
201000040311,10,4,18,950,1,2,1,1.0,6.0,66136,M,4269132.0,288688.0,66
201000040312,10,4,20,1550,1,2,1,1.0,6.0,66136,M,4269488.0,289502.0,66
201000040313,10,4,20,1455,1,2,1,1.0,6.0,66136,M,4269068.0,290472.0,66
201000040314,10,4,18,1525,1,2,1,1.0,3.0,66136,M,4269445.0,290143.0,66
201000040315,10,4,22,1430,1,2,1,1.0,1.0,66136,M,4268627.0,286888.0,66
201000040316,10,4,24,1545,1,2,1,1.0,2.0,66136,M,4268397.0,290904.0,66
201000040317,10,4,26,1600,1,2,1,1.0,2.0,66136,M,4267990.0,289777.0,66
201000040318,10,4,29,2020,2,1,1,1.0,7.0,66136,M,,,66
201000040319,10,5,5,1945,1,2,1,1.0,3.0,66136,M,4270156.0,289413.0,66
201000040320,10,5,5,2105,3,2,2,1.0,3.0,66136,M,4269490.0,288462.0,66
201000040321,10,5,10,1220,1,2,1,1.0,6.0,66136,M,4268324.0,290587.0,66
201000040322,10,5,11,2220,5,2,1,1.0,6.0,66136,M,4269667.0,290355.0,66
201000040323,10,5,11,1150,1,2,1,8.0,6.0,66136,M,4268048.0,290937.0,66
201000040324,10,5,13,2025,1,2,1,1.0,2.0,66136,M,4272459.0,288913.0,66
201000040325,10,5,16,1245,1,2,1,6.0,4.0,66136,M,4270785.0,290240.0,66
201000040326,10,5,17,930,1,1,1,1.0,1.0,66136,M,4272626.0,288014.0,66
201000040327,10,5,15,230,5,2,2,1.0,6.0,66136,M,4268553.0,290144.0,66
201000040328,10,5,23,2145,5,2,2,1.0,3.0,66136,M,4269071.0,290134.0,66
201000040329,10,5,26,1740,1,2,1,1.0,3.0,66136,M,4267334.0,288889.0,66
201000040330,10,5,28,1345,1,2,1,1.0,2.0,66136,M,4269445.0,288955.0,66
201000040331,10,5,28,1810,1,2,2,1.0,3.0,66136,M,4269377.0,290282.0,66
201000040332,10,5,29,55,5,2,1,1.0,3.0,66136,M,4269055.0,290132.0,66
201000040333,10,5,29,1145,1,2,1,1.0,6.0,66136,M,4269627.0,289829.0,66
201000040334,10,5,31,810,1,2,1,1.0,6.0,66136,M,4268762.0,290568.0,66
201000040335,10,6,1,735,1,2,2,1.0,3.0,66136,M,4269403.0,288143.0,66
201000040336,10,6,2,1815,1,2,1,1.0,6.0,66136,M,4271414.0,289335.0,66
201000040337,10,6,3,755,1,2,1,1.0,3.0,66136,M,4268658.0,286919.0,66
201000040338,10,6,4,1425,1,2,1,1.0,7.0,66136,M,4269827.0,288884.0,66
201000040339,10,6,4,800,1,1,1,1.0,4.0,66136,M,4269748.0,286435.0,66
201000040340,10,5,26,2030,2,1,1,1.0,7.0,66136,M,,,66
201000040341,10,6,4,1814,1,2,2,1.0,3.0,66136,M,4269903.0,290613.0,66
201000040342,10,6,5,700,1,2,1,1.0,3.0,66136,M,4273513.0,289757.0,66
201000040343,10,6,6,2135,2,2,1,1.0,3.0,66136,M,4270484.0,289968.0,66
201000040344,10,6,11,1430,1,2,1,1.0,3.0,66136,M,4270121.0,290302.0,66
201000040345,10,6,13,1025,1,2,1,1.0,6.0,66136,M,4268505.0,290352.0,66
201000040346,10,6,7,1800,1,2,3,1.0,3.0,66136,M,4269967.0,290255.0,66
201000040347,10,6,14,1220,1,1,1,8.0,3.0,66136,M,4268658.0,286919.0,66
201000040348,10,6,14,1600,1,1,1,2.0,1.0,66136,M,,,66
201000040349,10,6,13,10,3,1,1,1.0,6.0,66136,M,,,66
201000040350,10,6,18,105,4,2,1,1.0,6.0,66136,M,4269139.0,289585.0,66
201000040351,10,6,19,1355,1,2,2,6.0,6.0,66136,M,4269182.0,288838.0,66
201000040352,10,6,27,1802,1,2,1,1.0,6.0,66136,M,4269764.0,289471.0,66
201000040353,10,6,28,1840,1,2,1,1.0,3.0,66136,M,4271217.0,288953.0,66
201000040354,10,6,29,1230,1,2,1,1.0,3.0,66136,M,,,66
201000040355,10,7,1,455,5,1,1,1.0,7.0,66136,M,,,66
201000040356,10,7,1,1450,1,2,1,1.0,2.0,66136,M,,,66
201000040357,10,7,1,1500,1,2,2,1.0,3.0,66136,M,4271260.0,289371.0,66
201000040358,10,7,3,1020,1,2,1,1.0,6.0,66136,M,4272090.0,291422.0,66
201000040359,10,7,2,2350,5,2,2,1.0,3.0,66136,M,4269430.0,287244.0,66
201000040360,10,7,7,1435,1,2,1,1.0,3.0,66136,M,4270062.0,288820.0,66
201000040361,10,7,27,920,1,2,1,1.0,6.0,66136,M,4270185.0,289553.0,66
201000040362,10,7,30,310,5,2,1,1.0,3.0,66136,M,4270089.0,288906.0,66
201000040363,10,7,31,1850,1,2,1,1.0,6.0,66136,M,4268890.0,287368.0,66
201000040364,10,8,1,2110,2,2,2,3.0,3.0,66136,M,4271755.0,288931.0,66
201000040365,10,8,7,1249,1,2,1,1.0,1.0,66136,M,4269701.0,292908.0,66
201000040366,10,8,1,2055,1,1,1,1.0,2.0,66136,M,,,66
201000040367,10,8,6,920,1,2,1,1.0,5.0,66136,M,4269013.0,287976.0,66
201000040368,10,8,9,1500,1,1,1,1.0,4.0,66136,M,4270125.0,288652.0,66
201000040369,10,8,9,1750,1,2,1,1.0,3.0,66136,M,4269108.0,290013.0,66
201000040370,10,8,10,1230,1,2,1,1.0,6.0,66136,M,4270196.0,289754.0,66
201000040371,10,8,10,1925,1,2,2,1.0,3.0,66136,M,4268518.0,288148.0,66
201000040372,10,8,11,1530,1,1,1,1.0,5.0,66136,M,,,66
201000040373,10,8,11,2150,5,2,2,1.0,3.0,66136,M,4269476.0,288916.0,66
201000040374,10,8,10,1945,1,2,1,1.0,2.0,66136,M,4268301.0,290962.0,66
201000040375,10,8,9,1400,1,2,1,1.0,1.0,66136,M,4268097.0,290266.0,66
201000040376,10,8,13,2220,3,1,1,1.0,2.0,66136,M,4271528.0,287315.0,66
201000040377,10,8,19,1400,1,2,2,1.0,3.0,66136,M,4268467.0,288146.0,66
201000040378,10,8,21,929,1,1,1,1.0,3.0,66136,M,4268745.0,287136.0,66
201000040379,10,8,23,700,1,2,1,1.0,1.0,66136,M,4270884.0,289857.0,66
201000040380,10,8,26,500,3,1,1,1.0,2.0,66136,M,,,66
201000040381,10,8,27,2240,5,2,1,1.0,3.0,66136,M,4269300.0,290468.0,66
201000040382,10,8,31,245,5,2,2,1.0,3.0,66136,M,4269115.0,289868.0,66
201000040383,10,8,31,925,1,2,1,1.0,6.0,66136,M,4270561.0,288536.0,66
201000040384,10,8,31,1700,1,2,1,1.0,3.0,66136,M,4270314.0,289781.0,66
201000040385,10,9,1,1530,1,2,1,1.0,3.0,66136,M,4267721.0,290773.0,66
201000040386,10,9,1,1515,1,2,1,1.0,3.0,66136,M,4269411.0,290108.0,66
201000040387,10,9,3,1400,1,2,1,1.0,3.0,66136,M,4268601.0,288506.0,66
201000040388,10,9,3,1000,1,1,1,1.0,2.0,66136,M,4267998.0,291133.0,66
201000040389,10,9,6,1615,1,2,2,2.0,3.0,66136,M,4272195.0,288497.0,66
201000040390,10,9,7,1445,1,2,1,1.0,3.0,66136,M,4269131.0,289650.0,66
201000040391,10,9,4,1715,1,2,1,1.0,2.0,66136,M,4268153.0,291052.0,66
201000040392,10,9,9,1530,1,2,2,1.0,3.0,66136,M,4272203.0,288492.0,66
201000040393,10,9,12,1605,1,2,3,1.0,3.0,66136,M,4270993.0,289263.0,66
201000040394,10,9,13,1145,1,2,1,1.0,6.0,66136,M,4268817.0,288612.0,66
201000040395,10,9,16,850,1,2,1,1.0,6.0,66136,M,4269987.0,288495.0,66
201000040396,10,9,17,1800,1,2,2,1.0,3.0,66136,M,4273764.0,289267.0,66
201000040397,10,9,20,1730,1,2,2,1.0,3.0,66136,M,4268648.0,288200.0,66
201000040398,10,9,20,1730,1,2,1,1.0,6.0,66136,M,4268583.0,288209.0,66
201000040399,10,9,23,2048,5,2,1,1.0,3.0,66136,M,4268424.0,290889.0,66
201000040400,10,9,16,925,1,2,1,1.0,6.0,66136,M,4268834.0,289492.0,66
201000040401,10,9,30,1050,1,2,3,1.0,3.0,66136,M,4268523.0,288097.0,66
201000040402,10,10,3,655,5,2,1,1.0,6.0,66136,M,4270733.0,290932.0,66
201000040403,10,10,2,205,5,2,1,1.0,6.0,66136,M,4268744.0,287635.0,66
201000040404,10,10,4,2010,3,1,1,1.0,4.0,66136,M,,,66
201000040405,10,9,27,1950,2,2,1,1.0,2.0,66136,M,4269491.0,290103.0,66
201000040406,10,10,5,1516,1,1,1,1.0,6.0,66136,M,4267382.0,288755.0,66
201000040407,10,10,6,1740,1,2,1,1.0,6.0,66136,M,4269811.0,288660.0,66
201000040408,10,10,5,1130,1,2,1,1.0,3.0,66136,M,4271035.0,289034.0,66
201000040409,10,10,7,1800,1,2,1,1.0,1.0,66136,M,4271133.0,288996.0,66
201000040410,10,10,8,1914,5,2,1,1.0,3.0,66136,M,4269529.0,290224.0,66
201000040411,10,10,10,1900,2,2,1,2.0,6.0,66136,M,4270576.0,289632.0,66
201000040412,10,10,11,705,5,2,2,3.0,3.0,66136,M,4270108.0,290130.0,66
201000040413,10,10,14,1230,1,2,1,1.0,6.0,66136,M,4269893.0,289113.0,66
201000040414,10,10,17,40,5,2,1,1.0,5.0,66136,M,4269264.0,289190.0,66
201000040415,10,10,7,2125,5,2,2,1.0,3.0,66136,M,4269528.0,290229.0,66
201000040416,10,10,15,1420,1,2,1,1.0,6.0,66136,M,4272397.0,288703.0,66
201000040417,10,10,20,1845,2,2,2,1.0,3.0,66136,M,4272241.0,288085.0,66
201000040418,10,10,21,1640,1,2,1,1.0,3.0,66136,M,4268656.0,286890.0,66
201000040419,10,10,26,750,2,2,1,6.0,6.0,66136,M,4270175.0,289103.0,66
201000040420,10,11,3,825,1,2,1,1.0,3.0,66136,M,4268966.0,289956.0,66
201000040421,10,11,5,1108,1,2,1,1.0,3.0,66136,M,4268647.0,291369.0,66
201000040422,10,11,4,1725,1,2,1,1.0,6.0,66136,M,4269485.0,291153.0,66
201000040423,10,11,9,1540,1,2,1,1.0,1.0,66136,M,4271277.0,288369.0,66
201000040424,10,11,9,1740,5,2,1,1.0,4.0,66136,M,4269785.0,288578.0,66
201000040425,10,11,12,1045,1,2,1,1.0,6.0,66136,M,4268650.0,290143.0,66
201000040426,10,11,12,1825,5,2,2,1.0,1.0,66136,M,4269777.0,290799.0,66
201000040427,10,11,13,1240,1,2,1,1.0,3.0,66136,M,4270761.0,290179.0,66
201000040428,10,11,14,1655,2,1,1,1.0,2.0,66136,M,,,66
201000040429,10,11,13,1735,2,2,1,1.0,3.0,66136,M,4270044.0,289037.0,66
201000040430,10,11,16,710,2,2,1,1.0,2.0,66136,M,4269364.0,289048.0,66
201000040431,10,11,16,800,1,2,1,1.0,3.0,66136,M,4267202.0,290497.0,66
201000040432,10,11,16,830,1,2,1,1.0,6.0,66136,M,4268355.0,290555.0,66
201000040433,10,11,19,425,3,1,1,1.0,6.0,66136,M,,,66
201000040434,10,11,19,1758,2,2,1,1.0,3.0,66136,M,4272444.0,289100.0,66
201000040435,10,11,2,1630,1,2,1,1.0,6.0,66136,M,4268903.0,287938.0,66
201000040436,10,11,22,2048,5,2,2,1.0,3.0,66136,M,4269485.0,288907.0,66
201000040437,10,11,23,1125,1,2,1,1.0,6.0,66136,M,4269684.0,290365.0,66
201000040438,10,12,1,1250,1,2,1,2.0,1.0,66136,M,4270701.0,288569.0,66
201000040439,10,12,1,1220,1,1,1,2.0,4.0,66136,M,4270701.0,290606.0,66
201000040440,10,11,30,1725,2,2,1,2.0,6.0,66136,M,4269034.0,289171.0,66
201000040441,10,12,3,1100,1,1,1,1.0,6.0,66136,M,4270934.0,287670.0,66
201000040442,10,12,2,1340,1,2,1,1.0,3.0,66136,M,4269148.0,289460.0,66
201000040443,10,12,2,1800,5,2,1,2.0,4.0,66136,M,4270719.0,289157.0,66