Num_Acc,an,mois,jour,hrmn,lum,agg,int,atm,col,com,gps,lat,long,dep
201000040444,10,12,2,1940,5,2,1,1.0,6.0,66136,M,4274540.0,289347.0,66
201000040445,10,12,3,1900,5,2,6,1.0,3.0,66136,M,4268859.0,289510.0,66
201000040446,10,12,4,1940,5,2,1,1.0,1.0,66136,M,4270347.0,287673.0,66
201000040447,10,12,6,1210,1,2,1,1.0,3.0,66136,M,4268653.0,288187.0,66
201000040448,10,12,6,1525,1,2,1,1.0,2.0,66136,M,4268137.0,285513.0,66
201000040449,10,12,5,1440,1,2,1,1.0,6.0,66136,M,,,66
201000040450,10,12,9,1800,2,2,1,1.0,6.0,66136,M,4268876.0,289497.0,66
201000040451,10,12,11,1750,2,2,1,1.0,6.0,66136,M,4271091.0,288462.0,66
201000040452,10,12,11,1215,1,2,1,1.0,3.0,66136,M,4268421.0,290889.0,66
201000040453,10,12,11,1015,1,2,1,1.0,6.0,66136,M,4269328.0,290176.0,66
201000040454,10,12,14,1400,1,2,2,1.0,3.0,66136,M,4269810.0,288654.0,66
201000040455,10,12,9,805,1,2,1,1.0,3.0,66136,M,4271621.0,288793.0,66
201000040456,10,12,22,750,2,2,1,1.0,6.0,66136,M,4269564.0,287639.0,66
201000040457,10,12,9,800,1,2,3,1.0,3.0,66136,M,4269036.0,283552.0,66
201000040458,10,12,24,1605,1,2,1,6.0,4.0,66136,M,4273739.0,289098.0,66
201000040459,10,1,4,1802,3,1,1,1.0,5.0,67180,M,,,67
201000040460,10,2,1,1400,1,2,1,4.0,1.0,67180,M,,,67
201000040461,10,2,12,1020,1,1,1,4.0,1.0,67180,M,,,67
201000040462,10,3,7,352,3,1,1,1.0,6.0,67180,M,,,67
201000040463,10,3,22,1700,1,1,1,1.0,4.0,67180,M,,,67
201000040464,10,3,29,930,1,1,6,2.0,6.0,67180,M,,,67
201000040465,10,4,22,1920,1,1,1,1.0,6.0,67180,M,,,67
201000040466,10,4,25,35,5,2,1,1.0,6.0,67180,M,,,67
201000040467,10,5,19,1645,1,2,1,2.0,6.0,67180,M,,,67
201000040468,10,5,25,620,1,2,1,1.0,3.0,67180,M,,,67
201000040469,10,5,29,2000,1,2,1,1.0,1.0,67180,M,,,67
201000040470,10,5,28,1901,1,2,1,1.0,6.0,67180,M,,,67
201000040471,10,6,6,1815,1,1,1,3.0,7.0,67180,M,,,67
201000040472,10,6,24,545,2,2,1,1.0,3.0,67180,M,,,67
201000040473,10,6,28,1605,1,2,1,1.0,3.0,67180,M,,,67
201000040474,10,7,13,2030,1,1,1,1.0,7.0,67180,M,,,67
201000040475,10,10,7,1720,1,2,2,1.0,3.0,67180,M,,,67
201000040476,10,11,13,1420,1,2,2,1.0,3.0,67180,M,,,67
201000040477,10,11,27,830,1,1,1,4.0,7.0,67180,M,,,67
201000040478,10,11,30,1450,1,2,1,4.0,3.0,67180,M,,,67
201000040479,10,12,21,555,3,1,1,4.0,1.0,67180,M,,,67
201000040480,10,2,23,1330,1,1,1,8.0,1.0,67462,M,,,67
201000040481,10,3,29,1423,1,1,1,1.0,1.0,67462,M,,,67
201000040482,10,4,1,2225,5,2,5,1.0,1.0,67462,M,,,67
201000040483,10,5,26,2016,1,2,3,2.0,2.0,67462,M,,,67
201000040484,10,7,8,1830,1,2,2,1.0,3.0,67462,M,,,67
201000040485,10,9,27,1328,1,2,2,1.0,3.0,67462,M,,,67
201000040486,10,12,4,1200,1,2,1,7.0,6.0,67462,M,,,67
201000040487,10,1,1,20,5,2,1,1.0,6.0,67482,M,,,67
201000040488,10,1,3,930,1,2,1,1.0,6.0,67447,M,,,67
201000040489,10,1,4,945,1,2,3,8.0,6.0,67447,M,,,67
201000040490,10,1,5,900,1,2,4,1.0,3.0,67482,M,,,67
201000040491,10,1,5,1350,1,2,2,1.0,3.0,67482,M,,,67
201000040492,10,1,7,730,2,2,4,4.0,5.0,67482,M,,,67
201000040493,10,1,7,800,1,2,3,4.0,6.0,67482,M,,,67
201000040494,10,1,9,1815,5,2,1,4.0,3.0,67482,M,,,67
201000040495,10,1,10,305,5,2,3,4.0,3.0,67482,M,,,67
201000040496,10,1,13,1115,1,2,1,8.0,5.0,67482,M,,,67
201000040497,10,1,19,515,5,2,3,5.0,3.0,67482,M,,,67
201000040498,10,1,15,809,1,2,1,1.0,6.0,67482,M,,,67
201000040499,10,1,18,245,5,2,3,2.0,6.0,67482,M,,,67
201000040500,10,1,18,615,5,2,1,1.0,4.0,67447,M,,,67
201000040501,10,1,18,1305,1,2,3,1.0,3.0,67447,M,,,67
201000040502,10,1,19,1230,1,2,2,8.0,6.0,67482,M,,,67
201000040503,10,1,20,710,2,2,1,1.0,1.0,67482,M,,,67
201000040504,10,1,20,1450,1,2,1,1.0,6.0,67447,M,,,67
201000040505,10,1,21,1030,1,2,1,1.0,6.0,67482,M,,,67
201000040506,10,1,23,1610,1,2,1,1.0,6.0,67482,M,,,67
201000040507,10,1,25,818,1,2,1,2.0,5.0,67482,M,,,67
201000040508,10,1,26,840,1,2,2,1.0,6.0,67482,M,,,67
201000040509,10,1,26,1725,5,2,1,1.0,6.0,67482,M,,,67
201000040510,10,1,28,600,2,2,1,4.0,2.0,67482,M,,,67
201000040511,10,1,28,1200,1,2,1,4.0,6.0,67482,M,,,67
201000040512,10,1,28,2130,5,2,1,1.0,6.0,67043,M,,,67
201000040513,10,1,31,130,5,2,1,4.0,3.0,67482,M,,,67
201000040514,10,2,1,910,1,2,2,8.0,6.0,67218,M,,,67
201000040515,10,2,4,1815,5,2,1,1.0,6.0,67482,M,,,67
201000040516,10,2,5,1320,1,2,1,2.0,6.0,67482,M,,,67
201000040517,10,2,5,1710,5,2,2,2.0,6.0,67482,M,,,67
201000040518,10,2,5,1810,5,1,1,9.0,6.0,67482,M,,,67
201000040519,10,2,5,2115,5,2,1,1.0,6.0,67482,M,,,67
201000040520,10,2,7,1610,1,2,2,1.0,3.0,67482,M,,,67
201000040521,10,2,12,1845,5,2,1,1.0,6.0,67482,M,,,67
201000040522,10,2,16,1650,1,2,1,1.0,3.0,67218,M,,,67
201000040523,10,2,16,1840,5,2,1,1.0,6.0,67482,M,,,67
201000040524,10,2,19,1110,1,2,2,3.0,3.0,67218,M,,,67
201000040525,10,2,19,1300,1,2,1,2.0,3.0,67482,M,,,67
201000040526,10,2,20,1248,1,2,1,1.0,3.0,67218,M,,,67
201000040527,10,2,21,415,5,2,1,1.0,6.0,67482,M,,,67
201000040528,10,2,21,2200,5,2,2,1.0,6.0,67218,M,,,67
201000040529,10,2,22,1745,1,2,2,1.0,6.0,67447,M,,,67
201000040530,10,2,24,1010,1,2,1,2.0,6.0,67482,M,,,67
201000040531,10,2,24,1205,1,2,3,1.0,3.0,67482,M,,,67
201000040532,10,2,24,1710,1,2,1,1.0,4.0,67482,M,,,67
201000040533,10,2,25,840,1,2,2,1.0,3.0,67482,M,,,67
201000040534,10,2,26,1200,1,2,1,2.0,6.0,67447,M,,,67
201000040535,10,2,26,1720,1,2,3,1.0,6.0,67218,M,,,67
201000040536,10,2,26,1940,5,2,1,1.0,6.0,67482,M,,,67
201000040537,10,2,27,1530,1,2,1,1.0,3.0,67482,M,,,67
201000040538,10,2,28,1805,2,2,1,6.0,6.0,67447,M,,,67
201000040539,10,3,1,1200,1,2,1,1.0,6.0,67482,M,,,67
201000040540,10,3,1,1500,1,2,2,1.0,3.0,67482,M,,,67
201000040541,10,3,1,1640,1,2,1,1.0,6.0,67204,M,,,67
201000040542,10,3,2,720,2,2,1,2.0,6.0,67482,M,,,67
201000040543,10,3,2,805,1,2,2,2.0,3.0,67482,M,,,67
201000040544,10,3,2,1240,1,2,2,1.0,3.0,67447,M,,,67
201000040545,10,3,2,1320,1,2,2,8.0,3.0,67482,M,,,67
201000040546,10,3,2,2007,5,2,3,1.0,6.0,67482,M,,,67
201000040547,10,3,3,1030,1,2,3,1.0,1.0,67482,M,,,67
201000040548,10,3,3,1530,1,2,1,1.0,6.0,67482,M,,,67
201000040549,10,3,3,1630,1,2,3,1.0,3.0,67482,M,,,67
201000040550,10,3,4,735,1,2,1,1.0,2.0,67482,M,,,67
201000040551,10,3,4,800,1,2,1,1.0,4.0,67482,M,,,67
201000040552,10,3,5,735,1,2,1,1.0,6.0,67482,M,,,67
201000040553,10,3,5,1230,1,2,1,1.0,6.0,67482,M,,,67
201000040554,10,3,8,2115,5,2,1,1.0,6.0,67482,M,,,67
201000040555,10,3,7,930,1,2,2,1.0,6.0,67482,M,,,67
201000040556,10,3,8,840,1,2,1,1.0,6.0,67482,M,,,67
201000040557,10,3,8,955,1,2,8,1.0,6.0,67482,M,,,67
201000040558,10,3,8,1415,1,2,1,1.0,1.0,67482,M,,,67
201000040559,10,3,8,2150,5,2,3,1.0,2.0,67482,M,,,67
201000040560,10,3,9,520,5,2,2,1.0,6.0,67482,M,,,67
201000040561,10,3,9,820,1,2,1,1.0,6.0,67482,M,,,67
201000040562,10,3,9,1800,1,2,1,1.0,6.0,67482,M,,,67
201000040563,10,3,10,930,1,2,1,6.0,6.0,67447,M,,,67
201000040564,10,3,10,2010,5,2,1,1.0,3.0,67043,M,,,67
201000040565,10,3,11,800,1,2,3,4.0,6.0,67482,M,,,67
201000040566,10,3,11,930,1,2,1,4.0,6.0,67482,M,,,67
201000040567,10,3,12,1540,1,2,1,1.0,7.0,67482,M,,,67
201000040568,10,3,15,845,1,2,2,2.0,3.0,67482,M,,,67
201000040569,10,3,17,830,1,2,2,2.0,3.0,67482,M,,,67
201000040570,10,3,16,1610,1,2,1,1.0,6.0,67218,M,,,67
201000040571,10,3,16,1731,1,2,2,1.0,6.0,67482,M,,,67
201000040572,10,3,17,835,1,2,2,1.0,3.0,67447,M,,,67
201000040573,10,3,17,1954,5,2,2,1.0,3.0,67482,M,,,67
201000040574,10,3,19,1335,1,2,1,1.0,5.0,67482,M,,,67
201000040575,10,3,19,1615,1,2,2,1.0,3.0,67218,M,,,67
201000040576,10,3,19,1730,1,2,1,1.0,6.0,67482,M,,,67
201000040577,10,3,21,430,5,2,2,2.0,3.0,67482,M,,,67
201000040578,10,3,22,840,1,2,3,1.0,3.0,67482,M,,,67
201000040579,10,3,23,1730,1,2,1,1.0,4.0,67482,M,,,67
201000040580,10,3,23,1955,2,2,1,1.0,5.0,67218,M,,,67
201000040581,10,3,23,2255,5,2,1,1.0,6.0,67218,M,,,67
201000040582,10,3,24,1445,1,2,2,1.0,6.0,67218,M,,,67
201000040583,10,3,25,910,1,2,1,1.0,3.0,67482,M,,,67
201000040584,10,3,24,1130,1,2,2,1.0,3.0,67482,M,,,67
201000040585,10,3,26,1625,1,2,2,2.0,3.0,67482,M,,,67
201000040586,10,3,26,1730,1,2,3,1.0,6.0,67218,M,,,67
201000040587,10,3,26,1945,5,2,2,2.0,3.0,67447,M,,,67
201000040588,10,3,26,2020,5,2,3,2.0,3.0,67218,M,,,67
201000040589,10,3,27,1155,1,1,1,1.0,3.0,67218,M,,,67
201000040590,10,3,27,2010,5,2,1,1.0,1.0,67482,M,,,67
201000040591,10,3,28,1035,1,2,2,8.0,3.0,67482,M,,,67
201000040592,10,3,28,2050,5,2,3,1.0,3.0,67482,M,,,67
201000040593,10,3,30,920,1,2,2,1.0,3.0,67482,M,,,67
201000040594,10,3,30,1500,1,2,2,1.0,3.0,67482,M,,,67
201000040595,10,3,30,2220,5,2,1,1.0,6.0,67218,M,,,67
201000040596,10,3,31,1720,1,2,1,2.0,2.0,67218,M,,,67
201000040597,10,4,1,840,1,2,1,1.0,6.0,67267,M,,,67
201000040598,10,4,2,425,5,2,1,1.0,7.0,67482,M,,,67
201000040599,10,4,3,1405,1,2,5,1.0,6.0,67482,M,,,67
201000040600,10,4,6,830,1,2,3,1.0,6.0,67482,M,,,67
201000040601,10,4,6,950,1,1,1,1.0,3.0,67482,M,,,67
201000040602,10,4,6,1815,1,2,1,1.0,6.0,67482,M,,,67
201000040603,10,4,6,2135,5,2,1,1.0,6.0,67218,M,,,67
201000040604,10,4,7,1015,1,2,1,1.0,2.0,67482,M,,,67
201000040605,10,4,7,1855,1,2,1,1.0,6.0,67482,M,,,67
201000040606,10,4,8,1715,1,2,1,8.0,3.0,67482,M,,,67
201000040607,10,4,9,825,1,2,1,1.0,3.0,67482,M,,,67
201000040608,10,4,9,930,1,2,2,1.0,3.0,67482,M,,,67
201000040609,10,4,9,1600,1,2,1,1.0,4.0,67482,M,,,67
201000040610,10,4,9,1730,1,1,1,1.0,6.0,67482,M,,,67
201000040611,10,4,13,1230,1,2,1,2.0,3.0,67447,M,,,67
201000040612,10,4,13,1650,1,2,1,1.0,6.0,67482,M,,,67
201000040613,10,4,13,1450,1,2,1,1.0,6.0,67482,M,,,67
201000040614,10,4,14,1645,1,2,1,1.0,3.0,67447,M,,,67
201000040615,10,4,14,1715,1,2,1,1.0,6.0,67482,M,,,67
201000040616,10,4,15,1150,1,2,1,1.0,3.0,67482,M,,,67
201000040617,10,4,15,1900,1,2,2,1.0,6.0,67365,M,,,67
201000040618,10,4,15,2040,5,2,2,1.0,3.0,67482,M,,,67
201000040619,10,4,17,1100,1,2,3,1.0,3.0,67482,M,,,67
201000040620,10,4,17,1240,1,2,1,1.0,6.0,67482,M,,,67
201000040621,10,4,18,320,5,2,2,1.0,6.0,67482,M,,,67
201000040622,10,4,18,630,2,2,1,1.0,6.0,67482,M,,,67
201000040623,10,4,18,1400,1,2,4,1.0,6.0,67204,M,,,67
201000040624,10,4,18,1710,1,2,1,1.0,6.0,67482,M,,,67
201000040625,10,4,19,1730,1,2,1,2.0,3.0,67482,M,,,67
201000040626,10,4,21,1405,1,2,1,1.0,3.0,67482,M,,,67
201000040627,10,4,21,1420,1,2,3,1.0,3.0,67482,M,,,67
201000040628,10,4,21,1647,1,2,1,1.0,3.0,67447,M,,,67
201000040629,10,4,22,1945,1,2,1,1.0,6.0,67482,M,,,67
201000040630,10,4,23,940,1,2,3,1.0,6.0,67482,M,,,67
201000040631,10,4,25,1725,1,2,1,1.0,6.0,67482,M,,,67
201000040632,10,4,27,1130,1,2,2,1.0,3.0,67482,M,,,67
201000040633,10,4,27,1725,1,2,1,1.0,6.0,67482,M,,,67
201000040634,10,4,27,1840,1,2,1,1.0,6.0,67482,M,,,67
201000040635,10,4,28,1130,1,2,1,1.0,6.0,67482,M,,,67
201000040636,10,4,28,1330,1,2,1,1.0,3.0,67218,M,,,67
201000040637,10,4,28,2040,2,2,2,1.0,3.0,67482,M,,,67
201000040638,10,4,29,1810,1,2,4,1.0,6.0,67482,M,,,67
201000040639,10,4,30,1350,1,2,1,1.0,6.0,67482,M,,,67
201000040640,10,4,30,1820,1,2,2,1.0,3.0,67482,M,,,67
201000040641,10,4,30,2130,5,2,1,2.0,6.0,67482,M,,,67
201000040642,10,5,2,1215,1,2,2,1.0,2.0,67218,M,,,67
201000040643,10,5,3,740,1,2,3,8.0,3.0,67043,M,,,67
201000040644,10,5,3,745,1,2,3,8.0,2.0,67365,M,,,67
201000040645,10,5,5,1800,1,2,1,1.0,3.0,67482,M,,,67
201000040646,10,5,5,1845,1,2,2,1.0,6.0,67482,M,,,67
201000040647,10,5,6,1800,1,2,1,3.0,6.0,67218,M,,,67
201000040648,10,5,7,26,5,2,1,2.0,6.0,67482,M,,,67
201000040649,10,5,8,1330,1,2,1,1.0,6.0,67482,M,,,67
201000040650,10,5,9,1500,1,2,2,2.0,3.0,67482,M,,,67
201000040651,10,5,9,2150,5,2,3,2.0,3.0,67482,M,,,67
201000040652,10,5,8,1325,1,2,1,1.0,2.0,67482,M,,,67
201000040653,10,5,10,1710,1,2,2,1.0,3.0,67482,M,,,67
201000040654,10,5,12,1325,1,2,2,1.0,2.0,67482,M,,,67
201000040655,10,5,12,1700,1,2,1,1.0,6.0,67482,M,,,67
201000040656,10,5,13,1120,1,2,2,1.0,3.0,67482,M,,,67
201000040657,10,5,14,1230,1,2,2,1.0,1.0,67482,M,,,67
201000040658,10,5,14,1925,2,2,1,1.0,6.0,67482,M,,,67
201000040659,10,5,16,2055,2,2,1,1.0,2.0,67482,M,,,67
201000040660,10,5,17,1145,1,2,1,1.0,6.0,67482,M,,,67
201000040661,10,5,17,1700,1,2,1,1.0,4.0,67482,M,,,67
201000040662,10,5,17,1745,1,2,2,1.0,6.0,67043,M,,,67
201000040663,10,5,18,1400,1,2,2,1.0,2.0,67482,M,,,67
201000040664,10,5,18,1700,1,2,1,1.0,1.0,67482,M,,,67
201000040665,10,5,18,1800,1,2,1,1.0,6.0,67482,M,,,67
201000040666,10,5,18,1930,1,2,1,1.0,3.0,67482,M,,,67
201000040667,10,5,18,2000,1,2,1,1.0,6.0,67482,M,,,67
201000040668,10,5,19,930,1,2,2,1.0,7.0,67043,M,,,67
201000040669,10,5,19,1930,1,2,3,2.0,3.0,67482,M,,,67
201000040670,10,5,20,1700,1,2,2,2.0,3.0,67482,M,,,67
201000040671,10,5,20,1935,1,2,1,1.0,4.0,67482,M,,,67
201000040672,10,5,21,800,1,2,1,1.0,3.0,67482,M,,,67
201000040673,10,5,21,810,1,2,1,8.0,6.0,67482,M,,,67
201000040674,10,5,21,855,1,2,1,2.0,6.0,67447,M,,,67
201000040675,10,5,21,1215,1,2,2,1.0,3.0,67482,M,,,67
201000040676,10,5,22,410,5,2,1,1.0,7.0,67447,M,,,67
201000040677,10,5,22,1027,1,2,5,1.0,6.0,67482,M,,,67
201000040678,10,5,22,1605,1,2,1,1.0,6.0,67482,M,,,67
201000040679,10,5,22,2100,5,2,3,1.0,6.0,67482,M,,,67
201000040680,10,5,24,1130,1,2,1,1.0,2.0,67482,M,,,67
201000040681,10,5,25,1845,1,2,1,1.0,6.0,67447,M,,,67
201000040682,10,5,26,1525,1,2,1,2.0,1.0,67447,M,,,67
201000040683,10,5,26,1720,1,2,2,3.0,6.0,67482,M,,,67
201000040684,10,5,26,1820,1,2,1,2.0,6.0,67482,M,,,67
201000040685,10,5,26,2200,5,2,1,2.0,3.0,67482,M,,,67
201000040686,10,5,27,1540,1,2,1,1.0,2.0,67482,M,,,67
201000040687,10,5,28,620,2,2,4,1.0,3.0,67482,M,,,67
201000040688,10,5,28,2145,5,2,1,1.0,2.0,67482,M,,,67
201000040689,10,5,29,523,2,2,2,1.0,3.0,67482,M,,,67
201000040690,10,5,29,1400,1,2,2,1.0,3.0,67482,M,,,67
201000040691,10,5,29,2120,2,2,1,1.0,6.0,67482,M,,,67
201000040692,10,5,30,1544,1,2,1,1.0,1.0,67482,M,,,67
201000040693,10,6,1,905,1,2,1,1.0,3.0,67482,M,,,67
201000040694,10,6,1,1215,1,2,1,1.0,2.0,67482,M,,,67
201000040695,10,6,2,1840,1,2,1,1.0,3.0,67482,M,,,67
201000040696,10,6,4,730,1,2,1,1.0,3.0,67482,M,,,67
201000040697,10,6,4,1420,1,2,1,1.0,2.0,67482,M,,,67
201000040698,10,6,4,940,1,2,1,1.0,6.0,67482,M,,,67
201000040699,10,6,4,1640,1,2,2,1.0,6.0,67482,M,,,67
201000040700,10,6,4,1800,1,2,1,1.0,6.0,67482,M,,,67
201000040701,10,6,4,2015,1,2,2,1.0,6.0,67482,M,,,67
201000040702,10,6,5,1420,1,2,1,1.0,6.0,67482,M,,,67
201000040703,10,6,5,1945,1,2,1,1.0,1.0,67482,M,,,67
201000040704,10,6,5,1950,1,2,2,1.0,6.0,67218,M,,,67
201000040705,10,6,5,1950,1,2,1,1.0,3.0,67482,M,,,67
201000040706,10,6,5,1955,1,2,1,1.0,2.0,67447,M,,,67
201000040707,10,6,7,910,1,2,1,1.0,2.0,67204,M,,,67
201000040708,10,6,5,2020,1,2,5,1.0,6.0,67482,M,,,67
201000040709,10,6,5,2300,5,2,1,1.0,6.0,67482,M,,,67
201000040710,10,6,7,1030,1,2,1,1.0,6.0,67482,M,,,67
201000040711,10,6,7,1210,1,2,1,1.0,3.0,67482,M,,,67
201000040712,10,6,7,1621,1,2,1,1.0,3.0,67482,M,,,67
201000040713,10,6,8,1115,1,2,1,1.0,3.0,67482,M,,,67
201000040714,10,6,8,1800,1,2,1,1.0,4.0,67482,M,,,67
201000040715,10,6,9,1535,1,1,2,1.0,3.0,67482,M,,,67
201000040716,10,6,9,940,1,2,1,1.0,4.0,67482,M,,,67
201000040717,10,6,11,1200,1,2,1,1.0,3.0,67482,M,,,67
201000040718,10,6,11,1705,1,2,2,1.0,3.0,67482,M,,,67
201000040719,10,6,12,1035,1,2,2,1.0,3.0,67482,M,,,67
201000040720,10,6,12,1225,1,2,2,1.0,6.0,67482,M,,,67
201000040721,10,6,12,1525,1,2,1,1.0,6.0,67447,M,,,67
201000040722,10,6,13,1130,1,1,2,1.0,6.0,67482,M,,,67
201000040723,10,6,15,755,1,2,1,1.0,6.0,67482,M,,,67
201000040724,10,6,15,758,1,2,1,1.0,6.0,67482,M,,,67
201000040725,10,6,16,1150,1,2,1,1.0,6.0,67447,M,,,67
201000040726,10,6,16,1535,1,2,1,1.0,6.0,67482,M,,,67
201000040727,10,6,16,1750,1,2,3,1.0,3.0,67267,M,,,67
201000040728,10,6,17,5,5,2,1,2.0,6.0,67482,M,,,67
201000040729,10,6,17,1415,1,2,1,1.0,7.0,67482,M,,,67
201000040730,10,6,18,725,1,2,2,8.0,3.0,67482,M,,,67
201000040731,10,6,18,1345,1,2,2,1.0,3.0,67482,M,,,67
201000040732,10,6,18,1700,1,2,3,1.0,3.0,67482,M,,,67
201000040733,10,6,18,1820,1,2,1,1.0,6.0,67043,M,,,67
201000040734,10,6,19,115,5,2,2,1.0,3.0,67482,M,,,67
201000040735,10,6,19,2010,1,2,1,1.0,3.0,67482,M,,,67
201000040736,10,6,21,740,1,2,5,1.0,3.0,67482,M,,,67
201000040737,10,6,21,735,1,2,1,1.0,3.0,67482,M,,,67
201000040738,10,6,22,1650,1,2,3,1.0,2.0,67447,M,,,67
201000040739,10,6,22,1745,1,2,6,1.0,3.0,67043,M,,,67
201000040740,10,6,22,2030,1,2,1,1.0,3.0,67218,M,,,67
201000040741,10,6,23,1445,1,2,2,1.0,3.0,67482,M,,,67
201000040742,10,6,23,1550,1,1,1,1.0,6.0,67447,M,,,67
201000040743,10,6,23,1845,1,2,2,1.0,3.0,67218,M,,,67
201000040744,10,6,23,1920,1,2,2,1.0,3.0,67482,M,,,67
201000040745,10,6,24,725,1,2,1,1.0,3.0,67218,M,,,67
201000040746,10,6,24,920,1,2,2,1.0,7.0,67482,M,,,67
201000040747,10,6,24,1550,1,2,1,1.0,6.0,67482,M,,,67
201000040748,10,6,25,900,1,2,1,1.0,3.0,67482,M,,,67
201000040749,10,6,25,935,1,2,1,1.0,3.0,67218,M,,,67
201000040750,10,6,25,1500,1,2,1,1.0,7.0,67482,M,,,67
201000040751,10,6,25,1335,1,2,2,1.0,3.0,67482,M,,,67
201000040752,10,6,25,2220,3,2,1,1.0,7.0,67482,M,,,67
201000040753,10,6,27,125,5,2,1,1.0,7.0,67365,M,,,67
201000040754,10,6,27,2255,5,2,1,1.0,2.0,67482,M,,,67
201000040755,10,6,28,1715,1,2,1,1.0,6.0,67482,M,,,67
201000040756,10,6,29,1221,1,2,2,1.0,3.0,67482,M,,,67
201000040757,10,6,29,600,1,2,3,1.0,3.0,67365,M,,,67
201000040758,10,6,29,1350,1,2,1,1.0,6.0,67482,M,,,67
201000040759,10,6,29,2110,2,2,2,2.0,6.0,67482,M,,,67
201000040760,10,6,30,1340,1,2,2,1.0,3.0,67267,M,,,67
201000040761,10,6,30,1415,1,2,3,1.0,3.0,67482,M,,,67
201000040762,10,6,30,1450,1,2,1,1.0,3.0,67447,M,,,67
201000040763,10,6,30,1920,1,2,1,1.0,6.0,67482,M,,,67
201000040764,10,7,1,815,1,2,1,1.0,6.0,67482,M,,,67
201000040765,10,7,1,1100,1,2,1,1.0,6.0,67482,M,,,67
201000040766,10,7,1,1620,1,2,3,1.0,3.0,67218,M,,,67
201000040767,10,7,2,2130,5,2,3,1.0,6.0,67482,M,,,67
201000040768,10,7,2,1000,1,2,3,7.0,3.0,67482,M,,,67
201000040769,10,7,2,1120,1,2,2,1.0,3.0,67482,M,,,67
201000040770,10,7,2,1700,1,2,2,1.0,3.0,67482,M,,,67
201000040771,10,7,2,2355,5,2,2,1.0,6.0,67482,M,,,67
201000040772,10,7,4,1820,1,2,3,1.0,3.0,67482,M,,,67
201000040773,10,7,5,1310,1,2,1,1.0,2.0,67482,M,,,67
201000040774,10,7,6,1045,1,2,9,1.0,6.0,67043,M,,,67
201000040775,10,7,6,1130,1,2,3,1.0,6.0,67218,M,,,67
201000040776,10,7,6,1650,1,2,3,1.0,6.0,67482,M,,,67
201000040777,10,7,6,1800,1,2,3,1.0,3.0,67043,M,,,67
201000040778,10,7,7,1155,1,2,1,1.0,3.0,67482,M,,,67
201000040779,10,7,7,1320,1,2,3,1.0,3.0,67482,M,,,67
201000040780,10,7,7,1855,1,2,2,1.0,6.0,67482,M,,,67
201000040781,10,7,7,1900,1,2,1,1.0,2.0,67447,M,,,67
201000040782,10,7,8,1500,1,2,1,1.0,7.0,67482,M,,,67
201000040783,10,7,10,105,5,2,3,1.0,3.0,67482,M,,,67
201000040784,10,7,9,1600,1,2,3,1.0,3.0,67482,M,,,67
201000040785,10,7,9,2045,1,2,1,1.0,7.0,67482,M,,,67
201000040786,10,7,10,330,5,2,3,1.0,3.0,67482,M,,,67
201000040787,10,7,10,925,1,2,1,1.0,7.0,67218,M,,,67
201000040788,10,7,10,2010,1,2,2,1.0,3.0,67204,M,,,67
201000040789,10,7,10,2300,5,2,1,3.0,7.0,67482,M,,,67
201000040790,10,7,11,1540,1,2,1,1.0,6.0,67482,M,,,67
201000040791,10,7,12,710,1,2,1,1.0,3.0,67482,M,,,67
201000040792,10,7,12,1140,1,2,3,1.0,3.0,67365,M,,,67
201000040793,10,7,13,1625,1,2,3,1.0,7.0,67482,M,,,67
201000040794,10,7,13,1935,1,2,2,1.0,3.0,67447,M,,,67
201000040795,10,7,14,2340,5,2,2,1.0,3.0,67482,M,,,67
201000040796,10,7,16,1955,1,2,3,1.0,3.0,67482,M,,,67
201000040797,10,7,18,2150,1,2,1,1.0,7.0,67482,M,,,67
201000040798,10,7,18,515,2,2,2,1.0,3.0,67482,M,,,67
201000040799,10,7,19,1445,1,2,5,1.0,3.0,67482,M,,,67
201000040800,10,7,19,1647,1,2,2,1.0,6.0,67482,M,,,67
201000040801,10,7,20,1150,1,2,1,1.0,6.0,67482,M,,,67
201000040802,10,7,21,915,1,2,1,1.0,2.0,67482,M,,,67
201000040803,10,7,21,1600,1,2,1,1.0,3.0,67447,M,,,67
201000040804,10,7,21,1935,1,2,2,1.0,2.0,67482,M,,,67
201000040805,10,7,21,2355,5,2,1,8.0,2.0,67482,M,,,67
201000040806,10,7,22,1425,1,2,1,2.0,6.0,67482,M,,,67
201000040807,10,7,23,1200,1,2,2,1.0,6.0,67482,M,,,67
201000040808,10,7,23,1640,1,2,3,8.0,2.0,67447,M,,,67
201000040809,10,7,23,1900,2,2,2,2.0,3.0,67482,M,,,67
201000040810,10,7,28,1300,1,2,1,2.0,6.0,67043,M,,,67
201000040811,10,7,28,1330,1,2,1,2.0,7.0,67218,M,,,67
201000040812,10,7,28,2025,1,2,2,1.0,3.0,67482,M,,,67
201000040813,10,7,29,1648,1,2,1,1.0,6.0,67482,M,,,67
201000040814,10,7,29,1640,1,2,1,1.0,2.0,67482,M,,,67
201000040815,10,7,30,1810,1,2,1,2.0,6.0,67482,M,,,67
201000040816,10,7,31,1240,1,2,2,1.0,6.0,67482,M,,,67
201000040817,10,7,31,1725,1,2,2,1.0,3.0,67482,M,,,67
201000040818,10,7,31,1945,1,2,1,1.0,6.0,67482,M,,,67
201000040819,10,7,31,2325,5,2,2,1.0,3.0,67482,M,,,67
201000040820,10,8,3,1015,1,2,2,1.0,1.0,67482,M,,,67
201000040821,10,8,7,950,1,2,1,1.0,6.0,67043,M,,,67
201000040822,10,8,9,1600,1,2,2,1.0,6.0,67267,M,,,67
201000040823,10,8,10,1820,1,2,3,1.0,3.0,67482,M,,,67
201000040824,10,8,10,2240,5,2,3,1.0,6.0,67447,M,,,67
201000040825,10,8,11,2330,5,2,1,2.0,3.0,67482,M,,,67
201000040826,10,8,13,1805,1,2,3,1.0,3.0,67447,M,,,67