Num_Acc,an,mois,jour,hrmn,lum,agg,int,atm,col,com,gps,lat,long,dep
201000040827,10,8,13,1900,1,2,1,1.0,6.0,67482,M,,,67
201000040828,10,8,13,1945,1,2,2,1.0,6.0,67482,M,,,67
201000040829,10,8,17,750,1,2,1,1.0,1.0,67447,M,,,67
201000040830,10,8,17,1500,1,2,3,2.0,2.0,67482,M,,,67
201000040831,10,8,18,1150,1,2,1,2.0,6.0,67365,M,,,67
201000040832,10,8,18,1210,1,2,2,2.0,6.0,67482,M,,,67
201000040833,10,8,19,1820,1,2,1,1.0,6.0,67482,M,,,67
201000040834,10,8,19,1830,1,2,1,1.0,6.0,67267,M,,,67
201000040835,10,8,19,2305,5,2,3,1.0,6.0,67482,M,,,67
201000040836,10,8,20,730,1,2,1,1.0,3.0,67482,M,,,67
201000040837,10,8,20,1310,1,2,2,1.0,3.0,67482,M,,,67
201000040838,10,8,20,1600,1,2,1,1.0,6.0,67482,M,,,67
201000040839,10,8,20,2130,5,2,3,1.0,3.0,67482,M,,,67
201000040840,10,8,22,1330,1,2,3,1.0,3.0,67482,M,,,67
201000040841,10,8,24,1,5,2,3,1.0,6.0,67447,M,,,67
201000040842,10,8,24,945,1,2,3,3.0,6.0,67482,M,,,67
201000040843,10,8,25,340,5,2,2,1.0,6.0,67482,M,,,67
201000040844,10,8,25,1815,1,2,4,1.0,6.0,67482,M,,,67
201000040845,10,8,26,850,1,2,3,1.0,3.0,67482,M,,,67
201000040846,10,8,26,1916,1,2,3,1.0,3.0,67218,M,,,67
201000040847,10,8,27,1320,1,2,1,1.0,6.0,67218,M,,,67
201000040848,10,8,27,1455,1,2,1,1.0,5.0,67482,M,,,67
201000040849,10,8,28,1600,1,1,1,2.0,3.0,67447,M,,,67
201000040850,10,8,28,1900,1,2,1,1.0,6.0,67482,M,,,67
201000040851,10,8,29,1605,1,2,3,3.0,6.0,67365,M,,,67
201000040852,10,8,30,935,1,2,1,1.0,6.0,67218,M,,,67
201000040853,10,8,30,1610,1,2,2,1.0,3.0,67482,M,,,67
201000040854,10,9,1,1845,1,2,1,1.0,3.0,67204,M,,,67
201000040855,10,9,2,1300,1,2,2,1.0,3.0,67482,M,,,67
201000040856,10,9,3,1710,1,2,2,1.0,3.0,67482,M,,,67
201000040857,10,9,4,1205,1,2,3,1.0,5.0,67482,M,,,67
201000040858,10,9,4,2050,4,2,1,1.0,3.0,67482,M,,,67
201000040859,10,9,5,451,5,2,1,1.0,3.0,67482,M,,,67
201000040860,10,9,5,1745,1,2,2,1.0,3.0,67043,M,,,67
201000040861,10,9,6,750,1,2,1,1.0,2.0,67204,M,,,67
201000040862,10,9,6,1815,1,2,2,1.0,6.0,67482,M,,,67
201000040863,10,9,7,1127,1,2,1,2.0,6.0,67482,M,,,67
201000040864,10,9,7,1535,1,2,1,1.0,3.0,67482,M,,,67
201000040865,10,9,8,1310,1,2,1,1.0,3.0,67218,M,,,67
201000040866,10,9,8,1320,1,2,1,2.0,3.0,67482,M,,,67
201000040867,10,9,8,1340,1,2,1,1.0,6.0,67482,M,,,67
201000040868,10,9,8,2205,5,1,2,1.0,6.0,67482,M,,,67
201000040869,10,9,10,825,1,2,3,1.0,4.0,67365,M,,,67
201000040870,10,9,10,1807,1,2,1,1.0,6.0,67482,M,,,67
201000040871,10,9,11,1909,2,2,3,1.0,3.0,67482,M,,,67
201000040872,10,9,12,1825,1,2,1,1.0,3.0,67482,M,,,67
201000040873,10,9,12,2105,4,2,1,2.0,2.0,67482,M,,,67
201000040874,10,9,13,1810,1,2,3,1.0,3.0,67482,M,,,67
201000040875,10,9,14,600,5,2,3,1.0,3.0,67482,M,,,67
201000040876,10,9,15,750,2,2,1,1.0,6.0,67482,M,,,67
201000040877,10,9,15,1300,1,2,3,2.0,6.0,67482,M,,,67
201000040878,10,9,16,750,1,2,3,1.0,3.0,67482,M,,,67
201000040879,10,9,16,825,1,2,1,1.0,2.0,67482,M,,,67
201000040880,10,9,16,1135,1,2,2,1.0,6.0,67482,M,,,67
201000040881,10,9,17,945,1,2,1,1.0,3.0,67218,M,,,67
201000040882,10,9,17,1030,1,2,1,1.0,3.0,67043,M,,,67
201000040883,10,9,18,848,1,2,1,1.0,3.0,67482,M,,,67
201000040884,10,9,19,120,5,2,1,1.0,6.0,67043,M,,,67
201000040885,10,9,19,2040,5,2,1,1.0,6.0,67482,M,,,67
201000040886,10,9,20,1620,1,2,2,1.0,6.0,67482,M,,,67
201000040887,10,9,21,820,1,2,1,1.0,6.0,67482,M,,,67
201000040888,10,9,21,1330,1,2,6,1.0,6.0,67482,M,,,67
201000040889,10,9,21,1705,1,2,9,1.0,2.0,67043,M,,,67
201000040890,10,9,21,1840,1,2,1,1.0,3.0,67482,M,,,67
201000040891,10,9,22,800,1,2,1,1.0,2.0,67482,M,,,67
201000040892,10,9,24,1237,1,2,1,2.0,3.0,67482,M,,,67
201000040893,10,9,24,1620,1,2,3,2.0,3.0,67482,M,,,67
201000040894,10,9,24,1700,1,2,1,2.0,2.0,67482,M,,,67
201000040895,10,9,24,1900,2,2,2,2.0,3.0,67482,M,,,67
201000040896,10,9,28,1410,1,2,1,8.0,6.0,67482,M,,,67
201000040897,10,9,26,1945,5,2,2,1.0,3.0,67482,M,,,67
201000040898,10,9,27,915,1,2,2,1.0,4.0,67482,M,,,67
201000040899,10,9,27,1900,2,2,1,1.0,2.0,67482,M,,,67
201000040900,10,9,29,1345,1,2,1,1.0,6.0,67482,M,,,67
201000040901,10,9,29,1547,1,2,2,8.0,3.0,67482,M,,,67
201000040902,10,10,2,1505,1,2,3,1.0,2.0,67482,M,,,67
201000040903,10,10,1,2315,5,2,1,1.0,1.0,67482,M,,,67
201000040904,10,10,2,850,1,2,3,2.0,3.0,67482,M,,,67
201000040905,10,10,2,1300,1,2,1,1.0,1.0,67447,M,,,67
201000040906,10,10,3,1910,5,2,3,1.0,6.0,67043,M,,,67
201000040907,10,10,3,1955,2,2,3,1.0,3.0,67482,M,,,67
201000040908,10,10,4,950,1,2,9,1.0,6.0,67218,M,,,67
201000040909,10,10,4,1645,1,2,1,1.0,6.0,67482,M,,,67
201000040910,10,10,4,1820,1,2,2,1.0,6.0,67482,M,,,67
201000040911,10,10,4,1940,5,2,2,1.0,6.0,67482,M,,,67
201000040912,10,10,4,2320,5,1,2,1.0,2.0,67482,M,,,67
201000040913,10,10,5,1413,1,2,2,1.0,3.0,67482,M,,,67
201000040914,10,10,6,1,5,2,1,1.0,5.0,67482,M,,,67
201000040915,10,10,6,50,5,2,1,1.0,6.0,67482,M,,,67
201000040916,10,10,5,1945,4,2,1,1.0,3.0,67218,M,,,67
201000040917,10,10,6,1025,1,2,1,1.0,6.0,67267,M,,,67
201000040918,10,10,7,709,2,2,2,5.0,3.0,67482,M,,,67
201000040919,10,10,6,1935,5,2,1,1.0,3.0,67482,M,,,67
201000040920,10,10,6,1523,1,2,1,1.0,7.0,67482,M,,,67
201000040921,10,10,8,1800,1,2,3,1.0,3.0,67482,M,,,67
201000040922,10,10,9,1925,2,2,3,1.0,3.0,67482,M,,,67
201000040923,10,10,10,1220,1,2,3,1.0,3.0,67482,M,,,67
201000040924,10,10,11,815,1,2,1,1.0,2.0,67482,M,,,67
201000040925,10,10,12,1505,1,2,2,1.0,6.0,67482,M,,,67
201000040926,10,10,13,922,1,2,1,1.0,6.0,67482,M,,,67
201000040927,10,10,13,1100,1,2,2,1.0,3.0,67482,M,,,67
201000040928,10,10,15,750,1,2,3,1.0,3.0,67482,M,,,67
201000040929,10,10,15,1110,1,2,2,1.0,3.0,67482,M,,,67
201000040930,10,10,15,1600,1,2,1,1.0,6.0,67482,M,,,67
201000040931,10,10,18,1540,1,2,1,1.0,6.0,67482,M,,,67
201000040932,10,10,20,735,2,2,1,2.0,6.0,67482,M,,,67
201000040933,10,10,20,745,2,2,3,3.0,6.0,67218,M,,,67
201000040934,10,10,20,1430,1,2,1,2.0,3.0,67482,M,,,67
201000040935,10,10,21,1115,1,2,2,1.0,3.0,67482,M,,,67
201000040936,10,10,21,1400,1,2,2,1.0,3.0,67482,M,,,67
201000040937,10,10,21,1420,1,2,1,1.0,6.0,67482,M,,,67
201000040938,10,10,22,1150,1,2,2,1.0,3.0,67447,M,,,67
201000040939,10,10,22,1155,1,2,2,1.0,3.0,67482,M,,,67
201000040940,10,10,23,1150,1,2,1,1.0,6.0,67267,M,,,67
201000040941,10,10,23,1447,1,2,3,1.0,3.0,67482,M,,,67
201000040942,10,10,24,1505,1,2,2,2.0,3.0,67482,M,,,67
201000040943,10,10,25,2110,5,2,1,1.0,6.0,67482,M,,,67
201000040944,10,10,26,2100,5,1,1,1.0,6.0,67482,M,,,67
201000040945,10,10,27,1253,1,2,1,1.0,6.0,67482,M,,,67
201000040946,10,10,27,1645,1,2,1,1.0,3.0,67482,M,,,67
201000040947,10,10,29,750,1,2,3,1.0,3.0,67447,M,,,67
201000040948,10,10,29,2320,5,2,2,1.0,6.0,67482,M,,,67
201000040949,10,11,1,1315,1,2,1,1.0,3.0,67447,M,,,67
201000040950,10,11,2,1409,1,2,1,1.0,2.0,67482,M,,,67
201000040951,10,11,2,1550,1,2,1,1.0,2.0,67482,M,,,67
201000040952,10,11,2,1605,1,2,1,1.0,6.0,67482,M,,,67
201000040953,10,11,2,1720,5,2,2,1.0,6.0,67482,M,,,67
201000040954,10,11,3,1430,1,2,1,1.0,3.0,67482,M,,,67
201000040955,10,11,3,1715,2,2,3,8.0,3.0,67365,M,,,67
201000040956,10,11,4,1000,1,2,2,1.0,3.0,67482,M,,,67
201000040957,10,11,4,1810,5,2,1,8.0,2.0,67482,M,,,67
201000040958,10,11,4,2055,5,2,1,8.0,3.0,67482,M,,,67
201000040959,10,11,5,1010,1,2,1,1.0,3.0,67482,M,,,67
201000040960,10,11,5,1350,1,2,2,1.0,3.0,67482,M,,,67
201000040961,10,11,5,1440,1,2,1,1.0,5.0,67482,M,,,67
201000040962,10,11,6,1445,1,2,1,1.0,2.0,67447,M,,,67
201000040963,10,11,5,1515,1,2,1,1.0,6.0,67447,M,,,67
201000040964,10,11,6,340,5,2,3,1.0,6.0,67482,M,,,67
201000040965,10,11,8,1630,1,2,1,1.0,6.0,67482,M,,,67
201000040966,10,11,8,1730,1,2,3,1.0,3.0,67482,M,,,67
201000040967,10,11,9,1220,1,2,2,1.0,6.0,67482,M,,,67
201000040968,10,11,9,1628,2,2,1,8.0,2.0,67482,M,,,67
201000040969,10,11,9,1950,5,2,1,1.0,6.0,67218,M,,,67
201000040970,10,11,10,830,1,2,3,2.0,6.0,67482,M,,,67
201000040971,10,11,10,915,1,2,1,2.0,6.0,67482,M,,,67
201000040972,10,11,11,1055,1,2,2,1.0,1.0,67482,M,,,67
201000040973,10,11,11,1815,5,2,3,2.0,6.0,67043,M,,,67
201000040974,10,11,11,310,5,2,2,2.0,3.0,67482,M,,,67
201000040975,10,11,12,1630,2,2,3,2.0,6.0,67482,M,,,67
201000040976,10,11,13,435,5,2,2,6.0,3.0,67482,M,,,67
201000040977,10,11,13,1310,1,2,1,1.0,6.0,67482,M,,,67
201000040978,10,11,13,2240,5,2,1,1.0,6.0,67447,M,,,67
201000040979,10,11,14,1215,1,2,5,1.0,6.0,67482,M,,,67
201000040980,10,11,14,1950,5,2,1,2.0,6.0,67482,M,,,67
201000040981,10,11,16,1830,1,2,2,1.0,3.0,67482,M,,,67
201000040982,10,11,17,757,1,2,1,1.0,6.0,67482,M,,,67
201000040983,10,11,17,1000,1,2,1,1.0,7.0,67482,M,,,67
201000040984,10,11,17,1235,1,2,1,1.0,6.0,67218,M,,,67
201000040985,10,11,17,1400,1,2,1,1.0,6.0,67482,M,,,67
201000040986,10,11,17,1725,5,2,2,1.0,6.0,67365,M,,,67
201000040987,10,11,17,1915,5,2,2,1.0,3.0,67482,M,,,67
201000040988,10,11,18,810,1,2,3,1.0,3.0,67043,M,,,67
201000040989,10,11,18,1920,5,2,1,1.0,3.0,67482,M,,,67
201000040990,10,11,19,850,1,2,2,2.0,6.0,67482,M,,,67
201000040991,10,11,19,940,1,2,1,2.0,6.0,67482,M,,,67
201000040992,10,11,19,2145,3,2,1,1.0,6.0,67482,M,,,67
201000040993,10,11,19,2355,5,2,1,1.0,3.0,67482,M,,,67
201000040994,10,11,20,1420,1,2,3,1.0,3.0,67365,M,,,67
201000040995,10,11,20,2340,5,2,2,1.0,3.0,67482,M,,,67
201000040996,10,11,22,1815,5,2,1,2.0,3.0,67447,M,,,67
201000040997,10,11,23,1205,1,2,1,1.0,3.0,67043,M,,,67
201000040998,10,11,23,1750,2,2,1,1.0,6.0,67482,M,,,67
201000040999,10,11,24,845,1,2,1,8.0,6.0,67482,M,,,67
201000041000,10,11,24,1825,5,2,6,2.0,3.0,67482,M,,,67
201000041001,10,11,24,1830,5,2,6,2.0,3.0,67043,M,,,67
201000041002,10,11,25,1900,5,2,1,3.0,6.0,67482,M,,,67
201000041003,10,11,26,1220,1,2,1,1.0,7.0,67482,M,,,67
201000041004,10,11,26,1800,5,2,1,4.0,2.0,67218,M,,,67
201000041005,10,11,26,1800,5,2,2,4.0,3.0,67482,M,,,67
201000041006,10,11,26,1850,5,2,2,1.0,3.0,67447,M,,,67
201000041007,10,11,27,1730,5,2,2,1.0,3.0,67447,M,,,67
201000041008,10,11,29,2000,5,2,3,1.0,2.0,67447,M,,,67
201000041009,10,11,30,1900,5,2,1,1.0,3.0,67482,M,,,67
201000041010,10,12,2,2020,5,2,2,1.0,3.0,67482,M,,,67
201000041011,10,12,3,910,1,2,3,1.0,3.0,67447,M,,,67
201000041012,10,12,4,1518,1,2,2,1.0,7.0,67482,M,,,67
201000041013,10,12,6,725,5,2,1,4.0,7.0,67482,M,,,67
201000041014,10,12,6,1145,1,2,3,2.0,2.0,67482,M,,,67
201000041015,10,12,4,1940,5,2,3,1.0,3.0,67482,M,,,67
201000041016,10,12,7,800,2,2,2,2.0,6.0,67204,M,,,67
201000041017,10,12,7,820,1,2,2,2.0,3.0,67482,M,,,67
201000041018,10,12,7,1705,5,2,2,3.0,3.0,67482,M,,,67
201000041019,10,12,8,935,1,2,3,3.0,3.0,67365,M,,,67
201000041020,10,12,8,1715,5,2,2,2.0,3.0,67482,M,,,67
201000041021,10,12,8,1800,5,2,1,3.0,6.0,67447,M,,,67
201000041022,10,12,8,1758,3,2,1,3.0,6.0,67482,M,,,67
201000041023,10,12,9,1725,2,2,1,1.0,2.0,67482,M,,,67
201000041024,10,12,10,1410,1,2,3,2.0,6.0,67482,M,,,67
201000041025,10,12,10,1620,2,2,1,2.0,6.0,67043,M,,,67
201000041026,10,12,10,1650,2,2,3,2.0,5.0,67365,M,,,67
201000041027,10,12,11,1500,1,2,1,1.0,4.0,67482,M,,,67
201000041028,10,12,13,810,1,2,2,1.0,3.0,67482,M,,,67
201000041029,10,12,14,1350,1,2,2,1.0,6.0,67482,M,,,67
201000041030,10,12,16,910,1,2,1,1.0,6.0,67218,M,,,67
201000041031,10,12,16,1610,2,2,3,6.0,3.0,67482,M,,,67
201000041032,10,12,21,905,1,2,1,2.0,6.0,67482,M,,,67
201000041033,10,12,19,1813,5,2,2,2.0,3.0,67482,M,,,67
201000041034,10,12,21,1721,5,2,2,2.0,6.0,67482,M,,,67
201000041035,10,12,22,730,2,2,1,2.0,1.0,67482,M,,,67
201000041036,10,12,22,1120,1,2,2,2.0,3.0,67482,M,,,67
201000041037,10,12,22,1950,5,2,3,1.0,3.0,67218,M,,,67
201000041038,10,12,24,815,2,2,2,4.0,5.0,67482,M,,,67
201000041039,10,12,27,605,5,2,1,4.0,2.0,67482,M,,,67
201000041040,10,12,27,1550,1,2,1,1.0,5.0,67482,M,,,67
201000041041,10,12,27,1630,2,2,6,1.0,2.0,67482,M,,,67
201000041042,10,12,28,2005,5,2,2,2.0,3.0,67218,M,,,67
201000041043,10,12,30,335,5,2,3,4.0,2.0,67482,M,,,67
201000041044,10,1,2,1500,1,2,3,2.0,6.0,67043,M,,,67
201000041045,10,1,16,1056,1,2,2,1.0,3.0,68066,M,4807745.0,733597.0,68
201000041046,10,1,16,1426,1,2,1,1.0,6.0,68066,M,4807842.0,735996.0,68
201000041047,10,1,21,1101,1,1,1,1.0,6.0,68066,M,4814937.0,739852.0,68
201000041048,10,1,21,1742,2,2,3,1.0,3.0,68066,M,4808074.0,733440.0,68
201000041049,10,1,21,1812,5,2,7,1.0,3.0,68066,M,4807853.0,735183.0,68
201000041050,10,1,26,1121,1,2,3,2.0,3.0,68066,M,4807253.0,734474.0,68
201000041051,10,2,2,1856,5,2,3,1.0,6.0,68066,M,4807903.0,736839.0,68
201000041052,10,2,24,1622,1,2,1,1.0,3.0,68066,M,4807313.0,734792.0,68
201000041053,10,2,25,1830,1,2,2,2.0,6.0,68066,M,4807845.0,733280.0,68
201000041054,10,3,2,1657,1,2,3,1.0,3.0,68066,M,4807212.0,736593.0,68
201000041055,10,3,5,1640,1,2,1,1.0,1.0,68066,M,4808353.0,737289.0,68
201000041056,10,3,12,1335,1,2,1,1.0,6.0,68066,M,4808171.0,733636.0,68
201000041057,10,3,26,2004,5,2,1,1.0,2.0,68066,M,4808358.0,735633.0,68
201000041058,10,3,27,1644,1,2,2,1.0,3.0,68066,M,4808331.0,734054.0,68
201000041059,10,3,29,1610,1,2,1,1.0,2.0,68066,M,4807454.0,735174.0,68
201000041060,10,3,31,930,1,2,1,1.0,3.0,68066,M,4807770.0,733560.0,68
201000041061,10,4,9,1811,1,2,3,1.0,2.0,68066,M,4808436.0,735687.0,68
201000041062,10,4,18,1100,1,2,1,1.0,3.0,68066,M,4809463.0,737409.0,68
201000041063,10,4,24,1326,1,2,3,1.0,2.0,68066,M,4807976.0,737700.0,68
201000041064,10,4,22,1730,1,2,2,1.0,3.0,68066,M,4808702.0,736810.0,68
201000041065,10,4,27,1355,1,2,6,1.0,6.0,68066,M,4810803.0,736718.0,68
201000041066,10,5,2,2242,5,2,1,2.0,7.0,68066,M,4808209.0,733943.0,68
201000041067,10,5,12,2137,5,2,1,1.0,6.0,68066,M,4807022.0,734119.0,68
201000041068,10,5,19,1502,1,2,2,1.0,3.0,68066,M,4806952.0,736047.0,68
201000041069,10,5,18,1210,1,2,4,1.0,2.0,68066,M,4807622.0,734748.0,68
201000041070,10,5,23,1918,1,2,1,1.0,3.0,68066,M,4808399.0,734547.0,68
201000041071,10,5,23,1557,1,2,2,1.0,3.0,68066,M,4807342.0,734935.0,68
201000041072,10,5,23,2045,1,2,3,1.0,3.0,68066,M,4807618.0,733011.0,68
201000041073,10,5,25,1238,1,2,2,1.0,3.0,68066,M,4808068.0,734344.0,68
201000041074,10,6,7,1455,1,2,1,1.0,1.0,68066,M,4806860.0,737417.0,68
201000041075,10,5,31,1707,1,2,6,1.0,3.0,68066,M,4809321.0,735530.0,68
201000041076,10,6,12,1335,1,2,1,1.0,2.0,68066,M,4806374.0,734016.0,68
201000041077,10,5,28,2025,1,2,3,1.0,1.0,68066,M,4807211.0,735368.0,68
201000041078,10,6,17,1504,1,2,2,1.0,3.0,68066,M,4808040.0,736373.0,68
201000041079,10,6,20,1140,1,2,1,1.0,6.0,68066,M,4809143.0,737127.0,68
201000041080,10,6,22,58,5,2,7,1.0,2.0,68066,M,4807847.0,735226.0,68
201000041081,10,6,26,1337,1,2,2,1.0,3.0,68066,M,4808024.0,736448.0,68
201000041082,10,7,22,1010,1,2,3,3.0,6.0,68066,M,4807527.0,734291.0,68
201000041083,10,7,22,1615,1,2,2,1.0,6.0,68066,M,4807721.0,734791.0,68
201000041084,10,7,28,1027,1,2,3,2.0,3.0,68066,M,4807578.0,734172.0,68
201000041085,10,7,30,1145,1,2,3,1.0,3.0,68066,M,4807966.0,737356.0,68
201000041086,10,8,19,2330,5,2,1,1.0,6.0,68066,M,4807429.0,736667.0,68
201000041087,10,8,20,100,5,2,1,1.0,6.0,68066,M,4807402.0,736655.0,68
201000041088,10,9,1,1841,1,2,2,1.0,3.0,68066,M,4806337.0,737411.0,68
201000041089,10,9,4,1725,1,2,1,1.0,6.0,68066,M,4808026.0,738170.0,68
201000041090,10,9,5,1802,1,2,1,1.0,6.0,68066,M,4808381.0,734761.0,68
201000041091,10,9,5,1730,1,2,2,1.0,3.0,68066,M,4807531.0,732709.0,68
201000041092,10,9,6,1828,1,2,3,1.0,3.0,68066,M,4808294.0,736308.0,68
201000041093,10,9,16,750,1,2,1,1.0,6.0,68066,M,4807556.0,735137.0,68
201000041094,10,9,17,300,5,2,1,1.0,6.0,68066,M,4807736.0,733633.0,68
201000041095,10,9,17,1650,1,2,2,1.0,3.0,68066,M,4806960.0,736521.0,68
201000041096,10,9,20,755,1,2,4,1.0,2.0,68066,M,4807972.0,737381.0,68
201000041097,10,9,20,1200,1,2,4,1.0,3.0,68066,M,4807252.0,736056.0,68
201000041098,10,9,18,2120,4,2,2,1.0,3.0,68066,M,4807969.0,737359.0,68
201000041099,10,9,22,1500,1,2,1,1.0,6.0,68066,M,4807436.0,734702.0,68
201000041100,10,9,22,1500,1,2,2,1.0,3.0,68066,M,4808082.0,735411.0,68
201000041101,10,9,27,800,1,2,1,1.0,2.0,68066,M,4807196.0,736577.0,68
201000041102,10,9,30,1225,1,2,1,1.0,6.0,68066,M,4808884.0,732168.0,68
201000041103,10,10,1,135,5,2,3,1.0,6.0,68066,M,4807197.0,734802.0,68
201000041104,10,10,8,840,1,2,3,1.0,6.0,68066,M,4808069.0,733431.0,68
201000041105,10,10,7,1805,1,2,2,1.0,3.0,68066,M,4807343.0,734941.0,68
201000041106,10,10,12,1940,3,2,3,1.0,3.0,68066,M,4809196.0,733379.0,68
201000041107,10,10,27,1347,1,2,2,1.0,3.0,68066,M,4807665.0,734985.0,68
201000041108,10,11,2,1845,5,2,1,1.0,6.0,68066,M,4808054.0,733526.0,68
201000041109,10,10,29,850,1,2,1,1.0,6.0,68066,M,4807610.0,734951.0,68
201000041110,10,11,14,610,5,2,1,1.0,6.0,68066,M,4807853.0,735282.0,68
201000041111,10,12,2,1225,1,2,2,4.0,3.0,68066,M,4806740.0,735235.0,68
201000041112,10,12,3,1430,1,2,1,4.0,3.0,68066,M,4806623.0,736304.0,68
201000041113,10,12,22,1555,1,2,6,1.0,3.0,68066,M,4808029.0,738170.0,68
201000041114,10,1,23,2055,5,2,1,1.0,6.0,68112,M,4790683.0,721801.0,68
201000041115,10,3,23,1945,5,2,1,1.0,2.0,68112,M,4790605.0,721082.0,68
201000041116,10,5,27,1335,1,2,3,1.0,3.0,68112,M,4790633.0,721311.0,68
201000041117,10,5,27,1735,1,2,3,1.0,3.0,68112,M,4770223.0,721520.0,68
201000041118,10,7,31,1142,1,2,2,1.0,3.0,68112,M,4790707.0,721691.0,68
201000041119,10,8,11,1750,1,2,2,8.0,6.0,68112,M,4790936.0,721339.0,68
201000041120,10,9,28,1440,1,2,1,1.0,2.0,68112,M,4790438.0,722189.0,68
201000041121,10,10,26,1345,1,2,2,1.0,3.0,68112,M,4790525.0,721665.0,68
201000041122,10,11,26,1445,1,2,1,8.0,6.0,68112,M,4790068.0,722866.0,68
201000041123,10,11,26,1730,5,2,3,2.0,6.0,68112,M,4791129.0,720987.0,68
201000041124,10,1,12,547,5,2,6,8.0,3.0,68224,M,4775229.0,730341.0,68
201000041125,10,1,19,1515,1,2,2,5.0,3.0,68224,M,4775724.0,732534.0,68
201000041126,10,1,19,749,1,2,1,1.0,6.0,68224,M,4774568.0,732433.0,68
201000041127,10,1,21,1210,1,2,1,1.0,6.0,68256,M,4777204.0,730213.0,68
201000041128,10,1,18,1320,1,2,4,1.0,6.0,68224,M,4774560.0,734137.0,68
201000041129,10,1,25,1745,5,2,1,1.0,6.0,68224,M,4774244.0,733928.0,68
201000041130,10,1,21,1134,1,2,1,1.0,3.0,68224,M,4775610.0,734250.0,68
201000041131,10,1,24,233,5,2,6,1.0,7.0,68224,M,4776248.0,735823.0,68
201000041132,10,1,5,1208,1,2,3,1.0,3.0,68256,M,4776861.0,730444.0,68
201000041133,10,1,21,1347,1,2,1,1.0,6.0,68224,M,4774855.0,732431.0,68
201000041134,10,1,31,130,5,2,2,4.0,3.0,68224,M,4750046.0,734571.0,68
201000041135,10,1,31,445,5,1,1,4.0,6.0,68271,M,4773641.0,736691.0,68
201000041136,10,1,31,1815,5,2,1,8.0,6.0,68224,M,4775864.0,733518.0,68
201000041137,10,2,2,700,3,1,1,4.0,5.0,68224,M,4777121.0,734556.0,68
201000041138,10,1,29,1900,5,2,3,4.0,2.0,68224,M,4773298.0,734138.0,68
201000041139,10,1,18,948,1,2,1,1.0,6.0,68224,M,4774818.0,733594.0,68
201000041140,10,2,8,855,1,2,3,1.0,2.0,68224,M,4777902.0,733608.0,68
201000041141,10,2,8,835,5,2,3,1.0,1.0,68224,M,4775414.0,735354.0,68
201000041142,10,2,8,1945,5,2,1,1.0,6.0,68224,M,4777694.0,732893.0,68
201000041143,10,2,9,1550,1,2,1,1.0,6.0,68224,M,4774794.0,734812.0,68
201000041144,10,2,23,2226,5,2,1,3.0,6.0,68224,M,4776158.0,734625.0,68
201000041145,10,3,5,1842,5,2,1,1.0,6.0,68224,M,4773766.0,731818.0,68
201000041146,10,3,7,715,1,2,1,9.0,6.0,68224,M,4775667.0,736238.0,68
201000041147,10,3,8,1826,1,2,3,1.0,3.0,68224,M,4773901.0,729673.0,68
201000041148,10,3,15,1400,1,1,1,2.0,2.0,68224,M,4776143.0,735270.0,68
201000041149,10,2,26,2210,5,2,1,1.0,7.0,68056,M,4772730.0,730705.0,68
201000041150,10,3,18,1530,1,2,2,1.0,3.0,68224,M,4774806.0,730896.0,68
201000041151,10,3,23,1905,5,2,2,1.0,3.0,68224,M,4776056.0,732648.0,68
201000041152,10,3,19,1315,1,2,3,1.0,3.0,68224,M,4775160.0,730919.0,68
201000041153,10,3,29,1405,1,2,1,1.0,7.0,68224,M,4775345.0,733628.0,68
201000041154,10,3,31,1115,1,2,3,1.0,3.0,68224,M,4775311.0,734406.0,68
201000041155,10,3,13,1650,1,2,1,1.0,6.0,68224,M,4774563.0,733383.0,68
201000041156,10,4,9,2100,3,1,2,1.0,3.0,68056,M,4771887.0,731101.0,68
201000041157,10,4,1,850,1,2,1,1.0,6.0,68271,M,4774254.0,736778.0,68
201000041158,10,4,12,1625,1,2,1,1.0,6.0,68224,M,4775267.0,732882.0,68
201000041159,10,4,1,925,1,2,1,1.0,6.0,68224,M,4775385.0,735173.0,68
201000041160,10,4,11,1700,1,2,1,1.0,4.0,68224,M,4775243.0,734651.0,68
201000041161,10,4,11,835,1,2,2,7.0,3.0,68224,M,4777346.0,732099.0,68
201000041162,10,4,28,1745,1,1,1,1.0,2.0,68224,M,4777410.0,735717.0,68
201000041163,10,4,28,1910,1,1,1,1.0,2.0,68224,M,4774767.0,727726.0,68
201000041164,10,4,29,1610,1,2,1,1.0,6.0,68224,M,4773944.0,733321.0,68
201000041165,10,5,2,2116,5,1,1,3.0,6.0,68224,M,4775589.0,729598.0,68
201000041166,10,5,7,2300,5,2,2,1.0,3.0,68224,M,4775100.0,734752.0,68
201000041167,10,5,18,1620,1,2,1,1.0,6.0,68224,M,4775012.0,732747.0,68
201000041168,10,4,1,1405,1,1,1,1.0,4.0,68224,M,4773810.0,728863.0,68
201000041169,10,5,20,1033,1,2,2,1.0,6.0,68224,M,4774461.0,733690.0,68