Num_Acc,an,mois,jour,hrmn,lum,agg,int,atm,col,com,gps,lat,long,dep
201000041170,10,5,30,956,1,2,1,1.0,6.0,68224,M,4775184.0,734779.0,68
201000041171,10,6,4,1230,1,2,3,1.0,6.0,68224,M,4775598.0,734265.0,68
201000041172,10,5,23,1855,1,2,1,1.0,3.0,68224,M,4774206.0,734066.0,68
201000041173,10,6,4,1850,1,2,6,1.0,6.0,68271,M,4774621.0,735826.0,68
201000041174,10,6,9,1620,1,2,2,1.0,6.0,68224,M,4774857.0,732712.0,68
201000041175,10,6,7,1859,1,2,2,1.0,3.0,68224,M,4775353.0,733193.0,68
201000041176,10,6,22,1350,1,2,1,1.0,6.0,68224,M,4775676.0,733930.0,68
201000041177,10,6,26,1945,1,2,1,1.0,6.0,68224,M,4775091.0,735526.0,68
201000041178,10,6,25,705,1,2,3,7.0,3.0,68224,M,4777815.0,732870.0,68
201000041179,10,7,8,440,2,1,1,1.0,6.0,68224,M,4777341.0,734854.0,68
201000041180,10,7,1,1329,1,2,2,1.0,3.0,68224,M,4775039.0,733000.0,68
201000041181,10,9,21,1405,1,2,1,1.0,7.0,68224,M,4775921.0,736731.0,68
201000041182,10,7,8,930,1,2,1,1.0,6.0,68224,M,4774397.0,734290.0,68
201000041183,10,7,12,1645,1,2,3,6.0,6.0,68271,M,4773761.0,736363.0,68
201000041184,10,7,8,1213,1,2,1,1.0,2.0,68056,M,4772992.0,732105.0,68
201000041185,10,8,18,1650,1,2,4,1.0,6.0,68224,M,4775287.0,735484.0,68
201000041186,10,7,10,1945,1,2,1,1.0,6.0,68224,M,4775791.0,734090.0,68
201000041187,10,7,20,2205,5,2,3,1.0,6.0,68224,M,4777417.0,732793.0,68
201000041188,10,7,27,1750,1,2,1,1.0,6.0,68224,M,4775023.0,733159.0,68
201000041189,10,8,3,1000,1,2,1,1.0,2.0,68224,M,4774376.0,734666.0,68
201000041190,10,7,12,1215,1,2,6,1.0,3.0,68271,M,4775869.0,736649.0,68
201000041191,10,8,14,1440,1,1,1,1.0,3.0,68224,M,4773306.0,728630.0,68
201000041192,10,8,20,1500,1,2,1,1.0,7.0,68224,M,4776891.0,732611.0,68
201000041193,10,8,22,1845,1,2,2,1.0,6.0,68224,M,4775100.0,732131.0,68
201000041194,10,8,20,1535,1,1,1,1.0,1.0,68224,M,4774767.0,730618.0,68
201000041195,10,9,10,1423,1,2,3,1.0,3.0,68224,M,4775321.0,731665.0,68
201000041196,10,9,1,1540,1,2,2,1.0,1.0,68224,M,4775299.0,735580.0,68
201000041197,10,9,15,1705,1,2,2,1.0,6.0,68224,M,4775908.0,732343.0,68
201000041198,10,8,11,2140,5,2,2,1.0,3.0,68224,M,4774486.0,732807.0,68
201000041199,10,9,20,1440,1,2,1,1.0,6.0,68224,M,4774736.0,734426.0,68
201000041200,10,9,21,1715,1,2,1,1.0,6.0,68224,M,4774801.0,735010.0,68
201000041201,10,9,23,1046,1,2,3,1.0,2.0,68224,M,4775054.0,731975.0,68
201000041202,10,9,25,1045,1,2,1,1.0,6.0,68224,M,4774693.0,732078.0,68
201000041203,10,9,27,1400,1,1,1,1.0,1.0,68224,M,4771847.0,734472.0,68
201000041204,10,9,30,1830,1,2,3,2.0,6.0,68224,M,4773383.0,732779.0,68
201000041205,10,9,30,2115,5,2,3,3.0,3.0,68224,M,4775189.0,734892.0,68
201000041206,10,10,1,2100,5,2,1,1.0,1.0,68224,M,4777775.0,733263.0,68
201000041207,10,10,1,2145,5,2,6,1.0,3.0,68224,M,4773845.0,729528.0,68
201000041208,10,10,2,1520,1,2,1,1.0,6.0,68224,M,4775225.0,734716.0,68
201000041209,10,10,11,1700,1,2,1,1.0,3.0,68224,M,4774543.0,731098.0,68
201000041210,10,10,11,1735,1,2,1,1.0,6.0,68271,M,4774613.0,735834.0,68
201000041211,10,10,12,1610,1,2,1,1.0,6.0,68224,M,4774245.0,731866.0,68
201000041212,10,10,14,1840,2,1,1,1.0,6.0,68256,M,4776370.0,732154.0,68
201000041213,10,10,26,1705,1,2,2,1.0,1.0,68224,M,4750012.0,730566.0,68
201000041214,10,10,27,140,5,2,1,1.0,6.0,68271,M,4775632.0,737862.0,68
201000041215,10,10,27,1100,1,2,3,1.0,6.0,68224,M,4776597.0,731809.0,68
201000041216,10,10,24,235,5,2,2,1.0,3.0,68224,M,4775661.0,734399.0,68
201000041217,10,11,1,1605,1,2,1,1.0,6.0,68224,M,4773721.0,733445.0,68
201000041218,10,11,4,805,1,2,1,1.0,2.0,68224,M,4776060.0,734045.0,68
201000041219,10,11,14,1530,1,2,3,7.0,6.0,68224,M,4775123.0,733512.0,68
201000041220,10,11,16,1645,2,2,1,1.0,6.0,68224,M,4777470.0,732031.0,68
201000041221,10,11,17,1315,1,2,1,1.0,3.0,68224,M,4775597.0,735052.0,68
201000041222,10,11,20,1155,1,1,1,8.0,5.0,68224,M,4775710.0,729648.0,68
201000041223,10,11,12,2140,5,2,2,1.0,3.0,68224,M,4775940.0,736201.0,68
201000041224,10,11,23,850,1,2,3,8.0,6.0,68224,M,4775234.0,734268.0,68
201000041225,10,12,4,1322,1,2,3,1.0,3.0,68224,M,4775069.0,733306.0,68
201000041226,10,12,8,1730,5,2,3,3.0,6.0,68224,M,4774005.0,730404.0,68
201000041227,10,12,15,948,1,2,1,8.0,6.0,68224,M,4773362.0,731550.0,68
201000041228,10,12,21,1135,1,2,1,2.0,5.0,68224,M,4772674.0,734126.0,68
201000041229,10,12,25,5,5,2,1,4.0,6.0,68224,M,4773795.0,730004.0,68
201000041230,10,2,17,617,5,2,6,4.0,3.0,68297,M,4759145.0,755761.0,68
201000041231,10,5,12,1814,1,2,2,1.0,3.0,68297,M,4759847.0,755518.0,68
201000041232,10,5,22,1725,1,2,3,1.0,3.0,68297,M,4758848.0,756953.0,68
201000041233,10,7,6,1350,1,2,3,1.0,1.0,68297,M,4758788.0,755873.0,68
201000041234,10,7,23,2140,5,2,4,1.0,1.0,68297,M,4760749.0,753518.0,68
201000041235,10,7,28,1210,1,2,3,3.0,3.0,68297,M,4758081.0,755291.0,68
201000041236,10,8,5,1825,1,2,1,8.0,3.0,68297,M,4759636.0,755954.0,68
201000041237,10,10,11,805,1,2,3,1.0,3.0,68149,M,4759651.0,756470.0,68
201000041238,10,11,16,1745,5,2,3,8.0,3.0,68297,M,4760510.0,754459.0,68
201000041239,10,11,30,1810,5,2,1,2.0,6.0,68149,M,4759073.0,757305.0,68
201000041240,10,12,15,1755,5,2,2,9.0,3.0,68149,M,4759171.0,757142.0,68
201000041241,10,1,5,805,1,2,1,8.0,3.0,68376,M,4782329.0,733680.0,68
201000041242,10,4,10,2325,3,1,1,1.0,2.0,68376,M,4781407.0,729833.0,68
201000041243,10,4,22,1158,1,2,1,1.0,6.0,68376,M,4781693.0,731936.0,68
201000041244,10,5,22,540,2,2,1,1.0,3.0,68166,M,4778433.0,733185.0,68
201000041245,10,6,25,2000,1,2,1,1.0,6.0,68166,M,4779716.0,734256.0,68
201000041246,10,7,6,1340,1,1,1,1.0,3.0,68376,M,4782046.0,730529.0,68
201000041247,10,8,7,1405,1,2,3,1.0,3.0,68376,M,4780877.0,733455.0,68
201000041248,10,10,6,545,5,1,5,1.0,1.0,68166,M,4778149.0,732981.0,68
201000041249,10,10,13,1640,1,2,1,1.0,5.0,68376,M,4780411.0,733733.0,68
201000041250,10,11,5,1235,1,2,1,1.0,3.0,68376,M,4780234.0,731686.0,68
201000041251,10,11,9,1550,1,2,1,1.0,3.0,68166,M,4779698.0,733626.0,68
201000041252,10,12,11,1110,1,2,1,1.0,6.0,68166,M,4778465.0,731676.0,68
201000041253,10,2,3,1745,2,2,3,1.0,6.0,69029,M,,,69
201000041254,10,2,16,1130,1,2,1,1.0,6.0,69029,M,,,69
201000041255,10,3,5,2225,5,2,1,1.0,3.0,69029,M,,,69
201000041256,10,3,16,730,1,2,1,1.0,3.0,69029,M,,,69
201000041257,10,4,12,1640,1,2,9,1.0,3.0,69029,M,,,69
201000041258,10,4,14,1850,1,2,1,7.0,3.0,69029,M,,,69
201000041259,10,5,17,1350,1,2,1,1.0,2.0,69029,M,,,69
201000041260,10,6,12,2000,1,1,6,1.0,3.0,69029,M,,,69
201000041261,10,7,2,1810,1,2,2,7.0,1.0,69029,M,,,69
201000041262,10,8,8,1845,1,2,2,1.0,3.0,69029,M,,,69
201000041263,10,8,15,1920,1,2,1,1.0,3.0,69029,M,,,69
201000041264,10,8,24,220,5,2,1,1.0,7.0,69029,M,,,69
201000041265,10,9,2,1000,1,2,8,1.0,6.0,69029,M,,,69
201000041266,10,9,8,1520,1,2,1,1.0,3.0,69029,M,,,69
201000041267,10,9,11,1350,1,1,3,1.0,3.0,69029,M,,,69
201000041268,10,10,1,1500,1,2,3,1.0,1.0,69029,M,,,69
201000041269,10,10,22,2030,5,2,1,1.0,2.0,69029,M,,,69
201000041270,10,11,5,1250,1,2,1,1.0,3.0,69029,M,,,69
201000041271,10,11,10,720,2,2,1,2.0,6.0,69029,M,,,69
201000041272,10,11,20,1910,5,2,1,2.0,6.0,69029,M,,,69
201000041273,10,11,29,1720,5,2,1,1.0,6.0,69029,M,,,69
201000041274,10,11,29,1800,5,2,3,1.0,5.0,69029,M,,,69
201000041275,10,11,29,1910,5,2,1,1.0,6.0,69029,M,,,69
201000041276,10,12,23,1720,5,2,2,2.0,6.0,69029,M,,,69
201000041277,10,1,18,940,1,2,1,1.0,6.0,69034,M,,,69
201000041278,10,1,21,1805,5,2,1,1.0,3.0,69034,M,,,69
201000041279,10,1,28,540,5,2,5,2.0,1.0,69034,M,,,69
201000041280,10,1,28,830,1,2,1,1.0,6.0,69034,M,,,69
201000041281,10,1,28,1325,1,2,1,8.0,6.0,69034,M,,,69
201000041282,10,2,6,2310,5,2,2,2.0,3.0,69034,M,,,69
201000041283,10,2,10,855,1,2,1,4.0,5.0,69034,M,,,69
201000041284,10,2,14,811,1,2,3,8.0,2.0,69034,M,,,69
201000041285,10,2,15,1630,1,2,2,1.0,6.0,69034,M,,,69
201000041286,10,2,18,2330,5,2,1,1.0,6.0,69034,M,,,69
201000041287,10,2,27,2150,5,2,2,1.0,6.0,69034,M,,,69
201000041288,10,3,14,230,5,2,3,1.0,6.0,69034,M,,,69
201000041289,10,3,17,955,1,2,1,1.0,6.0,69034,M,,,69
201000041290,10,3,23,1340,1,2,1,7.0,6.0,69034,M,,,69
201000041291,10,3,23,1105,1,1,1,1.0,2.0,69034,M,,,69
201000041292,10,3,27,1400,1,2,4,3.0,2.0,69034,M,,,69
201000041293,10,3,31,1220,1,2,1,1.0,6.0,69034,M,,,69
201000041294,10,4,9,1655,1,2,1,1.0,6.0,69034,M,,,69
201000041295,10,4,16,1701,1,2,1,1.0,2.0,69034,M,,,69
201000041296,10,4,14,1725,1,2,1,1.0,6.0,69034,M,,,69
201000041297,10,4,17,1939,1,2,1,1.0,6.0,69034,M,,,69
201000041298,10,4,24,1630,1,2,2,1.0,6.0,69034,M,,,69
201000041299,10,5,11,1930,1,2,1,2.0,6.0,69034,M,,,69
201000041300,10,5,29,1330,1,2,4,1.0,6.0,69034,M,,,69
201000041301,10,5,26,1310,1,2,1,1.0,6.0,69034,M,,,69
201000041302,10,6,16,2238,5,2,1,2.0,6.0,69034,M,,,69
201000041303,10,6,17,1113,1,2,1,8.0,6.0,69034,M,,,69
201000041304,10,7,5,1055,1,2,2,7.0,3.0,69034,M,,,69
201000041305,10,7,9,1250,1,2,4,1.0,7.0,69034,M,,,69
201000041306,10,7,15,2225,5,2,1,1.0,6.0,69034,M,,,69
201000041307,10,7,21,1110,1,2,1,1.0,6.0,69034,M,,,69
201000041308,10,8,8,1040,1,2,2,1.0,1.0,69034,M,,,69
201000041309,10,8,12,1207,1,2,2,1.0,3.0,69034,M,,,69
201000041310,10,8,19,330,5,1,1,1.0,6.0,69034,M,,,69
201000041311,10,9,8,1025,1,2,1,1.0,6.0,69034,M,,,69
201000041312,10,9,21,830,1,2,1,1.0,3.0,69034,M,,,69
201000041313,10,9,22,855,1,2,2,1.0,3.0,69034,M,,,69
201000041314,10,10,4,720,2,2,2,1.0,6.0,69034,M,,,69
201000041315,10,10,12,1915,5,2,1,1.0,6.0,69034,M,,,69
201000041316,10,10,17,1700,1,2,2,1.0,6.0,69034,M,,,69
201000041317,10,11,3,2130,5,2,1,1.0,6.0,69034,M,,,69
201000041318,10,11,4,2120,5,2,1,1.0,3.0,69034,M,,,69
201000041319,10,11,7,1740,5,2,1,2.0,6.0,69034,M,,,69
201000041320,10,11,8,2000,5,2,1,8.0,7.0,69034,M,,,69
201000041321,10,11,15,730,2,2,1,3.0,6.0,69034,M,,,69
201000041322,10,11,24,830,1,2,1,1.0,6.0,69034,M,,,69
201000041323,10,12,7,735,2,2,3,1.0,3.0,69034,M,,,69
201000041324,10,12,11,2305,5,2,1,8.0,6.0,69034,M,,,69
201000041325,10,12,12,1835,5,2,1,1.0,6.0,69034,M,,,69
201000041326,10,12,20,1845,5,2,1,1.0,2.0,69034,M,,,69
201000041327,10,1,2,1850,5,2,1,1.0,1.0,69091,M,,,69
201000041328,10,1,2,2325,5,2,2,1.0,3.0,69096,M,,,69
201000041329,10,1,3,1240,1,1,1,1.0,6.0,69096,M,,,69
201000041330,10,1,12,1210,1,2,1,4.0,7.0,69091,M,,,69
201000041331,10,1,27,1740,2,2,2,1.0,3.0,69091,M,,,69
201000041332,10,2,4,1010,1,2,1,1.0,2.0,69091,M,,,69
201000041333,10,3,9,1025,1,2,3,1.0,6.0,69091,M,,,69
201000041334,10,3,12,1630,1,2,1,1.0,6.0,69096,M,,,69
201000041335,10,3,18,1830,1,2,1,1.0,3.0,69091,M,,,69
201000041336,10,3,26,810,1,2,9,3.0,6.0,69091,M,,,69
201000041337,10,3,26,1845,1,1,1,1.0,1.0,69091,M,,,69
201000041338,10,3,26,1945,5,2,1,1.0,3.0,69091,M,,,69
201000041339,10,3,29,540,4,1,1,1.0,6.0,69091,M,,,69
201000041340,10,4,1,1520,1,1,1,1.0,6.0,69091,M,,,69
201000041341,10,4,2,740,1,2,1,1.0,1.0,69091,M,,,69
201000041342,10,4,2,1725,1,2,3,1.0,6.0,69091,M,,,69
201000041343,10,4,6,1845,1,2,1,1.0,5.0,69091,M,,,69
201000041344,10,4,6,2220,5,2,1,1.0,3.0,69091,M,,,69
201000041345,10,4,9,1350,1,2,9,1.0,3.0,69091,M,,,69
201000041346,10,4,11,1530,1,2,1,1.0,3.0,69096,M,,,69
201000041347,10,4,14,905,1,2,1,1.0,6.0,69096,M,,,69
201000041348,10,4,14,1155,1,2,1,1.0,2.0,69091,M,,,69
201000041349,10,4,19,1245,1,2,1,1.0,6.0,69091,M,,,69
201000041350,10,4,23,1145,1,2,1,1.0,3.0,69096,M,,,69
201000041351,10,4,23,2030,2,2,2,1.0,3.0,69091,M,,,69
201000041352,10,4,28,800,1,2,2,1.0,3.0,69091,M,,,69
201000041353,10,5,8,1150,1,2,1,1.0,2.0,69091,M,,,69
201000041354,10,5,5,1200,1,1,1,1.0,6.0,69091,M,,,69
201000041355,10,5,11,1620,1,2,1,1.0,4.0,69091,M,,,69
201000041356,10,5,18,1115,1,2,2,1.0,3.0,69096,M,,,69
201000041357,10,5,21,1635,1,2,9,1.0,2.0,69091,M,,,69
201000041358,10,5,23,2015,1,2,1,1.0,6.0,69096,M,,,69
201000041359,10,5,23,2055,1,2,2,1.0,3.0,69091,M,,,69
201000041360,10,5,30,2200,5,2,2,2.0,3.0,69091,M,,,69
201000041361,10,6,15,730,1,2,3,2.0,3.0,69091,M,,,69
201000041362,10,6,20,1630,1,1,1,8.0,7.0,69091,M,,,69
201000041363,10,6,26,1130,1,2,1,1.0,6.0,69096,M,,,69
201000041364,10,6,30,1530,1,1,1,1.0,7.0,69091,M,,,69
201000041365,10,7,7,1850,1,2,1,1.0,6.0,69091,M,,,69
201000041366,10,7,18,1440,1,2,1,1.0,6.0,69096,M,,,69
201000041367,10,7,24,1100,1,2,1,1.0,6.0,69091,M,,,69
201000041368,10,7,26,2115,2,2,1,1.0,6.0,69091,M,,,69
201000041369,10,7,27,1235,1,2,1,8.0,4.0,69091,M,,,69
201000041370,10,7,30,510,5,2,1,1.0,3.0,69091,M,,,69
201000041371,10,8,6,2050,1,2,1,1.0,7.0,69096,M,,,69
201000041372,10,8,22,1247,1,2,1,1.0,3.0,69091,M,,,69
201000041373,10,8,26,1010,1,2,2,1.0,1.0,69091,M,,,69
201000041374,10,8,27,1145,1,2,2,1.0,3.0,69091,M,,,69
201000041375,10,9,3,2000,1,2,1,1.0,6.0,69096,M,,,69
201000041376,10,9,9,825,1,1,1,1.0,3.0,69091,M,,,69
201000041377,10,9,14,800,1,2,1,1.0,2.0,69091,M,,,69
201000041378,10,9,27,1625,1,2,2,1.0,1.0,69091,M,,,69
201000041379,10,10,1,1110,1,2,3,1.0,3.0,69091,M,,,69
201000041380,10,10,10,1435,1,2,5,1.0,3.0,69091,M,,,69
201000041381,10,10,21,840,1,2,1,1.0,5.0,69096,M,4561010.0,477823.0,69
201000041382,10,10,30,1700,1,2,1,2.0,7.0,69091,M,4557610.0,471816.0,69
201000041383,10,11,16,845,1,2,1,1.0,6.0,69091,M,,,69
201000041384,10,11,24,1650,1,1,1,1.0,1.0,69091,M,,,69
201000041385,10,12,6,1825,5,1,1,2.0,6.0,69091,M,,,69
201000041386,10,12,9,1400,1,2,1,1.0,6.0,69091,M,,,69
201000041387,10,12,24,1350,1,2,1,2.0,3.0,69096,M,,,69
201000041388,10,1,4,720,2,2,1,4.0,5.0,69149,M,,,69
201000041389,10,1,16,1005,1,2,1,8.0,1.0,69202,M,,,69
201000041390,10,1,19,720,5,2,1,5.0,2.0,69202,M,,,69
201000041391,10,1,26,1800,5,2,2,1.0,1.0,69149,M,,,69
201000041392,10,1,25,1230,1,2,2,1.0,3.0,69142,M,,,69
201000041393,10,2,1,950,1,2,1,1.0,4.0,69152,M,,,69
201000041394,10,2,3,2025,5,2,2,1.0,3.0,69202,M,,,69
201000041395,10,2,8,1110,1,2,1,1.0,2.0,69149,M,,,69
201000041396,10,2,18,1800,1,2,1,1.0,6.0,69152,M,,,69
201000041397,10,2,27,1845,5,2,1,1.0,4.0,69149,M,,,69
201000041398,10,3,10,1530,1,2,1,8.0,6.0,69149,M,,,69
201000041399,10,3,16,1630,1,2,1,7.0,7.0,69149,M,,,69
201000041400,10,3,16,1635,1,2,1,1.0,3.0,69202,M,,,69
201000041401,10,3,12,1630,1,2,1,7.0,6.0,69149,M,,,69
201000041402,10,3,12,1925,5,2,3,1.0,3.0,69149,M,,,69
201000041403,10,3,9,1845,5,2,1,1.0,3.0,69149,M,,,69
201000041404,10,3,12,1545,1,2,1,1.0,1.0,69202,M,,,69
201000041405,10,3,31,2355,3,2,2,2.0,3.0,69149,M,,,69
201000041406,10,4,2,1615,1,2,1,1.0,5.0,69152,M,,,69
201000041407,10,3,23,2120,5,2,6,1.0,6.0,69152,M,,,69
201000041408,10,3,26,2040,5,2,1,2.0,3.0,69202,M,,,69
201000041409,10,4,18,1834,1,2,1,1.0,6.0,69149,M,,,69
201000041410,10,4,20,1630,1,2,1,1.0,6.0,69149,M,,,69
201000041411,10,4,22,1800,1,2,1,1.0,6.0,69149,M,,,69
201000041412,10,4,27,1830,1,2,1,1.0,3.0,69202,M,,,69
201000041413,10,5,4,2130,5,2,1,3.0,1.0,69152,M,,,69
201000041414,10,5,8,1500,1,2,4,1.0,6.0,69202,M,,,69
201000041415,10,6,2,1800,1,1,5,1.0,4.0,69202,M,,,69
201000041416,10,6,15,1525,1,2,1,2.0,1.0,69149,M,,,69
201000041417,10,6,15,1400,1,2,1,2.0,3.0,69149,M,,,69
201000041418,10,6,25,148,3,1,1,1.0,1.0,69152,M,,,69
201000041419,10,6,18,830,1,2,3,1.0,3.0,69202,M,,,69
201000041420,10,4,19,2215,5,2,6,1.0,3.0,69202,M,,,69
201000041421,10,7,8,1320,1,2,1,1.0,2.0,69152,M,,,69
201000041422,10,7,7,1330,1,2,1,1.0,3.0,69152,M,,,69
201000041423,10,6,29,1120,1,2,4,1.0,6.0,69149,M,,,69
201000041424,10,7,5,1710,1,2,2,1.0,3.0,69202,M,,,69
201000041425,10,7,1,1445,1,2,1,7.0,6.0,69149,M,,,69
201000041426,10,7,21,1727,1,2,2,1.0,3.0,69152,M,,,69
201000041427,10,7,30,655,1,2,2,1.0,3.0,69149,M,,,69
201000041428,10,7,28,952,1,2,3,1.0,1.0,69202,M,,,69
201000041429,10,8,1,2050,1,2,3,2.0,3.0,69149,M,,,69
201000041430,10,8,3,1743,1,2,2,1.0,3.0,69149,M,,,69
201000041431,10,8,4,1655,1,2,3,7.0,2.0,69202,M,,,69
201000041432,10,8,12,1630,1,2,2,1.0,3.0,69149,M,,,69
201000041433,10,8,14,1230,1,2,2,1.0,1.0,69149,M,,,69
201000041434,10,8,11,1856,1,2,1,1.0,2.0,69142,M,,,69
201000041435,10,8,19,1335,1,2,3,1.0,2.0,69202,M,,,69
201000041436,10,8,19,2350,5,2,9,1.0,7.0,69142,M,,,69
201000041437,10,8,20,2240,5,2,1,1.0,3.0,69149,M,,,69
201000041438,10,8,23,1520,1,2,2,1.0,3.0,69149,M,,,69
201000041439,10,9,3,610,5,2,2,1.0,6.0,69152,M,,,69
201000041440,10,9,1,1130,1,2,1,1.0,2.0,69142,M,4572620.0,481437.0,69
201000041441,10,9,7,915,1,2,1,3.0,7.0,69202,M,4574480.0,480877.0,69
201000041442,10,9,7,1655,1,2,1,3.0,6.0,69152,M,4570280.0,480531.0,69
201000041443,10,9,21,2120,5,2,6,1.0,3.0,69152,M,4569520.0,482601.0,69
201000041444,10,9,22,1210,1,2,3,1.0,7.0,69149,M,4571290.0,480426.0,69
201000041445,10,9,24,1805,1,2,2,1.0,2.0,69152,M,4570660.0,482109.0,69
201000041446,10,9,27,1715,1,2,3,8.0,3.0,69149,M,4571520.0,480023.0,69
201000041447,10,9,30,1230,1,2,1,2.0,6.0,69202,M,,,69
201000041448,10,9,30,840,1,2,1,8.0,1.0,69142,M,4573040.0,481137.0,69
201000041449,10,9,30,1115,1,2,2,1.0,6.0,69149,M,4571750.0,480963.0,69
201000041450,10,9,29,1210,1,2,1,1.0,3.0,69152,M,,,69
201000041451,10,10,7,1633,1,2,1,1.0,2.0,69152,M,,,69
201000041452,10,10,6,925,1,2,4,1.0,3.0,69142,M,,,69
201000041453,10,10,9,1230,1,2,1,1.0,3.0,69202,M,,,69
201000041454,10,10,9,2345,5,2,1,1.0,6.0,69149,M,,,69
201000041455,10,10,15,913,1,2,9,1.0,3.0,69202,M,,,69
201000041456,10,10,22,1700,1,2,1,1.0,6.0,69149,M,,,69
201000041457,10,11,1,2020,5,2,2,1.0,3.0,69149,M,,,69
201000041458,10,10,27,1220,1,2,1,1.0,4.0,69152,M,,,69
201000041459,10,10,29,1640,1,1,1,1.0,2.0,69142,M,,,69
201000041460,10,11,4,1840,5,2,1,1.0,6.0,69149,M,,,69
201000041461,10,11,6,1915,5,2,2,1.0,6.0,69149,M,,,69
201000041462,10,11,5,1200,1,2,1,8.0,3.0,69149,M,,,69
201000041463,10,11,12,1120,1,2,3,1.0,2.0,69149,M,,,69
201000041464,10,11,15,1745,4,2,1,2.0,6.0,69202,M,,,69
201000041465,10,11,10,1826,5,2,1,1.0,6.0,69202,M,,,69
201000041466,10,11,17,1515,1,2,1,1.0,2.0,69202,M,,,69
201000041467,10,11,25,1855,5,2,1,2.0,7.0,69202,M,,,69
201000041468,10,11,13,1925,5,2,1,1.0,6.0,69202,M,,,69
201000041469,10,11,18,745,2,2,3,2.0,6.0,69152,M,,,69
201000041470,10,12,6,818,1,2,3,2.0,3.0,69152,M,,,69
201000041471,10,11,25,1926,3,2,1,2.0,6.0,69149,M,,,69
201000041472,10,11,10,1525,1,2,2,2.0,2.0,69152,M,,,69
201000041473,10,12,9,1700,1,1,1,1.0,2.0,69142,M,,,69
201000041474,10,12,10,730,5,2,3,1.0,6.0,69149,M,,,69
201000041475,10,11,29,2010,5,2,4,1.0,3.0,69202,M,4573920.0,480619.0,69
201000041476,10,12,15,1715,5,2,3,8.0,6.0,69152,M,4570320.0,482920.0,69
201000041477,10,12,15,1205,1,2,1,4.0,3.0,69149,M,4572140.0,479439.0,69
201000041478,10,12,8,735,1,2,2,1.0,3.0,69202,M,4574960.0,479569.0,69
201000041479,10,12,20,2115,5,2,1,1.0,3.0,69152,M,4569510.0,482511.0,69
201000041480,10,12,20,1920,5,2,1,1.0,4.0,69149,M,,,69
201000041481,10,12,23,1720,5,2,1,3.0,6.0,69142,M,4572480.0,480785.0,69
201000041482,10,12,26,1100,1,2,1,1.0,5.0,69152,M,,,69
201000041483,10,1,7,740,1,2,1,8.0,1.0,69256,M,,,69
201000041484,10,1,15,835,1,2,1,2.0,2.0,69256,M,,,69
201000041485,10,1,16,615,5,2,1,1.0,6.0,69256,M,,,69
201000041486,10,1,26,1830,5,2,1,1.0,6.0,69256,M,,,69
201000041487,10,2,5,1705,1,2,1,2.0,4.0,69256,M,,,69
201000041488,10,2,15,1125,1,2,2,1.0,2.0,69256,M,,,69
201000041489,10,3,10,920,1,2,1,1.0,7.0,69256,M,,,69
201000041490,10,3,18,515,5,2,1,1.0,6.0,69256,M,,,69
201000041491,10,4,6,720,1,2,1,1.0,2.0,69256,M,,,69
201000041492,10,4,6,1830,1,2,1,1.0,4.0,69256,M,,,69
201000041493,10,4,6,2200,5,2,2,1.0,3.0,69256,M,,,69
201000041494,10,4,9,1720,1,2,1,1.0,6.0,69256,M,,,69
201000041495,10,4,15,1455,1,2,1,1.0,6.0,69256,M,,,69
201000041496,10,4,18,1755,1,2,3,1.0,3.0,69256,M,,,69
201000041497,10,4,20,1620,1,2,1,1.0,1.0,69256,M,,,69
201000041498,10,4,27,1950,2,2,1,1.0,6.0,69256,M,,,69
201000041499,10,4,29,1130,1,2,1,1.0,2.0,69256,M,,,69
201000041500,10,4,14,1130,1,2,3,1.0,1.0,69256,M,,,69
201000041501,10,4,23,925,1,2,1,1.0,6.0,69256,M,,,69
201000041502,10,5,5,1325,1,2,1,2.0,6.0,69256,M,,,69
201000041503,10,5,9,245,5,2,1,1.0,6.0,69256,M,,,69
201000041504,10,5,9,1550,1,2,1,1.0,3.0,69256,M,,,69
201000041505,10,5,20,1730,1,2,3,1.0,3.0,69256,M,,,69
201000041506,10,5,23,1840,1,2,1,1.0,3.0,69256,M,,,69
201000041507,10,5,21,850,1,2,1,1.0,6.0,69256,M,,,69
201000041508,10,5,27,1140,1,2,1,1.0,1.0,69256,M,,,69
201000041509,10,6,16,840,1,2,1,3.0,3.0,69256,M,,,69
201000041510,10,6,10,1730,1,2,2,1.0,3.0,69256,M,,,69
201000041511,10,6,17,1730,1,2,1,1.0,7.0,69256,M,,,69
201000041512,10,6,22,2311,5,2,3,1.0,3.0,69256,M,,,69
201000041513,10,6,23,1645,1,2,1,1.0,2.0,69256,M,,,69
201000041514,10,6,16,1950,1,2,1,1.0,7.0,69256,M,,,69
201000041515,10,6,23,1200,1,2,2,1.0,3.0,69256,M,,,69
201000041516,10,6,28,730,1,2,3,1.0,7.0,69256,M,,,69
201000041517,10,7,1,30,5,2,1,1.0,6.0,69256,M,,,69
201000041518,10,7,3,1400,1,2,3,1.0,3.0,69256,M,,,69
201000041519,10,7,27,435,5,2,1,1.0,6.0,69256,M,,,69
201000041520,10,7,9,1500,1,2,3,1.0,1.0,69256,M,,,69
201000041521,10,7,28,1915,1,2,2,1.0,3.0,69256,M,,,69
201000041522,10,7,30,1550,1,2,4,1.0,3.0,69256,M,,,69