Num_Acc,an,mois,jour,hrmn,lum,agg,int,atm,col,com,gps,lat,long,dep
201000041523,10,8,3,1945,1,2,1,1.0,6.0,69256,M,,,69
201000041524,10,8,7,1025,1,2,1,1.0,1.0,69256,M,,,69
201000041525,10,8,20,2020,1,2,2,1.0,6.0,69256,M,,,69
201000041526,10,8,20,1650,1,2,2,1.0,3.0,69256,M,,,69
201000041527,10,8,24,1830,1,2,6,1.0,6.0,69256,M,,,69
201000041528,10,9,1,1220,1,2,1,1.0,6.0,69256,M,4576010.0,493678.0,69
201000041529,10,9,6,915,1,2,1,1.0,3.0,69256,M,4574930.0,493390.0,69
201000041530,10,9,9,720,1,2,1,2.0,3.0,69256,M,4577600.0,492255.0,69
201000041531,10,9,9,855,1,2,1,2.0,6.0,69256,M,4577860.0,492988.0,69
201000041532,10,9,12,1720,1,2,1,1.0,7.0,69256,M,4578420.0,491481.0,69
201000041533,10,9,13,1415,1,2,3,1.0,6.0,69256,M,4576340.0,493187.0,69
201000041534,10,9,26,2120,5,2,1,1.0,3.0,69256,M,,,69
201000041535,10,9,24,1140,1,2,1,2.0,3.0,69256,M,,,69
201000041536,10,9,17,1615,1,2,2,1.0,2.0,69256,M,,,69
201000041537,10,10,20,1922,5,2,1,1.0,2.0,69256,M,,,69
201000041538,10,10,8,1145,1,2,1,1.0,6.0,69256,M,,,69
201000041539,10,10,9,2335,5,2,2,1.0,3.0,69256,M,,,69
201000041540,10,10,12,1350,1,2,1,1.0,3.0,69256,M,,,69
201000041541,10,9,23,1945,5,2,2,1.0,7.0,69256,M,,,69
201000041542,10,10,25,1700,1,2,2,1.0,6.0,69256,M,,,69
201000041543,10,11,8,1255,1,2,2,8.0,3.0,69256,M,,,69
201000041544,10,11,13,1620,1,2,1,1.0,3.0,69256,M,,,69
201000041545,10,11,15,1630,1,2,3,2.0,6.0,69256,M,,,69
201000041546,10,10,28,1030,1,2,1,1.0,1.0,69256,M,,,69
201000041547,10,12,9,1650,1,2,1,1.0,6.0,69256,M,,,69
201000041548,10,12,14,1650,2,2,1,8.0,7.0,69256,M,,,69
201000041549,10,12,16,1750,5,2,3,1.0,6.0,69256,M,,,69
201000041550,10,12,17,1115,1,2,1,4.0,7.0,69256,M,,,69
201000041551,10,12,21,1730,5,2,1,2.0,6.0,69256,M,,,69
201000041552,10,12,23,1200,1,2,2,2.0,3.0,69256,M,,,69
201000041553,10,9,30,1545,1,2,2,1.0,3.0,69256,M,4578220.0,494272.0,69
201000041554,10,1,13,445,5,2,1,2.0,6.0,69259,M,,,69
201000041555,10,1,3,1849,5,2,1,1.0,3.0,69259,M,,,69
201000041556,10,1,14,330,5,1,1,1.0,6.0,69259,M,,,69
201000041557,10,1,14,1600,1,2,1,2.0,5.0,69259,M,,,69
201000041558,10,1,15,2115,5,2,1,1.0,6.0,69259,M,,,69
201000041559,10,1,17,1325,1,2,3,1.0,3.0,69259,M,,,69
201000041560,10,1,22,1800,5,2,1,1.0,6.0,69259,M,,,69
201000041561,10,1,22,1615,1,2,1,1.0,6.0,69199,M,,,69
201000041562,10,1,21,1120,1,1,1,1.0,3.0,69259,M,,,69
201000041563,10,1,28,1300,2,2,1,2.0,6.0,69259,M,,,69
201000041564,10,1,30,1107,1,2,2,7.0,6.0,69259,M,,,69
201000041565,10,2,5,1640,1,2,3,2.0,2.0,69259,M,,,69
201000041566,10,2,10,1720,2,2,1,1.0,6.0,69259,M,,,69
201000041567,10,2,14,2010,5,2,1,1.0,6.0,69259,M,,,69
201000041568,10,2,14,1300,1,2,1,1.0,6.0,69259,M,,,69
201000041569,10,2,23,100,5,2,1,6.0,6.0,69259,M,,,69
201000041570,10,2,24,1235,1,2,2,2.0,3.0,69259,M,,,69
201000041571,10,3,1,1735,1,2,3,1.0,1.0,69199,M,,,69
201000041572,10,3,5,2050,3,2,1,1.0,3.0,69199,M,,,69
201000041573,10,3,8,1200,1,2,2,7.0,3.0,69259,M,,,69
201000041574,10,3,9,950,1,2,3,1.0,6.0,69199,M,,,69
201000041575,10,3,10,1110,1,2,1,1.0,6.0,69259,M,,,69
201000041576,10,3,17,1050,1,2,1,1.0,2.0,69259,M,,,69
201000041577,10,3,24,1340,1,2,1,1.0,6.0,69259,M,,,69
201000041578,10,3,5,2000,5,2,1,2.0,3.0,69259,M,,,69
201000041579,10,3,25,1140,1,2,1,1.0,6.0,69259,M,,,69
201000041580,10,3,29,1535,1,2,1,1.0,6.0,69259,M,,,69
201000041581,10,4,1,345,3,2,3,2.0,3.0,69259,M,,,69
201000041582,10,4,7,1350,1,2,1,1.0,2.0,69259,M,,,69
201000041583,10,4,8,1205,1,2,1,1.0,6.0,69259,M,,,69
201000041584,10,4,8,1335,1,2,1,1.0,6.0,69259,M,,,69
201000041585,10,4,14,2050,5,2,1,1.0,1.0,69259,M,,,69
201000041586,10,4,15,1645,1,2,3,1.0,6.0,69259,M,,,69
201000041587,10,4,20,2110,5,2,1,1.0,6.0,69259,M,,,69
201000041588,10,4,17,1120,1,2,1,1.0,2.0,69259,M,,,69
201000041589,10,4,20,1100,1,2,1,1.0,6.0,69259,M,,,69
201000041590,10,4,22,810,1,2,3,1.0,3.0,69259,M,,,69
201000041591,10,4,22,1110,1,2,1,1.0,4.0,69259,M,,,69
201000041592,10,5,1,2200,5,2,2,1.0,3.0,69259,M,,,69
201000041593,10,5,1,2025,5,2,2,2.0,3.0,69259,M,,,69
201000041594,10,5,11,1750,1,2,1,1.0,6.0,69199,M,,,69
201000041595,10,5,12,630,2,2,1,1.0,4.0,69259,M,,,69
201000041596,10,5,13,1630,1,2,1,1.0,4.0,69259,M,,,69
201000041597,10,5,14,1615,1,2,1,1.0,6.0,69259,M,,,69
201000041598,10,5,15,2200,5,2,2,1.0,3.0,69259,M,4569400.0,487505.0,69
201000041599,10,5,15,2225,5,2,1,1.0,1.0,69199,M,,,69
201000041600,10,5,20,1745,1,2,1,1.0,4.0,69259,M,,,69
201000041601,10,5,24,1650,1,2,1,1.0,3.0,69259,M,,,69
201000041602,10,5,25,1850,1,2,2,1.0,1.0,69259,M,,,69
201000041603,10,5,26,1730,1,2,1,2.0,3.0,69259,M,,,69
201000041604,10,5,26,1550,1,2,1,1.0,2.0,69199,M,,,69
201000041605,10,5,28,830,1,2,1,1.0,6.0,69259,M,,,69
201000041606,10,5,31,1720,1,2,2,1.0,3.0,69259,M,,,69
201000041607,10,5,31,1340,1,2,1,1.0,6.0,69259,M,,,69
201000041608,10,6,4,1740,1,2,1,1.0,5.0,69259,M,,,69
201000041609,10,6,10,1750,1,2,3,1.0,3.0,69259,M,,,69
201000041610,10,6,5,1840,1,2,1,1.0,6.0,69259,M,,,69
201000041611,10,6,14,815,1,2,1,1.0,4.0,69259,M,,,69
201000041612,10,6,17,2300,5,2,1,9.0,2.0,69259,M,,,69
201000041613,10,6,20,1700,1,2,1,1.0,6.0,69259,M,,,69
201000041614,10,6,21,1530,1,2,2,1.0,3.0,69199,M,,,69
201000041615,10,6,22,700,1,2,3,1.0,3.0,69259,M,,,69
201000041616,10,6,18,1610,1,2,1,1.0,6.0,69259,M,,,69
201000041617,10,6,25,1000,1,2,2,1.0,3.0,69259,M,,,69
201000041618,10,6,26,2050,1,2,3,1.0,3.0,69259,M,,,69
201000041619,10,7,5,1025,1,2,1,1.0,2.0,69259,M,,,69
201000041620,10,7,1,1740,1,2,1,1.0,2.0,69259,M,,,69
201000041621,10,7,6,850,1,2,1,1.0,1.0,69199,M,,,69
201000041622,10,7,9,740,1,2,2,1.0,3.0,69259,M,,,69
201000041623,10,7,11,1950,1,2,2,1.0,1.0,69259,M,,,69
201000041624,10,7,16,1640,1,2,1,1.0,3.0,69259,M,,,69
201000041625,10,7,16,720,1,2,2,8.0,3.0,69259,M,,,69
201000041626,10,7,17,1835,1,2,1,1.0,3.0,69259,M,,,69
201000041627,10,7,19,1900,1,2,9,1.0,6.0,69259,M,,,69
201000041628,10,7,21,1740,1,2,1,1.0,3.0,69199,M,,,69
201000041629,10,7,22,2135,4,2,1,2.0,6.0,69259,M,,,69
201000041630,10,7,24,2100,2,2,3,1.0,6.0,69259,M,,,69
201000041631,10,7,24,1940,1,2,2,1.0,3.0,69259,M,,,69
201000041632,10,7,30,2345,4,2,3,1.0,3.0,69259,M,,,69
201000041633,10,7,25,2030,1,2,6,1.0,3.0,69259,M,,,69
201000041634,10,7,2,910,1,2,1,1.0,2.0,69259,M,,,69
201000041635,10,8,5,1130,1,2,2,1.0,2.0,69199,M,,,69
201000041636,10,8,3,1825,1,2,2,1.0,3.0,69199,M,,,69
201000041637,10,8,17,1800,1,2,2,1.0,2.0,69259,M,,,69
201000041638,10,8,18,1400,1,2,3,1.0,3.0,69259,M,,,69
201000041639,10,8,19,1300,1,2,1,1.0,3.0,69259,M,,,69
201000041640,10,8,22,2320,5,2,2,1.0,3.0,69199,M,,,69
201000041641,10,8,18,1000,1,2,5,1.0,3.0,69259,M,,,69
201000041642,10,8,26,1543,1,2,1,1.0,6.0,69259,M,,,69
201000041643,10,8,23,1140,1,2,1,1.0,6.0,69199,M,,,69
201000041644,10,8,30,1605,1,2,1,1.0,3.0,69259,M,,,69
201000041645,10,9,1,750,1,1,1,1.0,1.0,69199,M,,,69
201000041646,10,9,2,1600,1,2,1,1.0,6.0,69259,M,,,69
201000041647,10,9,8,2010,2,2,3,1.0,3.0,69259,M,,,69
201000041648,10,9,14,1835,1,2,1,1.0,3.0,69259,M,,,69
201000041649,10,9,14,445,5,2,6,1.0,6.0,69259,M,,,69
201000041650,10,9,10,1700,1,2,1,1.0,7.0,69259,M,,,69
201000041651,10,9,12,1930,1,2,3,1.0,1.0,69199,M,,,69
201000041652,10,9,17,2022,5,2,1,1.0,1.0,69199,M,,,69
201000041653,10,9,20,1319,1,2,1,1.0,2.0,69199,M,,,69
201000041654,10,9,23,1235,1,2,1,1.0,6.0,69259,M,,,69
201000041655,10,9,22,2000,2,2,1,1.0,7.0,69259,M,,,69
201000041656,10,9,22,825,1,2,1,1.0,2.0,69259,M,,,69
201000041657,10,9,28,2200,5,2,2,1.0,3.0,69199,M,,,69
201000041658,10,9,30,840,1,2,3,1.0,3.0,69199,M,,,69
201000041659,10,10,7,1410,1,2,1,1.0,6.0,69199,M,4570770.0,485411.0,69
201000041660,10,10,3,520,5,2,6,6.0,6.0,69259,M,4572440.0,487163.0,69
201000041661,10,4,3,1635,1,2,1,1.0,2.0,69199,M,,,69
201000041662,10,9,30,1045,1,2,1,1.0,6.0,69199,M,,,69
201000041663,10,10,8,1745,1,2,9,1.0,6.0,69259,M,,,69
201000041664,10,10,7,750,1,2,1,1.0,2.0,69259,M,,,69
201000041665,10,10,15,1159,1,1,1,1.0,6.0,69199,M,,,69
201000041666,10,10,7,1145,1,2,1,1.0,2.0,69259,M,,,69
201000041667,10,10,20,1150,1,2,1,2.0,6.0,69259,M,,,69
201000041668,10,10,20,2255,5,2,1,1.0,6.0,69259,M,4569660.0,487334.0,69
201000041669,10,10,12,725,2,2,2,9.0,2.0,69259,M,4571590.0,487151.0,69
201000041670,10,10,27,1325,1,2,1,1.0,6.0,69259,M,4569490.0,487619.0,69
201000041671,10,11,4,645,5,2,3,1.0,3.0,69199,M,4569880.0,485734.0,69
201000041672,10,11,10,1305,1,2,3,2.0,3.0,69259,M,4569910.0,489537.0,69
201000041673,10,11,9,1915,5,2,2,1.0,1.0,69259,M,,,69
201000041674,10,11,10,1255,1,2,3,1.0,3.0,69259,M,,,69
201000041675,10,11,11,1815,5,2,1,1.0,6.0,69259,M,,,69
201000041676,10,11,23,1300,1,2,2,1.0,3.0,69259,M,,,69
201000041677,10,11,22,1230,1,2,1,2.0,6.0,69259,M,,,69
201000041678,10,11,26,1525,1,2,2,1.0,3.0,69259,M,,,69
201000041679,10,11,25,1200,1,2,1,2.0,6.0,69259,M,4571700.0,487717.0,69
201000041680,10,11,26,755,1,2,3,4.0,3.0,69259,M,,,69
201000041681,10,7,9,530,2,2,1,1.0,6.0,69259,M,,,69
201000041682,10,11,26,1300,1,2,1,1.0,2.0,69259,M,,,69
201000041683,10,12,6,1905,5,2,1,3.0,3.0,69259,M,4571700.0,487717.0,69
201000041684,10,12,7,1400,1,2,4,1.0,3.0,69259,M,4572310.0,485679.0,69
201000041685,10,12,9,1159,1,2,4,1.0,1.0,69259,M,4571160.0,488133.0,69
201000041686,10,12,12,350,5,2,1,1.0,6.0,69259,M,4571850.0,488955.0,69
201000041687,10,12,13,2015,5,2,2,1.0,3.0,69259,M,,,69
201000041688,10,12,9,1935,4,2,9,1.0,6.0,69199,M,,,69
201000041689,10,12,21,1010,1,2,1,1.0,6.0,69259,M,4572350.0,487206.0,69
201000041690,10,12,19,1740,5,2,2,1.0,6.0,69259,M,4569690.0,488753.0,69
201000041691,10,12,20,1210,1,2,1,1.0,6.0,69259,M,4570520.0,488747.0,69
201000041692,10,12,21,1550,1,2,3,2.0,3.0,69199,M,,,69
201000041693,10,12,25,1200,1,2,1,8.0,6.0,69259,M,,,69
201000041694,10,12,24,1600,1,2,2,1.0,2.0,69199,M,,,69
201000041695,10,1,21,1150,1,2,1,1.0,6.0,69264,M,,,69
201000041696,10,2,18,1320,1,2,9,1.0,3.0,69264,M,,,69
201000041697,10,3,24,1515,1,2,2,1.0,3.0,69013,M,,,69
201000041698,10,3,25,2030,4,2,1,1.0,6.0,69264,M,,,69
201000041699,10,3,18,1430,1,1,2,1.0,6.0,69264,M,,,69
201000041700,10,4,20,1400,1,2,1,1.0,2.0,69264,M,,,69
201000041701,10,4,28,1725,1,2,1,1.0,7.0,69013,M,,,69
201000041702,10,5,11,1020,1,2,1,3.0,7.0,69264,M,,,69
201000041703,10,5,11,1110,1,2,1,3.0,3.0,69092,M,,,69
201000041704,10,5,26,1850,1,2,1,1.0,6.0,69264,M,,,69
201000041705,10,6,3,1515,1,2,3,1.0,6.0,69264,M,,,69
201000041706,10,5,31,1925,1,2,2,1.0,3.0,69264,M,,,69
201000041707,10,6,14,1020,1,2,1,1.0,7.0,69264,M,,,69
201000041708,10,8,11,1725,1,2,2,1.0,3.0,69264,M,,,69
201000041709,10,9,11,1725,1,2,1,1.0,3.0,69264,M,,,69
201000041710,10,9,19,300,5,2,1,1.0,2.0,69115,M,,,69
201000041711,10,9,20,1415,1,2,2,1.0,3.0,69264,M,,,69
201000041712,10,10,9,1330,1,2,2,1.0,3.0,69264,M,,,69
201000041713,10,8,19,1800,1,2,1,1.0,3.0,69264,M,,,69
201000041714,10,11,15,1740,5,2,2,1.0,7.0,69264,M,,,69
201000041715,10,1,7,800,1,2,3,1.0,6.0,69266,M,,,69
201000041716,10,1,7,815,1,2,2,1.0,6.0,69266,M,,,69
201000041717,10,1,20,1045,1,2,3,1.0,3.0,69266,M,,,69
201000041718,10,1,25,810,1,2,2,1.0,6.0,69266,M,,,69
201000041719,10,2,3,1650,1,2,2,1.0,6.0,69266,M,,,69
201000041720,10,2,24,955,1,2,7,1.0,6.0,69266,M,,,69
201000041721,10,2,1,1410,1,2,3,1.0,6.0,69266,M,,,69
201000041722,10,2,9,1430,1,2,2,4.0,6.0,69266,M,,,69
201000041723,10,2,10,1755,1,2,2,1.0,6.0,69266,M,,,69
201000041724,10,2,26,2000,5,2,1,1.0,3.0,69266,M,,,69
201000041725,10,3,10,1315,1,2,1,1.0,6.0,69266,M,,,69
201000041726,10,2,23,1115,1,2,1,2.0,6.0,69266,M,,,69
201000041727,10,2,1,820,1,2,2,1.0,6.0,69266,M,,,69
201000041728,10,3,6,2340,5,2,2,1.0,5.0,69266,M,,,69
201000041729,10,3,12,1540,1,2,1,1.0,6.0,69266,M,,,69
201000041730,10,4,30,1745,1,2,1,1.0,6.0,69266,M,,,69
201000041731,10,3,29,1115,1,2,2,1.0,6.0,69266,M,,,69
201000041732,10,3,31,900,1,2,1,1.0,6.0,69266,M,,,69
201000041733,10,4,2,1100,1,2,2,1.0,6.0,69266,M,,,69
201000041734,10,4,7,2155,5,2,2,2.0,2.0,69266,M,,,69
201000041735,10,3,20,2035,5,2,2,1.0,2.0,69266,M,,,69
201000041736,10,4,19,815,1,2,1,1.0,6.0,69266,M,,,69
201000041737,10,4,19,1810,1,2,2,1.0,3.0,69266,M,,,69
201000041738,10,4,26,2050,1,2,2,1.0,3.0,69266,M,,,69
201000041739,10,4,27,835,1,2,3,1.0,6.0,69266,M,,,69
201000041740,10,4,28,1305,1,2,2,1.0,3.0,69266,M,,,69
201000041741,10,4,8,1830,1,2,1,1.0,3.0,69266,M,,,69
201000041742,10,4,28,1735,1,2,1,1.0,6.0,69266,M,,,69
201000041743,10,4,20,825,1,2,3,1.0,3.0,69266,M,,,69
201000041744,10,5,1,1840,1,2,1,2.0,6.0,69266,M,,,69
201000041745,10,5,1,2100,5,2,1,2.0,7.0,69266,M,,,69
201000041746,10,4,26,120,5,2,1,1.0,6.0,69266,M,,,69
201000041747,10,5,7,1815,1,2,3,1.0,6.0,69266,M,,,69
201000041748,10,5,7,1815,1,2,3,1.0,6.0,69266,M,,,69
201000041749,10,5,7,945,1,2,3,1.0,3.0,69266,M,,,69
201000041750,10,5,8,1510,1,2,1,1.0,6.0,69266,M,,,69
201000041751,10,5,10,1055,1,2,9,1.0,6.0,69266,M,,,69
201000041752,10,5,12,1900,1,2,3,2.0,6.0,69266,M,,,69
201000041753,10,5,19,1315,1,2,2,1.0,6.0,69266,M,,,69
201000041754,10,6,15,2210,5,2,1,2.0,6.0,69266,M,,,69
201000041755,10,4,28,1050,1,2,2,1.0,6.0,69266,M,,,69
201000041756,10,5,26,1440,1,2,2,1.0,1.0,69266,M,,,69
201000041757,10,5,28,1615,1,2,1,1.0,6.0,69266,M,,,69
201000041758,10,5,31,842,1,2,1,1.0,6.0,69266,M,,,69
201000041759,10,6,3,755,1,2,3,1.0,3.0,69266,M,,,69
201000041760,10,6,7,1840,1,2,1,1.0,6.0,69266,M,,,69
201000041761,10,6,17,852,1,2,1,2.0,5.0,69266,M,,,69
201000041762,10,6,14,1745,1,2,1,1.0,1.0,69266,M,,,69
201000041763,10,6,19,1335,1,2,3,2.0,6.0,69266,M,,,69
201000041764,10,6,21,2130,2,2,1,1.0,6.0,69266,M,,,69
201000041765,10,6,8,945,1,2,3,1.0,6.0,69266,M,,,69
201000041766,10,6,23,1030,1,2,1,1.0,6.0,69266,M,,,69
201000041767,10,6,30,1750,1,2,1,1.0,6.0,69266,M,,,69
201000041768,10,6,8,1510,1,2,1,1.0,3.0,69266,M,,,69
201000041769,10,7,7,1310,1,2,3,1.0,6.0,69266,M,,,69
201000041770,10,7,13,645,1,2,1,1.0,6.0,69266,M,,,69
201000041771,10,7,16,1000,1,2,1,1.0,6.0,69266,M,,,69
201000041772,10,7,19,720,1,2,3,1.0,3.0,69266,M,,,69
201000041773,10,7,19,1410,1,2,2,1.0,6.0,69266,M,,,69
201000041774,10,7,20,920,1,2,3,1.0,6.0,69266,M,,,69
201000041775,10,7,20,1510,1,2,3,1.0,3.0,69266,M,,,69
201000041776,10,7,3,1300,1,1,1,1.0,3.0,69266,M,,,69
201000041777,10,7,26,135,5,2,1,1.0,6.0,69266,M,,,69
201000041778,10,8,3,1345,1,2,9,1.0,6.0,69266,M,,,69
201000041779,10,7,13,2300,5,2,1,1.0,3.0,69266,M,,,69
201000041780,10,7,17,910,1,2,1,1.0,6.0,69266,M,,,69
201000041781,10,7,23,1700,1,2,2,1.0,6.0,69266,M,,,69
201000041782,10,7,29,650,1,2,1,1.0,6.0,69266,M,,,69
201000041783,10,8,11,731,1,2,1,1.0,6.0,69266,M,,,69
201000041784,10,8,13,2100,5,2,2,1.0,6.0,69266,M,,,69
201000041785,10,6,3,2200,1,2,2,1.0,3.0,69266,M,,,69
201000041786,10,8,20,225,5,2,1,1.0,6.0,69266,M,,,69
201000041787,10,8,11,735,1,2,1,1.0,3.0,69266,M,,,69
201000041788,10,8,16,1910,1,2,1,1.0,3.0,69266,M,,,69
201000041789,10,8,25,1840,1,2,1,1.0,6.0,69266,M,,,69
201000041790,10,9,3,40,3,2,3,1.0,7.0,69266,M,,,69
201000041791,10,9,18,2230,5,2,2,1.0,3.0,69266,M,,,69
201000041792,10,9,21,1525,1,2,1,1.0,6.0,69266,M,,,69
201000041793,10,9,28,845,1,2,2,1.0,6.0,69266,M,,,69
201000041794,10,10,1,1550,1,2,3,1.0,3.0,69266,M,,,69
201000041795,10,10,2,1850,2,2,3,1.0,1.0,69266,M,,,69
201000041796,10,7,19,1905,1,2,1,1.0,6.0,69266,M,,,69
201000041797,10,10,7,830,1,2,1,1.0,6.0,69266,M,,,69
201000041798,10,10,8,1220,1,2,1,8.0,6.0,69266,M,,,69
201000041799,10,10,11,820,1,2,1,1.0,2.0,69266,M,,,69
201000041800,10,10,13,1300,1,2,1,1.0,7.0,69266,M,,,69
201000041801,10,10,8,1930,2,2,1,1.0,6.0,69266,M,,,69
201000041802,10,10,26,1155,1,2,6,1.0,3.0,69266,M,,,69
201000041803,10,10,17,2120,5,2,2,2.0,3.0,69266,M,,,69
201000041804,10,11,5,800,1,2,2,2.0,3.0,69266,M,,,69
201000041805,10,11,8,2100,5,2,1,1.0,7.0,69266,M,,,69
201000041806,10,11,18,1825,1,2,3,1.0,6.0,69266,M,,,69
201000041807,10,11,10,745,2,2,1,2.0,6.0,69266,M,,,69
201000041808,10,11,19,340,5,2,1,1.0,6.0,69266,M,,,69
201000041809,10,12,8,1740,1,2,3,1.0,6.0,69266,M,,,69
201000041810,10,12,2,900,1,2,1,4.0,3.0,69266,M,,,69
201000041811,10,12,11,2300,5,2,2,1.0,6.0,69266,M,,,69
201000041812,10,12,8,715,2,2,4,2.0,6.0,69266,M,,,69
201000041813,10,10,29,2010,5,2,2,1.0,6.0,69266,M,,,69
201000041814,10,10,23,1907,5,2,3,1.0,6.0,69266,M,,,69
201000041815,10,11,1,2145,5,2,1,1.0,7.0,69266,M,,,69
201000041816,10,12,11,1300,1,2,2,1.0,3.0,69266,M,,,69
201000041817,10,12,4,1840,5,2,2,2.0,6.0,69266,M,,,69
201000041818,10,10,29,1240,1,2,5,6.0,3.0,69266,M,,,69
201000041819,10,1,29,1645,1,2,1,1.0,3.0,69275,M,,,69
201000041820,10,2,23,1040,1,2,2,2.0,3.0,69275,M,,,69
201000041821,10,2,27,1830,5,2,1,6.0,1.0,69275,M,,,69
201000041822,10,3,17,820,1,2,2,1.0,6.0,69275,M,,,69
201000041823,10,4,5,2045,5,2,1,1.0,3.0,69275,M,,,69
201000041824,10,4,13,200,5,2,3,1.0,3.0,69275,M,,,69
201000041825,10,4,16,2110,5,2,6,1.0,3.0,69275,M,,,69
201000041826,10,4,19,1615,1,2,1,1.0,6.0,69275,M,,,69
201000041827,10,5,20,1640,1,2,3,1.0,3.0,69275,M,,,69
201000041828,10,5,25,730,1,2,2,1.0,3.0,69275,M,,,69
201000041829,10,5,28,2155,3,2,1,1.0,6.0,69275,M,,,69
201000041830,10,6,3,1730,1,2,3,1.0,3.0,69275,M,,,69
201000041831,10,6,3,1905,1,2,3,1.0,3.0,69275,M,,,69
201000041832,10,6,11,1235,1,2,1,1.0,3.0,69275,M,,,69
201000041833,10,6,23,2155,5,2,4,1.0,1.0,69275,M,,,69
201000041834,10,7,1,1925,1,2,1,1.0,2.0,69275,M,,,69
201000041835,10,9,11,2220,5,2,1,1.0,3.0,69275,M,,,69
201000041836,10,10,6,1515,1,2,1,1.0,4.0,69275,M,,,69
201000041837,10,10,17,1510,1,2,1,8.0,3.0,69275,M,,,69
201000041838,10,11,30,1525,1,2,2,4.0,2.0,69275,M,,,69
201000041839,10,2,10,1850,5,2,3,1.0,3.0,69282,M,,,69
201000041840,10,2,13,840,1,2,1,1.0,1.0,69282,M,,,69
201000041841,10,2,28,1615,1,2,2,1.0,3.0,69282,M,,,69
201000041842,10,3,26,35,5,2,1,1.0,7.0,69282,M,,,69
201000041843,10,3,26,815,1,2,3,2.0,6.0,69282,M,,,69
201000041844,10,5,14,1320,1,2,3,1.0,3.0,69282,M,,,69
201000041845,10,5,15,1620,1,2,3,1.0,7.0,69282,M,,,69
201000041846,10,6,4,1522,1,2,3,1.0,3.0,69282,M,,,69
201000041847,10,6,15,1916,1,2,1,2.0,6.0,69282,M,,,69
201000041848,10,7,4,645,1,2,1,1.0,1.0,69282,M,,,69
201000041849,10,7,29,1520,1,2,2,1.0,3.0,69282,M,,,69
201000041850,10,9,11,1605,1,2,3,1.0,3.0,69282,M,,,69
201000041851,10,9,23,1550,1,2,1,1.0,3.0,69282,M,,,69
201000041852,10,10,9,1330,1,2,2,1.0,6.0,69282,M,,,69
201000041853,10,10,26,1727,1,2,1,1.0,7.0,69282,M,,,69
201000041854,10,12,2,1825,5,2,1,5.0,6.0,69282,M,,,69
201000041855,10,1,18,1730,2,2,2,1.0,3.0,69290,M,,,69
201000041856,10,1,18,1810,3,2,4,1.0,1.0,69290,M,,,69
201000041857,10,1,22,2040,5,2,1,1.0,6.0,69290,M,,,69
201000041858,10,1,22,1900,5,2,1,1.0,2.0,69290,M,,,69
201000041859,10,2,4,1655,1,2,1,6.0,6.0,69290,M,,,69
201000041860,10,2,7,1030,1,2,2,1.0,6.0,69290,M,,,69
201000041861,10,2,9,912,1,2,1,4.0,6.0,69290,M,,,69
201000041862,10,2,10,1725,1,2,1,4.0,1.0,69290,M,,,69
201000041863,10,2,12,720,5,2,3,8.0,3.0,69290,M,,,69
201000041864,10,2,13,2116,5,2,2,1.0,3.0,69290,M,,,69
201000041865,10,2,16,1200,1,2,1,1.0,3.0,69290,M,4569080.0,497183.0,69
201000041866,10,2,23,1510,1,2,2,1.0,2.0,69290,M,4571570.0,496174.0,69
201000041867,10,2,17,1800,5,2,1,1.0,2.0,69290,M,4568930.0,492311.0,69
201000041868,10,2,24,1100,1,2,5,1.0,2.0,69290,M,4572430.0,493593.0,69
201000041869,10,3,2,1930,5,2,3,1.0,1.0,69290,M,,,69
201000041870,10,3,6,1850,5,2,3,1.0,3.0,69290,M,,,69
201000041871,10,3,19,110,5,2,1,1.0,6.0,69290,M,,,69
201000041872,10,3,25,1730,1,2,1,1.0,6.0,69290,M,,,69
201000041873,10,3,29,1540,1,2,3,1.0,4.0,69290,M,,,69
201000041874,10,3,30,850,1,2,1,6.0,3.0,69290,M,,,69
201000041875,10,4,10,1615,1,2,1,1.0,6.0,69290,M,,,69
201000041876,10,4,30,1700,1,2,3,1.0,6.0,69290,M,,,69
201000041877,10,5,2,2245,3,2,1,2.0,6.0,69290,M,,,69
201000041878,10,5,6,2030,2,2,1,8.0,5.0,69290,M,,,69
201000041879,10,5,18,1520,1,2,2,1.0,3.0,69290,M,,,69
201000041880,10,5,22,1435,1,2,1,1.0,3.0,69290,M,,,69
201000041881,10,5,22,1500,1,2,2,1.0,3.0,69290,M,,,69
201000041882,10,5,26,735,1,2,2,1.0,2.0,69290,M,,,69
201000041883,10,5,28,720,1,2,1,1.0,6.0,69290,M,,,69
201000041884,10,5,28,1310,1,2,3,1.0,2.0,69290,M,,,69
201000041885,10,6,2,1750,1,2,1,1.0,3.0,69290,M,,,69
201000041886,10,6,3,2200,5,2,1,1.0,6.0,69290,M,,,69
201000041887,10,6,14,1815,1,2,1,1.0,2.0,69290,M,,,69
201000041888,10,6,10,1649,1,2,1,1.0,6.0,69290,M,,,69
201000041889,10,6,12,1430,1,2,1,1.0,2.0,69290,M,,,69
201000041890,10,6,18,1830,1,2,2,1.0,3.0,69290,M,,,69
201000041891,10,6,19,1740,1,2,2,3.0,3.0,69290,M,,,69
201000041892,10,6,29,1250,1,2,1,1.0,4.0,69290,M,,,69
201000041893,10,7,2,1900,1,2,1,1.0,2.0,69290,M,,,69
201000041894,10,7,3,1535,1,2,1,1.0,3.0,69290,M,,,69
201000041895,10,7,4,1930,1,2,6,1.0,3.0,69290,M,,,69
201000041896,10,7,6,843,1,2,1,7.0,6.0,69290,M,,,69
201000041897,10,7,16,1400,1,2,1,1.0,3.0,69290,M,,,69
201000041898,10,7,18,1715,1,2,1,1.0,6.0,69290,M,,,69