Num_Acc,an,mois,jour,hrmn,lum,agg,int,atm,col,com,gps,lat,long,dep
201000041899,10,7,18,1230,1,2,2,7.0,3.0,69290,M,,,69
201000041900,10,7,24,1940,1,2,6,1.0,6.0,69290,M,,,69
201000041901,10,7,24,1500,1,2,1,1.0,5.0,69290,M,,,69
201000041902,10,7,26,1920,1,2,1,1.0,2.0,69290,M,,,69
201000041903,10,7,26,1235,1,2,1,1.0,2.0,69290,M,,,69
201000041904,10,7,29,1400,1,2,2,1.0,3.0,69290,M,,,69
201000041905,10,8,10,1210,1,2,1,1.0,6.0,69290,M,,,69
201000041906,10,8,12,1730,1,2,6,1.0,6.0,69290,M,,,69
201000041907,10,8,17,2020,1,2,1,1.0,1.0,69290,M,,,69
201000041908,10,8,20,1000,1,2,1,1.0,6.0,69290,M,,,69
201000041909,10,8,25,1620,1,2,1,1.0,3.0,69290,M,,,69
201000041910,10,8,22,930,1,2,1,1.0,6.0,69290,M,,,69
201000041911,10,9,1,1720,1,2,2,1.0,4.0,69290,M,,,69
201000041912,10,9,9,745,1,2,3,2.0,5.0,69290,M,,,69
201000041913,10,9,9,850,1,2,6,2.0,6.0,69290,M,,,69
201000041914,10,9,12,1710,1,2,1,1.0,3.0,69290,M,,,69
201000041915,10,9,16,1150,1,2,8,1.0,3.0,69290,M,,,69
201000041916,10,9,18,1635,1,2,1,1.0,6.0,69290,M,,,69
201000041917,10,9,21,1655,1,2,1,1.0,6.0,69290,M,,,69
201000041918,10,9,22,1200,1,2,3,1.0,6.0,69290,M,,,69
201000041919,10,9,27,1830,1,2,3,1.0,6.0,69290,M,,,69
201000041920,10,9,28,1524,1,2,3,1.0,6.0,69290,M,,,69
201000041921,10,10,1,1820,1,2,2,1.0,3.0,69290,M,,,69
201000041922,10,10,7,1050,1,2,1,7.0,3.0,69290,M,,,69
201000041923,10,10,2,1830,1,2,2,1.0,3.0,69290,M,,,69
201000041924,10,10,15,1825,1,2,3,1.0,3.0,69290,M,,,69
201000041925,10,10,22,1000,1,2,3,1.0,6.0,69290,M,,,69
201000041926,10,10,27,1445,1,1,1,1.0,2.0,69290,M,,,69
201000041927,10,10,18,1450,1,2,6,1.0,6.0,69290,M,,,69
201000041928,10,10,31,1145,1,2,1,3.0,6.0,69290,M,,,69
201000041929,10,10,31,1555,1,2,2,3.0,3.0,69290,M,,,69
201000041930,10,11,13,1425,1,2,1,1.0,6.0,69290,M,,,69
201000041931,10,11,19,1805,5,2,3,1.0,6.0,69290,M,,,69
201000041932,10,11,20,1915,4,2,2,3.0,6.0,69290,M,,,69
201000041933,10,11,21,30,5,2,2,3.0,6.0,69290,M,,,69
201000041934,10,11,13,825,1,2,1,1.0,6.0,69290,M,,,69
201000041935,10,11,24,1750,5,2,1,1.0,6.0,69290,M,,,69
201000041936,10,11,26,1115,1,2,2,8.0,3.0,69290,M,,,69
201000041937,10,12,4,1940,5,2,1,8.0,1.0,69290,M,,,69
201000041938,10,11,29,1020,1,2,6,1.0,6.0,69290,M,,,69
201000041939,10,12,7,1645,2,2,2,1.0,6.0,69290,M,,,69
201000041940,10,12,10,1355,1,2,3,1.0,3.0,69290,M,,,69
201000041941,10,12,8,1809,5,2,4,1.0,3.0,69290,M,,,69
201000041942,10,12,13,2035,5,2,2,1.0,6.0,69290,M,,,69
201000041943,10,12,16,705,5,2,2,4.0,3.0,69290,M,,,69
201000041944,10,12,17,820,2,2,1,1.0,6.0,69290,M,,,69
201000041945,10,12,17,905,1,2,1,4.0,6.0,69290,M,,,69
201000041946,10,12,13,1710,5,2,1,1.0,6.0,70285,M,,,70
201000041947,10,5,12,1540,1,2,1,1.0,3.0,70285,M,,,70
201000041948,10,7,20,740,1,1,1,1.0,3.0,70285,M,,,70
201000041949,10,9,21,1635,1,2,1,1.0,7.0,70285,M,,,70
201000041950,10,11,9,2100,3,2,1,2.0,1.0,70285,M,,,70
201000041951,10,1,24,215,5,2,3,1.0,6.0,70550,M,,,70
201000041952,10,3,7,1055,1,2,1,1.0,3.0,70388,M,,,70
201000041953,10,6,14,1135,1,2,1,1.0,7.0,70550,M,0.0,0.0,70
201000041954,10,6,18,950,1,1,1,2.0,3.0,70261,M,,,70
201000041955,10,7,4,1120,1,2,1,1.0,2.0,70513,M,,,70
201000041956,10,7,11,5,5,2,1,2.0,7.0,70388,M,,,70
201000041957,10,8,6,2230,3,1,1,1.0,7.0,70550,M,,,70
201000041958,10,8,29,1545,1,2,1,1.0,3.0,70550,M,0.0,0.0,70
201000041959,10,9,2,1920,1,2,1,1.0,1.0,70261,M,,,70
201000041960,10,9,9,1800,1,2,1,1.0,2.0,70388,M,0.0,0.0,70
201000041961,10,9,30,2030,2,2,3,3.0,3.0,70550,M,,,70
201000041962,10,10,18,1015,1,2,6,1.0,3.0,70378,M,,,70
201000041963,10,10,20,1635,1,2,1,1.0,7.0,70550,M,,,70
201000041964,10,11,6,1410,1,2,1,1.0,3.0,70261,M,,,70
201000041965,10,11,8,1710,3,1,1,2.0,2.0,70550,M,,,70
201000041966,10,11,15,650,2,1,1,3.0,5.0,70388,M,,,70
201000041967,10,11,25,800,2,2,1,1.0,7.0,70207,M,,,70
201000041968,10,12,8,1440,1,1,1,2.0,2.0,70550,M,,,70
201000041969,10,12,28,1910,5,2,2,2.0,3.0,70550,M,,,70
201000041970,10,1,7,2330,3,1,1,1.0,1.0,71445,M,,,71
201000041971,10,1,27,2215,5,2,9,1.0,3.0,71076,M,,,71
201000041972,10,1,31,5,5,2,3,1.0,3.0,71076,M,,,71
201000041973,10,2,2,1615,1,2,9,1.0,2.0,71118,M,,,71
201000041974,10,2,24,1045,1,2,1,1.0,6.0,71076,M,,,71
201000041975,10,3,5,1430,1,2,1,1.0,1.0,71118,M,,,71
201000041976,10,3,16,1640,1,2,6,1.0,3.0,71076,M,,,71
201000041977,10,3,23,1710,1,2,1,1.0,6.0,71076,M,,,71
201000041978,10,4,11,1800,1,2,1,1.0,6.0,71118,M,,,71
201000041979,10,4,11,2125,5,2,2,1.0,3.0,71076,M,,,71
201000041980,10,5,15,1200,1,1,2,3.0,3.0,71475,M,,,71
201000041981,10,6,1,1335,1,2,1,1.0,6.0,71076,M,,,71
201000041982,10,6,13,215,5,2,9,1.0,3.0,71118,M,,,71
201000041983,10,6,13,650,2,1,2,1.0,3.0,71475,M,,,71
201000041984,10,6,25,1030,1,2,1,1.0,6.0,71076,M,,,71
201000041985,10,7,1,905,1,2,9,1.0,6.0,71475,M,,,71
201000041986,10,7,6,740,2,1,9,1.0,3.0,71445,M,,,71
201000041987,10,7,22,1520,1,1,1,1.0,5.0,71445,M,,,71
201000041988,10,8,2,2115,2,1,1,3.0,7.0,71475,M,,,71
201000041989,10,8,9,1315,1,2,6,1.0,3.0,71076,M,,,71
201000041990,10,8,10,1555,1,2,1,1.0,6.0,71076,M,,,71
201000041991,10,8,21,1520,1,1,1,1.0,3.0,71475,M,,,71
201000041992,10,8,22,1515,1,2,1,1.0,7.0,71076,M,,,71
201000041993,10,8,27,1530,1,2,3,1.0,3.0,71076,M,,,71
201000041994,10,8,31,1840,2,2,2,1.0,3.0,71076,M,,,71
201000041995,10,9,17,1000,1,1,1,1.0,6.0,71475,M,,,71
201000041996,10,9,22,1340,1,2,3,1.0,3.0,71445,M,,,71
201000041997,10,9,23,720,2,2,2,1.0,4.0,71475,M,,,71
201000041998,10,9,28,1702,1,2,1,1.0,2.0,71475,M,,,71
201000041999,10,9,30,1615,1,2,9,1.0,6.0,71076,M,,,71
201000042000,10,10,3,1925,1,2,3,1.0,3.0,71076,M,,,71
201000042001,10,11,6,1745,2,2,3,1.0,3.0,71076,M,,,71
201000042002,10,11,8,730,2,1,9,1.0,3.0,71445,M,,,71
201000042003,10,11,13,310,3,1,1,1.0,6.0,71445,M,,,71
201000042004,10,11,25,1830,5,2,1,3.0,6.0,71076,M,,,71
201000042005,10,11,29,740,1,1,1,1.0,4.0,71445,M,,,71
201000042006,10,11,29,915,1,1,1,1.0,5.0,71445,M,,,71
201000042007,10,12,22,1730,5,2,1,2.0,4.0,71445,M,,,71
201000042008,10,12,24,1535,1,2,1,4.0,6.0,71076,M,,,71
201000042009,10,12,28,1340,1,1,9,1.0,1.0,71445,M,,,71
201000042010,10,1,7,1330,1,1,1,8.0,6.0,71540,M,,,71
201000042011,10,1,18,630,5,2,2,5.0,3.0,71153,M,,,71
201000042012,10,1,20,1435,1,2,2,2.0,3.0,71153,M,,,71
201000042013,10,1,25,1210,1,2,2,1.0,3.0,71153,M,,,71
201000042014,10,1,28,1835,5,2,1,1.0,6.0,71153,M,,,71
201000042015,10,2,8,1340,1,2,1,1.0,3.0,71153,M,,,71
201000042016,10,2,9,2000,5,2,6,1.0,3.0,71153,M,,,71
201000042017,10,2,11,2015,5,1,1,9.0,1.0,71540,M,,,71
201000042018,10,2,19,1815,2,2,1,1.0,6.0,71153,M,,,71
201000042019,10,2,22,1115,1,2,1,1.0,6.0,71059,M,,,71
201000042020,10,3,4,1700,1,2,2,1.0,2.0,71309,M,,,71
201000042021,10,3,5,1730,2,2,2,1.0,2.0,71540,M,,,71
201000042022,10,3,14,2015,3,1,1,1.0,2.0,71153,M,,,71
201000042023,10,3,14,1645,1,2,1,1.0,6.0,71153,M,,,71
201000042024,10,3,16,1155,1,2,1,1.0,6.0,71153,M,,,71
201000042025,10,3,16,1600,1,1,2,1.0,3.0,71540,M,,,71
201000042026,10,3,21,1430,1,1,1,1.0,6.0,71059,M,,,71
201000042027,10,4,16,1925,1,2,1,1.0,6.0,71540,M,,,71
201000042028,10,4,21,1720,1,1,6,1.0,3.0,71540,M,,,71
201000042029,10,5,6,1205,1,2,3,2.0,3.0,71309,M,,,71
201000042030,10,5,12,1215,1,2,1,2.0,6.0,71153,M,,,71
201000042031,10,5,22,635,1,2,2,1.0,6.0,71153,M,,,71
201000042032,10,5,20,1805,1,2,2,1.0,5.0,71153,M,,,71
201000042033,10,5,22,1520,1,2,2,1.0,3.0,71153,M,,,71
201000042034,10,5,22,1730,1,1,2,1.0,2.0,71540,M,,,71
201000042035,10,6,26,1910,1,2,3,1.0,3.0,71059,M,,,71
201000042036,10,6,26,1815,1,2,1,1.0,3.0,71153,M,,,71
201000042037,10,7,16,1530,1,1,2,1.0,3.0,71153,M,,,71
201000042038,10,7,12,2100,1,1,1,1.0,6.0,71540,M,,,71
201000042039,10,8,2,2035,2,1,2,1.0,3.0,71153,M,,,71
201000042040,10,8,9,1120,1,2,6,1.0,6.0,71540,M,,,71
201000042041,10,8,10,1630,1,2,2,1.0,3.0,71153,M,,,71
201000042042,10,8,14,705,1,2,3,1.0,6.0,71153,M,,,71
201000042043,10,8,19,1930,1,2,9,1.0,3.0,71540,M,,,71
201000042044,10,8,25,1015,1,2,2,1.0,3.0,71153,M,,,71
201000042045,10,8,28,1130,1,2,1,1.0,2.0,71153,M,,,71
201000042046,10,9,7,1955,3,1,9,3.0,5.0,71540,M,,,71
201000042047,10,9,7,945,1,1,1,3.0,1.0,71153,M,,,71
201000042048,10,9,16,915,1,2,9,1.0,3.0,71153,M,,,71
201000042049,10,9,27,1835,1,2,2,8.0,1.0,71059,M,,,71
201000042050,10,10,2,2110,5,2,2,1.0,3.0,71059,M,,,71
201000042051,10,10,8,1300,1,2,9,1.0,6.0,71540,M,,,71
201000042052,10,10,28,1015,1,2,2,1.0,6.0,71540,M,,,71
201000042053,10,11,3,1910,5,2,1,1.0,6.0,71153,M,,,71
201000042054,10,11,7,1645,2,2,1,2.0,3.0,71153,M,,,71
201000042055,10,12,18,1615,1,2,1,1.0,2.0,71540,M,,,71
201000042056,10,12,21,1655,2,2,9,2.0,6.0,71153,M,,,71
201000042057,10,2,1,750,2,2,1,1.0,6.0,71270,M,,,71
201000042058,10,2,12,1500,1,2,6,9.0,6.0,71270,M,,,71
201000042059,10,2,28,1620,1,2,1,1.0,6.0,71270,M,,,71
201000042060,10,3,4,355,3,1,1,1.0,6.0,71105,M,,,71
201000042061,10,3,7,125,5,2,1,1.0,6.0,71260,M,,,71
201000042062,10,3,5,1745,1,2,1,1.0,6.0,71270,M,,,71
201000042063,10,3,15,1950,5,2,1,1.0,2.0,71270,M,,,71
201000042064,10,3,17,1130,1,2,9,1.0,3.0,71270,M,,,71
201000042065,10,3,22,1350,1,1,1,1.0,6.0,71260,M,,,71
201000042066,10,3,25,1550,1,2,1,1.0,6.0,71270,M,,,71
201000042067,10,4,29,1110,1,2,1,1.0,3.0,71270,M,,,71
201000042068,10,5,4,2020,1,2,1,1.0,3.0,71270,M,,,71
201000042069,10,5,5,2010,1,2,1,1.0,6.0,71270,M,,,71
201000042070,10,5,5,1515,1,2,1,1.0,1.0,71105,M,,,71
201000042071,10,5,7,1155,1,2,1,1.0,2.0,71270,M,,,71
201000042072,10,5,12,1450,1,2,1,1.0,6.0,71270,M,,,71
201000042073,10,7,1,1710,1,2,1,1.0,4.0,71270,M,,,71
201000042074,10,7,3,245,5,2,1,1.0,7.0,71497,M,,,71
201000042075,10,7,5,740,1,2,2,1.0,7.0,71105,M,,,71
201000042076,10,6,29,1030,1,2,1,1.0,6.0,71270,M,,,71
201000042077,10,7,14,1725,1,2,1,1.0,2.0,71270,M,,,71
201000042078,10,7,15,1745,1,2,1,1.0,6.0,71497,M,,,71
201000042079,10,7,16,1750,1,2,1,1.0,1.0,71270,M,,,71
201000042080,10,7,27,2110,1,2,2,1.0,3.0,71270,M,,,71
201000042081,10,7,28,1440,1,2,9,1.0,6.0,71270,M,,,71
201000042082,10,7,28,845,1,2,2,1.0,3.0,71270,M,,,71
201000042083,10,7,29,1630,1,2,1,1.0,6.0,71270,M,,,71
201000042084,10,7,30,1515,1,1,1,1.0,6.0,71497,M,,,71
201000042085,10,8,1,310,5,2,9,1.0,6.0,71270,M,,,71
201000042086,10,8,20,2220,5,2,1,1.0,3.0,71270,M,,,71
201000042087,10,8,21,235,5,2,1,1.0,6.0,71105,M,,,71
201000042088,10,8,24,2205,5,2,1,1.0,6.0,71270,M,,,71
201000042089,10,8,26,2120,5,2,1,1.0,6.0,71270,M,,,71
201000042090,10,8,30,900,1,2,9,1.0,3.0,71270,M,,,71
201000042091,10,9,9,1745,1,2,1,1.0,6.0,71270,M,,,71
201000042092,10,9,11,2250,5,2,2,1.0,5.0,71270,M,,,71
201000042093,10,9,19,1350,1,2,1,1.0,6.0,71270,M,,,71
201000042094,10,9,19,10,5,2,1,1.0,6.0,71105,M,,,71
201000042095,10,10,6,1635,1,2,1,1.0,6.0,71270,M,,,71
201000042096,10,10,10,1245,1,1,1,1.0,3.0,71511,M,,,71
201000042097,10,11,19,1715,5,2,1,1.0,5.0,71270,M,,,71
201000042098,10,12,2,1725,2,2,2,1.0,3.0,71270,M,,,71
201000042099,10,12,10,2000,5,2,1,1.0,3.0,71270,M,,,71
201000042100,10,12,16,1215,1,2,9,1.0,3.0,71270,M,,,71
201000042101,10,1,29,1355,1,2,6,4.0,3.0,71486,M,,,71
201000042102,10,3,16,1715,1,2,6,1.0,3.0,71306,M,,,71
201000042103,10,3,30,640,2,2,9,1.0,7.0,71306,M,,,71
201000042104,10,5,21,1845,1,2,2,1.0,3.0,71306,M,,,71
201000042105,10,6,1,1720,1,2,2,1.0,3.0,71306,M,,,71
201000042106,10,6,10,1435,1,1,1,1.0,3.0,71040,M,,,71
201000042107,10,6,29,1150,1,2,1,1.0,2.0,71306,M,,,71
201000042108,10,7,6,2020,1,2,4,1.0,1.0,71040,M,,,71
201000042109,10,7,15,1730,1,2,1,1.0,7.0,71486,M,,,71
201000042110,10,9,24,950,1,2,2,3.0,1.0,71306,M,,,71
201000042111,10,9,29,1820,1,2,3,1.0,6.0,71306,M,,,71
201000042112,10,10,8,1645,1,2,1,1.0,3.0,71306,M,,,71
201000042113,10,10,21,1740,1,2,1,1.0,7.0,71306,M,,,71
201000042114,10,11,4,645,3,1,1,2.0,7.0,71040,M,,,71
201000042115,10,12,1,1755,3,1,1,1.0,2.0,71040,M,,,71
201000042116,10,12,7,930,1,2,2,2.0,2.0,71306,M,,,71
201000042117,10,1,1,545,5,1,1,1.0,2.0,72181,M,,,72
201000042118,10,1,4,1550,1,2,1,1.0,7.0,72181,M,,,72
201000042119,10,1,4,1810,5,2,9,1.0,3.0,72181,M,,,72
201000042120,10,1,5,1600,1,2,1,1.0,6.0,72181,M,,,72
201000042121,10,1,5,1810,1,2,1,1.0,6.0,72181,M,,,72
201000042122,10,1,16,1520,1,2,3,2.0,5.0,72181,M,,,72
201000042123,10,1,16,1930,5,2,1,2.0,6.0,72181,M,,,72
201000042124,10,1,20,1520,1,2,1,1.0,6.0,72181,M,,,72
201000042125,10,1,21,1235,1,2,1,1.0,6.0,72181,M,,,72
201000042126,10,1,22,1800,2,1,1,2.0,4.0,72181,M,,,72
201000042127,10,1,25,850,1,2,1,1.0,7.0,72181,M,,,72
201000042128,10,1,26,1012,1,2,5,1.0,3.0,72181,M,,,72
201000042129,10,1,28,1915,5,2,2,1.0,3.0,72181,M,,,72
201000042130,10,1,29,1400,1,2,1,2.0,6.0,72181,M,,,72
201000042131,10,1,30,1835,5,1,1,1.0,2.0,72181,M,,,72
201000042132,10,2,1,1630,1,2,1,1.0,6.0,72181,M,,,72
201000042133,10,2,2,1345,1,2,5,1.0,7.0,72095,M,,,72
201000042134,10,2,2,1840,5,2,3,2.0,3.0,72181,M,,,72
201000042135,10,2,3,1130,1,2,1,1.0,2.0,72181,M,,,72
201000042136,10,2,4,1830,5,2,1,1.0,1.0,72181,M,,,72
201000042137,10,2,4,2020,5,2,2,1.0,1.0,72003,M,,,72
201000042138,10,2,5,1225,1,2,1,1.0,6.0,72181,M,,,72
201000042139,10,2,5,2240,5,2,1,2.0,1.0,72181,M,,,72
201000042140,10,2,6,1410,1,2,9,1.0,3.0,72003,M,,,72
201000042141,10,2,8,800,2,2,1,1.0,6.0,72181,M,,,72
201000042142,10,2,12,1345,1,2,1,1.0,7.0,72181,M,,,72
201000042143,10,2,15,1355,1,2,2,1.0,3.0,72181,M,,,72
201000042144,10,2,16,1050,1,2,1,7.0,6.0,72181,M,,,72
201000042145,10,2,18,1840,2,2,2,1.0,4.0,72181,M,,,72
201000042146,10,2,23,1640,1,2,1,2.0,2.0,72181,M,,,72
201000042147,10,2,24,1850,5,2,6,2.0,3.0,72181,M,,,72
201000042148,10,2,25,1350,1,1,1,1.0,3.0,72181,M,,,72
201000042149,10,3,1,720,5,2,1,1.0,6.0,72181,M,,,72
201000042150,10,3,2,1215,1,2,1,1.0,3.0,72181,M,,,72
201000042151,10,3,3,1437,1,2,1,1.0,2.0,72181,M,,,72
201000042152,10,3,5,1220,1,2,1,1.0,7.0,72181,M,,,72
201000042153,10,3,5,2340,5,2,2,1.0,3.0,72181,M,,,72
201000042154,10,3,7,1730,1,2,1,1.0,6.0,72095,M,,,72
201000042155,10,3,8,1730,1,2,1,1.0,3.0,72181,M,,,72
201000042156,10,3,9,830,1,2,2,1.0,6.0,72181,M,,,72
201000042157,10,3,13,150,5,2,1,1.0,6.0,72181,M,,,72
201000042158,10,3,16,820,1,2,6,1.0,3.0,72181,M,,,72
201000042159,10,3,15,2045,5,2,2,1.0,3.0,72181,M,,,72
201000042160,10,3,19,1300,1,2,1,1.0,2.0,72181,M,,,72
201000042161,10,3,19,2040,5,1,1,2.0,2.0,72181,M,,,72
201000042162,10,3,20,540,5,2,1,1.0,1.0,72181,M,,,72
201000042163,10,3,21,1819,1,2,1,1.0,7.0,72181,M,,,72
201000042164,10,3,26,757,1,2,1,3.0,6.0,72181,M,,,72
201000042165,10,3,26,1215,1,2,1,1.0,4.0,72181,M,,,72
201000042166,10,3,28,1325,1,2,2,2.0,3.0,72181,M,,,72
201000042167,10,3,29,1920,1,2,6,1.0,3.0,72181,M,,,72
201000042168,10,4,3,1130,1,2,2,2.0,6.0,72095,M,,,72
201000042169,10,4,4,1835,1,2,1,1.0,7.0,72181,M,,,72
201000042170,10,4,5,1410,1,1,3,1.0,3.0,72181,M,,,72
201000042171,10,4,6,1445,1,2,2,1.0,3.0,72181,M,,,72
201000042172,10,4,8,1050,1,2,2,1.0,1.0,72181,M,,,72
201000042173,10,4,8,1856,1,2,3,1.0,3.0,72181,M,,,72
201000042174,10,4,11,1150,1,2,3,1.0,3.0,72181,M,,,72
201000042175,10,4,12,1250,1,2,6,1.0,3.0,72181,M,,,72
201000042176,10,4,15,705,2,2,1,1.0,7.0,72181,M,,,72
201000042177,10,4,19,1700,1,2,1,1.0,7.0,72181,M,,,72
201000042178,10,4,22,816,1,2,1,1.0,2.0,72181,M,,,72
201000042179,10,4,25,1825,1,2,1,1.0,3.0,72181,M,,,72
201000042180,10,4,27,1810,1,2,6,1.0,3.0,72003,M,,,72
201000042181,10,4,28,1745,1,2,1,1.0,3.0,72181,M,,,72
201000042182,10,4,29,1610,1,2,7,1.0,7.0,72181,M,,,72
201000042183,10,4,29,1712,1,2,3,1.0,3.0,72181,M,,,72
201000042184,10,4,30,1535,1,2,1,1.0,2.0,72181,M,,,72
201000042185,10,5,4,1145,1,2,3,1.0,3.0,72181,M,,,72
201000042186,10,5,8,1730,1,1,1,2.0,7.0,72181,M,,,72
201000042187,10,5,14,1135,1,2,1,1.0,6.0,72181,M,,,72
201000042188,10,5,19,2122,1,2,3,1.0,3.0,72181,M,,,72
201000042189,10,5,20,820,1,2,2,1.0,3.0,72181,M,,,72
201000042190,10,5,22,1532,1,1,1,1.0,6.0,72003,M,,,72
201000042191,10,5,23,1950,1,2,3,1.0,3.0,72003,M,,,72
201000042192,10,5,25,700,1,2,1,1.0,3.0,72181,M,,,72
201000042193,10,5,25,1645,1,2,1,2.0,6.0,72181,M,,,72
201000042194,10,5,28,1000,1,2,1,1.0,2.0,72181,M,,,72
201000042195,10,6,1,1145,1,1,1,2.0,7.0,72181,M,,,72
201000042196,10,6,4,1730,1,2,1,1.0,7.0,72181,M,,,72
201000042197,10,6,5,1825,1,2,1,1.0,6.0,72181,M,,,72
201000042198,10,6,6,1940,1,2,1,1.0,7.0,72181,M,,,72
201000042199,10,6,8,815,1,2,2,2.0,6.0,72181,M,,,72
201000042200,10,6,8,1847,1,2,2,2.0,3.0,72181,M,,,72
201000042201,10,6,9,1720,1,2,1,1.0,6.0,72181,M,,,72
201000042202,10,6,10,1800,1,2,1,2.0,3.0,72181,M,,,72
201000042203,10,6,10,2005,1,2,1,1.0,6.0,72181,M,,,72
201000042204,10,6,11,503,5,1,1,1.0,1.0,72181,M,,,72
201000042205,10,6,14,1420,1,1,1,1.0,2.0,72181,M,,,72
201000042206,10,6,14,1602,1,2,1,1.0,3.0,72181,M,,,72
201000042207,10,6,15,1300,1,2,1,1.0,7.0,72181,M,,,72
201000042208,10,6,19,1015,1,2,1,2.0,6.0,72181,M,,,72
201000042209,10,6,20,140,5,2,1,1.0,6.0,72181,M,,,72
201000042210,10,6,25,400,5,2,1,1.0,6.0,72181,M,,,72
201000042211,10,6,25,1130,1,2,1,1.0,6.0,72181,M,,,72
201000042212,10,6,28,911,1,2,3,3.0,2.0,72181,M,,,72
201000042213,10,6,30,950,1,2,1,1.0,6.0,72181,M,,,72
201000042214,10,7,2,330,5,2,1,1.0,6.0,72181,M,,,72
201000042215,10,7,4,2330,5,2,1,1.0,3.0,72181,M,,,72
201000042216,10,7,8,655,1,2,6,1.0,6.0,72181,M,,,72
201000042217,10,7,10,500,5,2,1,1.0,2.0,72181,M,,,72
201000042218,10,7,13,2105,1,2,2,1.0,3.0,72181,M,,,72
201000042219,10,7,15,1810,1,2,1,1.0,6.0,72181,M,,,72
201000042220,10,7,16,1425,1,2,2,1.0,1.0,72181,M,,,72
201000042221,10,7,17,928,1,2,6,1.0,3.0,72181,M,,,72
201000042222,10,7,18,1420,1,1,1,1.0,6.0,72181,M,,,72
201000042223,10,7,19,1840,1,2,3,1.0,6.0,72181,M,,,72
201000042224,10,7,23,910,1,2,1,1.0,7.0,72181,M,,,72
201000042225,10,7,24,1004,1,2,1,1.0,7.0,72181,M,,,72
201000042226,10,7,29,1645,1,2,1,1.0,3.0,72181,M,,,72
201000042227,10,8,2,845,1,2,1,1.0,7.0,72181,M,,,72
201000042228,10,8,13,1835,1,2,3,2.0,3.0,72181,M,,,72
201000042229,10,8,14,430,5,2,1,1.0,7.0,72181,M,,,72
201000042230,10,8,14,1950,1,2,3,2.0,3.0,72181,M,,,72
201000042231,10,8,18,1245,1,1,2,1.0,3.0,72181,M,,,72
201000042232,10,8,20,1725,1,2,3,1.0,3.0,72181,M,,,72
201000042233,10,8,22,2240,5,2,1,1.0,7.0,72181,M,,,72
201000042234,10,8,23,2030,1,2,1,1.0,7.0,72181,M,,,72
201000042235,10,8,24,1030,1,2,2,1.0,3.0,72181,M,,,72
201000042236,10,8,25,1635,1,2,1,1.0,7.0,72181,M,,,72
201000042237,10,8,28,1135,1,2,2,1.0,6.0,72181,M,,,72
201000042238,10,9,2,650,2,2,2,1.0,6.0,72181,M,,,72
201000042239,10,9,2,1540,1,2,1,1.0,3.0,72181,M,,,72
201000042240,10,9,2,2255,5,2,1,1.0,7.0,72181,M,,,72
201000042241,10,9,3,20,5,2,1,1.0,7.0,72181,M,,,72
201000042242,10,9,3,1955,1,2,1,1.0,3.0,72181,M,,,72
201000042243,10,9,5,1135,1,2,3,1.0,3.0,72181,M,,,72
201000042244,10,9,6,920,1,1,1,1.0,7.0,72181,M,,,72
201000042245,10,9,7,1615,1,2,6,1.0,3.0,72181,M,,,72
201000042246,10,9,8,1715,1,2,1,1.0,6.0,72181,M,,,72
201000042247,10,9,8,2040,5,2,1,2.0,3.0,72181,M,,,72
201000042248,10,9,8,2110,5,2,1,2.0,6.0,72181,M,,,72
201000042249,10,9,9,700,2,2,6,1.0,3.0,72181,M,,,72
201000042250,10,9,9,1550,1,2,2,2.0,3.0,72181,M,,,72
201000042251,10,9,10,815,1,2,2,1.0,6.0,72181,M,,,72
201000042252,10,9,10,830,1,1,1,1.0,2.0,72181,M,,,72
201000042253,10,9,10,2355,5,2,1,1.0,5.0,72181,M,,,72
201000042254,10,9,11,2114,5,2,2,1.0,3.0,72181,M,,,72
201000042255,10,9,12,1500,1,2,1,1.0,6.0,72181,M,,,72
201000042256,10,9,14,1725,1,2,1,2.0,3.0,72181,M,,,72
201000042257,10,9,15,1720,1,2,3,1.0,1.0,72181,M,,,72
201000042258,10,9,17,1650,1,2,1,1.0,2.0,72181,M,,,72
201000042259,10,9,17,1620,1,2,3,1.0,1.0,72181,M,,,72
201000042260,10,9,18,1145,1,2,2,1.0,5.0,72181,M,,,72
201000042261,10,9,19,1800,1,2,1,1.0,6.0,72181,M,,,72
201000042262,10,9,20,740,1,2,1,1.0,6.0,72181,M,,,72
201000042263,10,9,21,1600,1,2,3,1.0,3.0,72181,M,,,72
201000042264,10,9,22,550,1,2,3,1.0,3.0,72181,M,,,72
201000042265,10,9,22,1600,1,2,3,1.0,3.0,72181,M,,,72
201000042266,10,9,25,1605,1,2,1,1.0,6.0,72181,M,,,72
201000042267,10,9,29,850,1,2,1,1.0,6.0,72181,M,,,72
201000042268,10,9,30,1715,1,2,1,1.0,7.0,72003,M,,,72
201000042269,10,10,1,1340,1,2,1,2.0,6.0,72181,M,,,72
201000042270,10,10,2,1525,1,1,1,2.0,4.0,72181,M,,,72
201000042271,10,10,4,825,1,2,1,2.0,6.0,72181,M,,,72
201000042272,10,10,7,1332,1,2,1,1.0,6.0,72181,M,,,72
201000042273,10,10,7,1830,1,1,1,1.0,2.0,72181,M,,,72
201000042274,10,10,8,855,1,2,3,1.0,1.0,72181,M,,,72
201000042275,10,10,8,2145,5,1,1,1.0,6.0,72181,M,,,72
201000042276,10,10,8,2325,5,2,1,1.0,7.0,72181,M,,,72
201000042277,10,10,11,1643,1,2,1,1.0,2.0,72181,M,,,72
201000042278,10,10,12,1915,2,1,1,1.0,7.0,72181,M,,,72
201000042279,10,10,15,848,1,1,1,1.0,4.0,72181,M,,,72
201000042280,10,10,15,1740,1,2,1,1.0,6.0,72181,M,,,72
201000042281,10,10,15,1830,1,1,1,1.0,4.0,72181,M,,,72
201000042282,10,10,18,1518,1,2,1,1.0,3.0,72181,M,,,72
201000042283,10,10,19,1850,1,2,1,1.0,3.0,72181,M,,,72
201000042284,10,10,20,820,2,2,1,1.0,4.0,72181,M,,,72