Num_Acc,an,mois,jour,hrmn,lum,agg,int,atm,col,com,gps,lat,long,dep
201000042285,10,10,21,605,3,1,1,1.0,1.0,72181,M,,,72
201000042286,10,10,25,1930,1,1,1,1.0,3.0,72181,M,,,72
201000042287,10,10,27,1415,1,2,2,1.0,3.0,72181,M,,,72
201000042288,10,10,28,955,1,1,1,1.0,2.0,72181,M,,,72
201000042289,10,10,30,2307,5,2,1,1.0,7.0,72181,M,,,72
201000042290,10,11,1,1200,1,2,1,1.0,6.0,72181,M,,,72
201000042291,10,11,1,1838,5,2,2,1.0,3.0,72181,M,,,72
201000042292,10,11,2,644,5,2,1,1.0,6.0,72181,M,,,72
201000042293,10,11,2,903,1,2,1,1.0,3.0,72181,M,,,72
201000042294,10,11,2,1620,1,2,1,2.0,4.0,72181,M,,,72
201000042295,10,11,2,1840,5,2,3,2.0,3.0,72181,M,,,72
201000042296,10,11,4,1323,1,2,2,1.0,3.0,72181,M,,,72
201000042297,10,11,6,1700,1,2,1,2.0,4.0,72181,M,,,72
201000042298,10,11,8,2010,5,1,1,2.0,7.0,72181,M,,,72
201000042299,10,11,9,920,1,2,1,1.0,7.0,72181,M,,,72
201000042300,10,11,9,1530,1,2,6,1.0,3.0,72181,M,,,72
201000042301,10,11,9,1825,5,2,1,1.0,4.0,72181,M,,,72
201000042302,10,11,9,1845,5,2,2,1.0,1.0,72181,M,,,72
201000042303,10,11,13,1810,5,2,1,2.0,7.0,72181,M,,,72
201000042304,10,11,14,1510,1,2,1,2.0,2.0,72181,M,,,72
201000042305,10,11,15,1950,5,2,6,1.0,3.0,72181,M,,,72
201000042306,10,11,17,1545,1,2,1,2.0,7.0,72181,M,,,72
201000042307,10,11,18,1805,5,1,1,1.0,2.0,72181,M,,,72
201000042308,10,11,20,1620,1,2,1,1.0,6.0,72181,M,,,72
201000042309,10,11,21,215,5,2,1,1.0,2.0,72181,M,,,72
201000042310,10,11,23,750,5,2,3,1.0,3.0,72181,M,,,72
201000042311,10,11,24,1800,5,2,1,1.0,4.0,72181,M,,,72
201000042312,10,11,26,1900,5,1,1,1.0,5.0,72181,M,,,72
201000042313,10,11,26,2245,5,2,1,1.0,3.0,72181,M,,,72
201000042314,10,11,27,300,5,2,1,1.0,1.0,72181,M,,,72
201000042315,10,11,29,1735,5,2,1,1.0,3.0,72181,M,,,72
201000042316,10,12,1,835,1,2,1,9.0,7.0,72003,M,,,72
201000042317,10,12,1,910,1,2,2,1.0,6.0,72181,M,,,72
201000042318,10,12,3,910,1,2,1,1.0,6.0,72181,M,,,72
201000042319,10,12,3,1215,1,2,1,1.0,2.0,72181,M,,,72
201000042320,10,12,4,1020,1,2,1,1.0,3.0,72095,M,,,72
201000042321,10,12,6,2050,5,2,2,2.0,6.0,72181,M,,,72
201000042322,10,12,8,800,5,2,2,2.0,3.0,72181,M,,,72
201000042323,10,12,9,2015,5,1,1,1.0,3.0,72181,M,,,72
201000042324,10,12,12,1805,5,2,1,1.0,7.0,72003,M,,,72
201000042325,10,12,13,815,1,1,1,1.0,3.0,72003,M,,,72
201000042326,10,12,13,755,5,2,1,1.0,3.0,72181,M,,,72
201000042327,10,12,13,1440,1,2,1,1.0,6.0,72181,M,,,72
201000042328,10,12,13,1745,5,2,1,1.0,6.0,72181,M,,,72
201000042329,10,12,13,2240,5,2,1,1.0,7.0,72181,M,,,72
201000042330,10,12,14,940,1,2,1,1.0,2.0,72181,M,,,72
201000042331,10,12,14,1705,2,2,2,1.0,3.0,72181,M,,,72
201000042332,10,12,15,1030,1,2,2,1.0,3.0,72181,M,,,72
201000042333,10,12,16,1205,1,2,1,1.0,3.0,72181,M,,,72
201000042334,10,12,17,835,1,2,1,1.0,3.0,72181,M,,,72
201000042335,10,12,17,1430,1,2,1,1.0,6.0,72181,M,,,72
201000042336,10,12,18,1205,1,2,1,2.0,3.0,72095,M,,,72
201000042337,10,12,21,1213,1,2,1,1.0,4.0,72181,M,,,72
201000042338,10,12,22,1840,5,2,1,4.0,3.0,72181,M,,,72
201000042339,10,12,25,1219,1,2,1,1.0,4.0,72181,M,,,72
201000042340,10,12,28,1015,1,2,1,2.0,6.0,72181,M,,,72
201000042341,10,4,6,1503,1,2,3,1.0,6.0,73008,M,,,73
201000042342,10,4,28,1028,1,2,3,1.0,3.0,73008,M,,,73
201000042343,10,6,4,945,1,2,1,1.0,6.0,73008,M,,,73
201000042344,10,6,30,2113,1,2,3,1.0,3.0,73008,M,,,73
201000042345,10,7,10,1141,1,2,1,1.0,2.0,73008,M,,,73
201000042346,10,7,28,1146,1,2,6,1.0,3.0,73008,M,,,73
201000042347,10,8,13,912,1,2,2,1.0,3.0,73008,M,,,73
201000042348,10,10,1,1255,1,2,1,1.0,3.0,73008,M,,,73
201000042349,10,12,14,855,1,2,6,1.0,3.0,73008,M,,,73
201000042350,10,1,18,2153,5,2,8,1.0,6.0,73011,M,4566232.0,636113.0,73
201000042351,10,5,16,1130,1,1,1,1.0,5.0,73011,M,4566986.0,639204.0,73
201000042352,10,7,3,45,3,1,1,1.0,6.0,73011,M,,,73
201000042353,10,9,1,1800,1,1,1,1.0,1.0,73011,M,4568436.0,639993.0,73
201000042354,10,9,22,1550,1,2,2,1.0,6.0,73011,M,,,73
201000042355,10,10,7,608,3,2,1,1.0,6.0,73011,M,4566419.0,637762.0,73
201000042356,10,10,16,1845,5,2,9,2.0,3.0,73011,M,,,73
201000042357,10,1,15,735,5,2,2,1.0,6.0,73065,M,,,73
201000042358,10,1,18,1220,1,2,1,1.0,6.0,73029,M,,,73
201000042359,10,1,19,935,1,1,8,1.0,3.0,73065,M,,,73
201000042360,10,3,17,1015,1,2,6,1.0,3.0,73065,M,,,73
201000042361,10,4,7,2105,5,2,1,1.0,2.0,73065,M,,,73
201000042362,10,4,19,2001,2,2,6,1.0,6.0,73065,M,,,73
201000042363,10,4,23,222,3,2,1,1.0,6.0,73065,M,,,73
201000042364,10,4,22,1650,1,2,8,1.0,6.0,73087,M,,,73
201000042365,10,5,10,1348,1,1,1,1.0,3.0,73031,M,,,73
201000042366,10,5,8,1525,1,2,1,1.0,6.0,73065,M,,,73
201000042367,10,5,11,950,1,2,1,1.0,6.0,73065,M,,,73
201000042368,10,5,17,1350,1,1,1,1.0,3.0,73065,M,,,73
201000042369,10,6,1,1740,1,2,1,1.0,1.0,73065,M,,,73
201000042370,10,6,11,1048,1,1,1,1.0,6.0,73065,M,,,73
201000042371,10,6,28,1535,1,1,1,1.0,2.0,73065,M,,,73
201000042372,10,6,25,1535,1,1,1,1.0,2.0,73031,M,,,73
201000042373,10,7,2,1410,1,2,6,1.0,6.0,73065,M,,,73
201000042374,10,7,18,214,5,1,1,1.0,6.0,73065,M,,,73
201000042375,10,8,22,2349,3,1,1,1.0,1.0,73222,M,,,73
201000042376,10,10,26,1803,1,2,1,1.0,1.0,73029,M,,,73
201000042377,10,10,26,1810,1,2,1,1.0,6.0,73029,M,,,73
201000042378,10,11,4,600,5,2,8,1.0,3.0,73087,M,,,73
201000042379,10,11,5,1745,2,2,1,1.0,1.0,73065,M,,,73
201000042380,10,11,8,1655,1,2,1,3.0,6.0,73031,M,,,73
201000042381,10,1,20,1530,1,2,1,4.0,7.0,74010,M,,,74
201000042382,10,1,28,1420,1,2,2,4.0,7.0,74010,M,,,74
201000042383,10,1,29,2239,5,2,1,4.0,7.0,74010,M,,,74
201000042384,10,3,13,1340,1,2,1,1.0,6.0,74010,M,,,74
201000042385,10,4,14,2030,2,2,1,1.0,6.0,74010,M,,,74
201000042386,10,4,12,1630,1,2,1,1.0,6.0,74010,M,,,74
201000042387,10,4,24,2335,5,2,2,1.0,3.0,74010,M,,,74
201000042388,10,5,6,1930,1,2,1,1.0,6.0,74010,M,,,74
201000042389,10,5,16,315,5,2,1,1.0,6.0,74010,M,,,74
201000042390,10,5,17,1200,1,2,7,1.0,6.0,74010,M,,,74
201000042391,10,5,14,915,1,2,3,1.0,6.0,74010,M,,,74
201000042392,10,6,5,2135,5,2,6,1.0,3.0,74010,M,,,74
201000042393,10,6,11,250,5,2,1,2.0,6.0,74010,M,,,74
201000042394,10,6,11,50,5,2,5,2.0,3.0,74010,M,,,74
201000042395,10,6,23,1155,1,2,3,1.0,6.0,74010,M,,,74
201000042396,10,6,27,1205,1,2,2,1.0,3.0,74010,M,,,74
201000042397,10,7,4,650,1,2,1,1.0,6.0,74093,M,,,74
201000042398,10,7,9,2305,5,2,1,1.0,6.0,74010,M,,,74
201000042399,10,7,19,1830,1,2,2,1.0,3.0,74010,M,,,74
201000042400,10,7,23,2000,2,2,6,1.0,6.0,74010,M,,,74
201000042401,10,8,8,55,5,2,1,1.0,6.0,74010,M,,,74
201000042402,10,8,10,820,1,2,3,1.0,6.0,74010,M,,,74
201000042403,10,8,11,1335,1,2,3,1.0,3.0,74093,M,,,74
201000042404,10,8,15,2240,5,2,3,8.0,3.0,74010,M,,,74
201000042405,10,8,17,1525,1,2,3,1.0,6.0,74010,M,,,74
201000042406,10,8,31,2140,5,2,1,1.0,6.0,74010,M,,,74
201000042407,10,8,31,1820,1,2,1,1.0,6.0,74010,M,,,74
201000042408,10,9,2,1215,1,2,2,1.0,6.0,74010,M,,,74
201000042409,10,9,14,830,1,2,3,1.0,3.0,74010,M,,,74
201000042410,10,9,18,450,5,2,9,1.0,6.0,74093,M,,,74
201000042411,10,9,25,2130,5,2,3,8.0,2.0,74010,M,,,74
201000042412,10,9,26,335,5,2,1,8.0,6.0,74010,M,,,74
201000042413,10,10,16,125,5,2,3,1.0,3.0,74010,M,,,74
201000042414,10,10,18,1455,1,2,3,1.0,3.0,74010,M,,,74
201000042415,10,11,11,2135,5,2,3,3.0,2.0,74010,M,,,74
201000042416,10,11,17,1635,1,2,1,1.0,6.0,74010,M,,,74
201000042417,10,11,19,1415,1,2,6,1.0,6.0,74010,M,,,74
201000042418,10,11,30,1415,1,2,3,1.0,3.0,74010,M,,,74
201000042419,10,12,30,1835,4,2,9,1.0,6.0,74093,M,,,74
201000042420,10,12,31,1625,1,2,1,1.0,7.0,74012,M,,,74
201000042421,10,1,29,1815,5,2,1,1.0,7.0,74298,M,,,74
201000042422,10,2,4,830,1,2,6,1.0,3.0,74012,M,,,74
201000042423,10,3,5,2030,5,1,9,1.0,3.0,74118,M,,,74
201000042424,10,3,15,1350,1,2,3,1.0,1.0,74012,M,,,74
201000042425,10,3,29,845,1,2,2,1.0,7.0,74012,M,,,74
201000042426,10,3,31,45,3,2,1,2.0,3.0,74133,M,,,74
201000042427,10,4,13,1355,1,2,3,1.0,3.0,74133,M,,,74
201000042428,10,4,15,1450,1,2,2,1.0,7.0,74012,M,,,74
201000042429,10,5,19,1825,1,2,2,1.0,6.0,74008,M,,,74
201000042430,10,5,19,1700,1,2,1,7.0,2.0,74012,M,,,74
201000042431,10,6,25,2210,5,2,1,1.0,1.0,74012,M,,,74
201000042432,10,4,27,800,1,2,3,1.0,3.0,74305,M,,,74
201000042433,10,6,5,1720,1,2,1,1.0,6.0,74298,M,,,74
201000042434,10,9,3,1740,1,2,2,1.0,1.0,74008,M,,,74
201000042435,10,9,22,815,1,2,6,1.0,6.0,74012,M,,,74
201000042436,10,9,22,1840,1,2,1,1.0,6.0,74012,M,,,74
201000042437,10,9,29,735,1,2,2,1.0,6.0,74008,M,,,74
201000042438,10,10,6,810,1,2,1,1.0,6.0,74118,M,,,74
201000042439,10,11,12,745,1,2,1,3.0,6.0,74118,M,,,74
201000042440,10,4,20,630,2,1,1,1.0,7.0,74243,M,,,74
201000042441,10,1,4,1125,1,2,1,4.0,1.0,74281,M,,,74
201000042442,10,1,20,1725,5,2,1,4.0,7.0,74281,M,,,74
201000042443,10,1,25,1918,5,2,1,1.0,1.0,74281,M,,,74
201000042444,10,3,18,950,1,2,1,1.0,1.0,74013,M,,,74
201000042445,10,4,9,1610,1,2,1,1.0,3.0,74281,M,,,74
201000042446,10,4,26,1420,1,2,1,1.0,3.0,74281,M,,,74
201000042447,10,6,6,505,2,2,1,1.0,6.0,74119,M,,,74
201000042448,10,5,2,1320,1,2,2,2.0,3.0,74281,M,,,74
201000042449,10,5,22,1820,1,2,1,1.0,3.0,74013,M,,,74
201000042450,10,6,25,1743,1,2,2,1.0,3.0,74119,M,,,74
201000042451,10,7,13,2050,1,2,2,1.0,3.0,74281,M,,,74
201000042452,10,7,5,1800,1,2,1,1.0,2.0,74119,M,,,74
201000042453,10,8,22,1355,1,2,1,1.0,1.0,74281,M,,,74
201000042454,10,9,15,800,1,2,1,1.0,6.0,74281,M,,,74
201000042455,10,9,17,2219,3,2,1,1.0,3.0,74218,M,,,74
201000042456,10,9,17,2250,5,2,1,1.0,3.0,74013,M,,,74
201000042457,10,9,23,2220,5,2,3,1.0,3.0,74281,M,,,74
201000042458,10,11,2,1540,1,2,1,1.0,6.0,74218,M,,,74
201000042459,10,11,9,1915,5,2,6,1.0,3.0,74281,M,,,74
201000042460,10,1,4,1735,5,2,6,1.0,3.0,76384,M,,,76
201000042461,10,3,28,1755,1,2,3,1.0,1.0,76384,M,,,76
201000042462,10,4,1,1820,1,1,1,1.0,5.0,76576,M,,,76
201000042463,10,5,1,1400,1,2,3,1.0,3.0,76114,M,,,76
201000042464,10,5,15,1053,1,2,1,1.0,6.0,76384,M,,,76
201000042465,10,6,23,18,5,2,6,1.0,7.0,76384,M,,,76
201000042466,10,5,25,1530,1,2,3,1.0,6.0,76114,M,,,76
201000042467,10,7,1,2118,1,2,3,1.0,3.0,76384,M,,,76
201000042468,10,9,17,850,1,2,9,7.0,6.0,76384,M,4951797.0,53788.0,76
201000042469,10,11,6,1000,1,2,6,2.0,6.0,76114,M,,,76
201000042470,10,11,8,1735,5,2,1,2.0,6.0,76114,M,,,76
201000042471,10,11,23,1845,5,2,1,2.0,1.0,76114,M,,,76
201000042472,10,1,2,1550,1,2,1,1.0,2.0,76217,M,,,76
201000042473,10,1,14,1520,1,1,1,1.0,7.0,76026,M,,,76
201000042474,10,1,18,1035,1,2,1,1.0,2.0,76217,M,,,76
201000042475,10,1,26,745,5,2,1,1.0,2.0,76217,M,,,76
201000042476,10,2,3,755,2,2,1,3.0,3.0,76217,M,,,76
201000042477,10,2,5,1805,5,2,1,1.0,3.0,76217,M,,,76
201000042478,10,2,10,1935,5,2,1,4.0,1.0,76217,M,,,76
201000042479,10,2,13,1610,1,1,1,1.0,6.0,76414,M,,,76
201000042480,10,2,13,1810,1,2,1,1.0,7.0,76545,M,,,76
201000042481,10,2,23,1225,1,1,3,2.0,3.0,76217,M,,,76
201000042482,10,3,9,2110,5,1,1,1.0,2.0,76565,M,,,76
201000042483,10,3,18,1630,1,2,1,1.0,6.0,76217,M,,,76
201000042484,10,3,26,1700,1,2,1,1.0,6.0,76217,M,,,76
201000042485,10,4,3,1350,1,2,6,2.0,3.0,76026,M,,,76
201000042486,10,4,13,1055,1,2,1,1.0,6.0,76217,M,,,76
201000042487,10,4,18,1440,1,1,1,1.0,7.0,76324,M,,,76
201000042488,10,4,24,1920,1,2,1,1.0,3.0,76217,M,,,76
201000042489,10,4,24,2240,5,2,1,1.0,7.0,76217,M,,,76
201000042490,10,5,12,1800,1,1,1,1.0,3.0,76545,M,,,76
201000042491,10,5,14,1000,1,2,1,1.0,3.0,76217,M,,,76
201000042492,10,5,16,155,5,2,1,1.0,3.0,76545,M,,,76
201000042493,10,5,19,1035,1,1,1,1.0,3.0,76026,M,,,76
201000042494,10,5,19,2310,5,2,3,1.0,3.0,76217,M,,,76
201000042495,10,5,21,1645,1,2,1,1.0,5.0,76545,M,,,76
201000042496,10,6,1,1700,1,1,1,1.0,7.0,76217,M,,,76
201000042497,10,6,10,1405,1,2,2,2.0,2.0,76565,M,,,76
201000042498,10,6,10,1900,1,2,1,8.0,6.0,76217,M,,,76
201000042499,10,6,15,730,1,2,1,1.0,1.0,76026,M,,,76
201000042500,10,6,15,2115,2,1,1,1.0,5.0,76349,M,,,76
201000042501,10,6,16,1345,1,1,1,1.0,7.0,76414,M,,,76
201000042502,10,6,16,1615,1,1,1,1.0,3.0,76545,M,,,76
201000042503,10,6,18,805,1,1,2,1.0,3.0,76565,M,,,76
201000042504,10,6,22,1355,1,1,2,1.0,3.0,76026,M,,,76
201000042505,10,6,23,1550,1,2,1,1.0,6.0,76217,M,,,76
201000042506,10,6,27,2025,1,2,3,1.0,3.0,76217,M,,,76
201000042507,10,7,5,1830,1,2,1,1.0,2.0,76217,M,,,76
201000042508,10,7,9,1730,1,2,1,1.0,7.0,76217,M,,,76
201000042509,10,7,12,1500,1,2,1,1.0,3.0,76217,M,,,76
201000042510,10,7,13,1510,1,2,1,1.0,6.0,76217,M,,,76
201000042511,10,7,20,1035,1,2,1,1.0,2.0,76217,M,,,76
201000042512,10,7,28,1600,1,2,3,1.0,6.0,76217,M,,,76
201000042513,10,7,31,1040,1,2,1,1.0,6.0,76349,M,,,76
201000042514,10,8,13,1320,1,2,1,1.0,3.0,76217,M,,,76
201000042515,10,8,20,1745,1,2,1,1.0,6.0,76217,M,,,76
201000042516,10,8,23,1940,1,2,2,1.0,5.0,76217,M,,,76
201000042517,10,8,24,1610,1,1,1,1.0,5.0,76565,M,,,76
201000042518,10,8,28,1015,1,1,1,1.0,3.0,76545,M,,,76
201000042519,10,8,28,1205,1,1,1,1.0,2.0,76545,M,,,76
201000042520,10,8,30,1410,1,2,2,1.0,3.0,76217,M,,,76
201000042521,10,8,31,1405,1,1,1,1.0,6.0,76565,M,,,76
201000042522,10,9,9,2040,5,2,2,1.0,3.0,76414,M,,,76
201000042523,10,9,16,1900,1,1,1,2.0,1.0,76349,M,,,76
201000042524,10,9,17,1745,1,2,1,1.0,3.0,76217,M,,,76
201000042525,10,9,24,1315,1,1,3,1.0,3.0,76707,M,,,76
201000042526,10,9,24,2110,5,2,1,2.0,2.0,76217,M,,,76
201000042527,10,10,2,1235,1,2,1,3.0,2.0,76545,M,,,76
201000042528,10,10,16,1740,1,2,1,8.0,1.0,76217,M,,,76
201000042529,10,10,19,820,1,2,3,1.0,6.0,76217,M,,,76
201000042530,10,11,2,1520,1,2,1,1.0,6.0,76217,M,,,76
201000042531,10,11,8,945,1,2,3,3.0,3.0,76217,M,,,76
201000042532,10,11,13,1325,1,2,1,2.0,7.0,76217,M,,,76
201000042533,10,11,17,2140,5,2,3,2.0,3.0,76565,M,,,76
201000042534,10,11,28,1425,1,1,1,1.0,7.0,76565,M,,,76
201000042535,10,11,30,1125,1,2,1,4.0,2.0,76217,M,,,76
201000042536,10,12,5,745,3,1,1,3.0,7.0,76217,M,,,76
201000042537,10,12,8,1740,1,1,1,2.0,3.0,76217,M,,,76
201000042538,10,12,11,400,5,2,1,1.0,2.0,76217,M,,,76
201000042539,10,12,13,2235,5,2,1,1.0,6.0,76217,M,,,76
201000042540,10,12,16,2320,5,2,1,4.0,7.0,76217,M,,,76
201000042541,10,12,23,1715,5,2,1,1.0,2.0,76565,M,,,76
201000042542,10,4,18,740,1,2,1,1.0,6.0,76178,M,,,76
201000042543,10,8,2,2120,3,1,1,1.0,7.0,76705,M,,,76
201000042544,10,10,16,1030,1,1,1,3.0,3.0,76231,M,,,76
201000042545,10,10,30,510,5,2,6,1.0,6.0,76165,M,,,76
201000042546,10,11,8,1710,2,2,1,1.0,6.0,76705,M,,,76
201000042547,10,11,26,1630,2,2,2,2.0,3.0,76231,M,,,76
201000042548,10,2,5,1250,1,1,1,1.0,5.0,76391,M,,,76
201000042549,10,3,23,1050,1,2,1,1.0,3.0,76165,M,,,76
201000042550,10,1,1,815,1,2,1,1.0,3.0,76231,M,4928802.0,99960.0,76
201000042551,10,6,7,1520,1,1,1,1.0,3.0,76486,M,,,76
201000042552,10,6,12,1910,1,1,1,1.0,7.0,76231,M,,,76
201000042553,10,3,26,1855,1,2,1,1.0,7.0,76561,M,,,76
201000042554,10,6,4,2035,1,2,1,1.0,3.0,76561,M,,,76
201000042555,10,1,27,1440,1,2,1,1.0,1.0,76259,M,,,76
201000042556,10,2,4,2107,5,2,1,1.0,3.0,76259,M,,,76
201000042557,10,2,7,100,5,2,1,8.0,6.0,76259,M,,,76
201000042558,10,4,3,2030,2,2,3,1.0,3.0,76259,M,,,76
201000042559,10,4,14,2245,5,2,2,1.0,3.0,76259,M,,,76
201000042560,10,6,27,2115,2,2,1,1.0,3.0,76259,M,,,76
201000042561,10,7,13,2230,5,2,1,1.0,6.0,76259,M,,,76
201000042562,10,7,23,2010,1,2,9,7.0,6.0,76259,M,,,76
201000042563,10,7,26,1,5,2,1,1.0,6.0,76259,M,,,76
201000042564,10,7,30,10,5,2,1,1.0,2.0,76600,M,,,76
201000042565,10,8,28,830,1,2,1,1.0,6.0,76259,M,,,76
201000042566,10,10,1,1945,5,2,1,3.0,3.0,76600,M,,,76
201000042567,10,10,7,1415,1,2,1,1.0,6.0,76259,M,,,76
201000042568,10,1,1,400,5,2,1,1.0,7.0,76305,M,,,76
201000042569,10,1,1,815,2,2,1,1.0,6.0,76351,M,,,76
201000042570,10,1,10,1845,5,2,1,1.0,1.0,76351,M,,,76
201000042571,10,1,17,2240,5,2,2,1.0,3.0,76351,M,,,76
201000042572,10,1,19,2000,5,2,2,1.0,3.0,76351,M,,,76
201000042573,10,1,21,1745,1,2,1,1.0,6.0,76351,M,,,76
201000042574,10,1,24,40,5,2,2,2.0,3.0,76351,M,,,76
201000042575,10,1,25,1340,1,2,3,1.0,6.0,76351,M,,,76
201000042576,10,1,26,1805,5,2,1,1.0,3.0,76351,M,,,76
201000042577,10,1,28,1120,1,2,1,1.0,6.0,76351,M,,,76
201000042578,10,1,29,1715,2,1,6,1.0,7.0,76351,M,,,76
201000042579,10,1,29,1825,5,2,1,1.0,6.0,76351,M,,,76
201000042580,10,1,30,1010,1,2,1,9.0,7.0,76351,M,,,76
201000042581,10,1,30,1305,1,2,1,1.0,6.0,76351,M,,,76
201000042582,10,2,3,1010,1,2,1,2.0,6.0,76351,M,,,76
201000042583,10,2,4,900,1,2,1,1.0,3.0,76305,M,,,76
201000042584,10,2,5,1805,2,2,5,1.0,3.0,76351,M,,,76
201000042585,10,2,13,1245,1,2,2,1.0,3.0,76341,M,,,76
201000042586,10,2,16,1650,1,2,2,1.0,3.0,76351,M,,,76
201000042587,10,2,19,1230,1,1,1,1.0,6.0,76351,M,,,76
201000042588,10,2,19,2315,5,2,1,1.0,1.0,76552,M,,,76
201000042589,10,2,27,1945,5,2,2,2.0,3.0,76351,M,,,76
201000042590,10,3,1,1330,1,1,1,1.0,1.0,76296,M,,,76
201000042591,10,3,2,800,1,2,1,1.0,6.0,76351,M,,,76
201000042592,10,3,2,1930,5,2,3,1.0,6.0,76351,M,,,76
201000042593,10,3,11,1000,1,2,1,1.0,7.0,76351,M,,,76
201000042594,10,3,12,1115,1,1,1,1.0,6.0,76305,M,,,76
201000042595,10,3,15,745,1,2,1,1.0,2.0,76351,M,,,76
201000042596,10,3,15,1920,5,2,3,1.0,7.0,76447,M,,,76
201000042597,10,3,20,315,5,2,3,1.0,6.0,76341,M,,,76
201000042598,10,3,23,1610,1,2,7,1.0,6.0,76351,M,,,76
201000042599,10,3,26,1425,1,1,1,1.0,3.0,76341,M,,,76
201000042600,10,3,26,1440,1,2,1,1.0,6.0,76351,M,,,76
201000042601,10,3,27,535,5,2,6,1.0,2.0,76341,M,,,76
201000042602,10,3,28,735,2,2,1,2.0,6.0,76351,M,,,76
201000042603,10,3,28,1745,1,2,1,8.0,6.0,76305,M,,,76
201000042604,10,3,30,1805,1,2,1,1.0,6.0,76351,M,,,76
201000042605,10,4,2,830,1,2,1,7.0,6.0,76351,M,,,76
201000042606,10,4,2,625,2,2,1,1.0,4.0,76351,M,,,76
201000042607,10,4,2,830,1,2,1,1.0,6.0,76351,M,,,76
201000042608,10,4,2,1325,1,2,6,2.0,6.0,76351,M,,,76
201000042609,10,4,3,1715,1,2,1,1.0,6.0,76351,M,,,76
201000042610,10,4,4,10,5,2,1,1.0,6.0,76351,M,,,76
201000042611,10,4,4,1405,1,2,9,1.0,3.0,76305,M,,,76
201000042612,10,4,6,820,1,2,1,1.0,6.0,76351,M,,,76
201000042613,10,4,6,2225,5,2,2,1.0,3.0,76351,M,,,76
201000042614,10,4,9,550,5,2,3,1.0,3.0,76351,M,,,76
201000042615,10,4,11,1150,1,2,3,1.0,6.0,76351,M,,,76
201000042616,10,4,12,2120,2,2,3,1.0,3.0,76351,M,,,76
201000042617,10,4,12,2220,5,2,2,1.0,3.0,76351,M,,,76
201000042618,10,4,13,1500,1,2,3,1.0,3.0,76351,M,,,76
201000042619,10,4,16,1210,1,2,2,1.0,3.0,76351,M,,,76
201000042620,10,4,18,500,5,2,1,1.0,6.0,76351,M,,,76
201000042621,10,4,18,2245,5,2,1,1.0,6.0,76351,M,,,76
201000042622,10,4,20,1810,1,2,2,1.0,5.0,76351,M,,,76
201000042623,10,4,21,1245,1,1,1,1.0,7.0,76351,M,,,76
201000042624,10,4,21,1800,1,2,5,1.0,6.0,76351,M,,,76
201000042625,10,4,22,805,1,2,2,1.0,3.0,76351,M,,,76
201000042626,10,4,22,2010,1,2,1,1.0,1.0,76351,M,,,76
201000042627,10,4,23,730,1,2,1,1.0,1.0,76341,M,,,76
201000042628,10,4,24,30,5,2,2,1.0,3.0,76351,M,,,76
201000042629,10,4,24,305,5,2,1,1.0,6.0,76351,M,,,76
201000042630,10,4,24,1900,1,1,2,1.0,7.0,76481,M,,,76
201000042631,10,4,27,1920,1,2,1,1.0,3.0,76351,M,,,76
201000042632,10,5,1,1440,1,2,1,1.0,6.0,76351,M,,,76
201000042633,10,5,1,1520,1,2,3,1.0,2.0,76351,M,,,76
201000042634,10,5,2,1435,1,1,1,1.0,6.0,76447,M,,,76
201000042635,10,5,4,1545,1,2,1,1.0,1.0,76351,M,,,76
201000042636,10,5,4,1910,1,1,2,1.0,5.0,76481,M,,,76
201000042637,10,5,8,25,5,2,2,1.0,3.0,76351,M,,,76
201000042638,10,5,8,1710,1,2,1,1.0,7.0,76351,M,,,76
201000042639,10,5,11,940,1,2,9,1.0,6.0,76351,M,,,76
201000042640,10,5,18,1000,1,2,1,1.0,6.0,76351,M,,,76
201000042641,10,5,21,1600,1,1,1,1.0,7.0,76341,M,,,76
201000042642,10,5,21,1825,1,2,2,1.0,3.0,76351,M,,,76
201000042643,10,5,21,1900,1,1,1,1.0,3.0,76447,M,,,76
201000042644,10,5,22,1050,1,2,1,1.0,6.0,76351,M,,,76
201000042645,10,5,23,105,5,2,3,1.0,6.0,76351,M,,,76
201000042646,10,5,23,2110,1,1,1,1.0,6.0,76305,M,,,76
201000042647,10,5,24,1820,1,2,2,1.0,6.0,76351,M,,,76
201000042648,10,5,28,1825,1,2,1,1.0,7.0,76305,M,,,76
201000042649,10,5,28,2005,1,2,4,1.0,3.0,76552,M,,,76
201000042650,10,5,29,1510,1,1,3,2.0,3.0,76305,M,,,76
201000042651,10,5,30,600,2,2,1,1.0,6.0,76447,M,,,76
201000042652,10,6,1,805,1,1,1,1.0,6.0,76341,M,,,76
201000042653,10,6,3,730,1,2,3,1.0,3.0,76351,M,,,76
201000042654,10,6,5,2315,5,2,2,1.0,3.0,76351,M,,,76
201000042655,10,6,10,1130,1,2,2,2.0,3.0,76351,M,,,76
201000042656,10,6,12,1450,1,2,3,1.0,3.0,76351,M,,,76
201000042657,10,6,12,1710,1,2,2,1.0,7.0,76447,M,,,76
201000042658,10,6,12,1915,1,2,1,1.0,1.0,76351,M,,,76
201000042659,10,6,14,1625,1,2,1,1.0,7.0,76305,M,,,76
201000042660,10,6,17,1730,1,2,1,1.0,2.0,76296,M,,,76
201000042661,10,6,18,1445,1,2,3,1.0,6.0,76351,M,,,76
201000042662,10,6,19,1120,1,2,6,1.0,6.0,76552,M,,,76
201000042663,10,6,21,1440,1,2,1,1.0,2.0,76351,M,,,76
201000042664,10,6,21,2020,1,2,1,1.0,6.0,76351,M,,,76
201000042665,10,6,23,1200,1,2,2,1.0,3.0,76351,M,,,76
201000042666,10,6,24,755,1,2,2,1.0,2.0,76351,M,,,76
201000042667,10,6,25,2045,1,2,1,1.0,2.0,76351,M,,,76