Num_Acc,an,mois,jour,hrmn,lum,agg,int,atm,col,com,gps,lat,long,dep
201000042668,10,6,26,245,5,2,1,1.0,7.0,76351,M,,,76
201000042669,10,6,27,610,1,2,1,1.0,6.0,76351,M,,,76
201000042670,10,6,29,1530,1,2,1,1.0,6.0,76351,M,,,76
201000042671,10,6,29,1600,1,2,1,1.0,6.0,76351,M,,,76
201000042672,10,6,30,1655,1,2,2,1.0,6.0,76351,M,,,76
201000042673,10,7,1,1730,1,2,2,1.0,3.0,76351,M,,,76
201000042674,10,7,2,1020,1,2,2,1.0,3.0,76351,M,,,76
201000042675,10,7,3,140,5,2,1,1.0,6.0,76351,M,,,76
201000042676,10,7,3,1200,1,2,1,1.0,6.0,76351,M,,,76
201000042677,10,7,4,730,1,1,1,1.0,6.0,76270,M,,,76
201000042678,10,7,5,2100,2,1,1,1.0,1.0,76351,M,,,76
201000042679,10,7,6,1050,1,2,2,1.0,3.0,76351,M,,,76
201000042680,10,7,6,1400,1,2,1,1.0,6.0,76351,M,,,76
201000042681,10,7,7,1640,1,2,6,1.0,5.0,76351,M,,,76
201000042682,10,7,7,1740,1,2,1,1.0,6.0,76351,M,,,76
201000042683,10,7,7,2005,1,2,2,1.0,1.0,76351,M,,,76
201000042684,10,7,8,1930,1,2,1,1.0,6.0,76351,M,,,76
201000042685,10,7,9,1645,1,2,3,1.0,6.0,76351,M,,,76
201000042686,10,7,12,800,1,1,3,2.0,3.0,76341,M,,,76
201000042687,10,7,13,1510,1,2,2,1.0,3.0,76351,M,,,76
201000042688,10,7,13,1740,1,2,2,1.0,6.0,76351,M,,,76
201000042689,10,7,14,415,5,2,1,1.0,6.0,76351,M,,,76
201000042690,10,7,14,1645,1,2,1,1.0,4.0,76351,M,,,76
201000042691,10,7,15,150,5,2,1,1.0,3.0,76351,M,,,76
201000042692,10,7,16,1915,1,2,1,2.0,6.0,76351,M,,,76
201000042693,10,7,18,345,5,2,1,1.0,7.0,76351,M,,,76
201000042694,10,7,19,1545,1,2,2,1.0,6.0,76351,M,,,76
201000042695,10,7,19,1615,1,2,1,1.0,6.0,76351,M,,,76
201000042696,10,7,24,605,1,1,1,1.0,2.0,76351,M,,,76
201000042697,10,7,24,1605,1,2,1,1.0,2.0,76341,M,,,76
201000042698,10,7,25,550,1,2,1,1.0,1.0,76351,M,,,76
201000042699,10,7,26,1745,1,2,2,2.0,2.0,76351,M,,,76
201000042700,10,7,30,445,5,2,1,1.0,7.0,76351,M,,,76
201000042701,10,7,30,1630,1,2,2,1.0,5.0,76351,M,,,76
201000042702,10,8,1,1910,1,2,1,1.0,3.0,76351,M,,,76
201000042703,10,8,2,1655,1,2,4,1.0,6.0,76447,M,,,76
201000042704,10,8,2,2025,1,2,2,1.0,6.0,76351,M,,,76
201000042705,10,8,2,2150,5,2,2,1.0,7.0,76351,M,,,76
201000042706,10,8,5,715,1,2,1,1.0,7.0,76351,M,,,76
201000042707,10,8,7,2150,2,2,2,1.0,3.0,76341,M,,,76
201000042708,10,8,12,745,1,1,1,1.0,6.0,76447,M,,,76
201000042709,10,8,13,1215,1,2,4,1.0,6.0,76351,M,,,76
201000042710,10,8,13,2340,5,2,1,1.0,7.0,76351,M,,,76
201000042711,10,8,17,1130,1,2,3,2.0,6.0,76351,M,,,76
201000042712,10,8,18,1445,1,2,1,1.0,7.0,76351,M,,,76
201000042713,10,8,24,710,1,1,1,1.0,7.0,76351,M,,,76
201000042714,10,8,25,1800,1,2,2,1.0,6.0,76351,M,,,76
201000042715,10,8,27,1730,1,2,1,1.0,6.0,76351,M,,,76
201000042716,10,9,2,50,4,2,1,1.0,6.0,76351,M,4948995.0,12595.0,76
201000042717,10,9,3,2230,5,2,2,1.0,3.0,76351,M,4952205.0,11617.0,76
201000042718,10,9,4,200,5,2,3,1.0,6.0,76351,M,,,76
201000042719,10,9,4,1300,1,2,3,1.0,6.0,76351,M,4950127.0,14844.0,76
201000042720,10,9,4,1435,1,2,1,1.0,6.0,76447,M,,,76
201000042721,10,9,4,1520,1,2,1,1.0,6.0,76351,M,,,76
201000042722,10,9,5,1930,1,1,1,1.0,7.0,76481,M,,,76
201000042723,10,9,8,900,1,2,1,2.0,6.0,76351,M,,,76
201000042724,10,9,10,1515,1,2,1,1.0,6.0,76351,M,,,76
201000042725,10,9,12,1430,1,2,1,1.0,6.0,76351,M,,,76
201000042726,10,9,15,1440,1,2,1,1.0,6.0,76351,M,,,76
201000042727,10,9,19,1310,1,2,1,1.0,6.0,76351,M,,,76
201000042728,10,9,20,1740,1,2,1,1.0,6.0,76351,M,,,76
201000042729,10,9,23,2220,5,2,2,1.0,3.0,76351,M,,,76
201000042730,10,9,27,2240,5,2,2,1.0,3.0,76351,M,,,76
201000042731,10,9,30,1705,1,2,1,1.0,1.0,76351,M,,,76
201000042732,10,10,1,1130,1,2,1,3.0,6.0,76552,M,,,76
201000042733,10,10,1,1750,1,2,1,1.0,7.0,76351,M,,,76
201000042734,10,10,2,400,3,1,1,2.0,7.0,76351,M,4952450.0,8890.0,76
201000042735,10,10,5,740,2,2,1,1.0,6.0,76351,M,,,76
201000042736,10,10,9,520,5,2,2,1.0,3.0,76351,M,,,76
201000042737,10,10,12,1225,1,2,1,1.0,3.0,76351,M,,,76
201000042738,10,10,12,1700,1,2,2,1.0,3.0,76351,M,,,76
201000042739,10,10,13,1710,1,2,1,1.0,7.0,76341,M,,,76
201000042740,10,10,14,1600,1,2,1,1.0,6.0,76351,M,,,76
201000042741,10,10,16,520,5,2,4,1.0,6.0,76351,M,,,76
201000042742,10,10,23,1000,1,2,7,3.0,6.0,76351,M,,,76
201000042743,10,10,25,30,5,2,1,1.0,6.0,76351,M,,,76
201000042744,10,10,26,2300,5,2,3,1.0,6.0,76351,M,,,76
201000042745,10,10,27,1330,1,1,1,2.0,6.0,76351,M,,,76
201000042746,10,10,28,1745,1,2,1,1.0,7.0,76351,M,,,76
201000042747,10,10,30,2100,5,2,1,1.0,6.0,76351,M,,,76
201000042748,10,10,31,130,5,2,6,1.0,6.0,76351,M,,,76
201000042749,10,11,1,505,5,2,1,1.0,6.0,76447,M,,,76
201000042750,10,11,2,1445,1,2,1,1.0,6.0,76351,M,,,76
201000042751,10,11,3,2220,5,2,1,2.0,6.0,76351,M,,,76
201000042752,10,11,4,1635,1,2,1,1.0,6.0,76351,M,,,76
201000042753,10,11,7,2145,5,2,1,1.0,6.0,76351,M,,,76
201000042754,10,11,8,1705,1,2,1,1.0,6.0,76351,M,,,76
201000042755,10,11,10,2100,5,2,1,1.0,7.0,76351,M,,,76
201000042756,10,11,11,550,3,1,1,1.0,6.0,76305,M,,,76
201000042757,10,11,12,2120,5,2,1,3.0,6.0,76351,M,,,76
201000042758,10,11,15,720,5,2,1,1.0,6.0,76351,M,4949002.0,13912.0,76
201000042759,10,11,16,1410,1,2,1,1.0,3.0,76305,M,,,76
201000042760,10,11,17,800,1,2,2,1.0,3.0,76447,M,,,76
201000042761,10,11,18,1740,2,2,1,2.0,6.0,76351,M,,,76
201000042762,10,11,19,1315,1,2,1,1.0,6.0,76351,M,4948908.0,14323.0,76
201000042763,10,11,21,5,5,2,1,1.0,6.0,76351,M,,,76
201000042764,10,11,21,650,2,2,2,1.0,6.0,76351,M,,,76
201000042765,10,11,24,945,1,2,1,1.0,6.0,76351,M,,,76
201000042766,10,11,24,1825,5,2,3,1.0,2.0,76351,M,,,76
201000042767,10,11,24,1930,3,1,2,1.0,6.0,76481,M,,,76
201000042768,10,11,25,840,1,2,1,1.0,7.0,76351,M,,,76
201000042769,10,11,26,850,1,2,1,1.0,6.0,76351,M,,,76
201000042770,10,11,28,615,5,2,1,1.0,6.0,76351,M,,,76
201000042771,10,11,29,1815,5,2,1,4.0,6.0,76351,M,,,76
201000042772,10,12,1,1435,1,2,2,4.0,6.0,76351,M,,,76
201000042773,10,12,2,1900,5,2,3,1.0,3.0,76351,M,,,76
201000042774,10,12,7,1755,5,2,1,1.0,6.0,76351,M,,,76
201000042775,10,12,7,2040,5,2,2,1.0,3.0,76351,M,,,76
201000042776,10,12,10,750,2,2,1,1.0,6.0,76351,M,,,76
201000042777,10,12,11,1740,5,2,1,1.0,6.0,76351,M,,,76
201000042778,10,12,12,1735,5,2,3,1.0,3.0,76351,M,,,76
201000042779,10,12,13,1410,1,2,3,1.0,6.0,76351,M,,,76
201000042780,10,12,14,1350,1,2,3,1.0,3.0,76351,M,,,76
201000042781,10,12,15,2045,5,1,1,1.0,7.0,76351,M,,,76
201000042782,10,12,27,2030,5,1,1,1.0,2.0,76341,M,,,76
201000042783,10,12,28,1900,5,2,2,1.0,3.0,76351,M,,,76
201000042784,10,12,28,2200,5,1,3,2.0,6.0,76351,M,,,76
201000042785,10,12,29,715,5,2,4,1.0,3.0,76351,M,,,76
201000042786,10,12,30,2225,5,1,1,1.0,2.0,76351,M,,,76
201000042787,10,12,31,25,5,2,1,1.0,6.0,76351,M,,,76
201000042788,10,1,24,30,5,2,1,1.0,2.0,76351,M,,,76
201000042789,10,2,13,215,5,2,3,1.0,3.0,76351,M,,,76
201000042790,10,4,22,1740,2,2,1,1.0,6.0,76351,M,,,76
201000042791,10,4,21,1755,1,2,1,1.0,6.0,76351,M,,,76
201000042792,10,4,29,1645,1,2,1,1.0,6.0,76351,M,,,76
201000042793,10,5,21,1700,1,2,1,1.0,6.0,76351,M,,,76
201000042794,10,7,3,2300,5,1,1,1.0,6.0,76351,M,,,76
201000042795,10,7,23,1630,1,2,1,1.0,2.0,76351,M,,,76
201000042796,10,8,15,1500,1,2,2,1.0,2.0,76351,M,,,76
201000042797,10,8,11,430,5,2,1,1.0,6.0,76351,M,,,76
201000042798,10,9,9,1615,1,1,1,1.0,7.0,76481,M,,,76
201000042799,10,9,30,1815,1,2,1,1.0,6.0,76351,M,,,76
201000042800,10,11,17,1900,5,2,1,1.0,2.0,76351,M,,,76
201000042801,10,11,27,1245,1,1,1,1.0,3.0,76351,M,,,76
201000042802,10,12,29,1830,5,2,1,1.0,6.0,76351,M,,,76
201000042803,10,1,2,2215,5,2,1,1.0,3.0,76540,M,4944468.0,109198.0,76
201000042804,10,1,3,525,5,2,1,4.0,6.0,76540,M,,,76
201000042805,10,12,25,1530,1,1,1,1.0,7.0,76157,M,,,76
201000042806,10,12,30,1530,1,2,2,1.0,3.0,76540,M,,,76
201000042807,10,1,14,1830,5,2,1,1.0,6.0,76540,M,,,76
201000042808,10,1,14,2030,3,2,1,1.0,1.0,76540,M,,,76
201000042809,10,1,14,2110,5,2,2,1.0,3.0,76319,M,,,76
201000042810,10,1,19,315,5,2,1,5.0,6.0,76540,M,,,76
201000042811,10,1,18,1320,1,2,1,1.0,6.0,76498,M,,,76
201000042812,10,1,15,835,2,2,1,1.0,6.0,76540,M,,,76
201000042813,10,1,20,815,5,2,1,3.0,6.0,76540,M,,,76
201000042814,10,1,20,850,1,2,1,2.0,6.0,76540,M,,,76
201000042815,10,1,21,755,5,2,1,1.0,3.0,76681,M,,,76
201000042816,10,1,21,845,1,2,1,1.0,6.0,76451,M,,,76
201000042817,10,1,22,1310,1,1,1,8.0,4.0,76681,M,,,76
201000042818,10,1,28,1500,1,2,1,1.0,3.0,76216,M,,,76
201000042819,10,1,28,1830,4,2,1,1.0,3.0,76498,M,,,76
201000042820,10,1,31,1430,1,2,1,1.0,6.0,76157,M,,,76
201000042821,10,1,27,935,1,2,1,7.0,6.0,76575,M,,,76
201000042822,10,2,1,1735,5,2,1,1.0,6.0,76540,M,,,76
201000042823,10,2,2,730,3,1,1,2.0,3.0,76484,M,,,76
201000042824,10,2,2,2030,5,2,1,3.0,6.0,76540,M,,,76
201000042825,10,1,4,650,5,2,1,5.0,1.0,76212,M,,,76
201000042826,10,2,4,910,1,2,1,1.0,6.0,76575,M,,,76
201000042827,10,2,3,720,5,2,3,2.0,3.0,76410,M,,,76
201000042828,10,2,10,1110,1,2,1,2.0,7.0,76540,M,,,76
201000042829,10,2,11,1823,5,2,1,1.0,3.0,76540,M,,,76
201000042830,10,2,11,1930,5,2,1,1.0,1.0,76681,M,,,76
201000042831,10,2,13,1535,1,2,1,1.0,6.0,76540,M,,,76
201000042832,10,2,14,1025,1,2,2,1.0,3.0,76540,M,,,76
201000042833,10,2,15,1600,1,2,1,1.0,2.0,76429,M,,,76
201000042834,10,2,20,250,5,2,1,1.0,7.0,76575,M,,,76
201000042835,10,2,19,1740,1,2,1,2.0,3.0,76216,M,,,76
201000042836,10,2,2,1800,4,2,1,2.0,4.0,76322,M,,,76
201000042837,10,2,24,1720,1,2,1,2.0,3.0,76216,M,,,76
201000042838,10,2,27,600,5,2,1,1.0,6.0,76366,M,,,76
201000042839,10,2,24,920,1,2,1,1.0,6.0,76540,M,,,76
201000042840,10,2,24,2000,5,2,1,3.0,4.0,76322,M,,,76
201000042841,10,2,25,820,1,1,6,9.0,6.0,76540,M,,,76
201000042842,10,2,26,1615,1,2,1,1.0,3.0,76540,M,,,76
201000042843,10,2,28,110,5,2,1,3.0,3.0,76540,M,,,76
201000042844,10,2,28,1225,1,2,2,6.0,3.0,76540,M,,,76
201000042845,10,2,13,1115,1,2,1,1.0,7.0,76540,M,,,76
201000042846,10,3,7,1735,1,2,1,1.0,3.0,76681,M,,,76
201000042847,10,3,7,205,3,1,1,1.0,7.0,76457,M,,,76
201000042848,10,3,10,1700,1,2,2,1.0,3.0,76540,M,,,76
201000042849,10,3,15,1135,1,2,1,1.0,6.0,76498,M,,,76
201000042850,10,3,17,1110,1,2,3,1.0,7.0,76451,M,,,76
201000042851,10,3,19,1735,1,2,1,3.0,5.0,76451,M,,,76
201000042852,10,4,2,1025,1,2,1,2.0,1.0,76402,M,,,76
201000042853,10,4,5,545,3,2,1,1.0,7.0,76540,M,,,76
201000042854,10,4,3,1610,1,2,2,1.0,6.0,76540,M,,,76
201000042855,10,3,24,830,1,2,1,1.0,3.0,76451,M,,,76
201000042856,10,3,27,1245,1,2,1,8.0,3.0,76540,M,,,76
201000042857,10,3,5,1330,1,2,1,1.0,6.0,76540,M,,,76
201000042858,10,3,15,2135,3,1,1,1.0,6.0,76474,M,,,76
201000042859,10,3,18,2005,5,2,3,1.0,3.0,76540,M,,,76
201000042860,10,3,24,720,1,2,1,1.0,6.0,76157,M,,,76
201000042861,10,3,26,1435,1,1,1,1.0,3.0,76497,M,,,76
201000042862,10,3,29,2035,5,2,1,3.0,7.0,76540,M,,,76
201000042863,10,4,17,550,5,2,1,1.0,1.0,76451,M,,,76
201000042864,10,4,3,1910,1,2,1,3.0,3.0,76575,M,,,76
201000042865,10,4,17,1650,1,2,1,1.0,3.0,76103,M,,,76
201000042866,10,4,19,1939,1,2,2,1.0,1.0,76540,M,,,76
201000042867,10,4,20,745,1,2,6,1.0,3.0,76540,M,,,76
201000042868,10,4,3,1850,1,2,1,2.0,7.0,76540,M,,,76
201000042869,10,4,8,855,1,2,1,1.0,7.0,76540,M,,,76
201000042870,10,4,11,2000,1,2,1,1.0,7.0,76366,M,,,76
201000042871,10,4,14,845,1,1,1,1.0,3.0,76575,M,,,76
201000042872,10,4,14,1810,1,2,1,1.0,6.0,76540,M,,,76
201000042873,10,4,16,1610,1,1,1,1.0,3.0,76540,M,,,76
201000042874,10,4,15,1735,1,2,3,1.0,2.0,76540,M,,,76
201000042875,10,3,15,1645,1,2,1,1.0,3.0,76540,M,,,76
201000042876,10,4,26,2215,4,1,1,1.0,2.0,76322,M,,,76
201000042877,10,2,5,1125,1,2,1,1.0,6.0,76540,M,,,76
201000042878,10,4,30,2315,5,2,1,1.0,1.0,76540,M,,,76
201000042879,10,4,14,1840,1,2,1,1.0,3.0,76540,M,,,76
201000042880,10,4,14,1545,1,2,1,1.0,7.0,76540,M,,,76
201000042881,10,4,16,1115,1,2,1,1.0,6.0,76681,M,,,76
201000042882,10,4,19,1350,1,2,1,1.0,7.0,76540,M,,,76
201000042883,10,4,23,1205,1,2,1,1.0,6.0,76599,M,,,76
201000042884,10,4,26,830,1,1,1,1.0,3.0,76429,M,,,76
201000042885,10,4,27,1445,1,2,1,9.0,2.0,76540,M,,,76
201000042886,10,4,28,1630,1,2,1,1.0,6.0,76540,M,,,76
201000042887,10,4,15,1130,1,1,1,1.0,6.0,76108,M,,,76
201000042888,10,4,23,745,1,2,3,1.0,3.0,76681,M,,,76
201000042889,10,4,29,740,1,2,1,1.0,6.0,76498,M,,,76
201000042890,10,4,23,820,1,2,1,1.0,3.0,76540,M,,,76
201000042891,10,4,23,1355,1,2,1,1.0,3.0,76484,M,,,76
201000042892,10,4,26,2100,2,2,1,1.0,6.0,76410,M,,,76
201000042893,10,4,28,1110,1,2,1,1.0,6.0,76681,M,,,76
201000042894,10,5,8,110,3,2,1,1.0,1.0,76498,M,,,76
201000042895,10,5,7,1600,1,2,1,1.0,6.0,76540,M,,,76
201000042896,10,3,7,1300,1,2,1,1.0,3.0,76498,M,,,76
201000042897,10,5,10,1730,1,2,1,1.0,2.0,76540,M,,,76
201000042898,10,5,12,1920,1,2,4,1.0,3.0,76474,M,,,76
201000042899,10,5,14,1745,1,2,1,1.0,6.0,76474,M,,,76
201000042900,10,4,2,1410,1,2,1,2.0,6.0,76540,M,,,76
201000042901,10,4,9,1735,1,2,1,1.0,6.0,76540,M,,,76
201000042902,10,4,17,1715,1,2,1,1.0,2.0,76540,M,,,76
201000042903,10,4,26,1140,1,1,1,1.0,7.0,76451,M,,,76
201000042904,10,5,19,135,5,2,1,1.0,7.0,76540,M,,,76
201000042905,10,3,13,1055,1,1,1,1.0,7.0,76540,M,,,76
201000042906,10,3,16,1650,1,2,1,1.0,3.0,76540,M,,,76
201000042907,10,3,23,1950,5,2,3,1.0,3.0,76540,M,,,76
201000042908,10,3,25,1410,1,2,1,8.0,6.0,76212,M,,,76
201000042909,10,3,29,740,1,2,1,1.0,3.0,76366,M,,,76
201000042910,10,4,17,510,5,2,1,1.0,4.0,76540,M,,,76
201000042911,10,5,7,1605,1,2,1,1.0,3.0,76429,M,,,76
201000042912,10,5,19,1310,1,2,1,1.0,1.0,76484,M,,,76
201000042913,10,5,13,1520,1,2,2,1.0,5.0,76540,M,,,76
201000042914,10,5,22,50,5,2,1,1.0,7.0,76216,M,,,76
201000042915,10,5,27,1310,1,2,1,1.0,6.0,76540,M,,,76
201000042916,10,5,27,1710,1,2,1,1.0,6.0,76410,M,,,76
201000042917,10,5,13,1705,1,1,1,1.0,7.0,76410,M,,,76
201000042918,10,5,14,1940,1,1,1,1.0,7.0,76319,M,,,76
201000042919,10,5,19,1730,1,2,1,1.0,6.0,76216,M,,,76
201000042920,10,5,26,1250,1,1,1,8.0,5.0,76157,M,,,76
201000042921,10,6,9,1800,1,2,1,1.0,2.0,76540,M,,,76
201000042922,10,6,13,2005,1,2,1,1.0,3.0,76216,M,,,76
201000042923,10,5,20,2125,1,2,1,1.0,4.0,76540,M,,,76
201000042924,10,5,24,2025,1,2,1,1.0,6.0,76681,M,,,76
201000042925,10,5,27,1130,1,2,1,1.0,3.0,76322,M,,,76
201000042926,10,5,27,1640,1,2,1,1.0,2.0,76451,M,,,76
201000042927,10,5,29,1115,1,2,1,1.0,3.0,76540,M,,,76
201000042928,10,6,15,815,1,2,1,1.0,3.0,76498,M,,,76
201000042929,10,6,22,20,5,2,1,1.0,6.0,76540,M,,,76
201000042930,10,4,9,1240,1,2,1,1.0,6.0,76157,M,,,76
201000042931,10,6,2,1440,1,2,1,1.0,7.0,76484,M,,,76
201000042932,10,6,4,1215,1,2,2,1.0,3.0,76498,M,,,76
201000042933,10,6,9,935,1,2,1,1.0,6.0,76540,M,,,76
201000042934,10,6,12,1700,1,2,1,1.0,3.0,76540,M,,,76
201000042935,10,4,14,1640,1,2,1,1.0,2.0,76451,M,,,76
201000042936,10,6,28,2115,1,2,1,1.0,6.0,76429,M,,,76
201000042937,10,5,23,2325,5,2,1,1.0,7.0,76319,M,,,76
201000042938,10,6,30,1,5,2,1,1.0,3.0,76540,M,,,76
201000042939,10,6,7,1800,1,2,3,1.0,1.0,76540,M,,,76
201000042940,10,6,9,755,1,2,1,1.0,3.0,76575,M,,,76
201000042941,10,6,14,340,5,1,1,1.0,6.0,76540,M,,,76
201000042942,10,6,16,825,1,2,1,1.0,4.0,76451,M,,,76
201000042943,10,6,18,1400,1,2,3,1.0,6.0,76681,M,,,76
201000042944,10,6,26,2300,5,2,1,1.0,6.0,76540,M,,,76
201000042945,10,6,28,1650,1,2,1,1.0,3.0,76681,M,,,76
201000042946,10,6,1,450,5,2,1,1.0,7.0,76497,M,,,76
201000042947,10,6,14,1920,1,2,1,1.0,3.0,76429,M,,,76
201000042948,10,6,16,1405,1,2,2,1.0,3.0,76157,M,,,76
201000042949,10,6,19,905,1,2,1,1.0,6.0,76540,M,,,76
201000042950,10,6,19,815,1,2,1,1.0,3.0,76322,M,,,76
201000042951,10,6,22,720,1,2,1,1.0,6.0,76216,M,,,76
201000042952,10,6,23,2050,1,2,1,1.0,7.0,76540,M,,,76
201000042953,10,6,27,1010,1,2,3,1.0,3.0,76103,M,,,76
201000042954,10,6,28,1110,1,2,1,1.0,3.0,76540,M,,,76
201000042955,10,6,30,220,3,1,1,1.0,7.0,76157,M,,,76
201000042956,10,7,4,830,1,2,1,1.0,7.0,76108,M,,,76
201000042957,10,5,12,1650,1,2,1,8.0,6.0,76575,M,,,76
201000042958,10,5,27,1635,1,2,2,1.0,3.0,76540,M,,,76
201000042959,10,7,10,1530,1,2,1,1.0,7.0,76575,M,,,76
201000042960,10,5,28,1610,1,2,2,1.0,1.0,76540,M,,,76
201000042961,10,7,7,425,3,1,1,1.0,7.0,76319,M,,,76
201000042962,10,7,5,1255,1,2,1,1.0,2.0,76157,M,,,76
201000042963,10,6,26,1100,1,2,1,9.0,1.0,76319,M,,,76
201000042964,10,6,2,530,5,1,6,2.0,6.0,76484,M,,,76
201000042965,10,6,4,1230,1,1,1,1.0,3.0,76540,M,,,76
201000042966,10,6,6,145,5,2,1,1.0,7.0,76540,M,,,76
201000042967,10,6,18,435,3,2,1,1.0,7.0,76451,M,,,76
201000042968,10,6,29,1945,1,2,1,1.0,6.0,76216,M,,,76
201000042969,10,7,8,1940,1,2,1,1.0,6.0,76322,M,,,76
201000042970,10,7,1,1240,1,2,1,1.0,2.0,76540,M,,,76
201000042971,10,7,12,1650,1,2,1,1.0,2.0,76540,M,,,76
201000042972,10,7,10,1030,1,2,1,1.0,6.0,76474,M,,,76
201000042973,10,7,16,1610,1,2,1,1.0,3.0,76322,M,,,76
201000042974,10,7,13,1610,1,2,1,1.0,3.0,76322,M,4939775.0,105592.0,76
201000042975,10,7,2,1445,1,2,1,1.0,6.0,76540,M,,,76
201000042976,10,7,3,2115,1,2,2,1.0,3.0,76540,M,,,76
201000042977,10,7,11,1915,1,1,1,1.0,7.0,76457,M,,,76
201000042978,10,7,18,955,1,2,1,1.0,7.0,76575,M,,,76
201000042979,10,7,19,940,1,2,1,1.0,3.0,76108,M,,,76
201000042980,10,7,12,1630,1,2,1,1.0,7.0,76322,M,,,76
201000042981,10,7,1,2025,1,2,1,1.0,6.0,76540,M,,,76
201000042982,10,7,21,1855,1,2,1,1.0,3.0,76212,M,,,76
201000042983,10,7,20,930,1,2,1,1.0,6.0,76575,M,,,76
201000042984,10,7,14,1950,1,1,1,2.0,7.0,76319,M,,,76
201000042985,10,7,21,1500,1,2,1,2.0,6.0,76498,M,,,76
201000042986,10,7,22,2035,1,2,4,1.0,3.0,76540,M,,,76
201000042987,10,7,29,400,3,1,1,1.0,7.0,76497,M,,,76
201000042988,10,7,27,745,1,2,1,1.0,6.0,76681,M,,,76
201000042989,10,8,5,2220,5,2,1,1.0,7.0,76216,M,,,76
201000042990,10,8,5,2309,5,2,1,1.0,2.0,76575,M,,,76
201000042991,10,8,10,1020,1,2,1,9.0,6.0,76540,M,,,76
201000042992,10,8,13,1330,1,2,1,3.0,4.0,76540,M,,,76
201000042993,10,8,9,1110,1,2,1,1.0,6.0,76540,M,,,76
201000042994,10,8,16,1900,1,2,1,1.0,6.0,76540,M,,,76
201000042995,10,8,13,1730,1,2,3,1.0,4.0,76575,M,,,76
201000042996,10,8,19,1045,1,2,1,1.0,3.0,76540,M,,,76
201000042997,10,8,22,1715,1,2,1,1.0,7.0,76540,M,,,76
201000042998,10,8,20,1830,1,1,1,9.0,1.0,76157,M,,,76
201000042999,10,7,26,1645,1,2,1,1.0,6.0,76498,M,,,76
201000043000,10,7,30,1535,1,2,1,9.0,2.0,76575,M,,,76
201000043001,10,6,27,1800,1,2,1,1.0,2.0,76484,M,,,76
201000043002,10,8,5,1540,1,2,3,1.0,3.0,76540,M,,,76
201000043003,10,8,23,2310,5,2,1,1.0,6.0,76216,M,,,76
201000043004,10,8,24,2120,5,2,3,1.0,3.0,76540,M,,,76
201000043005,10,8,24,1355,1,2,1,1.0,7.0,76681,M,,,76
201000043006,10,8,24,2145,5,2,1,1.0,7.0,76157,M,,,76
201000043007,10,8,26,1715,1,2,1,2.0,6.0,76484,M,,,76
201000043008,10,8,30,1010,1,1,1,1.0,6.0,76157,M,,,76
201000043009,10,8,31,1725,1,2,1,1.0,3.0,76540,M,,,76
201000043010,10,8,24,1635,1,2,1,1.0,6.0,76540,M,,,76
201000043011,10,9,2,1030,1,2,3,1.0,6.0,76681,M,4942002.0,108982.0,76
201000043012,10,9,7,1815,1,2,1,1.0,3.0,76319,M,,,76
201000043013,10,9,12,2210,5,2,1,1.0,6.0,76540,M,,,76
201000043014,10,9,13,410,5,2,1,1.0,3.0,76540,M,,,76
201000043015,10,9,1,815,1,2,1,1.0,3.0,76410,M,,,76
201000043016,10,9,2,800,1,2,1,1.0,7.0,76540,M,,,76
201000043017,10,9,4,640,2,1,6,1.0,6.0,76497,M,,,76
201000043018,10,9,11,1050,1,2,2,1.0,3.0,76540,M,,,76
201000043019,10,9,15,1350,1,2,1,1.0,6.0,76540,M,4945153.0,106359.0,76
201000043020,10,9,17,1130,1,2,1,1.0,7.0,76540,M,,,76
201000043021,10,9,19,230,5,2,5,1.0,3.0,76540,M,,,76
201000043022,10,9,6,1000,1,2,2,9.0,6.0,76575,M,,,76
201000043023,10,9,10,1110,1,2,1,1.0,2.0,76575,M,4938577.0,109952.0,76
201000043024,10,9,10,1540,1,2,1,7.0,2.0,76681,M,,,76
201000043025,10,9,17,2215,5,2,2,1.0,3.0,76540,M,4944268.0,108455.0,76
201000043026,10,9,16,1650,1,2,1,1.0,3.0,76498,M,,,76
201000043027,10,9,22,1655,1,2,1,1.0,6.0,76681,M,4942040.0,109180.0,76
201000043028,10,9,22,1730,1,2,1,1.0,3.0,76322,M,4940624.0,104123.0,76
201000043029,10,9,22,1740,1,2,1,1.0,3.0,76540,M,,,76
201000043030,10,9,26,1510,1,2,2,8.0,3.0,76681,M,4940585.0,109885.0,76
201000043031,10,9,17,1545,1,2,6,1.0,3.0,76410,M,,,76
201000043032,10,9,25,2015,5,2,1,1.0,3.0,76540,M,,,76
201000043033,10,9,25,410,5,2,1,1.0,6.0,76681,M,4941685.0,110701.0,76
201000043034,10,9,29,1640,1,2,1,1.0,6.0,76095,M,,,76
201000043035,10,9,29,1620,1,2,1,1.0,6.0,76212,M,4943925.0,113552.0,76
201000043036,10,10,2,1410,1,2,1,2.0,3.0,76540,M,,,76
201000043037,10,10,5,500,5,1,3,2.0,5.0,76681,M,,,76
201000043038,10,10,4,2330,5,2,1,2.0,7.0,76540,M,,,76
201000043039,10,10,7,1930,2,2,1,1.0,6.0,76540,M,4943656.0,109974.0,76
201000043040,10,10,11,1150,1,2,1,1.0,3.0,76540,M,4943419.0,108178.0,76
201000043041,10,10,8,1220,1,2,1,1.0,3.0,76540,M,,,76
201000043042,10,10,6,15,5,2,1,2.0,7.0,76540,M,,,76
201000043043,10,10,7,1705,1,2,1,1.0,3.0,76540,M,4942460.0,108182.0,76
201000043044,10,10,11,1820,1,2,1,1.0,3.0,76575,M,,,76
201000043045,10,10,13,750,1,2,2,1.0,5.0,76681,M,,,76
201000043046,10,10,15,1430,1,1,1,1.0,2.0,76212,M,4944390.0,116737.0,76