Num_Acc,an,mois,jour,hrmn,lum,agg,int,atm,col,com,gps,lat,long,dep
201000043047,10,10,18,1635,1,2,1,1.0,6.0,76540,M,,,76
201000043048,10,10,19,1630,1,2,2,2.0,3.0,76319,M,4934736.0,99404.0,76
201000043049,10,10,1,1955,5,2,3,3.0,3.0,76575,M,4937421.0,110269.0,76
201000043050,10,10,5,1520,1,2,1,1.0,5.0,76319,M,,,76
201000043051,10,10,7,930,1,2,1,1.0,3.0,76216,M,,,76
201000043052,10,10,25,1542,1,2,3,1.0,6.0,76540,M,,,76
201000043053,10,10,26,1240,1,2,1,1.0,3.0,76540,M,,,76
201000043054,10,10,24,10,5,2,1,2.0,2.0,76540,M,,,76
201000043055,10,10,24,2030,3,1,1,3.0,7.0,76540,M,,,76
201000043056,10,10,25,1040,1,2,1,2.0,7.0,76540,M,,,76
201000043057,10,10,28,1255,1,2,3,9.0,6.0,76322,M,4941433.0,103776.0,76
201000043058,10,10,26,1355,1,2,1,1.0,3.0,76540,M,,,76
201000043059,10,10,30,340,5,2,1,2.0,7.0,76540,M,,,76
201000043060,10,11,3,1735,3,2,1,8.0,6.0,76540,M,4942411.0,107000.0,76
201000043061,10,11,3,1325,1,2,1,1.0,2.0,76319,M,,,76
201000043062,10,11,4,1745,5,2,1,1.0,7.0,76322,M,4941759.0,104344.0,76
201000043063,10,11,6,130,5,1,1,1.0,6.0,76540,M,,,76
201000043064,10,11,5,2015,5,1,1,1.0,6.0,76157,M,,,76
201000043065,10,11,9,2100,5,2,1,2.0,7.0,76540,M,,,76
201000043066,10,10,9,1625,1,2,1,1.0,3.0,76540,M,,,76
201000043067,10,11,14,1855,3,1,1,9.0,6.0,76410,M,,,76
201000043068,10,11,6,205,5,2,1,1.0,7.0,76540,M,,,76
201000043069,10,11,12,1210,1,2,1,1.0,3.0,76410,M,,,76
201000043070,10,11,15,845,1,2,1,1.0,6.0,76540,M,,,76
201000043071,10,11,16,1800,5,2,1,1.0,6.0,76540,M,,,76
201000043072,10,11,18,625,5,2,1,1.0,3.0,76540,M,,,76
201000043073,10,11,20,2250,5,2,1,1.0,7.0,76540,M,,,76
201000043074,10,11,22,1640,1,2,3,1.0,6.0,76095,M,,,76
201000043075,10,11,24,2025,5,2,1,8.0,3.0,76540,M,4944320.0,107789.0,76
201000043076,10,11,22,1635,1,2,1,8.0,7.0,76681,M,,,76
201000043077,10,11,25,1730,5,2,1,4.0,7.0,76540,M,,,76
201000043078,10,11,23,1700,5,2,1,1.0,7.0,76540,M,,,76
201000043079,10,11,27,1615,1,1,1,1.0,1.0,76157,M,,,76
201000043080,10,11,23,1815,3,1,1,2.0,4.0,76497,M,,,76
201000043081,10,11,6,945,1,2,1,9.0,6.0,76540,M,,,76
201000043082,10,10,11,610,5,2,1,1.0,3.0,76108,M,4945357.0,110444.0,76
201000043083,10,10,18,1245,1,2,1,1.0,2.0,76451,M,,,76
201000043084,10,11,15,800,1,2,1,1.0,3.0,76410,M,,,76
201000043085,10,11,17,1720,5,2,1,8.0,2.0,76540,M,,,76
201000043086,10,11,26,1820,5,2,1,1.0,4.0,76540,M,,,76
201000043087,10,12,3,1905,5,1,1,1.0,4.0,76497,M,,,76
201000043088,10,12,7,225,5,2,1,1.0,7.0,76216,M,,,76
201000043089,10,12,3,1820,5,2,1,1.0,6.0,76681,M,,,76
201000043090,10,12,6,1445,1,2,1,1.0,2.0,76575,M,,,76
201000043091,10,12,9,1755,5,2,1,1.0,7.0,76322,M,,,76
201000043092,10,12,10,1740,5,2,1,1.0,6.0,76540,M,,,76
201000043093,10,12,13,835,1,2,1,1.0,6.0,76212,M,,,76
201000043094,10,1,2,1600,1,1,1,1.0,6.0,77363,M,,,77
201000043095,10,1,16,1135,1,2,1,2.0,6.0,77108,M,,,77
201000043096,10,1,22,825,1,2,1,1.0,6.0,77108,M,,,77
201000043097,10,2,3,1945,5,2,1,1.0,5.0,77108,M,,,77
201000043098,10,2,5,1115,1,2,2,2.0,3.0,77108,M,,,77
201000043099,10,2,9,640,2,2,2,2.0,6.0,77108,M,,,77
201000043100,10,2,23,1445,1,2,1,2.0,6.0,77108,M,,,77
201000043101,10,3,1,900,1,2,1,1.0,6.0,77108,M,,,77
201000043102,10,3,26,2140,3,1,1,1.0,1.0,77517,M,,,77
201000043103,10,4,11,1845,1,2,1,1.0,1.0,77108,M,,,77
201000043104,10,4,11,1240,1,1,1,1.0,6.0,77479,M,,,77
201000043105,10,4,26,755,1,2,1,1.0,6.0,77108,M,,,77
201000043106,10,5,8,805,1,2,1,1.0,6.0,77479,M,,,77
201000043107,10,5,20,900,1,2,1,1.0,6.0,77108,M,,,77
201000043108,10,5,22,1530,1,2,1,1.0,6.0,77108,M,,,77
201000043109,10,5,25,1245,1,2,1,1.0,7.0,77108,M,,,77
201000043110,10,6,22,1955,1,2,1,1.0,2.0,77108,M,,,77
201000043111,10,6,29,1540,1,2,1,1.0,3.0,77139,M,,,77
201000043112,10,7,9,1650,1,2,1,1.0,4.0,77108,M,,,77
201000043113,10,7,11,630,1,2,1,1.0,6.0,77108,M,,,77
201000043114,10,7,28,905,1,2,2,1.0,3.0,77108,M,,,77
201000043115,10,8,3,1920,1,2,1,1.0,6.0,77055,M,,,77
201000043116,10,8,23,650,1,2,1,1.0,6.0,77108,M,,,77
201000043117,10,9,8,2100,4,2,2,2.0,1.0,77479,M,,,77
201000043118,10,9,22,1130,1,2,1,1.0,1.0,77108,M,,,77
201000043119,10,9,27,1550,1,2,1,1.0,1.0,77108,M,,,77
201000043120,10,10,8,1630,1,2,1,1.0,6.0,77108,M,,,77
201000043121,10,10,12,1710,1,2,1,1.0,3.0,77108,M,,,77
201000043122,10,10,14,2320,5,2,1,1.0,3.0,77108,M,,,77
201000043123,10,10,28,1645,1,2,1,1.0,1.0,77108,M,,,77
201000043124,10,10,29,725,4,2,1,1.0,1.0,77108,M,,,77
201000043125,10,10,29,1715,1,2,2,1.0,3.0,77139,M,,,77
201000043126,10,11,3,1910,4,2,1,1.0,6.0,77108,M,,,77
201000043127,10,11,4,2025,4,2,2,1.0,5.0,77108,M,,,77
201000043128,10,11,6,1300,1,2,1,3.0,5.0,77108,M,,,77
201000043129,10,11,18,1805,5,2,1,2.0,6.0,77108,M,,,77
201000043130,10,11,19,2115,5,2,2,1.0,7.0,77479,M,,,77
201000043131,10,11,20,1940,2,1,1,1.0,5.0,77363,M,,,77
201000043132,10,11,22,2135,5,2,1,1.0,3.0,77108,M,,,77
201000043133,10,12,15,1310,1,2,1,1.0,6.0,77108,M,,,77
201000043134,10,12,24,1845,5,2,1,4.0,3.0,77055,M,,,77
201000043135,10,1,7,800,1,1,1,4.0,7.0,77111,M,,,77
201000043136,10,2,24,650,2,2,3,2.0,3.0,77268,M,,,77
201000043137,10,4,10,1135,1,1,1,1.0,3.0,77449,M,,,77
201000043138,10,5,28,1200,1,1,1,1.0,3.0,77132,M,,,77
201000043139,10,6,20,1,5,2,1,1.0,7.0,77307,M,,,77
201000043140,10,6,3,1235,1,2,9,1.0,7.0,77018,M,,,77
201000043141,10,10,16,430,3,1,1,2.0,1.0,77449,M,,,77
201000043142,10,10,21,1420,1,2,1,1.0,7.0,77111,M,,,77
201000043143,10,11,10,2230,5,1,1,8.0,6.0,77018,M,,,77
201000043144,10,12,26,1309,1,1,1,4.0,1.0,77075,M,,,77
201000043145,10,6,18,1930,1,2,1,1.0,6.0,77018,M,,,77
201000043146,10,1,4,1230,1,2,1,1.0,1.0,77131,M,,,77
201000043147,10,1,4,1715,2,2,9,1.0,3.0,77131,M,,,77
201000043148,10,1,14,925,1,1,1,9.0,3.0,77131,M,,,77
201000043149,10,1,16,1805,5,2,1,2.0,1.0,77042,M,,,77
201000043150,10,1,27,1745,2,2,1,1.0,7.0,77131,M,,,77
201000043151,10,1,30,2105,3,2,1,1.0,6.0,77042,M,,,77
201000043152,10,2,22,920,1,2,1,1.0,2.0,77131,M,,,77
201000043153,10,3,4,1755,1,2,1,1.0,6.0,77371,M,,,77
201000043154,10,3,6,1815,1,2,1,1.0,7.0,77320,M,,,77
201000043155,10,3,11,1910,3,2,1,1.0,6.0,77131,M,,,77
201000043156,10,3,11,1915,3,1,1,1.0,5.0,77320,M,,,77
201000043157,10,3,19,1530,1,2,1,1.0,2.0,77131,M,,,77
201000043158,10,3,20,1015,1,2,1,9.0,6.0,77131,M,,,77
201000043159,10,3,27,1420,1,1,1,8.0,6.0,77013,M,,,77
201000043160,10,3,30,30,3,2,1,2.0,6.0,77131,M,,,77
201000043161,10,3,31,2058,3,1,2,1.0,3.0,77400,M,,,77
201000043162,10,4,5,1745,1,2,1,1.0,2.0,77320,M,,,77
201000043163,10,4,10,2315,5,2,3,1.0,3.0,77131,M,,,77
201000043164,10,4,21,1535,1,2,2,1.0,2.0,77131,M,,,77
201000043165,10,4,22,910,1,2,3,1.0,3.0,77320,M,,,77
201000043166,10,4,28,735,1,1,3,1.0,3.0,77131,M,,,77
201000043167,10,5,2,1050,1,1,2,1.0,3.0,77400,M,,,77
201000043168,10,5,4,2000,1,1,1,1.0,7.0,77070,M,,,77
201000043169,10,5,5,520,5,2,1,1.0,1.0,77131,M,,,77
201000043170,10,5,5,1030,1,1,1,1.0,3.0,77281,M,,,77
201000043171,10,5,11,1830,1,2,6,2.0,7.0,77131,M,,,77
201000043172,10,5,13,1845,1,2,1,1.0,2.0,77320,M,,,77
201000043173,10,5,16,1825,1,2,1,1.0,2.0,77131,M,,,77
201000043174,10,5,20,1700,1,2,3,1.0,3.0,77131,M,,,77
201000043175,10,5,24,130,5,2,1,1.0,7.0,77131,M,,,77
201000043176,10,5,26,1810,1,1,1,1.0,3.0,77320,M,,,77
201000043177,10,6,3,1755,1,2,1,1.0,3.0,77042,M,,,77
201000043178,10,6,7,845,1,1,1,1.0,7.0,77400,M,,,77
201000043179,10,6,9,1730,1,2,3,2.0,3.0,77131,M,,,77
201000043180,10,6,10,800,1,1,1,2.0,1.0,77131,M,,,77
201000043181,10,6,11,850,1,2,2,1.0,3.0,77131,M,,,77
201000043182,10,6,17,1900,1,2,3,1.0,3.0,77131,M,,,77
201000043183,10,6,24,555,2,2,1,1.0,5.0,77320,M,,,77
201000043184,10,7,2,745,1,2,1,7.0,3.0,77131,M,,,77
201000043185,10,7,2,1740,1,2,1,1.0,1.0,77281,M,,,77
201000043186,10,7,2,2325,3,1,2,1.0,3.0,77371,M,,,77
201000043187,10,7,2,2340,3,1,1,1.0,6.0,77371,M,,,77
201000043188,10,7,3,1815,1,1,3,1.0,3.0,77371,M,,,77
201000043189,10,7,14,315,3,2,1,1.0,6.0,77371,M,,,77
201000043190,10,7,16,1140,1,2,1,1.0,3.0,77131,M,,,77
201000043191,10,7,16,910,1,1,1,1.0,7.0,77013,M,,,77
201000043192,10,7,20,1730,1,2,3,1.0,2.0,77131,M,,,77
201000043193,10,7,22,2020,1,1,1,1.0,3.0,77070,M,,,77
201000043194,10,7,25,1630,1,2,3,1.0,6.0,77131,M,,,77
201000043195,10,7,28,1915,1,2,3,1.0,3.0,77042,M,,,77
201000043196,10,7,30,1645,1,2,1,7.0,6.0,77131,M,,,77
201000043197,10,7,30,1855,1,2,3,7.0,3.0,77131,M,,,77
201000043198,10,8,5,1455,1,2,1,1.0,3.0,77131,M,,,77
201000043199,10,8,11,830,1,1,1,2.0,1.0,77371,M,,,77
201000043200,10,9,3,1940,1,2,1,1.0,7.0,77371,M,,,77
201000043201,10,9,7,1825,1,2,1,,6.0,77131,M,,,77
201000043202,10,9,10,540,3,1,1,5.0,5.0,77281,M,,,77
201000043203,10,9,18,940,1,2,1,1.0,3.0,77131,M,,,77
201000043204,10,9,20,1330,1,2,1,9.0,2.0,77131,M,,,77
201000043205,10,9,21,820,1,2,1,1.0,2.0,77042,M,,,77
201000043206,10,9,22,1850,1,1,1,1.0,1.0,77320,M,,,77
201000043207,10,9,28,800,1,1,2,1.0,3.0,77433,M,,,77
201000043208,10,10,7,815,1,2,1,1.0,1.0,77320,M,,,77
201000043209,10,10,10,1405,1,2,1,1.0,6.0,77042,M,,,77
201000043210,10,10,11,1805,1,2,1,7.0,6.0,77131,M,,,77
201000043211,10,10,12,1350,1,2,8,1.0,4.0,77131,M,,,77
201000043212,10,10,15,2115,3,1,1,2.0,3.0,77371,M,,,77
201000043213,10,10,24,1655,1,2,1,1.0,6.0,77371,M,,,77
201000043214,10,11,6,1430,1,2,1,3.0,2.0,77131,M,,,77
201000043215,10,11,7,1820,5,2,1,9.0,2.0,77131,M,,,77
201000043216,10,11,18,1245,1,1,1,8.0,7.0,77371,M,,,77
201000043217,10,11,18,1805,2,2,2,1.0,2.0,77131,M,,,77
201000043218,10,11,23,1200,1,2,1,1.0,6.0,77131,M,,,77
201000043219,10,11,23,1725,5,2,1,8.0,2.0,77131,M,,,77
201000043220,10,11,29,920,1,1,1,4.0,7.0,77028,M,,,77
201000043221,10,11,30,1705,2,2,1,1.0,6.0,77281,M,,,77
201000043222,10,12,16,2005,5,2,1,2.0,3.0,77131,M,,,77
201000043223,10,12,17,855,1,2,1,4.0,6.0,77433,M,,,77
201000043224,10,12,21,2305,5,2,1,5.0,6.0,77320,M,,,77
201000043225,10,1,5,1845,5,2,1,1.0,6.0,77014,M,,,77
201000043226,10,1,11,2210,5,2,2,1.0,3.0,77014,M,,,77
201000043227,10,1,15,1820,5,2,1,2.0,6.0,77037,M,,,77
201000043228,10,1,18,1315,1,1,1,1.0,7.0,77186,M,,,77
201000043229,10,2,1,1810,3,2,1,8.0,6.0,77186,M,,,77
201000043230,10,2,15,1030,1,1,1,1.0,6.0,77186,M,,,77
201000043231,10,2,22,1040,1,1,1,1.0,2.0,77186,M,,,77
201000043232,10,3,15,205,3,1,1,1.0,6.0,77186,M,,,77
201000043233,10,3,18,1605,1,1,2,1.0,2.0,77186,M,,,77
201000043234,10,3,28,19,3,1,1,2.0,2.0,77186,M,,,77
201000043235,10,4,16,1420,1,1,1,1.0,5.0,77186,M,,,77
201000043236,10,4,20,2320,3,1,2,1.0,7.0,77186,M,,,77
201000043237,10,4,21,940,1,1,1,1.0,2.0,77186,M,,,77
201000043238,10,4,27,30,3,1,4,1.0,3.0,77186,M,,,77
201000043239,10,5,4,5,3,1,1,1.0,6.0,77186,M,,,77
201000043240,10,5,5,2355,3,1,1,1.0,6.0,77186,M,,,77
201000043241,10,5,8,535,3,1,1,1.0,6.0,77186,M,,,77
201000043242,10,5,24,1720,1,1,1,1.0,6.0,77186,M,,,77
201000043243,10,6,1,1220,1,1,1,1.0,2.0,77186,M,,,77
201000043244,10,6,15,825,1,1,2,1.0,5.0,77186,M,,,77
201000043245,10,6,18,2145,3,1,1,1.0,7.0,77186,M,,,77
201000043246,10,6,24,2140,5,2,1,1.0,7.0,77014,M,,,77
201000043247,10,6,30,1300,1,1,1,1.0,6.0,77186,M,,,77
201000043248,10,7,1,2220,3,1,1,1.0,7.0,77186,M,,,77
201000043249,10,7,9,2120,1,1,1,1.0,1.0,77186,M,,,77
201000043250,10,7,11,1630,1,1,1,1.0,3.0,77186,M,,,77
201000043251,10,7,12,1230,1,1,1,2.0,3.0,77186,M,,,77
201000043252,10,7,20,955,1,1,1,1.0,2.0,77186,M,,,77
201000043253,10,7,28,1240,1,2,1,1.0,7.0,77533,M,,,77
201000043254,10,7,30,1510,1,1,9,1.0,7.0,77186,M,,,77
201000043255,10,8,3,1910,1,1,2,1.0,7.0,77186,M,,,77
201000043256,10,8,6,1945,1,1,1,1.0,1.0,77226,M,,,77
201000043257,10,8,11,1450,1,1,1,2.0,6.0,77186,M,,,77
201000043258,10,8,19,1705,1,1,1,1.0,1.0,77186,M,,,77
201000043259,10,8,21,1450,1,1,6,1.0,4.0,77186,M,,,77
201000043260,10,9,11,2045,2,1,1,1.0,2.0,77186,M,,,77
201000043261,10,9,21,1740,1,1,1,1.0,6.0,77186,M,,,77
201000043262,10,10,20,1820,1,2,8,1.0,6.0,77442,M,,,77
201000043263,10,10,22,730,5,2,1,8.0,1.0,77014,M,,,77
201000043264,10,10,31,1120,1,2,1,1.0,6.0,77037,M,,,77
201000043265,10,11,9,700,3,1,1,2.0,7.0,77186,M,,,77
201000043266,10,11,10,1110,1,1,1,1.0,7.0,77186,M,,,77
201000043267,10,11,19,915,1,1,2,8.0,3.0,77186,M,,,77
201000043268,10,11,19,1700,2,1,2,8.0,3.0,77186,M,,,77
201000043269,10,11,28,535,3,1,1,9.0,6.0,77186,M,,,77
201000043270,10,11,30,1110,1,2,1,8.0,2.0,77186,M,,,77
201000043271,10,11,30,2135,5,2,6,1.0,3.0,77014,M,,,77
201000043272,10,12,2,2340,5,2,2,1.0,3.0,77186,M,,,77
201000043273,10,3,15,1955,5,2,1,1.0,3.0,77464,M,,,77
201000043274,10,6,7,1050,1,2,1,1.0,2.0,77464,M,,,77
201000043275,10,6,16,1035,1,2,2,1.0,7.0,77243,M,,,77
201000043276,10,6,30,1925,1,2,1,1.0,1.0,77464,M,,,77
201000043277,10,11,23,505,3,1,1,1.0,6.0,77209,M,,,77
201000043278,10,11,28,645,3,1,1,1.0,6.0,77085,M,,,77
201000043279,10,1,5,1545,1,2,2,8.0,3.0,77330,M,,,77
201000043280,10,1,12,1659,2,2,1,8.0,6.0,77284,M,,,77
201000043281,10,1,14,600,3,1,1,8.0,1.0,77284,M,,,77
201000043282,10,3,5,1110,1,2,1,1.0,3.0,77284,M,,,77
201000043283,10,1,15,2235,5,2,1,9.0,6.0,77284,M,,,77
201000043284,10,1,18,1804,5,2,1,8.0,6.0,77284,M,,,77
201000043285,10,8,20,2150,3,1,1,1.0,1.0,77199,M,,,77
201000043286,10,1,19,805,5,2,1,8.0,6.0,77284,M,,,77
201000043287,10,1,23,520,5,2,1,9.0,1.0,77475,M,,,77
201000043288,10,1,28,1820,3,1,1,9.0,1.0,77335,M,,,77
201000043289,10,2,4,1835,5,2,1,9.0,6.0,77284,M,,,77
201000043290,10,2,5,650,5,2,1,3.0,6.0,77284,M,,,77
201000043291,10,4,4,100,3,1,1,1.0,2.0,77335,M,,,77
201000043292,10,4,17,1815,1,2,1,1.0,2.0,77284,M,,,77
201000043293,10,4,19,2045,2,2,1,1.0,2.0,77284,M,,,77
201000043294,10,4,25,1235,1,2,1,1.0,6.0,77284,M,,,77
201000043295,10,4,28,1033,1,2,2,1.0,3.0,77143,M,,,77
201000043296,10,4,29,1625,1,2,1,1.0,6.0,77284,M,,,77
201000043297,10,5,2,445,3,1,1,1.0,1.0,77513,M,,,77
201000043298,10,5,3,735,1,1,1,2.0,3.0,77330,M,,,77
201000043299,10,5,3,910,1,1,1,1.0,6.0,77330,M,,,77
201000043300,10,5,13,25,5,2,1,1.0,6.0,77284,M,,,77
201000043301,10,5,26,2105,1,1,1,1.0,1.0,77284,M,,,77
201000043302,10,5,27,1730,1,2,1,3.0,4.0,77284,M,,,77
201000043303,10,6,3,805,1,2,1,1.0,3.0,77284,M,,,77
201000043304,10,6,5,2355,5,2,1,1.0,2.0,77284,M,,,77
201000043305,10,6,7,1005,1,2,1,1.0,6.0,77475,M,,,77
201000043306,10,6,14,1000,1,2,1,1.0,6.0,77284,M,,,77
201000043307,10,6,17,1650,1,2,1,1.0,6.0,77475,M,,,77
201000043308,10,7,20,1645,1,2,1,1.0,6.0,77284,M,,,77
201000043309,10,7,30,2335,5,2,1,1.0,3.0,77284,M,,,77
201000043310,10,7,31,940,1,2,1,1.0,5.0,77284,M,,,77
201000043311,10,8,16,930,1,1,1,3.0,1.0,77513,M,,,77
201000043312,10,9,1,1835,1,2,1,1.0,2.0,77284,M,,,77
201000043313,10,9,4,1345,1,1,1,1.0,6.0,77284,M,,,77
201000043314,10,9,11,1715,1,2,1,1.0,3.0,77284,M,,,77
201000043315,10,10,2,1525,1,2,1,1.0,6.0,77284,M,,,77
201000043316,10,10,5,950,1,1,1,1.0,4.0,77330,M,,,77
201000043317,10,10,8,1105,1,2,3,1.0,3.0,77284,M,,,77
201000043318,10,10,29,1345,1,2,1,1.0,3.0,77284,M,,,77
201000043319,10,10,30,435,5,2,1,8.0,6.0,77284,M,,,77
201000043320,10,11,1,1625,1,2,1,1.0,6.0,77284,M,,,77
201000043321,10,11,11,2030,5,2,1,3.0,3.0,77330,M,,,77
201000043322,10,11,13,940,1,2,1,8.0,6.0,77284,M,,,77
201000043323,10,11,18,635,5,2,1,8.0,6.0,77284,M,,,77
201000043324,10,12,3,1900,5,2,1,8.0,2.0,77284,M,,,77
201000043325,10,12,4,215,5,2,1,8.0,6.0,77284,M,,,77
201000043326,10,12,13,1910,5,2,1,8.0,6.0,77284,M,,,77
201000043327,10,12,29,320,3,1,1,8.0,6.0,77475,M,,,77
201000043328,10,12,30,1730,3,1,1,8.0,2.0,77255,M,,,77
201000043329,10,1,1,1825,3,1,1,1.0,6.0,77269,M,,,77
201000043330,10,1,4,925,1,1,1,1.0,6.0,77518,M,,,77
201000043331,10,1,8,625,5,2,6,1.0,3.0,77288,M,,,77
201000043332,10,1,11,1645,1,2,2,8.0,3.0,77410,M,,,77
201000043333,10,1,16,220,5,2,1,1.0,6.0,77288,M,,,77
201000043334,10,1,28,1700,1,2,1,9.0,6.0,77445,M,,,77
201000043335,10,2,8,1820,3,1,1,1.0,5.0,77407,M,,,77
201000043336,10,2,19,2100,5,2,1,1.0,6.0,77067,M,,,77
201000043337,10,3,4,1315,1,2,1,1.0,6.0,77445,M,,,77
201000043338,10,3,3,825,1,1,2,1.0,5.0,77306,M,,,77
201000043339,10,3,5,1140,1,2,1,7.0,6.0,77288,M,,,77
201000043340,10,3,23,1500,1,1,5,1.0,3.0,77495,M,,,77
201000043341,10,3,15,800,1,1,2,1.0,3.0,77306,M,,,77
201000043342,10,3,19,1705,1,2,3,1.0,3.0,77288,M,,,77
201000043343,10,4,6,2135,3,1,3,1.0,6.0,77269,M,,,77
201000043344,10,4,29,820,1,2,1,1.0,7.0,77445,M,,,77
201000043345,10,4,15,835,1,2,1,1.0,6.0,77288,M,,,77
201000043346,10,4,18,2125,3,1,1,1.0,2.0,77255,M,,,77
201000043347,10,1,4,1745,5,2,1,8.0,6.0,77288,M,,,77
201000043348,10,5,14,1330,1,1,1,1.0,7.0,77495,M,,,77
201000043349,10,4,25,1935,1,1,3,1.0,3.0,77255,M,,,77
201000043350,10,4,26,1710,1,2,1,7.0,6.0,77288,M,,,77
201000043351,10,4,30,1920,1,2,2,1.0,1.0,77288,M,,,77
201000043352,10,5,2,1100,1,2,3,1.0,2.0,77407,M,,,77
201000043353,10,6,4,1130,1,2,1,1.0,6.0,77445,M,,,77
201000043354,10,6,5,1030,1,2,1,1.0,6.0,77326,M,,,77
201000043355,10,5,19,1400,1,2,1,1.0,6.0,77096,M,,,77
201000043356,10,6,26,300,5,2,1,1.0,1.0,77445,M,,,77
201000043357,10,5,31,1230,1,2,1,1.0,5.0,77288,M,,,77
201000043358,10,6,2,2120,1,2,3,1.0,2.0,77152,M,,,77
201000043359,10,6,7,815,1,2,1,1.0,6.0,77152,M,,,77
201000043360,10,6,6,2205,2,2,2,1.0,3.0,77487,M,,,77
201000043361,10,6,10,2330,5,2,1,1.0,6.0,77288,M,,,77
201000043362,10,6,7,750,1,2,2,1.0,6.0,77407,M,,,77
201000043363,10,7,7,1530,1,2,1,1.0,6.0,77288,M,,,77
201000043364,10,8,24,1340,1,2,3,1.0,3.0,77495,M,,,77
201000043365,10,7,13,1955,1,2,1,1.0,3.0,77152,M,,,77
201000043366,10,7,18,315,5,2,1,1.0,6.0,77096,M,,,77
201000043367,10,8,6,2305,5,2,1,1.0,2.0,77288,M,,,77
201000043368,10,8,14,55,5,2,3,1.0,6.0,77269,M,,,77
201000043369,10,8,3,1120,1,2,1,1.0,3.0,77487,M,,,77
201000043370,10,9,3,1900,1,2,1,1.0,6.0,77288,M,,,77
201000043371,10,8,21,730,1,2,1,1.0,7.0,77255,M,,,77
201000043372,10,8,26,1700,1,1,1,1.0,3.0,77188,M,,,77
201000043373,10,9,14,1540,1,2,1,1.0,6.0,77285,M,,,77
201000043374,10,11,19,1045,1,2,1,8.0,3.0,77067,M,,,77
201000043375,10,9,28,945,1,2,1,1.0,6.0,77288,M,,,77
201000043376,10,11,22,2105,5,2,6,1.0,3.0,77445,M,,,77
201000043377,10,10,6,1900,1,1,3,1.0,3.0,77269,M,,,77
201000043378,10,10,8,800,1,1,2,1.0,3.0,77306,M,,,77
201000043379,10,10,12,1340,1,2,1,7.0,6.0,77152,M,,,77
201000043380,10,10,8,1400,1,2,9,1.0,6.0,77487,M,,,77
201000043381,10,10,25,1555,1,2,9,1.0,6.0,77288,M,,,77
201000043382,10,12,29,1830,3,1,1,1.0,4.0,77495,M,,,77
201000043383,10,11,8,635,5,1,2,1.0,3.0,77152,M,,,77
201000043384,10,11,8,1300,1,2,1,3.0,7.0,77407,M,,,77
201000043385,10,11,16,1920,3,1,1,1.0,1.0,77288,M,,,77
201000043386,10,11,19,1335,1,2,1,8.0,6.0,77152,M,,,77
201000043387,10,10,13,2040,3,2,2,1.0,1.0,77294,M,,,77
201000043388,10,1,28,720,2,2,1,2.0,6.0,77427,M,,,77
201000043389,10,3,20,1945,3,1,1,2.0,1.0,77292,M,,,77
201000043390,10,2,27,1005,1,2,2,1.0,3.0,77294,M,,,77
201000043391,10,4,9,2255,3,1,3,1.0,3.0,77123,M,,,77
201000043392,10,3,21,1945,3,1,1,1.0,6.0,77123,M,,,77
201000043393,10,4,20,1735,1,2,1,1.0,3.0,77294,M,,,77
201000043394,10,4,15,1725,1,1,1,1.0,4.0,77294,M,,,77
201000043395,10,6,16,1650,1,1,1,1.0,3.0,77123,M,,,77
201000043396,10,6,29,840,1,1,6,1.0,1.0,77291,M,,,77
201000043397,10,7,9,810,1,1,1,1.0,2.0,77294,M,,,77
201000043398,10,7,19,815,1,1,1,1.0,3.0,77123,M,,,77
201000043399,10,6,29,1040,1,1,1,1.0,4.0,77123,M,,,77
201000043400,10,5,28,630,2,1,1,2.0,2.0,77294,M,,,77
201000043401,10,9,19,1845,1,1,1,1.0,5.0,77294,M,,,77
201000043402,10,9,22,820,1,2,3,1.0,5.0,77241,M,,,77
201000043403,10,9,22,1215,1,1,1,1.0,2.0,77294,M,,,77
201000043404,10,10,15,2100,5,1,6,1.0,3.0,77294,M,,,77
201000043405,10,9,5,1920,1,2,3,1.0,3.0,77294,M,,,77
201000043406,10,11,5,2010,3,1,1,1.0,2.0,77123,M,,,77
201000043407,10,10,13,1310,1,2,1,1.0,6.0,77294,M,,,77
201000043408,10,12,22,1030,1,1,2,8.0,3.0,77294,M,,,77
201000043409,10,1,6,1255,1,2,1,4.0,1.0,77067,M,,,77
201000043410,10,12,4,1310,1,2,6,4.0,7.0,77445,M,,,77
201000043411,10,12,6,700,5,2,1,4.0,6.0,77122,M,,,77
201000043412,10,1,9,300,5,1,1,4.0,6.0,77251,M,,,77
201000043413,10,1,15,1730,3,1,1,8.0,2.0,77114,M,,,77
201000043414,10,1,25,1810,5,2,1,1.0,6.0,77251,M,,,77
201000043415,10,2,5,2039,5,2,2,1.0,3.0,77053,M,,,77
201000043416,10,2,21,1550,1,1,6,8.0,7.0,77296,M,,,77
201000043417,10,2,24,830,1,1,3,8.0,1.0,77450,M,,,77
201000043418,10,3,11,1645,1,1,1,1.0,3.0,77296,M,,,77
201000043419,10,3,14,1245,1,2,6,1.0,6.0,77445,M,,,77
201000043420,10,3,15,2040,5,2,1,1.0,1.0,77067,M,,,77
201000043421,10,3,25,2245,3,1,1,8.0,6.0,77114,M,,,77
201000043422,10,4,10,1730,1,2,3,1.0,6.0,77114,M,,,77
201000043423,10,4,16,2120,2,2,1,1.0,1.0,77296,M,,,77
201000043424,10,4,25,1305,1,2,1,1.0,6.0,77445,M,,,77
201000043425,10,5,7,1945,1,1,1,1.0,1.0,77114,M,,,77
201000043426,10,5,9,1200,1,2,3,1.0,7.0,77450,M,,,77
201000043427,10,5,19,1900,1,2,1,1.0,6.0,77251,M,,,77
201000043428,10,5,26,1118,1,2,1,1.0,2.0,77296,M,,,77
201000043429,10,5,29,2005,2,2,1,2.0,1.0,77053,M,,,77