Num_Acc,an,mois,jour,hrmn,lum,agg,int,atm,col,com,gps,lat,long,dep
201000043430,10,4,14,1515,1,1,1,1.0,7.0,77114,M,,,77
201000043431,10,6,19,1700,1,1,1,1.0,4.0,77495,M,,,77
201000043432,10,6,27,1300,1,1,1,1.0,6.0,77114,M,,,77
201000043433,10,6,30,1845,1,1,1,1.0,4.0,77251,M,,,77
201000043434,10,7,2,855,1,1,1,1.0,3.0,77114,M,,,77
201000043435,10,7,10,730,1,1,1,1.0,7.0,77114,M,,,77
201000043436,10,7,8,1215,1,1,1,1.0,2.0,77296,M,,,77
201000043437,10,7,8,1200,1,2,1,1.0,6.0,77495,M,,,77
201000043438,10,7,30,1635,1,1,6,1.0,3.0,77067,M,,,77
201000043439,10,8,14,2050,3,1,1,1.0,6.0,77114,M,,,77
201000043440,10,8,21,2025,1,1,1,1.0,1.0,77296,M,,,77
201000043441,10,8,26,2055,3,1,1,2.0,7.0,77114,M,,,77
201000043442,10,8,31,1700,1,1,1,1.0,7.0,77445,M,,,77
201000043443,10,8,30,1720,1,2,1,1.0,6.0,77053,M,,,77
201000043444,10,9,3,1155,1,2,1,1.0,6.0,77122,M,,,77
201000043445,10,10,1,1500,1,1,1,1.0,4.0,77053,M,,,77
201000043446,10,9,28,940,1,2,1,1.0,6.0,77114,M,,,77
201000043447,10,10,21,1015,1,1,3,1.0,3.0,77296,M,,,77
201000043448,10,10,28,710,3,1,1,1.0,7.0,77296,M,,,77
201000043449,10,11,3,245,5,2,2,1.0,3.0,77251,M,,,77
201000043450,10,11,3,1805,3,1,1,1.0,2.0,77114,M,,,77
201000043451,10,11,16,2135,5,2,1,5.0,6.0,77067,M,,,77
201000043452,10,11,19,1805,3,1,1,1.0,6.0,77180,M,,,77
201000043453,10,11,19,1119,1,2,7,1.0,6.0,77053,M,,,77
201000043454,10,11,23,1830,5,2,6,1.0,1.0,77122,M,,,77
201000043455,10,11,24,1010,1,2,2,1.0,3.0,77067,M,,,77
201000043456,10,11,25,1920,5,2,2,1.0,6.0,77296,M,,,77
201000043457,10,11,25,1725,3,2,1,1.0,4.0,77114,M,,,77
201000043458,10,11,26,1610,1,2,1,2.0,7.0,77495,M,,,77
201000043459,10,12,8,800,1,2,1,2.0,6.0,77251,M,,,77
201000043460,10,12,17,1700,3,2,1,1.0,6.0,77296,M,,,77
201000043461,10,1,3,1514,1,2,1,1.0,1.0,77305,M,,,77
201000043462,10,1,12,1820,5,2,6,2.0,6.0,77305,M,,,77
201000043463,10,2,4,620,3,2,1,1.0,2.0,77482,M,,,77
201000043464,10,2,20,1835,2,1,1,1.0,7.0,77409,M,,,77
201000043465,10,4,6,1720,1,2,1,1.0,3.0,77305,M,,,77
201000043466,10,5,1,1710,1,2,1,1.0,7.0,77305,M,,,77
201000043467,10,5,13,2140,3,1,1,1.0,7.0,77482,M,,,77
201000043468,10,6,16,1710,1,1,2,1.0,3.0,77172,M,,,77
201000043469,10,5,26,1530,1,1,2,1.0,3.0,77210,M,,,77
201000043470,10,7,19,755,1,2,1,7.0,3.0,77305,M,,,77
201000043471,10,7,11,1905,1,2,5,1.0,7.0,77482,M,,,77
201000043472,10,8,10,1848,1,2,3,1.0,3.0,77305,M,,,77
201000043473,10,10,22,1925,3,1,1,1.0,7.0,77133,M,,,77
201000043474,10,12,17,1725,3,1,1,8.0,7.0,77133,M,,,77
201000043475,10,6,1,1620,1,1,1,1.0,1.0,77494,M,,,77
201000043476,10,6,7,1910,1,2,1,1.0,6.0,77079,M,,,77
201000043477,10,6,8,1607,1,1,1,1.0,7.0,77170,M,,,77
201000043478,10,7,19,1035,1,2,1,1.0,6.0,77079,M,,,77
201000043479,10,9,3,1740,1,1,1,1.0,6.0,77316,M,,,77
201000043480,10,9,23,1455,1,1,1,8.0,7.0,77170,M,,,77
201000043481,10,10,8,1955,5,2,2,1.0,3.0,77419,M,,,77
201000043482,10,10,14,1425,1,2,1,1.0,2.0,77316,M,,,77
201000043483,10,11,16,1725,5,1,1,1.0,6.0,77419,M,,,77
201000043484,10,1,10,1200,1,2,1,8.0,6.0,77458,M,,,77
201000043485,10,1,24,5,5,1,1,1.0,1.0,77333,M,,,77
201000043486,10,1,29,1930,5,2,1,2.0,6.0,77333,M,,,77
201000043487,10,4,5,30,5,2,1,1.0,7.0,77048,M,,,77
201000043488,10,5,15,310,5,1,1,1.0,7.0,77458,M,,,77
201000043489,10,5,16,2030,1,1,1,1.0,1.0,77016,M,,,77
201000043490,10,6,19,1730,1,2,1,8.0,6.0,77202,M,,,77
201000043491,10,6,27,1440,1,2,1,1.0,3.0,77431,M,,,77
201000043492,10,7,13,1520,1,2,1,1.0,3.0,77333,M,,,77
201000043493,10,7,14,2325,5,1,1,1.0,6.0,77016,M,,,77
201000043494,10,7,28,1730,1,2,1,1.0,3.0,77431,M,,,77
201000043495,10,7,30,305,3,1,1,1.0,6.0,77156,M,,,77
201000043496,10,8,14,1520,1,2,1,1.0,5.0,77458,M,,,77
201000043497,10,9,20,1825,1,2,4,1.0,3.0,77458,M,,,77
201000043498,10,12,23,1215,1,2,1,4.0,2.0,77258,M,,,77
201000043499,10,1,5,1140,1,2,6,9.0,3.0,77146,M,,,77
201000043500,10,1,2,710,5,2,2,1.0,3.0,77468,M,,,77
201000043501,10,1,13,1625,1,2,2,1.0,6.0,77337,M,,,77
201000043502,10,2,3,1258,1,2,1,1.0,6.0,77337,M,,,77
201000043503,10,3,1,910,1,2,6,7.0,2.0,77337,M,,,77
201000043504,10,3,26,1813,1,2,1,1.0,1.0,77083,M,,,77
201000043505,10,3,31,837,1,2,3,8.0,6.0,77083,M,,,77
201000043506,10,4,4,810,1,2,8,8.0,6.0,77169,M,,,77
201000043507,10,4,28,930,1,2,1,1.0,6.0,77337,M,,,77
201000043508,10,6,3,1250,1,2,9,1.0,3.0,77468,M,,,77
201000043509,10,6,11,740,1,2,1,1.0,5.0,77337,M,,,77
201000043510,10,6,18,1440,1,2,2,1.0,6.0,77468,M,,,77
201000043511,10,6,24,320,5,2,6,1.0,6.0,77468,M,,,77
201000043512,10,6,25,2105,1,2,3,7.0,2.0,77468,M,,,77
201000043513,10,6,30,1640,1,2,2,1.0,6.0,77468,M,,,77
201000043514,10,7,9,2044,1,2,2,1.0,6.0,77337,M,,,77
201000043515,10,8,13,1650,1,2,1,1.0,2.0,77468,M,,,77
201000043516,10,8,17,1400,1,2,3,8.0,3.0,77468,M,,,77
201000043517,10,8,23,1835,1,2,3,1.0,6.0,77468,M,,,77
201000043518,10,8,24,1750,1,2,1,1.0,7.0,77083,M,,,77
201000043519,10,8,22,1107,1,2,1,1.0,3.0,77468,M,,,77
201000043520,10,8,27,1545,1,2,2,1.0,7.0,77468,M,,,77
201000043521,10,8,31,1940,1,2,1,1.0,6.0,77337,M,,,77
201000043522,10,9,2,1845,1,2,3,1.0,6.0,77258,M,,,77
201000043523,10,9,22,1230,1,2,1,1.0,6.0,77169,M,,,77
201000043524,10,9,20,1725,1,2,1,1.0,6.0,77337,M,,,77
201000043525,10,10,4,850,1,2,2,8.0,3.0,77083,M,,,77
201000043526,10,10,7,1640,1,2,3,7.0,3.0,77146,M,,,77
201000043527,10,10,18,900,1,2,1,1.0,3.0,77146,M,,,77
201000043528,10,10,19,1930,3,2,1,2.0,3.0,77169,M,,,77
201000043529,10,10,20,810,1,2,1,8.0,2.0,77337,M,,,77
201000043530,10,10,30,1055,1,2,3,2.0,3.0,77121,M,,,77
201000043531,10,10,30,1955,5,2,1,1.0,6.0,77083,M,,,77
201000043532,10,10,31,1605,1,2,1,1.0,6.0,77468,M,,,77
201000043533,10,11,10,805,2,2,1,1.0,5.0,77121,M,,,77
201000043534,10,12,3,1820,5,2,1,1.0,2.0,77337,M,,,77
201000043535,10,12,15,1655,2,2,1,9.0,6.0,77121,M,,,77
201000043536,10,12,17,1700,5,2,1,8.0,6.0,77337,M,,,77
201000043537,10,12,26,1415,1,2,3,4.0,6.0,77258,M,,,77
201000043538,10,1,10,925,1,1,1,9.0,7.0,77215,M,,,77
201000043539,10,1,26,915,1,2,2,1.0,6.0,77373,M,,,77
201000043540,10,1,28,1820,5,2,1,2.0,6.0,77373,M,,,77
201000043541,10,2,8,900,1,2,1,4.0,6.0,77373,M,,,77
201000043542,10,3,7,1900,2,2,1,1.0,7.0,77373,M,,,77
201000043543,10,3,19,1830,1,2,1,1.0,6.0,77373,M,,,77
201000043544,10,3,12,925,1,2,6,1.0,6.0,77390,M,,,77
201000043545,10,3,17,1830,2,2,1,1.0,6.0,77350,M,,,77
201000043546,10,3,24,1710,1,1,9,1.0,3.0,77390,M,,,77
201000043547,10,4,5,1215,1,2,4,1.0,3.0,77249,M,,,77
201000043548,10,4,6,955,1,2,1,1.0,3.0,77373,M,,,77
201000043549,10,4,12,225,5,2,1,1.0,2.0,77373,M,,,77
201000043550,10,4,26,1515,1,1,1,1.0,3.0,77215,M,,,77
201000043551,10,5,4,1645,1,2,1,1.0,6.0,77373,M,,,77
201000043552,10,5,22,1005,1,2,1,1.0,6.0,77373,M,,,77
201000043553,10,5,17,1740,1,2,1,1.0,3.0,77350,M,,,77
201000043554,10,5,9,1935,1,2,1,1.0,3.0,77373,M,,,77
201000043555,10,6,4,1035,1,2,1,1.0,6.0,77373,M,,,77
201000043556,10,6,9,2040,1,2,4,1.0,2.0,77350,M,,,77
201000043557,10,6,16,1135,1,2,1,1.0,6.0,77390,M,,,77
201000043558,10,6,25,2200,3,1,1,1.0,1.0,77374,M,,,77
201000043559,10,7,7,840,1,2,1,1.0,3.0,77215,M,,,77
201000043560,10,7,22,1634,1,1,1,1.0,4.0,77374,M,,,77
201000043561,10,7,6,2000,1,1,1,1.0,2.0,77215,M,,,77
201000043562,10,7,1,1645,1,2,3,1.0,3.0,77373,M,,,77
201000043563,10,8,9,1435,1,2,1,1.0,1.0,77373,M,,,77
201000043564,10,10,24,1340,1,1,1,1.0,2.0,77215,M,,,77
201000043565,10,8,25,1825,1,2,1,1.0,6.0,77215,M,,,77
201000043566,10,8,29,2135,3,1,6,2.0,6.0,77374,M,,,77
201000043567,10,10,4,2035,2,1,1,1.0,3.0,77373,M,,,77
201000043568,10,10,9,10,3,1,1,1.0,2.0,77215,M,,,77
201000043569,10,10,4,1620,1,2,1,1.0,3.0,77373,M,,,77
201000043570,10,10,9,1140,1,2,1,1.0,7.0,77373,M,,,77
201000043571,10,10,11,1625,1,2,1,1.0,6.0,77350,M,,,77
201000043572,10,10,25,1530,1,2,1,1.0,3.0,77390,M,,,77
201000043573,10,10,14,1400,1,2,1,1.0,2.0,77373,M,,,77
201000043574,10,11,4,835,1,2,1,1.0,6.0,77350,M,,,77
201000043575,10,10,20,855,1,2,1,1.0,1.0,77373,M,,,77
201000043576,10,11,6,2135,5,2,9,2.0,6.0,77390,M,,,77
201000043577,10,11,17,1850,5,2,1,1.0,6.0,77373,M,,,77
201000043578,10,10,12,105,3,1,1,1.0,2.0,77350,M,,,77
201000043579,10,12,14,1755,2,1,1,1.0,1.0,77374,M,,,77
201000043580,10,12,23,1850,3,1,1,1.0,4.0,77350,M,,,77
201000043581,10,1,16,1750,5,1,9,3.0,3.0,77379,M,,,77
201000043582,10,4,2,1555,1,1,1,2.0,1.0,77319,M,,,77
201000043583,10,4,7,1415,1,2,1,1.0,6.0,77379,M,,,77
201000043584,10,4,24,1510,1,1,1,1.0,1.0,77319,M,,,77
201000043585,10,4,11,1400,1,2,5,1.0,3.0,77379,M,,,77
201000043586,10,6,25,1515,1,1,9,1.0,6.0,77368,M,,,77
201000043587,10,7,12,450,2,1,1,1.0,1.0,77260,M,,,77
201000043588,10,8,24,940,1,2,1,1.0,6.0,77379,M,,,77
201000043589,10,2,3,2120,3,1,1,1.0,5.0,77118,M,,,77
201000043590,10,3,1,650,1,2,1,1.0,1.0,77118,M,,,77
201000043591,10,4,9,1740,1,1,1,1.0,2.0,77118,M,,,77
201000043592,10,5,24,1520,1,2,1,1.0,1.0,77514,M,,,77
201000043593,10,7,1,1740,1,1,1,1.0,4.0,77118,M,,,77
201000043594,10,7,8,1925,1,1,9,1.0,5.0,77514,M,,,77
201000043595,10,7,31,1305,1,2,4,2.0,5.0,77118,M,,,77
201000043596,10,9,3,950,1,2,1,1.0,6.0,77514,M,,,77
201000043597,10,9,7,1515,1,1,1,1.0,2.0,77118,M,,,77
201000043598,10,9,2,1645,1,2,1,1.0,7.0,77514,M,,,77
201000043599,10,9,28,1300,1,2,2,1.0,3.0,77514,M,,,77
201000043600,10,10,12,1040,1,1,1,1.0,2.0,77118,M,,,77
201000043601,10,10,22,2020,3,1,1,1.0,2.0,77118,M,,,77
201000043602,10,10,29,1620,1,1,1,1.0,1.0,77514,M,,,77
201000043603,10,11,26,1530,1,2,1,1.0,2.0,77514,M,,,77
201000043604,10,12,24,1820,5,2,1,1.0,4.0,77118,M,,,77
201000043605,10,1,22,720,5,2,1,8.0,6.0,78092,M,4886250.0,213959.0,78
201000043606,10,1,29,1710,5,2,3,2.0,5.0,78092,M,4886290.0,213959.0,78
201000043607,10,6,28,1030,1,2,1,1.0,2.0,78126,M,4883530.0,213116.0,78
201000043608,10,7,20,720,1,2,5,1.0,3.0,78126,M,4883610.0,212061.0,78
201000043609,10,9,27,610,3,2,1,2.0,3.0,78126,M,,,78
201000043610,10,12,3,925,1,2,1,4.0,2.0,78126,M,,,78
201000043611,10,1,10,1320,1,2,1,1.0,6.0,78015,M,4898950.0,207033.0,78
201000043612,10,2,20,1630,1,2,1,1.0,3.0,78138,M,4897420.0,202739.0,78
201000043613,10,3,28,2140,3,2,6,2.0,3.0,78172,M,4901260.0,209270.0,78
201000043614,10,4,28,1530,1,2,1,1.0,6.0,78172,M,4900150.0,209377.0,78
201000043615,10,5,27,1555,1,2,2,1.0,6.0,78172,M,4899330.0,208992.0,78
201000043616,10,6,7,1640,1,1,1,1.0,6.0,78015,M,4899190.0,206001.0,78
201000043617,10,6,15,1830,1,2,1,1.0,6.0,78172,M,4899790.0,207799.0,78
201000043618,10,7,1,1205,1,2,2,1.0,3.0,78005,M,4895670.0,206250.0,78
201000043619,10,9,23,1230,1,2,2,1.0,3.0,78172,M,,,78
201000043620,10,10,7,1830,1,2,1,1.0,4.0,78015,M,,,78
201000043621,10,10,20,1210,1,1,4,1.0,3.0,78172,M,,,78
201000043622,10,10,20,1005,1,2,4,1.0,7.0,78172,M,,,78
201000043623,10,1,12,1910,5,2,1,2.0,6.0,78015,M,4897410.0,204642.0,78
201000043624,10,9,21,1859,2,2,2,1.0,3.0,78172,M,,,78
201000043625,10,11,23,640,5,1,1,1.0,7.0,78172,M,,,78
201000043626,10,11,29,1850,5,2,2,1.0,3.0,78172,M,,,78
201000043627,10,12,21,1430,1,2,1,8.0,7.0,78172,M,,,78
201000043628,10,1,18,1955,5,1,1,2.0,3.0,78208,M,4876290.0,196631.0,78
201000043629,10,1,29,1200,1,2,1,2.0,1.0,78383,M,4876370.0,194432.0,78
201000043630,10,2,18,1850,5,2,1,1.0,6.0,78208,M,4876650.0,195055.0,78
201000043631,10,3,2,935,1,1,1,1.0,3.0,78644,M,4875900.0,194932.0,78
201000043632,10,3,20,1,5,2,2,1.0,3.0,78168,M,4874860.0,192496.0,78
201000043633,10,3,22,1605,1,1,1,1.0,2.0,78644,M,4876080.0,196087.0,78
201000043634,10,3,22,845,1,2,1,1.0,3.0,78168,M,4874070.0,191200.0,78
201000043635,10,4,11,1340,1,1,1,1.0,1.0,78644,M,4876210.0,196477.0,78
201000043636,10,4,16,1840,1,2,1,1.0,6.0,78208,M,4876660.0,195064.0,78
201000043637,10,5,11,1110,1,2,2,1.0,3.0,78383,M,4877270.0,193968.0,78
201000043638,10,6,3,815,1,2,2,1.0,3.0,78208,M,4879410.0,197635.0,78
201000043639,10,6,7,1110,1,2,3,1.0,2.0,78208,M,4876950.0,196694.0,78
201000043640,10,6,14,740,1,2,1,1.0,3.0,78208,M,4876040.0,197302.0,78
201000043641,10,6,12,1310,1,2,3,1.0,2.0,78383,M,4876250.0,192470.0,78
201000043642,10,6,21,1930,1,2,1,1.0,2.0,78168,M,4872800.0,189580.0,78
201000043643,10,6,30,835,1,2,1,1.0,1.0,78168,M,4875180.0,193237.0,78
201000043644,10,8,17,1150,1,2,2,1.0,2.0,78208,M,4877800.0,194489.0,78
201000043645,10,7,15,2215,3,1,1,1.0,6.0,78383,M,4877240.0,189723.0,78
201000043646,10,6,26,1610,1,2,1,7.0,6.0,78168,M,4875160.0,193052.0,78
201000043647,10,8,31,1535,1,2,3,1.0,3.0,78383,M,4876140.0,194511.0,78
201000043648,10,10,4,2235,5,2,1,1.0,6.0,78397,M,,,78
201000043649,10,10,25,810,1,2,1,1.0,3.0,78383,M,,,78
201000043650,10,10,11,1020,1,2,9,1.0,2.0,78168,M,,,78
201000043651,10,9,29,800,1,2,6,1.0,3.0,78383,M,,,78
201000043652,10,10,30,1540,1,2,1,8.0,6.0,78168,M,,,78
201000043653,10,11,10,1840,3,1,1,1.0,6.0,78644,M,,,78
201000043654,10,11,17,735,2,2,1,8.0,2.0,78383,M,,,78
201000043655,10,11,9,900,1,1,1,2.0,4.0,78644,M,,,78
201000043656,10,11,27,1320,1,2,2,1.0,3.0,78644,M,,,78
201000043657,10,12,4,145,5,2,1,8.0,7.0,78168,M,,,78
201000043658,10,1,8,1230,1,2,1,4.0,6.0,78423,M,4876580.0,201773.0,78
201000043659,10,1,16,620,5,2,1,1.0,6.0,78297,M,4877930.0,206052.0,78
201000043660,10,1,21,1900,2,2,1,1.0,2.0,78297,M,4875930.0,207323.0,78
201000043661,10,1,24,150,5,2,1,9.0,6.0,78297,M,4877540.0,209212.0,78
201000043662,10,1,29,815,1,2,1,2.0,3.0,78423,M,4876380.0,203628.0,78
201000043663,10,2,16,1740,1,2,1,1.0,6.0,78423,M,4878050.0,204218.0,78
201000043664,10,2,18,420,5,2,6,1.0,3.0,78621,M,4876660.0,199143.0,78
201000043665,10,2,18,1340,1,2,2,2.0,3.0,78423,M,4878100.0,204021.0,78
201000043666,10,3,2,2100,5,2,1,1.0,1.0,78297,M,4876560.0,207933.0,78
201000043667,10,3,11,2000,5,2,1,9.0,2.0,78297,M,4877790.0,206061.0,78
201000043668,10,3,22,815,1,2,2,1.0,3.0,78688,M,4875670.0,205162.0,78
201000043669,10,3,23,1040,1,2,2,1.0,3.0,78688,M,4876240.0,204427.0,78
201000043670,10,4,1,715,2,2,1,1.0,3.0,78297,M,4877490.0,206298.0,78
201000043671,10,4,1,2100,5,2,1,1.0,6.0,78423,M,4878460.0,204446.0,78
201000043672,10,4,18,2005,1,2,1,1.0,6.0,78297,M,4876110.0,207029.0,78
201000043673,10,4,19,2140,5,2,1,1.0,6.0,78423,M,4879000.0,204731.0,78
201000043674,10,4,20,1830,1,2,1,1.0,6.0,78423,M,4878960.0,204183.0,78
201000043675,10,4,21,2000,1,2,1,1.0,3.0,78423,M,4878250.0,204571.0,78
201000043676,10,4,27,800,1,2,1,7.0,2.0,78297,M,4877540.0,207334.0,78
201000043677,10,4,29,1850,1,2,1,1.0,2.0,78423,M,4879310.0,203722.0,78
201000043678,10,5,6,835,1,2,3,1.0,3.0,78297,M,4878790.0,205629.0,78
201000043679,10,5,11,1815,1,1,1,1.0,7.0,78297,M,4875590.0,207674.0,78
201000043680,10,5,11,745,1,2,2,2.0,3.0,78297,M,4876920.0,206172.0,78
201000043681,10,5,23,1600,1,2,1,1.0,6.0,78297,M,4878080.0,209937.0,78
201000043682,10,6,2,1925,1,2,6,1.0,6.0,78297,M,4877540.0,207334.0,78
201000043683,10,5,30,325,5,2,6,1.0,6.0,78688,M,4875850.0,203445.0,78
201000043684,10,5,30,1830,1,1,9,2.0,6.0,78423,M,4878290.0,203210.0,78
201000043685,10,6,4,1740,1,2,1,7.0,4.0,78423,M,4877810.0,203019.0,78
201000043686,10,6,10,1425,1,2,3,1.0,3.0,78423,M,4879660.0,205053.0,78
201000043687,10,6,29,1010,1,2,2,7.0,3.0,78297,M,4878810.0,205159.0,78
201000043688,10,7,1,1820,1,2,1,1.0,3.0,78297,M,4877980.0,204364.0,78
201000043689,10,7,7,2125,2,2,1,7.0,6.0,78423,M,4879190.0,203562.0,78
201000043690,10,8,8,1710,1,2,1,1.0,4.0,78423,M,4876750.0,201839.0,78
201000043691,10,7,12,1645,1,2,1,1.0,3.0,78688,M,4876530.0,205937.0,78
201000043692,10,7,29,2005,1,2,6,1.0,7.0,78297,M,4879510.0,206407.0,78
201000043693,10,8,4,2010,1,2,6,1.0,1.0,78423,M,4877710.0,204326.0,78
201000043694,10,8,21,1955,1,2,1,1.0,6.0,78297,M,4877370.0,207436.0,78
201000043695,10,9,5,320,5,2,1,1.0,7.0,78297,M,,,78
201000043696,10,9,12,1915,1,2,1,1.0,7.0,78297,M,,,78
201000043697,10,9,7,1000,1,2,1,1.0,6.0,78423,M,,,78
201000043698,10,9,7,1455,1,2,1,1.0,3.0,78297,M,,,78
201000043699,10,9,10,1600,1,2,1,1.0,6.0,78297,M,,,78
201000043700,10,9,13,2100,5,2,1,1.0,6.0,78297,M,,,78
201000043701,10,9,16,1345,1,2,1,1.0,6.0,78297,M,,,78
201000043702,10,9,27,850,1,2,1,9.0,6.0,78423,M,,,78
201000043703,10,10,4,1550,1,2,1,2.0,6.0,78297,M,,,78
201000043704,10,10,7,2235,5,2,9,1.0,3.0,78423,M,,,78
201000043705,10,10,8,725,2,2,1,1.0,6.0,78297,M,,,78
201000043706,10,10,12,1825,1,1,1,1.0,7.0,78423,M,,,78
201000043707,10,10,13,1725,1,2,1,1.0,6.0,78423,M,,,78
201000043708,10,10,14,845,1,2,1,1.0,4.0,78297,M,,,78
201000043709,10,10,24,1600,1,2,1,1.0,6.0,78297,M,,,78
201000043710,10,10,26,1435,1,2,1,1.0,6.0,78423,M,,,78
201000043711,10,11,24,1525,1,2,1,1.0,2.0,78297,M,,,78
201000043712,10,12,11,1440,1,2,3,8.0,3.0,78688,M,,,78
201000043713,10,11,16,2015,3,1,1,1.0,7.0,78297,M,,,78
201000043714,10,1,26,1730,5,2,1,1.0,6.0,78311,M,4891800.0,218420.0,78
201000043715,10,3,14,1730,1,2,1,8.0,6.0,78124,M,4891190.0,217844.0,78
201000043716,10,3,21,50,5,2,1,1.0,6.0,78311,M,4892450.0,220128.0,78
201000043717,10,3,23,1315,1,2,3,1.0,3.0,78311,M,4893030.0,220250.0,78
201000043718,10,4,28,1320,1,2,1,1.0,6.0,78311,M,4893170.0,220038.0,78
201000043719,10,4,30,845,1,2,3,1.0,3.0,78311,M,4893210.0,217814.0,78
201000043720,10,5,2,1640,1,2,1,1.0,4.0,78311,M,4892470.0,219877.0,78
201000043721,10,5,19,1540,1,2,2,1.0,3.0,78311,M,4893190.0,218288.0,78
201000043722,10,5,26,1730,1,2,3,1.0,3.0,78124,M,4890660.0,217278.0,78
201000043723,10,5,28,1135,1,2,1,1.0,3.0,78311,M,4893180.0,218280.0,78
201000043724,10,7,16,900,1,2,1,1.0,1.0,78311,M,4893060.0,219883.0,78
201000043725,10,9,8,900,1,2,1,8.0,2.0,78311,M,,,78
201000043726,10,8,1,1540,1,2,2,1.0,3.0,78311,M,4893650.0,218327.0,78
201000043727,10,8,7,1350,1,2,7,1.0,1.0,78311,M,4891920.0,218582.0,78
201000043728,10,9,13,1750,1,2,1,1.0,6.0,78311,M,,,78
201000043729,10,9,11,1930,1,2,1,1.0,3.0,78124,M,,,78
201000043730,10,9,14,950,1,2,3,1.0,6.0,78311,M,,,78
201000043731,10,10,14,1820,1,2,1,1.0,7.0,78311,M,,,78
201000043732,10,10,7,1945,5,2,2,1.0,3.0,78311,M,,,78
201000043733,10,10,8,1715,1,2,1,1.0,2.0,78311,M,,,78
201000043734,10,11,3,1420,1,2,3,1.0,1.0,78124,M,,,78
201000043735,10,11,6,1835,5,2,2,3.0,3.0,78311,M,,,78
201000043736,10,11,10,800,1,2,2,2.0,6.0,78311,M,,,78
201000043737,10,11,15,1905,5,2,3,1.0,3.0,78124,M,,,78
201000043738,10,12,15,1300,1,2,2,1.0,6.0,78311,M,,,78
201000043739,10,12,15,1810,5,2,1,9.0,2.0,78124,M,,,78
201000043740,10,12,30,1430,1,2,3,1.0,2.0,78311,M,,,78
201000043741,10,2,21,1340,1,2,2,1.0,3.0,78358,M,4894100.0,213917.0,78
201000043742,10,3,13,2310,5,2,1,1.0,6.0,78358,M,4894840.0,214779.0,78
201000043743,10,4,14,750,1,2,2,1.0,3.0,78358,M,4894410.0,214289.0,78
201000043744,10,9,25,100,5,1,1,2.0,7.0,78396,M,,,78
201000043745,10,10,7,120,5,2,1,1.0,7.0,78358,M,,,78
201000043746,10,11,20,1830,5,2,1,1.0,7.0,78358,M,,,78
201000043747,10,11,20,720,5,2,1,1.0,3.0,78358,M,,,78
201000043748,10,3,15,4,5,2,6,1.0,6.0,78396,M,4892770.0,212270.0,78
201000043749,10,5,12,900,1,2,2,1.0,3.0,78358,M,4894920.0,214956.0,78
201000043750,10,9,3,1000,1,2,1,1.0,4.0,78358,M,,,78
201000043751,10,1,5,1440,1,2,1,1.0,6.0,78362,M,4897760.0,172949.0,78
201000043752,10,1,15,845,1,2,1,1.0,3.0,78501,M,4897220.0,177714.0,78
201000043753,10,1,17,1825,5,2,2,1.0,3.0,78267,M,4898800.0,181026.0,78
201000043754,10,1,21,815,1,2,1,1.0,3.0,78402,M,4896050.0,180372.0,78
201000043755,10,2,4,1650,1,1,1,1.0,6.0,78361,M,4899140.0,169935.0,78
201000043756,10,2,5,1935,5,2,2,1.0,3.0,78118,M,4897980.0,167517.0,78
201000043757,10,2,17,630,5,2,1,4.0,6.0,78361,M,4899010.0,171122.0,78
201000043758,10,2,26,1815,2,2,1,1.0,3.0,78362,M,4897760.0,172950.0,78
201000043759,10,3,5,720,2,2,2,1.0,6.0,78361,M,4898340.0,171642.0,78
201000043760,10,3,15,1640,1,2,1,1.0,6.0,78361,M,4899900.0,168078.0,78
201000043761,10,3,23,1405,1,2,2,1.0,3.0,78118,M,4899110.0,168545.0,78
201000043762,10,3,25,1225,1,2,1,1.0,3.0,78362,M,4897630.0,170784.0,78
201000043763,10,4,6,2125,3,1,1,1.0,7.0,78314,M,4898780.0,179231.0,78
201000043764,10,4,9,1820,1,2,1,1.0,3.0,78361,M,4899670.0,167636.0,78
201000043765,10,4,12,1000,1,2,1,1.0,6.0,78267,M,4898800.0,181016.0,78
201000043766,10,4,15,1515,1,2,3,1.0,3.0,78118,M,4898330.0,167398.0,78
201000043767,10,4,17,1655,1,2,3,1.0,3.0,78361,M,4900530.0,168533.0,78
201000043768,10,4,24,2015,1,2,3,1.0,3.0,78118,M,4897860.0,168741.0,78
201000043769,10,5,6,2215,2,2,3,1.0,6.0,78362,M,4898560.0,170430.0,78
201000043770,10,5,11,1700,1,1,1,2.0,1.0,78118,M,4898730.0,167308.0,78
201000043771,10,5,16,1915,1,2,2,1.0,2.0,78361,M,4899450.0,169565.0,78
201000043772,10,5,14,1930,1,2,3,1.0,6.0,78361,M,4900360.0,168396.0,78
201000043773,10,5,19,725,1,1,1,1.0,5.0,78335,M,4898660.0,173963.0,78
201000043774,10,5,19,1255,1,2,1,1.0,3.0,78267,M,4898940.0,180895.0,78
201000043775,10,5,20,1635,1,2,1,1.0,6.0,78362,M,4897540.0,171272.0,78
201000043776,10,5,20,2110,1,2,2,1.0,3.0,78362,M,4898220.0,169534.0,78
201000043777,10,5,23,1530,1,2,3,1.0,3.0,78361,M,4899450.0,169565.0,78