Num_Acc,an,mois,jour,hrmn,lum,agg,int,atm,col,com,gps,lat,long,dep
201000043778,10,5,23,1555,1,2,1,1.0,6.0,78361,M,4899520.0,168109.0,78
201000043779,10,5,31,1615,1,2,2,1.0,3.0,78361,M,4899560.0,169931.0,78
201000043780,10,6,7,800,1,2,2,1.0,3.0,78354,M,4896720.0,168255.0,78
201000043781,10,6,13,513,2,2,3,1.0,6.0,78335,M,4899630.0,173465.0,78
201000043782,10,6,13,1110,1,2,6,1.0,6.0,78335,M,4897970.0,175562.0,78
201000043783,10,6,15,1740,1,2,2,1.0,6.0,78361,M,4899350.0,169496.0,78
201000043784,10,6,24,1230,1,2,2,1.0,3.0,78335,M,4898470.0,175889.0,78
201000043785,10,6,30,830,1,1,1,1.0,6.0,78217,M,4892790.0,178960.0,78
201000043786,10,7,7,2030,1,2,2,1.0,3.0,78362,M,4898360.0,170753.0,78
201000043787,10,7,8,730,1,2,9,1.0,6.0,78402,M,4896210.0,179866.0,78
201000043788,10,7,19,2155,1,2,7,1.0,6.0,78361,M,4899030.0,171926.0,78
201000043789,10,8,1,1820,1,2,3,1.0,3.0,78354,M,4896720.0,168255.0,78
201000043790,10,8,28,1550,1,2,1,1.0,3.0,78362,M,4897800.0,172002.0,78
201000043791,10,8,30,1900,1,2,1,1.0,6.0,78118,M,4898780.0,167999.0,78
201000043792,10,9,1,815,1,2,2,1.0,3.0,78354,M,,,78
201000043793,10,9,3,725,1,2,6,1.0,6.0,78361,M,,,78
201000043794,10,9,3,2115,5,2,3,1.0,3.0,78118,M,,,78
201000043795,10,9,7,900,1,2,3,1.0,3.0,78362,M,,,78
201000043796,10,9,8,1910,1,2,3,1.0,3.0,78361,M,,,78
201000043797,10,9,19,115,5,2,2,1.0,3.0,78362,M,,,78
201000043798,10,9,21,1715,1,2,1,1.0,6.0,78362,M,,,78
201000043799,10,9,22,1540,1,2,1,1.0,4.0,78361,M,,,78
201000043800,10,9,23,1800,1,2,2,1.0,3.0,78361,M,,,78
201000043801,10,9,24,845,1,1,1,1.0,4.0,78335,M,,,78
201000043802,10,9,24,2345,5,2,1,2.0,7.0,78267,M,,,78
201000043803,10,9,27,1220,1,2,3,1.0,6.0,78267,M,,,78
201000043804,10,9,28,1340,1,2,1,1.0,3.0,78361,M,,,78
201000043805,10,10,6,2050,5,2,3,2.0,6.0,78361,M,,,78
201000043806,10,10,7,1045,1,2,1,1.0,6.0,78361,M,,,78
201000043807,10,10,9,1635,1,2,1,1.0,6.0,78362,M,,,78
201000043808,10,10,10,1615,1,2,6,1.0,3.0,78362,M,,,78
201000043809,10,10,12,1610,1,2,1,1.0,6.0,78361,M,,,78
201000043810,10,10,16,2140,5,2,2,1.0,3.0,78335,M,,,78
201000043811,10,10,30,1935,5,2,3,1.0,3.0,78335,M,,,78
201000043812,10,11,9,1900,5,2,1,3.0,6.0,78361,M,,,78
201000043813,10,11,13,1800,5,2,1,3.0,6.0,78361,M,,,78
201000043814,10,11,15,815,1,2,3,1.0,6.0,78362,M,,,78
201000043815,10,11,16,1030,1,2,3,5.0,3.0,78354,M,,,78
201000043816,10,12,3,745,2,2,1,4.0,1.0,78361,M,,,78
201000043817,10,12,6,1500,1,2,3,8.0,3.0,78361,M,,,78
201000043818,10,12,19,2020,5,2,1,4.0,6.0,78361,M,,,78
201000043819,10,12,27,1815,5,2,1,1.0,6.0,78118,M,,,78
201000043820,10,3,23,1815,1,2,1,1.0,6.0,78372,M,4887970.0,210306.0,78
201000043821,10,3,30,1225,1,2,3,1.0,1.0,78502,M,4887210.0,210320.0,78
201000043822,10,5,11,1650,1,2,3,2.0,6.0,78372,M,4887760.0,209665.0,78
201000043823,10,5,4,900,1,2,1,1.0,5.0,78350,M,4887270.0,212182.0,78
201000043824,10,6,6,1115,1,2,1,1.0,3.0,78372,M,4887640.0,210040.0,78
201000043825,10,6,17,1150,1,2,1,1.0,6.0,78372,M,4887950.0,210104.0,78
201000043826,10,6,18,740,1,1,1,1.0,2.0,78350,M,4885340.0,210758.0,78
201000043827,10,6,25,820,1,2,1,1.0,5.0,78502,M,4888330.0,210656.0,78
201000043828,10,7,19,530,5,2,1,1.0,6.0,78350,M,4886160.0,210582.0,78
201000043829,10,7,24,500,5,2,3,1.0,2.0,78502,M,4888300.0,210702.0,78
201000043830,10,9,6,1335,1,2,1,1.0,2.0,78502,M,4888070.0,210848.0,78
201000043831,10,9,13,455,5,2,1,1.0,7.0,78372,M,,,78
201000043832,10,5,17,1635,1,2,1,1.0,1.0,78372,M,4888270.0,209828.0,78
201000043833,10,6,9,1410,1,2,3,2.0,5.0,78502,M,4887740.0,210620.0,78
201000043834,10,10,1,1005,1,2,1,1.0,4.0,78502,M,,,78
201000043835,10,10,25,1100,1,2,1,1.0,6.0,78502,M,,,78
201000043836,10,10,5,1745,1,1,2,1.0,5.0,78372,M,,,78
201000043837,10,4,30,1730,1,2,1,1.0,5.0,78502,M,4888010.0,210983.0,78
201000043838,10,1,6,810,2,2,2,1.0,3.0,78299,M,4900490.0,190125.0,78
201000043839,10,8,13,1250,1,2,5,1.0,4.0,78440,M,4898920.0,189837.0,78
201000043840,10,1,22,1520,1,2,1,1.0,6.0,78029,M,4895600.0,186007.0,78
201000043841,10,1,24,2140,5,2,1,9.0,3.0,78299,M,4900210.0,189451.0,78
201000043842,10,2,15,2130,5,2,1,1.0,6.0,78609,M,4902410.0,192279.0,78
201000043843,10,2,4,1645,1,2,1,1.0,2.0,78440,M,4899580.0,191361.0,78
201000043844,10,2,3,705,5,2,3,2.0,5.0,78440,M,4898780.0,192371.0,78
201000043845,10,2,6,1920,5,2,2,1.0,3.0,78440,M,4899060.0,189744.0,78
201000043846,10,2,18,1803,1,1,1,8.0,1.0,78401,M,4900630.0,191173.0,78
201000043847,10,5,16,1640,1,2,1,1.0,6.0,78440,M,4899340.0,191085.0,78
201000043848,10,3,18,1928,5,2,1,1.0,1.0,78440,M,4899370.0,190673.0,78
201000043849,10,3,15,1130,1,2,1,1.0,2.0,78440,M,4899350.0,191362.0,78
201000043850,10,3,27,1555,1,1,1,1.0,4.0,78401,M,4900130.0,190673.0,78
201000043851,10,4,1,1905,1,2,1,1.0,6.0,78638,M,4900840.0,195730.0,78
201000043852,10,4,7,1930,1,1,1,2.0,5.0,78238,M,4897770.0,188478.0,78
201000043853,10,4,15,1740,1,1,1,1.0,1.0,78609,M,4901760.0,190964.0,78
201000043854,10,4,21,1830,1,2,3,1.0,3.0,78029,M,4895360.0,186107.0,78
201000043855,10,4,25,555,2,1,1,1.0,1.0,78609,M,4902890.0,192377.0,78
201000043856,10,4,26,705,1,2,2,1.0,3.0,78440,M,4899650.0,190583.0,78
201000043857,10,4,27,1830,1,2,1,1.0,3.0,78029,M,4897160.0,185023.0,78
201000043858,10,5,2,1320,1,2,1,8.0,3.0,78638,M,4900020.0,197626.0,78
201000043859,10,5,10,125,4,1,1,1.0,7.0,78401,M,4901300.0,192611.0,78
201000043860,10,5,6,1350,1,2,3,1.0,3.0,78440,M,4899280.0,190869.0,78
201000043861,10,5,15,2020,1,2,3,1.0,3.0,78440,M,4899520.0,193333.0,78
201000043862,10,5,16,545,2,2,1,1.0,6.0,78403,M,,,78
201000043863,10,5,13,1000,1,2,1,1.0,4.0,78638,M,4900510.0,196568.0,78
201000043864,10,5,7,1300,1,2,1,1.0,2.0,78440,M,4899750.0,192555.0,78
201000043865,10,4,8,2100,2,2,2,1.0,3.0,78440,M,4900430.0,190698.0,78
201000043866,10,6,1,1540,1,2,6,1.0,6.0,78440,M,4897840.0,191382.0,78
201000043867,10,6,27,1955,1,1,1,1.0,1.0,78227,M,4901380.0,193629.0,78
201000043868,10,6,14,1715,1,1,1,1.0,2.0,78238,M,4897770.0,188478.0,78
201000043869,10,6,8,1735,1,2,3,1.0,6.0,78403,M,4899800.0,188207.0,78
201000043870,10,6,24,1615,1,2,1,1.0,6.0,78440,M,4898900.0,191463.0,78
201000043871,10,6,24,1830,1,2,1,1.0,6.0,78029,M,4895850.0,185010.0,78
201000043872,10,7,19,430,3,1,1,1.0,6.0,78609,M,4902310.0,190952.0,78
201000043873,10,7,20,1010,1,1,1,1.0,2.0,78609,M,4902480.0,191046.0,78
201000043874,10,7,24,1530,1,1,3,1.0,3.0,78440,M,4898370.0,192212.0,78
201000043875,10,7,23,1220,1,2,6,1.0,3.0,78440,M,4898370.0,189215.0,78
201000043876,10,7,20,745,1,2,6,1.0,6.0,78440,M,4897460.0,191660.0,78
201000043877,10,7,14,2310,5,2,3,1.0,6.0,78401,M,4900680.0,190693.0,78
201000043878,10,8,5,1830,1,2,1,1.0,3.0,78440,M,4899040.0,190271.0,78
201000043879,10,8,21,945,1,2,6,1.0,3.0,78299,M,4901440.0,189919.0,78
201000043880,10,8,7,2130,1,2,1,1.0,6.0,78401,M,4901080.0,191019.0,78
201000043881,10,8,7,1915,1,2,6,2.0,7.0,78261,M,4901900.0,189035.0,78
201000043882,10,8,23,530,5,2,2,2.0,3.0,78029,M,4897560.0,184798.0,78
201000043883,10,6,20,2150,2,2,2,1.0,3.0,78440,M,,,78
201000043884,10,7,30,1800,1,2,3,1.0,2.0,78029,M,4896130.0,185011.0,78
201000043885,10,9,5,1630,1,2,3,1.0,3.0,78227,M,,,78
201000043886,10,8,31,1930,1,2,3,1.0,3.0,78440,M,4900000.0,191811.0,78
201000043887,10,9,1,1930,1,2,6,1.0,3.0,78029,M,,,78
201000043888,10,9,24,1635,1,2,3,1.0,3.0,78440,M,,,78
201000043889,10,10,1,1820,5,2,1,3.0,6.0,78029,M,,,78
201000043890,10,6,20,740,1,2,1,1.0,6.0,78440,M,4898630.0,191856.0,78
201000043891,10,10,5,1630,1,2,1,2.0,4.0,78440,M,,,78
201000043892,10,7,11,1510,1,1,6,1.0,3.0,78299,M,4901440.0,189919.0,78
201000043893,10,10,19,328,5,2,1,1.0,6.0,78029,M,,,78
201000043894,10,10,25,1820,2,2,1,1.0,4.0,78403,M,,,78
201000043895,10,10,29,1825,1,2,3,1.0,6.0,78401,M,,,78
201000043896,10,10,26,1630,1,2,2,1.0,4.0,78440,M,,,78
201000043897,10,11,6,620,5,2,2,1.0,3.0,78440,M,,,78
201000043898,10,11,7,2310,5,2,2,1.0,6.0,78440,M,,,78
201000043899,10,11,6,1525,1,2,1,2.0,3.0,78029,M,,,78
201000043900,10,11,10,1715,1,2,1,1.0,7.0,78440,M,,,78
201000043901,10,11,18,545,5,2,1,1.0,6.0,78440,M,,,78
201000043902,10,11,26,1300,1,2,1,1.0,2.0,78238,M,,,78
201000043903,10,12,1,855,1,2,1,8.0,6.0,78401,M,,,78
201000043904,10,11,27,1410,1,2,1,1.0,2.0,78029,M,,,78
201000043905,10,12,6,2020,5,2,1,1.0,2.0,78440,M,,,78
201000043906,10,12,7,1240,1,1,1,4.0,4.0,78227,M,,,78
201000043907,10,12,9,1522,1,2,1,1.0,2.0,78401,M,,,78
201000043908,10,12,9,1615,1,2,1,1.0,2.0,78440,M,,,78
201000043909,10,12,10,1610,2,2,7,8.0,3.0,78401,M,,,78
201000043910,10,12,12,1340,1,2,1,1.0,3.0,78638,M,,,78
201000043911,10,12,14,1440,1,2,1,1.0,6.0,78401,M,,,78
201000043912,10,12,9,1633,5,2,1,1.0,2.0,78401,M,,,78
201000043913,10,12,11,1815,5,2,1,2.0,7.0,78029,M,,,78
201000043914,10,12,16,1815,4,2,1,2.0,6.0,78029,M,,,78
201000043915,10,12,23,1545,1,2,7,4.0,1.0,78029,M,,,78
201000043916,10,12,27,2210,5,2,1,2.0,1.0,78029,M,,,78
201000043917,10,12,28,910,1,1,3,8.0,7.0,78638,M,,,78
201000043918,10,12,28,1740,5,2,1,1.0,6.0,78029,M,,,78
201000043919,10,12,29,1230,1,2,1,1.0,7.0,78238,M,,,78
201000043920,10,12,28,1245,1,2,6,2.0,2.0,78490,M,,,78
201000043921,10,1,3,1250,1,2,1,1.0,4.0,78674,M,4883050.0,199745.0,78
201000043922,10,12,30,1630,1,2,1,1.0,7.0,78165,M,,,78
201000043923,10,1,4,810,2,1,1,1.0,2.0,78674,M,4882110.0,201346.0,78
201000043924,10,1,6,1225,1,2,1,1.0,7.0,78490,M,4882380.0,195383.0,78
201000043925,10,1,28,1530,1,2,2,1.0,3.0,78165,M,4882900.0,198294.0,78
201000043926,10,2,6,1430,1,2,1,1.0,2.0,78490,M,4880180.0,196367.0,78
201000043927,10,2,6,2050,5,2,6,1.0,3.0,78165,M,4882200.0,198899.0,78
201000043928,10,2,11,1800,3,1,1,4.0,3.0,78674,M,4882840.0,202270.0,78
201000043929,10,2,12,1555,1,2,1,1.0,2.0,78165,M,4882420.0,197520.0,78
201000043930,10,2,19,825,1,2,1,1.0,6.0,78165,M,4882190.0,197283.0,78
201000043931,10,2,20,1715,1,2,1,1.0,4.0,78490,M,4882730.0,195985.0,78
201000043932,10,2,18,2035,5,2,1,1.0,4.0,78490,M,4882730.0,196512.0,78
201000043933,10,2,22,1500,1,2,1,1.0,6.0,78490,M,4882750.0,196687.0,78
201000043934,10,3,20,1115,1,2,1,2.0,7.0,78490,M,4882880.0,196384.0,78
201000043935,10,3,29,805,1,1,1,2.0,7.0,78674,M,4883670.0,203165.0,78
201000043936,10,4,7,1710,1,2,6,1.0,3.0,78674,M,4882990.0,199540.0,78
201000043937,10,4,10,1220,1,2,1,1.0,3.0,78490,M,4883170.0,195777.0,78
201000043938,10,4,12,1410,1,2,2,1.0,3.0,78165,M,4882410.0,198878.0,78
201000043939,10,4,19,1750,1,2,1,1.0,6.0,78165,M,4882000.0,199925.0,78
201000043940,10,5,3,650,2,1,1,2.0,7.0,78674,M,4883650.0,203047.0,78
201000043941,10,5,5,1745,1,2,1,1.0,6.0,78490,M,4882650.0,196632.0,78
201000043942,10,5,13,1800,1,1,1,1.0,6.0,78165,M,4883170.0,198350.0,78
201000043943,10,5,20,1620,1,2,1,1.0,2.0,78490,M,,,78
201000043944,10,5,20,1550,1,2,1,1.0,6.0,78165,M,4882670.0,197696.0,78
201000043945,10,5,21,820,1,2,2,1.0,3.0,78490,M,4882300.0,196045.0,78
201000043946,10,5,22,1810,1,2,1,1.0,3.0,78165,M,4882790.0,197382.0,78
201000043947,10,5,29,1805,1,2,1,2.0,3.0,78490,M,4881740.0,192700.0,78
201000043948,10,6,9,805,1,2,2,8.0,3.0,78490,M,4881960.0,196050.0,78
201000043949,10,6,8,1945,1,2,1,1.0,2.0,78165,M,4882350.0,197587.0,78
201000043950,10,6,9,1925,1,2,1,2.0,1.0,78490,M,4880460.0,195173.0,78
201000043951,10,6,12,1145,1,2,1,1.0,3.0,78165,M,4882880.0,197410.0,78
201000043952,10,6,12,1550,1,1,1,1.0,3.0,78165,M,4882860.0,196961.0,78
201000043953,10,6,17,1630,1,2,2,2.0,7.0,78490,M,,,78
201000043954,10,6,26,2000,1,2,1,1.0,3.0,78490,M,4882080.0,193195.0,78
201000043955,10,7,8,1645,1,1,3,1.0,3.0,78490,M,4879660.0,194623.0,78
201000043956,10,7,8,1015,1,1,1,1.0,7.0,78674,M,4884180.0,200705.0,78
201000043957,10,7,19,1740,1,2,2,1.0,3.0,78165,M,4881880.0,198693.0,78
201000043958,10,8,3,1535,1,1,1,1.0,6.0,78490,M,4879530.0,195459.0,78
201000043959,10,8,27,1455,1,2,3,1.0,3.0,78674,M,4883470.0,201061.0,78
201000043960,10,9,5,1845,1,2,1,1.0,5.0,78490,M,,,78
201000043961,10,9,11,910,1,2,1,7.0,6.0,78490,M,,,78
201000043962,10,9,15,1945,1,2,2,1.0,3.0,78490,M,,,78
201000043963,10,9,22,1800,1,1,1,1.0,2.0,78490,M,,,78
201000043964,10,10,3,920,1,1,1,1.0,7.0,78674,M,,,78
201000043965,10,10,12,1610,1,2,3,1.0,6.0,78490,M,,,78
201000043966,10,10,19,515,5,2,1,1.0,7.0,78490,M,,,78
201000043967,10,10,21,810,1,2,2,2.0,7.0,78490,M,,,78
201000043968,10,10,24,1630,1,2,1,1.0,6.0,78165,M,,,78
201000043969,10,11,7,1740,5,2,1,2.0,7.0,78165,M,,,78
201000043970,10,11,19,1330,1,2,3,1.0,3.0,78165,M,,,78
201000043971,10,11,8,1130,1,2,1,3.0,1.0,78490,M,,,78
201000043972,10,11,21,1730,5,2,6,2.0,6.0,78165,M,,,78
201000043973,10,11,19,1605,1,2,6,1.0,3.0,78165,M,,,78
201000043974,10,12,16,803,5,2,3,2.0,3.0,78674,M,,,78
201000043975,10,1,12,930,1,2,1,1.0,2.0,78498,M,4893020.0,204696.0,78
201000043976,10,1,19,1130,1,2,3,1.0,2.0,78123,M,4894890.0,203820.0,78
201000043977,10,1,29,505,5,2,1,1.0,2.0,78498,M,4893310.0,204559.0,78
201000043978,10,1,30,1915,5,2,2,1.0,3.0,78672,M,4893490.0,199956.0,78
201000043979,10,1,1,1845,5,2,1,1.0,6.0,78643,M,4897580.0,198521.0,78
201000043980,10,2,3,1820,5,2,3,1.0,6.0,78498,M,4894730.0,206368.0,78
201000043981,10,2,7,2255,5,2,2,2.0,3.0,78498,M,4893710.0,205491.0,78
201000043982,10,1,4,1650,2,2,3,1.0,3.0,78642,M,4899190.0,194215.0,78
201000043983,10,3,9,845,1,2,2,1.0,2.0,78498,M,4893120.0,203894.0,78
201000043984,10,3,26,1525,1,2,3,1.0,6.0,78498,M,4893400.0,205314.0,78
201000043985,10,3,29,830,1,2,1,2.0,2.0,78642,M,4897860.0,197129.0,78
201000043986,10,4,5,1815,1,2,6,1.0,3.0,78498,M,4893310.0,204395.0,78
201000043987,10,4,5,1210,1,1,1,1.0,7.0,78624,M,4895370.0,202129.0,78
201000043988,10,4,9,1530,1,2,2,1.0,4.0,78498,M,4892570.0,203579.0,78
201000043989,10,4,15,1330,1,2,3,1.0,2.0,78643,M,4897800.0,199615.0,78
201000043990,10,4,16,1600,1,2,1,1.0,6.0,78498,M,4893460.0,204169.0,78
201000043991,10,4,18,1630,1,2,1,1.0,7.0,78384,M,4896280.0,199384.0,78
201000043992,10,4,27,2030,2,1,1,1.0,6.0,78498,M,4892910.0,197929.0,78
201000043993,10,4,12,2130,5,2,1,1.0,7.0,78624,M,4897840.0,200111.0,78
201000043994,10,5,9,1955,1,2,3,1.0,3.0,78498,M,4893070.0,203867.0,78
201000043995,10,5,10,1010,1,2,2,1.0,6.0,78498,M,4893000.0,204399.0,78
201000043996,10,5,17,805,1,2,2,1.0,6.0,78498,M,4893070.0,205213.0,78
201000043997,10,5,18,630,1,2,1,1.0,6.0,78498,M,4893510.0,205818.0,78
201000043998,10,5,17,1700,1,2,2,1.0,3.0,78498,M,4893510.0,205894.0,78
201000043999,10,5,25,1515,1,2,1,1.0,3.0,78498,M,4892200.0,201727.0,78
201000044000,10,6,4,1945,1,2,3,1.0,4.0,78642,M,4898080.0,197308.0,78
201000044001,10,6,16,1545,1,2,3,1.0,3.0,78624,M,4898320.0,200483.0,78
201000044002,10,6,16,2210,2,2,3,1.0,6.0,78498,M,4893570.0,205666.0,78
201000044003,10,6,16,1310,1,2,2,1.0,3.0,78123,M,4894150.0,203213.0,78
201000044004,10,6,18,1030,1,2,2,1.0,6.0,78498,M,4892790.0,204265.0,78
201000044005,10,6,28,1400,1,2,2,1.0,3.0,78123,M,4894150.0,203213.0,78
201000044006,10,6,29,1750,1,2,2,1.0,6.0,78498,M,4893030.0,203952.0,78
201000044007,10,6,30,830,1,2,3,1.0,3.0,78498,M,4893540.0,205989.0,78
201000044008,10,6,29,1245,1,2,2,1.0,6.0,78123,M,4894240.0,202664.0,78
201000044009,10,6,26,2105,1,2,1,1.0,6.0,78123,M,4894220.0,202105.0,78
201000044010,10,7,13,1100,1,2,2,1.0,7.0,78123,M,4894820.0,204193.0,78
201000044011,10,7,21,1030,1,2,1,1.0,6.0,78498,M,4893230.0,204192.0,78
201000044012,10,7,28,1850,1,2,1,1.0,3.0,78498,M,4892230.0,203891.0,78
201000044013,10,8,3,1445,1,2,2,1.0,7.0,78123,M,4894390.0,203092.0,78
201000044014,10,8,9,2230,5,1,1,1.0,7.0,78624,M,4899160.0,200801.0,78
201000044015,10,8,15,1645,1,2,1,2.0,6.0,78624,M,4896970.0,200970.0,78
201000044016,10,8,20,1054,1,2,2,1.0,6.0,78498,M,4892820.0,204467.0,78
201000044017,10,8,24,1555,1,1,1,1.0,6.0,78624,M,4897170.0,201850.0,78
201000044018,10,8,28,1415,1,2,1,1.0,3.0,78624,M,4895730.0,201850.0,78
201000044019,10,9,7,1900,1,2,2,1.0,3.0,78498,M,,,78
201000044020,10,9,7,1600,1,2,1,1.0,2.0,78498,M,,,78
201000044021,10,9,8,1030,1,1,1,1.0,7.0,78643,M,,,78
201000044022,10,9,18,1120,1,2,1,1.0,7.0,78384,M,,,78
201000044023,10,10,14,1410,1,2,1,1.0,7.0,78123,M,,,78
201000044024,10,10,18,1810,1,2,3,1.0,3.0,78123,M,,,78
201000044025,10,10,18,1435,1,2,3,1.0,3.0,78643,M,,,78
201000044026,10,10,11,850,1,2,1,1.0,4.0,78498,M,,,78
201000044027,10,11,6,1425,1,2,2,2.0,5.0,78498,M,,,78
201000044028,10,11,9,835,1,2,3,2.0,3.0,78498,M,,,78
201000044029,10,11,8,1915,5,2,2,2.0,2.0,78498,M,,,78
201000044030,10,11,6,1935,5,2,3,2.0,6.0,78624,M,,,78
201000044031,10,11,12,1530,1,1,3,2.0,3.0,78384,M,,,78
201000044032,10,11,22,1630,2,2,1,2.0,1.0,78624,M,,,78
201000044033,10,11,23,855,1,2,1,1.0,3.0,78498,M,,,78
201000044034,10,11,10,1320,1,2,1,2.0,3.0,78123,M,,,78
201000044035,10,11,30,1940,5,2,2,1.0,1.0,78498,M,,,78
201000044036,10,11,26,1715,2,2,1,2.0,3.0,78624,M,,,78
201000044037,10,12,2,1905,5,2,3,4.0,2.0,78123,M,,,78
201000044038,10,12,7,2015,5,2,1,4.0,6.0,78498,M,,,78
201000044039,10,12,15,1740,1,2,2,1.0,6.0,78498,M,,,78
201000044040,10,1,24,1330,1,2,6,1.0,6.0,78498,M,4892170.0,202737.0,78
201000044041,10,1,30,1735,1,2,1,1.0,6.0,78498,M,4892770.0,204298.0,78
201000044042,10,2,7,230,5,2,1,1.0,7.0,78498,M,4893280.0,203871.0,78
201000044043,10,2,11,1300,1,2,1,4.0,2.0,78498,M,4893330.0,204882.0,78
201000044044,10,2,22,1855,5,2,1,2.0,6.0,78672,M,4893920.0,198126.0,78
201000044045,10,2,27,1917,5,1,1,2.0,3.0,78624,M,4895840.0,201768.0,78
201000044046,10,3,2,1143,1,1,1,1.0,3.0,78624,M,4895970.0,201681.0,78
201000044047,10,3,6,1600,1,2,3,1.0,3.0,78643,M,4897580.0,198529.0,78
201000044048,10,3,15,15,3,1,1,1.0,6.0,78642,M,4899230.0,196423.0,78
201000044049,10,3,15,2305,5,1,1,1.0,7.0,78123,M,,,78
201000044050,10,3,19,1945,5,2,3,2.0,4.0,78642,M,4897870.0,197566.0,78
201000044051,10,3,23,2120,3,2,1,1.0,3.0,78672,M,4892740.0,201479.0,78
201000044052,10,3,24,2105,5,2,1,1.0,6.0,78624,M,4897920.0,201368.0,78
201000044053,10,3,27,1050,1,2,3,1.0,1.0,78498,M,4893600.0,206185.0,78
201000044054,10,3,29,740,2,2,6,1.0,6.0,78642,M,4898700.0,195541.0,78
201000044055,10,4,24,245,5,2,1,1.0,7.0,78498,M,,,78
201000044056,10,4,25,2030,2,2,1,1.0,6.0,78498,M,4893360.0,204288.0,78
201000044057,10,5,9,1650,1,2,2,1.0,6.0,78643,M,,,78
201000044058,10,5,30,1920,1,2,3,1.0,7.0,78624,M,4898790.0,200785.0,78
201000044059,10,6,20,2055,1,2,3,1.0,1.0,78642,M,4898400.0,196698.0,78
201000044060,10,6,18,1920,1,2,2,1.0,3.0,78384,M,4895050.0,197895.0,78
201000044061,10,6,21,2235,5,1,1,1.0,6.0,78498,M,4893590.0,204000.0,78
201000044062,10,6,24,1400,1,2,6,1.0,6.0,78498,M,4893290.0,204355.0,78
201000044063,10,7,3,1930,1,2,1,1.0,2.0,78498,M,4893390.0,205300.0,78
201000044064,10,7,7,1820,1,2,3,1.0,3.0,78123,M,4893860.0,201319.0,78
201000044065,10,7,10,1845,1,1,1,2.0,7.0,78643,M,4895760.0,196744.0,78
201000044066,10,7,18,1815,1,1,2,1.0,3.0,78642,M,4899190.0,194215.0,78
201000044067,10,7,27,1145,1,2,1,1.0,6.0,78672,M,4893900.0,199746.0,78
201000044068,10,7,28,815,1,2,2,1.0,5.0,78498,M,4892710.0,201691.0,78
201000044069,10,7,23,1015,1,1,1,1.0,2.0,78123,M,4895640.0,204264.0,78
201000044070,10,7,30,1025,1,2,1,1.0,6.0,78498,M,4892890.0,204130.0,78
201000044071,10,8,28,1515,1,2,1,1.0,6.0,78384,M,4896410.0,199310.0,78
201000044072,10,8,21,2315,5,2,3,1.0,6.0,78624,M,4899940.0,200943.0,78
201000044073,10,9,2,2310,5,1,1,1.0,7.0,78498,M,,,78
201000044074,10,9,4,1145,1,2,1,1.0,6.0,78498,M,,,78
201000044075,10,9,25,2220,5,2,2,1.0,3.0,78624,M,,,78
201000044076,10,10,2,1730,1,1,1,1.0,6.0,78624,M,,,78
201000044077,10,10,3,2100,5,2,3,3.0,3.0,78498,M,,,78
201000044078,10,10,7,2130,5,1,1,1.0,1.0,78624,M,,,78
201000044079,10,10,9,1842,1,2,1,1.0,6.0,78498,M,,,78
201000044080,10,10,20,2040,3,1,6,1.0,7.0,78624,M,,,78
201000044081,10,10,20,2110,5,2,3,1.0,3.0,78498,M,,,78
201000044082,10,10,27,105,5,2,2,1.0,3.0,78498,M,,,78
201000044083,10,11,3,1925,5,1,2,1.0,4.0,78672,M,,,78
201000044084,10,11,6,1945,5,2,2,3.0,3.0,78642,M,,,78
201000044085,10,11,17,1615,1,1,1,1.0,7.0,78643,M,,,78
201000044086,10,11,20,1505,1,2,2,1.0,6.0,78498,M,,,78
201000044087,10,11,24,1520,1,1,1,1.0,6.0,78123,M,,,78
201000044088,10,11,25,935,1,2,1,1.0,6.0,78498,M,,,78
201000044089,10,11,29,1625,1,2,3,1.0,7.0,78123,M,,,78
201000044090,10,1,14,1615,1,2,1,1.0,6.0,78517,M,4865200.0,182759.0,78
201000044091,10,1,17,1715,1,1,1,1.0,3.0,78220,M,4869570.0,193786.0,78
201000044092,10,1,29,1445,1,1,1,2.0,7.0,78517,M,4862280.0,182762.0,78
201000044093,10,2,17,715,2,1,1,2.0,1.0,78517,M,4865310.0,188281.0,78
201000044094,10,2,19,1420,1,2,3,1.0,3.0,78517,M,4862430.0,182858.0,78
201000044095,10,3,4,2010,5,2,1,1.0,3.0,78517,M,4864010.0,183037.0,78
201000044096,10,4,5,845,1,1,9,1.0,7.0,78517,M,4866830.0,183784.0,78
201000044097,10,4,7,2250,3,1,1,1.0,2.0,78517,M,4866020.0,183747.0,78
201000044098,10,4,11,410,3,2,1,1.0,6.0,78486,M,4870780.0,185524.0,78
201000044099,10,4,16,1630,1,1,1,1.0,2.0,78220,M,4872310.0,188950.0,78