Num_Acc,an,mois,jour,hrmn,lum,agg,int,atm,col,com,gps,lat,long,dep
201000044100,10,4,17,1745,1,1,3,1.0,2.0,78220,M,4872570.0,189282.0,78
201000044101,10,4,18,1100,1,2,6,1.0,3.0,78517,M,4862300.0,182243.0,78
201000044102,10,4,26,1520,1,2,4,1.0,6.0,78517,M,4864410.0,183037.0,78
201000044103,10,4,29,1520,1,1,1,1.0,2.0,78486,M,4869670.0,184602.0,78
201000044104,10,5,20,1115,1,2,6,1.0,3.0,78517,M,4863980.0,183488.0,78
201000044105,10,5,21,1310,1,1,1,1.0,4.0,78517,M,4866020.0,183747.0,78
201000044106,10,5,22,2035,1,1,3,1.0,3.0,78269,M,4863700.0,176391.0,78
201000044107,10,6,4,1900,1,2,1,1.0,1.0,78486,M,4870060.0,186044.0,78
201000044108,10,6,9,1900,1,2,2,1.0,3.0,78517,M,4864720.0,182477.0,78
201000044109,10,6,11,1555,1,1,1,1.0,1.0,78517,M,4863940.0,184816.0,78
201000044110,10,6,16,1225,1,2,1,1.0,1.0,78517,M,4864750.0,184982.0,78
201000044111,10,6,16,2350,3,1,1,1.0,2.0,78486,M,4869410.0,184492.0,78
201000044112,10,6,18,1340,1,1,3,1.0,2.0,78220,M,4872560.0,189287.0,78
201000044113,10,6,25,2110,1,2,1,1.0,1.0,78269,M,4864090.0,176235.0,78
201000044114,10,6,27,2030,1,1,1,1.0,3.0,78486,M,4868620.0,184217.0,78
201000044115,10,7,6,525,1,1,3,1.0,2.0,78220,M,4872570.0,189282.0,78
201000044116,10,7,18,1835,1,2,1,1.0,6.0,78486,M,4868810.0,186475.0,78
201000044117,10,7,27,1205,1,2,2,8.0,3.0,78517,M,4864860.0,182692.0,78
201000044118,10,7,31,1855,1,2,1,1.0,6.0,78517,M,4864420.0,184011.0,78
201000044119,10,8,1,330,3,1,1,1.0,6.0,78486,M,4870750.0,186134.0,78
201000044120,10,9,1,1400,1,2,3,7.0,3.0,78517,M,,,78
201000044121,10,9,27,2255,3,1,1,1.0,6.0,78517,M,,,78
201000044122,10,10,6,1215,1,2,1,1.0,7.0,78517,M,,,78
201000044123,10,11,3,1745,5,2,1,1.0,3.0,78486,M,,,78
201000044124,10,11,6,1520,1,1,1,3.0,7.0,78517,M,,,78
201000044125,10,11,10,1815,2,1,1,2.0,7.0,78220,M,,,78
201000044126,10,11,25,910,1,1,1,2.0,7.0,78220,M,,,78
201000044127,10,12,13,1050,1,1,3,7.0,3.0,78269,M,,,78
201000044128,10,1,27,2105,3,1,4,8.0,2.0,78073,M,4879860.0,200294.0,78
201000044129,10,2,9,835,2,2,1,2.0,6.0,78242,M,4881140.0,205098.0,78
201000044130,10,2,7,1150,1,2,1,2.0,6.0,78242,M,4881000.0,205091.0,78
201000044131,10,2,1,800,5,2,1,4.0,6.0,78242,M,4881470.0,205304.0,78
201000044132,10,3,4,1730,1,2,2,1.0,6.0,78242,M,4881080.0,205264.0,78
201000044133,10,4,21,905,1,2,4,1.0,2.0,78073,M,4879730.0,203240.0,78
201000044134,10,6,8,1945,1,2,3,8.0,2.0,78545,M,4880530.0,205580.0,78
201000044135,10,5,24,2035,1,2,8,1.0,6.0,78545,M,4880210.0,206135.0,78
201000044136,10,5,28,1555,1,2,3,1.0,4.0,78545,M,4879720.0,205777.0,78
201000044137,10,6,28,1115,1,2,1,1.0,2.0,78545,M,4880000.0,206656.0,78
201000044138,10,5,26,1635,1,2,3,2.0,6.0,78073,M,4880570.0,203562.0,78
201000044139,10,5,24,1645,1,2,3,1.0,3.0,78545,M,4880310.0,206332.0,78
201000044140,10,8,18,840,1,2,2,8.0,3.0,78242,M,4881680.0,204135.0,78
201000044141,10,10,7,735,2,2,1,8.0,1.0,78545,M,,,78
201000044142,10,10,12,1020,1,2,3,1.0,3.0,78545,M,,,78
201000044143,10,11,20,1630,1,2,1,8.0,3.0,78545,M,,,78
201000044144,10,11,26,1110,1,1,1,1.0,6.0,78073,M,,,78
201000044145,10,11,27,1115,1,2,1,1.0,6.0,78545,M,,,78
201000044146,10,12,1,1000,1,2,1,4.0,7.0,78242,M,,,78
201000044147,10,12,12,120,3,1,2,1.0,3.0,78551,M,,,78
201000044148,10,1,11,1620,1,2,1,1.0,6.0,78551,M,4889720.0,209585.0,78
201000044149,10,1,20,1300,1,2,1,2.0,6.0,78551,M,4889720.0,209581.0,78
201000044150,10,1,20,2100,5,2,5,1.0,3.0,78481,M,4888930.0,210378.0,78
201000044151,10,2,21,1830,2,1,1,1.0,6.0,78551,M,4890290.0,207395.0,78
201000044152,10,3,5,1145,1,2,3,1.0,3.0,78367,M,4888180.0,207566.0,78
201000044153,10,3,16,815,1,2,1,1.0,6.0,78551,M,4889990.0,207944.0,78
201000044154,10,4,2,1330,1,2,2,2.0,6.0,78481,M,4888950.0,209905.0,78
201000044155,10,4,8,1155,1,2,7,1.0,6.0,78551,M,4889840.0,208921.0,78
201000044156,10,4,14,1120,1,2,1,1.0,6.0,78133,M,4890970.0,203406.0,78
201000044157,10,4,26,1700,1,2,1,1.0,6.0,78481,M,4889790.0,210671.0,78
201000044158,10,5,5,800,1,1,3,1.0,3.0,78551,M,4891240.0,207424.0,78
201000044159,10,4,12,1120,1,2,1,1.0,6.0,78551,M,4889790.0,208603.0,78
201000044160,10,6,4,1010,1,2,9,1.0,3.0,78551,M,4890090.0,206354.0,78
201000044161,10,6,22,1113,1,2,3,1.0,6.0,78551,M,4889970.0,208476.0,78
201000044162,10,6,30,2030,1,2,3,1.0,3.0,78481,M,4889690.0,210687.0,78
201000044163,10,6,29,1125,1,2,7,1.0,6.0,78551,M,4889490.0,209014.0,78
201000044164,10,7,22,2210,5,2,1,1.0,1.0,78551,M,4889450.0,210047.0,78
201000044165,10,8,3,850,1,1,1,1.0,6.0,78551,M,4889140.0,208331.0,78
201000044166,10,6,11,725,1,2,1,8.0,3.0,78551,M,4893110.0,209321.0,78
201000044167,10,8,22,335,3,1,1,1.0,7.0,78551,M,4893320.0,207931.0,78
201000044168,10,8,23,1215,1,2,3,1.0,6.0,78551,M,4889940.0,209345.0,78
201000044169,10,8,30,2015,1,1,2,1.0,3.0,78551,M,4893940.0,207602.0,78
201000044170,10,8,30,2330,5,1,1,1.0,3.0,78551,M,4895510.0,209189.0,78
201000044171,10,9,4,1330,1,2,1,1.0,2.0,78481,M,,,78
201000044172,10,9,2,1320,1,2,1,1.0,6.0,78481,M,,,78
201000044173,10,9,21,1130,1,1,1,1.0,6.0,78551,M,,,78
201000044174,10,10,6,730,4,1,1,1.0,4.0,78133,M,,,78
201000044175,10,10,10,1300,1,2,1,1.0,3.0,78551,M,,,78
201000044176,10,10,13,20,5,2,1,1.0,6.0,78551,M,,,78
201000044177,10,10,21,955,1,2,1,1.0,6.0,78551,M,,,78
201000044178,10,11,23,1540,1,1,1,1.0,6.0,78551,M,,,78
201000044179,10,11,23,1950,5,2,1,1.0,3.0,78481,M,,,78
201000044180,10,11,29,900,1,2,1,1.0,6.0,78481,M,,,78
201000044181,10,12,11,1740,4,1,1,1.0,6.0,78551,M,,,78
201000044182,10,1,29,1030,1,2,3,2.0,2.0,78586,M,4893470.0,217710.0,78
201000044183,10,1,19,1955,5,2,2,1.0,3.0,78586,M,4894350.0,218751.0,78
201000044184,10,1,28,1835,5,2,1,2.0,6.0,78586,M,4893640.0,220008.0,78
201000044185,10,2,7,1440,1,2,2,1.0,3.0,78586,M,4893780.0,215661.0,78
201000044186,10,2,15,855,1,2,1,1.0,6.0,78586,M,4894250.0,219425.0,78
201000044187,10,2,27,745,1,2,2,1.0,3.0,78586,M,4894680.0,217251.0,78
201000044188,10,3,9,820,1,2,1,1.0,3.0,78586,M,4893260.0,216926.0,78
201000044189,10,3,13,1340,1,2,3,8.0,3.0,78586,M,4894350.0,218751.0,78
201000044190,10,3,5,1615,1,2,4,1.0,6.0,78586,M,4894310.0,220328.0,78
201000044191,10,3,25,1715,1,2,3,6.0,3.0,78586,M,4894280.0,216201.0,78
201000044192,10,3,27,1745,2,2,1,1.0,1.0,78586,M,4894490.0,218819.0,78
201000044193,10,4,14,715,1,2,3,1.0,6.0,78586,M,4894620.0,220205.0,78
201000044194,10,4,17,1130,1,2,1,1.0,6.0,78586,M,4893740.0,215616.0,78
201000044195,10,5,4,1645,1,2,1,1.0,6.0,78586,M,4894560.0,219896.0,78
201000044196,10,5,15,215,5,2,6,1.0,6.0,78586,M,4894220.0,216296.0,78
201000044197,10,6,10,10,5,2,1,1.0,6.0,78586,M,4893670.0,217357.0,78
201000044198,10,6,3,1945,1,2,3,1.0,3.0,78586,M,4893040.0,216334.0,78
201000044199,10,6,5,125,5,2,3,1.0,3.0,78586,M,4893080.0,215571.0,78
201000044200,10,6,16,635,1,2,6,1.0,3.0,78586,M,4894250.0,219411.0,78
201000044201,10,6,30,1800,1,2,1,1.0,5.0,78586,M,4894440.0,215910.0,78
201000044202,10,7,4,15,5,2,3,1.0,3.0,78586,M,4893740.0,218616.0,78
201000044203,10,7,1,1540,1,2,3,1.0,6.0,78586,M,4893540.0,215354.0,78
201000044204,10,7,13,1825,1,2,1,1.0,6.0,78586,M,4893420.0,217072.0,78
201000044205,10,7,21,1130,1,2,1,1.0,2.0,78586,M,,,78
201000044206,10,8,16,1215,1,2,2,2.0,3.0,78586,M,4894280.0,217025.0,78
201000044207,10,9,9,755,1,2,1,1.0,1.0,78586,M,,,78
201000044208,10,9,19,1412,1,2,3,1.0,1.0,78586,M,,,78
201000044209,10,9,21,1820,1,2,1,1.0,6.0,78586,M,,,78
201000044210,10,9,29,1325,1,2,3,1.0,3.0,78586,M,,,78
201000044211,10,9,27,1430,1,2,3,1.0,1.0,78586,M,,,78
201000044212,10,10,7,1750,1,2,2,1.0,2.0,78586,M,,,78
201000044213,10,10,8,2230,5,2,1,1.0,6.0,78586,M,,,78
201000044214,10,10,31,240,5,2,3,1.0,5.0,78586,M,,,78
201000044215,10,11,3,1935,4,2,1,1.0,6.0,78586,M,,,78
201000044216,10,11,5,1450,1,2,1,1.0,6.0,78586,M,,,78
201000044217,10,11,15,1345,1,2,2,1.0,3.0,78586,M,,,78
201000044218,10,11,15,1720,5,1,3,1.0,6.0,78586,M,,,78
201000044219,10,11,13,1715,5,2,2,3.0,3.0,78586,M,,,78
201000044220,10,11,19,1640,1,2,3,1.0,3.0,78586,M,,,78
201000044221,10,11,16,1235,1,2,6,1.0,2.0,78586,M,,,78
201000044222,10,11,30,1725,5,2,1,1.0,6.0,78586,M,,,78
201000044223,10,12,3,2015,5,2,1,1.0,6.0,78586,M,,,78
201000044224,10,1,4,810,2,1,1,1.0,3.0,78621,M,4878100.0,202094.0,78
201000044225,10,1,22,1910,5,2,1,2.0,4.0,78621,M,4877560.0,199716.0,78
201000044226,10,2,6,140,5,2,2,2.0,6.0,78621,M,4877320.0,199284.0,78
201000044227,10,2,7,700,5,2,1,1.0,3.0,78621,M,4877740.0,200085.0,78
201000044228,10,2,3,840,1,2,1,2.0,4.0,78621,M,4877910.0,200800.0,78
201000044229,10,2,10,1030,1,2,3,4.0,6.0,78621,M,4877740.0,200516.0,78
201000044230,10,5,15,1710,1,2,2,1.0,3.0,78621,M,4876340.0,197835.0,78
201000044231,10,5,27,1735,1,1,1,3.0,4.0,78621,M,4878110.0,202050.0,78
201000044232,10,7,6,805,1,1,1,1.0,3.0,78621,M,4876870.0,198130.0,78
201000044233,10,7,22,1500,1,2,1,1.0,2.0,78621,M,4876430.0,198081.0,78
201000044234,10,8,10,2045,2,1,1,2.0,6.0,78621,M,4877160.0,198874.0,78
201000044235,10,8,14,740,1,2,1,2.0,4.0,78621,M,,,78
201000044236,10,8,26,1155,1,2,1,1.0,6.0,78621,M,4877700.0,200007.0,78
201000044237,10,9,26,805,2,2,1,2.0,4.0,78621,M,,,78
201000044238,10,10,13,1910,5,1,1,1.0,2.0,78621,M,,,78
201000044239,10,10,6,1235,1,2,3,1.0,6.0,78621,M,,,78
201000044240,10,11,4,1140,1,2,1,1.0,6.0,78621,M,,,78
201000044241,10,12,17,2215,5,2,3,4.0,3.0,78621,M,,,78
201000044242,10,12,28,940,1,2,1,4.0,7.0,78621,M,0.0,0.0,78
201000044243,10,12,31,1040,1,2,1,8.0,6.0,78640,M,,,78
201000044244,10,1,8,745,2,2,1,4.0,6.0,78686,M,4880050.0,217106.0,78
201000044245,10,1,14,850,2,1,1,8.0,7.0,78640,M,4877540.0,221905.0,78
201000044246,10,1,14,910,2,2,1,5.0,7.0,78640,M,4878130.0,218379.0,78
201000044247,10,1,20,850,2,2,7,2.0,7.0,78686,M,4879870.0,215883.0,78
201000044248,10,1,22,550,3,2,1,5.0,7.0,78322,M,4877110.0,214735.0,78
201000044249,10,1,22,1940,5,2,1,8.0,6.0,78686,M,4880100.0,216276.0,78
201000044250,10,2,6,1340,1,2,1,2.0,3.0,78640,M,4877900.0,221249.0,78
201000044251,10,2,15,630,5,1,1,1.0,6.0,78640,M,4877990.0,219354.0,78
201000044252,10,2,19,1910,5,2,9,1.0,2.0,78322,M,4878470.0,215471.0,78
201000044253,10,2,24,1723,1,2,1,8.0,6.0,78322,M,4876980.0,214874.0,78
201000044254,10,3,16,1230,1,1,1,1.0,3.0,78640,M,4878100.0,217405.0,78
201000044255,10,3,18,710,1,1,6,1.0,7.0,78640,M,4878330.0,220595.0,78
201000044256,10,3,22,1235,1,2,1,1.0,3.0,78686,M,4880380.0,216738.0,78
201000044257,10,3,23,1940,5,2,1,1.0,2.0,78686,M,4879840.0,216748.0,78
201000044258,10,3,25,1855,5,2,1,1.0,2.0,78640,M,4877990.0,219947.0,78
201000044259,10,4,7,1915,1,2,9,1.0,3.0,78640,M,,,78
201000044260,10,3,31,1745,1,2,1,8.0,6.0,78686,M,4880400.0,217486.0,78
201000044261,10,4,13,1840,1,2,1,1.0,3.0,78322,M,,,78
201000044262,10,5,8,1600,1,2,9,8.0,3.0,78640,M,4878430.0,221648.0,78
201000044263,10,5,3,800,2,2,6,1.0,7.0,78322,M,4877790.0,217919.0,78
201000044264,10,5,11,2030,1,2,2,1.0,3.0,78640,M,4878440.0,217378.0,78
201000044265,10,4,23,845,1,2,1,1.0,6.0,78640,M,4878230.0,219793.0,78
201000044266,10,5,27,930,1,1,3,1.0,3.0,78686,M,4879990.0,217686.0,78
201000044267,10,4,18,1500,1,2,1,1.0,2.0,78640,M,4878820.0,217918.0,78
201000044268,10,10,23,1815,1,2,1,1.0,3.0,78686,M,,,78
201000044269,10,9,6,2200,5,2,1,3.0,7.0,78640,M,,,78
201000044270,10,8,27,1145,1,2,3,1.0,3.0,78686,M,4880200.0,216424.0,78
201000044271,10,9,15,750,2,1,3,2.0,3.0,78322,M,,,78
201000044272,10,9,18,1820,1,2,1,1.0,6.0,78640,M,,,78
201000044273,10,6,25,1920,1,2,2,1.0,3.0,78640,M,4879720.0,218291.0,78
201000044274,10,8,22,1055,1,2,3,1.0,3.0,78322,M,4876490.0,216809.0,78
201000044275,10,6,16,2200,5,2,1,8.0,6.0,78322,M,4876370.0,215992.0,78
201000044276,10,6,30,950,1,2,1,1.0,3.0,78686,M,4879930.0,215961.0,78
201000044277,10,8,10,950,1,2,1,1.0,7.0,78640,M,4878480.0,221910.0,78
201000044278,10,10,6,620,5,2,3,8.0,3.0,78640,M,,,78
201000044279,10,10,21,748,1,2,1,1.0,2.0,78322,M,,,78
201000044280,10,7,31,615,2,2,1,1.0,6.0,78322,M,4875720.0,219032.0,78
201000044281,10,10,31,1530,1,1,1,8.0,7.0,78640,M,,,78
201000044282,10,10,18,1635,1,2,4,1.0,3.0,78640,M,,,78
201000044283,10,11,4,2050,5,2,1,1.0,1.0,78686,M,,,78
201000044284,10,11,22,1410,1,1,5,1.0,3.0,78640,M,,,78
201000044285,10,7,16,1210,1,2,1,8.0,6.0,78640,M,4878550.0,221866.0,78
201000044286,10,12,14,1150,1,2,1,1.0,6.0,78640,M,,,78
201000044287,10,12,30,2050,5,2,7,1.0,3.0,78646,M,,,78
201000044288,10,1,12,1700,1,2,1,1.0,6.0,78646,M,4879800.0,212751.0,78
201000044289,10,1,14,1410,1,2,6,1.0,6.0,78158,M,4882740.0,212561.0,78
201000044290,10,1,29,845,1,2,3,2.0,6.0,78646,M,4881230.0,213544.0,78
201000044291,10,1,31,2240,5,2,2,1.0,3.0,78646,M,4879970.0,212443.0,78
201000044292,10,2,15,1010,1,2,1,1.0,3.0,78117,M,4878690.0,213308.0,78
201000044293,10,3,4,1630,1,2,6,1.0,3.0,78646,M,4881530.0,212856.0,78
201000044294,10,3,7,1340,1,1,1,1.0,3.0,78646,M,4879140.0,211527.0,78
201000044295,10,3,9,1230,1,2,3,1.0,2.0,78646,M,4879850.0,214393.0,78
201000044296,10,3,5,1400,1,2,3,1.0,3.0,78646,M,4880150.0,212570.0,78
201000044297,10,3,10,900,1,2,2,1.0,6.0,78646,M,4880660.0,213202.0,78
201000044298,10,3,10,1647,1,2,1,1.0,6.0,78646,M,4880180.0,213126.0,78
201000044299,10,3,20,700,5,2,1,3.0,6.0,78646,M,4880450.0,212536.0,78
201000044300,10,3,27,2010,5,2,2,1.0,3.0,78646,M,4880880.0,213334.0,78
201000044301,10,3,22,2100,5,2,2,1.0,1.0,78646,M,4880650.0,214901.0,78
201000044302,10,4,1,1615,1,2,3,1.0,3.0,78646,M,4880120.0,213359.0,78
201000044303,10,4,9,1900,1,2,1,1.0,6.0,78646,M,4880850.0,215188.0,78
201000044304,10,4,12,1245,1,2,1,1.0,3.0,78646,M,4880060.0,213642.0,78
201000044305,10,4,15,1600,1,2,2,1.0,6.0,78646,M,4880890.0,213342.0,78
201000044306,10,4,14,1615,1,2,4,1.0,6.0,78646,M,4881340.0,213952.0,78
201000044307,10,4,15,745,1,2,2,1.0,3.0,78646,M,4880140.0,213167.0,78
201000044308,10,4,25,1750,1,2,1,2.0,6.0,78646,M,4879300.0,214374.0,78
201000044309,10,4,27,2006,1,2,1,1.0,6.0,78646,M,4880280.0,213003.0,78
201000044310,10,4,27,1120,1,2,2,1.0,6.0,78646,M,4879320.0,214861.0,78
201000044311,10,5,11,1520,1,2,1,1.0,3.0,78646,M,4879790.0,214359.0,78
201000044312,10,5,19,1350,1,1,1,1.0,6.0,78646,M,4880680.0,212384.0,78
201000044313,10,5,11,6,5,2,3,2.0,3.0,78646,M,4880040.0,213240.0,78
201000044314,10,5,15,2315,5,2,2,1.0,3.0,78646,M,,,78
201000044315,10,5,26,1210,1,2,1,1.0,6.0,78646,M,4881320.0,213391.0,78
201000044316,10,5,28,1230,1,2,3,1.0,1.0,78646,M,4879220.0,214695.0,78
201000044317,10,6,11,1420,1,2,6,1.0,3.0,78646,M,4880250.0,215295.0,78
201000044318,10,6,15,1915,1,2,1,1.0,1.0,78646,M,4878930.0,212548.0,78
201000044319,10,6,16,2350,5,2,2,1.0,3.0,78646,M,4882470.0,214113.0,78
201000044320,10,6,18,1935,1,2,1,1.0,6.0,78646,M,4879810.0,215352.0,78
201000044321,10,6,29,800,1,2,2,1.0,3.0,78646,M,4881680.0,212458.0,78
201000044322,10,7,6,1425,1,2,3,1.0,3.0,78646,M,4879950.0,214054.0,78
201000044323,10,7,8,130,5,2,3,1.0,3.0,78158,M,4882210.0,213864.0,78
201000044324,10,7,11,1345,1,2,1,1.0,6.0,78646,M,4880880.0,212498.0,78
201000044325,10,7,12,730,2,2,3,2.0,3.0,78646,M,4880750.0,212871.0,78
201000044326,10,7,14,1320,1,1,1,3.0,5.0,78524,M,4883550.0,211181.0,78
201000044327,10,7,22,1145,1,2,2,1.0,3.0,78646,M,4880230.0,212976.0,78
201000044328,10,8,3,1400,1,2,3,1.0,6.0,78158,M,4882860.0,212228.0,78
201000044329,10,8,19,1645,1,2,1,1.0,3.0,78158,M,4882710.0,211634.0,78
201000044330,10,9,7,820,1,2,1,1.0,6.0,78646,M,,,78
201000044331,10,9,7,1150,1,2,1,1.0,3.0,78646,M,,,78
201000044332,10,9,11,1800,1,2,1,1.0,5.0,78646,M,,,78
201000044333,10,9,13,850,1,2,1,1.0,3.0,78646,M,,,78
201000044334,10,9,15,1350,1,2,2,1.0,6.0,78646,M,,,78
201000044335,10,9,15,850,1,2,1,2.0,6.0,78646,M,,,78
201000044336,10,9,16,1035,1,2,2,1.0,3.0,78646,M,,,78
201000044337,10,9,17,1730,1,2,3,1.0,3.0,78646,M,,,78
201000044338,10,9,20,1820,1,2,3,1.0,3.0,78646,M,,,78
201000044339,10,9,28,950,1,2,2,1.0,3.0,78158,M,,,78
201000044340,10,9,30,2040,5,2,1,1.0,6.0,78646,M,,,78
201000044341,10,10,1,1410,1,2,1,1.0,3.0,78158,M,,,78
201000044342,10,10,6,1550,1,2,1,1.0,6.0,78158,M,,,78
201000044343,10,10,19,1730,1,2,3,1.0,6.0,78646,M,,,78
201000044344,10,10,14,1810,1,2,1,1.0,6.0,78646,M,,,78
201000044345,10,8,29,2005,1,2,3,1.0,2.0,78646,M,4879250.0,211795.0,78
201000044346,10,10,25,1140,1,2,1,1.0,6.0,78646,M,,,78
201000044347,10,10,26,1405,1,2,5,1.0,2.0,78646,M,,,78
201000044348,10,10,29,110,5,1,1,1.0,3.0,78524,M,,,78
201000044349,10,11,4,920,1,2,3,1.0,6.0,78646,M,,,78
201000044350,10,11,12,2010,5,2,2,9.0,3.0,78646,M,,,78
201000044351,10,11,5,1800,5,1,1,1.0,2.0,78158,M,,,78
201000044352,10,11,8,1805,5,2,1,2.0,6.0,78646,M,,,78
201000044353,10,11,10,1800,5,2,1,1.0,6.0,78646,M,,,78
201000044354,10,11,14,1700,2,2,3,1.0,6.0,78646,M,,,78
201000044355,10,11,21,1050,1,2,1,2.0,6.0,78646,M,,,78
201000044356,10,11,21,1800,5,2,1,2.0,2.0,78646,M,,,78
201000044357,10,11,29,1615,1,2,1,1.0,6.0,78646,M,,,78
201000044358,10,12,2,1830,5,2,1,4.0,6.0,78646,M,,,78
201000044359,10,12,5,850,1,2,3,1.0,6.0,78646,M,,,78
201000044360,10,12,3,1230,1,2,3,4.0,6.0,78158,M,,,78
201000044361,10,12,12,1825,5,2,2,1.0,1.0,78646,M,,,78
201000044362,10,12,14,750,5,2,1,1.0,6.0,78646,M,,,78
201000044363,10,12,18,1620,2,2,1,2.0,2.0,78646,M,,,78
201000044364,10,1,3,1700,5,2,3,1.0,3.0,78650,M,4890350.0,212069.0,78
201000044365,10,2,3,755,1,2,1,1.0,6.0,78650,M,4889800.0,211430.0,78
201000044366,10,4,19,800,1,2,5,1.0,3.0,78650,M,4889800.0,211413.0,78
201000044367,10,5,12,1530,1,2,1,1.0,1.0,78650,M,4889010.0,212437.0,78
201000044368,10,5,14,1645,1,2,2,1.0,3.0,78650,M,4889870.0,211746.0,78
201000044369,10,5,25,2245,5,2,1,1.0,3.0,78418,M,4890540.0,214573.0,78
201000044370,10,6,6,150,5,2,2,1.0,3.0,78650,M,4890160.0,213152.0,78
201000044371,10,6,11,135,5,2,2,1.0,6.0,78146,M,4889010.0,215523.0,78
201000044372,10,6,15,1530,1,2,1,6.0,6.0,78146,M,4890290.0,215502.0,78
201000044373,10,6,29,450,2,2,3,2.0,3.0,78650,M,4890200.0,213389.0,78
201000044374,10,7,16,445,5,2,1,1.0,7.0,78190,M,4888760.0,211917.0,78
201000044375,10,8,6,1530,1,1,1,1.0,6.0,78418,M,4892850.0,214308.0,78
201000044376,10,8,23,1210,1,1,1,2.0,1.0,78418,M,4892560.0,215089.0,78
201000044377,10,9,30,820,1,2,7,8.0,3.0,78650,M,,,78
201000044378,10,10,1,1835,5,2,1,3.0,3.0,78418,M,,,78
201000044379,10,10,6,1825,2,2,3,2.0,6.0,78146,M,,,78
201000044380,10,10,22,1900,5,2,1,1.0,6.0,78146,M,,,78
201000044381,10,10,23,1100,1,2,3,1.0,3.0,78650,M,,,78
201000044382,10,11,19,815,1,2,3,1.0,3.0,78650,M,,,78
201000044383,10,12,13,1935,5,2,1,1.0,3.0,78418,M,,,78
201000044384,10,12,22,925,1,2,1,1.0,2.0,78418,M,,,78
201000044385,10,12,6,807,4,2,1,3.0,6.0,79191,M,,,79
201000044386,10,1,6,1420,1,2,1,1.0,3.0,79191,M,,,79
201000044387,10,1,15,1230,1,2,3,1.0,1.0,79191,M,,,79
201000044388,10,1,16,1207,1,2,3,1.0,3.0,79191,M,,,79
201000044389,10,2,24,1035,1,2,1,1.0,7.0,79191,M,,,79
201000044390,10,4,30,110,3,1,1,1.0,6.0,79191,M,,,79
201000044391,10,3,27,2340,3,2,1,2.0,7.0,79191,M,,,79
201000044392,10,4,17,1855,1,2,1,1.0,6.0,79191,M,,,79
201000044393,10,4,27,1640,1,2,6,1.0,7.0,79191,M,,,79
201000044394,10,4,17,925,1,2,1,1.0,2.0,79191,M,,,79
201000044395,10,5,9,1855,1,2,1,8.0,3.0,79191,M,,,79
201000044396,10,5,10,1010,1,1,1,1.0,2.0,79081,M,,,79
201000044397,10,8,9,1455,1,2,1,1.0,6.0,79191,M,,,79
201000044398,10,7,29,1240,1,2,3,1.0,3.0,79191,M,,,79
201000044399,10,3,1,1740,1,2,6,1.0,3.0,79081,M,,,79
201000044400,10,3,4,1735,1,2,2,1.0,3.0,79191,M,,,79
201000044401,10,8,23,540,5,2,1,1.0,3.0,79191,M,,,79
201000044402,10,3,9,1330,1,2,1,1.0,2.0,79191,M,,,79
201000044403,10,3,10,925,1,2,1,1.0,6.0,79191,M,,,79
201000044404,10,10,2,1030,1,2,1,1.0,1.0,79081,M,,,79
201000044405,10,9,14,1955,1,1,1,7.0,6.0,79191,M,,,79
201000044406,10,10,10,2040,2,2,6,1.0,3.0,79191,M,,,79
201000044407,10,3,16,1218,1,2,1,1.0,2.0,79081,M,,,79
201000044408,10,10,27,1340,1,2,2,1.0,3.0,79191,M,,,79
201000044409,10,3,20,2100,5,2,1,1.0,6.0,79191,M,,,79
201000044410,10,10,20,1250,1,2,3,1.0,3.0,79191,M,,,79
201000044411,10,11,17,1755,4,2,1,2.0,7.0,79191,M,,,79
201000044412,10,3,24,815,2,2,3,1.0,3.0,79191,M,,,79
201000044413,10,4,19,755,1,2,1,1.0,1.0,79191,M,,,79
201000044414,10,4,19,1530,1,2,1,1.0,7.0,79191,M,,,79
201000044415,10,4,24,1548,1,2,1,1.0,7.0,79191,M,,,79
201000044416,10,5,4,750,1,2,1,1.0,6.0,79191,M,,,79
201000044417,10,5,8,740,1,2,1,1.0,6.0,79191,M,,,79
201000044418,10,5,10,1410,1,2,3,1.0,3.0,79191,M,,,79
201000044419,10,5,15,1500,1,2,1,1.0,3.0,79191,M,,,79
201000044420,10,5,24,920,1,2,1,1.0,7.0,79191,M,,,79
201000044421,10,5,28,1425,1,2,1,1.0,3.0,79191,M,,,79
201000044422,10,6,1,1205,1,1,4,1.0,1.0,79191,M,,,79
201000044423,10,6,4,1635,1,2,3,1.0,2.0,79191,M,,,79
201000044424,10,6,5,2237,2,2,1,1.0,7.0,79191,M,,,79
201000044425,10,6,22,615,2,2,1,1.0,6.0,79191,M,,,79
201000044426,10,6,23,1900,1,2,1,1.0,6.0,79191,M,,,79