Num_Acc,an,mois,jour,hrmn,lum,agg,int,atm,col,com,gps,lat,long,dep
201000044427,10,6,25,2337,5,2,3,1.0,3.0,79191,M,,,79
201000044428,10,7,1,1740,1,2,1,1.0,3.0,79191,M,,,79
201000044429,10,7,7,405,5,2,6,1.0,7.0,79191,M,,,79
201000044430,10,7,10,1610,1,2,1,1.0,7.0,79191,M,,,79
201000044431,10,7,11,155,4,2,1,1.0,7.0,79081,M,,,79
201000044432,10,7,12,1315,1,2,6,1.0,7.0,79191,M,,,79
201000044433,10,7,30,720,1,2,3,1.0,3.0,79191,M,,,79
201000044434,10,7,30,1805,1,2,1,1.0,7.0,79081,M,,,79
201000044435,10,9,6,1725,1,2,3,1.0,3.0,79191,M,,,79
201000044436,10,9,10,1820,1,2,1,1.0,7.0,79191,M,,,79
201000044437,10,9,13,1735,1,2,1,1.0,3.0,79191,M,,,79
201000044438,10,9,18,1440,1,2,3,1.0,6.0,79191,M,,,79
201000044439,10,10,4,2005,2,2,1,1.0,7.0,79191,M,,,79
201000044440,10,10,5,837,2,2,1,1.0,7.0,79191,M,,,79
201000044441,10,10,11,15,5,2,1,1.0,7.0,79191,M,,,79
201000044442,10,10,12,1413,1,2,1,1.0,7.0,79191,M,,,79
201000044443,10,10,21,1750,2,2,6,1.0,2.0,79191,M,,,79
201000044444,10,10,27,147,5,2,1,1.0,7.0,79191,M,,,79
201000044445,10,10,27,1820,4,2,2,1.0,3.0,79191,M,,,79
201000044446,10,12,15,1900,5,2,2,8.0,3.0,79191,M,,,79
201000044447,10,1,8,1730,2,2,3,1.0,2.0,79329,M,,,79
201000044448,10,1,13,1423,1,2,1,1.0,2.0,79300,M,,,79
201000044449,10,1,14,1355,1,2,1,8.0,6.0,79329,M,,,79
201000044450,10,1,19,1725,1,2,1,1.0,6.0,79329,M,,,79
201000044451,10,2,15,800,1,2,3,8.0,1.0,79329,M,,,79
201000044452,10,2,18,700,2,2,9,9.0,7.0,79329,M,,,79
201000044453,10,3,16,1729,1,2,1,1.0,7.0,79329,M,,,79
201000044454,10,4,16,1150,1,2,1,1.0,6.0,79329,M,,,79
201000044455,10,4,19,1632,1,2,7,1.0,6.0,79329,M,,,79
201000044456,10,4,30,2055,2,2,2,1.0,3.0,79329,M,,,79
201000044457,10,5,9,1738,1,2,2,2.0,3.0,79329,M,,,79
201000044458,10,5,27,1310,1,2,2,1.0,3.0,79329,M,,,79
201000044459,10,6,6,1913,1,2,1,1.0,7.0,79329,M,,,79
201000044460,10,6,17,1616,1,2,3,1.0,3.0,79329,M,,,79
201000044461,10,6,29,905,1,2,2,1.0,3.0,79329,M,,,79
201000044462,10,6,30,1403,1,2,1,1.0,7.0,79259,M,,,79
201000044463,10,7,3,1745,1,2,1,1.0,1.0,79329,M,,,79
201000044464,10,7,7,1908,1,2,1,1.0,2.0,79329,M,,,79
201000044465,10,7,20,2100,1,2,1,1.0,2.0,79329,M,,,79
201000044466,10,7,26,1850,1,2,1,1.0,3.0,79329,M,,,79
201000044467,10,8,20,1300,1,2,1,1.0,6.0,79259,M,,,79
201000044468,10,8,21,2100,1,2,6,1.0,7.0,79329,M,,,79
201000044469,10,8,27,1151,1,1,2,8.0,3.0,79259,M,,,79
201000044470,10,9,10,1540,1,1,3,1.0,3.0,79259,M,,,79
201000044471,10,9,12,1320,1,1,3,1.0,1.0,79329,M,,,79
201000044472,10,9,18,430,3,1,2,1.0,3.0,79300,M,,,79
201000044473,10,9,24,830,1,2,1,1.0,2.0,79329,M,,,79
201000044474,10,10,7,1815,1,2,2,1.0,3.0,79329,M,,,79
201000044475,10,10,20,1435,1,2,3,1.0,3.0,79329,M,,,79
201000044476,10,10,23,1455,1,2,1,2.0,6.0,79329,M,,,79
201000044477,10,10,20,1630,1,2,1,1.0,6.0,79329,M,,,79
201000044478,10,10,26,1805,1,2,1,1.0,7.0,79259,M,,,79
201000044479,10,11,5,855,1,2,9,8.0,3.0,79329,M,,,79
201000044480,10,11,9,945,1,2,1,2.0,2.0,79329,M,,,79
201000044481,10,12,16,340,3,2,8,2.0,7.0,79329,M,,,79
201000044482,10,12,26,1020,1,2,7,9.0,7.0,79329,M,,,79
201000044483,10,1,6,1933,5,2,1,1.0,6.0,80001,M,,,80
201000044484,10,3,14,1155,1,2,1,1.0,6.0,80001,M,,,80
201000044485,10,4,1,1120,1,2,1,1.0,6.0,80001,M,,,80
201000044486,10,5,22,1705,1,2,1,1.0,2.0,80001,M,,,80
201000044487,10,7,12,1820,1,2,3,1.0,2.0,80001,M,,,80
201000044488,10,7,31,1530,1,1,1,1.0,6.0,80001,M,,,80
201000044489,10,9,9,1935,1,2,9,1.0,6.0,80001,M,,,80
201000044490,10,9,18,1445,1,2,1,1.0,6.0,80001,M,,,80
201000044491,10,9,19,1950,1,2,1,1.0,3.0,80001,M,,,80
201000044492,10,10,4,1320,1,2,1,7.0,1.0,80001,M,,,80
201000044493,10,10,23,1715,1,2,1,3.0,6.0,80001,M,,,80
201000044494,10,11,28,2315,5,2,1,1.0,3.0,80001,M,,,80
201000044495,10,12,11,210,5,2,1,8.0,6.0,80001,M,,,80
201000044496,10,12,14,1225,1,2,1,7.0,6.0,80001,M,,,80
201000044497,10,1,1,640,5,2,1,1.0,7.0,80021,M,,,80
201000044498,10,1,1,1555,1,2,1,1.0,7.0,80021,M,,,80
201000044499,10,12,31,1910,5,2,3,2.0,2.0,80021,M,,,80
201000044500,10,1,4,1530,1,1,1,1.0,3.0,80674,M,,,80
201000044501,10,1,6,1935,5,2,1,1.0,3.0,80021,M,,,80
201000044502,10,1,6,1505,1,2,3,1.0,3.0,80021,M,,,80
201000044503,10,12,30,1700,1,2,1,1.0,6.0,80021,M,,,80
201000044504,10,1,9,130,5,2,2,1.0,2.0,80021,M,,,80
201000044505,10,1,8,740,5,2,1,1.0,6.0,80021,M,,,80
201000044506,10,1,8,1140,1,2,1,1.0,6.0,80164,M,,,80
201000044507,10,1,8,1800,1,2,1,1.0,1.0,80021,M,,,80
201000044508,10,1,8,1535,1,2,1,8.0,3.0,80021,M,,,80
201000044509,10,1,11,1840,5,2,1,1.0,4.0,80021,M,,,80
201000044510,10,1,11,2015,5,2,2,1.0,3.0,80021,M,,,80
201000044511,10,1,11,1815,5,2,1,1.0,6.0,80021,M,,,80
201000044512,10,1,12,810,2,2,3,4.0,3.0,80674,M,,,80
201000044513,10,1,12,1905,5,2,1,1.0,6.0,80489,M,,,80
201000044514,10,1,14,705,5,2,2,1.0,3.0,80021,M,,,80
201000044515,10,1,15,800,5,2,1,5.0,3.0,80021,M,,,80
201000044516,10,1,16,1610,1,2,3,3.0,3.0,80021,M,,,80
201000044517,10,1,18,1945,5,2,1,1.0,2.0,80021,M,,,80
201000044518,10,1,19,755,2,2,1,1.0,3.0,80725,M,,,80
201000044519,10,1,19,2240,5,1,1,5.0,7.0,80131,M,,,80
201000044520,10,1,21,1730,5,2,2,1.0,5.0,80021,M,,,80
201000044521,10,1,22,1805,5,2,1,1.0,6.0,80021,M,,,80
201000044522,10,1,23,753,5,2,6,2.0,3.0,80021,M,,,80
201000044523,10,1,24,1450,1,2,1,2.0,7.0,80021,M,,,80
201000044524,10,1,20,1830,5,1,1,2.0,7.0,80752,M,,,80
201000044525,10,1,25,810,1,2,3,2.0,3.0,80021,M,,,80
201000044526,10,1,25,830,1,2,1,1.0,2.0,80021,M,,,80
201000044527,10,1,29,830,1,2,1,2.0,6.0,80021,M,,,80
201000044528,10,2,2,1845,5,2,2,2.0,3.0,80021,M,,,80
201000044529,10,2,3,1845,5,2,1,1.0,6.0,80021,M,,,80
201000044530,10,2,5,1125,1,2,2,1.0,1.0,80021,M,,,80
201000044531,10,2,5,800,1,2,2,1.0,2.0,80021,M,,,80
201000044532,10,2,4,1730,2,2,1,1.0,6.0,80021,M,,,80
201000044533,10,2,5,1525,1,2,1,1.0,6.0,80021,M,,,80
201000044534,10,2,6,845,1,2,1,1.0,6.0,80021,M,,,80
201000044535,10,2,4,1900,5,2,1,1.0,7.0,80021,M,,,80
201000044536,10,2,9,1420,1,1,1,1.0,7.0,80164,M,,,80
201000044537,10,2,11,1125,1,2,6,4.0,3.0,80021,M,,,80
201000044538,10,2,10,915,1,2,3,4.0,2.0,80021,M,,,80
201000044539,10,2,12,1815,5,2,3,1.0,3.0,80021,M,,,80
201000044540,10,2,12,945,1,2,6,1.0,3.0,80021,M,,,80
201000044541,10,2,12,1230,1,2,5,1.0,6.0,80021,M,,,80
201000044542,10,2,12,820,1,2,1,1.0,1.0,80021,M,,,80
201000044543,10,2,17,1720,1,2,1,1.0,7.0,80021,M,,,80
201000044544,10,2,17,1005,1,2,1,2.0,6.0,80021,M,,,80
201000044545,10,2,17,945,1,2,1,2.0,5.0,80021,M,,,80
201000044546,10,2,18,1905,3,1,1,2.0,1.0,80020,M,,,80
201000044547,10,2,23,1950,5,2,2,2.0,3.0,80489,M,,,80
201000044548,10,2,23,1735,1,1,1,2.0,4.0,80261,M,,,80
201000044549,10,2,22,725,2,2,1,1.0,1.0,80021,M,,,80
201000044550,10,2,24,2020,1,2,1,3.0,2.0,80021,M,,,80
201000044551,10,2,27,1950,5,2,1,1.0,7.0,80021,M,,,80
201000044552,10,2,26,520,5,2,1,2.0,1.0,80021,M,,,80
201000044553,10,3,1,855,1,2,1,1.0,6.0,80021,M,,,80
201000044554,10,3,1,940,1,2,1,1.0,2.0,80021,M,,,80
201000044555,10,3,7,1420,1,2,3,1.0,3.0,80021,M,,,80
201000044556,10,3,7,1010,1,2,1,1.0,1.0,80021,M,,,80
201000044557,10,3,5,1045,1,2,1,1.0,6.0,80021,M,,,80
201000044558,10,3,5,2150,4,2,1,1.0,7.0,80021,M,,,80
201000044559,10,3,4,1257,1,2,1,1.0,2.0,80021,M,,,80
201000044560,10,3,10,1445,1,2,1,1.0,2.0,80021,M,,,80
201000044561,10,3,12,1200,1,2,2,1.0,3.0,80021,M,,,80
201000044562,10,3,12,1815,1,1,1,1.0,2.0,80261,M,,,80
201000044563,10,3,11,1220,1,2,6,1.0,3.0,80021,M,,,80
201000044564,10,3,16,1450,1,2,1,1.0,6.0,80021,M,,,80
201000044565,10,3,19,1640,1,2,1,1.0,6.0,80021,M,,,80
201000044566,10,3,21,1045,1,2,1,1.0,4.0,80021,M,,,80
201000044567,10,3,20,1530,1,2,1,1.0,4.0,80674,M,,,80
201000044568,10,3,22,1945,5,2,3,1.0,3.0,80021,M,,,80
201000044569,10,3,24,1430,1,1,1,1.0,7.0,80489,M,,,80
201000044570,10,3,27,1835,1,2,1,1.0,6.0,80489,M,,,80
201000044571,10,3,29,1010,1,1,1,1.0,7.0,80021,M,,,80
201000044572,10,3,26,1840,1,2,1,1.0,5.0,80021,M,,,80
201000044573,10,3,30,1348,1,2,1,1.0,2.0,80021,M,,,80
201000044574,10,3,30,1950,2,2,1,2.0,6.0,80725,M,,,80
201000044575,10,3,31,1910,1,2,1,2.0,3.0,80021,M,,,80
201000044576,10,3,31,820,1,2,1,1.0,3.0,80021,M,,,80
201000044577,10,3,31,1010,1,2,2,1.0,6.0,80021,M,,,80
201000044578,10,4,5,1615,1,2,3,1.0,3.0,80021,M,,,80
201000044579,10,4,6,950,1,2,1,1.0,6.0,80021,M,,,80
201000044580,10,4,6,1505,1,2,1,1.0,6.0,80021,M,,,80
201000044581,10,4,4,1645,1,2,1,1.0,3.0,80021,M,,,80
201000044582,10,4,2,1720,1,2,1,1.0,7.0,80021,M,,,80
201000044583,10,4,8,930,1,2,1,1.0,3.0,80021,M,,,80
201000044584,10,4,18,2150,5,2,1,1.0,7.0,80021,M,,,80
201000044585,10,4,16,1950,1,2,3,1.0,3.0,80021,M,,,80
201000044586,10,4,17,1345,1,2,1,1.0,6.0,80021,M,,,80
201000044587,10,4,18,2020,1,2,6,1.0,3.0,80021,M,,,80
201000044588,10,4,16,1705,1,2,3,1.0,3.0,80021,M,,,80
201000044589,10,4,16,1545,1,2,1,1.0,2.0,80730,M,,,80
201000044590,10,4,15,1530,1,2,1,1.0,2.0,80021,M,,,80
201000044591,10,4,14,1400,1,2,1,1.0,1.0,80021,M,,,80
201000044592,10,4,12,1050,1,2,1,1.0,6.0,80021,M,,,80
201000044593,10,4,10,1430,1,2,1,1.0,2.0,80724,M,,,80
201000044594,10,4,26,1245,1,1,1,1.0,7.0,80021,M,,,80
201000044595,10,4,26,1210,1,2,1,1.0,6.0,80021,M,,,80
201000044596,10,4,19,1405,1,2,6,1.0,3.0,80021,M,,,80
201000044597,10,4,19,1450,1,2,1,1.0,6.0,80725,M,,,80
201000044598,10,4,20,1350,1,2,3,1.0,3.0,80021,M,,,80
201000044599,10,4,20,1910,1,2,1,1.0,3.0,80021,M,,,80
201000044600,10,4,20,1140,1,2,6,1.0,3.0,80021,M,,,80
201000044601,10,4,20,2050,2,2,6,1.0,6.0,80674,M,,,80
201000044602,10,4,21,1245,1,2,1,1.0,3.0,80489,M,,,80
201000044603,10,4,23,2340,5,2,6,1.0,3.0,80021,M,,,80
201000044604,10,4,22,820,1,2,6,1.0,3.0,80021,M,,,80
201000044605,10,4,22,2035,5,2,2,1.0,3.0,80021,M,,,80
201000044606,10,4,30,1715,1,2,1,1.0,6.0,80021,M,,,80
201000044607,10,5,1,2050,5,2,2,2.0,3.0,80021,M,,,80
201000044608,10,4,29,815,1,2,1,1.0,6.0,80021,M,,,80
201000044609,10,4,29,710,1,2,2,1.0,2.0,80021,M,,,80
201000044610,10,4,27,1200,1,2,1,1.0,6.0,80021,M,,,80
201000044611,10,4,29,1950,1,2,1,1.0,3.0,80021,M,,,80
201000044612,10,5,2,1825,1,2,2,1.0,3.0,80021,M,,,80
201000044613,10,5,3,1305,1,2,1,1.0,1.0,80021,M,,,80
201000044614,10,5,4,1300,1,2,3,1.0,5.0,80021,M,,,80
201000044615,10,5,6,1218,1,2,3,1.0,3.0,80021,M,,,80
201000044616,10,5,10,1945,1,2,1,1.0,3.0,80021,M,,,80
201000044617,10,5,10,1600,1,2,3,1.0,3.0,80021,M,,,80
201000044618,10,5,8,1300,1,2,2,1.0,3.0,80021,M,,,80
201000044619,10,5,8,1050,1,2,1,1.0,3.0,80021,M,,,80
201000044620,10,5,7,1925,1,2,1,1.0,3.0,80021,M,,,80
201000044621,10,5,13,350,5,2,1,1.0,6.0,80021,M,,,80
201000044622,10,5,15,1400,1,2,1,1.0,7.0,80021,M,,,80
201000044623,10,5,16,2245,5,2,2,1.0,5.0,80021,M,,,80
201000044624,10,5,12,1210,1,2,1,1.0,7.0,80021,M,,,80
201000044625,10,5,12,1705,1,2,1,1.0,6.0,80021,M,,,80
201000044626,10,5,12,1830,1,2,3,1.0,3.0,80021,M,,,80
201000044627,10,5,18,1815,1,2,1,1.0,2.0,80021,M,,,80
201000044628,10,5,18,1745,1,2,1,1.0,3.0,80021,M,,,80
201000044629,10,5,18,1820,1,2,1,1.0,7.0,80021,M,,,80
201000044630,10,5,18,845,1,2,1,1.0,4.0,80632,M,,,80
201000044631,10,5,19,1430,1,2,1,1.0,3.0,80021,M,,,80
201000044632,10,5,19,1659,1,2,1,1.0,7.0,80021,M,,,80
201000044633,10,5,19,1840,1,2,2,1.0,1.0,80021,M,,,80
201000044634,10,5,20,1810,1,1,1,1.0,3.0,80256,M,,,80
201000044635,10,5,23,1115,1,1,1,1.0,2.0,80021,M,,,80
201000044636,10,5,22,1905,1,2,3,1.0,3.0,80674,M,,,80
201000044637,10,5,25,1525,1,2,1,1.0,7.0,80164,M,,,80
201000044638,10,5,25,640,1,1,1,1.0,7.0,80164,M,,,80
201000044639,10,5,27,1210,1,2,2,1.0,3.0,80021,M,,,80
201000044640,10,5,27,1450,1,2,1,1.0,6.0,80021,M,,,80
201000044641,10,5,29,115,3,1,1,1.0,2.0,80702,M,,,80
201000044642,10,5,31,10,3,1,1,1.0,6.0,80164,M,,,80
201000044643,10,5,31,2145,5,2,2,1.0,3.0,80021,M,,,80
201000044644,10,5,28,810,1,2,1,1.0,6.0,80256,M,,,80
201000044645,10,5,28,1205,1,2,1,1.0,6.0,80021,M,,,80
201000044646,10,5,30,600,2,2,1,1.0,6.0,80632,M,,,80
201000044647,10,5,30,1950,1,2,4,1.0,1.0,80021,M,,,80
201000044648,10,6,1,1745,1,2,2,1.0,3.0,80021,M,,,80
201000044649,10,6,3,1050,1,2,1,1.0,2.0,80021,M,,,80
201000044650,10,6,5,1030,1,2,1,1.0,6.0,80021,M,,,80
201000044651,10,6,6,1555,1,2,1,1.0,3.0,80021,M,,,80
201000044652,10,6,5,15,5,2,3,1.0,3.0,80021,M,,,80
201000044653,10,6,4,1655,1,2,1,1.0,4.0,80021,M,,,80
201000044654,10,6,8,825,1,2,3,2.0,3.0,80021,M,,,80
201000044655,10,6,8,1845,1,2,1,1.0,6.0,80021,M,,,80
201000044656,10,6,11,1320,1,2,1,1.0,3.0,80021,M,,,80
201000044657,10,6,10,1920,1,1,1,1.0,3.0,80021,M,,,80
201000044658,10,6,10,1505,1,2,3,1.0,3.0,80021,M,,,80
201000044659,10,6,10,800,1,2,2,1.0,6.0,80021,M,,,80
201000044660,10,6,10,2110,2,2,1,1.0,3.0,80021,M,,,80
201000044661,10,6,9,1620,1,2,1,1.0,2.0,80021,M,,,80
201000044662,10,6,16,1955,1,2,2,1.0,3.0,80021,M,,,80
201000044663,10,6,16,1920,1,2,1,1.0,6.0,80021,M,,,80
201000044664,10,6,19,20,5,2,1,1.0,2.0,80021,M,,,80
201000044665,10,6,22,20,5,1,1,1.0,7.0,80489,M,,,80
201000044666,10,6,23,945,1,2,2,1.0,3.0,80021,M,,,80
201000044667,10,6,18,1105,1,2,1,1.0,6.0,80489,M,,,80
201000044668,10,6,18,2235,5,2,1,1.0,7.0,80021,M,,,80
201000044669,10,6,17,1000,1,1,3,1.0,3.0,80164,M,,,80
201000044670,10,6,30,740,1,2,1,1.0,3.0,80256,M,,,80
201000044671,10,7,1,2320,5,2,1,1.0,6.0,80021,M,,,80
201000044672,10,6,28,1745,1,2,1,1.0,7.0,80021,M,,,80
201000044673,10,6,28,1755,1,2,1,1.0,6.0,80021,M,,,80
201000044674,10,6,25,1400,1,2,1,1.0,3.0,80021,M,,,80
201000044675,10,6,27,2040,1,2,1,1.0,6.0,80632,M,,,80
201000044676,10,6,25,1620,1,2,1,1.0,3.0,80021,M,,,80
201000044677,10,6,26,1400,1,2,1,1.0,6.0,80021,M,,,80
201000044678,10,6,26,1420,1,2,1,1.0,3.0,80021,M,,,80
201000044679,10,6,27,1140,1,2,1,1.0,6.0,80021,M,,,80
201000044680,10,6,25,920,1,2,1,1.0,6.0,80021,M,,,80
201000044681,10,6,29,905,1,2,2,1.0,3.0,80021,M,,,80
201000044682,10,6,29,1205,1,2,1,1.0,6.0,80021,M,,,80
201000044683,10,6,29,1635,1,2,1,1.0,3.0,80021,M,,,80
201000044684,10,7,7,1748,1,2,1,1.0,6.0,80021,M,,,80
201000044685,10,7,2,1555,1,2,1,2.0,6.0,80724,M,,,80
201000044686,10,7,2,1610,1,2,1,2.0,3.0,80021,M,,,80
201000044687,10,7,11,1600,1,2,1,1.0,3.0,80021,M,,,80
201000044688,10,7,8,1530,1,2,1,1.0,2.0,80021,M,,,80
201000044689,10,7,11,200,5,2,2,1.0,3.0,80021,M,,,80
201000044690,10,7,3,1510,1,2,1,1.0,4.0,80261,M,,,80
201000044691,10,7,9,2010,1,2,2,1.0,3.0,80021,M,,,80
201000044692,10,7,8,1237,1,1,6,1.0,3.0,80724,M,,,80
201000044693,10,7,14,1300,1,2,2,3.0,3.0,80021,M,,,80
201000044694,10,7,15,1615,1,2,1,1.0,6.0,80021,M,,,80
201000044695,10,7,15,1045,1,1,1,1.0,1.0,80021,M,,,80
201000044696,10,7,19,1300,1,2,1,1.0,7.0,80021,M,,,80
201000044697,10,7,18,2010,1,2,1,1.0,1.0,80021,M,,,80
201000044698,10,7,16,1835,1,2,1,1.0,2.0,80261,M,,,80
201000044699,10,7,21,1750,1,1,1,2.0,7.0,80674,M,,,80
201000044700,10,7,20,2040,1,1,6,1.0,3.0,80489,M,,,80
201000044701,10,7,25,2015,1,2,6,1.0,3.0,80021,M,,,80
201000044702,10,7,27,820,1,2,1,1.0,3.0,80021,M,,,80
201000044703,10,7,27,1035,1,2,1,1.0,6.0,80021,M,,,80
201000044704,10,7,23,853,1,2,1,1.0,6.0,80021,M,,,80
201000044705,10,7,25,2030,1,2,1,1.0,1.0,80379,M,,,80
201000044706,10,7,31,1455,1,1,1,1.0,1.0,80024,M,,,80
201000044707,10,8,6,1620,1,2,1,1.0,6.0,80021,M,,,80
201000044708,10,8,9,1005,1,2,1,1.0,6.0,80021,M,,,80
201000044709,10,8,6,1653,1,2,3,1.0,3.0,80021,M,,,80
201000044710,10,8,5,1625,1,2,1,1.0,2.0,80021,M,,,80
201000044711,10,8,5,1925,1,2,3,1.0,3.0,80021,M,,,80
201000044712,10,8,5,1155,1,2,1,1.0,3.0,80021,M,,,80
201000044713,10,8,11,950,1,2,6,2.0,3.0,80021,M,,,80
201000044714,10,8,11,1800,1,2,1,1.0,6.0,80021,M,,,80
201000044715,10,8,12,1450,1,2,2,1.0,3.0,80021,M,,,80
201000044716,10,8,11,730,1,2,1,1.0,6.0,80021,M,,,80
201000044717,10,8,15,1835,1,1,1,1.0,7.0,80021,M,,,80
201000044718,10,8,26,1625,1,2,2,2.0,5.0,80021,M,,,80
201000044719,10,8,21,1150,1,2,1,1.0,6.0,80021,M,,,80
201000044720,10,8,22,1250,1,2,1,1.0,3.0,80021,M,,,80
201000044721,10,8,27,1145,1,2,1,1.0,6.0,80021,M,,,80
201000044722,10,8,27,1615,1,2,1,2.0,2.0,80021,M,,,80
201000044723,10,8,29,1210,1,2,2,1.0,3.0,80021,M,,,80
201000044724,10,9,1,1820,1,2,1,1.0,4.0,80261,M,,,80
201000044725,10,9,1,1535,1,2,1,1.0,6.0,80021,M,,,80
201000044726,10,9,1,1735,1,2,3,1.0,1.0,80489,M,,,80
201000044727,10,9,2,1540,1,2,1,1.0,3.0,80164,M,,,80
201000044728,10,9,2,1600,1,2,1,1.0,3.0,80724,M,,,80
201000044729,10,9,4,1825,1,2,1,1.0,6.0,80632,M,,,80
201000044730,10,9,3,1655,1,2,1,1.0,4.0,80021,M,,,80
201000044731,10,9,5,940,1,1,1,1.0,7.0,80489,M,,,80
201000044732,10,9,9,1725,1,2,2,1.0,3.0,80021,M,,,80
201000044733,10,9,9,1625,1,1,1,1.0,3.0,80164,M,,,80
201000044734,10,9,9,1710,1,2,1,1.0,6.0,80021,M,,,80
201000044735,10,9,8,1650,1,1,1,2.0,5.0,80725,M,,,80
201000044736,10,9,8,650,2,2,6,3.0,3.0,80021,M,,,80
201000044737,10,9,10,1200,1,2,2,1.0,3.0,80021,M,,,80
201000044738,10,9,12,1815,1,2,1,1.0,6.0,80021,M,,,80
201000044739,10,9,20,840,1,2,1,1.0,3.0,80021,M,,,80
201000044740,10,9,17,1545,1,2,1,1.0,4.0,80021,M,,,80
201000044741,10,9,18,1000,1,2,2,1.0,3.0,80021,M,,,80
201000044742,10,9,19,2120,5,2,1,1.0,3.0,80021,M,,,80
201000044743,10,9,16,1355,1,2,1,1.0,3.0,80256,M,,,80
201000044744,10,9,16,2055,5,2,3,1.0,3.0,80021,M,,,80
201000044745,10,9,15,1715,1,2,1,1.0,6.0,80021,M,,,80
201000044746,10,9,15,1810,1,2,1,1.0,6.0,80021,M,,,80
201000044747,10,9,15,925,1,2,1,1.0,6.0,80021,M,,,80
201000044748,10,9,27,1550,1,2,2,1.0,3.0,80021,M,,,80
201000044749,10,9,25,1700,1,1,1,1.0,7.0,80261,M,,,80
201000044750,10,9,27,835,1,2,1,1.0,6.0,80021,M,,,80
201000044751,10,9,24,2200,5,2,1,2.0,7.0,80021,M,,,80
201000044752,10,9,24,1630,1,1,1,1.0,7.0,80021,M,,,80
201000044753,10,9,23,1830,1,2,1,1.0,6.0,80021,M,,,80
201000044754,10,9,22,1545,1,2,1,1.0,6.0,80021,M,,,80
201000044755,10,9,30,950,1,2,2,1.0,1.0,80021,M,,,80
201000044756,10,9,30,800,1,2,3,2.0,3.0,80021,M,,,80
201000044757,10,9,28,1630,1,2,1,1.0,6.0,80632,M,,,80
201000044758,10,9,29,830,1,2,1,1.0,3.0,80021,M,,,80
201000044759,10,10,3,1955,5,2,2,1.0,3.0,80021,M,,,80
201000044760,10,10,6,1745,1,2,1,1.0,2.0,80021,M,,,80
201000044761,10,10,10,645,5,2,1,1.0,7.0,80021,M,,,80
201000044762,10,10,12,1045,1,2,1,1.0,6.0,80489,M,,,80
201000044763,10,10,12,2000,5,2,1,1.0,3.0,80021,M,,,80
201000044764,10,10,12,850,1,2,1,1.0,1.0,80021,M,,,80
201000044765,10,10,11,1515,1,1,1,1.0,3.0,80021,M,,,80
201000044766,10,10,14,1130,1,2,1,1.0,3.0,80021,M,,,80
201000044767,10,10,16,2020,1,1,1,1.0,1.0,80021,M,,,80
201000044768,10,10,16,1915,2,2,1,1.0,3.0,80021,M,,,80
201000044769,10,10,16,950,1,2,6,1.0,3.0,80379,M,,,80
201000044770,10,10,18,1855,5,2,6,1.0,3.0,80021,M,,,80
201000044771,10,10,20,1310,1,1,1,1.0,3.0,80021,M,,,80
201000044772,10,10,22,1920,5,2,2,1.0,3.0,80021,M,,,80
201000044773,10,10,27,1920,5,2,1,2.0,7.0,80021,M,,,80
201000044774,10,10,28,2033,5,2,2,1.0,3.0,80021,M,,,80
201000044775,10,10,29,750,5,2,1,1.0,6.0,80021,M,,,80
201000044776,10,10,30,1415,1,2,2,1.0,3.0,80021,M,,,80
201000044777,10,11,1,1345,1,2,1,1.0,2.0,80021,M,,,80
201000044778,10,10,27,1830,2,2,1,1.0,2.0,80021,M,,,80
201000044779,10,10,25,800,2,2,2,1.0,3.0,80021,M,,,80
201000044780,10,10,25,2000,5,2,2,1.0,3.0,80021,M,,,80
201000044781,10,10,22,1700,1,2,1,1.0,3.0,80021,M,,,80
201000044782,10,10,22,1710,1,2,1,1.0,3.0,80021,M,,,80
201000044783,10,11,2,1350,1,2,1,1.0,5.0,80021,M,,,80
201000044784,10,11,2,1610,1,2,6,1.0,3.0,80021,M,,,80
201000044785,10,11,4,1250,1,2,3,1.0,3.0,80021,M,,,80
201000044786,10,11,4,1550,1,2,1,1.0,2.0,80021,M,,,80
201000044787,10,11,3,810,1,1,1,2.0,7.0,80131,M,,,80
201000044788,10,11,6,2200,5,2,2,2.0,3.0,80021,M,,,80
201000044789,10,11,8,1410,1,2,1,2.0,6.0,80021,M,,,80
201000044790,10,11,8,1745,5,1,1,3.0,2.0,80021,M,,,80
201000044791,10,11,8,1910,5,2,2,2.0,2.0,80021,M,,,80
201000044792,10,11,9,1525,1,1,1,2.0,2.0,80021,M,,,80
201000044793,10,11,13,2000,5,1,1,3.0,7.0,80021,M,,,80
201000044794,10,11,11,425,5,2,1,1.0,6.0,80021,M,,,80
201000044795,10,11,10,1715,2,1,1,2.0,3.0,80379,M,,,80
201000044796,10,11,10,1520,1,2,1,1.0,6.0,80021,M,,,80
201000044797,10,11,9,1000,1,2,1,2.0,2.0,80021,M,,,80
201000044798,10,11,9,1755,5,2,1,2.0,2.0,80021,M,,,80
201000044799,10,11,9,1850,5,2,1,2.0,2.0,80021,M,,,80
201000044800,10,11,9,2115,5,2,1,2.0,7.0,80021,M,,,80
201000044801,10,11,15,2200,5,2,1,1.0,7.0,80021,M,,,80
201000044802,10,11,16,1745,5,2,1,5.0,6.0,80021,M,,,80
201000044803,10,11,17,1720,5,2,3,1.0,3.0,80021,M,,,80
201000044804,10,11,21,120,5,2,3,1.0,3.0,80021,M,,,80
201000044805,10,11,18,740,5,2,1,2.0,5.0,80674,M,,,80
201000044806,10,11,19,30,5,2,1,1.0,7.0,80021,M,,,80
201000044807,10,11,25,2210,5,2,1,1.0,6.0,80021,M,,,80
201000044808,10,11,25,1730,5,2,1,2.0,6.0,80021,M,,,80
201000044809,10,11,25,1745,5,2,1,1.0,1.0,80489,M,,,80
201000044810,10,11,26,1705,5,2,3,1.0,3.0,80021,M,,,80
201000044811,10,11,28,1155,1,2,6,1.0,3.0,80021,M,,,80
201000044812,10,11,26,1720,5,2,2,1.0,3.0,80021,M,,,80