Num_Acc,an,mois,jour,hrmn,lum,agg,int,atm,col,com,gps,lat,long,dep
201000044813,10,11,26,1330,1,2,1,1.0,3.0,80021,M,,,80
201000044814,10,11,26,800,2,1,1,1.0,5.0,80021,M,,,80
201000044815,10,11,24,1600,1,1,2,1.0,6.0,80725,M,,,80
201000044816,10,11,24,1005,1,2,1,1.0,2.0,80021,M,,,80
201000044817,10,11,24,910,1,2,3,1.0,3.0,80021,M,,,80
201000044818,10,11,29,1630,1,2,1,1.0,6.0,80021,M,,,80
201000044819,10,11,29,2015,5,2,2,1.0,3.0,80021,M,,,80
201000044820,10,12,1,100,5,2,1,1.0,7.0,80021,M,,,80
201000044821,10,12,1,1735,1,2,1,1.0,6.0,80021,M,,,80
201000044822,10,11,30,1305,1,2,1,1.0,6.0,80021,M,,,80
201000044823,10,12,4,1600,1,1,1,4.0,7.0,80702,M,,,80
201000044824,10,12,8,1020,1,2,1,1.0,6.0,80021,M,,,80
201000044825,10,12,7,720,2,2,1,1.0,6.0,80021,M,,,80
201000044826,10,12,7,1700,5,2,1,1.0,6.0,80164,M,,,80
201000044827,10,12,7,1800,5,2,1,1.0,6.0,80021,M,,,80
201000044828,10,12,9,1130,1,2,1,1.0,5.0,80379,M,,,80
201000044829,10,12,13,705,5,2,1,1.0,6.0,80021,M,,,80
201000044830,10,12,13,750,2,2,1,8.0,3.0,80632,M,,,80
201000044831,10,12,13,1100,1,2,2,1.0,6.0,80021,M,,,80
201000044832,10,12,13,750,1,2,2,1.0,3.0,80489,M,,,80
201000044833,10,12,11,155,5,1,1,1.0,7.0,80021,M,,,80
201000044834,10,12,15,830,1,2,2,1.0,5.0,80021,M,,,80
201000044835,10,12,14,830,1,2,1,1.0,6.0,80021,M,,,80
201000044836,10,12,20,1540,1,1,1,4.0,7.0,80021,M,,,80
201000044837,10,12,16,1725,5,2,1,2.0,6.0,80021,M,,,80
201000044838,10,12,16,750,5,2,1,1.0,6.0,80021,M,,,80
201000044839,10,12,23,1110,1,2,1,1.0,6.0,80725,M,,,80
201000044840,10,12,22,1330,1,1,2,1.0,3.0,80164,M,,,80
201000044841,10,12,22,1945,5,2,1,1.0,7.0,80021,M,,,80
201000044842,10,12,28,1745,2,2,1,1.0,6.0,80021,M,,,80
201000044843,10,2,9,715,5,2,1,1.0,3.0,81004,M,4395050.0,212700.0,81
201000044844,10,2,10,1640,1,2,1,1.0,1.0,81004,M,,,81
201000044845,10,2,28,1910,5,1,1,1.0,2.0,81004,M,4393910.0,217075.0,81
201000044846,10,4,6,850,1,1,1,1.0,2.0,81004,M,4392540.0,209398.0,81
201000044847,10,5,12,820,1,2,3,2.0,3.0,81004,M,,,81
201000044848,10,7,8,1530,1,2,1,1.0,3.0,81004,M,4391960.0,213476.0,81
201000044849,10,7,13,1625,1,2,1,1.0,1.0,81004,M,,,81
201000044850,10,9,16,1405,1,2,2,8.0,3.0,81004,M,,,81
201000044851,10,10,21,1740,1,2,1,1.0,3.0,81004,M,,,81
201000044852,10,10,9,1205,1,2,1,1.0,6.0,81004,M,,,81
201000044853,10,10,12,830,1,2,6,1.0,6.0,81004,M,,,81
201000044854,10,5,12,1430,1,2,3,1.0,6.0,81060,M,,,81
201000044855,10,6,22,1750,1,2,4,1.0,3.0,81060,M,4407160.0,216929.0,81
201000044856,10,3,5,2125,5,2,3,1.0,3.0,81065,M,,,81
201000044857,10,4,23,2110,3,1,1,1.0,2.0,81065,M,4361740.0,221184.0,81
201000044858,10,5,2,2215,5,2,3,2.0,3.0,81065,M,4362000.0,223386.0,81
201000044859,10,7,6,1835,1,1,1,7.0,1.0,81065,M,4358080.0,223237.0,81
201000044860,10,9,22,1530,1,2,1,1.0,6.0,81065,M,4361580.0,226869.0,81
201000044861,10,12,9,1140,1,2,1,1.0,6.0,81065,M,4360510.0,223710.0,81
201000044862,10,2,1,1345,1,1,1,1.0,5.0,81105,M,4375710.0,194770.0,81
201000044863,10,5,4,1630,1,2,1,3.0,6.0,81105,M,,,81
201000044864,10,5,25,1030,1,1,1,1.0,6.0,81105,M,4373900.0,202911.0,81
201000044865,10,7,12,1840,1,1,1,1.0,3.0,81105,M,4376600.0,202714.0,81
201000044866,10,7,13,1855,1,2,1,7.0,7.0,81105,M,,,81
201000044867,10,8,15,1530,1,2,1,1.0,6.0,81105,M,,,81
201000044868,10,8,18,1820,1,2,1,7.0,6.0,81105,M,,,81
201000044869,10,9,15,915,1,1,3,1.0,2.0,81105,M,4376620.0,197209.0,81
201000044870,10,9,26,1015,1,1,1,1.0,7.0,81105,M,4373930.0,199567.0,81
201000044871,10,10,19,2220,5,2,1,1.0,6.0,81105,M,,,81
201000044872,10,1,5,1335,1,2,2,2.0,3.0,81021,M,,,81
201000044873,10,1,6,940,2,2,1,1.0,6.0,81163,M,,,81
201000044874,10,2,17,1940,5,2,1,2.0,6.0,81163,M,4350450.0,238008.0,81
201000044875,10,4,9,1700,1,2,1,1.0,6.0,81021,M,4350920.0,237039.0,81
201000044876,10,5,8,1350,1,2,2,1.0,3.0,81163,M,,,81
201000044877,10,5,20,1200,1,2,2,1.0,3.0,81163,M,,,81
201000044878,10,5,26,745,1,2,6,1.0,3.0,81021,M,4350910.0,234052.0,81
201000044879,10,6,23,1105,1,2,1,1.0,6.0,81163,M,,,81
201000044880,10,7,2,1150,1,2,3,1.0,3.0,81163,M,,,81
201000044881,10,7,17,2225,5,2,3,1.0,7.0,81163,M,,,81
201000044882,10,7,22,1750,1,2,1,1.0,6.0,81163,M,4350370.0,238070.0,81
201000044883,10,7,25,230,5,2,1,1.0,6.0,81163,M,,,81
201000044884,10,7,30,1745,1,2,1,1.0,6.0,81021,M,,,81
201000044885,10,8,1,1800,1,2,2,1.0,3.0,81163,M,,,81
201000044886,10,7,28,1610,1,2,3,1.0,2.0,81021,M,,,81
201000044887,10,8,4,700,1,2,1,1.0,6.0,81163,M,,,81
201000044888,10,9,2,2335,5,2,1,1.0,6.0,81163,M,,,81
201000044889,10,9,7,1215,1,2,1,1.0,6.0,81163,M,,,81
201000044890,10,9,26,117,5,2,2,1.0,3.0,81163,M,,,81
201000044891,10,10,6,930,1,2,1,1.0,6.0,81163,M,,,81
201000044892,10,11,1,1430,1,1,1,2.0,6.0,81163,M,4346830.0,236562.0,81
201000044893,10,2,3,1850,3,2,3,1.0,3.0,82033,M,,,82
201000044894,10,3,12,1040,1,2,1,1.0,6.0,82033,M,,,82
201000044895,10,4,25,1705,1,2,3,1.0,3.0,82033,M,,,82
201000044896,10,5,16,305,3,1,3,1.0,1.0,82033,M,,,82
201000044897,10,6,24,1628,1,2,2,1.0,6.0,82033,M,,,82
201000044898,10,6,15,1150,1,2,1,1.0,6.0,82033,M,,,82
201000044899,10,7,26,1935,1,1,1,1.0,5.0,82033,M,,,82
201000044900,10,8,19,1135,1,1,1,1.0,3.0,82033,M,,,82
201000044901,10,7,31,930,1,1,3,1.0,3.0,82033,M,,,82
201000044902,10,9,29,2150,3,1,4,1.0,5.0,82033,M,,,82
201000044903,10,10,12,815,1,1,1,1.0,7.0,82033,M,,,82
201000044904,10,12,15,1105,1,1,1,1.0,6.0,82033,M,,,82
201000044905,10,1,9,800,5,2,6,4.0,6.0,82121,M,,,82
201000044906,10,1,12,1030,1,1,1,1.0,1.0,82121,M,,,82
201000044907,10,1,13,1805,3,2,3,1.0,3.0,82121,M,,,82
201000044908,10,1,14,840,2,2,3,2.0,6.0,82121,M,,,82
201000044909,10,1,15,1745,1,2,1,1.0,6.0,82121,M,,,82
201000044910,10,1,28,1845,5,2,3,2.0,6.0,82121,M,,,82
201000044911,10,2,2,1420,1,2,1,1.0,6.0,82121,M,,,82
201000044912,10,2,6,1255,1,1,1,1.0,3.0,82121,M,,,82
201000044913,10,2,2,1315,1,1,2,1.0,3.0,82121,M,,,82
201000044914,10,2,8,711,2,1,1,1.0,3.0,82121,M,,,82
201000044915,10,2,15,1020,1,1,3,1.0,6.0,82121,M,,,82
201000044916,10,2,17,1900,2,2,2,1.0,3.0,82121,M,,,82
201000044917,10,2,18,1429,1,2,1,1.0,6.0,82121,M,,,82
201000044918,10,2,24,1745,1,2,1,1.0,6.0,82121,M,,,82
201000044919,10,2,26,345,5,2,1,1.0,6.0,82121,M,,,82
201000044920,10,2,28,135,3,1,1,1.0,1.0,82121,M,,,82
201000044921,10,3,2,740,1,2,2,1.0,3.0,82121,M,,,82
201000044922,10,3,6,1750,1,1,1,1.0,3.0,82121,M,,,82
201000044923,10,3,12,1420,1,2,1,1.0,6.0,82121,M,,,82
201000044924,10,3,15,1720,1,2,1,1.0,3.0,82121,M,,,82
201000044925,10,3,17,835,1,2,3,1.0,3.0,82121,M,,,82
201000044926,10,3,17,905,1,2,1,1.0,6.0,82121,M,,,82
201000044927,10,3,24,1710,1,2,1,1.0,3.0,82121,M,,,82
201000044928,10,4,7,1650,1,1,1,1.0,2.0,82121,M,,,82
201000044929,10,4,8,1806,1,1,3,1.0,3.0,82121,M,,,82
201000044930,10,4,3,1310,1,2,1,1.0,4.0,82121,M,,,82
201000044931,10,4,1,1400,1,1,1,1.0,1.0,82121,M,,,82
201000044932,10,4,13,1635,1,2,1,1.0,1.0,82121,M,,,82
201000044933,10,4,26,1625,1,1,1,1.0,6.0,82121,M,,,82
201000044934,10,5,5,1850,1,2,1,3.0,2.0,82121,M,,,82
201000044935,10,5,15,1530,1,2,3,1.0,3.0,82121,M,,,82
201000044936,10,5,22,225,3,2,1,1.0,1.0,82121,M,,,82
201000044937,10,5,30,1700,1,2,7,1.0,6.0,82121,M,,,82
201000044938,10,6,4,1920,1,2,1,1.0,6.0,82121,M,,,82
201000044939,10,6,5,1745,1,1,2,1.0,3.0,82121,M,,,82
201000044940,10,6,13,1805,1,2,2,1.0,6.0,82121,M,,,82
201000044941,10,6,24,1805,1,2,1,1.0,6.0,82121,M,,,82
201000044942,10,6,30,1855,1,1,3,1.0,3.0,82121,M,,,82
201000044943,10,7,5,2010,1,2,1,1.0,3.0,82121,M,,,82
201000044944,10,7,24,1340,1,1,1,1.0,2.0,82121,M,,,82
201000044945,10,8,10,800,1,1,1,1.0,3.0,82121,M,,,82
201000044946,10,8,14,1805,1,2,2,1.0,4.0,82121,M,,,82
201000044947,10,8,24,1605,1,2,2,1.0,3.0,82121,M,,,82
201000044948,10,8,25,1915,1,1,1,1.0,6.0,82121,M,,,82
201000044949,10,8,25,2000,1,1,1,1.0,6.0,82121,M,,,82
201000044950,10,8,30,820,1,1,6,1.0,6.0,82121,M,,,82
201000044951,10,8,30,725,1,1,1,1.0,3.0,82121,M,,,82
201000044952,10,9,1,1840,1,1,2,1.0,5.0,82121,M,,,82
201000044953,10,9,2,820,1,1,1,1.0,6.0,82121,M,,,82
201000044954,10,9,3,829,1,1,1,1.0,6.0,82121,M,,,82
201000044955,10,9,6,2340,5,2,1,1.0,6.0,82121,M,,,82
201000044956,10,9,7,1230,1,2,1,1.0,6.0,82121,M,,,82
201000044957,10,9,17,2305,5,2,1,1.0,6.0,82121,M,,,82
201000044958,10,9,26,1340,1,2,2,1.0,5.0,82121,M,,,82
201000044959,10,9,27,735,1,2,3,1.0,3.0,82121,M,,,82
201000044960,10,9,28,215,5,2,1,1.0,6.0,82121,M,,,82
201000044961,10,9,30,1545,1,2,2,1.0,6.0,82121,M,,,82
201000044962,10,10,1,1850,1,2,1,1.0,6.0,82121,M,,,82
201000044963,10,10,5,1620,1,2,1,1.0,3.0,82121,M,,,82
201000044964,10,10,6,1506,1,1,1,1.0,3.0,82121,M,,,82
201000044965,10,10,7,1350,1,1,2,1.0,3.0,82121,M,,,82
201000044966,10,10,8,1445,1,2,1,1.0,3.0,82121,M,,,82
201000044967,10,10,9,506,5,1,6,1.0,6.0,82121,M,,,82
201000044968,10,10,15,1025,1,2,2,1.0,3.0,82121,M,,,82
201000044969,10,10,16,2050,3,1,3,1.0,3.0,82121,M,,,82
201000044970,10,10,20,2020,5,2,1,1.0,6.0,82121,M,,,82
201000044971,10,10,30,740,2,2,1,1.0,3.0,82121,M,,,82
201000044972,10,11,3,1210,1,2,1,1.0,6.0,82121,M,,,82
201000044973,10,11,3,1150,1,2,1,1.0,6.0,82121,M,,,82
201000044974,10,11,9,1820,2,1,1,1.0,3.0,82121,M,,,82
201000044975,10,11,12,1216,1,1,1,1.0,6.0,82121,M,,,82
201000044976,10,11,13,1535,1,1,1,1.0,3.0,82121,M,,,82
201000044977,10,11,17,1810,1,2,1,1.0,6.0,82121,M,,,82
201000044978,10,11,24,1532,1,2,2,1.0,3.0,82121,M,,,82
201000044979,10,11,29,1130,1,2,3,1.0,3.0,82121,M,,,82
201000044980,10,12,2,925,1,2,6,1.0,6.0,82121,M,,,82
201000044981,10,12,4,100,5,2,1,1.0,6.0,82121,M,,,82
201000044982,10,12,4,1645,1,2,3,1.0,4.0,82121,M,,,82
201000044983,10,12,7,1445,1,2,1,1.0,6.0,82121,M,,,82
201000044984,10,12,13,1015,1,2,1,1.0,3.0,82121,M,,,82
201000044985,10,12,18,310,3,1,1,1.0,6.0,82121,M,,,82
201000044986,10,12,23,1510,1,2,3,1.0,3.0,82121,M,,,82
201000044987,10,12,24,1710,1,2,1,1.0,6.0,82121,M,,,82
201000044988,10,12,24,1915,5,2,1,1.0,6.0,82121,M,,,82
201000044989,10,1,8,750,1,2,1,3.0,6.0,83050,M,,,83
201000044990,10,1,13,1820,5,2,1,1.0,6.0,83050,M,,,83
201000044991,10,1,16,1910,5,2,1,1.0,6.0,83050,M,,,83
201000044992,10,2,2,830,1,1,9,2.0,3.0,83141,M,,,83
201000044993,10,2,9,1255,1,2,6,1.0,3.0,83050,M,,,83
201000044994,10,2,18,1820,3,1,1,1.0,3.0,83050,M,,,83
201000044995,10,4,2,1830,1,2,1,1.0,5.0,83050,M,,,83
201000044996,10,4,13,1600,1,2,1,1.0,1.0,83050,M,,,83
201000044997,10,4,20,2200,5,2,1,1.0,7.0,83050,M,,,83
201000044998,10,5,6,1230,1,2,1,1.0,6.0,83050,M,,,83
201000044999,10,5,21,1545,1,1,1,1.0,6.0,83050,M,,,83
201000045000,10,5,20,1200,1,2,1,1.0,2.0,83050,M,,,83
201000045001,10,5,31,1245,1,2,1,6.0,1.0,83050,M,,,83
201000045002,10,6,3,1455,1,1,1,1.0,7.0,83050,M,,,83
201000045003,10,6,4,2235,5,2,1,1.0,2.0,83050,M,,,83
201000045004,10,6,6,300,5,1,1,1.0,6.0,83050,M,,,83
201000045005,10,6,20,2030,1,2,3,1.0,3.0,83050,M,,,83
201000045006,10,6,19,1215,1,2,1,1.0,6.0,83050,M,,,83
201000045007,10,7,9,1930,1,2,1,1.0,5.0,83050,M,,,83
201000045008,10,7,24,1830,1,2,3,1.0,3.0,83050,M,,,83
201000045009,10,8,3,840,1,2,1,1.0,6.0,83050,M,,,83
201000045010,10,8,19,10,5,2,9,1.0,3.0,83141,M,,,83
201000045011,10,8,20,1300,1,1,3,1.0,1.0,83050,M,,,83
201000045012,10,9,13,2305,3,1,1,1.0,7.0,83050,M,,,83
201000045013,10,9,19,1755,1,2,1,1.0,5.0,83050,M,,,83
201000045014,10,9,20,1535,1,2,2,1.0,3.0,83050,M,,,83
201000045015,10,10,4,2135,3,1,1,2.0,6.0,83050,M,,,83
201000045016,10,10,9,2205,5,2,1,1.0,6.0,83050,M,,,83
201000045017,10,9,29,1050,1,2,6,1.0,3.0,83050,M,,,83
201000045018,10,10,11,1245,1,2,6,3.0,3.0,83050,M,,,83
201000045019,10,10,15,1735,1,2,1,1.0,2.0,83050,M,,,83
201000045020,10,10,30,1410,1,2,1,1.0,6.0,83050,M,,,83
201000045021,10,10,27,920,1,2,1,7.0,6.0,83050,M,,,83
201000045022,10,12,17,1640,1,1,1,1.0,1.0,83050,M,,,83
201000045023,10,12,21,1035,1,2,1,3.0,6.0,83050,M,,,83
201000045024,10,12,11,1137,1,1,1,1.0,3.0,83118,M,,,83
201000045025,10,1,10,10,5,2,1,1.0,6.0,83118,M,,,83
201000045026,10,12,31,1955,5,2,2,1.0,3.0,83061,M,,,83
201000045027,10,1,8,1820,5,2,1,2.0,6.0,83118,M,,,83
201000045028,10,1,11,1500,1,2,1,1.0,6.0,83061,M,,,83
201000045029,10,2,8,1905,5,2,1,1.0,6.0,83118,M,,,83
201000045030,10,2,6,1900,5,2,1,1.0,1.0,83061,M,,,83
201000045031,10,3,3,1840,5,2,1,2.0,6.0,83061,M,,,83
201000045032,10,3,11,1742,1,2,1,1.0,5.0,83118,M,,,83
201000045033,10,3,2,1525,1,2,1,1.0,6.0,83061,M,,,83
201000045034,10,3,16,1315,1,1,1,1.0,2.0,83118,M,,,83
201000045035,10,3,31,1355,1,2,1,1.0,6.0,83061,M,,,83
201000045036,10,3,9,1754,1,2,2,1.0,6.0,83118,M,,,83
201000045037,10,4,9,1430,1,1,1,1.0,7.0,83061,M,,,83
201000045038,10,4,10,805,1,2,1,1.0,3.0,83061,M,,,83
201000045039,10,4,13,1500,1,2,4,1.0,6.0,83118,M,,,83
201000045040,10,3,26,1500,1,1,1,1.0,3.0,83061,M,,,83
201000045041,10,3,4,1610,1,2,1,1.0,3.0,83061,M,,,83
201000045042,10,4,22,1625,1,2,1,1.0,6.0,83118,M,,,83
201000045043,10,4,30,335,5,2,1,1.0,2.0,83061,M,,,83
201000045044,10,4,19,1415,1,2,1,1.0,3.0,83061,M,,,83
201000045045,10,4,21,1815,1,2,1,1.0,6.0,83061,M,,,83
201000045046,10,5,16,1700,1,1,3,1.0,7.0,83061,M,,,83
201000045047,10,5,14,450,2,1,1,1.0,6.0,83061,M,,,83
201000045048,10,5,19,2300,5,2,4,1.0,7.0,83118,M,,,83
201000045049,10,5,17,1330,1,1,1,1.0,3.0,83118,M,,,83
201000045050,10,5,31,1515,1,2,1,1.0,1.0,83061,M,,,83
201000045051,10,6,4,1451,1,2,1,1.0,3.0,83061,M,,,83
201000045052,10,5,25,1450,1,1,3,1.0,1.0,83061,M,,,83
201000045053,10,6,10,1710,1,2,2,1.0,3.0,83118,M,,,83
201000045054,10,5,2,1024,1,2,1,1.0,2.0,83061,M,,,83
201000045055,10,6,18,1550,1,2,1,1.0,3.0,83118,M,,,83
201000045056,10,6,20,915,1,2,1,1.0,6.0,83061,M,,,83
201000045057,10,5,10,1720,1,2,3,1.0,3.0,83061,M,,,83
201000045058,10,5,4,1624,1,2,1,1.0,5.0,83118,M,,,83
201000045059,10,6,12,2330,5,2,1,1.0,1.0,83061,M,4324993.0,643644.0,83
201000045060,10,6,15,1040,1,2,1,3.0,6.0,83061,M,,,83
201000045061,10,7,26,1949,1,2,1,1.0,6.0,83061,M,,,83
201000045062,10,7,14,1750,1,2,1,1.0,2.0,83118,M,,,83
201000045063,10,7,28,842,1,2,1,7.0,6.0,83061,M,,,83
201000045064,10,8,1,1605,1,1,1,1.0,3.0,83118,M,,,83
201000045065,10,7,31,55,5,2,1,1.0,6.0,83061,M,,,83
201000045066,10,8,7,2040,2,1,1,1.0,6.0,83118,M,,,83
201000045067,10,8,6,1935,1,2,1,1.0,2.0,83061,M,,,83
201000045068,10,8,4,640,2,1,1,1.0,1.0,83118,M,,,83
201000045069,10,6,29,2225,5,2,1,1.0,3.0,83061,M,,,83
201000045070,10,8,10,15,5,2,1,1.0,6.0,83061,M,,,83
201000045071,10,7,4,1215,1,1,1,1.0,2.0,83061,M,,,83
201000045072,10,8,20,325,5,2,1,1.0,7.0,83061,M,,,83
201000045073,10,7,24,920,1,2,9,1.0,1.0,83118,M,,,83
201000045074,10,8,20,2105,5,2,2,1.0,5.0,83061,M,,,83
201000045075,10,8,27,320,5,2,1,1.0,6.0,83118,M,,,83
201000045076,10,8,22,1237,1,1,1,1.0,2.0,83118,M,,,83
201000045077,10,8,19,1000,1,2,1,1.0,6.0,83118,M,,,83
201000045078,10,9,11,1030,1,2,1,1.0,6.0,83118,M,,,83
201000045079,10,9,21,2148,5,2,9,1.0,3.0,83061,M,,,83
201000045080,10,9,30,1605,1,2,1,1.0,1.0,83118,M,,,83
201000045081,10,8,25,1025,1,2,1,1.0,3.0,83118,M,,,83
201000045082,10,9,29,1715,1,2,1,1.0,1.0,83061,M,,,83
201000045083,10,10,9,513,5,1,1,9.0,6.0,83118,M,,,83
201000045084,10,9,1,820,1,2,1,1.0,3.0,83061,M,,,83
201000045085,10,9,2,1400,1,1,1,1.0,6.0,83061,M,,,83
201000045086,10,10,27,1900,5,2,1,1.0,6.0,83061,M,,,83
201000045087,10,10,29,2032,5,2,1,1.0,2.0,83061,M,,,83
201000045088,10,11,13,1145,1,2,1,1.0,6.0,83118,M,,,83
201000045089,10,11,15,1515,1,2,1,2.0,3.0,83061,M,,,83
201000045090,10,12,8,1635,1,2,3,8.0,3.0,83061,M,,,83
201000045091,10,12,11,2200,5,2,1,1.0,1.0,83061,M,,,83
201000045092,10,12,12,1800,5,2,1,1.0,6.0,83118,M,,,83
201000045093,10,10,16,1720,1,1,1,1.0,6.0,83061,M,,,83
201000045094,10,12,19,1450,1,2,1,1.0,6.0,83061,M,,,83
201000045095,10,1,8,1710,2,2,1,8.0,6.0,83069,M,,,83
201000045096,10,1,29,1850,4,1,1,1.0,1.0,83069,M,,,83
201000045097,10,2,12,510,5,2,1,1.0,7.0,83069,M,,,83
201000045098,10,2,15,950,1,1,1,1.0,7.0,83069,M,,,83
201000045099,10,2,21,505,5,2,1,1.0,6.0,83069,M,,,83
201000045100,10,3,9,1942,3,1,1,1.0,5.0,83069,M,,,83
201000045101,10,3,4,645,5,2,1,2.0,6.0,83069,M,,,83
201000045102,10,3,8,750,1,2,9,1.0,6.0,83069,M,,,83
201000045103,10,4,5,605,3,1,1,6.0,3.0,83069,M,,,83
201000045104,10,4,13,2240,5,2,1,1.0,6.0,83069,M,,,83
201000045105,10,4,9,2350,5,2,1,1.0,7.0,83069,M,,,83
201000045106,10,4,22,915,1,2,3,1.0,3.0,83069,M,,,83
201000045107,10,4,8,910,1,2,1,3.0,6.0,83069,M,,,83
201000045108,10,3,19,1210,1,2,1,1.0,6.0,83069,M,,,83
201000045109,10,2,8,1935,5,2,1,3.0,6.0,83069,M,,,83
201000045110,10,5,1,1830,1,2,1,1.0,6.0,83069,M,,,83
201000045111,10,5,18,800,1,1,1,1.0,5.0,83069,M,,,83
201000045112,10,5,15,1100,1,2,2,1.0,3.0,83069,M,,,83
201000045113,10,5,25,2240,4,1,1,1.0,3.0,83069,M,,,83
201000045114,10,5,27,1000,1,2,1,1.0,3.0,83069,M,,,83
201000045115,10,6,6,110,5,2,1,1.0,3.0,83069,M,,,83
201000045116,10,6,11,1520,1,2,1,1.0,2.0,83069,M,,,83
201000045117,10,6,27,1910,1,2,1,1.0,6.0,83069,M,,,83
201000045118,10,7,17,410,3,1,1,1.0,7.0,83069,M,,,83
201000045119,10,7,27,1926,1,2,3,1.0,3.0,83069,M,,,83
201000045120,10,7,29,250,5,2,1,1.0,7.0,83069,M,,,83
201000045121,10,8,5,1230,1,2,1,1.0,6.0,83069,M,,,83
201000045122,10,7,10,1740,1,1,1,1.0,3.0,83069,M,,,83
201000045123,10,8,18,320,3,1,1,1.0,7.0,83069,M,,,83
201000045124,10,8,10,1053,1,2,1,1.0,6.0,83069,M,,,83
201000045125,10,7,20,2235,5,2,1,1.0,2.0,83069,M,,,83
201000045126,10,9,14,2110,5,2,1,1.0,3.0,83069,M,,,83
201000045127,10,8,30,1453,1,1,3,1.0,3.0,83069,M,,,83
201000045128,10,9,19,1455,1,2,1,1.0,2.0,83069,M,,,83
201000045129,10,9,25,1550,1,2,1,1.0,1.0,83069,M,,,83
201000045130,10,7,12,1225,1,2,6,1.0,6.0,83069,M,,,83
201000045131,10,10,1,1900,2,1,1,1.0,5.0,83069,M,,,83
201000045132,10,10,1,1300,1,2,2,1.0,3.0,83069,M,,,83
201000045133,10,11,10,930,1,2,1,1.0,5.0,83069,M,,,83
201000045134,10,11,20,725,2,2,1,2.0,3.0,83069,M,,,83
201000045135,10,12,9,1755,5,2,1,6.0,6.0,83069,M,,,83
201000045136,10,2,3,1210,1,2,2,1.0,6.0,83123,M,,,83
201000045137,10,2,5,1305,1,2,1,1.0,1.0,83129,M,,,83
201000045138,10,1,22,900,1,2,1,1.0,7.0,83129,M,,,83
201000045139,10,2,7,155,5,2,1,1.0,2.0,83129,M,,,83
201000045140,10,2,12,1900,3,2,1,1.0,6.0,83129,M,,,83
201000045141,10,3,2,2338,5,2,3,1.0,1.0,83129,M,,,83
201000045142,10,3,10,55,5,2,1,1.0,7.0,83129,M,,,83
201000045143,10,3,15,1625,1,2,1,1.0,3.0,83123,M,,,83
201000045144,10,3,20,1916,3,2,6,1.0,7.0,83123,M,,,83
201000045145,10,4,7,1515,1,2,1,1.0,6.0,83123,M,,,83
201000045146,10,5,3,1100,1,2,1,1.0,6.0,83129,M,,,83
201000045147,10,5,12,840,1,2,6,1.0,3.0,83129,M,,,83
201000045148,10,5,20,835,1,2,3,1.0,3.0,83129,M,,,83
201000045149,10,5,20,1900,1,2,1,1.0,2.0,83123,M,,,83
201000045150,10,5,26,750,1,2,6,7.0,6.0,83123,M,,,83
201000045151,10,5,26,1610,1,2,9,1.0,6.0,83009,M,,,83
201000045152,10,5,31,1650,1,2,1,1.0,6.0,83123,M,,,83
201000045153,10,6,1,1730,1,2,1,1.0,1.0,83129,M,,,83
201000045154,10,6,6,55,5,2,1,1.0,3.0,83129,M,,,83
201000045155,10,6,8,1840,1,2,1,1.0,6.0,83129,M,,,83
201000045156,10,6,18,1535,1,2,1,1.0,6.0,83129,M,,,83
201000045157,10,6,17,1930,1,2,1,1.0,1.0,83009,M,,,83
201000045158,10,6,23,1620,1,2,1,1.0,2.0,83123,M,,,83
201000045159,10,6,27,1830,1,2,3,1.0,3.0,83129,M,,,83
201000045160,10,7,2,1630,1,2,1,1.0,6.0,83129,M,,,83
201000045161,10,6,28,1235,1,1,1,1.0,3.0,83123,M,,,83
201000045162,10,7,6,1250,1,2,1,1.0,2.0,83129,M,,,83
201000045163,10,7,12,2320,5,2,6,1.0,3.0,83129,M,,,83
201000045164,10,7,12,1300,1,2,1,1.0,2.0,83129,M,,,83
201000045165,10,7,17,715,1,2,1,7.0,6.0,83129,M,,,83
201000045166,10,7,27,2020,1,1,1,1.0,5.0,83123,M,,,83
201000045167,10,7,31,110,3,2,1,1.0,5.0,83123,M,,,83
201000045168,10,8,1,110,5,2,1,1.0,7.0,83009,M,,,83
201000045169,10,8,4,720,1,2,1,1.0,6.0,83123,M,,,83
201000045170,10,8,9,1420,1,2,1,1.0,6.0,83009,M,,,83
201000045171,10,8,20,1945,1,2,1,1.0,6.0,83129,M,,,83
201000045172,10,8,21,915,1,2,1,1.0,6.0,83123,M,,,83
201000045173,10,8,25,1520,1,2,1,1.0,1.0,83129,M,,,83
201000045174,10,8,30,1155,1,2,1,1.0,2.0,83009,M,,,83
201000045175,10,9,9,900,1,2,1,7.0,6.0,83123,M,,,83
201000045176,10,9,10,1815,1,2,3,1.0,3.0,83129,M,,,83
201000045177,10,9,12,1805,1,2,1,1.0,6.0,83129,M,,,83
201000045178,10,9,21,735,1,2,1,1.0,5.0,83129,M,,,83
201000045179,10,9,20,1835,2,2,9,7.0,3.0,83129,M,,,83
201000045180,10,9,23,1220,1,2,1,1.0,2.0,83123,M,,,83
201000045181,10,10,14,2045,5,2,1,1.0,3.0,83129,M,,,83
201000045182,10,10,12,850,1,1,1,1.0,1.0,83123,M,,,83
201000045183,10,10,17,250,5,1,1,1.0,6.0,83009,M,,,83
201000045184,10,10,21,1305,1,2,3,1.0,3.0,83129,M,,,83
201000045185,10,10,19,830,1,2,1,1.0,6.0,83123,M,,,83
201000045186,10,10,25,1900,5,2,1,1.0,6.0,83129,M,,,83
201000045187,10,10,30,22,5,2,1,1.0,3.0,83129,M,,,83
201000045188,10,10,30,1720,2,2,1,1.0,1.0,83129,M,,,83
201000045189,10,11,2,1835,5,2,9,1.0,3.0,83129,M,,,83
201000045190,10,11,5,1800,5,2,3,1.0,3.0,83123,M,,,83