Num_Acc,an,mois,jour,hrmn,lum,agg,int,atm,col,com,gps,lat,long,dep
201000045191,10,10,25,2320,5,2,1,1.0,1.0,83129,M,,,83
201000045192,10,11,16,1230,1,2,3,8.0,3.0,83123,M,,,83
201000045193,10,11,19,950,1,2,1,1.0,6.0,83129,M,,,83
201000045194,10,11,24,1545,1,2,1,1.0,6.0,83129,M,,,83
201000045195,10,12,2,1045,1,2,1,1.0,6.0,83009,M,,,83
201000045196,10,12,5,510,5,2,1,1.0,6.0,83129,M,,,83
201000045197,10,12,6,1815,5,2,1,2.0,6.0,83129,M,,,83
201000045198,10,12,10,1600,1,2,1,1.0,6.0,83129,M,,,83
201000045199,10,12,13,1640,2,2,2,1.0,3.0,83129,M,,,83
201000045200,10,12,14,1250,1,2,1,1.0,1.0,83129,M,,,83
201000045201,10,12,17,1745,5,2,1,1.0,2.0,83129,M,,,83
201000045202,10,12,11,1555,1,2,1,1.0,6.0,83009,M,,,83
201000045203,10,12,23,1350,1,2,2,3.0,3.0,83129,M,,,83
201000045204,10,12,30,1835,5,2,1,8.0,6.0,83129,M,,,83
201000045205,10,12,31,1830,5,2,1,1.0,7.0,83123,M,,,83
201000045206,10,12,22,1140,1,2,1,1.0,6.0,83129,M,,,83
201000045207,10,1,1,355,5,2,1,2.0,6.0,83126,M,,,83
201000045208,10,2,14,125,5,2,1,1.0,6.0,83126,M,,,83
201000045209,10,1,17,1710,1,2,1,1.0,7.0,83126,M,,,83
201000045210,10,1,20,1155,1,2,3,1.0,3.0,83126,M,,,83
201000045211,10,1,23,1505,1,2,1,1.0,2.0,83126,M,,,83
201000045212,10,1,28,935,1,2,1,1.0,6.0,83126,M,,,83
201000045213,10,1,27,1707,1,2,1,1.0,6.0,83153,M,,,83
201000045214,10,2,10,1900,5,2,6,1.0,6.0,83126,M,,,83
201000045215,10,2,15,1645,1,2,2,1.0,3.0,83126,M,,,83
201000045216,10,2,19,1613,1,2,1,1.0,6.0,83126,M,,,83
201000045217,10,2,22,945,1,2,1,2.0,2.0,83126,M,,,83
201000045218,10,3,2,1625,1,2,1,1.0,6.0,83126,M,,,83
201000045219,10,3,5,1930,5,2,1,1.0,3.0,83126,M,,,83
201000045220,10,3,9,840,1,2,1,8.0,2.0,83126,M,,,83
201000045221,10,3,24,855,1,1,1,1.0,3.0,83126,M,,,83
201000045222,10,4,1,1335,1,2,1,1.0,3.0,83126,M,,,83
201000045223,10,4,4,1820,1,2,1,1.0,2.0,83126,M,,,83
201000045224,10,4,6,1705,1,2,1,1.0,2.0,83126,M,,,83
201000045225,10,4,7,1345,1,2,1,8.0,6.0,83126,M,,,83
201000045226,10,4,11,1635,1,2,1,1.0,6.0,83126,M,,,83
201000045227,10,4,13,2255,3,1,1,1.0,1.0,83153,M,,,83
201000045228,10,4,14,2240,5,2,5,1.0,3.0,83126,M,,,83
201000045229,10,4,19,820,1,2,1,1.0,3.0,83126,M,,,83
201000045230,10,4,20,1300,1,2,1,1.0,3.0,83126,M,,,83
201000045231,10,4,21,200,5,1,1,1.0,1.0,83126,M,,,83
201000045232,10,4,23,1520,1,2,1,2.0,6.0,83153,M,,,83
201000045233,10,1,15,1125,1,2,1,1.0,2.0,83126,M,,,83
201000045234,10,5,4,735,1,2,1,3.0,6.0,83126,M,,,83
201000045235,10,5,7,1435,1,2,1,1.0,3.0,83126,M,,,83
201000045236,10,5,7,2040,5,2,3,1.0,1.0,83126,M,,,83
201000045237,10,5,10,1345,1,2,1,1.0,6.0,83126,M,,,83
201000045238,10,5,11,1310,1,2,3,1.0,6.0,83126,M,,,83
201000045239,10,5,14,1635,1,2,1,1.0,3.0,83126,M,,,83
201000045240,10,5,14,1720,1,2,1,1.0,3.0,83126,M,,,83
201000045241,10,5,22,1050,1,2,1,1.0,2.0,83126,M,,,83
201000045242,10,5,22,1205,1,2,2,1.0,3.0,83126,M,,,83
201000045243,10,5,26,46,5,1,1,1.0,6.0,83153,M,,,83
201000045244,10,5,26,1130,1,2,1,1.0,3.0,83126,M,,,83
201000045245,10,5,27,1030,1,2,2,1.0,3.0,83126,M,,,83
201000045246,10,5,27,1710,1,2,2,1.0,3.0,83126,M,,,83
201000045247,10,5,27,1748,1,2,6,1.0,3.0,83126,M,,,83
201000045248,10,5,30,1340,1,2,1,1.0,6.0,83126,M,,,83
201000045249,10,5,30,630,1,2,1,1.0,6.0,83126,M,,,83
201000045250,10,6,3,1745,1,2,3,1.0,5.0,83126,M,,,83
201000045251,10,6,5,1120,1,2,1,1.0,1.0,83126,M,,,83
201000045252,10,6,11,850,1,2,3,1.0,3.0,83126,M,,,83
201000045253,10,6,12,1010,1,2,1,1.0,4.0,83126,M,,,83
201000045254,10,6,12,2010,1,1,1,1.0,3.0,83126,M,,,83
201000045255,10,6,16,1115,1,2,1,1.0,2.0,83126,M,,,83
201000045256,10,6,16,1700,1,2,1,1.0,6.0,83126,M,,,83
201000045257,10,6,20,750,1,2,1,1.0,3.0,83126,M,,,83
201000045258,10,6,19,1015,1,2,1,1.0,6.0,83126,M,,,83
201000045259,10,6,21,1800,1,2,3,1.0,3.0,83126,M,,,83
201000045260,10,6,24,850,1,2,1,1.0,4.0,83126,M,,,83
201000045261,10,6,27,925,1,2,1,1.0,1.0,83126,M,,,83
201000045262,10,6,28,715,1,2,1,1.0,3.0,83126,M,,,83
201000045263,10,6,29,905,1,2,1,1.0,2.0,83126,M,,,83
201000045264,10,6,30,1315,1,2,1,1.0,3.0,83126,M,,,83
201000045265,10,6,30,1415,1,2,1,1.0,3.0,83126,M,,,83
201000045266,10,7,8,1955,1,2,1,1.0,3.0,83126,M,,,83
201000045267,10,7,10,1155,1,1,1,1.0,3.0,83126,M,,,83
201000045268,10,7,15,1155,1,2,1,1.0,6.0,83126,M,,,83
201000045269,10,7,27,1705,1,2,1,7.0,1.0,83126,M,,,83
201000045270,10,7,30,1430,1,2,1,1.0,6.0,83126,M,,,83
201000045271,10,8,2,2105,5,2,1,1.0,6.0,83126,M,,,83
201000045272,10,8,4,1910,1,1,1,1.0,6.0,83126,M,,,83
201000045273,10,8,6,2340,5,2,1,1.0,6.0,83126,M,,,83
201000045274,10,8,9,530,2,2,1,1.0,1.0,83126,M,,,83
201000045275,10,8,9,1215,1,2,1,1.0,6.0,83126,M,,,83
201000045276,10,8,26,1235,1,2,1,1.0,7.0,83126,M,,,83
201000045277,10,8,30,830,1,2,4,7.0,6.0,83126,M,,,83
201000045278,10,9,1,1400,1,2,1,1.0,3.0,83126,M,,,83
201000045279,10,9,12,1232,1,2,5,7.0,3.0,83126,M,,,83
201000045280,10,9,14,1610,1,1,1,1.0,5.0,83126,M,,,83
201000045281,10,9,21,1150,1,2,1,1.0,1.0,83153,M,,,83
201000045282,10,9,23,1400,1,2,1,1.0,1.0,83126,M,,,83
201000045283,10,10,12,1115,1,2,1,1.0,2.0,83126,M,,,83
201000045284,10,10,14,1926,1,2,1,1.0,2.0,83126,M,,,83
201000045285,10,10,15,922,1,2,6,9.0,7.0,83126,M,,,83
201000045286,10,10,15,1340,1,2,3,1.0,3.0,83126,M,,,83
201000045287,10,10,18,1740,1,1,2,1.0,1.0,83126,M,,,83
201000045288,10,10,19,1725,1,2,1,1.0,5.0,83126,M,,,83
201000045289,10,11,5,1845,5,2,1,1.0,6.0,83126,M,,,83
201000045290,10,11,24,1720,5,2,1,1.0,3.0,83126,M,,,83
201000045291,10,11,27,1720,4,2,1,1.0,3.0,83126,M,,,83
201000045292,10,12,2,740,1,2,1,1.0,3.0,83126,M,,,83
201000045293,10,12,2,845,1,2,1,1.0,2.0,83126,M,,,83
201000045294,10,12,3,823,1,2,3,1.0,3.0,83126,M,,,83
201000045295,10,12,10,910,1,2,2,1.0,3.0,83126,M,,,83
201000045296,10,12,10,1835,5,2,1,1.0,6.0,83126,M,,,83
201000045297,10,12,10,1621,1,2,1,1.0,3.0,83126,M,,,83
201000045298,10,12,23,2025,5,2,1,2.0,7.0,83126,M,,,83
201000045299,10,12,28,1351,1,2,1,1.0,2.0,83126,M,,,83
201000045300,10,1,3,1250,1,2,3,1.0,3.0,83137,M,,,83
201000045301,10,1,4,2000,5,2,1,1.0,3.0,83137,M,,,83
201000045302,10,1,2,1835,5,2,1,1.0,6.0,83137,M,,,83
201000045303,10,1,11,2345,5,2,4,1.0,3.0,83137,M,,,83
201000045304,10,1,6,1545,1,1,1,1.0,3.0,83090,M,,,83
201000045305,10,1,8,1730,1,2,3,2.0,3.0,83137,M,,,83
201000045306,10,1,17,1130,1,2,1,1.0,2.0,83144,M,,,83
201000045307,10,1,13,1730,2,2,6,1.0,3.0,83090,M,,,83
201000045308,10,1,14,1655,1,2,3,3.0,3.0,83137,M,,,83
201000045309,10,1,10,1500,1,2,1,1.0,1.0,83137,M,,,83
201000045310,10,1,25,1645,1,2,1,2.0,6.0,83144,M,,,83
201000045311,10,1,20,1605,1,2,1,1.0,2.0,83137,M,,,83
201000045312,10,1,23,1118,1,1,1,1.0,1.0,83103,M,,,83
201000045313,10,1,27,955,1,2,9,1.0,3.0,83062,M,,,83
201000045314,10,1,18,815,1,2,1,1.0,2.0,83137,M,,,83
201000045315,10,1,26,1520,1,2,1,1.0,3.0,83137,M,,,83
201000045316,10,1,26,1723,4,2,1,1.0,6.0,83137,M,,,83
201000045317,10,1,31,1640,1,1,1,1.0,2.0,83137,M,,,83
201000045318,10,1,21,1610,1,2,3,1.0,3.0,83062,M,,,83
201000045319,10,1,29,1330,1,2,2,1.0,3.0,83137,M,,,83
201000045320,10,1,30,1500,1,2,1,1.0,7.0,83137,M,,,83
201000045321,10,2,8,1712,1,1,1,1.0,4.0,83137,M,,,83
201000045322,10,2,1,1110,1,2,1,1.0,3.0,83137,M,,,83
201000045323,10,2,5,1620,1,2,1,1.0,3.0,83137,M,,,83
201000045324,10,2,9,1400,1,2,1,1.0,3.0,83137,M,,,83
201000045325,10,2,12,1155,1,2,1,1.0,6.0,83062,M,,,83
201000045326,10,2,16,1546,1,1,1,2.0,6.0,83137,M,,,83
201000045327,10,2,14,1857,5,2,1,1.0,3.0,83137,M,,,83
201000045328,10,2,20,1030,1,2,1,1.0,3.0,83062,M,,,83
201000045329,10,2,10,1820,2,2,3,1.0,3.0,83137,M,,,83
201000045330,10,2,26,1210,1,2,1,1.0,3.0,83062,M,,,83
201000045331,10,2,23,1735,1,2,3,1.0,7.0,83137,M,,,83
201000045332,10,3,1,1930,5,2,1,1.0,6.0,83137,M,,,83
201000045333,10,3,2,1020,1,2,1,1.0,7.0,83137,M,,,83
201000045334,10,3,4,1940,3,1,1,1.0,1.0,83090,M,,,83
201000045335,10,2,26,1650,1,2,1,1.0,6.0,83137,M,,,83
201000045336,10,3,4,1325,1,2,2,1.0,2.0,83137,M,,,83
201000045337,10,3,6,1030,1,1,1,1.0,3.0,83144,M,,,83
201000045338,10,2,25,1535,1,2,1,1.0,6.0,83137,M,,,83
201000045339,10,3,4,1730,1,1,1,1.0,2.0,83137,M,,,83
201000045340,10,3,5,1240,1,2,1,1.0,2.0,83137,M,,,83
201000045341,10,3,10,745,1,2,3,8.0,3.0,83062,M,,,83
201000045342,10,3,13,1710,1,2,1,1.0,7.0,83062,M,,,83
201000045343,10,3,5,1210,1,2,6,1.0,3.0,83137,M,,,83
201000045344,10,2,13,1430,1,2,9,1.0,6.0,83137,M,,,83
201000045345,10,3,17,1111,1,1,1,1.0,6.0,83137,M,,,83
201000045346,10,3,2,930,1,2,3,1.0,3.0,83137,M,,,83
201000045347,10,3,5,1715,1,2,4,1.0,3.0,83137,M,,,83
201000045348,10,3,6,1330,1,2,3,1.0,1.0,83137,M,,,83
201000045349,10,3,12,1630,1,2,1,1.0,6.0,83137,M,,,83
201000045350,10,3,16,830,1,2,1,1.0,2.0,83137,M,,,83
201000045351,10,3,18,1640,1,2,6,1.0,3.0,83137,M,,,83
201000045352,10,3,20,2200,5,2,1,1.0,3.0,83137,M,,,83
201000045353,10,3,19,1615,1,2,1,1.0,4.0,83090,M,,,83
201000045354,10,3,9,1630,1,2,1,8.0,5.0,83090,M,,,83
201000045355,10,3,12,755,1,2,1,1.0,2.0,83137,M,,,83
201000045356,10,3,13,810,1,2,3,1.0,1.0,83137,M,,,83
201000045357,10,3,15,1700,1,2,1,1.0,3.0,83137,M,,,83
201000045358,10,3,17,1340,1,2,1,1.0,3.0,83144,M,,,83
201000045359,10,3,25,815,1,2,1,1.0,6.0,83062,M,,,83
201000045360,10,3,24,1040,1,2,1,1.0,6.0,83137,M,,,83
201000045361,10,3,31,1615,1,2,1,1.0,1.0,83137,M,,,83
201000045362,10,3,5,1730,1,2,1,1.0,6.0,83137,M,,,83
201000045363,10,3,18,1600,1,2,1,1.0,4.0,83137,M,,,83
201000045364,10,3,25,1205,1,2,1,1.0,6.0,83137,M,,,83
201000045365,10,3,27,1750,1,2,1,1.0,6.0,83137,M,,,83
201000045366,10,3,29,1515,1,2,1,1.0,3.0,83137,M,,,83
201000045367,10,3,30,1410,1,2,1,1.0,2.0,83090,M,,,83
201000045368,10,3,25,845,1,2,1,2.0,6.0,83137,M,,,83
201000045369,10,4,1,530,5,2,3,1.0,3.0,83090,M,,,83
201000045370,10,4,1,845,1,2,3,1.0,4.0,83137,M,,,83
201000045371,10,4,1,1035,1,2,1,1.0,2.0,83137,M,,,83
201000045372,10,3,30,1755,1,2,2,1.0,3.0,83137,M,,,83
201000045373,10,3,31,1210,1,2,1,1.0,6.0,83137,M,,,83
201000045374,10,4,2,1135,1,2,1,1.0,3.0,83090,M,,,83
201000045375,10,4,15,815,1,2,1,1.0,3.0,83137,M,,,83
201000045376,10,3,20,1145,1,2,3,1.0,1.0,83137,M,,,83
201000045377,10,4,9,2010,2,2,1,1.0,3.0,83062,M,,,83
201000045378,10,1,1,310,5,2,1,2.0,2.0,83137,M,,,83
201000045379,10,4,18,1520,1,2,1,1.0,6.0,83137,M,,,83
201000045380,10,4,14,1430,1,2,1,1.0,3.0,83137,M,,,83
201000045381,10,4,15,1335,1,2,1,1.0,3.0,83137,M,,,83
201000045382,10,4,16,700,1,2,1,1.0,3.0,83137,M,,,83
201000045383,10,4,5,1300,1,2,7,1.0,3.0,83137,M,,,83
201000045384,10,4,18,1955,2,2,1,1.0,2.0,83137,M,,,83
201000045385,10,4,20,1225,1,2,1,1.0,6.0,83137,M,,,83
201000045386,10,4,20,1050,1,2,1,1.0,3.0,83137,M,,,83
201000045387,10,4,16,1130,1,2,1,1.0,6.0,83137,M,,,83
201000045388,10,4,24,1410,1,2,1,1.0,6.0,83137,M,,,83
201000045389,10,4,26,1320,1,2,1,1.0,6.0,83062,M,,,83
201000045390,10,4,27,1650,1,2,2,1.0,7.0,83144,M,,,83
201000045391,10,4,23,955,1,2,1,1.0,4.0,83137,M,,,83
201000045392,10,4,30,1220,1,2,1,1.0,3.0,83062,M,,,83
201000045393,10,4,30,1550,1,2,1,1.0,6.0,83137,M,,,83
201000045394,10,5,5,905,1,2,9,1.0,6.0,83144,M,,,83
201000045395,10,5,6,1500,1,2,1,1.0,6.0,83137,M,,,83
201000045396,10,5,4,1800,1,2,3,1.0,3.0,83137,M,,,83
201000045397,10,4,19,730,1,2,1,1.0,2.0,83137,M,,,83
201000045398,10,4,22,1910,1,2,1,1.0,3.0,83137,M,,,83
201000045399,10,4,29,1830,1,2,3,1.0,3.0,83137,M,,,83
201000045400,10,5,6,1430,1,2,1,1.0,4.0,83137,M,,,83
201000045401,10,5,13,2220,5,2,2,1.0,3.0,83137,M,,,83
201000045402,10,4,29,750,1,2,1,1.0,3.0,83137,M,,,83
201000045403,10,5,11,708,2,2,3,1.0,3.0,83137,M,,,83
201000045404,10,5,11,1220,1,2,1,2.0,6.0,83062,M,,,83
201000045405,10,5,12,1745,1,2,1,1.0,3.0,83062,M,,,83
201000045406,10,5,12,2150,5,2,1,1.0,3.0,83137,M,,,83
201000045407,10,5,12,2015,2,2,1,8.0,2.0,83137,M,,,83
201000045408,10,5,17,1000,1,2,2,1.0,2.0,83062,M,,,83
201000045409,10,5,15,1130,1,1,1,1.0,7.0,83090,M,,,83
201000045410,10,4,5,2233,3,2,1,1.0,6.0,83137,M,,,83
201000045411,10,4,17,500,5,2,1,1.0,3.0,83090,M,,,83
201000045412,10,5,5,1350,1,2,1,1.0,6.0,83137,M,,,83
201000045413,10,5,11,1530,1,2,9,1.0,3.0,83090,M,,,83
201000045414,10,5,19,2000,1,2,9,1.0,6.0,83137,M,,,83
201000045415,10,5,21,2115,5,2,1,1.0,3.0,83137,M,,,83
201000045416,10,5,23,1630,1,1,1,1.0,2.0,83090,M,,,83
201000045417,10,5,24,100,5,2,6,1.0,3.0,83137,M,,,83
201000045418,10,5,26,2335,5,2,1,1.0,3.0,83062,M,,,83
201000045419,10,5,27,1800,1,2,2,1.0,3.0,83137,M,,,83
201000045420,10,4,10,2000,2,2,1,1.0,3.0,83137,M,,,83
201000045421,10,4,14,1940,5,2,1,1.0,1.0,83137,M,,,83
201000045422,10,4,24,1725,1,2,1,1.0,7.0,83137,M,,,83
201000045423,10,4,21,1045,1,2,1,1.0,3.0,83137,M,,,83
201000045424,10,5,25,1835,1,2,2,1.0,3.0,83137,M,,,83
201000045425,10,5,31,1655,1,2,1,1.0,6.0,83137,M,,,83
201000045426,10,6,3,1210,1,2,9,1.0,3.0,83098,M,,,83
201000045427,10,6,8,2320,3,2,1,1.0,7.0,83098,M,,,83
201000045428,10,6,3,1630,1,2,1,1.0,4.0,83137,M,,,83
201000045429,10,6,7,2240,5,2,1,1.0,3.0,83137,M,,,83
201000045430,10,6,6,815,1,2,3,1.0,6.0,83090,M,,,83
201000045431,10,6,8,1815,1,1,1,1.0,3.0,83090,M,,,83
201000045432,10,6,7,1742,1,2,2,1.0,6.0,83090,M,,,83
201000045433,10,6,9,1730,1,2,1,1.0,3.0,83062,M,,,83
201000045434,10,6,12,1220,1,2,1,1.0,5.0,83137,M,,,83
201000045435,10,5,28,1950,1,2,1,1.0,3.0,83137,M,,,83
201000045436,10,6,22,600,2,2,2,1.0,3.0,83137,M,,,83
201000045437,10,5,30,1205,1,2,1,1.0,6.0,83137,M,,,83
201000045438,10,6,3,2000,1,2,1,1.0,6.0,83137,M,,,83
201000045439,10,6,5,1040,1,2,1,1.0,2.0,83137,M,,,83
201000045440,10,6,18,2100,1,2,2,1.0,2.0,83090,M,,,83
201000045441,10,6,16,1605,1,1,1,1.0,3.0,83137,M,,,83
201000045442,10,6,16,1900,1,2,3,1.0,2.0,83137,M,,,83
201000045443,10,6,17,715,1,2,1,1.0,1.0,83137,M,,,83
201000045444,10,6,9,1415,1,2,1,1.0,2.0,83137,M,,,83
201000045445,10,6,22,1700,1,2,1,1.0,3.0,83137,M,,,83
201000045446,10,5,28,1200,1,2,1,2.0,3.0,83137,M,,,83
201000045447,10,6,21,1710,1,2,1,1.0,1.0,83137,M,,,83
201000045448,10,6,24,1645,1,2,3,1.0,3.0,83137,M,,,83
201000045449,10,6,27,2000,1,2,1,1.0,5.0,83137,M,,,83
201000045450,10,6,24,1220,1,2,1,1.0,3.0,83137,M,,,83
201000045451,10,6,27,2115,3,1,1,1.0,1.0,83098,M,,,83
201000045452,10,6,28,1345,1,2,6,1.0,3.0,83137,M,,,83
201000045453,10,6,28,2230,3,2,3,1.0,3.0,83137,M,,,83
201000045454,10,6,29,945,1,1,1,1.0,6.0,83137,M,,,83
201000045455,10,6,29,1115,1,2,1,1.0,5.0,83137,M,,,83
201000045456,10,5,7,2239,4,2,1,1.0,3.0,83137,M,,,83
201000045457,10,7,5,1835,1,2,3,1.0,6.0,83144,M,,,83
201000045458,10,6,8,1155,1,2,1,1.0,6.0,83062,M,,,83
201000045459,10,6,8,915,1,2,1,1.0,6.0,83137,M,,,83
201000045460,10,6,23,1945,1,2,1,1.0,3.0,83137,M,,,83
201000045461,10,6,28,2215,2,2,2,1.0,3.0,83137,M,,,83
201000045462,10,6,25,1220,1,2,3,1.0,3.0,83137,M,,,83
201000045463,10,6,30,1020,1,1,1,1.0,3.0,83090,M,,,83
201000045464,10,7,3,1840,1,2,1,1.0,3.0,83137,M,,,83
201000045465,10,7,1,835,1,2,9,1.0,6.0,83137,M,,,83
201000045466,10,7,7,2030,1,2,1,1.0,6.0,83137,M,,,83
201000045467,10,7,8,1200,1,2,3,1.0,3.0,83144,M,,,83
201000045468,10,7,12,420,5,2,1,1.0,2.0,83137,M,,,83
201000045469,10,7,2,1200,1,2,1,1.0,3.0,83137,M,,,83
201000045470,10,7,5,1515,1,2,3,1.0,3.0,83144,M,,,83
201000045471,10,7,5,1655,1,2,1,1.0,3.0,83137,M,,,83
201000045472,10,7,11,1740,1,2,1,1.0,4.0,83090,M,,,83
201000045473,10,7,12,910,1,2,3,1.0,1.0,83062,M,,,83
201000045474,10,7,15,1515,1,2,1,1.0,6.0,83137,M,,,83
201000045475,10,7,8,1650,1,2,1,1.0,3.0,83137,M,,,83
201000045476,10,7,14,1340,1,2,2,1.0,3.0,83137,M,,,83
201000045477,10,7,20,2015,2,2,1,1.0,6.0,83137,M,,,83
201000045478,10,7,19,1230,1,2,1,1.0,3.0,83062,M,,,83
201000045479,10,7,20,1245,1,2,1,1.0,2.0,83137,M,,,83
201000045480,10,7,15,2015,2,2,3,1.0,3.0,83137,M,,,83
201000045481,10,7,2,1714,1,2,1,1.0,2.0,83137,M,,,83
201000045482,10,7,12,920,1,2,1,1.0,6.0,83137,M,,,83
201000045483,10,7,12,1945,1,2,9,1.0,6.0,83090,M,,,83
201000045484,10,7,15,1700,1,2,1,1.0,6.0,83137,M,,,83
201000045485,10,7,21,1800,1,2,3,1.0,2.0,83137,M,,,83
201000045486,10,7,23,1445,1,1,3,1.0,6.0,83062,M,,,83
201000045487,10,7,24,2240,5,2,1,1.0,3.0,83062,M,,,83
201000045488,10,7,26,1400,1,2,9,1.0,3.0,83137,M,,,83
201000045489,10,7,28,1915,1,2,1,1.0,6.0,83137,M,,,83
201000045490,10,7,29,1245,1,2,1,1.0,2.0,83062,M,,,83
201000045491,10,7,30,920,1,2,1,1.0,2.0,83137,M,,,83
201000045492,10,7,30,2110,2,2,1,1.0,6.0,83062,M,,,83
201000045493,10,7,31,1240,1,2,1,1.0,2.0,83137,M,,,83
201000045494,10,7,31,1745,1,2,1,1.0,3.0,83137,M,,,83
201000045495,10,8,2,1215,1,2,1,1.0,6.0,83137,M,,,83
201000045496,10,8,2,1730,1,2,1,1.0,3.0,83137,M,,,83
201000045497,10,8,3,1330,1,2,1,1.0,2.0,83137,M,,,83
201000045498,10,8,3,2120,5,1,1,1.0,2.0,83090,M,,,83
201000045499,10,8,4,1430,1,1,1,1.0,2.0,83137,M,,,83
201000045500,10,8,8,50,5,1,1,1.0,1.0,83144,M,,,83
201000045501,10,8,8,930,1,2,3,1.0,3.0,83137,M,,,83
201000045502,10,8,8,1315,1,2,1,1.0,3.0,83137,M,,,83
201000045503,10,8,12,1345,1,2,1,1.0,1.0,83090,M,,,83
201000045504,10,8,12,1230,1,1,2,1.0,3.0,83062,M,,,83
201000045505,10,8,17,1700,1,2,1,1.0,1.0,83090,M,,,83
201000045506,10,8,18,1055,1,2,1,1.0,3.0,83137,M,,,83
201000045507,10,8,15,1203,1,2,7,1.0,3.0,83137,M,,,83
201000045508,10,8,20,328,5,2,9,1.0,6.0,83098,M,,,83
201000045509,10,8,24,720,1,2,1,1.0,6.0,83090,M,,,83
201000045510,10,7,24,915,1,2,1,1.0,6.0,83137,M,,,83
201000045511,10,8,14,1630,1,2,1,1.0,6.0,83137,M,,,83
201000045512,10,8,6,214,3,1,1,1.0,7.0,83090,M,,,83
201000045513,10,8,17,1720,1,2,9,1.0,6.0,83137,M,,,83
201000045514,10,8,26,1245,1,2,1,1.0,2.0,83137,M,,,83
201000045515,10,7,21,1630,1,2,1,1.0,3.0,83144,M,,,83
201000045516,10,8,16,1330,1,2,2,1.0,6.0,83137,M,,,83
201000045517,10,8,23,1620,1,2,1,1.0,2.0,83137,M,,,83
201000045518,10,8,23,1735,1,2,4,1.0,3.0,83137,M,,,83
201000045519,10,8,24,1215,1,2,1,1.0,2.0,83062,M,,,83
201000045520,10,8,25,1755,1,2,1,1.0,3.0,83137,M,,,83
201000045521,10,8,27,1530,1,2,1,1.0,6.0,83137,M,,,83
201000045522,10,8,30,1250,1,2,1,1.0,3.0,83137,M,,,83
201000045523,10,8,10,1140,1,2,1,1.0,2.0,83137,M,,,83
201000045524,10,8,7,1840,1,2,3,1.0,6.0,83137,M,,,83
201000045525,10,9,1,1645,1,2,1,1.0,2.0,83062,M,,,83
201000045526,10,9,1,1650,1,2,1,1.0,2.0,83137,M,,,83
201000045527,10,9,3,1655,1,2,1,1.0,6.0,83137,M,,,83
201000045528,10,9,9,2345,5,2,1,1.0,3.0,83137,M,,,83
201000045529,10,9,10,35,5,2,1,1.0,2.0,83137,M,,,83
201000045530,10,9,12,130,5,2,1,1.0,1.0,83137,M,,,83
201000045531,10,9,14,835,1,2,1,1.0,6.0,83137,M,,,83
201000045532,10,9,3,1500,1,2,1,1.0,3.0,83137,M,,,83
201000045533,10,9,13,1630,1,2,1,1.0,6.0,83137,M,,,83
201000045534,10,9,7,1615,1,2,6,1.0,3.0,83137,M,,,83
201000045535,10,9,15,740,1,2,1,1.0,3.0,83137,M,,,83
201000045536,10,9,20,635,3,1,1,1.0,7.0,83137,M,,,83
201000045537,10,9,9,1745,1,2,1,1.0,3.0,83137,M,,,83
201000045538,10,9,10,1445,1,2,9,1.0,6.0,83137,M,,,83
201000045539,10,9,18,1330,1,2,9,8.0,2.0,83137,M,,,83
201000045540,10,9,19,1935,1,2,1,1.0,3.0,83090,M,,,83
201000045541,10,8,23,1230,1,2,1,1.0,3.0,83137,M,,,83
201000045542,10,8,28,1930,1,2,1,1.0,6.0,83137,M,,,83
201000045543,10,8,30,1627,1,2,1,1.0,3.0,83137,M,,,83
201000045544,10,9,17,1500,1,2,1,1.0,6.0,83137,M,,,83
201000045545,10,9,16,1653,1,2,1,1.0,6.0,83090,M,,,83
201000045546,10,9,21,1540,1,2,1,2.0,6.0,83137,M,,,83
201000045547,10,9,22,1130,1,2,1,1.0,2.0,83137,M,,,83
201000045548,10,9,22,2020,3,2,1,1.0,3.0,83062,M,,,83
201000045549,10,9,25,752,1,2,1,1.0,3.0,83062,M,,,83
201000045550,10,9,25,1430,1,2,3,1.0,3.0,83137,M,,,83
201000045551,10,9,22,750,1,1,1,1.0,3.0,83062,M,,,83
201000045552,10,9,27,755,1,2,2,1.0,3.0,83144,M,,,83
201000045553,10,9,10,924,1,2,1,1.0,6.0,83137,M,,,83
201000045554,10,9,23,1830,1,2,1,1.0,6.0,83137,M,,,83
201000045555,10,9,25,1650,1,2,4,1.0,7.0,83137,M,,,83
201000045556,10,9,27,745,1,2,3,1.0,3.0,83137,M,,,83
201000045557,10,9,28,1757,1,2,1,1.0,3.0,83137,M,,,83
201000045558,10,9,29,2355,3,1,1,1.0,7.0,83144,M,,,83
201000045559,10,9,26,1152,1,1,1,1.0,5.0,83090,M,,,83
201000045560,10,9,29,1520,1,2,4,1.0,3.0,83137,M,,,83
201000045561,10,9,29,1900,1,2,2,1.0,3.0,83137,M,,,83
201000045562,10,10,2,1830,1,2,1,1.0,3.0,83137,M,,,83
201000045563,10,10,5,825,1,2,1,1.0,6.0,83137,M,,,83
201000045564,10,10,6,1457,1,2,1,1.0,3.0,83137,M,,,83
201000045565,10,9,29,1230,1,2,1,1.0,3.0,83062,M,,,83
201000045566,10,10,12,935,1,2,1,1.0,6.0,83137,M,,,83
201000045567,10,10,1,1800,1,2,6,1.0,1.0,83090,M,,,83
201000045568,10,10,2,1820,1,2,1,1.0,2.0,83090,M,,,83
201000045569,10,10,15,1125,1,2,2,1.0,6.0,83144,M,,,83
201000045570,10,10,13,2205,5,2,5,1.0,3.0,83137,M,,,83
201000045571,10,10,17,550,5,1,1,1.0,6.0,83090,M,,,83
201000045572,10,10,15,1845,3,2,1,1.0,3.0,83144,M,,,83
201000045573,10,10,16,1930,2,2,1,1.0,6.0,83137,M,,,83
201000045574,10,10,26,1130,1,1,1,1.0,6.0,83137,M,,,83
201000045575,10,10,28,240,5,2,3,1.0,3.0,83137,M,,,83
201000045576,10,10,26,1220,1,2,6,1.0,3.0,83137,M,,,83