Num_Acc,an,mois,jour,hrmn,lum,agg,int,atm,col,com,gps,lat,long,dep
201000045577,10,11,2,2215,5,2,1,1.0,2.0,83137,M,,,83
201000045578,10,10,20,1255,1,2,1,1.0,6.0,83137,M,,,83
201000045579,10,10,27,1650,1,2,3,1.0,3.0,83137,M,,,83
201000045580,10,10,28,1150,1,2,6,1.0,3.0,83137,M,,,83
201000045581,10,11,3,1435,1,2,1,1.0,2.0,83137,M,,,83
201000045582,10,10,27,1310,1,2,1,1.0,6.0,83144,M,,,83
201000045583,10,11,6,1210,1,2,1,1.0,3.0,83137,M,,,83
201000045584,10,10,27,1000,1,2,1,1.0,6.0,83137,M,,,83
201000045585,10,10,27,1220,1,2,1,1.0,7.0,83137,M,,,83
201000045586,10,11,2,800,1,2,1,2.0,6.0,83137,M,,,83
201000045587,10,11,7,1305,1,2,2,1.0,3.0,83137,M,,,83
201000045588,10,11,7,1810,5,1,1,1.0,5.0,83090,M,,,83
201000045589,10,11,8,2000,5,2,1,2.0,6.0,83137,M,,,83
201000045590,10,11,9,1810,4,1,1,8.0,3.0,83090,M,,,83
201000045591,10,10,30,1630,1,2,1,2.0,3.0,83137,M,,,83
201000045592,10,11,7,825,1,2,2,1.0,3.0,83144,M,,,83
201000045593,10,11,10,720,2,2,1,3.0,3.0,83062,M,,,83
201000045594,10,11,13,1750,5,2,3,1.0,7.0,83137,M,,,83
201000045595,10,11,14,1750,3,1,1,1.0,6.0,83062,M,,,83
201000045596,10,11,16,805,1,2,1,2.0,6.0,83137,M,,,83
201000045597,10,11,7,2030,3,2,1,1.0,3.0,83137,M,,,83
201000045598,10,11,13,1945,5,2,6,1.0,3.0,83137,M,,,83
201000045599,10,11,19,1440,1,2,1,1.0,2.0,83137,M,,,83
201000045600,10,11,19,1620,2,2,1,1.0,6.0,83137,M,,,83
201000045601,10,11,22,855,1,2,1,1.0,2.0,83062,M,,,83
201000045602,10,11,23,1205,1,2,1,1.0,5.0,83062,M,,,83
201000045603,10,11,20,1140,1,2,1,1.0,6.0,83144,M,,,83
201000045604,10,11,25,1800,3,2,1,3.0,6.0,83137,M,,,83
201000045605,10,11,28,1145,1,1,1,1.0,6.0,83090,M,,,83
201000045606,10,11,27,1345,1,2,1,2.0,6.0,83137,M,,,83
201000045607,10,11,17,1645,2,2,6,1.0,2.0,83137,M,,,83
201000045608,10,11,18,1815,5,2,1,1.0,4.0,83137,M,,,83
201000045609,10,12,2,940,1,1,3,1.0,3.0,83090,M,,,83
201000045610,10,11,26,1010,1,2,6,1.0,3.0,83137,M,,,83
201000045611,10,11,12,1700,1,2,3,1.0,3.0,83137,M,,,83
201000045612,10,11,26,715,1,2,1,1.0,4.0,83137,M,,,83
201000045613,10,12,9,730,2,2,1,1.0,6.0,83062,M,,,83
201000045614,10,11,10,1730,3,2,1,1.0,2.0,83090,M,,,83
201000045615,10,12,8,1710,2,2,1,1.0,3.0,83137,M,,,83
201000045616,10,11,19,1130,1,2,4,1.0,5.0,83137,M,,,83
201000045617,10,12,11,1045,1,1,1,1.0,5.0,83090,M,,,83
201000045618,10,12,13,1815,5,1,2,1.0,3.0,83137,M,,,83
201000045619,10,11,28,1300,1,2,1,2.0,3.0,83137,M,,,83
201000045620,10,12,10,940,1,2,1,1.0,5.0,83137,M,,,83
201000045621,10,12,14,1830,5,2,1,1.0,3.0,83137,M,,,83
201000045622,10,12,15,1445,1,2,3,1.0,3.0,83090,M,,,83
201000045623,10,11,28,1745,5,2,6,2.0,3.0,83137,M,,,83
201000045624,10,12,7,1210,1,2,1,8.0,3.0,83137,M,,,83
201000045625,10,12,11,1456,1,2,1,2.0,5.0,83137,M,,,83
201000045626,10,12,15,2100,3,2,2,3.0,6.0,83137,M,,,83
201000045627,10,12,16,1841,5,2,6,1.0,2.0,83144,M,,,83
201000045628,10,12,27,720,1,2,2,1.0,3.0,83062,M,,,83
201000045629,10,12,21,600,5,2,1,2.0,3.0,83137,M,,,83
201000045630,10,12,25,148,3,2,1,1.0,7.0,83137,M,,,83
201000045631,10,12,21,1730,2,2,6,3.0,3.0,83137,M,,,83
201000045632,10,12,21,2100,3,2,1,3.0,6.0,83062,M,,,83
201000045633,10,12,21,1205,1,2,1,2.0,1.0,83137,M,,,83
201000045634,10,12,24,1215,1,2,1,6.0,3.0,83137,M,,,83
201000045635,10,12,9,930,1,2,1,1.0,7.0,83137,M,,,83
201000045636,10,12,4,1330,1,2,3,1.0,3.0,83137,M,,,83
201000045637,10,12,17,2030,5,2,2,1.0,3.0,83137,M,,,83
201000045638,10,12,16,1520,1,2,1,1.0,3.0,83137,M,,,83
201000045639,10,1,4,745,5,2,1,2.0,2.0,84007,M,,,84
201000045640,10,1,4,1405,1,2,1,1.0,3.0,84007,M,,,84
201000045641,10,1,5,1700,1,2,1,1.0,6.0,84007,M,,,84
201000045642,10,1,7,820,1,2,1,1.0,3.0,84007,M,,,84
201000045643,10,1,7,840,1,2,1,1.0,1.0,84007,M,,,84
201000045644,10,1,10,1215,1,1,1,1.0,6.0,84007,M,,,84
201000045645,10,1,15,810,1,2,1,1.0,6.0,84007,M,,,84
201000045646,10,1,15,1330,1,2,1,1.0,5.0,84007,M,,,84
201000045647,10,1,18,1330,1,2,1,1.0,2.0,84007,M,,,84
201000045648,10,1,19,1550,1,2,1,1.0,3.0,84007,M,,,84
201000045649,10,1,21,1305,1,2,1,1.0,4.0,84007,M,,,84
201000045650,10,1,21,1545,1,2,1,1.0,6.0,84007,M,,,84
201000045651,10,1,25,1720,1,2,1,1.0,3.0,84007,M,,,84
201000045652,10,1,27,2020,3,2,1,1.0,6.0,84007,M,,,84
201000045653,10,1,28,730,2,1,1,1.0,3.0,84007,M,,,84
201000045654,10,1,28,1505,1,1,1,1.0,6.0,84007,M,,,84
201000045655,10,1,28,1100,1,2,1,1.0,6.0,84007,M,,,84
201000045656,10,1,28,2140,5,1,1,1.0,6.0,84007,M,,,84
201000045657,10,1,28,2320,5,2,1,1.0,3.0,84007,M,,,84
201000045658,10,1,29,1630,1,2,1,1.0,3.0,84007,M,,,84
201000045659,10,2,1,1614,1,2,1,1.0,6.0,84007,M,,,84
201000045660,10,2,8,710,5,2,1,1.0,7.0,84007,M,,,84
201000045661,10,2,3,1415,1,2,1,1.0,6.0,84007,M,,,84
201000045662,10,2,3,1500,1,1,1,1.0,4.0,84007,M,,,84
201000045663,10,2,3,950,1,2,1,1.0,3.0,84007,M,,,84
201000045664,10,2,4,745,1,2,1,1.0,3.0,84007,M,,,84
201000045665,10,2,4,2120,5,2,1,2.0,3.0,84007,M,,,84
201000045666,10,2,7,1850,1,1,1,1.0,6.0,84007,M,,,84
201000045667,10,2,7,1940,5,2,1,1.0,3.0,84007,M,,,84
201000045668,10,2,9,1800,2,2,1,2.0,3.0,84007,M,,,84
201000045669,10,2,12,1202,1,1,1,1.0,6.0,84007,M,,,84
201000045670,10,2,15,1900,3,2,1,1.0,3.0,84007,M,,,84
201000045671,10,2,15,1520,1,2,1,1.0,2.0,84007,M,,,84
201000045672,10,2,19,1900,5,2,1,1.0,1.0,84007,M,,,84
201000045673,10,2,22,1900,1,2,1,1.0,3.0,84007,M,,,84
201000045674,10,2,26,1115,1,2,1,1.0,2.0,84007,M,,,84
201000045675,10,2,26,1555,1,2,1,1.0,1.0,84007,M,,,84
201000045676,10,3,4,1220,1,1,1,1.0,2.0,84007,M,,,84
201000045677,10,3,5,625,4,2,1,1.0,5.0,84007,M,,,84
201000045678,10,3,5,520,2,2,6,1.0,7.0,84007,M,,,84
201000045679,10,3,12,1310,1,2,1,1.0,3.0,84007,M,,,84
201000045680,10,3,12,1747,1,1,1,1.0,2.0,84007,M,,,84
201000045681,10,3,14,1425,1,2,1,1.0,3.0,84007,M,,,84
201000045682,10,3,16,1825,1,2,1,1.0,4.0,84007,M,,,84
201000045683,10,3,17,745,1,2,1,1.0,5.0,84007,M,,,84
201000045684,10,3,17,830,1,2,1,1.0,4.0,84007,M,,,84
201000045685,10,3,17,910,1,2,1,1.0,3.0,84007,M,,,84
201000045686,10,3,17,1115,1,2,1,1.0,6.0,84007,M,,,84
201000045687,10,3,18,1145,1,2,2,1.0,6.0,84007,M,,,84
201000045688,10,3,19,825,1,2,1,1.0,2.0,84007,M,,,84
201000045689,10,3,19,1250,1,2,1,1.0,1.0,84007,M,,,84
201000045690,10,3,19,1910,2,2,1,1.0,6.0,84007,M,,,84
201000045691,10,3,22,1310,1,2,1,1.0,3.0,84007,M,,,84
201000045692,10,3,22,1355,1,1,1,2.0,1.0,84007,M,,,84
201000045693,10,3,20,1310,1,2,1,1.0,1.0,84007,M,,,84
201000045694,10,3,26,2000,5,2,1,1.0,3.0,84007,M,,,84
201000045695,10,3,26,2155,5,2,2,1.0,3.0,84007,M,,,84
201000045696,10,3,27,2210,4,2,6,1.0,3.0,84007,M,,,84
201000045697,10,3,28,1850,2,2,3,1.0,3.0,84007,M,,,84
201000045698,10,4,5,305,5,2,1,1.0,6.0,84007,M,,,84
201000045699,10,4,5,1310,1,2,2,1.0,3.0,84007,M,,,84
201000045700,10,4,4,913,1,2,1,1.0,6.0,84007,M,,,84
201000045701,10,4,11,650,2,2,1,1.0,3.0,84007,M,,,84
201000045702,10,4,12,910,1,2,2,1.0,3.0,84007,M,,,84
201000045703,10,4,19,1710,1,1,1,1.0,3.0,84007,M,,,84
201000045704,10,4,21,2345,5,2,3,1.0,6.0,84007,M,,,84
201000045705,10,4,23,830,1,2,3,1.0,3.0,84007,M,,,84
201000045706,10,4,23,1510,1,2,1,1.0,6.0,84007,M,,,84
201000045707,10,4,25,2315,5,1,1,1.0,6.0,84007,M,,,84
201000045708,10,4,26,210,5,2,1,1.0,6.0,84007,M,,,84
201000045709,10,5,3,1630,1,2,1,1.0,6.0,84007,M,,,84
201000045710,10,5,4,1630,1,2,6,1.0,6.0,84007,M,,,84
201000045711,10,5,5,1620,1,2,1,2.0,2.0,84007,M,,,84
201000045712,10,5,6,1105,1,2,1,1.0,3.0,84007,M,,,84
201000045713,10,5,7,735,1,2,1,1.0,4.0,84007,M,,,84
201000045714,10,5,11,1030,1,2,2,2.0,3.0,84007,M,,,84
201000045715,10,5,19,1130,1,2,1,1.0,3.0,84007,M,,,84
201000045716,10,5,21,1440,1,2,1,1.0,6.0,84007,M,,,84
201000045717,10,5,29,9,5,2,1,1.0,6.0,84007,M,,,84
201000045718,10,5,29,1910,1,2,1,1.0,3.0,84007,M,,,84
201000045719,10,6,14,1235,1,2,1,1.0,6.0,84007,M,,,84
201000045720,10,6,12,1200,1,2,2,1.0,3.0,84007,M,,,84
201000045721,10,6,26,1350,1,2,1,1.0,3.0,84007,M,,,84
201000045722,10,7,25,845,1,2,1,1.0,6.0,84007,M,,,84
201000045723,10,8,14,1520,1,1,1,1.0,1.0,84007,M,,,84
201000045724,10,7,18,2115,1,2,3,1.0,6.0,84007,M,,,84
201000045725,10,9,4,810,1,2,1,1.0,7.0,84007,M,,,84
201000045726,10,9,7,1630,1,2,1,1.0,2.0,84007,M,,,84
201000045727,10,9,13,2130,3,1,1,1.0,1.0,84007,M,,,84
201000045728,10,9,12,1723,1,2,1,1.0,5.0,84007,M,,,84
201000045729,10,9,17,1120,1,2,1,1.0,1.0,84007,M,,,84
201000045730,10,10,1,1745,1,2,1,1.0,6.0,84007,M,,,84
201000045731,10,10,21,1430,1,2,1,1.0,6.0,84007,M,,,84
201000045732,10,11,23,1755,5,2,1,1.0,6.0,84007,M,,,84
201000045733,10,12,2,1950,5,2,1,1.0,6.0,84007,M,,,84
201000045734,10,9,29,1835,1,2,3,1.0,3.0,84007,M,,,84
201000045735,10,12,13,1520,1,2,3,1.0,3.0,84007,M,,,84
201000045736,10,12,17,1335,1,2,1,1.0,6.0,84007,M,,,84
201000045737,10,12,14,2035,5,2,2,1.0,1.0,84007,M,,,84
201000045738,10,12,26,530,5,2,1,6.0,6.0,84007,M,,,84
201000045739,10,2,13,1340,1,1,1,1.0,1.0,84031,M,,,84
201000045740,10,3,6,1325,1,2,1,1.0,3.0,84080,M,,,84
201000045741,10,3,21,1910,5,1,1,1.0,6.0,84031,M,,,84
201000045742,10,3,19,1325,1,2,1,1.0,6.0,84031,M,,,84
201000045743,10,4,26,1420,1,2,9,1.0,3.0,84031,M,,,84
201000045744,10,7,15,1520,1,2,1,1.0,2.0,84031,M,,,84
201000045745,10,7,27,1515,1,2,1,1.0,3.0,84031,M,,,84
201000045746,10,8,17,1345,1,2,1,1.0,3.0,84031,M,,,84
201000045747,10,9,24,1720,1,1,3,8.0,3.0,84031,M,,,84
201000045748,10,10,26,1245,1,2,1,1.0,3.0,84031,M,,,84
201000045749,10,11,7,1750,3,1,1,1.0,1.0,84080,M,,,84
201000045750,10,11,8,2215,5,2,3,1.0,3.0,84031,M,,,84
201000045751,10,11,25,1030,1,1,1,1.0,6.0,84031,M,,,84
201000045752,10,11,23,1100,1,1,1,1.0,1.0,84031,M,,,84
201000045753,10,2,20,2200,3,1,1,1.0,6.0,84080,M,,,84
201000045754,10,2,6,1404,1,1,3,1.0,3.0,84035,M,,,84
201000045755,10,5,3,225,3,1,1,1.0,6.0,84035,M,,,84
201000045756,10,5,9,1515,1,1,1,1.0,6.0,84035,M,,,84
201000045757,10,6,15,755,1,2,1,3.0,3.0,84035,M,,,84
201000045758,10,6,26,1900,1,2,2,1.0,3.0,84035,M,,,84
201000045759,10,6,28,1918,1,1,2,1.0,3.0,84035,M,,,84
201000045760,10,7,30,1737,1,2,1,1.0,3.0,84035,M,,,84
201000045761,10,9,1,1845,1,1,1,1.0,1.0,84035,M,,,84
201000045762,10,9,5,2010,2,2,1,1.0,6.0,84035,M,,,84
201000045763,10,11,5,1535,1,2,1,1.0,3.0,84035,M,,,84
201000045764,10,11,6,1935,5,2,1,1.0,6.0,84035,M,,,84
201000045765,10,7,10,523,2,2,1,1.0,6.0,84035,M,,,84
201000045766,10,9,9,800,1,1,3,1.0,2.0,84035,M,,,84
201000045767,10,12,21,1840,2,1,2,1.0,3.0,84035,M,,,84
201000045768,10,10,17,210,5,2,1,1.0,6.0,84035,M,,,84
201000045769,10,1,16,1910,5,2,3,1.0,3.0,84087,M,,,84
201000045770,10,1,21,1630,1,2,3,1.0,6.0,84087,M,,,84
201000045771,10,2,26,1140,1,1,1,1.0,5.0,84087,M,,,84
201000045772,10,3,16,1715,1,2,1,1.0,6.0,84087,M,,,84
201000045773,10,3,22,1945,1,1,3,1.0,6.0,84087,M,,,84
201000045774,10,3,23,750,1,2,3,1.0,3.0,84087,M,,,84
201000045775,10,3,23,1450,1,2,1,1.0,6.0,84087,M,,,84
201000045776,10,3,26,1440,1,1,1,1.0,2.0,84087,M,,,84
201000045777,10,4,2,600,5,2,1,1.0,6.0,84087,M,,,84
201000045778,10,4,18,1635,1,2,1,1.0,6.0,84087,M,,,84
201000045779,10,6,1,1815,1,2,1,1.0,6.0,84087,M,,,84
201000045780,10,6,24,1415,1,1,1,1.0,3.0,84087,M,,,84
201000045781,10,9,3,2230,3,1,1,1.0,7.0,84087,M,,,84
201000045782,10,9,30,1040,1,2,1,1.0,3.0,84087,M,,,84
201000045783,10,11,1,2140,3,1,1,1.0,6.0,84087,M,,,84
201000045784,10,12,16,945,1,1,1,1.0,6.0,84087,M,,,84
201000045785,10,12,18,1520,1,2,1,1.0,6.0,84087,M,,,84
201000045786,10,1,7,1700,1,2,3,1.0,6.0,84089,M,,,84
201000045787,10,3,15,1615,1,2,1,1.0,2.0,84089,M,,,84
201000045788,10,4,15,950,1,2,1,1.0,3.0,84089,M,,,84
201000045789,10,6,14,1935,1,2,2,1.0,2.0,84089,M,,,84
201000045790,10,7,5,1420,1,2,1,1.0,3.0,84089,M,,,84
201000045791,10,8,14,1620,1,1,1,8.0,3.0,84089,M,,,84
201000045792,10,10,29,2115,5,2,1,1.0,1.0,84089,M,,,84
201000045793,10,11,6,1140,1,2,1,1.0,6.0,84089,M,,,84
201000045794,10,12,17,2055,3,1,2,2.0,7.0,84089,M,,,84
201000045795,10,1,1,720,1,2,6,1.0,6.0,85191,M,,,85
201000045796,10,1,26,1825,3,1,1,1.0,3.0,85191,M,,,85
201000045797,10,2,3,1025,1,2,1,8.0,6.0,85191,M,4666161.0,-140286.0,85
201000045798,10,2,26,1438,1,2,6,1.0,2.0,85191,M,,,85
201000045799,10,3,4,1700,1,2,1,1.0,6.0,85191,M,4666691.0,-142479.0,85
201000045800,10,3,19,1030,1,2,1,1.0,6.0,85191,M,4664806.0,-143653.0,85
201000045801,10,4,24,1845,1,2,3,1.0,3.0,85191,M,4667673.0,-144198.0,85
201000045802,10,5,12,1900,1,1,2,1.0,3.0,85191,M,,,85
201000045803,10,5,18,2145,1,2,9,1.0,6.0,85191,M,4667188.0,-144372.0,85
201000045804,10,5,31,815,1,1,1,2.0,3.0,85191,M,,,85
201000045805,10,6,4,755,1,2,3,1.0,7.0,85191,M,,,85
201000045806,10,6,5,20,5,2,6,1.0,3.0,85191,M,4665960.0,-144037.0,85
201000045807,10,6,7,605,3,1,1,1.0,1.0,85191,M,,,85
201000045808,10,6,30,1720,1,1,1,1.0,6.0,85191,M,,,85
201000045809,10,7,15,1,5,2,4,8.0,3.0,85191,M,,,85
201000045810,10,7,20,839,1,2,3,1.0,6.0,85191,M,,,85
201000045811,10,7,13,1220,1,2,6,1.0,3.0,85191,M,,,85
201000045812,10,8,6,1130,1,2,1,7.0,6.0,85191,M,4666036.0,-142392.0,85
201000045813,10,9,11,1825,1,1,1,1.0,3.0,85191,M,,,85
201000045814,10,9,18,1537,1,2,9,1.0,3.0,85191,M,4666027.0,-142383.0,85
201000045815,10,10,1,900,1,2,1,2.0,1.0,85191,M,,,85
201000045816,10,10,9,1715,1,2,1,1.0,3.0,85191,M,,,85
201000045817,10,10,8,1530,1,2,1,1.0,7.0,85191,M,,,85
201000045818,10,9,16,730,1,2,1,1.0,2.0,85191,M,4667145.0,-142312.0,85
201000045819,10,10,25,1555,1,2,6,1.0,3.0,85191,M,,,85
201000045820,10,11,3,2140,5,2,1,2.0,3.0,85191,M,,,85
201000045821,10,11,17,1900,5,2,1,8.0,3.0,85191,M,4667138.0,-142108.0,85
201000045822,10,1,4,1030,1,2,1,9.0,6.0,85060,M,4650771.0,-174726.0,85
201000045823,10,1,3,1900,5,2,1,1.0,6.0,85194,M,4649929.0,-177591.0,85
201000045824,10,1,22,1745,3,1,1,1.0,6.0,85166,M,,,85
201000045825,10,1,26,155,5,2,1,2.0,6.0,85060,M,4650086.0,-177178.0,85
201000045826,10,1,29,1840,4,2,6,1.0,3.0,85166,M,,,85
201000045827,10,2,5,1845,5,2,9,1.0,3.0,85166,M,,,85
201000045828,10,2,9,1030,1,2,1,1.0,6.0,85194,M,4649987.0,-178522.0,85
201000045829,10,2,10,1740,1,2,2,1.0,6.0,85194,M,4649761.0,-178250.0,85
201000045830,10,2,11,1925,5,2,1,1.0,5.0,85166,M,4650639.0,-176771.0,85
201000045831,10,2,11,2045,5,2,2,1.0,3.0,85194,M,4649091.0,-176850.0,85
201000045832,10,2,27,415,5,2,1,2.0,6.0,85194,M,4649626.0,-179411.0,85
201000045833,10,3,6,1910,5,2,2,1.0,3.0,85166,M,,,85
201000045834,10,3,7,840,1,1,1,1.0,6.0,85060,M,,,85
201000045835,10,3,9,945,1,2,1,1.0,6.0,85166,M,,,85
201000045836,10,3,15,1950,5,2,1,1.0,6.0,85194,M,4649225.0,-176116.0,85
201000045837,10,3,26,1430,1,2,6,1.0,7.0,85194,M,,,85
201000045838,10,4,15,900,1,2,1,1.0,3.0,85166,M,,,85
201000045839,10,4,18,140,5,2,6,1.0,1.0,85166,M,4651419.0,-177759.0,85
201000045840,10,4,24,2055,1,2,2,1.0,3.0,85166,M,,,85
201000045841,10,5,7,1152,1,2,1,1.0,6.0,85166,M,,,85
201000045842,10,5,9,1430,1,2,1,3.0,6.0,85060,M,4650410.0,-173546.0,85
201000045843,10,5,15,1940,1,1,1,1.0,6.0,85166,M,,,85
201000045844,10,5,16,930,1,2,6,1.0,3.0,85166,M,,,85
201000045845,10,5,28,955,1,2,2,1.0,3.0,85194,M,,,85
201000045846,10,6,9,1020,1,2,6,1.0,3.0,85166,M,,,85
201000045847,10,6,21,1645,1,2,3,1.0,3.0,85166,M,,,85
201000045848,10,6,30,920,1,2,1,1.0,3.0,85060,M,4649332.0,-174914.0,85
201000045849,10,7,1,2230,2,2,2,1.0,3.0,85166,M,4650580.0,-177539.0,85
201000045850,10,7,7,1720,1,2,1,1.0,6.0,85194,M,4649455.0,-178252.0,85
201000045851,10,7,13,1800,1,2,1,1.0,3.0,85194,M,4650302.0,-178728.0,85
201000045852,10,7,19,1625,1,1,2,1.0,3.0,85060,M,,,85
201000045853,10,8,6,215,5,2,1,1.0,6.0,85060,M,,,85
201000045854,10,8,14,330,5,2,3,1.0,2.0,85060,M,4649009.0,-175802.0,85
201000045855,10,8,25,437,5,2,1,1.0,6.0,85194,M,4650266.0,-179480.0,85
201000045856,10,8,26,1550,1,2,1,1.0,6.0,85194,M,,,85
201000045857,10,8,31,855,1,2,1,1.0,2.0,85194,M,,,85
201000045858,10,9,4,2200,1,2,1,1.0,2.0,85060,M,,,85
201000045859,10,9,13,1405,1,2,6,1.0,3.0,85166,M,,,85
201000045860,10,9,17,1645,1,1,1,1.0,6.0,85060,M,,,85
201000045861,10,10,11,1445,1,2,1,1.0,7.0,85166,M,,,85
201000045862,10,10,13,1040,1,2,1,1.0,6.0,85194,M,,,85
201000045863,10,10,27,2015,5,2,6,1.0,3.0,85166,M,,,85
201000045864,10,11,20,200,3,2,1,3.0,6.0,85166,M,,,85
201000045865,10,11,23,1115,1,2,6,1.0,3.0,85060,M,4650183.0,-175908.0,85
201000045866,10,11,30,900,1,2,2,1.0,3.0,85194,M,4649461.0,-177962.0,85
201000045867,10,12,11,415,5,2,1,1.0,6.0,85194,M,4648622.0,-175955.0,85
201000045868,10,12,11,1605,1,2,2,1.0,3.0,85060,M,4650347.0,-173855.0,85
201000045869,10,12,30,715,5,2,1,1.0,7.0,85166,M,,,85
201000045870,10,1,14,2115,5,2,1,8.0,1.0,86066,M,,,86
201000045871,10,2,15,1525,1,2,1,1.0,6.0,86066,M,,,86
201000045872,10,2,18,1445,1,2,3,1.0,1.0,86066,M,,,86
201000045873,10,3,1,650,5,2,3,1.0,3.0,86066,M,,,86
201000045874,10,3,5,1540,1,2,1,1.0,3.0,86066,M,,,86
201000045875,10,4,2,1220,1,2,4,3.0,3.0,86066,M,,,86
201000045876,10,4,18,2130,5,2,3,1.0,1.0,86066,M,,,86
201000045877,10,4,30,1930,1,2,2,1.0,6.0,86066,M,,,86
201000045878,10,5,7,2217,5,2,1,2.0,6.0,86066,M,,,86
201000045879,10,6,3,900,1,2,1,1.0,2.0,86066,M,,,86
201000045880,10,6,16,1030,1,1,1,1.0,1.0,86066,M,,,86
201000045881,10,6,23,1900,1,2,1,1.0,1.0,86066,M,,,86
201000045882,10,6,28,2050,1,2,6,1.0,3.0,86066,M,,,86
201000045883,10,7,24,1720,1,1,1,1.0,3.0,86066,M,,,86
201000045884,10,8,3,1555,1,2,1,1.0,1.0,86066,M,,,86
201000045885,10,9,4,1430,1,1,2,1.0,3.0,86066,M,,,86
201000045886,10,9,27,1330,1,2,3,1.0,3.0,86066,M,,,86
201000045887,10,10,1,1200,1,2,6,1.0,3.0,86066,M,,,86
201000045888,10,10,11,1740,1,2,6,1.0,3.0,86066,M,,,86
201000045889,10,11,18,1005,1,2,3,2.0,3.0,86066,M,,,86
201000045890,10,11,23,1804,3,1,1,1.0,2.0,86066,M,,,86
201000045891,10,11,26,1820,5,2,1,1.0,6.0,86066,M,,,86
201000045892,10,12,6,1755,5,2,1,1.0,6.0,86066,M,,,86
201000045893,10,1,2,1900,3,2,2,1.0,3.0,86194,M,,,86
201000045894,10,1,7,900,1,1,3,8.0,3.0,86157,M,,,86
201000045895,10,1,14,1255,1,2,2,8.0,3.0,86194,M,,,86
201000045896,10,1,15,2130,3,1,1,1.0,6.0,86133,M,,,86
201000045897,10,1,17,1205,1,2,2,1.0,3.0,86194,M,,,86
201000045898,10,1,19,845,1,2,1,1.0,3.0,86194,M,,,86
201000045899,10,1,24,700,5,2,1,2.0,6.0,86158,M,,,86
201000045900,10,1,24,1825,2,2,1,1.0,1.0,86194,M,,,86
201000045901,10,1,27,1720,1,2,3,1.0,3.0,86194,M,,,86
201000045902,10,2,1,830,2,2,6,1.0,6.0,86194,M,,,86
201000045903,10,2,1,1920,5,2,7,1.0,3.0,86194,M,,,86
201000045904,10,2,4,1040,1,2,1,1.0,6.0,86194,M,,,86
201000045905,10,2,4,2305,5,2,2,1.0,3.0,86194,M,,,86
201000045906,10,2,9,915,1,2,1,4.0,6.0,86194,M,,,86
201000045907,10,2,9,945,1,2,3,4.0,3.0,86214,M,,,86
201000045908,10,2,13,1750,1,2,3,1.0,6.0,86194,M,,,86
201000045909,10,2,15,805,1,2,2,1.0,2.0,86157,M,,,86
201000045910,10,2,15,1730,1,2,6,1.0,6.0,86194,M,,,86
201000045911,10,2,21,20,5,1,6,1.0,6.0,86194,M,,,86
201000045912,10,2,19,1750,1,2,1,1.0,6.0,86194,M,,,86
201000045913,10,2,22,935,1,2,1,1.0,7.0,86194,M,,,86
201000045914,10,2,24,1605,1,2,6,2.0,3.0,86194,M,,,86
201000045915,10,2,24,1620,1,2,1,1.0,6.0,86194,M,,,86
201000045916,10,2,26,1830,2,2,1,1.0,2.0,86158,M,,,86
201000045917,10,2,26,2240,5,2,2,1.0,3.0,86194,M,,,86
201000045918,10,2,27,1115,1,2,1,1.0,6.0,86194,M,,,86
201000045919,10,3,2,1910,3,1,3,1.0,3.0,86157,M,,,86
201000045920,10,3,4,825,1,2,3,1.0,6.0,86041,M,,,86
201000045921,10,3,4,900,1,2,1,1.0,4.0,86157,M,,,86
201000045922,10,3,7,915,1,2,1,1.0,1.0,86194,M,,,86
201000045923,10,3,8,915,1,2,1,7.0,6.0,86194,M,,,86
201000045924,10,3,10,2250,3,1,1,1.0,6.0,86041,M,,,86
201000045925,10,3,12,430,5,2,6,1.0,3.0,86194,M,,,86
201000045926,10,3,15,1140,1,2,1,1.0,2.0,86194,M,,,86
201000045927,10,3,16,1330,1,2,1,1.0,1.0,86194,M,,,86
201000045928,10,3,17,1550,1,1,1,1.0,2.0,86194,M,,,86
201000045929,10,3,17,1930,2,2,3,1.0,3.0,86194,M,,,86
201000045930,10,3,18,2010,5,2,1,1.0,3.0,86194,M,,,86
201000045931,10,3,20,940,1,2,6,1.0,6.0,86157,M,,,86
201000045932,10,3,27,45,5,2,1,3.0,6.0,86194,M,,,86
201000045933,10,3,29,1240,1,2,1,1.0,2.0,86194,M,,,86
201000045934,10,3,30,1810,1,2,1,1.0,2.0,86194,M,,,86
201000045935,10,3,31,755,1,2,1,1.0,6.0,86194,M,,,86
201000045936,10,3,31,1120,1,2,1,1.0,6.0,86194,M,,,86
201000045937,10,4,4,655,5,2,2,1.0,3.0,86194,M,,,86
201000045938,10,4,4,1155,1,2,1,1.0,6.0,86214,M,,,86
201000045939,10,4,6,840,1,2,1,1.0,2.0,86194,M,,,86
201000045940,10,4,8,2116,3,2,1,1.0,6.0,86194,M,,,86
201000045941,10,4,12,1815,1,2,2,1.0,3.0,86214,M,,,86
201000045942,10,4,13,1810,1,2,2,1.0,6.0,86194,M,,,86
201000045943,10,4,14,1645,1,2,1,1.0,3.0,86194,M,,,86
201000045944,10,4,15,1035,1,2,3,1.0,3.0,86194,M,,,86
201000045945,10,4,17,2010,1,2,1,1.0,2.0,86158,M,,,86
201000045946,10,4,17,2055,2,2,1,1.0,6.0,86194,M,,,86
201000045947,10,4,21,100,3,1,1,1.0,1.0,86194,M,,,86
201000045948,10,4,24,2220,5,2,1,1.0,6.0,86133,M,,,86
201000045949,10,4,30,2345,5,2,3,1.0,3.0,86194,M,,,86
201000045950,10,5,2,1620,1,2,1,1.0,3.0,86041,M,,,86
201000045951,10,5,4,1835,1,2,1,1.0,3.0,86194,M,,,86