Num_Acc,an,mois,jour,hrmn,lum,agg,int,atm,col,com,gps,lat,long,dep
201000045952,10,5,6,1235,1,2,2,1.0,3.0,86194,M,,,86
201000045953,10,5,7,1355,1,2,1,1.0,7.0,86194,M,,,86
201000045954,10,5,8,1925,1,2,1,1.0,2.0,86194,M,,,86
201000045955,10,5,11,855,1,2,1,1.0,2.0,86194,M,,,86
201000045956,10,5,11,1345,1,1,6,1.0,3.0,86194,M,,,86
201000045957,10,5,12,1320,1,2,6,1.0,3.0,86194,M,,,86
201000045958,10,5,16,1950,1,2,1,1.0,3.0,86194,M,,,86
201000045959,10,5,19,1955,1,2,2,1.0,3.0,86194,M,,,86
201000045960,10,5,20,1710,1,2,1,1.0,6.0,86194,M,,,86
201000045961,10,5,20,2215,3,1,1,1.0,2.0,86194,M,,,86
201000045962,10,5,27,1545,1,2,3,1.0,3.0,86194,M,,,86
201000045963,10,5,28,325,5,2,1,1.0,6.0,86194,M,,,86
201000045964,10,5,29,145,5,2,3,1.0,3.0,86194,M,,,86
201000045965,10,5,29,1200,1,2,2,1.0,3.0,86194,M,,,86
201000045966,10,5,29,2335,5,2,1,2.0,7.0,86194,M,,,86
201000045967,10,5,30,305,3,1,1,2.0,6.0,86041,M,,,86
201000045968,10,6,2,1130,1,2,3,1.0,1.0,86194,M,,,86
201000045969,10,6,3,1605,1,2,3,1.0,1.0,86157,M,,,86
201000045970,10,6,9,1125,1,2,1,1.0,2.0,86194,M,,,86
201000045971,10,6,11,745,1,2,3,1.0,7.0,86158,M,,,86
201000045972,10,6,11,2110,4,2,2,3.0,6.0,86158,M,,,86
201000045973,10,6,12,2310,5,2,2,1.0,3.0,86214,M,,,86
201000045974,10,6,15,1440,1,2,1,1.0,2.0,86194,M,,,86
201000045975,10,6,15,1620,1,2,1,1.0,3.0,86194,M,,,86
201000045976,10,6,16,1430,1,2,1,1.0,3.0,86194,M,,,86
201000045977,10,6,17,935,1,2,1,1.0,6.0,86194,M,,,86
201000045978,10,6,21,830,1,2,3,1.0,7.0,86194,M,,,86
201000045979,10,6,21,1400,1,2,2,1.0,3.0,86194,M,,,86
201000045980,10,6,21,1550,1,2,2,1.0,3.0,86194,M,,,86
201000045981,10,6,25,1730,1,2,1,1.0,6.0,86194,M,,,86
201000045982,10,7,1,2330,5,2,2,1.0,3.0,86194,M,,,86
201000045983,10,7,6,1020,1,2,1,1.0,6.0,86041,M,,,86
201000045984,10,7,6,2025,1,2,3,2.0,3.0,86194,M,,,86
201000045985,10,7,7,820,1,2,4,1.0,3.0,86158,M,,,86
201000045986,10,7,9,1120,1,2,1,1.0,2.0,86194,M,,,86
201000045987,10,7,10,1845,1,2,1,1.0,6.0,86194,M,,,86
201000045988,10,7,10,2255,3,1,1,1.0,7.0,86214,M,,,86
201000045989,10,7,11,1250,1,2,3,1.0,3.0,86194,M,,,86
201000045990,10,7,13,1230,1,2,1,1.0,6.0,86194,M,,,86
201000045991,10,7,13,1800,1,2,1,1.0,6.0,86194,M,,,86
201000045992,10,7,15,115,5,2,6,1.0,7.0,86194,M,,,86
201000045993,10,7,15,2035,1,2,1,1.0,7.0,86194,M,,,86
201000045994,10,7,20,35,5,2,3,1.0,6.0,86194,M,,,86
201000045995,10,7,30,830,1,2,1,1.0,2.0,86194,M,,,86
201000045996,10,8,2,830,1,2,1,1.0,3.0,86194,M,,,86
201000045997,10,8,5,1845,1,2,2,1.0,3.0,86194,M,,,86
201000045998,10,8,15,2125,5,2,2,1.0,3.0,86194,M,,,86
201000045999,10,8,24,1645,1,1,1,1.0,6.0,86041,M,,,86
201000046000,10,8,24,100,5,2,1,1.0,3.0,86194,M,,,86
201000046001,10,8,25,1740,1,2,1,1.0,2.0,86194,M,,,86
201000046002,10,8,31,1425,1,2,1,1.0,6.0,86088,M,,,86
201000046003,10,9,1,1640,1,2,1,1.0,6.0,86194,M,,,86
201000046004,10,9,2,1000,1,2,2,1.0,3.0,86194,M,,,86
201000046005,10,9,2,1415,1,2,2,1.0,6.0,86194,M,,,86
201000046006,10,9,5,1030,1,2,2,1.0,6.0,86194,M,,,86
201000046007,10,9,6,1810,1,2,2,1.0,3.0,86194,M,,,86
201000046008,10,9,7,1310,1,2,1,1.0,3.0,86194,M,,,86
201000046009,10,9,9,755,1,2,2,1.0,3.0,86027,M,,,86
201000046010,10,9,11,1710,1,2,2,1.0,3.0,86194,M,,,86
201000046011,10,9,12,2105,5,2,2,1.0,2.0,86194,M,,,86
201000046012,10,9,14,350,5,2,2,1.0,7.0,86214,M,,,86
201000046013,10,9,15,755,1,2,2,1.0,3.0,86194,M,,,86
201000046014,10,9,21,655,2,2,1,1.0,3.0,86214,M,,,86
201000046015,10,9,22,2145,3,1,1,1.0,6.0,86194,M,,,86
201000046016,10,9,23,1500,1,2,6,1.0,3.0,86194,M,,,86
201000046017,10,9,23,1710,1,2,2,1.0,3.0,86194,M,,,86
201000046018,10,9,25,2025,5,2,1,1.0,2.0,86194,M,,,86
201000046019,10,10,1,440,3,1,1,1.0,6.0,86194,M,,,86
201000046020,10,10,2,600,5,2,1,1.0,7.0,86194,M,,,86
201000046021,10,10,3,1950,2,2,1,2.0,7.0,86194,M,,,86
201000046022,10,10,4,1345,1,2,1,2.0,6.0,86194,M,,,86
201000046023,10,10,5,1215,1,1,1,2.0,6.0,86158,M,,,86
201000046024,10,10,5,1525,1,2,1,2.0,1.0,86194,M,,,86
201000046025,10,10,5,2220,3,2,1,1.0,6.0,86194,M,,,86
201000046026,10,10,6,1720,1,1,1,1.0,6.0,86194,M,,,86
201000046027,10,10,7,710,2,2,1,1.0,2.0,86194,M,,,86
201000046028,10,10,7,2350,4,1,1,1.0,6.0,86158,M,,,86
201000046029,10,10,12,1600,1,2,1,1.0,3.0,86194,M,,,86
201000046030,10,10,12,1700,1,2,1,1.0,6.0,86194,M,,,86
201000046031,10,10,12,2350,5,2,1,1.0,6.0,86041,M,,,86
201000046032,10,10,13,1215,1,2,3,1.0,4.0,86194,M,,,86
201000046033,10,10,18,2100,5,2,1,1.0,2.0,86214,M,,,86
201000046034,10,10,19,1420,1,2,3,1.0,2.0,86194,M,,,86
201000046035,10,10,21,1230,1,2,1,1.0,3.0,86194,M,,,86
201000046036,10,10,21,1815,1,2,2,1.0,3.0,86214,M,,,86
201000046037,10,10,26,855,1,2,3,1.0,3.0,86194,M,,,86
201000046038,10,10,26,1100,1,2,6,1.0,3.0,86041,M,,,86
201000046039,10,10,31,2055,5,2,3,1.0,7.0,86194,M,,,86
201000046040,10,11,3,1220,1,2,2,1.0,3.0,86194,M,,,86
201000046041,10,11,5,1720,2,2,4,1.0,2.0,86194,M,,,86
201000046042,10,11,6,1555,1,2,1,1.0,3.0,86194,M,,,86
201000046043,10,11,7,755,2,2,1,1.0,6.0,86194,M,,,86
201000046044,10,11,7,1740,5,2,2,2.0,3.0,86194,M,,,86
201000046045,10,11,9,2350,3,2,1,3.0,6.0,86214,M,,,86
201000046046,10,11,10,850,1,2,3,1.0,3.0,86194,M,,,86
201000046047,10,11,12,1205,1,2,2,2.0,2.0,86214,M,,,86
201000046048,10,11,12,1130,1,1,1,2.0,1.0,86214,M,,,86
201000046049,10,11,13,1845,5,2,2,1.0,6.0,86194,M,,,86
201000046050,10,11,15,1200,1,2,1,1.0,7.0,86194,M,,,86
201000046051,10,11,16,2020,5,2,3,1.0,3.0,86194,M,,,86
201000046052,10,11,19,330,5,2,1,2.0,6.0,86194,M,,,86
201000046053,10,11,23,2210,5,2,4,1.0,3.0,86194,M,,,86
201000046054,10,11,24,2035,5,2,1,1.0,2.0,86158,M,,,86
201000046055,10,11,25,1645,1,2,1,1.0,6.0,86194,M,,,86
201000046056,10,12,5,318,5,2,1,1.0,7.0,86214,M,,,86
201000046057,10,12,4,30,5,2,1,1.0,2.0,86194,M,,,86
201000046058,10,12,6,1735,5,2,1,2.0,6.0,86194,M,,,86
201000046059,10,12,7,900,1,2,2,2.0,1.0,86194,M,,,86
201000046060,10,12,9,2050,5,2,2,1.0,3.0,86194,M,,,86
201000046061,10,12,10,1335,1,2,1,1.0,6.0,86194,M,,,86
201000046062,10,12,13,305,3,1,1,1.0,7.0,86041,M,,,86
201000046063,10,12,13,905,1,2,3,1.0,3.0,86194,M,,,86
201000046064,10,12,17,2135,5,2,1,1.0,6.0,86214,M,,,86
201000046065,10,12,23,1410,1,2,1,2.0,6.0,86194,M,,,86
201000046066,10,12,29,1450,1,2,2,1.0,3.0,86194,M,,,86
201000046067,10,12,29,1855,3,1,3,1.0,3.0,86157,M,,,86
201000046068,10,1,1,2053,5,2,3,2.0,2.0,87065,M,4581300.0,133248.0,87
201000046069,10,1,5,733,1,2,1,2.0,1.0,87085,M,,,87
201000046070,10,1,5,740,1,2,3,2.0,3.0,87085,M,,,87
201000046071,10,1,5,1005,1,2,1,2.0,2.0,87065,M,,,87
201000046072,10,1,5,1000,1,2,1,2.0,6.0,87114,M,,,87
201000046073,10,1,6,933,1,2,1,4.0,6.0,87085,M,,,87
201000046074,10,1,6,1944,3,1,1,1.0,6.0,87075,M,4579900.0,120365.0,87
201000046075,10,1,9,1405,1,2,1,4.0,6.0,87085,M,,,87
201000046076,10,1,11,1450,1,2,3,1.0,3.0,87085,M,0.0,0.0,87
201000046077,10,1,11,1611,1,2,1,1.0,6.0,87085,M,,,87
201000046078,10,1,11,1444,1,2,1,1.0,6.0,87085,M,,,87
201000046079,10,1,12,1430,1,2,1,1.0,6.0,87085,M,,,87
201000046080,10,1,12,2155,5,2,1,3.0,6.0,87085,M,,,87
201000046081,10,1,13,752,1,1,1,2.0,6.0,87114,M,,,87
201000046082,10,1,13,931,1,2,6,2.0,3.0,87085,M,,,87
201000046083,10,1,13,1933,5,2,1,1.0,1.0,87114,M,,,87
201000046084,10,1,14,722,5,2,3,2.0,3.0,87085,M,4582550.0,127884.0,87
201000046085,10,1,16,1744,5,2,1,3.0,1.0,87050,M,,,87
201000046086,10,1,17,1943,3,1,1,1.0,7.0,87065,M,,,87
201000046087,10,1,18,755,5,2,1,1.0,7.0,87085,M,,,87
201000046088,10,1,21,303,5,2,1,1.0,6.0,87085,M,,,87
201000046089,10,1,22,1435,1,2,1,1.0,6.0,87085,M,,,87
201000046090,10,1,22,1729,1,2,3,1.0,3.0,87085,M,,,87
201000046091,10,1,26,710,5,1,2,1.0,3.0,87050,M,,,87
201000046092,10,1,26,1610,1,1,1,1.0,6.0,87085,M,4584780.0,129332.0,87
201000046093,10,1,28,805,1,1,1,4.0,5.0,87085,M,,,87
201000046094,10,1,28,1735,2,1,1,4.0,6.0,87065,M,4580120.0,134438.0,87
201000046095,10,1,28,1901,5,1,1,2.0,3.0,87085,M,0.0,0.0,87
201000046096,10,1,29,1306,1,2,1,2.0,3.0,87085,M,,,87
201000046097,10,1,29,1504,1,1,2,2.0,3.0,87050,M,,,87
201000046098,10,1,29,1948,5,2,1,1.0,6.0,87065,M,,,87
201000046099,10,1,29,2024,3,1,1,2.0,2.0,87085,M,0.0,0.0,87
201000046100,10,1,29,2035,5,2,3,2.0,3.0,87085,M,,,87
201000046101,10,1,30,843,1,2,1,8.0,6.0,87075,M,4581600.0,117397.0,87
201000046102,10,2,1,1841,5,2,1,1.0,2.0,87085,M,0.0,0.0,87
201000046103,10,2,2,827,1,1,2,1.0,6.0,87085,M,,,87
201000046104,10,2,3,816,1,1,1,1.0,1.0,87114,M,,,87
201000046105,10,2,3,1213,1,2,1,1.0,6.0,87085,M,4586670.0,129387.0,87
201000046106,10,2,3,2227,4,1,1,1.0,7.0,87085,M,4590510.0,128072.0,87
201000046107,10,2,4,729,5,2,1,1.0,6.0,87085,M,4586620.0,129327.0,87
201000046108,10,2,4,944,1,1,9,1.0,3.0,87075,M,4578250.0,120103.0,87
201000046109,10,2,5,1015,1,2,1,1.0,2.0,87085,M,,,87
201000046110,10,2,5,1127,1,2,2,1.0,3.0,87085,M,,,87
201000046111,10,2,6,617,5,2,1,2.0,6.0,87085,M,,,87
201000046112,10,2,8,655,1,2,2,1.0,3.0,87085,M,4582120.0,126290.0,87
201000046113,10,2,8,1121,1,1,1,1.0,1.0,87050,M,,,87
201000046114,10,2,9,1526,1,2,1,1.0,6.0,87085,M,,,87
201000046115,10,2,10,1705,1,2,1,1.0,6.0,87085,M,,,87
201000046116,10,2,11,728,1,2,9,1.0,3.0,87085,M,4582240.0,121733.0,87
201000046117,10,2,12,1702,1,2,1,1.0,6.0,87085,M,,,87
201000046118,10,2,12,2210,5,2,2,1.0,3.0,87085,M,,,87
201000046119,10,2,17,1328,1,2,1,2.0,7.0,87085,M,,,87
201000046120,10,2,18,1349,1,1,1,1.0,6.0,87085,M,,,87
201000046121,10,2,19,1840,1,2,9,1.0,2.0,87085,M,,,87
201000046122,10,2,21,845,1,2,1,1.0,1.0,87085,M,,,87
201000046123,10,2,23,1457,1,2,1,1.0,4.0,87085,M,,,87
201000046124,10,2,23,1733,2,2,1,1.0,2.0,87085,M,,,87
201000046125,10,2,24,703,1,2,1,2.0,6.0,87114,M,,,87
201000046126,10,2,24,1030,1,2,1,1.0,6.0,87085,M,,,87
201000046127,10,2,25,1655,1,1,1,2.0,7.0,87048,M,4576720.0,123155.0,87
201000046128,10,2,25,1840,5,2,2,3.0,3.0,87065,M,4579400.0,129533.0,87
201000046129,10,2,25,1920,5,2,1,3.0,6.0,87085,M,,,87
201000046130,10,2,27,2231,5,2,1,2.0,6.0,87085,M,,,87
201000046131,10,2,28,1418,1,2,1,2.0,6.0,87075,M,,,87
201000046132,10,2,28,2036,5,2,1,1.0,6.0,87085,M,,,87
201000046133,10,3,1,1121,1,2,4,1.0,3.0,87085,M,,,87
201000046134,10,3,1,1822,5,2,3,1.0,3.0,87085,M,,,87
201000046135,10,3,3,1605,1,2,1,2.0,6.0,87085,M,4581750.0,125275.0,87
201000046136,10,3,4,1144,1,2,1,1.0,2.0,87085,M,,,87
201000046137,10,3,8,1859,1,2,1,1.0,6.0,87085,M,,,87
201000046138,10,3,10,806,1,2,1,4.0,6.0,87085,M,,,87
201000046139,10,3,10,1430,1,1,1,1.0,4.0,87085,M,4587460.0,128800.0,87
201000046140,10,3,10,1915,2,2,3,1.0,3.0,87085,M,,,87
201000046141,10,3,10,2015,5,2,2,1.0,3.0,87085,M,,,87
201000046142,10,3,11,905,1,2,2,1.0,3.0,87085,M,,,87
201000046143,10,3,12,952,1,2,3,1.0,3.0,87085,M,4587170.0,130043.0,87
201000046144,10,3,12,1425,1,2,1,1.0,3.0,87085,M,4581700.0,125161.0,87
201000046145,10,3,12,1445,1,2,1,1.0,5.0,87085,M,,,87
201000046146,10,3,15,1730,1,2,3,1.0,3.0,87085,M,,,87
201000046147,10,3,16,316,5,1,1,1.0,6.0,87065,M,4581650.0,129539.0,87
201000046148,10,3,16,1535,1,2,2,1.0,3.0,87085,M,,,87
201000046149,10,3,16,1740,1,2,2,1.0,3.0,87085,M,,,87
201000046150,10,3,17,730,1,2,1,1.0,6.0,87085,M,,,87
201000046151,10,3,18,1035,1,2,2,1.0,6.0,87085,M,,,87
201000046152,10,3,18,1354,1,2,1,1.0,2.0,87085,M,,,87
201000046153,10,3,18,1735,1,2,1,1.0,3.0,87085,M,,,87
201000046154,10,3,19,1659,1,2,1,2.0,3.0,87085,M,,,87
201000046155,10,3,19,2039,4,2,1,2.0,6.0,87085,M,,,87
201000046156,10,3,20,210,3,2,1,1.0,6.0,87085,M,,,87
201000046157,10,3,20,332,5,2,1,1.0,6.0,87085,M,,,87
201000046158,10,3,20,1627,1,2,1,2.0,6.0,87085,M,,,87
201000046159,10,3,22,1335,1,2,1,1.0,7.0,87085,M,,,87
201000046160,10,3,22,1620,1,2,1,1.0,5.0,87085,M,,,87
201000046161,10,3,22,2050,5,2,3,1.0,3.0,87113,M,4586800.0,132864.0,87
201000046162,10,3,24,845,1,2,2,1.0,3.0,87085,M,4582120.0,126290.0,87
201000046163,10,3,24,1424,1,2,1,1.0,6.0,87085,M,,,87
201000046164,10,3,26,751,1,2,1,1.0,3.0,87065,M,,,87
201000046165,10,3,26,1241,1,1,9,1.0,3.0,87065,M,4579810.0,129571.0,87
201000046166,10,3,26,1859,1,1,3,1.0,3.0,87075,M,,,87
201000046167,10,3,27,1845,1,2,9,1.0,6.0,87113,M,,,87
201000046168,10,3,29,1406,1,2,1,1.0,6.0,87085,M,,,87
201000046169,10,3,29,1808,1,1,1,1.0,4.0,87050,M,4589110.0,126054.0,87
201000046170,10,3,29,1730,1,2,3,1.0,6.0,87085,M,,,87
201000046171,10,3,29,1902,1,2,9,1.0,3.0,87085,M,,,87
201000046172,10,4,1,756,1,2,2,1.0,6.0,87085,M,,,87
201000046173,10,4,1,1602,1,1,1,2.0,2.0,87085,M,0.0,0.0,87
201000046174,10,4,1,1655,1,2,1,2.0,2.0,87085,M,4583200.0,127374.0,87
201000046175,10,4,2,2326,5,2,1,1.0,6.0,87085,M,,,87
201000046176,10,4,3,1605,1,2,1,2.0,4.0,87085,M,,,87
201000046177,10,4,4,1045,1,2,1,1.0,2.0,87085,M,,,87
201000046178,10,4,5,608,5,2,1,1.0,6.0,87085,M,,,87
201000046179,10,4,9,1150,1,1,1,1.0,6.0,87085,M,4587470.0,128799.0,87
201000046180,10,4,12,1902,1,2,2,1.0,3.0,87085,M,,,87
201000046181,10,4,13,216,5,2,1,1.0,6.0,87085,M,,,87
201000046182,10,4,14,1755,1,2,1,1.0,6.0,87050,M,,,87
201000046183,10,4,14,1840,1,2,2,1.0,6.0,87085,M,,,87
201000046184,10,4,15,1808,1,2,1,1.0,6.0,87085,M,,,87
201000046185,10,4,18,1231,1,1,1,1.0,2.0,87085,M,4582240.0,128756.0,87
201000046186,10,4,18,1545,1,2,1,1.0,6.0,87085,M,,,87
201000046187,10,4,18,2205,5,2,2,1.0,3.0,87085,M,4582120.0,126290.0,87
201000046188,10,4,19,400,5,2,1,1.0,6.0,87085,M,,,87
201000046189,10,4,19,1700,1,2,9,1.0,3.0,87085,M,,,87
201000046190,10,4,20,1600,1,2,2,1.0,3.0,87085,M,,,87
201000046191,10,4,20,1735,1,2,2,1.0,3.0,87085,M,,,87
201000046192,10,4,20,1745,1,2,1,1.0,2.0,87085,M,,,87
201000046193,10,4,20,2029,1,2,1,1.0,6.0,87085,M,,,87
201000046194,10,4,21,5,5,2,1,1.0,6.0,87085,M,,,87
201000046195,10,4,21,1805,1,2,3,1.0,3.0,87075,M,,,87
201000046196,10,4,22,1624,1,2,1,1.0,6.0,87085,M,,,87
201000046197,10,4,24,2020,1,2,1,1.0,6.0,87085,M,,,87
201000046198,10,4,25,1632,1,1,1,1.0,6.0,87085,M,,,87
201000046199,10,4,26,1358,1,2,2,1.0,3.0,87085,M,,,87
201000046200,10,4,26,1655,1,2,1,1.0,6.0,87085,M,,,87
201000046201,10,4,27,813,1,2,2,1.0,3.0,87085,M,,,87
201000046202,10,4,27,1355,1,2,1,1.0,4.0,87085,M,,,87
201000046203,10,4,27,1659,1,2,1,1.0,2.0,87085,M,,,87
201000046204,10,4,28,800,1,2,9,1.0,3.0,87085,M,,,87
201000046205,10,4,28,1747,1,2,1,1.0,3.0,87085,M,4582060.0,126185.0,87
201000046206,10,4,29,1247,1,2,1,1.0,5.0,87085,M,,,87
201000046207,10,4,29,1545,1,1,1,1.0,2.0,87085,M,4592000.0,129783.0,87
201000046208,10,4,29,2018,1,2,1,1.0,1.0,87085,M,,,87
201000046209,10,4,30,929,1,1,1,2.0,1.0,87075,M,,,87
201000046210,10,5,1,1315,1,2,9,1.0,3.0,87085,M,,,87
201000046211,10,5,4,940,1,2,1,2.0,6.0,87085,M,,,87
201000046212,10,5,4,1842,1,1,1,2.0,1.0,87085,M,4589600.0,130489.0,87
201000046213,10,5,5,100,5,2,1,3.0,6.0,87085,M,,,87
201000046214,10,5,5,1120,1,2,1,1.0,3.0,87085,M,,,87
201000046215,10,5,6,1046,1,1,1,2.0,6.0,87085,M,4587020.0,128771.0,87
201000046216,10,5,6,2121,5,2,1,1.0,6.0,87085,M,,,87
201000046217,10,5,8,1641,1,2,3,1.0,3.0,87085,M,,,87
201000046218,10,5,11,907,1,2,1,2.0,6.0,87085,M,4580330.0,129255.0,87
201000046219,10,5,11,1628,1,2,1,2.0,6.0,87085,M,,,87
201000046220,10,5,12,2112,2,2,2,1.0,3.0,87085,M,,,87
201000046221,10,5,14,1820,1,1,1,1.0,6.0,87114,M,4583660.0,131987.0,87
201000046222,10,5,15,1445,1,1,1,1.0,1.0,87075,M,,,87
201000046223,10,5,18,1316,1,2,1,1.0,3.0,87113,M,,,87
201000046224,10,5,19,1846,1,2,6,1.0,3.0,87085,M,,,87
201000046225,10,5,19,2046,1,2,2,1.0,3.0,87085,M,,,87
201000046226,10,5,20,1950,2,2,1,1.0,3.0,87085,M,,,87
201000046227,10,5,22,1514,1,2,1,1.0,4.0,87085,M,,,87
201000046228,10,5,24,1422,1,2,1,1.0,2.0,87085,M,,,87
201000046229,10,5,25,1156,1,2,1,1.0,2.0,87085,M,,,87
201000046230,10,5,26,1700,1,2,3,1.0,3.0,87085,M,,,87
201000046231,10,5,26,1730,1,2,1,1.0,3.0,87085,M,,,87
201000046232,10,5,27,951,1,1,1,2.0,1.0,87050,M,4585650.0,124532.0,87
201000046233,10,5,30,1719,1,2,1,1.0,6.0,87085,M,,,87
201000046234,10,5,30,1913,1,1,3,1.0,3.0,87065,M,4579810.0,129571.0,87
201000046235,10,5,30,1822,1,1,1,1.0,6.0,87085,M,4579550.0,129899.0,87
201000046236,10,5,31,1116,1,2,1,2.0,6.0,87085,M,,,87
201000046237,10,6,3,751,1,2,1,1.0,4.0,87085,M,,,87
201000046238,10,6,3,1448,1,2,2,1.0,3.0,87085,M,,,87
201000046239,10,6,3,1544,1,2,1,1.0,2.0,87065,M,,,87
201000046240,10,6,3,1740,1,2,6,1.0,3.0,87085,M,,,87
201000046241,10,6,3,2133,5,2,2,1.0,3.0,87085,M,,,87
201000046242,10,6,4,847,1,2,1,1.0,2.0,87114,M,,,87
201000046243,10,6,4,1603,1,2,1,1.0,6.0,87085,M,,,87
201000046244,10,6,4,1732,1,2,1,1.0,6.0,87113,M,,,87
201000046245,10,6,4,1816,1,2,1,1.0,2.0,87065,M,,,87
201000046246,10,6,5,747,1,2,1,1.0,7.0,87085,M,,,87
201000046247,10,6,5,1457,1,2,1,1.0,1.0,87085,M,,,87
201000046248,10,6,5,1441,1,2,1,1.0,6.0,87085,M,,,87
201000046249,10,6,6,1411,1,1,1,1.0,6.0,87085,M,4585290.0,127624.0,87
201000046250,10,6,8,750,1,1,4,2.0,2.0,87050,M,4589240.0,117756.0,87
201000046251,10,6,9,403,5,2,1,2.0,6.0,87085,M,,,87
201000046252,10,6,10,1615,1,2,1,3.0,6.0,87085,M,,,87
201000046253,10,6,10,1420,1,1,1,3.0,6.0,87085,M,4588170.0,129015.0,87
201000046254,10,6,10,1752,1,1,1,3.0,6.0,87050,M,,,87
201000046255,10,6,11,1445,1,2,1,1.0,2.0,87085,M,,,87
201000046256,10,6,11,1936,1,2,1,3.0,6.0,87085,M,4581760.0,125370.0,87
201000046257,10,6,11,2033,1,2,2,2.0,3.0,87085,M,,,87
201000046258,10,6,12,902,1,2,1,1.0,6.0,87114,M,,,87
201000046259,10,6,14,1220,1,1,1,2.0,1.0,87050,M,4590150.0,123277.0,87
201000046260,10,6,14,1415,1,2,1,1.0,6.0,87085,M,,,87
201000046261,10,6,16,845,1,1,1,3.0,6.0,87075,M,4582030.0,120513.0,87
201000046262,10,6,16,804,1,2,1,3.0,7.0,87085,M,,,87
201000046263,10,6,16,1708,1,2,1,3.0,6.0,87085,M,,,87
201000046264,10,6,16,1852,1,1,1,2.0,3.0,87085,M,4585790.0,128355.0,87
201000046265,10,6,18,1057,1,2,1,1.0,6.0,87085,M,,,87
201000046266,10,6,18,1314,1,2,1,1.0,3.0,87085,M,,,87
201000046267,10,6,21,2102,1,2,1,1.0,6.0,87085,M,,,87
201000046268,10,6,19,1930,1,2,1,1.0,6.0,87085,M,,,87
201000046269,10,6,20,1428,1,2,1,1.0,3.0,87085,M,4585530.0,129347.0,87
201000046270,10,6,21,740,1,2,2,1.0,3.0,87085,M,,,87
201000046271,10,6,21,917,1,2,1,1.0,6.0,87085,M,4582550.0,127108.0,87
201000046272,10,6,21,1455,1,2,1,1.0,6.0,87113,M,4588200.0,131537.0,87
201000046273,10,6,22,1817,1,2,1,1.0,3.0,87114,M,,,87
201000046274,10,6,23,1216,1,2,1,1.0,6.0,87085,M,,,87
201000046275,10,6,23,1139,1,2,1,1.0,3.0,87085,M,,,87
201000046276,10,6,23,1720,1,2,1,1.0,6.0,87085,M,,,87
201000046277,10,6,24,1208,1,2,1,1.0,6.0,87085,M,,,87
201000046278,10,6,25,1915,1,2,1,1.0,4.0,87085,M,4585770.0,129043.0,87
201000046279,10,6,25,1935,1,2,1,1.0,6.0,87085,M,,,87
201000046280,10,6,25,2333,5,2,1,1.0,6.0,87113,M,,,87
201000046281,10,6,26,2240,1,2,2,1.0,3.0,87085,M,,,87
201000046282,10,6,27,505,5,2,1,1.0,6.0,87114,M,,,87
201000046283,10,6,27,2157,2,2,1,1.0,6.0,87085,M,,,87
201000046284,10,6,29,1147,1,2,3,1.0,3.0,87085,M,,,87
201000046285,10,7,1,1057,1,2,1,1.0,6.0,87085,M,,,87
201000046286,10,7,5,748,1,2,1,1.0,6.0,87085,M,,,87
201000046287,10,7,5,1345,1,2,9,1.0,3.0,87085,M,,,87
201000046288,10,7,5,1431,1,2,6,1.0,3.0,87085,M,,,87
201000046289,10,7,6,736,1,1,1,1.0,2.0,87065,M,4578930.0,128479.0,87
201000046290,10,7,6,1343,1,2,1,1.0,2.0,87085,M,,,87
201000046291,10,7,6,1604,1,1,1,1.0,3.0,87085,M,4592180.0,129929.0,87
201000046292,10,7,8,2012,1,1,1,1.0,6.0,87065,M,4580890.0,129782.0,87
201000046293,10,7,8,2131,1,2,1,1.0,6.0,87085,M,,,87
201000046294,10,7,10,916,1,1,1,1.0,6.0,87075,M,4578540.0,120807.0,87
201000046295,10,7,10,1711,1,1,1,1.0,6.0,87075,M,4581900.0,118767.0,87
201000046296,10,7,11,522,3,1,1,1.0,6.0,87075,M,4578330.0,120350.0,87
201000046297,10,7,11,1032,1,2,1,1.0,7.0,87050,M,,,87
201000046298,10,7,11,1255,1,1,3,1.0,3.0,87075,M,4579010.0,117061.0,87
201000046299,10,7,12,553,3,1,1,1.0,6.0,87048,M,4576420.0,123787.0,87
201000046300,10,7,12,1159,1,1,1,1.0,6.0,87085,M,4585590.0,124779.0,87
201000046301,10,7,14,612,1,2,1,1.0,6.0,87085,M,,,87
201000046302,10,7,15,1552,1,2,1,1.0,2.0,87050,M,4586260.0,123836.0,87
201000046303,10,7,17,1723,1,2,1,1.0,6.0,87085,M,,,87
201000046304,10,7,19,1330,1,2,1,1.0,1.0,87085,M,,,87
201000046305,10,7,19,2009,1,2,2,1.0,3.0,87085,M,,,87
201000046306,10,7,20,824,1,2,1,1.0,1.0,87085,M,,,87
201000046307,10,7,20,1145,1,2,1,1.0,6.0,87085,M,,,87
201000046308,10,7,21,935,1,2,1,2.0,6.0,87085,M,,,87
201000046309,10,7,21,858,1,2,2,2.0,3.0,87085,M,,,87
201000046310,10,7,23,1450,1,2,1,1.0,2.0,87085,M,,,87
201000046311,10,7,24,918,1,2,1,1.0,6.0,87085,M,,,87
201000046312,10,7,27,1150,1,2,2,1.0,3.0,87085,M,,,87
201000046313,10,7,27,1850,1,2,3,1.0,3.0,87085,M,,,87
201000046314,10,7,28,1105,1,2,1,1.0,2.0,87085,M,,,87
201000046315,10,7,28,1306,1,2,1,1.0,6.0,87085,M,,,87
201000046316,10,7,28,1505,1,2,1,1.0,6.0,87085,M,,,87
201000046317,10,7,31,1828,1,2,1,1.0,6.0,87085,M,,,87
201000046318,10,8,1,2215,4,2,2,2.0,3.0,87085,M,,,87