Num_Acc,an,mois,jour,hrmn,lum,agg,int,atm,col,com,gps,lat,long,dep
201000046319,10,8,1,2115,5,1,1,3.0,6.0,87065,M,4578740.0,130322.0,87
201000046320,10,8,2,1154,1,2,1,1.0,6.0,87050,M,,,87
201000046321,10,8,2,1722,1,1,1,1.0,3.0,87085,M,,,87
201000046322,10,8,3,1220,1,2,3,1.0,6.0,87085,M,4582490.0,127480.0,87
201000046323,10,8,3,1442,1,2,1,1.0,2.0,87085,M,,,87
201000046324,10,8,3,1620,1,2,2,1.0,3.0,87085,M,4590280.0,129652.0,87
201000046325,10,8,7,2010,1,2,1,1.0,3.0,87085,M,,,87
201000046326,10,8,13,338,5,1,1,1.0,6.0,87065,M,4579410.0,129533.0,87
201000046327,10,8,13,1220,1,2,6,1.0,6.0,87114,M,4583860.0,129990.0,87
201000046328,10,8,15,1443,1,1,1,1.0,2.0,87085,M,4589760.0,129515.0,87
201000046329,10,8,16,745,1,1,1,1.0,6.0,87075,M,,,87
201000046330,10,8,16,1606,1,2,3,1.0,3.0,87085,M,,,87
201000046331,10,8,16,1338,1,1,1,1.0,5.0,87075,M,4578250.0,119588.0,87
201000046332,10,8,17,1742,1,2,1,1.0,6.0,87085,M,0.0,0.0,87
201000046333,10,8,17,1745,1,2,1,1.0,4.0,87085,M,,,87
201000046334,10,8,18,957,1,2,1,2.0,6.0,87085,M,4583280.0,127491.0,87
201000046335,10,8,18,1916,1,2,2,1.0,3.0,87085,M,,,87
201000046336,10,8,19,1315,1,2,1,1.0,3.0,87085,M,,,87
201000046337,10,8,19,2325,5,2,1,1.0,6.0,87085,M,,,87
201000046338,10,8,21,905,1,2,1,1.0,6.0,87085,M,,,87
201000046339,10,8,21,2325,5,2,1,1.0,3.0,87085,M,4586110.0,128109.0,87
201000046340,10,8,22,125,5,2,1,1.0,6.0,87085,M,,,87
201000046341,10,8,22,1103,1,2,2,1.0,3.0,87085,M,,,87
201000046342,10,8,22,1929,1,1,1,2.0,6.0,87124,M,4589860.0,130852.0,87
201000046343,10,8,25,1650,1,2,3,1.0,3.0,87085,M,,,87
201000046344,10,8,27,156,5,1,1,2.0,6.0,87085,M,,,87
201000046345,10,8,27,21,5,1,1,2.0,7.0,87065,M,4580980.0,134542.0,87
201000046346,10,8,27,1225,1,2,1,1.0,6.0,87050,M,,,87
201000046347,10,8,27,1634,1,1,1,2.0,3.0,87085,M,4587420.0,128798.0,87
201000046348,10,8,27,1729,1,2,1,1.0,4.0,87085,M,,,87
201000046349,10,8,27,1813,1,2,1,1.0,6.0,87085,M,,,87
201000046350,10,8,27,2008,5,2,1,2.0,6.0,87050,M,0.0,0.0,87
201000046351,10,8,29,726,1,2,2,1.0,1.0,87085,M,0.0,0.0,87
201000046352,10,8,29,1913,1,1,1,1.0,2.0,87114,M,0.0,0.0,87
201000046353,10,8,29,653,5,2,2,1.0,6.0,87085,M,0.0,0.0,87
201000046354,10,8,30,1217,1,1,1,1.0,4.0,87085,M,0.0,0.0,87
201000046355,10,8,31,735,1,2,1,1.0,3.0,87085,M,0.0,0.0,87
201000046356,10,8,31,1301,1,1,1,1.0,1.0,87075,M,0.0,0.0,87
201000046357,10,8,31,1257,1,2,1,1.0,2.0,87085,M,,,87
201000046358,10,8,31,1314,1,2,1,1.0,2.0,87085,M,0.0,0.0,87
201000046359,10,8,31,1510,1,2,1,1.0,2.0,87085,M,0.0,0.0,87
201000046360,10,8,31,1640,1,2,2,1.0,3.0,87085,M,0.0,0.0,87
201000046361,10,8,31,1630,1,2,1,1.0,6.0,87085,M,0.0,0.0,87
201000046362,10,9,1,1142,1,2,1,1.0,6.0,87085,M,0.0,0.0,87
201000046363,10,9,1,1623,1,2,1,1.0,6.0,87085,M,,,87
201000046364,10,9,1,1843,1,2,1,1.0,2.0,87085,M,,,87
201000046365,10,9,2,1647,1,2,2,1.0,3.0,87085,M,,,87
201000046366,10,9,3,1650,1,2,1,1.0,3.0,87085,M,,,87
201000046367,10,9,3,1754,1,2,1,1.0,2.0,87085,M,,,87
201000046368,10,9,3,1720,1,2,1,1.0,3.0,87085,M,,,87
201000046369,10,9,4,2215,5,2,1,1.0,3.0,87085,M,,,87
201000046370,10,9,5,1323,1,2,3,1.0,3.0,87065,M,4579810.0,129571.0,87
201000046371,10,9,7,534,1,1,1,2.0,3.0,87085,M,4589100.0,127953.0,87
201000046372,10,9,7,1751,1,2,1,3.0,6.0,87050,M,,,87
201000046373,10,9,7,1749,1,2,1,2.0,6.0,87085,M,,,87
201000046374,10,9,7,1954,1,2,6,1.0,3.0,87085,M,,,87
201000046375,10,9,8,550,5,2,2,2.0,3.0,87085,M,4581750.0,125270.0,87
201000046376,10,9,9,1652,1,1,2,1.0,3.0,87075,M,4581600.0,117390.0,87
201000046377,10,9,10,2101,5,2,1,1.0,6.0,87085,M,,,87
201000046378,10,9,13,1215,1,2,3,1.0,3.0,87085,M,,,87
201000046379,10,9,13,1816,1,2,2,1.0,3.0,87085,M,,,87
201000046380,10,9,14,929,1,2,1,1.0,3.0,87085,M,4582610.0,128086.0,87
201000046381,10,9,15,437,5,2,3,1.0,3.0,87050,M,4586020.0,123980.0,87
201000046382,10,9,15,755,1,2,2,1.0,3.0,87085,M,,,87
201000046383,10,9,17,1350,1,2,1,1.0,2.0,87085,M,,,87
201000046384,10,9,17,1825,1,2,1,1.0,6.0,87085,M,,,87
201000046385,10,9,17,1950,1,1,1,1.0,7.0,87048,M,4578090.0,122225.0,87
201000046386,10,9,19,1100,1,2,1,1.0,6.0,87085,M,,,87
201000046387,10,9,20,1100,1,2,1,1.0,6.0,87085,M,,,87
201000046388,10,9,20,1620,1,2,1,1.0,1.0,87085,M,4585270.0,124429.0,87
201000046389,10,9,21,1640,1,2,1,1.0,3.0,87085,M,,,87
201000046390,10,9,22,1339,1,1,2,1.0,3.0,87085,M,4585650.0,116834.0,87
201000046391,10,9,22,1825,1,2,1,1.0,6.0,87085,M,4583450.0,122512.0,87
201000046392,10,9,24,1430,1,2,3,1.0,3.0,87085,M,,,87
201000046393,10,9,24,1749,1,2,2,1.0,3.0,87085,M,4582590.0,126783.0,87
201000046394,10,9,25,1151,1,2,2,2.0,3.0,87085,M,,,87
201000046395,10,9,26,1325,1,1,1,1.0,1.0,87075,M,4580940.0,116306.0,87
201000046396,10,9,27,721,5,2,1,1.0,6.0,87085,M,,,87
201000046397,10,9,27,1221,1,2,1,1.0,2.0,87085,M,,,87
201000046398,10,9,29,1206,1,2,1,1.0,6.0,87085,M,,,87
201000046399,10,9,29,1230,1,1,1,1.0,6.0,87085,M,,,87
201000046400,10,10,1,758,1,2,2,1.0,1.0,87085,M,,,87
201000046401,10,10,1,1409,1,2,3,1.0,3.0,87085,M,,,87
201000046402,10,10,1,2222,5,2,1,1.0,2.0,87085,M,,,87
201000046403,10,10,3,527,4,1,1,1.0,6.0,87048,M,4579900.0,125253.0,87
201000046404,10,10,4,829,1,2,2,2.0,6.0,87085,M,,,87
201000046405,10,10,4,1954,5,1,1,3.0,6.0,87085,M,4583870.0,128189.0,87
201000046406,10,10,5,823,1,2,1,1.0,6.0,87085,M,,,87
201000046407,10,10,5,1209,1,1,1,1.0,6.0,87085,M,4589650.0,130603.0,87
201000046408,10,10,5,1939,1,2,1,1.0,6.0,87085,M,,,87
201000046409,10,10,6,1805,1,2,3,1.0,3.0,87085,M,,,87
201000046410,10,10,7,809,1,2,1,1.0,6.0,87085,M,,,87
201000046411,10,10,7,2129,5,2,1,1.0,6.0,87085,M,,,87
201000046412,10,10,8,1911,1,2,1,1.0,4.0,87085,M,,,87
201000046413,10,10,9,1445,1,1,1,1.0,2.0,87085,M,4582250.0,128743.0,87
201000046414,10,10,10,235,5,2,2,1.0,3.0,87085,M,,,87
201000046415,10,10,10,1827,1,2,3,2.0,3.0,87085,M,,,87
201000046416,10,10,10,1957,1,2,1,2.0,7.0,87085,M,4583290.0,127493.0,87
201000046417,10,10,11,740,1,2,2,1.0,3.0,87085,M,,,87
201000046418,10,10,11,1350,1,2,2,2.0,3.0,87085,M,,,87
201000046419,10,10,11,1420,1,2,1,1.0,6.0,87085,M,,,87
201000046420,10,10,11,1815,1,1,3,1.0,3.0,87065,M,4579810.0,129571.0,87
201000046421,10,10,13,2146,1,2,1,1.0,7.0,87085,M,,,87
201000046422,10,10,14,1844,1,2,3,1.0,3.0,87085,M,,,87
201000046423,10,10,15,1203,1,2,1,1.0,6.0,87085,M,,,87
201000046424,10,10,16,1059,1,1,1,2.0,6.0,87085,M,,,87
201000046425,10,10,16,1343,1,1,1,2.0,6.0,87085,M,,,87
201000046426,10,10,16,1459,1,1,1,2.0,6.0,87085,M,4585650.0,128099.0,87
201000046427,10,10,16,2327,5,2,2,2.0,6.0,87050,M,4586330.0,123800.0,87
201000046428,10,10,16,1714,1,2,1,2.0,2.0,87085,M,4584160.0,128778.0,87
201000046429,10,10,18,1750,1,2,1,1.0,3.0,87085,M,,,87
201000046430,10,10,19,1813,1,2,1,1.0,6.0,87085,M,,,87
201000046431,10,10,20,2031,3,1,4,1.0,3.0,87075,M,4582030.0,119285.0,87
201000046432,10,10,21,2154,5,1,1,1.0,6.0,87065,M,4578910.0,129102.0,87
201000046433,10,10,22,1239,1,2,1,1.0,3.0,87085,M,,,87
201000046434,10,10,24,1130,1,1,1,3.0,6.0,87085,M,4587020.0,128771.0,87
201000046435,10,10,24,1217,1,1,1,2.0,2.0,87085,M,4586310.0,128717.0,87
201000046436,10,10,24,2231,5,2,3,2.0,3.0,87085,M,,,87
201000046437,10,10,24,2116,5,2,2,2.0,3.0,87085,M,,,87
201000046438,10,10,25,1906,5,2,1,1.0,6.0,87114,M,,,87
201000046439,10,10,26,830,1,2,2,1.0,4.0,87050,M,4587760.0,123778.0,87
201000046440,10,10,29,1355,1,1,1,1.0,3.0,87065,M,,,87
201000046441,10,10,30,138,5,2,1,1.0,3.0,87085,M,,,87
201000046442,10,10,30,511,1,2,1,3.0,6.0,87085,M,,,87
201000046443,10,10,30,1918,1,2,5,1.0,6.0,87085,M,,,87
201000046444,10,10,31,756,1,2,1,1.0,6.0,87085,M,,,87
201000046445,10,11,1,1523,1,1,1,1.0,6.0,87065,M,0.0,0.0,87
201000046446,10,11,3,914,1,2,6,1.0,7.0,87085,M,4586000.0,128739.0,87
201000046447,10,11,3,1958,5,2,2,1.0,3.0,87085,M,,,87
201000046448,10,11,4,755,1,2,1,2.0,6.0,87085,M,0.0,0.0,87
201000046449,10,11,4,806,1,2,1,2.0,2.0,87085,M,,,87
201000046450,10,11,4,1209,1,1,1,2.0,6.0,87085,M,4583740.0,119230.0,87
201000046451,10,11,4,1816,1,2,1,2.0,6.0,87050,M,,,87
201000046452,10,11,5,807,1,1,1,1.0,4.0,87085,M,4583820.0,128224.0,87
201000046453,10,11,5,1036,1,2,1,1.0,6.0,87085,M,,,87
201000046454,10,11,5,2312,5,2,1,1.0,2.0,87085,M,,,87
201000046455,10,11,6,449,5,1,1,2.0,6.0,87085,M,4580400.0,125232.0,87
201000046456,10,11,8,1541,1,1,9,2.0,6.0,87085,M,,,87
201000046457,10,11,8,1607,1,2,1,2.0,6.0,87085,M,,,87
201000046458,10,11,9,715,1,1,1,2.0,7.0,87085,M,4587060.0,128773.0,87
201000046459,10,11,9,1221,1,2,1,2.0,6.0,87085,M,,,87
201000046460,10,11,9,1819,1,2,1,2.0,6.0,87085,M,,,87
201000046461,10,11,10,1215,1,2,3,1.0,3.0,87075,M,0.0,0.0,87
201000046462,10,11,10,1450,1,1,1,2.0,2.0,87107,M,0.0,0.0,87
201000046463,10,11,11,1730,1,1,1,2.0,6.0,87085,M,0.0,0.0,87
201000046464,10,11,12,1354,1,2,1,2.0,6.0,87075,M,0.0,0.0,87
201000046465,10,11,12,1834,5,2,2,1.0,3.0,87085,M,0.0,0.0,87
201000046466,10,11,13,840,1,1,1,1.0,5.0,87085,M,0.0,0.0,87
201000046467,10,11,13,1345,1,1,1,1.0,6.0,87085,M,0.0,0.0,87
201000046468,10,11,13,1640,1,2,1,1.0,6.0,87085,M,0.0,0.0,87
201000046469,10,11,14,1148,1,1,1,3.0,2.0,87085,M,0.0,0.0,87
201000046470,10,11,14,1557,1,1,1,2.0,6.0,87065,M,0.0,0.0,87
201000046471,10,11,14,1806,5,1,1,3.0,6.0,87085,M,0.0,0.0,87
201000046472,10,11,15,854,1,2,2,1.0,3.0,87085,M,0.0,0.0,87
201000046473,10,11,15,1305,1,1,1,1.0,6.0,87085,M,0.0,0.0,87
201000046474,10,11,16,1400,1,2,1,1.0,6.0,87085,M,0.0,0.0,87
201000046475,10,11,16,1617,1,2,1,1.0,4.0,87085,M,0.0,0.0,87
201000046476,10,11,17,1655,1,1,3,2.0,3.0,87050,M,0.0,0.0,87
201000046477,10,11,17,1755,5,2,1,2.0,4.0,87085,M,0.0,0.0,87
201000046478,10,11,17,1817,5,2,1,2.0,2.0,87085,M,0.0,0.0,87
201000046479,10,11,18,755,3,2,1,1.0,3.0,87085,M,0.0,0.0,87
201000046480,10,11,19,1652,1,2,1,1.0,6.0,87085,M,0.0,0.0,87
201000046481,10,11,19,1846,1,2,1,1.0,5.0,87085,M,0.0,0.0,87
201000046482,10,11,23,844,1,2,1,1.0,6.0,87085,M,0.0,0.0,87
201000046483,10,11,23,1710,5,2,1,1.0,6.0,87075,M,0.0,0.0,87
201000046484,10,11,24,752,1,2,2,1.0,3.0,87085,M,0.0,0.0,87
201000046485,10,11,25,1733,5,2,1,2.0,6.0,87114,M,0.0,0.0,87
201000046486,10,11,26,1617,1,2,1,1.0,6.0,87085,M,0.0,0.0,87
201000046487,10,11,26,1750,5,2,1,1.0,6.0,87085,M,0.0,0.0,87
201000046488,10,11,26,2140,5,1,1,4.0,6.0,87085,M,0.0,0.0,87
201000046489,10,11,27,1617,1,1,1,1.0,6.0,87075,M,0.0,0.0,87
201000046490,10,11,29,2155,5,2,1,1.0,6.0,87085,M,0.0,0.0,87
201000046491,10,11,30,1603,1,2,1,2.0,2.0,87085,M,0.0,0.0,87
201000046492,10,12,1,1612,1,2,2,1.0,3.0,87085,M,0.0,0.0,87
201000046493,10,12,1,1825,1,2,1,1.0,6.0,87085,M,0.0,0.0,87
201000046494,10,12,3,1640,1,1,1,2.0,6.0,87085,M,0.0,0.0,87
201000046495,10,12,4,708,5,1,1,1.0,2.0,87085,M,0.0,0.0,87
201000046496,10,12,4,1105,1,2,1,2.0,6.0,87085,M,0.0,0.0,87
201000046497,10,12,6,740,5,2,2,2.0,3.0,87085,M,0.0,0.0,87
201000046498,10,12,7,2016,5,2,1,1.0,6.0,87085,M,0.0,0.0,87
201000046499,10,12,7,1753,5,2,1,1.0,2.0,87113,M,0.0,0.0,87
201000046500,10,12,8,2010,5,2,1,1.0,6.0,87075,M,0.0,0.0,87
201000046501,10,12,9,904,1,2,1,1.0,6.0,87050,M,0.0,0.0,87
201000046502,10,12,9,1650,1,2,1,1.0,6.0,87085,M,0.0,0.0,87
201000046503,10,12,10,1505,1,2,1,1.0,6.0,87085,M,0.0,0.0,87
201000046504,10,12,10,1740,5,2,1,1.0,6.0,87085,M,0.0,0.0,87
201000046505,10,12,11,224,5,2,2,1.0,3.0,87085,M,0.0,0.0,87
201000046506,10,12,12,1945,5,2,6,1.0,3.0,87085,M,0.0,0.0,87
201000046507,10,12,13,1401,1,2,1,1.0,6.0,87085,M,0.0,0.0,87
201000046508,10,12,13,1428,1,2,1,1.0,6.0,87085,M,0.0,0.0,87
201000046509,10,12,15,1725,5,2,1,1.0,6.0,87085,M,0.0,0.0,87
201000046510,10,12,15,1540,1,2,1,1.0,5.0,87085,M,0.0,0.0,87
201000046511,10,12,15,2017,5,2,1,1.0,3.0,87085,M,0.0,0.0,87
201000046512,10,12,15,2055,5,2,1,1.0,3.0,87085,M,0.0,0.0,87
201000046513,10,12,16,756,1,2,1,4.0,2.0,87085,M,0.0,0.0,87
201000046514,10,12,17,930,1,2,1,1.0,6.0,87085,M,0.0,0.0,87
201000046515,10,12,21,1505,1,1,1,1.0,5.0,87085,M,0.0,0.0,87
201000046516,10,12,21,1935,5,2,1,1.0,6.0,87085,M,0.0,0.0,87
201000046517,10,12,23,1505,1,2,1,1.0,6.0,87085,M,0.0,0.0,87
201000046518,10,12,24,1608,1,2,1,1.0,1.0,87085,M,0.0,0.0,87
201000046519,10,12,24,1637,1,2,1,1.0,4.0,87085,M,0.0,0.0,87
201000046520,10,12,24,1554,1,1,1,1.0,2.0,87085,M,0.0,0.0,87
201000046521,10,12,24,2027,5,2,1,4.0,6.0,87085,M,0.0,0.0,87
201000046522,10,12,26,811,5,2,1,1.0,6.0,87085,M,0.0,0.0,87
201000046523,10,12,26,814,1,1,1,1.0,6.0,87075,M,0.0,0.0,87
201000046524,10,12,27,1231,1,2,2,1.0,3.0,87085,M,0.0,0.0,87
201000046525,10,12,27,1717,1,2,1,1.0,6.0,87085,M,0.0,0.0,87
201000046526,10,12,29,805,1,2,1,1.0,6.0,87050,M,0.0,0.0,87
201000046527,10,12,29,1930,5,2,2,2.0,3.0,87085,M,0.0,0.0,87
201000046528,10,12,31,1333,1,2,1,1.0,6.0,87085,M,0.0,0.0,87
201000046529,10,1,14,1415,1,2,6,1.0,3.0,88160,M,4820340.0,645829.0,88
201000046530,10,1,15,2315,5,2,1,1.0,6.0,88160,M,4818600.0,644133.0,88
201000046531,10,2,10,1130,1,1,1,8.0,7.0,88160,M,4816280.0,654356.0,88
201000046532,10,1,29,1630,1,2,2,4.0,3.0,88209,M,4819340.0,644158.0,88
201000046533,10,2,16,845,1,2,2,1.0,6.0,88160,M,4817290.0,644971.0,88
201000046534,10,2,28,605,3,1,1,6.0,1.0,88209,M,4820380.0,641770.0,88
201000046535,10,3,2,2105,5,2,2,1.0,6.0,88160,M,4817300.0,645092.0,88
201000046536,10,3,4,710,1,2,2,1.0,7.0,88160,M,4817920.0,644668.0,88
201000046537,10,3,9,410,3,1,1,1.0,7.0,88160,M,4817640.0,650349.0,88
201000046538,10,3,12,1400,1,2,1,1.0,6.0,88160,M,4817270.0,644516.0,88
201000046539,10,3,22,930,1,2,2,1.0,6.0,88209,M,4819380.0,644341.0,88
201000046540,10,3,29,835,1,2,2,2.0,3.0,88209,M,4819340.0,644158.0,88
201000046541,10,4,8,920,1,2,3,2.0,3.0,88160,M,4817490.0,645244.0,88
201000046542,10,4,23,1550,1,1,1,1.0,2.0,88209,M,4820830.0,644116.0,88
201000046543,10,4,28,705,1,2,2,1.0,3.0,88160,M,4816600.0,644715.0,88
201000046544,10,4,29,1620,1,2,3,1.0,6.0,88160,M,4816990.0,644477.0,88
201000046545,10,5,11,2000,1,2,1,1.0,6.0,88160,M,4818960.0,644691.0,88
201000046546,10,5,17,1030,1,2,1,1.0,6.0,88160,M,4819020.0,644849.0,88
201000046547,10,5,27,1745,1,2,2,2.0,3.0,88209,M,4819340.0,644158.0,88
201000046548,10,6,9,1145,1,2,1,1.0,6.0,88160,M,4817720.0,644245.0,88
201000046549,10,6,23,1320,1,2,1,1.0,6.0,88209,M,4818410.0,642646.0,88
201000046550,10,6,21,1305,1,2,1,1.0,1.0,88160,M,4817720.0,644245.0,88
201000046551,10,6,27,405,5,2,1,1.0,6.0,88087,M,4817730.0,642650.0,88
201000046552,10,7,16,710,1,1,1,1.0,3.0,88160,M,4813520.0,644029.0,88
201000046553,10,7,14,2303,5,2,1,2.0,1.0,88160,M,4816790.0,644528.0,88
201000046554,10,7,15,1920,1,1,1,1.0,2.0,88160,M,4817640.0,645421.0,88
201000046555,10,7,8,2050,1,2,1,1.0,2.0,88160,M,4818570.0,643814.0,88
201000046556,10,7,11,1215,1,2,1,1.0,3.0,88160,M,4818840.0,644289.0,88
201000046557,10,7,2,1005,1,2,1,1.0,7.0,88160,M,4816580.0,645545.0,88
201000046558,10,8,3,930,1,2,1,1.0,2.0,88160,M,4819310.0,645302.0,88
201000046559,10,8,12,955,1,2,1,1.0,6.0,88209,M,4819390.0,644710.0,88
201000046560,10,8,24,2020,1,2,1,1.0,1.0,88160,M,4815840.0,645198.0,88
201000046561,10,8,22,455,5,2,1,1.0,6.0,88160,M,4819060.0,644908.0,88
201000046562,10,8,30,745,1,2,2,1.0,3.0,88160,M,4819370.0,645464.0,88
201000046563,10,9,7,822,1,2,1,2.0,6.0,88160,M,4818370.0,644136.0,88
201000046564,10,9,8,1645,1,2,1,1.0,2.0,88209,M,4819360.0,644134.0,88
201000046565,10,9,15,1253,1,2,1,2.0,2.0,88160,M,4817030.0,645144.0,88
201000046566,10,9,16,1800,1,2,2,1.0,3.0,88160,M,4819010.0,645719.0,88
201000046567,10,9,21,1215,1,2,1,1.0,6.0,88160,M,4817710.0,644484.0,88
201000046568,10,9,25,849,1,2,1,1.0,6.0,88160,M,4818370.0,645903.0,88
201000046569,10,10,31,1514,1,2,1,2.0,6.0,88160,M,4818440.0,644470.0,88
201000046570,10,11,5,120,5,2,1,8.0,7.0,88160,M,4817980.0,645563.0,88
201000046571,10,11,20,1100,1,1,3,1.0,3.0,88160,M,4819680.0,647014.0,88
201000046572,10,12,10,1505,1,2,1,2.0,6.0,88160,M,4817990.0,644076.0,88
201000046573,10,11,27,1400,1,2,6,1.0,3.0,88209,M,4818400.0,646735.0,88
201000046574,10,12,13,1710,5,2,3,1.0,1.0,88209,M,4820530.0,643947.0,88
201000046575,10,12,14,1200,1,2,1,4.0,6.0,88160,M,4817770.0,644075.0,88
201000046576,10,12,16,810,1,2,1,4.0,6.0,88160,M,4818430.0,646138.0,88
201000046577,10,12,8,1525,1,2,1,3.0,6.0,88160,M,4819300.0,645263.0,88
201000046578,10,1,5,1030,1,2,2,1.0,6.0,88383,M,4801680.0,659584.0,88
201000046579,10,1,29,1225,1,1,1,4.0,7.0,88415,M,4800680.0,661350.0,88
201000046580,10,3,18,1310,1,2,1,1.0,7.0,88429,M,4802970.0,656413.0,88
201000046581,10,4,18,1700,1,1,3,1.0,3.0,88429,M,4800230.0,655174.0,88
201000046582,10,6,8,1710,1,2,3,1.0,3.0,88383,M,4801910.0,658889.0,88
201000046583,10,5,27,1815,1,1,1,1.0,7.0,88429,M,4801590.0,656605.0,88
201000046584,10,6,27,145,5,2,1,8.0,7.0,88383,M,4802040.0,659368.0,88
201000046585,10,9,1,940,1,1,1,1.0,6.0,88429,M,4804140.0,658306.0,88
201000046586,10,10,12,1810,1,1,1,1.0,1.0,88462,M,4801320.0,670948.0,88
201000046587,10,10,23,1545,1,2,1,7.0,7.0,88383,M,4801530.0,659725.0,88
201000046588,10,11,3,2115,5,2,1,2.0,6.0,88429,M,4803430.0,657751.0,88
201000046589,10,1,16,2123,5,2,1,2.0,7.0,88413,M,4829720.0,693485.0,88
201000046590,10,5,6,1205,1,2,2,1.0,3.0,88413,M,4828180.0,695521.0,88
201000046591,10,2,3,1525,1,1,1,4.0,6.0,88413,M,4829390.0,694078.0,88
201000046592,10,2,4,510,3,1,1,2.0,7.0,88413,M,4828650.0,693230.0,88
201000046593,10,3,8,1435,1,2,3,1.0,1.0,88413,M,4827560.0,696048.0,88
201000046594,10,3,10,909,1,2,2,1.0,6.0,88413,M,4828700.0,694857.0,88
201000046595,10,5,8,1255,1,2,2,1.0,3.0,88413,M,4828230.0,695113.0,88
201000046596,10,5,8,1710,1,2,1,1.0,2.0,88519,M,4833370.0,690027.0,88
201000046597,10,5,14,1730,1,1,1,1.0,2.0,88413,M,4828280.0,693476.0,88
201000046598,10,11,11,120,5,2,1,1.0,6.0,88413,M,4828900.0,694527.0,88
201000046599,10,6,11,745,1,2,3,2.0,2.0,88413,M,4829010.0,692455.0,88
201000046600,10,7,9,2235,5,2,1,1.0,7.0,88428,M,4830910.0,687209.0,88
201000046601,10,8,8,1820,1,2,1,1.0,3.0,88413,M,4829050.0,693985.0,88
201000046602,10,6,12,50,5,2,6,1.0,3.0,88413,M,4828200.0,696741.0,88
201000046603,10,7,23,1750,1,2,1,1.0,6.0,88413,M,4828360.0,692151.0,88
201000046604,10,9,3,1020,1,2,1,1.0,6.0,88413,M,4828890.0,694673.0,88
201000046605,10,9,14,1840,1,2,1,1.0,3.0,88413,M,4828450.0,694043.0,88
201000046606,10,9,17,2110,3,1,1,1.0,7.0,88413,M,4831389.0,696321.0,88
201000046607,10,10,4,1715,1,2,2,1.0,6.0,88413,M,4828340.0,694690.0,88
201000046608,10,10,13,1045,1,2,1,1.0,6.0,88413,M,4828750.0,693279.0,88
201000046609,10,11,9,1135,1,2,2,1.0,1.0,88413,M,4828700.0,694857.0,88
201000046610,10,12,1,1320,1,2,2,4.0,5.0,88413,M,4829250.0,695772.0,88
201000046611,10,12,8,1800,3,2,1,3.0,6.0,88428,M,4831600.0,687439.0,88
201000046612,10,12,16,2050,5,2,1,4.0,6.0,88413,M,4828400.0,695468.0,88
201000046613,10,10,20,1715,1,2,3,1.0,3.0,89024,M,,,89
201000046614,10,1,15,1240,1,1,1,1.0,2.0,89024,M,,,89
201000046615,10,1,22,845,1,2,2,1.0,6.0,89024,M,,,89
201000046616,10,1,23,1430,1,2,3,1.0,6.0,89024,M,,,89
201000046617,10,1,25,1505,1,2,2,1.0,2.0,89024,M,,,89
201000046618,10,12,10,750,5,2,1,9.0,6.0,89024,M,0.0,0.0,89
201000046619,10,12,14,1815,5,2,8,1.0,2.0,89024,M,0.0,0.0,89
201000046620,10,2,4,545,4,2,2,2.0,3.0,89024,M,,,89
201000046621,10,1,6,1340,1,2,2,4.0,3.0,89024,M,,,89
201000046622,10,3,1,850,1,2,3,1.0,3.0,89346,M,,,89
201000046623,10,3,6,1240,1,1,1,1.0,1.0,89024,M,,,89
201000046624,10,3,19,1950,3,2,1,1.0,6.0,89024,M,,,89
201000046625,10,4,3,1550,1,2,1,1.0,6.0,89024,M,,,89
201000046626,10,4,14,1800,1,2,1,1.0,6.0,89024,M,,,89
201000046627,10,4,17,1440,1,1,1,1.0,3.0,89024,M,,,89
201000046628,10,4,23,1600,1,2,1,1.0,3.0,89024,M,,,89
201000046629,10,4,23,1805,1,2,2,1.0,3.0,89024,M,,,89
201000046630,10,5,28,1345,1,2,1,1.0,3.0,89024,M,,,89
201000046631,10,5,29,1500,1,2,2,1.0,2.0,89024,M,,,89
201000046632,10,6,2,745,1,1,1,2.0,4.0,89024,M,,,89
201000046633,10,6,18,1115,1,2,2,1.0,6.0,89024,M,,,89
201000046634,10,5,23,1120,1,2,1,1.0,6.0,89024,M,,,89
201000046635,10,8,3,1120,1,2,1,1.0,6.0,89024,M,,,89
201000046636,10,8,6,2155,4,2,1,1.0,1.0,89024,M,,,89
201000046637,10,8,8,1625,1,2,3,1.0,3.0,89024,M,,,89
201000046638,10,9,5,830,1,1,1,1.0,1.0,89024,M,,,89
201000046639,10,9,10,1315,1,2,4,1.0,7.0,89024,M,,,89
201000046640,10,10,8,1610,1,1,1,1.0,7.0,89024,M,,,89
201000046641,10,10,23,330,3,1,1,1.0,7.0,89024,M,,,89
201000046642,10,2,1,1730,1,1,1,1.0,1.0,89387,M,,,89
201000046643,10,2,4,1315,1,2,9,1.0,6.0,89387,M,,,89
201000046644,10,3,1,1700,1,2,1,1.0,2.0,89387,M,,,89
201000046645,10,3,12,1530,1,1,1,1.0,7.0,89387,M,,,89
201000046646,10,3,20,1115,1,2,2,2.0,3.0,89387,M,,,89
201000046647,10,3,19,1605,1,2,2,1.0,6.0,89387,M,,,89
201000046648,10,3,24,1215,1,2,1,1.0,2.0,89387,M,,,89
201000046649,10,4,5,1120,1,2,1,1.0,6.0,89387,M,,,89
201000046650,10,4,21,1600,1,2,2,1.0,6.0,89387,M,,,89
201000046651,10,5,28,2345,5,1,1,1.0,6.0,89387,M,,,89