Num_Acc,an,mois,jour,hrmn,lum,agg,int,atm,col,com,gps,lat,long,dep
201000046652,10,6,1,1140,1,2,1,1.0,6.0,89387,M,,,89
201000046653,10,6,8,1520,1,2,1,1.0,7.0,89387,M,,,89
201000046654,10,6,24,1235,1,2,1,1.0,6.0,89387,M,,,89
201000046655,10,6,24,1935,1,2,3,1.0,3.0,89287,M,,,89
201000046656,10,7,16,1500,1,2,2,1.0,3.0,89338,M,,,89
201000046657,10,7,23,1535,1,2,2,1.0,3.0,89387,M,,,89
201000046658,10,8,16,1210,1,2,2,8.0,3.0,89387,M,,,89
201000046659,10,9,7,940,1,2,1,1.0,2.0,89387,M,,,89
201000046660,10,9,21,1545,1,2,1,1.0,6.0,89387,M,,,89
201000046661,10,9,22,1705,1,2,2,1.0,3.0,89387,M,,,89
201000046662,10,10,7,1220,1,1,1,1.0,5.0,89387,M,,,89
201000046663,10,10,9,1700,1,2,1,1.0,7.0,89387,M,,,89
201000046664,10,10,8,1940,1,2,1,1.0,3.0,89387,M,,,89
201000046665,10,9,26,1925,5,2,1,2.0,6.0,89387,M,,,89
201000046666,10,11,4,850,1,2,1,1.0,6.0,89387,M,,,89
201000046667,10,11,8,1155,1,2,1,2.0,6.0,89387,M,,,89
201000046668,10,12,9,1800,1,2,1,2.0,6.0,89287,M,,,89
201000046669,10,1,4,1640,1,2,1,8.0,3.0,90010,M,,,90
201000046670,10,1,5,2020,5,2,1,4.0,1.0,90010,M,,,90
201000046671,10,1,6,1130,1,2,3,2.0,5.0,90010,M,,,90
201000046672,10,1,6,1737,5,2,3,1.0,3.0,90010,M,,,90
201000046673,10,1,7,1440,1,2,1,2.0,7.0,90010,M,,,90
201000046674,10,1,7,2016,3,2,1,1.0,6.0,90010,M,,,90
201000046675,10,1,13,1330,1,1,1,2.0,1.0,90099,M,,,90
201000046676,10,1,14,1030,1,2,1,4.0,6.0,90099,M,,,90
201000046677,10,1,27,2220,3,2,1,1.0,6.0,90099,M,,,90
201000046678,10,1,28,1640,1,2,1,1.0,3.0,90075,M,,,90
201000046679,10,1,29,931,1,2,1,4.0,4.0,90010,M,,,90
201000046680,10,1,29,1600,1,2,1,4.0,2.0,90010,M,,,90
201000046681,10,1,29,1637,1,2,9,4.0,6.0,90010,M,,,90
201000046682,10,2,1,910,1,2,3,1.0,3.0,90010,M,,,90
201000046683,10,2,1,1430,1,2,3,4.0,2.0,90010,M,,,90
201000046684,10,2,1,1458,1,2,1,4.0,2.0,90010,M,,,90
201000046685,10,2,16,1753,1,2,1,1.0,6.0,90010,M,,,90
201000046686,10,2,25,1900,3,2,1,3.0,6.0,90010,M,,,90
201000046687,10,3,1,1035,1,2,1,1.0,6.0,90010,M,,,90
201000046688,10,3,6,925,1,2,3,4.0,1.0,90010,M,,,90
201000046689,10,3,7,550,5,2,1,9.0,7.0,90039,M,,,90
201000046690,10,3,10,2015,5,2,6,1.0,3.0,90010,M,,,90
201000046691,10,3,11,1625,1,2,1,4.0,1.0,90010,M,,,90
201000046692,10,3,11,1845,5,2,1,4.0,7.0,90010,M,,,90
201000046693,10,3,15,905,1,2,1,1.0,6.0,90010,M,,,90
201000046694,10,3,20,1020,1,2,1,1.0,3.0,90099,M,,,90
201000046695,10,3,22,1720,1,2,1,1.0,6.0,90076,M,,,90
201000046696,10,3,23,1920,5,2,1,1.0,4.0,90010,M,,,90
201000046697,10,3,24,1420,1,1,1,1.0,4.0,90032,M,,,90
201000046698,10,3,26,1230,1,1,1,2.0,2.0,90076,M,,,90
201000046699,10,3,26,1343,1,2,2,2.0,3.0,90010,M,,,90
201000046700,10,3,27,1456,1,2,1,2.0,2.0,90099,M,,,90
201000046701,10,3,30,1705,1,2,1,1.0,3.0,90032,M,,,90
201000046702,10,3,30,1933,1,2,3,1.0,3.0,90010,M,,,90
201000046703,10,4,3,1555,1,2,2,1.0,6.0,90010,M,,,90
201000046704,10,4,5,1313,1,2,1,1.0,1.0,90010,M,,,90
201000046705,10,4,6,2022,1,2,1,1.0,1.0,90010,M,,,90
201000046706,10,4,8,547,5,2,1,1.0,1.0,90010,M,,,90
201000046707,10,4,9,1000,1,2,6,1.0,3.0,90001,M,,,90
201000046708,10,4,12,1205,1,2,1,1.0,3.0,90010,M,,,90
201000046709,10,4,17,1300,1,2,1,1.0,7.0,90010,M,,,90
201000046710,10,4,25,1915,1,2,1,1.0,6.0,90010,M,,,90
201000046711,10,4,28,2135,5,2,3,1.0,3.0,90010,M,,,90
201000046712,10,4,29,1519,1,2,1,1.0,6.0,90010,M,,,90
201000046713,10,4,29,2149,5,2,1,1.0,7.0,90010,M,,,90
201000046714,10,5,6,210,5,2,1,1.0,6.0,90010,M,,,90
201000046715,10,5,6,920,1,2,2,1.0,3.0,90010,M,,,90
201000046716,10,5,9,2231,5,1,6,3.0,3.0,90032,M,,,90
201000046717,10,5,11,1116,1,2,1,1.0,6.0,90010,M,,,90
201000046718,10,5,17,719,1,2,3,1.0,3.0,90099,M,,,90
201000046719,10,5,18,1558,1,2,1,1.0,6.0,90010,M,,,90
201000046720,10,5,22,1710,1,2,1,1.0,6.0,90039,M,,,90
201000046721,10,5,25,1800,1,2,1,1.0,3.0,90010,M,,,90
201000046722,10,5,25,1845,1,1,1,1.0,4.0,90010,M,,,90
201000046723,10,5,26,330,4,2,1,1.0,6.0,90010,M,,,90
201000046724,10,5,26,1232,1,2,1,1.0,7.0,90099,M,,,90
201000046725,10,5,31,30,5,2,1,1.0,6.0,90010,M,,,90
201000046726,10,6,1,1100,1,2,1,1.0,3.0,90099,M,,,90
201000046727,10,6,1,1130,1,2,1,1.0,6.0,90010,M,,,90
201000046728,10,6,2,1545,1,2,2,1.0,3.0,90010,M,,,90
201000046729,10,6,6,1900,1,2,3,2.0,3.0,90010,M,,,90
201000046730,10,6,9,938,1,2,1,1.0,2.0,90032,M,,,90
201000046731,10,6,9,1227,1,2,1,1.0,6.0,90010,M,,,90
201000046732,10,6,11,1935,1,2,1,1.0,2.0,90010,M,,,90
201000046733,10,6,12,1135,1,2,1,1.0,6.0,90010,M,,,90
201000046734,10,6,23,834,1,2,1,1.0,6.0,90010,M,,,90
201000046735,10,6,25,1600,1,2,1,1.0,1.0,90032,M,,,90
201000046736,10,6,26,1230,1,2,1,1.0,3.0,90010,M,,,90
201000046737,10,6,27,1550,1,2,1,1.0,7.0,90032,M,,,90
201000046738,10,6,30,1725,1,2,3,1.0,3.0,90010,M,,,90
201000046739,10,7,2,1200,1,1,1,1.0,2.0,90032,M,,,90
201000046740,10,7,4,1358,1,2,2,1.0,3.0,90010,M,,,90
201000046741,10,7,6,2015,1,2,1,1.0,2.0,90010,M,,,90
201000046742,10,7,7,1608,1,2,1,1.0,6.0,90010,M,,,90
201000046743,10,7,7,2100,1,2,2,1.0,6.0,90010,M,,,90
201000046744,10,7,7,2142,1,2,1,1.0,6.0,90010,M,,,90
201000046745,10,7,15,1555,1,2,1,1.0,6.0,90010,M,,,90
201000046746,10,7,15,1710,1,2,1,1.0,2.0,90075,M,,,90
201000046747,10,7,16,1215,1,2,2,1.0,3.0,90010,M,,,90
201000046748,10,7,16,1422,1,2,1,1.0,3.0,90032,M,,,90
201000046749,10,7,17,916,1,2,1,1.0,6.0,90029,M,,,90
201000046750,10,7,17,1105,1,2,2,1.0,3.0,90010,M,,,90
201000046751,10,7,17,1505,1,2,1,1.0,1.0,90076,M,,,90
201000046752,10,7,17,1740,1,2,6,1.0,3.0,90032,M,,,90
201000046753,10,7,20,1025,1,2,1,1.0,6.0,90001,M,,,90
201000046754,10,7,20,1045,1,2,1,1.0,1.0,90099,M,,,90
201000046755,10,7,28,1055,1,2,2,3.0,3.0,90010,M,,,90
201000046756,10,7,31,1800,1,2,1,1.0,2.0,90010,M,,,90
201000046757,10,7,31,1940,1,2,2,1.0,3.0,90099,M,,,90
201000046758,10,8,1,428,5,1,1,1.0,7.0,90032,M,,,90
201000046759,10,8,7,2020,1,2,1,1.0,6.0,90032,M,,,90
201000046760,10,8,9,1550,1,1,1,1.0,7.0,90032,M,,,90
201000046761,10,8,12,910,1,2,2,2.0,6.0,90010,M,,,90
201000046762,10,8,17,2340,5,2,2,3.0,3.0,90010,M,,,90
201000046763,10,8,19,1250,1,2,1,1.0,2.0,90010,M,,,90
201000046764,10,8,21,225,4,2,1,1.0,7.0,90010,M,,,90
201000046765,10,8,23,1029,1,2,1,3.0,7.0,90010,M,,,90
201000046766,10,8,25,1640,1,2,1,1.0,3.0,90010,M,,,90
201000046767,10,8,26,1725,1,2,1,1.0,1.0,90001,M,,,90
201000046768,10,8,26,2110,5,2,1,1.0,3.0,90010,M,,,90
201000046769,10,8,28,1825,1,2,1,1.0,6.0,90010,M,,,90
201000046770,10,8,30,1340,1,1,1,3.0,2.0,90076,M,,,90
201000046771,10,8,30,1540,1,2,2,3.0,3.0,90010,M,,,90
201000046772,10,8,30,1600,1,2,1,2.0,2.0,90010,M,,,90
201000046773,10,9,1,755,1,2,2,1.0,4.0,90010,M,,,90
201000046774,10,9,2,2223,5,2,1,1.0,1.0,90008,M,,,90
201000046775,10,9,1,1515,1,2,1,1.0,2.0,90010,M,,,90
201000046776,10,9,5,2100,4,2,3,1.0,3.0,90010,M,,,90
201000046777,10,9,6,2111,5,2,1,1.0,1.0,90032,M,,,90
201000046778,10,9,8,1629,1,2,3,1.0,6.0,90010,M,,,90
201000046779,10,9,8,1721,1,2,3,1.0,6.0,90010,M,,,90
201000046780,10,9,11,1755,1,2,1,1.0,6.0,90010,M,,,90
201000046781,10,9,11,1110,1,2,1,1.0,4.0,90010,M,,,90
201000046782,10,9,13,1410,1,2,3,1.0,7.0,90010,M,,,90
201000046783,10,9,14,1205,1,2,3,1.0,6.0,90010,M,,,90
201000046784,10,9,14,1638,1,2,3,1.0,6.0,90010,M,,,90
201000046785,10,9,14,1740,1,2,3,1.0,6.0,90010,M,,,90
201000046786,10,9,17,1710,1,2,3,1.0,1.0,90075,M,,,90
201000046787,10,9,20,1155,1,2,1,1.0,3.0,90010,M,,,90
201000046788,10,9,21,1700,1,2,1,1.0,2.0,90010,M,,,90
201000046789,10,9,22,830,1,2,2,1.0,2.0,90010,M,,,90
201000046790,10,9,22,1640,1,2,1,1.0,2.0,90010,M,,,90
201000046791,10,9,24,1045,1,2,9,1.0,3.0,90010,M,,,90
201000046792,10,9,27,1325,1,2,1,1.0,6.0,90010,M,,,90
201000046793,10,9,28,1212,1,2,1,1.0,7.0,90010,M,,,90
201000046794,10,9,30,710,2,2,1,1.0,5.0,90010,M,,,90
201000046795,10,10,2,1200,1,2,2,1.0,1.0,90010,M,,,90
201000046796,10,10,2,1954,5,2,2,1.0,1.0,90010,M,,,90
201000046797,10,10,7,935,1,2,2,1.0,4.0,90010,M,,,90
201000046798,10,10,11,1245,1,2,1,1.0,4.0,90039,M,,,90
201000046799,10,10,9,1805,1,2,1,1.0,7.0,90001,M,,,90
201000046800,10,10,10,1150,1,2,6,1.0,3.0,90032,M,,,90
201000046801,10,10,11,1405,1,2,1,1.0,3.0,90010,M,,,90
201000046802,10,10,13,2049,5,2,2,1.0,3.0,90010,M,,,90
201000046803,10,10,14,1430,1,2,1,1.0,6.0,90010,M,,,90
201000046804,10,10,15,2013,5,2,3,1.0,3.0,90010,M,,,90
201000046805,10,10,19,355,5,2,2,1.0,1.0,90010,M,,,90
201000046806,10,10,19,1720,1,2,3,2.0,3.0,90099,M,,,90
201000046807,10,10,20,1420,1,2,3,1.0,3.0,90010,M,,,90
201000046808,10,10,21,2005,5,2,2,1.0,3.0,90010,M,,,90
201000046809,10,10,22,2125,5,2,1,8.0,2.0,90010,M,,,90
201000046810,10,10,23,1200,1,2,1,1.0,7.0,90010,M,,,90
201000046811,10,10,27,659,5,2,6,1.0,3.0,90075,M,,,90
201000046812,10,10,28,1825,2,2,1,1.0,6.0,90010,M,,,90
201000046813,10,10,29,1550,1,2,2,1.0,3.0,90010,M,,,90
201000046814,10,10,30,101,3,2,1,1.0,6.0,90076,M,,,90
201000046815,10,10,30,1810,5,2,1,1.0,3.0,90010,M,,,90
201000046816,10,10,30,2015,3,2,1,2.0,4.0,90008,M,,,90
201000046817,10,10,30,2232,5,2,1,2.0,2.0,90010,M,,,90
201000046818,10,11,5,1405,1,2,1,1.0,6.0,90008,M,,,90
201000046819,10,11,8,1725,4,2,1,2.0,6.0,90010,M,,,90
201000046820,10,11,8,1800,5,2,2,2.0,6.0,90010,M,,,90
201000046821,10,11,10,1030,1,2,1,2.0,3.0,90010,M,,,90
201000046822,10,11,10,1655,2,2,2,3.0,2.0,90010,M,,,90
201000046823,10,11,11,1910,5,2,1,3.0,3.0,90010,M,,,90
201000046824,10,11,15,2215,5,2,1,2.0,6.0,90001,M,,,90
201000046825,10,11,16,2040,5,2,1,1.0,3.0,90039,M,,,90
201000046826,10,11,17,730,1,2,1,1.0,1.0,90099,M,,,90
201000046827,10,11,18,2320,5,2,1,1.0,6.0,90010,M,,,90
201000046828,10,11,19,1920,1,2,1,1.0,6.0,90010,M,,,90
201000046829,10,11,22,1610,1,2,3,2.0,3.0,90010,M,,,90
201000046830,10,11,23,1745,5,2,1,1.0,6.0,90075,M,,,90
201000046831,10,11,25,108,5,2,2,4.0,6.0,90010,M,,,90
201000046832,10,11,27,1200,1,2,1,4.0,6.0,90010,M,,,90
201000046833,10,12,2,1035,1,2,3,1.0,6.0,90010,M,,,90
201000046834,10,12,4,1425,1,2,1,1.0,6.0,90099,M,,,90
201000046835,10,12,4,1845,3,2,1,1.0,2.0,90001,M,,,90
201000046836,10,12,6,1000,1,2,3,2.0,3.0,90010,M,,,90
201000046837,10,12,11,1139,1,2,1,1.0,6.0,90075,M,,,90
201000046838,10,12,12,445,5,2,1,1.0,6.0,90010,M,,,90
201000046839,10,12,13,1322,1,2,1,1.0,6.0,90010,M,,,90
201000046840,10,12,13,1545,1,2,2,1.0,3.0,90010,M,,,90
201000046841,10,12,15,2300,5,2,1,4.0,6.0,90010,M,,,90
201000046842,10,12,20,950,1,2,1,2.0,7.0,90099,M,,,90
201000046843,10,12,24,1415,1,2,1,4.0,3.0,90010,M,,,90
201000046844,10,12,27,1605,1,2,2,4.0,3.0,90010,M,,,90
201000046845,10,12,30,1355,1,2,1,1.0,6.0,90010,M,,,90
201000046846,10,1,29,1430,1,2,1,1.0,3.0,91552,M,,,91
201000046847,10,1,30,2300,3,1,1,1.0,6.0,91103,M,,,91
201000046848,10,1,30,2300,5,2,1,1.0,4.0,91425,M,,,91
201000046849,10,2,1,1910,5,2,1,1.0,6.0,91425,M,,,91
201000046850,10,2,3,1900,3,1,1,1.0,5.0,91425,M,,,91
201000046851,10,2,5,2230,5,1,1,1.0,3.0,91425,M,,,91
201000046852,10,2,10,1230,1,1,1,4.0,4.0,91339,M,,,91
201000046853,10,2,10,1700,1,2,1,1.0,6.0,91021,M,,,91
201000046854,10,2,14,630,5,2,1,4.0,6.0,91021,M,,,91
201000046855,10,1,14,800,1,2,1,1.0,2.0,91347,M,,,91
201000046856,10,2,17,1400,1,1,1,1.0,7.0,91103,M,,,91
201000046857,10,2,27,1545,1,2,1,1.0,6.0,91103,M,,,91
201000046858,10,3,7,120,3,1,1,1.0,2.0,91103,M,,,91
201000046859,10,3,16,715,1,1,1,1.0,5.0,91425,M,,,91
201000046860,10,3,21,1800,1,2,1,1.0,6.0,91339,M,,,91
201000046861,10,3,30,420,3,1,9,1.0,3.0,91339,M,,,91
201000046862,10,4,5,1555,1,2,1,1.0,3.0,91552,M,,,91
201000046863,10,4,16,1905,1,1,1,1.0,2.0,91552,M,,,91
201000046864,10,4,29,1630,1,2,1,1.0,3.0,91021,M,,,91
201000046865,10,4,30,1850,1,1,1,1.0,2.0,91339,M,,,91
201000046866,10,5,5,1830,1,1,1,1.0,2.0,91425,M,,,91
201000046867,10,5,7,1700,1,2,2,1.0,1.0,91347,M,,,91
201000046868,10,5,12,1020,1,1,1,1.0,5.0,91339,M,,,91
201000046869,10,5,12,1505,1,2,1,1.0,3.0,91021,M,,,91
201000046870,10,5,15,1545,1,2,2,1.0,2.0,91103,M,,,91
201000046871,10,6,1,810,1,1,1,1.0,3.0,91552,M,,,91
201000046872,10,6,5,1340,1,1,1,1.0,1.0,91103,M,,,91
201000046873,10,6,9,1430,1,2,1,2.0,2.0,91021,M,,,91
201000046874,10,6,21,1338,1,2,3,1.0,3.0,91103,M,,,91
201000046875,10,6,24,1340,1,2,1,1.0,4.0,91339,M,,,91
201000046876,10,6,28,855,1,2,2,1.0,6.0,91103,M,,,91
201000046877,10,6,28,1515,1,2,3,1.0,2.0,91021,M,,,91
201000046878,10,7,2,1905,1,2,1,1.0,6.0,91339,M,,,91
201000046879,10,7,4,2000,1,2,1,1.0,3.0,91103,M,,,91
201000046880,10,7,12,2115,1,2,2,1.0,3.0,91425,M,,,91
201000046881,10,7,13,1955,1,2,2,1.0,3.0,91347,M,,,91
201000046882,10,7,13,2215,1,2,1,1.0,2.0,91103,M,,,91
201000046883,10,7,24,1940,1,2,1,1.0,2.0,91103,M,,,91
201000046884,10,7,25,2300,5,2,1,1.0,5.0,91425,M,,,91
201000046885,10,7,28,1830,1,2,1,1.0,3.0,91425,M,,,91
201000046886,10,8,7,945,1,2,1,1.0,3.0,91339,M,,,91
201000046887,10,8,18,845,1,2,1,1.0,3.0,91021,M,,,91
201000046888,10,8,19,1820,1,2,1,1.0,1.0,91347,M,,,91
201000046889,10,8,20,1530,1,1,1,1.0,5.0,91457,M,,,91
201000046890,10,8,21,2230,5,2,1,1.0,1.0,91103,M,,,91
201000046891,10,8,23,650,1,2,1,1.0,2.0,91425,M,,,91
201000046892,10,8,26,1900,1,2,1,2.0,1.0,91103,M,,,91
201000046893,10,8,28,1445,1,2,1,1.0,5.0,91103,M,,,91
201000046894,10,8,29,2200,5,2,1,1.0,3.0,91339,M,,,91
201000046895,10,8,31,1110,1,2,1,1.0,2.0,91425,M,,,91
201000046896,10,9,4,1620,1,1,1,1.0,5.0,91339,M,,,91
201000046897,10,9,7,1500,1,1,1,1.0,2.0,91339,M,,,91
201000046898,10,9,7,2155,5,1,1,1.0,2.0,91552,M,,,91
201000046899,10,9,9,820,1,2,1,1.0,3.0,91425,M,,,91
201000046900,10,9,22,1205,1,2,1,1.0,6.0,91021,M,,,91
201000046901,10,9,23,1800,1,2,1,1.0,2.0,91339,M,,,91
201000046902,10,9,23,1250,1,2,2,1.0,3.0,91021,M,,,91
201000046903,10,9,25,1555,1,2,2,1.0,6.0,91103,M,,,91
201000046904,10,9,25,2010,5,2,1,1.0,2.0,91103,M,,,91
201000046905,10,10,2,325,3,2,1,1.0,6.0,91103,M,,,91
201000046906,10,10,7,2120,5,2,3,1.0,4.0,91021,M,,,91
201000046907,10,10,18,1910,5,1,1,1.0,2.0,91103,M,,,91
201000046908,10,10,19,1800,4,2,2,1.0,3.0,91021,M,,,91
201000046909,10,10,21,750,2,2,1,9.0,6.0,91103,M,,,91
201000046910,10,10,21,1940,5,2,2,1.0,3.0,91457,M,,,91
201000046911,10,10,31,1630,1,2,1,1.0,6.0,91103,M,,,91
201000046912,10,11,2,1745,5,2,1,2.0,2.0,91425,M,,,91
201000046913,10,11,2,830,1,1,1,1.0,3.0,91021,M,,,91
201000046914,10,11,9,2115,5,2,1,2.0,2.0,91425,M,,,91
201000046915,10,11,10,730,5,2,1,2.0,4.0,91347,M,,,91
201000046916,10,11,12,1455,1,2,1,2.0,6.0,91103,M,,,91
201000046917,10,11,16,1015,1,2,1,9.0,2.0,91347,M,,,91
201000046918,10,11,24,815,1,2,1,1.0,2.0,91552,M,,,91
201000046919,10,1,14,830,1,2,1,1.0,6.0,91027,M,,,91
201000046920,10,1,21,815,2,1,2,2.0,6.0,91479,M,,,91
201000046921,10,1,23,1515,1,2,1,1.0,6.0,91027,M,,,91
201000046922,10,2,5,1700,1,2,1,1.0,6.0,91027,M,,,91
201000046923,10,2,11,1600,1,2,2,4.0,6.0,91027,M,,,91
201000046924,10,3,17,910,1,2,2,1.0,6.0,91027,M,,,91
201000046925,10,3,18,1300,1,2,1,1.0,2.0,91479,M,,,91
201000046926,10,3,22,1830,1,2,1,1.0,6.0,91027,M,,,91
201000046927,10,4,12,830,1,2,6,1.0,6.0,91479,M,,,91
201000046928,10,4,26,1450,1,2,1,1.0,6.0,91027,M,,,91
201000046929,10,4,29,1200,1,2,1,1.0,6.0,91479,M,,,91
201000046930,10,5,18,1200,1,2,2,1.0,6.0,91027,M,,,91
201000046931,10,6,4,1023,1,2,1,1.0,2.0,91027,M,,,91
201000046932,10,6,6,1630,1,2,2,1.0,6.0,91479,M,,,91
201000046933,10,6,19,1935,1,2,1,1.0,6.0,91027,M,,,91
201000046934,10,6,25,1140,1,2,1,1.0,6.0,91027,M,,,91
201000046935,10,6,29,1110,1,1,1,1.0,6.0,91479,M,,,91
201000046936,10,7,19,700,1,2,1,1.0,6.0,91027,M,,,91
201000046937,10,9,30,740,2,2,1,2.0,6.0,91479,M,,,91
201000046938,10,10,9,1735,1,1,1,1.0,6.0,91479,M,,,91
201000046939,10,10,18,1140,1,2,1,1.0,2.0,91027,M,,,91
201000046940,10,10,20,1755,1,2,1,1.0,6.0,91027,M,,,91
201000046941,10,10,31,115,5,1,1,1.0,6.0,91479,M,,,91
201000046942,10,10,31,2330,5,1,1,1.0,2.0,91479,M,,,91
201000046943,10,11,24,1330,1,2,1,1.0,6.0,91027,M,,,91
201000046944,10,12,23,625,3,2,1,2.0,6.0,91027,M,,,91
201000046945,10,12,30,1745,5,2,2,1.0,1.0,91027,M,,,91
201000046946,10,1,10,740,2,2,1,8.0,6.0,91114,M,,,91
201000046947,10,1,15,1745,1,2,1,1.0,6.0,91514,M,,,91
201000046948,10,1,17,910,1,2,1,1.0,2.0,91514,M,,,91
201000046949,10,1,31,1500,1,2,1,1.0,7.0,91114,M,,,91
201000046950,10,2,3,1940,3,2,1,1.0,6.0,91514,M,,,91
201000046951,10,2,17,1815,5,2,1,5.0,3.0,91114,M,,,91
201000046952,10,2,27,1940,2,2,1,1.0,2.0,91114,M,,,91
201000046953,10,3,3,2100,4,2,1,1.0,6.0,91114,M,,,91
201000046954,10,3,4,1240,1,2,2,1.0,3.0,91114,M,,,91
201000046955,10,3,9,2140,5,2,1,1.0,2.0,91114,M,,,91
201000046956,10,3,19,1700,1,2,1,1.0,6.0,91631,M,,,91
201000046957,10,3,26,1525,1,2,1,1.0,4.0,91114,M,,,91
201000046958,10,3,29,1515,1,2,1,1.0,4.0,91114,M,,,91
201000046959,10,4,3,1230,1,2,1,1.0,2.0,91114,M,,,91
201000046960,10,4,7,1740,1,2,1,1.0,5.0,91114,M,,,91
201000046961,10,4,17,1615,1,2,1,1.0,3.0,91215,M,,,91
201000046962,10,4,20,2300,5,2,1,1.0,3.0,91514,M,,,91
201000046963,10,4,20,2215,5,2,1,1.0,6.0,91114,M,,,91
201000046964,10,4,27,1630,1,2,1,1.0,3.0,91114,M,,,91
201000046965,10,5,8,1140,1,2,1,1.0,2.0,91514,M,,,91
201000046966,10,5,24,1135,1,2,1,1.0,1.0,91114,M,,,91
201000046967,10,5,26,1015,1,2,1,1.0,6.0,91114,M,,,91
201000046968,10,5,27,1410,1,2,1,2.0,7.0,91114,M,,,91
201000046969,10,5,28,1900,1,2,1,1.0,7.0,91114,M,,,91
201000046970,10,6,2,1740,1,2,1,1.0,3.0,91114,M,,,91
201000046971,10,6,15,1520,1,2,1,1.0,3.0,91215,M,,,91
201000046972,10,6,26,1445,1,2,9,1.0,6.0,91514,M,,,91
201000046973,10,7,11,810,1,2,2,1.0,3.0,91114,M,,,91
201000046974,10,7,13,1915,1,1,1,1.0,4.0,91114,M,,,91
201000046975,10,7,14,1505,1,2,1,3.0,1.0,91114,M,,,91
201000046976,10,7,21,1700,1,2,1,1.0,7.0,91114,M,,,91
201000046977,10,7,24,1230,1,2,1,1.0,6.0,91215,M,,,91
201000046978,10,7,28,1920,1,2,3,1.0,3.0,91514,M,,,91
201000046979,10,7,28,2205,2,2,1,1.0,1.0,91097,M,,,91
201000046980,10,8,10,1140,1,1,1,1.0,2.0,91215,M,,,91
201000046981,10,8,16,1135,1,2,1,1.0,2.0,91514,M,,,91
201000046982,10,8,19,1400,1,2,1,1.0,1.0,91215,M,,,91
201000046983,10,8,20,1325,1,2,1,1.0,3.0,91215,M,,,91
201000046984,10,8,23,2150,5,2,2,1.0,7.0,91514,M,,,91
201000046985,10,8,30,1915,2,2,1,1.0,7.0,91114,M,,,91
201000046986,10,9,3,735,2,2,1,1.0,7.0,91114,M,,,91
201000046987,10,9,4,1950,2,2,1,1.0,6.0,91215,M,,,91
201000046988,10,9,6,1215,1,2,1,2.0,6.0,91114,M,,,91
201000046989,10,9,11,1520,1,2,2,1.0,3.0,91114,M,,,91
201000046990,10,9,13,1735,1,2,1,1.0,6.0,91097,M,,,91
201000046991,10,9,19,1230,1,2,1,1.0,6.0,91215,M,,,91
201000046992,10,9,30,1400,1,2,2,1.0,4.0,91114,M,,,91
201000046993,10,10,1,1510,1,2,1,1.0,4.0,91114,M,,,91
201000046994,10,10,10,1940,2,2,1,1.0,3.0,91114,M,,,91
201000046995,10,10,11,1845,2,2,1,1.0,6.0,91114,M,,,91
201000046996,10,10,12,1120,1,2,1,1.0,2.0,91114,M,,,91
201000046997,10,10,16,850,1,2,2,2.0,4.0,91114,M,,,91
201000046998,10,10,27,1335,1,2,1,1.0,4.0,91114,M,,,91
201000046999,10,10,27,1450,1,2,1,1.0,6.0,91514,M,,,91
201000047000,10,11,2,1105,1,1,2,2.0,2.0,91514,M,,,91
201000047001,10,11,14,2030,5,2,1,1.0,6.0,91114,M,,,91
201000047002,10,11,22,1440,1,1,3,1.0,4.0,91514,M,,,91
201000047003,10,12,1,1630,1,2,1,4.0,3.0,91097,M,,,91
201000047004,10,12,14,845,1,1,1,4.0,7.0,91514,M,,,91
201000047005,10,12,21,925,1,2,2,1.0,6.0,91114,M,,,91
201000047006,10,12,26,540,5,2,1,1.0,1.0,91097,M,,,91
201000047007,10,12,30,740,2,2,2,1.0,3.0,91097,M,,,91
201000047008,10,12,31,1805,5,2,1,1.0,4.0,91114,M,,,91
201000047009,10,2,5,1600,1,2,1,1.0,2.0,91174,M,,,91
201000047010,10,2,24,1255,1,2,3,1.0,3.0,91174,M,,,91
201000047011,10,3,17,1910,5,2,1,1.0,6.0,91174,M,,,91
201000047012,10,3,17,925,1,1,1,1.0,2.0,91174,M,,,91
201000047013,10,4,15,830,1,2,1,1.0,2.0,91174,M,,,91
201000047014,10,5,9,1040,2,2,3,1.0,6.0,91174,M,,,91
201000047015,10,7,21,545,2,2,2,1.0,3.0,91174,M,,,91
201000047016,10,7,30,2055,1,2,1,1.0,6.0,91174,M,,,91
201000047017,10,7,31,1545,1,2,1,1.0,4.0,91174,M,,,91
201000047018,10,8,2,1140,1,2,1,1.0,2.0,91174,M,,,91
201000047019,10,8,3,850,1,2,1,1.0,6.0,91174,M,,,91
201000047020,10,8,5,750,1,2,1,1.0,3.0,91174,M,,,91
201000047021,10,9,13,2253,5,2,1,1.0,1.0,91174,M,,,91
201000047022,10,7,29,2030,1,2,1,1.0,6.0,91174,M,,,91
201000047023,10,8,19,855,1,2,3,1.0,3.0,91174,M,,,91
201000047024,10,9,10,950,1,2,1,1.0,6.0,91174,M,,,91
201000047025,10,9,11,1115,1,2,1,1.0,2.0,91174,M,,,91
201000047026,10,8,23,1218,1,2,3,3.0,3.0,91174,M,,,91
201000047027,10,10,5,830,1,2,1,2.0,5.0,91174,M,,,91
201000047028,10,11,3,1745,2,2,1,2.0,3.0,91174,M,,,91
201000047029,10,10,11,1800,1,2,1,1.0,6.0,91174,M,,,91
201000047030,10,10,22,1745,1,2,1,1.0,6.0,91174,M,,,91
201000047031,10,10,21,1115,1,2,3,1.0,6.0,91174,M,,,91
201000047032,10,9,30,1320,1,2,3,1.0,3.0,91174,M,,,91
201000047033,10,10,20,1700,1,2,1,1.0,6.0,91174,M,,,91
201000047034,10,11,5,1240,1,2,2,1.0,3.0,91174,M,,,91
201000047035,10,11,7,1910,5,2,1,1.0,6.0,91174,M,,,91