Num_Acc,an,mois,jour,hrmn,lum,agg,int,atm,col,com,gps,lat,long,dep
201000047036,10,9,29,710,5,1,1,1.0,6.0,91174,M,,,91
201000047037,10,11,10,1715,2,2,1,1.0,6.0,91174,M,,,91
201000047038,10,11,20,1840,5,2,1,1.0,2.0,91174,M,,,91
201000047039,10,12,1,1720,3,2,1,1.0,3.0,91174,M,,,91
201000047040,10,12,8,1215,1,2,1,1.0,3.0,91174,M,,,91
201000047041,10,12,3,945,1,2,6,1.0,3.0,91174,M,,,91
201000047042,10,12,3,1000,1,2,1,7.0,6.0,91174,M,,,91
201000047043,10,11,25,1945,5,2,1,2.0,6.0,91174,M,,,91
201000047044,10,11,24,1550,1,2,2,8.0,3.0,91174,M,,,91
201000047045,10,12,13,1410,1,2,1,2.0,6.0,91174,M,,,91
201000047046,10,1,12,1313,1,2,1,1.0,2.0,91201,M,,,91
201000047047,10,2,3,1548,1,2,1,8.0,6.0,91201,M,,,91
201000047048,10,2,13,2010,5,2,2,1.0,3.0,91657,M,,,91
201000047049,10,1,2,1925,3,2,1,1.0,2.0,91201,M,,,91
201000047050,10,1,14,1950,3,2,1,1.0,6.0,91201,M,,,91
201000047051,10,2,6,1500,1,2,2,1.0,3.0,91657,M,,,91
201000047052,10,2,9,2155,5,2,2,1.0,3.0,91201,M,,,91
201000047053,10,3,17,1715,1,2,2,1.0,7.0,91657,M,,,91
201000047054,10,3,11,1515,1,2,2,1.0,3.0,91657,M,,,91
201000047055,10,3,29,2215,3,2,2,1.0,3.0,91657,M,,,91
201000047056,10,3,23,2040,5,2,1,1.0,2.0,91201,M,,,91
201000047057,10,3,28,1955,2,2,3,1.0,3.0,91201,M,,,91
201000047058,10,4,3,1105,1,2,1,1.0,4.0,91201,M,,,91
201000047059,10,4,7,430,5,2,2,1.0,3.0,91657,M,,,91
201000047060,10,4,9,1505,1,2,1,1.0,2.0,91201,M,,,91
201000047061,10,4,14,1700,1,2,1,1.0,2.0,91657,M,,,91
201000047062,10,4,15,1745,1,2,1,1.0,7.0,91201,M,,,91
201000047063,10,4,18,2045,3,2,2,1.0,3.0,91201,M,,,91
201000047064,10,4,21,1800,1,2,2,1.0,3.0,91657,M,,,91
201000047065,10,4,22,1830,1,2,2,1.0,3.0,91657,M,,,91
201000047066,10,4,23,1220,1,2,1,1.0,2.0,91657,M,,,91
201000047067,10,4,28,1040,1,2,2,1.0,3.0,91201,M,,,91
201000047068,10,5,20,2050,2,2,1,1.0,2.0,91657,M,,,91
201000047069,10,5,26,1910,1,2,2,1.0,3.0,91201,M,,,91
201000047070,10,6,7,800,1,2,2,1.0,3.0,91657,M,,,91
201000047071,10,6,21,1215,1,2,2,1.0,6.0,91657,M,,,91
201000047072,10,6,16,1905,1,2,1,1.0,6.0,91657,M,,,91
201000047073,10,6,28,1250,1,2,2,1.0,3.0,91201,M,,,91
201000047074,10,6,25,1635,1,2,2,1.0,3.0,91657,M,,,91
201000047075,10,6,3,1850,1,2,2,1.0,6.0,91201,M,,,91
201000047076,10,6,11,1105,1,2,2,1.0,3.0,91201,M,,,91
201000047077,10,6,9,2010,1,2,1,1.0,1.0,91201,M,,,91
201000047078,10,6,11,1805,1,2,1,1.0,3.0,91201,M,,,91
201000047079,10,5,30,1305,1,2,1,1.0,3.0,91201,M,,,91
201000047080,10,7,6,1630,1,2,1,1.0,6.0,91201,M,,,91
201000047081,10,7,7,940,1,2,1,1.0,6.0,91657,M,,,91
201000047082,10,7,11,1010,1,2,1,1.0,2.0,91657,M,,,91
201000047083,10,7,13,1405,1,2,1,1.0,2.0,91201,M,,,91
201000047084,10,7,19,1610,1,2,2,1.0,2.0,91657,M,,,91
201000047085,10,7,21,2100,2,2,1,1.0,2.0,91657,M,,,91
201000047086,10,7,22,1520,1,2,1,1.0,2.0,91201,M,,,91
201000047087,10,7,28,1850,1,2,2,1.0,3.0,91657,M,,,91
201000047088,10,8,3,1630,1,2,1,1.0,2.0,91657,M,,,91
201000047089,10,8,14,1330,1,2,2,1.0,3.0,91201,M,,,91
201000047090,10,7,17,2200,5,2,2,1.0,7.0,91657,M,,,91
201000047091,10,9,19,645,5,2,1,1.0,6.0,91657,M,,,91
201000047092,10,9,19,1635,1,2,2,1.0,3.0,91201,M,,,91
201000047093,10,9,20,845,1,2,2,1.0,3.0,91657,M,,,91
201000047094,10,9,21,815,2,2,1,1.0,6.0,91657,M,,,91
201000047095,10,9,22,1900,1,2,1,1.0,3.0,91657,M,,,91
201000047096,10,9,23,1250,1,2,1,1.0,3.0,91201,M,,,91
201000047097,10,9,29,1500,1,2,1,1.0,2.0,91201,M,,,91
201000047098,10,8,29,1520,1,2,1,1.0,6.0,91657,M,,,91
201000047099,10,10,8,2230,5,2,1,1.0,3.0,91657,M,,,91
201000047100,10,10,10,905,1,2,1,1.0,7.0,91201,M,,,91
201000047101,10,9,6,1220,1,2,2,1.0,3.0,91657,M,,,91
201000047102,10,9,8,1635,1,2,1,1.0,6.0,91657,M,,,91
201000047103,10,9,12,1110,1,2,6,1.0,6.0,91657,M,,,91
201000047104,10,10,16,2135,5,2,1,1.0,3.0,91201,M,,,91
201000047105,10,10,17,230,3,2,1,2.0,7.0,91201,M,,,91
201000047106,10,10,11,845,1,2,1,1.0,3.0,91201,M,,,91
201000047107,10,10,18,1240,1,2,1,1.0,3.0,91657,M,,,91
201000047108,10,10,18,1500,2,2,1,1.0,5.0,91201,M,,,91
201000047109,10,10,18,1705,1,2,1,1.0,6.0,91657,M,,,91
201000047110,10,10,19,1130,1,2,1,1.0,6.0,91201,M,,,91
201000047111,10,10,26,1220,1,2,2,1.0,3.0,91657,M,,,91
201000047112,10,10,7,1720,1,2,2,1.0,3.0,91201,M,,,91
201000047113,10,10,24,1315,1,2,1,1.0,3.0,91657,M,,,91
201000047114,10,10,31,945,1,2,1,8.0,2.0,91201,M,,,91
201000047115,10,11,19,1315,1,2,1,1.0,6.0,91201,M,,,91
201000047116,10,11,21,1940,5,2,1,9.0,2.0,91201,M,,,91
201000047117,10,12,2,1620,1,2,1,8.0,1.0,91201,M,,,91
201000047118,10,12,7,1400,1,2,1,8.0,6.0,91201,M,,,91
201000047119,10,12,18,1540,1,2,1,8.0,4.0,91201,M,,,91
201000047120,10,1,13,1850,5,1,9,9.0,3.0,91433,M,,,91
201000047121,10,1,15,2100,3,1,1,1.0,7.0,91469,M,,,91
201000047122,10,1,18,1550,1,1,1,1.0,7.0,91433,M,,,91
201000047123,10,1,23,900,1,2,9,1.0,6.0,91223,M,,,91
201000047124,10,1,25,1500,1,1,1,1.0,6.0,91223,M,,,91
201000047125,10,1,26,1840,3,1,1,1.0,7.0,91223,M,,,91
201000047126,10,1,28,1110,1,2,1,1.0,3.0,91223,M,,,91
201000047127,10,1,28,2025,5,2,1,1.0,7.0,91223,M,,,91
201000047128,10,1,29,1305,1,1,4,1.0,3.0,91433,M,,,91
201000047129,10,1,30,1050,1,1,1,1.0,7.0,91433,M,,,91
201000047130,10,2,3,1645,1,1,1,1.0,2.0,91433,M,,,91
201000047131,10,2,4,1150,1,1,1,1.0,6.0,91223,M,,,91
201000047132,10,2,7,900,1,1,1,1.0,6.0,91223,M,,,91
201000047133,10,2,8,1855,3,1,1,1.0,2.0,91223,M,,,91
201000047134,10,2,11,910,1,1,1,1.0,6.0,91223,M,,,91
201000047135,10,2,11,1115,1,1,1,1.0,6.0,91433,M,,,91
201000047136,10,2,15,845,1,1,1,1.0,3.0,91433,M,,,91
201000047137,10,2,19,1334,1,2,2,1.0,3.0,91223,M,,,91
201000047138,10,2,20,1312,1,1,1,1.0,1.0,91223,M,,,91
201000047139,10,2,27,1635,1,2,6,1.0,3.0,91223,M,,,91
201000047140,10,3,2,844,1,1,1,1.0,4.0,91223,M,,,91
201000047141,10,3,2,1500,1,2,1,1.0,5.0,91223,M,,,91
201000047142,10,3,5,2210,5,2,1,1.0,6.0,91223,M,,,91
201000047143,10,3,27,630,4,1,1,3.0,6.0,91223,M,,,91
201000047144,10,3,30,2115,5,2,2,1.0,1.0,91223,M,,,91
201000047145,10,4,10,240,5,2,1,1.0,7.0,91223,M,,,91
201000047146,10,4,20,1905,1,2,1,1.0,6.0,91223,M,,,91
201000047147,10,4,21,1750,1,2,6,1.0,7.0,91223,M,,,91
201000047148,10,4,23,2000,1,2,1,1.0,4.0,91223,M,,,91
201000047149,10,4,24,1150,1,2,1,1.0,6.0,91223,M,,,91
201000047150,10,4,25,1820,1,2,6,1.0,2.0,91223,M,,,91
201000047151,10,5,4,800,1,1,3,1.0,3.0,91223,M,,,91
201000047152,10,5,17,520,3,1,1,1.0,7.0,91223,M,,,91
201000047153,10,5,21,1925,1,2,6,1.0,7.0,91223,M,,,91
201000047154,10,5,22,1300,1,2,9,1.0,6.0,91223,M,,,91
201000047155,10,6,2,705,1,1,1,1.0,7.0,91433,M,,,91
201000047156,10,6,4,1640,1,1,1,1.0,6.0,91223,M,,,91
201000047157,10,6,6,350,3,1,1,1.0,3.0,91223,M,,,91
201000047158,10,6,6,1235,1,1,1,1.0,7.0,91223,M,,,91
201000047159,10,6,10,925,1,1,1,3.0,6.0,91223,M,,,91
201000047160,10,6,11,1106,1,2,6,1.0,2.0,91223,M,,,91
201000047161,10,6,11,825,1,2,6,1.0,2.0,91223,M,,,91
201000047162,10,6,13,240,5,2,1,1.0,7.0,91223,M,,,91
201000047163,10,6,16,1520,1,1,1,1.0,6.0,91223,M,,,91
201000047164,10,6,29,1805,1,2,4,1.0,3.0,91433,M,,,91
201000047165,10,7,2,2200,1,2,4,1.0,7.0,91223,M,,,91
201000047166,10,7,6,1519,1,2,2,1.0,2.0,91223,M,,,91
201000047167,10,7,7,1750,1,2,1,1.0,7.0,91223,M,,,91
201000047168,10,7,15,455,5,2,1,1.0,2.0,91223,M,,,91
201000047169,10,7,17,1845,1,2,9,1.0,7.0,91223,M,,,91
201000047170,10,7,18,1800,1,1,1,1.0,7.0,91223,M,,,91
201000047171,10,7,28,1345,1,2,1,1.0,7.0,91223,M,,,91
201000047172,10,7,29,1420,1,1,9,1.0,2.0,91223,M,,,91
201000047173,10,7,31,10,3,1,1,1.0,7.0,91223,M,,,91
201000047174,10,8,2,10,5,2,4,1.0,5.0,91223,M,,,91
201000047175,10,8,8,450,5,2,1,1.0,7.0,91223,M,,,91
201000047176,10,8,14,1545,1,2,1,2.0,7.0,91223,M,,,91
201000047177,10,8,14,2330,5,1,1,1.0,7.0,91223,M,,,91
201000047178,10,8,16,1415,1,1,1,1.0,7.0,91223,M,,,91
201000047179,10,8,26,1910,2,1,1,2.0,7.0,91433,M,,,91
201000047180,10,8,27,1350,1,2,1,3.0,7.0,91223,M,,,91
201000047181,10,9,5,1755,1,1,1,1.0,6.0,91433,M,,,91
201000047182,10,9,11,1225,1,1,1,1.0,7.0,91223,M,,,91
201000047183,10,9,14,1355,1,2,1,1.0,6.0,91223,M,,,91
201000047184,10,9,15,920,1,1,1,1.0,6.0,91433,M,,,91
201000047185,10,9,20,1810,1,2,1,1.0,3.0,91223,M,,,91
201000047186,10,9,20,1805,3,1,1,1.0,7.0,91433,M,,,91
201000047187,10,10,1,1025,1,2,1,1.0,3.0,91469,M,,,91
201000047188,10,10,1,1730,1,2,1,1.0,2.0,91223,M,,,91
201000047189,10,10,4,1230,1,2,1,8.0,6.0,91433,M,,,91
201000047190,10,10,7,1730,1,1,1,1.0,7.0,91223,M,,,91
201000047191,10,10,8,1145,1,2,2,1.0,3.0,91223,M,,,91
201000047192,10,10,8,2230,3,1,1,1.0,6.0,91433,M,,,91
201000047193,10,10,15,1240,1,1,1,1.0,7.0,91433,M,,,91
201000047194,10,10,18,755,1,2,1,1.0,6.0,91223,M,,,91
201000047195,10,10,19,1410,1,1,1,1.0,7.0,91433,M,,,91
201000047196,10,10,20,1100,1,2,6,1.0,6.0,91223,M,,,91
201000047197,10,10,21,2105,3,1,1,1.0,7.0,91433,M,,,91
201000047198,10,10,25,1610,1,1,1,1.0,7.0,91223,M,,,91
201000047199,10,10,24,1540,1,1,4,1.0,3.0,91433,M,,,91
201000047200,10,10,24,1635,1,1,1,1.0,7.0,91433,M,,,91
201000047201,10,10,24,1800,1,1,6,1.0,3.0,91433,M,,,91
201000047202,10,10,25,1610,1,2,1,1.0,2.0,91223,M,,,91
201000047203,10,10,26,650,3,1,1,1.0,2.0,91223,M,,,91
201000047204,10,10,27,115,5,2,6,1.0,3.0,91223,M,,,91
201000047205,10,10,29,2009,3,1,1,1.0,1.0,91433,M,,,91
201000047206,10,10,30,1640,1,2,1,1.0,1.0,91223,M,,,91
201000047207,10,11,3,1825,5,1,4,1.0,3.0,91223,M,,,91
201000047208,10,11,6,1740,2,2,1,1.0,6.0,91223,M,,,91
201000047209,10,11,6,1445,1,2,1,1.0,7.0,91223,M,,,91
201000047210,10,11,8,1100,1,1,1,3.0,7.0,91433,M,,,91
201000047211,10,11,8,1635,1,2,3,2.0,3.0,91223,M,,,91
201000047212,10,11,8,1900,4,1,1,1.0,6.0,91223,M,,,91
201000047213,10,11,9,2245,5,2,1,2.0,7.0,91223,M,,,91
201000047214,10,11,10,745,2,1,1,2.0,4.0,91223,M,,,91
201000047215,10,11,10,1100,1,2,1,2.0,2.0,91223,M,,,91
201000047216,10,11,10,1200,1,1,1,2.0,7.0,91433,M,,,91
201000047217,10,11,12,1800,2,1,1,1.0,2.0,91223,M,,,91
201000047218,10,11,12,1700,2,1,1,2.0,7.0,91223,M,,,91
201000047219,10,11,19,1820,3,1,1,1.0,3.0,91223,M,,,91
201000047220,10,11,20,1000,1,1,1,1.0,7.0,91223,M,,,91
201000047221,10,11,25,1300,1,2,1,1.0,1.0,91223,M,,,91
201000047222,10,11,30,1120,1,1,1,4.0,7.0,91223,M,,,91
201000047223,10,12,8,1740,3,1,1,4.0,2.0,91223,M,,,91
201000047224,10,12,15,1800,5,2,1,1.0,6.0,91223,M,,,91
201000047225,10,12,19,110,3,1,1,4.0,7.0,91433,M,,,91
201000047226,10,12,23,1415,1,1,4,1.0,3.0,91469,M,,,91
201000047227,10,12,28,1230,1,2,1,2.0,7.0,91223,M,,,91
201000047228,10,12,28,1945,3,1,1,5.0,7.0,91433,M,,,91
201000047229,10,1,5,1410,1,2,1,1.0,6.0,91228,M,,,91
201000047230,10,1,15,1200,1,2,1,8.0,2.0,91228,M,,,91
201000047231,10,1,21,800,2,1,1,1.0,6.0,91521,M,,,91
201000047232,10,1,23,1800,4,2,1,2.0,6.0,91521,M,,,91
201000047233,10,1,28,810,1,2,1,8.0,6.0,91182,M,,,91
201000047234,10,1,30,1515,1,2,1,1.0,6.0,91521,M,,,91
201000047235,10,2,1,1020,1,2,1,4.0,2.0,91521,M,,,91
201000047236,10,2,4,810,1,2,1,1.0,6.0,91228,M,,,91
201000047237,10,2,8,2030,3,2,1,1.0,2.0,91228,M,,,91
201000047238,10,2,11,1710,1,2,1,4.0,6.0,91228,M,,,91
201000047239,10,2,16,950,1,2,1,1.0,2.0,91182,M,,,91
201000047240,10,2,17,1235,1,2,1,2.0,3.0,91228,M,,,91
201000047241,10,2,23,855,1,2,1,2.0,6.0,91182,M,,,91
201000047242,10,2,23,1055,1,1,2,2.0,3.0,91521,M,,,91
201000047243,10,2,23,1410,1,2,1,1.0,6.0,91228,M,,,91
201000047244,10,2,24,1830,5,2,1,2.0,6.0,91228,M,,,91
201000047245,10,2,25,705,2,2,2,1.0,6.0,91521,M,,,91
201000047246,10,3,4,630,5,2,2,1.0,3.0,91228,M,,,91
201000047247,10,3,6,1620,1,2,1,1.0,3.0,91228,M,,,91
201000047248,10,3,13,1635,1,1,1,1.0,6.0,91182,M,,,91
201000047249,10,3,14,1845,2,2,1,1.0,3.0,91521,M,,,91
201000047250,10,3,22,1045,1,2,1,1.0,3.0,91228,M,,,91
201000047251,10,3,26,1110,1,2,1,1.0,6.0,91521,M,,,91
201000047252,10,3,28,2150,5,2,1,2.0,3.0,91228,M,,,91
201000047253,10,4,8,1730,1,2,1,1.0,3.0,91521,M,,,91
201000047254,10,4,13,1730,1,2,1,1.0,6.0,91228,M,,,91
201000047255,10,4,14,2105,5,2,1,1.0,3.0,91521,M,,,91
201000047256,10,4,29,1855,1,2,1,1.0,6.0,91228,M,,,91
201000047257,10,5,2,950,1,1,1,1.0,2.0,91228,M,,,91
201000047258,10,5,10,1800,1,2,1,2.0,6.0,91521,M,,,91
201000047259,10,5,12,1015,1,2,1,8.0,2.0,91228,M,,,91
201000047260,10,5,16,1640,1,2,1,1.0,3.0,91521,M,,,91
201000047261,10,5,16,2045,1,2,1,1.0,2.0,91521,M,,,91
201000047262,10,5,19,810,1,2,1,1.0,3.0,91228,M,,,91
201000047263,10,5,19,1320,1,2,1,1.0,3.0,91228,M,,,91
201000047264,10,5,22,1205,1,2,1,1.0,6.0,91521,M,,,91
201000047265,10,5,28,1500,1,2,1,1.0,3.0,91228,M,,,91
201000047266,10,6,1,840,1,2,1,1.0,2.0,91182,M,,,91
201000047267,10,6,1,1126,1,2,1,4.0,6.0,91228,M,,,91
201000047268,10,6,10,1145,1,2,1,2.0,6.0,91521,M,,,91
201000047269,10,6,11,1140,1,2,1,1.0,2.0,91228,M,,,91
201000047270,10,6,11,1740,1,2,1,1.0,6.0,91228,M,,,91
201000047271,10,6,12,1535,1,2,1,1.0,1.0,91521,M,,,91
201000047272,10,6,13,1600,1,2,1,1.0,6.0,91521,M,,,91
201000047273,10,6,15,1600,1,2,1,1.0,2.0,91228,M,,,91
201000047274,10,6,21,1405,1,2,1,1.0,1.0,91228,M,,,91
201000047275,10,7,5,2200,2,2,1,1.0,1.0,91182,M,,,91
201000047276,10,7,7,2050,1,1,1,1.0,2.0,91521,M,,,91
201000047277,10,7,17,1620,1,2,1,1.0,2.0,91228,M,,,91
201000047278,10,7,22,1450,1,1,1,1.0,2.0,91228,M,,,91
201000047279,10,7,26,2000,1,2,1,1.0,6.0,91228,M,,,91
201000047280,10,8,4,1115,1,2,1,1.0,6.0,91521,M,,,91
201000047281,10,6,3,725,1,2,1,1.0,3.0,91228,M,,,91
201000047282,10,8,29,2240,3,2,3,8.0,3.0,91521,M,,,91
201000047283,10,9,5,1655,1,2,3,1.0,2.0,91521,M,,,91
201000047284,10,9,14,1530,1,1,1,1.0,6.0,91182,M,,,91
201000047285,10,9,21,805,1,2,1,1.0,6.0,91228,M,,,91
201000047286,10,9,28,2000,3,1,1,1.0,6.0,91228,M,,,91
201000047287,10,10,13,732,1,2,2,1.0,6.0,91228,M,,,91
201000047288,10,10,20,1920,5,2,1,1.0,6.0,91228,M,,,91
201000047289,10,10,21,700,2,2,3,1.0,3.0,91228,M,,,91
201000047290,10,11,6,1725,5,2,1,2.0,6.0,91228,M,,,91
201000047291,10,11,7,545,2,2,2,3.0,3.0,91228,M,,,91
201000047292,10,11,10,1040,1,2,1,2.0,3.0,91228,M,,,91
201000047293,10,11,18,1955,5,2,1,1.0,6.0,91228,M,,,91
201000047294,10,12,16,1130,1,2,3,8.0,3.0,91228,M,,,91
201000047295,10,12,22,1900,5,2,2,2.0,6.0,91228,M,,,91
201000047296,10,1,10,935,1,2,1,4.0,5.0,91326,M,,,91
201000047297,10,2,18,1530,1,2,1,1.0,6.0,91286,M,,,91
201000047298,10,2,18,1315,1,2,1,1.0,6.0,91326,M,,,91
201000047299,10,3,4,1640,1,2,1,1.0,6.0,91687,M,,,91
201000047300,10,3,23,1935,2,2,1,1.0,6.0,91286,M,,,91
201000047301,10,4,16,1950,2,2,3,1.0,3.0,91326,M,,,91
201000047302,10,4,30,1820,1,2,3,1.0,3.0,91434,M,,,91
201000047303,10,5,5,1300,1,2,1,1.0,3.0,91687,M,,,91
201000047304,10,3,24,850,1,2,1,1.0,6.0,91326,M,,,91
201000047305,10,5,18,1150,1,2,1,1.0,3.0,91687,M,,,91
201000047306,10,5,24,1630,1,2,1,1.0,6.0,91687,M,,,91
201000047307,10,5,28,845,1,2,2,1.0,3.0,91687,M,,,91
201000047308,10,6,5,1720,1,2,1,1.0,6.0,91434,M,,,91
201000047309,10,6,30,1840,1,2,2,1.0,3.0,91687,M,,,91
201000047310,10,7,11,1330,1,2,1,1.0,3.0,91687,M,,,91
201000047311,10,6,14,1945,1,2,1,1.0,6.0,91326,M,,,91
201000047312,10,6,30,2140,5,2,1,1.0,6.0,91286,M,,,91
201000047313,10,7,18,1615,1,2,1,1.0,2.0,91326,M,,,91
201000047314,10,7,20,850,1,2,1,1.0,7.0,91687,M,,,91
201000047315,10,8,9,1300,1,2,1,1.0,6.0,91687,M,,,91
201000047316,10,8,11,1540,1,2,1,1.0,2.0,91687,M,,,91
201000047317,10,8,18,1600,1,2,1,1.0,6.0,91286,M,,,91
201000047318,10,8,19,1845,1,2,1,1.0,6.0,91687,M,,,91
201000047319,10,8,30,1850,1,2,1,1.0,6.0,91687,M,,,91
201000047320,10,8,30,1245,1,2,1,1.0,6.0,91286,M,,,91
201000047321,10,9,17,1235,1,2,1,1.0,2.0,91687,M,,,91
201000047322,10,9,14,1800,1,2,3,1.0,6.0,91326,M,,,91
201000047323,10,9,21,1750,1,2,1,1.0,6.0,91326,M,,,91
201000047324,10,10,14,1645,1,2,1,1.0,6.0,91286,M,,,91
201000047325,10,11,5,1430,1,2,2,1.0,3.0,91687,M,,,91
201000047326,10,11,16,730,5,2,1,1.0,6.0,91687,M,,,91
201000047327,10,11,25,1700,2,2,1,4.0,6.0,91286,M,,,91
201000047328,10,12,10,1520,1,2,1,1.0,6.0,91687,M,,,91
201000047329,10,12,23,1315,1,2,3,4.0,3.0,91326,M,,,91
201000047330,10,12,12,2310,5,2,1,1.0,7.0,91434,M,,,91
201000047331,10,4,16,1635,1,2,2,1.0,3.0,91161,M,,,91
201000047332,10,4,29,1530,1,2,1,1.0,3.0,91345,M,,,91
201000047333,10,5,29,1605,1,2,1,1.0,6.0,91161,M,,,91
201000047334,10,6,18,1010,1,2,1,1.0,6.0,91161,M,,,91
201000047335,10,11,16,1630,1,2,5,8.0,6.0,91345,M,,,91
201000047336,10,11,21,345,3,2,1,2.0,3.0,91161,M,,,91
201000047337,10,12,16,745,5,2,3,2.0,6.0,91161,M,,,91
201000047338,10,7,6,1505,1,1,2,1.0,6.0,91161,M,,,91
201000047339,10,2,20,2000,2,2,1,1.0,3.0,91377,M,,,91
201000047340,10,3,2,2020,4,2,1,1.0,6.0,91377,M,,,91
201000047341,10,1,3,1420,1,2,3,1.0,3.0,91691,M,,,91
201000047342,10,1,6,1640,2,1,1,1.0,7.0,91421,M,,,91
201000047343,10,12,16,1830,5,2,6,2.0,7.0,91691,M,,,91
201000047344,10,1,15,2030,5,2,1,1.0,2.0,91691,M,,,91
201000047345,10,1,29,1305,1,1,9,1.0,7.0,91421,M,,,91
201000047346,10,1,31,1100,1,2,1,2.0,6.0,91421,M,,,91
201000047347,10,2,2,1350,1,2,1,1.0,2.0,91191,M,,,91
201000047348,10,2,3,2130,5,1,6,1.0,6.0,91191,M,,,91
201000047349,10,2,17,1030,1,2,6,1.0,6.0,91691,M,,,91
201000047350,10,2,16,1030,1,2,6,1.0,6.0,91691,M,,,91
201000047351,10,2,22,1840,2,2,1,2.0,6.0,91691,M,,,91
201000047352,10,2,17,2200,5,2,3,9.0,2.0,91691,M,,,91
201000047353,10,1,18,2230,5,2,1,1.0,6.0,91691,M,,,91
201000047354,10,3,10,1650,1,2,1,1.0,3.0,91421,M,,,91
201000047355,10,2,5,1450,1,2,1,1.0,2.0,91691,M,,,91
201000047356,10,3,20,520,3,1,1,1.0,2.0,91421,M,,,91
201000047357,10,3,21,1355,1,1,1,8.0,2.0,91421,M,,,91
201000047358,10,3,23,2140,5,2,3,1.0,3.0,91691,M,,,91
201000047359,10,4,3,1,5,2,3,1.0,3.0,91691,M,,,91
201000047360,10,4,3,845,1,1,1,1.0,2.0,91421,M,,,91
201000047361,10,4,15,1610,1,2,6,1.0,7.0,91691,M,,,91
201000047362,10,4,22,245,5,1,1,1.0,7.0,91421,M,,,91
201000047363,10,4,26,1058,1,2,1,1.0,7.0,91191,M,,,91
201000047364,10,4,22,1058,1,2,1,1.0,7.0,91191,M,,,91
201000047365,10,5,2,1555,1,2,1,1.0,6.0,91421,M,,,91
201000047366,10,4,30,1700,1,2,3,1.0,3.0,91691,M,,,91
201000047367,10,5,4,1045,1,1,1,1.0,2.0,91421,M,,,91
201000047368,10,2,15,620,2,1,1,4.0,7.0,91421,M,,,91
201000047369,10,5,25,2240,5,2,2,1.0,3.0,91691,M,,,91
201000047370,10,2,16,745,2,1,1,1.0,7.0,91421,M,,,91
201000047371,10,5,28,2125,5,1,2,1.0,3.0,91421,M,,,91
201000047372,10,6,1,701,1,2,1,1.0,3.0,91421,M,,,91
201000047373,10,6,1,1825,1,2,1,2.0,3.0,91421,M,,,91
201000047374,10,6,2,1500,1,2,1,1.0,6.0,91191,M,,,91
201000047375,10,6,2,1505,1,2,3,1.0,3.0,91691,M,,,91
201000047376,10,6,3,910,1,2,3,1.0,3.0,91691,M,,,91
201000047377,10,6,3,945,1,2,2,1.0,3.0,91421,M,,,91
201000047378,10,5,18,1815,1,2,1,1.0,6.0,91421,M,,,91
201000047379,10,6,8,1400,1,1,1,1.0,3.0,91421,M,,,91
201000047380,10,6,9,915,1,2,1,2.0,3.0,91691,M,,,91
201000047381,10,6,13,1230,1,1,1,1.0,7.0,91421,M,,,91
201000047382,10,6,14,1445,1,1,1,1.0,7.0,91421,M,,,91
201000047383,10,6,16,1250,1,2,1,1.0,3.0,91191,M,,,91
201000047384,10,7,6,1400,1,2,2,1.0,3.0,91421,M,,,91
201000047385,10,7,6,730,1,1,1,1.0,6.0,91191,M,,,91
201000047386,10,7,13,1530,1,2,1,1.0,2.0,91691,M,,,91
201000047387,10,7,18,800,1,2,7,1.0,6.0,91691,M,,,91
201000047388,10,7,17,2000,1,2,2,1.0,3.0,91421,M,,,91
201000047389,10,7,26,1830,1,2,3,1.0,3.0,91421,M,,,91
201000047390,10,7,27,1940,1,2,1,1.0,6.0,91691,M,,,91
201000047391,10,8,2,1925,1,2,2,2.0,3.0,91421,M,,,91
201000047392,10,8,20,1040,1,2,6,1.0,3.0,91421,M,,,91
201000047393,10,9,1,1115,1,2,1,1.0,4.0,91421,M,,,91
201000047394,10,9,2,1745,1,2,1,1.0,3.0,91191,M,,,91
201000047395,10,9,7,1900,1,2,3,1.0,5.0,91691,M,,,91
201000047396,10,9,8,1140,1,2,1,1.0,3.0,91421,M,,,91
201000047397,10,9,9,1605,1,2,1,1.0,6.0,91691,M,,,91
201000047398,10,9,11,1145,1,2,1,1.0,2.0,91421,M,,,91
201000047399,10,9,18,845,1,2,3,1.0,3.0,91421,M,,,91
201000047400,10,9,19,1435,1,2,3,1.0,3.0,91421,M,,,91
201000047401,10,9,24,2015,2,2,1,1.0,2.0,91421,M,,,91
201000047402,10,9,25,1030,1,2,1,8.0,3.0,91421,M,,,91
201000047403,10,10,3,200,5,1,6,1.0,7.0,91691,M,,,91
201000047404,10,10,1,1330,1,2,3,1.0,1.0,91421,M,,,91
201000047405,10,10,5,935,1,1,1,1.0,5.0,91421,M,,,91
201000047406,10,10,11,2135,3,2,1,1.0,1.0,91421,M,,,91
201000047407,10,10,12,815,1,2,1,1.0,2.0,91421,M,,,91
201000047408,10,10,21,1600,1,2,1,1.0,3.0,91691,M,,,91
201000047409,10,10,29,2120,5,2,2,1.0,3.0,91691,M,,,91
201000047410,10,11,6,235,3,2,1,2.0,7.0,91421,M,,,91
201000047411,10,11,6,445,3,1,1,2.0,2.0,91421,M,,,91
201000047412,10,11,9,1645,1,2,1,2.0,6.0,91421,M,,,91
201000047413,10,11,13,230,5,1,1,1.0,7.0,91421,M,,,91
201000047414,10,11,13,1410,1,2,1,1.0,1.0,91421,M,,,91
201000047415,10,11,12,1755,1,2,1,1.0,3.0,91421,M,,,91
201000047416,10,11,23,1730,1,2,6,1.0,3.0,91691,M,,,91
201000047417,10,11,24,1130,1,2,1,1.0,2.0,91691,M,,,91
201000047418,10,11,29,1615,1,2,1,1.0,1.0,91421,M,,,91
201000047419,10,12,10,1405,1,2,1,4.0,2.0,91421,M,,,91
201000047420,10,12,13,655,5,2,1,1.0,6.0,91421,M,,,91