Num_Acc,an,mois,jour,hrmn,lum,agg,int,atm,col,com,gps,lat,long,dep
201000047421,10,12,13,825,1,2,2,2.0,3.0,91421,M,,,91
201000047422,10,12,22,2155,5,2,6,2.0,2.0,91691,M,,,91
201000047423,10,12,8,1240,1,2,1,9.0,2.0,91191,M,,,91
201000047424,10,12,8,1235,1,2,1,9.0,7.0,91691,M,,,91
201000047425,10,12,25,2230,5,2,1,9.0,7.0,91421,M,,,91
201000047426,10,1,1,515,5,2,1,1.0,7.0,91692,M,,,91
201000047427,10,1,14,1620,1,2,1,1.0,6.0,91471,M,,,91
201000047428,10,1,21,1815,4,2,1,1.0,6.0,91064,M,,,91
201000047429,10,1,23,1055,1,2,1,2.0,7.0,91064,M,,,91
201000047430,10,1,26,1640,1,2,1,1.0,7.0,91692,M,,,91
201000047431,10,1,30,1210,1,2,1,1.0,2.0,91064,M,,,91
201000047432,10,2,1,1145,1,2,1,4.0,6.0,91471,M,,,91
201000047433,10,2,2,910,1,2,1,2.0,7.0,91064,M,,,91
201000047434,10,2,2,1905,5,2,1,2.0,6.0,91692,M,,,91
201000047435,10,2,5,805,1,2,1,1.0,6.0,91477,M,,,91
201000047436,10,2,8,1755,2,2,1,2.0,2.0,91312,M,,,91
201000047437,10,2,9,1005,1,2,3,4.0,6.0,91471,M,,,91
201000047438,10,2,14,1415,1,2,1,8.0,7.0,91477,M,,,91
201000047439,10,2,15,840,1,2,1,1.0,7.0,91645,M,,,91
201000047440,10,2,20,830,1,2,1,4.0,7.0,91471,M,,,91
201000047441,10,2,20,1930,5,2,3,1.0,6.0,91471,M,,,91
201000047442,10,2,25,700,1,2,1,2.0,7.0,91471,M,,,91
201000047443,10,3,2,2010,5,2,1,1.0,7.0,91312,M,,,91
201000047444,10,3,8,750,1,2,1,1.0,3.0,91692,M,,,91
201000047445,10,3,15,230,3,2,1,1.0,7.0,91692,M,,,91
201000047446,10,3,16,1235,1,2,3,1.0,3.0,91471,M,,,91
201000047447,10,3,18,1640,1,2,1,1.0,7.0,91064,M,,,91
201000047448,10,3,20,1610,1,2,1,1.0,7.0,91692,M,,,91
201000047449,10,3,21,230,4,2,1,2.0,7.0,91692,M,,,91
201000047450,10,3,22,920,1,2,1,1.0,3.0,91692,M,,,91
201000047451,10,3,25,1230,1,2,1,1.0,7.0,91477,M,,,91
201000047452,10,3,26,1900,4,2,3,1.0,3.0,91645,M,,,91
201000047453,10,3,29,1215,1,2,2,1.0,6.0,91477,M,,,91
201000047454,10,4,1,945,1,2,1,1.0,2.0,91692,M,,,91
201000047455,10,4,1,1030,1,2,1,1.0,3.0,91692,M,,,91
201000047456,10,4,6,1415,1,2,1,1.0,3.0,91471,M,,,91
201000047457,10,4,9,700,2,2,2,1.0,3.0,91471,M,,,91
201000047458,10,4,10,1315,1,2,3,1.0,6.0,91477,M,,,91
201000047459,10,4,10,2055,5,2,3,1.0,2.0,91477,M,,,91
201000047460,10,4,13,1620,1,2,3,1.0,3.0,91471,M,,,91
201000047461,10,4,15,1855,2,2,1,1.0,1.0,91645,M,,,91
201000047462,10,4,22,230,5,2,1,1.0,7.0,91122,M,,,91
201000047463,10,4,24,1610,1,2,1,1.0,3.0,91312,M,,,91
201000047464,10,4,24,2010,1,2,1,1.0,3.0,91477,M,,,91
201000047465,10,5,5,320,3,2,1,1.0,7.0,91692,M,,,91
201000047466,10,5,4,2050,2,2,1,1.0,3.0,91477,M,,,91
201000047467,10,5,5,1825,1,2,1,1.0,4.0,91477,M,,,91
201000047468,10,5,9,1750,1,2,1,1.0,3.0,91122,M,,,91
201000047469,10,5,20,1440,1,1,1,1.0,1.0,91471,M,,,91
201000047470,10,5,24,1505,1,2,1,1.0,7.0,91122,M,,,91
201000047471,10,5,25,1800,1,2,1,1.0,3.0,91064,M,,,91
201000047472,10,5,26,1550,1,2,6,2.0,2.0,91122,M,,,91
201000047473,10,5,27,2120,3,2,1,1.0,7.0,91692,M,,,91
201000047474,10,5,31,810,1,2,1,1.0,7.0,91477,M,,,91
201000047475,10,6,7,2310,3,2,1,1.0,7.0,91312,M,,,91
201000047476,10,6,3,1025,1,2,1,1.0,7.0,91477,M,,,91
201000047477,10,6,11,1040,1,2,1,8.0,2.0,91692,M,,,91
201000047478,10,6,9,1605,1,2,1,2.0,3.0,91477,M,,,91
201000047479,10,6,9,1815,1,2,1,1.0,6.0,91692,M,,,91
201000047480,10,6,10,1137,1,2,1,2.0,7.0,91471,M,,,91
201000047481,10,6,10,1915,1,2,1,3.0,6.0,91692,M,,,91
201000047482,10,6,12,1830,1,2,1,1.0,3.0,91477,M,,,91
201000047483,10,6,16,905,1,2,3,1.0,3.0,91477,M,,,91
201000047484,10,6,21,1915,1,2,3,1.0,3.0,91471,M,,,91
201000047485,10,6,28,2225,5,2,1,1.0,7.0,91645,M,,,91
201000047486,10,6,30,1740,1,2,1,1.0,7.0,91477,M,,,91
201000047487,10,7,6,1535,1,2,3,1.0,3.0,91064,M,,,91
201000047488,10,7,11,1335,1,2,1,1.0,6.0,91692,M,,,91
201000047489,10,7,13,1233,1,2,1,1.0,2.0,91692,M,,,91
201000047490,10,7,13,1820,1,2,1,1.0,7.0,91477,M,,,91
201000047491,10,7,24,2140,2,2,1,1.0,7.0,91122,M,,,91
201000047492,10,7,29,1800,1,2,1,1.0,3.0,91477,M,,,91
201000047493,10,8,3,1748,1,2,1,1.0,2.0,91692,M,,,91
201000047494,10,8,4,1550,1,2,1,1.0,6.0,91692,M,,,91
201000047495,10,8,7,1545,1,2,3,1.0,2.0,91477,M,,,91
201000047496,10,8,8,40,3,2,1,1.0,7.0,91477,M,,,91
201000047497,10,8,15,1905,1,2,1,2.0,2.0,91477,M,,,91
201000047498,10,8,16,1300,1,2,1,2.0,1.0,91312,M,,,91
201000047499,10,8,21,900,1,2,6,1.0,3.0,91645,M,,,91
201000047500,10,8,23,1745,1,2,1,1.0,6.0,91312,M,,,91
201000047501,10,8,29,1230,1,2,1,1.0,3.0,91692,M,,,91
201000047502,10,8,30,1100,1,2,3,1.0,3.0,91471,M,,,91
201000047503,10,8,30,1900,1,2,1,1.0,4.0,91692,M,,,91
201000047504,10,9,1,950,1,2,1,1.0,6.0,91692,M,,,91
201000047505,10,9,2,1940,1,2,1,1.0,6.0,91471,M,,,91
201000047506,10,9,11,940,1,2,1,1.0,7.0,91692,M,,,91
201000047507,10,9,12,1110,1,2,2,2.0,6.0,91122,M,,,91
201000047508,10,9,14,1150,1,2,1,1.0,6.0,91692,M,,,91
201000047509,10,9,14,1845,1,2,1,1.0,6.0,91645,M,,,91
201000047510,10,9,15,1000,1,2,1,2.0,6.0,91122,M,,,91
201000047511,10,9,20,1405,1,2,1,1.0,6.0,91477,M,,,91
201000047512,10,9,20,1655,1,2,1,1.0,7.0,91477,M,,,91
201000047513,10,9,21,1840,1,1,6,1.0,3.0,91692,M,,,91
201000047514,10,9,24,1550,1,2,1,2.0,7.0,91477,M,,,91
201000047515,10,9,26,2130,5,2,1,1.0,6.0,91477,M,,,91
201000047516,10,9,27,1120,1,2,2,1.0,1.0,91477,M,,,91
201000047517,10,9,29,1130,1,2,3,1.0,3.0,91064,M,,,91
201000047518,10,9,29,1630,1,2,1,1.0,6.0,91477,M,,,91
201000047519,10,10,2,1020,1,2,3,2.0,7.0,91312,M,,,91
201000047520,10,10,4,1015,1,2,1,1.0,7.0,91312,M,,,91
201000047521,10,10,7,730,2,2,1,1.0,2.0,91692,M,,,91
201000047522,10,10,8,718,2,2,3,1.0,6.0,91692,M,,,91
201000047523,10,10,11,1800,1,2,1,1.0,7.0,91471,M,,,91
201000047524,10,10,12,930,1,2,1,1.0,7.0,91692,M,,,91
201000047525,10,10,15,1430,1,2,1,1.0,7.0,91645,M,,,91
201000047526,10,10,19,1340,1,2,6,2.0,7.0,91064,M,,,91
201000047527,10,10,25,1233,1,2,1,1.0,2.0,91477,M,,,91
201000047528,10,10,28,200,5,2,1,2.0,7.0,91471,M,,,91
201000047529,10,10,28,1050,1,2,1,1.0,3.0,91064,M,,,91
201000047530,10,10,28,1620,1,1,1,1.0,6.0,91064,M,,,91
201000047531,10,10,29,1615,1,2,3,1.0,1.0,91477,M,,,91
201000047532,10,10,30,1620,1,2,3,1.0,3.0,91471,M,,,91
201000047533,10,10,31,2020,5,2,1,1.0,7.0,91122,M,,,91
201000047534,10,11,4,650,2,2,3,2.0,1.0,91692,M,,,91
201000047535,10,11,4,1645,1,2,3,1.0,2.0,91122,M,,,91
201000047536,10,11,6,1025,1,2,1,3.0,7.0,91477,M,,,91
201000047537,10,11,9,1600,1,2,1,2.0,6.0,91692,M,,,91
201000047538,10,11,10,1730,1,2,1,1.0,6.0,91477,M,,,91
201000047539,10,11,11,2210,5,1,3,1.0,1.0,91645,M,,,91
201000047540,10,11,12,30,5,2,1,1.0,6.0,91477,M,,,91
201000047541,10,11,16,2330,5,2,3,1.0,3.0,91477,M,,,91
201000047542,10,11,18,1545,1,2,1,1.0,6.0,91477,M,,,91
201000047543,10,11,18,1700,2,1,1,1.0,6.0,91064,M,,,91
201000047544,10,11,18,1800,5,2,3,1.0,3.0,91692,M,,,91
201000047545,10,11,19,1815,2,2,1,1.0,7.0,91692,M,,,91
201000047546,10,11,21,1915,2,2,1,2.0,7.0,91471,M,,,91
201000047547,10,11,27,1135,1,1,1,1.0,2.0,91692,M,,,91
201000047548,10,11,29,1945,5,1,3,1.0,2.0,91692,M,,,91
201000047549,10,12,1,1430,1,2,1,1.0,1.0,91645,M,,,91
201000047550,10,12,2,1500,1,2,1,1.0,6.0,91477,M,,,91
201000047551,10,12,5,630,5,2,1,4.0,6.0,91477,M,,,91
201000047552,10,12,9,1500,1,2,1,1.0,6.0,91471,M,,,91
201000047553,10,12,13,1915,5,2,2,1.0,3.0,91312,M,,,91
201000047554,10,12,14,2130,5,2,2,1.0,3.0,91477,M,,,91
201000047555,10,12,17,1300,1,2,1,1.0,7.0,91471,M,,,91
201000047556,10,12,18,2205,5,1,1,4.0,6.0,91692,M,,,91
201000047557,10,12,23,1710,1,2,1,1.0,2.0,91312,M,,,91
201000047558,10,12,24,1415,1,1,1,4.0,1.0,91477,M,,,91
201000047559,10,12,25,1730,2,2,3,4.0,3.0,91122,M,,,91
201000047560,10,1,6,745,5,2,1,1.0,6.0,91216,M,,,91
201000047561,10,1,14,1625,1,2,1,1.0,6.0,91570,M,,,91
201000047562,10,1,22,1730,2,2,2,1.0,7.0,91549,M,,,91
201000047563,10,1,27,1300,1,2,1,1.0,6.0,91549,M,,,91
201000047564,10,1,29,1505,1,2,1,2.0,3.0,91667,M,,,91
201000047565,10,1,29,2330,5,2,1,1.0,6.0,91549,M,,,91
201000047566,10,1,31,1300,1,2,2,1.0,1.0,91549,M,,,91
201000047567,10,2,6,2220,5,2,3,1.0,3.0,91570,M,,,91
201000047568,10,2,19,1625,1,2,1,1.0,6.0,91549,M,,,91
201000047569,10,3,3,1850,5,2,1,1.0,6.0,91549,M,,,91
201000047570,10,3,8,1920,5,2,1,1.0,3.0,91667,M,,,91
201000047571,10,3,11,1515,1,2,2,1.0,6.0,91549,M,,,91
201000047572,10,3,13,1700,1,2,4,1.0,2.0,91549,M,,,91
201000047573,10,3,15,1830,1,2,1,1.0,6.0,91549,M,,,91
201000047574,10,3,22,1818,1,2,1,1.0,6.0,91570,M,,,91
201000047575,10,3,24,1820,1,2,2,1.0,3.0,91549,M,,,91
201000047576,10,3,26,1220,1,2,2,2.0,3.0,91549,M,,,91
201000047577,10,3,26,1855,2,2,1,2.0,2.0,91549,M,,,91
201000047578,10,4,4,1450,1,2,1,8.0,1.0,91570,M,,,91
201000047579,10,4,5,1845,1,2,2,1.0,3.0,91549,M,,,91
201000047580,10,4,6,740,1,2,1,1.0,3.0,91549,M,,,91
201000047581,10,4,13,1945,1,2,2,2.0,3.0,91570,M,,,91
201000047582,10,4,30,1700,1,2,1,1.0,6.0,91549,M,,,91
201000047583,10,5,3,1645,1,2,1,8.0,6.0,91549,M,,,91
201000047584,10,5,11,1600,1,2,1,3.0,6.0,91216,M,,,91
201000047585,10,5,12,925,1,2,1,8.0,7.0,91549,M,,,91
201000047586,10,5,17,1805,1,2,3,1.0,6.0,91216,M,,,91
201000047587,10,5,18,2010,1,2,1,1.0,3.0,91570,M,,,91
201000047588,10,5,20,1350,1,2,1,1.0,6.0,91570,M,,,91
201000047589,10,5,24,1615,1,2,1,1.0,6.0,91549,M,,,91
201000047590,10,5,25,800,1,2,1,1.0,3.0,91570,M,,,91
201000047591,10,5,31,1730,1,2,1,1.0,6.0,91216,M,,,91
201000047592,10,6,2,1815,1,2,1,1.0,1.0,91570,M,,,91
201000047593,10,6,4,1535,1,2,1,7.0,7.0,91549,M,,,91
201000047594,10,6,4,1655,1,2,2,1.0,3.0,91549,M,,,91
201000047595,10,6,16,1350,1,2,1,1.0,3.0,91549,M,,,91
201000047596,10,6,17,145,5,2,3,1.0,7.0,91216,M,,,91
201000047597,10,6,18,2200,2,2,3,1.0,3.0,91549,M,,,91
201000047598,10,6,23,1400,1,2,1,1.0,6.0,91549,M,,,91
201000047599,10,7,4,2010,1,2,3,1.0,3.0,91216,M,,,91
201000047600,10,7,7,955,1,2,1,1.0,3.0,91549,M,,,91
201000047601,10,7,20,820,1,2,6,1.0,3.0,91549,M,,,91
201000047602,10,7,22,1715,1,2,1,1.0,2.0,91667,M,,,91
201000047603,10,7,30,2125,2,2,3,1.0,3.0,91216,M,,,91
201000047604,10,7,31,1200,1,2,7,2.0,3.0,91216,M,,,91
201000047605,10,7,31,1230,1,2,1,2.0,3.0,91667,M,,,91
201000047606,10,8,2,915,1,2,2,1.0,3.0,91549,M,,,91
201000047607,10,8,2,1700,1,2,1,3.0,2.0,91667,M,,,91
201000047608,10,8,5,1810,1,2,1,1.0,7.0,91216,M,,,91
201000047609,10,8,12,1830,1,2,1,1.0,6.0,91549,M,,,91
201000047610,10,8,14,1744,1,2,6,8.0,6.0,91570,M,,,91
201000047611,10,8,16,1735,1,2,9,1.0,6.0,91549,M,,,91
201000047612,10,8,17,1810,1,2,1,1.0,3.0,91216,M,,,91
201000047613,10,8,18,1445,1,2,1,1.0,3.0,91549,M,,,91
201000047614,10,8,22,2345,5,2,1,1.0,2.0,91667,M,,,91
201000047615,10,9,1,1615,1,2,1,1.0,5.0,91549,M,,,91
201000047616,10,9,2,955,1,2,1,1.0,5.0,91549,M,,,91
201000047617,10,9,3,2325,5,2,1,1.0,6.0,91549,M,,,91
201000047618,10,9,7,1350,1,2,6,1.0,3.0,91549,M,,,91
201000047619,10,9,8,1310,1,2,1,2.0,2.0,91549,M,,,91
201000047620,10,9,9,1235,1,2,1,1.0,2.0,91549,M,,,91
201000047621,10,9,9,2025,5,2,1,1.0,6.0,91570,M,,,91
201000047622,10,9,13,735,1,2,6,1.0,3.0,91549,M,,,91
201000047623,10,9,13,1140,1,2,6,1.0,5.0,91570,M,,,91
201000047624,10,9,13,1910,1,2,1,1.0,3.0,91549,M,,,91
201000047625,10,9,17,1440,1,2,1,1.0,4.0,91570,M,,,91
201000047626,10,9,19,1350,1,2,9,1.0,3.0,91549,M,,,91
201000047627,10,9,21,810,1,2,2,1.0,3.0,91216,M,,,91
201000047628,10,9,17,1130,1,2,2,1.0,6.0,91549,M,,,91
201000047629,10,9,22,730,1,2,3,1.0,1.0,91549,M,,,91
201000047630,10,9,23,815,1,2,2,1.0,3.0,91570,M,,,91
201000047631,10,9,24,800,1,2,2,2.0,4.0,91570,M,,,91
201000047632,10,9,27,115,5,2,6,8.0,6.0,91549,M,,,91
201000047633,10,10,11,1640,1,2,1,1.0,6.0,91549,M,,,91
201000047634,10,10,12,1120,1,2,9,1.0,6.0,91549,M,,,91
201000047635,10,10,18,1700,1,2,6,1.0,3.0,91549,M,,,91
201000047636,10,10,22,1600,1,2,1,1.0,6.0,91216,M,,,91
201000047637,10,10,18,745,1,2,1,1.0,3.0,91549,M,,,91
201000047638,10,10,24,945,1,2,1,1.0,3.0,91549,M,,,91
201000047639,10,11,3,1230,1,2,1,1.0,2.0,91549,M,,,91
201000047640,10,11,15,945,1,2,6,1.0,3.0,91570,M,,,91
201000047641,10,11,16,1815,5,2,1,1.0,6.0,91549,M,,,91
201000047642,10,11,16,2045,5,2,1,1.0,6.0,91549,M,,,91
201000047643,10,11,16,2355,5,2,1,5.0,6.0,91570,M,,,91
201000047644,10,11,25,2000,5,2,1,8.0,6.0,91570,M,,,91
201000047645,10,11,27,1720,5,2,2,1.0,3.0,91216,M,,,91
201000047646,10,11,29,920,1,2,2,9.0,3.0,91549,M,,,91
201000047647,10,12,1,1450,1,2,1,4.0,3.0,91549,M,,,91
201000047648,10,12,1,1930,5,2,1,8.0,2.0,91549,M,,,91
201000047649,10,12,2,955,1,2,1,8.0,1.0,91549,M,,,91
201000047650,10,12,8,750,2,2,1,2.0,2.0,91216,M,,,91
201000047651,10,12,8,1830,5,2,1,4.0,2.0,91549,M,,,91
201000047652,10,12,9,1242,1,2,1,4.0,6.0,91570,M,,,91
201000047653,10,12,9,1620,1,2,2,4.0,3.0,91549,M,,,91
201000047654,10,12,11,1825,5,2,1,1.0,1.0,91549,M,,,91
201000047655,10,1,4,1605,1,2,7,1.0,6.0,91432,M,,,91
201000047656,10,1,18,1440,1,2,1,8.0,1.0,91589,M,,,91
201000047657,10,1,28,800,2,2,3,1.0,6.0,91589,M,,,91
201000047658,10,1,28,1855,2,2,3,1.0,3.0,91589,M,,,91
201000047659,10,2,3,859,1,2,3,1.0,6.0,91589,M,,,91
201000047660,10,2,11,717,2,2,3,1.0,6.0,91589,M,,,91
201000047661,10,3,5,2040,5,2,9,8.0,6.0,91589,M,,,91
201000047662,10,3,13,2120,5,2,3,1.0,3.0,91589,M,,,91
201000047663,10,3,15,1340,1,2,1,1.0,6.0,91589,M,,,91
201000047664,10,3,19,1218,1,2,1,1.0,6.0,91589,M,,,91
201000047665,10,3,21,1607,1,2,9,1.0,3.0,91432,M,,,91
201000047666,10,4,14,20,5,2,3,1.0,3.0,91589,M,,,91
201000047667,10,4,19,1455,1,2,1,1.0,2.0,91432,M,,,91
201000047668,10,4,21,750,1,2,3,1.0,3.0,91432,M,,,91
201000047669,10,5,8,1150,1,2,3,1.0,6.0,91589,M,,,91
201000047670,10,5,28,934,1,2,1,1.0,6.0,91589,M,,,91
201000047671,10,6,7,815,1,2,1,1.0,3.0,91589,M,,,91
201000047672,10,6,12,930,1,2,3,1.0,3.0,91589,M,,,91
201000047673,10,6,12,1814,1,2,1,1.0,6.0,91589,M,,,91
201000047674,10,6,14,1715,1,2,3,1.0,3.0,91432,M,,,91
201000047675,10,6,18,1640,1,2,3,1.0,3.0,91589,M,,,91
201000047676,10,7,4,1700,1,2,1,1.0,1.0,91589,M,,,91
201000047677,10,7,6,705,1,2,3,1.0,6.0,91589,M,,,91
201000047678,10,7,17,1225,1,2,3,1.0,6.0,91589,M,,,91
201000047679,10,7,27,2335,5,2,1,1.0,6.0,91589,M,,,91
201000047680,10,8,6,1455,1,1,1,1.0,7.0,91432,M,,,91
201000047681,10,8,7,1230,1,2,1,1.0,2.0,91589,M,,,91
201000047682,10,8,10,1900,1,2,1,1.0,1.0,91589,M,,,91
201000047683,10,8,12,1630,1,2,1,1.0,6.0,91589,M,,,91
201000047684,10,9,8,1610,1,2,3,1.0,3.0,91589,M,,,91
201000047685,10,9,25,1601,1,2,3,1.0,3.0,91589,M,,,91
201000047686,10,11,5,1940,5,2,1,1.0,2.0,91589,M,,,91
201000047687,10,11,17,945,1,2,1,1.0,6.0,91589,M,,,91
201000047688,10,11,25,1653,2,2,1,1.0,7.0,91589,M,,,91
201000047689,10,3,12,1750,1,2,3,1.0,3.0,92002,M,,,92
201000047690,10,1,11,1600,1,2,1,8.0,6.0,92014,M,,,92
201000047691,10,1,24,1110,1,2,2,2.0,3.0,92014,M,,,92
201000047692,10,1,27,2125,5,2,3,1.0,3.0,92014,M,,,92
201000047693,10,2,1,1905,5,2,3,1.0,6.0,92014,M,,,92
201000047694,10,2,8,1835,2,2,2,2.0,3.0,92014,M,,,92
201000047695,10,2,18,1540,1,2,1,1.0,6.0,92014,M,,,92
201000047696,10,2,18,1855,5,2,2,2.0,6.0,92002,M,,,92
201000047697,10,3,22,1320,1,2,1,1.0,6.0,92002,M,,,92
201000047698,10,3,26,1900,2,2,2,1.0,3.0,92002,M,,,92
201000047699,10,3,29,745,1,2,1,1.0,3.0,92002,M,,,92
201000047700,10,4,5,1945,1,2,2,1.0,6.0,92002,M,,,92
201000047701,10,4,27,1645,1,2,2,1.0,2.0,92014,M,,,92
201000047702,10,4,28,1850,1,2,1,1.0,2.0,92002,M,,,92
201000047703,10,5,10,1630,1,2,7,1.0,6.0,92014,M,,,92
201000047704,10,6,3,2340,5,2,1,1.0,3.0,92002,M,,,92
201000047705,10,6,4,1800,1,2,6,1.0,3.0,92002,M,,,92
201000047706,10,6,5,1930,1,2,1,1.0,6.0,92002,M,,,92
201000047707,10,6,12,950,1,2,1,2.0,6.0,92014,M,,,92
201000047708,10,9,20,815,1,2,1,1.0,3.0,92019,M,,,92
201000047709,10,6,24,1820,1,2,1,1.0,6.0,92014,M,,,92
201000047710,10,6,29,1820,1,2,1,1.0,2.0,92014,M,,,92
201000047711,10,7,28,1200,1,2,2,1.0,6.0,92002,M,,,92
201000047712,10,8,7,940,1,2,1,1.0,3.0,92002,M,,,92
201000047713,10,8,16,1525,1,2,2,8.0,3.0,92002,M,,,92
201000047714,10,8,30,1630,1,2,2,1.0,2.0,92002,M,,,92
201000047715,10,9,6,1430,1,2,1,1.0,6.0,92002,M,,,92
201000047716,10,9,28,1620,1,2,3,8.0,6.0,92014,M,,,92
201000047717,10,10,3,1130,1,2,1,1.0,7.0,92002,M,,,92
201000047718,10,10,9,1330,1,2,3,7.0,6.0,92002,M,,,92
201000047719,10,10,14,1505,1,2,2,1.0,6.0,92014,M,,,92
201000047720,10,10,16,1540,1,2,7,1.0,3.0,92014,M,,,92
201000047721,10,10,22,1750,1,2,1,1.0,6.0,92002,M,,,92
201000047722,10,11,14,1720,2,2,1,1.0,3.0,92002,M,,,92
201000047723,10,11,15,2355,5,2,2,1.0,2.0,92014,M,,,92
201000047724,10,11,17,945,1,2,1,1.0,6.0,92002,M,,,92
201000047725,10,11,17,1430,1,2,1,1.0,5.0,92002,M,,,92
201000047726,10,11,26,1010,1,2,2,1.0,6.0,92002,M,,,92
201000047727,10,11,29,1410,1,2,3,1.0,6.0,92002,M,,,92
201000047728,10,12,3,2015,5,2,2,1.0,3.0,92014,M,,,92
201000047729,10,12,4,1125,1,2,1,4.0,2.0,92002,M,,,92
201000047730,10,12,7,1805,5,2,7,1.0,6.0,92002,M,,,92
201000047731,10,12,14,1745,5,2,1,1.0,6.0,92002,M,,,92
201000047732,10,12,16,2335,5,2,2,2.0,3.0,92014,M,,,92
201000047733,10,12,23,1730,5,2,2,1.0,6.0,92014,M,,,92
201000047734,10,12,29,1825,5,2,3,1.0,6.0,92014,M,,,92
201000047735,10,1,7,2240,5,2,2,1.0,3.0,92004,M,,,92
201000047736,10,1,10,1445,1,2,3,1.0,3.0,92004,M,,,92
201000047737,10,1,14,1500,1,2,1,1.0,6.0,92004,M,,,92
201000047738,10,1,15,825,1,2,1,1.0,4.0,92004,M,,,92
201000047739,10,1,16,730,5,2,1,1.0,1.0,92004,M,,,92
201000047740,10,1,16,1515,1,2,1,2.0,6.0,92004,M,,,92
201000047741,10,1,16,1810,2,2,3,9.0,2.0,92004,M,,,92
201000047742,10,1,16,2135,5,1,1,1.0,3.0,92004,M,,,92
201000047743,10,1,20,825,2,2,3,2.0,6.0,92004,M,,,92
201000047744,10,1,24,455,5,2,1,1.0,1.0,92004,M,,,92
201000047745,10,1,28,1745,1,2,1,1.0,6.0,92009,M,,,92
201000047746,10,1,29,1250,1,2,2,1.0,2.0,92004,M,,,92
201000047747,10,2,4,1930,5,2,3,1.0,3.0,92009,M,,,92
201000047748,10,2,12,1550,1,2,1,1.0,3.0,92004,M,,,92
201000047749,10,2,13,450,5,2,2,1.0,6.0,92004,M,,,92
201000047750,10,2,15,630,1,2,3,1.0,6.0,92009,M,,,92
201000047751,10,3,1,1420,1,2,3,1.0,6.0,92004,M,,,92
201000047752,10,3,3,1800,2,2,9,1.0,6.0,92004,M,,,92
201000047753,10,3,4,630,5,2,2,1.0,3.0,92004,M,,,92
201000047754,10,3,4,1500,1,2,3,1.0,6.0,92004,M,,,92
201000047755,10,3,4,1445,1,2,1,1.0,6.0,92004,M,,,92
201000047756,10,3,5,1835,5,2,1,1.0,6.0,92004,M,,,92
201000047757,10,3,11,900,1,2,3,1.0,6.0,92004,M,,,92
201000047758,10,3,14,1600,1,2,4,1.0,6.0,92004,M,,,92
201000047759,10,3,18,215,5,2,6,1.0,6.0,92036,M,,,92
201000047760,10,3,18,810,1,2,1,1.0,3.0,92004,M,,,92
201000047761,10,3,18,2000,4,2,1,1.0,6.0,92004,M,,,92
201000047762,10,3,26,1500,1,2,2,1.0,3.0,92009,M,,,92
201000047763,10,3,27,2320,5,2,3,1.0,2.0,92004,M,,,92
201000047764,10,4,7,1800,1,2,1,2.0,6.0,92004,M,,,92
201000047765,10,4,11,1130,1,2,3,1.0,3.0,92004,M,,,92
201000047766,10,4,13,1725,1,2,3,1.0,3.0,92004,M,,,92
201000047767,10,4,13,2130,5,2,2,2.0,6.0,92004,M,,,92
201000047768,10,4,17,1500,1,2,2,1.0,3.0,92004,M,,,92
201000047769,10,4,19,1410,1,2,2,1.0,3.0,92004,M,,,92
201000047770,10,4,19,2030,3,2,1,1.0,6.0,92004,M,,,92
201000047771,10,4,22,1400,1,2,3,1.0,6.0,92004,M,,,92
201000047772,10,4,28,1215,1,2,1,1.0,6.0,92004,M,,,92
201000047773,10,4,28,1730,1,2,1,1.0,2.0,92004,M,,,92
201000047774,10,4,28,2330,5,2,3,1.0,6.0,92004,M,,,92
201000047775,10,4,30,1000,1,1,2,1.0,6.0,92004,M,,,92
201000047776,10,5,5,2150,5,2,4,1.0,6.0,92009,M,,,92
201000047777,10,5,6,1700,1,2,1,1.0,6.0,92004,M,,,92
201000047778,10,5,11,945,1,2,1,1.0,2.0,92004,M,,,92
201000047779,10,5,20,1000,1,2,3,1.0,6.0,92004,M,,,92
201000047780,10,5,20,1550,1,2,1,1.0,3.0,92004,M,,,92
201000047781,10,5,21,2115,5,2,3,1.0,3.0,92004,M,,,92
201000047782,10,5,31,1430,1,2,4,1.0,3.0,92004,M,,,92
201000047783,10,5,31,1740,1,2,1,1.0,6.0,92004,M,,,92
201000047784,10,6,4,1415,1,2,1,1.0,6.0,92004,M,,,92
201000047785,10,6,5,1630,1,2,2,1.0,2.0,92004,M,,,92
201000047786,10,6,5,1625,1,2,8,1.0,4.0,92004,M,,,92
201000047787,10,6,6,1,5,2,3,1.0,6.0,92004,M,,,92
201000047788,10,6,7,930,1,2,2,1.0,6.0,92009,M,,,92
201000047789,10,6,7,1020,1,2,3,1.0,6.0,92004,M,,,92
201000047790,10,6,12,1820,1,2,3,1.0,2.0,92004,M,,,92
201000047791,10,6,13,1835,1,2,1,1.0,6.0,92004,M,,,92
201000047792,10,6,14,1225,1,2,9,1.0,6.0,92004,M,,,92
201000047793,10,6,16,910,1,2,1,1.0,6.0,92009,M,,,92
201000047794,10,6,17,1115,1,2,1,1.0,3.0,92004,M,,,92
201000047795,10,6,18,1755,1,2,2,1.0,3.0,92004,M,,,92
201000047796,10,6,25,1235,1,2,1,1.0,3.0,92004,M,,,92
201000047797,10,7,2,2235,5,2,1,1.0,3.0,92004,M,,,92
201000047798,10,7,7,730,1,2,1,1.0,6.0,92009,M,,,92
201000047799,10,7,17,940,1,2,3,1.0,3.0,92004,M,,,92
201000047800,10,7,18,330,5,2,9,1.0,6.0,92004,M,,,92
201000047801,10,7,18,2240,1,2,1,1.0,6.0,92009,M,,,92
201000047802,10,7,21,755,1,2,1,1.0,6.0,92009,M,,,92
201000047803,10,7,29,840,1,2,4,1.0,2.0,92004,M,,,92
201000047804,10,7,29,1435,1,2,3,1.0,2.0,92004,M,,,92
201000047805,10,8,8,20,5,2,2,1.0,6.0,92004,M,,,92