Num_Acc,an,mois,jour,hrmn,lum,agg,int,atm,col,com,gps,lat,long,dep
201000047806,10,8,10,1425,1,2,3,1.0,6.0,92004,M,,,92
201000047807,10,8,21,1515,1,2,1,1.0,2.0,92004,M,,,92
201000047808,10,8,24,1700,1,2,2,1.0,1.0,92004,M,,,92
201000047809,10,8,25,915,1,2,2,1.0,6.0,92009,M,,,92
201000047810,10,8,31,930,1,2,1,1.0,6.0,92004,M,,,92
201000047811,10,9,1,1245,1,2,4,1.0,2.0,92004,M,,,92
201000047812,10,9,4,1445,1,2,3,1.0,3.0,92009,M,,,92
201000047813,10,9,8,925,1,2,3,2.0,3.0,92004,M,,,92
201000047814,10,9,9,1530,1,2,2,1.0,3.0,92004,M,,,92
201000047815,10,9,15,1145,1,2,1,1.0,3.0,92009,M,,,92
201000047816,10,9,14,2040,5,2,1,1.0,2.0,92004,M,,,92
201000047817,10,9,18,1555,1,2,1,1.0,2.0,92004,M,,,92
201000047818,10,9,20,1845,1,2,1,1.0,3.0,92009,M,,,92
201000047819,10,9,24,1355,1,2,3,1.0,1.0,92004,M,,,92
201000047820,10,9,26,1920,2,2,2,2.0,3.0,92004,M,,,92
201000047821,10,9,26,1250,1,2,2,1.0,6.0,92004,M,,,92
201000047822,10,9,28,1640,1,2,3,1.0,6.0,92009,M,,,92
201000047823,10,9,29,1550,1,2,9,1.0,6.0,92004,M,,,92
201000047824,10,10,1,1635,1,2,3,2.0,6.0,92009,M,,,92
201000047825,10,10,1,1945,5,2,3,2.0,6.0,92009,M,,,92
201000047826,10,10,6,2140,5,2,1,2.0,2.0,92004,M,,,92
201000047827,10,10,7,1555,1,2,1,1.0,6.0,92009,M,,,92
201000047828,10,10,7,2130,3,2,1,1.0,3.0,92009,M,,,92
201000047829,10,10,8,2020,5,2,1,1.0,6.0,92004,M,,,92
201000047830,10,10,9,1240,1,2,1,1.0,6.0,92004,M,,,92
201000047831,10,10,13,1530,1,2,1,1.0,6.0,92009,M,,,92
201000047832,10,10,20,1445,1,2,2,1.0,3.0,92004,M,,,92
201000047833,10,10,21,44,4,2,2,2.0,3.0,92004,M,,,92
201000047834,10,10,21,905,1,2,3,1.0,3.0,92004,M,,,92
201000047835,10,11,1,500,5,2,1,1.0,6.0,92004,M,,,92
201000047836,10,11,8,1300,1,2,3,2.0,2.0,92004,M,,,92
201000047837,10,11,10,1040,1,2,1,1.0,6.0,92004,M,,,92
201000047838,10,11,10,2000,5,2,2,1.0,6.0,92004,M,,,92
201000047839,10,11,13,1950,5,2,2,1.0,2.0,92004,M,,,92
201000047840,10,11,15,840,1,2,3,1.0,6.0,92004,M,,,92
201000047841,10,11,18,1835,5,2,2,1.0,3.0,92009,M,,,92
201000047842,10,11,19,1745,5,2,1,1.0,6.0,92009,M,,,92
201000047843,10,11,19,1630,2,2,1,1.0,3.0,92004,M,,,92
201000047844,10,11,21,150,5,2,3,2.0,3.0,92004,M,,,92
201000047845,10,11,21,630,5,2,2,2.0,3.0,92004,M,,,92
201000047846,10,11,21,1925,5,2,1,2.0,5.0,92009,M,,,92
201000047847,10,11,29,755,2,2,3,1.0,6.0,92004,M,,,92
201000047848,10,11,29,1250,1,2,3,1.0,3.0,92004,M,,,92
201000047849,10,12,1,855,1,2,3,1.0,3.0,92004,M,,,92
201000047850,10,12,3,900,1,2,3,1.0,2.0,92004,M,,,92
201000047851,10,12,6,1615,1,2,4,1.0,3.0,92004,M,,,92
201000047852,10,12,12,545,5,2,1,1.0,3.0,92004,M,,,92
201000047853,10,12,12,1625,1,2,2,1.0,3.0,92004,M,,,92
201000047854,10,12,13,835,2,2,4,1.0,3.0,92004,M,,,92
201000047855,10,12,13,1020,1,2,4,1.0,6.0,92004,M,,,92
201000047856,10,12,13,1430,1,2,1,1.0,6.0,92004,M,,,92
201000047857,10,12,17,2000,5,2,2,4.0,6.0,92004,M,,,92
201000047858,10,12,23,855,1,2,3,8.0,6.0,92004,M,,,92
201000047859,10,12,25,1500,1,2,6,1.0,6.0,92004,M,,,92
201000047860,10,12,26,1910,5,2,1,1.0,1.0,92004,M,,,92
201000047861,10,12,26,2015,5,2,2,1.0,6.0,92004,M,,,92
201000047862,10,12,28,2045,5,2,3,1.0,6.0,92004,M,,,92
201000047863,10,12,30,740,5,2,1,1.0,3.0,92004,M,,,92
201000047864,10,1,14,745,2,2,3,8.0,6.0,92007,M,,,92
201000047865,10,1,25,1415,1,2,1,1.0,3.0,92007,M,,,92
201000047866,10,1,27,2130,5,2,3,1.0,3.0,92007,M,,,92
201000047867,10,1,29,840,1,2,2,2.0,6.0,92007,M,,,92
201000047868,10,2,4,855,1,2,1,1.0,3.0,92007,M,,,92
201000047869,10,2,7,2115,5,2,1,1.0,2.0,92007,M,,,92
201000047870,10,2,9,1755,2,2,3,1.0,6.0,92007,M,,,92
201000047871,10,2,15,1730,1,2,2,1.0,3.0,92007,M,,,92
201000047872,10,2,17,2010,5,2,1,2.0,6.0,92007,M,,,92
201000047873,10,3,4,1605,1,2,2,1.0,3.0,92007,M,,,92
201000047874,10,4,6,2245,5,2,1,1.0,2.0,92007,M,,,92
201000047875,10,4,7,750,1,2,6,1.0,2.0,92007,M,,,92
201000047876,10,4,15,2305,5,2,3,1.0,6.0,92007,M,,,92
201000047877,10,4,19,1115,1,2,2,1.0,3.0,92007,M,,,92
201000047878,10,4,25,1315,1,2,1,1.0,3.0,92007,M,,,92
201000047879,10,4,30,20,5,2,2,1.0,3.0,92007,M,,,92
201000047880,10,5,5,825,1,2,1,1.0,6.0,92007,M,,,92
201000047881,10,5,6,1945,1,2,1,1.0,3.0,92007,M,,,92
201000047882,10,5,17,1720,1,2,1,1.0,6.0,92007,M,,,92
201000047883,10,5,22,1945,1,2,1,1.0,3.0,92007,M,,,92
201000047884,10,6,25,840,1,2,1,1.0,3.0,92007,M,,,92
201000047885,10,6,28,900,1,2,2,1.0,3.0,92007,M,,,92
201000047886,10,6,28,1715,1,2,1,1.0,4.0,92007,M,,,92
201000047887,10,7,8,1840,1,2,1,1.0,6.0,92007,M,,,92
201000047888,10,8,15,1740,1,2,2,2.0,3.0,92007,M,,,92
201000047889,10,8,19,1950,2,2,2,1.0,3.0,92007,M,,,92
201000047890,10,8,20,1050,1,2,2,1.0,3.0,92007,M,,,92
201000047891,10,9,6,845,1,2,3,1.0,6.0,92007,M,,,92
201000047892,10,9,8,845,1,2,3,2.0,3.0,92007,M,,,92
201000047893,10,9,11,945,1,2,1,1.0,3.0,92007,M,,,92
201000047894,10,9,15,835,1,2,1,2.0,3.0,92007,M,,,92
201000047895,10,9,17,1440,1,2,1,1.0,3.0,92007,M,,,92
201000047896,10,9,17,2130,5,2,2,1.0,3.0,92007,M,,,92
201000047897,10,9,20,745,1,2,3,1.0,3.0,92007,M,,,92
201000047898,10,10,2,610,5,2,2,8.0,3.0,92007,M,,,92
201000047899,10,10,3,1050,1,2,2,1.0,6.0,92007,M,,,92
201000047900,10,10,3,1520,1,2,2,1.0,2.0,92007,M,,,92
201000047901,10,10,7,1740,1,2,2,1.0,3.0,92007,M,,,92
201000047902,10,10,8,2040,5,2,2,1.0,3.0,92007,M,,,92
201000047903,10,10,18,850,2,2,1,1.0,6.0,92007,M,,,92
201000047904,10,10,23,50,5,2,2,1.0,5.0,92007,M,,,92
201000047905,10,11,8,1840,5,2,2,8.0,6.0,92007,M,,,92
201000047906,10,11,8,1940,5,2,4,2.0,2.0,92007,M,,,92
201000047907,10,11,18,2025,5,2,1,2.0,6.0,92007,M,,,92
201000047908,10,11,17,1200,1,2,1,1.0,3.0,92007,M,,,92
201000047909,10,11,25,1455,1,2,2,1.0,3.0,92007,M,,,92
201000047910,10,11,27,1425,1,2,6,1.0,1.0,92007,M,,,92
201000047911,10,12,2,755,5,2,3,3.0,3.0,92007,M,,,92
201000047912,10,12,8,1315,1,2,3,4.0,2.0,92007,M,,,92
201000047913,10,12,7,1810,2,2,3,2.0,6.0,92007,M,,,92
201000047914,10,12,20,810,2,2,4,4.0,2.0,92007,M,,,92
201000047915,10,12,22,1930,5,2,2,3.0,6.0,92007,M,,,92
201000047916,10,12,28,1415,1,2,3,1.0,3.0,92007,M,,,92
201000047917,10,12,28,1745,4,2,2,2.0,3.0,92007,M,,,92
201000047918,10,1,6,1210,1,2,2,1.0,3.0,92012,M,,,92
201000047919,10,1,12,1850,5,2,1,1.0,6.0,92012,M,,,92
201000047920,10,1,9,2020,5,2,1,1.0,4.0,92012,M,,,92
201000047921,10,1,16,1350,1,2,1,1.0,3.0,92012,M,,,92
201000047922,10,1,16,1730,2,2,2,2.0,6.0,92012,M,,,92
201000047923,10,1,19,1500,1,2,1,1.0,6.0,92012,M,,,92
201000047924,10,1,19,1405,1,2,2,1.0,1.0,92012,M,,,92
201000047925,10,1,20,1855,5,2,1,1.0,3.0,92012,M,,,92
201000047926,10,1,20,1720,2,2,1,1.0,4.0,92012,M,,,92
201000047927,10,1,22,1510,1,2,1,1.0,3.0,92012,M,,,92
201000047928,10,1,5,125,5,2,2,1.0,3.0,92012,M,,,92
201000047929,10,1,21,1725,2,2,2,1.0,3.0,92012,M,,,92
201000047930,10,2,2,820,2,2,1,1.0,2.0,92012,M,,,92
201000047931,10,2,3,1110,1,2,1,2.0,2.0,92012,M,,,92
201000047932,10,2,5,105,5,2,1,1.0,6.0,92012,M,,,92
201000047933,10,2,6,1520,1,2,1,1.0,3.0,92012,M,,,92
201000047934,10,2,9,1040,1,2,1,4.0,2.0,92012,M,,,92
201000047935,10,2,9,930,1,2,1,1.0,6.0,92012,M,,,92
201000047936,10,2,9,1750,2,2,1,1.0,6.0,92012,M,,,92
201000047937,10,2,12,1235,1,2,1,1.0,3.0,92012,M,,,92
201000047938,10,2,19,900,1,2,1,1.0,1.0,92012,M,,,92
201000047939,10,2,22,1140,1,2,1,1.0,6.0,92012,M,,,92
201000047940,10,2,20,1318,1,2,1,1.0,2.0,92012,M,,,92
201000047941,10,2,16,910,1,2,1,1.0,6.0,92012,M,,,92
201000047942,10,2,24,1140,1,2,2,1.0,3.0,92012,M,,,92
201000047943,10,2,25,1230,1,2,1,2.0,6.0,92012,M,,,92
201000047944,10,2,27,1950,5,2,1,1.0,1.0,92012,M,,,92
201000047945,10,2,28,1900,5,2,1,1.0,6.0,92012,M,,,92
201000047946,10,3,3,930,1,2,1,1.0,2.0,92012,M,,,92
201000047947,10,3,8,1820,2,2,1,1.0,6.0,92012,M,,,92
201000047948,10,3,5,1330,1,2,1,9.0,3.0,92012,M,,,92
201000047949,10,3,5,2030,5,2,1,1.0,2.0,92012,M,,,92
201000047950,10,3,7,100,5,2,1,1.0,6.0,92012,M,,,92
201000047951,10,3,8,1305,1,2,2,1.0,3.0,92012,M,,,92
201000047952,10,3,19,1600,1,2,1,1.0,6.0,92012,M,,,92
201000047953,10,3,24,1110,1,2,2,1.0,3.0,92012,M,,,92
201000047954,10,3,23,1910,2,2,2,1.0,1.0,92012,M,,,92
201000047955,10,3,26,2255,5,2,2,1.0,3.0,92012,M,,,92
201000047956,10,3,27,1545,1,2,1,1.0,6.0,92012,M,,,92
201000047957,10,3,28,2240,5,2,6,1.0,2.0,92012,M,,,92
201000047958,10,4,2,915,1,2,1,2.0,3.0,92012,M,,,92
201000047959,10,4,14,805,2,2,2,1.0,6.0,92012,M,,,92
201000047960,10,4,14,850,1,2,1,1.0,3.0,92012,M,,,92
201000047961,10,4,14,1600,1,2,1,1.0,6.0,92012,M,,,92
201000047962,10,4,14,1815,1,2,1,1.0,3.0,92012,M,,,92
201000047963,10,4,17,1525,1,2,1,1.0,3.0,92012,M,,,92
201000047964,10,4,25,2155,5,2,1,1.0,6.0,92012,M,,,92
201000047965,10,4,26,1650,1,2,1,1.0,5.0,92012,M,,,92
201000047966,10,4,28,950,1,2,1,1.0,2.0,92012,M,,,92
201000047967,10,4,30,1610,1,2,1,1.0,6.0,92012,M,,,92
201000047968,10,5,3,1135,1,2,1,1.0,2.0,92012,M,,,92
201000047969,10,5,4,1130,1,2,1,6.0,3.0,92012,M,,,92
201000047970,10,5,5,1755,1,2,1,1.0,6.0,92012,M,,,92
201000047971,10,5,6,1910,1,2,1,1.0,3.0,92012,M,,,92
201000047972,10,5,7,1925,1,2,1,1.0,2.0,92012,M,,,92
201000047973,10,5,8,1550,1,2,1,1.0,3.0,92012,M,,,92
201000047974,10,5,9,1025,1,2,2,1.0,3.0,92012,M,,,92
201000047975,10,5,10,2015,1,2,1,1.0,1.0,92012,M,,,92
201000047976,10,5,12,940,1,2,2,1.0,3.0,92012,M,,,92
201000047977,10,5,15,1840,1,2,1,1.0,3.0,92012,M,,,92
201000047978,10,5,18,1400,1,2,1,1.0,3.0,92012,M,,,92
201000047979,10,5,19,40,5,2,1,1.0,3.0,92012,M,,,92
201000047980,10,5,19,1020,1,2,1,1.0,6.0,92012,M,,,92
201000047981,10,5,21,1335,1,2,1,1.0,6.0,92012,M,,,92
201000047982,10,5,26,1550,1,2,1,2.0,6.0,92012,M,,,92
201000047983,10,5,26,1800,1,2,1,1.0,1.0,92012,M,,,92
201000047984,10,5,27,1625,2,2,1,1.0,2.0,92012,M,,,92
201000047985,10,5,29,2015,2,2,2,3.0,3.0,92012,M,,,92
201000047986,10,5,31,2210,5,2,5,1.0,3.0,92012,M,,,92
201000047987,10,6,1,2310,5,2,2,2.0,3.0,92012,M,,,92
201000047988,10,6,3,1500,1,2,1,1.0,6.0,92012,M,,,92
201000047989,10,6,8,840,1,2,1,1.0,6.0,92012,M,,,92
201000047990,10,6,8,1910,1,2,1,1.0,6.0,92012,M,,,92
201000047991,10,6,9,1910,1,2,2,1.0,6.0,92012,M,,,92
201000047992,10,6,9,2125,2,2,2,1.0,3.0,92012,M,,,92
201000047993,10,6,9,1729,1,2,2,2.0,6.0,92012,M,,,92
201000047994,10,6,11,800,1,2,1,1.0,3.0,92012,M,,,92
201000047995,10,6,12,1250,1,2,1,1.0,2.0,92012,M,,,92
201000047996,10,6,14,550,2,2,1,1.0,2.0,92012,M,,,92
201000047997,10,6,21,1240,1,2,1,1.0,6.0,92012,M,,,92
201000047998,10,6,22,900,1,2,2,1.0,3.0,92012,M,,,92
201000047999,10,6,22,1800,1,2,1,1.0,1.0,92012,M,,,92
201000048000,10,6,23,915,1,2,2,1.0,3.0,92012,M,,,92
201000048001,10,6,23,1820,1,2,1,1.0,6.0,92012,M,,,92
201000048002,10,6,25,1625,1,2,1,1.0,3.0,92012,M,,,92
201000048003,10,6,26,2030,1,2,1,1.0,6.0,92012,M,,,92
201000048004,10,6,27,1210,1,2,1,1.0,6.0,92012,M,,,92
201000048005,10,6,28,1140,1,2,1,1.0,6.0,92012,M,,,92
201000048006,10,6,29,2025,1,2,1,1.0,3.0,92012,M,,,92
201000048007,10,6,30,1315,1,2,2,1.0,6.0,92012,M,,,92
201000048008,10,7,2,1800,1,2,2,8.0,6.0,92012,M,,,92
201000048009,10,7,3,2010,2,2,1,8.0,6.0,92012,M,,,92
201000048010,10,7,5,630,1,2,1,1.0,6.0,92012,M,,,92
201000048011,10,7,10,1000,1,2,2,1.0,3.0,92012,M,,,92
201000048012,10,7,12,140,5,2,1,1.0,6.0,92012,M,,,92
201000048013,10,7,13,840,1,2,1,1.0,2.0,92012,M,,,92
201000048014,10,7,13,905,1,2,6,1.0,3.0,92012,M,,,92
201000048015,10,7,15,1010,1,2,2,1.0,6.0,92012,M,,,92
201000048016,10,7,18,1630,1,2,2,1.0,2.0,92012,M,,,92
201000048017,10,7,18,1620,1,2,1,1.0,3.0,92012,M,,,92
201000048018,10,7,29,1825,1,2,1,1.0,6.0,92012,M,,,92
201000048019,10,8,5,925,1,2,1,1.0,3.0,92012,M,,,92
201000048020,10,7,26,2116,1,2,2,1.0,3.0,92012,M,,,92
201000048021,10,8,4,900,1,2,1,1.0,6.0,92012,M,,,92
201000048022,10,8,5,1450,1,2,1,1.0,2.0,92012,M,,,92
201000048023,10,8,5,1540,1,2,1,1.0,6.0,92012,M,,,92
201000048024,10,8,9,1400,1,2,2,1.0,1.0,92012,M,,,92
201000048025,10,8,12,1240,1,2,2,1.0,3.0,92012,M,,,92
201000048026,10,8,15,940,1,2,1,2.0,2.0,92012,M,,,92
201000048027,10,8,16,1230,1,2,2,1.0,6.0,92012,M,,,92
201000048028,10,8,26,825,1,2,2,1.0,6.0,92012,M,,,92
201000048029,10,8,26,1510,1,2,1,1.0,2.0,92012,M,,,92
201000048030,10,8,26,1400,1,2,2,1.0,3.0,92012,M,,,92
201000048031,10,8,27,1150,1,2,2,1.0,3.0,92012,M,,,92
201000048032,10,8,27,1545,1,2,3,2.0,5.0,92012,M,,,92
201000048033,10,8,30,830,1,2,1,1.0,4.0,92012,M,,,92
201000048034,10,8,31,1515,1,2,1,1.0,6.0,92012,M,,,92
201000048035,10,9,10,1210,1,2,1,1.0,4.0,92012,M,,,92
201000048036,10,9,7,1500,1,2,2,1.0,3.0,92012,M,,,92
201000048037,10,9,8,710,2,2,1,2.0,6.0,92012,M,,,92
201000048038,10,9,18,2130,5,2,1,1.0,6.0,92012,M,,,92
201000048039,10,9,22,840,2,2,1,1.0,6.0,92012,M,,,92
201000048040,10,9,29,843,1,2,1,3.0,6.0,92012,M,,,92
201000048041,10,9,26,1110,1,2,6,1.0,3.0,92012,M,,,92
201000048042,10,9,26,1120,1,2,1,1.0,6.0,92012,M,,,92
201000048043,10,9,26,20,5,2,1,1.0,3.0,92012,M,,,92
201000048044,10,9,3,1630,1,2,1,1.0,6.0,92012,M,,,92
201000048045,10,9,4,1535,1,2,1,1.0,6.0,92012,M,,,92
201000048046,10,9,28,2040,1,2,2,1.0,6.0,92012,M,,,92
201000048047,10,9,29,1200,1,2,2,1.0,1.0,92012,M,,,92
201000048048,10,10,5,910,1,2,1,2.0,6.0,92012,M,,,92
201000048049,10,10,8,1140,1,2,2,1.0,3.0,92012,M,,,92
201000048050,10,10,14,1800,1,2,1,1.0,6.0,92012,M,,,92
201000048051,10,10,15,850,1,2,2,1.0,6.0,92012,M,,,92
201000048052,10,10,15,2130,5,2,3,1.0,3.0,92012,M,,,92
201000048053,10,10,20,1650,1,2,1,1.0,6.0,92012,M,,,92
201000048054,10,10,21,1410,1,2,1,1.0,3.0,92012,M,,,92
201000048055,10,10,23,2250,5,2,2,2.0,6.0,92012,M,,,92
201000048056,10,10,25,950,1,2,1,1.0,3.0,92012,M,,,92
201000048057,10,10,25,1245,1,2,1,1.0,6.0,92012,M,,,92
201000048058,10,10,25,1722,1,2,3,1.0,2.0,92012,M,,,92
201000048059,10,10,26,945,1,2,1,1.0,6.0,92012,M,,,92
201000048060,10,10,26,1320,1,2,2,1.0,2.0,92012,M,,,92
201000048061,10,10,28,1445,1,2,1,1.0,6.0,92012,M,,,92
201000048062,10,10,31,715,1,2,2,1.0,3.0,92012,M,,,92
201000048063,10,10,26,2315,5,2,2,1.0,3.0,92012,M,,,92
201000048064,10,11,2,1330,1,2,1,1.0,6.0,92012,M,,,92
201000048065,10,11,3,1005,1,2,6,1.0,6.0,92012,M,,,92
201000048066,10,11,4,756,1,2,1,6.0,3.0,92012,M,,,92
201000048067,10,11,8,1718,5,2,1,1.0,6.0,92012,M,,,92
201000048068,10,11,8,1810,5,2,1,2.0,3.0,92012,M,,,92
201000048069,10,11,7,1335,1,2,1,3.0,6.0,92012,M,,,92
201000048070,10,11,9,1740,2,2,3,2.0,6.0,92012,M,,,92
201000048071,10,11,10,920,1,2,1,1.0,3.0,92012,M,,,92
201000048072,10,11,10,20,5,2,1,2.0,2.0,92012,M,,,92
201000048073,10,11,10,1115,1,2,2,1.0,6.0,92012,M,,,92
201000048074,10,11,12,2,4,2,9,1.0,5.0,92076,M,,,92
201000048075,10,11,12,1558,1,2,1,1.0,6.0,92012,M,,,92
201000048076,10,11,13,1653,2,2,4,2.0,3.0,92012,M,,,92
201000048077,10,11,15,1730,5,2,1,3.0,6.0,92012,M,,,92
201000048078,10,11,16,1705,1,2,1,1.0,6.0,92064,M,,,92
201000048079,10,11,18,1108,1,2,1,1.0,6.0,92012,M,,,92
201000048080,10,11,23,930,1,2,1,1.0,3.0,92012,M,,,92
201000048081,10,11,25,1740,5,2,9,8.0,6.0,92012,M,,,92
201000048082,10,11,30,1505,1,2,1,1.0,2.0,92012,M,,,92
201000048083,10,11,30,1000,1,2,3,1.0,6.0,92012,M,,,92
201000048084,10,11,30,1315,1,2,2,1.0,6.0,92012,M,,,92
201000048085,10,12,1,1215,1,2,1,1.0,6.0,92012,M,,,92
201000048086,10,12,3,2115,5,2,2,1.0,1.0,92012,M,,,92
201000048087,10,12,5,2245,5,2,2,9.0,3.0,92012,M,,,92
201000048088,10,12,5,2107,5,2,2,1.0,3.0,92012,M,,,92
201000048089,10,12,10,1630,1,2,1,1.0,6.0,92012,M,,,92
201000048090,10,12,12,2205,5,2,1,1.0,6.0,92012,M,,,92
201000048091,10,12,13,1225,1,2,1,1.0,6.0,92012,M,,,92
201000048092,10,12,14,1300,1,2,1,1.0,3.0,92012,M,,,92
201000048093,10,12,16,2115,5,2,2,3.0,2.0,92012,M,,,92
201000048094,10,12,17,1435,1,2,1,1.0,3.0,92012,M,,,92
201000048095,10,12,22,1255,1,2,1,1.0,6.0,92012,M,,,92
201000048096,10,12,22,1810,5,2,1,2.0,6.0,92012,M,,,92
201000048097,10,1,12,900,1,2,3,1.0,3.0,92032,M,,,92
201000048098,10,1,18,1120,1,2,1,1.0,6.0,92032,M,,,92
201000048099,10,1,18,800,2,2,1,1.0,6.0,92019,M,,,92
201000048100,10,1,18,1800,5,2,1,1.0,6.0,92032,M,,,92
201000048101,10,1,25,1410,1,2,1,1.0,6.0,92019,M,,,92
201000048102,10,1,28,840,1,2,1,1.0,7.0,92032,M,,,92
201000048103,10,1,29,1840,5,2,1,2.0,6.0,92019,M,,,92
201000048104,10,2,5,1750,1,2,1,1.0,3.0,92019,M,,,92
201000048105,10,2,14,1445,1,2,1,1.0,6.0,92019,M,,,92
201000048106,10,2,15,2010,5,2,1,1.0,6.0,92071,M,,,92
201000048107,10,2,16,1045,1,2,1,1.0,2.0,92019,M,,,92
201000048108,10,2,20,1750,2,2,9,1.0,6.0,92019,M,,,92
201000048109,10,3,3,1750,1,2,2,1.0,3.0,92032,M,,,92
201000048110,10,3,9,2110,5,2,6,1.0,6.0,92019,M,,,92
201000048111,10,3,15,1315,1,2,3,1.0,3.0,92032,M,,,92
201000048112,10,3,18,1950,5,2,2,1.0,6.0,92019,M,,,92
201000048113,10,4,8,1700,1,2,2,1.0,6.0,92019,M,,,92
201000048114,10,4,14,1945,1,2,1,1.0,6.0,92071,M,,,92
201000048115,10,4,18,2020,2,2,1,1.0,3.0,92019,M,,,92
201000048116,10,4,23,1645,1,2,3,1.0,2.0,92019,M,,,92
201000048117,10,5,5,1700,1,2,1,1.0,2.0,92019,M,,,92
201000048118,10,5,6,1350,1,2,1,1.0,7.0,92032,M,,,92
201000048119,10,5,20,2000,1,2,2,1.0,3.0,92071,M,,,92
201000048120,10,5,22,1250,1,2,1,1.0,6.0,92019,M,,,92
201000048121,10,5,26,1720,1,2,2,2.0,3.0,92019,M,,,92
201000048122,10,5,30,1830,1,2,1,1.0,6.0,92019,M,,,92
201000048123,10,6,3,1756,1,2,6,1.0,3.0,92071,M,,,92
201000048124,10,6,5,1040,1,2,6,1.0,3.0,92019,M,,,92
201000048125,10,6,5,1110,1,2,1,1.0,6.0,92019,M,,,92
201000048126,10,6,11,1905,1,2,1,1.0,4.0,92019,M,,,92
201000048127,10,6,12,2125,1,2,1,1.0,1.0,92019,M,,,92
201000048128,10,7,5,845,1,2,2,1.0,2.0,92071,M,,,92
201000048129,10,7,12,1800,1,2,4,1.0,3.0,92032,M,,,92
201000048130,10,7,19,1800,1,2,1,1.0,6.0,92032,M,,,92
201000048131,10,7,30,1310,1,2,6,1.0,3.0,92019,M,,,92
201000048132,10,8,3,1855,1,2,1,1.0,6.0,92019,M,,,92
201000048133,10,8,15,1645,1,2,4,2.0,6.0,92032,M,,,92
201000048134,10,8,26,1825,1,1,5,1.0,6.0,92071,M,,,92
201000048135,10,9,2,840,1,1,1,7.0,6.0,92019,M,,,92
201000048136,10,9,16,820,1,2,2,1.0,3.0,92071,M,,,92
201000048137,10,9,17,1830,1,2,1,1.0,6.0,92019,M,,,92
201000048138,10,9,20,1640,1,2,1,1.0,6.0,92019,M,,,92
201000048139,10,9,23,5,5,2,2,1.0,3.0,92032,M,,,92
201000048140,10,9,24,1815,1,2,9,1.0,7.0,92032,M,,,92
201000048141,10,10,2,2135,5,2,1,1.0,3.0,92019,M,,,92
201000048142,10,10,12,730,2,2,3,1.0,5.0,92032,M,,,92
201000048143,10,10,15,2330,5,2,1,2.0,7.0,92071,M,,,92
201000048144,10,10,20,935,1,2,1,1.0,3.0,92019,M,,,92
201000048145,10,10,21,1020,1,2,1,1.0,1.0,92019,M,,,92
201000048146,10,10,23,1720,1,2,2,1.0,6.0,92019,M,,,92
201000048147,10,10,23,1220,1,2,1,1.0,3.0,92019,M,,,92
201000048148,10,10,29,200,5,2,1,1.0,7.0,92071,M,,,92
201000048149,10,11,9,1430,1,1,1,2.0,7.0,92019,M,,,92
201000048150,10,11,9,2145,5,2,1,2.0,6.0,92071,M,,,92
201000048151,10,11,15,1850,5,2,1,1.0,2.0,92019,M,,,92
201000048152,10,11,23,1750,5,2,1,1.0,6.0,92019,M,,,92
201000048153,10,11,24,1315,1,2,6,1.0,2.0,92019,M,,,92
201000048154,10,11,25,1545,1,2,2,1.0,3.0,92019,M,,,92
201000048155,10,11,26,2110,5,2,1,8.0,3.0,92019,M,,,92
201000048156,10,12,7,1805,5,2,3,2.0,6.0,92019,M,,,92
201000048157,10,12,14,1635,1,2,3,1.0,6.0,92071,M,,,92
201000048158,10,12,22,1835,5,2,6,4.0,6.0,92071,M,,,92
201000048159,10,1,5,1800,5,2,1,1.0,6.0,92023,M,,,92
201000048160,10,1,7,1425,1,2,6,7.0,6.0,92023,M,,,92
201000048161,10,1,16,50,5,2,1,1.0,6.0,92023,M,,,92
201000048162,10,1,20,820,1,2,1,3.0,6.0,92060,M,,,92
201000048163,10,1,19,1315,1,1,1,1.0,6.0,92060,M,,,92
201000048164,10,1,22,1930,5,2,3,1.0,5.0,92023,M,,,92
201000048165,10,12,16,1635,2,2,2,2.0,3.0,92023,M,,,92
201000048166,10,12,17,1430,1,2,3,1.0,7.0,92023,M,,,92
201000048167,10,2,6,1330,1,2,1,2.0,2.0,92060,M,,,92
201000048168,10,2,5,940,1,2,1,1.0,2.0,92023,M,,,92
201000048169,10,2,11,2040,5,2,3,2.0,6.0,92023,M,,,92
201000048170,10,2,13,1820,5,2,1,1.0,3.0,92023,M,,,92
201000048171,10,2,12,1635,1,2,1,1.0,6.0,92023,M,,,92
201000048172,10,2,17,730,2,2,1,2.0,6.0,92023,M,,,92
201000048173,10,2,19,1840,2,2,3,1.0,2.0,92060,M,,,92
201000048174,10,2,26,745,2,2,2,2.0,3.0,92023,M,,,92
201000048175,10,3,11,1223,1,2,1,1.0,6.0,92023,M,,,92
201000048176,10,3,14,1505,1,2,1,1.0,6.0,92023,M,,,92
201000048177,10,4,2,1930,5,2,1,1.0,2.0,92023,M,,,92
201000048178,10,3,23,705,1,2,7,1.0,6.0,92060,M,,,92
201000048179,10,3,22,1900,5,2,1,1.0,6.0,92023,M,,,92
201000048180,10,3,30,945,1,2,2,2.0,6.0,92023,M,,,92
201000048181,10,3,31,1616,1,2,1,1.0,3.0,92023,M,,,92
201000048182,10,3,27,1700,1,2,1,1.0,3.0,92023,M,,,92
201000048183,10,3,25,1230,1,2,2,2.0,3.0,92023,M,,,92
201000048184,10,4,9,800,1,2,1,1.0,6.0,92060,M,,,92
201000048185,10,4,15,1900,1,2,4,1.0,2.0,92023,M,,,92
201000048186,10,5,11,1415,1,2,1,3.0,3.0,92060,M,,,92
201000048187,10,5,14,1230,1,2,4,1.0,2.0,92060,M,,,92
201000048188,10,5,20,1740,1,2,3,1.0,1.0,92023,M,,,92
201000048189,10,5,22,1130,1,2,3,1.0,3.0,92023,M,,,92
201000048190,10,5,24,1905,1,2,2,1.0,2.0,92023,M,,,92