Num_Acc,an,mois,jour,hrmn,lum,agg,int,atm,col,com,gps,lat,long,dep
201000048191,10,5,27,900,1,2,1,1.0,6.0,92060,M,,,92
201000048192,10,5,1,1730,1,2,1,1.0,6.0,92060,M,,,92
201000048193,10,5,7,1650,1,2,2,1.0,4.0,92023,M,,,92
201000048194,10,5,31,1622,1,2,2,1.0,5.0,92023,M,,,92
201000048195,10,6,10,630,2,2,1,2.0,3.0,92023,M,,,92
201000048196,10,6,11,840,1,2,1,1.0,6.0,92023,M,,,92
201000048197,10,6,17,1835,1,2,1,1.0,2.0,92023,M,,,92
201000048198,10,6,21,745,1,2,3,1.0,6.0,92023,M,,,92
201000048199,10,6,22,1800,1,2,2,1.0,3.0,92023,M,,,92
201000048200,10,6,25,1710,1,2,2,1.0,6.0,92023,M,,,92
201000048201,10,6,28,1140,1,2,2,1.0,3.0,92060,M,,,92
201000048202,10,6,28,1405,1,2,1,7.0,3.0,92023,M,,,92
201000048203,10,7,1,1340,1,2,2,7.0,1.0,92060,M,,,92
201000048204,10,7,1,1220,1,2,1,1.0,3.0,92023,M,,,92
201000048205,10,7,3,2145,2,2,2,1.0,3.0,92023,M,,,92
201000048206,10,6,30,2125,2,2,2,1.0,7.0,92023,M,,,92
201000048207,10,7,20,1820,1,2,2,1.0,6.0,92023,M,,,92
201000048208,10,7,24,1625,1,2,3,1.0,3.0,92023,M,,,92
201000048209,10,7,23,1650,1,2,1,1.0,2.0,92023,M,,,92
201000048210,10,7,28,1430,1,2,2,1.0,3.0,92060,M,,,92
201000048211,10,7,29,800,1,2,3,1.0,3.0,92060,M,,,92
201000048212,10,8,2,1500,1,2,1,1.0,6.0,92023,M,,,92
201000048213,10,8,7,1725,1,2,4,7.0,2.0,92023,M,,,92
201000048214,10,8,9,915,1,2,1,1.0,1.0,92023,M,,,92
201000048215,10,8,12,925,1,2,1,1.0,3.0,92023,M,,,92
201000048216,10,8,13,745,1,2,1,1.0,6.0,92060,M,,,92
201000048217,10,8,21,1700,1,2,1,1.0,3.0,92023,M,,,92
201000048218,10,8,26,1850,1,2,2,2.0,3.0,92023,M,,,92
201000048219,10,8,25,1820,1,2,1,1.0,2.0,92023,M,,,92
201000048220,10,9,12,600,3,2,1,1.0,7.0,92023,M,,,92
201000048221,10,9,13,1640,1,2,1,1.0,6.0,92060,M,,,92
201000048222,10,9,9,1700,1,2,1,2.0,2.0,92023,M,,,92
201000048223,10,9,2,1800,1,2,1,1.0,3.0,92023,M,,,92
201000048224,10,9,8,1550,1,2,2,2.0,6.0,92023,M,,,92
201000048225,10,9,9,1655,1,2,1,3.0,4.0,92060,M,,,92
201000048226,10,9,16,1920,2,2,6,1.0,6.0,92023,M,,,92
201000048227,10,9,15,835,2,2,3,2.0,1.0,92023,M,,,92
201000048228,10,9,20,810,1,2,3,1.0,3.0,92023,M,,,92
201000048229,10,9,17,1720,1,2,1,1.0,3.0,92023,M,,,92
201000048230,10,9,19,1335,1,2,6,1.0,3.0,92023,M,,,92
201000048231,10,9,19,1110,1,2,4,1.0,3.0,92060,M,,,92
201000048232,10,9,20,2135,2,2,1,1.0,2.0,92060,M,,,92
201000048233,10,9,29,1030,1,2,4,1.0,3.0,92023,M,,,92
201000048234,10,9,29,900,1,2,1,1.0,6.0,92023,M,,,92
201000048235,10,10,17,145,5,2,2,1.0,2.0,92023,M,,,92
201000048236,10,10,8,950,1,2,1,1.0,6.0,92023,M,,,92
201000048237,10,10,12,140,5,2,2,1.0,3.0,92023,M,,,92
201000048238,10,10,14,735,2,2,3,1.0,6.0,92023,M,,,92
201000048239,10,10,26,2235,5,2,2,1.0,2.0,92023,M,,,92
201000048240,10,10,26,900,1,2,1,1.0,2.0,92060,M,,,92
201000048241,10,10,26,1950,5,2,1,1.0,4.0,92023,M,,,92
201000048242,10,10,29,1515,1,2,2,1.0,6.0,92023,M,,,92
201000048243,10,11,3,1600,1,2,2,8.0,3.0,92023,M,,,92
201000048244,10,11,10,945,1,2,1,2.0,6.0,92023,M,,,92
201000048245,10,11,19,1835,5,2,3,1.0,2.0,92060,M,,,92
201000048246,10,11,20,1900,5,2,2,1.0,3.0,92023,M,,,92
201000048247,10,12,3,2030,5,2,2,1.0,6.0,92023,M,,,92
201000048248,10,12,4,1120,1,2,1,4.0,6.0,92023,M,,,92
201000048249,10,12,12,1905,5,2,1,1.0,2.0,92023,M,,,92
201000048250,10,12,14,2200,4,2,1,1.0,3.0,92023,M,,,92
201000048251,10,12,31,320,5,2,3,1.0,3.0,92024,M,,,92
201000048252,10,12,30,1450,1,2,1,1.0,2.0,92024,M,,,92
201000048253,10,1,2,1835,5,2,1,1.0,6.0,92024,M,,,92
201000048254,10,1,7,1200,1,2,1,1.0,6.0,92024,M,,,92
201000048255,10,1,8,910,1,2,3,1.0,6.0,92024,M,,,92
201000048256,10,1,13,725,2,2,4,4.0,6.0,92024,M,,,92
201000048257,10,1,21,1355,1,2,1,1.0,6.0,92024,M,,,92
201000048258,10,1,22,1640,1,2,2,1.0,6.0,92024,M,,,92
201000048259,10,1,22,2320,5,2,2,1.0,3.0,92024,M,,,92
201000048260,10,1,29,920,1,2,6,2.0,4.0,92024,M,,,92
201000048261,10,2,2,1205,1,2,1,2.0,3.0,92024,M,,,92
201000048262,10,2,6,1240,1,2,1,2.0,3.0,92024,M,,,92
201000048263,10,2,10,1255,1,2,1,1.0,6.0,92024,M,,,92
201000048264,10,2,10,1705,1,2,1,2.0,3.0,92024,M,,,92
201000048265,10,2,18,1225,1,2,2,1.0,6.0,92024,M,,,92
201000048266,10,2,20,1540,1,2,2,1.0,3.0,92024,M,,,92
201000048267,10,2,23,1635,1,2,1,1.0,6.0,92024,M,,,92
201000048268,10,2,25,740,1,2,1,2.0,6.0,92024,M,,,92
201000048269,10,3,1,845,1,2,2,1.0,7.0,92024,M,,,92
201000048270,10,3,9,1405,1,2,2,1.0,3.0,92024,M,,,92
201000048271,10,3,10,1350,1,2,1,1.0,6.0,92024,M,,,92
201000048272,10,3,12,1945,5,2,2,1.0,6.0,92024,M,,,92
201000048273,10,3,22,1150,1,2,1,1.0,6.0,92024,M,,,92
201000048274,10,3,23,1845,5,2,1,1.0,6.0,92024,M,,,92
201000048275,10,3,25,1345,1,2,1,2.0,2.0,92024,M,,,92
201000048276,10,3,30,400,5,2,1,1.0,6.0,92024,M,,,92
201000048277,10,3,30,1150,1,2,1,1.0,2.0,92024,M,,,92
201000048278,10,3,30,1945,1,2,1,1.0,6.0,92024,M,,,92
201000048279,10,4,4,145,5,2,3,1.0,3.0,92024,M,,,92
201000048280,10,4,4,555,5,2,1,1.0,1.0,92024,M,,,92
201000048281,10,4,12,845,1,2,1,1.0,5.0,92024,M,,,92
201000048282,10,4,12,1825,1,2,1,1.0,3.0,92024,M,,,92
201000048283,10,4,12,1935,1,2,1,1.0,5.0,92024,M,,,92
201000048284,10,4,14,1105,1,2,1,1.0,5.0,92024,M,,,92
201000048285,10,4,15,1845,1,2,1,1.0,3.0,92024,M,,,92
201000048286,10,5,2,1505,1,2,1,2.0,2.0,92024,M,,,92
201000048287,10,5,2,1950,1,2,3,1.0,3.0,92024,M,,,92
201000048288,10,5,8,2135,5,2,2,2.0,3.0,92024,M,,,92
201000048289,10,5,11,1040,1,2,2,2.0,3.0,92024,M,,,92
201000048290,10,5,15,1430,1,2,2,1.0,3.0,92024,M,,,92
201000048291,10,5,16,2040,1,2,2,1.0,5.0,92024,M,,,92
201000048292,10,5,17,1325,1,2,1,1.0,6.0,92024,M,,,92
201000048293,10,5,20,910,1,2,1,1.0,2.0,92024,M,,,92
201000048294,10,5,20,1000,1,2,5,1.0,3.0,92024,M,,,92
201000048295,10,5,24,945,1,2,6,1.0,3.0,92024,M,,,92
201000048296,10,5,26,1335,1,2,2,1.0,3.0,92024,M,,,92
201000048297,10,5,26,2105,1,2,2,1.0,3.0,92024,M,,,92
201000048298,10,5,28,1545,1,2,1,1.0,3.0,92024,M,,,92
201000048299,10,5,28,1835,1,2,1,1.0,6.0,92024,M,,,92
201000048300,10,5,31,1825,1,2,3,1.0,3.0,92024,M,,,92
201000048301,10,6,2,1030,1,2,1,1.0,3.0,92024,M,,,92
201000048302,10,6,2,1850,1,2,1,1.0,6.0,92024,M,,,92
201000048303,10,6,5,1515,1,2,1,1.0,2.0,92024,M,,,92
201000048304,10,6,8,725,1,2,1,1.0,5.0,92024,M,,,92
201000048305,10,6,11,1555,1,2,1,1.0,2.0,92024,M,,,92
201000048306,10,6,14,2045,1,2,1,1.0,2.0,92024,M,,,92
201000048307,10,6,15,825,1,2,3,1.0,3.0,92024,M,,,92
201000048308,10,6,17,1235,1,2,1,1.0,3.0,92024,M,,,92
201000048309,10,6,18,2315,5,1,1,1.0,3.0,92024,M,,,92
201000048310,10,6,23,1815,1,2,2,1.0,6.0,92024,M,,,92
201000048311,10,6,24,2255,5,2,2,1.0,6.0,92024,M,,,92
201000048312,10,3,26,1655,1,2,1,1.0,6.0,92024,M,,,92
201000048313,10,6,29,1035,1,2,3,1.0,6.0,92024,M,,,92
201000048314,10,6,26,1410,1,2,1,1.0,6.0,92024,M,,,92
201000048315,10,7,1,1115,1,2,1,1.0,6.0,92024,M,,,92
201000048316,10,7,3,1030,1,2,1,1.0,2.0,92024,M,,,92
201000048317,10,7,8,1245,1,2,2,1.0,6.0,92024,M,,,92
201000048318,10,7,15,1735,1,2,1,1.0,3.0,92024,M,,,92
201000048319,10,7,7,850,1,2,1,1.0,6.0,92024,M,,,92
201000048320,10,7,1,2010,1,2,1,1.0,6.0,92024,M,,,92
201000048321,10,7,3,2245,5,2,1,1.0,3.0,92024,M,,,92
201000048322,10,7,20,1820,1,2,1,1.0,6.0,92024,M,,,92
201000048323,10,7,24,2005,1,2,4,1.0,3.0,92024,M,,,92
201000048324,10,8,10,1355,1,2,3,1.0,3.0,92024,M,,,92
201000048325,10,8,10,1910,1,2,1,1.0,6.0,92024,M,,,92
201000048326,10,8,10,2035,2,2,1,3.0,6.0,92024,M,,,92
201000048327,10,8,20,1140,1,2,1,1.0,2.0,92024,M,,,92
201000048328,10,8,21,1950,1,2,1,1.0,2.0,92024,M,,,92
201000048329,10,8,25,1000,1,2,6,1.0,3.0,92024,M,,,92
201000048330,10,8,31,2005,2,2,1,1.0,6.0,92024,M,,,92
201000048331,10,9,3,1255,1,2,3,1.0,6.0,92024,M,,,92
201000048332,10,9,7,700,1,2,5,1.0,3.0,92024,M,,,92
201000048333,10,9,11,1815,1,2,1,1.0,6.0,92024,M,,,92
201000048334,10,9,18,2240,5,2,2,1.0,3.0,92024,M,,,92
201000048335,10,9,19,1555,1,2,1,1.0,3.0,92024,M,,,92
201000048336,10,9,19,1615,1,2,1,1.0,2.0,92024,M,,,92
201000048337,10,9,21,2040,5,1,1,1.0,3.0,92024,M,,,92
201000048338,10,9,22,1825,1,2,1,1.0,6.0,92024,M,,,92
201000048339,10,9,22,1940,2,2,1,1.0,6.0,92024,M,,,92
201000048340,10,9,26,1800,1,2,1,2.0,6.0,92024,M,,,92
201000048341,10,9,27,1715,1,2,3,1.0,6.0,92024,M,,,92
201000048342,10,9,30,1000,1,2,2,1.0,3.0,92024,M,,,92
201000048343,10,10,3,1805,1,2,1,1.0,6.0,92024,M,,,92
201000048344,10,10,5,2115,5,2,6,2.0,3.0,92024,M,,,92
201000048345,10,10,6,1610,1,2,1,1.0,6.0,92024,M,,,92
201000048346,10,10,6,2100,5,2,3,2.0,3.0,92024,M,,,92
201000048347,10,10,7,1220,1,2,2,1.0,6.0,92024,M,,,92
201000048348,10,10,10,1545,1,2,1,1.0,3.0,92024,M,,,92
201000048349,10,10,13,2235,5,2,2,1.0,3.0,92024,M,,,92
201000048350,10,10,16,1830,1,2,2,1.0,3.0,92024,M,,,92
201000048351,10,10,16,1945,2,2,2,1.0,6.0,92024,M,,,92
201000048352,10,10,18,1805,1,2,1,1.0,6.0,92024,M,,,92
201000048353,10,10,18,2150,5,2,2,1.0,3.0,92024,M,,,92
201000048354,10,10,20,1945,5,2,1,1.0,2.0,92024,M,,,92
201000048355,10,10,22,825,1,2,1,1.0,6.0,92024,M,,,92
201000048356,10,11,2,1655,2,2,1,1.0,6.0,92024,M,,,92
201000048357,10,11,1,2040,5,2,2,1.0,3.0,92024,M,,,92
201000048358,10,11,3,1415,1,2,4,1.0,3.0,92024,M,,,92
201000048359,10,11,8,1825,5,2,1,2.0,6.0,92024,M,,,92
201000048360,10,11,9,1305,1,2,1,2.0,2.0,92024,M,,,92
201000048361,10,11,12,1225,1,2,2,1.0,3.0,92024,M,,,92
201000048362,10,11,16,825,2,2,1,1.0,3.0,92024,M,,,92
201000048363,10,11,16,1705,2,2,1,1.0,6.0,92024,M,,,92
201000048364,10,11,17,1655,2,2,1,1.0,3.0,92024,M,,,92
201000048365,10,11,19,235,5,2,1,2.0,2.0,92024,M,,,92
201000048366,10,11,22,2110,5,2,1,1.0,2.0,92024,M,,,92
201000048367,10,12,1,1950,5,2,1,4.0,6.0,92024,M,,,92
201000048368,10,12,12,735,5,2,1,1.0,6.0,92024,M,,,92
201000048369,10,12,16,1650,2,2,4,1.0,1.0,92024,M,,,92
201000048370,10,12,15,1120,1,2,1,1.0,6.0,92024,M,,,92
201000048371,10,12,22,1810,5,2,1,2.0,2.0,92024,M,,,92
201000048372,10,12,26,1920,5,2,3,1.0,6.0,92024,M,,,92
201000048373,10,1,1,845,1,2,2,1.0,6.0,92025,M,,,92
201000048374,10,1,20,1830,5,2,1,2.0,6.0,92025,M,,,92
201000048375,10,1,23,1600,1,2,1,2.0,3.0,92025,M,,,92
201000048376,10,1,25,1300,1,2,3,1.0,3.0,92025,M,,,92
201000048377,10,2,1,2120,5,2,3,1.0,6.0,92025,M,,,92
201000048378,10,2,2,1910,5,2,1,2.0,6.0,92025,M,,,92
201000048379,10,2,3,1220,1,2,2,1.0,6.0,92025,M,,,92
201000048380,10,2,3,1705,1,2,1,1.0,6.0,92025,M,,,92
201000048381,10,2,15,1515,1,2,2,1.0,3.0,92025,M,,,92
201000048382,10,2,16,1330,1,2,1,1.0,6.0,92025,M,,,92
201000048383,10,2,17,1545,1,2,1,2.0,3.0,92025,M,,,92
201000048384,10,2,26,1800,1,2,1,1.0,4.0,92025,M,,,92
201000048385,10,3,11,2235,5,2,1,1.0,3.0,92025,M,,,92
201000048386,10,3,24,1735,1,2,3,1.0,2.0,92025,M,,,92
201000048387,10,3,27,655,2,2,2,2.0,3.0,92025,M,,,92
201000048388,10,3,27,1355,1,2,3,1.0,3.0,92025,M,,,92
201000048389,10,3,28,1555,1,2,2,1.0,3.0,92025,M,,,92
201000048390,10,3,30,730,2,2,1,2.0,2.0,92025,M,,,92
201000048391,10,4,9,1930,1,2,4,1.0,3.0,92025,M,,,92
201000048392,10,4,14,2150,5,2,3,1.0,3.0,92025,M,,,92
201000048393,10,4,21,845,1,2,3,1.0,3.0,92025,M,,,92
201000048394,10,4,23,925,1,2,2,1.0,3.0,92025,M,,,92
201000048395,10,4,28,2005,1,2,1,1.0,2.0,92025,M,,,92
201000048396,10,5,2,1700,1,2,1,1.0,6.0,92025,M,,,92
201000048397,10,5,14,1625,1,2,3,1.0,3.0,92025,M,,,92
201000048398,10,5,16,1215,1,2,1,1.0,5.0,92025,M,,,92
201000048399,10,5,30,1100,1,2,2,1.0,3.0,92025,M,,,92
201000048400,10,6,2,1815,1,2,1,1.0,3.0,92025,M,,,92
201000048401,10,6,15,918,1,2,2,1.0,3.0,92025,M,,,92
201000048402,10,7,2,1730,1,2,3,2.0,3.0,92025,M,,,92
201000048403,10,7,7,1325,1,2,1,1.0,3.0,92025,M,,,92
201000048404,10,7,8,1330,1,2,3,1.0,3.0,92025,M,,,92
201000048405,10,7,12,1540,1,2,1,2.0,2.0,92025,M,,,92
201000048406,10,7,28,55,5,2,2,1.0,3.0,92025,M,,,92
201000048407,10,8,4,105,5,2,2,1.0,3.0,92025,M,,,92
201000048408,10,8,20,1930,1,2,1,1.0,2.0,92025,M,,,92
201000048409,10,9,1,2317,5,2,1,1.0,1.0,92025,M,,,92
201000048410,10,9,5,1530,1,2,1,1.0,2.0,92025,M,,,92
201000048411,10,9,6,1730,1,2,1,1.0,1.0,92025,M,,,92
201000048412,10,9,13,1515,1,2,1,1.0,1.0,92025,M,,,92
201000048413,10,9,14,805,1,2,1,1.0,3.0,92025,M,,,92
201000048414,10,9,14,1350,1,2,1,1.0,6.0,92025,M,,,92
201000048415,10,9,14,1405,1,2,1,1.0,6.0,92025,M,,,92
201000048416,10,9,14,1900,1,2,1,1.0,3.0,92025,M,,,92
201000048417,10,9,16,745,1,2,2,1.0,3.0,92025,M,,,92
201000048418,10,9,17,830,1,2,1,1.0,2.0,92025,M,,,92
201000048419,10,9,17,1430,1,2,1,1.0,7.0,92025,M,,,92
201000048420,10,9,18,1410,1,2,1,1.0,3.0,92025,M,,,92
201000048421,10,9,19,1440,1,2,1,1.0,2.0,92025,M,,,92
201000048422,10,9,21,845,1,2,2,1.0,6.0,92025,M,,,92
201000048423,10,9,21,1640,1,2,3,1.0,3.0,92025,M,,,92
201000048424,10,9,27,2030,5,2,2,1.0,3.0,92025,M,,,92
201000048425,10,9,28,1820,1,2,1,1.0,7.0,92025,M,,,92
201000048426,10,9,30,515,4,2,2,2.0,1.0,92025,M,,,92
201000048427,10,10,6,1635,1,2,2,2.0,3.0,92025,M,,,92
201000048428,10,10,10,2140,5,2,1,1.0,3.0,92025,M,,,92
201000048429,10,10,18,1335,1,2,1,1.0,6.0,92025,M,,,92
201000048430,10,10,21,2100,5,2,2,1.0,3.0,92025,M,,,92
201000048431,10,10,22,850,1,2,3,1.0,3.0,92025,M,,,92
201000048432,10,10,24,1505,1,2,1,1.0,3.0,92025,M,,,92
201000048433,10,11,3,845,1,2,3,1.0,2.0,92025,M,,,92
201000048434,10,11,5,815,1,2,1,1.0,7.0,92025,M,,,92
201000048435,10,11,12,1155,1,2,1,1.0,1.0,92025,M,,,92
201000048436,10,11,16,1420,1,2,1,1.0,3.0,92025,M,,,92
201000048437,10,11,16,1145,1,2,2,1.0,3.0,92025,M,,,92
201000048438,10,11,19,1230,1,2,1,1.0,2.0,92025,M,,,92
201000048439,10,11,21,1920,5,2,1,2.0,3.0,92025,M,,,92
201000048440,10,11,28,2030,5,2,4,1.0,2.0,92025,M,,,92
201000048441,10,11,23,900,1,2,3,1.0,7.0,92025,M,,,92
201000048442,10,11,30,1810,5,2,1,1.0,3.0,92025,M,,,92
201000048443,10,12,6,800,5,2,2,3.0,6.0,92025,M,,,92
201000048444,10,12,23,1640,2,2,2,4.0,7.0,92025,M,,,92
201000048445,10,6,28,750,1,2,1,1.0,3.0,92025,M,,,92
201000048446,10,12,9,1545,1,2,2,4.0,7.0,92025,M,,,92
201000048447,10,8,15,1730,1,2,1,3.0,7.0,92025,M,,,92
201000048448,10,12,30,1040,1,2,3,1.0,6.0,92026,M,,,92
201000048449,10,1,4,810,2,2,2,9.0,6.0,92026,M,,,92
201000048450,10,12,24,1045,1,2,2,4.0,6.0,92026,M,,,92
201000048451,10,1,5,945,1,2,2,9.0,6.0,92026,M,,,92
201000048452,10,1,6,1625,1,2,3,1.0,6.0,92026,M,,,92
201000048453,10,1,11,810,5,2,1,8.0,3.0,92026,M,,,92
201000048454,10,12,27,2030,5,2,3,1.0,2.0,92026,M,,,92
201000048455,10,1,14,1110,1,2,3,8.0,4.0,92026,M,,,92
201000048456,10,1,21,1440,1,2,1,1.0,6.0,92026,M,,,92
201000048457,10,1,24,1900,5,2,2,2.0,6.0,92026,M,,,92
201000048458,10,1,25,1200,1,2,1,1.0,6.0,92026,M,,,92
201000048459,10,1,28,1900,5,2,3,1.0,6.0,92026,M,,,92
201000048460,10,1,29,1745,1,2,1,2.0,6.0,92026,M,,,92
201000048461,10,1,30,2145,5,2,1,9.0,6.0,92026,M,,,92
201000048462,10,2,3,1205,1,2,2,2.0,6.0,92026,M,,,92
201000048463,10,2,4,1410,1,2,2,1.0,6.0,92026,M,,,92
201000048464,10,2,8,940,1,2,3,1.0,6.0,92026,M,,,92
201000048465,10,2,5,1715,1,2,5,1.0,3.0,92026,M,,,92
201000048466,10,2,9,1340,1,2,6,1.0,3.0,92026,M,,,92
201000048467,10,2,9,1015,1,2,6,1.0,3.0,92026,M,,,92
201000048468,10,2,14,1745,1,2,2,1.0,6.0,92026,M,,,92
201000048469,10,2,22,950,1,2,1,1.0,2.0,92026,M,,,92
201000048470,10,2,22,1030,1,2,1,1.0,3.0,92026,M,,,92
201000048471,10,2,23,1925,5,1,3,1.0,3.0,92026,M,,,92
201000048472,10,2,27,1810,2,2,1,2.0,3.0,92026,M,,,92
201000048473,10,2,27,2100,5,2,1,2.0,7.0,92026,M,,,92
201000048474,10,2,24,1000,1,2,1,9.0,7.0,92026,M,,,92
201000048475,10,2,25,2030,5,2,1,1.0,6.0,92026,M,,,92
201000048476,10,3,3,1745,1,2,1,1.0,7.0,92026,M,,,92
201000048477,10,3,8,1340,1,2,2,1.0,6.0,92026,M,,,92
201000048478,10,3,10,940,1,1,3,1.0,6.0,92026,M,,,92
201000048479,10,3,10,1655,1,2,1,1.0,6.0,92026,M,,,92
201000048480,10,3,11,1655,1,2,1,1.0,3.0,92026,M,,,92
201000048481,10,3,12,2120,5,2,2,1.0,3.0,92026,M,,,92
201000048482,10,3,23,1305,1,2,5,1.0,3.0,92026,M,,,92
201000048483,10,3,24,810,1,2,1,1.0,3.0,92026,M,,,92
201000048484,10,3,25,940,1,2,1,1.0,2.0,92026,M,,,92
201000048485,10,3,25,2010,5,2,3,2.0,3.0,92026,M,,,92
201000048486,10,4,4,1130,1,2,3,9.0,3.0,92026,M,,,92
201000048487,10,4,8,900,1,2,1,2.0,2.0,92026,M,,,92
201000048488,10,4,11,5,5,2,1,1.0,7.0,92026,M,,,92
201000048489,10,4,14,1430,1,2,3,1.0,3.0,92026,M,,,92
201000048490,10,4,15,1100,1,2,1,1.0,6.0,92026,M,,,92
201000048491,10,4,20,1020,1,2,3,1.0,2.0,92026,M,,,92
201000048492,10,4,23,900,1,2,1,1.0,6.0,92026,M,,,92
201000048493,10,4,23,1930,1,2,1,1.0,2.0,92026,M,,,92
201000048494,10,4,23,1350,1,2,3,1.0,3.0,92026,M,,,92
201000048495,10,4,28,1800,1,2,3,1.0,4.0,92026,M,,,92
201000048496,10,5,1,1600,1,2,2,1.0,3.0,92026,M,,,92
201000048497,10,5,8,1600,1,2,1,1.0,6.0,92026,M,,,92
201000048498,10,5,8,2000,1,2,2,2.0,3.0,92026,M,,,92
201000048499,10,5,10,1630,1,2,1,1.0,3.0,92026,M,,,92
201000048500,10,5,11,2110,1,2,1,2.0,7.0,92026,M,,,92
201000048501,10,5,11,1800,1,2,1,2.0,7.0,92026,M,,,92
201000048502,10,5,21,1340,1,2,3,1.0,2.0,92026,M,,,92
201000048503,10,5,30,1645,1,2,3,1.0,5.0,92026,M,,,92
201000048504,10,5,28,1630,1,2,1,1.0,2.0,92026,M,,,92
201000048505,10,6,3,900,1,2,3,1.0,6.0,92026,M,,,92
201000048506,10,6,3,1150,1,2,3,1.0,3.0,92026,M,,,92
201000048507,10,6,3,1744,1,2,1,1.0,6.0,92026,M,,,92
201000048508,10,6,9,820,1,2,1,2.0,7.0,92026,M,,,92
201000048509,10,6,8,1830,1,2,2,1.0,6.0,92026,M,,,92
201000048510,10,6,10,1740,1,2,1,1.0,7.0,92026,M,,,92
201000048511,10,6,13,128,5,2,2,1.0,3.0,92026,M,,,92
201000048512,10,6,19,915,1,2,2,1.0,6.0,92026,M,,,92
201000048513,10,6,13,850,1,2,6,1.0,6.0,92026,M,,,92
201000048514,10,6,23,1300,1,2,3,1.0,6.0,92026,M,,,92
201000048515,10,6,24,800,1,2,3,1.0,3.0,92026,M,,,92
201000048516,10,6,26,1930,1,2,2,1.0,3.0,92026,M,,,92
201000048517,10,6,25,845,1,2,1,1.0,4.0,92026,M,,,92
201000048518,10,6,26,1220,1,2,1,1.0,6.0,92026,M,,,92
201000048519,10,6,29,1515,1,2,3,1.0,5.0,92026,M,,,92
201000048520,10,6,30,2005,1,2,3,1.0,3.0,92026,M,,,92
201000048521,10,7,2,1000,1,2,2,1.0,3.0,92026,M,,,92
201000048522,10,7,1,950,1,2,2,1.0,7.0,92026,M,,,92
201000048523,10,7,1,1900,1,2,1,1.0,3.0,92026,M,,,92
201000048524,10,7,3,1010,1,2,2,2.0,6.0,92026,M,,,92
201000048525,10,7,2,1230,1,2,3,1.0,3.0,92026,M,,,92
201000048526,10,7,9,450,5,2,3,1.0,1.0,92026,M,,,92
201000048527,10,7,9,1225,1,2,2,1.0,2.0,92026,M,,,92
201000048528,10,7,10,1510,1,2,2,1.0,6.0,92026,M,,,92
201000048529,10,7,20,1030,1,2,3,1.0,3.0,92026,M,,,92
201000048530,10,7,21,1530,1,2,3,1.0,6.0,92026,M,,,92
201000048531,10,7,23,1715,1,2,2,1.0,6.0,92026,M,,,92
201000048532,10,7,25,2310,5,2,2,1.0,7.0,92026,M,,,92
201000048533,10,7,26,1630,1,2,3,1.0,2.0,92026,M,,,92
201000048534,10,8,5,1310,1,2,3,1.0,7.0,92026,M,,,92
201000048535,10,7,15,900,1,2,2,1.0,6.0,92026,M,,,92
201000048536,10,8,13,1130,1,2,1,1.0,2.0,92026,M,,,92
201000048537,10,8,26,1510,1,2,2,1.0,7.0,92026,M,,,92
201000048538,10,9,3,1445,1,2,2,1.0,3.0,92026,M,,,92
201000048539,10,9,7,937,1,2,2,1.0,6.0,92026,M,,,92
201000048540,10,9,9,820,1,2,3,1.0,6.0,92026,M,,,92
201000048541,10,9,10,1650,1,2,2,1.0,3.0,92026,M,,,92
201000048542,10,9,11,235,4,2,2,1.0,6.0,92026,M,,,92
201000048543,10,9,22,1615,1,2,2,1.0,3.0,92026,M,,,92
201000048544,10,9,22,2120,2,2,2,1.0,3.0,92026,M,,,92
201000048545,10,9,24,855,1,1,1,1.0,3.0,92026,M,,,92
201000048546,10,9,24,1245,1,2,1,1.0,2.0,92026,M,,,92
201000048547,10,9,24,1740,1,2,1,8.0,7.0,92026,M,,,92
201000048548,10,9,28,1715,1,2,2,1.0,3.0,92026,M,,,92
201000048549,10,10,1,1915,5,2,1,3.0,2.0,92026,M,,,92
201000048550,10,10,4,920,1,2,1,8.0,4.0,92026,M,,,92
201000048551,10,10,6,655,5,2,3,8.0,6.0,92026,M,,,92
201000048552,10,10,11,635,5,2,3,1.0,3.0,92026,M,,,92
201000048553,10,10,12,915,1,2,1,1.0,5.0,92026,M,,,92
201000048554,10,10,12,2020,4,2,3,1.0,3.0,92026,M,,,92
201000048555,10,10,28,1000,1,2,3,1.0,6.0,92026,M,,,92
201000048556,10,11,7,1930,5,2,2,8.0,3.0,92026,M,,,92
201000048557,10,11,9,735,1,2,2,2.0,3.0,92026,M,,,92
201000048558,10,11,11,1855,5,2,3,2.0,7.0,92026,M,,,92
201000048559,10,11,12,825,1,2,1,2.0,7.0,92026,M,,,92
201000048560,10,11,17,945,1,2,1,1.0,6.0,92026,M,,,92
201000048561,10,11,17,1930,5,2,1,1.0,6.0,92026,M,,,92
201000048562,10,11,18,1800,5,2,1,1.0,3.0,92026,M,,,92
201000048563,10,11,23,850,1,2,1,1.0,6.0,92026,M,,,92
201000048564,10,11,25,1805,5,2,3,9.0,6.0,92026,M,,,92
201000048565,10,11,27,1645,2,2,3,1.0,1.0,92026,M,,,92
201000048566,10,12,2,10,5,2,1,4.0,2.0,92026,M,,,92
201000048567,10,12,7,1240,1,2,1,4.0,6.0,92026,M,,,92
201000048568,10,11,27,1800,5,2,6,1.0,6.0,92026,M,,,92
201000048569,10,12,11,1650,2,2,1,1.0,5.0,92026,M,,,92
201000048570,10,12,11,2005,5,2,1,1.0,1.0,92026,M,,,92
201000048571,10,12,16,1430,1,2,2,2.0,3.0,92026,M,,,92
201000048572,10,12,16,900,1,2,2,1.0,6.0,92026,M,,,92
201000048573,10,12,17,1320,1,2,1,1.0,2.0,92026,M,,,92
201000048574,10,12,22,1120,1,2,9,8.0,3.0,92026,M,,,92
201000048575,10,12,28,1315,1,2,2,1.0,4.0,92026,M,,,92