Num_Acc,an,mois,jour,hrmn,lum,agg,int,atm,col,com,gps,lat,long,dep
201000048576,10,2,17,2210,5,2,2,1.0,6.0,92035,M,,,92
201000048577,10,1,4,1740,1,2,3,1.0,6.0,92035,M,,,92
201000048578,10,1,20,845,1,2,1,2.0,6.0,92035,M,,,92
201000048579,10,2,19,1510,1,2,5,1.0,3.0,92035,M,,,92
201000048580,10,2,22,2045,2,2,1,1.0,6.0,92035,M,,,92
201000048581,10,2,25,1705,1,2,2,8.0,6.0,92035,M,,,92
201000048582,10,3,3,945,1,2,5,1.0,3.0,92035,M,,,92
201000048583,10,3,10,1640,1,2,6,1.0,2.0,92035,M,,,92
201000048584,10,3,25,845,1,2,3,2.0,2.0,92035,M,,,92
201000048585,10,3,27,1410,1,2,1,1.0,5.0,92035,M,,,92
201000048586,10,4,7,2050,5,2,2,1.0,3.0,92035,M,,,92
201000048587,10,4,13,2150,5,2,3,2.0,3.0,92035,M,,,92
201000048588,10,4,20,1700,1,2,4,1.0,3.0,92035,M,,,92
201000048589,10,4,21,1236,1,2,3,1.0,6.0,92035,M,,,92
201000048590,10,5,18,850,1,2,5,1.0,3.0,92035,M,,,92
201000048591,10,6,7,1410,1,2,4,1.0,3.0,92035,M,,,92
201000048592,10,5,9,1600,1,2,2,1.0,6.0,92035,M,,,92
201000048593,10,5,10,1340,1,2,5,1.0,6.0,92035,M,,,92
201000048594,10,5,10,2205,5,2,5,2.0,3.0,92035,M,,,92
201000048595,10,5,12,1655,1,2,1,1.0,3.0,92035,M,,,92
201000048596,10,5,12,1820,1,2,5,1.0,3.0,92035,M,,,92
201000048597,10,6,5,1945,1,2,6,1.0,3.0,92035,M,,,92
201000048598,10,6,8,1955,1,2,3,1.0,6.0,92035,M,,,92
201000048599,10,6,20,1607,1,2,2,1.0,6.0,92035,M,,,92
201000048600,10,6,22,620,2,2,4,1.0,1.0,92035,M,,,92
201000048601,10,6,22,1832,1,2,5,1.0,3.0,92035,M,,,92
201000048602,10,6,24,130,5,2,3,1.0,6.0,92035,M,,,92
201000048603,10,6,29,1855,1,2,1,1.0,6.0,92035,M,,,92
201000048604,10,7,16,1245,1,2,1,1.0,3.0,92025,M,,,92
201000048605,10,7,23,2050,1,2,2,1.0,3.0,92035,M,,,92
201000048606,10,9,9,1405,1,2,3,2.0,2.0,92035,M,,,92
201000048607,10,9,11,1435,1,2,2,1.0,2.0,92035,M,,,92
201000048608,10,9,15,910,1,2,1,1.0,3.0,92035,M,,,92
201000048609,10,10,1,1230,1,2,1,1.0,3.0,92035,M,,,92
201000048610,10,10,8,1610,1,2,2,1.0,6.0,92035,M,,,92
201000048611,10,10,9,2210,3,2,3,1.0,1.0,92035,M,,,92
201000048612,10,10,12,1325,1,2,2,1.0,2.0,92035,M,,,92
201000048613,10,10,14,1450,1,2,1,1.0,3.0,92035,M,,,92
201000048614,10,10,14,1655,1,2,2,1.0,2.0,92035,M,,,92
201000048615,10,10,21,1405,1,2,2,1.0,3.0,92035,M,,,92
201000048616,10,10,22,1155,1,2,1,1.0,3.0,92035,M,,,92
201000048617,10,10,22,1745,1,2,1,1.0,6.0,92035,M,,,92
201000048618,10,11,15,1850,5,2,6,2.0,6.0,92035,M,,,92
201000048619,10,11,16,1710,1,2,3,1.0,6.0,92035,M,,,92
201000048620,10,12,6,2000,5,2,2,1.0,4.0,92035,M,,,92
201000048621,10,12,9,1755,5,2,3,1.0,6.0,92035,M,,,92
201000048622,10,1,6,1720,5,2,1,1.0,6.0,92036,M,,,92
201000048623,10,1,18,1925,5,2,9,1.0,6.0,92036,M,,,92
201000048624,10,1,20,1240,1,2,1,2.0,6.0,92036,M,,,92
201000048625,10,1,27,2105,5,2,2,1.0,3.0,92036,M,,,92
201000048626,10,1,31,1350,1,2,9,1.0,2.0,92036,M,,,92
201000048627,10,2,2,1810,5,2,3,2.0,3.0,92036,M,,,92
201000048628,10,2,5,1530,1,2,1,1.0,6.0,92036,M,,,92
201000048629,10,2,8,1220,1,2,1,1.0,6.0,92036,M,,,92
201000048630,10,2,11,1900,5,2,9,1.0,6.0,92036,M,,,92
201000048631,10,2,24,1525,1,2,1,3.0,6.0,92036,M,,,92
201000048632,10,2,24,2020,5,2,9,2.0,6.0,92036,M,,,92
201000048633,10,2,26,2255,5,2,9,1.0,3.0,92036,M,,,92
201000048634,10,3,1,1455,1,2,1,1.0,6.0,92036,M,,,92
201000048635,10,3,2,1615,1,2,2,1.0,3.0,92036,M,,,92
201000048636,10,3,11,1010,1,2,1,1.0,6.0,92036,M,,,92
201000048637,10,3,15,1730,1,2,9,1.0,6.0,92036,M,,,92
201000048638,10,3,22,1950,2,2,9,1.0,3.0,92036,M,,,92
201000048639,10,3,29,800,1,2,1,1.0,6.0,92036,M,,,92
201000048640,10,3,31,1200,2,2,1,1.0,6.0,92036,M,,,92
201000048641,10,4,1,2205,5,2,9,1.0,6.0,92036,M,,,92
201000048642,10,4,11,1200,1,2,1,1.0,6.0,92036,M,,,92
201000048643,10,4,20,750,1,2,1,1.0,6.0,92036,M,,,92
201000048644,10,4,24,1920,1,2,9,1.0,1.0,92036,M,,,92
201000048645,10,4,26,900,1,2,9,1.0,7.0,92036,M,,,92
201000048646,10,4,28,820,1,2,1,1.0,2.0,92036,M,,,92
201000048647,10,5,15,15,5,2,9,1.0,2.0,92036,M,,,92
201000048648,10,5,15,2040,2,2,9,1.0,2.0,92036,M,,,92
201000048649,10,5,22,1410,1,2,3,1.0,3.0,92036,M,,,92
201000048650,10,5,23,1755,1,2,1,1.0,6.0,92036,M,,,92
201000048651,10,5,24,1635,1,2,1,1.0,6.0,92036,M,,,92
201000048652,10,6,7,1900,1,2,2,1.0,3.0,92036,M,,,92
201000048653,10,6,17,1325,1,2,3,1.0,3.0,92036,M,,,92
201000048654,10,6,19,1315,1,2,9,1.0,2.0,92036,M,,,92
201000048655,10,6,24,1230,1,2,1,1.0,2.0,92036,M,,,92
201000048656,10,6,27,710,1,2,1,1.0,6.0,92036,M,,,92
201000048657,10,7,1,540,2,2,1,1.0,1.0,92036,M,,,92
201000048658,10,7,1,1655,1,2,9,1.0,3.0,92036,M,,,92
201000048659,10,7,2,1940,1,2,1,1.0,6.0,92036,M,,,92
201000048660,10,7,2,2025,1,2,1,1.0,7.0,92036,M,,,92
201000048661,10,7,6,2015,1,2,1,1.0,3.0,92036,M,,,92
201000048662,10,7,13,2150,5,2,9,1.0,3.0,92036,M,,,92
201000048663,10,7,13,2215,5,2,9,1.0,6.0,92036,M,,,92
201000048664,10,7,15,420,5,2,1,1.0,6.0,92036,M,,,92
201000048665,10,7,16,1050,1,2,2,1.0,3.0,92036,M,,,92
201000048666,10,7,16,1200,1,2,1,1.0,1.0,92036,M,,,92
201000048667,10,7,22,1315,1,2,9,1.0,3.0,92036,M,,,92
201000048668,10,8,3,1135,1,2,1,1.0,2.0,92036,M,,,92
201000048669,10,8,12,1405,1,2,1,1.0,6.0,92036,M,,,92
201000048670,10,8,15,1850,1,2,1,3.0,2.0,92036,M,,,92
201000048671,10,8,17,1920,1,2,9,1.0,6.0,92036,M,,,92
201000048672,10,8,28,1515,1,2,9,1.0,3.0,92036,M,,,92
201000048673,10,9,9,1505,1,2,1,1.0,2.0,92036,M,,,92
201000048674,10,9,10,1925,1,2,9,1.0,6.0,92036,M,,,92
201000048675,10,9,17,1210,1,2,9,1.0,2.0,92036,M,,,92
201000048676,10,9,24,835,1,2,1,2.0,6.0,92036,M,,,92
201000048677,10,9,24,1645,1,2,1,2.0,6.0,92036,M,,,92
201000048678,10,9,30,2320,5,2,9,1.0,4.0,92036,M,,,92
201000048679,10,10,3,1450,1,2,1,1.0,4.0,92036,M,,,92
201000048680,10,10,7,1500,1,2,9,1.0,6.0,92036,M,,,92
201000048681,10,10,8,1830,1,2,1,1.0,6.0,92036,M,,,92
201000048682,10,10,10,2040,5,2,1,1.0,3.0,92036,M,,,92
201000048683,10,10,12,10,5,2,2,1.0,3.0,92036,M,,,92
201000048684,10,10,18,1850,2,2,1,1.0,5.0,92036,M,,,92
201000048685,10,10,18,2130,5,2,1,1.0,6.0,92036,M,,,92
201000048686,10,10,21,1330,1,2,1,1.0,2.0,92036,M,,,92
201000048687,10,10,21,1740,2,2,4,1.0,6.0,92036,M,,,92
201000048688,10,10,26,1910,5,2,1,1.0,3.0,92036,M,,,92
201000048689,10,10,29,1510,1,2,1,1.0,2.0,92036,M,,,92
201000048690,10,11,9,1520,1,2,1,1.0,6.0,92036,M,,,92
201000048691,10,11,17,2300,5,2,1,2.0,7.0,92036,M,,,92
201000048692,10,12,8,1315,1,2,1,4.0,3.0,92036,M,,,92
201000048693,10,12,22,1305,1,2,2,1.0,3.0,92036,M,,,92
201000048694,10,1,1,825,2,2,1,1.0,6.0,92040,M,,,92
201000048695,10,1,1,2015,1,2,1,1.0,6.0,92040,M,,,92
201000048696,10,1,11,845,1,2,1,1.0,6.0,92040,M,,,92
201000048697,10,1,14,1500,1,2,1,1.0,3.0,92040,M,,,92
201000048698,10,1,17,1140,1,2,1,1.0,6.0,92040,M,,,92
201000048699,10,1,19,1950,5,2,1,1.0,6.0,92040,M,,,92
201000048700,10,1,21,1955,5,2,4,1.0,6.0,92040,M,,,92
201000048701,10,1,22,1010,1,2,3,8.0,2.0,92040,M,,,92
201000048702,10,1,27,1405,1,2,1,1.0,3.0,92040,M,,,92
201000048703,10,1,28,2040,5,2,2,1.0,3.0,92040,M,,,92
201000048704,10,1,30,1605,1,2,1,7.0,6.0,92040,M,,,92
201000048705,10,1,29,2150,5,2,1,1.0,6.0,92040,M,,,92
201000048706,10,1,29,2140,5,2,5,1.0,3.0,92040,M,,,92
201000048707,10,2,23,1010,1,2,4,2.0,6.0,92040,M,,,92
201000048708,10,2,24,2105,5,2,1,2.0,2.0,92040,M,,,92
201000048709,10,3,1,1355,1,2,1,1.0,6.0,92040,M,,,92
201000048710,10,3,2,1140,1,2,1,1.0,6.0,92040,M,,,92
201000048711,10,3,12,1830,2,2,1,1.0,6.0,92040,M,,,92
201000048712,10,3,17,1220,1,2,1,1.0,6.0,92040,M,,,92
201000048713,10,3,18,840,1,2,1,1.0,6.0,92040,M,,,92
201000048714,10,3,19,1930,5,2,2,2.0,6.0,92040,M,,,92
201000048715,10,3,31,1325,1,2,1,2.0,6.0,92040,M,,,92
201000048716,10,3,31,1500,1,2,1,1.0,6.0,92040,M,,,92
201000048717,10,3,31,1900,1,2,2,2.0,6.0,92040,M,,,92
201000048718,10,4,2,1650,1,2,9,2.0,6.0,92040,M,,,92
201000048719,10,4,10,950,1,2,1,1.0,6.0,92040,M,,,92
201000048720,10,4,13,1635,1,2,1,1.0,6.0,92040,M,,,92
201000048721,10,4,13,1745,1,2,1,1.0,6.0,92040,M,,,92
201000048722,10,4,16,25,5,2,5,1.0,3.0,92040,M,,,92
201000048723,10,4,21,2225,5,2,1,1.0,2.0,92040,M,,,92
201000048724,10,4,28,830,1,2,2,1.0,2.0,92040,M,,,92
201000048725,10,5,9,1620,1,2,1,1.0,6.0,92040,M,,,92
201000048726,10,5,11,2040,1,2,1,1.0,6.0,92040,M,,,92
201000048727,10,5,18,2215,4,2,1,1.0,1.0,92040,M,,,92
201000048728,10,5,27,1746,1,2,3,1.0,3.0,92040,M,,,92
201000048729,10,5,30,1745,1,2,2,1.0,3.0,92040,M,,,92
201000048730,10,6,4,800,1,2,3,9.0,6.0,92040,M,,,92
201000048731,10,6,3,1845,1,2,1,1.0,1.0,92040,M,,,92
201000048732,10,6,11,1710,1,2,2,1.0,6.0,92040,M,,,92
201000048733,10,6,11,1710,1,2,3,1.0,3.0,92040,M,,,92
201000048734,10,6,12,1150,1,2,4,1.0,7.0,92040,M,,,92
201000048735,10,6,12,2215,5,2,2,1.0,3.0,92040,M,,,92
201000048736,10,6,11,1640,1,2,1,1.0,5.0,92040,M,,,92
201000048737,10,6,3,1300,1,2,1,1.0,3.0,92040,M,,,92
201000048738,10,6,17,1830,1,2,1,8.0,6.0,92040,M,,,92
201000048739,10,6,17,2210,3,2,1,1.0,2.0,92040,M,,,92
201000048740,10,6,18,850,1,2,1,1.0,6.0,92040,M,,,92
201000048741,10,6,29,1855,1,2,2,1.0,6.0,92040,M,,,92
201000048742,10,6,29,2030,1,2,2,1.0,6.0,92040,M,,,92
201000048743,10,6,29,925,1,2,3,1.0,6.0,92040,M,,,92
201000048744,10,7,1,1730,1,2,7,1.0,6.0,92040,M,,,92
201000048745,10,7,17,1145,1,2,1,1.0,1.0,92040,M,,,92
201000048746,10,7,7,1920,1,2,1,1.0,6.0,92040,M,,,92
201000048747,10,7,22,1020,1,2,1,1.0,4.0,92040,M,,,92
201000048748,10,7,27,2120,5,2,3,1.0,3.0,92040,M,,,92
201000048749,10,7,24,1734,1,2,1,1.0,6.0,92040,M,,,92
201000048750,10,8,5,1815,1,2,1,1.0,6.0,92040,M,,,92
201000048751,10,7,31,2025,1,2,1,1.0,6.0,92040,M,,,92
201000048752,10,8,11,1220,1,2,9,2.0,6.0,92040,M,,,92
201000048753,10,8,11,2205,5,2,1,1.0,6.0,92040,M,,,92
201000048754,10,8,28,1850,1,2,1,1.0,6.0,92040,M,,,92
201000048755,10,9,19,1300,1,2,7,1.0,6.0,92040,M,,,92
201000048756,10,9,19,1540,1,2,1,1.0,6.0,92040,M,,,92
201000048757,10,9,21,1205,1,2,1,1.0,6.0,92040,M,,,92
201000048758,10,9,30,1920,2,2,1,1.0,3.0,92040,M,,,92
201000048759,10,10,4,920,1,2,9,1.0,6.0,92040,M,,,92
201000048760,10,10,5,1730,1,2,1,2.0,6.0,92040,M,,,92
201000048761,10,10,21,840,1,2,1,1.0,6.0,92040,M,,,92
201000048762,10,10,19,1000,1,2,1,1.0,6.0,92040,M,,,92
201000048763,10,10,12,1340,1,2,1,1.0,6.0,92040,M,,,92
201000048764,10,10,6,1705,1,2,1,1.0,6.0,92040,M,,,92
201000048765,10,10,7,1605,1,2,1,1.0,6.0,92040,M,,,92
201000048766,10,10,24,1620,1,2,1,1.0,6.0,92040,M,,,92
201000048767,10,10,26,2000,5,2,1,1.0,6.0,92040,M,,,92
201000048768,10,11,17,2050,5,2,1,1.0,5.0,92040,M,,,92
201000048769,10,11,19,1740,5,2,3,1.0,3.0,92040,M,,,92
201000048770,10,11,25,2205,5,2,2,1.0,3.0,92040,M,,,92
201000048771,10,11,26,835,1,2,1,1.0,6.0,92040,M,,,92
201000048772,10,12,7,1145,1,2,1,4.0,6.0,92040,M,,,92
201000048773,10,12,6,920,1,2,1,2.0,6.0,92040,M,,,92
201000048774,10,12,13,2010,5,2,1,1.0,3.0,92040,M,,,92
201000048775,10,12,14,1813,5,2,6,1.0,6.0,92040,M,,,92
201000048776,10,12,16,1805,5,2,1,2.0,6.0,92040,M,,,92
201000048777,10,12,17,1915,5,2,1,2.0,3.0,92040,M,,,92
201000048778,10,12,22,1805,5,2,2,1.0,6.0,92040,M,,,92
201000048779,10,12,26,2035,5,2,3,2.0,3.0,92040,M,,,92
201000048780,10,12,15,1905,5,2,3,1.0,6.0,92044,M,,,92
201000048781,10,12,28,940,1,2,2,1.0,1.0,92044,M,,,92
201000048782,10,1,2,940,1,2,2,1.0,3.0,92044,M,,,92
201000048783,10,1,6,910,1,2,1,1.0,6.0,92044,M,,,92
201000048784,10,1,13,2030,5,2,3,1.0,3.0,92044,M,,,92
201000048785,10,1,13,2255,5,2,1,9.0,2.0,92044,M,,,92
201000048786,10,1,18,1610,1,2,3,1.0,6.0,92044,M,,,92
201000048787,10,2,1,10,5,2,2,1.0,3.0,92044,M,,,92
201000048788,10,2,5,1700,1,2,1,1.0,6.0,92044,M,,,92
201000048789,10,2,17,830,2,2,3,2.0,6.0,92044,M,,,92
201000048790,10,2,19,1715,1,2,2,1.0,3.0,92044,M,,,92
201000048791,10,2,21,1820,2,2,3,1.0,3.0,92044,M,,,92
201000048792,10,3,11,2015,2,2,1,1.0,2.0,92044,M,,,92
201000048793,10,3,15,2150,1,2,3,1.0,6.0,92044,M,,,92
201000048794,10,3,16,1450,1,2,2,1.0,3.0,92044,M,,,92
201000048795,10,3,18,1630,1,2,2,1.0,6.0,92044,M,,,92
201000048796,10,3,28,2015,2,2,3,2.0,6.0,92044,M,,,92
201000048797,10,3,27,915,1,2,2,1.0,3.0,92044,M,,,92
201000048798,10,3,27,605,2,2,1,1.0,6.0,92044,M,,,92
201000048799,10,4,2,840,1,2,2,1.0,6.0,92044,M,,,92
201000048800,10,4,6,2330,5,2,2,1.0,3.0,92044,M,,,92
201000048801,10,4,7,1630,1,2,3,1.0,6.0,92044,M,,,92
201000048802,10,4,8,915,1,2,2,1.0,3.0,92044,M,,,92
201000048803,10,4,12,1030,1,2,1,1.0,2.0,92044,M,,,92
201000048804,10,4,14,728,1,2,3,2.0,5.0,92044,M,,,92
201000048805,10,4,21,1800,1,2,1,1.0,3.0,92044,M,,,92
201000048806,10,4,26,1350,1,2,1,1.0,6.0,92044,M,,,92
201000048807,10,5,4,1220,1,2,1,1.0,6.0,92044,M,,,92
201000048808,10,5,18,1730,1,2,1,1.0,3.0,92044,M,,,92
201000048809,10,4,28,1325,1,2,2,1.0,3.0,92044,M,,,92
201000048810,10,5,21,1730,1,2,1,1.0,6.0,92044,M,,,92
201000048811,10,5,25,910,1,2,1,1.0,6.0,92044,M,,,92
201000048812,10,5,25,1820,1,2,1,1.0,3.0,92044,M,,,92
201000048813,10,5,25,2110,2,2,1,1.0,2.0,92044,M,,,92
201000048814,10,5,28,2155,5,2,2,1.0,1.0,92044,M,,,92
201000048815,10,5,31,1750,1,2,1,1.0,6.0,92044,M,,,92
201000048816,10,5,31,1940,1,2,2,1.0,3.0,92044,M,,,92
201000048817,10,6,3,1250,1,2,1,1.0,6.0,92044,M,,,92
201000048818,10,6,11,705,2,2,1,1.0,2.0,92044,M,,,92
201000048819,10,6,12,1600,1,2,3,1.0,3.0,92044,M,,,92
201000048820,10,6,12,1206,1,2,1,1.0,6.0,92044,M,,,92
201000048821,10,6,14,945,1,2,1,1.0,6.0,92044,M,,,92
201000048822,10,6,14,1250,1,2,2,1.0,6.0,92044,M,,,92
201000048823,10,6,13,1345,1,2,2,1.0,3.0,92044,M,,,92
201000048824,10,6,24,1045,1,2,3,1.0,6.0,92044,M,,,92
201000048825,10,6,24,1750,1,2,1,1.0,6.0,92044,M,,,92
201000048826,10,6,30,920,1,2,1,1.0,3.0,92044,M,,,92
201000048827,10,6,26,2245,2,2,2,1.0,3.0,92044,M,,,92
201000048828,10,6,28,1050,1,2,1,1.0,3.0,92044,M,,,92
201000048829,10,6,28,2030,2,2,2,1.0,3.0,92044,M,,,92
201000048830,10,6,29,1924,1,2,1,1.0,3.0,92044,M,,,92
201000048831,10,6,29,1700,1,2,3,1.0,5.0,92044,M,,,92
201000048832,10,7,5,2312,5,2,2,1.0,3.0,92044,M,,,92
201000048833,10,7,6,1950,1,2,3,1.0,5.0,92044,M,,,92
201000048834,10,7,15,1505,1,2,2,1.0,3.0,92044,M,,,92
201000048835,10,7,19,1850,1,2,4,1.0,6.0,92044,M,,,92
201000048836,10,7,20,1315,1,2,1,1.0,6.0,92044,M,,,92
201000048837,10,7,20,1640,1,2,1,1.0,3.0,92044,M,,,92
201000048838,10,7,23,1030,1,2,2,1.0,3.0,92044,M,,,92
201000048839,10,7,29,2135,1,2,3,1.0,3.0,92044,M,,,92
201000048840,10,8,4,1200,1,2,1,1.0,2.0,92044,M,,,92
201000048841,10,8,5,1455,1,2,3,1.0,3.0,92044,M,,,92
201000048842,10,8,5,1605,1,2,2,1.0,3.0,92044,M,,,92
201000048843,10,8,13,1225,1,2,2,1.0,6.0,92044,M,,,92
201000048844,10,8,15,1125,1,2,1,2.0,6.0,92044,M,,,92
201000048845,10,8,25,1810,1,2,1,1.0,4.0,92044,M,,,92
201000048846,10,9,13,2230,5,2,3,1.0,7.0,92044,M,,,92
201000048847,10,9,16,1730,1,2,2,1.0,3.0,92044,M,,,92
201000048848,10,9,21,850,1,2,1,1.0,3.0,92044,M,,,92
201000048849,10,9,21,1530,1,2,3,1.0,6.0,92044,M,,,92
201000048850,10,9,22,1450,1,2,1,1.0,6.0,92044,M,,,92
201000048851,10,9,23,1245,1,2,2,1.0,3.0,92044,M,,,92
201000048852,10,9,24,850,1,2,1,1.0,5.0,92044,M,,,92
201000048853,10,10,8,1550,1,2,6,1.0,3.0,92044,M,,,92
201000048854,10,10,12,1135,1,2,1,1.0,6.0,92044,M,,,92
201000048855,10,10,13,1015,1,2,3,1.0,3.0,92044,M,,,92
201000048856,10,10,14,1115,1,2,2,1.0,3.0,92044,M,,,92
201000048857,10,10,25,1755,1,2,2,1.0,3.0,92044,M,,,92
201000048858,10,11,4,1245,1,2,3,1.0,2.0,92044,M,,,92
201000048859,10,11,5,1625,1,2,1,1.0,2.0,92044,M,,,92
201000048860,10,11,9,1500,1,2,2,1.0,3.0,92044,M,,,92
201000048861,10,11,12,815,1,2,2,1.0,2.0,92044,M,,,92
201000048862,10,11,12,2230,5,2,2,1.0,3.0,92044,M,,,92
201000048863,10,11,15,2100,5,2,2,1.0,6.0,92044,M,,,92
201000048864,10,11,17,2100,1,2,3,2.0,3.0,92044,M,,,92
201000048865,10,12,2,1800,5,2,2,1.0,3.0,92044,M,,,92
201000048866,10,12,4,905,1,2,2,1.0,3.0,92044,M,,,92
201000048867,10,8,26,825,1,2,1,1.0,3.0,92044,M,,,92
201000048868,10,1,4,750,5,2,3,1.0,7.0,92048,M,,,92
201000048869,10,1,3,1640,1,2,3,1.0,6.0,92048,M,,,92
201000048870,10,1,6,1345,1,1,1,1.0,6.0,92048,M,,,92
201000048871,10,1,10,915,1,2,2,4.0,7.0,92048,M,,,92
201000048872,10,1,23,1115,1,2,1,2.0,2.0,92048,M,,,92
201000048873,10,1,25,740,2,2,3,1.0,5.0,92048,M,,,92
201000048874,10,2,3,2055,5,2,3,2.0,1.0,92048,M,,,92
201000048875,10,2,7,1245,1,2,6,1.0,3.0,92048,M,,,92
201000048876,10,2,17,715,5,1,1,1.0,6.0,92048,M,,,92
201000048877,10,2,27,1220,1,2,1,1.0,3.0,92048,M,,,92
201000048878,10,3,18,1230,1,2,7,1.0,6.0,92048,M,,,92
201000048879,10,3,29,1915,1,2,1,2.0,2.0,92048,M,,,92
201000048880,10,4,16,1205,1,2,1,1.0,2.0,92048,M,,,92
201000048881,10,4,23,900,1,1,6,1.0,6.0,92048,M,,,92
201000048882,10,5,3,820,1,2,1,2.0,3.0,92048,M,,,92
201000048883,10,5,6,1440,1,2,1,1.0,7.0,92048,M,,,92
201000048884,10,5,15,1845,1,2,1,1.0,2.0,92048,M,,,92
201000048885,10,5,16,1930,1,2,1,1.0,2.0,92048,M,,,92
201000048886,10,5,20,835,1,2,2,1.0,6.0,92048,M,,,92
201000048887,10,5,28,1940,1,2,1,1.0,3.0,92048,M,,,92
201000048888,10,6,3,1820,1,2,1,1.0,6.0,92048,M,,,92
201000048889,10,6,9,1620,1,2,1,2.0,3.0,92048,M,,,92
201000048890,10,6,13,555,5,2,1,1.0,7.0,92048,M,,,92
201000048891,10,6,13,115,5,2,2,1.0,6.0,92048,M,,,92
201000048892,10,6,18,115,5,2,1,1.0,6.0,92048,M,,,92
201000048893,10,6,22,130,5,2,1,1.0,6.0,92048,M,,,92
201000048894,10,6,21,1520,1,2,1,1.0,6.0,92048,M,,,92
201000048895,10,6,23,1245,1,2,3,1.0,6.0,92048,M,,,92
201000048896,10,7,1,150,5,2,3,1.0,6.0,92048,M,,,92
201000048897,10,7,12,1810,1,1,2,1.0,3.0,92048,M,,,92
201000048898,10,7,12,1020,1,2,1,2.0,2.0,92048,M,,,92
201000048899,10,8,18,1010,1,1,1,1.0,7.0,92048,M,,,92
201000048900,10,9,6,1555,1,2,1,1.0,5.0,92048,M,,,92
201000048901,10,8,31,2355,3,1,1,1.0,7.0,92048,M,,,92
201000048902,10,9,2,2230,5,2,1,1.0,6.0,92048,M,,,92
201000048903,10,9,14,840,1,2,3,1.0,6.0,92048,M,,,92
201000048904,10,9,20,855,1,2,3,1.0,3.0,92048,M,,,92
201000048905,10,9,22,1930,5,2,2,1.0,6.0,92048,M,,,92
201000048906,10,9,22,1555,1,2,3,1.0,6.0,92048,M,,,92
201000048907,10,9,23,1710,1,2,1,1.0,6.0,92048,M,,,92
201000048908,10,9,30,1620,1,2,1,1.0,6.0,92048,M,,,92
201000048909,10,10,1,2005,5,2,3,2.0,6.0,92048,M,,,92
201000048910,10,10,20,1900,5,2,3,1.0,2.0,92048,M,,,92
201000048911,10,11,2,1920,2,2,1,1.0,6.0,92048,M,,,92
201000048912,10,11,18,2000,5,2,1,2.0,3.0,92048,M,,,92
201000048913,10,11,18,1930,5,2,1,2.0,6.0,92048,M,,,92
201000048914,10,12,21,1020,1,2,1,2.0,6.0,92048,M,,,92
201000048915,10,1,5,1615,1,2,1,1.0,6.0,92049,M,,,92
201000048916,10,1,5,1650,1,2,1,1.0,6.0,92049,M,,,92
201000048917,10,1,4,1845,5,2,3,1.0,3.0,92020,M,,,92
201000048918,10,1,8,1305,1,2,1,1.0,6.0,92020,M,,,92
201000048919,10,1,25,1650,1,2,1,1.0,6.0,92049,M,,,92
201000048920,10,1,27,2010,3,2,1,1.0,6.0,92020,M,,,92
201000048921,10,1,28,855,1,2,2,1.0,3.0,92049,M,,,92
201000048922,10,2,2,1850,5,2,1,2.0,2.0,92020,M,,,92
201000048923,10,2,3,1350,1,2,3,2.0,3.0,92049,M,,,92
201000048924,10,2,10,1715,1,2,2,1.0,6.0,92049,M,,,92
201000048925,10,2,10,1940,5,2,3,1.0,3.0,92049,M,,,92
201000048926,10,2,13,2020,5,2,1,1.0,3.0,92049,M,,,92
201000048927,10,2,15,740,2,2,4,1.0,6.0,92020,M,,,92
201000048928,10,2,18,1650,1,2,1,1.0,6.0,92049,M,,,92
201000048929,10,2,19,2110,5,2,3,1.0,3.0,92049,M,,,92
201000048930,10,2,22,700,2,2,1,1.0,3.0,92049,M,,,92
201000048931,10,2,23,1650,1,2,1,1.0,2.0,92049,M,,,92
201000048932,10,2,24,1340,1,2,1,1.0,6.0,92049,M,,,92
201000048933,10,3,9,920,1,2,2,1.0,6.0,92020,M,,,92
201000048934,10,3,13,1600,1,2,1,1.0,6.0,92049,M,,,92
201000048935,10,3,15,1120,1,2,1,1.0,6.0,92020,M,,,92
201000048936,10,3,16,1015,1,2,1,1.0,7.0,92049,M,,,92
201000048937,10,3,19,2320,5,2,1,2.0,6.0,92049,M,,,92
201000048938,10,3,24,750,1,2,3,1.0,3.0,92020,M,,,92
201000048939,10,3,25,1930,5,2,1,1.0,3.0,92020,M,,,92
201000048940,10,3,26,1830,1,2,1,1.0,3.0,92049,M,,,92
201000048941,10,4,1,1010,1,2,2,1.0,3.0,92049,M,,,92
201000048942,10,4,3,2115,5,2,1,2.0,2.0,92049,M,,,92
201000048943,10,4,5,1650,1,2,1,1.0,6.0,92020,M,,,92
201000048944,10,4,9,820,1,2,2,1.0,3.0,92049,M,,,92
201000048945,10,4,9,1940,1,2,1,1.0,2.0,92020,M,,,92
201000048946,10,4,10,2040,5,2,1,1.0,3.0,92020,M,,,92
201000048947,10,4,10,2350,5,2,1,1.0,6.0,92020,M,,,92
201000048948,10,4,15,1020,1,2,3,1.0,3.0,92049,M,,,92
201000048949,10,4,18,15,5,2,1,1.0,2.0,92049,M,,,92
201000048950,10,4,17,1705,1,2,1,1.0,6.0,92020,M,,,92
201000048951,10,4,20,2015,1,2,2,1.0,3.0,92049,M,,,92
201000048952,10,4,21,1950,1,2,1,1.0,2.0,92020,M,,,92
201000048953,10,4,22,1925,1,2,1,1.0,6.0,92020,M,,,92
201000048954,10,4,23,1850,1,2,1,1.0,2.0,92020,M,,,92
201000048955,10,4,24,1515,1,2,1,1.0,6.0,92049,M,,,92
201000048956,10,4,26,940,1,2,2,1.0,3.0,92049,M,,,92
201000048957,10,4,23,530,5,2,1,1.0,7.0,92020,M,,,92
201000048958,10,4,28,1835,1,2,1,1.0,3.0,92049,M,,,92
201000048959,10,4,30,500,5,2,1,1.0,6.0,92020,M,,,92
201000048960,10,5,3,2345,5,2,2,1.0,3.0,92049,M,,,92