Num_Acc,an,mois,jour,hrmn,lum,agg,int,atm,col,com,gps,lat,long,dep
201000048961,10,5,5,2110,5,2,1,5.0,6.0,92049,M,,,92
201000048962,10,5,11,940,1,2,1,2.0,2.0,92049,M,,,92
201000048963,10,5,11,1315,1,2,1,2.0,6.0,92049,M,,,92
201000048964,10,5,11,1850,1,2,2,2.0,6.0,92020,M,,,92
201000048965,10,5,17,2030,1,2,6,1.0,3.0,92020,M,,,92
201000048966,10,5,20,845,1,2,1,1.0,6.0,92020,M,,,92
201000048967,10,5,23,1935,1,2,1,1.0,6.0,92049,M,,,92
201000048968,10,5,26,844,1,2,1,1.0,6.0,92049,M,,,92
201000048969,10,5,27,1905,1,2,1,8.0,6.0,92049,M,,,92
201000048970,10,6,7,1330,1,2,3,1.0,3.0,92049,M,,,92
201000048971,10,6,9,1915,1,2,1,2.0,2.0,92049,M,,,92
201000048972,10,6,11,1130,1,2,1,2.0,6.0,92020,M,,,92
201000048973,10,6,13,955,1,2,1,1.0,6.0,92049,M,,,92
201000048974,10,6,14,1800,1,2,1,1.0,3.0,92049,M,,,92
201000048975,10,6,22,1850,1,2,1,1.0,6.0,92049,M,,,92
201000048976,10,6,24,810,1,2,2,1.0,3.0,92049,M,,,92
201000048977,10,6,24,900,1,2,3,1.0,2.0,92020,M,,,92
201000048978,10,6,25,700,1,2,3,1.0,2.0,92049,M,,,92
201000048979,10,6,25,940,1,2,1,1.0,5.0,92049,M,,,92
201000048980,10,6,29,1300,1,2,2,1.0,6.0,92020,M,,,92
201000048981,10,6,30,1600,1,2,1,1.0,3.0,92049,M,,,92
201000048982,10,7,2,1440,1,2,2,1.0,3.0,92049,M,,,92
201000048983,10,7,4,1335,1,2,2,1.0,3.0,92049,M,,,92
201000048984,10,6,27,1525,1,2,2,1.0,7.0,92020,M,,,92
201000048985,10,7,5,920,1,2,2,1.0,3.0,92020,M,,,92
201000048986,10,7,5,945,1,2,1,1.0,3.0,92049,M,,,92
201000048987,10,7,7,1145,1,2,1,1.0,6.0,92049,M,,,92
201000048988,10,7,8,1300,1,2,3,1.0,3.0,92020,M,,,92
201000048989,10,7,8,1545,1,2,1,1.0,2.0,92049,M,,,92
201000048990,10,7,9,2130,2,2,2,1.0,6.0,92020,M,,,92
201000048991,10,7,10,1500,1,2,1,1.0,6.0,92020,M,,,92
201000048992,10,7,17,1650,1,2,3,1.0,3.0,92020,M,,,92
201000048993,10,7,20,1740,1,2,3,1.0,3.0,92049,M,,,92
201000048994,10,7,21,1510,1,2,1,1.0,7.0,92049,M,,,92
201000048995,10,7,27,1255,1,2,1,1.0,4.0,92049,M,,,92
201000048996,10,7,31,1220,1,2,2,1.0,1.0,92049,M,,,92
201000048997,10,8,6,540,5,2,2,1.0,6.0,92049,M,,,92
201000048998,10,8,16,1505,1,2,2,1.0,3.0,92049,M,,,92
201000048999,10,8,18,1355,1,2,2,1.0,6.0,92049,M,,,92
201000049000,10,9,6,1830,1,2,1,1.0,6.0,92049,M,,,92
201000049001,10,9,9,1205,1,2,1,1.0,2.0,92020,M,,,92
201000049002,10,9,9,1500,1,2,1,2.0,6.0,92049,M,,,92
201000049003,10,9,13,1340,1,2,1,1.0,2.0,92020,M,,,92
201000049004,10,9,15,945,1,2,3,1.0,1.0,92049,M,,,92
201000049005,10,9,15,1945,2,2,1,1.0,3.0,92020,M,,,92
201000049006,10,9,20,810,1,2,3,1.0,1.0,92049,M,,,92
201000049007,10,9,20,1305,1,2,1,1.0,6.0,92049,M,,,92
201000049008,10,9,21,935,1,2,1,1.0,3.0,92049,M,,,92
201000049009,10,9,27,615,2,2,2,1.0,3.0,92049,M,,,92
201000049010,10,9,27,1930,1,2,3,1.0,7.0,92049,M,,,92
201000049011,10,10,1,930,1,2,3,6.0,7.0,92049,M,,,92
201000049012,10,10,2,1620,1,2,1,1.0,2.0,92020,M,,,92
201000049013,10,10,4,1945,5,2,2,8.0,3.0,92020,M,,,92
201000049014,10,10,5,710,5,2,2,1.0,6.0,92020,M,,,92
201000049015,10,10,5,2055,5,2,2,2.0,3.0,92049,M,,,92
201000049016,10,10,6,730,2,2,2,1.0,3.0,92020,M,,,92
201000049017,10,10,7,1955,5,2,3,1.0,3.0,92049,M,,,92
201000049018,10,10,7,2050,5,2,1,1.0,3.0,92049,M,,,92
201000049019,10,10,11,1720,1,2,2,1.0,3.0,92049,M,,,92
201000049020,10,10,12,1215,1,2,1,1.0,6.0,92049,M,,,92
201000049021,10,10,12,2030,5,2,1,1.0,3.0,92049,M,,,92
201000049022,10,10,15,2150,5,2,1,2.0,2.0,92049,M,,,92
201000049023,10,10,16,2100,5,2,2,1.0,3.0,92049,M,,,92
201000049024,10,10,17,815,1,2,1,1.0,3.0,92049,M,,,92
201000049025,10,10,18,840,1,2,1,1.0,6.0,92049,M,,,92
201000049026,10,10,18,1220,1,2,3,1.0,3.0,92049,M,,,92
201000049027,10,10,21,1205,1,2,1,1.0,3.0,92049,M,,,92
201000049028,10,10,26,1340,1,2,2,1.0,2.0,92020,M,,,92
201000049029,10,10,28,815,1,2,1,1.0,5.0,92049,M,,,92
201000049030,10,10,29,1655,1,2,1,1.0,6.0,92049,M,,,92
201000049031,10,10,30,738,5,2,1,2.0,6.0,92020,M,,,92
201000049032,10,11,2,1310,1,2,2,1.0,3.0,92020,M,,,92
201000049033,10,11,7,1920,5,2,1,2.0,3.0,92020,M,,,92
201000049034,10,11,8,110,5,2,1,2.0,6.0,92049,M,,,92
201000049035,10,11,15,1830,5,2,2,2.0,3.0,92020,M,,,92
201000049036,10,11,17,700,1,2,3,1.0,1.0,92049,M,,,92
201000049037,10,11,19,5,5,2,1,1.0,7.0,92049,M,,,92
201000049038,10,11,19,1730,2,2,1,2.0,3.0,92020,M,,,92
201000049039,10,11,20,1130,1,2,2,1.0,6.0,92020,M,,,92
201000049040,10,11,29,630,5,2,1,1.0,7.0,92049,M,,,92
201000049041,10,12,3,1325,1,2,3,1.0,6.0,92020,M,,,92
201000049042,10,12,7,920,1,2,1,1.0,5.0,92049,M,,,92
201000049043,10,12,7,955,1,2,6,1.0,3.0,92049,M,,,92
201000049044,10,12,7,2020,5,2,3,2.0,3.0,92020,M,,,92
201000049045,10,12,11,1600,1,2,1,1.0,3.0,92049,M,,,92
201000049046,10,12,15,1225,1,2,1,1.0,6.0,92020,M,,,92
201000049047,10,12,19,1430,1,2,1,4.0,6.0,92049,M,,,92
201000049048,10,12,17,1710,5,2,1,2.0,6.0,92049,M,,,92
201000049049,10,12,24,2039,5,2,1,1.0,6.0,92049,M,,,92
201000049050,10,12,29,1905,5,2,1,1.0,3.0,92049,M,,,92
201000049051,10,1,6,1815,5,2,1,9.0,6.0,92050,M,,,92
201000049052,10,1,11,1420,1,2,2,9.0,1.0,92050,M,,,92
201000049053,10,1,14,1815,5,2,3,9.0,1.0,92050,M,,,92
201000049054,10,1,17,2050,5,2,1,1.0,6.0,92050,M,,,92
201000049055,10,1,26,1745,5,2,1,8.0,2.0,92050,M,,,92
201000049056,10,1,18,1750,5,2,1,1.0,6.0,92050,M,,,92
201000049057,10,1,21,1450,1,2,3,1.0,2.0,92050,M,,,92
201000049058,10,1,28,1955,5,2,1,9.0,6.0,92050,M,,,92
201000049059,10,2,7,1950,2,2,1,1.0,2.0,92050,M,,,92
201000049060,10,2,13,30,5,2,1,9.0,6.0,92050,M,,,92
201000049061,10,2,17,930,1,2,3,2.0,6.0,92050,M,,,92
201000049062,10,2,19,905,1,2,1,7.0,3.0,92050,M,,,92
201000049063,10,2,16,930,1,2,1,7.0,3.0,92050,M,,,92
201000049064,10,2,23,2115,5,2,1,1.0,3.0,92050,M,,,92
201000049065,10,2,26,1400,1,2,1,1.0,1.0,92050,M,,,92
201000049066,10,3,3,1245,1,2,3,1.0,7.0,92050,M,,,92
201000049067,10,3,4,1730,1,2,1,1.0,6.0,92050,M,,,92
201000049068,10,3,8,1100,1,2,1,9.0,2.0,92050,M,,,92
201000049069,10,3,6,450,5,2,2,9.0,6.0,92050,M,,,92
201000049070,10,3,12,1908,2,2,3,9.0,3.0,92050,M,,,92
201000049071,10,3,17,620,1,2,3,1.0,7.0,92050,M,,,92
201000049072,10,3,17,2005,2,2,6,1.0,6.0,92050,M,,,92
201000049073,10,3,28,600,2,2,1,1.0,6.0,92050,M,,,92
201000049074,10,4,8,1250,1,2,1,1.0,3.0,92050,M,,,92
201000049075,10,4,10,1425,1,2,1,1.0,1.0,92050,M,,,92
201000049076,10,4,15,1930,1,2,1,1.0,1.0,92050,M,,,92
201000049077,10,4,19,1935,1,2,1,9.0,6.0,92050,M,,,92
201000049078,10,4,21,2250,5,2,1,1.0,2.0,92050,M,,,92
201000049079,10,4,22,1140,1,2,3,1.0,3.0,92050,M,,,92
201000049080,10,4,26,1630,1,2,1,7.0,6.0,92050,M,,,92
201000049081,10,4,23,1945,1,2,1,8.0,6.0,92050,M,,,92
201000049082,10,4,26,1400,1,2,1,1.0,1.0,92050,M,,,92
201000049083,10,5,1,1415,1,2,1,1.0,6.0,92050,M,,,92
201000049084,10,5,5,2200,5,2,1,9.0,7.0,92050,M,,,92
201000049085,10,5,6,1015,1,2,3,1.0,3.0,92050,M,,,92
201000049086,10,5,10,1220,1,2,1,1.0,6.0,92050,M,,,92
201000049087,10,5,10,1300,1,2,1,1.0,6.0,92050,M,,,92
201000049088,10,5,12,1750,1,2,3,1.0,4.0,92050,M,,,92
201000049089,10,5,16,1310,1,1,2,8.0,5.0,92050,M,,,92
201000049090,10,5,19,1510,1,2,1,1.0,2.0,92050,M,,,92
201000049091,10,5,19,1900,1,2,1,1.0,3.0,92050,M,,,92
201000049092,10,5,18,1910,1,2,1,1.0,3.0,92050,M,,,92
201000049093,10,5,19,2115,2,2,1,1.0,6.0,92050,M,,,92
201000049094,10,5,26,1115,1,2,1,1.0,3.0,92050,M,,,92
201000049095,10,5,22,25,4,2,3,1.0,3.0,92050,M,,,92
201000049096,10,5,25,1715,1,2,1,1.0,7.0,92050,M,,,92
201000049097,10,5,28,2210,5,2,1,1.0,6.0,92050,M,,,92
201000049098,10,5,28,2005,1,2,2,7.0,3.0,92050,M,,,92
201000049099,10,6,11,50,5,2,1,1.0,2.0,92050,M,,,92
201000049100,10,6,11,1430,1,2,1,1.0,6.0,92050,M,,,92
201000049101,10,6,11,2045,2,2,1,1.0,2.0,92050,M,,,92
201000049102,10,6,12,2100,1,2,1,1.0,6.0,92050,M,,,92
201000049103,10,6,24,835,1,2,1,1.0,6.0,92050,M,,,92
201000049104,10,6,23,1220,1,2,1,1.0,6.0,92050,M,,,92
201000049105,10,6,28,1815,1,2,1,1.0,7.0,92050,M,,,92
201000049106,10,6,30,1350,1,2,1,1.0,6.0,92050,M,,,92
201000049107,10,6,25,945,1,2,1,1.0,3.0,92050,M,,,92
201000049108,10,7,7,1750,1,2,1,1.0,3.0,92050,M,,,92
201000049109,10,7,15,815,1,2,3,1.0,3.0,92050,M,,,92
201000049110,10,7,19,1315,1,2,3,1.0,3.0,92050,M,,,92
201000049111,10,7,20,700,1,2,1,1.0,6.0,92050,M,,,92
201000049112,10,7,22,800,1,2,3,1.0,2.0,92050,M,,,92
201000049113,10,7,22,1140,1,2,1,1.0,7.0,92050,M,,,92
201000049114,10,7,23,1000,1,2,1,1.0,3.0,92050,M,,,92
201000049115,10,7,24,905,1,2,1,1.0,3.0,92050,M,,,92
201000049116,10,8,1,1335,1,2,1,1.0,3.0,92050,M,,,92
201000049117,10,8,9,800,1,2,1,1.0,3.0,92050,M,,,92
201000049118,10,8,2,1610,1,2,5,3.0,2.0,92050,M,,,92
201000049119,10,8,5,2030,1,2,1,1.0,3.0,92050,M,,,92
201000049120,10,8,12,1715,1,2,1,9.0,3.0,92050,M,,,92
201000049121,10,8,15,600,5,2,1,3.0,6.0,92050,M,,,92
201000049122,10,8,15,1815,1,2,1,3.0,3.0,92050,M,,,92
201000049123,10,8,22,710,1,2,3,8.0,3.0,92050,M,,,92
201000049124,10,8,23,1820,1,2,1,1.0,2.0,92050,M,,,92
201000049125,10,8,23,1920,1,2,1,1.0,6.0,92050,M,,,92
201000049126,10,8,29,1710,1,2,2,1.0,3.0,92050,M,,,92
201000049127,10,8,27,1610,1,2,1,2.0,2.0,92050,M,,,92
201000049128,10,9,1,1400,1,2,2,1.0,3.0,92050,M,,,92
201000049129,10,9,1,1550,1,2,1,1.0,3.0,92050,M,,,92
201000049130,10,9,8,2100,4,2,1,9.0,6.0,92050,M,,,92
201000049131,10,9,15,745,2,2,1,2.0,6.0,92050,M,,,92
201000049132,10,9,15,1435,1,2,3,7.0,3.0,92050,M,,,92
201000049133,10,9,15,430,5,2,1,2.0,6.0,92050,M,,,92
201000049134,10,9,21,840,1,2,1,9.0,6.0,92050,M,,,92
201000049135,10,9,23,1255,1,2,1,1.0,6.0,92050,M,,,92
201000049136,10,9,27,1300,1,2,2,1.0,2.0,92050,M,,,92
201000049137,10,9,28,1525,1,2,2,1.0,3.0,92050,M,,,92
201000049138,10,9,30,1440,1,2,1,1.0,6.0,92050,M,,,92
201000049139,10,9,30,1510,1,2,1,1.0,1.0,92050,M,,,92
201000049140,10,9,30,1525,1,2,1,1.0,3.0,92050,M,,,92
201000049141,10,10,3,1340,1,2,6,1.0,1.0,92050,M,,,92
201000049142,10,10,8,915,1,2,1,1.0,5.0,92050,M,,,92
201000049143,10,10,11,1720,1,1,1,1.0,4.0,92050,M,,,92
201000049144,10,10,16,1820,1,2,1,2.0,7.0,92050,M,,,92
201000049145,10,10,18,1915,5,2,1,1.0,3.0,92050,M,,,92
201000049146,10,10,18,2135,5,2,1,1.0,2.0,92050,M,,,92
201000049147,10,10,18,1720,1,2,1,1.0,7.0,92050,M,,,92
201000049148,10,10,20,1235,1,1,1,1.0,6.0,92050,M,,,92
201000049149,10,10,21,1800,1,2,3,1.0,3.0,92050,M,,,92
201000049150,10,10,13,2018,5,2,1,1.0,3.0,92050,M,,,92
201000049151,10,10,25,1520,1,1,1,1.0,6.0,92050,M,,,92
201000049152,10,10,29,1245,1,2,1,8.0,7.0,92050,M,,,92
201000049153,10,11,12,1530,1,2,1,2.0,7.0,92050,M,,,92
201000049154,10,11,17,1030,1,2,1,8.0,6.0,92050,M,,,92
201000049155,10,11,18,2110,5,2,2,2.0,3.0,92050,M,,,92
201000049156,10,11,19,1310,1,2,2,1.0,6.0,92050,M,,,92
201000049157,10,11,24,925,1,2,1,1.0,2.0,92050,M,,,92
201000049158,10,11,24,2230,5,2,1,2.0,2.0,92050,M,,,92
201000049159,10,11,25,820,2,2,1,2.0,7.0,92050,M,,,92
201000049160,10,11,29,715,5,2,1,4.0,3.0,92050,M,,,92
201000049161,10,11,29,830,2,2,1,4.0,7.0,92050,M,,,92
201000049162,10,11,23,820,1,2,1,1.0,3.0,92050,M,,,92
201000049163,10,12,2,1100,1,2,2,4.0,3.0,92050,M,,,92
201000049164,10,12,6,745,5,2,1,2.0,6.0,92050,M,,,92
201000049165,10,12,8,1840,5,2,1,4.0,6.0,92050,M,,,92
201000049166,10,12,14,1630,2,2,2,1.0,1.0,92050,M,,,92
201000049167,10,12,17,910,1,2,1,9.0,7.0,92050,M,,,92
201000049168,10,12,20,1000,1,2,6,4.0,5.0,92050,M,,,92
201000049169,10,12,27,1810,2,2,2,1.0,6.0,92050,M,,,92
201000049170,10,12,25,1210,1,2,2,7.0,3.0,92050,M,,,92
201000049171,10,12,24,1115,1,1,4,4.0,6.0,92050,M,,,92
201000049172,10,12,29,1730,5,2,3,2.0,3.0,92050,M,,,92
201000049173,10,1,8,1020,1,2,1,8.0,4.0,92051,M,,,92
201000049174,10,1,12,1230,1,2,1,1.0,6.0,92051,M,,,92
201000049175,10,1,26,1927,5,2,1,1.0,7.0,92051,M,,,92
201000049176,10,2,2,950,1,2,1,2.0,7.0,92051,M,,,92
201000049177,10,2,1,1250,1,2,1,1.0,3.0,92051,M,,,92
201000049178,10,2,7,505,5,2,1,1.0,6.0,92051,M,,,92
201000049179,10,2,9,2010,5,2,1,1.0,3.0,92051,M,,,92
201000049180,10,1,26,1520,1,2,1,1.0,3.0,92051,M,,,92
201000049181,10,1,16,1415,1,2,1,3.0,3.0,92051,M,,,92
201000049182,10,2,12,1430,1,2,1,1.0,2.0,92051,M,,,92
201000049183,10,2,26,925,1,2,4,2.0,3.0,92051,M,,,92
201000049184,10,3,2,1800,1,2,1,1.0,3.0,92051,M,,,92
201000049185,10,3,8,835,1,2,1,1.0,6.0,92051,M,,,92
201000049186,10,2,28,1155,1,2,1,1.0,2.0,92051,M,,,92
201000049187,10,2,17,1740,1,2,1,1.0,5.0,92051,M,,,92
201000049188,10,2,15,1100,1,2,2,1.0,6.0,92051,M,,,92
201000049189,10,2,8,1450,1,2,3,1.0,2.0,92051,M,,,92
201000049190,10,3,10,1000,1,2,1,1.0,2.0,92051,M,,,92
201000049191,10,2,9,2015,5,2,2,1.0,2.0,92051,M,,,92
201000049192,10,3,20,1430,1,2,2,1.0,2.0,92051,M,,,92
201000049193,10,3,29,2015,5,2,1,2.0,3.0,92051,M,,,92
201000049194,10,3,29,955,1,2,1,1.0,5.0,92051,M,,,92
201000049195,10,2,16,1118,1,2,1,1.0,7.0,92051,M,,,92
201000049196,10,1,25,1115,1,2,2,1.0,3.0,92051,M,,,92
201000049197,10,4,4,1200,1,2,1,8.0,3.0,92051,M,,,92
201000049198,10,4,13,1800,1,2,3,1.0,3.0,92051,M,,,92
201000049199,10,4,14,1420,1,2,1,1.0,3.0,92051,M,,,92
201000049200,10,4,8,900,1,2,2,2.0,7.0,92051,M,,,92
201000049201,10,4,17,1140,1,2,2,1.0,3.0,92051,M,,,92
201000049202,10,4,13,807,1,2,1,1.0,3.0,92051,M,,,92
201000049203,10,4,14,1915,1,2,1,1.0,3.0,92051,M,,,92
201000049204,10,4,20,635,1,2,1,1.0,7.0,92051,M,,,92
201000049205,10,4,15,1145,1,2,1,1.0,3.0,92051,M,,,92
201000049206,10,4,8,1830,1,2,3,1.0,3.0,92051,M,,,92
201000049207,10,4,20,1230,1,2,1,1.0,6.0,92051,M,,,92
201000049208,10,4,21,930,1,2,1,1.0,6.0,92051,M,,,92
201000049209,10,4,24,1845,1,2,1,1.0,6.0,92051,M,,,92
201000049210,10,4,21,2025,4,2,3,1.0,7.0,92051,M,,,92
201000049211,10,4,21,1736,1,1,1,1.0,3.0,92051,M,,,92
201000049212,10,4,26,1150,1,2,1,1.0,5.0,92051,M,,,92
201000049213,10,4,27,1855,1,2,1,1.0,3.0,92051,M,,,92
201000049214,10,5,4,1130,1,2,1,1.0,1.0,92051,M,,,92
201000049215,10,5,5,1505,1,2,1,1.0,6.0,92051,M,,,92
201000049216,10,5,12,1530,1,2,1,1.0,6.0,92051,M,,,92
201000049217,10,5,7,1520,1,2,1,1.0,5.0,92051,M,,,92
201000049218,10,5,11,1830,2,2,2,1.0,3.0,92051,M,,,92
201000049219,10,5,8,1300,1,2,1,1.0,2.0,92051,M,,,92
201000049220,10,5,12,2110,5,2,1,1.0,3.0,92051,M,,,92
201000049221,10,5,16,115,5,2,1,1.0,6.0,92051,M,,,92
201000049222,10,5,14,950,1,2,1,1.0,1.0,92051,M,,,92
201000049223,10,5,17,905,1,2,1,1.0,6.0,92051,M,,,92
201000049224,10,5,21,2210,5,2,1,1.0,6.0,92051,M,,,92
201000049225,10,5,22,1850,1,2,3,7.0,6.0,92051,M,,,92
201000049226,10,5,27,1105,1,2,1,2.0,6.0,92051,M,,,92
201000049227,10,5,25,1310,1,2,1,1.0,6.0,92051,M,,,92
201000049228,10,5,27,1400,1,2,1,2.0,6.0,92051,M,,,92
201000049229,10,5,25,1435,1,2,1,1.0,2.0,92051,M,,,92
201000049230,10,5,28,1010,1,2,1,1.0,6.0,92051,M,,,92
201000049231,10,6,13,1420,1,2,1,1.0,6.0,92051,M,,,92
201000049232,10,6,10,1145,1,2,1,2.0,4.0,92051,M,,,92
201000049233,10,6,8,1410,1,2,1,1.0,2.0,92051,M,,,92
201000049234,10,6,14,625,1,2,3,1.0,3.0,92051,M,,,92
201000049235,10,6,22,1015,1,2,2,1.0,2.0,92051,M,,,92
201000049236,10,6,26,1040,1,2,1,1.0,2.0,92051,M,,,92
201000049237,10,6,25,2100,1,2,1,1.0,6.0,92051,M,,,92
201000049238,10,6,17,2030,1,2,2,1.0,3.0,92051,M,,,92
201000049239,10,6,27,735,1,2,2,1.0,3.0,92051,M,,,92
201000049240,10,6,18,1540,1,2,7,1.0,6.0,92051,M,,,92
201000049241,10,7,4,1935,1,2,7,1.0,3.0,92051,M,,,92
201000049242,10,7,1,1600,1,2,2,1.0,3.0,92051,M,,,92
201000049243,10,7,1,2000,1,2,1,1.0,2.0,92051,M,,,92
201000049244,10,7,12,1935,1,2,1,1.0,2.0,92051,M,,,92
201000049245,10,6,26,150,5,2,1,1.0,7.0,92051,M,,,92
201000049246,10,7,23,1235,1,2,1,1.0,3.0,92051,M,,,92
201000049247,10,7,22,1123,1,2,1,1.0,2.0,92051,M,,,92
201000049248,10,7,29,1210,1,2,2,1.0,2.0,92051,M,,,92
201000049249,10,6,17,1215,1,2,1,1.0,6.0,92051,M,,,92
201000049250,10,6,19,1325,1,2,1,1.0,2.0,92051,M,,,92
201000049251,10,6,17,1700,1,2,1,1.0,3.0,92051,M,,,92
201000049252,10,6,23,1500,1,2,1,1.0,6.0,92051,M,,,92
201000049253,10,6,22,1020,1,2,1,1.0,3.0,92051,M,,,92
201000049254,10,7,4,1800,1,2,1,1.0,3.0,92051,M,,,92
201000049255,10,8,4,1435,1,2,1,1.0,1.0,92051,M,,,92
201000049256,10,8,22,625,2,2,1,1.0,3.0,92051,M,,,92
201000049257,10,8,24,1930,1,2,1,1.0,6.0,92051,M,,,92
201000049258,10,8,25,1345,1,2,1,1.0,3.0,92051,M,,,92
201000049259,10,8,28,1445,1,2,1,2.0,6.0,92051,M,,,92
201000049260,10,8,26,1200,1,2,1,1.0,6.0,92051,M,,,92
201000049261,10,8,25,1605,1,2,1,1.0,3.0,92051,M,,,92
201000049262,10,8,26,1715,1,1,1,2.0,6.0,92051,M,,,92
201000049263,10,8,31,1445,1,2,1,1.0,2.0,92051,M,,,92
201000049264,10,9,1,1140,1,2,1,1.0,7.0,92051,M,,,92
201000049265,10,9,2,910,1,2,1,1.0,3.0,92051,M,,,92
201000049266,10,9,6,925,1,2,1,1.0,2.0,92051,M,,,92
201000049267,10,9,11,1735,1,2,1,1.0,6.0,92051,M,,,92
201000049268,10,9,13,1230,1,2,1,1.0,6.0,92051,M,,,92
201000049269,10,9,15,1700,1,2,1,1.0,4.0,92051,M,,,92
201000049270,10,9,16,1005,1,2,2,1.0,7.0,92051,M,,,92
201000049271,10,9,17,935,1,2,1,1.0,6.0,92051,M,,,92
201000049272,10,9,18,55,5,2,1,1.0,7.0,92051,M,,,92
201000049273,10,10,1,1900,2,2,2,2.0,3.0,92051,M,,,92
201000049274,10,10,1,1325,1,2,2,8.0,6.0,92051,M,,,92
201000049275,10,10,4,915,1,2,1,2.0,3.0,92051,M,,,92
201000049276,10,9,30,1340,1,1,1,1.0,2.0,92051,M,,,92
201000049277,10,9,30,820,1,2,1,2.0,3.0,92051,M,,,92
201000049278,10,10,6,900,1,2,1,2.0,7.0,92051,M,,,92
201000049279,10,10,6,1120,1,2,3,2.0,7.0,92051,M,,,92
201000049280,10,10,13,835,1,2,1,1.0,6.0,92051,M,,,92
201000049281,10,10,8,1220,1,2,1,1.0,2.0,92051,M,,,92
201000049282,10,10,19,1840,2,2,1,8.0,7.0,92051,M,,,92
201000049283,10,10,18,2045,5,2,1,1.0,6.0,92051,M,,,92
201000049284,10,10,12,1115,1,2,1,1.0,3.0,92051,M,,,92
201000049285,10,10,1,1150,1,2,1,1.0,3.0,92051,M,,,92
201000049286,10,9,30,1755,1,2,1,1.0,2.0,92051,M,,,92
201000049287,10,10,4,1600,1,2,1,1.0,6.0,92051,M,,,92
201000049288,10,10,1,2210,5,2,1,8.0,7.0,92051,M,,,92
201000049289,10,9,29,2000,5,2,1,1.0,7.0,92051,M,,,92
201000049290,10,9,4,2010,5,2,1,1.0,2.0,92051,M,,,92
201000049291,10,10,2,1100,1,2,1,2.0,3.0,92051,M,,,92
201000049292,10,11,1,1950,5,2,1,1.0,4.0,92051,M,,,92
201000049293,10,11,2,1505,1,2,3,8.0,6.0,92051,M,,,92
201000049294,10,10,30,1220,1,2,1,1.0,2.0,92051,M,,,92
201000049295,10,11,3,2025,5,2,2,1.0,3.0,92051,M,,,92
201000049296,10,11,9,740,1,2,1,2.0,3.0,92051,M,,,92
201000049297,10,11,9,1745,5,2,1,3.0,6.0,92051,M,,,92
201000049298,10,11,14,1730,5,2,1,1.0,6.0,92051,M,,,92
201000049299,10,11,17,1035,1,2,1,1.0,2.0,92051,M,,,92
201000049300,10,11,20,1905,5,2,1,1.0,3.0,92051,M,,,92
201000049301,10,11,18,2015,5,2,2,2.0,6.0,92051,M,,,92
201000049302,10,11,15,1830,5,2,1,2.0,3.0,92051,M,,,92
201000049303,10,11,17,1455,1,2,1,1.0,6.0,92051,M,,,92
201000049304,10,11,25,745,2,2,1,2.0,3.0,92051,M,,,92
201000049305,10,11,23,1120,1,2,1,1.0,3.0,92051,M,,,92
201000049306,10,12,1,1215,1,2,1,8.0,3.0,92051,M,,,92
201000049307,10,12,4,2005,5,2,1,1.0,6.0,92051,M,,,92
201000049308,10,12,6,2150,5,2,1,1.0,3.0,92051,M,,,92
201000049309,10,12,2,1820,4,1,1,4.0,3.0,92051,M,,,92
201000049310,10,12,31,1755,2,2,2,1.0,6.0,92062,M,,,92
201000049311,10,1,4,935,1,2,1,1.0,3.0,92062,M,,,92
201000049312,10,1,9,850,1,2,1,8.0,6.0,92062,M,,,92
201000049313,10,1,9,1910,5,2,3,4.0,3.0,92062,M,,,92
201000049314,10,1,27,1220,1,2,2,1.0,3.0,92062,M,,,92
201000049315,10,1,30,1400,1,2,1,1.0,2.0,92062,M,,,92
201000049316,10,2,1,1625,1,2,2,1.0,3.0,92062,M,,,92
201000049317,10,2,3,1205,1,2,3,2.0,2.0,92062,M,,,92
201000049318,10,2,3,1850,5,2,1,1.0,6.0,92062,M,,,92
201000049319,10,2,5,1710,1,2,3,1.0,1.0,92062,M,,,92
201000049320,10,2,6,1305,1,2,3,2.0,6.0,92062,M,,,92
201000049321,10,2,15,745,2,2,3,1.0,7.0,92062,M,,,92
201000049322,10,2,19,1640,1,1,3,1.0,3.0,92062,M,,,92
201000049323,10,2,26,1020,1,2,3,1.0,3.0,92062,M,,,92
201000049324,10,3,17,900,1,2,1,1.0,2.0,92062,M,,,92
201000049325,10,3,17,1320,1,1,2,1.0,6.0,92062,M,,,92
201000049326,10,3,21,650,2,2,2,1.0,6.0,92062,M,,,92
201000049327,10,4,3,1230,1,2,2,8.0,6.0,92062,M,,,92
201000049328,10,5,5,1910,1,2,2,1.0,2.0,92062,M,,,92
201000049329,10,5,8,835,1,2,2,1.0,3.0,92062,M,,,92
201000049330,10,5,8,2315,5,2,2,2.0,3.0,92062,M,,,92
201000049331,10,5,12,850,1,2,1,2.0,3.0,92062,M,,,92
201000049332,10,5,17,1425,1,2,2,1.0,3.0,92062,M,,,92
201000049333,10,5,18,1650,1,2,3,1.0,5.0,92062,M,,,92
201000049334,10,5,19,1840,1,2,1,1.0,3.0,92062,M,,,92
201000049335,10,5,20,720,1,2,4,1.0,6.0,92062,M,,,92
201000049336,10,5,22,1835,1,2,3,1.0,6.0,92062,M,,,92
201000049337,10,5,27,2200,5,2,3,2.0,3.0,92062,M,,,92
201000049338,10,6,4,1515,1,2,2,1.0,6.0,92062,M,,,92
201000049339,10,6,7,1115,1,2,3,1.0,6.0,92062,M,,,92
201000049340,10,6,23,1050,1,2,1,1.0,2.0,92062,M,,,92
201000049341,10,6,26,1530,1,2,2,1.0,6.0,92062,M,,,92
201000049342,10,6,28,900,1,2,3,1.0,2.0,92062,M,,,92
201000049343,10,7,8,855,1,2,2,1.0,3.0,92062,M,,,92
201000049344,10,7,11,1425,1,2,2,1.0,7.0,92062,M,,,92
201000049345,10,7,27,1440,1,2,2,1.0,3.0,92062,M,,,92