Num_Acc,an,mois,jour,hrmn,lum,agg,int,atm,col,com,gps,lat,long,dep
201000049346,10,7,28,2015,1,2,1,1.0,2.0,92062,M,,,92
201000049347,10,8,24,2145,5,2,2,1.0,3.0,92062,M,,,92
201000049348,10,8,27,850,1,2,3,1.0,7.0,92062,M,,,92
201000049349,10,9,5,1200,1,2,1,1.0,6.0,92062,M,,,92
201000049350,10,9,5,1400,1,2,1,1.0,6.0,92062,M,,,92
201000049351,10,9,10,700,1,2,6,1.0,6.0,92062,M,,,92
201000049352,10,9,11,1905,1,2,2,1.0,6.0,92062,M,,,92
201000049353,10,9,14,1630,1,2,1,1.0,5.0,92062,M,,,92
201000049354,10,9,17,830,1,2,4,1.0,6.0,92062,M,,,92
201000049355,10,9,17,1500,1,2,3,1.0,6.0,92062,M,,,92
201000049356,10,9,23,1000,1,2,3,1.0,6.0,92062,M,,,92
201000049357,10,10,4,1215,1,2,1,2.0,6.0,92062,M,,,92
201000049358,10,10,2,1930,5,2,3,2.0,7.0,92062,M,,,92
201000049359,10,10,4,825,1,2,2,3.0,3.0,92062,M,,,92
201000049360,10,10,5,500,5,2,3,2.0,2.0,92062,M,,,92
201000049361,10,10,9,1830,1,2,1,1.0,6.0,92062,M,,,92
201000049362,10,10,10,1155,1,2,1,1.0,6.0,92062,M,,,92
201000049363,10,10,10,1430,1,2,2,1.0,3.0,92062,M,,,92
201000049364,10,10,11,1210,1,2,2,1.0,3.0,92062,M,,,92
201000049365,10,10,11,1825,2,2,3,1.0,2.0,92062,M,,,92
201000049366,10,10,11,2055,5,2,1,1.0,2.0,92062,M,,,92
201000049367,10,10,12,1645,1,2,2,1.0,6.0,92062,M,,,92
201000049368,10,10,14,2055,2,2,2,1.0,3.0,92062,M,,,92
201000049369,10,10,18,830,1,2,1,1.0,6.0,92062,M,,,92
201000049370,10,10,22,915,1,2,2,1.0,3.0,92062,M,,,92
201000049371,10,10,23,130,5,2,2,1.0,3.0,92062,M,,,92
201000049372,10,11,9,950,1,2,1,2.0,2.0,92062,M,,,92
201000049373,10,11,13,1540,1,2,3,2.0,6.0,92062,M,,,92
201000049374,10,11,15,910,1,2,2,1.0,3.0,92062,M,,,92
201000049375,10,11,17,2200,5,2,2,2.0,6.0,92062,M,,,92
201000049376,10,11,17,730,1,2,1,1.0,7.0,92062,M,,,92
201000049377,10,11,17,900,1,2,1,1.0,6.0,92062,M,,,92
201000049378,10,11,18,2050,2,2,1,1.0,3.0,92062,M,,,92
201000049379,10,12,15,2040,5,2,2,1.0,6.0,92062,M,,,92
201000049380,10,12,21,1315,1,2,2,1.0,3.0,92062,M,,,92
201000049381,10,12,22,900,1,2,1,1.0,2.0,92062,M,,,92
201000049382,10,1,2,1635,1,2,1,1.0,2.0,92063,M,,,92
201000049383,10,1,5,2000,5,2,2,1.0,3.0,92063,M,,,92
201000049384,10,1,11,650,5,2,2,9.0,6.0,92050,M,,,92
201000049385,10,1,14,1230,1,2,3,1.0,3.0,92063,M,,,92
201000049386,10,1,21,1730,1,2,1,1.0,6.0,92063,M,,,92
201000049387,10,1,22,2030,5,2,1,1.0,6.0,92063,M,,,92
201000049388,10,1,26,745,2,2,3,2.0,6.0,92063,M,,,92
201000049389,10,1,27,950,1,2,1,8.0,6.0,92063,M,,,92
201000049390,10,2,13,810,2,2,2,1.0,3.0,92063,M,,,92
201000049391,10,2,19,2005,2,2,3,1.0,3.0,92063,M,,,92
201000049392,10,2,24,2100,5,2,1,1.0,6.0,92063,M,,,92
201000049393,10,2,26,1600,1,2,1,1.0,3.0,92063,M,,,92
201000049394,10,2,27,1930,5,2,1,2.0,6.0,92063,M,,,92
201000049395,10,2,28,208,5,2,1,2.0,7.0,92063,M,,,92
201000049396,10,3,16,1225,1,2,3,1.0,3.0,92063,M,,,92
201000049397,10,3,18,720,1,2,3,1.0,2.0,92063,M,,,92
201000049398,10,3,18,1155,1,2,2,1.0,6.0,92063,M,,,92
201000049399,10,3,22,1505,1,2,3,1.0,3.0,92063,M,,,92
201000049400,10,3,25,2010,5,2,1,1.0,6.0,92063,M,,,92
201000049401,10,3,30,1355,1,2,1,1.0,6.0,92063,M,,,92
201000049402,10,4,5,1735,1,2,3,1.0,3.0,92063,M,,,92
201000049403,10,4,12,55,5,2,6,1.0,7.0,92063,M,,,92
201000049404,10,4,14,1300,1,2,1,1.0,6.0,92063,M,,,92
201000049405,10,4,14,1550,1,2,1,1.0,6.0,92063,M,,,92
201000049406,10,4,23,2150,1,1,3,1.0,6.0,92063,M,,,92
201000049407,10,4,24,1455,1,2,3,1.0,3.0,92063,M,,,92
201000049408,10,4,25,1950,1,2,3,1.0,6.0,92063,M,,,92
201000049409,10,5,2,1905,1,2,1,1.0,6.0,92063,M,,,92
201000049410,10,5,6,900,1,2,1,1.0,6.0,92063,M,,,92
201000049411,10,5,10,2040,2,2,1,2.0,3.0,92063,M,,,92
201000049412,10,5,11,1720,1,1,3,2.0,6.0,92063,M,,,92
201000049413,10,5,11,1720,1,2,7,2.0,6.0,92063,M,,,92
201000049414,10,5,14,1,5,2,1,1.0,7.0,92063,M,,,92
201000049415,10,5,15,1640,1,1,1,1.0,6.0,92063,M,,,92
201000049416,10,5,26,1720,1,2,2,2.0,6.0,92063,M,,,92
201000049417,10,5,27,1610,1,2,1,2.0,6.0,92063,M,,,92
201000049418,10,5,31,855,1,2,1,1.0,3.0,92063,M,,,92
201000049419,10,6,3,1730,1,2,1,1.0,1.0,92063,M,,,92
201000049420,10,6,7,1715,1,2,1,1.0,6.0,92063,M,,,92
201000049421,10,6,10,1635,1,2,2,2.0,3.0,92063,M,,,92
201000049422,10,6,16,945,1,2,2,1.0,6.0,92063,M,,,92
201000049423,10,6,18,1455,1,2,1,1.0,6.0,92063,M,,,92
201000049424,10,6,21,1125,1,2,1,1.0,6.0,92063,M,,,92
201000049425,10,6,21,1725,1,2,1,1.0,1.0,92063,M,,,92
201000049426,10,6,27,1720,1,2,1,1.0,6.0,92063,M,,,92
201000049427,10,7,2,1730,1,2,1,1.0,6.0,92063,M,,,92
201000049428,10,7,9,1245,1,2,1,1.0,6.0,92063,M,,,92
201000049429,10,7,26,1925,1,2,1,1.0,6.0,92063,M,,,92
201000049430,10,8,1,1925,1,2,1,1.0,3.0,92063,M,,,92
201000049431,10,8,3,1340,1,2,3,1.0,1.0,92063,M,,,92
201000049432,10,8,27,1405,1,2,1,1.0,2.0,92063,M,,,92
201000049433,10,8,28,1940,1,2,1,1.0,3.0,92063,M,,,92
201000049434,10,8,29,1230,1,2,1,1.0,3.0,92063,M,,,92
201000049435,10,9,7,1020,1,2,1,1.0,4.0,92063,M,,,92
201000049436,10,9,7,1440,1,2,7,1.0,3.0,92063,M,,,92
201000049437,10,9,10,1745,1,2,1,1.0,2.0,92063,M,,,92
201000049438,10,9,11,2030,5,2,3,1.0,2.0,92063,M,,,92
201000049439,10,9,8,1100,1,2,1,1.0,2.0,92063,M,,,92
201000049440,10,9,22,1015,1,2,1,1.0,1.0,92063,M,,,92
201000049441,10,9,30,945,1,2,1,1.0,6.0,92063,M,,,92
201000049442,10,10,7,1224,1,2,1,1.0,3.0,92063,M,,,92
201000049443,10,10,7,1740,1,2,1,1.0,1.0,92063,M,,,92
201000049444,10,10,12,1945,2,2,2,1.0,3.0,92063,M,,,92
201000049445,10,10,13,900,1,2,2,1.0,3.0,92063,M,,,92
201000049446,10,10,20,845,1,2,1,1.0,6.0,92063,M,,,92
201000049447,10,10,21,840,1,2,2,1.0,3.0,92063,M,,,92
201000049448,10,10,23,1310,1,1,4,1.0,2.0,92063,M,,,92
201000049449,10,10,27,1625,1,2,1,1.0,6.0,92063,M,,,92
201000049450,10,10,28,745,3,2,3,1.0,7.0,92063,M,,,92
201000049451,10,11,8,1917,5,2,1,1.0,4.0,92063,M,,,92
201000049452,10,11,11,20,5,2,2,1.0,3.0,92063,M,,,92
201000049453,10,11,11,2310,5,1,4,1.0,3.0,92063,M,,,92
201000049454,10,11,18,1230,1,2,3,1.0,6.0,92063,M,,,92
201000049455,10,11,19,800,2,2,1,1.0,3.0,92063,M,,,92
201000049456,10,11,19,930,1,2,1,1.0,6.0,92063,M,,,92
201000049457,10,10,24,45,5,2,2,1.0,2.0,92063,M,,,92
201000049458,10,11,22,1150,1,2,1,8.0,3.0,92063,M,,,92
201000049459,10,11,23,2015,5,2,3,1.0,3.0,92063,M,,,92
201000049460,10,11,24,1620,1,2,1,1.0,3.0,92063,M,,,92
201000049461,10,12,3,1705,2,2,1,1.0,6.0,92063,M,,,92
201000049462,10,12,13,825,2,2,1,1.0,3.0,92063,M,,,92
201000049463,10,12,17,1030,1,2,1,1.0,3.0,92063,M,,,92
201000049464,10,1,18,1805,1,2,1,1.0,3.0,92064,M,,,92
201000049465,10,1,19,1005,1,2,9,5.0,3.0,92076,M,,,92
201000049466,10,1,20,1205,1,2,1,2.0,2.0,92033,M,,,92
201000049467,10,1,21,830,2,2,2,2.0,6.0,92076,M,,,92
201000049468,10,1,22,1425,1,2,1,1.0,2.0,92064,M,,,92
201000049469,10,1,23,920,1,2,1,2.0,2.0,92064,M,,,92
201000049470,10,1,25,855,1,2,2,1.0,3.0,92076,M,,,92
201000049471,10,1,26,805,2,1,1,2.0,3.0,92064,M,,,92
201000049472,10,1,29,805,2,2,2,2.0,5.0,92064,M,,,92
201000049473,10,2,3,2120,5,2,7,1.0,3.0,92064,M,,,92
201000049474,10,2,4,915,1,2,1,1.0,6.0,92033,M,,,92
201000049475,10,2,5,910,1,1,1,1.0,7.0,92047,M,,,92
201000049476,10,2,19,1200,1,2,2,2.0,3.0,92064,M,,,92
201000049477,10,2,16,1245,1,2,1,1.0,3.0,92064,M,,,92
201000049478,10,2,23,1810,1,2,1,1.0,3.0,92064,M,,,92
201000049479,10,3,2,1410,1,2,1,1.0,3.0,92064,M,,,92
201000049480,10,3,4,1110,1,2,1,1.0,4.0,92064,M,,,92
201000049481,10,3,4,1225,1,2,9,1.0,5.0,92064,M,,,92
201000049482,10,3,18,1625,1,2,1,1.0,2.0,92064,M,,,92
201000049483,10,3,18,2100,5,2,1,1.0,3.0,92033,M,,,92
201000049484,10,3,19,1130,1,2,1,1.0,6.0,92064,M,,,92
201000049485,10,3,22,840,1,2,7,1.0,6.0,92064,M,,,92
201000049486,10,3,26,1415,1,2,9,1.0,3.0,92033,M,,,92
201000049487,10,4,2,1,5,2,1,1.0,6.0,92064,M,,,92
201000049488,10,4,2,830,1,2,1,2.0,2.0,92064,M,,,92
201000049489,10,4,4,2125,5,2,3,1.0,5.0,92064,M,,,92
201000049490,10,4,8,1900,1,2,7,1.0,3.0,92064,M,,,92
201000049491,10,4,19,105,5,2,3,1.0,2.0,92064,M,,,92
201000049492,10,4,14,1000,1,1,1,1.0,3.0,92064,M,,,92
201000049493,10,4,14,1030,1,1,1,1.0,3.0,92076,M,,,92
201000049494,10,4,22,1025,1,2,3,1.0,3.0,92033,M,,,92
201000049495,10,4,30,850,1,2,1,1.0,1.0,92064,M,,,92
201000049496,10,4,30,1615,1,2,1,1.0,7.0,92076,M,,,92
201000049497,10,5,8,2215,5,2,1,2.0,6.0,92033,M,,,92
201000049498,10,5,12,1900,1,2,3,1.0,2.0,92047,M,,,92
201000049499,10,5,23,2255,5,2,3,1.0,3.0,92064,M,,,92
201000049500,10,5,23,105,5,2,1,1.0,6.0,92064,M,,,92
201000049501,10,5,27,1335,1,2,1,2.0,6.0,92064,M,,,92
201000049502,10,6,2,1500,1,2,1,1.0,6.0,92033,M,,,92
201000049503,10,6,4,820,1,2,1,1.0,3.0,92076,M,,,92
201000049504,10,6,5,1645,1,1,9,7.0,3.0,92064,M,,,92
201000049505,10,6,7,820,1,2,3,1.0,3.0,92064,M,,,92
201000049506,10,6,10,1145,1,2,1,3.0,2.0,92064,M,,,92
201000049507,10,6,12,1630,1,2,1,1.0,6.0,92033,M,,,92
201000049508,10,6,21,744,1,2,8,1.0,3.0,92047,M,,,92
201000049509,10,6,22,625,1,2,2,1.0,3.0,92064,M,,,92
201000049510,10,6,24,900,1,1,1,1.0,3.0,92047,M,,,92
201000049511,10,6,24,1720,1,2,1,1.0,6.0,92033,M,,,92
201000049512,10,6,25,1830,1,2,1,1.0,6.0,92064,M,,,92
201000049513,10,6,28,1650,1,1,9,1.0,1.0,92064,M,,,92
201000049514,10,6,29,845,1,2,6,1.0,6.0,92064,M,,,92
201000049515,10,6,30,1430,1,2,9,1.0,3.0,92076,M,,,92
201000049516,10,6,30,1750,1,2,1,1.0,5.0,92064,M,,,92
201000049517,10,7,6,1800,1,2,9,1.0,3.0,92033,M,,,92
201000049518,10,7,9,2235,3,2,1,1.0,6.0,92064,M,,,92
201000049519,10,7,20,1515,1,2,3,1.0,3.0,92064,M,,,92
201000049520,10,7,22,1020,1,2,1,1.0,3.0,92064,M,,,92
201000049521,10,8,2,1150,1,2,1,1.0,2.0,92076,M,,,92
201000049522,10,8,2,1635,1,2,3,2.0,3.0,92064,M,,,92
201000049523,10,8,19,1745,1,2,7,1.0,3.0,92064,M,,,92
201000049524,10,8,22,30,5,2,9,1.0,3.0,92064,M,,,92
201000049525,10,8,27,1745,1,2,1,1.0,6.0,92064,M,,,92
201000049526,10,8,31,915,1,2,3,1.0,3.0,92064,M,,,92
201000049527,10,9,2,1805,1,2,1,1.0,6.0,92076,M,,,92
201000049528,10,9,6,845,1,2,1,1.0,3.0,92033,M,,,92
201000049529,10,9,7,1325,1,2,1,1.0,3.0,92033,M,,,92
201000049530,10,9,9,835,1,2,3,1.0,2.0,92064,M,,,92
201000049531,10,9,18,1540,1,2,3,1.0,3.0,92064,M,,,92
201000049532,10,9,22,1700,1,2,1,1.0,3.0,92064,M,,,92
201000049533,10,9,24,1210,1,2,3,1.0,3.0,92064,M,,,92
201000049534,10,10,1,1745,2,2,2,3.0,2.0,92064,M,,,92
201000049535,10,10,4,50,5,2,9,2.0,7.0,92064,M,,,92
201000049536,10,10,6,1130,1,2,1,2.0,3.0,92064,M,,,92
201000049537,10,10,7,930,1,2,1,1.0,2.0,92064,M,,,92
201000049538,10,10,8,805,1,2,1,1.0,3.0,92033,M,,,92
201000049539,10,10,8,1215,1,2,9,7.0,3.0,92064,M,,,92
201000049540,10,10,14,1820,1,2,1,1.0,2.0,92064,M,,,92
201000049541,10,10,15,1655,1,2,1,8.0,6.0,92033,M,,,92
201000049542,10,10,16,1530,1,2,1,1.0,6.0,92076,M,,,92
201000049543,10,10,20,1750,1,2,1,1.0,5.0,92033,M,,,92
201000049544,10,10,22,1505,1,2,3,1.0,3.0,92064,M,,,92
201000049545,10,10,22,1750,2,2,3,1.0,3.0,92064,M,,,92
201000049546,10,10,23,1230,1,2,1,2.0,7.0,92064,M,,,92
201000049547,10,10,27,1205,1,2,1,1.0,6.0,92033,M,,,92
201000049548,10,11,25,2030,5,2,1,9.0,3.0,92033,M,,,92
201000049549,10,12,1,1305,1,2,1,1.0,3.0,92064,M,,,92
201000049550,10,12,3,300,5,2,9,4.0,6.0,92033,M,,,92
201000049551,10,12,4,2005,5,2,1,8.0,3.0,92033,M,,,92
201000049552,10,12,5,1645,2,2,2,2.0,3.0,92033,M,,,92
201000049553,10,12,15,2225,5,2,1,1.0,3.0,92064,M,,,92
201000049554,10,12,17,620,5,2,4,4.0,3.0,92064,M,,,92
201000049555,10,12,28,825,1,2,6,4.0,3.0,92076,M,,,92
201000049556,10,10,11,1435,1,2,1,1.0,2.0,92072,M,,,92
201000049557,10,12,23,1700,1,2,1,4.0,6.0,92077,M,,,92
201000049558,10,1,3,1810,5,2,1,1.0,3.0,92077,M,,,92
201000049559,10,1,11,1430,1,2,1,4.0,6.0,92077,M,,,92
201000049560,10,1,13,1640,1,2,1,8.0,7.0,92072,M,,,92
201000049561,10,1,14,815,1,2,1,1.0,6.0,92077,M,,,92
201000049562,10,1,24,810,5,2,1,1.0,2.0,92022,M,,,92
201000049563,10,1,25,1655,1,2,1,1.0,3.0,92072,M,,,92
201000049564,10,1,29,545,2,2,2,2.0,3.0,92072,M,,,92
201000049565,10,1,31,2015,2,2,1,1.0,3.0,92072,M,,,92
201000049566,10,2,9,1815,5,2,1,1.0,4.0,92072,M,,,92
201000049567,10,2,9,1900,5,2,1,2.0,7.0,92077,M,,,92
201000049568,10,2,10,1120,1,2,1,4.0,4.0,92022,M,,,92
201000049569,10,2,13,1025,1,2,1,2.0,7.0,92072,M,,,92
201000049570,10,2,10,1405,1,2,1,4.0,2.0,92077,M,,,92
201000049571,10,2,19,920,1,2,9,1.0,3.0,92072,M,,,92
201000049572,10,2,20,1825,2,2,1,1.0,7.0,92072,M,,,92
201000049573,10,2,24,1855,5,2,1,2.0,6.0,92072,M,,,92
201000049574,10,3,10,2030,5,2,1,1.0,2.0,92072,M,,,92
201000049575,10,3,12,1800,2,2,1,1.0,6.0,92072,M,,,92
201000049576,10,3,24,620,2,2,1,1.0,6.0,92022,M,,,92
201000049577,10,3,19,2005,3,2,1,3.0,7.0,92072,M,,,92
201000049578,10,3,29,1900,1,2,1,2.0,6.0,92077,M,,,92
201000049579,10,3,31,815,1,2,1,1.0,6.0,92072,M,,,92
201000049580,10,4,3,1445,1,2,1,1.0,5.0,92072,M,,,92
201000049581,10,4,12,1940,1,2,1,1.0,7.0,92072,M,,,92
201000049582,10,4,14,1920,1,2,1,1.0,3.0,92072,M,,,92
201000049583,10,4,18,1630,1,2,1,1.0,7.0,92072,M,,,92
201000049584,10,5,4,1530,1,2,1,1.0,2.0,92072,M,,,92
201000049585,10,5,5,1105,1,2,1,1.0,2.0,92022,M,,,92
201000049586,10,5,6,1010,1,2,1,1.0,3.0,92022,M,,,92
201000049587,10,5,6,1930,1,2,3,1.0,3.0,92072,M,,,92
201000049588,10,5,13,45,5,2,1,1.0,6.0,92077,M,,,92
201000049589,10,5,16,2325,5,2,6,1.0,6.0,92077,M,,,92
201000049590,10,5,16,1650,1,2,3,1.0,3.0,92072,M,,,92
201000049591,10,5,18,1845,1,2,1,1.0,6.0,92077,M,,,92
201000049592,10,5,20,2020,1,2,1,1.0,3.0,92072,M,,,92
201000049593,10,5,24,1305,1,2,1,1.0,6.0,92072,M,,,92
201000049594,10,5,25,2005,1,2,1,1.0,6.0,92022,M,,,92
201000049595,10,5,27,1805,1,2,1,8.0,7.0,92077,M,,,92
201000049596,10,6,2,935,1,2,1,1.0,6.0,92072,M,,,92
201000049597,10,6,4,2000,1,2,2,1.0,2.0,92022,M,,,92
201000049598,10,6,11,1710,1,2,1,1.0,6.0,92022,M,,,92
201000049599,10,6,14,1825,1,2,3,1.0,3.0,92022,M,,,92
201000049600,10,6,24,1000,1,2,1,1.0,2.0,92072,M,,,92
201000049601,10,6,28,1300,1,2,1,1.0,2.0,92072,M,,,92
201000049602,10,7,5,100,5,2,3,1.0,6.0,92072,M,,,92
201000049603,10,7,7,1105,1,2,1,1.0,6.0,92072,M,,,92
201000049604,10,7,8,1700,1,2,1,1.0,4.0,92072,M,,,92
201000049605,10,7,9,1120,1,2,1,1.0,2.0,92072,M,,,92
201000049606,10,7,25,1205,1,2,3,1.0,6.0,92022,M,,,92
201000049607,10,7,24,1,5,2,3,1.0,3.0,92022,M,,,92
201000049608,10,8,3,725,1,2,1,1.0,2.0,92077,M,,,92
201000049609,10,8,11,1140,1,2,3,2.0,7.0,92072,M,,,92
201000049610,10,8,12,330,5,2,2,1.0,3.0,92012,M,,,92
201000049611,10,8,23,1815,1,2,1,1.0,6.0,92072,M,,,92
201000049612,10,8,27,1810,1,2,2,1.0,3.0,92077,M,,,92
201000049613,10,8,27,2230,3,2,1,1.0,6.0,92022,M,,,92
201000049614,10,8,31,1805,1,2,1,1.0,6.0,92072,M,,,92
201000049615,10,9,2,1048,1,2,1,1.0,3.0,92072,M,,,92
201000049616,10,9,3,905,1,2,1,1.0,6.0,92077,M,,,92
201000049617,10,9,13,820,1,2,1,1.0,2.0,92077,M,,,92
201000049618,10,9,22,1030,1,2,6,1.0,6.0,92072,M,,,92
201000049619,10,9,25,1240,1,2,1,1.0,4.0,92072,M,,,92
201000049620,10,9,27,1650,1,2,3,1.0,6.0,92022,M,,,92
201000049621,10,9,28,1830,1,2,1,1.0,6.0,92072,M,,,92
201000049622,10,9,30,715,2,2,1,3.0,3.0,92022,M,,,92
201000049623,10,10,3,1515,1,2,1,1.0,7.0,92072,M,,,92
201000049624,10,10,7,1110,1,2,1,1.0,1.0,92077,M,,,92
201000049625,10,10,9,1035,1,2,2,1.0,2.0,92077,M,,,92
201000049626,10,10,13,1950,1,2,4,1.0,3.0,92022,M,,,92
201000049627,10,10,14,830,1,2,1,1.0,2.0,92072,M,,,92
201000049628,10,10,15,1720,1,2,1,1.0,3.0,92022,M,,,92
201000049629,10,10,16,1230,1,2,1,1.0,6.0,92072,M,,,92
201000049630,10,10,21,845,1,2,1,1.0,6.0,92022,M,,,92
201000049631,10,10,23,2045,5,2,1,2.0,3.0,92022,M,,,92
201000049632,10,11,1,1100,1,2,1,1.0,3.0,92022,M,,,92
201000049633,10,11,3,1840,5,2,1,1.0,7.0,92072,M,,,92
201000049634,10,11,7,940,1,2,1,1.0,7.0,92022,M,,,92
201000049635,10,11,15,850,1,2,3,1.0,3.0,92072,M,,,92
201000049636,10,11,22,750,4,2,1,2.0,6.0,92022,M,,,92
201000049637,10,11,23,1153,1,2,7,1.0,2.0,92072,M,,,92
201000049638,10,11,28,5,5,2,2,8.0,2.0,92022,M,,,92
201000049639,10,11,30,1840,5,2,3,1.0,6.0,92072,M,,,92
201000049640,10,12,3,2130,5,2,3,1.0,3.0,92072,M,,,92
201000049641,10,1,13,1410,1,2,3,1.0,6.0,92073,M,,,92
201000049642,10,1,17,1320,1,2,1,1.0,6.0,92073,M,,,92
201000049643,10,1,19,30,5,2,3,1.0,6.0,92073,M,,,92
201000049644,10,1,25,1330,1,2,3,1.0,6.0,92073,M,,,92
201000049645,10,2,1,1505,1,2,3,1.0,2.0,92073,M,,,92
201000049646,10,2,2,810,1,2,4,2.0,6.0,92073,M,,,92
201000049647,10,2,15,1440,1,2,3,1.0,2.0,92073,M,,,92
201000049648,10,3,1,1910,2,2,2,1.0,3.0,92073,M,,,92
201000049649,10,3,3,1705,1,2,1,1.0,5.0,92073,M,,,92
201000049650,10,3,6,2155,5,2,2,1.0,6.0,92073,M,,,92
201000049651,10,3,19,1710,1,2,2,1.0,6.0,92073,M,,,92
201000049652,10,3,22,1025,1,2,2,1.0,6.0,92073,M,,,92
201000049653,10,3,25,315,5,2,1,1.0,6.0,92073,M,,,92
201000049654,10,3,31,920,1,2,3,1.0,6.0,92073,M,,,92
201000049655,10,4,1,830,1,2,3,1.0,6.0,92073,M,,,92
201000049656,10,4,1,1830,1,2,1,1.0,6.0,92073,M,,,92
201000049657,10,4,9,645,2,2,1,1.0,6.0,92073,M,,,92
201000049658,10,4,9,1505,1,2,3,1.0,7.0,92073,M,,,92
201000049659,10,4,13,1000,1,2,3,1.0,6.0,92073,M,,,92
201000049660,10,4,13,1715,1,2,1,1.0,6.0,92073,M,,,92
201000049661,10,4,21,900,1,2,2,1.0,6.0,92073,M,,,92
201000049662,10,4,23,725,1,2,2,1.0,6.0,92073,M,,,92
201000049663,10,4,23,1800,1,2,3,1.0,6.0,92073,M,,,92
201000049664,10,4,24,1415,1,2,2,1.0,6.0,92073,M,,,92
201000049665,10,4,29,2030,2,2,4,1.0,6.0,92073,M,,,92
201000049666,10,5,2,2135,5,2,3,2.0,7.0,92073,M,,,92
201000049667,10,5,11,1920,1,2,3,2.0,2.0,92073,M,,,92
201000049668,10,5,19,855,1,2,6,1.0,6.0,92073,M,,,92
201000049669,10,6,1,740,1,2,1,1.0,2.0,92073,M,,,92
201000049670,10,6,5,1215,1,2,4,1.0,6.0,92073,M,,,92
201000049671,10,6,6,2140,5,2,2,1.0,6.0,92073,M,,,92
201000049672,10,6,9,1240,1,2,2,3.0,6.0,92073,M,,,92
201000049673,10,6,9,1700,1,2,1,2.0,7.0,92073,M,,,92
201000049674,10,6,10,730,1,2,1,2.0,6.0,92073,M,,,92
201000049675,10,6,14,2005,1,2,4,1.0,2.0,92073,M,,,92
201000049676,10,6,16,1750,1,2,2,1.0,2.0,92073,M,,,92
201000049677,10,6,22,2245,5,2,3,1.0,7.0,92073,M,,,92
201000049678,10,7,7,1655,1,2,3,1.0,6.0,92073,M,,,92
201000049679,10,7,15,1820,1,2,1,1.0,7.0,92073,M,,,92
201000049680,10,7,19,810,1,2,2,1.0,6.0,92073,M,,,92
201000049681,10,7,28,1535,1,2,1,1.0,7.0,92073,M,,,92
201000049682,10,7,31,1720,1,2,4,1.0,6.0,92073,M,,,92
201000049683,10,8,4,1820,1,2,2,2.0,7.0,92073,M,,,92
201000049684,10,8,15,2315,5,2,1,3.0,6.0,92073,M,,,92
201000049685,10,8,29,1430,1,2,2,1.0,6.0,92073,M,,,92
201000049686,10,9,3,905,1,2,6,1.0,2.0,92073,M,,,92
201000049687,10,10,9,1715,1,2,3,1.0,6.0,92073,M,,,92
201000049688,10,10,12,1940,5,2,3,1.0,6.0,92073,M,,,92
201000049689,10,10,15,1215,1,2,1,1.0,3.0,92073,M,,,92
201000049690,10,10,15,1740,1,2,1,1.0,6.0,92073,M,,,92
201000049691,10,10,20,1000,1,2,2,1.0,2.0,92073,M,,,92
201000049692,10,10,28,2140,5,2,2,1.0,1.0,92073,M,,,92
201000049693,10,10,29,1935,5,2,2,1.0,3.0,92073,M,,,92
201000049694,10,11,3,2330,5,2,1,1.0,3.0,92073,M,,,92
201000049695,10,11,8,855,1,2,1,1.0,3.0,92073,M,,,92
201000049696,10,11,12,2315,5,2,1,1.0,2.0,92073,M,,,92
201000049697,10,11,14,25,5,2,1,1.0,7.0,92073,M,,,92
201000049698,10,11,17,855,1,2,1,1.0,5.0,92073,M,,,92
201000049699,10,11,17,1600,1,2,1,1.0,6.0,92073,M,,,92
201000049700,10,11,24,1530,1,2,1,1.0,3.0,92073,M,,,92
201000049701,10,12,13,1820,5,2,3,1.0,6.0,92073,M,,,92
201000049702,10,12,22,1800,5,2,2,4.0,6.0,92073,M,,,92
201000049703,10,12,24,1830,5,2,3,1.0,1.0,92073,M,,,92
201000049704,10,12,29,1055,1,2,2,1.0,6.0,92073,M,,,92
201000049705,10,12,29,2030,5,2,1,1.0,7.0,92073,M,,,92
201000049706,10,1,7,2145,5,2,1,1.0,2.0,92046,M,,,92
201000049707,10,1,6,1645,1,2,3,1.0,6.0,92075,M,,,92
201000049708,10,1,19,20,5,2,2,1.0,3.0,92046,M,,,92
201000049709,10,2,5,2000,5,2,2,1.0,3.0,92046,M,,,92
201000049710,10,2,10,1650,1,2,1,4.0,3.0,92046,M,,,92
201000049711,10,2,11,910,1,2,1,4.0,6.0,92046,M,,,92
201000049712,10,2,16,830,1,2,3,1.0,5.0,92046,M,,,92
201000049713,10,3,4,2020,5,1,2,1.0,6.0,92046,M,,,92
201000049714,10,3,7,1245,1,2,1,1.0,4.0,92046,M,,,92
201000049715,10,3,9,2225,5,2,1,1.0,2.0,92046,M,,,92
201000049716,10,3,26,1000,1,2,1,1.0,6.0,92075,M,,,92
201000049717,10,4,8,1330,1,2,1,1.0,1.0,92075,M,,,92
201000049718,10,4,12,900,1,2,1,7.0,3.0,92046,M,,,92
201000049719,10,4,9,855,1,2,3,1.0,6.0,92046,M,,,92
201000049720,10,4,9,1110,1,2,1,1.0,7.0,92046,M,,,92
201000049721,10,4,14,1800,1,2,1,1.0,6.0,92046,M,,,92
201000049722,10,4,23,2135,5,2,1,1.0,6.0,92046,M,,,92
201000049723,10,4,30,1425,1,2,1,1.0,6.0,92075,M,,,92
201000049724,10,5,5,815,1,2,1,1.0,2.0,92075,M,,,92
201000049725,10,5,22,1750,1,2,1,1.0,3.0,92075,M,,,92
201000049726,10,6,2,2055,1,2,2,1.0,6.0,92046,M,,,92
201000049727,10,6,8,1005,1,2,1,1.0,3.0,92075,M,,,92
201000049728,10,6,16,1345,1,2,1,1.0,3.0,92075,M,,,92
201000049729,10,6,17,450,5,2,1,1.0,6.0,92075,M,,,92
201000049730,10,6,17,1630,1,2,6,2.0,6.0,92075,M,,,92