Num_Acc,an,mois,jour,hrmn,lum,agg,int,atm,col,com,gps,lat,long,dep
201000049731,10,6,18,1710,1,2,2,1.0,3.0,92046,M,,,92
201000049732,10,6,21,1600,1,2,2,1.0,6.0,92046,M,,,92
201000049733,10,6,25,1830,1,2,1,1.0,6.0,92075,M,,,92
201000049734,10,6,29,1500,1,2,1,1.0,6.0,92046,M,,,92
201000049735,10,7,1,1910,1,2,1,1.0,6.0,92046,M,,,92
201000049736,10,7,12,1330,1,2,2,1.0,5.0,92046,M,,,92
201000049737,10,7,20,1230,1,2,2,1.0,5.0,92046,M,,,92
201000049738,10,7,20,1420,1,2,6,1.0,2.0,92075,M,,,92
201000049739,10,7,29,2200,5,2,1,1.0,1.0,92046,M,,,92
201000049740,10,8,2,150,5,2,1,1.0,2.0,92046,M,,,92
201000049741,10,8,1,1625,1,2,1,1.0,2.0,92075,M,,,92
201000049742,10,8,4,1205,1,2,3,1.0,1.0,92075,M,,,92
201000049743,10,8,23,2040,1,2,1,1.0,6.0,92046,M,,,92
201000049744,10,8,23,2340,5,2,2,1.0,3.0,92046,M,,,92
201000049745,10,8,24,2206,5,2,1,1.0,6.0,92075,M,,,92
201000049746,10,8,28,1950,1,2,3,1.0,1.0,92075,M,,,92
201000049747,10,8,29,1845,1,2,3,1.0,3.0,92046,M,,,92
201000049748,10,9,3,1515,1,2,2,1.0,3.0,92046,M,,,92
201000049749,10,9,20,1130,1,2,1,1.0,6.0,92046,M,,,92
201000049750,10,9,22,40,5,2,2,1.0,3.0,92046,M,,,92
201000049751,10,9,22,1010,1,2,2,1.0,6.0,92046,M,,,92
201000049752,10,9,15,810,1,2,1,2.0,3.0,92046,M,,,92
201000049753,10,9,27,830,1,2,3,1.0,3.0,92075,M,,,92
201000049754,10,9,28,1530,1,2,5,1.0,6.0,92075,M,,,92
201000049755,10,9,30,730,2,2,1,2.0,2.0,92075,M,,,92
201000049756,10,10,6,1210,1,2,1,1.0,3.0,92046,M,,,92
201000049757,10,10,6,1610,1,2,1,2.0,3.0,92075,M,,,92
201000049758,10,10,15,1950,5,2,1,2.0,3.0,92075,M,,,92
201000049759,10,10,21,1345,1,2,3,1.0,2.0,92046,M,,,92
201000049760,10,10,24,1500,1,2,3,2.0,3.0,92046,M,,,92
201000049761,10,10,29,1340,1,2,3,1.0,2.0,92046,M,,,92
201000049762,10,11,4,930,1,2,2,1.0,1.0,92046,M,4881300.0,229870.0,92
201000049763,10,11,12,2150,5,2,1,8.0,7.0,92075,M,,,92
201000049764,10,11,17,1317,1,2,1,1.0,6.0,92075,M,,,92
201000049765,10,11,15,2150,5,2,1,2.0,6.0,92046,M,,,92
201000049766,10,11,27,600,5,2,1,1.0,7.0,92046,M,,,92
201000049767,10,12,6,2135,5,2,3,1.0,3.0,92046,M,,,92
201000049768,10,12,11,1355,1,2,3,1.0,6.0,92075,M,,,92
201000049769,10,12,17,2010,5,2,2,4.0,3.0,92046,M,,,92
201000049770,10,12,17,945,1,2,5,1.0,3.0,92075,M,,,92
201000049771,10,2,5,1555,2,2,1,1.0,6.0,92078,M,,,92
201000049772,10,2,12,1635,1,2,1,1.0,2.0,92078,M,,,92
201000049773,10,3,21,1550,1,2,3,1.0,6.0,92078,M,,,92
201000049774,10,3,22,855,1,2,1,1.0,6.0,92078,M,,,92
201000049775,10,3,26,905,1,2,1,8.0,2.0,92078,M,,,92
201000049776,10,4,23,1240,1,2,3,1.0,7.0,92078,M,,,92
201000049777,10,4,16,1445,1,2,3,1.0,2.0,92078,M,,,92
201000049778,10,5,2,1515,1,1,9,2.0,6.0,92078,M,,,92
201000049779,10,5,11,810,1,2,2,3.0,2.0,92078,M,,,92
201000049780,10,5,14,1625,1,2,2,1.0,3.0,92078,M,,,92
201000049781,10,5,17,1421,1,2,4,1.0,1.0,92078,M,,,92
201000049782,10,6,25,1220,1,2,2,1.0,3.0,92078,M,,,92
201000049783,10,7,1,1540,1,1,1,1.0,1.0,92078,M,,,92
201000049784,10,6,13,2220,5,2,1,1.0,7.0,92078,M,,,92
201000049785,10,7,7,1945,1,2,1,1.0,3.0,92078,M,,,92
201000049786,10,7,27,900,1,2,4,1.0,7.0,92078,M,,,92
201000049787,10,8,18,1305,1,2,3,1.0,3.0,92078,M,,,92
201000049788,10,8,30,50,4,2,1,2.0,6.0,92078,M,,,92
201000049789,10,9,24,530,5,2,9,2.0,2.0,92078,M,,,92
201000049790,10,10,12,850,1,2,3,1.0,6.0,92078,M,,,92
201000049791,10,10,31,2150,3,2,2,1.0,1.0,92078,M,,,92
201000049792,10,12,12,1130,1,2,1,1.0,6.0,92078,M,,,92
201000049793,10,12,13,735,5,2,1,1.0,1.0,92078,M,,,92
201000049794,10,1,6,1730,2,2,4,1.0,2.0,92062,M,,,92
201000049795,10,1,17,639,5,2,4,1.0,2.0,92026,M,,,92
201000049796,10,2,9,1705,1,2,2,1.0,5.0,92026,M,,,92
201000049797,10,2,17,1100,1,2,4,2.0,6.0,92062,M,,,92
201000049798,10,2,18,2305,5,2,4,2.0,7.0,92062,M,,,92
201000049799,10,2,25,1450,1,2,1,2.0,2.0,92062,M,,,92
201000049800,10,3,9,1350,1,2,3,1.0,7.0,92026,M,,,92
201000049801,10,3,27,520,5,2,2,2.0,6.0,92026,M,,,92
201000049802,10,4,6,1030,1,2,1,1.0,2.0,92062,M,,,92
201000049803,10,4,19,1940,1,2,2,1.0,7.0,92062,M,,,92
201000049804,10,5,12,515,5,1,1,1.0,7.0,92026,M,,,92
201000049805,10,5,14,1200,1,2,3,1.0,3.0,92026,M,,,92
201000049806,10,5,29,510,5,2,1,1.0,7.0,92062,M,,,92
201000049807,10,6,4,640,1,2,1,1.0,7.0,92062,M,,,92
201000049808,10,6,11,1850,1,2,2,1.0,3.0,92062,M,,,92
201000049809,10,6,16,1800,1,2,4,1.0,4.0,92026,M,,,92
201000049810,10,7,9,1840,1,2,2,1.0,3.0,92062,M,,,92
201000049811,10,7,21,1800,1,2,1,1.0,7.0,92062,M,,,92
201000049812,10,7,23,1830,1,2,9,1.0,7.0,92026,M,,,92
201000049813,10,7,4,2015,1,2,1,1.0,7.0,92062,M,,,92
201000049814,10,8,24,1230,1,2,1,8.0,7.0,92026,M,,,92
201000049815,10,9,8,1900,2,2,1,3.0,2.0,92062,M,,,92
201000049816,10,9,10,1900,1,2,4,1.0,3.0,92062,M,,,92
201000049817,10,9,15,900,1,2,1,2.0,6.0,92026,M,,,92
201000049818,10,10,20,830,1,2,1,1.0,6.0,92062,M,,,92
201000049819,10,9,20,615,3,2,5,1.0,6.0,92026,M,,,92
201000049820,10,11,12,2031,5,2,1,3.0,7.0,92026,M,,,92
201000049821,10,10,2,900,1,2,1,2.0,2.0,92026,M,,,92
201000049822,10,11,23,930,1,2,1,1.0,2.0,92062,M,,,92
201000049823,10,12,20,615,2,2,4,4.0,3.0,92026,M,,,92
201000049824,10,1,1,1740,5,2,1,1.0,6.0,93001,M,4891710.0,240669.0,93
201000049825,10,1,6,1400,1,2,1,1.0,6.0,93001,M,4891410.0,238078.0,93
201000049826,10,1,11,30,5,2,3,8.0,3.0,93001,M,4891660.0,240613.0,93
201000049827,10,1,11,1635,1,2,1,9.0,6.0,93001,M,4891850.0,239277.0,93
201000049828,10,1,13,700,5,2,3,4.0,6.0,93001,M,4890760.0,239629.0,93
201000049829,10,1,13,1157,1,2,1,8.0,6.0,93001,M,4891380.0,238065.0,93
201000049830,10,1,13,2100,5,2,8,1.0,6.0,93001,M,4890120.0,238935.0,93
201000049831,10,1,14,1235,1,2,1,1.0,6.0,93001,M,4890710.0,238862.0,93
201000049832,10,1,19,1115,1,2,1,8.0,3.0,93001,M,4891240.0,237996.0,93
201000049833,10,1,20,1820,5,2,3,2.0,3.0,93001,M,4891350.0,240280.0,93
201000049834,10,1,23,2025,5,2,1,1.0,5.0,93001,M,4891980.0,239371.0,93
201000049835,10,1,29,45,5,2,2,2.0,1.0,93001,M,4890850.0,237822.0,93
201000049836,10,1,31,2040,5,2,1,1.0,2.0,93001,M,4890370.0,239204.0,93
201000049837,10,2,1,1405,1,2,1,1.0,7.0,93001,M,4891220.0,239133.0,93
201000049838,10,2,2,940,1,2,1,8.0,6.0,93001,M,4890360.0,237225.0,93
201000049839,10,2,13,1325,1,2,1,8.0,6.0,93001,M,4890530.0,239038.0,93
201000049840,10,2,14,15,5,2,2,1.0,1.0,93001,M,4891920.0,237818.0,93
201000049841,10,2,16,930,1,2,4,1.0,7.0,93001,M,4891230.0,237472.0,93
201000049842,10,2,21,1845,5,2,2,1.0,7.0,93001,M,4891140.0,240042.0,93
201000049843,10,2,21,1455,1,2,1,1.0,6.0,93001,M,4891150.0,237949.0,93
201000049844,10,2,23,1050,1,2,3,2.0,7.0,93001,M,4892180.0,239452.0,93
201000049845,10,2,26,1105,1,2,1,1.0,6.0,93001,M,4890750.0,239015.0,93
201000049846,10,3,5,950,1,2,1,1.0,6.0,93001,M,4890790.0,238793.0,93
201000049847,10,3,5,1445,1,2,1,1.0,3.0,93001,M,4891260.0,237295.0,93
201000049848,10,3,11,1510,1,2,1,1.0,3.0,93001,M,4890630.0,237536.0,93
201000049849,10,3,12,1410,1,2,1,1.0,6.0,93001,M,4890420.0,239155.0,93
201000049850,10,3,12,1740,1,2,5,1.0,1.0,93001,M,4891910.0,238718.0,93
201000049851,10,3,15,1410,1,2,3,1.0,2.0,93001,M,4891230.0,237472.0,93
201000049852,10,3,16,1500,1,2,1,1.0,7.0,93001,M,4891180.0,238086.0,93
201000049853,10,3,17,100,5,2,3,1.0,3.0,93001,M,4891800.0,237756.0,93
201000049854,10,3,17,1320,1,2,1,1.0,7.0,93001,M,4891150.0,240056.0,93
201000049855,10,3,20,1145,1,2,1,2.0,6.0,93001,M,4891330.0,238042.0,93
201000049856,10,3,24,1900,1,2,1,1.0,2.0,93001,M,4891240.0,239133.0,93
201000049857,10,3,26,910,1,2,1,1.0,6.0,93001,M,4891510.0,238131.0,93
201000049858,10,3,26,1705,1,2,1,1.0,6.0,93001,M,4890480.0,239095.0,93
201000049859,10,4,3,1340,1,2,1,2.0,6.0,93001,M,4891490.0,238102.0,93
201000049860,10,4,8,1430,1,2,5,1.0,6.0,93001,M,4891480.0,238121.0,93
201000049861,10,4,10,1850,1,2,4,1.0,3.0,93001,M,4890340.0,237208.0,93
201000049862,10,4,12,1150,1,2,1,1.0,2.0,93001,M,4891780.0,238216.0,93
201000049863,10,4,13,1830,1,2,1,1.0,6.0,93001,M,4892200.0,237425.0,93
201000049864,10,4,14,915,1,2,1,8.0,3.0,93001,M,4890510.0,237397.0,93
201000049865,10,4,14,1805,1,2,1,1.0,6.0,93001,M,4890440.0,239132.0,93
201000049866,10,4,17,1640,1,2,2,1.0,6.0,93001,M,4891120.0,238049.0,93
201000049867,10,4,19,1357,1,2,1,1.0,6.0,93001,M,4890440.0,239132.0,93
201000049868,10,4,19,1440,1,2,1,1.0,6.0,93001,M,4891080.0,236590.0,93
201000049869,10,4,19,2210,5,2,1,1.0,6.0,93001,M,4891400.0,238143.0,93
201000049870,10,4,24,1900,1,2,1,1.0,6.0,93001,M,4890790.0,238793.0,93
201000049871,10,4,29,1320,1,2,1,1.0,6.0,93001,M,4891840.0,239358.0,93
201000049872,10,5,5,2000,1,2,1,1.0,6.0,93001,M,4891080.0,239122.0,93
201000049873,10,5,10,750,1,2,2,1.0,3.0,93001,M,4891440.0,237856.0,93
201000049874,10,5,10,1320,1,2,3,8.0,2.0,93001,M,4891350.0,240280.0,93
201000049875,10,5,12,1800,1,2,3,1.0,1.0,93001,M,4891830.0,240072.0,93
201000049876,10,5,13,1630,1,2,2,1.0,1.0,93001,M,4891530.0,237127.0,93
201000049877,10,5,23,2325,5,2,1,1.0,1.0,93001,M,4890280.0,239100.0,93
201000049878,10,5,26,35,5,2,2,2.0,6.0,93001,M,4890600.0,238974.0,93
201000049879,10,5,27,1040,1,2,1,1.0,6.0,93001,M,4891460.0,238530.0,93
201000049880,10,5,27,1630,1,2,1,2.0,6.0,93001,M,4890650.0,238027.0,93
201000049881,10,5,28,1600,1,2,1,1.0,6.0,93001,M,4891460.0,239095.0,93
201000049882,10,5,29,1315,1,2,1,1.0,6.0,93001,M,4891380.0,238065.0,93
201000049883,10,5,31,1710,1,2,1,1.0,6.0,93001,M,4891840.0,239470.0,93
201000049884,10,6,3,1650,1,2,1,1.0,6.0,93001,M,4890970.0,237859.0,93
201000049885,10,6,7,1720,1,2,2,1.0,2.0,93001,M,4891700.0,237982.0,93
201000049886,10,6,9,1800,1,2,2,3.0,5.0,93001,M,4890710.0,237635.0,93
201000049887,10,6,5,1120,1,2,1,1.0,2.0,93001,M,4891350.0,240274.0,93
201000049888,10,6,16,815,1,2,2,1.0,3.0,93001,M,4890510.0,238941.0,93
201000049889,10,6,17,850,1,2,2,1.0,1.0,93001,M,4890680.0,238763.0,93
201000049890,10,6,17,1000,1,2,1,1.0,1.0,93001,M,4891120.0,237561.0,93
201000049891,10,6,19,1345,1,2,1,1.0,3.0,93001,M,4892030.0,236818.0,93
201000049892,10,6,19,2230,5,2,1,1.0,7.0,93001,M,4890230.0,239049.0,93
201000049893,10,6,21,1800,1,2,1,1.0,6.0,93001,M,4890180.0,238840.0,93
201000049894,10,6,22,1132,1,2,2,1.0,6.0,93001,M,4892190.0,240020.0,93
201000049895,10,6,22,1905,1,2,1,1.0,3.0,93001,M,4890300.0,237165.0,93
201000049896,10,6,26,1515,1,2,5,1.0,6.0,93001,M,4891480.0,238121.0,93
201000049897,10,6,28,1330,1,2,1,1.0,3.0,93001,M,4890660.0,237008.0,93
201000049898,10,6,28,2140,2,2,1,1.0,7.0,93001,M,4891530.0,237376.0,93
201000049899,10,6,29,1820,1,2,1,1.0,6.0,93001,M,4891170.0,240076.0,93
201000049900,10,6,30,845,1,2,2,1.0,6.0,93001,M,4890600.0,238974.0,93
201000049901,10,6,30,1350,1,2,1,1.0,3.0,93001,M,4890440.0,239278.0,93
201000049902,10,7,3,1650,1,2,1,1.0,7.0,93001,M,,,93
201000049903,10,7,6,1410,1,2,1,1.0,6.0,93001,M,,,93
201000049904,10,7,6,1700,1,2,1,1.0,6.0,93001,M,,,93
201000049905,10,7,13,1750,1,2,1,1.0,6.0,93001,M,,,93
201000049906,10,7,20,2005,1,2,1,1.0,6.0,93001,M,,,93
201000049907,10,7,20,2134,1,2,1,1.0,6.0,93001,M,,,93
201000049908,10,7,23,1540,1,2,1,2.0,3.0,93001,M,,,93
201000049909,10,7,25,1815,1,2,3,9.0,2.0,93001,M,4123455.0,345699.0,93
201000049910,10,7,25,2205,5,2,7,1.0,3.0,93001,M,,,93
201000049911,10,7,26,1810,1,2,1,8.0,2.0,93001,M,,,93
201000049912,10,7,31,1919,1,2,3,1.0,1.0,93001,M,,,93
201000049913,10,8,2,1825,1,2,1,2.0,3.0,93001,M,,,93
201000049914,10,8,12,1830,1,2,3,1.0,3.0,93001,M,,,93
201000049915,10,8,12,2230,5,2,3,1.0,6.0,93001,M,,,93
201000049916,10,8,20,1845,1,2,2,1.0,3.0,93001,M,,,93
201000049917,10,8,30,1200,1,2,1,1.0,3.0,93001,M,,,93
201000049918,10,8,30,1630,1,2,1,1.0,3.0,93001,M,,,93
201000049919,10,9,2,1630,1,2,1,1.0,6.0,93001,M,,,93
201000049920,10,9,3,1250,1,2,2,1.0,3.0,93001,M,,,93
201000049921,10,9,3,1520,1,2,1,1.0,4.0,93001,M,,,93
201000049922,10,9,8,1015,1,2,1,2.0,1.0,93001,M,,,93
201000049923,10,9,15,813,1,2,3,2.0,5.0,93001,M,,,93
201000049924,10,9,16,1624,1,2,1,1.0,3.0,93001,M,,,93
201000049925,10,9,16,2045,5,2,2,1.0,3.0,93001,M,,,93
201000049926,10,9,18,1400,1,2,2,1.0,3.0,93001,M,,,93
201000049927,10,9,19,1533,1,2,1,1.0,3.0,93001,M,,,93
201000049928,10,9,20,1220,1,2,1,1.0,6.0,93001,M,,,93
201000049929,10,9,20,1815,1,2,1,1.0,2.0,93001,M,,,93
201000049930,10,9,21,1220,1,2,1,1.0,1.0,93001,M,,,93
201000049931,10,9,21,1605,1,2,3,1.0,6.0,93001,M,,,93
201000049932,10,9,23,750,1,2,1,1.0,3.0,93001,M,,,93
201000049933,10,9,24,1150,1,2,1,1.0,3.0,93001,M,,,93
201000049934,10,9,24,1720,1,2,1,2.0,6.0,93001,M,,,93
201000049935,10,9,24,1816,1,2,1,2.0,6.0,93001,M,,,93
201000049936,10,9,27,800,2,2,1,1.0,6.0,93001,M,,,93
201000049937,10,9,28,625,5,2,2,1.0,3.0,93001,M,,,93
201000049938,10,9,28,825,1,2,2,1.0,2.0,93001,M,,,93
201000049939,10,9,29,1250,1,2,2,1.0,3.0,93001,M,,,93
201000049940,10,10,2,30,5,2,2,3.0,3.0,93001,M,,,93
201000049941,10,10,2,840,1,1,1,2.0,6.0,93001,M,,,93
201000049942,10,10,4,720,2,2,6,2.0,1.0,93001,M,,,93
201000049943,10,10,5,1405,1,2,1,8.0,6.0,93001,M,,,93
201000049944,10,10,10,1304,1,2,1,1.0,6.0,93001,M,,,93
201000049945,10,10,13,1435,1,2,2,1.0,1.0,93001,M,,,93
201000049946,10,10,13,1435,1,2,1,1.0,3.0,93001,M,,,93
201000049947,10,10,14,1200,1,2,3,1.0,3.0,93001,M,,,93
201000049948,10,10,14,2030,5,2,5,1.0,1.0,93001,M,,,93
201000049949,10,10,17,1220,1,2,3,8.0,3.0,93001,M,,,93
201000049950,10,10,20,2000,5,2,1,1.0,3.0,93001,M,,,93
201000049951,10,10,21,1315,1,2,1,1.0,6.0,93001,M,,,93
201000049952,10,10,22,930,1,2,1,1.0,3.0,93001,M,,,93
201000049953,10,10,25,1340,1,2,1,1.0,6.0,93001,M,,,93
201000049954,10,10,25,1400,1,2,1,1.0,6.0,93001,M,,,93
201000049955,10,10,28,1930,5,2,1,1.0,6.0,93001,M,,,93
201000049956,10,10,29,50,5,2,1,1.0,6.0,93001,M,,,93
201000049957,10,10,29,1530,1,2,1,1.0,6.0,93001,M,,,93
201000049958,10,10,30,910,1,2,2,2.0,1.0,93001,M,,,93
201000049959,10,11,3,1440,1,2,1,1.0,3.0,93001,M,,,93
201000049960,10,11,10,1120,1,2,1,1.0,6.0,93001,M,,,93
201000049961,10,11,10,1245,1,2,1,2.0,7.0,93001,M,,,93
201000049962,10,11,15,1530,1,2,1,1.0,2.0,93001,M,,,93
201000049963,10,11,20,2150,5,2,1,1.0,4.0,93001,M,,,93
201000049964,10,11,23,1220,1,2,1,1.0,6.0,93001,M,,,93
201000049965,10,11,23,1555,1,2,2,1.0,3.0,93001,M,,,93
201000049966,10,12,1,1740,5,2,5,8.0,6.0,93001,M,,,93
201000049967,10,12,2,815,5,2,1,4.0,6.0,93001,M,,,93
201000049968,10,12,4,930,1,2,2,8.0,3.0,93001,M,,,93
201000049969,10,12,4,1450,1,2,1,4.0,6.0,93001,M,,,93
201000049970,10,12,16,720,2,2,2,2.0,3.0,93001,M,,,93
201000049971,10,12,18,1730,5,2,1,4.0,6.0,93001,M,,,93
201000049972,10,12,23,1705,5,2,1,2.0,3.0,93001,M,,,93
201000049973,10,1,5,2020,4,2,1,1.0,2.0,93005,M,4895430.0,251308.0,93
201000049974,10,1,10,1705,5,2,1,4.0,3.0,93005,M,4895670.0,247934.0,93
201000049975,10,1,11,835,1,2,2,9.0,6.0,93005,M,4892650.0,248642.0,93
201000049976,10,1,14,745,2,2,2,1.0,6.0,93005,M,4893130.0,249511.0,93
201000049977,10,1,14,1645,1,2,3,1.0,2.0,93005,M,4894520.0,249489.0,93
201000049978,10,1,15,2000,5,2,3,1.0,3.0,93005,M,4893480.0,249486.0,93
201000049979,10,1,19,840,1,2,1,8.0,3.0,93005,M,4895700.0,248331.0,93
201000049980,10,1,24,2040,5,2,2,2.0,3.0,93005,M,4893040.0,248819.0,93
201000049981,10,1,27,1230,1,2,1,1.0,6.0,93005,M,4894800.0,249102.0,93
201000049982,10,1,27,1320,1,2,3,1.0,6.0,93005,M,4895530.0,249738.0,93
201000049983,10,1,30,1415,1,2,1,1.0,6.0,93005,M,4894830.0,249031.0,93
201000049984,10,1,31,1800,5,2,1,1.0,3.0,93005,M,4894110.0,249960.0,93
201000049985,10,2,3,1210,1,2,1,1.0,6.0,93005,M,4894160.0,249626.0,93
201000049986,10,2,11,820,1,2,4,4.0,6.0,93005,M,4893400.0,249368.0,93
201000049987,10,2,15,825,1,2,1,1.0,3.0,93005,M,4893180.0,250493.0,93
201000049988,10,2,16,750,1,2,1,1.0,2.0,93005,M,4895250.0,251217.0,93
201000049989,10,2,18,1635,1,2,1,1.0,7.0,93005,M,4892740.0,248933.0,93
201000049990,10,2,20,1930,3,2,1,1.0,2.0,93005,M,4895960.0,250273.0,93
201000049991,10,2,28,1500,1,2,2,2.0,3.0,93005,M,4893570.0,248809.0,93
201000049992,10,3,1,2030,5,2,1,1.0,3.0,93005,M,4895950.0,250289.0,93
201000049993,10,3,4,1600,1,2,1,1.0,3.0,93005,M,4892690.0,248957.0,93
201000049994,10,3,10,900,1,2,1,1.0,2.0,93005,M,4893650.0,250239.0,93
201000049995,10,3,10,1350,1,2,1,1.0,6.0,93005,M,4894670.0,249992.0,93
201000049996,10,3,13,2130,5,2,1,1.0,2.0,93005,M,4893990.0,250550.0,93
201000049997,10,3,14,1815,2,2,1,1.0,6.0,93005,M,4894760.0,251248.0,93
201000049998,10,3,20,1425,1,2,4,1.0,6.0,93005,M,4894970.0,248848.0,93
201000049999,10,3,23,810,1,2,1,1.0,3.0,93005,M,4895820.0,247799.0,93
201000050000,10,3,31,1435,1,2,3,3.0,3.0,93005,M,4894000.0,250463.0,93
201000050001,10,4,3,2220,5,2,5,2.0,3.0,93005,M,4893580.0,249393.0,93
201000050002,10,4,9,1010,1,2,1,1.0,6.0,93005,M,4894930.0,251803.0,93
201000050003,10,4,9,1555,1,2,3,1.0,1.0,93005,M,4894510.0,249796.0,93
201000050004,10,4,13,1840,2,2,1,2.0,6.0,93005,M,4894590.0,250750.0,93
201000050005,10,4,14,515,5,2,1,2.0,6.0,93005,M,4892940.0,248202.0,93
201000050006,10,4,14,1925,1,2,1,1.0,1.0,93005,M,4893300.0,248901.0,93
201000050007,10,4,18,1720,1,2,2,1.0,3.0,93005,M,4892190.0,248134.0,93
201000050008,10,4,19,1915,1,2,1,1.0,7.0,93005,M,4895090.0,251050.0,93
201000050009,10,4,20,1530,1,2,2,1.0,3.0,93005,M,4894080.0,249617.0,93
201000050010,10,4,21,1835,1,2,1,1.0,1.0,93005,M,4892470.0,251579.0,93
201000050011,10,4,24,1535,1,2,1,1.0,6.0,93005,M,4891970.0,248703.0,93
201000050012,10,4,24,1630,1,2,9,1.0,3.0,93005,M,4895850.0,247651.0,93
201000050013,10,4,27,1850,1,2,1,1.0,6.0,93005,M,4895370.0,250635.0,93
201000050014,10,4,27,1950,1,2,1,1.0,6.0,93005,M,4893240.0,249349.0,93
201000050015,10,4,30,945,1,2,5,2.0,1.0,93005,M,4893580.0,249393.0,93
201000050016,10,5,3,1800,1,2,1,8.0,2.0,93005,M,4894510.0,250901.0,93
201000050017,10,5,10,1900,1,2,3,1.0,3.0,93005,M,4893190.0,249076.0,93
201000050018,10,4,25,1940,1,2,2,1.0,3.0,93005,M,4892590.0,248845.0,93
201000050019,10,5,16,1140,1,2,1,1.0,7.0,93005,M,4894690.0,249273.0,93
201000050020,10,5,18,2230,5,2,1,1.0,7.0,93005,M,4893870.0,249282.0,93
201000050021,10,5,19,715,1,2,2,1.0,3.0,93005,M,4892110.0,248290.0,93
201000050022,10,5,20,1710,1,2,1,1.0,2.0,93005,M,4893620.0,249493.0,93
201000050023,10,5,21,1825,1,2,1,1.0,6.0,93005,M,4893240.0,249601.0,93
201000050024,10,5,25,1800,1,2,9,1.0,6.0,93005,M,4893770.0,250554.0,93
201000050025,10,5,26,1515,1,2,2,2.0,7.0,93005,M,4893730.0,249862.0,93
201000050026,10,5,27,1250,1,2,6,2.0,3.0,93005,M,4892940.0,248010.0,93
201000050027,10,5,28,940,1,2,5,1.0,3.0,93005,M,4893750.0,249473.0,93
201000050028,10,5,28,1520,1,2,1,1.0,6.0,93005,M,4893110.0,249287.0,93
201000050029,10,5,28,1835,1,2,1,1.0,6.0,93005,M,4895310.0,249886.0,93
201000050030,10,5,31,740,1,2,3,1.0,3.0,93005,M,4893320.0,248955.0,93
201000050031,10,5,31,920,1,2,1,1.0,3.0,93005,M,4895300.0,249886.0,93
201000050032,10,6,4,1020,1,2,5,1.0,3.0,93005,M,4893750.0,249473.0,93
201000050033,10,6,4,1500,1,2,1,1.0,3.0,93005,M,4895260.0,249797.0,93
201000050034,10,6,11,910,1,2,1,1.0,6.0,93005,M,4894970.0,252151.0,93
201000050035,10,6,11,1320,1,2,3,1.0,6.0,93005,M,4893130.0,249511.0,93
201000050036,10,6,12,2235,5,2,2,1.0,3.0,93005,M,4892650.0,249405.0,93
201000050037,10,6,14,810,1,2,2,1.0,6.0,93005,M,4893470.0,250311.0,93
201000050038,10,6,15,1700,1,2,2,1.0,3.0,93005,M,4893730.0,249862.0,93
201000050039,10,6,17,2000,1,2,1,1.0,1.0,93005,M,4895840.0,249214.0,93
201000050040,10,6,18,810,1,2,1,8.0,1.0,93005,M,4894110.0,249010.0,93
201000050041,10,6,18,1710,1,2,1,1.0,3.0,93005,M,4893370.0,249045.0,93
201000050042,10,6,24,1657,1,2,1,1.0,3.0,93005,M,4893360.0,249360.0,93
201000050043,10,6,30,2230,5,2,3,1.0,6.0,93005,M,4895350.0,249132.0,93
201000050044,10,7,2,1655,1,2,1,2.0,7.0,93005,M,,,93
201000050045,10,7,5,1840,1,2,1,1.0,6.0,93005,M,,,93
201000050046,10,7,8,2028,2,2,1,1.0,3.0,93005,M,,,93
201000050047,10,7,10,2040,1,2,2,1.0,3.0,93005,M,,,93
201000050048,10,7,16,415,5,2,1,1.0,6.0,93005,M,,,93
201000050049,10,7,17,2100,1,2,1,1.0,3.0,93005,M,,,93
201000050050,10,7,22,1445,1,2,1,1.0,2.0,93005,M,,,93
201000050051,10,7,30,1435,1,2,1,1.0,3.0,93005,M,,,93
201000050052,10,8,1,1700,1,2,1,1.0,3.0,93005,M,,,93
201000050053,10,8,3,1945,1,2,1,1.0,3.0,93005,M,,,93
201000050054,10,8,7,2030,2,2,6,2.0,6.0,93005,M,,,93
201000050055,10,8,10,1430,1,2,2,1.0,3.0,93005,M,,,93
201000050056,10,8,10,1630,1,2,9,1.0,6.0,93005,M,,,93
201000050057,10,8,11,810,1,2,3,2.0,3.0,93005,M,,,93
201000050058,10,8,9,1740,1,2,3,1.0,3.0,93005,M,,,93
201000050059,10,8,15,1600,1,2,1,2.0,6.0,93005,M,,,93
201000050060,10,8,15,1815,1,2,1,3.0,6.0,93005,M,,,93
201000050061,10,8,18,930,1,2,4,1.0,3.0,93005,M,,,93
201000050062,10,8,22,1610,1,2,1,1.0,3.0,93005,M,,,93
201000050063,10,8,28,1550,1,2,1,1.0,2.0,93005,M,,,93
201000050064,10,8,29,35,5,2,1,1.0,1.0,93005,M,,,93
201000050065,10,9,1,1250,1,2,6,1.0,3.0,93005,M,,,93
201000050066,10,9,3,200,4,2,1,1.0,6.0,93005,M,,,93
201000050067,10,9,1,1650,1,2,9,1.0,3.0,93005,M,,,93