Num_Acc,an,mois,jour,hrmn,lum,agg,int,atm,col,com,gps,lat,long,dep
201000050068,10,9,12,1650,1,2,1,1.0,6.0,93005,M,,,93
201000050069,10,9,16,2230,5,2,6,1.0,6.0,93005,M,,,93
201000050070,10,9,17,740,1,1,6,1.0,3.0,93005,M,,,93
201000050071,10,9,17,1950,2,2,2,1.0,3.0,93005,M,,,93
201000050072,10,9,18,1650,1,2,3,1.0,2.0,93005,M,,,93
201000050073,10,9,21,55,5,2,1,1.0,6.0,93005,M,,,93
201000050074,10,9,22,2145,5,2,1,1.0,3.0,93005,M,,,93
201000050075,10,9,21,2035,5,2,1,1.0,7.0,93005,M,,,93
201000050076,10,9,27,1545,1,2,1,1.0,6.0,93005,M,,,93
201000050077,10,9,28,2015,5,2,2,1.0,3.0,93005,M,,,93
201000050078,10,10,5,1740,1,2,1,2.0,4.0,93005,M,,,93
201000050079,10,10,10,500,4,2,3,1.0,3.0,93005,M,,,93
201000050080,10,10,11,1030,1,2,3,1.0,1.0,93005,M,,,93
201000050081,10,10,12,2000,3,2,1,1.0,3.0,93005,M,,,93
201000050082,10,10,19,1100,1,2,3,2.0,6.0,93005,M,,,93
201000050083,10,10,21,235,5,2,1,1.0,6.0,93005,M,,,93
201000050084,10,10,22,1715,1,2,3,1.0,6.0,93005,M,,,93
201000050085,10,10,23,250,5,2,9,1.0,6.0,93005,M,,,93
201000050086,10,10,23,640,5,2,1,1.0,3.0,93005,M,,,93
201000050087,10,10,23,1615,1,2,3,8.0,3.0,93005,M,,,93
201000050088,10,10,26,1945,4,2,2,1.0,3.0,93005,M,,,93
201000050089,10,10,26,2330,5,2,2,1.0,3.0,93005,M,,,93
201000050090,10,11,6,1040,1,2,4,2.0,3.0,93005,M,,,93
201000050091,10,11,8,835,2,2,3,8.0,3.0,93005,M,,,93
201000050092,10,11,11,2310,5,2,1,1.0,6.0,93005,M,,,93
201000050093,10,11,11,2045,3,1,1,3.0,2.0,93005,M,,,93
201000050094,10,11,14,1910,5,2,7,2.0,6.0,93005,M,,,93
201000050095,10,11,16,855,1,2,2,1.0,3.0,93005,M,,,93
201000050096,10,11,17,1,5,2,9,1.0,1.0,93005,M,,,93
201000050097,10,11,17,2000,3,2,3,2.0,3.0,93005,M,,,93
201000050098,10,11,20,1310,1,2,6,1.0,6.0,93005,M,,,93
201000050099,10,11,20,1900,5,2,3,1.0,2.0,93005,M,,,93
201000050100,10,11,22,1955,5,2,2,1.0,6.0,93005,M,,,93
201000050101,10,11,24,1120,1,2,9,1.0,6.0,93005,M,,,93
201000050102,10,11,25,2040,5,2,1,1.0,1.0,93005,M,,,93
201000050103,10,11,29,1620,1,2,3,8.0,7.0,93005,M,,,93
201000050104,10,11,29,2120,5,2,3,1.0,6.0,93005,M,,,93
201000050105,10,12,2,1800,5,2,1,9.0,6.0,93005,M,,,93
201000050106,10,12,4,1930,5,2,6,4.0,1.0,93005,M,,,93
201000050107,10,12,9,1950,5,2,1,9.0,3.0,93005,M,,,93
201000050108,10,12,14,1750,5,1,1,8.0,2.0,93005,M,,,93
201000050109,10,12,27,1745,2,2,1,1.0,6.0,93005,M,,,93
201000050110,10,12,27,1855,5,2,1,1.0,6.0,93005,M,,,93
201000050111,10,12,27,2130,5,2,2,1.0,3.0,93005,M,,,93
201000050112,10,1,1,1430,1,2,2,1.0,6.0,93071,M,4894200.0,252060.0,93
201000050113,10,1,2,1420,1,2,1,1.0,6.0,93071,M,4892960.0,248894.0,93
201000050114,10,1,10,330,5,1,4,4.0,6.0,93071,M,4895100.0,252946.0,93
201000050115,10,1,16,2120,5,2,1,2.0,6.0,93071,M,4892710.0,252178.0,93
201000050116,10,9,8,1840,1,2,3,2.0,3.0,93071,M,,,93
201000050117,10,2,2,1300,1,2,3,3.0,3.0,93071,M,4893600.0,251515.0,93
201000050118,10,3,14,2350,5,2,3,1.0,6.0,93071,M,4894620.0,251544.0,93
201000050119,10,9,5,1900,1,2,1,1.0,3.0,93071,M,,,93
201000050120,10,11,30,1200,1,2,1,1.0,6.0,93071,M,,,93
201000050121,10,2,17,1145,1,2,1,2.0,6.0,93071,M,4893990.0,251665.0,93
201000050122,10,4,12,1755,1,2,2,1.0,6.0,93071,M,4893600.0,251515.0,93
201000050123,10,2,21,1320,1,2,1,1.0,6.0,93071,M,,,93
201000050124,10,9,17,1625,1,2,1,1.0,6.0,93071,M,,,93
201000050125,10,5,12,1235,1,2,1,1.0,4.0,93071,M,4893270.0,253734.0,93
201000050126,10,2,21,1630,1,2,1,1.0,3.0,93071,M,,,93
201000050127,10,9,17,1950,2,2,2,1.0,3.0,93071,M,,,93
201000050128,10,9,18,1815,1,2,1,1.0,2.0,93071,M,,,93
201000050129,10,3,12,810,1,2,1,1.0,1.0,93071,M,4892960.0,251538.0,93
201000050130,10,9,21,905,1,2,1,1.0,6.0,93071,M,,,93
201000050131,10,3,16,1540,1,2,1,1.0,6.0,93071,M,4893850.0,253361.0,93
201000050132,10,3,18,825,1,2,1,1.0,3.0,93071,M,4893490.0,253240.0,93
201000050133,10,3,24,1200,1,2,3,1.0,3.0,93071,M,4894530.0,251934.0,93
201000050134,10,4,1,1550,1,2,3,1.0,3.0,93071,M,,,93
201000050135,10,4,5,1735,1,2,3,1.0,3.0,93071,M,4893610.0,251629.0,93
201000050136,10,4,6,340,5,2,2,1.0,3.0,93071,M,,,93
201000050137,10,4,8,1240,1,2,4,1.0,6.0,93071,M,4893730.0,252876.0,93
201000050138,10,4,14,945,1,2,1,2.0,6.0,93071,M,4894400.0,253336.0,93
201000050139,10,4,23,1550,1,2,1,1.0,6.0,93071,M,4894480.0,252767.0,93
201000050140,10,4,20,2135,5,2,1,1.0,6.0,93071,M,,,93
201000050141,10,5,19,1850,1,2,1,1.0,6.0,93071,M,4892950.0,251537.0,93
201000050142,10,4,24,940,1,2,3,1.0,2.0,93071,M,,,93
201000050143,10,5,20,1645,1,2,1,1.0,2.0,93071,M,4893890.0,251282.0,93
201000050144,10,5,22,1600,1,2,1,1.0,6.0,93071,M,4894670.0,251803.0,93
201000050145,10,6,9,1505,1,2,2,2.0,3.0,93071,M,4894330.0,252480.0,93
201000050146,10,6,13,2345,5,2,4,1.0,3.0,93071,M,4893600.0,251515.0,93
201000050147,10,6,22,1720,1,2,1,1.0,6.0,93071,M,4893520.0,251838.0,93
201000050148,10,6,25,1850,1,2,1,1.0,6.0,93071,M,4893370.0,252784.0,93
201000050149,10,6,26,1645,1,2,2,1.0,3.0,93071,M,4892750.0,251892.0,93
201000050150,10,7,3,1445,1,2,1,8.0,6.0,93071,M,,,93
201000050151,10,7,30,1440,1,2,1,1.0,3.0,93071,M,,,93
201000050152,10,8,7,2150,5,2,3,2.0,3.0,93071,M,,,93
201000050153,10,8,13,2120,5,2,8,1.0,2.0,93071,M,,,93
201000050154,10,8,14,1415,1,2,1,1.0,6.0,93071,M,,,93
201000050155,10,8,18,1725,1,2,1,1.0,6.0,93071,M,,,93
201000050156,10,10,4,1650,1,2,1,1.0,6.0,93071,M,,,93
201000050157,10,10,4,1805,1,2,1,1.0,2.0,93071,M,,,93
201000050158,10,10,8,820,1,2,2,1.0,1.0,93071,M,,,93
201000050159,10,10,16,1800,2,2,3,1.0,3.0,93071,M,,,93
201000050160,10,11,16,1810,2,2,1,1.0,6.0,93071,M,,,93
201000050161,10,11,17,1610,1,2,1,1.0,6.0,93071,M,,,93
201000050162,10,11,18,1755,5,2,3,1.0,6.0,93071,M,,,93
201000050163,10,11,22,1840,5,2,2,8.0,6.0,93071,M,,,93
201000050164,10,11,23,835,1,2,1,1.0,6.0,93071,M,,,93
201000050165,10,11,23,1800,5,2,1,1.0,6.0,93071,M,,,93
201000050166,10,11,23,1845,5,2,5,1.0,1.0,93071,M,,,93
201000050167,10,11,30,1610,1,2,3,1.0,3.0,93071,M,,,93
201000050168,10,12,1,1248,1,2,1,4.0,6.0,93071,M,,,93
201000050169,10,12,1,1900,5,2,1,1.0,6.0,93071,M,,,93
201000050170,10,12,4,1750,5,2,2,2.0,3.0,93071,M,,,93
201000050171,10,12,10,2030,5,2,1,1.0,6.0,93071,M,,,93
201000050172,10,12,12,1605,1,2,1,1.0,2.0,93071,M,,,93
201000050173,10,12,19,1017,1,2,1,4.0,3.0,93071,M,,,93
201000050174,10,12,23,1430,1,2,3,4.0,3.0,93071,M,,,93
201000050175,10,12,26,2039,5,2,1,1.0,6.0,93071,M,,,93
201000050176,10,12,28,1500,1,2,3,1.0,6.0,93071,M,,,93
201000050177,10,12,30,1720,5,2,3,1.0,6.0,93071,M,,,93
201000050178,10,1,4,820,1,2,6,1.0,3.0,93007,M,4894980.0,246651.0,93
201000050179,10,1,13,1900,5,2,3,1.0,1.0,93007,M,4894360.0,244442.0,93
201000050180,10,1,17,1940,5,2,1,1.0,6.0,93007,M,4892790.0,247225.0,93
201000050181,10,1,25,1150,1,2,1,1.0,6.0,93007,M,4892670.0,247120.0,93
201000050182,10,2,3,2130,5,2,6,1.0,3.0,93007,M,4894970.0,246686.0,93
201000050183,10,2,10,1645,1,2,1,1.0,1.0,93007,M,4894050.0,244736.0,93
201000050184,10,2,15,1750,1,2,2,1.0,6.0,93007,M,4894260.0,245927.0,93
201000050185,10,2,16,715,2,2,2,1.0,3.0,93007,M,4894060.0,244936.0,93
201000050186,10,2,18,2035,5,2,1,2.0,2.0,93007,M,4893540.0,247438.0,93
201000050187,10,2,24,1735,1,2,8,2.0,6.0,93007,M,4894830.0,245448.0,93
201000050188,10,2,26,645,5,2,1,2.0,3.0,93007,M,4894690.0,244631.0,93
201000050189,10,2,26,1530,1,2,3,1.0,2.0,93007,M,4894300.0,244084.0,93
201000050190,10,3,9,1440,1,2,2,1.0,2.0,93007,M,4894140.0,246385.0,93
201000050191,10,3,13,1745,1,2,3,1.0,6.0,93007,M,4894560.0,245704.0,93
201000050192,10,3,20,1050,1,2,1,8.0,6.0,93007,M,4893600.0,246709.0,93
201000050193,10,3,22,840,1,2,1,1.0,5.0,93007,M,4893670.0,247480.0,93
201000050194,10,3,23,1915,2,2,3,1.0,3.0,93007,M,4893530.0,246962.0,93
201000050195,10,4,9,1215,1,2,2,1.0,3.0,93007,M,4892630.0,247783.0,93
201000050196,10,4,10,45,3,2,3,1.0,2.0,93007,M,4895340.0,244247.0,93
201000050197,10,4,11,1740,1,2,2,1.0,3.0,93007,M,4894460.0,245910.0,93
201000050198,10,4,16,635,5,2,2,1.0,3.0,93007,M,4894360.0,245919.0,93
201000050199,10,4,24,2025,2,2,1,1.0,3.0,93007,M,4894430.0,244728.0,93
201000050200,10,4,30,1840,1,2,1,1.0,3.0,93007,M,4894610.0,247005.0,93
201000050201,10,4,30,1750,1,2,1,1.0,2.0,93007,M,4892750.0,247338.0,93
201000050202,10,4,30,1910,2,2,1,1.0,1.0,93007,M,4894250.0,243567.0,93
201000050203,10,5,8,2240,5,2,3,2.0,3.0,93007,M,4894040.0,247055.0,93
201000050204,10,5,12,830,1,2,1,1.0,3.0,93007,M,4894410.0,246439.0,93
201000050205,10,5,12,1820,1,2,3,8.0,7.0,93007,M,4893830.0,246048.0,93
201000050206,10,5,17,1325,1,2,3,1.0,1.0,93007,M,4895050.0,244330.0,93
201000050207,10,5,20,1325,1,2,2,1.0,1.0,93007,M,4892290.0,247239.0,93
201000050208,10,5,29,2150,2,2,1,1.0,6.0,93007,M,4893680.0,245854.0,93
201000050209,10,6,5,1520,1,2,3,1.0,6.0,93007,M,4894120.0,246915.0,93
201000050210,10,6,12,740,1,2,2,8.0,7.0,93007,M,4892110.0,247182.0,93
201000050211,10,6,20,1700,1,2,2,1.0,5.0,93007,M,4894640.0,245548.0,93
201000050212,10,6,22,1635,1,2,1,1.0,6.0,93007,M,4894050.0,247035.0,93
201000050213,10,6,24,1700,1,2,1,1.0,6.0,93007,M,4892830.0,246291.0,93
201000050214,10,6,30,1530,1,2,1,1.0,6.0,93007,M,4894050.0,244832.0,93
201000050215,10,7,4,2020,1,2,1,1.0,2.0,93007,M,,,93
201000050216,10,7,5,1115,1,2,1,1.0,1.0,93007,M,,,93
201000050217,10,7,6,135,5,2,1,1.0,6.0,93007,M,,,93
201000050218,10,7,10,1700,1,2,1,8.0,3.0,93007,M,,,93
201000050219,10,7,17,2140,5,2,2,1.0,3.0,93007,M,,,93
201000050220,10,7,29,1735,1,2,1,1.0,1.0,93007,M,,,93
201000050221,10,8,9,1435,1,2,1,1.0,6.0,93007,M,,,93
201000050222,10,8,10,2055,2,2,2,2.0,3.0,93007,M,,,93
201000050223,10,8,17,1550,1,2,6,1.0,3.0,93007,M,,,93
201000050224,10,8,21,2000,1,2,2,1.0,6.0,93007,M,,,93
201000050225,10,8,25,1950,1,2,6,1.0,3.0,93007,M,,,93
201000050226,10,8,27,40,5,2,3,2.0,1.0,93007,M,,,93
201000050227,10,9,3,820,1,2,1,1.0,3.0,93007,M,,,93
201000050228,10,9,4,1640,1,2,1,1.0,1.0,93007,M,,,93
201000050229,10,9,17,1850,1,2,1,1.0,4.0,93007,M,,,93
201000050230,10,9,20,1715,1,2,1,1.0,6.0,93007,M,,,93
201000050231,10,9,28,1820,1,2,2,1.0,6.0,93007,M,,,93
201000050232,10,9,30,845,2,2,2,2.0,3.0,93007,M,,,93
201000050233,10,9,30,900,1,2,2,3.0,3.0,93007,M,,,93
201000050234,10,10,3,2013,5,2,1,1.0,6.0,93007,M,,,93
201000050235,10,10,9,1655,1,2,1,1.0,2.0,93007,M,,,93
201000050236,10,10,12,640,2,2,3,8.0,6.0,93007,M,,,93
201000050237,10,10,23,1130,1,2,3,2.0,3.0,93007,M,,,93
201000050238,10,10,26,2050,4,2,2,1.0,3.0,93007,M,,,93
201000050239,10,10,29,1720,1,2,4,1.0,4.0,93007,M,,,93
201000050240,10,10,31,200,5,2,3,1.0,3.0,93007,M,,,93
201000050241,10,11,16,1000,1,2,3,1.0,3.0,93007,M,,,93
201000050242,10,11,22,1115,1,2,1,8.0,3.0,93007,M,,,93
201000050243,10,11,26,1145,1,2,1,1.0,2.0,93007,M,,,93
201000050244,10,11,27,1300,1,2,1,1.0,6.0,93007,M,,,93
201000050245,10,12,3,1350,1,2,1,9.0,3.0,93007,M,,,93
201000050246,10,1,5,1730,2,2,1,1.0,6.0,93008,M,4890600.0,244065.0,93
201000050247,10,1,6,1250,1,2,3,4.0,3.0,93008,M,4890720.0,245676.0,93
201000050248,10,1,14,1555,1,2,1,1.0,3.0,93008,M,4891620.0,247544.0,93
201000050249,10,1,27,1020,1,2,3,1.0,3.0,93008,M,4891380.0,247254.0,93
201000050250,10,1,31,25,5,2,1,1.0,3.0,93008,M,4890590.0,246839.0,93
201000050251,10,2,14,500,5,2,1,1.0,6.0,93008,M,4890470.0,241987.0,93
201000050252,10,2,22,1020,1,2,6,1.0,3.0,93008,M,4891260.0,243630.0,93
201000050253,10,2,24,55,5,2,6,2.0,7.0,93008,M,4891000.0,244665.0,93
201000050254,10,3,1,1450,1,2,3,1.0,3.0,93008,M,4891090.0,246600.0,93
201000050255,10,3,1,1830,5,2,1,1.0,2.0,93008,M,4891200.0,243818.0,93
201000050256,10,3,4,1015,1,2,6,1.0,3.0,93008,M,4891260.0,243630.0,93
201000050257,10,3,7,35,5,2,1,1.0,2.0,93008,M,4890860.0,245159.0,93
201000050258,10,3,10,1545,1,2,1,1.0,6.0,93008,M,4890830.0,244574.0,93
201000050259,10,3,16,800,1,2,6,1.0,6.0,93008,M,4890740.0,245334.0,93
201000050260,10,3,18,920,1,2,1,1.0,7.0,93008,M,4890730.0,245243.0,93
201000050261,10,3,21,715,2,2,4,1.0,3.0,93008,M,4890390.0,243992.0,93
201000050262,10,3,24,1915,3,2,1,1.0,6.0,93008,M,4890390.0,243992.0,93
201000050263,10,3,27,2245,5,2,1,2.0,6.0,93008,M,4890810.0,245282.0,93
201000050264,10,3,28,1615,1,2,1,1.0,6.0,93008,M,4890770.0,247079.0,93
201000050265,10,3,29,945,1,2,1,1.0,6.0,93008,M,4890660.0,244389.0,93
201000050266,10,3,29,1455,1,2,1,1.0,6.0,93008,M,4890350.0,244563.0,93
201000050267,10,3,31,1320,1,2,1,8.0,2.0,93008,M,4890870.0,245122.0,93
201000050268,10,4,3,1940,1,2,1,8.0,3.0,93008,M,4891340.0,243549.0,93
201000050269,10,4,9,1845,1,2,6,1.0,3.0,93008,M,4890890.0,244208.0,93
201000050270,10,4,9,1930,1,2,1,1.0,6.0,93008,M,4891000.0,247197.0,93
201000050271,10,4,15,810,1,2,1,1.0,4.0,93008,M,4891560.0,241798.0,93
201000050272,10,4,20,26,5,2,1,1.0,6.0,93008,M,4891120.0,246557.0,93
201000050273,10,4,27,1200,1,2,1,1.0,2.0,93008,M,4890030.0,245112.0,93
201000050274,10,5,1,1520,1,2,1,1.0,6.0,93008,M,4890610.0,246311.0,93
201000050275,10,5,2,530,5,2,6,2.0,5.0,93008,M,4891270.0,243613.0,93
201000050276,10,5,2,1545,1,2,1,2.0,3.0,93008,M,4890890.0,241876.0,93
201000050277,10,5,15,2245,4,2,1,1.0,2.0,93008,M,4890470.0,241985.0,93
201000050278,10,5,16,1300,1,2,1,1.0,1.0,93008,M,4891300.0,243632.0,93
201000050279,10,5,21,920,1,2,1,1.0,6.0,93008,M,4891280.0,244632.0,93
201000050280,10,5,31,2025,1,2,1,1.0,5.0,93008,M,4890590.0,246934.0,93
201000050281,10,6,9,925,1,2,3,2.0,1.0,93008,M,4891000.0,241594.0,93
201000050282,10,6,9,1015,1,2,1,2.0,6.0,93008,M,4890480.0,244923.0,93
201000050283,10,6,10,1640,1,2,3,2.0,3.0,93008,M,4891000.0,241594.0,93
201000050284,10,6,11,1635,1,2,1,1.0,2.0,93008,M,4890470.0,241985.0,93
201000050285,10,6,12,1425,1,2,1,1.0,6.0,93008,M,4890920.0,244623.0,93
201000050286,10,6,18,1610,1,2,1,1.0,6.0,93008,M,4890990.0,243730.0,93
201000050287,10,6,20,2010,1,2,1,1.0,6.0,93008,M,4891010.0,246704.0,93
201000050288,10,6,25,1320,1,2,6,1.0,2.0,93008,M,4891000.0,244665.0,93
201000050289,10,6,28,645,1,2,1,1.0,7.0,93008,M,4890640.0,246163.0,93
201000050290,10,6,28,1635,1,2,2,1.0,6.0,93008,M,4890940.0,243763.0,93
201000050291,10,6,29,835,1,2,1,1.0,6.0,93008,M,4890220.0,244068.0,93
201000050292,10,7,2,40,5,2,1,1.0,5.0,93008,M,,,93
201000050293,10,7,8,710,1,2,9,1.0,3.0,93008,M,,,93
201000050294,10,7,11,2045,1,2,3,1.0,3.0,93008,M,,,93
201000050295,10,7,13,2320,5,2,1,1.0,6.0,93008,M,,,93
201000050296,10,7,29,1402,1,2,6,1.0,3.0,93008,M,,,93
201000050297,10,7,29,1730,1,2,3,1.0,3.0,93008,M,,,93
201000050298,10,8,2,1820,1,2,1,2.0,2.0,93008,M,,,93
201000050299,10,8,4,2240,5,2,6,2.0,3.0,93008,M,,,93
201000050300,10,8,13,1430,1,2,9,7.0,3.0,93008,M,,,93
201000050301,10,8,18,1040,1,2,3,8.0,3.0,93008,M,,,93
201000050302,10,8,20,1800,1,2,1,1.0,6.0,93008,M,,,93
201000050303,10,8,31,1800,1,2,1,1.0,3.0,93008,M,,,93
201000050304,10,9,1,1420,1,2,1,1.0,6.0,93008,M,,,93
201000050305,10,9,2,420,5,2,1,1.0,6.0,93008,M,,,93
201000050306,10,9,4,830,1,2,1,1.0,6.0,93008,M,,,93
201000050307,10,9,10,755,1,2,1,1.0,3.0,93008,M,,,93
201000050308,10,9,14,1005,1,2,4,1.0,6.0,93008,M,,,93
201000050309,10,9,14,1855,1,2,1,1.0,6.0,93008,M,,,93
201000050310,10,9,15,845,1,2,3,1.0,6.0,93008,M,,,93
201000050311,10,9,15,1825,1,2,1,1.0,2.0,93008,M,,,93
201000050312,10,9,15,1900,1,2,1,1.0,6.0,93008,M,,,93
201000050313,10,9,17,1200,1,2,3,1.0,3.0,93008,M,,,93
201000050314,10,9,18,1845,1,2,1,1.0,2.0,93008,M,,,93
201000050315,10,9,20,705,2,2,1,1.0,6.0,93008,M,,,93
201000050316,10,9,22,1800,1,2,1,1.0,6.0,93008,M,,,93
201000050317,10,9,25,1850,2,2,3,1.0,3.0,93008,M,,,93
201000050318,10,9,28,2200,5,2,1,2.0,7.0,93008,M,,,93
201000050319,10,9,29,1,3,2,6,1.0,3.0,93008,M,,,93
201000050320,10,9,30,1600,1,2,1,1.0,6.0,93008,M,,,93
201000050321,10,9,30,1800,1,2,1,1.0,6.0,93008,M,,,93
201000050322,10,10,8,1230,1,2,1,1.0,3.0,93008,M,,,93
201000050323,10,10,9,1310,1,2,3,1.0,3.0,93008,M,,,93
201000050324,10,2,20,2240,5,2,1,1.0,6.0,93008,M,4891740.0,241921.0,93
201000050325,10,10,16,1210,1,2,6,8.0,3.0,93008,M,,,93
201000050326,10,10,18,945,1,2,1,1.0,6.0,93008,M,,,93
201000050327,10,10,27,1745,1,2,3,1.0,6.0,93008,M,,,93
201000050328,10,11,3,1450,1,2,1,1.0,3.0,93008,M,,,93
201000050329,10,11,4,1645,1,2,1,1.0,6.0,93008,M,,,93
201000050330,10,11,4,2315,5,2,6,1.0,6.0,93008,M,,,93
201000050331,10,11,9,1755,3,2,1,3.0,6.0,93008,M,,,93
201000050332,10,11,19,2230,5,2,1,1.0,3.0,93008,M,,,93
201000050333,10,11,20,10,5,2,3,1.0,3.0,93008,M,,,93
201000050334,10,11,27,1510,2,2,1,1.0,3.0,93008,M,,,93
201000050335,10,11,29,630,5,2,1,4.0,7.0,93008,M,,,93
201000050336,10,12,3,1445,1,2,1,1.0,6.0,93008,M,,,93
201000050337,10,12,7,1235,1,2,1,4.0,2.0,93008,M,,,93
201000050338,10,12,8,1230,1,2,1,4.0,6.0,93008,M,,,93
201000050339,10,12,14,1843,5,2,1,1.0,6.0,93008,M,,,93
201000050340,10,12,21,2100,5,2,3,2.0,6.0,93008,M,,,93
201000050341,10,7,17,1500,1,2,7,1.0,3.0,93010,M,,,93
201000050342,10,1,6,1245,1,2,2,4.0,6.0,93010,M,4890430.0,247293.0,93
201000050343,10,1,7,1030,1,2,1,1.0,6.0,93057,M,4889930.0,250212.0,93
201000050344,10,1,9,1800,5,2,1,4.0,3.0,93057,M,4890780.0,249390.0,93
201000050345,10,1,14,1945,5,2,2,1.0,6.0,93010,M,4889100.0,249779.0,93
201000050346,10,1,16,1800,3,2,3,3.0,6.0,93057,M,4890790.0,249405.0,93
201000050347,10,1,19,1715,2,2,1,1.0,3.0,93010,M,4890570.0,247709.0,93
201000050348,10,1,21,855,1,2,1,8.0,2.0,93010,M,4890010.0,247849.0,93
201000050349,10,1,23,2330,5,2,2,1.0,3.0,93057,M,4891600.0,249221.0,93
201000050350,10,1,25,1830,5,2,1,1.0,3.0,93057,M,4891030.0,251089.0,93
201000050351,10,1,29,1215,1,2,1,2.0,7.0,93057,M,4890790.0,249513.0,93
201000050352,10,2,6,1650,1,2,4,2.0,3.0,93010,M,4891090.0,247443.0,93
201000050353,10,2,10,1200,1,2,1,4.0,6.0,93010,M,4890710.0,248827.0,93
201000050354,10,2,12,520,5,2,1,1.0,6.0,93057,M,4891160.0,251933.0,93
201000050355,10,2,14,1400,1,2,2,1.0,3.0,93010,M,4890710.0,248876.0,93
201000050356,10,2,16,1015,1,2,1,1.0,6.0,93057,M,4891410.0,249169.0,93
201000050357,10,2,18,25,5,2,1,8.0,5.0,93010,M,4890860.0,248014.0,93
201000050358,10,2,18,950,1,2,1,1.0,6.0,93010,M,4889930.0,247689.0,93
201000050359,10,2,21,1340,1,2,1,1.0,3.0,93057,M,4890890.0,251636.0,93
201000050360,10,2,21,1725,1,2,3,1.0,3.0,93010,M,4890530.0,247692.0,93
201000050361,10,2,23,910,1,2,1,2.0,6.0,93010,M,4891710.0,248086.0,93
201000050362,10,3,12,715,2,2,2,1.0,6.0,93057,M,4891010.0,251930.0,93
201000050363,10,3,17,2337,5,2,3,1.0,3.0,93010,M,4890990.0,248008.0,93
201000050364,10,3,19,2020,3,2,1,2.0,6.0,93057,M,4890930.0,250360.0,93
201000050365,10,3,22,1210,1,2,1,1.0,2.0,93057,M,4890780.0,249283.0,93
201000050366,10,3,23,2110,5,2,1,1.0,6.0,93010,M,4889810.0,247847.0,93
201000050367,10,3,24,1620,1,2,3,1.0,2.0,93057,M,4890580.0,250071.0,93
201000050368,10,3,25,820,1,2,3,1.0,3.0,93057,M,4891030.0,251011.0,93
201000050369,10,3,25,1205,1,2,2,2.0,6.0,93057,M,4890430.0,250463.0,93
201000050370,10,3,27,1420,1,2,3,1.0,3.0,93010,M,4889380.0,249741.0,93
201000050371,10,4,6,1455,1,2,1,1.0,3.0,93010,M,4890440.0,248502.0,93
201000050372,10,4,12,2245,5,2,1,1.0,1.0,93057,M,4891260.0,250248.0,93
201000050373,10,4,13,1630,1,2,2,1.0,2.0,93057,M,4890930.0,250325.0,93
201000050374,10,4,16,1745,1,2,1,1.0,6.0,93010,M,4890270.0,249031.0,93
201000050375,10,4,19,1045,1,2,3,1.0,6.0,93010,M,4889070.0,247755.0,93
201000050376,10,4,18,2030,1,2,1,1.0,6.0,93010,M,4890810.0,248018.0,93
201000050377,10,4,20,1315,1,2,1,1.0,6.0,93010,M,4890430.0,248035.0,93
201000050378,10,4,21,1045,1,2,5,1.0,2.0,93010,M,4891740.0,248482.0,93
201000050379,10,4,25,1855,1,2,3,1.0,3.0,93010,M,4889640.0,247931.0,93
201000050380,10,4,26,1150,1,2,2,1.0,7.0,93057,M,4891170.0,250949.0,93
201000050381,10,4,28,1800,1,2,1,1.0,2.0,93057,M,4891140.0,251795.0,93
201000050382,10,4,30,1715,1,2,1,1.0,6.0,93010,M,4891440.0,247980.0,93
201000050383,10,5,2,55,3,2,2,3.0,4.0,93010,M,4890610.0,248033.0,93
201000050384,10,5,4,1900,1,2,1,1.0,7.0,93010,M,4889940.0,248312.0,93
201000050385,10,5,10,1340,1,2,1,1.0,2.0,93010,M,4890370.0,248405.0,93
201000050386,10,5,11,535,2,2,1,1.0,2.0,93057,M,,,93
201000050387,10,5,15,1940,1,2,2,1.0,3.0,93010,M,4890470.0,247031.0,93
201000050388,10,5,16,1530,1,2,3,1.0,6.0,93010,M,4890160.0,247074.0,93
201000050389,10,5,18,1645,1,2,1,1.0,6.0,93057,M,,,93
201000050390,10,5,25,1650,1,2,1,1.0,2.0,93057,M,,,93
201000050391,10,5,26,615,2,2,1,1.0,6.0,93057,M,,,93
201000050392,10,5,28,1305,1,2,6,1.0,3.0,93010,M,,,93
201000050393,10,5,28,1900,1,2,1,1.0,6.0,93010,M,,,93
201000050394,10,5,29,55,3,2,1,1.0,3.0,93010,M,,,93
201000050395,10,5,30,730,1,2,1,1.0,6.0,93010,M,,,93
201000050396,10,6,2,910,1,2,1,2.0,2.0,93010,M,4890680.0,248714.0,93
201000050397,10,6,2,1525,1,2,1,1.0,4.0,93010,M,4890770.0,249254.0,93
201000050398,10,6,2,845,1,2,1,1.0,6.0,93010,M,4891550.0,247904.0,93
201000050399,10,6,2,2110,1,2,5,1.0,6.0,93010,M,4890410.0,247054.0,93
201000050400,10,6,4,2325,5,2,1,1.0,3.0,93010,M,4890590.0,248107.0,93