Num_Acc,an,mois,jour,hrmn,lum,agg,int,atm,col,com,gps,lat,long,dep
201000050401,10,6,5,945,1,2,1,1.0,7.0,93057,M,4890650.0,249491.0,93
201000050402,10,6,8,1455,1,2,5,1.0,3.0,93057,M,4891290.0,250669.0,93
201000050403,10,6,3,920,1,2,1,1.0,6.0,93057,M,4891050.0,251205.0,93
201000050404,10,6,9,1020,1,2,2,2.0,6.0,93010,M,4890710.0,248876.0,93
201000050405,10,6,9,2100,2,2,2,2.0,1.0,93057,M,4891050.0,251225.0,93
201000050406,10,6,12,1620,1,2,1,1.0,6.0,93010,M,4891760.0,248154.0,93
201000050407,10,6,14,900,1,2,3,1.0,3.0,93010,M,4889970.0,249789.0,93
201000050408,10,6,18,1150,1,2,1,1.0,3.0,93010,M,4890580.0,248028.0,93
201000050409,10,6,21,800,1,2,3,1.0,2.0,93010,M,4890160.0,247074.0,93
201000050410,10,6,20,2120,1,2,2,1.0,7.0,93010,M,4889110.0,249084.0,93
201000050411,10,6,22,1420,1,2,3,1.0,3.0,93057,M,4891370.0,250476.0,93
201000050412,10,6,23,1030,1,2,1,1.0,2.0,93057,M,4890750.0,249138.0,93
201000050413,10,6,29,1245,1,2,2,1.0,2.0,93010,M,4890410.0,247054.0,93
201000050414,10,7,7,850,1,2,1,1.0,3.0,93057,M,,,93
201000050415,10,7,10,1035,1,2,1,1.0,6.0,93010,M,,,93
201000050416,10,7,19,1700,1,2,3,1.0,3.0,93010,M,,,93
201000050417,10,7,28,2315,5,2,1,1.0,5.0,93010,M,,,93
201000050418,10,7,28,920,1,2,2,1.0,3.0,93057,M,,,93
201000050419,10,7,28,1705,1,2,3,1.0,3.0,93010,M,,,93
201000050420,10,7,31,2350,5,2,1,1.0,6.0,93010,M,,,93
201000050421,10,8,1,1730,1,2,1,1.0,2.0,93010,M,,,93
201000050422,10,8,2,1600,1,2,1,1.0,2.0,93010,M,,,93
201000050423,10,8,3,2055,5,2,2,1.0,6.0,93010,M,,,93
201000050424,10,8,17,1840,1,2,1,1.0,4.0,93010,M,,,93
201000050425,10,8,19,1630,1,2,3,1.0,3.0,93010,M,,,93
201000050426,10,8,23,1805,1,2,1,2.0,6.0,93010,M,,,93
201000050427,10,8,25,1500,1,2,1,1.0,2.0,93057,M,,,93
201000050428,10,8,26,1705,1,2,1,8.0,3.0,93010,M,,,93
201000050429,10,8,31,1715,1,2,1,1.0,3.0,93057,M,,,93
201000050430,10,9,3,1900,1,2,2,1.0,6.0,93010,M,,,93
201000050431,10,9,4,1225,1,2,3,1.0,3.0,93057,M,,,93
201000050432,10,9,9,1900,1,2,1,1.0,6.0,93057,M,,,93
201000050433,10,9,9,2115,5,2,3,2.0,3.0,93010,M,,,93
201000050434,10,9,17,1340,1,2,1,1.0,2.0,93010,M,,,93
201000050435,10,9,16,1915,1,2,1,1.0,3.0,93010,M,,,93
201000050436,10,9,20,1515,1,2,1,1.0,6.0,93010,M,,,93
201000050437,10,9,23,820,1,2,1,1.0,6.0,93010,M,,,93
201000050438,10,9,26,430,5,2,1,1.0,2.0,93057,M,,,93
201000050439,10,9,30,1730,1,2,1,1.0,6.0,93010,M,,,93
201000050440,10,10,4,2105,5,2,2,1.0,1.0,93057,M,,,93
201000050441,10,10,5,1745,1,2,3,2.0,3.0,93057,M,,,93
201000050442,10,10,6,1510,1,2,3,2.0,3.0,93057,M,,,93
201000050443,10,10,8,845,1,2,1,1.0,3.0,93057,M,,,93
201000050444,10,10,7,1605,1,2,1,1.0,6.0,93010,M,,,93
201000050445,10,10,11,850,1,2,2,1.0,3.0,93010,M,,,93
201000050446,10,10,16,1030,1,2,1,1.0,3.0,93057,M,,,93
201000050447,10,10,18,700,2,2,1,1.0,6.0,93057,M,,,93
201000050448,10,10,21,1430,1,2,3,1.0,3.0,93057,M,,,93
201000050449,10,10,22,1555,1,2,1,1.0,3.0,93010,M,,,93
201000050450,10,10,25,1250,1,2,1,1.0,3.0,93010,M,,,93
201000050451,10,10,26,1540,1,2,3,1.0,1.0,93010,M,,,93
201000050452,10,10,26,2115,5,2,1,1.0,3.0,93057,M,,,93
201000050453,10,10,29,1010,1,2,1,1.0,2.0,93057,M,,,93
201000050454,10,10,30,1435,1,2,3,2.0,2.0,93057,M,,,93
201000050455,10,11,5,1115,1,2,1,1.0,6.0,93010,M,,,93
201000050456,10,11,8,1900,5,2,2,2.0,6.0,93057,M,,,93
201000050457,10,11,15,835,1,2,1,1.0,6.0,93010,M,,,93
201000050458,10,11,15,50,5,2,1,1.0,5.0,93057,M,,,93
201000050459,10,11,16,915,1,2,1,1.0,6.0,93057,M,,,93
201000050460,10,11,18,1030,1,2,1,1.0,6.0,93010,M,,,93
201000050461,10,11,18,1250,1,2,1,1.0,2.0,93010,M,,,93
201000050462,10,11,19,1715,5,2,4,1.0,1.0,93010,M,,,93
201000050463,10,11,20,1215,1,2,1,1.0,3.0,93010,M,,,93
201000050464,10,11,27,330,5,2,1,1.0,6.0,93057,M,,,93
201000050465,10,12,4,1900,5,2,1,2.0,6.0,93010,M,,,93
201000050466,10,12,8,1445,1,2,3,4.0,3.0,93057,M,,,93
201000050467,10,12,20,2135,5,2,1,4.0,2.0,93010,M,,,93
201000050468,10,12,24,1205,1,2,1,4.0,6.0,93057,M,,,93
201000050469,10,9,7,833,1,2,1,1.0,2.0,93013,M,,,93
201000050470,10,3,12,716,1,2,1,1.0,3.0,93027,M,4892780.0,238158.0,93
201000050471,10,6,8,2345,5,2,1,1.0,2.0,93013,M,4893280.0,243687.0,93
201000050472,10,3,12,1725,1,2,1,1.0,6.0,93013,M,4893430.0,241866.0,93
201000050473,10,3,15,1015,1,2,1,7.0,3.0,93013,M,4894040.0,243151.0,93
201000050474,10,3,19,1015,1,2,1,1.0,6.0,93013,M,4893460.0,242554.0,93
201000050475,10,7,26,1005,1,2,1,1.0,3.0,93013,M,,,93
201000050476,10,7,12,1910,1,2,3,1.0,6.0,93027,M,,,93
201000050477,10,7,24,1644,1,2,6,1.0,6.0,93027,M,,,93
201000050478,10,7,24,2000,1,2,1,1.0,6.0,93027,M,,,93
201000050479,10,10,24,440,5,2,3,1.0,3.0,93027,M,,,93
201000050480,10,4,9,1750,1,2,1,1.0,6.0,93027,M,4893220.0,239243.0,93
201000050481,10,5,31,1635,1,2,2,1.0,1.0,93013,M,4893490.0,242595.0,93
201000050482,10,6,18,1800,1,2,1,1.0,2.0,93027,M,4894100.0,240923.0,93
201000050483,10,6,28,2305,5,2,3,1.0,3.0,93027,M,4892810.0,238535.0,93
201000050484,10,7,10,1255,1,2,1,1.0,6.0,93027,M,,,93
201000050485,10,12,24,1630,1,2,3,8.0,3.0,93013,M,,,93
201000050486,10,2,18,1005,1,2,1,2.0,6.0,93013,M,4893730.0,242813.0,93
201000050487,10,2,25,1100,1,2,1,1.0,3.0,93027,M,4892650.0,241685.0,93
201000050488,10,1,22,1015,1,2,1,1.0,2.0,93027,M,4892840.0,239441.0,93
201000050489,10,3,2,700,1,2,2,9.0,3.0,93027,M,4892300.0,238402.0,93
201000050490,10,1,5,820,1,2,3,1.0,2.0,93013,M,,,93
201000050491,10,1,17,1448,1,2,2,1.0,3.0,93027,M,4892010.0,240737.0,93
201000050492,10,2,12,2025,5,2,3,4.0,7.0,93027,M,4892300.0,241319.0,93
201000050493,10,3,16,1420,1,2,1,1.0,7.0,93027,M,4892240.0,241527.0,93
201000050494,10,3,29,1935,2,2,1,2.0,2.0,93027,M,4893460.0,238710.0,93
201000050495,10,2,2,2050,5,2,1,2.0,6.0,93027,M,4892840.0,238541.0,93
201000050496,10,4,2,908,1,2,1,2.0,6.0,93027,M,4892820.0,238256.0,93
201000050497,10,4,8,2130,5,2,1,1.0,6.0,93027,M,4892720.0,239284.0,93
201000050498,10,4,20,1400,1,2,1,1.0,2.0,93027,M,4892230.0,241244.0,93
201000050499,10,4,22,635,2,2,2,1.0,3.0,93027,M,4892300.0,238402.0,93
201000050500,10,5,6,1500,1,2,1,1.0,2.0,93027,M,4892910.0,238754.0,93
201000050501,10,3,20,1620,1,2,1,1.0,3.0,93013,M,4893890.0,242957.0,93
201000050502,10,3,26,2000,5,2,1,1.0,6.0,93027,M,4892470.0,238454.0,93
201000050503,10,5,10,1630,1,2,6,8.0,3.0,93027,M,4892960.0,238580.0,93
201000050504,10,4,5,1835,1,2,1,1.0,6.0,93030,M,4895480.0,241675.0,93
201000050505,10,5,18,1510,1,2,1,1.0,6.0,93030,M,4895530.0,244416.0,93
201000050506,10,6,20,730,1,2,7,1.0,1.0,93027,M,4892100.0,241081.0,93
201000050507,10,6,23,2145,2,2,7,1.0,3.0,93027,M,4893000.0,238561.0,93
201000050508,10,5,31,1200,1,2,3,1.0,3.0,93027,M,4892460.0,240180.0,93
201000050509,10,6,28,755,1,2,1,1.0,3.0,93013,M,4893280.0,243699.0,93
201000050510,10,7,7,530,2,2,2,1.0,3.0,93027,M,,,93
201000050511,10,7,8,1830,1,2,1,1.0,6.0,93027,M,,,93
201000050512,10,7,30,810,1,2,1,1.0,2.0,93027,M,,,93
201000050513,10,7,25,1155,1,2,1,1.0,6.0,93027,M,,,93
201000050514,10,7,30,2030,1,2,1,1.0,6.0,93027,M,,,93
201000050515,10,6,4,1654,1,2,2,7.0,3.0,93013,M,4894030.0,243081.0,93
201000050516,10,8,6,1000,1,2,8,1.0,6.0,93027,M,,,93
201000050517,10,6,11,1715,1,2,3,1.0,6.0,93027,M,,,93
201000050518,10,8,6,1520,1,2,1,1.0,5.0,93027,M,,,93
201000050519,10,6,23,1215,1,2,2,1.0,3.0,93027,M,4892850.0,238304.0,93
201000050520,10,8,9,1020,1,2,2,1.0,5.0,93027,M,,,93
201000050521,10,4,24,1445,1,2,1,1.0,2.0,93027,M,4892040.0,238296.0,93
201000050522,10,8,16,700,5,2,1,3.0,2.0,93013,M,,,93
201000050523,10,4,24,1605,1,2,3,1.0,7.0,93027,M,4893050.0,238807.0,93
201000050524,10,7,27,1155,1,2,3,1.0,3.0,93027,M,,,93
201000050525,10,8,25,2000,1,2,1,1.0,6.0,93027,M,,,93
201000050526,10,8,31,1455,1,2,1,1.0,5.0,93013,M,,,93
201000050527,10,8,28,705,1,2,2,1.0,3.0,93027,M,,,93
201000050528,10,8,28,1305,1,2,1,1.0,3.0,93030,M,,,93
201000050529,10,9,4,1235,1,2,2,1.0,6.0,93027,M,,,93
201000050530,10,9,4,1255,1,2,1,1.0,2.0,93027,M,,,93
201000050531,10,9,13,1745,1,2,2,1.0,2.0,93030,M,,,93
201000050532,10,9,20,1930,2,2,2,1.0,3.0,93030,M,,,93
201000050533,10,9,21,1630,1,2,1,1.0,6.0,93013,M,,,93
201000050534,10,9,14,2235,5,2,1,1.0,6.0,93013,M,,,93
201000050535,10,9,22,1630,1,2,1,1.0,6.0,93013,M,,,93
201000050536,10,9,20,1350,1,2,1,1.0,3.0,93030,M,,,93
201000050537,10,9,27,1815,1,2,1,1.0,6.0,93013,M,,,93
201000050538,10,9,28,1430,1,2,1,1.0,3.0,93030,M,,,93
201000050539,10,4,27,657,2,2,1,1.0,1.0,93030,M,4895440.0,241540.0,93
201000050540,10,10,1,1605,1,2,1,2.0,3.0,93027,M,,,93
201000050541,10,4,27,1130,1,2,1,1.0,2.0,93013,M,4893220.0,242305.0,93
201000050542,10,10,1,2000,5,2,1,2.0,3.0,93027,M,,,93
201000050543,10,5,4,1740,1,2,2,1.0,2.0,93027,M,4892100.0,238317.0,93
201000050544,10,10,2,2125,5,2,4,1.0,6.0,93013,M,,,93
201000050545,10,10,7,1920,5,2,1,1.0,5.0,93027,M,,,93
201000050546,10,10,7,1920,5,2,1,1.0,6.0,93027,M,,,93
201000050547,10,10,18,1545,1,2,1,1.0,3.0,93013,M,,,93
201000050548,10,10,19,310,5,2,6,1.0,6.0,93013,M,,,93
201000050549,10,10,22,1725,1,2,1,1.0,3.0,93027,M,,,93
201000050550,10,10,22,1600,1,2,1,1.0,6.0,93013,M,,,93
201000050551,10,10,23,1513,1,2,3,2.0,3.0,93027,M,,,93
201000050552,10,10,28,110,5,2,1,1.0,6.0,93030,M,,,93
201000050553,10,11,1,2245,5,2,2,1.0,3.0,93027,M,,,93
201000050554,10,11,5,2215,5,2,2,1.0,3.0,93027,M,,,93
201000050555,10,11,10,1145,1,2,1,2.0,6.0,93030,M,,,93
201000050556,10,11,19,1645,2,2,1,1.0,6.0,93027,M,,,93
201000050557,10,11,25,2100,5,2,1,1.0,3.0,93027,M,,,93
201000050558,10,11,29,1810,2,2,6,8.0,6.0,93027,M,,,93
201000050559,10,12,12,1550,1,2,2,8.0,3.0,93027,M,,,93
201000050560,10,12,22,1655,2,2,1,8.0,2.0,93013,M,,,93
201000050561,10,12,13,1645,2,2,3,1.0,6.0,93027,M,,,93
201000050562,10,12,15,1755,2,2,2,1.0,6.0,93013,M,,,93
201000050563,10,7,11,2315,5,2,9,1.0,3.0,93027,M,,,93
201000050564,10,11,14,1335,1,2,1,2.0,1.0,93013,M,,,93
201000050565,10,12,2,925,1,2,8,4.0,6.0,93013,M,,,93
201000050566,10,12,3,1300,1,2,1,1.0,6.0,93027,M,,,93
201000050567,10,10,31,2010,5,2,1,1.0,6.0,93027,M,,,93
201000050568,10,12,7,120,5,2,6,1.0,6.0,93027,M,,,93
201000050569,10,11,2,730,1,2,1,1.0,3.0,93013,M,,,93
201000050570,10,11,10,930,1,2,1,2.0,3.0,93027,M,,,93
201000050571,10,11,15,915,1,2,1,1.0,6.0,93027,M,,,93
201000050572,10,12,18,1815,5,2,3,4.0,6.0,93027,M,,,93
201000050573,10,12,24,1045,1,2,1,4.0,2.0,93027,M,,,93
201000050574,10,1,13,1255,1,2,2,4.0,6.0,93013,M,4893780.0,242861.0,93
201000050575,10,5,8,1123,1,2,1,1.0,3.0,93027,M,4892130.0,241148.0,93
201000050576,10,5,10,1140,1,2,1,1.0,3.0,93027,M,4892440.0,241644.0,93
201000050577,10,5,10,1330,1,2,1,1.0,5.0,93013,M,4893580.0,242683.0,93
201000050578,10,6,14,750,1,2,2,1.0,3.0,93027,M,4892180.0,238341.0,93
201000050579,10,11,12,1605,1,2,1,8.0,2.0,93027,M,,,93
201000050580,10,11,16,735,2,2,3,1.0,6.0,93030,M,,,93
201000050581,10,2,14,1133,1,2,2,1.0,3.0,93027,M,4892300.0,238402.0,93
201000050582,10,1,7,1755,5,2,1,9.0,4.0,93029,M,4891740.0,245634.0,93
201000050583,10,1,19,1530,1,2,1,1.0,2.0,93029,M,4893510.0,245526.0,93
201000050584,10,1,22,817,1,2,1,8.0,6.0,93029,M,4891900.0,243703.0,93
201000050585,10,1,27,550,5,2,3,1.0,3.0,93029,M,4891440.0,246132.0,93
201000050586,10,1,28,1400,1,2,1,8.0,6.0,93029,M,4892310.0,244660.0,93
201000050587,10,2,2,1055,1,2,3,8.0,6.0,93029,M,4893650.0,244571.0,93
201000050588,10,2,5,1930,5,2,1,1.0,4.0,93029,M,4892020.0,245053.0,93
201000050589,10,2,6,950,1,2,2,2.0,3.0,93029,M,4892480.0,244764.0,93
201000050590,10,2,11,1600,1,2,1,1.0,6.0,93029,M,4891900.0,241945.0,93
201000050591,10,2,17,1935,5,2,2,1.0,3.0,93029,M,4893530.0,244637.0,93
201000050592,10,2,18,1925,5,2,2,2.0,3.0,93029,M,4892810.0,244285.0,93
201000050593,10,2,22,1149,1,2,1,1.0,6.0,93029,M,4891390.0,243628.0,93
201000050594,10,3,2,1710,1,2,1,1.0,3.0,93029,M,4892820.0,243646.0,93
201000050595,10,3,2,1750,1,2,3,1.0,2.0,93029,M,4891330.0,246282.0,93
201000050596,10,3,2,2100,5,2,1,1.0,6.0,93029,M,4892340.0,244599.0,93
201000050597,10,3,17,1720,1,2,1,1.0,6.0,93029,M,4891780.0,243472.0,93
201000050598,10,3,21,1420,1,2,1,1.0,6.0,93029,M,4893070.0,242811.0,93
201000050599,10,3,22,815,1,2,1,1.0,6.0,93029,M,4892580.0,244913.0,93
201000050600,10,3,26,1805,1,2,1,1.0,6.0,93029,M,4891800.0,241857.0,93
201000050601,10,3,29,1610,1,2,1,1.0,3.0,93029,M,4893430.0,245597.0,93
201000050602,10,4,3,1705,1,2,1,1.0,3.0,93029,M,4892190.0,245550.0,93
201000050603,10,4,3,1930,1,2,1,2.0,6.0,93029,M,4891990.0,245138.0,93
201000050604,10,4,6,730,1,2,3,1.0,3.0,93029,M,4891300.0,244991.0,93
201000050605,10,4,13,1045,1,2,6,1.0,3.0,93029,M,4892570.0,245475.0,93
201000050606,10,4,13,830,1,2,1,1.0,2.0,93029,M,4893030.0,242658.0,93
201000050607,10,4,14,830,1,2,1,2.0,2.0,93029,M,4892080.0,244947.0,93
201000050608,10,4,23,1940,1,2,1,1.0,2.0,93029,M,4892660.0,243896.0,93
201000050609,10,4,24,1725,1,2,2,1.0,3.0,93029,M,4892550.0,243137.0,93
201000050610,10,4,27,2320,5,2,3,1.0,3.0,93029,M,4892920.0,245319.0,93
201000050611,10,4,28,1918,1,2,1,1.0,6.0,93029,M,4892180.0,245531.0,93
201000050612,10,5,3,1135,1,2,1,2.0,6.0,93029,M,4891960.0,245956.0,93
201000050613,10,5,7,1630,1,2,1,1.0,2.0,93029,M,4892810.0,243661.0,93
201000050614,10,5,10,1958,1,2,1,2.0,3.0,93029,M,4891920.0,243728.0,93
201000050615,10,5,16,1650,1,2,1,1.0,6.0,93029,M,4891980.0,242019.0,93
201000050616,10,5,23,1850,1,2,2,1.0,3.0,93029,M,4892730.0,243872.0,93
201000050617,10,5,27,5,5,2,1,1.0,3.0,93029,M,4892780.0,243746.0,93
201000050618,10,6,6,1730,1,2,1,1.0,3.0,93029,M,4891920.0,245004.0,93
201000050619,10,6,8,840,1,2,6,1.0,3.0,93029,M,4891920.0,246236.0,93
201000050620,10,6,9,1830,2,2,1,3.0,1.0,93029,M,4893040.0,243102.0,93
201000050621,10,6,10,2150,5,2,1,1.0,7.0,93029,M,4892080.0,244589.0,93
201000050622,10,6,17,907,1,2,2,1.0,3.0,93029,M,4892260.0,245260.0,93
201000050623,10,6,20,1120,1,2,3,1.0,2.0,93029,M,4892350.0,244580.0,93
201000050624,10,6,20,1730,1,2,1,8.0,3.0,93029,M,4891990.0,245142.0,93
201000050625,10,6,30,2035,1,2,3,1.0,3.0,93029,M,4891600.0,244331.0,93
201000050626,10,7,11,950,1,2,2,1.0,3.0,93029,M,,,93
201000050627,10,7,12,1630,1,2,1,1.0,3.0,93029,M,,,93
201000050628,10,7,24,815,1,2,1,1.0,3.0,93029,M,,,93
201000050629,10,8,1,2030,1,2,1,1.0,6.0,93029,M,,,93
201000050630,10,8,2,1335,1,2,1,1.0,6.0,93029,M,,,93
201000050631,10,8,3,1538,1,2,1,1.0,3.0,93029,M,,,93
201000050632,10,8,9,1640,1,2,2,1.0,3.0,93029,M,,,93
201000050633,10,8,13,715,1,2,1,1.0,3.0,93029,M,,,93
201000050634,10,8,13,640,2,2,3,1.0,3.0,93029,M,,,93
201000050635,10,8,17,1400,1,2,1,2.0,3.0,93029,M,,,93
201000050636,10,8,19,1545,1,2,1,1.0,6.0,93029,M,,,93
201000050637,10,8,30,2052,2,2,9,1.0,6.0,93029,M,,,93
201000050638,10,9,6,750,1,2,3,2.0,1.0,93029,M,,,93
201000050639,10,9,8,950,1,2,3,2.0,3.0,93029,M,,,93
201000050640,10,9,9,845,1,2,2,1.0,3.0,93029,M,,,93
201000050641,10,9,11,1145,1,2,1,1.0,6.0,93029,M,,,93
201000050642,10,9,12,1725,1,2,1,1.0,6.0,93029,M,,,93
201000050643,10,9,12,1630,1,2,1,1.0,2.0,93029,M,,,93
201000050644,10,9,15,1245,1,2,1,1.0,6.0,93029,M,,,93
201000050645,10,9,17,1950,1,2,1,1.0,6.0,93029,M,,,93
201000050646,10,9,19,550,5,2,6,1.0,6.0,93029,M,,,93
201000050647,10,9,20,1835,1,2,3,1.0,3.0,93029,M,,,93
201000050648,10,9,20,1935,2,2,1,1.0,6.0,93029,M,,,93
201000050649,10,9,22,1350,1,2,1,1.0,1.0,93029,M,,,93
201000050650,10,9,27,2105,2,2,1,1.0,3.0,93029,M,,,93
201000050651,10,9,28,1845,1,2,9,1.0,6.0,93029,M,,,93
201000050652,10,10,1,845,1,2,1,1.0,2.0,93029,M,,,93
201000050653,10,10,6,1945,5,2,1,2.0,7.0,93029,M,,,93
201000050654,10,10,8,1345,1,2,2,1.0,6.0,93029,M,,,93
201000050655,10,10,8,1800,1,2,1,1.0,6.0,93029,M,,,93
201000050656,10,10,11,1348,1,2,1,1.0,6.0,93029,M,,,93
201000050657,10,10,23,2045,3,2,3,2.0,3.0,93029,M,,,93
201000050658,10,10,27,1720,1,2,1,1.0,6.0,93029,M,,,93
201000050659,10,10,31,2240,5,2,2,1.0,3.0,93029,M,,,93
201000050660,10,11,1,1650,1,2,2,1.0,3.0,93029,M,,,93
201000050661,10,11,1,1607,1,2,3,1.0,6.0,93029,M,,,93
201000050662,10,11,5,1642,1,2,1,1.0,6.0,93029,M,,,93
201000050663,10,11,9,1810,5,2,3,3.0,6.0,93029,M,,,93
201000050664,10,11,13,1155,1,2,1,3.0,7.0,93029,M,,,93
201000050665,10,11,22,735,5,2,2,2.0,6.0,93029,M,,,93
201000050666,10,12,2,50,5,2,3,4.0,3.0,93029,M,,,93
201000050667,10,12,3,1335,1,2,1,1.0,6.0,93029,M,,,93
201000050668,10,12,11,2010,5,2,1,2.0,2.0,93029,M,,,93
201000050669,10,12,12,2105,5,2,1,1.0,6.0,93029,M,,,93
201000050670,10,12,18,2230,5,2,1,4.0,6.0,93029,M,,,93
201000050671,10,12,31,1600,1,2,1,8.0,6.0,93029,M,,,93
201000050672,10,12,31,2120,5,2,9,1.0,6.0,93029,M,,,93
201000050673,10,8,29,45,5,2,1,1.0,6.0,93031,M,,,93
201000050674,10,1,1,2015,5,2,1,1.0,2.0,93031,M,4896200.0,230529.0,93
201000050675,10,1,8,1910,5,2,2,1.0,3.0,93031,M,4894710.0,234270.0,93
201000050676,10,1,8,2100,5,2,1,1.0,2.0,93031,M,4895590.0,230248.0,93
201000050677,10,1,16,1655,2,2,1,2.0,6.0,93031,M,4896350.0,229759.0,93
201000050678,10,1,21,1735,2,2,1,1.0,5.0,93031,M,4895080.0,232497.0,93
201000050679,10,1,22,1425,1,2,1,1.0,3.0,93031,M,4895920.0,229061.0,93
201000050680,10,1,26,1150,1,2,1,1.0,6.0,93031,M,4895450.0,231150.0,93
201000050681,10,1,30,1305,1,2,1,9.0,4.0,93031,M,4896060.0,229780.0,93
201000050682,10,1,30,1940,5,2,2,1.0,1.0,93031,M,4894710.0,234270.0,93
201000050683,10,2,2,1405,1,2,3,2.0,6.0,93031,M,4895330.0,231198.0,93
201000050684,10,2,6,1915,5,2,1,2.0,2.0,93031,M,4896430.0,229868.0,93
201000050685,10,2,7,2155,5,2,1,1.0,6.0,93031,M,4895430.0,231344.0,93
201000050686,10,2,10,1735,5,2,1,2.0,6.0,93031,M,4895760.0,232305.0,93
201000050687,10,2,18,855,1,2,1,1.0,6.0,93031,M,4894760.0,233249.0,93
201000050688,10,3,7,1920,5,2,1,6.0,2.0,93031,M,4896280.0,229202.0,93
201000050689,10,3,9,1610,1,2,1,1.0,6.0,93031,M,4895300.0,232220.0,93
201000050690,10,3,11,830,1,2,1,1.0,4.0,93079,M,4896140.0,234570.0,93
201000050691,10,3,27,1220,1,2,1,1.0,3.0,93031,M,4896080.0,230653.0,93
201000050692,10,3,27,1705,1,2,1,8.0,6.0,93079,M,4895170.0,234174.0,93
201000050693,10,3,29,1700,1,2,1,1.0,6.0,93031,M,4895180.0,231952.0,93
201000050694,10,4,1,1935,1,2,1,1.0,6.0,93079,M,4895360.0,234362.0,93
201000050695,10,4,7,920,1,2,1,1.0,6.0,93031,M,4895090.0,232450.0,93
201000050696,10,4,10,1140,1,2,2,1.0,1.0,93079,M,4896450.0,234415.0,93
201000050697,10,4,10,1215,1,2,1,1.0,2.0,93031,M,4896210.0,229414.0,93
201000050698,10,4,19,1910,1,2,3,1.0,3.0,93031,M,4895270.0,232594.0,93
201000050699,10,4,23,1250,1,2,4,1.0,3.0,93031,M,4895820.0,230914.0,93
201000050700,10,4,23,1820,1,2,1,1.0,6.0,93079,M,4896510.0,234426.0,93
201000050701,10,4,24,1610,1,2,1,1.0,6.0,93031,M,4895960.0,230270.0,93
201000050702,10,4,27,1135,1,2,1,1.0,6.0,93031,M,4895720.0,232130.0,93
201000050703,10,4,28,2200,5,2,1,1.0,6.0,93031,M,4895650.0,232897.0,93
201000050704,10,5,4,2040,2,2,1,1.0,2.0,93031,M,4894690.0,233356.0,93
201000050705,10,5,10,1445,1,2,1,2.0,6.0,93079,M,4896280.0,234416.0,93
201000050706,10,5,12,1955,1,2,1,1.0,1.0,93031,M,4895640.0,232531.0,93
201000050707,10,5,14,750,1,2,1,1.0,3.0,93031,M,4895030.0,232707.0,93
201000050708,10,5,14,1840,1,2,1,2.0,2.0,93031,M,4895140.0,232192.0,93
201000050709,10,5,14,2220,5,2,6,1.0,3.0,93031,M,4895310.0,231605.0,93
201000050710,10,5,19,1315,1,2,2,1.0,6.0,93079,M,4896450.0,234415.0,93
201000050711,10,5,22,1940,1,2,1,1.0,3.0,93031,M,4895150.0,232126.0,93
201000050712,10,5,27,820,1,2,1,1.0,6.0,93031,M,4895950.0,230229.0,93
201000050713,10,5,27,1355,1,2,4,2.0,3.0,93031,M,4894650.0,234587.0,93
201000050714,10,5,29,2030,1,2,3,2.0,6.0,93031,M,4895540.0,229556.0,93
201000050715,10,6,4,1425,1,2,1,1.0,6.0,93031,M,4895280.0,231356.0,93
201000050716,10,6,5,925,1,2,1,1.0,2.0,93031,M,4895150.0,230707.0,93
201000050717,10,6,7,1345,1,2,1,1.0,6.0,93031,M,4895260.0,231642.0,93
201000050718,10,6,9,1450,1,2,1,2.0,3.0,93031,M,4894730.0,234144.0,93
201000050719,10,6,10,730,1,2,1,2.0,7.0,93031,M,4895020.0,232725.0,93
201000050720,10,6,11,45,3,2,6,1.0,7.0,93079,M,,,93
201000050721,10,6,17,1230,1,2,1,1.0,3.0,93031,M,4896130.0,229600.0,93
201000050722,10,6,21,1945,1,2,9,1.0,6.0,93031,M,4896210.0,229415.0,93
201000050723,10,6,26,1543,1,2,1,1.0,6.0,93031,M,4895370.0,231894.0,93
201000050724,10,7,2,1340,1,2,1,1.0,3.0,93031,M,,,93
201000050725,10,7,4,1230,1,2,9,1.0,6.0,93031,M,,,93
201000050726,10,7,4,1735,1,2,3,7.0,1.0,93031,M,,,93
201000050727,10,7,18,1530,1,2,1,1.0,2.0,93079,M,,,93
201000050728,10,8,5,1815,1,2,1,1.0,3.0,93031,M,,,93
201000050729,10,7,19,1645,1,2,1,1.0,3.0,93031,M,,,93
201000050730,10,8,7,1800,1,2,1,8.0,2.0,93031,M,,,93
201000050731,10,8,16,2105,5,2,2,1.0,1.0,93031,M,,,93
201000050732,10,8,19,1425,1,2,1,1.0,6.0,93031,M,,,93
201000050733,10,8,20,1740,1,2,2,1.0,2.0,93079,M,,,93
201000050734,10,8,25,1605,1,2,1,1.0,6.0,93031,M,,,93
201000050735,10,8,28,1505,1,2,1,8.0,6.0,93079,M,,,93
201000050736,10,9,1,1650,1,2,1,1.0,4.0,93031,M,,,93