Num_Acc,an,mois,jour,hrmn,lum,agg,int,atm,col,com,gps,lat,long,dep
201000050737,10,9,1,1905,1,2,1,1.0,6.0,93031,M,,,93
201000050738,10,9,8,1530,1,2,1,8.0,6.0,93031,M,,,93
201000050739,10,9,10,806,1,2,1,1.0,6.0,93031,M,,,93
201000050740,10,9,10,1834,1,2,9,1.0,3.0,93031,M,,,93
201000050741,10,9,14,1810,1,2,1,1.0,2.0,93031,M,,,93
201000050742,10,9,18,1430,1,2,1,1.0,6.0,93079,M,,,93
201000050743,10,9,19,1525,1,2,1,1.0,2.0,93031,M,,,93
201000050744,10,9,21,915,1,2,1,1.0,6.0,93031,M,,,93
201000050745,10,9,21,1105,1,2,1,1.0,6.0,93031,M,,,93
201000050746,10,9,26,1600,1,2,3,2.0,7.0,93079,M,,,93
201000050747,10,10,1,1715,1,2,1,2.0,6.0,93031,M,,,93
201000050748,10,10,2,2005,5,2,3,1.0,3.0,93079,M,,,93
201000050749,10,10,5,1705,1,2,1,2.0,6.0,93031,M,,,93
201000050750,10,10,6,1713,1,2,2,2.0,6.0,93031,M,,,93
201000050751,10,10,7,1915,5,2,1,1.0,6.0,93031,M,,,93
201000050752,10,10,8,1755,1,2,1,1.0,7.0,93031,M,,,93
201000050753,10,10,10,1200,1,2,1,1.0,4.0,93079,M,,,93
201000050754,10,10,13,1715,1,2,3,1.0,1.0,93031,M,,,93
201000050755,10,10,18,1430,1,2,3,1.0,2.0,93031,M,,,93
201000050756,10,10,19,1120,1,2,1,2.0,4.0,93031,M,,,93
201000050757,10,10,20,1630,1,2,1,1.0,6.0,93079,M,,,93
201000050758,10,10,20,1905,5,2,1,1.0,6.0,93079,M,,,93
201000050759,10,10,22,2125,5,2,1,1.0,6.0,93031,M,,,93
201000050760,10,10,25,910,1,2,1,1.0,6.0,93031,M,,,93
201000050761,10,10,29,720,2,2,1,1.0,3.0,93031,M,,,93
201000050762,10,11,7,2010,5,2,6,2.0,6.0,93031,M,,,93
201000050763,10,11,9,1440,1,2,1,2.0,6.0,93031,M,,,93
201000050764,10,11,15,1815,5,2,1,1.0,6.0,93031,M,,,93
201000050765,10,11,16,905,1,2,1,1.0,6.0,93031,M,,,93
201000050766,10,11,19,1800,5,2,1,1.0,6.0,93031,M,,,93
201000050767,10,11,30,805,1,2,2,1.0,3.0,93079,M,,,93
201000050768,10,12,14,2000,5,2,1,1.0,3.0,93031,M,,,93
201000050769,10,12,24,830,2,2,2,4.0,3.0,93031,M,,,93
201000050770,10,12,28,1755,5,2,3,2.0,6.0,93079,M,,,93
201000050771,10,1,11,1130,1,2,1,1.0,6.0,93032,M,4888240.0,253945.0,93
201000050772,10,1,24,1442,1,2,2,8.0,3.0,93047,M,4889020.0,255196.0,93
201000050773,10,1,25,1700,1,2,1,1.0,6.0,93047,M,4889970.0,255529.0,93
201000050774,10,1,26,1810,5,2,1,1.0,6.0,93032,M,4887580.0,255297.0,93
201000050775,10,1,30,1800,5,2,2,1.0,3.0,93047,M,4889010.0,255408.0,93
201000050776,10,2,4,1945,5,2,1,1.0,6.0,93047,M,4889840.0,257494.0,93
201000050777,10,2,7,945,1,2,3,2.0,3.0,93047,M,4889930.0,255957.0,93
201000050778,10,2,12,1740,1,2,1,1.0,6.0,93047,M,4889840.0,257494.0,93
201000050779,10,2,15,1040,1,2,2,1.0,2.0,93032,M,4887540.0,255923.0,93
201000050780,10,2,26,945,1,2,2,8.0,3.0,93032,M,4887360.0,253966.0,93
201000050781,10,3,5,2200,5,2,3,1.0,3.0,93047,M,4889810.0,255786.0,93
201000050782,10,3,8,820,1,2,5,1.0,6.0,93032,M,4887560.0,255545.0,93
201000050783,10,3,13,900,1,2,3,1.0,7.0,93032,M,4887740.0,254457.0,93
201000050784,10,3,14,630,2,2,1,1.0,1.0,93047,M,4889820.0,255561.0,93
201000050785,10,3,19,1020,1,2,1,1.0,3.0,93047,M,4889860.0,255012.0,93
201000050786,10,3,28,1815,1,2,1,1.0,6.0,93032,M,4887330.0,256515.0,93
201000050787,10,4,5,1650,1,2,1,1.0,6.0,93047,M,4890080.0,256212.0,93
201000050788,10,4,9,1705,1,2,1,1.0,2.0,93047,M,4889840.0,255284.0,93
201000050789,10,4,11,1610,1,2,3,1.0,6.0,93047,M,4889140.0,257095.0,93
201000050790,10,4,12,715,1,2,5,1.0,3.0,93047,M,4889840.0,255335.0,93
201000050791,10,4,14,1540,1,2,1,1.0,3.0,93032,M,4888300.0,253400.0,93
201000050792,10,4,15,800,1,2,1,1.0,6.0,93032,M,4887670.0,254936.0,93
201000050793,10,4,20,1830,1,2,3,1.0,2.0,93047,M,4889680.0,257568.0,93
201000050794,10,4,22,2145,5,2,1,1.0,2.0,93047,M,4889830.0,255519.0,93
201000050795,10,4,26,635,1,2,3,1.0,3.0,93047,M,4889930.0,255957.0,93
201000050796,10,4,28,1520,1,2,2,1.0,3.0,93047,M,4889860.0,255042.0,93
201000050797,10,5,2,2030,2,2,2,2.0,3.0,93032,M,4888850.0,254762.0,93
201000050798,10,5,5,2200,5,2,1,1.0,6.0,93047,M,4890290.0,255585.0,93
201000050799,10,5,6,1615,1,2,1,1.0,7.0,93032,M,4888420.0,253681.0,93
201000050800,10,5,11,1258,1,2,1,2.0,6.0,93032,M,4888110.0,254244.0,93
201000050801,10,5,20,1945,1,2,1,1.0,2.0,93032,M,4887670.0,254936.0,93
201000050802,10,5,25,1830,1,2,9,1.0,1.0,93047,M,4890490.0,255971.0,93
201000050803,10,5,31,1630,1,2,1,1.0,6.0,93047,M,4889860.0,254965.0,93
201000050804,10,6,1,1700,1,2,1,2.0,3.0,93032,M,4888360.0,252987.0,93
201000050805,10,6,2,725,1,2,2,1.0,3.0,93047,M,4888730.0,255043.0,93
201000050806,10,6,6,1500,1,2,1,1.0,3.0,93047,M,4889850.0,256140.0,93
201000050807,10,6,12,1800,1,2,1,1.0,6.0,93047,M,4889820.0,255566.0,93
201000050808,10,6,13,1630,1,2,1,1.0,6.0,93032,M,4887190.0,254463.0,93
201000050809,10,6,14,1715,1,2,2,8.0,3.0,93047,M,4889370.0,255832.0,93
201000050810,10,6,15,1647,1,2,2,1.0,3.0,93047,M,4890450.0,256028.0,93
201000050811,10,6,15,2335,5,2,1,1.0,3.0,93032,M,4888340.0,252900.0,93
201000050812,10,6,17,950,1,2,3,8.0,2.0,93032,M,4887610.0,255757.0,93
201000050813,10,6,26,1130,1,2,2,1.0,3.0,93032,M,4888170.0,253934.0,93
201000050814,10,6,26,1350,1,2,3,1.0,3.0,93047,M,4890010.0,256899.0,93
201000050815,10,7,5,1735,1,2,1,1.0,6.0,93047,M,,,93
201000050816,10,7,5,2050,1,2,1,1.0,6.0,93032,M,,,93
201000050817,10,7,6,1835,1,2,3,1.0,6.0,93032,M,,,93
201000050818,10,7,10,2050,1,2,1,1.0,6.0,93032,M,,,93
201000050819,10,7,12,2030,1,1,3,1.0,6.0,93032,M,,,93
201000050820,10,7,14,1100,1,2,2,2.0,3.0,93047,M,,,93
201000050821,10,7,16,720,1,2,2,1.0,3.0,93032,M,,,93
201000050822,10,7,26,1630,1,2,1,1.0,2.0,93032,M,,,93
201000050823,10,7,31,1340,1,2,1,1.0,1.0,93047,M,,,93
201000050824,10,8,10,645,1,2,1,1.0,2.0,93047,M,,,93
201000050825,10,8,18,1032,1,2,1,2.0,6.0,93047,M,,,93
201000050826,10,8,26,1750,1,2,1,1.0,3.0,93047,M,,,93
201000050827,10,9,3,1130,1,2,4,1.0,6.0,93032,M,,,93
201000050828,10,9,5,952,1,2,1,1.0,6.0,93032,M,,,93
201000050829,10,9,6,1615,1,2,3,1.0,2.0,93047,M,,,93
201000050830,10,9,7,1255,1,2,1,8.0,3.0,93047,M,,,93
201000050831,10,9,10,920,1,2,2,1.0,3.0,93032,M,,,93
201000050832,10,9,13,1705,1,2,1,1.0,2.0,93047,M,,,93
201000050833,10,9,19,2135,5,2,2,1.0,3.0,93047,M,,,93
201000050834,10,9,24,1445,1,2,3,1.0,6.0,93047,M,,,93
201000050835,10,10,8,2030,5,2,3,1.0,3.0,93032,M,,,93
201000050836,10,10,12,1505,1,2,1,1.0,6.0,93032,M,,,93
201000050837,10,11,23,1505,1,2,1,2.0,7.0,93032,M,,,93
201000050838,10,11,24,2020,5,2,3,2.0,6.0,93032,M,,,93
201000050839,10,12,1,1610,1,2,1,4.0,2.0,93032,M,,,93
201000050840,10,12,6,820,2,2,1,2.0,6.0,93032,M,,,93
201000050841,10,12,29,1215,1,2,1,8.0,6.0,93032,M,,,93
201000050842,10,11,10,2345,5,2,3,1.0,3.0,93006,M,,,93
201000050843,10,1,2,1810,5,2,1,1.0,2.0,93061,M,4888700.0,240775.0,93
201000050844,10,1,4,1420,1,2,1,1.0,6.0,93006,M,4887620.0,242337.0,93
201000050845,10,1,11,955,1,2,1,1.0,6.0,93061,M,4888480.0,240641.0,93
201000050846,10,1,29,800,2,2,1,3.0,6.0,93063,M,4888330.0,243818.0,93
201000050847,10,2,9,1620,1,2,1,2.0,6.0,93063,M,4888050.0,244111.0,93
201000050848,10,2,19,1200,1,2,1,1.0,6.0,93063,M,4888370.0,244010.0,93
201000050849,10,3,6,1210,1,2,1,1.0,3.0,93063,M,4887610.0,244108.0,93
201000050850,10,3,15,1215,1,2,1,1.0,6.0,93063,M,4888230.0,244097.0,93
201000050851,10,3,14,1350,1,2,3,1.0,3.0,93063,M,4888380.0,242864.0,93
201000050852,10,3,12,2030,5,2,1,1.0,6.0,93006,M,4886300.0,241569.0,93
201000050853,10,3,22,1245,1,2,1,1.0,6.0,93063,M,4887800.0,244945.0,93
201000050854,10,3,23,2020,5,2,1,1.0,7.0,93063,M,4888180.0,243321.0,93
201000050855,10,3,24,1615,1,2,1,1.0,7.0,93006,M,4886810.0,241417.0,93
201000050856,10,4,15,1605,1,2,1,1.0,6.0,93006,M,4886630.0,241774.0,93
201000050857,10,4,16,1000,1,2,1,1.0,3.0,93063,M,4888310.0,244083.0,93
201000050858,10,4,27,950,1,2,1,1.0,6.0,93045,M,4887800.0,241339.0,93
201000050859,10,5,22,1130,1,2,1,1.0,6.0,93061,M,4888780.0,240371.0,93
201000050860,10,5,22,1745,1,2,2,1.0,3.0,93063,M,4888240.0,243632.0,93
201000050861,10,6,10,900,1,2,1,2.0,6.0,93045,M,4887830.0,242925.0,93
201000050862,10,6,14,1600,1,2,3,2.0,6.0,93061,M,4888230.0,240266.0,93
201000050863,10,6,25,1335,1,2,1,1.0,6.0,93006,M,4886760.0,242958.0,93
201000050864,10,7,1,1500,1,2,1,1.0,6.0,93063,M,,,93
201000050865,10,7,5,1625,1,2,4,1.0,7.0,93063,M,,,93
201000050866,10,7,15,1658,1,2,1,1.0,1.0,93006,M,,,93
201000050867,10,9,16,1330,1,2,1,1.0,6.0,93063,M,,,93
201000050868,10,9,20,1950,2,2,1,1.0,3.0,93006,M,,,93
201000050869,10,9,22,1540,1,2,1,1.0,3.0,93006,M,,,93
201000050870,10,9,25,2020,5,2,1,1.0,1.0,93006,M,,,93
201000050871,10,9,27,2020,5,2,3,1.0,3.0,93063,M,,,93
201000050872,10,10,7,1639,1,2,1,1.0,6.0,93006,M,,,93
201000050873,10,10,12,1340,1,2,1,1.0,3.0,93006,M,,,93
201000050874,10,10,15,910,1,2,1,1.0,6.0,93045,M,,,93
201000050875,10,10,20,1350,1,2,2,1.0,3.0,93063,M,,,93
201000050876,10,10,22,1655,1,2,1,1.0,6.0,93045,M,,,93
201000050877,10,10,23,1000,1,2,3,1.0,3.0,93006,M,,,93
201000050878,10,10,29,1322,1,2,2,2.0,6.0,93045,M,,,93
201000050879,10,11,29,1220,1,2,3,1.0,3.0,93063,M,,,93
201000050880,10,11,12,1322,1,2,1,2.0,1.0,93063,M,,,93
201000050881,10,11,17,1800,5,2,1,1.0,6.0,93006,M,,,93
201000050882,10,12,14,1545,1,2,1,1.0,7.0,93045,M,,,93
201000050883,10,6,22,1955,1,2,1,1.0,3.0,93006,M,4886440.0,241715.0,93
201000050884,10,11,14,725,5,2,1,2.0,7.0,93006,M,,,93
201000050885,10,11,21,1540,1,2,2,2.0,3.0,93063,M,,,93
201000050886,10,12,24,1315,1,2,1,4.0,6.0,93006,M,,,93
201000050887,10,11,17,1130,1,2,1,1.0,3.0,93006,M,,,93
201000050888,10,5,15,300,5,2,6,1.0,2.0,93063,M,4887690.0,244161.0,93
201000050889,10,12,4,525,3,2,1,1.0,6.0,93006,M,,,93
201000050890,10,1,23,1059,1,2,3,1.0,6.0,93061,M,4888450.0,240351.0,93
201000050891,10,5,9,1400,1,2,1,1.0,2.0,93006,M,4887300.0,242911.0,93
201000050892,10,1,4,1045,1,2,4,1.0,6.0,93006,M,4887530.0,241936.0,93
201000050893,10,1,8,910,1,2,3,8.0,3.0,93061,M,4888700.0,240778.0,93
201000050894,10,1,14,2240,5,2,1,2.0,1.0,93061,M,4888420.0,240793.0,93
201000050895,10,2,10,2105,5,2,1,4.0,4.0,93006,M,4887190.0,241848.0,93
201000050896,10,2,14,1710,1,2,1,1.0,6.0,93006,M,,,93
201000050897,10,2,11,2029,5,2,1,8.0,1.0,93063,M,4887190.0,243979.0,93
201000050898,10,2,24,1900,5,2,1,2.0,7.0,93006,M,4887510.0,242455.0,93
201000050899,10,4,6,1830,1,2,1,1.0,6.0,93045,M,4887750.0,241636.0,93
201000050900,10,4,18,1530,1,2,3,1.0,3.0,93006,M,,,93
201000050901,10,3,7,100,5,2,2,1.0,3.0,93063,M,4887180.0,243975.0,93
201000050902,10,4,26,1535,1,2,3,1.0,7.0,93006,M,4886700.0,242462.0,93
201000050903,10,5,5,1300,1,2,1,1.0,2.0,93063,M,4887370.0,244034.0,93
201000050904,10,5,16,1650,1,2,1,1.0,6.0,93061,M,4888690.0,240774.0,93
201000050905,10,4,5,1700,1,2,9,1.0,6.0,93063,M,4888560.0,242925.0,93
201000050906,10,4,7,1630,1,2,1,1.0,6.0,93063,M,,,93
201000050907,10,4,23,855,1,2,1,1.0,6.0,93063,M,4888050.0,244700.0,93
201000050908,10,4,23,2230,5,2,2,1.0,7.0,93063,M,4889100.0,242617.0,93
201000050909,10,4,28,1430,1,2,3,1.0,3.0,93006,M,4887520.0,242203.0,93
201000050910,10,4,29,1640,1,2,1,9.0,6.0,93045,M,4888160.0,242185.0,93
201000050911,10,5,14,1905,1,2,1,1.0,6.0,93006,M,4887390.0,242829.0,93
201000050912,10,5,14,1920,1,2,2,8.0,1.0,93045,M,4887650.0,241353.0,93
201000050913,10,5,18,1825,1,2,3,1.0,1.0,93063,M,4887740.0,243833.0,93
201000050914,10,5,25,1030,1,2,1,1.0,6.0,93063,M,4888230.0,243271.0,93
201000050915,10,5,25,1840,1,2,1,8.0,2.0,93006,M,4887020.0,242374.0,93
201000050916,10,5,26,1755,1,2,1,2.0,3.0,93063,M,4888460.0,242570.0,93
201000050917,10,6,17,1500,1,2,2,8.0,2.0,93006,M,4887540.0,242428.0,93
201000050918,10,5,29,2330,5,2,2,3.0,6.0,93063,M,4889120.0,243264.0,93
201000050919,10,6,21,2130,1,2,1,1.0,6.0,93045,M,4888270.0,241857.0,93
201000050920,10,6,27,1025,1,2,2,1.0,6.0,93045,M,4887950.0,241725.0,93
201000050921,10,6,28,1640,1,2,1,1.0,3.0,93006,M,4887160.0,241826.0,93
201000050922,10,6,28,1840,1,2,5,1.0,6.0,93006,M,4887630.0,242584.0,93
201000050923,10,7,2,1545,1,2,2,1.0,1.0,93063,M,,,93
201000050924,10,6,25,2145,1,2,2,1.0,7.0,93006,M,4886990.0,242116.0,93
201000050925,10,7,1,750,1,2,1,1.0,2.0,93063,M,,,93
201000050926,10,7,17,2230,2,2,2,1.0,3.0,93045,M,,,93
201000050927,10,8,1,1640,1,2,3,1.0,3.0,93006,M,,,93
201000050928,10,8,3,1950,1,2,3,8.0,1.0,93006,M,,,93
201000050929,10,8,2,1625,1,2,1,2.0,7.0,93063,M,,,93
201000050930,10,8,20,1840,1,2,3,1.0,6.0,93045,M,,,93
201000050931,10,8,6,1130,1,1,7,1.0,6.0,93063,M,,,93
201000050932,10,8,11,20,5,2,3,1.0,6.0,93063,M,,,93
201000050933,10,9,5,1650,1,2,2,1.0,6.0,93045,M,,,93
201000050934,10,9,26,1400,1,2,9,8.0,4.0,93006,M,,,93
201000050935,10,8,16,1620,1,2,1,2.0,6.0,93063,M,,,93
201000050936,10,10,5,1625,1,2,3,8.0,3.0,93063,M,,,93
201000050937,10,8,23,1600,1,2,1,1.0,1.0,93063,M,,,93
201000050938,10,9,1,1715,1,2,1,1.0,6.0,93045,M,,,93
201000050939,10,10,10,1645,1,2,1,1.0,6.0,93006,M,,,93
201000050940,10,10,10,1820,1,2,1,1.0,3.0,93063,M,,,93
201000050941,10,10,10,2335,5,2,1,1.0,6.0,93006,M,,,93
201000050942,10,9,22,1110,1,2,1,1.0,2.0,93063,M,,,93
201000050943,10,10,27,1320,1,2,1,1.0,3.0,93006,M,,,93
201000050944,10,9,28,2000,5,2,1,1.0,1.0,93006,M,,,93
201000050945,10,10,27,2050,5,2,1,1.0,3.0,93045,M,,,93
201000050946,10,11,10,1500,1,2,1,2.0,3.0,93063,M,,,93
201000050947,10,9,29,1845,1,2,2,1.0,1.0,93063,M,,,93
201000050948,10,10,18,2326,5,2,1,1.0,6.0,93045,M,,,93
201000050949,10,11,16,1035,1,2,2,1.0,6.0,93006,M,,,93
201000050950,10,11,21,1030,1,2,2,2.0,3.0,93063,M,,,93
201000050951,10,11,16,2015,5,2,3,1.0,3.0,93006,M,,,93
201000050952,10,11,23,1510,1,2,1,1.0,6.0,93063,M,,,93
201000050953,10,12,2,1750,5,2,2,1.0,1.0,93045,M,,,93
201000050954,10,11,23,1930,5,2,1,1.0,6.0,93045,M,,,93
201000050955,10,12,6,1045,1,2,1,2.0,2.0,93006,M,,,93
201000050956,10,12,17,715,2,2,1,8.0,5.0,93006,M,,,93
201000050957,10,12,22,1215,1,2,1,1.0,3.0,93045,M,,,93
201000050958,10,12,31,1850,5,2,1,1.0,3.0,93046,M,,,93
201000050959,10,1,4,2100,5,2,2,9.0,1.0,93046,M,4891200.0,252086.0,93
201000050960,10,1,8,820,1,2,1,1.0,3.0,93046,M,4891610.0,253220.0,93
201000050961,10,1,8,935,1,2,3,1.0,3.0,93046,M,4891290.0,252971.0,93
201000050962,10,1,15,1240,1,2,1,8.0,6.0,93046,M,4891780.0,253432.0,93
201000050963,10,1,16,1655,2,2,1,3.0,6.0,93046,M,4891810.0,251473.0,93
201000050964,10,1,16,1210,1,2,1,2.0,3.0,93074,M,4893550.0,257360.0,93
201000050965,10,1,22,1130,1,2,2,1.0,3.0,93046,M,4891150.0,252852.0,93
201000050966,10,1,28,845,1,2,1,1.0,7.0,93046,M,4890740.0,252481.0,93
201000050967,10,2,4,1645,1,2,1,1.0,3.0,93074,M,4892880.0,256996.0,93
201000050968,10,2,5,1015,1,2,3,2.0,2.0,93046,M,4890910.0,252631.0,93
201000050969,10,2,12,1715,1,2,3,1.0,6.0,93046,M,4890930.0,251848.0,93
201000050970,10,2,15,1110,1,2,3,1.0,2.0,93046,M,4893370.0,255674.0,93
201000050971,10,2,19,850,1,2,1,8.0,2.0,93046,M,4891080.0,252787.0,93
201000050972,10,2,20,1055,1,2,2,2.0,2.0,93046,M,4892020.0,253935.0,93
201000050973,10,2,20,1350,1,2,3,1.0,3.0,93046,M,4892480.0,253663.0,93
201000050974,10,2,27,1930,5,2,1,2.0,6.0,93046,M,4891300.0,252356.0,93
201000050975,10,2,28,1315,1,2,1,2.0,2.0,93046,M,4891410.0,252611.0,93
201000050976,10,3,4,1740,1,2,3,1.0,3.0,93074,M,4893330.0,256696.0,93
201000050977,10,3,15,1745,1,2,2,1.0,3.0,93046,M,4891400.0,253648.0,93
201000050978,10,3,16,2020,5,2,2,1.0,3.0,93046,M,4892280.0,254447.0,93
201000050979,10,3,19,540,5,2,1,2.0,6.0,93046,M,4892570.0,252950.0,93
201000050980,10,3,19,2050,5,2,1,2.0,3.0,93046,M,4891130.0,251068.0,93
201000050981,10,3,20,2205,5,2,1,2.0,3.0,93046,M,4891140.0,251745.0,93
201000050982,10,3,21,835,1,2,6,1.0,3.0,93015,M,4892440.0,256990.0,93
201000050983,10,3,21,1910,5,2,2,1.0,6.0,93046,M,4891030.0,252742.0,93
201000050984,10,3,23,713,1,2,5,1.0,3.0,93046,M,4891990.0,251763.0,93
201000050985,10,3,26,700,1,2,1,1.0,6.0,93046,M,4892880.0,254097.0,93
201000050986,10,3,26,1435,1,2,1,1.0,2.0,93046,M,4891730.0,253322.0,93
201000050987,10,4,1,1400,1,2,3,1.0,3.0,93046,M,4892500.0,252413.0,93
201000050988,10,4,1,1650,1,2,2,1.0,3.0,93046,M,4891920.0,251082.0,93
201000050989,10,4,2,1630,1,2,1,1.0,6.0,93074,M,4893650.0,258233.0,93
201000050990,10,4,6,1335,1,2,1,1.0,2.0,93046,M,4890730.0,252473.0,93
201000050991,10,4,6,1830,1,2,1,1.0,7.0,93046,M,4892830.0,254983.0,93
201000050992,10,4,7,1505,1,2,3,1.0,3.0,93046,M,4892350.0,254588.0,93
201000050993,10,4,9,1850,1,2,1,1.0,3.0,93046,M,4891880.0,250767.0,93
201000050994,10,4,14,1805,1,2,3,1.0,7.0,93074,M,4893110.0,256794.0,93
201000050995,10,4,15,1655,1,2,1,1.0,7.0,93046,M,4891780.0,250656.0,93
201000050996,10,4,16,1050,1,2,2,1.0,6.0,93046,M,4891040.0,252752.0,93
201000050997,10,4,19,1930,1,2,1,1.0,7.0,93046,M,4891360.0,253723.0,93
201000050998,10,4,20,1920,1,2,1,1.0,3.0,93046,M,4892210.0,252713.0,93
201000050999,10,4,30,1450,1,2,1,1.0,6.0,93046,M,4891430.0,250851.0,93
201000051000,10,4,30,1230,1,2,2,1.0,3.0,93046,M,4892290.0,251558.0,93
201000051001,10,5,5,1805,1,2,5,1.0,3.0,93046,M,4891060.0,251221.0,93
201000051002,10,5,6,700,1,2,3,1.0,2.0,93046,M,4891240.0,252236.0,93
201000051003,10,5,7,2025,1,1,1,1.0,7.0,93074,M,4893370.0,259646.0,93
201000051004,10,5,8,1800,1,2,2,1.0,3.0,93074,M,4893330.0,256696.0,93
201000051005,10,5,9,1810,1,2,1,1.0,3.0,93046,M,4893120.0,254540.0,93
201000051006,10,5,9,1750,1,2,2,1.0,3.0,93046,M,4892240.0,252013.0,93
201000051007,10,5,10,1555,1,2,1,1.0,3.0,93046,M,4892760.0,254808.0,93
201000051008,10,5,11,1645,1,2,2,2.0,3.0,93046,M,4891000.0,253259.0,93
201000051009,10,5,11,1905,1,2,1,2.0,6.0,93046,M,4892720.0,254313.0,93
201000051010,10,5,12,1840,1,2,3,1.0,3.0,93074,M,4893700.0,256857.0,93
201000051011,10,5,21,1740,1,2,2,1.0,6.0,93074,M,4893720.0,257226.0,93
201000051012,10,5,25,800,1,2,1,1.0,2.0,93074,M,4893380.0,259652.0,93
201000051013,10,6,2,1115,1,2,1,1.0,3.0,93046,M,4892200.0,254261.0,93
201000051014,10,6,2,1450,1,2,1,7.0,3.0,93046,M,4891710.0,252791.0,93
201000051015,10,6,6,2045,2,2,5,1.0,3.0,93046,M,4891490.0,253472.0,93
201000051016,10,6,9,1815,1,2,3,3.0,1.0,93046,M,4891290.0,252213.0,93
201000051017,10,6,12,1745,1,2,5,1.0,3.0,93046,M,4891060.0,251221.0,93
201000051018,10,6,15,1555,1,2,2,1.0,1.0,93046,M,4891040.0,252752.0,93
201000051019,10,6,19,1425,1,2,3,8.0,7.0,93046,M,4892810.0,254285.0,93
201000051020,10,6,21,1430,1,2,1,1.0,6.0,93046,M,4891350.0,252476.0,93
201000051021,10,6,21,1500,1,2,7,1.0,3.0,93046,M,4891920.0,253764.0,93
201000051022,10,6,22,750,1,2,1,1.0,6.0,93046,M,4892310.0,254479.0,93
201000051023,10,6,29,1620,1,2,2,1.0,6.0,93046,M,4890600.0,252347.0,93
201000051024,10,7,2,1635,1,2,1,1.0,6.0,93046,M,,,93
201000051025,10,7,7,2035,1,2,1,1.0,2.0,93046,M,,,93
201000051026,10,7,8,1640,1,2,3,1.0,3.0,93074,M,,,93
201000051027,10,7,7,725,1,2,1,1.0,7.0,93046,M,,,93
201000051028,10,7,12,730,1,2,2,3.0,6.0,93046,M,,,93
201000051029,10,7,15,2125,1,2,2,1.0,3.0,93046,M,,,93
201000051030,10,7,18,600,2,1,1,1.0,6.0,93046,M,,,93
201000051031,10,7,20,2130,2,2,1,1.0,6.0,93046,M,,,93
201000051032,10,7,23,200,5,2,1,1.0,6.0,93046,M,,,93
201000051033,10,7,30,2305,5,2,2,1.0,3.0,93046,M,,,93
201000051034,10,7,31,1610,1,2,2,1.0,3.0,93046,M,,,93
201000051035,10,7,31,1635,1,2,1,1.0,3.0,93015,M,,,93
201000051036,10,8,3,1550,1,2,1,1.0,1.0,93046,M,,,93
201000051037,10,8,17,1100,1,2,1,1.0,6.0,93046,M,,,93
201000051038,10,8,23,1835,1,2,1,1.0,2.0,93046,M,,,93
201000051039,10,8,25,1040,1,2,1,1.0,6.0,93046,M,,,93
201000051040,10,8,27,1540,1,2,3,8.0,3.0,93046,M,,,93
201000051041,10,8,29,235,5,2,1,1.0,6.0,93046,M,,,93
201000051042,10,8,30,1740,1,2,2,1.0,1.0,93046,M,,,93
201000051043,10,9,1,618,2,2,3,1.0,3.0,93046,M,,,93
201000051044,10,9,4,1200,1,2,1,1.0,7.0,93074,M,,,93
201000051045,10,9,4,1635,1,2,6,1.0,3.0,93046,M,,,93
201000051046,10,9,8,750,2,2,1,2.0,7.0,93046,M,,,93
201000051047,10,9,9,1405,1,2,2,1.0,3.0,93046,M,,,93
201000051048,10,9,10,1400,1,2,6,1.0,6.0,93046,M,,,93
201000051049,10,9,10,2028,5,2,2,1.0,6.0,93074,M,,,93
201000051050,10,9,14,1630,1,2,1,1.0,2.0,93046,M,,,93
201000051051,10,9,14,2015,5,2,3,1.0,3.0,93046,M,,,93
201000051052,10,9,16,1045,1,2,1,1.0,2.0,93046,M,,,93
201000051053,10,9,21,1724,1,2,1,1.0,1.0,93046,M,,,93
201000051054,10,9,25,1615,1,2,1,2.0,2.0,93046,M,,,93
201000051055,10,9,26,1605,1,2,3,2.0,6.0,93046,M,,,93
201000051056,10,9,26,1910,2,2,2,2.0,3.0,93046,M,,,93
201000051057,10,9,27,1800,1,2,1,1.0,7.0,93015,M,,,93
201000051058,10,9,28,655,1,2,1,1.0,6.0,93074,M,,,93
201000051059,10,9,28,1220,1,2,1,1.0,6.0,93046,M,,,93
201000051060,10,9,28,1940,5,2,1,2.0,5.0,93046,M,,,93
201000051061,10,9,29,2045,5,2,1,1.0,6.0,93046,M,,,93
201000051062,10,10,1,1640,1,2,1,2.0,6.0,93074,M,,,93
201000051063,10,10,2,1939,2,2,2,1.0,3.0,93074,M,,,93
201000051064,10,10,5,735,1,2,3,2.0,3.0,93046,M,,,93
201000051065,10,10,6,1010,1,2,1,1.0,3.0,93015,M,,,93
201000051066,10,10,7,1045,1,1,6,1.0,1.0,93015,M,,,93
201000051067,10,10,8,1455,1,1,1,1.0,6.0,93046,M,,,93
201000051068,10,10,12,1145,1,2,1,1.0,2.0,93046,M,,,93
201000051069,10,10,12,1725,1,2,2,1.0,3.0,93046,M,,,93