Num_Acc,an,mois,jour,hrmn,lum,agg,int,atm,col,com,gps,lat,long,dep
201000051070,10,10,13,1600,1,2,2,1.0,3.0,93074,M,,,93
201000051071,10,10,24,1315,1,2,1,1.0,4.0,93046,M,,,93
201000051072,10,10,30,1055,1,2,3,2.0,1.0,93046,M,,,93
201000051073,10,11,7,815,1,2,6,1.0,6.0,93074,M,,,93
201000051074,10,11,8,1100,1,2,1,2.0,3.0,93046,M,,,93
201000051075,10,11,9,1110,1,2,2,2.0,3.0,93046,M,,,93
201000051076,10,11,9,1650,1,2,8,2.0,3.0,93046,M,,,93
201000051077,10,11,15,1820,5,2,2,1.0,3.0,93046,M,,,93
201000051078,10,11,16,1225,1,1,1,8.0,7.0,93015,M,,,93
201000051079,10,11,17,1330,1,2,1,1.0,7.0,93046,M,,,93
201000051080,10,11,25,1530,1,2,3,1.0,3.0,93046,M,,,93
201000051081,10,11,26,720,5,2,5,8.0,6.0,93046,M,,,93
201000051082,10,12,6,755,5,2,4,2.0,2.0,93046,M,,,93
201000051083,10,12,13,730,5,2,2,1.0,6.0,93046,M,,,93
201000051084,10,12,17,1350,1,2,1,9.0,6.0,93046,M,,,93
201000051085,10,12,23,1820,5,2,1,4.0,7.0,93015,M,,,93
201000051086,10,12,26,1055,1,2,1,4.0,6.0,93074,M,,,93
201000051087,10,1,1,520,5,2,5,1.0,3.0,93048,M,4887810.0,245735.0,93
201000051088,10,1,2,1630,1,2,1,1.0,3.0,93048,M,4885240.0,241698.0,93
201000051089,10,1,4,1500,1,2,3,1.0,6.0,93048,M,4885720.0,243522.0,93
201000051090,10,1,5,815,2,2,1,1.0,1.0,93048,M,4885100.0,242312.0,93
201000051091,10,1,9,2050,5,2,2,4.0,3.0,93048,M,4885740.0,244007.0,93
201000051092,10,1,10,2240,5,2,2,1.0,3.0,93048,M,4885740.0,244007.0,93
201000051093,10,1,11,2350,5,2,1,1.0,2.0,93048,M,4886440.0,243581.0,93
201000051094,10,1,23,1700,1,2,2,8.0,3.0,93048,M,4886840.0,244474.0,93
201000051095,10,1,29,1705,1,2,1,3.0,2.0,93048,M,4886160.0,245417.0,93
201000051096,10,1,29,1800,5,2,1,2.0,6.0,93048,M,4886520.0,247714.0,93
201000051097,10,2,3,1330,1,2,3,2.0,6.0,93048,M,4885990.0,246658.0,93
201000051098,10,2,16,1735,1,2,5,1.0,6.0,93048,M,4887660.0,245468.0,93
201000051099,10,2,16,2055,5,2,2,1.0,6.0,93048,M,4885850.0,244042.0,93
201000051100,10,2,20,1820,2,2,3,1.0,6.0,93048,M,4887220.0,246866.0,93
201000051101,10,2,20,1750,1,2,1,1.0,6.0,93048,M,4885480.0,242040.0,93
201000051102,10,2,24,1600,1,2,2,8.0,3.0,93048,M,4885370.0,243312.0,93
201000051103,10,2,26,1330,1,2,9,2.0,6.0,93048,M,4886410.0,243599.0,93
201000051104,10,2,27,2110,5,2,2,3.0,5.0,93048,M,4885640.0,244495.0,93
201000051105,10,3,2,1830,2,2,2,1.0,6.0,93048,M,4885470.0,241749.0,93
201000051106,10,3,8,1800,2,2,5,1.0,6.0,93048,M,4886040.0,243943.0,93
201000051107,10,3,8,1750,1,2,2,1.0,3.0,93048,M,4885500.0,241925.0,93
201000051108,10,3,13,2000,5,2,1,1.0,3.0,93048,M,4886190.0,243695.0,93
201000051109,10,3,11,2010,4,2,1,1.0,6.0,93048,M,4887350.0,245395.0,93
201000051110,10,3,20,1050,1,2,1,1.0,3.0,93048,M,4885740.0,244015.0,93
201000051111,10,3,23,1700,1,2,2,1.0,6.0,93048,M,4885990.0,246658.0,93
201000051112,10,3,30,1800,1,2,1,8.0,2.0,93048,M,4885820.0,243709.0,93
201000051113,10,4,13,1040,1,2,6,1.0,3.0,93048,M,4886540.0,244340.0,93
201000051114,10,4,13,1600,1,2,2,1.0,2.0,93048,M,4885850.0,243164.0,93
201000051115,10,4,13,2135,5,2,1,2.0,6.0,93048,M,4886520.0,243531.0,93
201000051116,10,4,14,1730,1,2,1,1.0,3.0,93048,M,4885500.0,244676.0,93
201000051117,10,4,18,1800,1,2,3,1.0,3.0,93048,M,4885320.0,242360.0,93
201000051118,10,4,19,935,1,2,1,1.0,3.0,93048,M,4886830.0,248508.0,93
201000051119,10,4,20,2030,1,2,2,1.0,3.0,93048,M,4887310.0,245363.0,93
201000051120,10,4,21,2030,1,2,2,1.0,3.0,93048,M,4886670.0,244510.0,93
201000051121,10,4,23,845,1,2,2,1.0,3.0,93048,M,4885370.0,243312.0,93
201000051122,10,4,18,2225,5,2,3,1.0,3.0,93048,M,4887660.0,245468.0,93
201000051123,10,4,30,700,1,2,2,1.0,3.0,93048,M,4887310.0,245363.0,93
201000051124,10,5,6,2020,1,2,4,1.0,3.0,93048,M,4886810.0,244165.0,93
201000051125,10,5,7,745,2,2,3,1.0,3.0,93048,M,4885070.0,241823.0,93
201000051126,10,5,9,1145,1,2,1,1.0,6.0,93048,M,4885770.0,243416.0,93
201000051127,10,5,14,1050,1,2,1,1.0,7.0,93048,M,4885660.0,243131.0,93
201000051128,10,5,17,1740,1,2,1,1.0,6.0,93048,M,4886210.0,247431.0,93
201000051129,10,5,17,2020,1,2,3,1.0,5.0,93048,M,4885560.0,243955.0,93
201000051130,10,5,20,855,1,2,5,1.0,2.0,93048,M,4885820.0,243678.0,93
201000051131,10,5,26,1810,1,2,1,1.0,6.0,93048,M,4886100.0,244011.0,93
201000051132,10,6,1,805,1,2,2,1.0,3.0,93048,M,4887240.0,243653.0,93
201000051133,10,6,4,1050,1,2,2,1.0,6.0,93048,M,4885530.0,243254.0,93
201000051134,10,6,4,2340,5,2,2,1.0,2.0,93048,M,4885420.0,244505.0,93
201000051135,10,6,5,1600,1,2,1,1.0,6.0,93048,M,4885560.0,242215.0,93
201000051136,10,6,8,715,1,2,6,1.0,3.0,93048,M,4886140.0,248165.0,93
201000051137,10,6,9,20,5,2,1,2.0,6.0,93048,M,4885540.0,242134.0,93
201000051138,10,6,9,745,1,2,2,2.0,7.0,93048,M,4885740.0,244007.0,93
201000051139,10,6,18,1820,1,2,7,1.0,2.0,93048,M,4885720.0,243645.0,93
201000051140,10,6,20,1110,1,2,1,1.0,6.0,93048,M,4885780.0,243478.0,93
201000051141,10,6,20,1545,1,2,1,8.0,4.0,93048,M,4885780.0,243478.0,93
201000051142,10,6,23,1840,1,2,2,1.0,1.0,93048,M,4887650.0,245464.0,93
201000051143,10,6,25,1525,1,2,2,1.0,3.0,93048,M,4885740.0,244007.0,93
201000051144,10,6,25,1830,1,2,2,1.0,1.0,93048,M,4887280.0,244666.0,93
201000051145,10,6,26,1345,1,2,5,1.0,1.0,93048,M,4887810.0,245735.0,93
201000051146,10,6,27,1135,1,2,6,1.0,2.0,93048,M,4886750.0,245767.0,93
201000051147,10,6,28,1055,1,2,2,1.0,3.0,93048,M,4885410.0,242757.0,93
201000051148,10,6,30,1215,1,2,2,1.0,7.0,93048,M,4885500.0,244301.0,93
201000051149,10,7,1,950,1,2,1,7.0,6.0,93048,M,,,93
201000051150,10,7,4,1745,1,2,1,1.0,2.0,93048,M,,,93
201000051151,10,7,7,1710,1,2,6,1.0,6.0,93048,M,,,93
201000051152,10,7,7,1710,1,2,1,1.0,6.0,93048,M,,,93
201000051153,10,7,9,320,5,2,1,1.0,6.0,93048,M,,,93
201000051154,10,7,9,1700,1,2,1,1.0,6.0,93048,M,,,93
201000051155,10,7,10,2030,1,2,1,1.0,3.0,93048,M,,,93
201000051156,10,7,12,1630,1,2,1,1.0,2.0,93048,M,,,93
201000051157,10,7,17,1640,1,2,1,1.0,3.0,93048,M,,,93
201000051158,10,7,18,1430,1,2,1,1.0,6.0,93048,M,,,93
201000051159,10,7,18,2150,5,2,6,1.0,2.0,93048,M,,,93
201000051160,10,7,15,1955,1,2,1,1.0,6.0,93048,M,,,93
201000051161,10,7,19,1930,1,2,1,1.0,6.0,93048,M,,,93
201000051162,10,7,20,945,1,2,6,1.0,6.0,93048,M,,,93
201000051163,10,7,20,1950,1,2,2,1.0,3.0,93048,M,,,93
201000051164,10,7,22,830,1,2,1,1.0,3.0,93048,M,,,93
201000051165,10,7,27,1430,1,2,2,1.0,6.0,93048,M,,,93
201000051166,10,8,8,30,5,2,2,1.0,3.0,93048,M,,,93
201000051167,10,8,10,745,1,2,1,1.0,3.0,93048,M,,,93
201000051168,10,8,10,1650,1,2,3,1.0,4.0,93048,M,,,93
201000051169,10,8,4,1150,1,2,1,1.0,7.0,93048,M,,,93
201000051170,10,8,11,1815,1,2,3,2.0,3.0,93048,M,,,93
201000051171,10,8,18,855,1,2,2,1.0,3.0,93048,M,,,93
201000051172,10,8,21,1110,1,2,2,1.0,3.0,93048,M,,,93
201000051173,10,8,24,200,5,2,1,2.0,6.0,93048,M,,,93
201000051174,10,8,24,910,1,2,1,1.0,3.0,93048,M,,,93
201000051175,10,8,24,1935,1,2,1,1.0,6.0,93048,M,,,93
201000051176,10,8,27,1340,1,2,1,1.0,1.0,93048,M,,,93
201000051177,10,8,29,1930,1,2,1,1.0,5.0,93048,M,,,93
201000051178,10,8,30,100,5,2,3,2.0,1.0,93048,M,,,93
201000051179,10,8,30,1950,1,2,1,8.0,5.0,93048,M,,,93
201000051180,10,8,31,2315,5,2,3,1.0,3.0,93048,M,,,93
201000051181,10,9,1,1040,1,2,7,1.0,6.0,93048,M,,,93
201000051182,10,9,5,1800,1,2,2,1.0,3.0,93048,M,,,93
201000051183,10,9,7,916,1,2,1,1.0,3.0,93048,M,,,93
201000051184,10,9,7,1410,1,2,2,1.0,3.0,93048,M,,,93
201000051185,10,9,8,540,5,2,2,2.0,1.0,93048,M,,,93
201000051186,10,9,11,915,1,2,3,1.0,3.0,93048,M,,,93
201000051187,10,9,16,923,1,2,1,1.0,2.0,93048,M,,,93
201000051188,10,9,16,1745,1,2,1,2.0,6.0,93048,M,,,93
201000051189,10,9,16,1820,1,2,2,2.0,3.0,93048,M,,,93
201000051190,10,9,24,1735,1,2,1,3.0,1.0,93048,M,,,93
201000051191,10,9,25,120,3,1,2,2.0,4.0,93048,M,,,93
201000051192,10,9,27,1345,1,2,1,1.0,7.0,93048,M,,,93
201000051193,10,9,30,1600,1,2,1,1.0,1.0,93048,M,,,93
201000051194,10,10,1,1740,1,2,3,3.0,3.0,93048,M,,,93
201000051195,10,10,1,1800,2,2,1,3.0,6.0,93048,M,,,93
201000051196,10,10,3,2100,5,2,3,1.0,3.0,93048,M,,,93
201000051197,10,10,12,825,1,2,3,1.0,7.0,93048,M,,,93
201000051198,10,10,13,935,1,1,2,1.0,6.0,93048,M,,,93
201000051199,10,10,13,1400,1,2,1,1.0,6.0,93048,M,,,93
201000051200,10,10,13,1430,1,2,1,1.0,6.0,93048,M,,,93
201000051201,10,10,14,945,1,2,2,1.0,6.0,93048,M,,,93
201000051202,10,10,14,1900,2,2,1,1.0,6.0,93048,M,,,93
201000051203,10,10,15,1915,2,2,3,1.0,1.0,93048,M,,,93
201000051204,10,10,19,1215,1,2,1,2.0,7.0,93048,M,,,93
201000051205,10,10,21,830,1,2,1,1.0,6.0,93048,M,,,93
201000051206,10,10,23,1830,2,2,2,3.0,3.0,93048,M,,,93
201000051207,10,10,26,1930,5,2,2,1.0,3.0,93048,M,,,93
201000051208,10,11,2,1345,1,2,1,2.0,6.0,93048,M,,,93
201000051209,10,11,9,935,1,2,1,2.0,3.0,93048,M,,,93
201000051210,10,11,12,1330,1,2,2,2.0,6.0,93048,M,,,93
201000051211,10,11,12,1830,5,2,1,1.0,6.0,93048,M,,,93
201000051212,10,11,17,2040,5,2,1,2.0,6.0,93048,M,,,93
201000051213,10,11,18,1600,1,2,1,1.0,6.0,93048,M,,,93
201000051214,10,11,20,1230,1,2,4,1.0,6.0,93048,M,,,93
201000051215,10,11,22,1040,1,2,1,8.0,3.0,93048,M,,,93
201000051216,10,11,24,945,1,2,9,2.0,3.0,93048,M,,,93
201000051217,10,12,1,1000,1,2,1,8.0,6.0,93048,M,,,93
201000051218,10,12,3,1305,1,2,3,1.0,6.0,93048,M,,,93
201000051219,10,12,7,750,2,2,1,9.0,6.0,93048,M,,,93
201000051220,10,12,16,1807,5,2,1,2.0,6.0,93048,M,,,93
201000051221,10,12,17,1640,2,1,1,8.0,7.0,93048,M,,,93
201000051222,10,12,20,1720,5,2,2,8.0,3.0,93048,M,,,93
201000051223,10,12,22,930,1,2,2,1.0,3.0,93048,M,,,93
201000051224,10,12,22,1735,5,2,3,2.0,6.0,93048,M,,,93
201000051225,10,12,22,1815,5,2,1,3.0,2.0,93048,M,,,93
201000051226,10,12,27,2200,5,2,1,4.0,3.0,93048,M,,,93
201000051227,10,1,11,800,2,2,3,1.0,3.0,93050,M,4885780.0,252564.0,93
201000051228,10,1,17,1055,1,2,1,1.0,6.0,93050,M,4886020.0,254102.0,93
201000051229,10,1,20,1845,5,2,1,2.0,2.0,93050,M,4886820.0,252877.0,93
201000051230,10,1,22,1420,1,2,3,1.0,6.0,93050,M,4885670.0,253139.0,93
201000051231,10,1,29,1135,1,2,1,3.0,6.0,93050,M,4885890.0,252785.0,93
201000051232,10,2,27,2240,5,2,2,3.0,3.0,93050,M,4885500.0,253204.0,93
201000051233,10,3,5,325,5,2,1,1.0,6.0,93050,M,4886870.0,252862.0,93
201000051234,10,3,10,820,1,2,1,1.0,6.0,93050,M,4886560.0,253466.0,93
201000051235,10,3,16,1930,5,2,2,1.0,6.0,93050,M,4886780.0,253402.0,93
201000051236,10,3,23,855,1,2,3,1.0,6.0,93050,M,4885350.0,251643.0,93
201000051237,10,3,25,2115,5,2,1,1.0,2.0,93050,M,4885900.0,252003.0,93
201000051238,10,3,30,1825,1,2,1,1.0,2.0,93050,M,4885470.0,252258.0,93
201000051239,10,4,23,2010,1,2,1,1.0,6.0,93050,M,4887360.0,252990.0,93
201000051240,10,5,11,2245,5,2,3,2.0,7.0,93049,M,4885270.0,251323.0,93
201000051241,10,5,15,155,5,2,3,1.0,7.0,93050,M,4885950.0,253748.0,93
201000051242,10,5,17,1125,1,2,1,2.0,6.0,93050,M,4885570.0,252018.0,93
201000051243,10,5,18,1515,1,2,3,1.0,3.0,93050,M,4886530.0,252930.0,93
201000051244,10,5,21,1445,1,2,6,1.0,3.0,93050,M,4887120.0,253396.0,93
201000051245,10,6,9,955,1,2,1,2.0,2.0,93050,M,4886530.0,256077.0,93
201000051246,10,6,22,2045,1,2,1,1.0,6.0,93050,M,4885520.0,252557.0,93
201000051247,10,6,25,1440,1,2,1,1.0,2.0,93050,M,4885890.0,253590.0,93
201000051248,10,7,2,1145,1,2,1,7.0,6.0,93050,M,,,93
201000051249,10,7,5,1730,1,2,1,1.0,3.0,93050,M,,,93
201000051250,10,7,12,1545,1,2,2,1.0,3.0,93050,M,,,93
201000051251,10,7,19,1150,1,2,1,1.0,3.0,93050,M,,,93
201000051252,10,8,6,845,1,2,1,1.0,3.0,93049,M,,,93
201000051253,10,8,21,1920,1,2,1,1.0,6.0,93049,M,,,93
201000051254,10,8,25,1730,1,2,1,1.0,1.0,93050,M,,,93
201000051255,10,8,29,1620,1,2,1,8.0,6.0,93050,M,,,93
201000051256,10,9,7,2335,5,2,1,3.0,1.0,93050,M,,,93
201000051257,10,10,23,1150,1,2,1,2.0,2.0,93049,M,,,93
201000051258,10,10,25,1915,5,2,1,1.0,3.0,93050,M,,,93
201000051259,10,10,26,1835,1,2,1,1.0,6.0,93050,M,,,93
201000051260,10,10,28,2325,5,2,1,1.0,6.0,93050,M,,,93
201000051261,10,11,1,1750,4,2,3,1.0,6.0,93049,M,,,93
201000051262,10,9,13,1700,1,2,3,1.0,6.0,93050,M,,,93
201000051263,10,10,7,1045,1,2,1,1.0,6.0,93049,M,,,93
201000051264,10,10,31,1850,5,2,1,1.0,6.0,93050,M,,,93
201000051265,10,11,9,805,1,2,1,2.0,3.0,93049,M,,,93
201000051266,10,9,28,905,1,2,2,1.0,3.0,93049,M,,,93
201000051267,10,10,26,1411,1,2,1,1.0,2.0,93050,M,,,93
201000051268,10,9,27,1315,1,2,1,1.0,3.0,93049,M,,,93
201000051269,10,11,18,1745,5,2,3,1.0,3.0,93050,M,,,93
201000051270,10,9,24,1815,1,2,1,2.0,6.0,93050,M,,,93
201000051271,10,11,23,920,1,2,3,8.0,5.0,93050,M,,,93
201000051272,10,11,27,1340,1,2,1,1.0,1.0,93049,M,,,93
201000051273,10,9,17,1245,1,2,1,1.0,2.0,93050,M,,,93
201000051274,10,11,2,1340,1,2,1,2.0,1.0,93050,M,,,93
201000051275,10,11,10,1525,1,2,3,2.0,6.0,93050,M,,,93
201000051276,10,12,8,1305,1,2,1,4.0,6.0,93050,M,,,93
201000051277,10,12,14,1145,1,2,1,1.0,6.0,93050,M,,,93
201000051278,10,1,8,1235,1,2,5,4.0,3.0,93051,M,4884890.0,255800.0,93
201000051279,10,1,10,15,5,2,1,4.0,7.0,93051,M,4883690.0,255471.0,93
201000051280,10,1,17,515,2,2,6,2.0,6.0,93051,M,4884250.0,257347.0,93
201000051281,10,1,23,1607,1,2,1,1.0,6.0,93051,M,4884360.0,254827.0,93
201000051282,10,2,1,1420,1,2,1,1.0,2.0,93051,M,4883210.0,257163.0,93
201000051283,10,2,2,800,1,2,1,1.0,6.0,93051,M,4884690.0,255948.0,93
201000051284,10,2,7,330,5,2,2,2.0,7.0,93051,M,4884250.0,258051.0,93
201000051285,10,2,8,1715,1,2,2,2.0,3.0,93033,M,4885660.0,257522.0,93
201000051286,10,2,11,900,1,2,2,4.0,5.0,93051,M,4884620.0,253051.0,93
201000051287,10,2,16,1250,1,2,1,1.0,6.0,93051,M,4883730.0,257364.0,93
201000051288,10,3,1,855,1,2,6,1.0,3.0,93051,M,4883730.0,254701.0,93
201000051289,10,2,15,835,1,2,3,1.0,6.0,93051,M,4884510.0,254942.0,93
201000051290,10,3,15,1847,5,2,1,1.0,2.0,93051,M,4884130.0,256293.0,93
201000051291,10,3,21,30,5,2,1,2.0,3.0,93033,M,4886050.0,258027.0,93
201000051292,10,3,23,1550,1,2,1,1.0,6.0,93051,M,4882800.0,258259.0,93
201000051293,10,3,24,1705,1,2,2,1.0,3.0,93051,M,4885230.0,255449.0,93
201000051294,10,3,31,825,1,2,2,1.0,2.0,93051,M,4884190.0,256867.0,93
201000051295,10,4,13,1420,1,2,1,1.0,4.0,93051,M,4884590.0,254075.0,93
201000051296,10,4,19,1110,1,2,1,1.0,2.0,93051,M,4884810.0,253900.0,93
201000051297,10,4,29,1715,1,2,2,1.0,3.0,93051,M,4883030.0,258477.0,93
201000051298,10,5,10,1555,1,2,1,1.0,3.0,93051,M,4885060.0,253521.0,93
201000051299,10,5,12,1235,1,2,1,1.0,6.0,93051,M,4884330.0,254576.0,93
201000051300,10,5,17,820,1,2,1,1.0,6.0,93051,M,4883610.0,254744.0,93
201000051301,10,5,27,1715,1,2,2,2.0,3.0,93051,M,4885090.0,254502.0,93
201000051302,10,5,29,2225,5,2,2,2.0,5.0,93051,M,4883840.0,254573.0,93
201000051303,10,6,1,915,1,2,1,1.0,6.0,93033,M,4885940.0,258115.0,93
201000051304,10,6,4,810,1,2,6,1.0,2.0,93051,M,4883770.0,256171.0,93
201000051305,10,6,4,2235,5,2,3,1.0,7.0,93051,M,,,93
201000051306,10,6,5,1645,1,2,1,7.0,7.0,93051,M,4884970.0,252640.0,93
201000051307,10,6,10,2015,1,2,1,2.0,6.0,93051,M,4884790.0,255272.0,93
201000051308,10,6,17,1150,1,2,2,1.0,2.0,93051,M,4884810.0,253900.0,93
201000051309,10,6,25,1625,1,2,3,1.0,6.0,93051,M,4884200.0,254955.0,93
201000051310,10,7,2,830,1,2,2,1.0,1.0,93051,M,,,93
201000051311,10,7,5,1825,1,2,1,1.0,6.0,93051,M,,,93
201000051312,10,7,6,1945,1,2,2,1.0,3.0,93051,M,,,93
201000051313,10,7,13,2125,2,2,3,1.0,3.0,93051,M,,,93
201000051314,10,7,20,1240,1,2,3,1.0,6.0,93051,M,,,93
201000051315,10,7,28,1140,1,2,3,1.0,3.0,93033,M,,,93
201000051316,10,8,24,2350,5,2,1,1.0,3.0,93051,M,,,93
201000051317,10,8,31,1600,1,2,1,1.0,6.0,93051,M,,,93
201000051318,10,8,31,1935,2,2,3,1.0,3.0,93051,M,,,93
201000051319,10,9,12,150,5,2,1,1.0,6.0,93051,M,,,93
201000051320,10,9,16,1410,1,2,1,1.0,6.0,93051,M,,,93
201000051321,10,9,17,1150,1,2,1,1.0,3.0,93033,M,,,93
201000051322,10,9,21,1220,1,2,3,1.0,3.0,93051,M,,,93
201000051323,10,9,22,925,1,2,2,1.0,5.0,93051,M,,,93
201000051324,10,9,22,1750,1,2,3,1.0,3.0,93051,M,,,93
201000051325,10,9,24,735,1,2,2,1.0,2.0,93051,M,,,93
201000051326,10,10,20,1810,2,2,1,1.0,2.0,93051,M,,,93
201000051327,10,10,22,1700,1,2,1,1.0,2.0,93033,M,,,93
201000051328,10,10,23,1250,1,2,3,2.0,5.0,93051,M,,,93
201000051329,10,10,25,1100,1,2,5,1.0,3.0,93051,M,,,93
201000051330,10,10,26,1830,5,2,1,1.0,3.0,93051,M,,,93
201000051331,10,11,2,1840,2,2,1,1.0,2.0,93051,M,,,93
201000051332,10,11,4,1910,5,2,1,1.0,2.0,93051,M,,,93
201000051333,10,11,10,1705,5,2,3,2.0,7.0,93051,M,,,93
201000051334,10,11,15,1430,1,2,2,1.0,3.0,93051,M,,,93
201000051335,10,11,15,1905,5,2,1,2.0,5.0,93051,M,,,93
201000051336,10,11,21,1220,1,2,1,2.0,4.0,93051,M,,,93
201000051337,10,11,24,1830,2,2,1,2.0,2.0,93051,M,,,93
201000051338,10,11,28,1330,1,2,1,1.0,6.0,93033,M,,,93
201000051339,10,12,2,730,2,2,1,4.0,6.0,93051,M,,,93
201000051340,10,12,8,655,5,2,2,2.0,3.0,93051,M,,,93
201000051341,10,12,10,1220,1,2,2,4.0,4.0,93051,M,,,93
201000051342,10,12,12,745,2,2,1,1.0,3.0,93051,M,,,93
201000051343,10,12,17,1940,5,2,1,4.0,4.0,93051,M,,,93
201000051344,10,1,3,1900,5,2,1,1.0,6.0,93053,M,4889170.0,244499.0,93
201000051345,10,1,7,1650,1,2,1,1.0,6.0,93053,M,4889630.0,246069.0,93
201000051346,10,1,16,2055,5,2,3,2.0,5.0,93053,M,4889540.0,244345.0,93
201000051347,10,1,19,2230,4,2,5,1.0,3.0,93053,M,4888910.0,247128.0,93
201000051348,10,1,24,1350,1,2,2,8.0,1.0,93053,M,4889730.0,247062.0,93
201000051349,10,1,25,755,2,2,1,1.0,6.0,93053,M,4889410.0,244857.0,93
201000051350,10,1,30,625,5,2,3,4.0,3.0,93053,M,4888850.0,244634.0,93
201000051351,10,1,30,2115,5,2,1,1.0,7.0,93053,M,4888610.0,244546.0,93
201000051352,10,2,17,1420,1,2,1,2.0,3.0,93053,M,4889740.0,246947.0,93
201000051353,10,3,8,1335,1,2,4,1.0,1.0,93053,M,4888660.0,244823.0,93
201000051354,10,3,16,1850,1,2,1,1.0,6.0,93053,M,4888820.0,246089.0,93
201000051355,10,3,18,1825,1,2,1,1.0,4.0,93053,M,4888820.0,246462.0,93
201000051356,10,3,29,1325,1,2,1,1.0,6.0,93053,M,4888980.0,246175.0,93
201000051357,10,3,29,1700,1,2,1,8.0,3.0,93053,M,4889470.0,244628.0,93
201000051358,10,4,9,2300,5,2,2,1.0,3.0,93053,M,4889270.0,247081.0,93
201000051359,10,4,10,1125,1,2,2,1.0,2.0,93053,M,4889730.0,247062.0,93
201000051360,10,4,14,2035,4,2,1,1.0,3.0,93053,M,4888920.0,247126.0,93
201000051361,10,4,30,215,5,2,2,1.0,3.0,93053,M,4888670.0,247191.0,93
201000051362,10,4,30,2000,2,2,1,1.0,3.0,93053,M,4890180.0,245911.0,93
201000051363,10,5,12,1820,1,2,1,1.0,4.0,93053,M,4889750.0,247065.0,93
201000051364,10,5,12,2140,5,2,1,1.0,5.0,93053,M,4891260.0,243677.0,93
201000051365,10,5,13,1920,1,2,3,1.0,3.0,93053,M,4889400.0,246946.0,93
201000051366,10,5,21,900,1,2,2,1.0,3.0,93053,M,4889220.0,245430.0,93
201000051367,10,5,22,1850,1,2,1,1.0,1.0,93053,M,4888760.0,247076.0,93
201000051368,10,5,25,1130,1,2,4,1.0,6.0,93053,M,4889330.0,247070.0,93
201000051369,10,6,15,2200,2,2,2,1.0,3.0,93053,M,4890040.0,246542.0,93
201000051370,10,6,25,1020,1,2,1,1.0,6.0,93053,M,4890100.0,245567.0,93
201000051371,10,6,30,1855,1,2,1,1.0,6.0,93053,M,4890390.0,247042.0,93
201000051372,10,7,1,1800,1,2,1,1.0,4.0,93053,M,,,93
201000051373,10,7,7,1135,1,2,1,1.0,3.0,93053,M,,,93
201000051374,10,7,20,1555,1,2,9,1.0,3.0,93053,M,,,93
201000051375,10,8,2,1820,1,2,7,2.0,2.0,93053,M,,,93
201000051376,10,8,15,1720,1,2,1,2.0,3.0,93053,M,,,93
201000051377,10,8,15,2055,5,2,2,2.0,6.0,93053,M,,,93
201000051378,10,8,18,1800,1,2,1,1.0,6.0,93053,M,,,93
201000051379,10,8,22,1850,1,2,1,8.0,7.0,93053,M,,,93
201000051380,10,8,25,1805,1,2,1,1.0,4.0,93053,M,,,93
201000051381,10,8,29,1335,1,2,1,1.0,2.0,93053,M,,,93
201000051382,10,9,6,1435,1,2,1,8.0,6.0,93053,M,,,93
201000051383,10,9,18,2120,5,2,1,1.0,2.0,93053,M,,,93
201000051384,10,9,20,2005,5,2,1,1.0,6.0,93053,M,,,93
201000051385,10,9,30,850,1,2,1,2.0,3.0,93053,M,,,93
201000051386,10,10,13,1530,1,2,2,1.0,6.0,93053,M,,,93
201000051387,10,10,18,1830,5,2,1,1.0,6.0,93053,M,,,93
201000051388,10,10,19,1320,1,2,2,1.0,6.0,93053,M,,,93
201000051389,10,10,23,2025,5,2,3,9.0,3.0,93053,M,,,93
201000051390,10,10,25,2020,5,2,2,1.0,3.0,93053,M,,,93
201000051391,10,10,27,1520,1,2,1,1.0,6.0,93053,M,,,93
201000051392,10,11,10,2245,5,2,6,1.0,3.0,93053,M,,,93
201000051393,10,11,11,1945,3,2,1,2.0,6.0,93053,M,,,93
201000051394,10,11,12,1250,1,2,1,2.0,6.0,93053,M,,,93
201000051395,10,11,14,2220,5,2,1,1.0,2.0,93053,M,,,93
201000051396,10,11,17,1700,2,2,3,1.0,6.0,93053,M,,,93
201000051397,10,11,23,1615,1,2,1,2.0,3.0,93053,M,,,93
201000051398,10,12,2,1735,5,2,3,1.0,3.0,93053,M,,,93
201000051399,10,12,3,1720,4,2,1,1.0,6.0,93053,M,,,93
201000051400,10,12,5,1945,5,2,2,2.0,1.0,93053,M,,,93
201000051401,10,12,24,620,5,2,1,4.0,2.0,93053,M,,,93
201000051402,10,12,25,1730,1,2,1,9.0,3.0,93053,M,,,93
201000051403,10,1,5,1222,1,2,6,1.0,2.0,93055,M,4889550.0,242581.0,93
201000051404,10,1,6,2200,4,2,3,1.0,3.0,93055,M,4889420.0,241793.0,93
201000051405,10,1,7,1000,1,2,1,4.0,6.0,93055,M,4890650.0,239515.0,93
201000051406,10,1,11,1820,5,2,1,9.0,2.0,93055,M,4891400.0,241058.0,93