Num_Acc,an,mois,jour,hrmn,lum,agg,int,atm,col,com,gps,lat,long,dep
201000051407,10,1,13,1130,1,2,3,8.0,2.0,93055,M,4891360.0,240788.0,93
201000051408,10,1,18,1100,1,2,1,1.0,4.0,93055,M,4889190.0,240629.0,93
201000051409,10,1,22,1640,1,2,1,1.0,6.0,93055,M,4889300.0,241208.0,93
201000051410,10,1,30,2250,5,2,6,1.0,1.0,93055,M,4889550.0,242618.0,93
201000051411,10,1,31,625,5,2,1,1.0,6.0,93055,M,4891090.0,241367.0,93
201000051412,10,1,31,1430,1,2,3,1.0,3.0,93055,M,4889190.0,240638.0,93
201000051413,10,2,1,1315,1,2,1,1.0,6.0,93055,M,,,93
201000051414,10,2,2,1145,1,2,1,2.0,2.0,93055,M,4889270.0,241009.0,93
201000051415,10,2,4,1230,1,2,1,1.0,2.0,93055,M,4889490.0,242183.0,93
201000051416,10,2,10,1800,5,2,9,4.0,1.0,93055,M,4889870.0,240747.0,93
201000051417,10,3,12,1445,1,2,1,1.0,3.0,93055,M,4889420.0,241793.0,93
201000051418,10,3,16,1540,1,2,1,1.0,3.0,93055,M,4889430.0,241862.0,93
201000051419,10,3,27,1030,1,2,1,8.0,6.0,93055,M,4890270.0,239296.0,93
201000051420,10,4,12,1600,1,2,1,1.0,6.0,93055,M,4889130.0,240245.0,93
201000051421,10,4,12,1700,1,2,1,1.0,1.0,93055,M,4889410.0,239871.0,93
201000051422,10,4,21,1705,1,2,1,1.0,7.0,93055,M,4891410.0,241172.0,93
201000051423,10,4,22,1529,1,2,1,1.0,6.0,93055,M,4889890.0,240784.0,93
201000051424,10,4,23,1200,1,2,1,1.0,6.0,93055,M,4889090.0,240107.0,93
201000051425,10,4,27,1520,1,2,1,1.0,6.0,93055,M,4889440.0,241909.0,93
201000051426,10,5,14,1950,1,2,1,8.0,4.0,93055,M,4889370.0,241537.0,93
201000051427,10,5,21,950,1,2,1,1.0,3.0,93055,M,4889330.0,242424.0,93
201000051428,10,5,21,1945,1,2,1,1.0,3.0,93055,M,4889050.0,239953.0,93
201000051429,10,5,22,1930,1,2,1,1.0,6.0,93055,M,4891140.0,240042.0,93
201000051430,10,5,24,1115,1,2,1,1.0,6.0,93055,M,4889020.0,241625.0,93
201000051431,10,5,24,2050,2,2,1,1.0,6.0,93055,M,4890760.0,239629.0,93
201000051432,10,5,25,1445,1,2,1,1.0,3.0,93055,M,4891790.0,240754.0,93
201000051433,10,5,27,1415,1,2,2,2.0,3.0,93055,M,4889340.0,242212.0,93
201000051434,10,6,2,1440,1,2,1,1.0,1.0,93055,M,4889560.0,240084.0,93
201000051435,10,6,4,1210,1,2,3,7.0,2.0,93055,M,4889400.0,241714.0,93
201000051436,10,6,5,1550,1,2,3,1.0,2.0,93055,M,4891000.0,241343.0,93
201000051437,10,6,21,1415,1,2,1,1.0,1.0,93055,M,4888510.0,241094.0,93
201000051438,10,6,21,1425,1,2,1,1.0,7.0,93055,M,4888280.0,241426.0,93
201000051439,10,6,29,810,1,2,1,1.0,2.0,93055,M,4889760.0,239923.0,93
201000051440,10,7,1,1015,1,2,1,1.0,3.0,93055,M,,,93
201000051441,10,7,2,1900,1,2,1,1.0,3.0,93055,M,,,93
201000051442,10,7,4,1945,1,2,1,1.0,2.0,93055,M,,,93
201000051443,10,7,7,1310,1,2,1,1.0,1.0,93055,M,,,93
201000051444,10,6,24,2325,5,2,1,1.0,6.0,93055,M,4888980.0,240288.0,93
201000051445,10,7,9,2215,2,2,1,1.0,6.0,93055,M,,,93
201000051446,10,7,11,1900,1,2,1,1.0,6.0,93055,M,,,93
201000051447,10,7,15,1830,1,2,1,1.0,6.0,93055,M,,,93
201000051448,10,7,19,1150,1,2,1,1.0,6.0,93055,M,,,93
201000051449,10,7,22,2028,1,2,1,1.0,6.0,93055,M,,,93
201000051450,10,7,31,1210,1,2,1,1.0,7.0,93055,M,,,93
201000051451,10,7,31,1500,1,2,1,1.0,3.0,93055,M,,,93
201000051452,10,8,3,2145,4,2,1,1.0,6.0,93055,M,,,93
201000051453,10,8,5,1600,1,2,1,1.0,2.0,93055,M,,,93
201000051454,10,8,16,250,5,2,1,2.0,6.0,93055,M,,,93
201000051455,10,8,16,1700,1,2,9,2.0,6.0,93055,M,,,93
201000051456,10,8,29,1945,1,2,1,1.0,3.0,93055,M,,,93
201000051457,10,9,2,1800,1,2,1,1.0,2.0,93055,M,,,93
201000051458,10,9,3,1925,1,2,1,1.0,3.0,93055,M,,,93
201000051459,10,9,8,1715,1,2,3,3.0,1.0,93055,M,,,93
201000051460,10,9,7,2300,5,2,3,2.0,7.0,93055,M,,,93
201000051461,10,9,11,1620,1,2,1,1.0,6.0,93055,M,,,93
201000051462,10,9,15,950,1,2,1,2.0,3.0,93055,M,,,93
201000051463,10,9,17,1600,1,2,1,8.0,6.0,93055,M,,,93
201000051464,10,9,17,2050,5,2,1,1.0,3.0,93055,M,,,93
201000051465,10,9,19,2015,5,2,1,1.0,1.0,93055,M,,,93
201000051466,10,9,24,1408,1,2,1,1.0,4.0,93055,M,,,93
201000051467,10,9,24,1555,1,2,1,2.0,3.0,93055,M,,,93
201000051468,10,9,25,1245,1,2,1,1.0,3.0,93055,M,,,93
201000051469,10,9,26,2340,5,2,1,3.0,6.0,93055,M,,,93
201000051470,10,9,28,50,5,2,1,1.0,6.0,93055,M,,,93
201000051471,10,10,27,2310,5,2,1,1.0,6.0,93055,M,,,93
201000051472,10,10,31,530,5,2,1,2.0,3.0,93055,M,,,93
201000051473,10,11,14,605,3,2,1,3.0,6.0,93055,M,,,93
201000051474,10,11,16,1355,1,2,1,1.0,6.0,93055,M,,,93
201000051475,10,11,22,2320,5,2,1,1.0,3.0,93055,M,,,93
201000051476,10,11,24,635,5,2,3,3.0,6.0,93055,M,,,93
201000051477,10,11,27,805,2,2,1,1.0,4.0,93055,M,,,93
201000051478,10,11,27,1050,1,2,1,1.0,3.0,93055,M,,,93
201000051479,10,11,29,1020,1,2,1,8.0,6.0,93055,M,,,93
201000051480,10,11,30,955,1,2,3,1.0,3.0,93055,M,,,93
201000051481,10,12,1,655,3,2,3,1.0,3.0,93055,M,,,93
201000051482,10,12,7,2145,5,2,3,2.0,3.0,93055,M,,,93
201000051483,10,12,11,855,1,2,1,1.0,6.0,93055,M,,,93
201000051484,10,12,17,1820,5,2,1,4.0,6.0,93055,M,,,93
201000051485,10,12,21,1920,5,2,1,5.0,2.0,93055,M,,,93
201000051486,10,12,31,2010,5,2,1,1.0,6.0,93055,M,,,93
201000051487,10,10,12,1800,1,2,3,1.0,3.0,93047,M,,,93
201000051488,10,1,4,1235,1,2,7,1.0,6.0,93062,M,4889020.0,251192.0,93
201000051489,10,11,15,1720,1,2,1,1.0,2.0,93014,M,,,93
201000051490,10,1,16,1200,1,2,1,2.0,3.0,93014,M,4890970.0,255308.0,93
201000051491,10,1,19,905,1,2,6,2.0,6.0,93062,M,4889020.0,251192.0,93
201000051492,10,1,19,2010,5,2,1,1.0,1.0,93062,M,4889020.0,251293.0,93
201000051493,10,1,30,1615,1,2,3,1.0,6.0,93014,M,4890800.0,253190.0,93
201000051494,10,2,3,1440,1,2,1,9.0,3.0,93014,M,4890800.0,255013.0,93
201000051495,10,2,12,1040,1,2,6,1.0,6.0,93062,M,4889070.0,251209.0,93
201000051496,10,2,12,1140,1,2,1,1.0,6.0,93014,M,4890840.0,253978.0,93
201000051497,10,2,13,1300,1,2,1,4.0,6.0,93014,M,4889920.0,254667.0,93
201000051498,10,2,23,1230,1,2,1,2.0,6.0,93014,M,4890110.0,253501.0,93
201000051499,10,3,10,1300,1,2,1,1.0,2.0,93014,M,4890820.0,253391.0,93
201000051500,10,3,11,2230,5,2,1,1.0,6.0,93062,M,4889670.0,251182.0,93
201000051501,10,3,15,840,1,2,2,1.0,3.0,93062,M,4889720.0,252964.0,93
201000051502,10,3,24,1320,1,2,1,1.0,6.0,93014,M,4889930.0,254651.0,93
201000051503,10,4,1,1525,1,2,1,1.0,6.0,93062,M,4889880.0,251889.0,93
201000051504,10,4,2,1200,1,2,1,1.0,6.0,93014,M,4890970.0,255232.0,93
201000051505,10,4,2,1915,1,2,2,2.0,3.0,93062,M,4889960.0,252350.0,93
201000051506,10,4,7,1430,1,2,1,1.0,6.0,93062,M,4889270.0,251273.0,93
201000051507,10,4,16,1945,2,2,1,1.0,6.0,93014,M,4890870.0,254535.0,93
201000051508,10,4,27,1610,1,2,1,1.0,6.0,93062,M,4889500.0,251364.0,93
201000051509,10,5,1,1730,1,2,1,1.0,3.0,93014,M,4890840.0,253973.0,93
201000051510,10,5,4,1600,1,2,1,1.0,6.0,93014,M,4889910.0,254652.0,93
201000051511,10,5,5,2035,1,2,1,1.0,7.0,93014,M,4890950.0,254545.0,93
201000051512,10,5,9,900,1,2,1,1.0,2.0,93014,M,4890560.0,253962.0,93
201000051513,10,5,9,1915,1,2,1,1.0,6.0,93062,M,4890140.0,251241.0,93
201000051514,10,5,14,1400,1,2,3,1.0,3.0,93062,M,4890030.0,251500.0,93
201000051515,10,5,14,1550,1,2,2,1.0,6.0,93014,M,4890670.0,254338.0,93
201000051516,10,5,20,1950,1,2,3,1.0,1.0,93062,M,4890230.0,252017.0,93
201000051517,10,5,21,1130,1,2,2,1.0,6.0,93014,M,4891310.0,254827.0,93
201000051518,10,5,22,1650,1,2,3,1.0,3.0,93062,M,4889680.0,252418.0,93
201000051519,10,5,24,2050,1,2,1,1.0,6.0,93014,M,4890730.0,254178.0,93
201000051520,10,6,1,1635,1,2,6,2.0,7.0,93062,M,4889070.0,251209.0,93
201000051521,10,6,3,905,1,2,6,1.0,6.0,93062,M,4889570.0,252639.0,93
201000051522,10,6,9,1640,1,2,1,3.0,7.0,93062,M,4889600.0,252760.0,93
201000051523,10,6,18,45,5,2,2,1.0,3.0,93062,M,4889670.0,253017.0,93
201000051524,10,6,22,1655,1,2,1,1.0,3.0,93014,M,4891200.0,255206.0,93
201000051525,10,6,24,2045,2,2,1,1.0,6.0,93014,M,4890430.0,252766.0,93
201000051526,10,6,30,1710,1,2,1,1.0,6.0,93014,M,4890360.0,254398.0,93
201000051527,10,7,3,1248,1,2,1,2.0,6.0,93062,M,,,93
201000051528,10,7,3,1630,1,2,1,1.0,6.0,93014,M,,,93
201000051529,10,7,6,1745,1,2,1,1.0,1.0,93014,M,,,93
201000051530,10,7,7,1355,1,1,6,1.0,6.0,93062,M,,,93
201000051531,10,7,25,2030,1,2,2,1.0,6.0,93062,M,,,93
201000051532,10,8,3,2000,1,2,3,1.0,3.0,93014,M,,,93
201000051533,10,8,8,2220,5,2,1,1.0,7.0,93014,M,,,93
201000051534,10,8,14,1800,1,2,1,1.0,3.0,93062,M,,,93
201000051535,10,8,20,2000,1,2,1,1.0,7.0,93014,M,,,93
201000051536,10,9,3,1059,1,2,3,1.0,3.0,93014,M,,,93
201000051537,10,9,8,2030,5,2,2,2.0,4.0,93062,M,,,93
201000051538,10,9,13,1910,1,2,3,1.0,3.0,93062,M,,,93
201000051539,10,9,17,735,1,2,3,1.0,6.0,93014,M,,,93
201000051540,10,9,22,1830,1,2,3,1.0,6.0,93014,M,,,93
201000051541,10,10,6,1624,1,2,1,8.0,1.0,93062,M,,,93
201000051542,10,10,10,1600,1,2,2,1.0,1.0,93077,M,,,93
201000051543,10,10,11,1340,1,2,1,1.0,6.0,93014,M,,,93
201000051544,10,10,11,920,1,2,1,1.0,5.0,93077,M,,,93
201000051545,10,10,14,1330,1,2,5,1.0,6.0,93077,M,,,93
201000051546,10,10,9,1840,1,2,3,1.0,3.0,93014,M,,,93
201000051547,10,10,23,1040,1,2,3,8.0,5.0,93047,M,,,93
201000051548,10,10,15,1410,1,2,3,8.0,6.0,93077,M,,,93
201000051549,10,10,25,2013,5,2,2,1.0,3.0,93047,M,,,93
201000051550,10,10,18,1540,1,2,3,1.0,3.0,93062,M,,,93
201000051551,10,10,29,804,1,2,3,1.0,3.0,93047,M,,,93
201000051552,10,10,19,1144,1,2,1,2.0,6.0,93062,M,,,93
201000051553,10,10,30,2340,5,2,9,1.0,1.0,93047,M,,,93
201000051554,10,10,22,1242,1,2,2,1.0,6.0,93062,M,,,93
201000051555,10,10,23,1320,1,2,3,2.0,3.0,93077,M,,,93
201000051556,10,10,26,1549,1,2,5,1.0,3.0,93062,M,,,93
201000051557,10,11,2,845,1,2,2,1.0,3.0,93047,M,,,93
201000051558,10,10,27,1910,5,2,2,1.0,3.0,93062,M,,,93
201000051559,10,11,5,755,1,2,3,1.0,3.0,93047,M,,,93
201000051560,10,11,7,1325,1,2,2,3.0,3.0,93047,M,,,93
201000051561,10,11,2,1918,5,2,3,2.0,3.0,93077,M,,,93
201000051562,10,11,13,2215,5,2,2,6.0,6.0,93014,M,,,93
201000051563,10,11,13,1410,1,2,1,2.0,6.0,93014,M,,,93
201000051564,10,11,5,925,1,2,3,1.0,3.0,93062,M,,,93
201000051565,10,11,19,1710,5,2,2,8.0,1.0,93014,M,,,93
201000051566,10,11,5,1455,1,2,1,1.0,7.0,93077,M,,,93
201000051567,10,11,8,1630,1,2,6,2.0,6.0,93062,M,,,93
201000051568,10,11,15,1030,1,2,1,1.0,6.0,93077,M,,,93
201000051569,10,12,3,1600,1,2,1,8.0,5.0,93047,M,,,93
201000051570,10,11,16,1720,5,2,1,1.0,2.0,93062,M,,,93
201000051571,10,12,9,2340,5,2,1,4.0,6.0,93014,M,,,93
201000051572,10,11,18,1845,5,2,1,2.0,5.0,93077,M,,,93
201000051573,10,12,13,955,1,2,1,7.0,6.0,93047,M,,,93
201000051574,10,11,23,820,1,2,5,1.0,6.0,93077,M,,,93
201000051575,10,12,26,430,5,2,1,4.0,6.0,93014,M,,,93
201000051576,10,11,24,1720,2,2,1,1.0,7.0,93062,M,,,93
201000051577,10,12,1,1722,5,2,1,4.0,2.0,93077,M,,,93
201000051578,10,12,2,1335,1,2,1,4.0,6.0,93062,M,,,93
201000051579,10,12,17,850,1,2,1,4.0,5.0,93062,M,,,93
201000051580,10,12,17,1155,1,2,1,1.0,7.0,93062,M,,,93
201000051581,10,1,8,1320,1,2,1,1.0,1.0,93064,M,4888400.0,247437.0,93
201000051582,10,1,3,1820,1,2,2,1.0,6.0,93077,M,4888670.0,250893.0,93
201000051583,10,1,18,745,1,2,3,1.0,4.0,93077,M,4887630.0,252549.0,93
201000051584,10,1,20,1240,1,2,1,1.0,3.0,93064,M,4886530.0,249022.0,93
201000051585,10,1,21,1020,1,2,2,1.0,3.0,93077,M,4888290.0,249552.0,93
201000051586,10,1,31,454,2,2,1,1.0,6.0,93064,M,4888400.0,247436.0,93
201000051587,10,1,31,30,5,2,1,1.0,4.0,93064,M,4888570.0,247724.0,93
201000051588,10,2,13,1110,1,2,3,1.0,3.0,93064,M,4888290.0,249552.0,93
201000051589,10,2,22,2245,5,2,3,1.0,3.0,93077,M,4887770.0,252225.0,93
201000051590,10,2,28,1855,1,2,2,1.0,3.0,93064,M,4888100.0,249136.0,93
201000051591,10,3,15,910,1,2,1,1.0,6.0,93064,M,4886800.0,248621.0,93
201000051592,10,3,5,1915,5,2,1,1.0,2.0,93077,M,4888430.0,250097.0,93
201000051593,10,3,2,1030,1,2,2,1.0,3.0,93064,M,4887230.0,247612.0,93
201000051594,10,3,19,2045,5,2,2,1.0,3.0,93077,M,4888120.0,249516.0,93
201000051595,10,3,19,2020,1,2,1,1.0,6.0,93077,M,4888230.0,250927.0,93
201000051596,10,3,31,1620,1,2,1,1.0,6.0,93064,M,4886680.0,248679.0,93
201000051597,10,4,13,935,1,2,1,1.0,7.0,93077,M,4887560.0,252588.0,93
201000051598,10,4,2,800,1,2,3,1.0,6.0,93064,M,4886420.0,249821.0,93
201000051599,10,4,9,845,1,2,3,1.0,6.0,93064,M,4886550.0,248988.0,93
201000051600,10,4,9,1320,1,2,2,1.0,2.0,93064,M,4886780.0,249269.0,93
201000051601,10,4,12,1800,1,2,2,1.0,3.0,93077,M,4889360.0,250226.0,93
201000051602,10,4,16,1945,5,2,1,1.0,6.0,93064,M,4888540.0,247838.0,93
201000051603,10,4,1,1615,1,2,2,1.0,6.0,93077,M,4888630.0,249102.0,93
201000051604,10,4,20,1230,1,2,1,1.0,6.0,93077,M,4888400.0,251062.0,93
201000051605,10,4,20,1225,1,2,5,1.0,6.0,93077,M,4888260.0,252495.0,93
201000051606,10,4,21,1920,5,2,1,1.0,3.0,93064,M,4888240.0,247582.0,93
201000051607,10,4,23,1510,1,2,2,1.0,6.0,93077,M,4888850.0,250075.0,93
201000051608,10,4,30,1720,1,2,1,1.0,6.0,93064,M,4887980.0,248541.0,93
201000051609,10,5,14,200,5,2,3,1.0,3.0,93064,M,4888310.0,249158.0,93
201000051610,10,5,14,1250,1,2,1,1.0,6.0,93064,M,4888410.0,247939.0,93
201000051611,10,5,15,1810,1,2,1,1.0,3.0,93064,M,4887940.0,247465.0,93
201000051612,10,5,19,1220,1,2,1,1.0,1.0,93077,M,4888230.0,252356.0,93
201000051613,10,5,22,2000,5,2,1,1.0,7.0,93064,M,4887720.0,247925.0,93
201000051614,10,5,24,1440,1,2,2,1.0,1.0,93064,M,4887320.0,248055.0,93
201000051615,10,5,27,1015,1,2,1,1.0,3.0,93077,M,4888890.0,251105.0,93
201000051616,10,6,3,815,1,2,1,1.0,1.0,93077,M,4888280.0,251506.0,93
201000051617,10,6,6,935,1,2,1,1.0,3.0,93077,M,4888430.0,250882.0,93
201000051618,10,6,9,940,1,2,3,1.0,3.0,93077,M,4887820.0,251782.0,93
201000051619,10,6,13,1945,2,2,1,1.0,6.0,93077,M,4888920.0,251105.0,93
201000051620,10,6,16,2000,5,2,3,1.0,1.0,93064,M,4886860.0,248607.0,93
201000051621,10,7,5,1210,1,2,2,1.0,6.0,93077,M,,,93
201000051622,10,7,9,700,1,2,1,1.0,2.0,93077,M,,,93
201000051623,10,6,11,1800,1,2,1,1.0,7.0,93064,M,4887290.0,249824.0,93
201000051624,10,7,14,1925,5,2,2,1.0,6.0,93064,M,,,93
201000051625,10,7,13,1810,3,2,1,1.0,6.0,93077,M,,,93
201000051626,10,7,25,1700,1,2,2,1.0,6.0,93077,M,,,93
201000051627,10,7,28,1100,1,2,1,1.0,6.0,93077,M,,,93
201000051628,10,7,29,1750,1,1,1,1.0,2.0,93064,M,,,93
201000051629,10,8,1,2325,5,2,1,1.0,6.0,93064,M,,,93
201000051630,10,8,1,1205,1,2,1,1.0,6.0,93077,M,,,93
201000051631,10,8,2,100,5,2,3,1.0,6.0,93077,M,,,93
201000051632,10,8,6,1630,1,2,3,1.0,3.0,93064,M,,,93
201000051633,10,8,6,1440,1,2,1,1.0,2.0,93064,M,,,93
201000051634,10,8,7,1520,1,2,2,1.0,3.0,93064,M,,,93
201000051635,10,8,26,800,2,2,2,1.0,6.0,93077,M,,,93
201000051636,10,8,30,1310,1,2,2,1.0,6.0,93077,M,,,93
201000051637,10,8,31,1850,1,2,1,1.0,6.0,93064,M,,,93
201000051638,10,8,31,900,1,2,1,1.0,6.0,93077,M,,,93
201000051639,10,9,3,1245,1,2,2,1.0,6.0,93077,M,,,93
201000051640,10,9,1,1735,1,2,1,1.0,6.0,93064,M,,,93
201000051641,10,9,12,1930,2,2,2,1.0,6.0,93077,M,,,93
201000051642,10,9,14,1110,1,2,2,1.0,6.0,93064,M,,,93
201000051643,10,9,17,1845,2,2,1,1.0,3.0,93064,M,,,93
201000051644,10,9,18,1755,1,2,1,1.0,6.0,93064,M,,,93
201000051645,10,9,18,1935,5,2,1,1.0,6.0,93064,M,,,93
201000051646,10,9,19,1215,1,1,1,1.0,6.0,93077,M,,,93
201000051647,10,9,21,1030,1,2,2,1.0,6.0,93064,M,,,93
201000051648,10,9,24,1625,1,2,1,1.0,6.0,93077,M,,,93
201000051649,10,9,24,1800,2,2,2,1.0,6.0,93064,M,,,93
201000051650,10,9,26,205,5,1,1,1.0,6.0,93077,M,,,93
201000051651,10,10,11,1400,1,1,1,1.0,6.0,93064,M,,,93
201000051652,10,11,14,1825,1,2,1,1.0,6.0,93064,M,,,93
201000051653,10,11,27,1850,2,2,1,1.0,6.0,93064,M,,,93
201000051654,10,11,28,1735,1,2,2,1.0,6.0,93064,M,,,93
201000051655,10,11,29,900,1,1,1,1.0,5.0,93064,M,,,93
201000051656,10,12,10,1030,1,2,1,4.0,6.0,93064,M,,,93
201000051657,10,12,16,1305,1,2,1,1.0,6.0,93064,M,,,93
201000051658,10,1,3,1300,1,2,2,8.0,3.0,93039,M,4893570.0,233855.0,93
201000051659,10,1,3,1630,1,2,1,1.0,6.0,93066,M,4892260.0,236280.0,93
201000051660,10,1,4,1320,1,2,5,1.0,2.0,93066,M,4894480.0,236077.0,93
201000051661,10,1,4,1650,2,2,4,1.0,2.0,93066,M,4892540.0,235062.0,93
201000051662,10,1,13,1830,5,2,1,8.0,6.0,93066,M,4894590.0,236605.0,93
201000051663,10,1,14,935,1,2,1,1.0,6.0,93066,M,4894460.0,236109.0,93
201000051664,10,1,14,2200,5,1,1,1.0,1.0,93066,M,4891920.0,234648.0,93
201000051665,10,1,16,100,5,2,1,1.0,7.0,93066,M,4894100.0,238572.0,93
201000051666,10,1,17,1600,1,2,2,1.0,6.0,93066,M,4894130.0,238740.0,93
201000051667,10,1,19,1820,5,2,1,1.0,6.0,93066,M,4891540.0,236721.0,93
201000051668,10,1,20,1320,1,2,1,2.0,2.0,93066,M,4894440.0,234208.0,93
201000051669,10,1,23,1940,5,2,1,2.0,6.0,93066,M,4893610.0,235001.0,93
201000051670,10,1,23,1905,2,2,3,2.0,3.0,93066,M,4891530.0,235291.0,93
201000051671,10,1,25,1140,1,2,1,1.0,6.0,93066,M,4894530.0,235122.0,93
201000051672,10,1,25,1510,1,2,1,1.0,7.0,93066,M,4892810.0,235357.0,93
201000051673,10,1,29,1630,1,2,1,2.0,1.0,93039,M,4894690.0,232612.0,93
201000051674,10,1,30,2005,5,2,3,1.0,3.0,93066,M,4893310.0,234215.0,93
201000051675,10,1,31,415,5,2,1,1.0,6.0,93066,M,4893680.0,234557.0,93
201000051676,10,2,1,1545,1,2,1,1.0,6.0,93066,M,4893690.0,235982.0,93
201000051677,10,2,4,820,1,2,2,1.0,1.0,93066,M,4894540.0,236380.0,93
201000051678,10,2,4,1430,1,2,2,1.0,6.0,93066,M,4893860.0,235523.0,93
201000051679,10,2,9,1030,1,2,1,2.0,1.0,93066,M,4893660.0,234563.0,93
201000051680,10,2,9,1320,1,2,3,1.0,3.0,93066,M,4894580.0,235933.0,93
201000051681,10,2,10,330,5,2,1,1.0,3.0,93066,M,4892390.0,234834.0,93
201000051682,10,2,10,1140,1,2,4,4.0,5.0,93066,M,4890400.0,235897.0,93
201000051683,10,2,12,940,1,2,1,1.0,2.0,93066,M,4894010.0,236511.0,93
201000051684,10,2,12,1615,1,2,5,1.0,3.0,93066,M,4893720.0,237196.0,93
201000051685,10,2,16,1000,1,2,1,1.0,2.0,93066,M,4893710.0,237194.0,93
201000051686,10,2,16,1710,1,2,3,1.0,3.0,93066,M,4891760.0,234069.0,93
201000051687,10,2,19,1330,1,2,1,1.0,3.0,93066,M,4891860.0,236177.0,93
201000051688,10,2,20,1510,1,2,1,1.0,6.0,93066,M,4892790.0,237074.0,93
201000051689,10,2,20,1550,1,2,1,1.0,6.0,93066,M,4892790.0,236341.0,93
201000051690,10,2,22,1900,5,2,2,1.0,6.0,93066,M,4891970.0,236165.0,93
201000051691,10,2,23,1550,1,2,1,1.0,7.0,93066,M,4891540.0,235600.0,93
201000051692,10,2,26,530,5,2,3,2.0,7.0,93066,M,4894010.0,236806.0,93
201000051693,10,3,1,1630,1,2,2,1.0,6.0,93039,M,4893570.0,233855.0,93
201000051694,10,3,2,1105,1,2,1,1.0,2.0,93039,M,4892010.0,232678.0,93
201000051695,10,3,4,1,5,2,1,1.0,7.0,93066,M,4890840.0,235795.0,93
201000051696,10,3,4,1420,1,2,5,1.0,1.0,93066,M,4892600.0,235617.0,93
201000051697,10,3,6,1500,1,2,1,1.0,4.0,93066,M,4893680.0,234557.0,93
201000051698,10,3,10,1015,1,2,1,1.0,3.0,93066,M,4892580.0,235384.0,93
201000051699,10,3,10,1315,1,2,2,1.0,3.0,93066,M,4894520.0,237207.0,93
201000051700,10,3,10,2150,5,2,1,1.0,3.0,93066,M,4893200.0,237682.0,93
201000051701,10,3,11,1835,1,2,1,1.0,6.0,93066,M,4890510.0,235890.0,93
201000051702,10,3,10,1220,1,2,1,1.0,3.0,93066,M,4894600.0,236674.0,93
201000051703,10,3,16,1055,1,2,2,1.0,7.0,93066,M,4893060.0,236517.0,93
201000051704,10,3,17,1015,1,2,1,1.0,2.0,93066,M,4893050.0,235505.0,93
201000051705,10,3,17,1330,1,2,1,1.0,3.0,93066,M,4894200.0,234155.0,93
201000051706,10,3,18,900,1,2,1,1.0,3.0,93066,M,4890890.0,235858.0,93
201000051707,10,3,19,1900,5,2,1,2.0,3.0,93066,M,4893090.0,234144.0,93
201000051708,10,3,19,2335,5,2,1,2.0,7.0,93066,M,4891930.0,234651.0,93
201000051709,10,3,20,1420,1,2,6,1.0,6.0,93001,M,4890180.0,237027.0,93
201000051710,10,3,20,2330,5,2,1,3.0,2.0,93066,M,4894470.0,234189.0,93
201000051711,10,3,22,1730,1,2,3,1.0,3.0,93066,M,4891260.0,236286.0,93
201000051712,10,3,24,1355,1,2,1,1.0,3.0,93066,M,4893050.0,235644.0,93
201000051713,10,3,25,1915,5,2,1,1.0,6.0,93066,M,4894430.0,235730.0,93
201000051714,10,3,26,1425,1,2,1,1.0,4.0,93066,M,4892670.0,236354.0,93
201000051715,10,3,27,650,2,2,1,2.0,7.0,93066,M,4892800.0,236339.0,93
201000051716,10,3,28,1600,1,2,1,1.0,3.0,93066,M,4893460.0,236946.0,93
201000051717,10,4,1,1020,1,2,4,1.0,3.0,93066,M,4892250.0,234340.0,93
201000051718,10,4,1,2050,5,2,1,1.0,3.0,93066,M,4892370.0,234418.0,93
201000051719,10,4,4,2100,3,2,1,2.0,2.0,93039,M,4892050.0,232606.0,93
201000051720,10,4,5,1245,1,2,6,1.0,2.0,93066,M,4893600.0,236765.0,93
201000051721,10,4,6,1610,1,2,1,1.0,3.0,93066,M,4891420.0,234422.0,93
201000051722,10,4,7,2245,5,2,1,1.0,3.0,93066,M,4892880.0,236700.0,93
201000051723,10,4,9,1300,1,2,1,1.0,6.0,93066,M,4894060.0,237225.0,93
201000051724,10,4,9,1640,1,2,2,1.0,3.0,93066,M,4892580.0,235726.0,93
201000051725,10,4,10,1835,1,2,3,1.0,2.0,93039,M,4895050.0,230685.0,93
201000051726,10,4,11,730,1,2,2,1.0,7.0,93066,M,4894370.0,236762.0,93
201000051727,10,4,11,1800,1,2,1,1.0,6.0,93066,M,4893750.0,237395.0,93
201000051728,10,4,11,1945,2,2,3,1.0,1.0,93066,M,4894580.0,235933.0,93
201000051729,10,4,13,1815,1,2,1,1.0,3.0,93066,M,4893070.0,234133.0,93
201000051730,10,4,13,1900,1,2,2,8.0,3.0,93066,M,4891550.0,235747.0,93
201000051731,10,4,14,1920,1,2,1,1.0,6.0,93066,M,4894720.0,237331.0,93