Num_Acc,an,mois,jour,hrmn,lum,agg,int,atm,col,com,gps,lat,long,dep
201000051732,10,4,15,1145,1,2,2,1.0,3.0,93066,M,4891550.0,235747.0,93
201000051733,10,4,16,1845,1,2,1,1.0,2.0,93066,M,4894850.0,238611.0,93
201000051734,10,4,18,435,4,2,1,1.0,3.0,93066,M,4892980.0,235085.0,93
201000051735,10,4,18,1725,1,2,1,1.0,6.0,93066,M,4892050.0,236159.0,93
201000051736,10,4,21,1400,1,2,2,1.0,3.0,93039,M,4892030.0,232637.0,93
201000051737,10,4,22,1640,1,2,1,1.0,3.0,93066,M,4891540.0,236497.0,93
201000051738,10,4,25,915,1,2,1,1.0,2.0,93066,M,4894400.0,234211.0,93
201000051739,10,4,27,1510,1,2,1,1.0,6.0,93066,M,4893740.0,236212.0,93
201000051740,10,4,27,1825,1,2,2,1.0,3.0,93066,M,4890940.0,235854.0,93
201000051741,10,4,28,1150,1,2,1,1.0,6.0,93066,M,4893850.0,235384.0,93
201000051742,10,4,29,1805,1,2,2,1.0,5.0,93066,M,4891820.0,235789.0,93
201000051743,10,4,30,2030,2,2,2,1.0,3.0,93066,M,4894520.0,237207.0,93
201000051744,10,5,4,1635,1,2,1,1.0,7.0,93066,M,4893070.0,234135.0,93
201000051745,10,5,4,1845,1,2,1,1.0,3.0,93066,M,4893040.0,234117.0,93
201000051746,10,5,5,1410,1,2,1,1.0,1.0,93066,M,4892670.0,236344.0,93
201000051747,10,5,7,1345,1,2,3,1.0,6.0,93066,M,4893050.0,235305.0,93
201000051748,10,5,7,1330,1,2,1,1.0,3.0,93066,M,4894100.0,236413.0,93
201000051749,10,5,7,1600,1,2,1,1.0,6.0,93066,M,4893990.0,236278.0,93
201000051750,10,5,8,1600,1,2,1,8.0,2.0,93066,M,4892630.0,235161.0,93
201000051751,10,5,8,1935,1,2,1,2.0,7.0,93066,M,4893850.0,235079.0,93
201000051752,10,5,12,2015,1,2,4,1.0,6.0,93066,M,4892880.0,235639.0,93
201000051753,10,5,14,1935,1,2,1,2.0,7.0,93066,M,4893200.0,235277.0,93
201000051754,10,5,15,1230,1,2,1,1.0,7.0,93066,M,4893650.0,235611.0,93
201000051755,10,5,16,1720,1,2,1,1.0,6.0,93066,M,4892670.0,236343.0,93
201000051756,10,5,16,2140,5,2,1,1.0,1.0,93066,M,4893590.0,236882.0,93
201000051757,10,5,17,1700,1,2,2,8.0,3.0,93066,M,4892550.0,235046.0,93
201000051758,10,5,18,1725,1,2,1,1.0,6.0,93066,M,4893540.0,234793.0,93
201000051759,10,5,22,1145,1,2,4,1.0,1.0,93066,M,4893380.0,237074.0,93
201000051760,10,5,22,1805,1,2,1,1.0,3.0,93066,M,4890380.0,235830.0,93
201000051761,10,5,22,1935,1,2,1,1.0,3.0,93066,M,4892580.0,235385.0,93
201000051762,10,5,24,450,5,2,2,1.0,3.0,93066,M,4891830.0,234430.0,93
201000051763,10,5,24,1515,1,2,1,1.0,6.0,93066,M,4891640.0,236050.0,93
201000051764,10,5,26,750,1,2,1,1.0,2.0,93039,M,4893400.0,234085.0,93
201000051765,10,5,26,900,1,2,1,1.0,3.0,93066,M,4893060.0,234130.0,93
201000051766,10,5,27,1250,1,2,1,2.0,6.0,93066,M,4892820.0,236305.0,93
201000051767,10,5,27,1425,1,2,1,3.0,4.0,93066,M,4893070.0,235485.0,93
201000051768,10,5,28,815,1,2,1,1.0,6.0,93066,M,4892540.0,235265.0,93
201000051769,10,5,30,15,5,2,3,2.0,5.0,93066,M,4893000.0,235329.0,93
201000051770,10,5,31,1510,1,2,6,1.0,6.0,93066,M,4894780.0,235761.0,93
201000051771,10,5,31,2000,1,2,1,1.0,3.0,93066,M,4892440.0,234925.0,93
201000051772,10,6,2,1430,1,2,2,1.0,3.0,93066,M,4894120.0,235083.0,93
201000051773,10,6,2,1830,1,2,1,1.0,4.0,93066,M,4891190.0,235833.0,93
201000051774,10,6,3,210,5,2,2,1.0,3.0,93066,M,4891440.0,234708.0,93
201000051775,10,6,7,110,5,2,2,1.0,6.0,93066,M,4894180.0,234699.0,93
201000051776,10,6,9,830,1,2,1,1.0,3.0,93066,M,4894260.0,234049.0,93
201000051777,10,6,9,1920,1,2,1,2.0,3.0,93066,M,4891540.0,236617.0,93
201000051778,10,6,11,900,1,2,2,1.0,3.0,93066,M,4891530.0,235291.0,93
201000051779,10,6,11,1925,1,2,1,1.0,3.0,93066,M,4894080.0,236390.0,93
201000051780,10,6,12,940,1,2,1,1.0,5.0,93066,M,4892570.0,235381.0,93
201000051781,10,6,12,1320,1,2,5,1.0,6.0,93066,M,4893620.0,234671.0,93
201000051782,10,6,13,115,5,2,1,1.0,7.0,93066,M,4891620.0,234421.0,93
201000051783,10,6,14,755,1,2,1,1.0,4.0,93039,M,4895030.0,230678.0,93
201000051784,10,6,14,1210,1,2,7,1.0,6.0,93066,M,4894430.0,235698.0,93
201000051785,10,6,15,1650,1,2,1,1.0,7.0,93066,M,4893690.0,235999.0,93
201000051786,10,6,15,1920,1,2,6,1.0,7.0,93066,M,4893620.0,236388.0,93
201000051787,10,6,16,1030,1,2,1,1.0,6.0,93066,M,4893190.0,234926.0,93
201000051788,10,6,16,1745,1,2,1,1.0,6.0,93039,M,4892590.0,233476.0,93
201000051789,10,6,18,900,1,2,1,1.0,6.0,93066,M,4894780.0,235761.0,93
201000051790,10,6,18,1915,1,2,1,1.0,6.0,93066,M,4892740.0,237192.0,93
201000051791,10,6,20,1900,1,2,1,1.0,7.0,93066,M,4891830.0,234576.0,93
201000051792,10,6,21,1420,1,2,1,1.0,4.0,93066,M,4892230.0,236277.0,93
201000051793,10,6,21,1955,1,2,1,1.0,2.0,93066,M,4893620.0,237262.0,93
201000051794,10,6,22,1345,1,2,2,1.0,3.0,93066,M,4892120.0,234676.0,93
201000051795,10,6,25,2300,5,2,1,1.0,3.0,93066,M,4892120.0,236277.0,93
201000051796,10,6,25,1545,1,2,1,1.0,7.0,93066,M,4890770.0,235802.0,93
201000051797,10,6,25,2315,5,2,2,1.0,3.0,93066,M,4892420.0,234261.0,93
201000051798,10,6,27,1830,1,2,1,1.0,5.0,93066,M,4894530.0,235121.0,93
201000051799,10,6,28,1250,1,2,1,1.0,3.0,93066,M,4893200.0,235280.0,93
201000051800,10,6,28,1630,1,2,1,1.0,7.0,93066,M,4892980.0,235089.0,93
201000051801,10,6,28,1625,1,2,1,1.0,6.0,93066,M,4894770.0,235836.0,93
201000051802,10,6,29,930,1,2,7,1.0,3.0,93066,M,4894210.0,234620.0,93
201000051803,10,6,29,1930,1,2,1,1.0,1.0,93066,M,4891810.0,234391.0,93
201000051804,10,7,2,1435,1,2,2,1.0,5.0,93066,M,,,93
201000051805,10,7,4,1836,1,2,2,1.0,3.0,93066,M,,,93
201000051806,10,7,5,1755,1,2,3,1.0,3.0,93066,M,,,93
201000051807,10,7,6,1720,1,2,1,1.0,2.0,93066,M,,,93
201000051808,10,7,7,2152,5,2,1,1.0,2.0,93066,M,,,93
201000051809,10,7,8,1350,1,2,1,1.0,6.0,93066,M,,,93
201000051810,10,7,10,710,1,2,1,1.0,3.0,93066,M,,,93
201000051811,10,7,11,35,5,2,1,1.0,6.0,93066,M,,,93
201000051812,10,7,11,1850,1,2,2,1.0,3.0,93066,M,,,93
201000051813,10,7,16,1535,1,2,1,1.0,7.0,93066,M,,,93
201000051814,10,7,16,1537,1,2,9,1.0,7.0,93066,M,,,93
201000051815,10,7,20,745,1,1,1,1.0,3.0,93066,M,,,93
201000051816,10,7,22,2015,1,2,1,1.0,3.0,93066,M,,,93
201000051817,10,7,24,1355,1,2,8,1.0,6.0,93066,M,,,93
201000051818,10,7,26,1350,1,2,1,1.0,6.0,93066,M,,,93
201000051819,10,7,28,930,1,2,1,1.0,7.0,93066,M,,,93
201000051820,10,7,29,1215,1,2,1,1.0,2.0,93066,M,,,93
201000051821,10,7,30,530,4,2,1,1.0,6.0,93066,M,,,93
201000051822,10,7,30,1640,1,2,1,1.0,3.0,93066,M,,,93
201000051823,10,7,30,1730,1,2,2,1.0,1.0,93066,M,,,93
201000051824,10,8,2,2115,1,2,1,1.0,6.0,93066,M,,,93
201000051825,10,8,7,2110,5,2,1,3.0,6.0,93066,M,,,93
201000051826,10,8,8,2320,5,2,3,1.0,3.0,93066,M,,,93
201000051827,10,8,13,940,1,2,1,1.0,6.0,93066,M,,,93
201000051828,10,8,14,1330,1,2,7,1.0,3.0,93066,M,,,93
201000051829,10,8,14,1930,1,2,1,1.0,6.0,93066,M,,,93
201000051830,10,8,19,1630,1,2,1,1.0,7.0,93066,M,,,93
201000051831,10,8,29,1740,1,2,1,1.0,3.0,93066,M,,,93
201000051832,10,8,29,1935,1,2,1,1.0,3.0,93066,M,,,93
201000051833,10,8,30,1310,1,2,1,1.0,2.0,93066,M,,,93
201000051834,10,9,4,2140,5,2,2,1.0,3.0,93066,M,,,93
201000051835,10,9,7,1320,1,2,1,1.0,3.0,93066,M,,,93
201000051836,10,9,10,1840,1,2,4,1.0,2.0,93066,M,,,93
201000051837,10,9,12,1630,1,2,1,1.0,3.0,93066,M,,,93
201000051838,10,9,13,1800,1,2,1,1.0,6.0,93066,M,,,93
201000051839,10,9,13,2145,5,2,1,1.0,7.0,93039,M,,,93
201000051840,10,9,15,1145,1,2,1,1.0,6.0,93066,M,,,93
201000051841,10,9,15,945,1,2,1,1.0,1.0,93066,M,,,93
201000051842,10,9,17,1600,1,2,2,1.0,3.0,93066,M,,,93
201000051843,10,9,17,1757,1,2,9,1.0,6.0,93066,M,,,93
201000051844,10,9,20,1215,1,2,1,1.0,7.0,93066,M,,,93
201000051845,10,9,21,1910,1,2,3,1.0,3.0,93066,M,,,93
201000051846,10,9,21,1930,5,2,1,1.0,6.0,93066,M,,,93
201000051847,10,9,24,1735,1,2,1,2.0,7.0,93066,M,,,93
201000051848,10,9,25,1040,1,2,3,1.0,5.0,93066,M,,,93
201000051849,10,9,25,2205,5,2,2,1.0,5.0,93066,M,,,93
201000051850,10,9,29,1850,5,2,1,1.0,5.0,93066,M,,,93
201000051851,10,10,4,1410,1,2,1,8.0,6.0,93066,M,,,93
201000051852,10,10,8,850,1,2,2,1.0,3.0,93066,M,,,93
201000051853,10,10,9,1400,1,2,5,1.0,6.0,93066,M,,,93
201000051854,10,10,11,622,5,2,1,8.0,7.0,93066,M,,,93
201000051855,10,10,11,1745,1,2,1,1.0,3.0,93066,M,,,93
201000051856,10,10,12,1010,1,2,1,1.0,7.0,93066,M,,,93
201000051857,10,10,12,1945,5,2,2,1.0,6.0,93066,M,,,93
201000051858,10,10,12,1850,2,2,1,1.0,6.0,93066,M,,,93
201000051859,10,10,14,530,5,2,1,1.0,4.0,93066,M,,,93
201000051860,10,10,15,1615,1,2,1,1.0,3.0,93066,M,,,93
201000051861,10,10,19,1810,1,2,1,8.0,6.0,93066,M,,,93
201000051862,10,10,21,1840,2,2,6,1.0,3.0,93066,M,,,93
201000051863,10,10,22,1340,1,2,1,1.0,3.0,93066,M,,,93
201000051864,10,10,23,1730,5,2,2,2.0,3.0,93066,M,,,93
201000051865,10,10,20,1600,1,2,1,1.0,7.0,93066,M,,,93
201000051866,10,10,25,1945,5,2,1,1.0,3.0,93066,M,,,93
201000051867,10,10,26,2245,5,2,1,1.0,3.0,93066,M,,,93
201000051868,10,10,29,2340,5,2,1,1.0,6.0,93066,M,,,93
201000051869,10,10,30,1035,1,2,1,8.0,3.0,93066,M,,,93
201000051870,10,10,31,1120,1,2,2,1.0,7.0,93066,M,,,93
201000051871,10,10,31,1515,1,2,1,1.0,3.0,93066,M,,,93
201000051872,10,11,2,2050,5,2,7,1.0,6.0,93066,M,,,93
201000051873,10,11,4,1331,1,2,1,1.0,3.0,93066,M,,,93
201000051874,10,11,6,1800,5,2,1,3.0,2.0,93066,M,,,93
201000051875,10,11,6,1750,2,2,1,2.0,2.0,93066,M,,,93
201000051876,10,11,7,2320,5,2,2,3.0,3.0,93066,M,,,93
201000051877,10,11,8,1200,1,2,1,3.0,3.0,93066,M,,,93
201000051878,10,11,9,830,1,2,2,3.0,3.0,93066,M,,,93
201000051879,10,11,9,1320,1,2,1,2.0,3.0,93066,M,,,93
201000051880,10,11,9,1400,1,2,1,8.0,7.0,93066,M,,,93
201000051881,10,11,11,617,5,2,1,8.0,6.0,93066,M,,,93
201000051882,10,11,14,1905,5,2,1,1.0,6.0,93066,M,,,93
201000051883,10,11,15,1817,5,2,1,8.0,1.0,93039,M,,,93
201000051884,10,11,16,845,1,2,9,1.0,3.0,93066,M,,,93
201000051885,10,11,16,803,1,2,9,1.0,7.0,93066,M,,,93
201000051886,10,11,16,1620,1,2,1,1.0,6.0,93066,M,,,93
201000051887,10,11,18,2100,5,2,2,1.0,3.0,93066,M,,,93
201000051888,10,11,19,800,1,2,1,8.0,3.0,93066,M,,,93
201000051889,10,11,22,840,1,2,3,1.0,1.0,93066,M,,,93
201000051890,10,11,23,1030,1,2,1,1.0,6.0,93066,M,,,93
201000051891,10,11,23,1900,5,2,1,2.0,3.0,93066,M,,,93
201000051892,10,11,23,610,2,2,6,2.0,3.0,93066,M,,,93
201000051893,10,11,25,910,1,2,1,8.0,6.0,93039,M,,,93
201000051894,10,11,29,700,2,2,2,4.0,6.0,93066,M,,,93
201000051895,10,11,29,835,1,2,1,4.0,2.0,93066,M,,,93
201000051896,10,11,30,1800,3,2,1,8.0,3.0,93066,M,,,93
201000051897,10,12,28,2010,5,2,1,2.0,3.0,93066,M,,,93
201000051898,10,12,2,2045,5,1,1,1.0,3.0,93066,M,,,93
201000051899,10,12,3,755,2,2,2,8.0,3.0,93066,M,,,93
201000051900,10,12,4,445,5,2,9,1.0,6.0,93066,M,,,93
201000051901,10,12,6,1340,1,2,1,2.0,2.0,93066,M,,,93
201000051902,10,12,10,1200,1,2,2,8.0,3.0,93066,M,,,93
201000051903,10,12,11,1920,5,2,1,1.0,6.0,93066,M,,,93
201000051904,10,12,12,2345,5,2,2,1.0,7.0,93066,M,,,93
201000051905,10,12,13,1050,1,2,1,1.0,2.0,93066,M,,,93
201000051906,10,12,14,1016,1,2,2,1.0,3.0,93066,M,,,93
201000051907,10,12,13,1810,2,2,1,1.0,7.0,93066,M,,,93
201000051908,10,12,15,800,1,2,2,1.0,3.0,93066,M,,,93
201000051909,10,12,21,2240,3,2,1,8.0,7.0,93066,M,,,93
201000051910,10,12,24,1630,2,2,4,1.0,3.0,93066,M,,,93
201000051911,10,12,27,1130,1,2,1,8.0,1.0,93066,M,,,93
201000051912,10,12,30,1650,2,2,1,1.0,2.0,93066,M,,,93
201000051913,10,12,1,800,2,2,1,1.0,3.0,93066,M,,,93
201000051914,10,1,11,1840,5,2,3,1.0,6.0,93070,M,4890140.0,234411.0,93
201000051915,10,1,13,1830,5,2,1,2.0,3.0,93070,M,4892240.0,233350.0,93
201000051916,10,1,14,1545,1,2,1,1.0,1.0,93070,M,4891760.0,233195.0,93
201000051917,10,1,19,1050,1,2,3,8.0,3.0,93070,M,4890600.0,233619.0,93
201000051918,10,2,4,1800,5,2,1,1.0,6.0,93070,M,4890810.0,233746.0,93
201000051919,10,2,8,930,1,2,1,1.0,6.0,93070,M,4890410.0,234412.0,93
201000051920,10,2,22,955,1,2,1,1.0,3.0,93070,M,4890840.0,234419.0,93
201000051921,10,2,23,2015,5,2,3,1.0,3.0,93070,M,4890830.0,234005.0,93
201000051922,10,3,8,1705,1,2,2,1.0,6.0,93070,M,4890540.0,234411.0,93
201000051923,10,3,12,1805,1,2,3,1.0,2.0,93070,M,4891600.0,232360.0,93
201000051924,10,3,12,2350,5,2,3,1.0,3.0,93070,M,4891080.0,233341.0,93
201000051925,10,3,17,2110,5,2,1,1.0,6.0,93070,M,4891790.0,232962.0,93
201000051926,10,3,21,127,5,2,3,8.0,3.0,93070,M,4890220.0,233049.0,93
201000051927,10,4,3,1730,1,2,1,2.0,7.0,93070,M,4890140.0,233492.0,93
201000051928,10,4,3,2145,5,2,2,2.0,3.0,93070,M,4891520.0,233781.0,93
201000051929,10,4,6,1600,1,2,4,1.0,6.0,93070,M,4890370.0,233360.0,93
201000051930,10,4,8,2130,5,2,1,1.0,6.0,93070,M,4890400.0,232913.0,93
201000051931,10,4,12,2205,5,2,2,1.0,1.0,93070,M,4890760.0,232669.0,93
201000051932,10,4,16,1840,1,2,1,1.0,6.0,93070,M,4891280.0,233483.0,93
201000051933,10,4,28,1450,1,2,1,1.0,6.0,93070,M,4891050.0,233333.0,93
201000051934,10,4,29,1146,1,2,1,1.0,2.0,93070,M,4891330.0,233555.0,93
201000051935,10,4,29,1550,1,2,1,1.0,3.0,93070,M,4890940.0,233296.0,93
201000051936,10,4,29,1610,1,2,1,1.0,3.0,93070,M,4890930.0,233295.0,93
201000051937,10,4,30,1750,1,2,1,7.0,6.0,93070,M,4891540.0,233342.0,93
201000051938,10,5,4,1520,1,2,5,8.0,6.0,93070,M,4890730.0,232622.0,93
201000051939,10,5,4,1620,1,2,3,1.0,6.0,93070,M,4891050.0,233765.0,93
201000051940,10,5,8,1610,1,2,1,1.0,6.0,93070,M,4891590.0,233479.0,93
201000051941,10,5,10,1830,1,2,1,1.0,6.0,93070,M,4891520.0,233781.0,93
201000051942,10,5,12,1145,1,2,1,1.0,3.0,93070,M,4890840.0,234419.0,93
201000051943,10,5,15,1800,1,2,1,1.0,5.0,93070,M,4890420.0,234412.0,93
201000051944,10,5,17,1825,1,2,2,1.0,2.0,93070,M,4890190.0,233859.0,93
201000051945,10,5,19,1710,1,2,1,1.0,6.0,93070,M,4890260.0,233498.0,93
201000051946,10,5,23,110,5,2,3,1.0,6.0,93070,M,4891010.0,233802.0,93
201000051947,10,5,28,445,5,2,3,2.0,3.0,93070,M,4890850.0,233267.0,93
201000051948,10,6,8,1600,1,2,7,1.0,6.0,93070,M,4890920.0,233514.0,93
201000051949,10,6,11,1925,1,2,1,1.0,5.0,93070,M,4891340.0,234422.0,93
201000051950,10,6,13,2055,2,2,2,1.0,3.0,93070,M,4890120.0,233502.0,93
201000051951,10,6,17,1845,1,2,1,1.0,6.0,93070,M,,,93
201000051952,10,6,18,840,1,2,1,1.0,3.0,93070,M,4891230.0,232456.0,93
201000051953,10,6,20,1830,1,2,1,1.0,6.0,93070,M,4891120.0,233266.0,93
201000051954,10,6,20,1820,1,2,1,1.0,6.0,93070,M,4890270.0,233705.0,93
201000051955,10,6,18,720,1,2,1,1.0,6.0,93070,M,4890730.0,232622.0,93
201000051956,10,1,6,2100,5,2,1,1.0,7.0,93070,M,,,93
201000051957,10,6,25,1535,1,2,1,1.0,6.0,93070,M,4890770.0,234418.0,93
201000051958,10,6,28,1225,1,2,5,1.0,2.0,93070,M,4890660.0,233191.0,93
201000051959,10,6,29,1115,1,2,1,1.0,2.0,93070,M,,,93
201000051960,10,7,1,1950,1,2,1,1.0,2.0,93070,M,,,93
201000051961,10,7,7,1910,1,2,3,1.0,6.0,93070,M,,,93
201000051962,10,7,8,945,1,2,2,1.0,3.0,93070,M,,,93
201000051963,10,7,10,1440,1,2,1,1.0,6.0,93070,M,,,93
201000051964,10,7,7,1945,1,2,5,1.0,3.0,93070,M,,,93
201000051965,10,7,17,2100,1,2,2,1.0,3.0,93070,M,,,93
201000051966,10,7,20,915,1,2,1,1.0,3.0,93070,M,,,93
201000051967,10,7,21,1400,1,2,2,1.0,3.0,93070,M,,,93
201000051968,10,7,23,1010,1,2,1,1.0,3.0,93070,M,,,93
201000051969,10,7,29,1915,1,2,3,1.0,6.0,93070,M,,,93
201000051970,10,7,26,1748,1,2,1,1.0,6.0,93070,M,,,93
201000051971,10,8,2,1230,1,2,1,1.0,6.0,93070,M,,,93
201000051972,10,8,5,730,1,2,2,1.0,1.0,93070,M,,,93
201000051973,10,8,5,1235,1,2,2,1.0,3.0,93070,M,,,93
201000051974,10,8,8,1105,1,2,1,1.0,6.0,93070,M,,,93
201000051975,10,8,12,1600,1,2,1,1.0,3.0,93070,M,,,93
201000051976,10,8,14,1935,1,2,1,1.0,6.0,93070,M,,,93
201000051977,10,8,21,2045,4,2,1,3.0,1.0,93070,M,,,93
201000051978,10,9,15,1035,1,2,1,1.0,3.0,93070,M,,,93
201000051979,10,9,16,1750,1,2,1,1.0,3.0,93070,M,,,93
201000051980,10,9,21,1320,1,2,1,1.0,6.0,93070,M,,,93
201000051981,10,9,23,1700,1,2,1,1.0,6.0,93070,M,,,93
201000051982,10,9,24,1800,1,2,1,2.0,3.0,93070,M,,,93
201000051983,10,9,24,1720,1,2,1,2.0,3.0,93070,M,,,93
201000051984,10,9,27,1400,1,2,1,8.0,6.0,93070,M,,,93
201000051985,10,9,30,2035,5,2,3,1.0,1.0,93070,M,,,93
201000051986,10,10,11,1610,1,2,3,1.0,2.0,93070,M,,,93
201000051987,10,10,23,1330,1,2,1,2.0,3.0,93070,M,,,93
201000051988,10,10,25,1455,1,2,1,1.0,3.0,93070,M,,,93
201000051989,10,11,2,1025,1,2,1,1.0,6.0,93070,M,,,93
201000051990,10,11,2,1210,1,2,1,2.0,3.0,93070,M,,,93
201000051991,10,11,4,1631,1,2,3,1.0,3.0,93070,M,,,93
201000051992,10,11,4,1623,1,2,3,1.0,3.0,93070,M,,,93
201000051993,10,11,14,1530,1,2,1,1.0,2.0,93070,M,,,93
201000051994,10,11,22,1330,1,2,4,1.0,3.0,93070,M,,,93
201000051995,10,12,1,1520,1,2,9,4.0,3.0,93070,M,,,93
201000051996,10,12,2,750,2,1,1,4.0,6.0,93070,M,,,93
201000051997,10,12,7,1630,1,2,1,2.0,1.0,93070,M,,,93
201000051998,10,12,10,1735,5,2,2,1.0,6.0,93070,M,,,93
201000051999,10,12,10,2205,5,2,6,8.0,3.0,93070,M,,,93
201000052000,10,12,15,655,2,2,1,1.0,7.0,93070,M,,,93
201000052001,10,12,15,1520,1,2,1,1.0,6.0,93070,M,,,93
201000052002,10,12,19,2020,5,2,1,2.0,6.0,93070,M,,,93
201000052003,10,12,20,2115,5,2,3,2.0,2.0,93070,M,,,93
201000052004,10,12,25,1500,1,2,1,1.0,6.0,93070,M,,,93
201000052005,10,1,14,1347,1,2,3,1.0,3.0,93072,M,4895950.0,238221.0,93
201000052006,10,1,14,2100,5,2,1,1.0,1.0,93072,M,4894760.0,237550.0,93
201000052007,10,1,26,850,1,2,1,1.0,6.0,93059,M,4896810.0,235736.0,93
201000052008,10,2,12,820,1,2,1,1.0,3.0,93072,M,4894920.0,238600.0,93
201000052009,10,2,21,200,5,2,1,2.0,6.0,93072,M,4895580.0,236700.0,93
201000052010,10,3,8,2140,5,2,1,1.0,1.0,93072,M,4895950.0,238221.0,93
201000052011,10,3,10,1930,5,2,1,1.0,6.0,93072,M,4895170.0,238202.0,93
201000052012,10,3,11,1015,1,2,3,1.0,5.0,93072,M,4895950.0,238221.0,93
201000052013,10,3,13,330,5,2,1,1.0,6.0,93072,M,4896280.0,237334.0,93
201000052014,10,3,16,1515,1,2,1,1.0,6.0,93072,M,4895040.0,238576.0,93
201000052015,10,5,5,1615,1,2,4,1.0,3.0,93072,M,4896290.0,237839.0,93
201000052016,10,4,15,1955,2,2,1,2.0,1.0,93072,M,4896120.0,238143.0,93
201000052017,10,5,30,1115,1,2,3,8.0,6.0,93072,M,4896920.0,237924.0,93
201000052018,10,5,31,1330,1,2,1,1.0,3.0,93059,M,4895600.0,235845.0,93
201000052019,10,6,4,1130,1,2,2,1.0,6.0,93059,M,4896380.0,236088.0,93
201000052020,10,6,18,1520,1,2,3,1.0,3.0,93072,M,4895950.0,238221.0,93
201000052021,10,6,18,1150,1,2,1,1.0,6.0,93059,M,4895110.0,236121.0,93
201000052022,10,6,20,650,1,2,2,1.0,2.0,93072,M,4894970.0,238592.0,93
201000052023,10,6,23,1100,1,2,1,1.0,7.0,93072,M,4894940.0,238605.0,93
201000052024,10,6,26,1420,1,2,1,1.0,7.0,93059,M,4896960.0,236917.0,93
201000052025,10,6,29,630,1,2,1,2.0,2.0,93072,M,4894800.0,238628.0,93
201000052026,10,7,11,1800,1,2,1,1.0,1.0,93072,M,,,93
201000052027,10,7,18,707,1,2,1,1.0,2.0,93072,M,,,93
201000052028,10,7,22,925,1,2,1,1.0,3.0,93059,M,,,93
201000052029,10,8,14,1500,1,2,6,2.0,6.0,93072,M,,,93
201000052030,10,8,17,1625,1,2,3,1.0,2.0,93072,M,,,93
201000052031,10,8,23,1430,1,2,1,1.0,4.0,93072,M,,,93
201000052032,10,8,31,1955,2,2,3,1.0,3.0,93072,M,,,93
201000052033,10,9,15,2030,5,2,1,1.0,3.0,93072,M,,,93
201000052034,10,9,22,1910,1,2,3,1.0,3.0,93072,M,,,93
201000052035,10,9,25,1945,2,2,3,1.0,6.0,93072,M,,,93
201000052036,10,9,28,1420,1,2,1,1.0,6.0,93072,M,,,93
201000052037,10,9,7,1750,1,2,1,1.0,3.0,93059,M,,,93
201000052038,10,10,15,2250,5,2,1,2.0,6.0,93072,M,,,93
201000052039,10,10,23,2130,5,2,3,2.0,6.0,93072,M,,,93
201000052040,10,10,25,2216,5,2,2,1.0,3.0,93059,M,,,93
201000052041,10,11,13,1145,1,2,1,2.0,3.0,93059,M,,,93
201000052042,10,11,16,200,5,2,6,1.0,6.0,93072,M,,,93
201000052043,10,10,20,750,1,2,3,2.0,3.0,93072,M,,,93
201000052044,10,10,22,1440,1,2,3,1.0,5.0,93059,M,,,93
201000052045,10,5,26,1220,1,2,1,1.0,6.0,93059,M,,,93
201000052046,10,11,24,815,1,2,2,2.0,6.0,93072,M,,,93
201000052047,10,11,29,810,1,2,1,1.0,2.0,93059,M,,,93
201000052048,10,12,23,700,3,2,1,6.0,6.0,93072,M,,,93
201000052049,10,8,25,1450,1,2,3,1.0,6.0,93072,M,,,93
201000052050,10,12,14,1745,5,2,2,1.0,6.0,93072,M,,,93
201000052051,10,2,4,820,1,2,1,1.0,3.0,93059,M,4896900.0,236271.0,93
201000052052,10,2,20,1630,1,2,1,1.0,6.0,93059,M,4896820.0,235718.0,93
201000052053,10,2,6,1425,1,2,2,8.0,3.0,93072,M,4894520.0,238134.0,93
201000052054,10,3,1,1505,1,2,3,1.0,3.0,93072,M,4895790.0,239685.0,93
201000052055,10,2,8,1420,1,2,4,2.0,3.0,93059,M,4895210.0,235791.0,93
201000052056,10,3,2,1915,5,2,1,1.0,4.0,93072,M,4895030.0,238663.0,93
201000052057,10,3,5,1530,1,2,2,1.0,3.0,93072,M,4895130.0,237762.0,93
201000052058,10,3,6,5,5,2,1,1.0,2.0,93072,M,4894830.0,238615.0,93
201000052059,10,3,9,900,1,2,1,1.0,4.0,93059,M,4896890.0,236266.0,93
201000052060,10,3,6,1605,1,2,1,1.0,6.0,93072,M,4895450.0,238370.0,93
201000052061,10,3,16,1325,1,2,1,1.0,6.0,93072,M,4895520.0,238332.0,93
201000052062,10,3,19,1045,1,2,1,1.0,7.0,93059,M,4896830.0,236506.0,93
201000052063,10,3,30,1620,1,2,1,3.0,2.0,93059,M,4897200.0,236464.0,93
201000052064,10,4,1,2115,5,2,2,1.0,6.0,93059,M,4895700.0,235856.0,93
201000052065,10,4,2,215,5,2,1,1.0,6.0,93059,M,4895380.0,235842.0,93
201000052066,10,4,5,2210,5,2,1,1.0,3.0,93059,M,,,93
201000052067,10,4,24,1600,1,2,1,1.0,6.0,93072,M,,,93