Num_Acc,an,mois,jour,hrmn,lum,agg,int,atm,col,com,gps,lat,long,dep
201000052068,10,4,26,2100,3,2,3,1.0,6.0,93059,M,,,93
201000052069,10,5,11,2005,1,2,2,2.0,3.0,93072,M,4895520.0,237924.0,93
201000052070,10,5,21,1320,1,2,1,1.0,3.0,93059,M,4896960.0,236313.0,93
201000052071,10,6,16,1310,1,2,1,1.0,6.0,93072,M,4895030.0,238663.0,93
201000052072,10,6,23,1845,1,2,1,1.0,6.0,93072,M,4895320.0,237412.0,93
201000052073,10,7,3,100,5,2,4,1.0,1.0,93072,M,,,93
201000052074,10,7,3,2120,5,2,1,1.0,6.0,93072,M,,,93
201000052075,10,7,19,900,1,2,1,1.0,2.0,93072,M,,,93
201000052076,10,7,5,845,1,2,1,1.0,5.0,93072,M,,,93
201000052077,10,8,6,455,5,2,1,1.0,6.0,93072,M,,,93
201000052078,10,8,9,1515,1,2,3,1.0,3.0,93072,M,,,93
201000052079,10,9,12,1130,1,2,2,1.0,6.0,93059,M,,,93
201000052080,10,9,1,800,1,2,1,1.0,3.0,93059,M,,,93
201000052081,10,9,19,1520,1,2,3,1.0,3.0,93059,M,,,93
201000052082,10,9,27,845,1,2,1,1.0,6.0,93072,M,,,93
201000052083,10,12,23,701,1,2,1,1.0,6.0,93072,M,,,93
201000052084,10,1,29,1150,1,2,5,2.0,6.0,93073,M,4894200.0,257362.0,93
201000052085,10,2,2,1540,1,2,1,2.0,6.0,93078,M,4894710.0,256509.0,93
201000052086,10,2,6,2250,5,2,6,8.0,6.0,93073,M,,,93
201000052087,10,2,6,250,5,2,6,2.0,7.0,93078,M,4891540.0,249748.0,93
201000052088,10,1,21,1405,1,2,1,1.0,6.0,93078,M,4897550.0,250680.0,93
201000052089,10,2,12,1950,5,2,1,1.0,6.0,93073,M,4896560.0,256957.0,93
201000052090,10,2,22,2140,5,2,4,2.0,1.0,93078,M,4895610.0,254054.0,93
201000052091,10,3,9,1610,1,2,9,1.0,3.0,93078,M,4897460.0,250863.0,93
201000052092,10,3,27,2020,2,2,1,2.0,6.0,93078,M,4894980.0,255130.0,93
201000052093,10,4,1,1635,1,2,1,1.0,1.0,93078,M,4895250.0,253008.0,93
201000052094,10,4,2,2010,2,2,2,2.0,3.0,93073,M,4896160.0,257066.0,93
201000052095,10,4,6,1215,1,2,1,1.0,2.0,93073,M,4895680.0,256354.0,93
201000052096,10,4,9,2100,3,2,3,1.0,3.0,93078,M,4895390.0,253413.0,93
201000052097,10,4,11,1800,1,2,2,1.0,2.0,93073,M,4895470.0,258497.0,93
201000052098,10,4,13,1655,1,2,3,1.0,3.0,93073,M,4894610.0,256929.0,93
201000052099,10,4,15,950,1,2,2,1.0,2.0,93078,M,4895760.0,254519.0,93
201000052100,10,4,20,815,1,2,1,1.0,3.0,93078,M,4895860.0,254818.0,93
201000052101,10,4,21,750,1,2,1,1.0,7.0,93078,M,4896080.0,253368.0,93
201000052102,10,4,23,1230,1,2,1,1.0,2.0,93073,M,4895140.0,256427.0,93
201000052103,10,4,25,1825,1,2,1,1.0,7.0,93073,M,4895250.0,256662.0,93
201000052104,10,4,26,1730,1,2,6,1.0,2.0,93078,M,4896490.0,255305.0,93
201000052105,10,4,27,2135,5,2,1,1.0,2.0,93073,M,4895140.0,256427.0,93
201000052106,10,5,5,1730,1,2,2,1.0,2.0,93078,M,4896060.0,255546.0,93
201000052107,10,5,11,1900,1,1,1,2.0,7.0,93078,M,4897580.0,250621.0,93
201000052108,10,5,18,930,1,2,1,1.0,6.0,93073,M,4896670.0,256676.0,93
201000052109,10,5,22,1650,1,2,2,1.0,2.0,93073,M,4894130.0,257665.0,93
201000052110,10,5,22,2045,1,2,1,1.0,1.0,93078,M,4895800.0,255785.0,93
201000052111,10,5,26,2200,5,2,1,2.0,6.0,93073,M,4894740.0,258844.0,93
201000052112,10,5,29,1930,1,2,1,2.0,6.0,93078,M,4895370.0,255157.0,93
201000052113,10,6,1,20,5,2,1,1.0,6.0,93073,M,4894130.0,258770.0,93
201000052114,10,6,5,1520,1,2,1,1.0,3.0,93078,M,4895600.0,256055.0,93
201000052115,10,6,5,1400,1,2,9,1.0,6.0,93078,M,4896020.0,255303.0,93
201000052116,10,6,9,1110,1,2,3,2.0,3.0,93073,M,4895340.0,257370.0,93
201000052117,10,6,10,1130,1,2,5,2.0,3.0,93078,M,4897650.0,251610.0,93
201000052118,10,6,25,1650,1,2,1,1.0,3.0,93078,M,4895690.0,255475.0,93
201000052119,10,7,1,900,1,2,1,1.0,2.0,93078,M,,,93
201000052120,10,7,2,1200,1,2,2,1.0,3.0,93078,M,,,93
201000052121,10,7,3,1145,1,2,1,2.0,6.0,93078,M,,,93
201000052122,10,7,4,940,1,2,2,1.0,3.0,93078,M,,,93
201000052123,10,7,15,1300,1,2,2,1.0,3.0,93078,M,,,93
201000052124,10,7,16,830,1,1,1,1.0,2.0,93078,M,,,93
201000052125,10,7,17,930,1,2,1,1.0,7.0,93073,M,,,93
201000052126,10,7,20,40,5,2,1,1.0,6.0,93078,M,,,93
201000052127,10,7,23,1200,1,2,1,1.0,6.0,93078,M,,,93
201000052128,10,7,24,1650,1,2,1,1.0,2.0,93078,M,,,93
201000052129,10,7,30,940,1,2,2,1.0,3.0,93073,M,,,93
201000052130,10,8,5,2040,2,2,1,1.0,6.0,93078,M,,,93
201000052131,10,8,13,1510,1,1,1,1.0,1.0,93073,M,,,93
201000052132,10,8,17,1640,1,2,2,1.0,3.0,93078,M,,,93
201000052133,10,8,26,1530,1,2,1,1.0,4.0,93078,M,,,93
201000052134,10,8,27,1418,1,2,1,8.0,7.0,93073,M,,,93
201000052135,10,9,3,1820,1,2,1,1.0,6.0,93073,M,,,93
201000052136,10,9,6,1830,1,2,1,1.0,6.0,93073,M,,,93
201000052137,10,9,8,1400,1,2,1,2.0,1.0,93073,M,,,93
201000052138,10,9,15,800,1,2,1,2.0,2.0,93078,M,,,93
201000052139,10,9,16,1920,1,2,9,1.0,6.0,93078,M,,,93
201000052140,10,9,17,1940,1,2,1,1.0,6.0,93073,M,,,93
201000052141,10,9,17,900,1,2,1,1.0,3.0,93078,M,,,93
201000052142,10,9,19,330,5,2,2,1.0,3.0,93078,M,,,93
201000052143,10,9,20,2045,5,2,1,1.0,2.0,93073,M,,,93
201000052144,10,9,21,1520,1,2,1,1.0,3.0,93073,M,,,93
201000052145,10,9,27,1535,1,2,1,1.0,3.0,93073,M,,,93
201000052146,10,10,3,1700,1,2,1,1.0,6.0,93073,M,,,93
201000052147,10,10,7,1300,1,2,1,1.0,2.0,93078,M,,,93
201000052148,10,10,8,1830,1,2,1,1.0,6.0,93078,M,,,93
201000052149,10,10,12,2220,5,2,1,1.0,2.0,93078,M,,,93
201000052150,10,10,16,835,1,2,2,1.0,3.0,93078,M,,,93
201000052151,10,10,20,1155,1,2,2,1.0,6.0,93078,M,,,93
201000052152,10,10,25,1415,1,2,2,1.0,3.0,93073,M,,,93
201000052153,10,11,2,1310,1,2,1,2.0,6.0,93073,M,,,93
201000052154,10,11,6,1340,1,2,1,2.0,6.0,93078,M,,,93
201000052155,10,11,7,1415,1,2,2,2.0,2.0,93078,M,,,93
201000052156,10,11,9,1500,1,2,1,8.0,6.0,93078,M,,,93
201000052157,10,11,13,1110,1,2,1,2.0,6.0,93078,M,,,93
201000052158,10,11,14,1940,3,1,1,8.0,7.0,93073,M,,,93
201000052159,10,11,24,1640,1,2,6,1.0,3.0,93078,M,,,93
201000052160,10,11,25,1750,5,2,1,2.0,7.0,93078,M,,,93
201000052161,10,11,27,1515,1,2,1,1.0,6.0,93078,M,,,93
201000052162,10,11,29,1400,1,2,8,1.0,6.0,93078,M,,,93
201000052163,10,12,8,1420,1,2,1,4.0,2.0,93078,M,,,93
201000052164,10,12,15,645,5,2,3,1.0,7.0,93073,M,,,93
201000052165,10,12,15,1815,2,2,1,1.0,6.0,93078,M,,,93
201000052166,10,12,16,1600,1,2,6,2.0,2.0,93078,M,,,93
201000052167,10,12,28,825,1,2,6,4.0,3.0,93073,M,,,93
201000052168,10,12,31,5,5,2,1,1.0,7.0,93078,M,,,93
201000052169,10,2,3,1325,1,2,2,1.0,6.0,94002,M,4881460.0,241384.0,94
201000052170,10,2,4,1450,1,2,1,1.0,6.0,94002,M,4881460.0,241497.0,94
201000052171,10,2,22,1355,1,2,1,1.0,4.0,94002,M,4880100.0,241717.0,94
201000052172,10,3,11,1635,1,2,1,1.0,1.0,94002,M,4878670.0,243229.0,94
201000052173,10,3,14,2030,5,2,1,1.0,7.0,94002,M,4880370.0,241267.0,94
201000052174,10,3,15,1950,5,2,2,1.0,3.0,94002,M,4880220.0,242437.0,94
201000052175,10,4,13,1640,1,2,2,1.0,3.0,94002,M,4880020.0,242254.0,94
201000052176,10,4,15,1410,1,2,3,1.0,3.0,94002,M,4879180.0,242388.0,94
201000052177,10,4,18,1900,1,2,3,1.0,3.0,94002,M,4881450.0,241193.0,94
201000052178,10,5,4,1830,1,2,2,1.0,6.0,94002,M,4880990.0,241427.0,94
201000052179,10,5,8,2135,5,2,4,2.0,1.0,94002,M,4878680.0,242583.0,94
201000052180,10,5,29,1900,2,2,3,1.0,3.0,94002,M,4880340.0,241314.0,94
201000052181,10,6,2,1240,1,2,1,1.0,7.0,94002,M,4879310.0,242555.0,94
201000052182,10,6,9,1715,1,2,3,3.0,3.0,94002,M,4881470.0,241663.0,94
201000052183,10,6,13,1905,1,2,1,1.0,3.0,94002,M,4880350.0,241299.0,94
201000052184,10,6,14,840,1,2,1,1.0,6.0,94002,M,4880300.0,242505.0,94
201000052185,10,6,14,1130,1,2,1,1.0,3.0,94002,M,4879560.0,242529.0,94
201000052186,10,6,16,1945,1,2,1,1.0,6.0,94002,M,4881050.0,241422.0,94
201000052187,10,6,22,135,5,2,3,1.0,6.0,94002,M,4881330.0,241482.0,94
201000052188,10,6,22,1040,1,2,3,1.0,3.0,94002,M,4878590.0,242647.0,94
201000052189,10,6,30,1430,1,2,1,1.0,3.0,94002,M,4879310.0,242555.0,94
201000052190,10,7,1,1050,1,2,2,1.0,3.0,94002,M,4879740.0,242408.0,94
201000052191,10,7,26,940,1,2,1,2.0,2.0,94002,M,4881450.0,241193.0,94
201000052192,10,8,23,2215,5,2,1,2.0,3.0,94002,M,4881450.0,241253.0,94
201000052193,10,8,24,1905,1,2,3,1.0,3.0,94002,M,4881470.0,241663.0,94
201000052194,10,9,5,1340,1,2,3,1.0,3.0,94002,M,4881470.0,241663.0,94
201000052195,10,9,4,2015,2,2,1,1.0,6.0,94002,M,4878530.0,242697.0,94
201000052196,10,9,30,835,1,2,3,2.0,6.0,94002,M,4881460.0,241384.0,94
201000052197,10,10,14,1050,1,2,2,1.0,3.0,94002,M,,,94
201000052198,10,10,18,1330,1,2,2,1.0,6.0,94002,M,,,94
201000052199,10,10,27,2205,5,2,3,8.0,3.0,94002,M,,,94
201000052200,10,10,28,1500,1,2,1,1.0,6.0,94002,M,,,94
201000052201,10,11,3,1400,1,2,1,1.0,3.0,94002,M,,,94
201000052202,10,11,7,135,5,2,1,2.0,2.0,94002,M,,,94
201000052203,10,11,16,1200,1,2,2,1.0,2.0,94002,M,,,94
201000052204,10,11,19,1720,5,2,2,1.0,4.0,94002,M,,,94
201000052205,10,12,6,750,5,2,3,2.0,3.0,94002,M,,,94
201000052206,10,12,15,740,4,2,1,1.0,6.0,94002,M,,,94
201000052207,10,1,4,945,1,2,1,1.0,6.0,94070,M,4871640.0,257248.0,94
201000052208,10,1,9,15,5,2,2,4.0,6.0,94004,M,4875290.0,253320.0,94
201000052209,10,1,16,345,5,1,3,1.0,7.0,94075,M,4873440.0,252044.0,94
201000052210,10,12,5,1200,1,2,1,1.0,7.0,94075,M,,,94
201000052211,10,1,27,830,1,2,2,1.0,3.0,94075,M,4871380.0,253767.0,94
201000052212,10,1,29,803,2,2,2,2.0,6.0,94071,M,4877170.0,250914.0,94
201000052213,10,1,30,1900,4,2,1,1.0,6.0,94044,M,4875160.0,248676.0,94
201000052214,10,2,1,1445,1,2,1,1.0,2.0,94075,M,4872090.0,252529.0,94
201000052215,10,2,2,715,5,2,4,1.0,6.0,94071,M,4877520.0,251449.0,94
201000052216,10,2,16,1355,1,2,3,1.0,3.0,94056,M,4869840.0,255049.0,94
201000052217,10,2,20,1605,1,2,1,1.0,6.0,94071,M,4877230.0,251853.0,94
201000052218,10,2,22,720,1,2,1,1.0,6.0,94044,M,4874920.0,248893.0,94
201000052219,10,2,24,2015,5,2,1,2.0,6.0,94071,M,4877130.0,250822.0,94
201000052220,10,3,9,1300,1,2,3,1.0,2.0,94004,M,4875800.0,249938.0,94
201000052221,10,3,16,1650,1,2,2,1.0,3.0,94071,M,4875900.0,253009.0,94
201000052222,10,3,17,1410,1,2,1,1.0,2.0,94004,M,4875190.0,250916.0,94
201000052223,10,3,27,1025,1,2,1,1.0,6.0,94004,M,4875940.0,250103.0,94
201000052224,10,3,29,2150,5,2,3,2.0,2.0,94075,M,4872740.0,253584.0,94
201000052225,10,3,30,935,1,2,1,1.0,2.0,94071,M,4877160.0,252564.0,94
201000052226,10,4,1,906,1,2,4,1.0,6.0,94048,M,4874240.0,256013.0,94
201000052227,10,4,8,1140,1,2,3,1.0,3.0,94075,M,4872300.0,253293.0,94
201000052228,10,4,9,1950,1,2,1,1.0,6.0,94048,M,4874100.0,255359.0,94
201000052229,10,4,13,750,1,2,3,8.0,1.0,94044,M,4874480.0,251175.0,94
201000052230,10,4,15,830,1,2,1,1.0,3.0,94071,M,4877460.0,251093.0,94
201000052231,10,4,16,40,5,2,1,1.0,7.0,94044,M,4875010.0,248206.0,94
201000052232,10,4,17,1320,1,2,1,1.0,3.0,94044,M,4875090.0,248450.0,94
201000052233,10,4,20,1430,1,2,1,1.0,6.0,94048,M,4874060.0,255363.0,94
201000052234,10,4,21,900,1,2,3,1.0,4.0,94048,M,4872750.0,253934.0,94
201000052235,10,4,26,1800,1,2,1,1.0,3.0,94004,M,4875490.0,250631.0,94
201000052236,10,4,29,1355,1,2,1,1.0,3.0,94044,M,4874020.0,248703.0,94
201000052237,10,4,29,1320,1,2,1,1.0,3.0,94044,M,4874600.0,251081.0,94
201000052238,10,4,29,1430,1,2,4,1.0,2.0,94004,M,4875510.0,250528.0,94
201000052239,10,5,1,140,5,2,2,1.0,1.0,94071,M,4877370.0,251727.0,94
201000052240,10,5,3,1730,1,2,1,1.0,6.0,94071,M,4876160.0,253346.0,94
201000052241,10,5,9,2150,3,2,1,3.0,1.0,94048,M,4872660.0,255441.0,94
201000052242,10,5,9,1710,1,2,1,1.0,6.0,94056,M,4869810.0,255090.0,94
201000052243,10,5,11,1340,1,2,4,2.0,3.0,94004,M,4874830.0,250913.0,94
201000052244,10,5,14,1845,1,2,1,1.0,6.0,94048,M,4872840.0,253931.0,94
201000052245,10,5,15,155,5,2,1,1.0,6.0,94044,M,4874970.0,248871.0,94
201000052246,10,5,19,1310,1,2,7,1.0,6.0,94004,M,4875010.0,250485.0,94
201000052247,10,5,19,1045,1,2,3,1.0,6.0,94071,M,4877320.0,251807.0,94
201000052248,10,5,20,1200,1,2,3,1.0,2.0,94075,M,4873130.0,252392.0,94
201000052249,10,9,17,1720,1,2,2,1.0,3.0,94071,M,4877750.0,251413.0,94
201000052250,10,6,2,1330,1,2,6,1.0,6.0,94071,M,4876840.0,252424.0,94
201000052251,10,6,5,1020,1,2,1,7.0,6.0,94071,M,4877160.0,252565.0,94
201000052252,10,6,7,735,1,2,1,1.0,3.0,94004,M,4875350.0,252329.0,94
201000052253,10,6,7,1250,1,2,2,1.0,3.0,94075,M,4872750.0,253101.0,94
201000052254,10,6,19,530,2,2,6,2.0,7.0,94047,M,4871030.0,255798.0,94
201000052255,10,6,21,1350,1,2,1,1.0,3.0,94056,M,4869340.0,255756.0,94
201000052256,10,6,22,1035,1,2,5,1.0,3.0,94071,M,4877080.0,252234.0,94
201000052257,10,6,24,1450,1,2,1,1.0,6.0,94071,M,4877360.0,252520.0,94
201000052258,10,6,24,2050,1,2,1,1.0,3.0,94071,M,4877500.0,252226.0,94
201000052259,10,6,25,935,1,2,1,1.0,6.0,94071,M,,,94
201000052260,10,6,28,700,1,2,1,1.0,3.0,94075,M,4873360.0,251713.0,94
201000052261,10,6,29,915,1,2,1,1.0,2.0,94075,M,,,94
201000052262,10,6,29,1825,1,2,6,1.0,3.0,94071,M,4877460.0,251093.0,94
201000052263,10,6,30,1000,1,2,5,1.0,3.0,94071,M,4877300.0,251052.0,94
201000052264,10,6,30,1845,1,2,3,1.0,3.0,94075,M,4872130.0,252914.0,94
201000052265,10,7,2,2045,1,2,1,1.0,1.0,94004,M,4875170.0,253133.0,94
201000052266,10,7,8,840,1,2,1,1.0,2.0,94070,M,4872030.0,256665.0,94
201000052267,10,7,9,1855,1,2,1,1.0,3.0,94004,M,4875190.0,250916.0,94
201000052268,10,7,26,1300,1,2,2,1.0,3.0,94004,M,4874940.0,250840.0,94
201000052269,10,7,27,2340,5,2,2,2.0,1.0,94044,M,4874480.0,251175.0,94
201000052270,10,8,9,1320,1,1,3,1.0,2.0,94075,M,4873440.0,252044.0,94
201000052271,10,8,11,1845,1,2,3,2.0,3.0,94071,M,4877810.0,251161.0,94
201000052272,10,8,13,1400,1,2,2,1.0,2.0,94004,M,4874940.0,250840.0,94
201000052273,10,8,13,1855,1,2,3,2.0,7.0,94004,M,4875820.0,250336.0,94
201000052274,10,8,14,1250,1,2,4,1.0,2.0,94004,M,4875370.0,250654.0,94
201000052275,10,8,26,2050,2,2,1,2.0,7.0,94004,M,4875830.0,250321.0,94
201000052276,10,9,8,2035,4,2,2,2.0,6.0,94075,M,4872220.0,253358.0,94
201000052277,10,9,16,1340,1,2,1,8.0,3.0,94044,M,4874420.0,247588.0,94
201000052278,10,9,16,1345,1,2,3,8.0,3.0,94071,M,4876410.0,252565.0,94
201000052279,10,9,19,1205,1,2,1,1.0,7.0,94070,M,4871460.0,257567.0,94
201000052280,10,9,22,1505,1,2,1,1.0,3.0,94071,M,4876380.0,252468.0,94
201000052281,10,9,25,1115,1,2,3,1.0,3.0,94004,M,4875800.0,249938.0,94
201000052282,10,9,27,2045,5,2,3,1.0,3.0,94044,M,4875190.0,248753.0,94
201000052283,10,10,1,1650,1,2,1,2.0,1.0,94004,M,,,94
201000052284,10,10,1,1255,1,2,1,1.0,7.0,94004,M,,,94
201000052285,10,10,4,825,1,1,1,2.0,2.0,94070,M,,,94
201000052286,10,10,7,1330,1,2,6,1.0,3.0,94044,M,,,94
201000052287,10,10,8,1930,5,2,1,1.0,1.0,94044,M,,,94
201000052288,10,10,8,1950,5,2,1,1.0,3.0,94004,M,,,94
201000052289,10,10,9,1210,1,2,1,1.0,6.0,94044,M,,,94
201000052290,10,10,15,2030,5,2,1,1.0,1.0,94004,M,,,94
201000052291,10,10,10,2125,5,2,3,1.0,3.0,94075,M,,,94
201000052292,10,10,12,1610,1,2,2,7.0,6.0,94071,M,,,94
201000052293,10,10,15,900,1,2,3,1.0,3.0,94047,M,,,94
201000052294,10,10,15,1700,1,2,1,1.0,7.0,94071,M,,,94
201000052295,10,10,22,715,5,2,1,1.0,3.0,94044,M,,,94
201000052296,10,10,16,2150,5,2,1,1.0,6.0,94044,M,,,94
201000052297,10,10,19,1815,1,2,4,1.0,3.0,94044,M,,,94
201000052298,10,10,19,2010,5,2,1,2.0,6.0,94070,M,,,94
201000052299,10,10,19,2025,3,2,3,2.0,7.0,94048,M,,,94
201000052300,10,10,20,805,1,2,3,2.0,3.0,94044,M,,,94
201000052301,10,10,22,1915,5,2,4,1.0,2.0,94044,M,,,94
201000052302,10,10,29,820,1,2,1,1.0,1.0,94070,M,,,94
201000052303,10,10,30,1600,1,2,1,1.0,3.0,94047,M,,,94
201000052304,10,10,30,1715,1,2,1,1.0,3.0,94047,M,,,94
201000052305,10,11,2,1620,1,2,1,1.0,1.0,94048,M,,,94
201000052306,10,11,3,1803,5,2,3,8.0,3.0,94004,M,,,94
201000052307,10,11,6,1830,3,1,3,2.0,1.0,94044,M,,,94
201000052308,10,11,6,1305,1,2,1,2.0,6.0,94004,M,,,94
201000052309,10,11,6,250,3,2,1,1.0,3.0,94075,M,,,94
201000052310,10,11,9,1545,1,2,4,2.0,3.0,94004,M,,,94
201000052311,10,11,11,1255,1,2,3,2.0,3.0,94004,M,,,94
201000052312,10,11,18,1700,5,2,3,8.0,6.0,94044,M,,,94
201000052313,10,11,18,1908,5,2,9,8.0,6.0,94075,M,,,94
201000052314,10,11,19,745,1,2,3,1.0,7.0,94071,M,,,94
201000052315,10,11,22,800,5,1,3,9.0,7.0,94004,M,,,94
201000052316,10,11,28,1040,1,2,1,1.0,7.0,94044,M,,,94
201000052317,10,12,6,1140,1,2,1,2.0,3.0,94044,M,,,94
201000052318,10,12,6,2200,5,2,2,2.0,3.0,94044,M,,,94
201000052319,10,12,7,1340,1,2,3,4.0,2.0,94075,M,,,94
201000052320,10,12,8,530,4,2,1,2.0,1.0,94075,M,,,94
201000052321,10,12,10,830,1,2,1,9.0,1.0,94075,M,,,94
201000052322,10,12,12,750,1,1,6,1.0,6.0,94071,M,,,94
201000052323,10,12,12,1615,1,2,1,1.0,4.0,94044,M,,,94
201000052324,10,12,14,1535,1,2,1,1.0,6.0,94071,M,,,94
201000052325,10,12,18,530,5,2,1,4.0,7.0,94071,M,,,94
201000052326,10,9,23,2020,5,2,1,1.0,2.0,94044,M,4873990.0,248998.0,94
201000052327,10,1,5,1350,1,2,2,1.0,3.0,94017,M,4882130.0,251560.0,94
201000052328,10,1,5,1630,1,2,1,1.0,6.0,94017,M,4881470.0,254690.0,94
201000052329,10,1,17,2140,5,2,4,1.0,3.0,94017,M,4882010.0,248415.0,94
201000052330,10,1,22,1420,1,2,1,1.0,2.0,94017,M,4882750.0,251096.0,94
201000052331,10,1,25,925,1,2,2,1.0,2.0,94017,M,4881460.0,250798.0,94
201000052332,10,1,28,710,5,2,3,2.0,6.0,94017,M,4881600.0,250281.0,94
201000052333,10,1,28,1910,5,2,1,1.0,6.0,94017,M,4881520.0,250582.0,94
201000052334,10,1,29,640,5,2,3,2.0,2.0,94017,M,4881950.0,248652.0,94
201000052335,10,2,3,1700,1,2,1,1.0,6.0,94017,M,4881090.0,252413.0,94
201000052336,10,2,4,800,1,2,1,1.0,3.0,94017,M,4881400.0,250938.0,94
201000052337,10,2,4,1530,1,2,2,1.0,2.0,94017,M,4881350.0,251128.0,94
201000052338,10,2,5,850,1,2,1,2.0,2.0,94017,M,4882710.0,250791.0,94
201000052339,10,2,6,1800,5,2,1,1.0,6.0,94017,M,4880420.0,254645.0,94
201000052340,10,2,6,2255,5,2,1,1.0,7.0,94017,M,4880800.0,252490.0,94
201000052341,10,2,15,830,1,2,1,1.0,4.0,94017,M,4881640.0,251196.0,94
201000052342,10,2,17,1500,1,2,1,1.0,6.0,94017,M,4881640.0,251196.0,94
201000052343,10,2,18,1410,1,2,2,1.0,3.0,94017,M,4881090.0,256073.0,94
201000052344,10,2,19,1900,4,2,1,1.0,2.0,94017,M,4881640.0,251197.0,94
201000052345,10,2,20,250,5,2,1,1.0,3.0,94017,M,4882710.0,250865.0,94
201000052346,10,2,20,2140,5,2,3,1.0,3.0,94017,M,4882140.0,251081.0,94
201000052347,10,2,22,1005,1,2,1,1.0,3.0,94017,M,4882700.0,250735.0,94
201000052348,10,2,23,840,1,2,6,2.0,7.0,94017,M,4881590.0,256161.0,94
201000052349,10,2,27,1611,1,2,1,1.0,2.0,94017,M,4881610.0,253850.0,94
201000052350,10,2,28,1700,1,2,1,1.0,7.0,94017,M,4881960.0,251487.0,94
201000052351,10,3,7,1315,1,2,1,1.0,3.0,94017,M,4882740.0,251198.0,94
201000052352,10,3,12,1830,1,2,1,1.0,3.0,94017,M,4882730.0,251582.0,94
201000052353,10,3,13,40,5,2,1,1.0,5.0,94017,M,4883060.0,249313.0,94
201000052354,10,3,14,1440,1,2,1,1.0,6.0,94017,M,4881320.0,250999.0,94
201000052355,10,3,16,1110,1,2,1,1.0,6.0,94017,M,4881950.0,249731.0,94
201000052356,10,3,20,1652,1,2,2,1.0,6.0,94017,M,4881350.0,251128.0,94
201000052357,10,3,28,1915,1,2,1,1.0,3.0,94017,M,4882710.0,251036.0,94
201000052358,10,3,30,1040,1,2,3,1.0,3.0,94017,M,4882690.0,250994.0,94
201000052359,10,4,1,1340,1,2,6,1.0,3.0,94017,M,4881120.0,253645.0,94
201000052360,10,4,2,1230,1,2,1,1.0,6.0,94017,M,4881040.0,253707.0,94
201000052361,10,4,6,855,1,2,3,1.0,3.0,94017,M,,,94
201000052362,10,4,7,350,5,2,3,1.0,3.0,94017,M,4881600.0,250281.0,94
201000052363,10,4,10,2200,5,2,2,1.0,4.0,94017,M,4881190.0,251280.0,94
201000052364,10,4,14,1645,1,2,1,1.0,6.0,94017,M,4881740.0,253888.0,94
201000052365,10,4,15,1535,1,2,1,1.0,6.0,94017,M,4881290.0,251393.0,94
201000052366,10,4,17,1110,1,2,2,1.0,3.0,94017,M,4882710.0,251794.0,94
201000052367,10,4,22,1245,1,2,3,1.0,3.0,94017,M,4882130.0,248473.0,94
201000052368,10,4,23,1750,1,2,7,1.0,3.0,94017,M,4880980.0,255086.0,94
201000052369,10,4,25,2035,2,2,6,1.0,3.0,94017,M,4881170.0,253644.0,94
201000052370,10,4,30,1540,1,2,1,1.0,3.0,94017,M,4881240.0,253897.0,94
201000052371,10,4,30,1815,1,2,1,1.0,6.0,94017,M,4880970.0,253985.0,94
201000052372,10,5,6,1630,1,2,3,1.0,3.0,94017,M,4880580.0,254525.0,94
201000052373,10,5,7,815,1,2,2,1.0,3.0,94017,M,4881370.0,250174.0,94
201000052374,10,5,7,840,1,2,1,1.0,3.0,94017,M,4882740.0,251220.0,94
201000052375,10,5,10,1630,1,2,1,1.0,6.0,94017,M,4881000.0,253733.0,94
201000052376,10,5,11,1350,1,2,3,1.0,6.0,94017,M,4881910.0,251666.0,94
201000052377,10,5,12,2110,2,2,1,1.0,6.0,94017,M,4881840.0,249161.0,94
201000052378,10,5,17,1000,1,2,3,1.0,3.0,94017,M,4881430.0,250865.0,94
201000052379,10,5,18,850,1,2,1,1.0,6.0,94017,M,4881900.0,248878.0,94
201000052380,10,5,19,1820,1,2,3,1.0,6.0,94017,M,4881890.0,248898.0,94
201000052381,10,5,22,1110,1,2,1,1.0,6.0,94017,M,4881580.0,248953.0,94
201000052382,10,5,22,2025,1,2,1,1.0,6.0,94017,M,4882880.0,249351.0,94
201000052383,10,6,1,930,1,2,3,1.0,6.0,94017,M,4881630.0,250200.0,94
201000052384,10,6,1,1325,1,2,2,1.0,6.0,94017,M,4881370.0,251025.0,94
201000052385,10,6,2,1220,1,2,1,1.0,6.0,94017,M,4881380.0,250988.0,94
201000052386,10,6,3,1755,1,2,1,1.0,6.0,94017,M,4881890.0,248631.0,94
201000052387,10,6,3,1530,1,2,1,1.0,3.0,94017,M,4882730.0,250855.0,94
201000052388,10,6,4,1135,1,2,3,1.0,6.0,94017,M,4882470.0,251001.0,94