Num_Acc,an,mois,jour,hrmn,lum,agg,int,atm,col,com,gps,lat,long,dep
201000052389,10,6,6,100,5,2,3,1.0,3.0,94017,M,4881770.0,250851.0,94
201000052390,10,6,7,900,1,2,4,1.0,3.0,94017,M,4882000.0,248249.0,94
201000052391,10,6,7,1530,1,2,1,1.0,2.0,94017,M,4881160.0,252190.0,94
201000052392,10,6,10,1330,1,2,1,1.0,5.0,94017,M,4882730.0,251303.0,94
201000052393,10,6,15,2045,2,2,3,1.0,3.0,94017,M,4881600.0,250281.0,94
201000052394,10,6,17,1730,1,2,1,1.0,6.0,94017,M,4881600.0,248791.0,94
201000052395,10,6,21,1320,1,2,2,1.0,3.0,94017,M,4881600.0,254161.0,94
201000052396,10,6,24,1825,1,2,2,1.0,2.0,94017,M,4880440.0,254607.0,94
201000052397,10,6,25,1850,1,2,1,1.0,3.0,94017,M,4881750.0,253688.0,94
201000052398,10,6,30,2055,1,2,2,1.0,3.0,94017,M,4881050.0,254742.0,94
201000052399,10,7,4,655,2,2,4,1.0,3.0,94017,M,4882010.0,248415.0,94
201000052400,10,7,4,1935,1,2,4,1.0,3.0,94017,M,4883050.0,249858.0,94
201000052401,10,7,4,2240,5,2,2,1.0,3.0,94017,M,4882010.0,248415.0,94
201000052402,10,7,5,1520,1,2,3,1.0,3.0,94017,M,4881270.0,249517.0,94
201000052403,10,7,6,920,1,2,1,1.0,3.0,94017,M,4882360.0,249645.0,94
201000052404,10,7,8,725,1,2,2,1.0,5.0,94017,M,4882370.0,249643.0,94
201000052405,10,7,8,1305,1,2,1,1.0,6.0,94017,M,4882410.0,249799.0,94
201000052406,10,7,19,1740,1,2,4,1.0,2.0,94017,M,4882010.0,248415.0,94
201000052407,10,7,20,1450,1,2,1,1.0,3.0,94017,M,4880750.0,253755.0,94
201000052408,10,7,22,850,1,2,1,1.0,2.0,94017,M,4881120.0,253929.0,94
201000052409,10,8,2,1250,1,2,1,1.0,3.0,94017,M,4883070.0,249777.0,94
201000052410,10,8,5,25,5,2,1,1.0,3.0,94017,M,4881490.0,250703.0,94
201000052411,10,8,5,2310,5,2,2,1.0,2.0,94017,M,4882980.0,249321.0,94
201000052412,10,8,7,1455,1,2,2,1.0,6.0,94017,M,4881370.0,251025.0,94
201000052413,10,8,8,1940,1,2,6,1.0,7.0,94017,M,4881500.0,251733.0,94
201000052414,10,8,11,1645,1,2,3,1.0,3.0,94017,M,4881500.0,253803.0,94
201000052415,10,8,17,1220,1,2,1,1.0,6.0,94017,M,4881550.0,251499.0,94
201000052416,10,8,21,1130,1,2,1,1.0,3.0,94017,M,4882270.0,249309.0,94
201000052417,10,8,23,1330,1,2,1,2.0,1.0,94017,M,4880910.0,254831.0,94
201000052418,10,8,28,30,5,2,2,1.0,7.0,94017,M,4882160.0,248962.0,94
201000052419,10,9,2,2020,1,2,2,1.0,3.0,94017,M,4881050.0,254742.0,94
201000052420,10,9,12,1810,1,2,3,1.0,3.0,94017,M,4882690.0,250954.0,94
201000052421,10,9,15,1750,1,2,3,1.0,6.0,94017,M,4880670.0,255404.0,94
201000052422,10,9,15,1835,1,2,3,1.0,3.0,94017,M,4882270.0,249308.0,94
201000052423,10,9,15,1910,1,2,3,1.0,3.0,94017,M,4881440.0,253766.0,94
201000052424,10,9,20,1530,1,2,1,1.0,6.0,94017,M,4881320.0,254019.0,94
201000052425,10,9,23,1810,1,2,4,1.0,1.0,94017,M,4881900.0,249614.0,94
201000052426,10,10,1,1625,1,2,2,1.0,3.0,94017,M,,,94
201000052427,10,10,2,1940,5,2,1,1.0,6.0,94017,M,,,94
201000052428,10,10,4,1730,1,2,3,1.0,3.0,94017,M,,,94
201000052429,10,10,7,1745,1,2,3,1.0,6.0,94017,M,,,94
201000052430,10,10,7,1230,1,2,1,1.0,3.0,94017,M,,,94
201000052431,10,10,7,2057,5,2,2,1.0,3.0,94017,M,,,94
201000052432,10,10,11,1035,1,2,1,1.0,2.0,94017,M,,,94
201000052433,10,10,11,1155,1,2,1,1.0,3.0,94017,M,,,94
201000052434,10,10,12,750,1,1,2,1.0,6.0,94017,M,,,94
201000052435,10,10,13,1025,1,2,1,1.0,6.0,94017,M,,,94
201000052436,10,10,15,2100,5,2,2,2.0,3.0,94017,M,,,94
201000052437,10,10,16,150,5,2,1,1.0,3.0,94017,M,,,94
201000052438,10,10,20,10,5,2,3,1.0,3.0,94017,M,,,94
201000052439,10,10,24,400,4,2,1,1.0,7.0,94017,M,,,94
201000052440,10,10,25,1620,1,2,3,1.0,6.0,94017,M,,,94
201000052441,10,10,31,1325,1,2,3,1.0,3.0,94017,M,,,94
201000052442,10,11,2,1735,1,2,1,1.0,6.0,94017,M,,,94
201000052443,10,11,8,1130,1,2,3,2.0,4.0,94017,M,,,94
201000052444,10,11,17,1410,1,2,4,1.0,7.0,94017,M,,,94
201000052445,10,11,19,1330,1,2,2,8.0,3.0,94017,M,,,94
201000052446,10,11,19,1730,5,2,2,1.0,5.0,94017,M,,,94
201000052447,10,11,20,1325,1,2,3,1.0,3.0,94017,M,,,94
201000052448,10,11,29,1605,1,2,2,4.0,4.0,94017,M,,,94
201000052449,10,11,30,2000,4,2,1,1.0,3.0,94017,M,,,94
201000052450,10,12,7,1850,4,2,3,9.0,6.0,94017,M,,,94
201000052451,10,12,8,700,4,2,1,1.0,1.0,94017,M,,,94
201000052452,10,12,12,545,5,2,1,1.0,6.0,94017,M,,,94
201000052453,10,12,12,1350,1,2,2,1.0,3.0,94017,M,,,94
201000052454,10,12,21,1815,5,2,1,8.0,7.0,94017,M,,,94
201000052455,10,12,31,630,5,2,4,1.0,6.0,94017,M,,,94
201000052456,10,1,7,1300,1,2,3,4.0,3.0,94017,M,4880820.0,254976.0,94
201000052457,10,1,3,1810,5,2,1,1.0,6.0,94018,M,4882230.0,239796.0,94
201000052458,10,1,4,815,2,2,3,1.0,6.0,94069,M,4881640.0,245694.0,94
201000052459,10,1,23,2010,5,2,1,2.0,5.0,94018,M,4882430.0,240934.0,94
201000052460,10,7,28,1320,1,2,2,1.0,2.0,94069,M,4882410.0,241993.0,94
201000052461,10,1,24,1010,1,2,1,2.0,7.0,94018,M,4882080.0,241238.0,94
201000052462,10,1,27,1245,1,2,1,8.0,1.0,94069,M,4881820.0,243625.0,94
201000052463,10,1,27,1605,1,2,1,1.0,7.0,94018,M,4882320.0,241900.0,94
201000052464,10,1,30,820,1,2,1,4.0,7.0,94069,M,4882420.0,242501.0,94
201000052465,10,3,8,1915,5,2,1,1.0,3.0,94018,M,4882000.0,240472.0,94
201000052466,10,3,13,1045,1,2,1,1.0,1.0,94069,M,4881790.0,242385.0,94
201000052467,10,3,16,1800,1,2,1,1.0,6.0,94018,M,4882250.0,241210.0,94
201000052468,10,3,17,1635,1,2,1,1.0,3.0,94018,M,4882310.0,241982.0,94
201000052469,10,3,19,1615,1,2,1,1.0,3.0,94018,M,4882380.0,241314.0,94
201000052470,10,3,24,2140,5,2,5,1.0,3.0,94018,M,4882430.0,241772.0,94
201000052471,10,3,31,1740,1,2,2,1.0,6.0,94018,M,4882450.0,240548.0,94
201000052472,10,4,9,1215,1,2,1,1.0,7.0,94018,M,4882280.0,239679.0,94
201000052473,10,4,10,1830,1,2,1,1.0,7.0,94018,M,4881790.0,241227.0,94
201000052474,10,4,12,2320,5,2,1,1.0,3.0,94018,M,4882030.0,240374.0,94
201000052475,10,5,11,1400,1,2,1,2.0,6.0,94069,M,4881790.0,244273.0,94
201000052476,10,5,14,1625,1,2,2,1.0,6.0,94018,M,4882510.0,240610.0,94
201000052477,10,5,17,1710,1,2,7,1.0,6.0,94069,M,4881480.0,246001.0,94
201000052478,10,5,17,2050,1,2,1,1.0,3.0,94069,M,4881710.0,245604.0,94
201000052479,10,5,19,1200,1,2,3,1.0,3.0,94018,M,4882100.0,241459.0,94
201000052480,10,5,20,1935,1,2,1,1.0,6.0,94018,M,4882280.0,240536.0,94
201000052481,10,5,21,1120,1,2,1,1.0,6.0,94018,M,4882380.0,239724.0,94
201000052482,10,6,1,1915,1,2,1,2.0,2.0,94018,M,4882630.0,240776.0,94
201000052483,10,6,1,2010,2,2,3,2.0,3.0,94018,M,4882750.0,240446.0,94
201000052484,10,6,2,920,1,2,3,1.0,3.0,94018,M,4882380.0,240460.0,94
201000052485,10,6,9,950,1,2,2,2.0,3.0,94069,M,4881720.0,245907.0,94
201000052486,10,6,14,1920,1,2,3,1.0,3.0,94018,M,4882060.0,240246.0,94
201000052487,10,6,15,1255,1,2,3,1.0,6.0,94018,M,4881790.0,241805.0,94
201000052488,10,6,17,1615,1,2,3,2.0,7.0,94018,M,4882410.0,241555.0,94
201000052489,10,6,24,1550,1,2,2,1.0,3.0,94018,M,4882780.0,240402.0,94
201000052490,10,6,25,2000,1,2,1,1.0,6.0,94069,M,4881810.0,243360.0,94
201000052491,10,6,26,1125,1,2,2,1.0,3.0,94069,M,4882130.0,241967.0,94
201000052492,10,6,29,830,1,2,1,2.0,2.0,94069,M,4881810.0,243183.0,94
201000052493,10,7,6,2310,3,2,1,1.0,6.0,94069,M,4881670.0,243388.0,94
201000052494,10,7,7,840,1,2,4,7.0,3.0,94018,M,4881850.0,241066.0,94
201000052495,10,7,11,130,5,2,1,1.0,7.0,94018,M,4881750.0,241957.0,94
201000052496,10,7,13,450,5,2,1,1.0,7.0,94069,M,4881740.0,245238.0,94
201000052497,10,7,15,910,1,2,2,1.0,3.0,94069,M,4882410.0,241993.0,94
201000052498,10,7,16,1515,1,2,1,1.0,6.0,94018,M,4881870.0,241781.0,94
201000052499,10,7,18,2155,5,2,2,1.0,3.0,94018,M,4881780.0,241954.0,94
201000052500,10,7,20,1100,1,2,1,7.0,6.0,94018,M,4881850.0,241066.0,94
201000052501,10,6,22,905,1,2,1,1.0,6.0,94069,M,4881780.0,242099.0,94
201000052502,10,7,24,1840,1,2,2,1.0,3.0,94018,M,4882590.0,240687.0,94
201000052503,10,8,6,2345,4,2,2,1.0,3.0,94018,M,4881780.0,241954.0,94
201000052504,10,8,13,1305,1,2,1,1.0,6.0,94069,M,4882130.0,242017.0,94
201000052505,10,8,13,1815,1,2,1,1.0,3.0,94018,M,4881790.0,241230.0,94
201000052506,10,8,25,1815,1,2,2,1.0,6.0,94018,M,4882340.0,241985.0,94
201000052507,10,9,10,45,5,2,2,1.0,3.0,94018,M,4882590.0,240687.0,94
201000052508,10,9,19,2000,5,2,1,1.0,3.0,94018,M,4881760.0,241957.0,94
201000052509,10,9,21,830,1,2,1,1.0,3.0,94018,M,4882510.0,240610.0,94
201000052510,10,9,24,1825,1,2,2,1.0,3.0,94018,M,4882410.0,241993.0,94
201000052511,10,9,27,2300,5,2,1,1.0,3.0,94018,M,4882870.0,240254.0,94
201000052512,10,9,28,1645,1,2,1,1.0,7.0,94018,M,4882300.0,239631.0,94
201000052513,10,9,30,1155,1,2,1,8.0,7.0,94018,M,4882010.0,241417.0,94
201000052514,10,10,1,140,5,2,5,1.0,7.0,94069,M,,,94
201000052515,10,10,1,2330,5,2,2,2.0,2.0,94069,M,,,94
201000052516,10,10,11,735,1,2,2,1.0,2.0,94069,M,,,94
201000052517,10,10,11,1045,1,2,1,7.0,3.0,94018,M,,,94
201000052518,10,10,13,2330,5,2,3,1.0,3.0,94018,M,,,94
201000052519,10,10,15,2250,5,2,3,2.0,7.0,94018,M,,,94
201000052520,10,10,18,1000,1,2,2,8.0,2.0,94018,M,,,94
201000052521,10,10,22,1525,1,2,1,1.0,3.0,94069,M,,,94
201000052522,10,10,24,120,5,2,1,2.0,2.0,94069,M,,,94
201000052523,10,10,26,1515,1,2,1,1.0,3.0,94018,M,,,94
201000052524,10,9,28,1650,1,2,3,1.0,3.0,94018,M,4882180.0,239937.0,94
201000052525,10,9,19,2145,1,2,2,1.0,2.0,94069,M,4882420.0,242346.0,94
201000052526,10,11,8,1300,1,2,1,3.0,7.0,94069,M,,,94
201000052527,10,11,12,1300,1,2,1,2.0,7.0,94018,M,,,94
201000052528,10,11,15,1640,2,2,1,2.0,6.0,94018,M,,,94
201000052529,10,11,21,1230,1,2,1,2.0,7.0,94069,M,,,94
201000052530,10,11,22,1010,1,2,1,8.0,7.0,94018,M,,,94
201000052531,10,11,24,1730,5,2,1,2.0,6.0,94069,M,,,94
201000052532,10,11,24,2345,5,2,2,2.0,1.0,94069,M,,,94
201000052533,10,11,28,2130,5,2,1,1.0,7.0,94018,M,,,94
201000052534,10,11,16,1800,5,2,3,1.0,6.0,94018,M,,,94
201000052535,10,12,14,1055,1,2,3,8.0,4.0,94069,M,,,94
201000052536,10,12,15,830,1,2,1,1.0,6.0,94069,M,,,94
201000052537,10,12,16,2115,5,2,3,1.0,6.0,94018,M,,,94
201000052538,10,12,25,1925,5,2,2,1.0,3.0,94018,M,,,94
201000052539,10,12,29,745,5,2,2,1.0,7.0,94018,M,,,94
201000052540,10,12,29,1945,3,2,3,1.0,3.0,94069,M,,,94
201000052541,10,7,11,1830,1,2,1,1.0,6.0,94018,M,4882200.0,241157.0,94
201000052542,10,1,8,810,1,2,4,4.0,6.0,94055,M,4879540.0,255017.0,94
201000052543,10,1,15,850,1,2,2,1.0,3.0,94079,M,4882110.0,256280.0,94
201000052544,10,1,16,1920,5,2,1,2.0,6.0,94019,M,4880220.0,254976.0,94
201000052545,10,1,18,1455,1,2,1,8.0,4.0,94060,M,4878170.0,257069.0,94
201000052546,10,1,24,2155,5,2,1,2.0,7.0,94019,M,4879490.0,252865.0,94
201000052547,10,1,29,1415,1,2,1,2.0,3.0,94019,M,4879460.0,252418.0,94
201000052548,10,1,31,1810,5,2,1,8.0,1.0,94019,M,4879490.0,252865.0,94
201000052549,10,2,9,810,1,2,2,2.0,3.0,94055,M,4878720.0,253244.0,94
201000052550,10,2,9,1705,2,2,1,8.0,6.0,94079,M,4882940.0,253758.0,94
201000052551,10,2,10,2235,5,2,1,8.0,7.0,94079,M,4883410.0,253731.0,94
201000052552,10,2,11,1925,5,2,1,4.0,6.0,94060,M,4879030.0,258443.0,94
201000052553,10,2,16,1835,5,2,2,1.0,3.0,94059,M,4880680.0,257089.0,94
201000052554,10,2,18,1825,5,2,1,2.0,6.0,94019,M,4880150.0,254882.0,94
201000052555,10,2,19,1545,1,2,1,1.0,6.0,94019,M,4880210.0,253956.0,94
201000052556,10,2,22,1515,1,2,1,1.0,7.0,94059,M,4880790.0,256073.0,94
201000052557,10,3,1,2240,5,2,4,2.0,3.0,94055,M,4879750.0,254738.0,94
201000052558,10,3,5,2035,2,2,2,1.0,3.0,94079,M,4883280.0,254420.0,94
201000052559,10,3,8,1010,1,2,2,1.0,3.0,94059,M,4882110.0,256280.0,94
201000052560,10,3,13,1315,1,2,1,1.0,3.0,94019,M,4879480.0,255810.0,94
201000052561,10,3,15,2050,5,2,6,1.0,1.0,94079,M,4882750.0,252768.0,94
201000052562,10,3,17,820,1,2,3,1.0,3.0,94079,M,4882740.0,254558.0,94
201000052563,10,3,20,2035,5,2,2,3.0,3.0,94079,M,4882110.0,256280.0,94
201000052564,10,3,25,1800,1,2,3,1.0,2.0,94079,M,4882730.0,253181.0,94
201000052565,10,3,31,910,1,2,1,8.0,5.0,94059,M,4881750.0,255999.0,94
201000052566,10,4,1,1515,1,2,2,1.0,3.0,94053,M,4877560.0,254851.0,94
201000052567,10,4,2,1000,1,2,1,1.0,6.0,94060,M,4879320.0,257062.0,94
201000052568,10,4,2,1845,1,2,2,9.0,1.0,94060,M,4878000.0,257810.0,94
201000052569,10,4,2,1955,5,2,3,2.0,3.0,94059,M,4881210.0,256724.0,94
201000052570,10,4,8,1645,1,2,1,1.0,7.0,94079,M,4882440.0,253432.0,94
201000052571,10,4,9,1830,1,2,3,1.0,3.0,94055,M,4878090.0,251670.0,94
201000052572,10,4,10,1600,1,2,1,1.0,6.0,94079,M,4883100.0,253540.0,94
201000052573,10,4,12,1,3,2,1,1.0,1.0,94019,M,4879400.0,255966.0,94
201000052574,10,4,14,1115,1,2,2,1.0,2.0,94055,M,4879220.0,255492.0,94
201000052575,10,4,16,845,1,2,4,1.0,3.0,94079,M,4882940.0,253927.0,94
201000052576,10,4,16,1635,1,2,1,1.0,6.0,94053,M,4877200.0,254680.0,94
201000052577,10,4,19,1110,1,2,2,1.0,6.0,94059,M,4880950.0,257489.0,94
201000052578,10,4,21,1810,1,2,1,1.0,2.0,94019,M,4879260.0,253005.0,94
201000052579,10,4,23,2330,5,2,2,1.0,5.0,94055,M,4879540.0,255017.0,94
201000052580,10,4,30,1715,1,2,1,1.0,6.0,94079,M,4882290.0,254242.0,94
201000052581,10,5,1,525,5,2,1,1.0,7.0,94053,M,4877390.0,254637.0,94
201000052582,10,5,1,1725,1,2,4,8.0,7.0,94019,M,4878760.0,252065.0,94
201000052583,10,4,20,1250,1,2,2,1.0,3.0,94079,M,4882110.0,256280.0,94
201000052584,10,5,5,1740,1,2,1,1.0,1.0,94079,M,4882600.0,254485.0,94
201000052585,10,5,8,1635,1,2,5,1.0,4.0,94019,M,4879910.0,253367.0,94
201000052586,10,5,13,1215,1,2,1,1.0,1.0,94059,M,4880790.0,256598.0,94
201000052587,10,5,22,1125,1,2,3,1.0,2.0,94059,M,4880900.0,257386.0,94
201000052588,10,5,22,1725,1,2,1,1.0,6.0,94079,M,4882720.0,254290.0,94
201000052589,10,5,25,2130,2,2,2,2.0,3.0,94060,M,4878190.0,257019.0,94
201000052590,10,5,26,2215,5,2,6,1.0,7.0,94055,M,4878700.0,253764.0,94
201000052591,10,5,29,1715,1,2,3,2.0,3.0,94079,M,4882400.0,253397.0,94
201000052592,10,5,30,1230,1,2,3,1.0,3.0,94019,M,4879030.0,252245.0,94
201000052593,10,5,31,1810,1,2,1,1.0,1.0,94019,M,4879810.0,252463.0,94
201000052594,10,5,30,135,5,2,1,2.0,7.0,94079,M,4882340.0,252643.0,94
201000052595,10,6,1,1315,1,2,1,1.0,6.0,94079,M,4882220.0,253264.0,94
201000052596,10,6,2,1625,1,2,6,1.0,3.0,94055,M,4879200.0,255507.0,94
201000052597,10,6,7,845,1,2,2,1.0,6.0,94055,M,4878260.0,253295.0,94
201000052598,10,6,10,1340,1,2,1,2.0,6.0,94079,M,4882940.0,253927.0,94
201000052599,10,6,11,1650,1,2,1,1.0,6.0,94019,M,4879720.0,254750.0,94
201000052600,10,6,14,1900,1,2,3,1.0,3.0,94055,M,4878740.0,254425.0,94
201000052601,10,6,15,1710,1,2,4,1.0,3.0,94019,M,4878760.0,252065.0,94
201000052602,10,6,16,1925,1,2,1,1.0,2.0,94019,M,4879980.0,253373.0,94
201000052603,10,6,18,1140,1,2,8,1.0,6.0,94079,M,4882300.0,254285.0,94
201000052604,10,6,18,1925,1,2,3,1.0,3.0,94019,M,4880340.0,254920.0,94
201000052605,10,6,22,1610,1,2,3,1.0,3.0,94079,M,4882250.0,255330.0,94
201000052606,10,6,24,1840,1,2,1,1.0,2.0,94060,M,4879150.0,257087.0,94
201000052607,10,6,26,1800,1,2,3,1.0,4.0,94059,M,4881210.0,256724.0,94
201000052608,10,7,1,1650,1,2,3,1.0,4.0,94019,M,4879250.0,252615.0,94
201000052609,10,7,1,1750,1,2,1,1.0,3.0,94055,M,4878940.0,254892.0,94
201000052610,10,7,5,1130,1,2,1,1.0,7.0,94019,M,4879580.0,254559.0,94
201000052611,10,7,7,150,5,2,6,1.0,7.0,94079,M,4882260.0,254097.0,94
201000052612,10,7,7,1900,1,2,3,1.0,3.0,94055,M,4878130.0,252979.0,94
201000052613,10,7,9,1210,1,2,4,1.0,3.0,94019,M,4878760.0,252065.0,94
201000052614,10,7,12,1920,1,2,4,1.0,3.0,94055,M,4878090.0,252087.0,94
201000052615,10,7,18,1500,1,2,4,1.0,3.0,94055,M,4879540.0,255017.0,94
201000052616,10,7,21,1620,1,2,2,1.0,3.0,94079,M,4882150.0,255703.0,94
201000052617,10,7,22,1830,1,2,6,1.0,6.0,94019,M,4880570.0,253369.0,94
201000052618,10,7,24,1650,1,2,2,1.0,1.0,94079,M,4882350.0,256059.0,94
201000052619,10,7,31,1815,1,2,3,1.0,3.0,94079,M,4882490.0,256020.0,94
201000052620,10,8,2,755,1,2,2,2.0,3.0,94053,M,4877560.0,254851.0,94
201000052621,10,8,16,1050,1,2,1,3.0,2.0,94019,M,4878870.0,253124.0,94
201000052622,10,8,23,1620,1,2,2,1.0,4.0,94060,M,4878000.0,257810.0,94
201000052623,10,8,25,855,1,2,3,1.0,2.0,94053,M,4877420.0,254659.0,94
201000052624,10,9,2,1935,1,2,6,1.0,5.0,94079,M,4882310.0,254108.0,94
201000052625,10,9,7,1600,1,2,1,1.0,2.0,94019,M,4880060.0,254206.0,94
201000052626,10,9,8,655,5,2,1,2.0,6.0,94019,M,4879260.0,252634.0,94
201000052627,10,9,8,1820,1,2,1,2.0,5.0,94055,M,4879030.0,255087.0,94
201000052628,10,9,9,1610,1,2,6,8.0,3.0,94060,M,4879270.0,259200.0,94
201000052629,10,9,9,2025,5,2,2,2.0,3.0,94079,M,4881980.0,254827.0,94
201000052630,10,9,13,1705,1,2,1,1.0,3.0,94055,M,4878300.0,253271.0,94
201000052631,10,9,14,1650,1,2,3,1.0,3.0,94060,M,4879460.0,256573.0,94
201000052632,10,9,16,1815,1,2,4,1.0,2.0,94019,M,4880310.0,253770.0,94
201000052633,10,9,22,1150,1,2,1,1.0,3.0,94019,M,4879680.0,255958.0,94
201000052634,10,9,23,1900,2,2,2,1.0,3.0,94079,M,4883280.0,254420.0,94
201000052635,10,9,25,1815,2,2,1,1.0,3.0,94019,M,4879400.0,255982.0,94
201000052636,10,9,26,1830,1,2,2,3.0,3.0,94079,M,4882270.0,256215.0,94
201000052637,10,10,2,1,5,2,1,2.0,2.0,94019,M,,,94
201000052638,10,10,2,2235,5,2,3,1.0,1.0,94019,M,,,94
201000052639,10,10,7,1450,1,2,1,1.0,3.0,94055,M,,,94
201000052640,10,10,9,1720,1,1,3,1.0,5.0,94060,M,,,94
201000052641,10,10,9,1830,1,2,3,1.0,6.0,94079,M,,,94
201000052642,10,10,11,1530,1,2,2,1.0,5.0,94079,M,,,94
201000052643,10,10,16,750,2,2,1,2.0,4.0,94019,M,,,94
201000052644,10,10,17,2020,3,2,1,1.0,1.0,94059,M,,,94
201000052645,10,10,18,1215,1,2,1,1.0,3.0,94019,M,,,94
201000052646,10,10,19,845,1,2,3,2.0,3.0,94060,M,,,94
201000052647,10,10,20,1840,2,2,2,1.0,3.0,94059,M,,,94
201000052648,10,10,21,1100,1,2,2,1.0,3.0,94059,M,,,94
201000052649,10,10,30,1920,2,2,1,1.0,6.0,94055,M,,,94
201000052650,10,11,2,1350,1,2,2,2.0,2.0,94053,M,,,94
201000052651,10,11,2,1415,1,2,1,2.0,1.0,94059,M,,,94
201000052652,10,11,9,1800,3,2,2,3.0,6.0,94079,M,,,94
201000052653,10,11,9,1800,5,2,3,2.0,5.0,94079,M,,,94
201000052654,10,11,9,2250,5,2,2,2.0,3.0,94055,M,,,94
201000052655,10,11,15,1635,2,2,3,1.0,2.0,94019,M,,,94
201000052656,10,11,19,1825,5,2,1,2.0,6.0,94059,M,,,94
201000052657,10,11,23,1240,1,2,1,1.0,6.0,94079,M,,,94
201000052658,10,11,25,1535,1,2,1,8.0,6.0,94055,M,,,94
201000052659,10,11,30,1240,1,2,3,1.0,7.0,94079,M,,,94
201000052660,10,12,1,1810,4,2,1,4.0,2.0,94019,M,,,94
201000052661,10,12,8,715,5,2,3,4.0,6.0,94053,M,,,94
201000052662,10,12,14,1100,1,2,2,9.0,4.0,94019,M,,,94
201000052663,10,12,16,830,2,2,1,2.0,6.0,94060,M,,,94
201000052664,10,12,17,800,1,2,2,4.0,6.0,94055,M,,,94
201000052665,10,12,28,1810,5,2,4,2.0,3.0,94019,M,,,94
201000052666,10,2,17,1900,5,2,2,2.0,3.0,94022,M,4876440.0,240560.0,94
201000052667,10,1,12,2005,5,2,3,1.0,6.0,94022,M,4876560.0,241056.0,94
201000052668,10,4,24,1900,1,2,1,1.0,6.0,94022,M,4877380.0,239928.0,94
201000052669,10,2,3,740,1,2,3,2.0,1.0,94022,M,4875920.0,241247.0,94
201000052670,10,6,25,915,1,2,1,1.0,3.0,94022,M,4876740.0,241523.0,94
201000052671,10,7,3,245,5,2,2,2.0,1.0,94022,M,4875480.0,241506.0,94
201000052672,10,9,2,1653,1,2,2,1.0,3.0,94022,M,4875850.0,241292.0,94
201000052673,10,9,22,606,3,2,2,1.0,2.0,94054,M,4874950.0,238923.0,94
201000052674,10,9,27,420,5,2,2,2.0,3.0,94022,M,4876920.0,242229.0,94
201000052675,10,1,28,2000,5,2,3,1.0,6.0,94022,M,4876940.0,240219.0,94
201000052676,10,1,29,830,1,2,2,2.0,6.0,94022,M,4877140.0,240604.0,94
201000052677,10,1,29,1920,5,2,1,2.0,6.0,94054,M,4874870.0,240667.0,94
201000052678,10,10,15,909,1,2,1,1.0,6.0,94022,M,,,94
201000052679,10,1,31,1210,1,2,3,1.0,1.0,94022,M,4876870.0,241370.0,94
201000052680,10,2,3,1522,1,2,2,1.0,6.0,94022,M,4876430.0,240541.0,94
201000052681,10,12,13,1700,2,2,1,1.0,6.0,94022,M,,,94
201000052682,10,2,19,1120,1,2,2,1.0,3.0,94054,M,4874510.0,238857.0,94
201000052683,10,3,10,2005,5,2,3,1.0,4.0,94054,M,4874680.0,240713.0,94
201000052684,10,3,15,915,1,2,4,7.0,3.0,94054,M,4874670.0,238617.0,94
201000052685,10,3,15,2045,5,2,1,1.0,6.0,94022,M,4876600.0,241857.0,94
201000052686,10,3,16,1855,2,2,1,1.0,5.0,94022,M,4877090.0,240124.0,94
201000052687,10,3,18,1300,1,2,1,1.0,2.0,94022,M,4876650.0,240398.0,94
201000052688,10,3,30,1315,1,2,1,1.0,6.0,94022,M,4876840.0,241939.0,94
201000052689,10,4,1,1815,1,2,1,1.0,4.0,94022,M,4876710.0,241469.0,94
201000052690,10,4,12,1735,1,2,1,1.0,6.0,94022,M,4877080.0,240258.0,94
201000052691,10,4,16,1850,1,2,1,1.0,2.0,94022,M,4876400.0,240389.0,94
201000052692,10,4,17,1545,1,2,1,1.0,1.0,94054,M,4874060.0,238656.0,94
201000052693,10,4,19,715,2,2,2,1.0,3.0,94022,M,4876690.0,241437.0,94
201000052694,10,4,20,1220,1,2,1,1.0,6.0,94022,M,4876420.0,240462.0,94
201000052695,10,4,20,1540,1,2,1,1.0,2.0,94022,M,4875770.0,240426.0,94
201000052696,10,4,21,1110,1,2,2,7.0,3.0,94022,M,4876290.0,240145.0,94
201000052697,10,5,5,1820,1,2,1,6.0,2.0,94022,M,4876800.0,241394.0,94
201000052698,10,5,6,740,1,2,4,1.0,6.0,94022,M,4877210.0,240044.0,94
201000052699,10,5,12,1820,1,2,1,1.0,6.0,94022,M,4876700.0,240467.0,94
201000052700,10,5,21,1335,1,2,3,1.0,6.0,94054,M,4874490.0,240004.0,94