Num_Acc,an,mois,jour,hrmn,lum,agg,int,atm,col,com,gps,lat,long,dep
201000052701,10,5,29,100,4,2,3,9.0,6.0,94022,M,4876230.0,240690.0,94
201000052702,10,5,29,1745,1,2,2,1.0,6.0,94022,M,4876430.0,240564.0,94
201000052703,10,6,23,1840,1,2,4,1.0,3.0,94054,M,4874510.0,238614.0,94
201000052704,10,6,27,1945,1,2,1,1.0,2.0,94022,M,4877440.0,239892.0,94
201000052705,10,6,30,915,1,2,3,1.0,3.0,94054,M,4874490.0,238999.0,94
201000052706,10,6,30,2300,5,2,2,1.0,1.0,94022,M,4877140.0,240604.0,94
201000052707,10,7,2,1600,1,2,3,1.0,3.0,94054,M,4874620.0,237500.0,94
201000052708,10,5,22,2030,1,2,1,1.0,6.0,94022,M,4876320.0,240060.0,94
201000052709,10,7,13,730,1,2,1,1.0,3.0,94022,M,4876490.0,240706.0,94
201000052710,10,7,16,1305,1,2,3,1.0,6.0,94054,M,4874240.0,238739.0,94
201000052711,10,7,21,935,1,1,6,2.0,1.0,94054,M,4874580.0,241029.0,94
201000052712,10,7,21,1645,1,2,2,1.0,2.0,94022,M,4876690.0,240390.0,94
201000052713,10,7,28,1825,1,2,3,1.0,1.0,94054,M,4873760.0,239362.0,94
201000052714,10,8,2,1430,1,2,2,1.0,2.0,94022,M,4876870.0,242064.0,94
201000052715,10,8,12,1425,1,2,7,1.0,3.0,94022,M,4876570.0,240484.0,94
201000052716,10,8,20,1645,1,2,2,1.0,3.0,94022,M,4876920.0,242229.0,94
201000052717,10,8,22,2325,5,2,2,1.0,3.0,94022,M,4876050.0,240789.0,94
201000052718,10,8,26,25,5,2,2,1.0,4.0,94022,M,4876820.0,241845.0,94
201000052719,10,8,28,120,5,2,1,1.0,6.0,94054,M,4874580.0,241028.0,94
201000052720,10,8,30,2145,5,2,3,1.0,2.0,94022,M,4876710.0,241040.0,94
201000052721,10,9,7,1135,1,2,3,1.0,6.0,94022,M,4876870.0,241370.0,94
201000052722,10,9,9,1900,1,2,1,2.0,3.0,94022,M,4876790.0,240714.0,94
201000052723,10,9,12,655,2,2,2,1.0,3.0,94022,M,4876130.0,240324.0,94
201000052724,10,9,13,1600,1,2,4,1.0,2.0,94054,M,4874030.0,238749.0,94
201000052725,10,9,21,905,1,2,1,1.0,6.0,94054,M,4874470.0,240795.0,94
201000052726,10,9,28,1405,1,2,1,1.0,3.0,94022,M,4876620.0,240933.0,94
201000052727,10,10,6,745,1,2,1,8.0,3.0,94022,M,,,94
201000052728,10,10,8,1715,1,2,2,1.0,3.0,94022,M,,,94
201000052729,10,10,8,1755,1,1,4,1.0,3.0,94054,M,,,94
201000052730,10,10,11,905,1,1,4,1.0,3.0,94022,M,,,94
201000052731,10,10,11,1700,1,2,2,1.0,3.0,94022,M,,,94
201000052732,10,10,19,1600,1,2,1,1.0,2.0,94022,M,,,94
201000052733,10,10,21,1455,1,2,3,1.0,3.0,94054,M,,,94
201000052734,10,10,22,1315,1,2,1,1.0,6.0,94022,M,,,94
201000052735,10,10,23,1615,1,2,2,1.0,3.0,94022,M,,,94
201000052736,10,11,2,1240,1,2,1,8.0,3.0,94022,M,,,94
201000052737,10,11,2,1825,5,2,2,2.0,3.0,94054,M,,,94
201000052738,10,11,4,1415,1,2,1,1.0,6.0,94022,M,,,94
201000052739,10,11,8,1025,1,2,3,2.0,3.0,94022,M,,,94
201000052740,10,11,9,730,2,2,3,2.0,2.0,94054,M,,,94
201000052741,10,11,15,1610,1,2,3,1.0,6.0,94054,M,,,94
201000052742,10,12,4,1955,5,2,1,2.0,6.0,94022,M,,,94
201000052743,10,12,6,1240,1,2,3,2.0,2.0,94054,M,,,94
201000052744,10,12,7,1720,5,2,2,2.0,1.0,94054,M,,,94
201000052745,10,12,15,1815,5,1,2,1.0,3.0,94054,M,,,94
201000052746,10,12,16,1220,1,2,1,2.0,2.0,94022,M,,,94
201000052747,10,12,17,1450,1,2,2,8.0,6.0,94054,M,,,94
201000052748,10,12,26,1430,1,2,1,1.0,2.0,94022,M,,,94
201000052749,10,12,30,20,5,2,1,1.0,6.0,94022,M,,,94
201000052750,10,1,2,1200,1,2,1,1.0,6.0,94028,M,4878080.0,247152.0,94
201000052751,10,1,3,1058,1,2,1,1.0,6.0,94028,M,4877850.0,244257.0,94
201000052752,10,1,5,50,5,2,3,1.0,6.0,94028,M,4879020.0,246146.0,94
201000052753,10,1,8,1625,1,2,1,4.0,6.0,94028,M,4878590.0,245700.0,94
201000052754,10,1,11,1945,1,2,1,1.0,3.0,94028,M,4878220.0,245429.0,94
201000052755,10,1,12,720,1,2,2,1.0,2.0,94011,M,4876680.0,248421.0,94
201000052756,10,1,13,2140,5,2,1,5.0,6.0,94028,M,4878040.0,246535.0,94
201000052757,10,1,25,1315,1,2,1,1.0,6.0,94028,M,4878100.0,245967.0,94
201000052758,10,1,22,2300,5,2,4,1.0,2.0,94028,M,4877900.0,244298.0,94
201000052759,10,1,28,720,2,2,1,1.0,2.0,94028,M,4878900.0,245173.0,94
201000052760,10,1,29,1310,1,2,1,2.0,2.0,94011,M,4877390.0,248554.0,94
201000052761,10,1,29,1130,1,2,1,1.0,2.0,94028,M,4878130.0,243742.0,94
201000052762,10,1,30,645,5,2,1,2.0,5.0,94028,M,4878990.0,245086.0,94
201000052763,10,1,30,2230,5,2,1,2.0,7.0,94028,M,4876630.0,247402.0,94
201000052764,10,2,2,1615,1,2,2,1.0,2.0,94028,M,4878880.0,246615.0,94
201000052765,10,2,3,1250,1,2,2,1.0,6.0,94028,M,4879770.0,244836.0,94
201000052766,10,2,5,1030,1,2,2,1.0,3.0,94011,M,4877390.0,248650.0,94
201000052767,10,2,15,1240,1,2,3,1.0,2.0,94011,M,4877310.0,249053.0,94
201000052768,10,2,14,1630,1,2,3,1.0,6.0,94028,M,4877370.0,246240.0,94
201000052769,10,2,13,2020,5,2,3,1.0,1.0,94011,M,4877080.0,247695.0,94
201000052770,10,2,18,900,1,2,1,1.0,6.0,94028,M,4879490.0,246048.0,94
201000052771,10,2,24,1200,1,2,6,1.0,2.0,94028,M,4877440.0,243923.0,94
201000052772,10,2,25,759,1,2,6,2.0,6.0,94028,M,4877430.0,243879.0,94
201000052773,10,2,26,1100,1,2,2,1.0,3.0,94011,M,4877390.0,248650.0,94
201000052774,10,3,7,2020,5,2,6,1.0,4.0,94028,M,4877440.0,243923.0,94
201000052775,10,3,6,430,5,2,1,1.0,6.0,94028,M,4879970.0,244849.0,94
201000052776,10,3,9,1545,1,2,1,1.0,2.0,94011,M,4877300.0,249042.0,94
201000052777,10,3,9,1605,1,2,2,1.0,3.0,94028,M,4878590.0,244895.0,94
201000052778,10,3,9,1530,1,2,1,1.0,3.0,94028,M,4878500.0,244518.0,94
201000052779,10,3,10,1250,1,2,3,1.0,6.0,94028,M,4880120.0,244954.0,94
201000052780,10,3,11,1200,1,2,1,1.0,6.0,94028,M,4876820.0,246613.0,94
201000052781,10,3,12,1525,1,2,6,1.0,3.0,94028,M,4877450.0,243957.0,94
201000052782,10,3,15,2030,1,2,1,1.0,6.0,94028,M,4879880.0,245412.0,94
201000052783,10,3,17,1430,1,2,1,1.0,2.0,94011,M,4877300.0,248296.0,94
201000052784,10,3,17,1830,1,2,1,1.0,6.0,94028,M,4877830.0,246857.0,94
201000052785,10,3,17,1940,5,2,1,1.0,3.0,94028,M,4878490.0,245110.0,94
201000052786,10,3,17,1630,1,2,2,1.0,1.0,94011,M,4877660.0,249031.0,94
201000052787,10,3,19,1020,1,2,2,1.0,2.0,94028,M,4878580.0,244907.0,94
201000052788,10,3,19,1910,5,2,6,1.0,3.0,94028,M,4877440.0,243923.0,94
201000052789,10,3,19,2000,5,2,3,1.0,6.0,94028,M,4877710.0,246986.0,94
201000052790,10,3,22,1220,1,2,2,1.0,3.0,94028,M,4880680.0,246418.0,94
201000052791,10,3,24,2115,5,2,1,1.0,3.0,94028,M,4879660.0,245739.0,94
201000052792,10,3,24,740,1,2,3,1.0,1.0,94028,M,4877010.0,245777.0,94
201000052793,10,3,29,1830,1,2,6,2.0,3.0,94028,M,4877450.0,243957.0,94
201000052794,10,3,30,1730,1,2,3,1.0,6.0,94028,M,4879480.0,244515.0,94
201000052795,10,4,2,1530,1,2,2,2.0,3.0,94028,M,4879530.0,245905.0,94
201000052796,10,4,5,1900,1,2,1,1.0,6.0,94028,M,4878010.0,244540.0,94
201000052797,10,4,9,830,1,2,1,1.0,6.0,94028,M,4880500.0,245764.0,94
201000052798,10,4,9,1825,1,2,1,1.0,7.0,94028,M,4878800.0,245286.0,94
201000052799,10,4,12,1144,1,2,1,1.0,6.0,94028,M,4878240.0,246435.0,94
201000052800,10,4,15,100,5,2,1,1.0,2.0,94028,M,4878840.0,246717.0,94
201000052801,10,4,15,1120,1,2,1,1.0,6.0,94028,M,4880540.0,245503.0,94
201000052802,10,4,15,2055,1,2,6,1.0,7.0,94028,M,4877460.0,243918.0,94
201000052803,10,4,18,1831,1,2,1,1.0,3.0,94028,M,4878380.0,244727.0,94
201000052804,10,4,16,1600,1,2,1,1.0,6.0,94028,M,4878350.0,244704.0,94
201000052805,10,4,20,1730,1,2,2,1.0,3.0,94028,M,4879400.0,244708.0,94
201000052806,10,4,20,2010,1,2,1,1.0,6.0,94028,M,4877260.0,247061.0,94
201000052807,10,4,11,1745,1,2,1,1.0,6.0,94028,M,4877970.0,244506.0,94
201000052808,10,4,21,1730,1,2,1,1.0,6.0,94028,M,4879510.0,244436.0,94
201000052809,10,4,21,1632,1,2,1,1.0,6.0,94028,M,4877320.0,245930.0,94
201000052810,10,4,22,1755,1,2,6,1.0,6.0,94011,M,4876780.0,247873.0,94
201000052811,10,4,23,1925,1,2,3,1.0,1.0,94028,M,4879740.0,245643.0,94
201000052812,10,4,27,1525,1,2,3,1.0,2.0,94028,M,4878180.0,247402.0,94
201000052813,10,4,27,2130,2,2,2,1.0,7.0,94028,M,4879220.0,244615.0,94
201000052814,10,4,29,1900,1,2,1,1.0,2.0,94028,M,4878110.0,243754.0,94
201000052815,10,4,29,2045,2,2,2,1.0,3.0,94028,M,4878900.0,246626.0,94
201000052816,10,4,30,1640,1,2,2,1.0,3.0,94028,M,4878900.0,246626.0,94
201000052817,10,5,7,1610,1,2,1,1.0,2.0,94028,M,4878070.0,246523.0,94
201000052818,10,5,11,1630,1,2,1,3.0,6.0,94028,M,4878720.0,245023.0,94
201000052819,10,5,12,840,1,2,1,1.0,6.0,94028,M,4878080.0,247342.0,94
201000052820,10,5,18,1250,1,2,1,1.0,7.0,94028,M,4878780.0,245322.0,94
201000052821,10,5,19,1945,1,2,1,1.0,3.0,94011,M,4876140.0,249289.0,94
201000052822,10,5,24,1624,1,2,2,1.0,6.0,94028,M,4878260.0,245965.0,94
201000052823,10,5,23,1745,1,2,4,1.0,2.0,94011,M,4876250.0,247772.0,94
201000052824,10,5,23,943,1,2,2,1.0,6.0,94028,M,4879040.0,245333.0,94
201000052825,10,5,22,1720,1,2,3,1.0,3.0,94028,M,4877880.0,246361.0,94
201000052826,10,5,25,1335,1,2,1,1.0,1.0,94028,M,4876980.0,245907.0,94
201000052827,10,5,27,1535,1,2,3,2.0,6.0,94028,M,4878600.0,246977.0,94
201000052828,10,5,27,1430,1,2,1,2.0,2.0,94028,M,4877750.0,245724.0,94
201000052829,10,5,17,1730,1,2,7,1.0,6.0,94028,M,4877800.0,247034.0,94
201000052830,10,5,31,2220,5,2,2,1.0,3.0,94028,M,4879380.0,246114.0,94
201000052831,10,5,31,1030,1,2,2,2.0,2.0,94028,M,4878240.0,245810.0,94
201000052832,10,6,1,1130,1,2,1,1.0,6.0,94011,M,4876330.0,247978.0,94
201000052833,10,6,2,1500,1,2,3,1.0,2.0,94028,M,4880010.0,246639.0,94
201000052834,10,6,5,1325,1,2,1,1.0,3.0,94028,M,4878470.0,246006.0,94
201000052835,10,6,6,1135,1,2,2,1.0,3.0,94011,M,4876520.0,248101.0,94
201000052836,10,6,5,2045,2,2,2,1.0,3.0,94011,M,4876520.0,248101.0,94
201000052837,10,6,5,650,2,2,2,1.0,3.0,94028,M,4877030.0,246140.0,94
201000052838,10,6,4,1615,1,2,3,1.0,3.0,94028,M,4877680.0,243219.0,94
201000052839,10,6,8,1142,1,2,1,1.0,6.0,94028,M,4878550.0,246029.0,94
201000052840,10,6,11,2100,1,2,1,1.0,1.0,94028,M,4876950.0,247226.0,94
201000052841,10,6,14,2245,2,2,1,1.0,6.0,94028,M,4878380.0,245857.0,94
201000052842,10,6,18,830,1,2,2,1.0,3.0,94028,M,4879640.0,245763.0,94
201000052843,10,6,20,1645,1,2,1,1.0,6.0,94028,M,4879890.0,245392.0,94
201000052844,10,6,21,1530,1,2,1,1.0,3.0,94028,M,4877880.0,243811.0,94
201000052845,10,6,21,1440,1,2,1,1.0,6.0,94028,M,4878880.0,246675.0,94
201000052846,10,6,25,1830,1,2,3,1.0,3.0,94028,M,4878670.0,246892.0,94
201000052847,10,6,26,1900,1,2,1,1.0,3.0,94028,M,4878850.0,245102.0,94
201000052848,10,6,30,1229,1,2,1,1.0,2.0,94054,M,4874800.0,241180.0,94
201000052849,10,7,1,1345,1,2,1,1.0,6.0,94028,M,4877150.0,247088.0,94
201000052850,10,7,2,1930,1,2,2,1.0,3.0,94028,M,4878870.0,245158.0,94
201000052851,10,7,6,2230,3,2,1,1.0,7.0,94011,M,4876270.0,248336.0,94
201000052852,10,7,8,1525,1,2,6,1.0,3.0,94028,M,4879380.0,246141.0,94
201000052853,10,7,10,50,4,2,1,1.0,7.0,94011,M,4875960.0,248968.0,94
201000052854,10,7,15,1635,1,2,2,1.0,2.0,94028,M,4878240.0,245810.0,94
201000052855,10,7,16,1550,1,2,1,1.0,6.0,94028,M,4877430.0,245734.0,94
201000052856,10,7,20,2315,5,2,1,1.0,7.0,94074,M,4876610.0,245812.0,94
201000052857,10,7,25,1620,1,2,1,1.0,7.0,94028,M,4880180.0,244842.0,94
201000052858,10,7,24,100,5,2,1,1.0,1.0,94028,M,4877020.0,247052.0,94
201000052859,10,7,23,1555,1,2,3,1.0,1.0,94011,M,4876620.0,248998.0,94
201000052860,10,7,26,1700,1,2,1,1.0,4.0,94011,M,4877120.0,248986.0,94
201000052861,10,8,1,2215,5,2,2,1.0,3.0,94028,M,4879370.0,246096.0,94
201000052862,10,8,3,1850,1,2,1,1.0,6.0,94028,M,4880070.0,245693.0,94
201000052863,10,8,6,1620,1,2,4,1.0,6.0,94028,M,4879610.0,246334.0,94
201000052864,10,8,19,2200,2,2,2,1.0,3.0,94028,M,4878000.0,246168.0,94
201000052865,10,8,24,1825,1,2,3,1.0,6.0,94028,M,4877470.0,247102.0,94
201000052866,10,8,24,1735,1,2,1,1.0,7.0,94028,M,4877970.0,245512.0,94
201000052867,10,8,26,1320,1,2,1,1.0,7.0,94011,M,4876810.0,248277.0,94
201000052868,10,8,27,1420,1,2,2,1.0,6.0,94028,M,4879360.0,246103.0,94
201000052869,10,9,5,350,5,2,5,1.0,3.0,94028,M,4879940.0,245287.0,94
201000052870,10,9,6,2335,5,2,1,2.0,6.0,94028,M,4877850.0,243812.0,94
201000052871,10,8,20,1506,1,2,3,1.0,2.0,94028,M,4878770.0,245059.0,94
201000052872,10,9,8,1700,1,2,2,8.0,6.0,94028,M,4879900.0,245343.0,94
201000052873,10,9,7,2150,5,2,3,1.0,3.0,94028,M,4876930.0,246530.0,94
201000052874,10,9,8,1620,1,1,1,1.0,2.0,94028,M,4879480.0,244172.0,94
201000052875,10,9,8,1245,1,2,2,1.0,6.0,94028,M,4879290.0,245928.0,94
201000052876,10,9,10,1825,1,2,1,1.0,7.0,94028,M,4877690.0,245952.0,94
201000052877,10,9,10,950,1,2,3,1.0,6.0,94028,M,4880520.0,245735.0,94
201000052878,10,9,10,1100,1,2,1,1.0,7.0,94028,M,4878680.0,244743.0,94
201000052879,10,9,13,1645,1,2,3,1.0,6.0,94011,M,4877220.0,248648.0,94
201000052880,10,9,14,1520,1,2,6,1.0,2.0,94028,M,4877450.0,243957.0,94
201000052881,10,9,14,840,1,2,1,1.0,4.0,94011,M,4878090.0,249372.0,94
201000052882,10,9,19,1635,1,2,3,1.0,2.0,94028,M,4879160.0,245606.0,94
201000052883,10,9,20,1750,1,2,3,1.0,3.0,94028,M,4878420.0,247152.0,94
201000052884,10,9,21,1750,1,2,1,1.0,3.0,94028,M,4878250.0,247330.0,94
201000052885,10,9,21,1315,1,2,3,1.0,2.0,94028,M,4878670.0,246892.0,94
201000052886,10,9,23,1628,1,2,3,1.0,1.0,94028,M,4878820.0,246190.0,94
201000052887,10,9,24,1450,1,2,1,1.0,2.0,94028,M,4878130.0,243743.0,94
201000052888,10,9,25,210,5,2,1,2.0,5.0,94028,M,4876890.0,246276.0,94
201000052889,10,9,27,1835,1,2,2,1.0,6.0,94011,M,4877380.0,248750.0,94
201000052890,10,9,30,1425,1,2,5,1.0,4.0,94011,M,4877010.0,248409.0,94
201000052891,10,10,1,1630,1,2,3,1.0,1.0,94028,M,,,94
201000052892,10,10,2,2110,5,2,1,1.0,6.0,94028,M,,,94
201000052893,10,10,5,1100,1,2,1,1.0,2.0,94028,M,,,94
201000052894,10,10,12,800,1,2,1,1.0,3.0,94011,M,,,94
201000052895,10,10,11,1045,1,2,1,1.0,3.0,94028,M,,,94
201000052896,10,10,11,1815,1,2,6,1.0,3.0,94028,M,,,94
201000052897,10,10,11,815,1,2,1,1.0,3.0,94011,M,,,94
201000052898,10,10,11,1200,1,2,2,1.0,3.0,94028,M,,,94
201000052899,10,10,12,1900,2,2,1,1.0,6.0,94028,M,,,94
201000052900,10,10,13,1410,1,2,1,1.0,6.0,94028,M,,,94
201000052901,10,10,19,1235,1,2,1,2.0,2.0,94028,M,,,94
201000052902,10,10,19,1200,1,2,1,1.0,6.0,94028,M,,,94
201000052903,10,10,21,1900,2,2,3,1.0,1.0,94028,M,,,94
201000052904,10,10,25,900,1,2,4,1.0,3.0,94028,M,,,94
201000052905,10,10,26,1530,1,2,1,1.0,2.0,94028,M,,,94
201000052906,10,10,25,930,1,2,6,1.0,2.0,94028,M,,,94
201000052907,10,10,26,1800,2,2,1,1.0,6.0,94028,M,,,94
201000052908,10,10,28,820,1,2,1,1.0,4.0,94028,M,,,94
201000052909,10,10,29,2030,5,2,4,1.0,3.0,94028,M,,,94
201000052910,10,10,30,1225,1,2,1,1.0,7.0,94011,M,,,94
201000052911,10,11,1,1225,1,1,1,1.0,6.0,94028,M,,,94
201000052912,10,10,27,1500,1,2,2,1.0,4.0,94011,M,,,94
201000052913,10,11,6,1420,1,2,1,3.0,6.0,94028,M,,,94
201000052914,10,11,6,1845,5,2,1,3.0,6.0,94028,M,,,94
201000052915,10,11,12,1230,1,2,1,8.0,6.0,94028,M,,,94
201000052916,10,11,12,1655,2,2,3,8.0,6.0,94028,M,,,94
201000052917,10,11,16,1235,1,2,2,1.0,6.0,94028,M,,,94
201000052918,10,11,22,525,5,2,1,2.0,3.0,94011,M,,,94
201000052919,10,11,19,855,1,2,1,1.0,2.0,94028,M,,,94
201000052920,10,11,20,1030,1,2,1,1.0,3.0,94028,M,,,94
201000052921,10,11,22,450,5,2,1,2.0,7.0,94028,M,,,94
201000052922,10,11,20,1800,3,2,2,1.0,6.0,94028,M,,,94
201000052923,10,11,19,1330,1,2,1,1.0,6.0,94028,M,,,94
201000052924,10,11,23,545,5,2,1,1.0,7.0,94028,M,,,94
201000052925,10,11,21,840,2,2,1,1.0,1.0,94011,M,,,94
201000052926,10,11,23,625,5,2,1,1.0,2.0,94028,M,,,94
201000052927,10,11,23,1325,1,2,6,1.0,5.0,94028,M,,,94
201000052928,10,11,24,2320,3,2,1,2.0,7.0,94028,M,,,94
201000052929,10,11,26,140,5,2,1,1.0,6.0,94028,M,,,94
201000052930,10,11,26,550,5,2,1,1.0,7.0,94028,M,,,94
201000052931,10,11,27,1400,1,2,3,1.0,3.0,94028,M,,,94
201000052932,10,11,29,2045,5,2,1,1.0,2.0,94028,M,,,94
201000052933,10,11,30,1330,1,2,1,1.0,3.0,94028,M,,,94
201000052934,10,11,30,1500,1,2,3,1.0,2.0,94028,M,,,94
201000052935,10,12,1,2110,5,2,1,4.0,2.0,94028,M,,,94
201000052936,10,12,2,1730,5,2,2,4.0,6.0,94011,M,,,94
201000052937,10,12,2,905,1,2,4,4.0,7.0,94028,M,,,94
201000052938,10,12,4,500,2,2,2,1.0,7.0,94011,M,,,94
201000052939,10,12,15,2030,3,2,6,1.0,3.0,94028,M,,,94
201000052940,10,12,14,2350,5,2,1,1.0,7.0,94011,M,,,94
201000052941,10,12,23,545,5,2,2,8.0,5.0,94011,M,,,94
201000052942,10,12,23,815,2,2,5,8.0,5.0,94028,M,,,94
201000052943,10,12,23,1940,3,2,1,4.0,6.0,94028,M,,,94
201000052944,10,12,26,700,2,2,1,1.0,6.0,94028,M,,,94
201000052945,10,12,26,700,2,2,1,1.0,3.0,94028,M,,,94
201000052946,10,12,29,1250,1,2,2,1.0,6.0,94028,M,,,94
201000052947,10,1,4,1340,1,2,1,1.0,6.0,94033,M,4884490.0,246024.0,94
201000052948,10,1,7,730,2,2,1,4.0,6.0,94033,M,4885270.0,244825.0,94
201000052949,10,1,25,850,1,2,1,1.0,6.0,94033,M,4884820.0,247824.0,94
201000052950,10,2,2,2000,2,2,2,2.0,3.0,94033,M,4885390.0,249347.0,94
201000052951,10,2,5,1330,1,2,2,1.0,3.0,94033,M,4885260.0,247167.0,94
201000052952,10,2,18,915,1,2,1,1.0,3.0,94033,M,4885210.0,249451.0,94
201000052953,10,2,25,1330,1,2,1,2.0,6.0,94033,M,4885240.0,248659.0,94
201000052954,10,3,1,800,1,2,1,1.0,2.0,94033,M,4884820.0,248386.0,94
201000052955,10,3,13,2150,5,2,1,1.0,2.0,94033,M,4885240.0,248755.0,94
201000052956,10,3,26,735,1,2,2,1.0,6.0,94033,M,4884690.0,247111.0,94
201000052957,10,3,28,1550,1,2,3,1.0,6.0,94033,M,4884730.0,248498.0,94
201000052958,10,3,29,1420,1,2,1,1.0,6.0,94033,M,4884450.0,247895.0,94
201000052959,10,4,3,110,5,2,5,1.0,3.0,94033,M,4885250.0,246553.0,94
201000052960,10,4,9,1000,1,2,1,1.0,2.0,94033,M,4885460.0,245773.0,94
201000052961,10,4,16,2030,1,2,1,1.0,3.0,94033,M,4885380.0,248400.0,94
201000052962,10,4,19,1445,1,2,1,1.0,6.0,94033,M,4885250.0,248287.0,94
201000052963,10,5,7,2035,1,2,2,1.0,3.0,94033,M,4885250.0,249075.0,94
201000052964,10,5,12,1700,1,2,4,1.0,3.0,94033,M,4885390.0,245728.0,94
201000052965,10,5,14,1715,2,2,1,1.0,6.0,94033,M,4885530.0,248519.0,94
201000052966,10,5,25,2025,2,2,1,1.0,1.0,94033,M,4885460.0,247290.0,94
201000052967,10,5,26,1215,1,2,2,1.0,2.0,94033,M,4884740.0,247877.0,94
201000052968,10,6,7,1010,1,2,2,1.0,6.0,94033,M,4885840.0,248136.0,94
201000052969,10,6,10,2220,5,2,1,1.0,2.0,94033,M,4884620.0,247883.0,94
201000052970,10,6,18,1420,1,2,2,1.0,3.0,94033,M,4885390.0,249347.0,94
201000052971,10,6,23,1850,1,2,2,1.0,2.0,94033,M,4885250.0,249075.0,94
201000052972,10,7,1,2325,5,2,1,1.0,7.0,94033,M,4885960.0,249058.0,94
201000052973,10,8,6,1230,1,2,2,1.0,5.0,94033,M,4884870.0,247781.0,94
201000052974,10,8,20,1910,1,2,3,1.0,1.0,94033,M,4884820.0,247584.0,94
201000052975,10,8,28,1940,1,2,1,1.0,2.0,94033,M,4885920.0,249077.0,94
201000052976,10,8,31,2335,5,2,3,1.0,1.0,94033,M,4885250.0,246553.0,94
201000052977,10,9,4,1950,1,2,1,2.0,6.0,94033,M,4885600.0,245873.0,94
201000052978,10,9,9,1627,1,2,3,1.0,3.0,94033,M,4885910.0,247593.0,94
201000052979,10,9,27,2045,5,2,5,1.0,3.0,94033,M,4885360.0,246978.0,94
201000052980,10,10,5,2200,5,2,2,1.0,3.0,94033,M,,,94
201000052981,10,10,8,1300,1,2,3,1.0,3.0,94033,M,,,94
201000052982,10,10,17,1820,2,2,4,1.0,3.0,94033,M,,,94
201000052983,10,10,21,645,2,2,1,1.0,6.0,94033,M,,,94
201000052984,10,10,28,315,5,2,6,2.0,3.0,94033,M,,,94
201000052985,10,11,6,1400,1,1,1,2.0,2.0,94033,M,,,94
201000052986,10,11,16,650,2,2,5,1.0,6.0,94033,M,,,94
201000052987,10,11,19,1850,5,2,3,1.0,6.0,94033,M,,,94
201000052988,10,11,24,1730,5,2,1,2.0,7.0,94033,M,,,94
201000052989,10,11,25,1130,1,2,6,1.0,3.0,94033,M,,,94
201000052990,10,12,2,1700,2,2,1,4.0,6.0,94033,M,,,94
201000052991,10,12,6,800,2,2,1,2.0,6.0,94033,M,,,94
201000052992,10,12,14,1300,1,2,2,1.0,3.0,94033,M,,,94
201000052993,10,12,14,1855,5,2,2,1.0,6.0,94033,M,,,94
201000052994,10,12,20,905,1,2,1,4.0,6.0,94033,M,,,94
201000052995,10,1,1,200,5,2,1,1.0,7.0,94076,M,4878860.0,236888.0,94
201000052996,10,1,2,1645,1,2,1,1.0,6.0,94037,M,4881310.0,235126.0,94
201000052997,10,1,6,1500,1,2,3,4.0,2.0,94016,M,4879560.0,232701.0,94
201000052998,10,1,7,2320,5,2,1,1.0,6.0,94043,M,4881520.0,236058.0,94
201000052999,10,1,25,1400,1,2,1,1.0,7.0,94037,M,4881430.0,234726.0,94
201000053000,10,1,26,1410,1,2,3,8.0,3.0,94003,M,4880380.0,233053.0,94
201000053001,10,2,5,755,2,2,1,2.0,3.0,94003,M,4880480.0,232520.0,94
201000053002,10,2,5,2140,5,2,1,1.0,3.0,94043,M,4881380.0,236103.0,94
201000053003,10,2,8,1925,5,2,3,1.0,3.0,94003,M,4880020.0,233153.0,94
201000053004,10,2,10,1130,1,2,1,4.0,6.0,94076,M,4878850.0,236432.0,94
201000053005,10,2,12,1440,1,2,2,1.0,3.0,94016,M,4879370.0,233380.0,94
201000053006,10,2,13,1850,5,2,3,1.0,2.0,94016,M,4879210.0,232030.0,94
201000053007,10,2,16,2150,3,2,1,1.0,7.0,94076,M,4878960.0,235390.0,94
201000053008,10,2,18,1230,1,2,2,8.0,6.0,94076,M,4878740.0,235420.0,94
201000053009,10,2,19,1125,1,2,3,1.0,6.0,94016,M,4878770.0,233253.0,94
201000053010,10,2,21,840,1,2,1,1.0,7.0,94043,M,4881480.0,236240.0,94
201000053011,10,2,22,1830,5,2,2,2.0,1.0,94016,M,4878700.0,232206.0,94
201000053012,10,2,25,1920,5,2,1,2.0,4.0,94076,M,4878350.0,236714.0,94
201000053013,10,2,26,1330,1,2,1,1.0,3.0,94076,M,4880200.0,236188.0,94