Num_Acc,an,mois,jour,hrmn,lum,agg,int,atm,col,com,gps,lat,long,dep
201000053014,10,2,27,705,1,2,6,1.0,2.0,94003,M,4881010.0,232675.0,94
201000053015,10,2,28,2055,5,2,1,2.0,2.0,94076,M,4880050.0,236528.0,94
201000053016,10,3,1,1755,2,2,1,1.0,6.0,94076,M,4878850.0,236670.0,94
201000053017,10,3,4,2115,5,2,3,1.0,2.0,94037,M,4881350.0,233291.0,94
201000053018,10,3,5,935,1,2,3,1.0,3.0,94076,M,4878780.0,236683.0,94
201000053019,10,3,8,825,1,2,2,1.0,6.0,94076,M,4879490.0,236637.0,94
201000053020,10,3,30,215,5,2,3,1.0,3.0,94043,M,4881280.0,236131.0,94
201000053021,10,3,9,1400,1,2,1,1.0,3.0,94003,M,4880150.0,233946.0,94
201000053022,10,3,9,1540,1,2,1,1.0,6.0,94003,M,4880570.0,232585.0,94
201000053023,10,3,10,1950,5,2,1,1.0,3.0,94076,M,4880370.0,236422.0,94
201000053024,10,3,12,2045,5,2,3,1.0,5.0,94076,M,4880410.0,236811.0,94
201000053025,10,3,14,920,1,2,1,1.0,6.0,94043,M,4881460.0,236088.0,94
201000053026,10,3,15,2010,5,2,1,1.0,6.0,94003,M,4880830.0,233210.0,94
201000053027,10,3,16,1820,1,2,1,1.0,7.0,94043,M,4881480.0,236073.0,94
201000053028,10,3,16,1900,2,2,2,1.0,3.0,94016,M,4879620.0,232188.0,94
201000053029,10,3,17,100,5,2,2,1.0,2.0,94076,M,4879450.0,236891.0,94
201000053030,10,3,18,1715,1,2,3,1.0,6.0,94076,M,4878540.0,237074.0,94
201000053031,10,3,18,1630,1,2,4,1.0,7.0,94016,M,4879220.0,234375.0,94
201000053032,10,3,23,1330,1,2,3,1.0,3.0,94016,M,4879890.0,232592.0,94
201000053033,10,3,26,2230,5,2,1,1.0,2.0,94016,M,4879240.0,232043.0,94
201000053034,10,3,27,1145,1,2,1,1.0,2.0,94076,M,4879500.0,236867.0,94
201000053035,10,3,29,1515,1,2,1,1.0,6.0,94076,M,4879550.0,236192.0,94
201000053036,10,3,31,2000,2,2,3,1.0,3.0,94016,M,4879860.0,232655.0,94
201000053037,10,4,4,1750,1,2,1,1.0,2.0,94003,M,4880350.0,233822.0,94
201000053038,10,4,5,20,5,2,1,1.0,7.0,94076,M,4878180.0,236173.0,94
201000053039,10,4,6,1715,1,2,1,1.0,6.0,94037,M,4881640.0,233998.0,94
201000053040,10,4,6,1930,1,2,1,1.0,2.0,94003,M,4880520.0,233483.0,94
201000053041,10,4,7,1225,1,2,3,1.0,3.0,94076,M,4880140.0,235946.0,94
201000053042,10,4,10,2120,5,2,1,1.0,2.0,94076,M,4878500.0,236693.0,94
201000053043,10,4,11,1255,1,2,1,1.0,6.0,94076,M,4878320.0,235493.0,94
201000053044,10,4,12,900,1,2,1,1.0,2.0,94076,M,4878250.0,235523.0,94
201000053045,10,4,13,940,1,2,1,8.0,6.0,94016,M,4879640.0,233109.0,94
201000053046,10,4,13,1430,1,2,2,8.0,3.0,94003,M,4880010.0,234270.0,94
201000053047,10,4,14,1620,1,2,5,1.0,3.0,94003,M,4881010.0,232675.0,94
201000053048,10,4,15,600,2,2,1,1.0,3.0,94043,M,4881280.0,236145.0,94
201000053049,10,4,15,915,1,2,1,1.0,4.0,94043,M,4880980.0,235890.0,94
201000053050,10,4,16,1845,1,2,3,1.0,3.0,94076,M,4878380.0,235836.0,94
201000053051,10,4,16,1810,1,2,1,1.0,7.0,94016,M,4879320.0,234380.0,94
201000053052,10,4,16,1940,1,2,1,1.0,3.0,94016,M,4879360.0,233426.0,94
201000053053,10,4,17,1020,1,2,5,1.0,3.0,94016,M,4879170.0,232196.0,94
201000053054,10,4,18,1500,1,2,1,1.0,2.0,94016,M,4880090.0,232369.0,94
201000053055,10,4,19,2200,5,2,1,1.0,6.0,94003,M,4881010.0,232693.0,94
201000053056,10,4,20,645,2,2,3,1.0,1.0,94076,M,4879680.0,235018.0,94
201000053057,10,4,26,825,1,2,1,1.0,3.0,94076,M,4879160.0,235370.0,94
201000053058,10,4,26,1830,1,2,1,1.0,6.0,94043,M,4881260.0,236152.0,94
201000053059,10,4,27,1550,1,2,1,1.0,6.0,94043,M,4881300.0,236135.0,94
201000053060,10,5,4,2230,5,2,3,1.0,3.0,94076,M,4878850.0,235964.0,94
201000053061,10,5,6,740,1,2,2,1.0,2.0,94076,M,4879600.0,236849.0,94
201000053062,10,5,11,2220,5,2,2,2.0,3.0,94043,M,4881380.0,235756.0,94
201000053063,10,5,12,1610,1,2,2,1.0,1.0,94016,M,4879680.0,233113.0,94
201000053064,10,5,13,1820,1,2,3,1.0,7.0,94037,M,4880840.0,234545.0,94
201000053065,10,5,16,545,2,2,2,1.0,3.0,94076,M,4879590.0,236833.0,94
201000053066,10,5,17,1535,1,2,3,1.0,3.0,94065,M,4875800.0,236036.0,94
201000053067,10,5,18,645,1,2,4,1.0,2.0,94043,M,4881470.0,235610.0,94
201000053068,10,5,23,1745,1,2,3,1.0,3.0,94076,M,4879270.0,236926.0,94
201000053069,10,5,23,2320,5,2,2,1.0,5.0,94076,M,4879590.0,236833.0,94
201000053070,10,5,24,1630,1,2,1,1.0,6.0,94003,M,4881050.0,232653.0,94
201000053071,10,5,28,505,5,2,2,2.0,3.0,94076,M,4879590.0,236839.0,94
201000053072,10,5,31,620,1,2,1,1.0,6.0,94043,M,4881250.0,236141.0,94
201000053073,10,5,31,900,1,2,2,1.0,6.0,94037,M,4881220.0,235032.0,94
201000053074,10,5,31,1145,1,2,1,1.0,6.0,94076,M,4878870.0,236677.0,94
201000053075,10,5,31,1935,1,2,1,1.0,7.0,94003,M,4881060.0,233501.0,94
201000053076,10,6,1,1015,1,2,3,1.0,3.0,94076,M,4878700.0,235258.0,94
201000053077,10,6,3,1255,1,2,2,1.0,2.0,94043,M,4880990.0,236241.0,94
201000053078,10,6,5,1250,1,2,3,1.0,3.0,94076,M,4879270.0,236926.0,94
201000053079,10,6,7,1605,1,2,1,1.0,7.0,94076,M,4879760.0,235486.0,94
201000053080,10,6,11,1925,1,2,1,1.0,6.0,94016,M,4878690.0,233690.0,94
201000053081,10,6,12,1755,1,2,3,1.0,6.0,94043,M,4881280.0,236145.0,94
201000053082,10,6,14,1240,1,2,2,1.0,3.0,94076,M,4879590.0,236839.0,94
201000053083,10,6,15,1145,1,2,1,1.0,6.0,94043,M,4880710.0,235271.0,94
201000053084,10,6,19,450,5,2,1,2.0,6.0,94003,M,4881110.0,233709.0,94
201000053085,10,6,21,1530,1,2,2,1.0,3.0,94037,M,4881500.0,234893.0,94
201000053086,10,6,23,1340,1,2,1,7.0,3.0,94003,M,4880760.0,233408.0,94
201000053087,10,6,24,1830,1,2,2,1.0,3.0,94003,M,4880440.0,233814.0,94
201000053088,10,6,25,2015,1,2,2,1.0,6.0,94003,M,4881080.0,233415.0,94
201000053089,10,6,26,630,1,2,2,1.0,7.0,94076,M,4879490.0,236637.0,94
201000053090,10,6,28,620,1,2,3,1.0,7.0,94016,M,4878620.0,232551.0,94
201000053091,10,7,2,1600,1,2,1,1.0,3.0,94003,M,4880210.0,233863.0,94
201000053092,10,7,3,1430,1,2,1,1.0,2.0,94003,M,4880880.0,232634.0,94
201000053093,10,7,4,955,1,2,2,7.0,3.0,94076,M,4879600.0,236857.0,94
201000053094,10,7,5,1440,1,2,1,1.0,2.0,94003,M,4880810.0,233265.0,94
201000053095,10,7,5,1835,1,2,1,1.0,3.0,94043,M,4880930.0,235819.0,94
201000053096,10,7,7,1730,1,2,1,1.0,4.0,94003,M,4879900.0,234509.0,94
201000053097,10,7,8,735,1,2,3,1.0,2.0,94003,M,4880820.0,232638.0,94
201000053098,10,7,8,1435,1,2,3,1.0,3.0,94037,M,4881610.0,234550.0,94
201000053099,10,7,12,1205,1,2,1,1.0,2.0,94037,M,4880840.0,234545.0,94
201000053100,10,7,13,1650,1,2,1,1.0,2.0,94076,M,4879890.0,236704.0,94
201000053101,10,7,13,2045,1,2,2,1.0,6.0,94076,M,4878860.0,237528.0,94
201000053102,10,7,14,1930,1,2,1,1.0,7.0,94043,M,4880980.0,236001.0,94
201000053103,10,7,22,1130,1,2,2,1.0,7.0,94076,M,4879600.0,236857.0,94
201000053104,10,7,28,905,1,2,1,1.0,3.0,94016,M,4878660.0,232396.0,94
201000053105,10,7,28,1620,1,2,1,1.0,7.0,94003,M,4880340.0,234151.0,94
201000053106,10,7,29,1045,1,2,3,1.0,6.0,94003,M,4881090.0,232662.0,94
201000053107,10,7,30,930,1,2,3,1.0,3.0,94037,M,4881550.0,234454.0,94
201000053108,10,7,30,2000,1,2,1,1.0,7.0,94076,M,4880520.0,236938.0,94
201000053109,10,7,30,2200,5,2,2,1.0,3.0,94076,M,4879590.0,236839.0,94
201000053110,10,7,31,100,5,2,2,1.0,3.0,94076,M,4879590.0,236833.0,94
201000053111,10,8,1,1250,1,2,1,1.0,3.0,94016,M,4879780.0,232233.0,94
201000053112,10,8,2,2130,2,2,1,1.0,7.0,94016,M,4879110.0,234362.0,94
201000053113,10,8,3,2245,5,2,3,1.0,3.0,94003,M,4880070.0,233735.0,94
201000053114,10,8,5,1635,1,2,1,1.0,6.0,94076,M,4879120.0,236665.0,94
201000053115,10,8,6,1545,1,2,1,1.0,6.0,94043,M,4881110.0,236184.0,94
201000053116,10,8,11,1850,1,2,1,2.0,4.0,94076,M,4878760.0,236782.0,94
201000053117,10,8,13,2115,2,2,3,2.0,2.0,94043,M,4880760.0,236307.0,94
201000053118,10,8,16,1200,1,2,2,2.0,3.0,94076,M,4879590.0,236833.0,94
201000053119,10,8,16,1300,1,1,1,2.0,4.0,94076,M,4878250.0,236701.0,94
201000053120,10,8,16,1630,1,2,1,8.0,7.0,94037,M,4881600.0,234652.0,94
201000053121,10,8,17,1020,1,2,3,1.0,6.0,94043,M,4881280.0,236131.0,94
201000053122,10,8,23,1750,1,2,1,1.0,5.0,94043,M,4881320.0,236118.0,94
201000053123,10,8,28,2300,5,2,3,1.0,1.0,94076,M,4879490.0,236472.0,94
201000053124,10,8,30,800,1,2,2,1.0,2.0,94043,M,4880980.0,236220.0,94
201000053125,10,8,30,1850,1,2,1,1.0,6.0,94043,M,4880800.0,236059.0,94
201000053126,10,8,31,1930,2,2,1,1.0,3.0,94037,M,4881620.0,233343.0,94
201000053127,10,9,2,120,3,2,1,1.0,2.0,94043,M,4880980.0,236244.0,94
201000053128,10,9,2,1355,1,2,3,1.0,3.0,94037,M,4881300.0,235132.0,94
201000053129,10,9,3,1710,1,2,2,1.0,6.0,94016,M,4878800.0,233377.0,94
201000053130,10,9,5,300,5,2,1,1.0,7.0,94076,M,4880100.0,236525.0,94
201000053131,10,9,7,1410,1,2,1,1.0,6.0,94003,M,4881240.0,233518.0,94
201000053132,10,9,7,1540,1,2,2,1.0,3.0,94003,M,4880440.0,232918.0,94
201000053133,10,9,8,910,1,2,3,2.0,6.0,94003,M,4880770.0,233378.0,94
201000053134,10,9,9,710,1,1,1,1.0,5.0,94076,M,4879280.0,236936.0,94
201000053135,10,9,10,1120,1,2,1,1.0,6.0,94003,M,4880380.0,232480.0,94
201000053136,10,9,10,1245,1,1,1,1.0,6.0,94076,M,4878450.0,236051.0,94
201000053137,10,9,10,1920,1,2,1,1.0,7.0,94076,M,4880040.0,236529.0,94
201000053138,10,9,11,1815,1,2,2,1.0,5.0,94076,M,4878090.0,235544.0,94
201000053139,10,9,16,150,5,2,1,2.0,7.0,94076,M,4878230.0,236701.0,94
201000053140,10,9,17,1240,1,2,2,1.0,3.0,94016,M,4879680.0,233113.0,94
201000053141,10,9,20,1235,1,2,2,1.0,6.0,94016,M,4879480.0,233502.0,94
201000053142,10,9,22,135,5,2,2,1.0,3.0,94076,M,4877940.0,236720.0,94
201000053143,10,9,22,2110,5,2,2,1.0,6.0,94037,M,4881420.0,234976.0,94
201000053144,10,9,24,1545,1,2,5,2.0,3.0,94003,M,4880700.0,233593.0,94
201000053145,10,9,24,1700,1,2,1,1.0,1.0,94076,M,4878860.0,237451.0,94
201000053146,10,9,24,2215,5,2,2,8.0,3.0,94016,M,4879370.0,233380.0,94
201000053147,10,9,27,1700,1,2,1,1.0,7.0,94076,M,4878450.0,236228.0,94
201000053148,10,9,27,1926,2,2,1,1.0,6.0,94003,M,4880620.0,232576.0,94
201000053149,10,9,30,1050,1,2,5,2.0,2.0,94043,M,4881570.0,236047.0,94
201000053150,10,10,1,1150,1,2,2,1.0,3.0,94076,M,,,94
201000053151,10,10,4,750,1,2,1,2.0,3.0,94076,M,,,94
201000053152,10,10,5,630,2,1,1,2.0,3.0,94016,M,,,94
201000053153,10,10,5,1710,1,2,5,2.0,1.0,94043,M,,,94
201000053154,10,10,11,913,1,2,1,1.0,6.0,94003,M,,,94
201000053155,10,10,14,1935,5,1,1,1.0,3.0,94037,M,,,94
201000053156,10,10,15,1215,1,2,2,1.0,6.0,94003,M,,,94
201000053157,10,10,15,2100,5,2,4,2.0,1.0,94037,M,,,94
201000053158,10,10,18,1600,1,1,1,1.0,3.0,94003,M,,,94
201000053159,10,10,18,1545,1,2,1,1.0,3.0,94076,M,,,94
201000053160,10,10,19,1055,1,2,1,1.0,6.0,94076,M,,,94
201000053161,10,10,23,1620,1,2,1,1.0,6.0,94076,M,,,94
201000053162,10,10,23,1600,1,2,1,1.0,2.0,94003,M,,,94
201000053163,10,10,23,1750,1,2,4,8.0,7.0,94037,M,,,94
201000053164,10,10,24,1417,1,2,1,1.0,6.0,94043,M,,,94
201000053165,10,10,26,200,5,2,2,1.0,3.0,94076,M,,,94
201000053166,10,10,26,1600,1,1,1,1.0,7.0,94076,M,,,94
201000053167,10,10,26,1725,1,2,1,1.0,6.0,94003,M,,,94
201000053168,10,10,27,1620,1,1,2,1.0,2.0,94016,M,,,94
201000053169,10,10,28,1450,1,2,1,1.0,3.0,94043,M,,,94
201000053170,10,10,28,1615,1,1,2,1.0,4.0,94016,M,,,94
201000053171,10,10,30,1500,1,2,1,2.0,3.0,94076,M,,,94
201000053172,10,10,31,2140,5,1,2,1.0,3.0,94076,M,,,94
201000053173,10,11,2,1840,5,2,2,2.0,1.0,94076,M,,,94
201000053174,10,11,6,1315,1,2,2,2.0,6.0,94037,M,,,94
201000053175,10,11,8,1530,1,2,2,2.0,3.0,94037,M,,,94
201000053176,10,11,8,1530,1,2,1,2.0,6.0,94076,M,,,94
201000053177,10,11,9,1730,5,2,3,1.0,3.0,94076,M,,,94
201000053178,10,11,9,1730,5,2,1,2.0,7.0,94003,M,,,94
201000053179,10,11,11,1640,1,2,2,2.0,3.0,94076,M,,,94
201000053180,10,11,15,805,1,2,1,1.0,6.0,94076,M,,,94
201000053181,10,11,17,1815,5,2,1,1.0,6.0,94016,M,,,94
201000053182,10,11,18,845,1,2,1,2.0,2.0,94003,M,,,94
201000053183,10,11,18,900,1,2,3,1.0,3.0,94076,M,,,94
201000053184,10,11,18,900,1,2,1,2.0,7.0,94003,M,,,94
201000053185,10,11,18,1550,1,2,1,1.0,7.0,94043,M,,,94
201000053186,10,11,18,1850,5,2,2,8.0,6.0,94043,M,,,94
201000053187,10,11,19,1920,5,2,1,2.0,3.0,94037,M,,,94
201000053188,10,11,19,2100,5,2,2,1.0,3.0,94076,M,,,94
201000053189,10,11,23,2010,5,2,1,1.0,7.0,94076,M,,,94
201000053190,10,11,30,1935,5,2,2,1.0,3.0,94076,M,,,94
201000053191,10,12,3,2045,3,2,1,1.0,5.0,94037,M,,,94
201000053192,10,12,7,855,1,1,1,8.0,7.0,94076,M,,,94
201000053193,10,12,7,1345,1,2,2,4.0,7.0,94076,M,,,94
201000053194,10,12,8,1905,5,2,1,4.0,2.0,94016,M,,,94
201000053195,10,12,11,1900,5,2,2,2.0,7.0,94003,M,,,94
201000053196,10,12,14,1955,5,1,2,1.0,3.0,94076,M,,,94
201000053197,10,12,15,1200,1,2,2,1.0,2.0,94076,M,,,94
201000053198,10,12,17,1740,5,1,3,4.0,3.0,94003,M,,,94
201000053199,10,12,20,1820,5,2,1,2.0,1.0,94003,M,,,94
201000053200,10,12,21,830,1,2,1,4.0,7.0,94076,M,,,94
201000053201,10,12,29,1945,5,2,1,1.0,6.0,94076,M,,,94
201000053202,10,1,4,800,1,2,2,9.0,6.0,94073,M,4875840.0,239287.0,94
201000053203,10,1,4,1335,1,2,1,1.0,6.0,94065,M,4874390.0,235686.0,94
201000053204,10,1,14,1145,1,2,4,1.0,2.0,94021,M,4876390.0,236810.0,94
201000053205,10,1,16,1745,5,2,2,3.0,6.0,94034,M,4875350.0,232829.0,94
201000053206,10,1,19,1645,1,2,1,1.0,6.0,94038,M,4878220.0,234362.0,94
201000053207,10,1,26,540,5,2,2,1.0,3.0,94021,M,4876090.0,234924.0,94
201000053208,10,1,26,1355,1,2,3,1.0,6.0,94021,M,4877190.0,236759.0,94
201000053209,10,1,26,2140,5,2,2,1.0,6.0,94021,M,4877170.0,235682.0,94
201000053210,10,1,30,2030,5,2,2,1.0,6.0,94021,M,4876880.0,236786.0,94
201000053211,10,2,2,1930,5,2,3,2.0,2.0,94065,M,4874740.0,235789.0,94
201000053212,10,2,8,1305,1,2,1,2.0,2.0,94065,M,4875730.0,234497.0,94
201000053213,10,2,11,1640,1,2,1,4.0,2.0,94073,M,4875400.0,238631.0,94
201000053214,10,2,12,1745,1,2,2,1.0,3.0,94073,M,4875500.0,237325.0,94
201000053215,10,2,16,1520,1,2,1,1.0,3.0,94065,M,4875070.0,235278.0,94
201000053216,10,2,15,900,1,2,1,8.0,6.0,94021,M,4876080.0,236084.0,94
201000053217,10,2,18,1605,1,2,1,1.0,3.0,94021,M,4876180.0,236232.0,94
201000053218,10,2,19,1920,5,2,2,1.0,6.0,94038,M,4877390.0,235186.0,94
201000053219,10,2,26,900,1,2,6,3.0,5.0,94034,M,4875770.0,232940.0,94
201000053220,10,2,27,2100,3,2,1,2.0,7.0,94073,M,4875490.0,236922.0,94
201000053221,10,2,28,900,1,2,1,6.0,7.0,94065,M,4875500.0,235213.0,94
201000053222,10,2,28,1810,1,2,1,1.0,2.0,94021,M,4877900.0,236714.0,94
201000053223,10,3,1,1625,1,2,1,1.0,7.0,94065,M,4875380.0,236165.0,94
201000053224,10,3,3,2140,5,2,1,1.0,7.0,94073,M,4877100.0,240116.0,94
201000053225,10,3,8,1740,1,2,2,1.0,3.0,94073,M,4875930.0,239663.0,94
201000053226,10,3,10,1845,2,2,1,1.0,6.0,94073,M,4875980.0,240365.0,94
201000053227,10,3,11,1945,5,2,3,1.0,3.0,94038,M,4876940.0,232164.0,94
201000053228,10,3,12,2140,5,2,1,1.0,2.0,94073,M,4876100.0,240209.0,94
201000053229,10,3,21,150,5,2,1,9.0,7.0,94054,M,4874760.0,238819.0,94
201000053230,10,3,24,630,2,2,1,1.0,7.0,94073,M,4875400.0,236895.0,94
201000053231,10,3,26,1400,1,2,4,1.0,7.0,94073,M,4875580.0,236883.0,94
201000053232,10,3,27,500,5,2,2,2.0,5.0,94065,M,4875830.0,234688.0,94
201000053233,10,3,27,1830,1,2,2,1.0,6.0,94034,M,4875880.0,232401.0,94
201000053234,10,3,28,1420,1,2,1,2.0,6.0,94073,M,4876100.0,237113.0,94
201000053235,10,3,29,1915,1,2,1,8.0,6.0,94038,M,4877830.0,233489.0,94
201000053236,10,3,30,1200,1,2,1,1.0,7.0,94034,M,4875840.0,232354.0,94
201000053237,10,4,2,540,5,2,3,1.0,3.0,94038,M,4877820.0,236400.0,94
201000053238,10,4,3,1215,1,2,6,2.0,3.0,94073,M,4876880.0,236786.0,94
201000053239,10,4,7,1630,1,2,2,1.0,6.0,94073,M,4875810.0,240416.0,94
201000053240,10,4,8,1430,1,2,1,1.0,2.0,94073,M,4876110.0,239980.0,94
201000053241,10,4,15,1400,1,2,6,1.0,2.0,94073,M,4876880.0,236786.0,94
201000053242,10,4,17,1020,1,2,3,9.0,3.0,94073,M,4876910.0,240241.0,94
201000053243,10,4,23,1920,1,2,3,1.0,1.0,94065,M,4874720.0,234802.0,94
201000053244,10,4,24,1215,1,2,1,7.0,6.0,94038,M,4877230.0,234223.0,94
201000053245,10,4,27,1725,1,1,1,1.0,2.0,94065,M,4875440.0,234928.0,94
201000053246,10,4,27,1950,1,2,1,1.0,6.0,94021,M,4876260.0,236814.0,94
201000053247,10,4,29,1250,1,2,1,1.0,1.0,94021,M,4876640.0,236358.0,94
201000053248,10,5,2,1535,1,2,3,2.0,7.0,94065,M,4875370.0,234321.0,94
201000053249,10,5,5,635,2,2,6,1.0,1.0,94073,M,4875340.0,238673.0,94
201000053250,10,5,9,2030,1,2,4,1.0,7.0,94073,M,4875400.0,238634.0,94
201000053251,10,5,16,450,2,2,3,1.0,3.0,94038,M,4877400.0,232499.0,94
201000053252,10,5,16,1600,1,2,1,1.0,6.0,94065,M,4875580.0,236864.0,94
201000053253,10,5,17,2120,1,2,2,1.0,7.0,94038,M,4877330.0,233708.0,94
201000053254,10,5,19,745,1,2,1,1.0,3.0,94038,M,4877660.0,235267.0,94
201000053255,10,5,20,1315,1,2,1,1.0,6.0,94065,M,4874790.0,236786.0,94
201000053256,10,5,21,1530,1,2,1,1.0,7.0,94034,M,4875850.0,233017.0,94
201000053257,10,5,22,1425,1,2,1,7.0,3.0,94073,M,4876850.0,239591.0,94
201000053258,10,5,25,910,1,2,2,1.0,7.0,94021,M,4877170.0,235682.0,94
201000053259,10,5,25,1435,1,2,2,1.0,3.0,94034,M,4875400.0,231280.0,94
201000053260,10,5,26,1845,1,2,1,1.0,7.0,94073,M,4875370.0,237396.0,94
201000053261,10,5,26,2100,2,2,1,1.0,2.0,94021,M,4877050.0,235220.0,94
201000053262,10,6,1,830,1,2,3,1.0,3.0,94038,M,4877850.0,234854.0,94
201000053263,10,6,1,1800,1,2,2,2.0,3.0,94038,M,4877800.0,235265.0,94
201000053264,10,6,2,1615,1,2,1,1.0,6.0,94073,M,4875690.0,240026.0,94
201000053265,10,6,2,2110,2,2,1,1.0,7.0,94073,M,4875860.0,239372.0,94
201000053266,10,6,2,2320,4,2,1,1.0,1.0,94073,M,4875250.0,237194.0,94
201000053267,10,6,3,840,1,2,9,1.0,3.0,94065,M,4875310.0,236202.0,94
201000053268,10,6,3,2045,1,2,1,1.0,6.0,94073,M,4876080.0,237129.0,94
201000053269,10,6,8,920,1,2,1,1.0,7.0,94021,M,4875990.0,236285.0,94
201000053270,10,6,4,420,5,2,3,1.0,2.0,94034,M,4875960.0,232296.0,94
201000053271,10,6,7,1210,1,2,3,1.0,6.0,94021,M,4877300.0,233852.0,94
201000053272,10,6,15,1735,1,2,2,1.0,3.0,94073,M,4876130.0,240324.0,94
201000053273,10,6,16,1745,1,2,2,1.0,2.0,94021,M,4877320.0,233776.0,94
201000053274,10,6,22,720,2,2,1,7.0,7.0,94073,M,4875380.0,237300.0,94
201000053275,10,6,23,1245,1,2,1,1.0,3.0,94038,M,4877230.0,232352.0,94
201000053276,10,6,24,1815,1,2,1,1.0,2.0,94065,M,4875190.0,235291.0,94
201000053277,10,6,26,1040,1,2,1,1.0,5.0,94038,M,4877780.0,236275.0,94
201000053278,10,6,28,425,5,2,2,1.0,3.0,94021,M,4876170.0,235661.0,94
201000053279,10,6,30,935,1,2,6,1.0,5.0,94073,M,4875530.0,237496.0,94
201000053280,10,6,30,1535,1,2,2,1.0,2.0,94038,M,4877100.0,232877.0,94
201000053281,10,6,30,1900,1,2,1,1.0,2.0,94073,M,4875060.0,238513.0,94
201000053282,10,7,5,1810,1,2,1,1.0,3.0,94073,M,4876090.0,237120.0,94
201000053283,10,7,6,800,1,2,1,1.0,6.0,94021,M,4876790.0,236280.0,94
201000053284,10,7,6,905,1,2,1,1.0,6.0,94073,M,4875320.0,238685.0,94
201000053285,10,7,11,445,2,2,1,1.0,7.0,94034,M,4876380.0,231816.0,94
201000053286,10,7,12,1300,1,2,1,1.0,3.0,94034,M,4876130.0,231555.0,94
201000053287,10,7,15,755,1,2,2,1.0,7.0,94073,M,4876880.0,236786.0,94
201000053288,10,7,18,1730,1,2,3,1.0,3.0,94038,M,4878410.0,232818.0,94
201000053289,10,7,20,1050,1,2,1,1.0,7.0,94034,M,4875880.0,231996.0,94
201000053290,10,7,21,2300,5,2,1,1.0,6.0,94021,M,4877550.0,236041.0,94
201000053291,10,7,24,2030,2,2,1,1.0,6.0,94034,M,4876070.0,232606.0,94
201000053292,10,7,25,1830,1,2,3,1.0,1.0,94034,M,4875580.0,231402.0,94
201000053293,10,7,30,540,2,2,1,1.0,2.0,94021,M,4876410.0,236808.0,94
201000053294,10,7,31,125,5,2,1,1.0,7.0,94073,M,4875570.0,238680.0,94
201000053295,10,7,31,830,1,2,3,1.0,3.0,94021,M,4876130.0,235554.0,94
201000053296,10,8,3,1345,1,2,1,1.0,4.0,94073,M,4875550.0,236886.0,94
201000053297,10,8,9,850,1,1,4,1.0,2.0,94065,M,4875200.0,236890.0,94
201000053298,10,8,10,1330,1,2,1,1.0,4.0,94021,M,4876890.0,236753.0,94
201000053299,10,8,11,900,1,2,1,2.0,7.0,94073,M,4875960.0,239668.0,94
201000053300,10,8,11,1145,1,2,1,2.0,2.0,94034,M,4876300.0,233368.0,94
201000053301,10,8,14,1915,1,2,4,1.0,2.0,94065,M,4875580.0,236864.0,94
201000053302,10,8,20,1545,1,1,2,1.0,3.0,94021,M,4876160.0,235717.0,94
201000053303,10,8,21,1910,1,2,3,1.0,6.0,94038,M,4877190.0,234454.0,94
201000053304,10,8,22,1945,1,2,1,1.0,5.0,94021,M,4876940.0,236140.0,94
201000053305,10,8,26,735,2,1,1,1.0,6.0,94065,M,4875830.0,236131.0,94
201000053306,10,9,1,945,1,2,6,1.0,3.0,94065,M,4874820.0,234227.0,94
201000053307,10,9,2,1700,1,2,1,1.0,6.0,94034,M,4875730.0,231602.0,94
201000053308,10,8,31,120,5,2,1,1.0,7.0,94073,M,4874610.0,237062.0,94
201000053309,10,9,4,1410,1,2,2,1.0,3.0,94038,M,4877630.0,234011.0,94
201000053310,10,9,5,300,5,2,1,1.0,6.0,94076,M,4880690.0,236314.0,94
201000053311,10,9,6,820,1,2,1,1.0,2.0,94034,M,4876200.0,231832.0,94
201000053312,10,9,8,1140,1,2,2,2.0,2.0,94073,M,4877060.0,240141.0,94
201000053313,10,9,8,1645,1,2,3,2.0,5.0,94021,M,4877130.0,236128.0,94
201000053314,10,9,10,830,1,2,4,1.0,3.0,94073,M,4876340.0,236965.0,94
201000053315,10,9,13,700,2,2,4,1.0,3.0,94073,M,4877400.0,239892.0,94
201000053316,10,9,14,1830,1,2,1,1.0,7.0,94073,M,4876860.0,236915.0,94
201000053317,10,9,16,935,1,2,3,7.0,3.0,94038,M,4877880.0,235204.0,94
201000053318,10,9,29,605,4,2,1,8.0,6.0,94065,M,4875280.0,235119.0,94