Num_Acc,an,mois,jour,hrmn,lum,agg,int,atm,col,com,gps,lat,long,dep
201000053319,10,9,30,1945,4,2,1,1.0,7.0,94065,M,4875200.0,235666.0,94
201000053320,10,10,1,1900,2,2,1,2.0,6.0,94073,M,,,94
201000053321,10,10,2,1430,1,2,1,8.0,6.0,94034,M,,,94
201000053322,10,10,3,1732,1,2,3,1.0,3.0,94038,M,,,94
201000053323,10,10,5,1900,2,2,1,2.0,3.0,94038,M,,,94
201000053324,10,10,6,815,1,2,3,1.0,6.0,94073,M,,,94
201000053325,10,10,12,840,1,2,1,1.0,3.0,94038,M,,,94
201000053326,10,10,12,1400,1,2,6,1.0,2.0,94065,M,,,94
201000053327,10,10,14,1750,1,2,1,1.0,2.0,94034,M,,,94
201000053328,10,10,14,1930,5,2,1,1.0,3.0,94038,M,,,94
201000053329,10,10,19,1635,1,2,2,1.0,3.0,94038,M,,,94
201000053330,10,10,26,1330,1,2,1,1.0,3.0,94073,M,,,94
201000053331,10,10,26,1400,1,2,1,1.0,4.0,94073,M,,,94
201000053332,10,10,26,1800,2,2,3,1.0,6.0,94038,M,,,94
201000053333,10,10,28,1540,1,2,1,1.0,5.0,94073,M,,,94
201000053334,10,10,29,1245,1,2,4,8.0,6.0,94038,M,,,94
201000053335,10,10,30,1040,1,2,3,1.0,2.0,94034,M,,,94
201000053336,10,11,8,1330,1,2,2,3.0,3.0,94038,M,,,94
201000053337,10,11,9,800,2,2,1,2.0,6.0,94034,M,,,94
201000053338,10,11,10,1210,1,2,1,1.0,7.0,94021,M,,,94
201000053339,10,11,13,2050,5,2,1,2.0,7.0,94073,M,,,94
201000053340,10,11,14,1640,1,2,3,8.0,5.0,94034,M,,,94
201000053341,10,11,15,2100,5,2,1,1.0,2.0,94038,M,,,94
201000053342,10,11,16,1150,1,2,2,1.0,3.0,94073,M,,,94
201000053343,10,11,18,705,2,2,1,8.0,2.0,94021,M,,,94
201000053344,10,11,19,1625,2,2,1,1.0,6.0,94021,M,,,94
201000053345,10,11,25,835,1,2,2,2.0,6.0,94021,M,,,94
201000053346,10,11,25,1615,1,1,1,2.0,7.0,94065,M,,,94
201000053347,10,11,26,1815,3,2,3,2.0,3.0,94073,M,,,94
201000053348,10,11,30,1345,1,2,1,1.0,3.0,94065,M,,,94
201000053349,10,11,10,1800,5,2,3,2.0,1.0,94073,M,,,94
201000053350,10,12,3,1530,1,1,1,8.0,3.0,94065,M,,,94
201000053351,10,12,3,2014,3,1,1,1.0,3.0,94073,M,,,94
201000053352,10,12,5,1100,1,1,2,1.0,2.0,94038,M,,,94
201000053353,10,12,6,1125,1,2,1,2.0,6.0,94021,M,,,94
201000053354,10,12,14,1830,5,2,1,1.0,6.0,94073,M,,,94
201000053355,10,12,15,1130,1,2,6,8.0,3.0,94065,M,,,94
201000053356,10,12,16,3,5,2,2,2.0,3.0,94038,M,,,94
201000053357,10,12,16,1530,1,2,1,2.0,3.0,94034,M,,,94
201000053358,10,12,18,1410,1,2,1,9.0,7.0,94038,M,,,94
201000053359,10,12,22,1840,5,2,4,4.0,7.0,94038,M,,,94
201000053360,10,12,24,900,1,2,1,4.0,6.0,94034,M,,,94
201000053361,10,12,24,1445,1,2,3,4.0,2.0,94038,M,,,94
201000053362,10,12,28,800,5,1,1,9.0,5.0,94034,M,,,94
201000053363,10,12,30,1050,1,2,3,1.0,3.0,94073,M,,,94
201000053364,10,1,6,1200,1,2,3,4.0,6.0,94041,M,4881160.0,238713.0,94
201000053365,10,2,2,1030,1,2,1,2.0,7.0,94041,M,4880260.0,239385.0,94
201000053366,10,2,2,1015,1,2,1,2.0,2.0,94041,M,4881520.0,240142.0,94
201000053367,10,2,19,1050,1,2,1,2.0,7.0,94041,M,4881440.0,237887.0,94
201000053368,10,2,22,2025,5,2,1,2.0,6.0,94041,M,4881510.0,237811.0,94
201000053369,10,2,26,1020,1,2,1,2.0,3.0,94041,M,4881240.0,238631.0,94
201000053370,10,2,28,810,1,2,1,2.0,7.0,94041,M,4881450.0,237869.0,94
201000053371,10,3,9,1825,2,2,1,1.0,7.0,94041,M,4881490.0,237794.0,94
201000053372,10,3,9,900,2,2,1,1.0,1.0,94041,M,4881290.0,237021.0,94
201000053373,10,3,16,2225,5,2,1,1.0,6.0,94041,M,4880830.0,237593.0,94
201000053374,10,3,17,1450,1,2,1,1.0,3.0,94041,M,4881630.0,236972.0,94
201000053375,10,3,21,1530,1,2,2,1.0,6.0,94041,M,4881240.0,238634.0,94
201000053376,10,3,25,1200,1,2,1,2.0,6.0,94041,M,4881460.0,240214.0,94
201000053377,10,3,25,1250,1,2,2,2.0,3.0,94041,M,4880900.0,237349.0,94
201000053378,10,3,26,1135,1,2,1,2.0,5.0,94041,M,4882270.0,239226.0,94
201000053379,10,3,26,1725,1,2,6,2.0,6.0,94041,M,4881460.0,239818.0,94
201000053380,10,4,1,1915,2,2,1,1.0,6.0,94041,M,4881210.0,239143.0,94
201000053381,10,4,5,1010,1,2,1,1.0,7.0,94041,M,4882100.0,238941.0,94
201000053382,10,4,2,1735,1,2,1,1.0,6.0,94041,M,4881200.0,239126.0,94
201000053383,10,4,7,1410,1,2,1,1.0,6.0,94041,M,4881780.0,237544.0,94
201000053384,10,4,8,920,1,2,1,1.0,6.0,94041,M,4881160.0,238445.0,94
201000053385,10,4,10,1515,1,2,3,1.0,6.0,94041,M,4880450.0,238175.0,94
201000053386,10,4,14,700,1,2,3,1.0,3.0,94041,M,4881950.0,239793.0,94
201000053387,10,4,16,830,1,2,1,1.0,6.0,94041,M,4881460.0,239498.0,94
201000053388,10,4,16,1640,1,2,1,1.0,2.0,94041,M,4881690.0,237131.0,94
201000053389,10,4,17,1215,1,2,1,1.0,6.0,94041,M,4881510.0,237804.0,94
201000053390,10,4,19,1410,1,2,1,1.0,3.0,94041,M,4881830.0,238336.0,94
201000053391,10,4,20,1300,1,2,1,1.0,6.0,94041,M,4880820.0,237560.0,94
201000053392,10,4,20,1555,1,2,3,1.0,6.0,94041,M,4881360.0,238909.0,94
201000053393,10,4,23,2001,1,2,1,1.0,6.0,94041,M,4881890.0,238062.0,94
201000053394,10,4,28,2050,2,2,1,1.0,3.0,94041,M,4880510.0,239409.0,94
201000053395,10,4,30,1214,1,2,1,1.0,2.0,94041,M,4881280.0,240266.0,94
201000053396,10,5,2,1620,1,2,1,2.0,3.0,94041,M,4881420.0,236931.0,94
201000053397,10,5,3,1240,1,2,2,1.0,3.0,94041,M,4881650.0,240364.0,94
201000053398,10,5,4,900,1,2,1,1.0,6.0,94041,M,4881850.0,237965.0,94
201000053399,10,5,5,1945,1,2,2,1.0,6.0,94041,M,4882140.0,239036.0,94
201000053400,10,5,11,815,1,2,1,2.0,3.0,94041,M,4881970.0,238007.0,94
201000053401,10,5,28,2100,2,2,1,2.0,2.0,94041,M,4881340.0,238529.0,94
201000053402,10,5,28,1225,1,2,1,2.0,7.0,94041,M,4881460.0,240157.0,94
201000053403,10,5,29,1515,1,2,1,1.0,2.0,94041,M,4880770.0,237711.0,94
201000053404,10,5,31,915,1,2,1,1.0,2.0,94041,M,4881180.0,238001.0,94
201000053405,10,6,3,1325,1,2,5,1.0,2.0,94041,M,4881460.0,240209.0,94
201000053406,10,6,5,2240,2,2,2,1.0,6.0,94041,M,4881230.0,239177.0,94
201000053407,10,6,11,1605,1,2,1,1.0,6.0,94041,M,4881000.0,238489.0,94
201000053408,10,6,14,1015,1,2,1,1.0,1.0,94041,M,4880490.0,238747.0,94
201000053409,10,6,18,1725,1,2,1,1.0,6.0,94041,M,4881680.0,237115.0,94
201000053410,10,6,18,1320,1,2,1,1.0,2.0,94041,M,4881690.0,236715.0,94
201000053411,10,6,20,1900,1,2,1,1.0,6.0,94041,M,4881140.0,238743.0,94
201000053412,10,6,24,1520,1,2,1,1.0,3.0,94041,M,4881360.0,238909.0,94
201000053413,10,6,24,1915,1,2,1,1.0,1.0,94041,M,4881400.0,240747.0,94
201000053414,10,6,30,2235,5,2,1,1.0,3.0,94041,M,4881460.0,240591.0,94
201000053415,10,7,2,1635,1,2,1,1.0,6.0,94041,M,4881360.0,238909.0,94
201000053416,10,7,9,1350,1,2,1,1.0,4.0,94041,M,4880650.0,237545.0,94
201000053417,10,7,9,1820,1,2,1,1.0,1.0,94041,M,4881160.0,237613.0,94
201000053418,10,7,10,2115,2,2,1,1.0,6.0,94041,M,4881220.0,238351.0,94
201000053419,10,7,10,2115,2,2,2,1.0,6.0,94041,M,4881290.0,237038.0,94
201000053420,10,7,20,925,1,2,1,1.0,2.0,94041,M,4881460.0,240801.0,94
201000053421,10,7,20,1155,1,2,1,1.0,3.0,94041,M,4880170.0,237920.0,94
201000053422,10,8,3,1435,1,2,1,1.0,6.0,94041,M,4881210.0,238570.0,94
201000053423,10,8,9,2010,2,2,2,1.0,3.0,94041,M,4881640.0,237469.0,94
201000053424,10,8,24,1830,1,2,1,1.0,2.0,94041,M,4881250.0,238657.0,94
201000053425,10,8,28,1505,1,2,3,1.0,2.0,94041,M,4881250.0,238656.0,94
201000053426,10,8,31,1715,1,2,1,1.0,6.0,94041,M,4881760.0,239312.0,94
201000053427,10,9,1,1815,1,2,1,1.0,6.0,94041,M,4881760.0,238157.0,94
201000053428,10,9,1,1825,1,2,2,1.0,6.0,94041,M,4881170.0,238476.0,94
201000053429,10,9,3,1240,1,2,2,1.0,2.0,94041,M,4881400.0,240747.0,94
201000053430,10,9,14,1755,1,2,2,1.0,2.0,94041,M,4881810.0,239797.0,94
201000053431,10,9,16,855,1,2,1,1.0,6.0,94041,M,4881460.0,239830.0,94
201000053432,10,9,18,1115,1,2,1,1.0,1.0,94041,M,4881700.0,239935.0,94
201000053433,10,9,20,1115,1,2,1,1.0,6.0,94041,M,4881790.0,238237.0,94
201000053434,10,9,22,840,1,2,1,1.0,6.0,94041,M,4881900.0,237382.0,94
201000053435,10,9,27,1045,1,2,1,1.0,4.0,94041,M,4882150.0,239401.0,94
201000053436,10,9,29,1920,1,2,1,8.0,3.0,94041,M,4882160.0,239381.0,94
201000053437,10,10,3,442,5,2,1,1.0,7.0,94041,M,,,94
201000053438,10,10,7,930,1,2,3,1.0,6.0,94041,M,,,94
201000053439,10,10,8,1750,1,2,1,1.0,2.0,94041,M,,,94
201000053440,10,10,11,1020,1,2,1,1.0,6.0,94041,M,,,94
201000053441,10,10,14,930,1,2,2,1.0,7.0,94041,M,,,94
201000053442,10,10,16,600,5,2,1,1.0,7.0,94041,M,,,94
201000053443,10,10,16,1025,1,2,1,1.0,2.0,94041,M,,,94
201000053444,10,10,18,1305,1,2,1,1.0,2.0,94041,M,,,94
201000053445,10,10,27,1945,5,2,3,1.0,3.0,94041,M,,,94
201000053446,10,11,2,1630,1,2,3,1.0,3.0,94041,M,,,94
201000053447,10,11,3,1320,1,2,1,1.0,2.0,94041,M,,,94
201000053448,10,11,4,810,1,2,2,2.0,6.0,94041,M,,,94
201000053449,10,11,5,1830,2,2,2,1.0,6.0,94041,M,,,94
201000053450,10,11,6,1800,5,2,1,2.0,6.0,94041,M,,,94
201000053451,10,11,7,1705,2,2,3,8.0,6.0,94041,M,,,94
201000053452,10,11,9,845,1,2,3,2.0,7.0,94041,M,,,94
201000053453,10,11,9,1715,2,2,2,2.0,6.0,94041,M,,,94
201000053454,10,11,12,1815,5,2,1,2.0,2.0,94041,M,,,94
201000053455,10,11,14,1330,1,2,2,2.0,7.0,94041,M,,,94
201000053456,10,11,19,1755,5,2,1,1.0,3.0,94041,M,,,94
201000053457,10,11,23,740,2,2,1,1.0,7.0,94041,M,,,94
201000053458,10,11,23,745,1,2,3,8.0,6.0,94041,M,,,94
201000053459,10,11,30,815,2,2,1,9.0,7.0,94041,M,,,94
201000053460,10,11,30,1835,5,2,1,8.0,6.0,94041,M,,,94
201000053461,10,12,1,1935,5,2,2,4.0,2.0,94041,M,,,94
201000053462,10,12,2,1605,1,2,1,1.0,7.0,94041,M,,,94
201000053463,10,12,3,1950,5,2,1,1.0,7.0,94041,M,,,94
201000053464,10,12,10,20,5,2,3,9.0,3.0,94041,M,,,94
201000053465,10,12,13,940,1,2,2,1.0,6.0,94041,M,,,94
201000053466,10,12,11,2115,5,2,1,9.0,6.0,94041,M,,,94
201000053467,10,12,15,905,1,2,1,1.0,3.0,94041,M,,,94
201000053468,10,12,17,1735,5,2,1,4.0,6.0,94041,M,,,94
201000053469,10,12,18,1815,2,2,1,4.0,7.0,94041,M,,,94
201000053470,10,12,22,1800,5,2,1,2.0,6.0,94041,M,,,94
201000053471,10,1,25,2250,5,2,1,1.0,3.0,94041,M,4880470.0,238701.0,94
201000053472,10,2,10,1945,5,2,2,1.0,2.0,94041,M,4881670.0,239965.0,94
201000053473,10,2,17,1240,1,2,1,2.0,3.0,94041,M,4881570.0,237743.0,94
201000053474,10,2,18,845,1,2,1,1.0,6.0,94041,M,4880650.0,237403.0,94
201000053475,10,2,23,1420,1,2,3,2.0,3.0,94041,M,4880890.0,237912.0,94
201000053476,10,3,2,1940,2,2,3,1.0,3.0,94041,M,4880240.0,239738.0,94
201000053477,10,4,6,1820,1,2,3,1.0,2.0,94041,M,4881440.0,238414.0,94
201000053478,10,5,2,2100,5,2,2,1.0,3.0,94041,M,4881890.0,239696.0,94
201000053479,10,5,19,1015,1,2,2,1.0,6.0,94041,M,4881380.0,239543.0,94
201000053480,10,6,2,1805,1,2,1,1.0,7.0,94041,M,4880160.0,239361.0,94
201000053481,10,6,13,20,5,2,1,1.0,2.0,94041,M,4881460.0,240606.0,94
201000053482,10,7,14,330,5,2,1,9.0,7.0,94041,M,4881290.0,238094.0,94
201000053483,10,7,31,145,5,2,1,1.0,4.0,94043,M,4880980.0,236244.0,94
201000053484,10,8,5,10,5,2,4,1.0,7.0,94041,M,4881460.0,240606.0,94
201000053485,10,8,19,930,1,2,1,1.0,3.0,94041,M,4880540.0,237624.0,94
201000053486,10,8,26,2300,5,2,3,1.0,7.0,94041,M,4882240.0,239257.0,94
201000053487,10,8,26,1800,1,2,1,1.0,6.0,94041,M,4881460.0,239355.0,94
201000053488,10,9,17,1300,1,2,1,1.0,2.0,94041,M,4882050.0,239579.0,94
201000053489,10,9,19,400,5,2,3,1.0,7.0,94041,M,4882240.0,239257.0,94
201000053490,10,9,29,1440,1,2,1,1.0,2.0,94041,M,4881810.0,239797.0,94
201000053491,10,12,4,1951,5,2,1,2.0,7.0,94041,M,,,94
201000053492,10,12,14,915,1,2,1,1.0,4.0,94041,M,,,94
201000053493,10,8,2,1213,1,2,3,1.0,3.0,94041,M,4881750.0,240446.0,94
201000053494,10,1,12,2215,5,2,2,1.0,1.0,94046,M,4880060.0,243527.0,94
201000053495,10,1,18,15,5,2,4,1.0,7.0,94046,M,4880230.0,243484.0,94
201000053496,10,1,29,1745,5,2,2,2.0,6.0,94046,M,4880580.0,244087.0,94
201000053497,10,2,1,1200,1,2,1,1.0,3.0,94046,M,4878860.0,243564.0,94
201000053498,10,2,18,920,1,2,2,8.0,6.0,94046,M,4880580.0,243898.0,94
201000053499,10,2,18,1900,5,2,1,8.0,2.0,94046,M,4880600.0,243396.0,94
201000053500,10,2,20,925,1,2,2,8.0,3.0,94046,M,4880920.0,244003.0,94
201000053501,10,2,21,1350,1,2,2,1.0,3.0,94046,M,4880860.0,245077.0,94
201000053502,10,2,22,1830,5,2,1,2.0,6.0,94046,M,4880180.0,243241.0,94
201000053503,10,3,5,1355,1,2,3,1.0,2.0,94046,M,4881280.0,242195.0,94
201000053504,10,3,6,1310,1,2,1,1.0,4.0,94046,M,4881480.0,241710.0,94
201000053505,10,3,13,1245,1,2,2,1.0,3.0,94046,M,4880450.0,243247.0,94
201000053506,10,3,17,1600,1,2,1,1.0,3.0,94046,M,4880200.0,243273.0,94
201000053507,10,3,24,2025,5,2,1,1.0,3.0,94046,M,4880810.0,243645.0,94
201000053508,10,4,15,2100,5,2,2,2.0,2.0,94046,M,4881540.0,243193.0,94
201000053509,10,4,21,2145,5,2,3,1.0,3.0,94046,M,4880440.0,244341.0,94
201000053510,10,4,29,1900,1,2,1,1.0,3.0,94046,M,4880200.0,243269.0,94
201000053511,10,5,5,1230,1,2,3,1.0,3.0,94046,M,4881540.0,242974.0,94
201000053512,10,5,6,1300,1,2,3,1.0,6.0,94046,M,4881030.0,242349.0,94
201000053513,10,5,7,1215,1,2,2,1.0,2.0,94046,M,4881530.0,241997.0,94
201000053514,10,5,10,2200,5,2,1,2.0,3.0,94046,M,4881180.0,242252.0,94
201000053515,10,5,11,1410,1,2,2,2.0,3.0,94046,M,4881490.0,244030.0,94
201000053516,10,5,17,1555,1,2,2,1.0,3.0,94046,M,4880990.0,244813.0,94
201000053517,10,5,23,40,5,2,5,1.0,3.0,94046,M,4881530.0,241997.0,94
201000053518,10,5,25,940,1,2,4,1.0,2.0,94046,M,4880890.0,242433.0,94
201000053519,10,5,26,1640,1,2,2,2.0,3.0,94046,M,4880580.0,244087.0,94
201000053520,10,6,2,1650,1,2,1,1.0,6.0,94046,M,4880870.0,243312.0,94
201000053521,10,6,5,1625,1,2,2,1.0,3.0,94046,M,4879630.0,242888.0,94
201000053522,10,6,7,1250,1,2,1,1.0,3.0,94046,M,4880940.0,243414.0,94
201000053523,10,6,7,1850,1,2,1,1.0,2.0,94046,M,4881180.0,242945.0,94
201000053524,10,6,9,1955,1,2,1,1.0,3.0,94046,M,4881200.0,242890.0,94
201000053525,10,6,12,1710,1,2,2,8.0,3.0,94046,M,4880580.0,244087.0,94
201000053526,10,6,12,845,1,2,2,1.0,6.0,94046,M,4880060.0,243527.0,94
201000053527,10,6,12,1640,1,2,5,8.0,3.0,94046,M,4881530.0,241997.0,94
201000053528,10,6,16,1335,1,2,2,1.0,3.0,94046,M,4880780.0,244803.0,94
201000053529,10,6,18,1850,1,2,1,1.0,3.0,94046,M,4881030.0,244350.0,94
201000053530,10,6,25,1245,1,2,2,1.0,3.0,94046,M,4881290.0,243752.0,94
201000053531,10,6,28,1915,1,2,2,3.0,3.0,94046,M,4880750.0,243995.0,94
201000053532,10,6,29,1040,1,2,1,1.0,6.0,94046,M,4881220.0,242955.0,94
201000053533,10,6,29,1200,1,2,1,1.0,6.0,94046,M,4880200.0,243274.0,94
201000053534,10,7,3,2205,5,2,2,1.0,1.0,94046,M,4881350.0,244023.0,94
201000053535,10,7,8,905,1,2,1,1.0,6.0,94046,M,4881280.0,242759.0,94
201000053536,10,7,9,1515,1,2,1,1.0,2.0,94046,M,4881000.0,243285.0,94
201000053537,10,7,20,815,1,2,2,1.0,6.0,94046,M,4880450.0,243247.0,94
201000053538,10,7,30,1245,1,2,2,1.0,5.0,94046,M,4881050.0,245650.0,94
201000053539,10,8,17,1240,1,2,2,1.0,3.0,94046,M,4881290.0,243752.0,94
201000053540,10,8,30,2320,5,2,3,1.0,3.0,94046,M,4881550.0,242766.0,94
201000053541,10,9,6,1700,1,2,1,1.0,6.0,94046,M,4879840.0,243132.0,94
201000053542,10,9,11,1625,1,2,3,1.0,3.0,94046,M,4879970.0,244347.0,94
201000053543,10,9,13,1815,1,2,2,1.0,6.0,94046,M,4880060.0,243527.0,94
201000053544,10,9,15,2050,5,2,1,1.0,2.0,94046,M,4880400.0,244436.0,94
201000053545,10,9,29,1615,1,2,2,1.0,2.0,94046,M,4881530.0,242089.0,94
201000053546,10,9,29,1800,1,2,1,1.0,2.0,94046,M,4881110.0,242300.0,94
201000053547,10,10,3,1555,1,2,3,1.0,3.0,94046,M,,,94
201000053548,10,10,8,1245,1,2,3,1.0,2.0,94046,M,,,94
201000053549,10,10,13,950,1,2,4,1.0,3.0,94046,M,,,94
201000053550,10,10,14,1800,1,2,1,1.0,5.0,94046,M,,,94
201000053551,10,10,15,2340,5,2,1,8.0,2.0,94046,M,,,94
201000053552,10,10,19,1755,1,2,1,1.0,6.0,94046,M,,,94
201000053553,10,10,20,1535,1,2,2,1.0,6.0,94046,M,,,94
201000053554,10,10,23,1835,3,2,4,6.0,3.0,94046,M,,,94
201000053555,10,10,25,1230,1,2,2,1.0,3.0,94046,M,,,94
201000053556,10,10,25,1540,1,2,3,1.0,2.0,94046,M,,,94
201000053557,10,11,8,1605,1,2,2,8.0,4.0,94046,M,,,94
201000053558,10,11,11,1515,1,2,2,2.0,2.0,94046,M,,,94
201000053559,10,11,13,1500,1,2,1,2.0,2.0,94046,M,,,94
201000053560,10,11,16,2145,5,2,2,1.0,5.0,94046,M,,,94
201000053561,10,11,26,820,1,2,1,1.0,6.0,94046,M,,,94
201000053562,10,11,29,815,1,2,2,8.0,6.0,94046,M,,,94
201000053563,10,12,10,2350,5,2,1,8.0,6.0,94046,M,,,94
201000053564,10,12,20,1240,1,2,1,1.0,2.0,94046,M,,,94
201000053565,10,1,1,715,5,2,6,1.0,2.0,94042,M,4881990.0,247330.0,94
201000053566,10,1,6,1740,5,2,1,1.0,6.0,94052,M,4883590.0,247467.0,94
201000053567,10,1,9,1630,1,2,1,4.0,6.0,94058,M,4884300.0,250414.0,94
201000053568,10,1,15,1755,5,2,3,1.0,1.0,94052,M,4883350.0,247166.0,94
201000053569,10,1,17,1630,1,2,5,1.0,1.0,94058,M,4884930.0,249597.0,94
201000053570,10,1,21,950,1,2,3,2.0,3.0,94052,M,4884260.0,249170.0,94
201000053571,10,1,27,745,2,2,1,1.0,6.0,94058,M,4885200.0,250919.0,94
201000053572,10,2,5,1600,1,2,3,1.0,3.0,94052,M,4883560.0,249311.0,94
201000053573,10,2,7,1050,1,2,4,1.0,6.0,94058,M,4884950.0,249621.0,94
201000053574,10,2,10,2050,5,2,3,8.0,3.0,94042,M,4882010.0,248085.0,94
201000053575,10,2,18,650,5,2,1,1.0,3.0,94052,M,4884260.0,248482.0,94
201000053576,10,2,20,1130,1,2,1,1.0,6.0,94015,M,4884390.0,252000.0,94
201000053577,10,2,24,1600,1,2,1,2.0,2.0,94042,M,4881510.0,246796.0,94
201000053578,10,2,24,2105,5,2,2,2.0,6.0,94042,M,4881500.0,246302.0,94
201000053579,10,2,25,730,1,2,2,2.0,6.0,94052,M,4884230.0,248144.0,94
201000053580,10,3,8,1605,1,2,1,1.0,6.0,94052,M,4883800.0,247132.0,94
201000053581,10,3,15,1620,1,2,1,1.0,2.0,94042,M,4881810.0,246628.0,94
201000053582,10,3,23,630,1,2,3,1.0,3.0,94042,M,4882010.0,248085.0,94
201000053583,10,3,23,1655,1,2,2,1.0,6.0,94058,M,4884420.0,249626.0,94
201000053584,10,3,25,750,1,2,5,1.0,3.0,94052,M,4883810.0,248430.0,94
201000053585,10,3,26,830,1,2,1,1.0,3.0,94052,M,4884080.0,248205.0,94
201000053586,10,3,30,1120,1,2,5,1.0,3.0,94052,M,4883550.0,247404.0,94
201000053587,10,4,2,1040,1,2,2,1.0,2.0,94042,M,4882020.0,246727.0,94
201000053588,10,4,5,2130,5,2,1,1.0,3.0,94042,M,4882010.0,247958.0,94
201000053589,10,4,6,1325,1,2,7,1.0,1.0,94042,M,4881590.0,246643.0,94
201000053590,10,4,9,1530,1,2,6,1.0,2.0,94052,M,4884390.0,248692.0,94
201000053591,10,4,9,1505,1,2,3,1.0,2.0,94042,M,4882010.0,247438.0,94
201000053592,10,4,13,1850,1,2,1,1.0,2.0,94042,M,4881450.0,246797.0,94
201000053593,10,4,14,1155,1,2,3,1.0,3.0,94042,M,4882010.0,248085.0,94
201000053594,10,4,19,1810,1,2,5,1.0,3.0,94042,M,4882020.0,246727.0,94
201000053595,10,4,22,1735,1,2,1,1.0,6.0,94058,M,4884740.0,249283.0,94
201000053596,10,4,30,700,1,2,1,1.0,3.0,94042,M,4882010.0,247534.0,94
201000053597,10,5,1,1545,1,2,2,1.0,2.0,94015,M,4884110.0,251929.0,94
201000053598,10,5,4,820,1,2,2,1.0,3.0,94052,M,4884520.0,248917.0,94
201000053599,10,5,6,1910,1,2,2,1.0,3.0,94058,M,4883300.0,251428.0,94
201000053600,10,5,7,1615,1,2,1,1.0,3.0,94042,M,4882280.0,246565.0,94
201000053601,10,5,12,925,1,2,1,1.0,6.0,94052,M,4883930.0,249017.0,94
201000053602,10,5,12,1445,1,2,2,8.0,3.0,94042,M,4881490.0,248116.0,94
201000053603,10,5,13,2000,1,2,1,1.0,6.0,94058,M,4884760.0,250432.0,94
201000053604,10,5,22,1125,1,2,6,1.0,5.0,94042,M,4882010.0,247438.0,94
201000053605,10,5,23,1215,1,2,3,7.0,6.0,94052,M,4883550.0,247452.0,94
201000053606,10,5,26,1045,1,2,2,1.0,3.0,94058,M,4884730.0,249846.0,94
201000053607,10,5,30,1915,1,2,1,1.0,6.0,94058,M,4884900.0,250922.0,94
201000053608,10,5,30,2145,2,2,1,1.0,6.0,94042,M,4882060.0,246419.0,94
201000053609,10,6,2,1630,1,2,1,1.0,6.0,94015,M,4883610.0,252124.0,94
201000053610,10,6,4,1540,1,2,1,1.0,6.0,94042,M,4881550.0,247336.0,94
201000053611,10,6,4,2030,1,2,1,1.0,3.0,94042,M,4881310.0,246619.0,94
201000053612,10,6,7,1650,1,2,2,1.0,6.0,94058,M,4884050.0,250532.0,94
201000053613,10,6,9,1900,1,2,1,2.0,6.0,94042,M,4882010.0,247559.0,94
201000053614,10,6,22,220,5,2,5,1.0,1.0,94042,M,4882010.0,247318.0,94
201000053615,10,6,22,1925,1,2,2,1.0,1.0,94015,M,4883450.0,252569.0,94
201000053616,10,6,25,1700,1,2,6,1.0,6.0,94052,M,4884430.0,248723.0,94
201000053617,10,6,27,1820,1,2,5,1.0,3.0,94042,M,4882010.0,247438.0,94
201000053618,10,6,30,1845,1,2,2,1.0,3.0,94015,M,4884700.0,251747.0,94
201000053619,10,7,9,1300,1,2,2,1.0,3.0,94052,M,4883550.0,249405.0,94
201000053620,10,7,9,1840,1,2,3,1.0,3.0,94052,M,4884190.0,248377.0,94
201000053621,10,7,13,920,1,2,3,8.0,3.0,94052,M,4883550.0,247404.0,94
201000053622,10,7,16,605,1,2,1,1.0,3.0,94042,M,4881340.0,246123.0,94
201000053623,10,7,17,1025,1,2,2,1.0,3.0,94058,M,4884640.0,249547.0,94
201000053624,10,7,20,2010,1,2,3,1.0,3.0,94052,M,4883610.0,247671.0,94
201000053625,10,7,21,1930,1,2,1,8.0,2.0,94042,M,4882010.0,247936.0,94
201000053626,10,7,23,1430,1,2,3,1.0,3.0,94052,M,4883880.0,247899.0,94
201000053627,10,7,25,1250,1,2,1,1.0,2.0,94058,M,4883480.0,250611.0,94
201000053628,10,8,2,2010,1,2,2,8.0,3.0,94042,M,4881550.0,246774.0,94
201000053629,10,8,9,1015,1,2,2,1.0,6.0,94052,M,4883840.0,248460.0,94
201000053630,10,8,18,1435,1,2,5,1.0,6.0,94058,M,4883720.0,251099.0,94
201000053631,10,8,20,1625,1,2,1,1.0,3.0,94042,M,4881360.0,246522.0,94
201000053632,10,8,21,1550,1,2,2,1.0,6.0,94058,M,4883460.0,251044.0,94