Num_Acc,an,mois,jour,hrmn,lum,agg,int,atm,col,com,gps,lat,long,dep
201000053633,10,9,4,700,2,2,3,1.0,3.0,94042,M,4882010.0,248085.0,94
201000053634,10,9,4,1340,1,2,2,1.0,3.0,94052,M,4883550.0,249405.0,94
201000053635,10,9,4,1400,1,2,2,1.0,6.0,94042,M,4882010.0,247534.0,94
201000053636,10,9,6,1728,1,2,2,8.0,3.0,94052,M,4883550.0,249405.0,94
201000053637,10,9,4,25,5,2,2,1.0,3.0,94058,M,4884320.0,250342.0,94
201000053638,10,9,7,1600,1,2,3,1.0,3.0,94052,M,4884190.0,248377.0,94
201000053639,10,9,10,810,1,2,1,1.0,6.0,94052,M,4883580.0,248960.0,94
201000053640,10,9,10,1445,1,2,1,1.0,6.0,94058,M,4884260.0,250264.0,94
201000053641,10,9,12,1020,1,2,1,2.0,2.0,94058,M,4884920.0,250888.0,94
201000053642,10,9,15,1015,1,2,1,1.0,3.0,94058,M,4884210.0,250480.0,94
201000053643,10,9,16,815,1,2,2,1.0,3.0,94042,M,4881500.0,246302.0,94
201000053644,10,9,24,1800,1,2,2,8.0,3.0,94052,M,4883550.0,249453.0,94
201000053645,10,9,25,1430,1,2,2,1.0,3.0,94052,M,4883840.0,248460.0,94
201000053646,10,10,2,1630,1,2,3,1.0,3.0,94058,M,,,94
201000053647,10,10,4,2210,5,2,1,1.0,6.0,94058,M,,,94
201000053648,10,10,5,645,5,2,6,9.0,3.0,94015,M,,,94
201000053649,10,10,6,755,1,2,5,8.0,3.0,94058,M,,,94
201000053650,10,10,6,1515,1,2,4,2.0,3.0,94001,M,,,94
201000053651,10,10,15,1450,1,2,1,1.0,2.0,94052,M,,,94
201000053652,10,10,15,2110,5,2,4,2.0,3.0,94058,M,,,94
201000053653,10,10,20,940,1,2,1,1.0,3.0,94058,M,,,94
201000053654,10,10,21,750,1,2,2,1.0,3.0,94052,M,,,94
201000053655,10,10,22,1600,1,2,1,1.0,3.0,94058,M,,,94
201000053656,10,10,22,1755,1,2,2,1.0,6.0,94052,M,,,94
201000053657,10,10,23,1450,1,2,1,2.0,3.0,94058,M,,,94
201000053658,10,10,23,1930,5,2,5,2.0,6.0,94015,M,,,94
201000053659,10,10,26,2255,5,2,3,1.0,3.0,94058,M,,,94
201000053660,10,11,2,835,1,2,2,1.0,3.0,94015,M,,,94
201000053661,10,11,4,1350,1,2,4,1.0,3.0,94058,M,,,94
201000053662,10,11,8,1900,5,2,2,8.0,3.0,94052,M,,,94
201000053663,10,11,11,200,5,2,1,1.0,7.0,94058,M,,,94
201000053664,10,11,12,1535,1,2,2,2.0,6.0,94052,M,,,94
201000053665,10,11,18,2000,5,2,1,2.0,6.0,94042,M,,,94
201000053666,10,11,26,800,2,2,1,1.0,6.0,94052,M,,,94
201000053667,10,11,26,940,1,2,3,1.0,1.0,94042,M,,,94
201000053668,10,11,30,1520,1,2,2,1.0,2.0,94042,M,,,94
201000053669,10,12,4,1120,1,2,1,4.0,3.0,94058,M,,,94
201000053670,10,12,6,745,5,2,3,2.0,6.0,94042,M,,,94
201000053671,10,12,27,1930,5,2,1,1.0,2.0,94058,M,,,94
201000053672,10,1,1,1850,5,2,2,1.0,1.0,94068,M,4880660.0,247878.0,94
201000053673,10,1,4,1000,1,2,3,1.0,6.0,94068,M,4878950.0,247393.0,94
201000053674,10,1,14,1245,1,2,2,1.0,3.0,94068,M,4879220.0,250178.0,94
201000053675,10,1,19,1420,1,2,2,1.0,3.0,94068,M,4880260.0,251157.0,94
201000053676,10,1,20,1730,2,2,1,2.0,2.0,94068,M,4880590.0,248113.0,94
201000053677,10,1,27,825,1,2,1,1.0,6.0,94068,M,4879410.0,249669.0,94
201000053678,10,1,27,1415,1,2,1,1.0,6.0,94068,M,4879380.0,249232.0,94
201000053679,10,1,28,2115,4,2,1,8.0,3.0,94068,M,4879390.0,251318.0,94
201000053680,10,1,30,1350,1,2,2,8.0,3.0,94068,M,4880500.0,250444.0,94
201000053681,10,1,30,2355,5,2,3,1.0,2.0,94068,M,4879550.0,247667.0,94
201000053682,10,2,2,1955,5,2,2,1.0,6.0,94068,M,4878600.0,249524.0,94
201000053683,10,2,4,850,1,2,1,1.0,4.0,94068,M,4881030.0,247414.0,94
201000053684,10,2,8,1325,1,2,1,1.0,3.0,94068,M,4879810.0,248402.0,94
201000053685,10,2,9,1020,1,2,2,4.0,3.0,94068,M,4880870.0,247963.0,94
201000053686,10,2,15,1900,5,2,3,1.0,3.0,94068,M,4879540.0,247669.0,94
201000053687,10,2,18,1602,1,2,3,1.0,3.0,94068,M,4879810.0,248220.0,94
201000053688,10,2,19,1200,1,2,1,1.0,3.0,94068,M,4880860.0,247272.0,94
201000053689,10,2,23,1230,1,2,2,1.0,3.0,94068,M,4878860.0,248930.0,94
201000053690,10,2,24,1300,1,2,3,1.0,3.0,94068,M,4880980.0,246568.0,94
201000053691,10,2,25,818,1,2,2,8.0,3.0,94068,M,4878740.0,250434.0,94
201000053692,10,3,1,1525,1,2,1,1.0,7.0,94068,M,4879770.0,248086.0,94
201000053693,10,3,7,1125,1,2,1,1.0,6.0,94068,M,4879220.0,251784.0,94
201000053694,10,3,8,830,1,2,2,1.0,3.0,94068,M,4880660.0,247878.0,94
201000053695,10,3,24,1955,5,2,1,1.0,1.0,94068,M,4878910.0,249583.0,94
201000053696,10,1,17,1230,1,2,2,1.0,3.0,94068,M,4879330.0,249783.0,94
201000053697,10,3,27,950,1,2,2,1.0,3.0,94068,M,4879180.0,251326.0,94
201000053698,10,3,28,1310,1,2,2,2.0,6.0,94068,M,4879710.0,250493.0,94
201000053699,10,4,1,1705,1,2,5,8.0,2.0,94068,M,4879640.0,250671.0,94
201000053700,10,4,1,2000,2,2,2,1.0,6.0,94068,M,4880330.0,248469.0,94
201000053701,10,4,2,848,1,2,2,1.0,3.0,94068,M,4878910.0,247653.0,94
201000053702,10,4,3,1110,1,2,2,2.0,6.0,94068,M,4878910.0,249526.0,94
201000053703,10,4,6,848,1,2,5,1.0,3.0,94068,M,4879820.0,248006.0,94
201000053704,10,4,6,1740,1,2,1,1.0,6.0,94068,M,4880010.0,248331.0,94
201000053705,10,4,8,1250,1,2,1,1.0,6.0,94068,M,4880520.0,247060.0,94
201000053706,10,4,8,1520,1,2,2,1.0,2.0,94068,M,4880530.0,248395.0,94
201000053707,10,4,9,1210,1,2,2,1.0,3.0,94068,M,4878720.0,248853.0,94
201000053708,10,4,12,805,1,2,2,1.0,6.0,94068,M,4881100.0,247818.0,94
201000053709,10,4,14,1030,1,2,2,1.0,3.0,94068,M,4879710.0,250493.0,94
201000053710,10,4,13,1830,1,2,1,1.0,3.0,94068,M,4879920.0,247275.0,94
201000053711,10,4,18,1600,1,2,2,1.0,6.0,94068,M,4879420.0,248109.0,94
201000053712,10,4,22,1720,1,2,1,1.0,6.0,94068,M,4879610.0,250006.0,94
201000053713,10,4,23,1925,1,2,1,1.0,6.0,94068,M,4880730.0,246704.0,94
201000053714,10,4,23,1845,1,2,2,1.0,3.0,94068,M,4880260.0,251157.0,94
201000053715,10,4,26,1640,1,2,2,1.0,3.0,94068,M,4879920.0,247117.0,94
201000053716,10,4,28,1710,1,2,3,1.0,6.0,94068,M,4879220.0,251777.0,94
201000053717,10,5,4,1645,1,2,1,1.0,2.0,94068,M,4880050.0,251211.0,94
201000053718,10,5,8,1030,1,2,2,1.0,3.0,94068,M,4879800.0,248989.0,94
201000053719,10,5,14,1710,1,2,3,1.0,2.0,94068,M,4879310.0,249870.0,94
201000053720,10,5,21,1815,1,2,1,1.0,2.0,94068,M,4880480.0,250240.0,94
201000053721,10,5,25,850,1,2,5,1.0,3.0,94068,M,4879270.0,249745.0,94
201000053722,10,5,25,930,1,2,1,1.0,2.0,94068,M,4880410.0,249389.0,94
201000053723,10,6,8,735,1,2,2,2.0,3.0,94068,M,4880600.0,251593.0,94
201000053724,10,6,11,1250,1,2,2,1.0,3.0,94068,M,4879810.0,248402.0,94
201000053725,10,6,17,1200,1,2,2,1.0,3.0,94068,M,4880110.0,247206.0,94
201000053726,10,6,17,1530,1,2,1,1.0,4.0,94068,M,4880050.0,247555.0,94
201000053727,10,6,19,2230,5,2,2,8.0,3.0,94068,M,4879350.0,249795.0,94
201000053728,10,6,22,2220,5,2,3,1.0,1.0,94068,M,4878910.0,249833.0,94
201000053729,10,6,24,825,1,2,2,1.0,6.0,94068,M,4880710.0,250902.0,94
201000053730,10,6,24,2240,5,2,1,1.0,2.0,94068,M,4881080.0,248183.0,94
201000053731,10,6,24,2340,5,2,3,1.0,3.0,94068,M,4880070.0,247026.0,94
201000053732,10,6,29,1050,1,2,1,1.0,3.0,94068,M,4880430.0,248638.0,94
201000053733,10,6,29,2015,1,2,1,1.0,3.0,94068,M,4880960.0,249554.0,94
201000053734,10,7,2,1730,1,2,1,1.0,3.0,94068,M,4880670.0,247104.0,94
201000053735,10,7,3,1350,1,2,2,1.0,3.0,94068,M,4879810.0,248710.0,94
201000053736,10,7,8,1940,1,2,2,1.0,3.0,94068,M,4878600.0,250476.0,94
201000053737,10,7,9,1510,1,2,1,1.0,2.0,94068,M,4881170.0,247870.0,94
201000053738,10,7,20,1920,1,2,2,1.0,3.0,94068,M,4880060.0,247508.0,94
201000053739,10,7,24,1500,1,2,1,1.0,2.0,94068,M,4879720.0,250466.0,94
201000053740,10,7,27,1810,1,2,2,1.0,6.0,94068,M,4879310.0,251570.0,94
201000053741,10,8,19,2105,5,2,2,1.0,3.0,94068,M,4879650.0,247594.0,94
201000053742,10,8,24,1030,1,2,3,1.0,6.0,94068,M,4880110.0,247218.0,94
201000053743,10,8,25,1700,1,2,1,1.0,6.0,94068,M,4880050.0,247182.0,94
201000053744,10,8,30,1915,1,2,6,1.0,3.0,94068,M,4880210.0,249255.0,94
201000053745,10,9,1,1055,1,2,2,1.0,2.0,94068,M,4881100.0,247818.0,94
201000053746,10,9,1,1320,1,2,2,1.0,3.0,94068,M,4879910.0,248836.0,94
201000053747,10,9,2,900,1,2,2,1.0,2.0,94068,M,4879850.0,250824.0,94
201000053748,10,9,2,1700,1,2,3,1.0,3.0,94068,M,4879370.0,248813.0,94
201000053749,10,9,7,1700,1,2,3,1.0,3.0,94068,M,4879810.0,248284.0,94
201000053750,10,9,9,900,1,2,4,1.0,3.0,94068,M,4879900.0,247347.0,94
201000053751,10,9,15,730,1,2,2,2.0,2.0,94068,M,4879570.0,250842.0,94
201000053752,10,9,22,1550,1,2,1,1.0,4.0,94068,M,4879620.0,250710.0,94
201000053753,10,9,23,1500,1,2,1,1.0,3.0,94068,M,4880020.0,250491.0,94
201000053754,10,9,28,908,1,2,2,1.0,3.0,94068,M,4879330.0,250252.0,94
201000053755,10,10,2,1540,1,2,3,1.0,3.0,94068,M,,,94
201000053756,10,10,2,1500,1,2,4,1.0,2.0,94068,M,,,94
201000053757,10,10,3,135,5,2,1,1.0,3.0,94068,M,,,94
201000053758,10,10,6,850,1,2,2,1.0,3.0,94068,M,,,94
201000053759,10,10,8,1725,1,2,4,1.0,2.0,94068,M,,,94
201000053760,10,10,9,1015,1,2,1,1.0,3.0,94068,M,,,94
201000053761,10,10,12,1300,1,2,2,1.0,3.0,94068,M,,,94
201000053762,10,10,15,2100,5,2,2,2.0,2.0,94068,M,,,94
201000053763,10,10,18,830,1,2,4,1.0,2.0,94068,M,,,94
201000053764,10,10,25,850,1,2,3,1.0,2.0,94068,M,,,94
201000053765,10,10,27,1000,1,2,2,1.0,3.0,94068,M,,,94
201000053766,10,10,29,240,5,2,7,1.0,7.0,94068,M,,,94
201000053767,10,10,29,1430,1,2,2,1.0,3.0,94068,M,,,94
201000053768,10,11,5,1440,1,2,1,1.0,2.0,94068,M,,,94
201000053769,10,11,9,1425,1,2,1,8.0,3.0,94068,M,,,94
201000053770,10,11,9,2000,4,2,3,2.0,7.0,94068,M,,,94
201000053771,10,11,13,1940,5,2,6,2.0,6.0,94068,M,,,94
201000053772,10,11,13,2030,5,2,1,2.0,7.0,94068,M,,,94
201000053773,10,11,26,1640,2,2,3,4.0,6.0,94068,M,,,94
201000053774,10,12,3,1105,1,2,2,2.0,3.0,94068,M,,,94
201000053775,10,12,1,1020,1,2,1,8.0,3.0,94068,M,,,94
201000053776,10,12,1,1730,5,2,3,4.0,2.0,94068,M,,,94
201000053777,10,12,3,900,1,2,2,2.0,3.0,94068,M,,,94
201000053778,10,12,3,1900,5,2,4,1.0,6.0,94068,M,,,94
201000053779,10,12,14,700,5,2,7,4.0,3.0,94068,M,,,94
201000053780,10,12,17,933,1,2,2,8.0,3.0,94068,M,,,94
201000053781,10,12,24,945,1,2,6,4.0,3.0,94068,M,,,94
201000053782,10,7,11,1430,1,2,5,1.0,3.0,94068,M,4879950.0,251241.0,94
201000053783,10,7,12,110,5,2,2,1.0,3.0,94068,M,4879180.0,251326.0,94
201000053784,10,7,16,2330,5,2,2,1.0,3.0,94068,M,4880640.0,247142.0,94
201000053785,10,11,21,645,5,2,6,2.0,7.0,94068,M,,,94
201000053786,10,1,7,1400,1,2,1,4.0,7.0,94078,M,4876070.0,244392.0,94
201000053787,10,1,12,855,1,2,1,1.0,7.0,94078,M,4874620.0,243727.0,94
201000053788,10,1,12,1750,5,2,1,1.0,6.0,94078,M,4872750.0,245007.0,94
201000053789,10,1,18,945,1,2,1,5.0,2.0,94078,M,4872380.0,244765.0,94
201000053790,10,1,24,1915,5,2,1,2.0,4.0,94078,M,4874410.0,244670.0,94
201000053791,10,1,23,1600,1,2,1,2.0,6.0,94077,M,4873720.0,241769.0,94
201000053792,10,1,25,515,5,2,2,8.0,3.0,94077,M,4873620.0,242051.0,94
201000053793,10,1,26,730,4,2,1,1.0,7.0,94078,M,4872320.0,244390.0,94
201000053794,10,1,21,1505,1,2,1,1.0,6.0,94074,M,4874800.0,246545.0,94
201000053795,10,2,3,2240,5,2,1,1.0,6.0,94077,M,4872760.0,244001.0,94
201000053796,10,2,4,955,1,2,1,1.0,7.0,94074,M,4875730.0,245249.0,94
201000053797,10,2,7,1225,1,2,2,1.0,3.0,94077,M,4873450.0,240985.0,94
201000053798,10,2,9,1900,5,2,1,1.0,2.0,94078,M,4872830.0,244671.0,94
201000053799,10,2,13,1200,1,2,1,1.0,2.0,94078,M,4872550.0,244469.0,94
201000053800,10,2,18,1210,1,2,1,2.0,6.0,94077,M,4873620.0,240627.0,94
201000053801,10,2,25,1700,1,2,1,2.0,4.0,94078,M,4874580.0,244663.0,94
201000053802,10,3,2,700,2,2,1,1.0,6.0,94074,M,4874710.0,246206.0,94
201000053803,10,3,5,1020,1,2,1,1.0,7.0,94078,M,4874630.0,243919.0,94
201000053804,10,3,8,950,1,2,1,1.0,7.0,94074,M,4873950.0,245849.0,94
201000053805,10,3,10,1550,1,2,1,1.0,2.0,94078,M,4872460.0,244504.0,94
201000053806,10,3,13,725,2,2,3,1.0,3.0,94078,M,4872760.0,244545.0,94
201000053807,10,3,12,1405,1,2,1,1.0,3.0,94077,M,4873110.0,241974.0,94
201000053808,10,3,10,1655,1,2,1,1.0,6.0,94074,M,4874870.0,246424.0,94
201000053809,10,3,23,1845,1,2,1,1.0,1.0,94078,M,4874050.0,245240.0,94
201000053810,10,3,24,820,1,2,1,1.0,3.0,94078,M,4872460.0,244506.0,94
201000053811,10,3,27,1110,1,2,6,1.0,3.0,94078,M,4873800.0,247075.0,94
201000053812,10,3,31,2240,5,2,1,1.0,6.0,94078,M,4874650.0,244653.0,94
201000053813,10,4,5,2230,5,2,1,1.0,6.0,94077,M,4873090.0,242448.0,94
201000053814,10,4,5,1455,1,2,1,1.0,2.0,94078,M,4872430.0,244496.0,94
201000053815,10,4,10,1450,1,2,1,1.0,2.0,94074,M,4873200.0,247283.0,94
201000053816,10,4,10,900,1,2,2,1.0,3.0,94077,M,4873510.0,242063.0,94
201000053817,10,4,9,1630,1,2,1,1.0,6.0,94077,M,4873600.0,241783.0,94
201000053818,10,4,15,1310,1,2,1,1.0,3.0,94078,M,4875560.0,244414.0,94
201000053819,10,4,18,1100,1,2,1,1.0,3.0,94074,M,4874790.0,246750.0,94
201000053820,10,4,13,1640,1,2,1,1.0,1.0,94077,M,4872760.0,243651.0,94
201000053821,10,4,30,1210,1,2,1,1.0,4.0,94077,M,4872830.0,244306.0,94
201000053822,10,5,3,1930,1,2,1,1.0,3.0,94078,M,4872480.0,244493.0,94
201000053823,10,5,6,1010,1,2,1,1.0,1.0,94078,M,4875610.0,244386.0,94
201000053824,10,5,8,130,5,2,1,2.0,2.0,94078,M,4875610.0,244386.0,94
201000053825,10,5,7,1830,1,2,1,1.0,3.0,94078,M,4873590.0,245190.0,94
201000053826,10,5,15,235,5,2,3,1.0,7.0,94077,M,4873090.0,242493.0,94
201000053827,10,5,15,2310,3,2,2,1.0,3.0,94074,M,4876370.0,244802.0,94
201000053828,10,5,14,1605,1,2,1,1.0,3.0,94078,M,4873300.0,244930.0,94
201000053829,10,5,20,745,1,2,1,1.0,6.0,94078,M,4873480.0,246414.0,94
201000053830,10,5,22,15,5,2,1,1.0,3.0,94078,M,4873100.0,244908.0,94
201000053831,10,5,15,1750,1,2,1,1.0,1.0,94077,M,4873010.0,240565.0,94
201000053832,10,5,22,1855,1,2,1,7.0,7.0,94001,M,4872150.0,241829.0,94
201000053833,10,5,22,1950,1,2,3,1.0,6.0,94074,M,4874800.0,246521.0,94
201000053834,10,5,27,1920,1,2,1,2.0,6.0,94078,M,4873000.0,244689.0,94
201000053835,10,5,29,1040,1,2,2,1.0,3.0,94078,M,4873140.0,245860.0,94
201000053836,10,6,3,1100,1,2,3,1.0,2.0,94074,M,4876360.0,244198.0,94
201000053837,10,6,7,755,1,2,1,1.0,5.0,94078,M,4872370.0,244436.0,94
201000053838,10,6,5,1200,1,2,2,1.0,3.0,94077,M,4873630.0,241385.0,94
201000053839,10,6,9,950,1,2,1,2.0,5.0,94077,M,4872740.0,243725.0,94
201000053840,10,6,11,835,1,2,1,1.0,3.0,94077,M,4873300.0,244033.0,94
201000053841,10,6,10,1755,1,2,1,2.0,6.0,94078,M,4873180.0,245930.0,94
201000053842,10,6,15,1810,1,2,1,1.0,2.0,94074,M,4876700.0,244127.0,94
201000053843,10,7,1,1545,1,2,1,1.0,3.0,94078,M,4875450.0,244705.0,94
201000053844,10,7,4,1255,1,2,1,1.0,3.0,94074,M,4876340.0,244218.0,94
201000053845,10,7,9,425,5,2,3,1.0,3.0,94074,M,4874870.0,247045.0,94
201000053846,10,7,9,1415,1,2,1,1.0,7.0,94078,M,4873550.0,246523.0,94
201000053847,10,7,13,1235,1,2,1,1.0,6.0,94078,M,4873080.0,244685.0,94
201000053848,10,7,13,830,1,2,2,1.0,3.0,94077,M,4872740.0,243906.0,94
201000053849,10,7,13,1800,1,2,4,1.0,3.0,94078,M,4872980.0,244690.0,94
201000053850,10,7,9,900,1,2,1,1.0,6.0,94074,M,4874410.0,246675.0,94
201000053851,10,7,15,1630,1,2,1,1.0,4.0,94078,M,4874580.0,244663.0,94
201000053852,10,7,20,1010,1,2,1,1.0,5.0,94078,M,4872220.0,244331.0,94
201000053853,10,7,25,1900,1,2,1,1.0,3.0,94078,M,4873720.0,244666.0,94
201000053854,10,7,29,1640,1,2,3,1.0,7.0,94078,M,4872810.0,244995.0,94
201000053855,10,7,31,1410,1,2,1,2.0,7.0,94077,M,4874150.0,240868.0,94
201000053856,10,8,2,1850,1,2,1,1.0,6.0,94078,M,4873250.0,244682.0,94
201000053857,10,8,3,1150,1,2,6,1.0,7.0,94078,M,4875430.0,244758.0,94
201000053858,10,8,8,1500,1,2,1,1.0,6.0,94078,M,4872880.0,244755.0,94
201000053859,10,8,11,710,2,2,1,3.0,5.0,94078,M,4872550.0,244470.0,94
201000053860,10,8,11,1635,1,2,4,3.0,2.0,94078,M,4875510.0,244413.0,94
201000053861,10,8,15,1730,1,2,1,1.0,5.0,94078,M,4872550.0,244470.0,94
201000053862,10,8,14,1330,1,2,1,1.0,3.0,94074,M,4874880.0,246470.0,94
201000053863,10,8,15,1935,1,2,1,2.0,3.0,94078,M,4873110.0,244682.0,94
201000053864,10,8,20,910,1,2,1,1.0,2.0,94077,M,4873100.0,242289.0,94
201000053865,10,8,21,1605,1,2,1,1.0,7.0,94077,M,4873860.0,240866.0,94
201000053866,10,8,24,855,1,2,1,1.0,2.0,94077,M,4873200.0,241033.0,94
201000053867,10,8,24,1355,1,2,3,1.0,3.0,94077,M,4873220.0,240936.0,94
201000053868,10,8,24,2005,2,2,1,1.0,3.0,94074,M,4874870.0,245613.0,94
201000053869,10,8,26,2200,2,2,3,1.0,3.0,94077,M,4873900.0,241560.0,94
201000053870,10,8,31,1045,1,2,1,1.0,2.0,94078,M,4873300.0,244681.0,94
201000053871,10,9,2,2230,5,2,1,1.0,2.0,94078,M,4875410.0,244868.0,94
201000053872,10,9,5,630,2,2,1,1.0,7.0,94078,M,4875100.0,244543.0,94
201000053873,10,9,9,1945,1,2,1,2.0,6.0,94078,M,4873270.0,245659.0,94
201000053874,10,9,11,2035,2,2,1,1.0,4.0,94078,M,4873300.0,244681.0,94
201000053875,10,9,17,1435,1,2,1,1.0,2.0,94078,M,4875180.0,244523.0,94
201000053876,10,9,24,1515,1,2,1,2.0,3.0,94077,M,4874120.0,240875.0,94
201000053877,10,9,28,1910,2,2,3,1.0,3.0,94078,M,4873340.0,246195.0,94
201000053878,10,10,4,1240,1,2,3,2.0,3.0,94077,M,,,94
201000053879,10,9,22,1410,1,2,1,1.0,3.0,94078,M,4872960.0,244686.0,94
201000053880,10,9,14,755,2,2,1,1.0,4.0,94078,M,4873610.0,245426.0,94
201000053881,10,9,26,1215,1,2,2,1.0,3.0,94078,M,4873560.0,244680.0,94
201000053882,10,9,18,1925,2,2,1,1.0,2.0,94078,M,4875450.0,244430.0,94
201000053883,10,10,8,2240,5,2,1,1.0,5.0,94078,M,,,94
201000053884,10,10,10,1120,1,2,1,1.0,3.0,94077,M,,,94
201000053885,10,10,12,1015,1,1,1,1.0,2.0,94078,M,,,94
201000053886,10,10,8,1655,1,2,1,1.0,6.0,94078,M,,,94
201000053887,10,10,11,1510,1,2,3,1.0,3.0,94077,M,,,94
201000053888,10,10,12,1420,1,2,2,1.0,3.0,94077,M,,,94
201000053889,10,10,9,1455,1,2,3,1.0,5.0,94078,M,,,94
201000053890,10,10,23,1815,2,2,1,1.0,2.0,94078,M,,,94
201000053891,10,10,25,2350,5,2,1,1.0,3.0,94078,M,,,94
201000053892,10,10,24,2005,3,2,3,1.0,7.0,94078,M,,,94
201000053893,10,11,1,1955,5,2,2,1.0,3.0,94077,M,,,94
201000053894,10,10,28,2330,5,2,1,1.0,1.0,94078,M,,,94
201000053895,10,9,14,1800,1,2,1,1.0,6.0,94001,M,4872280.0,241848.0,94
201000053896,10,9,27,1310,1,2,1,1.0,2.0,94078,M,4876150.0,244251.0,94
201000053897,10,9,30,1600,1,2,2,1.0,3.0,94077,M,4873620.0,242051.0,94
201000053898,10,10,12,1145,1,2,1,1.0,7.0,94078,M,,,94
201000053899,10,11,9,1220,1,2,1,2.0,6.0,94074,M,,,94
201000053900,10,11,7,150,5,2,3,2.0,2.0,94078,M,,,94
201000053901,10,11,2,2000,5,2,3,2.0,2.0,94078,M,,,94
201000053902,10,10,30,1800,1,2,2,1.0,3.0,94077,M,,,94
201000053903,10,11,14,650,5,2,1,2.0,7.0,94078,M,,,94
201000053904,10,11,13,2330,5,2,1,2.0,4.0,94078,M,,,94
201000053905,10,11,13,2115,5,2,1,1.0,3.0,94074,M,,,94
201000053906,10,11,10,1735,5,2,2,1.0,3.0,94078,M,,,94
201000053907,10,11,19,810,1,2,2,1.0,3.0,94077,M,,,94
201000053908,10,11,22,1725,5,2,1,1.0,2.0,94078,M,,,94
201000053909,10,11,17,1520,1,2,3,1.0,2.0,94078,M,,,94
201000053910,10,11,23,1825,5,2,2,1.0,6.0,94078,M,,,94
201000053911,10,11,7,1430,1,2,1,3.0,7.0,94074,M,,,94
201000053912,10,11,29,850,1,2,1,4.0,2.0,94074,M,,,94
201000053913,10,11,26,2245,5,2,3,8.0,3.0,94078,M,,,94
201000053914,10,11,8,1915,5,2,2,2.0,3.0,94074,M,,,94
201000053915,10,12,2,900,1,2,2,1.0,2.0,94078,M,,,94
201000053916,10,10,13,1945,2,2,1,1.0,6.0,94074,M,,,94
201000053917,10,11,5,1000,1,2,1,1.0,4.0,94077,M,,,94
201000053918,10,12,12,705,5,2,1,1.0,4.0,94078,M,,,94
201000053919,10,12,12,15,5,2,1,1.0,6.0,94078,M,,,94
201000053920,10,12,14,1840,3,2,4,1.0,3.0,94078,M,,,94
201000053921,10,11,12,1900,5,2,1,2.0,7.0,94078,M,,,94
201000053922,10,12,19,1240,1,2,6,4.0,7.0,94077,M,,,94
201000053923,10,11,30,740,2,2,1,4.0,6.0,94078,M,,,94
201000053924,10,11,23,1020,1,2,3,1.0,7.0,94074,M,,,94
201000053925,10,1,4,755,3,2,3,1.0,3.0,94080,M,4884660.0,245608.0,94
201000053926,10,1,4,1815,5,2,1,9.0,6.0,94067,M,4883750.0,241736.0,94
201000053927,10,1,11,2230,5,2,1,1.0,6.0,94067,M,4884610.0,242246.0,94
201000053928,10,1,14,1355,1,2,2,9.0,7.0,94080,M,4884900.0,245301.0,94
201000053929,10,1,14,1830,5,2,2,7.0,3.0,94080,M,4884520.0,243155.0,94
201000053930,10,1,14,2155,5,2,2,1.0,3.0,94067,M,4883640.0,241872.0,94
201000053931,10,1,20,1715,2,2,3,1.0,6.0,94080,M,4884780.0,244237.0,94
201000053932,10,1,29,1425,1,2,1,2.0,3.0,94080,M,4884870.0,242971.0,94
201000053933,10,2,3,730,2,2,2,2.0,6.0,94067,M,4884490.0,242094.0,94
201000053934,10,2,9,1305,1,2,5,8.0,3.0,94080,M,4884880.0,242640.0,94
201000053935,10,2,10,515,5,2,5,2.0,2.0,94080,M,4884790.0,244590.0,94
201000053936,10,2,15,2055,5,2,1,9.0,3.0,94080,M,4884870.0,243024.0,94
201000053937,10,2,18,910,1,2,2,9.0,3.0,94080,M,4884900.0,245301.0,94
201000053938,10,2,18,1935,5,2,2,2.0,3.0,94080,M,4885180.0,244307.0,94
201000053939,10,2,24,1545,1,2,1,2.0,3.0,94067,M,4884160.0,242686.0,94
201000053940,10,2,26,1650,1,2,1,1.0,5.0,94080,M,4884530.0,243042.0,94
201000053941,10,3,10,1510,1,2,3,7.0,6.0,94067,M,4884620.0,242050.0,94
201000053942,10,3,12,830,1,2,3,1.0,1.0,94080,M,4884870.0,243080.0,94
201000053943,10,3,14,1130,1,2,1,1.0,6.0,94067,M,4884540.0,241987.0,94
201000053944,10,3,14,1525,1,2,2,1.0,3.0,94080,M,4885080.0,243818.0,94
201000053945,10,3,18,1615,1,2,1,1.0,7.0,94067,M,4884510.0,242131.0,94
201000053946,10,3,23,1800,1,2,3,1.0,3.0,94067,M,4884760.0,241763.0,94
201000053947,10,3,23,2050,5,2,3,1.0,1.0,94080,M,4884780.0,244287.0,94