Num_Acc,an,mois,jour,hrmn,lum,agg,int,atm,col,com,gps,lat,long,dep
201000053948,10,3,28,1635,1,2,2,1.0,1.0,94067,M,4883500.0,241970.0,94
201000053949,10,4,12,855,1,2,2,1.0,3.0,94080,M,4884730.0,242757.0,94
201000053950,10,4,16,2000,5,2,2,1.0,3.0,94067,M,4883700.0,241553.0,94
201000053951,10,4,19,1100,1,2,1,7.0,6.0,94080,M,4884860.0,243191.0,94
201000053952,10,4,24,1550,1,2,1,1.0,3.0,94067,M,4883380.0,241548.0,94
201000053953,10,5,7,2005,1,2,2,1.0,3.0,94080,M,4884900.0,245301.0,94
201000053954,10,5,11,1840,1,2,2,2.0,5.0,94080,M,4885180.0,244447.0,94
201000053955,10,5,17,1045,1,2,1,2.0,3.0,94067,M,4884160.0,242753.0,94
201000053956,10,5,18,1530,1,2,2,1.0,3.0,94067,M,4884620.0,241756.0,94
201000053957,10,5,18,2020,1,2,2,1.0,1.0,94067,M,4883760.0,241795.0,94
201000053958,10,5,27,1235,1,2,3,2.0,6.0,94067,M,4884590.0,241756.0,94
201000053959,10,5,27,1630,1,2,2,1.0,6.0,94080,M,4885080.0,243818.0,94
201000053960,10,6,1,1755,1,2,2,2.0,7.0,94080,M,4884720.0,243691.0,94
201000053961,10,6,2,2130,2,2,2,7.0,1.0,94080,M,4884500.0,243459.0,94
201000053962,10,6,5,1155,1,2,1,1.0,6.0,94080,M,4884660.0,243470.0,94
201000053963,10,6,7,830,1,2,2,1.0,6.0,94080,M,4885060.0,244291.0,94
201000053964,10,6,8,1400,1,2,2,1.0,2.0,94080,M,4884600.0,243087.0,94
201000053965,10,6,8,1745,1,2,2,8.0,3.0,94067,M,4883510.0,241660.0,94
201000053966,10,6,11,1340,1,2,1,1.0,6.0,94080,M,4884770.0,245300.0,94
201000053967,10,6,12,25,5,2,1,2.0,2.0,94080,M,4884620.0,242047.0,94
201000053968,10,6,12,1950,1,2,2,1.0,3.0,94067,M,4884600.0,242363.0,94
201000053969,10,6,13,1255,1,2,2,1.0,2.0,94067,M,4884610.0,241837.0,94
201000053970,10,6,15,1845,1,2,1,1.0,7.0,94080,M,4885030.0,244800.0,94
201000053971,10,6,16,1320,1,2,2,1.0,6.0,94080,M,4884800.0,244579.0,94
201000053972,10,6,23,1545,1,2,2,1.0,3.0,94067,M,4883680.0,242029.0,94
201000053973,10,6,24,1550,1,2,2,1.0,7.0,94067,M,4884360.0,241890.0,94
201000053974,10,6,24,1750,1,2,2,1.0,6.0,94080,M,4884880.0,245478.0,94
201000053975,10,6,26,655,1,2,3,1.0,6.0,94080,M,4884770.0,243467.0,94
201000053976,10,6,28,1930,1,2,3,1.0,2.0,94067,M,4884100.0,243288.0,94
201000053977,10,7,10,40,5,2,3,1.0,1.0,94080,M,4884780.0,244287.0,94
201000053978,10,7,10,2000,1,2,4,1.0,2.0,94067,M,4884630.0,241949.0,94
201000053979,10,7,13,2245,5,2,3,1.0,2.0,94080,M,4884480.0,243641.0,94
201000053980,10,7,13,2320,5,2,2,1.0,7.0,94080,M,4884460.0,243875.0,94
201000053981,10,7,23,1350,1,2,1,1.0,6.0,94080,M,4884940.0,245587.0,94
201000053982,10,8,6,1400,1,2,1,1.0,7.0,94080,M,4884860.0,243253.0,94
201000053983,10,8,9,615,1,2,1,1.0,7.0,94067,M,4883390.0,241160.0,94
201000053984,10,8,17,1445,1,2,6,1.0,3.0,94067,M,4884680.0,241757.0,94
201000053985,10,8,26,2105,5,2,3,2.0,7.0,94080,M,4884520.0,243211.0,94
201000053986,10,8,28,1100,1,2,3,1.0,6.0,94067,M,4884550.0,241757.0,94
201000053987,10,8,29,2135,5,2,2,1.0,3.0,94080,M,4885060.0,244291.0,94
201000053988,10,8,31,745,1,2,2,1.0,2.0,94080,M,4884460.0,243875.0,94
201000053989,10,9,3,1120,1,2,2,1.0,6.0,94080,M,4884390.0,243126.0,94
201000053990,10,9,3,1205,1,2,2,1.0,6.0,94080,M,4884650.0,245159.0,94
201000053991,10,9,4,1330,1,2,7,1.0,3.0,94067,M,4884680.0,241757.0,94
201000053992,10,9,5,1655,1,2,3,1.0,6.0,94080,M,4884480.0,243641.0,94
201000053993,10,9,8,1555,1,2,2,2.0,2.0,94067,M,4884490.0,242094.0,94
201000053994,10,9,9,1630,1,2,3,2.0,3.0,94080,M,4884480.0,243641.0,94
201000053995,10,9,9,2200,5,2,3,2.0,6.0,94080,M,4884520.0,243211.0,94
201000053996,10,9,11,2005,4,2,2,1.0,2.0,94067,M,4884600.0,242363.0,94
201000053997,10,9,13,2245,5,2,3,1.0,3.0,94080,M,4884870.0,243080.0,94
201000053998,10,9,17,755,1,2,2,1.0,6.0,94080,M,4884860.0,243253.0,94
201000053999,10,9,17,905,1,2,4,1.0,3.0,94080,M,4885140.0,243698.0,94
201000054000,10,9,18,1350,1,2,2,1.0,3.0,94067,M,4883590.0,241902.0,94
201000054001,10,9,20,910,1,2,5,1.0,7.0,94067,M,4884620.0,241756.0,94
201000054002,10,9,22,1150,1,2,3,1.0,6.0,94067,M,4884440.0,242180.0,94
201000054003,10,9,23,1755,1,2,2,1.0,6.0,94067,M,4884360.0,241761.0,94
201000054004,10,9,29,1015,1,2,1,1.0,4.0,94080,M,4884720.0,242910.0,94
201000054005,10,10,8,1940,5,2,3,1.0,3.0,94080,M,,,94
201000054006,10,10,11,1317,1,2,3,1.0,6.0,94067,M,,,94
201000054007,10,10,11,1630,1,2,3,1.0,5.0,94067,M,,,94
201000054008,10,10,11,1840,1,2,3,1.0,7.0,94080,M,,,94
201000054009,10,10,13,805,1,2,2,1.0,2.0,94080,M,,,94
201000054010,10,10,13,1755,1,2,1,1.0,3.0,94080,M,,,94
201000054011,10,10,13,1935,5,2,2,1.0,3.0,94080,M,,,94
201000054012,10,10,15,1300,1,2,4,1.0,2.0,94067,M,,,94
201000054013,10,10,15,1505,1,2,3,1.0,6.0,94080,M,,,94
201000054014,10,10,21,755,1,2,2,1.0,6.0,94067,M,,,94
201000054015,10,10,21,1700,1,2,2,1.0,6.0,94080,M,,,94
201000054016,10,10,22,1930,5,2,2,1.0,2.0,94067,M,,,94
201000054017,10,10,27,950,1,2,2,1.0,6.0,94080,M,,,94
201000054018,10,11,8,1940,5,2,2,2.0,6.0,94067,M,,,94
201000054019,10,11,10,55,5,2,4,2.0,7.0,94080,M,,,94
201000054020,10,11,11,1150,1,2,3,1.0,6.0,94067,M,,,94
201000054021,10,11,17,1405,1,2,2,1.0,6.0,94080,M,,,94
201000054022,10,11,20,1810,5,2,3,1.0,6.0,94080,M,,,94
201000054023,10,12,1,1920,5,2,4,4.0,6.0,94067,M,,,94
201000054024,10,12,13,2340,5,2,2,1.0,6.0,94080,M,,,94
201000054025,10,12,14,1500,1,2,5,1.0,3.0,94080,M,,,94
201000054026,10,12,17,2330,5,2,2,2.0,2.0,94080,M,,,94
201000054027,10,12,21,1535,1,2,5,8.0,6.0,94080,M,,,94
201000054028,10,12,26,1930,5,2,2,9.0,7.0,94067,M,,,94
201000054029,10,1,1,435,5,2,6,1.0,6.0,94081,M,4879630.0,241624.0,94
201000054030,10,1,5,1815,5,2,2,1.0,6.0,94081,M,4878940.0,238917.0,94
201000054031,10,1,6,45,5,2,3,1.0,7.0,94081,M,4879820.0,241500.0,94
201000054032,10,1,13,1940,5,2,3,1.0,6.0,94081,M,4879070.0,240452.0,94
201000054033,10,1,17,1310,1,2,3,1.0,3.0,94081,M,4879150.0,238263.0,94
201000054034,10,1,15,2345,5,2,1,8.0,6.0,94081,M,4880090.0,240166.0,94
201000054035,10,1,20,830,2,2,1,2.0,6.0,94081,M,4880170.0,240143.0,94
201000054036,10,1,22,1145,1,2,2,1.0,3.0,94081,M,4879280.0,239282.0,94
201000054037,10,1,24,1620,1,1,3,1.0,1.0,94081,M,4878860.0,237711.0,94
201000054038,10,2,2,1550,1,2,3,2.0,6.0,94081,M,4877990.0,237393.0,94
201000054039,10,2,9,1320,1,2,1,2.0,6.0,94081,M,4878670.0,239404.0,94
201000054040,10,2,19,1710,1,2,1,1.0,6.0,94081,M,4878720.0,238643.0,94
201000054041,10,2,20,2230,5,2,1,1.0,6.0,94081,M,4878720.0,237644.0,94
201000054042,10,2,20,1810,1,2,1,1.0,6.0,94081,M,4879020.0,238855.0,94
201000054043,10,2,23,1150,1,2,1,8.0,6.0,94081,M,4879070.0,239271.0,94
201000054044,10,3,2,1450,1,2,2,1.0,6.0,94081,M,4878940.0,238917.0,94
201000054045,10,3,4,1200,1,2,1,1.0,2.0,94081,M,4879400.0,239486.0,94
201000054046,10,3,5,2150,5,2,2,1.0,3.0,94081,M,4879630.0,241624.0,94
201000054047,10,3,15,850,1,2,1,1.0,6.0,94081,M,4879570.0,241016.0,94
201000054048,10,3,17,1315,1,2,3,1.0,3.0,94081,M,4879810.0,240854.0,94
201000054049,10,3,23,1900,1,2,1,1.0,6.0,94081,M,4878630.0,239819.0,94
201000054050,10,3,24,1240,1,2,1,1.0,6.0,94081,M,4879810.0,238189.0,94
201000054051,10,3,24,1620,1,2,3,1.0,6.0,94081,M,4880230.0,240975.0,94
201000054052,10,3,25,900,1,2,1,2.0,6.0,94081,M,4879180.0,238696.0,94
201000054053,10,4,1,1615,1,2,1,1.0,6.0,94081,M,4879560.0,238378.0,94
201000054054,10,4,3,1210,1,2,1,2.0,6.0,94081,M,4879550.0,239766.0,94
201000054055,10,4,4,120,5,2,3,2.0,3.0,94081,M,4879080.0,240464.0,94
201000054056,10,4,7,1630,1,2,1,1.0,6.0,94081,M,4879540.0,239759.0,94
201000054057,10,4,9,1205,1,2,2,1.0,3.0,94081,M,4879470.0,241863.0,94
201000054058,10,4,14,2010,2,2,1,1.0,6.0,94081,M,4878970.0,238977.0,94
201000054059,10,4,18,1250,1,2,2,1.0,3.0,94081,M,4878510.0,238837.0,94
201000054060,10,4,18,1430,1,2,3,1.0,3.0,94081,M,4880810.0,240422.0,94
201000054061,10,4,22,1520,1,2,3,1.0,3.0,94081,M,4879110.0,238138.0,94
201000054062,10,4,23,2025,2,2,2,1.0,3.0,94081,M,4879600.0,239808.0,94
201000054063,10,4,24,1300,1,2,2,1.0,6.0,94081,M,4879280.0,239301.0,94
201000054064,10,4,30,800,1,2,1,1.0,2.0,94081,M,4878140.0,240476.0,94
201000054065,10,5,3,1400,1,2,1,2.0,7.0,94081,M,4879810.0,240854.0,94
201000054066,10,5,8,950,1,2,2,1.0,3.0,94081,M,4878400.0,239617.0,94
201000054067,10,5,8,2250,5,2,1,1.0,2.0,94081,M,4878090.0,239523.0,94
201000054068,10,5,15,1400,1,2,1,1.0,6.0,94081,M,4878720.0,238643.0,94
201000054069,10,5,15,1540,1,2,1,1.0,6.0,94081,M,4878360.0,239639.0,94
201000054070,10,5,22,2245,5,2,2,1.0,6.0,94081,M,4878610.0,239188.0,94
201000054071,10,5,28,1835,1,2,1,1.0,1.0,94081,M,4878700.0,240238.0,94
201000054072,10,6,1,1815,1,2,1,1.0,6.0,94081,M,4879400.0,239083.0,94
201000054073,10,6,3,1200,1,2,1,1.0,6.0,94081,M,4879140.0,239466.0,94
201000054074,10,6,4,1310,1,2,2,1.0,3.0,94081,M,4879410.0,240055.0,94
201000054075,10,6,6,1720,1,2,2,1.0,6.0,94081,M,4877940.0,236720.0,94
201000054076,10,6,8,1520,1,2,3,2.0,4.0,94081,M,4879020.0,239147.0,94
201000054077,10,6,9,1215,1,2,3,1.0,6.0,94081,M,4879490.0,238426.0,94
201000054078,10,6,10,1830,1,2,1,2.0,4.0,94081,M,4878010.0,239553.0,94
201000054079,10,6,13,1035,1,1,1,1.0,4.0,94081,M,4877450.0,240451.0,94
201000054080,10,6,16,1650,1,2,2,1.0,3.0,94081,M,4878740.0,240154.0,94
201000054081,10,6,18,1950,1,2,3,1.0,1.0,94081,M,4879080.0,238090.0,94
201000054082,10,6,22,1700,1,2,3,1.0,7.0,94081,M,4878970.0,238984.0,94
201000054083,10,6,22,2200,1,2,1,1.0,2.0,94081,M,4877810.0,239655.0,94
201000054084,10,6,29,1730,1,2,1,1.0,6.0,94081,M,4879200.0,239496.0,94
201000054085,10,6,29,2050,1,2,3,1.0,2.0,94081,M,,,94
201000054086,10,6,29,2025,1,2,2,1.0,2.0,94081,M,4879610.0,238356.0,94
201000054087,10,7,1,1125,1,2,3,1.0,1.0,94081,M,4879550.0,239766.0,94
201000054088,10,7,3,2145,2,2,2,1.0,6.0,94081,M,4879170.0,240181.0,94
201000054089,10,7,3,2350,5,2,3,1.0,3.0,94081,M,4878970.0,238984.0,94
201000054090,10,7,5,2110,1,2,3,1.0,3.0,94081,M,4879480.0,241825.0,94
201000054091,10,7,9,1500,1,2,2,1.0,3.0,94081,M,4878740.0,240154.0,94
201000054092,10,7,12,955,1,2,1,1.0,6.0,94081,M,4879920.0,240071.0,94
201000054093,10,7,15,1915,1,2,2,1.0,3.0,94081,M,4878740.0,240154.0,94
201000054094,10,7,15,2043,2,2,1,1.0,2.0,94081,M,4880370.0,240456.0,94
201000054095,10,7,18,1820,1,2,1,1.0,2.0,94081,M,4880270.0,241051.0,94
201000054096,10,7,24,1250,1,2,1,1.0,6.0,94081,M,4879040.0,239210.0,94
201000054097,10,7,30,1200,1,2,1,1.0,2.0,94081,M,4879300.0,239535.0,94
201000054098,10,8,3,1230,1,2,1,1.0,3.0,94081,M,4879480.0,240029.0,94
201000054099,10,8,26,1955,2,2,1,3.0,7.0,94081,M,4878420.0,238607.0,94
201000054100,10,8,12,2012,1,2,6,2.0,3.0,94081,M,4879770.0,239941.0,94
201000054101,10,8,31,1336,1,2,3,1.0,3.0,94081,M,4878980.0,237941.0,94
201000054102,10,9,3,1645,1,2,1,1.0,2.0,94081,M,4878080.0,237589.0,94
201000054103,10,9,4,1415,1,2,2,1.0,3.0,94081,M,4879280.0,239301.0,94
201000054104,10,9,3,2230,3,2,2,1.0,5.0,94081,M,4879600.0,239808.0,94
201000054105,10,9,9,1325,1,2,1,1.0,6.0,94081,M,4879230.0,238614.0,94
201000054106,10,9,20,2110,5,2,1,2.0,5.0,94081,M,4880050.0,240177.0,94
201000054107,10,9,9,1905,1,2,3,2.0,3.0,94081,M,4880230.0,240975.0,94
201000054108,10,9,25,1755,1,2,2,1.0,3.0,94081,M,4878930.0,238889.0,94
201000054109,10,9,25,2120,5,2,3,1.0,7.0,94081,M,4880500.0,240831.0,94
201000054110,10,9,28,1615,1,2,1,1.0,6.0,94081,M,4878980.0,237941.0,94
201000054111,10,9,22,820,1,2,1,1.0,6.0,94081,M,4878230.0,238018.0,94
201000054112,10,10,4,820,1,2,1,2.0,2.0,94081,M,,,94
201000054113,10,10,15,1235,1,2,1,1.0,6.0,94081,M,,,94
201000054114,10,10,9,2300,5,2,2,1.0,3.0,94081,M,,,94
201000054115,10,10,10,1335,1,2,2,1.0,3.0,94081,M,,,94
201000054116,10,10,16,1920,1,2,1,1.0,6.0,94081,M,,,94
201000054117,10,10,20,1110,1,2,2,1.0,3.0,94081,M,,,94
201000054118,10,10,21,1755,1,2,2,1.0,6.0,94081,M,,,94
201000054119,10,10,8,2315,5,2,2,1.0,3.0,94081,M,,,94
201000054120,10,10,23,2130,5,2,3,2.0,3.0,94081,M,,,94
201000054121,10,10,25,800,5,2,3,1.0,3.0,94081,M,,,94
201000054122,10,10,29,2030,4,2,3,1.0,3.0,94081,M,,,94
201000054123,10,11,4,1905,5,2,1,1.0,6.0,94081,M,,,94
201000054124,10,11,6,1835,5,2,2,2.0,6.0,94081,M,,,94
201000054125,10,11,9,1750,2,2,3,2.0,6.0,94081,M,,,94
201000054126,10,11,9,1840,5,2,3,2.0,6.0,94081,M,,,94
201000054127,10,11,10,1820,5,2,1,2.0,6.0,94081,M,,,94
201000054128,10,11,2,2040,5,2,2,1.0,6.0,94081,M,,,94
201000054129,10,11,14,245,5,2,3,8.0,6.0,94081,M,,,94
201000054130,10,11,16,1245,1,2,1,1.0,6.0,94081,M,,,94
201000054131,10,11,23,1750,5,2,1,1.0,3.0,94081,M,,,94
201000054132,10,11,25,1700,2,2,1,2.0,6.0,94081,M,,,94
201000054133,10,12,6,645,5,2,2,2.0,6.0,94081,M,,,94
201000054134,10,12,14,1450,1,2,1,1.0,6.0,94081,M,,,94
201000054135,10,12,15,635,5,2,6,1.0,6.0,94081,M,,,94
201000054136,10,12,27,1330,1,2,1,1.0,6.0,94081,M,,,94
201000054137,10,12,30,1120,1,2,1,1.0,6.0,94081,M,,,94
201000054138,10,6,24,2035,1,2,2,1.0,6.0,94081,M,4878280.0,239427.0,94
201000054139,10,1,4,830,1,2,1,1.0,5.0,95018,M,4894070.0,223440.0,95
201000054140,10,1,5,1520,1,2,2,1.0,3.0,95018,M,4894270.0,224310.0,95
201000054141,10,1,4,836,2,2,3,8.0,6.0,95018,M,4894280.0,220990.0,95
201000054142,10,1,8,1440,1,2,1,1.0,6.0,95018,M,4894750.0,225610.0,95
201000054143,10,1,12,835,1,2,1,8.0,3.0,95176,M,4897690.0,218490.0,95
201000054144,10,1,18,2010,5,2,1,1.0,2.0,95018,M,4895080.0,223560.0,95
201000054145,10,1,18,1340,1,2,2,2.0,6.0,95018,M,4894030.0,222570.0,95
201000054146,10,1,18,855,1,2,2,2.0,3.0,95018,M,4894780.0,222730.0,95
201000054147,10,1,20,1235,1,2,3,2.0,7.0,95018,M,4895200.0,221300.0,95
201000054148,10,1,21,755,1,2,2,2.0,3.0,95018,M,4894320.0,223010.0,95
201000054149,10,1,21,1820,5,2,1,1.0,6.0,95018,M,4895140.0,227730.0,95
201000054150,10,1,22,1555,1,2,1,8.0,7.0,95018,M,4894340.0,223880.0,95
201000054151,10,1,22,1800,5,2,2,1.0,3.0,95176,M,4896880.0,219590.0,95
201000054152,10,1,28,1715,1,2,1,1.0,7.0,95018,M,4893160.0,223450.0,95
201000054153,10,1,30,1010,1,2,1,4.0,7.0,95018,M,4894220.0,223330.0,95
201000054154,10,1,31,1610,1,2,3,1.0,2.0,95176,M,4896130.0,220240.0,95
201000054155,10,2,1,1955,2,2,1,2.0,7.0,95018,M,4893710.0,222730.0,95
201000054156,10,1,30,1845,5,2,3,8.0,5.0,95176,M,4897380.0,218870.0,95
201000054157,10,2,3,1150,1,2,1,2.0,2.0,95018,M,4893160.0,223020.0,95
201000054158,10,2,7,1140,1,2,3,1.0,7.0,95582,M,4896790.0,226990.0,95
201000054159,10,2,8,1820,5,2,1,2.0,6.0,95582,M,4897790.0,224120.0,95
201000054160,10,2,9,805,1,2,3,4.0,2.0,95018,M,4895290.0,221810.0,95
201000054161,10,2,11,740,2,2,1,4.0,6.0,95018,M,4893990.0,222770.0,95
201000054162,10,2,11,1210,1,2,2,8.0,3.0,95018,M,4894260.0,224310.0,95
201000054163,10,2,18,1250,1,2,1,1.0,3.0,95018,M,4894650.0,224750.0,95
201000054164,10,2,20,530,3,2,1,2.0,7.0,95018,M,4895420.0,225910.0,95
201000054165,10,2,20,1935,5,2,3,1.0,3.0,95018,M,4894060.0,223930.0,95
201000054166,10,2,22,2035,5,2,3,8.0,6.0,95018,M,4895480.0,225490.0,95
201000054167,10,3,3,2230,5,2,2,1.0,3.0,95018,M,4894260.0,224290.0,95
201000054168,10,3,4,1245,1,2,3,1.0,4.0,95018,M,4895090.0,222180.0,95
201000054169,10,3,6,1708,1,2,1,1.0,6.0,95018,M,4894720.0,225640.0,95
201000054170,10,3,8,2010,5,2,1,1.0,6.0,95018,M,4894440.0,223010.0,95
201000054171,10,3,9,1605,1,2,1,1.0,7.0,95018,M,4895560.0,223190.0,95
201000054172,10,3,11,1845,2,2,1,1.0,6.0,95018,M,4896090.0,224430.0,95
201000054173,10,3,12,1735,1,2,2,1.0,3.0,95018,M,4896310.0,226030.0,95
201000054174,10,3,12,1810,1,2,5,1.0,3.0,95582,M,4897750.0,225260.0,95
201000054175,10,3,15,1840,1,2,1,1.0,6.0,95018,M,4895680.0,228430.0,95
201000054176,10,3,16,1705,1,2,3,1.0,6.0,95018,M,4894140.0,220780.0,95
201000054177,10,3,18,1640,1,2,1,1.0,3.0,95018,M,4895040.0,222860.0,95
201000054178,10,3,20,1920,5,2,5,2.0,6.0,95018,M,4894660.0,225470.0,95
201000054179,10,3,18,825,2,2,3,1.0,6.0,95582,M,4896800.0,226650.0,95
201000054180,10,3,22,1725,1,2,3,1.0,6.0,95018,M,4896510.0,223690.0,95
201000054181,10,3,24,1635,1,2,1,1.0,3.0,95018,M,4895250.0,226810.0,95
201000054182,10,3,25,1425,1,2,3,1.0,3.0,95582,M,4896910.0,226290.0,95
201000054183,10,3,23,1135,1,2,5,1.0,6.0,95018,M,4894880.0,225310.0,95
201000054184,10,3,27,1430,1,2,2,1.0,6.0,95018,M,4895070.0,224630.0,95
201000054185,10,3,29,1835,1,2,3,2.0,4.0,95582,M,4897870.0,223890.0,95
201000054186,10,3,30,800,2,2,2,2.0,2.0,95018,M,4894670.0,223800.0,95
201000054187,10,3,30,910,1,2,1,1.0,6.0,95176,M,4897050.0,220470.0,95
201000054188,10,3,31,755,1,2,3,1.0,7.0,95018,M,4894640.0,224870.0,95
201000054189,10,4,4,535,2,2,1,2.0,6.0,95018,M,4895310.0,223600.0,95
201000054190,10,4,5,1858,1,2,1,1.0,7.0,95018,M,4895390.0,221610.0,95
201000054191,10,4,8,1655,1,2,1,1.0,6.0,95176,M,4898070.0,219070.0,95
201000054192,10,4,11,1510,1,2,1,1.0,6.0,95176,M,4894370.0,225130.0,95
201000054193,10,4,13,1835,1,2,2,1.0,6.0,95582,M,4896740.0,225610.0,95
201000054194,10,4,15,1645,1,1,1,1.0,6.0,95018,M,4894500.0,226280.0,95
201000054195,10,4,16,1320,1,2,1,1.0,6.0,95018,M,4894240.0,224760.0,95
201000054196,10,4,18,15,5,2,2,1.0,3.0,95018,M,4896310.0,226020.0,95
201000054197,10,4,16,1535,1,2,3,1.0,5.0,95018,M,4893780.0,224600.0,95
201000054198,10,4,19,1605,1,2,1,1.0,6.0,95018,M,4894740.0,225660.0,95
201000054199,10,4,19,1910,1,2,5,1.0,3.0,95018,M,4895200.0,226690.0,95
201000054200,10,4,20,1955,2,2,1,1.0,6.0,95018,M,4895160.0,222910.0,95
201000054201,10,4,19,1220,1,2,2,7.0,3.0,95176,M,4896240.0,220150.0,95
201000054202,10,4,24,1357,1,2,1,1.0,7.0,95018,M,4893970.0,223080.0,95
201000054203,10,4,23,1525,1,2,1,1.0,6.0,95018,M,4894700.0,220610.0,95
201000054204,10,4,28,2210,5,2,1,1.0,6.0,95018,M,4895390.0,224290.0,95
201000054205,10,4,28,750,2,2,2,1.0,3.0,95018,M,4894700.0,223820.0,95
201000054206,10,4,29,1525,1,2,3,1.0,3.0,95582,M,4896980.0,226320.0,95
201000054207,10,4,30,1655,1,2,1,1.0,3.0,95018,M,4894430.0,223750.0,95
201000054208,10,4,30,1805,1,2,1,1.0,1.0,95018,M,4896180.0,227510.0,95
201000054209,10,4,30,1240,1,2,2,1.0,3.0,95018,M,4894260.0,224290.0,95
201000054210,10,4,30,1945,1,2,1,1.0,6.0,95176,M,4896580.0,219860.0,95
201000054211,10,5,2,2110,2,2,1,2.0,7.0,95582,M,4897760.0,224200.0,95
201000054212,10,4,30,1615,1,2,3,1.0,6.0,95018,M,4895340.0,223710.0,95
201000054213,10,5,2,2000,2,1,1,1.0,7.0,95018,M,4893490.0,224260.0,95
201000054214,10,5,3,1111,1,2,2,1.0,6.0,95018,M,4895590.0,223820.0,95
201000054215,10,5,3,1305,1,2,1,2.0,6.0,95582,M,4897210.0,227260.0,95
201000054216,10,5,3,1755,1,2,3,1.0,3.0,95018,M,4895100.0,222150.0,95
201000054217,10,5,6,1835,1,2,3,1.0,6.0,95018,M,4895350.0,226300.0,95
201000054218,10,5,8,1300,1,2,2,1.0,5.0,95018,M,4894320.0,223010.0,95
201000054219,10,5,10,825,1,2,3,1.0,3.0,95176,M,4897050.0,219330.0,95
201000054220,10,5,10,735,1,2,1,1.0,6.0,95018,M,4894520.0,224650.0,95
201000054221,10,5,11,1730,1,2,1,2.0,3.0,95018,M,4894300.0,225210.0,95
201000054222,10,5,14,1740,1,2,1,1.0,6.0,95018,M,4896180.0,225800.0,95
201000054223,10,5,15,1525,1,2,2,1.0,2.0,95582,M,4896750.0,225610.0,95
201000054224,10,5,17,1550,1,2,1,1.0,4.0,95018,M,4894830.0,220610.0,95
201000054225,10,5,17,2020,1,2,1,7.0,3.0,95582,M,4896870.0,226590.0,95
201000054226,10,5,22,1025,1,2,2,1.0,3.0,95582,M,4896620.0,226190.0,95
201000054227,10,5,23,1810,2,2,1,1.0,6.0,95018,M,4895230.0,222270.0,95
201000054228,10,5,26,1725,1,2,1,8.0,2.0,95176,M,4895810.0,219690.0,95
201000054229,10,5,27,1815,1,2,2,1.0,3.0,95018,M,4894620.0,225430.0,95
201000054230,10,5,29,1930,1,2,1,1.0,6.0,95018,M,4894710.0,223990.0,95
201000054231,10,5,28,805,1,2,1,1.0,2.0,95018,M,4894750.0,222560.0,95
201000054232,10,6,2,800,1,2,2,1.0,3.0,95582,M,4897010.0,226230.0,95
201000054233,10,6,6,1315,1,2,2,1.0,7.0,95018,M,4894020.0,221670.0,95
201000054234,10,6,5,5,4,2,6,1.0,2.0,95018,M,4895990.0,225840.0,95
201000054235,10,6,6,1355,1,2,2,1.0,6.0,95018,M,4894020.0,222590.0,95
201000054236,10,6,7,2040,1,2,1,1.0,6.0,95018,M,4894040.0,222350.0,95
201000054237,10,6,7,1139,1,2,1,1.0,6.0,95018,M,4893970.0,223280.0,95
201000054238,10,6,5,1730,1,2,2,1.0,3.0,95018,M,4894010.0,224520.0,95
201000054239,10,6,11,2330,5,2,3,1.0,2.0,95018,M,4893680.0,224570.0,95
201000054240,10,6,12,1250,1,2,1,1.0,3.0,95176,M,4895110.0,220590.0,95
201000054241,10,6,14,1810,1,1,1,1.0,5.0,95018,M,4893620.0,224480.0,95
201000054242,10,6,15,930,1,2,2,1.0,3.0,95582,M,4897780.0,225010.0,95
201000054243,10,6,15,1750,1,2,1,1.0,5.0,95018,M,4894040.0,222470.0,95
201000054244,10,6,15,1225,1,2,1,1.0,3.0,95018,M,4894530.0,226040.0,95
201000054245,10,6,18,2245,4,2,1,1.0,6.0,95018,M,4894060.0,222370.0,95
201000054246,10,6,20,1020,1,2,1,1.0,6.0,95018,M,4894140.0,224880.0,95
201000054247,10,6,20,1130,1,2,1,1.0,2.0,95018,M,4895880.0,225090.0,95
201000054248,10,6,21,1310,1,2,2,1.0,6.0,95018,M,4894820.0,225210.0,95
201000054249,10,6,20,1415,1,2,2,1.0,4.0,95018,M,4895620.0,228010.0,95
201000054250,10,6,19,1300,1,2,1,1.0,6.0,95018,M,4895770.0,228670.0,95