Num_Acc,an,mois,jour,hrmn,lum,agg,int,atm,col,com,gps,lat,long,dep
201000054251,10,6,23,1830,1,2,2,1.0,1.0,95018,M,4894120.0,224040.0,95
201000054252,10,6,23,1110,1,2,2,1.0,3.0,95018,M,4894270.0,224320.0,95
201000054253,10,6,23,1118,1,2,1,1.0,6.0,95018,M,4894510.0,225960.0,95
201000054254,10,6,24,1735,1,2,1,1.0,6.0,95018,M,4895830.0,226280.0,95
201000054255,10,6,25,1735,1,2,3,7.0,6.0,95018,M,4895290.0,226940.0,95
201000054256,10,6,27,2025,1,2,3,1.0,6.0,95018,M,4893990.0,223680.0,95
201000054257,10,6,28,1530,1,2,2,1.0,3.0,95018,M,4894090.0,221690.0,95
201000054258,10,6,30,1010,1,2,2,1.0,3.0,95176,M,4896970.0,220120.0,95
201000054259,10,7,7,1930,1,2,1,1.0,2.0,95018,M,4893800.0,221970.0,95
201000054260,10,7,8,940,1,2,1,1.0,6.0,95582,M,4897330.0,226080.0,95
201000054261,10,7,8,1545,1,2,2,1.0,3.0,95018,M,4894620.0,224800.0,95
201000054262,10,7,11,1315,1,2,2,1.0,3.0,95018,M,4893960.0,224010.0,95
201000054263,10,7,11,1905,1,2,2,1.0,3.0,95018,M,4894250.0,221680.0,95
201000054264,10,7,12,940,1,2,1,1.0,3.0,95018,M,4894240.0,225360.0,95
201000054265,10,7,12,1000,1,2,1,2.0,7.0,95582,M,4897080.0,224650.0,95
201000054266,10,7,13,1755,1,1,3,1.0,2.0,95018,M,4893670.0,224560.0,95
201000054267,10,7,14,1600,1,2,2,1.0,2.0,95018,M,4894820.0,225230.0,95
201000054268,10,7,15,105,5,2,3,1.0,7.0,95018,M,4896010.0,222590.0,95
201000054269,10,7,15,1810,1,2,5,1.0,3.0,95176,M,4896440.0,220450.0,95
201000054270,10,7,15,1925,1,2,3,1.0,6.0,95018,M,4895050.0,226340.0,95
201000054271,10,7,13,1015,1,2,3,1.0,6.0,95018,M,4895150.0,224370.0,95
201000054272,10,7,19,1440,1,2,1,1.0,6.0,95018,M,4894630.0,223310.0,95
201000054273,10,7,20,1915,1,2,1,1.0,6.0,95018,M,4894730.0,225680.0,95
201000054274,10,7,19,1750,1,2,5,1.0,3.0,95018,M,4896010.0,225520.0,95
201000054275,10,7,22,1900,1,2,1,1.0,6.0,95582,M,4897240.0,225560.0,95
201000054276,10,7,26,1655,1,2,1,1.0,1.0,95582,M,4898250.0,224050.0,95
201000054277,10,7,28,2000,1,2,3,1.0,6.0,95018,M,4894660.0,225690.0,95
201000054278,10,7,28,425,5,2,3,1.0,6.0,95018,M,4895320.0,226990.0,95
201000054279,10,7,30,1345,1,2,2,1.0,2.0,95018,M,4894830.0,223820.0,95
201000054280,10,7,29,805,1,2,3,1.0,6.0,95176,M,4896530.0,221030.0,95
201000054281,10,7,30,1840,1,2,3,1.0,3.0,95018,M,4893420.0,223480.0,95
201000054282,10,8,2,1800,1,2,2,1.0,6.0,95582,M,4896960.0,226320.0,95
201000054283,10,8,4,2155,5,2,4,2.0,6.0,95018,M,4894360.0,223460.0,95
201000054284,10,8,8,1655,1,2,2,1.0,3.0,95018,M,4893960.0,224020.0,95
201000054285,10,8,12,905,1,2,2,1.0,4.0,95018,M,4895670.0,228370.0,95
201000054286,10,8,15,420,5,2,6,2.0,6.0,95582,M,4896730.0,227380.0,95
201000054287,10,8,17,1719,1,2,2,1.0,3.0,95018,M,4894560.0,224960.0,95
201000054288,10,8,21,1705,1,2,2,1.0,3.0,95176,M,4895820.0,219710.0,95
201000054289,10,8,24,1140,1,1,1,1.0,6.0,95018,M,4895030.0,227680.0,95
201000054290,10,8,23,1750,1,2,2,1.0,4.0,95018,M,4894620.0,224790.0,95
201000054291,10,8,25,1620,1,2,3,1.0,6.0,95018,M,4895070.0,226400.0,95
201000054292,10,8,29,1620,1,2,7,1.0,6.0,95018,M,4895240.0,222170.0,95
201000054293,10,8,28,1200,1,2,2,1.0,6.0,95176,M,4896960.0,219460.0,95
201000054294,10,9,3,1210,1,2,2,1.0,3.0,95018,M,4895530.0,223220.0,95
201000054295,10,9,3,1610,1,2,1,1.0,3.0,95018,M,4896250.0,225980.0,95
201000054296,10,9,3,1455,1,2,2,1.0,3.0,95018,M,4894260.0,224300.0,95
201000054297,10,9,5,2020,2,2,2,1.0,3.0,95018,M,4895610.0,228820.0,95
201000054298,10,9,8,1300,1,2,1,2.0,2.0,95018,M,4894690.0,220890.0,95
201000054299,10,9,8,1000,1,2,3,2.0,3.0,95018,M,4893780.0,224600.0,95
201000054300,10,9,10,828,1,2,3,1.0,6.0,95176,M,4897040.0,219370.0,95
201000054301,10,9,11,1910,1,2,2,1.0,6.0,95018,M,4894560.0,223320.0,95
201000054302,10,9,13,1550,1,2,1,1.0,3.0,95018,M,4895610.0,220520.0,95
201000054303,10,9,15,1830,1,2,1,1.0,6.0,95018,M,4895200.0,225740.0,95
201000054304,10,9,15,1400,1,2,1,1.0,2.0,95018,M,4893890.0,222840.0,95
201000054305,10,9,15,1025,1,2,2,2.0,2.0,95018,M,4893960.0,222840.0,95
201000054306,10,9,16,740,1,2,2,1.0,3.0,95582,M,4897710.0,225610.0,95
201000054307,10,9,15,2100,5,2,2,1.0,3.0,95018,M,4894270.0,224310.0,95
201000054308,10,9,17,1730,1,2,5,1.0,6.0,95018,M,4894890.0,225130.0,95
201000054309,10,9,18,1200,1,2,1,1.0,6.0,95018,M,4894690.0,224680.0,95
201000054310,10,9,19,1630,1,2,3,1.0,3.0,95018,M,4895070.0,220890.0,95
201000054311,10,9,22,1155,1,2,2,1.0,3.0,95176,M,4896910.0,220230.0,95
201000054312,10,9,23,1855,1,2,2,1.0,3.0,95582,M,4897780.0,225010.0,95
201000054313,10,9,23,1955,5,2,1,1.0,6.0,95582,M,4896730.0,226220.0,95
201000054314,10,9,24,725,2,1,1,2.0,2.0,95018,M,4894960.0,227580.0,95
201000054315,10,9,24,1115,1,2,1,1.0,6.0,95018,M,4894380.0,225140.0,95
201000054316,10,9,25,2110,5,2,3,1.0,3.0,95018,M,4894800.0,220610.0,95
201000054317,10,9,28,1130,1,2,2,2.0,3.0,95018,M,4894180.0,222030.0,95
201000054318,10,9,30,900,1,2,1,2.0,6.0,95176,M,4896430.0,220900.0,95
201000054319,10,10,5,1725,1,2,6,2.0,6.0,95582,M,4896660.0,227350.0,95
201000054320,10,10,6,1810,1,2,2,2.0,3.0,95018,M,4895050.0,220800.0,95
201000054321,10,10,7,1725,1,2,2,1.0,6.0,95018,M,4894810.0,225190.0,95
201000054322,10,10,6,2145,5,2,2,1.0,2.0,95018,M,4894120.0,224040.0,95
201000054323,10,10,8,2300,5,2,2,1.0,3.0,95018,M,4894570.0,223340.0,95
201000054324,10,10,9,1335,1,2,3,1.0,2.0,95018,M,4894110.0,221490.0,95
201000054325,10,10,9,1830,1,2,6,1.0,3.0,95018,M,4893910.0,222340.0,95
201000054326,10,10,10,1210,1,2,1,1.0,6.0,95018,M,4895210.0,224150.0,95
201000054327,10,10,9,1935,5,2,2,1.0,3.0,95018,M,4893980.0,223450.0,95
201000054328,10,10,12,1730,1,1,1,1.0,6.0,95018,M,4895090.0,227690.0,95
201000054329,10,10,14,1900,2,2,1,1.0,6.0,95018,M,4895230.0,222810.0,95
201000054330,10,10,13,720,5,2,2,1.0,6.0,95018,M,4893310.0,223280.0,95
201000054331,10,10,16,1135,1,2,2,1.0,3.0,95018,M,4893250.0,223160.0,95
201000054332,10,10,14,1330,1,2,2,1.0,3.0,95176,M,4897260.0,219030.0,95
201000054333,10,10,22,945,1,2,2,1.0,3.0,95018,M,4894610.0,222380.0,95
201000054334,10,10,21,1715,1,2,1,1.0,6.0,95582,M,4897020.0,225240.0,95
201000054335,10,10,22,1500,1,2,1,1.0,6.0,95018,M,4894040.0,222830.0,95
201000054336,10,10,22,820,1,2,2,1.0,6.0,95018,M,4893960.0,224010.0,95
201000054337,10,10,24,1825,2,2,1,1.0,6.0,95018,M,4895230.0,222810.0,95
201000054338,10,10,26,1825,2,2,3,1.0,7.0,95018,M,4893540.0,224170.0,95
201000054339,10,10,27,1140,1,2,2,8.0,3.0,95176,M,4897160.0,220340.0,95
201000054340,10,11,3,910,1,2,1,1.0,6.0,95018,M,4894520.0,223370.0,95
201000054341,10,11,2,830,1,2,1,1.0,6.0,95018,M,4893960.0,224440.0,95
201000054342,10,11,5,1330,1,2,3,1.0,6.0,95018,M,4895070.0,226380.0,95
201000054343,10,11,5,1730,2,1,1,8.0,4.0,95176,M,4896320.0,221510.0,95
201000054344,10,11,6,1245,1,2,2,2.0,4.0,95176,M,4895810.0,219660.0,95
201000054345,10,11,9,1645,1,2,1,2.0,6.0,95018,M,4894440.0,225090.0,95
201000054346,10,11,9,1700,2,2,3,2.0,2.0,95018,M,4893410.0,223480.0,95
201000054347,10,11,10,705,2,2,6,2.0,2.0,95176,M,4897070.0,219880.0,95
201000054348,10,11,11,1700,1,2,1,1.0,3.0,95018,M,4895090.0,220950.0,95
201000054349,10,11,10,1515,1,2,1,1.0,1.0,95018,M,4894490.0,220640.0,95
201000054350,10,11,12,1210,1,2,1,8.0,3.0,95018,M,4895040.0,222890.0,95
201000054351,10,11,14,1900,5,2,2,8.0,5.0,95018,M,4894820.0,225210.0,95
201000054352,10,11,17,1825,4,2,2,2.0,3.0,95018,M,4895250.0,224360.0,95
201000054353,10,11,18,750,2,2,2,1.0,3.0,95018,M,4895860.0,225740.0,95
201000054354,10,11,17,1815,5,2,2,1.0,3.0,95176,M,4895820.0,219730.0,95
201000054355,10,11,20,1915,5,2,1,1.0,6.0,95018,M,4896540.0,223490.0,95
201000054356,10,11,22,1755,4,1,1,1.0,2.0,95018,M,4895050.0,227680.0,95
201000054357,10,11,23,1815,3,2,1,1.0,6.0,95176,M,4896810.0,219690.0,95
201000054358,10,11,25,1440,1,2,2,8.0,6.0,95018,M,4895170.0,225030.0,95
201000054359,10,11,26,2025,4,2,3,1.0,3.0,95018,M,4895560.0,225560.0,95
201000054360,10,11,28,1310,1,2,4,1.0,6.0,95018,M,4896090.0,223660.0,95
201000054361,10,11,29,745,2,2,4,4.0,3.0,95176,M,4896660.0,219870.0,95
201000054362,10,11,26,839,1,2,1,8.0,6.0,95018,M,4894140.0,221170.0,95
201000054363,10,11,26,1730,5,2,1,2.0,6.0,95018,M,4894320.0,224880.0,95
201000054364,10,11,27,1620,1,2,1,1.0,6.0,95018,M,4895510.0,224220.0,95
201000054365,10,11,25,1716,4,2,2,1.0,6.0,95176,M,4896690.0,219380.0,95
201000054366,10,11,30,1020,1,2,3,1.0,6.0,95018,M,4894290.0,224840.0,95
201000054367,10,12,3,1650,2,2,3,1.0,7.0,95176,M,4897970.0,219040.0,95
201000054368,10,12,6,805,2,2,1,8.0,3.0,95018,M,4895690.0,227990.0,95
201000054369,10,12,11,2000,5,2,1,1.0,1.0,95018,M,4895620.0,220520.0,95
201000054370,10,12,17,1350,1,2,2,8.0,6.0,95018,M,4894820.0,225200.0,95
201000054371,10,12,15,1825,5,2,5,1.0,6.0,95018,M,4894750.0,225610.0,95
201000054372,10,12,18,410,5,2,1,4.0,6.0,95018,M,4894200.0,224400.0,95
201000054373,10,12,21,1340,1,2,2,2.0,6.0,95018,M,4894030.0,222360.0,95
201000054374,10,12,21,1740,5,2,1,8.0,6.0,95018,M,4894710.0,220610.0,95
201000054375,10,12,22,1715,1,2,3,1.0,6.0,95018,M,4894720.0,224980.0,95
201000054376,10,12,24,1310,1,2,3,8.0,6.0,95018,M,4894950.0,225360.0,95
201000054377,10,12,25,2030,5,2,3,8.0,3.0,95018,M,4893080.0,223550.0,95
201000054378,10,11,24,1045,1,2,1,1.0,6.0,95063,M,4893370.0,220940.0,95
201000054379,10,12,6,1145,1,2,1,1.0,3.0,95063,M,4893950.0,220680.0,95
201000054380,10,3,3,230,3,2,1,1.0,6.0,95063,M,4892220.0,221820.0,95
201000054381,10,3,15,2030,5,2,1,1.0,3.0,95063,M,4893410.0,220920.0,95
201000054382,10,3,31,1925,2,2,3,1.0,3.0,95063,M,4893530.0,220670.0,95
201000054383,10,4,2,755,1,2,1,2.0,3.0,95063,M,4892220.0,221830.0,95
201000054384,10,5,19,1630,1,2,1,1.0,1.0,95063,M,4893950.0,220790.0,95
201000054385,10,7,21,2240,5,2,2,1.0,5.0,95063,M,4893420.0,220910.0,95
201000054386,10,10,23,1900,5,2,3,2.0,3.0,95063,M,4893150.0,221170.0,95
201000054387,10,11,2,1410,1,2,1,1.0,3.0,95063,M,4892300.0,221370.0,95
201000054388,10,11,9,720,1,2,1,2.0,6.0,95063,M,4893440.0,221020.0,95
201000054389,10,11,16,1855,5,2,1,1.0,6.0,95063,M,4892690.0,221490.0,95
201000054390,10,1,5,1130,1,2,1,1.0,6.0,95127,M,4904370.0,205810.0,95
201000054391,10,1,18,1350,1,2,1,1.0,6.0,95500,M,4904790.0,209570.0,95
201000054392,10,1,20,820,2,2,1,3.0,6.0,95500,M,4905840.0,209480.0,95
201000054393,10,2,5,815,1,2,1,1.0,6.0,95476,M,4906180.0,205480.0,95
201000054394,10,2,11,955,1,2,1,8.0,3.0,95476,M,4907130.0,208170.0,95
201000054395,10,2,19,900,1,2,1,1.0,6.0,95127,M,4904760.0,205060.0,95
201000054396,10,2,24,1610,1,1,2,8.0,3.0,95488,M,4902610.0,214670.0,95
201000054397,10,3,4,755,1,2,1,1.0,6.0,95500,M,4905380.0,210510.0,95
201000054398,10,3,11,150,5,2,1,1.0,6.0,95476,M,4907210.0,208060.0,95
201000054399,10,3,10,1000,1,2,1,1.0,3.0,95500,M,4904720.0,208130.0,95
201000054400,10,3,11,1340,1,2,3,1.0,6.0,95476,M,4906360.0,204870.0,95
201000054401,10,3,15,910,1,2,1,1.0,3.0,95572,M,4904580.0,210640.0,95
201000054402,10,3,14,1610,1,2,6,1.0,6.0,95127,M,4905380.0,202430.0,95
201000054403,10,3,23,2020,3,1,3,1.0,1.0,95572,M,4904880.0,214720.0,95
201000054404,10,3,23,1930,5,2,2,1.0,3.0,95500,M,4904480.0,209880.0,95
201000054405,10,3,25,2245,5,2,1,2.0,2.0,95488,M,4901670.0,215330.0,95
201000054406,10,3,30,2325,5,2,1,2.0,6.0,95500,M,4905750.0,211570.0,95
201000054407,10,4,1,1855,1,2,2,1.0,6.0,95127,M,4904490.0,202610.0,95
201000054408,10,4,1,930,1,2,1,1.0,6.0,95127,M,4904840.0,203680.0,95
201000054409,10,4,7,2105,5,2,1,1.0,2.0,95476,M,4905570.0,205540.0,95
201000054410,10,4,11,1415,1,2,1,1.0,6.0,95127,M,4905160.0,201280.0,95
201000054411,10,4,14,2100,2,1,1,1.0,6.0,95572,M,4906250.0,213990.0,95
201000054412,10,4,15,1540,1,1,1,1.0,3.0,95500,M,4905290.0,208140.0,95
201000054413,10,4,22,2145,5,2,1,1.0,2.0,95488,M,4901540.0,215540.0,95
201000054414,10,5,5,1730,1,2,1,1.0,6.0,95127,M,4904610.0,204409.0,95
201000054415,10,5,7,1420,1,1,1,1.0,2.0,95488,M,4901660.0,217450.0,95
201000054416,10,5,8,405,5,2,6,1.0,6.0,95476,M,4905570.0,206480.0,95
201000054417,10,5,10,1310,1,2,6,1.0,3.0,95476,M,4906120.0,206650.0,95
201000054418,10,5,16,1845,1,2,7,1.0,3.0,95500,M,4904860.0,210160.0,95
201000054419,10,5,18,2105,1,2,1,1.0,1.0,95127,M,4904980.0,201790.0,95
201000054420,10,5,16,1115,1,1,1,1.0,4.0,95488,M,4902140.0,217910.0,95
201000054421,10,5,19,1640,1,1,1,1.0,6.0,95218,M,4903330.0,210180.0,95
201000054422,10,5,25,1840,1,2,1,1.0,1.0,95572,M,4904090.0,211290.0,95
201000054423,10,6,2,1825,1,2,6,1.0,3.0,95476,M,4907110.0,208270.0,95
201000054424,10,5,30,440,5,1,1,2.0,2.0,95476,M,4907610.0,207589.0,95
201000054425,10,6,13,2020,1,2,2,1.0,6.0,95218,M,4902090.0,210050.0,95
201000054426,10,6,21,1730,1,2,1,8.0,2.0,95218,M,4902160.0,210160.0,95
201000054427,10,6,26,2030,1,2,1,1.0,3.0,95500,M,4906120.0,209039.0,95
201000054428,10,7,16,1215,1,1,1,1.0,3.0,95488,M,4902010.0,217590.0,95
201000054429,10,7,29,1130,1,2,2,1.0,3.0,95127,M,4903280.0,207910.0,95
201000054430,10,8,25,1335,1,2,1,1.0,6.0,95500,M,4904910.0,209890.0,95
201000054431,10,8,21,1910,1,2,4,1.0,3.0,95572,M,4905290.0,211760.0,95
201000054432,10,8,28,1610,1,2,3,1.0,3.0,95476,M,4906340.0,205090.0,95
201000054433,10,9,7,600,5,2,3,1.0,3.0,95572,M,4904820.0,210610.0,95
201000054434,10,9,8,945,1,2,2,8.0,3.0,95127,M,4903570.0,206940.0,95
201000054435,10,9,19,1750,1,2,1,1.0,6.0,95127,M,4903870.0,207150.0,95
201000054436,10,9,21,1335,1,2,1,1.0,4.0,95572,M,4903350.0,212550.0,95
201000054437,10,9,21,1130,1,2,2,1.0,6.0,95500,M,4906280.0,208979.0,95
201000054438,10,9,27,2015,5,2,2,1.0,6.0,95127,M,4904910.0,201010.0,95
201000054439,10,10,13,1500,1,2,1,1.0,4.0,95500,M,4904650.0,207980.0,95
201000054440,10,10,21,730,1,2,6,1.0,3.0,95127,M,4904890.0,203120.0,95
201000054441,10,10,25,1755,1,2,1,1.0,3.0,95488,M,4901370.0,215840.0,95
201000054442,10,10,26,1000,1,2,1,1.0,6.0,95500,M,4904900.0,209240.0,95
201000054443,10,11,7,955,1,2,1,3.0,6.0,95572,M,4904090.0,210510.0,95
201000054444,10,11,7,2210,5,2,1,1.0,6.0,95572,M,4903400.0,212780.0,95
201000054445,10,11,19,1735,5,2,2,8.0,3.0,95127,M,4904490.0,202619.0,95
201000054446,10,11,15,800,1,2,3,8.0,1.0,95127,M,4905220.0,203209.0,95
201000054447,10,11,16,720,5,2,1,2.0,6.0,95488,M,4901420.0,215740.0,95
201000054448,10,12,11,1600,1,2,7,1.0,6.0,95500,M,4904840.0,210130.0,95
201000054449,10,4,10,2035,2,2,1,1.0,6.0,95127,M,4904320.0,203310.0,95
201000054450,10,4,9,1330,1,2,1,1.0,3.0,95127,M,4904610.0,202970.0,95
201000054451,10,8,12,755,1,2,1,1.0,2.0,95127,M,4904050.0,208049.0,95
201000054452,10,5,20,650,1,2,1,1.0,3.0,95127,M,4903590.0,208120.0,95
201000054453,10,8,12,920,1,2,1,1.0,3.0,95127,M,4904340.0,207350.0,95
201000054454,10,10,20,1330,1,2,3,1.0,3.0,95127,M,4904960.0,201310.0,95
201000054455,10,10,30,200,4,1,1,3.0,5.0,95127,M,4905510.0,205220.0,95
201000054456,10,1,4,820,1,2,1,4.0,6.0,95197,M,4897530.0,233240.0,95
201000054457,10,3,4,1730,1,2,1,1.0,2.0,95210,M,4897060.0,230340.0,95
201000054458,10,3,9,900,1,2,1,1.0,3.0,95288,M,4898270.0,236250.0,95
201000054459,10,3,19,2110,5,2,3,2.0,3.0,95427,M,4896270.0,233390.0,95
201000054460,10,3,23,1808,1,2,3,1.0,3.0,95288,M,4898340.0,235480.0,95
201000054461,10,4,2,659,1,2,1,1.0,6.0,95197,M,4897530.0,232500.0,95
201000054462,10,4,13,1432,1,2,2,1.0,1.0,95288,M,4898490.0,236190.0,95
201000054463,10,4,17,1508,1,2,1,1.0,6.0,95427,M,4895800.0,232980.0,95
201000054464,10,4,22,715,1,2,1,1.0,2.0,95288,M,4898280.0,236250.0,95
201000054465,10,4,29,730,1,2,1,1.0,6.0,95197,M,4896490.0,231870.0,95
201000054466,10,2,24,1658,2,2,1,1.0,6.0,95197,M,4897210.0,232310.0,95
201000054467,10,5,19,1955,1,2,3,1.0,4.0,95197,M,4896540.0,231950.0,95
201000054468,10,6,1,1725,1,2,2,1.0,6.0,95197,M,4897520.0,232430.0,95
201000054469,10,6,8,1615,1,2,3,1.0,6.0,95197,M,4896490.0,231870.0,95
201000054470,10,6,24,1945,1,2,3,1.0,3.0,95197,M,4897520.0,233660.0,95
201000054471,10,6,23,1440,1,2,2,1.0,3.0,95427,M,4896390.0,233550.0,95
201000054472,10,7,9,2220,2,2,1,1.0,6.0,95197,M,4897630.0,233010.0,95
201000054473,10,7,19,940,1,2,2,1.0,3.0,95427,M,4895950.0,233640.0,95
201000054474,10,8,3,1720,1,2,1,1.0,3.0,95427,M,4897770.0,236460.0,95
201000054475,10,8,30,1415,1,2,1,1.0,6.0,95427,M,4897150.0,234770.0,95
201000054476,10,9,11,1500,1,2,3,1.0,3.0,95197,M,4895890.0,232520.0,95
201000054477,10,9,6,1125,1,2,1,1.0,3.0,95427,M,4897660.0,235410.0,95
201000054478,10,8,7,1215,1,2,1,1.0,3.0,95427,M,4895730.0,233090.0,95
201000054479,10,9,16,2010,4,2,2,1.0,1.0,95197,M,4897540.0,231730.0,95
201000054480,10,10,16,1825,1,2,1,1.0,6.0,95427,M,4895660.0,233180.0,95
201000054481,10,10,22,755,2,2,1,1.0,6.0,95197,M,4897530.0,233240.0,95
201000054482,10,10,27,800,2,2,3,1.0,3.0,95197,M,4897040.0,231270.0,95
201000054483,10,10,29,1915,1,2,1,1.0,6.0,95197,M,4896490.0,232020.0,95
201000054484,10,12,23,2050,5,2,1,4.0,6.0,95427,M,4897280.0,234850.0,95
201000054485,10,1,17,100,5,2,1,2.0,1.0,95428,M,4898290.0,232480.0,95
201000054486,10,3,18,45,5,2,1,1.0,6.0,95555,M,4896530.0,228370.0,95
201000054487,10,4,30,1745,1,2,2,1.0,3.0,95555,M,4896140.0,227970.0,95
201000054488,10,5,25,750,1,2,1,1.0,3.0,95428,M,4897310.0,230990.0,95
201000054489,10,8,29,1115,1,2,1,1.0,6.0,95598,M,4898530.0,229590.0,95
201000054490,10,10,9,2140,3,2,1,1.0,6.0,95555,M,4896590.0,227990.0,95
201000054491,10,7,20,1800,1,2,1,1.0,3.0,95428,M,4899380.0,231940.0,95
201000054492,10,11,17,2052,5,2,1,2.0,6.0,95555,M,4896850.0,228530.0,95
201000054493,10,12,11,1850,5,2,1,1.0,2.0,95555,M,4896690.0,229740.0,95
201000054494,10,3,26,1555,1,2,1,1.0,1.0,95369,M,4900230.0,228540.0,95
201000054495,10,6,8,1815,1,2,1,1.0,6.0,95428,M,4898860.0,231920.0,95
201000054496,10,11,12,1200,1,2,3,2.0,1.0,95210,M,4897360.0,230630.0,95
201000054497,10,4,30,1745,1,2,2,1.0,3.0,95555,M,4896130.0,227970.0,95
201000054498,10,6,5,1430,1,2,6,1.0,2.0,95369,M,4900190.0,228710.0,95
201000054499,10,2,6,1050,1,2,3,2.0,6.0,95210,M,4897160.0,230830.0,95
201000054500,10,1,3,400,5,2,1,1.0,3.0,95252,M,4898530.0,223910.0,95
201000054501,10,1,4,835,1,2,2,9.0,6.0,95219,M,4898420.0,224650.0,95
201000054502,10,1,9,735,5,2,1,4.0,6.0,95219,M,4897860.0,227090.0,95
201000054503,10,1,11,1950,5,2,1,1.0,3.0,95252,M,4899120.0,222330.0,95
201000054504,10,1,12,1555,1,2,1,1.0,6.0,95219,M,4898570.0,225630.0,95
201000054505,10,1,15,540,5,2,1,5.0,6.0,95203,M,4899410.0,227970.0,95
201000054506,10,1,26,1630,1,2,3,1.0,3.0,95252,M,4899620.0,223740.0,95
201000054507,10,1,29,1600,1,2,1,1.0,2.0,95203,M,4899620.0,227190.0,95
201000054508,10,1,30,2020,5,2,6,1.0,3.0,95219,M,4899930.0,225260.0,95
201000054509,10,2,2,2000,5,2,1,1.0,6.0,95203,M,4898190.0,227210.0,95
201000054510,10,2,16,840,1,2,1,1.0,6.0,95203,M,4899160.0,228330.0,95
201000054511,10,2,24,820,1,2,1,2.0,6.0,95219,M,4898390.0,227240.0,95
201000054512,10,3,2,1135,1,2,6,1.0,1.0,95219,M,4897990.0,225570.0,95
201000054513,10,3,3,2310,5,2,4,1.0,2.0,95203,M,4898790.0,227380.0,95
201000054514,10,3,15,745,1,2,6,1.0,2.0,95203,M,4899480.0,227560.0,95
201000054515,10,3,17,805,1,2,6,1.0,2.0,95426,M,4900350.0,228140.0,95
201000054516,10,3,17,1635,1,2,3,1.0,3.0,95574,M,4900850.0,225760.0,95
201000054517,10,3,20,1300,1,2,1,1.0,6.0,95252,M,4899650.0,222690.0,95
201000054518,10,3,20,1915,2,2,2,1.0,4.0,95252,M,4899920.0,221900.0,95
201000054519,10,3,22,1809,1,2,1,1.0,3.0,95219,M,4898890.0,225850.0,95
201000054520,10,3,23,1240,1,2,2,1.0,3.0,95203,M,4899510.0,227540.0,95
201000054521,10,3,24,1650,1,2,1,1.0,2.0,95203,M,4899510.0,227170.0,95
201000054522,10,3,25,1005,1,2,1,1.0,6.0,95252,M,4899440.0,222130.0,95
201000054523,10,3,29,1750,1,2,1,1.0,7.0,95252,M,4899440.0,222130.0,95
201000054524,10,3,29,1750,1,2,2,1.0,6.0,95203,M,4898640.0,227320.0,95
201000054525,10,3,31,1230,1,2,2,1.0,3.0,95252,M,4898770.0,223220.0,95
201000054526,10,4,2,715,2,2,3,2.0,3.0,95574,M,4901220.0,226930.0,95
201000054527,10,4,9,2020,2,2,1,1.0,1.0,95252,M,4899550.0,223960.0,95
201000054528,10,4,12,900,1,2,1,1.0,3.0,95203,M,4899250.0,227470.0,95
201000054529,10,4,18,1510,1,2,1,1.0,3.0,95252,M,4899290.0,222220.0,95
201000054530,10,4,19,2010,1,2,1,1.0,3.0,95252,M,4898410.0,222980.0,95
201000054531,10,4,20,1810,1,2,1,1.0,2.0,95491,M,4899920.0,223530.0,95
201000054532,10,4,24,950,1,2,3,1.0,2.0,95219,M,4899390.0,224420.0,95
201000054533,10,5,4,1230,1,2,3,1.0,6.0,95219,M,4897990.0,227050.0,95
201000054534,10,5,12,820,1,2,6,1.0,3.0,95203,M,4899350.0,227460.0,95
201000054535,10,5,26,1445,1,2,3,1.0,1.0,95219,M,4899430.0,225030.0,95
201000054536,10,5,27,1108,1,2,1,1.0,6.0,95574,M,4900320.0,226190.0,95
201000054537,10,6,1,840,1,2,3,1.0,3.0,95203,M,4899750.0,226540.0,95
201000054538,10,6,1,950,1,2,1,1.0,1.0,95219,M,4899790.0,225250.0,95
201000054539,10,6,2,1755,1,2,1,1.0,2.0,95203,M,4899770.0,227730.0,95
201000054540,10,6,4,1840,1,2,1,1.0,6.0,95252,M,4898870.0,221760.0,95
201000054541,10,6,9,1125,1,2,1,1.0,1.0,95252,M,4898590.0,222850.0,95