Num_Acc,an,mois,jour,hrmn,lum,agg,int,atm,col,com,gps,lat,long,dep
201000054542,10,6,18,1840,1,2,1,1.0,2.0,95219,M,4898090.0,224890.0,95
201000054543,10,6,21,1600,1,2,1,1.0,3.0,95252,M,4898390.0,224390.0,95
201000054544,10,6,21,1645,1,2,1,1.0,2.0,95252,M,4898520.0,223930.0,95
201000054545,10,6,22,1555,1,2,1,1.0,2.0,95252,M,4898970.0,222920.0,95
201000054546,10,6,26,1115,1,2,1,1.0,3.0,95219,M,4899650.0,224870.0,95
201000054547,10,7,11,1900,1,2,3,1.0,3.0,95252,M,4898460.0,222590.0,95
201000054548,10,7,17,1725,1,2,2,1.0,1.0,95426,M,4901150.0,228160.0,95
201000054549,10,7,18,1825,1,2,6,1.0,3.0,95203,M,4899550.0,227140.0,95
201000054550,10,7,29,1250,1,2,1,1.0,1.0,95219,M,4899470.0,225490.0,95
201000054551,10,8,5,2110,5,2,1,1.0,6.0,95252,M,4898870.0,224140.0,95
201000054552,10,8,6,1815,1,2,2,1.0,1.0,95252,M,4898850.0,223050.0,95
201000054553,10,8,9,1920,1,2,2,1.0,3.0,95252,M,4899990.0,222630.0,95
201000054554,10,8,10,1125,1,2,6,1.0,6.0,95203,M,4899130.0,227520.0,95
201000054555,10,8,16,1450,1,2,6,1.0,3.0,95203,M,4899340.0,227490.0,95
201000054556,10,8,21,1230,1,2,1,1.0,6.0,95252,M,4898430.0,222730.0,95
201000054557,10,8,23,800,1,2,3,1.0,6.0,95203,M,4899110.0,227870.0,95
201000054558,10,8,29,1525,1,2,1,1.0,3.0,95491,M,4900030.0,224220.0,95
201000054559,10,9,6,1035,1,2,3,1.0,3.0,95203,M,4899260.0,227680.0,95
201000054560,10,9,8,1905,2,2,1,1.0,6.0,95203,M,4898550.0,227270.0,95
201000054561,10,9,8,2055,2,2,1,1.0,6.0,95426,M,4901260.0,228150.0,95
201000054562,10,9,20,1745,1,2,1,1.0,6.0,95426,M,4901140.0,228390.0,95
201000054563,10,9,21,2245,5,2,1,1.0,3.0,95252,M,4899070.0,222310.0,95
201000054564,10,9,30,820,1,2,1,1.0,6.0,95252,M,4898390.0,222720.0,95
201000054565,10,9,30,805,1,2,3,1.0,3.0,95219,M,4898010.0,225740.0,95
201000054566,10,10,1,2010,1,2,1,1.0,3.0,95219,M,4898800.0,224700.0,95
201000054567,10,10,4,1345,1,2,1,1.0,6.0,95252,M,4898830.0,222280.0,95
201000054568,10,10,12,1815,1,2,1,1.0,1.0,95574,M,4900290.0,226190.0,95
201000054569,10,10,14,1050,1,2,6,1.0,3.0,95219,M,4898210.0,224620.0,95
201000054570,10,10,16,1000,1,2,1,1.0,6.0,95219,M,4898970.0,226080.0,95
201000054571,10,10,19,1610,1,2,1,1.0,3.0,95219,M,4898810.0,224720.0,95
201000054572,10,10,26,930,1,2,1,1.0,6.0,95219,M,4898560.0,226920.0,95
201000054573,10,10,28,1710,1,2,1,1.0,6.0,95219,M,4898820.0,225790.0,95
201000054574,10,11,4,1450,1,2,1,1.0,6.0,95219,M,4899680.0,225120.0,95
201000054575,10,11,8,1945,5,2,1,1.0,6.0,95219,M,4898940.0,225810.0,95
201000054576,10,11,13,1920,5,2,1,3.0,6.0,95203,M,4899070.0,227270.0,95
201000054577,10,11,17,900,1,2,3,1.0,2.0,95252,M,4898740.0,221390.0,95
201000054578,10,11,19,2030,5,2,1,1.0,6.0,95203,M,4898850.0,227400.0,95
201000054579,10,11,26,1905,4,2,1,1.0,6.0,95219,M,4898750.0,225790.0,95
201000054580,10,11,29,1340,1,2,6,1.0,3.0,95491,M,4899890.0,223980.0,95
201000054581,10,12,3,1005,1,2,1,1.0,6.0,95203,M,4899050.0,227750.0,95
201000054582,10,12,3,1605,1,2,3,1.0,6.0,95219,M,4898620.0,226060.0,95
201000054583,10,12,4,1751,2,2,1,4.0,7.0,95203,M,4899890.0,226630.0,95
201000054584,10,12,21,1125,1,2,2,1.0,6.0,95252,M,4898770.0,223230.0,95
201000054585,10,4,15,910,1,2,6,1.0,6.0,95219,M,4898010.0,227050.0,95
201000054586,10,3,29,1720,1,2,1,1.0,7.0,95252,M,4899910.0,221890.0,95
201000054587,10,6,7,1720,1,2,1,1.0,6.0,95574,M,4901760.0,228060.0,95
201000054588,10,6,9,1755,1,2,1,1.0,3.0,95203,M,4900070.0,227860.0,95
201000054589,10,8,2,1135,1,2,1,1.0,1.0,95252,M,4899190.0,221610.0,95
201000054590,10,6,11,1335,1,2,3,1.0,6.0,95582,M,4898030.0,224410.0,95
201000054591,10,10,28,1643,1,2,1,1.0,2.0,95426,M,4901040.0,228510.0,95
201000054592,10,11,9,1350,1,2,1,1.0,3.0,95203,M,4899150.0,227920.0,95
201000054593,10,11,13,1905,5,2,6,3.0,1.0,95203,M,4899130.0,227530.0,95
201000054594,10,10,23,1703,1,2,1,1.0,3.0,95203,M,4898050.0,227050.0,95
201000054595,10,10,25,907,1,2,1,1.0,6.0,95219,M,4898870.0,225160.0,95
201000054596,10,12,17,1720,1,2,1,4.0,6.0,95203,M,4899140.0,228750.0,95
201000054597,10,3,16,1320,1,2,3,1.0,3.0,95491,M,4899660.0,223610.0,95
201000054598,10,6,28,535,2,2,6,1.0,7.0,95268,M,4897190.0,241940.0,95
201000054599,10,8,29,1035,1,2,2,1.0,3.0,95268,M,4897610.0,239450.0,95
201000054600,10,7,21,1220,1,2,1,1.0,6.0,95268,M,4897540.0,239560.0,95
201000054601,10,4,18,15,5,2,3,1.0,3.0,95268,M,4897330.0,240010.0,95
201000054602,10,7,7,1800,1,2,1,1.0,6.0,95268,M,4896330.0,240420.0,95
201000054603,10,7,16,1830,1,2,1,1.0,6.0,95268,M,4895880.0,241530.0,95
201000054604,10,10,2,2125,5,2,1,1.0,3.0,95268,M,4896260.0,240280.0,95
201000054605,10,10,26,315,5,2,2,1.0,3.0,95268,M,4896650.0,240920.0,95
201000054606,10,10,26,1630,1,2,3,8.0,3.0,95268,M,4897440.0,239870.0,95
201000054607,10,8,10,2125,5,2,1,3.0,6.0,95268,M,4896010.0,239950.0,95
201000054608,10,9,10,1935,1,2,1,1.0,6.0,95268,M,4897640.0,240830.0,95
201000054609,10,11,15,905,1,2,1,8.0,6.0,95268,M,4897130.0,240150.0,95
201000054610,10,1,13,1445,1,2,6,9.0,3.0,95019,M,4897660.0,242330.0,95
201000054611,10,1,5,1740,1,2,1,8.0,1.0,95277,M,4898220.0,245060.0,95
201000054612,10,2,8,1250,1,2,1,1.0,2.0,95277,M,4898440.0,246210.0,95
201000054613,10,3,3,1700,1,2,1,1.0,2.0,95277,M,4898360.0,245950.0,95
201000054614,10,5,28,1135,1,2,1,1.0,6.0,95277,M,4900430.0,242070.0,95
201000054615,10,5,28,1300,1,2,1,1.0,6.0,95280,M,4902790.0,246390.0,95
201000054616,10,6,7,845,1,2,1,1.0,5.0,95019,M,4898020.0,242390.0,95
201000054617,10,6,18,1905,1,2,1,1.0,6.0,95280,M,4903620.0,246170.0,95
201000054618,10,6,18,2345,3,2,1,1.0,6.0,95019,M,4898240.0,242520.0,95
201000054619,10,7,1,2110,2,2,1,1.0,4.0,95019,M,4898930.0,241250.0,95
201000054620,10,8,30,1830,1,2,1,1.0,2.0,95280,M,4901110.0,246860.0,95
201000054621,10,10,3,1850,1,2,6,1.0,6.0,95277,M,4898110.0,244280.0,95
201000054622,10,2,3,2030,5,2,1,1.0,3.0,95280,M,4903250.0,247290.0,95
201000054623,10,9,18,2000,1,2,2,1.0,2.0,95280,M,4903090.0,247260.0,95
201000054624,10,2,28,2135,5,2,3,9.0,3.0,95280,M,4903660.0,245590.0,95
201000054625,10,4,20,1640,1,2,2,1.0,6.0,95280,M,4902500.0,246380.0,95
201000054626,10,4,20,2055,2,2,1,1.0,6.0,95280,M,4902500.0,246890.0,95
201000054627,10,4,18,1750,1,2,1,9.0,6.0,95280,M,4902850.0,247370.0,95
201000054628,10,5,3,750,1,2,1,9.0,2.0,95280,M,4901750.0,246760.0,95
201000054629,10,5,8,2205,2,2,3,1.0,6.0,95280,M,4903610.0,245630.0,95
201000054630,10,4,24,640,2,2,2,1.0,6.0,95280,M,4903090.0,245950.0,95
201000054631,10,4,11,10,5,2,1,1.0,6.0,95277,M,4898660.0,245110.0,95
201000054632,10,5,14,1840,1,2,1,1.0,6.0,95277,M,4898020.0,246650.0,95
201000054633,10,6,13,2000,1,2,1,1.0,5.0,95277,M,4900440.0,242370.0,95
201000054634,10,5,15,1930,1,2,3,1.0,3.0,95019,M,4899060.0,241770.0,95
201000054635,10,7,8,820,1,2,1,1.0,2.0,95277,M,4898960.0,245790.0,95
201000054636,10,5,24,1350,1,2,2,1.0,6.0,95019,M,4898340.0,242370.0,95
201000054637,10,8,9,955,1,2,3,1.0,3.0,95277,M,4898390.0,245850.0,95
201000054638,10,8,15,2350,5,2,3,2.0,3.0,95280,M,4903330.0,245810.0,95
201000054639,10,9,12,530,5,2,1,1.0,3.0,95088,M,4897490.0,242920.0,95
201000054640,10,10,10,850,1,2,2,1.0,3.0,95277,M,4898430.0,244060.0,95
201000054641,10,9,17,1730,1,2,1,1.0,6.0,95280,M,4903180.0,246520.0,95
201000054642,10,11,6,1805,5,2,1,3.0,6.0,95019,M,4897970.0,242830.0,95
201000054643,10,10,7,1445,1,2,3,1.0,3.0,95019,M,4899360.0,241450.0,95
201000054644,10,11,3,1350,1,2,1,1.0,6.0,95277,M,4899390.0,242430.0,95
201000054645,10,1,15,1640,1,2,1,1.0,6.0,95306,M,4900630.0,212970.0,95
201000054646,10,1,19,845,1,2,3,1.0,3.0,95306,M,4901530.0,213690.0,95
201000054647,10,1,23,1015,1,2,1,1.0,1.0,95306,M,4900110.0,214190.0,95
201000054648,10,2,5,910,1,2,1,1.0,3.0,95306,M,4900570.0,214820.0,95
201000054649,10,2,23,1830,2,1,1,2.0,3.0,95306,M,4900260.0,213590.0,95
201000054650,10,3,4,725,1,2,1,1.0,3.0,95306,M,4900290.0,218680.0,95
201000054651,10,3,9,2035,5,1,1,1.0,3.0,95424,M,4899110.0,218090.0,95
201000054652,10,3,12,910,1,2,1,1.0,2.0,95424,M,4898620.0,218870.0,95
201000054653,10,3,12,1230,1,2,1,1.0,3.0,95424,M,4899580.0,219140.0,95
201000054654,10,3,13,1145,1,2,1,1.0,6.0,95306,M,4899970.0,214890.0,95
201000054655,10,3,18,1120,1,2,2,1.0,6.0,95424,M,4899420.0,219460.0,95
201000054656,10,3,22,1630,1,2,1,1.0,6.0,95306,M,4900160.0,214010.0,95
201000054657,10,3,27,1240,1,2,2,1.0,3.0,95306,M,4900430.0,212940.0,95
201000054658,10,4,1,1705,1,2,2,1.0,3.0,95424,M,4900010.0,219120.0,95
201000054659,10,4,4,615,5,2,1,2.0,6.0,95306,M,4899500.0,215540.0,95
201000054660,10,4,5,1155,1,2,1,1.0,3.0,95257,M,4898040.0,218250.0,95
201000054661,10,4,5,1350,1,2,2,1.0,3.0,95424,M,4899080.0,218160.0,95
201000054662,10,4,16,1610,1,2,1,1.0,5.0,95424,M,4898870.0,218180.0,95
201000054663,10,4,24,815,1,2,1,1.0,3.0,95306,M,4898820.0,216660.0,95
201000054664,10,4,24,1920,1,2,1,1.0,3.0,95306,M,4899030.0,216590.0,95
201000054665,10,5,2,1825,1,2,1,1.0,1.0,95306,M,4901530.0,212800.0,95
201000054666,10,5,11,1940,1,2,1,1.0,2.0,95424,M,4899170.0,220670.0,95
201000054667,10,5,14,1715,1,2,1,1.0,2.0,95257,M,4897100.0,218000.0,95
201000054668,10,5,16,250,5,2,1,1.0,6.0,95306,M,4898800.0,216680.0,95
201000054669,10,5,14,1910,1,2,1,1.0,6.0,95306,M,4899270.0,216070.0,95
201000054670,10,5,18,755,1,2,1,1.0,2.0,95306,M,4899040.0,216290.0,95
201000054671,10,5,21,1850,1,2,1,1.0,3.0,95306,M,4900240.0,213660.0,95
201000054672,10,6,5,1316,1,2,3,1.0,3.0,95424,M,4899840.0,220470.0,95
201000054673,10,6,14,850,1,2,1,1.0,6.0,95306,M,4900470.0,212830.0,95
201000054674,10,6,28,1030,1,2,1,1.0,6.0,95424,M,4899320.0,219730.0,95
201000054675,10,7,4,155,5,2,1,1.0,6.0,95306,M,4900160.0,217500.0,95
201000054676,10,7,28,1220,1,2,1,1.0,2.0,95424,M,4898930.0,218190.0,95
201000054677,10,8,26,1740,1,2,3,1.0,6.0,95424,M,4899620.0,219070.0,95
201000054678,10,8,28,2240,5,2,1,1.0,6.0,95257,M,4896320.0,218240.0,95
201000054679,10,9,5,1455,1,1,1,1.0,3.0,95306,M,4900220.0,213760.0,95
201000054680,10,9,5,1830,1,2,1,1.0,1.0,95424,M,4898700.0,217920.0,95
201000054681,10,9,5,1835,1,2,1,1.0,6.0,95424,M,4899570.0,220460.0,95
201000054682,10,9,6,930,1,2,3,1.0,3.0,95424,M,4898990.0,218180.0,95
201000054683,10,9,8,1905,1,2,1,1.0,2.0,95306,M,4900510.0,217150.0,95
201000054684,10,9,10,820,1,2,1,1.0,4.0,95306,M,4899580.0,217590.0,95
201000054685,10,9,18,1505,1,2,2,1.0,1.0,95306,M,4899040.0,216620.0,95
201000054686,10,9,23,1030,1,2,1,1.0,6.0,95424,M,4899960.0,220570.0,95
201000054687,10,9,29,1905,1,2,1,1.0,6.0,95424,M,4899660.0,219950.0,95
201000054688,10,10,3,1725,1,2,3,1.0,5.0,95306,M,4899800.0,215240.0,95
201000054689,10,10,16,1515,1,2,1,1.0,6.0,95424,M,4899220.0,219950.0,95
201000054690,10,10,18,1050,1,2,1,7.0,6.0,95424,M,4899290.0,219750.0,95
201000054691,10,10,22,1700,1,2,2,1.0,3.0,95424,M,4899170.0,219290.0,95
201000054692,10,10,30,815,1,2,1,1.0,3.0,95424,M,4898930.0,218180.0,95
201000054693,10,11,9,715,2,2,1,1.0,2.0,95424,M,4899070.0,219620.0,95
201000054694,10,11,29,1750,5,2,1,4.0,6.0,95424,M,4900370.0,219820.0,95
201000054695,10,12,13,720,1,2,1,4.0,4.0,95424,M,4898780.0,218740.0,95
201000054696,10,1,13,1010,1,2,4,4.0,6.0,95487,M,4915310.0,228030.0,95
201000054697,10,1,15,1720,2,2,3,1.0,2.0,95487,M,4915510.0,226810.0,95
201000054698,10,1,29,835,1,2,2,2.0,6.0,95313,M,4910800.0,221750.0,95
201000054699,10,2,12,820,1,2,1,1.0,6.0,95052,M,4913890.0,229140.0,95
201000054700,10,3,4,800,1,2,3,1.0,6.0,95313,M,4911340.0,221050.0,95
201000054701,10,3,9,835,1,2,1,1.0,6.0,95504,M,4911490.0,228090.0,95
201000054702,10,5,8,1425,1,1,1,1.0,6.0,95452,M,4913420.0,228230.0,95
201000054703,10,5,13,1725,1,2,1,1.0,6.0,95504,M,4911550.0,228080.0,95
201000054704,10,5,29,1440,1,2,4,1.0,6.0,95313,M,4911360.0,221390.0,95
201000054705,10,6,10,1610,1,1,2,1.0,2.0,95313,M,4912410.0,224970.0,95
201000054706,10,6,30,1400,1,1,6,1.0,3.0,95487,M,4915250.0,225250.0,95
201000054707,10,7,21,1300,1,2,3,1.0,6.0,95313,M,4911370.0,221390.0,95
201000054708,10,9,4,1320,1,1,2,1.0,3.0,95313,M,4912500.0,224810.0,95
201000054709,10,9,4,1605,1,2,1,1.0,2.0,95313,M,4911030.0,222550.0,95
201000054710,10,9,10,750,1,1,6,1.0,3.0,95436,M,4912840.0,225790.0,95
201000054711,10,9,30,830,1,1,2,2.0,3.0,95487,M,4915330.0,225750.0,95
201000054712,10,10,13,1915,1,2,4,1.0,6.0,95313,M,4911140.0,221720.0,95
201000054713,10,11,3,710,2,2,1,2.0,6.0,95487,M,4915680.0,226460.0,95
201000054714,10,10,20,815,2,2,3,1.0,3.0,95487,M,4915210.0,227390.0,95
201000054715,10,11,6,1815,5,2,1,2.0,7.0,95487,M,4915390.0,227050.0,95
201000054716,10,11,27,1840,5,2,1,1.0,6.0,95052,M,4913880.0,228940.0,95
201000054717,10,12,11,345,5,2,4,1.0,1.0,95504,M,4910750.0,228810.0,95
201000054718,10,9,9,2345,3,1,4,1.0,3.0,95487,M,4915150.0,224730.0,95
201000054719,10,4,3,545,5,1,1,1.0,4.0,95527,M,4900930.0,253910.0,95
201000054720,10,7,26,1053,1,1,1,1.0,6.0,95527,M,4901050.0,254760.0,95
201000054721,10,1,10,120,5,1,1,1.0,4.0,95527,M,4900930.0,253910.0,95
201000054722,10,3,4,2015,3,1,1,1.0,1.0,77294,M,,,77
201000054723,10,3,10,850,1,1,1,1.0,6.0,77291,M,,,77
201000054724,10,5,28,854,1,1,1,1.0,4.0,93073,M,4899090.0,257290.0,93
201000054725,10,7,12,1820,1,1,1,1.0,2.0,95527,M,4900840.0,253450.0,95
201000054726,10,8,30,1821,1,1,1,1.0,6.0,95527,M,4899660.0,252340.0,95
201000054727,10,10,1,2025,5,1,1,3.0,2.0,95527,M,4900990.0,254260.0,95
201000054728,10,1,21,2020,5,1,1,1.0,2.0,95585,M,4897610.0,236510.0,95
201000054729,10,2,15,30,5,2,1,1.0,2.0,95585,M,4897810.0,236790.0,95
201000054730,10,2,2,1210,1,2,1,3.0,2.0,95585,M,4897770.0,236470.0,95
201000054731,10,3,2,1550,1,2,1,1.0,3.0,95585,M,4898550.0,239420.0,95
201000054732,10,2,3,755,1,2,1,1.0,6.0,95585,M,4899140.0,236980.0,95
201000054733,10,2,2,940,1,2,3,1.0,6.0,95585,M,4898710.0,237950.0,95
201000054734,10,1,25,2105,5,2,3,1.0,3.0,95585,M,4899180.0,236820.0,95
201000054735,10,11,11,1410,1,2,3,2.0,6.0,95585,M,4897420.0,236720.0,95
201000054736,10,12,11,2300,4,1,1,1.0,2.0,95539,M,4900180.0,235880.0,95
201000054737,10,12,1,2100,5,2,1,4.0,7.0,95680,M,4900920.0,238370.0,95
201000054738,10,12,3,2020,5,2,1,8.0,5.0,95680,M,4900060.0,239330.0,95
201000054739,10,11,30,1730,5,2,1,1.0,6.0,95585,M,4897870.0,237150.0,95
201000054740,10,3,5,1725,1,2,1,1.0,5.0,95539,M,4900260.0,236530.0,95
201000054741,10,2,1,1425,1,2,1,1.0,6.0,95585,M,4897780.0,237010.0,95
201000054742,10,4,4,1350,1,2,1,1.0,6.0,95585,M,4899620.0,238710.0,95
201000054743,10,4,4,1940,1,2,1,1.0,6.0,95585,M,4898060.0,238740.0,95
201000054744,10,4,16,2350,5,2,1,8.0,2.0,95585,M,4898830.0,239040.0,95
201000054745,10,4,23,1515,1,2,1,1.0,7.0,95680,M,4900040.0,241540.0,95
201000054746,10,1,17,2255,5,2,2,1.0,3.0,95585,M,4897520.0,237630.0,95
201000054747,10,4,2,1000,1,2,3,2.0,3.0,95585,M,4899990.0,237710.0,95
201000054748,10,3,9,840,1,2,1,1.0,6.0,95585,M,4900580.0,237240.0,95
201000054749,10,6,4,1845,1,2,1,1.0,5.0,95585,M,4897740.0,237250.0,95
201000054750,10,5,20,825,1,2,3,1.0,3.0,95585,M,4899320.0,237710.0,95
201000054751,10,5,31,1740,1,2,3,1.0,6.0,95585,M,4897510.0,238270.0,95
201000054752,10,3,18,1915,5,2,1,1.0,6.0,95585,M,4898120.0,237490.0,95
201000054753,10,5,27,2005,1,2,1,1.0,6.0,95585,M,4899480.0,238060.0,95
201000054754,10,7,5,1640,1,2,1,1.0,6.0,95585,M,4899430.0,237850.0,95
201000054755,10,6,23,1535,1,2,1,1.0,3.0,95585,M,4897730.0,237310.0,95
201000054756,10,5,17,1435,1,2,1,1.0,6.0,95585,M,4897830.0,237630.0,95
201000054757,10,5,14,2330,5,1,5,1.0,3.0,95539,M,4899590.0,235110.0,95
201000054758,10,8,10,2010,1,2,1,2.0,3.0,95585,M,4898730.0,237950.0,95
201000054759,10,8,20,1705,1,2,1,1.0,6.0,95585,M,4897510.0,237540.0,95
201000054760,10,7,23,1950,1,2,3,1.0,3.0,95680,M,4899960.0,241230.0,95
201000054761,10,8,2,1045,1,2,1,1.0,2.0,95585,M,4898270.0,237910.0,95
201000054762,10,8,28,1840,1,2,1,1.0,3.0,95585,M,4898110.0,237470.0,95
201000054763,10,9,10,2045,5,2,1,1.0,6.0,95585,M,4898880.0,236860.0,95
201000054764,10,9,14,2220,5,2,3,1.0,1.0,95585,M,4897290.0,237590.0,95
201000054765,10,10,16,610,2,1,1,2.0,1.0,95585,M,4898160.0,236980.0,95
201000054766,10,9,21,2045,5,2,1,1.0,6.0,95680,M,4900630.0,239890.0,95
201000054767,10,9,23,505,3,1,1,1.0,2.0,95539,M,4900370.0,235830.0,95
201000054768,10,11,18,1300,1,2,1,1.0,6.0,95585,M,4897440.0,238240.0,95
201000054769,10,6,29,1755,1,2,3,1.0,6.0,95585,M,4897970.0,237680.0,95
201000054770,10,10,15,1050,1,1,1,1.0,4.0,95539,M,4900670.0,235310.0,95
201000054771,10,10,11,905,1,2,2,7.0,3.0,95539,M,4899600.0,235070.0,95
201000054772,10,12,13,2330,3,2,1,1.0,6.0,95680,M,4900370.0,238390.0,95
201000054773,10,11,3,1815,2,2,1,1.0,6.0,95585,M,4899260.0,237590.0,95
201000054774,10,1,8,1645,1,2,9,8.0,3.0,95607,M,4902060.0,222160.0,95
201000054775,10,1,25,900,1,2,1,8.0,2.0,95051,M,4901260.0,218730.0,95
201000054776,10,2,8,1615,1,2,6,1.0,3.0,95051,M,4900980.0,219980.0,95
201000054777,10,2,10,1105,1,2,1,4.0,1.0,95607,M,4902670.0,219110.0,95
201000054778,10,2,12,810,1,2,1,4.0,2.0,95607,M,4902470.0,221760.0,95
201000054779,10,2,25,1145,1,2,1,2.0,6.0,95607,M,4902260.0,218940.0,95
201000054780,10,3,6,2015,5,2,1,1.0,6.0,95607,M,4902320.0,221690.0,95
201000054781,10,3,8,1930,5,2,1,1.0,2.0,95607,M,4903020.0,221210.0,95
201000054782,10,3,27,1630,1,2,1,2.0,6.0,95563,M,4901340.0,223070.0,95
201000054783,10,3,24,845,1,2,1,1.0,6.0,95563,M,4901440.0,223160.0,95
201000054784,10,3,29,815,1,2,1,1.0,6.0,95607,M,4902660.0,221220.0,95
201000054785,10,4,9,1845,1,2,1,1.0,1.0,95051,M,4901990.0,220260.0,95
201000054786,10,4,23,1020,1,2,1,1.0,2.0,95563,M,4901430.0,225040.0,95
201000054787,10,5,11,835,1,2,1,3.0,4.0,95563,M,4900800.0,224190.0,95
201000054788,10,5,17,1805,1,2,1,1.0,6.0,95607,M,4901450.0,222290.0,95
201000054789,10,5,23,630,1,2,1,1.0,6.0,95060,M,4903410.0,220150.0,95
201000054790,10,5,25,1250,1,2,1,1.0,6.0,95607,M,4901480.0,221310.0,95
201000054791,10,6,8,1730,1,2,1,1.0,2.0,95060,M,4903290.0,221590.0,95
201000054792,10,6,10,2300,5,2,1,1.0,4.0,95563,M,4901610.0,224330.0,95
201000054793,10,6,15,1125,1,2,3,1.0,6.0,95563,M,4901890.0,224350.0,95
201000054794,10,6,23,1955,1,2,3,1.0,3.0,95563,M,4901790.0,224510.0,95
201000054795,10,6,28,1100,1,2,9,1.0,6.0,95607,M,4902770.0,221520.0,95
201000054796,10,6,28,1520,1,2,1,1.0,6.0,95607,M,4901150.0,220940.0,95
201000054797,10,6,29,1255,1,2,1,1.0,4.0,95051,M,4900810.0,219810.0,95
201000054798,10,7,18,1625,1,2,1,1.0,3.0,95607,M,4902130.0,221610.0,95
201000054799,10,7,21,845,1,2,1,1.0,2.0,95607,M,4901750.0,221990.0,95
201000054800,10,7,24,1315,1,2,3,1.0,1.0,95563,M,4902790.0,224910.0,95
201000054801,10,8,9,1745,1,2,2,1.0,3.0,95607,M,4901710.0,222810.0,95
201000054802,10,8,10,200,5,2,2,1.0,3.0,95060,M,4904040.0,220940.0,95
201000054803,10,8,14,810,1,2,1,2.0,6.0,95563,M,4901780.0,224560.0,95
201000054804,10,8,18,2010,2,2,3,1.0,3.0,95051,M,4901280.0,218650.0,95
201000054805,10,8,27,835,1,2,1,2.0,6.0,95563,M,4901210.0,223990.0,95
201000054806,10,9,5,1910,1,2,1,1.0,3.0,95607,M,4901030.0,220930.0,95
201000054807,10,9,14,1735,1,2,1,1.0,6.0,95607,M,4902710.0,222350.0,95
201000054808,10,9,20,1805,1,2,1,1.0,3.0,95607,M,4901120.0,221440.0,95
201000054809,10,9,28,1450,1,2,1,1.0,6.0,95051,M,4900580.0,220780.0,95
201000054810,10,9,30,1725,1,2,2,1.0,3.0,95051,M,4901680.0,218960.0,95
201000054811,10,10,6,1105,1,2,1,1.0,2.0,95051,M,4901330.0,219910.0,95
201000054812,10,10,14,1310,1,2,1,1.0,1.0,95607,M,4901860.0,222900.0,95
201000054813,10,10,14,740,1,2,1,1.0,6.0,95563,M,4901520.0,224950.0,95
201000054814,10,10,18,1700,1,2,1,1.0,6.0,95563,M,4901550.0,225240.0,95
201000054815,10,11,7,1925,5,2,1,2.0,3.0,95607,M,4901580.0,220870.0,95
201000054816,10,10,27,1710,1,2,1,1.0,6.0,95607,M,4902180.0,222010.0,95
201000054817,10,11,12,1150,1,2,1,1.0,5.0,95607,M,4902430.0,222610.0,95
201000054818,10,12,5,10,5,2,2,1.0,1.0,95051,M,4900890.0,219880.0,95
201000054819,10,12,3,2020,5,2,1,2.0,6.0,95060,M,4903640.0,220990.0,95
201000054820,10,12,21,935,1,2,3,5.0,3.0,95060,M,4903380.0,220090.0,95
201000054821,10,1,14,1450,1,2,1,9.0,2.0,20004,M,,,201
201000054822,10,1,25,757,1,2,3,1.0,3.0,20004,M,,,201
201000054823,10,1,28,1335,1,2,3,1.0,3.0,20004,M,,,201
201000054824,10,2,10,608,5,2,1,2.0,3.0,20004,M,,,201
201000054825,10,2,16,705,2,2,1,1.0,6.0,20004,M,,,201
201000054826,10,2,20,315,5,2,1,6.0,6.0,20004,M,,,201
201000054827,10,2,20,1416,1,2,1,1.0,3.0,20004,M,,,201
201000054828,10,3,6,650,1,2,1,1.0,6.0,20004,M,,,201
201000054829,10,3,7,1135,1,2,1,1.0,6.0,20004,M,,,201
201000054830,10,3,12,1658,1,2,1,1.0,6.0,20004,M,,,201
201000054831,10,3,16,955,1,2,1,1.0,2.0,20004,M,,,201
201000054832,10,3,16,1212,1,2,1,1.0,6.0,20004,M,,,201
201000054833,10,3,17,1545,1,2,1,1.0,6.0,20004,M,,,201
201000054834,10,3,21,2205,5,2,1,2.0,2.0,20004,M,,,201
201000054835,10,3,23,1930,3,1,1,1.0,2.0,20004,M,,,201
201000054836,10,3,27,1231,1,2,1,1.0,2.0,20004,M,,,201
201000054837,10,4,1,1310,1,2,4,1.0,3.0,20004,M,,,201