Num_Acc,an,mois,jour,hrmn,lum,agg,int,atm,col,com,gps,lat,long,dep
201000054838,10,4,2,2248,5,1,6,1.0,3.0,20004,M,,,201
201000054839,10,4,6,1340,1,2,1,1.0,3.0,20004,M,,,201
201000054840,10,4,4,115,4,2,1,1.0,3.0,20004,M,,,201
201000054841,10,4,9,1030,1,2,1,9.0,6.0,20004,M,,,201
201000054842,10,4,13,1555,1,2,3,1.0,6.0,20004,M,,,201
201000054843,10,4,13,1750,1,2,1,1.0,6.0,20004,M,,,201
201000054844,10,4,14,1100,1,2,6,1.0,3.0,20004,M,,,201
201000054845,10,4,16,1407,1,2,3,1.0,3.0,20004,M,,,201
201000054846,10,4,20,1708,1,2,1,1.0,2.0,20004,M,,,201
201000054847,10,4,24,720,1,1,1,1.0,2.0,20004,M,,,201
201000054848,10,4,25,1455,1,2,3,1.0,3.0,20004,M,,,201
201000054849,10,5,2,1305,1,2,1,1.0,3.0,20004,M,,,201
201000054850,10,5,5,750,1,2,1,2.0,2.0,20004,M,,,201
201000054851,10,5,6,27,4,2,1,2.0,6.0,20004,M,,,201
201000054852,10,5,5,1800,1,1,1,1.0,3.0,20004,M,,,201
201000054853,10,5,8,2000,2,2,3,1.0,3.0,20004,M,,,201
201000054854,10,5,12,726,1,2,1,1.0,3.0,20004,M,,,201
201000054855,10,5,13,1515,1,2,1,1.0,3.0,20004,M,,,201
201000054856,10,5,13,1829,1,2,1,1.0,3.0,20004,M,,,201
201000054857,10,5,14,1640,1,2,1,1.0,6.0,20004,M,,,201
201000054858,10,5,21,1126,1,2,1,1.0,6.0,20004,M,,,201
201000054859,10,5,20,1915,1,2,1,1.0,2.0,20004,M,,,201
201000054860,10,5,23,1645,1,2,9,1.0,3.0,20004,M,,,201
201000054861,10,5,24,1450,1,2,1,1.0,3.0,20004,M,,,201
201000054862,10,5,25,1502,1,2,1,1.0,6.0,20004,M,,,201
201000054863,10,5,26,1353,1,1,1,1.0,1.0,20004,M,,,201
201000054864,10,5,27,1010,1,2,1,1.0,3.0,20004,M,,,201
201000054865,10,5,29,1710,1,2,3,1.0,3.0,20004,M,,,201
201000054866,10,6,1,1730,1,2,1,1.0,6.0,20004,M,,,201
201000054867,10,6,2,1114,1,2,1,1.0,6.0,20004,M,,,201
201000054868,10,6,12,1650,1,2,1,1.0,6.0,20004,M,,,201
201000054869,10,6,14,1053,1,2,1,1.0,6.0,20004,M,,,201
201000054870,10,6,14,1816,1,2,1,1.0,5.0,20004,M,,,201
201000054871,10,6,16,741,1,2,1,1.0,3.0,20004,M,,,201
201000054872,10,6,20,1635,1,1,1,1.0,3.0,20004,M,,,201
201000054873,10,6,24,1700,1,2,1,1.0,6.0,20004,M,,,201
201000054874,10,6,23,1940,1,2,1,1.0,6.0,20004,M,,,201
201000054875,10,6,27,215,5,2,1,1.0,6.0,20004,M,,,201
201000054876,10,7,6,1630,1,2,3,1.0,3.0,20004,M,,,201
201000054877,10,7,8,1655,1,2,1,1.0,6.0,20004,M,,,201
201000054878,10,7,8,1710,1,2,1,1.0,6.0,20004,M,,,201
201000054879,10,7,10,2205,5,2,1,1.0,6.0,20004,M,,,201
201000054880,10,7,12,1525,1,2,1,1.0,2.0,20004,M,,,201
201000054881,10,7,13,1058,1,2,1,1.0,4.0,20004,M,,,201
201000054882,10,7,14,1058,1,2,3,1.0,3.0,20004,M,,,201
201000054883,10,7,17,1750,1,2,1,1.0,2.0,20004,M,,,201
201000054884,10,7,18,1740,1,2,2,1.0,3.0,20004,M,,,201
201000054885,10,7,15,1620,1,2,1,1.0,6.0,20004,M,,,201
201000054886,10,7,23,1515,1,1,1,1.0,2.0,20004,M,,,201
201000054887,10,7,23,655,1,2,3,1.0,3.0,20004,M,,,201
201000054888,10,7,27,1104,1,2,1,1.0,2.0,20004,M,,,201
201000054889,10,7,28,1224,1,1,1,1.0,3.0,20004,M,,,201
201000054890,10,7,30,2255,5,2,2,1.0,3.0,20004,M,,,201
201000054891,10,8,5,550,2,1,1,1.0,3.0,20004,M,,,201
201000054892,10,8,4,1935,2,2,1,1.0,5.0,20004,M,,,201
201000054893,10,8,5,1755,1,2,3,1.0,1.0,20004,M,,,201
201000054894,10,8,5,2058,5,2,1,1.0,6.0,20004,M,,,201
201000054895,10,8,13,1325,1,2,1,1.0,3.0,20004,M,,,201
201000054896,10,8,14,2320,5,2,1,8.0,7.0,20004,M,,,201
201000054897,10,8,14,1810,1,2,3,1.0,3.0,20004,M,,,201
201000054898,10,8,16,1935,1,2,1,1.0,3.0,20004,M,,,201
201000054899,10,8,19,1754,1,2,3,1.0,6.0,20004,M,,,201
201000054900,10,8,22,1100,1,1,1,1.0,6.0,20004,M,,,201
201000054901,10,8,26,855,1,2,1,1.0,2.0,20004,M,,,201
201000054902,10,8,29,155,5,2,1,1.0,2.0,20004,M,,,201
201000054903,10,8,30,2205,5,2,1,1.0,2.0,20004,M,,,201
201000054904,10,9,2,1215,1,2,3,1.0,3.0,20004,M,,,201
201000054905,10,9,2,1225,1,2,1,1.0,4.0,20004,M,,,201
201000054906,10,9,2,1850,1,2,3,1.0,3.0,20004,M,,,201
201000054907,10,9,9,1456,1,2,1,1.0,3.0,20004,M,,,201
201000054908,10,9,11,2343,5,2,1,1.0,1.0,20004,M,,,201
201000054909,10,9,15,253,5,2,1,1.0,6.0,20004,M,,,201
201000054910,10,9,16,1408,1,2,6,1.0,4.0,20004,M,,,201
201000054911,10,9,17,1126,1,2,1,1.0,3.0,20004,M,,,201
201000054912,10,9,25,1630,1,2,1,1.0,2.0,20004,M,,,201
201000054913,10,9,25,2133,5,2,1,1.0,1.0,20004,M,,,201
201000054914,10,9,25,2305,5,2,3,1.0,3.0,20004,M,,,201
201000054915,10,9,27,2100,5,2,1,1.0,7.0,20004,M,,,201
201000054916,10,9,27,2200,5,1,1,1.0,3.0,20004,M,,,201
201000054917,10,9,28,1825,2,2,1,1.0,6.0,20004,M,,,201
201000054918,10,9,28,1450,1,2,1,1.0,2.0,20004,M,,,201
201000054919,10,9,28,1721,1,2,1,1.0,3.0,20004,M,,,201
201000054920,10,9,30,752,1,2,1,1.0,2.0,20004,M,,,201
201000054921,10,10,4,1555,1,2,1,1.0,3.0,20004,M,,,201
201000054922,10,10,5,1015,1,2,1,1.0,2.0,20004,M,,,201
201000054923,10,10,6,905,1,2,2,1.0,6.0,20004,M,,,201
201000054924,10,10,8,716,2,2,1,1.0,6.0,20004,M,,,201
201000054925,10,10,12,1928,5,2,1,2.0,6.0,20004,M,,,201
201000054926,10,10,15,1752,1,2,1,1.0,2.0,20004,M,,,201
201000054927,10,10,15,1950,5,2,1,1.0,6.0,20004,M,,,201
201000054928,10,10,18,1855,5,2,1,1.0,2.0,20004,M,,,201
201000054929,10,10,19,1105,1,2,1,1.0,6.0,20004,M,,,201
201000054930,10,10,23,1630,1,2,1,1.0,3.0,20004,M,,,201
201000054931,10,10,24,1505,1,2,3,1.0,6.0,20004,M,,,201
201000054932,10,10,28,1835,2,2,1,9.0,2.0,20004,M,,,201
201000054933,10,10,30,2040,5,2,2,1.0,3.0,20004,M,,,201
201000054934,10,11,5,1700,1,2,1,1.0,6.0,20004,M,,,201
201000054935,10,11,7,2304,5,2,1,1.0,6.0,20004,M,,,201
201000054936,10,11,6,1310,1,1,1,1.0,6.0,20004,M,,,201
201000054937,10,11,6,1915,4,2,1,1.0,3.0,20004,M,,,201
201000054938,10,11,4,1037,1,1,3,1.0,6.0,20004,M,,,201
201000054939,10,11,7,735,1,2,1,2.0,2.0,20004,M,,,201
201000054940,10,11,9,1425,1,1,1,1.0,3.0,20004,M,,,201
201000054941,10,11,12,730,1,2,1,1.0,6.0,20004,M,,,201
201000054942,10,11,15,2230,5,2,1,3.0,2.0,20004,M,,,201
201000054943,10,11,19,716,2,1,3,2.0,3.0,20004,M,,,201
201000054944,10,11,19,2300,5,2,1,1.0,3.0,20004,M,,,201
201000054945,10,11,22,806,1,2,1,2.0,3.0,20004,M,,,201
201000054946,10,11,24,1505,1,2,1,1.0,6.0,20004,M,,,201
201000054947,10,11,27,2117,5,2,1,1.0,6.0,20004,M,,,201
201000054948,10,11,29,1220,1,2,1,8.0,5.0,20004,M,,,201
201000054949,10,12,1,945,1,2,3,1.0,6.0,20004,M,,,201
201000054950,10,12,1,1202,1,2,1,2.0,1.0,20004,M,,,201
201000054951,10,12,6,1843,2,2,1,1.0,6.0,20004,M,,,201
201000054952,10,12,7,615,3,2,6,9.0,3.0,20004,M,,,201
201000054953,10,12,8,1943,5,2,3,1.0,3.0,20004,M,,,201
201000054954,10,12,8,1419,1,2,1,1.0,2.0,20004,M,,,201
201000054955,10,12,8,1710,4,2,1,1.0,1.0,20004,M,,,201
201000054956,10,12,11,1736,5,1,4,1.0,1.0,20004,M,,,201
201000054957,10,12,11,2017,5,2,2,1.0,3.0,20004,M,,,201
201000054958,10,12,12,450,5,2,3,1.0,3.0,20004,M,,,201
201000054959,10,12,17,2100,3,2,1,9.0,1.0,20004,M,,,201
201000054960,10,12,18,1435,1,2,1,1.0,2.0,20004,M,,,201
201000054961,10,12,19,1809,5,2,3,2.0,3.0,20004,M,,,201
201000054962,10,12,21,1700,2,2,1,1.0,7.0,20004,M,,,201
201000054963,10,12,22,1615,1,2,1,1.0,4.0,20004,M,,,201
201000054964,10,12,23,1810,5,2,1,2.0,6.0,20004,M,,,201
201000054965,10,12,23,2155,5,2,2,3.0,3.0,20004,M,,,201
201000054966,10,12,27,2310,5,1,6,1.0,3.0,20004,M,,,201
201000054967,10,12,31,1050,1,2,1,1.0,2.0,20004,M,,,201
201000054968,10,12,31,1740,5,1,1,1.0,3.0,20004,M,,,201
201000054969,10,1,5,1300,1,2,1,1.0,6.0,69381,M,,,69
201000054970,10,1,7,830,1,2,1,4.0,2.0,69381,M,,,69
201000054971,10,1,9,1445,1,2,1,4.0,6.0,69381,M,,,69
201000054972,10,1,20,815,1,2,3,1.0,6.0,69381,M,,,69
201000054973,10,1,23,2115,5,2,3,1.0,3.0,69381,M,,,69
201000054974,10,2,17,1420,1,2,1,1.0,6.0,69381,M,,,69
201000054975,10,2,23,1650,1,2,2,1.0,6.0,69381,M,,,69
201000054976,10,4,4,1540,1,2,1,1.0,1.0,69381,M,,,69
201000054977,10,4,15,300,5,2,5,1.0,6.0,69381,M,,,69
201000054978,10,4,20,2330,5,2,4,1.0,6.0,69381,M,,,69
201000054979,10,4,29,1250,1,2,2,1.0,6.0,69381,M,,,69
201000054980,10,4,23,2340,5,2,3,1.0,1.0,69381,M,,,69
201000054981,10,6,5,600,1,2,1,1.0,4.0,69381,M,,,69
201000054982,10,6,13,1830,1,2,1,1.0,4.0,69381,M,,,69
201000054983,10,6,22,1,5,2,1,1.0,6.0,69381,M,,,69
201000054984,10,7,31,240,5,2,1,1.0,6.0,69381,M,,,69
201000054985,10,8,7,310,5,2,1,1.0,6.0,69381,M,,,69
201000054986,10,8,27,402,5,2,1,1.0,6.0,69381,M,,,69
201000054987,10,9,11,1710,1,2,1,1.0,6.0,69381,M,,,69
201000054988,10,9,10,1400,1,2,4,1.0,6.0,69381,M,,,69
201000054989,10,9,28,830,1,2,1,1.0,2.0,69381,M,,,69
201000054990,10,10,2,1730,1,2,1,1.0,6.0,69381,M,,,69
201000054991,10,10,10,655,5,2,2,1.0,3.0,69381,M,,,69
201000054992,10,10,16,1525,1,2,1,1.0,6.0,69381,M,,,69
201000054993,10,10,29,130,5,2,1,9.0,6.0,69381,M,,,69
201000054994,10,11,7,507,5,2,1,1.0,6.0,69381,M,,,69
201000054995,10,11,15,1535,1,2,1,2.0,6.0,69381,M,,,69
201000054996,10,11,20,1855,5,2,3,2.0,3.0,69381,M,,,69
201000054997,10,12,20,1705,5,2,1,1.0,6.0,69381,M,4577250.0,483306.0,69
201000054998,10,1,3,1840,3,1,1,1.0,4.0,77294,M,,,77
201000054999,10,1,4,2050,5,1,1,1.0,3.0,94017,M,4882940.0,248181.0,94
201000055000,10,1,5,550,3,1,1,1.0,7.0,77121,M,,,77
201000055001,10,1,7,1715,3,1,1,1.0,2.0,77146,M,,,77
201000055002,10,1,8,30,5,1,1,4.0,7.0,94074,M,4876590.0,245702.0,94
201000055003,10,1,8,2320,5,1,1,8.0,7.0,94073,M,4877010.0,238136.0,94
201000055004,10,1,17,510,3,1,1,1.0,2.0,77237,M,,,77
201000055005,10,1,10,5,3,1,1,4.0,2.0,77249,M,,,77
201000055006,10,1,10,206,3,1,1,4.0,5.0,77249,M,,,77
201000055007,10,1,10,859,1,1,1,8.0,2.0,77249,M,,,77
201000055008,10,1,12,1945,5,1,1,2.0,7.0,94069,M,4881660.0,245043.0,94
201000055009,10,1,14,900,1,1,1,1.0,2.0,77237,M,,,77
201000055010,10,1,14,1145,1,1,1,1.0,6.0,77450,M,,,77
201000055011,10,1,14,2230,4,1,1,1.0,3.0,93051,M,4883540.0,256843.0,93
201000055012,10,1,15,2345,3,1,1,1.0,6.0,77249,M,,,77
201000055013,10,1,16,600,5,1,1,1.0,2.0,94028,M,4879890.0,244551.0,94
201000055014,10,1,16,1735,1,1,1,3.0,3.0,94042,M,4882810.0,247346.0,94
201000055015,10,1,20,550,5,1,1,2.0,3.0,94073,M,4877010.0,238135.0,94
201000055016,10,1,20,750,3,1,1,1.0,7.0,77450,M,,,77
201000055017,10,1,20,815,1,1,1,2.0,3.0,94028,M,4877730.0,244178.0,94
201000055018,10,1,20,1800,3,1,1,2.0,1.0,77373,M,,,77
201000055019,10,1,20,1845,5,1,1,2.0,3.0,77258,M,,,77
201000055020,10,1,21,1700,1,1,1,1.0,2.0,94069,M,4881750.0,242082.0,94
201000055021,10,1,22,730,5,1,1,1.0,3.0,77337,M,,,77
201000055022,10,1,22,730,3,1,1,8.0,2.0,93051,M,,,93
201000055023,10,1,23,1250,1,1,1,2.0,2.0,77363,M,,,77
201000055024,10,1,23,1900,5,1,1,2.0,2.0,94033,M,4885030.0,249022.0,94
201000055025,10,1,25,1610,1,1,1,1.0,3.0,94018,M,4882480.0,239301.0,94
201000055026,10,1,26,2010,3,1,1,1.0,7.0,94017,M,4883020.0,248935.0,94
201000055027,10,1,27,1230,1,1,1,1.0,6.0,94069,M,4881760.0,243821.0,94
201000055028,10,1,30,2320,5,1,1,1.0,2.0,94018,M,4882120.0,239929.0,94
201000055029,10,1,31,1820,2,1,1,1.0,6.0,77018,M,,,77
201000055030,10,2,2,1230,1,1,1,2.0,7.0,94017,M,4882860.0,250194.0,94
201000055031,10,2,3,850,1,1,1,1.0,3.0,77181,M,,,77
201000055032,10,2,4,745,2,1,1,1.0,2.0,94028,M,4879120.0,244096.0,94
201000055033,10,2,4,805,1,1,1,1.0,7.0,94022,M,4877660.0,241871.0,94
201000055034,10,2,4,1800,1,1,1,1.0,3.0,77296,M,,,77
201000055035,10,2,5,1040,1,1,1,1.0,2.0,77514,M,,,77
201000055036,10,2,6,930,1,1,1,2.0,6.0,77468,M,,,77
201000055037,10,2,6,1050,1,1,1,2.0,3.0,94073,M,4877000.0,238146.0,94
201000055038,10,2,7,1230,1,1,1,1.0,3.0,94052,M,4882640.0,246617.0,94
201000055039,10,2,10,1430,1,1,1,4.0,4.0,94033,M,4884830.0,249093.0,94
201000055040,10,2,10,1500,1,1,1,4.0,2.0,77249,M,,,77
201000055041,10,2,11,1430,1,1,1,4.0,2.0,94017,M,4882970.0,248406.0,94
201000055042,10,2,13,345,5,1,1,1.0,6.0,75112,M,,,75
201000055043,10,2,14,920,1,1,1,1.0,7.0,94017,M,4882690.0,252338.0,94
201000055044,10,2,14,1840,5,1,1,1.0,7.0,77121,M,,,77
201000055045,10,2,16,1130,1,1,1,1.0,2.0,94052,M,4882640.0,246626.0,94
201000055046,10,2,20,825,1,1,1,4.0,7.0,77169,M,,,77
201000055047,10,2,23,1640,1,1,1,2.0,7.0,77468,M,,,77
201000055048,10,2,23,2030,3,1,1,1.0,6.0,77146,M,,,77
201000055049,10,2,25,2145,4,1,1,1.0,3.0,94022,M,4877640.0,241543.0,94
201000055050,10,2,27,430,5,1,1,1.0,6.0,75112,M,,,75
201000055051,10,2,27,1130,1,1,1,1.0,3.0,94065,M,4875380.0,236860.0,94
201000055052,10,2,27,1230,1,1,1,1.0,7.0,77468,M,,,77
201000055053,10,3,1,1030,1,1,1,1.0,3.0,75112,M,,,75
201000055054,10,3,2,850,1,1,1,1.0,5.0,93051,M,4883560.0,256580.0,93
201000055055,10,3,2,900,1,1,1,1.0,3.0,94017,M,4883040.0,249476.0,94
201000055056,10,3,5,520,3,1,1,1.0,6.0,77181,M,,,77
201000055057,10,3,5,1515,1,1,1,1.0,3.0,94073,M,4876480.0,237996.0,94
201000055058,10,3,5,1745,1,1,1,1.0,7.0,94044,M,4875820.0,247064.0,94
201000055059,10,3,6,1045,1,1,1,1.0,3.0,94052,M,4882640.0,246635.0,94
201000055060,10,3,7,630,3,1,1,1.0,2.0,77372,M,,,77
201000055061,10,3,7,1250,1,1,1,1.0,4.0,94033,M,4885260.0,249016.0,94
201000055062,10,3,8,1500,1,1,1,1.0,6.0,77249,M,,,77
201000055063,10,3,9,830,1,1,1,1.0,4.0,77258,M,,,77
201000055064,10,3,10,1630,1,1,1,1.0,4.0,94073,M,4875360.0,237454.0,94
201000055065,10,3,11,750,1,1,1,1.0,2.0,93051,M,4883550.0,256846.0,93
201000055066,10,3,11,1805,1,1,1,1.0,5.0,94028,M,4879860.0,244522.0,94
201000055067,10,3,11,1915,5,1,1,1.0,4.0,94018,M,4881890.0,240744.0,94
201000055068,10,3,12,815,1,1,1,1.0,5.0,93051,M,4883560.0,256713.0,93
201000055069,10,3,13,2030,3,1,1,1.0,6.0,77122,M,,,77
201000055070,10,3,14,1934,5,1,1,1.0,3.0,94028,M,4879980.0,244623.0,94
201000055071,10,3,14,2115,5,1,1,1.0,5.0,94022,M,4877670.0,241737.0,94
201000055072,10,3,15,825,1,1,1,1.0,5.0,77083,M,,,77
201000055073,10,3,16,505,3,1,1,1.0,2.0,77363,M,,,77
201000055074,10,3,16,740,1,1,1,1.0,3.0,77249,M,,,77
201000055075,10,3,16,930,1,1,1,1.0,2.0,94033,M,4885250.0,249017.0,94
201000055076,10,3,17,810,1,1,1,1.0,7.0,94069,M,4881660.0,245221.0,94
201000055077,10,3,17,2100,3,1,1,1.0,6.0,77237,M,,,77
201000055078,10,3,17,1300,1,1,1,1.0,2.0,94042,M,4882810.0,247361.0,94
201000055079,10,3,19,1200,1,1,1,1.0,7.0,94042,M,4882770.0,247038.0,94
201000055080,10,3,21,250,3,1,1,2.0,6.0,77363,M,,,77
201000055081,10,3,25,900,1,1,1,1.0,5.0,77514,M,,,77
201000055082,10,3,28,1300,1,1,1,2.0,4.0,94042,M,4882740.0,246947.0,94
201000055083,10,3,28,1650,1,1,1,1.0,6.0,77468,M,,,77
201000055084,10,3,29,930,1,1,1,1.0,5.0,94073,M,4875350.0,237897.0,94
201000055085,10,3,29,2050,3,1,1,1.0,6.0,77438,M,,,77
201000055086,10,3,30,745,2,1,1,2.0,7.0,94044,M,4875720.0,247168.0,94
201000055087,10,4,1,1855,1,1,1,1.0,2.0,77146,M,,,77
201000055088,10,4,2,1800,1,1,1,2.0,3.0,77294,M,,,77
201000055089,10,4,2,1745,1,1,1,2.0,6.0,94073,M,4876390.0,238043.0,94
201000055090,10,4,2,1950,1,1,1,2.0,2.0,77294,M,,,77
201000055091,10,4,3,1845,1,1,1,1.0,4.0,94069,M,4881670.0,244726.0,94
201000055092,10,4,4,1030,1,1,1,2.0,7.0,77121,M,,,77
201000055093,10,4,6,1210,1,1,1,1.0,2.0,94015,M,4882740.0,252500.0,94
201000055094,10,4,6,1915,1,1,1,1.0,5.0,75112,M,,,75
201000055095,10,4,8,600,3,1,1,2.0,7.0,77249,M,,,77
201000055096,10,4,8,600,3,1,1,8.0,5.0,77121,M,,,77
201000055097,10,4,8,830,1,1,1,2.0,3.0,94018,M,4882460.0,239362.0,94
201000055098,10,4,8,1515,1,1,1,1.0,7.0,94028,M,4877640.0,243491.0,94
201000055099,10,4,10,1850,1,1,1,1.0,2.0,77169,M,,,77
201000055100,10,4,10,1810,1,1,1,1.0,2.0,94052,M,4882640.0,246630.0,94
201000055101,10,4,11,1730,1,1,1,1.0,6.0,77083,M,,,77
201000055102,10,4,12,1630,1,1,1,1.0,7.0,94065,M,4875370.0,235666.0,94
201000055103,10,4,13,1830,1,1,1,1.0,3.0,77237,M,,,77
201000055104,10,4,16,1740,1,1,1,1.0,3.0,94065,M,4875390.0,235223.0,94
201000055105,10,4,17,1840,1,1,1,1.0,7.0,94028,M,4879090.0,244050.0,94
201000055106,10,4,18,1210,1,1,1,1.0,3.0,77363,M,,,77
201000055107,10,4,18,1400,1,1,1,1.0,7.0,77363,M,,,77
201000055108,10,4,18,1600,1,1,1,1.0,7.0,94073,M,4875650.0,238353.0,94
201000055109,10,4,18,1830,1,1,1,1.0,2.0,77258,M,,,77
201000055110,10,4,18,2342,3,1,1,1.0,6.0,77258,M,,,77
201000055111,10,4,26,640,2,1,1,1.0,2.0,77175,M,,,77
201000055112,10,4,19,1645,1,1,1,1.0,7.0,77373,M,,,77
201000055113,10,4,20,1230,1,1,1,1.0,5.0,94033,M,4885930.0,248648.0,94
201000055114,10,4,20,1935,1,1,1,1.0,2.0,77258,M,,,77
201000055115,10,4,21,1110,1,1,1,1.0,7.0,94018,M,4882330.0,239556.0,94
201000055116,10,4,21,1345,1,1,1,1.0,5.0,94052,M,4882640.0,246624.0,94
201000055117,10,4,22,120,3,1,1,1.0,2.0,77169,M,,,77
201000055118,10,4,23,30,5,1,1,1.0,7.0,94069,M,4881730.0,244284.0,94
201000055119,10,4,23,900,1,1,1,1.0,2.0,77373,M,,,77
201000055120,10,4,24,45,5,1,1,1.0,7.0,77121,M,,,77
201000055121,10,4,25,2000,1,1,1,1.0,5.0,94065,M,4875380.0,235347.0,94
201000055122,10,4,26,820,1,1,1,1.0,3.0,94017,M,4883040.0,248997.0,94
201000055123,10,4,27,1020,1,1,1,1.0,5.0,94069,M,4881730.0,244295.0,94
201000055124,10,4,27,1210,1,1,1,1.0,2.0,94017,M,4882670.0,252357.0,94
201000055125,10,4,27,1925,1,1,1,1.0,2.0,93051,M,4883560.0,256509.0,93
201000055126,10,4,29,1700,1,1,1,1.0,3.0,94028,M,4878640.0,244034.0,94
201000055127,10,4,29,1800,1,1,1,1.0,3.0,94073,M,4877310.0,239989.0,94
201000055128,10,5,3,1140,1,1,1,1.0,3.0,75112,M,,,75
201000055129,10,5,4,1840,1,1,1,1.0,3.0,77514,M,,,77
201000055130,10,5,5,710,1,1,1,1.0,7.0,94028,M,4878060.0,244116.0,94
201000055131,10,5,6,1930,1,1,1,1.0,2.0,77122,M,,,77
201000055132,10,5,6,1950,1,1,1,1.0,2.0,94015,M,4882760.0,252539.0,94
201000055133,10,5,7,700,1,1,1,1.0,2.0,94069,M,4881730.0,244308.0,94
201000055134,10,5,7,1340,1,1,1,1.0,7.0,94079,M,4882900.0,252796.0,94
201000055135,10,5,7,2010,1,1,1,1.0,2.0,94033,M,4885610.0,248814.0,94
201000055136,10,5,9,1835,1,1,1,1.0,2.0,77181,M,,,77
201000055137,10,5,11,1515,1,1,1,2.0,5.0,94017,M,4882660.0,251591.0,94
201000055138,10,5,11,1815,1,1,1,2.0,7.0,77294,M,,,77
201000055139,10,5,11,2020,1,1,1,2.0,7.0,94028,M,4879160.0,244066.0,94
201000055140,10,5,12,815,1,1,1,1.0,4.0,93051,M,4883560.0,256713.0,93
201000055141,10,5,12,1800,1,1,1,1.0,2.0,94069,M,4881740.0,243515.0,94
201000055142,10,5,12,1830,1,1,1,1.0,3.0,94028,M,4879790.0,244460.0,94
201000055143,10,5,15,1735,1,1,1,1.0,5.0,75112,M,,,75
201000055144,10,5,17,1325,1,1,1,1.0,3.0,77294,M,,,77
201000055145,10,5,17,1915,1,1,1,1.0,3.0,94042,M,4882850.0,247635.0,94
201000055146,10,5,18,1800,1,1,1,1.0,3.0,94028,M,4880330.0,244842.0,94
201000055147,10,5,19,1830,1,1,1,1.0,5.0,94065,M,4875460.0,234762.0,94
201000055148,10,5,21,920,1,1,1,1.0,3.0,93051,M,4883590.0,256049.0,93
201000055149,10,5,25,1800,1,1,1,1.0,3.0,94052,M,4884170.0,249271.0,94
201000055150,10,5,27,1830,1,1,1,1.0,4.0,94017,M,4882730.0,252481.0,94
201000055151,10,5,28,1330,1,1,1,1.0,5.0,77337,M,,,77
201000055152,10,5,28,2345,3,1,1,1.0,2.0,77384,M,,,77
201000055153,10,5,30,1150,1,1,1,2.0,2.0,77373,M,,,77
201000055154,10,5,30,1440,1,1,1,1.0,5.0,94017,M,4882660.0,251589.0,94
201000055155,10,5,31,700,1,1,1,1.0,5.0,94028,M,4879160.0,244106.0,94
201000055156,10,5,31,1520,1,1,1,1.0,2.0,94044,M,4875860.0,247026.0,94
201000055157,10,5,31,1635,1,1,1,1.0,5.0,94028,M,4877620.0,243231.0,94
201000055158,10,6,1,1120,1,1,1,1.0,4.0,77122,M,,,77
201000055159,10,6,2,2040,1,1,1,1.0,7.0,94069,M,4881760.0,243808.0,94
201000055160,10,6,2,2205,5,1,1,1.0,3.0,94069,M,4881730.0,242768.0,94
201000055161,10,6,3,1615,1,1,1,1.0,7.0,94079,M,4882880.0,252768.0,94
201000055162,10,6,4,600,2,1,1,1.0,2.0,94052,M,4883360.0,249290.0,94
201000055163,10,6,4,1030,1,1,1,1.0,2.0,77294,M,,,77
201000055164,10,6,4,1500,1,1,1,1.0,7.0,94018,M,4882540.0,239256.0,94
201000055165,10,6,4,1815,1,1,1,1.0,5.0,94052,M,4883350.0,249290.0,94
201000055166,10,6,5,830,1,1,1,1.0,2.0,77296,M,,,77
201000055167,10,6,7,1815,1,1,1,1.0,3.0,77450,M,,,77
201000055168,10,6,8,1600,1,1,1,1.0,3.0,94028,M,4879800.0,244468.0,94
201000055169,10,6,9,800,1,1,1,1.0,3.0,94022,M,4877610.0,241462.0,94
201000055170,10,6,9,1815,1,1,1,2.0,6.0,77517,M,,,77
201000055171,10,6,11,820,1,1,1,1.0,3.0,77450,M,,,77
201000055172,10,6,11,1100,1,1,1,1.0,3.0,77294,M,,,77
201000055173,10,6,11,1700,1,1,1,1.0,3.0,94033,M,4885250.0,249018.0,94
201000055174,10,6,12,700,2,1,1,3.0,1.0,94073,M,4876180.0,238209.0,94
201000055175,10,6,14,1500,1,1,1,3.0,3.0,77373,M,,,77
201000055176,10,6,15,1750,1,1,1,1.0,4.0,94018,M,4882490.0,239314.0,94
201000055177,10,6,15,1900,1,1,1,1.0,6.0,77438,M,,,77
201000055178,10,6,16,750,1,1,1,1.0,3.0,94046,M,4880900.0,244900.0,94
201000055179,10,6,16,1215,1,1,1,1.0,7.0,94017,M,4882860.0,250195.0,94
201000055180,10,6,16,1215,1,1,1,1.0,3.0,94022,M,4877630.0,242430.0,94
201000055181,10,6,17,1800,1,1,1,1.0,3.0,94017,M,4882650.0,252102.0,94
201000055182,10,6,17,2000,1,1,1,1.0,3.0,94022,M,4877660.0,241886.0,94
201000055183,10,6,18,1650,1,1,1,1.0,4.0,94017,M,4882940.0,248196.0,94
201000055184,10,6,19,1400,1,1,1,1.0,7.0,94074,M,4876550.0,245855.0,94
201000055185,10,6,19,1645,1,1,1,1.0,2.0,94046,M,4880990.0,244903.0,94
201000055186,10,6,19,2000,1,1,1,1.0,2.0,94015,M,4882760.0,252547.0,94