Num_Acc,an,mois,jour,hrmn,lum,agg,int,atm,col,com,gps,lat,long,dep
201000055187,10,6,20,515,2,1,1,1.0,7.0,94018,M,4881750.0,241661.0,94
201000055188,10,6,20,1800,1,1,1,1.0,3.0,94017,M,4883020.0,248747.0,94
201000055189,10,6,22,920,1,1,1,1.0,3.0,77121,M,,,77
201000055190,10,6,22,1710,1,1,1,1.0,4.0,94065,M,4875390.0,235308.0,94
201000055191,10,6,23,720,1,1,1,1.0,3.0,93051,M,4883460.0,258441.0,93
201000055192,10,6,23,1755,1,1,1,1.0,3.0,94017,M,4882760.0,250734.0,94
201000055193,10,6,25,1800,1,1,1,1.0,2.0,77146,M,,,77
201000055194,10,6,26,1605,1,1,1,1.0,3.0,94028,M,4879750.0,244401.0,94
201000055195,10,6,28,1645,1,1,1,1.0,6.0,77249,M,,,77
201000055196,10,6,28,2045,1,1,1,2.0,5.0,93051,M,4883540.0,256843.0,93
201000055197,10,6,29,1800,1,1,1,1.0,2.0,94028,M,4879290.0,244108.0,94
201000055198,10,6,30,1840,1,1,1,1.0,5.0,94046,M,4880910.0,244900.0,94
201000055199,10,6,28,1930,1,1,1,1.0,2.0,77258,M,,,77
201000055200,10,7,1,1330,1,1,1,1.0,3.0,94022,M,4877670.0,241754.0,94
201000055201,10,7,2,640,1,1,1,1.0,2.0,77337,M,,,77
201000055202,10,7,2,830,1,1,1,1.0,5.0,77373,M,,,77
201000055203,10,7,5,415,3,1,1,1.0,6.0,77053,M,,,77
201000055204,10,7,5,1530,1,1,1,1.0,3.0,77517,M,,,77
201000055205,10,7,6,20,3,1,1,1.0,2.0,77294,M,,,77
201000055206,10,7,6,1610,1,1,1,1.0,5.0,94073,M,4877230.0,239613.0,94
201000055207,10,7,7,1730,1,1,1,1.0,3.0,94028,M,4879570.0,244294.0,94
201000055208,10,7,6,1815,1,1,1,1.0,3.0,77373,M,,,77
201000055209,10,7,6,2000,1,1,1,1.0,7.0,94011,M,4876080.0,248999.0,94
201000055210,10,7,7,5,5,1,1,1.0,2.0,77169,M,,,77
201000055211,10,7,7,800,1,1,1,1.0,2.0,94022,M,4877670.0,241754.0,94
201000055212,10,7,7,1500,1,1,1,1.0,3.0,94081,M,4877400.0,240504.0,94
201000055213,10,7,8,1930,1,1,1,1.0,2.0,94069,M,4881720.0,244183.0,94
201000055214,10,7,9,850,1,1,1,1.0,7.0,94028,M,4877140.0,244729.0,94
201000055215,10,7,9,1645,1,1,1,1.0,2.0,77122,M,,,77
201000055216,10,7,10,1415,1,1,1,1.0,7.0,94073,M,4876650.0,237882.0,94
201000055217,10,7,10,1600,1,1,1,2.0,3.0,94011,M,4875880.0,248229.0,94
201000055218,10,7,11,1430,1,1,1,1.0,5.0,77146,M,,,77
201000055219,10,7,13,1310,1,1,1,1.0,6.0,77083,M,,,77
201000055220,10,7,14,1900,1,1,1,1.0,7.0,94046,M,4880540.0,244854.0,94
201000055221,10,7,15,1730,1,1,1,1.0,3.0,77372,M,,,77
201000055222,10,7,16,900,1,1,1,1.0,5.0,94017,M,4882640.0,251810.0,94
201000055223,10,7,16,1550,1,1,1,1.0,5.0,94081,M,4877440.0,241030.0,94
201000055224,10,7,17,540,2,1,1,1.0,6.0,77237,M,,,77
201000055225,10,7,19,1930,1,1,1,1.0,3.0,77121,M,,,77
201000055226,10,7,24,1115,1,1,1,1.0,5.0,94017,M,4883080.0,249089.0,94
201000055227,10,7,26,135,5,1,1,1.0,2.0,94018,M,4882550.0,239216.0,94
201000055228,10,7,26,630,1,1,1,1.0,3.0,94073,M,4875380.0,236992.0,94
201000055229,10,7,28,820,1,1,1,1.0,7.0,94028,M,4878880.0,244021.0,94
201000055230,10,7,28,1750,1,1,1,1.0,3.0,94028,M,4878880.0,244048.0,94
201000055231,10,7,28,1850,1,1,1,1.0,5.0,94042,M,4882840.0,247428.0,94
201000055232,10,7,29,910,1,1,1,1.0,2.0,94018,M,4882050.0,240200.0,94
201000055233,10,7,30,1830,1,1,1,1.0,3.0,94073,M,4875570.0,238301.0,94
201000055234,10,7,31,2330,5,1,1,1.0,3.0,94046,M,4880990.0,244885.0,94
201000055235,10,8,1,14,5,1,1,1.0,2.0,94018,M,4882220.0,239703.0,94
201000055236,10,8,3,235,3,1,1,1.0,2.0,77181,M,,,77
201000055237,10,8,7,540,2,1,1,1.0,2.0,94042,M,4882860.0,247620.0,94
201000055238,10,8,8,310,3,1,1,1.0,7.0,77372,M,,,77
201000055239,10,8,9,135,3,1,1,1.0,6.0,77121,M,,,77
201000055240,10,8,10,1420,1,1,1,1.0,3.0,94017,M,4883080.0,249081.0,94
201000055241,10,8,11,1305,1,1,1,2.0,7.0,94028,M,4877670.0,244163.0,94
201000055242,10,8,11,1830,1,1,1,2.0,7.0,94044,M,4875880.0,247012.0,94
201000055243,10,8,11,1900,1,1,1,2.0,6.0,77468,M,,,77
201000055244,10,8,12,20,5,1,1,2.0,3.0,94018,M,4882410.0,239395.0,94
201000055245,10,8,12,1948,1,1,1,1.0,5.0,77372,M,,,77
201000055246,10,8,13,1200,1,1,1,1.0,2.0,93051,M,,,93
201000055247,10,8,15,1515,1,1,1,3.0,7.0,94028,M,4878090.0,244082.0,94
201000055248,10,8,16,440,5,1,1,3.0,3.0,94073,M,4876900.0,237920.0,94
201000055249,10,8,16,1530,1,1,1,2.0,2.0,94081,M,4877400.0,240504.0,94
201000055250,10,8,18,1010,1,1,1,1.0,7.0,77373,M,,,77
201000055251,10,8,20,750,1,1,1,1.0,5.0,94017,M,4882940.0,248137.0,94
201000055252,10,8,20,1900,1,1,1,1.0,3.0,94028,M,4878090.0,244112.0,94
201000055253,10,8,22,615,2,1,1,1.0,7.0,94042,M,4882850.0,247625.0,94
201000055254,10,8,23,820,1,1,1,1.0,3.0,94017,M,4882690.0,252342.0,94
201000055255,10,8,26,1510,1,1,1,1.0,3.0,94017,M,4883050.0,249110.0,94
201000055256,10,8,26,2220,5,1,1,2.0,7.0,94073,M,4876900.0,237920.0,94
201000055257,10,8,27,2200,4,1,1,1.0,3.0,94017,M,4882930.0,248127.0,94
201000055258,10,8,28,2040,1,1,1,1.0,2.0,94073,M,4876100.0,238261.0,94
201000055259,10,8,31,730,1,1,1,1.0,5.0,94017,M,4883050.0,249390.0,94
201000055260,10,8,31,1800,1,1,1,1.0,5.0,77169,M,,,77
201000055261,10,9,1,1530,1,1,1,1.0,2.0,77249,M,,,77
201000055262,10,9,1,2205,3,1,1,1.0,5.0,77181,M,,,77
201000055263,10,9,8,900,1,1,1,1.0,5.0,94069,M,4881730.0,242927.0,94
201000055264,10,9,3,1600,1,1,1,1.0,2.0,77294,M,,,77
201000055265,10,9,3,1700,1,1,1,1.0,3.0,77258,M,,,77
201000055266,10,9,5,1845,1,1,1,1.0,5.0,94017,M,4882960.0,248275.0,94
201000055267,10,9,6,720,1,1,1,1.0,6.0,77373,M,,,77
201000055268,10,9,6,710,1,1,1,1.0,3.0,77294,M,,,77
201000055269,10,9,8,730,2,1,1,2.0,2.0,77258,M,,,77
201000055270,10,9,9,745,1,1,1,2.0,3.0,94073,M,4877140.0,239220.0,94
201000055271,10,9,9,1640,1,1,1,1.0,4.0,77146,M,,,77
201000055272,10,9,9,1800,1,1,1,1.0,2.0,77468,M,,,77
201000055273,10,9,9,1812,1,1,1,1.0,7.0,77449,M,,,77
201000055274,10,9,9,1900,1,1,1,1.0,2.0,77169,M,,,77
201000055275,10,9,10,630,3,1,1,1.0,6.0,77169,M,,,77
201000055276,10,9,10,1725,1,1,1,1.0,5.0,94018,M,4882550.0,239216.0,94
201000055277,10,9,11,350,3,1,1,1.0,2.0,77083,M,,,77
201000055278,10,9,11,700,5,1,1,1.0,2.0,94028,M,4878880.0,244048.0,94
201000055279,10,9,11,1915,1,1,1,1.0,7.0,77249,M,,,77
201000055280,10,9,12,1045,1,1,1,2.0,4.0,94042,M,4882690.0,246731.0,94
201000055281,10,9,12,1930,1,1,1,1.0,2.0,77449,M,,,77
201000055282,10,9,14,700,5,1,1,1.0,5.0,94017,M,4882970.0,249790.0,94
201000055283,10,9,14,1300,1,1,1,1.0,3.0,94017,M,4882980.0,248328.0,94
201000055284,10,9,14,1850,1,1,1,1.0,7.0,94073,M,4876100.0,238261.0,94
201000055285,10,9,15,740,2,1,1,2.0,4.0,94042,M,4882830.0,247448.0,94
201000055286,10,9,15,800,1,1,1,2.0,7.0,94017,M,4883080.0,248982.0,94
201000055287,10,9,15,830,1,1,1,2.0,2.0,77055,M,,,77
201000055288,10,9,16,800,1,1,1,1.0,2.0,94069,M,4881590.0,245160.0,94
201000055289,10,9,16,2230,3,1,1,1.0,2.0,77468,M,,,77
201000055290,10,9,17,100,3,1,1,1.0,6.0,93051,M,,,93
201000055291,10,9,17,1139,1,1,1,1.0,4.0,94065,M,4875370.0,236436.0,94
201000055292,10,9,17,1630,1,1,1,1.0,2.0,77169,M,,,77
201000055293,10,9,18,1545,1,1,1,1.0,3.0,94046,M,4880540.0,244854.0,94
201000055294,10,9,20,1430,1,1,1,1.0,5.0,77450,M,,,77
201000055295,10,9,20,1815,1,1,1,1.0,7.0,94018,M,4882170.0,239816.0,94
201000055296,10,9,21,800,1,1,1,1.0,7.0,94028,M,4878880.0,244021.0,94
201000055297,10,9,21,1200,1,1,1,1.0,5.0,94081,M,4877460.0,241036.0,94
201000055298,10,9,21,1745,1,1,1,1.0,2.0,77438,M,,,77
201000055299,10,9,22,845,1,1,1,1.0,3.0,77121,M,,,77
201000055300,10,9,23,2320,5,1,1,1.0,4.0,77121,M,,,77
201000055301,10,9,23,845,1,1,1,1.0,7.0,77294,M,,,77
201000055302,10,9,25,45,3,1,1,2.0,6.0,94044,M,4875880.0,247012.0,94
201000055303,10,9,25,2340,5,1,1,1.0,7.0,94046,M,4880720.0,244891.0,94
201000055304,10,9,28,1830,1,1,1,1.0,2.0,94069,M,4881720.0,242644.0,94
201000055305,10,9,29,2140,5,1,1,1.0,3.0,75112,M,,,75
201000055306,10,9,30,810,2,1,1,2.0,3.0,77373,M,,,77
201000055307,10,9,30,935,1,1,1,2.0,3.0,94028,M,4878880.0,244048.0,94
201000055308,10,9,30,1640,1,1,1,1.0,7.0,94081,M,4877410.0,240500.0,94
201000055309,10,10,1,120,5,1,1,1.0,2.0,94017,M,,,94
201000055310,10,10,1,750,1,1,1,1.0,2.0,94028,M,,,94
201000055311,10,10,9,1710,1,1,1,2.0,3.0,94073,M,,,94
201000055312,10,10,1,2000,3,1,1,3.0,3.0,77468,M,,,77
201000055313,10,10,1,2030,5,1,1,2.0,2.0,94017,M,,,94
201000055314,10,10,1,2015,5,1,1,3.0,2.0,75112,M,,,75
201000055315,10,10,2,600,5,1,1,2.0,7.0,94073,M,,,94
201000055316,10,10,2,900,1,1,1,1.0,7.0,77438,M,,,77
201000055317,10,10,2,1115,1,1,1,1.0,7.0,94044,M,,,94
201000055318,10,10,4,1000,1,1,1,2.0,5.0,94073,M,,,94
201000055319,10,10,4,1450,1,1,1,9.0,7.0,94073,M,,,94
201000055320,10,10,6,1945,5,1,1,1.0,2.0,94044,M,,,94
201000055321,10,10,7,715,5,1,1,1.0,2.0,94018,M,,,94
201000055322,10,10,7,750,2,1,1,1.0,2.0,94028,M,,,94
201000055323,10,10,7,1240,1,1,1,1.0,7.0,94052,M,,,94
201000055324,10,10,7,1945,3,1,1,1.0,5.0,93051,M,,,93
201000055325,10,10,7,2100,5,1,1,1.0,3.0,93051,M,,,93
201000055326,10,10,7,2140,5,1,1,1.0,3.0,94017,M,,,94
201000055327,10,10,8,310,3,1,1,1.0,2.0,77514,M,,,77
201000055328,10,10,8,1345,1,1,1,1.0,5.0,77373,M,,,77
201000055329,10,10,8,1545,1,1,1,1.0,5.0,77294,M,,,77
201000055330,10,10,8,1830,1,1,1,1.0,3.0,77373,M,,,77
201000055331,10,10,9,2300,3,1,1,1.0,2.0,77175,M,,,77
201000055332,10,10,11,1825,1,1,1,1.0,7.0,94069,M,,,94
201000055333,10,10,12,610,3,1,1,1.0,5.0,77146,M,,,77
201000055334,10,10,12,815,1,1,1,1.0,5.0,94073,M,,,94
201000055335,10,10,13,1100,1,1,1,1.0,7.0,77294,M,,,77
201000055336,10,10,13,1145,1,1,1,1.0,4.0,77294,M,,,77
201000055337,10,10,13,1815,1,1,1,1.0,5.0,94017,M,,,94
201000055338,10,10,14,830,1,1,1,1.0,5.0,94033,M,,,94
201000055339,10,10,14,1600,1,1,1,1.0,2.0,77337,M,,,77
201000055340,10,10,19,850,1,1,1,1.0,2.0,77249,M,,,77
201000055341,10,10,15,1645,1,1,1,1.0,2.0,94073,M,,,94
201000055342,10,10,16,1730,1,1,1,1.0,6.0,94044,M,,,94
201000055343,10,10,17,1240,1,1,1,1.0,2.0,94074,M,,,94
201000055344,10,10,18,800,1,1,1,1.0,3.0,93051,M,,,93
201000055345,10,10,18,1510,1,1,1,1.0,3.0,94081,M,,,94
201000055346,10,10,19,1530,1,1,1,1.0,3.0,77053,M,,,77
201000055347,10,10,21,1120,1,1,1,1.0,7.0,77373,M,,,77
201000055348,10,10,22,845,1,1,1,1.0,5.0,77053,M,,,77
201000055349,10,10,25,310,3,1,1,1.0,2.0,94028,M,,,94
201000055350,10,10,27,1755,1,1,1,1.0,3.0,94028,M,,,94
201000055351,10,10,28,823,2,1,1,8.0,5.0,94033,M,,,94
201000055352,10,10,28,820,1,1,1,8.0,4.0,77294,M,,,77
201000055353,10,10,28,1210,1,1,1,1.0,2.0,94017,M,,,94
201000055354,10,10,28,1935,5,1,1,1.0,4.0,77083,M,,,77
201000055355,10,10,31,1920,5,1,1,1.0,3.0,94069,M,,,94
201000055356,10,11,1,525,3,1,1,5.0,6.0,77337,M,,,77
201000055357,10,11,2,830,2,1,1,1.0,4.0,93051,M,,,93
201000055358,10,11,2,1910,5,1,1,1.0,3.0,77083,M,,,77
201000055359,10,11,3,1845,5,1,1,1.0,3.0,94081,M,,,94
201000055360,10,11,4,645,5,1,1,1.0,7.0,94028,M,,,94
201000055361,10,11,4,2100,3,1,1,1.0,6.0,77372,M,,,77
201000055362,10,11,5,720,3,1,1,1.0,7.0,77384,M,,,77
201000055363,10,11,5,1240,1,1,1,1.0,4.0,94033,M,,,94
201000055364,10,11,5,1820,3,1,1,1.0,3.0,94033,M,,,94
201000055365,10,11,6,1140,1,1,1,2.0,2.0,77337,M,,,77
201000055366,10,11,6,1345,1,1,1,3.0,7.0,77121,M,,,77
201000055367,10,11,7,615,5,1,1,2.0,2.0,94042,M,,,94
201000055368,10,11,7,1620,1,1,1,3.0,7.0,94028,M,,,94
201000055369,10,11,8,805,1,1,1,8.0,4.0,94015,M,,,94
201000055370,10,11,8,1645,1,1,1,2.0,4.0,94073,M,,,94
201000055371,10,11,8,1700,3,1,1,2.0,3.0,77121,M,,,77
201000055372,10,11,8,1735,3,1,1,2.0,7.0,77294,M,,,77
201000055373,10,11,8,2305,4,1,1,2.0,7.0,94011,M,,,94
201000055374,10,11,9,515,3,1,1,3.0,7.0,94028,M,,,94
201000055375,10,11,9,740,1,1,1,1.0,3.0,77083,M,,,77
201000055376,10,11,9,930,1,1,1,2.0,5.0,77373,M,,,77
201000055377,10,11,9,1140,1,1,1,3.0,7.0,94028,M,,,94
201000055378,10,11,9,1615,1,1,1,2.0,3.0,94022,M,,,94
201000055379,10,11,10,545,3,1,1,2.0,5.0,77438,M,,,77
201000055380,10,11,10,1040,1,1,1,2.0,7.0,94028,M,,,94
201000055381,10,11,10,1115,1,1,1,1.0,3.0,77372,M,,,77
201000055382,10,11,10,1500,1,1,1,1.0,3.0,94028,M,,,94
201000055383,10,11,10,1800,4,1,1,1.0,3.0,94073,M,,,94
201000055384,10,11,11,630,5,1,1,1.0,1.0,77258,M,,,77
201000055385,10,11,12,1000,1,1,1,1.0,2.0,77438,M,,,77
201000055386,10,11,14,1245,1,1,1,2.0,7.0,94073,M,,,94
201000055387,10,11,14,1245,1,1,1,2.0,6.0,75112,M,,,75
201000055388,10,11,14,1515,1,1,1,3.0,7.0,94044,M,,,94
201000055389,10,11,15,1015,1,1,1,1.0,2.0,94015,M,,,94
201000055390,10,11,17,700,3,1,1,1.0,2.0,75112,M,,,75
201000055391,10,11,16,750,2,1,1,1.0,3.0,77373,M,,,77
201000055392,10,11,18,745,5,1,1,1.0,5.0,93051,M,,,93
201000055393,10,11,18,830,1,1,1,1.0,5.0,77514,M,,,77
201000055394,10,11,18,915,1,1,1,1.0,7.0,94028,M,,,94
201000055395,10,11,19,700,4,1,1,2.0,2.0,94073,M,,,94
201000055396,10,11,19,1700,1,1,1,1.0,2.0,94042,M,,,94
201000055397,10,11,19,1715,3,1,1,1.0,2.0,77373,M,,,77
201000055398,10,11,21,35,5,1,1,2.0,3.0,94052,M,,,94
201000055399,10,11,21,130,5,1,1,2.0,7.0,94028,M,,,94
201000055400,10,11,21,110,3,1,1,1.0,6.0,77018,M,,,77
201000055401,10,11,21,1900,1,1,1,2.0,7.0,94074,M,,,94
201000055402,10,11,21,2110,5,1,1,1.0,6.0,77121,M,,,77
201000055403,10,11,23,1740,3,1,1,8.0,4.0,77450,M,,,77
201000055404,10,11,24,815,1,1,1,1.0,3.0,77373,M,,,77
201000055405,10,11,24,1820,5,1,1,1.0,7.0,94017,M,,,94
201000055406,10,11,24,2030,5,1,1,3.0,5.0,94069,M,,,94
201000055407,10,11,24,2035,5,1,1,2.0,3.0,94028,M,,,94
201000055408,10,11,25,1620,1,1,1,1.0,3.0,94033,M,,,94
201000055409,10,11,25,1730,5,1,1,2.0,6.0,94052,M,,,94
201000055410,10,11,26,1420,1,1,1,1.0,7.0,94017,M,,,94
201000055411,10,11,27,2325,5,1,1,1.0,7.0,94069,M,,,94
201000055412,10,11,28,1030,1,1,1,9.0,7.0,94018,M,,,94
201000055413,10,11,28,1250,1,1,1,1.0,2.0,94069,M,,,94
201000055414,10,11,30,650,4,1,1,9.0,2.0,94069,M,,,94
201000055415,10,11,30,730,4,1,1,2.0,7.0,94022,M,,,94
201000055416,10,11,30,1100,1,1,1,8.0,2.0,75112,M,,,75
201000055417,10,12,1,2355,4,1,1,4.0,7.0,94042,M,,,94
201000055418,10,12,4,320,5,1,1,1.0,5.0,94018,M,,,94
201000055419,10,12,5,505,5,1,1,1.0,7.0,94073,M,,,94
201000055420,10,12,25,1340,1,1,1,9.0,2.0,94033,M,,,94
201000055421,10,12,6,1705,5,1,1,1.0,3.0,94065,M,,,94
201000055422,10,12,8,800,2,1,1,8.0,3.0,94017,M,,,94
201000055423,10,12,9,1345,1,1,1,8.0,2.0,77251,M,,,77
201000055424,10,12,10,2010,3,1,1,1.0,5.0,77175,M,,,77
201000055425,10,12,10,2210,5,1,1,1.0,2.0,94046,M,,,94
201000055426,10,12,11,1230,1,1,1,1.0,2.0,94017,M,,,94
201000055427,10,12,13,550,3,1,1,1.0,5.0,77450,M,,,77
201000055428,10,12,13,830,1,1,1,1.0,5.0,94017,M,,,94
201000055429,10,12,14,700,1,1,1,1.0,3.0,94017,M,,,94
201000055430,10,12,14,1630,1,1,1,1.0,3.0,94028,M,,,94
201000055431,10,12,16,706,3,1,1,1.0,3.0,77146,M,,,77
201000055432,10,12,16,1450,1,1,1,2.0,2.0,77053,M,,,77
201000055433,10,12,19,100,3,1,1,1.0,6.0,93051,M,,,93
201000055434,10,12,20,445,3,1,1,2.0,6.0,77294,M,,,77
201000055435,10,12,20,615,3,1,1,4.0,5.0,77175,M,,,77
201000055436,10,12,22,1700,5,1,1,2.0,3.0,94028,M,,,94
201000055437,10,12,27,1210,1,1,1,1.0,5.0,94052,M,,,94
201000055438,10,12,29,25,3,1,1,5.0,2.0,77294,M,,,77
201000055439,10,12,29,1440,1,1,1,2.0,4.0,77053,M,,,77
201000055440,10,12,30,1215,1,1,1,1.0,3.0,94017,M,,,94
201000055441,10,2,15,1025,1,1,1,1.0,7.0,77372,M,,,77
201000055442,10,2,28,1840,2,1,1,1.0,2.0,77438,M,,,77
201000055443,10,3,24,1745,1,1,1,1.0,3.0,94022,M,4877660.0,241877.0,94
201000055444,10,4,2,1735,1,1,1,1.0,7.0,94033,M,4885250.0,248945.0,94
201000055445,10,5,27,1125,1,1,1,2.0,2.0,77468,M,,,77
201000055446,10,6,30,1820,1,1,1,1.0,2.0,94018,M,4881900.0,240739.0,94
201000055447,10,7,1,1410,1,1,1,1.0,5.0,93051,M,,,93
201000055448,10,7,6,1830,1,1,1,1.0,2.0,77181,M,,,77
201000055449,10,7,7,1650,1,1,1,1.0,2.0,93051,M,,,93
201000055450,10,7,8,940,1,1,1,1.0,2.0,77169,M,,,77
201000055451,10,7,29,2130,1,1,1,1.0,2.0,94028,M,4877610.0,243095.0,94
201000055452,10,10,18,935,1,1,1,1.0,6.0,77175,M,,,77
201000055453,10,3,6,550,2,1,1,1.0,6.0,75112,M,,,75
201000055454,10,9,24,1735,1,1,1,1.0,3.0,77294,M,,,77
201000055455,10,4,2,2020,1,1,1,2.0,3.0,93008,M,4891370.0,243390.0,93
201000055456,10,10,9,2015,3,1,1,1.0,4.0,92036,M,,,92
201000055457,10,10,14,1945,1,1,1,1.0,6.0,93063,M,,,93
201000055458,10,11,14,1610,1,1,1,1.0,3.0,95042,M,,,95
201000055459,10,2,2,1500,1,1,1,2.0,3.0,93048,M,4887020.0,243048.0,93
201000055460,10,2,2,2300,5,1,1,2.0,7.0,93027,M,4893390.0,238530.0,93
201000055461,10,2,4,115,3,1,1,1.0,7.0,93066,M,4893000.0,236410.0,93
201000055462,10,2,4,515,5,1,1,1.0,2.0,93027,M,4892260.0,237960.0,93
201000055463,10,2,5,455,3,1,1,3.0,6.0,95219,M,,,95
201000055464,10,2,6,1320,1,1,1,1.0,6.0,93078,M,4896220.0,252323.0,93
201000055465,10,2,6,1430,1,1,1,1.0,6.0,95582,M,,,95
201000055466,10,2,8,1900,5,1,1,1.0,4.0,93006,M,4887010.0,243030.0,93
201000055467,10,2,11,2100,5,1,1,1.0,6.0,93048,M,4887180.0,243325.0,93
201000055468,10,2,11,2215,3,1,1,8.0,7.0,95306,M,,,95
201000055469,10,2,13,50,3,1,1,1.0,2.0,95582,M,,,95
201000055470,10,2,13,1000,1,1,1,1.0,2.0,93066,M,4890340.0,235875.0,93
201000055471,10,2,14,2345,5,1,1,1.0,6.0,95424,M,,,95
201000055472,10,2,15,720,4,1,1,1.0,3.0,93006,M,4886590.0,242125.0,93
201000055473,10,2,15,915,1,1,1,1.0,7.0,93053,M,4890700.0,235849.0,93
201000055474,10,2,16,845,1,1,1,1.0,3.0,93066,M,4891900.0,235742.0,93
201000055475,10,2,16,2040,3,1,1,1.0,3.0,93064,M,4888530.0,247174.0,93
201000055476,10,2,16,2230,5,1,1,1.0,2.0,93063,M,4887850.0,244717.0,93
201000055477,10,2,18,750,2,1,1,1.0,3.0,95252,M,,,95
201000055478,10,2,18,1830,3,1,1,2.0,7.0,93078,M,4896040.0,252598.0,93
201000055479,10,2,18,2230,4,1,1,1.0,6.0,95682,M,,,95
201000055480,10,2,19,2145,3,1,1,1.0,7.0,95256,M,,,95
201000055481,10,2,21,945,1,1,1,1.0,2.0,93053,M,4888390.0,245954.0,93
201000055482,10,2,23,1210,1,1,1,1.0,2.0,93010,M,4889870.0,246949.0,93
201000055483,10,2,24,1130,1,1,1,2.0,2.0,95527,M,4899030.0,251170.0,95
201000055484,10,2,24,1650,1,1,1,2.0,7.0,93006,M,4886690.0,242545.0,93
201000055485,10,2,24,1655,1,1,1,2.0,4.0,92036,M,,,92
201000055486,10,2,24,2355,5,1,1,2.0,6.0,93066,M,4892230.0,235873.0,93
201000055487,10,2,26,800,2,1,1,2.0,7.0,93063,M,4888100.0,245292.0,93
201000055488,10,2,26,1500,1,1,1,1.0,3.0,93053,M,4888850.0,247388.0,93
201000055489,10,2,28,1330,1,1,1,6.0,7.0,93001,M,4892100.0,237188.0,93
201000055490,10,2,28,1705,1,1,1,1.0,7.0,95277,M,4897360.0,248630.0,95
201000055491,10,3,1,1130,1,1,1,1.0,4.0,93006,M,4886640.0,241321.0,93
201000055492,10,3,2,1610,1,1,1,1.0,2.0,95582,M,,,95
201000055493,10,3,2,845,1,1,1,1.0,6.0,95018,M,,,95
201000055494,10,3,2,1150,1,1,1,1.0,3.0,92036,M,,,92
201000055495,10,3,3,1230,1,1,1,1.0,3.0,93039,M,4892700.0,233466.0,93
201000055496,10,3,7,2250,5,1,1,1.0,2.0,93053,M,4888350.0,245834.0,93
201000055497,10,3,8,915,1,1,1,1.0,6.0,93027,M,4892340.0,238362.0,93
201000055498,10,3,12,1630,1,1,1,1.0,7.0,93063,M,4888090.0,245252.0,93
201000055499,10,3,16,1310,1,1,1,1.0,2.0,93010,M,4888620.0,247306.0,93
201000055500,10,3,16,1625,1,1,1,1.0,3.0,95018,M,,,95
201000055501,10,3,17,1015,1,1,1,1.0,3.0,93010,M,4891690.0,247803.0,93
201000055502,10,3,17,1720,1,1,1,1.0,6.0,95028,M,,,95
201000055503,10,3,17,1950,5,1,1,1.0,7.0,93053,M,4890340.0,235856.0,93
201000055504,10,3,21,150,3,1,1,8.0,2.0,93066,M,4891900.0,235742.0,93
201000055505,10,3,21,1500,1,1,1,1.0,7.0,95277,M,4897360.0,248630.0,95
201000055506,10,3,22,30,4,1,1,1.0,5.0,60494,M,,,60
201000055507,10,3,24,1645,1,1,1,1.0,7.0,95678,M,,,95
201000055508,10,3,24,1415,1,1,1,1.0,4.0,93001,M,4892080.0,237196.0,93
201000055509,10,3,26,630,2,1,1,1.0,6.0,95527,M,,,95
201000055510,10,3,27,2015,4,1,1,8.0,2.0,93005,M,4894670.0,247628.0,93
201000055511,10,3,26,1930,3,1,1,1.0,3.0,93048,M,4887310.0,243592.0,93
201000055512,10,3,27,1930,3,1,1,1.0,6.0,93005,M,4894630.0,247621.0,93
201000055513,10,3,27,2305,4,1,1,1.0,7.0,93063,M,4887950.0,244946.0,93
201000055514,10,3,28,100,4,1,1,1.0,6.0,95018,M,,,95
201000055515,10,3,28,1000,1,1,1,2.0,2.0,93027,M,4892480.0,239157.0,93
201000055516,10,1,4,130,3,1,1,1.0,6.0,92036,M,,,92
201000055517,10,1,4,730,3,1,1,1.0,7.0,93027,M,4893660.0,240734.0,93
201000055518,10,1,4,930,1,1,1,8.0,7.0,93001,M,4892110.0,237467.0,93
201000055519,10,3,29,1115,1,1,1,1.0,6.0,93064,M,4888390.0,246681.0,93
201000055520,10,1,5,715,3,1,1,1.0,2.0,93006,M,4886680.0,242545.0,93
201000055521,10,1,5,1720,5,1,1,1.0,3.0,93029,M,4892590.0,242274.0,93
201000055522,10,1,5,1815,5,1,1,1.0,6.0,93053,M,4889630.0,247029.0,93
201000055523,10,1,6,1800,3,1,1,1.0,7.0,92036,M,,,92
201000055524,10,1,7,245,5,1,1,4.0,6.0,93064,M,4888680.0,247723.0,93
201000055525,10,6,15,1415,1,1,1,1.0,3.0,93048,M,4887310.0,243544.0,93
201000055526,10,6,9,1600,1,1,1,1.0,7.0,95252,M,,,95
201000055527,10,6,18,900,1,1,1,1.0,2.0,95582,M,4896560.0,227190.0,95
201000055528,10,1,7,1700,1,1,1,1.0,6.0,95527,M,,,95
201000055529,10,1,8,100,3,1,1,4.0,7.0,95527,M,,,95
201000055530,10,1,8,820,1,1,1,9.0,3.0,95582,M,,,95
201000055531,10,1,8,1350,1,1,1,1.0,2.0,93078,M,4896900.0,250547.0,93