Num_Acc,an,mois,jour,hrmn,lum,agg,int,atm,col,com,gps,lat,long,dep
201000055532,10,1,8,1430,1,1,1,1.0,3.0,93007,M,4894930.0,244679.0,93
201000055533,10,1,9,700,2,1,1,4.0,7.0,93066,M,4892420.0,234162.0,93
201000055534,10,1,9,940,1,1,1,4.0,6.0,95042,M,,,95
201000055535,10,4,3,1445,1,1,1,7.0,2.0,93027,M,4892570.0,239669.0,93
201000055536,10,1,9,1015,1,1,1,4.0,6.0,95277,M,4897510.0,248520.0,95
201000055537,10,4,3,1520,1,1,1,2.0,4.0,93013,M,4893870.0,241625.0,93
201000055538,10,1,9,1050,1,1,1,1.0,7.0,93029,M,4892550.0,242399.0,93
201000055539,10,1,9,1905,3,1,1,1.0,3.0,93078,M,4895930.0,253728.0,93
201000055540,10,4,4,120,4,1,1,2.0,7.0,93078,M,4895900.0,252760.0,93
201000055541,10,1,10,530,3,1,1,9.0,5.0,95424,M,,,95
201000055542,10,4,4,1630,1,1,1,2.0,7.0,95151,M,,,95
201000055543,10,4,4,1800,1,1,1,1.0,2.0,93066,M,4893100.0,236727.0,93
201000055544,10,1,10,700,2,1,1,4.0,6.0,95351,M,,,95
201000055545,10,1,10,701,2,1,1,4.0,6.0,95351,M,,,95
201000055546,10,1,10,2215,3,1,1,1.0,2.0,95042,M,,,95
201000055547,10,1,11,755,2,1,1,1.0,3.0,93013,M,4893910.0,241826.0,93
201000055548,10,4,5,935,1,1,1,7.0,2.0,95277,M,4895530.0,245810.0,95
201000055549,10,1,11,1125,1,1,1,1.0,3.0,93066,M,4891900.0,235742.0,93
201000055550,10,1,12,820,1,1,1,8.0,2.0,95582,M,4896830.0,227460.0,95
201000055551,10,1,12,1030,1,1,1,8.0,3.0,60631,M,,,60
201000055552,10,1,12,1445,1,1,1,1.0,7.0,95028,M,,,95
201000055553,10,1,13,1130,1,1,1,9.0,3.0,93078,M,4895820.0,253141.0,93
201000055554,10,1,13,1125,1,1,1,2.0,2.0,93027,M,4892690.0,240467.0,93
201000055555,10,1,13,1930,3,1,1,1.0,7.0,93027,M,4892560.0,239692.0,93
201000055556,10,4,6,1630,1,1,1,1.0,4.0,93005,M,4895880.0,247303.0,93
201000055557,10,4,6,1700,1,1,1,1.0,6.0,93066,M,4893170.0,237055.0,93
201000055558,10,1,15,810,2,1,1,2.0,2.0,95527,M,,,95
201000055559,10,1,15,1110,1,1,1,1.0,2.0,95572,M,,,95
201000055560,10,4,6,2200,3,1,1,1.0,6.0,93010,M,4890670.0,247229.0,93
201000055561,10,1,15,1500,1,1,1,9.0,7.0,93064,M,,,93
201000055562,10,1,15,2030,4,1,1,1.0,3.0,95277,M,4897340.0,248560.0,95
201000055563,10,1,15,2300,3,1,1,1.0,2.0,92036,M,,,92
201000055564,10,1,16,45,3,1,1,9.0,3.0,92078,M,,,92
201000055565,10,1,16,830,1,1,1,1.0,6.0,93010,M,4888950.0,247391.0,93
201000055566,10,1,16,1200,1,1,1,2.0,6.0,95527,M,,,95
201000055567,10,4,8,1000,1,1,1,1.0,3.0,93005,M,4896310.0,247425.0,93
201000055568,10,1,17,730,3,1,1,2.0,7.0,92078,M,,,92
201000055569,10,4,9,1530,1,1,1,1.0,3.0,95219,M,,,95
201000055570,10,1,17,1545,1,1,1,1.0,2.0,93053,M,4888350.0,245873.0,93
201000055571,10,1,17,1900,5,1,1,2.0,2.0,93078,M,4896820.0,250886.0,93
201000055572,10,1,17,2030,4,1,1,2.0,5.0,95424,M,,,95
201000055573,10,1,18,755,4,1,1,2.0,1.0,95582,M,,,95
201000055574,10,1,19,810,1,1,1,5.0,6.0,95306,M,,,95
201000055575,10,1,19,735,3,1,1,8.0,2.0,95582,M,4896230.0,226380.0,95
201000055576,10,4,10,1500,1,1,1,1.0,7.0,93048,M,,,93
201000055577,10,1,19,2000,5,1,1,9.0,6.0,93066,M,4891900.0,235742.0,93
201000055578,10,1,19,2015,3,1,1,1.0,5.0,95018,M,,,95
201000055579,10,1,20,215,3,1,1,1.0,2.0,95252,M,,,95
201000055580,10,4,11,150,3,1,1,1.0,6.0,92036,M,,,92
201000055581,10,1,20,1340,1,1,1,2.0,7.0,95277,M,4897360.0,248630.0,95
201000055582,10,1,20,1630,1,1,1,8.0,6.0,95582,M,,,95
201000055583,10,1,21,645,3,1,1,2.0,3.0,95277,M,4897360.0,248610.0,95
201000055584,10,1,21,800,3,1,1,1.0,7.0,93078,M,4895820.0,252845.0,93
201000055585,10,1,22,130,3,1,1,1.0,6.0,93078,M,4895880.0,252755.0,93
201000055586,10,1,22,1910,5,1,1,1.0,2.0,93066,M,4891900.0,235742.0,93
201000055587,10,1,22,2015,5,1,1,1.0,6.0,93066,M,4891030.0,235824.0,93
201000055588,10,1,22,2100,3,1,1,1.0,3.0,93005,M,4895720.0,246156.0,93
201000055589,10,1,22,2130,3,1,1,1.0,2.0,93005,M,4896070.0,246789.0,93
201000055590,10,1,23,1400,1,1,1,2.0,6.0,95582,M,,,95
201000055591,10,1,23,1430,1,1,1,2.0,3.0,95018,M,,,95
201000055592,10,1,23,1530,1,1,1,1.0,6.0,93078,M,4895800.0,253089.0,93
201000055593,10,1,23,1524,1,1,1,2.0,3.0,92036,M,,,92
201000055594,10,4,17,945,1,1,1,1.0,6.0,93066,M,4893000.0,236410.0,93
201000055595,10,1,24,1445,1,1,1,2.0,7.0,93027,M,,,93
201000055596,10,1,24,2005,3,1,1,2.0,6.0,95563,M,,,95
201000055597,10,1,26,1400,1,1,1,1.0,3.0,93066,M,4893000.0,236410.0,93
201000055598,10,1,27,730,1,1,1,1.0,2.0,95500,M,,,95
201000055599,10,1,27,1835,5,1,1,1.0,3.0,93066,M,4892800.0,235755.0,93
201000055600,10,1,28,835,1,1,1,2.0,7.0,92036,M,,,92
201000055601,10,1,29,645,2,1,1,2.0,3.0,95252,M,,,95
201000055602,10,1,29,850,1,1,1,2.0,3.0,92078,M,,,92
201000055603,10,1,29,920,1,1,1,2.0,3.0,95582,M,,,95
201000055604,10,1,29,1010,1,1,1,2.0,3.0,92036,M,,,92
201000055605,10,1,29,1050,1,1,1,2.0,5.0,95018,M,,,95
201000055606,10,1,29,1235,1,1,1,2.0,5.0,95527,M,,,95
201000055607,10,1,31,1300,1,1,1,3.0,4.0,93064,M,4888390.0,246778.0,93
201000055608,10,1,29,1500,1,1,1,1.0,7.0,92036,M,,,92
201000055609,10,1,29,1605,1,1,1,2.0,7.0,95277,M,4897360.0,248620.0,95
201000055610,10,1,29,1940,3,1,1,1.0,7.0,93078,M,4896300.0,252244.0,93
201000055611,10,1,29,1745,2,1,1,2.0,2.0,95527,M,,,95
201000055612,10,4,17,930,1,1,1,1.0,6.0,93008,M,4890570.0,246307.0,93
201000055613,10,1,30,20,3,1,1,1.0,2.0,95241,M,4904740.0,243630.0,95
201000055614,10,1,31,120,3,1,1,1.0,2.0,95678,M,,,95
201000055615,10,1,31,425,3,1,1,1.0,6.0,95203,M,4897790.0,228970.0,95
201000055616,10,4,18,1200,1,1,1,1.0,2.0,93010,M,4891420.0,247718.0,93
201000055617,10,4,19,825,1,1,1,1.0,7.0,92036,M,,,92
201000055618,10,4,19,1020,1,1,1,1.0,7.0,95527,M,,,95
201000055619,10,4,21,1600,1,1,1,1.0,7.0,95028,M,,,95
201000055620,10,4,21,1730,1,1,1,1.0,2.0,93066,M,4892340.0,235708.0,93
201000055621,10,4,23,1730,1,1,1,1.0,7.0,95491,M,,,95
201000055622,10,4,24,210,5,1,1,1.0,6.0,93029,M,4891930.0,242832.0,93
201000055623,10,4,24,650,2,1,1,1.0,6.0,93064,M,4886810.0,248216.0,93
201000055624,10,4,24,600,5,1,1,1.0,7.0,95555,M,4897290.0,227660.0,95
201000055625,10,4,24,1250,1,1,1,1.0,2.0,95018,M,,,95
201000055626,10,4,28,1730,1,1,1,1.0,5.0,93005,M,4894560.0,247655.0,93
201000055627,10,4,28,2230,5,1,1,1.0,3.0,93007,M,4894360.0,243600.0,93
201000055628,10,1,24,135,3,1,1,9.0,6.0,95042,M,,,95
201000055629,10,4,29,900,1,1,1,1.0,2.0,93005,M,4895100.0,247438.0,93
201000055630,10,4,30,1930,1,1,1,1.0,7.0,93010,M,4889960.0,246956.0,93
201000055631,10,5,1,700,1,1,1,1.0,6.0,93029,M,4892440.0,242610.0,93
201000055632,10,5,1,2130,2,1,1,1.0,6.0,95582,M,,,95
201000055633,10,5,4,1420,1,1,1,1.0,2.0,93066,M,4892340.0,235708.0,93
201000055634,10,5,4,1730,1,1,1,1.0,6.0,95365,M,4906740.0,239880.0,95
201000055635,10,2,11,1130,1,1,1,1.0,1.0,93066,M,4892080.0,235727.0,93
201000055636,10,5,5,615,1,1,1,1.0,5.0,93048,M,4886640.0,248161.0,93
201000055637,10,5,5,700,1,1,1,1.0,2.0,95252,M,,,95
201000055638,10,5,11,1755,1,1,1,2.0,2.0,93006,M,4886610.0,242272.0,93
201000055639,10,5,11,1850,1,1,1,2.0,6.0,93078,M,4896350.0,252146.0,93
201000055640,10,5,11,2000,1,1,1,2.0,2.0,95241,M,,,95
201000055641,10,5,11,2045,1,1,1,2.0,6.0,95582,M,,,95
201000055642,10,5,12,2120,5,1,1,8.0,4.0,93006,M,4886800.0,242761.0,93
201000055643,10,5,16,930,1,1,1,1.0,6.0,95582,M,,,95
201000055644,10,5,17,1800,1,1,1,1.0,4.0,93066,M,4890190.0,235890.0,93
201000055645,10,5,17,1910,1,1,1,1.0,6.0,95277,M,4897360.0,248630.0,95
201000055646,10,5,19,900,1,1,1,1.0,5.0,93066,M,4892250.0,235195.0,93
201000055647,10,5,19,910,1,1,1,1.0,4.0,93066,M,4892250.0,235467.0,93
201000055648,10,5,19,1155,1,1,1,1.0,3.0,92036,M,,,92
201000055649,10,5,20,1430,1,1,1,1.0,6.0,95500,M,,,95
201000055650,10,5,20,2350,4,1,1,1.0,3.0,95277,M,,,95
201000055651,10,5,21,1645,1,1,1,1.0,4.0,93078,M,4896300.0,254943.0,93
201000055652,10,5,22,1345,1,1,1,1.0,3.0,93010,M,4891080.0,247522.0,93
201000055653,10,5,24,1650,1,1,1,1.0,4.0,95042,M,,,95
201000055654,10,5,25,745,1,1,1,1.0,3.0,95582,M,,,95
201000055655,10,5,25,900,1,1,1,1.0,2.0,95582,M,,,95
201000055656,10,5,25,1000,1,1,1,7.0,3.0,93007,M,4895490.0,245734.0,93
201000055657,10,5,27,1550,1,1,1,1.0,5.0,95582,M,,,95
201000055658,10,5,27,1700,1,1,1,2.0,5.0,93027,M,4893390.0,238440.0,93
201000055659,10,5,28,330,4,1,1,8.0,7.0,93048,M,4887070.0,243122.0,93
201000055660,10,5,28,1650,1,1,1,1.0,2.0,93005,M,4895420.0,247330.0,93
201000055661,10,5,29,2210,3,1,1,8.0,3.0,93073,M,4896640.0,255943.0,93
201000055662,10,5,30,356,3,1,1,1.0,5.0,95018,M,,,95
201000055663,10,6,2,1305,1,1,1,1.0,5.0,93005,M,,,93
201000055664,10,6,3,1430,1,1,1,1.0,6.0,93006,M,4886570.0,241854.0,93
201000055665,10,6,3,1540,1,1,1,1.0,7.0,93006,M,4886680.0,242545.0,93
201000055666,10,6,3,1615,1,1,1,1.0,2.0,93048,M,,,93
201000055667,10,6,3,1900,1,1,1,1.0,2.0,95500,M,,,95
201000055668,10,6,4,730,1,1,1,1.0,3.0,93063,M,4887390.0,243714.0,93
201000055669,10,6,4,1130,1,1,1,1.0,2.0,93027,M,4892850.0,241392.0,93
201000055670,10,6,5,155,3,1,1,1.0,7.0,93053,M,4890610.0,235836.0,93
201000055671,10,6,9,1845,1,1,1,3.0,3.0,93005,M,4894630.0,247621.0,93
201000055672,10,6,9,2115,1,1,1,1.0,6.0,95582,M,,,95
201000055673,10,6,10,930,1,1,1,2.0,3.0,95582,M,4896560.0,227190.0,95
201000055674,10,6,10,1350,1,1,1,1.0,2.0,93030,M,4893960.0,242010.0,93
201000055675,10,2,1,1000,1,1,1,8.0,5.0,93066,M,4892230.0,235873.0,93
201000055676,10,2,2,200,4,1,1,2.0,6.0,95582,M,4896240.0,226480.0,95
201000055677,10,2,2,815,1,1,1,2.0,3.0,95277,M,4898020.0,249830.0,95
201000055678,10,2,2,1115,1,1,1,2.0,7.0,93027,M,4892570.0,239669.0,93
201000055679,10,2,2,1245,1,1,1,2.0,3.0,92036,M,,,92
201000055680,10,6,11,1600,1,1,1,1.0,5.0,93005,M,4894590.0,247660.0,93
201000055681,10,6,13,815,1,1,1,2.0,2.0,93066,M,4892230.0,235873.0,93
201000055682,10,2,5,100,3,1,1,1.0,7.0,93008,M,4890820.0,245140.0,93
201000055683,10,6,12,1240,1,1,1,1.0,6.0,93027,M,4892560.0,239692.0,93
201000055684,10,2,6,5,5,1,1,1.0,7.0,93029,M,4892590.0,242274.0,93
201000055685,10,2,6,630,4,1,1,2.0,7.0,95277,M,4897360.0,248630.0,95
201000055686,10,2,6,1330,1,1,1,1.0,7.0,95277,M,4897360.0,248630.0,95
201000055687,10,2,8,730,1,1,1,1.0,6.0,95488,M,,,95
201000055688,10,2,8,1730,5,1,1,1.0,2.0,95527,M,4897560.0,249120.0,95
201000055689,10,2,8,2330,5,1,1,1.0,6.0,95604,M,4910490.0,255120.0,95
201000055690,10,2,9,400,4,1,1,1.0,7.0,93010,M,4889740.0,246953.0,93
201000055691,10,2,9,730,3,1,1,4.0,7.0,95365,M,,,95
201000055692,10,2,9,515,4,1,1,1.0,7.0,95306,M,4900940.0,215730.0,95
201000055693,10,6,14,2145,1,1,1,1.0,4.0,93010,M,4889660.0,247015.0,93
201000055694,10,2,10,2015,3,1,1,1.0,5.0,93064,M,4887390.0,247971.0,93
201000055695,10,2,11,250,3,1,1,4.0,7.0,95527,M,,,95
201000055696,10,2,12,1040,1,1,1,1.0,7.0,95028,M,,,95
201000055697,10,2,11,2216,3,1,1,1.0,4.0,95306,M,,,95
201000055698,10,6,16,1830,1,1,1,1.0,3.0,93005,M,4895330.0,247352.0,93
201000055699,10,6,17,845,1,1,1,1.0,2.0,95582,M,,,95
201000055700,10,6,17,1340,1,1,1,1.0,2.0,95607,M,,,95
201000055701,10,2,14,1650,1,1,1,1.0,3.0,92078,M,,,92
201000055702,10,2,15,1615,1,1,1,1.0,2.0,93064,M,4888450.0,247090.0,93
201000055703,10,2,16,715,2,1,1,1.0,4.0,93063,M,4887630.0,244214.0,93
201000055704,10,2,16,800,1,1,1,1.0,3.0,92036,M,,,92
201000055705,10,6,20,530,1,1,1,1.0,7.0,95277,M,4897360.0,248630.0,95
201000055706,10,2,16,1415,1,1,1,1.0,3.0,93053,M,4888150.0,245367.0,93
201000055707,10,2,17,1635,1,1,1,2.0,7.0,95277,M,4897380.0,248530.0,95
201000055708,10,2,18,1910,5,1,1,1.0,3.0,92078,M,,,92
201000055709,10,2,18,1915,3,1,1,2.0,3.0,93027,M,4892210.0,237848.0,93
201000055710,10,6,22,1410,1,1,1,1.0,7.0,93064,M,,,93
201000055711,10,6,22,1615,1,1,1,1.0,3.0,92036,M,,,92
201000055712,10,2,21,655,4,1,1,2.0,6.0,95252,M,,,95
201000055713,10,2,21,815,1,1,1,8.0,6.0,95277,M,4897650.0,248010.0,95
201000055714,10,2,21,935,1,1,1,1.0,7.0,95277,M,,,95
201000055715,10,6,24,1100,1,1,1,1.0,3.0,93063,M,4887470.0,243926.0,93
201000055716,10,2,21,1930,4,1,1,2.0,7.0,95252,M,,,95
201000055717,10,2,21,2015,5,1,1,2.0,7.0,93027,M,4892470.0,239006.0,93
201000055718,10,6,25,750,1,1,1,1.0,3.0,93064,M,4887950.0,247584.0,93
201000055719,10,2,23,1100,1,1,1,2.0,1.0,95365,M,,,95
201000055720,10,2,23,1415,1,1,1,2.0,7.0,95042,M,,,95
201000055721,10,2,24,1120,1,1,1,1.0,3.0,93001,M,4892100.0,237188.0,93
201000055722,10,2,24,1200,1,1,1,1.0,7.0,95527,M,4897820.0,249530.0,95
201000055723,10,6,26,120,3,1,1,1.0,2.0,95306,M,,,95
201000055724,10,2,24,1630,1,1,1,8.0,2.0,95018,M,,,95
201000055725,10,6,26,1400,1,1,1,1.0,2.0,93005,M,4894670.0,247628.0,93
201000055726,10,2,26,500,4,1,1,2.0,7.0,95582,M,,,95
201000055727,10,6,27,1540,1,1,1,1.0,3.0,95563,M,,,95
201000055728,10,6,27,2000,1,1,1,1.0,3.0,95018,M,,,95
201000055729,10,2,27,400,5,1,1,2.0,7.0,93010,M,4888950.0,247391.0,93
201000055730,10,2,27,1940,2,1,1,1.0,7.0,93006,M,4886680.0,242545.0,93
201000055731,10,6,28,100,3,1,1,1.0,3.0,95424,M,,,95
201000055732,10,2,28,2245,3,1,1,2.0,7.0,93027,M,4892660.0,240337.0,93
201000055733,10,2,28,2200,3,1,1,2.0,7.0,93078,M,4895840.0,252849.0,93
201000055734,10,6,24,1245,1,1,1,1.0,7.0,93063,M,4887740.0,244477.0,93
201000055735,10,7,1,530,2,1,9,1.0,6.0,92036,M,,,92
201000055736,10,7,1,535,1,1,1,1.0,2.0,92036,M,,,92
201000055737,10,7,1,1800,1,1,1,1.0,3.0,93008,M,,,93
201000055738,10,7,2,1105,1,1,1,1.0,3.0,93066,M,,,93
201000055739,10,7,2,1130,1,1,1,1.0,4.0,93007,M,,,93
201000055740,10,7,2,1315,1,1,1,1.0,6.0,60612,M,,,60
201000055741,10,7,2,1700,1,1,1,2.0,2.0,95572,M,4903300.0,210890.0,95
201000055742,10,7,2,1750,1,1,1,1.0,7.0,95424,M,,,95
201000055743,10,7,3,1015,1,1,1,3.0,6.0,93064,M,,,93
201000055744,10,7,3,1300,1,1,1,2.0,7.0,93027,M,,,93
201000055745,10,7,4,1110,1,1,1,1.0,3.0,93007,M,,,93
201000055746,10,7,4,1855,1,1,1,1.0,4.0,92036,M,,,92
201000055747,10,7,6,2030,1,1,1,1.0,4.0,93078,M,,,93
201000055748,10,7,5,800,1,1,1,1.0,2.0,92036,M,,,92
201000055749,10,7,5,1100,1,1,1,1.0,2.0,93005,M,,,93
201000055750,10,7,6,755,1,1,1,1.0,2.0,95018,M,,,95
201000055751,10,7,6,900,1,1,1,1.0,3.0,95582,M,,,95
201000055752,10,7,8,1730,1,1,1,1.0,3.0,95219,M,,,95
201000055753,10,7,8,1800,1,1,1,1.0,7.0,93006,M,,,93
201000055754,10,7,8,2000,1,1,1,1.0,2.0,95572,M,,,95
201000055755,10,7,9,1520,1,1,1,1.0,3.0,95154,M,4904110.0,254310.0,95
201000055756,10,7,9,1800,1,1,1,1.0,3.0,93063,M,,,93
201000055757,10,7,9,2030,1,1,1,1.0,7.0,60631,M,,,60
201000055758,10,7,10,2030,1,1,1,2.0,3.0,93064,M,,,93
201000055759,10,7,10,2030,1,1,1,1.0,4.0,92036,M,,,92
201000055760,10,7,11,1840,1,1,1,1.0,2.0,95527,M,,,95
201000055761,10,7,12,1130,1,1,1,1.0,7.0,93001,M,,,93
201000055762,10,7,12,1240,1,1,1,1.0,6.0,93007,M,,,93
201000055763,10,7,13,2030,1,1,1,1.0,2.0,92036,M,,,92
201000055764,10,7,14,1625,1,1,1,3.0,6.0,95256,M,,,95
201000055765,10,7,14,1630,1,1,1,1.0,2.0,92036,M,,,92
201000055766,10,7,14,1740,1,1,1,3.0,6.0,95582,M,,,95
201000055767,10,7,14,1908,1,1,1,7.0,6.0,95424,M,,,95
201000055768,10,7,16,900,1,1,1,1.0,2.0,93006,M,,,93
201000055769,10,7,16,1225,1,1,1,1.0,7.0,93013,M,,,93
201000055770,10,7,16,1350,1,1,1,1.0,3.0,93010,M,,,93
201000055771,10,2,7,230,3,1,1,1.0,6.0,92036,M,,,92
201000055772,10,7,21,230,5,1,1,1.0,7.0,60494,M,,,60
201000055773,10,7,23,1430,1,1,1,3.0,5.0,95018,M,,,95
201000055774,10,7,23,1530,1,1,1,3.0,6.0,95582,M,,,95
201000055775,10,7,23,1630,1,1,1,2.0,4.0,92036,M,,,92
201000055776,10,7,25,520,4,1,1,1.0,2.0,95572,M,,,95
201000055777,10,7,26,1410,1,1,1,1.0,7.0,93053,M,,,93
201000055778,10,7,26,1830,1,1,1,1.0,3.0,95256,M,,,95
201000055779,10,7,27,615,2,1,1,2.0,6.0,95277,M,4897360.0,248630.0,95
201000055780,10,7,29,20,3,1,1,1.0,6.0,93005,M,,,93
201000055781,10,7,29,715,1,1,1,2.0,2.0,93027,M,,,93
201000055782,10,7,30,1000,1,1,1,1.0,2.0,93007,M,,,93
201000055783,10,6,26,1745,1,1,1,1.0,7.0,95500,M,,,95
201000055784,10,2,27,1945,3,1,1,2.0,4.0,95018,M,,,95
201000055785,10,8,13,610,2,1,1,1.0,2.0,95527,M,4898680.0,250860.0,95
201000055786,10,8,13,1800,1,1,1,1.0,6.0,95306,M,,,95
201000055787,10,8,13,1800,1,1,1,1.0,5.0,93005,M,,,93
201000055788,10,8,14,345,3,1,1,1.0,6.0,93007,M,,,93
201000055789,10,8,15,810,1,1,1,2.0,6.0,93027,M,,,93
201000055790,10,8,15,940,1,1,1,2.0,6.0,93078,M,,,93
201000055791,10,8,15,1027,1,1,1,2.0,6.0,93005,M,,,93
201000055792,10,8,15,1700,1,1,1,3.0,7.0,95277,M,4897360.0,248630.0,95
201000055793,10,8,15,1925,1,1,1,3.0,6.0,95527,M,4898210.0,250190.0,95
201000055794,10,8,15,2015,1,1,1,2.0,6.0,93078,M,,,93
201000055795,10,8,15,2050,2,1,1,1.0,6.0,93053,M,,,93
201000055796,10,8,15,2215,3,1,1,2.0,6.0,93027,M,,,93
201000055797,10,8,16,840,1,1,1,3.0,6.0,95212,M,,,95
201000055798,10,8,16,900,1,1,1,3.0,7.0,95219,M,,,95
201000055799,10,8,16,1220,1,1,1,1.0,6.0,93078,M,,,93
201000055800,10,8,16,1250,1,1,1,2.0,6.0,93027,M,,,93
201000055801,10,8,16,1415,1,1,1,2.0,5.0,93027,M,,,93
201000055802,10,8,16,1530,1,1,1,2.0,5.0,93006,M,,,93
201000055803,10,8,16,1515,1,1,1,8.0,6.0,93027,M,,,93
201000055804,10,8,16,1555,1,1,1,3.0,6.0,93001,M,,,93
201000055805,10,8,17,1600,1,1,1,2.0,3.0,93048,M,,,93
201000055806,10,8,16,1720,1,1,1,3.0,3.0,95394,M,,,95
201000055807,10,8,16,1920,1,1,1,3.0,6.0,93078,M,,,93
201000055808,10,8,17,1830,1,1,1,1.0,6.0,95252,M,,,95
201000055809,10,8,16,1930,1,1,1,1.0,6.0,93027,M,,,93
201000055810,10,8,17,900,1,1,1,1.0,6.0,93066,M,,,93
201000055811,10,8,17,940,1,1,1,1.0,3.0,93008,M,,,93
201000055812,10,8,18,1100,1,1,1,1.0,6.0,95582,M,,,95
201000055813,10,8,18,1100,1,1,1,1.0,4.0,93007,M,,,93
201000055814,10,8,18,1440,1,1,1,1.0,3.0,93078,M,,,93
201000055815,10,8,20,1700,1,1,1,1.0,6.0,95252,M,,,95
201000055816,10,8,20,1830,1,1,1,1.0,2.0,93005,M,,,93
201000055817,10,8,24,730,1,1,1,1.0,6.0,92036,M,,,92
201000055818,10,8,23,830,1,1,1,1.0,4.0,95582,M,,,95
201000055819,10,8,23,1410,1,1,1,2.0,6.0,93027,M,,,93
201000055820,10,8,26,1830,1,1,1,2.0,4.0,95582,M,,,95
201000055821,10,8,28,1640,1,1,1,1.0,5.0,93066,M,,,93
201000055822,10,9,1,1645,1,1,1,1.0,2.0,93005,M,,,93
201000055823,10,9,1,2030,4,1,1,1.0,6.0,93066,M,,,93
201000055824,10,3,1,510,3,1,1,1.0,6.0,95500,M,,,95
201000055825,10,9,3,830,1,1,1,1.0,6.0,93066,M,,,93
201000055826,10,9,3,1155,1,1,1,1.0,6.0,93066,M,,,93
201000055827,10,9,3,1330,1,1,1,1.0,3.0,93064,M,,,93
201000055828,10,3,2,1910,5,1,1,1.0,2.0,95218,M,,,95
201000055829,10,9,3,1805,1,1,1,1.0,6.0,95351,M,,,95
201000055830,10,3,3,2210,5,1,1,1.0,7.0,93027,M,4892610.0,240094.0,93
201000055831,10,3,4,1325,1,1,1,1.0,6.0,93066,M,4892250.0,235467.0,93
201000055832,10,3,5,700,3,1,1,1.0,4.0,95394,M,,,95
201000055833,10,3,5,1130,1,1,1,1.0,6.0,93010,M,4889740.0,246953.0,93
201000055834,10,3,5,1800,1,1,1,1.0,6.0,95572,M,,,95
201000055835,10,3,6,300,3,1,1,1.0,3.0,95277,M,,,95
201000055836,10,3,6,1915,2,1,1,1.0,3.0,93064,M,4887240.0,248069.0,93
201000055837,10,9,5,1030,1,1,1,1.0,2.0,93066,M,,,93
201000055838,10,3,10,640,5,1,1,1.0,6.0,93029,M,4892610.0,242240.0,93
201000055839,10,3,9,930,1,1,1,1.0,3.0,93066,M,4890250.0,235862.0,93
201000055840,10,3,8,1020,1,1,1,1.0,6.0,93078,M,4896410.0,252043.0,93
201000055841,10,3,14,2005,3,1,1,1.0,4.0,92078,M,,,92
201000055842,10,3,9,910,1,1,1,1.0,2.0,93005,M,4895190.0,247409.0,93
201000055843,10,3,9,1345,1,1,1,1.0,2.0,95424,M,,,95
201000055844,10,3,9,1730,1,1,1,1.0,5.0,95500,M,,,95
201000055845,10,3,9,1910,5,1,1,1.0,1.0,95572,M,,,95
201000055846,10,3,10,30,3,1,1,1.0,7.0,93078,M,4897150.0,249688.0,93
201000055847,10,3,10,1745,1,1,1,1.0,3.0,93066,M,4892580.0,233837.0,93
201000055848,10,3,11,1630,1,1,1,1.0,4.0,95306,M,,,95
201000055849,10,3,11,2030,3,1,1,1.0,6.0,95394,M,,,95
201000055850,10,3,13,5,4,1,1,1.0,6.0,95018,M,,,95
201000055851,10,3,13,400,4,1,1,1.0,6.0,95306,M,,,95
201000055852,10,9,8,810,1,1,1,2.0,6.0,95395,M,,,95
201000055853,10,3,13,2155,3,1,1,1.0,2.0,93010,M,4891690.0,247803.0,93
201000055854,10,9,8,900,1,1,1,2.0,4.0,95582,M,,,95
201000055855,10,3,14,700,1,1,1,1.0,3.0,95572,M,,,95
201000055856,10,9,8,1040,1,1,1,2.0,2.0,93066,M,,,93
201000055857,10,3,14,710,1,1,1,1.0,7.0,93078,M,4896170.0,252431.0,93
201000055858,10,3,15,600,3,1,1,1.0,7.0,95028,M,,,95
201000055859,10,9,9,1145,1,1,1,1.0,6.0,93005,M,,,93
201000055860,10,3,15,800,4,1,1,1.0,2.0,93007,M,4892930.0,248138.0,93
201000055861,10,3,15,915,1,1,1,1.0,4.0,95488,M,,,95
201000055862,10,9,8,1540,1,1,1,2.0,6.0,95394,M,,,95
201000055863,10,3,16,1130,1,1,1,1.0,2.0,95488,M,,,95
201000055864,10,9,8,1830,1,1,1,2.0,6.0,95042,M,,,95
201000055865,10,9,8,2040,1,1,1,1.0,7.0,95394,M,,,95
201000055866,10,3,17,940,1,1,1,1.0,2.0,93007,M,4894280.0,243374.0,93
201000055867,10,9,8,2100,3,1,1,2.0,4.0,93078,M,,,93
201000055868,10,9,9,820,1,1,1,1.0,6.0,93005,M,,,93
201000055869,10,9,9,800,1,1,1,1.0,4.0,93010,M,,,93
201000055870,10,3,18,2355,5,1,1,1.0,6.0,93066,M,4890610.0,235855.0,93
201000055871,10,3,19,140,5,1,1,2.0,7.0,93066,M,4892810.0,235794.0,93
201000055872,10,9,10,710,2,1,1,1.0,7.0,93013,M,,,93
201000055873,10,9,10,1930,1,1,1,1.0,2.0,92036,M,,,92
201000055874,10,3,21,1110,1,1,1,1.0,3.0,93029,M,4891840.0,242873.0,93