Num_Acc,an,mois,jour,hrmn,lum,agg,int,atm,col,com,gps,lat,long,dep
201000055875,10,3,22,930,1,1,1,1.0,3.0,93064,M,4888380.0,246701.0,93
201000055876,10,3,22,1130,1,1,1,1.0,6.0,93066,M,4892530.0,233949.0,93
201000055877,10,3,23,1930,5,1,1,1.0,2.0,93066,M,4891480.0,235775.0,93
201000055878,10,3,24,820,1,1,1,1.0,4.0,93005,M,4894670.0,247628.0,93
201000055879,10,3,25,1330,1,1,1,2.0,4.0,95582,M,,,95
201000055880,10,3,29,800,1,1,1,1.0,5.0,93010,M,4889740.0,246953.0,93
201000055881,10,3,29,1715,1,1,1,2.0,2.0,95500,M,,,95
201000055882,10,3,29,1830,1,1,1,3.0,6.0,95306,M,,,95
201000055883,10,3,30,740,5,1,1,1.0,4.0,95582,M,4896280.0,226390.0,95
201000055884,10,9,15,820,1,1,1,2.0,6.0,93066,M,,,93
201000055885,10,9,15,1545,1,1,1,1.0,6.0,95527,M,,,95
201000055886,10,9,20,105,3,1,1,1.0,7.0,93064,M,,,93
201000055887,10,9,20,750,1,1,1,1.0,7.0,93078,M,,,93
201000055888,10,9,20,840,1,1,1,1.0,5.0,93010,M,,,93
201000055889,10,9,27,1630,1,1,1,1.0,7.0,93027,M,,,93
201000055890,10,9,22,1150,1,1,1,1.0,6.0,95582,M,,,95
201000055891,10,9,22,1300,1,1,1,1.0,6.0,95252,M,,,95
201000055892,10,9,22,1215,1,1,1,1.0,6.0,93001,M,,,93
201000055893,10,9,30,800,1,1,1,2.0,6.0,95365,M,,,95
201000055894,10,9,24,1300,1,1,1,1.0,3.0,93008,M,,,93
201000055895,10,9,24,1700,1,1,1,1.0,7.0,93027,M,,,93
201000055896,10,9,24,1800,1,1,1,1.0,6.0,92036,M,,,92
201000055897,10,9,24,1958,3,1,1,2.0,6.0,95424,M,,,95
201000055898,10,9,24,2015,5,1,1,1.0,6.0,93066,M,,,93
201000055899,10,9,25,1540,1,1,1,2.0,5.0,93005,M,,,93
201000055900,10,9,26,2030,3,1,1,3.0,2.0,93001,M,,,93
201000055901,10,9,27,220,4,1,1,2.0,6.0,92078,M,,,92
201000055902,10,9,27,1245,1,1,1,1.0,3.0,92036,M,,,92
201000055903,10,9,28,930,1,1,1,1.0,5.0,93063,M,,,93
201000055904,10,9,30,2020,5,1,1,1.0,5.0,93066,M,,,93
201000055905,10,10,1,1830,1,1,1,2.0,7.0,93010,M,,,93
201000055906,10,10,2,50,3,1,1,2.0,2.0,93027,M,,,93
201000055907,10,10,2,640,3,1,1,2.0,3.0,93078,M,,,93
201000055908,10,10,2,800,1,1,1,2.0,5.0,95582,M,,,95
201000055909,10,10,2,925,1,1,1,8.0,7.0,93027,M,,,93
201000055910,10,10,3,1200,1,1,1,1.0,5.0,93078,M,,,93
201000055911,10,10,3,1620,1,1,1,1.0,2.0,93063,M,,,93
201000055912,10,10,3,1645,1,1,1,1.0,3.0,93005,M,,,93
201000055913,10,10,3,1920,3,1,1,2.0,3.0,95176,M,,,95
201000055914,10,10,3,2120,3,1,1,1.0,4.0,93066,M,,,93
201000055915,10,10,4,540,2,1,1,2.0,3.0,93007,M,,,93
201000055916,10,10,4,700,2,1,1,8.0,3.0,93010,M,,,93
201000055917,10,10,4,900,1,1,1,2.0,7.0,95060,M,,,95
201000055918,10,10,4,830,1,1,1,1.0,2.0,95219,M,,,95
201000055919,10,10,4,1055,1,1,1,2.0,7.0,95060,M,,,95
201000055920,10,10,5,610,2,1,1,8.0,6.0,93001,M,,,93
201000055921,10,10,5,615,3,1,1,2.0,7.0,93027,M,,,93
201000055922,10,10,5,900,1,1,1,2.0,7.0,95678,M,,,95
201000055923,10,10,5,810,1,1,1,2.0,3.0,95582,M,,,95
201000055924,10,10,6,2040,3,1,1,2.0,6.0,95018,M,4896150.0,226160.0,95
201000055925,10,10,8,830,1,1,1,1.0,7.0,95582,M,,,95
201000055926,10,10,8,950,1,1,1,1.0,4.0,95018,M,,,95
201000055927,10,10,9,1220,1,1,1,1.0,6.0,95641,M,,,95
201000055928,10,10,11,830,1,1,1,1.0,7.0,93064,M,,,93
201000055929,10,10,12,1330,1,1,1,1.0,2.0,95351,M,,,95
201000055930,10,10,13,1820,1,1,1,1.0,6.0,93001,M,,,93
201000055931,10,10,14,900,1,1,1,1.0,6.0,93064,M,,,93
201000055932,10,10,14,1625,1,1,1,1.0,6.0,93010,M,,,93
201000055933,10,10,15,900,1,1,1,1.0,2.0,95572,M,,,95
201000055934,10,10,15,940,1,1,1,1.0,6.0,95394,M,,,95
201000055935,10,10,15,1630,1,1,1,1.0,2.0,93013,M,,,93
201000055936,10,10,15,1840,1,1,1,1.0,6.0,93005,M,,,93
201000055937,10,10,17,725,2,1,1,2.0,6.0,95018,M,4896050.0,225940.0,95
201000055938,10,10,16,820,1,1,1,1.0,6.0,93078,M,,,93
201000055939,10,10,16,920,1,1,1,1.0,6.0,93027,M,,,93
201000055940,10,10,17,1030,1,1,1,1.0,7.0,93053,M,,,93
201000055941,10,10,17,1300,1,1,1,1.0,6.0,95527,M,,,95
201000055942,10,10,18,1520,1,1,1,1.0,2.0,93066,M,,,93
201000055943,10,10,18,1550,1,1,1,1.0,3.0,93027,M,,,93
201000055944,10,10,20,740,1,1,1,9.0,3.0,95252,M,,,95
201000055945,10,10,21,1545,1,1,1,1.0,7.0,95607,M,,,95
201000055946,10,10,23,627,4,1,1,1.0,2.0,93005,M,,,93
201000055947,10,10,23,2145,3,1,1,2.0,7.0,95582,M,,,95
201000055948,10,10,24,630,5,1,1,1.0,7.0,95219,M,,,95
201000055949,10,10,27,1830,1,1,1,1.0,5.0,92078,M,,,92
201000055950,10,10,25,2030,3,1,1,1.0,2.0,95488,M,,,95
201000055951,10,10,26,910,1,1,1,1.0,4.0,93039,M,,,93
201000055952,10,10,27,1130,1,1,1,1.0,6.0,93001,M,,,93
201000055953,10,10,28,1215,1,1,1,1.0,7.0,93053,M,,,93
201000055954,10,10,30,630,3,1,1,2.0,7.0,93027,M,,,93
201000055955,10,10,30,830,1,1,1,2.0,7.0,95277,M,4897340.0,248570.0,95
201000055956,10,3,4,1330,1,1,1,1.0,6.0,93006,M,4886940.0,242943.0,93
201000055957,10,10,31,630,5,1,1,1.0,2.0,95154,M,,,95
201000055958,10,11,2,1835,2,1,1,1.0,2.0,95678,M,,,95
201000055959,10,11,3,830,1,1,1,3.0,3.0,95678,M,,,95
201000055960,10,11,3,900,1,1,1,1.0,6.0,93010,M,,,93
201000055961,10,11,4,820,1,1,1,1.0,6.0,93027,M,,,93
201000055962,10,11,4,910,1,1,1,1.0,2.0,93064,M,,,93
201000055963,10,11,4,1800,3,1,1,1.0,2.0,95572,M,,,95
201000055964,10,11,5,1800,2,1,1,1.0,3.0,93006,M,,,93
201000055965,10,11,5,1920,3,1,1,1.0,3.0,93010,M,,,93
201000055966,10,11,7,615,2,1,1,2.0,6.0,95277,M,4897340.0,248550.0,95
201000055967,10,11,7,630,2,1,1,2.0,6.0,93027,M,,,93
201000055968,10,11,7,815,1,1,1,2.0,3.0,93078,M,,,93
201000055969,10,11,7,920,1,1,1,2.0,7.0,92078,M,,,92
201000055970,10,11,7,1300,1,1,1,2.0,6.0,93078,M,,,93
201000055971,10,11,7,1350,1,1,1,2.0,6.0,93078,M,,,93
201000055972,10,11,7,1515,1,1,1,2.0,5.0,95582,M,,,95
201000055973,10,11,7,1530,1,1,1,1.0,6.0,60612,M,,,60
201000055974,10,11,7,1700,2,1,1,1.0,6.0,95582,M,,,95
201000055975,10,11,7,1730,5,1,1,2.0,6.0,95018,M,,,95
201000055976,10,11,7,1400,1,1,1,2.0,6.0,95277,M,4897360.0,248600.0,95
201000055977,10,11,8,900,1,1,1,1.0,7.0,95018,M,,,95
201000055978,10,11,8,1520,1,1,1,2.0,3.0,95527,M,,,95
201000055979,10,11,8,1815,5,1,1,2.0,5.0,95582,M,4896350.0,226650.0,95
201000055980,10,11,8,2145,4,1,1,2.0,3.0,95277,M,4897310.0,248590.0,95
201000055981,10,11,9,740,2,1,1,2.0,2.0,95563,M,,,95
201000055982,10,11,9,900,1,1,1,2.0,7.0,95527,M,,,95
201000055983,10,11,9,1015,1,1,1,2.0,2.0,93066,M,,,93
201000055984,10,11,9,1045,1,1,1,2.0,7.0,95582,M,,,95
201000055985,10,11,9,1220,1,1,1,2.0,6.0,93027,M,,,93
201000055986,10,11,9,1145,1,1,1,2.0,7.0,95582,M,,,95
201000055987,10,11,10,615,3,1,1,2.0,7.0,93027,M,,,93
201000055988,10,11,10,830,1,1,1,1.0,7.0,95277,M,4897580.0,248270.0,95
201000055989,10,11,10,850,1,1,1,2.0,7.0,95394,M,,,95
201000055990,10,11,11,1955,3,1,1,2.0,7.0,93078,M,,,93
201000055991,10,11,11,2300,3,1,1,6.0,3.0,92036,M,,,92
201000055992,10,11,11,2345,3,1,1,6.0,6.0,95582,M,,,95
201000055993,10,11,12,1600,1,1,1,2.0,7.0,95394,M,,,95
201000055994,10,11,13,500,3,1,1,2.0,7.0,95527,M,,,95
201000055995,10,11,13,1000,1,1,1,2.0,7.0,93078,M,,,93
201000055996,10,11,13,1055,1,1,1,2.0,5.0,93027,M,,,93
201000055997,10,11,13,1130,1,1,1,3.0,3.0,95277,M,,,95
201000055998,10,11,13,1150,1,1,1,2.0,7.0,93078,M,,,93
201000055999,10,11,13,1240,1,1,1,3.0,6.0,93027,M,,,93
201000056000,10,11,13,1330,1,1,1,1.0,6.0,93078,M,,,93
201000056001,10,11,13,1700,1,1,1,2.0,6.0,93001,M,,,93
201000056002,10,4,1,735,3,1,1,1.0,6.0,95306,M,,,95
201000056003,10,4,2,200,5,1,1,1.0,7.0,93048,M,4887370.0,243705.0,93
201000056004,10,4,2,1650,1,1,1,1.0,2.0,93027,M,4893720.0,241063.0,93
201000056005,10,4,2,2310,5,1,1,1.0,2.0,93053,M,4888350.0,245873.0,93
201000056006,10,4,3,1120,1,1,1,2.0,7.0,95582,M,,,95
201000056007,10,11,14,800,1,1,1,2.0,6.0,93078,M,,,93
201000056008,10,11,14,800,1,1,1,2.0,7.0,60494,M,,,60
201000056009,10,11,14,920,1,1,1,1.0,3.0,92036,M,,,92
201000056010,10,11,14,1050,1,1,1,2.0,6.0,95241,M,,,95
201000056011,10,11,14,1301,1,1,1,2.0,6.0,95582,M,,,95
201000056012,10,4,4,830,1,1,1,2.0,2.0,93027,M,4893450.0,239693.0,93
201000056013,10,4,4,850,1,1,1,2.0,7.0,93005,M,,,93
201000056014,10,4,4,1010,1,1,1,2.0,6.0,93001,M,4892080.0,237196.0,93
201000056015,10,4,4,1230,1,1,1,1.0,7.0,93078,M,4895900.0,252760.0,93
201000056016,10,11,14,1620,1,1,1,2.0,7.0,95252,M,,,95
201000056017,10,11,14,1550,1,1,1,2.0,7.0,95582,M,,,95
201000056018,10,4,5,750,1,1,1,1.0,6.0,93013,M,4891790.0,235724.0,93
201000056019,10,4,5,1945,1,1,1,1.0,7.0,93078,M,4896670.0,251364.0,93
201000056020,10,11,15,1000,1,1,1,1.0,2.0,95218,M,,,95
201000056021,10,11,16,800,1,1,1,1.0,4.0,95018,M,,,95
201000056022,10,4,7,900,1,1,1,1.0,2.0,92036,M,,,92
201000056023,10,4,9,1215,1,1,1,1.0,3.0,93048,M,4886460.0,248229.0,93
201000056024,10,11,18,1300,1,1,1,1.0,6.0,93008,M,,,93
201000056025,10,11,18,2030,3,1,1,2.0,4.0,95500,M,,,95
201000056026,10,4,11,1620,1,1,1,1.0,6.0,95277,M,4897360.0,248630.0,95
201000056027,10,4,12,900,1,1,1,1.0,6.0,93027,M,4893490.0,239959.0,93
201000056028,10,11,19,650,3,1,1,1.0,2.0,93027,M,,,93
201000056029,10,11,19,700,2,1,1,1.0,6.0,95500,M,,,95
201000056030,10,11,19,830,1,1,1,1.0,2.0,93027,M,,,93
201000056031,10,11,19,1000,1,1,1,1.0,2.0,95018,M,,,95
201000056032,10,11,19,1110,1,1,1,1.0,2.0,95500,M,,,95
201000056033,10,4,14,815,1,1,1,1.0,3.0,93066,M,4892930.0,236094.0,93
201000056034,10,4,14,1530,1,1,1,1.0,2.0,95527,M,,,95
201000056035,10,4,14,1715,1,1,1,1.0,2.0,95042,M,,,95
201000056036,10,4,15,810,1,1,1,1.0,3.0,93027,M,4893600.0,240476.0,93
201000056037,10,11,19,650,2,1,1,1.0,6.0,92036,M,,,92
201000056038,10,11,20,1025,1,1,1,1.0,7.0,92078,M,,,92
201000056039,10,11,21,1035,1,1,1,2.0,6.0,93078,M,,,93
201000056040,10,4,17,1535,1,1,1,1.0,6.0,93066,M,4891990.0,235735.0,93
201000056041,10,4,17,2100,3,1,1,1.0,6.0,93001,M,4892080.0,237196.0,93
201000056042,10,4,20,1040,1,1,9,1.0,2.0,95219,M,,,95
201000056043,10,4,21,750,1,1,1,1.0,7.0,93008,M,4891550.0,243045.0,93
201000056044,10,4,21,1220,1,1,1,1.0,7.0,92036,M,,,92
201000056045,10,4,22,2100,2,1,1,1.0,2.0,93029,M,4892480.0,242591.0,93
201000056046,10,4,23,15,3,1,1,1.0,6.0,95365,M,,,95
201000056047,10,4,25,1400,1,1,1,1.0,7.0,95424,M,,,95
201000056048,10,4,25,1840,1,1,1,1.0,5.0,93064,M,4887000.0,248252.0,93
201000056049,10,11,24,1930,5,1,1,2.0,2.0,92036,M,,,92
201000056050,10,4,26,1915,1,1,1,1.0,2.0,95555,M,4897450.0,227750.0,95
201000056051,10,11,25,1715,3,1,1,1.0,7.0,95018,M,,,95
201000056052,10,11,25,1820,3,1,1,2.0,7.0,93066,M,,,93
201000056053,10,4,28,915,1,1,1,1.0,7.0,95424,M,,,95
201000056054,10,11,26,1540,1,1,1,1.0,3.0,93008,M,,,93
201000056055,10,11,26,1800,3,1,1,1.0,3.0,93005,M,,,93
201000056056,10,11,29,1840,3,1,1,1.0,7.0,93066,M,,,93
201000056057,10,11,29,2200,3,1,1,2.0,5.0,95500,M,,,95
201000056058,10,12,1,20,3,1,1,1.0,7.0,95582,M,4896250.0,226360.0,95
201000056059,10,12,2,705,3,1,1,4.0,6.0,95678,M,,,95
201000056060,10,12,2,1030,1,1,1,1.0,7.0,93073,M,,,93
201000056061,10,12,2,1715,3,1,1,1.0,7.0,95527,M,,,95
201000056062,10,12,2,1935,3,1,1,1.0,7.0,95582,M,,,95
201000056063,10,12,2,1915,3,1,1,1.0,7.0,95582,M,,,95
201000056064,10,12,3,655,3,1,1,9.0,6.0,95582,M,,,95
201000056065,10,12,3,935,1,1,1,1.0,6.0,95306,M,,,95
201000056066,10,12,4,240,5,1,1,1.0,6.0,93029,M,,,93
201000056067,10,12,4,925,1,1,1,1.0,3.0,93027,M,,,93
201000056068,10,12,6,1300,1,1,1,1.0,2.0,93008,M,,,93
201000056069,10,12,6,1650,1,1,1,1.0,2.0,93078,M,,,93
201000056070,10,12,6,1955,3,1,1,1.0,2.0,95572,M,,,95
201000056071,10,12,7,1220,1,1,1,4.0,2.0,93048,M,,,93
201000056072,10,12,9,945,1,1,1,4.0,6.0,95527,M,,,95
201000056073,10,12,11,1345,1,1,1,1.0,6.0,95607,M,,,95
201000056074,10,12,11,2000,5,1,1,1.0,3.0,93066,M,,,93
201000056075,10,12,11,2110,5,1,1,1.0,4.0,93066,M,,,93
201000056076,10,12,14,745,2,1,1,1.0,3.0,93005,M,,,93
201000056077,10,12,15,810,3,1,1,1.0,3.0,95607,M,,,95
201000056078,10,12,15,1005,1,1,1,1.0,3.0,93066,M,,,93
201000056079,10,12,16,930,1,1,1,1.0,7.0,95582,M,,,95
201000056080,10,12,17,1830,5,1,1,2.0,4.0,95154,M,,,95
201000056081,10,12,18,600,3,1,1,4.0,2.0,95241,M,,,95
201000056082,10,12,19,10,3,1,1,4.0,7.0,95582,M,,,95
201000056083,10,12,19,630,5,1,1,4.0,4.0,93053,M,,,93
201000056084,10,12,19,2335,3,1,1,2.0,6.0,93027,M,,,93
201000056085,10,12,21,845,1,1,1,1.0,2.0,93006,M,,,93
201000056086,10,12,25,1245,1,1,1,1.0,5.0,60494,M,,,60
201000056087,10,12,28,615,2,1,1,1.0,7.0,92036,M,,,92
201000056088,10,5,16,1800,1,1,1,1.0,2.0,93010,M,4890670.0,247229.0,93
201000056089,10,5,1,1830,1,1,1,1.0,5.0,93066,M,4893260.0,237440.0,93
201000056090,10,5,2,1300,1,1,1,1.0,7.0,93027,M,4892190.0,237785.0,93
201000056091,10,5,3,1020,1,1,1,1.0,2.0,92078,M,,,92
201000056092,10,5,5,2320,3,1,1,1.0,5.0,93007,M,4894270.0,243304.0,93
201000056093,10,5,6,1915,1,1,1,1.0,2.0,93066,M,4892520.0,235689.0,93
201000056094,10,5,6,1320,1,1,1,1.0,5.0,95277,M,4896790.0,247740.0,95
201000056095,10,5,7,1210,1,1,1,1.0,3.0,93064,M,4886390.0,248248.0,93
201000056096,10,5,7,1720,1,1,1,1.0,6.0,93066,M,4892650.0,233658.0,93
201000056097,10,5,9,630,2,1,1,2.0,7.0,93064,M,4888380.0,246820.0,93
201000056098,10,5,10,720,1,1,1,1.0,3.0,95563,M,,,95
201000056099,10,5,15,1430,1,1,1,1.0,6.0,95306,M,,,95
201000056100,10,5,16,1720,1,1,1,1.0,6.0,93064,M,4888390.0,246943.0,93
201000056101,10,5,16,2015,1,1,1,1.0,2.0,92036,M,,,92
201000056102,10,5,17,1510,1,1,1,1.0,3.0,93066,M,4890880.0,235836.0,93
201000056103,10,5,19,1830,1,1,1,1.0,3.0,93066,M,4892230.0,235873.0,93
201000056104,10,5,19,909,1,1,1,1.0,2.0,93008,M,4890890.0,244886.0,93
201000056105,10,5,20,715,1,1,1,1.0,4.0,93027,M,4893810.0,241367.0,93
201000056106,10,5,20,1700,1,1,1,1.0,2.0,93013,M,4893880.0,241706.0,93
201000056107,10,5,20,1736,1,1,1,1.0,2.0,93066,M,4892280.0,234512.0,93
201000056108,10,5,21,1545,1,1,1,1.0,3.0,93053,M,4888140.0,245383.0,93
201000056109,10,5,22,1045,1,1,1,1.0,4.0,93007,M,4892950.0,248137.0,93
201000056110,10,5,25,925,1,1,1,1.0,3.0,95527,M,,,95
201000056111,10,5,25,1945,1,1,1,2.0,6.0,95241,M,,,95
201000056112,10,5,25,2240,3,1,1,1.0,7.0,93078,M,4895820.0,253141.0,93
201000056113,10,5,26,1845,1,1,1,1.0,3.0,93063,M,4887530.0,244037.0,93
201000056114,10,5,27,835,1,1,1,1.0,2.0,93007,M,4892950.0,248137.0,93
201000056115,10,5,27,900,1,1,1,1.0,6.0,93048,M,4886650.0,248142.0,93
201000056116,10,5,27,1510,1,1,1,2.0,6.0,93027,M,4893390.0,238389.0,93
201000056117,10,5,28,530,4,1,1,1.0,3.0,93078,M,4897150.0,249688.0,93
201000056118,10,5,28,1020,1,1,1,1.0,6.0,93048,M,4887230.0,243434.0,93
201000056119,10,5,29,1450,1,1,1,1.0,3.0,93006,M,4887010.0,243030.0,93
201000056120,10,5,29,1950,1,1,1,3.0,3.0,95365,M,,,95
201000056121,10,5,30,1935,1,1,1,1.0,2.0,95277,M,4897360.0,248630.0,95
201000056122,10,5,31,850,1,1,1,1.0,4.0,95488,M,,,95
201000056123,10,5,31,925,1,1,1,1.0,4.0,93027,M,4892690.0,240467.0,93
201000056124,10,6,1,720,1,1,1,1.0,3.0,93005,M,4894720.0,247579.0,93
201000056125,10,6,1,1345,1,1,1,1.0,7.0,95563,M,,,95
201000056126,10,6,2,550,1,1,1,1.0,2.0,92036,M,,,92
201000056127,10,6,3,920,1,1,1,1.0,3.0,93006,M,4886640.0,241390.0,93
201000056128,10,6,3,1115,1,1,1,1.0,3.0,93006,M,4886620.0,242256.0,93
201000056129,10,6,3,1205,1,1,1,1.0,5.0,93064,M,4888530.0,248917.0,93
201000056130,10,6,3,1600,1,1,1,1.0,2.0,92078,M,,,92
201000056131,10,6,4,1400,1,1,1,1.0,4.0,93005,M,4895730.0,247324.0,93
201000056132,10,6,4,1630,1,1,1,1.0,5.0,93063,M,4887520.0,243990.0,93
201000056133,10,6,5,620,2,1,1,1.0,3.0,95252,M,,,95
201000056134,10,6,6,845,1,1,1,1.0,5.0,92036,M,,,92
201000056135,10,6,6,2000,1,1,1,1.0,3.0,95252,M,,,95
201000056136,10,6,8,600,1,1,1,1.0,2.0,95572,M,,,95
201000056137,10,6,7,1800,1,1,1,1.0,3.0,93008,M,4890180.0,246857.0,93
201000056138,10,6,8,930,1,1,1,1.0,3.0,93010,M,4891160.0,247579.0,93
201000056139,10,6,8,800,1,1,1,1.0,3.0,93008,M,4891100.0,244213.0,93
201000056140,10,6,9,900,1,1,1,2.0,7.0,95018,M,,,95
201000056141,10,6,9,730,1,1,1,2.0,7.0,93027,M,4892310.0,238226.0,93
201000056142,10,6,9,915,1,1,1,2.0,3.0,93064,M,4887880.0,247652.0,93
201000056143,10,6,9,1015,1,1,1,1.0,7.0,93064,M,,,93
201000056144,10,6,9,2055,1,1,1,2.0,6.0,95256,M,,,95
201000056145,10,6,10,1855,1,1,1,1.0,3.0,93010,M,4890390.0,247149.0,93
201000056146,10,6,10,1830,1,1,1,1.0,5.0,93006,M,4886630.0,241456.0,93
201000056147,10,6,11,35,3,1,1,1.0,7.0,95394,M,,,95
201000056148,10,6,11,545,2,1,1,1.0,6.0,93066,M,4893170.0,237055.0,93
201000056149,10,6,11,1720,1,1,1,1.0,6.0,93064,M,,,93
201000056150,10,6,11,1750,1,1,1,1.0,3.0,93007,M,4896010.0,246678.0,93
201000056151,10,6,12,815,1,1,1,2.0,2.0,93066,M,,,93
201000056152,10,6,12,800,1,1,1,2.0,2.0,93006,M,,,93
201000056153,10,6,12,1240,1,1,1,2.0,2.0,93001,M,4892190.0,237785.0,93
201000056154,10,6,13,30,3,1,1,1.0,7.0,93039,M,4892720.0,233481.0,93
201000056155,10,6,13,800,1,1,1,1.0,4.0,93006,M,4886780.0,242772.0,93
201000056156,10,6,14,900,1,1,1,1.0,3.0,95527,M,,,95
201000056157,10,6,14,1510,1,1,1,2.0,5.0,93066,M,4892470.0,234055.0,93
201000056158,10,6,15,950,1,1,1,1.0,5.0,93001,M,4892080.0,237196.0,93
201000056159,10,6,17,1410,1,1,1,1.0,3.0,93007,M,4895860.0,246459.0,93
201000056160,10,6,20,550,1,1,1,1.0,7.0,95678,M,,,95
201000056161,10,6,20,1215,1,1,1,1.0,7.0,93005,M,4891910.0,247868.0,93
201000056162,10,6,22,5,3,1,1,1.0,5.0,92036,M,,,92
201000056163,10,6,22,215,3,1,1,1.0,6.0,92036,M,,,92
201000056164,10,6,22,1300,1,1,1,1.0,3.0,93027,M,4893410.0,239210.0,93
201000056165,10,6,22,1700,1,1,1,1.0,4.0,93066,M,4892020.0,235750.0,93
201000056166,10,6,24,1050,1,1,1,1.0,4.0,95678,M,,,95
201000056167,10,6,24,1130,1,1,1,1.0,3.0,93007,M,4896250.0,247089.0,93
201000056168,10,6,24,1905,1,1,1,1.0,4.0,93027,M,4893550.0,240284.0,93
201000056169,10,6,24,1925,5,1,1,1.0,2.0,93008,M,4890960.0,244634.0,93
201000056170,10,6,24,2000,1,1,1,1.0,7.0,93053,M,4890380.0,235852.0,93
201000056171,10,6,25,620,1,1,1,1.0,3.0,93010,M,4889670.0,247006.0,93
201000056172,10,6,25,2045,1,1,1,1.0,7.0,93008,M,4891140.0,244090.0,93
201000056173,10,6,27,1620,1,1,1,1.0,7.0,92036,M,,,92
201000056174,10,6,29,835,1,1,1,1.0,4.0,93027,M,4892190.0,237785.0,93
201000056175,10,6,29,710,1,1,1,2.0,4.0,93064,M,4886910.0,248240.0,93
201000056176,10,6,30,800,1,1,1,1.0,4.0,95527,M,,,95
201000056177,10,6,30,900,1,1,1,1.0,3.0,95365,M,,,95
201000056178,10,6,30,1730,1,1,1,1.0,3.0,93053,M,4888920.0,247413.0,93
201000056179,10,6,30,1845,1,1,1,1.0,2.0,93007,M,4892930.0,248119.0,93
201000056180,10,7,1,730,1,1,1,1.0,4.0,95277,M,4897140.0,248660.0,95
201000056181,10,7,1,1700,1,1,1,1.0,7.0,93053,M,,,93
201000056182,10,7,1,1930,1,1,1,1.0,3.0,93007,M,,,93
201000056183,10,7,2,930,1,1,1,1.0,2.0,93005,M,,,93
201000056184,10,7,2,1020,1,1,1,1.0,3.0,60421,M,,,60
201000056185,10,7,2,1030,1,1,1,1.0,6.0,93005,M,,,93
201000056186,10,7,2,1200,1,1,1,1.0,7.0,93053,M,,,93
201000056187,10,7,2,1755,1,1,1,2.0,6.0,95042,M,,,95
201000056188,10,7,2,2035,1,1,1,1.0,7.0,93066,M,,,93
201000056189,10,7,3,1220,1,1,1,8.0,6.0,92078,M,,,92
201000056190,10,7,3,1220,1,1,1,1.0,2.0,92078,M,,,92
201000056191,10,7,4,1600,1,1,1,1.0,6.0,60494,M,,,60
201000056192,10,7,6,1430,1,1,1,1.0,3.0,93005,M,,,93
201000056193,10,7,7,825,1,1,1,1.0,5.0,95527,M,,,95
201000056194,10,7,7,2025,1,1,1,1.0,7.0,93027,M,,,93
201000056195,10,7,8,850,1,1,1,1.0,3.0,93027,M,,,93
201000056196,10,7,9,1110,1,1,1,1.0,3.0,95060,M,,,95
201000056197,10,7,11,900,1,1,1,1.0,2.0,95527,M,,,95
201000056198,10,7,16,910,1,1,1,2.0,3.0,92036,M,,,92
201000056199,10,7,12,2020,1,1,1,1.0,7.0,95488,M,,,95
201000056200,10,7,10,30,3,1,1,1.0,6.0,93007,M,,,93
201000056201,10,7,13,1900,1,1,1,1.0,4.0,95582,M,,,95
201000056202,10,6,16,1130,1,1,1,1.0,5.0,92036,M,,,92
201000056203,10,7,14,245,5,1,1,1.0,6.0,93066,M,,,93
201000056204,10,7,14,740,1,1,1,1.0,3.0,93007,M,,,93
201000056205,10,7,14,1715,1,1,1,6.0,6.0,95365,M,,,95
201000056206,10,7,17,1920,1,1,1,1.0,3.0,93064,M,,,93
201000056207,10,7,17,2010,1,1,1,1.0,2.0,93008,M,,,93
201000056208,10,7,19,800,1,1,1,1.0,3.0,93066,M,,,93
201000056209,10,7,19,1105,1,1,1,1.0,2.0,93027,M,,,93
201000056210,10,7,19,900,1,1,1,1.0,5.0,93048,M,,,93
201000056211,10,7,19,1600,1,1,1,1.0,5.0,93064,M,,,93
201000056212,10,7,19,1750,1,1,1,1.0,2.0,93007,M,,,93
201000056213,10,7,21,1600,1,1,1,1.0,3.0,95527,M,,,95
201000056214,10,7,22,1840,1,1,1,1.0,4.0,93064,M,,,93
201000056215,10,7,22,2330,3,1,1,1.0,2.0,93010,M,,,93
201000056216,10,7,26,600,1,1,1,1.0,6.0,93005,M,,,93
201000056217,10,7,26,840,1,1,1,1.0,4.0,92036,M,,,92
201000056218,10,7,26,1130,1,1,1,1.0,7.0,60612,M,,,60
201000056219,10,7,27,2130,3,1,1,1.0,6.0,93005,M,,,93
201000056220,10,7,30,1700,1,1,1,1.0,3.0,95572,M,,,95
201000056221,10,7,30,1920,1,1,1,1.0,7.0,93064,M,,,93
201000056222,10,7,31,1540,1,1,1,1.0,2.0,92036,M,,,92
201000056223,10,7,31,2020,1,1,1,1.0,2.0,95151,M,,,95
201000056224,10,8,16,700,1,1,1,3.0,7.0,95582,M,4896050.0,225940.0,95
201000056225,10,8,16,1047,1,1,1,2.0,7.0,95682,M,,,95
201000056226,10,8,20,1700,1,1,1,1.0,2.0,60631,M,,,60
201000056227,10,8,23,1350,1,1,1,1.0,7.0,95582,M,4896360.0,226530.0,95