Num_Acc,an,mois,jour,hrmn,lum,agg,int,atm,col,com,gps,lat,long,dep
201000056228,10,8,23,1310,1,1,1,3.0,7.0,93027,M,,,93
201000056229,10,8,23,1550,1,1,1,1.0,2.0,93007,M,,,93
201000056230,10,8,25,1025,1,1,1,1.0,3.0,95582,M,,,95
201000056231,10,8,30,1708,1,1,1,1.0,2.0,93007,M,,,93
201000056232,10,8,30,1940,1,1,1,1.0,5.0,93010,M,,,93
201000056233,10,9,1,900,1,1,1,1.0,7.0,95678,M,,,95
201000056234,10,9,2,1905,1,1,1,1.0,7.0,95277,M,4896630.0,247720.0,95
201000056235,10,9,3,1800,1,1,1,1.0,4.0,93027,M,,,93
201000056236,10,9,3,1950,1,1,1,1.0,6.0,93006,M,,,93
201000056237,10,9,3,2235,3,1,1,1.0,2.0,93053,M,,,93
201000056238,10,9,5,1745,1,1,1,1.0,2.0,93066,M,,,93
201000056239,10,9,6,700,1,1,1,1.0,7.0,93078,M,,,93
201000056240,10,9,7,404,4,1,1,1.0,6.0,95219,M,,,95
201000056241,10,9,7,710,2,1,1,1.0,3.0,93005,M,,,93
201000056242,10,9,8,1440,1,1,1,1.0,3.0,95018,M,,,95
201000056243,10,9,8,1800,1,1,1,2.0,6.0,93053,M,,,93
201000056244,10,9,8,2015,5,1,1,2.0,2.0,93006,M,,,93
201000056245,10,9,10,635,3,1,1,1.0,3.0,95256,M,,,95
201000056246,10,9,10,1840,1,1,1,1.0,3.0,93066,M,,,93
201000056247,10,9,10,1850,1,1,1,1.0,6.0,93001,M,,,93
201000056248,10,9,11,1505,1,1,1,1.0,3.0,93007,M,,,93
201000056249,10,9,11,1945,1,1,9,1.0,2.0,93066,M,,,93
201000056250,10,9,11,2230,5,1,1,1.0,2.0,95582,M,4896750.0,227380.0,95
201000056251,10,9,12,450,4,1,1,1.0,7.0,93008,M,,,93
201000056252,10,9,13,550,3,1,1,1.0,1.0,93078,M,,,93
201000056253,10,9,13,750,1,1,1,1.0,2.0,93048,M,,,93
201000056254,10,9,14,1830,1,1,1,1.0,2.0,93063,M,,,93
201000056255,10,9,15,1450,1,1,1,1.0,6.0,95218,M,,,95
201000056256,10,9,15,1900,1,1,1,1.0,2.0,93007,M,,,93
201000056257,10,9,15,2010,2,1,1,1.0,6.0,95252,M,4898680.0,221060.0,95
201000056258,10,9,15,2120,4,1,1,1.0,3.0,92036,M,,,92
201000056259,10,9,16,720,2,1,1,1.0,5.0,92036,M,,,92
201000056260,10,9,16,1800,1,1,1,1.0,3.0,93008,M,,,93
201000056261,10,9,16,1800,1,1,1,1.0,3.0,93066,M,,,93
201000056262,10,9,17,1710,1,1,1,1.0,3.0,93006,M,,,93
201000056263,10,9,18,950,1,1,1,1.0,6.0,92036,M,,,92
201000056264,10,9,18,1205,1,1,1,1.0,2.0,95572,M,,,95
201000056265,10,9,18,1250,1,1,1,1.0,2.0,95252,M,,,95
201000056266,10,9,21,740,1,1,1,1.0,6.0,95527,M,4898220.0,250220.0,95
201000056267,10,9,21,920,1,1,1,1.0,3.0,93063,M,,,93
201000056268,10,9,20,1615,1,1,1,1.0,4.0,93010,M,,,93
201000056269,10,9,22,500,3,1,1,1.0,6.0,93078,M,,,93
201000056270,10,9,22,1740,1,1,1,1.0,3.0,93064,M,,,93
201000056271,10,9,23,1320,1,1,1,2.0,6.0,93078,M,,,93
201000056272,10,9,24,800,1,1,1,1.0,7.0,93006,M,,,93
201000056273,10,9,24,800,1,1,1,2.0,7.0,95365,M,4906640.0,240370.0,95
201000056274,10,9,24,940,1,1,1,2.0,6.0,93006,M,,,93
201000056275,10,9,24,1015,1,1,1,1.0,3.0,93006,M,,,93
201000056276,10,9,24,1230,1,1,1,1.0,2.0,92036,M,,,92
201000056277,10,9,24,1300,1,1,1,1.0,7.0,93066,M,,,93
201000056278,10,9,26,2330,3,1,1,8.0,6.0,95018,M,,,95
201000056279,10,9,26,1730,1,1,1,3.0,6.0,93053,M,,,93
201000056280,10,9,27,1330,1,1,1,1.0,6.0,95018,M,4895750.0,227680.0,95
201000056281,10,9,27,1940,2,1,1,1.0,2.0,93063,M,,,93
201000056282,10,9,28,735,1,1,1,1.0,5.0,93008,M,,,93
201000056283,10,9,28,740,1,1,1,1.0,3.0,95252,M,,,95
201000056284,10,9,28,850,1,1,1,1.0,2.0,93066,M,,,93
201000056285,10,9,28,1520,1,1,1,1.0,6.0,93027,M,,,93
201000056286,10,9,29,300,3,1,1,1.0,7.0,92036,M,,,92
201000056287,10,9,30,1100,1,1,1,2.0,7.0,93027,M,,,93
201000056288,10,9,30,1210,1,1,1,1.0,7.0,93006,M,,,93
201000056289,10,10,1,815,1,1,1,1.0,3.0,95582,M,,,95
201000056290,10,10,1,850,1,1,1,1.0,7.0,93053,M,,,93
201000056291,10,10,1,830,1,1,1,1.0,7.0,95028,M,,,95
201000056292,10,10,1,845,1,1,1,1.0,3.0,95252,M,,,95
201000056293,10,10,2,830,2,1,1,1.0,7.0,95212,M,4902850.0,252880.0,95
201000056294,10,10,2,1300,1,1,1,2.0,6.0,93078,M,,,93
201000056295,10,10,3,345,3,1,1,1.0,2.0,95488,M,,,95
201000056296,10,10,7,1435,1,1,1,1.0,6.0,95424,M,,,95
201000056297,10,10,10,1945,3,1,1,1.0,2.0,93064,M,,,93
201000056298,10,10,11,815,1,1,1,1.0,3.0,93010,M,,,93
201000056299,10,10,17,830,1,1,1,1.0,4.0,92036,M,,,92
201000056300,10,10,11,1400,1,1,1,1.0,2.0,93066,M,,,93
201000056301,10,10,11,1645,1,1,1,1.0,5.0,95018,M,,,95
201000056302,10,10,11,1830,5,1,1,1.0,2.0,93008,M,,,93
201000056303,10,10,11,2000,4,1,1,1.0,5.0,95018,M,,,95
201000056304,10,10,11,2000,3,1,1,1.0,4.0,93027,M,,,93
201000056305,10,10,12,745,1,1,1,1.0,3.0,95582,M,,,95
201000056306,10,10,12,1745,1,1,1,1.0,6.0,93073,M,,,93
201000056307,10,10,12,2150,3,1,1,1.0,3.0,93010,M,,,93
201000056308,10,10,13,945,1,1,1,1.0,3.0,93066,M,,,93
201000056309,10,10,14,1745,1,1,1,1.0,5.0,93048,M,,,93
201000056310,10,10,16,2015,5,1,1,1.0,7.0,93064,M,,,93
201000056311,10,10,17,2130,3,1,1,1.0,7.0,93005,M,,,93
201000056312,10,10,19,1220,1,1,1,1.0,3.0,95491,M,,,95
201000056313,10,10,19,1305,1,1,1,2.0,7.0,92036,M,,,92
201000056314,10,10,20,740,1,1,1,1.0,3.0,93078,M,,,93
201000056315,10,10,22,1515,1,1,1,1.0,2.0,93048,M,,,93
201000056316,10,10,25,830,1,1,1,1.0,4.0,92078,M,,,92
201000056317,10,10,25,900,1,1,1,1.0,3.0,95018,M,,,95
201000056318,10,10,25,1110,1,1,1,1.0,2.0,95604,M,4909230.0,255080.0,95
201000056319,10,10,25,1235,1,1,1,1.0,2.0,95582,M,,,95
201000056320,10,10,25,1400,1,1,1,1.0,6.0,93064,M,,,93
201000056321,10,10,25,1715,1,1,1,1.0,6.0,93064,M,,,93
201000056322,10,10,27,1030,1,1,1,1.0,2.0,95018,M,,,95
201000056323,10,10,29,1815,1,1,1,1.0,2.0,93005,M,,,93
201000056324,10,10,30,1115,1,1,1,2.0,6.0,92036,M,,,92
201000056325,10,10,30,1200,1,1,1,1.0,7.0,93027,M,,,93
201000056326,10,10,30,1245,1,1,1,2.0,2.0,95641,M,,,95
201000056327,10,10,30,1300,1,1,1,1.0,7.0,93078,M,,,93
201000056328,10,10,31,740,1,1,1,1.0,7.0,93066,M,,,93
201000056329,10,4,2,1845,1,1,1,1.0,2.0,93066,M,4892800.0,235755.0,93
201000056330,10,4,4,1640,1,1,1,8.0,6.0,93064,M,4888360.0,247155.0,93
201000056331,10,4,4,1800,1,1,1,7.0,6.0,93078,M,4897120.0,249814.0,93
201000056332,10,11,3,845,1,1,1,1.0,6.0,93005,M,,,93
201000056333,10,11,3,1730,2,1,1,1.0,7.0,92036,M,,,92
201000056334,10,11,4,1840,5,1,1,2.0,7.0,93008,M,,,93
201000056335,10,11,5,1030,1,1,1,1.0,4.0,93006,M,,,93
201000056336,10,11,6,1210,1,1,1,2.0,5.0,95572,M,,,95
201000056337,10,11,7,1505,1,1,1,2.0,6.0,93053,M,,,93
201000056338,10,11,7,1615,1,1,1,2.0,6.0,93027,M,,,93
201000056339,10,11,7,1900,5,1,1,2.0,7.0,92036,M,,,92
201000056340,10,11,7,1715,1,1,1,2.0,6.0,95527,M,,,95
201000056341,10,11,7,2020,3,1,1,2.0,6.0,93078,M,,,93
201000056342,10,11,7,2110,3,1,1,2.0,3.0,93078,M,,,93
201000056343,10,11,9,100,4,1,1,1.0,3.0,95256,M,,,95
201000056344,10,11,9,1740,3,1,1,2.0,6.0,93027,M,,,93
201000056345,10,11,9,1350,1,1,1,2.0,6.0,93078,M,,,93
201000056346,10,11,9,2120,3,1,1,2.0,2.0,95252,M,,,95
201000056347,10,11,10,1800,3,1,1,1.0,6.0,95394,M,,,95
201000056348,10,11,11,530,3,1,1,1.0,2.0,95580,M,4909110.0,255110.0,95
201000056349,10,11,11,1020,1,1,1,3.0,3.0,95582,M,,,95
201000056350,10,11,13,2150,4,1,1,1.0,3.0,93078,M,,,93
201000056351,10,11,14,40,4,1,1,1.0,7.0,95018,M,,,95
201000056352,10,11,14,1245,1,1,1,2.0,7.0,93027,M,,,93
201000056353,10,11,14,1715,3,1,1,3.0,6.0,93078,M,,,93
201000056354,10,11,14,1300,1,1,1,2.0,6.0,95582,M,,,95
201000056355,10,11,15,1720,4,1,1,1.0,7.0,95277,M,4897360.0,248630.0,95
201000056356,10,11,15,1800,3,1,1,2.0,3.0,92036,M,,,92
201000056357,10,11,16,2010,3,1,1,1.0,3.0,93007,M,,,93
201000056358,10,11,17,715,2,1,1,1.0,3.0,93005,M,,,93
201000056359,10,11,17,910,1,1,1,1.0,5.0,93066,M,,,93
201000056360,10,11,18,1745,5,1,1,1.0,2.0,93007,M,,,93
201000056361,10,11,19,1730,1,1,1,1.0,3.0,93005,M,,,93
201000056362,10,11,19,1745,3,1,1,1.0,2.0,93006,M,,,93
201000056363,10,11,20,744,2,1,1,1.0,5.0,93013,M,,,93
201000056364,10,11,20,1930,4,1,1,1.0,3.0,93064,M,,,93
201000056365,10,11,20,1945,3,1,1,1.0,4.0,95424,M,,,95
201000056366,10,11,21,1220,1,1,1,2.0,6.0,93027,M,,,93
201000056367,10,11,21,1440,1,1,1,2.0,6.0,93066,M,,,93
201000056368,10,11,21,1740,2,1,1,2.0,6.0,95682,M,,,95
201000056369,10,11,22,815,1,1,1,1.0,5.0,95582,M,,,95
201000056370,10,11,22,1040,1,1,1,1.0,6.0,95582,M,,,95
201000056371,10,11,23,640,4,1,1,1.0,3.0,93010,M,,,93
201000056372,10,11,23,830,1,1,1,1.0,2.0,95582,M,,,95
201000056373,10,11,24,820,1,1,1,1.0,7.0,95582,M,,,95
201000056374,10,11,24,900,1,1,1,1.0,2.0,93010,M,,,93
201000056375,10,11,24,930,1,1,1,2.0,7.0,93006,M,,,93
201000056376,10,11,24,1000,1,1,1,2.0,3.0,93010,M,,,93
201000056377,10,11,25,1100,1,1,1,1.0,6.0,95252,M,,,95
201000056378,10,11,27,715,4,1,1,1.0,2.0,93005,M,,,93
201000056379,10,11,27,2300,3,1,1,1.0,4.0,93066,M,,,93
201000056380,10,11,27,1820,3,1,1,1.0,2.0,93005,M,,,93
201000056381,10,4,23,2325,3,1,1,1.0,3.0,93010,M,4889720.0,246985.0,93
201000056382,10,11,29,640,3,1,1,1.0,7.0,95256,M,,,95
201000056383,10,11,29,940,1,1,1,1.0,2.0,95277,M,4897710.0,247620.0,95
201000056384,10,11,29,1830,3,1,1,1.0,5.0,93053,M,,,93
201000056385,10,11,30,600,3,1,1,1.0,3.0,93005,M,,,93
201000056386,10,11,30,1930,5,1,1,1.0,5.0,95203,M,4897710.0,228410.0,95
201000056387,10,11,3,926,1,1,1,1.0,2.0,93064,M,,,93
201000056388,10,12,1,2330,5,1,1,4.0,2.0,93027,M,,,93
201000056389,10,12,2,515,3,1,1,4.0,7.0,93078,M,,,93
201000056390,10,12,3,1420,1,1,1,1.0,7.0,95256,M,,,95
201000056391,10,12,3,1715,5,1,1,1.0,6.0,95154,M,,,95
201000056392,10,12,6,900,1,1,1,2.0,2.0,95488,M,,,95
201000056393,10,12,6,910,1,1,1,1.0,7.0,93078,M,,,93
201000056394,10,12,7,2200,3,1,1,2.0,6.0,95365,M,,,95
201000056395,10,12,7,2310,3,1,1,2.0,6.0,95365,M,,,95
201000056396,10,12,11,1520,1,1,1,1.0,7.0,60494,M,,,60
201000056397,10,12,10,1530,1,1,1,1.0,6.0,93005,M,,,93
201000056398,10,12,15,1915,5,1,1,1.0,3.0,93001,M,,,93
201000056399,10,12,16,1820,3,1,1,4.0,7.0,95018,M,,,95
201000056400,10,12,17,230,3,1,1,4.0,7.0,93005,M,,,93
201000056401,10,12,18,600,3,1,1,4.0,7.0,95365,M,,,95
201000056402,10,12,18,1000,1,1,1,1.0,7.0,93027,M,,,93
201000056403,10,12,20,1515,1,1,1,1.0,6.0,93027,M,,,93
201000056404,10,12,20,2010,3,1,1,2.0,5.0,93053,M,,,93
201000056405,10,12,21,1330,1,1,1,1.0,7.0,93066,M,,,93
201000056406,10,12,21,1700,4,1,1,1.0,6.0,93006,M,,,93
201000056407,10,12,22,1245,1,1,1,1.0,3.0,93053,M,,,93
201000056408,10,12,27,15,3,1,1,1.0,3.0,93010,M,,,93
201000056409,10,12,24,530,4,1,1,4.0,3.0,93064,M,,,93
201000056410,10,12,24,650,1,1,1,1.0,7.0,95641,M,,,95
201000056411,10,12,24,945,1,1,1,4.0,6.0,93029,M,,,93
201000056412,10,12,24,1030,1,1,1,1.0,2.0,93066,M,,,93
201000056413,10,12,28,1550,1,1,1,2.0,3.0,95241,M,,,95
201000056414,10,12,29,630,3,1,1,8.0,5.0,93027,M,,,93
201000056415,10,12,30,1045,1,1,1,1.0,7.0,95582,M,,,95
201000056416,10,4,16,2310,3,1,1,1.0,7.0,95582,M,,,95
201000056417,10,6,1,1840,1,1,1,1.0,2.0,93008,M,4891000.0,244509.0,93
201000056418,10,4,26,45,3,1,1,1.0,2.0,95488,M,,,95
201000056419,10,11,13,1940,3,1,1,2.0,4.0,95582,M,,,95
201000056420,10,11,14,1420,1,1,1,2.0,6.0,95252,M,,,95
201000056421,10,5,24,140,4,1,1,1.0,6.0,95572,M,,,95
201000056422,10,6,10,1845,1,1,1,1.0,7.0,60494,M,,,60
201000056423,10,6,14,1800,1,1,1,1.0,3.0,93010,M,4891700.0,247828.0,93
201000056424,10,6,29,815,1,1,1,1.0,3.0,93008,M,4891030.0,244383.0,93
201000056425,10,7,13,2000,1,1,1,1.0,3.0,95018,M,,,95
201000056426,10,9,9,1620,1,1,1,3.0,7.0,93027,M,,,93
201000056427,10,9,18,505,5,1,1,1.0,1.0,93066,M,,,93
201000056428,10,9,20,2220,3,1,1,1.0,4.0,92036,M,,,92
201000056429,10,10,24,435,3,1,1,8.0,7.0,95018,M,,,95
201000056430,10,10,28,1235,1,1,1,1.0,2.0,95582,M,,,95
201000056431,10,10,28,1430,1,1,1,1.0,2.0,93063,M,,,93
201000056432,10,10,28,2230,5,1,1,1.0,5.0,60631,M,,,60
201000056433,10,12,3,2140,3,1,1,1.0,3.0,95394,M,,,95
201000056434,10,12,6,155,5,1,1,1.0,7.0,93007,M,,,93
201000056435,10,12,10,10,5,1,9,1.0,6.0,95675,M,,,95
201000056436,10,12,12,2123,4,1,1,1.0,7.0,93005,M,,,93
201000056437,10,12,22,2310,4,1,1,2.0,3.0,93006,M,,,93
201000056438,10,1,3,530,3,1,1,8.0,2.0,78455,M,4885930.0,204996.0,78
201000056439,10,1,3,1257,1,1,1,1.0,6.0,78126,M,4883880.0,212144.0,78
201000056440,10,1,4,600,3,1,1,1.0,5.0,78090,M,4897030.0,190011.0,78
201000056441,10,1,4,1245,1,1,1,1.0,6.0,78140,M,4896470.0,192489.0,78
201000056442,10,1,5,220,3,1,1,1.0,6.0,92036,M,,,92
201000056443,10,1,5,700,3,1,1,1.0,3.0,92048,M,,,92
201000056444,10,1,5,740,2,1,1,1.0,7.0,92047,M,,,92
201000056445,10,1,6,1800,3,1,1,8.0,7.0,92036,M,,,92
201000056446,10,1,7,420,3,1,1,4.0,6.0,78646,M,4878990.0,212509.0,78
201000056447,10,1,11,1100,1,1,1,9.0,2.0,92025,M,,,92
201000056448,10,1,11,1655,1,1,1,8.0,2.0,78118,M,4899070.0,164491.0,78
201000056449,10,1,11,1948,5,1,9,8.0,7.0,92050,M,,,92
201000056450,10,1,14,940,1,1,1,8.0,4.0,78140,M,4896460.0,192505.0,78
201000056451,10,1,13,1312,1,1,1,8.0,6.0,92012,M,,,92
201000056452,10,1,15,850,1,1,1,1.0,2.0,92012,M,,,92
201000056453,10,1,16,2300,3,1,1,3.0,7.0,78423,M,4879850.0,200191.0,78
201000056454,10,1,17,1515,1,1,1,1.0,7.0,78242,M,4881610.0,206252.0,78
201000056455,10,1,18,500,5,1,1,2.0,6.0,78466,M,4892060.0,200612.0,78
201000056456,10,1,18,730,2,1,1,2.0,3.0,92025,M,,,92
201000056457,10,1,18,1855,3,1,1,1.0,3.0,92064,M,,,92
201000056458,10,1,19,335,3,1,1,5.0,5.0,78217,M,4896370.0,182799.0,78
201000056459,10,1,19,900,1,1,1,5.0,3.0,78043,M,4884130.0,210161.0,78
201000056460,10,1,20,2310,5,1,1,8.0,6.0,92064,M,,,92
201000056461,10,1,21,800,5,1,1,8.0,3.0,92036,M,,,92
201000056462,10,1,21,1845,5,1,1,1.0,2.0,92025,M,,,92
201000056463,10,1,23,1130,1,1,1,2.0,6.0,78423,M,4879540.0,204538.0,78
201000056464,10,1,23,1350,1,1,1,2.0,4.0,78362,M,4898860.0,165577.0,78
201000056465,10,1,23,1315,1,1,1,1.0,7.0,92050,M,,,92
201000056466,10,1,25,620,5,1,1,1.0,6.0,92025,M,,,92
201000056467,10,1,25,740,5,1,1,1.0,5.0,92023,M,,,92
201000056468,10,1,26,915,1,1,1,1.0,6.0,78646,M,4879080.0,210750.0,78
201000056469,10,1,26,1000,1,1,1,4.0,4.0,78423,M,4879350.0,204076.0,78
201000056470,10,1,18,1830,1,1,1,1.0,6.0,92050,M,,,92
201000056471,10,1,27,440,3,1,1,1.0,5.0,78029,M,4896530.0,184916.0,78
201000056472,10,1,27,1107,1,1,1,1.0,7.0,92036,M,,,92
201000056473,10,1,28,817,1,1,1,1.0,2.0,92036,M,,,92
201000056474,10,1,30,1545,1,1,1,2.0,6.0,78297,M,4878850.0,206114.0,78
201000056475,10,1,29,2110,5,1,1,4.0,6.0,92072,M,,,92
201000056476,10,1,30,355,3,1,1,4.0,2.0,78571,M,4886980.0,202970.0,78
201000056477,10,1,23,1340,1,1,1,1.0,5.0,78362,M,4897650.0,171877.0,78
201000056478,10,1,31,1310,1,1,1,1.0,4.0,92047,M,,,92
201000056479,10,1,31,1845,5,1,1,1.0,7.0,92036,M,,,92
201000056480,10,2,1,720,2,1,1,2.0,5.0,78524,M,4883970.0,211761.0,78
201000056481,10,2,2,50,5,1,1,1.0,3.0,78007,M,4889560.0,200693.0,78
201000056482,10,2,2,630,3,1,1,1.0,7.0,78029,M,4896680.0,185414.0,78
201000056483,10,2,2,825,1,1,1,2.0,4.0,78291,M,4896540.0,175910.0,78
201000056484,10,2,2,1210,1,1,1,2.0,6.0,78423,M,4879480.0,204795.0,78
201000056485,10,2,4,904,1,1,1,1.0,5.0,78640,M,4877700.0,222456.0,78
201000056486,10,2,5,1015,1,1,1,8.0,7.0,92047,M,,,92
201000056487,10,2,6,20,3,1,1,1.0,6.0,78233,M,4888270.0,201502.0,78
201000056488,10,2,6,1225,1,1,1,2.0,7.0,78321,M,4879900.0,191600.0,78
201000056489,10,2,6,1335,1,1,1,3.0,7.0,92036,M,,,92
201000056490,10,2,6,2111,5,1,1,8.0,4.0,92047,M,,,92
201000056491,10,2,6,2115,3,1,1,1.0,7.0,78362,M,4897310.0,172972.0,78
201000056492,10,2,7,15,5,1,1,8.0,3.0,78117,M,4878740.0,214642.0,78
201000056493,10,2,7,540,5,1,1,1.0,6.0,78206,M,4894660.0,194769.0,78
201000056494,10,2,8,830,1,1,1,2.0,7.0,92050,M,,,92
201000056495,10,2,8,853,1,1,1,1.0,3.0,92047,M,,,92
201000056496,10,2,9,150,3,1,1,1.0,6.0,92036,M,,,92
201000056497,10,2,9,809,1,1,1,4.0,2.0,78640,M,4877970.0,219096.0,78
201000056498,10,2,9,809,3,1,1,9.0,7.0,78640,M,4878020.0,218425.0,78
201000056499,10,2,9,850,1,1,1,4.0,7.0,78640,M,4878020.0,218425.0,78
201000056500,10,2,9,1711,1,1,1,1.0,6.0,78043,M,4884260.0,209364.0,78
201000056501,10,2,10,1445,1,1,1,4.0,3.0,78073,M,4879810.0,200888.0,78
201000056502,10,2,10,2235,5,1,1,4.0,3.0,78126,M,4883900.0,212015.0,78
201000056503,10,2,11,900,1,1,1,8.0,2.0,78418,M,4891560.0,213033.0,78
201000056504,10,2,13,30,5,1,1,9.0,6.0,78073,M,4879910.0,204466.0,78
201000056505,10,2,15,725,5,1,1,1.0,3.0,92047,M,,,92
201000056506,10,2,15,1910,5,1,1,1.0,6.0,92036,M,,,92
201000056507,10,2,16,856,1,1,1,1.0,2.0,78646,M,4878990.0,212373.0,78
201000056508,10,2,16,1000,1,1,1,1.0,4.0,92025,M,,,92
201000056509,10,2,14,2215,3,1,1,8.0,6.0,78090,M,4896990.0,191244.0,78
201000056510,10,2,17,1320,1,1,1,2.0,2.0,92051,M,,,92
201000056511,10,2,18,849,1,1,1,1.0,7.0,92036,M,,,92
201000056512,10,2,18,1930,5,1,1,8.0,3.0,78418,M,4891350.0,215607.0,78
201000056513,10,2,19,1330,1,1,1,1.0,6.0,78466,M,4892550.0,199744.0,78
201000056514,10,2,19,1645,1,1,1,1.0,4.0,92063,M,,,92
201000056515,10,2,19,1830,2,1,1,1.0,4.0,78322,M,4878660.0,215173.0,78
201000056516,10,2,20,128,3,1,1,1.0,7.0,92036,M,,,92
201000056517,10,2,20,235,3,1,1,1.0,7.0,92036,M,,,92
201000056518,10,2,20,358,5,1,1,1.0,6.0,92064,M,,,92
201000056519,10,2,20,1445,1,1,1,1.0,3.0,92064,M,,,92
201000056520,10,2,21,830,1,1,1,8.0,6.0,92064,M,,,92
201000056521,10,2,21,1350,1,1,1,8.0,6.0,92047,M,,,92
201000056522,10,2,21,1600,1,1,1,8.0,7.0,92050,M,,,92
201000056523,10,2,22,800,1,1,1,8.0,6.0,78524,M,4884100.0,210829.0,78
201000056524,10,2,23,800,1,1,1,1.0,3.0,92036,M,,,92
201000056525,10,2,22,1724,1,1,1,8.0,6.0,78206,M,4894660.0,194769.0,78
201000056526,10,2,23,340,3,1,1,1.0,6.0,92036,M,,,92
201000056527,10,2,23,700,2,1,1,2.0,6.0,78362,M,4897530.0,172541.0,78
201000056528,10,2,19,2025,5,1,1,1.0,4.0,78640,M,4877750.0,222046.0,78
201000056529,10,2,23,1715,1,1,1,1.0,3.0,92050,M,,,92
201000056530,10,2,24,212,5,1,1,1.0,6.0,92064,M,,,92
201000056531,10,2,24,2034,3,1,1,2.0,7.0,92036,M,,,92
201000056532,10,2,24,2253,3,1,1,6.0,5.0,78140,M,4895780.0,193426.0,78
201000056533,10,2,25,1500,1,1,1,2.0,6.0,78291,M,4897120.0,173255.0,78
201000056534,10,2,26,325,5,1,1,1.0,6.0,92050,M,,,92
201000056535,10,2,26,1330,1,1,1,1.0,4.0,78640,M,4877800.0,221510.0,78
201000056536,10,2,26,1340,1,1,1,1.0,2.0,78640,M,4877790.0,221645.0,78
201000056537,10,2,27,1844,2,1,1,8.0,2.0,78362,M,4897620.0,172009.0,78
201000056538,10,2,27,2330,5,1,1,3.0,6.0,78646,M,4879340.0,207533.0,78
201000056539,10,3,1,1002,1,1,1,1.0,4.0,75116,M,,,75
201000056540,10,3,1,1710,1,1,1,8.0,6.0,78126,M,4883950.0,211891.0,78
201000056541,10,3,2,800,1,1,1,1.0,2.0,78423,M,4879850.0,200206.0,78
201000056542,10,3,2,1015,1,1,1,1.0,5.0,92036,M,,,92
201000056543,10,3,2,1407,1,1,1,1.0,3.0,92048,M,,,92
201000056544,10,3,2,2220,5,1,1,1.0,6.0,78646,M,4879360.0,207666.0,78
201000056545,10,3,4,957,1,1,1,1.0,5.0,78545,M,4880740.0,205286.0,78
201000056546,10,3,5,600,5,1,1,1.0,2.0,78431,M,4893810.0,195755.0,78
201000056547,10,3,5,945,1,1,1,1.0,3.0,78490,M,4879950.0,193616.0,78
201000056548,10,3,6,1405,1,1,1,1.0,4.0,92064,M,,,92
201000056549,10,3,7,1220,1,1,1,1.0,6.0,78217,M,4896530.0,181737.0,78
201000056550,10,3,7,1540,1,1,1,1.0,2.0,92062,M,,,92
201000056551,10,3,8,1235,1,1,1,1.0,2.0,92050,M,,,92
201000056552,10,3,10,855,1,1,1,1.0,7.0,78646,M,4878990.0,212237.0,78
201000056553,10,3,10,945,1,1,1,1.0,2.0,92064,M,,,92
201000056554,10,3,10,1820,1,1,1,1.0,2.0,78206,M,4895670.0,193607.0,78
201000056555,10,3,10,2002,4,1,1,1.0,2.0,92047,M,,,92
201000056556,10,3,11,1945,5,1,1,1.0,2.0,92050,M,,,92
201000056557,10,3,13,240,5,1,1,1.0,7.0,92064,M,,,92
201000056558,10,3,14,1120,1,1,1,1.0,6.0,92048,M,,,92
201000056559,10,3,15,1015,1,1,1,1.0,2.0,78490,M,4879970.0,198514.0,78
201000056560,10,3,17,1055,1,1,1,1.0,7.0,92076,M,,,92
201000056561,10,3,16,1219,1,1,1,1.0,7.0,92048,M,,,92
201000056562,10,3,18,940,1,1,1,1.0,2.0,78043,M,4884120.0,209920.0,78
201000056563,10,3,19,618,3,1,1,1.0,6.0,78362,M,4898710.0,166396.0,78
201000056564,10,3,19,730,1,1,1,1.0,3.0,92048,M,,,92
201000056565,10,3,19,818,1,1,1,1.0,2.0,92025,M,,,92
201000056566,10,3,21,910,1,1,1,1.0,6.0,78206,M,4894960.0,194464.0,78
201000056567,10,3,22,800,1,1,1,1.0,2.0,78423,M,4879400.0,205040.0,78
201000056568,10,3,24,1330,1,1,1,8.0,7.0,78646,M,4878990.0,211964.0,78
201000056569,10,3,25,910,1,1,1,1.0,2.0,92047,M,,,92
201000056570,10,3,25,1825,1,1,1,1.0,4.0,78640,M,4877290.0,222552.0,78
201000056571,10,3,28,345,5,1,1,1.0,6.0,92050,M,,,92
201000056572,10,3,29,300,5,1,1,1.0,6.0,92012,M,,,92
201000056573,10,3,29,220,5,1,1,2.0,6.0,92026,M,,,92
201000056574,10,3,29,720,2,1,1,1.0,6.0,78551,M,4891140.0,209389.0,78
201000056575,10,3,29,1320,1,1,1,1.0,3.0,92012,M,,,92
201000056576,10,3,29,1630,1,1,1,8.0,3.0,78362,M,4898790.0,165991.0,78
201000056577,10,3,29,1745,1,1,1,1.0,2.0,92051,M,,,92
201000056578,10,3,30,900,1,1,1,2.0,4.0,78043,M,4884130.0,210161.0,78
201000056579,10,3,30,1030,1,1,1,2.0,4.0,78640,M,4878140.0,222298.0,78
201000056580,10,3,31,1236,1,1,1,2.0,2.0,78126,M,4883760.0,212507.0,78
201000056581,10,4,1,115,5,1,1,1.0,6.0,92026,M,,,92
201000056582,10,4,1,850,2,1,1,1.0,2.0,78140,M,,,78