Num_Acc,an,mois,jour,hrmn,lum,agg,int,atm,col,com,gps,lat,long,dep
201000056583,10,4,2,1650,1,1,1,1.0,3.0,78466,M,,,78
201000056584,10,4,1,1715,1,1,1,1.0,6.0,92036,M,,,92
201000056585,10,4,3,700,2,1,1,2.0,2.0,78238,M,,,78
201000056586,10,4,3,1205,1,1,1,2.0,7.0,92048,M,,,92
201000056587,10,4,3,1745,1,1,1,2.0,6.0,78646,M,,,78
201000056588,10,4,6,900,1,1,1,1.0,2.0,78423,M,,,78
201000056589,10,4,6,1840,1,1,1,1.0,4.0,92064,M,,,92
201000056590,10,4,7,1855,1,1,1,1.0,3.0,92047,M,,,92
201000056591,10,4,8,600,5,1,1,2.0,2.0,78396,M,,,78
201000056592,10,4,8,825,1,1,1,1.0,3.0,92047,M,,,92
201000056593,10,4,9,1305,1,1,1,1.0,3.0,92051,M,,,92
201000056594,10,4,8,1845,1,1,1,1.0,2.0,92048,M,,,92
201000056595,10,4,9,1700,1,1,1,1.0,2.0,92048,M,,,92
201000056596,10,4,9,1700,1,1,1,1.0,5.0,92064,M,,,92
201000056597,10,4,9,1750,1,1,1,1.0,4.0,92064,M,,,92
201000056598,10,4,9,1830,1,1,1,1.0,7.0,78291,M,,,78
201000056599,10,4,9,1840,1,1,1,1.0,2.0,78466,M,,,78
201000056600,10,4,10,104,5,1,1,1.0,7.0,92050,M,,,92
201000056601,10,4,11,312,4,1,1,1.0,2.0,78402,M,,,78
201000056602,10,4,13,1725,1,1,1,1.0,7.0,78402,M,,,78
201000056603,10,4,14,1720,1,1,1,1.0,2.0,78490,M,,,78
201000056604,10,4,14,1900,1,1,1,1.0,3.0,92076,M,,,92
201000056605,10,4,16,1330,1,1,1,1.0,4.0,78007,M,,,78
201000056606,10,4,16,1337,1,1,1,1.0,3.0,92025,M,,,92
201000056607,10,4,17,18,3,1,1,1.0,6.0,92025,M,,,92
201000056608,10,4,17,1250,1,1,1,1.0,2.0,78206,M,,,78
201000056609,10,4,19,940,1,1,1,1.0,2.0,92012,M,,,92
201000056610,10,4,21,945,1,1,1,7.0,5.0,78640,M,,,78
201000056611,10,4,21,1714,1,1,1,1.0,4.0,92050,M,,,92
201000056612,10,4,23,755,1,1,1,1.0,3.0,92025,M,,,92
201000056613,10,4,23,828,1,1,1,1.0,5.0,92036,M,,,92
201000056614,10,4,23,1815,1,1,1,1.0,4.0,92048,M,,,92
201000056615,10,4,23,2350,5,1,1,9.0,3.0,92050,M,,,92
201000056616,10,4,24,1405,1,1,1,1.0,4.0,78455,M,,,78
201000056617,10,4,25,610,3,1,1,1.0,6.0,78073,M,,,78
201000056618,10,4,25,1800,1,1,1,1.0,3.0,78029,M,,,78
201000056619,10,4,26,55,5,1,1,1.0,6.0,92072,M,,,92
201000056620,10,4,27,830,1,1,1,1.0,6.0,92048,M,,,92
201000056621,10,4,28,830,1,1,1,1.0,4.0,92051,M,,,92
201000056622,10,4,29,805,1,1,1,1.0,4.0,78043,M,,,78
201000056623,10,4,29,920,1,1,9,1.0,7.0,78640,M,,,78
201000056624,10,4,29,1700,1,1,1,1.0,5.0,92023,M,,,92
201000056625,10,4,30,450,3,1,1,1.0,2.0,78672,M,,,78
201000056626,10,4,30,1730,1,1,1,1.0,5.0,92050,M,,,92
201000056627,10,5,3,930,1,1,1,1.0,4.0,78133,M,,,78
201000056628,10,5,4,805,1,1,1,1.0,2.0,78551,M,,,78
201000056629,10,5,4,830,2,1,1,1.0,4.0,92025,M,,,92
201000056630,10,5,5,730,1,1,1,1.0,2.0,78158,M,,,78
201000056631,10,5,5,2100,5,1,1,1.0,7.0,92064,M,,,92
201000056632,10,5,6,537,3,1,1,1.0,6.0,78090,M,,,78
201000056633,10,5,6,940,1,1,1,1.0,6.0,78217,M,,,78
201000056634,10,5,8,345,5,1,1,1.0,6.0,78646,M,,,78
201000056635,10,5,8,1900,1,1,1,1.0,2.0,92012,M,,,92
201000056636,10,5,8,1915,1,1,1,1.0,2.0,78124,M,,,78
201000056637,10,5,9,1630,1,1,1,1.0,7.0,78466,M,,,78
201000056638,10,5,9,1745,1,1,1,1.0,3.0,78206,M,,,78
201000056639,10,5,9,1745,1,1,1,1.0,4.0,92064,M,,,92
201000056640,10,5,10,820,1,1,1,1.0,2.0,92025,M,,,92
201000056641,10,5,11,1830,1,1,1,2.0,5.0,78571,M,,,78
201000056642,10,5,11,2205,5,1,1,8.0,6.0,78297,M,,,78
201000056643,10,5,12,828,1,1,1,1.0,2.0,92047,M,,,92
201000056644,10,5,12,1430,1,1,1,1.0,2.0,78490,M,,,78
201000056645,10,5,13,1110,1,1,1,1.0,2.0,92048,M,,,92
201000056646,10,5,17,540,2,1,1,1.0,6.0,78158,M,4883310.0,213686.0,78
201000056647,10,5,17,740,1,1,1,1.0,2.0,92036,M,,,92
201000056648,10,5,17,1700,1,1,1,1.0,4.0,78640,M,,,78
201000056649,10,5,18,1020,1,1,1,1.0,3.0,92012,M,,,92
201000056650,10,5,18,1850,1,1,1,1.0,3.0,75116,M,,,75
201000056651,10,5,19,135,3,1,1,1.0,2.0,78043,M,,,78
201000056652,10,5,20,910,1,1,1,1.0,2.0,78640,M,,,78
201000056653,10,5,20,1710,1,1,1,1.0,2.0,78490,M,,,78
201000056654,10,5,20,1920,1,1,1,1.0,7.0,92025,M,,,92
201000056655,10,5,20,1910,1,1,1,1.0,5.0,78646,M,,,78
201000056656,10,5,21,1745,1,1,1,1.0,5.0,78117,M,,,78
201000056657,10,5,21,1915,1,1,1,1.0,4.0,78073,M,,,78
201000056658,10,5,21,2040,1,1,1,1.0,4.0,78043,M,,,78
201000056659,10,5,22,1745,1,1,1,1.0,4.0,92050,M,,,92
201000056660,10,5,22,2130,2,1,1,1.0,6.0,92025,M,,,92
201000056661,10,5,23,230,3,1,1,1.0,4.0,78043,M,,,78
201000056662,10,5,23,1300,1,1,1,1.0,4.0,78242,M,,,78
201000056663,10,5,25,530,1,1,1,1.0,6.0,92072,M,,,92
201000056664,10,5,25,935,1,1,1,1.0,6.0,78402,M,,,78
201000056665,10,5,25,930,1,1,1,1.0,4.0,92064,M,,,92
201000056666,10,5,25,955,1,1,4,1.0,3.0,78640,M,,,78
201000056667,10,5,25,1210,1,1,1,7.0,4.0,78297,M,,,78
201000056668,10,5,25,1525,1,1,1,1.0,6.0,78321,M,,,78
201000056669,10,5,25,1906,1,1,1,1.0,4.0,92050,M,,,92
201000056670,10,5,26,5,3,1,1,1.0,4.0,78043,M,,,78
201000056671,10,5,26,1830,1,1,1,8.0,3.0,78646,M,,,78
201000056672,10,5,27,505,3,1,1,2.0,2.0,78646,M,,,78
201000056673,10,5,27,2251,5,1,9,3.0,7.0,92048,M,,,92
201000056674,10,5,28,920,1,1,1,1.0,7.0,78640,M,,,78
201000056675,10,5,30,225,5,1,1,2.0,6.0,78524,M,,,78
201000056676,10,5,30,240,3,1,1,1.0,7.0,78007,M,,,78
201000056677,10,5,31,1950,1,1,1,1.0,2.0,92064,M,,,92
201000056678,10,6,1,911,1,1,1,1.0,6.0,78362,M,,,78
201000056679,10,6,1,1310,1,1,1,1.0,6.0,78297,M,,,78
201000056680,10,6,1,1730,1,1,1,1.0,2.0,92050,M,,,92
201000056681,10,6,1,1800,1,1,1,2.0,2.0,92050,M,,,92
201000056682,10,6,2,840,1,1,1,1.0,2.0,92072,M,,,92
201000056683,10,6,2,1210,1,1,1,1.0,2.0,92050,M,,,92
201000056684,10,6,2,2020,1,1,1,1.0,3.0,92063,M,,,92
201000056685,10,6,3,935,1,1,1,1.0,2.0,92064,M,,,92
201000056686,10,6,4,1610,1,1,1,1.0,2.0,92036,M,,,92
201000056687,10,6,4,1700,1,1,1,1.0,6.0,92036,M,,,92
201000056688,10,6,5,1350,1,1,1,1.0,4.0,92072,M,,,92
201000056689,10,6,6,5,3,1,1,1.0,1.0,92026,M,,,92
201000056690,10,6,6,600,2,1,1,1.0,2.0,78029,M,,,78
201000056691,10,6,6,1940,1,1,1,1.0,4.0,92036,M,,,92
201000056692,10,6,9,950,1,1,1,2.0,7.0,92051,M,,,92
201000056693,10,6,9,1800,1,1,1,2.0,7.0,78297,M,,,78
201000056694,10,6,9,2043,1,1,1,1.0,6.0,78490,M,,,78
201000056695,10,6,9,2030,3,1,1,2.0,2.0,78640,M,,,78
201000056696,10,6,10,2030,1,1,9,2.0,6.0,78297,M,,,78
201000056697,10,6,10,1945,1,1,1,1.0,6.0,92048,M,,,92
201000056698,10,6,11,1745,1,1,1,1.0,4.0,78090,M,,,78
201000056699,10,6,12,20,5,1,1,2.0,4.0,78466,M,,,78
201000056700,10,6,13,57,4,1,1,1.0,6.0,92048,M,,,92
201000056701,10,6,13,1240,1,1,1,1.0,3.0,92060,M,,,92
201000056702,10,6,14,655,1,1,1,1.0,6.0,78090,M,,,78
201000056703,10,6,15,1820,1,1,1,1.0,3.0,92012,M,,,92
201000056704,10,6,16,830,1,1,1,7.0,4.0,78362,M,,,78
201000056705,10,6,16,920,1,1,1,1.0,3.0,78640,M,,,78
201000056706,10,6,16,1625,1,1,1,1.0,3.0,92050,M,,,92
201000056707,10,6,16,1900,1,1,1,1.0,4.0,78043,M,,,78
201000056708,10,6,16,1900,1,1,1,1.0,4.0,78423,M,,,78
201000056709,10,6,18,1240,1,1,1,1.0,3.0,78640,M,,,78
201000056710,10,6,18,1310,1,1,1,1.0,3.0,92051,M,,,92
201000056711,10,6,19,315,5,1,1,1.0,2.0,78646,M,,,78
201000056712,10,6,19,235,3,1,1,1.0,3.0,78206,M,,,78
201000056713,10,6,19,1900,1,1,1,1.0,3.0,92062,M,,,92
201000056714,10,6,20,1823,1,1,1,1.0,3.0,92036,M,,,92
201000056715,10,6,21,540,1,1,1,1.0,3.0,78418,M,,,78
201000056716,10,6,21,2200,2,1,1,1.0,2.0,78238,M,,,78
201000056717,10,6,23,1325,1,1,1,1.0,6.0,92072,M,,,92
201000056718,10,6,24,915,1,1,1,1.0,5.0,92047,M,,,92
201000056719,10,6,25,417,5,1,1,1.0,6.0,78423,M,,,78
201000056720,10,6,25,750,1,1,1,1.0,6.0,78551,M,,,78
201000056721,10,6,25,1755,1,1,1,1.0,3.0,92050,M,,,92
201000056722,10,6,25,1830,1,1,1,1.0,4.0,92036,M,,,92
201000056723,10,6,26,1630,1,1,1,1.0,7.0,78206,M,,,78
201000056724,10,6,27,5,3,1,1,1.0,2.0,78043,M,,,78
201000056725,10,6,27,218,3,1,1,1.0,6.0,78043,M,,,78
201000056726,10,6,27,615,1,1,1,1.0,2.0,78423,M,,,78
201000056727,10,6,26,1330,1,1,1,1.0,2.0,78140,M,,,78
201000056728,10,6,27,1340,1,1,1,1.0,7.0,78206,M,,,78
201000056729,10,6,27,1815,1,1,1,1.0,2.0,92036,M,,,92
201000056730,10,6,28,850,1,1,1,1.0,5.0,92025,M,,,92
201000056731,10,6,28,1730,1,1,1,1.0,7.0,92064,M,,,92
201000056732,10,6,29,1020,1,1,9,1.0,7.0,78640,M,,,78
201000056733,10,6,29,1800,1,1,1,1.0,6.0,78117,M,,,78
201000056734,10,6,29,1915,1,1,1,1.0,5.0,92063,M,,,92
201000056735,10,6,30,1555,1,1,1,1.0,4.0,92025,M,,,92
201000056736,10,6,30,1810,1,1,1,1.0,6.0,92023,M,,,92
201000056737,10,6,30,1900,1,1,1,1.0,2.0,78423,M,,,78
201000056738,10,6,29,1915,1,1,1,1.0,7.0,92036,M,,,92
201000056739,10,6,27,2035,1,1,1,1.0,6.0,92025,M,,,92
201000056740,10,7,1,640,1,1,1,1.0,3.0,78362,M,,,78
201000056741,10,7,1,840,1,1,1,1.0,7.0,78524,M,,,78
201000056742,10,7,1,1700,1,1,1,1.0,3.0,78140,M,,,78
201000056743,10,7,2,915,1,1,1,1.0,6.0,78431,M,,,78
201000056744,10,7,3,950,1,1,1,3.0,6.0,92050,M,,,92
201000056745,10,7,3,1145,1,1,1,2.0,2.0,92012,M,,,92
201000056746,10,7,5,1030,1,1,1,1.0,5.0,92064,M,,,92
201000056747,10,7,5,1925,1,1,1,1.0,3.0,92036,M,,,92
201000056748,10,7,6,1755,1,1,1,1.0,2.0,92064,M,,,92
201000056749,10,7,6,2000,1,1,1,1.0,4.0,92048,M,,,92
201000056750,10,7,6,2115,1,1,1,1.0,2.0,92064,M,,,92
201000056751,10,7,10,935,1,1,1,1.0,2.0,78640,M,,,78
201000056752,10,7,7,1100,1,1,1,1.0,2.0,78297,M,,,78
201000056753,10,7,7,1545,1,1,1,1.0,1.0,78402,M,,,78
201000056754,10,7,7,1730,1,1,1,1.0,3.0,92050,M,,,92
201000056755,10,7,7,2005,1,1,1,1.0,3.0,78640,M,,,78
201000056756,10,7,8,730,1,1,9,1.0,4.0,78640,M,,,78
201000056757,10,7,8,855,1,1,1,1.0,5.0,78322,M,,,78
201000056758,10,7,8,1820,1,1,1,1.0,4.0,78466,M,,,78
201000056759,10,7,9,840,1,1,1,1.0,5.0,78158,M,,,78
201000056760,10,7,9,1815,5,1,1,1.0,7.0,92050,M,,,92
201000056761,10,7,11,1545,1,1,1,1.0,3.0,78431,M,,,78
201000056762,10,7,12,112,5,1,1,1.0,6.0,78646,M,,,78
201000056763,10,7,12,710,1,1,1,2.0,2.0,78640,M,,,78
201000056764,10,7,12,1315,1,1,1,8.0,5.0,78140,M,,,78
201000056765,10,7,12,2050,2,1,1,1.0,3.0,78043,M,,,78
201000056766,10,7,13,805,1,1,1,1.0,6.0,92050,M,,,92
201000056767,10,7,13,2140,5,1,1,1.0,7.0,92051,M,,,92
201000056768,10,7,14,1415,1,1,1,3.0,7.0,78165,M,,,78
201000056769,10,7,16,1835,1,1,1,1.0,2.0,92051,M,,,92
201000056770,10,7,18,800,1,1,1,1.0,6.0,78498,M,,,78
201000056771,10,7,20,940,1,1,1,1.0,2.0,78242,M,,,78
201000056772,10,7,20,1025,1,1,1,1.0,3.0,92012,M,,,92
201000056773,10,7,20,1700,1,1,1,2.0,6.0,78291,M,,,78
201000056774,10,7,21,1700,1,1,1,1.0,2.0,92064,M,,,92
201000056775,10,7,22,800,1,1,1,1.0,2.0,78322,M,,,78
201000056776,10,7,22,900,1,1,1,1.0,7.0,78640,M,,,78
201000056777,10,7,24,320,5,1,9,1.0,6.0,92064,M,,,92
201000056778,10,7,24,1245,1,1,1,1.0,5.0,78466,M,,,78
201000056779,10,7,25,1055,1,1,1,1.0,6.0,78545,M,,,78
201000056780,10,7,25,1150,1,1,1,1.0,6.0,78126,M,,,78
201000056781,10,7,26,700,5,1,1,1.0,7.0,92050,M,,,92
201000056782,10,7,27,900,1,1,1,1.0,3.0,92036,M,,,92
201000056783,10,7,28,1420,1,1,1,1.0,2.0,78640,M,,,78
201000056784,10,7,29,1420,1,1,1,1.0,6.0,78297,M,,,78
201000056785,10,8,1,1915,1,1,1,1.0,3.0,78322,M,,,78
201000056786,10,8,1,2310,4,1,1,1.0,2.0,78043,M,,,78
201000056787,10,8,2,1215,1,1,1,1.0,7.0,78646,M,,,78
201000056788,10,8,4,1610,1,1,1,1.0,2.0,78455,M,,,78
201000056789,10,8,5,830,1,1,1,1.0,2.0,92047,M,,,92
201000056790,10,8,5,1526,1,1,1,1.0,3.0,78402,M,,,78
201000056791,10,8,6,1701,1,1,1,1.0,6.0,78073,M,,,78
201000056792,10,8,9,2024,1,1,1,1.0,7.0,78423,M,,,78
201000056793,10,8,9,13,3,1,1,2.0,6.0,78490,M,,,78
201000056794,10,8,9,1230,1,1,1,1.0,7.0,92064,M,,,92
201000056795,10,8,10,1110,1,1,1,1.0,7.0,92072,M,,,92
201000056796,10,8,10,2010,5,1,1,3.0,6.0,78140,M,,,78
201000056797,10,8,12,505,3,1,1,1.0,2.0,78498,M,,,78
201000056798,10,8,15,1230,1,1,1,3.0,3.0,78007,M,,,78
201000056799,10,8,15,2000,1,1,1,3.0,3.0,78073,M,,,78
201000056800,10,8,16,700,1,1,1,2.0,3.0,75116,M,,,75
201000056801,10,8,16,1010,1,1,1,2.0,6.0,92072,M,,,92
201000056802,10,8,16,1020,1,1,1,2.0,6.0,92036,M,,,92
201000056803,10,8,18,1710,1,1,1,1.0,3.0,92048,M,,,92
201000056804,10,8,19,852,1,1,1,1.0,3.0,78466,M,4892060.0,200311.0,78
201000056805,10,8,19,1440,1,1,1,1.0,6.0,78423,M,,,78
201000056806,10,8,22,1620,1,1,1,1.0,3.0,78090,M,,,78
201000056807,10,8,24,1610,1,1,1,1.0,2.0,92047,M,,,92
201000056808,10,8,24,852,1,1,1,1.0,4.0,92048,M,,,92
201000056809,10,8,25,1820,5,1,1,1.0,4.0,92050,M,,,92
201000056810,10,8,25,1830,1,1,1,1.0,2.0,75116,M,,,75
201000056811,10,8,25,1911,1,1,1,1.0,6.0,78297,M,,,78
201000056812,10,8,27,917,1,1,1,1.0,5.0,78423,M,,,78
201000056813,10,8,27,1435,1,1,1,1.0,2.0,92050,M,,,92
201000056814,10,8,28,700,1,1,1,1.0,1.0,92025,M,,,92
201000056815,10,8,28,1630,1,1,1,1.0,6.0,92047,M,,,92
201000056816,10,8,30,255,4,1,1,1.0,6.0,92025,M,,,92
201000056817,10,8,31,1507,1,1,1,1.0,6.0,78498,M,,,78
201000056818,10,8,31,2040,2,1,1,1.0,2.0,78322,M,,,78
201000056819,10,9,1,820,1,1,1,1.0,5.0,78640,M,,,78
201000056820,10,9,1,1250,1,1,1,1.0,6.0,78090,M,,,78
201000056821,10,9,1,2350,4,1,1,1.0,5.0,92036,M,,,92
201000056822,10,9,2,630,5,1,1,1.0,3.0,78242,M,,,78
201000056823,10,9,2,830,1,1,1,1.0,5.0,92025,M,,,92
201000056824,10,9,2,1200,1,1,1,1.0,5.0,78242,M,,,78
201000056825,10,9,3,900,1,1,1,1.0,2.0,78423,M,,,78
201000056826,10,9,6,820,1,1,1,1.0,6.0,92026,M,,,92
201000056827,10,9,3,1530,1,1,1,1.0,2.0,92025,M,,,92
201000056828,10,9,3,1520,1,1,1,1.0,3.0,92036,M,,,92
201000056829,10,9,5,347,4,1,1,1.0,6.0,92064,M,,,92
201000056830,10,9,6,450,4,1,1,1.0,1.0,92050,M,,,92
201000056831,10,9,7,1,3,1,1,2.0,6.0,92012,M,,,92
201000056832,10,9,7,650,1,1,1,1.0,6.0,78029,M,,,78
201000056833,10,9,8,1440,1,1,1,1.0,1.0,92048,M,,,92
201000056834,10,9,8,2015,5,1,1,2.0,6.0,92050,M,,,92
201000056835,10,9,9,1200,1,1,1,1.0,3.0,78073,M,,,78
201000056836,10,9,9,1410,1,1,1,8.0,6.0,78321,M,,,78
201000056837,10,9,10,1430,1,1,1,1.0,3.0,78322,M,,,78
201000056838,10,9,9,1715,1,1,1,1.0,2.0,78402,M,,,78
201000056839,10,9,9,1722,1,1,1,1.0,2.0,92025,M,,,92
201000056840,10,9,9,1900,2,1,1,8.0,3.0,92036,M,,,92
201000056841,10,9,12,2010,3,1,1,1.0,2.0,78291,M,,,78
201000056842,10,9,13,1015,1,1,1,1.0,2.0,92025,M,,,92
201000056843,10,9,14,1640,1,1,1,1.0,2.0,92025,M,,,92
201000056844,10,9,14,1642,1,1,1,1.0,7.0,78242,M,,,78
201000056845,10,9,14,1930,1,1,1,1.0,2.0,92062,M,,,92
201000056846,10,9,14,1954,1,1,1,1.0,5.0,78545,M,,,78
201000056847,10,9,15,910,1,1,1,1.0,5.0,92025,M,,,92
201000056848,10,9,16,125,4,1,1,1.0,2.0,78672,M,,,78
201000056849,10,9,16,530,3,1,1,1.0,2.0,78431,M,,,78
201000056850,10,9,16,920,1,1,1,1.0,5.0,78043,M,,,78
201000056851,10,9,16,940,1,1,1,1.0,2.0,92048,M,,,92
201000056852,10,9,16,858,1,1,1,1.0,3.0,78524,M,,,78
201000056853,10,9,17,1320,1,1,1,1.0,2.0,92025,M,,,92
201000056854,10,9,18,2240,3,1,1,1.0,6.0,78402,M,,,78
201000056855,10,9,19,1710,1,1,1,1.0,3.0,78029,M,,,78
201000056856,10,9,19,2015,3,1,1,1.0,3.0,78291,M,,,78
201000056857,10,9,20,945,1,1,1,1.0,2.0,92050,M,,,92
201000056858,10,9,23,930,1,1,1,1.0,7.0,92050,M,,,92
201000056859,10,9,21,1330,1,1,1,1.0,2.0,78672,M,,,78
201000056860,10,9,23,2030,3,1,1,8.0,3.0,78029,M,,,78
201000056861,10,9,24,1230,1,1,1,1.0,4.0,92064,M,,,92
201000056862,10,9,25,600,5,1,1,8.0,6.0,92076,M,,,92
201000056863,10,9,27,740,2,1,1,1.0,7.0,78545,M,,,78
201000056864,10,9,27,830,2,1,1,2.0,7.0,92036,M,,,92
201000056865,10,9,27,1800,1,1,1,8.0,4.0,78322,M,,,78
201000056866,10,9,28,1025,1,1,1,2.0,6.0,78029,M,,,78
201000056867,10,9,28,2015,3,1,1,1.0,3.0,92047,M,,,92
201000056868,10,9,29,1220,1,1,1,1.0,2.0,78043,M,,,78
201000056869,10,9,29,1730,1,1,1,1.0,2.0,78490,M,,,78
201000056870,10,9,30,735,2,1,1,2.0,7.0,92047,M,,,92
201000056871,10,9,30,800,2,1,1,2.0,3.0,92048,M,,,92
201000056872,10,10,1,450,5,1,1,1.0,2.0,92072,M,,,92
201000056873,10,10,1,830,1,1,1,1.0,6.0,92036,M,,,92
201000056874,10,10,2,225,4,1,1,2.0,6.0,92050,M,,,92
201000056875,10,10,2,505,5,1,1,2.0,7.0,92072,M,,,92
201000056876,10,10,2,956,1,1,1,2.0,7.0,78640,M,,,78
201000056877,10,10,2,1510,1,1,1,1.0,2.0,78322,M,,,78
201000056878,10,10,3,350,5,1,1,1.0,7.0,92050,M,,,92
201000056879,10,10,4,2235,5,1,1,9.0,6.0,92050,M,,,92
201000056880,10,10,5,1445,1,1,1,2.0,7.0,78423,M,,,78
201000056881,10,10,6,1630,1,1,1,2.0,7.0,78466,M,,,78
201000056882,10,10,6,2000,5,1,1,2.0,5.0,92050,M,,,92
201000056883,10,10,7,1220,1,1,1,1.0,7.0,92050,M,,,92
201000056884,10,10,7,1605,1,1,1,1.0,4.0,92050,M,,,92
201000056885,10,10,8,850,1,1,1,1.0,4.0,78640,M,,,78
201000056886,10,10,8,1900,2,1,1,1.0,7.0,78423,M,,,78
201000056887,10,10,10,530,4,1,1,1.0,6.0,92050,M,,,92
201000056888,10,10,11,1045,1,1,1,1.0,4.0,92036,M,,,92
201000056889,10,10,11,1505,1,1,1,1.0,6.0,78217,M,,,78
201000056890,10,10,12,1050,1,1,1,1.0,6.0,78431,M,,,78
201000056891,10,10,13,715,2,1,1,1.0,2.0,92064,M,,,92
201000056892,10,10,13,645,2,1,1,1.0,5.0,78423,M,,,78
201000056893,10,10,15,125,3,1,1,1.0,6.0,78640,M,,,78
201000056894,10,10,15,1020,1,1,1,8.0,2.0,92050,M,,,92
201000056895,10,10,15,2010,3,1,1,2.0,4.0,78133,M,,,78
201000056896,10,10,16,1030,1,1,1,1.0,2.0,78043,M,,,78
201000056897,10,10,16,1300,1,1,1,1.0,5.0,92025,M,,,92
201000056898,10,10,17,1230,1,1,1,1.0,6.0,78291,M,,,78
201000056899,10,10,18,915,1,1,1,1.0,6.0,92064,M,,,92
201000056900,10,10,18,1235,1,1,1,1.0,5.0,92012,M,,,92
201000056901,10,10,18,2000,4,1,1,1.0,4.0,92048,M,,,92
201000056902,10,10,19,1805,2,1,1,1.0,7.0,92025,M,,,92
201000056903,10,10,20,830,1,1,1,1.0,2.0,78524,M,,,78
201000056904,10,10,20,1520,1,1,1,1.0,3.0,78524,M,,,78
201000056905,10,10,20,1600,1,1,1,1.0,4.0,78073,M,,,78
201000056906,10,10,21,820,1,1,1,1.0,3.0,92050,M,,,92
201000056907,10,10,21,908,1,1,1,1.0,2.0,92025,M,,,92
201000056908,10,10,21,1245,1,1,1,1.0,4.0,92050,M,,,92
201000056909,10,10,22,730,3,1,1,1.0,2.0,78238,M,,,78
201000056910,10,10,22,900,1,1,1,1.0,3.0,92036,M,,,92
201000056911,10,10,22,1520,1,1,1,1.0,2.0,92050,M,,,92
201000056912,10,10,22,1730,1,1,1,1.0,2.0,92048,M,,,92
201000056913,10,10,23,2150,5,1,1,1.0,6.0,92048,M,,,92
201000056914,10,10,25,356,4,1,1,1.0,7.0,78043,M,,,78
201000056915,10,10,25,1330,1,1,1,1.0,6.0,78455,M,,,78
201000056916,10,10,26,735,4,1,1,1.0,5.0,92048,M,,,92
201000056917,10,10,26,955,1,1,1,1.0,2.0,92076,M,,,92
201000056918,10,10,27,1415,1,1,1,1.0,3.0,92050,M,,,92
201000056919,10,10,28,5,3,1,1,2.0,6.0,78007,M,,,78
201000056920,10,10,29,5,3,1,1,2.0,6.0,92036,M,,,92
201000056921,10,10,29,1835,2,1,1,1.0,2.0,78140,M,,,78
201000056922,10,10,31,215,3,1,1,1.0,6.0,78466,M,,,78
201000056923,10,10,31,405,3,1,1,2.0,6.0,78362,M,,,78
201000056924,10,11,2,1430,1,1,1,1.0,6.0,78402,M,,,78
201000056925,10,11,2,1855,3,1,1,2.0,2.0,78646,M,,,78
201000056926,10,11,2,1945,5,1,1,1.0,4.0,92050,M,,,92
201000056927,10,11,4,105,5,1,1,1.0,6.0,78206,M,,,78
201000056928,10,11,4,2005,3,1,1,1.0,6.0,78362,M,,,78
201000056929,10,11,11,1450,1,1,1,3.0,2.0,75116,M,,,75
201000056930,10,11,7,830,1,1,1,3.0,6.0,92012,M,,,92
201000056931,10,11,8,1415,1,1,1,2.0,6.0,78402,M,,,78
201000056932,10,11,8,2000,3,1,1,1.0,5.0,92063,M,,,92
201000056933,10,11,8,2115,3,1,1,2.0,6.0,92060,M,,,92
201000056934,10,11,8,2330,3,1,1,8.0,6.0,78217,M,,,78
201000056935,10,11,9,450,3,1,1,2.0,2.0,78646,M,,,78
201000056936,10,11,9,720,1,1,1,2.0,2.0,92050,M,,,92
201000056937,10,11,9,820,1,1,1,2.0,2.0,92025,M,,,92
201000056938,10,11,9,1100,1,1,1,2.0,3.0,92047,M,,,92
201000056939,10,11,9,1010,1,1,1,2.0,4.0,92064,M,,,92
201000056940,10,11,9,1925,5,1,1,2.0,4.0,92048,M,,,92
201000056941,10,11,10,800,2,1,1,8.0,7.0,92036,M,,,92
201000056942,10,11,10,1930,5,1,1,1.0,2.0,92026,M,,,92
201000056943,10,11,1,800,2,1,1,8.0,6.0,92036,M,,,92
201000056944,10,11,10,1945,3,1,1,8.0,4.0,78133,M,,,78
201000056945,10,11,11,1545,1,1,1,2.0,6.0,92048,M,,,92
201000056946,10,11,11,1708,3,1,1,2.0,6.0,78165,M,,,78
201000056947,10,11,12,1730,5,1,1,2.0,7.0,78043,M,,,78
201000056948,10,11,12,2330,5,1,1,1.0,7.0,92050,M,,,92
201000056949,10,11,13,1150,1,1,1,2.0,6.0,78646,M,,,78
201000056950,10,11,13,1555,2,1,1,2.0,6.0,92060,M,,,92
201000056951,10,11,14,1725,2,1,1,8.0,2.0,78238,M,,,78
201000056952,10,11,15,810,1,1,1,1.0,7.0,78043,M,,,78
201000056953,10,11,15,815,2,1,1,8.0,3.0,92025,M,,,92
201000056954,10,11,15,1210,1,1,1,1.0,3.0,78402,M,,,78
201000056955,10,11,16,1025,1,1,1,1.0,3.0,78238,M,,,78
201000056956,10,11,16,1230,1,1,1,1.0,2.0,78140,M,,,78
201000056957,10,11,17,1230,1,1,1,2.0,7.0,92050,M,,,92
201000056958,10,11,18,655,2,1,1,1.0,4.0,92064,M,,,92
201000056959,10,11,18,750,2,1,1,1.0,2.0,92051,M,,,92
201000056960,10,11,18,1150,1,1,1,1.0,6.0,78206,M,,,78
201000056961,10,11,19,1210,1,1,1,2.0,7.0,78524,M,,,78
201000056962,10,11,19,1745,5,1,1,2.0,7.0,92048,M,,,92
201000056963,10,11,20,150,4,1,1,1.0,2.0,78431,M,,,78
201000056964,10,11,20,400,3,1,1,1.0,6.0,78490,M,,,78
201000056965,10,11,20,1830,5,1,1,1.0,2.0,92023,M,,,92
201000056966,10,11,21,730,2,1,1,2.0,2.0,78140,M,,,78
201000056967,10,11,21,1255,1,1,1,2.0,3.0,78402,M,,,78
201000056968,10,11,23,855,1,1,1,1.0,3.0,92064,M,,,92