Num_Acc,an,mois,jour,hrmn,lum,agg,int,atm,col,com,gps,lat,long,dep
201000056969,10,11,23,910,1,1,1,1.0,2.0,92047,M,,,92
201000056970,10,11,24,1028,1,1,1,1.0,7.0,92064,M,,,92
201000056971,10,11,24,430,4,1,1,2.0,6.0,78402,M,,,78
201000056972,10,11,24,830,1,1,1,1.0,3.0,92072,M,,,92
201000056973,10,11,24,1145,1,1,1,1.0,4.0,78126,M,,,78
201000056974,10,11,24,1130,1,1,1,1.0,4.0,78158,M,,,78
201000056975,10,11,24,1310,1,1,1,1.0,4.0,78524,M,,,78
201000056976,10,11,25,1645,1,1,1,1.0,4.0,92050,M,,,92
201000056977,10,11,26,955,1,1,1,1.0,6.0,92025,M,,,92
201000056978,10,11,27,620,5,1,1,1.0,7.0,92064,M,,,92
201000056979,10,11,28,320,5,1,1,1.0,2.0,78362,M,,,78
201000056980,10,11,28,615,5,1,1,1.0,6.0,92048,M,,,92
201000056981,10,11,28,1645,2,1,1,1.0,3.0,78140,M,,,78
201000056982,10,11,28,2300,4,1,1,8.0,6.0,78126,M,,,78
201000056983,10,12,2,2155,3,1,1,1.0,7.0,78490,M,,,78
201000056984,10,12,6,720,2,1,1,4.0,4.0,78321,M,,,78
201000056985,10,12,6,1650,2,1,1,8.0,3.0,78208,M,,,78
201000056986,10,12,7,2225,4,1,1,1.0,2.0,78402,M,,,78
201000056987,10,12,8,950,1,1,1,2.0,7.0,92048,M,,,92
201000056988,10,12,9,2040,3,1,1,8.0,6.0,78423,M,,,78
201000056989,10,12,9,2210,5,1,1,1.0,6.0,78118,M,,,78
201000056990,10,12,11,738,3,1,1,1.0,2.0,78206,M,,,78
201000056991,10,12,11,945,1,1,1,1.0,7.0,78402,M,,,78
201000056992,10,12,13,700,2,1,1,1.0,4.0,92036,M,,,92
201000056993,10,12,14,750,2,1,1,2.0,2.0,78423,M,,,78
201000056994,10,12,14,825,1,1,1,1.0,3.0,78545,M,,,78
201000056995,10,12,14,845,1,1,1,1.0,2.0,92036,M,,,92
201000056996,10,12,14,1520,1,1,1,1.0,6.0,78242,M,,,78
201000056997,10,12,17,150,5,1,1,4.0,6.0,92064,M,,,92
201000056998,10,12,17,450,4,1,1,5.0,2.0,92025,M,,,92
201000056999,10,12,17,1220,1,1,1,1.0,2.0,78117,M,,,78
201000057000,10,12,17,1325,1,1,1,1.0,6.0,78073,M,,,78
201000057001,10,12,18,1415,1,1,1,8.0,6.0,92064,M,,,92
201000057002,10,12,21,1400,1,1,1,1.0,3.0,92051,M,,,92
201000057003,10,12,22,1000,1,1,1,1.0,3.0,78646,M,,,78
201000057004,10,12,22,1455,1,1,1,1.0,6.0,78043,M,,,78
201000057005,10,12,23,530,3,1,1,4.0,5.0,78043,M,,,78
201000057006,10,12,24,1020,1,1,1,4.0,6.0,78423,M,,,78
201000057007,10,12,26,545,5,1,1,1.0,2.0,92064,M,,,92
201000057008,10,12,27,1900,5,1,1,2.0,3.0,78545,M,,,78
201000057009,10,12,28,715,3,1,1,2.0,6.0,78117,M,,,78
201000057010,10,12,28,920,1,1,1,1.0,6.0,78117,M,,,78
201000057011,10,12,30,325,3,1,1,5.0,6.0,78206,M,,,78
201000057012,10,12,30,848,1,1,1,8.0,3.0,78291,M,,,78
201000057013,10,12,31,2155,3,1,1,1.0,2.0,78321,M,,,78
201000057014,10,1,1,820,2,1,1,8.0,7.0,77384,M,,,77
201000057015,10,1,1,1942,3,1,1,1.0,6.0,77384,M,,,77
201000057016,10,1,2,538,5,1,1,1.0,7.0,91161,M,,,91
201000057017,10,1,2,1830,3,1,1,1.0,4.0,91174,M,,,91
201000057018,10,1,4,1525,1,1,1,1.0,3.0,92002,M,,,92
201000057019,10,1,6,1440,1,1,1,1.0,3.0,91689,M,,,91
201000057020,10,1,12,1130,1,1,1,4.0,2.0,91174,M,,,91
201000057021,10,1,7,1247,1,1,1,4.0,3.0,91340,M,,,91
201000057022,10,1,7,2345,5,1,1,4.0,7.0,91161,M,,,91
201000057023,10,1,8,525,3,1,1,4.0,7.0,91340,M,,,91
201000057024,10,1,8,2200,3,1,1,9.0,7.0,91534,M,,,91
201000057025,10,1,10,1,5,1,1,9.0,7.0,94038,M,4878880.0,234455.0,94
201000057026,10,1,10,1,3,1,1,2.0,5.0,91064,M,,,91
201000057027,10,1,10,41,5,1,1,2.0,2.0,94038,M,4878870.0,234438.0,94
201000057028,10,1,10,245,3,1,1,9.0,5.0,91103,M,,,91
201000057029,10,1,10,600,2,1,1,4.0,7.0,91340,M,,,91
201000057030,10,1,10,556,3,1,1,2.0,2.0,91661,M,,,91
201000057031,10,1,10,707,2,1,1,4.0,3.0,94021,M,4876310.0,234133.0,94
201000057032,10,1,10,922,1,1,1,2.0,6.0,91136,M,,,91
201000057033,10,1,12,834,1,1,1,1.0,3.0,91161,M,,,91
201000057034,10,1,12,1050,1,1,1,1.0,5.0,91659,M,,,91
201000057035,10,1,12,1406,1,1,1,1.0,7.0,77495,M,,,77
201000057036,10,1,12,2300,3,1,1,4.0,6.0,91064,M,,,91
201000057037,10,1,13,1850,5,1,1,8.0,2.0,94003,M,4880370.0,234183.0,94
201000057038,10,1,13,2140,5,1,1,2.0,2.0,91161,M,,,91
201000057039,10,1,14,440,3,1,1,1.0,7.0,91534,M,,,91
201000057040,10,1,14,853,1,1,1,1.0,7.0,91471,M,,,91
201000057041,10,1,14,1356,1,1,1,1.0,2.0,91689,M,,,91
201000057042,10,1,14,1510,1,1,1,1.0,7.0,91235,M,,,91
201000057043,10,1,15,1106,1,1,1,1.0,6.0,94038,M,4878890.0,234505.0,94
201000057044,10,1,15,1532,1,1,1,1.0,3.0,91689,M,,,91
201000057045,10,1,16,5,3,1,1,1.0,6.0,91136,M,,,91
201000057046,10,1,17,140,3,1,1,3.0,7.0,92019,M,,,92
201000057047,10,1,17,230,3,1,1,2.0,3.0,92002,M,,,92
201000057048,10,1,17,1525,1,1,1,1.0,7.0,91064,M,,,91
201000057049,10,1,17,1930,3,1,1,1.0,3.0,91064,M,,,91
201000057050,10,1,18,722,3,1,1,5.0,2.0,91037,M,,,91
201000057051,10,1,18,732,5,1,1,5.0,4.0,91617,M,,,91
201000057052,10,1,18,1630,1,1,1,8.0,6.0,91064,M,,,91
201000057053,10,1,18,2020,3,1,1,1.0,7.0,94038,M,4877210.0,234521.0,94
201000057054,10,1,19,845,1,1,9,5.0,2.0,91064,M,,,91
201000057055,10,1,19,1936,5,1,1,2.0,6.0,91340,M,,,91
201000057056,10,1,19,2049,3,1,1,1.0,3.0,77495,M,,,77
201000057057,10,1,20,100,3,1,1,1.0,2.0,91064,M,,,91
201000057058,10,1,21,845,1,1,1,1.0,3.0,91659,M,,,91
201000057059,10,1,21,945,1,1,1,8.0,3.0,91589,M,,,91
201000057060,10,1,21,959,1,1,1,1.0,7.0,94021,M,4876280.0,234438.0,94
201000057061,10,1,21,1124,1,1,9,8.0,7.0,77495,M,,,77
201000057062,10,1,21,1551,1,1,1,1.0,3.0,91312,M,,,91
201000057063,10,1,21,2005,3,1,1,1.0,7.0,91174,M,,,91
201000057064,10,1,22,1841,3,1,1,1.0,3.0,94034,M,4875600.0,233376.0,94
201000057065,10,1,23,53,5,1,1,1.0,2.0,91617,M,,,91
201000057066,10,1,23,710,5,1,1,2.0,3.0,92019,M,,,92
201000057067,10,1,23,2342,5,1,1,1.0,2.0,94034,M,4876160.0,231551.0,94
201000057068,10,1,24,110,5,1,1,1.0,6.0,91174,M,,,91
201000057069,10,1,24,1852,3,1,1,8.0,1.0,91161,M,,,91
201000057070,10,1,25,150,5,1,1,1.0,2.0,94021,M,,,94
201000057071,10,1,23,1255,1,1,1,8.0,6.0,91064,M,,,91
201000057072,10,1,22,1749,1,1,1,1.0,2.0,91340,M,,,91
201000057073,10,1,28,958,1,1,1,8.0,3.0,91312,M,,,91
201000057074,10,1,28,2215,5,1,1,1.0,7.0,94034,M,4875900.0,233686.0,94
201000057075,10,1,29,113,5,1,1,2.0,7.0,94003,M,4880060.0,234202.0,94
201000057076,10,1,31,1650,1,1,1,1.0,2.0,91377,M,,,91
201000057077,10,2,2,834,2,1,1,8.0,2.0,91521,M,,,91
201000057078,10,2,2,1226,1,1,1,2.0,3.0,75013,M,,,75
201000057079,10,2,4,220,3,1,1,1.0,6.0,91468,M,,,91
201000057080,10,2,4,1100,1,1,9,1.0,7.0,91521,M,,,91
201000057081,10,2,4,1613,1,1,1,1.0,2.0,91589,M,,,91
201000057082,10,2,4,1820,2,1,1,1.0,5.0,91161,M,,,91
201000057083,10,2,5,1950,3,1,1,1.0,7.0,91377,M,,,91
201000057084,10,2,6,255,3,1,1,2.0,1.0,91521,M,,,91
201000057085,10,2,6,1330,1,1,1,2.0,6.0,91617,M,,,91
201000057086,10,2,6,1730,1,1,1,1.0,7.0,91064,M,,,91
201000057087,10,2,8,350,5,1,1,1.0,7.0,91553,M,,,91
201000057088,10,2,8,659,3,1,1,1.0,2.0,91377,M,,,91
201000057089,10,2,8,851,2,1,1,2.0,6.0,91161,M,,,91
201000057090,10,2,8,1808,3,1,1,2.0,2.0,91687,M,,,91
201000057091,10,2,11,918,1,1,1,4.0,7.0,94034,M,4875860.0,233699.0,94
201000057092,10,2,11,1120,1,1,1,4.0,5.0,94003,M,4881110.0,233754.0,94
201000057093,10,2,14,1525,1,1,1,1.0,2.0,91521,M,,,91
201000057094,10,2,15,858,1,1,1,1.0,7.0,91161,M,,,91
201000057095,10,2,16,845,1,1,1,1.0,6.0,91661,M,,,91
201000057096,10,2,16,951,1,1,1,1.0,2.0,91161,M,,,91
201000057097,10,2,16,1445,1,1,1,1.0,4.0,91553,M,,,91
201000057098,10,2,17,1902,3,1,1,1.0,2.0,94034,M,4875590.0,233392.0,94
201000057099,10,2,19,810,1,1,1,1.0,7.0,91617,M,,,91
201000057100,10,2,20,833,1,1,1,4.0,6.0,91064,M,,,91
201000057101,10,2,22,1855,1,1,1,1.0,2.0,91377,M,,,91
201000057102,10,2,23,833,1,1,1,2.0,7.0,91037,M,,,91
201000057103,10,2,24,845,1,1,1,2.0,3.0,91312,M,,,91
201000057104,10,2,25,705,2,1,1,8.0,7.0,75013,M,,,75
201000057105,10,2,12,1820,5,1,1,1.0,2.0,94065,M,4874950.0,235646.0,94
201000057106,10,2,26,1145,1,1,1,8.0,5.0,91161,M,,,91
201000057107,10,2,26,1245,1,1,1,1.0,3.0,92002,M,,,92
201000057108,10,2,26,1551,1,1,1,1.0,2.0,91064,M,,,91
201000057109,10,2,26,1625,1,1,1,1.0,7.0,91182,M,,,91
201000057110,10,2,26,1900,3,1,1,1.0,4.0,91661,M,,,91
201000057111,10,2,26,2015,3,1,1,1.0,2.0,91689,M,,,91
201000057112,10,2,26,43,3,1,1,1.0,5.0,91377,M,,,91
201000057113,10,2,27,150,3,1,1,1.0,7.0,91064,M,,,91
201000057114,10,3,1,600,3,1,1,1.0,3.0,91689,M,,,91
201000057115,10,3,1,1100,1,1,1,1.0,4.0,91345,M,,,91
201000057116,10,3,1,1055,1,1,1,1.0,2.0,91345,M,,,91
201000057117,10,3,1,1212,1,1,1,1.0,4.0,91182,M,,,91
201000057118,10,3,2,745,1,1,1,1.0,3.0,94065,M,4874630.0,235990.0,94
201000057119,10,3,2,1720,1,1,1,1.0,7.0,91086,M,,,91
201000057120,10,3,2,2000,5,1,1,1.0,7.0,91161,M,,,91
201000057121,10,3,3,1000,1,1,1,1.0,2.0,94065,M,4875510.0,234610.0,94
201000057122,10,3,3,1535,1,1,1,1.0,7.0,91521,M,,,91
201000057123,10,3,3,1645,1,1,1,1.0,4.0,91339,M,,,91
201000057124,10,3,5,1429,1,1,1,1.0,3.0,91377,M,,,91
201000057125,10,3,6,323,4,1,1,1.0,7.0,94038,M,4878800.0,234491.0,94
201000057126,10,3,7,145,5,1,1,1.0,7.0,94003,M,4880210.0,234196.0,94
201000057127,10,3,8,834,1,1,1,2.0,3.0,94034,M,4875950.0,232287.0,94
201000057128,10,3,8,1410,1,1,1,1.0,2.0,91235,M,,,91
201000057129,10,3,8,1847,1,1,1,1.0,7.0,94076,M,4878690.0,234603.0,94
201000057130,10,3,9,748,1,1,1,1.0,6.0,91286,M,,,91
201000057131,10,3,9,950,1,1,1,1.0,4.0,94034,M,4875620.0,234045.0,94
201000057132,10,3,9,1645,1,1,1,1.0,5.0,91161,M,,,91
201000057133,10,3,10,857,1,1,9,1.0,1.0,91471,M,,,91
201000057134,10,3,11,1417,1,1,1,1.0,2.0,91661,M,,,91
201000057135,10,3,12,2231,5,1,1,9.0,7.0,92002,M,,,92
201000057136,10,3,14,1817,1,1,1,1.0,3.0,77384,M,,,77
201000057137,10,3,16,830,1,1,1,1.0,3.0,91235,M,,,91
201000057138,10,3,18,704,1,1,1,1.0,3.0,91689,M,,,91
201000057139,10,3,18,700,1,1,1,1.0,3.0,91286,M,,,91
201000057140,10,3,18,810,1,1,1,1.0,3.0,91161,M,,,91
201000057141,10,3,18,800,1,1,1,1.0,3.0,91174,M,,,91
201000057142,10,3,18,1100,1,1,1,1.0,5.0,91161,M,,,91
201000057143,10,3,19,915,1,1,1,1.0,2.0,91589,M,,,91
201000057144,10,3,20,637,5,1,1,2.0,6.0,91182,M,,,91
201000057145,10,3,20,715,2,1,1,2.0,6.0,94003,M,4881260.0,233633.0,94
201000057146,10,3,20,958,1,1,1,2.0,3.0,94038,M,4878710.0,234539.0,94
201000057147,10,3,20,1000,1,1,1,1.0,7.0,94043,M,4881390.0,235485.0,94
201000057148,10,3,20,1554,1,1,1,1.0,4.0,91174,M,,,91
201000057149,10,3,21,1648,1,1,1,1.0,2.0,91179,M,,,91
201000057150,10,3,22,807,1,1,1,1.0,3.0,94038,M,4878680.0,234516.0,94
201000057151,10,3,22,1448,1,1,1,1.0,3.0,91377,M,,,91
201000057152,10,3,22,2220,5,1,1,1.0,2.0,91174,M,,,91
201000057153,10,3,23,1745,1,1,1,1.0,3.0,91661,M,,,91
201000057154,10,3,23,1953,4,1,1,1.0,7.0,91689,M,,,91
201000057155,10,3,23,2015,5,1,1,1.0,6.0,91161,M,,,91
201000057156,10,3,25,1405,1,1,1,1.0,2.0,91534,M,,,91
201000057157,10,3,24,2310,4,1,1,1.0,2.0,91377,M,,,91
201000057158,10,3,25,1142,1,1,1,2.0,2.0,91521,M,,,91
201000057159,10,3,25,2205,3,1,1,1.0,6.0,91037,M,,,91
201000057160,10,3,27,249,3,1,1,1.0,5.0,91161,M,,,91
201000057161,10,3,29,1811,1,1,1,2.0,4.0,91136,M,,,91
201000057162,10,3,31,710,1,1,1,1.0,2.0,91689,M,,,91
201000057163,10,4,1,1700,1,1,1,1.0,1.0,91692,M,,,91
201000057164,10,4,1,1742,1,1,1,1.0,3.0,91182,M,,,91
201000057165,10,4,1,1920,1,1,1,1.0,7.0,91521,M,,,91
201000057166,10,4,2,510,3,1,1,2.0,7.0,91179,M,,,91
201000057167,10,4,2,1407,1,1,1,3.0,6.0,77495,M,,,77
201000057168,10,4,2,1630,1,1,1,8.0,5.0,91689,M,,,91
201000057169,10,4,2,1935,1,1,1,8.0,5.0,92019,M,,,92
201000057170,10,4,3,429,4,1,1,1.0,2.0,94034,M,4875510.0,233342.0,94
201000057171,10,4,3,1117,1,1,1,2.0,3.0,91340,M,,,91
201000057172,10,4,3,1545,1,1,1,2.0,2.0,91235,M,,,91
201000057173,10,4,6,750,1,1,1,1.0,5.0,94038,M,4878860.0,234465.0,94
201000057174,10,4,6,910,1,1,1,1.0,2.0,91340,M,,,91
201000057175,10,4,7,800,1,1,1,1.0,2.0,91228,M,,,91
201000057176,10,4,8,814,1,1,1,2.0,7.0,91589,M,,,91
201000057177,10,4,9,1736,1,1,1,1.0,3.0,91064,M,,,91
201000057178,10,4,10,415,3,1,1,1.0,7.0,91549,M,,,91
201000057179,10,4,10,1945,1,1,1,1.0,4.0,91174,M,,,91
201000057180,10,4,12,1240,1,1,1,1.0,2.0,94003,M,4880160.0,234178.0,94
201000057181,10,4,13,49,3,1,1,1.0,6.0,91471,M,,,91
201000057182,10,4,13,850,1,1,1,1.0,5.0,91377,M,,,91
201000057183,10,4,13,1720,1,1,1,1.0,3.0,94034,M,4875440.0,233239.0,94
201000057184,10,4,14,459,5,1,1,1.0,7.0,91692,M,,,91
201000057185,10,4,15,2357,5,1,1,1.0,7.0,94021,M,4877150.0,234544.0,94
201000057186,10,4,16,307,3,1,1,1.0,6.0,91659,M,,,91
201000057187,10,4,16,1038,1,1,1,1.0,2.0,94034,M,4875580.0,234242.0,94
201000057188,10,4,17,1159,1,1,1,1.0,2.0,91086,M,,,91
201000057189,10,4,16,1515,1,1,1,1.0,3.0,91179,M,,,91
201000057190,10,4,16,1715,1,1,1,1.0,4.0,91570,M,,,91
201000057191,10,4,17,1344,1,1,1,1.0,2.0,91689,M,,,91
201000057192,10,4,18,705,2,1,1,1.0,6.0,77296,M,,,77
201000057193,10,4,21,2015,1,1,1,1.0,3.0,91161,M,,,91
201000057194,10,4,23,755,1,1,1,1.0,3.0,91553,M,,,91
201000057195,10,4,23,1828,1,1,1,1.0,3.0,94003,M,4880830.0,234003.0,94
201000057196,10,4,23,2305,3,1,1,1.0,6.0,91521,M,,,91
201000057197,10,4,24,1654,1,1,1,7.0,2.0,91161,M,,,91
201000057198,10,4,24,1720,1,1,1,1.0,6.0,91174,M,,,91
201000057199,10,4,24,1724,1,1,1,1.0,7.0,91589,M,,,91
201000057200,10,4,24,1813,1,1,1,1.0,7.0,91377,M,,,91
201000057201,10,4,27,1425,1,1,1,1.0,2.0,91179,M,,,91
201000057202,10,4,27,1832,1,1,1,1.0,2.0,91103,M,,,91
201000057203,10,4,27,1844,1,1,1,1.0,7.0,91477,M,,,91
201000057204,10,4,28,730,1,1,1,1.0,6.0,91549,M,,,91
201000057205,10,4,28,840,1,1,1,1.0,3.0,94003,M,4881320.0,233606.0,94
201000057206,10,4,28,1855,1,1,1,1.0,2.0,91589,M,,,91
201000057207,10,4,29,1545,1,1,1,1.0,4.0,91377,M,,,91
201000057208,10,4,30,1704,1,1,1,1.0,2.0,91692,M,,,91
201000057209,10,5,1,536,3,1,1,1.0,7.0,94034,M,4875650.0,233451.0,94
201000057210,10,5,2,210,4,1,1,1.0,7.0,94037,M,4881600.0,233699.0,94
201000057211,10,5,3,316,5,1,1,1.0,7.0,91086,M,,,91
201000057212,10,5,3,657,1,1,1,1.0,5.0,91687,M,,,91
201000057213,10,5,3,1637,1,1,1,1.0,2.0,91064,M,,,91
201000057214,10,5,5,320,5,1,1,1.0,3.0,94003,M,4881060.0,233796.0,94
201000057215,10,5,5,725,1,1,1,1.0,7.0,94034,M,4875760.0,232838.0,94
201000057216,10,5,7,906,1,1,1,1.0,3.0,91363,M,,,91
201000057217,10,5,8,939,1,1,1,1.0,3.0,94003,M,4880810.0,234045.0,94
201000057218,10,5,8,150,4,1,1,1.0,7.0,94034,M,4875360.0,233203.0,94
201000057219,10,5,8,1104,1,1,1,1.0,7.0,91521,M,,,91
201000057220,10,5,8,2210,3,1,1,2.0,2.0,91377,M,,,91
201000057221,10,5,9,501,3,1,1,1.0,7.0,91064,M,,,91
201000057222,10,5,10,10,3,1,1,1.0,3.0,91064,M,,,91
201000057223,10,5,10,244,3,1,1,2.0,7.0,91235,M,,,91
201000057224,10,5,11,132,5,1,1,2.0,7.0,94038,M,4878970.0,234389.0,94
201000057225,10,5,11,235,3,1,1,1.0,7.0,91617,M,,,91
201000057226,10,5,11,916,1,1,1,2.0,3.0,91363,M,,,91
201000057227,10,5,12,1100,1,1,1,1.0,6.0,91161,M,,,91
201000057228,10,5,13,638,2,1,1,1.0,2.0,92002,M,,,92
201000057229,10,5,13,1720,1,1,1,8.0,7.0,91617,M,,,91
201000057230,10,5,14,1510,1,1,1,8.0,6.0,91471,M,,,91
201000057231,10,5,14,1505,1,1,1,1.0,2.0,94034,M,4876180.0,231500.0,94
201000057232,10,5,15,616,1,1,1,1.0,3.0,91161,M,,,91
201000057233,10,5,15,1004,1,1,1,1.0,6.0,91037,M,,,91
201000057234,10,5,15,1150,1,1,1,1.0,3.0,94003,M,4880330.0,234181.0,94
201000057235,10,5,15,1325,1,1,1,1.0,3.0,94076,M,4879420.0,234506.0,94
201000057236,10,5,16,1750,1,1,1,1.0,2.0,91161,M,,,91
201000057237,10,5,17,1700,1,1,1,1.0,3.0,91659,M,,,91
201000057238,10,5,18,830,1,1,1,1.0,3.0,91687,M,,,91
201000057239,10,5,18,844,1,1,1,1.0,3.0,91617,M,,,91
201000057240,10,5,19,830,1,1,1,1.0,3.0,94021,M,4876440.0,234249.0,94
201000057241,10,5,19,923,1,1,1,1.0,7.0,94037,M,4881360.0,233604.0,94
201000057242,10,5,19,940,1,1,1,1.0,2.0,94034,M,4875670.0,233169.0,94
201000057243,10,5,19,1732,1,1,1,1.0,3.0,91689,M,,,91
201000057244,10,5,20,750,1,1,1,1.0,7.0,77251,M,,,77
201000057245,10,5,20,1640,1,1,1,1.0,3.0,91340,M,,,91
201000057246,10,5,21,1610,1,1,1,1.0,1.0,91235,M,,,91
201000057247,10,5,21,2011,2,1,1,1.0,5.0,91689,M,,,91
201000057248,10,5,22,258,3,1,1,1.0,7.0,91136,M,,,91
201000057249,10,5,22,1115,1,1,1,1.0,4.0,91161,M,,,91
201000057250,10,5,22,1115,1,1,1,1.0,4.0,91161,M,,,91
201000057251,10,5,22,1512,1,1,1,1.0,2.0,94038,M,4878860.0,234461.0,94
201000057252,10,5,23,1153,1,1,1,1.0,3.0,91521,M,,,91
201000057253,10,5,23,1454,1,1,1,7.0,2.0,91689,M,,,91
201000057254,10,5,22,1806,1,1,1,1.0,2.0,91570,M,,,91
201000057255,10,5,24,730,1,1,1,1.0,7.0,94043,M,4881290.0,235390.0,94
201000057256,10,5,25,901,1,1,1,7.0,4.0,91468,M,,,91
201000057257,10,5,26,820,1,1,1,1.0,2.0,94038,M,4878860.0,234463.0,94
201000057258,10,5,26,955,1,1,1,1.0,2.0,94034,M,4875330.0,233188.0,94
201000057259,10,5,26,1340,1,1,1,2.0,7.0,91434,M,,,91
201000057260,10,5,28,230,3,1,1,8.0,7.0,91534,M,,,91
201000057261,10,5,29,412,5,1,1,1.0,7.0,94003,M,4880170.0,234178.0,94
201000057262,10,5,29,1442,1,1,1,1.0,2.0,91182,M,,,91
201000057263,10,5,29,2045,1,1,1,2.0,2.0,91553,M,,,91
201000057264,10,5,30,2130,3,1,1,2.0,6.0,91347,M,,,91
201000057265,10,6,1,641,1,1,1,1.0,7.0,91216,M,,,91
201000057266,10,6,1,1426,1,1,1,1.0,7.0,91689,M,,,91
201000057267,10,6,1,1910,1,1,1,8.0,4.0,77296,M,,,77
201000057268,10,6,3,720,1,1,1,1.0,2.0,91689,M,,,91
201000057269,10,6,3,2239,3,1,1,1.0,1.0,91161,M,,,91
201000057270,10,6,4,859,1,1,1,1.0,4.0,91553,M,,,91
201000057271,10,6,4,1635,1,1,1,1.0,7.0,91617,M,,,91
201000057272,10,6,4,1913,1,1,1,1.0,5.0,91179,M,,,91
201000057273,10,6,7,835,1,1,1,1.0,3.0,91617,M,,,91
201000057274,10,6,7,1403,1,1,1,1.0,3.0,91589,M,,,91
201000057275,10,6,9,1412,1,1,1,2.0,6.0,91136,M,,,91
201000057276,10,6,9,1800,1,1,1,2.0,3.0,91136,M,,,91
201000057277,10,6,9,1920,1,1,1,2.0,7.0,91521,M,,,91
201000057278,10,6,9,2222,3,1,1,9.0,2.0,91617,M,,,91
201000057279,10,6,10,540,2,1,1,2.0,6.0,91521,M,,,91
201000057280,10,6,10,717,1,1,1,3.0,4.0,91687,M,,,91
201000057281,10,6,10,930,1,1,1,2.0,2.0,91182,M,,,91
201000057282,10,6,10,938,1,1,1,3.0,4.0,91179,M,,,91
201000057283,10,6,10,1737,1,1,1,2.0,7.0,77251,M,,,77
201000057284,10,6,11,800,1,1,1,1.0,3.0,91340,M,,,91
201000057285,10,6,11,1737,1,1,1,1.0,5.0,94003,M,4880040.0,234191.0,94
201000057286,10,6,11,2032,1,1,1,1.0,2.0,91434,M,,,91
201000057287,10,6,11,2032,1,1,1,1.0,4.0,91434,M,,,91
201000057288,10,6,12,500,3,1,1,3.0,3.0,91064,M,,,91
201000057289,10,6,12,1305,1,1,1,1.0,7.0,91340,M,,,91
201000057290,10,6,12,1600,1,1,1,1.0,2.0,91377,M,,,91
201000057291,10,6,13,459,3,1,1,1.0,2.0,91689,M,,,91
201000057292,10,6,13,1039,1,1,1,1.0,4.0,94003,M,4881140.0,233723.0,94
201000057293,10,6,15,1630,1,1,1,8.0,7.0,91174,M,,,91
201000057294,10,6,17,1820,1,1,1,1.0,2.0,91174,M,,,91
201000057295,10,6,18,802,1,1,1,1.0,2.0,91645,M,,,91
201000057296,10,6,19,829,1,1,1,1.0,7.0,91521,M,,,91
201000057297,10,6,19,1051,1,1,1,1.0,3.0,91689,M,,,91
201000057298,10,6,21,1730,1,1,1,1.0,6.0,77495,M,,,77
201000057299,10,6,22,1606,1,1,1,1.0,2.0,91589,M,,,91
201000057300,10,6,23,2209,4,1,1,1.0,7.0,91521,M,,,91
201000057301,10,6,24,1655,1,1,1,1.0,7.0,94003,M,4881010.0,233868.0,94
201000057302,10,6,24,1700,1,1,1,1.0,3.0,94021,M,4877030.0,234507.0,94
201000057303,10,6,25,658,1,1,1,1.0,3.0,91689,M,,,91
201000057304,10,6,25,1910,1,1,1,1.0,4.0,94076,M,4879100.0,234452.0,94
201000057305,10,6,26,45,3,1,1,1.0,7.0,91363,M,,,91
201000057306,10,6,26,128,3,1,1,1.0,7.0,91689,M,,,91
201000057307,10,6,27,10,3,1,1,1.0,7.0,91471,M,,,91
201000057308,10,6,29,720,1,1,1,1.0,3.0,94021,M,4876260.0,234105.0,94
201000057309,10,6,29,2023,1,1,1,1.0,5.0,91174,M,,,91
201000057310,10,6,30,850,1,1,1,1.0,2.0,91347,M,,,91
201000057311,10,6,30,1530,1,1,1,1.0,7.0,91434,M,,,91
201000057312,10,6,30,1739,1,1,1,1.0,7.0,94003,M,4881320.0,233623.0,94
201000057313,10,6,30,2100,1,1,1,1.0,6.0,91363,M,,,91
201000057314,10,7,1,900,1,1,1,1.0,7.0,94034,M,4876210.0,231436.0,94
201000057315,10,7,1,922,1,1,1,7.0,7.0,91661,M,,,91
201000057316,10,7,1,1249,1,1,1,1.0,6.0,91521,M,,,91
201000057317,10,7,1,1844,1,1,1,1.0,2.0,91228,M,,,91
201000057318,10,7,2,851,1,1,1,1.0,2.0,91174,M,,,91
201000057319,10,7,2,1705,1,1,1,3.0,5.0,92002,M,,,92
201000057320,10,7,3,700,1,1,1,1.0,7.0,94021,M,4877130.0,234496.0,94
201000057321,10,7,5,750,1,1,1,1.0,2.0,91477,M,,,91
201000057322,10,7,6,735,1,1,1,1.0,2.0,94034,M,4876190.0,231504.0,94
201000057323,10,7,6,1521,1,1,1,1.0,5.0,94043,M,4881590.0,235656.0,94
201000057324,10,7,6,1810,1,1,1,1.0,4.0,91174,M,,,91
201000057325,10,7,6,2143,3,1,1,1.0,2.0,91179,M,,,91
201000057326,10,7,7,630,1,1,1,7.0,2.0,91553,M,,,91
201000057327,10,7,7,929,1,1,1,7.0,2.0,91377,M,,,91
201000057328,10,7,7,1730,1,1,1,1.0,3.0,91471,M,,,91
201000057329,10,7,7,1945,1,1,1,1.0,3.0,91553,M,,,91
201000057330,10,7,7,2050,1,1,1,1.0,7.0,91286,M,,,91
201000057331,10,7,7,2054,1,1,1,1.0,7.0,91286,M,,,91
201000057332,10,7,7,1700,1,1,1,1.0,6.0,91064,M,,,91
201000057333,10,7,9,559,1,1,1,1.0,5.0,91689,M,,,91
201000057334,10,7,9,1555,1,1,1,1.0,5.0,91216,M,,,91
201000057335,10,7,9,1854,1,1,1,1.0,3.0,94021,M,4876940.0,234502.0,94