Num_Acc,an,mois,jour,hrmn,lum,agg,int,atm,col,com,gps,lat,long,dep
201000057336,10,7,9,2020,1,1,1,1.0,5.0,91377,M,,,91
201000057337,10,7,10,440,5,1,1,1.0,3.0,92002,M,,,92
201000057338,10,7,10,1856,1,1,1,1.0,7.0,91064,M,,,91
201000057339,10,7,11,2130,1,1,1,1.0,7.0,91377,M,,,91
201000057340,10,7,12,812,1,1,1,3.0,6.0,91377,M,,,91
201000057341,10,7,12,912,1,1,1,2.0,2.0,77251,M,,,77
201000057342,10,7,12,913,1,1,1,3.0,3.0,94034,M,4875440.0,233281.0,94
201000057343,10,7,12,2243,3,1,1,1.0,7.0,91521,M,,,91
201000057344,10,7,14,340,5,1,1,1.0,2.0,91174,M,,,91
201000057345,10,7,15,2045,1,1,1,1.0,3.0,91617,M,,,91
201000057346,10,7,17,900,1,1,1,1.0,7.0,94003,M,4881290.0,233612.0,94
201000057347,10,7,17,1530,1,1,1,1.0,7.0,91174,M,,,91
201000057348,10,7,19,1745,1,1,1,1.0,4.0,91174,M,,,91
201000057349,10,7,20,1820,1,1,1,1.0,7.0,91549,M,,,91
201000057350,10,7,21,1535,1,1,1,1.0,7.0,94076,M,4879600.0,234465.0,94
201000057351,10,7,22,1807,1,1,1,1.0,3.0,94003,M,4880720.0,234087.0,94
201000057352,10,7,22,1836,1,1,1,1.0,6.0,91037,M,,,91
201000057353,10,7,22,2012,1,1,1,1.0,7.0,94034,M,4875580.0,233917.0,94
201000057354,10,7,23,800,1,1,1,1.0,3.0,91589,M,,,91
201000057355,10,7,23,1530,1,1,1,8.0,2.0,91617,M,,,91
201000057356,10,7,23,1630,1,1,1,1.0,3.0,92002,M,,,92
201000057357,10,7,24,1610,1,1,1,1.0,7.0,91136,M,,,91
201000057358,10,7,25,1231,1,1,1,1.0,7.0,91549,M,,,91
201000057359,10,7,26,1000,1,1,1,1.0,6.0,91377,M,,,91
201000057360,10,7,26,1938,1,1,1,8.0,7.0,91477,M,,,91
201000057361,10,7,28,9,3,1,1,1.0,2.0,91064,M,,,91
201000057362,10,7,28,1149,1,1,1,1.0,2.0,94043,M,4881590.0,235647.0,94
201000057363,10,7,29,1040,1,1,1,1.0,7.0,91689,M,,,91
201000057364,10,7,29,1856,1,1,1,1.0,3.0,91064,M,,,91
201000057365,10,7,30,1212,1,1,1,7.0,7.0,91471,M,,,91
201000057366,10,7,31,1110,1,1,1,1.0,7.0,91286,M,,,91
201000057367,10,8,1,640,2,1,1,1.0,7.0,91286,M,,,91
201000057368,10,8,2,900,1,1,1,1.0,4.0,91521,M,,,91
201000057369,10,8,3,1000,1,1,1,1.0,2.0,91174,M,,,91
201000057370,10,8,5,128,3,1,1,1.0,3.0,91161,M,,,91
201000057371,10,8,6,1052,1,1,1,1.0,6.0,91521,M,,,91
201000057372,10,8,7,1239,1,1,1,1.0,7.0,91521,M,,,91
201000057373,10,8,8,1220,1,1,1,1.0,7.0,94034,M,4875910.0,233761.0,94
201000057374,10,8,8,1710,1,1,1,1.0,6.0,94043,M,4881360.0,235484.0,94
201000057375,10,8,9,1121,1,1,1,1.0,3.0,91689,M,,,91
201000057376,10,8,9,1120,1,1,1,1.0,3.0,92002,M,,,92
201000057377,10,8,9,1350,1,1,1,1.0,7.0,91553,M,,,91
201000057378,10,8,10,845,1,1,1,1.0,2.0,91340,M,,,91
201000057379,10,8,10,1717,1,1,1,1.0,3.0,94038,M,4878460.0,234620.0,94
201000057380,10,8,11,850,1,1,1,2.0,2.0,91340,M,,,91
201000057381,10,8,12,1341,1,1,1,1.0,6.0,91553,M,,,91
201000057382,10,8,13,2125,3,1,1,8.0,6.0,91179,M,,,91
201000057383,10,8,15,1337,1,1,1,3.0,6.0,91471,M,,,91
201000057384,10,8,15,1450,1,1,1,3.0,7.0,91471,M,,,91
201000057385,10,8,15,1446,1,1,1,2.0,3.0,94076,M,4879070.0,234408.0,94
201000057386,10,8,15,1554,1,1,1,3.0,3.0,91174,M,,,91
201000057387,10,8,16,830,1,1,1,2.0,6.0,91363,M,,,91
201000057388,10,8,16,915,1,1,1,1.0,2.0,91471,M,,,91
201000057389,10,8,16,1102,1,1,1,3.0,2.0,91471,M,,,91
201000057390,10,8,16,1310,1,1,1,3.0,7.0,94037,M,4881380.0,233606.0,94
201000057391,10,8,19,1900,1,1,1,1.0,2.0,91179,M,,,91
201000057392,10,8,20,1450,1,1,1,2.0,6.0,91377,M,,,91
201000057393,10,8,20,2125,2,1,1,1.0,6.0,91363,M,,,91
201000057394,10,8,22,1349,1,1,1,1.0,7.0,91666,M,,,91
201000057395,10,8,23,1220,1,1,1,2.0,7.0,91471,M,,,91
201000057396,10,8,23,1700,1,1,1,1.0,7.0,91553,M,,,91
201000057397,10,8,24,1715,1,1,1,1.0,2.0,91570,M,,,91
201000057398,10,8,25,1143,1,1,1,1.0,2.0,94038,M,4878880.0,234509.0,94
201000057399,10,8,27,142,3,1,1,2.0,6.0,91340,M,,,91
201000057400,10,8,27,635,3,1,1,1.0,6.0,91363,M,,,91
201000057401,10,8,27,1725,1,1,1,1.0,7.0,91182,M,,,91
201000057402,10,8,27,1844,1,1,1,1.0,5.0,91161,M,,,91
201000057403,10,8,28,1723,1,1,1,1.0,3.0,77384,M,,,77
201000057404,10,8,28,1814,1,1,1,1.0,4.0,91689,M,,,91
201000057405,10,8,28,2007,1,1,1,1.0,4.0,91377,M,,,91
201000057406,10,8,29,1131,1,1,1,1.0,6.0,91645,M,,,91
201000057407,10,8,30,615,2,1,9,1.0,3.0,91086,M,,,91
201000057408,10,8,30,1745,1,1,1,1.0,4.0,91182,M,,,91
201000057409,10,8,30,2015,1,1,1,1.0,2.0,91645,M,,,91
201000057410,10,8,30,2220,5,1,1,1.0,2.0,94003,M,4880860.0,233976.0,94
201000057411,10,8,31,815,1,1,1,1.0,3.0,91064,M,,,91
201000057412,10,8,31,912,1,1,1,1.0,6.0,91645,M,,,91
201000057413,10,8,30,1830,1,1,1,1.0,3.0,91689,M,,,91
201000057414,10,9,1,900,1,1,1,1.0,4.0,91103,M,,,91
201000057415,10,9,1,2130,3,1,1,1.0,7.0,94034,M,4875030.0,232888.0,94
201000057416,10,9,2,1130,1,1,1,1.0,2.0,91377,M,,,91
201000057417,10,9,2,1842,1,1,1,1.0,4.0,91340,M,,,91
201000057418,10,9,2,1915,1,1,1,1.0,5.0,91174,M,,,91
201000057419,10,9,3,38,3,1,1,1.0,7.0,94003,M,4881130.0,233732.0,94
201000057420,10,9,3,1905,1,1,1,7.0,4.0,91103,M,,,91
201000057421,10,9,3,2046,3,1,1,1.0,6.0,91339,M,,,91
201000057422,10,9,4,1708,1,1,1,1.0,5.0,91216,M,,,91
201000057423,10,9,6,1719,1,1,1,8.0,2.0,91589,M,,,91
201000057424,10,9,4,1916,1,1,1,1.0,2.0,91617,M,,,91
201000057425,10,9,5,1521,1,1,1,1.0,2.0,91689,M,,,91
201000057426,10,9,6,713,1,1,1,1.0,7.0,91339,M,,,91
201000057427,10,9,7,833,1,1,1,1.0,2.0,91617,M,,,91
201000057428,10,9,8,903,1,1,1,2.0,3.0,91377,M,,,91
201000057429,10,9,8,1134,1,1,1,2.0,7.0,91477,M,,,91
201000057430,10,9,8,1420,1,1,1,2.0,7.0,91086,M,,,91
201000057431,10,9,8,1850,1,1,1,2.0,2.0,94076,M,4879670.0,234395.0,94
201000057432,10,9,8,2107,2,1,1,1.0,6.0,91340,M,,,91
201000057433,10,9,8,2205,3,1,1,1.0,2.0,91589,M,,,91
201000057434,10,9,8,2208,3,1,1,1.0,2.0,91589,M,,,91
201000057435,10,9,9,1539,1,1,1,1.0,2.0,91589,M,,,91
201000057436,10,9,9,1852,1,1,1,2.0,5.0,91477,M,,,91
201000057437,10,9,11,1123,1,1,1,1.0,4.0,91434,M,,,91
201000057438,10,9,12,140,5,1,1,1.0,2.0,91235,M,,,91
201000057439,10,9,14,830,1,1,1,1.0,2.0,91340,M,,,91
201000057440,10,9,14,810,1,1,1,1.0,4.0,91692,M,,,91
201000057441,10,9,14,840,1,1,1,1.0,2.0,91235,M,,,91
201000057442,10,9,14,845,1,1,1,1.0,2.0,91689,M,,,91
201000057443,10,9,15,944,1,1,1,1.0,5.0,94038,M,4878720.0,234533.0,94
201000057444,10,9,14,1222,1,1,1,1.0,7.0,91549,M,,,91
201000057445,10,9,15,842,1,1,1,2.0,7.0,94076,M,4879430.0,234523.0,94
201000057446,10,9,15,905,1,1,1,8.0,7.0,91689,M,,,91
201000057447,10,9,15,905,1,1,1,8.0,5.0,91689,M,,,91
201000057448,10,9,16,1730,1,1,1,1.0,3.0,91377,M,,,91
201000057449,10,9,17,315,3,1,1,1.0,2.0,91689,M,,,91
201000057450,10,9,17,1035,1,1,1,1.0,3.0,94076,M,4879340.0,234505.0,94
201000057451,10,9,17,1626,1,1,1,1.0,4.0,91064,M,,,91
201000057452,10,9,18,545,1,1,1,1.0,2.0,91340,M,,,91
201000057453,10,9,18,1757,1,1,1,1.0,1.0,91182,M,,,91
201000057454,10,9,19,2149,5,1,1,1.0,2.0,94065,M,4875540.0,234408.0,94
201000057455,10,9,21,843,1,1,1,1.0,5.0,91136,M,,,91
201000057456,10,9,21,920,1,1,1,1.0,2.0,91228,M,,,91
201000057457,10,9,21,1105,1,1,1,1.0,6.0,77251,M,,,77
201000057458,10,9,21,1217,1,1,1,1.0,3.0,91345,M,,,91
201000057459,10,9,21,1440,1,1,1,1.0,4.0,77251,M,,,77
201000057460,10,9,21,2100,5,1,1,1.0,3.0,94003,M,4880550.0,234164.0,94
201000057461,10,9,22,756,1,1,1,1.0,2.0,91553,M,,,91
201000057462,10,9,22,909,1,1,1,1.0,3.0,94021,M,4877070.0,234567.0,94
201000057463,10,9,23,1850,1,1,1,1.0,7.0,94003,M,4881170.0,233706.0,94
201000057464,10,9,24,827,1,1,1,2.0,7.0,91549,M,,,91
201000057465,10,9,24,821,1,1,1,8.0,2.0,91534,M,,,91
201000057466,10,9,24,1710,1,1,1,1.0,7.0,91521,M,,,91
201000057467,10,9,25,1308,1,1,1,1.0,3.0,94076,M,4879340.0,234490.0,94
201000057468,10,9,25,1513,1,1,1,1.0,3.0,94076,M,4879430.0,234523.0,94
201000057469,10,9,26,525,3,1,1,1.0,1.0,91471,M,,,91
201000057470,10,9,26,2335,5,1,1,3.0,2.0,94003,M,4880290.0,234198.0,94
201000057471,10,9,27,5,5,1,1,3.0,7.0,94003,M,4881290.0,233612.0,94
201000057472,10,9,27,530,2,1,1,1.0,6.0,91589,M,,,91
201000057473,10,9,27,643,2,1,1,1.0,2.0,94016,M,4879690.0,234389.0,94
201000057474,10,9,27,1832,1,1,1,1.0,6.0,91174,M,,,91
201000057475,10,9,29,802,1,1,1,1.0,6.0,91179,M,,,91
201000057476,10,9,29,952,1,1,1,1.0,2.0,94034,M,4876210.0,231445.0,94
201000057477,10,9,30,745,2,1,1,2.0,3.0,91521,M,,,91
201000057478,10,9,30,810,1,1,1,2.0,4.0,91161,M,,,91
201000057479,10,10,1,115,3,1,1,1.0,6.0,91064,M,,,91
201000057480,10,10,1,1335,1,1,1,1.0,7.0,91471,M,,,91
201000057481,10,10,1,2000,3,1,1,1.0,6.0,91477,M,,,91
201000057482,10,10,2,211,3,1,1,1.0,6.0,91589,M,,,91
201000057483,10,10,2,910,1,1,1,2.0,3.0,92019,M,,,92
201000057484,10,10,2,1030,1,1,1,8.0,7.0,91521,M,,,91
201000057485,10,10,2,2204,3,1,1,1.0,2.0,91434,M,,,91
201000057486,10,10,3,1612,1,1,1,1.0,3.0,91521,M,,,91
201000057487,10,10,4,1430,1,1,1,2.0,4.0,91471,M,,,91
201000057488,10,10,5,748,1,1,1,2.0,3.0,91617,M,,,91
201000057489,10,10,8,1255,1,1,1,1.0,2.0,92002,M,,,92
201000057490,10,10,5,1849,3,1,1,2.0,5.0,91689,M,,,91
201000057491,10,10,6,945,1,1,1,1.0,5.0,91235,M,,,91
201000057492,10,10,6,1445,1,1,1,8.0,3.0,91553,M,,,91
201000057493,10,10,7,1145,1,1,1,1.0,5.0,91434,M,,,91
201000057494,10,10,8,744,1,1,1,1.0,3.0,91377,M,,,91
201000057495,10,10,8,1841,1,1,1,1.0,4.0,91174,M,,,91
201000057496,10,10,8,1943,3,1,1,1.0,2.0,91617,M,,,91
201000057497,10,10,9,1150,1,1,1,1.0,2.0,91549,M,,,91
201000057498,10,10,9,2345,3,1,1,1.0,6.0,91363,M,,,91
201000057499,10,10,10,1915,1,1,1,1.0,4.0,91363,M,,,91
201000057500,10,10,11,919,1,1,1,1.0,6.0,91312,M,,,91
201000057501,10,10,11,919,1,1,1,1.0,1.0,91235,M,,,91
201000057502,10,10,11,1730,1,1,1,1.0,3.0,91340,M,,,91
201000057503,10,10,13,955,1,1,1,1.0,7.0,91645,M,,,91
201000057504,10,10,13,1645,1,1,1,1.0,7.0,91340,M,,,91
201000057505,10,10,13,1700,1,1,1,1.0,6.0,91617,M,,,91
201000057506,10,10,13,1740,1,1,1,1.0,6.0,91340,M,,,91
201000057507,10,10,13,1850,3,1,1,1.0,4.0,94034,M,,,94
201000057508,10,10,13,1920,3,1,1,1.0,7.0,94021,M,,,94
201000057509,10,10,14,705,2,1,1,1.0,3.0,94034,M,,,94
201000057510,10,10,14,820,1,1,1,1.0,2.0,91086,M,,,91
201000057511,10,10,14,915,1,1,1,1.0,6.0,91161,M,,,91
201000057512,10,10,14,1939,4,1,1,1.0,2.0,94037,M,,,94
201000057513,10,10,15,1655,1,1,1,1.0,3.0,91689,M,,,91
201000057514,10,10,18,717,3,1,1,1.0,2.0,91434,M,,,91
201000057515,10,10,18,1030,1,1,1,1.0,6.0,91064,M,,,91
201000057516,10,10,19,1223,1,1,1,8.0,7.0,91477,M,,,91
201000057517,10,10,19,1301,1,1,1,8.0,7.0,94003,M,,,94
201000057518,10,10,20,1736,1,1,1,1.0,7.0,94034,M,,,94
201000057519,10,10,21,50,3,1,1,1.0,2.0,91174,M,,,91
201000057520,10,10,22,1154,1,1,1,1.0,6.0,91661,M,,,91
201000057521,10,10,22,1827,1,1,1,1.0,4.0,91161,M,,,91
201000057522,10,10,23,455,3,1,1,1.0,2.0,91179,M,,,91
201000057523,10,10,23,2020,3,1,1,7.0,3.0,91161,M,,,91
201000057524,10,10,23,2030,4,1,1,2.0,7.0,94034,M,,,94
201000057525,10,10,24,13,3,1,1,1.0,6.0,91340,M,,,91
201000057526,10,10,24,200,3,1,9,8.0,7.0,77251,M,,,77
201000057527,10,10,25,532,5,1,1,1.0,3.0,94003,M,,,94
201000057528,10,10,25,1135,1,1,1,8.0,7.0,91377,M,,,91
201000057529,10,10,25,1540,1,1,1,1.0,7.0,91363,M,,,91
201000057530,10,10,26,1837,2,1,1,1.0,6.0,91553,M,,,91
201000057531,10,10,27,1903,2,1,1,1.0,3.0,94021,M,,,94
201000057532,10,10,28,1703,1,1,1,1.0,3.0,91179,M,,,91
201000057533,10,10,28,2335,3,1,1,1.0,2.0,91553,M,,,91
201000057534,10,10,29,124,3,1,1,1.0,6.0,91471,M,,,91
201000057535,10,10,29,2015,3,1,1,1.0,2.0,91377,M,,,91
201000057536,10,10,30,840,2,1,1,2.0,6.0,91340,M,,,91
201000057537,10,10,31,128,3,1,1,1.0,6.0,91534,M,,,91
201000057538,10,10,31,554,5,1,1,2.0,6.0,91161,M,,,91
201000057539,10,10,31,1200,1,1,1,1.0,7.0,91179,M,,,91
201000057540,10,11,2,700,2,1,1,1.0,7.0,91182,M,,,91
201000057541,10,11,2,1613,1,1,1,1.0,7.0,94003,M,,,94
201000057542,10,11,2,1954,1,1,1,1.0,4.0,91182,M,,,91
201000057543,10,11,2,2035,5,1,1,8.0,2.0,91363,M,,,91
201000057544,10,11,3,1109,1,1,1,1.0,6.0,91228,M,,,91
201000057545,10,11,3,1733,3,1,1,1.0,2.0,91161,M,,,91
201000057546,10,11,3,1913,3,1,1,1.0,2.0,91689,M,,,91
201000057547,10,11,3,2324,3,1,1,1.0,6.0,91161,M,,,91
201000057548,10,11,5,1110,1,1,1,1.0,6.0,77384,M,,,77
201000057549,10,11,5,1750,3,1,1,1.0,5.0,91477,M,,,91
201000057550,10,11,6,1626,1,1,1,2.0,4.0,91136,M,,,91
201000057551,10,11,6,1900,3,1,1,3.0,2.0,94003,M,,,94
201000057552,10,11,7,550,3,1,1,3.0,2.0,91235,M,,,91
201000057553,10,11,8,930,1,1,1,2.0,6.0,91340,M,,,91
201000057554,10,11,7,1150,1,1,1,2.0,7.0,91553,M,,,91
201000057555,10,11,7,1649,2,1,1,2.0,7.0,91340,M,,,91
201000057556,10,11,7,1945,2,1,1,2.0,7.0,91340,M,,,91
201000057557,10,11,8,905,1,1,1,2.0,2.0,91347,M,,,91
201000057558,10,11,8,1547,1,1,1,2.0,7.0,91377,M,,,91
201000057559,10,11,8,2250,3,1,1,1.0,7.0,92019,M,,,92
201000057560,10,11,8,2337,4,1,1,8.0,2.0,91521,M,,,91
201000057561,10,11,9,234,3,1,1,8.0,6.0,91692,M,,,91
201000057562,10,11,9,706,2,1,1,2.0,7.0,94065,M,,,94
201000057563,10,11,9,842,1,1,1,2.0,6.0,94034,M,,,94
201000057564,10,11,10,1125,1,1,1,8.0,6.0,91477,M,,,91
201000057565,10,11,9,1125,1,1,1,8.0,2.0,91534,M,,,91
201000057566,10,11,9,1740,5,1,1,2.0,4.0,91182,M,,,91
201000057567,10,11,9,1828,5,1,1,2.0,3.0,94076,M,,,94
201000057568,10,11,9,1830,1,1,1,1.0,3.0,91521,M,,,91
201000057569,10,11,9,2245,3,1,1,2.0,3.0,91161,M,,,91
201000057570,10,11,10,830,1,1,1,2.0,3.0,94038,M,,,94
201000057571,10,11,10,803,2,1,1,2.0,6.0,77495,M,,,77
201000057572,10,11,11,420,3,1,1,1.0,6.0,91161,M,,,91
201000057573,10,11,11,2045,3,1,1,2.0,7.0,91521,M,,,91
201000057574,10,11,12,830,1,1,1,1.0,7.0,91228,M,,,91
201000057575,10,11,15,1500,1,1,1,1.0,3.0,92019,M,,,92
201000057576,10,11,13,10,3,1,1,2.0,6.0,91182,M,,,91
201000057577,10,11,13,1721,3,1,1,1.0,6.0,91064,M,,,91
201000057578,10,11,13,2125,3,1,1,2.0,7.0,94037,M,,,94
201000057579,10,11,13,2140,3,1,1,1.0,7.0,94037,M,,,94
201000057580,10,11,14,950,1,1,1,2.0,7.0,91521,M,,,91
201000057581,10,11,14,1105,1,1,1,2.0,7.0,94034,M,,,94
201000057582,10,11,14,1350,1,1,1,2.0,7.0,91064,M,,,91
201000057583,10,11,14,1758,5,1,1,8.0,6.0,91521,M,,,91
201000057584,10,11,15,1935,3,1,1,1.0,3.0,91363,M,,,91
201000057585,10,11,16,755,1,1,1,1.0,2.0,91617,M,,,91
201000057586,10,11,17,830,1,1,1,1.0,3.0,92002,M,,,92
201000057587,10,11,17,1920,3,1,1,1.0,3.0,91659,M,,,91
201000057588,10,11,18,547,3,1,1,1.0,3.0,91689,M,,,91
201000057589,10,11,18,1005,1,1,1,1.0,2.0,91589,M,,,91
201000057590,10,11,18,1845,3,1,1,1.0,3.0,91689,M,,,91
201000057591,10,11,19,740,1,1,1,1.0,2.0,91161,M,,,91
201000057592,10,11,19,1920,3,1,1,1.0,3.0,91161,M,,,91
201000057593,10,11,21,1007,1,1,1,2.0,6.0,91037,M,,,91
201000057594,10,11,21,1239,1,1,1,8.0,7.0,94034,M,,,94
201000057595,10,11,21,1343,1,1,1,1.0,7.0,91471,M,,,91
201000057596,10,11,21,1525,1,1,1,2.0,7.0,91064,M,,,91
201000057597,10,11,21,2023,3,1,1,2.0,6.0,91377,M,,,91
201000057598,10,11,22,819,2,1,1,2.0,6.0,91286,M,,,91
201000057599,10,11,22,1022,1,1,1,8.0,1.0,91161,M,,,91
201000057600,10,11,22,2107,5,1,1,1.0,3.0,91161,M,,,91
201000057601,10,11,22,2300,5,1,1,1.0,2.0,91174,M,,,91
201000057602,10,11,23,2151,5,1,1,1.0,5.0,94021,M,,,94
201000057603,10,11,25,519,3,1,1,3.0,6.0,91689,M,,,91
201000057604,10,11,25,925,1,1,1,2.0,7.0,94034,M,,,94
201000057605,10,11,25,1646,2,1,1,4.0,3.0,91689,M,,,91
201000057606,10,11,25,1846,3,1,1,2.0,4.0,91174,M,,,91
201000057607,10,11,26,519,3,1,1,9.0,7.0,91340,M,,,91
201000057608,10,11,26,615,2,1,1,1.0,2.0,91182,M,,,91
201000057609,10,11,26,1243,1,1,1,1.0,7.0,91659,M,,,91
201000057610,10,11,26,1730,5,1,1,4.0,2.0,91689,M,,,91
201000057611,10,11,26,1753,3,1,1,4.0,3.0,94034,M,,,94
201000057612,10,11,28,617,5,1,1,9.0,6.0,94038,M,,,94
201000057613,10,11,30,2030,3,1,1,1.0,6.0,91064,M,,,91
201000057614,10,11,28,1556,1,1,1,8.0,6.0,91037,M,,,91
201000057615,10,12,1,1747,3,1,1,4.0,3.0,91692,M,,,91
201000057616,10,12,3,902,1,1,1,1.0,2.0,94034,M,,,94
201000057617,10,12,4,134,3,1,1,1.0,7.0,94037,M,,,94
201000057618,10,12,4,1340,1,1,1,4.0,4.0,91589,M,,,91
201000057619,10,12,6,732,3,1,1,2.0,3.0,91659,M,,,91
201000057620,10,12,6,924,1,1,1,4.0,2.0,91064,M,,,91
201000057621,10,12,6,945,1,1,1,4.0,3.0,94065,M,,,94
201000057622,10,12,6,2010,3,1,1,2.0,3.0,91689,M,,,91
201000057623,10,12,7,1045,1,1,1,2.0,3.0,91182,M,,,91
201000057624,10,12,7,2028,3,1,1,2.0,7.0,91064,M,,,91
201000057625,10,12,8,720,3,1,1,2.0,3.0,91589,M,,,91
201000057626,10,12,9,1332,1,1,1,1.0,6.0,91345,M,,,91
201000057627,10,12,11,2350,3,1,1,9.0,5.0,91312,M,,,91
201000057628,10,12,12,1724,5,1,9,1.0,6.0,91661,M,,,91
201000057629,10,12,13,830,1,1,1,1.0,3.0,91521,M,,,91
201000057630,10,12,14,1321,1,1,1,1.0,2.0,94038,M,,,94
201000057631,10,12,14,1452,1,1,1,1.0,7.0,94037,M,,,94
201000057632,10,12,15,1051,1,1,1,1.0,3.0,94003,M,,,94
201000057633,10,12,16,1335,1,1,1,2.0,3.0,94003,M,,,94
201000057634,10,12,17,100,5,1,1,3.0,7.0,94037,M,,,94
201000057635,10,12,18,1115,1,1,1,1.0,2.0,91553,M,,,91
201000057636,10,12,20,620,3,1,1,4.0,1.0,91312,M,,,91
201000057637,10,12,21,1437,2,1,1,1.0,2.0,91136,M,,,91
201000057638,10,12,21,1452,1,1,1,1.0,2.0,91434,M,,,91
201000057639,10,12,22,1130,1,1,1,1.0,4.0,91174,M,,,91
201000057640,10,12,22,1755,5,1,1,2.0,3.0,94065,M,,,94
201000057641,10,12,23,30,3,1,1,3.0,7.0,91216,M,,,91
201000057642,10,12,23,51,5,1,1,4.0,6.0,91534,M,,,91
201000057643,10,12,26,1825,3,1,1,8.0,7.0,91182,M,,,91
201000057644,10,12,28,721,3,1,1,2.0,7.0,91692,M,,,91
201000057645,10,12,30,1745,5,1,1,1.0,5.0,91521,M,,,91
201000057646,10,12,31,540,3,1,1,2.0,7.0,91086,M,,,91
201000057647,10,12,31,1340,1,1,1,1.0,2.0,94037,M,,,94
201000057648,10,12,31,1000,1,1,1,1.0,2.0,91064,M,,,91
201000057649,10,1,6,2100,3,1,1,2.0,6.0,20120,M,,,202
201000057650,10,1,6,2050,5,1,1,1.0,6.0,20037,M,,,202
201000057651,10,1,10,2358,5,2,1,1.0,1.0,20033,M,,,202
201000057652,10,1,12,1255,1,2,1,1.0,2.0,20033,M,,,202
201000057653,10,1,13,924,1,1,1,2.0,2.0,20033,M,,,202
201000057654,10,1,14,804,1,2,1,1.0,6.0,20033,M,,,202
201000057655,10,1,19,725,2,2,1,1.0,6.0,20033,M,,,202
201000057656,10,1,19,2223,5,2,1,1.0,3.0,20033,M,,,202
201000057657,10,1,24,2340,5,2,1,1.0,5.0,20033,M,,,202
201000057658,10,1,25,1254,1,1,1,2.0,2.0,20037,M,,,202
201000057659,10,1,26,1700,1,2,1,1.0,6.0,20033,M,,,202
201000057660,10,1,27,1607,1,2,1,1.0,6.0,20033,M,,,202
201000057661,10,1,29,1025,1,2,1,1.0,6.0,20033,M,,,202
201000057662,10,1,29,1805,5,2,3,1.0,3.0,20037,M,,,202
201000057663,10,1,31,537,5,1,1,1.0,6.0,20037,M,,,202
201000057664,10,1,31,1100,1,2,1,1.0,6.0,20033,M,,,202
201000057665,10,2,1,648,2,1,1,1.0,4.0,20037,M,,,202
201000057666,10,2,1,804,1,2,1,1.0,6.0,20033,M,,,202
201000057667,10,2,9,1905,5,2,1,2.0,4.0,20033,M,,,202
201000057668,10,2,11,940,1,1,1,1.0,3.0,20033,M,,,202
201000057669,10,2,13,215,5,2,1,1.0,6.0,20033,M,,,202
201000057670,10,2,15,820,1,1,1,1.0,5.0,20037,M,,,202
201000057671,10,2,16,1822,3,1,1,2.0,6.0,20033,M,,,202
201000057672,10,2,17,2003,5,1,1,1.0,6.0,20037,M,,,202
201000057673,10,2,18,851,1,1,1,1.0,2.0,20037,M,,,202
201000057674,10,2,19,1211,1,2,1,1.0,6.0,20033,M,,,202
201000057675,10,2,19,1400,1,2,1,1.0,3.0,20033,M,,,202
201000057676,10,2,19,2337,5,2,1,1.0,6.0,20033,M,,,202
201000057677,10,2,23,1228,1,2,1,1.0,2.0,20120,M,,,202
201000057678,10,2,23,1839,5,2,1,1.0,4.0,20033,M,,,202
201000057679,10,3,3,2026,5,2,1,1.0,3.0,20033,M,,,202
201000057680,10,3,6,845,1,2,6,1.0,2.0,20033,M,,,202
201000057681,10,3,7,1154,1,2,1,1.0,6.0,20033,M,,,202
201000057682,10,3,8,1831,1,2,1,1.0,6.0,20033,M,,,202
201000057683,10,3,9,728,1,2,1,2.0,2.0,20033,M,,,202
201000057684,10,3,9,1435,1,2,6,3.0,3.0,20033,M,,,202
201000057685,10,3,14,1342,1,2,1,1.0,6.0,20037,M,,,202
201000057686,10,3,12,850,1,2,1,1.0,4.0,20033,M,,,202
201000057687,10,3,15,1600,1,2,1,1.0,3.0,20033,M,,,202
201000057688,10,3,17,1005,1,2,1,1.0,6.0,20033,M,,,202
201000057689,10,3,17,1000,1,2,1,1.0,6.0,20033,M,,,202
201000057690,10,3,18,2325,5,2,1,1.0,4.0,20033,M,,,202
201000057691,10,3,19,1806,1,2,1,1.0,3.0,20033,M,,,202
201000057692,10,3,20,1035,1,2,1,1.0,6.0,20033,M,,,202
201000057693,10,3,22,103,5,2,1,1.0,6.0,20033,M,,,202
201000057694,10,3,22,1834,5,2,1,1.0,4.0,20033,M,,,202
201000057695,10,3,27,1203,1,2,6,1.0,3.0,20033,M,,,202
201000057696,10,3,26,1750,1,2,1,1.0,4.0,20033,M,,,202
201000057697,10,3,30,122,5,2,1,1.0,5.0,20033,M,,,202
201000057698,10,4,2,1205,1,2,1,1.0,3.0,20033,M,,,202
201000057699,10,4,3,1915,2,2,1,1.0,6.0,20033,M,,,202
201000057700,10,4,3,2250,5,2,1,1.0,6.0,20033,M,,,202
201000057701,10,4,6,1748,1,1,2,1.0,3.0,20033,M,,,202
201000057702,10,4,6,1815,1,2,3,1.0,3.0,20120,M,,,202
201000057703,10,4,2,110,5,2,1,1.0,6.0,20033,M,,,202
201000057704,10,4,7,1518,1,2,1,1.0,6.0,20033,M,,,202
201000057705,10,4,9,1943,5,2,1,2.0,3.0,20033,M,,,202
201000057706,10,4,14,1520,1,2,1,1.0,2.0,20033,M,,,202
201000057707,10,4,14,2117,5,2,1,1.0,2.0,20033,M,,,202
201000057708,10,4,19,947,1,2,1,1.0,2.0,20033,M,,,202
201000057709,10,4,21,1025,1,2,1,1.0,6.0,20033,M,,,202