Num_Acc,an,mois,jour,hrmn,lum,agg,int,atm,col,com,gps,lat,long,dep
201000057710,10,4,23,1639,1,2,1,3.0,6.0,20033,M,,,202
201000057711,10,4,24,249,5,2,1,1.0,2.0,20037,M,,,202
201000057712,10,5,4,1522,1,2,1,2.0,2.0,20033,M,,,202
201000057713,10,5,6,1650,1,2,1,1.0,2.0,20033,M,,,202
201000057714,10,5,7,1423,1,1,1,1.0,6.0,20037,M,,,202
201000057715,10,5,7,1702,1,2,1,1.0,6.0,20033,M,,,202
201000057716,10,5,7,2057,5,1,1,1.0,3.0,20120,M,,,202
201000057717,10,5,8,1022,1,2,1,1.0,2.0,20033,M,,,202
201000057718,10,5,9,1650,1,2,1,1.0,6.0,20033,M,,,202
201000057719,10,5,12,1850,1,1,1,3.0,3.0,20120,M,,,202
201000057720,10,5,14,1105,1,1,1,1.0,6.0,20037,M,,,202
201000057721,10,5,15,745,1,1,1,2.0,1.0,20033,M,,,202
201000057722,10,5,21,1610,1,2,1,1.0,6.0,20033,M,,,202
201000057723,10,5,24,25,5,1,1,1.0,7.0,20037,M,,,202
201000057724,10,5,25,730,1,2,1,1.0,6.0,20033,M,,,202
201000057725,10,5,27,957,1,2,1,1.0,6.0,20033,M,,,202
201000057726,10,5,28,2305,5,2,1,2.0,4.0,20033,M,,,202
201000057727,10,5,28,1715,1,2,1,1.0,6.0,20033,M,,,202
201000057728,10,5,29,1650,1,2,1,1.0,3.0,20033,M,,,202
201000057729,10,5,30,1714,1,1,1,1.0,2.0,20120,M,,,202
201000057730,10,5,31,1229,1,1,1,1.0,6.0,20120,M,,,202
201000057731,10,6,2,1826,1,2,1,1.0,4.0,20033,M,,,202
201000057732,10,6,5,1300,1,2,1,1.0,6.0,20033,M,,,202
201000057733,10,6,6,1745,1,1,1,1.0,4.0,20120,M,,,202
201000057734,10,6,6,1932,1,1,1,1.0,7.0,20033,M,,,202
201000057735,10,6,12,1312,1,2,1,1.0,6.0,20033,M,,,202
201000057736,10,6,12,1945,1,2,1,1.0,2.0,20120,M,,,202
201000057737,10,6,13,1215,1,2,1,1.0,6.0,20033,M,,,202
201000057738,10,6,14,2143,5,2,1,3.0,1.0,20033,M,,,202
201000057739,10,6,15,1215,1,2,1,1.0,5.0,20033,M,,,202
201000057740,10,6,15,755,1,2,2,1.0,3.0,20033,M,,,202
201000057741,10,6,16,2332,3,1,1,1.0,7.0,20037,M,,,202
201000057742,10,6,18,1738,1,1,1,1.0,2.0,20120,M,,,202
201000057743,10,6,20,41,5,2,2,1.0,3.0,20033,M,,,202
201000057744,10,6,21,1900,1,1,1,1.0,1.0,20033,M,,,202
201000057745,10,6,25,800,1,1,1,1.0,3.0,20037,M,,,202
201000057746,10,6,28,1513,1,2,1,1.0,2.0,20033,M,,,202
201000057747,10,6,28,1551,1,2,1,1.0,3.0,20033,M,,,202
201000057748,10,6,29,1253,1,2,1,1.0,6.0,20033,M,,,202
201000057749,10,7,3,42,4,2,1,1.0,2.0,20033,M,,,202
201000057750,10,7,3,1812,1,1,1,1.0,2.0,20120,M,,,202
201000057751,10,7,5,2006,5,2,1,1.0,1.0,20033,M,,,202
201000057752,10,7,8,1227,1,2,1,1.0,3.0,20120,M,,,202
201000057753,10,7,8,1924,1,2,1,1.0,6.0,20033,M,,,202
201000057754,10,7,9,724,1,1,1,1.0,6.0,20037,M,,,202
201000057755,10,7,9,1500,1,2,1,1.0,3.0,20033,M,,,202
201000057756,10,7,12,910,1,2,1,1.0,2.0,20033,M,,,202
201000057757,10,7,12,1500,1,2,1,1.0,3.0,20033,M,,,202
201000057758,10,7,13,1716,1,2,1,1.0,3.0,20033,M,,,202
201000057759,10,7,14,1940,1,1,1,1.0,4.0,20120,M,,,202
201000057760,10,7,19,141,5,2,1,1.0,6.0,20033,M,,,202
201000057761,10,7,20,1955,1,1,1,1.0,6.0,20033,M,,,202
201000057762,10,7,21,1439,1,2,1,1.0,2.0,20033,M,,,202
201000057763,10,7,23,2100,5,2,1,1.0,7.0,20033,M,,,202
201000057764,10,7,24,905,1,2,1,1.0,6.0,20033,M,,,202
201000057765,10,7,24,1117,1,1,1,1.0,6.0,20120,M,,,202
201000057766,10,7,29,1312,1,2,1,1.0,3.0,20033,M,,,202
201000057767,10,7,31,1440,1,2,1,2.0,6.0,20033,M,,,202
201000057768,10,8,2,2025,1,2,1,1.0,3.0,20033,M,,,202
201000057769,10,8,3,1900,1,2,1,1.0,2.0,20033,M,,,202
201000057770,10,8,4,1640,1,2,1,1.0,6.0,20033,M,,,202
201000057771,10,8,4,1750,1,2,1,1.0,2.0,20033,M,,,202
201000057772,10,8,5,2305,5,2,1,1.0,5.0,20033,M,,,202
201000057773,10,8,6,2340,5,2,1,1.0,6.0,20033,M,,,202
201000057774,10,8,7,2200,5,2,2,1.0,3.0,20033,M,,,202
201000057775,10,8,7,2340,5,2,1,1.0,6.0,20033,M,,,202
201000057776,10,8,9,1925,1,2,1,1.0,6.0,20033,M,,,202
201000057777,10,8,14,1845,1,1,1,1.0,4.0,20037,M,,,202
201000057778,10,8,15,1520,1,2,1,1.0,2.0,20033,M,,,202
201000057779,10,8,15,1520,1,1,1,1.0,4.0,20033,M,,,202
201000057780,10,8,16,1005,1,2,1,1.0,6.0,20120,M,,,202
201000057781,10,8,17,1717,1,2,1,1.0,2.0,20033,M,,,202
201000057782,10,8,18,1820,1,2,1,1.0,2.0,20033,M,,,202
201000057783,10,8,20,1539,1,2,1,1.0,3.0,20033,M,,,202
201000057784,10,8,20,1100,1,2,1,1.0,2.0,20033,M,,,202
201000057785,10,8,20,2030,1,2,1,1.0,5.0,20033,M,,,202
201000057786,10,8,22,656,3,1,1,1.0,6.0,20033,M,,,202
201000057787,10,8,23,1929,5,2,1,1.0,6.0,20033,M,,,202
201000057788,10,8,26,1815,1,2,1,1.0,3.0,20033,M,,,202
201000057789,10,8,28,825,1,2,1,1.0,3.0,20033,M,,,202
201000057790,10,8,29,2358,5,2,1,1.0,3.0,20033,M,,,202
201000057791,10,9,1,1600,1,2,1,1.0,2.0,20033,M,,,202
201000057792,10,9,2,835,1,1,1,1.0,6.0,20120,M,,,202
201000057793,10,9,3,1,5,2,1,1.0,7.0,20033,M,,,202
201000057794,10,9,4,1442,1,1,1,1.0,6.0,20120,M,,,202
201000057795,10,9,4,1851,1,1,1,1.0,6.0,20120,M,,,202
201000057796,10,9,8,1131,1,2,1,3.0,4.0,20033,M,,,202
201000057797,10,9,8,1140,1,2,1,3.0,6.0,20033,M,,,202
201000057798,10,9,9,1555,1,2,1,1.0,1.0,20033,M,,,202
201000057799,10,9,10,745,1,2,1,1.0,3.0,20033,M,,,202
201000057800,10,9,10,1646,1,1,1,1.0,5.0,20037,M,,,202
201000057801,10,9,16,1706,1,2,1,1.0,2.0,20033,M,,,202
201000057802,10,9,17,1225,1,2,1,1.0,2.0,20033,M,,,202
201000057803,10,9,18,1130,1,1,1,1.0,3.0,20120,M,,,202
201000057804,10,9,21,1856,1,2,1,1.0,6.0,20033,M,,,202
201000057805,10,9,24,1400,1,1,1,1.0,6.0,20033,M,,,202
201000057806,10,9,25,1957,5,2,1,1.0,6.0,20033,M,,,202
201000057807,10,9,28,1047,1,2,1,1.0,5.0,20033,M,,,202
201000057808,10,9,28,1847,1,2,1,1.0,3.0,20120,M,,,202
201000057809,10,10,1,1655,1,2,1,1.0,4.0,20033,M,,,202
201000057810,10,10,4,1239,1,2,1,3.0,6.0,20033,M,,,202
201000057811,10,10,9,1047,1,2,1,1.0,2.0,20033,M,,,202
201000057812,10,10,11,730,1,1,1,2.0,6.0,20120,M,,,202
201000057813,10,10,11,900,1,2,1,1.0,2.0,20033,M,,,202
201000057814,10,10,11,1130,1,2,1,2.0,4.0,20033,M,,,202
201000057815,10,10,11,1550,1,2,1,2.0,1.0,20033,M,,,202
201000057816,10,10,11,1605,1,2,1,2.0,1.0,20033,M,,,202
201000057817,10,10,12,1505,1,1,1,1.0,6.0,20120,M,,,202
201000057818,10,10,13,2008,1,2,1,1.0,3.0,20033,M,,,202
201000057819,10,10,14,1605,1,2,1,1.0,6.0,20033,M,,,202
201000057820,10,10,15,111,5,2,1,1.0,6.0,20033,M,,,202
201000057821,10,10,15,1821,2,2,1,1.0,4.0,20033,M,,,202
201000057822,10,10,16,1743,1,1,1,1.0,6.0,20120,M,,,202
201000057823,10,10,17,540,5,2,1,1.0,6.0,20033,M,,,202
201000057824,10,10,18,730,1,2,1,1.0,6.0,20033,M,,,202
201000057825,10,10,19,1005,1,2,1,1.0,6.0,20033,M,,,202
201000057826,10,10,19,1217,1,1,1,1.0,4.0,20037,M,,,202
201000057827,10,10,23,1030,1,2,1,1.0,6.0,20033,M,,,202
201000057828,10,10,24,932,1,2,1,1.0,6.0,20033,M,,,202
201000057829,10,11,5,1355,1,2,1,1.0,3.0,20033,M,,,202
201000057830,10,11,6,725,1,1,1,1.0,2.0,20037,M,,,202
201000057831,10,11,6,2201,5,2,1,1.0,2.0,20033,M,,,202
201000057832,10,11,7,1515,1,1,1,3.0,1.0,20033,M,,,202
201000057833,10,11,8,1848,5,2,1,1.0,1.0,20033,M,,,202
201000057834,10,11,12,1840,1,1,1,1.0,2.0,20120,M,,,202
201000057835,10,11,13,113,5,2,2,1.0,3.0,20033,M,,,202
201000057836,10,11,18,1014,1,1,1,2.0,6.0,20037,M,,,202
201000057837,10,11,18,1050,1,2,3,2.0,1.0,20033,M,,,202
201000057838,10,11,23,1745,3,2,1,1.0,4.0,20037,M,,,202
201000057839,10,11,25,1215,1,2,1,1.0,2.0,20033,M,,,202
201000057840,10,11,29,1948,1,2,1,1.0,3.0,20033,M,,,202
201000057841,10,11,30,950,1,2,1,1.0,6.0,20120,M,,,202
201000057842,10,11,15,1805,5,2,1,1.0,3.0,20033,M,,,202
201000057843,10,11,19,1100,1,2,1,1.0,6.0,20033,M,,,202
201000057844,10,12,1,1057,1,2,1,1.0,2.0,20033,M,,,202
201000057845,10,12,1,1115,1,2,1,1.0,6.0,20033,M,,,202
201000057846,10,12,2,1250,1,2,1,1.0,7.0,20033,M,,,202
201000057847,10,12,3,2049,5,2,1,1.0,2.0,20033,M,,,202
201000057848,10,12,4,1945,5,2,1,1.0,6.0,20033,M,,,202
201000057849,10,12,8,1539,1,2,1,1.0,4.0,20120,M,,,202
201000057850,10,12,11,1223,1,2,1,1.0,6.0,20033,M,,,202
201000057851,10,12,11,1531,1,2,1,1.0,6.0,20033,M,,,202
201000057852,10,12,15,1814,1,2,1,2.0,6.0,20033,M,,,202
201000057853,10,12,17,933,1,1,1,1.0,3.0,20033,M,,,202
201000057854,10,12,20,1140,1,2,3,1.0,3.0,20033,M,,,202
201000057855,10,12,21,1832,5,2,1,1.0,4.0,20120,M,,,202
201000057856,10,12,22,1830,5,2,1,2.0,6.0,20037,M,,,202
201000057857,10,12,23,2057,5,2,1,3.0,6.0,20033,M,,,202
201000057858,10,12,24,1232,1,2,1,1.0,6.0,20033,M,,,202
201000057859,10,12,24,1845,5,2,1,1.0,6.0,20033,M,,,202
201000057860,10,12,26,1630,2,2,1,2.0,6.0,20033,M,,,202
201000057861,10,12,30,1652,1,2,1,1.0,6.0,20033,M,,,202
201000057862,10,1,30,500,3,2,1,1.0,2.0,69382,M,,,69
201000057863,10,2,7,400,5,2,1,1.0,6.0,69382,M,,,69
201000057864,10,1,20,1515,1,2,1,2.0,6.0,69382,M,,,69
201000057865,10,2,4,1900,5,2,3,1.0,6.0,69382,M,,,69
201000057866,10,2,12,1730,1,2,1,1.0,7.0,69382,M,,,69
201000057867,10,2,15,1330,1,2,3,1.0,3.0,69382,M,,,69
201000057868,10,2,20,1740,2,2,5,1.0,3.0,69382,M,,,69
201000057869,10,2,25,930,1,2,3,1.0,2.0,69382,M,,,69
201000057870,10,1,27,1600,1,1,9,9.0,6.0,69382,M,,,69
201000057871,10,3,13,2325,5,2,2,1.0,3.0,69382,M,,,69
201000057872,10,3,12,1500,1,2,1,1.0,3.0,69382,M,,,69
201000057873,10,3,27,1620,1,2,2,2.0,6.0,69382,M,,,69
201000057874,10,3,27,1240,1,2,1,1.0,3.0,69382,M,,,69
201000057875,10,2,1,1855,1,2,1,4.0,6.0,69382,M,,,69
201000057876,10,4,3,1220,1,2,1,1.0,6.0,69382,M,,,69
201000057877,10,4,11,115,5,2,3,1.0,3.0,69382,M,,,69
201000057878,10,4,7,2000,5,2,1,2.0,6.0,69382,M,,,69
201000057879,10,4,5,1645,1,2,1,1.0,6.0,69382,M,,,69
201000057880,10,4,29,2339,5,2,1,1.0,2.0,69382,M,,,69
201000057881,10,4,3,1110,1,2,1,1.0,6.0,69382,M,,,69
201000057882,10,5,2,1610,1,2,1,1.0,6.0,69382,M,,,69
201000057883,10,5,4,900,1,2,2,2.0,2.0,69382,M,,,69
201000057884,10,5,8,215,5,2,1,1.0,6.0,69382,M,,,69
201000057885,10,3,28,40,5,2,1,1.0,6.0,69382,M,,,69
201000057886,10,5,10,1720,1,2,3,1.0,7.0,69382,M,,,69
201000057887,10,5,12,540,2,2,3,1.0,2.0,69382,M,,,69
201000057888,10,5,5,1840,1,2,3,2.0,3.0,69382,M,,,69
201000057889,10,5,25,1320,1,2,1,1.0,7.0,69382,M,,,69
201000057890,10,5,12,2130,5,2,1,1.0,2.0,69382,M,,,69
201000057891,10,5,15,140,5,2,1,1.0,6.0,69382,M,,,69
201000057892,10,5,28,2345,5,2,3,1.0,3.0,69382,M,,,69
201000057893,10,6,1,725,1,2,4,1.0,6.0,69382,M,,,69
201000057894,10,6,8,1600,1,2,1,1.0,3.0,69382,M,,,69
201000057895,10,5,29,2352,5,2,3,1.0,6.0,69382,M,,,69
201000057896,10,5,28,1430,1,2,1,1.0,3.0,69382,M,,,69
201000057897,10,5,16,35,5,2,1,1.0,2.0,69382,M,,,69
201000057898,10,6,26,220,5,2,4,1.0,6.0,69382,M,,,69
201000057899,10,6,16,1815,1,2,1,8.0,6.0,69382,M,,,69
201000057900,10,7,3,1700,1,2,2,1.0,3.0,69382,M,,,69
201000057901,10,7,3,250,4,2,3,1.0,7.0,69382,M,,,69
201000057902,10,7,26,825,1,2,1,1.0,3.0,69382,M,,,69
201000057903,10,6,29,1630,1,2,1,1.0,6.0,69382,M,,,69
201000057904,10,7,6,2000,1,2,5,1.0,3.0,69382,M,,,69
201000057905,10,7,27,1710,1,2,1,1.0,4.0,69382,M,,,69
201000057906,10,7,15,1320,1,2,2,1.0,3.0,69382,M,,,69
201000057907,10,7,7,1425,1,2,1,1.0,2.0,69382,M,,,69
201000057908,10,6,25,1242,1,2,1,1.0,3.0,69382,M,,,69
201000057909,10,8,9,745,1,2,1,1.0,2.0,69382,M,,,69
201000057910,10,8,16,1640,1,2,2,1.0,3.0,69382,M,,,69
201000057911,10,8,4,1450,1,2,1,1.0,4.0,69382,M,,,69
201000057912,10,8,13,747,1,2,1,1.0,3.0,69382,M,,,69
201000057913,10,8,17,1441,1,2,3,1.0,6.0,69382,M,,,69
201000057914,10,8,19,1850,1,2,2,1.0,2.0,69382,M,,,69
201000057915,10,7,16,1005,1,2,2,1.0,3.0,69382,M,,,69
201000057916,10,9,3,1330,1,2,1,1.0,2.0,69382,M,,,69
201000057917,10,9,4,1300,1,2,3,1.0,1.0,69382,M,,,69
201000057918,10,8,31,1700,1,2,1,1.0,6.0,69382,M,,,69
201000057919,10,9,11,45,3,2,1,1.0,6.0,69382,M,,,69
201000057920,10,9,8,1445,1,2,1,1.0,6.0,69382,M,,,69
201000057921,10,8,31,1630,1,2,1,1.0,3.0,69382,M,,,69
201000057922,10,10,6,1335,1,2,1,1.0,2.0,69382,M,,,69
201000057923,10,10,2,1645,1,2,1,1.0,3.0,69382,M,,,69
201000057924,10,9,2,1530,1,2,1,1.0,6.0,69382,M,,,69
201000057925,10,10,7,1405,1,2,2,1.0,3.0,69382,M,,,69
201000057926,10,10,24,2145,5,2,4,3.0,5.0,69382,M,,,69
201000057927,10,10,21,2230,4,2,1,1.0,2.0,69382,M,,,69
201000057928,10,10,8,1640,1,2,3,1.0,6.0,69382,M,,,69
201000057929,10,9,22,1143,1,2,1,1.0,6.0,69382,M,,,69
201000057930,10,10,31,1250,1,2,1,3.0,6.0,69382,M,,,69
201000057931,10,11,22,1555,1,2,3,1.0,6.0,69382,M,,,69
201000057932,10,11,19,1900,5,2,3,1.0,3.0,69382,M,,,69
201000057933,10,11,18,1910,5,2,1,1.0,6.0,69382,M,,,69
201000057934,10,11,16,1745,5,2,1,1.0,6.0,69382,M,,,69
201000057935,10,11,23,1125,1,2,2,8.0,3.0,69382,M,,,69
201000057936,10,11,11,2120,5,2,2,1.0,3.0,69382,M,,,69
201000057937,10,10,12,1035,1,2,1,1.0,2.0,69382,M,,,69
201000057938,10,12,5,626,5,2,2,1.0,3.0,69382,M,,,69
201000057939,10,11,29,2010,5,2,1,1.0,6.0,69382,M,,,69
201000057940,10,11,30,1450,1,2,3,1.0,6.0,69382,M,,,69
201000057941,10,12,6,1520,1,2,1,2.0,3.0,69382,M,4576480.0,483811.0,69
201000057942,10,12,5,940,1,2,1,1.0,6.0,69382,M,4575100.0,482900.0,69
201000057943,10,12,17,300,5,2,1,2.0,6.0,69382,M,4575350.0,483392.0,69
201000057944,10,12,9,900,1,2,2,1.0,3.0,69382,M,4576490.0,483593.0,69
201000057945,10,12,10,1815,5,2,1,1.0,4.0,69382,M,4575420.0,482548.0,69
201000057946,10,12,21,1510,1,2,2,8.0,3.0,69382,M,4574840.0,482868.0,69
201000057947,10,12,29,1840,5,2,3,1.0,3.0,69382,M,4575300.0,482697.0,69
201000057948,10,12,21,2005,5,2,1,2.0,4.0,69382,M,,,69
201000057949,10,12,30,1530,1,2,1,1.0,2.0,69382,M,,,69
201000057950,10,12,24,640,5,1,1,4.0,2.0,69382,M,,,69
201000057951,10,1,4,1020,1,1,1,1.0,6.0,59183,M,,,59
201000057952,10,1,4,1240,1,1,1,1.0,2.0,59462,M,,,59
201000057953,10,1,7,400,5,1,1,4.0,7.0,59196,M,,,59
201000057954,10,1,10,2100,3,1,1,1.0,7.0,59196,M,,,59
201000057955,10,1,17,515,3,1,1,2.0,7.0,62351,M,,,62
201000057956,10,1,19,1400,1,1,1,1.0,2.0,59508,M,,,59
201000057957,10,1,22,850,1,1,1,1.0,3.0,59599,M,,,59
201000057958,10,1,23,1515,1,1,1,3.0,2.0,59581,M,,,59
201000057959,10,1,23,1500,1,1,1,3.0,2.0,59170,M,,,59
201000057960,10,1,24,1100,1,1,4,5.0,6.0,59343,M,,,59
201000057961,10,1,24,1215,1,1,1,2.0,7.0,59350,M,,,59
201000057962,10,1,24,1556,1,1,1,2.0,5.0,59426,M,,,59
201000057963,10,1,26,915,1,1,1,1.0,2.0,59343,M,,,59
201000057964,10,1,31,1900,3,1,1,2.0,7.0,62907,M,,,62
201000057965,10,2,2,805,2,1,1,3.0,6.0,59560,M,,,59
201000057966,10,2,19,2345,3,1,1,1.0,2.0,59029,M,,,59
201000057967,10,3,4,1340,1,1,1,1.0,4.0,59271,M,,,59
201000057968,10,3,4,2020,3,1,1,1.0,6.0,62907,M,,,62
201000057969,10,3,6,1530,1,1,1,1.0,7.0,59155,M,,,59
201000057970,10,3,9,1525,1,1,1,1.0,2.0,62548,M,,,62
201000057971,10,3,16,1600,1,1,1,1.0,4.0,62351,M,,,62
201000057972,10,3,22,1245,1,1,1,1.0,6.0,59009,M,,,59
201000057973,10,3,23,1105,1,1,1,1.0,7.0,59581,M,,,59
201000057974,10,3,26,400,5,1,1,1.0,7.0,59350,M,,,59
201000057975,10,3,27,700,1,1,1,1.0,2.0,59560,M,,,59
201000057976,10,3,27,955,1,1,1,1.0,7.0,62624,M,,,62
201000057977,10,3,28,2150,5,1,1,2.0,7.0,59585,M,,,59
201000057978,10,3,31,1455,1,1,1,3.0,6.0,59009,M,,,59
201000057979,10,3,31,1615,1,1,1,2.0,6.0,59585,M,,,59
201000057980,10,4,4,1330,1,1,1,2.0,7.0,62498,M,,,62
201000057981,10,4,12,720,1,1,1,1.0,6.0,62274,M,,,62
201000057982,10,4,14,1810,1,1,1,1.0,6.0,59123,M,,,59
201000057983,10,4,16,1230,1,1,1,1.0,6.0,59507,M,,,59
201000057984,10,4,18,550,2,1,1,1.0,6.0,62907,M,,,62
201000057985,10,4,21,1730,1,1,1,1.0,5.0,59359,M,,,59
201000057986,10,4,23,1650,1,1,1,1.0,7.0,59179,M,,,59
201000057987,10,4,25,230,3,1,1,1.0,7.0,59462,M,,,59
201000057988,10,4,29,510,3,1,1,1.0,6.0,59560,M,,,59
201000057989,10,4,29,1735,1,1,1,1.0,7.0,59350,M,,,59
201000057990,10,5,2,725,1,1,1,1.0,5.0,59350,M,,,59
201000057991,10,5,8,2250,4,1,1,1.0,2.0,59094,M,,,59
201000057992,10,5,14,210,3,1,1,1.0,6.0,62393,M,,,62
201000057993,10,5,14,1410,1,1,1,1.0,2.0,59586,M,,,59
201000057994,10,5,20,445,3,1,1,1.0,6.0,62193,M,,,62
201000057995,10,5,20,1530,1,1,1,1.0,6.0,59426,M,,,59
201000057996,10,5,21,1635,1,1,1,1.0,5.0,59009,M,,,59
201000057997,10,5,21,1830,1,1,1,1.0,7.0,59348,M,,,59
201000057998,10,5,22,1801,1,1,1,1.0,2.0,59143,M,,,59
201000057999,10,5,23,1400,1,1,1,1.0,2.0,59220,M,,,59
201000058000,10,5,25,1400,1,1,1,1.0,4.0,59603,M,,,59
201000058001,10,5,29,135,5,1,1,1.0,7.0,59195,M,,,59
201000058002,10,6,2,950,1,1,1,1.0,2.0,59043,M,,,59
201000058003,10,6,3,50,3,1,1,1.0,3.0,59260,M,,,59
201000058004,10,6,4,2130,3,1,1,1.0,5.0,59462,M,,,59
201000058005,10,6,6,2300,3,1,1,1.0,3.0,59288,M,,,59
201000058006,10,6,9,2210,5,1,1,2.0,3.0,62498,M,,,62
201000058007,10,6,13,1250,1,1,1,1.0,2.0,62427,M,,,62
201000058008,10,6,20,145,3,1,1,2.0,6.0,59143,M,,,59
201000058009,10,6,25,1800,1,1,1,1.0,6.0,59462,M,,,59
201000058010,10,6,25,1900,1,1,1,1.0,3.0,59009,M,,,59
201000058011,10,6,26,1855,1,1,1,1.0,5.0,62637,M,,,62
201000058012,10,6,17,1015,1,1,1,1.0,4.0,59143,M,,,59
201000058013,10,7,2,50,3,1,1,1.0,2.0,59435,M,,,59
201000058014,10,7,2,1700,1,1,1,1.0,4.0,59343,M,,,59
201000058015,10,7,2,2210,5,1,1,2.0,2.0,62637,M,,,62
201000058016,10,7,4,1815,1,1,1,1.0,3.0,59564,M,,,59
201000058017,10,7,6,1715,1,1,1,1.0,4.0,59143,M,,,59
201000058018,10,7,6,1745,1,1,1,1.0,3.0,59350,M,,,59
201000058019,10,7,9,520,4,1,1,1.0,3.0,59350,M,,,59
201000058020,10,7,10,345,5,1,1,1.0,3.0,59560,M,,,59
201000058021,10,7,12,600,2,1,1,1.0,7.0,59383,M,,,59
201000058022,10,7,12,1410,1,1,1,1.0,4.0,59043,M,,,59
201000058023,10,7,12,2120,1,1,1,1.0,7.0,59343,M,,,59
201000058024,10,7,14,2230,3,1,1,3.0,7.0,59237,M,,,59
201000058025,10,7,16,2210,1,1,1,1.0,2.0,62393,M,,,62
201000058026,10,7,18,120,3,1,1,1.0,4.0,59123,M,,,59
201000058027,10,7,19,2305,3,1,1,1.0,6.0,59350,M,,,59
201000058028,10,7,21,1150,1,1,1,1.0,5.0,59359,M,,,59
201000058029,10,7,24,1600,1,1,1,1.0,6.0,59378,M,,,59
201000058030,10,7,31,1640,1,1,1,1.0,7.0,59350,M,,,59
201000058031,10,8,2,208,3,1,1,3.0,7.0,59288,M,,,59
201000058032,10,8,12,900,1,1,1,1.0,7.0,59237,M,,,59
201000058033,10,8,13,1450,1,1,1,1.0,7.0,59350,M,,,59
201000058034,10,8,13,1910,1,1,1,1.0,6.0,59160,M,,,59
201000058035,10,8,20,2045,1,1,1,1.0,3.0,59599,M,,,59
201000058036,10,8,25,2115,1,1,1,1.0,2.0,59009,M,,,59
201000058037,10,8,28,1920,1,1,1,1.0,2.0,59431,M,,,59
201000058038,10,9,8,1525,1,1,1,1.0,3.0,59530,M,,,59
201000058039,10,9,10,2130,5,1,1,1.0,4.0,59350,M,,,59
201000058040,10,9,17,815,1,1,1,1.0,7.0,59350,M,,,59
201000058041,10,9,17,1215,1,1,1,1.0,5.0,59237,M,,,59
201000058042,10,9,20,830,1,1,1,1.0,7.0,62907,M,,,62
201000058043,10,9,20,835,1,1,1,1.0,2.0,59458,M,,,59
201000058044,10,9,23,1320,1,1,1,1.0,7.0,62771,M,,,62
201000058045,10,9,24,1237,1,1,1,1.0,3.0,59220,M,,,59
201000058046,10,10,8,1640,1,1,1,1.0,7.0,59515,M,,,59
201000058047,10,10,9,100,3,1,1,1.0,6.0,59509,M,,,59
201000058048,10,10,9,625,3,1,1,1.0,6.0,59205,M,,,59
201000058049,10,10,9,1230,1,1,1,1.0,4.0,59586,M,,,59
201000058050,10,10,10,10,5,1,1,1.0,6.0,59350,M,,,59
201000058051,10,10,12,700,3,1,1,1.0,3.0,62907,M,,,62
201000058052,10,10,12,2315,3,1,1,1.0,5.0,59515,M,,,59
201000058053,10,10,13,645,3,1,1,1.0,5.0,62427,M,,,62
201000058054,10,10,20,650,3,1,1,1.0,5.0,59564,M,,,59
201000058055,10,10,20,1240,1,1,1,1.0,4.0,59599,M,,,59
201000058056,10,10,20,1650,1,1,1,2.0,2.0,59195,M,,,59
201000058057,10,10,22,830,1,1,1,1.0,3.0,59350,M,,,59
201000058058,10,10,23,1540,1,1,1,2.0,7.0,59346,M,,,59
201000058059,10,10,23,2215,5,1,1,8.0,2.0,59350,M,,,59
201000058060,10,10,29,2110,3,1,1,1.0,5.0,62637,M,,,62
201000058061,10,10,30,1110,1,1,1,2.0,4.0,59508,M,,,59
201000058062,10,10,31,315,3,1,1,1.0,6.0,59260,M,,,59
201000058063,10,11,2,1200,1,1,1,1.0,6.0,59507,M,,,59
201000058064,10,11,5,715,3,1,1,1.0,3.0,62637,M,,,62
201000058065,10,11,5,1950,3,1,1,2.0,4.0,59340,M,,,59
201000058066,10,11,6,310,3,1,1,1.0,7.0,59603,M,,,59
201000058067,10,11,10,1440,1,1,1,1.0,7.0,59350,M,,,59
201000058068,10,11,11,945,1,1,1,6.0,2.0,59343,M,,,59
201000058069,10,11,12,640,5,1,1,1.0,3.0,59350,M,,,59
201000058070,10,11,13,850,1,1,1,2.0,7.0,59009,M,,,59
201000058071,10,11,14,1530,1,1,1,1.0,2.0,59479,M,,,59
201000058072,10,11,14,1805,3,1,1,2.0,5.0,59401,M,,,59
201000058073,10,11,16,1030,1,1,1,5.0,4.0,59043,M,,,59
201000058074,10,11,16,1057,1,1,1,5.0,4.0,59401,M,,,59
201000058075,10,11,17,1730,5,1,1,1.0,2.0,59009,M,,,59
201000058076,10,11,17,1845,5,1,1,1.0,7.0,59410,M,,,59
201000058077,10,11,17,2340,3,1,1,1.0,2.0,59511,M,,,59
201000058078,10,11,18,1515,1,1,1,1.0,3.0,59343,M,,,59
201000058079,10,11,24,1900,3,1,1,1.0,4.0,59523,M,,,59
201000058080,10,11,29,945,1,1,1,1.0,2.0,62548,M,,,62
201000058081,10,12,1,100,3,1,1,9.0,6.0,59574,M,,,59
201000058082,10,12,7,330,5,1,1,1.0,1.0,59507,M,,,59
201000058083,10,12,7,1850,2,1,1,1.0,4.0,59646,M,,,59
201000058084,10,12,11,530,5,1,1,1.0,2.0,59124,M,,,59
201000058085,10,12,13,1415,1,1,1,1.0,4.0,59515,M,,,59
201000058086,10,12,16,2150,3,1,1,4.0,5.0,59435,M,,,59
201000058087,10,12,24,630,3,1,1,1.0,2.0,59557,M,,,59
201000058088,10,12,28,1135,1,1,1,4.0,2.0,59507,M,,,59
201000058089,10,12,28,1720,5,1,1,8.0,6.0,62351,M,,,62