Num_Acc,an,mois,jour,hrmn,lum,agg,int,atm,col,com,gps,lat,long,dep
201000058090,10,1,4,1425,1,2,1,4.0,2.0,69383,M,,,69
201000058091,10,1,5,725,2,2,1,4.0,2.0,69386,M,,,69
201000058092,10,1,6,1220,1,2,3,1.0,3.0,69383,M,,,69
201000058093,10,1,10,930,1,2,2,4.0,3.0,69386,M,,,69
201000058094,10,1,11,1610,1,2,2,1.0,3.0,69386,M,,,69
201000058095,10,1,10,1720,4,2,2,8.0,3.0,69383,M,,,69
201000058096,10,1,15,1830,5,2,1,1.0,6.0,69383,M,,,69
201000058097,10,1,18,1030,1,2,2,1.0,3.0,69383,M,,,69
201000058098,10,1,6,1715,5,2,3,8.0,3.0,69383,M,,,69
201000058099,10,1,18,1440,1,2,2,1.0,3.0,69383,M,,,69
201000058100,10,1,20,2120,5,2,1,1.0,6.0,69383,M,,,69
201000058101,10,1,21,2010,5,2,2,1.0,6.0,69386,M,,,69
201000058102,10,3,11,45,5,2,3,1.0,6.0,69386,M,,,69
201000058103,10,1,22,1020,1,2,2,8.0,3.0,69386,M,,,69
201000058104,10,1,23,1120,1,2,1,1.0,2.0,69383,M,,,69
201000058105,10,1,21,955,1,2,3,1.0,3.0,69383,M,,,69
201000058106,10,1,28,1420,1,2,1,1.0,2.0,69383,M,,,69
201000058107,10,2,1,840,1,2,2,1.0,3.0,69383,M,,,69
201000058108,10,2,3,1105,1,2,1,8.0,2.0,69386,M,,,69
201000058109,10,2,4,2110,5,2,3,1.0,6.0,69386,M,,,69
201000058110,10,1,18,1030,1,2,1,1.0,6.0,69386,M,,,69
201000058111,10,2,7,1430,1,2,2,1.0,3.0,69383,M,,,69
201000058112,10,2,11,1420,1,2,1,4.0,3.0,69383,M,,,69
201000058113,10,2,11,2340,5,2,2,8.0,1.0,69383,M,,,69
201000058114,10,2,2,2110,5,2,3,1.0,3.0,69383,M,,,69
201000058115,10,2,4,1020,1,2,1,1.0,2.0,69383,M,,,69
201000058116,10,2,12,1730,1,2,2,1.0,6.0,69386,M,,,69
201000058117,10,2,14,420,5,2,2,1.0,3.0,69386,M,,,69
201000058118,10,2,17,1436,1,2,1,1.0,6.0,69383,M,,,69
201000058119,10,2,11,1950,5,2,2,2.0,6.0,69386,M,,,69
201000058120,10,2,12,1210,1,2,1,1.0,6.0,69383,M,,,69
201000058121,10,2,15,1440,1,2,1,1.0,5.0,69383,M,,,69
201000058122,10,2,17,1340,1,2,1,1.0,3.0,69383,M,,,69
201000058123,10,3,1,1355,1,2,2,1.0,6.0,69383,M,,,69
201000058124,10,3,2,2235,5,2,2,1.0,6.0,69383,M,,,69
201000058125,10,3,11,820,1,2,2,2.0,6.0,69386,M,,,69
201000058126,10,3,4,1855,5,2,1,1.0,6.0,69383,M,,,69
201000058127,10,3,4,2250,5,2,3,1.0,6.0,69386,M,,,69
201000058128,10,3,4,1230,1,2,1,1.0,6.0,69386,M,,,69
201000058129,10,3,17,1845,5,2,1,2.0,6.0,69386,M,,,69
201000058130,10,3,8,930,1,2,2,1.0,3.0,69386,M,,,69
201000058131,10,3,10,1845,2,2,1,1.0,6.0,69383,M,,,69
201000058132,10,3,14,1645,1,2,1,1.0,6.0,69386,M,,,69
201000058133,10,3,15,1830,2,2,1,1.0,6.0,69383,M,,,69
201000058134,10,3,16,1715,1,2,2,1.0,6.0,69383,M,,,69
201000058135,10,3,17,2110,5,2,3,1.0,3.0,69383,M,,,69
201000058136,10,3,17,1100,1,2,2,1.0,6.0,69383,M,,,69
201000058137,10,3,19,900,1,2,1,1.0,2.0,69383,M,,,69
201000058138,10,3,22,2030,5,2,1,1.0,3.0,69383,M,,,69
201000058139,10,3,24,1110,1,2,1,1.0,2.0,69386,M,,,69
201000058140,10,3,21,2005,5,2,2,1.0,6.0,69383,M,,,69
201000058141,10,3,24,1310,1,2,2,1.0,3.0,69383,M,,,69
201000058142,10,3,23,1030,1,2,3,1.0,6.0,69383,M,,,69
201000058143,10,3,27,1025,1,2,2,2.0,6.0,69386,M,,,69
201000058144,10,3,29,950,1,2,3,1.0,3.0,69386,M,,,69
201000058145,10,3,26,1145,1,2,1,1.0,6.0,69383,M,,,69
201000058146,10,3,25,1915,5,2,2,6.0,3.0,69383,M,,,69
201000058147,10,4,1,830,1,2,2,2.0,3.0,69386,M,,,69
201000058148,10,4,1,1300,1,2,1,1.0,3.0,69386,M,,,69
201000058149,10,4,8,720,2,2,2,2.0,6.0,69383,M,,,69
201000058150,10,4,8,2245,5,2,2,1.0,2.0,69386,M,,,69
201000058151,10,4,9,1630,1,2,2,1.0,3.0,69383,M,,,69
201000058152,10,4,12,1010,1,2,3,1.0,3.0,69383,M,,,69
201000058153,10,4,13,1800,1,2,2,1.0,6.0,69386,M,,,69
201000058154,10,4,14,908,1,2,2,1.0,3.0,69383,M,,,69
201000058155,10,4,15,1350,1,2,2,1.0,3.0,69383,M,,,69
201000058156,10,4,15,1730,1,2,1,1.0,6.0,69386,M,,,69
201000058157,10,4,16,1515,1,2,2,1.0,6.0,69386,M,,,69
201000058158,10,4,16,1920,1,2,3,1.0,5.0,69383,M,,,69
201000058159,10,4,17,1110,1,2,1,1.0,4.0,69383,M,,,69
201000058160,10,4,18,1951,1,2,3,1.0,3.0,69383,M,,,69
201000058161,10,4,18,1820,1,2,1,1.0,6.0,69386,M,,,69
201000058162,10,4,20,1710,1,2,1,1.0,7.0,69383,M,,,69
201000058163,10,4,21,1540,1,2,1,1.0,6.0,69383,M,,,69
201000058164,10,4,22,1140,1,2,1,1.0,3.0,69386,M,,,69
201000058165,10,3,27,1420,1,2,1,2.0,2.0,69383,M,,,69
201000058166,10,4,17,730,1,2,2,1.0,3.0,69383,M,,,69
201000058167,10,4,23,625,2,2,1,1.0,3.0,69383,M,,,69
201000058168,10,4,26,1120,1,2,1,1.0,6.0,69386,M,,,69
201000058169,10,4,26,1930,1,2,1,1.0,6.0,69386,M,,,69
201000058170,10,4,27,1650,1,2,1,1.0,6.0,69383,M,,,69
201000058171,10,4,28,1530,1,2,9,1.0,2.0,69386,M,,,69
201000058172,10,4,30,825,1,2,1,1.0,3.0,69386,M,,,69
201000058173,10,5,4,1225,1,2,1,1.0,6.0,69386,M,,,69
201000058174,10,5,5,2153,5,2,1,2.0,3.0,69383,M,,,69
201000058175,10,5,9,110,5,2,2,1.0,1.0,69383,M,,,69
201000058176,10,5,9,1740,1,2,2,8.0,3.0,69383,M,,,69
201000058177,10,5,11,735,1,2,2,3.0,3.0,69386,M,,,69
201000058178,10,5,12,1820,1,2,1,2.0,6.0,69383,M,,,69
201000058179,10,5,20,735,1,2,2,1.0,6.0,69383,M,,,69
201000058180,10,5,23,1830,1,2,1,1.0,6.0,69383,M,,,69
201000058181,10,5,21,1500,1,2,2,1.0,6.0,69386,M,,,69
201000058182,10,5,22,1940,2,2,2,1.0,5.0,69386,M,,,69
201000058183,10,5,22,1130,1,2,2,1.0,3.0,69386,M,,,69
201000058184,10,5,23,1050,1,2,2,1.0,6.0,69386,M,,,69
201000058185,10,5,25,1430,1,2,1,1.0,2.0,69386,M,,,69
201000058186,10,5,27,1550,1,2,5,1.0,3.0,69386,M,,,69
201000058187,10,5,27,1840,1,2,1,1.0,3.0,69386,M,,,69
201000058188,10,5,24,1640,1,2,2,1.0,3.0,69386,M,,,69
201000058189,10,5,25,1830,1,2,1,1.0,6.0,69383,M,,,69
201000058190,10,5,28,1450,1,2,2,1.0,3.0,69383,M,,,69
201000058191,10,5,28,2240,4,2,1,1.0,2.0,69383,M,,,69
201000058192,10,5,29,2215,5,2,2,1.0,3.0,69383,M,,,69
201000058193,10,5,29,1405,1,2,3,1.0,6.0,69386,M,,,69
201000058194,10,5,31,1230,1,2,2,1.0,3.0,69383,M,,,69
201000058195,10,5,10,1715,1,2,2,1.0,2.0,69386,M,,,69
201000058196,10,5,24,2000,1,2,3,1.0,2.0,69383,M,,,69
201000058197,10,6,1,720,1,2,3,1.0,6.0,69383,M,,,69
201000058198,10,6,1,835,1,2,3,1.0,3.0,69386,M,,,69
201000058199,10,6,3,1500,1,2,1,1.0,6.0,69383,M,,,69
201000058200,10,6,5,1500,1,2,1,1.0,6.0,69386,M,,,69
201000058201,10,6,7,1610,1,2,2,1.0,3.0,69386,M,,,69
201000058202,10,6,7,1140,1,2,1,1.0,6.0,69386,M,,,69
201000058203,10,6,8,1250,1,2,2,2.0,7.0,69383,M,,,69
201000058204,10,6,3,1740,1,2,1,1.0,6.0,69383,M,,,69
201000058205,10,5,19,1800,1,2,1,1.0,3.0,69383,M,,,69
201000058206,10,6,9,2000,1,2,4,2.0,6.0,69386,M,,,69
201000058207,10,6,14,1700,1,1,1,1.0,6.0,69383,M,,,69
201000058208,10,6,9,1520,1,2,3,8.0,3.0,69383,M,,,69
201000058209,10,6,16,750,1,2,3,2.0,3.0,69386,M,,,69
201000058210,10,6,16,1240,1,2,2,2.0,3.0,69386,M,,,69
201000058211,10,6,23,1442,1,2,1,1.0,3.0,69383,M,,,69
201000058212,10,6,23,2050,1,2,1,1.0,3.0,69383,M,,,69
201000058213,10,6,18,1610,1,2,3,1.0,3.0,69383,M,,,69
201000058214,10,6,16,1625,1,2,1,8.0,6.0,69383,M,,,69
201000058215,10,6,17,1425,1,2,1,1.0,2.0,69383,M,,,69
201000058216,10,6,25,1925,1,2,2,1.0,3.0,69386,M,,,69
201000058217,10,6,24,1100,1,2,1,1.0,3.0,69383,M,,,69
201000058218,10,6,24,1705,1,2,3,1.0,3.0,69386,M,,,69
201000058219,10,6,29,1740,1,2,3,1.0,3.0,69386,M,,,69
201000058220,10,6,29,1900,1,2,1,1.0,6.0,69383,M,,,69
201000058221,10,6,30,1100,1,2,1,1.0,6.0,69386,M,,,69
201000058222,10,7,4,1015,1,2,2,1.0,6.0,69386,M,,,69
201000058223,10,7,5,1710,1,2,1,1.0,2.0,69383,M,,,69
201000058224,10,7,6,1225,1,2,1,1.0,6.0,69386,M,,,69
201000058225,10,7,6,1540,1,2,1,1.0,6.0,69383,M,,,69
201000058226,10,7,7,2015,1,2,1,1.0,6.0,69386,M,,,69
201000058227,10,7,3,230,5,2,1,1.0,1.0,69383,M,,,69
201000058228,10,7,7,1210,1,2,1,1.0,6.0,69383,M,,,69
201000058229,10,7,10,1200,1,2,2,1.0,3.0,69383,M,,,69
201000058230,10,7,18,855,1,2,1,1.0,3.0,69383,M,,,69
201000058231,10,7,16,1950,1,2,1,1.0,6.0,69383,M,,,69
201000058232,10,7,17,110,5,2,2,1.0,3.0,69383,M,,,69
201000058233,10,7,13,1730,1,2,1,1.0,6.0,69383,M,,,69
201000058234,10,7,19,1700,1,2,1,1.0,6.0,69386,M,,,69
201000058235,10,7,21,1215,1,2,1,1.0,3.0,69383,M,,,69
201000058236,10,7,22,1520,1,2,2,2.0,3.0,69386,M,,,69
201000058237,10,7,23,1800,1,2,2,1.0,3.0,69386,M,,,69
201000058238,10,7,31,1900,1,2,1,1.0,6.0,69383,M,,,69
201000058239,10,7,27,1942,1,2,2,1.0,3.0,69383,M,,,69
201000058240,10,8,6,1800,1,2,3,1.0,3.0,69383,M,,,69
201000058241,10,8,9,2100,2,2,1,1.0,6.0,69383,M,,,69
201000058242,10,8,10,1140,1,2,2,1.0,3.0,69383,M,,,69
201000058243,10,8,10,1525,1,2,2,1.0,3.0,69386,M,,,69
201000058244,10,8,14,1730,1,2,2,1.0,3.0,69386,M,,,69
201000058245,10,8,15,110,5,2,1,1.0,6.0,69383,M,,,69
201000058246,10,8,19,1630,1,2,2,1.0,3.0,69386,M,,,69
201000058247,10,8,18,2020,2,2,1,8.0,6.0,69383,M,,,69
201000058248,10,8,20,1240,1,2,2,1.0,6.0,69386,M,,,69
201000058249,10,8,27,405,5,2,2,1.0,6.0,69383,M,,,69
201000058250,10,8,31,850,1,2,2,1.0,6.0,69383,M,,,69
201000058251,10,9,1,840,1,2,1,1.0,4.0,69383,M,,,69
201000058252,10,9,1,2100,5,2,2,1.0,3.0,69383,M,,,69
201000058253,10,9,4,645,2,2,2,1.0,3.0,69386,M,,,69
201000058254,10,9,6,1440,1,2,1,1.0,6.0,69383,M,,,69
201000058255,10,8,26,905,1,2,1,7.0,6.0,69383,M,,,69
201000058256,10,9,8,1355,1,2,2,1.0,3.0,69383,M,,,69
201000058257,10,9,9,2230,5,2,3,1.0,3.0,69383,M,,,69
201000058258,10,9,9,2100,2,2,2,1.0,3.0,69386,M,,,69
201000058259,10,9,10,2130,2,2,1,1.0,6.0,69383,M,,,69
201000058260,10,9,11,1930,1,2,1,1.0,6.0,69383,M,,,69
201000058261,10,9,12,1045,1,2,2,1.0,3.0,69383,M,,,69
201000058262,10,9,12,1300,1,2,2,1.0,3.0,69383,M,,,69
201000058263,10,9,12,2330,5,2,3,1.0,3.0,69383,M,,,69
201000058264,10,9,15,900,1,2,1,1.0,6.0,69386,M,,,69
201000058265,10,9,21,1600,1,2,1,1.0,5.0,69383,M,,,69
201000058266,10,9,21,845,1,2,2,1.0,6.0,69383,M,,,69
201000058267,10,9,22,845,1,2,2,1.0,3.0,69383,M,,,69
201000058268,10,9,22,1210,1,2,1,1.0,3.0,69383,M,,,69
201000058269,10,9,20,1215,1,2,1,1.0,2.0,69386,M,,,69
201000058270,10,9,23,840,1,2,3,1.0,3.0,69383,M,,,69
201000058271,10,9,23,1640,1,2,1,1.0,4.0,69386,M,,,69
201000058272,10,9,25,530,4,2,2,2.0,3.0,69383,M,,,69
201000058273,10,9,25,1350,1,2,1,1.0,6.0,69383,M,,,69
201000058274,10,9,27,835,1,2,1,1.0,6.0,69383,M,,,69
201000058275,10,9,28,820,1,2,1,8.0,3.0,69383,M,,,69
201000058276,10,9,27,1400,1,2,2,2.0,3.0,69383,M,,,69
201000058277,10,9,27,1645,2,2,2,2.0,6.0,69383,M,,,69
201000058278,10,9,28,1640,1,2,1,1.0,6.0,69383,M,,,69
201000058279,10,9,28,2000,2,2,2,1.0,3.0,69383,M,,,69
201000058280,10,9,30,1200,1,2,2,1.0,3.0,69386,M,,,69
201000058281,10,9,18,1050,1,2,2,1.0,6.0,69383,M,4576360.0,484144.0,69
201000058282,10,9,18,1045,1,2,1,1.0,6.0,69383,M,,,69
201000058283,10,10,5,915,1,2,2,8.0,6.0,69383,M,,,69
201000058284,10,10,4,1355,1,2,1,2.0,6.0,69383,M,,,69
201000058285,10,10,6,845,1,2,1,1.0,3.0,69383,M,,,69
201000058286,10,10,7,1315,1,2,2,1.0,6.0,69383,M,,,69
201000058287,10,10,8,810,1,2,2,1.0,3.0,69383,M,,,69
201000058288,10,10,9,2055,5,2,1,1.0,6.0,69383,M,,,69
201000058289,10,10,9,1716,1,2,1,1.0,6.0,69386,M,,,69
201000058290,10,10,8,1310,1,2,1,1.0,6.0,69383,M,,,69
201000058291,10,10,12,1730,1,2,1,1.0,6.0,69383,M,,,69
201000058292,10,10,7,1725,1,2,2,1.0,2.0,69383,M,,,69
201000058293,10,10,15,1210,1,2,2,1.0,3.0,69383,M,,,69
201000058294,10,10,16,1950,4,2,2,1.0,6.0,69383,M,,,69
201000058295,10,10,14,1930,5,2,1,1.0,6.0,69383,M,,,69
201000058296,10,10,17,1940,5,2,1,2.0,2.0,69383,M,,,69
201000058297,10,10,20,1500,1,2,2,1.0,6.0,69386,M,,,69
201000058298,10,10,15,1625,1,2,2,1.0,5.0,69386,M,,,69
201000058299,10,10,19,1255,1,2,2,8.0,6.0,69386,M,,,69
201000058300,10,9,7,1815,1,2,2,3.0,6.0,69383,M,,,69
201000058301,10,10,26,945,1,2,3,1.0,5.0,69386,M,,,69
201000058302,10,10,21,1415,1,2,1,1.0,6.0,69383,M,,,69
201000058303,10,10,22,2110,5,2,9,1.0,3.0,69383,M,,,69
201000058304,10,10,24,115,5,2,1,3.0,6.0,69383,M,,,69
201000058305,10,10,24,330,5,2,2,2.0,3.0,69383,M,,,69
201000058306,10,10,24,1545,1,2,2,2.0,3.0,69386,M,,,69
201000058307,10,10,25,1410,1,2,1,1.0,3.0,69383,M,,,69
201000058308,10,10,25,1445,1,2,2,1.0,3.0,69383,M,,,69
201000058309,10,10,27,1030,1,2,1,1.0,5.0,69386,M,,,69
201000058310,10,10,28,850,1,2,1,1.0,6.0,69383,M,,,69
201000058311,10,10,29,1755,1,2,2,1.0,4.0,69386,M,,,69
201000058312,10,10,31,2000,5,2,2,3.0,3.0,69383,M,,,69
201000058313,10,11,3,2100,5,2,1,1.0,1.0,69383,M,4575480.0,487933.0,69
201000058314,10,10,4,1650,2,2,1,8.0,6.0,69386,M,,,69
201000058315,10,10,7,1410,1,2,3,2.0,3.0,69383,M,,,69
201000058316,10,11,8,2220,5,2,2,1.0,3.0,69383,M,4574700.0,486713.0,69
201000058317,10,11,10,1340,1,2,3,1.0,2.0,69386,M,4577120.0,484104.0,69
201000058318,10,11,11,1325,1,2,2,1.0,3.0,69386,M,4576370.0,485961.0,69
201000058319,10,11,12,2020,5,2,1,1.0,3.0,69386,M,4576440.0,484479.0,69
201000058320,10,11,14,1305,1,2,2,6.0,3.0,69383,M,4576370.0,485736.0,69
201000058321,10,11,14,1710,1,2,2,1.0,6.0,69383,M,4575750.0,484623.0,69
201000058322,10,11,13,1740,1,2,1,1.0,6.0,69386,M,4577230.0,484084.0,69
201000058323,10,11,15,1505,1,2,1,2.0,6.0,69383,M,4576250.0,484518.0,69
201000058324,10,11,16,1000,1,2,2,1.0,3.0,69386,M,4577220.0,485182.0,69
201000058325,10,11,16,1130,1,2,1,1.0,6.0,69386,M,4576920.0,484958.0,69
201000058326,10,11,17,1250,1,2,2,1.0,3.0,69386,M,4577280.0,484657.0,69
201000058327,10,11,19,2050,5,2,3,1.0,6.0,69386,M,4577680.0,484406.0,69
201000058328,10,11,20,2110,4,2,2,2.0,3.0,69383,M,4575190.0,489170.0,69
201000058329,10,11,20,1750,5,2,3,2.0,6.0,69386,M,4576470.0,484151.0,69
201000058330,10,11,21,2320,5,2,6,1.0,3.0,69383,M,4576290.0,486191.0,69
201000058331,10,11,23,1230,1,2,1,1.0,6.0,69386,M,4576380.0,484493.0,69
201000058332,10,11,24,1600,1,2,2,1.0,3.0,69386,M,4576900.0,485529.0,69
201000058333,10,11,25,1550,1,2,5,2.0,6.0,69383,M,4575530.0,484296.0,69
201000058334,10,11,26,2106,5,2,2,1.0,3.0,69383,M,4574700.0,486713.0,69
201000058335,10,11,27,1300,1,2,2,1.0,6.0,69386,M,4576790.0,484405.0,69
201000058336,10,11,28,520,5,2,2,1.0,3.0,69383,M,4576370.0,486287.0,69
201000058337,10,11,29,1615,2,2,2,1.0,6.0,69383,M,4575630.0,484649.0,69
201000058338,10,12,3,1600,2,2,2,1.0,3.0,69386,M,,,69
201000058339,10,12,6,815,1,2,2,1.0,6.0,69386,M,,,69
201000058340,10,12,6,2215,5,2,2,1.0,3.0,69383,M,,,69
201000058341,10,12,8,1120,1,2,2,1.0,3.0,69383,M,,,69
201000058342,10,12,8,1330,1,2,1,1.0,6.0,69383,M,,,69
201000058343,10,12,9,2035,5,2,2,1.0,6.0,69386,M,,,69
201000058344,10,12,11,830,1,2,2,1.0,6.0,69386,M,,,69
201000058345,10,12,12,1210,1,2,2,1.0,3.0,69386,M,,,69
201000058346,10,12,12,2140,5,2,2,1.0,3.0,69383,M,,,69
201000058347,10,12,13,1425,1,2,3,1.0,6.0,69383,M,,,69
201000058348,10,12,14,1020,1,2,2,1.0,6.0,69386,M,,,69
201000058349,10,12,15,1935,5,2,1,9.0,2.0,69386,M,,,69
201000058350,10,12,15,2340,5,2,2,4.0,6.0,69386,M,,,69
201000058351,10,12,16,1845,5,2,2,1.0,3.0,69386,M,,,69
201000058352,10,12,18,2230,5,2,2,1.0,2.0,69383,M,,,69
201000058353,10,12,29,1430,1,2,2,1.0,3.0,69383,M,,,69
201000058354,10,12,30,240,5,2,2,1.0,6.0,69386,M,,,69
201000058355,10,2,17,1700,1,2,1,1.0,6.0,69384,M,,,69
201000058356,10,2,20,1540,1,2,1,1.0,6.0,69384,M,,,69
201000058357,10,3,4,1828,1,2,2,1.0,3.0,69384,M,,,69
201000058358,10,3,6,1200,1,2,1,1.0,6.0,69384,M,,,69
201000058359,10,3,27,1305,1,2,3,2.0,6.0,69384,M,,,69
201000058360,10,3,31,1540,1,2,1,1.0,6.0,69384,M,,,69
201000058361,10,4,9,1035,1,2,5,1.0,6.0,69384,M,,,69
201000058362,10,4,21,1410,1,2,1,1.0,3.0,69384,M,,,69
201000058363,10,4,10,2045,5,2,2,1.0,6.0,69384,M,,,69
201000058364,10,5,5,1310,1,2,1,3.0,7.0,69384,M,,,69
201000058365,10,5,11,830,1,2,2,1.0,6.0,69384,M,,,69
201000058366,10,4,16,845,1,2,6,1.0,7.0,69384,M,,,69
201000058367,10,5,11,1555,1,2,2,1.0,6.0,69384,M,,,69
201000058368,10,5,27,1910,1,2,3,1.0,1.0,69384,M,,,69
201000058369,10,6,5,2055,1,2,3,1.0,3.0,69384,M,,,69
201000058370,10,6,5,1740,1,2,1,1.0,6.0,69384,M,,,69
201000058371,10,6,7,1810,1,2,1,1.0,6.0,69384,M,,,69
201000058372,10,6,10,915,1,2,1,1.0,3.0,69384,M,,,69
201000058373,10,7,1,2109,1,2,9,1.0,6.0,69384,M,,,69
201000058374,10,7,22,1600,1,2,1,1.0,6.0,69384,M,,,69
201000058375,10,8,7,2055,1,2,3,1.0,1.0,69384,M,,,69
201000058376,10,8,27,1145,1,2,1,1.0,6.0,69384,M,,,69
201000058377,10,9,1,155,5,2,3,1.0,6.0,69384,M,,,69
201000058378,10,9,1,710,5,2,1,1.0,2.0,69384,M,,,69
201000058379,10,9,1,1030,1,2,2,1.0,6.0,69384,M,,,69
201000058380,10,9,3,2215,5,2,1,1.0,6.0,69384,M,,,69
201000058381,10,9,16,800,1,2,2,1.0,3.0,69384,M,,,69
201000058382,10,9,14,1645,1,2,9,1.0,3.0,69384,M,,,69
201000058383,10,10,8,1730,1,2,2,1.0,6.0,69384,M,,,69
201000058384,10,10,12,1300,1,2,1,1.0,1.0,69384,M,,,69
201000058385,10,10,13,1630,1,2,1,1.0,6.0,69384,M,,,69
201000058386,10,10,11,1815,1,2,1,1.0,6.0,69384,M,,,69
201000058387,10,10,19,905,1,2,2,1.0,5.0,69384,M,,,69
201000058388,10,10,15,1950,2,2,2,1.0,3.0,69384,M,,,69
201000058389,10,10,18,1630,1,2,1,1.0,6.0,69384,M,,,69
201000058390,10,11,4,720,2,2,1,1.0,6.0,69384,M,,,69
201000058391,10,11,11,1800,5,2,2,2.0,3.0,69384,M,,,69
201000058392,10,11,20,1115,1,2,1,1.0,2.0,69384,M,,,69
201000058393,10,12,7,1820,5,2,1,1.0,6.0,69384,M,,,69
201000058394,10,12,8,2020,5,2,2,1.0,3.0,69384,M,,,69
201000058395,10,12,9,1740,5,2,3,1.0,6.0,69384,M,,,69
201000058396,10,12,22,1700,5,2,1,1.0,6.0,69384,M,4577650.0,483310.0,69
201000058397,10,1,3,1145,1,1,1,2.0,6.0,33318,M,,,33
201000058398,10,1,3,1400,1,1,1,2.0,6.0,33065,M,,,33
201000058399,10,1,3,2325,5,1,1,3.0,6.0,33249,M,,,33
201000058400,10,1,8,1925,5,1,1,1.0,3.0,33167,M,,,33
201000058401,10,1,9,950,1,1,1,1.0,3.0,33065,M,,,33
201000058402,10,1,10,1645,1,1,1,1.0,6.0,33281,M,,,33
201000058403,10,1,15,835,2,1,1,5.0,4.0,33063,M,,,33
201000058404,10,1,19,1550,1,1,1,1.0,2.0,33143,M,,,33
201000058405,10,1,19,2220,5,1,1,2.0,6.0,33249,M,,,33
201000058406,10,1,20,1540,1,1,1,2.0,5.0,33550,M,,,33
201000058407,10,1,25,2008,5,1,1,1.0,6.0,33075,M,,,33
201000058408,10,1,26,520,5,1,1,1.0,6.0,33167,M,,,33
201000058409,10,1,27,1830,5,1,1,1.0,4.0,33281,M,,,33
201000058410,10,1,31,2156,5,1,1,1.0,2.0,33143,M,,,33
201000058411,10,1,30,1330,1,1,1,1.0,6.0,33063,M,,,33
201000058412,10,2,1,734,5,1,1,1.0,6.0,33167,M,,,33
201000058413,10,2,3,635,2,1,1,1.0,6.0,33063,M,,,33
201000058414,10,2,5,1510,1,1,1,2.0,6.0,33318,M,,,33
201000058415,10,2,6,815,1,1,1,2.0,6.0,33318,M,,,33
201000058416,10,2,8,945,1,1,1,1.0,4.0,33075,M,,,33
201000058417,10,2,9,800,1,1,1,1.0,5.0,33192,M,,,33
201000058418,10,2,14,2115,5,1,1,1.0,2.0,33122,M,,,33
201000058419,10,2,15,1645,1,1,1,8.0,2.0,33063,M,,,33
201000058420,10,2,16,855,1,1,1,1.0,6.0,33063,M,,,33
201000058421,10,2,17,1300,1,1,1,2.0,7.0,33318,M,,,33
201000058422,10,2,17,1715,1,1,1,1.0,2.0,33192,M,,,33
201000058423,10,2,18,610,2,1,1,2.0,6.0,33039,M,,,33
201000058424,10,2,18,1225,1,1,1,1.0,7.0,33318,M,,,33
201000058425,10,2,19,1725,1,1,1,1.0,5.0,33249,M,,,33
201000058426,10,2,20,1700,1,1,1,8.0,6.0,33318,M,,,33
201000058427,10,2,23,900,1,1,1,1.0,2.0,33281,M,,,33
201000058428,10,2,24,2300,5,1,1,2.0,7.0,33318,M,,,33
201000058429,10,2,26,15,5,1,1,1.0,7.0,33249,M,,,33
201000058430,10,3,1,1520,1,1,1,1.0,2.0,33167,M,,,33
201000058431,10,3,4,1055,1,1,1,1.0,3.0,33550,M,,,33
201000058432,10,3,8,900,1,1,1,1.0,6.0,33249,M,,,33
201000058433,10,3,11,1438,1,1,1,1.0,3.0,33318,M,,,33
201000058434,10,3,13,702,2,1,1,1.0,6.0,33318,M,,,33
201000058435,10,3,13,1830,1,1,1,1.0,6.0,33075,M,,,33
201000058436,10,3,15,615,5,1,1,1.0,6.0,33249,M,,,33
201000058437,10,3,15,1715,1,1,1,1.0,2.0,33063,M,,,33
201000058438,10,3,17,1210,1,1,1,1.0,2.0,33143,M,,,33
201000058439,10,3,21,2010,2,1,1,1.0,6.0,33122,M,,,33
201000058440,10,3,22,750,2,1,1,1.0,3.0,33318,M,,,33
201000058441,10,3,23,805,1,1,1,1.0,6.0,33249,M,,,33
201000058442,10,3,24,1815,1,1,1,2.0,4.0,33281,M,,,33
201000058443,10,3,26,1405,1,1,1,1.0,4.0,33249,M,,,33
201000058444,10,3,29,705,2,1,1,1.0,2.0,33143,M,,,33
201000058445,10,4,1,825,1,1,1,1.0,2.0,33162,M,,,33
201000058446,10,4,4,445,5,1,1,1.0,3.0,33550,M,,,33
201000058447,10,4,4,1305,1,1,1,2.0,6.0,33039,M,,,33
201000058448,10,4,9,725,1,1,1,1.0,4.0,33249,M,,,33
201000058449,10,4,12,1800,1,1,1,1.0,3.0,33318,M,,,33
201000058450,10,4,13,1116,1,1,1,1.0,2.0,33192,M,,,33
201000058451,10,4,13,1730,1,1,1,1.0,4.0,33318,M,,,33
201000058452,10,4,14,1830,1,1,1,1.0,4.0,33318,M,,,33
201000058453,10,4,15,1635,1,1,1,1.0,3.0,33013,M,,,33
201000058454,10,4,17,1450,1,1,1,1.0,3.0,33096,M,,,33
201000058455,10,4,19,1740,1,1,1,2.0,2.0,33249,M,,,33
201000058456,10,4,19,1745,1,1,1,2.0,4.0,33075,M,,,33
201000058457,10,4,19,1900,1,1,1,1.0,7.0,33192,M,,,33
201000058458,10,4,20,1300,1,1,1,1.0,2.0,33281,M,,,33
201000058459,10,4,20,1725,1,1,1,1.0,4.0,33192,M,,,33
201000058460,10,4,21,1140,1,1,1,1.0,6.0,33090,M,,,33
201000058461,10,4,23,1200,1,1,1,1.0,3.0,33096,M,,,33
201000058462,10,4,25,40,5,1,1,1.0,7.0,33039,M,,,33
201000058463,10,4,29,1840,1,1,1,1.0,2.0,33550,M,,,33
201000058464,10,5,3,235,5,1,1,1.0,6.0,33162,M,,,33
201000058465,10,5,3,620,2,1,1,1.0,5.0,33366,M,,,33
201000058466,10,5,5,725,2,1,1,2.0,2.0,33318,M,,,33