Num_Acc,an,mois,jour,hrmn,lum,agg,int,atm,col,com,gps,lat,long,dep
201000058467,10,5,5,1440,1,1,1,2.0,6.0,33318,M,,,33
201000058468,10,5,5,1515,1,1,1,2.0,6.0,33318,M,,,33
201000058469,10,5,7,1540,1,1,1,1.0,4.0,33318,M,,,33
201000058470,10,5,8,1620,1,1,1,1.0,6.0,33013,M,,,33
201000058471,10,5,8,2020,2,1,1,1.0,6.0,33039,M,,,33
201000058472,10,5,12,830,1,1,1,1.0,3.0,33039,M,,,33
201000058473,10,5,12,1830,1,1,1,1.0,6.0,33318,M,,,33
201000058474,10,5,14,35,5,1,1,1.0,5.0,33039,M,,,33
201000058475,10,5,16,1025,1,1,1,1.0,6.0,33281,M,,,33
201000058476,10,5,18,1308,1,1,1,1.0,6.0,33122,M,,,33
201000058477,10,5,19,1805,1,1,1,1.0,6.0,33162,M,,,33
201000058478,10,5,21,843,1,1,1,1.0,2.0,33249,M,,,33
201000058479,10,5,21,1315,1,1,1,1.0,6.0,33039,M,,,33
201000058480,10,5,26,1120,1,1,1,1.0,3.0,33003,M,,,33
201000058481,10,5,27,840,1,1,1,1.0,3.0,33318,M,,,33
201000058482,10,5,29,1835,1,1,1,1.0,3.0,33119,M,,,33
201000058483,10,5,29,1930,1,1,1,2.0,6.0,33063,M,,,33
201000058484,10,6,1,1125,1,1,1,2.0,6.0,33063,M,,,33
201000058485,10,6,1,1810,1,1,1,1.0,2.0,33162,M,,,33
201000058486,10,6,1,2055,1,1,1,1.0,2.0,33192,M,,,33
201000058487,10,6,3,1425,1,1,1,1.0,6.0,33281,M,,,33
201000058488,10,6,3,1747,1,1,1,1.0,2.0,33162,M,,,33
201000058489,10,6,8,740,1,1,1,1.0,4.0,33119,M,,,33
201000058490,10,6,8,1425,1,1,1,2.0,6.0,33063,M,,,33
201000058491,10,6,10,900,1,1,1,1.0,3.0,33550,M,,,33
201000058492,10,6,11,1405,1,1,1,1.0,3.0,33281,M,,,33
201000058493,10,6,12,1530,1,1,1,1.0,6.0,33192,M,,,33
201000058494,10,6,14,752,1,1,1,2.0,3.0,33281,M,,,33
201000058495,10,6,14,1105,1,1,1,2.0,6.0,33318,M,,,33
201000058496,10,6,14,1425,1,1,1,1.0,6.0,33063,M,,,33
201000058497,10,6,17,1735,1,1,1,1.0,6.0,33318,M,,,33
201000058498,10,6,18,1815,1,1,1,1.0,6.0,33192,M,,,33
201000058499,10,6,21,120,5,1,1,1.0,3.0,33487,M,,,33
201000058500,10,6,22,2250,5,1,1,1.0,6.0,33075,M,,,33
201000058501,10,6,23,1445,1,1,1,1.0,3.0,33122,M,,,33
201000058502,10,6,28,55,5,1,1,1.0,6.0,33122,M,,,33
201000058503,10,6,30,1810,1,1,1,1.0,5.0,33550,M,,,33
201000058504,10,6,30,1850,1,1,1,1.0,2.0,33281,M,,,33
201000058505,10,7,2,1625,1,1,1,1.0,2.0,33281,M,,,33
201000058506,10,7,2,1855,1,1,1,1.0,4.0,33063,M,,,33
201000058507,10,7,3,915,1,1,1,1.0,6.0,33063,M,,,33
201000058508,10,7,4,1015,1,1,1,1.0,6.0,33119,M,,,33
201000058509,10,7,15,752,1,1,1,1.0,2.0,33281,M,,,33
201000058510,10,7,6,1815,1,1,1,1.0,3.0,33039,M,,,33
201000058511,10,7,7,753,1,1,1,1.0,3.0,33003,M,,,33
201000058512,10,7,7,1245,1,1,1,1.0,4.0,33249,M,,,33
201000058513,10,7,7,2335,5,1,1,1.0,2.0,33249,M,,,33
201000058514,10,7,12,845,1,1,1,1.0,3.0,33318,M,,,33
201000058515,10,7,13,1400,1,1,1,1.0,6.0,33065,M,,,33
201000058516,10,7,13,1845,1,1,1,1.0,6.0,33281,M,,,33
201000058517,10,7,15,1435,1,1,1,1.0,6.0,33096,M,,,33
201000058518,10,7,15,1455,1,1,1,1.0,2.0,33249,M,,,33
201000058519,10,7,21,1220,1,1,1,1.0,2.0,33122,M,,,33
201000058520,10,7,22,730,1,1,1,1.0,6.0,33249,M,,,33
201000058521,10,7,24,1030,1,1,1,1.0,2.0,33550,M,,,33
201000058522,10,7,28,1959,1,1,1,1.0,6.0,33249,M,,,33
201000058523,10,7,29,1059,1,1,1,1.0,7.0,33167,M,,,33
201000058524,10,7,30,1035,1,1,1,1.0,2.0,33039,M,,,33
201000058525,10,7,31,1750,1,1,1,1.0,2.0,33192,M,,,33
201000058526,10,8,1,115,3,1,1,1.0,3.0,33080,M,,,33
201000058527,10,8,3,140,5,1,1,1.0,6.0,33249,M,,,33
201000058528,10,8,4,835,1,1,1,2.0,7.0,33192,M,,,33
201000058529,10,8,5,1725,1,1,1,1.0,3.0,33039,M,,,33
201000058530,10,8,6,900,1,1,1,1.0,3.0,33192,M,,,33
201000058531,10,8,7,1625,1,1,1,1.0,4.0,33122,M,,,33
201000058532,10,8,7,1635,1,1,1,1.0,2.0,33550,M,,,33
201000058533,10,8,6,40,4,1,1,1.0,7.0,33075,M,,,33
201000058534,10,8,15,2100,2,1,1,1.0,3.0,33039,M,,,33
201000058535,10,8,18,1830,1,1,1,1.0,5.0,33063,M,,,33
201000058536,10,8,23,810,2,1,1,1.0,6.0,33213,M,,,33
201000058537,10,8,23,2115,1,1,1,1.0,6.0,33063,M,,,33
201000058538,10,8,25,1400,1,1,1,1.0,6.0,33063,M,,,33
201000058539,10,8,28,2100,5,1,1,1.0,6.0,33063,M,,,33
201000058540,10,8,30,2018,1,1,1,1.0,4.0,33122,M,,,33
201000058541,10,8,31,341,5,1,1,1.0,2.0,33063,M,,,33
201000058542,10,9,8,1200,1,1,1,1.0,2.0,33119,M,,,33
201000058543,10,9,9,800,2,1,1,2.0,7.0,33162,M,,,33
201000058544,10,9,9,845,1,1,1,1.0,4.0,33249,M,,,33
201000058545,10,9,10,1845,1,1,1,1.0,3.0,33065,M,,,33
201000058546,10,9,13,1722,1,1,1,1.0,6.0,33397,M,,,33
201000058547,10,9,13,1805,1,1,1,1.0,2.0,33550,M,,,33
201000058548,10,9,13,1835,1,1,1,1.0,6.0,33550,M,,,33
201000058549,10,9,15,1800,1,1,1,1.0,4.0,33063,M,,,33
201000058550,10,9,15,1940,1,1,1,1.0,4.0,33550,M,,,33
201000058551,10,9,19,2040,3,1,1,1.0,4.0,33448,M,,,33
201000058552,10,9,23,915,1,1,1,1.0,2.0,33281,M,,,33
201000058553,10,9,24,1125,1,1,1,1.0,7.0,33281,M,,,33
201000058554,10,9,25,35,5,1,1,2.0,6.0,33281,M,,,33
201000058555,10,9,26,1945,5,1,1,1.0,4.0,33065,M,,,33
201000058556,10,9,27,1230,1,1,1,1.0,3.0,33318,M,,,33
201000058557,10,9,28,2030,4,1,1,1.0,2.0,33249,M,,,33
201000058558,10,9,29,1440,1,1,1,1.0,2.0,33281,M,,,33
201000058559,10,10,4,1715,1,1,1,2.0,3.0,33039,M,,,33
201000058560,10,10,4,1825,1,1,1,3.0,2.0,33281,M,,,33
201000058561,10,10,6,1255,1,1,1,1.0,3.0,33065,M,,,33
201000058562,10,10,7,1040,1,1,1,1.0,2.0,33192,M,,,33
201000058563,10,10,11,1155,1,1,1,1.0,2.0,33366,M,,,33
201000058564,10,10,13,1850,1,1,1,1.0,4.0,33063,M,,,33
201000058565,10,10,16,2045,5,1,2,1.0,3.0,33249,M,,,33
201000058566,10,10,18,745,1,1,1,1.0,3.0,33318,M,,,33
201000058567,10,10,18,730,4,1,1,1.0,7.0,33063,M,,,33
201000058568,10,10,20,855,1,1,1,1.0,3.0,33063,M,,,33
201000058569,10,10,20,1713,1,1,1,1.0,6.0,33397,M,,,33
201000058570,10,10,22,450,5,1,1,1.0,2.0,33063,M,,,33
201000058571,10,10,24,1255,1,1,1,2.0,7.0,33318,M,,,33
201000058572,10,10,25,1702,1,1,1,1.0,2.0,33192,M,,,33
201000058573,10,10,27,1053,1,1,1,1.0,2.0,33192,M,,,33
201000058574,10,10,29,645,5,1,1,1.0,6.0,33318,M,,,33
201000058575,10,10,29,1845,2,1,1,1.0,2.0,33096,M,,,33
201000058576,10,10,30,510,5,1,1,2.0,2.0,33075,M,,,33
201000058577,10,10,31,830,1,1,1,2.0,6.0,33192,M,,,33
201000058578,10,10,31,1205,1,1,1,2.0,6.0,33281,M,,,33
201000058579,10,10,31,2215,5,1,1,1.0,2.0,33318,M,,,33
201000058580,10,11,2,750,1,1,1,1.0,3.0,33096,M,,,33
201000058581,10,11,3,900,1,1,1,2.0,6.0,33075,M,,,33
201000058582,10,11,7,600,3,1,1,2.0,2.0,33075,M,,,33
201000058583,10,11,8,820,1,1,1,2.0,5.0,33281,M,,,33
201000058584,10,11,8,2000,5,1,1,1.0,2.0,33318,M,,,33
201000058585,10,11,9,937,1,1,1,2.0,4.0,33162,M,,,33
201000058586,10,11,9,1000,1,1,1,3.0,2.0,33550,M,,,33
201000058587,10,11,14,2305,5,1,1,2.0,3.0,33318,M,,,33
201000058588,10,11,16,750,2,1,1,1.0,2.0,33039,M,,,33
201000058589,10,11,17,910,1,1,1,2.0,7.0,33318,M,,,33
201000058590,10,11,17,1435,1,1,1,3.0,6.0,33318,M,,,33
201000058591,10,11,19,1800,5,1,1,1.0,4.0,33192,M,,,33
201000058592,10,11,22,845,1,1,1,1.0,3.0,33039,M,,,33
201000058593,10,11,23,1700,1,1,1,1.0,5.0,33318,M,,,33
201000058594,10,11,25,755,2,1,1,2.0,6.0,33318,M,,,33
201000058595,10,11,26,1830,5,1,1,1.0,2.0,33013,M,,,33
201000058596,10,11,27,1530,1,1,1,2.0,6.0,33318,M,,,33
201000058597,10,11,27,2315,3,1,1,1.0,7.0,33318,M,,,33
201000058598,10,11,30,1925,5,1,1,1.0,6.0,33075,M,,,33
201000058599,10,12,2,714,5,1,1,4.0,6.0,33063,M,,,33
201000058600,10,12,2,1445,1,1,1,1.0,7.0,33550,M,,,33
201000058601,10,12,3,950,1,1,1,1.0,3.0,33063,M,,,33
201000058602,10,12,7,1920,5,1,1,1.0,2.0,33192,M,,,33
201000058603,10,12,10,450,5,1,1,1.0,5.0,33119,M,,,33
201000058604,10,12,11,405,5,1,1,1.0,2.0,33249,M,,,33
201000058605,10,12,13,1853,4,1,1,1.0,4.0,33318,M,,,33
201000058606,10,12,14,730,2,1,1,1.0,6.0,33162,M,,,33
201000058607,10,12,15,1910,5,1,1,1.0,2.0,33119,M,,,33
201000058608,10,12,17,530,4,1,1,2.0,7.0,33487,M,,,33
201000058609,10,12,17,935,1,1,1,2.0,4.0,33065,M,,,33
201000058610,10,12,19,2005,5,1,1,1.0,7.0,33096,M,,,33
201000058611,10,12,22,1320,1,1,1,2.0,7.0,33065,M,,,33
201000058612,10,12,25,2150,3,1,1,1.0,2.0,33023,M,,,33
201000058613,10,12,26,120,5,1,1,1.0,6.0,33162,M,,,33
201000058614,10,12,31,1705,1,1,1,1.0,3.0,33162,M,,,33
201000058615,10,1,8,1700,2,2,3,4.0,3.0,69385,M,,,69
201000058616,10,1,19,645,2,2,1,1.0,7.0,69385,M,,,69
201000058617,10,1,22,900,1,2,1,8.0,3.0,69385,M,,,69
201000058618,10,2,1,725,5,2,4,1.0,7.0,69385,M,,,69
201000058619,10,2,14,425,5,2,1,1.0,7.0,69385,M,,,69
201000058620,10,2,24,1440,1,2,1,1.0,3.0,69385,M,,,69
201000058621,10,2,24,1440,1,2,1,2.0,2.0,69385,M,,,69
201000058622,10,3,5,850,1,2,1,7.0,2.0,69385,M,,,69
201000058623,10,3,6,1535,1,2,1,1.0,7.0,69385,M,,,69
201000058624,10,3,17,1215,1,2,1,1.0,3.0,69385,M,,,69
201000058625,10,3,19,1400,1,2,1,1.0,7.0,69385,M,,,69
201000058626,10,3,21,2100,5,2,2,1.0,3.0,69385,M,,,69
201000058627,10,4,2,835,1,2,1,1.0,7.0,69385,M,,,69
201000058628,10,4,7,1000,1,2,1,1.0,7.0,69385,M,,,69
201000058629,10,4,2,900,1,2,2,1.0,3.0,69385,M,,,69
201000058630,10,4,3,720,1,2,1,1.0,1.0,69385,M,,,69
201000058631,10,4,23,1030,1,2,1,1.0,7.0,69385,M,,,69
201000058632,10,4,29,1350,1,2,1,6.0,1.0,69385,M,,,69
201000058633,10,5,4,2300,5,2,5,3.0,5.0,69385,M,,,69
201000058634,10,5,6,1705,1,2,1,1.0,7.0,69385,M,,,69
201000058635,10,5,21,2110,2,2,1,1.0,3.0,69385,M,4575690.0,479662.0,69
201000058636,10,6,4,2155,5,2,1,1.0,6.0,69385,M,,,69
201000058637,10,6,11,2230,5,2,1,2.0,3.0,69385,M,,,69
201000058638,10,6,17,1630,1,2,6,2.0,7.0,69385,M,,,69
201000058639,10,7,19,730,1,2,2,7.0,7.0,69385,M,,,69
201000058640,10,8,14,1140,1,2,2,1.0,7.0,69385,M,,,69
201000058641,10,8,24,1120,1,2,1,1.0,3.0,69385,M,,,69
201000058642,10,9,14,1725,1,2,1,1.0,7.0,69385,M,,,69
201000058643,10,9,18,825,1,2,5,1.0,3.0,69385,M,,,69
201000058644,10,9,24,1510,1,2,1,1.0,7.0,69385,M,,,69
201000058645,10,9,30,1530,1,2,1,2.0,6.0,69385,M,,,69
201000058646,10,10,1,1300,1,2,1,1.0,3.0,69385,M,,,69
201000058647,10,10,2,2130,5,2,1,1.0,2.0,69385,M,,,69
201000058648,10,10,3,2030,5,2,1,1.0,6.0,69385,M,,,69
201000058649,10,10,4,820,1,2,1,1.0,7.0,69385,M,,,69
201000058650,10,10,12,645,2,2,4,1.0,1.0,69385,M,,,69
201000058651,10,10,15,1205,1,2,1,1.0,6.0,69385,M,,,69
201000058652,10,10,15,1640,1,2,1,1.0,7.0,69385,M,,,69
201000058653,10,10,29,1900,5,2,2,1.0,6.0,69385,M,,,69
201000058654,10,11,5,1245,1,2,3,1.0,7.0,69385,M,,,69
201000058655,10,11,7,1545,1,2,1,1.0,3.0,69385,M,,,69
201000058656,10,11,6,1845,5,2,1,1.0,7.0,69385,M,,,69
201000058657,10,11,17,1215,1,2,1,1.0,7.0,69385,M,,,69
201000058658,10,11,17,1930,5,2,2,1.0,3.0,69385,M,,,69
201000058659,10,11,19,1350,1,2,1,1.0,6.0,69385,M,,,69
201000058660,10,11,22,1900,5,2,1,2.0,7.0,69385,M,,,69
201000058661,10,11,24,1210,1,2,1,8.0,7.0,69385,M,,,69
201000058662,10,12,7,720,5,2,1,1.0,7.0,69385,M,,,69
201000058663,10,12,15,1845,5,2,2,4.0,1.0,69385,M,,,69
201000058664,10,2,4,1930,4,1,1,1.0,5.0,67447,M,,,67
201000058665,10,2,5,1818,3,1,1,2.0,4.0,67482,M,,,67
201000058666,10,2,6,445,3,1,1,1.0,6.0,67482,M,,,67
201000058667,10,2,19,1440,1,1,1,2.0,4.0,67482,M,4858720.0,771380.0,67
201000058668,10,2,26,1913,4,1,1,1.0,4.0,67152,M,,,67
201000058669,10,3,1,900,1,1,1,1.0,4.0,67482,M,,,67
201000058670,10,3,2,905,1,1,1,2.0,5.0,67482,M,,,67
201000058671,10,3,4,1319,1,1,1,1.0,5.0,67447,M,,,67
201000058672,10,3,4,1355,1,1,1,1.0,6.0,67218,M,,,67
201000058673,10,3,13,1930,3,1,1,1.0,3.0,67482,M,,,67
201000058674,10,3,19,2240,3,1,1,1.0,6.0,67152,M,,,67
201000058675,10,4,6,1120,1,1,1,1.0,6.0,67152,M,,,67
201000058676,10,4,18,1850,1,1,1,1.0,5.0,67447,M,,,67
201000058677,10,4,21,1350,1,1,1,1.0,5.0,67482,M,,,67
201000058678,10,4,21,1505,1,1,1,1.0,4.0,67447,M,,,67
201000058679,10,4,27,1500,1,1,1,1.0,6.0,67043,M,,,67
201000058680,10,4,30,1935,1,1,1,8.0,4.0,67482,M,,,67
201000058681,10,5,21,2025,1,1,1,1.0,6.0,67482,M,,,67
201000058682,10,5,26,730,1,1,1,3.0,5.0,67365,M,,,67
201000058683,10,6,2,1810,1,1,1,1.0,5.0,67389,M,,,67
201000058684,10,6,11,1710,1,1,1,1.0,4.0,67471,M,,,67
201000058685,10,6,19,925,1,1,1,2.0,6.0,67482,M,,,67
201000058686,10,6,21,850,1,1,1,1.0,4.0,67482,M,,,67
201000058687,10,7,8,1720,1,1,1,1.0,7.0,67482,M,,,67
201000058688,10,7,9,715,1,1,1,1.0,5.0,67482,M,,,67
201000058689,10,7,21,1415,1,1,1,1.0,3.0,67447,M,,,67
201000058690,10,7,22,2005,1,1,1,8.0,6.0,67152,M,,,67
201000058691,10,7,28,1920,1,1,1,2.0,6.0,67218,M,,,67
201000058692,10,8,4,845,1,1,1,1.0,5.0,67389,M,,,67
201000058693,10,8,5,705,1,1,1,1.0,5.0,67389,M,,,67
201000058694,10,8,27,1650,1,1,1,3.0,2.0,67482,M,,,67
201000058695,10,8,31,1920,1,1,1,1.0,4.0,67218,M,,,67
201000058696,10,9,1,1755,1,1,1,1.0,2.0,67482,M,,,67
201000058697,10,9,1,1855,1,1,1,1.0,4.0,67482,M,,,67
201000058698,10,9,14,755,1,1,1,1.0,2.0,67482,M,,,67
201000058699,10,9,22,1420,1,1,1,7.0,3.0,67482,M,,,67
201000058700,10,9,22,2105,3,1,1,1.0,3.0,67131,M,,,67
201000058701,10,9,24,1205,1,1,1,1.0,3.0,67482,M,,,67
201000058702,10,9,25,620,3,1,1,1.0,6.0,67482,M,,,67
201000058703,10,9,29,1620,1,1,1,1.0,3.0,67365,M,,,67
201000058704,10,10,6,745,1,1,1,1.0,3.0,67482,M,,,67
201000058705,10,10,16,1435,1,1,1,3.0,7.0,67152,M,,,67
201000058706,10,10,21,1500,1,1,1,1.0,5.0,67482,M,,,67
201000058707,10,10,22,1340,1,1,1,1.0,5.0,67482,M,,,67
201000058708,10,11,15,705,3,1,1,2.0,5.0,67482,M,,,67
201000058709,10,11,19,1545,1,1,1,8.0,3.0,67365,M,,,67
201000058710,10,12,6,1030,1,1,1,2.0,2.0,67218,M,,,67
201000058711,10,12,7,2045,3,1,1,2.0,2.0,67482,M,,,67
201000058712,10,1,5,1730,4,1,1,1.0,4.0,54578,M,,,54
201000058713,10,1,26,212,4,1,1,1.0,5.0,54328,M,,,54
201000058714,10,2,21,100,3,1,1,1.0,2.0,54265,M,4864210.0,616492.0,54
201000058715,10,3,7,140,3,1,1,1.0,5.0,54265,M,4864050.0,617042.0,54
201000058716,10,3,8,845,1,1,1,1.0,4.0,54571,M,4861830.0,621800.0,54
201000058717,10,4,17,1430,1,1,1,1.0,2.0,54115,M,4873920.0,615472.0,54
201000058718,10,4,19,1820,1,1,1,1.0,2.0,54115,M,4869420.0,610102.0,54
201000058719,10,4,29,745,1,1,1,1.0,4.0,54571,M,4861860.0,625924.0,54
201000058720,10,4,24,1515,1,1,1,1.0,6.0,54328,M,4861480.0,617863.0,54
201000058721,10,5,28,645,1,1,1,1.0,3.0,54483,M,4861850.0,629962.0,54
201000058722,10,5,3,1345,1,1,1,1.0,2.0,54357,M,4871730.0,616374.0,54
201000058723,10,7,5,430,3,1,1,1.0,6.0,54578,M,0.0,0.0,54
201000058724,10,7,15,1825,1,1,1,1.0,6.0,54150,M,4876650.0,614406.0,54
201000058725,10,7,23,1630,1,1,1,2.0,4.0,54215,M,4874300.0,615303.0,54
201000058726,10,9,3,1845,1,1,1,1.0,4.0,54578,M,4866090.0,612526.0,54
201000058727,10,9,30,2200,5,1,1,2.0,7.0,54304,M,4869460.0,610885.0,54
201000058728,10,9,24,1745,1,1,1,2.0,4.0,54578,M,4866000.0,612552.0,54
201000058729,10,10,19,730,4,1,1,2.0,2.0,54060,M,,,54
201000058730,10,11,7,320,4,1,1,1.0,3.0,54265,M,,,54
201000058731,10,8,2,830,1,1,1,1.0,5.0,54357,M,4872190.0,616875.0,54
201000058732,10,1,16,1820,3,1,1,8.0,6.0,57647,M,,,57
201000058733,10,1,15,2210,3,1,1,1.0,6.0,57534,M,,,57
201000058734,10,2,1,1605,1,1,1,1.0,5.0,57480,M,,,57
201000058735,10,2,8,925,1,1,1,1.0,2.0,57412,M,,,57
201000058736,10,2,11,620,3,1,1,1.0,6.0,57416,M,,,57
201000058737,10,3,12,740,1,1,1,1.0,5.0,57663,M,,,57
201000058738,10,3,26,1320,1,1,1,3.0,2.0,57474,M,,,57
201000058739,10,4,4,525,3,1,1,8.0,5.0,57757,M,,,57
201000058740,10,4,12,1725,1,1,1,1.0,6.0,57269,M,,,57
201000058741,10,4,21,1120,1,1,1,1.0,6.0,57043,M,,,57
201000058742,10,4,24,1512,1,1,1,1.0,3.0,57303,M,,,57
201000058743,10,4,27,910,1,1,1,1.0,2.0,57666,M,,,57
201000058744,10,5,9,120,3,1,1,1.0,6.0,57463,M,,,57
201000058745,10,5,19,116,4,1,1,1.0,6.0,57666,M,,,57
201000058746,10,5,21,650,2,1,1,5.0,6.0,57534,M,,,57
201000058747,10,6,3,35,3,1,1,1.0,5.0,57356,M,,,57
201000058748,10,6,20,500,2,1,1,1.0,6.0,57672,M,,,57
201000058749,10,6,23,505,1,1,1,1.0,2.0,57672,M,,,57
201000058750,10,7,4,255,3,1,1,1.0,2.0,57663,M,,,57
201000058751,10,7,5,837,1,1,1,1.0,2.0,57303,M,,,57
201000058752,10,7,7,1830,1,1,1,1.0,6.0,57221,M,,,57
201000058753,10,7,13,2055,1,1,1,1.0,2.0,57303,M,,,57
201000058754,10,7,15,820,1,1,1,1.0,2.0,57498,M,,,57
201000058755,10,7,16,1945,1,1,1,1.0,3.0,57356,M,,,57
201000058756,10,8,2,1619,1,1,1,1.0,5.0,57303,M,,,57
201000058757,10,8,3,1350,1,1,1,1.0,6.0,57043,M,,,57
201000058758,10,8,19,2254,3,1,1,1.0,7.0,57039,M,,,57
201000058759,10,9,24,1725,1,1,1,1.0,5.0,57582,M,,,57
201000058760,10,9,30,835,1,1,1,2.0,4.0,57452,M,,,57
201000058761,10,10,10,100,3,1,1,1.0,6.0,57356,M,,,57
201000058762,10,10,12,745,1,1,1,1.0,2.0,57764,M,,,57
201000058763,10,11,1,154,3,1,1,1.0,3.0,57269,M,,,57
201000058764,10,11,9,1705,3,1,1,2.0,6.0,57269,M,,,57
201000058765,10,11,30,605,5,1,1,8.0,7.0,57463,M,,,57
201000058766,10,1,14,1855,5,2,1,2.0,2.0,69387,M,,,69
201000058767,10,1,21,1750,5,2,2,1.0,3.0,69387,M,,,69
201000058768,10,1,22,900,1,2,1,8.0,6.0,69387,M,,,69
201000058769,10,1,26,1530,1,2,1,1.0,6.0,69387,M,,,69
201000058770,10,1,27,1845,5,2,3,1.0,5.0,69387,M,,,69
201000058771,10,1,27,1040,1,2,2,1.0,3.0,69387,M,,,69
201000058772,10,2,12,1415,1,2,1,1.0,6.0,69387,M,,,69
201000058773,10,1,24,440,5,2,3,1.0,6.0,69387,M,,,69
201000058774,10,2,12,2050,5,2,2,1.0,3.0,69387,M,,,69
201000058775,10,2,13,2315,5,2,2,1.0,3.0,69387,M,,,69
201000058776,10,2,18,1530,1,2,2,1.0,6.0,69387,M,,,69
201000058777,10,2,21,2100,5,2,2,6.0,3.0,69387,M,,,69
201000058778,10,2,22,1900,5,2,2,1.0,6.0,69387,M,,,69
201000058779,10,3,3,1850,5,2,3,2.0,3.0,69387,M,,,69
201000058780,10,2,18,1155,1,2,2,1.0,1.0,69387,M,,,69
201000058781,10,3,8,2055,5,2,3,1.0,3.0,69387,M,,,69
201000058782,10,3,12,130,5,2,3,1.0,3.0,69387,M,,,69
201000058783,10,3,17,935,1,2,1,1.0,6.0,69387,M,,,69
201000058784,10,3,24,1757,2,2,1,1.0,6.0,69387,M,,,69
201000058785,10,4,1,1700,1,2,1,1.0,6.0,69387,M,,,69
201000058786,10,4,4,1545,1,2,1,1.0,6.0,69387,M,,,69
201000058787,10,4,5,2245,4,2,2,1.0,3.0,69387,M,,,69
201000058788,10,4,6,1905,1,2,1,1.0,6.0,69387,M,,,69
201000058789,10,4,13,1735,1,2,1,1.0,2.0,69387,M,,,69
201000058790,10,4,25,1840,1,2,1,1.0,6.0,69387,M,,,69
201000058791,10,3,13,730,2,2,1,1.0,2.0,69387,M,,,69
201000058792,10,3,30,1550,1,2,2,1.0,6.0,69387,M,,,69
201000058793,10,4,30,800,1,2,2,1.0,6.0,69387,M,,,69
201000058794,10,5,1,1330,1,2,3,1.0,3.0,69387,M,,,69
201000058795,10,5,2,655,2,2,1,1.0,6.0,69387,M,,,69
201000058796,10,5,2,1000,1,2,2,2.0,3.0,69387,M,,,69
201000058797,10,5,3,945,1,2,2,1.0,3.0,69387,M,,,69
201000058798,10,5,11,1420,1,2,2,9.0,2.0,69387,M,,,69
201000058799,10,5,19,1920,1,2,1,1.0,6.0,69387,M,,,69
201000058800,10,5,19,1155,1,2,2,1.0,3.0,69387,M,,,69
201000058801,10,5,23,2140,2,2,1,1.0,1.0,69387,M,,,69
201000058802,10,5,18,1245,1,2,3,1.0,3.0,69387,M,,,69
201000058803,10,5,21,1800,1,2,2,1.0,3.0,69387,M,,,69
201000058804,10,5,28,1720,1,2,3,2.0,3.0,69387,M,,,69
201000058805,10,5,31,1145,1,2,1,1.0,4.0,69387,M,,,69
201000058806,10,6,2,1705,1,2,1,1.0,7.0,69387,M,,,69
201000058807,10,6,2,1535,1,2,1,1.0,1.0,69387,M,,,69
201000058808,10,6,4,1330,1,2,2,1.0,3.0,69387,M,,,69
201000058809,10,6,7,2135,5,2,1,1.0,7.0,69387,M,,,69
201000058810,10,6,3,1630,1,2,1,1.0,2.0,69387,M,,,69
201000058811,10,6,3,1510,1,2,2,1.0,6.0,69387,M,,,69
201000058812,10,6,10,1635,1,2,2,1.0,3.0,69387,M,,,69
201000058813,10,6,11,1725,1,2,1,3.0,6.0,69387,M,,,69
201000058814,10,6,11,2045,4,2,2,3.0,5.0,69387,M,,,69
201000058815,10,6,18,1105,1,2,1,1.0,6.0,69387,M,,,69
201000058816,10,6,25,810,1,2,1,1.0,6.0,69387,M,,,69
201000058817,10,6,29,830,1,2,2,1.0,6.0,69387,M,,,69
201000058818,10,7,1,1750,1,2,1,1.0,6.0,69387,M,,,69
201000058819,10,7,2,1125,1,2,1,1.0,6.0,69387,M,,,69
201000058820,10,7,7,2225,5,2,3,1.0,3.0,69387,M,,,69
201000058821,10,7,19,1810,1,2,2,1.0,7.0,69387,M,,,69
201000058822,10,7,19,1930,1,2,1,1.0,1.0,69387,M,,,69
201000058823,10,7,20,40,5,2,2,1.0,3.0,69387,M,,,69
201000058824,10,7,30,1110,1,2,2,1.0,3.0,69387,M,,,69
201000058825,10,7,18,15,5,2,1,1.0,2.0,69387,M,,,69
201000058826,10,8,3,2100,1,2,2,1.0,3.0,69387,M,,,69
201000058827,10,8,6,745,1,2,2,1.0,1.0,69387,M,,,69
201000058828,10,8,14,1325,1,2,2,1.0,3.0,69387,M,,,69
201000058829,10,8,25,1415,1,2,2,1.0,7.0,69387,M,,,69
201000058830,10,8,25,1840,1,2,2,1.0,3.0,69387,M,,,69
201000058831,10,9,1,2135,5,2,2,1.0,3.0,69387,M,,,69
201000058832,10,9,1,910,1,2,3,1.0,3.0,69387,M,,,69
201000058833,10,9,4,1800,1,2,1,1.0,3.0,69387,M,,,69
201000058834,10,9,7,1325,1,2,2,3.0,3.0,69387,M,,,69
201000058835,10,9,9,1530,1,2,2,1.0,7.0,69387,M,,,69
201000058836,10,9,17,1610,1,2,2,1.0,3.0,69387,M,,,69
201000058837,10,9,17,15,5,2,1,2.0,1.0,69387,M,,,69
201000058838,10,9,19,2240,5,2,1,1.0,6.0,69387,M,,,69
201000058839,10,9,16,945,1,2,2,1.0,3.0,69387,M,,,69
201000058840,10,9,24,1250,1,2,2,3.0,7.0,69387,M,,,69
201000058841,10,9,22,2200,5,2,2,1.0,3.0,69387,M,,,69
201000058842,10,9,24,2210,5,2,1,2.0,3.0,69387,M,,,69
201000058843,10,9,22,1300,1,2,2,1.0,3.0,69387,M,,,69
201000058844,10,9,22,2150,5,2,1,1.0,1.0,69387,M,,,69
201000058845,10,10,2,1510,1,2,3,1.0,3.0,69387,M,,,69
201000058846,10,10,5,1900,2,2,1,1.0,6.0,69387,M,,,69