Num_Acc,an,mois,jour,hrmn,lum,agg,int,atm,col,com,gps,lat,long,dep
201000058847,10,10,8,1625,1,2,2,1.0,3.0,69387,M,,,69
201000058848,10,10,12,1940,5,2,2,1.0,6.0,69387,M,,,69
201000058849,10,9,22,1435,1,2,1,1.0,2.0,69387,M,,,69
201000058850,10,10,10,725,5,2,1,1.0,7.0,69387,M,,,69
201000058851,10,10,12,925,1,2,1,1.0,6.0,69387,M,,,69
201000058852,10,10,17,1300,1,2,2,8.0,3.0,69387,M,,,69
201000058853,10,10,18,1630,1,2,1,1.0,6.0,69387,M,,,69
201000058854,10,10,25,820,1,2,2,1.0,3.0,69387,M,,,69
201000058855,10,10,18,850,1,2,1,1.0,6.0,69383,M,,,69
201000058856,10,10,24,1220,1,2,2,1.0,3.0,69387,M,,,69
201000058857,10,10,27,1750,2,2,1,1.0,3.0,69387,M,,,69
201000058858,10,11,1,1930,5,2,1,1.0,6.0,69387,M,,,69
201000058859,10,11,5,2100,5,2,2,1.0,1.0,69387,M,4574340.0,483427.0,69
201000058860,10,11,11,1945,5,2,2,2.0,6.0,69387,M,4575350.0,483924.0,69
201000058861,10,11,17,935,1,2,2,1.0,3.0,69387,M,,,69
201000058862,10,11,18,1500,1,2,1,1.0,7.0,69387,M,4573670.0,483469.0,69
201000058863,10,11,22,1730,5,2,2,2.0,3.0,69387,M,,,69
201000058864,10,11,23,750,1,2,4,2.0,2.0,69387,M,,,69
201000058865,10,12,7,1050,1,2,2,8.0,3.0,69387,M,,,69
201000058866,10,11,29,840,1,2,1,1.0,6.0,69387,M,4572900.0,483775.0,69
201000058867,10,9,30,1800,1,2,1,2.0,2.0,69387,M,,,69
201000058868,10,11,25,1810,5,2,4,3.0,5.0,69387,M,4574240.0,485070.0,69
201000058869,10,12,13,1740,5,2,1,1.0,6.0,69387,M,,,69
201000058870,10,12,14,2010,5,2,1,1.0,7.0,69387,M,,,69
201000058871,10,12,14,1415,1,2,1,1.0,6.0,69387,M,,,69
201000058872,10,12,8,1940,5,2,1,1.0,3.0,69387,M,,,69
201000058873,10,12,21,135,5,2,1,1.0,6.0,69387,M,,,69
201000058874,10,12,22,1300,1,2,2,1.0,3.0,69387,M,,,69
201000058875,10,12,22,1520,1,2,1,1.0,6.0,69387,M,,,69
201000058876,10,12,23,1440,1,2,1,2.0,4.0,69387,M,,,69
201000058877,10,12,24,2220,5,2,1,4.0,6.0,69387,M,,,69
201000058878,10,12,30,1445,1,2,1,1.0,6.0,69387,M,,,69
201000058879,10,12,8,810,1,2,1,1.0,6.0,69387,M,,,69
201000058880,10,12,10,1520,1,2,1,1.0,3.0,69387,M,,,69
201000058881,10,1,2,1100,1,2,1,1.0,6.0,69388,M,,,69
201000058882,10,1,2,1540,1,2,1,1.0,3.0,69388,M,,,69
201000058883,10,1,6,1145,1,2,1,2.0,6.0,69388,M,,,69
201000058884,10,1,6,1200,1,2,1,1.0,6.0,69388,M,,,69
201000058885,10,1,6,1330,1,2,2,8.0,6.0,69388,M,,,69
201000058886,10,2,4,850,1,2,2,1.0,6.0,69388,M,,,69
201000058887,10,1,24,145,4,2,2,1.0,6.0,69388,M,,,69
201000058888,10,1,24,1704,1,2,1,2.0,3.0,69388,M,,,69
201000058889,10,1,25,835,1,2,1,1.0,6.0,69388,M,,,69
201000058890,10,2,5,1540,1,2,2,2.0,6.0,69388,M,,,69
201000058891,10,2,9,2030,5,2,1,2.0,4.0,69388,M,,,69
201000058892,10,2,7,2040,5,2,3,1.0,3.0,69388,M,,,69
201000058893,10,1,28,1100,1,2,1,2.0,6.0,69388,M,,,69
201000058894,10,2,11,1315,1,2,1,4.0,2.0,69388,M,,,69
201000058895,10,2,1,1210,1,2,2,1.0,6.0,69388,M,,,69
201000058896,10,2,11,840,1,2,1,6.0,6.0,69388,M,,,69
201000058897,10,2,13,2020,5,2,2,9.0,3.0,69388,M,,,69
201000058898,10,2,14,1020,1,2,2,1.0,3.0,69388,M,,,69
201000058899,10,2,19,1925,4,2,1,8.0,2.0,69388,M,,,69
201000058900,10,2,25,1430,1,2,1,1.0,6.0,69388,M,,,69
201000058901,10,2,25,2045,4,2,2,1.0,3.0,69388,M,,,69
201000058902,10,3,3,2000,5,2,2,2.0,,69388,M,,,69
201000058903,10,2,17,1310,1,2,2,1.0,6.0,69388,M,,,69
201000058904,10,3,7,700,1,2,1,1.0,6.0,69388,M,,,69
201000058905,10,2,4,1630,1,2,2,1.0,6.0,69388,M,,,69
201000058906,10,3,2,1620,1,2,3,1.0,3.0,69388,M,,,69
201000058907,10,3,8,640,2,2,1,1.0,6.0,69388,M,,,69
201000058908,10,3,10,1120,1,2,2,1.0,3.0,69388,M,,,69
201000058909,10,3,12,1815,1,2,1,1.0,6.0,69388,M,,,69
201000058910,10,3,16,1850,2,2,1,1.0,6.0,69388,M,,,69
201000058911,10,3,16,2310,5,2,2,1.0,3.0,69388,M,,,69
201000058912,10,3,18,1650,1,2,2,1.0,3.0,69388,M,,,69
201000058913,10,3,23,2117,5,2,3,1.0,3.0,69388,M,,,69
201000058914,10,3,25,2040,4,2,1,1.0,6.0,69388,M,,,69
201000058915,10,4,15,1510,1,2,1,1.0,2.0,69388,M,,,69
201000058916,10,3,25,1446,1,2,1,1.0,6.0,69388,M,,,69
201000058917,10,1,26,1440,1,2,1,1.0,6.0,69388,M,,,69
201000058918,10,3,26,1545,1,2,1,1.0,4.0,69388,M,,,69
201000058919,10,3,26,2005,5,2,1,2.0,2.0,69388,M,,,69
201000058920,10,3,29,905,1,2,2,1.0,3.0,69388,M,,,69
201000058921,10,3,12,805,1,2,1,1.0,7.0,69388,M,,,69
201000058922,10,4,1,900,1,2,1,1.0,6.0,69388,M,,,69
201000058923,10,4,3,1820,1,2,1,1.0,6.0,69388,M,,,69
201000058924,10,3,16,1525,1,2,3,1.0,3.0,69388,M,,,69
201000058925,10,4,15,1240,1,2,1,1.0,6.0,69388,M,,,69
201000058926,10,4,15,2010,5,2,2,1.0,3.0,69388,M,,,69
201000058927,10,4,17,915,1,2,1,1.0,6.0,69388,M,,,69
201000058928,10,4,16,910,1,2,5,1.0,3.0,69388,M,,,69
201000058929,10,4,21,1550,1,2,2,1.0,3.0,69388,M,,,69
201000058930,10,4,28,735,2,2,4,1.0,6.0,69388,M,,,69
201000058931,10,4,25,100,5,2,1,1.0,6.0,69388,M,,,69
201000058932,10,4,27,1400,1,2,7,1.0,6.0,69388,M,,,69
201000058933,10,5,6,1645,1,2,1,1.0,6.0,69388,M,,,69
201000058934,10,5,18,1835,1,2,2,1.0,2.0,69388,M,,,69
201000058935,10,5,19,645,1,2,1,1.0,6.0,69388,M,,,69
201000058936,10,5,20,2200,5,2,1,1.0,6.0,69388,M,,,69
201000058937,10,5,22,900,1,2,1,1.0,5.0,69388,M,,,69
201000058938,10,5,21,850,1,2,2,1.0,6.0,69388,M,,,69
201000058939,10,5,25,2210,5,2,3,1.0,6.0,69388,M,,,69
201000058940,10,5,28,1300,1,2,2,1.0,6.0,69388,M,,,69
201000058941,10,5,31,1525,1,2,1,1.0,6.0,69388,M,,,69
201000058942,10,4,26,1600,1,2,2,1.0,3.0,69388,M,,,69
201000058943,10,6,2,1950,1,2,1,1.0,3.0,69388,M,,,69
201000058944,10,6,12,2230,5,2,1,1.0,6.0,69388,M,,,69
201000058945,10,6,13,1350,1,2,2,1.0,3.0,69388,M,,,69
201000058946,10,6,4,1525,1,2,1,1.0,3.0,69388,M,,,69
201000058947,10,6,16,915,1,2,1,1.0,6.0,69388,M,,,69
201000058948,10,6,16,835,1,2,1,3.0,6.0,69388,M,,,69
201000058949,10,6,6,1350,1,2,1,1.0,6.0,69388,M,,,69
201000058950,10,9,5,1830,1,2,1,1.0,6.0,69388,M,,,69
201000058951,10,6,19,2005,1,2,2,1.0,6.0,69388,M,,,69
201000058952,10,9,24,1735,1,2,2,1.0,6.0,69388,M,,,69
201000058953,10,6,22,905,1,2,2,1.0,3.0,69388,M,,,69
201000058954,10,6,29,925,1,2,1,1.0,7.0,69388,M,,,69
201000058955,10,7,7,810,1,2,1,1.0,6.0,69388,M,,,69
201000058956,10,7,3,1145,1,2,1,1.0,6.0,69388,M,,,69
201000058957,10,7,7,955,1,2,3,1.0,6.0,69388,M,,,69
201000058958,10,7,7,955,1,2,1,1.0,6.0,69388,M,4573800.0,486759.0,69
201000058959,10,7,8,1100,1,2,1,1.0,2.0,69388,M,,,69
201000058960,10,7,1,1430,1,2,2,1.0,2.0,69388,M,,,69
201000058961,10,6,28,1140,1,2,2,1.0,6.0,69388,M,,,69
201000058962,10,7,28,1840,1,2,9,1.0,3.0,69388,M,,,69
201000058963,10,7,19,815,1,2,2,1.0,6.0,69388,M,,,69
201000058964,10,6,19,1820,1,2,1,1.0,6.0,69388,M,,,69
201000058965,10,8,20,945,1,2,1,1.0,3.0,69388,M,,,69
201000058966,10,7,19,850,1,2,1,1.0,2.0,69388,M,4573380.0,487759.0,69
201000058967,10,6,24,1515,1,2,1,1.0,4.0,69388,M,,,69
201000058968,10,6,25,2006,1,2,1,1.0,6.0,69388,M,,,69
201000058969,10,8,7,1200,1,2,2,1.0,3.0,69388,M,,,69
201000058970,10,8,21,445,5,2,2,1.0,3.0,69388,M,,,69
201000058971,10,7,24,2245,5,2,2,1.0,6.0,69388,M,,,69
201000058972,10,7,24,1530,1,2,1,1.0,6.0,69388,M,,,69
201000058973,10,8,25,1615,1,2,1,1.0,6.0,69388,M,,,69
201000058974,10,8,16,1700,1,2,2,1.0,6.0,69388,M,,,69
201000058975,10,8,26,2000,1,2,1,1.0,3.0,69388,M,,,69
201000058976,10,8,16,2055,2,2,1,1.0,6.0,69388,M,,,69
201000058977,10,8,31,2040,5,2,3,1.0,3.0,69388,M,,,69
201000058978,10,7,13,1140,1,2,2,1.0,3.0,69388,M,,,69
201000058979,10,7,13,2000,1,2,1,1.0,6.0,69388,M,,,69
201000058980,10,7,15,1420,1,2,1,1.0,3.0,69388,M,,,69
201000058981,10,8,2,2000,1,2,3,1.0,3.0,69388,M,,,69
201000058982,10,9,1,1750,1,2,2,1.0,3.0,69388,M,4572800.0,488266.0,69
201000058983,10,7,30,2250,4,2,1,1.0,6.0,69388,M,,,69
201000058984,10,8,7,2345,5,2,2,1.0,3.0,69388,M,,,69
201000058985,10,9,15,1506,1,2,2,1.0,3.0,69388,M,,,69
201000058986,10,12,28,1230,1,2,1,1.0,3.0,69388,M,,,69
201000058987,10,9,9,1145,1,2,1,1.0,6.0,69388,M,4573450.0,485333.0,69
201000058988,10,9,24,1945,5,2,2,1.0,3.0,69388,M,4572970.0,485368.0,69
201000058989,10,10,7,2145,5,2,1,1.0,6.0,69388,M,,,69
201000058990,10,10,7,735,2,2,3,1.0,6.0,69388,M,,,69
201000058991,10,10,8,1300,1,2,1,1.0,6.0,69388,M,,,69
201000058992,10,7,23,815,1,2,2,1.0,3.0,69388,M,,,69
201000058993,10,10,11,1245,1,2,2,1.0,3.0,69388,M,,,69
201000058994,10,10,20,1545,1,2,2,1.0,3.0,69388,M,,,69
201000058995,10,10,23,1850,5,2,3,1.0,3.0,69388,M,,,69
201000058996,10,10,26,720,1,2,1,1.0,6.0,69388,M,,,69
201000058997,10,10,27,1350,1,2,3,1.0,6.0,69388,M,,,69
201000058998,10,10,16,1250,1,2,2,1.0,2.0,69388,M,4574300.0,487688.0,69
201000058999,10,10,29,2100,5,2,1,1.0,6.0,69388,M,,,69
201000059000,10,10,6,1145,1,1,2,1.0,6.0,69388,M,,,69
201000059001,10,11,11,2200,5,2,2,2.0,3.0,69388,M,,,69
201000059002,10,11,2,1750,5,2,2,1.0,6.0,69388,M,4573330.0,487915.0,69
201000059003,10,11,12,1105,1,2,1,1.0,3.0,69388,M,,,69
201000059004,10,11,13,1345,1,2,3,1.0,1.0,69388,M,,,69
201000059005,10,11,16,1750,1,2,2,1.0,6.0,69388,M,,,69
201000059006,10,11,17,1930,5,2,1,1.0,2.0,69388,M,,,69
201000059007,10,11,17,2300,5,2,9,1.0,7.0,69388,M,,,69
201000059008,10,11,15,1820,2,2,3,1.0,3.0,69388,M,4574320.0,487534.0,69
201000059009,10,11,25,1500,1,2,1,2.0,6.0,69388,M,4574540.0,486526.0,69
201000059010,10,11,26,1600,1,2,3,1.0,3.0,69388,M,,,69
201000059011,10,11,29,1505,1,2,3,1.0,3.0,69388,M,4574340.0,487426.0,69
201000059012,10,11,16,1900,5,2,1,1.0,6.0,69388,M,,,69
201000059013,10,9,14,830,1,2,2,1.0,6.0,69388,M,,,69
201000059014,10,12,7,10,5,2,1,2.0,6.0,69388,M,,,69
201000059015,10,10,31,1030,1,2,1,1.0,6.0,69388,M,,,69
201000059016,10,12,11,1400,1,2,2,1.0,6.0,69388,M,,,69
201000059017,10,12,15,1715,5,2,1,1.0,6.0,69383,M,,,69
201000059018,10,12,18,1620,1,1,1,1.0,6.0,69388,M,,,69
201000059019,10,12,23,1825,5,2,1,1.0,6.0,69388,M,,,69
201000059020,10,12,23,1710,5,2,2,3.0,1.0,69388,M,,,69
201000059021,10,11,18,1635,1,2,1,1.0,6.0,69388,M,4574830.0,486338.0,69
201000059022,10,1,4,1115,1,1,1,8.0,3.0,42307,M,,,42
201000059023,10,1,8,1345,1,1,1,4.0,2.0,42186,M,,,42
201000059024,10,1,13,740,5,1,1,1.0,3.0,42330,M,,,42
201000059025,10,1,9,1520,1,1,1,4.0,6.0,42044,M,,,42
201000059026,10,2,1,230,3,1,1,9.0,3.0,69236,M,,,69
201000059027,10,1,31,1720,1,1,1,1.0,1.0,42207,M,,,42
201000059028,10,2,4,1200,1,1,1,1.0,7.0,42183,M,,,42
201000059029,10,2,7,1125,1,1,1,1.0,6.0,42123,M,,,42
201000059030,10,2,3,1745,2,1,1,1.0,4.0,42183,M,,,42
201000059031,10,2,9,830,1,1,1,4.0,7.0,42207,M,,,42
201000059032,10,2,15,635,3,1,1,1.0,3.0,42207,M,,,42
201000059033,10,2,17,2350,3,1,1,1.0,6.0,42207,M,,,42
201000059034,10,2,17,1430,1,1,1,1.0,6.0,42044,M,,,42
201000059035,10,2,23,855,1,1,1,1.0,7.0,42237,M,,,42
201000059036,10,2,27,1700,1,1,1,2.0,6.0,42207,M,,,42
201000059037,10,3,5,945,1,1,1,1.0,3.0,69091,M,,,69
201000059038,10,3,7,1600,1,1,1,4.0,3.0,42183,M,,,42
201000059039,10,3,17,1745,1,1,1,1.0,4.0,42218,M,,,42
201000059040,10,3,17,840,1,1,1,1.0,2.0,42097,M,,,42
201000059041,10,3,22,845,1,1,1,1.0,7.0,42186,M,,,42
201000059042,10,3,27,145,3,1,1,1.0,3.0,42225,M,,,42
201000059043,10,4,4,1040,1,1,1,1.0,6.0,42097,M,,,42
201000059044,10,4,3,700,1,1,1,1.0,3.0,42103,M,,,42
201000059045,10,4,12,1000,1,1,1,1.0,2.0,42218,M,,,42
201000059046,10,4,9,745,1,1,1,5.0,2.0,42218,M,,,42
201000059047,10,4,15,1135,1,1,1,1.0,2.0,42183,M,,,42
201000059048,10,4,17,1120,1,1,1,1.0,7.0,69091,M,,,69
201000059049,10,4,29,755,1,1,1,1.0,2.0,42218,M,,,42
201000059050,10,5,6,2045,2,1,1,2.0,3.0,42044,M,,,42
201000059051,10,5,11,640,1,1,1,3.0,6.0,42186,M,,,42
201000059052,10,5,30,1935,1,1,1,1.0,7.0,42307,M,,,42
201000059053,10,6,3,1540,1,1,1,1.0,6.0,42218,M,,,42
201000059054,10,6,4,1215,1,1,1,1.0,2.0,42097,M,,,42
201000059055,10,5,29,1725,1,1,1,1.0,7.0,42095,M,,,42
201000059056,10,6,6,1745,1,1,1,2.0,4.0,69091,M,,,69
201000059057,10,6,7,1230,1,1,1,1.0,2.0,42330,M,,,42
201000059058,10,6,9,1725,1,1,1,1.0,6.0,42218,M,,,42
201000059059,10,6,10,2010,1,1,1,2.0,2.0,42237,M,,,42
201000059060,10,6,11,1140,1,1,1,1.0,2.0,42186,M,,,42
201000059061,10,6,14,825,1,1,1,1.0,2.0,42218,M,,,42
201000059062,10,6,17,2020,1,1,1,2.0,6.0,42110,M,,,42
201000059063,10,6,19,1301,1,1,1,3.0,7.0,42186,M,,,42
201000059064,10,6,19,2135,3,1,1,2.0,7.0,42237,M,,,42
201000059065,10,6,22,1625,1,1,1,1.0,4.0,42218,M,,,42
201000059066,10,6,23,625,1,1,1,1.0,4.0,42103,M,,,42
201000059067,10,6,29,1745,1,1,1,1.0,3.0,69091,M,,,69
201000059068,10,7,2,1300,1,1,1,1.0,2.0,42103,M,,,42
201000059069,10,7,8,1715,1,1,1,1.0,2.0,42123,M,,,42
201000059070,10,7,12,2210,4,1,1,2.0,3.0,42218,M,,,42
201000059071,10,7,15,1740,1,1,1,1.0,2.0,42218,M,,,42
201000059072,10,7,22,620,2,1,1,1.0,2.0,42207,M,,,42
201000059073,10,7,27,725,1,1,1,2.0,3.0,42097,M,,,42
201000059074,10,8,7,1545,1,1,1,1.0,7.0,42218,M,,,42
201000059075,10,8,17,1535,1,1,1,1.0,2.0,42207,M,,,42
201000059076,10,8,20,1320,1,1,1,1.0,6.0,42207,M,,,42
201000059077,10,8,20,1705,1,1,1,1.0,2.0,69091,M,,,69
201000059078,10,8,20,1815,1,1,1,1.0,2.0,42218,M,,,42
201000059079,10,8,22,1435,1,1,1,1.0,6.0,42186,M,,,42
201000059080,10,9,7,2215,3,1,1,3.0,6.0,42186,M,,,42
201000059081,10,9,9,2350,3,1,1,2.0,6.0,42184,M,,,42
201000059082,10,9,12,1855,1,1,1,1.0,7.0,42237,M,,,42
201000059083,10,9,12,1845,1,1,1,1.0,3.0,42044,M,,,42
201000059084,10,9,14,1750,1,1,1,1.0,3.0,42237,M,,,42
201000059085,10,9,16,1740,1,1,1,1.0,5.0,42218,M,,,42
201000059086,10,9,15,1845,1,1,1,1.0,4.0,42218,M,,,42
201000059087,10,9,19,2000,5,1,1,1.0,4.0,42207,M,,,42
201000059088,10,9,25,1235,1,1,1,1.0,7.0,42183,M,,,42
201000059089,10,9,25,1305,1,1,1,2.0,7.0,42330,M,,,42
201000059090,10,9,22,940,1,1,1,1.0,2.0,42207,M,,,42
201000059091,10,10,2,1945,3,1,1,1.0,4.0,42207,M,,,42
201000059092,10,10,4,1845,1,1,1,1.0,7.0,42110,M,,,42
201000059093,10,10,6,1800,1,1,1,1.0,5.0,42103,M,,,42
201000059094,10,10,16,1435,1,1,1,1.0,2.0,42218,M,,,42
201000059095,10,10,16,2130,3,1,1,2.0,5.0,42237,M,,,42
201000059096,10,10,18,625,2,1,1,2.0,5.0,42207,M,,,42
201000059097,10,10,22,2115,3,1,1,1.0,4.0,42218,M,,,42
201000059098,10,10,24,1550,1,1,1,2.0,6.0,69091,M,,,69
201000059099,10,10,28,1445,1,1,1,1.0,4.0,42218,M,,,42
201000059100,10,10,29,2045,3,1,1,1.0,6.0,42095,M,,,42
201000059101,10,10,30,1620,1,1,1,2.0,6.0,42110,M,,,42
201000059102,10,10,30,1720,1,1,1,2.0,6.0,42207,M,,,42
201000059103,10,11,5,1830,3,1,1,1.0,5.0,42097,M,,,42
201000059104,10,11,6,1525,1,1,1,1.0,7.0,42186,M,,,42
201000059105,10,11,9,1750,3,1,1,1.0,4.0,42218,M,,,42
201000059106,10,11,20,235,5,1,1,1.0,6.0,42218,M,,,42
201000059107,10,11,22,1715,3,1,1,1.0,4.0,42237,M,,,42
201000059108,10,12,6,1435,1,1,1,1.0,3.0,42330,M,,,42
201000059109,10,12,10,1320,1,1,1,1.0,6.0,69236,M,,,69
201000059110,10,12,10,1920,3,1,1,1.0,4.0,42097,M,,,42
201000059111,10,12,11,350,3,1,1,1.0,7.0,42095,M,,,42
201000059112,10,12,16,1450,1,1,1,8.0,4.0,42330,M,,,42
201000059113,10,12,17,1955,3,1,1,4.0,3.0,42237,M,,,42
201000059114,10,12,22,1905,3,1,1,1.0,2.0,42237,M,,,42
201000059115,10,1,1,1050,1,1,1,2.0,6.0,69152,M,,,69
201000059116,10,1,1,1130,1,1,1,2.0,6.0,69382,M,,,69
201000059117,10,1,2,1800,5,1,1,1.0,3.0,69266,M,,,69
201000059118,10,1,4,1030,1,1,1,4.0,7.0,69272,M,,,69
201000059119,10,1,5,800,2,1,1,4.0,7.0,01248,M,,,01
201000059120,10,1,6,730,3,1,1,1.0,6.0,38544,M,4554530.0,483974.0,38
201000059121,10,1,6,1800,2,1,1,1.0,4.0,69072,M,,,69
201000059122,10,1,7,1515,1,1,1,1.0,2.0,69272,M,,,69
201000059123,10,1,7,1530,1,1,1,1.0,7.0,38449,M,4565400.0,509609.0,38
201000059124,10,1,10,630,5,1,1,4.0,2.0,69275,M,,,69
201000059125,10,1,12,440,5,1,1,8.0,2.0,69152,M,,,69
201000059126,10,1,14,500,3,1,1,1.0,2.0,69029,M,,,69
201000059127,10,1,15,740,2,1,1,2.0,7.0,69266,M,,,69
201000059128,10,1,15,1355,1,1,1,1.0,2.0,69290,M,,,69
201000059129,10,6,19,615,1,1,1,1.0,6.0,69152,M,,,69
201000059130,10,1,17,450,3,1,1,2.0,7.0,69271,M,,,69
201000059131,10,1,18,820,1,1,1,1.0,4.0,69266,M,,,69
201000059132,10,1,19,830,2,1,1,5.0,4.0,69029,M,,,69
201000059133,10,1,22,1930,3,1,1,1.0,6.0,69009,M,,,69
201000059134,10,1,25,230,3,1,1,2.0,6.0,38336,M,4549240.0,483376.0,38
201000059135,10,1,25,543,5,1,1,1.0,7.0,69256,M,,,69
201000059136,10,1,25,745,2,1,1,2.0,3.0,69290,M,,,69
201000059137,10,1,25,1445,1,1,1,1.0,2.0,69297,M,,,69
201000059138,10,1,26,1350,1,1,1,8.0,5.0,69199,M,,,69
201000059139,10,1,28,1455,1,1,1,4.0,2.0,69382,M,,,69
201000059140,10,1,29,545,3,1,1,1.0,5.0,69278,M,,,69
201000059141,10,1,26,1930,3,1,1,1.0,2.0,69029,M,,,69
201000059142,10,1,31,2145,3,1,1,4.0,2.0,01248,M,,,01
201000059143,10,2,1,645,2,1,1,1.0,3.0,69152,M,,,69
201000059144,10,2,1,1640,1,1,1,1.0,3.0,69297,M,,,69
201000059145,10,2,2,1840,3,1,1,1.0,2.0,01105,M,,,01
201000059146,10,1,28,1750,5,1,1,1.0,2.0,01275,M,,,01
201000059147,10,2,4,55,5,1,1,1.0,3.0,69266,M,,,69
201000059148,10,2,5,2125,3,1,1,1.0,1.0,01238,M,,,01
201000059149,10,2,6,440,5,1,1,1.0,6.0,69382,M,,,69
201000059150,10,2,6,1045,1,1,1,2.0,6.0,69029,M,,,69
201000059151,10,2,6,1645,1,1,1,2.0,3.0,69199,M,,,69
201000059152,10,2,7,615,3,1,1,1.0,7.0,69033,M,,,69
201000059153,10,2,7,625,3,1,1,1.0,7.0,69199,M,,,69
201000059154,10,2,7,1330,1,1,1,1.0,7.0,69283,M,,,69
201000059155,10,2,7,1750,1,1,1,1.0,6.0,38336,M,4549600.0,483797.0,38
201000059156,10,2,9,1320,1,1,1,4.0,6.0,69278,M,,,69
201000059157,10,2,10,850,1,1,1,4.0,6.0,69029,M,,,69
201000059158,10,2,10,1230,1,1,1,8.0,3.0,69027,M,,,69
201000059159,10,2,10,1725,1,1,1,1.0,3.0,69382,M,,,69
201000059160,10,2,11,1515,1,1,1,1.0,3.0,69259,M,,,69
201000059161,10,2,13,700,2,1,1,1.0,1.0,38544,M,4549950.0,484251.0,38
201000059162,10,2,15,745,1,1,1,1.0,4.0,69029,M,,,69
201000059163,10,2,15,745,1,1,1,1.0,3.0,38487,M,4555230.0,482954.0,38
201000059164,10,2,15,1000,1,1,1,1.0,2.0,38184,M,,,38
201000059165,10,2,15,2045,5,1,1,1.0,4.0,69382,M,,,69
201000059166,10,2,16,1130,1,1,1,1.0,6.0,69005,M,,,69
201000059167,10,2,18,730,1,1,1,2.0,2.0,69029,M,,,69
201000059168,10,2,19,1200,1,1,1,2.0,3.0,69149,M,,,69
201000059169,10,2,20,1230,1,1,1,1.0,7.0,38487,M,4555160.0,483033.0,38
201000059170,10,2,20,1640,1,1,1,1.0,2.0,69029,M,,,69
201000059171,10,2,22,1213,1,1,1,1.0,3.0,38544,M,4554270.0,485321.0,38
201000059172,10,2,23,2030,3,1,1,1.0,3.0,69275,M,,,69
201000059173,10,2,25,1210,1,1,1,2.0,6.0,69029,M,,,69
201000059174,10,2,26,1353,1,1,1,1.0,3.0,69297,M,,,69
201000059175,10,2,27,625,4,1,1,1.0,3.0,69276,M,,,69
201000059176,10,3,2,825,1,1,1,1.0,2.0,69029,M,,,69
201000059177,10,3,2,920,1,1,1,1.0,4.0,69385,M,,,69
201000059178,10,3,2,1045,1,1,1,1.0,2.0,69385,M,,,69
201000059179,10,3,2,2010,4,1,1,1.0,7.0,69286,M,,,69
201000059180,10,3,3,820,1,1,1,1.0,6.0,69204,M,,,69
201000059181,10,3,3,1110,1,1,1,1.0,3.0,69290,M,,,69
201000059182,10,3,5,1700,1,1,1,1.0,4.0,69029,M,,,69
201000059183,10,3,7,435,3,1,1,1.0,3.0,69297,M,,,69
201000059184,10,3,8,1630,1,1,1,1.0,4.0,69382,M,,,69
201000059185,10,3,10,810,1,1,1,1.0,6.0,69009,M,,,69
201000059186,10,3,10,1500,1,1,1,1.0,7.0,69081,M,,,69
201000059187,10,3,11,715,1,1,1,1.0,2.0,69259,M,,,69
201000059188,10,3,11,2145,5,1,1,4.0,7.0,69259,M,,,69
201000059189,10,3,12,635,2,1,1,1.0,6.0,69290,M,,,69
201000059190,10,3,12,650,1,1,1,1.0,6.0,69275,M,,,69
201000059191,10,3,13,1505,1,1,1,1.0,2.0,69029,M,,,69
201000059192,10,3,14,1015,1,1,1,1.0,3.0,69281,M,,,69
201000059193,10,3,14,1010,1,1,1,1.0,2.0,69297,M,,,69
201000059194,10,3,15,1145,1,1,1,1.0,3.0,69029,M,,,69
201000059195,10,3,15,1800,1,1,1,1.0,3.0,69382,M,,,69
201000059196,10,3,23,740,2,1,1,1.0,6.0,69382,M,,,69
201000059197,10,3,21,1107,1,1,1,1.0,6.0,69142,M,,,69
201000059198,10,3,17,1705,1,1,1,1.0,4.0,69266,M,,,69
201000059199,10,3,18,850,1,1,1,1.0,2.0,69382,M,,,69
201000059200,10,3,18,955,1,1,1,1.0,2.0,69382,M,,,69
201000059201,10,3,19,1230,1,1,1,1.0,5.0,69382,M,,,69
201000059202,10,3,21,215,5,1,1,2.0,7.0,69290,M,,,69
201000059203,10,3,22,2145,5,1,1,1.0,2.0,69382,M,,,69
201000059204,10,3,23,28,3,1,1,1.0,3.0,69290,M,,,69
201000059205,10,3,26,1115,1,1,1,2.0,5.0,69288,M,,,69
201000059206,10,3,26,1630,1,1,1,1.0,2.0,69152,M,,,69
201000059207,10,3,27,1525,1,1,1,1.0,1.0,69266,M,,,69
201000059208,10,3,28,130,5,1,1,1.0,7.0,69009,M,,,69
201000059209,10,3,28,1410,1,1,1,1.0,2.0,69081,M,,,69
201000059210,10,3,30,1050,1,1,1,3.0,6.0,69286,M,,,69
201000059211,10,3,30,1320,1,1,1,1.0,3.0,69382,M,,,69
201000059212,10,3,30,1355,1,1,1,1.0,4.0,69275,M,,,69
201000059213,10,3,30,1410,1,1,1,1.0,3.0,69266,M,,,69
201000059214,10,4,1,130,3,1,1,2.0,6.0,69276,M,,,69
201000059215,10,4,2,605,4,1,1,1.0,3.0,69266,M,,,69
201000059216,10,4,2,1450,1,1,1,1.0,2.0,69297,M,,,69
201000059217,10,4,4,540,4,1,1,1.0,6.0,69029,M,,,69
201000059218,10,4,6,705,1,1,1,1.0,6.0,38544,M,4554500.0,484029.0,38
201000059219,10,4,7,800,1,1,1,1.0,4.0,69199,M,,,69
201000059220,10,4,8,720,2,1,1,2.0,2.0,69152,M,,,69
201000059221,10,4,9,400,5,1,1,1.0,1.0,69385,M,,,69
201000059222,10,4,10,1050,1,1,1,1.0,2.0,69382,M,,,69
201000059223,10,4,10,1530,1,1,1,1.0,4.0,69290,M,,,69
201000059224,10,4,11,930,1,1,1,1.0,2.0,69149,M,,,69