Num_Acc,an,mois,jour,hrmn,lum,agg,int,atm,col,com,gps,lat,long,dep
201000059924,10,8,3,1700,1,1,1,1.0,4.0,13070,M,4328610.0,551005.0,13
201000059925,10,8,3,1930,1,1,1,1.0,6.0,13001,M,4349250.0,540691.0,13
201000059926,10,8,5,2240,3,1,1,1.0,2.0,13043,M,4338100.0,522520.0,13
201000059927,10,8,7,1935,1,1,1,1.0,2.0,13211,M,4329140.0,548315.0,13
201000059928,10,8,12,1914,1,1,1,1.0,6.0,13043,M,4338100.0,522520.0,13
201000059929,10,8,9,1520,1,1,1,1.0,4.0,13005,M,4328550.0,552668.0,13
201000059930,10,8,10,220,3,1,1,1.0,7.0,13106,M,4339900.0,535349.0,13
201000059931,10,8,8,1930,1,1,1,1.0,2.0,13215,M,4337500.0,536045.0,13
201000059932,10,8,19,1940,1,1,1,1.0,6.0,13056,M,4339830.0,508067.0,13
201000059933,10,8,20,930,1,1,1,1.0,6.0,13022,M,4323620.0,558974.0,13
201000059934,10,8,25,1845,1,1,1,1.0,4.0,13215,M,4338150.0,535189.0,13
201000059935,10,8,26,245,5,1,1,1.0,7.0,13215,M,4334920.0,536951.0,13
201000059936,10,8,26,1200,1,1,1,1.0,7.0,13203,M,4332110.0,537608.0,13
201000059937,10,8,27,915,1,1,1,1.0,7.0,13033,M,4338040.0,520845.0,13
201000059938,10,8,28,810,1,1,1,1.0,2.0,13056,M,4339960.0,509582.0,13
201000059939,10,8,26,920,1,1,1,1.0,3.0,13215,M,4332770.0,535784.0,13
201000059940,10,8,31,1000,1,1,1,1.0,2.0,13215,M,4334080.0,537662.0,13
201000059941,10,8,31,1635,1,1,1,1.0,2.0,13215,M,4335960.0,536208.0,13
201000059942,10,9,3,550,5,1,1,1.0,6.0,13210,M,,,13
201000059943,10,9,3,1610,1,1,1,1.0,4.0,13211,M,4329120.0,545055.0,13
201000059944,10,9,4,115,3,1,1,1.0,6.0,13117,M,4341740.0,527463.0,13
201000059945,10,9,5,245,3,1,1,1.0,3.0,13015,M,4346810.0,540719.0,13
201000059946,10,9,6,1955,1,1,1,1.0,7.0,13071,M,4339140.0,526925.0,13
201000059947,10,9,6,2240,3,1,1,2.0,7.0,13056,M,4339450.0,505137.0,13
201000059948,10,9,8,800,1,1,1,1.0,6.0,13214,M,4332530.0,537833.0,13
201000059949,10,9,8,1625,1,1,1,1.0,4.0,13202,M,,,13
201000059950,10,9,9,800,1,1,1,1.0,3.0,13015,M,4344470.0,539604.0,13
201000059951,10,9,9,2255,5,1,1,1.0,7.0,13210,M,4328460.0,540726.0,13
201000059952,10,9,10,815,1,1,1,1.0,6.0,13210,M,,,13
201000059953,10,9,12,200,3,1,1,1.0,6.0,13071,M,4340870.0,528669.0,13
201000059954,10,9,12,655,2,1,1,1.0,3.0,13215,M,4337510.0,536043.0,13
201000059955,10,9,13,745,1,1,1,1.0,2.0,13071,M,4341190.0,528240.0,13
201000059956,10,9,13,1745,1,1,1,1.0,6.0,13215,M,4333880.0,534850.0,13
201000059957,10,9,10,1850,1,1,1,1.0,4.0,13211,M,4329460.0,546178.0,13
201000059958,10,9,14,745,1,1,1,1.0,4.0,13088,M,4338650.0,524135.0,13
201000059959,10,9,14,2130,3,1,1,1.0,2.0,13022,M,4323660.0,559008.0,13
201000059960,10,9,15,1520,1,1,1,1.0,2.0,13015,M,4342940.0,539511.0,13
201000059961,10,9,15,1630,1,1,1,1.0,4.0,13211,M,4329120.0,545055.0,13
201000059962,10,9,17,1714,1,1,1,1.0,6.0,13071,M,4339930.0,529312.0,13
201000059963,10,10,13,110,3,1,1,1.0,6.0,13005,M,4328720.0,553930.0,13
201000059964,10,9,19,1830,1,1,1,1.0,2.0,13214,M,4332800.0,537815.0,13
201000059965,10,9,21,940,1,1,1,1.0,4.0,13210,M,,,13
201000059966,10,9,22,1255,1,1,1,1.0,7.0,13106,M,4340780.0,536298.0,13
201000059967,10,9,22,1700,1,1,1,1.0,2.0,13202,M,4332500.0,536167.0,13
201000059968,10,9,24,1710,1,1,1,1.0,6.0,13056,M,4339870.0,508682.0,13
201000059969,10,9,25,1520,1,1,1,1.0,3.0,13117,M,4342510.0,526461.0,13
201000059970,10,9,28,1630,1,1,1,1.0,4.0,13203,M,4331900.0,536806.0,13
201000059971,10,9,30,720,2,1,1,1.0,2.0,13214,M,4333530.0,537729.0,13
201000059972,10,10,1,620,3,1,1,1.0,7.0,13015,M,4345240.0,539665.0,13
201000059973,10,10,2,2345,5,1,1,1.0,3.0,13214,M,4333440.0,537740.0,13
201000059974,10,10,2,952,1,1,1,1.0,4.0,13202,M,,,13
201000059975,10,10,2,1700,1,1,1,1.0,4.0,13071,M,4340620.0,533487.0,13
201000059976,10,10,5,400,3,1,1,2.0,6.0,13071,M,4339390.0,528071.0,13
201000059977,10,10,5,1855,2,1,1,1.0,2.0,13015,M,4343400.0,539496.0,13
201000059978,10,10,9,1125,1,1,1,1.0,2.0,13211,M,4328680.0,543592.0,13
201000059979,10,10,8,2040,3,1,1,1.0,4.0,13019,M,4342140.0,536983.0,13
201000059980,10,10,10,1530,1,1,1,8.0,7.0,13015,M,4343230.0,539376.0,13
201000059981,10,10,10,1845,1,1,1,2.0,3.0,13005,M,4328800.0,554524.0,13
201000059982,10,10,12,645,4,1,1,1.0,7.0,13005,M,4328170.0,558415.0,13
201000059983,10,10,12,920,1,1,1,1.0,7.0,13106,M,4339570.0,535167.0,13
201000059984,10,10,13,840,1,1,1,2.0,3.0,13071,M,4340260.0,534583.0,13
201000059985,10,10,13,1925,3,1,1,1.0,2.0,13215,M,4338150.0,535189.0,13
201000059986,10,10,14,726,1,1,1,1.0,4.0,13071,M,4341180.0,528243.0,13
201000059987,10,10,17,1740,1,1,1,1.0,4.0,13214,M,4333440.0,537740.0,13
201000059988,10,10,14,1630,1,1,1,1.0,2.0,13202,M,4331710.0,536386.0,13
201000059989,10,10,15,810,1,1,1,1.0,2.0,13215,M,4336140.0,536144.0,13
201000059990,10,10,15,745,1,1,1,1.0,7.0,13215,M,4336550.0,536057.0,13
201000059991,10,10,15,855,1,1,1,1.0,2.0,13001,M,4351020.0,541695.0,13
201000059992,10,10,15,1710,1,1,1,1.0,2.0,13214,M,4331890.0,537742.0,13
201000059993,10,10,17,1755,1,1,1,1.0,7.0,13022,M,4322820.0,558342.0,13
201000059994,10,10,17,1650,1,1,1,1.0,4.0,13106,M,4340210.0,535588.0,13
201000059995,10,10,17,1830,1,1,1,1.0,2.0,13071,M,4341180.0,528245.0,13
201000059996,10,10,19,1115,1,1,1,1.0,3.0,13202,M,,,13
201000059997,10,10,20,731,1,1,1,1.0,5.0,13211,M,4328820.0,549933.0,13
201000059998,10,10,20,1800,1,1,1,1.0,4.0,13214,M,4332350.0,537812.0,13
201000059999,10,9,23,1345,1,1,1,1.0,6.0,13071,M,4339720.0,529813.0,13
201000060000,10,10,21,1125,1,1,1,1.0,2.0,13005,M,4327820.0,558539.0,13
201000060001,10,10,21,1950,3,1,1,1.0,6.0,13215,M,4337500.0,536045.0,13
201000060002,10,10,22,1415,1,1,1,1.0,2.0,13071,M,4339350.0,530013.0,13
201000060003,10,10,22,2100,3,1,1,1.0,3.0,13019,M,4342660.0,538125.0,13
201000060004,10,10,24,2006,3,1,1,2.0,6.0,13019,M,4342630.0,538021.0,13
201000060005,10,10,27,1630,1,1,1,1.0,4.0,13071,M,4341180.0,528245.0,13
201000060006,10,10,30,1445,1,1,1,3.0,7.0,13085,M,4326480.0,558748.0,13
201000060007,10,10,30,2335,3,1,1,2.0,6.0,13215,M,4333610.0,535215.0,13
201000060008,10,11,1,900,1,1,1,2.0,7.0,13071,M,4339910.0,529431.0,13
201000060009,10,11,1,1015,1,1,1,2.0,6.0,13005,M,4328250.0,557754.0,13
201000060010,10,11,1,1220,1,1,1,3.0,7.0,13026,M,4337820.0,517003.0,13
201000060011,10,11,2,645,1,1,1,2.0,6.0,13216,M,4335510.0,534785.0,13
201000060012,10,11,2,726,1,1,1,8.0,2.0,13071,M,4341810.0,536603.0,13
201000060013,10,11,2,720,2,1,1,1.0,2.0,13215,M,4336590.0,536060.0,13
201000060014,10,11,2,656,2,1,1,3.0,6.0,13216,M,4335070.0,534718.0,13
201000060015,10,11,2,830,1,1,1,1.0,6.0,13216,M,4333840.0,534860.0,13
201000060016,10,10,30,1800,3,1,1,3.0,2.0,13081,M,4348920.0,524052.0,13
201000060017,10,11,2,1700,2,1,1,1.0,2.0,13022,M,4322570.0,558232.0,13
201000060018,10,11,5,2016,5,1,1,1.0,2.0,13214,M,4333260.0,537760.0,13
201000060019,10,11,7,20,4,1,1,1.0,6.0,13216,M,4334020.0,534825.0,13
201000060020,10,11,7,2020,5,1,1,1.0,5.0,13214,M,4332530.0,537833.0,13
201000060021,10,11,7,705,3,1,1,1.0,6.0,13056,M,4339790.0,507530.0,13
201000060022,10,11,8,930,1,1,1,1.0,4.0,13081,M,4348660.0,524089.0,13
201000060023,10,11,8,2225,3,1,1,2.0,6.0,13022,M,4321520.0,558214.0,13
201000060024,10,11,9,1715,2,1,1,1.0,2.0,13071,M,4341060.0,528406.0,13
201000060025,10,11,10,940,1,1,1,2.0,7.0,13214,M,4332350.0,537812.0,13
201000060026,10,11,10,850,1,1,1,8.0,3.0,13216,M,4335850.0,534461.0,13
201000060027,10,11,10,1630,1,1,1,1.0,3.0,13215,M,4334930.0,536943.0,13
201000060028,10,11,13,128,5,1,1,1.0,6.0,13206,M,,,13
201000060029,10,11,16,915,1,1,1,2.0,7.0,13056,M,4340110.0,504326.0,13
201000060030,10,11,18,1920,5,1,1,1.0,4.0,13214,M,4333260.0,537760.0,13
201000060031,10,11,19,725,1,1,1,1.0,3.0,13215,M,4334720.0,537187.0,13
201000060032,10,11,19,1930,3,1,1,1.0,4.0,13106,M,4339060.0,535104.0,13
201000060033,10,11,21,245,5,1,1,8.0,6.0,13210,M,4328460.0,540811.0,13
201000060034,10,11,21,420,3,1,1,2.0,6.0,13005,M,4328300.0,557998.0,13
201000060035,10,11,21,2120,3,1,1,1.0,6.0,13015,M,4342890.0,539141.0,13
201000060036,10,11,9,1055,1,1,1,1.0,2.0,13210,M,,,13
201000060037,10,11,22,1600,1,1,1,1.0,7.0,13071,M,4341350.0,536449.0,13
201000060038,10,11,22,1845,5,1,1,1.0,2.0,13210,M,4328550.0,542630.0,13
201000060039,10,11,23,1735,3,1,1,1.0,3.0,13203,M,4331710.0,537714.0,13
201000060040,10,11,23,1915,5,1,1,1.0,4.0,13117,M,4344070.0,524833.0,13
201000060041,10,11,21,1821,3,1,1,8.0,4.0,13071,M,4340910.0,536359.0,13
201000060042,10,11,24,2200,5,1,1,1.0,7.0,13005,M,4330860.0,559187.0,13
201000060043,10,11,25,840,1,1,1,1.0,3.0,13210,M,4328460.0,540821.0,13
201000060044,10,11,25,835,1,1,1,1.0,2.0,13215,M,4337880.0,535500.0,13
201000060045,10,11,25,805,1,1,1,1.0,2.0,13056,M,4340920.0,503640.0,13
201000060046,10,11,24,1220,1,1,1,1.0,4.0,13070,M,4328590.0,551121.0,13
201000060047,10,11,26,737,1,1,1,1.0,6.0,13001,M,4350750.0,541189.0,13
201000060048,10,11,26,120,5,1,1,9.0,7.0,13203,M,4332400.0,537778.0,13
201000060049,10,11,27,100,3,1,1,1.0,6.0,13026,M,4338750.0,514486.0,13
201000060050,10,11,26,1615,1,1,1,1.0,4.0,13211,M,4328980.0,544673.0,13
201000060051,10,11,26,1730,2,1,1,1.0,2.0,13210,M,4328450.0,540690.0,13
201000060052,10,11,27,1140,1,1,1,2.0,2.0,13043,M,4338100.0,522520.0,13
201000060053,10,11,28,1140,1,1,1,2.0,6.0,13203,M,4332290.0,537749.0,13
201000060054,10,11,28,1210,1,1,1,1.0,4.0,13019,M,4342410.0,537484.0,13
201000060055,10,12,3,1420,1,1,1,1.0,4.0,13214,M,4333260.0,537760.0,13
201000060056,10,12,4,1810,3,1,1,1.0,2.0,13214,M,4332350.0,537812.0,13
201000060057,10,12,5,1513,1,1,1,2.0,6.0,13211,M,4329330.0,547377.0,13
201000060058,10,12,5,2120,4,1,1,2.0,6.0,13216,M,4335490.0,534799.0,13
201000060059,10,12,4,1130,1,1,1,1.0,7.0,13056,M,4339830.0,508067.0,13
201000060060,10,12,8,1650,1,1,1,1.0,7.0,13215,M,4335700.0,536290.0,13
201000060061,10,12,11,1825,5,1,1,1.0,2.0,13215,M,4338250.0,535151.0,13
201000060062,10,12,12,825,2,1,1,1.0,6.0,13071,M,4340360.0,530490.0,13
201000060063,10,12,12,2015,3,1,1,1.0,6.0,13211,M,4328930.0,549365.0,13
201000060064,10,12,13,1847,3,1,1,1.0,2.0,13214,M,4332350.0,537812.0,13
201000060065,10,12,14,1455,1,1,1,1.0,5.0,13005,M,4328780.0,554340.0,13
201000060066,10,12,14,2305,3,1,1,1.0,6.0,13015,M,4344290.0,539613.0,13
201000060067,10,12,16,1550,1,1,1,1.0,6.0,13005,M,4330050.0,556505.0,13
201000060068,10,12,20,845,1,1,1,1.0,2.0,13202,M,4331670.0,536408.0,13
201000060069,10,12,17,1003,1,1,1,1.0,5.0,13071,M,4341270.0,536429.0,13
201000060070,10,12,17,1735,3,1,1,1.0,3.0,13071,M,4341310.0,528082.0,13
201000060071,10,12,18,2005,3,1,1,1.0,6.0,13215,M,4333560.0,535312.0,13
201000060072,10,12,19,1120,1,1,1,1.0,7.0,13202,M,,,13
201000060073,10,12,18,2300,5,1,1,1.0,7.0,13022,M,4322580.0,558233.0,13
201000060074,10,12,20,1800,5,1,1,1.0,4.0,13202,M,4331390.0,536757.0,13
201000060075,10,12,21,1850,3,1,1,3.0,6.0,13215,M,4337500.0,536045.0,13
201000060076,10,12,21,2015,3,1,1,2.0,2.0,13019,M,4342240.0,537172.0,13
201000060077,10,12,21,1226,1,1,1,2.0,6.0,13085,M,4326370.0,558852.0,13
201000060078,10,12,22,1108,1,1,1,1.0,7.0,13019,M,4342410.0,537484.0,13
201000060079,10,12,22,1835,3,1,1,1.0,2.0,13214,M,4332990.0,537794.0,13
201000060080,10,12,25,915,1,1,1,6.0,6.0,13210,M,4328470.0,540953.0,13
201000060081,10,12,25,1202,1,1,1,1.0,6.0,13071,M,4340870.0,528669.0,13
201000060082,10,12,26,1525,1,1,1,1.0,7.0,13203,M,4332290.0,537749.0,13
201000060083,10,12,27,750,1,1,1,1.0,6.0,13026,M,4339700.0,512265.0,13
201000060084,10,12,28,1745,3,1,1,1.0,2.0,13005,M,4328540.0,552551.0,13
201000060085,10,12,23,140,3,1,1,2.0,6.0,13071,M,4341700.0,536541.0,13
201000060086,10,10,1,1000,1,1,1,1.0,3.0,13026,M,4339870.0,508682.0,13
201000060087,10,2,4,2155,3,1,1,3.0,6.0,13071,M,4341870.0,536647.0,13
201000060088,10,1,20,1800,3,1,1,8.0,4.0,13005,M,4328290.0,557712.0,13
201000060089,10,1,24,631,3,1,1,1.0,7.0,13026,M,4337820.0,517003.0,13
201000060090,10,2,19,1345,1,1,1,2.0,6.0,13106,M,4339930.0,534935.0,13
201000060091,10,2,14,706,2,1,1,8.0,6.0,13026,M,4339540.0,512518.0,13
201000060092,10,2,23,1202,1,1,1,1.0,7.0,13001,M,4349840.0,540652.0,13
201000060093,10,2,23,2105,5,1,1,1.0,2.0,13215,M,4334170.0,537643.0,13
201000060094,10,2,21,1500,1,1,1,1.0,6.0,13216,M,4333840.0,534860.0,13
201000060095,10,3,3,1010,1,1,1,2.0,2.0,13117,M,4342500.0,526477.0,13
201000060096,10,3,10,1734,1,1,1,1.0,4.0,13210,M,,,13
201000060097,10,3,14,445,3,1,1,1.0,3.0,13005,M,4328510.0,552369.0,13
201000060098,10,3,14,1108,1,1,1,1.0,2.0,13071,M,4341180.0,528245.0,13
201000060099,10,3,23,1,3,1,1,1.0,7.0,13117,M,4341740.0,527463.0,13
201000060100,10,4,8,1550,1,1,1,8.0,2.0,13019,M,4342410.0,537484.0,13
201000060101,10,3,18,758,1,1,1,1.0,2.0,13088,M,4339140.0,525209.0,13
201000060102,10,4,16,1720,1,1,1,8.0,4.0,13071,M,4340470.0,534050.0,13
201000060103,10,4,22,1018,1,1,1,1.0,4.0,13070,M,4328580.0,551166.0,13
201000060104,10,5,6,955,1,1,1,1.0,2.0,13055,M,4330350.0,537484.0,13
201000060105,10,5,16,1827,1,1,1,1.0,6.0,13214,M,4333610.0,537717.0,13
201000060106,10,5,24,1645,1,1,1,1.0,4.0,13043,M,4338030.0,522302.0,13
201000060107,10,5,28,1850,1,1,1,1.0,6.0,13015,M,4345360.0,539748.0,13
201000060108,10,6,20,225,3,1,1,1.0,6.0,13071,M,4341560.0,527735.0,13
201000060109,10,7,10,2110,2,1,1,1.0,6.0,13117,M,4342370.0,526608.0,13
201000060110,10,8,21,930,1,1,1,1.0,7.0,13216,M,4335770.0,534524.0,13
201000060111,10,9,7,1745,1,1,1,1.0,5.0,13001,M,4351810.0,542818.0,13
201000060112,10,9,9,1250,1,1,1,1.0,6.0,13071,M,4340490.0,529672.0,13
201000060113,10,9,20,420,4,1,1,1.0,6.0,13215,M,4333560.0,535312.0,13
201000060114,10,10,9,305,3,1,1,1.0,3.0,13106,M,4339950.0,534973.0,13
201000060115,10,10,15,910,1,1,1,1.0,2.0,13015,M,4346870.0,540712.0,13
201000060116,10,10,15,1748,1,1,1,1.0,2.0,13026,M,4339020.0,513576.0,13
201000060117,10,10,25,2230,3,1,1,1.0,3.0,13117,M,4344770.0,524097.0,13
201000060118,10,11,1,1045,1,1,1,2.0,2.0,13215,M,4333610.0,535215.0,13
201000060119,10,11,10,2025,3,1,1,1.0,4.0,13215,M,4335700.0,536291.0,13
201000060120,10,11,11,1515,1,1,9,1.0,2.0,13085,M,,,13
201000060121,10,11,24,2235,5,1,1,1.0,7.0,13216,M,4335720.0,534588.0,13
201000060122,10,12,1,1210,1,1,1,1.0,5.0,13106,M,,,13
201000060123,10,12,4,1350,1,1,1,1.0,3.0,13055,M,,,13
201000060124,10,12,5,1310,1,1,1,2.0,2.0,13214,M,4331980.0,537755.0,13
201000060125,10,12,23,540,3,1,1,2.0,2.0,13001,M,4351540.0,542766.0,13
201000060126,10,10,11,700,3,1,1,3.0,7.0,13005,M,4328250.0,557817.0,13
201000060127,10,1,16,400,5,2,2,1.0,6.0,75101,M,,,75
201000060128,10,1,20,1,5,2,3,1.0,3.0,75101,M,,,75
201000060129,10,1,21,1100,1,2,1,8.0,6.0,75101,M,,,75
201000060130,10,1,21,1205,1,2,2,8.0,6.0,75101,M,,,75
201000060131,10,1,21,1530,1,2,1,1.0,6.0,75101,M,,,75
201000060132,10,1,24,1820,5,2,5,2.0,2.0,75101,M,,,75
201000060133,10,1,26,1852,5,2,1,1.0,7.0,75101,M,,,75
201000060134,10,1,27,930,1,2,1,1.0,6.0,75101,M,,,75
201000060135,10,1,28,840,2,2,1,2.0,6.0,75101,M,,,75
201000060136,10,1,29,1155,1,2,2,2.0,6.0,75102,M,,,75
201000060137,10,2,5,1900,5,2,5,1.0,6.0,75101,M,,,75
201000060138,10,2,6,1735,2,2,1,1.0,7.0,75102,M,,,75
201000060139,10,2,11,1255,1,2,5,4.0,6.0,75101,M,,,75
201000060140,10,2,18,1505,1,2,2,1.0,2.0,75101,M,,,75
201000060141,10,2,23,1230,1,2,1,2.0,7.0,75101,M,,,75
201000060142,10,2,28,5,5,2,2,2.0,6.0,75101,M,,,75
201000060143,10,3,2,1205,1,2,4,1.0,3.0,75101,M,,,75
201000060144,10,3,5,1855,5,2,1,1.0,6.0,75101,M,,,75
201000060145,10,3,10,1,5,2,2,1.0,7.0,75101,M,,,75
201000060146,10,3,13,1920,5,2,1,1.0,6.0,75101,M,,,75
201000060147,10,3,17,830,1,2,1,1.0,4.0,75101,M,,,75
201000060148,10,3,18,1750,1,2,5,1.0,6.0,75101,M,,,75
201000060149,10,3,19,1620,1,2,5,1.0,3.0,75101,M,,,75
201000060150,10,3,19,1825,1,2,4,1.0,6.0,75101,M,,,75
201000060151,10,3,19,2240,5,2,1,2.0,4.0,75101,M,,,75
201000060152,10,3,23,45,5,2,2,1.0,3.0,75101,M,,,75
201000060153,10,3,25,855,1,2,1,1.0,6.0,75101,M,,,75
201000060154,10,3,27,2355,5,2,2,1.0,3.0,75101,M,,,75
201000060155,10,3,29,1410,1,2,5,1.0,6.0,75101,M,,,75
201000060156,10,3,30,935,1,2,1,2.0,3.0,75101,M,,,75
201000060157,10,4,1,1155,1,2,1,1.0,6.0,75101,M,,,75
201000060158,10,4,2,40,5,2,3,1.0,3.0,75101,M,,,75
201000060159,10,4,5,750,1,2,2,1.0,6.0,75101,M,,,75
201000060160,10,4,6,1,5,2,5,1.0,7.0,75101,M,,,75
201000060161,10,4,6,745,1,2,3,1.0,6.0,75101,M,,,75
201000060162,10,4,6,1610,1,2,1,1.0,6.0,75101,M,,,75
201000060163,10,4,7,1110,1,2,3,1.0,2.0,75101,M,,,75
201000060164,10,4,7,1820,1,2,3,1.0,6.0,75101,M,,,75
201000060165,10,4,8,1150,1,2,3,1.0,2.0,75101,M,,,75
201000060166,10,4,8,2250,5,2,5,1.0,6.0,75101,M,,,75
201000060167,10,4,11,110,5,2,5,1.0,2.0,75101,M,,,75
201000060168,10,4,12,1405,1,2,1,1.0,7.0,75101,M,,,75
201000060169,10,4,12,1715,1,2,1,1.0,6.0,75101,M,,,75
201000060170,10,4,13,855,1,2,3,1.0,3.0,75101,M,,,75
201000060171,10,4,15,1445,1,2,1,1.0,6.0,75101,M,,,75
201000060172,10,4,23,1230,1,2,2,1.0,6.0,75101,M,,,75
201000060173,10,4,24,1854,1,2,1,1.0,6.0,75101,M,,,75
201000060174,10,4,26,1030,1,2,1,1.0,7.0,75101,M,,,75
201000060175,10,5,4,1445,1,2,4,1.0,3.0,75101,M,,,75
201000060176,10,5,4,1745,1,2,1,1.0,4.0,75101,M,,,75
201000060177,10,5,11,1510,1,2,1,2.0,2.0,75101,M,,,75
201000060178,10,5,15,1115,1,2,5,1.0,3.0,75101,M,,,75
201000060179,10,5,15,1540,1,2,2,1.0,2.0,75101,M,,,75
201000060180,10,5,17,1650,1,2,5,1.0,6.0,75101,M,,,75
201000060181,10,5,26,1130,1,2,2,1.0,6.0,75101,M,,,75
201000060182,10,5,28,535,1,2,2,2.0,3.0,75101,M,,,75
201000060183,10,6,1,1830,1,2,2,3.0,3.0,75101,M,,,75
201000060184,10,6,4,1020,1,2,5,1.0,6.0,75101,M,,,75
201000060185,10,6,4,1545,1,2,2,1.0,7.0,75101,M,,,75
201000060186,10,6,7,1315,1,2,2,1.0,6.0,75101,M,,,75
201000060187,10,6,7,1555,1,2,2,1.0,3.0,75101,M,,,75
201000060188,10,6,8,1000,1,2,3,1.0,3.0,75101,M,,,75
201000060189,10,6,9,2015,1,2,1,1.0,7.0,75101,M,,,75
201000060190,10,6,14,1920,1,2,3,1.0,3.0,75101,M,,,75
201000060191,10,6,16,1850,1,2,2,1.0,6.0,75101,M,,,75
201000060192,10,6,17,1056,1,2,2,1.0,7.0,75101,M,,,75
201000060193,10,6,22,155,5,2,2,1.0,3.0,75101,M,,,75
201000060194,10,6,25,2350,5,2,3,1.0,3.0,75101,M,,,75
201000060195,10,6,27,445,5,2,1,1.0,7.0,75101,M,,,75
201000060196,10,6,28,1210,1,2,1,1.0,2.0,75101,M,,,75
201000060197,10,7,3,1540,1,2,1,1.0,4.0,75101,M,,,75
201000060198,10,7,3,2007,1,2,5,1.0,3.0,75101,M,,,75
201000060199,10,7,6,955,1,2,5,1.0,7.0,75101,M,,,75
201000060200,10,7,6,2240,5,2,3,1.0,3.0,75101,M,,,75
201000060201,10,7,7,1120,1,2,1,1.0,7.0,75101,M,,,75
201000060202,10,7,7,1610,1,2,3,7.0,3.0,75101,M,,,75
201000060203,10,7,7,1830,1,2,2,1.0,3.0,75101,M,,,75
201000060204,10,7,8,945,1,2,3,1.0,3.0,75101,M,,,75
201000060205,10,7,11,1510,1,2,1,1.0,6.0,75101,M,,,75
201000060206,10,7,12,1515,1,2,3,1.0,6.0,75101,M,,,75
201000060207,10,7,13,715,1,2,5,1.0,6.0,75101,M,,,75
201000060208,10,7,13,1745,1,2,1,1.0,3.0,75101,M,,,75
201000060209,10,7,14,310,5,2,2,1.0,3.0,75101,M,,,75
201000060210,10,7,14,920,1,2,1,1.0,6.0,75101,M,,,75
201000060211,10,7,15,1940,1,2,3,1.0,3.0,75101,M,,,75
201000060212,10,7,15,2030,1,2,2,1.0,3.0,75102,M,,,75
201000060213,10,7,19,920,1,2,2,1.0,6.0,75101,M,,,75
201000060214,10,7,20,2030,1,2,1,1.0,6.0,75101,M,,,75
201000060215,10,7,23,1910,1,2,1,1.0,4.0,75101,M,,,75
201000060216,10,7,24,745,1,2,1,1.0,6.0,75101,M,,,75
201000060217,10,7,24,1225,1,2,1,1.0,3.0,75101,M,,,75
201000060218,10,7,26,1045,1,2,2,8.0,6.0,75101,M,,,75
201000060219,10,7,29,1100,1,2,2,1.0,6.0,75101,M,,,75
201000060220,10,8,4,945,1,2,3,8.0,6.0,75101,M,,,75
201000060221,10,8,13,1130,1,2,2,1.0,3.0,75101,M,,,75
201000060222,10,8,15,1725,1,2,3,3.0,3.0,75101,M,,,75
201000060223,10,8,19,1830,1,2,5,1.0,3.0,75101,M,,,75
201000060224,10,8,20,1700,1,2,1,1.0,7.0,75101,M,,,75
201000060225,10,8,21,1750,1,2,2,1.0,3.0,75102,M,,,75
201000060226,10,8,28,1530,1,2,1,1.0,6.0,75101,M,,,75
201000060227,10,9,2,1225,1,2,3,1.0,2.0,75101,M,,,75
201000060228,10,9,4,1330,1,2,5,1.0,7.0,75101,M,,,75
201000060229,10,9,7,940,1,2,3,1.0,2.0,75101,M,,,75
201000060230,10,9,8,1000,1,2,1,2.0,7.0,75101,M,,,75
201000060231,10,9,8,1350,1,2,5,2.0,6.0,75101,M,,,75
201000060232,10,9,9,1730,1,2,1,1.0,6.0,75101,M,,,75
201000060233,10,9,15,815,1,2,2,2.0,7.0,75101,M,,,75
201000060234,10,9,17,1515,1,2,2,8.0,7.0,75101,M,,,75
201000060235,10,9,17,1315,1,2,2,1.0,3.0,75101,M,,,75
201000060236,10,9,18,950,1,2,2,1.0,6.0,75101,M,,,75
201000060237,10,9,22,930,1,2,3,1.0,6.0,75101,M,,,75
201000060238,10,9,22,1430,1,2,3,1.0,3.0,75101,M,,,75
201000060239,10,9,22,1525,1,2,5,1.0,3.0,75101,M,,,75
201000060240,10,9,25,1630,1,2,3,2.0,7.0,75101,M,,,75
201000060241,10,9,25,1315,1,2,1,1.0,6.0,75101,M,,,75
201000060242,10,9,28,915,1,2,3,1.0,2.0,75101,M,,,75
201000060243,10,9,30,430,5,2,3,2.0,6.0,75101,M,,,75
201000060244,10,10,1,927,1,2,3,1.0,6.0,75101,M,,,75
201000060245,10,10,1,1400,1,2,2,2.0,6.0,75102,M,,,75
201000060246,10,10,1,2310,5,2,3,2.0,6.0,75101,M,,,75
201000060247,10,10,4,1745,5,2,4,1.0,7.0,75101,M,,,75