Num_Acc,an,mois,jour,hrmn,lum,agg,int,atm,col,com,gps,lat,long,dep
201000060248,10,10,4,2040,5,2,1,1.0,7.0,75101,M,,,75
201000060249,10,10,5,1340,1,2,5,1.0,6.0,75101,M,,,75
201000060250,10,10,6,1420,1,2,2,2.0,6.0,75101,M,,,75
201000060251,10,10,10,950,1,2,5,1.0,3.0,75101,M,,,75
201000060252,10,9,24,2320,5,2,1,2.0,7.0,75101,M,,,75
201000060253,10,10,14,940,1,2,2,1.0,3.0,75101,M,,,75
201000060254,10,10,14,1455,1,2,2,1.0,6.0,75101,M,,,75
201000060255,10,10,15,1650,1,2,1,1.0,6.0,75101,M,,,75
201000060256,10,10,19,1745,1,2,5,1.0,3.0,75101,M,,,75
201000060257,10,10,20,1700,1,2,3,1.0,6.0,75101,M,,,75
201000060258,10,10,21,925,5,2,1,1.0,2.0,75101,M,,,75
201000060259,10,10,21,1730,1,2,1,1.0,7.0,75101,M,,,75
201000060260,10,10,26,1620,1,2,2,1.0,6.0,75101,M,,,75
201000060261,10,10,27,1855,5,2,1,1.0,3.0,75101,M,,,75
201000060262,10,10,29,200,5,2,2,1.0,6.0,75101,M,,,75
201000060263,10,10,29,1215,1,2,2,1.0,2.0,75101,M,,,75
201000060264,10,10,28,1250,1,2,1,1.0,6.0,75101,M,,,75
201000060265,10,11,2,1410,1,2,3,2.0,3.0,75101,M,,,75
201000060266,10,11,4,1200,1,2,2,1.0,2.0,75101,M,,,75
201000060267,10,11,5,1320,1,2,3,1.0,6.0,75101,M,,,75
201000060268,10,11,6,1920,5,2,2,2.0,3.0,75101,M,,,75
201000060269,10,11,6,2330,5,2,2,3.0,6.0,75101,M,,,75
201000060270,10,11,7,2100,5,2,4,2.0,6.0,75101,M,,,75
201000060271,10,11,9,920,1,2,2,2.0,3.0,75104,M,,,75
201000060272,10,11,9,1030,1,2,1,2.0,7.0,75101,M,,,75
201000060273,10,11,16,1800,5,2,5,1.0,6.0,75101,M,,,75
201000060274,10,11,17,2242,5,2,2,2.0,6.0,75101,M,,,75
201000060275,10,11,18,910,1,2,5,5.0,7.0,75101,M,,,75
201000060276,10,11,18,1015,1,2,2,5.0,3.0,75101,M,,,75
201000060277,10,11,18,1615,2,2,2,1.0,2.0,75104,M,,,75
201000060278,10,11,19,48,5,2,5,2.0,1.0,75101,M,,,75
201000060279,10,11,20,1335,1,2,7,1.0,3.0,75101,M,,,75
201000060280,10,11,30,1025,1,2,3,1.0,3.0,75101,M,,,75
201000060281,10,11,30,1125,1,2,1,1.0,3.0,75101,M,,,75
201000060282,10,11,30,1815,3,2,5,1.0,6.0,75101,M,,,75
201000060283,10,12,2,930,1,2,2,4.0,6.0,75101,M,,,75
201000060284,10,12,3,1545,1,2,5,1.0,3.0,75101,M,,,75
201000060285,10,12,7,2220,5,2,1,2.0,6.0,75101,M,,,75
201000060286,10,12,8,910,1,2,2,2.0,7.0,75101,M,,,75
201000060287,10,12,14,1535,1,2,2,1.0,3.0,75101,M,,,75
201000060288,10,12,14,1330,1,2,1,1.0,7.0,75101,M,,,75
201000060289,10,12,14,525,5,2,2,2.0,6.0,75101,M,,,75
201000060290,10,12,17,1155,1,2,5,1.0,6.0,75101,M,,,75
201000060291,10,12,18,1250,1,2,2,4.0,6.0,75101,M,,,75
201000060292,10,12,22,1130,1,2,1,1.0,3.0,75101,M,,,75
201000060293,10,12,22,1300,1,2,5,1.0,6.0,75101,M,,,75
201000060294,10,12,31,1300,1,2,1,1.0,6.0,75101,M,,,75
201000060295,10,2,15,930,1,2,2,1.0,3.0,75101,M,,,75
201000060296,10,3,10,830,1,1,1,1.0,7.0,75118,M,,,75
201000060297,10,1,14,1045,1,2,5,1.0,6.0,75102,M,,,75
201000060298,10,1,14,1300,1,2,2,1.0,6.0,75102,M,,,75
201000060299,10,1,19,1245,1,2,1,1.0,6.0,75102,M,,,75
201000060300,10,1,21,1415,1,2,3,1.0,6.0,75102,M,,,75
201000060301,10,1,21,1715,2,2,2,1.0,5.0,75102,M,,,75
201000060302,10,2,1,1545,1,2,3,1.0,3.0,75102,M,,,75
201000060303,10,2,2,2045,5,2,5,1.0,3.0,75101,M,,,75
201000060304,10,2,18,20,5,2,2,1.0,6.0,75102,M,,,75
201000060305,10,2,19,1210,1,2,5,1.0,3.0,75102,M,,,75
201000060306,10,3,3,2330,5,2,5,1.0,6.0,75102,M,,,75
201000060307,10,3,8,1500,1,2,2,1.0,6.0,75102,M,,,75
201000060308,10,3,11,1345,1,2,5,1.0,6.0,75102,M,,,75
201000060309,10,3,11,1500,1,2,5,1.0,3.0,75102,M,,,75
201000060310,10,3,18,1734,1,2,2,1.0,6.0,75102,M,,,75
201000060311,10,3,19,2315,5,2,2,1.0,6.0,75102,M,,,75
201000060312,10,3,29,855,1,2,2,1.0,6.0,75102,M,,,75
201000060313,10,4,6,1005,1,2,1,1.0,7.0,75102,M,,,75
201000060314,10,4,8,1240,1,2,1,1.0,6.0,75102,M,,,75
201000060315,10,4,11,1450,1,2,2,1.0,6.0,75102,M,,,75
201000060316,10,4,15,1030,1,2,2,1.0,6.0,75102,M,,,75
201000060317,10,4,23,2210,5,2,2,1.0,6.0,75102,M,,,75
201000060318,10,4,26,2145,5,2,2,1.0,6.0,75102,M,,,75
201000060319,10,4,27,1350,1,2,5,1.0,6.0,75102,M,,,75
201000060320,10,5,1,455,3,2,1,1.0,6.0,75102,M,,,75
201000060321,10,5,4,1150,1,2,2,1.0,6.0,75102,M,,,75
201000060322,10,5,6,1950,1,2,5,1.0,3.0,75102,M,,,75
201000060323,10,5,6,2205,5,2,2,1.0,6.0,75102,M,,,75
201000060324,10,5,7,930,1,2,1,1.0,6.0,75102,M,,,75
201000060325,10,5,7,1215,1,2,3,1.0,6.0,75102,M,,,75
201000060326,10,5,8,1730,1,2,1,1.0,6.0,75102,M,,,75
201000060327,10,5,14,1710,1,2,2,2.0,3.0,75102,M,,,75
201000060328,10,5,19,1925,1,2,1,1.0,6.0,75102,M,,,75
201000060329,10,5,25,1030,1,2,1,1.0,6.0,75102,M,,,75
201000060330,10,5,26,1530,1,2,2,8.0,6.0,75102,M,,,75
201000060331,10,5,26,2000,1,2,3,1.0,3.0,75102,M,,,75
201000060332,10,5,28,1240,1,2,1,1.0,6.0,75102,M,,,75
201000060333,10,5,30,630,5,2,1,1.0,7.0,75101,M,,,75
201000060334,10,5,31,1150,1,2,2,1.0,6.0,75102,M,,,75
201000060335,10,6,1,1710,1,2,2,2.0,3.0,75102,M,,,75
201000060336,10,6,5,2125,2,2,2,1.0,6.0,75102,M,,,75
201000060337,10,6,9,950,1,2,2,8.0,7.0,75102,M,,,75
201000060338,10,6,10,1521,1,2,2,1.0,6.0,75102,M,,,75
201000060339,10,6,12,30,5,2,3,1.0,1.0,75102,M,,,75
201000060340,10,6,12,1650,1,2,1,1.0,3.0,75102,M,,,75
201000060341,10,6,15,1310,1,2,1,1.0,3.0,75102,M,,,75
201000060342,10,6,18,2000,1,2,2,1.0,6.0,75102,M,,,75
201000060343,10,6,19,1115,1,2,2,1.0,3.0,75102,M,,,75
201000060344,10,6,20,1225,1,2,1,1.0,6.0,75102,M,,,75
201000060345,10,6,21,945,1,2,2,1.0,5.0,75102,M,,,75
201000060346,10,6,22,520,2,2,2,1.0,6.0,75102,M,,,75
201000060347,10,6,22,815,1,2,1,1.0,2.0,75102,M,,,75
201000060348,10,6,25,1815,1,2,3,1.0,3.0,75102,M,,,75
201000060349,10,6,30,1220,1,2,1,1.0,6.0,75102,M,,,75
201000060350,10,7,8,1850,1,2,1,1.0,6.0,75102,M,,,75
201000060351,10,7,9,535,2,2,1,2.0,6.0,75102,M,,,75
201000060352,10,7,10,2010,1,2,2,1.0,2.0,75102,M,,,75
201000060353,10,7,11,1925,1,2,2,1.0,6.0,75102,M,,,75
201000060354,10,7,15,1450,1,2,5,1.0,3.0,75102,M,,,75
201000060355,10,7,20,2325,5,2,2,1.0,3.0,75102,M,,,75
201000060356,10,7,26,1425,1,2,2,1.0,6.0,75102,M,,,75
201000060357,10,7,28,2225,5,2,2,1.0,6.0,75102,M,,,75
201000060358,10,7,29,1710,1,2,2,1.0,6.0,75102,M,,,75
201000060359,10,8,12,1945,1,2,1,1.0,6.0,75102,M,,,75
201000060360,10,8,13,1715,1,2,5,8.0,2.0,75102,M,,,75
201000060361,10,8,14,120,4,2,5,1.0,3.0,75102,M,,,75
201000060362,10,8,16,1440,1,2,1,2.0,2.0,75102,M,,,75
201000060363,10,8,22,25,5,2,5,1.0,3.0,75102,M,,,75
201000060364,10,8,22,1300,1,2,2,1.0,6.0,75102,M,,,75
201000060365,10,8,23,1355,1,2,2,2.0,3.0,75102,M,,,75
201000060366,10,8,25,1235,1,2,5,2.0,3.0,75102,M,,,75
201000060367,10,8,31,1205,1,2,2,1.0,3.0,75102,M,,,75
201000060368,10,8,31,2010,2,2,2,1.0,3.0,75102,M,,,75
201000060369,10,9,1,1841,1,2,3,1.0,2.0,75102,M,,,75
201000060370,10,9,2,907,1,2,2,1.0,3.0,75101,M,,,75
201000060371,10,9,2,1900,1,2,2,1.0,2.0,75102,M,,,75
201000060372,10,9,6,1715,1,2,1,1.0,3.0,75102,M,,,75
201000060373,10,9,7,1710,1,2,1,1.0,3.0,75102,M,,,75
201000060374,10,9,10,1120,1,2,2,1.0,6.0,75102,M,,,75
201000060375,10,9,12,1820,1,2,2,1.0,6.0,75102,M,,,75
201000060376,10,9,16,1300,1,2,1,1.0,3.0,75102,M,,,75
201000060377,10,9,17,940,1,2,1,1.0,7.0,75102,M,,,75
201000060378,10,9,24,1040,1,2,2,8.0,3.0,75102,M,,,75
201000060379,10,9,25,1940,5,2,1,8.0,3.0,75102,M,,,75
201000060380,10,9,29,920,1,2,1,1.0,2.0,75102,M,,,75
201000060381,10,10,2,2045,5,2,3,1.0,3.0,75103,M,,,75
201000060382,10,10,8,1335,1,2,2,1.0,6.0,75102,M,,,75
201000060383,10,10,9,2155,5,2,5,1.0,3.0,75102,M,,,75
201000060384,10,10,11,845,1,2,1,1.0,6.0,75102,M,,,75
201000060385,10,10,15,1505,1,2,5,1.0,6.0,75102,M,,,75
201000060386,10,10,15,1750,1,2,2,1.0,6.0,75102,M,,,75
201000060387,10,10,15,2155,5,2,1,1.0,7.0,75102,M,,,75
201000060388,10,10,16,400,5,2,2,2.0,2.0,75102,M,,,75
201000060389,10,10,20,1535,1,2,5,1.0,3.0,75102,M,,,75
201000060390,10,10,20,1815,2,2,7,1.0,3.0,75102,M,,,75
201000060391,10,10,22,1730,1,2,1,1.0,6.0,75102,M,,,75
201000060392,10,10,28,1810,1,2,5,1.0,7.0,75102,M,,,75
201000060393,10,10,28,1805,1,2,2,1.0,3.0,75102,M,,,75
201000060394,10,11,5,1930,5,2,2,1.0,6.0,75102,M,,,75
201000060395,10,11,6,1025,1,2,5,2.0,3.0,75102,M,,,75
201000060396,10,11,8,820,1,2,1,1.0,3.0,75102,M,,,75
201000060397,10,11,9,805,1,2,2,2.0,2.0,75102,M,,,75
201000060398,10,11,9,1610,1,2,2,2.0,3.0,75102,M,,,75
201000060399,10,11,12,1630,1,2,2,2.0,6.0,75102,M,,,75
201000060400,10,11,18,1705,5,2,1,1.0,2.0,75103,M,,,75
201000060401,10,11,24,615,5,2,5,1.0,2.0,75102,M,,,75
201000060402,10,12,1,1530,1,2,1,4.0,2.0,75102,M,,,75
201000060403,10,12,2,921,1,2,2,9.0,7.0,75102,M,,,75
201000060404,10,12,18,1040,1,2,2,8.0,3.0,75102,M,,,75
201000060405,10,12,22,15,5,2,2,1.0,6.0,75102,M,,,75
201000060406,10,5,3,820,1,2,2,8.0,6.0,75102,M,,,75
201000060407,10,1,3,1620,1,2,5,1.0,3.0,75103,M,,,75
201000060408,10,1,10,1315,1,2,1,8.0,3.0,75103,M,,,75
201000060409,10,1,12,918,1,2,1,1.0,6.0,75103,M,,,75
201000060410,10,1,14,1645,2,2,3,1.0,3.0,75103,M,,,75
201000060411,10,1,17,1400,1,2,1,1.0,3.0,75110,M,,,75
201000060412,10,1,20,735,5,2,3,1.0,7.0,75103,M,,,75
201000060413,10,1,24,1925,5,2,5,2.0,6.0,75103,M,,,75
201000060414,10,1,26,1510,1,2,2,1.0,3.0,75103,M,,,75
201000060415,10,1,29,1815,5,2,1,2.0,3.0,75103,M,,,75
201000060416,10,1,30,1840,5,2,5,1.0,3.0,75103,M,,,75
201000060417,10,1,30,1844,5,2,2,1.0,2.0,75103,M,,,75
201000060418,10,2,7,1840,5,2,3,1.0,2.0,75103,M,,,75
201000060419,10,2,9,1515,1,2,4,1.0,6.0,75103,M,,,75
201000060420,10,2,9,1940,5,2,1,8.0,6.0,75103,M,,,75
201000060421,10,2,9,2245,5,2,1,1.0,7.0,75103,M,,,75
201000060422,10,2,12,920,1,2,2,1.0,7.0,75104,M,,,75
201000060423,10,2,16,2015,5,2,1,1.0,3.0,75103,M,,,75
201000060424,10,2,21,620,5,2,2,1.0,2.0,75103,M,,,75
201000060425,10,3,2,1300,1,2,5,1.0,6.0,75103,M,,,75
201000060426,10,3,2,1445,1,2,2,1.0,3.0,75103,M,,,75
201000060427,10,3,3,1840,5,2,3,1.0,3.0,75103,M,,,75
201000060428,10,3,4,1810,2,2,2,1.0,2.0,75103,M,,,75
201000060429,10,3,6,1520,1,2,3,1.0,3.0,75103,M,,,75
201000060430,10,3,7,1615,1,2,5,1.0,3.0,75103,M,,,75
201000060431,10,3,19,1005,1,2,2,1.0,6.0,75103,M,,,75
201000060432,10,3,19,1345,1,2,2,1.0,6.0,75103,M,,,75
201000060433,10,3,20,2215,5,2,5,2.0,3.0,75103,M,,,75
201000060434,10,3,23,1525,1,2,2,1.0,3.0,75103,M,,,75
201000060435,10,3,23,1515,1,2,5,1.0,2.0,75103,M,,,75
201000060436,10,3,29,2150,1,2,2,1.0,3.0,75103,M,,,75
201000060437,10,4,6,1820,1,2,2,1.0,3.0,75103,M,,,75
201000060438,10,4,7,1445,1,2,1,8.0,6.0,75103,M,,,75
201000060439,10,4,7,2000,1,2,1,1.0,3.0,75103,M,,,75
201000060440,10,4,8,845,1,2,1,2.0,6.0,75103,M,,,75
201000060441,10,4,8,1845,1,2,5,1.0,6.0,75103,M,,,75
201000060442,10,4,12,1700,1,2,3,1.0,6.0,75103,M,,,75
201000060443,10,4,15,1715,1,2,3,1.0,2.0,75103,M,,,75
201000060444,10,4,15,2120,5,2,2,2.0,6.0,75103,M,,,75
201000060445,10,4,25,415,5,2,3,1.0,3.0,75104,M,,,75
201000060446,10,4,25,1740,1,2,1,1.0,7.0,75103,M,,,75
201000060447,10,4,26,1040,1,2,5,1.0,3.0,75103,M,,,75
201000060448,10,4,30,2115,5,2,1,1.0,6.0,75103,M,,,75
201000060449,10,5,15,2150,5,2,2,1.0,2.0,75103,M,,,75
201000060450,10,5,16,1410,1,2,1,1.0,3.0,75103,M,,,75
201000060451,10,5,19,1150,1,2,1,1.0,2.0,75103,M,,,75
201000060452,10,5,22,1855,1,2,2,1.0,7.0,75103,M,,,75
201000060453,10,5,25,1200,1,2,1,1.0,2.0,75103,M,,,75
201000060454,10,5,27,1930,1,2,1,2.0,3.0,75103,M,,,75
201000060455,10,5,29,1150,1,2,2,1.0,6.0,75103,M,,,75
201000060456,10,6,3,945,1,2,4,1.0,7.0,75103,M,,,75
201000060457,10,6,4,900,1,2,5,1.0,6.0,75103,M,,,75
201000060458,10,6,4,1405,1,2,2,1.0,1.0,75103,M,,,75
201000060459,10,6,5,155,5,2,2,1.0,3.0,75103,M,,,75
201000060460,10,6,5,1530,1,2,5,1.0,6.0,75103,M,,,75
201000060461,10,6,7,850,1,2,1,1.0,6.0,75103,M,,,75
201000060462,10,6,21,2000,1,2,2,1.0,3.0,75103,M,,,75
201000060463,10,6,22,1730,5,2,1,9.0,7.0,75101,M,,,75
201000060464,10,6,24,935,1,2,2,1.0,6.0,75103,M,,,75
201000060465,10,6,26,2235,5,2,2,1.0,3.0,75103,M,,,75
201000060466,10,6,28,2225,5,2,2,1.0,6.0,75103,M,,,75
201000060467,10,6,29,1325,1,2,1,1.0,6.0,75103,M,,,75
201000060468,10,6,30,135,5,2,2,1.0,3.0,75103,M,,,75
201000060469,10,6,30,750,1,2,1,1.0,7.0,75103,M,,,75
201000060470,10,7,5,1815,1,2,2,1.0,6.0,75103,M,,,75
201000060471,10,7,6,1410,1,2,5,1.0,7.0,75103,M,,,75
201000060472,10,7,6,2015,1,2,1,1.0,2.0,75110,M,,,75
201000060473,10,7,8,1635,1,2,4,1.0,6.0,75103,M,,,75
201000060474,10,7,19,1510,1,2,2,1.0,3.0,75103,M,,,75
201000060475,10,8,6,1515,1,2,4,1.0,6.0,75103,M,,,75
201000060476,10,8,7,2025,2,2,3,1.0,7.0,75103,M,,,75
201000060477,10,8,10,2135,5,2,2,2.0,6.0,75103,M,,,75
201000060478,10,8,14,1045,1,2,2,1.0,3.0,75103,M,,,75
201000060479,10,8,16,1255,1,2,2,2.0,3.0,75103,M,,,75
201000060480,10,8,24,1640,1,2,3,1.0,3.0,75101,M,,,75
201000060481,10,8,26,1320,1,2,5,1.0,3.0,75102,M,,,75
201000060482,10,8,27,1940,1,2,2,8.0,6.0,75103,M,,,75
201000060483,10,9,2,930,1,2,2,1.0,3.0,75103,M,,,75
201000060484,10,9,6,1000,1,2,2,1.0,3.0,75103,M,,,75
201000060485,10,9,18,2050,5,2,2,1.0,3.0,75103,M,,,75
201000060486,10,9,26,430,5,2,2,1.0,3.0,75101,M,,,75
201000060487,10,10,2,2135,5,2,7,2.0,6.0,75103,M,,,75
201000060488,10,10,2,2335,5,2,2,1.0,7.0,75103,M,,,75
201000060489,10,10,4,1320,1,2,5,2.0,2.0,75103,M,,,75
201000060490,10,10,5,1945,5,2,5,2.0,6.0,75103,M,,,75
201000060491,10,10,6,1025,1,2,2,8.0,6.0,75103,M,,,75
201000060492,10,10,12,1200,1,2,5,1.0,2.0,75103,M,,,75
201000060493,10,10,13,755,2,2,5,1.0,3.0,75103,M,,,75
201000060494,10,10,14,807,1,2,2,1.0,2.0,75103,M,,,75
201000060495,10,10,19,2340,5,2,5,1.0,7.0,75103,M,,,75
201000060496,10,10,20,1925,5,2,1,1.0,4.0,75103,M,,,75
201000060497,10,10,21,1544,1,2,1,1.0,3.0,75103,M,,,75
201000060498,10,11,3,1435,1,2,5,1.0,3.0,75103,M,,,75
201000060499,10,11,3,1552,1,2,1,1.0,3.0,75103,M,,,75
201000060500,10,11,6,1325,1,2,5,2.0,2.0,75103,M,,,75
201000060501,10,11,6,1950,5,2,4,3.0,2.0,75103,M,,,75
201000060502,10,11,7,1850,5,2,2,2.0,2.0,75103,M,,,75
201000060503,10,11,9,2305,5,2,2,2.0,3.0,75103,M,,,75
201000060504,10,11,10,1445,1,2,4,1.0,3.0,75103,M,,,75
201000060505,10,11,13,1255,1,2,5,3.0,3.0,75103,M,,,75
201000060506,10,11,15,1205,1,2,3,1.0,3.0,75103,M,,,75
201000060507,10,11,19,2000,5,2,3,2.0,7.0,75103,M,,,75
201000060508,10,11,23,1240,1,2,4,8.0,6.0,75103,M,,,75
201000060509,10,12,1,812,2,2,1,8.0,7.0,75103,M,,,75
201000060510,10,12,4,1815,5,2,5,2.0,3.0,75103,M,,,75
201000060511,10,12,8,320,5,2,2,2.0,5.0,75103,M,,,75
201000060512,10,12,11,2325,5,2,2,1.0,2.0,75103,M,,,75
201000060513,10,12,18,1715,5,2,2,4.0,3.0,75103,M,,,75
201000060514,10,12,19,1000,1,2,1,4.0,2.0,75103,M,,,75
201000060515,10,12,20,930,1,2,2,4.0,7.0,75103,M,,,75
201000060516,10,9,28,1520,1,2,2,1.0,6.0,75103,M,,,75
201000060517,10,1,1,2300,5,2,1,1.0,6.0,75104,M,,,75
201000060518,10,1,4,1747,3,2,1,1.0,6.0,75104,M,,,75
201000060519,10,1,4,1840,5,2,3,1.0,3.0,75104,M,,,75
201000060520,10,1,4,2109,5,2,2,1.0,6.0,75104,M,,,75
201000060521,10,1,5,1550,1,2,5,1.0,3.0,75104,M,,,75
201000060522,10,9,25,2105,5,2,2,1.0,6.0,75104,M,,,75
201000060523,10,1,17,1945,3,2,2,1.0,2.0,75104,M,,,75
201000060524,10,1,17,2050,5,2,2,1.0,6.0,75104,M,,,75
201000060525,10,10,7,1400,1,2,2,1.0,6.0,75104,M,,,75
201000060526,10,1,21,1905,5,2,1,1.0,3.0,75104,M,,,75
201000060527,10,1,28,1630,1,2,1,1.0,3.0,75101,M,,,75
201000060528,10,1,29,1030,1,2,3,3.0,6.0,75104,M,,,75
201000060529,10,1,31,1300,1,2,1,1.0,4.0,75104,M,,,75
201000060530,10,2,1,640,5,2,1,1.0,6.0,75104,M,,,75
201000060531,10,2,2,1400,1,2,2,8.0,2.0,75104,M,,,75
201000060532,10,2,3,940,1,2,1,2.0,6.0,75104,M,,,75
201000060533,10,2,6,510,5,2,1,3.0,7.0,75104,M,,,75
201000060534,10,2,7,2150,5,2,1,1.0,2.0,75104,M,,,75
201000060535,10,2,9,5,5,2,2,1.0,6.0,75104,M,,,75
201000060536,10,2,12,1530,1,2,1,1.0,6.0,75104,M,,,75
201000060537,10,2,13,510,5,2,3,1.0,2.0,75101,M,,,75
201000060538,10,2,16,1445,1,2,1,1.0,2.0,75104,M,,,75
201000060539,10,2,19,1230,1,2,1,1.0,6.0,75104,M,,,75
201000060540,10,2,20,2105,5,2,3,1.0,6.0,75104,M,,,75
201000060541,10,2,21,1325,1,2,2,8.0,7.0,75104,M,,,75
201000060542,10,2,22,1320,1,2,1,8.0,2.0,75104,M,,,75
201000060543,10,2,25,1200,1,2,2,2.0,3.0,75104,M,,,75
201000060544,10,2,25,1210,1,2,1,2.0,7.0,75104,M,,,75
201000060545,10,2,26,1610,1,2,2,1.0,3.0,75104,M,,,75
201000060546,10,3,4,2340,5,2,5,1.0,3.0,75104,M,,,75
201000060547,10,3,6,255,5,2,5,1.0,6.0,75104,M,,,75
201000060548,10,3,6,2130,5,2,2,1.0,6.0,75104,M,,,75
201000060549,10,11,5,1520,1,2,1,1.0,6.0,75104,M,,,75
201000060550,10,3,8,620,5,2,2,1.0,6.0,75104,M,,,75
201000060551,10,3,18,1345,1,2,5,1.0,6.0,75104,M,,,75
201000060552,10,3,20,1035,1,2,2,8.0,3.0,75104,M,,,75
201000060553,10,3,22,1410,1,2,2,1.0,6.0,75104,M,,,75
201000060554,10,3,26,1015,1,2,3,1.0,6.0,75104,M,,,75
201000060555,10,3,29,1145,1,2,2,1.0,3.0,75103,M,,,75
201000060556,10,3,29,1605,1,2,1,1.0,2.0,75104,M,,,75
201000060557,10,4,2,730,1,2,5,1.0,3.0,75104,M,,,75
201000060558,10,4,8,1710,1,2,5,1.0,3.0,75104,M,,,75
201000060559,10,4,10,2025,2,2,2,1.0,3.0,75104,M,,,75
201000060560,10,4,11,600,2,2,5,1.0,7.0,75104,M,,,75
201000060561,10,4,11,1830,1,2,1,1.0,2.0,75104,M,,,75
201000060562,10,4,12,1840,1,2,1,1.0,6.0,75104,M,,,75
201000060563,10,4,13,2130,5,2,1,2.0,6.0,75104,M,,,75
201000060564,10,4,14,1640,1,2,1,1.0,6.0,75104,M,,,75
201000060565,10,4,17,1640,1,2,2,1.0,3.0,75104,M,,,75
201000060566,10,4,22,1050,1,1,3,1.0,7.0,75104,M,,,75
201000060567,10,4,22,1800,1,2,5,1.0,3.0,75104,M,,,75
201000060568,10,4,24,127,3,2,2,1.0,3.0,75104,M,,,75
201000060569,10,4,27,630,2,2,2,1.0,6.0,75104,M,,,75
201000060570,10,4,30,1310,1,2,3,1.0,3.0,75104,M,,,75
201000060571,10,5,4,830,1,2,4,1.0,6.0,75104,M,,,75
201000060572,10,5,7,2315,5,2,3,1.0,2.0,75104,M,,,75
201000060573,10,5,11,1130,1,2,2,2.0,7.0,75104,M,,,75
201000060574,10,5,15,2325,5,2,5,1.0,3.0,75111,M,,,75
201000060575,10,5,19,1715,1,2,2,1.0,6.0,75104,M,,,75
201000060576,10,5,20,1605,1,2,3,1.0,7.0,75104,M,,,75
201000060577,10,5,21,1425,1,2,1,1.0,6.0,75104,M,,,75
201000060578,10,5,26,1815,1,2,1,8.0,2.0,75104,M,,,75
201000060579,10,5,27,30,5,2,2,1.0,3.0,75103,M,,,75
201000060580,10,5,29,2200,5,2,1,1.0,7.0,75104,M,,,75
201000060581,10,5,30,1650,1,2,3,1.0,7.0,75104,M,,,75
201000060582,10,5,31,2320,5,2,5,1.0,6.0,75104,M,,,75
201000060583,10,6,1,1930,1,2,2,2.0,3.0,75104,M,,,75
201000060584,10,6,7,1630,1,2,2,1.0,6.0,75104,M,,,75
201000060585,10,6,7,1940,1,2,1,1.0,3.0,75104,M,,,75
201000060586,10,6,9,1400,1,2,2,2.0,7.0,75104,M,,,75
201000060587,10,6,9,1535,1,2,2,2.0,6.0,75104,M,,,75
201000060588,10,6,9,1900,1,2,1,2.0,3.0,75104,M,,,75
201000060589,10,6,22,315,5,2,2,1.0,6.0,75104,M,,,75
201000060590,10,6,22,1340,1,2,3,1.0,3.0,75104,M,,,75
201000060591,10,6,25,1950,1,2,7,1.0,7.0,75104,M,,,75
201000060592,10,6,26,1130,1,2,1,1.0,3.0,75104,M,,,75
201000060593,10,6,28,1615,1,2,1,1.0,3.0,75104,M,,,75
201000060594,10,6,28,1730,1,2,2,1.0,7.0,75104,M,,,75
201000060595,10,6,28,1750,1,2,2,1.0,2.0,75104,M,,,75
201000060596,10,6,29,1655,1,2,1,1.0,6.0,75104,M,,,75
201000060597,10,7,1,1625,1,2,3,1.0,6.0,75104,M,,,75
201000060598,10,7,2,1725,1,2,1,8.0,3.0,75104,M,,,75
201000060599,10,7,5,2000,1,2,5,1.0,3.0,75104,M,,,75
201000060600,10,7,7,1845,1,2,5,1.0,3.0,75104,M,,,75
201000060601,10,7,12,1545,1,2,5,1.0,3.0,75104,M,,,75
201000060602,10,7,14,405,5,2,3,1.0,6.0,75104,M,,,75
201000060603,10,7,15,1000,1,2,3,1.0,7.0,75104,M,,,75
201000060604,10,7,16,1128,1,2,3,1.0,6.0,75104,M,,,75
201000060605,10,7,16,1615,1,2,2,1.0,3.0,75104,M,,,75
201000060606,10,7,17,1450,1,2,1,1.0,7.0,75104,M,,,75
201000060607,10,7,18,1720,1,2,1,1.0,2.0,75104,M,,,75
201000060608,10,7,21,505,5,2,5,1.0,6.0,75101,M,,,75
201000060609,10,7,23,915,1,2,3,1.0,7.0,75104,M,,,75
201000060610,10,7,24,2315,5,2,5,1.0,3.0,75104,M,,,75
201000060611,10,7,25,1950,1,2,2,1.0,3.0,75104,M,,,75
201000060612,10,7,28,1425,1,2,3,1.0,4.0,75104,M,,,75
201000060613,10,8,6,2150,5,2,1,1.0,7.0,75104,M,,,75
201000060614,10,8,7,1930,1,2,2,2.0,7.0,75103,M,,,75
201000060615,10,8,10,1135,1,2,3,1.0,3.0,75104,M,,,75
201000060616,10,8,10,1605,1,2,2,1.0,2.0,75104,M,,,75
201000060617,10,8,13,1625,1,2,2,8.0,7.0,75104,M,,,75
201000060618,10,8,13,1810,1,2,3,8.0,3.0,75101,M,,,75
201000060619,10,8,18,1640,1,2,3,1.0,3.0,75104,M,,,75
201000060620,10,8,20,1655,1,2,2,1.0,6.0,75104,M,,,75
201000060621,10,8,25,1500,1,2,1,1.0,2.0,75104,M,,,75
201000060622,10,8,26,910,1,2,3,1.0,6.0,75104,M,,,75
201000060623,10,8,26,1920,1,2,1,1.0,2.0,75104,M,,,75
201000060624,10,8,27,1525,1,2,1,8.0,3.0,75104,M,,,75
201000060625,10,8,27,2200,5,2,5,8.0,3.0,75104,M,,,75
201000060626,10,8,31,1300,1,2,3,1.0,3.0,75104,M,,,75
201000060627,10,9,3,1325,1,2,2,1.0,3.0,75104,M,,,75
201000060628,10,9,10,1310,1,2,2,1.0,2.0,75104,M,,,75
201000060629,10,9,16,843,1,2,5,1.0,6.0,75104,M,,,75
201000060630,10,9,20,1700,1,2,5,1.0,2.0,75104,M,,,75
201000060631,10,9,20,1830,1,2,2,1.0,3.0,75104,M,,,75
201000060632,10,9,22,610,5,2,1,1.0,6.0,75104,M,,,75