Num_Acc,an,mois,jour,hrmn,lum,agg,int,atm,col,com,gps,lat,long,dep
201000060633,10,9,22,1020,1,2,1,1.0,7.0,75104,M,,,75
201000060634,10,9,22,1700,1,2,2,1.0,6.0,75104,M,,,75
201000060635,10,9,24,40,5,2,2,3.0,3.0,75104,M,,,75
201000060636,10,10,2,500,5,2,1,2.0,3.0,75104,M,,,75
201000060637,10,10,4,1440,1,2,2,2.0,6.0,75104,M,,,75
201000060638,10,10,4,1705,1,2,2,1.0,3.0,75104,M,,,75
201000060639,10,10,6,1440,1,2,2,1.0,3.0,75104,M,,,75
201000060640,10,10,6,1905,5,2,4,2.0,6.0,75104,M,,,75
201000060641,10,10,7,1510,1,2,1,1.0,4.0,75104,M,,,75
201000060642,10,10,8,1120,1,2,3,1.0,2.0,75104,M,,,75
201000060643,10,10,11,615,5,2,2,1.0,3.0,75104,M,,,75
201000060644,10,10,12,930,1,2,1,1.0,2.0,75104,M,,,75
201000060645,10,10,12,1030,1,2,2,1.0,3.0,75104,M,,,75
201000060646,10,10,13,930,1,2,5,8.0,7.0,75104,M,,,75
201000060647,10,10,12,1615,1,2,5,1.0,3.0,75104,M,,,75
201000060648,10,10,15,410,5,2,3,1.0,7.0,75104,M,,,75
201000060649,10,10,16,1730,1,2,3,2.0,6.0,75104,M,,,75
201000060650,10,10,12,1815,1,2,1,1.0,2.0,75104,M,,,75
201000060651,10,10,21,1515,1,2,1,1.0,6.0,75104,M,,,75
201000060652,10,10,21,1410,1,2,1,1.0,2.0,75104,M,,,75
201000060653,10,10,22,520,5,2,3,1.0,7.0,75104,M,,,75
201000060654,10,10,23,805,1,2,3,1.0,6.0,75104,M,,,75
201000060655,10,10,25,935,1,2,3,1.0,7.0,75104,M,,,75
201000060656,10,10,29,445,5,2,3,1.0,6.0,75104,M,,,75
201000060657,10,10,30,210,5,2,3,2.0,6.0,75104,M,,,75
201000060658,10,10,30,1825,1,2,2,1.0,3.0,75104,M,,,75
201000060659,10,11,2,15,5,2,2,1.0,2.0,75104,M,,,75
201000060660,10,11,2,1750,5,2,5,1.0,3.0,75104,M,,,75
201000060661,10,11,7,720,2,2,7,2.0,6.0,75104,M,,,75
201000060662,10,11,11,1310,1,2,3,2.0,6.0,75104,M,,,75
201000060663,10,11,18,910,1,2,2,1.0,3.0,75104,M,,,75
201000060664,10,11,19,2210,5,2,2,1.0,6.0,75104,M,,,75
201000060665,10,11,21,1650,2,2,1,2.0,6.0,75104,M,,,75
201000060666,10,11,26,1315,1,2,1,1.0,2.0,75104,M,,,75
201000060667,10,12,6,1405,1,2,1,2.0,2.0,75104,M,,,75
201000060668,10,12,6,1455,1,2,5,8.0,7.0,75104,M,,,75
201000060669,10,12,6,2003,5,2,2,1.0,6.0,75104,M,,,75
201000060670,10,12,14,1810,5,2,5,1.0,6.0,75104,M,,,75
201000060671,10,12,17,1740,5,2,1,4.0,7.0,75104,M,,,75
201000060672,10,12,19,515,5,2,5,9.0,3.0,75104,M,,,75
201000060673,10,12,22,1930,5,2,1,3.0,7.0,75104,M,,,75
201000060674,10,12,30,1420,1,2,5,1.0,3.0,75104,M,,,75
201000060675,10,1,15,1940,5,2,2,1.0,3.0,75104,M,,,75
201000060676,10,9,10,1020,2,2,2,1.0,6.0,75104,M,,,75
201000060677,10,3,5,1815,2,2,1,1.0,6.0,75104,M,,,75
201000060678,10,5,5,1440,1,2,1,8.0,2.0,75104,M,,,75
201000060679,10,5,10,610,2,2,2,1.0,3.0,75104,M,,,75
201000060680,10,1,2,1840,5,2,1,1.0,6.0,75105,M,,,75
201000060681,10,1,8,840,1,2,5,1.0,3.0,75105,M,,,75
201000060682,10,1,10,1110,1,2,2,8.0,7.0,75105,M,,,75
201000060683,10,1,17,440,5,2,1,1.0,6.0,75105,M,,,75
201000060684,10,1,17,1900,5,2,1,1.0,7.0,75105,M,,,75
201000060685,10,1,22,213,5,2,2,1.0,3.0,75105,M,,,75
201000060686,10,1,22,1620,1,2,4,1.0,1.0,75105,M,,,75
201000060687,10,1,25,1420,1,2,5,1.0,3.0,75105,M,,,75
201000060688,10,1,26,1710,1,2,2,1.0,6.0,75105,M,,,75
201000060689,10,2,1,1035,1,2,1,4.0,6.0,75105,M,,,75
201000060690,10,2,3,1100,1,2,2,2.0,6.0,75105,M,,,75
201000060691,10,2,4,1630,1,2,2,1.0,6.0,75105,M,,,75
201000060692,10,2,5,1030,1,2,3,1.0,6.0,75105,M,,,75
201000060693,10,2,19,250,5,2,1,1.0,2.0,75105,M,,,75
201000060694,10,2,20,130,5,2,5,1.0,3.0,75105,M,,,75
201000060695,10,2,21,2015,5,2,1,1.0,6.0,75105,M,,,75
201000060696,10,2,23,1148,1,2,5,2.0,6.0,75105,M,,,75
201000060697,10,2,23,2340,5,2,5,1.0,2.0,75105,M,,,75
201000060698,10,2,25,425,5,2,2,1.0,2.0,75105,M,,,75
201000060699,10,2,27,1520,1,2,1,8.0,3.0,75105,M,,,75
201000060700,10,3,2,1310,1,2,2,1.0,3.0,75105,M,,,75
201000060701,10,3,5,1350,1,2,2,1.0,2.0,75105,M,,,75
201000060702,10,3,8,1205,1,2,1,1.0,2.0,75105,M,,,75
201000060703,10,3,9,1545,1,2,1,1.0,6.0,75105,M,,,75
201000060704,10,3,10,1635,1,2,2,1.0,6.0,75105,M,,,75
201000060705,10,3,13,935,1,2,5,1.0,3.0,75105,M,,,75
201000060706,10,3,14,2,5,2,2,1.0,6.0,75105,M,,,75
201000060707,10,3,14,2150,5,2,1,1.0,6.0,75105,M,,,75
201000060708,10,3,19,100,5,2,4,1.0,3.0,75105,M,,,75
201000060709,10,3,19,1500,1,2,5,1.0,2.0,75105,M,,,75
201000060710,10,3,22,1304,1,2,3,1.0,6.0,75105,M,,,75
201000060711,10,3,22,1845,2,2,3,1.0,6.0,75105,M,,,75
201000060712,10,3,24,825,1,2,2,1.0,3.0,75105,M,,,75
201000060713,10,3,26,905,1,2,2,1.0,7.0,75105,M,,,75
201000060714,10,3,30,1820,1,2,5,7.0,2.0,75105,M,,,75
201000060715,10,3,31,1740,1,2,2,1.0,6.0,75105,M,,,75
201000060716,10,4,4,1520,1,2,5,1.0,3.0,75105,M,,,75
201000060717,10,4,9,955,1,2,3,1.0,6.0,75105,M,,,75
201000060718,10,4,10,2025,5,2,1,1.0,6.0,75105,M,,,75
201000060719,10,4,12,1235,1,2,1,1.0,6.0,75105,M,,,75
201000060720,10,4,14,1725,1,2,2,1.0,4.0,75105,M,,,75
201000060721,10,4,20,1115,1,2,2,1.0,3.0,75105,M,,,75
201000060722,10,4,21,1513,1,2,5,1.0,7.0,75105,M,,,75
201000060723,10,4,23,2220,5,2,1,1.0,7.0,75113,M,,,75
201000060724,10,4,25,550,5,2,5,1.0,6.0,75105,M,,,75
201000060725,10,4,26,2010,1,2,1,1.0,4.0,75106,M,,,75
201000060726,10,5,6,1910,1,2,5,1.0,3.0,75105,M,,,75
201000060727,10,5,6,2315,5,2,5,1.0,6.0,75105,M,,,75
201000060728,10,5,8,1800,1,2,4,3.0,6.0,75105,M,,,75
201000060729,10,5,13,1300,1,2,2,1.0,3.0,75105,M,,,75
201000060730,10,5,15,100,5,2,1,1.0,2.0,75106,M,,,75
201000060731,10,5,16,1910,1,2,1,1.0,6.0,75105,M,,,75
201000060732,10,5,18,2010,1,2,1,1.0,2.0,75105,M,,,75
201000060733,10,5,25,655,1,2,1,1.0,6.0,75105,M,,,75
201000060734,10,5,26,1540,1,2,1,1.0,6.0,75105,M,,,75
201000060735,10,5,27,1325,1,2,2,2.0,3.0,75105,M,,,75
201000060736,10,5,29,1540,1,2,1,1.0,6.0,75105,M,,,75
201000060737,10,5,30,1223,1,2,4,1.0,6.0,75105,M,,,75
201000060738,10,6,1,1020,1,2,1,8.0,3.0,75105,M,,,75
201000060739,10,6,2,1805,1,2,5,1.0,2.0,75105,M,,,75
201000060740,10,6,7,930,1,2,3,1.0,6.0,75105,M,,,75
201000060741,10,6,7,1700,1,2,2,1.0,6.0,75105,M,,,75
201000060742,10,6,9,952,1,2,3,2.0,3.0,75105,M,,,75
201000060743,10,6,9,1535,1,2,1,2.0,3.0,75105,M,,,75
201000060744,10,6,10,1105,1,2,2,8.0,6.0,75105,M,,,75
201000060745,10,6,10,1315,1,2,2,8.0,6.0,75105,M,,,75
201000060746,10,6,11,1600,1,2,2,1.0,3.0,75105,M,,,75
201000060747,10,6,12,430,5,2,2,3.0,6.0,75105,M,,,75
201000060748,10,6,15,1240,1,2,2,1.0,3.0,75105,M,,,75
201000060749,10,6,17,428,5,2,2,1.0,3.0,75105,M,,,75
201000060750,10,6,22,2210,5,2,2,1.0,3.0,75105,M,,,75
201000060751,10,6,24,1610,1,2,4,1.0,3.0,75105,M,,,75
201000060752,10,6,25,1535,1,2,1,1.0,6.0,75105,M,,,75
201000060753,10,6,26,100,5,2,2,1.0,6.0,75105,M,,,75
201000060754,10,6,26,1830,1,2,1,1.0,2.0,75105,M,,,75
201000060755,10,6,29,1555,1,2,5,1.0,6.0,75105,M,,,75
201000060756,10,6,29,1750,1,2,3,1.0,6.0,75105,M,,,75
201000060757,10,6,30,2045,2,2,1,1.0,6.0,75105,M,,,75
201000060758,10,7,1,2350,5,2,1,1.0,7.0,75105,M,,,75
201000060759,10,7,3,1745,1,2,1,1.0,6.0,75105,M,,,75
201000060760,10,7,3,1825,1,2,1,8.0,1.0,75105,M,,,75
201000060761,10,7,6,1420,1,2,5,1.0,3.0,75105,M,,,75
201000060762,10,7,9,2150,5,2,1,1.0,3.0,75105,M,,,75
201000060763,10,7,11,1315,1,2,2,1.0,3.0,75105,M,,,75
201000060764,10,7,14,355,5,2,5,1.0,6.0,75105,M,,,75
201000060765,10,7,14,1155,1,2,5,3.0,7.0,75105,M,,,75
201000060766,10,7,19,1450,1,2,5,1.0,2.0,75105,M,,,75
201000060767,10,7,26,1225,1,2,2,1.0,3.0,75105,M,,,75
201000060768,10,7,26,1940,1,2,2,1.0,1.0,75105,M,,,75
201000060769,10,8,1,1725,1,2,1,8.0,3.0,75105,M,,,75
201000060770,10,8,3,840,1,2,5,9.0,2.0,75105,M,,,75
201000060771,10,8,6,2110,2,2,5,1.0,3.0,75105,M,,,75
201000060772,10,8,10,1140,1,2,5,1.0,2.0,75105,M,,,75
201000060773,10,8,10,1835,1,2,2,1.0,6.0,75105,M,,,75
201000060774,10,8,19,1640,1,2,2,1.0,6.0,75105,M,,,75
201000060775,10,8,21,100,5,2,3,1.0,3.0,75105,M,,,75
201000060776,10,8,21,940,1,2,1,1.0,6.0,75105,M,,,75
201000060777,10,8,30,810,1,2,1,1.0,6.0,75105,M,,,75
201000060778,10,9,1,840,1,2,1,1.0,2.0,75105,M,,,75
201000060779,10,9,2,1420,1,2,2,1.0,3.0,75105,M,,,75
201000060780,10,9,2,1910,1,2,2,1.0,3.0,75105,M,,,75
201000060781,10,9,4,1000,1,2,3,1.0,6.0,75105,M,,,75
201000060782,10,9,6,1105,1,2,2,1.0,6.0,75105,M,,,75
201000060783,10,9,7,1600,1,2,2,1.0,6.0,75105,M,,,75
201000060784,10,9,9,1530,1,2,2,1.0,3.0,75105,M,,,75
201000060785,10,9,10,1825,1,2,2,1.0,3.0,75105,M,,,75
201000060786,10,9,8,1830,2,2,2,2.0,7.0,75105,M,,,75
201000060787,10,9,11,1255,1,2,3,1.0,3.0,75105,M,,,75
201000060788,10,9,11,1633,1,2,5,1.0,2.0,75105,M,,,75
201000060789,10,9,10,910,1,2,2,1.0,6.0,75105,M,,,75
201000060790,10,9,10,1220,1,2,2,1.0,6.0,75105,M,,,75
201000060791,10,9,15,910,1,2,1,2.0,2.0,75105,M,,,75
201000060792,10,9,15,1907,1,2,5,1.0,3.0,75105,M,,,75
201000060793,10,9,17,1340,1,2,3,1.0,6.0,75105,M,,,75
201000060794,10,9,17,2130,5,2,1,1.0,3.0,75113,M,,,75
201000060795,10,9,19,500,5,2,2,1.0,1.0,75105,M,,,75
201000060796,10,9,21,1954,5,2,5,1.0,3.0,75105,M,,,75
201000060797,10,9,23,1915,1,2,1,1.0,3.0,75105,M,,,75
201000060798,10,9,24,1355,1,2,1,1.0,6.0,75105,M,,,75
201000060799,10,9,24,1625,1,2,2,8.0,6.0,75105,M,,,75
201000060800,10,9,25,1255,1,2,2,1.0,6.0,75105,M,,,75
201000060801,10,9,28,1820,1,2,2,1.0,3.0,75105,M,,,75
201000060802,10,10,1,2030,5,2,2,3.0,6.0,75105,M,,,75
201000060803,10,10,6,1025,1,2,1,1.0,3.0,75105,M,,,75
201000060804,10,10,6,1540,1,2,3,2.0,3.0,75105,M,,,75
201000060805,10,10,8,1015,1,2,2,1.0,3.0,75105,M,,,75
201000060806,10,10,9,1940,5,2,1,1.0,2.0,75105,M,,,75
201000060807,10,10,12,950,1,2,1,1.0,3.0,75105,M,,,75
201000060808,10,10,13,855,1,2,2,1.0,3.0,75105,M,,,75
201000060809,10,10,13,2000,3,2,1,1.0,3.0,75105,M,,,75
201000060810,10,10,18,945,1,2,2,1.0,6.0,75105,M,,,75
201000060811,10,10,18,1205,1,2,3,1.0,6.0,75105,M,,,75
201000060812,10,10,18,1545,1,2,7,1.0,6.0,75105,M,,,75
201000060813,10,10,20,1905,5,2,1,1.0,1.0,75105,M,,,75
201000060814,10,10,21,2353,5,2,3,1.0,6.0,75105,M,,,75
201000060815,10,10,22,1845,5,2,2,1.0,7.0,75104,M,,,75
201000060816,10,10,22,2000,5,2,2,1.0,6.0,75105,M,,,75
201000060817,10,10,22,2025,5,2,1,1.0,3.0,75105,M,,,75
201000060818,10,10,24,1900,5,2,5,1.0,6.0,75105,M,,,75
201000060819,10,10,27,1940,5,2,2,2.0,6.0,75113,M,,,75
201000060820,10,10,28,2020,5,2,5,1.0,3.0,75105,M,,,75
201000060821,10,11,4,1225,1,2,1,1.0,6.0,75105,M,,,75
201000060822,10,11,6,1605,1,2,1,2.0,6.0,75105,M,,,75
201000060823,10,11,7,25,5,2,1,2.0,6.0,75105,M,,,75
201000060824,10,11,7,1628,1,2,7,8.0,7.0,75105,M,,,75
201000060825,10,11,8,912,1,2,5,8.0,3.0,75105,M,,,75
201000060826,10,11,8,1837,5,2,1,2.0,7.0,75105,M,,,75
201000060827,10,11,10,635,3,2,5,2.0,6.0,75105,M,,,75
201000060828,10,11,10,1750,5,2,3,1.0,6.0,75105,M,,,75
201000060829,10,11,12,1110,1,2,1,8.0,3.0,75105,M,,,75
201000060830,10,11,13,1100,1,2,5,2.0,7.0,75105,M,,,75
201000060831,10,11,13,2045,5,2,5,2.0,6.0,75105,M,,,75
201000060832,10,11,15,2045,5,2,5,2.0,6.0,75105,M,,,75
201000060833,10,11,18,1940,5,2,2,2.0,6.0,75105,M,,,75
201000060834,10,11,19,1150,1,2,2,1.0,6.0,75105,M,,,75
201000060835,10,11,20,1555,1,2,1,1.0,6.0,75105,M,,,75
201000060836,10,11,24,1425,1,2,1,1.0,3.0,75105,M,,,75
201000060837,10,11,24,1810,5,2,3,1.0,3.0,75105,M,,,75
201000060838,10,11,26,1655,1,2,2,2.0,6.0,75105,M,,,75
201000060839,10,11,30,1045,1,2,5,1.0,2.0,75105,M,,,75
201000060840,10,11,30,1230,1,2,5,1.0,3.0,75105,M,,,75
201000060841,10,12,2,2115,5,2,1,1.0,6.0,75113,M,,,75
201000060842,10,12,3,2000,5,2,2,1.0,2.0,75105,M,,,75
201000060843,10,12,6,1812,5,2,1,4.0,2.0,75105,M,,,75
201000060844,10,12,8,103,5,2,3,2.0,6.0,75105,M,,,75
201000060845,10,12,14,945,1,2,1,9.0,7.0,75105,M,,,75
201000060846,10,12,16,1555,1,2,2,1.0,2.0,75105,M,,,75
201000060847,10,12,17,1140,1,2,5,1.0,6.0,75105,M,,,75
201000060848,10,12,17,2145,5,2,5,4.0,3.0,75105,M,,,75
201000060849,10,12,28,1855,5,2,5,1.0,3.0,75105,M,,,75
201000060850,10,12,30,1745,2,2,1,1.0,2.0,75105,M,,,75
201000060851,10,1,2,2100,5,2,1,1.0,6.0,75106,M,,,75
201000060852,10,1,3,1400,1,2,5,1.0,6.0,75106,M,,,75
201000060853,10,1,7,1000,1,2,2,4.0,6.0,75106,M,,,75
201000060854,10,1,8,1300,1,2,5,1.0,3.0,75106,M,,,75
201000060855,10,1,14,1105,1,2,3,1.0,7.0,75106,M,,,75
201000060856,10,1,18,1155,1,2,5,2.0,3.0,75106,M,,,75
201000060857,10,1,18,1735,2,2,3,1.0,6.0,75106,M,,,75
201000060858,10,1,19,1820,5,2,3,1.0,3.0,75106,M,,,75
201000060859,10,1,19,1715,1,2,1,1.0,6.0,75106,M,,,75
201000060860,10,1,21,915,1,2,2,2.0,6.0,75106,M,,,75
201000060861,10,1,22,1811,2,2,3,1.0,2.0,75106,M,,,75
201000060862,10,1,26,2000,5,2,1,1.0,3.0,75106,M,,,75
201000060863,10,1,28,1430,1,2,5,1.0,3.0,75106,M,,,75
201000060864,10,1,29,825,1,2,3,2.0,3.0,75106,M,,,75
201000060865,10,1,29,1020,1,2,1,2.0,6.0,75106,M,,,75
201000060866,10,2,3,430,5,2,5,2.0,3.0,75106,M,,,75
201000060867,10,2,3,1640,1,2,2,1.0,6.0,75106,M,,,75
201000060868,10,2,4,1635,1,2,2,1.0,6.0,75106,M,,,75
201000060869,10,2,4,1820,5,2,2,1.0,6.0,75106,M,,,75
201000060870,10,2,7,1210,1,2,2,1.0,3.0,75106,M,,,75
201000060871,10,2,7,1540,1,2,4,1.0,3.0,75106,M,,,75
201000060872,10,2,10,30,5,2,5,1.0,6.0,75106,M,,,75
201000060873,10,2,18,1640,1,2,1,2.0,6.0,75106,M,,,75
201000060874,10,2,21,1620,1,2,1,1.0,3.0,75106,M,,,75
201000060875,10,2,24,1952,5,2,3,2.0,7.0,75106,M,,,75
201000060876,10,2,27,1630,1,2,5,2.0,3.0,75106,M,,,75
201000060877,10,3,9,2025,5,2,2,1.0,6.0,75106,M,,,75
201000060878,10,3,9,2355,4,2,1,1.0,6.0,75106,M,,,75
201000060879,10,3,12,1640,1,2,1,1.0,4.0,75106,M,,,75
201000060880,10,3,15,1740,1,2,1,1.0,3.0,75106,M,,,75
201000060881,10,3,19,1905,5,2,1,2.0,3.0,75106,M,,,75
201000060882,10,3,19,1916,5,2,4,2.0,6.0,75106,M,,,75
201000060883,10,3,20,20,5,2,2,1.0,3.0,75106,M,,,75
201000060884,10,3,19,2045,5,2,1,3.0,6.0,75106,M,,,75
201000060885,10,3,20,2155,5,2,5,2.0,7.0,75106,M,,,75
201000060886,10,3,22,1005,1,2,1,1.0,7.0,75106,M,,,75
201000060887,10,3,23,1445,1,2,5,1.0,3.0,75106,M,,,75
201000060888,10,3,23,1845,1,2,5,1.0,3.0,75106,M,,,75
201000060889,10,3,24,130,5,2,5,1.0,1.0,75105,M,,,75
201000060890,10,3,26,1835,1,2,2,1.0,3.0,75106,M,,,75
201000060891,10,3,30,1215,1,2,5,1.0,3.0,75106,M,,,75
201000060892,10,3,30,1930,1,2,5,1.0,5.0,75106,M,,,75
201000060893,10,3,30,2015,5,2,3,9.0,6.0,75106,M,,,75
201000060894,10,3,31,1740,1,2,1,1.0,6.0,75106,M,,,75
201000060895,10,3,31,2010,2,2,1,1.0,6.0,75106,M,,,75
201000060896,10,4,2,1000,1,2,3,8.0,7.0,75106,M,,,75
201000060897,10,4,5,1930,1,2,5,1.0,3.0,75106,M,,,75
201000060898,10,4,12,1925,1,2,1,1.0,7.0,75106,M,,,75
201000060899,10,4,13,1030,1,2,3,1.0,6.0,75106,M,,,75
201000060900,10,4,13,1720,1,2,1,1.0,6.0,75106,M,,,75
201000060901,10,4,15,2000,2,2,1,2.0,6.0,75106,M,,,75
201000060902,10,4,16,1320,1,2,1,1.0,3.0,75106,M,,,75
201000060903,10,4,16,2035,2,2,5,1.0,6.0,75106,M,,,75
201000060904,10,4,17,523,5,2,5,1.0,3.0,75106,M,,,75
201000060905,10,4,17,1840,1,2,3,1.0,6.0,75106,M,,,75
201000060906,10,4,21,1015,1,2,3,1.0,6.0,75106,M,,,75
201000060907,10,4,22,2328,5,2,1,1.0,6.0,75106,M,,,75
201000060908,10,4,26,915,1,2,3,1.0,3.0,75106,M,,,75
201000060909,10,5,5,1115,1,2,1,1.0,6.0,75106,M,,,75
201000060910,10,5,8,1925,1,2,2,2.0,5.0,75106,M,,,75
201000060911,10,5,9,130,5,2,5,2.0,3.0,75106,M,,,75
201000060912,10,5,11,910,1,2,2,2.0,7.0,75106,M,,,75
201000060913,10,5,11,955,1,2,2,2.0,7.0,75106,M,,,75
201000060914,10,5,11,1715,1,2,1,2.0,7.0,75106,M,,,75
201000060915,10,5,14,2357,5,2,1,1.0,3.0,75106,M,,,75
201000060916,10,5,19,1140,1,2,2,1.0,3.0,75106,M,,,75
201000060917,10,5,20,650,2,2,2,1.0,3.0,75106,M,,,75
201000060918,10,5,22,1200,1,2,5,1.0,6.0,75106,M,,,75
201000060919,10,5,26,1710,1,2,3,2.0,6.0,75106,M,,,75
201000060920,10,5,27,1540,1,2,1,2.0,2.0,75106,M,,,75
201000060921,10,5,28,1915,1,2,2,1.0,3.0,75106,M,,,75
201000060922,10,5,29,1645,1,2,1,1.0,3.0,75106,M,,,75
201000060923,10,5,29,1810,1,2,1,8.0,7.0,75106,M,,,75
201000060924,10,6,1,1810,1,2,1,2.0,6.0,75114,M,,,75
201000060925,10,6,1,2100,1,2,3,1.0,6.0,75106,M,,,75
201000060926,10,6,3,1445,1,2,4,1.0,2.0,75106,M,,,75
201000060927,10,6,4,1045,1,2,1,1.0,6.0,75106,M,,,75
201000060928,10,6,5,400,5,2,1,1.0,3.0,75106,M,,,75
201000060929,10,6,8,1935,1,2,2,1.0,3.0,75106,M,,,75
201000060930,10,6,8,1950,2,2,5,1.0,3.0,75106,M,,,75
201000060931,10,6,10,1705,1,2,2,1.0,6.0,75106,M,,,75
201000060932,10,6,12,1110,1,2,2,8.0,3.0,75106,M,,,75
201000060933,10,6,13,2348,5,2,2,1.0,6.0,75106,M,,,75
201000060934,10,6,18,1410,1,2,1,1.0,6.0,75106,M,,,75
201000060935,10,6,20,1915,1,2,1,1.0,6.0,75106,M,,,75
201000060936,10,6,21,1700,1,2,2,2.0,6.0,75106,M,,,75
201000060937,10,6,21,1720,1,1,2,1.0,4.0,75106,M,,,75
201000060938,10,6,23,955,1,2,1,1.0,6.0,75106,M,,,75
201000060939,10,6,23,1625,1,2,1,1.0,6.0,75106,M,,,75
201000060940,10,6,25,1830,1,2,1,1.0,1.0,75106,M,,,75
201000060941,10,6,26,623,2,2,2,1.0,3.0,75106,M,,,75
201000060942,10,6,28,710,1,2,2,1.0,6.0,75106,M,,,75
201000060943,10,6,29,905,1,2,1,1.0,6.0,75106,M,,,75
201000060944,10,6,30,1315,1,2,1,1.0,2.0,75106,M,,,75
201000060945,10,6,30,1910,1,2,1,1.0,3.0,75106,M,,,75
201000060946,10,6,30,1835,1,2,1,1.0,3.0,75106,M,,,75
201000060947,10,7,1,1815,1,2,1,1.0,6.0,75106,M,,,75
201000060948,10,7,5,2045,1,2,4,1.0,3.0,75106,M,,,75
201000060949,10,7,11,2010,2,2,2,1.0,6.0,75106,M,,,75
201000060950,10,7,12,1515,1,2,2,1.0,7.0,75106,M,,,75
201000060951,10,7,14,1130,1,2,2,3.0,3.0,75106,M,,,75
201000060952,10,7,16,1945,1,2,3,1.0,4.0,75106,M,,,75
201000060953,10,7,17,2334,5,2,3,1.0,3.0,75106,M,,,75
201000060954,10,7,23,1030,1,2,2,1.0,6.0,75106,M,,,75
201000060955,10,7,24,1915,1,2,5,1.0,7.0,75106,M,,,75
201000060956,10,7,26,1150,1,2,1,1.0,2.0,75106,M,,,75
201000060957,10,7,28,135,5,2,2,1.0,2.0,75106,M,,,75
201000060958,10,7,28,1415,1,2,5,1.0,6.0,75106,M,,,75
201000060959,10,7,31,339,5,2,1,1.0,6.0,75106,M,,,75
201000060960,10,8,3,1255,1,2,2,1.0,6.0,75106,M,,,75
201000060961,10,8,7,2000,1,2,2,1.0,6.0,75106,M,,,75
201000060962,10,8,8,1530,1,2,5,1.0,3.0,75106,M,,,75
201000060963,10,8,8,1700,1,2,5,1.0,2.0,75106,M,,,75
201000060964,10,8,14,1620,1,2,3,1.0,2.0,75106,M,,,75
201000060965,10,8,17,1735,1,2,5,1.0,3.0,75106,M,,,75
201000060966,10,8,22,2230,5,2,5,1.0,3.0,75106,M,,,75
201000060967,10,8,24,1220,1,2,5,1.0,3.0,75106,M,,,75
201000060968,10,8,24,1320,1,2,5,1.0,6.0,75106,M,,,75
201000060969,10,8,30,825,1,2,1,1.0,6.0,75106,M,,,75
201000060970,10,8,30,2020,5,2,3,1.0,6.0,75106,M,,,75
201000060971,10,9,8,950,1,2,1,2.0,6.0,75106,M,,,75
201000060972,10,9,8,1425,1,2,3,3.0,2.0,75106,M,,,75
201000060973,10,9,11,1525,1,2,1,1.0,4.0,75106,M,,,75
201000060974,10,9,17,1520,1,2,1,1.0,6.0,75106,M,,,75
201000060975,10,9,20,1600,1,2,1,1.0,3.0,75106,M,,,75
201000060976,10,9,21,725,1,2,1,1.0,3.0,75106,M,,,75
201000060977,10,12,8,1150,1,2,2,4.0,3.0,75106,M,,,75
201000060978,10,9,24,1310,1,2,1,1.0,7.0,75106,M,,,75
201000060979,10,9,26,1530,1,2,2,2.0,1.0,75106,M,,,75
201000060980,10,9,26,1950,5,2,7,2.0,2.0,75106,M,,,75
201000060981,10,9,30,920,1,2,5,2.0,7.0,75106,M,,,75
201000060982,10,10,1,950,1,2,2,1.0,2.0,75106,M,,,75
201000060983,10,10,2,915,1,2,2,1.0,6.0,75106,M,,,75
201000060984,10,10,4,1235,1,2,3,2.0,6.0,75106,M,,,75
201000060985,10,10,5,1100,1,2,2,2.0,6.0,75106,M,,,75
201000060986,10,10,5,1818,1,2,4,2.0,7.0,75106,M,,,75
201000060987,10,10,5,2353,5,2,2,2.0,6.0,75106,M,,,75
201000060988,10,10,8,2045,5,2,1,1.0,6.0,75106,M,,,75
201000060989,10,10,10,1555,1,2,5,1.0,6.0,75106,M,,,75
201000060990,10,10,11,845,1,2,1,1.0,6.0,75106,M,,,75
201000060991,10,10,11,1310,1,2,1,1.0,6.0,75106,M,,,75
201000060992,10,10,11,1807,1,2,5,1.0,6.0,75106,M,,,75
201000060993,10,10,12,1645,1,2,2,1.0,3.0,75107,M,,,75
201000060994,10,10,13,2109,5,2,4,1.0,6.0,75106,M,,,75
201000060995,10,10,14,1616,1,2,1,1.0,6.0,75106,M,,,75
201000060996,10,10,16,1515,1,2,2,2.0,7.0,75106,M,,,75
201000060997,10,10,18,1015,1,2,3,1.0,6.0,75106,M,,,75
201000060998,10,10,19,750,1,2,1,1.0,6.0,75106,M,,,75
201000060999,10,10,25,900,1,2,3,1.0,7.0,75106,M,,,75
201000061000,10,10,26,950,1,2,5,1.0,7.0,75106,M,,,75
201000061001,10,10,31,1420,1,2,1,1.0,6.0,75106,M,,,75
201000061002,10,11,1,104,5,2,1,1.0,6.0,75106,M,,,75
201000061003,10,11,3,905,1,2,1,1.0,3.0,75106,M,,,75
201000061004,10,11,6,1915,5,2,1,2.0,6.0,75106,M,,,75
201000061005,10,11,7,529,5,2,2,2.0,3.0,75106,M,,,75
201000061006,10,11,6,2116,5,2,4,2.0,6.0,75106,M,,,75
201000061007,10,11,8,820,1,2,1,1.0,7.0,75106,M,,,75
201000061008,10,11,10,150,5,2,4,2.0,3.0,75106,M,,,75
201000061009,10,11,13,101,5,2,5,2.0,3.0,75106,M,,,75
201000061010,10,11,14,1750,5,2,1,9.0,2.0,75106,M,,,75
201000061011,10,11,15,1521,1,2,1,1.0,6.0,75106,M,,,75
201000061012,10,11,17,1715,2,2,1,1.0,6.0,75106,M,,,75
201000061013,10,11,17,1815,5,2,1,1.0,6.0,75106,M,,,75
201000061014,10,11,19,2130,5,2,1,1.0,6.0,75106,M,,,75
201000061015,10,11,21,357,5,2,3,2.0,6.0,75106,M,,,75
201000061016,10,11,23,1603,1,2,1,8.0,3.0,75106,M,,,75