Num_Acc,an,mois,jour,hrmn,lum,agg,int,atm,col,com,gps,lat,long,dep
201000061017,10,11,23,1710,5,2,7,1.0,2.0,75106,M,,,75
201000061018,10,11,25,945,1,2,3,1.0,7.0,75106,M,,,75
201000061019,10,11,26,255,5,2,2,1.0,3.0,75106,M,,,75
201000061020,10,11,26,1330,1,2,3,1.0,2.0,75106,M,,,75
201000061021,10,11,27,235,5,2,1,1.0,7.0,75106,M,,,75
201000061022,10,11,27,2110,5,2,5,1.0,6.0,75106,M,,,75
201000061023,10,11,28,2200,5,2,5,6.0,7.0,75106,M,,,75
201000061024,10,11,30,1115,1,2,5,1.0,3.0,75106,M,,,75
201000061025,10,11,30,1235,1,2,2,1.0,2.0,75106,M,,,75
201000061026,10,11,30,1945,5,2,1,1.0,7.0,75106,M,,,75
201000061027,10,12,1,1505,1,2,2,4.0,6.0,75106,M,,,75
201000061028,10,12,3,2135,5,2,4,1.0,7.0,75106,M,,,75
201000061029,10,12,4,2010,5,2,5,9.0,6.0,75106,M,,,75
201000061030,10,12,6,1500,1,2,5,1.0,6.0,75106,M,,,75
201000061031,10,12,6,1500,1,2,3,1.0,6.0,75106,M,,,75
201000061032,10,12,6,1830,5,2,5,1.0,3.0,75106,M,,,75
201000061033,10,12,6,2145,5,2,3,1.0,3.0,75106,M,,,75
201000061034,10,12,7,1830,5,2,4,2.0,6.0,75106,M,,,75
201000061035,10,12,9,945,1,2,1,4.0,7.0,75106,M,,,75
201000061036,10,12,9,1355,1,2,1,1.0,6.0,75106,M,,,75
201000061037,10,12,10,1415,1,2,1,1.0,7.0,75106,M,,,75
201000061038,10,12,13,1900,5,2,5,1.0,6.0,75106,M,,,75
201000061039,10,12,16,2120,5,2,1,2.0,3.0,75106,M,,,75
201000061040,10,12,17,40,5,2,5,3.0,7.0,75106,M,,,75
201000061041,10,12,17,1905,5,2,5,4.0,6.0,75106,M,,,75
201000061042,10,12,21,1550,1,2,2,8.0,6.0,75106,M,,,75
201000061043,10,12,21,1717,5,2,2,9.0,3.0,75106,M,,,75
201000061044,10,6,1,2000,1,2,5,2.0,7.0,75106,M,,,75
201000061045,10,1,2,1740,5,2,2,1.0,6.0,75107,M,,,75
201000061046,10,1,7,910,1,2,3,4.0,7.0,75107,M,,,75
201000061047,10,1,7,1030,1,2,1,4.0,7.0,75107,M,,,75
201000061048,10,1,11,1040,1,2,1,8.0,6.0,75107,M,,,75
201000061049,10,1,14,1345,1,2,1,1.0,6.0,75107,M,,,75
201000061050,10,1,14,2328,5,2,5,1.0,3.0,75107,M,,,75
201000061051,10,1,18,1635,1,2,1,1.0,6.0,75107,M,,,75
201000061052,10,1,20,1440,1,2,2,3.0,7.0,75107,M,,,75
201000061053,10,1,21,2055,5,2,5,1.0,6.0,75107,M,,,75
201000061054,10,1,23,1514,1,2,3,8.0,6.0,75107,M,,,75
201000061055,10,2,3,1715,5,2,5,1.0,4.0,75107,M,,,75
201000061056,10,2,4,1815,5,2,3,1.0,3.0,75107,M,,,75
201000061057,10,2,5,1655,1,2,1,7.0,6.0,75107,M,,,75
201000061058,10,2,12,1855,5,2,2,1.0,6.0,75107,M,,,75
201000061059,10,2,18,1355,1,2,3,2.0,6.0,75107,M,,,75
201000061060,10,2,22,740,1,2,3,1.0,6.0,75107,M,,,75
201000061061,10,2,22,2250,5,2,1,2.0,2.0,75107,M,,,75
201000061062,10,2,23,1925,5,2,1,8.0,3.0,75107,M,,,75
201000061063,10,2,23,935,1,2,2,3.0,3.0,75107,M,,,75
201000061064,10,3,2,925,1,2,2,1.0,3.0,75107,M,,,75
201000061065,10,3,2,1440,1,2,1,1.0,6.0,75107,M,,,75
201000061066,10,3,2,2050,3,2,2,1.0,3.0,75107,M,,,75
201000061067,10,3,5,420,5,2,5,1.0,7.0,75107,M,,,75
201000061068,10,3,5,1330,1,2,3,1.0,2.0,75107,M,,,75
201000061069,10,3,5,2035,5,2,3,1.0,3.0,75107,M,,,75
201000061070,10,3,7,2125,5,2,2,1.0,6.0,75107,M,,,75
201000061071,10,3,9,1100,1,2,2,1.0,3.0,75107,M,,,75
201000061072,10,3,10,1605,1,2,1,1.0,3.0,75107,M,,,75
201000061073,10,3,11,1310,1,2,5,1.0,6.0,75107,M,,,75
201000061074,10,3,12,1220,1,2,1,1.0,4.0,75107,M,,,75
201000061075,10,3,16,1824,1,2,5,1.0,6.0,75107,M,,,75
201000061076,10,3,19,1540,1,2,3,1.0,7.0,75107,M,,,75
201000061077,10,3,20,1850,5,2,2,2.0,3.0,75107,M,,,75
201000061078,10,3,24,1300,1,2,1,1.0,2.0,75107,M,,,75
201000061079,10,3,25,1545,1,2,3,1.0,6.0,75107,M,,,75
201000061080,10,3,31,1320,1,2,1,1.0,6.0,75107,M,,,75
201000061081,10,3,31,1330,1,2,3,2.0,2.0,75107,M,,,75
201000061082,10,3,31,1605,1,2,5,2.0,3.0,75107,M,,,75
201000061083,10,3,31,1910,1,2,2,1.0,6.0,75107,M,,,75
201000061084,10,4,1,2130,5,2,1,1.0,6.0,75107,M,,,75
201000061085,10,4,2,1410,1,2,5,3.0,6.0,75107,M,,,75
201000061086,10,4,2,1840,1,2,5,2.0,7.0,75107,M,,,75
201000061087,10,4,9,845,1,2,5,1.0,3.0,75107,M,,,75
201000061088,10,4,9,1440,1,2,1,1.0,3.0,75107,M,,,75
201000061089,10,4,9,1640,1,2,2,1.0,2.0,75107,M,,,75
201000061090,10,4,11,1440,1,2,1,1.0,6.0,75107,M,,,75
201000061091,10,4,12,1630,1,2,1,1.0,3.0,75107,M,,,75
201000061092,10,4,12,1650,1,2,3,1.0,6.0,75107,M,,,75
201000061093,10,4,13,1650,1,2,2,1.0,3.0,75107,M,,,75
201000061094,10,4,13,1845,2,2,5,1.0,7.0,75107,M,,,75
201000061095,10,4,14,1250,1,2,1,1.0,6.0,75107,M,,,75
201000061096,10,4,15,1300,1,2,2,1.0,3.0,75107,M,,,75
201000061097,10,4,16,1940,1,2,2,1.0,3.0,75107,M,,,75
201000061098,10,4,19,1040,1,2,5,1.0,4.0,75107,M,,,75
201000061099,10,4,20,705,2,2,1,1.0,3.0,75107,M,,,75
201000061100,10,4,21,1440,1,2,2,1.0,6.0,75107,M,,,75
201000061101,10,4,28,2053,5,2,1,1.0,2.0,75107,M,,,75
201000061102,10,4,29,1858,1,2,5,1.0,7.0,75107,M,,,75
201000061103,10,5,1,535,5,2,1,8.0,7.0,75107,M,,,75
201000061104,10,5,4,955,1,2,1,1.0,3.0,75107,M,,,75
201000061105,10,5,7,120,5,2,4,1.0,2.0,75107,M,,,75
201000061106,10,5,8,110,5,2,2,1.0,3.0,75107,M,,,75
201000061107,10,5,8,1610,1,2,2,1.0,6.0,75107,M,,,75
201000061108,10,5,10,2150,5,2,2,2.0,3.0,75107,M,,,75
201000061109,10,5,13,1100,1,2,1,1.0,6.0,75107,M,,,75
201000061110,10,5,15,2055,2,2,2,1.0,3.0,75115,M,,,75
201000061111,10,5,17,835,1,2,2,1.0,3.0,75107,M,,,75
201000061112,10,5,17,1225,1,2,3,1.0,6.0,75107,M,,,75
201000061113,10,5,17,2050,1,2,3,1.0,2.0,75107,M,,,75
201000061114,10,5,18,1550,1,2,1,1.0,3.0,75107,M,,,75
201000061115,10,5,21,820,1,2,7,1.0,3.0,75107,M,,,75
201000061116,10,5,21,1700,1,2,1,1.0,6.0,75107,M,,,75
201000061117,10,5,26,850,1,2,2,8.0,2.0,75107,M,,,75
201000061118,10,5,26,1750,1,2,1,8.0,7.0,75107,M,,,75
201000061119,10,5,27,1430,1,2,2,3.0,6.0,75107,M,,,75
201000061120,10,5,29,1020,1,2,5,1.0,3.0,75107,M,,,75
201000061121,10,6,1,1524,1,2,1,2.0,2.0,75107,M,,,75
201000061122,10,6,4,1515,1,2,5,1.0,3.0,75107,M,,,75
201000061123,10,6,5,825,1,2,1,1.0,2.0,75107,M,,,75
201000061124,10,6,5,1725,1,2,2,1.0,6.0,75107,M,,,75
201000061125,10,6,8,2120,2,2,2,1.0,3.0,75114,M,,,75
201000061126,10,6,9,1320,1,2,1,3.0,3.0,75107,M,,,75
201000061127,10,6,9,1900,1,2,1,2.0,6.0,75107,M,,,75
201000061128,10,6,10,915,1,2,2,2.0,1.0,75107,M,,,75
201000061129,10,6,12,2320,5,2,2,1.0,1.0,75115,M,,,75
201000061130,10,6,13,730,1,2,3,1.0,2.0,75107,M,,,75
201000061131,10,6,15,1415,1,2,1,1.0,4.0,75107,M,,,75
201000061132,10,6,16,200,5,2,1,1.0,7.0,75107,M,,,75
201000061133,10,6,16,1625,1,2,2,1.0,6.0,75107,M,,,75
201000061134,10,6,22,1230,2,2,1,1.0,6.0,75107,M,,,75
201000061135,10,6,23,1815,1,2,2,2.0,2.0,75107,M,,,75
201000061136,10,6,24,1440,1,2,1,1.0,3.0,75107,M,,,75
201000061137,10,6,25,1010,1,2,2,1.0,6.0,75107,M,,,75
201000061138,10,6,26,50,5,2,1,1.0,2.0,75107,M,,,75
201000061139,10,6,27,1945,1,2,2,1.0,3.0,75107,M,,,75
201000061140,10,6,30,120,5,2,1,1.0,6.0,75107,M,,,75
201000061141,10,7,1,1100,1,2,2,1.0,6.0,75107,M,,,75
201000061142,10,7,1,1105,1,2,1,1.0,6.0,75107,M,,,75
201000061143,10,7,1,1455,1,2,2,1.0,3.0,75107,M,,,75
201000061144,10,7,1,2305,5,2,1,1.0,7.0,75107,M,,,75
201000061145,10,7,3,2050,1,2,1,1.0,6.0,75107,M,,,75
201000061146,10,7,4,2300,5,2,1,1.0,6.0,75107,M,,,75
201000061147,10,7,5,1315,1,2,1,1.0,1.0,75107,M,,,75
201000061148,10,7,6,1530,1,2,3,1.0,1.0,75107,M,,,75
201000061149,10,7,8,928,1,2,3,1.0,6.0,75107,M,,,75
201000061150,10,7,9,2235,2,2,1,1.0,6.0,75107,M,,,75
201000061151,10,7,10,1950,1,2,3,1.0,3.0,75107,M,,,75
201000061152,10,7,13,815,1,2,3,8.0,3.0,75107,M,,,75
201000061153,10,7,15,1010,1,2,5,1.0,6.0,75107,M,,,75
201000061154,10,7,19,1935,1,2,1,1.0,3.0,75115,M,,,75
201000061155,10,7,23,2215,5,2,3,1.0,6.0,75107,M,,,75
201000061156,10,7,24,2310,5,2,3,1.0,6.0,75107,M,,,75
201000061157,10,7,26,2310,5,2,1,2.0,7.0,75107,M,,,75
201000061158,10,7,29,1545,1,2,1,1.0,6.0,75107,M,,,75
201000061159,10,7,29,1550,1,2,2,1.0,3.0,75107,M,,,75
201000061160,10,7,29,2050,1,2,2,1.0,3.0,75115,M,,,75
201000061161,10,7,31,1705,1,2,5,1.0,3.0,75107,M,,,75
201000061162,10,8,3,2305,5,2,3,1.0,6.0,75107,M,,,75
201000061163,10,8,4,2130,5,2,2,3.0,3.0,75107,M,,,75
201000061164,10,8,5,2200,5,2,3,1.0,6.0,75107,M,,,75
201000061165,10,8,10,925,1,2,3,1.0,3.0,75107,M,,,75
201000061166,10,8,11,1140,1,2,1,2.0,7.0,75107,M,,,75
201000061167,10,8,12,1835,1,2,1,1.0,2.0,75107,M,,,75
201000061168,10,8,20,50,5,2,3,1.0,6.0,75107,M,,,75
201000061169,10,8,20,1105,1,2,5,1.0,2.0,75107,M,,,75
201000061170,10,8,20,1750,1,2,1,1.0,3.0,75107,M,,,75
201000061171,10,8,20,2330,5,2,1,1.0,7.0,75107,M,,,75
201000061172,10,8,22,37,5,2,3,1.0,6.0,75107,M,,,75
201000061173,10,8,22,520,5,2,3,1.0,6.0,75107,M,,,75
201000061174,10,8,24,630,2,2,2,1.0,3.0,75107,M,,,75
201000061175,10,8,24,2230,5,2,3,1.0,6.0,75107,M,,,75
201000061176,10,8,25,903,1,2,5,1.0,6.0,75107,M,,,75
201000061177,10,8,26,1730,1,2,5,1.0,7.0,75107,M,,,75
201000061178,10,8,27,1815,1,2,2,8.0,3.0,75107,M,,,75
201000061179,10,8,28,1425,1,2,1,1.0,3.0,75107,M,,,75
201000061180,10,9,3,40,5,2,3,1.0,7.0,75107,M,,,75
201000061181,10,9,3,1710,1,2,3,1.0,3.0,75107,M,,,75
201000061182,10,9,4,1430,1,2,2,1.0,3.0,75107,M,,,75
201000061183,10,9,4,1200,1,2,3,1.0,2.0,75107,M,,,75
201000061184,10,9,7,810,1,2,5,1.0,6.0,75107,M,,,75
201000061185,10,9,7,945,1,2,1,8.0,3.0,75107,M,,,75
201000061186,10,9,10,915,1,2,3,1.0,6.0,75107,M,,,75
201000061187,10,9,11,2350,5,2,5,1.0,3.0,75107,M,,,75
201000061188,10,9,13,1900,1,2,1,1.0,3.0,75107,M,,,75
201000061189,10,9,14,1505,1,2,1,1.0,3.0,75107,M,,,75
201000061190,10,9,15,1820,1,2,2,1.0,3.0,75107,M,,,75
201000061191,10,9,18,2045,5,2,1,1.0,4.0,75107,M,,,75
201000061192,10,9,21,2155,5,2,2,1.0,4.0,75106,M,,,75
201000061193,10,9,23,1820,1,2,2,1.0,3.0,75107,M,,,75
201000061194,10,9,25,1850,2,2,2,1.0,6.0,75107,M,,,75
201000061195,10,9,27,820,1,2,5,1.0,3.0,75107,M,,,75
201000061196,10,9,27,1955,5,2,1,1.0,6.0,75107,M,,,75
201000061197,10,9,28,1145,1,2,1,8.0,7.0,75107,M,,,75
201000061198,10,9,29,1825,1,2,2,1.0,3.0,75107,M,,,75
201000061199,10,9,30,1710,1,2,2,1.0,6.0,75107,M,,,75
201000061200,10,10,1,1010,1,2,2,1.0,3.0,75107,M,,,75
201000061201,10,10,5,845,1,2,1,2.0,7.0,75107,M,,,75
201000061202,10,10,6,2055,5,2,1,2.0,6.0,75107,M,,,75
201000061203,10,10,7,715,2,2,1,1.0,3.0,75107,M,,,75
201000061204,10,10,7,2018,5,2,2,1.0,3.0,75107,M,,,75
201000061205,10,10,8,1400,1,2,1,1.0,3.0,75107,M,,,75
201000061206,10,10,11,1400,1,2,2,1.0,3.0,75107,M,,,75
201000061207,10,10,12,1114,1,2,5,1.0,3.0,75107,M,,,75
201000061208,10,10,12,1200,1,2,2,1.0,6.0,75107,M,,,75
201000061209,10,10,12,1615,1,2,2,1.0,2.0,75107,M,,,75
201000061210,10,10,12,1910,5,2,1,1.0,3.0,75107,M,,,75
201000061211,10,10,14,1155,1,2,1,1.0,3.0,75107,M,,,75
201000061212,10,10,14,1730,1,2,5,1.0,3.0,75107,M,,,75
201000061213,10,10,18,2015,5,2,3,1.0,6.0,75107,M,,,75
201000061214,10,10,20,1615,1,2,3,1.0,2.0,75107,M,,,75
201000061215,10,10,20,1610,1,2,3,1.0,2.0,75107,M,,,75
201000061216,10,10,21,925,1,2,2,1.0,6.0,75107,M,,,75
201000061217,10,10,23,140,3,2,3,1.0,6.0,75107,M,,,75
201000061218,10,10,24,2135,5,2,2,1.0,6.0,75107,M,,,75
201000061219,10,10,25,1010,1,2,2,1.0,7.0,75107,M,,,75
201000061220,10,10,25,1400,1,2,4,1.0,1.0,75107,M,,,75
201000061221,10,10,30,2320,4,2,3,1.0,6.0,75107,M,,,75
201000061222,10,10,31,1415,1,2,2,1.0,2.0,75107,M,,,75
201000061223,10,11,4,645,2,2,1,1.0,4.0,75107,M,,,75
201000061224,10,11,4,810,1,2,2,1.0,3.0,75107,M,,,75
201000061225,10,11,4,930,1,2,5,1.0,3.0,75107,M,,,75
201000061226,10,11,5,1900,5,2,2,1.0,3.0,75107,M,,,75
201000061227,10,11,9,904,1,2,3,2.0,3.0,75107,M,,,75
201000061228,10,11,16,1915,5,2,2,1.0,1.0,75107,M,,,75
201000061229,10,11,16,2035,5,2,2,1.0,2.0,75107,M,,,75
201000061230,10,11,17,1300,1,2,2,1.0,3.0,75107,M,,,75
201000061231,10,11,17,2205,5,2,1,2.0,7.0,75115,M,,,75
201000061232,10,11,18,1645,1,2,5,1.0,1.0,75107,M,,,75
201000061233,10,11,21,1550,1,2,2,2.0,2.0,75107,M,,,75
201000061234,10,11,21,2055,3,2,5,2.0,1.0,75107,M,,,75
201000061235,10,11,24,1815,5,2,1,1.0,7.0,75107,M,,,75
201000061236,10,11,26,800,1,2,2,1.0,6.0,75107,M,,,75
201000061237,10,11,26,1900,5,2,3,8.0,3.0,75107,M,,,75
201000061238,10,11,26,2230,5,2,1,8.0,3.0,75107,M,,,75
201000061239,10,11,30,2030,5,2,2,1.0,3.0,75107,M,,,75
201000061240,10,12,1,1525,1,2,3,4.0,7.0,75107,M,,,75
201000061241,10,12,3,1110,1,2,2,1.0,3.0,75107,M,,,75
201000061242,10,12,3,1615,1,2,2,1.0,3.0,75107,M,,,75
201000061243,10,12,6,1500,1,2,1,8.0,6.0,75107,M,,,75
201000061244,10,12,7,1155,1,2,2,4.0,6.0,75107,M,,,75
201000061245,10,12,7,1930,5,2,1,2.0,6.0,75107,M,,,75
201000061246,10,12,8,1040,1,2,2,2.0,6.0,75107,M,,,75
201000061247,10,12,8,1520,1,2,5,4.0,6.0,75107,M,,,75
201000061248,10,12,9,1855,5,2,2,9.0,6.0,75107,M,,,75
201000061249,10,12,11,1800,5,2,2,1.0,3.0,75115,M,,,75
201000061250,10,12,14,850,1,2,2,1.0,6.0,75107,M,,,75
201000061251,10,12,14,1340,1,2,5,1.0,6.0,75107,M,,,75
201000061252,10,12,15,815,1,2,2,1.0,6.0,75107,M,,,75
201000061253,10,12,17,1920,5,2,2,8.0,2.0,75107,M,,,75
201000061254,10,12,19,20,5,2,2,4.0,7.0,75107,M,,,75
201000061255,10,12,20,2000,3,2,4,2.0,3.0,75107,M,,,75
201000061256,10,12,28,2020,5,2,2,1.0,6.0,75107,M,,,75
201000061257,10,1,1,2115,5,2,2,1.0,3.0,75108,M,,,75
201000061258,10,1,2,2100,5,2,2,1.0,2.0,75108,M,,,75
201000061259,10,1,5,1545,1,2,5,1.0,3.0,75108,M,,,75
201000061260,10,1,5,1655,2,2,3,1.0,6.0,75108,M,,,75
201000061261,10,1,5,1915,5,2,5,1.0,3.0,75108,M,,,75
201000061262,10,1,8,1930,5,2,1,8.0,6.0,75108,M,,,75
201000061263,10,1,11,1700,2,2,5,1.0,3.0,75108,M,,,75
201000061264,10,1,13,1133,1,2,2,4.0,7.0,75108,M,,,75
201000061265,10,1,13,1935,5,2,1,1.0,7.0,75108,M,,,75
201000061266,10,1,13,2205,5,2,3,8.0,6.0,75108,M,,,75
201000061267,10,1,14,1335,1,2,5,1.0,6.0,75108,M,,,75
201000061268,10,1,15,955,1,2,1,1.0,3.0,75108,M,,,75
201000061269,10,1,16,1430,1,2,1,2.0,2.0,75108,M,,,75
201000061270,10,1,16,1720,5,2,2,2.0,6.0,75108,M,,,75
201000061271,10,1,17,2247,5,2,5,1.0,3.0,75108,M,,,75
201000061272,10,1,19,2120,5,2,5,1.0,6.0,75108,M,,,75
201000061273,10,1,19,2340,5,2,2,1.0,3.0,75108,M,,,75
201000061274,10,1,20,1505,1,2,1,2.0,7.0,75108,M,,,75
201000061275,10,1,20,2220,5,2,5,2.0,3.0,75117,M,,,75
201000061276,10,1,23,115,5,2,2,1.0,2.0,75108,M,,,75
201000061277,10,1,24,1545,1,2,5,8.0,6.0,75108,M,,,75
201000061278,10,1,25,1115,1,2,5,1.0,7.0,75108,M,,,75
201000061279,10,1,25,2230,5,2,5,1.0,2.0,75108,M,,,75
201000061280,10,1,27,115,5,2,5,1.0,3.0,75108,M,,,75
201000061281,10,1,27,920,1,2,2,1.0,6.0,75108,M,,,75
201000061282,10,1,27,1345,1,2,1,1.0,7.0,75108,M,,,75
201000061283,10,1,27,1825,5,2,1,1.0,6.0,75108,M,,,75
201000061284,10,1,28,212,5,2,5,2.0,3.0,75108,M,,,75
201000061285,10,2,2,1250,1,2,2,2.0,3.0,75108,M,,,75
201000061286,10,2,3,1100,1,2,3,8.0,6.0,75108,M,,,75
201000061287,10,2,6,1105,1,2,5,3.0,2.0,75108,M,,,75
201000061288,10,2,6,2115,5,2,1,8.0,6.0,75108,M,,,75
201000061289,10,2,7,806,1,2,2,2.0,6.0,75108,M,,,75
201000061290,10,2,8,1515,1,2,2,2.0,6.0,75108,M,,,75
201000061291,10,2,8,2045,5,2,1,1.0,6.0,75108,M,,,75
201000061292,10,2,8,2347,5,2,2,1.0,3.0,75108,M,,,75
201000061293,10,2,10,1445,1,2,1,2.0,3.0,75108,M,,,75
201000061294,10,2,10,1830,1,2,2,4.0,3.0,75108,M,,,75
201000061295,10,2,10,2115,5,2,2,1.0,6.0,75108,M,,,75
201000061296,10,2,12,1655,1,2,3,1.0,6.0,75108,M,,,75
201000061297,10,2,12,2030,5,2,2,1.0,3.0,75108,M,,,75
201000061298,10,2,13,56,5,2,3,1.0,2.0,75108,M,,,75
201000061299,10,2,15,1300,1,2,3,1.0,3.0,75108,M,,,75
201000061300,10,2,17,1145,1,2,1,2.0,4.0,75108,M,,,75
201000061301,10,2,18,1930,5,2,2,2.0,6.0,75108,M,,,75
201000061302,10,2,18,1815,5,2,4,1.0,3.0,75108,M,,,75
201000061303,10,2,18,2200,3,2,2,1.0,6.0,75108,M,,,75
201000061304,10,2,19,2200,5,2,5,1.0,6.0,75108,M,,,75
201000061305,10,2,20,1035,1,2,1,8.0,7.0,75108,M,,,75
201000061306,10,2,20,1930,5,2,1,1.0,6.0,75108,M,,,75
201000061307,10,2,22,830,1,2,4,1.0,3.0,75108,M,,,75
201000061308,10,2,22,2240,5,2,1,2.0,6.0,75108,M,,,75
201000061309,10,2,24,1915,5,2,1,2.0,3.0,75108,M,,,75
201000061310,10,2,25,940,1,2,1,2.0,7.0,75108,M,,,75
201000061311,10,3,1,1115,1,2,3,1.0,7.0,75108,M,,,75
201000061312,10,3,1,1325,1,2,3,1.0,6.0,75108,M,,,75
201000061313,10,3,2,905,1,2,2,1.0,2.0,75108,M,,,75
201000061314,10,3,2,1030,1,2,1,1.0,4.0,75108,M,,,75
201000061315,10,3,2,1615,1,2,5,1.0,6.0,75108,M,,,75
201000061316,10,3,4,2002,5,2,2,1.0,3.0,75108,M,,,75
201000061317,10,10,16,2350,5,2,4,1.0,7.0,75108,M,,,75
201000061318,10,3,6,725,1,2,2,1.0,6.0,75108,M,,,75
201000061319,10,10,30,525,5,2,2,2.0,3.0,75108,M,,,75
201000061320,10,3,8,1700,1,2,1,1.0,6.0,75108,M,,,75
201000061321,10,3,9,1435,1,2,2,1.0,3.0,75108,M,,,75
201000061322,10,3,9,1830,1,2,1,1.0,2.0,75108,M,,,75
201000061323,10,3,10,1210,1,2,1,1.0,3.0,75108,M,,,75
201000061324,10,3,11,1810,1,2,5,1.0,3.0,75108,M,,,75
201000061325,10,3,11,2355,5,2,2,1.0,3.0,75108,M,,,75
201000061326,10,3,10,1355,1,2,1,1.0,1.0,75108,M,,,75
201000061327,10,3,14,305,5,2,5,1.0,3.0,75108,M,,,75
201000061328,10,3,15,930,1,2,1,1.0,3.0,75108,M,,,75
201000061329,10,3,16,915,1,2,1,1.0,6.0,75108,M,,,75
201000061330,10,3,16,1200,1,2,5,1.0,3.0,75108,M,,,75
201000061331,10,3,16,1730,1,2,5,1.0,6.0,75108,M,,,75
201000061332,10,3,16,1955,5,2,1,1.0,4.0,75108,M,,,75
201000061333,10,3,17,1235,1,2,1,1.0,6.0,75108,M,,,75
201000061334,10,3,20,1145,1,2,2,2.0,6.0,75108,M,,,75
201000061335,10,3,23,820,1,2,2,1.0,6.0,75108,M,,,75
201000061336,10,3,23,1230,1,2,1,1.0,3.0,75108,M,,,75
201000061337,10,3,25,840,1,2,2,1.0,3.0,75108,M,,,75
201000061338,10,3,25,1215,1,2,5,2.0,3.0,75108,M,,,75
201000061339,10,3,25,1515,1,2,1,1.0,3.0,75108,M,,,75
201000061340,10,3,26,830,1,2,1,8.0,3.0,75108,M,,,75
201000061341,10,3,19,1300,1,2,5,1.0,6.0,75108,M,,,75
201000061342,10,3,27,2055,5,2,5,2.0,6.0,75108,M,,,75
201000061343,10,3,27,2305,5,1,5,1.0,7.0,75116,M,,,75
201000061344,10,3,28,645,2,2,1,1.0,6.0,75108,M,,,75
201000061345,10,3,29,2255,5,2,2,1.0,6.0,75108,M,,,75
201000061346,10,3,30,400,5,2,5,2.0,6.0,75108,M,,,75
201000061347,10,3,31,1850,1,2,5,1.0,3.0,75108,M,,,75
201000061348,10,4,1,1020,1,2,1,1.0,6.0,75108,M,,,75
201000061349,10,4,4,613,2,2,5,2.0,6.0,75108,M,,,75
201000061350,10,4,5,1625,1,2,3,1.0,6.0,75108,M,,,75
201000061351,10,4,6,900,1,2,1,1.0,3.0,75108,M,,,75
201000061352,10,4,6,1145,1,1,3,1.0,3.0,75108,M,,,75
201000061353,10,4,6,1658,1,2,2,1.0,3.0,75108,M,,,75
201000061354,10,4,7,1230,1,2,2,1.0,3.0,75108,M,,,75
201000061355,10,4,8,804,1,2,1,2.0,7.0,75108,M,,,75
201000061356,10,4,8,1840,1,2,5,1.0,6.0,75108,M,,,75
201000061357,10,4,9,925,1,2,3,1.0,3.0,75108,M,,,75
201000061358,10,4,9,1710,1,2,1,1.0,6.0,75108,M,,,75
201000061359,10,4,10,1430,1,2,5,1.0,3.0,75108,M,,,75
201000061360,10,4,12,705,1,2,1,1.0,6.0,75108,M,,,75
201000061361,10,4,12,925,1,2,2,1.0,4.0,75108,M,,,75
201000061362,10,4,12,930,1,2,3,1.0,3.0,75108,M,,,75
201000061363,10,4,12,1835,1,2,3,1.0,3.0,75108,M,,,75
201000061364,10,4,13,1800,1,2,1,1.0,4.0,75108,M,,,75
201000061365,10,4,14,1100,1,2,2,1.0,3.0,75108,M,,,75
201000061366,10,4,15,855,1,2,5,1.0,2.0,75108,M,,,75
201000061367,10,4,15,1046,1,2,1,1.0,6.0,75108,M,,,75
201000061368,10,4,15,950,1,2,1,1.0,3.0,75108,M,,,75
201000061369,10,4,15,1015,1,2,5,1.0,6.0,75108,M,,,75
201000061370,10,4,15,1500,1,2,2,1.0,3.0,75108,M,,,75
201000061371,10,4,16,700,1,2,1,1.0,7.0,75108,M,,,75
201000061372,10,4,16,1604,1,2,1,1.0,3.0,75108,M,,,75
201000061373,10,4,16,1500,1,2,5,1.0,3.0,75108,M,,,75
201000061374,10,4,17,2040,5,2,5,1.0,6.0,75108,M,,,75
201000061375,10,4,19,1630,1,2,1,1.0,5.0,75108,M,,,75
201000061376,10,4,20,900,1,2,7,1.0,7.0,75108,M,,,75
201000061377,10,4,20,1530,1,2,2,1.0,3.0,75108,M,,,75
201000061378,10,4,21,1530,1,2,2,1.0,3.0,75108,M,,,75
201000061379,10,4,21,1725,1,2,5,1.0,5.0,75108,M,,,75
201000061380,10,4,22,1100,1,2,2,1.0,3.0,75108,M,,,75
201000061381,10,4,23,1020,1,2,4,1.0,3.0,75108,M,,,75
201000061382,10,4,23,1303,1,2,1,1.0,6.0,75108,M,,,75
201000061383,10,4,24,1315,1,2,3,1.0,3.0,75108,M,,,75
201000061384,10,4,24,1700,1,2,5,1.0,6.0,75108,M,,,75
201000061385,10,4,24,2030,2,2,1,1.0,6.0,75108,M,,,75
201000061386,10,4,25,1650,1,2,5,1.0,6.0,75108,M,,,75
201000061387,10,4,25,2210,5,2,5,1.0,3.0,75108,M,,,75
201000061388,10,4,26,1720,1,2,5,1.0,3.0,75108,M,,,75
201000061389,10,4,27,1055,1,2,5,1.0,6.0,75108,M,,,75
201000061390,10,4,27,1730,1,2,5,1.0,7.0,75108,M,,,75
201000061391,10,4,29,1930,1,2,5,1.0,2.0,75108,M,,,75
201000061392,10,4,29,2100,5,2,5,1.0,7.0,75108,M,,,75
201000061393,10,4,29,2325,5,2,2,1.0,6.0,75108,M,,,75
201000061394,10,4,30,730,2,2,1,8.0,3.0,75108,M,,,75
201000061395,10,4,30,1705,1,2,1,1.0,7.0,75101,M,,,75
201000061396,10,4,30,1330,1,2,5,1.0,7.0,75108,M,,,75
201000061397,10,5,2,17,5,2,2,2.0,7.0,75108,M,,,75
201000061398,10,5,2,1240,1,2,3,1.0,2.0,75108,M,,,75
201000061399,10,5,3,1720,1,2,1,8.0,2.0,75108,M,,,75
201000061400,10,4,16,605,2,2,2,1.0,7.0,75108,M,,,75
201000061401,10,5,4,2241,5,2,5,1.0,3.0,75108,M,,,75
201000061402,10,5,5,850,1,2,2,1.0,7.0,75108,M,,,75