Num_Acc,an,mois,jour,hrmn,lum,agg,int,atm,col,com,gps,lat,long,dep
201000061403,10,5,5,1930,1,2,5,1.0,7.0,75108,M,,,75
201000061404,10,5,5,1905,1,2,2,1.0,6.0,75108,M,,,75
201000061405,10,5,6,950,1,2,5,1.0,6.0,75108,M,,,75
201000061406,10,5,6,1800,1,2,5,1.0,3.0,75108,M,,,75
201000061407,10,5,7,20,5,2,2,1.0,6.0,75108,M,,,75
201000061408,10,5,6,1400,1,2,4,1.0,3.0,75108,M,,,75
201000061409,10,5,7,1020,1,2,3,1.0,3.0,75108,M,,,75
201000061410,10,5,8,15,5,2,1,1.0,6.0,75108,M,,,75
201000061411,10,5,6,1200,1,2,1,1.0,7.0,75108,M,,,75
201000061412,10,5,11,1855,1,2,2,2.0,3.0,75108,M,,,75
201000061413,10,5,12,1918,1,2,2,1.0,2.0,75108,M,,,75
201000061414,10,5,13,39,5,2,5,1.0,6.0,75108,M,,,75
201000061415,10,5,14,1215,1,2,1,2.0,2.0,75108,M,,,75
201000061416,10,5,14,1845,1,2,4,2.0,2.0,75108,M,,,75
201000061417,10,5,16,1700,1,2,2,1.0,6.0,75108,M,,,75
201000061418,10,5,17,850,1,2,1,1.0,3.0,75108,M,,,75
201000061419,10,5,19,945,1,2,1,1.0,3.0,75108,M,,,75
201000061420,10,5,19,1905,1,2,1,1.0,7.0,75108,M,,,75
201000061421,10,5,21,1657,1,2,2,1.0,3.0,75108,M,,,75
201000061422,10,5,24,140,5,2,3,1.0,6.0,75108,M,,,75
201000061423,10,5,24,1540,1,2,2,1.0,3.0,75108,M,,,75
201000061424,10,5,25,1015,1,2,2,1.0,3.0,75108,M,,,75
201000061425,10,5,25,940,1,2,5,1.0,3.0,75108,M,,,75
201000061426,10,5,25,1130,1,2,5,1.0,3.0,75108,M,,,75
201000061427,10,5,26,825,1,2,1,8.0,7.0,75107,M,,,75
201000061428,10,5,26,935,1,2,2,1.0,3.0,75108,M,,,75
201000061429,10,5,26,950,1,2,1,1.0,3.0,75108,M,,,75
201000061430,10,5,27,915,1,2,5,1.0,3.0,75108,M,,,75
201000061431,10,5,27,1615,1,2,5,2.0,3.0,75108,M,,,75
201000061432,10,5,27,1650,1,2,1,2.0,6.0,75108,M,,,75
201000061433,10,5,27,1930,5,2,1,2.0,2.0,75108,M,,,75
201000061434,10,5,28,310,5,2,2,2.0,3.0,75108,M,,,75
201000061435,10,5,28,1735,1,2,1,1.0,6.0,75108,M,,,75
201000061436,10,5,28,2135,5,2,7,1.0,3.0,75108,M,,,75
201000061437,10,5,30,20,5,2,5,2.0,3.0,75108,M,,,75
201000061438,10,5,30,110,5,2,3,3.0,6.0,75108,M,,,75
201000061439,10,5,30,855,1,2,5,1.0,6.0,75108,M,,,75
201000061440,10,5,30,2130,3,2,5,1.0,3.0,75108,M,,,75
201000061441,10,5,31,1910,1,2,2,1.0,3.0,75108,M,,,75
201000061442,10,5,31,2050,1,2,1,1.0,3.0,75108,M,,,75
201000061443,10,6,1,39,5,2,1,1.0,7.0,75108,M,,,75
201000061444,10,6,1,1935,1,2,1,2.0,6.0,75108,M,,,75
201000061445,10,6,3,1630,1,2,1,1.0,3.0,75108,M,,,75
201000061446,10,6,4,110,5,2,2,1.0,2.0,75108,M,,,75
201000061447,10,6,4,1945,1,2,5,1.0,2.0,75108,M,,,75
201000061448,10,6,5,250,5,2,1,1.0,7.0,75108,M,,,75
201000061449,10,6,5,1900,1,2,3,1.0,3.0,75108,M,,,75
201000061450,10,6,6,30,5,2,1,1.0,3.0,75108,M,,,75
201000061451,10,6,8,1330,1,2,3,1.0,3.0,75108,M,,,75
201000061452,10,6,9,845,1,2,7,2.0,6.0,75108,M,,,75
201000061453,10,6,9,1000,1,2,2,2.0,6.0,75108,M,,,75
201000061454,10,6,9,1837,1,2,2,2.0,3.0,75108,M,,,75
201000061455,10,6,9,1925,1,2,7,2.0,6.0,75108,M,,,75
201000061456,10,6,10,1005,1,2,1,2.0,7.0,75108,M,,,75
201000061457,10,6,10,1405,1,2,7,1.0,6.0,75108,M,,,75
201000061458,10,6,12,130,5,2,2,3.0,6.0,75116,M,,,75
201000061459,10,6,14,755,2,2,7,1.0,3.0,75108,M,,,75
201000061460,10,6,14,1000,1,2,2,1.0,3.0,75108,M,,,75
201000061461,10,6,15,1135,1,2,4,1.0,6.0,75108,M,,,75
201000061462,10,6,15,1815,1,2,1,1.0,3.0,75108,M,,,75
201000061463,10,6,15,2030,1,2,2,1.0,3.0,75108,M,,,75
201000061464,10,6,16,925,1,2,1,1.0,3.0,75108,M,,,75
201000061465,10,6,16,1253,1,2,2,1.0,6.0,75108,M,,,75
201000061466,10,6,17,810,1,2,1,1.0,6.0,75108,M,,,75
201000061467,10,6,19,215,5,2,1,1.0,6.0,75108,M,,,75
201000061468,10,6,19,2120,2,2,1,1.0,7.0,75108,M,,,75
201000061469,10,6,23,1100,1,2,2,1.0,7.0,75108,M,,,75
201000061470,10,6,23,1300,1,2,2,1.0,3.0,75108,M,,,75
201000061471,10,6,24,830,1,2,5,1.0,1.0,75108,M,,,75
201000061472,10,6,24,1205,1,2,1,1.0,6.0,75108,M,,,75
201000061473,10,6,24,1445,1,2,2,1.0,3.0,75108,M,,,75
201000061474,10,6,24,1445,1,2,1,1.0,6.0,75108,M,,,75
201000061475,10,6,24,1800,1,2,9,1.0,3.0,75108,M,,,75
201000061476,10,6,25,1730,1,2,3,1.0,5.0,75108,M,,,75
201000061477,10,6,25,2100,1,2,2,1.0,7.0,75108,M,,,75
201000061478,10,6,28,545,2,2,2,1.0,1.0,75108,M,,,75
201000061479,10,6,28,600,1,2,2,1.0,6.0,75108,M,,,75
201000061480,10,6,29,1400,1,2,1,1.0,6.0,75108,M,,,75
201000061481,10,6,30,1510,1,2,1,1.0,6.0,75108,M,,,75
201000061482,10,7,1,1230,1,2,1,1.0,2.0,75108,M,,,75
201000061483,10,7,3,950,1,2,3,3.0,3.0,75108,M,,,75
201000061484,10,7,3,1250,1,2,5,1.0,2.0,75108,M,,,75
201000061485,10,7,4,1615,1,2,1,1.0,6.0,75108,M,,,75
201000061486,10,7,5,950,1,2,1,1.0,3.0,75108,M,,,75
201000061487,10,7,5,1840,1,2,3,1.0,6.0,75108,M,,,75
201000061488,10,7,6,715,1,2,2,1.0,7.0,75108,M,,,75
201000061489,10,7,6,1650,1,2,5,1.0,6.0,75108,M,,,75
201000061490,10,7,7,410,5,2,1,1.0,2.0,75108,M,,,75
201000061491,10,7,7,1515,1,2,2,1.0,3.0,75108,M,,,75
201000061492,10,7,7,2100,1,2,2,1.0,6.0,75108,M,,,75
201000061493,10,7,8,1732,1,2,3,1.0,7.0,75108,M,,,75
201000061494,10,7,8,1710,1,2,5,1.0,6.0,75108,M,,,75
201000061495,10,7,8,1900,1,2,2,1.0,3.0,75108,M,,,75
201000061496,10,7,9,250,5,2,5,1.0,3.0,75108,M,,,75
201000061497,10,7,9,920,1,2,2,1.0,6.0,75108,M,,,75
201000061498,10,7,9,1130,1,2,2,1.0,6.0,75108,M,,,75
201000061499,10,7,9,2100,2,2,2,1.0,7.0,75108,M,,,75
201000061500,10,7,9,2030,1,2,1,1.0,3.0,75108,M,,,75
201000061501,10,7,10,600,1,2,1,1.0,2.0,75108,M,,,75
201000061502,10,7,11,1550,1,2,2,1.0,3.0,75108,M,,,75
201000061503,10,7,11,1755,1,2,1,1.0,6.0,75108,M,,,75
201000061504,10,7,12,254,5,2,4,1.0,6.0,75108,M,,,75
201000061505,10,7,12,735,2,2,5,3.0,7.0,75108,M,,,75
201000061506,10,7,12,935,1,2,1,3.0,3.0,75108,M,,,75
201000061507,10,7,12,1750,1,2,5,7.0,3.0,75108,M,,,75
201000061508,10,7,15,1400,1,2,5,1.0,3.0,75108,M,,,75
201000061509,10,7,15,1730,1,2,1,1.0,6.0,75108,M,,,75
201000061510,10,7,15,1730,1,2,2,1.0,7.0,75108,M,,,75
201000061511,10,7,16,1445,1,2,2,1.0,6.0,75108,M,,,75
201000061512,10,7,17,740,1,2,2,1.0,6.0,75108,M,,,75
201000061513,10,7,17,1125,1,2,1,8.0,3.0,75108,M,,,75
201000061514,10,7,18,1615,1,2,5,1.0,6.0,75117,M,,,75
201000061515,10,7,19,900,1,2,5,1.0,6.0,75108,M,,,75
201000061516,10,7,19,1720,1,2,2,1.0,6.0,75108,M,,,75
201000061517,10,7,19,1845,1,2,2,1.0,3.0,75108,M,,,75
201000061518,10,7,20,1205,1,2,5,1.0,2.0,75108,M,,,75
201000061519,10,7,20,1655,1,2,5,7.0,3.0,75108,M,,,75
201000061520,10,7,22,824,1,2,1,1.0,7.0,75108,M,,,75
201000061521,10,7,21,2108,5,2,1,2.0,6.0,75108,M,,,75
201000061522,10,7,21,2220,5,2,5,2.0,3.0,75108,M,,,75
201000061523,10,7,23,900,1,2,1,1.0,6.0,75108,M,,,75
201000061524,10,7,23,2010,1,2,2,8.0,7.0,75108,M,,,75
201000061525,10,7,24,1530,1,2,2,1.0,3.0,75108,M,,,75
201000061526,10,7,25,2110,2,2,1,7.0,2.0,75108,M,,,75
201000061527,10,7,27,1430,1,2,4,1.0,6.0,75108,M,,,75
201000061528,10,7,28,2020,1,2,4,1.0,3.0,75108,M,,,75
201000061529,10,8,1,1446,1,2,5,1.0,6.0,75108,M,,,75
201000061530,10,8,4,2235,5,2,5,1.0,3.0,75108,M,,,75
201000061531,10,8,6,305,5,2,3,1.0,6.0,75108,M,,,75
201000061532,10,8,7,2120,5,2,5,2.0,3.0,75108,M,,,75
201000061533,10,8,11,1245,1,2,3,1.0,3.0,75108,M,,,75
201000061534,10,8,12,1400,1,2,5,1.0,3.0,75108,M,,,75
201000061535,10,8,15,1655,1,2,2,2.0,7.0,75108,M,,,75
201000061536,10,8,22,1810,1,2,2,1.0,3.0,75108,M,,,75
201000061537,10,8,23,1515,1,2,5,1.0,3.0,75108,M,,,75
201000061538,10,8,24,1015,1,2,5,1.0,3.0,75108,M,,,75
201000061539,10,8,25,1225,1,2,5,1.0,2.0,75108,M,,,75
201000061540,10,8,25,1745,1,2,1,1.0,7.0,75108,M,,,75
201000061541,10,8,26,355,5,2,5,1.0,6.0,75108,M,,,75
201000061542,10,8,26,1730,1,2,1,2.0,6.0,75108,M,,,75
201000061543,10,8,27,2020,5,2,5,1.0,3.0,75108,M,,,75
201000061544,10,8,29,1825,1,2,1,1.0,2.0,75108,M,,,75
201000061545,10,8,30,930,1,2,1,1.0,2.0,75108,M,,,75
201000061546,10,8,30,930,1,2,1,1.0,1.0,75108,M,,,75
201000061547,10,8,30,1735,1,2,5,1.0,2.0,75108,M,,,75
201000061548,10,8,31,1430,1,2,3,1.0,3.0,75108,M,,,75
201000061549,10,9,1,1130,1,2,2,1.0,3.0,75108,M,,,75
201000061550,10,9,1,1610,1,2,2,1.0,3.0,75108,M,,,75
201000061551,10,9,3,1345,1,2,1,1.0,6.0,75108,M,,,75
201000061552,10,9,6,445,5,2,3,1.0,2.0,75108,M,,,75
201000061553,10,9,8,1615,1,2,1,3.0,7.0,75108,M,,,75
201000061554,10,9,10,1600,1,2,1,2.0,3.0,75108,M,,,75
201000061555,10,9,9,1845,1,2,1,1.0,6.0,75108,M,,,75
201000061556,10,9,11,1705,1,2,2,1.0,3.0,75108,M,,,75
201000061557,10,9,12,1946,1,2,1,1.0,3.0,75108,M,,,75
201000061558,10,9,13,1610,1,2,4,1.0,6.0,75108,M,,,75
201000061559,10,9,15,1322,1,2,2,1.0,3.0,75108,M,,,75
201000061560,10,9,17,1100,1,2,2,1.0,6.0,75108,M,,,75
201000061561,10,9,17,1422,1,2,2,1.0,3.0,75108,M,,,75
201000061562,10,9,19,1140,1,2,2,1.0,3.0,75108,M,,,75
201000061563,10,9,19,2055,5,2,2,1.0,6.0,75108,M,,,75
201000061564,10,9,19,1305,1,2,1,1.0,3.0,75108,M,,,75
201000061565,10,9,20,745,1,2,5,1.0,3.0,75108,M,,,75
201000061566,10,9,20,1250,1,2,1,1.0,2.0,75108,M,,,75
201000061567,10,9,22,915,1,2,5,1.0,2.0,75108,M,,,75
201000061568,10,9,22,1705,1,2,3,1.0,6.0,75108,M,,,75
201000061569,10,9,23,1023,1,2,2,1.0,6.0,75108,M,,,75
201000061570,10,9,24,1130,1,2,2,1.0,6.0,75108,M,,,75
201000061571,10,9,25,1415,1,2,4,2.0,7.0,75108,M,,,75
201000061572,10,9,25,2245,5,2,5,1.0,6.0,75108,M,,,75
201000061573,10,9,26,20,3,2,2,1.0,3.0,75108,M,,,75
201000061574,10,9,26,245,5,2,6,1.0,3.0,75108,M,,,75
201000061575,10,9,27,1005,1,2,1,1.0,2.0,75108,M,,,75
201000061576,10,9,28,1133,1,2,2,1.0,7.0,75108,M,,,75
201000061577,10,9,30,915,1,2,1,2.0,6.0,75108,M,,,75
201000061578,10,9,30,1630,1,2,5,1.0,3.0,75108,M,,,75
201000061579,10,10,1,655,2,2,2,1.0,3.0,75108,M,,,75
201000061580,10,10,1,1645,1,2,1,2.0,7.0,75108,M,,,75
201000061581,10,10,1,1900,5,2,2,2.0,7.0,75108,M,,,75
201000061582,10,10,4,1520,1,2,2,8.0,3.0,75108,M,,,75
201000061583,10,10,4,1945,5,2,1,1.0,6.0,75108,M,,,75
201000061584,10,10,5,915,1,2,2,2.0,2.0,75108,M,,,75
201000061585,10,10,5,900,1,2,1,2.0,7.0,75108,M,,,75
201000061586,10,10,5,910,1,2,1,2.0,3.0,75108,M,,,75
201000061587,10,10,5,930,1,2,1,2.0,7.0,75108,M,,,75
201000061588,10,10,5,1901,5,2,2,2.0,4.0,75108,M,,,75
201000061589,10,10,6,820,1,2,1,2.0,6.0,75108,M,,,75
201000061590,10,10,6,1640,1,2,1,2.0,6.0,75108,M,,,75
201000061591,10,10,8,840,1,2,1,1.0,3.0,75108,M,,,75
201000061592,10,10,9,1455,1,2,3,1.0,3.0,75108,M,,,75
201000061593,10,10,10,1655,1,2,5,1.0,3.0,75108,M,,,75
201000061594,10,10,11,835,1,2,3,1.0,3.0,75108,M,,,75
201000061595,10,10,11,1910,3,2,1,1.0,3.0,75108,M,,,75
201000061596,10,10,12,947,1,2,5,1.0,3.0,75108,M,,,75
201000061597,10,10,12,1810,1,2,1,1.0,3.0,75108,M,,,75
201000061598,10,10,13,1415,1,2,3,1.0,2.0,75108,M,,,75
201000061599,10,10,13,1915,5,2,1,1.0,3.0,75108,M,,,75
201000061600,10,10,14,6,5,2,7,1.0,6.0,75108,M,,,75
201000061601,10,10,14,930,1,2,2,1.0,3.0,75108,M,,,75
201000061602,10,10,14,1005,1,2,1,1.0,3.0,75108,M,,,75
201000061603,10,10,14,1850,1,2,7,1.0,7.0,75117,M,,,75
201000061604,10,10,17,1200,1,2,5,1.0,3.0,75108,M,,,75
201000061605,10,10,18,1630,1,2,3,1.0,2.0,75108,M,,,75
201000061606,10,10,19,1230,1,2,1,2.0,3.0,75108,M,,,75
201000061607,10,10,19,2030,5,2,5,1.0,3.0,75108,M,,,75
201000061608,10,10,20,900,1,2,5,1.0,3.0,75108,M,,,75
201000061609,10,10,20,1210,1,2,2,1.0,3.0,75108,M,,,75
201000061610,10,10,20,1315,1,2,1,1.0,6.0,75108,M,,,75
201000061611,10,10,20,1850,2,2,3,8.0,3.0,75108,M,,,75
201000061612,10,10,22,910,1,2,2,8.0,6.0,75108,M,,,75
201000061613,10,10,22,1800,1,2,2,1.0,6.0,75108,M,,,75
201000061614,10,10,23,119,5,2,1,1.0,2.0,75108,M,,,75
201000061615,10,10,23,1210,1,2,1,2.0,3.0,75108,M,,,75
201000061616,10,10,24,2210,5,2,5,8.0,3.0,75108,M,,,75
201000061617,10,10,25,159,5,2,2,1.0,3.0,75108,M,,,75
201000061618,10,10,26,755,2,2,5,1.0,6.0,75108,M,,,75
201000061619,10,10,26,2338,5,2,2,1.0,3.0,75108,M,,,75
201000061620,10,10,26,2354,5,2,2,1.0,3.0,75108,M,,,75
201000061621,10,10,28,1020,1,2,5,1.0,3.0,75108,M,,,75
201000061622,10,10,28,1037,1,2,2,1.0,3.0,75108,M,,,75
201000061623,10,10,28,1615,1,2,1,1.0,2.0,75108,M,,,75
201000061624,10,10,28,1714,1,2,2,1.0,3.0,75108,M,,,75
201000061625,10,10,29,540,5,2,3,1.0,7.0,75108,M,,,75
201000061626,10,10,29,1320,1,2,1,1.0,4.0,75108,M,,,75
201000061627,10,10,29,1430,1,2,2,1.0,2.0,75108,M,,,75
201000061628,10,10,29,1645,1,2,7,1.0,2.0,75108,M,,,75
201000061629,10,10,29,1800,2,2,5,1.0,1.0,75108,M,,,75
201000061630,10,10,30,615,5,2,5,2.0,6.0,75108,M,,,75
201000061631,10,10,30,2020,5,2,4,1.0,3.0,75108,M,,,75
201000061632,10,10,31,1825,5,2,3,1.0,2.0,75108,M,,,75
201000061633,10,11,3,1010,1,2,1,8.0,6.0,75108,M,,,75
201000061634,10,11,3,1000,1,2,2,2.0,7.0,75108,M,,,75
201000061635,10,11,4,1500,1,2,5,1.0,3.0,75108,M,,,75
201000061636,10,11,4,1800,5,2,3,1.0,3.0,75108,M,,,75
201000061637,10,11,5,930,1,2,1,1.0,3.0,75108,M,,,75
201000061638,10,11,5,910,1,2,5,1.0,6.0,75108,M,,,75
201000061639,10,11,5,1235,1,2,5,1.0,6.0,75108,M,,,75
201000061640,10,11,5,2030,5,2,1,1.0,6.0,75108,M,,,75
201000061641,10,11,6,1010,1,2,2,8.0,6.0,75108,M,,,75
201000061642,10,11,6,1815,5,2,5,2.0,7.0,75108,M,,,75
201000061643,10,11,6,2140,5,2,2,2.0,2.0,75108,M,,,75
201000061644,10,11,6,2330,5,2,2,3.0,6.0,75108,M,,,75
201000061645,10,11,7,340,5,2,5,1.0,6.0,75108,M,,,75
201000061646,10,11,7,1300,1,2,3,2.0,3.0,75108,M,,,75
201000061647,10,11,8,1745,5,2,1,2.0,6.0,75108,M,,,75
201000061648,10,11,9,2246,5,2,1,1.0,3.0,75108,M,,,75
201000061649,10,11,9,740,2,2,4,2.0,3.0,75108,M,,,75
201000061650,10,11,9,1000,1,2,2,2.0,7.0,75108,M,,,75
201000061651,10,11,9,1315,1,2,1,2.0,7.0,75108,M,,,75
201000061652,10,11,9,1420,1,2,5,2.0,6.0,75108,M,,,75
201000061653,10,11,9,1845,5,2,2,2.0,2.0,75108,M,,,75
201000061654,10,11,10,1030,1,2,5,1.0,7.0,75108,M,,,75
201000061655,10,11,10,1240,1,2,5,2.0,6.0,75108,M,,,75
201000061656,10,11,11,1720,5,2,1,2.0,7.0,75108,M,,,75
201000061657,10,11,12,1105,1,2,2,2.0,3.0,75108,M,,,75
201000061658,10,11,12,1920,5,2,1,1.0,7.0,75108,M,,,75
201000061659,10,11,13,630,1,2,5,2.0,2.0,75116,M,,,75
201000061660,10,11,13,1210,1,2,2,2.0,2.0,75108,M,,,75
201000061661,10,11,13,1540,1,2,5,2.0,3.0,75108,M,,,75
201000061662,10,11,13,1910,3,2,2,2.0,2.0,75108,M,,,75
201000061663,10,11,15,1915,5,2,2,2.0,6.0,75108,M,,,75
201000061664,10,11,16,845,1,2,3,1.0,2.0,75108,M,,,75
201000061665,10,11,17,2258,5,2,5,3.0,3.0,75108,M,,,75
201000061666,10,11,18,21,5,2,1,2.0,2.0,75108,M,,,75
201000061667,10,11,18,1545,1,2,7,8.0,7.0,75108,M,,,75
201000061668,10,11,18,1615,1,2,2,1.0,7.0,75108,M,,,75
201000061669,10,11,19,1028,1,2,1,1.0,3.0,75108,M,,,75
201000061670,10,11,19,1115,1,2,1,1.0,6.0,75108,M,,,75
201000061671,10,11,19,1710,2,2,1,1.0,3.0,75108,M,,,75
201000061672,10,11,19,1910,5,2,5,2.0,6.0,75108,M,,,75
201000061673,10,11,21,1900,5,2,1,2.0,2.0,75108,M,,,75
201000061674,10,11,21,1953,5,2,1,2.0,6.0,75108,M,,,75
201000061675,10,11,21,1855,3,2,1,8.0,6.0,75108,M,,,75
201000061676,10,11,23,800,1,2,7,1.0,3.0,75108,M,,,75
201000061677,10,11,25,915,1,2,7,8.0,7.0,75108,M,,,75
201000061678,10,11,25,930,1,2,1,8.0,3.0,75108,M,,,75
201000061679,10,11,26,750,2,2,2,1.0,7.0,75109,M,,,75
201000061680,10,11,26,2010,4,2,3,1.0,7.0,75108,M,,,75
201000061681,10,11,29,803,2,2,1,4.0,3.0,75108,M,,,75
201000061682,10,11,29,1805,5,2,5,1.0,4.0,75108,M,,,75
201000061683,10,12,2,2340,5,2,2,1.0,3.0,75108,M,,,75
201000061684,10,12,3,45,5,2,4,1.0,3.0,75108,M,,,75
201000061685,10,12,3,1330,1,2,2,8.0,2.0,75108,M,,,75
201000061686,10,12,5,2010,4,2,1,2.0,3.0,75108,M,,,75
201000061687,10,12,6,1125,1,2,5,2.0,3.0,75108,M,,,75
201000061688,10,12,6,1200,1,2,1,1.0,2.0,75116,M,,,75
201000061689,10,12,7,2045,5,2,2,2.0,6.0,75108,M,,,75
201000061690,10,12,10,1800,5,2,1,1.0,6.0,75108,M,,,75
201000061691,10,12,11,1930,5,2,2,2.0,3.0,75108,M,,,75
201000061692,10,12,11,2210,5,2,1,1.0,6.0,75108,M,,,75
201000061693,10,12,13,900,1,2,4,1.0,3.0,75108,M,,,75
201000061694,10,12,13,1550,1,2,2,1.0,3.0,75108,M,,,75
201000061695,10,12,13,1855,5,2,5,1.0,3.0,75108,M,,,75
201000061696,10,12,15,1700,5,2,3,1.0,6.0,75108,M,,,75
201000061697,10,12,20,750,5,2,2,4.0,6.0,75108,M,,,75
201000061698,10,12,20,2115,5,2,2,2.0,3.0,75108,M,,,75
201000061699,10,12,22,1030,1,2,3,1.0,6.0,75108,M,,,75
201000061700,10,12,22,2353,5,2,4,3.0,6.0,75108,M,,,75
201000061701,10,12,25,548,5,2,1,1.0,6.0,75108,M,,,75
201000061702,10,12,26,1830,5,2,1,1.0,6.0,75108,M,,,75
201000061703,10,12,26,1845,5,2,5,1.0,6.0,75108,M,,,75
201000061704,10,12,27,313,5,2,2,1.0,3.0,75108,M,,,75
201000061705,10,12,28,454,5,2,3,1.0,6.0,75108,M,,,75
201000061706,10,4,12,950,1,1,1,1.0,3.0,75108,M,,,75
201000061707,10,1,1,701,5,2,2,1.0,2.0,75109,M,,,75
201000061708,10,1,11,820,1,2,5,1.0,3.0,75109,M,,,75
201000061709,10,1,11,1745,5,2,2,1.0,6.0,75109,M,,,75
201000061710,10,1,11,1730,4,2,5,1.0,6.0,75109,M,,,75
201000061711,10,1,14,2040,5,2,5,1.0,6.0,75109,M,,,75
201000061712,10,1,15,1250,1,2,5,1.0,3.0,75109,M,,,75
201000061713,10,1,15,1600,1,2,5,8.0,6.0,75109,M,,,75
201000061714,10,1,15,1630,1,2,1,1.0,6.0,75109,M,,,75
201000061715,10,1,19,945,1,2,5,8.0,4.0,75109,M,,,75
201000061716,10,1,19,2315,5,2,5,1.0,3.0,75109,M,,,75
201000061717,10,1,21,1630,1,2,1,1.0,7.0,75109,M,,,75
201000061718,10,1,30,1010,1,2,5,1.0,6.0,75109,M,,,75
201000061719,10,2,2,2115,5,2,2,8.0,3.0,75109,M,,,75
201000061720,10,2,3,715,5,2,5,2.0,6.0,75109,M,,,75
201000061721,10,2,5,2110,5,2,2,1.0,3.0,75109,M,,,75
201000061722,10,2,6,555,5,2,1,3.0,2.0,75109,M,,,75
201000061723,10,2,9,1810,5,2,1,2.0,6.0,75109,M,,,75
201000061724,10,2,10,1315,1,2,5,1.0,3.0,75109,M,,,75
201000061725,10,2,10,1835,3,2,3,2.0,2.0,75109,M,,,75
201000061726,10,2,12,2145,5,2,2,1.0,3.0,75109,M,,,75
201000061727,10,2,13,1500,1,2,5,4.0,2.0,75109,M,,,75
201000061728,10,2,13,1618,1,2,2,1.0,3.0,75109,M,,,75
201000061729,10,2,15,1740,1,2,1,1.0,6.0,75109,M,,,75
201000061730,10,2,16,1640,1,2,5,1.0,6.0,75109,M,,,75
201000061731,10,2,18,258,5,2,1,1.0,6.0,75109,M,,,75
201000061732,10,2,18,1025,1,2,3,1.0,7.0,75109,M,,,75
201000061733,10,2,21,550,5,2,1,1.0,6.0,75109,M,,,75
201000061734,10,2,26,1030,1,2,1,2.0,2.0,75109,M,,,75
201000061735,10,3,2,1550,1,2,1,1.0,3.0,75109,M,,,75
201000061736,10,3,2,1745,1,2,1,1.0,3.0,75109,M,,,75
201000061737,10,3,2,2100,5,2,2,1.0,6.0,75109,M,,,75
201000061738,10,3,3,1110,1,2,3,1.0,6.0,75109,M,,,75
201000061739,10,3,3,1815,3,2,2,1.0,3.0,75109,M,,,75
201000061740,10,3,9,1415,1,2,5,1.0,7.0,75109,M,,,75
201000061741,10,3,12,1425,1,2,5,8.0,6.0,75109,M,,,75
201000061742,10,3,13,124,5,2,1,1.0,6.0,75109,M,,,75
201000061743,10,3,16,850,1,2,2,1.0,6.0,75109,M,,,75
201000061744,10,3,19,2150,5,2,1,2.0,6.0,75109,M,,,75
201000061745,10,3,24,1350,1,2,3,1.0,3.0,75109,M,,,75
201000061746,10,3,25,838,1,2,5,1.0,6.0,75109,M,,,75
201000061747,10,3,31,1245,1,2,5,2.0,7.0,75109,M,,,75
201000061748,10,4,2,1005,1,2,1,2.0,6.0,75109,M,,,75
201000061749,10,4,3,1845,1,2,1,1.0,6.0,75109,M,,,75
201000061750,10,4,6,925,1,2,5,1.0,3.0,75109,M,,,75
201000061751,10,4,6,1725,1,2,1,1.0,2.0,75109,M,,,75
201000061752,10,4,8,1649,1,2,5,1.0,3.0,75109,M,,,75
201000061753,10,4,10,1510,1,2,2,1.0,3.0,75109,M,,,75
201000061754,10,4,10,1730,1,2,5,1.0,6.0,75109,M,,,75
201000061755,10,4,12,1310,1,2,5,1.0,6.0,75109,M,,,75
201000061756,10,4,12,1450,1,2,5,1.0,3.0,75109,M,,,75
201000061757,10,4,12,2210,5,2,5,1.0,3.0,75109,M,,,75
201000061758,10,4,14,1520,1,2,1,1.0,3.0,75109,M,,,75
201000061759,10,4,16,850,1,2,1,1.0,6.0,75109,M,,,75
201000061760,10,4,17,1412,1,2,2,1.0,3.0,75109,M,,,75
201000061761,10,4,23,1655,1,2,1,1.0,3.0,75109,M,,,75
201000061762,10,4,26,1510,1,2,1,1.0,4.0,75109,M,,,75
201000061763,10,4,27,1440,1,2,1,1.0,2.0,75109,M,,,75
201000061764,10,4,29,1835,1,2,1,1.0,3.0,75109,M,,,75
201000061765,10,4,30,900,1,2,1,2.0,2.0,75109,M,,,75
201000061766,10,4,30,1950,1,2,3,1.0,6.0,75109,M,,,75
201000061767,10,5,3,1445,1,2,2,8.0,6.0,75109,M,,,75
201000061768,10,5,6,1800,1,2,2,1.0,3.0,75109,M,,,75
201000061769,10,5,8,1536,1,2,2,1.0,2.0,75109,M,,,75
201000061770,10,5,10,930,1,2,5,1.0,7.0,75109,M,,,75
201000061771,10,5,11,1620,1,2,3,2.0,6.0,75109,M,,,75
201000061772,10,5,12,1850,1,2,5,8.0,6.0,75109,M,,,75
201000061773,10,5,18,1215,1,2,3,1.0,3.0,75109,M,,,75
201000061774,10,5,19,1735,1,2,1,1.0,6.0,75109,M,,,75
201000061775,10,5,22,300,5,2,2,1.0,2.0,75117,M,,,75
201000061776,10,5,22,410,5,2,1,1.0,3.0,75109,M,,,75
201000061777,10,5,25,1505,1,2,5,1.0,3.0,75109,M,,,75
201000061778,10,5,26,1215,1,2,1,1.0,6.0,75109,M,,,75
201000061779,10,5,28,1807,1,2,2,1.0,3.0,75109,M,,,75
201000061780,10,5,29,1200,1,2,5,1.0,2.0,75109,M,,,75
201000061781,10,6,1,940,1,2,5,1.0,3.0,75109,M,,,75
201000061782,10,6,1,2120,2,2,1,2.0,7.0,75109,M,,,75
201000061783,10,6,3,900,1,2,1,1.0,6.0,75109,M,,,75
201000061784,10,6,3,1425,1,2,1,1.0,3.0,75109,M,,,75
201000061785,10,6,4,1135,1,2,5,1.0,6.0,75109,M,,,75
201000061786,10,6,4,1934,1,2,1,1.0,6.0,75109,M,,,75
201000061787,10,6,6,2247,5,2,2,1.0,2.0,75109,M,,,75