Num_Acc,an,mois,jour,hrmn,lum,agg,int,atm,col,com,gps,lat,long,dep
201000061788,10,6,7,1835,1,2,2,1.0,6.0,75109,M,,,75
201000061789,10,6,7,1925,1,2,1,1.0,7.0,75109,M,,,75
201000061790,10,6,9,1018,1,2,3,2.0,3.0,75109,M,,,75
201000061791,10,6,9,2035,1,2,1,2.0,6.0,75109,M,,,75
201000061792,10,6,10,1950,1,2,2,1.0,6.0,75109,M,,,75
201000061793,10,6,11,1130,1,2,2,1.0,6.0,75109,M,,,75
201000061794,10,6,11,1650,1,2,2,1.0,6.0,75109,M,,,75
201000061795,10,6,14,925,1,2,3,1.0,6.0,75109,M,,,75
201000061796,10,6,14,1400,1,2,1,1.0,6.0,75109,M,,,75
201000061797,10,6,14,1620,1,2,2,1.0,3.0,75109,M,,,75
201000061798,10,6,16,914,1,2,1,1.0,6.0,75109,M,,,75
201000061799,10,6,16,945,1,2,1,1.0,6.0,75109,M,,,75
201000061800,10,6,20,1025,1,2,1,2.0,6.0,75109,M,,,75
201000061801,10,6,22,1030,1,2,1,1.0,6.0,75109,M,,,75
201000061802,10,6,23,1100,1,2,4,1.0,3.0,75109,M,,,75
201000061803,10,6,25,1850,1,2,1,1.0,7.0,75109,M,,,75
201000061804,10,6,25,2000,1,2,2,1.0,6.0,75109,M,,,75
201000061805,10,6,26,400,5,2,2,1.0,3.0,75109,M,,,75
201000061806,10,6,27,1840,1,2,1,1.0,6.0,75109,M,,,75
201000061807,10,6,28,950,1,2,2,1.0,3.0,75109,M,,,75
201000061808,10,6,29,535,2,2,2,2.0,6.0,75109,M,,,75
201000061809,10,6,29,1040,1,2,1,1.0,3.0,75109,M,,,75
201000061810,10,6,30,1630,1,2,2,7.0,3.0,75109,M,,,75
201000061811,10,7,1,1525,1,2,2,1.0,3.0,75109,M,,,75
201000061812,10,7,3,545,1,2,5,1.0,3.0,75109,M,,,75
201000061813,10,7,4,2010,1,2,1,1.0,2.0,75109,M,,,75
201000061814,10,7,5,1400,1,2,5,1.0,6.0,75109,M,,,75
201000061815,10,7,6,1135,1,2,5,1.0,7.0,75109,M,,,75
201000061816,10,7,5,2025,1,2,2,1.0,6.0,75109,M,,,75
201000061817,10,7,7,1015,1,2,3,1.0,6.0,75109,M,,,75
201000061818,10,7,7,1550,1,2,5,1.0,3.0,75109,M,,,75
201000061819,10,7,14,310,5,2,5,1.0,6.0,75109,M,,,75
201000061820,10,7,16,1055,1,2,3,1.0,3.0,75109,M,,,75
201000061821,10,7,16,2040,1,2,1,1.0,7.0,75109,M,,,75
201000061822,10,7,19,1220,1,2,3,1.0,6.0,75109,M,,,75
201000061823,10,7,19,1410,1,2,2,1.0,6.0,75109,M,,,75
201000061824,10,7,21,537,1,2,1,1.0,6.0,75109,M,,,75
201000061825,10,7,19,1755,1,2,1,1.0,6.0,75109,M,,,75
201000061826,10,7,21,1720,1,2,5,8.0,3.0,75109,M,,,75
201000061827,10,7,23,1420,1,2,2,1.0,6.0,75109,M,,,75
201000061828,10,7,23,2000,1,2,3,1.0,6.0,75109,M,,,75
201000061829,10,7,24,630,1,2,5,8.0,3.0,75109,M,,,75
201000061830,10,7,24,1750,1,2,5,1.0,6.0,75109,M,,,75
201000061831,10,7,30,1600,1,2,3,1.0,3.0,75109,M,,,75
201000061832,10,8,2,650,1,2,1,1.0,7.0,75109,M,,,75
201000061833,10,8,4,825,1,2,3,1.0,6.0,75109,M,,,75
201000061834,10,8,5,1015,1,2,1,1.0,3.0,75109,M,,,75
201000061835,10,7,27,215,5,2,5,1.0,7.0,75109,M,,,75
201000061836,10,8,12,105,5,2,5,1.0,3.0,75109,M,,,75
201000061837,10,8,16,1205,1,2,5,2.0,3.0,75109,M,,,75
201000061838,10,8,19,1400,1,2,1,1.0,3.0,75109,M,,,75
201000061839,10,8,21,310,5,2,4,1.0,6.0,75109,M,,,75
201000061840,10,8,21,1450,1,2,1,1.0,6.0,75109,M,,,75
201000061841,10,8,27,1820,1,2,5,8.0,3.0,75109,M,,,75
201000061842,10,8,30,1220,1,2,2,1.0,3.0,75109,M,,,75
201000061843,10,8,31,14,5,2,5,1.0,3.0,75109,M,,,75
201000061844,10,8,31,2235,5,2,2,1.0,6.0,75109,M,,,75
201000061845,10,9,1,850,1,2,1,1.0,3.0,75109,M,,,75
201000061846,10,9,1,1415,1,2,2,1.0,6.0,75109,M,,,75
201000061847,10,9,1,1920,1,2,5,1.0,6.0,75109,M,,,75
201000061848,10,9,2,1630,1,2,5,1.0,3.0,75109,M,,,75
201000061849,10,9,3,635,2,2,1,1.0,6.0,75109,M,,,75
201000061850,10,9,3,1839,1,2,1,1.0,7.0,75109,M,,,75
201000061851,10,9,3,2110,5,2,1,1.0,7.0,75109,M,,,75
201000061852,10,9,6,1230,1,2,5,2.0,3.0,75109,M,,,75
201000061853,10,9,7,1605,1,2,5,1.0,6.0,75109,M,,,75
201000061854,10,9,10,1105,1,2,3,1.0,6.0,75109,M,,,75
201000061855,10,9,10,1650,1,2,2,1.0,3.0,75109,M,,,75
201000061856,10,9,11,1930,1,2,5,1.0,2.0,75109,M,,,75
201000061857,10,9,13,1840,1,2,1,1.0,3.0,75109,M,,,75
201000061858,10,9,16,1130,1,2,5,1.0,6.0,75109,M,,,75
201000061859,10,9,17,945,1,2,2,1.0,3.0,75109,M,,,75
201000061860,10,9,16,1850,1,2,5,1.0,1.0,75109,M,,,75
201000061861,10,9,22,1025,1,2,2,1.0,3.0,75109,M,,,75
201000061862,10,9,23,2355,5,2,3,2.0,3.0,75109,M,,,75
201000061863,10,9,24,1125,1,2,1,1.0,2.0,75109,M,,,75
201000061864,10,9,25,1400,1,2,5,1.0,7.0,75109,M,,,75
201000061865,10,9,25,2230,5,2,5,1.0,3.0,75109,M,,,75
201000061866,10,9,29,940,1,2,2,8.0,2.0,75109,M,,,75
201000061867,10,10,5,630,5,2,2,2.0,2.0,75109,M,,,75
201000061868,10,10,4,1350,1,2,5,1.0,3.0,75102,M,,,75
201000061869,10,10,7,1915,2,2,3,1.0,3.0,75109,M,,,75
201000061870,10,10,9,2140,5,2,5,1.0,2.0,75109,M,,,75
201000061871,10,10,11,1520,1,2,3,1.0,6.0,75109,M,,,75
201000061872,10,10,11,1335,1,2,2,7.0,6.0,75109,M,,,75
201000061873,10,10,13,1330,1,2,2,1.0,3.0,75109,M,,,75
201000061874,10,10,13,1615,1,2,7,1.0,7.0,75109,M,,,75
201000061875,10,10,15,1853,5,2,5,3.0,6.0,75109,M,,,75
201000061876,10,10,16,1555,1,2,3,1.0,6.0,75109,M,,,75
201000061877,10,10,17,440,5,2,1,1.0,6.0,75109,M,,,75
201000061878,10,10,17,425,5,2,2,1.0,2.0,75109,M,,,75
201000061879,10,10,18,1220,1,2,4,1.0,3.0,75109,M,,,75
201000061880,10,10,18,2010,5,2,2,1.0,2.0,75109,M,,,75
201000061881,10,10,18,2015,5,2,2,1.0,3.0,75109,M,,,75
201000061882,10,10,19,1820,1,2,5,2.0,3.0,75109,M,,,75
201000061883,10,10,19,1830,5,2,3,1.0,6.0,75109,M,,,75
201000061884,10,10,20,1405,1,2,2,1.0,2.0,75109,M,,,75
201000061885,10,10,21,1620,1,2,2,1.0,2.0,75109,M,,,75
201000061886,10,10,21,1815,2,2,2,1.0,7.0,75109,M,,,75
201000061887,10,10,21,1825,2,2,5,1.0,6.0,75109,M,,,75
201000061888,10,10,23,1132,1,2,2,1.0,7.0,75109,M,,,75
201000061889,10,10,26,1310,1,2,2,1.0,3.0,75109,M,,,75
201000061890,10,10,26,2230,5,2,1,1.0,7.0,75109,M,,,75
201000061891,10,10,27,1505,1,2,1,1.0,6.0,75109,M,,,75
201000061892,10,10,27,2235,5,2,1,1.0,6.0,75109,M,,,75
201000061893,10,10,29,1,5,2,2,1.0,7.0,75109,M,,,75
201000061894,10,10,31,330,5,2,5,1.0,3.0,75109,M,,,75
201000061895,10,11,1,1147,1,2,5,1.0,3.0,75109,M,,,75
201000061896,10,11,1,2225,5,2,1,1.0,6.0,75109,M,,,75
201000061897,10,11,5,2330,5,2,2,1.0,6.0,75109,M,,,75
201000061898,10,11,6,1130,1,2,5,2.0,7.0,75109,M,,,75
201000061899,10,11,8,820,1,2,5,1.0,3.0,75109,M,,,75
201000061900,10,11,8,1900,5,2,2,2.0,6.0,75109,M,,,75
201000061901,10,11,10,1,5,2,1,2.0,6.0,75109,M,,,75
201000061902,10,11,11,2015,5,2,7,2.0,3.0,75109,M,,,75
201000061903,10,11,13,1420,1,2,2,2.0,6.0,75109,M,,,75
201000061904,10,11,14,233,5,2,1,2.0,3.0,75109,M,,,75
201000061905,10,11,18,1633,2,2,1,1.0,6.0,75109,M,,,75
201000061906,10,11,19,735,1,2,7,1.0,6.0,75109,M,,,75
201000061907,10,11,22,2105,5,2,1,1.0,6.0,75109,M,,,75
201000061908,10,11,23,1420,1,2,1,1.0,6.0,75109,M,,,75
201000061909,10,11,26,1300,1,2,3,1.0,6.0,75109,M,,,75
201000061910,10,11,27,1440,1,2,3,1.0,7.0,75109,M,,,75
201000061911,10,12,1,940,1,2,5,4.0,6.0,75109,M,,,75
201000061912,10,12,1,1915,5,2,2,4.0,3.0,75109,M,,,75
201000061913,10,12,2,1130,1,2,2,1.0,6.0,75109,M,,,75
201000061914,10,12,2,1700,2,2,3,1.0,6.0,75109,M,,,75
201000061915,10,12,4,1920,5,2,2,1.0,3.0,75109,M,,,75
201000061916,10,12,5,1005,1,2,1,1.0,6.0,75109,M,,,75
201000061917,10,12,7,840,1,2,3,8.0,6.0,75109,M,,,75
201000061918,10,12,7,915,1,2,5,8.0,3.0,75109,M,,,75
201000061919,10,12,9,1157,1,2,3,1.0,3.0,75109,M,,,75
201000061920,10,12,11,115,5,2,1,1.0,2.0,75109,M,,,75
201000061921,10,12,17,1220,1,2,2,1.0,3.0,75109,M,,,75
201000061922,10,12,31,1820,5,2,5,1.0,6.0,75116,M,,,75
201000061923,10,9,21,148,5,2,1,1.0,6.0,75109,M,,,75
201000061924,10,1,3,400,5,2,1,1.0,6.0,75110,M,,,75
201000061925,10,1,3,1750,3,1,1,1.0,3.0,75110,M,,,75
201000061926,10,1,8,1015,1,2,1,1.0,7.0,75110,M,,,75
201000061927,10,1,8,1640,1,2,1,1.0,7.0,75110,M,,,75
201000061928,10,1,9,635,5,2,1,1.0,6.0,75110,M,,,75
201000061929,10,1,14,1650,1,2,1,1.0,6.0,75110,M,,,75
201000061930,10,1,14,1831,5,2,1,1.0,6.0,75110,M,,,75
201000061931,10,1,18,1710,5,2,2,1.0,6.0,75110,M,,,75
201000061932,10,1,19,1150,1,2,3,8.0,6.0,75110,M,,,75
201000061933,10,1,19,2245,5,2,5,1.0,6.0,75110,M,,,75
201000061934,10,1,19,2340,5,2,5,1.0,7.0,75110,M,,,75
201000061935,10,1,21,40,5,2,2,2.0,7.0,75110,M,,,75
201000061936,10,1,22,1600,1,2,4,1.0,6.0,75110,M,,,75
201000061937,10,1,23,30,5,2,5,1.0,6.0,75110,M,,,75
201000061938,10,1,23,250,5,2,1,1.0,6.0,75110,M,,,75
201000061939,10,1,23,630,5,2,1,2.0,6.0,75110,M,,,75
201000061940,10,1,24,1805,5,2,5,2.0,3.0,75110,M,,,75
201000061941,10,1,25,1540,1,2,1,1.0,6.0,75110,M,,,75
201000061942,10,1,25,1730,1,2,5,1.0,3.0,75110,M,,,75
201000061943,10,1,26,1240,1,2,1,1.0,6.0,75110,M,,,75
201000061944,10,1,27,2040,5,2,3,1.0,3.0,75110,M,,,75
201000061945,10,1,28,1757,5,2,1,2.0,6.0,75110,M,,,75
201000061946,10,1,30,1105,1,2,1,4.0,7.0,75110,M,,,75
201000061947,10,1,30,2026,5,2,1,1.0,6.0,75110,M,,,75
201000061948,10,1,30,2215,5,2,1,1.0,5.0,75110,M,,,75
201000061949,10,2,2,1956,5,2,1,2.0,6.0,75110,M,,,75
201000061950,10,2,4,145,5,2,4,1.0,6.0,75110,M,,,75
201000061951,10,2,4,1510,1,2,2,1.0,7.0,75110,M,,,75
201000061952,10,2,5,1000,1,2,3,1.0,3.0,75110,M,,,75
201000061953,10,2,5,2120,5,2,5,1.0,7.0,75110,M,,,75
201000061954,10,2,6,1045,1,2,2,2.0,3.0,75110,M,,,75
201000061955,10,2,7,530,5,2,1,2.0,6.0,75110,M,,,75
201000061956,10,2,9,1305,1,2,1,8.0,2.0,75110,M,,,75
201000061957,10,2,9,1951,5,2,1,1.0,3.0,75110,M,,,75
201000061958,10,2,11,1230,1,2,4,4.0,3.0,75110,M,,,75
201000061959,10,2,11,1545,1,2,1,4.0,6.0,75110,M,,,75
201000061960,10,2,13,200,5,2,2,1.0,6.0,75110,M,,,75
201000061961,10,2,13,315,5,2,1,1.0,6.0,75110,M,,,75
201000061962,10,2,13,2230,5,2,3,1.0,6.0,75110,M,,,75
201000061963,10,2,15,630,5,2,2,1.0,3.0,75110,M,,,75
201000061964,10,2,15,1155,1,2,3,1.0,3.0,75110,M,,,75
201000061965,10,2,19,655,1,2,5,8.0,6.0,75110,M,,,75
201000061966,10,2,20,645,5,2,1,2.0,6.0,75110,M,,,75
201000061967,10,2,20,950,1,2,1,1.0,4.0,75110,M,,,75
201000061968,10,2,24,1250,1,2,1,1.0,7.0,75110,M,,,75
201000061969,10,2,25,1015,1,2,5,8.0,3.0,75110,M,,,75
201000061970,10,2,25,1450,1,2,3,2.0,3.0,75110,M,,,75
201000061971,10,2,25,1720,1,2,1,1.0,3.0,75110,M,,,75
201000061972,10,2,27,2105,5,2,4,2.0,6.0,75110,M,,,75
201000061973,10,3,4,1700,1,2,4,1.0,2.0,75110,M,,,75
201000061974,10,3,4,1735,2,2,2,1.0,6.0,75110,M,,,75
201000061975,10,3,7,330,5,2,3,1.0,3.0,75110,M,,,75
201000061976,10,11,2,2025,5,2,2,1.0,3.0,75110,M,,,75
201000061977,10,3,7,1915,5,2,1,1.0,6.0,75110,M,,,75
201000061978,10,3,8,1525,1,2,1,1.0,6.0,75110,M,,,75
201000061979,10,3,12,2300,5,2,1,1.0,3.0,75110,M,,,75
201000061980,10,3,17,915,1,2,2,1.0,6.0,75110,M,,,75
201000061981,10,3,17,1930,5,2,1,1.0,6.0,75110,M,,,75
201000061982,10,3,18,540,5,2,1,1.0,6.0,75110,M,,,75
201000061983,10,3,18,730,1,2,2,1.0,3.0,75110,M,,,75
201000061984,10,3,18,2200,5,2,3,1.0,3.0,75110,M,,,75
201000061985,10,3,19,903,1,2,2,1.0,3.0,75110,M,,,75
201000061986,10,3,19,1830,2,2,1,1.0,3.0,75110,M,,,75
201000061987,10,3,20,1250,1,2,5,1.0,3.0,75110,M,,,75
201000061988,10,3,20,2100,5,2,1,3.0,6.0,75110,M,,,75
201000061989,10,3,22,1610,1,2,1,1.0,3.0,75110,M,,,75
201000061990,10,3,23,1625,1,2,1,1.0,3.0,75110,M,,,75
201000061991,10,3,25,810,1,2,1,1.0,3.0,75110,M,,,75
201000061992,10,3,27,1950,5,2,1,2.0,6.0,75110,M,,,75
201000061993,10,3,29,700,2,2,1,1.0,6.0,75110,M,,,75
201000061994,10,3,29,1355,1,2,1,1.0,6.0,75110,M,,,75
201000061995,10,4,1,1255,1,2,1,1.0,6.0,75110,M,,,75
201000061996,10,4,2,935,1,2,1,2.0,7.0,75110,M,,,75
201000061997,10,4,4,300,5,2,1,2.0,6.0,75110,M,,,75
201000061998,10,4,4,2110,5,2,2,1.0,3.0,75110,M,,,75
201000061999,10,4,5,600,5,2,5,1.0,7.0,75110,M,,,75
201000062000,10,4,5,1700,1,2,5,1.0,3.0,75110,M,,,75
201000062001,10,4,6,20,5,2,5,1.0,3.0,75110,M,,,75
201000062002,10,4,6,1505,1,2,1,1.0,4.0,75110,M,,,75
201000062003,10,4,7,1050,1,2,5,1.0,3.0,75110,M,,,75
201000062004,10,4,9,1220,1,2,1,1.0,6.0,75110,M,,,75
201000062005,10,4,9,1905,1,2,2,1.0,3.0,75110,M,,,75
201000062006,10,4,10,1440,1,2,1,1.0,3.0,75110,M,,,75
201000062007,10,4,11,645,2,2,5,1.0,3.0,75110,M,,,75
201000062008,10,4,12,1030,1,2,1,1.0,3.0,75110,M,,,75
201000062009,10,4,13,1940,1,2,1,1.0,3.0,75110,M,,,75
201000062010,10,4,14,1045,1,2,1,1.0,3.0,75110,M,,,75
201000062011,10,4,14,2115,5,2,1,1.0,2.0,75110,M,,,75
201000062012,10,4,15,1420,1,2,1,1.0,6.0,75110,M,,,75
201000062013,10,4,16,1550,1,2,2,1.0,3.0,75110,M,,,75
201000062014,10,4,16,1715,1,2,1,1.0,6.0,75110,M,,,75
201000062015,10,4,18,630,1,2,1,1.0,2.0,75110,M,,,75
201000062016,10,4,19,750,1,2,1,1.0,6.0,75110,M,,,75
201000062017,10,4,20,1815,1,2,1,1.0,6.0,75110,M,,,75
201000062018,10,4,21,1750,1,2,2,1.0,3.0,75110,M,,,75
201000062019,10,4,22,940,1,2,2,1.0,3.0,75110,M,,,75
201000062020,10,4,24,1405,1,2,2,1.0,3.0,75110,M,,,75
201000062021,10,4,27,750,1,2,1,1.0,6.0,75110,M,,,75
201000062022,10,4,29,1815,1,2,1,1.0,6.0,75110,M,,,75
201000062023,10,4,30,515,3,2,1,1.0,2.0,75110,M,,,75
201000062024,10,4,30,1100,1,2,1,1.0,6.0,75110,M,,,75
201000062025,10,4,30,1745,1,2,1,1.0,6.0,75110,M,,,75
201000062026,10,5,2,40,5,2,1,2.0,6.0,75110,M,,,75
201000062027,10,5,3,1000,1,2,1,1.0,3.0,75110,M,,,75
201000062028,10,5,4,1810,1,2,1,1.0,7.0,75110,M,,,75
201000062029,10,5,4,2038,2,2,2,1.0,6.0,75110,M,,,75
201000062030,10,5,5,210,5,2,2,1.0,6.0,75110,M,,,75
201000062031,10,5,5,1920,1,2,2,1.0,6.0,75110,M,,,75
201000062032,10,5,6,1310,1,2,1,1.0,6.0,75110,M,,,75
201000062033,10,5,6,2140,5,2,1,1.0,3.0,75110,M,,,75
201000062034,10,5,6,2315,5,2,1,1.0,6.0,75110,M,,,75
201000062035,10,5,7,1030,1,2,5,1.0,6.0,75110,M,,,75
201000062036,10,5,10,2210,5,2,1,2.0,6.0,75110,M,,,75
201000062037,10,5,10,2358,5,2,5,3.0,3.0,75110,M,,,75
201000062038,10,5,11,915,1,2,1,2.0,2.0,75110,M,,,75
201000062039,10,5,12,530,5,2,1,1.0,6.0,75110,M,,,75
201000062040,10,5,12,1050,1,2,1,1.0,2.0,75110,M,,,75
201000062041,10,5,12,1430,1,2,1,1.0,1.0,75110,M,,,75
201000062042,10,5,12,2020,2,2,5,1.0,5.0,75110,M,,,75
201000062043,10,5,13,1230,1,2,2,1.0,3.0,75110,M,,,75
201000062044,10,5,15,1600,1,2,1,1.0,3.0,75110,M,,,75
201000062045,10,5,19,1205,1,2,3,1.0,3.0,75110,M,,,75
201000062046,10,5,19,1425,1,2,2,1.0,3.0,75110,M,,,75
201000062047,10,5,19,1950,1,1,5,1.0,3.0,75110,M,,,75
201000062048,10,5,19,2305,5,2,1,1.0,2.0,75110,M,,,75
201000062049,10,5,22,1945,1,2,1,1.0,3.0,75110,M,,,75
201000062050,10,5,23,2115,2,2,1,1.0,6.0,75110,M,,,75
201000062051,10,5,26,850,1,2,1,8.0,6.0,75110,M,,,75
201000062052,10,5,28,2150,5,2,1,1.0,6.0,75110,M,,,75
201000062053,10,5,29,1940,1,2,1,2.0,6.0,75110,M,,,75
201000062054,10,5,30,1335,1,2,4,2.0,6.0,75110,M,,,75
201000062055,10,5,31,1015,1,2,5,1.0,7.0,75110,M,,,75
201000062056,10,6,2,210,5,2,1,2.0,6.0,75110,M,,,75
201000062057,10,6,2,1340,1,2,1,1.0,3.0,75110,M,,,75
201000062058,10,6,4,945,1,2,1,1.0,2.0,75110,M,,,75
201000062059,10,6,4,1640,1,2,1,1.0,6.0,75110,M,,,75
201000062060,10,6,8,1350,1,2,2,1.0,2.0,75110,M,,,75
201000062061,10,6,9,800,1,2,2,2.0,1.0,75110,M,,,75
201000062062,10,6,9,1435,1,2,1,2.0,6.0,75110,M,,,75
201000062063,10,6,11,715,1,2,1,1.0,6.0,75110,M,,,75
201000062064,10,6,13,1520,1,2,2,1.0,1.0,75110,M,,,75
201000062065,10,6,14,1005,1,2,3,1.0,3.0,75110,M,,,75
201000062066,10,6,15,2025,1,2,2,1.0,2.0,75119,M,,,75
201000062067,10,6,17,1045,1,2,1,1.0,3.0,75110,M,,,75
201000062068,10,6,17,1845,1,2,2,1.0,3.0,75110,M,,,75
201000062069,10,6,18,1020,1,2,1,8.0,6.0,75110,M,,,75
201000062070,10,6,18,1745,1,2,1,1.0,1.0,75110,M,,,75
201000062071,10,6,19,1850,1,2,2,2.0,7.0,75110,M,,,75
201000062072,10,6,20,115,5,2,5,1.0,6.0,75110,M,,,75
201000062073,10,6,20,1345,1,2,2,1.0,1.0,75110,M,,,75
201000062074,10,6,21,1020,1,2,2,1.0,1.0,75110,M,,,75
201000062075,10,6,21,1720,1,2,2,8.0,1.0,75110,M,,,75
201000062076,10,6,22,530,2,2,1,1.0,6.0,75110,M,,,75
201000062077,10,6,28,2215,5,2,1,1.0,3.0,75110,M,,,75
201000062078,10,6,29,1035,1,2,1,1.0,7.0,75110,M,,,75
201000062079,10,6,29,1550,1,2,1,1.0,3.0,75110,M,,,75
201000062080,10,6,30,940,1,2,1,1.0,3.0,75110,M,,,75
201000062081,10,6,30,1520,1,2,1,1.0,7.0,75110,M,,,75
201000062082,10,7,1,29,5,2,1,1.0,6.0,75110,M,,,75
201000062083,10,7,1,1350,1,2,5,1.0,3.0,75110,M,,,75
201000062084,10,7,1,1410,1,2,1,1.0,6.0,75110,M,,,75
201000062085,10,7,1,1735,1,2,1,1.0,2.0,75110,M,,,75
201000062086,10,7,1,1910,1,2,1,1.0,6.0,75110,M,,,75
201000062087,10,7,2,1330,1,2,1,1.0,6.0,75110,M,,,75
201000062088,10,7,5,1225,1,2,1,1.0,6.0,75110,M,,,75
201000062089,10,7,5,1930,1,2,1,1.0,2.0,75110,M,,,75
201000062090,10,7,6,500,5,2,1,1.0,7.0,75110,M,,,75
201000062091,10,7,6,2005,2,2,1,1.0,3.0,75110,M,,,75
201000062092,10,7,7,1436,1,2,3,1.0,4.0,75110,M,,,75
201000062093,10,7,8,1030,1,2,2,7.0,6.0,75110,M,,,75
201000062094,10,7,8,1240,1,2,1,1.0,3.0,75110,M,,,75
201000062095,10,7,8,1545,1,2,1,1.0,3.0,75110,M,,,75
201000062096,10,7,9,2045,1,2,1,1.0,6.0,75110,M,,,75
201000062097,10,7,10,2315,5,2,1,1.0,6.0,75110,M,,,75
201000062098,10,7,11,945,1,2,1,1.0,6.0,75110,M,,,75
201000062099,10,7,12,715,1,2,2,3.0,3.0,75110,M,,,75
201000062100,10,7,13,600,2,2,2,1.0,6.0,75110,M,,,75
201000062101,10,7,17,1555,1,2,5,8.0,2.0,75110,M,,,75
201000062102,10,7,19,2315,5,2,5,1.0,3.0,75110,M,,,75
201000062103,10,7,19,2330,5,2,4,1.0,3.0,75110,M,,,75
201000062104,10,7,20,1119,1,2,1,1.0,2.0,75110,M,,,75
201000062105,10,7,22,854,1,2,5,1.0,6.0,75110,M,,,75
201000062106,10,7,22,1105,1,2,1,1.0,6.0,75110,M,,,75
201000062107,10,7,24,950,1,2,1,1.0,2.0,75110,M,,,75
201000062108,10,7,24,2305,5,2,1,1.0,6.0,75110,M,,,75
201000062109,10,7,26,1915,1,2,1,1.0,2.0,75110,M,,,75
201000062110,10,7,27,420,5,2,1,2.0,7.0,75110,M,,,75
201000062111,10,7,28,2000,1,2,1,1.0,3.0,75110,M,,,75
201000062112,10,8,5,1815,1,2,5,1.0,6.0,75110,M,,,75
201000062113,10,8,7,50,5,2,1,1.0,6.0,75110,M,,,75
201000062114,10,8,9,1610,1,2,1,1.0,3.0,75110,M,,,75
201000062115,10,8,10,2115,5,2,2,3.0,6.0,75110,M,,,75
201000062116,10,8,18,2325,5,2,1,8.0,6.0,75110,M,,,75
201000062117,10,8,19,1215,1,2,1,1.0,6.0,75110,M,,,75
201000062118,10,8,22,1030,1,2,1,1.0,6.0,75110,M,,,75
201000062119,10,8,22,1135,1,2,1,1.0,6.0,75110,M,,,75
201000062120,10,8,22,2317,5,2,5,1.0,3.0,75110,M,,,75
201000062121,10,8,25,1820,1,2,1,1.0,3.0,75110,M,,,75
201000062122,10,8,25,1920,1,2,1,1.0,6.0,75110,M,,,75
201000062123,10,8,26,2325,5,2,4,2.0,5.0,75110,M,,,75
201000062124,10,8,27,925,1,2,3,1.0,6.0,75110,M,,,75
201000062125,10,8,29,235,5,2,2,1.0,3.0,75110,M,,,75
201000062126,10,8,31,1850,1,2,1,1.0,6.0,75110,M,,,75
201000062127,10,9,1,1221,1,2,1,1.0,3.0,75110,M,,,75
201000062128,10,9,1,2335,5,2,1,1.0,6.0,75110,M,,,75
201000062129,10,9,2,1830,1,2,2,1.0,2.0,75110,M,,,75
201000062130,10,9,6,1908,1,2,5,1.0,3.0,75110,M,,,75
201000062131,10,9,7,1845,1,2,1,1.0,7.0,75110,M,,,75
201000062132,10,9,8,1505,1,2,1,2.0,7.0,75110,M,,,75
201000062133,10,9,8,1705,1,2,3,2.0,3.0,75110,M,,,75
201000062134,10,9,9,135,5,2,1,1.0,6.0,75110,M,,,75
201000062135,10,9,10,342,5,2,5,1.0,3.0,75110,M,,,75
201000062136,10,9,12,200,5,2,5,1.0,3.0,75110,M,,,75
201000062137,10,9,9,1335,1,2,1,1.0,6.0,75110,M,,,75
201000062138,10,9,16,1450,1,2,1,1.0,6.0,75110,M,,,75
201000062139,10,9,16,1800,1,2,1,1.0,6.0,75110,M,,,75
201000062140,10,9,16,1220,1,2,3,1.0,3.0,75110,M,,,75
201000062141,10,9,19,955,1,2,1,1.0,6.0,75110,M,,,75
201000062142,10,9,19,1705,1,2,1,1.0,2.0,75110,M,,,75
201000062143,10,9,20,1710,1,2,1,1.0,7.0,75110,M,,,75
201000062144,10,9,21,1500,1,2,1,1.0,3.0,75110,M,,,75
201000062145,10,9,22,1130,1,2,1,1.0,3.0,75110,M,,,75
201000062146,10,9,22,1515,1,2,1,7.0,2.0,75110,M,,,75
201000062147,10,9,22,2115,5,2,2,1.0,3.0,75110,M,,,75
201000062148,10,9,23,2245,5,2,1,2.0,6.0,75110,M,,,75
201000062149,10,9,24,140,3,2,2,3.0,1.0,75110,M,,,75
201000062150,10,9,24,1040,1,2,1,1.0,6.0,75110,M,,,75
201000062151,10,9,24,1650,1,2,1,2.0,3.0,75110,M,,,75
201000062152,10,9,24,1655,2,2,2,3.0,3.0,75110,M,,,75
201000062153,10,9,25,1800,2,2,5,1.0,3.0,75110,M,,,75
201000062154,10,9,26,2300,5,2,1,2.0,6.0,75110,M,,,75
201000062155,10,9,27,1800,2,2,1,1.0,6.0,75110,M,,,75
201000062156,10,9,28,1930,5,2,1,1.0,3.0,75110,M,,,75
201000062157,10,9,30,100,5,2,1,1.0,3.0,75110,M,,,75
201000062158,10,10,2,2010,5,2,2,1.0,1.0,75110,M,,,75
201000062159,10,10,3,100,5,2,2,1.0,6.0,75110,M,,,75
201000062160,10,10,4,2030,5,2,1,1.0,3.0,75110,M,,,75
201000062161,10,10,5,1430,1,2,1,1.0,4.0,75110,M,,,75
201000062162,10,10,5,1805,1,2,1,2.0,6.0,75110,M,,,75
201000062163,10,10,7,800,1,2,5,8.0,6.0,75110,M,,,75
201000062164,10,10,8,730,1,2,2,1.0,1.0,75110,M,,,75
201000062165,10,10,10,1750,1,2,5,1.0,3.0,75110,M,,,75
201000062166,10,10,11,45,5,2,2,1.0,6.0,75110,M,,,75
201000062167,10,10,11,1715,1,2,1,1.0,6.0,75110,M,,,75
201000062168,10,10,12,1435,1,2,2,1.0,3.0,75110,M,,,75
201000062169,10,10,13,1650,1,2,3,1.0,6.0,75110,M,,,75
201000062170,10,10,13,1729,1,2,2,1.0,7.0,75110,M,,,75
201000062171,10,10,14,1940,5,2,4,1.0,3.0,75110,M,,,75
201000062172,10,10,14,2345,5,2,1,1.0,1.0,75110,M,,,75
201000062173,10,10,16,910,1,2,3,1.0,1.0,75110,M,,,75