Num_Acc,an,mois,jour,hrmn,lum,agg,int,atm,col,com,gps,lat,long,dep
201000062174,10,10,19,1655,1,2,5,1.0,3.0,75110,M,,,75
201000062175,10,10,20,10,5,2,5,2.0,1.0,75110,M,,,75
201000062176,10,10,21,950,1,2,1,1.0,6.0,75110,M,,,75
201000062177,10,10,22,835,1,2,1,1.0,6.0,75110,M,,,75
201000062178,10,10,22,2255,5,2,2,1.0,3.0,75110,M,,,75
201000062179,10,10,23,1325,1,2,1,2.0,3.0,75110,M,,,75
201000062180,10,10,26,2020,5,2,5,1.0,2.0,75110,M,,,75
201000062181,10,10,28,1900,5,2,2,1.0,6.0,75110,M,,,75
201000062182,10,10,29,1250,1,2,1,1.0,2.0,75110,M,,,75
201000062183,10,10,29,1930,5,2,1,1.0,3.0,75110,M,,,75
201000062184,10,10,30,545,5,2,2,3.0,6.0,75110,M,,,75
201000062185,10,10,30,605,5,2,2,3.0,3.0,75110,M,,,75
201000062186,10,10,30,1700,1,2,5,1.0,6.0,75110,M,,,75
201000062187,10,10,30,2315,5,2,2,1.0,6.0,75110,M,,,75
201000062188,10,11,2,1135,1,2,3,8.0,3.0,75110,M,,,75
201000062189,10,11,4,1905,5,2,1,1.0,6.0,75110,M,,,75
201000062190,10,11,4,2200,5,2,1,1.0,6.0,75110,M,,,75
201000062191,10,11,6,1825,5,2,1,3.0,6.0,75110,M,,,75
201000062192,10,11,7,415,5,2,2,1.0,3.0,75110,M,,,75
201000062193,10,11,6,2225,5,2,1,3.0,6.0,75110,M,,,75
201000062194,10,11,8,1340,1,2,2,3.0,6.0,75110,M,,,75
201000062195,10,11,8,2050,5,2,1,2.0,3.0,75110,M,,,75
201000062196,10,11,10,255,5,2,1,2.0,6.0,75110,M,,,75
201000062197,10,11,11,1700,5,2,1,2.0,6.0,75110,M,,,75
201000062198,10,11,12,1150,1,2,2,1.0,3.0,75110,M,,,75
201000062199,10,11,14,820,2,2,1,2.0,6.0,75110,M,,,75
201000062200,10,11,15,1540,1,2,2,1.0,3.0,75110,M,,,75
201000062201,10,11,16,525,5,2,5,1.0,2.0,75110,M,,,75
201000062202,10,11,16,1425,1,2,1,1.0,6.0,75110,M,,,75
201000062203,10,11,18,915,1,2,1,1.0,6.0,75110,M,,,75
201000062204,10,11,20,328,5,2,1,1.0,6.0,75110,M,,,75
201000062205,10,11,23,1140,1,2,3,1.0,6.0,75110,M,,,75
201000062206,10,11,25,1335,1,2,1,1.0,7.0,75110,M,,,75
201000062207,10,11,27,1230,1,2,2,1.0,6.0,75110,M,,,75
201000062208,10,11,27,1600,1,2,2,1.0,3.0,75110,M,,,75
201000062209,10,11,27,2015,5,2,1,1.0,3.0,75110,M,,,75
201000062210,10,12,1,1437,1,2,1,4.0,2.0,75110,M,,,75
201000062211,10,12,1,2035,5,2,1,4.0,6.0,75110,M,,,75
201000062212,10,12,4,2200,5,2,1,1.0,6.0,75110,M,,,75
201000062213,10,12,7,1910,5,2,5,2.0,3.0,75110,M,,,75
201000062214,10,12,7,2245,5,2,1,2.0,6.0,75110,M,,,75
201000062215,10,12,10,1455,1,2,1,8.0,2.0,75110,M,,,75
201000062216,10,12,10,2330,5,2,5,1.0,2.0,75110,M,,,75
201000062217,10,12,10,2250,5,2,2,1.0,6.0,75110,M,,,75
201000062218,10,12,16,1300,1,2,1,2.0,6.0,75110,M,,,75
201000062219,10,12,16,1520,1,2,1,2.0,3.0,75110,M,,,75
201000062220,10,12,16,2140,5,2,1,2.0,6.0,75110,M,,,75
201000062221,10,12,17,140,5,2,1,4.0,6.0,75110,M,,,75
201000062222,10,12,17,2315,5,2,1,4.0,5.0,75110,M,,,75
201000062223,10,12,19,10,5,2,1,4.0,7.0,75110,M,,,75
201000062224,10,12,22,2135,5,2,5,4.0,6.0,75110,M,,,75
201000062225,10,12,23,255,5,2,2,1.0,3.0,75110,M,,,75
201000062226,10,12,23,1125,1,2,3,4.0,6.0,75110,M,,,75
201000062227,10,12,23,1230,1,2,1,4.0,3.0,75110,M,,,75
201000062228,10,12,24,725,5,2,1,4.0,6.0,75110,M,,,75
201000062229,10,12,27,1620,1,2,1,1.0,4.0,75110,M,,,75
201000062230,10,12,28,1315,1,2,1,2.0,6.0,75110,M,,,75
201000062231,10,12,29,1200,1,2,3,1.0,6.0,75110,M,,,75
201000062232,10,12,30,1830,5,2,3,1.0,3.0,75110,M,,,75
201000062233,10,12,30,2255,5,2,2,1.0,3.0,75110,M,,,75
201000062234,10,12,31,1852,5,2,1,1.0,6.0,75110,M,,,75
201000062235,10,7,28,1830,1,2,1,1.0,6.0,75110,M,,,75
201000062236,10,1,2,1945,5,2,1,9.0,2.0,75111,M,,,75
201000062237,10,1,2,2050,5,2,3,1.0,4.0,75111,M,,,75
201000062238,10,1,4,1140,1,2,1,1.0,6.0,75111,M,,,75
201000062239,10,1,4,1225,1,2,2,1.0,6.0,75111,M,,,75
201000062240,10,1,9,2145,5,2,2,4.0,7.0,75111,M,,,75
201000062241,10,1,11,1410,1,2,1,8.0,3.0,75112,M,,,75
201000062242,10,1,11,2015,5,2,5,1.0,3.0,75111,M,,,75
201000062243,10,1,12,25,5,2,2,8.0,6.0,75111,M,,,75
201000062244,10,1,12,2045,5,2,3,1.0,3.0,75111,M,,,75
201000062245,10,1,14,330,5,2,5,1.0,6.0,75111,M,,,75
201000062246,10,1,14,1015,1,2,1,1.0,3.0,75111,M,,,75
201000062247,10,1,14,1735,5,2,3,1.0,3.0,75111,M,,,75
201000062248,10,1,14,1900,5,2,2,1.0,6.0,75111,M,,,75
201000062249,10,1,14,2035,5,2,5,1.0,7.0,75111,M,,,75
201000062250,10,1,15,1320,1,2,2,8.0,7.0,75111,M,,,75
201000062251,10,1,16,1246,1,2,5,2.0,6.0,75111,M,,,75
201000062252,10,1,16,1900,5,2,4,1.0,6.0,75111,M,,,75
201000062253,10,1,19,1630,1,2,5,1.0,3.0,75111,M,,,75
201000062254,10,1,21,905,1,2,5,8.0,6.0,75111,M,,,75
201000062255,10,1,21,1305,1,2,1,8.0,6.0,75111,M,,,75
201000062256,10,1,21,2040,5,2,3,1.0,3.0,75111,M,,,75
201000062257,10,1,23,1850,5,2,3,2.0,3.0,75111,M,,,75
201000062258,10,1,25,1023,1,2,2,1.0,6.0,75111,M,,,75
201000062259,10,1,25,1130,1,2,1,1.0,2.0,75111,M,,,75
201000062260,10,1,26,1920,5,2,1,1.0,3.0,75111,M,,,75
201000062261,10,1,29,950,1,2,4,2.0,7.0,75111,M,,,75
201000062262,10,1,29,1820,5,2,3,2.0,3.0,75111,M,,,75
201000062263,10,2,2,750,2,2,2,2.0,6.0,75111,M,,,75
201000062264,10,2,4,1730,5,2,1,8.0,3.0,75111,M,,,75
201000062265,10,2,5,230,5,2,1,2.0,6.0,75111,M,,,75
201000062266,10,2,5,1645,1,2,1,1.0,3.0,75111,M,,,75
201000062267,10,2,6,1220,1,2,2,2.0,3.0,75111,M,,,75
201000062268,10,2,6,1745,1,2,1,2.0,6.0,75111,M,,,75
201000062269,10,2,6,2135,5,2,1,1.0,2.0,75111,M,,,75
201000062270,10,2,8,1050,1,2,3,2.0,3.0,75111,M,,,75
201000062271,10,2,9,1605,1,2,1,1.0,2.0,75111,M,,,75
201000062272,10,2,12,1905,5,2,1,1.0,2.0,75111,M,,,75
201000062273,10,2,13,1740,2,2,5,1.0,2.0,75111,M,,,75
201000062274,10,2,13,2215,5,2,5,1.0,2.0,75111,M,,,75
201000062275,10,2,15,1815,3,2,3,1.0,2.0,75111,M,,,75
201000062276,10,2,17,1210,1,2,3,2.0,6.0,75111,M,,,75
201000062277,10,2,18,2050,5,2,5,2.0,3.0,75111,M,,,75
201000062278,10,2,18,2207,5,2,2,1.0,3.0,75111,M,,,75
201000062279,10,2,19,1455,1,2,5,1.0,4.0,75111,M,,,75
201000062280,10,2,19,1725,1,2,2,1.0,3.0,75111,M,,,75
201000062281,10,2,21,2040,5,2,3,1.0,6.0,75111,M,,,75
201000062282,10,2,22,1310,1,2,5,8.0,2.0,75111,M,,,75
201000062283,10,2,24,1100,1,2,1,2.0,6.0,75111,M,,,75
201000062284,10,2,25,2025,5,2,2,2.0,7.0,75111,M,,,75
201000062285,10,2,26,950,1,2,2,8.0,6.0,75111,M,,,75
201000062286,10,2,26,2300,5,2,1,1.0,2.0,75111,M,,,75
201000062287,10,3,2,1120,1,2,3,1.0,3.0,75111,M,,,75
201000062288,10,3,3,950,1,2,2,1.0,3.0,75111,M,,,75
201000062289,10,3,4,815,1,2,5,1.0,3.0,75111,M,,,75
201000062290,10,3,4,2135,5,2,3,1.0,3.0,75111,M,,,75
201000062291,10,3,6,2125,5,2,5,1.0,7.0,75111,M,,,75
201000062292,10,3,8,830,1,2,1,9.0,7.0,75111,M,,,75
201000062293,10,3,8,1330,1,2,5,1.0,3.0,75111,M,,,75
201000062294,10,3,9,1355,1,2,2,1.0,3.0,75111,M,,,75
201000062295,10,3,9,1710,1,2,1,1.0,7.0,75111,M,,,75
201000062296,10,3,10,1300,1,2,3,1.0,3.0,75103,M,,,75
201000062297,10,3,10,1700,1,2,3,1.0,3.0,75111,M,,,75
201000062298,10,3,12,1800,1,2,4,1.0,6.0,75111,M,,,75
201000062299,10,3,13,1448,1,2,1,1.0,6.0,75111,M,,,75
201000062300,10,3,13,1945,1,2,5,1.0,6.0,75111,M,,,75
201000062301,10,3,14,230,5,2,2,1.0,6.0,75111,M,,,75
201000062302,10,3,16,1935,5,2,1,1.0,2.0,75111,M,,,75
201000062303,10,3,17,1215,1,2,5,1.0,3.0,75111,M,,,75
201000062304,10,3,17,2000,5,2,1,1.0,6.0,75111,M,,,75
201000062305,10,3,18,1420,1,2,1,1.0,2.0,75111,M,,,75
201000062306,10,3,19,1240,1,2,1,1.0,6.0,75111,M,,,75
201000062307,10,3,19,1415,1,2,5,1.0,6.0,75111,M,,,75
201000062308,10,3,22,1215,1,2,1,1.0,6.0,75111,M,,,75
201000062309,10,3,23,1315,1,2,1,1.0,2.0,75111,M,,,75
201000062310,10,3,23,2155,5,2,1,1.0,3.0,75111,M,,,75
201000062311,10,3,24,1635,1,2,3,1.0,7.0,75111,M,,,75
201000062312,10,3,25,450,5,2,5,1.0,3.0,75111,M,,,75
201000062313,10,3,25,2145,5,2,5,1.0,6.0,75111,M,,,75
201000062314,10,3,26,1806,1,2,1,1.0,6.0,75111,M,,,75
201000062315,10,3,27,1735,1,2,2,1.0,6.0,75111,M,,,75
201000062316,10,3,27,1755,1,2,1,1.0,6.0,75111,M,,,75
201000062317,10,3,28,345,5,2,4,1.0,6.0,75111,M,,,75
201000062318,10,3,28,1959,5,2,3,1.0,6.0,75111,M,,,75
201000062319,10,3,29,25,5,2,2,2.0,6.0,75111,M,,,75
201000062320,10,3,29,815,1,2,2,1.0,3.0,75111,M,,,75
201000062321,10,3,29,1115,1,2,1,1.0,6.0,75111,M,,,75
201000062322,10,3,29,1229,1,2,1,1.0,3.0,75111,M,,,75
201000062323,10,4,1,1355,1,2,5,1.0,2.0,75111,M,,,75
201000062324,10,4,2,930,1,2,2,1.0,6.0,75111,M,,,75
201000062325,10,4,2,1935,1,2,1,3.0,3.0,75111,M,,,75
201000062326,10,4,5,205,5,2,5,1.0,6.0,75111,M,,,75
201000062327,10,4,6,835,1,2,4,1.0,6.0,75111,M,,,75
201000062328,10,4,6,1755,1,2,1,1.0,6.0,75111,M,,,75
201000062329,10,4,7,120,5,2,1,1.0,3.0,75111,M,,,75
201000062330,10,4,7,1720,1,2,5,1.0,3.0,75111,M,,,75
201000062331,10,4,8,1310,1,2,1,1.0,2.0,75111,M,,,75
201000062332,10,4,8,2305,5,2,5,1.0,3.0,75111,M,,,75
201000062333,10,4,9,1225,1,2,2,7.0,3.0,75111,M,,,75
201000062334,10,4,10,1030,1,2,5,1.0,3.0,75111,M,,,75
201000062335,10,4,15,920,1,2,1,1.0,3.0,75111,M,,,75
201000062336,10,4,16,1400,1,2,1,1.0,3.0,75111,M,,,75
201000062337,10,4,18,1205,1,2,5,7.0,3.0,75112,M,,,75
201000062338,10,4,18,1730,1,2,1,1.0,2.0,75111,M,,,75
201000062339,10,4,19,855,1,2,2,1.0,3.0,75111,M,,,75
201000062340,10,4,19,1055,1,2,1,1.0,3.0,75111,M,,,75
201000062341,10,4,20,535,5,2,1,1.0,6.0,75111,M,,,75
201000062342,10,4,20,1950,1,2,1,1.0,6.0,75111,M,,,75
201000062343,10,4,20,2238,5,2,2,1.0,3.0,75111,M,,,75
201000062344,10,4,21,1815,1,2,1,1.0,6.0,75111,M,,,75
201000062345,10,4,21,1810,1,2,5,1.0,6.0,75111,M,,,75
201000062346,10,4,22,1505,1,2,1,1.0,3.0,75111,M,,,75
201000062347,10,4,24,1655,1,2,2,1.0,3.0,75111,M,,,75
201000062348,10,4,24,1800,1,2,2,1.0,6.0,75111,M,,,75
201000062349,10,4,27,1000,1,2,1,1.0,7.0,75111,M,,,75
201000062350,10,4,27,1300,1,2,1,1.0,6.0,75111,M,,,75
201000062351,10,4,27,1830,1,2,2,1.0,3.0,75111,M,,,75
201000062352,10,4,28,1105,1,2,3,1.0,6.0,75111,M,,,75
201000062353,10,4,29,940,1,2,5,1.0,6.0,75111,M,,,75
201000062354,10,4,29,1530,1,2,1,1.0,6.0,75111,M,,,75
201000062355,10,4,29,1845,1,2,2,1.0,3.0,75111,M,,,75
201000062356,10,4,30,2020,2,2,2,1.0,6.0,75111,M,,,75
201000062357,10,5,1,425,5,2,1,1.0,7.0,75111,M,,,75
201000062358,10,5,2,115,5,2,1,2.0,3.0,75111,M,,,75
201000062359,10,5,3,1112,1,2,1,8.0,3.0,75111,M,,,75
201000062360,10,5,3,2200,4,2,1,1.0,7.0,75111,M,,,75
201000062361,10,5,4,140,5,2,1,1.0,6.0,75111,M,,,75
201000062362,10,5,4,840,1,2,1,1.0,7.0,75111,M,,,75
201000062363,10,5,4,1742,1,2,5,1.0,3.0,75111,M,,,75
201000062364,10,5,6,1900,1,2,1,1.0,6.0,75111,M,,,75
201000062365,10,5,7,1015,1,2,3,1.0,3.0,75111,M,,,75
201000062366,10,5,8,2003,2,2,5,2.0,3.0,75111,M,,,75
201000062367,10,5,9,1200,1,2,5,1.0,6.0,75111,M,,,75
201000062368,10,5,10,1640,1,2,1,8.0,3.0,75111,M,,,75
201000062369,10,5,11,1640,1,2,1,2.0,2.0,75111,M,,,75
201000062370,10,5,11,1955,2,2,2,2.0,6.0,75111,M,,,75
201000062371,10,5,11,2250,5,2,2,1.0,6.0,75111,M,,,75
201000062372,10,5,12,1230,1,2,1,1.0,2.0,75111,M,,,75
201000062373,10,5,14,1930,1,2,3,1.0,4.0,75111,M,,,75
201000062374,10,5,16,2035,2,2,2,1.0,3.0,75111,M,,,75
201000062375,10,5,18,1050,1,2,5,1.0,3.0,75111,M,,,75
201000062376,10,5,20,935,1,2,1,1.0,6.0,75111,M,,,75
201000062377,10,5,20,2050,2,2,2,1.0,3.0,75111,M,,,75
201000062378,10,5,21,1430,1,2,2,1.0,3.0,75111,M,,,75
201000062379,10,5,21,1745,1,2,1,1.0,3.0,75111,M,,,75
201000062380,10,5,22,142,5,2,2,1.0,3.0,75111,M,,,75
201000062381,10,5,23,250,5,2,2,1.0,6.0,75111,M,,,75
201000062382,10,5,23,1635,1,2,5,1.0,6.0,75111,M,,,75
201000062383,10,5,26,1425,1,2,1,8.0,6.0,75111,M,,,75
201000062384,10,5,26,2145,5,2,3,1.0,3.0,75103,M,,,75
201000062385,10,5,27,900,1,2,5,8.0,3.0,75111,M,,,75
201000062386,10,5,29,1235,1,2,1,1.0,6.0,75111,M,,,75
201000062387,10,5,30,300,5,2,1,2.0,7.0,75111,M,,,75
201000062388,10,5,30,2130,5,2,2,1.0,3.0,75111,M,,,75
201000062389,10,6,2,940,1,2,1,1.0,6.0,75111,M,,,75
201000062390,10,6,2,1345,1,2,5,1.0,3.0,75111,M,,,75
201000062391,10,6,3,1,5,2,2,1.0,6.0,75111,M,,,75
201000062392,10,6,3,615,1,2,2,1.0,3.0,75111,M,,,75
201000062393,10,6,3,1310,1,2,2,1.0,3.0,75111,M,,,75
201000062394,10,6,3,1400,1,2,2,1.0,3.0,75111,M,,,75
201000062395,10,6,4,930,1,2,1,1.0,6.0,75111,M,,,75
201000062396,10,6,4,2020,1,2,3,1.0,3.0,75111,M,,,75
201000062397,10,6,6,2010,1,2,2,1.0,3.0,75111,M,,,75
201000062398,10,6,7,820,1,2,2,1.0,3.0,75111,M,,,75
201000062399,10,6,7,1810,1,2,2,1.0,6.0,75111,M,,,75
201000062400,10,6,7,2230,5,2,2,1.0,3.0,75111,M,,,75
201000062401,10,6,8,1635,1,2,2,1.0,6.0,75111,M,,,75
201000062402,10,6,9,950,1,2,3,2.0,6.0,75111,M,,,75
201000062403,10,6,9,945,1,2,2,2.0,6.0,75111,M,,,75
201000062404,10,6,10,945,1,2,3,2.0,6.0,75111,M,,,75
201000062405,10,6,11,1844,1,2,1,1.0,2.0,75111,M,,,75
201000062406,10,6,12,230,5,2,1,2.0,1.0,75111,M,,,75
201000062407,10,6,12,1750,1,2,2,1.0,3.0,75111,M,,,75
201000062408,10,6,13,130,5,2,2,1.0,6.0,75111,M,,,75
201000062409,10,6,16,1300,1,2,2,1.0,6.0,75111,M,,,75
201000062410,10,6,17,1030,1,2,1,1.0,2.0,75111,M,,,75
201000062411,10,6,18,1600,1,2,1,1.0,3.0,75111,M,,,75
201000062412,10,6,18,1610,1,2,1,1.0,2.0,75111,M,,,75
201000062413,10,6,19,430,5,2,2,2.0,6.0,75111,M,,,75
201000062414,10,6,19,810,1,2,2,2.0,6.0,75111,M,,,75
201000062415,10,6,20,2235,5,2,3,1.0,3.0,75111,M,,,75
201000062416,10,6,21,2110,1,1,2,1.0,3.0,75111,M,,,75
201000062417,10,6,21,2050,2,2,1,1.0,6.0,75111,M,,,75
201000062418,10,6,23,125,5,2,2,1.0,6.0,75111,M,,,75
201000062419,10,6,23,900,1,2,3,1.0,7.0,75111,M,,,75
201000062420,10,6,24,1555,1,2,3,1.0,3.0,75111,M,,,75
201000062421,10,6,24,1650,1,2,1,1.0,6.0,75111,M,,,75
201000062422,10,6,24,1700,1,2,1,1.0,6.0,75111,M,,,75
201000062423,10,6,26,1850,1,2,3,1.0,6.0,75111,M,,,75
201000062424,10,6,26,2035,1,2,1,1.0,6.0,75111,M,,,75
201000062425,10,6,27,1335,1,2,1,1.0,7.0,75111,M,,,75
201000062426,10,6,27,2310,5,2,3,1.0,3.0,75111,M,,,75
201000062427,10,6,28,1250,1,2,3,1.0,3.0,75111,M,,,75
201000062428,10,6,28,1705,1,2,9,1.0,2.0,75111,M,,,75
201000062429,10,6,28,2325,5,2,2,1.0,1.0,75111,M,,,75
201000062430,10,7,1,1210,1,2,5,1.0,3.0,75111,M,,,75
201000062431,10,7,1,1730,1,2,1,1.0,6.0,75111,M,,,75
201000062432,10,7,1,2105,1,2,1,1.0,5.0,75111,M,,,75
201000062433,10,7,1,2045,1,2,1,1.0,6.0,75111,M,,,75
201000062434,10,7,2,915,1,2,1,1.0,3.0,75111,M,,,75
201000062435,10,7,3,1135,1,2,1,2.0,2.0,75111,M,,,75
201000062436,10,7,4,2110,1,2,2,1.0,6.0,75111,M,,,75
201000062437,10,7,5,1104,1,2,1,1.0,3.0,75111,M,,,75
201000062438,10,7,5,1950,1,2,1,1.0,3.0,75111,M,,,75
201000062439,10,7,6,940,1,2,1,1.0,2.0,75111,M,,,75
201000062440,10,7,7,235,5,2,1,1.0,3.0,75111,M,,,75
201000062441,10,7,7,1540,1,2,2,1.0,3.0,75111,M,,,75
201000062442,10,7,8,2315,5,2,5,1.0,3.0,75110,M,,,75
201000062443,10,7,12,1735,1,2,5,1.0,6.0,75111,M,,,75
201000062444,10,7,12,1730,1,2,5,1.0,2.0,75111,M,,,75
201000062445,10,7,13,1830,1,2,3,1.0,3.0,75111,M,,,75
201000062446,10,7,17,40,5,2,1,1.0,2.0,75111,M,,,75
201000062447,10,7,17,1635,1,2,1,1.0,3.0,75111,M,,,75
201000062448,10,7,19,2050,1,2,4,1.0,6.0,75111,M,,,75
201000062449,10,7,18,340,5,2,3,1.0,6.0,75111,M,,,75
201000062450,10,7,20,5,5,2,5,1.0,6.0,75111,M,,,75
201000062451,10,7,23,1100,1,2,1,1.0,6.0,75111,M,,,75
201000062452,10,7,23,1520,1,2,3,2.0,6.0,75111,M,,,75
201000062453,10,7,25,1425,1,2,1,1.0,3.0,75111,M,,,75
201000062454,10,7,25,2005,1,2,1,1.0,6.0,75111,M,,,75
201000062455,10,7,25,2300,5,2,1,1.0,3.0,75111,M,,,75
201000062456,10,7,28,905,1,2,3,1.0,3.0,75111,M,,,75
201000062457,10,7,28,1310,1,2,1,1.0,6.0,75111,M,,,75
201000062458,10,7,28,1610,1,2,1,1.0,3.0,75111,M,,,75
201000062459,10,7,29,1610,1,2,1,1.0,6.0,75111,M,,,75
201000062460,10,8,4,2300,5,2,2,1.0,3.0,75111,M,,,75
201000062461,10,8,6,2036,2,2,2,1.0,3.0,75111,M,,,75
201000062462,10,8,4,55,5,2,1,1.0,7.0,75111,M,,,75
201000062463,10,8,9,2100,2,2,1,1.0,7.0,75111,M,,,75
201000062464,10,8,11,1520,1,2,1,1.0,6.0,75111,M,,,75
201000062465,10,8,14,1410,1,2,5,2.0,3.0,75111,M,,,75
201000062466,10,8,14,1525,1,2,1,2.0,7.0,75111,M,,,75
201000062467,10,8,15,1835,1,2,3,2.0,3.0,75111,M,,,75
201000062468,10,8,18,940,1,2,1,2.0,1.0,75111,M,,,75
201000062469,10,8,18,940,1,2,5,1.0,6.0,75111,M,,,75
201000062470,10,8,18,2055,2,2,1,1.0,3.0,75111,M,,,75
201000062471,10,8,19,1130,1,2,2,1.0,6.0,75111,M,,,75
201000062472,10,8,20,58,5,2,5,1.0,6.0,75112,M,,,75
201000062473,10,8,21,1240,1,2,2,1.0,6.0,75111,M,,,75
201000062474,10,8,22,30,5,2,5,1.0,6.0,75111,M,,,75
201000062475,10,8,22,857,1,2,1,1.0,6.0,75111,M,,,75
201000062476,10,8,23,1320,1,2,1,2.0,6.0,75111,M,,,75
201000062477,10,8,24,2000,2,2,1,1.0,6.0,75111,M,,,75
201000062478,10,8,24,1945,1,2,1,9.0,6.0,75111,M,,,75
201000062479,10,8,27,2100,5,2,5,2.0,3.0,75111,M,,,75
201000062480,10,8,28,1815,1,2,2,1.0,2.0,75111,M,,,75
201000062481,10,8,31,900,1,2,1,1.0,3.0,75111,M,,,75
201000062482,10,8,31,1655,1,2,2,1.0,3.0,75111,M,,,75
201000062483,10,9,1,1115,1,2,2,1.0,6.0,75111,M,,,75
201000062484,10,9,1,2000,1,2,1,1.0,6.0,75111,M,,,75
201000062485,10,9,1,2100,5,2,5,1.0,7.0,75111,M,,,75
201000062486,10,9,3,1305,1,2,1,1.0,6.0,75111,M,,,75
201000062487,10,9,4,40,5,2,5,1.0,3.0,75111,M,,,75
201000062488,10,9,6,1810,1,2,2,1.0,3.0,75111,M,,,75
201000062489,10,9,7,1455,1,2,1,1.0,6.0,75111,M,,,75
201000062490,10,9,7,2220,5,2,1,1.0,6.0,75111,M,,,75
201000062491,10,9,8,5,5,2,2,2.0,3.0,75111,M,,,75
201000062492,10,9,8,1030,1,2,1,2.0,2.0,75111,M,,,75
201000062493,10,9,9,50,5,2,1,1.0,3.0,75111,M,,,75
201000062494,10,9,10,1320,1,2,1,1.0,6.0,75111,M,,,75
201000062495,10,9,8,1910,1,2,1,2.0,1.0,75111,M,,,75
201000062496,10,9,11,2345,5,2,2,1.0,3.0,75111,M,,,75
201000062497,10,9,13,1440,1,2,2,1.0,6.0,75111,M,,,75
201000062498,10,9,17,2350,5,2,3,1.0,6.0,75111,M,,,75
201000062499,10,9,16,940,1,2,5,1.0,3.0,75111,M,,,75
201000062500,10,9,18,1135,1,2,7,1.0,6.0,75112,M,,,75
201000062501,10,9,19,2200,5,2,1,1.0,2.0,75111,M,,,75
201000062502,10,9,20,1055,1,2,5,1.0,3.0,75111,M,,,75
201000062503,10,9,22,2200,5,2,3,1.0,3.0,75111,M,,,75
201000062504,10,9,23,720,2,2,2,1.0,7.0,75111,M,,,75
201000062505,10,9,23,1750,1,2,1,1.0,3.0,75120,M,,,75
201000062506,10,9,23,1830,1,2,2,1.0,6.0,75111,M,,,75
201000062507,10,9,24,1155,1,2,1,1.0,2.0,75111,M,,,75
201000062508,10,9,24,2140,5,2,2,9.0,7.0,75111,M,,,75
201000062509,10,9,25,2345,5,2,5,1.0,3.0,75112,M,,,75
201000062510,10,9,26,2030,5,2,2,3.0,5.0,75111,M,,,75
201000062511,10,9,26,105,4,2,1,1.0,3.0,75111,M,,,75
201000062512,10,9,30,757,1,2,1,3.0,3.0,75111,M,,,75
201000062513,10,9,30,820,1,2,1,2.0,4.0,75111,M,,,75
201000062514,10,9,30,840,1,2,3,2.0,6.0,75111,M,,,75
201000062515,10,9,30,1105,1,2,1,2.0,7.0,75111,M,,,75
201000062516,10,9,30,1120,1,2,1,1.0,7.0,75111,M,,,75
201000062517,10,10,1,1215,1,2,2,1.0,6.0,75111,M,,,75
201000062518,10,10,1,1155,1,2,2,1.0,6.0,75111,M,,,75
201000062519,10,10,1,1640,1,2,5,2.0,6.0,75111,M,,,75
201000062520,10,10,1,1835,1,2,1,2.0,3.0,75111,M,,,75
201000062521,10,10,1,2135,5,2,1,2.0,1.0,75111,M,,,75
201000062522,10,10,2,1545,1,2,3,1.0,3.0,75111,M,,,75
201000062523,10,10,2,2320,5,2,2,1.0,3.0,75111,M,,,75
201000062524,10,10,3,1340,1,2,2,1.0,7.0,75111,M,,,75
201000062525,10,10,5,1620,1,2,1,1.0,6.0,75111,M,,,75
201000062526,10,10,6,2135,5,2,7,2.0,2.0,75111,M,,,75
201000062527,10,10,7,1400,1,2,5,1.0,2.0,75111,M,,,75
201000062528,10,10,10,1440,1,2,1,1.0,3.0,75111,M,,,75
201000062529,10,10,11,850,1,2,4,1.0,6.0,75111,M,,,75
201000062530,10,10,11,1500,1,2,2,1.0,3.0,75111,M,,,75
201000062531,10,10,11,2300,5,2,3,1.0,3.0,75111,M,,,75
201000062532,10,10,13,1320,1,2,1,1.0,3.0,75111,M,,,75
201000062533,10,10,14,1250,1,2,1,1.0,2.0,75111,M,,,75
201000062534,10,10,15,1700,1,2,1,1.0,3.0,75111,M,,,75
201000062535,10,10,15,1725,1,2,1,1.0,3.0,75111,M,,,75
201000062536,10,10,17,301,5,2,2,1.0,3.0,75111,M,,,75
201000062537,10,10,17,2140,5,2,5,1.0,2.0,75111,M,,,75
201000062538,10,10,18,340,5,2,3,1.0,7.0,75111,M,,,75
201000062539,10,10,18,2300,5,2,2,1.0,1.0,75111,M,,,75
201000062540,10,10,19,1540,1,2,2,1.0,3.0,75111,M,,,75
201000062541,10,10,19,1955,5,2,2,8.0,3.0,75111,M,,,75
201000062542,10,10,20,1810,2,2,4,8.0,3.0,75111,M,,,75
201000062543,10,10,21,805,2,2,2,1.0,6.0,75111,M,,,75
201000062544,10,10,23,1345,1,2,2,1.0,6.0,75111,M,,,75
201000062545,10,10,23,2220,5,2,1,2.0,3.0,75111,M,,,75
201000062546,10,10,24,1255,1,2,2,1.0,6.0,75111,M,,,75
201000062547,10,10,24,1640,1,2,5,1.0,6.0,75111,M,,,75
201000062548,10,10,25,1020,1,2,1,1.0,6.0,75111,M,,,75
201000062549,10,10,25,1015,1,2,2,1.0,3.0,75111,M,,,75
201000062550,10,10,25,2120,5,2,1,1.0,3.0,75111,M,,,75
201000062551,10,10,27,950,1,2,1,1.0,7.0,75111,M,,,75
201000062552,10,10,27,1935,5,2,5,1.0,6.0,75111,M,,,75
201000062553,10,10,28,2025,5,2,1,1.0,6.0,75111,M,,,75
201000062554,10,10,29,1455,1,2,1,1.0,2.0,75111,M,,,75
201000062555,10,10,30,45,5,2,1,8.0,6.0,75111,M,,,75
201000062556,10,10,31,1150,1,2,1,1.0,2.0,75111,M,,,75
201000062557,10,11,3,958,1,2,2,2.0,3.0,75111,M,,,75
201000062558,10,11,3,1155,1,2,1,1.0,6.0,75111,M,,,75