Num_Acc,an,mois,jour,hrmn,lum,agg,int,atm,col,com,gps,lat,long,dep
201000062559,10,11,3,1715,2,2,1,1.0,6.0,75111,M,,,75
201000062560,10,11,4,810,2,2,1,1.0,7.0,75111,M,,,75
201000062561,10,11,4,1755,1,2,1,1.0,3.0,75120,M,,,75
201000062562,10,11,5,105,5,2,5,1.0,6.0,75111,M,,,75
201000062563,10,11,5,555,3,2,5,1.0,6.0,75111,M,,,75
201000062564,10,11,5,1305,1,2,1,1.0,6.0,75111,M,,,75
201000062565,10,11,5,1535,1,2,2,1.0,6.0,75111,M,,,75
201000062566,10,11,5,2240,5,2,2,1.0,3.0,75111,M,,,75
201000062567,10,11,6,1730,5,2,1,3.0,7.0,75111,M,,,75
201000062568,10,11,7,1720,5,2,2,1.0,2.0,75111,M,,,75
201000062569,10,11,7,2240,5,2,1,1.0,2.0,75111,M,,,75
201000062570,10,11,8,1255,1,2,5,3.0,6.0,75111,M,,,75
201000062571,10,11,8,1220,1,2,2,3.0,6.0,75111,M,,,75
201000062572,10,11,8,1350,1,2,1,3.0,6.0,75111,M,,,75
201000062573,10,11,8,2145,5,2,5,1.0,3.0,75111,M,,,75
201000062574,10,11,9,840,1,2,2,3.0,6.0,75111,M,,,75
201000062575,10,11,9,1015,1,2,3,2.0,6.0,75111,M,,,75
201000062576,10,11,9,930,1,2,3,2.0,6.0,75111,M,,,75
201000062577,10,11,9,2245,5,2,1,2.0,2.0,75111,M,,,75
201000062578,10,11,10,2300,5,2,5,1.0,3.0,75111,M,,,75
201000062579,10,11,11,2025,5,2,2,2.0,3.0,75111,M,,,75
201000062580,10,11,11,2150,5,2,7,3.0,3.0,75111,M,,,75
201000062581,10,11,13,1950,5,2,2,2.0,6.0,75111,M,,,75
201000062582,10,11,13,2045,5,2,1,2.0,3.0,75111,M,,,75
201000062583,10,11,14,1755,5,2,1,1.0,6.0,75111,M,,,75
201000062584,10,11,15,1350,1,2,1,1.0,3.0,75111,M,,,75
201000062585,10,11,16,915,1,2,2,1.0,3.0,75111,M,,,75
201000062586,10,11,17,927,1,2,1,1.0,3.0,75111,M,,,75
201000062587,10,11,17,1040,1,2,1,1.0,3.0,75111,M,,,75
201000062588,10,11,18,2255,5,2,7,2.0,2.0,75111,M,,,75
201000062589,10,11,19,850,1,2,1,1.0,6.0,75111,M,,,75
201000062590,10,11,19,1445,1,2,1,8.0,6.0,75111,M,,,75
201000062591,10,11,19,1735,5,2,1,1.0,3.0,75111,M,,,75
201000062592,10,11,19,2000,5,2,3,1.0,3.0,75111,M,,,75
201000062593,10,11,20,1,5,2,3,8.0,6.0,75111,M,,,75
201000062594,10,11,21,250,5,2,1,2.0,6.0,75111,M,,,75
201000062595,10,11,21,120,5,2,1,2.0,3.0,75111,M,,,75
201000062596,10,11,23,1210,1,2,1,8.0,6.0,75111,M,,,75
201000062597,10,11,23,1425,2,2,7,1.0,3.0,75111,M,,,75
201000062598,10,11,24,745,1,2,2,1.0,3.0,75111,M,,,75
201000062599,10,11,24,1345,1,2,2,1.0,3.0,75111,M,,,75
201000062600,10,11,25,1830,5,2,3,2.0,6.0,75111,M,,,75
201000062601,10,11,27,1910,5,2,3,1.0,6.0,75111,M,,,75
201000062602,10,11,27,1920,5,2,5,1.0,3.0,75111,M,,,75
201000062603,10,11,28,2225,5,2,3,1.0,6.0,75111,M,,,75
201000062604,10,11,30,1640,2,2,1,1.0,6.0,75111,M,,,75
201000062605,10,12,1,1630,1,2,1,4.0,7.0,75111,M,,,75
201000062606,10,12,2,935,1,2,3,8.0,3.0,75111,M,,,75
201000062607,10,12,2,1100,1,2,1,8.0,3.0,75111,M,,,75
201000062608,10,12,2,1220,1,2,3,1.0,6.0,75111,M,,,75
201000062609,10,12,3,1615,1,2,1,1.0,6.0,75111,M,,,75
201000062610,10,12,3,1810,5,2,3,1.0,5.0,75111,M,,,75
201000062611,10,12,6,1715,5,2,1,1.0,6.0,75111,M,,,75
201000062612,10,12,9,1150,1,2,1,1.0,6.0,75111,M,,,75
201000062613,10,12,10,1630,2,2,3,1.0,6.0,75111,M,,,75
201000062614,10,12,14,905,1,2,3,1.0,6.0,75111,M,,,75
201000062615,10,12,14,1245,1,2,1,1.0,2.0,75111,M,,,75
201000062616,10,12,18,515,5,2,5,9.0,6.0,75111,M,,,75
201000062617,10,12,19,1755,5,2,2,2.0,6.0,75111,M,,,75
201000062618,10,12,21,1405,1,2,1,8.0,6.0,75111,M,,,75
201000062619,10,12,28,110,5,2,2,1.0,3.0,75111,M,,,75
201000062620,10,12,28,1025,1,2,5,2.0,6.0,75111,M,,,75
201000062621,10,2,28,315,5,2,5,3.0,6.0,75111,M,,,75
201000062622,10,5,2,2000,1,2,5,2.0,3.0,75111,M,,,75
201000062623,10,5,17,2300,5,2,3,1.0,3.0,75111,M,,,75
201000062624,10,1,4,1250,1,2,2,1.0,2.0,75112,M,,,75
201000062625,10,1,5,1855,5,2,1,1.0,7.0,75112,M,,,75
201000062626,10,1,7,1330,1,2,5,9.0,7.0,75112,M,,,75
201000062627,10,1,11,1900,5,2,2,1.0,6.0,75112,M,,,75
201000062628,10,1,12,1300,1,1,1,1.0,2.0,75112,M,,,75
201000062629,10,1,14,850,1,2,1,1.0,7.0,75112,M,,,75
201000062630,10,1,14,1500,1,2,1,1.0,3.0,75112,M,,,75
201000062631,10,1,15,1605,1,2,1,8.0,6.0,75112,M,,,75
201000062632,10,1,17,1955,5,2,2,1.0,3.0,75112,M,,,75
201000062633,10,1,18,430,5,2,1,1.0,6.0,75112,M,,,75
201000062634,10,1,19,945,1,2,1,1.0,7.0,75112,M,,,75
201000062635,10,1,19,1235,1,2,2,1.0,6.0,75112,M,,,75
201000062636,10,1,19,2030,5,1,5,1.0,3.0,75112,M,,,75
201000062637,10,1,21,1200,1,2,1,8.0,7.0,75112,M,,,75
201000062638,10,1,23,1950,5,2,1,1.0,3.0,75112,M,,,75
201000062639,10,1,24,125,5,2,5,1.0,2.0,75112,M,,,75
201000062640,10,1,24,2210,5,2,1,1.0,6.0,75112,M,,,75
201000062641,10,1,26,900,1,2,1,1.0,6.0,75112,M,,,75
201000062642,10,1,26,1425,1,2,1,1.0,6.0,75112,M,,,75
201000062643,10,1,26,1450,1,2,1,1.0,2.0,75112,M,,,75
201000062644,10,1,29,150,5,2,3,2.0,3.0,75120,M,,,75
201000062645,10,1,29,1215,1,2,1,2.0,4.0,75112,M,,,75
201000062646,10,1,30,1315,1,2,2,1.0,3.0,75112,M,,,75
201000062647,10,1,30,1740,1,2,4,1.0,6.0,75112,M,,,75
201000062648,10,1,30,1915,5,2,3,1.0,2.0,75112,M,,,75
201000062649,10,1,31,1330,1,2,1,1.0,2.0,75112,M,,,75
201000062650,10,1,31,1805,2,2,2,1.0,3.0,75112,M,,,75
201000062651,10,2,1,915,1,2,2,8.0,7.0,75112,M,,,75
201000062652,10,2,1,1100,1,2,5,2.0,3.0,75112,M,,,75
201000062653,10,2,1,1230,1,2,1,8.0,3.0,75112,M,,,75
201000062654,10,2,1,1410,1,2,2,1.0,3.0,75112,M,,,75
201000062655,10,2,3,820,1,2,2,2.0,6.0,75112,M,,,75
201000062656,10,2,3,1310,1,2,5,1.0,7.0,75112,M,,,75
201000062657,10,2,3,1710,1,2,4,1.0,7.0,75112,M,,,75
201000062658,10,2,4,1535,1,2,1,1.0,3.0,75112,M,,,75
201000062659,10,2,5,820,1,2,1,1.0,6.0,75112,M,,,75
201000062660,10,2,5,1015,1,2,3,1.0,6.0,75112,M,,,75
201000062661,10,2,5,1610,1,2,1,1.0,2.0,75112,M,,,75
201000062662,10,2,5,2134,5,2,1,1.0,6.0,75112,M,,,75
201000062663,10,2,6,40,5,2,1,1.0,3.0,75112,M,,,75
201000062664,10,2,6,1305,1,2,5,9.0,3.0,75112,M,,,75
201000062665,10,2,6,2030,3,2,1,1.0,2.0,75112,M,,,75
201000062666,10,2,11,45,3,2,3,4.0,6.0,75112,M,,,75
201000062667,10,2,11,1230,1,2,5,4.0,6.0,75112,M,,,75
201000062668,10,2,11,1512,1,2,1,4.0,6.0,75112,M,,,75
201000062669,10,2,12,125,5,2,5,1.0,6.0,75112,M,,,75
201000062670,10,2,12,805,1,2,4,8.0,7.0,75112,M,,,75
201000062671,10,2,15,1605,1,2,2,1.0,6.0,75112,M,,,75
201000062672,10,2,16,1630,1,2,2,1.0,3.0,75112,M,,,75
201000062673,10,2,17,1600,1,2,2,2.0,3.0,75112,M,0.0,0.0,75
201000062674,10,2,18,1220,1,2,4,1.0,3.0,75112,M,,,75
201000062675,10,2,18,1335,1,2,1,1.0,6.0,75112,M,,,75
201000062676,10,2,18,1650,1,2,5,2.0,3.0,75112,M,,,75
201000062677,10,2,19,850,1,2,1,1.0,3.0,75112,M,,,75
201000062678,10,2,19,1130,1,2,2,1.0,3.0,75112,M,,,75
201000062679,10,2,19,1528,1,2,1,1.0,2.0,75112,M,,,75
201000062680,10,2,22,1850,5,2,2,2.0,3.0,75112,M,,,75
201000062681,10,2,23,1905,5,2,2,2.0,3.0,75112,M,,,75
201000062682,10,2,27,1500,1,2,2,1.0,3.0,75112,M,,,75
201000062683,10,2,28,1850,2,2,1,2.0,2.0,75112,M,,,75
201000062684,10,3,1,930,1,2,1,1.0,3.0,75112,M,,,75
201000062685,10,3,1,2200,5,2,2,1.0,6.0,75112,M,,,75
201000062686,10,3,2,1315,1,2,2,1.0,6.0,75112,M,,,75
201000062687,10,3,3,920,1,2,5,1.0,2.0,75112,M,,,75
201000062688,10,3,3,1700,1,2,5,1.0,3.0,75112,M,,,75
201000062689,10,3,3,1920,5,2,1,1.0,3.0,75112,M,,,75
201000062690,10,3,4,935,1,2,1,1.0,7.0,75112,M,,,75
201000062691,10,3,4,1940,5,2,1,1.0,3.0,75112,M,,,75
201000062692,10,3,5,1905,5,2,1,1.0,6.0,75112,M,,,75
201000062693,10,3,7,230,5,2,5,1.0,6.0,75112,M,,,75
201000062694,10,3,7,1330,1,2,1,1.0,3.0,75112,M,,,75
201000062695,10,3,9,750,1,2,1,1.0,7.0,75112,M,,,75
201000062696,10,3,9,1000,1,2,1,1.0,6.0,75112,M,,,75
201000062697,10,3,10,1805,1,2,4,1.0,3.0,75112,M,,,75
201000062698,10,3,11,910,1,2,5,1.0,3.0,75112,M,,,75
201000062699,10,3,11,935,1,2,1,1.0,3.0,75112,M,,,75
201000062700,10,3,11,1850,5,2,1,1.0,7.0,75112,M,,,75
201000062701,10,3,11,2100,5,2,1,1.0,3.0,75112,M,,,75
201000062702,10,3,12,910,1,2,3,1.0,3.0,75112,M,,,75
201000062703,10,3,12,1740,1,2,3,1.0,3.0,75112,M,,,75
201000062704,10,3,12,1820,5,2,3,1.0,2.0,75112,M,,,75
201000062705,10,3,12,1930,5,2,5,1.0,3.0,75112,M,,,75
201000062706,10,3,13,1830,1,2,1,1.0,6.0,75112,M,,,75
201000062707,10,3,14,1720,1,2,1,1.0,6.0,75112,M,,,75
201000062708,10,3,15,830,1,2,2,1.0,3.0,75112,M,,,75
201000062709,10,3,16,930,1,2,1,1.0,2.0,75112,M,,,75
201000062710,10,3,16,1345,1,2,5,6.0,6.0,75112,M,,,75
201000062711,10,3,18,1825,1,2,1,1.0,3.0,75112,M,,,75
201000062712,10,3,18,1915,2,2,1,1.0,7.0,75112,M,,,75
201000062713,10,3,20,1235,1,2,1,1.0,6.0,75112,M,,,75
201000062714,10,3,21,1,5,2,5,3.0,3.0,75112,M,,,75
201000062715,10,3,23,1500,1,1,3,1.0,7.0,75112,M,,,75
201000062716,10,3,23,1700,1,2,1,1.0,6.0,75112,M,,,75
201000062717,10,3,24,1605,1,2,5,1.0,6.0,75112,M,,,75
201000062718,10,3,24,1840,2,2,1,1.0,3.0,75112,M,,,75
201000062719,10,3,25,2000,5,2,1,1.0,7.0,75112,M,,,75
201000062720,10,3,25,2320,5,2,5,1.0,3.0,75112,M,,,75
201000062721,10,3,26,1240,1,2,5,1.0,7.0,75112,M,,,75
201000062722,10,3,27,2120,5,2,2,1.0,6.0,75112,M,,,75
201000062723,10,3,28,1645,1,2,1,1.0,2.0,75112,M,,,75
201000062724,10,3,29,636,5,2,1,1.0,6.0,75112,M,,,75
201000062725,10,3,29,1053,1,2,5,1.0,6.0,75112,M,,,75
201000062726,10,3,29,1925,1,2,1,2.0,3.0,75112,M,,,75
201000062727,10,3,30,645,5,2,2,2.0,3.0,75112,M,,,75
201000062728,10,3,30,1545,1,2,2,3.0,3.0,75112,M,,,75
201000062729,10,3,30,1715,1,2,2,2.0,3.0,75112,M,,,75
201000062730,10,3,31,1315,1,2,5,2.0,7.0,75112,M,,,75
201000062731,10,3,31,1325,1,2,2,2.0,6.0,75112,M,,,75
201000062732,10,4,1,1515,1,2,1,1.0,6.0,75112,M,,,75
201000062733,10,4,2,540,5,2,1,1.0,2.0,75112,M,,,75
201000062734,10,4,2,1020,1,2,2,1.0,6.0,75112,M,,,75
201000062735,10,4,2,1335,1,2,2,3.0,6.0,75112,M,,,75
201000062736,10,4,4,220,5,2,1,2.0,6.0,75112,M,,,75
201000062737,10,4,4,1100,1,2,4,1.0,3.0,75112,M,,,75
201000062738,10,4,6,1000,1,2,1,1.0,3.0,75112,M,,,75
201000062739,10,4,6,1648,1,2,2,1.0,1.0,75112,M,,,75
201000062740,10,4,7,855,1,2,4,1.0,5.0,75112,M,,,75
201000062741,10,4,8,1620,1,2,5,1.0,3.0,75112,M,,,75
201000062742,10,4,8,1810,1,2,1,1.0,3.0,75112,M,,,75
201000062743,10,4,10,1500,1,2,1,1.0,2.0,75112,M,,,75
201000062744,10,4,10,2000,1,2,1,1.0,6.0,75112,M,,,75
201000062745,10,4,11,1830,1,2,1,1.0,2.0,75112,M,,,75
201000062746,10,4,13,1515,1,2,3,1.0,7.0,75112,M,,,75
201000062747,10,4,14,900,1,2,5,1.0,5.0,75112,M,,,75
201000062748,10,4,15,825,1,2,5,1.0,7.0,75112,M,,,75
201000062749,10,4,15,1848,1,2,5,1.0,1.0,75112,M,,,75
201000062750,10,4,15,2325,5,1,5,1.0,3.0,75112,M,,,75
201000062751,10,4,16,1615,1,2,1,1.0,6.0,75112,M,,,75
201000062752,10,4,17,1620,1,2,1,1.0,6.0,75112,M,,,75
201000062753,10,4,17,2050,1,2,3,1.0,2.0,75112,M,,,75
201000062754,10,4,20,920,1,2,3,1.0,3.0,75112,M,,,75
201000062755,10,4,20,1600,1,2,2,1.0,6.0,75112,M,,,75
201000062756,10,4,22,1815,1,2,1,1.0,7.0,75112,M,,,75
201000062757,10,4,23,1925,1,2,2,1.0,3.0,75112,M,,,75
201000062758,10,4,24,1145,1,2,1,1.0,6.0,75112,M,,,75
201000062759,10,4,24,1430,1,2,1,1.0,3.0,75112,M,,,75
201000062760,10,4,26,1930,1,2,1,1.0,4.0,75112,M,,,75
201000062761,10,4,27,740,1,2,1,1.0,3.0,75112,M,,,75
201000062762,10,4,27,1030,1,2,1,1.0,2.0,75112,M,,,75
201000062763,10,4,28,1130,1,1,1,1.0,4.0,75112,M,,,75
201000062764,10,4,28,1735,1,2,4,1.0,6.0,75112,M,,,75
201000062765,10,4,29,1720,1,2,2,1.0,3.0,75112,M,,,75
201000062766,10,4,29,1715,1,2,1,1.0,1.0,75112,M,,,75
201000062767,10,4,29,1820,1,2,1,1.0,3.0,75112,M,,,75
201000062768,10,4,30,1230,1,2,1,1.0,2.0,75112,M,,,75
201000062769,10,4,30,1400,1,2,1,1.0,3.0,75112,M,,,75
201000062770,10,5,1,1330,1,2,4,1.0,2.0,75112,M,,,75
201000062771,10,5,1,1500,1,2,3,1.0,3.0,75112,M,,,75
201000062772,10,5,2,1945,2,2,1,2.0,2.0,75112,M,,,75
201000062773,10,5,4,900,1,2,1,1.0,7.0,75112,M,,,75
201000062774,10,5,5,915,1,2,1,1.0,2.0,75112,M,,,75
201000062775,10,5,6,1425,1,2,1,1.0,6.0,75112,M,,,75
201000062776,10,5,6,1835,1,2,1,1.0,6.0,75112,M,,,75
201000062777,10,5,10,1830,1,2,4,2.0,6.0,75112,M,,,75
201000062778,10,5,11,925,1,2,2,2.0,7.0,75112,M,,,75
201000062779,10,5,12,703,1,2,2,1.0,3.0,75120,M,,,75
201000062780,10,5,14,1330,1,2,5,1.0,3.0,75112,M,,,75
201000062781,10,5,14,1918,1,2,3,1.0,4.0,75112,M,,,75
201000062782,10,5,14,1932,2,2,2,8.0,2.0,75112,M,,,75
201000062783,10,5,15,2015,1,2,1,1.0,2.0,75112,M,,,75
201000062784,10,5,20,1255,1,2,3,1.0,2.0,75112,M,,,75
201000062785,10,5,22,2025,1,2,1,1.0,3.0,75112,M,,,75
201000062786,10,5,24,1225,1,2,3,1.0,3.0,75112,M,,,75
201000062787,10,5,24,2020,1,2,2,1.0,3.0,75112,M,,,75
201000062788,10,5,25,1910,1,2,1,1.0,3.0,75112,M,,,75
201000062789,10,5,25,1950,1,2,1,3.0,6.0,75112,M,,,75
201000062790,10,5,25,2000,1,2,2,1.0,3.0,75112,M,,,75
201000062791,10,5,26,1450,1,2,1,2.0,6.0,75112,M,,,75
201000062792,10,5,26,1610,1,2,1,2.0,3.0,75112,M,,,75
201000062793,10,5,26,1910,1,2,1,1.0,6.0,75112,M,,,75
201000062794,10,5,26,1830,1,2,1,2.0,4.0,75112,M,,,75
201000062795,10,5,26,2200,5,2,3,1.0,3.0,75112,M,,,75
201000062796,10,5,27,1530,1,2,2,2.0,6.0,75112,M,,,75
201000062797,10,5,27,1650,1,2,1,2.0,6.0,75112,M,,,75
201000062798,10,5,27,1940,1,2,4,1.0,2.0,75112,M,,,75
201000062799,10,5,28,1830,1,2,1,1.0,3.0,75112,M,,,75
201000062800,10,5,28,2100,1,2,2,1.0,3.0,75112,M,,,75
201000062801,10,5,29,20,5,2,1,1.0,3.0,75112,M,,,75
201000062802,10,5,30,215,5,2,1,2.0,6.0,75112,M,,,75
201000062803,10,5,30,345,5,2,5,2.0,3.0,75112,M,,,75
201000062804,10,5,30,845,1,2,1,1.0,2.0,75112,M,,,75
201000062805,10,5,30,1050,1,2,5,1.0,3.0,75112,M,,,75
201000062806,10,5,30,1220,1,2,2,8.0,3.0,75112,M,,,75
201000062807,10,5,30,2150,5,2,3,1.0,3.0,75112,M,,,75
201000062808,10,5,31,1305,1,2,1,1.0,3.0,75112,M,,,75
201000062809,10,5,31,1410,1,2,5,1.0,4.0,75112,M,,,75
201000062810,10,6,1,1115,1,2,1,1.0,6.0,75112,M,,,75
201000062811,10,6,2,35,5,2,5,2.0,6.0,75112,M,,,75
201000062812,10,6,2,803,1,2,1,1.0,3.0,75112,M,,,75
201000062813,10,6,2,1008,1,2,1,1.0,3.0,75112,M,,,75
201000062814,10,6,2,1340,1,2,1,1.0,6.0,75112,M,,,75
201000062815,10,6,2,1635,1,2,5,1.0,3.0,75112,M,,,75
201000062816,10,6,2,1700,1,2,1,1.0,7.0,75112,M,,,75
201000062817,10,6,3,1445,1,2,2,1.0,3.0,75112,M,,,75
201000062818,10,6,3,1630,1,2,1,1.0,6.0,75112,M,,,75
201000062819,10,6,3,1645,1,2,1,1.0,6.0,75112,M,,,75
201000062820,10,6,3,1855,1,2,1,1.0,3.0,75112,M,,,75
201000062821,10,6,4,1100,1,2,2,1.0,6.0,75112,M,,,75
201000062822,10,6,4,1410,1,2,4,1.0,6.0,75112,M,,,75
201000062823,10,6,4,2140,2,2,2,1.0,6.0,75112,M,,,75
201000062824,10,6,6,830,1,2,2,1.0,1.0,75112,M,,,75
201000062825,10,6,7,1120,1,2,6,1.0,2.0,75112,M,,,75
201000062826,10,6,7,1235,1,2,1,1.0,4.0,75112,M,,,75
201000062827,10,6,7,1809,1,2,5,1.0,7.0,75112,M,,,75
201000062828,10,6,7,2220,5,2,3,1.0,3.0,75112,M,,,75
201000062829,10,6,9,1000,1,2,1,2.0,1.0,75112,M,,,75
201000062830,10,6,9,1645,1,2,1,2.0,6.0,75112,M,,,75
201000062831,10,6,9,1545,1,2,1,2.0,3.0,75112,M,,,75
201000062832,10,6,9,1800,1,2,2,2.0,1.0,75112,M,,,75
201000062833,10,6,10,830,1,2,1,2.0,6.0,75112,M,,,75
201000062834,10,6,11,1830,1,2,3,1.0,3.0,75112,M,,,75
201000062835,10,6,11,1730,1,2,1,1.0,2.0,75112,M,,,75
201000062836,10,6,11,2105,2,2,2,1.0,3.0,75112,M,,,75
201000062837,10,6,14,845,1,2,2,1.0,2.0,75112,M,,,75
201000062838,10,6,14,855,1,2,1,1.0,1.0,75112,M,,,75
201000062839,10,6,14,2020,1,2,4,1.0,1.0,75112,M,,,75
201000062840,10,6,16,230,5,2,1,1.0,7.0,75112,M,,,75
201000062841,10,6,16,840,1,2,2,1.0,1.0,75112,M,,,75
201000062842,10,6,16,1135,1,2,1,1.0,6.0,75112,M,,,75
201000062843,10,6,16,1550,1,2,2,1.0,2.0,75112,M,,,75
201000062844,10,6,17,1015,1,2,3,1.0,3.0,75112,M,,,75
201000062845,10,6,17,1615,1,2,2,2.0,6.0,75112,M,,,75
201000062846,10,6,18,1324,1,2,2,1.0,2.0,75112,M,,,75
201000062847,10,6,20,1700,1,2,2,1.0,3.0,75112,M,,,75
201000062848,10,6,21,950,1,2,1,1.0,6.0,75112,M,,,75
201000062849,10,6,22,1130,1,2,2,1.0,6.0,75112,M,,,75
201000062850,10,6,22,1630,1,2,1,1.0,7.0,75112,M,,,75
201000062851,10,6,24,2220,5,1,1,1.0,6.0,75112,M,,,75
201000062852,10,6,25,1010,1,2,1,7.0,6.0,75112,M,,,75
201000062853,10,6,25,1830,1,2,1,1.0,3.0,75112,M,,,75
201000062854,10,6,26,1545,1,2,3,1.0,7.0,75112,M,,,75
201000062855,10,6,26,2330,5,2,3,1.0,1.0,75112,M,,,75
201000062856,10,6,27,1915,1,2,1,1.0,7.0,75112,M,,,75
201000062857,10,6,28,820,1,2,1,1.0,6.0,75112,M,,,75
201000062858,10,6,28,945,1,2,2,1.0,7.0,75112,M,,,75
201000062859,10,6,28,1300,1,2,1,1.0,6.0,75112,M,,,75
201000062860,10,6,30,300,5,2,2,1.0,3.0,75112,M,,,75
201000062861,10,6,30,1300,1,2,2,1.0,3.0,75112,M,,,75
201000062862,10,6,30,1330,1,2,1,1.0,3.0,75112,M,,,75
201000062863,10,6,30,1850,1,2,1,1.0,3.0,75112,M,,,75
201000062864,10,7,1,500,2,2,2,1.0,3.0,75112,M,,,75
201000062865,10,7,1,855,1,2,3,1.0,6.0,75112,M,,,75
201000062866,10,7,1,1420,1,2,1,1.0,6.0,75112,M,,,75
201000062867,10,7,1,1450,1,2,1,1.0,6.0,75112,M,,,75
201000062868,10,7,1,1810,1,2,1,1.0,7.0,75112,M,,,75
201000062869,10,7,1,2317,5,2,3,1.0,6.0,75112,M,,,75
201000062870,10,7,2,1310,1,2,1,1.0,6.0,75112,M,,,75
201000062871,10,7,2,2050,1,2,1,1.0,3.0,75112,M,,,75
201000062872,10,7,2,2000,1,2,1,1.0,2.0,75112,M,,,75
201000062873,10,7,3,1700,1,2,2,1.0,3.0,75112,M,,,75
201000062874,10,7,4,2010,1,2,1,1.0,3.0,75112,M,,,75
201000062875,10,7,7,115,5,2,1,1.0,3.0,75112,M,,,75
201000062876,10,7,8,1235,1,2,4,1.0,3.0,75112,M,,,75
201000062877,10,7,8,2105,1,2,1,1.0,3.0,75112,M,,,75
201000062878,10,7,9,45,5,2,1,1.0,6.0,75112,M,,,75
201000062879,10,7,10,745,1,2,1,1.0,6.0,75112,M,,,75
201000062880,10,7,10,1810,1,2,1,1.0,4.0,75112,M,,,75
201000062881,10,7,19,1119,1,2,4,1.0,6.0,75112,M,,,75
201000062882,10,7,20,845,1,2,1,1.0,3.0,75112,M,,,75
201000062883,10,7,21,1730,1,2,5,1.0,6.0,75112,M,,,75
201000062884,10,7,23,140,5,2,1,8.0,7.0,75112,M,,,75
201000062885,10,7,22,2250,5,2,5,1.0,2.0,75112,M,,,75
201000062886,10,7,23,1020,1,2,1,1.0,7.0,75112,M,,,75
201000062887,10,7,22,2225,5,2,2,1.0,6.0,75112,M,,,75
201000062888,10,7,26,1100,1,2,5,1.0,3.0,75112,M,,,75
201000062889,10,7,26,1235,1,2,1,1.0,3.0,75112,M,,,75
201000062890,10,7,27,1400,1,2,4,1.0,2.0,75112,M,,,75
201000062891,10,7,15,2320,5,2,1,1.0,6.0,75112,M,,,75
201000062892,10,7,28,1930,1,2,4,1.0,6.0,75112,M,,,75
201000062893,10,7,30,1615,1,2,1,1.0,3.0,75112,M,,,75
201000062894,10,7,31,840,1,2,1,1.0,7.0,75112,M,,,75
201000062895,10,7,31,1920,1,2,5,1.0,7.0,75112,M,,,75
201000062896,10,8,1,30,5,2,1,1.0,6.0,75112,M,,,75
201000062897,10,8,2,1600,1,2,1,1.0,6.0,75112,M,,,75
201000062898,10,8,2,1640,1,2,1,2.0,3.0,75112,M,,,75
201000062899,10,8,2,1900,1,2,1,1.0,6.0,75112,M,,,75
201000062900,10,8,3,1928,1,2,1,1.0,3.0,75112,M,,,75
201000062901,10,8,4,620,2,2,5,1.0,6.0,75112,M,,,75
201000062902,10,8,4,1350,1,2,3,1.0,3.0,75112,M,,,75
201000062903,10,8,11,740,1,2,5,2.0,7.0,75112,M,,,75
201000062904,10,8,11,845,1,2,1,2.0,2.0,75112,M,,,75
201000062905,10,8,10,1940,1,2,1,1.0,6.0,75112,M,,,75
201000062906,10,8,11,1837,1,2,2,2.0,7.0,75112,M,,,75
201000062907,10,11,17,1635,2,2,1,1.0,6.0,75113,M,,,75
201000062908,10,8,16,200,5,2,4,3.0,1.0,75112,M,,,75
201000062909,10,8,21,1140,1,2,1,1.0,6.0,75112,M,,,75
201000062910,10,8,23,1315,1,2,1,2.0,2.0,75112,M,,,75
201000062911,10,8,23,1845,1,2,3,1.0,6.0,75112,M,,,75
201000062912,10,8,24,120,5,2,3,1.0,6.0,75112,M,,,75
201000062913,10,8,24,930,1,2,1,1.0,6.0,75112,M,,,75
201000062914,10,8,24,1957,2,2,1,1.0,6.0,75112,M,,,75
201000062915,10,8,27,2145,5,2,1,1.0,6.0,75112,M,,,75
201000062916,10,9,1,2033,5,2,3,1.0,3.0,75112,M,,,75
201000062917,10,9,2,1010,1,2,5,1.0,2.0,75112,M,,,75
201000062918,10,9,2,1145,1,2,5,1.0,6.0,75112,M,,,75
201000062919,10,9,3,1400,1,2,5,1.0,6.0,75112,M,,,75
201000062920,10,9,3,1340,1,2,4,1.0,7.0,75112,M,,,75
201000062921,10,9,3,1413,1,2,4,1.0,2.0,75112,M,,,75
201000062922,10,9,3,1501,1,2,2,1.0,4.0,75112,M,,,75
201000062923,10,9,3,1625,1,2,1,1.0,3.0,75112,M,,,75
201000062924,10,9,4,925,1,2,5,1.0,6.0,75112,M,,,75
201000062925,10,9,6,1625,1,2,1,1.0,6.0,75112,M,,,75
201000062926,10,9,6,1745,1,2,1,1.0,3.0,75112,M,,,75
201000062927,10,9,7,1610,1,2,5,1.0,3.0,75112,M,,,75
201000062928,10,9,7,2225,5,2,1,2.0,6.0,75112,M,,,75
201000062929,10,9,9,945,1,2,5,1.0,3.0,75112,M,,,75
201000062930,10,9,9,950,1,2,2,1.0,2.0,75112,M,,,75
201000062931,10,9,10,1515,1,2,5,1.0,2.0,75112,M,,,75
201000062932,10,9,8,2100,5,2,5,1.0,3.0,75112,M,,,75
201000062933,10,9,13,1520,1,2,5,1.0,6.0,75112,M,,,75
201000062934,10,9,14,1045,1,2,2,1.0,7.0,75112,M,,,75
201000062935,10,9,14,1750,1,2,1,1.0,3.0,75112,M,,,75
201000062936,10,9,14,2125,5,2,2,1.0,3.0,75112,M,,,75
201000062937,10,9,15,1325,1,2,5,1.0,6.0,75112,M,,,75
201000062938,10,9,16,1400,1,2,1,1.0,4.0,75112,M,,,75
201000062939,10,9,17,2035,5,2,2,1.0,6.0,75112,M,,,75
201000062940,10,9,18,545,5,2,2,1.0,3.0,75112,M,,,75
201000062941,10,9,18,2350,5,2,1,1.0,2.0,75112,M,,,75
201000062942,10,9,20,2305,5,2,5,1.0,3.0,75112,M,,,75
201000062943,10,9,21,1535,1,2,1,1.0,2.0,75112,M,,,75
201000062944,10,9,22,1720,1,2,1,1.0,1.0,75112,M,,,75