Num_Acc,an,mois,jour,hrmn,lum,agg,int,atm,col,com,gps,lat,long,dep
201000062945,10,9,23,1310,1,2,1,1.0,7.0,75112,M,,,75
201000062946,10,9,23,1415,1,2,1,2.0,7.0,75112,M,,,75
201000062947,10,9,23,1640,1,2,3,1.0,6.0,75112,M,,,75
201000062948,10,9,24,1908,1,2,1,8.0,2.0,75112,M,,,75
201000062949,10,9,25,345,5,2,1,2.0,6.0,75112,M,,,75
201000062950,10,9,27,1110,1,2,1,8.0,6.0,75112,M,,,75
201000062951,10,9,27,1710,1,2,1,1.0,6.0,75112,M,,,75
201000062952,10,9,28,815,1,2,3,1.0,3.0,75112,M,,,75
201000062953,10,9,28,1510,1,2,1,8.0,6.0,75112,M,,,75
201000062954,10,9,28,1720,1,2,2,1.0,3.0,75112,M,,,75
201000062955,10,9,29,1535,1,2,6,2.0,2.0,75112,M,,,75
201000062956,10,9,29,1855,1,2,2,1.0,7.0,75112,M,,,75
201000062957,10,9,30,955,1,2,4,2.0,7.0,75112,M,,,75
201000062958,10,9,30,1800,5,2,2,1.0,2.0,75112,M,,,75
201000062959,10,10,1,1400,1,2,2,1.0,3.0,75112,M,,,75
201000062960,10,10,1,1700,1,2,2,2.0,3.0,75112,M,,,75
201000062961,10,10,2,20,4,2,1,3.0,4.0,75112,M,,,75
201000062962,10,10,2,1135,1,2,2,8.0,3.0,75112,M,,,75
201000062963,10,10,2,1410,1,2,1,8.0,7.0,75112,M,,,75
201000062964,10,10,2,1730,1,2,7,1.0,7.0,75112,M,,,75
201000062965,10,10,2,1730,1,2,2,1.0,3.0,75112,M,,,75
201000062966,10,10,2,1845,1,2,3,1.0,7.0,75112,M,,,75
201000062967,10,10,3,1600,1,2,1,1.0,4.0,75112,M,,,75
201000062968,10,10,3,1845,1,2,1,1.0,3.0,75112,M,4883464.0,243893.0,75
201000062969,10,10,4,1340,1,2,1,2.0,3.0,75112,M,,,75
201000062970,10,10,6,1330,1,2,3,8.0,6.0,75112,M,,,75
201000062971,10,10,8,2300,5,2,4,1.0,2.0,75112,M,,,75
201000062972,10,10,8,2240,5,2,3,1.0,3.0,75112,M,,,75
201000062973,10,10,10,400,5,2,5,1.0,3.0,75112,M,,,75
201000062974,10,10,10,1740,1,2,5,1.0,7.0,75112,M,,,75
201000062975,10,10,10,1950,5,2,5,1.0,6.0,75112,M,,,75
201000062976,10,10,10,1920,5,1,1,1.0,2.0,75112,M,,,75
201000062977,10,10,11,815,1,2,3,1.0,3.0,75112,M,,,75
201000062978,10,10,11,1235,1,2,1,1.0,3.0,75112,M,,,75
201000062979,10,10,12,915,1,2,1,1.0,2.0,75112,M,,,75
201000062980,10,10,14,925,1,2,3,1.0,3.0,75112,M,,,75
201000062981,10,10,14,1200,1,2,2,1.0,7.0,75112,M,,,75
201000062982,10,10,14,1320,1,2,2,1.0,7.0,75112,M,,,75
201000062983,10,10,15,900,1,2,1,1.0,6.0,75112,M,,,75
201000062984,10,10,15,1150,1,2,1,1.0,6.0,75112,M,,,75
201000062985,10,10,15,1310,1,2,2,1.0,3.0,75112,M,,,75
201000062986,10,10,15,1445,1,2,1,1.0,6.0,75112,M,,,75
201000062987,10,10,16,1950,5,2,1,1.0,4.0,75112,M,,,75
201000062988,10,10,17,800,2,2,5,1.0,3.0,75112,M,,,75
201000062989,10,10,17,1310,1,2,1,8.0,6.0,75112,M,,,75
201000062990,10,10,17,1940,5,2,5,1.0,3.0,75112,M,,,75
201000062991,10,10,18,900,1,2,3,1.0,3.0,75112,M,,,75
201000062992,10,10,18,1725,1,2,1,1.0,3.0,75112,M,,,75
201000062993,10,10,19,1500,1,2,2,8.0,3.0,75112,M,,,75
201000062994,10,10,19,1735,1,2,2,2.0,3.0,75112,M,,,75
201000062995,10,10,19,2140,2,2,2,1.0,3.0,75112,M,,,75
201000062996,10,10,20,1225,1,2,1,1.0,7.0,75112,M,,,75
201000062997,10,10,20,1410,1,2,7,1.0,6.0,75112,M,,,75
201000062998,10,10,22,1625,1,2,1,1.0,3.0,75112,M,,,75
201000062999,10,10,24,1905,5,2,5,1.0,6.0,75112,M,,,75
201000063000,10,10,25,905,1,2,1,1.0,3.0,75112,M,,,75
201000063001,10,10,25,1241,1,2,3,1.0,3.0,75112,M,,,75
201000063002,10,10,25,2220,5,2,1,1.0,7.0,75112,M,,,75
201000063003,10,10,26,840,1,2,5,1.0,3.0,75112,M,,,75
201000063004,10,10,26,1520,1,2,1,1.0,6.0,75112,M,,,75
201000063005,10,10,27,900,1,2,1,1.0,3.0,75112,M,,,75
201000063006,10,10,27,2300,5,2,1,1.0,3.0,75112,M,,,75
201000063007,10,10,30,1740,1,2,4,1.0,3.0,75112,M,,,75
201000063008,10,10,31,715,2,2,2,1.0,1.0,75112,M,,,75
201000063009,10,10,31,1320,1,2,7,1.0,3.0,75112,M,,,75
201000063010,10,11,1,1055,1,2,4,1.0,7.0,75112,M,,,75
201000063011,10,11,2,1625,1,2,3,8.0,6.0,75112,M,,,75
201000063012,10,11,2,1800,5,2,1,8.0,7.0,75112,M,,,75
201000063013,10,11,3,115,5,2,2,1.0,3.0,75112,M,,,75
201000063014,10,11,3,730,2,2,5,1.0,3.0,75112,M,,,75
201000063015,10,11,3,1010,1,2,1,1.0,7.0,75112,M,,,75
201000063016,10,11,4,1720,1,2,2,1.0,6.0,75112,M,,,75
201000063017,10,11,5,1055,1,2,1,1.0,6.0,75112,M,,,75
201000063018,10,11,5,1658,1,2,1,1.0,4.0,75112,M,,,75
201000063019,10,11,10,2307,5,2,2,1.0,6.0,75112,M,,,75
201000063020,10,11,12,1300,1,2,3,2.0,1.0,75112,M,,,75
201000063021,10,11,13,1735,5,2,1,2.0,6.0,75112,M,,,75
201000063022,10,11,14,450,5,2,1,2.0,6.0,75112,M,,,75
201000063023,10,11,14,1805,5,2,1,2.0,2.0,75112,M,,,75
201000063024,10,11,14,1945,5,2,7,1.0,6.0,75112,M,,,75
201000063025,10,11,16,945,1,2,2,1.0,2.0,75112,M,,,75
201000063026,10,11,16,1400,1,2,2,1.0,1.0,75112,M,,,75
201000063027,10,11,17,705,5,2,5,1.0,3.0,75112,M,,,75
201000063028,10,11,18,1400,1,2,2,1.0,3.0,75112,M,,,75
201000063029,10,11,18,1725,5,2,2,1.0,3.0,75112,M,,,75
201000063030,10,11,19,805,2,2,1,8.0,6.0,75112,M,,,75
201000063031,10,11,19,1615,1,2,3,1.0,6.0,75112,M,,,75
201000063032,10,11,19,2045,5,2,2,1.0,1.0,75112,M,,,75
201000063033,10,11,20,1450,1,2,1,1.0,3.0,75112,M,,,75
201000063034,10,11,20,2055,3,2,3,1.0,6.0,75112,M,,,75
201000063035,10,11,22,830,1,2,1,8.0,3.0,75112,M,,,75
201000063036,10,11,23,800,1,2,2,1.0,5.0,75112,M,,,75
201000063037,10,11,23,1325,1,2,2,1.0,3.0,75112,M,,,75
201000063038,10,11,24,915,1,2,1,1.0,2.0,75112,M,,,75
201000063039,10,11,26,2145,5,2,2,1.0,3.0,75112,M,,,75
201000063040,10,11,27,1800,5,2,1,1.0,6.0,75112,M,,,75
201000063041,10,11,30,540,5,2,1,1.0,7.0,75112,M,,,75
201000063042,10,12,1,1450,1,2,2,4.0,7.0,75112,M,,,75
201000063043,10,12,1,1740,5,2,3,4.0,5.0,75112,M,,,75
201000063044,10,12,3,800,1,2,3,1.0,5.0,75112,M,,,75
201000063045,10,12,3,1545,1,2,1,1.0,3.0,75112,M,,,75
201000063046,10,12,3,2330,5,2,1,1.0,3.0,75112,M,,,75
201000063047,10,12,5,210,5,2,2,1.0,3.0,75112,M,,,75
201000063048,10,12,5,2120,5,2,1,1.0,2.0,75112,M,,,75
201000063049,10,12,6,1415,1,2,5,2.0,6.0,75112,M,,,75
201000063050,10,12,6,1605,2,2,1,2.0,7.0,75112,M,,,75
201000063051,10,12,7,2204,5,2,5,2.0,3.0,75112,M,,,75
201000063052,10,12,8,121,5,2,5,2.0,6.0,75112,M,,,75
201000063053,10,12,8,715,5,2,2,2.0,6.0,75112,M,,,75
201000063054,10,12,11,2100,5,2,1,1.0,3.0,75112,M,,,75
201000063055,10,12,14,730,5,2,2,1.0,3.0,75112,M,,,75
201000063056,10,12,15,930,1,2,4,1.0,7.0,75112,M,,,75
201000063057,10,12,15,1245,2,2,1,1.0,2.0,75112,M,,,75
201000063058,10,12,15,1910,5,2,5,1.0,6.0,75112,M,,,75
201000063059,10,12,15,2120,5,2,5,1.0,3.0,75112,M,,,75
201000063060,10,12,16,1920,5,2,3,2.0,3.0,75112,M,,,75
201000063061,10,12,19,605,5,2,1,4.0,6.0,75112,M,,,75
201000063062,10,12,19,1400,1,2,5,4.0,3.0,75112,M,,,75
201000063063,10,12,21,1210,1,2,1,1.0,6.0,75112,M,,,75
201000063064,10,12,22,1430,1,2,1,1.0,2.0,75112,M,,,75
201000063065,10,12,22,1705,5,2,2,2.0,6.0,75112,M,,,75
201000063066,10,12,22,2045,5,2,2,2.0,3.0,75112,M,,,75
201000063067,10,12,23,1015,1,2,1,4.0,2.0,75112,M,,,75
201000063068,10,12,27,2145,4,2,1,1.0,4.0,75112,M,,,75
201000063069,10,12,29,1725,5,2,1,1.0,6.0,75112,M,,,75
201000063070,10,12,29,1915,5,2,1,1.0,7.0,75112,M,,,75
201000063071,10,12,31,1005,1,2,2,1.0,3.0,75112,M,,,75
201000063072,10,12,31,1520,1,2,1,1.0,7.0,75112,M,,,75
201000063073,10,12,31,2330,5,2,5,1.0,6.0,75112,M,,,75
201000063074,10,1,1,620,5,2,2,1.0,6.0,75113,M,,,75
201000063075,10,1,9,910,1,2,2,4.0,7.0,75113,M,,,75
201000063076,10,1,14,1820,3,2,1,1.0,7.0,75113,M,,,75
201000063077,10,1,14,1825,5,2,1,1.0,3.0,75113,M,,,75
201000063078,10,1,14,2220,5,2,1,1.0,3.0,75113,M,,,75
201000063079,10,1,15,1740,5,2,5,1.0,3.0,75113,M,,,75
201000063080,10,1,18,810,1,2,3,1.0,6.0,75113,M,,,75
201000063081,10,1,21,1915,5,2,3,1.0,3.0,75113,M,,,75
201000063082,10,1,21,2255,5,2,3,1.0,2.0,75113,M,,,75
201000063083,10,1,22,40,5,2,1,1.0,6.0,75113,M,,,75
201000063084,10,1,22,1015,1,2,3,1.0,6.0,75113,M,,,75
201000063085,10,1,22,1545,1,2,5,1.0,3.0,75113,M,,,75
201000063086,10,1,26,1020,1,2,5,2.0,6.0,75113,M,,,75
201000063087,10,1,27,1210,1,2,5,1.0,6.0,75113,M,,,75
201000063088,10,1,28,830,1,2,2,1.0,2.0,75113,M,,,75
201000063089,10,1,28,1235,1,2,1,1.0,2.0,75113,M,,,75
201000063090,10,1,28,2035,5,2,4,1.0,3.0,75113,M,,,75
201000063091,10,1,31,2145,5,2,1,1.0,3.0,75113,M,,,75
201000063092,10,2,1,2025,5,2,3,1.0,6.0,75113,M,,,75
201000063093,10,2,4,1500,1,2,2,1.0,3.0,75113,M,,,75
201000063094,10,2,4,1810,5,2,5,1.0,6.0,75113,M,,,75
201000063095,10,2,5,1145,1,2,1,1.0,7.0,75113,M,,,75
201000063096,10,2,9,810,1,2,5,4.0,3.0,75113,M,,,75
201000063097,10,2,14,1,5,2,1,1.0,6.0,75113,M,,,75
201000063098,10,2,16,1000,1,2,1,1.0,2.0,75113,M,,,75
201000063099,10,2,16,1320,1,2,1,1.0,3.0,75113,M,,,75
201000063100,10,2,16,1515,1,2,1,1.0,3.0,75113,M,,,75
201000063101,10,2,17,2330,5,2,2,1.0,3.0,75113,M,,,75
201000063102,10,2,22,830,1,2,1,1.0,7.0,75113,M,,,75
201000063103,10,2,22,1220,1,2,1,1.0,2.0,75113,M,,,75
201000063104,10,2,22,1255,1,2,2,1.0,6.0,75113,M,,,75
201000063105,10,2,23,1545,1,2,1,2.0,2.0,75113,M,,,75
201000063106,10,2,27,1315,1,2,1,1.0,3.0,75113,M,,,75
201000063107,10,2,27,1520,1,2,1,1.0,6.0,75113,M,,,75
201000063108,10,3,1,1130,1,2,1,1.0,6.0,75113,M,,,75
201000063109,10,3,3,2030,5,2,1,1.0,3.0,75113,M,,,75
201000063110,10,3,4,1410,1,2,1,1.0,6.0,75113,M,,,75
201000063111,10,3,7,1920,5,2,5,1.0,5.0,75113,M,,,75
201000063112,10,3,8,910,1,2,1,1.0,6.0,75114,M,,,75
201000063113,10,3,9,1045,1,2,3,1.0,6.0,75113,M,,,75
201000063114,10,3,9,2200,5,2,1,1.0,6.0,75113,M,,,75
201000063115,10,3,10,1605,1,2,1,1.0,6.0,75113,M,,,75
201000063116,10,3,10,2000,5,2,1,1.0,6.0,75113,M,,,75
201000063117,10,3,11,1250,1,2,1,1.0,3.0,75113,M,,,75
201000063118,10,3,11,2000,5,2,1,1.0,6.0,75113,M,,,75
201000063119,10,3,12,2230,5,2,1,1.0,2.0,75113,M,,,75
201000063120,10,3,15,1355,1,2,1,1.0,3.0,75113,M,,,75
201000063121,10,3,17,100,5,2,1,1.0,6.0,75113,M,,,75
201000063122,10,3,18,730,1,2,3,1.0,3.0,75113,M,,,75
201000063123,10,3,18,1840,2,2,5,1.0,3.0,75113,M,,,75
201000063124,10,3,19,935,1,2,3,1.0,3.0,75113,M,,,75
201000063125,10,3,19,1820,1,2,1,8.0,6.0,75113,M,,,75
201000063126,10,3,20,2125,5,2,1,2.0,6.0,75113,M,,,75
201000063127,10,3,20,2245,5,2,4,2.0,3.0,75113,M,,,75
201000063128,10,3,23,1525,1,2,2,1.0,1.0,75113,M,,,75
201000063129,10,3,23,2245,5,2,5,1.0,3.0,75113,M,,,75
201000063130,10,3,24,1830,5,2,1,1.0,6.0,75113,M,,,75
201000063131,10,3,24,2210,5,2,2,1.0,6.0,75113,M,,,75
201000063132,10,3,26,1655,1,2,1,1.0,6.0,75113,M,,,75
201000063133,10,3,26,2212,5,2,3,1.0,3.0,75113,M,,,75
201000063134,10,3,27,430,5,2,1,2.0,6.0,75113,M,,,75
201000063135,10,3,27,1830,1,2,1,1.0,3.0,75113,M,,,75
201000063136,10,3,28,1650,1,2,4,8.0,7.0,75113,M,,,75
201000063137,10,3,29,900,1,2,1,8.0,6.0,75113,M,,,75
201000063138,10,3,30,1150,1,2,1,1.0,6.0,75113,M,,,75
201000063139,10,3,31,1030,1,2,1,1.0,6.0,75113,M,,,75
201000063140,10,4,2,115,5,2,3,1.0,6.0,75113,M,,,75
201000063141,10,4,2,930,1,2,5,1.0,3.0,75113,M,,,75
201000063142,10,4,2,2330,5,2,5,2.0,3.0,75113,M,,,75
201000063143,10,4,4,1950,2,2,2,1.0,3.0,75113,M,,,75
201000063144,10,4,5,2110,5,2,2,1.0,3.0,75113,M,,,75
201000063145,10,4,6,1730,1,2,4,1.0,6.0,75113,M,,,75
201000063146,10,4,7,1505,1,2,4,1.0,6.0,75113,M,,,75
201000063147,10,4,8,1625,1,2,1,1.0,6.0,75113,M,,,75
201000063148,10,4,8,1800,1,2,2,1.0,3.0,75113,M,,,75
201000063149,10,4,9,1650,1,2,5,1.0,3.0,75113,M,,,75
201000063150,10,4,9,1630,1,2,1,1.0,2.0,75113,M,,,75
201000063151,10,4,10,1850,1,2,4,1.0,3.0,75113,M,,,75
201000063152,10,4,13,532,5,2,1,1.0,6.0,75113,M,,,75
201000063153,10,4,14,1045,1,2,1,1.0,6.0,75113,M,,,75
201000063154,10,4,14,1520,1,2,2,1.0,3.0,75113,M,,,75
201000063155,10,4,15,2115,5,2,2,2.0,2.0,75113,M,,,75
201000063156,10,4,17,1015,1,2,2,1.0,6.0,75113,M,,,75
201000063157,10,4,18,2235,5,2,2,1.0,3.0,75113,M,,,75
201000063158,10,4,20,540,5,2,4,1.0,6.0,75113,M,,,75
201000063159,10,4,20,830,1,2,2,1.0,6.0,75113,M,,,75
201000063160,10,4,20,1925,1,2,2,1.0,6.0,75113,M,,,75
201000063161,10,4,21,2035,2,2,5,1.0,3.0,75113,M,,,75
201000063162,10,4,21,2240,5,2,1,1.0,6.0,75113,M,,,75
201000063163,10,4,24,1210,1,2,2,1.0,3.0,75113,M,,,75
201000063164,10,4,24,2310,5,2,5,1.0,2.0,75113,M,,,75
201000063165,10,4,26,1355,1,2,5,1.0,6.0,75113,M,,,75
201000063166,10,4,26,2355,5,2,2,1.0,3.0,75113,M,,,75
201000063167,10,4,27,1710,1,2,2,1.0,6.0,75113,M,,,75
201000063168,10,4,29,1900,1,2,1,1.0,6.0,75113,M,,,75
201000063169,10,5,1,1720,1,2,5,1.0,6.0,75113,M,,,75
201000063170,10,5,2,40,5,2,3,2.0,3.0,75113,M,,,75
201000063171,10,5,2,1150,1,2,2,1.0,6.0,75113,M,,,75
201000063172,10,5,2,1335,1,2,2,1.0,3.0,75113,M,,,75
201000063173,10,5,2,1425,1,2,3,2.0,6.0,75113,M,,,75
201000063174,10,5,3,120,5,2,3,2.0,3.0,75113,M,,,75
201000063175,10,5,5,1925,1,2,3,1.0,4.0,75113,M,,,75
201000063176,10,5,6,10,5,2,1,1.0,3.0,75113,M,,,75
201000063177,10,5,6,1940,1,2,2,1.0,3.0,75113,M,,,75
201000063178,10,5,7,140,5,2,1,1.0,6.0,75105,M,,,75
201000063179,10,5,7,1605,1,2,4,1.0,7.0,75113,M,,,75
201000063180,10,5,7,2000,1,2,1,1.0,3.0,75113,M,,,75
201000063181,10,5,8,5,5,2,1,1.0,6.0,75113,M,,,75
201000063182,10,5,8,500,5,2,1,1.0,7.0,75113,M,,,75
201000063183,10,5,9,310,5,2,5,1.0,6.0,75113,M,,,75
201000063184,10,5,10,1730,1,2,3,2.0,2.0,75114,M,,,75
201000063185,10,5,10,2235,4,2,2,2.0,3.0,75113,M,,,75
201000063186,10,5,11,1800,1,2,1,2.0,6.0,75113,M,,,75
201000063187,10,5,11,1955,1,2,2,2.0,6.0,75113,M,,,75
201000063188,10,5,11,2050,4,2,2,2.0,3.0,75113,M,,,75
201000063189,10,5,12,1740,1,2,3,8.0,6.0,75113,M,,,75
201000063190,10,5,13,1045,1,2,5,1.0,7.0,75113,M,,,75
201000063191,10,5,14,1230,1,2,2,1.0,6.0,75113,M,,,75
201000063192,10,5,14,2330,5,2,5,1.0,7.0,75113,M,,,75
201000063193,10,5,16,240,5,2,1,1.0,7.0,75114,M,,,75
201000063194,10,5,16,1755,1,2,5,1.0,3.0,75113,M,,,75
201000063195,10,5,18,30,5,2,3,1.0,6.0,75113,M,,,75
201000063196,10,5,18,140,5,2,4,1.0,6.0,75113,M,,,75
201000063197,10,5,19,1645,1,2,1,1.0,6.0,75113,M,,,75
201000063198,10,5,21,2015,1,2,3,1.0,6.0,75113,M,,,75
201000063199,10,5,23,340,5,2,3,1.0,6.0,75113,M,,,75
201000063200,10,5,24,100,5,2,2,1.0,6.0,75113,M,,,75
201000063201,10,5,25,2140,3,2,1,1.0,2.0,75113,M,,,75
201000063202,10,5,26,1630,1,2,2,2.0,7.0,75113,M,,,75
201000063203,10,5,31,1855,1,2,1,1.0,6.0,75113,M,,,75
201000063204,10,6,1,1845,1,2,2,2.0,3.0,75113,M,,,75
201000063205,10,6,1,2040,2,2,5,2.0,6.0,75113,M,,,75
201000063206,10,6,2,2115,2,2,1,1.0,7.0,75113,M,,,75
201000063207,10,6,2,2315,5,2,1,1.0,3.0,75113,M,,,75
201000063208,10,6,3,1350,1,2,5,1.0,2.0,75113,M,,,75
201000063209,10,6,5,1930,1,2,2,1.0,6.0,75113,M,,,75
201000063210,10,6,7,1300,1,2,2,1.0,3.0,75113,M,,,75
201000063211,10,6,10,750,1,2,2,2.0,2.0,75113,M,,,75
201000063212,10,6,11,1620,1,2,3,1.0,6.0,75113,M,,,75
201000063213,10,6,12,1250,1,2,1,1.0,6.0,75113,M,,,75
201000063214,10,6,12,1945,1,2,2,1.0,6.0,75113,M,,,75
201000063215,10,6,16,910,1,2,1,1.0,3.0,75113,M,,,75
201000063216,10,6,16,2000,1,2,6,1.0,3.0,75113,M,,,75
201000063217,10,6,16,2330,5,2,2,1.0,3.0,75113,M,,,75
201000063218,10,6,18,940,1,2,1,1.0,6.0,75113,M,,,75
201000063219,10,6,19,350,5,2,1,1.0,6.0,75113,M,,,75
201000063220,10,6,19,1415,1,2,2,1.0,6.0,75113,M,,,75
201000063221,10,6,20,140,5,2,1,1.0,7.0,75105,M,,,75
201000063222,10,6,20,2345,5,2,2,1.0,6.0,75113,M,,,75
201000063223,10,6,21,1030,1,2,1,1.0,4.0,75113,M,,,75
201000063224,10,6,21,1530,1,2,1,1.0,3.0,75113,M,,,75
201000063225,10,6,22,825,1,2,1,1.0,6.0,75113,M,,,75
201000063226,10,6,22,1220,1,2,4,1.0,6.0,75113,M,,,75
201000063227,10,6,22,1445,1,2,2,1.0,1.0,75113,M,,,75
201000063228,10,6,23,2330,3,2,1,1.0,6.0,75113,M,,,75
201000063229,10,6,24,815,1,2,2,1.0,2.0,75113,M,,,75
201000063230,10,6,26,1700,1,2,1,1.0,6.0,75113,M,,,75
201000063231,10,6,27,1350,1,2,1,1.0,6.0,75113,M,,,75
201000063232,10,6,30,1500,1,2,1,1.0,7.0,75113,M,,,75
201000063233,10,7,1,930,1,2,1,1.0,3.0,75113,M,,,75
201000063234,10,7,1,1120,1,2,5,1.0,5.0,75113,M,,,75
201000063235,10,7,2,2230,4,2,2,1.0,6.0,75113,M,,,75
201000063236,10,7,5,1930,1,2,1,1.0,3.0,75113,M,,,75
201000063237,10,7,6,940,1,2,5,1.0,3.0,75113,M,,,75
201000063238,10,7,7,1425,1,2,1,1.0,6.0,75113,M,,,75
201000063239,10,7,8,315,5,2,1,1.0,7.0,75113,M,,,75
201000063240,10,7,8,915,1,2,1,1.0,3.0,75113,M,,,75
201000063241,10,7,8,1050,1,2,1,1.0,6.0,75113,M,,,75
201000063242,10,7,8,1355,1,2,5,1.0,6.0,75113,M,,,75
201000063243,10,7,8,2100,1,2,4,1.0,6.0,75113,M,,,75
201000063244,10,7,8,2250,5,2,2,1.0,4.0,75113,M,,,75
201000063245,10,7,9,1110,1,2,1,1.0,3.0,75113,M,,,75
201000063246,10,7,10,30,5,2,2,1.0,6.0,75113,M,,,75
201000063247,10,7,10,220,5,2,3,1.0,6.0,75113,M,,,75
201000063248,10,7,12,925,1,2,2,2.0,3.0,75113,M,,,75
201000063249,10,7,12,1315,1,2,5,1.0,6.0,75113,M,,,75
201000063250,10,7,13,1240,1,2,1,1.0,3.0,75113,M,,,75
201000063251,10,7,15,1110,1,2,5,1.0,3.0,75113,M,,,75
201000063252,10,7,16,950,1,2,2,1.0,6.0,75113,M,,,75
201000063253,10,7,20,1640,1,2,1,1.0,2.0,75113,M,,,75
201000063254,10,7,21,2010,1,2,3,2.0,3.0,75113,M,,,75
201000063255,10,7,25,950,1,2,1,1.0,6.0,75113,M,,,75
201000063256,10,7,26,1127,1,2,1,1.0,6.0,75113,M,,,75
201000063257,10,7,27,935,1,2,1,1.0,4.0,75113,M,,,75
201000063258,10,7,28,1320,1,2,1,1.0,7.0,75113,M,,,75
201000063259,10,7,28,1400,1,2,3,1.0,3.0,75113,M,,,75
201000063260,10,8,2,1555,1,2,3,8.0,2.0,75113,M,,,75
201000063261,10,8,3,1835,1,2,3,1.0,2.0,75113,M,,,75
201000063262,10,8,4,1720,1,2,2,1.0,5.0,75113,M,,,75
201000063263,10,8,6,800,1,2,2,1.0,3.0,75113,M,,,75
201000063264,10,8,6,1400,1,2,2,1.0,3.0,75113,M,,,75
201000063265,10,8,10,2015,2,2,4,2.0,3.0,75113,M,,,75
201000063266,10,8,11,1525,1,2,2,1.0,3.0,75113,M,,,75
201000063267,10,8,12,1035,1,2,2,1.0,3.0,75113,M,,,75
201000063268,10,8,12,2225,5,2,3,1.0,6.0,75113,M,,,75
201000063269,10,8,16,35,5,2,1,3.0,6.0,75113,M,,,75
201000063270,10,8,17,1450,1,2,4,1.0,3.0,75113,M,,,75
201000063271,10,8,17,1900,1,2,1,1.0,6.0,75113,M,,,75
201000063272,10,8,22,720,1,2,1,1.0,6.0,75113,M,,,75
201000063273,10,8,22,1720,1,2,5,1.0,3.0,75113,M,,,75
201000063274,10,8,23,1950,1,2,5,1.0,3.0,75113,M,,,75
201000063275,10,8,25,1425,1,2,2,1.0,3.0,75113,M,,,75
201000063276,10,8,26,1330,1,2,5,1.0,7.0,75113,M,,,75
201000063277,10,8,26,1335,1,2,5,1.0,7.0,75113,M,,,75
201000063278,10,8,27,1045,1,2,5,2.0,6.0,75113,M,,,75
201000063279,10,8,28,1150,1,2,1,1.0,3.0,75113,M,,,75
201000063280,10,8,29,345,5,2,1,1.0,6.0,75113,M,,,75
201000063281,10,8,31,1525,1,2,5,1.0,6.0,75113,M,,,75
201000063282,10,8,31,1925,1,2,3,1.0,6.0,75113,M,,,75
201000063283,10,9,2,425,3,2,1,1.0,6.0,75113,M,0.0,0.0,75
201000063284,10,9,2,1150,1,2,2,1.0,6.0,75113,M,,,75
201000063285,10,9,2,1810,1,2,1,1.0,6.0,75113,M,,,75
201000063286,10,9,3,940,1,2,2,1.0,3.0,75113,M,,,75
201000063287,10,9,3,2150,5,2,1,1.0,3.0,75113,M,,,75
201000063288,10,9,7,630,2,2,3,8.0,3.0,75113,M,,,75
201000063289,10,9,7,1715,1,2,1,1.0,7.0,75113,M,,,75
201000063290,10,9,8,2230,3,2,1,1.0,3.0,75113,M,,,75
201000063291,10,9,11,455,5,2,1,1.0,6.0,75113,M,,,75
201000063292,10,9,11,800,1,2,1,1.0,7.0,75113,M,,,75
201000063293,10,9,8,2000,5,2,2,1.0,7.0,75113,M,,,75
201000063294,10,9,11,935,1,2,1,1.0,6.0,75113,M,,,75
201000063295,10,9,9,1851,1,2,5,8.0,3.0,75113,M,,,75
201000063296,10,9,15,640,5,2,2,3.0,6.0,75113,M,,,75
201000063297,10,9,15,950,1,2,3,1.0,4.0,75113,M,,,75
201000063298,10,9,15,1815,1,2,3,1.0,3.0,75113,M,,,75
201000063299,10,9,17,1350,1,2,1,1.0,6.0,75113,M,,,75
201000063300,10,9,17,1425,1,2,1,1.0,6.0,75113,M,,,75
201000063301,10,9,18,2300,5,2,4,1.0,7.0,75113,M,,,75
201000063302,10,9,18,810,1,2,2,1.0,3.0,75113,M,,,75
201000063303,10,9,18,1010,1,2,2,1.0,1.0,75113,M,,,75
201000063304,10,9,19,1535,1,2,1,1.0,6.0,75113,M,,,75
201000063305,10,9,21,745,1,2,1,1.0,3.0,75113,M,,,75
201000063306,10,9,21,1215,1,2,2,1.0,6.0,75113,M,,,75
201000063307,10,9,21,1410,1,2,2,1.0,2.0,75113,M,,,75
201000063308,10,9,22,710,2,2,3,1.0,7.0,75113,M,,,75
201000063309,10,9,23,705,1,2,1,1.0,2.0,75113,M,,,75
201000063310,10,9,23,920,1,2,2,1.0,2.0,75113,M,,,75
201000063311,10,9,25,2235,5,2,5,1.0,6.0,75113,M,,,75
201000063312,10,9,27,1000,1,2,2,1.0,3.0,75113,M,,,75
201000063313,10,9,29,820,1,2,2,1.0,3.0,75113,M,,,75
201000063314,10,9,29,2325,5,2,2,1.0,7.0,75113,M,,,75
201000063315,10,10,1,815,1,2,2,1.0,6.0,75113,M,,,75
201000063316,10,10,2,925,1,2,1,1.0,7.0,75113,M,,,75
201000063317,10,10,2,1645,1,2,1,1.0,6.0,75113,M,,,75
201000063318,10,10,2,2000,5,2,1,1.0,2.0,75113,M,,,75
201000063319,10,10,3,150,5,2,3,1.0,1.0,75113,M,,,75
201000063320,10,10,4,720,5,2,5,2.0,6.0,75113,M,,,75
201000063321,10,10,4,830,1,2,1,1.0,3.0,75113,M,,,75
201000063322,10,10,5,30,5,2,5,1.0,3.0,75113,M,,,75
201000063323,10,10,5,930,1,2,1,2.0,6.0,75113,M,,,75
201000063324,10,10,6,2340,5,2,3,1.0,2.0,75113,M,,,75
201000063325,10,10,7,1950,5,2,1,1.0,3.0,75113,M,,,75
201000063326,10,10,7,2240,5,2,3,1.0,6.0,75113,M,,,75
201000063327,10,10,8,1140,1,2,1,1.0,7.0,75113,M,,,75
201000063328,10,10,8,1835,1,2,1,1.0,6.0,75113,M,,,75
201000063329,10,10,9,210,5,2,1,1.0,6.0,75113,M,,,75