Num_Acc,an,mois,jour,hrmn,lum,agg,int,atm,col,com,gps,lat,long,dep
201000063330,10,10,9,1130,1,2,1,1.0,6.0,75113,M,,,75
201000063331,10,10,10,545,5,2,2,1.0,6.0,75113,M,,,75
201000063332,10,10,11,1935,5,2,4,1.0,6.0,75113,M,,,75
201000063333,10,10,12,1135,1,2,1,1.0,2.0,75113,M,,,75
201000063334,10,10,12,1515,1,2,2,1.0,6.0,75113,M,,,75
201000063335,10,10,12,1550,1,2,1,1.0,6.0,75113,M,,,75
201000063336,10,10,12,1830,2,2,1,1.0,6.0,75113,M,,,75
201000063337,10,10,13,1,5,2,2,1.0,6.0,75113,M,,,75
201000063338,10,10,14,745,2,2,3,1.0,6.0,75113,M,,,75
201000063339,10,10,15,425,5,2,5,1.0,6.0,75113,M,,,75
201000063340,10,10,15,1020,1,2,5,1.0,6.0,75113,M,,,75
201000063341,10,10,15,2250,5,2,2,2.0,2.0,75113,M,,,75
201000063342,10,10,16,1000,1,2,3,1.0,7.0,75113,M,,,75
201000063343,10,10,16,1600,1,2,3,1.0,6.0,75113,M,,,75
201000063344,10,10,16,2030,5,2,3,1.0,1.0,75113,M,,,75
201000063345,10,10,16,2145,5,2,5,1.0,1.0,75113,M,,,75
201000063346,10,10,16,2155,5,2,5,1.0,3.0,75113,M,,,75
201000063347,10,10,17,1220,1,2,3,1.0,3.0,75113,M,,,75
201000063348,10,10,18,1525,1,2,1,1.0,6.0,75113,M,,,75
201000063349,10,10,20,845,1,2,3,1.0,6.0,75113,M,,,75
201000063350,10,10,21,1200,1,2,5,1.0,7.0,75113,M,,,75
201000063351,10,10,22,1950,5,2,2,1.0,1.0,75113,M,,,75
201000063352,10,10,22,310,5,2,2,1.0,6.0,75113,M,,,75
201000063353,10,10,24,105,5,2,2,1.0,3.0,75113,M,,,75
201000063354,10,10,24,550,5,2,1,1.0,2.0,75113,M,,,75
201000063355,10,10,25,1740,2,2,1,1.0,6.0,75113,M,,,75
201000063356,10,10,26,925,1,2,1,1.0,6.0,75113,M,,,75
201000063357,10,10,27,1910,5,2,5,1.0,3.0,75113,M,,,75
201000063358,10,10,28,105,5,2,3,2.0,6.0,75113,M,,,75
201000063359,10,10,28,10,5,2,5,1.0,6.0,75113,M,,,75
201000063360,10,10,30,1320,1,2,5,1.0,3.0,75113,M,,,75
201000063361,10,11,2,1720,5,2,3,1.0,4.0,75113,M,,,75
201000063362,10,11,3,1035,1,2,1,2.0,3.0,75113,M,,,75
201000063363,10,11,4,1735,5,2,5,1.0,7.0,75113,M,,,75
201000063364,10,11,5,1435,1,2,1,1.0,3.0,75113,M,,,75
201000063365,10,11,6,1445,1,2,3,2.0,3.0,75113,M,,,75
201000063366,10,11,8,855,1,2,5,1.0,3.0,75113,M,,,75
201000063367,10,11,8,1235,1,2,1,3.0,6.0,75113,M,,,75
201000063368,10,11,8,1750,5,2,1,2.0,6.0,75113,M,,,75
201000063369,10,11,8,1915,5,2,3,2.0,7.0,75113,M,,,75
201000063370,10,11,9,1825,5,2,2,2.0,6.0,75113,M,,,75
201000063371,10,11,10,1050,1,2,2,8.0,7.0,75113,M,,,75
201000063372,10,11,12,630,5,2,3,1.0,7.0,75113,M,,,75
201000063373,10,11,12,1530,1,2,1,2.0,7.0,75113,M,,,75
201000063374,10,11,13,1040,1,2,5,1.0,3.0,75113,M,,,75
201000063375,10,11,13,1800,5,2,1,2.0,6.0,75113,M,,,75
201000063376,10,11,14,525,5,2,2,2.0,2.0,75113,M,,,75
201000063377,10,11,15,1730,5,2,1,2.0,6.0,75113,M,,,75
201000063378,10,11,16,1340,1,2,2,1.0,3.0,75113,M,,,75
201000063379,10,11,17,1300,1,2,5,1.0,6.0,75113,M,,,75
201000063380,10,11,18,200,5,2,1,2.0,6.0,75113,M,,,75
201000063381,10,11,18,1015,1,2,2,1.0,1.0,75113,M,,,75
201000063382,10,11,19,1830,5,2,3,1.0,1.0,75113,M,,,75
201000063383,10,11,20,1830,5,2,4,1.0,6.0,75113,M,,,75
201000063384,10,11,21,5,5,2,7,2.0,6.0,75113,M,,,75
201000063385,10,11,22,1745,5,2,2,1.0,2.0,75113,M,,,75
201000063386,10,11,23,940,1,2,1,1.0,6.0,75113,M,,,75
201000063387,10,11,23,950,1,2,1,1.0,6.0,75113,M,,,75
201000063388,10,11,23,1400,1,2,7,1.0,3.0,75113,M,,,75
201000063389,10,11,24,1520,1,2,1,1.0,6.0,75113,M,,,75
201000063390,10,11,24,2010,5,2,1,2.0,3.0,75113,M,,,75
201000063391,10,11,25,905,1,2,2,2.0,1.0,75113,M,,,75
201000063392,10,11,25,1910,5,2,2,2.0,7.0,75113,M,,,75
201000063393,10,11,27,1320,1,2,3,1.0,6.0,75113,M,,,75
201000063394,10,11,27,2225,5,2,2,1.0,7.0,75113,M,,,75
201000063395,10,11,29,1240,1,2,2,1.0,2.0,75113,M,,,75
201000063396,10,11,29,1448,1,2,3,1.0,6.0,75113,M,,,75
201000063397,10,11,29,1810,5,2,2,1.0,3.0,75113,M,,,75
201000063398,10,11,29,1845,5,2,5,1.0,7.0,75113,M,,,75
201000063399,10,11,29,2345,5,2,2,1.0,3.0,75113,M,,,75
201000063400,10,11,30,645,5,2,3,9.0,2.0,75113,M,,,75
201000063401,10,12,1,1230,1,2,1,1.0,6.0,75113,M,,,75
201000063402,10,11,30,2150,5,2,5,1.0,3.0,75113,M,,,75
201000063403,10,12,1,1945,5,2,3,4.0,6.0,75113,M,,,75
201000063404,10,12,3,1215,1,2,5,1.0,3.0,75113,M,,,75
201000063405,10,12,7,1815,5,2,5,2.0,6.0,75113,M,,,75
201000063406,10,12,8,945,1,2,3,2.0,3.0,75113,M,,,75
201000063407,10,12,8,1015,1,2,5,2.0,6.0,75113,M,,,75
201000063408,10,12,10,1833,5,2,5,1.0,6.0,75113,M,,,75
201000063409,10,12,10,2320,5,2,4,1.0,3.0,75113,M,,,75
201000063410,10,12,11,1655,1,2,5,1.0,3.0,75113,M,,,75
201000063411,10,12,12,620,5,2,2,1.0,6.0,75113,M,,,75
201000063412,10,12,13,1515,1,2,1,1.0,2.0,75113,M,,,75
201000063413,10,12,13,1830,5,2,1,1.0,6.0,75113,M,,,75
201000063414,10,12,14,1645,2,2,4,1.0,6.0,75113,M,,,75
201000063415,10,12,15,915,1,2,3,1.0,5.0,75113,M,,,75
201000063416,10,12,15,1750,2,2,5,1.0,6.0,75113,M,,,75
201000063417,10,12,16,2315,5,2,2,2.0,6.0,75114,M,,,75
201000063418,10,12,17,1345,1,2,2,1.0,3.0,75113,M,,,75
201000063419,10,12,17,1800,5,2,5,9.0,6.0,75113,M,,,75
201000063420,10,12,17,1946,4,2,5,4.0,6.0,75113,M,,,75
201000063421,10,12,20,2025,4,2,4,2.0,6.0,75113,M,,,75
201000063422,10,12,22,1605,1,2,1,2.0,3.0,75113,M,,,75
201000063423,10,12,27,1105,1,2,3,1.0,6.0,75113,M,,,75
201000063424,10,12,28,430,5,2,3,2.0,6.0,75113,M,,,75
201000063425,10,12,28,1015,1,2,1,8.0,7.0,75113,M,,,75
201000063426,10,12,29,1300,1,2,1,9.0,6.0,75113,M,,,75
201000063427,10,12,29,2315,5,2,2,1.0,3.0,75113,M,,,75
201000063428,10,12,31,600,5,2,1,1.0,2.0,75113,M,,,75
201000063429,10,7,17,1800,1,2,5,1.0,6.0,75113,M,,,75
201000063430,10,1,1,1050,1,2,5,4.0,3.0,75114,M,,,75
201000063431,10,1,2,2100,5,2,1,1.0,7.0,75114,M,,,75
201000063432,10,1,8,245,5,2,1,4.0,6.0,75114,M,,,75
201000063433,10,1,9,2305,5,2,5,4.0,7.0,75114,M,,,75
201000063434,10,1,12,1940,5,2,3,1.0,3.0,75114,M,,,75
201000063435,10,1,13,905,1,2,2,1.0,6.0,75114,M,,,75
201000063436,10,1,13,1800,5,2,1,1.0,6.0,75114,M,,,75
201000063437,10,1,14,1220,1,2,2,1.0,6.0,75114,M,,,75
201000063438,10,1,14,1010,1,2,1,1.0,3.0,75114,M,,,75
201000063439,10,1,18,1805,5,2,1,1.0,6.0,75114,M,,,75
201000063440,10,1,19,1749,5,2,1,1.0,6.0,75114,M,,,75
201000063441,10,1,23,1640,1,2,3,1.0,6.0,75114,M,,,75
201000063442,10,1,25,610,5,2,3,1.0,3.0,75114,M,,,75
201000063443,10,1,25,845,1,2,5,1.0,2.0,75114,M,,,75
201000063444,10,1,23,1219,1,2,1,2.0,2.0,75114,M,,,75
201000063445,10,1,25,1725,2,2,1,1.0,7.0,75114,M,,,75
201000063446,10,1,25,1720,2,2,1,1.0,4.0,75114,M,,,75
201000063447,10,1,26,1635,1,2,1,1.0,6.0,75114,M,,,75
201000063448,10,1,27,1440,1,2,1,1.0,3.0,75114,M,,,75
201000063449,10,1,27,1910,5,2,3,1.0,6.0,75114,M,,,75
201000063450,10,1,28,1540,1,2,1,1.0,4.0,75114,M,,,75
201000063451,10,1,31,1735,2,2,3,1.0,3.0,75114,M,,,75
201000063452,10,2,3,1800,2,2,3,1.0,3.0,75114,M,,,75
201000063453,10,2,5,1255,1,2,1,1.0,4.0,75114,M,,,75
201000063454,10,2,7,300,5,2,1,1.0,6.0,75114,M,,,75
201000063455,10,2,10,1545,1,2,3,1.0,3.0,75114,M,,,75
201000063456,10,2,15,1655,1,2,2,1.0,3.0,75114,M,,,75
201000063457,10,2,16,1245,1,2,1,1.0,6.0,75114,M,,,75
201000063458,10,2,18,855,1,2,1,1.0,2.0,75114,M,,,75
201000063459,10,2,20,1545,1,2,2,1.0,6.0,75114,M,,,75
201000063460,10,2,23,1345,1,2,5,2.0,6.0,75114,M,,,75
201000063461,10,2,24,1635,1,2,3,2.0,3.0,75114,M,,,75
201000063462,10,2,27,1755,1,2,3,2.0,6.0,75114,M,,,75
201000063463,10,2,28,1900,5,2,1,2.0,4.0,75114,M,,,75
201000063464,10,3,2,935,1,2,5,1.0,6.0,75114,M,,,75
201000063465,10,3,2,2330,5,2,1,1.0,6.0,75114,M,,,75
201000063466,10,3,3,1710,1,2,5,1.0,6.0,75114,M,,,75
201000063467,10,3,9,1140,1,2,5,1.0,6.0,75114,M,,,75
201000063468,10,3,14,140,5,2,5,1.0,3.0,75114,M,,,75
201000063469,10,3,15,1910,2,2,1,1.0,3.0,75114,M,,,75
201000063470,10,3,16,1455,1,2,1,1.0,2.0,75114,M,,,75
201000063471,10,3,16,1558,1,2,1,1.0,6.0,75114,M,,,75
201000063472,10,3,18,755,1,2,1,1.0,2.0,75114,M,,,75
201000063473,10,3,20,1,5,2,1,1.0,6.0,75114,M,,,75
201000063474,10,3,20,1045,1,2,3,2.0,3.0,75114,M,,,75
201000063475,10,3,21,950,1,2,5,1.0,3.0,75114,M,,,75
201000063476,10,3,21,2100,5,2,5,1.0,3.0,75114,M,,,75
201000063477,10,3,24,815,1,2,3,1.0,6.0,75114,M,,,75
201000063478,10,3,24,2025,5,2,1,1.0,7.0,75114,M,,,75
201000063479,10,3,30,1610,1,2,1,3.0,3.0,75114,M,,,75
201000063480,10,3,30,2245,5,2,5,1.0,6.0,75114,M,,,75
201000063481,10,3,31,901,1,2,5,1.0,3.0,75114,M,,,75
201000063482,10,3,31,820,1,2,2,1.0,6.0,75114,M,,,75
201000063483,10,3,31,1000,1,2,2,1.0,6.0,75114,M,,,75
201000063484,10,3,31,1350,1,2,5,1.0,6.0,75114,M,,,75
201000063485,10,3,31,2015,5,2,5,1.0,3.0,75114,M,,,75
201000063486,10,4,2,335,5,2,1,1.0,2.0,75114,M,,,75
201000063487,10,4,2,1045,1,2,3,1.0,6.0,75114,M,,,75
201000063488,10,4,4,525,5,2,2,2.0,2.0,75114,M,,,75
201000063489,10,4,6,900,1,2,1,1.0,6.0,75114,M,,,75
201000063490,10,4,6,1945,1,2,3,1.0,3.0,75114,M,,,75
201000063491,10,4,7,850,1,2,1,1.0,6.0,75114,M,,,75
201000063492,10,4,8,1835,1,2,1,1.0,6.0,75114,M,,,75
201000063493,10,4,10,1600,1,2,1,1.0,4.0,75114,M,,,75
201000063494,10,4,11,1332,1,2,1,1.0,3.0,75114,M,,,75
201000063495,10,4,12,1130,1,2,1,1.0,6.0,75114,M,,,75
201000063496,10,4,12,1830,1,2,5,1.0,3.0,75114,M,,,75
201000063497,10,4,13,1410,1,2,2,1.0,3.0,75114,M,,,75
201000063498,10,4,13,1900,2,2,1,2.0,3.0,75114,M,,,75
201000063499,10,4,16,2230,5,2,3,1.0,6.0,75114,M,,,75
201000063500,10,4,17,410,5,2,4,1.0,2.0,75114,M,,,75
201000063501,10,4,19,1355,1,2,5,1.0,3.0,75114,M,,,75
201000063502,10,4,20,1915,1,2,5,1.0,3.0,75114,M,,,75
201000063503,10,4,21,925,1,2,1,1.0,3.0,75114,M,,,75
201000063504,10,4,21,955,1,2,4,1.0,2.0,75114,M,,,75
201000063505,10,4,22,1650,1,2,2,1.0,3.0,75114,M,,,75
201000063506,10,4,23,2000,1,2,1,1.0,6.0,75114,M,,,75
201000063507,10,4,24,900,1,2,1,1.0,2.0,75114,M,,,75
201000063508,10,4,24,1940,1,2,1,1.0,6.0,75114,M,,,75
201000063509,10,4,25,2140,5,2,2,1.0,6.0,75114,M,,,75
201000063510,10,4,26,1200,1,2,5,1.0,7.0,75114,M,,,75
201000063511,10,4,27,1815,1,2,1,1.0,6.0,75114,M,,,75
201000063512,10,4,29,1645,1,2,5,1.0,2.0,75114,M,,,75
201000063513,10,4,30,1640,1,2,3,1.0,2.0,75114,M,,,75
201000063514,10,5,2,116,5,2,2,2.0,3.0,75114,M,,,75
201000063515,10,5,2,730,1,2,1,1.0,6.0,75114,M,,,75
201000063516,10,5,2,1440,1,2,1,2.0,6.0,75114,M,,,75
201000063517,10,5,3,1155,1,2,5,2.0,2.0,75114,M,,,75
201000063518,10,5,4,1720,1,2,5,1.0,6.0,75114,M,,,75
201000063519,10,5,5,1645,1,2,5,1.0,3.0,75114,M,,,75
201000063520,10,5,5,1855,1,2,5,1.0,7.0,75114,M,,,75
201000063521,10,5,5,2025,1,2,4,1.0,3.0,75114,M,,,75
201000063522,10,5,6,1140,1,2,4,1.0,7.0,75114,M,,,75
201000063523,10,5,6,1920,1,2,1,1.0,3.0,75114,M,,,75
201000063524,10,5,11,815,1,2,2,2.0,3.0,75114,M,,,75
201000063525,10,5,11,900,1,2,1,2.0,3.0,75114,M,,,75
201000063526,10,5,12,1515,1,1,1,1.0,2.0,75114,M,,,75
201000063527,10,5,12,1800,1,2,1,1.0,6.0,75114,M,,,75
201000063528,10,5,12,1835,1,2,1,1.0,6.0,75114,M,,,75
201000063529,10,5,15,1450,1,2,2,1.0,6.0,75114,M,,,75
201000063530,10,5,18,1610,1,2,1,1.0,6.0,75114,M,,,75
201000063531,10,5,19,850,1,2,3,1.0,3.0,75114,M,,,75
201000063532,10,5,19,850,1,2,1,1.0,3.0,75114,M,,,75
201000063533,10,5,21,1300,1,2,1,1.0,6.0,75114,M,,,75
201000063534,10,5,23,420,5,2,4,1.0,3.0,75114,M,,,75
201000063535,10,5,24,1240,1,2,2,1.0,3.0,75114,M,,,75
201000063536,10,5,24,1815,1,2,1,1.0,6.0,75114,M,,,75
201000063537,10,5,26,1345,1,2,1,1.0,3.0,75114,M,,,75
201000063538,10,5,26,1845,1,2,3,8.0,3.0,75114,M,,,75
201000063539,10,5,31,1640,1,2,3,1.0,6.0,75114,M,,,75
201000063540,10,6,1,1730,1,2,3,2.0,6.0,75114,M,,,75
201000063541,10,6,1,1720,1,2,4,1.0,3.0,75114,M,,,75
201000063542,10,6,2,830,1,2,2,1.0,2.0,75114,M,,,75
201000063543,10,6,2,1240,1,2,2,1.0,3.0,75114,M,,,75
201000063544,10,6,2,2015,1,2,2,1.0,3.0,75114,M,,,75
201000063545,10,6,3,1715,1,2,2,1.0,3.0,75114,M,,,75
201000063546,10,6,3,1930,1,2,1,1.0,2.0,75114,M,,,75
201000063547,10,6,4,1330,1,2,2,1.0,3.0,75114,M,,,75
201000063548,10,6,4,1700,1,2,1,1.0,6.0,75114,M,,,75
201000063549,10,6,9,800,1,2,2,2.0,2.0,75114,M,,,75
201000063550,10,6,9,1445,1,2,1,2.0,6.0,75114,M,,,75
201000063551,10,6,9,1900,1,2,2,2.0,1.0,75114,M,,,75
201000063552,10,6,9,1750,1,2,2,2.0,3.0,75114,M,,,75
201000063553,10,6,12,103,5,2,1,3.0,3.0,75114,M,,,75
201000063554,10,6,14,705,1,2,2,1.0,3.0,75114,M,,,75
201000063555,10,6,18,900,1,2,1,1.0,3.0,75114,M,,,75
201000063556,10,6,18,1805,1,2,1,1.0,6.0,75114,M,,,75
201000063557,10,6,21,1700,1,2,2,1.0,6.0,75114,M,,,75
201000063558,10,6,24,1134,1,2,1,1.0,3.0,75114,M,,,75
201000063559,10,6,24,1905,1,2,2,1.0,1.0,75114,M,,,75
201000063560,10,6,27,2020,1,2,1,1.0,3.0,75114,M,,,75
201000063561,10,6,29,1600,1,2,1,1.0,6.0,75114,M,,,75
201000063562,10,7,1,750,1,2,5,1.0,6.0,75114,M,,,75
201000063563,10,7,1,1700,1,2,5,1.0,6.0,75114,M,,,75
201000063564,10,7,2,845,1,2,3,1.0,3.0,75114,M,,,75
201000063565,10,7,2,1155,1,2,1,1.0,3.0,75114,M,,,75
201000063566,10,7,3,540,2,2,2,1.0,2.0,75114,M,,,75
201000063567,10,7,5,1615,1,2,5,1.0,3.0,75114,M,,,75
201000063568,10,7,8,1500,1,2,1,1.0,2.0,75114,M,,,75
201000063569,10,7,8,1315,1,2,1,1.0,6.0,75114,M,,,75
201000063570,10,7,8,1815,1,2,3,1.0,6.0,75114,M,,,75
201000063571,10,7,9,1350,1,2,3,1.0,6.0,75114,M,,,75
201000063572,10,7,10,105,5,2,5,1.0,3.0,75114,M,,,75
201000063573,10,7,12,1245,1,2,1,8.0,2.0,75114,M,,,75
201000063574,10,7,12,1740,1,2,1,1.0,3.0,75114,M,,,75
201000063575,10,7,13,2355,5,2,3,1.0,3.0,75114,M,,,75
201000063576,10,7,15,230,5,2,5,1.0,3.0,75114,M,,,75
201000063577,10,7,15,1600,1,2,1,1.0,4.0,75114,M,,,75
201000063578,10,7,15,2045,1,2,2,1.0,3.0,75114,M,,,75
201000063579,10,7,16,830,1,2,4,1.0,6.0,75114,M,,,75
201000063580,10,7,19,1340,1,2,4,1.0,6.0,75114,M,,,75
201000063581,10,7,19,1730,1,2,1,1.0,6.0,75114,M,,,75
201000063582,10,7,21,1035,1,2,5,1.0,3.0,75114,M,,,75
201000063583,10,7,23,1155,1,2,1,1.0,3.0,75114,M,,,75
201000063584,10,7,25,1300,1,2,1,1.0,3.0,75114,M,,,75
201000063585,10,7,28,2235,5,2,1,1.0,3.0,75114,M,,,75
201000063586,10,7,30,942,1,2,2,1.0,3.0,75114,M,,,75
201000063587,10,7,30,1545,1,2,5,1.0,3.0,75114,M,,,75
201000063588,10,7,31,1215,1,2,5,2.0,6.0,75114,M,,,75
201000063589,10,7,31,1750,1,2,1,1.0,6.0,75114,M,,,75
201000063590,10,7,31,1845,1,2,5,1.0,3.0,75114,M,,,75
201000063591,10,8,1,30,5,2,1,1.0,6.0,75114,M,,,75
201000063592,10,8,1,225,5,2,1,1.0,2.0,75114,M,,,75
201000063593,10,8,2,2350,5,2,3,1.0,6.0,75107,M,,,75
201000063594,10,8,3,1020,1,2,1,1.0,6.0,75114,M,,,75
201000063595,10,8,4,700,2,2,4,1.0,6.0,75114,M,0.0,0.0,75
201000063596,10,8,4,1005,1,2,5,1.0,6.0,75114,M,,,75
201000063597,10,8,4,1115,1,2,1,1.0,6.0,75114,M,,,75
201000063598,10,8,4,1445,1,2,4,1.0,3.0,75114,M,,,75
201000063599,10,8,5,1315,1,2,5,1.0,6.0,75114,M,,,75
201000063600,10,8,5,1937,1,2,3,1.0,6.0,75114,M,,,75
201000063601,10,8,7,100,5,2,5,1.0,6.0,75114,M,,,75
201000063602,10,8,7,2125,5,2,3,2.0,7.0,75114,M,,,75
201000063603,10,8,13,340,5,2,1,1.0,7.0,75114,M,,,75
201000063604,10,8,13,937,1,2,1,1.0,3.0,75114,M,,,75
201000063605,10,8,13,1415,1,2,2,1.0,6.0,75114,M,,,75
201000063606,10,8,14,1600,1,2,2,1.0,6.0,75114,M,,,75
201000063607,10,8,15,50,5,2,3,2.0,3.0,75114,M,,,75
201000063608,10,8,17,5,5,2,2,1.0,3.0,75114,M,,,75
201000063609,10,8,19,1425,1,2,2,1.0,2.0,75114,M,,,75
201000063610,10,8,22,1800,1,2,1,1.0,6.0,75114,M,,,75
201000063611,10,8,25,610,2,2,2,1.0,3.0,75114,M,,,75
201000063612,10,8,27,950,1,2,4,1.0,3.0,75114,M,,,75
201000063613,10,8,30,1720,1,2,2,1.0,6.0,75114,M,,,75
201000063614,10,8,31,640,2,2,5,1.0,3.0,75114,M,,,75
201000063615,10,8,31,805,1,2,1,1.0,2.0,75114,M,,,75
201000063616,10,8,31,1235,1,2,5,1.0,3.0,75114,M,,,75
201000063617,10,9,1,1810,1,2,3,1.0,6.0,75114,M,,,75
201000063618,10,9,2,1800,1,2,3,1.0,6.0,75114,M,,,75
201000063619,10,9,4,220,5,2,1,1.0,7.0,75114,M,,,75
201000063620,10,9,4,1745,1,2,2,1.0,6.0,75114,M,,,75
201000063621,10,9,6,810,1,2,1,1.0,2.0,75114,M,,,75
201000063622,10,9,7,935,1,2,1,1.0,3.0,75114,M,,,75
201000063623,10,9,8,1545,1,2,1,2.0,3.0,75114,M,,,75
201000063624,10,9,8,1938,4,2,4,2.0,6.0,75114,M,,,75
201000063625,10,9,9,1420,1,2,2,2.0,3.0,75114,M,,,75
201000063626,10,9,10,1135,1,2,1,1.0,6.0,75114,M,,,75
201000063627,10,9,9,2005,5,2,1,2.0,3.0,75114,M,,,75
201000063628,10,9,12,1500,1,2,1,1.0,6.0,75114,M,,,75
201000063629,10,9,13,1245,1,2,1,1.0,4.0,75114,M,,,75
201000063630,10,9,15,1930,1,2,1,1.0,3.0,75114,M,,,75
201000063631,10,9,16,1540,1,2,5,1.0,7.0,75114,M,,,75
201000063632,10,9,16,1605,1,2,1,1.0,6.0,75114,M,,,75
201000063633,10,9,16,855,1,2,4,1.0,6.0,75114,M,,,75
201000063634,10,9,17,1355,1,2,2,1.0,6.0,75114,M,,,75
201000063635,10,9,17,1240,1,2,2,1.0,3.0,75114,M,,,75
201000063636,10,9,19,1600,1,2,2,1.0,6.0,75114,M,,,75
201000063637,10,9,21,1038,1,2,9,1.0,6.0,75114,M,,,75
201000063638,10,9,21,1925,1,2,2,1.0,7.0,75114,M,,,75
201000063639,10,9,21,1505,1,2,2,1.0,6.0,75114,M,,,75
201000063640,10,9,22,1935,2,2,1,1.0,3.0,75114,M,,,75
201000063641,10,9,22,2145,5,2,1,1.0,3.0,75114,M,,,75
201000063642,10,9,22,3,5,2,1,1.0,6.0,75114,M,,,75
201000063643,10,9,24,1545,1,2,2,2.0,3.0,75114,M,,,75
201000063644,10,9,24,1440,1,2,2,1.0,3.0,75114,M,,,75
201000063645,10,9,25,1219,1,2,5,1.0,3.0,75114,M,,,75
201000063646,10,9,25,1235,1,2,1,1.0,6.0,75114,M,,,75
201000063647,10,9,26,1330,1,2,2,1.0,6.0,75114,M,,,75
201000063648,10,9,27,1630,1,2,1,1.0,6.0,75114,M,,,75
201000063649,10,9,28,2020,5,2,1,1.0,2.0,75114,M,,,75
201000063650,10,9,28,2320,5,2,2,1.0,3.0,75114,M,,,75
201000063651,10,9,29,1815,1,2,1,1.0,6.0,75114,M,,,75
201000063652,10,9,30,2000,5,2,3,1.0,6.0,75114,M,,,75
201000063653,10,10,1,715,2,2,1,1.0,4.0,75114,M,,,75
201000063654,10,10,1,2230,5,2,1,3.0,6.0,75114,M,,,75
201000063655,10,10,2,2350,5,2,2,1.0,3.0,75114,M,,,75
201000063656,10,10,4,1020,1,2,3,1.0,3.0,75114,M,,,75
201000063657,10,10,4,1120,1,2,5,1.0,7.0,75114,M,,,75
201000063658,10,10,5,1025,1,2,1,2.0,7.0,75114,M,,,75
201000063659,10,10,5,2125,5,2,3,2.0,1.0,75114,M,,,75
201000063660,10,10,6,220,5,2,1,2.0,2.0,75114,M,,,75
201000063661,10,10,7,1645,1,2,1,1.0,6.0,75114,M,,,75
201000063662,10,10,8,1235,1,2,1,1.0,2.0,75114,M,,,75
201000063663,10,10,8,1615,1,2,5,1.0,3.0,75114,M,,,75
201000063664,10,10,10,615,5,2,1,1.0,7.0,75114,M,,,75
201000063665,10,10,12,1310,1,2,5,1.0,6.0,75114,M,,,75
201000063666,10,10,12,1940,5,2,4,1.0,3.0,75114,M,,,75
201000063667,10,10,12,2030,5,2,5,1.0,6.0,75114,M,,,75
201000063668,10,10,13,1340,1,2,3,1.0,6.0,75114,M,,,75
201000063669,10,10,15,40,5,2,5,1.0,3.0,75114,M,,,75
201000063670,10,10,20,1730,1,2,1,1.0,3.0,75114,M,,,75
201000063671,10,10,18,2320,5,2,5,1.0,3.0,75114,M,,,75
201000063672,10,10,21,2135,5,2,3,1.0,3.0,75114,M,,,75
201000063673,10,10,25,1440,1,2,3,1.0,6.0,75114,M,,,75
201000063674,10,10,25,2020,5,2,2,1.0,6.0,75114,M,,,75
201000063675,10,10,25,2000,5,2,2,1.0,6.0,75114,M,,,75
201000063676,10,10,26,2130,5,2,3,1.0,6.0,75114,M,,,75
201000063677,10,10,28,1310,1,2,5,1.0,7.0,75114,M,,,75
201000063678,10,10,29,1519,1,2,1,1.0,3.0,75114,M,,,75
201000063679,10,10,29,1430,1,2,2,8.0,3.0,75114,M,,,75
201000063680,10,11,3,2005,5,2,5,1.0,6.0,75114,M,,,75
201000063681,10,11,4,1705,1,2,3,1.0,6.0,75114,M,,,75
201000063682,10,11,6,1325,1,2,1,2.0,6.0,75114,M,,,75
201000063683,10,11,9,910,1,2,1,2.0,6.0,75114,M,,,75
201000063684,10,11,16,1100,1,2,3,1.0,3.0,75114,M,,,75
201000063685,10,11,16,1210,1,2,1,1.0,6.0,75114,M,,,75
201000063686,10,11,16,1720,5,2,3,1.0,3.0,75114,M,,,75
201000063687,10,11,18,2105,5,2,1,8.0,1.0,75114,M,,,75
201000063688,10,11,19,845,1,2,5,8.0,6.0,75114,M,,,75
201000063689,10,11,19,1630,1,2,1,1.0,6.0,75114,M,,,75
201000063690,10,11,19,1925,5,2,3,2.0,1.0,75114,M,,,75
201000063691,10,11,22,845,1,2,1,1.0,7.0,75114,M,,,75
201000063692,10,11,22,1900,5,2,2,1.0,3.0,75114,M,,,75
201000063693,10,11,25,2345,5,2,3,2.0,3.0,75114,M,,,75
201000063694,10,11,25,1240,1,2,7,1.0,6.0,75114,M,,,75
201000063695,10,11,27,1310,1,2,3,1.0,2.0,75114,M,,,75
201000063696,10,11,29,920,1,2,2,2.0,2.0,75114,M,,,75
201000063697,10,11,30,845,1,2,3,1.0,2.0,75114,M,,,75
201000063698,10,11,30,1825,5,2,1,1.0,6.0,75114,M,,,75
201000063699,10,12,1,2120,5,2,2,9.0,4.0,75114,M,,,75
201000063700,10,12,3,1800,5,2,3,8.0,5.0,75114,M,,,75
201000063701,10,12,6,740,1,2,1,2.0,3.0,75114,M,,,75
201000063702,10,12,7,1010,1,2,1,8.0,7.0,75114,M,,,75
201000063703,10,12,7,1040,1,2,1,1.0,4.0,75114,M,,,75
201000063704,10,12,7,1400,1,2,1,4.0,3.0,75114,M,,,75
201000063705,10,12,7,1905,5,2,2,2.0,3.0,75114,M,,,75
201000063706,10,12,9,2100,5,2,1,9.0,6.0,75114,M,,,75
201000063707,10,12,11,1300,1,2,3,1.0,7.0,75114,M,,,75
201000063708,10,12,11,2100,5,2,2,2.0,2.0,75114,M,,,75
201000063709,10,12,12,1120,1,2,2,1.0,3.0,75114,M,,,75
201000063710,10,12,15,620,5,2,2,1.0,2.0,75114,M,,,75
201000063711,10,12,16,1530,1,2,3,2.0,6.0,75114,M,,,75
201000063712,10,12,17,1210,1,2,1,1.0,3.0,75114,M,,,75
201000063713,10,12,17,1550,1,2,4,1.0,2.0,75114,M,,,75