Num_Acc,an,mois,jour,hrmn,lum,agg,int,atm,col,com,gps,lat,long,dep
201000063714,10,12,19,640,5,2,2,4.0,6.0,75114,M,,,75
201000063715,10,12,23,1550,1,2,1,4.0,7.0,75114,M,,,75
201000063716,10,12,28,1515,1,2,5,2.0,6.0,75114,M,,,75
201000063717,10,12,30,2135,5,2,2,1.0,3.0,75114,M,,,75
201000063718,10,12,31,1618,1,2,3,1.0,3.0,75114,M,,,75
201000063719,10,8,25,20,5,2,2,1.0,3.0,75114,M,,,75
201000063720,10,1,21,1820,5,2,4,1.0,3.0,75114,M,,,75
201000063721,10,1,8,1630,2,2,1,8.0,3.0,75115,M,,,75
201000063722,10,1,10,625,5,2,2,4.0,6.0,75115,M,,,75
201000063723,10,1,11,1845,5,2,3,8.0,6.0,75115,M,,,75
201000063724,10,1,12,10,5,2,2,1.0,6.0,75115,M,,,75
201000063725,10,1,12,220,5,2,5,8.0,6.0,75115,M,,,75
201000063726,10,1,12,1330,1,2,2,1.0,3.0,75115,M,,,75
201000063727,10,1,13,1120,1,2,2,1.0,3.0,75115,M,,,75
201000063728,10,1,14,15,5,2,5,2.0,6.0,75115,M,,,75
201000063729,10,1,14,1110,1,2,3,1.0,6.0,75115,M,,,75
201000063730,10,1,14,1300,1,2,1,1.0,6.0,75115,M,,,75
201000063731,10,1,14,1700,2,2,1,1.0,3.0,75115,M,,,75
201000063732,10,1,18,1545,1,2,3,1.0,3.0,75115,M,,,75
201000063733,10,1,20,1845,5,2,2,1.0,3.0,75115,M,,,75
201000063734,10,1,21,935,1,2,3,1.0,6.0,75115,M,,,75
201000063735,10,1,21,1745,5,2,1,1.0,6.0,75115,M,,,75
201000063736,10,1,22,1230,1,2,4,1.0,6.0,75115,M,,,75
201000063737,10,1,23,2020,5,2,1,1.0,3.0,75115,M,,,75
201000063738,10,1,24,1525,1,2,1,8.0,3.0,75115,M,,,75
201000063739,10,1,24,1940,5,2,5,2.0,3.0,75115,M,,,75
201000063740,10,1,25,1905,5,2,5,1.0,6.0,75115,M,,,75
201000063741,10,1,29,215,5,2,1,2.0,6.0,75115,M,,,75
201000063742,10,1,30,1445,1,2,4,2.0,4.0,75115,M,,,75
201000063743,10,1,30,1545,1,2,5,1.0,6.0,75115,M,,,75
201000063744,10,1,31,1400,1,2,1,1.0,6.0,75115,M,,,75
201000063745,10,2,1,1535,1,2,2,1.0,6.0,75115,M,,,75
201000063746,10,2,2,1120,1,2,3,2.0,6.0,75115,M,,,75
201000063747,10,2,2,1810,5,2,5,8.0,6.0,75115,M,,,75
201000063748,10,2,2,2005,5,2,5,8.0,4.0,75115,M,,,75
201000063749,10,2,3,1840,5,2,2,1.0,6.0,75115,M,,,75
201000063750,10,2,4,750,1,2,3,1.0,6.0,75115,M,,,75
201000063751,10,2,4,1615,1,2,3,1.0,4.0,75115,M,,,75
201000063752,10,2,6,2015,5,2,2,2.0,3.0,75115,M,,,75
201000063753,10,2,9,1905,5,2,2,2.0,7.0,75115,M,,,75
201000063754,10,2,9,2100,5,2,4,1.0,6.0,75115,M,,,75
201000063755,10,2,10,1730,1,2,3,1.0,6.0,75115,M,,,75
201000063756,10,2,11,750,1,2,2,4.0,3.0,75115,M,,,75
201000063757,10,2,12,1440,1,2,5,1.0,6.0,75115,M,,,75
201000063758,10,2,12,1725,1,2,1,1.0,6.0,75106,M,,,75
201000063759,10,2,15,805,1,2,1,8.0,7.0,75115,M,,,75
201000063760,10,2,16,1745,2,2,3,1.0,6.0,75115,M,,,75
201000063761,10,2,16,2120,5,2,3,1.0,6.0,75115,M,,,75
201000063762,10,2,17,2005,5,2,5,2.0,6.0,75115,M,,,75
201000063763,10,2,17,2015,5,2,5,2.0,6.0,75115,M,,,75
201000063764,10,2,18,1020,1,2,3,1.0,3.0,75115,M,,,75
201000063765,10,2,18,1245,1,2,2,1.0,3.0,75115,M,,,75
201000063766,10,2,18,1455,1,2,5,1.0,7.0,75115,M,,,75
201000063767,10,2,19,2330,5,2,1,1.0,6.0,75115,M,,,75
201000063768,10,2,19,1510,1,2,1,1.0,3.0,75115,M,,,75
201000063769,10,2,19,1645,1,2,1,1.0,4.0,75115,M,,,75
201000063770,10,2,20,630,2,2,5,2.0,6.0,75115,M,,,75
201000063771,10,2,22,1540,1,2,2,1.0,3.0,75115,M,,,75
201000063772,10,2,23,1735,1,2,3,1.0,6.0,75115,M,,,75
201000063773,10,2,24,1755,1,2,1,1.0,6.0,75115,M,,,75
201000063774,10,2,25,1100,1,2,1,1.0,6.0,75115,M,,,75
201000063775,10,2,25,1400,1,2,4,3.0,6.0,75115,M,,,75
201000063776,10,2,25,2230,5,2,1,1.0,6.0,75115,M,,,75
201000063777,10,2,26,1605,1,2,2,1.0,6.0,75115,M,,,75
201000063778,10,2,26,1639,1,2,3,1.0,3.0,75115,M,,,75
201000063779,10,3,1,1300,1,2,2,1.0,3.0,75115,M,,,75
201000063780,10,3,2,1,5,2,5,2.0,6.0,75115,M,,,75
201000063781,10,3,2,1605,1,2,1,1.0,3.0,75115,M,,,75
201000063782,10,3,2,1925,5,2,3,1.0,3.0,75115,M,,,75
201000063783,10,3,3,1140,1,2,2,1.0,6.0,75115,M,,,75
201000063784,10,3,3,1650,1,2,5,1.0,6.0,75115,M,,,75
201000063785,10,3,4,1750,1,2,5,1.0,6.0,75115,M,,,75
201000063786,10,3,4,2155,5,2,1,1.0,3.0,75115,M,,,75
201000063787,10,3,5,1330,1,2,2,1.0,6.0,75115,M,,,75
201000063788,10,3,7,1250,1,2,3,1.0,6.0,75115,M,,,75
201000063789,10,3,7,1215,1,2,2,1.0,3.0,75115,M,,,75
201000063790,10,3,8,1910,5,2,2,1.0,3.0,75115,M,,,75
201000063791,10,3,9,920,1,2,5,1.0,3.0,75115,M,,,75
201000063792,10,3,9,1400,1,2,5,1.0,3.0,75115,M,,,75
201000063793,10,3,9,1820,1,2,1,1.0,6.0,75115,M,,,75
201000063794,10,3,10,1215,1,2,1,1.0,3.0,75115,M,,,75
201000063795,10,3,10,1330,1,2,1,1.0,6.0,75115,M,,,75
201000063796,10,3,10,2107,5,2,1,1.0,3.0,75115,M,,,75
201000063797,10,3,11,1035,1,2,1,1.0,3.0,75115,M,,,75
201000063798,10,3,11,1410,1,2,1,1.0,7.0,75115,M,,,75
201000063799,10,3,15,1040,1,2,3,1.0,3.0,75115,M,,,75
201000063800,10,3,15,1339,1,2,5,1.0,6.0,75115,M,,,75
201000063801,10,3,17,1700,1,2,1,1.0,6.0,75115,M,,,75
201000063802,10,3,17,2030,1,2,1,1.0,2.0,75115,M,,,75
201000063803,10,3,18,1115,1,2,1,1.0,2.0,75115,M,,,75
201000063804,10,3,18,1405,1,2,1,1.0,3.0,75115,M,,,75
201000063805,10,3,18,1835,2,2,2,1.0,6.0,75115,M,,,75
201000063806,10,3,16,1635,1,2,2,1.0,6.0,75115,M,,,75
201000063807,10,3,20,2010,5,2,1,2.0,6.0,75115,M,,,75
201000063808,10,3,20,2100,5,2,1,3.0,6.0,75115,M,,,75
201000063809,10,3,21,1920,5,2,2,1.0,3.0,75115,M,,,75
201000063810,10,3,22,1035,1,2,1,1.0,6.0,75115,M,,,75
201000063811,10,3,22,1700,1,2,1,1.0,6.0,75115,M,,,75
201000063812,10,3,23,1315,1,2,5,1.0,3.0,75115,M,,,75
201000063813,10,3,23,1940,5,2,5,1.0,6.0,75115,M,,,75
201000063814,10,3,24,910,1,2,5,1.0,6.0,75115,M,,,75
201000063815,10,3,24,1400,1,2,5,1.0,6.0,75115,M,,,75
201000063816,10,3,24,1815,1,2,1,1.0,5.0,75115,M,,,75
201000063817,10,3,25,2000,2,2,3,1.0,2.0,75115,M,,,75
201000063818,10,3,26,1215,1,2,5,2.0,3.0,75115,M,,,75
201000063819,10,3,26,2330,5,2,5,1.0,3.0,75115,M,,,75
201000063820,10,3,27,215,5,2,1,1.0,6.0,75115,M,,,75
201000063821,10,3,30,1505,1,2,2,2.0,3.0,75115,M,,,75
201000063822,10,3,31,1110,1,2,1,1.0,2.0,75115,M,,,75
201000063823,10,3,31,1900,1,2,3,1.0,6.0,75115,M,,,75
201000063824,10,4,1,840,1,2,3,1.0,6.0,75115,M,,,75
201000063825,10,4,1,1620,1,2,1,1.0,6.0,75115,M,,,75
201000063826,10,4,2,1415,1,2,5,2.0,6.0,75115,M,,,75
201000063827,10,4,3,1455,1,2,1,2.0,3.0,75115,M,,,75
201000063828,10,4,4,1100,1,2,1,1.0,2.0,75115,M,,,75
201000063829,10,4,4,1610,1,2,2,1.0,3.0,75115,M,,,75
201000063830,10,4,6,645,1,2,5,1.0,3.0,75115,M,,,75
201000063831,10,4,6,1840,1,2,5,1.0,6.0,75115,M,,,75
201000063832,10,4,8,850,1,2,2,2.0,3.0,75115,M,,,75
201000063833,10,4,8,1440,1,2,1,1.0,2.0,75115,M,,,75
201000063834,10,4,3,600,5,2,1,1.0,6.0,75115,M,,,75
201000063835,10,4,10,1215,1,2,1,1.0,2.0,75115,M,,,75
201000063836,10,4,10,1600,1,2,2,1.0,6.0,75115,M,,,75
201000063837,10,4,11,1440,1,2,2,1.0,3.0,75115,M,,,75
201000063838,10,4,12,15,5,2,1,1.0,6.0,75115,M,,,75
201000063839,10,4,12,1205,1,2,2,1.0,3.0,75115,M,,,75
201000063840,10,4,12,1415,1,2,3,1.0,6.0,75115,M,,,75
201000063841,10,4,12,1810,1,2,5,1.0,6.0,75115,M,,,75
201000063842,10,4,13,915,1,2,2,1.0,6.0,75115,M,,,75
201000063843,10,4,13,940,1,2,1,8.0,6.0,75115,M,,,75
201000063844,10,4,13,1845,1,2,5,2.0,6.0,75115,M,,,75
201000063845,10,4,14,1545,1,2,1,1.0,6.0,75115,M,,,75
201000063846,10,4,16,925,1,2,1,1.0,3.0,75115,M,,,75
201000063847,10,4,16,1924,1,2,1,1.0,3.0,75115,M,,,75
201000063848,10,4,20,920,1,2,1,1.0,2.0,75115,M,,,75
201000063849,10,4,21,1930,1,2,3,1.0,2.0,75115,M,,,75
201000063850,10,4,23,2042,5,2,2,1.0,7.0,75115,M,,,75
201000063851,10,4,24,925,1,2,5,1.0,3.0,75115,M,,,75
201000063852,10,4,24,2000,1,2,1,1.0,3.0,75115,M,,,75
201000063853,10,4,25,2200,5,2,2,1.0,3.0,75115,M,,,75
201000063854,10,4,27,1430,1,2,2,1.0,3.0,75115,M,,,75
201000063855,10,4,27,1825,1,2,2,1.0,7.0,75115,M,,,75
201000063856,10,4,29,1915,1,2,5,1.0,3.0,75115,M,,,75
201000063857,10,4,30,235,5,2,1,1.0,6.0,75115,M,,,75
201000063858,10,4,30,2245,5,2,5,1.0,5.0,75115,M,,,75
201000063859,10,5,1,525,2,2,1,1.0,2.0,75115,M,,,75
201000063860,10,5,2,1705,1,2,5,1.0,6.0,75115,M,,,75
201000063861,10,5,2,1910,1,2,2,2.0,6.0,75115,M,,,75
201000063862,10,5,3,1355,1,2,1,1.0,6.0,75115,M,,,75
201000063863,10,5,4,1650,1,2,4,1.0,6.0,75115,M,,,75
201000063864,10,5,4,1800,1,2,2,1.0,6.0,75115,M,,,75
201000063865,10,5,5,50,5,2,1,1.0,6.0,75115,M,,,75
201000063866,10,5,5,1755,1,2,2,1.0,6.0,75115,M,,,75
201000063867,10,5,5,1830,1,2,1,1.0,6.0,75115,M,,,75
201000063868,10,5,6,935,1,2,2,1.0,3.0,75115,M,,,75
201000063869,10,5,6,1620,1,2,1,1.0,3.0,75115,M,,,75
201000063870,10,5,6,1945,1,2,1,1.0,4.0,75115,M,,,75
201000063871,10,5,7,130,5,2,5,1.0,2.0,75115,M,,,75
201000063872,10,5,7,1550,1,2,1,1.0,6.0,75115,M,,,75
201000063873,10,5,8,1040,1,2,3,1.0,3.0,75115,M,,,75
201000063874,10,5,10,900,1,2,1,1.0,2.0,75115,M,,,75
201000063875,10,5,10,1405,1,2,1,1.0,6.0,75115,M,,,75
201000063876,10,5,10,1805,1,2,1,2.0,3.0,75115,M,,,75
201000063877,10,5,10,1825,1,2,1,1.0,3.0,75115,M,,,75
201000063878,10,5,11,1,5,2,5,3.0,7.0,75115,M,,,75
201000063879,10,5,11,800,1,2,2,2.0,2.0,75115,M,,,75
201000063880,10,5,11,1648,1,2,2,2.0,6.0,75115,M,,,75
201000063881,10,5,12,1425,1,2,1,1.0,3.0,75115,M,,,75
201000063882,10,5,13,1625,1,2,2,1.0,3.0,75115,M,,,75
201000063883,10,5,15,340,3,2,3,1.0,6.0,75115,M,,,75
201000063884,10,5,15,1915,1,2,2,1.0,6.0,75115,M,,,75
201000063885,10,5,15,2115,1,2,1,1.0,6.0,75115,M,,,75
201000063886,10,5,17,50,5,2,1,1.0,7.0,75115,M,,,75
201000063887,10,5,17,820,1,2,2,1.0,6.0,75115,M,,,75
201000063888,10,5,19,40,5,2,4,1.0,3.0,75115,M,,,75
201000063889,10,5,19,850,1,2,3,1.0,6.0,75115,M,,,75
201000063890,10,5,19,1435,1,2,5,1.0,6.0,75115,M,,,75
201000063891,10,5,24,915,1,2,2,1.0,3.0,75115,M,,,75
201000063892,10,5,25,1205,1,2,3,1.0,6.0,75115,M,,,75
201000063893,10,5,25,1335,1,2,1,1.0,3.0,75115,M,,,75
201000063894,10,5,25,1750,1,2,2,1.0,6.0,75115,M,,,75
201000063895,10,5,26,1350,1,2,3,1.0,6.0,75115,M,,,75
201000063896,10,5,26,1730,1,2,2,2.0,6.0,75115,M,,,75
201000063897,10,5,26,1935,1,2,1,1.0,1.0,75115,M,,,75
201000063898,10,5,27,1330,1,2,1,3.0,7.0,75115,M,,,75
201000063899,10,5,27,1330,1,2,1,2.0,2.0,75115,M,,,75
201000063900,10,5,28,1915,1,2,1,1.0,6.0,75115,M,,,75
201000063901,10,5,30,1340,1,2,2,8.0,6.0,75115,M,,,75
201000063902,10,5,30,2005,2,2,5,2.0,7.0,75115,M,,,75
201000063903,10,5,30,2035,2,2,1,2.0,3.0,75115,M,,,75
201000063904,10,5,31,1705,1,2,2,1.0,6.0,75115,M,,,75
201000063905,10,5,31,2000,1,2,1,1.0,3.0,75115,M,,,75
201000063906,10,6,1,1920,1,2,1,2.0,3.0,75115,M,,,75
201000063907,10,6,2,150,5,2,1,2.0,6.0,75115,M,,,75
201000063908,10,6,2,635,1,2,2,1.0,3.0,75115,M,,,75
201000063909,10,6,2,920,1,2,1,1.0,7.0,75115,M,,,75
201000063910,10,6,2,1220,1,2,5,1.0,3.0,75115,M,,,75
201000063911,10,6,3,900,1,2,1,1.0,7.0,75115,M,,,75
201000063912,10,6,3,1200,1,2,1,1.0,3.0,75115,M,,,75
201000063913,10,6,3,1710,1,2,2,1.0,3.0,75115,M,,,75
201000063914,10,6,4,1555,1,2,1,1.0,2.0,75115,M,,,75
201000063915,10,6,4,1555,1,2,2,1.0,6.0,75115,M,,,75
201000063916,10,6,4,1640,1,2,2,1.0,6.0,75115,M,,,75
201000063917,10,6,7,1115,1,2,2,1.0,3.0,75115,M,,,75
201000063918,10,6,7,1355,1,2,1,1.0,3.0,75115,M,,,75
201000063919,10,6,7,1630,1,2,2,1.0,6.0,75115,M,,,75
201000063920,10,6,7,1730,1,2,3,1.0,3.0,75115,M,,,75
201000063921,10,6,8,1715,1,2,1,8.0,6.0,75115,M,,,75
201000063922,10,6,9,820,1,2,1,2.0,3.0,75115,M,,,75
201000063923,10,6,9,1625,1,2,2,2.0,6.0,75115,M,,,75
201000063924,10,6,9,1630,1,2,2,2.0,6.0,75115,M,,,75
201000063925,10,6,9,2300,5,2,1,8.0,6.0,75115,M,,,75
201000063926,10,6,10,850,1,2,1,3.0,7.0,75115,M,,,75
201000063927,10,6,10,1450,1,2,2,8.0,6.0,75115,M,,,75
201000063928,10,6,11,1257,1,2,1,1.0,6.0,75115,M,,,75
201000063929,10,6,11,1745,1,2,2,1.0,3.0,75115,M,,,75
201000063930,10,6,11,2020,1,2,2,1.0,3.0,75115,M,,,75
201000063931,10,6,11,2245,5,2,2,8.0,3.0,75115,M,,,75
201000063932,10,6,12,1100,1,2,2,1.0,6.0,75115,M,,,75
201000063933,10,6,13,1800,1,2,2,1.0,6.0,75115,M,,,75
201000063934,10,6,14,1940,1,2,2,1.0,6.0,75115,M,,,75
201000063935,10,6,19,350,5,2,1,1.0,7.0,75115,M,,,75
201000063936,10,6,19,2200,1,2,2,1.0,7.0,75115,M,,,75
201000063937,10,6,20,2340,5,2,2,1.0,2.0,75115,M,,,75
201000063938,10,6,21,2019,2,2,1,1.0,6.0,75115,M,,,75
201000063939,10,6,23,800,1,2,1,1.0,3.0,75115,M,,,75
201000063940,10,6,24,1030,1,2,2,1.0,3.0,75115,M,,,75
201000063941,10,6,24,1835,1,2,2,1.0,2.0,75115,M,,,75
201000063942,10,6,24,2140,2,2,1,1.0,7.0,75115,M,,,75
201000063943,10,6,25,1155,1,2,1,1.0,2.0,75115,M,,,75
201000063944,10,6,28,15,5,2,3,1.0,1.0,75115,M,,,75
201000063945,10,6,28,55,5,2,4,1.0,3.0,75115,M,,,75
201000063946,10,6,28,1200,1,2,2,1.0,2.0,75115,M,,,75
201000063947,10,6,28,1620,1,2,2,1.0,6.0,75115,M,,,75
201000063948,10,6,29,1010,1,2,1,1.0,7.0,75115,M,,,75
201000063949,10,6,29,1200,1,2,1,1.0,6.0,75115,M,,,75
201000063950,10,6,29,1215,1,2,1,1.0,6.0,75115,M,,,75
201000063951,10,6,19,100,5,2,3,1.0,6.0,75115,M,,,75
201000063952,10,7,1,1800,1,2,1,1.0,6.0,75115,M,,,75
201000063953,10,7,2,930,1,2,1,1.0,3.0,75115,M,,,75
201000063954,10,7,2,1800,1,2,1,2.0,7.0,75114,M,,,75
201000063955,10,7,2,2040,1,2,5,1.0,3.0,75115,M,,,75
201000063956,10,7,4,1505,1,2,1,1.0,6.0,75115,M,,,75
201000063957,10,7,4,2040,1,2,5,1.0,3.0,75115,M,,,75
201000063958,10,7,6,1645,1,2,3,1.0,3.0,75115,M,,,75
201000063959,10,7,6,1740,1,2,3,1.0,6.0,75115,M,,,75
201000063960,10,7,6,2015,1,2,2,1.0,3.0,75115,M,,,75
201000063961,10,7,7,810,1,2,2,1.0,3.0,75115,M,,,75
201000063962,10,7,7,845,1,2,2,1.0,7.0,75115,M,,,75
201000063963,10,7,8,1425,1,2,3,1.0,6.0,75115,M,,,75
201000063964,10,7,8,1738,1,2,1,9.0,6.0,75115,M,,,75
201000063965,10,7,10,1436,1,2,5,1.0,6.0,75115,M,,,75
201000063966,10,7,13,1800,1,2,2,1.0,3.0,75115,M,,,75
201000063967,10,7,14,330,5,2,1,1.0,6.0,75115,M,,,75
201000063968,10,7,13,2230,5,2,2,1.0,6.0,75115,M,,,75
201000063969,10,7,18,1205,1,2,2,1.0,3.0,75115,M,,,75
201000063970,10,7,18,2305,5,2,2,1.0,3.0,75115,M,,,75
201000063971,10,7,19,725,1,2,3,1.0,6.0,75115,M,,,75
201000063972,10,7,25,1230,1,2,4,1.0,4.0,75115,M,,,75
201000063973,10,7,26,1340,1,2,1,1.0,3.0,75115,M,,,75
201000063974,10,7,28,925,1,2,2,1.0,3.0,75115,M,,,75
201000063975,10,7,29,1830,1,2,1,1.0,2.0,75115,M,,,75
201000063976,10,8,1,2030,1,2,1,1.0,3.0,75115,M,,,75
201000063977,10,8,2,1205,1,2,2,1.0,3.0,75115,M,,,75
201000063978,10,8,2,1735,1,2,1,2.0,2.0,75115,M,,,75
201000063979,10,8,5,1735,1,2,1,1.0,6.0,75115,M,,,75
201000063980,10,8,9,1215,1,2,2,1.0,6.0,75115,M,,,75
201000063981,10,8,12,1210,1,2,2,1.0,3.0,75115,M,,,75
201000063982,10,8,12,1420,1,2,1,1.0,3.0,75115,M,,,75
201000063983,10,8,15,1835,1,2,1,2.0,6.0,75115,M,,,75
201000063984,10,8,17,1720,1,2,1,1.0,6.0,75115,M,,,75
201000063985,10,8,17,1645,1,2,1,1.0,6.0,75115,M,,,75
201000063986,10,8,23,1830,1,2,3,1.0,6.0,75115,M,,,75
201000063987,10,8,23,1950,1,2,3,1.0,2.0,75115,M,,,75
201000063988,10,8,23,1940,1,2,5,1.0,6.0,75115,M,,,75
201000063989,10,8,18,1900,1,2,3,1.0,3.0,75115,M,,,75
201000063990,10,12,2,1750,2,2,1,4.0,2.0,75115,M,,,75
201000063991,10,8,24,1335,1,2,2,1.0,3.0,75115,M,,,75
201000063992,10,8,24,1710,1,2,5,1.0,3.0,75115,M,,,75
201000063993,10,8,24,2040,2,2,3,1.0,6.0,75115,M,,,75
201000063994,10,8,27,1500,1,2,4,1.0,3.0,75115,M,,,75
201000063995,10,8,28,1950,2,2,1,1.0,7.0,75115,M,,,75
201000063996,10,8,29,5,5,2,3,1.0,2.0,75107,M,,,75
201000063997,10,8,29,1140,1,2,3,1.0,6.0,75115,M,,,75
201000063998,10,8,29,2055,4,2,3,1.0,7.0,75115,M,,,75
201000063999,10,8,31,2210,5,2,1,1.0,7.0,75115,M,,,75
201000064000,10,9,1,1015,1,2,2,1.0,3.0,75115,M,,,75
201000064001,10,9,1,1245,1,2,2,1.0,3.0,75115,M,,,75
201000064002,10,9,3,1,5,2,2,1.0,3.0,75115,M,,,75
201000064003,10,9,3,1030,1,2,1,1.0,6.0,75115,M,,,75
201000064004,10,9,5,340,5,2,1,1.0,7.0,75115,M,,,75
201000064005,10,9,6,2215,5,2,1,2.0,6.0,75115,M,,,75
201000064006,10,9,7,1705,1,2,1,1.0,6.0,75115,M,,,75
201000064007,10,9,8,938,1,2,5,2.0,6.0,75115,M,,,75
201000064008,10,9,9,1100,1,2,2,1.0,3.0,75115,M,,,75
201000064009,10,9,10,2220,5,2,3,1.0,3.0,75115,M,,,75
201000064010,10,9,8,2035,2,2,1,1.0,7.0,75115,M,,,75
201000064011,10,9,15,110,5,2,5,1.0,6.0,75115,M,,,75
201000064012,10,9,15,905,1,2,5,1.0,7.0,75115,M,,,75
201000064013,10,9,15,545,5,2,2,3.0,3.0,75115,M,,,75
201000064014,10,9,16,435,5,2,1,1.0,6.0,75107,M,,,75
201000064015,10,9,16,1030,1,2,1,1.0,6.0,75115,M,,,75
201000064016,10,9,16,2110,5,2,4,1.0,2.0,75115,M,,,75
201000064017,10,9,16,1155,1,2,1,1.0,6.0,75115,M,,,75
201000064018,10,9,17,1125,1,2,7,1.0,2.0,75115,M,,,75
201000064019,10,9,17,1450,1,2,1,1.0,6.0,75115,M,,,75
201000064020,10,9,17,1800,1,2,2,2.0,3.0,75115,M,,,75
201000064021,10,9,17,2030,5,2,1,1.0,3.0,75115,M,,,75
201000064022,10,9,17,2100,5,2,2,1.0,6.0,75107,M,,,75
201000064023,10,9,20,730,1,2,2,1.0,6.0,75115,M,,,75
201000064024,10,9,20,2020,5,2,1,1.0,6.0,75115,M,,,75
201000064025,10,9,22,1155,1,2,5,1.0,3.0,75115,M,,,75
201000064026,10,9,23,2245,5,2,2,2.0,1.0,75115,M,,,75
201000064027,10,9,24,910,1,2,1,8.0,3.0,75115,M,,,75
201000064028,10,9,28,1835,1,2,7,1.0,6.0,75115,M,,,75
201000064029,10,9,30,1515,1,2,2,1.0,2.0,75115,M,,,75
201000064030,10,10,1,1020,1,2,1,1.0,6.0,75115,M,,,75
201000064031,10,10,1,1715,1,2,1,2.0,2.0,75115,M,,,75
201000064032,10,10,1,1815,2,2,1,2.0,2.0,75115,M,,,75
201000064033,10,10,1,2105,5,2,3,3.0,6.0,75115,M,,,75
201000064034,10,10,5,715,2,2,1,1.0,6.0,75115,M,,,75
201000064035,10,10,5,755,1,2,2,2.0,6.0,75115,M,,,75
201000064036,10,10,5,1950,5,2,1,2.0,2.0,75115,M,,,75
201000064037,10,10,7,1535,1,2,1,1.0,3.0,75115,M,,,75
201000064038,10,10,8,1727,1,2,3,1.0,6.0,75115,M,,,75
201000064039,10,10,8,1848,5,2,1,1.0,6.0,75115,M,,,75
201000064040,10,10,9,1350,1,2,1,1.0,4.0,75115,M,,,75
201000064041,10,10,10,1000,1,2,1,1.0,3.0,75115,M,,,75
201000064042,10,10,10,1735,1,2,5,1.0,6.0,75106,M,,,75
201000064043,10,10,10,2225,5,2,5,1.0,6.0,75115,M,,,75
201000064044,10,10,11,1410,1,2,2,1.0,3.0,75115,M,,,75
201000064045,10,10,12,940,1,2,2,1.0,2.0,75115,M,,,75
201000064046,10,10,12,1200,1,2,2,1.0,3.0,75115,M,,,75
201000064047,10,10,13,1335,1,2,1,1.0,3.0,75115,M,,,75
201000064048,10,10,13,1720,1,2,2,1.0,7.0,75115,M,,,75
201000064049,10,10,14,1230,1,2,1,1.0,4.0,75115,M,,,75
201000064050,10,10,15,705,5,2,1,1.0,2.0,75115,M,,,75
201000064051,10,10,15,1955,5,2,1,2.0,3.0,75115,M,,,75
201000064052,10,10,16,1125,1,2,1,1.0,7.0,75115,M,,,75
201000064053,10,10,16,225,5,2,2,2.0,7.0,75115,M,,,75
201000064054,10,10,17,645,2,2,2,1.0,6.0,75115,M,,,75
201000064055,10,10,18,1010,1,2,3,1.0,3.0,75115,M,,,75
201000064056,10,10,19,1850,2,2,3,2.0,6.0,75115,M,,,75
201000064057,10,10,20,2100,5,2,3,1.0,3.0,75115,M,,,75
201000064058,10,10,21,2350,5,2,2,1.0,3.0,75115,M,,,75
201000064059,10,10,22,1615,1,2,2,1.0,6.0,75115,M,,,75
201000064060,10,10,25,715,2,2,3,1.0,3.0,75115,M,,,75
201000064061,10,10,27,2038,5,2,3,1.0,6.0,75115,M,,,75
201000064062,10,10,29,655,5,2,1,1.0,7.0,75115,M,,,75
201000064063,10,10,29,2000,5,2,1,1.0,2.0,75115,M,,,75
201000064064,10,10,30,1410,1,2,2,1.0,3.0,75115,M,,,75
201000064065,10,10,30,1630,1,2,3,1.0,2.0,75115,M,,,75
201000064066,10,10,30,1930,5,2,3,1.0,2.0,75115,M,,,75
201000064067,10,10,31,205,5,2,2,1.0,3.0,75115,M,,,75
201000064068,10,10,31,600,2,2,5,2.0,7.0,75115,M,,,75
201000064069,10,10,31,1715,5,2,1,1.0,6.0,75115,M,,,75
201000064070,10,10,31,1935,5,2,2,1.0,1.0,75115,M,,,75
201000064071,10,11,2,1100,1,2,3,1.0,6.0,75115,M,,,75
201000064072,10,11,4,1455,1,2,5,1.0,6.0,75115,M,,,75
201000064073,10,11,5,1845,5,2,2,1.0,6.0,75115,M,,,75
201000064074,10,11,5,1915,5,2,2,1.0,3.0,75115,M,,,75
201000064075,10,11,6,1045,1,2,1,2.0,2.0,75115,M,,,75
201000064076,10,11,8,1000,1,2,1,2.0,7.0,75115,M,,,75
201000064077,10,11,8,1345,1,2,3,3.0,3.0,75115,M,,,75
201000064078,10,11,8,1535,1,2,4,2.0,6.0,75115,M,,,75
201000064079,10,11,8,1615,1,2,2,2.0,6.0,75115,M,,,75
201000064080,10,11,9,1750,5,2,1,2.0,6.0,75115,M,,,75
201000064081,10,11,9,2100,5,2,5,2.0,3.0,75115,M,,,75
201000064082,10,11,10,1315,1,2,1,2.0,6.0,75115,M,,,75
201000064083,10,11,10,1450,1,2,1,2.0,1.0,75115,M,,,75
201000064084,10,11,13,1310,1,2,1,2.0,6.0,75115,M,,,75
201000064085,10,11,14,320,5,2,2,2.0,7.0,75115,M,,,75
201000064086,10,11,15,2200,4,2,1,1.0,2.0,75115,M,,,75
201000064087,10,11,16,835,1,2,1,1.0,6.0,75115,M,,,75
201000064088,10,11,16,803,1,2,3,9.0,7.0,75115,M,,,75
201000064089,10,11,17,1800,5,2,1,1.0,6.0,75115,M,,,75
201000064090,10,11,17,2145,5,2,3,2.0,3.0,75115,M,,,75
201000064091,10,11,18,1020,1,2,1,1.0,3.0,75115,M,,,75
201000064092,10,11,18,1620,1,2,2,1.0,6.0,75115,M,,,75
201000064093,10,11,18,1545,1,2,1,8.0,3.0,75115,M,,,75
201000064094,10,11,19,2100,5,2,1,1.0,6.0,75115,M,,,75
201000064095,10,11,21,1545,1,2,3,2.0,3.0,75115,M,,,75
201000064096,10,11,22,935,1,2,2,8.0,6.0,75115,M,,,75
201000064097,10,11,22,1025,1,2,2,1.0,3.0,75115,M,,,75
201000064098,10,11,22,1755,5,2,2,1.0,5.0,75115,M,,,75
201000064099,10,11,22,1920,5,2,2,1.0,3.0,75115,M,,,75