Num_Acc,an,mois,jour,hrmn,lum,agg,int,atm,col,com,gps,lat,long,dep
201000064100,10,11,23,16,5,2,3,1.0,3.0,75115,M,,,75
201000064101,10,11,23,1200,1,2,1,1.0,6.0,75115,M,,,75
201000064102,10,11,24,1030,1,2,1,1.0,6.0,75115,M,,,75
201000064103,10,11,24,2030,5,2,1,1.0,3.0,75115,M,,,75
201000064104,10,11,24,2130,5,2,3,1.0,1.0,75115,M,,,75
201000064105,10,11,25,45,5,2,1,2.0,6.0,75115,M,,,75
201000064106,10,11,25,745,2,2,3,2.0,6.0,75115,M,,,75
201000064107,10,11,25,1859,4,2,1,2.0,7.0,75115,M,,,75
201000064108,10,11,26,1210,1,2,1,1.0,6.0,75115,M,,,75
201000064109,10,11,28,2235,5,2,2,1.0,6.0,75115,M,,,75
201000064110,10,11,29,1445,1,2,2,1.0,6.0,75115,M,,,75
201000064111,10,11,30,1840,5,2,1,1.0,6.0,75115,M,,,75
201000064112,10,12,1,1540,1,2,2,4.0,6.0,75115,M,,,75
201000064113,10,12,8,950,1,2,5,2.0,6.0,75115,M,,,75
201000064114,10,12,12,1545,1,2,1,7.0,6.0,75115,M,,,75
201000064115,10,12,12,2010,5,2,1,1.0,6.0,75115,M,,,75
201000064116,10,12,13,1850,5,2,3,1.0,6.0,75115,M,,,75
201000064117,10,12,14,2000,2,2,2,1.0,3.0,75115,M,,,75
201000064118,10,12,14,520,5,2,1,2.0,7.0,75115,M,,,75
201000064119,10,12,16,1045,1,2,1,1.0,6.0,75115,M,,,75
201000064120,10,12,18,1315,2,2,2,1.0,6.0,75115,M,,,75
201000064121,10,12,19,1547,1,2,1,8.0,6.0,75115,M,,,75
201000064122,10,12,20,1045,1,2,2,4.0,6.0,75115,M,,,75
201000064123,10,12,21,1108,1,2,2,8.0,6.0,75115,M,,,75
201000064124,10,12,22,2100,5,2,2,3.0,6.0,75115,M,,,75
201000064125,10,12,22,2220,5,2,5,2.0,6.0,75115,M,,,75
201000064126,10,12,23,1010,1,2,1,4.0,6.0,75115,M,,,75
201000064127,10,12,28,1,5,2,1,1.0,2.0,75115,M,,,75
201000064128,10,12,30,915,1,2,1,1.0,7.0,75115,M,,,75
201000064129,10,12,30,2010,5,2,1,1.0,4.0,75115,M,,,75
201000064130,10,12,31,1940,4,2,1,1.0,2.0,75115,M,,,75
201000064131,10,5,6,2320,5,2,3,1.0,3.0,75115,M,,,75
201000064132,10,9,11,510,5,2,5,1.0,3.0,75115,M,,,75
201000064133,10,1,1,150,5,2,2,1.0,3.0,75116,M,,,75
201000064134,10,1,2,10,5,2,1,1.0,6.0,75116,M,,,75
201000064135,10,1,2,1050,1,2,1,1.0,7.0,75116,M,,,75
201000064136,10,1,2,1815,3,2,5,1.0,6.0,75116,M,,,75
201000064137,10,1,2,1830,5,2,1,8.0,3.0,75116,M,,,75
201000064138,10,1,4,2045,5,2,5,1.0,2.0,75116,M,,,75
201000064139,10,1,5,800,2,2,1,1.0,3.0,75116,M,,,75
201000064140,10,1,6,630,5,2,2,1.0,3.0,75116,M,,,75
201000064141,10,1,10,350,5,2,4,2.0,7.0,75116,M,,,75
201000064142,10,1,13,730,5,2,1,4.0,7.0,75116,M,,,75
201000064143,10,1,13,1715,5,2,3,8.0,3.0,75116,M,,,75
201000064144,10,1,13,2225,5,2,2,1.0,3.0,75116,M,,,75
201000064145,10,1,14,1,5,2,3,2.0,3.0,75116,M,,,75
201000064146,10,1,14,830,1,1,1,1.0,6.0,75116,M,,,75
201000064147,10,1,14,1120,1,2,1,1.0,2.0,75116,M,,,75
201000064148,10,1,15,1640,1,2,5,1.0,6.0,75116,M,,,75
201000064149,10,1,15,2325,5,2,2,1.0,6.0,75116,M,,,75
201000064150,10,1,17,2140,5,2,2,1.0,3.0,75116,M,,,75
201000064151,10,1,18,1945,5,2,5,8.0,3.0,75116,M,,,75
201000064152,10,1,19,1850,5,2,1,1.0,6.0,75116,M,,,75
201000064153,10,1,20,910,1,2,5,3.0,6.0,75116,M,,,75
201000064154,10,1,20,1015,1,2,3,3.0,6.0,75116,M,,,75
201000064155,10,1,20,2130,5,1,1,2.0,3.0,75116,M,,,75
201000064156,10,1,21,1650,1,2,2,1.0,3.0,75116,M,,,75
201000064157,10,1,22,928,1,2,1,1.0,2.0,75116,M,,,75
201000064158,10,1,22,1135,1,2,1,1.0,2.0,75116,M,,,75
201000064159,10,1,22,1710,5,2,1,1.0,6.0,75116,M,,,75
201000064160,10,1,23,1945,5,2,2,1.0,2.0,75116,M,,,75
201000064161,10,1,24,1810,5,2,2,2.0,6.0,75116,M,,,75
201000064162,10,1,26,115,5,2,1,1.0,6.0,75116,M,,,75
201000064163,10,1,26,1835,5,2,2,1.0,3.0,75116,M,,,75
201000064164,10,1,27,1005,1,2,1,1.0,6.0,75116,M,,,75
201000064165,10,1,27,900,1,2,1,1.0,5.0,75116,M,,,75
201000064166,10,1,27,1515,1,2,5,1.0,3.0,75116,M,,,75
201000064167,10,1,27,1947,2,2,1,1.0,6.0,75116,M,,,75
201000064168,10,1,28,820,1,2,1,1.0,7.0,75116,M,,,75
201000064169,10,1,29,1320,1,2,5,2.0,6.0,75116,M,,,75
201000064170,10,1,29,1945,5,2,1,2.0,6.0,75116,M,,,75
201000064171,10,2,2,125,5,2,1,1.0,6.0,75116,M,,,75
201000064172,10,2,3,1940,3,2,1,1.0,6.0,75116,M,,,75
201000064173,10,2,5,940,1,2,1,1.0,3.0,75116,M,,,75
201000064174,10,2,5,1315,1,2,5,1.0,3.0,75116,M,,,75
201000064175,10,2,5,1345,1,2,1,1.0,6.0,75116,M,,,75
201000064176,10,2,6,2135,5,2,2,8.0,3.0,75116,M,,,75
201000064177,10,2,8,830,1,2,1,1.0,6.0,75116,M,,,75
201000064178,10,2,8,1030,1,2,3,2.0,6.0,75116,M,,,75
201000064179,10,2,10,110,5,2,1,1.0,3.0,75116,M,,,75
201000064180,10,2,10,1155,1,2,5,1.0,6.0,75116,M,,,75
201000064181,10,2,11,1955,5,2,1,1.0,3.0,75116,M,,,75
201000064182,10,2,11,1937,5,2,3,1.0,3.0,75116,M,,,75
201000064183,10,2,15,1430,1,2,1,1.0,7.0,75116,M,,,75
201000064184,10,2,16,1010,1,2,1,1.0,5.0,75116,M,,,75
201000064185,10,2,16,1320,1,2,1,1.0,6.0,75116,M,,,75
201000064186,10,2,16,2240,5,2,1,1.0,3.0,75116,M,,,75
201000064187,10,2,17,835,1,2,5,8.0,6.0,75116,M,,,75
201000064188,10,2,17,1400,1,2,5,2.0,6.0,75116,M,,,75
201000064189,10,2,17,1915,5,2,1,1.0,7.0,75116,M,,,75
201000064190,10,2,18,445,5,2,3,1.0,6.0,75116,M,,,75
201000064191,10,2,18,855,1,2,1,1.0,6.0,75116,M,,,75
201000064192,10,2,18,1520,1,2,2,1.0,6.0,75116,M,,,75
201000064193,10,2,18,1850,5,2,5,1.0,7.0,75116,M,,,75
201000064194,10,2,19,1800,2,2,5,1.0,3.0,75116,M,,,75
201000064195,10,2,20,1150,1,2,5,1.0,4.0,75116,M,,,75
201000064196,10,2,22,1330,1,2,1,1.0,6.0,75116,M,,,75
201000064197,10,2,22,1700,1,2,1,1.0,6.0,75116,M,,,75
201000064198,10,2,23,1910,5,2,1,2.0,7.0,75116,M,,,75
201000064199,10,2,24,2030,3,2,1,2.0,6.0,75116,M,,,75
201000064200,10,2,27,1140,1,2,1,1.0,6.0,75116,M,,,75
201000064201,10,2,27,1445,1,2,1,1.0,3.0,75116,M,,,75
201000064202,10,2,27,1420,1,2,1,1.0,4.0,75116,M,,,75
201000064203,10,2,28,524,5,2,1,1.0,6.0,75116,M,,,75
201000064204,10,3,1,100,5,2,2,1.0,3.0,75116,M,,,75
201000064205,10,3,1,1630,1,2,5,1.0,3.0,75116,M,,,75
201000064206,10,3,2,605,5,2,1,8.0,6.0,75116,M,,,75
201000064207,10,3,2,1205,1,2,4,1.0,2.0,75116,M,,,75
201000064208,10,3,3,645,2,2,5,1.0,3.0,75116,M,,,75
201000064209,10,3,3,845,1,2,1,1.0,7.0,75116,M,,,75
201000064210,10,3,3,1315,1,2,1,1.0,3.0,75116,M,,,75
201000064211,10,3,4,2345,5,2,1,1.0,2.0,75116,M,,,75
201000064212,10,3,5,800,1,2,1,1.0,2.0,75116,M,,,75
201000064213,10,3,5,1635,1,2,5,1.0,3.0,75116,M,,,75
201000064214,10,3,7,345,5,2,1,1.0,6.0,75116,M,,,75
201000064215,10,3,8,1540,1,2,5,1.0,6.0,75116,M,,,75
201000064216,10,3,9,820,1,2,5,1.0,3.0,75116,M,,,75
201000064217,10,3,9,925,1,2,5,1.0,5.0,75116,M,,,75
201000064218,10,3,10,15,5,2,4,1.0,3.0,75116,M,,,75
201000064219,10,3,10,810,1,2,1,1.0,6.0,75116,M,,,75
201000064220,10,3,12,340,5,2,1,1.0,6.0,75116,M,,,75
201000064221,10,3,12,1000,1,2,1,1.0,3.0,75116,M,,,75
201000064222,10,3,13,1120,1,2,1,1.0,2.0,75116,M,,,75
201000064223,10,3,13,1740,1,2,1,1.0,3.0,75116,M,,,75
201000064224,10,3,13,2050,5,2,1,1.0,3.0,75116,M,,,75
201000064225,10,3,15,950,1,2,1,1.0,2.0,75116,M,,,75
201000064226,10,3,17,810,1,2,4,1.0,3.0,75116,M,,,75
201000064227,10,3,17,930,1,2,1,1.0,3.0,75116,M,,,75
201000064228,10,3,18,440,5,2,5,1.0,6.0,75116,M,,,75
201000064229,10,3,18,1300,1,2,1,1.0,3.0,75116,M,,,75
201000064230,10,3,19,1545,1,2,2,1.0,2.0,75116,M,,,75
201000064231,10,3,19,1811,1,2,1,1.0,6.0,75116,M,,,75
201000064232,10,3,19,2044,5,2,1,3.0,6.0,75116,M,,,75
201000064233,10,3,20,100,5,2,1,2.0,3.0,75116,M,,,75
201000064234,10,3,20,1050,1,2,1,1.0,6.0,75116,M,,,75
201000064235,10,3,20,2030,5,2,4,2.0,3.0,75116,M,,,75
201000064236,10,3,22,2035,5,2,2,1.0,3.0,75116,M,,,75
201000064237,10,3,23,930,1,2,1,1.0,3.0,75116,M,,,75
201000064238,10,3,24,1208,1,2,3,1.0,2.0,75116,M,,,75
201000064239,10,3,25,310,5,2,1,1.0,6.0,75116,M,,,75
201000064240,10,3,25,1810,1,2,1,1.0,6.0,75116,M,,,75
201000064241,10,3,25,1815,1,2,1,2.0,2.0,75116,M,,,75
201000064242,10,3,27,1145,1,2,1,1.0,6.0,75116,M,,,75
201000064243,10,3,27,1035,1,2,1,2.0,3.0,75116,M,,,75
201000064244,10,3,29,1050,1,2,1,1.0,3.0,75116,M,,,75
201000064245,10,3,31,1550,1,2,4,2.0,3.0,75116,M,,,75
201000064246,10,4,1,1049,1,2,1,1.0,6.0,75116,M,,,75
201000064247,10,4,1,1310,1,2,5,1.0,2.0,75116,M,,,75
201000064248,10,4,2,1245,1,2,2,1.0,6.0,75116,M,,,75
201000064249,10,4,3,1030,1,2,1,2.0,6.0,75116,M,,,75
201000064250,10,4,3,1545,1,2,5,8.0,3.0,75116,M,,,75
201000064251,10,4,3,1640,1,2,5,1.0,6.0,75116,M,,,75
201000064252,10,4,4,820,2,2,5,2.0,3.0,75116,M,,,75
201000064253,10,4,5,335,5,2,1,1.0,6.0,75116,M,,,75
201000064254,10,4,5,1715,1,2,5,1.0,3.0,75116,M,,,75
201000064255,10,4,5,1855,1,2,5,1.0,3.0,75116,M,,,75
201000064256,10,4,6,1735,1,2,2,1.0,6.0,75116,M,,,75
201000064257,10,4,6,1930,2,2,1,1.0,4.0,75116,M,,,75
201000064258,10,4,7,1430,1,2,2,1.0,3.0,75116,M,,,75
201000064259,10,4,7,1905,1,2,5,1.0,7.0,75116,M,,,75
201000064260,10,4,7,2030,3,2,1,8.0,6.0,75116,M,,,75
201000064261,10,4,9,1940,1,2,5,1.0,3.0,75116,M,,,75
201000064262,10,4,9,2000,2,2,1,1.0,6.0,75116,M,,,75
201000064263,10,4,10,1045,1,2,3,1.0,6.0,75116,M,,,75
201000064264,10,4,11,1730,1,2,1,1.0,6.0,75116,M,,,75
201000064265,10,4,12,905,1,2,1,1.0,3.0,75116,M,,,75
201000064266,10,4,12,1610,1,2,4,1.0,3.0,75116,M,,,75
201000064267,10,4,13,50,5,2,5,1.0,6.0,75116,M,,,75
201000064268,10,4,13,1900,1,2,1,1.0,3.0,75116,M,,,75
201000064269,10,4,14,105,5,2,1,2.0,6.0,75116,M,,,75
201000064270,10,4,15,1235,1,2,5,1.0,3.0,75116,M,,,75
201000064271,10,4,15,1150,1,2,1,1.0,6.0,75116,M,,,75
201000064272,10,4,15,1425,1,2,4,1.0,6.0,75116,M,,,75
201000064273,10,4,15,2030,5,2,1,2.0,2.0,75116,M,,,75
201000064274,10,4,16,1040,1,2,1,1.0,3.0,75116,M,,,75
201000064275,10,4,16,1500,1,2,5,1.0,3.0,75116,M,,,75
201000064276,10,4,16,1545,1,2,1,1.0,7.0,75116,M,,,75
201000064277,10,4,16,1840,1,2,5,1.0,6.0,75116,M,,,75
201000064278,10,4,17,1425,1,2,5,1.0,3.0,75116,M,,,75
201000064279,10,4,18,1310,1,2,1,1.0,6.0,75116,M,,,75
201000064280,10,4,19,1200,1,2,2,1.0,3.0,75116,M,,,75
201000064281,10,4,19,1722,1,2,1,1.0,3.0,75116,M,,,75
201000064282,10,4,19,1730,1,2,1,1.0,3.0,75116,M,,,75
201000064283,10,4,20,2155,5,2,1,1.0,6.0,75116,M,,,75
201000064284,10,4,21,640,1,2,3,1.0,1.0,75116,M,,,75
201000064285,10,4,22,1540,1,2,5,1.0,5.0,75116,M,,,75
201000064286,10,4,23,1340,1,2,3,1.0,2.0,75116,M,,,75
201000064287,10,4,23,1650,1,2,5,1.0,3.0,75116,M,,,75
201000064288,10,4,23,1720,1,2,1,1.0,2.0,75116,M,,,75
201000064289,10,4,25,1220,1,2,1,1.0,2.0,75116,M,,,75
201000064290,10,4,25,1850,1,2,5,1.0,7.0,75116,M,,,75
201000064291,10,4,25,1810,1,2,1,1.0,4.0,75116,M,,,75
201000064292,10,4,26,750,1,1,5,1.0,6.0,75116,M,,,75
201000064293,10,4,26,1230,1,2,2,1.0,3.0,75116,M,,,75
201000064294,10,4,27,1430,1,2,5,1.0,3.0,75116,M,,,75
201000064295,10,4,27,1448,1,2,2,1.0,2.0,75116,M,,,75
201000064296,10,4,28,1730,1,2,1,1.0,6.0,75116,M,,,75
201000064297,10,4,29,1130,1,2,3,1.0,6.0,75116,M,,,75
201000064298,10,4,29,1600,1,2,1,1.0,6.0,75116,M,,,75
201000064299,10,4,30,735,1,2,1,1.0,6.0,75116,M,,,75
201000064300,10,4,30,1930,1,2,2,1.0,6.0,75116,M,,,75
201000064301,10,4,30,1225,1,2,1,1.0,3.0,75116,M,,,75
201000064302,10,5,2,1300,1,2,1,1.0,6.0,75116,M,,,75
201000064303,10,5,3,1315,1,2,2,1.0,7.0,75108,M,,,75
201000064304,10,5,3,2325,5,2,5,1.0,6.0,75116,M,,,75
201000064305,10,5,4,915,1,2,1,1.0,3.0,75116,M,,,75
201000064306,10,5,4,1020,1,2,1,1.0,7.0,75116,M,,,75
201000064307,10,5,4,1720,1,2,2,1.0,3.0,75116,M,,,75
201000064308,10,5,4,2310,5,2,1,1.0,7.0,75116,M,,,75
201000064309,10,5,4,2240,5,2,5,1.0,2.0,75116,M,,,75
201000064310,10,5,5,1730,1,2,1,1.0,3.0,75116,M,,,75
201000064311,10,5,6,705,1,2,5,1.0,6.0,75116,M,,,75
201000064312,10,5,6,2110,2,2,1,1.0,6.0,75116,M,,,75
201000064313,10,5,9,1315,1,2,4,1.0,2.0,75116,M,,,75
201000064314,10,5,9,1450,1,2,1,1.0,6.0,75116,M,,,75
201000064315,10,5,11,1110,1,2,2,8.0,7.0,75116,M,,,75
201000064316,10,5,11,1435,1,2,2,2.0,3.0,75116,M,,,75
201000064317,10,5,12,1420,1,1,1,1.0,3.0,75116,M,,,75
201000064318,10,5,12,2150,5,2,2,1.0,3.0,75116,M,,,75
201000064319,10,5,13,33,5,2,1,1.0,6.0,75116,M,,,75
201000064320,10,5,12,2355,5,2,5,1.0,6.0,75116,M,,,75
201000064321,10,5,13,815,1,2,4,1.0,6.0,75116,M,,,75
201000064322,10,5,14,1910,1,2,3,2.0,6.0,75116,M,,,75
201000064323,10,5,14,1955,1,2,2,1.0,6.0,75116,M,,,75
201000064324,10,5,14,1645,1,2,4,1.0,6.0,75116,M,,,75
201000064325,10,5,14,1945,1,2,4,2.0,6.0,75116,M,,,75
201000064326,10,5,14,1825,1,2,1,2.0,7.0,75116,M,,,75
201000064327,10,5,16,407,5,2,1,1.0,3.0,75116,M,,,75
201000064328,10,5,16,610,2,2,5,1.0,3.0,75116,M,,,75
201000064329,10,5,16,525,2,2,1,1.0,6.0,75116,M,,,75
201000064330,10,5,17,1000,1,2,5,1.0,7.0,75116,M,,,75
201000064331,10,5,18,830,1,1,1,1.0,3.0,75116,M,,,75
201000064332,10,5,18,1435,1,2,1,1.0,3.0,75116,M,,,75
201000064333,10,5,19,255,5,2,1,1.0,6.0,75116,M,,,75
201000064334,10,5,19,820,1,2,1,1.0,6.0,75116,M,,,75
201000064335,10,5,19,1215,1,2,1,1.0,3.0,75116,M,,,75
201000064336,10,5,19,1400,1,2,1,1.0,2.0,75116,M,,,75
201000064337,10,5,19,1420,1,2,2,1.0,3.0,75116,M,,,75
201000064338,10,5,19,1522,1,2,5,1.0,3.0,75116,M,,,75
201000064339,10,5,19,2145,5,2,1,1.0,3.0,75116,M,,,75
201000064340,10,5,20,1150,1,2,5,1.0,6.0,75116,M,,,75
201000064341,10,5,20,1715,1,2,1,1.0,6.0,75116,M,,,75
201000064342,10,5,23,1,5,2,1,1.0,6.0,75116,M,,,75
201000064343,10,5,23,1145,1,1,1,1.0,3.0,75116,M,,,75
201000064344,10,5,23,1845,1,1,4,1.0,3.0,75116,M,,,75
201000064345,10,5,23,1920,1,2,1,1.0,2.0,75116,M,,,75
201000064346,10,5,23,2225,5,2,1,1.0,3.0,75116,M,,,75
201000064347,10,5,23,2320,5,2,5,1.0,3.0,75116,M,,,75
201000064348,10,5,24,1710,1,2,1,1.0,6.0,75116,M,,,75
201000064349,10,5,25,250,5,2,1,1.0,6.0,75116,M,,,75
201000064350,10,5,25,1040,1,2,1,1.0,2.0,75116,M,,,75
201000064351,10,5,25,2225,5,2,1,9.0,7.0,75116,M,,,75
201000064352,10,5,26,1610,1,2,4,1.0,1.0,75116,M,,,75
201000064353,10,5,27,1600,1,1,1,1.0,3.0,75116,M,,,75
201000064354,10,5,27,2200,5,2,1,2.0,3.0,75116,M,,,75
201000064355,10,5,27,2245,5,2,1,2.0,6.0,75116,M,,,75
201000064356,10,5,28,424,5,2,1,2.0,7.0,75116,M,,,75
201000064357,10,5,28,755,1,2,2,1.0,7.0,75116,M,,,75
201000064358,10,5,29,1430,1,2,5,8.0,3.0,75116,M,,,75
201000064359,10,5,30,1730,1,2,5,1.0,3.0,75116,M,,,75
201000064360,10,6,1,1810,1,2,1,2.0,7.0,75116,M,,,75
201000064361,10,6,1,1940,1,2,5,2.0,3.0,75116,M,,,75
201000064362,10,6,2,35,5,2,2,2.0,7.0,75116,M,,,75
201000064363,10,6,2,715,1,2,5,1.0,1.0,75116,M,,,75
201000064364,10,6,2,1430,1,2,1,1.0,6.0,75116,M,,,75
201000064365,10,6,2,1430,1,2,5,1.0,3.0,75116,M,,,75
201000064366,10,6,2,1545,1,2,5,1.0,6.0,75116,M,,,75
201000064367,10,6,2,2000,1,2,2,1.0,6.0,75116,M,,,75
201000064368,10,6,3,800,1,2,3,1.0,6.0,75116,M,,,75
201000064369,10,6,3,1830,1,2,5,1.0,3.0,75116,M,,,75
201000064370,10,6,3,1850,1,2,1,1.0,3.0,75116,M,,,75
201000064371,10,6,3,2220,5,2,1,1.0,3.0,75116,M,,,75
201000064372,10,6,4,1240,1,2,5,1.0,6.0,75116,M,,,75
201000064373,10,6,4,1640,1,2,5,1.0,3.0,75116,M,,,75
201000064374,10,6,4,1750,1,2,3,1.0,6.0,75116,M,,,75
201000064375,10,6,5,830,1,2,5,1.0,6.0,75108,M,,,75
201000064376,10,6,5,1000,1,2,3,1.0,6.0,75116,M,,,75
201000064377,10,6,5,1530,1,2,2,1.0,3.0,75116,M,,,75
201000064378,10,6,5,2020,1,2,1,1.0,3.0,75116,M,,,75
201000064379,10,6,5,2150,3,2,1,1.0,3.0,75116,M,,,75
201000064380,10,6,6,140,5,2,2,1.0,3.0,75116,M,,,75
201000064381,10,6,6,1626,1,2,2,1.0,6.0,75116,M,,,75
201000064382,10,6,7,840,1,2,2,1.0,6.0,75116,M,,,75
201000064383,10,6,7,1530,1,2,2,1.0,3.0,75116,M,,,75
201000064384,10,6,7,1800,1,2,2,1.0,2.0,75116,M,,,75
201000064385,10,6,8,740,1,2,3,1.0,3.0,75116,M,,,75
201000064386,10,6,8,1030,1,2,3,1.0,2.0,75116,M,,,75
201000064387,10,6,8,1250,1,2,5,1.0,3.0,75116,M,,,75
201000064388,10,6,8,1700,1,2,2,1.0,6.0,75116,M,,,75
201000064389,10,6,9,1500,1,2,3,2.0,4.0,75116,M,,,75
201000064390,10,6,9,1915,1,2,6,2.0,2.0,75116,M,,,75
201000064391,10,6,9,1855,1,2,1,2.0,3.0,75116,M,,,75
201000064392,10,6,10,750,1,2,1,2.0,4.0,75116,M,,,75
201000064393,10,6,10,1030,1,2,2,2.0,3.0,75116,M,,,75
201000064394,10,6,13,1720,1,2,2,1.0,1.0,75116,M,,,75
201000064395,10,6,14,907,1,2,2,1.0,6.0,75116,M,,,75
201000064396,10,6,15,1250,1,2,2,1.0,3.0,75116,M,,,75
201000064397,10,6,17,1350,1,2,2,1.0,5.0,75108,M,,,75
201000064398,10,6,17,1340,1,2,2,1.0,6.0,75116,M,,,75
201000064399,10,6,18,1723,1,2,2,1.0,6.0,75116,M,,,75
201000064400,10,6,18,1800,1,2,2,1.0,2.0,75116,M,,,75
201000064401,10,6,18,1715,1,2,1,1.0,2.0,75116,M,,,75
201000064402,10,6,18,2000,1,2,2,1.0,3.0,75116,M,,,75
201000064403,10,6,18,2310,5,2,2,1.0,6.0,75116,M,,,75
201000064404,10,6,19,2315,5,2,1,1.0,6.0,75116,M,,,75
201000064405,10,6,21,1630,1,2,1,1.0,7.0,75116,M,,,75
201000064406,10,6,21,1950,1,2,4,1.0,3.0,75116,M,,,75
201000064407,10,6,21,2300,5,2,1,1.0,3.0,75116,M,,,75
201000064408,10,6,22,200,5,2,2,1.0,7.0,75116,M,,,75
201000064409,10,6,22,825,1,2,2,1.0,3.0,75116,M,,,75
201000064410,10,6,23,950,1,2,2,1.0,3.0,75116,M,,,75
201000064411,10,6,23,950,1,2,1,1.0,3.0,75116,M,,,75
201000064412,10,6,24,800,1,2,1,1.0,3.0,75116,M,,,75
201000064413,10,6,24,910,1,2,1,1.0,7.0,75116,M,,,75
201000064414,10,6,24,1425,1,2,2,1.0,3.0,75116,M,,,75
201000064415,10,6,24,2250,5,2,2,1.0,1.0,75116,M,,,75
201000064416,10,6,25,130,5,2,1,1.0,3.0,75116,M,,,75
201000064417,10,6,25,1115,1,2,1,1.0,7.0,75116,M,,,75
201000064418,10,6,26,2210,5,2,2,1.0,1.0,75116,M,,,75
201000064419,10,6,27,1835,1,2,1,1.0,3.0,75116,M,,,75
201000064420,10,6,28,1645,1,2,2,2.0,3.0,75116,M,,,75
201000064421,10,6,28,2040,1,2,2,1.0,3.0,75116,M,,,75
201000064422,10,6,29,940,1,2,1,1.0,6.0,75116,M,,,75
201000064423,10,6,29,1125,1,2,2,1.0,6.0,75116,M,,,75
201000064424,10,6,29,1545,1,2,7,1.0,3.0,75116,M,,,75
201000064425,10,6,29,2045,1,2,3,1.0,1.0,75116,M,,,75
201000064426,10,6,29,2103,1,2,2,1.0,6.0,75116,M,,,75
201000064427,10,6,30,1650,1,2,2,1.0,6.0,75116,M,,,75
201000064428,10,6,30,2024,1,2,1,1.0,3.0,75116,M,,,75
201000064429,10,7,1,1115,1,2,1,1.0,3.0,75116,M,,,75
201000064430,10,7,1,1230,1,2,1,1.0,3.0,75116,M,,,75
201000064431,10,7,2,2330,5,2,3,1.0,3.0,75116,M,,,75
201000064432,10,7,4,300,5,2,1,1.0,2.0,75116,M,,,75
201000064433,10,7,5,910,1,2,1,1.0,3.0,75116,M,,,75
201000064434,10,7,5,1840,1,2,1,1.0,3.0,75116,M,,,75
201000064435,10,7,7,430,5,2,5,1.0,6.0,75116,M,,,75
201000064436,10,7,7,750,1,2,2,1.0,3.0,75116,M,,,75
201000064437,10,7,7,915,1,2,1,1.0,3.0,75116,M,,,75
201000064438,10,7,7,1000,1,2,5,1.0,3.0,75116,M,,,75
201000064439,10,7,7,1145,1,2,5,1.0,2.0,75116,M,,,75
201000064440,10,7,7,1340,1,2,1,1.0,3.0,75116,M,,,75
201000064441,10,7,8,1100,1,2,5,1.0,7.0,75116,M,,,75
201000064442,10,7,8,2045,1,2,5,1.0,3.0,75116,M,,,75
201000064443,10,7,9,905,1,2,1,1.0,3.0,75116,M,,,75
201000064444,10,7,9,1630,1,2,1,1.0,2.0,75116,M,,,75
201000064445,10,7,10,1910,1,2,1,1.0,2.0,75116,M,,,75
201000064446,10,7,10,2130,2,2,2,1.0,3.0,75116,M,,,75
201000064447,10,7,10,2235,5,2,4,1.0,6.0,75116,M,,,75
201000064448,10,7,12,1640,1,2,2,1.0,2.0,75116,M,,,75
201000064449,10,7,12,1945,1,2,3,1.0,6.0,75116,M,,,75
201000064450,10,7,13,1446,1,2,1,1.0,2.0,75116,M,,,75
201000064451,10,7,13,1840,1,2,5,1.0,3.0,75116,M,,,75
201000064452,10,7,13,1630,1,2,1,1.0,2.0,75116,M,,,75
201000064453,10,7,15,1930,1,2,2,1.0,6.0,75116,M,,,75
201000064454,10,7,14,2310,5,2,1,1.0,6.0,75116,M,,,75
201000064455,10,7,16,935,1,2,1,1.0,2.0,75116,M,,,75
201000064456,10,7,16,1055,1,2,3,1.0,6.0,75116,M,,,75
201000064457,10,11,16,2015,5,2,1,1.0,3.0,75116,M,,,75
201000064458,10,7,19,1710,1,2,1,1.0,6.0,75116,M,,,75
201000064459,10,7,19,1715,1,2,5,1.0,7.0,75116,M,,,75
201000064460,10,7,20,940,1,2,5,1.0,3.0,75116,M,,,75
201000064461,10,7,20,2100,1,2,2,1.0,6.0,75116,M,,,75
201000064462,10,7,21,120,5,2,5,1.0,7.0,75116,M,,,75
201000064463,10,7,22,825,1,2,2,1.0,7.0,75116,M,,,75
201000064464,10,7,22,1420,1,2,5,1.0,3.0,75116,M,,,75
201000064465,10,7,24,235,5,2,4,1.0,1.0,75116,M,,,75
201000064466,10,7,24,1200,1,2,3,1.0,6.0,75116,M,,,75
201000064467,10,7,24,1935,1,2,5,1.0,3.0,75116,M,,,75
201000064468,10,7,25,100,5,2,1,1.0,3.0,75116,M,,,75
201000064469,10,7,26,1315,1,2,4,1.0,6.0,75116,M,,,75
201000064470,10,7,26,1510,1,2,4,1.0,6.0,75116,M,,,75
201000064471,10,7,26,1600,1,2,5,1.0,3.0,75116,M,,,75
201000064472,10,7,25,2315,5,2,1,1.0,6.0,75116,M,,,75
201000064473,10,7,27,1200,1,2,5,1.0,3.0,75116,M,,,75
201000064474,10,7,27,1400,1,2,1,1.0,2.0,75116,M,,,75
201000064475,10,7,29,950,1,2,1,1.0,1.0,75116,M,,,75
201000064476,10,7,29,1320,1,2,5,8.0,3.0,75116,M,,,75
201000064477,10,7,30,1345,1,2,5,1.0,3.0,75116,M,,,75
201000064478,10,7,30,1540,1,2,5,1.0,6.0,75116,M,,,75
201000064479,10,7,31,1000,1,2,1,1.0,6.0,75116,M,,,75
201000064480,10,8,1,405,5,2,1,1.0,6.0,75116,M,,,75
201000064481,10,8,1,658,1,2,5,1.0,4.0,75116,M,,,75
201000064482,10,8,3,2330,5,2,3,1.0,6.0,75116,M,,,75
201000064483,10,8,6,425,5,2,5,1.0,3.0,75116,M,,,75
201000064484,10,8,7,1110,1,2,3,1.0,3.0,75116,M,,,75
201000064485,10,8,8,1500,1,2,1,1.0,3.0,75116,M,,,75
201000064486,10,8,12,820,1,2,1,1.0,6.0,75116,M,,,75