Num_Acc,an,mois,jour,hrmn,lum,agg,int,atm,col,com,gps,lat,long,dep
201000064487,10,8,12,1040,1,2,3,1.0,2.0,75116,M,,,75
201000064488,10,8,12,2040,1,2,1,1.0,1.0,75116,M,,,75
201000064489,10,8,16,1330,1,2,5,2.0,6.0,75116,M,,,75
201000064490,10,8,18,815,1,2,2,2.0,7.0,75116,M,,,75
201000064491,10,8,19,910,1,2,1,1.0,4.0,75116,M,,,75
201000064492,10,8,20,1620,1,2,5,1.0,3.0,75116,M,,,75
201000064493,10,8,20,1730,1,2,5,1.0,3.0,75116,M,,,75
201000064494,10,8,22,1025,1,2,5,1.0,3.0,75116,M,,,75
201000064495,10,8,24,1415,1,2,5,1.0,3.0,75116,M,,,75
201000064496,10,8,24,1505,1,2,5,1.0,3.0,75116,M,,,75
201000064497,10,8,25,800,1,2,1,1.0,6.0,75116,M,,,75
201000064498,10,8,26,2150,5,2,2,2.0,3.0,75116,M,,,75
201000064499,10,8,30,1535,1,2,1,1.0,7.0,75116,M,,,75
201000064500,10,8,31,1945,2,2,4,1.0,3.0,75116,M,,,75
201000064501,10,9,1,1745,1,2,1,1.0,6.0,75116,M,,,75
201000064502,10,9,1,1840,1,2,1,1.0,4.0,75116,M,,,75
201000064503,10,9,2,1715,1,2,5,1.0,3.0,75116,M,,,75
201000064504,10,9,3,1843,1,2,5,1.0,6.0,75116,M,,,75
201000064505,10,9,3,1830,1,2,3,1.0,2.0,75116,M,,,75
201000064506,10,9,6,915,1,2,3,1.0,3.0,75116,M,,,75
201000064507,10,9,6,920,1,2,1,1.0,6.0,75116,M,,,75
201000064508,10,9,6,2220,5,2,1,2.0,6.0,75116,M,,,75
201000064509,10,9,7,845,1,2,1,1.0,3.0,75116,M,,,75
201000064510,10,9,7,1700,1,2,4,1.0,6.0,75116,M,,,75
201000064511,10,9,7,1900,1,2,1,1.0,4.0,75116,M,,,75
201000064512,10,9,8,435,5,2,1,3.0,6.0,75116,M,,,75
201000064513,10,9,8,1450,1,2,1,2.0,7.0,75116,M,,,75
201000064514,10,9,9,1245,1,2,3,1.0,7.0,75116,M,,,75
201000064515,10,9,9,1315,1,2,1,8.0,6.0,75116,M,,,75
201000064516,10,9,9,1800,1,2,2,1.0,7.0,75116,M,,,75
201000064517,10,9,10,245,5,2,5,1.0,6.0,75116,M,,,75
201000064518,10,9,10,940,1,2,1,1.0,2.0,75116,M,,,75
201000064519,10,9,10,1810,1,2,1,1.0,6.0,75116,M,,,75
201000064520,10,9,8,2130,5,2,5,1.0,3.0,75117,M,,,75
201000064521,10,9,11,650,1,2,2,1.0,3.0,75116,M,,,75
201000064522,10,9,11,1715,1,2,5,1.0,3.0,75116,M,,,75
201000064523,10,9,11,1750,1,2,2,1.0,3.0,75116,M,,,75
201000064524,10,9,12,100,5,2,1,1.0,7.0,75116,M,,,75
201000064525,10,9,12,1430,1,2,1,1.0,2.0,75116,M,,,75
201000064526,10,9,14,835,1,2,5,1.0,2.0,75116,M,,,75
201000064527,10,9,14,1100,1,2,1,1.0,7.0,75116,M,,,75
201000064528,10,9,14,1615,1,2,1,1.0,3.0,75116,M,,,75
201000064529,10,9,14,1820,1,2,3,1.0,3.0,75116,M,,,75
201000064530,10,9,14,1917,1,2,2,1.0,6.0,75116,M,,,75
201000064531,10,9,14,1955,1,2,2,1.0,3.0,75116,M,,,75
201000064532,10,9,14,2128,5,2,1,1.0,6.0,75117,M,,,75
201000064533,10,9,16,1220,1,2,1,1.0,6.0,75116,M,,,75
201000064534,10,9,16,2115,5,2,5,1.0,6.0,75116,M,,,75
201000064535,10,9,20,1620,1,2,1,1.0,2.0,75116,M,,,75
201000064536,10,9,20,1615,1,2,1,1.0,3.0,75116,M,,,75
201000064537,10,9,20,2315,5,2,1,1.0,6.0,75116,M,,,75
201000064538,10,9,21,1200,1,2,3,1.0,6.0,75116,M,,,75
201000064539,10,9,21,2245,5,2,1,1.0,6.0,75116,M,,,75
201000064540,10,9,22,1000,1,2,5,1.0,3.0,75116,M,,,75
201000064541,10,9,22,1415,1,2,2,1.0,2.0,75116,M,,,75
201000064542,10,9,22,1855,1,2,1,1.0,3.0,75116,M,,,75
201000064543,10,9,23,1010,1,2,1,1.0,6.0,75116,M,,,75
201000064544,10,9,26,2200,5,2,2,3.0,6.0,75107,M,,,75
201000064545,10,9,27,5,5,2,2,3.0,3.0,75117,M,,,75
201000064546,10,9,28,1630,1,2,2,8.0,6.0,75116,M,,,75
201000064547,10,9,29,810,1,2,4,1.0,6.0,75116,M,,,75
201000064548,10,9,29,1155,1,2,1,1.0,2.0,75116,M,,,75
201000064549,10,9,29,1450,1,2,1,1.0,2.0,75116,M,,,75
201000064550,10,9,29,1510,1,2,7,1.0,2.0,75116,M,,,75
201000064551,10,9,30,910,1,2,1,2.0,3.0,75108,M,,,75
201000064552,10,10,1,1100,1,2,5,1.0,3.0,75116,M,,,75
201000064553,10,10,1,1100,1,2,2,1.0,3.0,75116,M,,,75
201000064554,10,10,1,1930,5,2,1,3.0,3.0,75116,M,,,75
201000064555,10,10,2,40,5,2,3,2.0,6.0,75117,M,,,75
201000064556,10,10,3,410,5,2,3,1.0,6.0,75116,M,,,75
201000064557,10,10,3,1250,1,2,1,1.0,6.0,75116,M,,,75
201000064558,10,10,4,1055,1,2,5,8.0,2.0,75116,M,,,75
201000064559,10,10,5,815,1,2,1,2.0,3.0,75116,M,,,75
201000064560,10,10,5,1700,1,2,4,2.0,6.0,75116,M,,,75
201000064561,10,10,5,2240,5,2,2,1.0,6.0,75116,M,,,75
201000064562,10,10,6,915,1,2,1,1.0,3.0,75116,M,,,75
201000064563,10,10,7,1810,1,2,1,1.0,3.0,75116,M,,,75
201000064564,10,10,7,1715,1,2,1,1.0,6.0,75116,M,,,75
201000064565,10,10,7,2200,5,2,1,1.0,6.0,75116,M,,,75
201000064566,10,10,8,1326,1,2,1,1.0,6.0,75116,M,,,75
201000064567,10,10,8,1615,1,2,6,1.0,3.0,75116,M,,,75
201000064568,10,10,8,2105,5,2,1,1.0,3.0,75116,M,,,75
201000064569,10,10,10,2137,5,2,1,1.0,3.0,75116,M,,,75
201000064570,10,10,11,1650,1,2,1,1.0,3.0,75116,M,,,75
201000064571,10,10,11,1915,5,2,1,1.0,3.0,75116,M,,,75
201000064572,10,10,12,935,1,2,1,1.0,2.0,75116,M,,,75
201000064573,10,10,12,1200,1,2,2,1.0,6.0,75116,M,,,75
201000064574,10,10,12,1320,1,2,2,1.0,6.0,75116,M,,,75
201000064575,10,10,12,1830,5,2,1,1.0,4.0,75116,M,,,75
201000064576,10,10,13,920,1,2,1,1.0,6.0,75116,M,,,75
201000064577,10,10,13,1040,1,2,1,1.0,3.0,75116,M,,,75
201000064578,10,10,13,1500,1,2,7,1.0,3.0,75116,M,,,75
201000064579,10,10,13,2100,5,2,1,1.0,1.0,75116,M,,,75
201000064580,10,10,14,1545,1,2,1,1.0,3.0,75116,M,,,75
201000064581,10,10,14,2030,5,2,1,1.0,3.0,75116,M,,,75
201000064582,10,10,15,1230,1,2,1,1.0,6.0,75116,M,,,75
201000064583,10,10,15,2115,5,2,5,2.0,6.0,75116,M,,,75
201000064584,10,10,16,1135,1,2,7,1.0,7.0,75116,M,,,75
201000064585,10,10,16,1335,1,2,3,8.0,3.0,75116,M,,,75
201000064586,10,10,17,225,5,2,1,1.0,3.0,75117,M,,,75
201000064587,10,10,17,1150,1,2,1,1.0,6.0,75116,M,,,75
201000064588,10,10,19,950,1,2,5,2.0,7.0,75116,M,,,75
201000064589,10,10,19,1050,1,2,1,2.0,3.0,75116,M,,,75
201000064590,10,10,19,1430,1,2,5,1.0,3.0,75116,M,,,75
201000064591,10,10,19,1645,1,2,1,1.0,6.0,75116,M,,,75
201000064592,10,10,19,2205,5,2,5,2.0,3.0,75116,M,,,75
201000064593,10,10,21,2050,5,2,2,1.0,3.0,75116,M,,,75
201000064594,10,10,22,1815,1,2,1,1.0,3.0,75116,M,,,75
201000064595,10,10,22,2155,5,2,2,1.0,1.0,75116,M,,,75
201000064596,10,10,22,1315,1,2,1,1.0,3.0,75116,M,,,75
201000064597,10,10,24,110,5,2,5,1.0,6.0,75116,M,,,75
201000064598,10,10,24,1200,1,2,1,1.0,6.0,75116,M,,,75
201000064599,10,10,25,1940,5,2,2,1.0,6.0,75116,M,,,75
201000064600,10,10,27,1400,1,2,5,1.0,3.0,75116,M,,,75
201000064601,10,10,28,455,5,2,1,1.0,7.0,75116,M,,,75
201000064602,10,10,28,845,1,2,5,1.0,2.0,75116,M,,,75
201000064603,10,10,29,1345,1,2,1,1.0,3.0,75116,M,,,75
201000064604,10,10,31,1830,5,2,1,1.0,1.0,75108,M,,,75
201000064605,10,11,2,6,5,2,5,1.0,3.0,75116,M,,,75
201000064606,10,11,2,815,1,2,5,1.0,6.0,75116,M,,,75
201000064607,10,11,2,955,1,2,5,1.0,3.0,75116,M,,,75
201000064608,10,11,2,1015,1,2,4,1.0,3.0,75116,M,,,75
201000064609,10,11,2,1800,5,2,5,1.0,3.0,75116,M,,,75
201000064610,10,11,3,1045,1,2,2,1.0,6.0,75116,M,,,75
201000064611,10,11,3,1110,1,2,1,1.0,3.0,75116,M,,,75
201000064612,10,11,4,1550,1,2,1,1.0,6.0,75116,M,,,75
201000064613,10,11,4,1955,5,2,3,1.0,3.0,75116,M,,,75
201000064614,10,11,5,1000,1,2,1,1.0,7.0,75116,M,,,75
201000064615,10,11,5,1105,1,2,5,1.0,6.0,75116,M,,,75
201000064616,10,11,5,1800,5,2,1,1.0,3.0,75116,M,,,75
201000064617,10,11,5,2130,4,2,3,1.0,7.0,75116,M,,,75
201000064618,10,11,6,320,5,2,2,1.0,6.0,75116,M,,,75
201000064619,10,11,6,1420,1,2,5,2.0,3.0,75116,M,,,75
201000064620,10,11,7,240,5,2,1,1.0,7.0,75116,M,,,75
201000064621,10,11,7,1130,1,2,1,3.0,7.0,75116,M,,,75
201000064622,10,11,7,1635,1,2,3,2.0,3.0,75116,M,,,75
201000064623,10,11,7,2030,5,2,1,2.0,3.0,75116,M,,,75
201000064624,10,11,8,1000,1,2,4,2.0,2.0,75116,M,,,75
201000064625,10,11,8,1140,1,2,2,3.0,7.0,75116,M,,,75
201000064626,10,11,8,1900,5,2,2,2.0,7.0,75116,M,,,75
201000064627,10,11,9,1645,1,2,1,3.0,3.0,75116,M,,,75
201000064628,10,11,10,555,5,2,2,2.0,6.0,75116,M,,,75
201000064629,10,11,10,930,1,2,3,1.0,2.0,75116,M,,,75
201000064630,10,11,10,1110,1,2,5,1.0,6.0,75116,M,,,75
201000064631,10,11,10,2125,5,2,1,1.0,3.0,75116,M,,,75
201000064632,10,11,10,2139,5,2,3,1.0,6.0,75116,M,,,75
201000064633,10,11,11,1745,2,2,3,2.0,7.0,75116,M,,,75
201000064634,10,11,11,1755,5,2,1,2.0,2.0,75116,M,,,75
201000064635,10,11,12,1020,1,2,4,1.0,2.0,75116,M,,,75
201000064636,10,11,12,1125,1,2,7,2.0,7.0,75116,M,,,75
201000064637,10,11,12,1150,1,2,7,1.0,6.0,75116,M,,,75
201000064638,10,11,13,715,2,2,5,2.0,6.0,75116,M,,,75
201000064639,10,11,15,1220,1,2,1,1.0,3.0,75116,M,,,75
201000064640,10,11,15,1910,5,2,1,1.0,6.0,75116,M,,,75
201000064641,10,11,15,2030,5,2,1,1.0,2.0,75116,M,,,75
201000064642,10,11,16,810,1,2,4,1.0,7.0,75116,M,,,75
201000064643,10,11,16,920,1,2,1,1.0,3.0,75116,M,,,75
201000064644,10,11,16,1015,1,2,3,1.0,6.0,75116,M,,,75
201000064645,10,11,16,1400,1,2,5,1.0,2.0,75116,M,,,75
201000064646,10,11,17,945,1,2,5,1.0,6.0,75116,M,,,75
201000064647,10,11,17,1315,1,2,1,1.0,6.0,75116,M,,,75
201000064648,10,11,17,1625,1,2,3,1.0,3.0,75116,M,,,75
201000064649,10,11,18,2130,5,2,1,2.0,3.0,75117,M,,,75
201000064650,10,11,19,800,1,2,5,1.0,1.0,75116,M,,,75
201000064651,10,11,19,1100,1,2,1,8.0,6.0,75116,M,,,75
201000064652,10,11,19,1135,1,2,1,1.0,3.0,75116,M,,,75
201000064653,10,11,19,1620,1,2,1,1.0,7.0,75116,M,,,75
201000064654,10,11,19,1920,5,2,1,2.0,6.0,75116,M,,,75
201000064655,10,11,19,2005,5,2,1,2.0,6.0,75116,M,,,75
201000064656,10,11,20,1010,1,2,2,1.0,7.0,75116,M,,,75
201000064657,10,11,20,1440,1,2,2,1.0,6.0,75116,M,,,75
201000064658,10,11,21,730,2,2,1,2.0,6.0,75116,M,,,75
201000064659,10,11,21,1230,1,2,1,2.0,1.0,75116,M,,,75
201000064660,10,11,21,1940,5,2,3,2.0,3.0,75116,M,,,75
201000064661,10,11,22,1705,5,2,3,1.0,6.0,75116,M,,,75
201000064662,10,11,23,1500,1,2,1,1.0,6.0,75116,M,,,75
201000064663,10,11,24,1415,1,2,1,1.0,7.0,75116,M,,,75
201000064664,10,11,24,1610,2,2,2,8.0,3.0,75116,M,,,75
201000064665,10,11,24,2200,3,2,2,2.0,1.0,75116,M,,,75
201000064666,10,11,25,155,5,2,7,2.0,6.0,75116,M,,,75
201000064667,10,11,25,1015,1,2,7,8.0,2.0,75116,M,,,75
201000064668,10,11,25,850,1,2,1,8.0,7.0,75116,M,,,75
201000064669,10,11,26,1035,1,2,5,1.0,6.0,75116,M,,,75
201000064670,10,11,27,1435,1,2,2,1.0,3.0,75116,M,,,75
201000064671,10,11,28,135,5,2,2,1.0,6.0,75116,M,,,75
201000064672,10,11,28,730,2,2,3,1.0,6.0,75116,M,,,75
201000064673,10,11,28,1740,2,2,5,1.0,2.0,75116,M,,,75
201000064674,10,11,28,1940,4,2,4,1.0,3.0,75116,M,,,75
201000064675,10,11,29,1620,1,2,1,4.0,7.0,75116,M,,,75
201000064676,10,11,29,1940,5,2,2,1.0,6.0,75116,M,,,75
201000064677,10,11,30,1245,1,2,1,1.0,2.0,75116,M,,,75
201000064678,10,11,30,2200,5,2,4,1.0,6.0,75116,M,,,75
201000064679,10,12,3,910,1,2,1,1.0,3.0,75116,M,,,75
201000064680,10,12,3,1130,1,2,1,1.0,6.0,75116,M,,,75
201000064681,10,12,4,1820,5,2,5,2.0,3.0,75116,M,,,75
201000064682,10,12,7,1430,1,2,1,2.0,2.0,75116,M,,,75
201000064683,10,12,7,2020,5,2,5,2.0,6.0,75116,M,,,75
201000064684,10,12,11,1130,1,2,3,1.0,6.0,75116,M,,,75
201000064685,10,12,13,1355,1,2,2,1.0,3.0,75116,M,,,75
201000064686,10,12,14,1715,5,2,5,1.0,6.0,75116,M,,,75
201000064687,10,12,14,2055,5,2,5,1.0,6.0,75116,M,,,75
201000064688,10,12,15,1228,1,2,1,1.0,6.0,75116,M,,,75
201000064689,10,12,15,1300,1,2,5,1.0,6.0,75116,M,,,75
201000064690,10,12,16,1250,1,2,3,2.0,2.0,75116,M,,,75
201000064691,10,12,16,1500,1,2,1,2.0,3.0,75116,M,,,75
201000064692,10,12,16,1800,5,2,5,2.0,6.0,75116,M,,,75
201000064693,10,12,16,1925,5,2,4,2.0,6.0,75116,M,,,75
201000064694,10,12,16,2350,5,2,1,2.0,6.0,75116,M,,,75
201000064695,10,12,17,2350,5,2,3,1.0,6.0,75116,M,,,75
201000064696,10,12,21,105,5,2,3,2.0,6.0,75116,M,,,75
201000064697,10,12,21,740,2,2,5,2.0,6.0,75116,M,,,75
201000064698,10,12,22,930,1,2,2,1.0,3.0,75116,M,,,75
201000064699,10,12,22,1050,1,2,3,1.0,6.0,75116,M,,,75
201000064700,10,12,22,1620,2,2,1,2.0,2.0,75116,M,,,75
201000064701,10,12,22,1725,5,2,1,3.0,6.0,75116,M,,,75
201000064702,10,12,23,935,1,2,5,2.0,3.0,75116,M,,,75
201000064703,10,12,23,1610,1,2,5,4.0,3.0,75108,M,,,75
201000064704,10,12,24,1320,1,2,1,4.0,7.0,75116,M,,,75
201000064705,10,12,25,210,5,2,2,1.0,3.0,75116,M,,,75
201000064706,10,12,25,1815,2,2,2,1.0,6.0,75116,M,,,75
201000064707,10,12,27,120,5,2,1,1.0,6.0,75116,M,,,75
201000064708,10,12,30,1630,1,2,2,1.0,6.0,75116,M,,,75
201000064709,10,12,30,2250,5,2,1,1.0,3.0,75116,M,,,75
201000064710,10,12,31,1420,1,2,2,1.0,6.0,75116,M,,,75
201000064711,10,12,31,2230,5,2,5,1.0,6.0,75116,M,,,75
201000064712,10,6,28,2250,5,2,1,1.0,6.0,75116,M,,,75
201000064713,10,5,3,1749,1,2,2,8.0,3.0,75116,M,,,75
201000064714,10,1,3,205,5,2,5,1.0,2.0,75117,M,,,75
201000064715,10,1,4,420,5,2,5,1.0,3.0,75117,M,,,75
201000064716,10,1,4,2015,5,2,1,1.0,3.0,75117,M,,,75
201000064717,10,1,5,1735,5,2,3,1.0,3.0,75117,M,,,75
201000064718,10,1,6,1045,1,2,5,4.0,2.0,75117,M,,,75
201000064719,10,1,6,1215,1,2,5,4.0,6.0,75117,M,,,75
201000064720,10,1,6,1435,1,2,1,1.0,3.0,75117,M,,,75
201000064721,10,1,7,908,1,2,2,4.0,2.0,75117,M,,,75
201000064722,10,1,8,215,5,2,1,1.0,2.0,75117,M,,,75
201000064723,10,1,8,1415,1,2,2,1.0,7.0,75117,M,,,75
201000064724,10,1,9,1845,5,2,1,9.0,3.0,75117,M,,,75
201000064725,10,1,12,410,5,2,5,1.0,2.0,75117,M,,,75
201000064726,10,1,12,1130,1,2,1,1.0,3.0,75117,M,,,75
201000064727,10,1,14,1020,1,2,1,1.0,2.0,75117,M,,,75
201000064728,10,1,14,1645,1,2,2,1.0,3.0,75117,M,,,75
201000064729,10,1,15,730,5,2,5,1.0,6.0,75117,M,,,75
201000064730,10,1,16,1530,1,2,5,2.0,7.0,75117,M,,,75
201000064731,10,1,16,2240,5,2,1,2.0,6.0,75117,M,,,75
201000064732,10,1,20,945,1,2,1,3.0,6.0,75117,M,,,75
201000064733,10,1,20,2140,5,2,3,2.0,3.0,75117,M,,,75
201000064734,10,1,21,1930,5,2,5,1.0,3.0,75117,M,,,75
201000064735,10,1,21,2235,5,2,2,1.0,3.0,75117,M,,,75
201000064736,10,1,22,1400,1,2,1,1.0,6.0,75117,M,,,75
201000064737,10,1,23,2112,5,2,2,1.0,6.0,75117,M,,,75
201000064738,10,1,25,2315,5,2,1,1.0,6.0,75117,M,,,75
201000064739,10,1,28,1940,5,2,3,8.0,6.0,75117,M,,,75
201000064740,10,1,28,1635,1,2,2,1.0,3.0,75117,M,,,75
201000064741,10,1,30,905,1,2,1,1.0,7.0,75117,M,,,75
201000064742,10,2,1,940,1,2,2,2.0,6.0,75117,M,,,75
201000064743,10,2,1,1710,1,2,2,1.0,6.0,75117,M,,,75
201000064744,10,2,2,835,1,2,1,2.0,6.0,75117,M,,,75
201000064745,10,2,2,855,1,2,3,2.0,6.0,75117,M,,,75
201000064746,10,2,2,1935,5,2,2,1.0,6.0,75117,M,,,75
201000064747,10,2,3,952,1,1,1,2.0,2.0,75117,M,,,75
201000064748,10,2,3,1040,1,2,1,1.0,6.0,75117,M,,,75
201000064749,10,2,5,945,1,2,3,2.0,3.0,75117,M,,,75
201000064750,10,2,5,1122,1,2,4,1.0,3.0,75117,M,,,75
201000064751,10,2,5,1428,1,2,1,1.0,6.0,75117,M,,,75
201000064752,10,2,5,2206,5,2,5,1.0,3.0,75117,M,,,75
201000064753,10,2,6,735,5,2,2,2.0,6.0,75117,M,,,75
201000064754,10,2,6,1305,1,2,1,2.0,2.0,75117,M,,,75
201000064755,10,2,7,1935,5,2,1,1.0,3.0,75117,M,,,75
201000064756,10,2,8,925,1,2,2,2.0,3.0,75117,M,,,75
201000064757,10,2,8,1200,1,2,1,1.0,6.0,75116,M,,,75
201000064758,10,2,8,1455,1,2,1,2.0,6.0,75117,M,,,75
201000064759,10,2,8,1700,1,2,1,2.0,4.0,75117,M,,,75
201000064760,10,2,9,1720,2,2,5,4.0,3.0,75117,M,,,75
201000064761,10,2,10,120,5,2,5,1.0,7.0,75117,M,,,75
201000064762,10,2,10,1955,5,2,3,4.0,3.0,75117,M,,,75
201000064763,10,2,11,1630,1,2,5,4.0,6.0,75117,M,,,75
201000064764,10,2,12,1920,5,2,1,1.0,6.0,75117,M,,,75
201000064765,10,2,13,1455,1,2,1,8.0,6.0,75117,M,,,75
201000064766,10,2,13,1910,2,2,5,1.0,6.0,75117,M,,,75
201000064767,10,2,14,640,5,2,1,1.0,6.0,75117,M,,,75
201000064768,10,2,14,1705,1,2,2,1.0,3.0,75117,M,,,75
201000064769,10,2,15,1200,1,2,5,1.0,6.0,75117,M,,,75
201000064770,10,2,15,1855,5,2,1,1.0,4.0,75117,M,,,75
201000064771,10,2,17,1245,1,2,5,1.0,6.0,75117,M,,,75
201000064772,10,2,17,1520,1,2,1,2.0,6.0,75117,M,,,75
201000064773,10,2,17,1715,1,2,2,1.0,2.0,75117,M,,,75
201000064774,10,2,18,1255,1,2,1,1.0,3.0,75117,M,,,75
201000064775,10,2,18,1815,4,2,5,2.0,7.0,75117,M,,,75
201000064776,10,2,19,2200,5,2,1,1.0,6.0,75117,M,,,75
201000064777,10,2,21,230,5,2,5,1.0,6.0,75117,M,,,75
201000064778,10,2,22,1034,1,2,2,1.0,3.0,75117,M,,,75
201000064779,10,2,23,1230,1,2,2,1.0,6.0,75117,M,,,75
201000064780,10,2,26,1910,5,2,5,1.0,2.0,75117,M,,,75
201000064781,10,3,2,1000,1,2,3,1.0,3.0,75117,M,,,75
201000064782,10,3,5,1640,1,2,5,1.0,3.0,75117,M,,,75
201000064783,10,3,6,1130,1,2,2,1.0,2.0,75117,M,,,75
201000064784,10,3,6,1620,1,2,1,1.0,6.0,75117,M,,,75
201000064785,10,3,9,1116,1,2,5,1.0,6.0,75117,M,,,75
201000064786,10,3,9,1510,1,2,1,1.0,3.0,75117,M,,,75
201000064787,10,3,9,1355,1,2,5,1.0,3.0,75117,M,,,75
201000064788,10,3,10,1000,1,2,1,1.0,6.0,75117,M,,,75
201000064789,10,3,10,2350,5,2,2,1.0,3.0,75117,M,,,75
201000064790,10,3,11,1735,1,2,5,1.0,4.0,75117,M,,,75
201000064791,10,3,11,1800,2,2,1,1.0,6.0,75117,M,,,75
201000064792,10,3,11,2055,5,2,5,1.0,6.0,75117,M,,,75
201000064793,10,3,11,2245,5,2,5,1.0,3.0,75117,M,,,75
201000064794,10,3,12,2015,5,2,5,1.0,2.0,75117,M,,,75
201000064795,10,3,13,1040,1,2,2,1.0,6.0,75117,M,,,75
201000064796,10,3,13,1320,1,2,5,1.0,6.0,75117,M,,,75
201000064797,10,3,16,800,1,2,4,1.0,2.0,75117,M,,,75
201000064798,10,3,16,1850,2,2,1,1.0,6.0,75117,M,,,75
201000064799,10,3,17,1100,1,2,3,1.0,3.0,75117,M,,,75
201000064800,10,3,18,900,1,2,5,1.0,6.0,75117,M,,,75
201000064801,10,3,18,920,1,2,3,1.0,3.0,75117,M,,,75
201000064802,10,3,19,830,1,2,2,1.0,6.0,75117,M,,,75
201000064803,10,3,20,1825,2,2,3,1.0,3.0,75117,M,,,75
201000064804,10,3,23,1420,1,2,5,1.0,3.0,75117,M,,,75
201000064805,10,3,23,1730,1,2,4,1.0,7.0,75117,M,,,75
201000064806,10,3,23,2155,5,2,2,1.0,3.0,75117,M,,,75
201000064807,10,3,24,1340,1,2,5,1.0,3.0,75117,M,,,75
201000064808,10,3,25,1800,1,2,2,2.0,3.0,75117,M,,,75
201000064809,10,3,27,825,1,2,1,2.0,6.0,75117,M,,,75
201000064810,10,3,27,1945,5,2,2,2.0,6.0,75117,M,,,75
201000064811,10,3,28,645,2,2,5,1.0,6.0,75117,M,,,75
201000064812,10,3,29,2150,5,2,5,2.0,3.0,75117,M,,,75
201000064813,10,3,31,850,1,2,1,1.0,6.0,75117,M,,,75
201000064814,10,4,1,1054,1,2,1,1.0,2.0,75117,M,,,75
201000064815,10,4,1,1130,1,2,2,1.0,3.0,75117,M,,,75
201000064816,10,4,1,2110,5,2,4,1.0,7.0,75117,M,,,75
201000064817,10,4,4,1825,1,2,5,1.0,3.0,75117,M,,,75
201000064818,10,4,4,1700,1,2,1,2.0,3.0,75117,M,,,75
201000064819,10,4,8,1100,1,2,2,1.0,6.0,75117,M,,,75
201000064820,10,4,8,1800,1,2,1,1.0,3.0,75117,M,,,75
201000064821,10,4,9,1225,1,2,1,1.0,3.0,75117,M,,,75
201000064822,10,4,10,535,5,2,1,1.0,6.0,75117,M,,,75
201000064823,10,4,10,1405,1,2,5,1.0,3.0,75117,M,,,75
201000064824,10,4,11,1705,1,2,2,1.0,6.0,75117,M,,,75
201000064825,10,4,14,1500,1,2,4,1.0,3.0,75117,M,,,75
201000064826,10,4,15,625,3,2,4,1.0,6.0,75117,M,,,75
201000064827,10,4,15,1730,1,2,3,7.0,6.0,75117,M,,,75
201000064828,10,4,16,955,1,2,4,1.0,6.0,75117,M,,,75
201000064829,10,4,16,1740,1,2,5,1.0,3.0,75117,M,,,75
201000064830,10,4,17,1440,1,2,1,1.0,3.0,75117,M,,,75
201000064831,10,4,17,1920,1,2,2,1.0,3.0,75117,M,,,75
201000064832,10,4,18,410,5,2,1,1.0,3.0,75117,M,,,75
201000064833,10,4,19,1225,1,2,2,1.0,6.0,75117,M,,,75
201000064834,10,4,19,1815,1,2,4,1.0,6.0,75117,M,,,75
201000064835,10,4,21,1645,1,2,1,1.0,6.0,75116,M,,,75
201000064836,10,4,21,2300,5,2,5,1.0,3.0,75117,M,,,75
201000064837,10,4,22,1,5,2,1,1.0,3.0,75117,M,,,75
201000064838,10,4,24,1810,1,2,2,1.0,6.0,75117,M,,,75
201000064839,10,4,25,248,5,2,5,1.0,6.0,75117,M,,,75
201000064840,10,4,26,1100,1,2,1,1.0,6.0,75117,M,,,75
201000064841,10,4,27,2330,5,2,1,1.0,1.0,75117,M,,,75
201000064842,10,4,28,810,1,2,3,1.0,3.0,75117,M,,,75
201000064843,10,4,29,1230,1,2,2,1.0,6.0,75117,M,,,75
201000064844,10,4,29,1510,1,2,5,1.0,6.0,75117,M,,,75
201000064845,10,4,30,850,1,2,3,2.0,7.0,75117,M,,,75
201000064846,10,4,30,1625,1,2,5,1.0,3.0,75117,M,,,75
201000064847,10,5,2,1205,1,2,1,8.0,6.0,75117,M,,,75
201000064848,10,5,4,810,1,2,4,1.0,6.0,75117,M,,,75
201000064849,10,5,5,1510,1,2,1,1.0,2.0,75117,M,,,75
201000064850,10,5,7,1440,1,2,2,1.0,3.0,75117,M,,,75
201000064851,10,5,9,152,5,2,5,2.0,2.0,75117,M,,,75
201000064852,10,5,10,1200,1,2,2,1.0,3.0,75117,M,,,75
201000064853,10,5,15,1830,1,2,1,1.0,3.0,75117,M,,,75
201000064854,10,5,17,1150,1,2,1,1.0,6.0,75117,M,,,75
201000064855,10,5,17,1230,1,2,1,1.0,3.0,75117,M,,,75
201000064856,10,5,17,1430,1,2,5,1.0,6.0,75117,M,,,75
201000064857,10,5,18,750,1,2,1,1.0,6.0,75117,M,,,75
201000064858,10,5,18,855,1,2,5,1.0,3.0,75117,M,,,75
201000064859,10,5,18,1940,1,2,1,1.0,3.0,75117,M,,,75
201000064860,10,5,20,1510,1,2,3,1.0,3.0,75117,M,,,75
201000064861,10,5,21,2245,5,2,2,1.0,6.0,75117,M,,,75
201000064862,10,5,22,1500,1,2,1,1.0,6.0,75117,M,,,75
201000064863,10,5,23,2105,1,2,2,1.0,6.0,75117,M,,,75
201000064864,10,5,24,1645,1,2,2,1.0,3.0,75117,M,,,75
201000064865,10,5,25,940,1,2,2,1.0,3.0,75117,M,,,75
201000064866,10,5,25,1005,1,2,3,1.0,6.0,75117,M,,,75
201000064867,10,5,25,1615,1,2,5,1.0,6.0,75117,M,,,75
201000064868,10,5,26,1524,1,2,1,2.0,3.0,75117,M,,,75
201000064869,10,5,26,1530,1,2,1,2.0,2.0,75117,M,,,75
201000064870,10,5,26,2040,2,2,3,8.0,1.0,75117,M,,,75