Num_Acc,an,mois,jour,hrmn,lum,agg,int,atm,col,com,gps,lat,long,dep
201000064871,10,5,28,1055,1,2,1,1.0,3.0,75117,M,,,75
201000064872,10,5,28,1910,1,2,1,1.0,6.0,75117,M,,,75
201000064873,10,5,30,1220,1,2,1,2.0,3.0,75117,M,,,75
201000064874,10,5,30,1330,1,2,2,8.0,2.0,75117,M,,,75
201000064875,10,6,3,1655,1,2,1,1.0,3.0,75117,M,,,75
201000064876,10,6,4,1940,1,2,1,1.0,6.0,75117,M,,,75
201000064877,10,6,4,2115,2,2,2,1.0,3.0,75117,M,,,75
201000064878,10,6,7,1030,1,2,2,1.0,7.0,75117,M,,,75
201000064879,10,5,27,1915,1,2,1,1.0,6.0,75117,M,,,75
201000064880,10,6,8,745,1,2,2,1.0,3.0,75117,M,,,75
201000064881,10,6,8,2020,1,2,2,1.0,3.0,75117,M,,,75
201000064882,10,6,9,750,1,2,2,2.0,6.0,75117,M,,,75
201000064883,10,6,9,1910,1,2,1,2.0,3.0,75117,M,,,75
201000064884,10,6,10,1400,1,2,1,1.0,7.0,75117,M,,,75
201000064885,10,6,12,2144,5,2,2,1.0,6.0,75117,M,,,75
201000064886,10,6,14,925,1,2,1,1.0,2.0,75117,M,,,75
201000064887,10,6,15,1010,1,2,1,8.0,6.0,75117,M,,,75
201000064888,10,6,16,900,1,2,1,1.0,3.0,75117,M,,,75
201000064889,10,6,16,1352,1,2,1,1.0,6.0,75117,M,,,75
201000064890,10,6,16,2120,2,2,1,1.0,6.0,75117,M,,,75
201000064891,10,6,16,2320,5,2,3,1.0,6.0,75117,M,,,75
201000064892,10,6,17,330,5,2,2,1.0,1.0,75117,M,,,75
201000064893,10,6,17,1655,1,2,1,1.0,6.0,75117,M,,,75
201000064894,10,6,18,1255,1,2,2,1.0,6.0,75117,M,,,75
201000064895,10,6,18,2015,1,1,1,1.0,2.0,75117,M,,,75
201000064896,10,6,18,2140,1,2,2,1.0,3.0,75117,M,,,75
201000064897,10,6,19,630,1,2,2,2.0,4.0,75117,M,,,75
201000064898,10,6,21,1950,1,2,2,1.0,2.0,75117,M,,,75
201000064899,10,6,21,2240,5,2,6,1.0,3.0,75117,M,,,75
201000064900,10,6,22,1530,1,2,6,1.0,3.0,75117,M,,,75
201000064901,10,6,24,1240,1,2,2,1.0,7.0,75117,M,,,75
201000064902,10,6,25,1700,1,2,1,1.0,6.0,75117,M,,,75
201000064903,10,6,26,1700,1,2,2,1.0,6.0,75117,M,,,75
201000064904,10,6,28,635,1,2,1,1.0,1.0,75117,M,,,75
201000064905,10,6,28,900,1,2,1,1.0,3.0,75117,M,,,75
201000064906,10,6,28,1915,1,2,2,1.0,3.0,75117,M,,,75
201000064907,10,6,29,830,1,2,2,2.0,3.0,75117,M,,,75
201000064908,10,6,29,1520,1,2,2,1.0,6.0,75117,M,,,75
201000064909,10,6,29,2330,5,2,3,1.0,1.0,75117,M,,,75
201000064910,10,6,30,1750,1,2,1,1.0,3.0,75117,M,,,75
201000064911,10,7,1,955,1,2,2,1.0,6.0,75108,M,,,75
201000064912,10,7,1,1710,1,2,5,9.0,3.0,75117,M,,,75
201000064913,10,7,1,1710,1,2,2,1.0,3.0,75117,M,,,75
201000064914,10,7,2,1400,1,2,1,1.0,3.0,75117,M,,,75
201000064915,10,7,3,25,5,2,5,1.0,6.0,75117,M,,,75
201000064916,10,7,3,900,1,2,1,3.0,7.0,75117,M,,,75
201000064917,10,7,3,2030,1,2,2,1.0,3.0,75117,M,,,75
201000064918,10,7,5,2135,5,2,5,1.0,3.0,75117,M,,,75
201000064919,10,7,6,135,5,2,5,1.0,3.0,75117,M,,,75
201000064920,10,7,6,1210,1,2,5,1.0,6.0,75117,M,,,75
201000064921,10,7,7,1615,1,2,5,1.0,3.0,75117,M,,,75
201000064922,10,7,9,1300,1,2,1,1.0,6.0,75117,M,,,75
201000064923,10,7,11,1625,1,2,5,1.0,7.0,75117,M,,,75
201000064924,10,7,12,1310,1,2,1,1.0,2.0,75117,M,,,75
201000064925,10,7,13,1640,1,2,4,1.0,6.0,75117,M,,,75
201000064926,10,7,13,1630,1,2,1,1.0,6.0,75117,M,,,75
201000064927,10,7,13,1945,1,2,1,1.0,3.0,75118,M,,,75
201000064928,10,7,14,1600,1,2,5,2.0,3.0,75117,M,,,75
201000064929,10,7,15,1800,1,2,5,1.0,6.0,75117,M,,,75
201000064930,10,7,20,2235,5,2,1,1.0,6.0,75117,M,,,75
201000064931,10,7,23,2015,2,2,1,2.0,6.0,75117,M,,,75
201000064932,10,7,23,2200,2,2,5,2.0,7.0,75117,M,,,75
201000064933,10,7,26,2305,5,2,2,1.0,3.0,75117,M,,,75
201000064934,10,7,27,1415,1,2,2,1.0,6.0,75117,M,,,75
201000064935,10,7,29,115,5,2,5,1.0,3.0,75117,M,,,75
201000064936,10,7,29,815,1,2,1,1.0,7.0,75117,M,,,75
201000064937,10,7,29,900,1,2,5,1.0,3.0,75117,M,,,75
201000064938,10,7,29,1610,1,2,1,8.0,6.0,75117,M,,,75
201000064939,10,7,28,1010,1,2,1,1.0,6.0,75117,M,,,75
201000064940,10,8,2,1600,1,2,2,1.0,3.0,75117,M,,,75
201000064941,10,8,2,1940,1,2,2,1.0,6.0,75117,M,,,75
201000064942,10,8,4,355,5,2,2,1.0,6.0,75117,M,,,75
201000064943,10,8,4,1500,1,2,4,1.0,6.0,75117,M,,,75
201000064944,10,8,4,2200,5,2,2,2.0,2.0,75117,M,,,75
201000064945,10,8,5,1535,1,2,1,1.0,6.0,75117,M,,,75
201000064946,10,8,6,1210,1,2,1,1.0,6.0,75117,M,,,75
201000064947,10,8,3,1210,1,2,3,1.0,3.0,75117,M,,,75
201000064948,10,8,6,1440,1,2,1,1.0,2.0,75117,M,,,75
201000064949,10,8,10,1320,1,2,1,1.0,6.0,75117,M,,,75
201000064950,10,8,10,1500,1,2,4,1.0,6.0,75117,M,,,75
201000064951,10,8,12,1750,1,2,5,1.0,3.0,75117,M,,,75
201000064952,10,8,14,1430,1,2,2,2.0,3.0,75117,M,,,75
201000064953,10,8,17,1005,1,2,2,1.0,6.0,75117,M,,,75
201000064954,10,8,18,920,1,2,5,1.0,6.0,75117,M,,,75
201000064955,10,8,20,800,1,2,2,1.0,3.0,75117,M,,,75
201000064956,10,8,24,945,1,2,3,1.0,1.0,75117,M,,,75
201000064957,10,8,24,1610,1,2,2,1.0,3.0,75117,M,,,75
201000064958,10,8,25,2230,5,2,5,1.0,6.0,75117,M,,,75
201000064959,10,8,28,220,5,2,2,1.0,3.0,75117,M,,,75
201000064960,10,9,1,1555,1,2,4,1.0,7.0,75117,M,,,75
201000064961,10,9,1,1650,1,2,5,1.0,6.0,75117,M,,,75
201000064962,10,9,2,2205,5,2,5,1.0,3.0,75117,M,,,75
201000064963,10,9,3,1430,1,2,1,1.0,3.0,75117,M,,,75
201000064964,10,9,6,1105,1,2,5,1.0,6.0,75117,M,,,75
201000064965,10,9,6,1430,1,2,5,8.0,3.0,75117,M,,,75
201000064966,10,9,2,1400,1,2,3,1.0,3.0,75117,M,,,75
201000064967,10,9,6,1800,1,2,1,1.0,3.0,75117,M,,,75
201000064968,10,9,7,1750,1,2,2,1.0,2.0,75117,M,,,75
201000064969,10,9,8,900,1,2,1,2.0,6.0,75117,M,,,75
201000064970,10,9,8,750,1,2,1,2.0,2.0,75117,M,,,75
201000064971,10,9,8,1620,1,2,1,2.0,3.0,75117,M,,,75
201000064972,10,9,10,1602,1,2,1,1.0,6.0,75117,M,,,75
201000064973,10,9,10,1740,1,2,5,1.0,3.0,75117,M,,,75
201000064974,10,9,11,55,5,2,1,1.0,3.0,75117,M,,,75
201000064975,10,9,11,345,3,2,1,1.0,4.0,75117,M,,,75
201000064976,10,9,11,1357,1,2,5,1.0,6.0,75117,M,,,75
201000064977,10,9,13,1140,1,2,2,1.0,3.0,75117,M,,,75
201000064978,10,9,13,1205,1,2,1,1.0,6.0,75117,M,,,75
201000064979,10,9,14,1425,1,2,5,1.0,3.0,75117,M,,,75
201000064980,10,9,14,1645,1,2,2,1.0,3.0,75117,M,,,75
201000064981,10,9,15,830,1,2,5,8.0,6.0,75117,M,,,75
201000064982,10,9,15,1145,1,2,4,1.0,6.0,75117,M,,,75
201000064983,10,9,15,1425,1,2,2,1.0,6.0,75117,M,,,75
201000064984,10,9,15,1845,1,2,1,1.0,2.0,75117,M,,,75
201000064985,10,9,16,1515,1,2,2,8.0,3.0,75108,M,,,75
201000064986,10,9,18,1240,1,2,4,1.0,3.0,75117,M,,,75
201000064987,10,9,18,1550,1,2,3,1.0,3.0,75117,M,,,75
201000064988,10,9,18,2140,3,2,2,1.0,6.0,75117,M,,,75
201000064989,10,9,16,1915,1,2,1,1.0,6.0,75117,M,,,75
201000064990,10,9,19,130,5,2,2,1.0,3.0,75117,M,,,75
201000064991,10,9,20,1405,1,2,1,1.0,6.0,75117,M,,,75
201000064992,10,9,20,1410,1,2,2,1.0,6.0,75117,M,,,75
201000064993,10,9,21,125,5,2,1,1.0,7.0,75117,M,,,75
201000064994,10,9,20,2050,5,2,1,1.0,4.0,75117,M,,,75
201000064995,10,9,22,655,5,2,5,1.0,3.0,75116,M,,,75
201000064996,10,9,23,900,2,2,1,1.0,7.0,75116,M,,,75
201000064997,10,9,23,915,1,2,2,1.0,3.0,75117,M,,,75
201000064998,10,9,23,1340,1,2,3,8.0,3.0,75117,M,,,75
201000064999,10,9,23,2050,5,2,2,1.0,3.0,75117,M,,,75
201000065000,10,9,24,1440,1,2,7,1.0,6.0,75117,M,,,75
201000065001,10,9,24,1615,1,2,1,1.0,3.0,75117,M,,,75
201000065002,10,9,24,2150,5,2,1,2.0,3.0,75117,M,,,75
201000065003,10,9,25,1000,1,2,2,1.0,6.0,75117,M,,,75
201000065004,10,9,25,1035,1,2,2,1.0,3.0,75117,M,,,75
201000065005,10,9,25,1510,1,2,1,2.0,6.0,75117,M,,,75
201000065006,10,9,26,1,5,2,1,1.0,3.0,75108,M,,,75
201000065007,10,9,26,1230,1,2,1,1.0,3.0,75117,M,,,75
201000065008,10,9,27,10,5,2,1,3.0,6.0,75117,M,,,75
201000065009,10,9,27,1127,1,2,1,1.0,3.0,75118,M,,,75
201000065010,10,9,27,1600,1,2,5,1.0,3.0,75117,M,,,75
201000065011,10,9,27,1805,1,2,1,1.0,6.0,75108,M,,,75
201000065012,10,9,27,1410,1,2,1,1.0,6.0,75117,M,,,75
201000065013,10,9,28,1106,1,2,1,8.0,6.0,75117,M,,,75
201000065014,10,9,28,1850,2,2,4,1.0,3.0,75117,M,,,75
201000065015,10,9,29,600,5,2,2,1.0,6.0,75117,M,,,75
201000065016,10,9,30,20,5,2,1,1.0,6.0,75117,M,,,75
201000065017,10,10,1,2020,5,2,1,3.0,7.0,75117,M,,,75
201000065018,10,10,2,2300,5,2,1,1.0,3.0,75117,M,,,75
201000065019,10,10,5,1525,1,2,1,8.0,6.0,75117,M,,,75
201000065020,10,12,9,1030,1,2,1,1.0,6.0,75117,M,,,75
201000065021,10,10,7,1440,1,2,2,1.0,3.0,75117,M,,,75
201000065022,10,10,7,1830,1,2,5,1.0,6.0,75117,M,,,75
201000065023,10,10,8,15,5,2,1,1.0,6.0,75117,M,,,75
201000065024,10,10,8,845,1,2,2,1.0,2.0,75117,M,,,75
201000065025,10,10,7,2145,5,2,1,1.0,6.0,75118,M,,,75
201000065026,10,10,8,1955,5,2,1,1.0,2.0,75117,M,,,75
201000065027,10,10,9,30,5,2,5,1.0,3.0,75117,M,,,75
201000065028,10,10,10,1545,1,2,1,1.0,7.0,75117,M,,,75
201000065029,10,10,10,1905,1,2,5,1.0,7.0,75118,M,,,75
201000065030,10,10,11,1600,1,2,1,1.0,2.0,75117,M,,,75
201000065031,10,10,12,1230,1,2,1,1.0,6.0,75117,M,,,75
201000065032,10,10,12,1515,1,2,5,1.0,3.0,75117,M,,,75
201000065033,10,10,13,1225,1,2,1,1.0,6.0,75117,M,,,75
201000065034,10,10,13,2105,5,2,5,1.0,2.0,75117,M,,,75
201000065035,10,10,13,1400,1,2,1,1.0,1.0,75117,M,,,75
201000065036,10,10,14,1718,1,2,1,1.0,6.0,75117,M,,,75
201000065037,10,10,14,1840,3,2,1,1.0,6.0,75117,M,,,75
201000065038,10,10,15,525,5,2,4,1.0,6.0,75117,M,,,75
201000065039,10,10,15,1550,1,2,1,1.0,7.0,75117,M,,,75
201000065040,10,10,16,725,2,2,1,2.0,6.0,75117,M,,,75
201000065041,10,10,16,1250,1,2,2,1.0,3.0,75117,M,,,75
201000065042,10,10,17,10,5,2,1,1.0,3.0,75117,M,,,75
201000065043,10,10,18,915,1,2,1,1.0,6.0,75117,M,,,75
201000065044,10,10,19,2240,5,2,1,1.0,3.0,75117,M,,,75
201000065045,10,10,19,650,5,2,5,1.0,6.0,75117,M,,,75
201000065046,10,10,19,1045,1,2,1,2.0,6.0,75117,M,,,75
201000065047,10,10,19,2310,5,2,1,2.0,7.0,75117,M,,,75
201000065048,10,10,20,2150,5,2,2,1.0,6.0,75117,M,,,75
201000065049,10,10,21,1655,1,2,5,1.0,3.0,75117,M,,,75
201000065050,10,10,23,1450,1,2,1,8.0,3.0,75117,M,,,75
201000065051,10,10,23,1630,1,2,5,1.0,7.0,75117,M,,,75
201000065052,10,10,23,1645,1,2,1,1.0,7.0,75117,M,,,75
201000065053,10,10,24,2245,5,2,1,1.0,3.0,75117,M,,,75
201000065054,10,10,27,1455,1,2,5,1.0,3.0,75117,M,,,75
201000065055,10,10,27,1515,1,2,1,1.0,6.0,75117,M,,,75
201000065056,10,10,28,850,1,2,2,1.0,3.0,75117,M,,,75
201000065057,10,10,28,1305,1,2,5,1.0,6.0,75117,M,,,75
201000065058,10,10,28,1710,1,2,1,1.0,3.0,75117,M,,,75
201000065059,10,10,28,1850,5,2,2,1.0,6.0,75117,M,,,75
201000065060,10,10,30,1437,1,2,3,1.0,6.0,75117,M,,,75
201000065061,10,11,1,910,1,2,2,1.0,6.0,75116,M,,,75
201000065062,10,11,1,1720,4,2,1,1.0,3.0,75117,M,,,75
201000065063,10,11,2,850,1,2,1,1.0,2.0,75117,M,,,75
201000065064,10,11,2,930,1,2,5,1.0,7.0,75117,M,,,75
201000065065,10,11,2,1610,1,2,1,8.0,6.0,75117,M,,,75
201000065066,10,11,4,1945,5,2,5,1.0,3.0,75117,M,,,75
201000065067,10,11,7,1530,1,2,1,2.0,6.0,75117,M,,,75
201000065068,10,11,7,1725,3,2,7,2.0,7.0,75117,M,,,75
201000065069,10,11,8,1030,1,2,5,2.0,6.0,75117,M,,,75
201000065070,10,11,8,1640,1,2,1,2.0,7.0,75117,M,,,75
201000065071,10,11,9,1940,5,2,1,2.0,7.0,75117,M,,,75
201000065072,10,11,9,2040,5,2,1,2.0,2.0,75117,M,,,75
201000065073,10,11,10,1900,5,2,5,1.0,6.0,75117,M,,,75
201000065074,10,11,10,1800,5,2,1,1.0,2.0,75117,M,,,75
201000065075,10,11,11,2300,4,2,1,1.0,6.0,75117,M,,,75
201000065076,10,11,12,825,1,2,2,1.0,6.0,75117,M,,,75
201000065077,10,11,12,1749,5,2,2,2.0,7.0,75117,M,,,75
201000065078,10,11,15,1800,5,2,7,2.0,3.0,75117,M,,,75
201000065079,10,11,15,1900,5,2,3,2.0,3.0,75117,M,,,75
201000065080,10,11,16,944,1,2,2,1.0,3.0,75117,M,,,75
201000065081,10,11,18,1155,1,2,1,1.0,6.0,75117,M,,,75
201000065082,10,11,18,2103,5,2,2,2.0,6.0,75117,M,,,75
201000065083,10,11,18,2145,5,2,2,2.0,1.0,75117,M,,,75
201000065084,10,11,19,1800,5,2,3,1.0,3.0,75117,M,,,75
201000065085,10,11,22,1830,5,2,5,1.0,6.0,75117,M,,,75
201000065086,10,11,23,930,1,2,2,1.0,3.0,75117,M,,,75
201000065087,10,11,23,1340,1,2,3,1.0,3.0,75117,M,,,75
201000065088,10,11,23,1758,5,2,2,1.0,2.0,75108,M,,,75
201000065089,10,11,22,2215,5,2,1,1.0,2.0,75117,M,,,75
201000065090,10,11,24,1305,1,2,1,1.0,6.0,75117,M,,,75
201000065091,10,11,24,1300,1,2,1,1.0,2.0,75117,M,,,75
201000065092,10,11,26,130,5,2,3,1.0,6.0,75117,M,,,75
201000065093,10,11,26,1515,1,2,1,2.0,6.0,75117,M,,,75
201000065094,10,11,26,1720,5,2,1,2.0,3.0,75117,M,,,75
201000065095,10,11,27,100,5,2,2,1.0,6.0,75117,M,,,75
201000065096,10,11,27,1947,5,2,1,1.0,6.0,75117,M,,,75
201000065097,10,11,29,1110,1,2,1,1.0,7.0,75117,M,,,75
201000065098,10,11,30,930,1,2,2,8.0,6.0,75117,M,,,75
201000065099,10,11,30,1310,1,2,1,1.0,7.0,75117,M,,,75
201000065100,10,12,1,1150,1,2,5,1.0,6.0,75117,M,,,75
201000065101,10,12,3,1056,1,2,3,1.0,3.0,75117,M,,,75
201000065102,10,12,5,410,5,2,2,1.0,3.0,75117,M,,,75
201000065103,10,12,7,800,2,2,5,8.0,6.0,75117,M,,,75
201000065104,10,12,7,1345,1,2,1,4.0,7.0,75117,M,,,75
201000065105,10,12,7,2045,5,2,5,2.0,6.0,75117,M,,,75
201000065106,10,12,11,1250,1,2,1,1.0,7.0,75117,M,,,75
201000065107,10,12,15,2245,5,2,3,1.0,3.0,75117,M,,,75
201000065108,10,12,16,1,5,2,1,1.0,6.0,75117,M,,,75
201000065109,10,12,16,1200,1,2,1,2.0,6.0,75117,M,,,75
201000065110,10,12,17,130,5,2,5,4.0,5.0,75117,M,,,75
201000065111,10,12,22,1215,1,2,4,8.0,6.0,75117,M,,,75
201000065112,10,12,22,1730,5,2,4,2.0,6.0,75117,M,,,75
201000065113,10,12,23,1830,5,2,5,3.0,6.0,75117,M,,,75
201000065114,10,12,24,1200,1,2,1,8.0,6.0,75117,M,,,75
201000065115,10,12,24,2305,5,2,3,1.0,3.0,75117,M,,,75
201000065116,10,12,25,340,5,2,5,1.0,6.0,75117,M,,,75
201000065117,10,12,25,1750,5,2,1,1.0,7.0,75117,M,,,75
201000065118,10,12,26,1915,5,2,2,1.0,7.0,75117,M,,,75
201000065119,10,12,26,1905,5,2,2,1.0,2.0,75117,M,,,75
201000065120,10,12,27,25,5,2,2,1.0,6.0,75117,M,,,75
201000065121,10,12,30,1415,1,2,3,1.0,6.0,75117,M,,,75
201000065122,10,6,11,2300,5,2,2,1.0,6.0,75117,M,,,75
201000065123,10,3,23,830,1,2,5,1.0,2.0,75117,M,,,75
201000065124,10,5,20,910,1,2,5,1.0,3.0,75117,M,,,75
201000065125,10,7,19,1055,1,2,1,1.0,3.0,75117,M,,,75
201000065126,10,7,30,915,1,2,2,1.0,3.0,75117,M,,,75
201000065127,10,1,6,2000,5,2,1,1.0,6.0,75118,M,,,75
201000065128,10,1,7,1435,1,2,2,1.0,6.0,75118,M,,,75
201000065129,10,1,7,1455,1,2,5,8.0,6.0,75118,M,,,75
201000065130,10,1,7,1825,5,2,2,1.0,6.0,75118,M,,,75
201000065131,10,1,8,659,2,2,5,9.0,6.0,75118,M,,,75
201000065132,10,1,8,2205,5,2,5,4.0,6.0,75118,M,,,75
201000065133,10,1,11,900,1,2,2,1.0,6.0,75118,M,,,75
201000065134,10,1,11,1630,1,2,2,1.0,3.0,75118,M,,,75
201000065135,10,1,13,1410,1,2,1,1.0,2.0,75118,M,,,75
201000065136,10,1,13,2110,5,2,2,1.0,6.0,75118,M,,,75
201000065137,10,1,15,1740,5,2,1,1.0,6.0,75118,M,,,75
201000065138,10,1,17,1700,1,2,4,1.0,6.0,75118,M,,,75
201000065139,10,1,18,1520,1,2,1,1.0,7.0,75118,M,,,75
201000065140,10,1,19,1000,1,2,1,1.0,6.0,75118,M,,,75
201000065141,10,1,19,1518,1,2,5,8.0,2.0,75118,M,,,75
201000065142,10,1,20,840,1,2,2,2.0,6.0,75118,M,,,75
201000065143,10,1,20,1215,1,2,1,2.0,6.0,75118,M,,,75
201000065144,10,1,21,1830,5,2,2,1.0,6.0,75118,M,,,75
201000065145,10,1,23,725,5,2,1,2.0,7.0,75118,M,,,75
201000065146,10,1,23,2005,5,2,5,1.0,3.0,75118,M,,,75
201000065147,10,1,26,2055,5,2,4,1.0,3.0,75118,M,,,75
201000065148,10,1,28,1110,1,2,1,1.0,6.0,75118,M,,,75
201000065149,10,1,28,1730,2,2,3,2.0,6.0,75118,M,,,75
201000065150,10,1,29,1625,1,2,2,2.0,6.0,75118,M,,,75
201000065151,10,1,29,2158,5,2,4,2.0,3.0,75118,M,,,75
201000065152,10,1,26,2310,5,2,1,8.0,2.0,75118,M,,,75
201000065153,10,1,30,1530,1,2,2,8.0,3.0,75118,M,,,75
201000065154,10,2,1,2115,5,2,1,1.0,6.0,75118,M,,,75
201000065155,10,2,2,1615,1,2,3,2.0,6.0,75118,M,,,75
201000065156,10,2,2,2040,5,2,5,2.0,3.0,75118,M,,,75
201000065157,10,2,4,1945,5,2,1,8.0,6.0,75118,M,,,75
201000065158,10,2,5,1930,5,2,5,1.0,6.0,75118,M,,,75
201000065159,10,2,6,350,5,2,1,3.0,6.0,75118,M,,,75
201000065160,10,2,6,708,5,2,1,2.0,6.0,75118,M,,,75
201000065161,10,2,6,2009,5,2,5,1.0,6.0,75118,M,,,75
201000065162,10,2,7,30,5,2,3,1.0,3.0,75118,M,,,75
201000065163,10,10,8,1655,1,2,2,1.0,6.0,75118,M,,,75
201000065164,10,2,6,1842,5,2,2,2.0,6.0,75118,M,,,75
201000065165,10,2,11,1340,1,2,1,4.0,3.0,75118,M,,,75
201000065166,10,2,12,2200,5,2,1,1.0,6.0,75118,M,,,75
201000065167,10,2,13,1950,5,2,2,1.0,3.0,75118,M,,,75
201000065168,10,2,19,1630,1,2,1,1.0,6.0,75118,M,,,75
201000065169,10,2,20,1105,1,2,5,9.0,6.0,75118,M,,,75
201000065170,10,2,23,805,1,2,5,1.0,6.0,75118,M,,,75
201000065171,10,2,23,1645,1,1,1,1.0,2.0,75118,M,,,75
201000065172,10,2,24,1000,1,2,2,3.0,3.0,75118,M,,,75
201000065173,10,2,25,1505,1,2,5,9.0,6.0,75118,M,,,75
201000065174,10,2,26,1610,1,2,1,1.0,6.0,75118,M,,,75
201000065175,10,3,1,820,1,2,5,1.0,6.0,75118,M,,,75
201000065176,10,3,1,915,1,2,5,1.0,3.0,75118,M,,,75
201000065177,10,3,2,630,5,2,5,2.0,6.0,75118,M,,,75
201000065178,10,3,2,836,1,2,5,1.0,3.0,75118,M,,,75
201000065179,10,3,3,1535,1,2,1,1.0,6.0,75118,M,,,75
201000065180,10,3,6,1010,1,2,1,1.0,6.0,75118,M,,,75
201000065181,10,10,23,405,5,2,4,1.0,6.0,75118,M,,,75
201000065182,10,3,6,1940,5,2,1,1.0,3.0,75118,M,,,75
201000065183,10,3,8,125,5,2,1,1.0,6.0,75118,M,,,75
201000065184,10,3,9,1850,5,2,1,1.0,3.0,75118,M,,,75
201000065185,10,3,10,1620,1,2,1,1.0,6.0,75118,M,,,75
201000065186,10,3,11,1345,1,2,1,1.0,6.0,75118,M,,,75
201000065187,10,3,15,2236,4,2,5,1.0,3.0,75118,M,,,75
201000065188,10,3,16,840,1,2,1,1.0,6.0,75118,M,,,75
201000065189,10,3,16,1730,1,2,5,1.0,6.0,75118,M,,,75
201000065190,10,3,20,1115,1,2,1,1.0,3.0,75118,M,,,75
201000065191,10,3,20,1405,1,2,5,1.0,6.0,75118,M,,,75
201000065192,10,3,20,1440,1,2,4,1.0,6.0,75118,M,,,75
201000065193,10,3,20,1930,5,2,3,2.0,6.0,75118,M,,,75
201000065194,10,3,21,1700,1,2,5,1.0,3.0,75110,M,,,75
201000065195,10,3,23,1900,1,2,1,1.0,6.0,75118,M,,,75
201000065196,10,3,24,200,5,2,1,1.0,1.0,75118,M,,,75
201000065197,10,3,25,1830,2,2,5,8.0,3.0,75118,M,,,75
201000065198,10,3,26,1820,1,2,2,1.0,3.0,75118,M,,,75
201000065199,10,3,27,1021,1,2,1,8.0,6.0,75118,M,,,75
201000065200,10,3,29,910,1,2,1,1.0,3.0,75118,M,,,75
201000065201,10,4,1,1150,1,2,2,1.0,6.0,75118,M,,,75
201000065202,10,4,1,1650,1,2,4,1.0,3.0,75118,M,,,75
201000065203,10,4,1,2010,5,2,3,1.0,6.0,75118,M,,,75
201000065204,10,4,2,250,5,2,1,1.0,6.0,75118,M,,,75
201000065205,10,4,4,1110,1,2,5,8.0,6.0,75118,M,,,75
201000065206,10,4,4,2135,5,2,2,1.0,3.0,75118,M,,,75
201000065207,10,4,5,635,2,2,1,1.0,2.0,75118,M,,,75
201000065208,10,4,5,1510,1,2,5,1.0,3.0,75118,M,,,75
201000065209,10,4,5,2050,5,2,3,1.0,6.0,75118,M,,,75
201000065210,10,4,6,2112,5,2,2,1.0,6.0,75118,M,,,75
201000065211,10,4,7,1705,1,2,5,1.0,6.0,75118,M,,,75
201000065212,10,4,7,2250,5,2,1,1.0,2.0,75118,M,,,75
201000065213,10,4,8,1020,1,2,1,8.0,6.0,75118,M,,,75
201000065214,10,4,8,1608,1,2,1,1.0,6.0,75118,M,,,75
201000065215,10,4,9,445,3,2,1,1.0,6.0,75118,M,,,75
201000065216,10,4,10,1615,1,2,1,1.0,3.0,75118,M,,,75
201000065217,10,4,11,710,1,2,1,1.0,4.0,75118,M,,,75
201000065218,10,4,11,1746,1,2,1,1.0,6.0,75118,M,,,75
201000065219,10,4,12,635,1,2,2,1.0,3.0,75118,M,,,75
201000065220,10,4,12,1610,1,2,3,1.0,6.0,75118,M,,,75
201000065221,10,4,13,2100,5,2,1,2.0,6.0,75118,M,,,75
201000065222,10,4,14,900,1,2,5,8.0,6.0,75118,M,,,75
201000065223,10,4,15,1350,1,2,1,1.0,6.0,75118,M,,,75
201000065224,10,4,16,920,1,2,1,1.0,4.0,75118,M,,,75
201000065225,10,4,17,945,1,2,3,1.0,3.0,75118,M,,,75
201000065226,10,4,20,1145,1,2,2,1.0,6.0,75118,M,,,75
201000065227,10,4,21,1310,1,2,5,1.0,6.0,75118,M,,,75
201000065228,10,4,21,2245,5,2,1,1.0,3.0,75118,M,,,75
201000065229,10,4,23,1325,1,2,5,1.0,6.0,75118,M,,,75
201000065230,10,4,23,1850,1,2,1,1.0,6.0,75118,M,,,75
201000065231,10,4,25,2125,5,2,1,1.0,7.0,75118,M,,,75
201000065232,10,4,26,1110,1,2,5,1.0,3.0,75118,M,,,75
201000065233,10,4,27,2345,5,2,1,1.0,3.0,75118,M,,,75
201000065234,10,4,28,1100,1,2,5,1.0,7.0,75118,M,,,75
201000065235,10,4,28,2105,5,2,1,1.0,6.0,75118,M,,,75
201000065236,10,4,29,1425,1,2,1,1.0,6.0,75118,M,,,75
201000065237,10,4,29,1845,1,2,1,1.0,3.0,75118,M,,,75
201000065238,10,4,30,100,5,2,1,1.0,1.0,75118,M,,,75
201000065239,10,4,30,1630,1,2,5,1.0,6.0,75118,M,,,75
201000065240,10,5,1,1635,1,2,1,1.0,7.0,75118,M,,,75
201000065241,10,5,2,1600,1,2,1,2.0,7.0,75118,M,,,75
201000065242,10,5,2,1800,1,2,1,1.0,2.0,75118,M,,,75
201000065243,10,5,4,830,1,2,5,1.0,3.0,75118,M,,,75
201000065244,10,5,4,1200,1,2,2,1.0,3.0,75118,M,,,75
201000065245,10,5,4,1610,1,2,1,1.0,3.0,75118,M,,,75
201000065246,10,5,5,1855,1,2,2,1.0,6.0,75118,M,,,75
201000065247,10,5,7,1000,1,2,1,2.0,6.0,75118,M,,,75
201000065248,10,5,7,1520,1,2,3,1.0,6.0,75118,M,,,75
201000065249,10,5,7,2030,1,2,1,1.0,3.0,75118,M,,,75
201000065250,10,5,7,2230,5,2,2,1.0,3.0,75118,M,,,75
201000065251,10,5,8,1425,1,2,2,1.0,3.0,75118,M,,,75
201000065252,10,5,10,820,1,2,4,1.0,6.0,75118,M,,,75
201000065253,10,5,10,1000,1,2,2,1.0,6.0,75118,M,,,75
201000065254,10,5,10,1014,1,2,5,1.0,3.0,75118,M,,,75
201000065255,10,5,11,820,1,2,3,2.0,3.0,75118,M,,,75