Num_Acc,an,mois,jour,hrmn,lum,agg,int,atm,col,com,gps,lat,long,dep
201000065256,10,5,11,1730,1,2,1,2.0,6.0,75118,M,,,75
201000065257,10,5,14,1220,1,2,2,1.0,3.0,75118,M,,,75
201000065258,10,5,14,1445,1,2,3,8.0,6.0,75118,M,,,75
201000065259,10,5,15,1350,1,2,2,1.0,3.0,75118,M,,,75
201000065260,10,5,15,2215,5,2,3,1.0,3.0,75118,M,,,75
201000065261,10,5,17,1030,1,2,2,2.0,3.0,75118,M,,,75
201000065262,10,5,20,1630,1,2,3,1.0,2.0,75118,M,,,75
201000065263,10,5,21,1609,1,2,1,1.0,3.0,75118,M,,,75
201000065264,10,5,25,2235,5,2,1,1.0,2.0,75118,M,,,75
201000065265,10,5,25,2345,5,2,3,1.0,6.0,75118,M,,,75
201000065266,10,5,26,1445,1,2,1,8.0,6.0,75118,M,,,75
201000065267,10,5,26,1625,1,2,1,2.0,6.0,75118,M,,,75
201000065268,10,5,27,845,1,2,5,8.0,3.0,75118,M,,,75
201000065269,10,5,27,1850,1,2,1,2.0,7.0,75118,M,,,75
201000065270,10,5,27,1800,1,2,1,2.0,6.0,75118,M,,,75
201000065271,10,5,27,1945,1,2,1,2.0,6.0,75118,M,,,75
201000065272,10,5,28,1915,1,2,2,1.0,3.0,75118,M,,,75
201000065273,10,5,29,920,1,2,5,1.0,6.0,75118,M,,,75
201000065274,10,5,29,1430,1,2,1,1.0,6.0,75118,M,,,75
201000065275,10,5,29,1720,1,2,1,1.0,6.0,75118,M,,,75
201000065276,10,5,30,305,5,2,1,2.0,6.0,75118,M,,,75
201000065277,10,5,30,435,5,2,1,1.0,6.0,75118,M,,,75
201000065278,10,5,30,925,1,2,5,1.0,6.0,75118,M,,,75
201000065279,10,5,31,1625,1,2,1,1.0,6.0,75118,M,,,75
201000065280,10,6,1,15,5,2,1,1.0,6.0,75118,M,,,75
201000065281,10,6,1,1645,1,2,3,1.0,6.0,75118,M,,,75
201000065282,10,6,3,1110,1,2,4,1.0,3.0,75118,M,,,75
201000065283,10,6,3,1735,1,2,1,1.0,3.0,75118,M,,,75
201000065284,10,6,3,2345,5,2,4,1.0,2.0,75118,M,,,75
201000065285,10,6,5,730,2,2,2,1.0,6.0,75118,M,,,75
201000065286,10,6,7,300,5,2,2,1.0,3.0,75117,M,,,75
201000065287,10,6,10,1645,1,2,2,8.0,3.0,75118,M,,,75
201000065288,10,6,10,2205,5,2,2,1.0,6.0,75118,M,,,75
201000065289,10,6,12,200,5,2,2,2.0,7.0,75118,M,,,75
201000065290,10,6,12,1745,1,2,1,1.0,3.0,75118,M,,,75
201000065291,10,6,13,2245,5,2,1,1.0,6.0,75118,M,,,75
201000065292,10,6,16,1030,1,2,2,1.0,2.0,75118,M,,,75
201000065293,10,6,16,1515,1,2,1,1.0,3.0,75118,M,,,75
201000065294,10,6,16,1850,1,2,1,1.0,6.0,75118,M,,,75
201000065295,10,6,18,645,2,2,2,1.0,7.0,75118,M,,,75
201000065296,10,6,18,1513,1,2,1,1.0,3.0,75118,M,,,75
201000065297,10,6,19,1500,1,2,5,1.0,7.0,75118,M,,,75
201000065298,10,6,19,1930,1,2,2,2.0,6.0,75118,M,,,75
201000065299,10,6,20,1610,1,2,1,8.0,6.0,75118,M,,,75
201000065300,10,6,21,1125,1,2,1,1.0,6.0,75118,M,,,75
201000065301,10,6,22,1935,1,2,2,1.0,6.0,75118,M,,,75
201000065302,10,6,23,1102,1,2,3,1.0,3.0,75118,M,,,75
201000065303,10,6,23,1245,1,2,2,1.0,6.0,75118,M,,,75
201000065304,10,6,24,1055,1,2,1,1.0,3.0,75118,M,,,75
201000065305,10,6,24,1235,1,2,2,1.0,6.0,75118,M,,,75
201000065306,10,6,25,1020,1,2,1,1.0,6.0,75118,M,,,75
201000065307,10,6,25,1400,1,2,1,1.0,3.0,75118,M,,,75
201000065308,10,6,26,1000,1,2,3,1.0,2.0,75118,M,,,75
201000065309,10,6,26,1655,1,2,2,1.0,3.0,75118,M,,,75
201000065310,10,6,27,1635,1,2,3,1.0,6.0,75118,M,,,75
201000065311,10,6,29,1733,1,2,1,1.0,6.0,75118,M,,,75
201000065312,10,6,30,1825,1,2,1,1.0,3.0,75118,M,,,75
201000065313,10,7,1,950,1,2,1,1.0,3.0,75118,M,,,75
201000065314,10,7,1,1400,1,2,5,1.0,6.0,75118,M,,,75
201000065315,10,7,1,1740,1,2,4,1.0,6.0,75118,M,,,75
201000065316,10,7,2,1710,1,2,1,2.0,6.0,75118,M,,,75
201000065317,10,7,5,1950,1,2,1,1.0,6.0,75118,M,,,75
201000065318,10,7,6,25,5,2,1,1.0,2.0,75118,M,,,75
201000065319,10,7,6,1440,1,2,3,1.0,3.0,75118,M,,,75
201000065320,10,7,6,1515,1,2,5,1.0,6.0,75118,M,,,75
201000065321,10,7,7,845,1,2,1,1.0,6.0,75118,M,,,75
201000065322,10,7,7,2040,1,2,2,1.0,3.0,75118,M,,,75
201000065323,10,7,8,30,5,2,1,1.0,6.0,75118,M,,,75
201000065324,10,7,8,1610,1,2,2,1.0,6.0,75118,M,,,75
201000065325,10,7,8,1910,1,2,5,1.0,6.0,75118,M,,,75
201000065326,10,7,8,2027,1,2,1,1.0,6.0,75118,M,,,75
201000065327,10,7,8,2130,1,2,3,1.0,3.0,75118,M,,,75
201000065328,10,7,9,1520,1,2,5,1.0,3.0,75118,M,,,75
201000065329,10,7,10,715,2,2,1,1.0,6.0,75118,M,,,75
201000065330,10,7,10,1645,1,2,3,1.0,6.0,75118,M,,,75
201000065331,10,7,12,1300,1,2,1,1.0,6.0,75118,M,,,75
201000065332,10,7,12,1310,1,2,1,1.0,6.0,75118,M,,,75
201000065333,10,7,12,1625,1,2,1,1.0,3.0,75118,M,,,75
201000065334,10,7,13,430,5,2,1,1.0,2.0,75118,M,,,75
201000065335,10,7,13,905,1,2,5,1.0,6.0,75118,M,,,75
201000065336,10,7,13,1050,1,2,5,1.0,6.0,75118,M,,,75
201000065337,10,7,16,900,1,2,1,1.0,6.0,75118,M,,,75
201000065338,10,7,16,1045,1,2,1,1.0,6.0,75118,M,,,75
201000065339,10,7,16,1620,1,2,1,1.0,6.0,75118,M,,,75
201000065340,10,7,20,1515,1,2,2,1.0,2.0,75118,M,,,75
201000065341,10,7,21,1150,1,2,2,1.0,6.0,75118,M,,,75
201000065342,10,7,21,1915,1,2,2,2.0,3.0,75118,M,,,75
201000065343,10,7,22,1110,1,2,5,1.0,3.0,75118,M,,,75
201000065344,10,7,22,1830,1,2,1,1.0,6.0,75118,M,,,75
201000065345,10,7,24,2015,1,2,2,1.0,7.0,75118,M,,,75
201000065346,10,7,25,25,5,2,3,1.0,6.0,75118,M,,,75
201000065347,10,7,26,40,5,2,1,1.0,3.0,75118,M,,,75
201000065348,10,7,26,1145,1,2,1,1.0,6.0,75118,M,,,75
201000065349,10,7,26,1815,1,2,1,1.0,3.0,75118,M,,,75
201000065350,10,7,29,715,2,2,1,1.0,6.0,75118,M,,,75
201000065351,10,7,29,1215,1,2,5,1.0,6.0,75118,M,,,75
201000065352,10,7,29,1510,1,2,1,1.0,7.0,75118,M,,,75
201000065353,10,8,1,1940,1,2,1,1.0,4.0,75118,M,,,75
201000065354,10,8,3,1335,1,2,1,1.0,4.0,75118,M,,,75
201000065355,10,8,6,1155,1,2,2,1.0,3.0,75118,M,,,75
201000065356,10,8,6,1650,1,2,1,1.0,6.0,75118,M,,,75
201000065357,10,8,6,1820,1,2,1,1.0,3.0,75118,M,,,75
201000065358,10,8,7,1715,1,2,1,1.0,6.0,75118,M,,,75
201000065359,10,8,9,605,1,2,1,1.0,6.0,75118,M,,,75
201000065360,10,8,9,1825,1,2,4,1.0,6.0,75118,M,,,75
201000065361,10,8,14,1700,1,2,5,1.0,6.0,75118,M,,,75
201000065362,10,8,15,957,1,2,1,2.0,6.0,75118,M,,,75
201000065363,10,8,17,1420,1,2,3,1.0,3.0,75118,M,,,75
201000065364,10,8,19,1850,1,2,1,1.0,6.0,75118,M,,,75
201000065365,10,8,20,940,1,2,1,1.0,3.0,75118,M,,,75
201000065366,10,8,20,1410,1,2,1,1.0,3.0,75118,M,,,75
201000065367,10,8,21,1915,1,2,1,1.0,6.0,75118,M,,,75
201000065368,10,8,22,1930,1,2,1,1.0,6.0,75118,M,,,75
201000065369,10,8,24,1640,1,2,1,1.0,6.0,75118,M,,,75
201000065370,10,8,24,1750,1,2,5,1.0,3.0,75118,M,,,75
201000065371,10,8,25,1945,1,2,1,1.0,6.0,75118,M,,,75
201000065372,10,8,28,1940,1,2,2,1.0,3.0,75118,M,,,75
201000065373,10,8,30,1540,1,2,5,1.0,6.0,75117,M,,,75
201000065374,10,8,30,2015,1,2,1,1.0,6.0,75118,M,,,75
201000065375,10,8,31,2305,5,2,5,1.0,3.0,75118,M,,,75
201000065376,10,9,1,940,1,2,1,1.0,3.0,75118,M,,,75
201000065377,10,9,2,1255,1,2,1,1.0,6.0,75118,M,,,75
201000065378,10,9,3,1450,1,2,1,1.0,6.0,75118,M,,,75
201000065379,10,9,4,1710,1,2,2,1.0,6.0,75118,M,,,75
201000065380,10,9,3,2300,5,2,3,1.0,6.0,75118,M,,,75
201000065381,10,9,5,150,5,2,2,1.0,3.0,75118,M,,,75
201000065382,10,9,5,45,5,2,1,1.0,3.0,75118,M,,,75
201000065383,10,9,5,1440,1,2,1,1.0,2.0,75118,M,,,75
201000065384,10,9,6,1300,1,2,3,1.0,3.0,75118,M,,,75
201000065385,10,9,7,1210,1,2,1,1.0,6.0,75118,M,,,75
201000065386,10,9,7,1930,2,2,1,1.0,4.0,75118,M,,,75
201000065387,10,9,10,740,1,2,1,1.0,1.0,75118,M,,,75
201000065388,10,9,8,2015,2,2,2,1.0,6.0,75118,M,,,75
201000065389,10,9,11,2140,5,2,5,1.0,6.0,75118,M,,,75
201000065390,10,9,13,1440,1,2,1,1.0,6.0,75118,M,,,75
201000065391,10,9,10,850,1,2,2,1.0,6.0,75118,M,,,75
201000065392,10,9,14,1845,1,2,1,1.0,6.0,75118,M,,,75
201000065393,10,9,15,830,1,2,3,2.0,7.0,75118,M,,,75
201000065394,10,9,15,1530,1,2,1,1.0,6.0,75118,M,,,75
201000065395,10,9,15,1545,1,2,2,1.0,6.0,75118,M,,,75
201000065396,10,9,16,100,5,2,1,1.0,3.0,75118,M,,,75
201000065397,10,9,16,830,1,2,1,1.0,4.0,75118,M,,,75
201000065398,10,9,17,1400,1,2,2,1.0,7.0,75118,M,,,75
201000065399,10,9,18,1607,1,2,4,1.0,6.0,75118,M,,,75
201000065400,10,9,20,925,1,2,2,1.0,6.0,75118,M,,,75
201000065401,10,9,21,1750,1,2,2,1.0,1.0,75118,M,,,75
201000065402,10,9,22,900,1,2,1,1.0,6.0,75118,M,,,75
201000065403,10,9,22,1415,2,2,5,1.0,6.0,75118,M,,,75
201000065404,10,9,22,1435,1,2,5,1.0,3.0,75118,M,,,75
201000065405,10,9,24,830,1,2,2,2.0,1.0,75118,M,,,75
201000065406,10,9,24,1725,1,2,2,2.0,3.0,75118,M,,,75
201000065407,10,9,26,10,5,2,1,2.0,6.0,75118,M,,,75
201000065408,10,9,26,1550,1,2,2,2.0,3.0,75118,M,,,75
201000065409,10,9,27,350,5,2,2,2.0,3.0,75118,M,,,75
201000065410,10,9,29,1930,5,2,1,1.0,3.0,75118,M,,,75
201000065411,10,9,30,1325,1,2,5,1.0,6.0,75118,M,,,75
201000065412,10,9,30,1355,1,2,1,1.0,3.0,75118,M,,,75
201000065413,10,10,1,1218,1,2,1,1.0,2.0,75118,M,,,75
201000065414,10,10,1,1600,1,2,5,2.0,6.0,75118,M,,,75
201000065415,10,10,2,1320,1,2,2,2.0,7.0,75118,M,,,75
201000065416,10,10,3,1207,1,2,4,1.0,2.0,75118,M,,,75
201000065417,10,10,5,1050,1,2,3,2.0,3.0,75118,M,,,75
201000065418,10,10,6,1435,1,2,2,1.0,6.0,75118,M,,,75
201000065419,10,10,6,2015,5,2,2,2.0,2.0,75118,M,,,75
201000065420,10,10,9,2140,5,2,3,1.0,3.0,75118,M,,,75
201000065421,10,10,10,700,5,2,5,1.0,6.0,75118,M,,,75
201000065422,10,10,10,1205,1,2,5,1.0,6.0,75118,M,,,75
201000065423,10,10,11,840,1,2,1,1.0,6.0,75118,M,,,75
201000065424,10,10,13,1025,1,2,3,1.0,1.0,75118,M,,,75
201000065425,10,10,14,940,1,2,3,1.0,6.0,75118,M,,,75
201000065426,10,10,14,1655,1,2,1,1.0,6.0,75118,M,,,75
201000065427,10,10,14,1810,1,2,1,1.0,2.0,75118,M,,,75
201000065428,10,10,15,2030,5,2,1,2.0,1.0,75118,M,,,75
201000065429,10,10,19,1555,1,2,5,8.0,6.0,75118,M,,,75
201000065430,10,10,21,2015,5,2,5,1.0,3.0,75118,M,,,75
201000065431,10,10,23,910,1,2,5,1.0,3.0,75118,M,,,75
201000065432,10,10,24,1120,1,2,1,1.0,7.0,75118,M,,,75
201000065433,10,10,25,810,2,2,1,1.0,7.0,75118,M,,,75
201000065434,10,10,26,840,1,2,1,1.0,6.0,75118,M,,,75
201000065435,10,10,26,910,1,2,2,1.0,7.0,75118,M,,,75
201000065436,10,10,26,1735,1,2,5,1.0,3.0,75118,M,,,75
201000065437,10,10,28,1515,1,2,1,1.0,5.0,75118,M,,,75
201000065438,10,10,30,1605,1,2,1,1.0,3.0,75118,M,,,75
201000065439,10,10,30,1730,1,2,1,1.0,6.0,75118,M,,,75
201000065440,10,10,30,1840,5,2,1,1.0,6.0,75118,M,,,75
201000065441,10,10,30,545,3,2,4,2.0,6.0,75118,M,,,75
201000065442,10,10,31,520,5,2,5,2.0,1.0,75118,M,,,75
201000065443,10,11,2,1055,1,2,1,1.0,2.0,75118,M,,,75
201000065444,10,11,5,750,1,2,5,1.0,6.0,75118,M,,,75
201000065445,10,11,5,1245,1,2,2,1.0,3.0,75118,M,,,75
201000065446,10,11,5,1330,1,2,4,8.0,6.0,75118,M,,,75
201000065447,10,11,8,1940,2,2,1,2.0,7.0,75118,M,,,75
201000065448,10,11,8,2120,2,2,5,2.0,6.0,75118,M,,,75
201000065449,10,11,9,1745,5,2,1,2.0,6.0,75118,M,,,75
201000065450,10,11,10,1320,1,2,5,1.0,3.0,75118,M,,,75
201000065451,10,11,10,1930,5,2,1,1.0,3.0,75118,M,,,75
201000065452,10,11,11,2000,5,2,7,2.0,6.0,75118,M,,,75
201000065453,10,11,12,1200,1,2,3,8.0,3.0,75118,M,,,75
201000065454,10,11,13,2015,3,2,1,2.0,6.0,75118,M,,,75
201000065455,10,11,14,245,5,2,2,2.0,3.0,75118,M,,,75
201000065456,10,11,14,620,5,2,1,2.0,6.0,75118,M,,,75
201000065457,10,11,15,1300,1,2,2,1.0,6.0,75118,M,,,75
201000065458,10,11,16,2000,5,2,5,1.0,1.0,75118,M,,,75
201000065459,10,11,17,1415,1,2,1,1.0,6.0,75118,M,,,75
201000065460,10,11,18,1725,5,2,1,1.0,6.0,75118,M,,,75
201000065461,10,11,20,1345,1,2,3,1.0,6.0,75118,M,,,75
201000065462,10,11,21,1920,5,2,2,2.0,6.0,75118,M,,,75
201000065463,10,11,22,2330,5,2,3,1.0,3.0,75118,M,,,75
201000065464,10,11,23,1900,5,2,1,1.0,1.0,75118,M,,,75
201000065465,10,11,25,1300,1,2,5,1.0,2.0,75118,M,,,75
201000065466,10,11,25,1300,1,2,3,8.0,3.0,75118,M,,,75
201000065467,10,11,29,620,5,2,2,4.0,3.0,75118,M,,,75
201000065468,10,11,29,2030,5,2,1,1.0,6.0,75118,M,,,75
201000065469,10,11,30,5,4,2,5,1.0,3.0,75118,M,,,75
201000065470,10,12,1,915,1,2,1,1.0,6.0,75118,M,,,75
201000065471,10,12,2,1315,1,2,5,1.0,6.0,75118,M,,,75
201000065472,10,12,3,1430,1,2,1,1.0,6.0,75118,M,,,75
201000065473,10,12,6,1911,5,2,1,1.0,6.0,75118,M,,,75
201000065474,10,12,6,1930,5,2,2,1.0,3.0,75118,M,,,75
201000065475,10,12,7,710,5,2,2,1.0,3.0,75118,M,,,75
201000065476,10,12,12,2250,3,2,1,1.0,6.0,75118,M,,,75
201000065477,10,12,13,1945,5,2,5,1.0,2.0,75118,M,,,75
201000065478,10,12,14,1330,1,2,3,8.0,6.0,75118,M,,,75
201000065479,10,12,15,1415,1,2,5,1.0,7.0,75118,M,,,75
201000065480,10,12,16,830,1,2,5,1.0,6.0,75118,M,,,75
201000065481,10,12,16,2250,5,2,1,2.0,6.0,75118,M,,,75
201000065482,10,12,17,1625,2,2,2,4.0,3.0,75118,M,,,75
201000065483,10,12,17,1850,5,2,1,4.0,6.0,75118,M,,,75
201000065484,10,12,18,1745,5,2,5,4.0,6.0,75118,M,,,75
201000065485,10,12,21,120,5,2,1,2.0,6.0,75118,M,,,75
201000065486,10,12,21,1845,5,2,1,1.0,3.0,75118,M,,,75
201000065487,10,12,21,2030,5,2,1,2.0,4.0,75118,M,,,75
201000065488,10,12,23,1832,5,2,1,4.0,1.0,75118,M,,,75
201000065489,10,12,27,1730,5,2,1,1.0,6.0,75118,M,,,75
201000065490,10,12,29,630,5,2,1,1.0,2.0,75118,M,,,75
201000065491,10,12,29,1920,5,2,5,1.0,3.0,75118,M,,,75
201000065492,10,12,29,1815,5,2,1,1.0,6.0,75118,M,,,75
201000065493,10,12,30,1805,5,2,2,1.0,3.0,75118,M,,,75
201000065494,10,12,31,1410,1,2,2,1.0,3.0,75118,M,,,75
201000065495,10,12,31,1950,3,2,1,1.0,4.0,75118,M,,,75
201000065496,10,4,30,2015,1,2,2,1.0,3.0,75118,M,,,75
201000065497,10,7,9,2230,5,2,5,1.0,6.0,75118,M,,,75
201000065498,10,1,4,1930,3,2,1,1.0,6.0,75119,M,,,75
201000065499,10,1,5,945,1,2,3,1.0,3.0,75119,M,,,75
201000065500,10,1,5,1138,1,2,1,1.0,6.0,75119,M,,,75
201000065501,10,1,7,940,1,2,1,1.0,6.0,75119,M,,,75
201000065502,10,1,9,1330,1,2,1,4.0,6.0,75110,M,,,75
201000065503,10,1,11,1130,1,2,5,1.0,6.0,75119,M,,,75
201000065504,10,1,14,1830,5,2,1,1.0,6.0,75119,M,,,75
201000065505,10,1,18,1645,1,2,1,5.0,3.0,75119,M,,,75
201000065506,10,1,20,915,1,2,5,2.0,3.0,75119,M,,,75
201000065507,10,1,22,1645,1,2,1,1.0,7.0,75119,M,,,75
201000065508,10,1,23,115,5,2,1,1.0,6.0,75119,M,,,75
201000065509,10,1,25,1030,1,2,5,1.0,3.0,75119,M,,,75
201000065510,10,1,26,1920,5,2,5,1.0,3.0,75119,M,,,75
201000065511,10,2,1,2200,5,2,1,1.0,7.0,75119,M,,,75
201000065512,10,2,3,1600,1,2,1,1.0,5.0,75119,M,,,75
201000065513,10,2,4,625,2,2,2,1.0,3.0,75119,M,,,75
201000065514,10,2,4,1350,1,2,1,1.0,6.0,75119,M,,,75
201000065515,10,2,6,1415,1,2,5,1.0,3.0,75119,M,,,75
201000065516,10,2,7,220,5,2,1,9.0,6.0,75119,M,,,75
201000065517,10,2,10,1300,1,2,1,1.0,7.0,75119,M,,,75
201000065518,10,2,10,1550,1,2,1,4.0,4.0,75119,M,,,75
201000065519,10,2,12,1340,1,2,4,1.0,2.0,75119,M,,,75
201000065520,10,2,12,2025,5,2,2,1.0,6.0,75119,M,,,75
201000065521,10,2,17,1025,1,2,1,8.0,6.0,75119,M,,,75
201000065522,10,2,17,2240,5,2,1,8.0,3.0,75119,M,,,75
201000065523,10,2,19,1745,1,2,4,1.0,6.0,75119,M,,,75
201000065524,10,2,19,2215,5,2,1,1.0,6.0,75119,M,,,75
201000065525,10,2,25,1705,1,2,1,1.0,3.0,75119,M,,,75
201000065526,10,2,27,550,5,2,1,1.0,2.0,75119,M,,,75
201000065527,10,2,27,1550,1,2,1,1.0,3.0,75119,M,,,75
201000065528,10,3,4,1515,1,2,1,1.0,6.0,75119,M,,,75
201000065529,10,3,5,135,5,2,2,1.0,3.0,75119,M,,,75
201000065530,10,3,5,1815,1,2,3,1.0,6.0,75119,M,,,75
201000065531,10,3,10,1355,1,2,2,1.0,3.0,75119,M,,,75
201000065532,10,3,11,1615,1,2,5,1.0,6.0,75119,M,,,75
201000065533,10,3,15,1900,1,2,2,1.0,6.0,75119,M,,,75
201000065534,10,3,16,1730,1,2,5,1.0,6.0,75119,M,,,75
201000065535,10,3,20,1155,1,2,1,1.0,6.0,75119,M,,,75
201000065536,10,3,21,1225,1,2,2,8.0,3.0,75119,M,,,75
201000065537,10,3,21,1430,1,2,5,1.0,7.0,75119,M,,,75
201000065538,10,3,21,1915,5,2,5,1.0,3.0,75119,M,,,75
201000065539,10,3,22,1100,1,2,1,1.0,3.0,75119,M,,,75
201000065540,10,3,22,1500,1,2,3,1.0,6.0,75119,M,,,75
201000065541,10,3,23,1500,1,2,1,1.0,2.0,75119,M,,,75
201000065542,10,3,24,1205,1,2,2,1.0,6.0,75119,M,,,75
201000065543,10,3,26,1830,1,2,2,1.0,6.0,75119,M,,,75
201000065544,10,3,27,920,1,2,5,2.0,6.0,75119,M,,,75
201000065545,10,3,27,1800,1,2,2,1.0,3.0,75119,M,,,75
201000065546,10,3,27,2110,5,2,3,2.0,6.0,75119,M,,,75
201000065547,10,3,27,2340,5,2,1,1.0,3.0,75119,M,,,75
201000065548,10,4,2,1500,1,2,2,2.0,2.0,75119,M,,,75
201000065549,10,4,6,1420,1,2,1,1.0,7.0,75119,M,,,75
201000065550,10,4,6,1520,1,2,5,1.0,6.0,75119,M,,,75
201000065551,10,4,7,1345,1,2,1,1.0,6.0,75119,M,,,75
201000065552,10,4,7,1550,1,2,5,1.0,3.0,75119,M,,,75
201000065553,10,4,8,1015,1,2,1,8.0,6.0,75119,M,,,75
201000065554,10,4,9,1850,1,2,1,1.0,3.0,75119,M,,,75
201000065555,10,4,10,1420,1,2,3,1.0,6.0,75119,M,,,75
201000065556,10,4,10,1600,1,2,5,1.0,6.0,75119,M,,,75
201000065557,10,4,11,1530,1,2,1,1.0,6.0,75119,M,,,75
201000065558,10,4,12,1109,1,2,1,1.0,6.0,75119,M,,,75
201000065559,10,4,12,2210,5,2,5,1.0,3.0,75119,M,,,75
201000065560,10,4,13,10,5,2,3,1.0,6.0,75119,M,,,75
201000065561,10,4,13,1325,1,2,2,1.0,6.0,75119,M,,,75
201000065562,10,4,14,1455,1,2,5,1.0,3.0,75119,M,,,75
201000065563,10,4,14,1600,1,2,1,1.0,6.0,75119,M,,,75
201000065564,10,4,15,650,2,2,5,1.0,7.0,75119,M,,,75
201000065565,10,4,15,725,1,2,1,1.0,3.0,75119,M,,,75
201000065566,10,4,15,1140,1,2,1,1.0,3.0,75119,M,,,75
201000065567,10,4,15,1515,1,2,1,1.0,6.0,75119,M,,,75
201000065568,10,4,16,815,1,2,1,1.0,6.0,75119,M,,,75
201000065569,10,4,16,845,1,2,5,1.0,6.0,75119,M,,,75
201000065570,10,4,16,1800,1,2,1,1.0,6.0,75119,M,,,75
201000065571,10,4,18,2320,5,2,5,1.0,2.0,75119,M,,,75
201000065572,10,4,19,1500,1,2,2,1.0,6.0,75119,M,,,75
201000065573,10,4,20,213,5,2,2,1.0,3.0,75119,M,,,75
201000065574,10,4,21,100,5,2,5,1.0,3.0,75119,M,,,75
201000065575,10,4,23,940,1,2,1,1.0,3.0,75119,M,,,75
201000065576,10,4,23,1245,1,2,1,1.0,3.0,75119,M,,,75
201000065577,10,4,23,1630,1,2,5,1.0,6.0,75119,M,,,75
201000065578,10,4,23,1900,1,2,3,1.0,6.0,75119,M,,,75
201000065579,10,4,24,220,5,2,5,1.0,3.0,75120,M,,,75
201000065580,10,4,25,845,1,2,5,1.0,3.0,75119,M,,,75
201000065581,10,4,25,1520,1,2,5,1.0,3.0,75119,M,,,75
201000065582,10,4,26,1230,1,2,1,1.0,3.0,75119,M,,,75
201000065583,10,4,27,305,4,2,1,1.0,6.0,75119,M,,,75
201000065584,10,4,28,1300,1,2,1,1.0,2.0,75119,M,,,75
201000065585,10,4,30,1810,1,2,2,1.0,3.0,75119,M,,,75
201000065586,10,5,1,2115,5,2,5,1.0,3.0,75119,M,,,75
201000065587,10,5,2,2135,5,2,1,1.0,6.0,75119,M,,,75
201000065588,10,5,3,100,5,2,1,1.0,2.0,75119,M,,,75
201000065589,10,5,3,820,1,2,1,8.0,6.0,75119,M,,,75
201000065590,10,5,4,1000,1,2,1,1.0,3.0,75119,M,,,75
201000065591,10,5,4,2130,5,2,2,1.0,6.0,75119,M,,,75
201000065592,10,5,5,1915,1,2,1,1.0,2.0,75119,M,,,75
201000065593,10,5,5,1845,1,2,1,1.0,3.0,75119,M,,,75
201000065594,10,5,6,800,1,2,1,1.0,6.0,75119,M,,,75
201000065595,10,5,6,1146,1,2,1,1.0,6.0,75119,M,,,75
201000065596,10,5,7,1600,1,2,3,1.0,3.0,75119,M,,,75
201000065597,10,5,7,1745,1,2,1,1.0,6.0,75119,M,,,75
201000065598,10,5,9,240,5,2,2,1.0,6.0,75119,M,,,75
201000065599,10,5,9,1030,1,2,3,1.0,3.0,75119,M,,,75
201000065600,10,5,13,510,5,2,3,1.0,5.0,75119,M,,,75
201000065601,10,5,14,1040,1,2,1,1.0,3.0,75119,M,,,75
201000065602,10,5,16,1602,1,2,4,1.0,6.0,75119,M,,,75
201000065603,10,5,17,758,1,2,1,1.0,4.0,75119,M,,,75
201000065604,10,5,17,1145,1,2,3,2.0,2.0,75119,M,,,75
201000065605,10,5,19,2315,5,2,5,1.0,6.0,75119,M,,,75
201000065606,10,5,19,1830,1,2,5,1.0,3.0,75119,M,,,75
201000065607,10,5,22,745,5,2,1,1.0,6.0,75119,M,,,75
201000065608,10,5,22,1520,1,2,1,1.0,6.0,75119,M,,,75
201000065609,10,5,23,1655,1,2,1,1.0,6.0,75119,M,,,75
201000065610,10,5,24,1815,1,2,7,1.0,1.0,75119,M,,,75
201000065611,10,5,24,1915,1,2,1,1.0,6.0,75119,M,,,75
201000065612,10,5,25,1600,1,1,2,1.0,6.0,75119,M,,,75
201000065613,10,5,25,1650,1,2,4,1.0,6.0,75119,M,,,75
201000065614,10,5,26,1345,1,2,2,8.0,3.0,75119,M,,,75
201000065615,10,5,27,1730,1,2,1,2.0,3.0,75119,M,,,75
201000065616,10,5,27,1905,1,2,3,2.0,6.0,75119,M,,,75
201000065617,10,5,28,1310,1,2,2,1.0,1.0,75119,M,,,75
201000065618,10,5,31,1615,1,2,3,1.0,3.0,75119,M,,,75
201000065619,10,6,4,1855,1,2,1,1.0,1.0,75119,M,,,75
201000065620,10,6,5,1915,1,2,5,1.0,3.0,75119,M,,,75
201000065621,10,6,7,1120,1,2,1,1.0,2.0,75119,M,,,75
201000065622,10,6,8,1240,1,2,1,1.0,3.0,75119,M,,,75
201000065623,10,6,8,1740,1,2,1,1.0,6.0,75119,M,,,75
201000065624,10,6,9,1745,1,2,6,3.0,6.0,75119,M,,,75
201000065625,10,6,9,1835,1,2,3,3.0,3.0,75119,M,,,75
201000065626,10,6,10,845,1,2,2,2.0,3.0,75119,M,,,75
201000065627,10,6,10,1045,1,2,7,2.0,6.0,75119,M,,,75
201000065628,10,6,10,1035,1,2,3,1.0,6.0,75119,M,,,75
201000065629,10,6,11,945,1,2,1,1.0,7.0,75119,M,,,75
201000065630,10,6,11,1820,1,2,3,1.0,6.0,75119,M,,,75
201000065631,10,6,11,2205,5,2,3,1.0,6.0,75119,M,,,75
201000065632,10,6,12,1820,1,2,1,1.0,6.0,75119,M,,,75
201000065633,10,6,13,2257,5,2,2,1.0,3.0,75119,M,,,75
201000065634,10,6,14,1515,1,2,1,3.0,6.0,75119,M,,,75
201000065635,10,6,14,1710,1,2,2,1.0,6.0,75119,M,,,75
201000065636,10,6,15,115,5,2,2,1.0,6.0,75119,M,,,75
201000065637,10,6,16,1140,1,2,2,1.0,6.0,75119,M,,,75
201000065638,10,6,16,1620,1,2,1,1.0,6.0,75119,M,,,75
201000065639,10,6,18,825,1,2,1,8.0,6.0,75119,M,,,75
201000065640,10,6,18,2115,2,2,1,1.0,6.0,75119,M,,,75