Num_Acc,an,mois,jour,hrmn,lum,agg,int,atm,col,com,gps,lat,long,dep
201000065641,10,6,19,1705,1,2,2,1.0,7.0,75119,M,,,75
201000065642,10,6,21,1540,1,2,1,1.0,6.0,75119,M,,,75
201000065643,10,6,22,1845,1,2,2,1.0,6.0,75119,M,,,75
201000065644,10,6,22,1930,1,2,1,1.0,6.0,75119,M,,,75
201000065645,10,6,23,1205,1,2,1,1.0,6.0,75119,M,,,75
201000065646,10,6,24,720,1,2,1,1.0,3.0,75119,M,,,75
201000065647,10,6,25,805,1,2,7,1.0,1.0,75119,M,,,75
201000065648,10,6,25,1430,1,2,2,1.0,2.0,75119,M,,,75
201000065649,10,6,25,2110,1,2,2,1.0,1.0,75119,M,,,75
201000065650,10,6,27,1830,1,2,1,1.0,1.0,75119,M,,,75
201000065651,10,6,28,1250,1,2,2,1.0,6.0,75119,M,,,75
201000065652,10,6,28,1535,1,2,2,7.0,6.0,75119,M,,,75
201000065653,10,6,28,1920,1,2,4,1.0,6.0,75119,M,,,75
201000065654,10,6,30,1600,1,2,1,1.0,6.0,75119,M,,,75
201000065655,10,7,2,45,5,2,1,1.0,6.0,75119,M,,,75
201000065656,10,7,2,907,1,2,1,1.0,3.0,75119,M,,,75
201000065657,10,7,3,2230,5,2,1,1.0,6.0,75119,M,,,75
201000065658,10,7,5,1335,1,2,1,8.0,6.0,75119,M,,,75
201000065659,10,7,6,1440,2,2,1,1.0,3.0,75119,M,,,75
201000065660,10,7,6,1725,1,2,1,1.0,6.0,75119,M,,,75
201000065661,10,7,6,1845,1,2,1,1.0,3.0,75119,M,,,75
201000065662,10,7,7,15,5,2,1,1.0,3.0,75119,M,,,75
201000065663,10,7,7,1220,1,2,1,1.0,6.0,75119,M,,,75
201000065664,10,7,7,1325,1,2,3,1.0,3.0,75119,M,,,75
201000065665,10,7,7,2140,2,2,1,1.0,3.0,75119,M,,,75
201000065666,10,7,9,2330,5,2,5,1.0,3.0,75119,M,,,75
201000065667,10,7,9,1625,1,2,2,1.0,3.0,75119,M,,,75
201000065668,10,7,10,645,1,2,3,1.0,6.0,75119,M,,,75
201000065669,10,7,11,110,5,2,1,1.0,2.0,75119,M,,,75
201000065670,10,7,11,2020,1,2,3,1.0,3.0,75119,M,,,75
201000065671,10,7,11,2250,5,2,5,1.0,3.0,75119,M,,,75
201000065672,10,7,13,2020,1,2,1,1.0,2.0,75119,M,,,75
201000065673,10,7,15,1420,1,2,5,1.0,6.0,75119,M,,,75
201000065674,10,7,16,1135,1,2,1,1.0,3.0,75119,M,,,75
201000065675,10,7,17,330,5,2,1,1.0,6.0,75119,M,,,75
201000065676,10,7,18,1345,1,2,1,1.0,2.0,75119,M,,,75
201000065677,10,7,20,1420,1,2,2,1.0,6.0,75119,M,,,75
201000065678,10,7,22,2000,1,2,1,1.0,6.0,75119,M,,,75
201000065679,10,7,22,1945,1,2,5,1.0,3.0,75119,M,,,75
201000065680,10,7,22,2225,5,2,3,1.0,6.0,75119,M,,,75
201000065681,10,7,22,1415,1,2,1,1.0,3.0,75119,M,,,75
201000065682,10,7,25,1,5,2,3,1.0,6.0,75119,M,,,75
201000065683,10,7,25,2040,1,2,1,1.0,3.0,75119,M,,,75
201000065684,10,7,26,2108,2,2,1,2.0,7.0,75119,M,,,75
201000065685,10,7,30,1505,1,2,2,1.0,3.0,75119,M,,,75
201000065686,10,7,31,1710,1,2,1,1.0,3.0,75119,M,,,75
201000065687,10,8,4,1645,1,2,1,1.0,6.0,75120,M,,,75
201000065688,10,8,5,20,5,2,2,1.0,6.0,75119,M,,,75
201000065689,10,8,7,2340,5,2,1,2.0,7.0,75119,M,,,75
201000065690,10,8,10,1035,1,2,2,1.0,3.0,75119,M,,,75
201000065691,10,8,17,255,5,2,1,2.0,7.0,75119,M,,,75
201000065692,10,8,19,300,5,2,2,1.0,6.0,75119,M,,,75
201000065693,10,8,19,1740,1,2,1,1.0,3.0,75119,M,,,75
201000065694,10,8,19,1950,1,2,5,1.0,3.0,75119,M,,,75
201000065695,10,8,11,1530,1,2,2,1.0,3.0,75119,M,,,75
201000065696,10,8,20,1730,1,2,2,1.0,6.0,75119,M,,,75
201000065697,10,8,21,1500,1,2,4,1.0,2.0,75119,M,,,75
201000065698,10,8,21,2100,5,2,1,1.0,6.0,75119,M,,,75
201000065699,10,8,23,1720,1,2,5,1.0,6.0,75119,M,,,75
201000065700,10,8,24,1530,1,2,3,1.0,6.0,75119,M,,,75
201000065701,10,8,27,1910,2,2,1,2.0,6.0,75119,M,,,75
201000065702,10,8,30,1215,1,2,3,1.0,7.0,75119,M,,,75
201000065703,10,9,1,930,1,2,2,1.0,3.0,75119,M,,,75
201000065704,10,9,1,1820,1,2,1,1.0,2.0,75119,M,,,75
201000065705,10,9,2,1645,1,2,1,1.0,6.0,75119,M,,,75
201000065706,10,9,3,1840,1,2,5,1.0,3.0,75119,M,,,75
201000065707,10,9,4,2045,5,2,1,1.0,6.0,75119,M,,,75
201000065708,10,9,6,1745,1,2,1,8.0,4.0,75119,M,,,75
201000065709,10,9,8,1430,1,2,1,2.0,6.0,75119,M,,,75
201000065710,10,9,8,1650,1,2,5,2.0,2.0,75119,M,,,75
201000065711,10,9,12,1810,1,2,2,1.0,3.0,75119,M,,,75
201000065712,10,9,14,1435,1,2,2,1.0,6.0,75119,M,,,75
201000065713,10,9,14,2020,4,2,3,1.0,6.0,75119,M,,,75
201000065714,10,9,14,2340,5,2,1,1.0,3.0,75119,M,,,75
201000065715,10,9,15,810,2,2,1,2.0,3.0,75119,M,,,75
201000065716,10,9,17,1310,1,2,2,1.0,3.0,75119,M,,,75
201000065717,10,9,18,1945,5,2,2,1.0,1.0,75119,M,,,75
201000065718,10,9,20,920,1,2,5,1.0,3.0,75119,M,,,75
201000065719,10,9,21,2040,5,2,1,1.0,3.0,75119,M,,,75
201000065720,10,9,22,900,1,2,1,1.0,4.0,75119,M,,,75
201000065721,10,9,22,1710,1,2,5,1.0,6.0,75119,M,,,75
201000065722,10,9,23,745,1,2,1,1.0,5.0,75119,M,,,75
201000065723,10,9,26,1250,1,2,1,1.0,6.0,75119,M,,,75
201000065724,10,9,26,1640,1,2,3,2.0,3.0,75119,M,,,75
201000065725,10,9,28,1845,2,2,1,1.0,6.0,75119,M,,,75
201000065726,10,9,29,1715,1,2,1,1.0,6.0,75119,M,,,75
201000065727,10,9,29,1900,1,2,2,1.0,6.0,75119,M,,,75
201000065728,10,10,5,1355,1,2,1,8.0,4.0,75119,M,,,75
201000065729,10,10,5,1715,1,2,7,2.0,6.0,75119,M,,,75
201000065730,10,10,6,900,1,2,2,1.0,6.0,75119,M,,,75
201000065731,10,10,6,1330,1,2,1,1.0,6.0,75119,M,,,75
201000065732,10,10,7,1635,1,2,1,1.0,6.0,75119,M,,,75
201000065733,10,10,11,1815,1,2,2,1.0,6.0,75119,M,,,75
201000065734,10,10,12,1010,1,2,3,7.0,6.0,75119,M,,,75
201000065735,10,10,12,1812,1,2,1,1.0,3.0,75119,M,,,75
201000065736,10,10,12,2010,5,2,3,1.0,6.0,75119,M,,,75
201000065737,10,10,14,1430,1,2,1,1.0,4.0,75119,M,,,75
201000065738,10,10,14,1530,1,2,1,1.0,3.0,75119,M,,,75
201000065739,10,10,15,910,1,2,1,1.0,3.0,75119,M,,,75
201000065740,10,10,15,2115,5,2,2,2.0,3.0,75119,M,,,75
201000065741,10,10,6,2345,5,2,1,8.0,3.0,75119,M,,,75
201000065742,10,10,15,2330,5,2,4,1.0,3.0,75119,M,,,75
201000065743,10,10,18,830,1,2,4,1.0,3.0,75119,M,,,75
201000065744,10,10,18,1430,1,2,1,1.0,6.0,75119,M,,,75
201000065745,10,10,20,930,1,2,4,1.0,3.0,75119,M,,,75
201000065746,10,10,19,1425,1,2,1,1.0,6.0,75119,M,,,75
201000065747,10,10,21,1,5,2,2,1.0,3.0,75119,M,,,75
201000065748,10,10,21,1720,1,2,1,1.0,6.0,75119,M,,,75
201000065749,10,10,22,2100,5,2,1,1.0,6.0,75119,M,,,75
201000065750,10,10,23,1505,1,2,1,2.0,7.0,75119,M,,,75
201000065751,10,10,25,1036,1,2,1,1.0,4.0,75119,M,,,75
201000065752,10,10,26,2300,5,2,2,1.0,3.0,75119,M,,,75
201000065753,10,10,27,1300,1,2,1,1.0,7.0,75119,M,,,75
201000065754,10,10,27,1700,1,2,2,1.0,6.0,75119,M,,,75
201000065755,10,10,27,2040,5,2,1,1.0,3.0,75119,M,,,75
201000065756,10,10,28,2000,5,2,1,1.0,6.0,75119,M,,,75
201000065757,10,11,2,1240,1,2,1,8.0,3.0,75119,M,,,75
201000065758,10,11,5,715,2,2,1,1.0,6.0,75119,M,,,75
201000065759,10,11,5,1755,5,2,2,1.0,6.0,75119,M,,,75
201000065760,10,11,6,2300,5,2,1,3.0,6.0,75119,M,,,75
201000065761,10,11,7,2340,5,2,4,3.0,6.0,75119,M,,,75
201000065762,10,11,8,1415,1,2,3,3.0,6.0,75119,M,,,75
201000065763,10,11,9,1250,1,2,3,3.0,3.0,75119,M,,,75
201000065764,10,11,9,1625,1,2,1,8.0,2.0,75119,M,,,75
201000065765,10,11,10,745,2,2,3,2.0,3.0,75119,M,,,75
201000065766,10,11,10,1030,1,2,2,2.0,3.0,75119,M,,,75
201000065767,10,11,10,1255,1,2,5,1.0,6.0,75119,M,,,75
201000065768,10,11,15,1410,1,2,3,1.0,6.0,75119,M,,,75
201000065769,10,11,17,1635,1,2,1,1.0,2.0,75119,M,,,75
201000065770,10,11,18,1410,1,2,2,1.0,6.0,75119,M,,,75
201000065771,10,11,18,2030,5,2,1,2.0,6.0,75119,M,,,75
201000065772,10,11,18,2245,5,2,3,2.0,2.0,75119,M,,,75
201000065773,10,11,20,1805,5,2,2,1.0,6.0,75119,M,,,75
201000065774,10,11,21,1645,2,2,2,2.0,6.0,75119,M,,,75
201000065775,10,11,21,1735,5,2,2,2.0,1.0,75119,M,,,75
201000065776,10,11,21,2150,5,2,2,2.0,3.0,75119,M,,,75
201000065777,10,11,22,838,2,2,3,1.0,6.0,75119,M,,,75
201000065778,10,11,22,1020,1,2,4,1.0,3.0,75119,M,,,75
201000065779,10,11,22,1025,1,2,3,8.0,3.0,75119,M,,,75
201000065780,10,11,23,1650,2,2,3,1.0,6.0,75119,M,,,75
201000065781,10,11,23,1815,5,2,5,1.0,7.0,75119,M,,,75
201000065782,10,11,23,1830,5,2,2,1.0,6.0,75119,M,,,75
201000065783,10,11,24,920,1,2,2,1.0,3.0,75119,M,,,75
201000065784,10,11,24,1000,1,2,7,1.0,7.0,75119,M,,,75
201000065785,10,11,24,1630,2,2,1,1.0,3.0,75119,M,,,75
201000065786,10,11,25,740,2,2,2,2.0,6.0,75119,M,,,75
201000065787,10,11,26,1800,5,2,2,8.0,6.0,75119,M,,,75
201000065788,10,11,27,2135,5,2,2,1.0,1.0,75119,M,,,75
201000065789,10,11,29,2110,5,2,2,1.0,3.0,75119,M,,,75
201000065790,10,12,1,910,1,2,1,8.0,6.0,75119,M,,,75
201000065791,10,12,1,1540,1,2,3,4.0,6.0,75119,M,,,75
201000065792,10,12,2,1540,1,2,3,8.0,2.0,75119,M,,,75
201000065793,10,12,2,1815,5,2,1,1.0,6.0,75119,M,,,75
201000065794,10,12,2,1900,5,2,5,1.0,6.0,75119,M,,,75
201000065795,10,12,3,2310,5,2,1,1.0,6.0,75119,M,,,75
201000065796,10,12,3,1700,2,2,1,1.0,7.0,75119,M,,,75
201000065797,10,12,4,2105,5,2,1,8.0,2.0,75119,M,,,75
201000065798,10,12,5,1045,1,2,1,1.0,3.0,75119,M,,,75
201000065799,10,12,5,2020,5,2,1,1.0,2.0,75119,M,,,75
201000065800,10,12,5,2120,5,2,5,8.0,6.0,75119,M,,,75
201000065801,10,12,6,1,5,2,5,1.0,2.0,75119,M,,,75
201000065802,10,12,6,1430,1,2,1,2.0,7.0,75119,M,,,75
201000065803,10,12,6,1840,5,2,2,1.0,6.0,75119,M,,,75
201000065804,10,12,7,1835,2,2,2,2.0,6.0,75119,M,,,75
201000065805,10,12,8,1100,1,2,5,2.0,6.0,75119,M,,,75
201000065806,10,12,9,1755,5,2,1,8.0,6.0,75119,M,,,75
201000065807,10,12,10,650,5,2,5,4.0,2.0,75119,M,,,75
201000065808,10,12,10,2225,5,2,5,8.0,6.0,75119,M,,,75
201000065809,10,12,11,920,1,2,1,8.0,3.0,75119,M,,,75
201000065810,10,12,11,2305,5,2,3,1.0,6.0,75119,M,,,75
201000065811,10,12,12,2115,5,2,2,1.0,6.0,75119,M,,,75
201000065812,10,12,15,2345,5,2,5,1.0,3.0,75119,M,,,75
201000065813,10,12,17,1620,1,2,1,1.0,6.0,75119,M,,,75
201000065814,10,12,17,1805,5,2,1,4.0,6.0,75119,M,,,75
201000065815,10,12,22,1210,1,2,1,1.0,6.0,75119,M,,,75
201000065816,10,12,22,1440,1,2,1,8.0,3.0,75119,M,,,75
201000065817,10,12,28,1910,5,2,2,2.0,6.0,75119,M,,,75
201000065818,10,12,30,950,1,2,3,1.0,6.0,75119,M,,,75
201000065819,10,12,30,1145,1,2,2,1.0,3.0,75119,M,,,75
201000065820,10,9,8,200,5,2,1,3.0,7.0,75119,M,,,75
201000065821,10,8,20,2250,3,2,4,1.0,3.0,75119,M,,,75
201000065822,10,4,3,1810,1,2,5,2.0,7.0,75119,M,,,75
201000065823,10,1,4,500,5,2,5,1.0,6.0,75120,M,,,75
201000065824,10,1,4,1450,1,2,1,1.0,6.0,75120,M,,,75
201000065825,10,1,5,855,1,2,4,8.0,3.0,75120,M,,,75
201000065826,10,1,5,1830,5,2,1,1.0,6.0,75120,M,,,75
201000065827,10,1,6,10,5,2,4,1.0,6.0,75120,M,,,75
201000065828,10,1,7,1505,1,2,3,1.0,6.0,75120,M,,,75
201000065829,10,1,8,1240,1,2,4,1.0,2.0,75120,M,,,75
201000065830,10,1,9,1445,1,2,1,8.0,6.0,75120,M,,,75
201000065831,10,1,9,1605,1,2,2,4.0,1.0,75120,M,,,75
201000065832,10,1,11,1815,5,2,2,1.0,6.0,75120,M,,,75
201000065833,10,1,12,1015,1,2,1,1.0,1.0,75120,M,,,75
201000065834,10,1,13,2020,5,2,1,1.0,6.0,75120,M,,,75
201000065835,10,1,14,835,1,2,1,1.0,6.0,75120,M,,,75
201000065836,10,1,15,740,5,2,1,2.0,7.0,75120,M,,,75
201000065837,10,1,16,1130,1,2,5,2.0,6.0,75120,M,,,75
201000065838,10,1,16,1935,5,2,1,2.0,7.0,75120,M,,,75
201000065839,10,1,20,740,5,2,2,2.0,6.0,75120,M,,,75
201000065840,10,1,20,1020,1,2,1,2.0,6.0,75120,M,,,75
201000065841,10,1,20,1630,1,2,3,2.0,6.0,75120,M,,,75
201000065842,10,1,25,900,1,2,1,1.0,3.0,75120,M,,,75
201000065843,10,1,27,1855,5,2,1,1.0,6.0,75120,M,,,75
201000065844,10,1,28,1205,1,2,5,8.0,6.0,75120,M,,,75
201000065845,10,1,28,2010,5,2,1,1.0,6.0,75120,M,,,75
201000065846,10,1,31,1840,5,2,1,1.0,6.0,75120,M,,,75
201000065847,10,2,1,1010,1,2,2,4.0,3.0,75120,M,,,75
201000065848,10,2,6,1440,1,2,1,2.0,6.0,75119,M,,,75
201000065849,10,2,7,1900,5,2,1,8.0,6.0,75120,M,,,75
201000065850,10,2,8,1830,2,2,3,2.0,3.0,75120,M,,,75
201000065851,10,2,11,1650,1,2,2,4.0,7.0,75120,M,,,75
201000065852,10,2,14,1750,1,2,1,1.0,2.0,75120,M,,,75
201000065853,10,2,15,1420,1,2,5,1.0,3.0,75120,M,,,75
201000065854,10,2,16,1015,1,2,1,1.0,2.0,75120,M,,,75
201000065855,10,10,11,2005,5,2,2,1.0,6.0,75120,M,,,75
201000065856,10,2,17,1830,5,2,5,2.0,7.0,75119,M,,,75
201000065857,10,2,18,925,1,2,1,1.0,3.0,75120,M,,,75
201000065858,10,2,22,1230,1,2,5,1.0,6.0,75120,M,,,75
201000065859,10,2,22,1455,1,2,5,1.0,2.0,75120,M,,,75
201000065860,10,2,22,1915,5,2,1,2.0,6.0,75120,M,,,75
201000065861,10,2,24,1000,1,2,3,2.0,6.0,75120,M,,,75
201000065862,10,2,24,1640,1,2,3,8.0,3.0,75120,M,,,75
201000065863,10,2,26,930,1,2,1,3.0,6.0,75120,M,,,75
201000065864,10,2,28,1300,1,2,1,6.0,6.0,75120,M,,,75
201000065865,10,3,2,2100,5,2,1,1.0,2.0,75120,M,,,75
201000065866,10,3,3,2000,5,2,5,1.0,3.0,75120,M,,,75
201000065867,10,3,3,2100,3,2,2,1.0,3.0,75120,M,,,75
201000065868,10,3,4,1640,1,2,2,1.0,6.0,75120,M,,,75
201000065869,10,3,5,1830,1,2,2,1.0,3.0,75120,M,,,75
201000065870,10,10,19,2015,5,2,1,8.0,2.0,75120,M,,,75
201000065871,10,3,7,1155,1,2,5,1.0,3.0,75120,M,,,75
201000065872,10,3,7,1935,4,2,1,1.0,6.0,75120,M,,,75
201000065873,10,3,7,1940,5,2,1,1.0,7.0,75120,M,,,75
201000065874,10,3,10,1915,5,2,5,1.0,3.0,75120,M,,,75
201000065875,10,3,12,830,1,2,1,1.0,6.0,75120,M,,,75
201000065876,10,3,13,410,5,2,1,1.0,7.0,75120,M,,,75
201000065877,10,3,13,2105,5,2,1,1.0,3.0,75120,M,,,75
201000065878,10,3,14,205,5,1,1,1.0,6.0,75120,M,,,75
201000065879,10,3,15,745,1,2,1,1.0,6.0,75120,M,,,75
201000065880,10,3,17,2000,5,2,1,1.0,3.0,75120,M,,,75
201000065881,10,3,18,1155,1,2,1,1.0,6.0,75120,M,,,75
201000065882,10,3,19,2020,5,2,2,2.0,6.0,75120,M,,,75
201000065883,10,3,20,620,2,2,1,2.0,6.0,75120,M,,,75
201000065884,10,3,21,2010,5,2,2,1.0,3.0,75120,M,,,75
201000065885,10,3,22,1220,1,2,3,1.0,6.0,75120,M,,,75
201000065886,10,3,22,2000,5,2,5,1.0,6.0,75120,M,,,75
201000065887,10,3,24,800,1,2,3,1.0,6.0,75120,M,,,75
201000065888,10,3,24,1810,1,2,4,1.0,6.0,75120,M,,,75
201000065889,10,3,25,1530,1,2,2,8.0,6.0,75120,M,,,75
201000065890,10,3,25,1845,1,2,1,1.0,7.0,75120,M,,,75
201000065891,10,3,26,1205,1,2,1,1.0,3.0,75120,M,,,75
201000065892,10,3,26,1420,1,2,5,1.0,6.0,75120,M,,,75
201000065893,10,3,27,1640,1,2,5,1.0,7.0,75120,M,,,75
201000065894,10,3,27,2020,5,2,3,2.0,3.0,75120,M,,,75
201000065895,10,3,29,1345,1,2,1,1.0,6.0,75120,M,,,75
201000065896,10,4,1,820,1,2,1,1.0,6.0,75120,M,,,75
201000065897,10,4,2,1520,1,2,4,2.0,3.0,75120,M,,,75
201000065898,10,4,2,1945,1,2,3,2.0,6.0,75120,M,,,75
201000065899,10,4,2,2110,5,2,2,2.0,3.0,75120,M,,,75
201000065900,10,4,6,1600,1,2,2,1.0,6.0,75120,M,,,75
201000065901,10,4,7,855,1,2,1,1.0,6.0,75120,M,,,75
201000065902,10,4,7,2045,5,2,5,2.0,6.0,75120,M,,,75
201000065903,10,4,9,835,1,2,1,1.0,6.0,75120,M,,,75
201000065904,10,4,9,1345,1,2,3,1.0,6.0,75120,M,,,75
201000065905,10,4,9,1430,1,2,1,1.0,6.0,75120,M,,,75
201000065906,10,4,9,1730,1,2,4,1.0,6.0,75120,M,,,75
201000065907,10,4,10,1740,1,2,5,1.0,3.0,75120,M,,,75
201000065908,10,4,10,1835,1,2,1,1.0,3.0,75120,M,,,75
201000065909,10,4,12,835,1,2,1,1.0,6.0,75120,M,,,75
201000065910,10,4,14,45,5,2,5,8.0,6.0,75120,M,,,75
201000065911,10,4,14,2250,5,2,2,1.0,1.0,75120,M,,,75
201000065912,10,4,15,846,1,2,2,1.0,6.0,75120,M,,,75
201000065913,10,4,15,1835,1,2,1,1.0,3.0,75120,M,,,75
201000065914,10,4,16,1030,1,2,1,1.0,6.0,75120,M,,,75
201000065915,10,4,17,1515,1,2,1,1.0,6.0,75120,M,,,75
201000065916,10,4,18,350,5,2,1,1.0,6.0,75120,M,,,75
201000065917,10,4,21,915,1,2,5,1.0,2.0,75120,M,,,75
201000065918,10,4,21,1200,1,2,1,1.0,6.0,75120,M,,,75
201000065919,10,4,21,1745,1,2,2,1.0,3.0,75120,M,,,75
201000065920,10,4,21,1810,1,2,4,1.0,6.0,75120,M,,,75
201000065921,10,4,24,1140,1,2,5,1.0,6.0,75120,M,,,75
201000065922,10,4,26,750,1,2,5,1.0,7.0,75120,M,,,75
201000065923,10,4,26,1705,1,2,3,1.0,3.0,75120,M,,,75
201000065924,10,4,27,1915,1,2,2,1.0,6.0,75120,M,,,75
201000065925,10,4,28,1,5,2,3,1.0,6.0,75120,M,,,75
201000065926,10,4,29,950,1,2,1,1.0,6.0,75120,M,,,75
201000065927,10,5,2,125,5,2,2,2.0,3.0,75120,M,,,75
201000065928,10,5,3,1905,1,2,1,1.0,6.0,75120,M,,,75
201000065929,10,5,4,1005,1,2,1,1.0,3.0,75120,M,,,75
201000065930,10,5,5,945,1,1,1,1.0,3.0,75119,M,,,75
201000065931,10,5,5,1525,1,2,2,1.0,6.0,75120,M,,,75
201000065932,10,5,5,1900,1,2,2,1.0,3.0,75120,M,,,75
201000065933,10,5,7,1654,1,2,5,1.0,6.0,75120,M,,,75
201000065934,10,5,7,2035,2,2,1,1.0,6.0,75120,M,,,75
201000065935,10,5,10,1835,1,2,3,1.0,6.0,75120,M,,,75
201000065936,10,5,11,1425,1,2,1,3.0,3.0,75120,M,,,75
201000065937,10,5,12,1500,1,2,3,2.0,3.0,75120,M,,,75
201000065938,10,5,14,900,1,2,1,2.0,7.0,75120,M,,,75
201000065939,10,5,15,1250,1,2,2,1.0,6.0,75120,M,,,75
201000065940,10,5,15,1645,1,2,1,1.0,7.0,75120,M,,,75
201000065941,10,5,15,2210,5,2,1,1.0,2.0,75120,M,,,75
201000065942,10,5,18,815,1,2,1,1.0,3.0,75120,M,,,75
201000065943,10,5,20,1955,1,2,5,1.0,3.0,75120,M,,,75
201000065944,10,5,21,1234,1,2,1,1.0,3.0,75120,M,,,75
201000065945,10,5,22,1520,1,2,1,1.0,6.0,75120,M,,,75
201000065946,10,5,22,2010,1,2,1,1.0,3.0,75120,M,,,75
201000065947,10,5,25,1855,1,2,1,1.0,4.0,75120,M,,,75
201000065948,10,5,28,1115,1,2,2,1.0,1.0,75120,M,,,75
201000065949,10,5,30,1755,1,2,1,8.0,4.0,75120,M,,,75
201000065950,10,6,1,1235,1,2,1,1.0,6.0,75120,M,,,75
201000065951,10,6,3,1100,1,2,2,2.0,6.0,75120,M,,,75
201000065952,10,6,5,645,1,2,1,1.0,6.0,75120,M,,,75
201000065953,10,6,5,1130,1,2,3,1.0,3.0,75120,M,,,75
201000065954,10,6,5,1930,1,2,1,1.0,3.0,75120,M,,,75
201000065955,10,6,6,1900,1,2,2,1.0,2.0,75120,M,,,75
201000065956,10,6,7,220,5,2,2,1.0,7.0,75120,M,,,75
201000065957,10,6,7,1605,1,2,1,1.0,3.0,75119,M,,,75
201000065958,10,6,7,1621,1,2,1,1.0,6.0,75120,M,,,75
201000065959,10,6,8,25,5,2,1,1.0,6.0,75120,M,,,75
201000065960,10,6,8,650,1,2,1,1.0,7.0,75120,M,,,75
201000065961,10,6,8,900,1,2,2,1.0,3.0,75120,M,,,75
201000065962,10,6,8,1625,1,2,1,1.0,6.0,75120,M,,,75
201000065963,10,6,9,1015,1,2,1,2.0,6.0,75120,M,,,75
201000065964,10,6,10,910,1,2,1,2.0,6.0,75120,M,,,75
201000065965,10,6,10,1630,1,2,1,2.0,6.0,75120,M,,,75
201000065966,10,6,11,2110,1,2,2,1.0,6.0,75120,M,,,75
201000065967,10,6,11,2345,5,2,1,2.0,6.0,75120,M,,,75
201000065968,10,6,12,1555,1,2,1,1.0,6.0,75120,M,,,75
201000065969,10,6,13,45,5,2,1,1.0,6.0,75120,M,,,75
201000065970,10,6,13,1210,1,2,1,1.0,3.0,75120,M,,,75
201000065971,10,6,14,1710,1,2,2,1.0,3.0,75120,M,,,75
201000065972,10,6,16,1740,1,2,1,1.0,6.0,75120,M,,,75
201000065973,10,6,17,1810,1,2,2,1.0,6.0,75120,M,,,75
201000065974,10,6,17,1900,1,2,2,1.0,1.0,75120,M,,,75
201000065975,10,6,18,355,5,2,1,1.0,2.0,75120,M,,,75
201000065976,10,6,18,1940,1,2,1,1.0,7.0,75120,M,,,75
201000065977,10,6,19,1450,1,2,1,1.0,6.0,75120,M,,,75
201000065978,10,6,19,1805,1,2,2,1.0,4.0,75120,M,,,75
201000065979,10,6,19,1910,1,2,1,8.0,3.0,75120,M,,,75
201000065980,10,6,20,515,5,2,1,1.0,6.0,75120,M,,,75
201000065981,10,6,21,1100,1,2,2,1.0,2.0,75120,M,,,75
201000065982,10,6,21,1805,1,2,1,1.0,6.0,75120,M,,,75
201000065983,10,6,22,925,1,2,1,1.0,6.0,75120,M,,,75
201000065984,10,6,23,1030,1,2,1,1.0,2.0,75120,M,,,75
201000065985,10,6,23,1155,1,2,1,1.0,6.0,75120,M,,,75
201000065986,10,6,23,1735,1,2,6,1.0,3.0,75120,M,,,75
201000065987,10,6,25,1030,1,2,1,1.0,3.0,75120,M,,,75
201000065988,10,6,25,2030,1,2,2,1.0,6.0,75120,M,,,75
201000065989,10,6,26,1730,1,2,1,1.0,6.0,75120,M,,,75
201000065990,10,6,26,1820,1,2,2,1.0,6.0,75120,M,,,75
201000065991,10,6,28,1300,1,2,2,2.0,6.0,75120,M,,,75
201000065992,10,6,28,1810,1,2,1,1.0,7.0,75120,M,,,75
201000065993,10,6,29,850,1,2,1,1.0,3.0,75120,M,,,75
201000065994,10,6,30,1810,1,2,3,1.0,3.0,75120,M,,,75
201000065995,10,7,1,1500,1,2,1,1.0,7.0,75120,M,,,75
201000065996,10,7,2,1310,1,2,1,1.0,6.0,75120,M,,,75
201000065997,10,7,2,1925,1,2,1,1.0,6.0,75120,M,,,75
201000065998,10,7,3,1510,1,2,3,1.0,6.0,75120,M,,,75
201000065999,10,7,6,1310,1,2,1,1.0,4.0,75120,M,,,75
201000066000,10,7,6,1515,1,2,3,1.0,6.0,75120,M,,,75
201000066001,10,7,7,440,5,2,1,1.0,6.0,75120,M,,,75
201000066002,10,7,9,2005,1,2,1,1.0,6.0,75120,M,,,75
201000066003,10,7,10,1215,1,2,5,1.0,2.0,75120,M,,,75
201000066004,10,7,15,940,1,2,1,1.0,6.0,75120,M,,,75
201000066005,10,7,16,1200,1,2,2,1.0,6.0,75111,M,,,75
201000066006,10,7,17,1630,1,2,1,1.0,6.0,75120,M,,,75
201000066007,10,7,21,935,1,2,1,2.0,6.0,75120,M,,,75
201000066008,10,7,23,2000,1,2,1,1.0,3.0,75120,M,,,75
201000066009,10,7,24,1945,1,2,2,1.0,6.0,75120,M,,,75
201000066010,10,7,25,1740,1,2,1,1.0,6.0,75120,M,,,75
201000066011,10,7,28,1525,1,2,2,1.0,7.0,75120,M,,,75
201000066012,10,7,28,1540,1,2,1,1.0,6.0,75120,M,,,75
201000066013,10,7,28,1840,1,2,1,1.0,7.0,75120,M,,,75
201000066014,10,7,29,1857,1,2,2,1.0,3.0,75120,M,,,75
201000066015,10,7,30,1130,1,2,5,1.0,2.0,75120,M,,,75
201000066016,10,8,3,1910,1,2,1,1.0,3.0,75120,M,,,75
201000066017,10,8,4,2120,4,2,1,3.0,6.0,75120,M,,,75
201000066018,10,8,13,2,5,2,1,1.0,6.0,75120,M,,,75
201000066019,10,8,13,1610,1,2,1,8.0,3.0,75120,M,,,75
201000066020,10,8,17,1715,1,2,5,1.0,3.0,75120,M,,,75
201000066021,10,8,11,1400,1,2,2,1.0,3.0,75120,M,,,75
201000066022,10,8,19,1110,1,2,1,1.0,6.0,75120,M,,,75
201000066023,10,8,20,1200,1,2,2,1.0,6.0,75120,M,,,75
201000066024,10,8,17,1310,1,2,2,2.0,3.0,75120,M,,,75
201000066025,10,8,20,1510,1,2,1,1.0,6.0,75120,M,,,75