Num_Acc,an,mois,jour,hrmn,lum,agg,int,atm,col,com,gps,lat,long,dep
201000066026,10,8,6,50,5,2,5,1.0,7.0,75120,M,,,75
201000066027,10,8,23,1340,1,2,1,3.0,6.0,75120,M,,,75
201000066028,10,8,23,2150,5,2,1,2.0,3.0,75120,M,,,75
201000066029,10,8,27,1420,1,2,1,1.0,6.0,75120,M,,,75
201000066030,10,8,30,910,1,2,2,1.0,6.0,75120,M,,,75
201000066031,10,8,30,1422,1,2,1,1.0,3.0,75120,M,,,75
201000066032,10,8,30,1658,1,2,1,1.0,2.0,75120,M,,,75
201000066033,10,9,1,930,1,2,5,1.0,2.0,75120,M,,,75
201000066034,10,9,1,1100,1,2,4,1.0,6.0,75120,M,,,75
201000066035,10,9,1,1850,1,2,2,1.0,3.0,75120,M,,,75
201000066036,10,9,1,2320,5,2,2,1.0,3.0,75120,M,,,75
201000066037,10,9,2,1450,1,2,1,1.0,6.0,75120,M,,,75
201000066038,10,9,6,1940,2,2,2,1.0,3.0,75120,M,,,75
201000066039,10,9,7,2125,5,2,1,1.0,1.0,75120,M,,,75
201000066040,10,9,8,100,5,2,1,3.0,6.0,75120,M,,,75
201000066041,10,9,8,940,1,2,1,2.0,6.0,75120,M,,,75
201000066042,10,9,8,1110,1,2,1,2.0,3.0,75120,M,,,75
201000066043,10,9,8,1555,1,2,1,2.0,3.0,75120,M,,,75
201000066044,10,9,10,1915,1,2,1,1.0,6.0,75120,M,,,75
201000066045,10,9,11,1800,1,2,1,1.0,6.0,75120,M,,,75
201000066046,10,9,12,620,5,2,3,1.0,6.0,75120,M,,,75
201000066047,10,9,13,1215,1,2,1,1.0,7.0,75120,M,,,75
201000066048,10,9,13,2145,4,2,1,1.0,6.0,75120,M,,,75
201000066049,10,9,14,820,1,2,1,1.0,6.0,75120,M,,,75
201000066050,10,9,14,1210,1,2,2,1.0,3.0,75120,M,,,75
201000066051,10,9,14,1405,1,2,1,1.0,6.0,75120,M,,,75
201000066052,10,9,14,2030,5,2,1,1.0,6.0,75120,M,,,75
201000066053,10,9,15,520,5,2,1,1.0,3.0,75120,M,,,75
201000066054,10,9,15,938,1,2,1,1.0,6.0,75120,M,,,75
201000066055,10,9,18,1125,1,2,1,1.0,6.0,75119,M,,,75
201000066056,10,9,21,1355,1,2,1,1.0,6.0,75120,M,,,75
201000066057,10,9,21,1600,1,2,1,1.0,6.0,75120,M,,,75
201000066058,10,9,21,1730,1,2,3,1.0,3.0,75112,M,,,75
201000066059,10,9,22,155,5,2,2,1.0,6.0,75120,M,,,75
201000066060,10,9,22,1715,1,2,1,1.0,6.0,75120,M,,,75
201000066061,10,9,24,1255,1,2,2,8.0,2.0,75120,M,,,75
201000066062,10,9,25,1025,1,2,1,8.0,6.0,75120,M,,,75
201000066063,10,9,25,1835,1,2,1,1.0,6.0,75120,M,,,75
201000066064,10,9,26,244,5,2,2,1.0,6.0,75120,M,,,75
201000066065,10,9,27,1050,1,2,1,8.0,7.0,75120,M,,,75
201000066066,10,9,28,1145,1,2,2,1.0,3.0,75120,M,,,75
201000066067,10,9,28,1922,5,2,2,1.0,3.0,75120,M,,,75
201000066068,10,9,30,1326,1,2,2,1.0,3.0,75120,M,,,75
201000066069,10,9,30,1745,1,2,5,1.0,3.0,75120,M,,,75
201000066070,10,10,2,1735,1,2,7,1.0,2.0,75120,M,,,75
201000066071,10,10,4,950,1,2,1,8.0,2.0,75120,M,,,75
201000066072,10,10,4,2035,3,2,1,8.0,6.0,75120,M,,,75
201000066073,10,10,5,1340,1,2,1,1.0,6.0,75120,M,,,75
201000066074,10,10,5,1835,2,2,1,2.0,2.0,75120,M,,,75
201000066075,10,10,5,1941,5,2,3,2.0,6.0,75120,M,,,75
201000066076,10,10,6,2140,5,2,5,1.0,3.0,75120,M,,,75
201000066077,10,10,7,2110,5,2,1,1.0,6.0,75120,M,,,75
201000066078,10,10,7,2308,5,2,1,1.0,3.0,75120,M,,,75
201000066079,10,10,8,1155,1,2,2,1.0,6.0,75120,M,,,75
201000066080,10,10,9,2000,4,2,5,1.0,2.0,75120,M,,,75
201000066081,10,10,9,2245,3,2,1,1.0,6.0,75120,M,,,75
201000066082,10,10,11,855,1,2,1,1.0,6.0,75120,M,,,75
201000066083,10,10,11,1130,1,2,3,1.0,6.0,75120,M,,,75
201000066084,10,10,11,1637,1,2,2,1.0,1.0,75120,M,,,75
201000066085,10,10,11,1600,1,2,3,1.0,6.0,75120,M,,,75
201000066086,10,10,12,1220,1,2,3,1.0,2.0,75120,M,,,75
201000066087,10,10,12,1250,1,2,2,1.0,6.0,75120,M,,,75
201000066088,10,10,13,1225,1,2,1,1.0,6.0,75120,M,,,75
201000066089,10,10,14,1950,5,2,2,1.0,6.0,75120,M,,,75
201000066090,10,10,15,1136,1,2,2,1.0,3.0,75120,M,,,75
201000066091,10,10,15,1743,2,2,1,1.0,1.0,75120,M,,,75
201000066092,10,10,15,2200,2,2,1,2.0,6.0,75120,M,,,75
201000066093,10,10,16,1438,1,2,1,2.0,6.0,75120,M,,,75
201000066094,10,10,17,1653,1,2,2,1.0,7.0,75120,M,,,75
201000066095,10,10,19,2240,5,2,2,2.0,6.0,75120,M,,,75
201000066096,10,10,20,655,2,2,1,8.0,6.0,75120,M,,,75
201000066097,10,10,20,1140,1,2,1,1.0,6.0,75120,M,,,75
201000066098,10,10,21,1220,1,2,1,1.0,6.0,75120,M,,,75
201000066099,10,10,22,720,2,2,1,1.0,5.0,75120,M,,,75
201000066100,10,10,21,1330,1,2,2,1.0,3.0,75120,M,,,75
201000066101,10,10,22,1539,1,2,3,1.0,3.0,75120,M,,,75
201000066102,10,10,23,704,5,2,3,1.0,7.0,75120,M,,,75
201000066103,10,10,23,1808,4,2,4,2.0,2.0,75120,M,,,75
201000066104,10,10,23,2218,5,2,3,2.0,3.0,75120,M,,,75
201000066105,10,10,26,2025,5,2,3,1.0,3.0,75120,M,,,75
201000066106,10,10,27,1825,5,2,1,1.0,6.0,75120,M,,,75
201000066107,10,10,28,1230,1,2,1,1.0,2.0,75120,M,,,75
201000066108,10,10,29,2100,5,2,1,1.0,3.0,75120,M,,,75
201000066109,10,10,31,20,5,2,2,1.0,3.0,75120,M,,,75
201000066110,10,10,31,1040,1,2,1,1.0,6.0,75120,M,,,75
201000066111,10,11,2,1135,1,2,3,8.0,6.0,75120,M,,,75
201000066112,10,11,2,1239,1,2,2,2.0,6.0,75120,M,,,75
201000066113,10,11,2,1455,1,2,1,2.0,3.0,75120,M,,,75
201000066114,10,11,6,1400,1,2,1,2.0,7.0,75120,M,,,75
201000066115,10,11,7,35,5,2,1,3.0,6.0,75120,M,,,75
201000066116,10,11,7,1,5,2,1,3.0,7.0,75120,M,,,75
201000066117,10,11,7,1255,1,2,1,3.0,6.0,75120,M,,,75
201000066118,10,11,9,850,1,2,1,2.0,6.0,75120,M,,,75
201000066119,10,11,9,1750,5,2,1,3.0,3.0,75120,M,,,75
201000066120,10,11,10,2215,5,2,2,1.0,3.0,75120,M,,,75
201000066121,10,11,11,2245,5,2,1,2.0,2.0,75120,M,,,75
201000066122,10,11,14,227,5,2,4,1.0,3.0,75120,M,,,75
201000066123,10,11,14,627,5,2,2,2.0,3.0,75120,M,,,75
201000066124,10,11,16,1535,1,2,1,1.0,6.0,75120,M,,,75
201000066125,10,11,16,2255,5,2,7,5.0,2.0,75120,M,,,75
201000066126,10,11,19,1240,1,2,2,1.0,6.0,75120,M,,,75
201000066127,10,11,20,2212,5,2,1,1.0,2.0,75120,M,,,75
201000066128,10,11,21,1530,2,2,1,2.0,6.0,75120,M,,,75
201000066129,10,11,21,1755,5,2,3,2.0,6.0,75120,M,,,75
201000066130,10,11,22,820,1,2,2,2.0,6.0,75120,M,,,75
201000066131,10,11,22,1400,1,2,1,1.0,6.0,75120,M,,,75
201000066132,10,11,24,930,1,2,1,1.0,6.0,75120,M,,,75
201000066133,10,11,27,1235,1,2,2,1.0,3.0,75120,M,,,75
201000066134,10,11,27,1930,5,2,1,1.0,3.0,75120,M,,,75
201000066135,10,12,1,1650,1,2,5,4.0,7.0,75120,M,,,75
201000066136,10,12,1,2000,5,2,2,4.0,6.0,75120,M,,,75
201000066137,10,12,2,1429,1,2,1,8.0,2.0,75120,M,,,75
201000066138,10,12,3,830,1,2,1,1.0,6.0,75120,M,,,75
201000066139,10,12,5,1345,1,2,2,8.0,3.0,75120,M,,,75
201000066140,10,12,6,2325,5,2,2,8.0,2.0,75120,M,,,75
201000066141,10,12,7,1350,1,2,1,1.0,6.0,75120,M,,,75
201000066142,10,12,10,1320,1,2,2,1.0,6.0,75120,M,,,75
201000066143,10,12,12,1800,5,2,2,1.0,3.0,75120,M,,,75
201000066144,10,12,12,1925,5,2,3,1.0,3.0,75120,M,,,75
201000066145,10,12,13,1720,5,2,2,1.0,1.0,75120,M,,,75
201000066146,10,12,13,2315,5,2,2,1.0,6.0,75120,M,,,75
201000066147,10,12,14,806,2,2,5,8.0,3.0,75120,M,,,75
201000066148,10,12,15,1540,1,2,1,1.0,6.0,75120,M,,,75
201000066149,10,12,15,1730,5,2,5,1.0,3.0,75120,M,,,75
201000066150,10,12,15,1858,5,2,4,9.0,1.0,75120,M,,,75
201000066151,10,12,15,1925,4,2,1,1.0,3.0,75120,M,,,75
201000066152,10,12,15,1950,5,2,3,3.0,3.0,75120,M,,,75
201000066153,10,12,15,1935,5,2,5,2.0,7.0,75120,M,,,75
201000066154,10,12,17,1245,1,2,1,8.0,1.0,75120,M,,,75
201000066155,10,12,22,1940,5,2,1,4.0,6.0,75120,M,,,75
201000066156,10,12,23,1305,1,2,2,4.0,6.0,75120,M,,,75
201000066157,10,12,24,755,5,2,1,4.0,1.0,75120,M,,,75
201000066158,10,12,30,255,5,2,3,1.0,6.0,75120,M,,,75
201000066159,10,12,31,1035,1,2,2,1.0,6.0,75120,M,,,75
201000066160,10,12,31,1450,1,2,5,1.0,3.0,75120,M,,,75
201000066161,10,2,23,1900,5,2,2,2.0,3.0,75120,M,,,75
201000066162,10,1,1,115,5,2,1,1.0,6.0,75116,M,,,75
201000066163,10,1,1,1942,5,2,2,1.0,6.0,75116,M,,,75
201000066164,10,1,2,35,5,2,1,1.0,2.0,75120,M,,,75
201000066165,10,1,3,2330,5,2,3,9.0,7.0,75107,M,,,75
201000066166,10,1,6,1700,2,2,1,1.0,6.0,75106,M,,,75
201000066167,10,1,11,1100,1,2,1,1.0,6.0,75109,M,,,75
201000066168,10,1,10,330,5,2,1,4.0,6.0,75116,M,,,75
201000066169,10,1,12,810,1,2,4,8.0,6.0,75114,M,,,75
201000066170,10,1,12,1000,1,2,5,1.0,7.0,75113,M,,,75
201000066171,10,1,12,1430,1,2,5,1.0,6.0,75111,M,,,75
201000066172,10,1,14,205,5,2,2,2.0,6.0,75104,M,,,75
201000066173,10,1,15,2310,5,2,2,1.0,3.0,75115,M,,,75
201000066174,10,1,16,1600,1,2,5,2.0,6.0,75119,M,,,75
201000066175,10,1,16,2245,5,2,5,2.0,6.0,75119,M,,,75
201000066176,10,1,17,1155,1,2,1,1.0,6.0,75113,M,,,75
201000066177,10,1,18,750,1,2,2,1.0,3.0,75120,M,,,75
201000066178,10,1,19,1435,1,2,1,1.0,3.0,75117,M,,,75
201000066179,10,1,23,1415,1,2,2,2.0,5.0,75111,M,,,75
201000066180,10,1,25,1010,1,2,1,1.0,6.0,75117,M,,,75
201000066181,10,1,26,1515,1,2,1,1.0,6.0,75113,M,,,75
201000066182,10,1,28,505,5,2,5,1.0,3.0,75108,M,,,75
201000066183,10,1,29,1820,5,2,1,1.0,6.0,75112,M,,,75
201000066184,10,1,31,30,5,2,1,1.0,6.0,75111,M,,,75
201000066185,10,2,2,1009,1,2,1,1.0,6.0,75111,M,,,75
201000066186,10,2,2,1127,1,2,2,2.0,6.0,75113,M,,,75
201000066187,10,2,3,2030,5,2,1,1.0,6.0,75108,M,,,75
201000066188,10,2,4,700,5,2,1,1.0,6.0,75109,M,,,75
201000066189,10,2,4,1200,1,2,1,1.0,3.0,75110,M,,,75
201000066190,10,2,5,230,5,2,1,3.0,6.0,75114,M,,,75
201000066191,10,2,5,1833,5,2,1,1.0,6.0,75111,M,,,75
201000066192,10,2,5,2330,5,2,5,1.0,6.0,75110,M,,,75
201000066193,10,2,6,212,5,2,1,2.0,6.0,75110,M,,,75
201000066194,10,2,7,1300,1,2,1,1.0,6.0,75106,M,,,75
201000066195,10,2,7,2200,5,2,1,1.0,6.0,75104,M,,,75
201000066196,10,2,8,1500,1,2,5,8.0,3.0,75115,M,,,75
201000066197,10,2,10,1320,1,2,1,4.0,6.0,75117,M,,,75
201000066198,10,2,10,1335,1,2,1,4.0,3.0,75107,M,,,75
201000066199,10,2,10,2324,5,2,1,4.0,6.0,75112,M,,,75
201000066200,10,2,10,2345,5,2,2,4.0,2.0,75119,M,,,75
201000066201,10,2,11,1628,1,2,3,8.0,1.0,75112,M,,,75
201000066202,10,2,12,1140,1,2,3,1.0,3.0,75104,M,,,75
201000066203,10,2,12,1425,1,2,1,1.0,6.0,75110,M,,,75
201000066204,10,2,15,1625,1,2,3,1.0,2.0,75118,M,,,75
201000066205,10,2,17,1923,5,2,1,1.0,6.0,75110,M,,,75
201000066206,10,2,18,730,5,2,1,1.0,6.0,75112,M,,,75
201000066207,10,2,18,810,1,2,1,8.0,3.0,75112,M,,,75
201000066208,10,2,18,1420,1,2,2,1.0,6.0,75105,M,,,75
201000066209,10,2,19,530,5,2,2,1.0,3.0,75108,M,,,75
201000066210,10,2,19,829,1,2,5,1.0,4.0,75120,M,,,75
201000066211,10,2,23,1435,1,2,2,2.0,4.0,75105,M,,,75
201000066212,10,2,23,2040,5,2,1,1.0,6.0,75117,M,,,75
201000066213,10,2,24,1620,1,2,2,2.0,6.0,75106,M,,,75
201000066214,10,2,25,1735,1,2,1,1.0,6.0,75119,M,,,75
201000066215,10,2,26,2240,5,2,2,1.0,3.0,75116,M,,,75
201000066216,10,2,28,840,1,2,2,6.0,3.0,75106,M,,,75
201000066217,10,3,3,1430,1,2,1,1.0,3.0,75118,M,,,75
201000066218,10,3,3,1715,1,2,1,1.0,6.0,75120,M,,,75
201000066219,10,3,4,350,5,2,1,1.0,6.0,75110,M,,,75
201000066220,10,3,4,1010,1,2,5,1.0,6.0,75104,M,,,75
201000066221,10,3,4,1040,1,2,5,1.0,3.0,75120,M,,,75
201000066222,10,3,5,440,5,2,5,1.0,6.0,75116,M,,,75
201000066223,10,3,6,1135,1,2,2,2.0,6.0,75117,M,,,75
201000066224,10,3,8,844,1,2,4,1.0,2.0,75112,M,,,75
201000066225,10,3,9,250,5,2,1,1.0,6.0,75116,M,,,75
201000066226,10,3,9,1710,1,2,5,1.0,6.0,75118,M,,,75
201000066227,10,3,10,1115,1,2,1,1.0,2.0,75118,M,,,75
201000066228,10,3,11,1515,1,2,1,1.0,6.0,75101,M,,,75
201000066229,10,3,12,1515,1,1,2,1.0,6.0,75119,M,,,75
201000066230,10,3,12,2316,5,2,3,1.0,6.0,75120,M,,,75
201000066231,10,3,12,2350,5,2,1,1.0,6.0,75113,M,,,75
201000066232,10,3,13,1422,1,2,2,1.0,3.0,75116,M,,,75
201000066233,10,3,13,1724,1,2,2,1.0,3.0,75104,M,,,75
201000066234,10,3,13,1840,5,2,1,1.0,6.0,75120,M,,,75
201000066235,10,3,14,435,5,2,5,1.0,6.0,75110,M,,,75
201000066236,10,3,15,2250,5,2,5,1.0,3.0,75112,M,,,75
201000066237,10,3,16,115,5,2,5,1.0,6.0,75106,M,,,75
201000066238,10,3,16,2030,5,2,2,1.0,6.0,75105,M,,,75
201000066239,10,3,17,1735,1,2,1,1.0,6.0,75105,M,,,75
201000066240,10,3,17,1910,5,2,1,1.0,6.0,75102,M,,,75
201000066241,10,3,18,2300,5,2,1,1.0,6.0,75117,M,,,75
201000066242,10,3,19,1722,1,2,1,1.0,2.0,75108,M,,,75
201000066243,10,3,19,1905,5,2,1,2.0,7.0,75112,M,,,75
201000066244,10,3,19,2130,5,2,1,2.0,1.0,75111,M,,,75
201000066245,10,3,20,600,5,2,1,2.0,4.0,75117,M,,,75
201000066246,10,3,20,911,1,2,1,3.0,3.0,75113,M,,,75
201000066247,10,3,21,500,5,2,1,1.0,6.0,75112,M,,,75
201000066248,10,3,21,1119,1,1,1,1.0,6.0,75112,M,,,75
201000066249,10,3,23,845,1,2,1,1.0,6.0,75112,M,,,75
201000066250,10,3,24,1330,1,2,1,1.0,6.0,75113,M,,,75
201000066251,10,3,24,1600,1,2,1,1.0,4.0,75113,M,,,75
201000066252,10,3,24,1740,1,2,5,1.0,6.0,75101,M,,,75
201000066253,10,3,25,1715,1,2,2,2.0,6.0,75117,M,,,75
201000066254,10,3,25,1910,5,2,1,1.0,6.0,75110,M,,,75
201000066255,10,3,26,1340,1,1,1,1.0,3.0,75116,M,,,75
201000066256,10,3,27,625,2,2,1,2.0,6.0,75104,M,,,75
201000066257,10,3,27,1350,1,2,5,1.0,6.0,75107,M,,,75
201000066258,10,3,31,545,5,2,3,1.0,3.0,75112,M,,,75
201000066259,10,4,1,2320,5,2,5,1.0,6.0,75116,M,,,75
201000066260,10,4,1,2325,5,2,1,1.0,6.0,75120,M,,,75
201000066261,10,4,2,240,5,1,4,1.0,3.0,75119,M,,,75
201000066262,10,4,2,1735,1,2,5,1.0,3.0,75115,M,,,75
201000066263,10,4,3,1435,1,2,5,2.0,6.0,75112,M,,,75
201000066264,10,4,4,1910,1,2,1,1.0,2.0,75115,M,,,75
201000066265,10,4,5,1800,1,2,1,1.0,7.0,75112,M,,,75
201000066266,10,4,7,1105,1,2,3,1.0,6.0,75118,M,,,75
201000066267,10,4,8,220,5,2,2,1.0,1.0,75111,M,,,75
201000066268,10,4,9,2300,5,2,5,1.0,3.0,75117,M,,,75
201000066269,10,4,10,549,3,2,1,1.0,2.0,75118,M,,,75
201000066270,10,4,11,1900,1,2,1,1.0,6.0,75106,M,,,75
201000066271,10,4,12,1410,1,2,4,1.0,3.0,75113,M,,,75
201000066272,10,4,14,38,5,2,1,1.0,6.0,75117,M,,,75
201000066273,10,4,18,105,5,2,1,1.0,6.0,75103,M,,,75
201000066274,10,4,18,145,5,2,2,1.0,3.0,75106,M,,,75
201000066275,10,4,18,1948,1,2,1,1.0,6.0,75119,M,,,75
201000066276,10,4,19,920,1,2,1,1.0,6.0,75116,M,,,75
201000066277,10,4,19,1400,1,2,1,1.0,7.0,75118,M,,,75
201000066278,10,4,20,1559,1,2,1,1.0,3.0,75117,M,,,75
201000066279,10,4,22,40,5,2,1,1.0,6.0,75115,M,,,75
201000066280,10,4,22,805,1,2,1,1.0,6.0,75115,M,,,75
201000066281,10,4,22,1220,1,2,1,1.0,3.0,75117,M,,,75
201000066282,10,4,22,2210,5,2,2,1.0,3.0,75112,M,,,75
201000066283,10,4,23,1725,1,2,3,1.0,3.0,75104,M,,,75
201000066284,10,4,23,1840,1,2,3,1.0,6.0,75113,M,,,75
201000066285,10,4,24,320,5,2,5,1.0,3.0,75110,M,,,75
201000066286,10,4,25,440,5,2,2,2.0,3.0,75107,M,,,75
201000066287,10,4,25,748,1,2,2,1.0,6.0,75119,M,,,75
201000066288,10,4,25,2355,5,2,1,1.0,6.0,75109,M,,,75
201000066289,10,4,26,2344,5,2,2,1.0,3.0,75118,M,,,75
201000066290,10,4,27,2330,5,2,1,1.0,6.0,75113,M,,,75
201000066291,10,4,29,145,5,2,2,1.0,3.0,75117,M,,,75
201000066292,10,4,30,845,1,2,1,2.0,3.0,75105,M,,,75
201000066293,10,5,2,500,5,2,2,1.0,6.0,75116,M,,,75
201000066294,10,5,4,1700,1,2,1,1.0,6.0,75115,M,,,75
201000066295,10,5,5,715,1,2,1,1.0,3.0,75113,M,,,75
201000066296,10,5,5,1740,1,2,5,1.0,6.0,75114,M,,,75
201000066297,10,5,6,10,5,2,5,1.0,3.0,75116,M,,,75
201000066298,10,5,9,200,5,2,1,2.0,6.0,75116,M,,,75
201000066299,10,5,9,403,5,2,1,1.0,6.0,75118,M,,,75
201000066300,10,5,10,735,1,2,1,1.0,6.0,75112,M,,,75
201000066301,10,5,10,1633,1,2,2,1.0,6.0,75110,M,,,75
201000066302,10,5,10,2100,5,2,1,2.0,6.0,75116,M,,,75
201000066303,10,5,11,2240,5,2,1,1.0,2.0,75110,M,,,75
201000066304,10,5,11,2250,5,2,1,1.0,6.0,75114,M,,,75
201000066305,10,5,12,905,1,2,1,1.0,6.0,75117,M,,,75
201000066306,10,5,12,1640,1,2,3,1.0,6.0,75117,M,,,75
201000066307,10,5,12,2130,5,2,5,1.0,3.0,75113,M,,,75
201000066308,10,5,17,945,1,2,1,1.0,3.0,75103,M,,,75
201000066309,10,5,18,1713,1,2,1,1.0,6.0,75113,M,,,75
201000066310,10,5,19,210,5,2,2,1.0,6.0,75112,M,,,75
201000066311,10,5,19,1205,1,2,1,1.0,6.0,75118,M,,,75
201000066312,10,5,19,1924,1,2,3,1.0,6.0,75110,M,,,75
201000066313,10,5,20,1931,1,2,3,1.0,3.0,75111,M,,,75
201000066314,10,5,21,930,1,2,1,1.0,2.0,75116,M,,,75
201000066315,10,5,22,730,1,2,2,1.0,6.0,75105,M,,,75
201000066316,10,5,22,1430,1,2,1,1.0,2.0,75117,M,,,75
201000066317,10,5,22,1615,1,2,2,1.0,6.0,75117,M,,,75
201000066318,10,5,22,1934,1,2,1,1.0,2.0,75116,M,,,75
201000066319,10,5,23,217,5,2,2,1.0,3.0,75118,M,,,75
201000066320,10,5,23,634,2,2,1,1.0,6.0,75109,M,,,75
201000066321,10,5,23,1730,1,2,5,1.0,3.0,75117,M,,,75
201000066322,10,5,23,1820,1,2,2,1.0,3.0,75115,M,,,75
201000066323,10,5,23,1900,1,2,5,1.0,6.0,75108,M,,,75
201000066324,10,5,23,2231,5,2,5,1.0,3.0,75118,M,,,75
201000066325,10,5,24,1955,1,2,1,1.0,6.0,75114,M,,,75
201000066326,10,5,25,2200,5,2,1,1.0,3.0,75115,M,,,75
201000066327,10,5,28,1200,1,2,1,1.0,3.0,75113,M,,,75
201000066328,10,5,28,1510,1,2,1,1.0,6.0,75110,M,,,75
201000066329,10,5,28,2255,5,2,2,1.0,1.0,75113,M,,,75
201000066330,10,5,29,415,5,2,1,1.0,6.0,75112,M,,,75
201000066331,10,5,29,2200,5,2,1,8.0,6.0,75116,M,,,75
201000066332,10,5,30,240,5,2,1,1.0,6.0,75109,M,,,75
201000066333,10,5,30,535,2,2,1,1.0,6.0,75115,M,,,75
201000066334,10,5,31,2245,5,2,1,1.0,6.0,75118,M,,,75
201000066335,10,6,1,1500,1,2,1,1.0,6.0,75106,M,,,75
201000066336,10,6,2,905,1,2,1,2.0,6.0,75109,M,,,75
201000066337,10,6,2,1600,1,2,1,1.0,6.0,75115,M,,,75
201000066338,10,6,3,1245,1,2,3,1.0,6.0,75113,M,,,75
201000066339,10,6,4,700,1,2,1,1.0,6.0,75120,M,,,75
201000066340,10,6,5,1115,1,2,1,1.0,6.0,75112,M,,,75
201000066341,10,6,5,1350,1,2,1,1.0,3.0,75118,M,,,75
201000066342,10,6,6,30,5,2,1,1.0,6.0,75115,M,,,75
201000066343,10,6,6,607,1,2,2,1.0,3.0,75115,M,,,75
201000066344,10,6,7,345,5,2,2,1.0,3.0,75104,M,,,75
201000066345,10,6,9,1058,1,2,2,1.0,6.0,75106,M,,,75
201000066346,10,6,9,1315,1,2,1,2.0,4.0,75120,M,,,75
201000066347,10,6,12,1800,1,2,2,1.0,1.0,75117,M,,,75
201000066348,10,6,12,10,5,2,1,1.0,6.0,75116,M,,,75
201000066349,10,6,12,1920,1,2,1,1.0,6.0,75111,M,,,75
201000066350,10,6,12,2310,5,2,2,1.0,6.0,75102,M,,,75
201000066351,10,6,13,1310,1,2,2,1.0,6.0,75119,M,,,75
201000066352,10,6,14,420,3,2,1,1.0,3.0,75112,M,,,75
201000066353,10,6,14,2045,2,2,1,1.0,7.0,75114,M,,,75
201000066354,10,6,14,2340,5,2,1,1.0,6.0,75118,M,,,75
201000066355,10,6,16,146,5,2,2,1.0,3.0,75114,M,,,75
201000066356,10,6,17,740,1,2,2,1.0,2.0,75114,M,,,75
201000066357,10,6,17,1905,2,2,2,1.0,3.0,75116,M,,,75
201000066358,10,6,18,1012,1,2,1,1.0,6.0,75116,M,,,75
201000066359,10,6,19,1125,1,2,2,1.0,1.0,75119,M,,,75
201000066360,10,6,19,425,5,2,2,2.0,3.0,75110,M,,,75
201000066361,10,6,21,945,1,2,2,1.0,3.0,75108,M,,,75
201000066362,10,6,22,400,5,2,7,1.0,6.0,75110,M,,,75
201000066363,10,6,22,745,1,2,1,1.0,6.0,75112,M,,,75
201000066364,10,6,24,1545,1,2,1,1.0,6.0,75103,M,,,75
201000066365,10,6,24,1828,1,2,1,1.0,6.0,75117,M,,,75
201000066366,10,6,25,1215,1,2,1,1.0,1.0,75114,M,,,75
201000066367,10,6,26,400,5,2,1,1.0,2.0,75112,M,,,75
201000066368,10,6,26,635,1,2,1,1.0,7.0,75111,M,,,75
201000066369,10,6,27,730,1,2,3,1.0,3.0,75104,M,,,75
201000066370,10,6,27,1625,1,2,1,1.0,7.0,75101,M,,,75
201000066371,10,6,28,30,5,2,1,1.0,6.0,75117,M,,,75
201000066372,10,6,28,1630,1,2,1,1.0,6.0,75105,M,,,75
201000066373,10,6,29,830,1,2,1,1.0,3.0,75113,M,,,75
201000066374,10,6,29,900,1,2,1,1.0,3.0,75111,M,,,75
201000066375,10,6,29,1435,1,2,1,1.0,3.0,75116,M,,,75
201000066376,10,6,30,556,1,2,2,1.0,3.0,75113,M,,,75
201000066377,10,6,30,1150,1,2,1,1.0,6.0,75118,M,,,75
201000066378,10,7,1,1126,1,2,3,1.0,6.0,75112,M,,,75
201000066379,10,7,2,1732,1,2,1,2.0,6.0,75115,M,,,75
201000066380,10,7,3,1350,1,2,1,1.0,6.0,75116,M,,,75
201000066381,10,7,5,246,5,2,2,1.0,3.0,75111,M,,,75
201000066382,10,7,6,2312,4,2,1,1.0,6.0,75102,M,,,75
201000066383,10,7,7,718,1,2,1,1.0,6.0,75111,M,,,75
201000066384,10,7,7,900,1,2,5,1.0,6.0,75108,M,,,75
201000066385,10,7,7,1448,1,2,5,1.0,6.0,75118,M,,,75
201000066386,10,7,8,1628,1,2,1,1.0,6.0,75119,M,,,75
201000066387,10,7,9,1545,1,2,1,1.0,2.0,75113,M,,,75
201000066388,10,7,8,2045,1,2,1,1.0,6.0,75120,M,,,75
201000066389,10,7,10,445,5,2,1,1.0,3.0,75119,M,,,75
201000066390,10,7,10,958,1,2,1,1.0,6.0,75117,M,,,75
201000066391,10,7,10,2045,1,2,2,1.0,6.0,75110,M,,,75
201000066392,10,7,11,1058,1,2,1,1.0,6.0,75119,M,,,75
201000066393,10,7,11,1100,1,2,1,1.0,3.0,75118,M,,,75
201000066394,10,7,11,1535,1,2,1,1.0,4.0,75108,M,,,75
201000066395,10,7,12,2040,1,2,1,1.0,6.0,75116,M,,,75
201000066396,10,7,14,2346,5,2,1,2.0,3.0,75110,M,,,75
201000066397,10,7,16,1950,1,2,3,1.0,3.0,75119,M,,,75
201000066398,10,7,16,2210,5,2,1,1.0,3.0,75106,M,,,75
201000066399,10,7,17,121,5,2,4,1.0,6.0,75119,M,,,75
201000066400,10,7,17,1410,1,2,4,1.0,3.0,75112,M,,,75
201000066401,10,7,17,1540,1,2,1,1.0,6.0,75112,M,,,75
201000066402,10,7,18,1226,1,2,2,1.0,7.0,75103,M,,,75
201000066403,10,7,18,1743,1,2,1,1.0,6.0,75106,M,,,75
201000066404,10,7,16,955,1,2,1,1.0,6.0,75117,M,,,75
201000066405,10,7,19,2340,5,2,1,1.0,6.0,75116,M,,,75
201000066406,10,7,23,914,1,2,2,1.0,3.0,75116,M,,,75
201000066407,10,7,24,1405,1,2,5,1.0,3.0,75113,M,,,75
201000066408,10,7,27,1700,1,2,2,1.0,3.0,75111,M,,,75
201000066409,10,7,27,2230,5,2,2,1.0,6.0,75117,M,,,75
201000066410,10,7,28,1705,1,2,1,1.0,4.0,75116,M,,,75
201000066411,10,7,29,43,5,2,2,1.0,3.0,75110,M,,,75