Num_Acc,an,mois,jour,hrmn,lum,agg,int,atm,col,com,gps,lat,long,dep
201000066412,10,7,29,2038,1,2,1,1.0,6.0,75116,M,,,75
201000066413,10,7,30,1900,1,2,2,1.0,6.0,75112,M,,,75
201000066414,10,7,31,147,5,2,1,1.0,6.0,75112,M,,,75
201000066415,10,7,31,1707,1,2,4,1.0,6.0,75114,M,,,75
201000066416,10,7,31,2330,5,2,2,1.0,6.0,75106,M,,,75
201000066417,10,8,3,1002,1,2,2,1.0,6.0,75101,M,,,75
201000066418,10,8,6,130,5,2,5,1.0,6.0,75107,M,,,75
201000066419,10,8,6,1100,1,2,2,1.0,2.0,75116,M,,,75
201000066420,10,8,7,1334,1,2,1,1.0,6.0,75108,M,,,75
201000066421,10,8,8,1830,1,2,3,1.0,2.0,75104,M,,,75
201000066422,10,8,9,555,2,2,1,1.0,3.0,75112,M,,,75
201000066423,10,8,10,1400,1,2,1,1.0,6.0,75114,M,,,75
201000066424,10,8,11,10,5,2,1,1.0,6.0,75116,M,,,75
201000066425,10,8,12,1850,1,2,1,1.0,7.0,75114,M,,,75
201000066426,10,8,13,340,5,2,1,1.0,6.0,75116,M,,,75
201000066427,10,8,13,815,1,2,2,1.0,3.0,75111,M,,,75
201000066428,10,8,17,10,5,2,2,1.0,3.0,75104,M,,,75
201000066429,10,8,17,1320,1,2,1,2.0,6.0,75119,M,,,75
201000066430,10,7,12,1240,1,2,1,8.0,2.0,75102,M,,,75
201000066431,10,8,18,1645,1,2,4,1.0,7.0,75113,M,,,75
201000066432,10,8,18,1729,1,2,3,1.0,2.0,75101,M,,,75
201000066433,10,7,13,915,1,2,5,1.0,3.0,75115,M,,,75
201000066434,10,8,19,1040,1,2,1,1.0,6.0,75111,M,,,75
201000066435,10,8,19,1545,1,2,1,1.0,4.0,75104,M,,,75
201000066436,10,8,20,1630,1,2,5,1.0,2.0,75117,M,,,75
201000066437,10,8,21,1000,1,2,1,1.0,4.0,75112,M,,,75
201000066438,10,8,21,1720,1,2,1,1.0,6.0,75110,M,,,75
201000066439,10,8,23,759,1,2,1,1.0,6.0,75112,M,,,75
201000066440,10,8,23,1515,1,2,1,1.0,6.0,75119,M,,,75
201000066441,10,8,26,2200,5,2,1,1.0,6.0,75119,M,,,75
201000066442,10,8,27,32,5,2,2,1.0,3.0,75113,M,,,75
201000066443,10,8,27,1545,1,2,1,1.0,3.0,75118,M,,,75
201000066444,10,8,28,236,5,2,1,1.0,6.0,75114,M,,,75
201000066445,10,8,28,1410,1,2,1,1.0,6.0,75108,M,,,75
201000066446,10,8,29,355,5,2,2,1.0,3.0,75101,M,,,75
201000066447,10,8,30,2054,5,2,5,1.0,3.0,75117,M,,,75
201000066448,10,7,30,2135,4,2,5,1.0,3.0,75117,M,,,75
201000066449,10,9,1,1440,1,2,1,1.0,4.0,75112,M,,,75
201000066450,10,9,2,930,1,2,5,1.0,7.0,75114,M,,,75
201000066451,10,9,2,1700,1,2,1,1.0,2.0,75116,M,,,75
201000066452,10,9,3,1246,1,2,2,1.0,6.0,75108,M,,,75
201000066453,10,9,4,1850,1,2,1,1.0,6.0,75118,M,,,75
201000066454,10,9,5,2340,5,2,2,1.0,6.0,75111,M,,,75
201000066455,10,9,6,1520,1,2,5,1.0,6.0,75108,M,,,75
201000066456,10,9,7,110,5,2,1,2.0,6.0,75114,M,,,75
201000066457,10,9,7,1910,1,2,1,1.0,3.0,75118,M,,,75
201000066458,10,9,8,140,5,2,5,2.0,6.0,75108,M,,,75
201000066459,10,9,8,2005,5,2,2,1.0,6.0,75108,M,,,75
201000066460,10,9,10,1710,1,2,1,1.0,6.0,75104,M,,,75
201000066461,10,9,12,2113,5,2,2,1.0,6.0,75116,M,,,75
201000066462,10,8,11,1545,1,2,5,1.0,2.0,75119,M,,,75
201000066463,10,8,11,510,5,2,2,1.0,3.0,75116,M,,,75
201000066464,10,9,13,1447,1,2,5,1.0,3.0,75110,M,,,75
201000066465,10,9,14,330,5,2,1,1.0,7.0,75101,M,,,75
201000066466,10,9,14,1504,1,2,1,1.0,4.0,75116,M,,,75
201000066467,10,9,14,2312,5,2,5,1.0,6.0,75118,M,,,75
201000066468,10,9,15,1322,1,2,1,1.0,6.0,75115,M,,,75
201000066469,10,9,17,100,4,2,1,1.0,2.0,75110,M,,,75
201000066470,10,9,17,1440,1,2,1,1.0,6.0,75120,M,,,75
201000066471,10,9,18,105,5,2,2,1.0,1.0,75114,M,,,75
201000066472,10,9,18,640,2,2,1,1.0,6.0,75103,M,,,75
201000066473,10,9,19,600,5,2,2,1.0,1.0,75110,M,,,75
201000066474,10,9,19,400,5,2,1,1.0,7.0,75119,M,,,75
201000066475,10,9,20,2045,5,2,5,1.0,6.0,75117,M,,,75
201000066476,10,9,19,2150,5,2,5,1.0,5.0,75109,M,,,75
201000066477,10,9,21,1025,1,2,2,1.0,6.0,75115,M,,,75
201000066478,10,9,22,35,5,2,5,1.0,6.0,75112,M,,,75
201000066479,10,9,22,50,5,2,2,1.0,6.0,75117,M,,,75
201000066480,10,9,22,525,5,2,1,1.0,2.0,75119,M,,,75
201000066481,10,9,23,1125,1,2,1,1.0,6.0,75120,M,,,75
201000066482,10,9,25,1128,1,2,1,1.0,6.0,75116,M,,,75
201000066483,10,9,25,1440,1,2,1,8.0,5.0,75113,M,,,75
201000066484,10,9,25,1815,1,2,2,1.0,3.0,75116,M,0.0,0.0,75
201000066485,10,9,25,2045,5,2,2,1.0,3.0,75111,M,,,75
201000066486,10,9,27,1135,1,2,1,8.0,3.0,75112,M,,,75
201000066487,10,9,13,1110,1,2,1,1.0,6.0,75104,M,,,75
201000066488,10,10,2,114,5,2,1,1.0,2.0,75120,M,,,75
201000066489,10,10,2,1307,1,2,2,1.0,6.0,75110,M,,,75
201000066490,10,10,3,1613,1,2,1,1.0,5.0,75118,M,,,75
201000066491,10,10,3,1658,1,2,1,1.0,3.0,75108,M,,,75
201000066492,10,10,5,2255,5,2,2,1.0,3.0,75116,M,,,75
201000066493,10,9,10,5,5,2,1,1.0,6.0,75116,M,,,75
201000066494,10,10,5,120,5,2,1,1.0,6.0,75115,M,,,75
201000066495,10,10,5,2324,5,2,2,2.0,6.0,75114,M,,,75
201000066496,10,10,6,258,5,2,6,1.0,3.0,75118,M,,,75
201000066497,10,10,6,645,5,2,2,1.0,6.0,75113,M,,,75
201000066498,10,10,6,1500,1,2,3,1.0,6.0,75113,M,,,75
201000066499,10,10,6,1756,2,2,7,2.0,4.0,75108,M,,,75
201000066500,10,10,7,1022,1,2,1,1.0,6.0,75115,M,,,75
201000066501,10,10,9,145,5,2,2,1.0,3.0,75109,M,,,75
201000066502,10,10,9,2105,5,2,5,1.0,3.0,75109,M,,,75
201000066503,10,10,10,1140,1,2,3,1.0,3.0,75115,M,,,75
201000066504,10,10,11,925,1,2,1,7.0,3.0,75108,M,,,75
201000066505,10,9,10,1010,1,2,2,1.0,3.0,75102,M,,,75
201000066506,10,10,12,430,4,2,1,1.0,6.0,75106,M,,,75
201000066507,10,10,12,838,1,2,1,1.0,6.0,75113,M,,,75
201000066508,10,10,12,2055,5,2,2,1.0,6.0,75118,M,,,75
201000066509,10,10,13,635,5,2,2,1.0,3.0,75114,M,,,75
201000066510,10,10,13,1900,2,2,1,1.0,3.0,75119,M,,,75
201000066511,10,10,14,1345,1,2,2,1.0,3.0,75106,M,,,75
201000066512,10,10,15,946,1,2,1,1.0,3.0,75117,M,,,75
201000066513,10,10,15,2000,5,2,1,2.0,6.0,75120,M,,,75
201000066514,10,10,19,35,5,2,5,1.0,3.0,75108,M,,,75
201000066515,10,9,19,210,5,2,3,1.0,2.0,75115,M,,,75
201000066516,10,10,19,1320,1,2,1,1.0,7.0,75111,M,,,75
201000066517,10,9,21,20,5,2,2,1.0,3.0,75115,M,,,75
201000066518,10,10,20,830,1,2,2,1.0,2.0,75118,M,,,75
201000066519,10,10,20,1520,1,2,1,1.0,3.0,75112,M,,,75
201000066520,10,10,20,2220,5,2,1,1.0,6.0,75106,M,,,75
201000066521,10,10,21,750,1,2,5,1.0,6.0,75108,M,,,75
201000066522,10,10,21,1047,1,2,1,1.0,3.0,75106,M,,,75
201000066523,10,10,22,830,1,2,1,1.0,6.0,75106,M,,,75
201000066524,10,10,22,1035,1,2,1,1.0,6.0,75119,M,,,75
201000066525,10,10,22,1155,1,2,1,1.0,2.0,75108,M,,,75
201000066526,10,10,22,1523,1,2,1,1.0,4.0,75112,M,,,75
201000066527,10,10,23,230,5,2,1,1.0,7.0,75112,M,,,75
201000066528,10,10,25,150,5,2,1,1.0,3.0,75111,M,,,75
201000066529,10,10,26,1835,5,2,1,1.0,6.0,75119,M,,,75
201000066530,10,11,2,608,5,2,5,1.0,3.0,75118,M,,,75
201000066531,10,10,29,1543,1,2,1,1.0,4.0,75101,M,,,75
201000066532,10,10,30,1955,5,2,2,1.0,3.0,75101,M,,,75
201000066533,10,11,2,1230,1,2,1,2.0,6.0,75110,M,,,75
201000066534,10,11,2,1243,1,2,1,1.0,4.0,75112,M,,,75
201000066535,10,11,3,1200,1,2,1,8.0,6.0,75112,M,,,75
201000066536,10,11,3,1420,1,2,1,1.0,5.0,75120,M,,,75
201000066537,10,11,3,1620,1,2,1,1.0,3.0,75116,M,,,75
201000066538,10,11,4,824,1,2,1,1.0,6.0,75106,M,,,75
201000066539,10,11,5,1505,1,2,2,1.0,6.0,75111,M,,,75
201000066540,10,11,5,1950,5,2,1,1.0,6.0,75113,M,,,75
201000066541,10,11,6,810,1,2,2,2.0,7.0,75113,M,,,75
201000066542,10,11,6,1136,1,2,1,8.0,6.0,75105,M,,,75
201000066543,10,11,6,1600,1,2,2,2.0,1.0,75116,M,,,75
201000066544,10,11,6,1930,5,2,2,3.0,5.0,75117,M,,,75
201000066545,10,11,8,2020,5,2,1,1.0,6.0,75119,M,,,75
201000066546,10,10,10,39,5,2,5,1.0,2.0,75106,M,,,75
201000066547,10,10,10,2030,5,2,2,1.0,6.0,75112,M,,,75
201000066548,10,11,10,1750,5,2,2,1.0,3.0,75119,M,,,75
201000066549,10,11,10,2224,5,2,1,1.0,6.0,75115,M,,,75
201000066550,10,11,11,1210,1,2,1,2.0,6.0,75117,M,,,75
201000066551,10,11,11,1401,1,2,1,3.0,6.0,75108,M,,,75
201000066552,10,11,12,1620,1,2,1,2.0,2.0,75117,M,,,75
201000066553,10,11,13,1015,1,2,1,2.0,6.0,75118,M,,,75
201000066554,10,11,14,330,5,2,2,2.0,2.0,75110,M,,,75
201000066555,10,11,15,1116,1,2,1,1.0,3.0,75106,M,,,75
201000066556,10,10,16,255,5,2,5,2.0,7.0,75116,M,,,75
201000066557,10,11,16,1730,5,2,2,8.0,6.0,75113,M,,,75
201000066558,10,11,17,254,5,2,1,1.0,6.0,75106,M,,,75
201000066559,10,11,17,2300,5,2,4,1.0,3.0,75111,M,,,75
201000066560,10,11,18,2145,5,2,2,1.0,6.0,75117,M,,,75
201000066561,10,11,19,1452,1,2,1,8.0,1.0,75114,M,,,75
201000066562,10,11,19,2310,5,2,1,1.0,4.0,75117,M,,,75
201000066563,10,11,20,610,5,2,1,1.0,6.0,75108,M,,,75
201000066564,10,11,20,1850,5,2,1,1.0,7.0,75108,M,,,75
201000066565,10,11,20,2345,5,2,1,2.0,6.0,75110,M,,,75
201000066566,10,11,21,700,5,2,2,2.0,3.0,75115,M,,,75
201000066567,10,11,24,930,1,2,3,1.0,3.0,75103,M,,,75
201000066568,10,11,24,1605,1,2,3,1.0,6.0,75107,M,,,75
201000066569,10,11,24,1935,5,2,2,1.0,3.0,75114,M,,,75
201000066570,10,10,28,2340,5,2,5,1.0,7.0,75116,M,,,75
201000066571,10,11,25,1415,1,2,2,1.0,3.0,75116,M,,,75
201000066572,10,11,25,1847,5,2,2,8.0,6.0,75106,M,,,75
201000066573,10,11,26,800,1,2,2,1.0,6.0,75113,M,,,75
201000066574,10,11,26,1413,1,2,1,1.0,7.0,75104,M,,,75
201000066575,10,11,27,20,5,2,2,1.0,1.0,75106,M,,,75
201000066576,10,11,28,1255,1,2,1,8.0,6.0,75112,M,,,75
201000066577,10,11,29,2025,5,2,2,1.0,6.0,75107,M,,,75
201000066578,10,11,2,2330,5,2,3,1.0,6.0,75106,M,,,75
201000066579,10,12,2,1617,1,2,1,1.0,6.0,75111,M,,,75
201000066580,10,12,4,1815,5,2,1,2.0,3.0,75116,M,,,75
201000066581,10,12,5,26,5,2,2,1.0,6.0,75120,M,,,75
201000066582,10,12,5,37,5,2,1,1.0,6.0,75106,M,,,75
201000066583,10,12,5,230,5,2,5,1.0,3.0,75106,M,,,75
201000066584,10,12,5,1804,5,2,5,2.0,6.0,75119,M,,,75
201000066585,10,12,6,1220,1,2,5,1.0,3.0,75118,M,,,75
201000066586,10,12,7,1340,1,2,2,4.0,6.0,75120,M,,,75
201000066587,10,12,12,620,5,2,5,1.0,5.0,75110,M,,,75
201000066588,10,12,16,820,2,2,5,2.0,3.0,75116,M,,,75
201000066589,10,12,16,935,1,2,1,2.0,7.0,75104,M,,,75
201000066590,10,12,16,1704,5,2,1,2.0,3.0,75116,M,,,75
201000066591,10,12,17,610,5,2,2,4.0,2.0,75108,M,,,75
201000066592,10,12,17,955,1,2,2,1.0,3.0,75116,M,,,75
201000066593,10,12,17,1414,1,2,1,1.0,3.0,75110,M,,,75
201000066594,10,12,18,345,5,2,2,8.0,3.0,75110,M,,,75
201000066595,10,12,24,1515,1,2,2,1.0,6.0,75119,M,,,75
201000066596,10,12,25,700,5,2,1,8.0,6.0,75112,M,,,75
201000066597,10,12,28,2140,5,2,1,1.0,3.0,75117,M,,,75
201000066598,10,12,31,2145,5,2,5,1.0,3.0,75116,M,,,75
201000066599,10,9,10,1900,5,2,1,1.0,6.0,75108,M,,,75
201000066600,10,9,11,102,5,2,5,1.0,6.0,75112,M,,,75
201000066601,10,1,1,2145,5,2,1,1.0,6.0,75115,M,,,75
201000066602,10,1,2,1555,1,2,1,1.0,4.0,75113,M,,,75
201000066603,10,1,4,1215,1,2,1,1.0,4.0,75112,M,,,75
201000066604,10,1,5,830,1,2,1,1.0,3.0,75117,M,,,75
201000066605,10,1,5,1025,1,2,1,1.0,3.0,75114,M,,,75
201000066606,10,1,11,1715,5,2,1,1.0,3.0,75117,M,,,75
201000066607,10,1,11,2215,5,2,1,1.0,4.0,75119,M,,,75
201000066608,10,1,13,225,5,2,1,4.0,6.0,75112,M,,,75
201000066609,10,1,13,1800,2,2,1,1.0,6.0,75115,M,,,75
201000066610,10,1,14,1210,1,2,1,1.0,2.0,75118,M,,,75
201000066611,10,1,15,1315,1,2,1,1.0,2.0,75120,M,,,75
201000066612,10,1,15,1856,5,2,1,1.0,6.0,75115,M,,,75
201000066613,10,1,16,335,5,1,1,1.0,6.0,75118,M,,,75
201000066614,10,1,17,245,5,2,1,1.0,6.0,75114,M,,,75
201000066615,10,1,22,515,5,2,1,1.0,6.0,75117,M,,,75
201000066616,10,1,22,2010,5,2,1,1.0,6.0,75115,M,,,75
201000066617,10,1,23,130,5,2,1,1.0,6.0,75114,M,,,75
201000066618,10,1,24,300,5,2,1,1.0,6.0,75112,M,,,75
201000066619,10,1,25,750,5,1,1,1.0,2.0,75119,M,,,75
201000066620,10,1,25,1950,5,2,1,1.0,2.0,75113,M,,,75
201000066621,10,1,27,940,1,2,1,1.0,3.0,75116,M,,,75
201000066622,10,1,27,1500,1,1,1,1.0,6.0,75116,M,,,75
201000066623,10,1,29,1755,3,2,5,2.0,7.0,75112,M,,,75
201000066624,10,2,2,930,1,2,1,1.0,3.0,75113,M,,,75
201000066625,10,2,2,1530,1,2,1,2.0,6.0,75117,M,,,75
201000066626,10,2,3,12,5,2,4,2.0,3.0,75112,M,,,75
201000066627,10,2,3,935,1,2,1,2.0,6.0,75116,M,,,75
201000066628,10,2,3,1600,1,2,1,1.0,2.0,75113,M,,,75
201000066629,10,2,3,2040,5,2,1,1.0,3.0,75112,M,,,75
201000066630,10,2,5,950,1,2,1,8.0,4.0,75113,M,,,75
201000066631,10,2,5,1005,1,2,1,2.0,7.0,75117,M,,,75
201000066632,10,2,5,1220,1,2,1,1.0,2.0,75113,M,,,75
201000066633,10,2,5,1310,1,2,1,1.0,2.0,75117,M,,,75
201000066634,10,2,5,1830,5,2,4,1.0,7.0,75112,M,,,75
201000066635,10,2,6,1300,1,2,1,2.0,2.0,75117,M,,,75
201000066636,10,2,6,2230,5,2,1,1.0,3.0,75113,M,,,75
201000066637,10,2,8,110,5,2,1,1.0,2.0,75117,M,,,75
201000066638,10,2,8,1615,1,2,1,2.0,3.0,75115,M,,,75
201000066639,10,2,12,850,1,2,1,1.0,4.0,75116,M,,,75
201000066640,10,2,12,2000,5,2,1,1.0,3.0,75112,M,,,75
201000066641,10,2,12,1716,1,2,4,1.0,3.0,75115,M,,,75
201000066642,10,2,14,1305,1,2,1,1.0,6.0,75116,M,,,75
201000066643,10,2,15,1715,1,1,1,1.0,3.0,75116,M,,,75
201000066644,10,2,16,945,1,2,1,1.0,4.0,75117,M,,,75
201000066645,10,2,17,1355,1,2,1,2.0,2.0,75116,M,,,75
201000066646,10,2,18,930,1,2,1,1.0,2.0,75119,M,,,75
201000066647,10,2,18,2110,5,2,1,2.0,4.0,75115,M,,,75
201000066648,10,2,19,1600,1,2,1,1.0,4.0,75117,M,,,75
201000066649,10,2,19,1625,1,2,1,1.0,4.0,75120,M,,,75
201000066650,10,2,19,1530,1,1,1,1.0,6.0,75116,M,,,75
201000066651,10,2,20,1847,5,2,1,1.0,7.0,75115,M,,,75
201000066652,10,2,20,1850,5,2,1,1.0,3.0,75113,M,,,75
201000066653,10,2,21,1500,1,2,1,1.0,2.0,75116,M,,,75
201000066654,10,2,22,610,5,2,1,1.0,7.0,75115,M,,,75
201000066655,10,2,23,1540,1,2,1,1.0,3.0,75117,M,,,75
201000066656,10,2,24,1610,1,2,1,1.0,7.0,75118,M,,,75
201000066657,10,2,24,1745,1,2,1,1.0,5.0,75116,M,,,75
201000066658,10,2,25,625,2,2,1,2.0,2.0,75120,M,,,75
201000066659,10,2,27,930,1,2,4,1.0,2.0,75113,M,,,75
201000066660,10,3,1,1300,1,2,1,1.0,6.0,75120,M,,,75
201000066661,10,3,1,1935,5,2,1,1.0,4.0,75116,M,,,75
201000066662,10,3,2,1055,1,2,1,1.0,6.0,75116,M,,,75
201000066663,10,3,2,1320,1,2,1,1.0,4.0,75115,M,,,75
201000066664,10,3,2,2015,5,2,1,1.0,4.0,75113,M,,,75
201000066665,10,3,3,1810,2,2,1,1.0,3.0,75115,M,,,75
201000066666,10,3,4,100,5,2,4,1.0,6.0,75116,M,,,75
201000066667,10,3,4,750,1,2,1,1.0,4.0,75119,M,,,75
201000066668,10,3,4,1545,1,2,1,1.0,4.0,75117,M,,,75
201000066669,10,3,5,1210,1,1,1,1.0,3.0,75113,M,,,75
201000066670,10,3,5,1355,1,2,1,1.0,4.0,75116,M,,,75
201000066671,10,3,5,1420,1,2,4,1.0,3.0,75118,M,,,75
201000066672,10,3,5,1745,1,2,1,1.0,6.0,75118,M,,,75
201000066673,10,3,5,2110,5,2,1,1.0,4.0,75113,M,,,75
201000066674,10,3,5,2247,5,2,1,1.0,3.0,75115,M,,,75
201000066675,10,3,8,1900,3,2,1,1.0,4.0,75116,M,,,75
201000066676,10,3,9,615,2,2,1,1.0,3.0,75114,M,,,75
201000066677,10,3,10,830,1,2,1,1.0,2.0,75113,M,,,75
201000066678,10,3,10,1920,5,2,1,1.0,6.0,75119,M,,,75
201000066679,10,3,11,1600,1,2,1,1.0,4.0,75117,M,,,75
201000066680,10,3,11,1620,1,2,1,1.0,4.0,75119,M,,,75
201000066681,10,3,13,1300,1,2,1,1.0,2.0,75117,M,,,75
201000066682,10,3,13,1405,1,2,1,1.0,3.0,75115,M,,,75
201000066683,10,3,15,830,1,2,1,7.0,3.0,75114,M,,,75
201000066684,10,3,15,1015,1,2,1,1.0,7.0,75120,M,,,75
201000066685,10,3,15,1520,1,2,1,1.0,6.0,75120,M,,,75
201000066686,10,3,16,855,1,2,1,1.0,3.0,75112,M,,,75
201000066687,10,3,16,2030,5,2,1,1.0,4.0,75119,M,,,75
201000066688,10,3,16,2015,5,2,1,1.0,3.0,75117,M,,,75
201000066689,10,3,17,855,1,2,1,1.0,3.0,75116,M,,,75
201000066690,10,3,17,1325,1,2,1,1.0,2.0,75116,M,,,75
201000066691,10,3,17,2200,5,2,1,1.0,2.0,75113,M,,,75
201000066692,10,3,18,1240,1,2,1,1.0,3.0,75120,M,,,75
201000066693,10,3,18,1930,5,2,1,1.0,4.0,75114,M,,,75
201000066694,10,3,21,230,5,2,1,2.0,4.0,75118,M,,,75
201000066695,10,3,21,1715,1,2,1,1.0,3.0,75113,M,,,75
201000066696,10,3,22,925,1,2,1,1.0,3.0,75113,M,,,75
201000066697,10,3,22,825,1,2,1,1.0,3.0,75117,M,,,75
201000066698,10,3,23,820,1,2,1,1.0,2.0,75114,M,,,75
201000066699,10,3,23,810,1,2,1,1.0,2.0,75119,M,,,75
201000066700,10,3,23,1330,1,2,4,1.0,6.0,75119,M,,,75
201000066701,10,3,23,2100,5,2,1,1.0,6.0,75120,M,,,75
201000066702,10,3,24,1615,1,2,1,1.0,6.0,75117,M,,,75
201000066703,10,3,25,713,1,2,1,1.0,6.0,75113,M,,,75
201000066704,10,3,25,900,1,2,1,1.0,6.0,75116,M,,,75
201000066705,10,3,25,1320,1,2,1,2.0,3.0,75113,M,,,75
201000066706,10,3,25,1300,1,2,1,2.0,4.0,75113,M,,,75
201000066707,10,3,27,1225,1,2,1,1.0,6.0,75116,M,,,75
201000066708,10,3,28,540,5,2,1,1.0,2.0,75112,M,,,75
201000066709,10,3,29,1110,1,2,1,1.0,2.0,75113,M,,,75
201000066710,10,3,29,1510,1,2,4,1.0,2.0,75120,M,,,75
201000066711,10,3,30,24,5,2,1,1.0,6.0,75120,M,,,75
201000066712,10,3,30,335,5,1,1,2.0,6.0,75115,M,,,75
201000066713,10,3,30,850,1,2,1,8.0,3.0,75112,M,,,75
201000066714,10,3,30,1345,1,2,1,1.0,2.0,75119,M,,,75
201000066715,10,3,30,1440,1,2,1,1.0,4.0,75112,M,,,75
201000066716,10,3,31,330,5,2,1,1.0,6.0,75113,M,,,75
201000066717,10,3,31,1655,1,2,1,1.0,4.0,75117,M,,,75
201000066718,10,3,31,2055,5,2,1,1.0,3.0,75113,M,,,75
201000066719,10,4,1,910,1,2,1,1.0,7.0,75116,M,,,75
201000066720,10,4,1,1130,1,2,4,1.0,6.0,75116,M,,,75
201000066721,10,4,2,915,1,2,1,8.0,7.0,75117,M,,,75
201000066722,10,4,2,1930,5,2,1,2.0,3.0,75120,M,,,75
201000066723,10,4,3,845,1,2,1,2.0,2.0,75112,M,,,75
201000066724,10,4,4,745,1,2,1,2.0,6.0,75119,M,,,75
201000066725,10,4,4,1315,1,2,1,1.0,3.0,75113,M,,,75
201000066726,10,4,5,550,5,2,1,1.0,6.0,75120,M,,,75
201000066727,10,4,5,805,1,2,1,1.0,3.0,75118,M,,,75
201000066728,10,4,6,1440,1,2,1,1.0,2.0,75115,M,,,75
201000066729,10,4,6,1545,1,2,1,7.0,7.0,75120,M,,,75
201000066730,10,4,7,945,1,2,1,1.0,3.0,75114,M,,,75
201000066731,10,4,8,1430,1,2,1,1.0,2.0,75118,M,,,75
201000066732,10,4,9,910,1,2,1,1.0,3.0,75119,M,,,75
201000066733,10,4,9,1645,1,2,1,1.0,2.0,75112,M,,,75
201000066734,10,4,9,1800,1,2,1,1.0,4.0,75117,M,,,75
201000066735,10,4,10,1220,1,1,1,1.0,4.0,75113,M,,,75
201000066736,10,4,10,1440,1,2,1,1.0,7.0,75118,M,,,75
201000066737,10,4,11,2210,4,2,1,1.0,2.0,75120,M,,,75
201000066738,10,4,11,920,1,2,1,1.0,2.0,75112,M,,,75
201000066739,10,4,11,1335,1,2,4,1.0,3.0,75119,M,,,75
201000066740,10,4,12,650,1,2,1,1.0,4.0,75113,M,,,75
201000066741,10,4,12,1025,1,1,1,1.0,2.0,75118,M,,,75
201000066742,10,4,12,1500,1,2,1,1.0,2.0,75118,M,,,75
201000066743,10,4,12,1630,1,2,1,1.0,2.0,75114,M,,,75
201000066744,10,4,13,1300,1,2,1,1.0,4.0,75113,M,,,75
201000066745,10,4,13,1650,1,2,1,1.0,3.0,75116,M,,,75
201000066746,10,4,14,910,1,2,1,1.0,3.0,75117,M,,,75
201000066747,10,4,14,1745,1,2,1,1.0,4.0,75120,M,,,75
201000066748,10,4,14,2200,5,2,1,1.0,6.0,75119,M,,,75
201000066749,10,4,15,2200,3,2,1,1.0,6.0,75113,M,,,75
201000066750,10,4,15,830,1,2,1,1.0,2.0,75119,M,,,75
201000066751,10,4,15,1430,1,1,1,1.0,2.0,75119,M,,,75
201000066752,10,4,16,815,1,2,1,1.0,6.0,75116,M,,,75
201000066753,10,4,17,1520,1,2,1,1.0,3.0,75119,M,,,75
201000066754,10,4,19,1007,1,2,1,1.0,4.0,75113,M,,,75
201000066755,10,4,19,1905,1,1,4,1.0,3.0,75119,M,,,75
201000066756,10,3,6,1505,1,2,1,1.0,4.0,75118,M,,,75
201000066757,10,3,6,1225,1,2,1,1.0,3.0,75115,M,,,75
201000066758,10,3,7,2030,5,2,1,1.0,4.0,75112,M,,,75
201000066759,10,3,6,2115,3,2,1,1.0,4.0,75120,M,,,75
201000066760,10,4,20,950,1,2,1,1.0,4.0,75114,M,,,75
201000066761,10,3,7,1220,1,2,1,1.0,3.0,75112,M,,,75
201000066762,10,4,20,1350,1,2,1,1.0,3.0,75118,M,,,75
201000066763,10,3,7,650,1,2,4,1.0,2.0,75117,M,,,75
201000066764,10,4,21,150,5,2,1,1.0,2.0,75117,M,,,75
201000066765,10,4,21,805,1,2,1,1.0,3.0,75117,M,,,75
201000066766,10,4,21,1500,1,2,1,1.0,4.0,75115,M,,,75
201000066767,10,4,21,1915,1,2,1,1.0,2.0,75114,M,,,75
201000066768,10,4,21,2045,5,2,1,1.0,2.0,75120,M,,,75
201000066769,10,4,22,855,1,2,1,1.0,3.0,75113,M,,,75
201000066770,10,4,22,1520,1,2,1,1.0,3.0,75116,M,,,75
201000066771,10,4,23,720,1,2,1,1.0,3.0,75112,M,,,75
201000066772,10,4,23,800,1,2,1,1.0,4.0,75117,M,,,75
201000066773,10,4,23,840,1,2,1,1.0,2.0,75118,M,,,75
201000066774,10,4,23,1020,1,2,1,1.0,7.0,75118,M,,,75
201000066775,10,4,23,1200,1,2,1,1.0,2.0,75119,M,,,75
201000066776,10,4,23,1700,1,2,1,1.0,7.0,75120,M,,,75
201000066777,10,4,23,2335,5,2,1,1.0,6.0,75118,M,,,75
201000066778,10,4,24,205,5,2,4,1.0,3.0,75113,M,,,75
201000066779,10,4,26,900,1,2,1,1.0,2.0,75114,M,,,75
201000066780,10,4,26,1120,1,2,1,1.0,3.0,75118,M,,,75
201000066781,10,4,26,1330,1,2,1,1.0,6.0,75119,M,,,75
201000066782,10,4,26,1545,1,2,1,1.0,2.0,75112,M,,,75
201000066783,10,4,26,1545,1,2,1,1.0,2.0,75112,M,,,75
201000066784,10,4,27,915,1,2,1,1.0,3.0,75114,M,,,75
201000066785,10,4,27,1145,1,2,1,1.0,2.0,75112,M,,,75
201000066786,10,4,27,1400,1,2,1,1.0,6.0,75120,M,,,75
201000066787,10,4,27,1430,1,1,1,1.0,2.0,75116,M,,,75
201000066788,10,4,27,1935,2,2,1,1.0,3.0,75117,M,,,75
201000066789,10,4,28,1020,1,2,4,1.0,3.0,75116,M,,,75
201000066790,10,4,28,1010,1,2,1,1.0,3.0,75114,M,,,75
201000066791,10,4,29,815,1,2,1,1.0,2.0,75117,M,,,75
201000066792,10,4,29,1705,1,1,1,1.0,2.0,75117,M,,,75
201000066793,10,4,30,510,5,2,1,1.0,6.0,75112,M,,,75
201000066794,10,4,30,1700,1,2,1,1.0,3.0,75119,M,,,75
201000066795,10,4,30,2038,2,1,1,1.0,3.0,75113,M,,,75
201000066796,10,4,30,2015,1,2,1,1.0,3.0,75114,M,,,75
201000066797,10,5,1,32,5,2,1,1.0,6.0,75119,M,,,75