Num_Acc,an,mois,jour,hrmn,lum,agg,int,atm,col,com,gps,lat,long,dep
201000066798,10,5,1,1540,1,2,1,1.0,6.0,75118,M,,,75
201000066799,10,5,2,1635,1,2,1,1.0,2.0,75113,M,,,75
201000066800,10,5,3,948,1,2,1,1.0,4.0,75118,M,,,75
201000066801,10,5,3,1740,1,2,1,1.0,3.0,75117,M,,,75
201000066802,10,5,3,1830,1,2,1,1.0,3.0,75117,M,,,75
201000066803,10,5,4,910,1,2,1,1.0,3.0,75116,M,,,75
201000066804,10,5,5,910,1,2,1,1.0,3.0,75117,M,,,75
201000066805,10,5,6,650,1,2,1,1.0,7.0,75117,M,,,75
201000066806,10,5,6,750,1,2,1,1.0,3.0,75116,M,,,75
201000066807,10,5,6,1500,1,2,1,1.0,2.0,75112,M,,,75
201000066808,10,5,6,1850,1,2,1,1.0,3.0,75120,M,,,75
201000066809,10,5,6,1855,1,2,1,1.0,4.0,75112,M,,,75
201000066810,10,5,7,915,1,2,1,1.0,4.0,75116,M,,,75
201000066811,10,5,7,1630,1,2,1,1.0,7.0,75119,M,,,75
201000066812,10,5,7,1745,1,2,1,1.0,3.0,75112,M,,,75
201000066813,10,5,7,1830,1,2,1,1.0,2.0,75119,M,,,75
201000066814,10,5,8,130,5,2,4,1.0,4.0,75114,M,,,75
201000066815,10,5,8,20,5,2,1,1.0,3.0,75115,M,,,75
201000066816,10,5,8,1455,1,2,1,1.0,4.0,75118,M,,,75
201000066817,10,5,9,1315,1,2,1,1.0,2.0,75114,M,,,75
201000066818,10,5,9,1555,1,2,1,1.0,4.0,75113,M,,,75
201000066819,10,5,10,940,1,2,1,1.0,2.0,75114,M,,,75
201000066820,10,5,10,915,1,2,1,1.0,3.0,75116,M,,,75
201000066821,10,5,10,805,1,2,4,1.0,2.0,75112,M,,,75
201000066822,10,5,10,1730,1,2,1,1.0,3.0,75116,M,,,75
201000066823,10,5,10,1745,1,2,1,1.0,3.0,75112,M,,,75
201000066824,10,5,11,1,5,2,1,2.0,7.0,75117,M,,,75
201000066825,10,5,11,845,1,2,1,2.0,7.0,75114,M,,,75
201000066826,10,5,11,1755,1,2,1,2.0,4.0,75116,M,,,75
201000066827,10,5,11,2255,5,2,1,1.0,2.0,75118,M,,,75
201000066828,10,5,12,1200,1,2,1,1.0,3.0,75120,M,,,75
201000066829,10,5,12,1730,1,1,1,1.0,6.0,75117,M,,,75
201000066830,10,5,12,2110,5,2,1,1.0,6.0,75120,M,,,75
201000066831,10,5,14,1240,1,2,1,2.0,2.0,75115,M,,,75
201000066832,10,5,15,1050,1,2,1,1.0,6.0,75114,M,,,75
201000066833,10,5,15,1940,1,2,1,1.0,3.0,75113,M,,,75
201000066834,10,5,16,455,2,2,1,1.0,6.0,75117,M,,,75
201000066835,10,5,17,840,1,1,1,1.0,2.0,75117,M,,,75
201000066836,10,5,17,1415,1,2,1,1.0,2.0,75117,M,,,75
201000066837,10,5,17,1615,1,2,1,1.0,3.0,75119,M,,,75
201000066838,10,5,18,1200,1,2,1,1.0,6.0,75113,M,,,75
201000066839,10,5,18,2325,5,2,1,1.0,2.0,75120,M,,,75
201000066840,10,5,18,2215,5,2,1,1.0,2.0,75120,M,,,75
201000066841,10,5,19,530,2,2,1,1.0,6.0,75117,M,,,75
201000066842,10,5,19,620,1,2,1,1.0,2.0,75115,M,,,75
201000066843,10,5,19,1020,1,2,1,1.0,2.0,75119,M,,,75
201000066844,10,5,19,1610,1,2,1,1.0,2.0,75117,M,,,75
201000066845,10,5,19,1815,1,2,1,1.0,2.0,75112,M,,,75
201000066846,10,5,19,2015,1,2,1,1.0,3.0,75116,M,,,75
201000066847,10,5,20,935,1,2,1,1.0,3.0,75120,M,,,75
201000066848,10,5,20,945,1,1,1,1.0,3.0,75118,M,,,75
201000066849,10,5,20,1000,1,2,1,1.0,4.0,75117,M,,,75
201000066850,10,5,20,1130,1,2,1,1.0,3.0,75113,M,,,75
201000066851,10,5,20,1605,1,2,1,1.0,2.0,75112,M,,,75
201000066852,10,5,20,2035,1,2,1,1.0,2.0,75113,M,,,75
201000066853,10,5,21,740,1,2,1,1.0,2.0,75119,M,,,75
201000066854,10,5,21,1230,1,2,1,1.0,2.0,75116,M,,,75
201000066855,10,5,21,2000,1,2,1,1.0,4.0,75116,M,,,75
201000066856,10,5,22,1115,1,2,1,1.0,3.0,75116,M,,,75
201000066857,10,5,22,1910,1,1,1,1.0,3.0,75113,M,,,75
201000066858,10,5,23,1800,1,2,1,1.0,2.0,75117,M,,,75
201000066859,10,5,23,2000,1,1,1,1.0,3.0,75119,M,,,75
201000066860,10,5,25,1350,1,2,1,1.0,4.0,75120,M,,,75
201000066861,10,5,25,1435,1,2,1,1.0,3.0,75115,M,,,75
201000066862,10,5,26,120,5,2,1,1.0,6.0,75119,M,,,75
201000066863,10,5,26,1535,1,2,1,8.0,4.0,75116,M,,,75
201000066864,10,5,26,1830,1,2,1,1.0,7.0,75112,M,,,75
201000066865,10,5,26,1730,1,2,1,8.0,6.0,75112,M,,,75
201000066866,10,5,27,1345,1,2,1,3.0,2.0,75113,M,,,75
201000066867,10,5,28,905,1,2,1,1.0,3.0,75114,M,,,75
201000066868,10,5,28,1000,1,2,1,1.0,3.0,75114,M,,,75
201000066869,10,5,28,1235,1,2,1,1.0,2.0,75114,M,,,75
201000066870,10,5,28,1445,1,2,1,1.0,3.0,75117,M,,,75
201000066871,10,5,28,1805,1,2,1,1.0,4.0,75118,M,,,75
201000066872,10,5,29,1700,1,2,1,1.0,2.0,75116,M,,,75
201000066873,10,5,30,1715,1,2,1,8.0,2.0,75118,M,,,75
201000066874,10,5,30,2130,2,2,1,1.0,4.0,75120,M,,,75
201000066875,10,5,31,854,1,1,1,1.0,3.0,75118,M,,,75
201000066876,10,5,31,900,1,2,1,1.0,4.0,75114,M,,,75
201000066877,10,6,1,1820,1,2,1,2.0,4.0,75119,M,,,75
201000066878,10,6,2,635,1,2,1,1.0,2.0,75113,M,,,75
201000066879,10,6,2,820,1,2,1,1.0,3.0,75113,M,,,75
201000066880,10,6,3,1430,1,2,1,1.0,6.0,75117,M,,,75
201000066881,10,6,4,955,1,2,1,1.0,3.0,75112,M,,,75
201000066882,10,6,4,900,1,2,1,1.0,2.0,75117,M,,,75
201000066883,10,6,4,2215,5,2,4,1.0,3.0,75119,M,,,75
201000066884,10,6,5,1300,1,2,1,1.0,2.0,75113,M,,,75
201000066885,10,6,5,1220,1,2,1,1.0,3.0,75119,M,,,75
201000066886,10,6,5,1505,1,2,1,1.0,4.0,75114,M,,,75
201000066887,10,6,6,1035,1,2,1,1.0,2.0,75113,M,,,75
201000066888,10,6,6,1955,1,2,4,1.0,3.0,75112,M,,,75
201000066889,10,6,6,2100,2,2,1,1.0,4.0,75114,M,,,75
201000066890,10,6,7,1055,1,2,1,1.0,3.0,75112,M,,,75
201000066891,10,6,7,1335,1,2,2,1.0,3.0,75116,M,,,75
201000066892,10,6,7,1540,1,2,1,1.0,3.0,75116,M,,,75
201000066893,10,6,7,1755,1,2,1,1.0,4.0,75117,M,,,75
201000066894,10,6,8,15,5,2,1,1.0,6.0,75112,M,,,75
201000066895,10,6,8,910,1,2,1,1.0,2.0,75118,M,,,75
201000066896,10,6,8,915,1,2,1,1.0,4.0,75113,M,,,75
201000066897,10,6,8,1730,1,2,1,1.0,3.0,75120,M,,,75
201000066898,10,6,9,920,1,2,1,8.0,3.0,75112,M,,,75
201000066899,10,6,9,1140,1,2,1,1.0,2.0,75112,M,,,75
201000066900,10,6,9,1700,1,2,1,1.0,4.0,75115,M,,,75
201000066901,10,6,10,930,1,2,1,2.0,3.0,75120,M,,,75
201000066902,10,6,11,710,5,2,1,1.0,6.0,75120,M,,,75
201000066903,10,6,11,1730,1,2,4,1.0,3.0,75112,M,,,75
201000066904,10,6,11,1610,1,2,1,1.0,3.0,75112,M,,,75
201000066905,10,6,12,305,5,2,1,3.0,6.0,75113,M,,,75
201000066906,10,6,12,430,5,2,4,3.0,3.0,75119,M,,,75
201000066907,10,6,12,1500,1,2,1,1.0,4.0,75117,M,,,75
201000066908,10,6,13,25,5,2,1,1.0,4.0,75118,M,,,75
201000066909,10,6,14,10,5,2,1,1.0,3.0,75120,M,,,75
201000066910,10,6,14,820,1,2,1,1.0,7.0,75112,M,,,75
201000066911,10,6,14,1530,1,2,1,1.0,4.0,75113,M,,,75
201000066912,10,6,14,1650,1,2,1,1.0,4.0,75116,M,,,75
201000066913,10,6,14,1735,1,2,1,1.0,3.0,75112,M,,,75
201000066914,10,6,15,820,1,2,1,1.0,2.0,75112,M,,,75
201000066915,10,6,15,1240,1,1,1,1.0,2.0,75112,M,,,75
201000066916,10,6,15,1800,1,2,1,1.0,6.0,75116,M,,,75
201000066917,10,6,16,1815,1,1,1,1.0,3.0,75116,M,,,75
201000066918,10,6,18,815,1,2,1,1.0,3.0,75113,M,,,75
201000066919,10,6,18,1000,1,2,1,1.0,3.0,75116,M,,,75
201000066920,10,6,19,145,5,2,1,1.0,7.0,75118,M,,,75
201000066921,10,6,20,947,1,1,1,1.0,6.0,75119,M,,,75
201000066922,10,6,21,530,2,2,1,1.0,6.0,75112,M,,,75
201000066923,10,6,21,1550,1,2,1,1.0,4.0,75112,M,,,75
201000066924,10,6,22,900,1,2,1,1.0,4.0,75114,M,,,75
201000066925,10,6,22,1235,1,2,4,1.0,6.0,75120,M,,,75
201000066926,10,6,22,1510,1,2,4,1.0,3.0,75116,M,,,75
201000066927,10,6,23,1550,1,2,1,1.0,2.0,75118,M,,,75
201000066928,10,6,24,822,1,2,1,1.0,2.0,75117,M,,,75
201000066929,10,6,24,830,1,2,1,1.0,3.0,75117,M,,,75
201000066930,10,6,24,1130,1,2,1,1.0,2.0,75119,M,,,75
201000066931,10,6,24,1720,1,2,1,1.0,2.0,75118,M,,,75
201000066932,10,6,24,2045,2,2,1,1.0,6.0,75120,M,,,75
201000066933,10,6,25,755,1,2,1,1.0,2.0,75115,M,,,75
201000066934,10,6,25,1500,1,2,1,1.0,7.0,75112,M,,,75
201000066935,10,6,25,1800,1,2,1,1.0,3.0,75116,M,,,75
201000066936,10,6,25,1930,1,2,1,1.0,3.0,75116,M,,,75
201000066937,10,6,25,2138,5,2,1,1.0,2.0,75112,M,,,75
201000066938,10,6,26,240,5,2,1,1.0,4.0,75120,M,,,75
201000066939,10,6,26,200,3,2,1,1.0,6.0,75119,M,,,75
201000066940,10,6,26,1140,1,1,1,1.0,2.0,75117,M,,,75
201000066941,10,6,26,1715,5,2,1,1.0,3.0,75116,M,,,75
201000066942,10,6,26,1515,1,2,1,1.0,4.0,75117,M,,,75
201000066943,10,6,27,10,5,2,4,1.0,2.0,75116,M,,,75
201000066944,10,6,27,1145,1,2,1,1.0,4.0,75113,M,,,75
201000066945,10,6,28,255,5,2,1,1.0,2.0,75117,M,,,75
201000066946,10,6,28,1315,1,2,1,1.0,4.0,75114,M,,,75
201000066947,10,6,29,915,1,2,1,1.0,3.0,75113,M,,,75
201000066948,10,6,29,1145,1,2,4,1.0,3.0,75119,M,,,75
201000066949,10,6,29,1600,1,2,1,1.0,3.0,75115,M,,,75
201000066950,10,6,29,1640,1,2,1,1.0,2.0,75114,M,,,75
201000066951,10,6,30,800,1,2,1,1.0,3.0,75114,M,,,75
201000066952,10,6,30,835,1,2,1,1.0,4.0,75118,M,,,75
201000066953,10,6,30,1655,1,2,1,1.0,4.0,75115,M,,,75
201000066954,10,6,30,1715,1,2,1,1.0,3.0,75112,M,,,75
201000066955,10,6,30,1838,1,2,1,1.0,7.0,75117,M,,,75
201000066956,10,7,1,930,1,2,1,1.0,3.0,75113,M,,,75
201000066957,10,7,1,1505,1,2,1,1.0,2.0,75119,M,,,75
201000066958,10,7,1,1600,1,2,1,1.0,3.0,75120,M,,,75
201000066959,10,7,1,2000,1,2,1,1.0,3.0,75116,M,,,75
201000066960,10,7,2,1440,1,2,1,1.0,3.0,75112,M,,,75
201000066961,10,7,3,1300,1,2,1,1.0,7.0,75117,M,,,75
201000066962,10,7,4,943,1,2,1,1.0,2.0,75118,M,,,75
201000066963,10,7,4,1320,1,2,1,1.0,4.0,75113,M,,,75
201000066964,10,7,4,1430,1,2,1,1.0,2.0,75112,M,,,75
201000066965,10,7,4,1715,1,2,1,1.0,4.0,75113,M,,,75
201000066966,10,7,5,1015,1,2,1,1.0,3.0,75113,M,,,75
201000066967,10,7,5,1040,1,2,1,1.0,2.0,75118,M,,,75
201000066968,10,7,5,1410,1,2,1,1.0,3.0,75118,M,,,75
201000066969,10,7,7,720,1,2,1,1.0,7.0,75113,M,,,75
201000066970,10,7,7,1155,1,2,1,1.0,3.0,75118,M,,,75
201000066971,10,7,9,2220,5,2,1,1.0,3.0,75112,M,,,75
201000066972,10,7,12,20,5,2,1,1.0,4.0,75113,M,,,75
201000066973,10,7,12,1050,1,2,1,1.0,7.0,75120,M,,,75
201000066974,10,7,12,1540,1,2,1,1.0,2.0,75116,M,,,75
201000066975,10,7,12,1730,5,2,1,1.0,4.0,75117,M,,,75
201000066976,10,7,13,1746,1,2,1,1.0,3.0,75112,M,,,75
201000066977,10,7,13,1830,1,2,1,1.0,2.0,75116,M,,,75
201000066978,10,7,14,2045,1,2,4,8.0,6.0,75112,M,,,75
201000066979,10,7,15,1940,5,2,1,1.0,3.0,75116,M,,,75
201000066980,10,7,16,1520,1,2,1,1.0,2.0,75112,M,,,75
201000066981,10,7,13,800,1,2,1,1.0,6.0,75119,M,,,75
201000066982,10,7,16,2305,5,2,1,1.0,6.0,75119,M,,,75
201000066983,10,7,16,1300,1,2,1,1.0,2.0,75114,M,,,75
201000066984,10,7,18,45,5,2,4,1.0,6.0,75120,M,,,75
201000066985,10,7,18,220,5,2,1,1.0,6.0,75117,M,,,75
201000066986,10,7,19,1415,1,2,1,1.0,3.0,75113,M,,,75
201000066987,10,7,20,850,1,2,1,1.0,2.0,75118,M,,,75
201000066988,10,7,20,1520,1,2,1,1.0,2.0,75116,M,,,75
201000066989,10,7,20,2045,1,2,4,1.0,6.0,75116,M,,,75
201000066990,10,7,21,1700,1,2,1,1.0,2.0,75116,M,,,75
201000066991,10,7,21,1845,1,2,1,1.0,4.0,75117,M,,,75
201000066992,10,7,19,1720,1,2,1,1.0,7.0,75120,M,,,75
201000066993,10,7,19,2030,1,2,1,1.0,3.0,75116,M,,,75
201000066994,10,7,19,2030,2,2,1,1.0,2.0,75114,M,,,75
201000066995,10,7,21,1935,1,2,1,2.0,2.0,75117,M,,,75
201000066996,10,7,25,1150,1,2,1,1.0,2.0,75113,M,,,75
201000066997,10,7,25,1550,1,2,1,1.0,4.0,75116,M,,,75
201000066998,10,7,26,1630,1,2,1,1.0,3.0,75117,M,,,75
201000066999,10,7,28,540,1,2,1,1.0,4.0,75118,M,,,75
201000067000,10,7,28,1410,1,2,1,1.0,4.0,75119,M,,,75
201000067001,10,7,29,1850,1,2,1,1.0,3.0,75116,M,,,75
201000067002,10,7,30,1900,1,2,1,1.0,7.0,75113,M,,,75
201000067003,10,8,1,155,5,2,4,1.0,6.0,75117,M,,,75
201000067004,10,8,2,745,1,2,1,1.0,3.0,75113,M,,,75
201000067005,10,8,2,1610,1,2,1,8.0,6.0,75114,M,,,75
201000067006,10,8,2,1832,1,2,1,1.0,3.0,75116,M,,,75
201000067007,10,8,3,1030,1,2,1,1.0,4.0,75113,M,,,75
201000067008,10,8,3,1150,1,2,1,1.0,3.0,75120,M,,,75
201000067009,10,8,4,605,2,2,1,1.0,6.0,75112,M,,,75
201000067010,10,8,2,1150,1,2,1,1.0,4.0,75112,M,,,75
201000067011,10,8,6,910,2,2,1,1.0,4.0,75114,M,,,75
201000067012,10,8,6,1010,1,2,1,1.0,6.0,75117,M,,,75
201000067013,10,8,6,1240,1,2,1,1.0,7.0,75120,M,,,75
201000067014,10,8,8,155,5,2,1,1.0,7.0,75116,M,,,75
201000067015,10,8,9,748,1,2,1,1.0,2.0,75112,M,,,75
201000067016,10,8,9,1140,1,2,1,1.0,4.0,75114,M,,,75
201000067017,10,8,9,2240,5,2,4,1.0,6.0,75112,M,,,75
201000067018,10,8,10,1220,1,2,1,1.0,6.0,75117,M,,,75
201000067019,10,8,10,1645,1,2,4,1.0,7.0,75112,M,,,75
201000067020,10,8,10,2310,5,2,1,2.0,4.0,75119,M,,,75
201000067021,10,8,11,1455,1,2,1,1.0,4.0,75120,M,,,75
201000067022,10,8,11,1445,1,2,1,1.0,4.0,75112,M,,,75
201000067023,10,8,11,1155,1,2,1,2.0,6.0,75120,M,,,75
201000067024,10,8,12,1730,1,2,1,1.0,6.0,75117,M,,,75
201000067025,10,8,12,1750,1,2,1,1.0,3.0,75117,M,,,75
201000067026,10,8,13,515,5,2,1,1.0,6.0,75112,M,,,75
201000067027,10,8,13,1230,1,2,1,1.0,2.0,75112,M,,,75
201000067028,10,8,15,1515,1,2,1,3.0,6.0,75120,M,,,75
201000067029,10,8,15,1700,1,2,1,2.0,6.0,75120,M,,,75
201000067030,10,8,16,1150,1,2,1,3.0,6.0,75120,M,,,75
201000067031,10,8,16,1310,1,2,1,3.0,6.0,75120,M,,,75
201000067032,10,8,17,1150,1,2,1,1.0,7.0,75115,M,,,75
201000067033,10,8,18,855,1,2,1,2.0,7.0,75120,M,,,75
201000067034,10,8,18,800,1,2,1,2.0,7.0,75115,M,,,75
201000067035,10,8,18,1810,1,2,1,1.0,7.0,75120,M,,,75
201000067036,10,8,20,20,5,2,1,1.0,2.0,75120,M,,,75
201000067037,10,8,20,820,1,2,1,1.0,6.0,75114,M,,,75
201000067038,10,8,22,1120,1,2,1,1.0,2.0,75120,M,,,75
201000067039,10,8,22,1930,1,2,1,1.0,6.0,75113,M,,,75
201000067040,10,8,23,1410,1,2,1,1.0,6.0,75118,M,,,75
201000067041,10,8,23,1330,1,2,1,2.0,2.0,75120,M,,,75
201000067042,10,8,24,1030,1,2,1,1.0,2.0,75112,M,,,75
201000067043,10,8,24,1650,1,2,1,1.0,6.0,75113,M,,,75
201000067044,10,8,25,2140,5,2,1,1.0,6.0,75119,M,,,75
201000067045,10,8,26,945,1,2,1,1.0,2.0,75119,M,,,75
201000067046,10,8,27,1415,1,2,1,1.0,4.0,75114,M,,,75
201000067047,10,8,30,750,1,2,1,1.0,3.0,75117,M,,,75
201000067048,10,8,30,1730,1,2,1,1.0,3.0,75113,M,,,75
201000067049,10,8,31,1900,1,2,1,1.0,2.0,75120,M,,,75
201000067050,10,8,31,1845,1,2,1,1.0,2.0,75114,M,,,75
201000067051,10,9,1,1150,1,2,1,1.0,7.0,75119,M,,,75
201000067052,10,9,1,1637,1,2,1,1.0,4.0,75116,M,,,75
201000067053,10,9,2,735,1,2,1,1.0,6.0,75115,M,,,75
201000067054,10,9,3,720,1,2,1,1.0,2.0,75113,M,,,75
201000067055,10,9,3,745,1,2,1,1.0,7.0,75118,M,,,75
201000067056,10,9,3,1145,1,2,1,1.0,6.0,75118,M,,,75
201000067057,10,9,3,1300,1,2,1,1.0,4.0,75120,M,,,75
201000067058,10,9,3,1430,1,2,1,1.0,2.0,75113,M,,,75
201000067059,10,9,3,1615,1,2,1,1.0,4.0,75117,M,,,75
201000067060,10,9,3,1830,1,2,1,1.0,2.0,75116,M,,,75
201000067061,10,9,4,2330,5,2,1,1.0,4.0,75113,M,,,75
201000067062,10,9,6,950,1,2,1,1.0,3.0,75113,M,,,75
201000067063,10,9,6,2308,3,2,1,2.0,6.0,75120,M,,,75
201000067064,10,9,7,1900,1,2,1,1.0,3.0,75120,M,,,75
201000067065,10,9,8,700,1,2,1,2.0,6.0,75114,M,,,75
201000067066,10,9,9,610,2,2,1,1.0,4.0,75118,M,,,75
201000067067,10,9,8,1500,1,2,1,3.0,4.0,75116,M,,,75
201000067068,10,9,10,1045,1,2,1,1.0,4.0,75114,M,,,75
201000067069,10,9,10,1600,1,2,1,1.0,2.0,75119,M,,,75
201000067070,10,9,10,1830,1,2,1,1.0,2.0,75117,M,,,75
201000067071,10,9,10,2100,5,2,1,1.0,6.0,75117,M,,,75
201000067072,10,9,11,645,2,2,4,1.0,4.0,75119,M,,,75
201000067073,10,9,11,1735,1,2,4,1.0,6.0,75112,M,,,75
201000067074,10,9,11,2115,5,2,1,1.0,3.0,75119,M,,,75
201000067075,10,9,9,1630,1,2,1,1.0,4.0,75116,M,,,75
201000067076,10,9,12,2010,5,2,4,1.0,3.0,75116,M,,,75
201000067077,10,9,9,1745,1,2,1,1.0,2.0,75119,M,,,75
201000067078,10,9,15,945,1,2,1,1.0,3.0,75115,M,,,75
201000067079,10,9,15,1640,1,2,1,1.0,4.0,75116,M,,,75
201000067080,10,9,16,1515,1,2,1,1.0,3.0,75116,M,,,75
201000067081,10,9,16,1730,1,2,1,1.0,2.0,75120,M,,,75
201000067082,10,9,16,1645,1,2,1,1.0,2.0,75113,M,,,75
201000067083,10,9,16,1220,1,2,1,1.0,4.0,75120,M,,,75
201000067084,10,9,17,650,1,2,1,1.0,2.0,75114,M,,,75
201000067085,10,9,17,730,1,2,1,1.0,2.0,75114,M,,,75
201000067086,10,9,16,1110,1,2,1,1.0,4.0,75119,M,,,75
201000067087,10,9,17,915,1,2,1,1.0,2.0,75113,M,,,75
201000067088,10,9,17,1155,1,2,1,1.0,2.0,75112,M,,,75
201000067089,10,9,16,1945,1,2,1,8.0,7.0,75113,M,,,75
201000067090,10,9,17,1515,1,2,1,1.0,2.0,75118,M,,,75
201000067091,10,9,17,1700,1,2,1,1.0,2.0,75117,M,,,75
201000067092,10,9,17,1650,1,2,1,1.0,4.0,75116,M,,,75
201000067093,10,9,18,1410,1,2,1,1.0,2.0,75112,M,,,75
201000067094,10,9,18,1620,1,2,1,1.0,4.0,75117,M,,,75
201000067095,10,9,19,1345,1,2,1,1.0,2.0,75116,M,,,75
201000067096,10,9,20,1045,1,2,1,1.0,2.0,75113,M,,,75
201000067097,10,9,20,1630,1,2,4,1.0,2.0,75113,M,,,75
201000067098,10,9,21,110,5,2,4,1.0,6.0,75120,M,,,75
201000067099,10,9,20,1000,1,2,1,1.0,2.0,75117,M,,,75
201000067100,10,9,21,1830,1,2,1,1.0,3.0,75112,M,,,75
201000067101,10,9,22,800,1,2,1,1.0,2.0,75114,M,,,75
201000067102,10,9,22,730,1,2,1,1.0,2.0,75116,M,,,75
201000067103,10,9,22,800,1,2,1,1.0,3.0,75117,M,,,75
201000067104,10,9,21,855,1,2,1,1.0,3.0,75116,M,,,75
201000067105,10,9,22,2145,5,2,1,1.0,2.0,75112,M,,,75
201000067106,10,9,23,1410,1,2,1,1.0,2.0,75114,M,,,75
201000067107,10,9,23,1700,1,2,1,1.0,4.0,75112,M,,,75
201000067108,10,9,23,1915,5,2,1,1.0,2.0,75118,M,,,75
201000067109,10,9,24,830,1,2,1,1.0,2.0,75118,M,,,75
201000067110,10,9,24,740,1,2,1,1.0,2.0,75116,M,,,75
201000067111,10,9,24,725,1,2,1,2.0,6.0,75119,M,,,75
201000067112,10,9,24,1530,1,2,4,3.0,3.0,75113,M,,,75
201000067113,10,9,24,1450,1,2,1,1.0,3.0,75113,M,,,75
201000067114,10,9,24,1700,1,2,4,2.0,2.0,75114,M,,,75
201000067115,10,9,24,2030,5,2,1,1.0,4.0,75115,M,,,75
201000067116,10,9,25,1320,1,2,1,1.0,3.0,75116,M,,,75
201000067117,10,9,25,1730,1,2,1,1.0,7.0,75120,M,,,75
201000067118,10,9,27,55,5,2,1,3.0,3.0,75112,M,,,75
201000067119,10,9,27,535,3,2,1,2.0,6.0,75118,M,,,75
201000067120,10,9,27,1040,1,2,1,1.0,2.0,75112,M,,,75
201000067121,10,9,28,745,1,2,1,2.0,7.0,75117,M,,,75
201000067122,10,9,28,945,1,2,1,1.0,7.0,75120,M,,,75
201000067123,10,9,29,1515,1,2,4,1.0,4.0,75117,M,,,75
201000067124,10,10,1,1240,1,2,1,1.0,2.0,75120,M,,,75
201000067125,10,10,1,2250,5,2,1,2.0,2.0,75120,M,,,75
201000067126,10,10,2,645,2,2,1,2.0,6.0,75119,M,,,75
201000067127,10,10,2,1140,1,2,1,1.0,4.0,75118,M,,,75
201000067128,10,10,3,200,5,2,4,1.0,3.0,75116,M,,,75
201000067129,10,10,3,250,5,2,1,1.0,2.0,75115,M,,,75
201000067130,10,10,5,1245,1,2,1,1.0,6.0,75118,M,,,75
201000067131,10,10,5,1810,1,2,1,1.0,7.0,75118,M,,,75
201000067132,10,10,6,430,5,2,1,2.0,3.0,75120,M,,,75
201000067133,10,10,7,630,2,2,1,1.0,6.0,75113,M,,,75
201000067134,10,10,7,620,2,2,1,1.0,4.0,75116,M,,,75
201000067135,10,10,7,1100,1,2,1,1.0,4.0,75119,M,,,75
201000067136,10,10,7,1200,1,2,1,1.0,4.0,75119,M,,,75
201000067137,10,10,7,1830,1,2,1,1.0,6.0,75120,M,,,75
201000067138,10,10,8,1715,1,2,1,1.0,3.0,75113,M,,,75
201000067139,10,10,8,1945,5,2,4,1.0,2.0,75117,M,,,75
201000067140,10,10,8,2100,5,2,1,1.0,2.0,75113,M,,,75
201000067141,10,10,9,1030,1,2,1,1.0,3.0,75116,M,,,75
201000067142,10,10,9,1710,1,2,1,1.0,3.0,75113,M,,,75
201000067143,10,10,9,2105,5,2,1,1.0,6.0,75114,M,,,75
201000067144,10,10,9,2100,5,2,1,1.0,6.0,75119,M,,,75
201000067145,10,10,10,1250,1,2,1,1.0,4.0,75112,M,,,75
201000067146,10,10,10,1315,1,2,1,1.0,2.0,75112,M,,,75
201000067147,10,10,11,1050,1,2,1,1.0,2.0,75113,M,,,75
201000067148,10,10,11,1225,1,2,1,1.0,4.0,75119,M,,,75
201000067149,10,10,12,915,1,2,4,1.0,7.0,75113,M,,,75
201000067150,10,10,13,750,1,2,1,1.0,4.0,75116,M,,,75
201000067151,10,10,13,2020,5,2,1,1.0,4.0,75116,M,,,75
201000067152,10,10,14,2040,5,2,1,1.0,7.0,75116,M,,,75
201000067153,10,10,15,700,5,2,1,1.0,4.0,75113,M,,,75
201000067154,10,10,15,740,2,2,1,1.0,2.0,75115,M,,,75
201000067155,10,10,15,910,1,2,1,1.0,3.0,75112,M,,,75
201000067156,10,10,15,1240,1,2,1,1.0,2.0,75118,M,,,75
201000067157,10,10,15,1740,1,2,1,1.0,3.0,75116,M,,,75
201000067158,10,10,15,2120,5,2,1,2.0,7.0,75120,M,,,75
201000067159,10,10,16,1140,1,2,1,1.0,4.0,75113,M,,,75
201000067160,10,10,16,1315,1,2,1,1.0,4.0,75112,M,,,75
201000067161,10,10,16,1540,1,2,1,1.0,3.0,75113,M,,,75
201000067162,10,10,16,1705,1,2,1,8.0,4.0,75114,M,,,75
201000067163,10,10,17,640,5,2,1,1.0,6.0,75118,M,,,75
201000067164,10,10,17,2030,5,2,1,1.0,3.0,75115,M,,,75
201000067165,10,10,17,2011,5,2,1,1.0,3.0,75114,M,,,75
201000067166,10,10,18,140,4,2,1,1.0,7.0,75116,M,,,75
201000067167,10,10,18,950,1,2,1,1.0,6.0,75119,M,,,75
201000067168,10,10,18,1145,1,2,1,1.0,2.0,75119,M,,,75
201000067169,10,10,19,1345,1,2,1,1.0,6.0,75118,M,,,75
201000067170,10,10,19,2030,5,2,1,1.0,2.0,75118,M,,,75
201000067171,10,10,22,615,5,2,1,1.0,4.0,75114,M,,,75
201000067172,10,10,22,1125,1,2,1,1.0,7.0,75119,M,,,75
201000067173,10,10,22,1205,1,2,1,1.0,2.0,75116,M,,,75
201000067174,10,10,22,1445,1,2,1,1.0,4.0,75116,M,,,75
201000067175,10,10,22,1840,5,2,1,1.0,3.0,75113,M,,,75
201000067176,10,10,23,1435,1,2,1,8.0,7.0,75120,M,,,75
201000067177,10,10,24,1100,1,2,1,1.0,4.0,75112,M,,,75
201000067178,10,10,24,2240,5,2,4,1.0,6.0,75114,M,,,75
201000067179,10,10,25,750,1,2,1,1.0,2.0,75116,M,,,75
201000067180,10,10,25,1100,1,2,4,1.0,2.0,75113,M,,,75
201000067181,10,10,25,2035,5,2,1,1.0,4.0,75117,M,,,75
201000067182,10,10,26,1610,1,2,1,1.0,2.0,75116,M,,,75
201000067183,10,10,27,1715,1,2,1,1.0,2.0,75112,M,,,75