Num_Acc,an,mois,jour,hrmn,lum,agg,int,atm,col,com,gps,lat,long,dep
201000067184,10,10,27,1700,1,2,1,1.0,2.0,75114,M,,,75
201000067185,10,10,27,2030,5,2,1,1.0,4.0,75120,M,,,75
201000067186,10,10,28,1330,1,2,1,1.0,6.0,75118,M,,,75
201000067187,10,10,29,950,1,2,1,1.0,7.0,75118,M,,,75
201000067188,10,10,29,1030,1,2,1,1.0,3.0,75119,M,,,75
201000067189,10,10,29,1300,1,2,1,1.0,4.0,75120,M,,,75
201000067190,10,10,29,1805,2,2,1,1.0,3.0,75115,M,,,75
201000067191,10,10,29,1830,5,2,1,1.0,4.0,75118,M,,,75
201000067192,10,10,30,1650,1,2,1,1.0,4.0,75113,M,,,75
201000067193,10,10,31,2120,4,2,1,1.0,4.0,75112,M,,,75
201000067194,10,11,2,920,1,2,1,1.0,2.0,75112,M,,,75
201000067195,10,11,3,1355,1,2,4,1.0,3.0,75117,M,,,75
201000067196,10,11,4,1230,1,2,1,1.0,3.0,75118,M,,,75
201000067197,10,11,4,1315,1,2,1,1.0,3.0,75114,M,,,75
201000067198,10,11,4,1500,1,2,1,1.0,2.0,75116,M,,,75
201000067199,10,11,5,920,1,2,1,1.0,4.0,75116,M,,,75
201000067200,10,11,5,1245,1,2,1,1.0,6.0,75112,M,,,75
201000067201,10,11,5,1640,1,2,1,1.0,6.0,75118,M,,,75
201000067202,10,11,6,1230,1,2,1,2.0,6.0,75120,M,,,75
201000067203,10,11,6,1420,1,2,1,2.0,6.0,75116,M,,,75
201000067204,10,11,6,2040,5,2,1,3.0,4.0,75118,M,,,75
201000067205,10,11,7,425,5,2,1,2.0,6.0,75120,M,,,75
201000067206,10,11,7,445,4,2,1,3.0,6.0,75120,M,,,75
201000067207,10,11,7,1320,1,2,1,3.0,4.0,75117,M,,,75
201000067208,10,11,7,1945,5,2,1,8.0,2.0,75116,M,,,75
201000067209,10,11,7,2000,5,2,1,8.0,4.0,75116,M,,,75
201000067210,10,11,8,1945,5,2,1,8.0,2.0,75120,M,,,75
201000067211,10,11,9,1515,1,2,1,2.0,6.0,75120,M,,,75
201000067212,10,11,9,1600,1,2,1,2.0,4.0,75113,M,,,75
201000067213,10,11,10,835,1,2,1,2.0,3.0,75114,M,,,75
201000067214,10,11,10,920,1,2,1,2.0,2.0,75118,M,,,75
201000067215,10,11,11,1945,5,2,1,2.0,7.0,75120,M,,,75
201000067216,10,11,11,2245,5,2,4,2.0,6.0,75114,M,,,75
201000067217,10,11,13,216,5,2,1,1.0,6.0,75120,M,,,75
201000067218,10,11,13,1135,1,2,1,2.0,6.0,75120,M,,,75
201000067219,10,11,15,1145,1,2,1,1.0,3.0,75120,M,,,75
201000067220,10,11,16,1740,5,2,1,1.0,3.0,75116,M,,,75
201000067221,10,11,17,530,5,2,1,1.0,6.0,75115,M,,,75
201000067222,10,11,17,1845,5,2,1,1.0,7.0,75119,M,,,75
201000067223,10,11,18,300,4,2,1,1.0,3.0,75120,M,,,75
201000067224,10,11,18,825,1,2,1,1.0,3.0,75119,M,,,75
201000067225,10,11,18,910,1,2,1,1.0,2.0,75116,M,,,75
201000067226,10,11,18,1715,1,2,1,1.0,6.0,75117,M,,,75
201000067227,10,11,19,850,1,2,1,1.0,3.0,75118,M,,,75
201000067228,10,11,19,1335,1,2,4,1.0,7.0,75117,M,,,75
201000067229,10,11,19,1815,1,2,1,1.0,3.0,75112,M,,,75
201000067230,10,11,20,1530,1,2,1,1.0,2.0,75119,M,,,75
201000067231,10,11,20,2005,5,2,1,1.0,3.0,75115,M,,,75
201000067232,10,11,21,735,2,2,1,2.0,6.0,75117,M,,,75
201000067233,10,11,21,1355,1,2,1,2.0,6.0,75120,M,,,75
201000067234,10,11,21,1520,1,2,1,2.0,2.0,75120,M,,,75
201000067235,10,11,21,1630,2,2,1,2.0,4.0,75113,M,,,75
201000067236,10,11,22,655,2,2,1,2.0,3.0,75113,M,,,75
201000067237,10,11,23,725,1,2,1,1.0,3.0,75117,M,,,75
201000067238,10,11,23,930,5,2,1,1.0,3.0,75117,M,,,75
201000067239,10,11,24,410,3,2,1,2.0,6.0,75120,M,,,75
201000067240,10,11,24,900,1,2,3,1.0,5.0,75119,M,,,75
201000067241,10,11,24,1350,1,2,1,1.0,7.0,75113,M,,,75
201000067242,10,11,24,1230,1,2,4,1.0,3.0,75113,M,,,75
201000067243,10,11,24,2320,5,2,1,2.0,3.0,75113,M,,,75
201000067244,10,11,25,515,5,2,1,2.0,5.0,75119,M,,,75
201000067245,10,11,25,755,1,2,1,1.0,3.0,75119,M,,,75
201000067246,10,11,25,750,1,2,1,2.0,2.0,75120,M,,,75
201000067247,10,11,25,2015,5,2,4,1.0,6.0,75116,M,,,75
201000067248,10,11,25,2050,3,2,1,8.0,2.0,75119,M,,,75
201000067249,10,11,25,2235,5,2,4,1.0,2.0,75118,M,,,75
201000067250,10,11,26,1730,5,2,1,1.0,2.0,75117,M,,,75
201000067251,10,11,28,630,5,2,1,1.0,6.0,75112,M,,,75
201000067252,10,11,28,2150,5,2,4,1.0,6.0,75113,M,,,75
201000067253,10,11,30,1630,1,2,1,1.0,7.0,75118,M,,,75
201000067254,10,11,30,1840,5,2,1,1.0,4.0,75112,M,,,75
201000067255,10,11,30,2200,5,2,1,1.0,4.0,75119,M,,,75
201000067256,10,12,1,1400,1,2,1,4.0,3.0,75119,M,,,75
201000067257,10,12,3,2300,5,2,1,1.0,2.0,75118,M,,,75
201000067258,10,12,4,540,5,2,1,1.0,1.0,75118,M,,,75
201000067259,10,12,5,1400,1,2,1,2.0,3.0,75114,M,,,75
201000067260,10,12,6,920,1,2,1,2.0,6.0,75114,M,,,75
201000067261,10,12,6,1520,1,2,4,1.0,6.0,75118,M,,,75
201000067262,10,12,6,1650,1,2,1,1.0,2.0,75114,M,,,75
201000067263,10,12,7,1710,2,2,1,2.0,3.0,75113,M,,,75
201000067264,10,12,10,840,1,2,1,1.0,3.0,75117,M,,,75
201000067265,10,12,12,1745,2,2,1,1.0,4.0,75120,M,,,75
201000067266,10,12,13,900,1,2,1,1.0,3.0,75118,M,,,75
201000067267,10,12,13,1715,5,2,1,1.0,6.0,75119,M,,,75
201000067268,10,12,14,915,1,2,1,1.0,3.0,75120,M,,,75
201000067269,10,12,14,1420,1,2,1,1.0,4.0,75113,M,,,75
201000067270,10,12,16,235,5,2,1,1.0,6.0,75120,M,,,75
201000067271,10,12,17,900,1,2,1,1.0,7.0,75118,M,,,75
201000067272,10,12,17,1139,1,2,1,1.0,6.0,75112,M,,,75
201000067273,10,12,19,645,5,2,1,4.0,6.0,75119,M,,,75
201000067274,10,12,19,2040,5,2,1,1.0,6.0,75113,M,,,75
201000067275,10,12,20,2300,5,2,4,2.0,4.0,75120,M,,,75
201000067276,10,12,21,915,1,2,1,8.0,3.0,75120,M,,,75
201000067277,10,12,21,1400,1,2,1,1.0,2.0,75115,M,,,75
201000067278,10,12,21,1800,5,2,1,1.0,3.0,75116,M,,,75
201000067279,10,12,22,900,1,2,1,1.0,4.0,75119,M,,,75
201000067280,10,12,22,1420,1,2,1,1.0,6.0,75117,M,,,75
201000067281,10,12,22,1530,1,2,1,2.0,3.0,75116,M,,,75
201000067282,10,12,27,1850,5,2,1,1.0,7.0,75118,M,,,75
201000067283,10,12,28,1915,5,2,1,1.0,7.0,75116,M,,,75
201000067284,10,12,29,640,5,2,1,1.0,6.0,75120,M,,,75
201000067285,10,12,29,2050,5,2,1,1.0,6.0,75114,M,,,75
201000067286,10,12,30,1055,1,2,1,1.0,6.0,75113,M,,,75
201000067287,10,12,30,1435,1,2,4,8.0,6.0,75117,M,,,75
201000067288,10,12,31,1730,5,2,1,1.0,4.0,75116,M,,,75
201000067289,10,1,23,600,2,2,1,1.0,6.0,97029,A,0.0,0.0,972
201000067290,10,5,3,2015,4,1,1,1.0,1.0,97029,A,0.0,0.0,972
201000067291,10,5,15,2000,5,2,9,1.0,6.0,97029,A,0.0,0.0,972
201000067292,10,6,22,1615,1,2,6,3.0,7.0,97029,A,0.0,0.0,972
201000067293,10,7,11,2100,5,2,1,2.0,6.0,97029,A,0.0,0.0,972
201000067294,10,10,26,845,1,2,1,1.0,6.0,97029,A,0.0,0.0,972
201000067295,10,11,26,1300,1,2,1,1.0,6.0,97029,A,0.0,0.0,972
201000067296,10,5,4,2030,5,1,1,2.0,3.0,97024,A,0.0,0.0,972
201000067297,10,10,14,2100,3,1,1,1.0,2.0,97024,A,0.0,0.0,972
201000067298,10,5,10,1630,1,1,1,1.0,7.0,97034,A,0.0,0.0,972
201000067299,10,5,5,1545,1,1,1,1.0,3.0,97034,A,0.0,0.0,972
201000067300,10,5,16,1300,1,1,1,1.0,7.0,97005,A,0.0,0.0,972
201000067301,10,6,29,1600,1,1,1,1.0,5.0,97034,A,0.0,0.0,972
201000067302,10,7,13,1230,1,1,1,1.0,1.0,97005,A,0.0,0.0,972
201000067303,10,8,8,1030,1,1,1,3.0,3.0,97005,A,0.0,0.0,972
201000067304,10,9,3,645,1,1,1,1.0,3.0,97005,A,0.0,0.0,972
201000067305,10,9,4,1430,1,2,1,1.0,6.0,97034,A,0.0,0.0,972
201000067306,10,9,10,1745,1,1,1,8.0,7.0,97005,A,0.0,0.0,972
201000067307,10,9,16,700,1,1,1,1.0,3.0,97005,A,0.0,0.0,972
201000067308,10,10,9,1245,1,1,1,2.0,3.0,97005,A,0.0,0.0,972
201000067309,10,12,5,1000,1,2,1,1.0,1.0,97005,A,0.0,0.0,972
201000067310,10,12,19,900,1,1,1,1.0,3.0,97005,A,0.0,0.0,972
201000067311,10,4,23,500,3,2,1,1.0,1.0,97004,A,0.0,0.0,972
201000067312,10,5,13,1900,5,2,1,1.0,3.0,97004,A,0.0,0.0,972
201000067313,10,6,12,2200,3,1,1,2.0,1.0,97004,A,0.0,0.0,972
201000067314,10,9,9,730,1,1,1,2.0,1.0,97008,A,0.0,0.0,972
201000067315,10,12,6,2130,3,1,1,8.0,7.0,97025,A,0.0,0.0,972
201000067316,10,12,25,2115,5,2,1,3.0,7.0,97019,A,0.0,0.0,972
201000067317,10,7,11,1915,5,2,1,1.0,3.0,97018,A,0.0,0.0,972
201000067318,10,10,14,1015,1,2,1,1.0,7.0,97018,A,0.0,0.0,972
201000067319,10,11,28,1100,1,2,1,3.0,1.0,97018,A,0.0,0.0,972
201000067320,10,1,13,2030,3,1,1,1.0,7.0,97010,A,0.0,0.0,972
201000067321,10,1,15,1915,2,2,1,1.0,3.0,97032,A,0.0,0.0,972
201000067322,10,1,28,1345,1,2,1,1.0,6.0,97010,A,0.0,0.0,972
201000067323,10,2,24,1845,3,1,1,1.0,7.0,97010,A,0.0,0.0,972
201000067324,10,3,5,1600,1,1,1,1.0,4.0,97010,A,0.0,0.0,972
201000067325,10,4,18,1445,1,1,1,1.0,6.0,97010,A,0.0,0.0,972
201000067326,10,5,2,1130,1,2,1,1.0,6.0,97010,A,0.0,0.0,972
201000067327,10,5,6,2000,3,2,1,1.0,1.0,97010,A,0.0,0.0,972
201000067328,10,9,4,1845,5,2,1,1.0,6.0,97010,A,0.0,0.0,972
201000067329,10,10,29,1800,2,1,1,1.0,6.0,97010,A,0.0,0.0,972
201000067330,10,12,28,1215,1,1,1,1.0,1.0,97010,A,0.0,0.0,972
201000067331,10,12,31,215,3,1,1,1.0,6.0,97010,A,0.0,0.0,972
201000067332,10,1,24,400,3,1,1,1.0,2.0,97007,A,0.0,0.0,972
201000067333,10,2,27,1600,1,1,1,1.0,5.0,97007,A,0.0,0.0,972
201000067334,10,3,23,1230,1,2,3,1.0,3.0,97007,A,0.0,0.0,972
201000067335,10,5,10,1545,1,2,1,1.0,6.0,97007,A,0.0,0.0,972
201000067336,10,7,3,1830,3,1,1,1.0,3.0,97023,A,0.0,0.0,972
201000067337,10,8,2,1945,5,2,1,1.0,1.0,97023,A,0.0,0.0,972
201000067338,10,8,6,330,5,2,1,1.0,6.0,97007,A,0.0,0.0,972
201000067339,10,8,17,1145,1,2,1,1.0,6.0,97007,A,0.0,0.0,972
201000067340,10,8,20,1400,1,2,1,3.0,1.0,97007,A,0.0,0.0,972
201000067341,10,9,14,635,1,2,1,1.0,6.0,97007,A,0.0,0.0,972
201000067342,10,10,9,1200,1,1,1,1.0,2.0,97007,A,0.0,0.0,972
201000067343,10,11,16,1530,1,2,2,1.0,1.0,97007,A,0.0,0.0,972
201000067344,10,4,30,1345,1,2,1,1.0,3.0,97023,A,0.0,0.0,972
201000067345,10,6,9,930,1,2,3,3.0,3.0,97023,A,0.0,0.0,972
201000067346,10,11,17,1000,1,2,1,1.0,3.0,97023,A,0.0,0.0,972
201000067347,10,2,6,1600,1,1,1,1.0,6.0,97020,A,0.0,0.0,972
201000067348,10,4,16,1745,1,2,6,1.0,6.0,97020,A,0.0,0.0,972
201000067349,10,12,13,2000,3,1,1,1.0,7.0,97027,A,0.0,0.0,972
201000067350,10,12,23,1700,1,1,1,1.0,7.0,97020,A,0.0,0.0,972
201000067351,10,2,17,1645,1,1,1,7.0,6.0,97032,A,0.0,0.0,972
201000067352,10,4,14,1800,1,2,1,1.0,6.0,97032,A,0.0,0.0,972
201000067353,10,6,5,1930,3,1,1,1.0,7.0,97032,A,0.0,0.0,972
201000067354,10,8,12,2030,3,1,1,1.0,7.0,97032,A,0.0,0.0,972
201000067355,10,12,27,2145,5,2,1,1.0,1.0,97032,A,0.0,0.0,972
201000067356,10,1,30,2015,3,1,1,1.0,5.0,97017,A,0.0,0.0,972
201000067357,10,2,12,800,1,2,1,1.0,3.0,97017,A,0.0,0.0,972
201000067358,10,2,17,1300,1,1,1,1.0,1.0,97017,A,0.0,0.0,972
201000067359,10,9,1,830,1,1,1,1.0,7.0,97017,A,0.0,0.0,972
201000067360,10,9,20,900,1,2,1,1.0,6.0,97017,A,0.0,0.0,972
201000067361,10,12,13,715,1,2,1,1.0,6.0,97017,A,0.0,0.0,972
201000067362,10,2,6,1515,1,2,1,1.0,1.0,97021,A,0.0,0.0,972
201000067363,10,3,20,545,2,2,1,1.0,1.0,97097,A,0.0,0.0,972
201000067364,10,4,22,1215,1,2,1,1.0,1.0,97021,A,0.0,0.0,972
201000067365,10,7,25,1500,1,1,1,2.0,5.0,97021,A,0.0,0.0,972
201000067366,10,9,3,1215,1,2,1,1.0,3.0,97021,A,0.0,0.0,972
201000067367,10,9,29,2015,3,1,1,1.0,1.0,97021,A,0.0,0.0,972
201000067368,10,11,7,1745,5,1,1,1.0,5.0,97021,A,0.0,0.0,972
201000067369,10,11,14,1315,1,1,1,1.0,2.0,97021,A,0.0,0.0,972
201000067370,10,3,1,130,3,1,1,1.0,2.0,97031,A,0.0,0.0,972
201000067371,10,4,17,515,2,1,1,2.0,6.0,97031,A,0.0,0.0,972
201000067372,10,4,23,215,3,1,1,1.0,1.0,97021,A,0.0,0.0,972
201000067373,10,2,17,2030,3,2,1,1.0,1.0,97006,A,0.0,0.0,972
201000067374,10,4,4,715,1,2,1,1.0,3.0,97006,A,0.0,0.0,972
201000067375,10,4,17,430,3,1,1,8.0,6.0,97031,A,0.0,0.0,972
201000067376,10,10,30,1445,1,1,1,3.0,3.0,97006,A,0.0,0.0,972
201000067377,10,11,29,1945,5,2,1,1.0,3.0,97031,A,0.0,0.0,972
201000067378,10,5,14,2130,3,1,1,1.0,6.0,97030,A,0.0,0.0,972
201000067379,10,7,3,2030,3,1,1,1.0,1.0,97030,A,0.0,0.0,972
201000067380,10,7,18,1545,1,1,1,1.0,5.0,97030,A,0.0,0.0,972
201000067381,10,8,19,1945,3,1,1,1.0,1.0,97030,A,0.0,0.0,972
201000067382,10,8,24,1345,1,1,1,1.0,1.0,97030,A,0.0,0.0,972
201000067383,10,9,3,40,3,1,1,1.0,1.0,97030,A,0.0,0.0,972
201000067384,10,9,16,1145,1,1,1,1.0,2.0,97030,A,0.0,0.0,972
201000067385,10,10,9,1500,1,1,1,3.0,6.0,97030,A,0.0,0.0,972
201000067386,10,12,3,1730,1,1,1,1.0,3.0,97030,A,0.0,0.0,972
201000067387,10,12,7,2330,3,1,1,1.0,6.0,97030,A,0.0,0.0,972
201000067388,10,12,19,1130,1,1,1,1.0,7.0,97030,A,0.0,0.0,972
201000067389,10,12,19,100,3,1,1,1.0,3.0,97030,A,0.0,0.0,972
201000067390,10,1,4,1900,5,1,1,1.0,6.0,97022,A,0.0,0.0,972
201000067391,10,2,22,1900,2,1,1,1.0,3.0,97022,A,0.0,0.0,972
201000067392,10,3,9,1400,1,2,1,1.0,3.0,97022,A,0.0,0.0,972
201000067393,10,5,11,2015,5,2,1,1.0,7.0,97022,A,0.0,0.0,972
201000067394,10,5,12,1800,1,1,1,1.0,3.0,97022,A,0.0,0.0,972
201000067395,10,6,13,300,4,2,1,1.0,3.0,97022,A,0.0,0.0,972
201000067396,10,8,4,1100,1,2,1,1.0,3.0,97022,A,0.0,0.0,972
201000067397,10,9,3,1515,1,1,1,1.0,1.0,97022,A,0.0,0.0,972
201000067398,10,10,14,1630,1,2,1,1.0,6.0,97022,A,0.0,0.0,972
201000067399,10,11,6,1130,1,2,1,1.0,3.0,97022,A,0.0,0.0,972
201000067400,10,11,16,1630,1,2,1,1.0,6.0,97022,A,0.0,0.0,972
201000067401,10,12,4,130,5,2,6,1.0,6.0,97022,A,0.0,0.0,972
201000067402,10,12,18,2000,3,1,1,3.0,5.0,97022,A,0.0,0.0,972
201000067403,10,12,21,730,1,1,1,1.0,3.0,97022,A,0.0,0.0,972
201000067404,10,1,9,1530,1,2,1,1.0,1.0,97012,A,0.0,0.0,972
201000067405,10,2,6,530,5,1,1,1.0,6.0,97022,A,0.0,0.0,972
201000067406,10,4,24,1915,3,1,1,1.0,6.0,97022,A,0.0,0.0,972
201000067407,10,5,19,30,3,1,1,1.0,7.0,97022,A,0.0,0.0,972
201000067408,10,9,5,1100,1,2,1,1.0,1.0,97012,A,0.0,0.0,972
201000067409,10,9,27,1000,1,1,1,1.0,1.0,97012,A,0.0,0.0,972
201000067410,10,11,10,1730,1,1,1,1.0,3.0,97012,A,0.0,0.0,972
201000067411,10,1,13,2115,4,1,1,1.0,3.0,97028,A,0.0,0.0,972
201000067412,10,4,24,2345,5,2,1,1.0,1.0,97028,A,0.0,0.0,972
201000067413,10,5,13,1915,5,1,1,1.0,1.0,97028,A,0.0,0.0,972
201000067414,10,5,18,1545,1,1,1,7.0,2.0,97028,A,0.0,0.0,972
201000067415,10,7,14,2030,3,1,1,1.0,3.0,97028,A,0.0,0.0,972
201000067416,10,9,26,1700,1,2,1,1.0,6.0,97028,A,0.0,0.0,972
201000067417,10,10,2,1815,3,1,1,1.0,1.0,97028,A,0.0,0.0,972
201000067418,10,11,12,2030,3,1,1,1.0,3.0,97028,A,0.0,0.0,972
201000067419,10,2,18,1145,1,2,1,1.0,1.0,97014,A,0.0,0.0,972
201000067420,10,3,26,2030,5,1,1,1.0,7.0,97014,A,0.0,0.0,972
201000067421,10,4,17,1915,5,2,1,1.0,6.0,97014,A,0.0,0.0,972
201000067422,10,5,13,1400,1,1,1,1.0,2.0,97016,A,0.0,0.0,972
201000067423,10,6,11,1645,1,1,1,1.0,5.0,97014,A,0.0,0.0,972
201000067424,10,7,3,400,3,2,1,1.0,7.0,97014,A,0.0,0.0,972
201000067425,10,7,5,1245,1,1,1,1.0,3.0,97014,A,0.0,0.0,972
201000067426,10,7,11,1715,1,1,1,1.0,2.0,97015,A,0.0,0.0,972
201000067427,10,8,11,1845,5,2,1,1.0,1.0,97014,A,0.0,0.0,972
201000067428,10,9,1,1515,1,1,1,1.0,6.0,97014,A,0.0,0.0,972
201000067429,10,9,4,545,1,1,1,1.0,1.0,97016,A,0.0,0.0,972
201000067430,10,10,8,1200,1,1,1,1.0,1.0,97003,A,0.0,0.0,972
201000067431,10,10,16,2045,3,1,1,1.0,1.0,97014,A,0.0,0.0,972
201000067432,10,9,18,1630,1,1,1,1.0,6.0,97014,A,0.0,0.0,972
201000067433,10,10,21,1600,1,1,1,1.0,1.0,97014,A,0.0,0.0,972
201000067434,10,11,12,1030,1,1,1,1.0,6.0,97016,A,0.0,0.0,972
201000067435,10,11,15,1330,1,1,1,1.0,7.0,97014,A,0.0,0.0,972
201000067436,10,12,10,1945,3,1,1,1.0,1.0,97014,A,0.0,0.0,972
201000067437,10,12,10,1330,1,2,1,1.0,2.0,97014,A,0.0,0.0,972
201000067438,10,12,23,1915,3,1,1,1.0,6.0,97003,A,0.0,0.0,972
201000067439,10,3,23,1545,1,1,1,1.0,1.0,97003,A,0.0,0.0,972
201000067440,10,6,27,2300,5,2,1,1.0,6.0,97003,A,0.0,0.0,972
201000067441,10,7,18,2145,5,2,1,1.0,7.0,97001,A,0.0,0.0,972
201000067442,10,9,16,1730,1,2,1,1.0,6.0,97001,A,0.0,0.0,972
201000067443,10,11,5,200,3,1,1,9.0,7.0,97003,A,0.0,0.0,972
201000067444,10,12,4,2000,3,1,1,1.0,1.0,97014,A,0.0,0.0,972
201000067445,10,3,14,1830,5,2,1,1.0,7.0,97024,A,0.0,0.0,971
201000067446,10,5,3,1715,1,1,1,1.0,1.0,97024,A,0.0,0.0,971
201000067447,10,5,22,1145,1,2,1,1.0,6.0,97004,A,0.0,0.0,971
201000067448,10,6,6,1930,3,1,1,1.0,1.0,97004,A,0.0,0.0,971
201000067449,10,6,14,1715,1,2,1,1.0,3.0,97024,A,0.0,0.0,971
201000067450,10,6,23,1200,1,1,1,1.0,6.0,97024,A,0.0,0.0,971
201000067451,10,9,19,915,1,2,1,1.0,3.0,97004,A,0.0,0.0,971
201000067452,10,10,19,645,1,1,1,1.0,5.0,97004,A,0.0,0.0,971
201000067453,10,10,21,1115,1,1,1,1.0,1.0,97024,A,0.0,0.0,971
201000067454,10,4,27,815,1,1,1,1.0,3.0,97034,A,0.0,0.0,971
201000067455,10,11,20,1215,1,1,1,1.0,7.0,97034,A,0.0,0.0,971
201000067456,10,12,7,2100,3,1,1,1.0,1.0,97034,A,0.0,0.0,971
201000067457,10,2,3,1845,5,2,1,1.0,3.0,97034,A,0.0,0.0,971
201000067458,10,4,3,1,3,1,1,1.0,1.0,97034,A,0.0,0.0,971
201000067459,10,8,24,2045,5,1,9,1.0,1.0,97006,A,0.0,0.0,971
201000067460,10,10,10,1530,1,1,1,1.0,5.0,97006,A,0.0,0.0,971
201000067461,10,11,8,1400,1,2,1,1.0,7.0,97006,A,0.0,0.0,971
201000067462,10,12,7,1730,2,2,1,1.0,3.0,97006,A,0.0,0.0,971
201000067463,10,1,30,300,3,1,1,2.0,6.0,97021,A,0.0,0.0,971
201000067464,10,3,10,600,2,2,1,1.0,6.0,97021,A,0.0,0.0,971
201000067465,10,10,28,115,3,2,1,1.0,6.0,97011,A,0.0,0.0,971
201000067466,10,2,14,630,2,1,1,1.0,6.0,97011,A,0.0,0.0,971
201000067467,10,8,8,1515,1,2,1,8.0,5.0,97011,A,0.0,0.0,971
201000067468,10,1,8,2130,2,1,1,1.0,6.0,97032,A,0.0,0.0,971
201000067469,10,1,10,915,1,2,1,1.0,7.0,97032,A,0.0,0.0,971
201000067470,10,1,16,145,3,1,1,1.0,6.0,97033,A,0.0,0.0,971
201000067471,10,3,7,1930,4,1,1,1.0,3.0,97009,A,0.0,0.0,971
201000067472,10,3,20,145,3,1,1,1.0,6.0,97032,A,0.0,0.0,971
201000067473,10,5,20,1415,1,1,1,2.0,1.0,97009,A,0.0,0.0,971
201000067474,10,5,27,1315,1,1,1,1.0,6.0,97032,A,0.0,0.0,971
201000067475,10,6,4,1945,3,1,1,2.0,6.0,97032,A,0.0,0.0,971
201000067476,10,6,19,530,3,1,1,3.0,6.0,97032,A,0.0,0.0,971
201000067477,10,6,21,745,1,1,1,1.0,1.0,97032,A,0.0,0.0,971
201000067478,10,7,7,1645,1,1,1,1.0,7.0,97009,A,0.0,0.0,971
201000067479,10,9,9,200,5,1,1,1.0,7.0,97009,A,0.0,0.0,971
201000067480,10,11,13,1800,2,1,1,1.0,4.0,97009,A,0.0,0.0,971
201000067481,10,11,18,1230,1,1,1,8.0,5.0,97032,A,0.0,0.0,971
201000067482,10,11,20,1845,3,2,1,1.0,1.0,97032,A,0.0,0.0,971
201000067483,10,11,29,645,1,1,3,8.0,3.0,97009,A,0.0,0.0,971
201000067484,10,12,3,1930,3,1,1,1.0,1.0,97032,A,0.0,0.0,971
201000067485,10,12,9,2030,3,1,1,1.0,5.0,97032,A,0.0,0.0,971
201000067486,10,12,19,615,1,1,1,1.0,7.0,97009,A,0.0,0.0,971
201000067487,10,12,21,1545,1,2,1,1.0,6.0,97032,A,0.0,0.0,971
201000067488,10,5,30,1215,1,1,1,1.0,3.0,97007,A,0.0,0.0,971
201000067489,10,6,12,1800,2,1,9,1.0,1.0,97007,A,0.0,0.0,971
201000067490,10,8,13,145,3,1,1,1.0,1.0,97007,A,0.0,0.0,971
201000067491,10,8,14,1345,1,1,1,3.0,1.0,97007,A,0.0,0.0,971
201000067492,10,9,5,2030,3,2,1,1.0,1.0,97007,A,0.0,0.0,971
201000067493,10,11,14,1730,2,2,1,1.0,3.0,97007,A,0.0,0.0,971
201000067494,10,11,16,1830,3,1,1,1.0,2.0,97007,A,0.0,0.0,971
201000067495,10,3,16,900,1,1,1,1.0,1.0,97030,A,0.0,0.0,971
201000067496,10,1,7,1915,5,1,2,1.0,3.0,97015,A,0.0,0.0,971
201000067497,10,1,13,2045,5,2,1,1.0,6.0,97015,A,0.0,0.0,971
201000067498,10,2,11,715,1,2,1,1.0,6.0,97015,A,0.0,0.0,971
201000067499,10,2,27,1730,1,2,2,1.0,3.0,97015,A,0.0,0.0,971
201000067500,10,4,12,2000,5,1,1,1.0,6.0,97015,A,0.0,0.0,971
201000067501,10,5,21,1815,1,1,1,1.0,2.0,97015,A,0.0,0.0,971
201000067502,10,6,13,1700,1,1,1,1.0,7.0,97015,A,0.0,0.0,971
201000067503,10,6,30,1630,1,2,2,1.0,3.0,97015,A,0.0,0.0,971
201000067504,10,7,6,1145,1,1,1,1.0,3.0,97015,A,0.0,0.0,971
201000067505,10,8,6,1115,1,1,1,1.0,1.0,97015,A,0.0,0.0,971
201000067506,10,8,27,815,1,1,1,1.0,3.0,97015,A,0.0,0.0,971
201000067507,10,10,7,1730,1,2,1,1.0,3.0,97015,A,0.0,0.0,971
201000067508,10,2,27,2115,3,1,1,1.0,3.0,97018,A,0.0,0.0,971
201000067509,10,3,5,2200,3,1,1,1.0,7.0,97018,A,0.0,0.0,971
201000067510,10,3,20,2000,5,2,1,1.0,6.0,97018,A,0.0,0.0,971
201000067511,10,3,27,30,5,1,1,1.0,1.0,97018,A,0.0,0.0,971
201000067512,10,4,12,830,1,1,1,2.0,1.0,97018,A,0.0,0.0,971
201000067513,10,4,25,1715,1,1,1,2.0,1.0,97018,A,0.0,0.0,971
201000067514,10,5,12,1930,3,2,1,1.0,1.0,97018,A,0.0,0.0,971
201000067515,10,6,19,1300,1,1,1,2.0,2.0,97018,A,0.0,0.0,971
201000067516,10,7,23,2345,5,1,1,3.0,2.0,97018,A,0.0,0.0,971
201000067517,10,9,25,1430,1,1,3,1.0,3.0,97018,A,0.0,0.0,971
201000067518,10,10,2,215,3,1,1,1.0,6.0,97018,A,0.0,0.0,971
201000067519,10,10,3,1530,1,1,1,1.0,2.0,97018,A,0.0,0.0,971
201000067520,10,12,7,1815,3,1,1,8.0,3.0,97018,A,0.0,0.0,971
201000067521,10,12,25,145,5,2,1,1.0,6.0,97018,A,0.0,0.0,971
201000067522,10,1,24,700,1,2,1,1.0,1.0,97029,A,0.0,0.0,971
201000067523,10,1,23,915,1,2,1,1.0,3.0,97029,A,0.0,0.0,971
201000067524,10,3,4,630,1,1,9,1.0,1.0,97029,A,0.0,0.0,971
201000067525,10,5,9,1545,1,1,1,1.0,4.0,97029,A,0.0,0.0,971
201000067526,10,6,4,1630,1,2,1,1.0,1.0,97029,A,0.0,0.0,971
201000067527,10,6,16,830,1,1,1,1.0,1.0,97029,A,0.0,0.0,971
201000067528,10,6,21,1445,1,1,1,1.0,6.0,97029,A,0.0,0.0,971
201000067529,10,6,22,2130,3,1,1,1.0,1.0,97029,A,0.0,0.0,971
201000067530,10,9,7,1715,5,1,1,1.0,7.0,97029,A,0.0,0.0,971
201000067531,10,10,6,1900,5,1,3,1.0,1.0,97029,A,0.0,0.0,971
201000067532,10,12,17,2015,5,2,1,1.0,5.0,97029,A,0.0,0.0,971
201000067533,10,1,4,1700,1,1,1,1.0,3.0,97008,A,0.0,0.0,971
201000067534,10,1,19,1715,2,1,1,7.0,2.0,97012,A,0.0,0.0,971