Num_Acc,an,mois,jour,hrmn,lum,agg,int,atm,col,com,gps,lat,long,dep
201000067535,10,3,9,1900,3,1,1,1.0,2.0,97008,A,0.0,0.0,971
201000067536,10,3,28,1115,1,2,1,1.0,3.0,97008,A,0.0,0.0,971
201000067537,10,4,2,400,4,1,1,1.0,6.0,97008,A,0.0,0.0,971
201000067538,10,4,4,600,2,1,1,1.0,3.0,97008,A,0.0,0.0,971
201000067539,10,4,25,445,3,1,1,1.0,6.0,97012,A,1590700.0,612850000000.0,971
201000067540,10,7,3,1200,1,1,1,1.0,6.0,97026,A,0.0,0.0,971
201000067541,10,7,18,2330,3,1,1,1.0,6.0,97012,A,0.0,0.0,971
201000067542,10,10,16,1815,5,2,2,1.0,3.0,97026,A,0.0,0.0,971
201000067543,10,12,19,1715,2,1,1,1.0,3.0,97012,A,0.0,0.0,971
201000067544,10,4,2,2245,5,1,1,1.0,7.0,97010,A,0.0,0.0,971
201000067545,10,5,7,1645,1,2,1,1.0,1.0,97010,A,0.0,0.0,971
201000067546,10,11,1,2200,3,1,1,1.0,7.0,97010,A,0.0,0.0,971
201000067547,10,12,21,45,5,2,1,1.0,7.0,97010,A,0.0,0.0,971
201000067548,10,1,16,1715,1,2,1,1.0,1.0,97017,A,0.0,0.0,971
201000067549,10,1,17,730,1,1,1,8.0,7.0,97017,A,0.0,0.0,971
201000067550,10,2,17,2230,3,1,1,1.0,7.0,97017,A,0.0,0.0,971
201000067551,10,3,10,1745,1,2,1,1.0,1.0,97017,A,0.0,0.0,971
201000067552,10,3,11,2000,3,1,1,1.0,6.0,97017,A,0.0,0.0,971
201000067553,10,3,22,1030,1,1,1,1.0,1.0,97017,A,0.0,0.0,971
201000067554,10,4,3,15,5,2,1,1.0,6.0,97017,A,0.0,0.0,971
201000067555,10,4,6,1630,1,1,1,1.0,6.0,97017,A,0.0,0.0,971
201000067556,10,7,4,245,5,2,1,1.0,7.0,97017,A,0.0,0.0,971
201000067557,10,7,7,1415,1,1,1,1.0,1.0,97017,A,0.0,0.0,971
201000067558,10,8,21,1515,1,1,1,1.0,3.0,97017,A,0.0,0.0,971
201000067559,10,8,27,1600,1,1,1,1.0,3.0,97017,A,0.0,0.0,971
201000067560,10,8,30,1045,1,1,1,1.0,6.0,97017,A,0.0,0.0,971
201000067561,10,9,29,1900,3,1,1,1.0,6.0,97017,A,0.0,0.0,971
201000067562,10,10,21,600,1,2,1,1.0,3.0,97017,A,0.0,0.0,971
201000067563,10,1,5,1130,1,2,1,1.0,1.0,97019,A,0.0,0.0,971
201000067564,10,4,4,1345,1,1,1,1.0,2.0,97022,A,0.0,0.0,971
201000067565,10,5,25,645,1,2,1,1.0,3.0,97022,A,0.0,0.0,971
201000067566,10,6,30,900,1,2,1,1.0,3.0,97022,A,0.0,0.0,971
201000067567,10,7,9,945,1,2,1,1.0,3.0,97019,A,0.0,0.0,971
201000067568,10,9,14,1915,3,2,1,1.0,1.0,97022,A,0.0,0.0,971
201000067569,10,10,15,1200,1,1,2,1.0,4.0,97019,A,0.0,0.0,971
201000067570,10,10,20,1230,1,1,1,1.0,5.0,97019,A,0.0,0.0,971
201000067571,10,10,21,715,1,1,1,1.0,6.0,97019,A,0.0,0.0,971
201000067572,10,11,5,1315,1,1,1,1.0,6.0,97022,A,0.0,0.0,971
201000067573,10,11,8,100,5,2,1,1.0,7.0,97019,A,0.0,0.0,971
201000067574,10,12,27,1400,1,1,1,1.0,1.0,97019,A,0.0,0.0,971
201000067575,10,1,7,45,3,1,1,1.0,6.0,97025,A,0.0,0.0,971
201000067576,10,1,16,1315,1,1,1,1.0,3.0,97025,A,0.0,0.0,971
201000067577,10,1,23,945,1,2,1,1.0,6.0,97025,A,0.0,0.0,971
201000067578,10,2,18,1845,3,1,1,1.0,1.0,97025,A,0.0,0.0,971
201000067579,10,3,7,1615,1,1,1,1.0,1.0,97025,A,0.0,0.0,971
201000067580,10,3,29,1630,1,1,1,1.0,3.0,97025,A,0.0,0.0,971
201000067581,10,4,13,630,1,2,1,1.0,7.0,97025,A,0.0,0.0,971
201000067582,10,4,21,1945,3,1,1,1.0,3.0,97025,A,0.0,0.0,971
201000067583,10,5,7,745,1,1,1,1.0,1.0,97025,A,0.0,0.0,971
201000067584,10,6,3,45,3,1,1,1.0,6.0,97025,A,0.0,0.0,971
201000067585,10,6,22,945,1,1,1,1.0,6.0,97025,A,0.0,0.0,971
201000067586,10,7,20,1130,1,1,1,1.0,6.0,97025,A,0.0,0.0,971
201000067587,10,8,13,2345,4,1,1,1.0,6.0,97025,A,0.0,0.0,971
201000067588,10,9,19,730,1,1,1,1.0,2.0,97025,A,0.0,0.0,971
201000067589,10,10,3,1030,1,1,1,1.0,3.0,97025,A,0.0,0.0,971
201000067590,10,10,24,530,3,1,1,1.0,1.0,97025,A,0.0,0.0,971
201000067591,10,12,3,1045,1,1,1,1.0,5.0,97025,A,0.0,0.0,971
201000067592,10,12,25,400,5,1,1,2.0,6.0,97025,A,0.0,0.0,971
201000067593,10,1,10,645,1,1,1,8.0,6.0,97028,A,0.0,0.0,971
201000067594,10,1,14,1000,1,2,1,1.0,6.0,97028,A,0.0,0.0,971
201000067595,10,2,1,1930,5,1,1,1.0,6.0,97028,A,2100000.0,0.0,971
201000067596,10,1,31,1800,5,2,1,1.0,2.0,97028,A,0.0,0.0,971
201000067597,10,2,7,600,2,1,1,1.0,5.0,97028,A,0.0,0.0,971
201000067598,10,2,21,2015,5,2,1,1.0,3.0,97028,A,0.0,0.0,971
201000067599,10,2,25,1800,1,1,1,1.0,6.0,97028,A,0.0,0.0,971
201000067600,10,2,25,1615,1,1,1,1.0,1.0,97028,A,0.0,0.0,971
201000067601,10,3,7,730,1,1,1,1.0,7.0,97028,A,0.0,0.0,971
201000067602,10,3,11,1815,1,1,1,1.0,6.0,97028,A,0.0,0.0,971
201000067603,10,3,20,1645,1,1,1,1.0,3.0,97028,A,0.0,0.0,971
201000067604,10,3,22,1845,5,1,1,1.0,6.0,97028,A,2400000.0,0.0,971
201000067605,10,4,19,1845,3,1,1,1.0,6.0,97028,A,0.0,0.0,971
201000067606,10,6,21,1215,1,1,1,1.0,1.0,97028,A,0.0,0.0,971
201000067607,10,8,15,1800,3,1,1,3.0,6.0,97028,A,0.0,0.0,971
201000067608,10,9,5,245,3,1,6,1.0,6.0,97028,A,0.0,0.0,971
201000067609,10,9,5,1800,2,1,1,1.0,1.0,97028,A,0.0,0.0,971
201000067610,10,9,7,2115,3,1,1,1.0,3.0,97028,A,0.0,0.0,971
201000067611,10,9,19,1015,1,1,1,1.0,5.0,97028,A,0.0,0.0,971
201000067612,10,10,9,130,3,1,1,1.0,6.0,97028,A,0.0,0.0,971
201000067613,10,10,30,1545,1,2,1,1.0,3.0,97028,A,0.0,0.0,971
201000067614,10,11,5,800,1,1,1,1.0,6.0,97028,A,0.0,0.0,971
201000067615,10,11,11,2245,3,1,1,1.0,6.0,97028,A,0.0,0.0,971
201000067616,10,12,18,1600,1,2,1,1.0,6.0,97028,A,0.0,0.0,971
201000067617,10,1,7,1830,3,2,1,1.0,6.0,97016,A,0.0,0.0,971
201000067618,10,1,14,900,1,2,1,1.0,1.0,97016,A,0.0,0.0,971
201000067619,10,1,19,2230,5,2,1,1.0,3.0,97016,A,0.0,0.0,971
201000067620,10,4,5,1915,3,2,1,1.0,6.0,97016,A,0.0,0.0,971
201000067621,10,6,3,1700,1,2,1,8.0,3.0,97016,A,0.0,0.0,971
201000067622,10,6,28,1030,1,1,1,1.0,3.0,97016,A,0.0,0.0,971
201000067623,10,9,9,1730,1,1,1,1.0,1.0,97016,A,0.0,0.0,971
201000067624,10,9,25,300,5,1,1,1.0,6.0,97016,A,0.0,0.0,971
201000067625,10,11,19,2130,5,1,1,1.0,6.0,97016,A,0.0,0.0,971
201000067626,10,11,23,1415,1,1,1,1.0,1.0,97016,A,0.0,0.0,971
201000067627,10,12,17,545,2,1,1,1.0,1.0,97016,A,0.0,0.0,971
201000067628,10,2,23,1630,1,1,1,1.0,2.0,97013,G,0.0,0.0,973
201000067629,10,3,10,1800,1,1,1,1.0,1.0,97013,G,0.0,0.0,973
201000067630,10,3,13,2330,3,1,1,8.0,6.0,97013,G,0.0,0.0,973
201000067631,10,3,18,1845,1,1,1,3.0,1.0,97005,G,0.0,0.0,973
201000067632,10,3,26,2130,3,1,1,2.0,7.0,97005,G,0.0,0.0,973
201000067633,10,4,12,1900,5,2,1,1.0,6.0,97005,G,0.0,0.0,973
201000067634,10,4,14,1615,1,1,1,1.0,3.0,97005,G,0.0,0.0,973
201000067635,10,4,18,1330,1,1,1,1.0,7.0,97005,G,0.0,0.0,973
201000067636,10,6,18,1445,1,1,1,1.0,1.0,97005,G,0.0,0.0,973
201000067637,10,6,22,1945,5,2,1,1.0,7.0,97005,G,0.0,0.0,973
201000067638,10,6,28,130,3,1,1,1.0,3.0,97005,G,0.0,0.0,973
201000067639,10,7,26,1500,1,1,1,1.0,6.0,97005,G,0.0,0.0,973
201000067640,10,7,28,415,3,1,1,1.0,7.0,97005,G,0.0,0.0,973
201000067641,10,8,8,900,1,1,1,1.0,5.0,97005,G,0.0,0.0,973
201000067642,10,8,9,1800,1,2,1,1.0,1.0,97005,G,0.0,0.0,973
201000067643,10,9,4,1615,1,1,1,1.0,6.0,97005,G,0.0,0.0,973
201000067644,10,9,10,2030,3,1,1,1.0,1.0,97005,G,0.0,0.0,973
201000067645,10,9,12,800,1,1,1,1.0,3.0,97005,G,0.0,0.0,973
201000067646,10,9,18,700,1,1,1,1.0,2.0,97005,G,0.0,0.0,973
201000067647,10,11,13,1845,3,1,1,1.0,2.0,97005,G,0.0,0.0,973
201000067648,10,11,14,215,3,1,1,1.0,7.0,97005,G,0.0,0.0,973
201000067649,10,12,1,800,1,2,1,1.0,4.0,97005,G,0.0,0.0,973
201000067650,10,12,14,630,1,1,1,1.0,1.0,97005,G,0.0,0.0,973
201000067651,10,2,7,1030,1,1,1,1.0,7.0,97012,G,0.0,0.0,973
201000067652,10,8,4,1215,1,1,1,1.0,7.0,97012,G,0.0,0.0,973
201000067653,10,10,15,2045,3,1,1,1.0,1.0,97012,G,0.0,0.0,973
201000067654,10,10,22,2300,3,1,1,1.0,1.0,97012,G,0.0,0.0,973
201000067655,10,11,28,1800,1,1,1,1.0,7.0,97012,G,0.0,0.0,973
201000067656,10,5,12,730,1,1,1,8.0,7.0,97003,G,0.0,0.0,973
201000067657,10,9,26,700,2,1,1,1.0,7.0,97001,G,0.0,0.0,973
201000067658,10,10,4,900,1,1,1,1.0,1.0,97001,G,404600.0,0.0,973
201000067659,10,12,24,1930,3,1,1,9.0,1.0,97001,G,0.0,0.0,973
201000067660,10,7,3,230,3,1,1,1.0,6.0,97008,G,0.0,0.0,973
201000067661,10,1,14,1500,1,1,1,3.0,7.0,97010,G,438600.0,522390000000.0,973
201000067662,10,2,6,2030,3,1,1,2.0,1.0,97010,G,0.0,0.0,973
201000067663,10,7,22,1745,1,1,1,3.0,1.0,97010,G,0.0,0.0,973
201000067664,10,9,29,1615,1,1,1,2.0,7.0,97010,G,0.0,0.0,973
201000067665,10,1,2,1845,1,2,1,1.0,6.0,97011,G,0.0,0.0,973
201000067666,10,1,24,500,5,2,1,1.0,1.0,97011,G,0.0,0.0,973
201000067667,10,4,22,2200,3,2,1,2.0,7.0,97011,G,0.0,0.0,973
201000067668,10,4,21,1300,1,2,1,1.0,6.0,97011,G,0.0,0.0,973
201000067669,10,4,28,1845,2,2,1,1.0,3.0,97011,G,0.0,0.0,973
201000067670,10,5,26,2030,5,2,1,1.0,1.0,97011,G,0.0,0.0,973
201000067671,10,6,6,2045,5,2,1,1.0,1.0,97011,G,0.0,0.0,973
201000067672,10,10,4,2000,5,2,1,1.0,1.0,97011,G,0.0,0.0,973
201000067673,10,11,21,715,1,2,1,5.0,6.0,97011,G,0.0,0.0,973
201000067674,10,1,1,2130,3,2,1,1.0,6.0,97061,G,0.0,0.0,973
201000067675,10,2,5,2130,3,1,1,1.0,7.0,97006,G,0.0,0.0,973
201000067676,10,5,15,1800,3,1,1,9.0,6.0,97006,G,0.0,0.0,973
201000067677,10,5,24,15,3,1,1,1.0,1.0,97006,G,0.0,0.0,973
201000067678,10,6,12,1115,1,1,1,2.0,6.0,97006,G,0.0,0.0,973
201000067679,10,8,17,2300,3,1,1,1.0,6.0,97006,G,0.0,0.0,973
201000067680,10,9,4,300,3,1,1,1.0,7.0,97006,G,0.0,0.0,973
201000067681,10,12,5,1145,1,1,1,1.0,1.0,97006,G,0.0,0.0,973
201000067682,10,12,18,1730,1,1,1,1.0,6.0,97006,G,0.0,0.0,973
201000067683,10,5,13,2045,3,1,1,1.0,1.0,97020,R,0.0,0.0,974
201000067684,10,2,9,2000,3,2,1,1.0,7.0,97008,R,0.0,0.0,974
201000067685,10,3,5,1815,2,1,1,2.0,7.0,97008,R,0.0,0.0,974
201000067686,10,7,6,545,2,2,1,1.0,3.0,97008,R,0.0,0.0,974
201000067687,10,8,24,1700,1,1,1,1.0,6.0,97008,R,0.0,0.0,974
201000067688,10,9,30,1145,1,1,1,1.0,2.0,97008,R,0.0,0.0,974
201000067689,10,10,11,1330,1,2,1,1.0,6.0,97008,R,0.0,0.0,974
201000067690,10,10,22,1415,1,2,1,1.0,3.0,97008,R,0.0,0.0,974
201000067691,10,11,8,330,3,1,1,1.0,2.0,97008,R,0.0,0.0,974
201000067692,10,3,28,530,3,1,1,2.0,1.0,97020,R,0.0,0.0,974
201000067693,10,3,29,445,3,1,1,1.0,6.0,97020,R,0.0,0.0,974
201000067694,10,3,30,2300,3,1,1,1.0,2.0,97018,R,0.0,0.0,974
201000067695,10,4,15,145,3,1,1,1.0,6.0,97018,R,0.0,0.0,974
201000067696,10,4,17,315,3,1,1,1.0,2.0,97018,R,0.0,0.0,974
201000067697,10,5,10,645,2,1,1,1.0,2.0,97018,R,0.0,0.0,974
201000067698,10,5,13,1845,5,2,1,1.0,6.0,97018,R,0.0,0.0,974
201000067699,10,5,15,1815,3,1,1,1.0,6.0,97018,R,0.0,0.0,974
201000067700,10,5,15,2100,3,1,1,1.0,1.0,97018,R,0.0,0.0,974
201000067701,10,5,23,1130,1,1,1,1.0,6.0,97020,R,0.0,0.0,974
201000067702,10,6,20,830,1,1,9,1.0,1.0,97020,R,0.0,0.0,974
201000067703,10,7,20,1115,1,2,1,1.0,3.0,97018,R,0.0,0.0,974
201000067704,10,8,5,815,1,1,1,1.0,1.0,97020,R,0.0,0.0,974
201000067705,10,9,19,1900,3,2,1,1.0,1.0,97018,R,0.0,0.0,974
201000067706,10,10,18,2100,3,1,1,1.0,6.0,97018,R,0.0,0.0,974
201000067707,10,11,19,1215,1,1,1,1.0,1.0,97018,R,0.0,0.0,974
201000067708,10,11,23,2315,3,1,1,2.0,1.0,97020,R,0.0,0.0,974
201000067709,10,1,8,445,3,1,1,1.0,6.0,97010,R,0.0,0.0,974
201000067710,10,1,25,1700,1,1,1,1.0,7.0,97010,R,0.0,0.0,974
201000067711,10,1,31,1930,5,2,1,1.0,6.0,97010,R,0.0,0.0,974
201000067712,10,3,10,1730,1,2,1,1.0,5.0,97010,R,0.0,0.0,974
201000067713,10,4,29,1830,3,2,1,1.0,6.0,97010,R,0.0,0.0,974
201000067714,10,5,8,1945,3,2,1,1.0,1.0,97010,R,0.0,0.0,974
201000067715,10,5,13,445,3,1,1,1.0,6.0,97010,R,0.0,0.0,974
201000067716,10,6,27,745,1,1,1,1.0,7.0,97010,R,0.0,0.0,974
201000067717,10,8,28,1645,1,1,1,1.0,4.0,97010,R,0.0,0.0,974
201000067718,10,11,30,1430,1,1,1,8.0,1.0,97010,R,0.0,0.0,974
201000067719,10,12,22,730,1,1,1,1.0,1.0,97010,R,0.0,0.0,974
201000067720,10,2,21,1345,1,2,1,1.0,1.0,97002,R,0.0,0.0,974
201000067721,10,6,9,815,1,2,1,1.0,3.0,97002,R,0.0,0.0,974
201000067722,10,11,19,645,1,1,1,1.0,2.0,97002,R,0.0,0.0,974
201000067723,10,1,28,1930,3,1,1,1.0,1.0,97019,R,0.0,0.0,974
201000067724,10,3,21,900,1,2,1,1.0,6.0,97019,R,0.0,0.0,974
201000067725,10,12,18,1700,1,1,1,1.0,7.0,97019,R,0.0,0.0,974
201000067726,10,9,25,1745,2,1,1,1.0,6.0,97021,R,0.0,0.0,974
201000067727,10,2,13,1400,1,2,1,8.0,6.0,97006,R,0.0,0.0,974
201000067728,10,8,31,1845,5,2,1,1.0,6.0,97006,R,0.0,0.0,974
201000067729,10,12,18,745,1,2,1,1.0,1.0,97006,R,0.0,0.0,974
201000067730,10,1,8,1445,1,2,1,1.0,6.0,97015,R,0.0,0.0,974
201000067731,10,1,17,1000,1,1,1,2.0,3.0,97015,R,0.0,0.0,974
201000067732,10,2,3,945,1,2,1,1.0,6.0,97015,R,0.0,0.0,974
201000067733,10,2,5,945,1,2,1,1.0,3.0,97015,R,0.0,0.0,974
201000067734,10,2,19,2230,5,2,1,1.0,2.0,97015,R,0.0,0.0,974
201000067735,10,2,22,745,1,1,9,1.0,7.0,97015,R,0.0,0.0,974
201000067736,10,3,27,1745,3,2,1,1.0,6.0,97015,R,0.0,0.0,974
201000067737,10,4,2,1700,1,1,1,1.0,6.0,97015,R,0.0,0.0,974
201000067738,10,6,11,2030,5,1,1,1.0,2.0,97015,R,0.0,0.0,974
201000067739,10,6,13,2200,3,1,9,1.0,7.0,97015,R,0.0,0.0,974
201000067740,10,8,9,415,3,2,1,1.0,7.0,97015,R,0.0,0.0,974
201000067741,10,8,15,600,3,1,1,1.0,2.0,97015,R,0.0,0.0,974
201000067742,10,10,1,530,3,1,1,1.0,3.0,97015,R,0.0,0.0,974
201000067743,10,10,4,430,3,1,9,1.0,2.0,97015,R,0.0,0.0,974
201000067744,10,10,29,2245,5,2,1,1.0,1.0,97015,R,0.0,0.0,974
201000067745,10,11,14,530,1,1,1,1.0,6.0,97015,R,0.0,0.0,974
201000067746,10,1,1,215,5,2,1,1.0,5.0,97015,R,0.0,0.0,974
201000067747,10,1,20,1830,1,2,1,1.0,3.0,97015,R,0.0,0.0,974
201000067748,10,3,25,2330,3,1,1,1.0,6.0,97015,R,0.0,0.0,974
201000067749,10,4,23,1545,1,1,1,1.0,7.0,97015,R,0.0,0.0,974
201000067750,10,6,20,1045,1,1,1,1.0,3.0,97015,R,0.0,0.0,974
201000067751,10,10,26,1745,1,1,1,1.0,6.0,97055,R,0.0,0.0,974
201000067752,10,11,11,2245,3,1,1,8.0,1.0,97015,R,0.0,0.0,974
201000067753,10,8,31,1245,1,1,1,1.0,7.0,97058,R,0.0,0.0,974
201000067754,10,10,14,1730,1,2,1,1.0,3.0,97058,R,0.0,0.0,974
201000067755,10,2,13,530,3,1,9,1.0,7.0,97068,R,0.0,0.0,974
201000067756,10,4,30,1500,1,2,1,1.0,1.0,97001,R,0.0,0.0,974
201000067757,10,10,27,1345,1,1,1,1.0,1.0,97001,R,0.0,0.0,974
201000067758,10,2,28,1915,2,2,1,1.0,1.0,97023,R,0.0,0.0,974
201000067759,10,4,8,1500,1,2,1,1.0,6.0,97023,R,0.0,0.0,974
201000067760,10,6,10,1300,1,2,1,1.0,3.0,97023,R,0.0,0.0,974
201000067761,10,6,20,1745,1,2,1,1.0,6.0,97023,R,0.0,0.0,974
201000067762,10,7,21,1400,1,1,1,1.0,1.0,97023,R,0.0,0.0,974
201000067763,10,10,25,2130,4,2,1,1.0,6.0,97023,R,0.0,0.0,974
201000067764,10,1,15,445,5,2,1,1.0,6.0,97013,R,0.0,0.0,974
201000067765,10,11,26,745,1,1,1,1.0,3.0,97005,R,0.0,0.0,974
201000067766,10,1,10,1815,1,2,1,1.0,1.0,97014,R,0.0,0.0,974
201000067767,10,2,15,2100,3,1,1,1.0,3.0,97052,R,0.0,0.0,974
201000067768,10,3,13,1500,1,1,1,1.0,1.0,97014,R,0.0,0.0,974
201000067769,10,3,10,1600,1,2,1,2.0,6.0,97014,R,0.0,0.0,974
201000067770,10,3,17,1200,1,1,1,2.0,3.0,97014,R,0.0,0.0,974
201000067771,10,3,25,1330,1,2,1,1.0,5.0,97014,R,0.0,0.0,974
201000067772,10,3,27,1315,1,2,1,1.0,4.0,97014,R,0.0,0.0,974
201000067773,10,4,19,1700,1,2,1,1.0,6.0,97014,R,0.0,0.0,974
201000067774,10,5,6,1600,1,1,1,1.0,1.0,97014,R,0.0,0.0,974
201000067775,10,5,11,1130,1,2,1,1.0,6.0,97014,R,0.0,0.0,974
201000067776,10,5,29,615,2,2,1,1.0,6.0,97052,R,0.0,0.0,974
201000067777,10,5,29,1900,3,2,1,1.0,6.0,97014,R,0.0,0.0,974
201000067778,10,6,7,1830,5,2,1,1.0,1.0,97014,R,0.0,0.0,974
201000067779,10,6,16,630,2,2,1,1.0,1.0,97014,R,0.0,0.0,974
201000067780,10,7,9,1930,5,2,2,1.0,3.0,97014,R,0.0,0.0,974
201000067781,10,7,10,2000,5,2,1,1.0,6.0,97014,R,0.0,0.0,974
201000067782,10,7,14,1,4,2,1,1.0,1.0,97052,R,0.0,0.0,974
201000067783,10,7,15,1745,1,2,1,1.0,6.0,97014,R,0.0,0.0,974
201000067784,10,9,4,1430,1,2,1,1.0,1.0,97052,R,0.0,0.0,974
201000067785,10,9,9,1800,2,2,1,1.0,6.0,97052,R,0.0,0.0,974
201000067786,10,9,12,1945,3,1,1,1.0,7.0,97052,R,0.0,0.0,974
201000067787,10,9,17,1045,1,2,6,1.0,1.0,97014,R,0.0,0.0,974
201000067788,10,9,26,1400,1,2,1,1.0,1.0,97014,R,0.0,0.0,974
201000067789,10,10,1,645,1,1,1,1.0,6.0,97014,R,0.0,0.0,974
201000067790,10,10,26,1245,1,2,1,1.0,5.0,97052,R,0.0,0.0,974
201000067791,10,12,8,1415,1,2,1,1.0,6.0,97014,R,0.0,0.0,974
201000067792,10,12,19,400,3,1,1,1.0,6.0,97014,R,0.0,0.0,974
201000067793,10,12,18,1830,2,2,1,1.0,3.0,97014,R,0.0,0.0,974
201000067794,10,1,31,1330,1,2,6,1.0,3.0,97024,R,0.0,0.0,974
201000067795,10,11,6,2015,5,2,1,1.0,6.0,97024,R,0.0,0.0,974
201000067796,10,7,17,945,1,2,1,1.0,7.0,97003,R,0.0,0.0,974
201000067797,10,11,10,1315,1,2,1,1.0,6.0,97003,R,0.0,0.0,974
201000067798,10,12,1,830,1,2,9,1.0,7.0,97003,R,0.0,0.0,974
201000067799,10,12,24,800,1,2,1,1.0,6.0,97003,R,0.0,0.0,974
201000067800,10,10,5,1100,1,1,1,2.0,5.0,97049,R,0.0,0.0,974
201000067801,10,12,10,1900,2,2,6,1.0,6.0,97049,R,0.0,0.0,974
201000067802,10,12,22,815,1,2,1,2.0,5.0,97049,R,0.0,0.0,974
201000067803,10,2,25,745,1,2,1,1.0,6.0,97012,R,0.0,0.0,974
201000067804,10,4,2,1600,1,1,1,1.0,3.0,97012,R,0.0,0.0,974
201000067805,10,5,4,845,1,1,1,2.0,1.0,97012,R,0.0,0.0,974
201000067806,10,6,18,945,1,1,1,1.0,2.0,97012,R,0.0,0.0,974
201000067807,10,7,20,1015,1,2,1,1.0,3.0,97012,R,0.0,0.0,974
201000067808,10,9,21,730,1,1,1,1.0,6.0,97012,R,0.0,0.0,974
201000067809,10,10,2,945,1,1,1,1.0,2.0,97012,R,0.0,0.0,974
201000067810,10,11,30,1045,1,2,1,1.0,3.0,97012,R,0.0,0.0,974
201000067811,10,12,5,2100,3,2,1,1.0,5.0,97012,R,0.0,0.0,974
201000067812,10,2,5,1230,1,2,1,1.0,3.0,97017,R,0.0,0.0,974
201000067813,10,7,8,1415,1,2,1,1.0,3.0,97017,R,0.0,0.0,974
201000067814,10,8,19,815,1,1,1,1.0,7.0,97017,R,0.0,0.0,974
201000067815,10,10,10,1230,1,1,1,1.0,3.0,97017,R,0.0,0.0,974
201000067816,10,3,23,915,5,2,1,1.0,1.0,97022,R,0.0,0.0,974
201000067817,10,3,30,915,3,2,1,1.0,4.0,97022,R,0.0,0.0,974
201000067818,10,3,28,330,3,2,1,1.0,7.0,97022,R,0.0,0.0,974
201000067819,10,4,2,830,1,2,6,1.0,3.0,97022,R,0.0,0.0,974
201000067820,10,4,3,2200,3,2,1,1.0,6.0,97022,R,0.0,0.0,974
201000067821,10,4,17,1215,1,2,1,1.0,6.0,97022,R,0.0,0.0,974
201000067822,10,6,1,1000,1,2,1,1.0,6.0,97022,R,0.0,0.0,974
201000067823,10,6,20,1000,1,2,1,1.0,3.0,97022,R,0.0,0.0,974
201000067824,10,7,31,2100,3,2,1,2.0,1.0,97022,R,0.0,0.0,974
201000067825,10,8,21,2330,5,1,1,1.0,6.0,97022,R,0.0,0.0,974
201000067826,10,12,21,1415,1,2,3,1.0,3.0,97022,R,0.0,0.0,974
201000067832,10,1,31,1730,1,1,1,1.0,6.0,97003,A,0.0,0.0,971
201000067833,10,2,4,1530,1,1,1,1.0,3.0,97003,A,0.0,0.0,971
201000067834,10,2,8,1915,3,1,1,1.0,6.0,97003,A,0.0,0.0,971
201000067835,10,2,14,745,1,1,1,1.0,1.0,97003,A,0.0,0.0,971
201000067836,10,2,23,1015,1,2,3,1.0,3.0,97003,A,0.0,0.0,971
201000067837,10,3,2,830,1,1,1,1.0,3.0,97003,A,0.0,0.0,971
201000067838,10,3,3,2330,5,2,1,1.0,6.0,97003,A,0.0,0.0,971
201000067839,10,3,31,845,1,1,1,1.0,3.0,97003,A,0.0,0.0,971
201000067840,10,4,29,2000,5,1,1,1.0,6.0,97003,A,0.0,0.0,971
201000067841,10,5,7,1530,1,1,1,1.0,2.0,97003,A,0.0,0.0,971
201000067842,10,5,8,345,3,1,1,1.0,6.0,97003,A,0.0,0.0,971
201000067843,10,7,4,200,3,1,1,1.0,6.0,97003,A,0.0,0.0,971
201000067844,10,8,20,1200,1,1,1,1.0,5.0,97003,A,0.0,0.0,971
201000067845,10,8,21,1130,1,2,1,1.0,1.0,97003,A,0.0,0.0,971
201000067846,10,10,22,1100,1,1,1,1.0,6.0,97003,A,0.0,0.0,971
201000067847,10,11,18,1145,1,1,1,2.0,3.0,97003,A,0.0,0.0,971
201000067848,10,12,30,1915,5,2,1,1.0,6.0,97003,A,0.0,0.0,971
201000067849,10,10,16,1900,3,1,1,1.0,6.0,97060,G,0.0,0.0,973
201000067852,10,1,5,1500,1,2,1,1.0,3.0,97009,G,0.0,0.0,973
201000067853,10,1,12,1045,1,2,2,1.0,3.0,97009,G,0.0,0.0,973
201000067854,10,3,12,1645,1,2,1,1.0,2.0,97009,G,0.0,0.0,973
201000067855,10,4,21,745,1,1,1,1.0,3.0,97009,G,0.0,0.0,973
201000067856,10,4,21,1445,1,2,1,1.0,3.0,97009,G,0.0,0.0,973
201000067857,10,4,29,1915,5,1,1,1.0,6.0,97009,G,0.0,0.0,973
201000067858,10,5,9,2100,3,2,1,3.0,2.0,97009,G,0.0,0.0,973
201000067859,10,5,10,1345,1,1,1,2.0,1.0,97009,G,0.0,0.0,973
201000067860,10,5,12,715,1,2,3,2.0,3.0,97009,G,0.0,0.0,973
201000067861,10,6,26,1200,1,2,9,1.0,3.0,97009,G,0.0,0.0,973
201000067862,10,7,1,1645,1,2,1,1.0,1.0,97009,G,0.0,0.0,973
201000067863,10,7,6,1130,1,2,1,1.0,1.0,97009,G,0.0,0.0,973
201000067864,10,7,7,430,5,2,1,2.0,6.0,97009,G,0.0,0.0,973
201000067865,10,7,15,1500,1,1,1,1.0,3.0,97009,G,0.0,0.0,973
201000067866,10,7,17,1230,1,2,1,1.0,5.0,97009,G,0.0,0.0,973
201000067867,10,8,25,1215,1,1,1,1.0,1.0,97009,G,0.0,0.0,973
201000067868,10,10,17,1415,1,2,1,1.0,3.0,97009,G,0.0,0.0,973
201000067869,10,10,18,145,3,1,1,1.0,5.0,97009,G,0.0,0.0,973
201000067870,10,10,20,1745,1,2,6,1.0,3.0,97009,G,0.0,0.0,973
201000067871,10,11,11,1745,1,2,1,1.0,7.0,97009,G,0.0,0.0,973
201000067872,10,12,15,1215,1,2,1,1.0,2.0,97009,G,0.0,0.0,973
201000067873,10,12,17,1845,2,2,1,1.0,1.0,97009,G,0.0,0.0,973
201000067874,10,12,26,1100,1,2,1,3.0,2.0,97009,G,0.0,0.0,973
201000067875,10,2,6,1830,1,2,1,1.0,3.0,97015,R,0.0,0.0,974
201000067876,10,4,11,1815,5,2,1,1.0,2.0,97040,R,0.0,0.0,974
201000067877,10,8,2,1400,1,2,1,1.0,1.0,97040,R,0.0,0.0,974
201000067878,10,9,5,1700,1,2,1,1.0,6.0,97015,R,0.0,0.0,974
201000067879,10,1,14,745,1,1,9,1.0,1.0,97013,R,0.0,0.0,974
201000067880,10,2,17,600,1,2,1,1.0,1.0,97048,R,0.0,0.0,974
201000067881,10,3,10,1100,1,1,1,2.0,2.0,97013,R,0.0,0.0,974