Num_Acc,an,mois,jour,hrmn,lum,agg,int,atm,col,com,gps,lat,long,dep
201000067882,10,3,22,1215,1,2,1,1.0,1.0,97048,R,0.0,0.0,974
201000067883,10,5,23,1430,1,1,1,1.0,3.0,97013,R,0.0,0.0,974
201000067884,10,7,1,1230,1,1,1,1.0,1.0,97013,R,0.0,0.0,974
201000067885,10,7,31,1330,1,1,1,1.0,7.0,97013,R,0.0,0.0,974
201000067886,10,1,29,1045,1,1,1,8.0,1.0,97004,G,0.0,0.0,973
201000067887,10,2,13,100,5,2,1,1.0,6.0,97004,G,0.0,0.0,973
201000067888,10,2,26,1900,4,2,1,1.0,6.0,97004,G,0.0,0.0,973
201000067889,10,3,2,1945,5,2,2,1.0,3.0,97004,G,0.0,0.0,973
201000067890,10,3,8,1145,1,2,1,1.0,3.0,97004,G,0.0,0.0,973
201000067891,10,4,6,1430,1,2,1,1.0,3.0,97004,G,0.0,0.0,973
201000067892,10,4,17,2230,3,1,1,1.0,7.0,97004,G,0.0,0.0,973
201000067893,10,5,5,745,1,2,1,1.0,6.0,97004,G,0.0,0.0,973
201000067894,10,8,1,130,5,2,1,1.0,7.0,97004,G,0.0,0.0,973
201000067895,10,9,2,2300,3,1,1,1.0,7.0,97004,G,0.0,0.0,973
201000067896,10,9,22,615,2,1,1,1.0,7.0,97004,G,0.0,0.0,973
201000067897,10,9,27,1815,5,2,1,1.0,1.0,97004,G,0.0,0.0,973
201000067898,10,10,10,1145,1,1,1,1.0,2.0,97004,G,0.0,0.0,973
201000067899,10,10,11,1330,1,2,1,1.0,3.0,97004,G,0.0,0.0,973
201000067900,10,10,16,1015,1,1,1,2.0,3.0,97004,G,0.0,0.0,973
201000067901,10,11,19,2000,5,2,1,2.0,7.0,97004,G,0.0,0.0,973
201000067902,10,11,25,1845,3,2,1,1.0,3.0,97004,G,0.0,0.0,973
201000067903,10,1,29,1300,1,1,1,1.0,1.0,97027,A,0.0,0.0,972
201000067904,10,2,6,1930,3,1,1,1.0,6.0,97017,A,0.0,0.0,972
201000067905,10,3,19,1845,3,1,1,1.0,1.0,97027,A,0.0,0.0,972
201000067906,10,6,6,445,3,1,1,1.0,1.0,97017,A,0.0,0.0,972
201000067907,10,8,13,2015,3,1,1,1.0,3.0,97017,A,0.0,0.0,972
201000067908,10,10,31,1615,1,2,1,2.0,6.0,97027,A,0.0,0.0,972
201000067909,10,12,22,1930,3,2,1,1.0,7.0,97020,A,0.0,0.0,972
201000067910,10,1,11,1315,1,2,1,1.0,3.0,97007,G,0.0,0.0,973
201000067911,10,1,15,545,3,1,1,3.0,6.0,97007,G,0.0,0.0,973
201000067912,10,1,17,545,4,1,1,8.0,6.0,97007,G,0.0,0.0,973
201000067913,10,2,3,1615,1,1,1,1.0,1.0,97007,G,0.0,0.0,973
201000067914,10,2,17,100,3,1,1,1.0,7.0,97007,G,0.0,0.0,973
201000067915,10,4,3,1800,2,2,1,1.0,3.0,97007,G,0.0,0.0,973
201000067916,10,4,11,2030,3,1,1,8.0,1.0,97007,G,0.0,0.0,973
201000067917,10,4,16,1615,1,1,1,1.0,3.0,97007,G,0.0,0.0,973
201000067918,10,4,18,1945,3,1,1,1.0,6.0,97007,G,0.0,0.0,973
201000067919,10,5,23,1915,3,1,1,9.0,1.0,97007,G,0.0,0.0,973
201000067920,10,5,25,815,1,1,1,1.0,5.0,97007,G,0.0,0.0,973
201000067921,10,6,8,645,1,1,6,2.0,3.0,97007,G,0.0,0.0,973
201000067922,10,6,16,630,1,1,1,2.0,3.0,97007,G,0.0,0.0,973
201000067923,10,6,19,230,3,1,1,1.0,1.0,97007,G,0.0,0.0,973
201000067924,10,6,30,830,1,1,1,1.0,1.0,97007,G,0.0,0.0,973
201000067925,10,7,8,730,1,1,1,1.0,3.0,97007,G,0.0,0.0,973
201000067926,10,7,17,1815,1,2,9,1.0,3.0,97007,G,0.0,0.0,973
201000067927,10,9,7,2030,3,1,1,1.0,2.0,97007,G,0.0,0.0,973
201000067928,10,9,23,1130,1,1,1,1.0,3.0,97007,G,0.0,0.0,973
201000067929,10,9,27,2145,3,1,1,1.0,3.0,97007,G,0.0,0.0,973
201000067930,10,10,3,2215,3,1,1,1.0,6.0,97007,G,0.0,0.0,973
201000067931,10,10,12,2245,5,1,1,1.0,3.0,97007,G,0.0,0.0,973
201000067932,10,10,14,200,3,1,1,9.0,7.0,97007,G,0.0,0.0,973
201000067933,10,10,25,15,3,1,1,1.0,5.0,97007,G,0.0,0.0,973
201000067934,10,10,25,1930,5,2,1,1.0,3.0,97007,G,0.0,0.0,973
201000067935,10,10,27,1700,5,1,6,1.0,6.0,97007,G,0.0,0.0,973
201000067936,10,11,6,2330,5,2,1,1.0,6.0,97007,G,0.0,0.0,973
201000067937,10,12,1,1445,1,1,1,1.0,3.0,97007,G,0.0,0.0,973
201000067938,10,12,6,30,3,1,1,1.0,7.0,97007,G,0.0,0.0,973
201000067939,10,12,10,1945,3,1,1,1.0,1.0,97007,G,0.0,0.0,973
201000067940,10,12,20,2215,5,1,1,1.0,1.0,97007,G,0.0,0.0,973
201000067941,10,12,24,1430,1,1,1,1.0,1.0,97007,G,0.0,0.0,973
201000067942,10,2,23,15,3,1,1,1.0,2.0,97015,R,0.0,0.0,974
201000067943,10,3,7,2130,5,2,1,1.0,3.0,97015,R,0.0,0.0,974
201000067944,10,4,16,800,1,2,1,7.0,6.0,97015,R,0.0,0.0,974
201000067945,10,4,16,1615,1,2,1,1.0,3.0,97015,R,0.0,0.0,974
201000067946,10,8,7,1800,3,1,1,1.0,7.0,97056,R,0.0,0.0,974
201000067947,10,8,11,130,4,2,1,1.0,3.0,97015,R,0.0,0.0,974
201000067948,10,11,9,1445,1,2,3,1.0,3.0,97036,R,0.0,0.0,974
201000067949,10,11,9,1445,1,1,1,1.0,1.0,97015,R,0.0,0.0,974
201000067950,10,11,20,1930,3,1,1,3.0,7.0,97015,R,0.0,0.0,974
201000067951,10,12,22,1500,1,1,1,1.0,1.0,97057,R,0.0,0.0,974
201000067952,10,1,26,1615,1,1,1,1.0,7.0,97004,R,0.0,0.0,974
201000067953,10,4,19,715,1,1,1,1.0,1.0,97004,R,0.0,0.0,974
201000067954,10,6,12,1645,1,1,1,1.0,3.0,97004,R,0.0,0.0,974
201000067955,10,7,15,1515,1,1,1,1.0,2.0,97004,R,0.0,0.0,974
201000067956,10,12,8,1345,1,1,1,1.0,1.0,97004,R,0.0,0.0,974
201000067957,10,1,16,910,1,2,1,2.0,2.0,97005,A,,,971
201000067958,10,2,1,2140,4,2,1,1.0,1.0,97005,A,,,971
201000067959,10,2,7,2030,5,2,1,1.0,3.0,97005,A,,,971
201000067960,10,2,8,1204,1,2,1,1.0,2.0,97005,A,,,971
201000067961,10,2,14,1517,1,2,3,1.0,1.0,97005,A,,,971
201000067962,10,2,19,1128,1,2,1,1.0,2.0,97005,A,,,971
201000067963,10,2,23,1615,1,2,1,1.0,6.0,97005,A,,,971
201000067964,10,3,11,1010,1,2,1,1.0,5.0,97005,A,,,971
201000067965,10,3,20,2335,5,2,1,1.0,2.0,97005,A,,,971
201000067966,10,3,24,1200,1,2,3,1.0,5.0,97005,A,,,971
201000067967,10,5,4,1335,1,1,1,1.0,3.0,97005,A,,,971
201000067968,10,4,23,1425,1,2,6,1.0,3.0,97005,A,,,971
201000067969,10,5,17,1340,1,2,1,2.0,6.0,97005,A,,,971
201000067970,10,5,25,901,1,2,1,1.0,6.0,97005,A,,,971
201000067971,10,5,25,2315,5,2,1,1.0,3.0,97005,A,,,971
201000067972,10,5,29,1100,1,2,1,1.0,2.0,97005,A,,,971
201000067973,10,6,3,1410,1,2,1,1.0,6.0,97005,A,,,971
201000067974,10,6,22,2035,5,2,3,2.0,3.0,97005,A,,,971
201000067975,10,7,4,2030,5,2,1,1.0,6.0,97005,A,,,971
201000067976,10,7,8,855,1,2,2,1.0,6.0,97005,A,,,971
201000067977,10,7,9,1245,1,2,1,1.0,6.0,97005,A,,,971
201000067978,10,7,12,1930,5,2,1,2.0,1.0,97005,A,,,971
201000067979,10,7,22,755,1,2,5,2.0,3.0,97005,A,,,971
201000067980,10,7,22,1245,1,2,1,1.0,3.0,97005,A,,,971
201000067981,10,7,29,1120,1,2,1,1.0,6.0,97005,A,,,971
201000067982,10,8,9,830,1,2,1,8.0,6.0,97005,A,,,971
201000067983,10,8,12,1410,1,2,1,2.0,6.0,97005,A,,,971
201000067984,10,9,4,1115,1,2,1,1.0,3.0,97005,A,,,971
201000067985,10,9,8,818,1,2,1,1.0,6.0,97005,A,,,971
201000067986,10,9,10,1310,1,2,2,2.0,6.0,97005,A,,,971
201000067987,10,9,29,910,1,1,1,1.0,2.0,97005,A,,,971
201000067988,10,10,1,1930,5,2,4,1.0,3.0,97005,A,,,971
201000067989,10,10,8,1040,1,2,1,1.0,6.0,97005,A,,,971
201000067990,10,10,18,1215,1,2,1,2.0,2.0,97005,A,,,971
201000067991,10,10,22,1005,1,1,1,1.0,6.0,97005,A,,,971
201000067992,10,11,3,1825,5,2,1,1.0,6.0,97005,A,,,971
201000067993,10,11,21,1255,1,2,2,1.0,3.0,97005,A,,,971
201000067994,10,11,25,940,1,2,1,1.0,2.0,97005,A,,,971
201000067995,10,11,28,1425,1,2,2,1.0,2.0,97005,A,,,971
201000067996,10,12,5,1840,5,2,1,1.0,1.0,97005,A,,,971
201000067997,10,12,17,1715,1,2,1,1.0,3.0,97005,A,,,971
201000067998,10,12,17,2210,5,2,9,1.0,5.0,97005,A,,,971
201000067999,10,12,17,1050,1,2,1,1.0,4.0,97005,A,,,971
201000068000,10,1,23,1145,1,1,1,1.0,7.0,97007,A,,,971
201000068001,10,2,5,1550,1,2,3,1.0,3.0,97007,A,,,971
201000068002,10,3,16,1610,1,2,9,1.0,6.0,97007,A,,,971
201000068003,10,4,20,1915,5,2,3,1.0,3.0,97007,A,,,971
201000068004,10,5,3,1945,5,2,2,1.0,6.0,97007,A,,,971
201000068005,10,5,25,1815,2,2,3,1.0,3.0,97007,A,,,971
201000068006,10,6,1,1850,5,2,3,1.0,6.0,97007,A,,,971
201000068007,10,6,8,1530,1,2,1,1.0,2.0,97007,A,,,971
201000068008,10,7,3,1310,1,2,1,1.0,3.0,97007,A,,,971
201000068009,10,8,15,45,5,2,1,1.0,1.0,97007,A,,,971
201000068010,10,9,20,1845,5,2,1,1.0,3.0,97007,A,,,971
201000068011,10,10,16,1915,5,2,2,1.0,3.0,97007,A,,,971
201000068012,10,11,9,1645,1,2,1,1.0,1.0,97007,A,,,971
201000068013,10,11,28,200,5,2,3,2.0,6.0,97007,A,,,971
201000068014,10,12,1,1400,1,2,1,1.0,3.0,97007,A,,,971
201000068015,10,1,1,240,5,2,1,3.0,7.0,97001,A,,,971
201000068016,10,1,6,2050,4,2,1,2.0,6.0,97001,A,,,971
201000068017,10,1,8,1900,3,1,1,1.0,1.0,97001,A,,,971
201000068018,10,1,2,1930,3,2,1,1.0,6.0,97013,A,,,971
201000068019,10,1,4,1700,5,1,1,1.0,6.0,97001,A,,,971
201000068020,10,1,5,1745,1,2,1,1.0,6.0,97001,A,,,971
201000068021,10,1,5,1743,2,2,1,1.0,6.0,97020,A,,,971
201000068022,10,1,8,736,1,1,1,1.0,6.0,97013,A,,,971
201000068023,10,1,9,1120,1,2,1,1.0,6.0,97013,A,,,971
201000068024,10,1,13,1400,1,1,1,1.0,6.0,97001,A,,,971
201000068025,10,1,15,645,1,1,1,1.0,6.0,97001,A,,,971
201000068026,10,1,16,1930,5,2,1,1.0,6.0,97013,A,,,971
201000068027,10,1,18,1420,1,2,1,1.0,6.0,97020,A,,,971
201000068028,10,1,31,825,1,2,1,1.0,6.0,97001,A,,,971
201000068029,10,2,14,2339,5,1,1,1.0,6.0,97001,A,,,971
201000068030,10,1,26,1710,1,2,1,1.0,4.0,97013,A,,,971
201000068031,10,1,26,1545,1,1,1,2.0,4.0,97020,A,,,971
201000068032,10,1,28,1200,1,2,1,1.0,5.0,97001,A,,,971
201000068033,10,1,29,650,1,2,1,1.0,2.0,97001,A,,,971
201000068034,10,1,31,1955,3,2,1,1.0,3.0,97001,A,,,971
201000068035,10,1,20,1605,1,2,1,1.0,2.0,97013,A,,,971
201000068036,10,2,2,1755,1,1,1,1.0,3.0,97001,A,,,971
201000068037,10,1,31,900,1,2,1,1.0,6.0,97001,A,,,971
201000068038,10,2,12,2351,3,1,1,1.0,6.0,97001,A,,,971
201000068039,10,2,1,640,1,1,1,1.0,6.0,97013,A,,,971
201000068040,10,2,1,115,5,1,1,1.0,6.0,97001,A,,,971
201000068041,10,2,3,1620,1,1,1,1.0,6.0,97001,A,,,971
201000068042,10,2,5,2138,5,2,1,1.0,6.0,97013,A,,,971
201000068043,10,2,6,2135,5,2,1,1.0,6.0,97001,A,,,971
201000068044,10,2,25,2129,5,1,1,1.0,7.0,97001,A,,,971
201000068045,10,2,8,107,5,1,1,1.0,6.0,97013,A,,,971
201000068046,10,2,10,1530,1,2,1,1.0,6.0,97013,A,,,971
201000068047,10,2,11,610,2,1,1,1.0,6.0,97013,A,,,971
201000068048,10,3,5,555,2,2,1,1.0,6.0,97001,A,,,971
201000068049,10,2,11,1747,1,1,1,1.0,2.0,97013,A,,,971
201000068050,10,2,12,915,1,2,1,1.0,2.0,97001,A,,,971
201000068051,10,2,14,105,5,2,1,1.0,3.0,97001,A,,,971
201000068052,10,2,16,1440,1,1,1,1.0,3.0,97013,A,,,971
201000068053,10,2,17,1320,1,2,1,1.0,3.0,97001,A,,,971
201000068054,10,2,26,124,5,2,1,1.0,3.0,97020,A,,,971
201000068055,10,2,21,2010,5,1,1,1.0,2.0,97001,A,,,971
201000068056,10,3,14,445,3,1,1,1.0,7.0,97013,A,,,971
201000068057,10,3,14,535,3,1,1,1.0,7.0,97013,A,,,971
201000068058,10,3,14,1900,5,1,1,1.0,6.0,97013,A,,,971
201000068059,10,2,15,930,1,1,1,1.0,2.0,97013,A,,,971
201000068060,10,2,18,2025,5,2,1,1.0,2.0,97020,A,,,971
201000068061,10,3,1,1425,1,2,1,1.0,6.0,97001,A,,,971
201000068062,10,3,2,810,1,1,1,1.0,3.0,97013,A,,,971
201000068063,10,2,20,2220,5,2,1,1.0,3.0,97001,A,,,971
201000068064,10,3,10,635,2,1,1,1.0,3.0,97001,A,,,971
201000068065,10,3,6,1435,1,1,1,1.0,6.0,97001,A,,,971
201000068066,10,3,7,318,5,2,1,1.0,3.0,97013,A,,,971
201000068067,10,3,9,1735,1,2,1,1.0,6.0,97001,A,,,971
201000068068,10,3,25,1630,1,2,1,1.0,1.0,97001,A,,,971
201000068069,10,3,16,1230,1,2,1,1.0,3.0,97013,A,,,971
201000068070,10,3,17,1435,1,2,1,1.0,3.0,97001,A,,,971
201000068071,10,3,18,650,1,1,1,1.0,3.0,97001,A,,,971
201000068072,10,3,19,1645,1,2,1,1.0,2.0,97001,A,,,971
201000068073,10,3,19,800,1,2,1,1.0,1.0,97001,A,,,971
201000068074,10,3,22,1510,1,2,1,1.0,1.0,97020,A,,,971
201000068075,10,3,18,950,1,1,1,1.0,5.0,97013,A,,,971
201000068076,10,3,31,1400,1,2,1,1.0,1.0,97020,A,,,971
201000068077,10,4,2,15,5,1,1,1.0,2.0,97013,A,,,971
201000068078,10,4,3,1947,3,2,1,1.0,6.0,97020,A,,,971
201000068079,10,4,8,1010,1,1,1,1.0,3.0,97001,A,,,971
201000068080,10,3,25,910,1,2,1,1.0,2.0,97001,A,,,971
201000068081,10,4,10,540,2,2,1,1.0,2.0,97001,A,,,971
201000068082,10,4,14,1050,1,1,1,1.0,6.0,97013,A,,,971
201000068083,10,4,8,520,2,2,1,1.0,6.0,97001,A,,,971
201000068084,10,4,25,1145,1,2,1,1.0,2.0,97001,A,,,971
201000068085,10,4,24,1920,4,2,1,1.0,5.0,97013,A,,,971
201000068086,10,4,24,1630,1,2,1,1.0,3.0,97001,A,,,971
201000068087,10,4,21,1433,1,1,1,1.0,2.0,97001,A,,,971
201000068088,10,4,18,1030,1,2,1,1.0,7.0,97001,A,,,971
201000068089,10,4,23,726,1,1,1,1.0,1.0,97013,A,,,971
201000068090,10,4,26,26,5,2,1,1.0,7.0,97001,A,,,971
201000068091,10,4,24,1020,1,2,1,1.0,6.0,97020,A,,,971
201000068092,10,4,26,655,1,2,1,1.0,6.0,97013,A,,,971
201000068093,10,5,9,153,5,1,1,1.0,3.0,97001,A,,,971
201000068094,10,5,2,1757,2,2,1,1.0,6.0,97013,A,,,971
201000068095,10,5,1,1655,1,2,1,1.0,3.0,97013,A,,,971
201000068096,10,5,2,730,1,2,1,1.0,2.0,97001,A,,,971
201000068097,10,5,4,1730,1,2,1,1.0,6.0,97001,A,,,971
201000068098,10,4,24,1320,1,2,1,1.0,5.0,97013,A,,,971
201000068099,10,5,9,720,1,2,1,1.0,6.0,97013,A,,,971
201000068100,10,5,6,1000,1,2,1,1.0,1.0,97001,A,,,971
201000068101,10,5,10,1400,1,2,1,1.0,6.0,97001,A,,,971
201000068102,10,5,11,800,1,2,1,1.0,3.0,97020,A,,,971
201000068103,10,5,12,1835,5,2,1,1.0,3.0,97001,A,,,971
201000068104,10,5,4,2245,5,1,1,1.0,5.0,97001,A,,,971
201000068105,10,5,6,920,1,1,1,1.0,2.0,97013,A,,,971
201000068106,10,5,6,820,1,2,1,1.0,6.0,97020,A,,,971
201000068107,10,5,10,930,1,1,1,1.0,2.0,97013,A,,,971
201000068108,10,5,15,2240,5,1,1,1.0,5.0,97001,A,,,971
201000068109,10,5,15,2118,4,1,1,1.0,7.0,97020,A,,,971
201000068110,10,5,16,2355,4,2,1,1.0,5.0,97013,A,,,971
201000068111,10,5,17,615,1,2,1,1.0,6.0,97020,A,,,971
201000068112,10,5,23,1400,1,2,1,1.0,3.0,97001,A,,,971
201000068113,10,6,9,1740,1,1,1,1.0,3.0,97013,A,,,971
201000068114,10,5,13,715,1,2,1,1.0,3.0,97013,A,,,971
201000068115,10,5,25,1715,1,1,1,1.0,3.0,97001,A,,,971
201000068116,10,5,26,1700,1,1,1,1.0,2.0,97001,A,,,971
201000068117,10,5,26,1530,1,2,1,1.0,3.0,97013,A,,,971
201000068118,10,5,30,1155,1,1,1,1.0,2.0,97020,A,,,971
201000068119,10,5,26,1620,1,1,1,1.0,2.0,97013,A,,,971
201000068120,10,5,25,1152,1,1,1,1.0,2.0,97013,A,,,971
201000068121,10,6,1,830,1,2,1,1.0,6.0,97001,A,,,971
201000068122,10,6,11,750,1,1,1,1.0,2.0,97001,A,,,971
201000068123,10,6,5,630,1,2,1,1.0,7.0,97013,A,,,971
201000068124,10,6,7,1836,1,2,1,1.0,6.0,97020,A,,,971
201000068125,10,6,19,1620,1,1,1,3.0,1.0,97013,A,,,971
201000068126,10,6,19,950,1,2,1,2.0,6.0,97001,A,,,971
201000068127,10,6,18,1500,1,2,1,1.0,6.0,97020,A,,,971
201000068128,10,6,19,2110,5,1,1,1.0,6.0,97001,A,,,971
201000068129,10,6,18,630,1,2,1,1.0,6.0,97013,A,,,971
201000068130,10,6,5,1656,1,2,1,1.0,3.0,97001,A,,,971
201000068131,10,7,2,1720,1,2,1,1.0,6.0,97001,A,,,971
201000068132,10,6,28,2005,5,2,1,1.0,6.0,97001,A,,,971
201000068133,10,6,28,813,1,1,1,1.0,3.0,97013,A,,,971
201000068134,10,6,24,1915,3,1,1,3.0,6.0,97013,A,,,971
201000068135,10,7,1,605,4,2,1,1.0,2.0,97001,A,,,971
201000068136,10,7,6,1335,1,1,1,1.0,6.0,97020,A,,,971
201000068137,10,7,4,1915,5,1,1,1.0,2.0,97013,A,,,971
201000068138,10,7,2,1505,1,2,1,1.0,5.0,97013,A,,,971
201000068139,10,6,29,655,1,2,1,1.0,5.0,97013,A,,,971
201000068140,10,7,4,555,1,2,1,1.0,1.0,97013,A,,,971
201000068141,10,7,5,1450,1,1,1,1.0,6.0,97001,A,,,971
201000068142,10,7,6,805,1,2,1,1.0,6.0,97001,A,,,971
201000068143,10,7,11,2100,5,1,1,1.0,7.0,97013,A,,,971
201000068144,10,6,10,2359,5,1,1,1.0,2.0,97020,A,,,971
201000068145,10,7,17,50,4,1,1,1.0,7.0,97013,A,,,971
201000068146,10,7,31,425,3,2,1,1.0,1.0,97013,A,,,971
201000068147,10,7,15,1825,3,1,1,3.0,1.0,97013,A,,,971
201000068148,10,8,17,700,1,2,1,1.0,3.0,97013,A,,,971
201000068149,10,7,16,630,1,1,1,1.0,3.0,97013,A,,,971
201000068150,10,7,24,2310,5,2,1,1.0,3.0,97020,A,,,971
201000068151,10,7,21,1345,1,1,1,2.0,7.0,97013,A,,,971
201000068152,10,7,30,2105,5,2,1,1.0,3.0,97001,A,,,971
201000068153,10,7,31,1650,1,2,1,1.0,2.0,97001,A,,,971
201000068154,10,7,14,2000,5,1,1,1.0,1.0,97013,A,,,971
201000068155,10,7,29,2312,4,1,1,1.0,3.0,97001,A,,,971
201000068156,10,8,5,1450,2,2,1,1.0,3.0,97020,A,,,971
201000068157,10,7,31,1500,1,1,1,1.0,3.0,97013,A,,,971
201000068158,10,8,5,1919,2,2,1,1.0,2.0,97020,A,,,971
201000068159,10,8,8,300,4,2,1,1.0,7.0,97013,A,,,971
201000068160,10,8,8,2142,5,2,1,1.0,3.0,97001,A,,,971
201000068161,10,8,12,1435,1,2,1,1.0,2.0,97013,A,,,971
201000068162,10,7,13,830,1,2,1,1.0,6.0,97001,A,,,971
201000068163,10,8,15,1839,4,1,1,2.0,6.0,97001,A,,,971
201000068164,10,8,14,1635,1,1,1,1.0,1.0,97001,A,,,971
201000068165,10,8,12,2250,5,2,1,1.0,3.0,97001,A,,,971
201000068166,10,8,14,2247,3,1,1,1.0,3.0,97001,A,,,971
201000068167,10,8,16,1920,5,1,1,1.0,7.0,97013,A,,,971
201000068168,10,8,19,114,5,2,1,1.0,3.0,97020,A,,,971
201000068169,10,8,18,2005,5,2,1,1.0,3.0,97020,A,,,971
201000068170,10,6,12,1045,1,1,1,1.0,3.0,97001,A,,,971
201000068171,10,8,19,945,1,1,1,1.0,3.0,97001,A,,,971
201000068172,10,8,23,112,4,1,1,1.0,1.0,97001,A,,,971
201000068173,10,8,25,1200,1,1,1,1.0,2.0,97013,A,,,971
201000068174,10,8,29,455,1,2,1,1.0,2.0,97001,A,,,971
201000068175,10,9,6,1720,1,1,1,1.0,3.0,97013,A,,,971
201000068176,10,9,8,300,5,2,1,1.0,7.0,97020,A,,,971
201000068177,10,9,4,1045,1,2,1,1.0,1.0,97001,A,,,971
201000068178,10,9,6,2325,5,1,1,1.0,6.0,97013,A,,,971
201000068179,10,9,4,433,5,1,1,1.0,6.0,97001,A,,,971
201000068180,10,9,4,425,5,1,1,1.0,2.0,97001,A,,,971
201000068181,10,9,5,1720,1,2,1,1.0,3.0,97001,A,,,971
201000068182,10,8,29,1344,1,1,1,2.0,6.0,97001,A,,,971
201000068183,10,9,9,1340,1,2,1,1.0,3.0,97001,A,,,971
201000068184,10,9,13,630,1,2,1,1.0,6.0,97020,A,,,971
201000068185,10,9,14,2050,4,1,1,1.0,3.0,97001,A,,,971
201000068186,10,9,17,700,1,1,1,1.0,2.0,97013,A,,,971
201000068187,10,9,18,1540,1,1,1,1.0,6.0,97013,A,,,971
201000068188,10,9,19,630,2,1,1,1.0,7.0,97001,A,,,971
201000068189,10,9,21,730,1,2,1,1.0,6.0,97020,A,,,971
201000068190,10,9,24,1615,1,2,1,2.0,1.0,97001,A,,,971
201000068191,10,9,22,815,1,2,1,1.0,6.0,97020,A,,,971
201000068192,10,10,1,2000,5,2,1,1.0,7.0,97001,A,,,971
201000068193,10,10,1,2100,5,1,1,1.0,5.0,97001,A,,,971
201000068194,10,10,8,1330,1,2,1,1.0,6.0,97001,A,,,971
201000068195,10,10,1,615,1,1,1,9.0,3.0,97013,A,,,971
201000068196,10,9,12,1245,1,1,1,1.0,3.0,97013,A,,,971
201000068197,10,9,30,1000,1,2,1,2.0,5.0,97013,A,,,971
201000068198,10,10,10,230,4,2,1,2.0,7.0,97001,A,,,971
201000068199,10,10,9,400,4,2,1,1.0,7.0,97001,A,,,971
201000068200,10,9,21,1905,2,2,1,1.0,1.0,97001,A,,,971
201000068201,10,10,10,1200,1,2,1,1.0,6.0,97020,A,,,971
201000068202,10,10,12,1310,1,2,1,1.0,3.0,97001,A,,,971
201000068203,10,10,3,915,1,2,1,1.0,3.0,97013,A,,,971
201000068204,10,10,3,1510,1,2,1,1.0,3.0,97001,A,,,971
201000068205,10,10,9,1815,5,1,1,1.0,1.0,97013,A,,,971
201000068206,10,10,5,1950,4,2,1,2.0,3.0,97001,A,,,971
201000068207,10,9,24,1855,5,2,1,1.0,4.0,97001,A,,,971
201000068208,10,10,11,1600,1,2,1,1.0,3.0,97001,A,,,971
201000068209,10,10,15,1200,1,2,1,1.0,7.0,97001,A,,,971
201000068210,10,10,15,1310,1,1,1,1.0,1.0,97001,A,,,971
201000068211,10,10,17,423,5,1,1,1.0,7.0,97001,A,,,971
201000068212,10,10,22,1425,1,2,1,1.0,3.0,97013,A,,,971
201000068213,10,10,22,1700,2,2,1,1.0,5.0,97013,A,,,971
201000068214,10,10,27,154,5,1,1,2.0,6.0,97001,A,,,971
201000068215,10,10,15,2020,5,1,1,1.0,4.0,97013,A,,,971
201000068216,10,10,30,427,5,1,1,1.0,2.0,97013,A,,,971
201000068217,10,10,31,1340,1,1,1,2.0,5.0,97013,A,,,971
201000068218,10,11,7,400,4,2,1,1.0,6.0,97001,A,,,971
201000068219,10,11,7,1920,5,1,1,1.0,6.0,97013,A,,,971
201000068220,10,11,13,330,3,1,1,1.0,6.0,97001,A,,,971
201000068221,10,10,27,1845,5,1,1,1.0,3.0,97013,A,,,971
201000068222,10,10,28,1939,5,2,1,1.0,3.0,97020,A,,,971
201000068223,10,11,8,605,1,2,1,1.0,3.0,97013,A,,,971
201000068224,10,11,10,2223,5,2,1,1.0,7.0,97001,A,,,971
201000068225,10,11,11,1105,1,2,1,9.0,7.0,97013,A,,,971
201000068226,10,11,12,550,1,1,1,1.0,6.0,97013,A,,,971
201000068227,10,11,12,1840,5,2,1,1.0,1.0,97001,A,,,971
201000068228,10,11,13,800,1,2,1,1.0,7.0,97020,A,,,971
201000068229,10,11,13,1320,1,2,1,9.0,2.0,97001,A,,,971
201000068230,10,11,14,850,1,1,1,1.0,2.0,97001,A,,,971
201000068231,10,11,14,1419,1,2,1,9.0,3.0,97001,A,,,971
201000068232,10,11,15,1650,1,1,1,1.0,2.0,97001,A,,,971
201000068233,10,11,17,810,1,1,1,1.0,2.0,97013,A,,,971
201000068234,10,11,22,904,1,1,1,1.0,3.0,97013,A,,,971
201000068235,10,11,22,720,1,1,1,1.0,1.0,97013,A,,,971
201000068236,10,11,22,1325,1,1,1,1.0,2.0,97013,A,,,971
201000068237,10,11,28,1700,2,2,1,1.0,6.0,97001,A,,,971
201000068238,10,11,28,10,4,2,1,2.0,1.0,97001,A,,,971
201000068239,10,10,23,1540,1,2,1,2.0,6.0,97013,A,,,971
201000068240,10,12,1,655,1,2,1,1.0,2.0,97020,A,,,971
201000068241,10,12,3,2300,5,2,1,1.0,1.0,97001,A,,,971
201000068242,10,12,5,1015,1,1,1,1.0,2.0,97013,A,,,971
201000068243,10,12,13,700,1,1,1,1.0,1.0,97013,A,,,971
201000068244,10,11,10,1251,1,1,1,1.0,6.0,97001,A,,,971
201000068245,10,12,4,830,1,2,1,1.0,2.0,97013,A,,,971
201000068246,10,12,8,1130,1,2,1,1.0,6.0,97020,A,,,971
201000068247,10,12,9,1005,1,2,1,1.0,3.0,97013,A,,,971
201000068248,10,12,12,1110,1,2,1,1.0,3.0,97001,A,,,971
201000068249,10,12,16,23,3,1,1,1.0,2.0,97001,A,,,971
201000068250,10,12,17,1510,1,2,8,1.0,7.0,97001,A,,,971
201000068251,10,12,18,222,5,1,1,1.0,1.0,97013,A,,,971