Num_Acc,an,mois,jour,hrmn,lum,agg,int,atm,col,com,gps,lat,long,dep
201000068252,10,12,26,110,5,2,1,2.0,6.0,97001,A,,,971
201000068253,10,12,21,1930,5,2,1,1.0,3.0,97001,A,,,971
201000068254,10,12,19,2222,5,1,1,1.0,6.0,97013,A,,,971
201000068255,10,12,25,2237,5,1,1,2.0,6.0,97001,A,,,971
201000068256,10,12,23,840,1,2,1,2.0,3.0,97020,A,,,971
201000068257,10,12,19,1807,5,1,1,2.0,3.0,97001,A,,,971
201000068258,10,12,30,1435,1,2,1,1.0,6.0,97001,A,,,971
201000068259,10,12,29,2300,5,2,1,2.0,3.0,97013,A,,,971
201000068260,10,12,21,1825,5,1,1,1.0,2.0,97013,A,,,971
201000068261,10,12,26,425,5,1,1,2.0,6.0,97013,A,,,971
201000068262,10,12,31,2015,5,1,1,1.0,1.0,97013,A,,,971
201000068263,10,1,2,730,1,2,1,8.0,7.0,97009,A,,,972
201000068264,10,1,5,1600,1,2,1,1.0,6.0,97009,A,,,972
201000068265,10,1,7,1700,1,2,1,1.0,6.0,97009,A,,,972
201000068266,10,1,9,945,1,2,1,1.0,6.0,97009,A,,,972
201000068267,10,1,10,1825,2,2,1,1.0,6.0,97009,A,,,972
201000068268,10,1,11,1130,1,2,1,1.0,6.0,97009,A,,,972
201000068269,10,1,17,715,1,2,9,1.0,6.0,97009,A,,,972
201000068270,10,1,20,820,1,2,1,1.0,6.0,97009,A,,,972
201000068271,10,1,21,920,1,2,1,1.0,6.0,97009,A,,,972
201000068272,10,1,29,1041,1,2,1,1.0,6.0,97009,A,,,972
201000068273,10,1,30,2238,5,2,3,1.0,3.0,97009,A,,,972
201000068274,10,2,1,2150,5,2,1,1.0,6.0,97009,A,,,972
201000068275,10,2,3,1648,1,2,1,1.0,3.0,97009,A,,,972
201000068276,10,2,4,1630,1,2,1,1.0,7.0,97009,A,,,972
201000068277,10,2,6,1720,1,1,1,1.0,1.0,97009,A,,,972
201000068278,10,2,11,1440,1,1,1,1.0,3.0,97009,A,,,972
201000068279,10,2,15,2030,5,2,1,1.0,6.0,97009,A,,,972
201000068280,10,2,15,1150,1,2,1,1.0,3.0,97009,A,,,972
201000068281,10,2,16,2110,5,2,1,1.0,6.0,97009,A,,,972
201000068282,10,2,20,950,1,2,1,1.0,6.0,97009,A,,,972
201000068283,10,2,22,1725,1,2,1,1.0,6.0,97009,A,,,972
201000068284,10,3,6,2050,5,2,1,1.0,7.0,97009,A,,,972
201000068285,10,3,11,1842,3,2,1,1.0,3.0,97009,A,,,972
201000068286,10,3,12,1100,1,2,1,1.0,2.0,97009,A,,,972
201000068287,10,3,13,1827,3,1,1,1.0,6.0,97009,A,,,972
201000068288,10,3,16,520,2,2,1,1.0,6.0,97009,A,,,972
201000068289,10,3,19,1325,1,2,1,1.0,6.0,97009,A,,,972
201000068290,10,4,12,1135,1,1,1,2.0,6.0,97009,A,,,972
201000068291,10,4,13,805,1,2,1,1.0,3.0,97009,A,,,972
201000068292,10,4,14,2105,5,1,1,1.0,6.0,97009,A,,,972
201000068293,10,4,16,1355,1,2,1,1.0,6.0,97009,A,,,972
201000068294,10,4,18,730,1,2,1,1.0,4.0,97009,A,,,972
201000068295,10,4,19,1615,1,2,1,1.0,3.0,97009,A,,,972
201000068296,10,4,23,1400,1,2,1,1.0,6.0,97009,A,,,972
201000068297,10,4,26,1619,1,2,1,1.0,6.0,97009,A,,,972
201000068298,10,5,1,125,5,2,9,1.0,3.0,97009,A,,,972
201000068299,10,5,1,855,1,1,1,1.0,6.0,97009,A,,,972
201000068300,10,5,8,231,5,2,1,2.0,6.0,97009,A,,,972
201000068301,10,5,8,2315,4,2,1,1.0,2.0,97009,A,,,972
201000068302,10,5,11,650,1,2,1,2.0,6.0,97009,A,,,972
201000068303,10,5,12,812,1,2,1,2.0,6.0,97009,A,,,972
201000068304,10,5,16,1030,1,2,1,1.0,6.0,97009,A,,,972
201000068305,10,5,16,1905,5,1,1,1.0,1.0,97009,A,,,972
201000068306,10,5,18,1645,1,2,1,1.0,6.0,97009,A,,,972
201000068307,10,5,21,1645,1,2,1,1.0,6.0,97009,A,,,972
201000068308,10,5,31,1445,1,2,1,1.0,6.0,97009,A,,,972
201000068309,10,5,31,2000,5,2,1,1.0,1.0,97009,A,,,972
201000068310,10,6,1,2150,5,1,1,1.0,6.0,97009,A,,,972
201000068311,10,6,2,1505,1,2,1,1.0,6.0,97009,A,,,972
201000068312,10,6,2,1815,2,2,3,2.0,6.0,97009,A,,,972
201000068313,10,6,5,335,5,2,1,1.0,2.0,97009,A,,,972
201000068314,10,6,6,2000,5,2,3,1.0,3.0,97009,A,,,972
201000068315,10,6,7,1105,1,2,1,1.0,3.0,97009,A,,,972
201000068316,10,6,9,1055,1,2,1,1.0,7.0,97009,A,,,972
201000068317,10,6,14,1610,1,2,1,1.0,6.0,97009,A,,,972
201000068318,10,6,17,830,1,2,1,1.0,6.0,97009,A,,,972
201000068319,10,6,18,1430,1,1,2,1.0,3.0,97009,A,,,972
201000068320,10,6,27,505,2,2,1,1.0,7.0,97009,A,,,972
201000068321,10,6,29,1215,1,2,1,1.0,3.0,97009,A,,,972
201000068322,10,7,1,1050,1,2,1,1.0,6.0,97009,A,,,972
201000068323,10,7,3,1810,5,1,1,1.0,6.0,97009,A,,,972
201000068324,10,7,8,255,4,2,1,1.0,7.0,97009,A,,,972
201000068325,10,7,8,1930,5,2,1,1.0,4.0,97009,A,,,972
201000068326,10,7,9,1425,1,2,1,1.0,6.0,97009,A,,,972
201000068327,10,7,10,25,3,1,1,1.0,2.0,97009,A,,,972
201000068328,10,7,11,20,5,2,1,1.0,1.0,97009,A,,,972
201000068329,10,7,11,20,5,2,1,1.0,2.0,97009,A,,,972
201000068330,10,7,10,330,5,2,1,1.0,6.0,97009,A,,,972
201000068331,10,7,12,950,1,1,2,1.0,3.0,97009,A,,,972
201000068332,10,7,22,2300,5,2,3,1.0,2.0,97009,A,,,972
201000068333,10,7,30,2035,3,1,1,1.0,3.0,97009,A,,,972
201000068334,10,8,1,1451,1,2,4,1.0,3.0,97009,A,,,972
201000068335,10,8,5,1425,1,1,1,1.0,3.0,97009,A,,,972
201000068336,10,8,6,1150,1,2,1,1.0,6.0,97009,A,,,972
201000068337,10,8,9,1405,1,1,1,1.0,7.0,97009,A,,,972
201000068338,10,8,14,1055,1,1,1,1.0,6.0,97009,A,,,972
201000068339,10,8,15,1827,5,1,1,1.0,6.0,97009,A,,,972
201000068340,10,8,18,1110,1,1,1,1.0,6.0,97009,A,,,972
201000068341,10,8,19,1625,1,2,1,1.0,1.0,97009,A,,,972
201000068342,10,8,20,1400,1,2,1,1.0,3.0,97009,A,,,972
201000068343,10,8,20,1755,1,2,1,1.0,1.0,97009,A,,,972
201000068344,10,8,28,1855,2,2,1,1.0,6.0,97009,A,,,972
201000068345,10,8,29,1140,1,2,1,1.0,6.0,97009,A,,,972
201000068346,10,9,8,710,1,1,1,1.0,6.0,97009,A,,,972
201000068347,10,9,15,2210,5,1,1,2.0,7.0,97009,A,,,972
201000068348,10,9,18,245,5,2,1,1.0,3.0,97009,A,,,972
201000068349,10,9,19,1210,1,1,1,1.0,7.0,97009,A,,,972
201000068350,10,9,20,630,1,2,1,1.0,6.0,97009,A,,,972
201000068351,10,9,20,1230,1,1,3,1.0,1.0,97009,A,,,972
201000068352,10,9,20,1255,1,1,1,1.0,3.0,97009,A,,,972
201000068353,10,9,20,105,5,2,1,1.0,6.0,97009,A,,,972
201000068354,10,9,28,1240,1,2,1,1.0,7.0,97009,A,,,972
201000068355,10,9,29,659,1,2,1,2.0,6.0,97009,A,,,972
201000068356,10,10,8,1445,1,2,3,1.0,3.0,97009,A,,,972
201000068357,10,10,4,855,1,2,3,1.0,6.0,97009,A,,,972
201000068358,10,10,9,1543,1,1,1,1.0,1.0,97009,A,,,972
201000068359,10,10,10,2030,5,2,1,1.0,7.0,97009,A,,,972
201000068360,10,10,11,1100,1,2,1,1.0,6.0,97009,A,,,972
201000068361,10,10,17,100,5,2,1,1.0,7.0,97009,A,,,972
201000068362,10,10,17,1910,5,1,1,1.0,7.0,97009,A,,,972
201000068363,10,10,18,905,1,2,1,1.0,6.0,97009,A,,,972
201000068364,10,10,20,950,1,2,1,1.0,3.0,97009,A,,,972
201000068365,10,10,22,2100,5,2,3,1.0,6.0,97009,A,,,972
201000068366,10,10,26,1025,1,1,1,1.0,1.0,97009,A,,,972
201000068367,10,10,27,1720,1,2,1,1.0,3.0,97009,A,,,972
201000068368,10,10,27,2045,5,2,3,1.0,3.0,97009,A,,,972
201000068369,10,11,1,1545,1,2,1,1.0,6.0,97009,A,,,972
201000068370,10,11,1,620,1,2,1,1.0,6.0,97009,A,,,972
201000068371,10,11,4,1040,1,2,3,1.0,6.0,97009,A,,,972
201000068372,10,11,4,1940,5,2,1,1.0,6.0,97009,A,,,972
201000068373,10,11,5,720,1,1,1,1.0,6.0,97009,A,,,972
201000068374,10,11,8,1530,1,2,3,1.0,6.0,97009,A,,,972
201000068375,10,11,9,1725,1,2,1,1.0,3.0,97009,A,,,972
201000068376,10,11,11,1055,1,2,1,1.0,6.0,97009,A,,,972
201000068377,10,11,13,1340,1,2,3,1.0,6.0,97009,A,,,972
201000068378,10,11,13,2145,5,1,1,1.0,7.0,97009,A,,,972
201000068379,10,11,16,2210,5,2,2,1.0,3.0,97009,A,,,972
201000068380,10,11,20,220,5,2,1,1.0,6.0,97009,A,,,972
201000068381,10,11,20,1835,2,2,3,1.0,3.0,97009,A,,,972
201000068382,10,11,25,1415,1,2,1,1.0,7.0,97009,A,,,972
201000068383,10,11,28,20,5,2,3,1.0,3.0,97009,A,,,972
201000068384,10,12,7,1839,2,1,1,1.0,2.0,97009,A,,,972
201000068385,10,12,8,2045,5,2,6,1.0,3.0,97009,A,,,972
201000068386,10,12,10,1325,1,2,3,1.0,3.0,97009,A,,,972
201000068387,10,12,11,1155,1,2,1,1.0,3.0,97009,A,,,972
201000068388,10,12,13,1505,1,2,3,1.0,3.0,97009,A,,,972
201000068389,10,12,14,843,1,1,1,1.0,6.0,97009,A,,,972
201000068390,10,12,17,1335,1,2,1,1.0,6.0,97009,A,,,972
201000068391,10,12,17,1925,5,2,3,1.0,3.0,97009,A,,,972
201000068392,10,12,17,1400,1,1,1,1.0,3.0,97009,A,,,972
201000068393,10,12,18,635,1,2,1,1.0,7.0,97009,A,,,972
201000068394,10,12,18,1055,1,2,1,1.0,6.0,97009,A,,,972
201000068395,10,12,20,2010,5,2,1,1.0,6.0,97009,A,,,972
201000068396,10,12,20,1200,1,2,1,1.0,6.0,97009,A,,,972
201000068397,10,12,24,1745,2,2,1,8.0,2.0,97009,A,,,972
201000068398,10,12,25,150,5,2,1,1.0,6.0,97009,A,,,972
201000068399,10,12,26,1520,1,2,1,1.0,6.0,97009,A,,,972
201000068400,10,12,30,1523,1,2,1,1.0,6.0,97009,A,,,972
201000068401,10,12,13,1836,2,1,1,1.0,6.0,97009,A,,,972
201000068402,10,1,5,1800,2,1,1,1.0,2.0,97013,A,,,972
201000068403,10,1,8,755,1,1,1,1.0,3.0,97013,A,,,972
201000068404,10,1,8,2305,3,1,1,1.0,6.0,97013,A,,,972
201000068405,10,1,10,1445,1,1,1,1.0,3.0,97013,A,,,972
201000068406,10,1,15,1140,1,1,3,1.0,3.0,97013,A,,,972
201000068407,10,1,16,1920,3,1,1,1.0,2.0,97013,A,,,972
201000068408,10,1,16,1950,3,1,1,1.0,6.0,97013,A,,,972
201000068409,10,1,29,1755,1,1,1,1.0,1.0,97013,A,,,972
201000068410,10,2,1,1205,1,2,1,1.0,4.0,97013,A,,,972
201000068411,10,2,2,1335,1,2,1,1.0,6.0,97013,A,,,972
201000068412,10,2,3,1225,1,1,1,1.0,6.0,97013,A,,,972
201000068413,10,2,5,850,1,1,1,2.0,4.0,97013,A,,,972
201000068414,10,2,5,1245,1,1,1,1.0,2.0,97013,A,,,972
201000068415,10,2,5,2010,4,1,1,1.0,6.0,97013,A,,,972
201000068416,10,2,12,1135,1,1,1,1.0,6.0,97013,A,,,972
201000068417,10,2,15,5,5,2,6,1.0,7.0,97013,A,,,972
201000068418,10,2,15,2045,5,1,1,1.0,2.0,97013,A,,,972
201000068419,10,2,19,1415,1,2,1,1.0,2.0,97013,A,,,972
201000068420,10,2,21,1350,1,1,1,1.0,5.0,97013,A,,,972
201000068421,10,2,27,35,3,1,1,1.0,6.0,97013,A,,,972
201000068422,10,2,27,1735,1,1,9,1.0,3.0,97013,A,,,972
201000068423,10,3,4,1400,1,1,1,1.0,3.0,97013,A,,,972
201000068424,10,3,5,2012,5,1,1,1.0,6.0,97013,A,,,972
201000068425,10,3,7,635,1,1,1,1.0,7.0,97013,A,,,972
201000068426,10,3,8,745,1,1,1,1.0,6.0,97013,A,,,972
201000068427,10,3,15,1600,1,1,1,1.0,1.0,97013,A,,,972
201000068428,10,3,18,1800,1,1,1,1.0,7.0,97013,A,,,972
201000068429,10,3,19,230,3,1,1,1.0,1.0,97013,A,,,972
201000068430,10,3,19,1940,3,1,1,1.0,6.0,97013,A,,,972
201000068431,10,3,21,1900,3,1,1,1.0,2.0,97013,A,,,972
201000068432,10,3,26,1130,1,1,1,1.0,2.0,97013,A,,,972
201000068433,10,3,27,115,5,1,1,1.0,6.0,97013,A,,,972
201000068434,10,3,27,155,5,1,1,1.0,5.0,97013,A,,,972
201000068435,10,3,29,2115,3,2,1,1.0,2.0,97013,A,,,972
201000068436,10,3,30,1500,1,1,1,1.0,5.0,97013,A,,,972
201000068437,10,4,2,1730,1,1,1,1.0,3.0,97013,A,,,972
201000068438,10,4,6,1600,1,1,1,9.0,3.0,97013,A,,,972
201000068439,10,4,9,2200,3,1,1,2.0,2.0,97013,A,,,972
201000068440,10,4,13,1330,1,1,1,9.0,6.0,97013,A,,,972
201000068441,10,4,15,1330,1,2,1,1.0,6.0,97013,A,,,972
201000068442,10,4,14,1730,1,2,1,9.0,6.0,97013,A,,,972
201000068443,10,4,20,1400,1,2,1,1.0,6.0,97013,A,,,972
201000068444,10,4,21,620,2,1,1,1.0,4.0,97013,A,,,972
201000068445,10,4,21,1030,1,2,1,9.0,2.0,97013,A,,,972
201000068446,10,4,21,1425,1,1,1,1.0,1.0,97013,A,,,972
201000068447,10,4,22,630,2,1,1,2.0,6.0,97013,A,,,972
201000068448,10,4,24,320,3,1,1,9.0,1.0,97013,A,,,972
201000068449,10,4,24,400,3,1,1,1.0,5.0,97013,A,,,972
201000068450,10,4,26,1301,1,1,1,1.0,1.0,97013,A,,,972
201000068451,10,4,27,1430,1,2,1,1.0,3.0,97013,A,,,972
201000068452,10,4,28,1640,1,1,1,1.0,6.0,97013,A,,,972
201000068453,10,5,1,115,3,1,1,1.0,5.0,97013,A,,,972
201000068454,10,5,2,530,5,1,1,1.0,7.0,97013,A,,,972
201000068455,10,5,2,1140,1,2,1,1.0,6.0,97013,A,,,972
201000068456,10,5,3,1545,1,2,3,1.0,5.0,97013,A,,,972
201000068457,10,5,3,2105,5,2,2,1.0,2.0,97013,A,,,972
201000068458,10,5,3,2130,5,1,1,1.0,2.0,97013,A,,,972
201000068459,10,5,3,2130,5,1,1,2.0,6.0,97013,A,,,972
201000068460,10,5,6,1105,1,2,1,1.0,2.0,97013,A,,,972
201000068461,10,5,12,915,1,1,1,1.0,6.0,97013,A,,,972
201000068462,10,5,12,2115,5,1,6,1.0,2.0,97013,A,,,972
201000068463,10,5,14,2030,5,1,1,1.0,4.0,97013,A,,,972
201000068464,10,5,15,400,5,1,1,1.0,1.0,97013,A,,,972
201000068465,10,5,20,1630,1,1,1,1.0,5.0,97013,A,,,972
201000068466,10,5,20,2330,5,1,1,1.0,6.0,97013,A,,,972
201000068467,10,5,21,1706,1,1,1,1.0,1.0,97013,A,,,972
201000068468,10,5,22,1030,1,1,1,1.0,2.0,97013,A,,,972
201000068469,10,5,22,2255,5,1,1,1.0,3.0,97013,A,,,972
201000068470,10,5,26,1134,1,1,6,1.0,3.0,97013,A,,,972
201000068471,10,5,27,1845,5,2,1,1.0,6.0,97013,A,,,972
201000068472,10,5,29,2005,5,1,1,1.0,4.0,97013,A,,,972
201000068473,10,6,2,1800,1,1,1,1.0,3.0,97013,A,,,972
201000068474,10,6,3,710,1,2,1,1.0,3.0,97013,A,,,972
201000068475,10,6,7,25,3,1,1,2.0,6.0,97013,A,,,972
201000068476,10,6,11,1240,1,1,1,1.0,2.0,97013,A,,,972
201000068477,10,6,13,2140,3,1,1,2.0,2.0,97013,A,,,972
201000068478,10,6,16,945,1,1,1,1.0,2.0,97013,A,,,972
201000068479,10,6,18,805,1,1,1,1.0,1.0,97013,A,,,972
201000068480,10,6,21,1315,1,1,1,1.0,2.0,97013,A,,,972
201000068481,10,6,21,1630,1,2,1,1.0,2.0,97013,A,,,972
201000068482,10,6,23,2015,3,1,1,1.0,5.0,97013,A,,,972
201000068483,10,6,30,1930,3,2,1,1.0,1.0,97013,A,,,972
201000068484,10,7,2,1808,1,1,1,1.0,3.0,97013,A,,,972
201000068485,10,7,5,730,1,1,1,1.0,3.0,97013,A,,,972
201000068486,10,7,10,855,1,1,6,1.0,2.0,97013,A,,,972
201000068487,10,7,11,815,1,1,1,1.0,1.0,97013,A,,,972
201000068488,10,7,11,905,1,1,1,1.0,1.0,97013,A,,,972
201000068489,10,7,12,1124,1,1,1,1.0,3.0,97013,A,,,972
201000068490,10,7,20,1600,1,1,1,1.0,2.0,97013,A,,,972
201000068491,10,7,23,45,5,1,1,1.0,5.0,97013,A,,,972
201000068492,10,7,30,1215,1,1,1,1.0,3.0,97013,A,,,972
201000068493,10,8,7,2240,5,1,1,1.0,7.0,97013,A,,,972
201000068494,10,8,8,1950,4,1,1,1.0,3.0,97013,A,,,972
201000068495,10,8,13,2340,5,1,1,1.0,1.0,97013,A,,,972
201000068496,10,8,15,1200,1,1,1,1.0,2.0,97013,A,,,972
201000068497,10,8,20,2342,5,1,1,1.0,6.0,97013,A,,,972
201000068498,10,8,22,2217,4,1,1,1.0,5.0,97013,A,,,972
201000068499,10,8,24,2155,3,1,1,1.0,7.0,97013,A,,,972
201000068500,10,8,31,1918,5,2,3,1.0,3.0,97013,A,,,972
201000068501,10,8,31,2130,5,1,1,1.0,3.0,97013,A,,,972
201000068502,10,9,7,1020,1,1,1,1.0,2.0,97013,A,,,972
201000068503,10,9,7,1010,1,1,1,1.0,6.0,97013,A,,,972
201000068504,10,9,11,1435,1,1,1,1.0,6.0,97013,A,,,972
201000068505,10,9,11,2340,5,1,1,1.0,1.0,97013,A,,,972
201000068506,10,9,12,108,5,1,1,1.0,6.0,97013,A,,,972
201000068507,10,9,15,1051,1,1,1,1.0,7.0,97013,A,,,972
201000068508,10,9,17,1037,1,1,1,1.0,4.0,97013,A,,,972
201000068509,10,9,17,1622,1,1,1,1.0,4.0,97013,A,,,972
201000068510,10,9,17,2300,5,1,1,1.0,1.0,97013,A,,,972
201000068511,10,9,22,2215,3,1,1,9.0,6.0,97013,A,,,972
201000068512,10,9,28,1700,1,2,1,1.0,6.0,97013,A,,,972
201000068513,10,9,29,1200,1,1,1,1.0,1.0,97013,A,,,972
201000068514,10,9,30,15,5,1,1,1.0,2.0,97013,A,,,972
201000068515,10,10,1,1800,2,1,1,1.0,4.0,97013,A,,,972
201000068516,10,10,3,125,5,1,1,3.0,6.0,97013,A,,,972
201000068517,10,10,3,2130,3,1,1,1.0,1.0,97013,A,,,972
201000068518,10,10,9,1230,1,1,1,1.0,2.0,97013,A,,,972
201000068519,10,10,9,1800,2,1,1,3.0,1.0,97013,A,,,972
201000068520,10,10,9,2000,3,2,1,1.0,1.0,97013,A,,,972
201000068521,10,10,10,1830,2,1,1,1.0,6.0,97013,A,,,972
201000068522,10,10,10,2010,3,1,1,1.0,2.0,97013,A,,,972
201000068523,10,10,11,845,1,2,1,1.0,1.0,97013,A,,,972
201000068524,10,10,11,1230,1,1,1,1.0,3.0,97013,A,,,972
201000068525,10,10,15,1240,1,1,1,1.0,2.0,97013,A,,,972
201000068526,10,10,16,115,5,1,1,1.0,6.0,97013,A,,,972
201000068527,10,10,18,1720,1,1,1,1.0,2.0,97013,A,,,972
201000068528,10,10,20,1156,1,1,1,1.0,7.0,97013,A,,,972
201000068529,10,10,22,1530,1,1,1,1.0,2.0,97013,A,,,972
201000068530,10,10,27,1749,2,1,1,1.0,6.0,97013,A,,,972
201000068531,10,10,29,545,5,1,1,1.0,1.0,97013,A,,,972
201000068532,10,10,30,1840,3,1,1,3.0,1.0,97013,A,,,972
201000068533,10,11,5,1745,3,1,1,1.0,4.0,97013,A,,,972
201000068534,10,11,10,630,2,1,1,1.0,6.0,97013,A,,,972
201000068535,10,11,13,2200,3,1,1,1.0,6.0,97013,A,,,972
201000068536,10,11,15,150,3,1,1,1.0,6.0,97013,A,,,972
201000068537,10,11,15,1605,1,1,1,1.0,4.0,97013,A,,,972
201000068538,10,11,17,800,1,1,1,1.0,3.0,97013,A,,,972
201000068539,10,11,22,1225,1,2,1,1.0,3.0,97013,A,,,972
201000068540,10,11,23,1820,2,1,1,1.0,2.0,97013,A,,,972
201000068541,10,12,3,20,5,1,1,1.0,6.0,97013,A,,,972
201000068542,10,12,9,910,1,1,1,1.0,2.0,97013,A,,,972
201000068543,10,12,10,1800,5,1,1,1.0,3.0,97013,A,,,972
201000068544,10,12,12,245,5,1,1,1.0,1.0,97013,A,,,972
201000068545,10,12,13,1300,1,1,1,1.0,3.0,97013,A,,,972
201000068546,10,12,15,1502,1,2,6,1.0,6.0,97013,A,,,972
201000068547,10,12,17,1930,5,1,1,1.0,5.0,97013,A,,,972
201000068548,10,12,18,325,3,1,1,1.0,2.0,97013,A,,,972
201000068549,10,12,18,620,2,1,1,2.0,1.0,97013,A,,,972
201000068550,10,12,20,724,1,1,1,1.0,5.0,97013,A,,,972
201000068551,10,12,20,1200,1,1,1,1.0,1.0,97013,A,,,972
201000068552,10,12,21,630,2,1,1,1.0,3.0,97013,A,,,972
201000068553,10,12,24,1143,1,1,1,1.0,3.0,97013,A,,,972
201000068554,10,12,25,2035,3,1,1,3.0,4.0,97013,A,,,972
201000068555,10,12,27,1830,2,1,1,1.0,1.0,97013,A,,,972
201000068556,10,1,1,605,2,2,1,1.0,6.0,97002,G,,,973
201000068557,10,1,6,1050,1,1,1,1.0,6.0,97002,G,,,973
201000068558,10,1,1,410,5,2,1,1.0,6.0,97002,G,,,973
201000068559,10,1,8,1350,1,2,1,1.0,6.0,97002,G,,,973
201000068560,10,1,7,1955,5,2,1,1.0,6.0,97002,G,,,973
201000068561,10,1,6,1630,1,2,1,1.0,6.0,97002,G,,,973
201000068562,10,1,14,1909,5,2,1,1.0,6.0,97002,G,,,973
201000068563,10,1,13,1101,1,2,1,1.0,6.0,97002,G,,,973
201000068564,10,1,16,1925,2,2,1,1.0,6.0,97002,G,,,973
201000068565,10,1,14,1150,1,2,1,1.0,6.0,97002,G,,,973
201000068566,10,11,27,1024,1,2,3,1.0,3.0,97002,G,,,973
201000068567,10,1,19,1210,1,2,1,1.0,6.0,97002,G,,,973
201000068568,10,1,22,1535,1,1,1,1.0,6.0,97002,G,,,973
201000068569,10,1,26,744,1,2,1,1.0,6.0,97002,G,,,973
201000068570,10,2,4,1043,1,1,1,1.0,3.0,97002,G,,,973
201000068571,10,2,6,1134,1,2,6,1.0,3.0,97002,G,,,973
201000068572,10,2,5,2212,5,2,3,1.0,6.0,97002,G,,,973
201000068573,10,2,8,2340,5,2,1,1.0,6.0,97002,G,,,973
201000068574,10,1,29,2047,5,2,3,1.0,6.0,97002,G,,,973
201000068575,10,2,9,1322,1,1,1,1.0,2.0,97002,G,,,973
201000068576,10,2,9,749,1,2,1,1.0,6.0,97002,G,,,973
201000068577,10,2,4,1950,5,2,1,1.0,6.0,97002,G,,,973
201000068578,10,2,11,1916,5,2,1,1.0,6.0,97002,G,,,973
201000068579,10,2,10,1755,1,2,1,1.0,6.0,97002,G,,,973
201000068580,10,2,14,1415,1,1,4,1.0,3.0,97002,G,,,973
201000068581,10,2,12,2336,5,2,1,1.0,6.0,97002,G,,,973
201000068582,10,2,13,1948,5,2,3,1.0,3.0,97002,G,,,973
201000068583,10,2,18,938,1,1,9,1.0,3.0,97002,G,,,973
201000068584,10,2,17,1140,1,2,1,1.0,6.0,97002,G,,,973
201000068585,10,2,24,2155,5,2,3,1.0,3.0,97002,G,,,973
201000068586,10,2,18,147,5,2,1,9.0,6.0,97002,G,,,973
201000068587,10,2,24,1025,1,2,1,1.0,6.0,97002,G,,,973
201000068588,10,3,1,1250,1,1,1,1.0,2.0,97002,G,,,973
201000068589,10,3,15,110,5,2,1,1.0,7.0,97002,G,,,973
201000068590,10,3,8,1305,1,1,1,1.0,3.0,97002,G,,,973
201000068591,10,3,2,950,2,1,1,2.0,5.0,97002,G,,,973
201000068592,10,3,13,250,5,1,2,1.0,3.0,97002,G,,,973
201000068593,10,3,22,1359,1,1,1,1.0,2.0,97002,G,,,973
201000068594,10,2,13,2045,5,2,1,1.0,3.0,97002,G,,,973
201000068595,10,3,21,1300,1,1,1,1.0,3.0,97002,G,,,973
201000068596,10,3,28,2225,5,2,1,1.0,1.0,97002,G,,,973
201000068597,10,3,28,13,5,2,3,3.0,3.0,97002,G,,,973
201000068598,10,4,2,2113,5,1,1,1.0,1.0,97002,G,,,973
201000068599,10,4,6,1150,1,1,1,1.0,3.0,97002,G,,,973
201000068600,10,3,29,1950,4,1,1,1.0,3.0,97002,G,,,973
201000068601,10,2,19,748,1,2,6,1.0,3.0,97002,G,,,973
201000068602,10,4,10,55,3,2,1,1.0,2.0,97002,G,,,973
201000068603,10,4,11,1750,1,2,3,1.0,3.0,97002,G,,,973
201000068604,10,4,13,2250,5,1,4,1.0,3.0,97002,G,,,973
201000068605,10,4,16,2007,4,2,1,1.0,3.0,97002,G,,,973
201000068606,10,4,16,940,1,1,3,1.0,3.0,97002,G,,,973
201000068607,10,4,21,1230,1,1,9,1.0,3.0,97002,G,,,973
201000068608,10,4,22,1920,5,1,1,1.0,2.0,97002,G,,,973
201000068609,10,4,26,1538,1,1,2,1.0,3.0,97002,G,,,973
201000068610,10,4,28,1124,1,1,1,1.0,3.0,97002,G,,,973
201000068611,10,4,29,1913,5,1,1,1.0,2.0,97002,G,,,973
201000068612,10,5,5,1332,1,2,3,1.0,3.0,97002,G,,,973
201000068613,10,5,28,1717,1,1,1,1.0,6.0,97002,G,,,973
201000068614,10,5,30,350,5,2,2,1.0,2.0,97002,G,,,973
201000068615,10,5,28,2340,5,2,1,1.0,5.0,97002,G,,,973
201000068616,10,5,29,22,5,2,1,1.0,6.0,97002,G,,,973
201000068617,10,5,27,1404,1,2,1,1.0,3.0,97002,G,,,973
201000068618,10,6,1,1910,5,1,1,1.0,6.0,97002,G,,,973
201000068619,10,5,25,1913,5,1,1,1.0,3.0,97002,G,,,973
201000068620,10,5,29,2102,5,2,6,1.0,3.0,97002,G,,,973
201000068621,10,6,7,1950,5,1,1,2.0,2.0,97002,G,,,973
201000068622,10,6,7,1430,1,2,1,1.0,3.0,97002,G,,,973
201000068623,10,6,9,720,1,1,1,1.0,3.0,97002,G,,,973
201000068624,10,6,9,1957,5,1,1,1.0,6.0,97002,G,,,973
201000068625,10,6,9,1930,1,2,1,1.0,3.0,97002,G,,,973
201000068626,10,6,11,907,1,2,1,2.0,2.0,97002,G,,,973
201000068627,10,6,11,650,1,2,1,2.0,3.0,97002,G,,,973
201000068628,10,6,11,1430,1,2,3,1.0,3.0,97002,G,,,973
201000068629,10,6,11,1704,1,2,1,1.0,3.0,97002,G,,,973
201000068630,10,6,12,1115,1,1,1,1.0,3.0,97002,G,,,973