Num_Acc,an,mois,jour,hrmn,lum,agg,int,atm,col,com,gps,lat,long,dep
201000068631,10,6,14,1942,5,2,3,1.0,3.0,97002,G,,,973
201000068632,10,6,15,830,1,1,6,2.0,3.0,97002,G,,,973
201000068633,10,6,15,952,1,2,1,3.0,3.0,97002,G,,,973
201000068634,10,6,16,1450,1,2,1,1.0,6.0,97002,G,,,973
201000068635,10,6,17,1430,1,2,1,1.0,6.0,97002,G,,,973
201000068636,10,6,15,1848,5,1,6,1.0,1.0,97002,G,,,973
201000068637,10,6,18,1616,1,1,1,1.0,3.0,97002,G,,,973
201000068638,10,6,18,2101,5,2,2,1.0,6.0,97002,G,,,973
201000068639,10,6,14,1330,1,1,1,1.0,3.0,97002,G,,,973
201000068640,10,6,23,1530,1,1,1,1.0,3.0,97002,G,,,973
201000068641,10,6,15,2138,5,2,1,1.0,3.0,97002,G,,,973
201000068642,10,6,23,900,1,2,1,1.0,3.0,97002,G,,,973
201000068643,10,6,27,1,5,1,1,1.0,3.0,97002,G,,,973
201000068644,10,6,25,1429,1,2,3,1.0,3.0,97002,G,,,973
201000068645,10,6,27,2035,5,1,1,1.0,3.0,97002,G,,,973
201000068646,10,6,25,2124,5,2,1,1.0,1.0,97002,G,,,973
201000068647,10,7,4,2027,5,1,3,1.0,3.0,97002,G,,,973
201000068648,10,7,4,1425,1,1,1,1.0,6.0,97002,G,,,973
201000068649,10,6,28,2140,5,1,1,3.0,3.0,97002,G,,,973
201000068650,10,7,6,1825,1,1,1,1.0,2.0,97002,G,,,973
201000068651,10,7,9,610,1,1,1,1.0,2.0,97002,G,,,973
201000068652,10,7,11,25,5,1,2,1.0,3.0,97002,G,,,973
201000068653,10,7,10,916,1,2,1,1.0,2.0,97002,G,,,973
201000068654,10,7,10,1405,1,2,1,1.0,3.0,97002,G,,,973
201000068655,10,7,17,1550,1,1,6,1.0,3.0,97002,G,,,973
201000068656,10,7,13,1739,1,1,1,1.0,2.0,97002,G,,,973
201000068657,10,7,21,1033,1,2,1,1.0,6.0,97002,G,,,973
201000068658,10,7,15,1506,1,2,2,1.0,6.0,97002,G,,,973
201000068659,10,7,15,2031,1,2,3,1.0,3.0,97002,G,,,973
201000068660,10,7,25,1155,1,1,1,1.0,3.0,97002,G,,,973
201000068661,10,7,28,2036,5,1,1,2.0,3.0,97002,G,,,973
201000068662,10,7,28,1300,1,2,1,1.0,6.0,97002,G,,,973
201000068663,10,8,5,2036,5,1,1,1.0,3.0,97002,G,,,973
201000068664,10,8,5,1831,5,2,2,1.0,3.0,97002,G,,,973
201000068665,10,8,7,2150,1,2,1,1.0,3.0,97002,G,,,973
201000068666,10,8,15,729,1,1,1,1.0,6.0,97002,G,,,973
201000068667,10,6,23,1340,1,1,1,1.0,6.0,97002,G,,,973
201000068668,10,8,22,1904,5,1,1,1.0,1.0,97002,G,,,973
201000068669,10,8,20,1210,1,2,1,1.0,6.0,97002,G,,,973
201000068670,10,8,14,2024,5,2,3,1.0,3.0,97002,G,,,973
201000068671,10,8,20,1425,1,2,1,1.0,1.0,97002,G,,,973
201000068672,10,8,31,2245,5,1,1,1.0,3.0,97002,G,,,973
201000068673,10,8,31,1152,1,2,1,1.0,3.0,97002,G,,,973
201000068674,10,8,29,2255,5,2,1,1.0,3.0,97002,G,,,973
201000068675,10,9,2,1950,3,2,1,1.0,6.0,97002,G,,,973
201000068676,10,9,3,2125,5,1,2,1.0,3.0,97002,G,,,973
201000068677,10,9,6,1225,1,2,2,1.0,3.0,97002,G,,,973
201000068678,10,9,6,745,1,2,1,1.0,2.0,97002,G,,,973
201000068679,10,9,5,1030,1,2,1,1.0,6.0,97002,G,,,973
201000068680,10,9,6,845,1,2,6,1.0,3.0,97002,G,,,973
201000068681,10,9,9,709,1,2,1,1.0,3.0,97002,G,,,973
201000068682,10,9,12,1215,1,2,1,1.0,3.0,97002,G,,,973
201000068683,10,9,12,1947,5,1,1,1.0,2.0,97002,G,,,973
201000068684,10,9,6,2140,5,2,1,1.0,6.0,97002,G,,,973
201000068685,10,9,15,1514,1,2,1,1.0,6.0,97002,G,,,973
201000068686,10,9,15,1320,1,1,1,1.0,3.0,97002,G,,,973
201000068687,10,7,29,1043,1,1,1,1.0,6.0,97002,G,,,973
201000068688,10,9,22,1949,4,2,1,1.0,6.0,97002,G,,,973
201000068689,10,9,23,1030,1,2,1,1.0,6.0,97002,G,,,973
201000068690,10,9,24,650,1,2,2,1.0,6.0,97002,G,,,973
201000068691,10,9,20,1943,4,2,1,1.0,1.0,97002,G,,,973
201000068692,10,9,26,955,1,1,1,1.0,6.0,97002,G,,,973
201000068693,10,10,4,805,1,2,1,1.0,3.0,97002,G,,,973
201000068694,10,10,1,1415,1,1,1,1.0,2.0,97002,G,,,973
201000068695,10,10,1,1646,1,1,6,1.0,3.0,97002,G,,,973
201000068696,10,10,10,815,1,2,2,1.0,3.0,97002,G,,,973
201000068697,10,10,11,845,1,2,1,1.0,6.0,97002,G,,,973
201000068698,10,10,13,2315,5,2,2,1.0,3.0,97002,G,,,973
201000068699,10,10,14,1711,1,1,1,1.0,6.0,97002,G,,,973
201000068700,10,10,16,1407,1,1,2,1.0,3.0,97002,G,,,973
201000068701,10,10,18,1000,1,1,3,1.0,3.0,97002,G,,,973
201000068702,10,10,22,1048,1,1,1,1.0,3.0,97002,G,,,973
201000068703,10,10,21,900,1,2,3,1.0,3.0,97002,G,,,973
201000068704,10,10,22,1851,3,2,3,1.0,6.0,97002,G,,,973
201000068705,10,10,25,120,5,2,1,1.0,7.0,97002,G,,,973
201000068706,10,10,25,940,1,2,3,1.0,3.0,97002,G,,,973
201000068707,10,10,25,755,1,2,1,1.0,3.0,97002,G,,,973
201000068708,10,10,27,1740,1,2,2,1.0,2.0,97002,G,,,973
201000068709,10,10,16,1310,1,1,1,1.0,6.0,97002,G,,,973
201000068710,10,11,6,2315,4,2,1,1.0,2.0,97002,G,,,973
201000068711,10,10,20,1742,2,2,2,1.0,3.0,97002,G,,,973
201000068712,10,10,24,2239,5,2,2,1.0,3.0,97002,G,,,973
201000068713,10,10,29,1901,5,2,3,1.0,3.0,97002,G,,,973
201000068714,10,11,2,1915,5,1,1,1.0,3.0,97002,G,,,973
201000068715,10,10,29,1754,5,1,1,1.0,3.0,97002,G,,,973
201000068716,10,10,28,1047,1,2,3,1.0,3.0,97002,G,,,973
201000068717,10,11,12,1630,1,2,1,1.0,7.0,97002,G,,,973
201000068718,10,11,11,1408,1,2,1,1.0,6.0,97002,G,,,973
201000068719,10,11,12,1110,1,1,1,1.0,6.0,97002,G,,,973
201000068720,10,11,13,2200,5,2,1,1.0,6.0,97002,G,,,973
201000068721,10,11,2,700,1,2,2,1.0,3.0,97002,G,,,973
201000068722,10,11,12,1540,1,1,1,1.0,3.0,97002,G,,,973
201000068723,10,11,18,2015,3,1,1,2.0,6.0,97002,G,,,973
201000068724,10,11,20,17,5,2,3,2.0,5.0,97002,G,,,973
201000068725,10,11,13,1847,5,2,1,1.0,3.0,97002,G,,,973
201000068726,10,11,23,1715,1,2,1,1.0,6.0,97002,G,,,973
201000068727,10,11,25,1730,1,2,1,1.0,3.0,97002,G,,,973
201000068728,10,11,29,1738,1,1,1,1.0,6.0,97002,G,,,973
201000068729,10,11,27,1625,1,1,1,1.0,6.0,97002,G,,,973
201000068730,10,12,2,1502,1,2,3,1.0,3.0,97002,G,,,973
201000068731,10,12,2,1418,1,2,6,1.0,3.0,97002,G,,,973
201000068732,10,12,10,2318,5,1,1,1.0,1.0,97002,G,,,973
201000068733,10,12,3,1214,1,2,3,8.0,3.0,97002,G,,,973
201000068734,10,12,9,1435,1,2,3,1.0,1.0,97002,G,,,973
201000068735,10,12,9,2058,5,2,3,1.0,3.0,97002,G,,,973
201000068736,10,12,3,2250,3,2,3,2.0,3.0,97002,G,,,973
201000068737,10,12,10,1625,1,2,1,1.0,6.0,97002,G,,,973
201000068738,10,12,10,1330,1,1,1,1.0,3.0,97002,G,,,973
201000068739,10,12,22,1922,2,2,3,1.0,3.0,97002,G,,,973
201000068740,10,12,17,2120,5,2,1,1.0,6.0,97002,G,,,973
201000068741,10,12,17,2210,5,2,1,1.0,6.0,97002,G,,,973
201000068742,10,12,21,1225,1,2,3,2.0,6.0,97002,G,,,973
201000068743,10,12,20,1400,1,2,3,1.0,3.0,97002,G,,,973
201000068744,10,12,14,2025,5,1,3,1.0,3.0,97002,G,,,973
201000068745,10,12,24,137,5,2,2,1.0,7.0,97002,G,,,973
201000068746,10,12,19,1410,1,2,1,1.0,6.0,97012,G,,,973
201000068747,10,12,19,1800,4,1,3,1.0,3.0,97012,G,,,973
201000068748,10,12,24,1930,3,1,1,1.0,1.0,97012,G,,,973
201000068749,10,12,30,1700,1,2,3,1.0,2.0,97002,G,,,973
201000068750,10,1,1,449,3,2,1,1.0,7.0,97007,R,,,974
201000068751,10,1,3,1700,1,1,1,1.0,7.0,97007,R,,,974
201000068752,10,1,16,835,1,2,2,1.0,3.0,97007,R,,,974
201000068753,10,1,28,850,1,2,2,1.0,3.0,97007,R,,,974
201000068754,10,2,8,1320,1,2,1,1.0,6.0,97007,R,,,974
201000068755,10,2,20,915,1,2,2,1.0,3.0,97007,R,,,974
201000068756,10,2,20,2025,5,2,1,1.0,6.0,97007,R,,,974
201000068757,10,3,2,825,1,2,3,1.0,3.0,97007,R,,,974
201000068758,10,3,5,1415,1,2,3,2.0,3.0,97007,R,,,974
201000068759,10,3,5,1145,1,1,1,2.0,4.0,97007,R,,,974
201000068760,10,3,5,2245,4,2,3,2.0,6.0,97007,R,,,974
201000068761,10,3,6,10,3,2,1,2.0,6.0,97007,R,,,974
201000068762,10,3,7,525,1,2,1,2.0,6.0,97007,R,,,974
201000068763,10,3,11,1125,1,2,1,1.0,3.0,97007,R,,,974
201000068764,10,3,16,1505,1,2,3,1.0,3.0,97007,R,,,974
201000068765,10,3,18,1540,1,2,3,1.0,3.0,97007,R,,,974
201000068766,10,3,23,1420,1,1,1,2.0,7.0,97007,R,,,974
201000068767,10,3,27,1705,1,2,1,1.0,4.0,97007,R,,,974
201000068768,10,4,1,845,1,2,1,1.0,6.0,97007,R,,,974
201000068769,10,4,9,216,3,1,1,1.0,1.0,97007,R,,,974
201000068770,10,4,15,1335,1,2,3,1.0,3.0,97007,R,,,974
201000068771,10,4,28,1015,1,2,2,1.0,3.0,97007,R,,,974
201000068772,10,5,2,1130,1,2,2,3.0,3.0,97007,R,,,974
201000068773,10,5,6,1900,5,2,2,1.0,3.0,97007,R,,,974
201000068774,10,5,10,1245,1,2,3,1.0,3.0,97007,R,,,974
201000068775,10,5,12,1145,1,2,2,1.0,3.0,97007,R,,,974
201000068776,10,5,13,2020,3,1,1,1.0,6.0,97007,R,,,974
201000068777,10,5,20,1040,1,2,6,1.0,2.0,97007,R,,,974
201000068778,10,5,20,2020,5,2,6,1.0,2.0,97007,R,,,974
201000068779,10,5,21,1945,5,2,1,1.0,6.0,97007,R,,,974
201000068780,10,5,24,1725,1,2,1,1.0,6.0,97007,R,,,974
201000068781,10,5,27,1750,2,2,1,1.0,3.0,97007,R,,,974
201000068782,10,5,27,2130,5,2,2,1.0,3.0,97007,R,,,974
201000068783,10,6,4,740,1,2,1,1.0,6.0,97007,R,,,974
201000068784,10,6,4,1335,1,2,1,1.0,6.0,97007,R,,,974
201000068785,10,6,11,1655,1,2,3,1.0,6.0,97007,R,,,974
201000068786,10,6,23,620,2,1,1,1.0,6.0,97007,R,,,974
201000068787,10,6,23,1155,1,2,1,1.0,6.0,97007,R,,,974
201000068788,10,7,3,605,2,2,1,1.0,6.0,97007,R,,,974
201000068789,10,7,13,1040,1,2,3,1.0,3.0,97007,R,,,974
201000068790,10,7,19,1535,1,2,6,1.0,3.0,97007,R,,,974
201000068791,10,7,20,1130,1,1,1,1.0,6.0,97007,R,,,974
201000068792,10,7,21,2020,3,1,1,1.0,6.0,97007,R,,,974
201000068793,10,7,23,1620,1,2,3,1.0,3.0,97007,R,,,974
201000068794,10,7,31,1635,1,1,1,1.0,4.0,97007,R,,,974
201000068795,10,8,9,1040,1,2,1,1.0,2.0,97007,R,,,974
201000068796,10,8,12,1950,5,2,3,2.0,3.0,97007,R,,,974
201000068797,10,8,14,1145,1,2,3,1.0,3.0,97007,R,,,974
201000068798,10,8,16,2110,5,2,1,1.0,6.0,97007,R,,,974
201000068799,10,8,24,2245,3,2,1,1.0,6.0,97007,R,,,974
201000068800,10,8,27,1645,1,2,3,3.0,7.0,97007,R,,,974
201000068801,10,8,29,1920,3,2,1,1.0,6.0,97007,R,,,974
201000068802,10,8,31,745,1,1,1,1.0,2.0,97007,R,,,974
201000068803,10,9,1,1810,2,2,7,1.0,3.0,97007,R,,,974
201000068804,10,9,9,700,1,1,1,3.0,4.0,97007,R,,,974
201000068805,10,9,15,1550,1,2,1,1.0,6.0,97007,R,,,974
201000068806,10,9,15,1815,1,2,6,1.0,3.0,97007,R,,,974
201000068807,10,9,16,1515,1,2,3,1.0,3.0,97007,R,,,974
201000068808,10,9,16,1930,5,2,1,1.0,6.0,97007,R,,,974
201000068809,10,9,22,1700,1,2,1,1.0,6.0,97007,R,,,974
201000068810,10,9,29,2100,4,2,1,1.0,7.0,97007,R,,,974
201000068811,10,10,1,1710,1,2,3,1.0,3.0,97007,R,,,974
201000068812,10,10,1,2030,5,2,3,1.0,3.0,97007,R,,,974
201000068813,10,10,4,1630,1,2,1,1.0,7.0,97007,R,,,974
201000068814,10,10,8,925,1,2,9,1.0,3.0,97007,R,,,974
201000068815,10,10,11,1730,1,2,1,1.0,6.0,97007,R,,,974
201000068816,10,10,12,1755,1,2,3,1.0,3.0,97007,R,,,974
201000068817,10,10,14,1630,1,2,1,1.0,5.0,97007,R,,,974
201000068818,10,10,24,2100,5,2,1,1.0,7.0,97007,R,,,974
201000068819,10,10,26,1610,1,2,3,1.0,3.0,97007,R,,,974
201000068820,10,11,3,1800,1,1,1,1.0,4.0,97007,R,,,974
201000068821,10,11,4,900,1,2,1,1.0,3.0,97007,R,,,974
201000068822,10,11,4,1535,1,2,1,1.0,7.0,97007,R,,,974
201000068823,10,11,10,1150,1,2,1,1.0,6.0,97007,R,,,974
201000068824,10,11,12,720,1,2,1,1.0,6.0,97007,R,,,974
201000068825,10,11,22,35,5,2,6,1.0,7.0,97007,R,,,974
201000068826,10,11,24,1240,1,2,2,1.0,3.0,97007,R,,,974
201000068827,10,11,28,1720,1,2,1,1.0,7.0,97007,R,,,974
201000068828,10,11,30,1605,1,2,6,1.0,2.0,97007,R,,,974
201000068829,10,12,2,820,1,2,1,1.0,6.0,97007,R,,,974
201000068830,10,12,2,2155,5,2,1,1.0,3.0,97007,R,,,974
201000068831,10,12,18,2010,5,2,1,1.0,6.0,97007,R,,,974
201000068832,10,12,28,2153,5,2,2,1.0,3.0,97007,R,,,974
201000068833,10,12,31,2210,5,2,1,1.0,3.0,97007,R,,,974
201000068834,10,4,6,1530,1,1,1,1.0,7.0,97009,R,,,974
201000068835,10,4,8,1845,2,2,1,1.0,2.0,97009,R,,,974
201000068836,10,4,7,1940,3,1,1,1.0,2.0,97009,R,,,974
201000068837,10,6,4,1700,1,1,1,1.0,2.0,97009,R,,,974
201000068838,10,6,7,810,1,1,3,1.0,3.0,97009,R,,,974
201000068839,10,6,20,40,5,2,1,1.0,7.0,97009,R,,,974
201000068840,10,6,21,1700,1,2,3,2.0,3.0,97009,R,,,974
201000068841,10,6,27,1615,1,1,1,1.0,7.0,97009,R,,,974
201000068842,10,6,27,1715,1,2,4,1.0,3.0,97009,R,,,974
201000068843,10,7,6,820,1,1,1,1.0,5.0,97009,R,,,974
201000068844,10,7,15,1015,1,1,1,9.0,7.0,97009,R,,,974
201000068845,10,9,7,905,2,1,1,1.0,6.0,97009,R,,,974
201000068846,10,12,19,930,1,2,1,1.0,2.0,97009,R,,,974
201000068847,10,9,4,1520,1,2,1,1.0,2.0,97009,R,,,974
201000068848,10,9,27,2350,3,2,1,1.0,7.0,97009,R,,,974
201000068849,10,10,1,2309,3,1,1,1.0,7.0,97009,R,,,974
201000068850,10,10,3,540,2,2,1,2.0,7.0,97009,R,,,974
201000068851,10,9,28,1700,1,2,1,1.0,7.0,97009,R,,,974
201000068852,10,9,29,1145,1,2,1,1.0,1.0,97009,R,,,974
201000068853,10,10,9,1715,1,2,1,1.0,3.0,97009,R,,,974
201000068854,10,10,10,1900,2,2,1,1.0,3.0,97009,R,,,974
201000068855,10,10,27,1540,1,2,1,1.0,7.0,97009,R,,,974
201000068856,10,10,29,2315,5,1,1,1.0,7.0,97009,R,,,974
201000068857,10,11,22,2220,3,2,1,1.0,7.0,97009,R,,,974
201000068858,10,11,22,800,1,2,1,1.0,2.0,97009,R,,,974
201000068859,10,12,11,2313,4,2,1,1.0,7.0,97009,R,,,974
201000068860,10,12,16,1318,1,2,3,1.0,3.0,97009,R,,,974
201000068861,10,12,31,1605,1,2,1,1.0,3.0,97009,R,,,974
201000068862,10,9,12,2235,3,1,1,2.0,6.0,97009,R,,,974
201000068863,10,3,3,2315,3,1,1,1.0,7.0,97009,R,,,974
201000068864,10,1,5,1840,1,1,1,1.0,2.0,97009,R,,,974
201000068865,10,1,2,1915,5,2,3,1.0,3.0,97009,R,,,974
201000068866,10,1,2,2335,5,2,2,1.0,3.0,97009,R,,,974
201000068867,10,1,10,950,1,2,6,1.0,3.0,97009,R,,,974
201000068868,10,1,31,930,1,2,3,1.0,3.0,97009,R,,,974
201000068869,10,2,4,745,1,2,1,1.0,7.0,97009,R,,,974
201000068870,10,3,6,1745,1,2,2,1.0,3.0,97009,R,,,974
201000068871,10,3,11,1240,1,2,1,1.0,7.0,97009,R,,,974
201000068872,10,3,27,2036,3,2,1,1.0,7.0,97009,R,,,974
201000068873,10,3,18,356,3,1,1,8.0,7.0,97009,R,,,974
201000068874,10,3,16,1555,1,1,1,1.0,3.0,97009,R,,,974
201000068875,10,1,5,1050,1,2,2,1.0,3.0,97009,R,,,974
201000068876,10,2,7,1550,1,2,1,1.0,6.0,97009,R,,,974
201000068877,10,1,23,1105,1,1,1,3.0,7.0,97009,R,,,974
201000068878,10,2,7,2005,3,1,1,1.0,6.0,97009,R,,,974
201000068879,10,6,9,820,1,2,2,1.0,7.0,97009,R,,,974
201000068880,10,5,24,1725,2,1,1,1.0,7.0,97009,R,,,974
201000068881,10,4,2,2145,3,2,1,2.0,7.0,97009,R,,,974
201000068882,10,5,28,1545,1,2,1,1.0,2.0,97009,R,,,974
201000068883,10,5,29,1400,1,2,1,1.0,7.0,97009,R,,,974
201000068884,10,5,3,1620,1,2,1,1.0,3.0,97009,R,,,974
201000068885,10,9,8,615,5,2,1,1.0,6.0,97009,R,,,974
201000068886,10,10,1,1457,1,1,1,2.0,1.0,97009,R,,,974
201000068887,10,1,1,1525,1,2,1,1.0,7.0,97011,R,,,974
201000068888,10,1,2,855,1,2,1,1.0,7.0,97011,R,,,974
201000068889,10,1,3,830,1,1,1,1.0,7.0,97011,R,,,974
201000068890,10,1,4,1242,1,2,2,1.0,3.0,97011,R,,,974
201000068891,10,1,8,1156,1,2,1,1.0,6.0,97011,R,,,974
201000068892,10,1,9,535,1,2,2,1.0,3.0,97011,R,,,974
201000068893,10,1,9,1545,1,2,2,1.0,3.0,97011,R,,,974
201000068894,10,1,9,2030,5,2,1,1.0,7.0,97011,R,,,974
201000068895,10,1,10,545,1,2,1,1.0,7.0,97011,R,,,974
201000068896,10,1,11,542,1,2,1,1.0,7.0,97011,R,,,974
201000068897,10,1,12,1715,1,2,2,1.0,3.0,97011,R,,,974
201000068898,10,1,14,1300,1,2,1,1.0,6.0,97011,R,,,974
201000068899,10,1,14,1437,1,2,1,1.0,2.0,97011,R,,,974
201000068900,10,1,16,2158,5,2,1,3.0,6.0,97011,R,,,974
201000068901,10,1,18,1055,1,1,1,1.0,1.0,97011,R,,,974
201000068902,10,1,18,1530,1,2,1,1.0,3.0,97011,R,,,974
201000068903,10,1,21,1540,1,1,1,1.0,7.0,97011,R,,,974
201000068904,10,1,22,2357,5,2,1,1.0,7.0,97011,R,,,974
201000068905,10,1,23,1700,1,2,9,1.0,6.0,97011,R,,,974
201000068906,10,1,24,1203,1,2,1,1.0,2.0,97011,R,,,974
201000068907,10,1,24,1720,1,2,1,1.0,6.0,97011,R,,,974
201000068908,10,1,24,1950,5,2,1,1.0,6.0,97011,R,,,974
201000068909,10,1,24,1845,2,2,1,8.0,6.0,97011,R,,,974
201000068910,10,1,27,1920,5,2,1,1.0,6.0,97011,R,,,974
201000068911,10,1,27,1949,5,2,1,1.0,2.0,97011,R,,,974
201000068912,10,1,20,1640,1,2,2,1.0,6.0,97011,R,,,974
201000068913,10,1,29,1415,1,2,1,1.0,2.0,97011,R,,,974
201000068914,10,1,30,605,1,2,3,1.0,2.0,97011,R,,,974
201000068915,10,1,30,1300,1,1,1,1.0,7.0,97011,R,,,974
201000068916,10,1,30,1600,1,2,6,1.0,2.0,97011,R,,,974
201000068917,10,1,31,1525,1,2,1,1.0,7.0,97011,R,,,974
201000068918,10,2,2,900,1,2,1,1.0,6.0,97011,R,,,974
201000068919,10,2,3,42,5,2,1,1.0,6.0,97011,R,,,974
201000068920,10,2,4,1725,1,2,1,1.0,5.0,97011,R,,,974
201000068921,10,2,4,1925,3,1,1,1.0,7.0,97011,R,,,974
201000068922,10,2,8,1025,1,2,1,1.0,6.0,97011,R,,,974
201000068923,10,2,8,1809,1,2,1,1.0,6.0,97011,R,,,974
201000068924,10,2,9,1946,5,2,2,1.0,3.0,97011,R,,,974
201000068925,10,2,10,1947,5,2,1,1.0,6.0,97011,R,,,974
201000068926,10,2,12,850,1,1,1,1.0,7.0,97011,R,,,974
201000068927,10,2,13,535,3,1,1,1.0,6.0,97011,R,,,974
201000068928,10,2,13,2100,5,2,1,1.0,7.0,97011,R,,,974
201000068929,10,2,14,1320,1,2,1,8.0,2.0,97011,R,,,974
201000068930,10,2,15,700,1,2,1,1.0,3.0,97011,R,,,974
201000068931,10,2,16,730,1,2,1,1.0,6.0,97011,R,,,974
201000068932,10,2,17,1209,1,2,2,1.0,3.0,97011,R,,,974
201000068933,10,2,18,730,1,2,3,2.0,3.0,97011,R,,,974
201000068934,10,2,20,1000,1,2,9,1.0,6.0,97011,R,,,974
201000068935,10,2,23,1519,1,2,1,1.0,6.0,97011,R,,,974
201000068936,10,2,24,715,1,1,1,1.0,3.0,97011,R,,,974
201000068937,10,2,24,1755,1,2,1,1.0,2.0,97011,R,,,974
201000068938,10,2,25,850,1,2,2,1.0,5.0,97011,R,,,974
201000068939,10,2,25,1405,1,2,1,1.0,2.0,97011,R,,,974
201000068940,10,2,27,1133,1,2,1,1.0,1.0,97011,R,,,974
201000068941,10,2,27,2039,5,2,1,1.0,5.0,97011,R,,,974
201000068942,10,2,27,2106,5,2,1,1.0,6.0,97011,R,,,974
201000068943,10,2,28,1945,5,2,1,1.0,6.0,97011,R,,,974
201000068944,10,2,28,1815,2,1,1,1.0,1.0,97011,R,,,974
201000068945,10,2,28,1845,5,2,1,1.0,2.0,97011,R,,,974
201000068946,10,3,1,1150,1,2,1,1.0,2.0,97011,R,,,974
201000068947,10,3,2,545,2,2,1,1.0,6.0,97011,R,,,974
201000068948,10,3,2,910,1,2,2,1.0,3.0,97011,R,,,974
201000068949,10,3,3,820,1,2,1,1.0,6.0,97011,R,,,974
201000068950,10,3,3,2221,3,1,1,1.0,7.0,97011,R,,,974
201000068951,10,3,4,1450,1,2,1,1.0,3.0,97011,R,,,974
201000068952,10,3,4,1800,2,1,1,1.0,6.0,97011,R,,,974
201000068953,10,3,6,20,3,1,1,2.0,7.0,97011,R,,,974
201000068954,10,3,6,1430,1,2,1,1.0,6.0,97011,R,,,974
201000068955,10,3,6,1730,1,2,1,1.0,6.0,97011,R,,,974
201000068956,10,3,6,2000,3,1,1,8.0,6.0,97011,R,,,974
201000068957,10,3,8,1100,1,2,1,1.0,6.0,97011,R,,,974
201000068958,10,3,8,1350,1,2,1,1.0,6.0,97011,R,,,974
201000068959,10,3,8,1655,1,2,1,1.0,1.0,97011,R,,,974
201000068960,10,3,9,841,1,2,2,1.0,3.0,97011,R,,,974
201000068961,10,3,11,1005,1,1,1,1.0,6.0,97011,R,,,974
201000068962,10,3,11,1340,1,1,1,1.0,2.0,97011,R,,,974
201000068963,10,3,5,1935,5,2,1,3.0,6.0,97011,R,,,974
201000068964,10,3,12,1820,2,2,1,1.0,6.0,97011,R,,,974
201000068965,10,3,14,146,5,1,1,2.0,7.0,97011,R,,,974
201000068966,10,3,14,1726,1,2,1,1.0,7.0,97011,R,,,974
201000068967,10,3,15,1234,1,1,1,1.0,6.0,97011,R,,,974
201000068968,10,3,15,1715,1,2,3,1.0,3.0,97011,R,,,974
201000068969,10,3,16,1200,1,2,1,1.0,2.0,97011,R,,,974
201000068970,10,3,16,1708,1,1,1,1.0,6.0,97011,R,,,974
201000068971,10,3,18,926,1,2,2,1.0,3.0,97011,R,,,974
201000068972,10,3,19,1626,1,2,1,1.0,6.0,97011,R,,,974
201000068973,10,3,20,102,5,2,1,1.0,7.0,97011,R,,,974
201000068974,10,3,23,2115,5,2,6,1.0,3.0,97011,R,,,974
201000068975,10,3,25,1255,1,2,1,1.0,7.0,97011,R,,,974
201000068976,10,3,25,1540,1,1,1,1.0,6.0,97011,R,,,974
201000068977,10,3,27,1250,1,2,1,1.0,3.0,97011,R,,,974
201000068978,10,3,27,1600,1,2,1,1.0,7.0,97011,R,,,974
201000068979,10,3,28,1930,5,2,1,1.0,4.0,97011,R,,,974
201000068980,10,3,31,1858,5,2,1,1.0,3.0,97011,R,,,974
201000068981,10,4,1,640,1,2,1,1.0,2.0,97011,R,,,974
201000068982,10,4,1,1620,1,2,1,1.0,7.0,97011,R,,,974
201000068983,10,4,1,2053,5,2,2,1.0,3.0,97011,R,,,974
201000068984,10,4,2,1210,1,2,1,1.0,2.0,97011,R,,,974
201000068985,10,4,4,1525,1,2,1,1.0,2.0,97011,R,,,974
201000068986,10,4,5,412,2,2,1,1.0,7.0,97011,R,,,974
201000068987,10,4,6,1750,1,2,1,1.0,6.0,97011,R,,,974
201000068988,10,4,7,1500,1,2,1,1.0,2.0,97011,R,,,974
201000068989,10,4,9,650,1,1,1,1.0,7.0,97011,R,,,974
201000068990,10,4,9,2320,3,2,1,1.0,7.0,97011,R,,,974
201000068991,10,4,14,730,1,2,1,1.0,1.0,97011,R,,,974
201000068992,10,4,15,1810,2,1,1,1.0,7.0,97011,R,,,974
201000068993,10,4,18,1808,1,2,1,1.0,7.0,97011,R,,,974
201000068994,10,4,20,1110,1,2,1,1.0,3.0,97011,R,,,974
201000068995,10,4,22,1515,1,2,1,1.0,6.0,97011,R,,,974
201000068996,10,4,24,715,1,2,1,1.0,6.0,97011,R,,,974
201000068997,10,4,25,630,2,2,6,1.0,6.0,97011,R,,,974
201000068998,10,4,26,900,1,2,1,1.0,3.0,97011,R,,,974
201000068999,10,4,26,1028,1,2,1,1.0,6.0,97011,R,,,974
201000069000,10,4,27,700,1,2,1,2.0,7.0,97011,R,,,974
201000069001,10,4,28,800,1,2,1,1.0,3.0,97011,R,,,974
201000069002,10,4,29,2330,3,1,1,1.0,5.0,97011,R,,,974
201000069003,10,5,1,1746,2,2,1,2.0,6.0,97011,R,,,974
201000069004,10,5,2,545,2,1,1,1.0,7.0,97011,R,,,974
201000069005,10,5,4,957,1,2,2,1.0,3.0,97011,R,,,974
201000069006,10,5,4,1200,1,2,1,1.0,3.0,97011,R,,,974
201000069007,10,5,7,110,5,2,1,1.0,7.0,97011,R,,,974
201000069008,10,5,7,1525,1,2,1,1.0,6.0,97011,R,,,974