Num_Acc,an,mois,jour,hrmn,lum,agg,int,atm,col,com,gps,lat,long,dep
201000069009,10,5,7,1900,5,2,1,1.0,7.0,97011,R,,,974
201000069010,10,5,10,1710,1,2,1,1.0,6.0,97011,R,,,974
201000069011,10,5,12,825,1,2,2,1.0,3.0,97011,R,,,974
201000069012,10,5,13,340,3,2,1,8.0,7.0,97011,R,,,974
201000069013,10,5,17,750,1,2,1,1.0,6.0,97011,R,,,974
201000069014,10,5,20,1700,1,2,1,1.0,7.0,97011,R,,,974
201000069015,10,5,21,1440,1,2,1,1.0,2.0,97011,R,,,974
201000069016,10,5,21,1940,5,2,1,2.0,7.0,97011,R,,,974
201000069017,10,5,22,255,5,2,1,1.0,6.0,97011,R,,,974
201000069018,10,5,22,1500,1,2,1,1.0,7.0,97011,R,,,974
201000069019,10,5,23,130,5,2,2,1.0,3.0,97011,R,,,974
201000069020,10,5,23,940,1,1,1,1.0,7.0,97011,R,,,974
201000069021,10,5,25,1425,1,2,1,1.0,3.0,97011,R,,,974
201000069022,10,5,26,800,1,1,1,1.0,7.0,97011,R,,,974
201000069023,10,5,26,1200,1,2,2,1.0,3.0,97011,R,,,974
201000069024,10,5,27,800,1,2,2,1.0,3.0,97011,R,,,974
201000069025,10,5,27,1115,1,2,1,1.0,6.0,97011,R,,,974
201000069026,10,5,27,2114,4,2,1,1.0,6.0,97011,R,,,974
201000069027,10,5,28,1315,2,2,3,1.0,2.0,97011,R,,,974
201000069028,10,5,29,1220,1,2,1,1.0,3.0,97011,R,,,974
201000069029,10,5,29,1450,1,1,1,1.0,1.0,97011,R,,,974
201000069030,10,5,29,2006,3,1,1,1.0,6.0,97011,R,,,974
201000069031,10,5,30,705,5,2,1,2.0,7.0,97011,R,,,974
201000069032,10,6,1,1015,1,2,2,1.0,3.0,97011,R,,,974
201000069033,10,6,2,732,1,2,1,1.0,6.0,97011,R,,,974
201000069034,10,6,2,900,1,2,5,1.0,1.0,97011,R,,,974
201000069035,10,6,2,1500,1,2,1,1.0,6.0,97011,R,,,974
201000069036,10,6,3,945,1,2,1,1.0,6.0,97011,R,,,974
201000069037,10,6,7,1245,1,2,1,1.0,6.0,97011,R,,,974
201000069038,10,6,10,1430,1,2,1,1.0,6.0,97011,R,,,974
201000069039,10,6,11,510,2,2,1,1.0,2.0,97011,R,,,974
201000069040,10,6,11,1225,1,2,1,1.0,6.0,97011,R,,,974
201000069041,10,6,13,115,5,2,2,1.0,3.0,97011,R,,,974
201000069042,10,6,15,1130,1,2,1,1.0,4.0,97011,R,,,974
201000069043,10,6,16,1450,1,2,1,1.0,4.0,97011,R,,,974
201000069044,10,6,17,1227,1,2,1,1.0,6.0,97011,R,,,974
201000069045,10,6,17,1500,1,2,1,1.0,3.0,97011,R,,,974
201000069046,10,6,19,1700,1,2,2,1.0,3.0,97011,R,,,974
201000069047,10,6,21,1955,3,2,1,2.0,7.0,97011,R,,,974
201000069048,10,6,22,745,1,1,1,1.0,7.0,97011,R,,,974
201000069049,10,6,25,830,1,2,1,2.0,2.0,97011,R,,,974
201000069050,10,6,26,2030,4,2,6,1.0,6.0,97011,R,,,974
201000069051,10,6,27,335,3,1,1,1.0,6.0,97011,R,,,974
201000069052,10,6,27,743,1,2,1,1.0,1.0,97011,R,,,974
201000069053,10,6,25,2115,5,2,1,8.0,6.0,97011,R,,,974
201000069054,10,6,28,1830,2,2,1,8.0,2.0,97011,R,,,974
201000069055,10,7,1,830,1,1,1,1.0,3.0,97011,R,,,974
201000069056,10,7,2,2215,5,2,1,1.0,6.0,97011,R,,,974
201000069057,10,7,3,1555,1,2,1,1.0,6.0,97011,R,,,974
201000069058,10,7,5,1340,1,2,1,1.0,4.0,97011,R,,,974
201000069059,10,7,5,1635,1,2,2,7.0,6.0,97011,R,,,974
201000069060,10,7,5,1950,5,2,1,1.0,3.0,97011,R,,,974
201000069061,10,7,6,915,1,1,1,1.0,3.0,97011,R,,,974
201000069062,10,7,6,1230,1,2,1,1.0,6.0,97011,R,,,974
201000069063,10,7,6,1415,1,1,1,1.0,6.0,97011,R,,,974
201000069064,10,7,6,1845,5,2,1,1.0,3.0,97011,R,,,974
201000069065,10,7,6,2225,3,2,1,1.0,6.0,97011,R,,,974
201000069066,10,7,8,1515,1,2,1,1.0,3.0,97011,R,,,974
201000069067,10,7,9,1855,5,2,1,1.0,6.0,97011,R,,,974
201000069068,10,7,9,2100,5,2,1,1.0,2.0,97011,R,,,974
201000069069,10,7,10,2355,5,2,1,1.0,6.0,97011,R,,,974
201000069070,10,7,11,2040,5,2,1,1.0,1.0,97011,R,,,974
201000069071,10,7,12,1610,1,2,1,1.0,7.0,97011,R,,,974
201000069072,10,7,13,1620,1,2,1,1.0,6.0,97011,R,,,974
201000069073,10,7,13,1945,5,2,1,1.0,6.0,97011,R,,,974
201000069074,10,7,15,920,1,2,1,1.0,3.0,97011,R,,,974
201000069075,10,7,16,650,1,2,1,1.0,6.0,97011,R,,,974
201000069076,10,7,16,1715,1,2,1,1.0,7.0,97011,R,,,974
201000069077,10,7,18,2315,5,1,1,1.0,1.0,97011,R,,,974
201000069078,10,7,19,900,1,2,1,1.0,2.0,97011,R,,,974
201000069079,10,7,19,1455,1,2,2,1.0,6.0,97011,R,,,974
201000069080,10,7,22,1740,1,2,1,1.0,6.0,97011,R,,,974
201000069081,10,7,25,105,5,2,1,1.0,7.0,97011,R,,,974
201000069082,10,7,26,1720,1,2,1,1.0,6.0,97011,R,,,974
201000069083,10,7,27,1650,1,2,1,1.0,2.0,97011,R,,,974
201000069084,10,8,4,1220,1,2,6,1.0,2.0,97011,R,,,974
201000069085,10,8,7,1811,1,2,1,1.0,6.0,97011,R,,,974
201000069086,10,8,8,905,1,1,1,6.0,6.0,97011,R,,,974
201000069087,10,8,9,900,1,2,1,2.0,3.0,97011,R,,,974
201000069088,10,8,10,1725,1,2,1,1.0,3.0,97011,R,,,974
201000069089,10,8,11,1830,5,2,1,1.0,2.0,97011,R,,,974
201000069090,10,8,13,830,1,2,1,1.0,3.0,97011,R,,,974
201000069091,10,8,16,1900,5,2,1,1.0,3.0,97011,R,,,974
201000069092,10,8,17,1535,1,2,2,1.0,6.0,97011,R,,,974
201000069093,10,8,18,2020,5,2,2,1.0,3.0,97011,R,,,974
201000069094,10,8,19,830,1,2,1,2.0,3.0,97011,R,,,974
201000069095,10,8,19,1350,1,1,1,1.0,7.0,97011,R,,,974
201000069096,10,8,20,1035,1,2,1,1.0,7.0,97011,R,,,974
201000069097,10,8,21,110,5,2,1,1.0,7.0,97011,R,,,974
201000069098,10,8,21,1545,1,2,1,1.0,6.0,97011,R,,,974
201000069099,10,8,21,2200,3,1,1,1.0,6.0,97011,R,,,974
201000069100,10,8,26,1115,1,2,1,1.0,2.0,97011,R,,,974
201000069101,10,8,27,1420,1,2,1,1.0,7.0,97011,R,,,974
201000069102,10,8,28,615,2,2,1,1.0,2.0,97011,R,,,974
201000069103,10,8,28,1200,1,2,1,1.0,3.0,97011,R,,,974
201000069104,10,8,30,635,1,2,2,1.0,6.0,97011,R,,,974
201000069105,10,8,31,1220,1,2,1,1.0,2.0,97011,R,,,974
201000069106,10,8,31,1830,5,2,1,1.0,6.0,97011,R,,,974
201000069107,10,9,4,10,5,2,4,1.0,2.0,97011,R,,,974
201000069108,10,9,4,240,5,2,1,1.0,2.0,97011,R,,,974
201000069109,10,9,4,1915,3,2,1,1.0,3.0,97011,R,,,974
201000069110,10,9,9,820,1,2,2,1.0,3.0,97011,R,,,974
201000069111,10,9,7,1530,1,2,1,1.0,3.0,97011,R,,,974
201000069112,10,9,7,2000,5,2,1,3.0,6.0,97011,R,,,974
201000069113,10,9,8,102,4,2,1,1.0,7.0,97011,R,,,974
201000069114,10,9,11,325,4,2,1,1.0,3.0,97011,R,,,974
201000069115,10,9,13,1205,1,2,1,1.0,6.0,97011,R,,,974
201000069116,10,9,14,2050,5,2,3,1.0,3.0,97011,R,,,974
201000069117,10,9,16,1140,1,2,1,1.0,6.0,97011,R,,,974
201000069118,10,9,17,755,1,1,1,1.0,3.0,97011,R,,,974
201000069119,10,9,18,2310,3,1,1,1.0,2.0,97011,R,,,974
201000069120,10,9,19,1440,1,2,1,1.0,1.0,97011,R,,,974
201000069121,10,9,20,735,1,2,1,1.0,3.0,97011,R,,,974
201000069122,10,9,21,2150,3,2,2,1.0,3.0,97011,R,,,974
201000069123,10,9,23,800,1,2,1,1.0,2.0,97011,R,,,974
201000069124,10,9,24,2155,5,1,1,1.0,6.0,97011,R,,,974
201000069125,10,9,25,38,4,2,1,1.0,3.0,97011,R,,,974
201000069126,10,9,25,930,1,2,1,1.0,3.0,97011,R,,,974
201000069127,10,9,29,1905,5,2,1,1.0,6.0,97011,R,,,974
201000069128,10,9,29,1930,5,2,2,1.0,5.0,97011,R,,,974
201000069129,10,9,30,1700,1,1,1,1.0,2.0,97011,R,,,974
201000069130,10,10,1,740,1,2,1,1.0,7.0,97011,R,,,974
201000069131,10,10,1,1205,1,2,4,1.0,3.0,97011,R,,,974
201000069132,10,10,4,1310,1,2,1,1.0,2.0,97011,R,,,974
201000069133,10,10,5,1650,1,2,3,1.0,6.0,97011,R,,,974
201000069134,10,10,8,2050,3,1,1,1.0,6.0,97011,R,,,974
201000069135,10,10,9,1745,1,2,1,1.0,6.0,97011,R,,,974
201000069136,10,10,13,1010,1,2,3,1.0,3.0,97011,R,,,974
201000069137,10,10,14,950,1,2,1,1.0,2.0,97011,R,,,974
201000069138,10,10,14,1700,1,2,1,1.0,7.0,97011,R,,,974
201000069139,10,10,17,210,5,2,1,1.0,6.0,97011,R,,,974
201000069140,10,10,17,1740,2,2,1,1.0,3.0,97011,R,,,974
201000069141,10,10,18,1655,1,2,1,1.0,6.0,97011,R,,,974
201000069142,10,10,19,1230,1,2,1,1.0,6.0,97011,R,,,974
201000069143,10,10,19,1705,1,1,1,1.0,2.0,97011,R,,,974
201000069144,10,10,22,930,1,2,2,1.0,1.0,97011,R,,,974
201000069145,10,10,22,2200,5,1,1,1.0,7.0,97011,R,,,974
201000069146,10,10,25,2015,5,2,2,1.0,3.0,97011,R,,,974
201000069147,10,10,28,710,1,2,1,1.0,3.0,97011,R,,,974
201000069148,10,10,28,1915,5,1,1,1.0,2.0,97011,R,,,974
201000069149,10,10,29,2305,5,2,1,1.0,3.0,97011,R,,,974
201000069150,10,10,30,800,1,1,1,1.0,2.0,97011,R,,,974
201000069151,10,10,31,1240,1,2,1,2.0,6.0,97011,R,,,974
201000069152,10,11,4,2300,5,2,3,1.0,6.0,97011,R,,,974
201000069153,10,11,6,1430,1,2,1,1.0,2.0,97011,R,,,974
201000069154,10,11,6,1500,1,2,3,1.0,3.0,97011,R,,,974
201000069155,10,11,6,2000,5,2,1,1.0,6.0,97011,R,,,974
201000069156,10,11,8,650,1,1,1,1.0,2.0,97011,R,,,974
201000069157,10,11,9,35,5,2,2,1.0,3.0,97011,R,,,974
201000069158,10,11,9,1755,2,1,1,1.0,6.0,97011,R,,,974
201000069159,10,11,10,2110,5,2,1,1.0,6.0,97011,R,,,974
201000069160,10,11,12,805,1,2,2,1.0,6.0,97011,R,,,974
201000069161,10,11,15,725,1,1,1,1.0,2.0,97011,R,,,974
201000069162,10,11,15,813,1,1,1,1.0,7.0,97011,R,,,974
201000069163,10,11,15,1400,1,2,1,1.0,7.0,97011,R,,,974
201000069164,10,11,16,1045,1,2,1,1.0,6.0,97011,R,,,974
201000069165,10,11,16,1905,2,2,1,1.0,6.0,97011,R,,,974
201000069166,10,11,17,1930,1,2,3,1.0,6.0,97011,R,,,974
201000069167,10,11,17,2010,5,2,1,1.0,6.0,97011,R,,,974
201000069168,10,11,20,950,1,1,1,1.0,7.0,97011,R,,,974
201000069169,10,11,20,1625,1,2,6,1.0,7.0,97011,R,,,974
201000069170,10,11,24,825,1,2,3,1.0,3.0,97011,R,,,974
201000069171,10,11,26,1955,5,1,1,1.0,1.0,97011,R,,,974
201000069172,10,11,27,1351,1,1,1,1.0,6.0,97011,R,,,974
201000069173,10,11,28,1350,1,2,1,1.0,6.0,97011,R,,,974
201000069174,10,11,30,720,1,2,3,1.0,3.0,97011,R,,,974
201000069175,10,12,2,1950,4,2,1,1.0,1.0,97011,R,,,974
201000069176,10,12,3,1454,1,1,1,1.0,2.0,97011,R,,,974
201000069177,10,12,5,100,5,2,1,1.0,7.0,97011,R,,,974
201000069178,10,12,5,1100,1,1,1,1.0,1.0,97011,R,,,974
201000069179,10,12,8,2135,3,1,1,1.0,6.0,97011,R,,,974
201000069180,10,12,8,1325,1,1,1,1.0,1.0,97011,R,,,974
201000069181,10,12,9,1436,1,1,1,1.0,2.0,97011,R,,,974
201000069182,10,12,10,1435,1,2,1,1.0,6.0,97011,R,,,974
201000069183,10,12,11,1155,1,1,1,1.0,6.0,97011,R,,,974
201000069184,10,12,11,1212,1,1,1,1.0,6.0,97011,R,,,974
201000069185,10,12,12,55,5,2,3,1.0,3.0,97011,R,,,974
201000069186,10,12,14,740,1,2,1,1.0,6.0,97011,R,,,974
201000069187,10,12,15,904,1,1,1,1.0,7.0,97011,R,,,974
201000069188,10,12,15,1438,1,2,1,1.0,6.0,97011,R,,,974
201000069189,10,12,17,1250,1,2,2,2.0,6.0,97011,R,,,974
201000069190,10,12,17,515,1,1,1,1.0,6.0,97011,R,,,974
201000069191,10,12,17,1320,1,2,1,1.0,6.0,97011,R,,,974
201000069192,10,12,18,1625,1,1,1,3.0,3.0,97011,R,,,974
201000069193,10,12,21,29,5,2,5,1.0,3.0,97011,R,,,974
201000069194,10,12,20,1705,1,2,1,1.0,1.0,97011,R,,,974
201000069195,10,12,22,2102,5,1,1,1.0,2.0,97011,R,,,974
201000069196,10,12,25,30,5,2,1,1.0,6.0,97011,R,,,974
201000069197,10,12,25,539,2,1,1,1.0,7.0,97011,R,,,974
201000069198,10,12,30,1540,1,1,1,1.0,7.0,97011,R,,,974
201000069199,10,12,31,1744,1,2,1,1.0,1.0,97011,R,,,974
201000069200,10,1,5,100,3,2,1,1.0,7.0,97016,R,,,974
201000069201,10,1,7,1430,1,1,1,2.0,7.0,97016,R,,,974
201000069202,10,1,10,1630,1,1,1,1.0,6.0,97016,R,,,974
201000069203,10,1,16,1615,1,1,1,2.0,3.0,97016,R,,,974
201000069204,10,1,16,2205,3,1,1,1.0,2.0,97016,R,,,974
201000069205,10,1,17,200,4,2,1,1.0,7.0,97016,R,,,974
201000069206,10,1,19,910,1,2,1,1.0,7.0,97016,R,,,974
201000069207,10,1,20,430,5,2,1,1.0,3.0,97016,R,,,974
201000069208,10,1,21,820,1,1,1,1.0,7.0,97016,R,,,974
201000069209,10,1,23,1825,2,1,1,1.0,7.0,97016,R,,,974
201000069210,10,1,29,1925,3,1,1,1.0,1.0,97016,R,,,974
201000069211,10,1,31,650,2,2,1,1.0,1.0,97016,R,,,974
201000069212,10,2,6,850,1,1,1,1.0,6.0,97016,R,,,974
201000069213,10,2,7,2130,3,1,1,1.0,7.0,97016,R,,,974
201000069214,10,2,11,1405,1,1,1,1.0,3.0,97016,R,,,974
201000069215,10,2,12,950,1,1,1,2.0,7.0,97016,R,,,974
201000069216,10,2,14,2235,3,1,1,1.0,7.0,97016,R,,,974
201000069217,10,2,15,55,3,2,1,1.0,7.0,97016,R,,,974
201000069218,10,2,15,1030,1,1,1,1.0,7.0,97016,R,,,974
201000069219,10,2,17,730,1,1,1,1.0,7.0,97016,R,,,974
201000069220,10,2,19,720,1,2,1,1.0,7.0,97016,R,,,974
201000069221,10,2,20,820,1,1,1,1.0,3.0,97016,R,,,974
201000069222,10,2,26,855,1,2,1,1.0,7.0,97016,R,,,974
201000069223,10,2,26,1807,2,2,1,1.0,3.0,97016,R,,,974
201000069224,10,3,1,1305,1,1,1,1.0,7.0,97016,R,,,974
201000069225,10,3,5,1330,1,2,1,2.0,7.0,97016,R,,,974
201000069226,10,3,5,1415,1,1,1,1.0,7.0,97016,R,,,974
201000069227,10,3,11,2104,3,1,1,1.0,1.0,97016,R,,,974
201000069228,10,3,12,1410,1,2,3,1.0,3.0,97016,R,,,974
201000069229,10,3,18,730,1,1,1,2.0,2.0,97016,R,,,974
201000069230,10,3,20,1955,4,1,1,1.0,7.0,97016,R,,,974
201000069231,10,3,23,2200,3,1,3,1.0,3.0,97016,R,,,974
201000069232,10,3,24,1630,1,1,1,1.0,1.0,97016,R,,,974
201000069233,10,3,26,1220,1,2,1,1.0,3.0,97016,R,,,974
201000069234,10,3,28,155,3,1,1,1.0,7.0,97016,R,,,974
201000069235,10,3,28,610,2,1,1,1.0,7.0,97016,R,,,974
201000069236,10,3,29,1755,2,1,1,1.0,7.0,97016,R,,,974
201000069237,10,3,30,1700,1,1,1,1.0,7.0,97016,R,,,974
201000069238,10,4,4,515,3,2,1,1.0,7.0,97016,R,,,974
201000069239,10,4,7,1030,1,2,1,1.0,7.0,97016,R,,,974
201000069240,10,4,9,935,1,1,1,1.0,2.0,97016,R,,,974
201000069241,10,4,13,910,1,1,6,1.0,2.0,97016,R,,,974
201000069242,10,4,15,1520,1,2,1,1.0,7.0,97016,R,,,974
201000069243,10,4,16,930,1,2,3,1.0,3.0,97016,R,,,974
201000069244,10,4,23,1430,1,1,3,1.0,3.0,97016,R,,,974
201000069245,10,4,24,2035,3,2,1,1.0,3.0,97016,R,,,974
201000069246,10,5,3,1023,1,2,1,1.0,5.0,97016,R,,,974
201000069247,10,5,5,1200,1,1,1,1.0,7.0,97016,R,,,974
201000069248,10,5,11,1400,1,2,6,1.0,3.0,97016,R,,,974
201000069249,10,5,14,1240,1,1,1,1.0,3.0,97016,R,,,974
201000069250,10,5,15,1710,2,2,3,1.0,1.0,97016,R,,,974
201000069251,10,5,17,1715,2,1,1,1.0,3.0,97016,R,,,974
201000069252,10,5,20,1830,3,1,1,1.0,7.0,97016,R,,,974
201000069253,10,5,23,1145,1,1,1,1.0,1.0,97016,R,,,974
201000069254,10,5,26,1720,1,1,1,1.0,7.0,97016,R,,,974
201000069255,10,5,27,240,3,1,1,1.0,7.0,97016,R,,,974
201000069256,10,5,29,517,3,1,1,1.0,7.0,97016,R,,,974
201000069257,10,5,31,1350,1,2,1,1.0,7.0,97016,R,,,974
201000069258,10,6,1,1850,3,2,1,1.0,2.0,97016,R,,,974
201000069259,10,6,5,915,1,2,1,1.0,3.0,97016,R,,,974
201000069260,10,6,7,900,1,2,1,1.0,7.0,97016,R,,,974
201000069261,10,6,8,1535,1,2,1,1.0,7.0,97016,R,,,974
201000069262,10,6,11,1605,1,2,1,1.0,7.0,97016,R,,,974
201000069263,10,6,12,1730,2,2,1,1.0,7.0,97016,R,,,974
201000069264,10,6,14,30,3,1,1,1.0,7.0,97016,R,,,974
201000069265,10,6,15,810,1,1,1,1.0,3.0,97016,R,,,974
201000069266,10,6,17,745,1,2,1,1.0,7.0,97016,R,,,974
201000069267,10,6,17,1030,1,2,9,1.0,3.0,97016,R,,,974
201000069268,10,6,20,410,3,2,1,1.0,7.0,97016,R,,,974
201000069269,10,6,22,1430,1,1,1,1.0,7.0,97016,R,,,974
201000069270,10,6,24,745,1,2,1,1.0,7.0,97016,R,,,974
201000069271,10,6,27,310,5,2,1,1.0,1.0,97016,R,,,974
201000069272,10,6,27,2230,3,1,1,1.0,2.0,97016,R,,,974
201000069273,10,6,29,555,3,1,9,1.0,7.0,97016,R,,,974
201000069274,10,6,30,100,3,1,1,3.0,7.0,97016,R,,,974
201000069275,10,7,2,2305,3,1,9,1.0,7.0,97016,R,,,974
201000069276,10,7,6,1805,3,1,1,1.0,2.0,97016,R,,,974
201000069277,10,7,7,845,1,2,2,1.0,3.0,97016,R,,,974
201000069278,10,7,11,1824,3,1,1,1.0,7.0,97016,R,,,974
201000069279,10,7,12,1920,5,2,2,1.0,3.0,97016,R,,,974
201000069280,10,7,13,135,3,2,1,1.0,7.0,97016,R,,,974
201000069281,10,7,14,1325,1,2,1,1.0,3.0,97016,R,,,974
201000069282,10,7,15,1910,5,1,1,1.0,7.0,97016,R,,,974
201000069283,10,7,19,840,1,2,2,1.0,7.0,97016,R,,,974
201000069284,10,7,23,2355,3,2,2,1.0,3.0,97016,R,,,974
201000069285,10,7,28,1745,2,2,1,1.0,6.0,97016,R,,,974
201000069286,10,7,31,2040,3,2,1,2.0,7.0,97016,R,,,974
201000069287,10,8,3,1350,1,2,3,1.0,6.0,97016,R,,,974
201000069288,10,8,4,845,1,2,3,1.0,3.0,97016,R,,,974
201000069289,10,8,9,1605,1,1,1,1.0,4.0,97016,R,,,974
201000069290,10,8,11,810,1,2,9,1.0,3.0,97016,R,,,974
201000069291,10,8,14,1415,1,2,6,1.0,3.0,97016,R,,,974
201000069292,10,8,15,2255,3,1,1,1.0,5.0,97016,R,,,974
201000069293,10,8,17,1640,1,1,1,1.0,4.0,97016,R,,,974
201000069294,10,8,19,1600,1,2,1,1.0,3.0,97016,R,,,974
201000069295,10,8,21,40,3,1,1,1.0,6.0,97016,R,,,974
201000069296,10,8,21,1220,1,2,1,1.0,6.0,97016,R,,,974
201000069297,10,8,23,730,1,2,2,1.0,7.0,97016,R,,,974
201000069298,10,8,23,1805,2,1,1,1.0,4.0,97016,R,,,974
201000069299,10,8,25,1406,1,2,1,1.0,7.0,97016,R,,,974
201000069300,10,8,27,2130,3,2,1,1.0,7.0,97016,R,,,974
201000069301,10,8,31,800,1,1,1,1.0,5.0,97016,R,,,974
201000069302,10,9,1,1010,1,2,1,1.0,7.0,97016,R,,,974
201000069303,10,9,2,805,1,1,1,1.0,2.0,97016,R,,,974
201000069304,10,9,2,1500,1,2,1,1.0,7.0,97016,R,,,974
201000069305,10,9,2,1730,2,2,1,1.0,7.0,97016,R,,,974
201000069306,10,9,3,1330,1,2,1,1.0,7.0,97016,R,,,974
201000069307,10,9,3,2330,3,2,1,1.0,7.0,97016,R,,,974
201000069308,10,9,5,1400,1,2,1,1.0,1.0,97016,R,,,974
201000069309,10,9,6,1940,5,2,2,1.0,3.0,97016,R,,,974
201000069310,10,9,9,1925,5,2,1,1.0,3.0,97016,R,,,974
201000069311,10,9,10,730,1,1,1,1.0,2.0,97016,R,,,974
201000069312,10,9,10,1920,5,2,1,1.0,3.0,97016,R,,,974
201000069313,10,9,11,900,1,1,1,1.0,7.0,97016,R,,,974
201000069314,10,9,11,1400,1,2,1,1.0,1.0,97016,R,,,974
201000069315,10,9,15,1625,1,1,1,1.0,2.0,97016,R,,,974
201000069316,10,9,17,1805,2,2,2,1.0,3.0,97016,R,,,974
201000069317,10,9,19,1930,3,1,1,1.0,7.0,97016,R,,,974
201000069318,10,9,21,420,3,1,1,1.0,2.0,97016,R,,,974
201000069319,10,9,21,1700,1,1,1,1.0,7.0,97016,R,,,974
201000069320,10,9,21,1710,2,1,1,1.0,6.0,97016,R,,,974
201000069321,10,9,22,1900,3,1,1,1.0,3.0,97016,R,,,974
201000069322,10,9,26,1620,1,1,9,1.0,3.0,97016,R,,,974
201000069323,10,9,28,2150,5,1,1,1.0,7.0,97016,R,,,974
201000069324,10,9,30,1400,1,1,1,1.0,5.0,97016,R,,,974
201000069325,10,10,1,1425,1,1,1,1.0,3.0,97016,R,,,974
201000069326,10,10,1,2330,3,1,1,1.0,7.0,97016,R,,,974
201000069327,10,10,3,10,3,1,9,1.0,7.0,97016,R,,,974
201000069328,10,10,3,720,1,1,1,1.0,7.0,97016,R,,,974
201000069329,10,10,3,1010,1,1,1,1.0,1.0,97016,R,,,974
201000069330,10,10,6,1211,1,2,3,1.0,7.0,97016,R,,,974
201000069331,10,10,7,1710,1,2,3,1.0,3.0,97016,R,,,974
201000069332,10,10,9,410,3,1,1,1.0,7.0,97016,R,,,974
201000069333,10,10,9,605,1,1,1,1.0,7.0,97016,R,,,974
201000069334,10,10,10,1245,1,1,1,1.0,6.0,97016,R,,,974
201000069335,10,10,11,1005,1,1,1,1.0,7.0,97016,R,,,974
201000069336,10,10,12,1700,1,2,1,1.0,3.0,97016,R,,,974
201000069337,10,10,13,745,1,1,2,1.0,3.0,97016,R,,,974
201000069338,10,10,13,1945,3,1,1,1.0,7.0,97016,R,,,974
201000069339,10,10,15,15,3,2,1,1.0,7.0,97016,R,,,974
201000069340,10,10,20,745,1,2,2,1.0,3.0,97016,R,,,974
201000069341,10,10,21,1905,3,1,1,1.0,7.0,97016,R,,,974
201000069342,10,10,22,945,1,1,1,1.0,3.0,97016,R,,,974
201000069343,10,10,24,720,1,1,1,1.0,7.0,97016,R,,,974
201000069344,10,10,25,1605,1,1,1,1.0,2.0,97016,R,,,974
201000069345,10,10,27,30,3,2,1,1.0,7.0,97016,R,,,974
201000069346,10,10,30,2100,3,1,1,1.0,4.0,97016,R,,,974
201000069347,10,11,1,1835,5,2,1,1.0,7.0,97016,R,,,974
201000069348,10,11,3,1635,1,1,1,1.0,4.0,97016,R,,,974
201000069349,10,11,4,1725,2,2,1,1.0,2.0,97016,R,,,974
201000069350,10,11,4,2135,3,1,1,1.0,7.0,97016,R,,,974
201000069351,10,11,6,500,3,2,6,1.0,7.0,97016,R,,,974
201000069352,10,11,6,515,3,1,1,1.0,7.0,97016,R,,,974
201000069353,10,11,7,1020,1,2,1,1.0,7.0,97016,R,,,974
201000069354,10,11,8,1900,5,2,1,1.0,2.0,97016,R,,,974
201000069355,10,11,10,545,2,2,1,1.0,7.0,97016,R,,,974
201000069356,10,11,10,1700,1,1,1,1.0,3.0,97016,R,,,974
201000069357,10,11,10,2010,3,1,1,1.0,2.0,97016,R,,,974
201000069358,10,11,12,1745,2,2,2,1.0,3.0,97016,R,,,974
201000069359,10,11,14,2300,3,2,1,1.0,7.0,97016,R,,,974
201000069360,10,11,15,845,1,2,1,1.0,3.0,97016,R,,,974
201000069361,10,11,15,1740,2,1,1,1.0,4.0,97016,R,,,974
201000069362,10,11,18,1650,1,2,1,1.0,7.0,97016,R,,,974
201000069363,10,11,19,1600,1,2,1,1.0,2.0,97016,R,,,974
201000069364,10,11,22,1820,3,2,2,1.0,3.0,97016,R,,,974
201000069365,10,12,1,645,1,2,2,7.0,4.0,97016,R,,,974
201000069366,10,12,1,710,1,2,2,1.0,3.0,97016,R,,,974
201000069367,10,12,3,935,1,2,1,1.0,7.0,97016,R,,,974
201000069368,10,12,3,1050,1,2,3,1.0,7.0,97016,R,,,974
201000069369,10,12,3,1500,1,1,2,1.0,7.0,97016,R,,,974
201000069370,10,12,4,2005,3,2,1,1.0,2.0,97016,R,,,974
201000069371,10,12,5,2005,5,2,1,1.0,3.0,97016,R,,,974
201000069372,10,12,5,2315,3,1,1,1.0,7.0,97016,R,,,974
201000069373,10,12,8,1800,2,1,1,1.0,3.0,97016,R,,,974
201000069374,10,12,8,1920,3,1,1,1.0,3.0,97016,R,,,974
201000069375,10,12,11,530,1,2,6,1.0,3.0,97016,R,,,974
201000069376,10,12,11,1330,1,2,1,1.0,7.0,97016,R,,,974
201000069377,10,12,15,1800,2,1,1,1.0,2.0,97016,R,,,974
201000069378,10,12,24,1340,1,1,1,1.0,7.0,97016,R,,,974
201000069379,10,12,25,402,3,1,1,1.0,6.0,97016,R,,,974
201000069380,10,12,25,225,3,1,1,1.0,3.0,97016,R,,,974
201000069381,10,12,26,855,1,2,1,1.0,7.0,97016,R,,,974
201000069382,10,12,26,1625,1,2,1,1.0,7.0,97016,R,,,974
201000069383,10,12,27,1220,1,1,1,1.0,7.0,97016,R,,,974
201000069384,10,12,29,500,3,1,1,1.0,7.0,97016,R,,,974
201000069385,10,12,30,1805,2,2,1,1.0,3.0,97016,R,,,974
201000069386,10,12,31,2025,3,2,1,1.0,3.0,97016,R,,,974